지역,연도,월,연월,순위,광역시/도,시/군/구,관광지명,검색건수,원본파일,중분류 카테고리,소분류 카테고리
가평,2023,1,2023-01,1,경기도,가평군,아침고요수목원,5517,가평 2023_01.csv,문화관광,테마공원
가평,2023,1,2023-01,2,경기도,가평군,청평역,4747,가평 2023_01.csv,기타관광,교통시설
가평,2023,1,2023-01,3,경기도,가평군,남이섬선착장,4062,가평 2023_01.csv,기타관광,교통시설
가평,2023,1,2023-01,4,경기도,가평군,가평사계절썰매장,3895,가평 2023_01.csv,레저스포츠,육상레저스포츠
가평,2023,1,2023-01,5,경기도,가평군,쁘띠프랑스,2846,가평 2023_01.csv,문화관광,복합관광시설
가평,2023,1,2023-01,6,경기도,가평군,대성리역,2786,가평 2023_01.csv,기타관광,교통시설
가평,2023,1,2023-01,7,경기도,가평군,현리시외버스터미널,2290,가평 2023_01.csv,기타관광,교통시설
가평,2023,1,2023-01,8,경기도,가평군,자라섬,1818,가평 2023_01.csv,자연관광,자연경관(하천/해양)
가평,2023,1,2023-01,9,경기도,가평군,유명산자연휴양림,1388,가평 2023_01.csv,자연관광,자연공원
가평,2023,1,2023-01,10,경기도,가평군,가평시외버스터미널,1242,가평 2023_01.csv,기타관광,교통시설
가평,2023,1,2023-01,11,경기도,가평군,어비계곡,1226,가평 2023_01.csv,자연관광,자연경관(산)
가평,2023,1,2023-01,12,경기도,가평군,청평시외버스터미널,1186,가평 2023_01.csv,기타관광,교통시설
가평,2023,1,2023-01,13,경기도,가평군,에델바이스스위스테마파크,1036,가평 2023_01.csv,문화관광,테마공원
가평,2023,1,2023-01,14,경기도,가평군,아침고요가족동물원,866,가평 2023_01.csv,문화관광,테마공원
가평,2023,1,2023-01,15,경기도,가평군,아난티코드골프클럽,838,가평 2023_01.csv,레저스포츠,육상레저스포츠
가평,2023,1,2023-01,16,경기도,가평군,K26잠수풀,807,가평 2023_01.csv,레저스포츠,수상레저스포츠
가평,2023,1,2023-01,17,경기도,가평군,청평호반드라이브코스,549,가평 2023_01.csv,기타관광,데이트코스
가평,2023,1,2023-01,18,경기도,가평군,상천역,541,가평 2023_01.csv,기타관광,교통시설
가평,2023,1,2023-01,19,경기도,가평군,한국초콜릿연구소뮤지엄,508,가평 2023_01.csv,문화관광,전시시설
가평,2023,1,2023-01,20,경기도,가평군,경기도잣향기푸른숲,488,가평 2023_01.csv,자연관광,자연공원
가평,2023,1,2023-01,21,경기도,가평군,청심평화월드센터,437,가평 2023_01.csv,문화관광,공연시설
가평,2023,1,2023-01,22,경기도,가평군,가평별빛공원,435,가평 2023_01.csv,문화관광,도시공원
가평,2023,1,2023-01,23,경기도,가평군,피노키오와다빈치,393,가평 2023_01.csv,문화관광,복합관광시설
가평,2023,1,2023-01,24,경기도,가평군,설악시외버스터미널,332,가평 2023_01.csv,기타관광,교통시설
가평,2023,1,2023-01,25,경기도,가평군,강씨봉자연휴양림,328,가평 2023_01.csv,자연관광,자연공원
가평,2023,1,2023-01,26,경기도,가평군,산장관광지,326,가평 2023_01.csv,문화관광,복합관광시설
가평,2023,1,2023-01,27,경기도,가평군,청평자연휴양림,319,가평 2023_01.csv,자연관광,자연공원
가평,2023,1,2023-01,27,경기도,가평군,음악역1939,319,가평 2023_01.csv,문화관광,기타문화관광지
가평,2023,1,2023-01,29,경기도,가평군,청심국제청소년수련원,317,가평 2023_01.csv,레저스포츠,육상레저스포츠
가평,2023,1,2023-01,30,경기도,가평군,프리스틴밸리GC,311,가평 2023_01.csv,레저스포츠,육상레저스포츠
가평,2023,1,2023-01,31,경기도,가평군,가평베네스트GC,306,가평 2023_01.csv,레저스포츠,육상레저스포츠
가평,2023,1,2023-01,32,경기도,가평군,가평군어린이음악놀이터,291,가평 2023_01.csv,문화관광,테마공원
가평,2023,1,2023-01,33,경기도,가평군,청평호,284,가평 2023_01.csv,자연관광,자연경관(하천/해양)
가평,2023,1,2023-01,34,경기도,가평군,썬힐GC,272,가평 2023_01.csv,레저스포츠,육상레저스포츠
가평,2023,1,2023-01,35,경기도,가평군,현등사,248,가평 2023_01.csv,역사관광,종교성지
가평,2023,1,2023-01,36,경기도,가평군,베뉴지CC,243,가평 2023_01.csv,레저스포츠,육상레저스포츠
가평,2023,1,2023-01,37,경기도,가평군,백련사,242,가평 2023_01.csv,역사관광,종교성지
가평,2023,1,2023-01,38,경기도,가평군,잣고을전통시장,240,가평 2023_01.csv,쇼핑,시장
가평,2023,1,2023-01,39,경기도,가평군,강촌레일파크가평역,234,가평 2023_01.csv,레저스포츠,기타레저스포츠
가평,2023,1,2023-01,40,경기도,가평군,캠프통포레스트,232,가평 2023_01.csv,레저스포츠,수상레저스포츠
가평,2023,1,2023-01,41,경기도,가평군,칼봉산자연휴양림,222,가평 2023_01.csv,자연관광,자연공원
가평,2023,1,2023-01,42,경기도,가평군,산림생태문화체험단지,213,가평 2023_01.csv,기타관광,기타관광
가평,2023,1,2023-01,43,경기도,가평군,천정궁박물관,192,가평 2023_01.csv,문화관광,전시시설
가평,2023,1,2023-01,44,경기도,가평군,호명호수,180,가평 2023_01.csv,자연관광,자연경관(하천/해양)
가평,2023,1,2023-01,45,경기도,가평군,크리스탈밸리CC,161,가평 2023_01.csv,레저스포츠,육상레저스포츠
가평,2023,1,2023-01,46,경기도,가평군,캠프통아일랜드,156,가평 2023_01.csv,레저스포츠,수상레저스포츠
가평,2023,1,2023-01,47,경기도,가평군,W홀스랜드,136,가평 2023_01.csv,레저스포츠,육상레저스포츠
가평,2023,1,2023-01,48,경기도,가평군,대성리국민관광지,129,가평 2023_01.csv,문화관광,복합관광시설
가평,2023,1,2023-01,49,경기도,가평군,마이다스밸리청평 골프클럽,124,가평 2023_01.csv,레저스포츠,육상레저스포츠
가평,2023,1,2023-01,50,경기도,가평군,트니트니어드벤처,120,가평 2023_01.csv,문화관광,테마공원
가평,2023,1,2023-01,50,경기도,가평군,가일미술관,120,가평 2023_01.csv,문화관광,전시시설
가평,2023,1,2023-01,52,경기도,가평군,이화원,105,가평 2023_01.csv,문화관광,도시공원
가평,2023,1,2023-01,53,경기도,가평군,꿈의동산,100,가평 2023_01.csv,문화관광,복합관광시설
가평,2023,1,2023-01,54,경기도,가평군,목동버스터미널,91,가평 2023_01.csv,기타관광,교통시설
가평,2023,1,2023-01,55,경기도,가평군,가평TOP랜드,87,가평 2023_01.csv,레저스포츠,수상레저스포츠
가평,2023,1,2023-01,56,경기도,가평군,호명호수공원,86,가평 2023_01.csv,문화관광,도시공원
가평,2023,1,2023-01,56,경기도,가평군,청평5일시장,86,가평 2023_01.csv,쇼핑,시장
가평,2023,1,2023-01,58,경기도,가평군,이정웅스페이스,82,가평 2023_01.csv,문화관광,전시시설
가평,2023,1,2023-01,59,경기도,가평군,운악산성불사,78,가평 2023_01.csv,역사관광,종교성지
가평,2023,1,2023-01,60,경기도,가평군,청평유원지,76,가평 2023_01.csv,문화관광,복합관광시설
가평,2023,1,2023-01,61,경기도,가평군,용추계곡,71,가평 2023_01.csv,자연관광,자연경관(산)
가평,2023,1,2023-01,62,경기도,가평군,대원사,69,가평 2023_01.csv,역사관광,종교성지
가평,2023,1,2023-01,63,경기도,가평군,녹수계곡,68,가평 2023_01.csv,자연관광,자연경관(산)
가평,2023,1,2023-01,64,경기도,가평군,가평뮤직빌리지1939시네마,65,가평 2023_01.csv,문화관광,공연시설
가평,2023,1,2023-01,65,경기도,가평군,유명산,59,가평 2023_01.csv,자연관광,자연경관(산)
가평,2023,1,2023-01,66,경기도,가평군,가평수목원,57,가평 2023_01.csv,자연관광,자연공원
가평,2023,1,2023-01,67,경기도,가평군,리버랜드번지점프장,49,가평 2023_01.csv,레저스포츠,육상레저스포츠
가평,2023,1,2023-01,68,경기도,가평군,조종시네마,46,가평 2023_01.csv,문화관광,공연시설
가평,2023,1,2023-01,68,경기도,가평군,가평레져카트장,46,가평 2023_01.csv,레저스포츠,기타레저스포츠
가평,2023,1,2023-01,68,경기도,가평군,호명산드라이브코스,46,가평 2023_01.csv,기타관광,데이트코스
가평,2023,1,2023-01,71,경기도,가평군,리앤리CC,42,가평 2023_01.csv,레저스포츠,육상레저스포츠
가평,2023,1,2023-01,72,경기도,가평군,가평정기5일시장,39,가평 2023_01.csv,쇼핑,시장
가평,2023,1,2023-01,73,경기도,가평군,엘혜윰의정원,37,가평 2023_01.csv,레저스포츠,육상레저스포츠
가평,2023,1,2023-01,73,경기도,가평군,포세이돈,37,가평 2023_01.csv,레저스포츠,수상레저스포츠
가평,2023,1,2023-01,75,경기도,가평군,달마공원관음사,36,가평 2023_01.csv,역사관광,종교성지
가평,2023,1,2023-01,75,경기도,가평군,스카이라인짚와이어,36,가평 2023_01.csv,문화관광,복합관광시설
가평,2023,1,2023-01,77,경기도,가평군,상락향수도원,35,가평 2023_01.csv,역사관광,종교성지
가평,2023,1,2023-01,78,경기도,가평군,두밀리낚시터,34,가평 2023_01.csv,레저스포츠,수상레저스포츠
가평,2023,1,2023-01,79,경기도,가평군,인터렉티브아트뮤지엄,30,가평 2023_01.csv,문화관광,전시시설
가평,2023,1,2023-01,80,경기도,가평군,청평호수길,27,가평 2023_01.csv,기타관광,기타관광
가평,2023,1,2023-01,80,경기도,가평군,현리유원지,27,가평 2023_01.csv,문화관광,복합관광시설
가평,2023,1,2023-01,80,경기도,가평군,브릿지짚라인,27,가평 2023_01.csv,레저스포츠,기타레저스포츠
가평,2023,1,2023-01,83,경기도,가평군,일지안호범미술관,26,가평 2023_01.csv,문화관광,전시시설
가평,2023,1,2023-01,83,경기도,가평군,보광사,26,가평 2023_01.csv,역사관광,종교성지
가평,2023,1,2023-01,85,경기도,가평군,취옹예술관,24,가평 2023_01.csv,문화관광,전시시설
가평,2023,1,2023-01,86,경기도,가평군,중미산,23,가평 2023_01.csv,자연관광,자연경관(산)
가평,2023,1,2023-01,87,경기도,가평군,삼회리벚꽃길,22,가평 2023_01.csv,기타관광,데이트코스
가평,2023,1,2023-01,87,경기도,가평군,화악산,22,가평 2023_01.csv,자연관광,자연경관(산)
가평,2023,1,2023-01,89,경기도,가평군,연인산,21,가평 2023_01.csv,자연관광,자연경관(산)
가평,2023,1,2023-01,90,경기도,가평군,자연과별천문대,19,가평 2023_01.csv,기타관광,기타관광
가평,2023,1,2023-01,90,경기도,가평군,설악5일장,19,가평 2023_01.csv,쇼핑,시장
가평,2023,1,2023-01,92,경기도,가평군,설악낚시터,17,가평 2023_01.csv,레저스포츠,수상레저스포츠
가평,2023,1,2023-01,92,경기도,가평군,용소폭포,17,가평 2023_01.csv,자연관광,자연경관(산)
가평,2023,1,2023-01,94,경기도,가평군,청평암,16,가평 2023_01.csv,역사관광,종교성지
가평,2023,1,2023-01,95,경기도,가평군,극락정사,15,가평 2023_01.csv,역사관광,종교성지
가평,2023,1,2023-01,95,경기도,가평군,수영인의마을,15,가평 2023_01.csv,레저스포츠,수상레저스포츠
가평,2023,1,2023-01,95,경기도,가평군,청평워터피아,15,가평 2023_01.csv,레저스포츠,수상레저스포츠
가평,2023,1,2023-01,98,경기도,가평군,관음사,14,가평 2023_01.csv,역사관광,종교성지
가평,2023,1,2023-01,99,경기도,가평군,산유낚시터,13,가평 2023_01.csv,레저스포츠,수상레저스포츠
가평,2023,1,2023-01,100,경기도,가평군,운악산용수사,12,가평 2023_01.csv,역사관광,종교성지
가평,2023,1,2023-01,100,경기도,가평군,웨이크베이리조트,12,가평 2023_01.csv,레저스포츠,기타레저스포츠
가평,2023,1,2023-01,100,경기도,가평군,가평낚시터,12,가평 2023_01.csv,레저스포츠,수상레저스포츠
가평,2023,1,2023-01,100,경기도,가평군,가평군 상면 조가터마을,12,가평 2023_01.csv,문화관광,도시/지역문화관광
가평,2023,1,2023-01,104,경기도,가평군,북배산흑염소농장,11,가평 2023_01.csv,체험관광,농/산/어촌체험
가평,2023,1,2023-01,104,경기도,가평군,보납산전망대,11,가평 2023_01.csv,문화관광,랜드마크관광
가평,2023,1,2023-01,106,경기도,가평군,가평현암농경박물관,10,가평 2023_01.csv,문화관광,전시시설
가평,2023,1,2023-01,106,경기도,가평군,구원사,10,가평 2023_01.csv,역사관광,종교성지
가평,2023,1,2023-01,106,경기도,가평군,상면생활체육공원,10,가평 2023_01.csv,문화관광,도시공원
가평,2023,1,2023-01,109,경기도,가평군,HJ매그놀리아멋집,9,가평 2023_01.csv,문화관광,기타문화관광지
가평,2023,1,2023-01,109,경기도,가평군,무아레풀무아레,9,가평 2023_01.csv,문화관광,테마공원
가평,2023,1,2023-01,109,경기도,가평군,영안청소년수련원,9,가평 2023_01.csv,레저스포츠,육상레저스포츠
가평,2023,1,2023-01,109,경기도,가평군,남송미술관,9,가평 2023_01.csv,문화관광,전시시설
가평,2023,1,2023-01,109,경기도,가평군,노랑다리미술관,9,가평 2023_01.csv,문화관광,전시시설
가평,2023,1,2023-01,109,경기도,가평군,가평문화창작공간얼쑤공장,9,가평 2023_01.csv,문화관광,기타문화관광지
가평,2023,1,2023-01,115,경기도,가평군,더스테이힐링파크링스파3골프장,8,가평 2023_01.csv,레저스포츠,육상레저스포츠
가평,2023,1,2023-01,115,경기도,가평군,버드나무유원지,8,가평 2023_01.csv,문화관광,복합관광시설
가평,2023,1,2023-01,117,경기도,가평군,가마소유원지,7,가평 2023_01.csv,문화관광,복합관광시설
가평,2023,1,2023-01,117,경기도,가평군,유명산휴양림관리소,7,가평 2023_01.csv,자연관광,자연공원
가평,2023,1,2023-01,117,경기도,가평군,명지산생태전시관,7,가평 2023_01.csv,문화관광,전시시설
가평,2023,1,2023-01,117,경기도,가평군,청룡사,7,가평 2023_01.csv,역사관광,종교성지
가평,2023,1,2023-01,117,경기도,가평군,백팔유원지,7,가평 2023_01.csv,문화관광,복합관광시설
가평,2023,1,2023-01,117,경기도,가평군,가평축령산잣나무숲,7,가평 2023_01.csv,자연관광,자연공원
가평,2023,1,2023-01,117,경기도,가평군,가평역레져,7,가평 2023_01.csv,레저스포츠,기타레저스포츠
가평,2023,1,2023-01,117,경기도,가평군,대금사,7,가평 2023_01.csv,역사관광,종교성지
가평,2023,1,2023-01,125,경기도,가평군,물의나라유원지,6,가평 2023_01.csv,문화관광,복합관광시설
가평,2023,1,2023-01,125,경기도,가평군,선어치,6,가평 2023_01.csv,자연관광,자연경관(산)
가평,2023,1,2023-01,125,경기도,가평군,가평에덴벚꽃길,6,가평 2023_01.csv,기타관광,기타관광
가평,2023,1,2023-01,125,경기도,가평군,호명산,6,가평 2023_01.csv,자연관광,자연경관(산)
가평,2023,1,2023-01,125,경기도,가평군,클럽에덴수상레져타운,6,가평 2023_01.csv,레저스포츠,수상레저스포츠
가평,2023,1,2023-01,130,경기도,가평군,덕혜암,5,가평 2023_01.csv,역사관광,종교성지
가평,2023,1,2023-01,130,경기도,가평군,대성사,5,가평 2023_01.csv,역사관광,종교성지
가평,2023,1,2023-01,132,경기도,가평군,가평철길공원,4,가평 2023_01.csv,문화관광,도시공원
가평,2023,1,2023-01,132,경기도,가평군,가평현리5일장,4,가평 2023_01.csv,쇼핑,시장
가평,2023,1,2023-01,132,경기도,가평군,클럽모아나,4,가평 2023_01.csv,레저스포츠,수상레저스포츠
가평,2023,1,2023-01,132,경기도,가평군,청평유원지,4,가평 2023_01.csv,문화관광,복합관광시설
가평,2023,1,2023-01,132,경기도,가평군,자라섬생태공원,4,가평 2023_01.csv,문화관광,도시공원
가평,2023,1,2023-01,132,경기도,가평군,북한강유원지,4,가평 2023_01.csv,문화관광,복합관광시설
가평,2023,1,2023-01,132,경기도,가평군,향원사,4,가평 2023_01.csv,역사관광,종교성지
가평,2023,1,2023-01,132,경기도,가평군,서호유원지,4,가평 2023_01.csv,문화관광,복합관광시설
가평,2023,1,2023-01,132,경기도,가평군,설악생활체육공원,4,가평 2023_01.csv,문화관광,도시공원
가평,2023,1,2023-01,132,경기도,가평군,주금산,4,가평 2023_01.csv,자연관광,자연경관(산)
가평,2023,1,2023-01,132,경기도,가평군,홍적고개,4,가평 2023_01.csv,자연관광,자연경관(산)
가평,2023,1,2023-01,132,경기도,가평군,성관사,4,가평 2023_01.csv,역사관광,종교성지
가평,2023,1,2023-01,132,경기도,가평군,연인산도립공원탐방안내소,4,가평 2023_01.csv,기타관광,기타관광
가평,2023,1,2023-01,132,경기도,가평군,아트스페이스2층,4,가평 2023_01.csv,문화관광,전시시설
가평,2023,1,2023-01,146,경기도,가평군,도장골낚시터,3,가평 2023_01.csv,레저스포츠,수상레저스포츠
가평,2023,1,2023-01,146,경기도,가평군,색현터널,3,가평 2023_01.csv,기타관광,기타관광
가평,2023,1,2023-01,146,경기도,가평군,청평생활체육공원,3,가평 2023_01.csv,문화관광,도시공원
가평,2023,1,2023-01,146,경기도,가평군,프리다이브그랑블루가평센터,3,가평 2023_01.csv,레저스포츠,수상레저스포츠
가평,2023,1,2023-01,146,경기도,가평군,현리계곡,3,가평 2023_01.csv,자연관광,자연경관(산)
가평,2023,1,2023-01,146,경기도,가평군,1호농원,3,가평 2023_01.csv,체험관광,농/산/어촌체험
가평,2023,1,2023-01,146,경기도,가평군,호주전투기념비,3,가평 2023_01.csv,역사관광,역사유물
가평,2023,1,2023-01,146,경기도,가평군,현충탑,3,가평 2023_01.csv,역사관광,역사유물
가평,2023,1,2023-01,146,경기도,가평군,조종생활체육공원,3,가평 2023_01.csv,문화관광,도시공원
가평,2023,1,2023-01,146,경기도,가평군,가평약수터,3,가평 2023_01.csv,자연관광,자연경관(산)
가평,2023,1,2023-01,146,경기도,가평군,귀목계곡,3,가평 2023_01.csv,자연관광,자연경관(산)
가평,2023,1,2023-01,146,경기도,가평군,마린랜드,3,가평 2023_01.csv,레저스포츠,수상레저스포츠
가평,2023,1,2023-01,146,경기도,가평군,청정낚시터,3,가평 2023_01.csv,레저스포츠,수상레저스포츠
가평,2023,1,2023-01,146,경기도,가평군,축령사,3,가평 2023_01.csv,역사관광,종교성지
가평,2023,1,2023-01,146,경기도,가평군,대성낚시터,3,가평 2023_01.csv,레저스포츠,수상레저스포츠
가평,2023,1,2023-01,146,경기도,가평군,화명사,3,가평 2023_01.csv,역사관광,종교성지
가평,2023,1,2023-01,146,경기도,가평군,불기고개,3,가평 2023_01.csv,자연관광,자연경관(산)
가평,2023,1,2023-01,146,경기도,가평군,마콤갤러리,3,가평 2023_01.csv,문화관광,전시시설
가평,2023,1,2023-01,146,경기도,가평군,르푸앙수상레져,3,가평 2023_01.csv,레저스포츠,수상레저스포츠
가평,2023,1,2023-01,146,경기도,가평군,가평파크골프장,3,가평 2023_01.csv,레저스포츠,육상레저스포츠
가평,2023,1,2023-01,146,경기도,가평군,청평생태공원,3,가평 2023_01.csv,문화관광,도시공원
가평,2023,1,2023-01,146,경기도,가평군,맨하탄수상레져,3,가평 2023_01.csv,레저스포츠,수상레저스포츠
가평,2023,2,2023-02,1,경기도,가평군,아침고요수목원,6324,가평 2023_02.csv,문화관광,테마공원
가평,2023,2,2023-02,2,경기도,가평군,남이섬선착장,5528,가평 2023_02.csv,기타관광,교통시설
가평,2023,2,2023-02,3,경기도,가평군,청평역,4542,가평 2023_02.csv,기타관광,교통시설
가평,2023,2,2023-02,4,경기도,가평군,쁘띠프랑스,4452,가평 2023_02.csv,문화관광,복합관광시설
가평,2023,2,2023-02,5,경기도,가평군,대성리역,2830,가평 2023_02.csv,기타관광,교통시설
가평,2023,2,2023-02,6,경기도,가평군,가평사계절썰매장,2695,가평 2023_02.csv,레저스포츠,육상레저스포츠
가평,2023,2,2023-02,7,경기도,가평군,가평베네스트GC,2284,가평 2023_02.csv,레저스포츠,육상레저스포츠
가평,2023,2,2023-02,8,경기도,가평군,프리스틴밸리GC,1961,가평 2023_02.csv,레저스포츠,육상레저스포츠
가평,2023,2,2023-02,9,경기도,가평군,아침고요가족동물원,1845,가평 2023_02.csv,문화관광,테마공원
가평,2023,2,2023-02,10,경기도,가평군,현리시외버스터미널,1825,가평 2023_02.csv,기타관광,교통시설
가평,2023,2,2023-02,11,경기도,가평군,아난티코드골프클럽,1796,가평 2023_02.csv,레저스포츠,육상레저스포츠
가평,2023,2,2023-02,12,경기도,가평군,자라섬,1772,가평 2023_02.csv,자연관광,자연경관(하천/해양)
가평,2023,2,2023-02,13,경기도,가평군,유명산자연휴양림,1685,가평 2023_02.csv,자연관광,자연공원
가평,2023,2,2023-02,14,경기도,가평군,썬힐GC,1606,가평 2023_02.csv,레저스포츠,육상레저스포츠
가평,2023,2,2023-02,15,경기도,가평군,에델바이스스위스테마파크,1550,가평 2023_02.csv,문화관광,테마공원
가평,2023,2,2023-02,16,경기도,가평군,가평시외버스터미널,1183,가평 2023_02.csv,기타관광,교통시설
가평,2023,2,2023-02,17,경기도,가평군,청평시외버스터미널,1037,가평 2023_02.csv,기타관광,교통시설
가평,2023,2,2023-02,18,경기도,가평군,마이다스밸리청평 골프클럽,916,가평 2023_02.csv,레저스포츠,육상레저스포츠
가평,2023,2,2023-02,19,경기도,가평군,경기도잣향기푸른숲,862,가평 2023_02.csv,자연관광,자연공원
가평,2023,2,2023-02,20,경기도,가평군,리앤리CC,841,가평 2023_02.csv,레저스포츠,육상레저스포츠
가평,2023,2,2023-02,21,경기도,가평군,베뉴지CC,836,가평 2023_02.csv,레저스포츠,육상레저스포츠
가평,2023,2,2023-02,22,경기도,가평군,K26잠수풀,773,가평 2023_02.csv,레저스포츠,수상레저스포츠
가평,2023,2,2023-02,23,경기도,가평군,크리스탈밸리CC,763,가평 2023_02.csv,레저스포츠,육상레저스포츠
가평,2023,2,2023-02,24,경기도,가평군,어비계곡,754,가평 2023_02.csv,자연관광,자연경관(산)
가평,2023,2,2023-02,25,경기도,가평군,한국초콜릿연구소뮤지엄,732,가평 2023_02.csv,문화관광,전시시설
가평,2023,2,2023-02,26,경기도,가평군,강촌레일파크가평역,684,가평 2023_02.csv,레저스포츠,기타레저스포츠
가평,2023,2,2023-02,27,경기도,가평군,피노키오와다빈치,661,가평 2023_02.csv,문화관광,복합관광시설
가평,2023,2,2023-02,28,경기도,가평군,청평호반드라이브코스,652,가평 2023_02.csv,기타관광,데이트코스
가평,2023,2,2023-02,29,경기도,가평군,상천역,548,가평 2023_02.csv,기타관광,교통시설
가평,2023,2,2023-02,30,경기도,가평군,청심국제청소년수련원,455,가평 2023_02.csv,레저스포츠,육상레저스포츠
가평,2023,2,2023-02,31,경기도,가평군,음악역1939,452,가평 2023_02.csv,문화관광,기타문화관광지
가평,2023,2,2023-02,32,경기도,가평군,청평자연휴양림,429,가평 2023_02.csv,자연관광,자연공원
가평,2023,2,2023-02,32,경기도,가평군,잣고을전통시장,429,가평 2023_02.csv,쇼핑,시장
가평,2023,2,2023-02,34,경기도,가평군,산장관광지,422,가평 2023_02.csv,문화관광,복합관광시설
가평,2023,2,2023-02,34,경기도,가평군,가평별빛공원,422,가평 2023_02.csv,문화관광,도시공원
가평,2023,2,2023-02,36,경기도,가평군,청평호,400,가평 2023_02.csv,자연관광,자연경관(하천/해양)
가평,2023,2,2023-02,37,경기도,가평군,가평군어린이음악놀이터,382,가평 2023_02.csv,문화관광,테마공원
가평,2023,2,2023-02,38,경기도,가평군,꿈의동산,369,가평 2023_02.csv,문화관광,복합관광시설
가평,2023,2,2023-02,39,경기도,가평군,청심평화월드센터,354,가평 2023_02.csv,문화관광,공연시설
가평,2023,2,2023-02,40,경기도,가평군,설악시외버스터미널,353,가평 2023_02.csv,기타관광,교통시설
가평,2023,2,2023-02,41,경기도,가평군,현등사,323,가평 2023_02.csv,역사관광,종교성지
가평,2023,2,2023-02,42,경기도,가평군,강씨봉자연휴양림,320,가평 2023_02.csv,자연관광,자연공원
가평,2023,2,2023-02,43,경기도,가평군,호명호수,318,가평 2023_02.csv,자연관광,자연경관(하천/해양)
가평,2023,2,2023-02,44,경기도,가평군,이화원,266,가평 2023_02.csv,문화관광,도시공원
가평,2023,2,2023-02,45,경기도,가평군,칼봉산자연휴양림,263,가평 2023_02.csv,자연관광,자연공원
가평,2023,2,2023-02,46,경기도,가평군,캠프통포레스트,236,가평 2023_02.csv,레저스포츠,수상레저스포츠
가평,2023,2,2023-02,47,경기도,가평군,천정궁박물관,203,가평 2023_02.csv,문화관광,전시시설
가평,2023,2,2023-02,47,경기도,가평군,대성리국민관광지,203,가평 2023_02.csv,문화관광,복합관광시설
가평,2023,2,2023-02,49,경기도,가평군,W홀스랜드,200,가평 2023_02.csv,레저스포츠,육상레저스포츠
가평,2023,2,2023-02,50,경기도,가평군,백련사,196,가평 2023_02.csv,역사관광,종교성지
가평,2023,2,2023-02,51,경기도,가평군,가일미술관,164,가평 2023_02.csv,문화관광,전시시설
가평,2023,2,2023-02,52,경기도,가평군,캠프통아일랜드,141,가평 2023_02.csv,레저스포츠,수상레저스포츠
가평,2023,2,2023-02,53,경기도,가평군,가평TOP랜드,137,가평 2023_02.csv,레저스포츠,수상레저스포츠
가평,2023,2,2023-02,54,경기도,가평군,호명호수공원,132,가평 2023_02.csv,문화관광,도시공원
가평,2023,2,2023-02,55,경기도,가평군,달마공원관음사,128,가평 2023_02.csv,역사관광,종교성지
가평,2023,2,2023-02,56,경기도,가평군,엘혜윰의정원,126,가평 2023_02.csv,레저스포츠,육상레저스포츠
가평,2023,2,2023-02,57,경기도,가평군,가평레져카트장,120,가평 2023_02.csv,레저스포츠,기타레저스포츠
가평,2023,2,2023-02,58,경기도,가평군,청평5일시장,118,가평 2023_02.csv,쇼핑,시장
가평,2023,2,2023-02,59,경기도,가평군,트니트니어드벤처,102,가평 2023_02.csv,문화관광,테마공원
가평,2023,2,2023-02,60,경기도,가평군,브릿지짚라인,96,가평 2023_02.csv,레저스포츠,기타레저스포츠
가평,2023,2,2023-02,61,경기도,가평군,녹수계곡,93,가평 2023_02.csv,자연관광,자연경관(산)
가평,2023,2,2023-02,62,경기도,가평군,스카이라인짚와이어,92,가평 2023_02.csv,문화관광,복합관광시설
가평,2023,2,2023-02,63,경기도,가평군,이정웅스페이스,88,가평 2023_02.csv,문화관광,전시시설
가평,2023,2,2023-02,64,경기도,가평군,가평정기5일시장,83,가평 2023_02.csv,쇼핑,시장
가평,2023,2,2023-02,65,경기도,가평군,용추계곡,82,가평 2023_02.csv,자연관광,자연경관(산)
가평,2023,2,2023-02,66,경기도,가평군,산림생태문화체험단지,78,가평 2023_02.csv,기타관광,기타관광
가평,2023,2,2023-02,67,경기도,가평군,목동버스터미널,77,가평 2023_02.csv,기타관광,교통시설
가평,2023,2,2023-02,67,경기도,가평군,유명산,77,가평 2023_02.csv,자연관광,자연경관(산)
가평,2023,2,2023-02,69,경기도,가평군,자연과별천문대,74,가평 2023_02.csv,기타관광,기타관광
가평,2023,2,2023-02,70,경기도,가평군,운악산성불사,70,가평 2023_02.csv,역사관광,종교성지
가평,2023,2,2023-02,71,경기도,가평군,대원사,64,가평 2023_02.csv,역사관광,종교성지
가평,2023,2,2023-02,72,경기도,가평군,리버랜드번지점프장,62,가평 2023_02.csv,레저스포츠,육상레저스포츠
가평,2023,2,2023-02,73,경기도,가평군,조종시네마,59,가평 2023_02.csv,문화관광,공연시설
가평,2023,2,2023-02,73,경기도,가평군,호명산드라이브코스,59,가평 2023_02.csv,기타관광,데이트코스
가평,2023,2,2023-02,75,경기도,가평군,청평호수길,57,가평 2023_02.csv,기타관광,기타관광
가평,2023,2,2023-02,76,경기도,가평군,더스테이힐링파크링스파3골프장,56,가평 2023_02.csv,레저스포츠,육상레저스포츠
가평,2023,2,2023-02,77,경기도,가평군,청평유원지,53,가평 2023_02.csv,문화관광,복합관광시설
가평,2023,2,2023-02,78,경기도,가평군,가평수목원,51,가평 2023_02.csv,자연관광,자연공원
가평,2023,2,2023-02,79,경기도,가평군,자라섬생태공원,48,가평 2023_02.csv,문화관광,도시공원
가평,2023,2,2023-02,80,경기도,가평군,설악낚시터,43,가평 2023_02.csv,레저스포츠,수상레저스포츠
가평,2023,2,2023-02,80,경기도,가평군,취옹예술관,43,가평 2023_02.csv,문화관광,전시시설
가평,2023,2,2023-02,82,경기도,가평군,연인산,41,가평 2023_02.csv,자연관광,자연경관(산)
가평,2023,2,2023-02,83,경기도,가평군,포세이돈,39,가평 2023_02.csv,레저스포츠,수상레저스포츠
가평,2023,2,2023-02,84,경기도,가평군,청평암,38,가평 2023_02.csv,역사관광,종교성지
가평,2023,2,2023-02,84,경기도,가평군,중미산,38,가평 2023_02.csv,자연관광,자연경관(산)
가평,2023,2,2023-02,84,경기도,가평군,인터렉티브아트뮤지엄,38,가평 2023_02.csv,문화관광,전시시설
가평,2023,2,2023-02,87,경기도,가평군,설악5일장,37,가평 2023_02.csv,쇼핑,시장
가평,2023,2,2023-02,88,경기도,가평군,남도꽃정원,36,가평 2023_02.csv,문화관광,도시공원
가평,2023,2,2023-02,88,경기도,가평군,가평축령산잣나무숲,36,가평 2023_02.csv,자연관광,자연공원
가평,2023,2,2023-02,90,경기도,가평군,노랑다리미술관,30,가평 2023_02.csv,문화관광,전시시설
가평,2023,2,2023-02,91,경기도,가평군,HJ매그놀리아멋집,29,가평 2023_02.csv,문화관광,기타문화관광지
가평,2023,2,2023-02,92,경기도,가평군,삼회리벚꽃길,27,가평 2023_02.csv,기타관광,데이트코스
가평,2023,2,2023-02,93,경기도,가평군,극락정사,26,가평 2023_02.csv,역사관광,종교성지
가평,2023,2,2023-02,93,경기도,가평군,가평역레져,26,가평 2023_02.csv,레저스포츠,기타레저스포츠
가평,2023,2,2023-02,95,경기도,가평군,향원사,24,가평 2023_02.csv,역사관광,종교성지
가평,2023,2,2023-02,95,경기도,가평군,화악산,24,가평 2023_02.csv,자연관광,자연경관(산)
가평,2023,2,2023-02,97,경기도,가평군,관음사,23,가평 2023_02.csv,역사관광,종교성지
가평,2023,2,2023-02,98,경기도,가평군,남송미술관,21,가평 2023_02.csv,문화관광,전시시설
가평,2023,2,2023-02,99,경기도,가평군,용소폭포,20,가평 2023_02.csv,자연관광,자연경관(산)
가평,2023,2,2023-02,100,경기도,가평군,청평워터피아,19,가평 2023_02.csv,레저스포츠,수상레저스포츠
가평,2023,2,2023-02,101,경기도,가평군,명지산생태전시관,18,가평 2023_02.csv,문화관광,전시시설
가평,2023,2,2023-02,101,경기도,가평군,북배산흑염소농장,18,가평 2023_02.csv,체험관광,농/산/어촌체험
가평,2023,2,2023-02,101,경기도,가평군,가평낚시터,18,가평 2023_02.csv,레저스포츠,수상레저스포츠
가평,2023,2,2023-02,104,경기도,가평군,일지안호범미술관,17,가평 2023_02.csv,문화관광,전시시설
가평,2023,2,2023-02,104,경기도,가평군,바우유원지,17,가평 2023_02.csv,문화관광,복합관광시설
가평,2023,2,2023-02,106,경기도,가평군,청평첫집,16,가평 2023_02.csv,레저스포츠,수상레저스포츠
가평,2023,2,2023-02,106,경기도,가평군,불기고개,16,가평 2023_02.csv,자연관광,자연경관(산)
가평,2023,2,2023-02,106,경기도,가평군,가평문화창작공간얼쑤공장,16,가평 2023_02.csv,문화관광,기타문화관광지
가평,2023,2,2023-02,109,경기도,가평군,청룡사,15,가평 2023_02.csv,역사관광,종교성지
가평,2023,2,2023-02,109,경기도,가평군,물의나라유원지,15,가평 2023_02.csv,문화관광,복합관광시설
가평,2023,2,2023-02,109,경기도,가평군,현리유원지,15,가평 2023_02.csv,문화관광,복합관광시설
가평,2023,2,2023-02,109,경기도,가평군,가평파크골프장,15,가평 2023_02.csv,레저스포츠,육상레저스포츠
가평,2023,2,2023-02,113,경기도,가평군,색현터널,14,가평 2023_02.csv,기타관광,기타관광
가평,2023,2,2023-02,113,경기도,가평군,가평현리5일장,14,가평 2023_02.csv,쇼핑,시장
가평,2023,2,2023-02,113,경기도,가평군,설악생활체육공원,14,가평 2023_02.csv,문화관광,도시공원
가평,2023,2,2023-02,113,경기도,가평군,조종생활체육공원축구장,14,가평 2023_02.csv,문화관광,레저스포츠시설
가평,2023,2,2023-02,117,경기도,가평군,청평생활체육공원,13,가평 2023_02.csv,문화관광,도시공원
가평,2023,2,2023-02,117,경기도,가평군,운악산용수사,13,가평 2023_02.csv,역사관광,종교성지
가평,2023,2,2023-02,119,경기도,가평군,웨이크베이리조트,12,가평 2023_02.csv,레저스포츠,기타레저스포츠
가평,2023,2,2023-02,119,경기도,가평군,청평페리유람선,12,가평 2023_02.csv,기타관광,교통시설
가평,2023,2,2023-02,119,경기도,가평군,선어치,12,가평 2023_02.csv,자연관광,자연경관(산)
가평,2023,2,2023-02,122,경기도,가평군,청평유원지,11,가평 2023_02.csv,문화관광,복합관광시설
가평,2023,2,2023-02,122,경기도,가평군,호명산,11,가평 2023_02.csv,자연관광,자연경관(산)
가평,2023,2,2023-02,124,경기도,가평군,호국연호사,10,가평 2023_02.csv,역사관광,종교성지
가평,2023,2,2023-02,125,경기도,가평군,도장골낚시터,9,가평 2023_02.csv,레저스포츠,수상레저스포츠
가평,2023,2,2023-02,125,경기도,가평군,도대리용소폭포,9,가평 2023_02.csv,자연관광,자연경관(산)
가평,2023,2,2023-02,125,경기도,가평군,가평약수터,9,가평 2023_02.csv,자연관광,자연경관(산)
가평,2023,2,2023-02,125,경기도,가평군,상락향수도원,9,가평 2023_02.csv,역사관광,종교성지
가평,2023,2,2023-02,129,경기도,가평군,가평뮤직빌리지1939시네마,8,가평 2023_02.csv,문화관광,공연시설
가평,2023,2,2023-02,130,경기도,가평군,상천루,7,가평 2023_02.csv,문화관광,도시공원
가평,2023,2,2023-02,130,경기도,가평군,가평현암농경박물관,7,가평 2023_02.csv,문화관광,전시시설
가평,2023,2,2023-02,130,경기도,가평군,록산갤러리,7,가평 2023_02.csv,문화관광,전시시설
가평,2023,2,2023-02,130,경기도,가평군,구원사,7,가평 2023_02.csv,역사관광,종교성지
가평,2023,2,2023-02,130,경기도,가평군,마린랜드,7,가평 2023_02.csv,레저스포츠,수상레저스포츠
가평,2023,2,2023-02,130,경기도,가평군,축령사,7,가평 2023_02.csv,역사관광,종교성지
가평,2023,2,2023-02,130,경기도,가평군,가평무브베이스볼파크,7,가평 2023_02.csv,문화관광,레저스포츠시설
가평,2023,2,2023-02,130,경기도,가평군,신청평대교야구장,7,가평 2023_02.csv,문화관광,레저스포츠시설
가평,2023,2,2023-02,130,경기도,가평군,가평군 상면 조가터마을,7,가평 2023_02.csv,문화관광,도시/지역문화관광
가평,2023,2,2023-02,130,경기도,가평군,가평에덴벚꽃길,7,가평 2023_02.csv,기타관광,기타관광
가평,2023,2,2023-02,130,경기도,가평군,홍적고개,7,가평 2023_02.csv,자연관광,자연경관(산)
가평,2023,2,2023-02,141,경기도,가평군,백팔유원지,6,가평 2023_02.csv,문화관광,복합관광시설
가평,2023,2,2023-02,141,경기도,가평군,청평리버랜드수상레저,6,가평 2023_02.csv,문화관광,복합관광시설
가평,2023,2,2023-02,141,경기도,가평군,두밀리낚시터,6,가평 2023_02.csv,레저스포츠,수상레저스포츠
가평,2023,2,2023-02,141,경기도,가평군,상면생활체육공원,6,가평 2023_02.csv,문화관광,도시공원
가평,2023,2,2023-02,141,경기도,가평군,현종사,6,가평 2023_02.csv,역사관광,종교성지
가평,2023,2,2023-02,141,경기도,가평군,효심사,6,가평 2023_02.csv,역사관광,종교성지
가평,2023,2,2023-02,141,경기도,가평군,울업산,6,가평 2023_02.csv,자연관광,자연경관(산)
가평,2023,2,2023-02,148,경기도,가평군,운곡암,5,가평 2023_02.csv,역사관광,종교성지
가평,2023,2,2023-02,148,경기도,가평군,더스테이힐링파크와일드가든,5,가평 2023_02.csv,문화관광,도시공원
가평,2023,2,2023-02,148,경기도,가평군,수암사,5,가평 2023_02.csv,역사관광,종교성지
가평,2023,2,2023-02,151,경기도,가평군,무아레풀무아레,4,가평 2023_02.csv,문화관광,테마공원
가평,2023,2,2023-02,151,경기도,가평군,그린수상레져,4,가평 2023_02.csv,레저스포츠,수상레저스포츠
가평,2023,2,2023-02,151,경기도,가평군,현리계곡,4,가평 2023_02.csv,자연관광,자연경관(산)
가평,2023,2,2023-02,151,경기도,가평군,가마소유원지,4,가평 2023_02.csv,문화관광,복합관광시설
가평,2023,2,2023-02,151,경기도,가평군,승천사,4,가평 2023_02.csv,역사관광,종교성지
가평,2023,2,2023-02,151,경기도,가평군,무주채폭포,4,가평 2023_02.csv,자연관광,자연경관(산)
가평,2023,2,2023-02,151,경기도,가평군,캐나다전투기념비,4,가평 2023_02.csv,역사관광,역사유물
가평,2023,2,2023-02,151,경기도,가평군,경반계곡,4,가평 2023_02.csv,자연관광,자연경관(산)
가평,2023,2,2023-02,151,경기도,가평군,설미재미술관,4,가평 2023_02.csv,문화관광,전시시설
가평,2023,2,2023-02,151,경기도,가평군,하천리체육공원,4,가평 2023_02.csv,문화관광,도시공원
가평,2023,2,2023-02,151,경기도,가평군,보원사,4,가평 2023_02.csv,역사관광,종교성지
가평,2023,2,2023-02,151,경기도,가평군,호명산호명리등산로입구,4,가평 2023_02.csv,기타관광,기타관광
가평,2023,2,2023-02,151,경기도,가평군,가람농원,4,가평 2023_02.csv,체험관광,농/산/어촌체험
가평,2023,2,2023-02,164,경기도,가평군,동보농원,3,가평 2023_02.csv,체험관광,농/산/어촌체험
가평,2023,2,2023-02,164,경기도,가평군,경기도잣향기푸른숲안내매표소,3,가평 2023_02.csv,기타관광,기타관광
가평,2023,2,2023-02,164,경기도,가평군,북면생활체육공원,3,가평 2023_02.csv,문화관광,도시공원
가평,2023,2,2023-02,164,경기도,가평군,리버빌런,3,가평 2023_02.csv,레저스포츠,수상레저스포츠
가평,2023,2,2023-02,164,경기도,가평군,유명산휴양림관리소,3,가평 2023_02.csv,자연관광,자연공원
가평,2023,2,2023-02,164,경기도,가평군,산울로수상스키,3,가평 2023_02.csv,레저스포츠,기타레저스포츠
가평,2023,2,2023-02,164,경기도,가평군,말리부수상레저,3,가평 2023_02.csv,레저스포츠,기타레저스포츠
가평,2023,2,2023-02,164,경기도,가평군,도솔천사,3,가평 2023_02.csv,역사관광,종교성지
가평,2023,2,2023-02,164,경기도,가평군,클럽이글스수상레저,3,가평 2023_02.csv,레저스포츠,기타레저스포츠
가평,2023,2,2023-02,164,경기도,가평군,청평캠프,3,가평 2023_02.csv,레저스포츠,기타레저스포츠
가평,2023,2,2023-02,164,경기도,가평군,바하마수상레포츠,3,가평 2023_02.csv,레저스포츠,수상레저스포츠
가평,2023,2,2023-02,164,경기도,가평군,용문산전투가평지구전적비,3,가평 2023_02.csv,역사관광,역사유물
가평,2023,2,2023-02,164,경기도,가평군,이정구선생묘,3,가평 2023_02.csv,역사관광,역사유적지
가평,2023,2,2023-02,164,경기도,가평군,조종생활체육공원,3,가평 2023_02.csv,문화관광,도시공원
가평,2023,2,2023-02,164,경기도,가평군,감로사,3,가평 2023_02.csv,역사관광,종교성지
가평,2023,2,2023-02,164,경기도,가평군,보광사,3,가평 2023_02.csv,역사관광,종교성지
가평,2023,2,2023-02,164,경기도,가평군,밤나무골유원지,3,가평 2023_02.csv,문화관광,복합관광시설
가평,2023,2,2023-02,164,경기도,가평군,덕혜암,3,가평 2023_02.csv,역사관광,종교성지
가평,2023,2,2023-02,164,경기도,가평군,서호유원지,3,가평 2023_02.csv,문화관광,복합관광시설
가평,2023,2,2023-02,164,경기도,가평군,황룡뿌리,3,가평 2023_02.csv,체험관광,농/산/어촌체험
가평,2023,2,2023-02,164,경기도,가평군,빛나리유원지,3,가평 2023_02.csv,문화관광,복합관광시설
가평,2023,2,2023-02,164,경기도,가평군,수영인의마을,3,가평 2023_02.csv,레저스포츠,수상레저스포츠
가평,2023,2,2023-02,164,경기도,가평군,다익장유원지,3,가평 2023_02.csv,문화관광,복합관광시설
가평,2023,2,2023-02,164,경기도,가평군,스타라인,3,가평 2023_02.csv,레저스포츠,수상레저스포츠
가평,2023,2,2023-02,164,경기도,가평군,용추계곡유원지,3,가평 2023_02.csv,문화관광,복합관광시설
가평,2023,2,2023-02,164,경기도,가평군,호반수상레저,3,가평 2023_02.csv,레저스포츠,수상레저스포츠
가평,2023,2,2023-02,164,경기도,가평군,수동목장,3,가평 2023_02.csv,체험관광,농/산/어촌체험
가평,2023,2,2023-02,164,경기도,가평군,청평자연유원지,3,가평 2023_02.csv,문화관광,복합관광시설
가평,2023,2,2023-02,164,경기도,가평군,명지계곡,3,가평 2023_02.csv,자연관광,자연경관(산)
가평,2023,2,2023-02,164,경기도,가평군,적목리신앙공동체유적지,3,가평 2023_02.csv,역사관광,역사유적지
가평,2023,2,2023-02,164,경기도,가평군,현대집,3,가평 2023_02.csv,레저스포츠,수상레저스포츠
가평,2023,2,2023-02,164,경기도,가평군,가평하늘커피농장,3,가평 2023_02.csv,체험관광,농/산/어촌체험
가평,2023,2,2023-02,164,경기도,가평군,성주사,3,가평 2023_02.csv,역사관광,종교성지
가평,2023,3,2023-03,1,경기도,가평군,아침고요수목원,7162,가평 2023_03.csv,문화관광,테마공원
가평,2023,3,2023-03,2,경기도,가평군,남이섬선착장,6386,가평 2023_03.csv,기타관광,교통시설
가평,2023,3,2023-03,3,경기도,가평군,가평베네스트GC,5938,가평 2023_03.csv,레저스포츠,육상레저스포츠
가평,2023,3,2023-03,4,경기도,가평군,썬힐GC,5646,가평 2023_03.csv,레저스포츠,육상레저스포츠
가평,2023,3,2023-03,5,경기도,가평군,아난티코드골프클럽,5464,가평 2023_03.csv,레저스포츠,육상레저스포츠
가평,2023,3,2023-03,6,경기도,가평군,청평역,5194,가평 2023_03.csv,기타관광,교통시설
가평,2023,3,2023-03,7,경기도,가평군,리앤리CC,4377,가평 2023_03.csv,레저스포츠,육상레저스포츠
가평,2023,3,2023-03,8,경기도,가평군,크리스탈밸리CC,4149,가평 2023_03.csv,레저스포츠,육상레저스포츠
가평,2023,3,2023-03,9,경기도,가평군,베뉴지CC,4000,가평 2023_03.csv,레저스포츠,육상레저스포츠
가평,2023,3,2023-03,10,경기도,가평군,프리스틴밸리GC,3977,가평 2023_03.csv,레저스포츠,육상레저스포츠
가평,2023,3,2023-03,11,경기도,가평군,쁘띠프랑스,3830,가평 2023_03.csv,문화관광,복합관광시설
가평,2023,3,2023-03,12,경기도,가평군,대성리역,3725,가평 2023_03.csv,기타관광,교통시설
가평,2023,3,2023-03,13,경기도,가평군,마이다스밸리청평 골프클럽,2680,가평 2023_03.csv,레저스포츠,육상레저스포츠
가평,2023,3,2023-03,14,경기도,가평군,현리시외버스터미널,2148,가평 2023_03.csv,기타관광,교통시설
가평,2023,3,2023-03,15,경기도,가평군,자라섬,2040,가평 2023_03.csv,자연관광,자연경관(하천/해양)
가평,2023,3,2023-03,16,경기도,가평군,유명산자연휴양림,2030,가평 2023_03.csv,자연관광,자연공원
가평,2023,3,2023-03,17,경기도,가평군,아침고요가족동물원,1761,가평 2023_03.csv,문화관광,테마공원
가평,2023,3,2023-03,18,경기도,가평군,경기도잣향기푸른숲,1312,가평 2023_03.csv,자연관광,자연공원
가평,2023,3,2023-03,19,경기도,가평군,에델바이스스위스테마파크,1279,가평 2023_03.csv,문화관광,테마공원
가평,2023,3,2023-03,20,경기도,가평군,청평시외버스터미널,1095,가평 2023_03.csv,기타관광,교통시설
가평,2023,3,2023-03,21,경기도,가평군,가평시외버스터미널,1031,가평 2023_03.csv,기타관광,교통시설
가평,2023,3,2023-03,22,경기도,가평군,청평호반드라이브코스,837,가평 2023_03.csv,기타관광,데이트코스
가평,2023,3,2023-03,23,경기도,가평군,K26잠수풀,816,가평 2023_03.csv,레저스포츠,수상레저스포츠
가평,2023,3,2023-03,24,경기도,가평군,청심평화월드센터,797,가평 2023_03.csv,문화관광,공연시설
가평,2023,3,2023-03,25,경기도,가평군,강촌레일파크가평역,794,가평 2023_03.csv,레저스포츠,기타레저스포츠
가평,2023,3,2023-03,26,경기도,가평군,상천역,679,가평 2023_03.csv,기타관광,교통시설
가평,2023,3,2023-03,27,경기도,가평군,호명호수,539,가평 2023_03.csv,자연관광,자연경관(하천/해양)
가평,2023,3,2023-03,28,경기도,가평군,산장관광지,524,가평 2023_03.csv,문화관광,복합관광시설
가평,2023,3,2023-03,29,경기도,가평군,청평호,491,가평 2023_03.csv,자연관광,자연경관(하천/해양)
가평,2023,3,2023-03,30,경기도,가평군,현등사,470,가평 2023_03.csv,역사관광,종교성지
가평,2023,3,2023-03,31,경기도,가평군,피노키오와다빈치,464,가평 2023_03.csv,문화관광,복합관광시설
가평,2023,3,2023-03,32,경기도,가평군,꿈의동산,457,가평 2023_03.csv,문화관광,복합관광시설
가평,2023,3,2023-03,33,경기도,가평군,설악시외버스터미널,451,가평 2023_03.csv,기타관광,교통시설
가평,2023,3,2023-03,34,경기도,가평군,음악역1939,433,가평 2023_03.csv,문화관광,기타문화관광지
가평,2023,3,2023-03,35,경기도,가평군,대성리국민관광지,382,가평 2023_03.csv,문화관광,복합관광시설
가평,2023,3,2023-03,36,경기도,가평군,청평자연휴양림,380,가평 2023_03.csv,자연관광,자연공원
가평,2023,3,2023-03,37,경기도,가평군,강씨봉자연휴양림,365,가평 2023_03.csv,자연관광,자연공원
가평,2023,3,2023-03,38,경기도,가평군,한국초콜릿연구소뮤지엄,363,가평 2023_03.csv,문화관광,전시시설
가평,2023,3,2023-03,39,경기도,가평군,가평별빛공원,330,가평 2023_03.csv,문화관광,도시공원
가평,2023,3,2023-03,40,경기도,가평군,호명호수공원,314,가평 2023_03.csv,문화관광,도시공원
가평,2023,3,2023-03,41,경기도,가평군,이화원,258,가평 2023_03.csv,문화관광,도시공원
가평,2023,3,2023-03,42,경기도,가평군,청심국제청소년수련원,252,가평 2023_03.csv,레저스포츠,육상레저스포츠
가평,2023,3,2023-03,43,경기도,가평군,삼회리벚꽃길,251,가평 2023_03.csv,기타관광,데이트코스
가평,2023,3,2023-03,44,경기도,가평군,더스테이힐링파크링스파3골프장,245,가평 2023_03.csv,레저스포츠,육상레저스포츠
가평,2023,3,2023-03,45,경기도,가평군,천정궁박물관,242,가평 2023_03.csv,문화관광,전시시설
가평,2023,3,2023-03,46,경기도,가평군,잣고을전통시장,233,가평 2023_03.csv,쇼핑,시장
가평,2023,3,2023-03,47,경기도,가평군,가평군어린이음악놀이터,220,가평 2023_03.csv,문화관광,테마공원
가평,2023,3,2023-03,48,경기도,가평군,W홀스랜드,203,가평 2023_03.csv,레저스포츠,육상레저스포츠
가평,2023,3,2023-03,49,경기도,가평군,칼봉산자연휴양림,202,가평 2023_03.csv,자연관광,자연공원
가평,2023,3,2023-03,50,경기도,가평군,백련사,199,가평 2023_03.csv,역사관광,종교성지
가평,2023,3,2023-03,51,경기도,가평군,가평에덴벚꽃길,195,가평 2023_03.csv,기타관광,기타관광
가평,2023,3,2023-03,52,경기도,가평군,어비계곡,187,가평 2023_03.csv,자연관광,자연경관(산)
가평,2023,3,2023-03,53,경기도,가평군,청평생활체육공원,172,가평 2023_03.csv,문화관광,도시공원
가평,2023,3,2023-03,54,경기도,가평군,가일미술관,164,가평 2023_03.csv,문화관광,전시시설
가평,2023,3,2023-03,55,경기도,가평군,가평TOP랜드,155,가평 2023_03.csv,레저스포츠,수상레저스포츠
가평,2023,3,2023-03,56,경기도,가평군,녹수계곡,147,가평 2023_03.csv,자연관광,자연경관(산)
가평,2023,3,2023-03,57,경기도,가평군,가평파크골프장,139,가평 2023_03.csv,레저스포츠,육상레저스포츠
가평,2023,3,2023-03,58,경기도,가평군,브릿지짚라인,134,가평 2023_03.csv,레저스포츠,기타레저스포츠
가평,2023,3,2023-03,59,경기도,가평군,이정웅스페이스,130,가평 2023_03.csv,문화관광,전시시설
가평,2023,3,2023-03,60,경기도,가평군,용추계곡,125,가평 2023_03.csv,자연관광,자연경관(산)
가평,2023,3,2023-03,61,경기도,가평군,청평5일시장,123,가평 2023_03.csv,쇼핑,시장
가평,2023,3,2023-03,62,경기도,가평군,캠프통포레스트,122,가평 2023_03.csv,레저스포츠,수상레저스포츠
가평,2023,3,2023-03,63,경기도,가평군,청평유원지,112,가평 2023_03.csv,문화관광,복합관광시설
가평,2023,3,2023-03,64,경기도,가평군,캠프통아일랜드,109,가평 2023_03.csv,레저스포츠,수상레저스포츠
가평,2023,3,2023-03,65,경기도,가평군,트니트니어드벤처,107,가평 2023_03.csv,문화관광,테마공원
가평,2023,3,2023-03,66,경기도,가평군,유명산,102,가평 2023_03.csv,자연관광,자연경관(산)
가평,2023,3,2023-03,67,경기도,가평군,남도꽃정원,99,가평 2023_03.csv,문화관광,도시공원
가평,2023,3,2023-03,67,경기도,가평군,가평레져카트장,99,가평 2023_03.csv,레저스포츠,기타레저스포츠
가평,2023,3,2023-03,69,경기도,가평군,청평호수길,94,가평 2023_03.csv,기타관광,기타관광
가평,2023,3,2023-03,70,경기도,가평군,호명산드라이브코스,88,가평 2023_03.csv,기타관광,데이트코스
가평,2023,3,2023-03,71,경기도,가평군,목동버스터미널,86,가평 2023_03.csv,기타관광,교통시설
가평,2023,3,2023-03,72,경기도,가평군,스카이라인짚와이어,85,가평 2023_03.csv,문화관광,복합관광시설
가평,2023,3,2023-03,72,경기도,가평군,가평정기5일시장,85,가평 2023_03.csv,쇼핑,시장
가평,2023,3,2023-03,74,경기도,가평군,대성리벚꽃길,84,가평 2023_03.csv,기타관광,기타관광
가평,2023,3,2023-03,75,경기도,가평군,가평수목원,82,가평 2023_03.csv,자연관광,자연공원
가평,2023,3,2023-03,76,경기도,가평군,리버랜드번지점프장,81,가평 2023_03.csv,레저스포츠,육상레저스포츠
가평,2023,3,2023-03,76,경기도,가평군,자라섬생태공원,81,가평 2023_03.csv,문화관광,도시공원
가평,2023,3,2023-03,78,경기도,가평군,가평축령산잣나무숲,72,가평 2023_03.csv,자연관광,자연공원
가평,2023,3,2023-03,79,경기도,가평군,도장골낚시터,67,가평 2023_03.csv,레저스포츠,수상레저스포츠
가평,2023,3,2023-03,80,경기도,가평군,상면생활체육공원,64,가평 2023_03.csv,문화관광,도시공원
가평,2023,3,2023-03,81,경기도,가평군,대원사,63,가평 2023_03.csv,역사관광,종교성지
가평,2023,3,2023-03,81,경기도,가평군,청평암,63,가평 2023_03.csv,역사관광,종교성지
가평,2023,3,2023-03,83,경기도,가평군,운악산성불사,61,가평 2023_03.csv,역사관광,종교성지
가평,2023,3,2023-03,84,경기도,가평군,포세이돈,60,가평 2023_03.csv,레저스포츠,수상레저스포츠
가평,2023,3,2023-03,85,경기도,가평군,중미산,58,가평 2023_03.csv,자연관광,자연경관(산)
가평,2023,3,2023-03,86,경기도,가평군,연인산,53,가평 2023_03.csv,자연관광,자연경관(산)
가평,2023,3,2023-03,87,경기도,가평군,청평워터피아,52,가평 2023_03.csv,레저스포츠,수상레저스포츠
가평,2023,3,2023-03,88,경기도,가평군,취옹예술관,50,가평 2023_03.csv,문화관광,전시시설
가평,2023,3,2023-03,88,경기도,가평군,현리유원지,50,가평 2023_03.csv,문화관광,복합관광시설
가평,2023,3,2023-03,90,경기도,가평군,남송미술관,49,가평 2023_03.csv,문화관광,전시시설
가평,2023,3,2023-03,91,경기도,가평군,화야산큰골마을등산로,47,가평 2023_03.csv,자연관광,자연경관(산)
가평,2023,3,2023-03,91,경기도,가평군,화악산,47,가평 2023_03.csv,자연관광,자연경관(산)
가평,2023,3,2023-03,93,경기도,가평군,설악5일장,46,가평 2023_03.csv,쇼핑,시장
가평,2023,3,2023-03,94,경기도,가평군,가평사계절썰매장,45,가평 2023_03.csv,레저스포츠,육상레저스포츠
가평,2023,3,2023-03,94,경기도,가평군,설악생활체육공원,45,가평 2023_03.csv,문화관광,도시공원
가평,2023,3,2023-03,96,경기도,가평군,화야산,44,가평 2023_03.csv,자연관광,자연경관(산)
가평,2023,3,2023-03,97,경기도,가평군,물의나라유원지,42,가평 2023_03.csv,문화관광,복합관광시설
가평,2023,3,2023-03,98,경기도,가평군,수영인의마을,40,가평 2023_03.csv,레저스포츠,수상레저스포츠
가평,2023,3,2023-03,98,경기도,가평군,희망축구전용구장,40,가평 2023_03.csv,문화관광,레저스포츠시설
가평,2023,3,2023-03,100,경기도,가평군,자연과별천문대,39,가평 2023_03.csv,기타관광,기타관광
가평,2023,3,2023-03,100,경기도,가평군,용소폭포,39,가평 2023_03.csv,자연관광,자연경관(산)
가평,2023,3,2023-03,100,경기도,가평군,운곡암,39,가평 2023_03.csv,역사관광,종교성지
가평,2023,3,2023-03,103,경기도,가평군,HJ매그놀리아멋집,38,가평 2023_03.csv,문화관광,기타문화관광지
가평,2023,3,2023-03,104,경기도,가평군,달마공원관음사,37,가평 2023_03.csv,역사관광,종교성지
가평,2023,3,2023-03,104,경기도,가평군,선어치,37,가평 2023_03.csv,자연관광,자연경관(산)
가평,2023,3,2023-03,106,경기도,가평군,씨브이리조트,36,가평 2023_03.csv,레저스포츠,수상레저스포츠
가평,2023,3,2023-03,107,경기도,가평군,가평현리5일장,33,가평 2023_03.csv,쇼핑,시장
가평,2023,3,2023-03,107,경기도,가평군,말리부수상레저,33,가평 2023_03.csv,레저스포츠,기타레저스포츠
가평,2023,3,2023-03,109,경기도,가평군,조종시네마,31,가평 2023_03.csv,문화관광,공연시설
가평,2023,3,2023-03,109,경기도,가평군,가평뮤직빌리지1939시네마,31,가평 2023_03.csv,문화관광,공연시설
가평,2023,3,2023-03,111,경기도,가평군,에덴야구장,25,가평 2023_03.csv,문화관광,레저스포츠시설
가평,2023,3,2023-03,111,경기도,가평군,노랑다리미술관,25,가평 2023_03.csv,문화관광,전시시설
가평,2023,3,2023-03,113,경기도,가평군,명지산생태전시관,24,가평 2023_03.csv,문화관광,전시시설
가평,2023,3,2023-03,113,경기도,가평군,보납산전망대,24,가평 2023_03.csv,문화관광,랜드마크관광
가평,2023,3,2023-03,113,경기도,가평군,인터렉티브아트뮤지엄,24,가평 2023_03.csv,문화관광,전시시설
가평,2023,3,2023-03,116,경기도,가평군,가평무브베이스볼파크,23,가평 2023_03.csv,문화관광,레저스포츠시설
가평,2023,3,2023-03,117,경기도,가평군,웨이크베이리조트,22,가평 2023_03.csv,레저스포츠,기타레저스포츠
가평,2023,3,2023-03,117,경기도,가평군,토마토레저파크,22,가평 2023_03.csv,레저스포츠,기타레저스포츠
가평,2023,3,2023-03,117,경기도,가평군,가평역레져,22,가평 2023_03.csv,레저스포츠,기타레저스포츠
가평,2023,3,2023-03,117,경기도,가평군,맨하탄수상레져,22,가평 2023_03.csv,레저스포츠,수상레저스포츠
가평,2023,3,2023-03,121,경기도,가평군,경기도잣향기푸른숲안내매표소,21,가평 2023_03.csv,기타관광,기타관광
가평,2023,3,2023-03,121,경기도,가평군,일지안호범미술관,21,가평 2023_03.csv,문화관광,전시시설
가평,2023,3,2023-03,123,경기도,가평군,상천낚시터,20,가평 2023_03.csv,레저스포츠,수상레저스포츠
가평,2023,3,2023-03,123,경기도,가평군,북배산흑염소농장,20,가평 2023_03.csv,체험관광,농/산/어촌체험
가평,2023,3,2023-03,123,경기도,가평군,두밀리낚시터,20,가평 2023_03.csv,레저스포츠,수상레저스포츠
가평,2023,3,2023-03,123,경기도,가평군,가평낚시터,20,가평 2023_03.csv,레저스포츠,수상레저스포츠
가평,2023,3,2023-03,123,경기도,가평군,에덴벚꽃길,20,가평 2023_03.csv,레저스포츠,기타레저스포츠
가평,2023,3,2023-03,128,경기도,가평군,가평묘목농원,19,가평 2023_03.csv,체험관광,농/산/어촌체험
가평,2023,3,2023-03,128,경기도,가평군,조종생활체육공원,19,가평 2023_03.csv,문화관광,도시공원
가평,2023,3,2023-03,128,경기도,가평군,자라섬워터파크,19,가평 2023_03.csv,문화관광,테마공원
가평,2023,3,2023-03,131,경기도,가평군,하이수상레저,18,가평 2023_03.csv,레저스포츠,수상레저스포츠
가평,2023,3,2023-03,132,경기도,가평군,이지수상레져,17,가평 2023_03.csv,레저스포츠,기타레저스포츠
가평,2023,3,2023-03,132,경기도,가평군,호국연호사,17,가평 2023_03.csv,역사관광,종교성지
가평,2023,3,2023-03,132,경기도,가평군,불기고개,17,가평 2023_03.csv,자연관광,자연경관(산)
가평,2023,3,2023-03,135,경기도,가평군,호명산,16,가평 2023_03.csv,자연관광,자연경관(산)
가평,2023,3,2023-03,135,경기도,가평군,르푸앙수상레져,16,가평 2023_03.csv,레저스포츠,수상레저스포츠
가평,2023,3,2023-03,137,경기도,가평군,관음사,14,가평 2023_03.csv,역사관광,종교성지
가평,2023,3,2023-03,137,경기도,가평군,아마란스리조트,14,가평 2023_03.csv,레저스포츠,수상레저스포츠
가평,2023,3,2023-03,137,경기도,가평군,바우유원지,14,가평 2023_03.csv,문화관광,복합관광시설
가평,2023,3,2023-03,137,경기도,가평군,청평첫집,14,가평 2023_03.csv,레저스포츠,수상레저스포츠
가평,2023,3,2023-03,137,경기도,가평군,더스테이힐링파크와일드가든,14,가평 2023_03.csv,문화관광,도시공원
가평,2023,3,2023-03,142,경기도,가평군,설미재미술관,13,가평 2023_03.csv,문화관광,전시시설
가평,2023,3,2023-03,142,경기도,가평군,신청평대교야구장,13,가평 2023_03.csv,문화관광,레저스포츠시설
가평,2023,3,2023-03,144,경기도,가평군,색현터널,12,가평 2023_03.csv,기타관광,기타관광
가평,2023,3,2023-03,144,경기도,가평군,가평레저파크,12,가평 2023_03.csv,레저스포츠,기타레저스포츠
가평,2023,3,2023-03,144,경기도,가평군,현리계곡,12,가평 2023_03.csv,자연관광,자연경관(산)
가평,2023,3,2023-03,144,경기도,가평군,화야산뽀루봉식당등산로,12,가평 2023_03.csv,자연관광,자연경관(산)
가평,2023,3,2023-03,144,경기도,가평군,산유낚시터,12,가평 2023_03.csv,레저스포츠,수상레저스포츠
가평,2023,3,2023-03,149,경기도,가평군,운악산가평현등사방면,11,가평 2023_03.csv,자연관광,자연경관(산)
가평,2023,3,2023-03,149,경기도,가평군,축령사,11,가평 2023_03.csv,역사관광,종교성지
가평,2023,3,2023-03,149,경기도,가평군,연인산도립공원탐방안내소,11,가평 2023_03.csv,기타관광,기타관광
가평,2023,3,2023-03,152,경기도,가평군,아루바수상레저,10,가평 2023_03.csv,레저스포츠,기타레저스포츠
가평,2023,3,2023-03,152,경기도,가평군,유명산휴양림관리소,10,가평 2023_03.csv,자연관광,자연공원
가평,2023,3,2023-03,152,경기도,가평군,뾰루봉,10,가평 2023_03.csv,자연관광,자연경관(산)
가평,2023,3,2023-03,152,경기도,가평군,수풀로삼회리,10,가평 2023_03.csv,문화관광,도시공원
가평,2023,3,2023-03,152,경기도,가평군,화야산사기막등산로,10,가평 2023_03.csv,자연관광,자연경관(산)
가평,2023,3,2023-03,152,경기도,가평군,극락정사,10,가평 2023_03.csv,역사관광,종교성지
가평,2023,3,2023-03,152,경기도,가평군,카페리수상레저,10,가평 2023_03.csv,레저스포츠,수상레저스포츠
가평,2023,3,2023-03,152,경기도,가평군,가평문화창작공간얼쑤공장,10,가평 2023_03.csv,문화관광,기타문화관광지
가평,2023,3,2023-03,160,경기도,가평군,대성리국민관광지관광안내소,9,가평 2023_03.csv,기타관광,기타관광
가평,2023,3,2023-03,160,경기도,가평군,청정낚시터,9,가평 2023_03.csv,레저스포츠,수상레저스포츠
가평,2023,3,2023-03,160,경기도,가평군,다익장유원지,9,가평 2023_03.csv,문화관광,복합관광시설
가평,2023,3,2023-03,160,경기도,가평군,버드나무유원지,9,가평 2023_03.csv,문화관광,복합관광시설
가평,2023,3,2023-03,160,경기도,가평군,울업산,9,가평 2023_03.csv,자연관광,자연경관(산)
가평,2023,3,2023-03,165,경기도,가평군,도토리요정숲,8,가평 2023_03.csv,레저스포츠,기타레저스포츠
가평,2023,3,2023-03,165,경기도,가평군,가평현암농경박물관,8,가평 2023_03.csv,문화관광,전시시설
가평,2023,3,2023-03,165,경기도,가평군,가마소유원지,8,가평 2023_03.csv,문화관광,복합관광시설
가평,2023,3,2023-03,165,경기도,가평군,청심실내체육관,8,가평 2023_03.csv,레저스포츠,기타레저스포츠
가평,2023,3,2023-03,165,경기도,가평군,조종생활체육공원축구장,8,가평 2023_03.csv,문화관광,레저스포츠시설
가평,2023,3,2023-03,170,경기도,가평군,상천루,7,가평 2023_03.csv,문화관광,도시공원
가평,2023,3,2023-03,170,경기도,가평군,빠져수상레저,7,가평 2023_03.csv,레저스포츠,수상레저스포츠
가평,2023,3,2023-03,170,경기도,가평군,청룡사,7,가평 2023_03.csv,역사관광,종교성지
가평,2023,3,2023-03,170,경기도,가평군,향원사,7,가평 2023_03.csv,역사관광,종교성지
가평,2023,3,2023-03,170,경기도,가평군,탑코리아수상레저,7,가평 2023_03.csv,레저스포츠,수상레저스포츠
가평,2023,3,2023-03,170,경기도,가평군,대성낚시터,7,가평 2023_03.csv,레저스포츠,수상레저스포츠
가평,2023,3,2023-03,170,경기도,가평군,명지계곡,7,가평 2023_03.csv,자연관광,자연경관(산)
가평,2023,3,2023-03,170,경기도,가평군,태은사,7,가평 2023_03.csv,역사관광,종교성지
가평,2023,3,2023-03,170,경기도,가평군,성운사,7,가평 2023_03.csv,역사관광,종교성지
가평,2023,3,2023-03,179,경기도,가평군,팀더블유,6,가평 2023_03.csv,레저스포츠,기타레저스포츠
가평,2023,3,2023-03,179,경기도,가평군,운악산용수사,6,가평 2023_03.csv,역사관광,종교성지
가평,2023,3,2023-03,179,경기도,가평군,설악생활체육공원축구장,6,가평 2023_03.csv,문화관광,레저스포츠시설
가평,2023,3,2023-03,179,경기도,가평군,스프레드프리다이빙,6,가평 2023_03.csv,레저스포츠,수상레저스포츠
가평,2023,3,2023-03,179,경기도,가평군,클럽모아나,6,가평 2023_03.csv,레저스포츠,수상레저스포츠
가평,2023,3,2023-03,179,경기도,가평군,조종천계곡,6,가평 2023_03.csv,자연관광,자연경관(산)
가평,2023,3,2023-03,179,경기도,가평군,가평약수터,6,가평 2023_03.csv,자연관광,자연경관(산)
가평,2023,3,2023-03,179,경기도,가평군,마린랜드,6,가평 2023_03.csv,레저스포츠,수상레저스포츠
가평,2023,3,2023-03,179,경기도,가평군,하천리체육공원,6,가평 2023_03.csv,문화관광,도시공원
가평,2023,3,2023-03,179,경기도,가평군,청평자연유원지,6,가평 2023_03.csv,문화관광,복합관광시설
가평,2023,3,2023-03,179,경기도,가평군,화야산자연발생유원지,6,가평 2023_03.csv,문화관광,복합관광시설
가평,2023,3,2023-03,179,경기도,가평군,상락향수도원,6,가평 2023_03.csv,역사관광,종교성지
가평,2023,3,2023-03,179,경기도,가평군,가평군 상면 조가터마을,6,가평 2023_03.csv,문화관광,도시/지역문화관광
가평,2023,3,2023-03,179,경기도,가평군,뉴돌고래레저,6,가평 2023_03.csv,레저스포츠,수상레저스포츠
가평,2023,3,2023-03,179,경기도,가평군,산림생태문화체험단지,6,가평 2023_03.csv,기타관광,기타관광
가평,2023,3,2023-03,179,경기도,가평군,성주사,6,가평 2023_03.csv,역사관광,종교성지
가평,2023,3,2023-03,195,경기도,가평군,북한강유원지,5,가평 2023_03.csv,문화관광,복합관광시설
가평,2023,3,2023-03,195,경기도,가평군,청평페리유람선,5,가평 2023_03.csv,기타관광,교통시설
가평,2023,3,2023-03,195,경기도,가평군,아토믹워터파크,5,가평 2023_03.csv,문화관광,테마공원
가평,2023,3,2023-03,198,경기도,가평군,북면생활체육공원,4,가평 2023_03.csv,문화관광,도시공원
가평,2023,3,2023-03,198,경기도,가평군,가평화랑유원지,4,가평 2023_03.csv,문화관광,복합관광시설
가평,2023,3,2023-03,198,경기도,가평군,청평유원지,4,가평 2023_03.csv,문화관광,복합관광시설
가평,2023,3,2023-03,198,경기도,가평군,어비산,4,가평 2023_03.csv,자연관광,자연경관(산)
가평,2023,3,2023-03,198,경기도,가평군,삼원수상레저,4,가평 2023_03.csv,레저스포츠,기타레저스포츠
가평,2023,3,2023-03,198,경기도,가평군,백팔유원지,4,가평 2023_03.csv,문화관광,복합관광시설
가평,2023,3,2023-03,198,경기도,가평군,보광사,4,가평 2023_03.csv,역사관광,종교성지
가평,2023,3,2023-03,198,경기도,가평군,모비딕수상레저,4,가평 2023_03.csv,레저스포츠,수상레저스포츠
가평,2023,3,2023-03,198,경기도,가평군,헤이븐,4,가평 2023_03.csv,레저스포츠,수상레저스포츠
가평,2023,3,2023-03,198,경기도,가평군,클럽나인수상레저,4,가평 2023_03.csv,레저스포츠,수상레저스포츠
가평,2023,3,2023-03,198,경기도,가평군,자라섬테마파크물놀이장 휴장,4,가평 2023_03.csv,문화관광,테마공원
가평,2023,3,2023-03,209,경기도,가평군,일광사,3,가평 2023_03.csv,역사관광,종교성지
가평,2023,3,2023-03,209,경기도,가평군,사그막농원,3,가평 2023_03.csv,체험관광,농/산/어촌체험
가평,2023,3,2023-03,209,경기도,가평군,오뚜기령,3,가평 2023_03.csv,자연관광,자연경관(산)
가평,2023,3,2023-03,209,경기도,가평군,클럽미사수상레저,3,가평 2023_03.csv,레저스포츠,수상레저스포츠
가평,2023,3,2023-03,209,경기도,가평군,초이수상레저,3,가평 2023_03.csv,레저스포츠,수상레저스포츠
가평,2023,3,2023-03,209,경기도,가평군,아트살롱바이모노플렉스,3,가평 2023_03.csv,문화관광,공연시설
가평,2023,3,2023-03,209,경기도,가평군,어거스트수상레저,3,가평 2023_03.csv,레저스포츠,수상레저스포츠
가평,2023,3,2023-03,209,경기도,가평군,경기둘레길가평19코스,3,가평 2023_03.csv,레저스포츠,기타레저스포츠
가평,2023,3,2023-03,209,경기도,가평군,설악낚시터,3,가평 2023_03.csv,레저스포츠,수상레저스포츠
가평,2023,3,2023-03,209,경기도,가평군,워터피아,3,가평 2023_03.csv,레저스포츠,기타레저스포츠
가평,2023,3,2023-03,209,경기도,가평군,바하마수상레포츠,3,가평 2023_03.csv,레저스포츠,수상레저스포츠
가평,2023,3,2023-03,209,경기도,가평군,용문산전투가평지구전적비,3,가평 2023_03.csv,역사관광,역사유물
가평,2023,3,2023-03,209,경기도,가평군,캐나다전투기념비,3,가평 2023_03.csv,역사관광,역사유물
가평,2023,3,2023-03,209,경기도,가평군,구원사,3,가평 2023_03.csv,역사관광,종교성지
가평,2023,3,2023-03,209,경기도,가평군,광법사,3,가평 2023_03.csv,역사관광,종교성지
가평,2023,3,2023-03,209,경기도,가평군,청평산장유원지,3,가평 2023_03.csv,문화관광,복합관광시설
가평,2023,3,2023-03,209,경기도,가평군,밤나무골유원지,3,가평 2023_03.csv,문화관광,복합관광시설
가평,2023,3,2023-03,209,경기도,가평군,큰골계곡,3,가평 2023_03.csv,자연관광,자연경관(산)
가평,2023,3,2023-03,209,경기도,가평군,수덕산,3,가평 2023_03.csv,자연관광,자연경관(산)
가평,2023,3,2023-03,209,경기도,가평군,청평리버랜드수상레저,3,가평 2023_03.csv,문화관광,복합관광시설
가평,2023,3,2023-03,209,경기도,가평군,밤골유원지,3,가평 2023_03.csv,문화관광,복합관광시설
가평,2023,3,2023-03,209,경기도,가평군,보은사,3,가평 2023_03.csv,역사관광,종교성지
가평,2023,3,2023-03,209,경기도,가평군,송학포유원지,3,가평 2023_03.csv,문화관광,복합관광시설
가평,2023,3,2023-03,209,경기도,가평군,중미산유원지,3,가평 2023_03.csv,문화관광,복합관광시설
가평,2023,3,2023-03,209,경기도,가평군,가평딸기체험농장,3,가평 2023_03.csv,체험관광,농/산/어촌체험
가평,2023,3,2023-03,209,경기도,가평군,가평올레북한강강변길,3,가평 2023_03.csv,레저스포츠,기타레저스포츠
가평,2023,3,2023-03,209,경기도,가평군,대성수상레저,3,가평 2023_03.csv,레저스포츠,수상레저스포츠
가평,2023,3,2023-03,209,경기도,가평군,가평빠지이비자수상레저,3,가평 2023_03.csv,레저스포츠,수상레저스포츠
가평,2023,3,2023-03,209,경기도,가평군,흥국사,3,가평 2023_03.csv,역사관광,종교성지
가평,2023,3,2023-03,209,경기도,가평군,현대집,3,가평 2023_03.csv,레저스포츠,수상레저스포츠
가평,2023,3,2023-03,209,경기도,가평군,가평하늘커피농장,3,가평 2023_03.csv,체험관광,농/산/어촌체험
가평,2023,3,2023-03,209,경기도,가평군,산장국민관광지축구장,3,가평 2023_03.csv,문화관광,레저스포츠시설
가평,2023,3,2023-03,209,경기도,가평군,마콤갤러리,3,가평 2023_03.csv,문화관광,전시시설
가평,2023,3,2023-03,209,경기도,가평군,클럽에덴수상레져타운,3,가평 2023_03.csv,레저스포츠,수상레저스포츠
가평,2023,3,2023-03,209,경기도,가평군,수암사,3,가평 2023_03.csv,역사관광,종교성지
가평,2023,3,2023-03,209,경기도,가평군,기름진멜로촬영지(W홀스랜드),3,가평 2023_03.csv,문화관광,기타문화관광지
가평,2023,3,2023-03,209,경기도,가평군,돌고래수상레저,3,가평 2023_03.csv,레저스포츠,기타레저스포츠
가평,2023,3,2023-03,209,경기도,가평군,청평생태공원,3,가평 2023_03.csv,문화관광,도시공원
가평,2023,3,2023-03,209,경기도,가평군,행복축구전용구장,3,가평 2023_03.csv,문화관광,레저스포츠시설
가평,2023,3,2023-03,209,경기도,가평군,반야사,3,가평 2023_03.csv,역사관광,종교성지
가평,2023,3,2023-03,209,경기도,가평군,성불사,3,가평 2023_03.csv,역사관광,종교성지
가평,2023,4,2023-04,1,경기도,가평군,아침고요수목원,15970,가평 2023_04.csv,문화관광,테마공원
가평,2023,4,2023-04,2,경기도,가평군,남이섬선착장,9783,가평 2023_04.csv,기타관광,교통시설
가평,2023,4,2023-04,3,경기도,가평군,가평베네스트GC,6991,가평 2023_04.csv,레저스포츠,육상레저스포츠
가평,2023,4,2023-04,4,경기도,가평군,썬힐GC,6604,가평 2023_04.csv,레저스포츠,육상레저스포츠
가평,2023,4,2023-04,5,경기도,가평군,청평역,6592,가평 2023_04.csv,기타관광,교통시설
가평,2023,4,2023-04,6,경기도,가평군,아난티코드골프클럽,6352,가평 2023_04.csv,레저스포츠,육상레저스포츠
가평,2023,4,2023-04,7,경기도,가평군,리앤리CC,5234,가평 2023_04.csv,레저스포츠,육상레저스포츠
가평,2023,4,2023-04,8,경기도,가평군,대성리역,5011,가평 2023_04.csv,기타관광,교통시설
가평,2023,4,2023-04,9,경기도,가평군,크리스탈밸리CC,4704,가평 2023_04.csv,레저스포츠,육상레저스포츠
가평,2023,4,2023-04,10,경기도,가평군,쁘띠프랑스,4656,가평 2023_04.csv,문화관광,복합관광시설
가평,2023,4,2023-04,11,경기도,가평군,프리스틴밸리GC,4624,가평 2023_04.csv,레저스포츠,육상레저스포츠
가평,2023,4,2023-04,12,경기도,가평군,베뉴지CC,4175,가평 2023_04.csv,레저스포츠,육상레저스포츠
가평,2023,4,2023-04,13,경기도,가평군,유명산자연휴양림,3437,가평 2023_04.csv,자연관광,자연공원
가평,2023,4,2023-04,14,경기도,가평군,마이다스밸리청평 골프클럽,3009,가평 2023_04.csv,레저스포츠,육상레저스포츠
가평,2023,4,2023-04,15,경기도,가평군,현리시외버스터미널,2482,가평 2023_04.csv,기타관광,교통시설
가평,2023,4,2023-04,16,경기도,가평군,아침고요가족동물원,2286,가평 2023_04.csv,문화관광,테마공원
가평,2023,4,2023-04,17,경기도,가평군,경기도잣향기푸른숲,1777,가평 2023_04.csv,자연관광,자연공원
가평,2023,4,2023-04,18,경기도,가평군,에델바이스스위스테마파크,1452,가평 2023_04.csv,문화관광,테마공원
가평,2023,4,2023-04,19,경기도,가평군,대성리국민관광지,1382,가평 2023_04.csv,문화관광,복합관광시설
가평,2023,4,2023-04,20,경기도,가평군,강촌레일파크가평역,1321,가평 2023_04.csv,레저스포츠,기타레저스포츠
가평,2023,4,2023-04,21,경기도,가평군,가평시외버스터미널,1215,가평 2023_04.csv,기타관광,교통시설
가평,2023,4,2023-04,22,경기도,가평군,청평시외버스터미널,1107,가평 2023_04.csv,기타관광,교통시설
가평,2023,4,2023-04,23,경기도,가평군,상천역,972,가평 2023_04.csv,기타관광,교통시설
가평,2023,4,2023-04,24,경기도,가평군,K26잠수풀,892,가평 2023_04.csv,레저스포츠,수상레저스포츠
가평,2023,4,2023-04,25,경기도,가평군,산장관광지,812,가평 2023_04.csv,문화관광,복합관광시설
가평,2023,4,2023-04,26,경기도,가평군,청심평화월드센터,783,가평 2023_04.csv,문화관광,공연시설
가평,2023,4,2023-04,27,경기도,가평군,음악역1939,704,가평 2023_04.csv,문화관광,기타문화관광지
가평,2023,4,2023-04,28,경기도,가평군,청평자연휴양림,670,가평 2023_04.csv,자연관광,자연공원
가평,2023,4,2023-04,29,경기도,가평군,현등사,669,가평 2023_04.csv,역사관광,종교성지
가평,2023,4,2023-04,30,경기도,가평군,꿈의동산,599,가평 2023_04.csv,문화관광,복합관광시설
가평,2023,4,2023-04,31,경기도,가평군,피노키오와다빈치,426,가평 2023_04.csv,문화관광,복합관광시설
가평,2023,4,2023-04,32,경기도,가평군,한국초콜릿연구소뮤지엄,405,가평 2023_04.csv,문화관광,전시시설
가평,2023,4,2023-04,33,경기도,가평군,칼봉산자연휴양림,354,가평 2023_04.csv,자연관광,자연공원
가평,2023,4,2023-04,34,경기도,가평군,가평별빛공원,352,가평 2023_04.csv,문화관광,도시공원
가평,2023,4,2023-04,35,경기도,가평군,백련사,333,가평 2023_04.csv,역사관광,종교성지
가평,2023,4,2023-04,36,경기도,가평군,이화원,330,가평 2023_04.csv,문화관광,도시공원
가평,2023,4,2023-04,37,경기도,가평군,천정궁박물관,313,가평 2023_04.csv,문화관광,전시시설
가평,2023,4,2023-04,38,경기도,가평군,청평5일시장,294,가평 2023_04.csv,쇼핑,시장
가평,2023,4,2023-04,39,경기도,가평군,더스테이힐링파크링스파3골프장,292,가평 2023_04.csv,레저스포츠,육상레저스포츠
가평,2023,4,2023-04,40,경기도,가평군,강씨봉자연휴양림,289,가평 2023_04.csv,자연관광,자연공원
가평,2023,4,2023-04,41,경기도,가평군,청심국제청소년수련원,287,가평 2023_04.csv,레저스포츠,육상레저스포츠
가평,2023,4,2023-04,42,경기도,가평군,청평생활체육공원,278,가평 2023_04.csv,문화관광,도시공원
가평,2023,4,2023-04,43,경기도,가평군,가평군어린이음악놀이터,276,가평 2023_04.csv,문화관광,테마공원
가평,2023,4,2023-04,44,경기도,가평군,가일미술관,243,가평 2023_04.csv,문화관광,전시시설
가평,2023,4,2023-04,45,경기도,가평군,남도꽃정원,237,가평 2023_04.csv,문화관광,도시공원
가평,2023,4,2023-04,46,경기도,가평군,브릿지짚라인,230,가평 2023_04.csv,레저스포츠,기타레저스포츠
가평,2023,4,2023-04,47,경기도,가평군,가평수목원,228,가평 2023_04.csv,자연관광,자연공원
가평,2023,4,2023-04,48,경기도,가평군,캠프통포레스트,203,가평 2023_04.csv,레저스포츠,수상레저스포츠
가평,2023,4,2023-04,49,경기도,가평군,W홀스랜드,193,가평 2023_04.csv,레저스포츠,육상레저스포츠
가평,2023,4,2023-04,50,경기도,가평군,가평TOP랜드,191,가평 2023_04.csv,레저스포츠,수상레저스포츠
가평,2023,4,2023-04,51,경기도,가평군,캠프통아일랜드,171,가평 2023_04.csv,레저스포츠,수상레저스포츠
가평,2023,4,2023-04,52,경기도,가평군,목동버스터미널,165,가평 2023_04.csv,기타관광,교통시설
가평,2023,4,2023-04,53,경기도,가평군,스카이라인짚와이어,157,가평 2023_04.csv,문화관광,복합관광시설
가평,2023,4,2023-04,54,경기도,가평군,탑코리아수상레저,150,가평 2023_04.csv,레저스포츠,수상레저스포츠
가평,2023,4,2023-04,55,경기도,가평군,가평레져카트장,130,가평 2023_04.csv,레저스포츠,기타레저스포츠
가평,2023,4,2023-04,56,경기도,가평군,가평정기5일시장,128,가평 2023_04.csv,쇼핑,시장
가평,2023,4,2023-04,56,경기도,가평군,청평유원지,128,가평 2023_04.csv,문화관광,복합관광시설
가평,2023,4,2023-04,58,경기도,가평군,이정웅스페이스,123,가평 2023_04.csv,문화관광,전시시설
가평,2023,4,2023-04,59,경기도,가평군,물의나라유원지,119,가평 2023_04.csv,문화관광,복합관광시설
가평,2023,4,2023-04,60,경기도,가평군,수영인의마을,110,가평 2023_04.csv,레저스포츠,수상레저스포츠
가평,2023,4,2023-04,61,경기도,가평군,자라섬생태공원,107,가평 2023_04.csv,문화관광,도시공원
가평,2023,4,2023-04,62,경기도,가평군,대원사,106,가평 2023_04.csv,역사관광,종교성지
가평,2023,4,2023-04,63,경기도,가평군,말리부수상레저,102,가평 2023_04.csv,레저스포츠,기타레저스포츠
가평,2023,4,2023-04,64,경기도,가평군,용소폭포,99,가평 2023_04.csv,자연관광,자연경관(산)
가평,2023,4,2023-04,64,경기도,가평군,포세이돈,99,가평 2023_04.csv,레저스포츠,수상레저스포츠
가평,2023,4,2023-04,66,경기도,가평군,리버랜드번지점프장,96,가평 2023_04.csv,레저스포츠,육상레저스포츠
가평,2023,4,2023-04,67,경기도,가평군,트니트니어드벤처,95,가평 2023_04.csv,문화관광,테마공원
가평,2023,4,2023-04,67,경기도,가평군,에덴벚꽃길야외공연장,95,가평 2023_04.csv,문화관광,공연시설
가평,2023,4,2023-04,69,경기도,가평군,청평워터피아,94,가평 2023_04.csv,레저스포츠,수상레저스포츠
가평,2023,4,2023-04,70,경기도,가평군,가평파크골프장,90,가평 2023_04.csv,레저스포츠,육상레저스포츠
가평,2023,4,2023-04,71,경기도,가평군,운악산성불사,87,가평 2023_04.csv,역사관광,종교성지
가평,2023,4,2023-04,72,경기도,가평군,도장골낚시터,86,가평 2023_04.csv,레저스포츠,수상레저스포츠
가평,2023,4,2023-04,72,경기도,가평군,명지산생태전시관,86,가평 2023_04.csv,문화관광,전시시설
가평,2023,4,2023-04,74,경기도,가평군,현리유원지,85,가평 2023_04.csv,문화관광,복합관광시설
가평,2023,4,2023-04,75,경기도,가평군,HJ매그놀리아멋집,78,가평 2023_04.csv,문화관광,기타문화관광지
가평,2023,4,2023-04,76,경기도,가평군,씨브이리조트,77,가평 2023_04.csv,레저스포츠,수상레저스포츠
가평,2023,4,2023-04,77,경기도,가평군,가평뮤직빌리지1939시네마,76,가평 2023_04.csv,문화관광,공연시설
가평,2023,4,2023-04,78,경기도,가평군,자라섬워터파크,72,가평 2023_04.csv,문화관광,테마공원
가평,2023,4,2023-04,79,경기도,가평군,클럽이글스수상레저,71,가평 2023_04.csv,레저스포츠,기타레저스포츠
가평,2023,4,2023-04,80,경기도,가평군,중앙내수면연구소벚꽃길,65,가평 2023_04.csv,기타관광,기타관광
가평,2023,4,2023-04,81,경기도,가평군,달마공원관음사,60,가평 2023_04.csv,역사관광,종교성지
가평,2023,4,2023-04,81,경기도,가평군,남송미술관,60,가평 2023_04.csv,문화관광,전시시설
가평,2023,4,2023-04,81,경기도,가평군,설악5일장,60,가평 2023_04.csv,쇼핑,시장
가평,2023,4,2023-04,84,경기도,가평군,상천낚시터,59,가평 2023_04.csv,레저스포츠,수상레저스포츠
가평,2023,4,2023-04,85,경기도,가평군,취옹예술관,55,가평 2023_04.csv,문화관광,전시시설
가평,2023,4,2023-04,86,경기도,가평군,웨이크베이리조트,52,가평 2023_04.csv,레저스포츠,기타레저스포츠
가평,2023,4,2023-04,87,경기도,가평군,백팔유원지,50,가평 2023_04.csv,문화관광,복합관광시설
가평,2023,4,2023-04,87,경기도,가평군,청평암,50,가평 2023_04.csv,역사관광,종교성지
가평,2023,4,2023-04,89,경기도,가평군,가평현리5일장,49,가평 2023_04.csv,쇼핑,시장
가평,2023,4,2023-04,90,경기도,가평군,산림생태문화체험단지,47,가평 2023_04.csv,기타관광,기타관광
가평,2023,4,2023-04,91,경기도,가평군,산유낚시터,46,가평 2023_04.csv,레저스포츠,수상레저스포츠
가평,2023,4,2023-04,92,경기도,가평군,상면생활체육공원,44,가평 2023_04.csv,문화관광,도시공원
가평,2023,4,2023-04,93,경기도,가평군,조종생활체육공원,42,가평 2023_04.csv,문화관광,도시공원
가평,2023,4,2023-04,94,경기도,가평군,수풀로삼회리,41,가평 2023_04.csv,문화관광,도시공원
가평,2023,4,2023-04,94,경기도,가평군,토마토레저파크,41,가평 2023_04.csv,레저스포츠,기타레저스포츠
가평,2023,4,2023-04,94,경기도,가평군,상락향수도원,41,가평 2023_04.csv,역사관광,종교성지
가평,2023,4,2023-04,97,경기도,가평군,대성리국민관광지관광안내소,40,가평 2023_04.csv,기타관광,기타관광
가평,2023,4,2023-04,97,경기도,가평군,설악생활체육공원,40,가평 2023_04.csv,문화관광,도시공원
가평,2023,4,2023-04,97,경기도,가평군,가평역레져,40,가평 2023_04.csv,레저스포츠,기타레저스포츠
가평,2023,4,2023-04,100,경기도,가평군,크라운수상레저,39,가평 2023_04.csv,레저스포츠,수상레저스포츠
가평,2023,4,2023-04,101,경기도,가평군,자연과별천문대,38,가평 2023_04.csv,기타관광,기타관광
가평,2023,4,2023-04,101,경기도,가평군,대성수상레저,38,가평 2023_04.csv,레저스포츠,수상레저스포츠
가평,2023,4,2023-04,103,경기도,가평군,청평페리유람선,36,가평 2023_04.csv,기타관광,교통시설
가평,2023,4,2023-04,103,경기도,가평군,노랑다리미술관,36,가평 2023_04.csv,문화관광,전시시설
가평,2023,4,2023-04,105,경기도,가평군,가마소유원지,35,가평 2023_04.csv,문화관광,복합관광시설
가평,2023,4,2023-04,106,경기도,가평군,북배산흑염소농장,33,가평 2023_04.csv,체험관광,농/산/어촌체험
가평,2023,4,2023-04,106,경기도,가평군,이화여자대학교수목원,33,가평 2023_04.csv,레저스포츠,육상레저스포츠
가평,2023,4,2023-04,106,경기도,가평군,가평빠지이비자수상레저,33,가평 2023_04.csv,레저스포츠,수상레저스포츠
가평,2023,4,2023-04,109,경기도,가평군,조종시네마,32,가평 2023_04.csv,문화관광,공연시설
가평,2023,4,2023-04,110,경기도,가평군,청평유원지,31,가평 2023_04.csv,문화관광,복합관광시설
가평,2023,4,2023-04,110,경기도,가평군,르푸앙수상레져,31,가평 2023_04.csv,레저스포츠,수상레저스포츠
가평,2023,4,2023-04,112,경기도,가평군,아루바수상레저,30,가평 2023_04.csv,레저스포츠,기타레저스포츠
가평,2023,4,2023-04,112,경기도,가평군,청정낚시터,30,가평 2023_04.csv,레저스포츠,수상레저스포츠
가평,2023,4,2023-04,112,경기도,가평군,폭포낚시,30,가평 2023_04.csv,레저스포츠,수상레저스포츠
가평,2023,4,2023-04,115,경기도,가평군,향원사,29,가평 2023_04.csv,역사관광,종교성지
가평,2023,4,2023-04,116,경기도,가평군,물조은빠지,28,가평 2023_04.csv,레저스포츠,수상레저스포츠
가평,2023,4,2023-04,116,경기도,가평군,청평스포랜드번지점프장,28,가평 2023_04.csv,레저스포츠,육상레저스포츠
가평,2023,4,2023-04,118,경기도,가평군,삼원수상레저,27,가평 2023_04.csv,레저스포츠,기타레저스포츠
가평,2023,4,2023-04,119,경기도,가평군,북면생활체육공원,26,가평 2023_04.csv,문화관광,도시공원
가평,2023,4,2023-04,119,경기도,가평군,영연방참전기념비,26,가평 2023_04.csv,역사관광,역사유물
가평,2023,4,2023-04,119,경기도,가평군,인터렉티브아트뮤지엄,26,가평 2023_04.csv,문화관광,전시시설
가평,2023,4,2023-04,122,경기도,가평군,아마란스리조트,25,가평 2023_04.csv,레저스포츠,수상레저스포츠
가평,2023,4,2023-04,122,경기도,가평군,소풍레저,25,가평 2023_04.csv,레저스포츠,수상레저스포츠
가평,2023,4,2023-04,124,경기도,가평군,경기도잣향기푸른숲안내매표소,24,가평 2023_04.csv,기타관광,기타관광
가평,2023,4,2023-04,125,경기도,가평군,청룡사,23,가평 2023_04.csv,역사관광,종교성지
가평,2023,4,2023-04,126,경기도,가평군,초이수상레저,22,가평 2023_04.csv,레저스포츠,수상레저스포츠
가평,2023,4,2023-04,127,경기도,가평군,호주전투기념비,21,가평 2023_04.csv,역사관광,역사유물
가평,2023,4,2023-04,127,경기도,가평군,가평빠지클럽비발디,21,가평 2023_04.csv,레저스포츠,수상레저스포츠
가평,2023,4,2023-04,127,경기도,가평군,서호유원지,21,가평 2023_04.csv,문화관광,복합관광시설
가평,2023,4,2023-04,127,경기도,가평군,선어치,21,가평 2023_04.csv,자연관광,자연경관(산)
가평,2023,4,2023-04,131,경기도,가평군,빠져수상레저,20,가평 2023_04.csv,레저스포츠,수상레저스포츠
가평,2023,4,2023-04,131,경기도,가평군,운곡암,20,가평 2023_04.csv,역사관광,종교성지
가평,2023,4,2023-04,131,경기도,가평군,연인산도립공원탐방안내소,20,가평 2023_04.csv,기타관광,기타관광
가평,2023,4,2023-04,134,경기도,가평군,스프레드프리다이빙,19,가평 2023_04.csv,레저스포츠,수상레저스포츠
가평,2023,4,2023-04,134,경기도,가평군,아토믹워터파크,19,가평 2023_04.csv,문화관광,테마공원
가평,2023,4,2023-04,134,경기도,가평군,신청평대교야구장,19,가평 2023_04.csv,문화관광,레저스포츠시설
가평,2023,4,2023-04,137,경기도,가평군,버드나무유원지,18,가평 2023_04.csv,문화관광,복합관광시설
가평,2023,4,2023-04,138,경기도,가평군,가평문화창작공간얼쑤공장,17,가평 2023_04.csv,문화관광,기타문화관광지
가평,2023,4,2023-04,138,경기도,가평군,조종생활체육공원축구장,17,가평 2023_04.csv,문화관광,레저스포츠시설
가평,2023,4,2023-04,140,경기도,가평군,일지안호범미술관,16,가평 2023_04.csv,문화관광,전시시설
가평,2023,4,2023-04,141,경기도,가평군,버드마리나수상레저,15,가평 2023_04.csv,레저스포츠,기타레저스포츠
가평,2023,4,2023-04,141,경기도,가평군,레인보우수상레저,15,가평 2023_04.csv,레저스포츠,수상레저스포츠
가평,2023,4,2023-04,141,경기도,가평군,워터플레이,15,가평 2023_04.csv,레저스포츠,수상레저스포츠
가평,2023,4,2023-04,141,경기도,가평군,구원사,15,가평 2023_04.csv,역사관광,종교성지
가평,2023,4,2023-04,145,경기도,가평군,설악생활체육공원축구장,14,가평 2023_04.csv,문화관광,레저스포츠시설
가평,2023,4,2023-04,145,경기도,가평군,바하마수상레포츠,14,가평 2023_04.csv,레저스포츠,수상레저스포츠
가평,2023,4,2023-04,145,경기도,가평군,썸머타임수상레저,14,가평 2023_04.csv,레저스포츠,수상레저스포츠
가평,2023,4,2023-04,145,경기도,가평군,클럽펀,14,가평 2023_04.csv,레저스포츠,수상레저스포츠
가평,2023,4,2023-04,145,경기도,가평군,가평무브베이스볼파크,14,가평 2023_04.csv,문화관광,레저스포츠시설
가평,2023,4,2023-04,145,경기도,가평군,에덴야구장,14,가평 2023_04.csv,문화관광,레저스포츠시설
가평,2023,4,2023-04,145,경기도,가평군,바우유원지,14,가평 2023_04.csv,문화관광,복합관광시설
가평,2023,4,2023-04,145,경기도,가평군,맨하탄수상레져,14,가평 2023_04.csv,레저스포츠,수상레저스포츠
가평,2023,4,2023-04,153,경기도,가평군,이지수상레져,13,가평 2023_04.csv,레저스포츠,기타레저스포츠
가평,2023,4,2023-04,153,경기도,가평군,그린수상레져,13,가평 2023_04.csv,레저스포츠,수상레저스포츠
가평,2023,4,2023-04,153,경기도,가평군,청춘역1979,13,가평 2023_04.csv,문화관광,도시공원
가평,2023,4,2023-04,153,경기도,가평군,청평자연유원지,13,가평 2023_04.csv,문화관광,복합관광시설
가평,2023,4,2023-04,153,경기도,가평군,태은사,13,가평 2023_04.csv,역사관광,종교성지
가평,2023,4,2023-04,153,경기도,가평군,뉴돌고래레저,13,가평 2023_04.csv,레저스포츠,수상레저스포츠
가평,2023,4,2023-04,159,경기도,가평군,라인수상레저,12,가평 2023_04.csv,레저스포츠,수상레저스포츠
가평,2023,4,2023-04,159,경기도,가평군,가평묘목농원,12,가평 2023_04.csv,체험관광,농/산/어촌체험
가평,2023,4,2023-04,159,경기도,가평군,캐나다전투기념비,12,가평 2023_04.csv,역사관광,역사유물
가평,2023,4,2023-04,159,경기도,가평군,두밀리낚시터,12,가평 2023_04.csv,레저스포츠,수상레저스포츠
가평,2023,4,2023-04,159,경기도,가평군,가평낚시터,12,가평 2023_04.csv,레저스포츠,수상레저스포츠
가평,2023,4,2023-04,159,경기도,가평군,청평첫집,12,가평 2023_04.csv,레저스포츠,수상레저스포츠
가평,2023,4,2023-04,165,경기도,가평군,샛자리스튜디오,11,가평 2023_04.csv,문화관광,기타문화관광지
가평,2023,4,2023-04,165,경기도,가평군,성운사,11,가평 2023_04.csv,역사관광,종교성지
가평,2023,4,2023-04,167,경기도,가평군,호국연호사,10,가평 2023_04.csv,역사관광,종교성지
가평,2023,4,2023-04,167,경기도,가평군,보납산전망대,10,가평 2023_04.csv,문화관광,랜드마크관광
가평,2023,4,2023-04,167,경기도,가평군,가평하늘커피농장,10,가평 2023_04.csv,체험관광,농/산/어촌체험
가평,2023,4,2023-04,170,경기도,가평군,청평캠프,9,가평 2023_04.csv,레저스포츠,기타레저스포츠
가평,2023,4,2023-04,170,경기도,가평군,관음사,9,가평 2023_04.csv,역사관광,종교성지
가평,2023,4,2023-04,170,경기도,가평군,극락정사,9,가평 2023_04.csv,역사관광,종교성지
가평,2023,4,2023-04,170,경기도,가평군,모비딕수상레저,9,가평 2023_04.csv,레저스포츠,수상레저스포츠
가평,2023,4,2023-04,174,경기도,가평군,이정구선생묘,8,가평 2023_04.csv,역사관광,역사유적지
가평,2023,4,2023-04,174,경기도,가평군,가평사계절썰매장,8,가평 2023_04.csv,레저스포츠,육상레저스포츠
가평,2023,4,2023-04,174,경기도,가평군,여여암,8,가평 2023_04.csv,역사관광,종교성지
가평,2023,4,2023-04,177,경기도,가평군,킹웨이크서프스쿨,7,가평 2023_04.csv,레저스포츠,수상레저스포츠
가평,2023,4,2023-04,177,경기도,가평군,밤골유원지,7,가평 2023_04.csv,문화관광,복합관광시설
가평,2023,4,2023-04,177,경기도,가평군,대성낚시터,7,가평 2023_04.csv,레저스포츠,수상레저스포츠
가평,2023,4,2023-04,177,경기도,가평군,호수유원지,7,가평 2023_04.csv,문화관광,복합관광시설
가평,2023,4,2023-04,177,경기도,가평군,더스테이힐링파크와일드가든,7,가평 2023_04.csv,문화관광,도시공원
가평,2023,4,2023-04,177,경기도,가평군,자라섬리버마켓,7,가평 2023_04.csv,쇼핑,시장
가평,2023,4,2023-04,183,경기도,가평군,운악산용수사,6,가평 2023_04.csv,역사관광,종교성지
가평,2023,4,2023-04,183,경기도,가평군,상천루,6,가평 2023_04.csv,문화관광,도시공원
가평,2023,4,2023-04,183,경기도,가평군,리버빌런,6,가평 2023_04.csv,레저스포츠,수상레저스포츠
가평,2023,4,2023-04,183,경기도,가평군,바르도수상레저,6,가평 2023_04.csv,레저스포츠,수상레저스포츠
가평,2023,4,2023-04,183,경기도,가평군,서프앤,6,가평 2023_04.csv,레저스포츠,수상레저스포츠
가평,2023,4,2023-04,183,경기도,가평군,록산갤러리,6,가평 2023_04.csv,문화관광,전시시설
가평,2023,4,2023-04,183,경기도,가평군,양진나루선착장,6,가평 2023_04.csv,기타관광,교통시설
가평,2023,4,2023-04,183,경기도,가평군,광법사,6,가평 2023_04.csv,역사관광,종교성지
가평,2023,4,2023-04,183,경기도,가평군,북한강유원지,6,가평 2023_04.csv,문화관광,복합관광시설
가평,2023,4,2023-04,183,경기도,가평군,밤나무골유원지,6,가평 2023_04.csv,문화관광,복합관광시설
가평,2023,4,2023-04,183,경기도,가평군,청평리버랜드수상레저,6,가평 2023_04.csv,문화관광,복합관광시설
가평,2023,4,2023-04,183,경기도,가평군,마린보이,6,가평 2023_04.csv,레저스포츠,수상레저스포츠
가평,2023,4,2023-04,183,경기도,가평군,모험의시작,6,가평 2023_04.csv,레저스포츠,수상레저스포츠
가평,2023,4,2023-04,183,경기도,가평군,흥국사,6,가평 2023_04.csv,역사관광,종교성지
가평,2023,4,2023-04,183,경기도,가평군,헤이븐,6,가평 2023_04.csv,레저스포츠,수상레저스포츠
가평,2023,4,2023-04,198,경기도,가평군,유명산자생식물원,5,가평 2023_04.csv,문화관광,테마공원
가평,2023,4,2023-04,198,경기도,가평군,가평엑스수상레져,5,가평 2023_04.csv,레저스포츠,수상레저스포츠
가평,2023,4,2023-04,198,경기도,가평군,설악낚시터,5,가평 2023_04.csv,레저스포츠,수상레저스포츠
가평,2023,4,2023-04,198,경기도,가평군,북한강레저클럽,5,가평 2023_04.csv,레저스포츠,기타레저스포츠
가평,2023,4,2023-04,198,경기도,가평군,하천리체육공원,5,가평 2023_04.csv,문화관광,도시공원
가평,2023,4,2023-04,198,경기도,가평군,더스테이힐링파크알파와앵무,5,가평 2023_04.csv,문화관광,테마공원
가평,2023,4,2023-04,204,경기도,가평군,수궁유원지,4,가평 2023_04.csv,문화관광,복합관광시설
가평,2023,4,2023-04,204,경기도,가평군,가평군관공선선착장,4,가평 2023_04.csv,기타관광,교통시설
가평,2023,4,2023-04,204,경기도,가평군,팀더블유,4,가평 2023_04.csv,레저스포츠,기타레저스포츠
가평,2023,4,2023-04,204,경기도,가평군,가평현암농경박물관,4,가평 2023_04.csv,문화관광,전시시설
가평,2023,4,2023-04,204,경기도,가평군,가림미술관,4,가평 2023_04.csv,문화관광,전시시설
가평,2023,4,2023-04,204,경기도,가평군,가평향교,4,가평 2023_04.csv,역사관광,역사유적지
가평,2023,4,2023-04,204,경기도,가평군,마린랜드,4,가평 2023_04.csv,레저스포츠,수상레저스포츠
가평,2023,4,2023-04,204,경기도,가평군,황룡뿌리,4,가평 2023_04.csv,체험관광,농/산/어촌체험
가평,2023,4,2023-04,204,경기도,가평군,빠지고,4,가평 2023_04.csv,레저스포츠,수상레저스포츠
가평,2023,4,2023-04,204,경기도,가평군,수동목장,4,가평 2023_04.csv,체험관광,농/산/어촌체험
가평,2023,4,2023-04,204,경기도,가평군,사랑해체험마을,4,가평 2023_04.csv,레저스포츠,기타레저스포츠
가평,2023,4,2023-04,204,경기도,가평군,가람농원,4,가평 2023_04.csv,체험관광,농/산/어촌체험
가평,2023,4,2023-04,216,경기도,가평군,동보농원,3,가평 2023_04.csv,체험관광,농/산/어촌체험
가평,2023,4,2023-04,216,경기도,가평군,대성사,3,가평 2023_04.csv,역사관광,종교성지
가평,2023,4,2023-04,216,경기도,가평군,클럽미사수상레저,3,가평 2023_04.csv,레저스포츠,수상레저스포츠
가평,2023,4,2023-04,216,경기도,가평군,가람유원지,3,가평 2023_04.csv,문화관광,복합관광시설
가평,2023,4,2023-04,216,경기도,가평군,무아레풀무아레,3,가평 2023_04.csv,문화관광,테마공원
가평,2023,4,2023-04,216,경기도,가평군,가평레저파크,3,가평 2023_04.csv,레저스포츠,기타레저스포츠
가평,2023,4,2023-04,216,경기도,가평군,어거스트수상레저,3,가평 2023_04.csv,레저스포츠,수상레저스포츠
가평,2023,4,2023-04,216,경기도,가평군,산림복합체험센터,3,가평 2023_04.csv,문화관광,기타문화관광지
가평,2023,4,2023-04,216,경기도,가평군,사공일샵,3,가평 2023_04.csv,체험관광,공예체험
가평,2023,4,2023-04,216,경기도,가평군,뫼오름농원,3,가평 2023_04.csv,체험관광,농/산/어촌체험
가평,2023,4,2023-04,216,경기도,가평군,가평화랑유원지,3,가평 2023_04.csv,문화관광,복합관광시설
가평,2023,4,2023-04,216,경기도,가평군,이천보고가,3,가평 2023_04.csv,역사관광,역사유적지
가평,2023,4,2023-04,216,경기도,가평군,산울로수상스키,3,가평 2023_04.csv,레저스포츠,기타레저스포츠
가평,2023,4,2023-04,216,경기도,가평군,워터피아,3,가평 2023_04.csv,레저스포츠,기타레저스포츠
가평,2023,4,2023-04,216,경기도,가평군,양지농원,3,가평 2023_04.csv,체험관광,농/산/어촌체험
가평,2023,4,2023-04,216,경기도,가평군,카페리수상레저,3,가평 2023_04.csv,레저스포츠,수상레저스포츠
가평,2023,4,2023-04,216,경기도,가평군,청평마루승마클럽,3,가평 2023_04.csv,레저스포츠,육상레저스포츠
가평,2023,4,2023-04,216,경기도,가평군,스타라인,3,가평 2023_04.csv,레저스포츠,수상레저스포츠
가평,2023,4,2023-04,216,경기도,가평군,용추계곡유원지,3,가평 2023_04.csv,문화관광,복합관광시설
가평,2023,4,2023-04,216,경기도,가평군,탐선계곡유원지,3,가평 2023_04.csv,문화관광,복합관광시설
가평,2023,4,2023-04,216,경기도,가평군,리버포인트수상레저,3,가평 2023_04.csv,레저스포츠,수상레저스포츠
가평,2023,4,2023-04,216,경기도,가평군,명지계곡유원지,3,가평 2023_04.csv,문화관광,복합관광시설
가평,2023,4,2023-04,216,경기도,가평군,화야산자연발생유원지,3,가평 2023_04.csv,문화관광,복합관광시설
가평,2023,4,2023-04,216,경기도,가평군,상락향,3,가평 2023_04.csv,역사관광,종교성지
가평,2023,4,2023-04,216,경기도,가평군,현종사,3,가평 2023_04.csv,역사관광,종교성지
가평,2023,4,2023-04,216,경기도,가평군,라온수상레져,3,가평 2023_04.csv,레저스포츠,수상레저스포츠
가평,2023,4,2023-04,216,경기도,가평군,마콤갤러리,3,가평 2023_04.csv,문화관광,전시시설
가평,2023,4,2023-04,216,경기도,가평군,욜로수상레저,3,가평 2023_04.csv,레저스포츠,수상레저스포츠
가평,2023,4,2023-04,216,경기도,가평군,항아리바위유원지,3,가평 2023_04.csv,기타관광,기타관광
가평,2023,4,2023-04,216,경기도,가평군,마트1번가,3,가평 2023_04.csv,쇼핑,쇼핑몰
가평,2023,4,2023-04,216,경기도,가평군,엘혜윰의정원,3,가평 2023_04.csv,레저스포츠,육상레저스포츠
가평,2023,4,2023-04,216,경기도,가평군,돌고래수상레저,3,가평 2023_04.csv,레저스포츠,기타레저스포츠
가평,2023,4,2023-04,216,경기도,가평군,밤나무유원지,3,가평 2023_04.csv,문화관광,복합관광시설
가평,2023,4,2023-04,216,경기도,가평군,대성석가사,3,가평 2023_04.csv,역사관광,종교성지
가평,2023,4,2023-04,216,경기도,가평군,가평열기구,3,가평 2023_04.csv,레저스포츠,기타레저스포츠
가평,2023,4,2023-04,216,경기도,가평군,스마일수상레저,3,가평 2023_04.csv,레저스포츠,수상레저스포츠
가평,2023,4,2023-04,216,경기도,가평군,꿈의동산놀이공원안보전시관,3,가평 2023_04.csv,문화관광,전시시설
가평,2023,4,2023-04,216,경기도,가평군,김중식미술관,3,가평 2023_04.csv,문화관광,전시시설
가평,2023,5,2023-05,1,경기도,가평군,아침고요수목원,14882,가평 2023_05.csv,문화관광,테마공원
가평,2023,5,2023-05,2,경기도,가평군,남이섬선착장,8863,가평 2023_05.csv,기타관광,교통시설
가평,2023,5,2023-05,3,경기도,가평군,썬힐GC,6922,가평 2023_05.csv,레저스포츠,육상레저스포츠
가평,2023,5,2023-05,4,경기도,가평군,가평베네스트GC,6707,가평 2023_05.csv,레저스포츠,육상레저스포츠
가평,2023,5,2023-05,5,경기도,가평군,청평역,6602,가평 2023_05.csv,기타관광,교통시설
가평,2023,5,2023-05,6,경기도,가평군,아난티코드골프클럽,6389,가평 2023_05.csv,레저스포츠,육상레저스포츠
가평,2023,5,2023-05,7,경기도,가평군,리앤리CC,5226,가평 2023_05.csv,레저스포츠,육상레저스포츠
가평,2023,5,2023-05,8,경기도,가평군,크리스탈밸리CC,4753,가평 2023_05.csv,레저스포츠,육상레저스포츠
가평,2023,5,2023-05,9,경기도,가평군,프리스틴밸리GC,4725,가평 2023_05.csv,레저스포츠,육상레저스포츠
가평,2023,5,2023-05,10,경기도,가평군,쁘띠프랑스,4658,가평 2023_05.csv,문화관광,복합관광시설
가평,2023,5,2023-05,11,경기도,가평군,대성리역,4500,가평 2023_05.csv,기타관광,교통시설
가평,2023,5,2023-05,12,경기도,가평군,베뉴지CC,4167,가평 2023_05.csv,레저스포츠,육상레저스포츠
가평,2023,5,2023-05,13,경기도,가평군,마이다스밸리청평 골프클럽,3081,가평 2023_05.csv,레저스포츠,육상레저스포츠
가평,2023,5,2023-05,14,경기도,가평군,유명산자연휴양림,2773,가평 2023_05.csv,자연관광,자연공원
가평,2023,5,2023-05,15,경기도,가평군,현리시외버스터미널,2588,가평 2023_05.csv,기타관광,교통시설
가평,2023,5,2023-05,16,경기도,가평군,에델바이스스위스테마파크,2324,가평 2023_05.csv,문화관광,테마공원
가평,2023,5,2023-05,17,경기도,가평군,아침고요가족동물원,2097,가평 2023_05.csv,문화관광,테마공원
가평,2023,5,2023-05,18,경기도,가평군,경기도잣향기푸른숲,1863,가평 2023_05.csv,자연관광,자연공원
가평,2023,5,2023-05,19,경기도,가평군,청심평화월드센터,1427,가평 2023_05.csv,문화관광,공연시설
가평,2023,5,2023-05,20,경기도,가평군,강촌레일파크가평역,1415,가평 2023_05.csv,레저스포츠,기타레저스포츠
가평,2023,5,2023-05,21,경기도,가평군,가평시외버스터미널,1394,가평 2023_05.csv,기타관광,교통시설
가평,2023,5,2023-05,22,경기도,가평군,청평시외버스터미널,1062,가평 2023_05.csv,기타관광,교통시설
가평,2023,5,2023-05,23,경기도,가평군,K26잠수풀,1022,가평 2023_05.csv,레저스포츠,수상레저스포츠
가평,2023,5,2023-05,24,경기도,가평군,산장관광지,939,가평 2023_05.csv,문화관광,복합관광시설
가평,2023,5,2023-05,25,경기도,가평군,상천역,925,가평 2023_05.csv,기타관광,교통시설
가평,2023,5,2023-05,26,경기도,가평군,현등사,839,가평 2023_05.csv,역사관광,종교성지
가평,2023,5,2023-05,27,경기도,가평군,음악역1939,815,가평 2023_05.csv,문화관광,기타문화관광지
가평,2023,5,2023-05,28,경기도,가평군,피노키오와다빈치,600,가평 2023_05.csv,문화관광,복합관광시설
가평,2023,5,2023-05,29,경기도,가평군,청평자연휴양림,593,가평 2023_05.csv,자연관광,자연공원
가평,2023,5,2023-05,30,경기도,가평군,가평파크골프장,555,가평 2023_05.csv,레저스포츠,육상레저스포츠
가평,2023,5,2023-05,31,경기도,가평군,꿈의동산,514,가평 2023_05.csv,문화관광,복합관광시설
가평,2023,5,2023-05,32,경기도,가평군,한국초콜릿연구소뮤지엄,502,가평 2023_05.csv,문화관광,전시시설
가평,2023,5,2023-05,33,경기도,가평군,백련사,493,가평 2023_05.csv,역사관광,종교성지
가평,2023,5,2023-05,34,경기도,가평군,강씨봉자연휴양림,477,가평 2023_05.csv,자연관광,자연공원
가평,2023,5,2023-05,35,경기도,가평군,남도꽃정원,476,가평 2023_05.csv,문화관광,도시공원
가평,2023,5,2023-05,36,경기도,가평군,칼봉산자연휴양림,469,가평 2023_05.csv,자연관광,자연공원
가평,2023,5,2023-05,37,경기도,가평군,가평군어린이음악놀이터,449,가평 2023_05.csv,문화관광,테마공원
가평,2023,5,2023-05,38,경기도,가평군,캠프통포레스트,412,가평 2023_05.csv,레저스포츠,수상레저스포츠
가평,2023,5,2023-05,39,경기도,가평군,이화원,401,가평 2023_05.csv,문화관광,도시공원
가평,2023,5,2023-05,40,경기도,가평군,대성리국민관광지,380,가평 2023_05.csv,문화관광,복합관광시설
가평,2023,5,2023-05,41,경기도,가평군,가평별빛공원,362,가평 2023_05.csv,문화관광,도시공원
가평,2023,5,2023-05,42,경기도,가평군,청심국제청소년수련원,354,가평 2023_05.csv,레저스포츠,육상레저스포츠
가평,2023,5,2023-05,43,경기도,가평군,탑코리아수상레저,284,가평 2023_05.csv,레저스포츠,수상레저스포츠
가평,2023,5,2023-05,44,경기도,가평군,브릿지짚라인,279,가평 2023_05.csv,레저스포츠,기타레저스포츠
가평,2023,5,2023-05,45,경기도,가평군,캠프통아일랜드,270,가평 2023_05.csv,레저스포츠,수상레저스포츠
가평,2023,5,2023-05,46,경기도,가평군,천정궁박물관,265,가평 2023_05.csv,문화관광,전시시설
가평,2023,5,2023-05,47,경기도,가평군,더스테이힐링파크링스파3골프장,264,가평 2023_05.csv,레저스포츠,육상레저스포츠
가평,2023,5,2023-05,48,경기도,가평군,말리부수상레저,259,가평 2023_05.csv,레저스포츠,기타레저스포츠
가평,2023,5,2023-05,49,경기도,가평군,가평TOP랜드,240,가평 2023_05.csv,레저스포츠,수상레저스포츠
가평,2023,5,2023-05,50,경기도,가평군,청평5일시장,235,가평 2023_05.csv,쇼핑,시장
가평,2023,5,2023-05,51,경기도,가평군,가평수목원,202,가평 2023_05.csv,자연관광,자연공원
가평,2023,5,2023-05,52,경기도,가평군,가일미술관,192,가평 2023_05.csv,문화관광,전시시설
가평,2023,5,2023-05,53,경기도,가평군,용소폭포,190,가평 2023_05.csv,자연관광,자연경관(산)
가평,2023,5,2023-05,54,경기도,가평군,대원사,189,가평 2023_05.csv,역사관광,종교성지
가평,2023,5,2023-05,55,경기도,가평군,W홀스랜드,163,가평 2023_05.csv,레저스포츠,육상레저스포츠
가평,2023,5,2023-05,56,경기도,가평군,스카이라인짚와이어,158,가평 2023_05.csv,문화관광,복합관광시설
가평,2023,5,2023-05,56,경기도,가평군,클럽이글스수상레저,158,가평 2023_05.csv,레저스포츠,기타레저스포츠
가평,2023,5,2023-05,58,경기도,가평군,아토믹워터파크,154,가평 2023_05.csv,문화관광,테마공원
가평,2023,5,2023-05,59,경기도,가평군,리버랜드번지점프장,149,가평 2023_05.csv,레저스포츠,육상레저스포츠
가평,2023,5,2023-05,60,경기도,가평군,목동버스터미널,145,가평 2023_05.csv,기타관광,교통시설
가평,2023,5,2023-05,61,경기도,가평군,도장골낚시터,142,가평 2023_05.csv,레저스포츠,수상레저스포츠
가평,2023,5,2023-05,62,경기도,가평군,설악생활체육공원,135,가평 2023_05.csv,문화관광,도시공원
가평,2023,5,2023-05,63,경기도,가평군,수영인의마을,134,가평 2023_05.csv,레저스포츠,수상레저스포츠
가평,2023,5,2023-05,64,경기도,가평군,청평유원지,124,가평 2023_05.csv,문화관광,복합관광시설
가평,2023,5,2023-05,65,경기도,가평군,포세이돈,123,가평 2023_05.csv,레저스포츠,수상레저스포츠
가평,2023,5,2023-05,66,경기도,가평군,백팔유원지,122,가평 2023_05.csv,문화관광,복합관광시설
가평,2023,5,2023-05,67,경기도,가평군,트니트니어드벤처,119,가평 2023_05.csv,문화관광,테마공원
가평,2023,5,2023-05,68,경기도,가평군,워터플레이,115,가평 2023_05.csv,레저스포츠,수상레저스포츠
가평,2023,5,2023-05,69,경기도,가평군,자라섬생태공원,114,가평 2023_05.csv,문화관광,도시공원
가평,2023,5,2023-05,70,경기도,가평군,아루바수상레저,112,가평 2023_05.csv,레저스포츠,기타레저스포츠
가평,2023,5,2023-05,71,경기도,가평군,물의나라유원지,111,가평 2023_05.csv,문화관광,복합관광시설
가평,2023,5,2023-05,72,경기도,가평군,르푸앙수상레져,109,가평 2023_05.csv,레저스포츠,수상레저스포츠
가평,2023,5,2023-05,73,경기도,가평군,물조은빠지,106,가평 2023_05.csv,레저스포츠,수상레저스포츠
가평,2023,5,2023-05,73,경기도,가평군,현리유원지,106,가평 2023_05.csv,문화관광,복합관광시설
가평,2023,5,2023-05,75,경기도,가평군,씨브이리조트,105,가평 2023_05.csv,레저스포츠,수상레저스포츠
가평,2023,5,2023-05,75,경기도,가평군,모비딕수상레저,105,가평 2023_05.csv,레저스포츠,수상레저스포츠
가평,2023,5,2023-05,77,경기도,가평군,가평레져카트장,104,가평 2023_05.csv,레저스포츠,기타레저스포츠
가평,2023,5,2023-05,78,경기도,가평군,청평워터피아,102,가평 2023_05.csv,레저스포츠,수상레저스포츠
가평,2023,5,2023-05,79,경기도,가평군,웨이크베이리조트,101,가평 2023_05.csv,레저스포츠,기타레저스포츠
가평,2023,5,2023-05,80,경기도,가평군,청평생활체육공원,100,가평 2023_05.csv,문화관광,도시공원
가평,2023,5,2023-05,80,경기도,가평군,이정웅스페이스,100,가평 2023_05.csv,문화관광,전시시설
가평,2023,5,2023-05,82,경기도,가평군,삼원수상레저,92,가평 2023_05.csv,레저스포츠,기타레저스포츠
가평,2023,5,2023-05,83,경기도,가평군,버드마리나수상레저,87,가평 2023_05.csv,레저스포츠,기타레저스포츠
가평,2023,5,2023-05,84,경기도,가평군,산림생태문화체험단지,86,가평 2023_05.csv,기타관광,기타관광
가평,2023,5,2023-05,85,경기도,가평군,이지수상레져,82,가평 2023_05.csv,레저스포츠,기타레저스포츠
가평,2023,5,2023-05,86,경기도,가평군,가평정기5일시장,81,가평 2023_05.csv,쇼핑,시장
가평,2023,5,2023-05,86,경기도,가평군,리버포인트수상레저,81,가평 2023_05.csv,레저스포츠,수상레저스포츠
가평,2023,5,2023-05,88,경기도,가평군,운악산성불사,80,가평 2023_05.csv,역사관광,종교성지
가평,2023,5,2023-05,89,경기도,가평군,가평뮤직빌리지1939시네마,77,가평 2023_05.csv,문화관광,공연시설
가평,2023,5,2023-05,90,경기도,가평군,취옹예술관,76,가평 2023_05.csv,문화관광,전시시설
가평,2023,5,2023-05,91,경기도,가평군,달마공원관음사,73,가평 2023_05.csv,역사관광,종교성지
가평,2023,5,2023-05,92,경기도,가평군,자라섬워터파크,72,가평 2023_05.csv,문화관광,테마공원
가평,2023,5,2023-05,93,경기도,가평군,레인보우수상레저,70,가평 2023_05.csv,레저스포츠,수상레저스포츠
가평,2023,5,2023-05,93,경기도,가평군,조종생활체육공원,70,가평 2023_05.csv,문화관광,도시공원
가평,2023,5,2023-05,95,경기도,가평군,에덴야구장,69,가평 2023_05.csv,문화관광,레저스포츠시설
가평,2023,5,2023-05,96,경기도,가평군,바하마수상레포츠,67,가평 2023_05.csv,레저스포츠,수상레저스포츠
가평,2023,5,2023-05,97,경기도,가평군,가평빠지이비자수상레저,66,가평 2023_05.csv,레저스포츠,수상레저스포츠
가평,2023,5,2023-05,98,경기도,가평군,대성수상레저,64,가평 2023_05.csv,레저스포츠,수상레저스포츠
가평,2023,5,2023-05,99,경기도,가평군,맨하탄수상레져,63,가평 2023_05.csv,레저스포츠,수상레저스포츠
가평,2023,5,2023-05,100,경기도,가평군,명지산생태전시관,62,가평 2023_05.csv,문화관광,전시시설
가평,2023,5,2023-05,100,경기도,가평군,폭포낚시,62,가평 2023_05.csv,레저스포츠,수상레저스포츠
가평,2023,5,2023-05,102,경기도,가평군,가평빠지클럽비발디,61,가평 2023_05.csv,레저스포츠,수상레저스포츠
가평,2023,5,2023-05,103,경기도,가평군,가평역레져,56,가평 2023_05.csv,레저스포츠,기타레저스포츠
가평,2023,5,2023-05,103,경기도,가평군,청평암,56,가평 2023_05.csv,역사관광,종교성지
가평,2023,5,2023-05,105,경기도,가평군,빠져수상레저,54,가평 2023_05.csv,레저스포츠,수상레저스포츠
가평,2023,5,2023-05,106,경기도,가평군,가평사계절썰매장,53,가평 2023_05.csv,레저스포츠,육상레저스포츠
가평,2023,5,2023-05,106,경기도,가평군,노랑다리미술관,53,가평 2023_05.csv,문화관광,전시시설
가평,2023,5,2023-05,108,경기도,가평군,캐나다전투기념비,51,가평 2023_05.csv,역사관광,역사유물
가평,2023,5,2023-05,108,경기도,가평군,별비치워터파크,51,가평 2023_05.csv,문화관광,테마공원
가평,2023,5,2023-05,110,경기도,가평군,경기도잣향기푸른숲안내매표소,50,가평 2023_05.csv,기타관광,기타관광
가평,2023,5,2023-05,110,경기도,가평군,크라운수상레저,50,가평 2023_05.csv,레저스포츠,수상레저스포츠
가평,2023,5,2023-05,112,경기도,가평군,가평현리5일장,49,가평 2023_05.csv,쇼핑,시장
가평,2023,5,2023-05,112,경기도,가평군,설악생활체육공원축구장,49,가평 2023_05.csv,문화관광,레저스포츠시설
가평,2023,5,2023-05,112,경기도,가평군,상락향수도원,49,가평 2023_05.csv,역사관광,종교성지
가평,2023,5,2023-05,115,경기도,가평군,레저캠프,48,가평 2023_05.csv,레저스포츠,기타레저스포츠
가평,2023,5,2023-05,115,경기도,가평군,클럽펀,48,가평 2023_05.csv,레저스포츠,수상레저스포츠
가평,2023,5,2023-05,117,경기도,가평군,남송미술관,47,가평 2023_05.csv,문화관광,전시시설
가평,2023,5,2023-05,118,경기도,가평군,엘혜윰의정원,45,가평 2023_05.csv,레저스포츠,육상레저스포츠
가평,2023,5,2023-05,119,경기도,가평군,소풍레저,44,가평 2023_05.csv,레저스포츠,수상레저스포츠
가평,2023,5,2023-05,120,경기도,가평군,상천낚시터,42,가평 2023_05.csv,레저스포츠,수상레저스포츠
가평,2023,5,2023-05,120,경기도,가평군,설악5일장,42,가평 2023_05.csv,쇼핑,시장
가평,2023,5,2023-05,122,경기도,가평군,북면생활체육공원,41,가평 2023_05.csv,문화관광,도시공원
가평,2023,5,2023-05,122,경기도,가평군,북배산흑염소농장,41,가평 2023_05.csv,체험관광,농/산/어촌체험
가평,2023,5,2023-05,124,경기도,가평군,청정낚시터,39,가평 2023_05.csv,레저스포츠,수상레저스포츠
가평,2023,5,2023-05,124,경기도,가평군,두밀리낚시터,39,가평 2023_05.csv,레저스포츠,수상레저스포츠
가평,2023,5,2023-05,126,경기도,가평군,청룡사,37,가평 2023_05.csv,역사관광,종교성지
가평,2023,5,2023-05,126,경기도,가평군,산유낚시터,37,가평 2023_05.csv,레저스포츠,수상레저스포츠
가평,2023,5,2023-05,128,경기도,가평군,초이수상레저,36,가평 2023_05.csv,레저스포츠,수상레저스포츠
가평,2023,5,2023-05,128,경기도,가평군,상면생활체육공원,36,가평 2023_05.csv,문화관광,도시공원
가평,2023,5,2023-05,130,경기도,가평군,영연방참전기념비,35,가평 2023_05.csv,역사관광,역사유물
가평,2023,5,2023-05,130,경기도,가평군,모험의시작,35,가평 2023_05.csv,레저스포츠,수상레저스포츠
가평,2023,5,2023-05,130,경기도,가평군,바우유원지,35,가평 2023_05.csv,문화관광,복합관광시설
가평,2023,5,2023-05,133,경기도,가평군,조종시네마,34,가평 2023_05.csv,문화관광,공연시설
가평,2023,5,2023-05,133,경기도,가평군,돌고래수상레저,34,가평 2023_05.csv,레저스포츠,기타레저스포츠
가평,2023,5,2023-05,135,경기도,가평군,용추계곡유원지,33,가평 2023_05.csv,문화관광,복합관광시설
가평,2023,5,2023-05,135,경기도,가평군,성주사,33,가평 2023_05.csv,역사관광,종교성지
가평,2023,5,2023-05,137,경기도,가평군,청평유원지,32,가평 2023_05.csv,문화관광,복합관광시설
가평,2023,5,2023-05,137,경기도,가평군,인터렉티브아트뮤지엄,32,가평 2023_05.csv,문화관광,전시시설
가평,2023,5,2023-05,139,경기도,가평군,라인수상레저,31,가평 2023_05.csv,레저스포츠,수상레저스포츠
가평,2023,5,2023-05,139,경기도,가평군,자연과별천문대,31,가평 2023_05.csv,기타관광,기타관광
가평,2023,5,2023-05,139,경기도,가평군,아마란스리조트,31,가평 2023_05.csv,레저스포츠,수상레저스포츠
가평,2023,5,2023-05,139,경기도,가평군,뉴돌고래레저,31,가평 2023_05.csv,레저스포츠,수상레저스포츠
가평,2023,5,2023-05,143,경기도,가평군,신청평대교야구장,30,가평 2023_05.csv,문화관광,레저스포츠시설
가평,2023,5,2023-05,144,경기도,가평군,바르도수상레저,29,가평 2023_05.csv,레저스포츠,수상레저스포츠
가평,2023,5,2023-05,144,경기도,가평군,서프앤,29,가평 2023_05.csv,레저스포츠,수상레저스포츠
가평,2023,5,2023-05,144,경기도,가평군,썸머타임수상레저,29,가평 2023_05.csv,레저스포츠,수상레저스포츠
가평,2023,5,2023-05,147,경기도,가평군,HJ매그놀리아멋집,28,가평 2023_05.csv,문화관광,기타문화관광지
가평,2023,5,2023-05,147,경기도,가평군,설악낚시터,28,가평 2023_05.csv,레저스포츠,수상레저스포츠
가평,2023,5,2023-05,147,경기도,가평군,가마소유원지,28,가평 2023_05.csv,문화관광,복합관광시설
가평,2023,5,2023-05,147,경기도,가평군,산울로수상스키,28,가평 2023_05.csv,레저스포츠,기타레저스포츠
가평,2023,5,2023-05,147,경기도,가평군,호국연호사,28,가평 2023_05.csv,역사관광,종교성지
가평,2023,5,2023-05,152,경기도,가평군,가평썸머플레이스,27,가평 2023_05.csv,레저스포츠,수상레저스포츠
가평,2023,5,2023-05,153,경기도,가평군,청춘역1979,25,가평 2023_05.csv,문화관광,도시공원
가평,2023,5,2023-05,153,경기도,가평군,일지안호범미술관,25,가평 2023_05.csv,문화관광,전시시설
가평,2023,5,2023-05,153,경기도,가평군,청평스포랜드번지점프장,25,가평 2023_05.csv,레저스포츠,육상레저스포츠
가평,2023,5,2023-05,156,경기도,가평군,청평페리유람선,24,가평 2023_05.csv,기타관광,교통시설
가평,2023,5,2023-05,156,경기도,가평군,설미재미술관,24,가평 2023_05.csv,문화관광,전시시설
가평,2023,5,2023-05,156,경기도,가평군,행복축구전용구장,24,가평 2023_05.csv,문화관광,레저스포츠시설
가평,2023,5,2023-05,156,경기도,가평군,크리스월드수상레저,24,가평 2023_05.csv,레저스포츠,수상레저스포츠
가평,2023,5,2023-05,160,경기도,가평군,그린수상레져,23,가평 2023_05.csv,레저스포츠,수상레저스포츠
가평,2023,5,2023-05,161,경기도,가평군,K2수상레져,22,가평 2023_05.csv,레저스포츠,수상레저스포츠
가평,2023,5,2023-05,161,경기도,가평군,토마토레저파크,22,가평 2023_05.csv,레저스포츠,기타레저스포츠
가평,2023,5,2023-05,163,경기도,가평군,팀더블유,21,가평 2023_05.csv,레저스포츠,기타레저스포츠
가평,2023,5,2023-05,163,경기도,가평군,샛자리스튜디오,21,가평 2023_05.csv,문화관광,기타문화관광지
가평,2023,5,2023-05,163,경기도,가평군,밤나무골유원지,21,가평 2023_05.csv,문화관광,복합관광시설
가평,2023,5,2023-05,163,경기도,가평군,욜로수상레저,21,가평 2023_05.csv,레저스포츠,수상레저스포츠
가평,2023,5,2023-05,167,경기도,가평군,미국한국전쟁참전기념비,20,가평 2023_05.csv,역사관광,역사유물
가평,2023,5,2023-05,168,경기도,가평군,마린컴퍼니클럽,19,가평 2023_05.csv,레저스포츠,수상레저스포츠
가평,2023,5,2023-05,168,경기도,가평군,자이언트수상레저리조트,19,가평 2023_05.csv,레저스포츠,수상레저스포츠
가평,2023,5,2023-05,168,경기도,가평군,용문산전투가평지구전적비,19,가평 2023_05.csv,역사관광,역사유물
가평,2023,5,2023-05,168,경기도,가평군,점프노리경기가평점,19,가평 2023_05.csv,문화관광,테마공원
가평,2023,5,2023-05,168,경기도,가평군,가평하늘커피농장,19,가평 2023_05.csv,체험관광,농/산/어촌체험
가평,2023,5,2023-05,168,경기도,가평군,성관사,19,가평 2023_05.csv,역사관광,종교성지
가평,2023,5,2023-05,168,경기도,가평군,희망축구전용구장,19,가평 2023_05.csv,문화관광,레저스포츠시설
가평,2023,5,2023-05,175,경기도,가평군,무아레풀무아레,18,가평 2023_05.csv,문화관광,테마공원
가평,2023,5,2023-05,175,경기도,가평군,향원사,18,가평 2023_05.csv,역사관광,종교성지
가평,2023,5,2023-05,175,경기도,가평군,카페리수상레저,18,가평 2023_05.csv,레저스포츠,수상레저스포츠
가평,2023,5,2023-05,175,경기도,가평군,스마일수상레저,18,가평 2023_05.csv,레저스포츠,수상레저스포츠
가평,2023,5,2023-05,179,경기도,가평군,마린랜드,17,가평 2023_05.csv,레저스포츠,수상레저스포츠
가평,2023,5,2023-05,179,경기도,가평군,썸머드림,17,가평 2023_05.csv,레저스포츠,수상레저스포츠
가평,2023,5,2023-05,179,경기도,가평군,대성석가사,17,가평 2023_05.csv,역사관광,종교성지
가평,2023,5,2023-05,182,경기도,가평군,가평무브베이스볼파크,16,가평 2023_05.csv,문화관광,레저스포츠시설
가평,2023,5,2023-05,182,경기도,가평군,헤이븐,16,가평 2023_05.csv,레저스포츠,수상레저스포츠
가평,2023,5,2023-05,184,경기도,가평군,가평빠지크리스월드수상레저,15,가평 2023_05.csv,레저스포츠,수상레저스포츠
가평,2023,5,2023-05,184,경기도,가평군,보납산전망대,15,가평 2023_05.csv,문화관광,랜드마크관광
가평,2023,5,2023-05,186,경기도,가평군,클럽미사수상레저,14,가평 2023_05.csv,레저스포츠,수상레저스포츠
가평,2023,5,2023-05,186,경기도,가평군,가평현암농경박물관,14,가평 2023_05.csv,문화관광,전시시설
가평,2023,5,2023-05,186,경기도,가평군,극락정사,14,가평 2023_05.csv,역사관광,종교성지
가평,2023,5,2023-05,186,경기도,가평군,가평문화창작공간얼쑤공장,14,가평 2023_05.csv,문화관광,기타문화관광지
가평,2023,5,2023-05,190,경기도,가평군,금개울유원지,13,가평 2023_05.csv,문화관광,복합관광시설
가평,2023,5,2023-05,190,경기도,가평군,항아리바위유원지,13,가평 2023_05.csv,기타관광,기타관광
가평,2023,5,2023-05,192,경기도,가평군,청오사,12,가평 2023_05.csv,역사관광,종교성지
가평,2023,5,2023-05,192,경기도,가평군,대성사,12,가평 2023_05.csv,역사관광,종교성지
가평,2023,5,2023-05,192,경기도,가평군,청평첫집,12,가평 2023_05.csv,레저스포츠,수상레저스포츠
가평,2023,5,2023-05,195,경기도,가평군,북한강유원지,11,가평 2023_05.csv,문화관광,복합관광시설
가평,2023,5,2023-05,195,경기도,가평군,루시아수상레저,11,가평 2023_05.csv,레저스포츠,수상레저스포츠
가평,2023,5,2023-05,195,경기도,가평군,가람농원,11,가평 2023_05.csv,체험관광,농/산/어촌체험
가평,2023,5,2023-05,198,경기도,가평군,운악산용수사,10,가평 2023_05.csv,역사관광,종교성지
가평,2023,5,2023-05,198,경기도,가평군,상천루,10,가평 2023_05.csv,문화관광,도시공원
가평,2023,5,2023-05,198,경기도,가평군,서프봉봉,10,가평 2023_05.csv,레저스포츠,수상레저스포츠
가평,2023,5,2023-05,198,경기도,가평군,삼성수상레져,10,가평 2023_05.csv,레저스포츠,기타레저스포츠
가평,2023,5,2023-05,198,경기도,가평군,청평산장유원지,10,가평 2023_05.csv,문화관광,복합관광시설
가평,2023,5,2023-05,198,경기도,가평군,청평리버랜드수상레저,10,가평 2023_05.csv,문화관광,복합관광시설
가평,2023,5,2023-05,198,경기도,가평군,가평낚시터,10,가평 2023_05.csv,레저스포츠,수상레저스포츠
가평,2023,5,2023-05,198,경기도,가평군,명지계곡유원지,10,가평 2023_05.csv,문화관광,복합관광시설
가평,2023,5,2023-05,198,경기도,가평군,호수유원지,10,가평 2023_05.csv,문화관광,복합관광시설
가평,2023,5,2023-05,198,경기도,가평군,성운사,10,가평 2023_05.csv,역사관광,종교성지
가평,2023,5,2023-05,198,경기도,가평군,해바라기유원지,10,가평 2023_05.csv,문화관광,복합관광시설
가평,2023,5,2023-05,209,경기도,가평군,가평철길공원,9,가평 2023_05.csv,문화관광,도시공원
가평,2023,5,2023-05,209,경기도,가평군,가람유원지,9,가평 2023_05.csv,문화관광,복합관광시설
가평,2023,5,2023-05,209,경기도,가평군,프리다이브그랑블루가평센터,9,가평 2023_05.csv,레저스포츠,수상레저스포츠
가평,2023,5,2023-05,209,경기도,가평군,리버빌수상레저타운,9,가평 2023_05.csv,레저스포츠,수상레저스포츠
가평,2023,5,2023-05,209,경기도,가평군,조종생활체육공원축구장,9,가평 2023_05.csv,문화관광,레저스포츠시설
가평,2023,5,2023-05,214,경기도,가평군,가평군관공선선착장,8,가평 2023_05.csv,기타관광,교통시설
가평,2023,5,2023-05,214,경기도,가평군,가평레저파크,8,가평 2023_05.csv,레저스포츠,기타레저스포츠
가평,2023,5,2023-05,214,경기도,가평군,은행나무낚시공원,8,가평 2023_05.csv,레저스포츠,수상레저스포츠
가평,2023,5,2023-05,214,경기도,가평군,도솔천사,8,가평 2023_05.csv,역사관광,종교성지
가평,2023,5,2023-05,214,경기도,가평군,운곡암,8,가평 2023_05.csv,역사관광,종교성지
가평,2023,5,2023-05,214,경기도,가평군,선어치,8,가평 2023_05.csv,자연관광,자연경관(산)
가평,2023,5,2023-05,214,경기도,가평군,연인산도립공원탐방안내소,8,가평 2023_05.csv,기타관광,기타관광
가평,2023,5,2023-05,214,경기도,가평군,더스테이힐링파크알파와앵무,8,가평 2023_05.csv,문화관광,테마공원
가평,2023,5,2023-05,222,경기도,가평군,일광사,7,가평 2023_05.csv,역사관광,종교성지
가평,2023,5,2023-05,222,경기도,가평군,클럽스텔라,7,가평 2023_05.csv,레저스포츠,기타레저스포츠
가평,2023,5,2023-05,222,경기도,가평군,가평화랑유원지,7,가평 2023_05.csv,문화관광,복합관광시설
가평,2023,5,2023-05,222,경기도,가평군,덕혜암,7,가평 2023_05.csv,역사관광,종교성지
가평,2023,5,2023-05,222,경기도,가평군,청수계곡유원지,7,가평 2023_05.csv,문화관광,복합관광시설
가평,2023,5,2023-05,222,경기도,가평군,청평자연유원지,7,가평 2023_05.csv,문화관광,복합관광시설
가평,2023,5,2023-05,222,경기도,가평군,아레나수상레저,7,가평 2023_05.csv,레저스포츠,수상레저스포츠
가평,2023,5,2023-05,222,경기도,가평군,태은사,7,가평 2023_05.csv,역사관광,종교성지
가평,2023,5,2023-05,230,경기도,가평군,킹웨이크서프스쿨,6,가평 2023_05.csv,레저스포츠,수상레저스포츠
가평,2023,5,2023-05,230,경기도,가평군,사공일샵,6,가평 2023_05.csv,체험관광,공예체험
가평,2023,5,2023-05,230,경기도,가평군,운악산출렁다리,6,가평 2023_05.csv,기타관광,기타관광
가평,2023,5,2023-05,230,경기도,가평군,용소유원지,6,가평 2023_05.csv,문화관광,복합관광시설
가평,2023,5,2023-05,230,경기도,가평군,이방실장군묘,6,가평 2023_05.csv,역사관광,역사유적지
가평,2023,5,2023-05,230,경기도,가평군,현등사삼층석탑,6,가평 2023_05.csv,역사관광,역사유적지
가평,2023,5,2023-05,230,경기도,가평군,청평캠프,6,가평 2023_05.csv,레저스포츠,기타레저스포츠
가평,2023,5,2023-05,230,경기도,가평군,성모유원지,6,가평 2023_05.csv,문화관광,복합관광시설
가평,2023,5,2023-05,230,경기도,가평군,흥국사,6,가평 2023_05.csv,역사관광,종교성지
가평,2023,5,2023-05,230,경기도,가평군,본각사,6,가평 2023_05.csv,역사관광,종교성지
가평,2023,5,2023-05,230,경기도,가평군,가평 수상레저 바이킹 빠지,6,가평 2023_05.csv,레저스포츠,수상레저스포츠
가평,2023,5,2023-05,230,경기도,가평군,자라섬테마파크물놀이장 휴장,6,가평 2023_05.csv,문화관광,테마공원
가평,2023,5,2023-05,242,경기도,가평군,반야사,5,가평 2023_05.csv,역사관광,종교성지
가평,2023,5,2023-05,243,경기도,가평군,아이언수상레저,4,가평 2023_05.csv,레저스포츠,기타레저스포츠
가평,2023,5,2023-05,243,경기도,가평군,무당소유원지,4,가평 2023_05.csv,문화관광,복합관광시설
가평,2023,5,2023-05,243,경기도,가평군,대성사,4,가평 2023_05.csv,역사관광,종교성지
가평,2023,5,2023-05,243,경기도,가평군,아트살롱바이모노플렉스,4,가평 2023_05.csv,문화관광,공연시설
가평,2023,5,2023-05,243,경기도,가평군,가평빠지블랙수상레저,4,가평 2023_05.csv,레저스포츠,수상레저스포츠
가평,2023,5,2023-05,243,경기도,가평군,떡바위유원지,4,가평 2023_05.csv,문화관광,복합관광시설
가평,2023,5,2023-05,243,경기도,가평군,승천사,4,가평 2023_05.csv,역사관광,종교성지
가평,2023,5,2023-05,243,경기도,가평군,보광사,4,가평 2023_05.csv,역사관광,종교성지
가평,2023,5,2023-05,243,경기도,가평군,빛나리유원지,4,가평 2023_05.csv,문화관광,복합관광시설
가평,2023,5,2023-05,243,경기도,가평군,SNG CLUB,4,가평 2023_05.csv,레저스포츠,수상레저스포츠
가평,2023,5,2023-05,243,경기도,가평군,애플농원,4,가평 2023_05.csv,체험관광,농/산/어촌체험
가평,2023,5,2023-05,243,경기도,가평군,빠지고,4,가평 2023_05.csv,레저스포츠,수상레저스포츠
가평,2023,5,2023-05,243,경기도,가평군,탐선계곡유원지,4,가평 2023_05.csv,문화관광,복합관광시설
가평,2023,5,2023-05,243,경기도,가평군,하천리체육공원,4,가평 2023_05.csv,문화관광,도시공원
가평,2023,5,2023-05,243,경기도,가평군,현종사,4,가평 2023_05.csv,역사관광,종교성지
가평,2023,5,2023-05,243,경기도,가평군,대금사,4,가평 2023_05.csv,역사관광,종교성지
가평,2023,5,2023-05,243,경기도,가평군,더스테이힐링파크와일드가든,4,가평 2023_05.csv,문화관광,도시공원
가평,2023,5,2023-05,243,경기도,가평군,밤나무유원지,4,가평 2023_05.csv,문화관광,복합관광시설
가평,2023,5,2023-05,243,경기도,가평군,자라섬리버마켓,4,가평 2023_05.csv,쇼핑,시장
가평,2023,5,2023-05,243,경기도,가평군,가평열기구,4,가평 2023_05.csv,레저스포츠,기타레저스포츠
가평,2023,5,2023-05,263,경기도,가평군,장아트갤러리,3,가평 2023_05.csv,문화관광,전시시설
가평,2023,5,2023-05,263,경기도,가평군,어거스트수상레저,3,가평 2023_05.csv,레저스포츠,수상레저스포츠
가평,2023,5,2023-05,263,경기도,가평군,이지서프웨이크서핑,3,가평 2023_05.csv,레저스포츠,수상레저스포츠
가평,2023,5,2023-05,263,경기도,가평군,스프레드프리다이빙,3,가평 2023_05.csv,레저스포츠,수상레저스포츠
가평,2023,5,2023-05,263,경기도,가평군,꽃무지풀무지,3,가평 2023_05.csv,자연관광,자연공원
가평,2023,5,2023-05,263,경기도,가평군,중앙내수면연구소벚꽃길,3,가평 2023_05.csv,기타관광,기타관광
가평,2023,5,2023-05,263,경기도,가평군,양진나루선착장,3,가평 2023_05.csv,기타관광,교통시설
가평,2023,5,2023-05,263,경기도,가평군,이천보고가,3,가평 2023_05.csv,역사관광,역사유적지
가평,2023,5,2023-05,263,경기도,가평군,원각사,3,가평 2023_05.csv,역사관광,종교성지
가평,2023,5,2023-05,263,경기도,가평군,신광사,3,가평 2023_05.csv,역사관광,종교성지
가평,2023,5,2023-05,263,경기도,가평군,연광사,3,가평 2023_05.csv,역사관광,종교성지
가평,2023,5,2023-05,263,경기도,가평군,영안청소년수련원,3,가평 2023_05.csv,레저스포츠,육상레저스포츠
가평,2023,5,2023-05,263,경기도,가평군,워터피아,3,가평 2023_05.csv,레저스포츠,기타레저스포츠
가평,2023,5,2023-05,263,경기도,가평군,이정구선생묘,3,가평 2023_05.csv,역사관광,역사유적지
가평,2023,5,2023-05,263,경기도,가평군,수풀로삼회리,3,가평 2023_05.csv,문화관광,도시공원
가평,2023,5,2023-05,263,경기도,가평군,감로사,3,가평 2023_05.csv,역사관광,종교성지
가평,2023,5,2023-05,263,경기도,가평군,관음사,3,가평 2023_05.csv,역사관광,종교성지
가평,2023,5,2023-05,263,경기도,가평군,약사사,3,가평 2023_05.csv,역사관광,종교성지
가평,2023,5,2023-05,263,경기도,가평군,구원사,3,가평 2023_05.csv,역사관광,종교성지
가평,2023,5,2023-05,263,경기도,가평군,광법사,3,가평 2023_05.csv,역사관광,종교성지
가평,2023,5,2023-05,263,경기도,가평군,금강사,3,가평 2023_05.csv,역사관광,종교성지
가평,2023,5,2023-05,263,경기도,가평군,중앙종묘사,3,가평 2023_05.csv,쇼핑,시장
가평,2023,5,2023-05,263,경기도,가평군,서호유원지,3,가평 2023_05.csv,문화관광,복합관광시설
가평,2023,5,2023-05,263,경기도,가평군,락마리나수상스키장,3,가평 2023_05.csv,레저스포츠,수상레저스포츠
가평,2023,5,2023-05,263,경기도,가평군,강변집,3,가평 2023_05.csv,레저스포츠,수상레저스포츠
가평,2023,5,2023-05,263,경기도,가평군,마린보이,3,가평 2023_05.csv,레저스포츠,수상레저스포츠
가평,2023,5,2023-05,263,경기도,가평군,수동목장,3,가평 2023_05.csv,체험관광,농/산/어촌체험
가평,2023,5,2023-05,263,경기도,가평군,중미산유원지,3,가평 2023_05.csv,문화관광,복합관광시설
가평,2023,5,2023-05,263,경기도,가평군,까치유원지,3,가평 2023_05.csv,문화관광,복합관광시설
가평,2023,5,2023-05,263,경기도,가평군,버드나무유원지,3,가평 2023_05.csv,문화관광,복합관광시설
가평,2023,5,2023-05,263,경기도,가평군,상락향,3,가평 2023_05.csv,역사관광,종교성지
가평,2023,5,2023-05,263,경기도,가평군,무송암,3,가평 2023_05.csv,문화관광,복합관광시설
가평,2023,5,2023-05,263,경기도,가평군,용마암사,3,가평 2023_05.csv,역사관광,종교성지
가평,2023,5,2023-05,263,경기도,가평군,라온수상레져,3,가평 2023_05.csv,레저스포츠,수상레저스포츠
가평,2023,5,2023-05,263,경기도,가평군,현대집,3,가평 2023_05.csv,레저스포츠,수상레저스포츠
가평,2023,5,2023-05,263,경기도,가평군,효심사,3,가평 2023_05.csv,역사관광,종교성지
가평,2023,5,2023-05,263,경기도,가평군,에덴벚꽃길야외공연장,3,가평 2023_05.csv,문화관광,공연시설
가평,2023,5,2023-05,263,경기도,가평군,육왕사,3,가평 2023_05.csv,역사관광,종교성지
가평,2023,5,2023-05,263,경기도,가평군,안골유원지,3,가평 2023_05.csv,문화관광,복합관광시설
가평,2023,5,2023-05,263,경기도,가평군,케이탑수상레저,3,가평 2023_05.csv,레저스포츠,수상레저스포츠
가평,2023,5,2023-05,263,경기도,가평군,보덕암,3,가평 2023_05.csv,역사관광,종교성지
가평,2023,5,2023-05,263,경기도,가평군,클럽나인수상레저,3,가평 2023_05.csv,레저스포츠,수상레저스포츠
가평,2023,5,2023-05,263,경기도,가평군,대보수련원,3,가평 2023_05.csv,레저스포츠,육상레저스포츠
가평,2023,6,2023-06,1,경기도,가평군,아침고요수목원,12672,가평 2023_06.csv,문화관광,테마공원
가평,2023,6,2023-06,2,경기도,가평군,남이섬선착장,8744,가평 2023_06.csv,기타관광,교통시설
가평,2023,6,2023-06,3,경기도,가평군,썬힐GC,6964,가평 2023_06.csv,레저스포츠,육상레저스포츠
가평,2023,6,2023-06,4,경기도,가평군,청평역,6837,가평 2023_06.csv,기타관광,교통시설
가평,2023,6,2023-06,5,경기도,가평군,가평베네스트GC,6585,가평 2023_06.csv,레저스포츠,육상레저스포츠
가평,2023,6,2023-06,6,경기도,가평군,아난티코드골프클럽,6575,가평 2023_06.csv,레저스포츠,육상레저스포츠
가평,2023,6,2023-06,7,경기도,가평군,베뉴지CC,5100,가평 2023_06.csv,레저스포츠,육상레저스포츠
가평,2023,6,2023-06,8,경기도,가평군,리앤리CC,4884,가평 2023_06.csv,레저스포츠,육상레저스포츠
가평,2023,6,2023-06,9,경기도,가평군,대성리역,4642,가평 2023_06.csv,기타관광,교통시설
가평,2023,6,2023-06,10,경기도,가평군,프리스틴밸리GC,4605,가평 2023_06.csv,레저스포츠,육상레저스포츠
가평,2023,6,2023-06,11,경기도,가평군,크리스탈밸리CC,4531,가평 2023_06.csv,레저스포츠,육상레저스포츠
가평,2023,6,2023-06,12,경기도,가평군,쁘띠프랑스,4299,가평 2023_06.csv,문화관광,복합관광시설
가평,2023,6,2023-06,13,경기도,가평군,유명산자연휴양림,3754,가평 2023_06.csv,자연관광,자연공원
가평,2023,6,2023-06,14,경기도,가평군,마이다스밸리청평 골프클럽,3016,가평 2023_06.csv,레저스포츠,육상레저스포츠
가평,2023,6,2023-06,15,경기도,가평군,현리시외버스터미널,2422,가평 2023_06.csv,기타관광,교통시설
가평,2023,6,2023-06,16,경기도,가평군,경기도잣향기푸른숲,2149,가평 2023_06.csv,자연관광,자연공원
가평,2023,6,2023-06,17,경기도,가평군,에델바이스스위스테마파크,2144,가평 2023_06.csv,문화관광,테마공원
가평,2023,6,2023-06,18,경기도,가평군,아침고요가족동물원,2002,가평 2023_06.csv,문화관광,테마공원
가평,2023,6,2023-06,19,경기도,가평군,캠프통포레스트,1629,가평 2023_06.csv,레저스포츠,수상레저스포츠
가평,2023,6,2023-06,20,경기도,가평군,가평시외버스터미널,1510,가평 2023_06.csv,기타관광,교통시설
가평,2023,6,2023-06,21,경기도,가평군,자라섬,1358,가평 2023_06.csv,자연관광,자연경관(하천/해양)
가평,2023,6,2023-06,22,경기도,가평군,강촌레일파크가평역,1340,가평 2023_06.csv,레저스포츠,기타레저스포츠
가평,2023,6,2023-06,23,경기도,가평군,청평시외버스터미널,1078,가평 2023_06.csv,기타관광,교통시설
가평,2023,6,2023-06,24,경기도,가평군,산장관광지,907,가평 2023_06.csv,문화관광,복합관광시설
가평,2023,6,2023-06,25,경기도,가평군,K26잠수풀,891,가평 2023_06.csv,레저스포츠,수상레저스포츠
가평,2023,6,2023-06,26,경기도,가평군,상천역,887,가평 2023_06.csv,기타관광,교통시설
가평,2023,6,2023-06,27,경기도,가평군,남도꽃정원,871,가평 2023_06.csv,문화관광,도시공원
가평,2023,6,2023-06,28,경기도,가평군,워터플레이,766,가평 2023_06.csv,레저스포츠,수상레저스포츠
가평,2023,6,2023-06,29,경기도,가평군,가평파크골프장,744,가평 2023_06.csv,레저스포츠,육상레저스포츠
가평,2023,6,2023-06,30,경기도,가평군,음악역1939,729,가평 2023_06.csv,문화관광,기타문화관광지
가평,2023,6,2023-06,31,경기도,가평군,청평자연휴양림,694,가평 2023_06.csv,자연관광,자연공원
가평,2023,6,2023-06,32,경기도,가평군,칼봉산자연휴양림,661,가평 2023_06.csv,자연관광,자연공원
가평,2023,6,2023-06,33,경기도,가평군,청심평화월드센터,652,가평 2023_06.csv,문화관광,공연시설
가평,2023,6,2023-06,34,경기도,가평군,아토믹워터파크,600,가평 2023_06.csv,문화관광,테마공원
가평,2023,6,2023-06,35,경기도,가평군,피노키오와다빈치,598,가평 2023_06.csv,문화관광,복합관광시설
가평,2023,6,2023-06,36,경기도,가평군,강씨봉자연휴양림,533,가평 2023_06.csv,자연관광,자연공원
가평,2023,6,2023-06,37,경기도,가평군,현등사,523,가평 2023_06.csv,역사관광,종교성지
가평,2023,6,2023-06,38,경기도,가평군,모비딕수상레저,502,가평 2023_06.csv,레저스포츠,수상레저스포츠
가평,2023,6,2023-06,39,경기도,가평군,가평TOP랜드,468,가평 2023_06.csv,레저스포츠,수상레저스포츠
가평,2023,6,2023-06,40,경기도,가평군,한국초콜릿연구소뮤지엄,456,가평 2023_06.csv,문화관광,전시시설
가평,2023,6,2023-06,41,경기도,가평군,가평별빛공원,441,가평 2023_06.csv,문화관광,도시공원
가평,2023,6,2023-06,42,경기도,가평군,캠프통아일랜드,412,가평 2023_06.csv,레저스포츠,수상레저스포츠
가평,2023,6,2023-06,43,경기도,가평군,꿈의동산,385,가평 2023_06.csv,문화관광,복합관광시설
가평,2023,6,2023-06,44,경기도,가평군,용소폭포,373,가평 2023_06.csv,자연관광,자연경관(산)
가평,2023,6,2023-06,45,경기도,가평군,가평군어린이음악놀이터,357,가평 2023_06.csv,문화관광,테마공원
가평,2023,6,2023-06,46,경기도,가평군,백련사,351,가평 2023_06.csv,역사관광,종교성지
가평,2023,6,2023-06,47,경기도,가평군,르푸앙수상레져,338,가평 2023_06.csv,레저스포츠,수상레저스포츠
가평,2023,6,2023-06,48,경기도,가평군,가평빠지클럽비발디,337,가평 2023_06.csv,레저스포츠,수상레저스포츠
가평,2023,6,2023-06,48,경기도,가평군,탑코리아수상레저,337,가평 2023_06.csv,레저스포츠,수상레저스포츠
가평,2023,6,2023-06,50,경기도,가평군,말리부수상레저,327,가평 2023_06.csv,레저스포츠,기타레저스포츠
가평,2023,6,2023-06,51,경기도,가평군,청심국제청소년수련원,317,가평 2023_06.csv,레저스포츠,육상레저스포츠
가평,2023,6,2023-06,52,경기도,가평군,리버포인트수상레저,311,가평 2023_06.csv,레저스포츠,수상레저스포츠
가평,2023,6,2023-06,53,경기도,가평군,대성리국민관광지,298,가평 2023_06.csv,문화관광,복합관광시설
가평,2023,6,2023-06,54,경기도,가평군,브릿지짚라인,290,가평 2023_06.csv,레저스포츠,기타레저스포츠
가평,2023,6,2023-06,55,경기도,가평군,클럽이글스수상레저,283,가평 2023_06.csv,레저스포츠,기타레저스포츠
가평,2023,6,2023-06,55,경기도,가평군,가평빠지이비자수상레저,283,가평 2023_06.csv,레저스포츠,수상레저스포츠
가평,2023,6,2023-06,57,경기도,가평군,백팔유원지,280,가평 2023_06.csv,문화관광,복합관광시설
가평,2023,6,2023-06,58,경기도,가평군,수영인의마을,249,가평 2023_06.csv,레저스포츠,수상레저스포츠
가평,2023,6,2023-06,59,경기도,가평군,가평썸머플레이스,248,가평 2023_06.csv,레저스포츠,수상레저스포츠
가평,2023,6,2023-06,60,경기도,가평군,더스테이힐링파크링스파3골프장,237,가평 2023_06.csv,레저스포츠,육상레저스포츠
가평,2023,6,2023-06,61,경기도,가평군,청춘역1979,224,가평 2023_06.csv,문화관광,도시공원
가평,2023,6,2023-06,62,경기도,가평군,버드마리나수상레저,215,가평 2023_06.csv,레저스포츠,기타레저스포츠
가평,2023,6,2023-06,62,경기도,가평군,크라운수상레저,215,가평 2023_06.csv,레저스포츠,수상레저스포츠
가평,2023,6,2023-06,62,경기도,가평군,크리스월드수상레저,215,가평 2023_06.csv,레저스포츠,수상레저스포츠
가평,2023,6,2023-06,65,경기도,가평군,레저캠프,213,가평 2023_06.csv,레저스포츠,기타레저스포츠
가평,2023,6,2023-06,66,경기도,가평군,용추계곡,200,가평 2023_06.csv,자연관광,자연경관(산)
가평,2023,6,2023-06,67,경기도,가평군,청평5일시장,198,가평 2023_06.csv,쇼핑,시장
가평,2023,6,2023-06,68,경기도,가평군,스카이라인짚와이어,197,가평 2023_06.csv,문화관광,복합관광시설
가평,2023,6,2023-06,69,경기도,가평군,씨브이리조트,192,가평 2023_06.csv,레저스포츠,수상레저스포츠
가평,2023,6,2023-06,70,경기도,가평군,아루바수상레저,186,가평 2023_06.csv,레저스포츠,기타레저스포츠
가평,2023,6,2023-06,71,경기도,가평군,가평빠지아마존수상레저,185,가평 2023_06.csv,레저스포츠,수상레저스포츠
가평,2023,6,2023-06,72,경기도,가평군,목동버스터미널,182,가평 2023_06.csv,기타관광,교통시설
가평,2023,6,2023-06,73,경기도,가평군,레인보우수상레저,180,가평 2023_06.csv,레저스포츠,수상레저스포츠
가평,2023,6,2023-06,74,경기도,가평군,물조은빠지,176,가평 2023_06.csv,레저스포츠,수상레저스포츠
가평,2023,6,2023-06,74,경기도,가평군,가일미술관,176,가평 2023_06.csv,문화관광,전시시설
가평,2023,6,2023-06,76,경기도,가평군,천정궁박물관,172,가평 2023_06.csv,문화관광,전시시설
가평,2023,6,2023-06,77,경기도,가평군,리버랜드번지점프장,170,가평 2023_06.csv,레저스포츠,육상레저스포츠
가평,2023,6,2023-06,78,경기도,가평군,도장골낚시터,169,가평 2023_06.csv,레저스포츠,수상레저스포츠
가평,2023,6,2023-06,78,경기도,가평군,청평유원지,169,가평 2023_06.csv,문화관광,복합관광시설
가평,2023,6,2023-06,80,경기도,가평군,가평수목원,165,가평 2023_06.csv,자연관광,자연공원
가평,2023,6,2023-06,80,경기도,가평군,포세이돈,165,가평 2023_06.csv,레저스포츠,수상레저스포츠
가평,2023,6,2023-06,82,경기도,가평군,맨하탄수상레져,163,가평 2023_06.csv,레저스포츠,수상레저스포츠
가평,2023,6,2023-06,83,경기도,가평군,대원사,161,가평 2023_06.csv,역사관광,종교성지
가평,2023,6,2023-06,84,경기도,가평군,청평워터피아,160,가평 2023_06.csv,레저스포츠,수상레저스포츠
가평,2023,6,2023-06,85,경기도,가평군,빠져수상레저,158,가평 2023_06.csv,레저스포츠,수상레저스포츠
가평,2023,6,2023-06,85,경기도,가평군,가평레져카트장,158,가평 2023_06.csv,레저스포츠,기타레저스포츠
가평,2023,6,2023-06,85,경기도,가평군,K2수상레져,158,가평 2023_06.csv,레저스포츠,수상레저스포츠
가평,2023,6,2023-06,85,경기도,가평군,설악생활체육공원,158,가평 2023_06.csv,문화관광,도시공원
가평,2023,6,2023-06,89,경기도,가평군,자라섬꽃페스타,148,가평 2023_06.csv,문화관광,기타문화관광지
가평,2023,6,2023-06,89,경기도,가평군,호수유원지,148,가평 2023_06.csv,문화관광,복합관광시설
가평,2023,6,2023-06,91,경기도,가평군,이화원,147,가평 2023_06.csv,문화관광,도시공원
가평,2023,6,2023-06,92,경기도,가평군,웨이크베이리조트,142,가평 2023_06.csv,레저스포츠,기타레저스포츠
가평,2023,6,2023-06,93,경기도,가평군,현리유원지,141,가평 2023_06.csv,문화관광,복합관광시설
가평,2023,6,2023-06,94,경기도,가평군,트니트니어드벤처,138,가평 2023_06.csv,문화관광,테마공원
가평,2023,6,2023-06,94,경기도,가평군,삼원수상레저,138,가평 2023_06.csv,레저스포츠,기타레저스포츠
가평,2023,6,2023-06,96,경기도,가평군,별비치워터파크,134,가평 2023_06.csv,문화관광,테마공원
가평,2023,6,2023-06,96,경기도,가평군,물의나라유원지,134,가평 2023_06.csv,문화관광,복합관광시설
가평,2023,6,2023-06,98,경기도,가평군,가평빠지크리스월드수상레저,131,가평 2023_06.csv,레저스포츠,수상레저스포츠
가평,2023,6,2023-06,99,경기도,가평군,대성수상레저,129,가평 2023_06.csv,레저스포츠,수상레저스포츠
가평,2023,6,2023-06,100,경기도,가평군,가평뮤직빌리지1939시네마,128,가평 2023_06.csv,문화관광,공연시설
가평,2023,6,2023-06,101,경기도,가평군,W홀스랜드,127,가평 2023_06.csv,레저스포츠,육상레저스포츠
가평,2023,6,2023-06,102,경기도,가평군,모험의시작,123,가평 2023_06.csv,레저스포츠,수상레저스포츠
가평,2023,6,2023-06,103,경기도,가평군,청평생활체육공원,121,가평 2023_06.csv,문화관광,도시공원
가평,2023,6,2023-06,104,경기도,가평군,이지수상레져,120,가평 2023_06.csv,레저스포츠,기타레저스포츠
가평,2023,6,2023-06,105,경기도,가평군,소풍레저,117,가평 2023_06.csv,레저스포츠,수상레저스포츠
가평,2023,6,2023-06,106,경기도,가평군,스마일수상레저,115,가평 2023_06.csv,레저스포츠,수상레저스포츠
가평,2023,6,2023-06,107,경기도,가평군,호명호수,114,가평 2023_06.csv,자연관광,자연경관(하천/해양)
가평,2023,6,2023-06,108,경기도,가평군,자라섬워터파크,112,가평 2023_06.csv,문화관광,테마공원
가평,2023,6,2023-06,109,경기도,가평군,명지산생태전시관,109,가평 2023_06.csv,문화관광,전시시설
가평,2023,6,2023-06,110,경기도,가평군,아마란스리조트,105,가평 2023_06.csv,레저스포츠,수상레저스포츠
가평,2023,6,2023-06,111,경기도,가평군,바하마수상레포츠,104,가평 2023_06.csv,레저스포츠,수상레저스포츠
가평,2023,6,2023-06,112,경기도,가평군,청평호반드라이브코스,102,가평 2023_06.csv,기타관광,데이트코스
가평,2023,6,2023-06,113,경기도,가평군,가평정기5일시장,99,가평 2023_06.csv,쇼핑,시장
가평,2023,6,2023-06,114,경기도,가평군,자이언트수상레저리조트,94,가평 2023_06.csv,레저스포츠,수상레저스포츠
가평,2023,6,2023-06,115,경기도,가평군,상천낚시터,93,가평 2023_06.csv,레저스포츠,수상레저스포츠
가평,2023,6,2023-06,115,경기도,가평군,용추계곡유원지,93,가평 2023_06.csv,문화관광,복합관광시설
가평,2023,6,2023-06,117,경기도,가평군,가평역레져,91,가평 2023_06.csv,레저스포츠,기타레저스포츠
가평,2023,6,2023-06,118,경기도,가평군,이정웅스페이스,87,가평 2023_06.csv,문화관광,전시시설
가평,2023,6,2023-06,119,경기도,가평군,초이수상레저,86,가평 2023_06.csv,레저스포츠,수상레저스포츠
가평,2023,6,2023-06,120,경기도,가평군,설악시외버스터미널,83,가평 2023_06.csv,기타관광,교통시설
가평,2023,6,2023-06,120,경기도,가평군,자라섬생태공원,83,가평 2023_06.csv,문화관광,도시공원
가평,2023,6,2023-06,120,경기도,가평군,폭포낚시,83,가평 2023_06.csv,레저스포츠,수상레저스포츠
가평,2023,6,2023-06,120,경기도,가평군,돌고래수상레저,83,가평 2023_06.csv,레저스포츠,기타레저스포츠
가평,2023,6,2023-06,124,경기도,가평군,북면생활체육공원,82,가평 2023_06.csv,문화관광,도시공원
가평,2023,6,2023-06,125,경기도,가평군,토마토레저파크,79,가평 2023_06.csv,레저스포츠,기타레저스포츠
가평,2023,6,2023-06,126,경기도,가평군,청평호,76,가평 2023_06.csv,자연관광,자연경관(하천/해양)
가평,2023,6,2023-06,126,경기도,가평군,녹수계곡,76,가평 2023_06.csv,자연관광,자연경관(산)
가평,2023,6,2023-06,128,경기도,가평군,청정낚시터,74,가평 2023_06.csv,레저스포츠,수상레저스포츠
가평,2023,6,2023-06,128,경기도,가평군,뉴돌고래레저,74,가평 2023_06.csv,레저스포츠,수상레저스포츠
가평,2023,6,2023-06,130,경기도,가평군,설악생활체육공원축구장,72,가평 2023_06.csv,문화관광,레저스포츠시설
가평,2023,6,2023-06,130,경기도,가평군,운악산성불사,72,가평 2023_06.csv,역사관광,종교성지
가평,2023,6,2023-06,132,경기도,가평군,항아리바위유원지,71,가평 2023_06.csv,기타관광,기타관광
가평,2023,6,2023-06,133,경기도,가평군,욜로수상레저,68,가평 2023_06.csv,레저스포츠,수상레저스포츠
가평,2023,6,2023-06,134,경기도,가평군,달마공원관음사,67,가평 2023_06.csv,역사관광,종교성지
가평,2023,6,2023-06,135,경기도,가평군,자연과별천문대,66,가평 2023_06.csv,기타관광,기타관광
가평,2023,6,2023-06,136,경기도,가평군,경기도잣향기푸른숲안내매표소,65,가평 2023_06.csv,기타관광,기타관광
가평,2023,6,2023-06,136,경기도,가평군,어비계곡,65,가평 2023_06.csv,자연관광,자연경관(산)
가평,2023,6,2023-06,138,경기도,가평군,청평유원지,64,가평 2023_06.csv,문화관광,복합관광시설
가평,2023,6,2023-06,138,경기도,가평군,산림생태문화체험단지,64,가평 2023_06.csv,기타관광,기타관광
가평,2023,6,2023-06,140,경기도,가평군,썸머타임수상레저,63,가평 2023_06.csv,레저스포츠,수상레저스포츠
가평,2023,6,2023-06,141,경기도,가평군,금개울유원지,62,가평 2023_06.csv,문화관광,복합관광시설
가평,2023,6,2023-06,142,경기도,가평군,아이언수상레저,61,가평 2023_06.csv,레저스포츠,기타레저스포츠
가평,2023,6,2023-06,142,경기도,가평군,바우유원지,61,가평 2023_06.csv,문화관광,복합관광시설
가평,2023,6,2023-06,144,경기도,가평군,가마소유원지,60,가평 2023_06.csv,문화관광,복합관광시설
가평,2023,6,2023-06,144,경기도,가평군,청평리버랜드수상레저,60,가평 2023_06.csv,문화관광,복합관광시설
가평,2023,6,2023-06,146,경기도,가평군,카페리수상레저,59,가평 2023_06.csv,레저스포츠,수상레저스포츠
가평,2023,6,2023-06,146,경기도,가평군,루시아수상레저,59,가평 2023_06.csv,레저스포츠,수상레저스포츠
가평,2023,6,2023-06,148,경기도,가평군,잣고을전통시장,58,가평 2023_06.csv,쇼핑,시장
가평,2023,6,2023-06,149,경기도,가평군,가평 수상레저 바이킹 빠지,56,가평 2023_06.csv,레저스포츠,수상레저스포츠
가평,2023,6,2023-06,150,경기도,가평군,호명호수공원,54,가평 2023_06.csv,문화관광,도시공원
가평,2023,6,2023-06,151,경기도,가평군,클럽미사수상레저,53,가평 2023_06.csv,레저스포츠,수상레저스포츠
가평,2023,6,2023-06,151,경기도,가평군,경기도공무원휴양소,53,가평 2023_06.csv,기타관광,기타관광
가평,2023,6,2023-06,151,경기도,가평군,산유낚시터,53,가평 2023_06.csv,레저스포츠,수상레저스포츠
가평,2023,6,2023-06,151,경기도,가평군,상면생활체육공원,53,가평 2023_06.csv,문화관광,도시공원
가평,2023,6,2023-06,155,경기도,가평군,몰디브수상레저,49,가평 2023_06.csv,레저스포츠,수상레저스포츠
가평,2023,6,2023-06,155,경기도,가평군,클럽펀,49,가평 2023_06.csv,레저스포츠,수상레저스포츠
가평,2023,6,2023-06,155,경기도,가평군,에덴야구장,49,가평 2023_06.csv,문화관광,레저스포츠시설
가평,2023,6,2023-06,155,경기도,가평군,아레나수상레저,49,가평 2023_06.csv,레저스포츠,수상레저스포츠
가평,2023,6,2023-06,159,경기도,가평군,청평캠프,48,가평 2023_06.csv,레저스포츠,기타레저스포츠
가평,2023,6,2023-06,159,경기도,가평군,가평하늘커피농장,48,가평 2023_06.csv,체험관광,농/산/어촌체험
가평,2023,6,2023-06,161,경기도,가평군,가평현리5일장,47,가평 2023_06.csv,쇼핑,시장
가평,2023,6,2023-06,161,경기도,가평군,가람유원지,47,가평 2023_06.csv,문화관광,복합관광시설
가평,2023,6,2023-06,163,경기도,가평군,북배산흑염소농장,46,가평 2023_06.csv,체험관광,농/산/어촌체험
가평,2023,6,2023-06,164,경기도,가평군,명지계곡,45,가평 2023_06.csv,자연관광,자연경관(산)
가평,2023,6,2023-06,164,경기도,가평군,연인산도립공원탐방안내소,45,가평 2023_06.csv,기타관광,기타관광
가평,2023,6,2023-06,164,경기도,가평군,헤이븐,45,가평 2023_06.csv,레저스포츠,수상레저스포츠
가평,2023,6,2023-06,167,경기도,가평군,마린컴퍼니클럽,44,가평 2023_06.csv,레저스포츠,수상레저스포츠
가평,2023,6,2023-06,167,경기도,가평군,떡바위유원지,44,가평 2023_06.csv,문화관광,복합관광시설
가평,2023,6,2023-06,167,경기도,가평군,가평사계절썰매장,44,가평 2023_06.csv,레저스포츠,육상레저스포츠
가평,2023,6,2023-06,170,경기도,가평군,조종시네마,43,가평 2023_06.csv,문화관광,공연시설
가평,2023,6,2023-06,170,경기도,가평군,노랑다리미술관,43,가평 2023_06.csv,문화관광,전시시설
가평,2023,6,2023-06,172,경기도,가평군,킹웨이크서프스쿨,42,가평 2023_06.csv,레저스포츠,수상레저스포츠
가평,2023,6,2023-06,172,경기도,가평군,무아레풀무아레,42,가평 2023_06.csv,문화관광,테마공원
가평,2023,6,2023-06,172,경기도,가평군,조종생활체육공원,42,가평 2023_06.csv,문화관광,도시공원
가평,2023,6,2023-06,175,경기도,가평군,무당소유원지,41,가평 2023_06.csv,문화관광,복합관광시설
가평,2023,6,2023-06,175,경기도,가평군,그린수상레져,41,가평 2023_06.csv,레저스포츠,수상레저스포츠
가평,2023,6,2023-06,175,경기도,가평군,청평첫집,41,가평 2023_06.csv,레저스포츠,수상레저스포츠
가평,2023,6,2023-06,178,경기도,가평군,서프앤,39,가평 2023_06.csv,레저스포츠,수상레저스포츠
가평,2023,6,2023-06,179,경기도,가평군,설악5일장,38,가평 2023_06.csv,쇼핑,시장
가평,2023,6,2023-06,179,경기도,가평군,명지계곡유원지,38,가평 2023_06.csv,문화관광,복합관광시설
가평,2023,6,2023-06,181,경기도,가평군,산울로수상스키,35,가평 2023_06.csv,레저스포츠,기타레저스포츠
가평,2023,6,2023-06,182,경기도,가평군,용소유원지,34,가평 2023_06.csv,문화관광,복합관광시설
가평,2023,6,2023-06,182,경기도,가평군,가람농원,34,가평 2023_06.csv,체험관광,농/산/어촌체험
가평,2023,6,2023-06,184,경기도,가평군,선어치,33,가평 2023_06.csv,자연관광,자연경관(산)
가평,2023,6,2023-06,185,경기도,가평군,청평페리유람선,32,가평 2023_06.csv,기타관광,교통시설
가평,2023,6,2023-06,185,경기도,가평군,희망축구전용구장,32,가평 2023_06.csv,문화관광,레저스포츠시설
가평,2023,6,2023-06,187,경기도,가평군,취옹예술관,31,가평 2023_06.csv,문화관광,전시시설
가평,2023,6,2023-06,188,경기도,가평군,탐선계곡유원지,30,가평 2023_06.csv,문화관광,복합관광시설
가평,2023,6,2023-06,188,경기도,가평군,설미재미술관,30,가평 2023_06.csv,문화관광,전시시설
가평,2023,6,2023-06,190,경기도,가평군,오페라하우스수상레저,29,가평 2023_06.csv,레저스포츠,수상레저스포츠
가평,2023,6,2023-06,190,경기도,가평군,클럽나인수상레저,29,가평 2023_06.csv,레저스포츠,수상레저스포츠
가평,2023,6,2023-06,192,경기도,가평군,라인수상레저,28,가평 2023_06.csv,레저스포츠,수상레저스포츠
가평,2023,6,2023-06,192,경기도,가평군,밤나무골유원지,28,가평 2023_06.csv,문화관광,복합관광시설
가평,2023,6,2023-06,194,경기도,가평군,수풀로삼회리,27,가평 2023_06.csv,문화관광,도시공원
가평,2023,6,2023-06,195,경기도,가평군,HJ매그놀리아멋집,26,가평 2023_06.csv,문화관광,기타문화관광지
가평,2023,6,2023-06,195,경기도,가평군,바르도수상레저,26,가평 2023_06.csv,레저스포츠,수상레저스포츠
가평,2023,6,2023-06,195,경기도,가평군,청평암,26,가평 2023_06.csv,역사관광,종교성지
가평,2023,6,2023-06,195,경기도,가평군,애기소계곡,26,가평 2023_06.csv,자연관광,자연경관(산)
가평,2023,6,2023-06,199,경기도,가평군,가평무브베이스볼파크,25,가평 2023_06.csv,문화관광,레저스포츠시설
가평,2023,6,2023-06,200,경기도,가평군,청오사,24,가평 2023_06.csv,역사관광,종교성지
가평,2023,6,2023-06,200,경기도,가평군,마린랜드,24,가평 2023_06.csv,레저스포츠,수상레저스포츠
가평,2023,6,2023-06,202,경기도,가평군,이뜨랜수상레저,22,가평 2023_06.csv,레저스포츠,수상레저스포츠
가평,2023,6,2023-06,202,경기도,가평군,청평스포랜드번지점프장,22,가평 2023_06.csv,레저스포츠,육상레저스포츠
가평,2023,6,2023-06,202,경기도,가평군,썸머드림,22,가평 2023_06.csv,레저스포츠,수상레저스포츠
가평,2023,6,2023-06,205,경기도,가평군,남송미술관,21,가평 2023_06.csv,문화관광,전시시설
가평,2023,6,2023-06,206,경기도,가평군,상락향수도원,20,가평 2023_06.csv,역사관광,종교성지
가평,2023,6,2023-06,207,경기도,가평군,타자가평수상레저,18,가평 2023_06.csv,레저스포츠,기타레저스포츠
가평,2023,6,2023-06,207,경기도,가평군,청룡사,18,가평 2023_06.csv,역사관광,종교성지
가평,2023,6,2023-06,207,경기도,가평군,조종천계곡,18,가평 2023_06.csv,자연관광,자연경관(산)
가평,2023,6,2023-06,210,경기도,가평군,가평빠지블랙수상레저,17,가평 2023_06.csv,레저스포츠,수상레저스포츠
가평,2023,6,2023-06,210,경기도,가평군,유명산,17,가평 2023_06.csv,자연관광,자연경관(산)
가평,2023,6,2023-06,212,경기도,가평군,현리계곡,16,가평 2023_06.csv,자연관광,자연경관(산)
가평,2023,6,2023-06,212,경기도,가평군,설악낚시터,16,가평 2023_06.csv,레저스포츠,수상레저스포츠
가평,2023,6,2023-06,212,경기도,가평군,연인산,16,가평 2023_06.csv,자연관광,자연경관(산)
가평,2023,6,2023-06,212,경기도,가평군,가평축령산잣나무숲,16,가평 2023_06.csv,자연관광,자연공원
가평,2023,6,2023-06,216,경기도,가평군,운악산용수사,15,가평 2023_06.csv,역사관광,종교성지
가평,2023,6,2023-06,216,경기도,가평군,리버빌수상레저타운,15,가평 2023_06.csv,레저스포츠,수상레저스포츠
가평,2023,6,2023-06,216,경기도,가평군,이방실장군묘,15,가평 2023_06.csv,역사관광,역사유적지
가평,2023,6,2023-06,216,경기도,가평군,조무락계곡,15,가평 2023_06.csv,자연관광,자연경관(산)
가평,2023,6,2023-06,216,경기도,가평군,관음사,15,가평 2023_06.csv,역사관광,종교성지
가평,2023,6,2023-06,216,경기도,가평군,지산수상레저,15,가평 2023_06.csv,레저스포츠,수상레저스포츠
가평,2023,6,2023-06,216,경기도,가평군,가평탑수상레저,15,가평 2023_06.csv,레저스포츠,수상레저스포츠
가평,2023,6,2023-06,223,경기도,가평군,서프봉봉,14,가평 2023_06.csv,레저스포츠,수상레저스포츠
가평,2023,6,2023-06,223,경기도,가평군,은행나무낚시공원,14,가평 2023_06.csv,레저스포츠,수상레저스포츠
가평,2023,6,2023-06,223,경기도,가평군,밤골유원지,14,가평 2023_06.csv,문화관광,복합관광시설
가평,2023,6,2023-06,223,경기도,가평군,빠지고,14,가평 2023_06.csv,레저스포츠,수상레저스포츠
가평,2023,6,2023-06,223,경기도,가평군,가평낚시터,14,가평 2023_06.csv,레저스포츠,수상레저스포츠
가평,2023,6,2023-06,223,경기도,가평군,인터렉티브아트뮤지엄,14,가평 2023_06.csv,문화관광,전시시설
가평,2023,6,2023-06,223,경기도,가평군,자라섬테마파크물놀이장 휴장,14,가평 2023_06.csv,문화관광,테마공원
가평,2023,6,2023-06,230,경기도,가평군,가평레저파크,13,가평 2023_06.csv,레저스포츠,기타레저스포츠
가평,2023,6,2023-06,230,경기도,가평군,클럽스텔라,13,가평 2023_06.csv,레저스포츠,기타레저스포츠
가평,2023,6,2023-06,230,경기도,가평군,운악산출렁다리,13,가평 2023_06.csv,기타관광,기타관광
가평,2023,6,2023-06,230,경기도,가평군,감로사,13,가평 2023_06.csv,역사관광,종교성지
가평,2023,6,2023-06,230,경기도,가평군,두밀리낚시터,13,가평 2023_06.csv,레저스포츠,수상레저스포츠
가평,2023,6,2023-06,230,경기도,가평군,엘혜윰의정원,13,가평 2023_06.csv,레저스포츠,육상레저스포츠
가평,2023,6,2023-06,236,경기도,가평군,한강수상레저,12,가평 2023_06.csv,레저스포츠,수상레저스포츠
가평,2023,6,2023-06,237,경기도,가평군,이수네유원지,11,가평 2023_06.csv,문화관광,복합관광시설
가평,2023,6,2023-06,237,경기도,가평군,상천루,11,가평 2023_06.csv,문화관광,도시공원
가평,2023,6,2023-06,237,경기도,가평군,성운사,11,가평 2023_06.csv,역사관광,종교성지
가평,2023,6,2023-06,237,경기도,가평군,청호수상레저,11,가평 2023_06.csv,레저스포츠,수상레저스포츠
가평,2023,6,2023-06,241,경기도,가평군,팀더블유,10,가평 2023_06.csv,레저스포츠,기타레저스포츠
가평,2023,6,2023-06,241,경기도,가평군,어거스트수상레저,10,가평 2023_06.csv,레저스포츠,수상레저스포츠
가평,2023,6,2023-06,241,경기도,가평군,도솔천사,10,가평 2023_06.csv,역사관광,종교성지
가평,2023,6,2023-06,241,경기도,가평군,지영수상스키장,10,가평 2023_06.csv,레저스포츠,수상레저스포츠
가평,2023,6,2023-06,241,경기도,가평군,일지안호범미술관,10,가평 2023_06.csv,문화관광,전시시설
가평,2023,6,2023-06,241,경기도,가평군,경반계곡,10,가평 2023_06.csv,자연관광,자연경관(산)
가평,2023,6,2023-06,241,경기도,가평군,극락정사,10,가평 2023_06.csv,역사관광,종교성지
가평,2023,6,2023-06,241,경기도,가평군,버드나무유원지,10,가평 2023_06.csv,문화관광,복합관광시설
가평,2023,6,2023-06,241,경기도,가평군,사랑해체험마을,10,가평 2023_06.csv,레저스포츠,기타레저스포츠
가평,2023,6,2023-06,250,경기도,가평군,이지서프웨이크서핑,9,가평 2023_06.csv,레저스포츠,수상레저스포츠
가평,2023,6,2023-06,250,경기도,가평군,현충탑,9,가평 2023_06.csv,역사관광,역사유물
가평,2023,6,2023-06,250,경기도,가평군,청평자연유원지,9,가평 2023_06.csv,문화관광,복합관광시설
가평,2023,6,2023-06,250,경기도,가평군,송학포유원지,9,가평 2023_06.csv,문화관광,복합관광시설
가평,2023,6,2023-06,250,경기도,가평군,화야산자연발생유원지,9,가평 2023_06.csv,문화관광,복합관광시설
가평,2023,6,2023-06,250,경기도,가평군,행복축구전용구장,9,가평 2023_06.csv,문화관광,레저스포츠시설
가평,2023,6,2023-06,256,경기도,가평군,양진나루선착장,8,가평 2023_06.csv,기타관광,교통시설
가평,2023,6,2023-06,256,경기도,가평군,이천보고가,8,가평 2023_06.csv,역사관광,역사유적지
가평,2023,6,2023-06,256,경기도,가평군,중미산,8,가평 2023_06.csv,자연관광,자연경관(산)
가평,2023,6,2023-06,256,경기도,가평군,훼미리유원지,8,가평 2023_06.csv,문화관광,복합관광시설
가평,2023,6,2023-06,256,경기도,가평군,해바라기유원지,8,가평 2023_06.csv,문화관광,복합관광시설
가평,2023,6,2023-06,256,경기도,가평군,더스테이힐링파크와일드가든,8,가평 2023_06.csv,문화관광,도시공원
가평,2023,6,2023-06,262,경기도,가평군,수궁유원지,7,가평 2023_06.csv,문화관광,복합관광시설
가평,2023,6,2023-06,262,경기도,가평군,가평군관공선선착장,7,가평 2023_06.csv,기타관광,교통시설
가평,2023,6,2023-06,262,경기도,가평군,색현터널,7,가평 2023_06.csv,기타관광,기타관광
가평,2023,6,2023-06,262,경기도,가평군,가평케어팜,7,가평 2023_06.csv,체험관광,농/산/어촌체험
가평,2023,6,2023-06,262,경기도,가평군,샛자리스튜디오,7,가평 2023_06.csv,문화관광,기타문화관광지
가평,2023,6,2023-06,262,경기도,가평군,룰루마린수상레저,7,가평 2023_06.csv,레저스포츠,수상레저스포츠
가평,2023,6,2023-06,262,경기도,가평군,호명산드라이브코스,7,가평 2023_06.csv,기타관광,데이트코스
가평,2023,6,2023-06,262,경기도,가평군,보납산전망대,7,가평 2023_06.csv,문화관광,랜드마크관광
가평,2023,6,2023-06,262,경기도,가평군,유명산한들농원,7,가평 2023_06.csv,체험관광,농/산/어촌체험
가평,2023,6,2023-06,262,경기도,가평군,이시스수상레저,7,가평 2023_06.csv,레저스포츠,수상레저스포츠
가평,2023,6,2023-06,272,경기도,가평군,가평빠지붐붐수상레저,6,가평 2023_06.csv,레저스포츠,수상레저스포츠
가평,2023,6,2023-06,272,경기도,가평군,캐나다전투기념비,6,가평 2023_06.csv,역사관광,역사유물
가평,2023,6,2023-06,272,경기도,가평군,구원사,6,가평 2023_06.csv,역사관광,종교성지
가평,2023,6,2023-06,272,경기도,가평군,청평산장유원지,6,가평 2023_06.csv,문화관광,복합관광시설
가평,2023,6,2023-06,272,경기도,가평군,운곡암,6,가평 2023_06.csv,역사관광,종교성지
가평,2023,6,2023-06,272,경기도,가평군,화악산,6,가평 2023_06.csv,자연관광,자연경관(산)
가평,2023,6,2023-06,272,경기도,가평군,서호유원지,6,가평 2023_06.csv,문화관광,복합관광시설
가평,2023,6,2023-06,272,경기도,가평군,신청평대교야구장,6,가평 2023_06.csv,문화관광,레저스포츠시설
가평,2023,6,2023-06,272,경기도,가평군,태은사,6,가평 2023_06.csv,역사관광,종교성지
가평,2023,6,2023-06,272,경기도,가평군,가평에덴벚꽃길,6,가평 2023_06.csv,기타관광,기타관광
가평,2023,6,2023-06,272,경기도,가평군,호명산,6,가평 2023_06.csv,자연관광,자연경관(산)
가평,2023,6,2023-06,272,경기도,가평군,하이수상레저,6,가평 2023_06.csv,레저스포츠,수상레저스포츠
가평,2023,6,2023-06,272,경기도,가평군,조종생활체육공원축구장,6,가평 2023_06.csv,문화관광,레저스포츠시설
가평,2023,6,2023-06,285,경기도,가평군,삼회리벚꽃길,5,가평 2023_06.csv,기타관광,데이트코스
가평,2023,6,2023-06,285,경기도,가평군,청평계곡,5,가평 2023_06.csv,자연관광,자연경관(산)
가평,2023,6,2023-06,285,경기도,가평군,가평빠지임팩트수상레저,5,가평 2023_06.csv,레저스포츠,수상레저스포츠
가평,2023,6,2023-06,285,경기도,가평군,대성사,5,가평 2023_06.csv,역사관광,종교성지
가평,2023,6,2023-06,285,경기도,가평군,운악사슴농장,5,가평 2023_06.csv,체험관광,농/산/어촌체험
가평,2023,6,2023-06,285,경기도,가평군,백자동유원지,5,가평 2023_06.csv,문화관광,복합관광시설
가평,2023,6,2023-06,285,경기도,가평군,우리들농원,5,가평 2023_06.csv,체험관광,농/산/어촌체험
가평,2023,6,2023-06,292,경기도,가평군,도대리용소폭포,4,가평 2023_06.csv,자연관광,자연경관(산)
가평,2023,6,2023-06,292,경기도,가평군,가평현암농경박물관,4,가평 2023_06.csv,문화관광,전시시설
가평,2023,6,2023-06,292,경기도,가평군,산장국민관광지야외공연장,4,가평 2023_06.csv,문화관광,공연시설
가평,2023,6,2023-06,292,경기도,가평군,유스토리청소년수련원,4,가평 2023_06.csv,레저스포츠,육상레저스포츠
가평,2023,6,2023-06,292,경기도,가평군,대성사,4,가평 2023_06.csv,역사관광,종교성지
가평,2023,6,2023-06,292,경기도,가평군,큰골계곡,4,가평 2023_06.csv,자연관광,자연경관(산)
가평,2023,6,2023-06,292,경기도,가평군,약수유원지,4,가평 2023_06.csv,문화관광,복합관광시설
가평,2023,6,2023-06,292,경기도,가평군,대성석가사,4,가평 2023_06.csv,역사관광,종교성지
가평,2023,6,2023-06,292,경기도,가평군,항아리바위계곡,4,가평 2023_06.csv,자연관광,자연경관(산)
가평,2023,6,2023-06,301,경기도,가평군,가평연인랜드,3,가평 2023_06.csv,체험관광,농/산/어촌체험
가평,2023,6,2023-06,301,경기도,가평군,장아트갤러리,3,가평 2023_06.csv,문화관광,전시시설
가평,2023,6,2023-06,301,경기도,가평군,유명산자생식물원,3,가평 2023_06.csv,문화관광,테마공원
가평,2023,6,2023-06,301,경기도,가평군,아트살롱바이모노플렉스,3,가평 2023_06.csv,문화관광,공연시설
가평,2023,6,2023-06,301,경기도,가평군,가평수상레저빠지놀러와,3,가평 2023_06.csv,레저스포츠,수상레저스포츠
가평,2023,6,2023-06,301,경기도,가평군,산림복합체험센터,3,가평 2023_06.csv,문화관광,기타문화관광지
가평,2023,6,2023-06,301,경기도,가평군,스프레드프리다이빙,3,가평 2023_06.csv,레저스포츠,수상레저스포츠
가평,2023,6,2023-06,301,경기도,가평군,화악계곡,3,가평 2023_06.csv,자연관광,자연경관(산)
가평,2023,6,2023-06,301,경기도,가평군,연화세계,3,가평 2023_06.csv,역사관광,종교성지
가평,2023,6,2023-06,301,경기도,가평군,승천사,3,가평 2023_06.csv,역사관광,종교성지
가평,2023,6,2023-06,301,경기도,가평군,호국연호사,3,가평 2023_06.csv,역사관광,종교성지
가평,2023,6,2023-06,301,경기도,가평군,삼성수상레져,3,가평 2023_06.csv,레저스포츠,기타레저스포츠
가평,2023,6,2023-06,301,경기도,가평군,워터피아,3,가평 2023_06.csv,레저스포츠,기타레저스포츠
가평,2023,6,2023-06,301,경기도,가평군,인스타랩,3,가평 2023_06.csv,문화관광,기타문화관광지
가평,2023,6,2023-06,301,경기도,가평군,용문산전투가평지구전적비,3,가평 2023_06.csv,역사관광,역사유물
가평,2023,6,2023-06,301,경기도,가평군,경반사,3,가평 2023_06.csv,역사관광,종교성지
가평,2023,6,2023-06,301,경기도,가평군,보광사,3,가평 2023_06.csv,역사관광,종교성지
가평,2023,6,2023-06,301,경기도,가평군,향원사,3,가평 2023_06.csv,역사관광,종교성지
가평,2023,6,2023-06,301,경기도,가평군,빛나리유원지,3,가평 2023_06.csv,문화관광,복합관광시설
가평,2023,6,2023-06,301,경기도,가평군,우리유원지,3,가평 2023_06.csv,문화관광,복합관광시설
가평,2023,6,2023-06,301,경기도,가평군,평화유원지,3,가평 2023_06.csv,문화관광,복합관광시설
가평,2023,6,2023-06,301,경기도,가평군,수동목장,3,가평 2023_06.csv,체험관광,농/산/어촌체험
가평,2023,6,2023-06,301,경기도,가평군,팀어거스트,3,가평 2023_06.csv,레저스포츠,수상레저스포츠
가평,2023,6,2023-06,301,경기도,가평군,대성낚시터,3,가평 2023_06.csv,레저스포츠,수상레저스포츠
가평,2023,6,2023-06,301,경기도,가평군,폭포유원지,3,가평 2023_06.csv,문화관광,복합관광시설
가평,2023,6,2023-06,301,경기도,가평군,계곡유원지,3,가평 2023_06.csv,문화관광,복합관광시설
가평,2023,6,2023-06,301,경기도,가평군,석룡산계곡유원지,3,가평 2023_06.csv,문화관광,복합관광시설
가평,2023,6,2023-06,301,경기도,가평군,텃바위유원지,3,가평 2023_06.csv,문화관광,복합관광시설
가평,2023,6,2023-06,301,경기도,가평군,까치유원지,3,가평 2023_06.csv,문화관광,복합관광시설
가평,2023,6,2023-06,301,경기도,가평군,무송암,3,가평 2023_06.csv,문화관광,복합관광시설
가평,2023,6,2023-06,301,경기도,가평군,자라섬테마파크,3,가평 2023_06.csv,레저스포츠,수상레저스포츠
가평,2023,6,2023-06,301,경기도,가평군,대금사,3,가평 2023_06.csv,역사관광,종교성지
가평,2023,6,2023-06,301,경기도,가평군,현대집,3,가평 2023_06.csv,레저스포츠,수상레저스포츠
가평,2023,6,2023-06,301,경기도,가평군,불기고개,3,가평 2023_06.csv,자연관광,자연경관(산)
가평,2023,6,2023-06,301,경기도,가평군,소락개휴양림,3,가평 2023_06.csv,자연관광,자연공원
가평,2023,6,2023-06,301,경기도,가평군,깃대봉,3,가평 2023_06.csv,자연관광,자연경관(산)
가평,2023,6,2023-06,301,경기도,가평군,가평문화창작공간얼쑤공장,3,가평 2023_06.csv,문화관광,기타문화관광지
가평,2023,6,2023-06,301,경기도,가평군,케이탑수상레저,3,가평 2023_06.csv,레저스포츠,수상레저스포츠
가평,2023,6,2023-06,301,경기도,가평군,성주사,3,가평 2023_06.csv,역사관광,종교성지
가평,2023,6,2023-06,301,경기도,가평군,신나고수상레저,3,가평 2023_06.csv,레저스포츠,기타레저스포츠
가평,2023,7,2023-07,1,경기도,가평군,청평역,7059,가평 2023_07.csv,기타관광,교통시설
가평,2023,7,2023-07,2,경기도,가평군,아난티코드골프클럽,6398,가평 2023_07.csv,레저스포츠,육상레저스포츠
가평,2023,7,2023-07,3,경기도,가평군,썬힐GC,6052,가평 2023_07.csv,레저스포츠,육상레저스포츠
가평,2023,7,2023-07,4,경기도,가평군,가평베네스트GC,5923,가평 2023_07.csv,레저스포츠,육상레저스포츠
가평,2023,7,2023-07,5,경기도,가평군,남이섬선착장,5588,가평 2023_07.csv,기타관광,교통시설
가평,2023,7,2023-07,6,경기도,가평군,아침고요수목원,5500,가평 2023_07.csv,문화관광,테마공원
가평,2023,7,2023-07,7,경기도,가평군,프리스틴밸리GC,4778,가평 2023_07.csv,레저스포츠,육상레저스포츠
가평,2023,7,2023-07,8,경기도,가평군,베뉴지CC,4707,가평 2023_07.csv,레저스포츠,육상레저스포츠
가평,2023,7,2023-07,9,경기도,가평군,대성리역,4504,가평 2023_07.csv,기타관광,교통시설
가평,2023,7,2023-07,10,경기도,가평군,유명산자연휴양림,4348,가평 2023_07.csv,자연관광,자연공원
가평,2023,7,2023-07,11,경기도,가평군,캠프통포레스트,4265,가평 2023_07.csv,레저스포츠,수상레저스포츠
가평,2023,7,2023-07,12,경기도,가평군,크리스탈밸리CC,4207,가평 2023_07.csv,레저스포츠,육상레저스포츠
가평,2023,7,2023-07,13,경기도,가평군,쁘띠프랑스,3342,가평 2023_07.csv,문화관광,복합관광시설
가평,2023,7,2023-07,14,경기도,가평군,리앤리CC,3265,가평 2023_07.csv,레저스포츠,육상레저스포츠
가평,2023,7,2023-07,15,경기도,가평군,마이다스밸리청평 골프클럽,2784,가평 2023_07.csv,레저스포츠,육상레저스포츠
가평,2023,7,2023-07,16,경기도,가평군,현리시외버스터미널,2420,가평 2023_07.csv,기타관광,교통시설
가평,2023,7,2023-07,17,경기도,가평군,가평시외버스터미널,2022,가평 2023_07.csv,기타관광,교통시설
가평,2023,7,2023-07,18,경기도,가평군,경기도잣향기푸른숲,1843,가평 2023_07.csv,자연관광,자연공원
가평,2023,7,2023-07,19,경기도,가평군,워터플레이,1598,가평 2023_07.csv,레저스포츠,수상레저스포츠
가평,2023,7,2023-07,20,경기도,가평군,아토믹워터파크,1321,가평 2023_07.csv,문화관광,테마공원
가평,2023,7,2023-07,21,경기도,가평군,모비딕수상레저,1270,가평 2023_07.csv,레저스포츠,수상레저스포츠
가평,2023,7,2023-07,22,경기도,가평군,청평시외버스터미널,1228,가평 2023_07.csv,기타관광,교통시설
가평,2023,7,2023-07,23,경기도,가평군,용소폭포,1092,가평 2023_07.csv,자연관광,자연경관(산)
가평,2023,7,2023-07,24,경기도,가평군,아침고요가족동물원,1057,가평 2023_07.csv,문화관광,테마공원
가평,2023,7,2023-07,25,경기도,가평군,에델바이스스위스테마파크,1019,가평 2023_07.csv,문화관광,테마공원
가평,2023,7,2023-07,26,경기도,가평군,K26잠수풀,1011,가평 2023_07.csv,레저스포츠,수상레저스포츠
가평,2023,7,2023-07,27,경기도,가평군,강촌레일파크가평역,897,가평 2023_07.csv,레저스포츠,기타레저스포츠
가평,2023,7,2023-07,28,경기도,가평군,산장관광지,890,가평 2023_07.csv,문화관광,복합관광시설
가평,2023,7,2023-07,29,경기도,가평군,가평빠지클럽비발디,872,가평 2023_07.csv,레저스포츠,수상레저스포츠
가평,2023,7,2023-07,30,경기도,가평군,캠프통아일랜드,866,가평 2023_07.csv,레저스포츠,수상레저스포츠
가평,2023,7,2023-07,31,경기도,가평군,청심평화월드센터,818,가평 2023_07.csv,문화관광,공연시설
가평,2023,7,2023-07,32,경기도,가평군,상천역,773,가평 2023_07.csv,기타관광,교통시설
가평,2023,7,2023-07,33,경기도,가평군,칼봉산자연휴양림,738,가평 2023_07.csv,자연관광,자연공원
가평,2023,7,2023-07,34,경기도,가평군,몰디브수상레저,697,가평 2023_07.csv,레저스포츠,수상레저스포츠
가평,2023,7,2023-07,35,경기도,가평군,가평TOP랜드,665,가평 2023_07.csv,레저스포츠,수상레저스포츠
가평,2023,7,2023-07,36,경기도,가평군,강씨봉자연휴양림,656,가평 2023_07.csv,자연관광,자연공원
가평,2023,7,2023-07,36,경기도,가평군,르푸앙수상레져,656,가평 2023_07.csv,레저스포츠,수상레저스포츠
가평,2023,7,2023-07,38,경기도,가평군,리버포인트수상레저,630,가평 2023_07.csv,레저스포츠,수상레저스포츠
가평,2023,7,2023-07,39,경기도,가평군,청평자연휴양림,601,가평 2023_07.csv,자연관광,자연공원
가평,2023,7,2023-07,40,경기도,가평군,한국초콜릿연구소뮤지엄,563,가평 2023_07.csv,문화관광,전시시설
가평,2023,7,2023-07,41,경기도,가평군,가평군어린이음악놀이터,557,가평 2023_07.csv,문화관광,테마공원
가평,2023,7,2023-07,42,경기도,가평군,가평썸머플레이스,552,가평 2023_07.csv,레저스포츠,수상레저스포츠
가평,2023,7,2023-07,43,경기도,가평군,가평파크골프장,543,가평 2023_07.csv,레저스포츠,육상레저스포츠
가평,2023,7,2023-07,44,경기도,가평군,호수유원지,532,가평 2023_07.csv,문화관광,복합관광시설
가평,2023,7,2023-07,45,경기도,가평군,음악역1939,531,가평 2023_07.csv,문화관광,기타문화관광지
가평,2023,7,2023-07,46,경기도,가평군,현등사,504,가평 2023_07.csv,역사관광,종교성지
가평,2023,7,2023-07,47,경기도,가평군,크리스월드수상레저,495,가평 2023_07.csv,레저스포츠,수상레저스포츠
가평,2023,7,2023-07,48,경기도,가평군,가평별빛공원,413,가평 2023_07.csv,문화관광,도시공원
가평,2023,7,2023-07,49,경기도,가평군,탑코리아수상레저,410,가평 2023_07.csv,레저스포츠,수상레저스포츠
가평,2023,7,2023-07,50,경기도,가평군,가평빠지아마존수상레저,401,가평 2023_07.csv,레저스포츠,수상레저스포츠
가평,2023,7,2023-07,51,경기도,가평군,크라운수상레저,395,가평 2023_07.csv,레저스포츠,수상레저스포츠
가평,2023,7,2023-07,52,경기도,가평군,레저캠프,394,가평 2023_07.csv,레저스포츠,기타레저스포츠
가평,2023,7,2023-07,53,경기도,가평군,별비치워터파크,393,가평 2023_07.csv,문화관광,테마공원
가평,2023,7,2023-07,54,경기도,가평군,청심국제청소년수련원,379,가평 2023_07.csv,레저스포츠,육상레저스포츠
가평,2023,7,2023-07,55,경기도,가평군,피노키오와다빈치,354,가평 2023_07.csv,문화관광,복합관광시설
가평,2023,7,2023-07,56,경기도,가평군,백팔유원지,352,가평 2023_07.csv,문화관광,복합관광시설
가평,2023,7,2023-07,57,경기도,가평군,가평빠지크리스월드수상레저,342,가평 2023_07.csv,레저스포츠,수상레저스포츠
가평,2023,7,2023-07,58,경기도,가평군,가평빠지이비자수상레저,338,가평 2023_07.csv,레저스포츠,수상레저스포츠
가평,2023,7,2023-07,59,경기도,가평군,버드마리나수상레저,321,가평 2023_07.csv,레저스포츠,기타레저스포츠
가평,2023,7,2023-07,60,경기도,가평군,말리부수상레저,309,가평 2023_07.csv,레저스포츠,기타레저스포츠
가평,2023,7,2023-07,60,경기도,가평군,K2수상레져,309,가평 2023_07.csv,레저스포츠,수상레저스포츠
가평,2023,7,2023-07,62,경기도,가평군,리버랜드번지점프장,306,가평 2023_07.csv,레저스포츠,육상레저스포츠
가평,2023,7,2023-07,63,경기도,가평군,클럽이글스수상레저,302,가평 2023_07.csv,레저스포츠,기타레저스포츠
가평,2023,7,2023-07,64,경기도,가평군,백련사,273,가평 2023_07.csv,역사관광,종교성지
가평,2023,7,2023-07,65,경기도,가평군,아루바수상레저,265,가평 2023_07.csv,레저스포츠,기타레저스포츠
가평,2023,7,2023-07,66,경기도,가평군,엘혜윰의정원,257,가평 2023_07.csv,레저스포츠,육상레저스포츠
가평,2023,7,2023-07,67,경기도,가평군,수영인의마을,256,가평 2023_07.csv,레저스포츠,수상레저스포츠
가평,2023,7,2023-07,68,경기도,가평군,물조은빠지,255,가평 2023_07.csv,레저스포츠,수상레저스포츠
가평,2023,7,2023-07,69,경기도,가평군,용추계곡,244,가평 2023_07.csv,자연관광,자연경관(산)
가평,2023,7,2023-07,70,경기도,가평군,브릿지짚라인,236,가평 2023_07.csv,레저스포츠,기타레저스포츠
가평,2023,7,2023-07,71,경기도,가평군,빠져수상레저,229,가평 2023_07.csv,레저스포츠,수상레저스포츠
가평,2023,7,2023-07,72,경기도,가평군,금개울유원지,225,가평 2023_07.csv,문화관광,복합관광시설
가평,2023,7,2023-07,73,경기도,가평군,맨하탄수상레져,222,가평 2023_07.csv,레저스포츠,수상레저스포츠
가평,2023,7,2023-07,74,경기도,가평군,목동버스터미널,220,가평 2023_07.csv,기타관광,교통시설
가평,2023,7,2023-07,75,경기도,가평군,가평 수상레저 바이킹 빠지,219,가평 2023_07.csv,레저스포츠,수상레저스포츠
가평,2023,7,2023-07,76,경기도,가평군,운악산출렁다리,214,가평 2023_07.csv,기타관광,기타관광
가평,2023,7,2023-07,76,경기도,가평군,아레나수상레저,214,가평 2023_07.csv,레저스포츠,수상레저스포츠
가평,2023,7,2023-07,78,경기도,가평군,대성리국민관광지,213,가평 2023_07.csv,문화관광,복합관광시설
가평,2023,7,2023-07,79,경기도,가평군,이화원,212,가평 2023_07.csv,문화관광,도시공원
가평,2023,7,2023-07,80,경기도,가평군,천정궁박물관,206,가평 2023_07.csv,문화관광,전시시설
가평,2023,7,2023-07,80,경기도,가평군,스마일수상레저,206,가평 2023_07.csv,레저스포츠,수상레저스포츠
가평,2023,7,2023-07,82,경기도,가평군,웨이크베이리조트,205,가평 2023_07.csv,레저스포츠,기타레저스포츠
가평,2023,7,2023-07,83,경기도,가평군,꿈의동산,199,가평 2023_07.csv,문화관광,복합관광시설
가평,2023,7,2023-07,83,경기도,가평군,산림생태문화체험단지,199,가평 2023_07.csv,기타관광,기타관광
가평,2023,7,2023-07,85,경기도,가평군,용추계곡유원지,194,가평 2023_07.csv,문화관광,복합관광시설
가평,2023,7,2023-07,86,경기도,가평군,삼원수상레저,190,가평 2023_07.csv,레저스포츠,기타레저스포츠
가평,2023,7,2023-07,87,경기도,가평군,스카이라인짚와이어,184,가평 2023_07.csv,문화관광,복합관광시설
가평,2023,7,2023-07,88,경기도,가평군,청평5일시장,181,가평 2023_07.csv,쇼핑,시장
가평,2023,7,2023-07,89,경기도,가평군,소풍레저,178,가평 2023_07.csv,레저스포츠,수상레저스포츠
가평,2023,7,2023-07,89,경기도,가평군,현리유원지,178,가평 2023_07.csv,문화관광,복합관광시설
가평,2023,7,2023-07,91,경기도,가평군,가일미술관,174,가평 2023_07.csv,문화관광,전시시설
가평,2023,7,2023-07,92,경기도,가평군,명지산생태전시관,166,가평 2023_07.csv,문화관광,전시시설
가평,2023,7,2023-07,93,경기도,가평군,레인보우수상레저,164,가평 2023_07.csv,레저스포츠,수상레저스포츠
가평,2023,7,2023-07,94,경기도,가평군,도장골낚시터,161,가평 2023_07.csv,레저스포츠,수상레저스포츠
가평,2023,7,2023-07,95,경기도,가평군,대원사,160,가평 2023_07.csv,역사관광,종교성지
가평,2023,7,2023-07,95,경기도,가평군,가평사계절썰매장,160,가평 2023_07.csv,레저스포츠,육상레저스포츠
가평,2023,7,2023-07,97,경기도,가평군,자라섬,152,가평 2023_07.csv,자연관광,자연경관(하천/해양)
가평,2023,7,2023-07,98,경기도,가평군,청평유원지,151,가평 2023_07.csv,문화관광,복합관광시설
가평,2023,7,2023-07,99,경기도,가평군,청평워터피아,150,가평 2023_07.csv,레저스포츠,수상레저스포츠
가평,2023,7,2023-07,100,경기도,가평군,포세이돈,145,가평 2023_07.csv,레저스포츠,수상레저스포츠
가평,2023,7,2023-07,101,경기도,가평군,무당소유원지,142,가평 2023_07.csv,문화관광,복합관광시설
가평,2023,7,2023-07,102,경기도,가평군,남도꽃정원,141,가평 2023_07.csv,문화관광,도시공원
가평,2023,7,2023-07,103,경기도,가평군,이지수상레져,138,가평 2023_07.csv,레저스포츠,기타레저스포츠
가평,2023,7,2023-07,104,경기도,가평군,루시아수상레저,135,가평 2023_07.csv,레저스포츠,수상레저스포츠
가평,2023,7,2023-07,104,경기도,가평군,모험의시작,135,가평 2023_07.csv,레저스포츠,수상레저스포츠
가평,2023,7,2023-07,106,경기도,가평군,가람유원지,134,가평 2023_07.csv,문화관광,복합관광시설
가평,2023,7,2023-07,107,경기도,가평군,아이언수상레저,133,가평 2023_07.csv,레저스포츠,기타레저스포츠
가평,2023,7,2023-07,108,경기도,가평군,서프앤,130,가평 2023_07.csv,레저스포츠,수상레저스포츠
가평,2023,7,2023-07,109,경기도,가평군,더스테이힐링파크링스파3골프장,124,가평 2023_07.csv,레저스포츠,육상레저스포츠
가평,2023,7,2023-07,110,경기도,가평군,가평수목원,123,가평 2023_07.csv,자연관광,자연공원
가평,2023,7,2023-07,110,경기도,가평군,바하마수상레포츠,123,가평 2023_07.csv,레저스포츠,수상레저스포츠
가평,2023,7,2023-07,110,경기도,가평군,대성수상레저,123,가평 2023_07.csv,레저스포츠,수상레저스포츠
가평,2023,7,2023-07,113,경기도,가평군,가평레져카트장,121,가평 2023_07.csv,레저스포츠,기타레저스포츠
가평,2023,7,2023-07,113,경기도,가평군,청평리버랜드수상레저,121,가평 2023_07.csv,문화관광,복합관광시설
가평,2023,7,2023-07,115,경기도,가평군,W홀스랜드,119,가평 2023_07.csv,레저스포츠,육상레저스포츠
가평,2023,7,2023-07,116,경기도,가평군,용소유원지,118,가평 2023_07.csv,문화관광,복합관광시설
가평,2023,7,2023-07,117,경기도,가평군,트니트니어드벤처,116,가평 2023_07.csv,문화관광,테마공원
가평,2023,7,2023-07,118,경기도,가평군,초이수상레저,115,가평 2023_07.csv,레저스포츠,수상레저스포츠
가평,2023,7,2023-07,118,경기도,가평군,물의나라유원지,115,가평 2023_07.csv,문화관광,복합관광시설
가평,2023,7,2023-07,120,경기도,가평군,돌고래수상레저,114,가평 2023_07.csv,레저스포츠,기타레저스포츠
가평,2023,7,2023-07,121,경기도,가평군,명지계곡유원지,111,가평 2023_07.csv,문화관광,복합관광시설
가평,2023,7,2023-07,122,경기도,가평군,썸머타임수상레저,110,가평 2023_07.csv,레저스포츠,수상레저스포츠
가평,2023,7,2023-07,123,경기도,가평군,바우유원지,108,가평 2023_07.csv,문화관광,복합관광시설
가평,2023,7,2023-07,124,경기도,가평군,가평뮤직빌리지1939시네마,107,가평 2023_07.csv,문화관광,공연시설
가평,2023,7,2023-07,125,경기도,가평군,떡바위유원지,102,가평 2023_07.csv,문화관광,복합관광시설
가평,2023,7,2023-07,125,경기도,가평군,자라섬테마파크물놀이장 휴장,102,가평 2023_07.csv,문화관광,테마공원
가평,2023,7,2023-07,127,경기도,가평군,녹수계곡,98,가평 2023_07.csv,자연관광,자연경관(산)
가평,2023,7,2023-07,128,경기도,가평군,경기도공무원휴양소,97,가평 2023_07.csv,기타관광,기타관광
가평,2023,7,2023-07,129,경기도,가평군,자이언트수상레저리조트,95,가평 2023_07.csv,레저스포츠,수상레저스포츠
가평,2023,7,2023-07,129,경기도,가평군,아마란스리조트,95,가평 2023_07.csv,레저스포츠,수상레저스포츠
가평,2023,7,2023-07,129,경기도,가평군,연인산도립공원탐방안내소,95,가평 2023_07.csv,기타관광,기타관광
가평,2023,7,2023-07,132,경기도,가평군,이정웅스페이스,92,가평 2023_07.csv,문화관광,전시시설
가평,2023,7,2023-07,133,경기도,가평군,자라섬워터파크,91,가평 2023_07.csv,문화관광,테마공원
가평,2023,7,2023-07,133,경기도,가평군,욜로수상레저,91,가평 2023_07.csv,레저스포츠,수상레저스포츠
가평,2023,7,2023-07,135,경기도,가평군,설악생활체육공원,89,가평 2023_07.csv,문화관광,도시공원
가평,2023,7,2023-07,136,경기도,가평군,헤이븐,85,가평 2023_07.csv,레저스포츠,수상레저스포츠
가평,2023,7,2023-07,137,경기도,가평군,항아리바위유원지,84,가평 2023_07.csv,기타관광,기타관광
가평,2023,7,2023-07,138,경기도,가평군,뉴돌고래레저,83,가평 2023_07.csv,레저스포츠,수상레저스포츠
가평,2023,7,2023-07,139,경기도,가평군,카페리수상레저,81,가평 2023_07.csv,레저스포츠,수상레저스포츠
가평,2023,7,2023-07,139,경기도,가평군,폭포낚시,81,가평 2023_07.csv,레저스포츠,수상레저스포츠
가평,2023,7,2023-07,141,경기도,가평군,명지계곡,79,가평 2023_07.csv,자연관광,자연경관(산)
가평,2023,7,2023-07,142,경기도,가평군,가평정기5일시장,71,가평 2023_07.csv,쇼핑,시장
가평,2023,7,2023-07,143,경기도,가평군,라인수상레저,70,가평 2023_07.csv,레저스포츠,수상레저스포츠
가평,2023,7,2023-07,143,경기도,가평군,어비계곡,70,가평 2023_07.csv,자연관광,자연경관(산)
가평,2023,7,2023-07,145,경기도,가평군,경기도잣향기푸른숲안내매표소,68,가평 2023_07.csv,기타관광,기타관광
가평,2023,7,2023-07,145,경기도,가평군,상천낚시터,68,가평 2023_07.csv,레저스포츠,수상레저스포츠
가평,2023,7,2023-07,145,경기도,가평군,송학포유원지,68,가평 2023_07.csv,문화관광,복합관광시설
가평,2023,7,2023-07,148,경기도,가평군,토마토레저파크,63,가평 2023_07.csv,레저스포츠,기타레저스포츠
가평,2023,7,2023-07,149,경기도,가평군,이뜨랜수상레저,62,가평 2023_07.csv,레저스포츠,수상레저스포츠
가평,2023,7,2023-07,150,경기도,가평군,그린수상레져,60,가평 2023_07.csv,레저스포츠,수상레저스포츠
가평,2023,7,2023-07,151,경기도,가평군,달마공원관음사,58,가평 2023_07.csv,역사관광,종교성지
가평,2023,7,2023-07,152,경기도,가평군,북면생활체육공원,57,가평 2023_07.csv,문화관광,도시공원
가평,2023,7,2023-07,153,경기도,가평군,청평호반드라이브코스,54,가평 2023_07.csv,기타관광,데이트코스
가평,2023,7,2023-07,154,경기도,가평군,자연과별천문대,53,가평 2023_07.csv,기타관광,기타관광
가평,2023,7,2023-07,154,경기도,가평군,자라섬생태공원,53,가평 2023_07.csv,문화관광,도시공원
가평,2023,7,2023-07,156,경기도,가평군,씨브이리조트,51,가평 2023_07.csv,레저스포츠,수상레저스포츠
가평,2023,7,2023-07,156,경기도,가평군,클럽미사수상레저,51,가평 2023_07.csv,레저스포츠,수상레저스포츠
가평,2023,7,2023-07,156,경기도,가평군,가평빠지블랙수상레저,51,가평 2023_07.csv,레저스포츠,수상레저스포츠
가평,2023,7,2023-07,156,경기도,가평군,청평캠프,51,가평 2023_07.csv,레저스포츠,기타레저스포츠
가평,2023,7,2023-07,160,경기도,가평군,클럽펀,50,가평 2023_07.csv,레저스포츠,수상레저스포츠
가평,2023,7,2023-07,161,경기도,가평군,취옹예술관,49,가평 2023_07.csv,문화관광,전시시설
가평,2023,7,2023-07,161,경기도,가평군,산유낚시터,49,가평 2023_07.csv,레저스포츠,수상레저스포츠
가평,2023,7,2023-07,163,경기도,가평군,클럽나인수상레저,48,가평 2023_07.csv,레저스포츠,수상레저스포츠
가평,2023,7,2023-07,164,경기도,가평군,조종생활체육공원,47,가평 2023_07.csv,문화관광,도시공원
가평,2023,7,2023-07,164,경기도,가평군,탐선계곡유원지,47,가평 2023_07.csv,문화관광,복합관광시설
가평,2023,7,2023-07,164,경기도,가평군,노랑다리미술관,47,가평 2023_07.csv,문화관광,전시시설
가평,2023,7,2023-07,167,경기도,가평군,도대리용소폭포,46,가평 2023_07.csv,자연관광,자연경관(산)
가평,2023,7,2023-07,167,경기도,가평군,마린컴퍼니클럽,46,가평 2023_07.csv,레저스포츠,수상레저스포츠
가평,2023,7,2023-07,167,경기도,가평군,밤나무골유원지,46,가평 2023_07.csv,문화관광,복합관광시설
가평,2023,7,2023-07,167,경기도,가평군,인터렉티브아트뮤지엄,46,가평 2023_07.csv,문화관광,전시시설
가평,2023,7,2023-07,171,경기도,가평군,청정낚시터,45,가평 2023_07.csv,레저스포츠,수상레저스포츠
가평,2023,7,2023-07,171,경기도,가평군,썸머드림,45,가평 2023_07.csv,레저스포츠,수상레저스포츠
가평,2023,7,2023-07,171,경기도,가평군,빠지고,45,가평 2023_07.csv,레저스포츠,수상레저스포츠
가평,2023,7,2023-07,174,경기도,가평군,북배산흑염소농장,42,가평 2023_07.csv,체험관광,농/산/어촌체험
가평,2023,7,2023-07,174,경기도,가평군,선어치,42,가평 2023_07.csv,자연관광,자연경관(산)
가평,2023,7,2023-07,174,경기도,가평군,애기소계곡,42,가평 2023_07.csv,자연관광,자연경관(산)
가평,2023,7,2023-07,177,경기도,가평군,청평유원지,41,가평 2023_07.csv,문화관광,복합관광시설
가평,2023,7,2023-07,178,경기도,가평군,청평호,40,가평 2023_07.csv,자연관광,자연경관(하천/해양)
가평,2023,7,2023-07,178,경기도,가평군,지산수상레저,40,가평 2023_07.csv,레저스포츠,수상레저스포츠
가평,2023,7,2023-07,180,경기도,가평군,이천보고가,39,가평 2023_07.csv,역사관광,역사유적지
가평,2023,7,2023-07,180,경기도,가평군,가평역레져,39,가평 2023_07.csv,레저스포츠,기타레저스포츠
가평,2023,7,2023-07,182,경기도,가평군,설악생활체육공원축구장,38,가평 2023_07.csv,문화관광,레저스포츠시설
가평,2023,7,2023-07,182,경기도,가평군,운악산성불사,38,가평 2023_07.csv,역사관광,종교성지
가평,2023,7,2023-07,184,경기도,가평군,조무락계곡,37,가평 2023_07.csv,자연관광,자연경관(산)
가평,2023,7,2023-07,184,경기도,가평군,청수계곡유원지,37,가평 2023_07.csv,문화관광,복합관광시설
가평,2023,7,2023-07,186,경기도,가평군,이시스수상레저,36,가평 2023_07.csv,레저스포츠,수상레저스포츠
가평,2023,7,2023-07,187,경기도,가평군,킹웨이크서프스쿨,35,가평 2023_07.csv,레저스포츠,수상레저스포츠
가평,2023,7,2023-07,187,경기도,가평군,영안청소년수련원,35,가평 2023_07.csv,레저스포츠,육상레저스포츠
가평,2023,7,2023-07,189,경기도,가평군,조종시네마,34,가평 2023_07.csv,문화관광,공연시설
가평,2023,7,2023-07,189,경기도,가평군,무아레풀무아레,34,가평 2023_07.csv,문화관광,테마공원
가평,2023,7,2023-07,189,경기도,가평군,가마소유원지,34,가평 2023_07.csv,문화관광,복합관광시설
가평,2023,7,2023-07,192,경기도,가평군,클럽스텔라,33,가평 2023_07.csv,레저스포츠,기타레저스포츠
가평,2023,7,2023-07,192,경기도,가평군,설악5일장,33,가평 2023_07.csv,쇼핑,시장
가평,2023,7,2023-07,194,경기도,가평군,청평페리유람선,32,가평 2023_07.csv,기타관광,교통시설
가평,2023,7,2023-07,195,경기도,가평군,오페라하우스수상레저,31,가평 2023_07.csv,레저스포츠,수상레저스포츠
가평,2023,7,2023-07,196,경기도,가평군,청심실내체육관,30,가평 2023_07.csv,레저스포츠,기타레저스포츠
가평,2023,7,2023-07,197,경기도,가평군,가평현리5일장,29,가평 2023_07.csv,쇼핑,시장
가평,2023,7,2023-07,197,경기도,가평군,설악시외버스터미널,29,가평 2023_07.csv,기타관광,교통시설
가평,2023,7,2023-07,197,경기도,가평군,에덴야구장,29,가평 2023_07.csv,문화관광,레저스포츠시설
가평,2023,7,2023-07,197,경기도,가평군,훼미리유원지,29,가평 2023_07.csv,문화관광,복합관광시설
가평,2023,7,2023-07,201,경기도,가평군,청평생활체육공원,27,가평 2023_07.csv,문화관광,도시공원
가평,2023,7,2023-07,201,경기도,가평군,어거스트수상레저,27,가평 2023_07.csv,레저스포츠,수상레저스포츠
가평,2023,7,2023-07,201,경기도,가평군,리버빌수상레저타운,27,가평 2023_07.csv,레저스포츠,수상레저스포츠
가평,2023,7,2023-07,201,경기도,가평군,남송미술관,27,가평 2023_07.csv,문화관광,전시시설
가평,2023,7,2023-07,201,경기도,가평군,호명호수,27,가평 2023_07.csv,자연관광,자연경관(하천/해양)
가평,2023,7,2023-07,206,경기도,가평군,HJ매그놀리아멋집,26,가평 2023_07.csv,문화관광,기타문화관광지
가평,2023,7,2023-07,206,경기도,가평군,두밀리낚시터,26,가평 2023_07.csv,레저스포츠,수상레저스포츠
가평,2023,7,2023-07,208,경기도,가평군,서프봉봉,25,가평 2023_07.csv,레저스포츠,수상레저스포츠
가평,2023,7,2023-07,208,경기도,가평군,경반계곡,25,가평 2023_07.csv,자연관광,자연경관(산)
가평,2023,7,2023-07,208,경기도,가평군,청평암,25,가평 2023_07.csv,역사관광,종교성지
가평,2023,7,2023-07,208,경기도,가평군,성주사,25,가평 2023_07.csv,역사관광,종교성지
가평,2023,7,2023-07,212,경기도,가평군,청춘역1979,24,가평 2023_07.csv,문화관광,도시공원
가평,2023,7,2023-07,212,경기도,가평군,관음사,24,가평 2023_07.csv,역사관광,종교성지
가평,2023,7,2023-07,212,경기도,가평군,신나고수상레저,24,가평 2023_07.csv,레저스포츠,기타레저스포츠
가평,2023,7,2023-07,215,경기도,가평군,이지서프웨이크서핑,23,가평 2023_07.csv,레저스포츠,수상레저스포츠
가평,2023,7,2023-07,216,경기도,가평군,샛자리스튜디오,22,가평 2023_07.csv,문화관광,기타문화관광지
가평,2023,7,2023-07,216,경기도,가평군,바르도수상레저,22,가평 2023_07.csv,레저스포츠,수상레저스포츠
가평,2023,7,2023-07,216,경기도,가평군,지영수상스키장,22,가평 2023_07.csv,레저스포츠,수상레저스포츠
가평,2023,7,2023-07,219,경기도,가평군,이수네유원지,21,가평 2023_07.csv,문화관광,복합관광시설
가평,2023,7,2023-07,219,경기도,가평군,룰루마린수상레저,21,가평 2023_07.csv,레저스포츠,수상레저스포츠
가평,2023,7,2023-07,221,경기도,가평군,청평스포랜드번지점프장,20,가평 2023_07.csv,레저스포츠,육상레저스포츠
가평,2023,7,2023-07,221,경기도,가평군,상락향수도원,20,가평 2023_07.csv,역사관광,종교성지
가평,2023,7,2023-07,223,경기도,가평군,가평빠지붐붐수상레저,19,가평 2023_07.csv,레저스포츠,수상레저스포츠
가평,2023,7,2023-07,224,경기도,가평군,한강수상레저,18,가평 2023_07.csv,레저스포츠,수상레저스포츠
가평,2023,7,2023-07,224,경기도,가평군,가평낚시터,18,가평 2023_07.csv,레저스포츠,수상레저스포츠
가평,2023,7,2023-07,224,경기도,가평군,해바라기유원지,18,가평 2023_07.csv,문화관광,복합관광시설
가평,2023,7,2023-07,227,경기도,가평군,가평군관공선선착장,17,가평 2023_07.csv,기타관광,교통시설
가평,2023,7,2023-07,227,경기도,가평군,화악계곡,17,가평 2023_07.csv,자연관광,자연경관(산)
가평,2023,7,2023-07,227,경기도,가평군,일지안호범미술관,17,가평 2023_07.csv,문화관광,전시시설
가평,2023,7,2023-07,227,경기도,가평군,조종천계곡,17,가평 2023_07.csv,자연관광,자연경관(산)
가평,2023,7,2023-07,227,경기도,가평군,신청평대교야구장,17,가평 2023_07.csv,문화관광,레저스포츠시설
가평,2023,7,2023-07,227,경기도,가평군,상면생활체육공원,17,가평 2023_07.csv,문화관광,도시공원
가평,2023,7,2023-07,227,경기도,가평군,무송암,17,가평 2023_07.csv,문화관광,복합관광시설
가평,2023,7,2023-07,227,경기도,가평군,항아리바위계곡,17,가평 2023_07.csv,자연관광,자연경관(산)
가평,2023,7,2023-07,235,경기도,가평군,타자가평수상레저,16,가평 2023_07.csv,레저스포츠,기타레저스포츠
가평,2023,7,2023-07,235,경기도,가평군,버드나무유원지,16,가평 2023_07.csv,문화관광,복합관광시설
가평,2023,7,2023-07,237,경기도,가평군,클럽모아나,15,가평 2023_07.csv,레저스포츠,수상레저스포츠
가평,2023,7,2023-07,237,경기도,가평군,설악낚시터,15,가평 2023_07.csv,레저스포츠,수상레저스포츠
가평,2023,7,2023-07,237,경기도,가평군,유명산계곡,15,가평 2023_07.csv,자연관광,자연경관(산)
가평,2023,7,2023-07,237,경기도,가평군,화악산,15,가평 2023_07.csv,자연관광,자연경관(산)
가평,2023,7,2023-07,237,경기도,가평군,대성리계곡,15,가평 2023_07.csv,자연관광,자연경관(산)
가평,2023,7,2023-07,242,경기도,가평군,운악산용수사,14,가평 2023_07.csv,역사관광,종교성지
가평,2023,7,2023-07,242,경기도,가평군,현리계곡,14,가평 2023_07.csv,자연관광,자연경관(산)
가평,2023,7,2023-07,242,경기도,가평군,호명호수공원,14,가평 2023_07.csv,문화관광,도시공원
가평,2023,7,2023-07,242,경기도,가평군,가평축령산잣나무숲,14,가평 2023_07.csv,자연관광,자연공원
가평,2023,7,2023-07,242,경기도,가평군,유명산,14,가평 2023_07.csv,자연관광,자연경관(산)
가평,2023,7,2023-07,242,경기도,가평군,잣고을전통시장,14,가평 2023_07.csv,쇼핑,시장
가평,2023,7,2023-07,248,경기도,가평군,삼성수상레져,13,가평 2023_07.csv,레저스포츠,기타레저스포츠
가평,2023,7,2023-07,248,경기도,가평군,수풀로삼회리,13,가평 2023_07.csv,문화관광,도시공원
가평,2023,7,2023-07,248,경기도,가평군,큰골계곡,13,가평 2023_07.csv,자연관광,자연경관(산)
가평,2023,7,2023-07,248,경기도,가평군,마린랜드,13,가평 2023_07.csv,레저스포츠,수상레저스포츠
가평,2023,7,2023-07,252,경기도,가평군,가평현암농경박물관,12,가평 2023_07.csv,문화관광,전시시설
가평,2023,7,2023-07,252,경기도,가평군,도솔천사,12,가평 2023_07.csv,역사관광,종교성지
가평,2023,7,2023-07,252,경기도,가평군,약수유원지,12,가평 2023_07.csv,문화관광,복합관광시설
가평,2023,7,2023-07,252,경기도,가평군,청평첫집,12,가평 2023_07.csv,레저스포츠,수상레저스포츠
가평,2023,7,2023-07,256,경기도,가평군,상천루,11,가평 2023_07.csv,문화관광,도시공원
가평,2023,7,2023-07,256,경기도,가평군,쁘띠프랑스베니스가면축제,11,가평 2023_07.csv,문화관광,기타문화관광지
가평,2023,7,2023-07,256,경기도,가평군,은행나무낚시공원,11,가평 2023_07.csv,레저스포츠,수상레저스포츠
가평,2023,7,2023-07,256,경기도,가평군,청룡사,11,가평 2023_07.csv,역사관광,종교성지
가평,2023,7,2023-07,256,경기도,가평군,보납정,11,가평 2023_07.csv,레저스포츠,육상레저스포츠
가평,2023,7,2023-07,256,경기도,가평군,귀목계곡,11,가평 2023_07.csv,자연관광,자연경관(산)
가평,2023,7,2023-07,256,경기도,가평군,가평무브베이스볼파크,11,가평 2023_07.csv,문화관광,레저스포츠시설
가평,2023,7,2023-07,256,경기도,가평군,클럽맨하탄,11,가평 2023_07.csv,레저스포츠,기타레저스포츠
가평,2023,7,2023-07,256,경기도,가평군,텃바위유원지,11,가평 2023_07.csv,문화관광,복합관광시설
가평,2023,7,2023-07,256,경기도,가평군,보납산전망대,11,가평 2023_07.csv,문화관광,랜드마크관광
가평,2023,7,2023-07,256,경기도,가평군,하이수상레저,11,가평 2023_07.csv,레저스포츠,수상레저스포츠
가평,2023,7,2023-07,256,경기도,가평군,케이탑수상레저,11,가평 2023_07.csv,레저스포츠,수상레저스포츠
가평,2023,7,2023-07,256,경기도,가평군,조종생활체육공원축구장,11,가평 2023_07.csv,문화관광,레저스포츠시설
가평,2023,7,2023-07,269,경기도,가평군,가평하늘커피농장,10,가평 2023_07.csv,체험관광,농/산/어촌체험
가평,2023,7,2023-07,269,경기도,가평군,청호수상레저,10,가평 2023_07.csv,레저스포츠,수상레저스포츠
가평,2023,7,2023-07,271,경기도,가평군,청평호수길,9,가평 2023_07.csv,기타관광,기타관광
가평,2023,7,2023-07,271,경기도,가평군,산울로수상스키,9,가평 2023_07.csv,레저스포츠,기타레저스포츠
가평,2023,7,2023-07,271,경기도,가평군,이정구선생묘,9,가평 2023_07.csv,역사관광,역사유적지
가평,2023,7,2023-07,271,경기도,가평군,설미재미술관,9,가평 2023_07.csv,문화관광,전시시설
가평,2023,7,2023-07,275,경기도,가평군,백둔계곡,8,가평 2023_07.csv,자연관광,자연경관(산)
가평,2023,7,2023-07,275,경기도,가평군,호명산드라이브코스,8,가평 2023_07.csv,기타관광,데이트코스
가평,2023,7,2023-07,275,경기도,가평군,폭포유원지,8,가평 2023_07.csv,문화관광,복합관광시설
가평,2023,7,2023-07,275,경기도,가평군,성운사,8,가평 2023_07.csv,역사관광,종교성지
가평,2023,7,2023-07,279,경기도,가평군,구원사,7,가평 2023_07.csv,역사관광,종교성지
가평,2023,7,2023-07,279,경기도,가평군,밤골유원지,7,가평 2023_07.csv,문화관광,복합관광시설
가평,2023,7,2023-07,279,경기도,가평군,수연폭포유원지,7,가평 2023_07.csv,문화관광,복합관광시설
가평,2023,7,2023-07,279,경기도,가평군,백자동유원지,7,가평 2023_07.csv,문화관광,복합관광시설
가평,2023,7,2023-07,279,경기도,가평군,가평탑수상레저,7,가평 2023_07.csv,레저스포츠,수상레저스포츠
가평,2023,7,2023-07,279,경기도,가평군,마리서프,7,가평 2023_07.csv,레저스포츠,수상레저스포츠
가평,2023,7,2023-07,279,경기도,가평군,사랑해체험마을,7,가평 2023_07.csv,레저스포츠,기타레저스포츠
가평,2023,7,2023-07,279,경기도,가평군,안골유원지,7,가평 2023_07.csv,문화관광,복합관광시설
가평,2023,7,2023-07,279,경기도,가평군,가평문화창작공간얼쑤공장,7,가평 2023_07.csv,문화관광,기타문화관광지
가평,2023,7,2023-07,288,경기도,가평군,가평철길공원,6,가평 2023_07.csv,문화관광,도시공원
가평,2023,7,2023-07,288,경기도,가평군,용추폭포,6,가평 2023_07.csv,자연관광,자연경관(산)
가평,2023,7,2023-07,288,경기도,가평군,가평수상레저빠지놀러와,6,가평 2023_07.csv,레저스포츠,수상레저스포츠
가평,2023,7,2023-07,288,경기도,가평군,록산갤러리,6,가평 2023_07.csv,문화관광,전시시설
가평,2023,7,2023-07,288,경기도,가평군,어비산,6,가평 2023_07.csv,자연관광,자연경관(산)
가평,2023,7,2023-07,288,경기도,가평군,거림네유원지,6,가평 2023_07.csv,문화관광,복합관광시설
가평,2023,7,2023-07,288,경기도,가평군,경반사,6,가평 2023_07.csv,역사관광,종교성지
가평,2023,7,2023-07,288,경기도,가평군,연인산,6,가평 2023_07.csv,자연관광,자연경관(산)
가평,2023,7,2023-07,288,경기도,가평군,청평자연유원지,6,가평 2023_07.csv,문화관광,복합관광시설
가평,2023,7,2023-07,288,경기도,가평군,석룡산계곡유원지,6,가평 2023_07.csv,문화관광,복합관광시설
가평,2023,7,2023-07,288,경기도,가평군,조무락골유원지,6,가평 2023_07.csv,문화관광,복합관광시설
가평,2023,7,2023-07,299,경기도,가평군,연인산우정능선방면,5,가평 2023_07.csv,자연관광,자연경관(산)
가평,2023,7,2023-07,299,경기도,가평군,광법사,5,가평 2023_07.csv,역사관광,종교성지
가평,2023,7,2023-07,299,경기도,가평군,주금산,5,가평 2023_07.csv,자연관광,자연경관(산)
가평,2023,7,2023-07,299,경기도,가평군,적목리신앙공동체유적지,5,가평 2023_07.csv,역사관광,역사유적지
가평,2023,7,2023-07,299,경기도,가평군,화야산자연발생유원지,5,가평 2023_07.csv,문화관광,복합관광시설
가평,2023,7,2023-07,299,경기도,가평군,가평수상레저MK,5,가평 2023_07.csv,레저스포츠,수상레저스포츠
가평,2023,7,2023-07,299,경기도,가평군,불기고개,5,가평 2023_07.csv,자연관광,자연경관(산)
가평,2023,7,2023-07,299,경기도,가평군,뉴질랜드전투기념비,5,가평 2023_07.csv,역사관광,역사유물
가평,2023,7,2023-07,307,경기도,가평군,가평빠지임팩트수상레저,4,가평 2023_07.csv,레저스포츠,수상레저스포츠
가평,2023,7,2023-07,307,경기도,가평군,프리다이브그랑블루가평센터,4,가평 2023_07.csv,레저스포츠,수상레저스포츠
가평,2023,7,2023-07,307,경기도,가평군,캐나다전투기념비,4,가평 2023_07.csv,역사관광,역사유물
가평,2023,7,2023-07,307,경기도,가평군,물골가든유원지,4,가평 2023_07.csv,문화관광,복합관광시설
가평,2023,7,2023-07,307,경기도,가평군,보납사,4,가평 2023_07.csv,역사관광,종교성지
가평,2023,7,2023-07,307,경기도,가평군,대성사,4,가평 2023_07.csv,역사관광,종교성지
가평,2023,7,2023-07,307,경기도,가평군,상록수유원지,4,가평 2023_07.csv,문화관광,복합관광시설
가평,2023,7,2023-07,307,경기도,가평군,우리유원지,4,가평 2023_07.csv,문화관광,복합관광시설
가평,2023,7,2023-07,307,경기도,가평군,축령사,4,가평 2023_07.csv,역사관광,종교성지
가평,2023,7,2023-07,307,경기도,가평군,대성낚시터,4,가평 2023_07.csv,레저스포츠,수상레저스포츠
가평,2023,7,2023-07,307,경기도,가평군,중미산,4,가평 2023_07.csv,자연관광,자연경관(산)
가평,2023,7,2023-07,307,경기도,가평군,플로팅하우스,4,가평 2023_07.csv,레저스포츠,수상레저스포츠
가평,2023,7,2023-07,307,경기도,가평군,점프노리경기가평점,4,가평 2023_07.csv,문화관광,테마공원
가평,2023,7,2023-07,307,경기도,가평군,가평군 상면 조가터마을,4,가평 2023_07.csv,문화관광,도시/지역문화관광
가평,2023,7,2023-07,321,경기도,가평군,수궁유원지,3,가평 2023_07.csv,문화관광,복합관광시설
가평,2023,7,2023-07,321,경기도,가평군,동보농원,3,가평 2023_07.csv,체험관광,농/산/어촌체험
가평,2023,7,2023-07,321,경기도,가평군,2H수상레져,3,가평 2023_07.csv,레저스포츠,수상레저스포츠
가평,2023,7,2023-07,321,경기도,가평군,색현터널,3,가평 2023_07.csv,기타관광,기타관광
가평,2023,7,2023-07,321,경기도,가평군,월사집목판,3,가평 2023_07.csv,역사관광,역사유적지
가평,2023,7,2023-07,321,경기도,가평군,도도수상레저,3,가평 2023_07.csv,레저스포츠,수상레저스포츠
가평,2023,7,2023-07,321,경기도,가평군,아트살롱바이모노플렉스,3,가평 2023_07.csv,문화관광,공연시설
가평,2023,7,2023-07,321,경기도,가평군,꽃무지풀무지,3,가평 2023_07.csv,자연관광,자연공원
가평,2023,7,2023-07,321,경기도,가평군,가평화랑유원지,3,가평 2023_07.csv,문화관광,복합관광시설
가평,2023,7,2023-07,321,경기도,가평군,고동산계곡,3,가평 2023_07.csv,자연관광,자연경관(산)
가평,2023,7,2023-07,321,경기도,가평군,북한강레저클럽,3,가평 2023_07.csv,레저스포츠,기타레저스포츠
가평,2023,7,2023-07,321,경기도,가평군,호국연호사,3,가평 2023_07.csv,역사관광,종교성지
가평,2023,7,2023-07,321,경기도,가평군,워터피아,3,가평 2023_07.csv,레저스포츠,기타레저스포츠
가평,2023,7,2023-07,321,경기도,가평군,서호수상레져,3,가평 2023_07.csv,레저스포츠,기타레저스포츠
가평,2023,7,2023-07,321,경기도,가평군,라쿠나수상레저,3,가평 2023_07.csv,레저스포츠,기타레저스포츠
가평,2023,7,2023-07,321,경기도,가평군,연인산용추구곡방면,3,가평 2023_07.csv,자연관광,자연경관(산)
가평,2023,7,2023-07,321,경기도,가평군,극락정사,3,가평 2023_07.csv,역사관광,종교성지
가평,2023,7,2023-07,321,경기도,가평군,코스모피아천문대,3,가평 2023_07.csv,문화관광,랜드마크관광
가평,2023,7,2023-07,321,경기도,가평군,북한강유원지,3,가평 2023_07.csv,문화관광,복합관광시설
가평,2023,7,2023-07,321,경기도,가평군,하면장,3,가평 2023_07.csv,쇼핑,시장
가평,2023,7,2023-07,321,경기도,가평군,돌다리유원지,3,가평 2023_07.csv,문화관광,복합관광시설
가평,2023,7,2023-07,321,경기도,가평군,명지산유원지,3,가평 2023_07.csv,문화관광,복합관광시설
가평,2023,7,2023-07,321,경기도,가평군,수덕농원,3,가평 2023_07.csv,체험관광,농/산/어촌체험
가평,2023,7,2023-07,321,경기도,가평군,소법밤섬유원지,3,가평 2023_07.csv,문화관광,복합관광시설
가평,2023,7,2023-07,321,경기도,가평군,에이스탁구클럽,3,가평 2023_07.csv,레저스포츠,기타레저스포츠
가평,2023,7,2023-07,321,경기도,가평군,대금사,3,가평 2023_07.csv,역사관광,종교성지
가평,2023,7,2023-07,321,경기도,가평군,녹야원,3,가평 2023_07.csv,문화관광,테마공원
가평,2023,7,2023-07,321,경기도,가평군,보라보라수상레저,3,가평 2023_07.csv,레저스포츠,수상레저스포츠
가평,2023,7,2023-07,321,경기도,가평군,가평에덴벚꽃길,3,가평 2023_07.csv,기타관광,기타관광
가평,2023,7,2023-07,321,경기도,가평군,에덴벚꽃길,3,가평 2023_07.csv,레저스포츠,기타레저스포츠
가평,2023,7,2023-07,321,경기도,가평군,소락개휴양림,3,가평 2023_07.csv,자연관광,자연공원
가평,2023,7,2023-07,321,경기도,가평군,송림사,3,가평 2023_07.csv,역사관광,종교성지
가평,2023,7,2023-07,321,경기도,가평군,밤나무유원지,3,가평 2023_07.csv,문화관광,복합관광시설
가평,2023,7,2023-07,321,경기도,가평군,가평수상레저가즈아,3,가평 2023_07.csv,레저스포츠,수상레저스포츠
가평,2023,7,2023-07,321,경기도,가평군,희망축구전용구장,3,가평 2023_07.csv,문화관광,레저스포츠시설
가평,2023,7,2023-07,321,경기도,가평군,가람농원,3,가평 2023_07.csv,체험관광,농/산/어촌체험
가평,2023,8,2023-08,1,경기도,가평군,캠프통포레스트,7887,가평 2023_08.csv,레저스포츠,수상레저스포츠
가평,2023,8,2023-08,2,경기도,가평군,청평역,7316,가평 2023_08.csv,기타관광,교통시설
가평,2023,8,2023-08,3,경기도,가평군,유명산자연휴양림,7226,가평 2023_08.csv,자연관광,자연공원
가평,2023,8,2023-08,4,경기도,가평군,남이섬선착장,7133,가평 2023_08.csv,기타관광,교통시설
가평,2023,8,2023-08,5,경기도,가평군,아침고요수목원,6597,가평 2023_08.csv,문화관광,테마공원
가평,2023,8,2023-08,6,경기도,가평군,가평베네스트GC,5922,가평 2023_08.csv,레저스포츠,육상레저스포츠
가평,2023,8,2023-08,7,경기도,가평군,아난티코드골프클럽,5891,가평 2023_08.csv,레저스포츠,육상레저스포츠
가평,2023,8,2023-08,8,경기도,가평군,베뉴지CC,5458,가평 2023_08.csv,레저스포츠,육상레저스포츠
가평,2023,8,2023-08,9,경기도,가평군,썬힐GC,5141,가평 2023_08.csv,레저스포츠,육상레저스포츠
가평,2023,8,2023-08,10,경기도,가평군,대성리역,4747,가평 2023_08.csv,기타관광,교통시설
가평,2023,8,2023-08,11,경기도,가평군,프리스틴밸리GC,4422,가평 2023_08.csv,레저스포츠,육상레저스포츠
가평,2023,8,2023-08,12,경기도,가평군,쁘띠프랑스,4127,가평 2023_08.csv,문화관광,복합관광시설
가평,2023,8,2023-08,13,경기도,가평군,크리스탈밸리CC,4075,가평 2023_08.csv,레저스포츠,육상레저스포츠
가평,2023,8,2023-08,14,경기도,가평군,자라섬,3251,가평 2023_08.csv,자연관광,자연경관(하천/해양)
가평,2023,8,2023-08,15,경기도,가평군,리앤리CC,2674,가평 2023_08.csv,레저스포츠,육상레저스포츠
가평,2023,8,2023-08,16,경기도,가평군,마이다스밸리청평 골프클럽,2637,가평 2023_08.csv,레저스포츠,육상레저스포츠
가평,2023,8,2023-08,17,경기도,가평군,현리시외버스터미널,2615,가평 2023_08.csv,기타관광,교통시설
가평,2023,8,2023-08,18,경기도,가평군,가평시외버스터미널,2475,가평 2023_08.csv,기타관광,교통시설
가평,2023,8,2023-08,19,경기도,가평군,용소폭포,2376,가평 2023_08.csv,자연관광,자연경관(산)
가평,2023,8,2023-08,20,경기도,가평군,워터플레이,2277,가평 2023_08.csv,레저스포츠,수상레저스포츠
가평,2023,8,2023-08,21,경기도,가평군,경기도잣향기푸른숲,2207,가평 2023_08.csv,자연관광,자연공원
가평,2023,8,2023-08,22,경기도,가평군,아토믹워터파크,1776,가평 2023_08.csv,문화관광,테마공원
가평,2023,8,2023-08,23,경기도,가평군,모비딕수상레저,1720,가평 2023_08.csv,레저스포츠,수상레저스포츠
가평,2023,8,2023-08,24,경기도,가평군,가평빠지클럽비발디,1362,가평 2023_08.csv,레저스포츠,수상레저스포츠
가평,2023,8,2023-08,25,경기도,가평군,청평시외버스터미널,1351,가평 2023_08.csv,기타관광,교통시설
가평,2023,8,2023-08,26,경기도,가평군,아침고요가족동물원,1327,가평 2023_08.csv,문화관광,테마공원
가평,2023,8,2023-08,27,경기도,가평군,강촌레일파크가평역,1282,가평 2023_08.csv,레저스포츠,기타레저스포츠
가평,2023,8,2023-08,28,경기도,가평군,에델바이스스위스테마파크,1269,가평 2023_08.csv,문화관광,테마공원
가평,2023,8,2023-08,29,경기도,가평군,캠프통아일랜드,1233,가평 2023_08.csv,레저스포츠,수상레저스포츠
가평,2023,8,2023-08,30,경기도,가평군,가평TOP랜드,1179,가평 2023_08.csv,레저스포츠,수상레저스포츠
가평,2023,8,2023-08,31,경기도,가평군,용추계곡,1173,가평 2023_08.csv,자연관광,자연경관(산)
가평,2023,8,2023-08,32,경기도,가평군,K26잠수풀,1044,가평 2023_08.csv,레저스포츠,수상레저스포츠
가평,2023,8,2023-08,33,경기도,가평군,산장관광지,1023,가평 2023_08.csv,문화관광,복합관광시설
가평,2023,8,2023-08,34,경기도,가평군,칼봉산자연휴양림,1003,가평 2023_08.csv,자연관광,자연공원
가평,2023,8,2023-08,35,경기도,가평군,몰디브수상레저,987,가평 2023_08.csv,레저스포츠,수상레저스포츠
가평,2023,8,2023-08,36,경기도,가평군,크리스월드수상레저,965,가평 2023_08.csv,레저스포츠,수상레저스포츠
가평,2023,8,2023-08,37,경기도,가평군,호수유원지,957,가평 2023_08.csv,문화관광,복합관광시설
가평,2023,8,2023-08,38,경기도,가평군,르푸앙수상레져,842,가평 2023_08.csv,레저스포츠,수상레저스포츠
가평,2023,8,2023-08,39,경기도,가평군,상천역,841,가평 2023_08.csv,기타관광,교통시설
가평,2023,8,2023-08,40,경기도,가평군,한국초콜릿연구소뮤지엄,794,가평 2023_08.csv,문화관광,전시시설
가평,2023,8,2023-08,41,경기도,가평군,리버포인트수상레저,779,가평 2023_08.csv,레저스포츠,수상레저스포츠
가평,2023,8,2023-08,42,경기도,가평군,현등사,743,가평 2023_08.csv,역사관광,종교성지
가평,2023,8,2023-08,43,경기도,가평군,강씨봉자연휴양림,735,가평 2023_08.csv,자연관광,자연공원
가평,2023,8,2023-08,44,경기도,가평군,가평별빛공원,725,가평 2023_08.csv,문화관광,도시공원
가평,2023,8,2023-08,45,경기도,가평군,크라운수상레저,717,가평 2023_08.csv,레저스포츠,수상레저스포츠
가평,2023,8,2023-08,46,경기도,가평군,청평자연휴양림,699,가평 2023_08.csv,자연관광,자연공원
가평,2023,8,2023-08,47,경기도,가평군,운악산출렁다리,648,가평 2023_08.csv,기타관광,기타관광
가평,2023,8,2023-08,48,경기도,가평군,가평군어린이음악놀이터,629,가평 2023_08.csv,문화관광,테마공원
가평,2023,8,2023-08,49,경기도,가평군,가평파크골프장,612,가평 2023_08.csv,레저스포츠,육상레저스포츠
가평,2023,8,2023-08,50,경기도,가평군,음악역1939,610,가평 2023_08.csv,문화관광,기타문화관광지
가평,2023,8,2023-08,51,경기도,가평군,별비치워터파크,576,가평 2023_08.csv,문화관광,테마공원
가평,2023,8,2023-08,52,경기도,가평군,피노키오와다빈치,510,가평 2023_08.csv,문화관광,복합관광시설
가평,2023,8,2023-08,53,경기도,가평군,K2수상레져,505,가평 2023_08.csv,레저스포츠,수상레저스포츠
가평,2023,8,2023-08,54,경기도,가평군,가평빠지아마존수상레저,498,가평 2023_08.csv,레저스포츠,수상레저스포츠
가평,2023,8,2023-08,55,경기도,가평군,청심평화월드센터,486,가평 2023_08.csv,문화관광,공연시설
가평,2023,8,2023-08,56,경기도,가평군,레저캠프,482,가평 2023_08.csv,레저스포츠,기타레저스포츠
가평,2023,8,2023-08,57,경기도,가평군,떡바위유원지,459,가평 2023_08.csv,문화관광,복합관광시설
가평,2023,8,2023-08,58,경기도,가평군,도대리용소폭포,442,가평 2023_08.csv,자연관광,자연경관(산)
가평,2023,8,2023-08,58,경기도,가평군,가평빠지크리스월드수상레저,442,가평 2023_08.csv,레저스포츠,수상레저스포츠
가평,2023,8,2023-08,58,경기도,가평군,탑코리아수상레저,442,가평 2023_08.csv,레저스포츠,수상레저스포츠
가평,2023,8,2023-08,61,경기도,가평군,빠져수상레저,434,가평 2023_08.csv,레저스포츠,수상레저스포츠
가평,2023,8,2023-08,62,경기도,가평군,가평빠지이비자수상레저,421,가평 2023_08.csv,레저스포츠,수상레저스포츠
가평,2023,8,2023-08,62,경기도,가평군,가평썸머플레이스,421,가평 2023_08.csv,레저스포츠,수상레저스포츠
가평,2023,8,2023-08,64,경기도,가평군,브릿지짚라인,409,가평 2023_08.csv,레저스포츠,기타레저스포츠
가평,2023,8,2023-08,65,경기도,가평군,어비계곡,400,가평 2023_08.csv,자연관광,자연경관(산)
가평,2023,8,2023-08,66,경기도,가평군,금개울유원지,396,가평 2023_08.csv,문화관광,복합관광시설
가평,2023,8,2023-08,67,경기도,가평군,말리부수상레저,392,가평 2023_08.csv,레저스포츠,기타레저스포츠
가평,2023,8,2023-08,68,경기도,가평군,명지계곡,385,가평 2023_08.csv,자연관광,자연경관(산)
가평,2023,8,2023-08,69,경기도,가평군,리버랜드번지점프장,373,가평 2023_08.csv,레저스포츠,육상레저스포츠
가평,2023,8,2023-08,70,경기도,가평군,가람유원지,372,가평 2023_08.csv,문화관광,복합관광시설
가평,2023,8,2023-08,71,경기도,가평군,백팔유원지,363,가평 2023_08.csv,문화관광,복합관광시설
가평,2023,8,2023-08,72,경기도,가평군,청심국제청소년수련원,352,가평 2023_08.csv,레저스포츠,육상레저스포츠
가평,2023,8,2023-08,73,경기도,가평군,버드마리나수상레저,350,가평 2023_08.csv,레저스포츠,기타레저스포츠
가평,2023,8,2023-08,74,경기도,가평군,스마일수상레저,336,가평 2023_08.csv,레저스포츠,수상레저스포츠
가평,2023,8,2023-08,75,경기도,가평군,녹수계곡,334,가평 2023_08.csv,자연관광,자연경관(산)
가평,2023,8,2023-08,76,경기도,가평군,용추계곡유원지,325,가평 2023_08.csv,문화관광,복합관광시설
가평,2023,8,2023-08,77,경기도,가평군,용소유원지,313,가평 2023_08.csv,문화관광,복합관광시설
가평,2023,8,2023-08,78,경기도,가평군,물조은빠지,311,가평 2023_08.csv,레저스포츠,수상레저스포츠
가평,2023,8,2023-08,79,경기도,가평군,맨하탄수상레져,307,가평 2023_08.csv,레저스포츠,수상레저스포츠
가평,2023,8,2023-08,80,경기도,가평군,백련사,299,가평 2023_08.csv,역사관광,종교성지
가평,2023,8,2023-08,80,경기도,가평군,수영인의마을,299,가평 2023_08.csv,레저스포츠,수상레저스포츠
가평,2023,8,2023-08,82,경기도,가평군,청평호반드라이브코스,295,가평 2023_08.csv,기타관광,데이트코스
가평,2023,8,2023-08,83,경기도,가평군,클럽이글스수상레저,294,가평 2023_08.csv,레저스포츠,기타레저스포츠
가평,2023,8,2023-08,84,경기도,가평군,산림생태문화체험단지,282,가평 2023_08.csv,기타관광,기타관광
가평,2023,8,2023-08,85,경기도,가평군,꿈의동산,280,가평 2023_08.csv,문화관광,복합관광시설
가평,2023,8,2023-08,85,경기도,가평군,가평사계절썰매장,280,가평 2023_08.csv,레저스포츠,육상레저스포츠
가평,2023,8,2023-08,87,경기도,가평군,스카이라인짚와이어,279,가평 2023_08.csv,문화관광,복합관광시설
가평,2023,8,2023-08,87,경기도,가평군,연인산도립공원탐방안내소,279,가평 2023_08.csv,기타관광,기타관광
가평,2023,8,2023-08,89,경기도,가평군,목동버스터미널,273,가평 2023_08.csv,기타관광,교통시설
가평,2023,8,2023-08,90,경기도,가평군,아루바수상레저,271,가평 2023_08.csv,레저스포츠,기타레저스포츠
가평,2023,8,2023-08,91,경기도,가평군,현리유원지,267,가평 2023_08.csv,문화관광,복합관광시설
가평,2023,8,2023-08,92,경기도,가평군,웨이크베이리조트,266,가평 2023_08.csv,레저스포츠,기타레저스포츠
가평,2023,8,2023-08,93,경기도,가평군,청평5일시장,254,가평 2023_08.csv,쇼핑,시장
가평,2023,8,2023-08,94,경기도,가평군,가평 수상레저 바이킹 빠지,252,가평 2023_08.csv,레저스포츠,수상레저스포츠
가평,2023,8,2023-08,95,경기도,가평군,조무락계곡,240,가평 2023_08.csv,자연관광,자연경관(산)
가평,2023,8,2023-08,96,경기도,가평군,자라섬테마파크물놀이장 휴장,225,가평 2023_08.csv,문화관광,테마공원
가평,2023,8,2023-08,97,경기도,가평군,레인보우수상레저,223,가평 2023_08.csv,레저스포츠,수상레저스포츠
가평,2023,8,2023-08,98,경기도,가평군,청평리버랜드수상레저,221,가평 2023_08.csv,문화관광,복합관광시설
가평,2023,8,2023-08,98,경기도,가평군,설악생활체육공원,221,가평 2023_08.csv,문화관광,도시공원
가평,2023,8,2023-08,100,경기도,가평군,무당소유원지,217,가평 2023_08.csv,문화관광,복합관광시설
가평,2023,8,2023-08,101,경기도,가평군,삼원수상레저,216,가평 2023_08.csv,레저스포츠,기타레저스포츠
가평,2023,8,2023-08,101,경기도,가평군,송학포유원지,216,가평 2023_08.csv,문화관광,복합관광시설
가평,2023,8,2023-08,103,경기도,가평군,명지산생태전시관,214,가평 2023_08.csv,문화관광,전시시설
가평,2023,8,2023-08,104,경기도,가평군,서프앤,208,가평 2023_08.csv,레저스포츠,수상레저스포츠
가평,2023,8,2023-08,104,경기도,가평군,아레나수상레저,208,가평 2023_08.csv,레저스포츠,수상레저스포츠
가평,2023,8,2023-08,106,경기도,가평군,이화원,202,가평 2023_08.csv,문화관광,도시공원
가평,2023,8,2023-08,107,경기도,가평군,도장골낚시터,198,가평 2023_08.csv,레저스포츠,수상레저스포츠
가평,2023,8,2023-08,108,경기도,가평군,대원사,196,가평 2023_08.csv,역사관광,종교성지
가평,2023,8,2023-08,109,경기도,가평군,아이언수상레저,194,가평 2023_08.csv,레저스포츠,기타레저스포츠
가평,2023,8,2023-08,109,경기도,가평군,청평유원지,194,가평 2023_08.csv,문화관광,복합관광시설
가평,2023,8,2023-08,111,경기도,가평군,루시아수상레저,192,가평 2023_08.csv,레저스포츠,수상레저스포츠
가평,2023,8,2023-08,112,경기도,가평군,항아리바위유원지,191,가평 2023_08.csv,기타관광,기타관광
가평,2023,8,2023-08,113,경기도,가평군,물의나라유원지,189,가평 2023_08.csv,문화관광,복합관광시설
가평,2023,8,2023-08,114,경기도,가평군,대성리국민관광지,188,가평 2023_08.csv,문화관광,복합관광시설
가평,2023,8,2023-08,115,경기도,가평군,가일미술관,185,가평 2023_08.csv,문화관광,전시시설
가평,2023,8,2023-08,115,경기도,가평군,썸머타임수상레저,185,가평 2023_08.csv,레저스포츠,수상레저스포츠
가평,2023,8,2023-08,117,경기도,가평군,잣고을전통시장,184,가평 2023_08.csv,쇼핑,시장
가평,2023,8,2023-08,118,경기도,가평군,명지계곡유원지,183,가평 2023_08.csv,문화관광,복합관광시설
가평,2023,8,2023-08,119,경기도,가평군,아마란스리조트,181,가평 2023_08.csv,레저스포츠,수상레저스포츠
가평,2023,8,2023-08,120,경기도,가평군,포세이돈,178,가평 2023_08.csv,레저스포츠,수상레저스포츠
가평,2023,8,2023-08,121,경기도,가평군,청평생활체육공원,177,가평 2023_08.csv,문화관광,도시공원
가평,2023,8,2023-08,122,경기도,가평군,항아리바위계곡,175,가평 2023_08.csv,자연관광,자연경관(산)
가평,2023,8,2023-08,123,경기도,가평군,호명호수,174,가평 2023_08.csv,자연관광,자연경관(하천/해양)
가평,2023,8,2023-08,124,경기도,가평군,가평레져카트장,172,가평 2023_08.csv,레저스포츠,기타레저스포츠
가평,2023,8,2023-08,124,경기도,가평군,설악시외버스터미널,172,가평 2023_08.csv,기타관광,교통시설
가평,2023,8,2023-08,126,경기도,가평군,소풍레저,168,가평 2023_08.csv,레저스포츠,수상레저스포츠
가평,2023,8,2023-08,127,경기도,가평군,천정궁박물관,163,가평 2023_08.csv,문화관광,전시시설
가평,2023,8,2023-08,128,경기도,가평군,청평호,162,가평 2023_08.csv,자연관광,자연경관(하천/해양)
가평,2023,8,2023-08,129,경기도,가평군,남도꽃정원,161,가평 2023_08.csv,문화관광,도시공원
가평,2023,8,2023-08,129,경기도,가평군,엘혜윰의정원,161,가평 2023_08.csv,레저스포츠,육상레저스포츠
가평,2023,8,2023-08,131,경기도,가평군,이뜨랜수상레저,157,가평 2023_08.csv,레저스포츠,수상레저스포츠
가평,2023,8,2023-08,131,경기도,가평군,대성수상레저,157,가평 2023_08.csv,레저스포츠,수상레저스포츠
가평,2023,8,2023-08,133,경기도,가평군,W홀스랜드,150,가평 2023_08.csv,레저스포츠,육상레저스포츠
가평,2023,8,2023-08,133,경기도,가평군,청평워터피아,150,가평 2023_08.csv,레저스포츠,수상레저스포츠
가평,2023,8,2023-08,135,경기도,가평군,바하마수상레포츠,148,가평 2023_08.csv,레저스포츠,수상레저스포츠
가평,2023,8,2023-08,136,경기도,가평군,모험의시작,144,가평 2023_08.csv,레저스포츠,수상레저스포츠
가평,2023,8,2023-08,136,경기도,가평군,욜로수상레저,144,가평 2023_08.csv,레저스포츠,수상레저스포츠
가평,2023,8,2023-08,138,경기도,가평군,더스테이힐링파크링스파3골프장,142,가평 2023_08.csv,레저스포츠,육상레저스포츠
가평,2023,8,2023-08,139,경기도,가평군,가평수목원,139,가평 2023_08.csv,자연관광,자연공원
가평,2023,8,2023-08,140,경기도,가평군,화악계곡,135,가평 2023_08.csv,자연관광,자연경관(산)
가평,2023,8,2023-08,141,경기도,가평군,이지수상레져,134,가평 2023_08.csv,레저스포츠,기타레저스포츠
가평,2023,8,2023-08,142,경기도,가평군,트니트니어드벤처,133,가평 2023_08.csv,문화관광,테마공원
가평,2023,8,2023-08,142,경기도,가평군,호명호수공원,133,가평 2023_08.csv,문화관광,도시공원
가평,2023,8,2023-08,144,경기도,가평군,라인수상레저,132,가평 2023_08.csv,레저스포츠,수상레저스포츠
가평,2023,8,2023-08,145,경기도,가평군,애기소계곡,129,가평 2023_08.csv,자연관광,자연경관(산)
가평,2023,8,2023-08,146,경기도,가평군,자연과별천문대,127,가평 2023_08.csv,기타관광,기타관광
가평,2023,8,2023-08,146,경기도,가평군,폭포낚시,127,가평 2023_08.csv,레저스포츠,수상레저스포츠
가평,2023,8,2023-08,148,경기도,가평군,이수네유원지,126,가평 2023_08.csv,문화관광,복합관광시설
가평,2023,8,2023-08,149,경기도,가평군,자라섬워터파크,122,가평 2023_08.csv,문화관광,테마공원
가평,2023,8,2023-08,150,경기도,가평군,자이언트수상레저리조트,110,가평 2023_08.csv,레저스포츠,수상레저스포츠
가평,2023,8,2023-08,151,경기도,가평군,바우유원지,109,가평 2023_08.csv,문화관광,복합관광시설
가평,2023,8,2023-08,152,경기도,가평군,경기도공무원휴양소,108,가평 2023_08.csv,기타관광,기타관광
가평,2023,8,2023-08,153,경기도,가평군,가평뮤직빌리지1939시네마,107,가평 2023_08.csv,문화관광,공연시설
가평,2023,8,2023-08,154,경기도,가평군,청정낚시터,102,가평 2023_08.csv,레저스포츠,수상레저스포츠
가평,2023,8,2023-08,155,경기도,가평군,이정웅스페이스,99,가평 2023_08.csv,문화관광,전시시설
가평,2023,8,2023-08,156,경기도,가평군,설악5일장,97,가평 2023_08.csv,쇼핑,시장
가평,2023,8,2023-08,156,경기도,가평군,카페리수상레저,97,가평 2023_08.csv,레저스포츠,수상레저스포츠
가평,2023,8,2023-08,158,경기도,가평군,자라섬생태공원,93,가평 2023_08.csv,문화관광,도시공원
가평,2023,8,2023-08,159,경기도,가평군,경기도잣향기푸른숲안내매표소,92,가평 2023_08.csv,기타관광,기타관광
가평,2023,8,2023-08,160,경기도,가평군,돌고래수상레저,91,가평 2023_08.csv,레저스포츠,기타레저스포츠
가평,2023,8,2023-08,161,경기도,가평군,가평정기5일시장,89,가평 2023_08.csv,쇼핑,시장
가평,2023,8,2023-08,162,경기도,가평군,조종생활체육공원,88,가평 2023_08.csv,문화관광,도시공원
가평,2023,8,2023-08,163,경기도,가평군,가평역레져,87,가평 2023_08.csv,레저스포츠,기타레저스포츠
가평,2023,8,2023-08,164,경기도,가평군,조종시네마,84,가평 2023_08.csv,문화관광,공연시설
가평,2023,8,2023-08,164,경기도,가평군,초이수상레저,84,가평 2023_08.csv,레저스포츠,수상레저스포츠
가평,2023,8,2023-08,166,경기도,가평군,밤나무골유원지,83,가평 2023_08.csv,문화관광,복합관광시설
가평,2023,8,2023-08,167,경기도,가평군,하이수상레저,81,가평 2023_08.csv,레저스포츠,수상레저스포츠
가평,2023,8,2023-08,168,경기도,가평군,오페라하우스수상레저,80,가평 2023_08.csv,레저스포츠,수상레저스포츠
가평,2023,8,2023-08,168,경기도,가평군,경반계곡,80,가평 2023_08.csv,자연관광,자연경관(산)
가평,2023,8,2023-08,170,경기도,가평군,클럽미사수상레저,78,가평 2023_08.csv,레저스포츠,수상레저스포츠
가평,2023,8,2023-08,170,경기도,가평군,가평빠지블랙수상레저,78,가평 2023_08.csv,레저스포츠,수상레저스포츠
가평,2023,8,2023-08,170,경기도,가평군,토마토레저파크,78,가평 2023_08.csv,레저스포츠,기타레저스포츠
가평,2023,8,2023-08,173,경기도,가평군,클럽나인수상레저,75,가평 2023_08.csv,레저스포츠,수상레저스포츠
가평,2023,8,2023-08,174,경기도,가평군,가마소유원지,74,가평 2023_08.csv,문화관광,복합관광시설
가평,2023,8,2023-08,174,경기도,가평군,달마공원관음사,74,가평 2023_08.csv,역사관광,종교성지
가평,2023,8,2023-08,174,경기도,가평군,운악산성불사,74,가평 2023_08.csv,역사관광,종교성지
가평,2023,8,2023-08,177,경기도,가평군,현리계곡,73,가평 2023_08.csv,자연관광,자연경관(산)
가평,2023,8,2023-08,177,경기도,가평군,썸머드림,73,가평 2023_08.csv,레저스포츠,수상레저스포츠
가평,2023,8,2023-08,179,경기도,가평군,마린컴퍼니클럽,72,가평 2023_08.csv,레저스포츠,수상레저스포츠
가평,2023,8,2023-08,179,경기도,가평군,지산수상레저,72,가평 2023_08.csv,레저스포츠,수상레저스포츠
가평,2023,8,2023-08,179,경기도,가평군,인터렉티브아트뮤지엄,72,가평 2023_08.csv,문화관광,전시시설
가평,2023,8,2023-08,182,경기도,가평군,유명산계곡,71,가평 2023_08.csv,자연관광,자연경관(산)
가평,2023,8,2023-08,183,경기도,가평군,노랑다리미술관,68,가평 2023_08.csv,문화관광,전시시설
가평,2023,8,2023-08,184,경기도,가평군,산유낚시터,67,가평 2023_08.csv,레저스포츠,수상레저스포츠
가평,2023,8,2023-08,185,경기도,가평군,설악생활체육공원축구장,66,가평 2023_08.csv,문화관광,레저스포츠시설
가평,2023,8,2023-08,186,경기도,가평군,북면생활체육공원,64,가평 2023_08.csv,문화관광,도시공원
가평,2023,8,2023-08,187,경기도,가평군,청평유원지,63,가평 2023_08.csv,문화관광,복합관광시설
가평,2023,8,2023-08,187,경기도,가평군,클럽펀,63,가평 2023_08.csv,레저스포츠,수상레저스포츠
가평,2023,8,2023-08,189,경기도,가평군,그린수상레져,61,가평 2023_08.csv,레저스포츠,수상레저스포츠
가평,2023,8,2023-08,189,경기도,가평군,헤이븐,61,가평 2023_08.csv,레저스포츠,수상레저스포츠
가평,2023,8,2023-08,191,경기도,가평군,빠지고,60,가평 2023_08.csv,레저스포츠,수상레저스포츠
가평,2023,8,2023-08,191,경기도,가평군,뉴돌고래레저,60,가평 2023_08.csv,레저스포츠,수상레저스포츠
가평,2023,8,2023-08,193,경기도,가평군,킹웨이크서프스쿨,58,가평 2023_08.csv,레저스포츠,수상레저스포츠
가평,2023,8,2023-08,193,경기도,가평군,탐선계곡유원지,58,가평 2023_08.csv,문화관광,복합관광시설
가평,2023,8,2023-08,195,경기도,가평군,청평페리유람선,56,가평 2023_08.csv,기타관광,교통시설
가평,2023,8,2023-08,196,경기도,가평군,클럽스텔라,54,가평 2023_08.csv,레저스포츠,기타레저스포츠
가평,2023,8,2023-08,197,경기도,가평군,훼미리유원지,52,가평 2023_08.csv,문화관광,복합관광시설
가평,2023,8,2023-08,198,경기도,가평군,청수계곡유원지,51,가평 2023_08.csv,문화관광,복합관광시설
가평,2023,8,2023-08,199,경기도,가평군,해바라기유원지,50,가평 2023_08.csv,문화관광,복합관광시설
가평,2023,8,2023-08,200,경기도,가평군,조종천계곡,49,가평 2023_08.csv,자연관광,자연경관(산)
가평,2023,8,2023-08,201,경기도,가평군,청평암,48,가평 2023_08.csv,역사관광,종교성지
가평,2023,8,2023-08,202,경기도,가평군,연인산명품계곡길,47,가평 2023_08.csv,레저스포츠,기타레저스포츠
가평,2023,8,2023-08,202,경기도,가평군,한강수상레저,47,가평 2023_08.csv,레저스포츠,수상레저스포츠
가평,2023,8,2023-08,202,경기도,가평군,취옹예술관,47,가평 2023_08.csv,문화관광,전시시설
가평,2023,8,2023-08,202,경기도,가평군,가평수상레저가즈아,47,가평 2023_08.csv,레저스포츠,수상레저스포츠
가평,2023,8,2023-08,206,경기도,가평군,연인산,46,가평 2023_08.csv,자연관광,자연경관(산)
가평,2023,8,2023-08,206,경기도,가평군,선어치,46,가평 2023_08.csv,자연관광,자연경관(산)
가평,2023,8,2023-08,208,경기도,가평군,유명산,44,가평 2023_08.csv,자연관광,자연경관(산)
가평,2023,8,2023-08,208,경기도,가평군,두밀리낚시터,44,가평 2023_08.csv,레저스포츠,수상레저스포츠
가평,2023,8,2023-08,210,경기도,가평군,가평빠지임팩트수상레저,43,가평 2023_08.csv,레저스포츠,수상레저스포츠
가평,2023,8,2023-08,211,경기도,가평군,무아레풀무아레,42,가평 2023_08.csv,문화관광,테마공원
가평,2023,8,2023-08,211,경기도,가평군,디어웨이브,42,가평 2023_08.csv,레저스포츠,수상레저스포츠
가평,2023,8,2023-08,211,경기도,가평군,북배산흑염소농장,42,가평 2023_08.csv,체험관광,농/산/어촌체험
가평,2023,8,2023-08,214,경기도,가평군,서프봉봉,41,가평 2023_08.csv,레저스포츠,수상레저스포츠
가평,2023,8,2023-08,215,경기도,가평군,상천낚시터,40,가평 2023_08.csv,레저스포츠,수상레저스포츠
가평,2023,8,2023-08,216,경기도,가평군,백둔계곡,39,가평 2023_08.csv,자연관광,자연경관(산)
가평,2023,8,2023-08,216,경기도,가평군,청평캠프,39,가평 2023_08.csv,레저스포츠,기타레저스포츠
가평,2023,8,2023-08,216,경기도,가평군,큰골계곡,39,가평 2023_08.csv,자연관광,자연경관(산)
가평,2023,8,2023-08,216,경기도,가평군,화악산,39,가평 2023_08.csv,자연관광,자연경관(산)
가평,2023,8,2023-08,220,경기도,가평군,이지서프웨이크서핑,38,가평 2023_08.csv,레저스포츠,수상레저스포츠
가평,2023,8,2023-08,221,경기도,가평군,어거스트수상레저,37,가평 2023_08.csv,레저스포츠,수상레저스포츠
가평,2023,8,2023-08,221,경기도,가평군,바르도수상레저,37,가평 2023_08.csv,레저스포츠,수상레저스포츠
가평,2023,8,2023-08,223,경기도,가평군,상락향수도원,36,가평 2023_08.csv,역사관광,종교성지
가평,2023,8,2023-08,224,경기도,가평군,청호수상레저,35,가평 2023_08.csv,레저스포츠,수상레저스포츠
가평,2023,8,2023-08,225,경기도,가평군,호국연호사,32,가평 2023_08.csv,역사관광,종교성지
가평,2023,8,2023-08,226,경기도,가평군,씨브이리조트,31,가평 2023_08.csv,레저스포츠,수상레저스포츠
가평,2023,8,2023-08,226,경기도,가평군,HJ매그놀리아멋집,31,가평 2023_08.csv,문화관광,기타문화관광지
가평,2023,8,2023-08,226,경기도,가평군,룰루마린수상레저,31,가평 2023_08.csv,레저스포츠,수상레저스포츠
가평,2023,8,2023-08,229,경기도,가평군,가평현리5일장,29,가평 2023_08.csv,쇼핑,시장
가평,2023,8,2023-08,229,경기도,가평군,가평현암농경박물관,29,가평 2023_08.csv,문화관광,전시시설
가평,2023,8,2023-08,231,경기도,가평군,청평계곡,28,가평 2023_08.csv,자연관광,자연경관(산)
가평,2023,8,2023-08,231,경기도,가평군,산울로수상스키,28,가평 2023_08.csv,레저스포츠,기타레저스포츠
가평,2023,8,2023-08,233,경기도,가평군,이천보고가,27,가평 2023_08.csv,역사관광,역사유적지
가평,2023,8,2023-08,234,경기도,가평군,남송미술관,26,가평 2023_08.csv,문화관광,전시시설
가평,2023,8,2023-08,234,경기도,가평군,폭포유원지,26,가평 2023_08.csv,문화관광,복합관광시설
가평,2023,8,2023-08,236,경기도,가평군,타자가평수상레저,25,가평 2023_08.csv,레저스포츠,기타레저스포츠
가평,2023,8,2023-08,236,경기도,가평군,대성리계곡,25,가평 2023_08.csv,자연관광,자연경관(산)
가평,2023,8,2023-08,236,경기도,가평군,자라섬리버마켓,25,가평 2023_08.csv,쇼핑,시장
가평,2023,8,2023-08,239,경기도,가평군,청평호수길,24,가평 2023_08.csv,기타관광,기타관광
가평,2023,8,2023-08,239,경기도,가평군,신청평대교야구장,24,가평 2023_08.csv,문화관광,레저스포츠시설
가평,2023,8,2023-08,241,경기도,가평군,우리유원지,23,가평 2023_08.csv,문화관광,복합관광시설
가평,2023,8,2023-08,242,경기도,가평군,호명산드라이브코스,22,가평 2023_08.csv,기타관광,데이트코스
가평,2023,8,2023-08,243,경기도,가평군,가평레저파크,21,가평 2023_08.csv,레저스포츠,기타레저스포츠
가평,2023,8,2023-08,243,경기도,가평군,샛자리스튜디오,21,가평 2023_08.csv,문화관광,기타문화관광지
가평,2023,8,2023-08,243,경기도,가평군,마리서프,21,가평 2023_08.csv,레저스포츠,수상레저스포츠
가평,2023,8,2023-08,243,경기도,가평군,케이탑수상레저,21,가평 2023_08.csv,레저스포츠,수상레저스포츠
가평,2023,8,2023-08,243,경기도,가평군,조종생활체육공원축구장,21,가평 2023_08.csv,문화관광,레저스포츠시설
가평,2023,8,2023-08,243,경기도,가평군,신나고수상레저,21,가평 2023_08.csv,레저스포츠,기타레저스포츠
가평,2023,8,2023-08,249,경기도,가평군,청평스포랜드번지점프장,20,가평 2023_08.csv,레저스포츠,육상레저스포츠
가평,2023,8,2023-08,249,경기도,가평군,수연폭포유원지,20,가평 2023_08.csv,문화관광,복합관광시설
가평,2023,8,2023-08,251,경기도,가평군,청룡사,19,가평 2023_08.csv,역사관광,종교성지
가평,2023,8,2023-08,252,경기도,가평군,도도수상레저,18,가평 2023_08.csv,레저스포츠,수상레저스포츠
가평,2023,8,2023-08,252,경기도,가평군,가평축령산잣나무숲,18,가평 2023_08.csv,자연관광,자연공원
가평,2023,8,2023-08,254,경기도,가평군,연인산명품계곡길출렁다리,17,가평 2023_08.csv,기타관광,기타관광
가평,2023,8,2023-08,254,경기도,가평군,밤골유원지,17,가평 2023_08.csv,문화관광,복합관광시설
가평,2023,8,2023-08,254,경기도,가평군,가평무브베이스볼파크,17,가평 2023_08.csv,문화관광,레저스포츠시설
가평,2023,8,2023-08,254,경기도,가평군,무송암,17,가평 2023_08.csv,문화관광,복합관광시설
가평,2023,8,2023-08,258,경기도,가평군,수궁유원지,16,가평 2023_08.csv,문화관광,복합관광시설
가평,2023,8,2023-08,258,경기도,가평군,리버빌수상레저타운,16,가평 2023_08.csv,레저스포츠,수상레저스포츠
가평,2023,8,2023-08,258,경기도,가평군,쁘띠프랑스베니스가면축제,16,가평 2023_08.csv,문화관광,기타문화관광지
가평,2023,8,2023-08,258,경기도,가평군,가평낚시터,16,가평 2023_08.csv,레저스포츠,수상레저스포츠
가평,2023,8,2023-08,262,경기도,가평군,청춘역1979,15,가평 2023_08.csv,문화관광,도시공원
가평,2023,8,2023-08,262,경기도,가평군,유명산휴양림관리소,15,가평 2023_08.csv,자연관광,자연공원
가평,2023,8,2023-08,262,경기도,가평군,북한강레저클럽,15,가평 2023_08.csv,레저스포츠,기타레저스포츠
가평,2023,8,2023-08,262,경기도,가평군,영안청소년수련원,15,가평 2023_08.csv,레저스포츠,육상레저스포츠
가평,2023,8,2023-08,262,경기도,가평군,청평첫집,15,가평 2023_08.csv,레저스포츠,수상레저스포츠
가평,2023,8,2023-08,267,경기도,가평군,가평탑수상레저,14,가평 2023_08.csv,레저스포츠,수상레저스포츠
가평,2023,8,2023-08,267,경기도,가평군,독바위유원지,14,가평 2023_08.csv,문화관광,복합관광시설
가평,2023,8,2023-08,269,경기도,가평군,지영수상스키장,13,가평 2023_08.csv,레저스포츠,수상레저스포츠
가평,2023,8,2023-08,269,경기도,가평군,귀목계곡,13,가평 2023_08.csv,자연관광,자연경관(산)
가평,2023,8,2023-08,269,경기도,가평군,에덴야구장,13,가평 2023_08.csv,문화관광,레저스포츠시설
가평,2023,8,2023-08,272,경기도,가평군,운악산용수사,12,가평 2023_08.csv,역사관광,종교성지
가평,2023,8,2023-08,272,경기도,가평군,설악낚시터,12,가평 2023_08.csv,레저스포츠,수상레저스포츠
가평,2023,8,2023-08,272,경기도,가평군,북한강유원지,12,가평 2023_08.csv,문화관광,복합관광시설
가평,2023,8,2023-08,272,경기도,가평군,약수유원지,12,가평 2023_08.csv,문화관광,복합관광시설
가평,2023,8,2023-08,276,경기도,가평군,도솔천사,11,가평 2023_08.csv,역사관광,종교성지
가평,2023,8,2023-08,276,경기도,가평군,연인산용추구곡방면,11,가평 2023_08.csv,자연관광,자연경관(산)
가평,2023,8,2023-08,278,경기도,가평군,가평수상레저빠지놀러와,10,가평 2023_08.csv,레저스포츠,수상레저스포츠
가평,2023,8,2023-08,278,경기도,가평군,어비산,10,가평 2023_08.csv,자연관광,자연경관(산)
가평,2023,8,2023-08,278,경기도,가평군,연화세계,10,가평 2023_08.csv,역사관광,종교성지
가평,2023,8,2023-08,278,경기도,가평군,청오사,10,가평 2023_08.csv,역사관광,종교성지
가평,2023,8,2023-08,278,경기도,가평군,관음사,10,가평 2023_08.csv,역사관광,종교성지
가평,2023,8,2023-08,278,경기도,가평군,축령사,10,가평 2023_08.csv,역사관광,종교성지
가평,2023,8,2023-08,278,경기도,가평군,가평하늘커피농장,10,가평 2023_08.csv,체험관광,농/산/어촌체험
가평,2023,8,2023-08,285,경기도,가평군,클럽모아나,9,가평 2023_08.csv,레저스포츠,수상레저스포츠
가평,2023,8,2023-08,285,경기도,가평군,베니스수상레저,9,가평 2023_08.csv,레저스포츠,수상레저스포츠
가평,2023,8,2023-08,285,경기도,가평군,구원사,9,가평 2023_08.csv,역사관광,종교성지
가평,2023,8,2023-08,285,경기도,가평군,향원사,9,가평 2023_08.csv,역사관광,종교성지
가평,2023,8,2023-08,285,경기도,가평군,운곡암,9,가평 2023_08.csv,역사관광,종교성지
가평,2023,8,2023-08,285,경기도,가평군,상록수유원지,9,가평 2023_08.csv,문화관광,복합관광시설
가평,2023,8,2023-08,285,경기도,가평군,마린랜드,9,가평 2023_08.csv,레저스포츠,수상레저스포츠
가평,2023,8,2023-08,285,경기도,가평군,석룡산계곡유원지,9,가평 2023_08.csv,문화관광,복합관광시설
가평,2023,8,2023-08,285,경기도,가평군,버드나무유원지,9,가평 2023_08.csv,문화관광,복합관광시설
가평,2023,8,2023-08,294,경기도,가평군,프리다이브그랑블루가평센터,8,가평 2023_08.csv,레저스포츠,수상레저스포츠
가평,2023,8,2023-08,294,경기도,가평군,서호수상레져,8,가평 2023_08.csv,레저스포츠,기타레저스포츠
가평,2023,8,2023-08,294,경기도,가평군,무주채폭포,8,가평 2023_08.csv,자연관광,자연경관(산)
가평,2023,8,2023-08,294,경기도,가평군,유스토리청소년수련원,8,가평 2023_08.csv,레저스포츠,육상레저스포츠
가평,2023,8,2023-08,294,경기도,가평군,현등사계곡,8,가평 2023_08.csv,자연관광,자연경관(산)
가평,2023,8,2023-08,294,경기도,가평군,설미재미술관,8,가평 2023_08.csv,문화관광,전시시설
가평,2023,8,2023-08,294,경기도,가평군,가평에덴벚꽃길,8,가평 2023_08.csv,기타관광,기타관광
가평,2023,8,2023-08,294,경기도,가평군,성주사,8,가평 2023_08.csv,역사관광,종교성지
가평,2023,8,2023-08,302,경기도,가평군,은행나무낚시공원,7,가평 2023_08.csv,레저스포츠,수상레저스포츠
가평,2023,8,2023-08,302,경기도,가평군,가림미술관,7,가평 2023_08.csv,문화관광,전시시설
가평,2023,8,2023-08,302,경기도,가평군,감로사,7,가평 2023_08.csv,역사관광,종교성지
가평,2023,8,2023-08,302,경기도,가평군,청평자연유원지,7,가평 2023_08.csv,문화관광,복합관광시설
가평,2023,8,2023-08,302,경기도,가평군,계곡유원지,7,가평 2023_08.csv,문화관광,복합관광시설
가평,2023,8,2023-08,302,경기도,가평군,백자동유원지,7,가평 2023_08.csv,문화관광,복합관광시설
가평,2023,8,2023-08,302,경기도,가평군,중미산,7,가평 2023_08.csv,자연관광,자연경관(산)
가평,2023,8,2023-08,302,경기도,가평군,이시스수상레저,7,가평 2023_08.csv,레저스포츠,수상레저스포츠
가평,2023,8,2023-08,310,경기도,가평군,삼회리벚꽃길,6,가평 2023_08.csv,기타관광,데이트코스
가평,2023,8,2023-08,310,경기도,가평군,팀더블유,6,가평 2023_08.csv,레저스포츠,기타레저스포츠
가평,2023,8,2023-08,310,경기도,가평군,상천루,6,가평 2023_08.csv,문화관광,도시공원
가평,2023,8,2023-08,310,경기도,가평군,가평빠지붐붐수상레저,6,가평 2023_08.csv,레저스포츠,수상레저스포츠
가평,2023,8,2023-08,310,경기도,가평군,이슬라이브페스티벌,6,가평 2023_08.csv,문화관광,기타문화관광지
가평,2023,8,2023-08,310,경기도,가평군,가평화랑유원지,6,가평 2023_08.csv,문화관광,복합관광시설
가평,2023,8,2023-08,310,경기도,가평군,이방실장군묘,6,가평 2023_08.csv,역사관광,역사유적지
가평,2023,8,2023-08,310,경기도,가평군,삼성수상레져,6,가평 2023_08.csv,레저스포츠,기타레저스포츠
가평,2023,8,2023-08,310,경기도,가평군,보납정,6,가평 2023_08.csv,레저스포츠,육상레저스포츠
가평,2023,8,2023-08,310,경기도,가평군,하천리체육공원,6,가평 2023_08.csv,문화관광,도시공원
가평,2023,8,2023-08,310,경기도,가평군,마린보이,6,가평 2023_08.csv,레저스포츠,수상레저스포츠
가평,2023,8,2023-08,310,경기도,가평군,상천저수지,6,가평 2023_08.csv,자연관광,자연경관(하천/해양)
가평,2023,8,2023-08,310,경기도,가평군,텃바위유원지,6,가평 2023_08.csv,문화관광,복합관광시설
가평,2023,8,2023-08,310,경기도,가평군,상면생활체육공원,6,가평 2023_08.csv,문화관광,도시공원
가평,2023,8,2023-08,310,경기도,가평군,자라섬테마파크,6,가평 2023_08.csv,레저스포츠,수상레저스포츠
가평,2023,8,2023-08,310,경기도,가평군,가평군 상면 조가터마을,6,가평 2023_08.csv,문화관광,도시/지역문화관광
가평,2023,8,2023-08,310,경기도,가평군,사랑해체험마을,6,가평 2023_08.csv,레저스포츠,기타레저스포츠
가평,2023,8,2023-08,310,경기도,가평군,소락개휴양림,6,가평 2023_08.csv,자연관광,자연공원
가평,2023,8,2023-08,310,경기도,가평군,가평열기구,6,가평 2023_08.csv,레저스포츠,기타레저스포츠
가평,2023,8,2023-08,329,경기도,가평군,청평산장유원지,5,가평 2023_08.csv,문화관광,복합관광시설
가평,2023,8,2023-08,329,경기도,가평군,운악산반길이포도원,5,가평 2023_08.csv,체험관광,농/산/어촌체험
가평,2023,8,2023-08,329,경기도,가평군,이화여자대학교수목원,5,가평 2023_08.csv,레저스포츠,육상레저스포츠
가평,2023,8,2023-08,329,경기도,가평군,안골유원지,5,가평 2023_08.csv,문화관광,복합관광시설
가평,2023,8,2023-08,333,경기도,가평군,대성리벚꽃길,4,가평 2023_08.csv,기타관광,기타관광
가평,2023,8,2023-08,333,경기도,가평군,대성리국민관광지관광안내소,4,가평 2023_08.csv,기타관광,기타관광
가평,2023,8,2023-08,333,경기도,가평군,용추폭포,4,가평 2023_08.csv,자연관광,자연경관(산)
가평,2023,8,2023-08,333,경기도,가평군,경기둘레길가평19코스,4,가평 2023_08.csv,레저스포츠,기타레저스포츠
가평,2023,8,2023-08,333,경기도,가평군,고동산계곡,4,가평 2023_08.csv,자연관광,자연경관(산)
가평,2023,8,2023-08,333,경기도,가평군,달골지,4,가평 2023_08.csv,자연관광,자연경관(하천/해양)
가평,2023,8,2023-08,333,경기도,가평군,워터피아,4,가평 2023_08.csv,레저스포츠,기타레저스포츠
가평,2023,8,2023-08,333,경기도,가평군,경반사,4,가평 2023_08.csv,역사관광,종교성지
가평,2023,8,2023-08,333,경기도,가평군,서호유원지,4,가평 2023_08.csv,문화관광,복합관광시설
가평,2023,8,2023-08,333,경기도,가평군,스타라인,4,가평 2023_08.csv,레저스포츠,수상레저스포츠
가평,2023,8,2023-08,333,경기도,가평군,태은사,4,가평 2023_08.csv,역사관광,종교성지
가평,2023,8,2023-08,333,경기도,가평군,본각사,4,가평 2023_08.csv,역사관광,종교성지
가평,2023,8,2023-08,333,경기도,가평군,클럽에덴수상레져타운,4,가평 2023_08.csv,레저스포츠,수상레저스포츠
가평,2023,8,2023-08,333,경기도,가평군,성관사,4,가평 2023_08.csv,역사관광,종교성지
가평,2023,8,2023-08,333,경기도,가평군,행복축구전용구장,4,가평 2023_08.csv,문화관광,레저스포츠시설
가평,2023,8,2023-08,333,경기도,가평군,임산폭포,4,가평 2023_08.csv,자연관광,자연경관(산)
가평,2023,8,2023-08,349,경기도,가평군,색현터널,3,가평 2023_08.csv,기타관광,기타관광
가평,2023,8,2023-08,349,경기도,가평군,가평철길공원,3,가평 2023_08.csv,문화관광,도시공원
가평,2023,8,2023-08,349,경기도,가평군,가평케어팜,3,가평 2023_08.csv,체험관광,농/산/어촌체험
가평,2023,8,2023-08,349,경기도,가평군,아트살롱바이모노플렉스,3,가평 2023_08.csv,문화관광,공연시설
가평,2023,8,2023-08,349,경기도,가평군,스프레드프리다이빙,3,가평 2023_08.csv,레저스포츠,수상레저스포츠
가평,2023,8,2023-08,349,경기도,가평군,록산갤러리,3,가평 2023_08.csv,문화관광,전시시설
가평,2023,8,2023-08,349,경기도,가평군,반딧불이서식생태공원,3,가평 2023_08.csv,문화관광,도시공원
가평,2023,8,2023-08,349,경기도,가평군,양진나루선착장,3,가평 2023_08.csv,기타관광,교통시설
가평,2023,8,2023-08,349,경기도,가평군,청수유원지,3,가평 2023_08.csv,레저스포츠,기타레저스포츠
가평,2023,8,2023-08,349,경기도,가평군,승천사,3,가평 2023_08.csv,역사관광,종교성지
가평,2023,8,2023-08,349,경기도,가평군,일지안호범미술관,3,가평 2023_08.csv,문화관광,전시시설
가평,2023,8,2023-08,349,경기도,가평군,두밀계곡,3,가평 2023_08.csv,자연관광,자연경관(산)
가평,2023,8,2023-08,349,경기도,가평군,캐나다전투기념비,3,가평 2023_08.csv,역사관광,역사유물
가평,2023,8,2023-08,349,경기도,가평군,중종대왕태봉,3,가평 2023_08.csv,기타관광,기타관광
가평,2023,8,2023-08,349,경기도,가평군,화야산큰골마을등산로,3,가평 2023_08.csv,자연관광,자연경관(산)
가평,2023,8,2023-08,349,경기도,가평군,운악산가평현등사방면,3,가평 2023_08.csv,자연관광,자연경관(산)
가평,2023,8,2023-08,349,경기도,가평군,익근리계곡,3,가평 2023_08.csv,자연관광,자연경관(산)
가평,2023,8,2023-08,349,경기도,가평군,대성사,3,가평 2023_08.csv,역사관광,종교성지
가평,2023,8,2023-08,349,경기도,가평군,빛나리유원지,3,가평 2023_08.csv,문화관광,복합관광시설
가평,2023,8,2023-08,349,경기도,가평군,SNG CLUB,3,가평 2023_08.csv,레저스포츠,수상레저스포츠
가평,2023,8,2023-08,349,경기도,가평군,한그린잔디유원지,3,가평 2023_08.csv,문화관광,복합관광시설
가평,2023,8,2023-08,349,경기도,가평군,클럽레드존,3,가평 2023_08.csv,레저스포츠,수상레저스포츠
가평,2023,8,2023-08,349,경기도,가평군,연인산풍경주말농원,3,가평 2023_08.csv,체험관광,농/산/어촌체험
가평,2023,8,2023-08,349,경기도,가평군,호반수상레저,3,가평 2023_08.csv,레저스포츠,수상레저스포츠
가평,2023,8,2023-08,349,경기도,가평군,명지산유원지,3,가평 2023_08.csv,문화관광,복합관광시설
가평,2023,8,2023-08,349,경기도,가평군,조무락골유원지,3,가평 2023_08.csv,문화관광,복합관광시설
가평,2023,8,2023-08,349,경기도,가평군,까치유원지,3,가평 2023_08.csv,문화관광,복합관광시설
가평,2023,8,2023-08,349,경기도,가평군,소법밤섬유원지,3,가평 2023_08.csv,문화관광,복합관광시설
가평,2023,8,2023-08,349,경기도,가평군,가평수상레저MK,3,가평 2023_08.csv,레저스포츠,수상레저스포츠
가평,2023,8,2023-08,349,경기도,가평군,현종사,3,가평 2023_08.csv,역사관광,종교성지
가평,2023,8,2023-08,349,경기도,가평군,흥국사,3,가평 2023_08.csv,역사관광,종교성지
가평,2023,8,2023-08,349,경기도,가평군,성운사,3,가평 2023_08.csv,역사관광,종교성지
가평,2023,8,2023-08,349,경기도,가평군,녹야원,3,가평 2023_08.csv,문화관광,테마공원
가평,2023,8,2023-08,349,경기도,가평군,라온수상레져,3,가평 2023_08.csv,레저스포츠,수상레저스포츠
가평,2023,8,2023-08,349,경기도,가평군,에덴벚꽃길,3,가평 2023_08.csv,레저스포츠,기타레저스포츠
가평,2023,8,2023-08,349,경기도,가평군,불기고개,3,가평 2023_08.csv,자연관광,자연경관(산)
가평,2023,8,2023-08,349,경기도,가평군,선경농원,3,가평 2023_08.csv,체험관광,농/산/어촌체험
가평,2023,8,2023-08,349,경기도,가평군,수암사,3,가평 2023_08.csv,역사관광,종교성지
가평,2023,8,2023-08,349,경기도,가평군,가평문화창작공간얼쑤공장,3,가평 2023_08.csv,문화관광,기타문화관광지
가평,2023,8,2023-08,349,경기도,가평군,청평생태공원,3,가평 2023_08.csv,문화관광,도시공원
가평,2023,8,2023-08,349,경기도,가평군,희망축구전용구장,3,가평 2023_08.csv,문화관광,레저스포츠시설
가평,2023,8,2023-08,349,경기도,가평군,울업산,3,가평 2023_08.csv,자연관광,자연경관(산)
가평,2023,8,2023-08,349,경기도,가평군,파로티아워터하우스수상레저,3,가평 2023_08.csv,레저스포츠,수상레저스포츠
가평,2023,9,2023-09,1,경기도,가평군,남이섬선착장,9412,가평 2023_09.csv,기타관광,교통시설
가평,2023,9,2023-09,2,경기도,가평군,아침고요수목원,9247,가평 2023_09.csv,문화관광,테마공원
가평,2023,9,2023-09,3,경기도,가평군,자라섬,7637,가평 2023_09.csv,자연관광,자연경관(하천/해양)
가평,2023,9,2023-09,4,경기도,가평군,청평역,6746,가평 2023_09.csv,기타관광,교통시설
가평,2023,9,2023-09,5,경기도,가평군,썬힐GC,6486,가평 2023_09.csv,레저스포츠,육상레저스포츠
가평,2023,9,2023-09,6,경기도,가평군,아난티코드골프클럽,6305,가평 2023_09.csv,레저스포츠,육상레저스포츠
가평,2023,9,2023-09,7,경기도,가평군,가평베네스트GC,6292,가평 2023_09.csv,레저스포츠,육상레저스포츠
가평,2023,9,2023-09,8,경기도,가평군,베뉴지CC,5873,가평 2023_09.csv,레저스포츠,육상레저스포츠
가평,2023,9,2023-09,9,경기도,가평군,프리스틴밸리GC,4632,가평 2023_09.csv,레저스포츠,육상레저스포츠
가평,2023,9,2023-09,10,경기도,가평군,크리스탈밸리CC,4617,가평 2023_09.csv,레저스포츠,육상레저스포츠
가평,2023,9,2023-09,11,경기도,가평군,리앤리CC,4227,가평 2023_09.csv,레저스포츠,육상레저스포츠
가평,2023,9,2023-09,12,경기도,가평군,대성리역,4169,가평 2023_09.csv,기타관광,교통시설
가평,2023,9,2023-09,13,경기도,가평군,쁘띠프랑스,3884,가평 2023_09.csv,문화관광,복합관광시설
가평,2023,9,2023-09,14,경기도,가평군,유명산자연휴양림,3690,가평 2023_09.csv,자연관광,자연공원
가평,2023,9,2023-09,15,경기도,가평군,마이다스밸리청평 골프클럽,3106,가평 2023_09.csv,레저스포츠,육상레저스포츠
가평,2023,9,2023-09,16,경기도,가평군,현리시외버스터미널,2812,가평 2023_09.csv,기타관광,교통시설
가평,2023,9,2023-09,17,경기도,가평군,경기도잣향기푸른숲,2305,가평 2023_09.csv,자연관광,자연공원
가평,2023,9,2023-09,18,경기도,가평군,아침고요가족동물원,2175,가평 2023_09.csv,문화관광,테마공원
가평,2023,9,2023-09,19,경기도,가평군,가평시외버스터미널,1789,가평 2023_09.csv,기타관광,교통시설
가평,2023,9,2023-09,20,경기도,가평군,에델바이스스위스테마파크,1746,가평 2023_09.csv,문화관광,테마공원
가평,2023,9,2023-09,21,경기도,가평군,강촌레일파크가평역,1261,가평 2023_09.csv,레저스포츠,기타레저스포츠
가평,2023,9,2023-09,22,경기도,가평군,청평시외버스터미널,1252,가평 2023_09.csv,기타관광,교통시설
가평,2023,9,2023-09,23,경기도,가평군,캠프통포레스트,1075,가평 2023_09.csv,레저스포츠,수상레저스포츠
가평,2023,9,2023-09,24,경기도,가평군,자라섬꽃페스타,952,가평 2023_09.csv,문화관광,기타문화관광지
가평,2023,9,2023-09,25,경기도,가평군,상천역,923,가평 2023_09.csv,기타관광,교통시설
가평,2023,9,2023-09,26,경기도,가평군,산장관광지,879,가평 2023_09.csv,문화관광,복합관광시설
가평,2023,9,2023-09,26,경기도,가평군,가평리틀야구장,879,가평 2023_09.csv,문화관광,레저스포츠시설
가평,2023,9,2023-09,28,경기도,가평군,K26잠수풀,849,가평 2023_09.csv,레저스포츠,수상레저스포츠
가평,2023,9,2023-09,29,경기도,가평군,용추계곡,818,가평 2023_09.csv,자연관광,자연경관(산)
가평,2023,9,2023-09,30,경기도,가평군,가평파크골프장,817,가평 2023_09.csv,레저스포츠,육상레저스포츠
가평,2023,9,2023-09,31,경기도,가평군,현등사,677,가평 2023_09.csv,역사관광,종교성지
가평,2023,9,2023-09,32,경기도,가평군,청심국제청소년수련원,657,가평 2023_09.csv,레저스포츠,육상레저스포츠
가평,2023,9,2023-09,33,경기도,가평군,음악역1939,642,가평 2023_09.csv,문화관광,기타문화관광지
가평,2023,9,2023-09,34,경기도,가평군,가평별빛공원,607,가평 2023_09.csv,문화관광,도시공원
가평,2023,9,2023-09,35,경기도,가평군,운악산출렁다리,597,가평 2023_09.csv,기타관광,기타관광
가평,2023,9,2023-09,36,경기도,가평군,피노키오와다빈치,593,가평 2023_09.csv,문화관광,복합관광시설
가평,2023,9,2023-09,37,경기도,가평군,청평자연휴양림,580,가평 2023_09.csv,자연관광,자연공원
가평,2023,9,2023-09,38,경기도,가평군,설악시외버스터미널,565,가평 2023_09.csv,기타관광,교통시설
가평,2023,9,2023-09,39,경기도,가평군,청심평화월드센터,563,가평 2023_09.csv,문화관광,공연시설
가평,2023,9,2023-09,40,경기도,가평군,청평호반드라이브코스,558,가평 2023_09.csv,기타관광,데이트코스
가평,2023,9,2023-09,41,경기도,가평군,녹수계곡,518,가평 2023_09.csv,자연관광,자연경관(산)
가평,2023,9,2023-09,42,경기도,가평군,강씨봉자연휴양림,514,가평 2023_09.csv,자연관광,자연공원
가평,2023,9,2023-09,43,경기도,가평군,칼봉산자연휴양림,496,가평 2023_09.csv,자연관광,자연공원
가평,2023,9,2023-09,44,경기도,가평군,잣고을전통시장,485,가평 2023_09.csv,쇼핑,시장
가평,2023,9,2023-09,45,경기도,가평군,호명호수,461,가평 2023_09.csv,자연관광,자연경관(하천/해양)
가평,2023,9,2023-09,46,경기도,가평군,워터플레이,437,가평 2023_09.csv,레저스포츠,수상레저스포츠
가평,2023,9,2023-09,47,경기도,가평군,남도꽃정원,419,가평 2023_09.csv,문화관광,도시공원
가평,2023,9,2023-09,48,경기도,가평군,한국초콜릿연구소뮤지엄,413,가평 2023_09.csv,문화관광,전시시설
가평,2023,9,2023-09,49,경기도,가평군,청평호,392,가평 2023_09.csv,자연관광,자연경관(하천/해양)
가평,2023,9,2023-09,50,경기도,가평군,모비딕수상레저,378,가평 2023_09.csv,레저스포츠,수상레저스포츠
가평,2023,9,2023-09,51,경기도,가평군,가평군어린이음악놀이터,377,가평 2023_09.csv,문화관광,테마공원
가평,2023,9,2023-09,52,경기도,가평군,가평TOP랜드,367,가평 2023_09.csv,레저스포츠,수상레저스포츠
가평,2023,9,2023-09,53,경기도,가평군,백련사,358,가평 2023_09.csv,역사관광,종교성지
가평,2023,9,2023-09,54,경기도,가평군,호명호수공원,325,가평 2023_09.csv,문화관광,도시공원
가평,2023,9,2023-09,55,경기도,가평군,어비계곡,323,가평 2023_09.csv,자연관광,자연경관(산)
가평,2023,9,2023-09,56,경기도,가평군,말리부수상레저,306,가평 2023_09.csv,레저스포츠,기타레저스포츠
가평,2023,9,2023-09,57,경기도,가평군,아토믹워터파크,301,가평 2023_09.csv,문화관광,테마공원
가평,2023,9,2023-09,58,경기도,가평군,캠프통아일랜드,290,가평 2023_09.csv,레저스포츠,수상레저스포츠
가평,2023,9,2023-09,59,경기도,가평군,용소폭포,265,가평 2023_09.csv,자연관광,자연경관(산)
가평,2023,9,2023-09,60,경기도,가평군,꿈의동산,264,가평 2023_09.csv,문화관광,복합관광시설
가평,2023,9,2023-09,61,경기도,가평군,탑코리아수상레저,261,가평 2023_09.csv,레저스포츠,수상레저스포츠
가평,2023,9,2023-09,62,경기도,가평군,더스테이힐링파크링스파3골프장,257,가평 2023_09.csv,레저스포츠,육상레저스포츠
가평,2023,9,2023-09,63,경기도,가평군,가평브릿지짚라인,251,가평 2023_09.csv,레저스포츠,기타레저스포츠
가평,2023,9,2023-09,64,경기도,가평군,청평생활체육공원,248,가평 2023_09.csv,문화관광,도시공원
가평,2023,9,2023-09,64,경기도,가평군,가평빠지클럽비발디,248,가평 2023_09.csv,레저스포츠,수상레저스포츠
가평,2023,9,2023-09,64,경기도,가평군,청평5일시장,248,가평 2023_09.csv,쇼핑,시장
가평,2023,9,2023-09,67,경기도,가평군,목동버스터미널,237,가평 2023_09.csv,기타관광,교통시설
가평,2023,9,2023-09,68,경기도,가평군,대성리국민관광지,223,가평 2023_09.csv,문화관광,복합관광시설
가평,2023,9,2023-09,69,경기도,가평군,버드마리나수상레저,218,가평 2023_09.csv,레저스포츠,기타레저스포츠
가평,2023,9,2023-09,70,경기도,가평군,도대리용소폭포,209,가평 2023_09.csv,자연관광,자연경관(산)
가평,2023,9,2023-09,71,경기도,가평군,W홀스랜드,189,가평 2023_09.csv,레저스포츠,육상레저스포츠
가평,2023,9,2023-09,72,경기도,가평군,연인산명품계곡길,186,가평 2023_09.csv,레저스포츠,기타레저스포츠
가평,2023,9,2023-09,73,경기도,가평군,수영인의마을,183,가평 2023_09.csv,레저스포츠,수상레저스포츠
가평,2023,9,2023-09,74,경기도,가평군,르푸앙수상레져,182,가평 2023_09.csv,레저스포츠,수상레저스포츠
가평,2023,9,2023-09,75,경기도,가평군,명지계곡,181,가평 2023_09.csv,자연관광,자연경관(산)
가평,2023,9,2023-09,76,경기도,가평군,물조은빠지,178,가평 2023_09.csv,레저스포츠,수상레저스포츠
가평,2023,9,2023-09,77,경기도,가평군,아루바수상레저,177,가평 2023_09.csv,레저스포츠,기타레저스포츠
가평,2023,9,2023-09,78,경기도,가평군,백팔유원지,173,가평 2023_09.csv,문화관광,복합관광시설
가평,2023,9,2023-09,79,경기도,가평군,천정궁박물관,171,가평 2023_09.csv,문화관광,전시시설
가평,2023,9,2023-09,80,경기도,가평군,맨하탄수상레져,168,가평 2023_09.csv,레저스포츠,수상레저스포츠
가평,2023,9,2023-09,81,경기도,가평군,스카이라인짚와이어,165,가평 2023_09.csv,문화관광,복합관광시설
가평,2023,9,2023-09,81,경기도,가평군,크라운수상레저,165,가평 2023_09.csv,레저스포츠,수상레저스포츠
가평,2023,9,2023-09,83,경기도,가평군,가일미술관,164,가평 2023_09.csv,문화관광,전시시설
가평,2023,9,2023-09,84,경기도,가평군,도장골낚시터,155,가평 2023_09.csv,레저스포츠,수상레저스포츠
가평,2023,9,2023-09,84,경기도,가평군,서프앤,155,가평 2023_09.csv,레저스포츠,수상레저스포츠
가평,2023,9,2023-09,86,경기도,가평군,대원사,154,가평 2023_09.csv,역사관광,종교성지
가평,2023,9,2023-09,87,경기도,가평군,클럽이글스수상레저,153,가평 2023_09.csv,레저스포츠,기타레저스포츠
가평,2023,9,2023-09,88,경기도,가평군,가평레져카트장,148,가평 2023_09.csv,레저스포츠,기타레저스포츠
가평,2023,9,2023-09,89,경기도,가평군,크리스월드수상레저,144,가평 2023_09.csv,레저스포츠,수상레저스포츠
가평,2023,9,2023-09,90,경기도,가평군,리버랜드번지점프장,139,가평 2023_09.csv,레저스포츠,육상레저스포츠
가평,2023,9,2023-09,91,경기도,가평군,이화원,138,가평 2023_09.csv,문화관광,도시공원
가평,2023,9,2023-09,92,경기도,가평군,가평수목원,135,가평 2023_09.csv,자연관광,자연공원
가평,2023,9,2023-09,93,경기도,가평군,가평빠지이비자수상레저,128,가평 2023_09.csv,레저스포츠,수상레저스포츠
가평,2023,9,2023-09,94,경기도,가평군,리버포인트수상레저,126,가평 2023_09.csv,레저스포츠,수상레저스포츠
가평,2023,9,2023-09,94,경기도,가평군,청평워터피아,126,가평 2023_09.csv,레저스포츠,수상레저스포츠
가평,2023,9,2023-09,96,경기도,가평군,물의나라유원지,121,가평 2023_09.csv,문화관광,복합관광시설
가평,2023,9,2023-09,97,경기도,가평군,포세이돈,119,가평 2023_09.csv,레저스포츠,수상레저스포츠
가평,2023,9,2023-09,98,경기도,가평군,유명산,118,가평 2023_09.csv,자연관광,자연경관(산)
가평,2023,9,2023-09,99,경기도,가평군,경기도잣향기푸른숲안내매표소,117,가평 2023_09.csv,기타관광,기타관광
가평,2023,9,2023-09,100,경기도,가평군,현리계곡,115,가평 2023_09.csv,자연관광,자연경관(산)
가평,2023,9,2023-09,101,경기도,가평군,연인산,114,가평 2023_09.csv,자연관광,자연경관(산)
가평,2023,9,2023-09,102,경기도,가평군,빠져수상레저,113,가평 2023_09.csv,레저스포츠,수상레저스포츠
가평,2023,9,2023-09,103,경기도,가평군,웨이크베이리조트,105,가평 2023_09.csv,레저스포츠,기타레저스포츠
가평,2023,9,2023-09,104,경기도,가평군,운악산성불사,104,가평 2023_09.csv,역사관광,종교성지
가평,2023,9,2023-09,105,경기도,가평군,청평유원지,103,가평 2023_09.csv,문화관광,복합관광시설
가평,2023,9,2023-09,106,경기도,가평군,화악산,102,가평 2023_09.csv,자연관광,자연경관(산)
가평,2023,9,2023-09,107,경기도,가평군,이정웅스페이스,101,가평 2023_09.csv,문화관광,전시시설
가평,2023,9,2023-09,108,경기도,가평군,하이수상레저,100,가평 2023_09.csv,레저스포츠,수상레저스포츠
가평,2023,9,2023-09,109,경기도,가평군,가평뮤직빌리지1939시네마,99,가평 2023_09.csv,문화관광,공연시설
가평,2023,9,2023-09,109,경기도,가평군,항아리바위계곡,99,가평 2023_09.csv,자연관광,자연경관(산)
가평,2023,9,2023-09,111,경기도,가평군,썸머타임수상레저,98,가평 2023_09.csv,레저스포츠,수상레저스포츠
가평,2023,9,2023-09,112,경기도,가평군,삼원수상레저,97,가평 2023_09.csv,레저스포츠,기타레저스포츠
가평,2023,9,2023-09,112,경기도,가평군,설악5일장,97,가평 2023_09.csv,쇼핑,시장
가평,2023,9,2023-09,112,경기도,가평군,가평축령산잣나무숲,97,가평 2023_09.csv,자연관광,자연공원
가평,2023,9,2023-09,112,경기도,가평군,희망축구전용구장,97,가평 2023_09.csv,문화관광,레저스포츠시설
가평,2023,9,2023-09,116,경기도,가평군,조무락계곡,95,가평 2023_09.csv,자연관광,자연경관(산)
가평,2023,9,2023-09,117,경기도,가평군,달마공원관음사,94,가평 2023_09.csv,역사관광,종교성지
가평,2023,9,2023-09,118,경기도,가평군,레저캠프,91,가평 2023_09.csv,레저스포츠,기타레저스포츠
가평,2023,9,2023-09,119,경기도,가평군,소풍레저,90,가평 2023_09.csv,레저스포츠,수상레저스포츠
가평,2023,9,2023-09,120,경기도,가평군,청춘역1979,89,가평 2023_09.csv,문화관광,도시공원
가평,2023,9,2023-09,120,경기도,가평군,자라섬생태공원,89,가평 2023_09.csv,문화관광,도시공원
가평,2023,9,2023-09,122,경기도,가평군,자라섬워터파크,88,가평 2023_09.csv,문화관광,테마공원
가평,2023,9,2023-09,122,경기도,가평군,에덴야구장,88,가평 2023_09.csv,문화관광,레저스포츠시설
가평,2023,9,2023-09,124,경기도,가평군,산림생태문화체험단지,87,가평 2023_09.csv,기타관광,기타관광
가평,2023,9,2023-09,125,경기도,가평군,가평정기5일시장,86,가평 2023_09.csv,쇼핑,시장
가평,2023,9,2023-09,126,경기도,가평군,운악산반길이포도원,84,가평 2023_09.csv,체험관광,농/산/어촌체험
가평,2023,9,2023-09,127,경기도,가평군,레인보우수상레저,81,가평 2023_09.csv,레저스포츠,수상레저스포츠
가평,2023,9,2023-09,127,경기도,가평군,현리유원지,81,가평 2023_09.csv,문화관광,복합관광시설
가평,2023,9,2023-09,129,경기도,가평군,연인산도립공원탐방안내소,80,가평 2023_09.csv,기타관광,기타관광
가평,2023,9,2023-09,130,경기도,가평군,트니트니어드벤처,76,가평 2023_09.csv,문화관광,테마공원
가평,2023,9,2023-09,130,경기도,가평군,대성수상레저,76,가평 2023_09.csv,레저스포츠,수상레저스포츠
가평,2023,9,2023-09,132,경기도,가평군,몰디브수상레저,74,가평 2023_09.csv,레저스포츠,수상레저스포츠
가평,2023,9,2023-09,133,경기도,가평군,가평썸머플레이스,73,가평 2023_09.csv,레저스포츠,수상레저스포츠
가평,2023,9,2023-09,133,경기도,가평군,스마일수상레저,73,가평 2023_09.csv,레저스포츠,수상레저스포츠
가평,2023,9,2023-09,135,경기도,가평군,폭포낚시,72,가평 2023_09.csv,레저스포츠,수상레저스포츠
가평,2023,9,2023-09,136,경기도,가평군,중미산,70,가평 2023_09.csv,자연관광,자연경관(산)
가평,2023,9,2023-09,137,경기도,가평군,금개울유원지,69,가평 2023_09.csv,문화관광,복합관광시설
가평,2023,9,2023-09,138,경기도,가평군,상천낚시터,68,가평 2023_09.csv,레저스포츠,수상레저스포츠
가평,2023,9,2023-09,138,경기도,가평군,조종생활체육공원,68,가평 2023_09.csv,문화관광,도시공원
가평,2023,9,2023-09,138,경기도,가평군,남송미술관,68,가평 2023_09.csv,문화관광,전시시설
가평,2023,9,2023-09,138,경기도,가평군,모험의시작,68,가평 2023_09.csv,레저스포츠,수상레저스포츠
가평,2023,9,2023-09,142,경기도,가평군,조종시네마,67,가평 2023_09.csv,문화관광,공연시설
가평,2023,9,2023-09,142,경기도,가평군,명지산생태전시관,67,가평 2023_09.csv,문화관광,전시시설
가평,2023,9,2023-09,142,경기도,가평군,자라섬리버마켓,67,가평 2023_09.csv,쇼핑,시장
가평,2023,9,2023-09,145,경기도,가평군,아마란스리조트,66,가평 2023_09.csv,레저스포츠,수상레저스포츠
가평,2023,9,2023-09,146,경기도,가평군,자이언트수상레저리조트,65,가평 2023_09.csv,레저스포츠,수상레저스포츠
가평,2023,9,2023-09,146,경기도,가평군,떡바위유원지,65,가평 2023_09.csv,문화관광,복합관광시설
가평,2023,9,2023-09,146,경기도,가평군,화악계곡,65,가평 2023_09.csv,자연관광,자연경관(산)
가평,2023,9,2023-09,149,경기도,가평군,이지수상레져,64,가평 2023_09.csv,레저스포츠,기타레저스포츠
가평,2023,9,2023-09,149,경기도,가평군,상락향수도원,64,가평 2023_09.csv,역사관광,종교성지
가평,2023,9,2023-09,151,경기도,가평군,바르도수상레저,61,가평 2023_09.csv,레저스포츠,수상레저스포츠
가평,2023,9,2023-09,152,경기도,가평군,가평빠지크리스월드수상레저,59,가평 2023_09.csv,레저스포츠,수상레저스포츠
가평,2023,9,2023-09,153,경기도,가평군,자연과별천문대,58,가평 2023_09.csv,기타관광,기타관광
가평,2023,9,2023-09,154,경기도,가평군,바하마수상레포츠,57,가평 2023_09.csv,레저스포츠,수상레저스포츠
가평,2023,9,2023-09,154,경기도,가평군,K2수상레져,57,가평 2023_09.csv,레저스포츠,수상레저스포츠
가평,2023,9,2023-09,154,경기도,가평군,설악생활체육공원,57,가평 2023_09.csv,문화관광,도시공원
가평,2023,9,2023-09,157,경기도,가평군,북면생활체육공원,55,가평 2023_09.csv,문화관광,도시공원
가평,2023,9,2023-09,158,경기도,가평군,청평호수길,52,가평 2023_09.csv,기타관광,기타관광
가평,2023,9,2023-09,158,경기도,가평군,해별달사과,52,가평 2023_09.csv,체험관광,농/산/어촌체험
가평,2023,9,2023-09,160,경기도,가평군,산유낚시터,51,가평 2023_09.csv,레저스포츠,수상레저스포츠
가평,2023,9,2023-09,160,경기도,가평군,가평에덴벚꽃길,51,가평 2023_09.csv,기타관광,기타관광
가평,2023,9,2023-09,162,경기도,가평군,클럽미사수상레저,50,가평 2023_09.csv,레저스포츠,수상레저스포츠
가평,2023,9,2023-09,162,경기도,가평군,호명산드라이브코스,50,가평 2023_09.csv,기타관광,데이트코스
가평,2023,9,2023-09,164,경기도,가평군,경반계곡,49,가평 2023_09.csv,자연관광,자연경관(산)
가평,2023,9,2023-09,165,경기도,가평군,헤이븐,48,가평 2023_09.csv,레저스포츠,수상레저스포츠
가평,2023,9,2023-09,166,경기도,가평군,디어웨이브,47,가평 2023_09.csv,레저스포츠,수상레저스포츠
가평,2023,9,2023-09,166,경기도,가평군,취옹예술관,47,가평 2023_09.csv,문화관광,전시시설
가평,2023,9,2023-09,166,경기도,가평군,가평역레져,47,가평 2023_09.csv,레저스포츠,기타레저스포츠
가평,2023,9,2023-09,166,경기도,가평군,연진농원,47,가평 2023_09.csv,체험관광,농/산/어촌체험
가평,2023,9,2023-09,170,경기도,가평군,HJ매그놀리아멋집,45,가평 2023_09.csv,문화관광,기타문화관광지
가평,2023,9,2023-09,170,경기도,가평군,두밀리낚시터,45,가평 2023_09.csv,레저스포츠,수상레저스포츠
가평,2023,9,2023-09,170,경기도,가평군,호수유원지,45,가평 2023_09.csv,문화관광,복합관광시설
가평,2023,9,2023-09,173,경기도,가평군,청정낚시터,44,가평 2023_09.csv,레저스포츠,수상레저스포츠
가평,2023,9,2023-09,173,경기도,가평군,돌고래수상레저,44,가평 2023_09.csv,레저스포츠,기타레저스포츠
가평,2023,9,2023-09,175,경기도,가평군,노랑다리미술관,43,가평 2023_09.csv,문화관광,전시시설
가평,2023,9,2023-09,176,경기도,가평군,초이수상레저,42,가평 2023_09.csv,레저스포츠,수상레저스포츠
가평,2023,9,2023-09,176,경기도,가평군,조종천계곡,42,가평 2023_09.csv,자연관광,자연경관(산)
가평,2023,9,2023-09,178,경기도,가평군,신청평대교야구장,41,가평 2023_09.csv,문화관광,레저스포츠시설
가평,2023,9,2023-09,179,경기도,가평군,토마토레저파크,40,가평 2023_09.csv,레저스포츠,기타레저스포츠
가평,2023,9,2023-09,180,경기도,가평군,가평빠지아마존수상레저,39,가평 2023_09.csv,레저스포츠,수상레저스포츠
가평,2023,9,2023-09,181,경기도,가평군,연인산명품계곡길출렁다리,36,가평 2023_09.csv,기타관광,기타관광
가평,2023,9,2023-09,181,경기도,가평군,루시아수상레저,36,가평 2023_09.csv,레저스포츠,수상레저스포츠
가평,2023,9,2023-09,183,경기도,가평군,유명산계곡,35,가평 2023_09.csv,자연관광,자연경관(산)
가평,2023,9,2023-09,184,경기도,가평군,가평현리5일장,34,가평 2023_09.csv,쇼핑,시장
가평,2023,9,2023-09,184,경기도,가평군,가평사계절썰매장,34,가평 2023_09.csv,레저스포츠,육상레저스포츠
가평,2023,9,2023-09,184,경기도,가평군,용추계곡유원지,34,가평 2023_09.csv,문화관광,복합관광시설
가평,2023,9,2023-09,184,경기도,가평군,아레나수상레저,34,가평 2023_09.csv,레저스포츠,수상레저스포츠
가평,2023,9,2023-09,188,경기도,가평군,가마소유원지,33,가평 2023_09.csv,문화관광,복합관광시설
가평,2023,9,2023-09,189,경기도,가평군,욜로수상레저,32,가평 2023_09.csv,레저스포츠,수상레저스포츠
가평,2023,9,2023-09,190,경기도,가평군,킹웨이크서프스쿨,31,가평 2023_09.csv,레저스포츠,수상레저스포츠
가평,2023,9,2023-09,190,경기도,가평군,오페라하우스수상레저,31,가평 2023_09.csv,레저스포츠,수상레저스포츠
가평,2023,9,2023-09,190,경기도,가평군,현등사계곡,31,가평 2023_09.csv,자연관광,자연경관(산)
가평,2023,9,2023-09,190,경기도,가평군,가평무브베이스볼파크,31,가평 2023_09.csv,문화관광,레저스포츠시설
가평,2023,9,2023-09,190,경기도,가평군,가평하늘커피농장,31,가평 2023_09.csv,체험관광,농/산/어촌체험
가평,2023,9,2023-09,195,경기도,가평군,그린수상레져,30,가평 2023_09.csv,레저스포츠,수상레저스포츠
가평,2023,9,2023-09,195,경기도,가평군,청룡사,30,가평 2023_09.csv,역사관광,종교성지
가평,2023,9,2023-09,195,경기도,가평군,청평캠프,30,가평 2023_09.csv,레저스포츠,기타레저스포츠
가평,2023,9,2023-09,195,경기도,가평군,북배산흑염소농장,30,가평 2023_09.csv,체험관광,농/산/어촌체험
가평,2023,9,2023-09,195,경기도,가평군,가평문화창작공간얼쑤공장,30,가평 2023_09.csv,문화관광,기타문화관광지
가평,2023,9,2023-09,200,경기도,가평군,운악산가평현등사방면,28,가평 2023_09.csv,자연관광,자연경관(산)
가평,2023,9,2023-09,200,경기도,가평군,선어치,28,가평 2023_09.csv,자연관광,자연경관(산)
가평,2023,9,2023-09,202,경기도,가평군,이지서프웨이크서핑,26,가평 2023_09.csv,레저스포츠,수상레저스포츠
가평,2023,9,2023-09,202,경기도,가평군,청평유원지,26,가평 2023_09.csv,문화관광,복합관광시설
가평,2023,9,2023-09,202,경기도,가평군,귀목계곡,26,가평 2023_09.csv,자연관광,자연경관(산)
가평,2023,9,2023-09,202,경기도,가평군,에덴벚꽃길,26,가평 2023_09.csv,레저스포츠,기타레저스포츠
가평,2023,9,2023-09,206,경기도,가평군,운악산용수사,25,가평 2023_09.csv,역사관광,종교성지
가평,2023,9,2023-09,206,경기도,가평군,상천루,25,가평 2023_09.csv,문화관광,도시공원
가평,2023,9,2023-09,206,경기도,가평군,라인수상레저,25,가평 2023_09.csv,레저스포츠,수상레저스포츠
가평,2023,9,2023-09,206,경기도,가평군,마린컴퍼니클럽,25,가평 2023_09.csv,레저스포츠,수상레저스포츠
가평,2023,9,2023-09,210,경기도,가평군,룰루마린수상레저,24,가평 2023_09.csv,레저스포츠,수상레저스포츠
가평,2023,9,2023-09,210,경기도,가평군,호국연호사,24,가평 2023_09.csv,역사관광,종교성지
가평,2023,9,2023-09,210,경기도,가평군,큰골계곡,24,가평 2023_09.csv,자연관광,자연경관(산)
가평,2023,9,2023-09,210,경기도,가평군,청평첫집,24,가평 2023_09.csv,레저스포츠,수상레저스포츠
가평,2023,9,2023-09,210,경기도,가평군,가평 수상레저 바이킹 빠지,24,가평 2023_09.csv,레저스포츠,수상레저스포츠
가평,2023,9,2023-09,215,경기도,가평군,아이언수상레저,23,가평 2023_09.csv,레저스포츠,기타레저스포츠
가평,2023,9,2023-09,215,경기도,가평군,이슬라이브페스티벌,23,가평 2023_09.csv,문화관광,기타문화관광지
가평,2023,9,2023-09,215,경기도,가평군,자라섬재즈페스티벌,23,가평 2023_09.csv,문화관광,기타문화관광지
가평,2023,9,2023-09,215,경기도,가평군,청평리버랜드수상레저,23,가평 2023_09.csv,문화관광,복합관광시설
가평,2023,9,2023-09,219,경기도,가평군,용소유원지,22,가평 2023_09.csv,문화관광,복합관광시설
가평,2023,9,2023-09,219,경기도,가평군,도솔천사,22,가평 2023_09.csv,역사관광,종교성지
가평,2023,9,2023-09,219,경기도,가평군,선경농원,22,가평 2023_09.csv,체험관광,농/산/어촌체험
가평,2023,9,2023-09,222,경기도,가평군,관음사,21,가평 2023_09.csv,역사관광,종교성지
가평,2023,9,2023-09,222,경기도,가평군,클럽펀,21,가평 2023_09.csv,레저스포츠,수상레저스포츠
가평,2023,9,2023-09,222,경기도,가평군,대성리계곡,21,가평 2023_09.csv,자연관광,자연경관(산)
가평,2023,9,2023-09,225,경기도,가평군,일지안호범미술관,19,가평 2023_09.csv,문화관광,전시시설
가평,2023,9,2023-09,225,경기도,가평군,적목리신앙공동체유적지,19,가평 2023_09.csv,역사관광,역사유적지
가평,2023,9,2023-09,225,경기도,가평군,뉴돌고래레저,19,가평 2023_09.csv,레저스포츠,수상레저스포츠
가평,2023,9,2023-09,225,경기도,가평군,행복축구전용구장,19,가평 2023_09.csv,문화관광,레저스포츠시설
가평,2023,9,2023-09,229,경기도,가평군,이뜨랜수상레저,18,가평 2023_09.csv,레저스포츠,수상레저스포츠
가평,2023,9,2023-09,229,경기도,가평군,흥국사,18,가평 2023_09.csv,역사관광,종교성지
가평,2023,9,2023-09,231,경기도,가평군,어거스트수상레저,17,가평 2023_09.csv,레저스포츠,수상레저스포츠
가평,2023,9,2023-09,231,경기도,가평군,설악생활체육공원축구장,17,가평 2023_09.csv,문화관광,레저스포츠시설
가평,2023,9,2023-09,231,경기도,가평군,유스토리청소년수련원,17,가평 2023_09.csv,레저스포츠,육상레저스포츠
가평,2023,9,2023-09,231,경기도,가평군,클럽나인수상레저,17,가평 2023_09.csv,레저스포츠,수상레저스포츠
가평,2023,9,2023-09,231,경기도,가평군,미국한국전쟁참전기념비,17,가평 2023_09.csv,역사관광,역사유물
가평,2023,9,2023-09,236,경기도,가평군,삼회리벚꽃길,16,가평 2023_09.csv,기타관광,데이트코스
가평,2023,9,2023-09,236,경기도,가평군,베니스수상레저,16,가평 2023_09.csv,레저스포츠,수상레저스포츠
가평,2023,9,2023-09,236,경기도,가평군,수풀로삼회리,16,가평 2023_09.csv,문화관광,도시공원
가평,2023,9,2023-09,236,경기도,가평군,카페리수상레저,16,가평 2023_09.csv,레저스포츠,수상레저스포츠
가평,2023,9,2023-09,240,경기도,가평군,이천보고가,15,가평 2023_09.csv,역사관광,역사유적지
가평,2023,9,2023-09,240,경기도,가평군,썸머드림,15,가평 2023_09.csv,레저스포츠,수상레저스포츠
가평,2023,9,2023-09,240,경기도,가평군,바우유원지,15,가평 2023_09.csv,문화관광,복합관광시설
가평,2023,9,2023-09,240,경기도,가평군,자라섬테마파크물놀이장 휴장,15,가평 2023_09.csv,문화관광,테마공원
가평,2023,9,2023-09,244,경기도,가평군,가평철길공원,14,가평 2023_09.csv,문화관광,도시공원
가평,2023,9,2023-09,244,경기도,가평군,프리다이브그랑블루가평센터,14,가평 2023_09.csv,레저스포츠,수상레저스포츠
가평,2023,9,2023-09,244,경기도,가평군,중종대왕태봉,14,가평 2023_09.csv,기타관광,기타관광
가평,2023,9,2023-09,244,경기도,가평군,이시스수상레저,14,가평 2023_09.csv,레저스포츠,수상레저스포츠
가평,2023,9,2023-09,248,경기도,가평군,이수네유원지,13,가평 2023_09.csv,문화관광,복합관광시설
가평,2023,9,2023-09,248,경기도,가평군,밤나무골유원지,13,가평 2023_09.csv,문화관광,복합관광시설
가평,2023,9,2023-09,248,경기도,가평군,설미재미술관,13,가평 2023_09.csv,문화관광,전시시설
가평,2023,9,2023-09,248,경기도,가평군,가평낚시터,13,가평 2023_09.csv,레저스포츠,수상레저스포츠
가평,2023,9,2023-09,248,경기도,가평군,태은사,13,가평 2023_09.csv,역사관광,종교성지
가평,2023,9,2023-09,253,경기도,가평군,가평화랑유원지,12,가평 2023_09.csv,문화관광,복합관광시설
가평,2023,9,2023-09,253,경기도,가평군,은행나무낚시공원,12,가평 2023_09.csv,레저스포츠,수상레저스포츠
가평,2023,9,2023-09,253,경기도,가평군,유명산휴양림관리소,12,가평 2023_09.csv,자연관광,자연공원
가평,2023,9,2023-09,253,경기도,가평군,1호농원,12,가평 2023_09.csv,체험관광,농/산/어촌체험
가평,2023,9,2023-09,253,경기도,가평군,이정구선생묘,12,가평 2023_09.csv,역사관광,역사유적지
가평,2023,9,2023-09,253,경기도,가평군,명지계곡유원지,12,가평 2023_09.csv,문화관광,복합관광시설
가평,2023,9,2023-09,253,경기도,가평군,상면생활체육공원,12,가평 2023_09.csv,문화관광,도시공원
가평,2023,9,2023-09,260,경기도,가평군,팀더블유,11,가평 2023_09.csv,레저스포츠,기타레저스포츠
가평,2023,9,2023-09,260,경기도,가평군,가평현암농경박물관,11,가평 2023_09.csv,문화관광,전시시설
가평,2023,9,2023-09,260,경기도,가평군,무주채폭포,11,가평 2023_09.csv,자연관광,자연경관(산)
가평,2023,9,2023-09,260,경기도,가평군,청평페리유람선,11,가평 2023_09.csv,기타관광,교통시설
가평,2023,9,2023-09,260,경기도,가평군,하천리체육공원,11,가평 2023_09.csv,문화관광,도시공원
가평,2023,9,2023-09,260,경기도,가평군,성운사,11,가평 2023_09.csv,역사관광,종교성지
가평,2023,9,2023-09,260,경기도,가평군,더스테이힐링파크와일드가든,11,가평 2023_09.csv,문화관광,도시공원
가평,2023,9,2023-09,267,경기도,가평군,백둔계곡,10,가평 2023_09.csv,자연관광,자연경관(산)
가평,2023,9,2023-09,267,경기도,가평군,인스타랩,10,가평 2023_09.csv,문화관광,기타문화관광지
가평,2023,9,2023-09,267,경기도,가평군,캐나다전투기념비,10,가평 2023_09.csv,역사관광,역사유물
가평,2023,9,2023-09,267,경기도,가평군,청평산장유원지,10,가평 2023_09.csv,문화관광,복합관광시설
가평,2023,9,2023-09,267,경기도,가평군,밤골유원지,10,가평 2023_09.csv,문화관광,복합관광시설
가평,2023,9,2023-09,272,경기도,가평군,색현터널,9,가평 2023_09.csv,기타관광,기타관광
가평,2023,9,2023-09,272,경기도,가평군,씨브이리조트,9,가평 2023_09.csv,레저스포츠,수상레저스포츠
가평,2023,9,2023-09,272,경기도,가평군,황금사과농원,9,가평 2023_09.csv,체험관광,농/산/어촌체험
가평,2023,9,2023-09,272,경기도,가평군,산울로수상스키,9,가평 2023_09.csv,레저스포츠,기타레저스포츠
가평,2023,9,2023-09,272,경기도,가평군,청평스포랜드번지점프장,9,가평 2023_09.csv,레저스포츠,육상레저스포츠
가평,2023,9,2023-09,272,경기도,가평군,청평암,9,가평 2023_09.csv,역사관광,종교성지
가평,2023,9,2023-09,272,경기도,가평군,여여암,9,가평 2023_09.csv,역사관광,종교성지
가평,2023,9,2023-09,272,경기도,가평군,가평군 상면 조가터마을,9,가평 2023_09.csv,문화관광,도시/지역문화관광
가평,2023,9,2023-09,272,경기도,가평군,성관사,9,가평 2023_09.csv,역사관광,종교성지
가평,2023,9,2023-09,272,경기도,가평군,울업산,9,가평 2023_09.csv,자연관광,자연경관(산)
가평,2023,9,2023-09,282,경기도,가평군,대성리벚꽃길,8,가평 2023_09.csv,기타관광,기타관광
가평,2023,9,2023-09,282,경기도,가평군,클럽모아나,8,가평 2023_09.csv,레저스포츠,수상레저스포츠
가평,2023,9,2023-09,282,경기도,가평군,한강수상레저,8,가평 2023_09.csv,레저스포츠,수상레저스포츠
가평,2023,9,2023-09,282,경기도,가평군,상천저수지,8,가평 2023_09.csv,자연관광,자연경관(하천/해양)
가평,2023,9,2023-09,282,경기도,가평군,인터렉티브아트뮤지엄,8,가평 2023_09.csv,문화관광,전시시설
가평,2023,9,2023-09,282,경기도,가평군,청평생태공원,8,가평 2023_09.csv,문화관광,도시공원
가평,2023,9,2023-09,288,경기도,가평군,가람유원지,7,가평 2023_09.csv,문화관광,복합관광시설
가평,2023,9,2023-09,288,경기도,가평군,무아레풀무아레,7,가평 2023_09.csv,문화관광,테마공원
가평,2023,9,2023-09,288,경기도,가평군,클럽스텔라,7,가평 2023_09.csv,레저스포츠,기타레저스포츠
가평,2023,9,2023-09,288,경기도,가평군,꽃보다포도농원,7,가평 2023_09.csv,체험관광,농/산/어촌체험
가평,2023,9,2023-09,288,경기도,가평군,설악낚시터,7,가평 2023_09.csv,레저스포츠,수상레저스포츠
가평,2023,9,2023-09,288,경기도,가평군,구원사,7,가평 2023_09.csv,역사관광,종교성지
가평,2023,9,2023-09,288,경기도,가평군,축령사,7,가평 2023_09.csv,역사관광,종교성지
가평,2023,9,2023-09,288,경기도,가평군,빠지고,7,가평 2023_09.csv,레저스포츠,수상레저스포츠
가평,2023,9,2023-09,288,경기도,가평군,대성낚시터,7,가평 2023_09.csv,레저스포츠,수상레저스포츠
가평,2023,9,2023-09,288,경기도,가평군,상락향,7,가평 2023_09.csv,역사관광,종교성지
가평,2023,9,2023-09,288,경기도,가평군,해바라기유원지,7,가평 2023_09.csv,문화관광,복합관광시설
가평,2023,9,2023-09,288,경기도,가평군,성불사,7,가평 2023_09.csv,역사관광,종교성지
가평,2023,9,2023-09,288,경기도,가평군,대보수련원,7,가평 2023_09.csv,레저스포츠,육상레저스포츠
가평,2023,9,2023-09,301,경기도,가평군,청평계곡,6,가평 2023_09.csv,자연관광,자연경관(산)
가평,2023,9,2023-09,301,경기도,가평군,경기둘레길가평19코스,6,가평 2023_09.csv,레저스포츠,기타레저스포츠
가평,2023,9,2023-09,301,경기도,가평군,으뜸포도원,6,가평 2023_09.csv,체험관광,농/산/어촌체험
가평,2023,9,2023-09,301,경기도,가평군,양진나루선착장,6,가평 2023_09.csv,기타관광,교통시설
가평,2023,9,2023-09,301,경기도,가평군,지영수상스키장,6,가평 2023_09.csv,레저스포츠,수상레저스포츠
가평,2023,9,2023-09,301,경기도,가평군,석룡산,6,가평 2023_09.csv,자연관광,자연경관(산)
가평,2023,9,2023-09,301,경기도,가평군,마린랜드,6,가평 2023_09.csv,레저스포츠,수상레저스포츠
가평,2023,9,2023-09,301,경기도,가평군,버드나무유원지,6,가평 2023_09.csv,문화관광,복합관광시설
가평,2023,9,2023-09,301,경기도,가평군,청심실내체육관,6,가평 2023_09.csv,레저스포츠,기타레저스포츠
가평,2023,9,2023-09,301,경기도,가평군,항아리바위유원지,6,가평 2023_09.csv,기타관광,기타관광
가평,2023,9,2023-09,301,경기도,가평군,조종생활체육공원축구장,6,가평 2023_09.csv,문화관광,레저스포츠시설
가평,2023,9,2023-09,312,경기도,가평군,사그막농원,5,가평 2023_09.csv,체험관광,농/산/어촌체험
가평,2023,9,2023-09,312,경기도,가평군,아침고요수목원들국화전시회,5,가평 2023_09.csv,문화관광,기타문화관광지
가평,2023,9,2023-09,312,경기도,가평군,하연홍익표선생기념관,5,가평 2023_09.csv,문화관광,전시시설
가평,2023,9,2023-09,312,경기도,가평군,가평약수터,5,가평 2023_09.csv,자연관광,자연경관(산)
가평,2023,9,2023-09,312,경기도,가평군,향원사,5,가평 2023_09.csv,역사관광,종교성지
가평,2023,9,2023-09,312,경기도,가평군,덕혜암,5,가평 2023_09.csv,역사관광,종교성지
가평,2023,9,2023-09,312,경기도,가평군,탐선계곡유원지,5,가평 2023_09.csv,문화관광,복합관광시설
가평,2023,9,2023-09,312,경기도,가평군,송학포유원지,5,가평 2023_09.csv,문화관광,복합관광시설
가평,2023,9,2023-09,312,경기도,가평군,훼미리유원지,5,가평 2023_09.csv,문화관광,복합관광시설
가평,2023,9,2023-09,321,경기도,가평군,가평연인랜드,4,가평 2023_09.csv,체험관광,농/산/어촌체험
가평,2023,9,2023-09,321,경기도,가평군,동막골농원,4,가평 2023_09.csv,체험관광,농/산/어촌체험
가평,2023,9,2023-09,321,경기도,가평군,도도수상레저,4,가평 2023_09.csv,레저스포츠,수상레저스포츠
가평,2023,9,2023-09,321,경기도,가평군,산림복합체험센터,4,가평 2023_09.csv,문화관광,기타문화관광지
가평,2023,9,2023-09,321,경기도,가평군,M4서바이벌사격게임장,4,가평 2023_09.csv,레저스포츠,육상레저스포츠
가평,2023,9,2023-09,321,경기도,가평군,어비산,4,가평 2023_09.csv,자연관광,자연경관(산)
가평,2023,9,2023-09,321,경기도,가평군,조종암,4,가평 2023_09.csv,역사관광,역사유적지
가평,2023,9,2023-09,321,경기도,가평군,영안청소년수련원,4,가평 2023_09.csv,레저스포츠,육상레저스포츠
가평,2023,9,2023-09,321,경기도,가평군,보납정,4,가평 2023_09.csv,레저스포츠,육상레저스포츠
가평,2023,9,2023-09,321,경기도,가평군,경반사,4,가평 2023_09.csv,역사관광,종교성지
가평,2023,9,2023-09,321,경기도,가평군,대성사,4,가평 2023_09.csv,역사관광,종교성지
가평,2023,9,2023-09,321,경기도,가평군,경기도공무원휴양소,4,가평 2023_09.csv,기타관광,기타관광
가평,2023,9,2023-09,321,경기도,가평군,지산수상레저,4,가평 2023_09.csv,레저스포츠,수상레저스포츠
가평,2023,9,2023-09,321,경기도,가평군,주금산,4,가평 2023_09.csv,자연관광,자연경관(산)
가평,2023,9,2023-09,321,경기도,가평군,폭포유원지,4,가평 2023_09.csv,문화관광,복합관광시설
가평,2023,9,2023-09,321,경기도,가평군,중봉,4,가평 2023_09.csv,자연관광,자연경관(산)
가평,2023,9,2023-09,321,경기도,가평군,보납산전망대,4,가평 2023_09.csv,문화관광,랜드마크관광
가평,2023,9,2023-09,321,경기도,가평군,용마암사,4,가평 2023_09.csv,역사관광,종교성지
가평,2023,9,2023-09,321,경기도,가평군,상천지구농촌테마공원,4,가평 2023_09.csv,문화관광,전시시설
가평,2023,9,2023-09,321,경기도,가평군,명지산농원,4,가평 2023_09.csv,체험관광,농/산/어촌체험
가평,2023,9,2023-09,321,경기도,가평군,성주사,4,가평 2023_09.csv,역사관광,종교성지
가평,2023,9,2023-09,321,경기도,가평군,더스테이힐링파크알파와앵무,4,가평 2023_09.csv,문화관광,테마공원
가평,2023,9,2023-09,343,경기도,가평군,일광사,3,가평 2023_09.csv,역사관광,종교성지
가평,2023,9,2023-09,343,경기도,가평군,유풍농원,3,가평 2023_09.csv,체험관광,농/산/어촌체험
가평,2023,9,2023-09,343,경기도,가평군,돌밭포도,3,가평 2023_09.csv,체험관광,농/산/어촌체험
가평,2023,9,2023-09,343,경기도,가평군,가평레저파크,3,가평 2023_09.csv,레저스포츠,기타레저스포츠
가평,2023,9,2023-09,343,경기도,가평군,샛자리스튜디오,3,가평 2023_09.csv,문화관광,기타문화관광지
가평,2023,9,2023-09,343,경기도,가평군,아침마루공원,3,가평 2023_09.csv,문화관광,도시공원
가평,2023,9,2023-09,343,경기도,가평군,솔이포도농원,3,가평 2023_09.csv,체험관광,농/산/어촌체험
가평,2023,9,2023-09,343,경기도,가평군,개주산,3,가평 2023_09.csv,자연관광,자연경관(산)
가평,2023,9,2023-09,343,경기도,가평군,두밀계곡,3,가평 2023_09.csv,자연관광,자연경관(산)
가평,2023,9,2023-09,343,경기도,가평군,현충탑,3,가평 2023_09.csv,역사관광,역사유물
가평,2023,9,2023-09,343,경기도,가평군,수림타운,3,가평 2023_09.csv,레저스포츠,육상레저스포츠
가평,2023,9,2023-09,343,경기도,가평군,극락정사,3,가평 2023_09.csv,역사관광,종교성지
가평,2023,9,2023-09,343,경기도,가평군,보광사,3,가평 2023_09.csv,역사관광,종교성지
가평,2023,9,2023-09,343,경기도,가평군,광법사,3,가평 2023_09.csv,역사관광,종교성지
가평,2023,9,2023-09,343,경기도,가평군,운곡암,3,가평 2023_09.csv,역사관광,종교성지
가평,2023,9,2023-09,343,경기도,가평군,쁘띠프랑스오르골하우스,3,가평 2023_09.csv,기타관광,기타관광
가평,2023,9,2023-09,343,경기도,가평군,수동목장,3,가평 2023_09.csv,체험관광,농/산/어촌체험
가평,2023,9,2023-09,343,경기도,가평군,연인산촌농원,3,가평 2023_09.csv,체험관광,농/산/어촌체험
가평,2023,9,2023-09,343,경기도,가평군,적목폭포유원지,3,가평 2023_09.csv,문화관광,복합관광시설
가평,2023,9,2023-09,343,경기도,가평군,천축사,3,가평 2023_09.csv,역사관광,종교성지
가평,2023,9,2023-09,343,경기도,가평군,점프노리경기가평점,3,가평 2023_09.csv,문화관광,테마공원
가평,2023,9,2023-09,343,경기도,가평군,현대집,3,가평 2023_09.csv,레저스포츠,수상레저스포츠
가평,2023,9,2023-09,343,경기도,가평군,불기고개,3,가평 2023_09.csv,자연관광,자연경관(산)
가평,2023,9,2023-09,343,경기도,가평군,호명산,3,가평 2023_09.csv,자연관광,자연경관(산)
가평,2023,9,2023-09,343,경기도,가평군,에덴벚꽃길야외공연장,3,가평 2023_09.csv,문화관광,공연시설
가평,2023,9,2023-09,343,경기도,가평군,송림사,3,가평 2023_09.csv,역사관광,종교성지
가평,2023,9,2023-09,343,경기도,가평군,기름진멜로촬영지(W홀스랜드),3,가평 2023_09.csv,문화관광,기타문화관광지
가평,2023,9,2023-09,343,경기도,가평군,파로티아워터하우스수상레저,3,가평 2023_09.csv,레저스포츠,수상레저스포츠
가평,2023,10,2023-10,1,경기도,가평군,남이섬선착장,22984,가평 2023_10.csv,기타관광,교통시설
가평,2023,10,2023-10,2,경기도,가평군,아침고요수목원,20217,가평 2023_10.csv,문화관광,테마공원
가평,2023,10,2023-10,3,경기도,가평군,자라섬,13744,가평 2023_10.csv,자연관광,자연경관(하천/해양)
가평,2023,10,2023-10,4,경기도,가평군,아난티코드골프클럽,7077,가평 2023_10.csv,레저스포츠,육상레저스포츠
가평,2023,10,2023-10,5,경기도,가평군,썬힐GC,6662,가평 2023_10.csv,레저스포츠,육상레저스포츠
가평,2023,10,2023-10,6,경기도,가평군,가평베네스트GC,6325,가평 2023_10.csv,레저스포츠,육상레저스포츠
가평,2023,10,2023-10,7,경기도,가평군,청평역,6296,가평 2023_10.csv,기타관광,교통시설
가평,2023,10,2023-10,8,경기도,가평군,베뉴지CC,6148,가평 2023_10.csv,레저스포츠,육상레저스포츠
가평,2023,10,2023-10,9,경기도,가평군,쁘띠프랑스,5997,가평 2023_10.csv,문화관광,복합관광시설
가평,2023,10,2023-10,10,경기도,가평군,리앤리CC,5378,가평 2023_10.csv,레저스포츠,육상레저스포츠
가평,2023,10,2023-10,11,경기도,가평군,프리스틴밸리GC,5009,가평 2023_10.csv,레저스포츠,육상레저스포츠
가평,2023,10,2023-10,12,경기도,가평군,크리스탈밸리CC,4726,가평 2023_10.csv,레저스포츠,육상레저스포츠
가평,2023,10,2023-10,13,경기도,가평군,유명산자연휴양림,4462,가평 2023_10.csv,자연관광,자연공원
가평,2023,10,2023-10,14,경기도,가평군,대성리역,4069,가평 2023_10.csv,기타관광,교통시설
가평,2023,10,2023-10,15,경기도,가평군,마이다스밸리청평 골프클럽,3489,가평 2023_10.csv,레저스포츠,육상레저스포츠
가평,2023,10,2023-10,16,경기도,가평군,아침고요가족동물원,3444,가평 2023_10.csv,문화관광,테마공원
가평,2023,10,2023-10,17,경기도,가평군,경기도잣향기푸른숲,3440,가평 2023_10.csv,자연관광,자연공원
가평,2023,10,2023-10,18,경기도,가평군,자라섬꽃페스타,3122,가평 2023_10.csv,문화관광,기타문화관광지
가평,2023,10,2023-10,19,경기도,가평군,현리시외버스터미널,2357,가평 2023_10.csv,기타관광,교통시설
가평,2023,10,2023-10,20,경기도,가평군,에델바이스스위스테마파크,1909,가평 2023_10.csv,문화관광,테마공원
가평,2023,10,2023-10,21,경기도,가평군,강촌레일파크가평역,1809,가평 2023_10.csv,레저스포츠,기타레저스포츠
가평,2023,10,2023-10,22,경기도,가평군,가평시외버스터미널,1587,가평 2023_10.csv,기타관광,교통시설
가평,2023,10,2023-10,23,경기도,가평군,호명호수,1209,가평 2023_10.csv,자연관광,자연경관(하천/해양)
가평,2023,10,2023-10,24,경기도,가평군,청평시외버스터미널,1187,가평 2023_10.csv,기타관광,교통시설
가평,2023,10,2023-10,25,경기도,가평군,산장관광지,1001,가평 2023_10.csv,문화관광,복합관광시설
가평,2023,10,2023-10,26,경기도,가평군,피노키오와다빈치,964,가평 2023_10.csv,문화관광,복합관광시설
가평,2023,10,2023-10,27,경기도,가평군,청평호반드라이브코스,871,가평 2023_10.csv,기타관광,데이트코스
가평,2023,10,2023-10,28,경기도,가평군,가평파크골프장,862,가평 2023_10.csv,레저스포츠,육상레저스포츠
가평,2023,10,2023-10,29,경기도,가평군,상천역,853,가평 2023_10.csv,기타관광,교통시설
가평,2023,10,2023-10,30,경기도,가평군,음악역1939,787,가평 2023_10.csv,문화관광,기타문화관광지
가평,2023,10,2023-10,31,경기도,가평군,K26잠수풀,762,가평 2023_10.csv,레저스포츠,수상레저스포츠
가평,2023,10,2023-10,32,경기도,가평군,현등사,752,가평 2023_10.csv,역사관광,종교성지
가평,2023,10,2023-10,33,경기도,가평군,청평자연휴양림,751,가평 2023_10.csv,자연관광,자연공원
가평,2023,10,2023-10,34,경기도,가평군,청심평화월드센터,746,가평 2023_10.csv,문화관광,공연시설
가평,2023,10,2023-10,35,경기도,가평군,가평별빛공원,717,가평 2023_10.csv,문화관광,도시공원
가평,2023,10,2023-10,36,경기도,가평군,남도꽃정원,708,가평 2023_10.csv,문화관광,도시공원
가평,2023,10,2023-10,37,경기도,가평군,운악산출렁다리,681,가평 2023_10.csv,기타관광,기타관광
가평,2023,10,2023-10,38,경기도,가평군,호명호수공원,642,가평 2023_10.csv,문화관광,도시공원
가평,2023,10,2023-10,39,경기도,가평군,설악시외버스터미널,609,가평 2023_10.csv,기타관광,교통시설
가평,2023,10,2023-10,40,경기도,가평군,연인산명품계곡길,546,가평 2023_10.csv,레저스포츠,기타레저스포츠
가평,2023,10,2023-10,41,경기도,가평군,꿈의동산,535,가평 2023_10.csv,문화관광,복합관광시설
가평,2023,10,2023-10,42,경기도,가평군,청평호,523,가평 2023_10.csv,자연관광,자연경관(하천/해양)
가평,2023,10,2023-10,43,경기도,가평군,잣고을전통시장,508,가평 2023_10.csv,쇼핑,시장
가평,2023,10,2023-10,44,경기도,가평군,가평무브베이스볼파크,499,가평 2023_10.csv,문화관광,레저스포츠시설
가평,2023,10,2023-10,45,경기도,가평군,칼봉산자연휴양림,470,가평 2023_10.csv,자연관광,자연공원
가평,2023,10,2023-10,46,경기도,가평군,더스테이힐링파크링스파3골프장,441,가평 2023_10.csv,레저스포츠,육상레저스포츠
가평,2023,10,2023-10,47,경기도,가평군,한국초콜릿연구소뮤지엄,433,가평 2023_10.csv,문화관광,전시시설
가평,2023,10,2023-10,48,경기도,가평군,강씨봉자연휴양림,432,가평 2023_10.csv,자연관광,자연공원
가평,2023,10,2023-10,49,경기도,가평군,자라섬재즈페스티벌,431,가평 2023_10.csv,문화관광,기타문화관광지
가평,2023,10,2023-10,50,경기도,가평군,용추계곡,416,가평 2023_10.csv,자연관광,자연경관(산)
가평,2023,10,2023-10,51,경기도,가평군,청심국제청소년수련원,388,가평 2023_10.csv,레저스포츠,육상레저스포츠
가평,2023,10,2023-10,52,경기도,가평군,가평브릿지짚라인,372,가평 2023_10.csv,레저스포츠,기타레저스포츠
가평,2023,10,2023-10,53,경기도,가평군,가평군어린이음악놀이터,317,가평 2023_10.csv,문화관광,테마공원
가평,2023,10,2023-10,54,경기도,가평군,백련사,314,가평 2023_10.csv,역사관광,종교성지
가평,2023,10,2023-10,55,경기도,가평군,녹수계곡,306,가평 2023_10.csv,자연관광,자연경관(산)
가평,2023,10,2023-10,56,경기도,가평군,가평TOP랜드,265,가평 2023_10.csv,레저스포츠,수상레저스포츠
가평,2023,10,2023-10,56,경기도,가평군,대성리국민관광지,265,가평 2023_10.csv,문화관광,복합관광시설
가평,2023,10,2023-10,58,경기도,가평군,가평리틀야구장,251,가평 2023_10.csv,문화관광,레저스포츠시설
가평,2023,10,2023-10,59,경기도,가평군,스카이라인짚와이어,244,가평 2023_10.csv,문화관광,복합관광시설
가평,2023,10,2023-10,60,경기도,가평군,호명산드라이브코스,235,가평 2023_10.csv,기타관광,데이트코스
가평,2023,10,2023-10,61,경기도,가평군,청평5일시장,233,가평 2023_10.csv,쇼핑,시장
가평,2023,10,2023-10,62,경기도,가평군,유명산,229,가평 2023_10.csv,자연관광,자연경관(산)
가평,2023,10,2023-10,63,경기도,가평군,가평수목원,228,가평 2023_10.csv,자연관광,자연공원
가평,2023,10,2023-10,64,경기도,가평군,캠프통포레스트,224,가평 2023_10.csv,레저스포츠,수상레저스포츠
가평,2023,10,2023-10,65,경기도,가평군,경기도잣향기푸른숲안내매표소,220,가평 2023_10.csv,기타관광,기타관광
가평,2023,10,2023-10,66,경기도,가평군,캠프통아일랜드,212,가평 2023_10.csv,레저스포츠,수상레저스포츠
가평,2023,10,2023-10,67,경기도,가평군,말리부수상레저,207,가평 2023_10.csv,레저스포츠,기타레저스포츠
가평,2023,10,2023-10,68,경기도,가평군,청평생활체육공원,203,가평 2023_10.csv,문화관광,도시공원
가평,2023,10,2023-10,69,경기도,가평군,자라섬생태공원,192,가평 2023_10.csv,문화관광,도시공원
가평,2023,10,2023-10,70,경기도,가평군,탑코리아수상레저,182,가평 2023_10.csv,레저스포츠,수상레저스포츠
가평,2023,10,2023-10,70,경기도,가평군,해별달사과,182,가평 2023_10.csv,체험관광,농/산/어촌체험
가평,2023,10,2023-10,72,경기도,가평군,가일미술관,181,가평 2023_10.csv,문화관광,전시시설
가평,2023,10,2023-10,73,경기도,가평군,천정궁박물관,177,가평 2023_10.csv,문화관광,전시시설
가평,2023,10,2023-10,74,경기도,가평군,어비계곡,175,가평 2023_10.csv,자연관광,자연경관(산)
가평,2023,10,2023-10,74,경기도,가평군,대원사,175,가평 2023_10.csv,역사관광,종교성지
가평,2023,10,2023-10,76,경기도,가평군,W홀스랜드,159,가평 2023_10.csv,레저스포츠,육상레저스포츠
가평,2023,10,2023-10,77,경기도,가평군,화악산,156,가평 2023_10.csv,자연관광,자연경관(산)
가평,2023,10,2023-10,77,경기도,가평군,목동버스터미널,156,가평 2023_10.csv,기타관광,교통시설
가평,2023,10,2023-10,79,경기도,가평군,도장골낚시터,154,가평 2023_10.csv,레저스포츠,수상레저스포츠
가평,2023,10,2023-10,79,경기도,가평군,물의나라유원지,154,가평 2023_10.csv,문화관광,복합관광시설
가평,2023,10,2023-10,81,경기도,가평군,가평축령산잣나무숲,152,가평 2023_10.csv,자연관광,자연공원
가평,2023,10,2023-10,82,경기도,가평군,이화원,146,가평 2023_10.csv,문화관광,도시공원
가평,2023,10,2023-10,83,경기도,가평군,리버랜드번지점프장,135,가평 2023_10.csv,레저스포츠,육상레저스포츠
가평,2023,10,2023-10,84,경기도,가평군,연인산,132,가평 2023_10.csv,자연관광,자연경관(산)
가평,2023,10,2023-10,84,경기도,가평군,연인산도립공원탐방안내소,132,가평 2023_10.csv,기타관광,기타관광
가평,2023,10,2023-10,86,경기도,가평군,트니트니어드벤처,129,가평 2023_10.csv,문화관광,테마공원
가평,2023,10,2023-10,87,경기도,가평군,자연과별천문대,128,가평 2023_10.csv,기타관광,기타관광
가평,2023,10,2023-10,88,경기도,가평군,가평정기5일시장,118,가평 2023_10.csv,쇼핑,시장
가평,2023,10,2023-10,88,경기도,가평군,맨하탄수상레져,118,가평 2023_10.csv,레저스포츠,수상레저스포츠
가평,2023,10,2023-10,90,경기도,가평군,가평레져카트장,117,가평 2023_10.csv,레저스포츠,기타레저스포츠
가평,2023,10,2023-10,91,경기도,가평군,청평유원지,111,가평 2023_10.csv,문화관광,복합관광시설
가평,2023,10,2023-10,92,경기도,가평군,설악5일장,106,가평 2023_10.csv,쇼핑,시장
가평,2023,10,2023-10,93,경기도,가평군,씨브이리조트,105,가평 2023_10.csv,레저스포츠,수상레저스포츠
가평,2023,10,2023-10,94,경기도,가평군,가평베고니아새정원,101,가평 2023_10.csv,문화관광,테마공원
가평,2023,10,2023-10,94,경기도,가평군,포세이돈,101,가평 2023_10.csv,레저스포츠,수상레저스포츠
가평,2023,10,2023-10,96,경기도,가평군,북면생활체육공원,98,가평 2023_10.csv,문화관광,도시공원
가평,2023,10,2023-10,96,경기도,가평군,용소폭포,98,가평 2023_10.csv,자연관광,자연경관(산)
가평,2023,10,2023-10,98,경기도,가평군,청평호수길,95,가평 2023_10.csv,기타관광,기타관광
가평,2023,10,2023-10,99,경기도,가평군,청춘역1979,94,가평 2023_10.csv,문화관광,도시공원
가평,2023,10,2023-10,100,경기도,가평군,아루바수상레저,93,가평 2023_10.csv,레저스포츠,기타레저스포츠
가평,2023,10,2023-10,101,경기도,가평군,HJ매그놀리아멋집,92,가평 2023_10.csv,문화관광,기타문화관광지
가평,2023,10,2023-10,101,경기도,가평군,버드마리나수상레저,92,가평 2023_10.csv,레저스포츠,기타레저스포츠
가평,2023,10,2023-10,101,경기도,가평군,가평낚시터,92,가평 2023_10.csv,레저스포츠,수상레저스포츠
가평,2023,10,2023-10,104,경기도,가평군,수영인의마을,90,가평 2023_10.csv,레저스포츠,수상레저스포츠
가평,2023,10,2023-10,105,경기도,가평군,백팔유원지,88,가평 2023_10.csv,문화관광,복합관광시설
가평,2023,10,2023-10,106,경기도,가평군,토마토레저파크,82,가평 2023_10.csv,레저스포츠,기타레저스포츠
가평,2023,10,2023-10,106,경기도,가평군,청평워터피아,82,가평 2023_10.csv,레저스포츠,수상레저스포츠
가평,2023,10,2023-10,108,경기도,가평군,희망축구전용구장,79,가평 2023_10.csv,문화관광,레저스포츠시설
가평,2023,10,2023-10,109,경기도,가평군,달마공원관음사,78,가평 2023_10.csv,역사관광,종교성지
가평,2023,10,2023-10,109,경기도,가평군,명지산생태전시관,78,가평 2023_10.csv,문화관광,전시시설
가평,2023,10,2023-10,111,경기도,가평군,조종생활체육공원,77,가평 2023_10.csv,문화관광,도시공원
가평,2023,10,2023-10,112,경기도,가평군,자라섬워터파크,76,가평 2023_10.csv,문화관광,테마공원
가평,2023,10,2023-10,113,경기도,가평군,명지계곡,75,가평 2023_10.csv,자연관광,자연경관(산)
가평,2023,10,2023-10,114,경기도,가평군,남송미술관,74,가평 2023_10.csv,문화관광,전시시설
가평,2023,10,2023-10,115,경기도,가평군,가평역레져,73,가평 2023_10.csv,레저스포츠,기타레저스포츠
가평,2023,10,2023-10,116,경기도,가평군,이정웅스페이스,71,가평 2023_10.csv,문화관광,전시시설
가평,2023,10,2023-10,117,경기도,가평군,조종시네마,70,가평 2023_10.csv,문화관광,공연시설
가평,2023,10,2023-10,118,경기도,가평군,취옹예술관,69,가평 2023_10.csv,문화관광,전시시설
가평,2023,10,2023-10,118,경기도,가평군,르푸앙수상레져,69,가평 2023_10.csv,레저스포츠,수상레저스포츠
가평,2023,10,2023-10,120,경기도,가평군,가평뮤직빌리지1939시네마,66,가평 2023_10.csv,문화관광,공연시설
가평,2023,10,2023-10,121,경기도,가평군,설악생활체육공원,64,가평 2023_10.csv,문화관광,도시공원
가평,2023,10,2023-10,121,경기도,가평군,아침고요수목원국화전시회,64,가평 2023_10.csv,문화관광,기타문화관광지
가평,2023,10,2023-10,121,경기도,가평군,엘혜윰의정원,64,가평 2023_10.csv,레저스포츠,육상레저스포츠
가평,2023,10,2023-10,124,경기도,가평군,물조은빠지,63,가평 2023_10.csv,레저스포츠,수상레저스포츠
가평,2023,10,2023-10,124,경기도,가평군,삼원수상레저,63,가평 2023_10.csv,레저스포츠,기타레저스포츠
가평,2023,10,2023-10,126,경기도,가평군,마린컴퍼니클럽,60,가평 2023_10.csv,레저스포츠,수상레저스포츠
가평,2023,10,2023-10,126,경기도,가평군,웨이크베이리조트,60,가평 2023_10.csv,레저스포츠,기타레저스포츠
가평,2023,10,2023-10,128,경기도,가평군,산유낚시터,59,가평 2023_10.csv,레저스포츠,수상레저스포츠
가평,2023,10,2023-10,129,경기도,가평군,대성수상레저,54,가평 2023_10.csv,레저스포츠,수상레저스포츠
가평,2023,10,2023-10,130,경기도,가평군,설악낚시터,52,가평 2023_10.csv,레저스포츠,수상레저스포츠
가평,2023,10,2023-10,131,경기도,가평군,상천낚시터,47,가평 2023_10.csv,레저스포츠,수상레저스포츠
가평,2023,10,2023-10,131,경기도,가평군,썸머타임수상레저,47,가평 2023_10.csv,레저스포츠,수상레저스포츠
가평,2023,10,2023-10,131,경기도,가평군,현리유원지,47,가평 2023_10.csv,문화관광,복합관광시설
가평,2023,10,2023-10,134,경기도,가평군,운악산성불사,46,가평 2023_10.csv,역사관광,종교성지
가평,2023,10,2023-10,134,경기도,가평군,북배산흑염소농장,46,가평 2023_10.csv,체험관광,농/산/어촌체험
가평,2023,10,2023-10,134,경기도,가평군,호명산,46,가평 2023_10.csv,자연관광,자연경관(산)
가평,2023,10,2023-10,137,경기도,가평군,신청평대교야구장,45,가평 2023_10.csv,문화관광,레저스포츠시설
가평,2023,10,2023-10,137,경기도,가평군,폭포낚시,45,가평 2023_10.csv,레저스포츠,수상레저스포츠
가평,2023,10,2023-10,139,경기도,가평군,산림생태문화체험단지,44,가평 2023_10.csv,기타관광,기타관광
가평,2023,10,2023-10,140,경기도,가평군,중미산,43,가평 2023_10.csv,자연관광,자연경관(산)
가평,2023,10,2023-10,140,경기도,가평군,자라섬리버마켓,43,가평 2023_10.csv,쇼핑,시장
가평,2023,10,2023-10,142,경기도,가평군,수풀로삼회리,42,가평 2023_10.csv,문화관광,도시공원
가평,2023,10,2023-10,143,경기도,가평군,노랑다리미술관,41,가평 2023_10.csv,문화관광,전시시설
가평,2023,10,2023-10,144,경기도,가평군,청평유원지,40,가평 2023_10.csv,문화관광,복합관광시설
가평,2023,10,2023-10,145,경기도,가평군,청정낚시터,38,가평 2023_10.csv,레저스포츠,수상레저스포츠
가평,2023,10,2023-10,146,경기도,가평군,황금사과농원,37,가평 2023_10.csv,체험관광,농/산/어촌체험
가평,2023,10,2023-10,146,경기도,가평군,운악산가평현등사방면,37,가평 2023_10.csv,자연관광,자연경관(산)
가평,2023,10,2023-10,148,경기도,가평군,상천루,36,가평 2023_10.csv,문화관광,도시공원
가평,2023,10,2023-10,149,경기도,가평군,서프앤,35,가평 2023_10.csv,레저스포츠,수상레저스포츠
가평,2023,10,2023-10,149,경기도,가평군,연인산용추구곡방면,35,가평 2023_10.csv,자연관광,자연경관(산)
가평,2023,10,2023-10,151,경기도,가평군,운악산관음사,34,가평 2023_10.csv,역사관광,종교성지
가평,2023,10,2023-10,152,경기도,가평군,현리계곡,33,가평 2023_10.csv,자연관광,자연경관(산)
가평,2023,10,2023-10,152,경기도,가평군,더스테이힐링파크와일드가든,33,가평 2023_10.csv,문화관광,도시공원
가평,2023,10,2023-10,152,경기도,가평군,헤이븐,33,가평 2023_10.csv,레저스포츠,수상레저스포츠
가평,2023,10,2023-10,155,경기도,가평군,설악생활체육공원축구장,32,가평 2023_10.csv,문화관광,레저스포츠시설
가평,2023,10,2023-10,155,경기도,가평군,청평첫집,32,가평 2023_10.csv,레저스포츠,수상레저스포츠
가평,2023,10,2023-10,155,경기도,가평군,가평에덴벚꽃길,32,가평 2023_10.csv,기타관광,기타관광
가평,2023,10,2023-10,158,경기도,가평군,상면생활체육공원,31,가평 2023_10.csv,문화관광,도시공원
가평,2023,10,2023-10,159,경기도,가평군,가마소유원지,30,가평 2023_10.csv,문화관광,복합관광시설
가평,2023,10,2023-10,159,경기도,가평군,소풍레저,30,가평 2023_10.csv,레저스포츠,수상레저스포츠
가평,2023,10,2023-10,161,경기도,가평군,조무락계곡,29,가평 2023_10.csv,자연관광,자연경관(산)
가평,2023,10,2023-10,161,경기도,가평군,청평암,29,가평 2023_10.csv,역사관광,종교성지
가평,2023,10,2023-10,163,경기도,가평군,도대리용소폭포,28,가평 2023_10.csv,자연관광,자연경관(산)
가평,2023,10,2023-10,163,경기도,가평군,설미재미술관,28,가평 2023_10.csv,문화관광,전시시설
가평,2023,10,2023-10,165,경기도,가평군,클럽이글스수상레저,27,가평 2023_10.csv,레저스포츠,기타레저스포츠
가평,2023,10,2023-10,166,경기도,가평군,삼회리벚꽃길,26,가평 2023_10.csv,기타관광,데이트코스
가평,2023,10,2023-10,166,경기도,가평군,선어치,26,가평 2023_10.csv,자연관광,자연경관(산)
가평,2023,10,2023-10,168,경기도,가평군,가평현리5일장,25,가평 2023_10.csv,쇼핑,시장
가평,2023,10,2023-10,169,경기도,가평군,조종천계곡,24,가평 2023_10.csv,자연관광,자연경관(산)
가평,2023,10,2023-10,169,경기도,가평군,보납정,24,가평 2023_10.csv,레저스포츠,육상레저스포츠
가평,2023,10,2023-10,169,경기도,가평군,하이수상레저,24,가평 2023_10.csv,레저스포츠,수상레저스포츠
가평,2023,10,2023-10,172,경기도,가평군,팀더블유,23,가평 2023_10.csv,레저스포츠,기타레저스포츠
가평,2023,10,2023-10,172,경기도,가평군,아침고요수목원들국화전시회,23,가평 2023_10.csv,문화관광,기타문화관광지
가평,2023,10,2023-10,172,경기도,가평군,에덴야구장,23,가평 2023_10.csv,문화관광,레저스포츠시설
가평,2023,10,2023-10,172,경기도,가평군,상락향수도원,23,가평 2023_10.csv,역사관광,종교성지
가평,2023,10,2023-10,176,경기도,가평군,청평페리유람선,22,가평 2023_10.csv,기타관광,교통시설
가평,2023,10,2023-10,176,경기도,가평군,금개울유원지,22,가평 2023_10.csv,문화관광,복합관광시설
가평,2023,10,2023-10,178,경기도,가평군,유풍농원,21,가평 2023_10.csv,체험관광,농/산/어촌체험
가평,2023,10,2023-10,178,경기도,가평군,경기둘레길가평19코스,21,가평 2023_10.csv,레저스포츠,기타레저스포츠
가평,2023,10,2023-10,178,경기도,가평군,가평사계절썰매장,21,가평 2023_10.csv,레저스포츠,육상레저스포츠
가평,2023,10,2023-10,178,경기도,가평군,성운사,21,가평 2023_10.csv,역사관광,종교성지
가평,2023,10,2023-10,182,경기도,가평군,초이수상레저,20,가평 2023_10.csv,레저스포츠,수상레저스포츠
가평,2023,10,2023-10,182,경기도,가평군,현등사계곡,20,가평 2023_10.csv,자연관광,자연경관(산)
가평,2023,10,2023-10,182,경기도,가평군,아토믹워터파크,20,가평 2023_10.csv,문화관광,테마공원
가평,2023,10,2023-10,185,경기도,가평군,청평산장유원지,19,가평 2023_10.csv,문화관광,복합관광시설
가평,2023,10,2023-10,186,경기도,가평군,보광사,18,가평 2023_10.csv,역사관광,종교성지
가평,2023,10,2023-10,186,경기도,가평군,자라섬테마파크물놀이장 휴장,18,가평 2023_10.csv,문화관광,테마공원
가평,2023,10,2023-10,188,경기도,가평군,바하마수상레포츠,17,가평 2023_10.csv,레저스포츠,수상레저스포츠
가평,2023,10,2023-10,189,경기도,가평군,성주사,16,가평 2023_10.csv,역사관광,종교성지
가평,2023,10,2023-10,190,경기도,가평군,이지수상레져,15,가평 2023_10.csv,레저스포츠,기타레저스포츠
가평,2023,10,2023-10,190,경기도,가평군,빠져수상레저,15,가평 2023_10.csv,레저스포츠,수상레저스포츠
가평,2023,10,2023-10,190,경기도,가평군,오페라하우스수상레저,15,가평 2023_10.csv,레저스포츠,수상레저스포츠
가평,2023,10,2023-10,190,경기도,가평군,불기고개,15,가평 2023_10.csv,자연관광,자연경관(산)
가평,2023,10,2023-10,194,경기도,가평군,가평철길공원,14,가평 2023_10.csv,문화관광,도시공원
가평,2023,10,2023-10,194,경기도,가평군,운악산용수사,14,가평 2023_10.csv,역사관광,종교성지
가평,2023,10,2023-10,194,경기도,가평군,바르도수상레저,14,가평 2023_10.csv,레저스포츠,수상레저스포츠
가평,2023,10,2023-10,194,경기도,가평군,자이언트수상레저리조트,14,가평 2023_10.csv,레저스포츠,수상레저스포츠
가평,2023,10,2023-10,194,경기도,가평군,영안청소년수련원,14,가평 2023_10.csv,레저스포츠,육상레저스포츠
가평,2023,10,2023-10,194,경기도,가평군,가평군 상면 조가터마을,14,가평 2023_10.csv,문화관광,도시/지역문화관광
가평,2023,10,2023-10,200,경기도,가평군,클럽미사수상레저,13,가평 2023_10.csv,레저스포츠,수상레저스포츠
가평,2023,10,2023-10,200,경기도,가평군,연인산명품계곡길출렁다리,13,가평 2023_10.csv,기타관광,기타관광
가평,2023,10,2023-10,200,경기도,가평군,가평빠지클럽비발디,13,가평 2023_10.csv,레저스포츠,수상레저스포츠
가평,2023,10,2023-10,200,경기도,가평군,두밀리낚시터,13,가평 2023_10.csv,레저스포츠,수상레저스포츠
가평,2023,10,2023-10,200,경기도,가평군,뉴돌고래수상레저,13,가평 2023_10.csv,레저스포츠,수상레저스포츠
가평,2023,10,2023-10,205,경기도,가평군,호국연호사,12,가평 2023_10.csv,역사관광,종교성지
가평,2023,10,2023-10,205,경기도,가평군,레인보우수상레저,12,가평 2023_10.csv,레저스포츠,수상레저스포츠
가평,2023,10,2023-10,205,경기도,가평군,청평스포랜드번지점프장,12,가평 2023_10.csv,레저스포츠,육상레저스포츠
가평,2023,10,2023-10,205,경기도,가평군,상천저수지,12,가평 2023_10.csv,자연관광,자연경관(하천/해양)
가평,2023,10,2023-10,205,경기도,가평군,버드나무유원지,12,가평 2023_10.csv,문화관광,복합관광시설
가평,2023,10,2023-10,205,경기도,가평군,이화여자대학교수목원,12,가평 2023_10.csv,레저스포츠,육상레저스포츠
가평,2023,10,2023-10,205,경기도,가평군,가평빠지이비자수상레저,12,가평 2023_10.csv,레저스포츠,수상레저스포츠
가평,2023,10,2023-10,212,경기도,가평군,청룡사,11,가평 2023_10.csv,역사관광,종교성지
가평,2023,10,2023-10,212,경기도,가평군,마린랜드,11,가평 2023_10.csv,레저스포츠,수상레저스포츠
가평,2023,10,2023-10,212,경기도,가평군,운악산반길이포도원,11,가평 2023_10.csv,체험관광,농/산/어촌체험
가평,2023,10,2023-10,212,경기도,가평군,인터렉티브아트뮤지엄,11,가평 2023_10.csv,문화관광,전시시설
가평,2023,10,2023-10,216,경기도,가평군,유명산계곡,10,가평 2023_10.csv,자연관광,자연경관(산)
가평,2023,10,2023-10,217,경기도,가평군,색현터널,9,가평 2023_10.csv,기타관광,기타관광
가평,2023,10,2023-10,217,경기도,가평군,이천보고가,9,가평 2023_10.csv,역사관광,역사유적지
가평,2023,10,2023-10,217,경기도,가평군,연인산촌농원,9,가평 2023_10.csv,체험관광,농/산/어촌체험
가평,2023,10,2023-10,220,경기도,가평군,무아레풀무아레,8,가평 2023_10.csv,문화관광,테마공원
가평,2023,10,2023-10,220,경기도,가평군,그린수상레져,8,가평 2023_10.csv,레저스포츠,수상레저스포츠
가평,2023,10,2023-10,220,경기도,가평군,귀목계곡,8,가평 2023_10.csv,자연관광,자연경관(산)
가평,2023,10,2023-10,220,경기도,가평군,크리스월드수상레저,8,가평 2023_10.csv,레저스포츠,수상레저스포츠
가평,2023,10,2023-10,224,경기도,가평군,유명산휴양림관리소,7,가평 2023_10.csv,자연관광,자연공원
가평,2023,10,2023-10,224,경기도,가평군,일지안호범미술관,7,가평 2023_10.csv,문화관광,전시시설
가평,2023,10,2023-10,224,경기도,가평군,무주채폭포,7,가평 2023_10.csv,자연관광,자연경관(산)
가평,2023,10,2023-10,224,경기도,가평군,크라운수상레저,7,가평 2023_10.csv,레저스포츠,수상레저스포츠
가평,2023,10,2023-10,224,경기도,가평군,아마란스리조트,7,가평 2023_10.csv,레저스포츠,수상레저스포츠
가평,2023,10,2023-10,224,경기도,가평군,바우유원지,7,가평 2023_10.csv,문화관광,복합관광시설
가평,2023,10,2023-10,224,경기도,가평군,보납산전망대,7,가평 2023_10.csv,문화관광,랜드마크관광
가평,2023,10,2023-10,224,경기도,가평군,태은사,7,가평 2023_10.csv,역사관광,종교성지
가평,2023,10,2023-10,224,경기도,가평군,가평하늘커피농장,7,가평 2023_10.csv,체험관광,농/산/어촌체험
가평,2023,10,2023-10,224,경기도,가평군,홍적고개,7,가평 2023_10.csv,자연관광,자연경관(산)
가평,2023,10,2023-10,224,경기도,가평군,에덴벚꽃길,7,가평 2023_10.csv,레저스포츠,기타레저스포츠
가평,2023,10,2023-10,224,경기도,가평군,가평열기구,7,가평 2023_10.csv,레저스포츠,기타레저스포츠
가평,2023,10,2023-10,224,경기도,가평군,스마일수상레저,7,가평 2023_10.csv,레저스포츠,수상레저스포츠
가평,2023,10,2023-10,237,경기도,가평군,청평계곡,6,가평 2023_10.csv,자연관광,자연경관(산)
가평,2023,10,2023-10,237,경기도,가평군,라인수상레저,6,가평 2023_10.csv,레저스포츠,수상레저스포츠
가평,2023,10,2023-10,237,경기도,가평군,가평현암농경박물관,6,가평 2023_10.csv,문화관광,전시시설
가평,2023,10,2023-10,237,경기도,가평군,디어웨이브,6,가평 2023_10.csv,레저스포츠,수상레저스포츠
가평,2023,10,2023-10,237,경기도,가평군,양진나루선착장,6,가평 2023_10.csv,기타관광,교통시설
가평,2023,10,2023-10,237,경기도,가평군,관음사,6,가평 2023_10.csv,역사관광,종교성지
가평,2023,10,2023-10,237,경기도,가평군,청평리버랜드수상레저,6,가평 2023_10.csv,문화관광,복합관광시설
가평,2023,10,2023-10,237,경기도,가평군,밤골유원지,6,가평 2023_10.csv,문화관광,복합관광시설
가평,2023,10,2023-10,237,경기도,가평군,축령사,6,가평 2023_10.csv,역사관광,종교성지
가평,2023,10,2023-10,237,경기도,가평군,용추계곡유원지,6,가평 2023_10.csv,문화관광,복합관광시설
가평,2023,10,2023-10,237,경기도,가평군,루시아수상레저,6,가평 2023_10.csv,레저스포츠,수상레저스포츠
가평,2023,10,2023-10,237,경기도,가평군,클럽펀,6,가평 2023_10.csv,레저스포츠,수상레저스포츠
가평,2023,10,2023-10,237,경기도,가평군,청평생태공원,6,가평 2023_10.csv,문화관광,도시공원
가평,2023,10,2023-10,237,경기도,가평군,행복축구전용구장,6,가평 2023_10.csv,문화관광,레저스포츠시설
가평,2023,10,2023-10,237,경기도,가평군,울업산,6,가평 2023_10.csv,자연관광,자연경관(산)
가평,2023,10,2023-10,237,경기도,가평군,김중식미술관,6,가평 2023_10.csv,문화관광,전시시설
가평,2023,10,2023-10,253,경기도,가평군,유명산자생식물원,5,가평 2023_10.csv,문화관광,테마공원
가평,2023,10,2023-10,253,경기도,가평군,어거스트수상레저,5,가평 2023_10.csv,레저스포츠,수상레저스포츠
가평,2023,10,2023-10,253,경기도,가평군,화악계곡,5,가평 2023_10.csv,자연관광,자연경관(산)
가평,2023,10,2023-10,253,경기도,가평군,유스토리청소년수련원,5,가평 2023_10.csv,레저스포츠,육상레저스포츠
가평,2023,10,2023-10,253,경기도,가평군,북한강유원지,5,가평 2023_10.csv,문화관광,복합관광시설
가평,2023,10,2023-10,253,경기도,가평군,썸머드림,5,가평 2023_10.csv,레저스포츠,수상레저스포츠
가평,2023,10,2023-10,253,경기도,가평군,가람농원,5,가평 2023_10.csv,체험관광,농/산/어촌체험
가평,2023,10,2023-10,260,경기도,가평군,아이언수상레저,4,가평 2023_10.csv,레저스포츠,기타레저스포츠
가평,2023,10,2023-10,260,경기도,가평군,킹웨이크서프스쿨,4,가평 2023_10.csv,레저스포츠,수상레저스포츠
가평,2023,10,2023-10,260,경기도,가평군,은행나무낚시공원,4,가평 2023_10.csv,레저스포츠,수상레저스포츠
가평,2023,10,2023-10,260,경기도,가평군,보타사,4,가평 2023_10.csv,역사관광,종교성지
가평,2023,10,2023-10,260,경기도,가평군,승천사,4,가평 2023_10.csv,역사관광,종교성지
가평,2023,10,2023-10,260,경기도,가평군,이정구선생묘,4,가평 2023_10.csv,역사관광,역사유적지
가평,2023,10,2023-10,260,경기도,가평군,밤나무골유원지,4,가평 2023_10.csv,문화관광,복합관광시설
가평,2023,10,2023-10,260,경기도,가평군,곡달산,4,가평 2023_10.csv,자연관광,자연경관(산)
가평,2023,10,2023-10,260,경기도,가평군,K2수상레져,4,가평 2023_10.csv,레저스포츠,수상레저스포츠
가평,2023,10,2023-10,260,경기도,가평군,수동목장,4,가평 2023_10.csv,체험관광,농/산/어촌체험
가평,2023,10,2023-10,260,경기도,가평군,중미산유원지,4,가평 2023_10.csv,문화관광,복합관광시설
가평,2023,10,2023-10,260,경기도,가평군,자라섬테마파크,4,가평 2023_10.csv,레저스포츠,수상레저스포츠
가평,2023,10,2023-10,260,경기도,가평군,점프노리경기가평점,4,가평 2023_10.csv,문화관광,테마공원
가평,2023,10,2023-10,260,경기도,가평군,욜로수상레저,4,가평 2023_10.csv,레저스포츠,수상레저스포츠
가평,2023,10,2023-10,260,경기도,가평군,미국한국전쟁참전기념비,4,가평 2023_10.csv,역사관광,역사유물
가평,2023,10,2023-10,275,경기도,가평군,가평군관공선선착장,3,가평 2023_10.csv,기타관광,교통시설
가평,2023,10,2023-10,275,경기도,가평군,대성리벚꽃길,3,가평 2023_10.csv,기타관광,기타관광
가평,2023,10,2023-10,275,경기도,가평군,대성리국민관광지관광안내소,3,가평 2023_10.csv,기타관광,기타관광
가평,2023,10,2023-10,275,경기도,가평군,가평레저파크,3,가평 2023_10.csv,레저스포츠,기타레저스포츠
가평,2023,10,2023-10,275,경기도,가평군,샛자리스튜디오,3,가평 2023_10.csv,문화관광,기타문화관광지
가평,2023,10,2023-10,275,경기도,가평군,산림복합체험센터,3,가평 2023_10.csv,문화관광,기타문화관광지
가평,2023,10,2023-10,275,경기도,가평군,몰디브수상레저,3,가평 2023_10.csv,레저스포츠,수상레저스포츠
가평,2023,10,2023-10,275,경기도,가평군,베니스수상레저,3,가평 2023_10.csv,레저스포츠,수상레저스포츠
가평,2023,10,2023-10,275,경기도,가평군,이방실장군묘,3,가평 2023_10.csv,역사관광,역사유적지
가평,2023,10,2023-10,275,경기도,가평군,도솔천사,3,가평 2023_10.csv,역사관광,종교성지
가평,2023,10,2023-10,275,경기도,가평군,북한강레저클럽,3,가평 2023_10.csv,레저스포츠,기타레저스포츠
가평,2023,10,2023-10,275,경기도,가평군,청오사,3,가평 2023_10.csv,역사관광,종교성지
가평,2023,10,2023-10,275,경기도,가평군,1호농원,3,가평 2023_10.csv,체험관광,농/산/어촌체험
가평,2023,10,2023-10,275,경기도,가평군,레저캠프,3,가평 2023_10.csv,레저스포츠,기타레저스포츠
가평,2023,10,2023-10,275,경기도,가평군,청평캠프,3,가평 2023_10.csv,레저스포츠,기타레저스포츠
가평,2023,10,2023-10,275,경기도,가평군,용문산전투가평지구전적비,3,가평 2023_10.csv,역사관광,역사유물
가평,2023,10,2023-10,275,경기도,가평군,경반계곡,3,가평 2023_10.csv,자연관광,자연경관(산)
가평,2023,10,2023-10,275,경기도,가평군,가림미술관,3,가평 2023_10.csv,문화관광,전시시설
가평,2023,10,2023-10,275,경기도,가평군,사이클테마공원,3,가평 2023_10.csv,문화관광,도시공원
가평,2023,10,2023-10,275,경기도,가평군,극락정사,3,가평 2023_10.csv,역사관광,종교성지
가평,2023,10,2023-10,275,경기도,가평군,가평향교,3,가평 2023_10.csv,역사관광,역사유적지
가평,2023,10,2023-10,275,경기도,가평군,수림농원,3,가평 2023_10.csv,체험관광,농/산/어촌체험
가평,2023,10,2023-10,275,경기도,가평군,가평약수터,3,가평 2023_10.csv,자연관광,자연경관(산)
가평,2023,10,2023-10,275,경기도,가평군,향원사,3,가평 2023_10.csv,역사관광,종교성지
가평,2023,10,2023-10,275,경기도,가평군,대성사,3,가평 2023_10.csv,역사관광,종교성지
가평,2023,10,2023-10,275,경기도,가평군,운곡암,3,가평 2023_10.csv,역사관광,종교성지
가평,2023,10,2023-10,275,경기도,가평군,약수유원지,3,가평 2023_10.csv,문화관광,복합관광시설
가평,2023,10,2023-10,275,경기도,가평군,탐선계곡유원지,3,가평 2023_10.csv,문화관광,복합관광시설
가평,2023,10,2023-10,275,경기도,가평군,하천리체육공원,3,가평 2023_10.csv,문화관광,도시공원
가평,2023,10,2023-10,275,경기도,가평군,모험의시작,3,가평 2023_10.csv,레저스포츠,수상레저스포츠
가평,2023,10,2023-10,275,경기도,가평군,산속의사과,3,가평 2023_10.csv,체험관광,농/산/어촌체험
가평,2023,10,2023-10,275,경기도,가평군,호수유원지,3,가평 2023_10.csv,문화관광,복합관광시설
가평,2023,10,2023-10,275,경기도,가평군,중봉,3,가평 2023_10.csv,자연관광,자연경관(산)
가평,2023,10,2023-10,275,경기도,가평군,흥국사,3,가평 2023_10.csv,역사관광,종교성지
가평,2023,10,2023-10,275,경기도,가평군,가평 수상레저 바이킹 빠지,3,가평 2023_10.csv,레저스포츠,수상레저스포츠
가평,2023,10,2023-10,275,경기도,가평군,모비딕수상레저,3,가평 2023_10.csv,레저스포츠,수상레저스포츠
가평,2023,10,2023-10,275,경기도,가평군,선경농원,3,가평 2023_10.csv,체험관광,농/산/어촌체험
가평,2023,10,2023-10,275,경기도,가평군,대성리계곡,3,가평 2023_10.csv,자연관광,자연경관(산)
가평,2023,10,2023-10,275,경기도,가평군,유명산한들농원,3,가평 2023_10.csv,체험관광,농/산/어촌체험
가평,2023,10,2023-10,275,경기도,가평군,명지산농원,3,가평 2023_10.csv,체험관광,농/산/어촌체험
가평,2023,10,2023-10,275,경기도,가평군,대성석가사,3,가평 2023_10.csv,역사관광,종교성지
가평,2023,10,2023-10,275,경기도,가평군,꿈의동산놀이공원안보전시관,3,가평 2023_10.csv,문화관광,전시시설
가평,2023,11,2023-11,1,경기도,가평군,남이섬선착장,11935,가평 2023_11.csv,기타관광,교통시설
가평,2023,11,2023-11,2,경기도,가평군,아침고요수목원,8407,가평 2023_11.csv,문화관광,테마공원
가평,2023,11,2023-11,3,경기도,가평군,아난티코드골프클럽,5733,가평 2023_11.csv,레저스포츠,육상레저스포츠
가평,2023,11,2023-11,4,경기도,가평군,청평역,5338,가평 2023_11.csv,기타관광,교통시설
가평,2023,11,2023-11,5,경기도,가평군,썬힐GC,5076,가평 2023_11.csv,레저스포츠,육상레저스포츠
가평,2023,11,2023-11,6,경기도,가평군,가평베네스트GC,4512,가평 2023_11.csv,레저스포츠,육상레저스포츠
가평,2023,11,2023-11,7,경기도,가평군,리앤리CC,4120,가평 2023_11.csv,레저스포츠,육상레저스포츠
가평,2023,11,2023-11,8,경기도,가평군,베뉴지CC,4119,가평 2023_11.csv,레저스포츠,육상레저스포츠
가평,2023,11,2023-11,9,경기도,가평군,프리스틴밸리GC,4066,가평 2023_11.csv,레저스포츠,육상레저스포츠
가평,2023,11,2023-11,10,경기도,가평군,크리스탈밸리CC,3915,가평 2023_11.csv,레저스포츠,육상레저스포츠
가평,2023,11,2023-11,11,경기도,가평군,쁘띠프랑스,3412,가평 2023_11.csv,문화관광,복합관광시설
가평,2023,11,2023-11,12,경기도,가평군,대성리역,3022,가평 2023_11.csv,기타관광,교통시설
가평,2023,11,2023-11,13,경기도,가평군,마이다스밸리청평 골프클럽,2632,가평 2023_11.csv,레저스포츠,육상레저스포츠
가평,2023,11,2023-11,14,경기도,가평군,자라섬,2385,가평 2023_11.csv,자연관광,자연경관(하천/해양)
가평,2023,11,2023-11,15,경기도,가평군,현리시외버스터미널,2134,가평 2023_11.csv,기타관광,교통시설
가평,2023,11,2023-11,16,경기도,가평군,유명산자연휴양림,2115,가평 2023_11.csv,자연관광,자연공원
가평,2023,11,2023-11,17,경기도,가평군,아침고요가족동물원,1488,가평 2023_11.csv,문화관광,테마공원
가평,2023,11,2023-11,18,경기도,가평군,경기도잣향기푸른숲,1423,가평 2023_11.csv,자연관광,자연공원
가평,2023,11,2023-11,19,경기도,가평군,가평시외버스터미널,1390,가평 2023_11.csv,기타관광,교통시설
가평,2023,11,2023-11,20,경기도,가평군,청평시외버스터미널,1000,가평 2023_11.csv,기타관광,교통시설
가평,2023,11,2023-11,21,경기도,가평군,에델바이스스위스테마파크,824,가평 2023_11.csv,문화관광,테마공원
가평,2023,11,2023-11,22,경기도,가평군,강촌레일파크가평역,818,가평 2023_11.csv,레저스포츠,기타레저스포츠
가평,2023,11,2023-11,23,경기도,가평군,K26잠수풀,789,가평 2023_11.csv,레저스포츠,수상레저스포츠
가평,2023,11,2023-11,24,경기도,가평군,호명호수,683,가평 2023_11.csv,자연관광,자연경관(하천/해양)
가평,2023,11,2023-11,25,경기도,가평군,상천역,671,가평 2023_11.csv,기타관광,교통시설
가평,2023,11,2023-11,26,경기도,가평군,가평파크골프장,669,가평 2023_11.csv,레저스포츠,육상레저스포츠
가평,2023,11,2023-11,27,경기도,가평군,가평베고니아새정원,606,가평 2023_11.csv,문화관광,테마공원
가평,2023,11,2023-11,28,경기도,가평군,음악역1939,604,가평 2023_11.csv,문화관광,기타문화관광지
가평,2023,11,2023-11,29,경기도,가평군,청평호반드라이브코스,574,가평 2023_11.csv,기타관광,데이트코스
가평,2023,11,2023-11,30,경기도,가평군,산장관광지,530,가평 2023_11.csv,문화관광,복합관광시설
가평,2023,11,2023-11,31,경기도,가평군,청평자연휴양림,505,가평 2023_11.csv,자연관광,자연공원
가평,2023,11,2023-11,32,경기도,가평군,가평별빛공원,494,가평 2023_11.csv,문화관광,도시공원
가평,2023,11,2023-11,33,경기도,가평군,한국초콜릿연구소뮤지엄,493,가평 2023_11.csv,문화관광,전시시설
가평,2023,11,2023-11,34,경기도,가평군,설악시외버스터미널,488,가평 2023_11.csv,기타관광,교통시설
가평,2023,11,2023-11,35,경기도,가평군,피노키오와다빈치,428,가평 2023_11.csv,문화관광,복합관광시설
가평,2023,11,2023-11,36,경기도,가평군,현등사,424,가평 2023_11.csv,역사관광,종교성지
가평,2023,11,2023-11,37,경기도,가평군,칼봉산자연휴양림,381,가평 2023_11.csv,자연관광,자연공원
가평,2023,11,2023-11,38,경기도,가평군,가평군어린이음악놀이터,369,가평 2023_11.csv,문화관광,테마공원
가평,2023,11,2023-11,39,경기도,가평군,강씨봉자연휴양림,364,가평 2023_11.csv,자연관광,자연공원
가평,2023,11,2023-11,40,경기도,가평군,잣고을전통시장,356,가평 2023_11.csv,쇼핑,시장
가평,2023,11,2023-11,41,경기도,가평군,청심평화월드센터,351,가평 2023_11.csv,문화관광,공연시설
가평,2023,11,2023-11,42,경기도,가평군,운악산출렁다리,346,가평 2023_11.csv,기타관광,기타관광
가평,2023,11,2023-11,42,경기도,가평군,호명호수공원,346,가평 2023_11.csv,문화관광,도시공원
가평,2023,11,2023-11,44,경기도,가평군,백련사,318,가평 2023_11.csv,역사관광,종교성지
가평,2023,11,2023-11,45,경기도,가평군,청심국제청소년수련원,270,가평 2023_11.csv,레저스포츠,육상레저스포츠
가평,2023,11,2023-11,46,경기도,가평군,청평호,265,가평 2023_11.csv,자연관광,자연경관(하천/해양)
가평,2023,11,2023-11,47,경기도,가평군,조종생활체육공원,263,가평 2023_11.csv,문화관광,도시공원
가평,2023,11,2023-11,48,경기도,가평군,중앙내수면연구소벚꽃길,255,가평 2023_11.csv,기타관광,기타관광
가평,2023,11,2023-11,49,경기도,가평군,꿈의동산,178,가평 2023_11.csv,문화관광,복합관광시설
가평,2023,11,2023-11,49,경기도,가평군,캠프통포레스트,178,가평 2023_11.csv,레저스포츠,수상레저스포츠
가평,2023,11,2023-11,51,경기도,가평군,천정궁박물관,174,가평 2023_11.csv,문화관광,전시시설
가평,2023,11,2023-11,52,경기도,가평군,이화원,171,가평 2023_11.csv,문화관광,도시공원
가평,2023,11,2023-11,53,경기도,가평군,더스테이힐링파크링스파3골프장,154,가평 2023_11.csv,레저스포츠,육상레저스포츠
가평,2023,11,2023-11,54,경기도,가평군,호명산드라이브코스,152,가평 2023_11.csv,기타관광,데이트코스
가평,2023,11,2023-11,55,경기도,가평군,목동버스터미널,151,가평 2023_11.csv,기타관광,교통시설
가평,2023,11,2023-11,56,경기도,가평군,W홀스랜드,150,가평 2023_11.csv,레저스포츠,육상레저스포츠
가평,2023,11,2023-11,57,경기도,가평군,캠프통아일랜드,147,가평 2023_11.csv,레저스포츠,수상레저스포츠
가평,2023,11,2023-11,58,경기도,가평군,자라섬꽃페스타,138,가평 2023_11.csv,문화관광,기타문화관광지
가평,2023,11,2023-11,59,경기도,가평군,가평브릿지짚라인,134,가평 2023_11.csv,레저스포츠,기타레저스포츠
가평,2023,11,2023-11,60,경기도,가평군,남도꽃정원,124,가평 2023_11.csv,문화관광,도시공원
가평,2023,11,2023-11,61,경기도,가평군,가일미술관,122,가평 2023_11.csv,문화관광,전시시설
가평,2023,11,2023-11,61,경기도,가평군,연인산명품계곡길,122,가평 2023_11.csv,레저스포츠,기타레저스포츠
가평,2023,11,2023-11,63,경기도,가평군,용추계곡,120,가평 2023_11.csv,자연관광,자연경관(산)
가평,2023,11,2023-11,64,경기도,가평군,대성리국민관광지,119,가평 2023_11.csv,문화관광,복합관광시설
가평,2023,11,2023-11,65,경기도,가평군,청평5일시장,115,가평 2023_11.csv,쇼핑,시장
가평,2023,11,2023-11,66,경기도,가평군,대원사,99,가평 2023_11.csv,역사관광,종교성지
가평,2023,11,2023-11,67,경기도,가평군,가평TOP랜드,98,가평 2023_11.csv,레저스포츠,수상레저스포츠
가평,2023,11,2023-11,68,경기도,가평군,유명산,97,가평 2023_11.csv,자연관광,자연경관(산)
가평,2023,11,2023-11,69,경기도,가평군,설악5일장,95,가평 2023_11.csv,쇼핑,시장
가평,2023,11,2023-11,69,경기도,가평군,녹수계곡,95,가평 2023_11.csv,자연관광,자연경관(산)
가평,2023,11,2023-11,71,경기도,가평군,가평수목원,82,가평 2023_11.csv,자연관광,자연공원
가평,2023,11,2023-11,72,경기도,가평군,트니트니어드벤처,81,가평 2023_11.csv,문화관광,테마공원
가평,2023,11,2023-11,72,경기도,가평군,가평정기5일시장,81,가평 2023_11.csv,쇼핑,시장
가평,2023,11,2023-11,74,경기도,가평군,청평생활체육공원,78,가평 2023_11.csv,문화관광,도시공원
가평,2023,11,2023-11,75,경기도,가평군,스카이라인짚와이어,77,가평 2023_11.csv,문화관광,복합관광시설
가평,2023,11,2023-11,75,경기도,가평군,가평낚시터,77,가평 2023_11.csv,레저스포츠,수상레저스포츠
가평,2023,11,2023-11,77,경기도,가평군,어비계곡,75,가평 2023_11.csv,자연관광,자연경관(산)
가평,2023,11,2023-11,78,경기도,가평군,경기도잣향기푸른숲안내매표소,69,가평 2023_11.csv,기타관광,기타관광
가평,2023,11,2023-11,78,경기도,가평군,연인산도립공원탐방안내소,69,가평 2023_11.csv,기타관광,기타관광
가평,2023,11,2023-11,80,경기도,가평군,물의나라유원지,67,가평 2023_11.csv,문화관광,복합관광시설
가평,2023,11,2023-11,81,경기도,가평군,가평뮤직빌리지1939시네마,64,가평 2023_11.csv,문화관광,공연시설
가평,2023,11,2023-11,82,경기도,가평군,리버랜드번지점프장,63,가평 2023_11.csv,레저스포츠,육상레저스포츠
가평,2023,11,2023-11,83,경기도,가평군,자연과별천문대,62,가평 2023_11.csv,기타관광,기타관광
가평,2023,11,2023-11,84,경기도,가평군,초이수상레저,61,가평 2023_11.csv,레저스포츠,수상레저스포츠
가평,2023,11,2023-11,85,경기도,가평군,자라섬생태공원,60,가평 2023_11.csv,문화관광,도시공원
가평,2023,11,2023-11,86,경기도,가평군,청평호수길,58,가평 2023_11.csv,기타관광,기타관광
가평,2023,11,2023-11,87,경기도,가평군,명지산생태전시관,53,가평 2023_11.csv,문화관광,전시시설
가평,2023,11,2023-11,88,경기도,가평군,조종시네마,51,가평 2023_11.csv,문화관광,공연시설
가평,2023,11,2023-11,88,경기도,가평군,달마공원관음사,51,가평 2023_11.csv,역사관광,종교성지
가평,2023,11,2023-11,88,경기도,가평군,포세이돈,51,가평 2023_11.csv,레저스포츠,수상레저스포츠
가평,2023,11,2023-11,91,경기도,가평군,가평레져카트장,49,가평 2023_11.csv,레저스포츠,기타레저스포츠
가평,2023,11,2023-11,91,경기도,가평군,이정웅스페이스,49,가평 2023_11.csv,문화관광,전시시설
가평,2023,11,2023-11,93,경기도,가평군,설악낚시터,48,가평 2023_11.csv,레저스포츠,수상레저스포츠
가평,2023,11,2023-11,93,경기도,가평군,연인산,48,가평 2023_11.csv,자연관광,자연경관(산)
가평,2023,11,2023-11,95,경기도,가평군,노랑다리미술관,47,가평 2023_11.csv,문화관광,전시시설
가평,2023,11,2023-11,95,경기도,가평군,산림생태문화체험단지,47,가평 2023_11.csv,기타관광,기타관광
가평,2023,11,2023-11,97,경기도,가평군,청평유원지,45,가평 2023_11.csv,문화관광,복합관광시설
가평,2023,11,2023-11,97,경기도,가평군,운악산성불사,45,가평 2023_11.csv,역사관광,종교성지
가평,2023,11,2023-11,99,경기도,가평군,백팔유원지,43,가평 2023_11.csv,문화관광,복합관광시설
가평,2023,11,2023-11,100,경기도,가평군,크리스월드수상레저,42,가평 2023_11.csv,레저스포츠,수상레저스포츠
가평,2023,11,2023-11,101,경기도,가평군,도장골낚시터,40,가평 2023_11.csv,레저스포츠,수상레저스포츠
가평,2023,11,2023-11,102,경기도,가평군,북배산흑염소농장,39,가평 2023_11.csv,체험관광,농/산/어촌체험
가평,2023,11,2023-11,103,경기도,가평군,남송미술관,38,가평 2023_11.csv,문화관광,전시시설
가평,2023,11,2023-11,104,경기도,가평군,가평무브베이스볼파크,37,가평 2023_11.csv,문화관광,레저스포츠시설
가평,2023,11,2023-11,105,경기도,가평군,용소폭포,35,가평 2023_11.csv,자연관광,자연경관(산)
가평,2023,11,2023-11,106,경기도,가평군,수영인의마을,34,가평 2023_11.csv,레저스포츠,수상레저스포츠
가평,2023,11,2023-11,106,경기도,가평군,가평축령산잣나무숲,34,가평 2023_11.csv,자연관광,자연공원
가평,2023,11,2023-11,106,경기도,가평군,아침고요수목원국화전시회,34,가평 2023_11.csv,문화관광,기타문화관광지
가평,2023,11,2023-11,109,경기도,가평군,청평워터피아,33,가평 2023_11.csv,레저스포츠,수상레저스포츠
가평,2023,11,2023-11,110,경기도,가평군,중미산,32,가평 2023_11.csv,자연관광,자연경관(산)
가평,2023,11,2023-11,111,경기도,가평군,HJ매그놀리아멋집,31,가평 2023_11.csv,문화관광,기타문화관광지
가평,2023,11,2023-11,111,경기도,가평군,토마토레저파크,31,가평 2023_11.csv,레저스포츠,기타레저스포츠
가평,2023,11,2023-11,111,경기도,가평군,호명산,31,가평 2023_11.csv,자연관광,자연경관(산)
가평,2023,11,2023-11,114,경기도,가평군,해별달사과,30,가평 2023_11.csv,체험관광,농/산/어촌체험
가평,2023,11,2023-11,115,경기도,가평군,가평현리5일장,29,가평 2023_11.csv,쇼핑,시장
가평,2023,11,2023-11,115,경기도,가평군,탑코리아수상레저,29,가평 2023_11.csv,레저스포츠,수상레저스포츠
가평,2023,11,2023-11,117,경기도,가평군,가마소유원지,28,가평 2023_11.csv,문화관광,복합관광시설
가평,2023,11,2023-11,117,경기도,가평군,희망축구전용구장,28,가평 2023_11.csv,문화관광,레저스포츠시설
가평,2023,11,2023-11,119,경기도,가평군,에덴야구장,27,가평 2023_11.csv,문화관광,레저스포츠시설
가평,2023,11,2023-11,119,경기도,가평군,조종생활체육공원축구장,27,가평 2023_11.csv,문화관광,레저스포츠시설
가평,2023,11,2023-11,121,경기도,가평군,설악생활체육공원,26,가평 2023_11.csv,문화관광,도시공원
가평,2023,11,2023-11,121,경기도,가평군,청평암,26,가평 2023_11.csv,역사관광,종교성지
가평,2023,11,2023-11,123,경기도,가평군,축령사,23,가평 2023_11.csv,역사관광,종교성지
가평,2023,11,2023-11,124,경기도,가평군,서프앤,21,가평 2023_11.csv,레저스포츠,수상레저스포츠
가평,2023,11,2023-11,125,경기도,가평군,설악생활체육공원축구장,20,가평 2023_11.csv,문화관광,레저스포츠시설
가평,2023,11,2023-11,126,경기도,가평군,북면생활체육공원,19,가평 2023_11.csv,문화관광,도시공원
가평,2023,11,2023-11,126,경기도,가평군,웨이크베이리조트,19,가평 2023_11.csv,레저스포츠,기타레저스포츠
가평,2023,11,2023-11,126,경기도,가평군,화악산,19,가평 2023_11.csv,자연관광,자연경관(산)
가평,2023,11,2023-11,126,경기도,가평군,가평역레져,19,가평 2023_11.csv,레저스포츠,기타레저스포츠
가평,2023,11,2023-11,130,경기도,가평군,버드마리나수상레저,18,가평 2023_11.csv,레저스포츠,기타레저스포츠
가평,2023,11,2023-11,130,경기도,가평군,신청평대교야구장,18,가평 2023_11.csv,문화관광,레저스포츠시설
가평,2023,11,2023-11,130,경기도,가평군,가평하늘커피농장,18,가평 2023_11.csv,체험관광,농/산/어촌체험
가평,2023,11,2023-11,130,경기도,가평군,현리유원지,18,가평 2023_11.csv,문화관광,복합관광시설
가평,2023,11,2023-11,134,경기도,가평군,상천낚시터,17,가평 2023_11.csv,레저스포츠,수상레저스포츠
가평,2023,11,2023-11,135,경기도,가평군,호국연호사,16,가평 2023_11.csv,역사관광,종교성지
가평,2023,11,2023-11,136,경기도,가평군,운악산용수사,15,가평 2023_11.csv,역사관광,종교성지
가평,2023,11,2023-11,136,경기도,가평군,청춘역1979,15,가평 2023_11.csv,문화관광,도시공원
가평,2023,11,2023-11,136,경기도,가평군,취옹예술관,15,가평 2023_11.csv,문화관광,전시시설
가평,2023,11,2023-11,139,경기도,가평군,상천루,14,가평 2023_11.csv,문화관광,도시공원
가평,2023,11,2023-11,139,경기도,가평군,연인산용추구곡방면,14,가평 2023_11.csv,자연관광,자연경관(산)
가평,2023,11,2023-11,139,경기도,가평군,행복축구전용구장,14,가평 2023_11.csv,문화관광,레저스포츠시설
가평,2023,11,2023-11,142,경기도,가평군,삼회리벚꽃길,13,가평 2023_11.csv,기타관광,데이트코스
가평,2023,11,2023-11,142,경기도,가평군,소풍레저,13,가평 2023_11.csv,레저스포츠,수상레저스포츠
가평,2023,11,2023-11,144,경기도,가평군,하천리체육공원,12,가평 2023_11.csv,문화관광,도시공원
가평,2023,11,2023-11,144,경기도,가평군,가람농원,12,가평 2023_11.csv,체험관광,농/산/어촌체험
가평,2023,11,2023-11,146,경기도,가평군,빠져수상레저,11,가평 2023_11.csv,레저스포츠,수상레저스포츠
가평,2023,11,2023-11,146,경기도,가평군,그린수상레져,11,가평 2023_11.csv,레저스포츠,수상레저스포츠
가평,2023,11,2023-11,146,경기도,가평군,운악산가평현등사방면,11,가평 2023_11.csv,자연관광,자연경관(산)
가평,2023,11,2023-11,146,경기도,가평군,두밀리낚시터,11,가평 2023_11.csv,레저스포츠,수상레저스포츠
가평,2023,11,2023-11,146,경기도,가평군,가평에덴벚꽃길,11,가평 2023_11.csv,기타관광,기타관광
가평,2023,11,2023-11,151,경기도,가평군,유풍농원,10,가평 2023_11.csv,체험관광,농/산/어촌체험
가평,2023,11,2023-11,151,경기도,가평군,디어웨이브,10,가평 2023_11.csv,레저스포츠,수상레저스포츠
가평,2023,11,2023-11,151,경기도,가평군,청평페리유람선,10,가평 2023_11.csv,기타관광,교통시설
가평,2023,11,2023-11,151,경기도,가평군,설미재미술관,10,가평 2023_11.csv,문화관광,전시시설
가평,2023,11,2023-11,151,경기도,가평군,명지계곡,10,가평 2023_11.csv,자연관광,자연경관(산)
가평,2023,11,2023-11,151,경기도,가평군,상면생활체육공원,10,가평 2023_11.csv,문화관광,도시공원
가평,2023,11,2023-11,157,경기도,가평군,현리계곡,9,가평 2023_11.csv,자연관광,자연경관(산)
가평,2023,11,2023-11,157,경기도,가평군,귀목계곡,9,가평 2023_11.csv,자연관광,자연경관(산)
가평,2023,11,2023-11,157,경기도,가평군,상천저수지,9,가평 2023_11.csv,자연관광,자연경관(하천/해양)
가평,2023,11,2023-11,157,경기도,가평군,산유낚시터,9,가평 2023_11.csv,레저스포츠,수상레저스포츠
가평,2023,11,2023-11,157,경기도,가평군,상락향수도원,9,가평 2023_11.csv,역사관광,종교성지
가평,2023,11,2023-11,157,경기도,가평군,엘혜윰의정원,9,가평 2023_11.csv,레저스포츠,육상레저스포츠
가평,2023,11,2023-11,163,경기도,가평군,자이언트수상레저리조트,8,가평 2023_11.csv,레저스포츠,수상레저스포츠
가평,2023,11,2023-11,163,경기도,가평군,유명산계곡,8,가평 2023_11.csv,자연관광,자연경관(산)
가평,2023,11,2023-11,163,경기도,가평군,호주전투기념비,8,가평 2023_11.csv,역사관광,역사유물
가평,2023,11,2023-11,163,경기도,가평군,청정낚시터,8,가평 2023_11.csv,레저스포츠,수상레저스포츠
가평,2023,11,2023-11,167,경기도,가평군,가평군관공선선착장,7,가평 2023_11.csv,기타관광,교통시설
가평,2023,11,2023-11,167,경기도,가평군,청평유원지,7,가평 2023_11.csv,문화관광,복합관광시설
가평,2023,11,2023-11,167,경기도,가평군,청룡사,7,가평 2023_11.csv,역사관광,종교성지
가평,2023,11,2023-11,167,경기도,가평군,극락정사,7,가평 2023_11.csv,역사관광,종교성지
가평,2023,11,2023-11,167,경기도,가평군,바우유원지,7,가평 2023_11.csv,문화관광,복합관광시설
가평,2023,11,2023-11,167,경기도,가평군,적목리신앙공동체유적지,7,가평 2023_11.csv,역사관광,역사유적지
가평,2023,11,2023-11,167,경기도,가평군,보납산전망대,7,가평 2023_11.csv,문화관광,랜드마크관광
가평,2023,11,2023-11,167,경기도,가평군,가평리틀야구장,7,가평 2023_11.csv,문화관광,레저스포츠시설
가평,2023,11,2023-11,175,경기도,가평군,팀더블유,6,가평 2023_11.csv,레저스포츠,기타레저스포츠
가평,2023,11,2023-11,175,경기도,가평군,바르도수상레저,6,가평 2023_11.csv,레저스포츠,수상레저스포츠
가평,2023,11,2023-11,175,경기도,가평군,경기둘레길가평19코스,6,가평 2023_11.csv,레저스포츠,기타레저스포츠
가평,2023,11,2023-11,175,경기도,가평군,가평빠지크리스월드수상레저,6,가평 2023_11.csv,레저스포츠,수상레저스포츠
가평,2023,11,2023-11,175,경기도,가평군,운악산관음사,6,가평 2023_11.csv,역사관광,종교성지
가평,2023,11,2023-11,175,경기도,가평군,유명산휴양림관리소,6,가평 2023_11.csv,자연관광,자연공원
가평,2023,11,2023-11,175,경기도,가평군,일지안호범미술관,6,가평 2023_11.csv,문화관광,전시시설
가평,2023,11,2023-11,175,경기도,가평군,삼원수상레저,6,가평 2023_11.csv,레저스포츠,기타레저스포츠
가평,2023,11,2023-11,175,경기도,가평군,썸머타임수상레저,6,가평 2023_11.csv,레저스포츠,수상레저스포츠
가평,2023,11,2023-11,175,경기도,가평군,마린랜드,6,가평 2023_11.csv,레저스포츠,수상레저스포츠
가평,2023,11,2023-11,175,경기도,가평군,SNG CLUB,6,가평 2023_11.csv,레저스포츠,수상레저스포츠
가평,2023,11,2023-11,175,경기도,가평군,청평첫집,6,가평 2023_11.csv,레저스포츠,수상레저스포츠
가평,2023,11,2023-11,175,경기도,가평군,사랑해체험마을,6,가평 2023_11.csv,레저스포츠,기타레저스포츠
가평,2023,11,2023-11,175,경기도,가평군,뉴돌고래수상레저,6,가평 2023_11.csv,레저스포츠,수상레저스포츠
가평,2023,11,2023-11,189,경기도,가평군,클럽모아나,5,가평 2023_11.csv,레저스포츠,수상레저스포츠
가평,2023,11,2023-11,189,경기도,가평군,승천사,5,가평 2023_11.csv,역사관광,종교성지
가평,2023,11,2023-11,189,경기도,가평군,바하마수상레포츠,5,가평 2023_11.csv,레저스포츠,수상레저스포츠
가평,2023,11,2023-11,189,경기도,가평군,버드나무유원지,5,가평 2023_11.csv,문화관광,복합관광시설
가평,2023,11,2023-11,193,경기도,가평군,색현터널,4,가평 2023_11.csv,기타관광,기타관광
가평,2023,11,2023-11,193,경기도,가평군,가평철길공원,4,가평 2023_11.csv,문화관광,도시공원
가평,2023,11,2023-11,193,경기도,가평군,클럽이글스수상레저,4,가평 2023_11.csv,레저스포츠,기타레저스포츠
가평,2023,11,2023-11,193,경기도,가평군,이정구선생묘,4,가평 2023_11.csv,역사관광,역사유적지
가평,2023,11,2023-11,193,경기도,가평군,수풀로삼회리,4,가평 2023_11.csv,문화관광,도시공원
가평,2023,11,2023-11,193,경기도,가평군,보광사,4,가평 2023_11.csv,역사관광,종교성지
가평,2023,11,2023-11,193,경기도,가평군,양지농원,4,가평 2023_11.csv,체험관광,농/산/어촌체험
가평,2023,11,2023-11,193,경기도,가평군,황룡뿌리,4,가평 2023_11.csv,체험관광,농/산/어촌체험
가평,2023,11,2023-11,193,경기도,가평군,평화유원지,4,가평 2023_11.csv,문화관광,복합관광시설
가평,2023,11,2023-11,193,경기도,가평군,백자동유원지,4,가평 2023_11.csv,문화관광,복합관광시설
가평,2023,11,2023-11,193,경기도,가평군,선어치,4,가평 2023_11.csv,자연관광,자연경관(산)
가평,2023,11,2023-11,193,경기도,가평군,인터렉티브아트뮤지엄,4,가평 2023_11.csv,문화관광,전시시설
가평,2023,11,2023-11,193,경기도,가평군,불기고개,4,가평 2023_11.csv,자연관광,자연경관(산)
가평,2023,11,2023-11,206,경기도,가평군,사그막농원,3,가평 2023_11.csv,체험관광,농/산/어촌체험
가평,2023,11,2023-11,206,경기도,가평군,청평계곡,3,가평 2023_11.csv,자연관광,자연경관(산)
가평,2023,11,2023-11,206,경기도,가평군,무아레풀무아레,3,가평 2023_11.csv,문화관광,테마공원
가평,2023,11,2023-11,206,경기도,가평군,유명산자생식물원,3,가평 2023_11.csv,문화관광,테마공원
가평,2023,11,2023-11,206,경기도,가평군,스프레드프리다이빙,3,가평 2023_11.csv,레저스포츠,수상레저스포츠
가평,2023,11,2023-11,206,경기도,가평군,몰디브수상레저,3,가평 2023_11.csv,레저스포츠,수상레저스포츠
가평,2023,11,2023-11,206,경기도,가평군,연인산명품계곡길출렁다리,3,가평 2023_11.csv,기타관광,기타관광
가평,2023,11,2023-11,206,경기도,가평군,가평하판리지진탑,3,가평 2023_11.csv,역사관광,역사유적지
가평,2023,11,2023-11,206,경기도,가평군,조무락계곡,3,가평 2023_11.csv,자연관광,자연경관(산)
가평,2023,11,2023-11,206,경기도,가평군,말리부수상레저,3,가평 2023_11.csv,레저스포츠,기타레저스포츠
가평,2023,11,2023-11,206,경기도,가평군,청오사,3,가평 2023_11.csv,역사관광,종교성지
가평,2023,11,2023-11,206,경기도,가평군,워터피아,3,가평 2023_11.csv,레저스포츠,기타레저스포츠
가평,2023,11,2023-11,206,경기도,가평군,레인보우수상레저,3,가평 2023_11.csv,레저스포츠,수상레저스포츠
가평,2023,11,2023-11,206,경기도,가평군,영연방참전기념비,3,가평 2023_11.csv,역사관광,역사유물
가평,2023,11,2023-11,206,경기도,가평군,캐나다전투기념비,3,가평 2023_11.csv,역사관광,역사유물
가평,2023,11,2023-11,206,경기도,가평군,조종천계곡,3,가평 2023_11.csv,자연관광,자연경관(산)
가평,2023,11,2023-11,206,경기도,가평군,가평빠지클럽비발디,3,가평 2023_11.csv,레저스포츠,수상레저스포츠
가평,2023,11,2023-11,206,경기도,가평군,경반계곡,3,가평 2023_11.csv,자연관광,자연경관(산)
가평,2023,11,2023-11,206,경기도,가평군,감로사,3,가평 2023_11.csv,역사관광,종교성지
가평,2023,11,2023-11,206,경기도,가평군,향원사,3,가평 2023_11.csv,역사관광,종교성지
가평,2023,11,2023-11,206,경기도,가평군,금강사,3,가평 2023_11.csv,역사관광,종교성지
가평,2023,11,2023-11,206,경기도,가평군,서호유원지,3,가평 2023_11.csv,문화관광,복합관광시설
가평,2023,11,2023-11,206,경기도,가평군,청평리버랜드수상레저,3,가평 2023_11.csv,문화관광,복합관광시설
가평,2023,11,2023-11,206,경기도,가평군,곡달산,3,가평 2023_11.csv,자연관광,자연경관(산)
가평,2023,11,2023-11,206,경기도,가평군,우리유원지,3,가평 2023_11.csv,문화관광,복합관광시설
가평,2023,11,2023-11,206,경기도,가평군,용추계곡유원지,3,가평 2023_11.csv,문화관광,복합관광시설
가평,2023,11,2023-11,206,경기도,가평군,모험의시작,3,가평 2023_11.csv,레저스포츠,수상레저스포츠
가평,2023,11,2023-11,206,경기도,가평군,주금산,3,가평 2023_11.csv,자연관광,자연경관(산)
가평,2023,11,2023-11,206,경기도,가평군,대성낚시터,3,가평 2023_11.csv,레저스포츠,수상레저스포츠
가평,2023,11,2023-11,206,경기도,가평군,청평자연유원지,3,가평 2023_11.csv,문화관광,복합관광시설
가평,2023,11,2023-11,206,경기도,가평군,중미산유원지,3,가평 2023_11.csv,문화관광,복합관광시설
가평,2023,11,2023-11,206,경기도,가평군,금개울유원지,3,가평 2023_11.csv,문화관광,복합관광시설
가평,2023,11,2023-11,206,경기도,가평군,태은사,3,가평 2023_11.csv,역사관광,종교성지
가평,2023,11,2023-11,206,경기도,가평군,본각사,3,가평 2023_11.csv,역사관광,종교성지
가평,2023,11,2023-11,206,경기도,가평군,가평군 상면 조가터마을,3,가평 2023_11.csv,문화관광,도시/지역문화관광
가평,2023,11,2023-11,206,경기도,가평군,더스테이힐링파크와일드가든,3,가평 2023_11.csv,문화관광,도시공원
가평,2023,11,2023-11,206,경기도,가평군,르푸앙수상레져,3,가평 2023_11.csv,레저스포츠,수상레저스포츠
가평,2023,11,2023-11,206,경기도,가평군,대성리계곡,3,가평 2023_11.csv,자연관광,자연경관(산)
가평,2023,11,2023-11,206,경기도,가평군,유명산한들농원,3,가평 2023_11.csv,체험관광,농/산/어촌체험
가평,2023,11,2023-11,206,경기도,가평군,청평생태공원,3,가평 2023_11.csv,문화관광,도시공원
가평,2023,11,2023-11,206,경기도,가평군,헤이븐,3,가평 2023_11.csv,레저스포츠,수상레저스포츠
가평,2023,11,2023-11,206,경기도,가평군,울업산,3,가평 2023_11.csv,자연관광,자연경관(산)
가평,2023,11,2023-11,206,경기도,가평군,미국한국전쟁참전기념비,3,가평 2023_11.csv,역사관광,역사유물
가평,2023,12,2023-12,1,경기도,가평군,아침고요수목원,9631,가평 2023_12.csv,문화관광,테마공원
가평,2023,12,2023-12,2,경기도,가평군,남이섬선착장,5934,가평 2023_12.csv,기타관광,교통시설
가평,2023,12,2023-12,3,경기도,가평군,청평역,4707,가평 2023_12.csv,기타관광,교통시설
가평,2023,12,2023-12,4,경기도,가평군,쁘띠프랑스,3399,가평 2023_12.csv,문화관광,복합관광시설
가평,2023,12,2023-12,5,경기도,가평군,대성리역,2491,가평 2023_12.csv,기타관광,교통시설
가평,2023,12,2023-12,6,경기도,가평군,아난티코드골프클럽,2243,가평 2023_12.csv,레저스포츠,육상레저스포츠
가평,2023,12,2023-12,7,경기도,가평군,현리시외버스터미널,1941,가평 2023_12.csv,기타관광,교통시설
가평,2023,12,2023-12,8,경기도,가평군,가평사계절썰매장,1485,가평 2023_12.csv,레저스포츠,육상레저스포츠
가평,2023,12,2023-12,9,경기도,가평군,크리스탈밸리CC,1466,가평 2023_12.csv,레저스포츠,육상레저스포츠
가평,2023,12,2023-12,10,경기도,가평군,유명산자연휴양림,1400,가평 2023_12.csv,자연관광,자연공원
가평,2023,12,2023-12,11,경기도,가평군,프리스틴밸리GC,1386,가평 2023_12.csv,레저스포츠,육상레저스포츠
가평,2023,12,2023-12,12,경기도,가평군,가평시외버스터미널,1280,가평 2023_12.csv,기타관광,교통시설
가평,2023,12,2023-12,13,경기도,가평군,아침고요가족동물원,1234,가평 2023_12.csv,문화관광,테마공원
가평,2023,12,2023-12,14,경기도,가평군,가평베네스트GC,1232,가평 2023_12.csv,레저스포츠,육상레저스포츠
가평,2023,12,2023-12,15,경기도,가평군,자라섬,1174,가평 2023_12.csv,자연관광,자연경관(하천/해양)
가평,2023,12,2023-12,16,경기도,가평군,썬힐GC,1153,가평 2023_12.csv,레저스포츠,육상레저스포츠
가평,2023,12,2023-12,17,경기도,가평군,베뉴지CC,1129,가평 2023_12.csv,레저스포츠,육상레저스포츠
가평,2023,12,2023-12,18,경기도,가평군,청평시외버스터미널,974,가평 2023_12.csv,기타관광,교통시설
가평,2023,12,2023-12,19,경기도,가평군,에델바이스스위스테마파크,963,가평 2023_12.csv,문화관광,테마공원
가평,2023,12,2023-12,20,경기도,가평군,마이다스밸리청평 골프클럽,784,가평 2023_12.csv,레저스포츠,육상레저스포츠
가평,2023,12,2023-12,21,경기도,가평군,경기도잣향기푸른숲,713,가평 2023_12.csv,자연관광,자연공원
가평,2023,12,2023-12,22,경기도,가평군,K26잠수풀,687,가평 2023_12.csv,레저스포츠,수상레저스포츠
가평,2023,12,2023-12,23,경기도,가평군,한국초콜릿연구소뮤지엄,628,가평 2023_12.csv,문화관광,전시시설
가평,2023,12,2023-12,24,경기도,가평군,상천역,544,가평 2023_12.csv,기타관광,교통시설
가평,2023,12,2023-12,25,경기도,가평군,리앤리CC,528,가평 2023_12.csv,레저스포츠,육상레저스포츠
가평,2023,12,2023-12,26,경기도,가평군,음악역1939,493,가평 2023_12.csv,문화관광,기타문화관광지
가평,2023,12,2023-12,27,경기도,가평군,가평군어린이음악놀이터,472,가평 2023_12.csv,문화관광,테마공원
가평,2023,12,2023-12,28,경기도,가평군,어비계곡,464,가평 2023_12.csv,자연관광,자연경관(산)
가평,2023,12,2023-12,29,경기도,가평군,산장관광지,446,가평 2023_12.csv,문화관광,복합관광시설
가평,2023,12,2023-12,30,경기도,가평군,청심평화월드센터,438,가평 2023_12.csv,문화관광,공연시설
가평,2023,12,2023-12,31,경기도,가평군,가평파크골프장,429,가평 2023_12.csv,레저스포츠,육상레저스포츠
가평,2023,12,2023-12,32,경기도,가평군,청평호반드라이브코스,425,가평 2023_12.csv,기타관광,데이트코스
가평,2023,12,2023-12,33,경기도,가평군,가평별빛공원,406,가평 2023_12.csv,문화관광,도시공원
가평,2023,12,2023-12,34,경기도,가평군,이화원,393,가평 2023_12.csv,문화관광,도시공원
가평,2023,12,2023-12,35,경기도,가평군,피노키오와다빈치,348,가평 2023_12.csv,문화관광,복합관광시설
가평,2023,12,2023-12,36,경기도,가평군,설악시외버스터미널,329,가평 2023_12.csv,기타관광,교통시설
가평,2023,12,2023-12,37,경기도,가평군,잣고을전통시장,327,가평 2023_12.csv,쇼핑,시장
가평,2023,12,2023-12,38,경기도,가평군,캠프통포레스트,320,가평 2023_12.csv,레저스포츠,수상레저스포츠
가평,2023,12,2023-12,39,경기도,가평군,강촌레일파크가평역,318,가평 2023_12.csv,레저스포츠,기타레저스포츠
가평,2023,12,2023-12,40,경기도,가평군,칼봉산자연휴양림,309,가평 2023_12.csv,자연관광,자연공원
가평,2023,12,2023-12,41,경기도,가평군,청평자연휴양림,306,가평 2023_12.csv,자연관광,자연공원
가평,2023,12,2023-12,42,경기도,가평군,캠프통아일랜드,299,가평 2023_12.csv,레저스포츠,수상레저스포츠
가평,2023,12,2023-12,43,경기도,가평군,아침고요수목원오색별빛정원전,298,가평 2023_12.csv,문화관광,기타문화관광지
가평,2023,12,2023-12,44,경기도,가평군,강씨봉자연휴양림,293,가평 2023_12.csv,자연관광,자연공원
가평,2023,12,2023-12,45,경기도,가평군,현등사,264,가평 2023_12.csv,역사관광,종교성지
가평,2023,12,2023-12,46,경기도,가평군,청평설빙송어빙어축제,210,가평 2023_12.csv,문화관광,기타문화관광지
가평,2023,12,2023-12,47,경기도,가평군,청심국제청소년수련원,206,가평 2023_12.csv,레저스포츠,육상레저스포츠
가평,2023,12,2023-12,48,경기도,가평군,백련사,180,가평 2023_12.csv,역사관광,종교성지
가평,2023,12,2023-12,49,경기도,가평군,운악산출렁다리,177,가평 2023_12.csv,기타관광,기타관광
가평,2023,12,2023-12,50,경기도,가평군,호명호수,172,가평 2023_12.csv,자연관광,자연경관(하천/해양)
가평,2023,12,2023-12,51,경기도,가평군,청평호,167,가평 2023_12.csv,자연관광,자연경관(하천/해양)
가평,2023,12,2023-12,52,경기도,가평군,가일미술관,144,가평 2023_12.csv,문화관광,전시시설
가평,2023,12,2023-12,53,경기도,가평군,W홀스랜드,142,가평 2023_12.csv,레저스포츠,육상레저스포츠
가평,2023,12,2023-12,54,경기도,가평군,천정궁박물관,139,가평 2023_12.csv,문화관광,전시시설
가평,2023,12,2023-12,54,경기도,가평군,대원사,139,가평 2023_12.csv,역사관광,종교성지
가평,2023,12,2023-12,56,경기도,가평군,꿈의동산,136,가평 2023_12.csv,문화관광,복합관광시설
가평,2023,12,2023-12,56,경기도,가평군,청평5일시장,136,가평 2023_12.csv,쇼핑,시장
가평,2023,12,2023-12,58,경기도,가평군,호명호수공원,131,가평 2023_12.csv,문화관광,도시공원
가평,2023,12,2023-12,59,경기도,가평군,가평뮤직빌리지1939시네마,125,가평 2023_12.csv,문화관광,공연시설
가평,2023,12,2023-12,60,경기도,가평군,조종시네마,98,가평 2023_12.csv,문화관광,공연시설
가평,2023,12,2023-12,61,경기도,가평군,트니트니어드벤처,94,가평 2023_12.csv,문화관광,테마공원
가평,2023,12,2023-12,62,경기도,가평군,대성리국민관광지,85,가평 2023_12.csv,문화관광,복합관광시설
가평,2023,12,2023-12,63,경기도,가평군,자연과별천문대,80,가평 2023_12.csv,기타관광,기타관광
가평,2023,12,2023-12,64,경기도,가평군,가평베고니아새정원휴장중(2024년02월01일개장예정),77,가평 2023_12.csv,문화관광,테마공원
가평,2023,12,2023-12,65,경기도,가평군,녹수계곡,68,가평 2023_12.csv,자연관광,자연경관(산)
가평,2023,12,2023-12,66,경기도,가평군,설악5일장,67,가평 2023_12.csv,쇼핑,시장
가평,2023,12,2023-12,66,경기도,가평군,목동버스터미널,67,가평 2023_12.csv,기타관광,교통시설
가평,2023,12,2023-12,68,경기도,가평군,운악산성불사,57,가평 2023_12.csv,역사관광,종교성지
가평,2023,12,2023-12,69,경기도,가평군,청평생활체육공원,53,가평 2023_12.csv,문화관광,도시공원
가평,2023,12,2023-12,69,경기도,가평군,청평유원지,53,가평 2023_12.csv,문화관광,복합관광시설
가평,2023,12,2023-12,71,경기도,가평군,설악낚시터,49,가평 2023_12.csv,레저스포츠,수상레저스포츠
가평,2023,12,2023-12,71,경기도,가평군,가평수목원,49,가평 2023_12.csv,자연관광,자연공원
가평,2023,12,2023-12,71,경기도,가평군,물의나라유원지,49,가평 2023_12.csv,문화관광,복합관광시설
가평,2023,12,2023-12,74,경기도,가평군,가마소유원지,46,가평 2023_12.csv,문화관광,복합관광시설
가평,2023,12,2023-12,75,경기도,가평군,가평TOP랜드,44,가평 2023_12.csv,레저스포츠,수상레저스포츠
가평,2023,12,2023-12,76,경기도,가평군,가평정기5일시장,43,가평 2023_12.csv,쇼핑,시장
가평,2023,12,2023-12,77,경기도,가평군,청평암,40,가평 2023_12.csv,역사관광,종교성지
가평,2023,12,2023-12,77,경기도,가평군,이정웅스페이스,40,가평 2023_12.csv,문화관광,전시시설
가평,2023,12,2023-12,79,경기도,가평군,용추계곡,38,가평 2023_12.csv,자연관광,자연경관(산)
가평,2023,12,2023-12,79,경기도,가평군,취옹예술관,38,가평 2023_12.csv,문화관광,전시시설
가평,2023,12,2023-12,79,경기도,가평군,호명산드라이브코스,38,가평 2023_12.csv,기타관광,데이트코스
가평,2023,12,2023-12,79,경기도,가평군,가평낚시터,38,가평 2023_12.csv,레저스포츠,수상레저스포츠
가평,2023,12,2023-12,83,경기도,가평군,포세이돈,37,가평 2023_12.csv,레저스포츠,수상레저스포츠
가평,2023,12,2023-12,84,경기도,가평군,리버랜드번지점프장,36,가평 2023_12.csv,레저스포츠,육상레저스포츠
가평,2023,12,2023-12,84,경기도,가평군,노랑다리미술관,36,가평 2023_12.csv,문화관광,전시시설
가평,2023,12,2023-12,86,경기도,가평군,유명산,34,가평 2023_12.csv,자연관광,자연경관(산)
가평,2023,12,2023-12,87,경기도,가평군,달마공원관음사,32,가평 2023_12.csv,역사관광,종교성지
가평,2023,12,2023-12,87,경기도,가평군,더스테이힐링파크링스파3골프장,32,가평 2023_12.csv,레저스포츠,육상레저스포츠
가평,2023,12,2023-12,89,경기도,가평군,명지산생태전시관,31,가평 2023_12.csv,문화관광,전시시설
가평,2023,12,2023-12,90,경기도,가평군,가평에덴벚꽃길,30,가평 2023_12.csv,기타관광,기타관광
가평,2023,12,2023-12,91,경기도,가평군,남도꽃정원,29,가평 2023_12.csv,문화관광,도시공원
가평,2023,12,2023-12,92,경기도,가평군,가평레져카트장,28,가평 2023_12.csv,레저스포츠,기타레저스포츠
가평,2023,12,2023-12,93,경기도,가평군,HJ매그놀리아멋집,27,가평 2023_12.csv,문화관광,기타문화관광지
가평,2023,12,2023-12,93,경기도,가평군,에덴야구장,27,가평 2023_12.csv,문화관광,레저스포츠시설
가평,2023,12,2023-12,95,경기도,가평군,초이수상레저,23,가평 2023_12.csv,레저스포츠,수상레저스포츠
가평,2023,12,2023-12,95,경기도,가평군,중미산,23,가평 2023_12.csv,자연관광,자연경관(산)
가평,2023,12,2023-12,95,경기도,가평군,청평얼음꽃송어축제,23,가평 2023_12.csv,문화관광,기타문화관광지
가평,2023,12,2023-12,95,경기도,가평군,상락향수도원,23,가평 2023_12.csv,역사관광,종교성지
가평,2023,12,2023-12,99,경기도,가평군,청평호수길,22,가평 2023_12.csv,기타관광,기타관광
가평,2023,12,2023-12,100,경기도,가평군,경기도잣향기푸른숲안내매표소,21,가평 2023_12.csv,기타관광,기타관광
가평,2023,12,2023-12,100,경기도,가평군,가평축령산잣나무숲,21,가평 2023_12.csv,자연관광,자연공원
가평,2023,12,2023-12,100,경기도,가평군,엘혜윰의정원,21,가평 2023_12.csv,레저스포츠,육상레저스포츠
가평,2023,12,2023-12,103,경기도,가평군,스카이라인짚와이어,20,가평 2023_12.csv,문화관광,복합관광시설
가평,2023,12,2023-12,103,경기도,가평군,남송미술관,20,가평 2023_12.csv,문화관광,전시시설
가평,2023,12,2023-12,105,경기도,가평군,자라섬생태공원,19,가평 2023_12.csv,문화관광,도시공원
가평,2023,12,2023-12,105,경기도,가평군,가평브릿지짚라인,19,가평 2023_12.csv,레저스포츠,기타레저스포츠
가평,2023,12,2023-12,107,경기도,가평군,가평현리5일장,17,가평 2023_12.csv,쇼핑,시장
가평,2023,12,2023-12,107,경기도,가평군,화악산,17,가평 2023_12.csv,자연관광,자연경관(산)
가평,2023,12,2023-12,107,경기도,가평군,선어치,17,가평 2023_12.csv,자연관광,자연경관(산)
가평,2023,12,2023-12,110,경기도,가평군,설미재미술관,16,가평 2023_12.csv,문화관광,전시시설
가평,2023,12,2023-12,110,경기도,가평군,북배산흑염소농장,16,가평 2023_12.csv,체험관광,농/산/어촌체험
가평,2023,12,2023-12,112,경기도,가평군,관음사,14,가평 2023_12.csv,역사관광,종교성지
가평,2023,12,2023-12,112,경기도,가평군,가평문화창작공간얼쑤공장,14,가평 2023_12.csv,문화관광,기타문화관광지
가평,2023,12,2023-12,114,경기도,가평군,운악산용수사,13,가평 2023_12.csv,역사관광,종교성지
가평,2023,12,2023-12,114,경기도,가평군,상천루,13,가평 2023_12.csv,문화관광,도시공원
가평,2023,12,2023-12,116,경기도,가평군,청룡사,12,가평 2023_12.csv,역사관광,종교성지
가평,2023,12,2023-12,116,경기도,가평군,바우유원지,12,가평 2023_12.csv,문화관광,복합관광시설
가평,2023,12,2023-12,116,경기도,가평군,에덴벚꽃길,12,가평 2023_12.csv,레저스포츠,기타레저스포츠
가평,2023,12,2023-12,116,경기도,가평군,산림생태문화체험단지,12,가평 2023_12.csv,기타관광,기타관광
가평,2023,12,2023-12,120,경기도,가평군,연인산,11,가평 2023_12.csv,자연관광,자연경관(산)
가평,2023,12,2023-12,120,경기도,가평군,청평워터피아,11,가평 2023_12.csv,레저스포츠,수상레저스포츠
가평,2023,12,2023-12,120,경기도,가평군,울업산,11,가평 2023_12.csv,자연관광,자연경관(산)
가평,2023,12,2023-12,123,경기도,가평군,몰디브수상레저,10,가평 2023_12.csv,레저스포츠,수상레저스포츠
가평,2023,12,2023-12,123,경기도,가평군,청평유원지,10,가평 2023_12.csv,문화관광,복합관광시설
가평,2023,12,2023-12,123,경기도,가평군,일지안호범미술관,10,가평 2023_12.csv,문화관광,전시시설
가평,2023,12,2023-12,123,경기도,가평군,웨이크베이리조트,10,가평 2023_12.csv,레저스포츠,기타레저스포츠
가평,2023,12,2023-12,123,경기도,가평군,축령사,10,가평 2023_12.csv,역사관광,종교성지
가평,2023,12,2023-12,123,경기도,가평군,보납산전망대,10,가평 2023_12.csv,문화관광,랜드마크관광
가평,2023,12,2023-12,123,경기도,가평군,인터렉티브아트뮤지엄,10,가평 2023_12.csv,문화관광,전시시설
가평,2023,12,2023-12,123,경기도,가평군,가평군 상면 조가터마을,10,가평 2023_12.csv,문화관광,도시/지역문화관광
가평,2023,12,2023-12,123,경기도,가평군,불기고개,10,가평 2023_12.csv,자연관광,자연경관(산)
가평,2023,12,2023-12,123,경기도,가평군,현리유원지,10,가평 2023_12.csv,문화관광,복합관광시설
가평,2023,12,2023-12,123,경기도,가평군,연인산도립공원탐방안내소,10,가평 2023_12.csv,기타관광,기타관광
가평,2023,12,2023-12,134,경기도,가평군,연인산명품계곡길,9,가평 2023_12.csv,레저스포츠,기타레저스포츠
가평,2023,12,2023-12,134,경기도,가평군,극락정사,9,가평 2023_12.csv,역사관광,종교성지
가평,2023,12,2023-12,134,경기도,가평군,보광사,9,가평 2023_12.csv,역사관광,종교성지
가평,2023,12,2023-12,134,경기도,가평군,버드나무유원지,9,가평 2023_12.csv,문화관광,복합관광시설
가평,2023,12,2023-12,138,경기도,가평군,아침마루공원,8,가평 2023_12.csv,문화관광,도시공원
가평,2023,12,2023-12,138,경기도,가평군,용소폭포,8,가평 2023_12.csv,자연관광,자연경관(산)
가평,2023,12,2023-12,138,경기도,가평군,수영인의마을,8,가평 2023_12.csv,레저스포츠,수상레저스포츠
가평,2023,12,2023-12,141,경기도,가평군,가평현암농경박물관,7,가평 2023_12.csv,문화관광,전시시설
가평,2023,12,2023-12,141,경기도,가평군,호국연호사,7,가평 2023_12.csv,역사관광,종교성지
가평,2023,12,2023-12,141,경기도,가평군,청평페리유람선,7,가평 2023_12.csv,기타관광,교통시설
가평,2023,12,2023-12,141,경기도,가평군,설악생활체육공원,7,가평 2023_12.csv,문화관광,도시공원
가평,2023,12,2023-12,141,경기도,가평군,아마란스리조트,7,가평 2023_12.csv,레저스포츠,수상레저스포츠
가평,2023,12,2023-12,141,경기도,가평군,미국한국전쟁참전기념비,7,가평 2023_12.csv,역사관광,역사유물
가평,2023,12,2023-12,147,경기도,가평군,운악산관음사,6,가평 2023_12.csv,역사관광,종교성지
가평,2023,12,2023-12,147,경기도,가평군,조무락계곡,6,가평 2023_12.csv,자연관광,자연경관(산)
가평,2023,12,2023-12,147,경기도,가평군,청오사,6,가평 2023_12.csv,역사관광,종교성지
가평,2023,12,2023-12,147,경기도,가평군,캐나다전투기념비,6,가평 2023_12.csv,역사관광,역사유물
가평,2023,12,2023-12,147,경기도,가평군,운곡암,6,가평 2023_12.csv,역사관광,종교성지
가평,2023,12,2023-12,147,경기도,가평군,청정낚시터,6,가평 2023_12.csv,레저스포츠,수상레저스포츠
가평,2023,12,2023-12,147,경기도,가평군,더스테이힐링파크와일드가든,6,가평 2023_12.csv,문화관광,도시공원
가평,2023,12,2023-12,154,경기도,가평군,서호유원지,5,가평 2023_12.csv,문화관광,복합관광시설
가평,2023,12,2023-12,154,경기도,가평군,주금산,5,가평 2023_12.csv,자연관광,자연경관(산)
가평,2023,12,2023-12,154,경기도,가평군,두밀리낚시터,5,가평 2023_12.csv,레저스포츠,수상레저스포츠
가평,2023,12,2023-12,154,경기도,가평군,명지계곡,5,가평 2023_12.csv,자연관광,자연경관(산)
가평,2023,12,2023-12,154,경기도,가평군,르푸앙수상레져,5,가평 2023_12.csv,레저스포츠,수상레저스포츠
가평,2023,12,2023-12,159,경기도,가평군,팀더블유,4,가평 2023_12.csv,레저스포츠,기타레저스포츠
가평,2023,12,2023-12,159,경기도,가평군,청춘역1979,4,가평 2023_12.csv,문화관광,도시공원
가평,2023,12,2023-12,159,경기도,가평군,화악계곡,4,가평 2023_12.csv,자연관광,자연경관(산)
가평,2023,12,2023-12,159,경기도,가평군,광법사,4,가평 2023_12.csv,역사관광,종교성지
가평,2023,12,2023-12,159,경기도,가평군,수덕산약수터,4,가평 2023_12.csv,자연관광,자연경관(산)
가평,2023,12,2023-12,159,경기도,가평군,가평역레져,4,가평 2023_12.csv,레저스포츠,기타레저스포츠
가평,2023,12,2023-12,159,경기도,가평군,성운사,4,가평 2023_12.csv,역사관광,종교성지
가평,2023,12,2023-12,159,경기도,가평군,성관사,4,가평 2023_12.csv,역사관광,종교성지
가평,2023,12,2023-12,159,경기도,가평군,청평생태공원,4,가평 2023_12.csv,문화관광,도시공원
가평,2023,12,2023-12,168,경기도,가평군,도장골낚시터,3,가평 2023_12.csv,레저스포츠,수상레저스포츠
가평,2023,12,2023-12,168,경기도,가평군,삼회리벚꽃길,3,가평 2023_12.csv,기타관광,데이트코스
가평,2023,12,2023-12,168,경기도,가평군,대성리국민관광지관광안내소,3,가평 2023_12.csv,기타관광,기타관광
가평,2023,12,2023-12,168,경기도,가평군,gallery DIO,3,가평 2023_12.csv,문화관광,전시시설
가평,2023,12,2023-12,168,경기도,가평군,대금산등산로입구,3,가평 2023_12.csv,레저스포츠,기타레저스포츠
가평,2023,12,2023-12,168,경기도,가평군,북면생활체육공원,3,가평 2023_12.csv,문화관광,도시공원
가평,2023,12,2023-12,168,경기도,가평군,황금사과농원,3,가평 2023_12.csv,체험관광,농/산/어촌체험
가평,2023,12,2023-12,168,경기도,가평군,발전소고개,3,가평 2023_12.csv,자연관광,자연경관(산)
가평,2023,12,2023-12,168,경기도,가평군,사공일샵,3,가평 2023_12.csv,체험관광,공예체험
가평,2023,12,2023-12,168,경기도,가평군,현리계곡,3,가평 2023_12.csv,자연관광,자연경관(산)
가평,2023,12,2023-12,168,경기도,가평군,반야사,3,가평 2023_12.csv,역사관광,종교성지
가평,2023,12,2023-12,168,경기도,가평군,유명산휴양림관리소,3,가평 2023_12.csv,자연관광,자연공원
가평,2023,12,2023-12,168,경기도,가평군,버드마리나수상레저,3,가평 2023_12.csv,레저스포츠,기타레저스포츠
가평,2023,12,2023-12,168,경기도,가평군,상천낚시터,3,가평 2023_12.csv,레저스포츠,수상레저스포츠
가평,2023,12,2023-12,168,경기도,가평군,무주채폭포,3,가평 2023_12.csv,자연관광,자연경관(산)
가평,2023,12,2023-12,168,경기도,가평군,조종생활체육공원,3,가평 2023_12.csv,문화관광,도시공원
가평,2023,12,2023-12,168,경기도,가평군,연인산용추구곡방면,3,가평 2023_12.csv,자연관광,자연경관(산)
가평,2023,12,2023-12,168,경기도,가평군,운악산가평현등사방면,3,가평 2023_12.csv,자연관광,자연경관(산)
가평,2023,12,2023-12,168,경기도,가평군,백팔유원지,3,가평 2023_12.csv,문화관광,복합관광시설
가평,2023,12,2023-12,168,경기도,가평군,코스모피아천문대,3,가평 2023_12.csv,문화관광,랜드마크관광
가평,2023,12,2023-12,168,경기도,가평군,대성사,3,가평 2023_12.csv,역사관광,종교성지
가평,2023,12,2023-12,168,경기도,가평군,양지농원,3,가평 2023_12.csv,체험관광,농/산/어촌체험
가평,2023,12,2023-12,168,경기도,가평군,청평리버랜드수상레저,3,가평 2023_12.csv,문화관광,복합관광시설
가평,2023,12,2023-12,168,경기도,가평군,장재울유원지,3,가평 2023_12.csv,문화관광,복합관광시설
가평,2023,12,2023-12,168,경기도,가평군,경기도공무원휴양소,3,가평 2023_12.csv,기타관광,기타관광
가평,2023,12,2023-12,168,경기도,가평군,신청평대교야구장,3,가평 2023_12.csv,문화관광,레저스포츠시설
가평,2023,12,2023-12,168,경기도,가평군,소풍레저,3,가평 2023_12.csv,레저스포츠,수상레저스포츠
가평,2023,12,2023-12,168,경기도,가평군,청평첫집,3,가평 2023_12.csv,레저스포츠,수상레저스포츠
가평,2023,12,2023-12,168,경기도,가평군,태은사,3,가평 2023_12.csv,역사관광,종교성지
가평,2023,12,2023-12,168,경기도,가평군,마콤갤러리,3,가평 2023_12.csv,문화관광,전시시설
가평,2023,12,2023-12,168,경기도,가평군,호명산,3,가평 2023_12.csv,자연관광,자연경관(산)
가평,2023,12,2023-12,168,경기도,가평군,에덴벚꽃길야외공연장,3,가평 2023_12.csv,문화관광,공연시설
가평,2023,12,2023-12,168,경기도,가평군,하이수상레저,3,가평 2023_12.csv,레저스포츠,수상레저스포츠
가평,2023,12,2023-12,168,경기도,가평군,성주사,3,가평 2023_12.csv,역사관광,종교성지
가평,2023,12,2023-12,168,경기도,가평군,가람농원,3,가평 2023_12.csv,체험관광,농/산/어촌체험
가평,2023,12,2023-12,168,경기도,가평군,가평리틀야구장,3,가평 2023_12.csv,문화관광,레저스포츠시설
가평,2024,1,2024-01,1,경기도,가평군,아침고요수목원,5896,가평 2024_01.csv,문화관광,테마공원
가평,2024,1,2024-01,2,경기도,가평군,남이섬선착장,4456,가평 2024_01.csv,기타관광,교통시설
가평,2024,1,2024-01,3,경기도,가평군,청평역,4174,가평 2024_01.csv,기타관광,교통시설
가평,2024,1,2024-01,4,경기도,가평군,가평사계절썰매장,4019,가평 2024_01.csv,레저스포츠,육상레저스포츠
가평,2024,1,2024-01,5,경기도,가평군,대성리역,2444,가평 2024_01.csv,기타관광,교통시설
가평,2024,1,2024-01,6,경기도,가평군,쁘띠프랑스,2328,가평 2024_01.csv,문화관광,복합관광시설
가평,2024,1,2024-01,7,경기도,가평군,현리시외버스터미널,1736,가평 2024_01.csv,기타관광,교통시설
가평,2024,1,2024-01,8,경기도,가평군,유명산자연휴양림,1317,가평 2024_01.csv,자연관광,자연공원
가평,2024,1,2024-01,9,경기도,가평군,가평시외버스터미널,1092,가평 2024_01.csv,기타관광,교통시설
가평,2024,1,2024-01,10,경기도,가평군,청평설빙송어빙어축제,999,가평 2024_01.csv,문화관광,기타문화관광지
가평,2024,1,2024-01,11,경기도,가평군,아침고요가족동물원,988,가평 2024_01.csv,문화관광,테마공원
가평,2024,1,2024-01,12,경기도,가평군,자라섬,981,가평 2024_01.csv,자연관광,자연경관(하천/해양)
가평,2024,1,2024-01,13,경기도,가평군,청평시외버스터미널,880,가평 2024_01.csv,기타관광,교통시설
가평,2024,1,2024-01,14,경기도,가평군,어비계곡,865,가평 2024_01.csv,자연관광,자연경관(산)
가평,2024,1,2024-01,15,경기도,가평군,에델바이스스위스테마파크,735,가평 2024_01.csv,문화관광,테마공원
가평,2024,1,2024-01,16,경기도,가평군,청심평화월드센터,722,가평 2024_01.csv,문화관광,공연시설
가평,2024,1,2024-01,17,경기도,가평군,K26잠수풀,685,가평 2024_01.csv,레저스포츠,수상레저스포츠
가평,2024,1,2024-01,18,경기도,가평군,한국초콜릿연구소뮤지엄,667,가평 2024_01.csv,문화관광,전시시설
가평,2024,1,2024-01,19,경기도,가평군,아난티코드골프클럽,639,가평 2024_01.csv,레저스포츠,육상레저스포츠
가평,2024,1,2024-01,20,경기도,가평군,경기도잣향기푸른숲,559,가평 2024_01.csv,자연관광,자연공원
가평,2024,1,2024-01,21,경기도,가평군,상천역,484,가평 2024_01.csv,기타관광,교통시설
가평,2024,1,2024-01,22,경기도,가평군,청평호반드라이브코스,430,가평 2024_01.csv,기타관광,데이트코스
가평,2024,1,2024-01,23,경기도,가평군,음악역1939,378,가평 2024_01.csv,문화관광,기타문화관광지
가평,2024,1,2024-01,24,경기도,가평군,가평군어린이음악놀이터,371,가평 2024_01.csv,문화관광,테마공원
가평,2024,1,2024-01,25,경기도,가평군,청심국제청소년수련원,369,가평 2024_01.csv,레저스포츠,육상레저스포츠
가평,2024,1,2024-01,26,경기도,가평군,강씨봉자연휴양림,366,가평 2024_01.csv,자연관광,자연공원
가평,2024,1,2024-01,27,경기도,가평군,가평별빛공원,365,가평 2024_01.csv,문화관광,도시공원
가평,2024,1,2024-01,28,경기도,가평군,이화원,310,가평 2024_01.csv,문화관광,도시공원
가평,2024,1,2024-01,29,경기도,가평군,산장관광지,293,가평 2024_01.csv,문화관광,복합관광시설
가평,2024,1,2024-01,30,경기도,가평군,이탈리아마을 피노키오와다빈치,289,가평 2024_01.csv,문화관광,복합관광시설
가평,2024,1,2024-01,31,경기도,가평군,가평베네스트GC,276,가평 2024_01.csv,레저스포츠,육상레저스포츠
가평,2024,1,2024-01,32,경기도,가평군,잣고을전통시장,273,가평 2024_01.csv,쇼핑,시장
가평,2024,1,2024-01,33,경기도,가평군,칼봉산자연휴양림,265,가평 2024_01.csv,자연관광,자연공원
가평,2024,1,2024-01,34,경기도,가평군,설악시외버스터미널,254,가평 2024_01.csv,기타관광,교통시설
가평,2024,1,2024-01,35,경기도,가평군,북한강대성리송어축제,252,가평 2024_01.csv,문화관광,기타문화관광지
가평,2024,1,2024-01,36,경기도,가평군,캠프통포레스트,235,가평 2024_01.csv,레저스포츠,수상레저스포츠
가평,2024,1,2024-01,37,경기도,가평군,청평자연휴양림,231,가평 2024_01.csv,자연관광,자연공원
가평,2024,1,2024-01,38,경기도,가평군,강촌레일파크가평역,229,가평 2024_01.csv,레저스포츠,기타레저스포츠
가평,2024,1,2024-01,39,경기도,가평군,청평호,208,가평 2024_01.csv,자연관광,자연경관(하천/해양)
가평,2024,1,2024-01,40,경기도,가평군,현등사,206,가평 2024_01.csv,역사관광,종교성지
가평,2024,1,2024-01,41,경기도,가평군,백련사,204,가평 2024_01.csv,역사관광,종교성지
가평,2024,1,2024-01,42,경기도,가평군,아침고요수목원오색별빛정원전,189,가평 2024_01.csv,문화관광,기타문화관광지
가평,2024,1,2024-01,43,경기도,가평군,호명호수,181,가평 2024_01.csv,자연관광,자연경관(하천/해양)
가평,2024,1,2024-01,44,경기도,가평군,캠프통아일랜드,179,가평 2024_01.csv,레저스포츠,수상레저스포츠
가평,2024,1,2024-01,45,경기도,가평군,가평파크골프장,173,가평 2024_01.csv,레저스포츠,육상레저스포츠
가평,2024,1,2024-01,46,경기도,가평군,프리스틴밸리GC,168,가평 2024_01.csv,레저스포츠,육상레저스포츠
가평,2024,1,2024-01,47,경기도,가평군,운악산출렁다리,161,가평 2024_01.csv,기타관광,기타관광
가평,2024,1,2024-01,48,경기도,가평군,꿈의동산,160,가평 2024_01.csv,문화관광,복합관광시설
가평,2024,1,2024-01,49,경기도,가평군,천정궁박물관,155,가평 2024_01.csv,문화관광,전시시설
가평,2024,1,2024-01,50,경기도,가평군,청평5일시장,145,가평 2024_01.csv,쇼핑,시장
가평,2024,1,2024-01,50,경기도,가평군,리앤리CC,145,가평 2024_01.csv,레저스포츠,육상레저스포츠
가평,2024,1,2024-01,52,경기도,가평군,W홀스랜드,137,가평 2024_01.csv,레저스포츠,육상레저스포츠
가평,2024,1,2024-01,53,경기도,가평군,신비동물원,124,가평 2024_01.csv,문화관광,테마공원
가평,2024,1,2024-01,54,경기도,가평군,베뉴지CC,115,가평 2024_01.csv,레저스포츠,육상레저스포츠
가평,2024,1,2024-01,55,경기도,가평군,가일미술관,110,가평 2024_01.csv,문화관광,전시시설
가평,2024,1,2024-01,56,경기도,가평군,트니트니어드벤처,108,가평 2024_01.csv,문화관광,테마공원
가평,2024,1,2024-01,57,경기도,가평군,썬힐GC,107,가평 2024_01.csv,레저스포츠,육상레저스포츠
가평,2024,1,2024-01,57,경기도,가평군,크리스탈밸리CC,107,가평 2024_01.csv,레저스포츠,육상레저스포츠
가평,2024,1,2024-01,59,경기도,가평군,청평얼음꽃송어축제,105,가평 2024_01.csv,문화관광,기타문화관광지
가평,2024,1,2024-01,60,경기도,가평군,대원사,97,가평 2024_01.csv,역사관광,종교성지
가평,2024,1,2024-01,61,경기도,가평군,대성리국민관광지,94,가평 2024_01.csv,문화관광,복합관광시설
가평,2024,1,2024-01,62,경기도,가평군,호명호수공원,77,가평 2024_01.csv,문화관광,도시공원
가평,2024,1,2024-01,63,경기도,가평군,청평생활체육공원,68,가평 2024_01.csv,문화관광,도시공원
가평,2024,1,2024-01,63,경기도,가평군,마이다스밸리청평 골프클럽,68,가평 2024_01.csv,레저스포츠,육상레저스포츠
가평,2024,1,2024-01,65,경기도,가평군,용추계곡,67,가평 2024_01.csv,자연관광,자연경관(산)
가평,2024,1,2024-01,65,경기도,가평군,달마공원관음사,67,가평 2024_01.csv,역사관광,종교성지
가평,2024,1,2024-01,67,경기도,가평군,설악5일장,65,가평 2024_01.csv,쇼핑,시장
가평,2024,1,2024-01,68,경기도,가평군,상천낚시터,63,가평 2024_01.csv,레저스포츠,수상레저스포츠
가평,2024,1,2024-01,69,경기도,가평군,엘혜윰의정원,62,가평 2024_01.csv,레저스포츠,육상레저스포츠
가평,2024,1,2024-01,69,경기도,가평군,가평뮤직빌리지1939시네마,62,가평 2024_01.csv,문화관광,공연시설
가평,2024,1,2024-01,71,경기도,가평군,설악낚시터,58,가평 2024_01.csv,레저스포츠,수상레저스포츠
가평,2024,1,2024-01,72,경기도,가평군,녹수계곡,57,가평 2024_01.csv,자연관광,자연경관(산)
가평,2024,1,2024-01,73,경기도,가평군,가평TOP랜드,56,가평 2024_01.csv,레저스포츠,수상레저스포츠
가평,2024,1,2024-01,74,경기도,가평군,가평정기5일시장,55,가평 2024_01.csv,쇼핑,시장
가평,2024,1,2024-01,74,경기도,가평군,목동버스터미널,55,가평 2024_01.csv,기타관광,교통시설
가평,2024,1,2024-01,76,경기도,가평군,조종시네마,53,가평 2024_01.csv,문화관광,공연시설
가평,2024,1,2024-01,77,경기도,가평군,북면생활체육공원,52,가평 2024_01.csv,문화관광,도시공원
가평,2024,1,2024-01,78,경기도,가평군,보광사,45,가평 2024_01.csv,역사관광,종교성지
가평,2024,1,2024-01,79,경기도,가평군,산림생태문화체험단지,44,가평 2024_01.csv,기타관광,기타관광
가평,2024,1,2024-01,80,경기도,가평군,가평낚시터,42,가평 2024_01.csv,레저스포츠,수상레저스포츠
가평,2024,1,2024-01,81,경기도,가평군,리버랜드번지점프장,40,가평 2024_01.csv,레저스포츠,육상레저스포츠
가평,2024,1,2024-01,82,경기도,가평군,가평레져카트장,37,가평 2024_01.csv,레저스포츠,기타레저스포츠
가평,2024,1,2024-01,82,경기도,가평군,보납산전망대,37,가평 2024_01.csv,문화관광,랜드마크관광
가평,2024,1,2024-01,84,경기도,가평군,청평호수길,36,가평 2024_01.csv,기타관광,기타관광
가평,2024,1,2024-01,85,경기도,가평군,청평암,34,가평 2024_01.csv,역사관광,종교성지
가평,2024,1,2024-01,86,경기도,가평군,자연과별천문대,33,가평 2024_01.csv,기타관광,기타관광
가평,2024,1,2024-01,87,경기도,가평군,청평유원지,32,가평 2024_01.csv,문화관광,복합관광시설
가평,2024,1,2024-01,88,경기도,가평군,가평에덴벚꽃길,31,가평 2024_01.csv,기타관광,기타관광
가평,2024,1,2024-01,89,경기도,가평군,유명산,29,가평 2024_01.csv,자연관광,자연경관(산)
가평,2024,1,2024-01,90,경기도,가평군,취옹예술관,28,가평 2024_01.csv,문화관광,전시시설
가평,2024,1,2024-01,90,경기도,가평군,설악생활체육공원,28,가평 2024_01.csv,문화관광,도시공원
가평,2024,1,2024-01,92,경기도,가평군,운악산성불사,26,가평 2024_01.csv,역사관광,종교성지
가평,2024,1,2024-01,92,경기도,가평군,이정웅스페이스,26,가평 2024_01.csv,문화관광,전시시설
가평,2024,1,2024-01,94,경기도,가평군,불기고개,25,가평 2024_01.csv,자연관광,자연경관(산)
가평,2024,1,2024-01,94,경기도,가평군,가평브릿지짚라인,25,가평 2024_01.csv,레저스포츠,기타레저스포츠
가평,2024,1,2024-01,96,경기도,가평군,가평수목원,23,가평 2024_01.csv,자연관광,자연공원
가평,2024,1,2024-01,97,경기도,가평군,남도꽃정원,22,가평 2024_01.csv,문화관광,도시공원
가평,2024,1,2024-01,98,경기도,가평군,호명산드라이브코스,21,가평 2024_01.csv,기타관광,데이트코스
가평,2024,1,2024-01,99,경기도,가평군,화악산,19,가평 2024_01.csv,자연관광,자연경관(산)
가평,2024,1,2024-01,99,경기도,가평군,물의나라유원지,19,가평 2024_01.csv,문화관광,복합관광시설
가평,2024,1,2024-01,101,경기도,가평군,가평현리5일장,18,가평 2024_01.csv,쇼핑,시장
가평,2024,1,2024-01,101,경기도,가평군,노랑다리미술관,18,가평 2024_01.csv,문화관광,전시시설
가평,2024,1,2024-01,103,경기도,가평군,운악산용수사,17,가평 2024_01.csv,역사관광,종교성지
가평,2024,1,2024-01,104,경기도,가평군,HJ매그놀리아멋집,15,가평 2024_01.csv,문화관광,기타문화관광지
가평,2024,1,2024-01,105,경기도,가평군,운악산관음사,14,가평 2024_01.csv,역사관광,종교성지
가평,2024,1,2024-01,105,경기도,가평군,조종생활체육공원,14,가평 2024_01.csv,문화관광,도시공원
가평,2024,1,2024-01,105,경기도,가평군,용소폭포,14,가평 2024_01.csv,자연관광,자연경관(산)
가평,2024,1,2024-01,105,경기도,가평군,연인산,14,가평 2024_01.csv,자연관광,자연경관(산)
가평,2024,1,2024-01,109,경기도,가평군,남송미술관,13,가평 2024_01.csv,문화관광,전시시설
가평,2024,1,2024-01,110,경기도,가평군,경기도잣향기푸른숲안내매표소,12,가평 2024_01.csv,기타관광,기타관광
가평,2024,1,2024-01,110,경기도,가평군,청평유원지,12,가평 2024_01.csv,문화관광,복합관광시설
가평,2024,1,2024-01,110,경기도,가평군,두밀리낚시터,12,가평 2024_01.csv,레저스포츠,수상레저스포츠
가평,2024,1,2024-01,113,경기도,가평군,청룡사,11,가평 2024_01.csv,역사관광,종교성지
가평,2024,1,2024-01,113,경기도,가평군,자라섬생태공원,11,가평 2024_01.csv,문화관광,도시공원
가평,2024,1,2024-01,113,경기도,가평군,가평축령산잣나무숲,11,가평 2024_01.csv,자연관광,자연공원
가평,2024,1,2024-01,113,경기도,가평군,에덴야구장,11,가평 2024_01.csv,문화관광,레저스포츠시설
가평,2024,1,2024-01,113,경기도,가평군,중미산,11,가평 2024_01.csv,자연관광,자연경관(산)
가평,2024,1,2024-01,113,경기도,가평군,연인산도립공원탐방안내소,11,가평 2024_01.csv,기타관광,기타관광
가평,2024,1,2024-01,119,경기도,가평군,가마소유원지,10,가평 2024_01.csv,문화관광,복합관광시설
가평,2024,1,2024-01,119,경기도,가평군,에덴벚꽃길,10,가평 2024_01.csv,레저스포츠,기타레저스포츠
가평,2024,1,2024-01,121,경기도,가평군,스카이라인짚와이어,9,가평 2024_01.csv,문화관광,복합관광시설
가평,2024,1,2024-01,121,경기도,가평군,명지산생태전시관,9,가평 2024_01.csv,문화관광,전시시설
가평,2024,1,2024-01,121,경기도,가평군,일지안호범미술관,9,가평 2024_01.csv,문화관광,전시시설
가평,2024,1,2024-01,121,경기도,가평군,호국연호사,9,가평 2024_01.csv,역사관광,종교성지
가평,2024,1,2024-01,121,경기도,가평군,더스테이힐링파크링스파3골프장,9,가평 2024_01.csv,레저스포츠,육상레저스포츠
가평,2024,1,2024-01,126,경기도,가평군,삼회리벚꽃길,8,가평 2024_01.csv,기타관광,데이트코스
가평,2024,1,2024-01,126,경기도,가평군,백팔유원지,8,가평 2024_01.csv,문화관광,복합관광시설
가평,2024,1,2024-01,126,경기도,가평군,현리유원지,8,가평 2024_01.csv,문화관광,복합관광시설
가평,2024,1,2024-01,129,경기도,가평군,설악생활체육공원축구장,7,가평 2024_01.csv,문화관광,레저스포츠시설
가평,2024,1,2024-01,129,경기도,가평군,구원사,7,가평 2024_01.csv,역사관광,종교성지
가평,2024,1,2024-01,129,경기도,가평군,인터렉티브아트뮤지엄,7,가평 2024_01.csv,문화관광,전시시설
가평,2024,1,2024-01,129,경기도,가평군,홍적고개,7,가평 2024_01.csv,자연관광,자연경관(산)
가평,2024,1,2024-01,129,경기도,가평군,조종생활체육공원축구장,7,가평 2024_01.csv,문화관광,레저스포츠시설
가평,2024,1,2024-01,134,경기도,가평군,가평베고니아새정원,6,가평 2024_01.csv,문화관광,테마공원
가평,2024,1,2024-01,134,경기도,가평군,관음사,6,가평 2024_01.csv,역사관광,종교성지
가평,2024,1,2024-01,134,경기도,가평군,극락정사,6,가평 2024_01.csv,역사관광,종교성지
가평,2024,1,2024-01,134,경기도,가평군,설미재미술관,6,가평 2024_01.csv,문화관광,전시시설
가평,2024,1,2024-01,134,경기도,가평군,신청평대교야구장,6,가평 2024_01.csv,문화관광,레저스포츠시설
가평,2024,1,2024-01,134,경기도,가평군,성운사,6,가평 2024_01.csv,역사관광,종교성지
가평,2024,1,2024-01,134,경기도,가평군,가평군 상면 조가터마을,6,가평 2024_01.csv,문화관광,도시/지역문화관광
가평,2024,1,2024-01,134,경기도,가평군,성관사,6,가평 2024_01.csv,역사관광,종교성지
가평,2024,1,2024-01,134,경기도,가평군,울업산,6,가평 2024_01.csv,자연관광,자연경관(산)
가평,2024,1,2024-01,134,경기도,가평군,파로티아워터하우스수상레저,6,가평 2024_01.csv,레저스포츠,수상레저스포츠
가평,2024,1,2024-01,144,경기도,가평군,북배산흑염소농장,5,가평 2024_01.csv,체험관광,농/산/어촌체험
가평,2024,1,2024-01,145,경기도,가평군,도장골낚시터,4,가평 2024_01.csv,레저스포츠,수상레저스포츠
가평,2024,1,2024-01,145,경기도,가평군,현리계곡,4,가평 2024_01.csv,자연관광,자연경관(산)
가평,2024,1,2024-01,145,경기도,가평군,영안청소년수련원,4,가평 2024_01.csv,레저스포츠,육상레저스포츠
가평,2024,1,2024-01,145,경기도,가평군,웨이크베이리조트,4,가평 2024_01.csv,레저스포츠,기타레저스포츠
가평,2024,1,2024-01,145,경기도,가평군,현충탑,4,가평 2024_01.csv,역사관광,역사유물
가평,2024,1,2024-01,145,경기도,가평군,대성사,4,가평 2024_01.csv,역사관광,종교성지
가평,2024,1,2024-01,145,경기도,가평군,축령사,4,가평 2024_01.csv,역사관광,종교성지
가평,2024,1,2024-01,145,경기도,가평군,탑코리아수상레저,4,가평 2024_01.csv,레저스포츠,수상레저스포츠
가평,2024,1,2024-01,145,경기도,가평군,가평하늘커피농장,4,가평 2024_01.csv,체험관광,농/산/어촌체험
가평,2024,1,2024-01,145,경기도,가평군,김중식미술관,4,가평 2024_01.csv,문화관광,전시시설
가평,2024,1,2024-01,155,경기도,가평군,가평철길공원,3,가평 2024_01.csv,문화관광,도시공원
가평,2024,1,2024-01,155,경기도,가평군,초이수상레저,3,가평 2024_01.csv,레저스포츠,수상레저스포츠
가평,2024,1,2024-01,155,경기도,가평군,상천루,3,가평 2024_01.csv,문화관광,도시공원
가평,2024,1,2024-01,155,경기도,가평군,가평현암농경박물관,3,가평 2024_01.csv,문화관광,전시시설
가평,2024,1,2024-01,155,경기도,가평군,연화세계,3,가평 2024_01.csv,역사관광,종교성지
가평,2024,1,2024-01,155,경기도,가평군,보납정,3,가평 2024_01.csv,레저스포츠,육상레저스포츠
가평,2024,1,2024-01,155,경기도,가평군,수풀로삼회리,3,가평 2024_01.csv,문화관광,도시공원
가평,2024,1,2024-01,155,경기도,가평군,운악산가평현등사방면,3,가평 2024_01.csv,자연관광,자연경관(산)
가평,2024,1,2024-01,155,경기도,가평군,가평약수터,3,가평 2024_01.csv,자연관광,자연경관(산)
가평,2024,1,2024-01,155,경기도,가평군,마린랜드,3,가평 2024_01.csv,레저스포츠,수상레저스포츠
가평,2024,1,2024-01,155,경기도,가평군,우리유원지,3,가평 2024_01.csv,문화관광,복합관광시설
가평,2024,1,2024-01,155,경기도,가평군,하천리생활체육공원,3,가평 2024_01.csv,문화관광,도시공원
가평,2024,1,2024-01,155,경기도,가평군,마린보이,3,가평 2024_01.csv,레저스포츠,수상레저스포츠
가평,2024,1,2024-01,155,경기도,가평군,청평호낚시터,3,가평 2024_01.csv,레저스포츠,수상레저스포츠
가평,2024,1,2024-01,155,경기도,가평군,바우유원지,3,가평 2024_01.csv,문화관광,복합관광시설
가평,2024,1,2024-01,155,경기도,가평군,명지계곡,3,가평 2024_01.csv,자연관광,자연경관(산)
가평,2024,1,2024-01,155,경기도,가평군,선어치,3,가평 2024_01.csv,자연관광,자연경관(산)
가평,2024,1,2024-01,155,경기도,가평군,태은사,3,가평 2024_01.csv,역사관광,종교성지
가평,2024,1,2024-01,155,경기도,가평군,호명산,3,가평 2024_01.csv,자연관광,자연경관(산)
가평,2024,1,2024-01,155,경기도,가평군,사랑해체험마을,3,가평 2024_01.csv,레저스포츠,기타레저스포츠
가평,2024,1,2024-01,155,경기도,가평군,송림사,3,가평 2024_01.csv,역사관광,종교성지
가평,2024,1,2024-01,155,경기도,가평군,대성석가사,3,가평 2024_01.csv,역사관광,종교성지
가평,2024,1,2024-01,155,경기도,가평군,포세이돈,3,가평 2024_01.csv,레저스포츠,수상레저스포츠
가평,2024,2,2024-02,1,경기도,가평군,남이섬선착장,5721,가평 2024_02.csv,기타관광,교통시설
가평,2024,2,2024-02,2,경기도,가평군,아침고요수목원,5483,가평 2024_02.csv,문화관광,테마공원
가평,2024,2,2024-02,3,경기도,가평군,청평역,4447,가평 2024_02.csv,기타관광,교통시설
가평,2024,2,2024-02,4,경기도,가평군,쁘띠프랑스,2750,가평 2024_02.csv,문화관광,복합관광시설
가평,2024,2,2024-02,5,경기도,가평군,대성리역,2430,가평 2024_02.csv,기타관광,교통시설
가평,2024,2,2024-02,6,경기도,가평군,현리시외버스터미널,2009,가평 2024_02.csv,기타관광,교통시설
가평,2024,2,2024-02,7,경기도,가평군,아침고요가족동물원,1808,가평 2024_02.csv,문화관광,테마공원
가평,2024,2,2024-02,8,경기도,가평군,유명산자연휴양림,1498,가평 2024_02.csv,자연관광,자연공원
가평,2024,2,2024-02,9,경기도,가평군,가평베네스트GC,1454,가평 2024_02.csv,레저스포츠,육상레저스포츠
가평,2024,2,2024-02,10,경기도,가평군,가평사계절썰매장,1281,가평 2024_02.csv,레저스포츠,육상레저스포츠
가평,2024,2,2024-02,11,경기도,가평군,자라섬,1233,가평 2024_02.csv,자연관광,자연경관(하천/해양)
가평,2024,2,2024-02,12,경기도,가평군,프리스틴밸리GC,1187,가평 2024_02.csv,레저스포츠,육상레저스포츠
가평,2024,2,2024-02,13,경기도,가평군,썬힐GC,1114,가평 2024_02.csv,레저스포츠,육상레저스포츠
가평,2024,2,2024-02,14,경기도,가평군,신비동물원,1080,가평 2024_02.csv,문화관광,테마공원
가평,2024,2,2024-02,15,경기도,가평군,가평시외버스터미널,1077,가평 2024_02.csv,기타관광,교통시설
가평,2024,2,2024-02,16,경기도,가평군,청평시외버스터미널,960,가평 2024_02.csv,기타관광,교통시설
가평,2024,2,2024-02,17,경기도,가평군,경기도잣향기푸른숲,805,가평 2024_02.csv,자연관광,자연공원
가평,2024,2,2024-02,18,경기도,가평군,아난티코드골프클럽,800,가평 2024_02.csv,레저스포츠,육상레저스포츠
가평,2024,2,2024-02,19,경기도,가평군,에델바이스스위스테마파크,792,가평 2024_02.csv,문화관광,테마공원
가평,2024,2,2024-02,20,경기도,가평군,베뉴지CC,685,가평 2024_02.csv,레저스포츠,육상레저스포츠
가평,2024,2,2024-02,21,경기도,가평군,한국초콜릿연구소뮤지엄,678,가평 2024_02.csv,문화관광,전시시설
가평,2024,2,2024-02,22,경기도,가평군,청심국제청소년수련원,664,가평 2024_02.csv,레저스포츠,육상레저스포츠
가평,2024,2,2024-02,23,경기도,가평군,청평설빙송어빙어축제,621,가평 2024_02.csv,문화관광,기타문화관광지
가평,2024,2,2024-02,24,경기도,가평군,어비계곡,583,가평 2024_02.csv,자연관광,자연경관(산)
가평,2024,2,2024-02,25,경기도,가평군,강촌레일파크가평역,576,가평 2024_02.csv,레저스포츠,기타레저스포츠
가평,2024,2,2024-02,26,경기도,가평군,청심평화월드센터,548,가평 2024_02.csv,문화관광,공연시설
가평,2024,2,2024-02,27,경기도,가평군,상천역,528,가평 2024_02.csv,기타관광,교통시설
가평,2024,2,2024-02,28,경기도,가평군,K26잠수풀,513,가평 2024_02.csv,레저스포츠,수상레저스포츠
가평,2024,2,2024-02,29,경기도,가평군,청평호반드라이브코스,455,가평 2024_02.csv,기타관광,데이트코스
가평,2024,2,2024-02,30,경기도,가평군,리앤리CC,445,가평 2024_02.csv,레저스포츠,육상레저스포츠
가평,2024,2,2024-02,31,경기도,가평군,이화원,418,가평 2024_02.csv,문화관광,도시공원
가평,2024,2,2024-02,32,경기도,가평군,마이다스밸리청평 골프클럽,416,가평 2024_02.csv,레저스포츠,육상레저스포츠
가평,2024,2,2024-02,33,경기도,가평군,이탈리아마을 피노키오와다빈치,415,가평 2024_02.csv,문화관광,복합관광시설
가평,2024,2,2024-02,34,경기도,가평군,크리스탈밸리CC,405,가평 2024_02.csv,레저스포츠,육상레저스포츠
가평,2024,2,2024-02,35,경기도,가평군,산장관광지,382,가평 2024_02.csv,문화관광,복합관광시설
가평,2024,2,2024-02,36,경기도,가평군,음악역1939,358,가평 2024_02.csv,문화관광,기타문화관광지
가평,2024,2,2024-02,37,경기도,가평군,가평군어린이음악놀이터,356,가평 2024_02.csv,문화관광,테마공원
가평,2024,2,2024-02,38,경기도,가평군,강씨봉자연휴양림,336,가평 2024_02.csv,자연관광,자연공원
가평,2024,2,2024-02,39,경기도,가평군,현등사,284,가평 2024_02.csv,역사관광,종교성지
가평,2024,2,2024-02,40,경기도,가평군,백련사,274,가평 2024_02.csv,역사관광,종교성지
가평,2024,2,2024-02,41,경기도,가평군,청평자연휴양림,272,가평 2024_02.csv,자연관광,자연공원
가평,2024,2,2024-02,42,경기도,가평군,칼봉산자연휴양림,270,가평 2024_02.csv,자연관광,자연공원
가평,2024,2,2024-02,43,경기도,가평군,설악시외버스터미널,269,가평 2024_02.csv,기타관광,교통시설
가평,2024,2,2024-02,44,경기도,가평군,잣고을전통시장,263,가평 2024_02.csv,쇼핑,시장
가평,2024,2,2024-02,45,경기도,가평군,꿈의동산,245,가평 2024_02.csv,문화관광,복합관광시설
가평,2024,2,2024-02,45,경기도,가평군,캠프통포레스트,245,가평 2024_02.csv,레저스포츠,수상레저스포츠
가평,2024,2,2024-02,47,경기도,가평군,가평별빛공원,238,가평 2024_02.csv,문화관광,도시공원
가평,2024,2,2024-02,48,경기도,가평군,호명호수,229,가평 2024_02.csv,자연관광,자연경관(하천/해양)
가평,2024,2,2024-02,49,경기도,가평군,청평호,224,가평 2024_02.csv,자연관광,자연경관(하천/해양)
가평,2024,2,2024-02,50,경기도,가평군,가일미술관,219,가평 2024_02.csv,문화관광,전시시설
가평,2024,2,2024-02,51,경기도,가평군,가평파크골프장,198,가평 2024_02.csv,레저스포츠,육상레저스포츠
가평,2024,2,2024-02,52,경기도,가평군,캠프통아일랜드,197,가평 2024_02.csv,레저스포츠,수상레저스포츠
가평,2024,2,2024-02,53,경기도,가평군,북한강대성리송어축제,196,가평 2024_02.csv,문화관광,기타문화관광지
가평,2024,2,2024-02,54,경기도,가평군,운악산출렁다리,181,가평 2024_02.csv,기타관광,기타관광
가평,2024,2,2024-02,55,경기도,가평군,천정궁박물관,158,가평 2024_02.csv,문화관광,전시시설
가평,2024,2,2024-02,56,경기도,가평군,달마공원관음사,151,가평 2024_02.csv,역사관광,종교성지
가평,2024,2,2024-02,57,경기도,가평군,아침고요수목원오색별빛정원전,139,가평 2024_02.csv,문화관광,기타문화관광지
가평,2024,2,2024-02,58,경기도,가평군,호명호수공원,138,가평 2024_02.csv,문화관광,도시공원
가평,2024,2,2024-02,59,경기도,가평군,운악산,133,가평 2024_02.csv,자연관광,자연경관(산)
가평,2024,2,2024-02,60,경기도,가평군,대성리국민관광지,125,가평 2024_02.csv,문화관광,복합관광시설
가평,2024,2,2024-02,61,경기도,가평군,청평5일시장,118,가평 2024_02.csv,쇼핑,시장
가평,2024,2,2024-02,62,경기도,가평군,W홀스랜드,112,가평 2024_02.csv,레저스포츠,육상레저스포츠
가평,2024,2,2024-02,63,경기도,가평군,트니트니어드벤처,107,가평 2024_02.csv,문화관광,테마공원
가평,2024,2,2024-02,64,경기도,가평군,엘혜윰의정원,102,가평 2024_02.csv,레저스포츠,육상레저스포츠
가평,2024,2,2024-02,65,경기도,가평군,대원사,101,가평 2024_02.csv,역사관광,종교성지
가평,2024,2,2024-02,66,경기도,가평군,운악산성불사,85,가평 2024_02.csv,역사관광,종교성지
가평,2024,2,2024-02,66,경기도,가평군,가평뮤직빌리지1939시네마,85,가평 2024_02.csv,문화관광,공연시설
가평,2024,2,2024-02,68,경기도,가평군,청평생활체육공원,83,가평 2024_02.csv,문화관광,도시공원
가평,2024,2,2024-02,69,경기도,가평군,용추계곡,82,가평 2024_02.csv,자연관광,자연경관(산)
가평,2024,2,2024-02,70,경기도,가평군,스카이라인짚와이어,73,가평 2024_02.csv,문화관광,복합관광시설
가평,2024,2,2024-02,71,경기도,가평군,설악낚시터,68,가평 2024_02.csv,레저스포츠,수상레저스포츠
가평,2024,2,2024-02,72,경기도,가평군,가평베고니아새정원,67,가평 2024_02.csv,문화관광,테마공원
가평,2024,2,2024-02,73,경기도,가평군,가평브릿지짚라인,66,가평 2024_02.csv,레저스포츠,기타레저스포츠
가평,2024,2,2024-02,74,경기도,가평군,가평TOP랜드,65,가평 2024_02.csv,레저스포츠,수상레저스포츠
가평,2024,2,2024-02,74,경기도,가평군,리버랜드번지점프장,65,가평 2024_02.csv,레저스포츠,육상레저스포츠
가평,2024,2,2024-02,76,경기도,가평군,목동버스터미널,64,가평 2024_02.csv,기타관광,교통시설
가평,2024,2,2024-02,77,경기도,가평군,유명산,56,가평 2024_02.csv,자연관광,자연경관(산)
가평,2024,2,2024-02,78,경기도,가평군,청평유원지,53,가평 2024_02.csv,문화관광,복합관광시설
가평,2024,2,2024-02,79,경기도,가평군,가평레져카트장,51,가평 2024_02.csv,레저스포츠,기타레저스포츠
가평,2024,2,2024-02,79,경기도,가평군,녹수계곡,51,가평 2024_02.csv,자연관광,자연경관(산)
가평,2024,2,2024-02,81,경기도,가평군,가평정기5일시장,50,가평 2024_02.csv,쇼핑,시장
가평,2024,2,2024-02,82,경기도,가평군,조종시네마,45,가평 2024_02.csv,문화관광,공연시설
가평,2024,2,2024-02,83,경기도,가평군,현리유원지,44,가평 2024_02.csv,문화관광,복합관광시설
가평,2024,2,2024-02,84,경기도,가평군,상락향수도원,41,가평 2024_02.csv,역사관광,종교성지
가평,2024,2,2024-02,85,경기도,가평군,중미산,39,가평 2024_02.csv,자연관광,자연경관(산)
가평,2024,2,2024-02,85,경기도,가평군,산림생태문화체험단지,39,가평 2024_02.csv,기타관광,기타관광
가평,2024,2,2024-02,87,경기도,가평군,청평호수길,37,가평 2024_02.csv,기타관광,기타관광
가평,2024,2,2024-02,87,경기도,가평군,이정웅스페이스,37,가평 2024_02.csv,문화관광,전시시설
가평,2024,2,2024-02,89,경기도,가평군,자라섬생태공원,36,가평 2024_02.csv,문화관광,도시공원
가평,2024,2,2024-02,90,경기도,가평군,자연과별천문대,35,가평 2024_02.csv,기타관광,기타관광
가평,2024,2,2024-02,90,경기도,가평군,취옹예술관,35,가평 2024_02.csv,문화관광,전시시설
가평,2024,2,2024-02,90,경기도,가평군,호명산드라이브코스,35,가평 2024_02.csv,기타관광,데이트코스
가평,2024,2,2024-02,93,경기도,가평군,가평수목원,34,가평 2024_02.csv,자연관광,자연공원
가평,2024,2,2024-02,93,경기도,가평군,명지산생태전시관,34,가평 2024_02.csv,문화관광,전시시설
가평,2024,2,2024-02,95,경기도,가평군,가평현리5일장,32,가평 2024_02.csv,쇼핑,시장
가평,2024,2,2024-02,95,경기도,가평군,화악산,32,가평 2024_02.csv,자연관광,자연경관(산)
가평,2024,2,2024-02,95,경기도,가평군,청평얼음꽃송어축제,32,가평 2024_02.csv,문화관광,기타문화관광지
가평,2024,2,2024-02,98,경기도,가평군,도장골낚시터,29,가평 2024_02.csv,레저스포츠,수상레저스포츠
가평,2024,2,2024-02,99,경기도,가평군,북면생활체육공원,28,가평 2024_02.csv,문화관광,도시공원
가평,2024,2,2024-02,99,경기도,가평군,더스테이힐링파크링스파3골프장,28,가평 2024_02.csv,레저스포츠,육상레저스포츠
가평,2024,2,2024-02,99,경기도,가평군,물의나라유원지,28,가평 2024_02.csv,문화관광,복합관광시설
가평,2024,2,2024-02,102,경기도,가평군,가평축령산잣나무숲,27,가평 2024_02.csv,자연관광,자연공원
가평,2024,2,2024-02,103,경기도,가평군,남도꽃정원,24,가평 2024_02.csv,문화관광,도시공원
가평,2024,2,2024-02,103,경기도,가평군,설악5일장,24,가평 2024_02.csv,쇼핑,시장
가평,2024,2,2024-02,105,경기도,가평군,청룡사,23,가평 2024_02.csv,역사관광,종교성지
가평,2024,2,2024-02,105,경기도,가평군,하천리생활체육공원,23,가평 2024_02.csv,문화관광,도시공원
가평,2024,2,2024-02,105,경기도,가평군,파로티아워터하우스수상레저,23,가평 2024_02.csv,레저스포츠,수상레저스포츠
가평,2024,2,2024-02,108,경기도,가평군,가평무브베이스볼파크,22,가평 2024_02.csv,문화관광,레저스포츠시설
가평,2024,2,2024-02,108,경기도,가평군,노랑다리미술관,22,가평 2024_02.csv,문화관광,전시시설
가평,2024,2,2024-02,108,경기도,가평군,가평에덴벚꽃길,22,가평 2024_02.csv,기타관광,기타관광
가평,2024,2,2024-02,111,경기도,가평군,조종생활체육공원,21,가평 2024_02.csv,문화관광,도시공원
가평,2024,2,2024-02,111,경기도,가평군,향원사,21,가평 2024_02.csv,역사관광,종교성지
가평,2024,2,2024-02,111,경기도,가평군,산유낚시터,21,가평 2024_02.csv,레저스포츠,수상레저스포츠
가평,2024,2,2024-02,111,경기도,가평군,포세이돈,21,가평 2024_02.csv,레저스포츠,수상레저스포츠
가평,2024,2,2024-02,115,경기도,가평군,용소폭포,20,가평 2024_02.csv,자연관광,자연경관(산)
가평,2024,2,2024-02,115,경기도,가평군,축령사,20,가평 2024_02.csv,역사관광,종교성지
가평,2024,2,2024-02,117,경기도,가평군,가평역레져,19,가평 2024_02.csv,레저스포츠,기타레저스포츠
가평,2024,2,2024-02,117,경기도,가평군,청평워터피아,19,가평 2024_02.csv,레저스포츠,수상레저스포츠
가평,2024,2,2024-02,119,경기도,가평군,상천낚시터,17,가평 2024_02.csv,레저스포츠,수상레저스포츠
가평,2024,2,2024-02,120,경기도,가평군,운악산관음사,15,가평 2024_02.csv,역사관광,종교성지
가평,2024,2,2024-02,120,경기도,가평군,청평암,15,가평 2024_02.csv,역사관광,종교성지
가평,2024,2,2024-02,120,경기도,가평군,불기고개,15,가평 2024_02.csv,자연관광,자연경관(산)
가평,2024,2,2024-02,120,경기도,가평군,연인산도립공원탐방안내소,15,가평 2024_02.csv,기타관광,기타관광
가평,2024,2,2024-02,124,경기도,가평군,운악산용수사,14,가평 2024_02.csv,역사관광,종교성지
가평,2024,2,2024-02,124,경기도,가평군,연인산명품계곡길,14,가평 2024_02.csv,레저스포츠,기타레저스포츠
가평,2024,2,2024-02,124,경기도,가평군,가마소유원지,14,가평 2024_02.csv,문화관광,복합관광시설
가평,2024,2,2024-02,124,경기도,가평군,상면생활체육공원,14,가평 2024_02.csv,문화관광,도시공원
가평,2024,2,2024-02,128,경기도,가평군,경기도잣향기푸른숲안내매표소,13,가평 2024_02.csv,기타관광,기타관광
가평,2024,2,2024-02,128,경기도,가평군,청평유원지,13,가평 2024_02.csv,문화관광,복합관광시설
가평,2024,2,2024-02,128,경기도,가평군,두밀리낚시터,13,가평 2024_02.csv,레저스포츠,수상레저스포츠
가평,2024,2,2024-02,128,경기도,가평군,미국한국전쟁참전기념비,13,가평 2024_02.csv,역사관광,역사유물
가평,2024,2,2024-02,132,경기도,가평군,삼회리벚꽃길,11,가평 2024_02.csv,기타관광,데이트코스
가평,2024,2,2024-02,132,경기도,가평군,HJ매그놀리아멋집,11,가평 2024_02.csv,문화관광,기타문화관광지
가평,2024,2,2024-02,132,경기도,가평군,가평낚시터,11,가평 2024_02.csv,레저스포츠,수상레저스포츠
가평,2024,2,2024-02,132,경기도,가평군,인터렉티브아트뮤지엄,11,가평 2024_02.csv,문화관광,전시시설
가평,2024,2,2024-02,132,경기도,가평군,태은사,11,가평 2024_02.csv,역사관광,종교성지
가평,2024,2,2024-02,137,경기도,가평군,호국연호사,10,가평 2024_02.csv,역사관광,종교성지
가평,2024,2,2024-02,137,경기도,가평군,극락정사,10,가평 2024_02.csv,역사관광,종교성지
가평,2024,2,2024-02,137,경기도,가평군,대금사,10,가평 2024_02.csv,역사관광,종교성지
가평,2024,2,2024-02,140,경기도,가평군,관음사,9,가평 2024_02.csv,역사관광,종교성지
가평,2024,2,2024-02,140,경기도,가평군,마린랜드,9,가평 2024_02.csv,레저스포츠,수상레저스포츠
가평,2024,2,2024-02,140,경기도,가평군,연인산,9,가평 2024_02.csv,자연관광,자연경관(산)
가평,2024,2,2024-02,140,경기도,가평군,보납산전망대,9,가평 2024_02.csv,문화관광,랜드마크관광
가평,2024,2,2024-02,144,경기도,가평군,북배산흑염소농장,8,가평 2024_02.csv,체험관광,농/산/어촌체험
가평,2024,2,2024-02,145,경기도,가평군,웨이크베이리조트,7,가평 2024_02.csv,레저스포츠,기타레저스포츠
가평,2024,2,2024-02,145,경기도,가평군,운곡암,7,가평 2024_02.csv,역사관광,종교성지
가평,2024,2,2024-02,145,경기도,가평군,신청평대교야구장,7,가평 2024_02.csv,문화관광,레저스포츠시설
가평,2024,2,2024-02,145,경기도,가평군,명지계곡,7,가평 2024_02.csv,자연관광,자연경관(산)
가평,2024,2,2024-02,145,경기도,가평군,송학포유원지,7,가평 2024_02.csv,문화관광,복합관광시설
가평,2024,2,2024-02,145,경기도,가평군,선어치,7,가평 2024_02.csv,자연관광,자연경관(산)
가평,2024,2,2024-02,151,경기도,가평군,이천보고가,6,가평 2024_02.csv,역사관광,역사유적지
가평,2024,2,2024-02,151,경기도,가평군,수풀로삼회리,6,가평 2024_02.csv,문화관광,도시공원
가평,2024,2,2024-02,151,경기도,가평군,백팔유원지,6,가평 2024_02.csv,문화관광,복합관광시설
가평,2024,2,2024-02,151,경기도,가평군,남송미술관,6,가평 2024_02.csv,문화관광,전시시설
가평,2024,2,2024-02,151,경기도,가평군,수영인의마을,6,가평 2024_02.csv,레저스포츠,수상레저스포츠
가평,2024,2,2024-02,151,경기도,가평군,청평첫집,6,가평 2024_02.csv,레저스포츠,수상레저스포츠
가평,2024,2,2024-02,151,경기도,가평군,성운사,6,가평 2024_02.csv,역사관광,종교성지
가평,2024,2,2024-02,151,경기도,가평군,에덴벚꽃길,6,가평 2024_02.csv,레저스포츠,기타레저스포츠
가평,2024,2,2024-02,151,경기도,가평군,호명산,6,가평 2024_02.csv,자연관광,자연경관(산)
가평,2024,2,2024-02,151,경기도,가평군,조종생활체육공원축구장,6,가평 2024_02.csv,문화관광,레저스포츠시설
가평,2024,2,2024-02,151,경기도,가평군,성주사,6,가평 2024_02.csv,역사관광,종교성지
가평,2024,2,2024-02,162,경기도,가평군,일지안호범미술관,5,가평 2024_02.csv,문화관광,전시시설
가평,2024,2,2024-02,162,경기도,가평군,구원사,5,가평 2024_02.csv,역사관광,종교성지
가평,2024,2,2024-02,162,경기도,가평군,크리스월드수상레저,5,가평 2024_02.csv,레저스포츠,수상레저스포츠
가평,2024,2,2024-02,165,경기도,가평군,상천루,4,가평 2024_02.csv,문화관광,도시공원
가평,2024,2,2024-02,165,경기도,가평군,청춘역1979,4,가평 2024_02.csv,문화관광,도시공원
가평,2024,2,2024-02,165,경기도,가평군,스프레드프리다이빙,4,가평 2024_02.csv,레저스포츠,수상레저스포츠
가평,2024,2,2024-02,165,경기도,가평군,어항소유원지,4,가평 2024_02.csv,문화관광,복합관광시설
가평,2024,2,2024-02,165,경기도,가평군,설악생활체육공원,4,가평 2024_02.csv,문화관광,도시공원
가평,2024,2,2024-02,165,경기도,가평군,아마란스리조트,4,가평 2024_02.csv,레저스포츠,수상레저스포츠
가평,2024,2,2024-02,165,경기도,가평군,가평군 상면 조가터마을,4,가평 2024_02.csv,문화관광,도시/지역문화관광
가평,2024,2,2024-02,165,경기도,가평군,성관사,4,가평 2024_02.csv,역사관광,종교성지
가평,2024,2,2024-02,173,경기도,가평군,프리다이브그랑블루가평센터,3,가평 2024_02.csv,레저스포츠,수상레저스포츠
가평,2024,2,2024-02,173,경기도,가평군,가평현암농경박물관,3,가평 2024_02.csv,문화관광,전시시설
가평,2024,2,2024-02,173,경기도,가평군,자이언트수상레저리조트,3,가평 2024_02.csv,레저스포츠,수상레저스포츠
가평,2024,2,2024-02,173,경기도,가평군,마린제트모터스,3,가평 2024_02.csv,레저스포츠,수상레저스포츠
가평,2024,2,2024-02,173,경기도,가평군,하연홍익표선생기념관,3,가평 2024_02.csv,문화관광,전시시설
가평,2024,2,2024-02,173,경기도,가평군,영연방참전기념비,3,가평 2024_02.csv,역사관광,역사유물
가평,2024,2,2024-02,173,경기도,가평군,이정구선생묘,3,가평 2024_02.csv,역사관광,역사유적지
가평,2024,2,2024-02,173,경기도,가평군,운악산가평현등사방면,3,가평 2024_02.csv,자연관광,자연경관(산)
가평,2024,2,2024-02,173,경기도,가평군,청평페리유람선,3,가평 2024_02.csv,기타관광,교통시설
가평,2024,2,2024-02,173,경기도,가평군,대성사,3,가평 2024_02.csv,역사관광,종교성지
가평,2024,2,2024-02,173,경기도,가평군,현등사계곡,3,가평 2024_02.csv,자연관광,자연경관(산)
가평,2024,2,2024-02,173,경기도,가평군,귀목계곡,3,가평 2024_02.csv,자연관광,자연경관(산)
가평,2024,2,2024-02,173,경기도,가평군,청정낚시터,3,가평 2024_02.csv,레저스포츠,수상레저스포츠
가평,2024,2,2024-02,173,경기도,가평군,용추계곡유원지,3,가평 2024_02.csv,문화관광,복합관광시설
가평,2024,2,2024-02,173,경기도,가평군,설미재미술관,3,가평 2024_02.csv,문화관광,전시시설
가평,2024,2,2024-02,173,경기도,가평군,쁘띠프랑스피노키오앤어린왕자별빛축제,3,가평 2024_02.csv,문화관광,기타문화관광지
가평,2024,2,2024-02,173,경기도,가평군,주금산,3,가평 2024_02.csv,자연관광,자연경관(산)
가평,2024,2,2024-02,173,경기도,가평군,텃바위유원지,3,가평 2024_02.csv,문화관광,복합관광시설
가평,2024,2,2024-02,173,경기도,가평군,상락향,3,가평 2024_02.csv,역사관광,종교성지
가평,2024,2,2024-02,173,경기도,가평군,현대집,3,가평 2024_02.csv,레저스포츠,수상레저스포츠
가평,2024,2,2024-02,173,경기도,가평군,효심사,3,가평 2024_02.csv,역사관광,종교성지
가평,2024,2,2024-02,173,경기도,가평군,지장사,3,가평 2024_02.csv,역사관광,종교성지
가평,2024,2,2024-02,173,경기도,가평군,도마양어장,3,가평 2024_02.csv,체험관광,농/산/어촌체험
가평,2024,2,2024-02,173,경기도,가평군,돌고래수상레저,3,가평 2024_02.csv,레저스포츠,기타레저스포츠
가평,2024,2,2024-02,173,경기도,가평군,울업산,3,가평 2024_02.csv,자연관광,자연경관(산)
가평,2024,2,2024-02,173,경기도,가평군,성불사,3,가평 2024_02.csv,역사관광,종교성지
가평,2024,3,2024-03,1,경기도,가평군,남이섬선착장,6918,가평 2024_03.csv,기타관광,교통시설
가평,2024,3,2024-03,2,경기도,가평군,남이섬,6863,가평 2024_03.csv,자연관광,자연경관(하천/해양)
가평,2024,3,2024-03,3,경기도,가평군,아침고요수목원,6419,가평 2024_03.csv,문화관광,테마공원
가평,2024,3,2024-03,4,경기도,가평군,가평베네스트GC,6023,가평 2024_03.csv,레저스포츠,육상레저스포츠
가평,2024,3,2024-03,5,경기도,가평군,청평역,5184,가평 2024_03.csv,기타관광,교통시설
가평,2024,3,2024-03,6,경기도,가평군,베뉴지CC,4352,가평 2024_03.csv,레저스포츠,육상레저스포츠
가평,2024,3,2024-03,7,경기도,가평군,썬힐GC,4303,가평 2024_03.csv,레저스포츠,육상레저스포츠
가평,2024,3,2024-03,8,경기도,가평군,아난티코드골프클럽,4064,가평 2024_03.csv,레저스포츠,육상레저스포츠
가평,2024,3,2024-03,9,경기도,가평군,프리스틴밸리GC,3826,가평 2024_03.csv,레저스포츠,육상레저스포츠
가평,2024,3,2024-03,10,경기도,가평군,크리스탈밸리CC,3773,가평 2024_03.csv,레저스포츠,육상레저스포츠
가평,2024,3,2024-03,11,경기도,가평군,쁘띠프랑스,3500,가평 2024_03.csv,문화관광,복합관광시설
가평,2024,3,2024-03,12,경기도,가평군,대성리역,3321,가평 2024_03.csv,기타관광,교통시설
가평,2024,3,2024-03,13,경기도,가평군,리앤리CC,3303,가평 2024_03.csv,레저스포츠,육상레저스포츠
가평,2024,3,2024-03,14,경기도,가평군,마이다스밸리청평 골프클럽,2288,가평 2024_03.csv,레저스포츠,육상레저스포츠
가평,2024,3,2024-03,15,경기도,가평군,아침고요가족동물원,2227,가평 2024_03.csv,문화관광,테마공원
가평,2024,3,2024-03,16,경기도,가평군,자라섬,2064,가평 2024_03.csv,자연관광,자연경관(하천/해양)
가평,2024,3,2024-03,17,경기도,가평군,현리시외버스터미널,2045,가평 2024_03.csv,기타관광,교통시설
가평,2024,3,2024-03,18,경기도,가평군,유명산자연휴양림,1891,가평 2024_03.csv,자연관광,자연공원
가평,2024,3,2024-03,19,경기도,가평군,신비동물원,1749,가평 2024_03.csv,문화관광,테마공원
가평,2024,3,2024-03,20,경기도,가평군,가평시외버스터미널,1225,가평 2024_03.csv,기타관광,교통시설
가평,2024,3,2024-03,21,경기도,가평군,경기도잣향기푸른숲,1211,가평 2024_03.csv,자연관광,자연공원
가평,2024,3,2024-03,22,경기도,가평군,청평시외버스터미널,1137,가평 2024_03.csv,기타관광,교통시설
가평,2024,3,2024-03,23,경기도,가평군,에델바이스스위스테마파크,1080,가평 2024_03.csv,문화관광,테마공원
가평,2024,3,2024-03,24,경기도,가평군,강촌레일파크가평역,848,가평 2024_03.csv,레저스포츠,기타레저스포츠
가평,2024,3,2024-03,25,경기도,가평군,상천역,689,가평 2024_03.csv,기타관광,교통시설
가평,2024,3,2024-03,26,경기도,가평군,청평호반드라이브코스,687,가평 2024_03.csv,기타관광,데이트코스
가평,2024,3,2024-03,27,경기도,가평군,K26잠수풀,584,가평 2024_03.csv,레저스포츠,수상레저스포츠
가평,2024,3,2024-03,28,경기도,가평군,한국초콜릿연구소뮤지엄,545,가평 2024_03.csv,문화관광,전시시설
가평,2024,3,2024-03,29,경기도,가평군,산장관광지,533,가평 2024_03.csv,문화관광,복합관광시설
가평,2024,3,2024-03,30,경기도,가평군,호명호수,488,가평 2024_03.csv,자연관광,자연경관(하천/해양)
가평,2024,3,2024-03,31,경기도,가평군,이탈리아마을 피노키오와다빈치,443,가평 2024_03.csv,문화관광,복합관광시설
가평,2024,3,2024-03,32,경기도,가평군,이화원,436,가평 2024_03.csv,문화관광,도시공원
가평,2024,3,2024-03,33,경기도,가평군,청심국제청소년수련원,434,가평 2024_03.csv,레저스포츠,육상레저스포츠
가평,2024,3,2024-03,34,경기도,가평군,청심평화월드센터,427,가평 2024_03.csv,문화관광,공연시설
가평,2024,3,2024-03,35,경기도,가평군,청평호,397,가평 2024_03.csv,자연관광,자연경관(하천/해양)
가평,2024,3,2024-03,36,경기도,가평군,청평자연휴양림,389,가평 2024_03.csv,자연관광,자연공원
가평,2024,3,2024-03,37,경기도,가평군,음악역1939,388,가평 2024_03.csv,문화관광,기타문화관광지
가평,2024,3,2024-03,38,경기도,가평군,현등사,387,가평 2024_03.csv,역사관광,종교성지
가평,2024,3,2024-03,39,경기도,가평군,꿈의동산,385,가평 2024_03.csv,문화관광,복합관광시설
가평,2024,3,2024-03,40,경기도,가평군,설악시외버스터미널,384,가평 2024_03.csv,기타관광,교통시설
가평,2024,3,2024-03,41,경기도,가평군,잣고을전통시장,374,가평 2024_03.csv,쇼핑,시장
가평,2024,3,2024-03,42,경기도,가평군,가평별빛공원,369,가평 2024_03.csv,문화관광,도시공원
가평,2024,3,2024-03,43,경기도,가평군,가평군어린이음악놀이터,345,가평 2024_03.csv,문화관광,테마공원
가평,2024,3,2024-03,44,경기도,가평군,강씨봉자연휴양림,335,가평 2024_03.csv,자연관광,자연공원
가평,2024,3,2024-03,45,경기도,가평군,호명호수공원,292,가평 2024_03.csv,문화관광,도시공원
가평,2024,3,2024-03,46,경기도,가평군,백련사,285,가평 2024_03.csv,역사관광,종교성지
가평,2024,3,2024-03,47,경기도,가평군,대성리국민관광지,277,가평 2024_03.csv,문화관광,복합관광시설
가평,2024,3,2024-03,48,경기도,가평군,청평생활체육공원,265,가평 2024_03.csv,문화관광,도시공원
가평,2024,3,2024-03,49,경기도,가평군,캠프통아일랜드,244,가평 2024_03.csv,레저스포츠,수상레저스포츠
가평,2024,3,2024-03,50,경기도,가평군,W홀스랜드,231,가평 2024_03.csv,레저스포츠,육상레저스포츠
가평,2024,3,2024-03,51,경기도,가평군,캠프통포레스트,230,가평 2024_03.csv,레저스포츠,수상레저스포츠
가평,2024,3,2024-03,52,경기도,가평군,칼봉산자연휴양림,229,가평 2024_03.csv,자연관광,자연공원
가평,2024,3,2024-03,53,경기도,가평군,운악산출렁다리,222,가평 2024_03.csv,기타관광,기타관광
가평,2024,3,2024-03,54,경기도,가평군,가평베고니아새정원,219,가평 2024_03.csv,문화관광,테마공원
가평,2024,3,2024-03,55,경기도,가평군,청평5일시장,190,가평 2024_03.csv,쇼핑,시장
가평,2024,3,2024-03,56,경기도,가평군,어비계곡,163,가평 2024_03.csv,자연관광,자연경관(산)
가평,2024,3,2024-03,57,경기도,가평군,가일미술관,162,가평 2024_03.csv,문화관광,전시시설
가평,2024,3,2024-03,57,경기도,가평군,용추계곡,162,가평 2024_03.csv,자연관광,자연경관(산)
가평,2024,3,2024-03,59,경기도,가평군,가평파크골프장,159,가평 2024_03.csv,레저스포츠,육상레저스포츠
가평,2024,3,2024-03,60,경기도,가평군,천정궁박물관,157,가평 2024_03.csv,문화관광,전시시설
가평,2024,3,2024-03,60,경기도,가평군,가평에덴벚꽃길,157,가평 2024_03.csv,기타관광,기타관광
가평,2024,3,2024-03,62,경기도,가평군,트니트니어드벤처,146,가평 2024_03.csv,문화관광,테마공원
가평,2024,3,2024-03,63,경기도,가평군,더스테이힐링파크링스파3골프장,142,가평 2024_03.csv,레저스포츠,육상레저스포츠
가평,2024,3,2024-03,64,경기도,가평군,운악산,138,가평 2024_03.csv,자연관광,자연경관(산)
가평,2024,3,2024-03,65,경기도,가평군,산림생태문화체험단지,131,가평 2024_03.csv,기타관광,기타관광
가평,2024,3,2024-03,66,경기도,가평군,대원사,129,가평 2024_03.csv,역사관광,종교성지
가평,2024,3,2024-03,67,경기도,가평군,가평정기5일시장,115,가평 2024_03.csv,쇼핑,시장
가평,2024,3,2024-03,68,경기도,가평군,녹수계곡,112,가평 2024_03.csv,자연관광,자연경관(산)
가평,2024,3,2024-03,69,경기도,가평군,유명산,107,가평 2024_03.csv,자연관광,자연경관(산)
가평,2024,3,2024-03,70,경기도,가평군,가평뮤직빌리지1939시네마,103,가평 2024_03.csv,문화관광,공연시설
가평,2024,3,2024-03,71,경기도,가평군,가평TOP랜드,102,가평 2024_03.csv,레저스포츠,수상레저스포츠
가평,2024,3,2024-03,72,경기도,가평군,도장골낚시터,98,가평 2024_03.csv,레저스포츠,수상레저스포츠
가평,2024,3,2024-03,72,경기도,가평군,가평레져카트장,98,가평 2024_03.csv,레저스포츠,기타레저스포츠
가평,2024,3,2024-03,74,경기도,가평군,목동버스터미널,91,가평 2024_03.csv,기타관광,교통시설
가평,2024,3,2024-03,75,경기도,가평군,청평호수길,88,가평 2024_03.csv,기타관광,기타관광
가평,2024,3,2024-03,75,경기도,가평군,아침고요수목원오색별빛정원전,88,가평 2024_03.csv,문화관광,기타문화관광지
가평,2024,3,2024-03,75,경기도,가평군,가평브릿지짚라인,88,가평 2024_03.csv,레저스포츠,기타레저스포츠
가평,2024,3,2024-03,78,경기도,가평군,조종시네마,86,가평 2024_03.csv,문화관광,공연시설
가평,2024,3,2024-03,79,경기도,가평군,북면생활체육공원,85,가평 2024_03.csv,문화관광,도시공원
가평,2024,3,2024-03,80,경기도,가평군,삼회리벚꽃길,82,가평 2024_03.csv,기타관광,데이트코스
가평,2024,3,2024-03,81,경기도,가평군,가평수목원,81,가평 2024_03.csv,자연관광,자연공원
가평,2024,3,2024-03,82,경기도,가평군,청평유원지,79,가평 2024_03.csv,문화관광,복합관광시설
가평,2024,3,2024-03,83,경기도,가평군,스카이라인짚와이어,77,가평 2024_03.csv,문화관광,복합관광시설
가평,2024,3,2024-03,84,경기도,가평군,경기도잣향기푸른숲안내매표소,75,가평 2024_03.csv,기타관광,기타관광
가평,2024,3,2024-03,85,경기도,가평군,남도꽃정원,71,가평 2024_03.csv,문화관광,도시공원
가평,2024,3,2024-03,85,경기도,가평군,달마공원관음사,71,가평 2024_03.csv,역사관광,종교성지
가평,2024,3,2024-03,87,경기도,가평군,리버랜드번지점프장,67,가평 2024_03.csv,레저스포츠,육상레저스포츠
가평,2024,3,2024-03,87,경기도,가평군,호명산드라이브코스,67,가평 2024_03.csv,기타관광,데이트코스
가평,2024,3,2024-03,89,경기도,가평군,자라섬생태공원,65,가평 2024_03.csv,문화관광,도시공원
가평,2024,3,2024-03,90,경기도,가평군,연인산,62,가평 2024_03.csv,자연관광,자연경관(산)
가평,2024,3,2024-03,91,경기도,가평군,명지산생태전시관,55,가평 2024_03.csv,문화관광,전시시설
가평,2024,3,2024-03,91,경기도,가평군,물의나라유원지,55,가평 2024_03.csv,문화관광,복합관광시설
가평,2024,3,2024-03,93,경기도,가평군,말리부수상레저,54,가평 2024_03.csv,레저스포츠,기타레저스포츠
가평,2024,3,2024-03,93,경기도,가평군,현리유원지,54,가평 2024_03.csv,문화관광,복합관광시설
가평,2024,3,2024-03,95,경기도,가평군,대성리벚꽃길,52,가평 2024_03.csv,기타관광,기타관광
가평,2024,3,2024-03,95,경기도,가평군,바하마수상레포츠,52,가평 2024_03.csv,레저스포츠,수상레저스포츠
가평,2024,3,2024-03,97,경기도,가평군,조종생활체육공원,51,가평 2024_03.csv,문화관광,도시공원
가평,2024,3,2024-03,98,경기도,가평군,오페라하우스수상레저,50,가평 2024_03.csv,레저스포츠,수상레저스포츠
가평,2024,3,2024-03,99,경기도,가평군,운곡암,48,가평 2024_03.csv,역사관광,종교성지
가평,2024,3,2024-03,99,경기도,가평군,포세이돈,48,가평 2024_03.csv,레저스포츠,수상레저스포츠
가평,2024,3,2024-03,101,경기도,가평군,설악낚시터,47,가평 2024_03.csv,레저스포츠,수상레저스포츠
가평,2024,3,2024-03,102,경기도,가평군,설악생활체육공원,46,가평 2024_03.csv,문화관광,도시공원
가평,2024,3,2024-03,103,경기도,가평군,설악5일장,44,가평 2024_03.csv,쇼핑,시장
가평,2024,3,2024-03,104,경기도,가평군,용소폭포,43,가평 2024_03.csv,자연관광,자연경관(산)
가평,2024,3,2024-03,104,경기도,가평군,이정웅스페이스,43,가평 2024_03.csv,문화관광,전시시설
가평,2024,3,2024-03,106,경기도,가평군,자연과별천문대,38,가평 2024_03.csv,기타관광,기타관광
가평,2024,3,2024-03,106,경기도,가평군,수풀로삼회리,38,가평 2024_03.csv,문화관광,도시공원
가평,2024,3,2024-03,106,경기도,가평군,자라섬워터파크,38,가평 2024_03.csv,문화관광,테마공원
가평,2024,3,2024-03,109,경기도,가평군,화악산,36,가평 2024_03.csv,자연관광,자연경관(산)
가평,2024,3,2024-03,110,경기도,가평군,화야산,34,가평 2024_03.csv,자연관광,자연경관(산)
가평,2024,3,2024-03,111,경기도,가평군,엘혜윰의정원,33,가평 2024_03.csv,레저스포츠,육상레저스포츠
가평,2024,3,2024-03,112,경기도,가평군,가평현리5일장,31,가평 2024_03.csv,쇼핑,시장
가평,2024,3,2024-03,112,경기도,가평군,노랑다리미술관,31,가평 2024_03.csv,문화관광,전시시설
가평,2024,3,2024-03,112,경기도,가평군,에덴벚꽃길,31,가평 2024_03.csv,레저스포츠,기타레저스포츠
가평,2024,3,2024-03,112,경기도,가평군,청평워터피아,31,가평 2024_03.csv,레저스포츠,수상레저스포츠
가평,2024,3,2024-03,116,경기도,가평군,버드마리나수상레저,29,가평 2024_03.csv,레저스포츠,기타레저스포츠
가평,2024,3,2024-03,116,경기도,가평군,취옹예술관,29,가평 2024_03.csv,문화관광,전시시설
가평,2024,3,2024-03,116,경기도,가평군,운악산성불사,29,가평 2024_03.csv,역사관광,종교성지
가평,2024,3,2024-03,116,경기도,가평군,가평역레져,29,가평 2024_03.csv,레저스포츠,기타레저스포츠
가평,2024,3,2024-03,116,경기도,가평군,상면생활체육공원,29,가평 2024_03.csv,문화관광,도시공원
가평,2024,3,2024-03,121,경기도,가평군,가평축령산잣나무숲,28,가평 2024_03.csv,자연관광,자연공원
가평,2024,3,2024-03,122,경기도,가평군,서프앤,27,가평 2024_03.csv,레저스포츠,수상레저스포츠
가평,2024,3,2024-03,123,경기도,가평군,청룡사,26,가평 2024_03.csv,역사관광,종교성지
가평,2024,3,2024-03,124,경기도,가평군,운악산용수사,25,가평 2024_03.csv,역사관광,종교성지
가평,2024,3,2024-03,124,경기도,가평군,토마토레저파크,25,가평 2024_03.csv,레저스포츠,기타레저스포츠
가평,2024,3,2024-03,126,경기도,가평군,호국연호사,24,가평 2024_03.csv,역사관광,종교성지
가평,2024,3,2024-03,126,경기도,가평군,청평암,24,가평 2024_03.csv,역사관광,종교성지
가평,2024,3,2024-03,128,경기도,가평군,불기고개,23,가평 2024_03.csv,자연관광,자연경관(산)
가평,2024,3,2024-03,129,경기도,가평군,화야산큰골마을등산로,22,가평 2024_03.csv,자연관광,자연경관(산)
가평,2024,3,2024-03,130,경기도,가평군,청평생태공원,21,가평 2024_03.csv,문화관광,도시공원
가평,2024,3,2024-03,131,경기도,가평군,HJ매그놀리아멋집,20,가평 2024_03.csv,문화관광,기타문화관광지
가평,2024,3,2024-03,131,경기도,가평군,가마소유원지,20,가평 2024_03.csv,문화관광,복합관광시설
가평,2024,3,2024-03,131,경기도,가평군,마린랜드,20,가평 2024_03.csv,레저스포츠,수상레저스포츠
가평,2024,3,2024-03,131,경기도,가평군,인터렉티브아트뮤지엄,20,가평 2024_03.csv,문화관광,전시시설
가평,2024,3,2024-03,135,경기도,가평군,설악생활체육공원축구장,19,가평 2024_03.csv,문화관광,레저스포츠시설
가평,2024,3,2024-03,135,경기도,가평군,가평사계절썰매장,19,가평 2024_03.csv,레저스포츠,육상레저스포츠
가평,2024,3,2024-03,135,경기도,가평군,수영인의마을,19,가평 2024_03.csv,레저스포츠,수상레저스포츠
가평,2024,3,2024-03,135,경기도,가평군,북배산흑염소농장,19,가평 2024_03.csv,체험관광,농/산/어촌체험
가평,2024,3,2024-03,135,경기도,가평군,가평무브베이스볼파크,19,가평 2024_03.csv,문화관광,레저스포츠시설
가평,2024,3,2024-03,135,경기도,가평군,탑코리아수상레저,19,가평 2024_03.csv,레저스포츠,수상레저스포츠
가평,2024,3,2024-03,135,경기도,가평군,신청평대교야구장,19,가평 2024_03.csv,문화관광,레저스포츠시설
가평,2024,3,2024-03,135,경기도,가평군,에덴야구장,19,가평 2024_03.csv,문화관광,레저스포츠시설
가평,2024,3,2024-03,135,경기도,가평군,태은사,19,가평 2024_03.csv,역사관광,종교성지
가평,2024,3,2024-03,144,경기도,가평군,색현터널,18,가평 2024_03.csv,기타관광,기타관광
가평,2024,3,2024-03,144,경기도,가평군,클럽이글스수상레저,18,가평 2024_03.csv,레저스포츠,기타레저스포츠
가평,2024,3,2024-03,144,경기도,가평군,선어치,18,가평 2024_03.csv,자연관광,자연경관(산)
가평,2024,3,2024-03,144,경기도,가평군,맨하탄수상레져,18,가평 2024_03.csv,레저스포츠,수상레저스포츠
가평,2024,3,2024-03,148,경기도,가평군,청평설빙송어빙어축제,17,가평 2024_03.csv,문화관광,기타문화관광지
가평,2024,3,2024-03,148,경기도,가평군,하천리생활체육공원,17,가평 2024_03.csv,문화관광,도시공원
가평,2024,3,2024-03,150,경기도,가평군,연인산명품계곡길,16,가평 2024_03.csv,레저스포츠,기타레저스포츠
가평,2024,3,2024-03,150,경기도,가평군,가평군 상면 조가터마을,16,가평 2024_03.csv,문화관광,도시/지역문화관광
가평,2024,3,2024-03,152,경기도,가평군,가평하늘커피농장,15,가평 2024_03.csv,체험관광,농/산/어촌체험
가평,2024,3,2024-03,152,경기도,가평군,르푸앙수상레져,15,가평 2024_03.csv,레저스포츠,수상레저스포츠
가평,2024,3,2024-03,154,경기도,가평군,웨이크베이리조트,14,가평 2024_03.csv,레저스포츠,기타레저스포츠
가평,2024,3,2024-03,154,경기도,가평군,극락정사,14,가평 2024_03.csv,역사관광,종교성지
가평,2024,3,2024-03,154,경기도,가평군,산유낚시터,14,가평 2024_03.csv,레저스포츠,수상레저스포츠
가평,2024,3,2024-03,154,경기도,가평군,연인산도립공원탐방안내소,14,가평 2024_03.csv,기타관광,기타관광
가평,2024,3,2024-03,158,경기도,가평군,상천루,13,가평 2024_03.csv,문화관광,도시공원
가평,2024,3,2024-03,158,경기도,가평군,가평묘목농원,13,가평 2024_03.csv,체험관광,농/산/어촌체험
가평,2024,3,2024-03,158,경기도,가평군,호명산,13,가평 2024_03.csv,자연관광,자연경관(산)
가평,2024,3,2024-03,161,경기도,가평군,청평유원지,12,가평 2024_03.csv,문화관광,복합관광시설
가평,2024,3,2024-03,161,경기도,가평군,화야산사기막등산로,12,가평 2024_03.csv,자연관광,자연경관(산)
가평,2024,3,2024-03,161,경기도,가평군,남송미술관,12,가평 2024_03.csv,문화관광,전시시설
가평,2024,3,2024-03,161,경기도,가평군,귀목계곡,12,가평 2024_03.csv,자연관광,자연경관(산)
가평,2024,3,2024-03,161,경기도,가평군,바우유원지,12,가평 2024_03.csv,문화관광,복합관광시설
가평,2024,3,2024-03,161,경기도,가평군,청평첫집,12,가평 2024_03.csv,레저스포츠,수상레저스포츠
가평,2024,3,2024-03,167,경기도,가평군,물조은빠지,11,가평 2024_03.csv,레저스포츠,수상레저스포츠
가평,2024,3,2024-03,167,경기도,가평군,팀더블유,11,가평 2024_03.csv,레저스포츠,기타레저스포츠
가평,2024,3,2024-03,167,경기도,가평군,에덴벚꽃길벚꽃축제,11,가평 2024_03.csv,문화관광,기타문화관광지
가평,2024,3,2024-03,167,경기도,가평군,명지계곡,11,가평 2024_03.csv,자연관광,자연경관(산)
가평,2024,3,2024-03,167,경기도,가평군,행복축구전용구장,11,가평 2024_03.csv,문화관광,레저스포츠시설
가평,2024,3,2024-03,167,경기도,가평군,울업산,11,가평 2024_03.csv,자연관광,자연경관(산)
가평,2024,3,2024-03,167,경기도,가평군,가평리틀야구장,11,가평 2024_03.csv,문화관광,레저스포츠시설
가평,2024,3,2024-03,174,경기도,가평군,베니스수상레저,10,가평 2024_03.csv,레저스포츠,수상레저스포츠
가평,2024,3,2024-03,174,경기도,가평군,영안청소년수련원,10,가평 2024_03.csv,레저스포츠,육상레저스포츠
가평,2024,3,2024-03,174,경기도,가평군,상락향수도원,10,가평 2024_03.csv,역사관광,종교성지
가평,2024,3,2024-03,174,경기도,가평군,남이섬벚꽃명소,10,가평 2024_03.csv,기타관광,기타관광
가평,2024,3,2024-03,178,경기도,가평군,중앙내수면연구소벚꽃길,9,가평 2024_03.csv,기타관광,기타관광
가평,2024,3,2024-03,178,경기도,가평군,관음사,9,가평 2024_03.csv,역사관광,종교성지
가평,2024,3,2024-03,178,경기도,가평군,청평페리유람선,9,가평 2024_03.csv,기타관광,교통시설
가평,2024,3,2024-03,178,경기도,가평군,가평낚시터,9,가평 2024_03.csv,레저스포츠,수상레저스포츠
가평,2024,3,2024-03,182,경기도,가평군,아루바수상레저,8,가평 2024_03.csv,레저스포츠,기타레저스포츠
가평,2024,3,2024-03,182,경기도,가평군,운악산관음사,8,가평 2024_03.csv,역사관광,종교성지
가평,2024,3,2024-03,182,경기도,가평군,화야산뽀루봉식당등산로,8,가평 2024_03.csv,자연관광,자연경관(산)
가평,2024,3,2024-03,185,경기도,가평군,뾰루봉,7,가평 2024_03.csv,자연관광,자연경관(산)
가평,2024,3,2024-03,185,경기도,가평군,폭포낚시,7,가평 2024_03.csv,레저스포츠,수상레저스포츠
가평,2024,3,2024-03,187,경기도,가평군,일광사,6,가평 2024_03.csv,역사관광,종교성지
가평,2024,3,2024-03,187,경기도,가평군,대성리국민관광지관광안내소,6,가평 2024_03.csv,기타관광,기타관광
가평,2024,3,2024-03,187,경기도,가평군,스프레드프리다이빙,6,가평 2024_03.csv,레저스포츠,수상레저스포츠
가평,2024,3,2024-03,187,경기도,가평군,상천낚시터,6,가평 2024_03.csv,레저스포츠,수상레저스포츠
가평,2024,3,2024-03,187,경기도,가평군,이정구선생묘,6,가평 2024_03.csv,역사관광,역사유적지
가평,2024,3,2024-03,187,경기도,가평군,백팔유원지,6,가평 2024_03.csv,문화관광,복합관광시설
가평,2024,3,2024-03,187,경기도,가평군,축령사,6,가평 2024_03.csv,역사관광,종교성지
가평,2024,3,2024-03,187,경기도,가평군,보납산전망대,6,가평 2024_03.csv,문화관광,랜드마크관광
가평,2024,3,2024-03,187,경기도,가평군,미국한국전쟁참전기념비,6,가평 2024_03.csv,역사관광,역사유물
가평,2024,3,2024-03,196,경기도,가평군,조종천계곡,5,가평 2024_03.csv,자연관광,자연경관(산)
가평,2024,3,2024-03,196,경기도,가평군,현충탑,5,가평 2024_03.csv,역사관광,역사유물
가평,2024,3,2024-03,196,경기도,가평군,구원사,5,가평 2024_03.csv,역사관광,종교성지
가평,2024,3,2024-03,196,경기도,가평군,백자동유원지,5,가평 2024_03.csv,문화관광,복합관광시설
가평,2024,3,2024-03,196,경기도,가평군,클럽에덴수상레져타운,5,가평 2024_03.csv,레저스포츠,수상레저스포츠
가평,2024,3,2024-03,196,경기도,가평군,수암사,5,가평 2024_03.csv,역사관광,종교성지
가평,2024,3,2024-03,202,경기도,가평군,도대리용소폭포,4,가평 2024_03.csv,자연관광,자연경관(산)
가평,2024,3,2024-03,202,경기도,가평군,가평레저파크,4,가평 2024_03.csv,레저스포츠,기타레저스포츠
가평,2024,3,2024-03,202,경기도,가평군,어거스트수상레저,4,가평 2024_03.csv,레저스포츠,수상레저스포츠
가평,2024,3,2024-03,202,경기도,가평군,가평현암농경박물관,4,가평 2024_03.csv,문화관광,전시시설
가평,2024,3,2024-03,202,경기도,가평군,보납정,4,가평 2024_03.csv,레저스포츠,육상레저스포츠
가평,2024,3,2024-03,202,경기도,가평군,청정낚시터,4,가평 2024_03.csv,레저스포츠,수상레저스포츠
가평,2024,3,2024-03,202,경기도,가평군,수연폭포유원지,4,가평 2024_03.csv,문화관광,복합관광시설
가평,2024,3,2024-03,202,경기도,가평군,스타라인,4,가평 2024_03.csv,레저스포츠,수상레저스포츠
가평,2024,3,2024-03,202,경기도,가평군,화야산자연발생유원지,4,가평 2024_03.csv,문화관광,복합관광시설
가평,2024,3,2024-03,202,경기도,가평군,대성수상레저,4,가평 2024_03.csv,레저스포츠,수상레저스포츠
가평,2024,3,2024-03,202,경기도,가평군,아레나수상레저,4,가평 2024_03.csv,레저스포츠,수상레저스포츠
가평,2024,3,2024-03,202,경기도,가평군,점프노리경기가평점,4,가평 2024_03.csv,문화관광,테마공원
가평,2024,3,2024-03,202,경기도,가평군,효심사,4,가평 2024_03.csv,역사관광,종교성지
가평,2024,3,2024-03,202,경기도,가평군,노채고개,4,가평 2024_03.csv,자연관광,자연경관(산)
가평,2024,3,2024-03,202,경기도,가평군,조종생활체육공원축구장,4,가평 2024_03.csv,문화관광,레저스포츠시설
가평,2024,3,2024-03,202,경기도,가평군,성주사,4,가평 2024_03.csv,역사관광,종교성지
가평,2024,3,2024-03,218,경기도,가평군,용추폭포,3,가평 2024_03.csv,자연관광,자연경관(산)
가평,2024,3,2024-03,218,경기도,가평군,정이네꿀벌농장,3,가평 2024_03.csv,체험관광,농/산/어촌체험
가평,2024,3,2024-03,218,경기도,가평군,경기둘레길가평19코스,3,가평 2024_03.csv,레저스포츠,기타레저스포츠
가평,2024,3,2024-03,218,경기도,가평군,그린수상레져,3,가평 2024_03.csv,레저스포츠,수상레저스포츠
가평,2024,3,2024-03,218,경기도,가평군,현리계곡,3,가평 2024_03.csv,자연관광,자연경관(산)
가평,2024,3,2024-03,218,경기도,가평군,가평화랑유원지,3,가평 2024_03.csv,문화관광,복합관광시설
가평,2024,3,2024-03,218,경기도,가평군,아침고요체험살피꽃다방,3,가평 2024_03.csv,레저스포츠,기타레저스포츠
가평,2024,3,2024-03,218,경기도,가평군,이천보고가,3,가평 2024_03.csv,역사관광,역사유적지
가평,2024,3,2024-03,218,경기도,가평군,유명산계곡,3,가평 2024_03.csv,자연관광,자연경관(산)
가평,2024,3,2024-03,218,경기도,가평군,유명산휴양림관리소,3,가평 2024_03.csv,자연관광,자연공원
가평,2024,3,2024-03,218,경기도,가평군,다부산,3,가평 2024_03.csv,자연관광,자연경관(산)
가평,2024,3,2024-03,218,경기도,가평군,일지안호범미술관,3,가평 2024_03.csv,문화관광,전시시설
가평,2024,3,2024-03,218,경기도,가평군,몽덕산,3,가평 2024_03.csv,자연관광,자연경관(산)
가평,2024,3,2024-03,218,경기도,가평군,가평지구전투전적비,3,가평 2024_03.csv,역사관광,역사유물
가평,2024,3,2024-03,218,경기도,가평군,썸머타임수상레저,3,가평 2024_03.csv,레저스포츠,수상레저스포츠
가평,2024,3,2024-03,218,경기도,가평군,가림미술관,3,가평 2024_03.csv,문화관광,전시시설
가평,2024,3,2024-03,218,경기도,가평군,연인산용추구곡방면,3,가평 2024_03.csv,자연관광,자연경관(산)
가평,2024,3,2024-03,218,경기도,가평군,향원사,3,가평 2024_03.csv,역사관광,종교성지
가평,2024,3,2024-03,218,경기도,가평군,대성사,3,가평 2024_03.csv,역사관광,종교성지
가평,2024,3,2024-03,218,경기도,가평군,큰골계곡,3,가평 2024_03.csv,자연관광,자연경관(산)
가평,2024,3,2024-03,218,경기도,가평군,현등사계곡,3,가평 2024_03.csv,자연관광,자연경관(산)
가평,2024,3,2024-03,218,경기도,가평군,양지농원,3,가평 2024_03.csv,체험관광,농/산/어촌체험
가평,2024,3,2024-03,218,경기도,가평군,서호유원지,3,가평 2024_03.csv,문화관광,복합관광시설
가평,2024,3,2024-03,218,경기도,가평군,탐선계곡유원지,3,가평 2024_03.csv,문화관광,복합관광시설
가평,2024,3,2024-03,218,경기도,가평군,설미재미술관,3,가평 2024_03.csv,문화관광,전시시설
가평,2024,3,2024-03,218,경기도,가평군,아마란스리조트,3,가평 2024_03.csv,레저스포츠,수상레저스포츠
가평,2024,3,2024-03,218,경기도,가평군,수동목장,3,가평 2024_03.csv,체험관광,농/산/어촌체험
가평,2024,3,2024-03,218,경기도,가평군,두밀리낚시터,3,가평 2024_03.csv,레저스포츠,수상레저스포츠
가평,2024,3,2024-03,218,경기도,가평군,소풍레저,3,가평 2024_03.csv,레저스포츠,수상레저스포츠
가평,2024,3,2024-03,218,경기도,가평군,대금사,3,가평 2024_03.csv,역사관광,종교성지
가평,2024,3,2024-03,218,경기도,가평군,뉴돌고래수상레저,3,가평 2024_03.csv,레저스포츠,수상레저스포츠
가평,2024,3,2024-03,218,경기도,가평군,스마일수상레저,3,가평 2024_03.csv,레저스포츠,수상레저스포츠
가평,2024,3,2024-03,218,경기도,가평군,파로티아워터하우스수상레저,3,가평 2024_03.csv,레저스포츠,수상레저스포츠
가평,2024,3,2024-03,218,경기도,가평군,새말농장,3,가평 2024_03.csv,체험관광,농/산/어촌체험
가평,2024,4,2024-04,1,경기도,가평군,아침고요수목원,14688,가평 2024_04.csv,문화관광,테마공원
가평,2024,4,2024-04,2,경기도,가평군,남이섬선착장,12297,가평 2024_04.csv,기타관광,교통시설
가평,2024,4,2024-04,3,경기도,가평군,남이섬,11384,가평 2024_04.csv,자연관광,자연경관(하천/해양)
가평,2024,4,2024-04,4,경기도,가평군,가평에덴벚꽃길,7124,가평 2024_04.csv,기타관광,기타관광
가평,2024,4,2024-04,5,경기도,가평군,가평베네스트GC,6920,가평 2024_04.csv,레저스포츠,육상레저스포츠
가평,2024,4,2024-04,6,경기도,가평군,썬힐GC,5993,가평 2024_04.csv,레저스포츠,육상레저스포츠
가평,2024,4,2024-04,7,경기도,가평군,청평역,5990,가평 2024_04.csv,기타관광,교통시설
가평,2024,4,2024-04,8,경기도,가평군,아난티코드골프클럽,5862,가평 2024_04.csv,레저스포츠,육상레저스포츠
가평,2024,4,2024-04,9,경기도,가평군,베뉴지CC,5468,가평 2024_04.csv,레저스포츠,육상레저스포츠
가평,2024,4,2024-04,10,경기도,가평군,자라섬,5332,가평 2024_04.csv,자연관광,자연경관(하천/해양)
가평,2024,4,2024-04,11,경기도,가평군,프리스틴밸리GC,4757,가평 2024_04.csv,레저스포츠,육상레저스포츠
가평,2024,4,2024-04,12,경기도,가평군,대성리역,4648,가평 2024_04.csv,기타관광,교통시설
가평,2024,4,2024-04,13,경기도,가평군,리앤리CC,4557,가평 2024_04.csv,레저스포츠,육상레저스포츠
가평,2024,4,2024-04,14,경기도,가평군,크리스탈밸리CC,4266,가평 2024_04.csv,레저스포츠,육상레저스포츠
가평,2024,4,2024-04,15,경기도,가평군,쁘띠프랑스,3775,가평 2024_04.csv,문화관광,복합관광시설
가평,2024,4,2024-04,16,경기도,가평군,마이다스밸리청평 골프클럽,3131,가평 2024_04.csv,레저스포츠,육상레저스포츠
가평,2024,4,2024-04,17,경기도,가평군,유명산자연휴양림,3055,가평 2024_04.csv,자연관광,자연공원
가평,2024,4,2024-04,18,경기도,가평군,에덴벚꽃길벚꽃축제,3019,가평 2024_04.csv,문화관광,기타문화관광지
가평,2024,4,2024-04,19,경기도,가평군,아침고요가족동물원,2485,가평 2024_04.csv,문화관광,테마공원
가평,2024,4,2024-04,20,경기도,가평군,삼회리벚꽃길,2326,가평 2024_04.csv,기타관광,데이트코스
가평,2024,4,2024-04,21,경기도,가평군,현리시외버스터미널,2247,가평 2024_04.csv,기타관광,교통시설
가평,2024,4,2024-04,22,경기도,가평군,대성리국민관광지,1911,가평 2024_04.csv,문화관광,복합관광시설
가평,2024,4,2024-04,23,경기도,가평군,경기도잣향기푸른숲,1625,가평 2024_04.csv,자연관광,자연공원
가평,2024,4,2024-04,24,경기도,가평군,중앙내수면연구소벚꽃길,1482,가평 2024_04.csv,기타관광,기타관광
가평,2024,4,2024-04,25,경기도,가평군,강촌레일파크가평역,1463,가평 2024_04.csv,레저스포츠,기타레저스포츠
가평,2024,4,2024-04,26,경기도,가평군,가평시외버스터미널,1327,가평 2024_04.csv,기타관광,교통시설
가평,2024,4,2024-04,27,경기도,가평군,가평베고니아새정원,1254,가평 2024_04.csv,문화관광,테마공원
가평,2024,4,2024-04,28,경기도,가평군,청평시외버스터미널,1229,가평 2024_04.csv,기타관광,교통시설
가평,2024,4,2024-04,29,경기도,가평군,신비동물원,1171,가평 2024_04.csv,문화관광,테마공원
가평,2024,4,2024-04,30,경기도,가평군,에델바이스스위스테마파크,1120,가평 2024_04.csv,문화관광,테마공원
가평,2024,4,2024-04,31,경기도,가평군,대성리벚꽃길,946,가평 2024_04.csv,기타관광,기타관광
가평,2024,4,2024-04,32,경기도,가평군,청심평화월드센터,929,가평 2024_04.csv,문화관광,공연시설
가평,2024,4,2024-04,33,경기도,가평군,청평호반드라이브코스,870,가평 2024_04.csv,기타관광,데이트코스
가평,2024,4,2024-04,34,경기도,가평군,상천역,778,가평 2024_04.csv,기타관광,교통시설
가평,2024,4,2024-04,35,경기도,가평군,산장관광지,758,가평 2024_04.csv,문화관광,복합관광시설
가평,2024,4,2024-04,36,경기도,가평군,K26잠수풀,720,가평 2024_04.csv,레저스포츠,수상레저스포츠
가평,2024,4,2024-04,37,경기도,가평군,청심국제청소년수련원,686,가평 2024_04.csv,레저스포츠,육상레저스포츠
가평,2024,4,2024-04,38,경기도,가평군,청평자연휴양림,668,가평 2024_04.csv,자연관광,자연공원
가평,2024,4,2024-04,39,경기도,가평군,호명호수,655,가평 2024_04.csv,자연관광,자연경관(하천/해양)
가평,2024,4,2024-04,40,경기도,가평군,음악역1939,565,가평 2024_04.csv,문화관광,기타문화관광지
가평,2024,4,2024-04,41,경기도,가평군,꿈의동산,559,가평 2024_04.csv,문화관광,복합관광시설
가평,2024,4,2024-04,42,경기도,가평군,잣고을전통시장,485,가평 2024_04.csv,쇼핑,시장
가평,2024,4,2024-04,43,경기도,가평군,설악시외버스터미널,469,가평 2024_04.csv,기타관광,교통시설
가평,2024,4,2024-04,44,경기도,가평군,청평호,447,가평 2024_04.csv,자연관광,자연경관(하천/해양)
가평,2024,4,2024-04,45,경기도,가평군,강씨봉자연휴양림,427,가평 2024_04.csv,자연관광,자연공원
가평,2024,4,2024-04,46,경기도,가평군,이탈리아마을 피노키오와다빈치,424,가평 2024_04.csv,문화관광,복합관광시설
가평,2024,4,2024-04,47,경기도,가평군,호명호수공원,404,가평 2024_04.csv,문화관광,도시공원
가평,2024,4,2024-04,48,경기도,가평군,현등사,403,가평 2024_04.csv,역사관광,종교성지
가평,2024,4,2024-04,49,경기도,가평군,칼봉산자연휴양림,390,가평 2024_04.csv,자연관광,자연공원
가평,2024,4,2024-04,50,경기도,가평군,에덴벚꽃길,374,가평 2024_04.csv,레저스포츠,기타레저스포츠
가평,2024,4,2024-04,51,경기도,가평군,용추계곡,359,가평 2024_04.csv,자연관광,자연경관(산)
가평,2024,4,2024-04,52,경기도,가평군,한국초콜릿연구소뮤지엄,355,가평 2024_04.csv,문화관광,전시시설
가평,2024,4,2024-04,53,경기도,가평군,가평별빛공원,320,가평 2024_04.csv,문화관광,도시공원
가평,2024,4,2024-04,54,경기도,가평군,백련사,312,가평 2024_04.csv,역사관광,종교성지
가평,2024,4,2024-04,54,경기도,가평군,녹수계곡,312,가평 2024_04.csv,자연관광,자연경관(산)
가평,2024,4,2024-04,56,경기도,가평군,더스테이힐링파크링스파3골프장,300,가평 2024_04.csv,레저스포츠,육상레저스포츠
가평,2024,4,2024-04,57,경기도,가평군,청평5일시장,296,가평 2024_04.csv,쇼핑,시장
가평,2024,4,2024-04,58,경기도,가평군,남도꽃정원,288,가평 2024_04.csv,문화관광,도시공원
가평,2024,4,2024-04,59,경기도,가평군,이화원,266,가평 2024_04.csv,문화관광,도시공원
가평,2024,4,2024-04,60,경기도,가평군,가일미술관,263,가평 2024_04.csv,문화관광,전시시설
가평,2024,4,2024-04,61,경기도,가평군,가평군어린이음악놀이터,247,가평 2024_04.csv,문화관광,테마공원
가평,2024,4,2024-04,62,경기도,가평군,가평파크골프장,240,가평 2024_04.csv,레저스포츠,육상레저스포츠
가평,2024,4,2024-04,63,경기도,가평군,천정궁박물관,221,가평 2024_04.csv,문화관광,전시시설
가평,2024,4,2024-04,64,경기도,가평군,어비계곡,217,가평 2024_04.csv,자연관광,자연경관(산)
가평,2024,4,2024-04,65,경기도,가평군,운악산출렁다리,194,가평 2024_04.csv,기타관광,기타관광
가평,2024,4,2024-04,65,경기도,가평군,가평브릿지짚라인,194,가평 2024_04.csv,레저스포츠,기타레저스포츠
가평,2024,4,2024-04,67,경기도,가평군,청평생활체육공원,181,가평 2024_04.csv,문화관광,도시공원
가평,2024,4,2024-04,68,경기도,가평군,캠프통포레스트,178,가평 2024_04.csv,레저스포츠,수상레저스포츠
가평,2024,4,2024-04,69,경기도,가평군,경기도잣향기푸른숲안내매표소,174,가평 2024_04.csv,기타관광,기타관광
가평,2024,4,2024-04,70,경기도,가평군,운악산,172,가평 2024_04.csv,자연관광,자연경관(산)
가평,2024,4,2024-04,71,경기도,가평군,가평수목원,167,가평 2024_04.csv,자연관광,자연공원
가평,2024,4,2024-04,72,경기도,가평군,가평정기5일시장,162,가평 2024_04.csv,쇼핑,시장
가평,2024,4,2024-04,73,경기도,가평군,조종생활체육공원,153,가평 2024_04.csv,문화관광,도시공원
가평,2024,4,2024-04,74,경기도,가평군,도장골낚시터,152,가평 2024_04.csv,레저스포츠,수상레저스포츠
가평,2024,4,2024-04,74,경기도,가평군,W홀스랜드,152,가평 2024_04.csv,레저스포츠,육상레저스포츠
가평,2024,4,2024-04,76,경기도,가평군,스카이라인짚와이어,150,가평 2024_04.csv,문화관광,복합관광시설
가평,2024,4,2024-04,76,경기도,가평군,캠프통아일랜드,150,가평 2024_04.csv,레저스포츠,수상레저스포츠
가평,2024,4,2024-04,78,경기도,가평군,호명산드라이브코스,143,가평 2024_04.csv,기타관광,데이트코스
가평,2024,4,2024-04,79,경기도,가평군,가평TOP랜드,136,가평 2024_04.csv,레저스포츠,수상레저스포츠
가평,2024,4,2024-04,80,경기도,가평군,대원사,123,가평 2024_04.csv,역사관광,종교성지
가평,2024,4,2024-04,81,경기도,가평군,말리부수상레저,118,가평 2024_04.csv,레저스포츠,기타레저스포츠
가평,2024,4,2024-04,81,경기도,가평군,용소폭포,118,가평 2024_04.csv,자연관광,자연경관(산)
가평,2024,4,2024-04,83,경기도,가평군,아루바수상레저,106,가평 2024_04.csv,레저스포츠,기타레저스포츠
가평,2024,4,2024-04,83,경기도,가평군,청평호수길,106,가평 2024_04.csv,기타관광,기타관광
가평,2024,4,2024-04,85,경기도,가평군,청평워터피아,105,가평 2024_04.csv,레저스포츠,수상레저스포츠
가평,2024,4,2024-04,86,경기도,가평군,북면생활체육공원,104,가평 2024_04.csv,문화관광,도시공원
가평,2024,4,2024-04,87,경기도,가평군,대성리국민관광지관광안내소,103,가평 2024_04.csv,기타관광,기타관광
가평,2024,4,2024-04,88,경기도,가평군,오페라하우스수상레저,101,가평 2024_04.csv,레저스포츠,수상레저스포츠
가평,2024,4,2024-04,88,경기도,가평군,유명산,101,가평 2024_04.csv,자연관광,자연경관(산)
가평,2024,4,2024-04,90,경기도,가평군,물의나라유원지,99,가평 2024_04.csv,문화관광,복합관광시설
가평,2024,4,2024-04,91,경기도,가평군,청평유원지,96,가평 2024_04.csv,문화관광,복합관광시설
가평,2024,4,2024-04,92,경기도,가평군,트니트니어드벤처,95,가평 2024_04.csv,문화관광,테마공원
가평,2024,4,2024-04,93,경기도,가평군,자라섬생태공원,94,가평 2024_04.csv,문화관광,도시공원
가평,2024,4,2024-04,93,경기도,가평군,목동버스터미널,94,가평 2024_04.csv,기타관광,교통시설
가평,2024,4,2024-04,95,경기도,가평군,연인산,92,가평 2024_04.csv,자연관광,자연경관(산)
가평,2024,4,2024-04,96,경기도,가평군,클럽이글스수상레저,90,가평 2024_04.csv,레저스포츠,기타레저스포츠
가평,2024,4,2024-04,97,경기도,가평군,버드마리나수상레저,83,가평 2024_04.csv,레저스포츠,기타레저스포츠
가평,2024,4,2024-04,98,경기도,가평군,이정웅스페이스,82,가평 2024_04.csv,문화관광,전시시설
가평,2024,4,2024-04,99,경기도,가평군,에덴야구장,81,가평 2024_04.csv,문화관광,레저스포츠시설
가평,2024,4,2024-04,99,경기도,가평군,맨하탄수상레져,81,가평 2024_04.csv,레저스포츠,수상레저스포츠
가평,2024,4,2024-04,101,경기도,가평군,청룡사,80,가평 2024_04.csv,역사관광,종교성지
가평,2024,4,2024-04,102,경기도,가평군,달마공원관음사,77,가평 2024_04.csv,역사관광,종교성지
가평,2024,4,2024-04,102,경기도,가평군,가평레져카트장,77,가평 2024_04.csv,레저스포츠,기타레저스포츠
가평,2024,4,2024-04,102,경기도,가평군,가평축령산잣나무숲,77,가평 2024_04.csv,자연관광,자연공원
가평,2024,4,2024-04,102,경기도,가평군,남이섬벚꽃명소,77,가평 2024_04.csv,기타관광,기타관광
가평,2024,4,2024-04,106,경기도,가평군,아침고요수목원봄꽃페스타,74,가평 2024_04.csv,문화관광,기타문화관광지
가평,2024,4,2024-04,106,경기도,가평군,상면생활체육공원,74,가평 2024_04.csv,문화관광,도시공원
가평,2024,4,2024-04,108,경기도,가평군,바하마수상레포츠,73,가평 2024_04.csv,레저스포츠,수상레저스포츠
가평,2024,4,2024-04,108,경기도,가평군,설악5일장,73,가평 2024_04.csv,쇼핑,시장
가평,2024,4,2024-04,108,경기도,가평군,산림생태문화체험단지,73,가평 2024_04.csv,기타관광,기타관광
가평,2024,4,2024-04,111,경기도,가평군,수풀로삼회리,66,가평 2024_04.csv,문화관광,도시공원
가평,2024,4,2024-04,111,경기도,가평군,명지계곡,66,가평 2024_04.csv,자연관광,자연경관(산)
가평,2024,4,2024-04,113,경기도,가평군,화악산,65,가평 2024_04.csv,자연관광,자연경관(산)
가평,2024,4,2024-04,113,경기도,가평군,신청평대교야구장,65,가평 2024_04.csv,문화관광,레저스포츠시설
가평,2024,4,2024-04,113,경기도,가평군,가평뮤직빌리지1939시네마,65,가평 2024_04.csv,문화관광,공연시설
가평,2024,4,2024-04,116,경기도,가평군,조종시네마,62,가평 2024_04.csv,문화관광,공연시설
가평,2024,4,2024-04,116,경기도,가평군,일칠일관광농원,62,가평 2024_04.csv,체험관광,농/산/어촌체험
가평,2024,4,2024-04,118,경기도,가평군,가평현리5일장,61,가평 2024_04.csv,쇼핑,시장
가평,2024,4,2024-04,119,경기도,가평군,썸머타임수상레저,60,가평 2024_04.csv,레저스포츠,수상레저스포츠
가평,2024,4,2024-04,119,경기도,가평군,수영인의마을,60,가평 2024_04.csv,레저스포츠,수상레저스포츠
가평,2024,4,2024-04,119,경기도,가평군,태은사,60,가평 2024_04.csv,역사관광,종교성지
가평,2024,4,2024-04,122,경기도,가평군,리버랜드번지점프장,59,가평 2024_04.csv,레저스포츠,육상레저스포츠
가평,2024,4,2024-04,122,경기도,가평군,명지산생태전시관,59,가평 2024_04.csv,문화관광,전시시설
가평,2024,4,2024-04,124,경기도,가평군,자라섬워터파크,57,가평 2024_04.csv,문화관광,테마공원
가평,2024,4,2024-04,124,경기도,가평군,탑코리아수상레저,57,가평 2024_04.csv,레저스포츠,수상레저스포츠
가평,2024,4,2024-04,124,경기도,가평군,현리유원지,57,가평 2024_04.csv,문화관광,복합관광시설
가평,2024,4,2024-04,127,경기도,가평군,서프앤,56,가평 2024_04.csv,레저스포츠,수상레저스포츠
가평,2024,4,2024-04,128,경기도,가평군,토마토레저파크,54,가평 2024_04.csv,레저스포츠,기타레저스포츠
가평,2024,4,2024-04,128,경기도,가평군,포세이돈,54,가평 2024_04.csv,레저스포츠,수상레저스포츠
가평,2024,4,2024-04,130,경기도,가평군,이지수상레져,52,가평 2024_04.csv,레저스포츠,기타레저스포츠
가평,2024,4,2024-04,131,경기도,가평군,자연과별천문대,50,가평 2024_04.csv,기타관광,기타관광
가평,2024,4,2024-04,132,경기도,가평군,연인산명품계곡길,49,가평 2024_04.csv,레저스포츠,기타레저스포츠
가평,2024,4,2024-04,132,경기도,가평군,운곡암,49,가평 2024_04.csv,역사관광,종교성지
가평,2024,4,2024-04,134,경기도,가평군,도대리용소폭포,47,가평 2024_04.csv,자연관광,자연경관(산)
가평,2024,4,2024-04,134,경기도,가평군,대성수상레저,47,가평 2024_04.csv,레저스포츠,수상레저스포츠
가평,2024,4,2024-04,136,경기도,가평군,청평유원지,46,가평 2024_04.csv,문화관광,복합관광시설
가평,2024,4,2024-04,136,경기도,가평군,가평역레져,46,가평 2024_04.csv,레저스포츠,기타레저스포츠
가평,2024,4,2024-04,136,경기도,가평군,청평암,46,가평 2024_04.csv,역사관광,종교성지
가평,2024,4,2024-04,136,경기도,가평군,자라섬리버마켓,46,가평 2024_04.csv,쇼핑,시장
가평,2024,4,2024-04,140,경기도,가평군,아이언수상레저,45,가평 2024_04.csv,레저스포츠,기타레저스포츠
가평,2024,4,2024-04,141,경기도,가평군,폭포낚시,41,가평 2024_04.csv,레저스포츠,수상레저스포츠
가평,2024,4,2024-04,142,경기도,가평군,씨브이리조트,40,가평 2024_04.csv,레저스포츠,수상레저스포츠
가평,2024,4,2024-04,143,경기도,가평군,가마소유원지,39,가평 2024_04.csv,문화관광,복합관광시설
가평,2024,4,2024-04,143,경기도,가평군,설악생활체육공원,39,가평 2024_04.csv,문화관광,도시공원
가평,2024,4,2024-04,143,경기도,가평군,노랑다리미술관,39,가평 2024_04.csv,문화관광,전시시설
가평,2024,4,2024-04,143,경기도,가평군,소풍레저,39,가평 2024_04.csv,레저스포츠,수상레저스포츠
가평,2024,4,2024-04,147,경기도,가평군,뉴돌고래수상레저,38,가평 2024_04.csv,레저스포츠,수상레저스포츠
가평,2024,4,2024-04,148,경기도,가평군,운악산성불사,37,가평 2024_04.csv,역사관광,종교성지
가평,2024,4,2024-04,149,경기도,가평군,팀더블유,36,가평 2024_04.csv,레저스포츠,기타레저스포츠
가평,2024,4,2024-04,149,경기도,가평군,청평생태공원,36,가평 2024_04.csv,문화관광,도시공원
가평,2024,4,2024-04,151,경기도,가평군,베니스수상레저,35,가평 2024_04.csv,레저스포츠,수상레저스포츠
가평,2024,4,2024-04,151,경기도,가평군,백팔유원지,35,가평 2024_04.csv,문화관광,복합관광시설
가평,2024,4,2024-04,153,경기도,가평군,자이언트수상레저리조트,34,가평 2024_04.csv,레저스포츠,수상레저스포츠
가평,2024,4,2024-04,154,경기도,가평군,상천낚시터,33,가평 2024_04.csv,레저스포츠,수상레저스포츠
가평,2024,4,2024-04,154,경기도,가평군,이화여자대학교수목원,33,가평 2024_04.csv,레저스포츠,육상레저스포츠
가평,2024,4,2024-04,156,경기도,가평군,헤이븐,32,가평 2024_04.csv,레저스포츠,수상레저스포츠
가평,2024,4,2024-04,157,경기도,가평군,상천루,31,가평 2024_04.csv,문화관광,도시공원
가평,2024,4,2024-04,157,경기도,가평군,자라섬꽃페스타,31,가평 2024_04.csv,문화관광,기타문화관광지
가평,2024,4,2024-04,157,경기도,가평군,상락향수도원,31,가평 2024_04.csv,역사관광,종교성지
가평,2024,4,2024-04,160,경기도,가평군,취옹예술관,30,가평 2024_04.csv,문화관광,전시시설
가평,2024,4,2024-04,160,경기도,가평군,화야산,30,가평 2024_04.csv,자연관광,자연경관(산)
가평,2024,4,2024-04,162,경기도,가평군,산유낚시터,28,가평 2024_04.csv,레저스포츠,수상레저스포츠
가평,2024,4,2024-04,163,경기도,가평군,영연방참전기념비,27,가평 2024_04.csv,역사관광,역사유물
가평,2024,4,2024-04,163,경기도,가평군,에덴벚꽃길야외공연장,27,가평 2024_04.csv,문화관광,공연시설
가평,2024,4,2024-04,163,경기도,가평군,더스테이힐링파크와일드가든,27,가평 2024_04.csv,문화관광,도시공원
가평,2024,4,2024-04,166,경기도,가평군,화야산큰골마을등산로,26,가평 2024_04.csv,자연관광,자연경관(산)
가평,2024,4,2024-04,167,경기도,가평군,클럽미사수상레저,25,가평 2024_04.csv,레저스포츠,수상레저스포츠
가평,2024,4,2024-04,167,경기도,가평군,르푸앙수상레져,25,가평 2024_04.csv,레저스포츠,수상레저스포츠
가평,2024,4,2024-04,169,경기도,가평군,웨이크베이리조트,23,가평 2024_04.csv,레저스포츠,기타레저스포츠
가평,2024,4,2024-04,169,경기도,가평군,호명산,23,가평 2024_04.csv,자연관광,자연경관(산)
가평,2024,4,2024-04,171,경기도,가평군,운악산관음사,22,가평 2024_04.csv,역사관광,종교성지
가평,2024,4,2024-04,171,경기도,가평군,가평사계절썰매장,22,가평 2024_04.csv,레저스포츠,육상레저스포츠
가평,2024,4,2024-04,173,경기도,가평군,가평묘목농원,21,가평 2024_04.csv,체험관광,농/산/어촌체험
가평,2024,4,2024-04,173,경기도,가평군,아마란스리조트,21,가평 2024_04.csv,레저스포츠,수상레저스포츠
가평,2024,4,2024-04,175,경기도,가평군,삼원수상레저,20,가평 2024_04.csv,레저스포츠,기타레저스포츠
가평,2024,4,2024-04,175,경기도,가평군,청평페리유람선,20,가평 2024_04.csv,기타관광,교통시설
가평,2024,4,2024-04,175,경기도,가평군,불기고개,20,가평 2024_04.csv,자연관광,자연경관(산)
가평,2024,4,2024-04,175,경기도,가평군,연인산도립공원탐방안내소,20,가평 2024_04.csv,기타관광,기타관광
가평,2024,4,2024-04,179,경기도,가평군,색현터널,19,가평 2024_04.csv,기타관광,기타관광
가평,2024,4,2024-04,179,경기도,가평군,캐나다전투기념비,19,가평 2024_04.csv,역사관광,역사유물
가평,2024,4,2024-04,179,경기도,가평군,조종천계곡,19,가평 2024_04.csv,자연관광,자연경관(산)
가평,2024,4,2024-04,179,경기도,가평군,북배산흑염소농장,19,가평 2024_04.csv,체험관광,농/산/어촌체험
가평,2024,4,2024-04,179,경기도,가평군,바우유원지,19,가평 2024_04.csv,문화관광,복합관광시설
가평,2024,4,2024-04,179,경기도,가평군,가평올레북한강강변길,19,가평 2024_04.csv,레저스포츠,기타레저스포츠
가평,2024,4,2024-04,179,경기도,가평군,쁘띠프랑스유럽동화나라축제,19,가평 2024_04.csv,문화관광,기타문화관광지
가평,2024,4,2024-04,186,경기도,가평군,물조은빠지,18,가평 2024_04.csv,레저스포츠,수상레저스포츠
가평,2024,4,2024-04,186,경기도,가평군,청정낚시터,18,가평 2024_04.csv,레저스포츠,수상레저스포츠
가평,2024,4,2024-04,188,경기도,가평군,HJ매그놀리아멋집,17,가평 2024_04.csv,문화관광,기타문화관광지
가평,2024,4,2024-04,188,경기도,가평군,남이섬벗꽃놀자,17,가평 2024_04.csv,문화관광,기타문화관광지
가평,2024,4,2024-04,188,경기도,가평군,현리계곡,17,가평 2024_04.csv,자연관광,자연경관(산)
가평,2024,4,2024-04,188,경기도,가평군,엘혜윰의정원,17,가평 2024_04.csv,레저스포츠,육상레저스포츠
가평,2024,4,2024-04,192,경기도,가평군,조무락계곡,16,가평 2024_04.csv,자연관광,자연경관(산)
가평,2024,4,2024-04,192,경기도,가평군,일지안호범미술관,16,가평 2024_04.csv,문화관광,전시시설
가평,2024,4,2024-04,192,경기도,가평군,K2수상레져,16,가평 2024_04.csv,레저스포츠,수상레저스포츠
가평,2024,4,2024-04,192,경기도,가평군,마린보이,16,가평 2024_04.csv,레저스포츠,수상레저스포츠
가평,2024,4,2024-04,192,경기도,가평군,가평빠지이비자수상레저,16,가평 2024_04.csv,레저스포츠,수상레저스포츠
가평,2024,4,2024-04,197,경기도,가평군,카페리수상레저,15,가평 2024_04.csv,레저스포츠,수상레저스포츠
가평,2024,4,2024-04,198,경기도,가평군,라인수상레저,14,가평 2024_04.csv,레저스포츠,수상레저스포츠
가평,2024,4,2024-04,198,경기도,가평군,큰골계곡,14,가평 2024_04.csv,자연관광,자연경관(산)
가평,2024,4,2024-04,198,경기도,가평군,보납산전망대,14,가평 2024_04.csv,문화관광,랜드마크관광
가평,2024,4,2024-04,198,경기도,가평군,하이수상레저이비자1호점,14,가평 2024_04.csv,레저스포츠,수상레저스포츠
가평,2024,4,2024-04,202,경기도,가평군,경반계곡,13,가평 2024_04.csv,자연관광,자연경관(산)
가평,2024,4,2024-04,202,경기도,가평군,워터플레이,13,가평 2024_04.csv,레저스포츠,수상레저스포츠
가평,2024,4,2024-04,202,경기도,가평군,청평스포랜드번지점프장,13,가평 2024_04.csv,레저스포츠,육상레저스포츠
가평,2024,4,2024-04,202,경기도,가평군,인터렉티브아트뮤지엄,13,가평 2024_04.csv,문화관광,전시시설
가평,2024,4,2024-04,206,경기도,가평군,관음사,12,가평 2024_04.csv,역사관광,종교성지
가평,2024,4,2024-04,206,경기도,가평군,남송미술관,12,가평 2024_04.csv,문화관광,전시시설
가평,2024,4,2024-04,206,경기도,가평군,논남기계곡,12,가평 2024_04.csv,자연관광,자연경관(산)
가평,2024,4,2024-04,206,경기도,가평군,울업산,12,가평 2024_04.csv,자연관광,자연경관(산)
가평,2024,4,2024-04,210,경기도,가평군,어거스트수상레저,11,가평 2024_04.csv,레저스포츠,수상레저스포츠
가평,2024,4,2024-04,210,경기도,가평군,빠져수상레저,11,가평 2024_04.csv,레저스포츠,수상레저스포츠
가평,2024,4,2024-04,210,경기도,가평군,바르도수상레저,11,가평 2024_04.csv,레저스포츠,수상레저스포츠
가평,2024,4,2024-04,210,경기도,가평군,떡바위유원지,11,가평 2024_04.csv,문화관광,복합관광시설
가평,2024,4,2024-04,210,경기도,가평군,유스토리청소년수련원,11,가평 2024_04.csv,레저스포츠,육상레저스포츠
가평,2024,4,2024-04,210,경기도,가평군,두밀리낚시터,11,가평 2024_04.csv,레저스포츠,수상레저스포츠
가평,2024,4,2024-04,210,경기도,가평군,상천지구농촌테마공원,11,가평 2024_04.csv,문화관광,전시시설
가평,2024,4,2024-04,217,경기도,가평군,청춘역1979,10,가평 2024_04.csv,문화관광,도시공원
가평,2024,4,2024-04,217,경기도,가평군,호주전투기념비,10,가평 2024_04.csv,역사관광,역사유물
가평,2024,4,2024-04,217,경기도,가평군,서호유원지,10,가평 2024_04.csv,문화관광,복합관광시설
가평,2024,4,2024-04,217,경기도,가평군,리버포인트수상레저,10,가평 2024_04.csv,레저스포츠,수상레저스포츠
가평,2024,4,2024-04,221,경기도,가평군,가평약수터,9,가평 2024_04.csv,자연관광,자연경관(산)
가평,2024,4,2024-04,221,경기도,가평군,귀목계곡,9,가평 2024_04.csv,자연관광,자연경관(산)
가평,2024,4,2024-04,221,경기도,가평군,마린랜드,9,가평 2024_04.csv,레저스포츠,수상레저스포츠
가평,2024,4,2024-04,221,경기도,가평군,더스테이힐링파크알파와앵무,9,가평 2024_04.csv,문화관광,테마공원
가평,2024,4,2024-04,225,경기도,가평군,축령사,8,가평 2024_04.csv,역사관광,종교성지
가평,2024,4,2024-04,225,경기도,가평군,여여암,8,가평 2024_04.csv,역사관광,종교성지
가평,2024,4,2024-04,225,경기도,가평군,선어치,8,가평 2024_04.csv,자연관광,자연경관(산)
가평,2024,4,2024-04,228,경기도,가평군,경기둘레길가평19코스,7,가평 2024_04.csv,레저스포츠,기타레저스포츠
가평,2024,4,2024-04,228,경기도,가평군,스프레드프리다이빙,7,가평 2024_04.csv,레저스포츠,수상레저스포츠
가평,2024,4,2024-04,228,경기도,가평군,유명산계곡,7,가평 2024_04.csv,자연관광,자연경관(산)
가평,2024,4,2024-04,228,경기도,가평군,화악계곡,7,가평 2024_04.csv,자연관광,자연경관(산)
가평,2024,4,2024-04,228,경기도,가평군,화야산사기막등산로,7,가평 2024_04.csv,자연관광,자연경관(산)
가평,2024,4,2024-04,228,경기도,가평군,청평리버랜드수상레저,7,가평 2024_04.csv,문화관광,복합관광시설
가평,2024,4,2024-04,228,경기도,가평군,크라운수상레저,7,가평 2024_04.csv,레저스포츠,수상레저스포츠
가평,2024,4,2024-04,228,경기도,가평군,적목리신앙공동체유적지,7,가평 2024_04.csv,역사관광,역사유적지
가평,2024,4,2024-04,236,경기도,가평군,가평레저파크,6,가평 2024_04.csv,레저스포츠,기타레저스포츠
가평,2024,4,2024-04,236,경기도,가평군,그린수상레져,6,가평 2024_04.csv,레저스포츠,수상레저스포츠
가평,2024,4,2024-04,236,경기도,가평군,승천사,6,가평 2024_04.csv,역사관광,종교성지
가평,2024,4,2024-04,236,경기도,가평군,청오사,6,가평 2024_04.csv,역사관광,종교성지
가평,2024,4,2024-04,236,경기도,가평군,레인보우수상레저,6,가평 2024_04.csv,레저스포츠,수상레저스포츠
가평,2024,4,2024-04,236,경기도,가평군,가림미술관,6,가평 2024_04.csv,문화관광,전시시설
가평,2024,4,2024-04,236,경기도,가평군,수동목장,6,가평 2024_04.csv,체험관광,농/산/어촌체험
가평,2024,4,2024-04,236,경기도,가평군,청평자연유원지,6,가평 2024_04.csv,문화관광,복합관광시설
가평,2024,4,2024-04,236,경기도,가평군,금개울유원지,6,가평 2024_04.csv,문화관광,복합관광시설
가평,2024,4,2024-04,236,경기도,가평군,아레나수상레저,6,가평 2024_04.csv,레저스포츠,수상레저스포츠
가평,2024,4,2024-04,236,경기도,가평군,현대집,6,가평 2024_04.csv,레저스포츠,수상레저스포츠
가평,2024,4,2024-04,236,경기도,가평군,가평군 상면 조가터마을,6,가평 2024_04.csv,문화관광,도시/지역문화관광
가평,2024,4,2024-04,236,경기도,가평군,유명산한들농원,6,가평 2024_04.csv,체험관광,농/산/어촌체험
가평,2024,4,2024-04,236,경기도,가평군,조종생활체육공원축구장,6,가평 2024_04.csv,문화관광,레저스포츠시설
가평,2024,4,2024-04,250,경기도,가평군,보광사,5,가평 2024_04.csv,역사관광,종교성지
가평,2024,4,2024-04,250,경기도,가평군,욜로수상레저,5,가평 2024_04.csv,레저스포츠,수상레저스포츠
가평,2024,4,2024-04,252,경기도,가평군,용추폭포,4,가평 2024_04.csv,자연관광,자연경관(산)
가평,2024,4,2024-04,252,경기도,가평군,가평현암농경박물관,4,가평 2024_04.csv,문화관광,전시시설
가평,2024,4,2024-04,252,경기도,가평군,룰루마린수상레저,4,가평 2024_04.csv,레저스포츠,수상레저스포츠
가평,2024,4,2024-04,252,경기도,가평군,몰디브수상레저,4,가평 2024_04.csv,레저스포츠,수상레저스포츠
가평,2024,4,2024-04,252,경기도,가평군,양진나루선착장,4,가평 2024_04.csv,기타관광,교통시설
가평,2024,4,2024-04,252,경기도,가평군,고동산계곡,4,가평 2024_04.csv,자연관광,자연경관(산)
가평,2024,4,2024-04,252,경기도,가평군,운악산가평현등사방면,4,가평 2024_04.csv,자연관광,자연경관(산)
가평,2024,4,2024-04,252,경기도,가평군,청평첫집,4,가평 2024_04.csv,레저스포츠,수상레저스포츠
가평,2024,4,2024-04,252,경기도,가평군,자라섬테마파크,4,가평 2024_04.csv,레저스포츠,수상레저스포츠
가평,2024,4,2024-04,252,경기도,가평군,가평문화창작공간얼쑤공장,4,가평 2024_04.csv,문화관광,기타문화관광지
가평,2024,4,2024-04,252,경기도,가평군,성주사,4,가평 2024_04.csv,역사관광,종교성지
가평,2024,4,2024-04,252,경기도,가평군,항아리바위계곡,4,가평 2024_04.csv,자연관광,자연경관(산)
가평,2024,4,2024-04,264,경기도,가평군,청평계곡,3,가평 2024_04.csv,자연관광,자연경관(산)
가평,2024,4,2024-04,264,경기도,가평군,무당소유원지,3,가평 2024_04.csv,문화관광,복합관광시설
가평,2024,4,2024-04,264,경기도,가평군,가평철길공원,3,가평 2024_04.csv,문화관광,도시공원
가평,2024,4,2024-04,264,경기도,가평군,운악산용수사,3,가평 2024_04.csv,역사관광,종교성지
가평,2024,4,2024-04,264,경기도,가평군,월사집목판,3,가평 2024_04.csv,역사관광,역사유적지
가평,2024,4,2024-04,264,경기도,가평군,가람유원지,3,가평 2024_04.csv,문화관광,복합관광시설
가평,2024,4,2024-04,264,경기도,가평군,무아레풀무아레,3,가평 2024_04.csv,문화관광,테마공원
가평,2024,4,2024-04,264,경기도,가평군,산림복합체험센터,3,가평 2024_04.csv,문화관광,기타문화관광지
가평,2024,4,2024-04,264,경기도,가평군,연인산명품계곡길출렁다리,3,가평 2024_04.csv,기타관광,기타관광
가평,2024,4,2024-04,264,경기도,가평군,아침고요체험살피꽃다방,3,가평 2024_04.csv,레저스포츠,기타레저스포츠
가평,2024,4,2024-04,264,경기도,가평군,은행나무낚시공원,3,가평 2024_04.csv,레저스포츠,수상레저스포츠
가평,2024,4,2024-04,264,경기도,가평군,이방실장군묘,3,가평 2024_04.csv,역사관광,역사유적지
가평,2024,4,2024-04,264,경기도,가평군,이천보고가,3,가평 2024_04.csv,역사관광,역사유적지
가평,2024,4,2024-04,264,경기도,가평군,유명산휴양림관리소,3,가평 2024_04.csv,자연관광,자연공원
가평,2024,4,2024-04,264,경기도,가평군,호국연호사,3,가평 2024_04.csv,역사관광,종교성지
가평,2024,4,2024-04,264,경기도,가평군,현충탑,3,가평 2024_04.csv,역사관광,역사유물
가평,2024,4,2024-04,264,경기도,가평군,물골가든유원지,3,가평 2024_04.csv,문화관광,복합관광시설
가평,2024,4,2024-04,264,경기도,가평군,가평빠지클럽비발디,3,가평 2024_04.csv,레저스포츠,수상레저스포츠
가평,2024,4,2024-04,264,경기도,가평군,보납정,3,가평 2024_04.csv,레저스포츠,육상레저스포츠
가평,2024,4,2024-04,264,경기도,가평군,극락정사,3,가평 2024_04.csv,역사관광,종교성지
가평,2024,4,2024-04,264,경기도,가평군,밤나무골유원지,3,가평 2024_04.csv,문화관광,복합관광시설
가평,2024,4,2024-04,264,경기도,가평군,향원사,3,가평 2024_04.csv,역사관광,종교성지
가평,2024,4,2024-04,264,경기도,가평군,대성사,3,가평 2024_04.csv,역사관광,종교성지
가평,2024,4,2024-04,264,경기도,가평군,밤골유원지,3,가평 2024_04.csv,문화관광,복합관광시설
가평,2024,4,2024-04,264,경기도,가평군,귀목봉,3,가평 2024_04.csv,자연관광,자연경관(산)
가평,2024,4,2024-04,264,경기도,가평군,평화유원지,3,가평 2024_04.csv,문화관광,복합관광시설
가평,2024,4,2024-04,264,경기도,가평군,락마리나수상스키장,3,가평 2024_04.csv,레저스포츠,수상레저스포츠
가평,2024,4,2024-04,264,경기도,가평군,용추계곡유원지,3,가평 2024_04.csv,문화관광,복합관광시설
가평,2024,4,2024-04,264,경기도,가평군,클럽펀,3,가평 2024_04.csv,레저스포츠,수상레저스포츠
가평,2024,4,2024-04,264,경기도,가평군,설미재미술관,3,가평 2024_04.csv,문화관광,전시시설
가평,2024,4,2024-04,264,경기도,가평군,하천리생활체육공원,3,가평 2024_04.csv,문화관광,도시공원
가평,2024,4,2024-04,264,경기도,가평군,모험의시작,3,가평 2024_04.csv,레저스포츠,수상레저스포츠
가평,2024,4,2024-04,264,경기도,가평군,대성낚시터,3,가평 2024_04.csv,레저스포츠,수상레저스포츠
가평,2024,4,2024-04,264,경기도,가평군,상천저수지,3,가평 2024_04.csv,자연관광,자연경관(하천/해양)
가평,2024,4,2024-04,264,경기도,가평군,조무락골유원지,3,가평 2024_04.csv,문화관광,복합관광시설
가평,2024,4,2024-04,264,경기도,가평군,백자동유원지,3,가평 2024_04.csv,문화관광,복합관광시설
가평,2024,4,2024-04,264,경기도,가평군,송학포유원지,3,가평 2024_04.csv,문화관광,복합관광시설
가평,2024,4,2024-04,264,경기도,가평군,소법밤섬유원지,3,가평 2024_04.csv,문화관광,복합관광시설
가평,2024,4,2024-04,264,경기도,가평군,현종사,3,가평 2024_04.csv,역사관광,종교성지
가평,2024,4,2024-04,264,경기도,가평군,점프노리경기가평점,3,가평 2024_04.csv,문화관광,테마공원
가평,2024,4,2024-04,264,경기도,가평군,가평하늘커피농장,3,가평 2024_04.csv,체험관광,농/산/어촌체험
가평,2024,4,2024-04,264,경기도,가평군,모비딕수상레저,3,가평 2024_04.csv,레저스포츠,수상레저스포츠
가평,2024,4,2024-04,264,경기도,가평군,대성리계곡,3,가평 2024_04.csv,자연관광,자연경관(산)
가평,2024,4,2024-04,264,경기도,가평군,가평유도체육관,3,가평 2024_04.csv,레저스포츠,기타레저스포츠
가평,2024,4,2024-04,264,경기도,가평군,난이랑난농원,3,가평 2024_04.csv,체험관광,농/산/어촌체험
가평,2024,4,2024-04,264,경기도,가평군,가평리틀야구장,3,가평 2024_04.csv,문화관광,레저스포츠시설
가평,2024,5,2024-05,1,경기도,가평군,아침고요수목원,16259,가평 2024_05.csv,문화관광,테마공원
가평,2024,5,2024-05,2,경기도,가평군,남이섬선착장,11972,가평 2024_05.csv,기타관광,교통시설
가평,2024,5,2024-05,3,경기도,가평군,남이섬,10929,가평 2024_05.csv,자연관광,자연경관(하천/해양)
가평,2024,5,2024-05,4,경기도,가평군,가평베네스트GC,7535,가평 2024_05.csv,레저스포츠,육상레저스포츠
가평,2024,5,2024-05,5,경기도,가평군,썬힐GC,7449,가평 2024_05.csv,레저스포츠,육상레저스포츠
가평,2024,5,2024-05,6,경기도,가평군,자라섬,7323,가평 2024_05.csv,자연관광,자연경관(하천/해양)
가평,2024,5,2024-05,7,경기도,가평군,아난티코드골프클럽,6988,가평 2024_05.csv,레저스포츠,육상레저스포츠
가평,2024,5,2024-05,8,경기도,가평군,청평역,6774,가평 2024_05.csv,기타관광,교통시설
가평,2024,5,2024-05,9,경기도,가평군,가평베고니아새정원,6734,가평 2024_05.csv,문화관광,테마공원
가평,2024,5,2024-05,10,경기도,가평군,베뉴지CC,5603,가평 2024_05.csv,레저스포츠,육상레저스포츠
가평,2024,5,2024-05,11,경기도,가평군,프리스틴밸리GC,5342,가평 2024_05.csv,레저스포츠,육상레저스포츠
가평,2024,5,2024-05,12,경기도,가평군,리앤리CC,4892,가평 2024_05.csv,레저스포츠,육상레저스포츠
가평,2024,5,2024-05,13,경기도,가평군,크리스탈밸리CC,4838,가평 2024_05.csv,레저스포츠,육상레저스포츠
가평,2024,5,2024-05,14,경기도,가평군,대성리역,4225,가평 2024_05.csv,기타관광,교통시설
가평,2024,5,2024-05,15,경기도,가평군,쁘띠프랑스,4074,가평 2024_05.csv,문화관광,복합관광시설
가평,2024,5,2024-05,16,경기도,가평군,유명산자연휴양림,3883,가평 2024_05.csv,자연관광,자연공원
가평,2024,5,2024-05,17,경기도,가평군,마이다스밸리청평 골프클럽,3403,가평 2024_05.csv,레저스포츠,육상레저스포츠
가평,2024,5,2024-05,18,경기도,가평군,경기도잣향기푸른숲,2991,가평 2024_05.csv,자연관광,자연공원
가평,2024,5,2024-05,19,경기도,가평군,현리시외버스터미널,2584,가평 2024_05.csv,기타관광,교통시설
가평,2024,5,2024-05,20,경기도,가평군,아침고요가족동물원,2422,가평 2024_05.csv,문화관광,테마공원
가평,2024,5,2024-05,21,경기도,가평군,신비동물원,2048,가평 2024_05.csv,문화관광,테마공원
가평,2024,5,2024-05,22,경기도,가평군,에델바이스스위스테마파크,1658,가평 2024_05.csv,문화관광,테마공원
가평,2024,5,2024-05,23,경기도,가평군,가평시외버스터미널,1652,가평 2024_05.csv,기타관광,교통시설
가평,2024,5,2024-05,24,경기도,가평군,청평시외버스터미널,1331,가평 2024_05.csv,기타관광,교통시설
가평,2024,5,2024-05,25,경기도,가평군,강촌레일파크가평역,1329,가평 2024_05.csv,레저스포츠,기타레저스포츠
가평,2024,5,2024-05,26,경기도,가평군,자라섬꽃페스타,1164,가평 2024_05.csv,문화관광,기타문화관광지
가평,2024,5,2024-05,27,경기도,가평군,호명호수,898,가평 2024_05.csv,자연관광,자연경관(하천/해양)
가평,2024,5,2024-05,28,경기도,가평군,상천역,797,가평 2024_05.csv,기타관광,교통시설
가평,2024,5,2024-05,29,경기도,가평군,K26잠수풀,725,가평 2024_05.csv,레저스포츠,수상레저스포츠
가평,2024,5,2024-05,30,경기도,가평군,산장관광지,689,가평 2024_05.csv,문화관광,복합관광시설
가평,2024,5,2024-05,31,경기도,가평군,꿈의동산,686,가평 2024_05.csv,문화관광,복합관광시설
가평,2024,5,2024-05,31,경기도,가평군,청평호반드라이브코스,686,가평 2024_05.csv,기타관광,데이트코스
가평,2024,5,2024-05,33,경기도,가평군,청평자연휴양림,622,가평 2024_05.csv,자연관광,자연공원
가평,2024,5,2024-05,33,경기도,가평군,가평파크골프장,622,가평 2024_05.csv,레저스포츠,육상레저스포츠
가평,2024,5,2024-05,35,경기도,가평군,녹수계곡,611,가평 2024_05.csv,자연관광,자연경관(산)
가평,2024,5,2024-05,36,경기도,가평군,설악시외버스터미널,609,가평 2024_05.csv,기타관광,교통시설
가평,2024,5,2024-05,37,경기도,가평군,음악역1939,603,가평 2024_05.csv,문화관광,기타문화관광지
가평,2024,5,2024-05,38,경기도,가평군,용추계곡,583,가평 2024_05.csv,자연관광,자연경관(산)
가평,2024,5,2024-05,39,경기도,가평군,현등사,572,가평 2024_05.csv,역사관광,종교성지
가평,2024,5,2024-05,40,경기도,가평군,가평별빛공원,549,가평 2024_05.csv,문화관광,도시공원
가평,2024,5,2024-05,41,경기도,가평군,호명호수공원,545,가평 2024_05.csv,문화관광,도시공원
가평,2024,5,2024-05,42,경기도,가평군,한국초콜릿연구소뮤지엄,532,가평 2024_05.csv,문화관광,전시시설
가평,2024,5,2024-05,43,경기도,가평군,이탈리아마을 피노키오와다빈치,518,가평 2024_05.csv,문화관광,복합관광시설
가평,2024,5,2024-05,44,경기도,가평군,청평호,515,가평 2024_05.csv,자연관광,자연경관(하천/해양)
가평,2024,5,2024-05,45,경기도,가평군,잣고을전통시장,504,가평 2024_05.csv,쇼핑,시장
가평,2024,5,2024-05,46,경기도,가평군,남도꽃정원,476,가평 2024_05.csv,문화관광,도시공원
가평,2024,5,2024-05,47,경기도,가평군,칼봉산자연휴양림,472,가평 2024_05.csv,자연관광,자연공원
가평,2024,5,2024-05,48,경기도,가평군,백련사,451,가평 2024_05.csv,역사관광,종교성지
가평,2024,5,2024-05,49,경기도,가평군,청평생활체육공원,401,가평 2024_05.csv,문화관광,도시공원
가평,2024,5,2024-05,50,경기도,가평군,더스테이힐링파크링스파3골프장,393,가평 2024_05.csv,레저스포츠,육상레저스포츠
가평,2024,5,2024-05,51,경기도,가평군,청심평화월드센터,365,가평 2024_05.csv,문화관광,공연시설
가평,2024,5,2024-05,52,경기도,가평군,청심국제청소년수련원,362,가평 2024_05.csv,레저스포츠,육상레저스포츠
가평,2024,5,2024-05,53,경기도,가평군,대성리국민관광지,337,가평 2024_05.csv,문화관광,복합관광시설
가평,2024,5,2024-05,54,경기도,가평군,어비계곡,318,가평 2024_05.csv,자연관광,자연경관(산)
가평,2024,5,2024-05,55,경기도,가평군,가평군어린이음악놀이터,306,가평 2024_05.csv,문화관광,테마공원
가평,2024,5,2024-05,56,경기도,가평군,캠프통포레스트,288,가평 2024_05.csv,레저스포츠,수상레저스포츠
가평,2024,5,2024-05,57,경기도,가평군,이화원,264,가평 2024_05.csv,문화관광,도시공원
가평,2024,5,2024-05,58,경기도,가평군,도장골낚시터,253,가평 2024_05.csv,레저스포츠,수상레저스포츠
가평,2024,5,2024-05,59,경기도,가평군,가평브릿지짚라인,249,가평 2024_05.csv,레저스포츠,기타레저스포츠
가평,2024,5,2024-05,60,경기도,가평군,대원사,247,가평 2024_05.csv,역사관광,종교성지
가평,2024,5,2024-05,61,경기도,가평군,가평TOP랜드,246,가평 2024_05.csv,레저스포츠,수상레저스포츠
가평,2024,5,2024-05,62,경기도,가평군,경기도잣향기푸른숲안내매표소,234,가평 2024_05.csv,기타관광,기타관광
가평,2024,5,2024-05,63,경기도,가평군,운악산출렁다리,229,가평 2024_05.csv,기타관광,기타관광
가평,2024,5,2024-05,64,경기도,가평군,청평5일시장,225,가평 2024_05.csv,쇼핑,시장
가평,2024,5,2024-05,65,경기도,가평군,가평수목원,217,가평 2024_05.csv,자연관광,자연공원
가평,2024,5,2024-05,66,경기도,가평군,북면생활체육공원,214,가평 2024_05.csv,문화관광,도시공원
가평,2024,5,2024-05,66,경기도,가평군,스카이라인짚와이어,214,가평 2024_05.csv,문화관광,복합관광시설
가평,2024,5,2024-05,68,경기도,가평군,천정궁박물관,210,가평 2024_05.csv,문화관광,전시시설
가평,2024,5,2024-05,69,경기도,가평군,가일미술관,203,가평 2024_05.csv,문화관광,전시시설
가평,2024,5,2024-05,69,경기도,가평군,강씨봉자연휴양림,203,가평 2024_05.csv,자연관광,자연공원
가평,2024,5,2024-05,71,경기도,가평군,아루바수상레저,195,가평 2024_05.csv,레저스포츠,기타레저스포츠
가평,2024,5,2024-05,72,경기도,가평군,운악산,175,가평 2024_05.csv,자연관광,자연경관(산)
가평,2024,5,2024-05,73,경기도,가평군,클럽이글스수상레저,169,가평 2024_05.csv,레저스포츠,기타레저스포츠
가평,2024,5,2024-05,74,경기도,가평군,용소폭포,168,가평 2024_05.csv,자연관광,자연경관(산)
가평,2024,5,2024-05,75,경기도,가평군,트니트니어드벤처,166,가평 2024_05.csv,문화관광,테마공원
가평,2024,5,2024-05,75,경기도,가평군,가평정기5일시장,166,가평 2024_05.csv,쇼핑,시장
가평,2024,5,2024-05,75,경기도,가평군,유명산,166,가평 2024_05.csv,자연관광,자연경관(산)
가평,2024,5,2024-05,75,경기도,가평군,W홀스랜드,166,가평 2024_05.csv,레저스포츠,육상레저스포츠
가평,2024,5,2024-05,79,경기도,가평군,리버랜드번지점프장,157,가평 2024_05.csv,레저스포츠,육상레저스포츠
가평,2024,5,2024-05,80,경기도,가평군,명지계곡,152,가평 2024_05.csv,자연관광,자연경관(산)
가평,2024,5,2024-05,81,경기도,가평군,탑코리아수상레저,150,가평 2024_05.csv,레저스포츠,수상레저스포츠
가평,2024,5,2024-05,82,경기도,가평군,호명산드라이브코스,145,가평 2024_05.csv,기타관광,데이트코스
가평,2024,5,2024-05,83,경기도,가평군,목동버스터미널,142,가평 2024_05.csv,기타관광,교통시설
가평,2024,5,2024-05,84,경기도,가평군,오페라하우스수상레저,141,가평 2024_05.csv,레저스포츠,수상레저스포츠
가평,2024,5,2024-05,84,경기도,가평군,가평축령산잣나무숲,141,가평 2024_05.csv,자연관광,자연공원
가평,2024,5,2024-05,86,경기도,가평군,아침고요수목원봄꽃페스타,137,가평 2024_05.csv,문화관광,기타문화관광지
가평,2024,5,2024-05,86,경기도,가평군,포세이돈,137,가평 2024_05.csv,레저스포츠,수상레저스포츠
가평,2024,5,2024-05,88,경기도,가평군,캠프통아일랜드,134,가평 2024_05.csv,레저스포츠,수상레저스포츠
가평,2024,5,2024-05,88,경기도,가평군,상면생활체육공원,134,가평 2024_05.csv,문화관광,도시공원
가평,2024,5,2024-05,88,경기도,가평군,현리유원지,134,가평 2024_05.csv,문화관광,복합관광시설
가평,2024,5,2024-05,91,경기도,가평군,바하마수상레포츠,133,가평 2024_05.csv,레저스포츠,수상레저스포츠
가평,2024,5,2024-05,91,경기도,가평군,자라섬생태공원,133,가평 2024_05.csv,문화관광,도시공원
가평,2024,5,2024-05,93,경기도,가평군,버드마리나수상레저,131,가평 2024_05.csv,레저스포츠,기타레저스포츠
가평,2024,5,2024-05,94,경기도,가평군,맨하탄수상레져,129,가평 2024_05.csv,레저스포츠,수상레저스포츠
가평,2024,5,2024-05,95,경기도,가평군,말리부수상레저,128,가평 2024_05.csv,레저스포츠,기타레저스포츠
가평,2024,5,2024-05,96,경기도,가평군,자이언트수상레저리조트,126,가평 2024_05.csv,레저스포츠,수상레저스포츠
가평,2024,5,2024-05,97,경기도,가평군,청평호수길,125,가평 2024_05.csv,기타관광,기타관광
가평,2024,5,2024-05,98,경기도,가평군,가평레져카트장,124,가평 2024_05.csv,레저스포츠,기타레저스포츠
가평,2024,5,2024-05,99,경기도,가평군,조종시네마,116,가평 2024_05.csv,문화관광,공연시설
가평,2024,5,2024-05,100,경기도,가평군,연인산명품계곡길,113,가평 2024_05.csv,레저스포츠,기타레저스포츠
가평,2024,5,2024-05,100,경기도,가평군,운악산성불사,113,가평 2024_05.csv,역사관광,종교성지
가평,2024,5,2024-05,100,경기도,가평군,청평워터피아,113,가평 2024_05.csv,레저스포츠,수상레저스포츠
가평,2024,5,2024-05,103,경기도,가평군,가평에덴벚꽃길,110,가평 2024_05.csv,기타관광,기타관광
가평,2024,5,2024-05,104,경기도,가평군,일칠일관광농원,108,가평 2024_05.csv,체험관광,농/산/어촌체험
가평,2024,5,2024-05,104,경기도,가평군,달마공원관음사,108,가평 2024_05.csv,역사관광,종교성지
가평,2024,5,2024-05,106,경기도,가평군,청평유원지,103,가평 2024_05.csv,문화관광,복합관광시설
가평,2024,5,2024-05,107,경기도,가평군,서프앤,98,가평 2024_05.csv,레저스포츠,수상레저스포츠
가평,2024,5,2024-05,108,경기도,가평군,이지수상레져,97,가평 2024_05.csv,레저스포츠,기타레저스포츠
가평,2024,5,2024-05,109,경기도,가평군,수영인의마을,94,가평 2024_05.csv,레저스포츠,수상레저스포츠
가평,2024,5,2024-05,110,경기도,가평군,화악산,92,가평 2024_05.csv,자연관광,자연경관(산)
가평,2024,5,2024-05,110,경기도,가평군,자라섬워터파크,92,가평 2024_05.csv,문화관광,테마공원
가평,2024,5,2024-05,110,경기도,가평군,토마토레저파크,92,가평 2024_05.csv,레저스포츠,기타레저스포츠
가평,2024,5,2024-05,113,경기도,가평군,조종생활체육공원,88,가평 2024_05.csv,문화관광,도시공원
가평,2024,5,2024-05,114,경기도,가평군,연인산,87,가평 2024_05.csv,자연관광,자연경관(산)
가평,2024,5,2024-05,114,경기도,가평군,대성수상레저,87,가평 2024_05.csv,레저스포츠,수상레저스포츠
가평,2024,5,2024-05,116,경기도,가평군,베니스수상레저,86,가평 2024_05.csv,레저스포츠,수상레저스포츠
가평,2024,5,2024-05,117,경기도,가평군,조종천계곡,84,가평 2024_05.csv,자연관광,자연경관(산)
가평,2024,5,2024-05,117,경기도,가평군,헤이븐,84,가평 2024_05.csv,레저스포츠,수상레저스포츠
가평,2024,5,2024-05,119,경기도,가평군,가평뮤직빌리지1939시네마,82,가평 2024_05.csv,문화관광,공연시설
가평,2024,5,2024-05,120,경기도,가평군,태은사,81,가평 2024_05.csv,역사관광,종교성지
가평,2024,5,2024-05,120,경기도,가평군,연인산도립공원탐방안내소,81,가평 2024_05.csv,기타관광,기타관광
가평,2024,5,2024-05,122,경기도,가평군,명지산생태전시관,80,가평 2024_05.csv,문화관광,전시시설
가평,2024,5,2024-05,123,경기도,가평군,웨이크베이리조트,79,가평 2024_05.csv,레저스포츠,기타레저스포츠
가평,2024,5,2024-05,124,경기도,가평군,르푸앙수상레져,75,가평 2024_05.csv,레저스포츠,수상레저스포츠
가평,2024,5,2024-05,125,경기도,가평군,자연과별천문대,69,가평 2024_05.csv,기타관광,기타관광
가평,2024,5,2024-05,126,경기도,가평군,설악5일장,68,가평 2024_05.csv,쇼핑,시장
가평,2024,5,2024-05,126,경기도,가평군,소풍레저,68,가평 2024_05.csv,레저스포츠,수상레저스포츠
가평,2024,5,2024-05,128,경기도,가평군,HJ매그놀리아멋집,67,가평 2024_05.csv,문화관광,기타문화관광지
가평,2024,5,2024-05,128,경기도,가평군,이정웅스페이스,67,가평 2024_05.csv,문화관광,전시시설
가평,2024,5,2024-05,130,경기도,가평군,가평역레져,66,가평 2024_05.csv,레저스포츠,기타레저스포츠
가평,2024,5,2024-05,130,경기도,가평군,폭포낚시,66,가평 2024_05.csv,레저스포츠,수상레저스포츠
가평,2024,5,2024-05,132,경기도,가평군,백팔유원지,65,가평 2024_05.csv,문화관광,복합관광시설
가평,2024,5,2024-05,133,경기도,가평군,남송미술관,62,가평 2024_05.csv,문화관광,전시시설
가평,2024,5,2024-05,134,경기도,가평군,현리계곡,60,가평 2024_05.csv,자연관광,자연경관(산)
가평,2024,5,2024-05,135,경기도,가평군,도대리용소폭포,59,가평 2024_05.csv,자연관광,자연경관(산)
가평,2024,5,2024-05,135,경기도,가평군,워터플레이,59,가평 2024_05.csv,레저스포츠,수상레저스포츠
가평,2024,5,2024-05,135,경기도,가평군,설악생활체육공원,59,가평 2024_05.csv,문화관광,도시공원
가평,2024,5,2024-05,138,경기도,가평군,가마소유원지,58,가평 2024_05.csv,문화관광,복합관광시설
가평,2024,5,2024-05,139,경기도,가평군,상락향수도원,55,가평 2024_05.csv,역사관광,종교성지
가평,2024,5,2024-05,140,경기도,가평군,삼회리벚꽃길,54,가평 2024_05.csv,기타관광,데이트코스
가평,2024,5,2024-05,141,경기도,가평군,물조은빠지,53,가평 2024_05.csv,레저스포츠,수상레저스포츠
가평,2024,5,2024-05,141,경기도,가평군,가평현리5일장,53,가평 2024_05.csv,쇼핑,시장
가평,2024,5,2024-05,141,경기도,가평군,물의나라유원지,53,가평 2024_05.csv,문화관광,복합관광시설
가평,2024,5,2024-05,141,경기도,가평군,뉴돌고래수상레저,53,가평 2024_05.csv,레저스포츠,수상레저스포츠
가평,2024,5,2024-05,145,경기도,가평군,상천낚시터,52,가평 2024_05.csv,레저스포츠,수상레저스포츠
가평,2024,5,2024-05,145,경기도,가평군,엘혜윰의정원,52,가평 2024_05.csv,레저스포츠,육상레저스포츠
가평,2024,5,2024-05,147,경기도,가평군,에덴야구장,51,가평 2024_05.csv,문화관광,레저스포츠시설
가평,2024,5,2024-05,147,경기도,가평군,가평빠지이비자수상레저,51,가평 2024_05.csv,레저스포츠,수상레저스포츠
가평,2024,5,2024-05,149,경기도,가평군,썸머타임수상레저,50,가평 2024_05.csv,레저스포츠,수상레저스포츠
가평,2024,5,2024-05,150,경기도,가평군,레인보우수상레저,49,가평 2024_05.csv,레저스포츠,수상레저스포츠
가평,2024,5,2024-05,150,경기도,가평군,청평암,49,가평 2024_05.csv,역사관광,종교성지
가평,2024,5,2024-05,152,경기도,가평군,조무락계곡,48,가평 2024_05.csv,자연관광,자연경관(산)
가평,2024,5,2024-05,152,경기도,가평군,삼원수상레저,48,가평 2024_05.csv,레저스포츠,기타레저스포츠
가평,2024,5,2024-05,154,경기도,가평군,클럽미사수상레저,46,가평 2024_05.csv,레저스포츠,수상레저스포츠
가평,2024,5,2024-05,154,경기도,가평군,빠져수상레저,46,가평 2024_05.csv,레저스포츠,수상레저스포츠
가평,2024,5,2024-05,154,경기도,가평군,청룡사,46,가평 2024_05.csv,역사관광,종교성지
가평,2024,5,2024-05,157,경기도,가평군,팀더블유,45,가평 2024_05.csv,레저스포츠,기타레저스포츠
가평,2024,5,2024-05,158,경기도,가평군,산림생태문화체험단지,44,가평 2024_05.csv,기타관광,기타관광
가평,2024,5,2024-05,159,경기도,가평군,산유낚시터,39,가평 2024_05.csv,레저스포츠,수상레저스포츠
가평,2024,5,2024-05,160,경기도,가평군,운악산관음사,38,가평 2024_05.csv,역사관광,종교성지
가평,2024,5,2024-05,160,경기도,가평군,모험의시작,38,가평 2024_05.csv,레저스포츠,수상레저스포츠
가평,2024,5,2024-05,162,경기도,가평군,씨브이리조트,37,가평 2024_05.csv,레저스포츠,수상레저스포츠
가평,2024,5,2024-05,162,경기도,가평군,가평사계절썰매장,37,가평 2024_05.csv,레저스포츠,육상레저스포츠
가평,2024,5,2024-05,164,경기도,가평군,청정낚시터,36,가평 2024_05.csv,레저스포츠,수상레저스포츠
가평,2024,5,2024-05,164,경기도,가평군,노랑다리미술관,36,가평 2024_05.csv,문화관광,전시시설
가평,2024,5,2024-05,166,경기도,가평군,K2수상레져,35,가평 2024_05.csv,레저스포츠,수상레저스포츠
가평,2024,5,2024-05,167,경기도,가평군,크라운수상레저,33,가평 2024_05.csv,레저스포츠,수상레저스포츠
가평,2024,5,2024-05,167,경기도,가평군,호명산,33,가평 2024_05.csv,자연관광,자연경관(산)
가평,2024,5,2024-05,167,경기도,가평군,크리스월드수상레저,33,가평 2024_05.csv,레저스포츠,수상레저스포츠
가평,2024,5,2024-05,170,경기도,가평군,대성리벚꽃길,32,가평 2024_05.csv,기타관광,기타관광
가평,2024,5,2024-05,170,경기도,가평군,아이언수상레저,32,가평 2024_05.csv,레저스포츠,기타레저스포츠
가평,2024,5,2024-05,172,경기도,가평군,신청평대교야구장,31,가평 2024_05.csv,문화관광,레저스포츠시설
가평,2024,5,2024-05,173,경기도,가평군,떡바위유원지,30,가평 2024_05.csv,문화관광,복합관광시설
가평,2024,5,2024-05,173,경기도,가평군,취옹예술관,30,가평 2024_05.csv,문화관광,전시시설
가평,2024,5,2024-05,175,경기도,가평군,색현터널,29,가평 2024_05.csv,기타관광,기타관광
가평,2024,5,2024-05,176,경기도,가평군,그린수상레져,28,가평 2024_05.csv,레저스포츠,수상레저스포츠
가평,2024,5,2024-05,176,경기도,가평군,바우유원지,28,가평 2024_05.csv,문화관광,복합관광시설
가평,2024,5,2024-05,176,경기도,가평군,더스테이힐링파크와일드가든,28,가평 2024_05.csv,문화관광,도시공원
가평,2024,5,2024-05,176,경기도,가평군,성주사,28,가평 2024_05.csv,역사관광,종교성지
가평,2024,5,2024-05,180,경기도,가평군,호국연호사,27,가평 2024_05.csv,역사관광,종교성지
가평,2024,5,2024-05,180,경기도,가평군,용추계곡유원지,27,가평 2024_05.csv,문화관광,복합관광시설
가평,2024,5,2024-05,180,경기도,가평군,리버포인트수상레저,27,가평 2024_05.csv,레저스포츠,수상레저스포츠
가평,2024,5,2024-05,183,경기도,가평군,용문산전투가평지구전적비,26,가평 2024_05.csv,역사관광,역사유물
가평,2024,5,2024-05,183,경기도,가평군,극락정사,26,가평 2024_05.csv,역사관광,종교성지
가평,2024,5,2024-05,183,경기도,가평군,아레나수상레저,26,가평 2024_05.csv,레저스포츠,수상레저스포츠
가평,2024,5,2024-05,183,경기도,가평군,가람농원,26,가평 2024_05.csv,체험관광,농/산/어촌체험
가평,2024,5,2024-05,183,경기도,가평군,항아리바위계곡,26,가평 2024_05.csv,자연관광,자연경관(산)
가평,2024,5,2024-05,188,경기도,가평군,가평빠지크리스월드수상레저,25,가평 2024_05.csv,레저스포츠,수상레저스포츠
가평,2024,5,2024-05,188,경기도,가평군,레저캠프,25,가평 2024_05.csv,레저스포츠,기타레저스포츠
가평,2024,5,2024-05,188,경기도,가평군,수풀로삼회리,25,가평 2024_05.csv,문화관광,도시공원
가평,2024,5,2024-05,188,경기도,가평군,북배산흑염소농장,25,가평 2024_05.csv,체험관광,농/산/어촌체험
가평,2024,5,2024-05,192,경기도,가평군,어거스트수상레저,23,가평 2024_05.csv,레저스포츠,수상레저스포츠
가평,2024,5,2024-05,192,경기도,가평군,이정구선생묘,23,가평 2024_05.csv,역사관광,역사유적지
가평,2024,5,2024-05,192,경기도,가평군,청평첫집,23,가평 2024_05.csv,레저스포츠,수상레저스포츠
가평,2024,5,2024-05,192,경기도,가평군,욜로수상레저,23,가평 2024_05.csv,레저스포츠,수상레저스포츠
가평,2024,5,2024-05,196,경기도,가평군,라인수상레저,22,가평 2024_05.csv,레저스포츠,수상레저스포츠
가평,2024,5,2024-05,196,경기도,가평군,청평유원지,22,가평 2024_05.csv,문화관광,복합관광시설
가평,2024,5,2024-05,196,경기도,가평군,청평페리유람선,22,가평 2024_05.csv,기타관광,교통시설
가평,2024,5,2024-05,196,경기도,가평군,금개울유원지,22,가평 2024_05.csv,문화관광,복합관광시설
가평,2024,5,2024-05,200,경기도,가평군,가평빠지아마존수상레저,21,가평 2024_05.csv,레저스포츠,수상레저스포츠
가평,2024,5,2024-05,200,경기도,가평군,일지안호범미술관,21,가평 2024_05.csv,문화관광,전시시설
가평,2024,5,2024-05,200,경기도,가평군,가평빠지클럽비발디,21,가평 2024_05.csv,레저스포츠,수상레저스포츠
가평,2024,5,2024-05,200,경기도,가평군,경반계곡,21,가평 2024_05.csv,자연관광,자연경관(산)
가평,2024,5,2024-05,200,경기도,가평군,마린랜드,21,가평 2024_05.csv,레저스포츠,수상레저스포츠
가평,2024,5,2024-05,200,경기도,가평군,축령사,21,가평 2024_05.csv,역사관광,종교성지
가평,2024,5,2024-05,200,경기도,가평군,설미재미술관,21,가평 2024_05.csv,문화관광,전시시설
가평,2024,5,2024-05,207,경기도,가평군,향원사,20,가평 2024_05.csv,역사관광,종교성지
가평,2024,5,2024-05,207,경기도,가평군,가평썸머플레이스,20,가평 2024_05.csv,레저스포츠,수상레저스포츠
가평,2024,5,2024-05,209,경기도,가평군,화악계곡,19,가평 2024_05.csv,자연관광,자연경관(산)
가평,2024,5,2024-05,209,경기도,가평군,클럽펀,19,가평 2024_05.csv,레저스포츠,수상레저스포츠
가평,2024,5,2024-05,209,경기도,가평군,가평하늘커피농장,19,가평 2024_05.csv,체험관광,농/산/어촌체험
가평,2024,5,2024-05,209,경기도,가평군,클럽에덴수상레져타운,19,가평 2024_05.csv,레저스포츠,수상레저스포츠
가평,2024,5,2024-05,213,경기도,가평군,귀목계곡,18,가평 2024_05.csv,자연관광,자연경관(산)
가평,2024,5,2024-05,213,경기도,가평군,선어치,18,가평 2024_05.csv,자연관광,자연경관(산)
가평,2024,5,2024-05,213,경기도,가평군,청평생태공원,18,가평 2024_05.csv,문화관광,도시공원
가평,2024,5,2024-05,216,경기도,가평군,버드나무유원지,17,가평 2024_05.csv,문화관광,복합관광시설
가평,2024,5,2024-05,217,경기도,가평군,연인산용추구곡방면,16,가평 2024_05.csv,자연관광,자연경관(산)
가평,2024,5,2024-05,217,경기도,가평군,카페리수상레저,16,가평 2024_05.csv,레저스포츠,수상레저스포츠
가평,2024,5,2024-05,217,경기도,가평군,불기고개,16,가평 2024_05.csv,자연관광,자연경관(산)
가평,2024,5,2024-05,217,경기도,가평군,성관사,16,가평 2024_05.csv,역사관광,종교성지
가평,2024,5,2024-05,217,경기도,가평군,울업산,16,가평 2024_05.csv,자연관광,자연경관(산)
가평,2024,5,2024-05,217,경기도,가평군,미국한국전쟁참전기념비,16,가평 2024_05.csv,역사관광,역사유물
가평,2024,5,2024-05,223,경기도,가평군,마린컴퍼니클럽,15,가평 2024_05.csv,레저스포츠,수상레저스포츠
가평,2024,5,2024-05,223,경기도,가평군,큰골계곡,15,가평 2024_05.csv,자연관광,자연경관(산)
가평,2024,5,2024-05,223,경기도,가평군,아마란스리조트,15,가평 2024_05.csv,레저스포츠,수상레저스포츠
가평,2024,5,2024-05,223,경기도,가평군,가평군 상면 조가터마을,15,가평 2024_05.csv,문화관광,도시/지역문화관광
가평,2024,5,2024-05,223,경기도,가평군,모비딕수상레저,15,가평 2024_05.csv,레저스포츠,수상레저스포츠
가평,2024,5,2024-05,228,경기도,가평군,호수유원지,14,가평 2024_05.csv,기타관광,기타관광
가평,2024,5,2024-05,229,경기도,가평군,룰루마린수상레저,13,가평 2024_05.csv,레저스포츠,수상레저스포츠
가평,2024,5,2024-05,229,경기도,가평군,가평 수상레저 바이킹 빠지,13,가평 2024_05.csv,레저스포츠,수상레저스포츠
가평,2024,5,2024-05,229,경기도,가평군,대성석가사,13,가평 2024_05.csv,역사관광,종교성지
가평,2024,5,2024-05,232,경기도,가평군,운악산용수사,12,가평 2024_05.csv,역사관광,종교성지
가평,2024,5,2024-05,232,경기도,가평군,대성리국민관광지관광안내소,12,가평 2024_05.csv,기타관광,기타관광
가평,2024,5,2024-05,232,경기도,가평군,가평현암농경박물관,12,가평 2024_05.csv,문화관광,전시시설
가평,2024,5,2024-05,232,경기도,가평군,가평크루즈,12,가평 2024_05.csv,레저스포츠,기타레저스포츠
가평,2024,5,2024-05,232,경기도,가평군,유명산계곡,12,가평 2024_05.csv,자연관광,자연경관(산)
가평,2024,5,2024-05,232,경기도,가평군,청평리버랜드수상레저,12,가평 2024_05.csv,문화관광,복합관광시설
가평,2024,5,2024-05,232,경기도,가평군,밤골유원지,12,가평 2024_05.csv,문화관광,복합관광시설
가평,2024,5,2024-05,232,경기도,가평군,대성리계곡,12,가평 2024_05.csv,자연관광,자연경관(산)
가평,2024,5,2024-05,232,경기도,가평군,희망축구전용구장,12,가평 2024_05.csv,문화관광,레저스포츠시설
가평,2024,5,2024-05,241,경기도,가평군,관음사,11,가평 2024_05.csv,역사관광,종교성지
가평,2024,5,2024-05,241,경기도,가평군,운곡암,11,가평 2024_05.csv,역사관광,종교성지
가평,2024,5,2024-05,241,경기도,가평군,두밀리낚시터,11,가평 2024_05.csv,레저스포츠,수상레저스포츠
가평,2024,5,2024-05,241,경기도,가평군,보납산전망대,11,가평 2024_05.csv,문화관광,랜드마크관광
가평,2024,5,2024-05,241,경기도,가평군,하이수상레저이비자1호점,11,가평 2024_05.csv,레저스포츠,수상레저스포츠
가평,2024,5,2024-05,241,경기도,가평군,자라섬리버마켓,11,가평 2024_05.csv,쇼핑,시장
가평,2024,5,2024-05,247,경기도,가평군,상천루,10,가평 2024_05.csv,문화관광,도시공원
가평,2024,5,2024-05,247,경기도,가평군,가평레저파크,10,가평 2024_05.csv,레저스포츠,기타레저스포츠
가평,2024,5,2024-05,247,경기도,가평군,청평스포랜드번지점프장,10,가평 2024_05.csv,레저스포츠,육상레저스포츠
가평,2024,5,2024-05,247,경기도,가평군,가평낚시터,10,가평 2024_05.csv,레저스포츠,수상레저스포츠
가평,2024,5,2024-05,247,경기도,가평군,적목리신앙공동체유적지,10,가평 2024_05.csv,역사관광,역사유적지
가평,2024,5,2024-05,247,경기도,가평군,가평문화창작공간얼쑤공장,10,가평 2024_05.csv,문화관광,기타문화관광지
가평,2024,5,2024-05,253,경기도,가평군,청평계곡,9,가평 2024_05.csv,자연관광,자연경관(산)
가평,2024,5,2024-05,253,경기도,가평군,킹웨이크서프스쿨,9,가평 2024_05.csv,레저스포츠,수상레저스포츠
가평,2024,5,2024-05,253,경기도,가평군,청춘역1979,9,가평 2024_05.csv,문화관광,도시공원
가평,2024,5,2024-05,253,경기도,가평군,클럽모아나,9,가평 2024_05.csv,레저스포츠,수상레저스포츠
가평,2024,5,2024-05,253,경기도,가평군,은행나무낚시공원,9,가평 2024_05.csv,레저스포츠,수상레저스포츠
가평,2024,5,2024-05,253,경기도,가평군,감로사,9,가평 2024_05.csv,역사관광,종교성지
가평,2024,5,2024-05,259,경기도,가평군,구원사,8,가평 2024_05.csv,역사관광,종교성지
가평,2024,5,2024-05,259,경기도,가평군,수연폭포유원지,8,가평 2024_05.csv,문화관광,복합관광시설
가평,2024,5,2024-05,259,경기도,가평군,마리서프,8,가평 2024_05.csv,레저스포츠,수상레저스포츠
가평,2024,5,2024-05,259,경기도,가평군,가평열기구,8,가평 2024_05.csv,레저스포츠,기타레저스포츠
가평,2024,5,2024-05,263,경기도,가평군,일광사,7,가평 2024_05.csv,역사관광,종교성지
가평,2024,5,2024-05,263,경기도,가평군,사공일샵,7,가평 2024_05.csv,체험관광,공예체험
가평,2024,5,2024-05,263,경기도,가평군,산울로수상스키,7,가평 2024_05.csv,레저스포츠,기타레저스포츠
가평,2024,5,2024-05,263,경기도,가평군,청평캠프,7,가평 2024_05.csv,레저스포츠,기타레저스포츠
가평,2024,5,2024-05,263,경기도,가평군,무주채폭포,7,가평 2024_05.csv,자연관광,자연경관(산)
가평,2024,5,2024-05,263,경기도,가평군,가평약수터,7,가평 2024_05.csv,자연관광,자연경관(산)
가평,2024,5,2024-05,263,경기도,가평군,중앙종묘사,7,가평 2024_05.csv,쇼핑,시장
가평,2024,5,2024-05,263,경기도,가평군,수동목장,7,가평 2024_05.csv,체험관광,농/산/어촌체험
가평,2024,5,2024-05,263,경기도,가평군,이화여자대학교수목원,7,가평 2024_05.csv,레저스포츠,육상레저스포츠
가평,2024,5,2024-05,263,경기도,가평군,레이크카운티,7,가평 2024_05.csv,레저스포츠,수상레저스포츠
가평,2024,5,2024-05,263,경기도,가평군,에덴벚꽃길,7,가평 2024_05.csv,레저스포츠,기타레저스포츠
가평,2024,5,2024-05,274,경기도,가평군,바르도수상레저,6,가평 2024_05.csv,레저스포츠,수상레저스포츠
가평,2024,5,2024-05,274,경기도,가평군,가평묘목농원,6,가평 2024_05.csv,체험관광,농/산/어촌체험
가평,2024,5,2024-05,274,경기도,가평군,아침마루공원,6,가평 2024_05.csv,문화관광,도시공원
가평,2024,5,2024-05,274,경기도,가평군,와가목장,6,가평 2024_05.csv,체험관광,농/산/어촌체험
가평,2024,5,2024-05,274,경기도,가평군,삼성종묘가평농산,6,가평 2024_05.csv,체험관광,농/산/어촌체험
가평,2024,5,2024-05,274,경기도,가평군,겨울연가촬영지,6,가평 2024_05.csv,문화관광,기타문화관광지
가평,2024,5,2024-05,274,경기도,가평군,보광사,6,가평 2024_05.csv,역사관광,종교성지
가평,2024,5,2024-05,274,경기도,가평군,북한강유원지,6,가평 2024_05.csv,문화관광,복합관광시설
가평,2024,5,2024-05,274,경기도,가평군,밤나무골유원지,6,가평 2024_05.csv,문화관광,복합관광시설
가평,2024,5,2024-05,274,경기도,가평군,탐선계곡유원지,6,가평 2024_05.csv,문화관광,복합관광시설
가평,2024,5,2024-05,274,경기도,가평군,아침고요수목원수국전시회,6,가평 2024_05.csv,문화관광,기타문화관광지
가평,2024,5,2024-05,274,경기도,가평군,본각사,6,가평 2024_05.csv,역사관광,종교성지
가평,2024,5,2024-05,274,경기도,가평군,쁘띠프랑스유럽동화나라축제,6,가평 2024_05.csv,문화관광,기타문화관광지
가평,2024,5,2024-05,274,경기도,가평군,스마일수상레저,6,가평 2024_05.csv,레저스포츠,수상레저스포츠
가평,2024,5,2024-05,288,경기도,가평군,사그막농원,5,가평 2024_05.csv,체험관광,농/산/어촌체험
가평,2024,5,2024-05,288,경기도,가평군,유명산휴양림관리소,5,가평 2024_05.csv,자연관광,자연공원
가평,2024,5,2024-05,288,경기도,가평군,청오사,5,가평 2024_05.csv,역사관광,종교성지
가평,2024,5,2024-05,288,경기도,가평군,대성사,5,가평 2024_05.csv,역사관광,종교성지
가평,2024,5,2024-05,288,경기도,가평군,서호유원지,5,가평 2024_05.csv,문화관광,복합관광시설
가평,2024,5,2024-05,288,경기도,가평군,락마리나수상스키장,5,가평 2024_05.csv,레저스포츠,수상레저스포츠
가평,2024,5,2024-05,288,경기도,가평군,하천리생활체육공원,5,가평 2024_05.csv,문화관광,도시공원
가평,2024,5,2024-05,288,경기도,가평군,마린보이,5,가평 2024_05.csv,레저스포츠,수상레저스포츠
가평,2024,5,2024-05,288,경기도,가평군,대성낚시터,5,가평 2024_05.csv,레저스포츠,수상레저스포츠
가평,2024,5,2024-05,288,경기도,가평군,훼미리유원지,5,가평 2024_05.csv,문화관광,복합관광시설
가평,2024,5,2024-05,288,경기도,가평군,인터렉티브아트뮤지엄,5,가평 2024_05.csv,문화관광,전시시설
가평,2024,5,2024-05,288,경기도,가평군,점프노리경기가평점,5,가평 2024_05.csv,문화관광,테마공원
가평,2024,5,2024-05,288,경기도,가평군,마콤갤러리,5,가평 2024_05.csv,문화관광,전시시설
가평,2024,5,2024-05,288,경기도,가평군,지장사,5,가평 2024_05.csv,역사관광,종교성지
가평,2024,5,2024-05,288,경기도,가평군,클럽나인수상레저,5,가평 2024_05.csv,레저스포츠,수상레저스포츠
가평,2024,5,2024-05,303,경기도,가평군,리버빌수상레저타운,4,가평 2024_05.csv,레저스포츠,수상레저스포츠
가평,2024,5,2024-05,303,경기도,가평군,디어웨이브,4,가평 2024_05.csv,레저스포츠,수상레저스포츠
가평,2024,5,2024-05,303,경기도,가평군,마린제트모터스,4,가평 2024_05.csv,레저스포츠,수상레저스포츠
가평,2024,5,2024-05,303,경기도,가평군,설악낚시터,4,가평 2024_05.csv,레저스포츠,수상레저스포츠
가평,2024,5,2024-05,303,경기도,가평군,양진나루선착장,4,가평 2024_05.csv,기타관광,교통시설
가평,2024,5,2024-05,303,경기도,가평군,백둔계곡,4,가평 2024_05.csv,자연관광,자연경관(산)
가평,2024,5,2024-05,303,경기도,가평군,새성복교회복지원,4,가평 2024_05.csv,레저스포츠,육상레저스포츠
가평,2024,5,2024-05,303,경기도,가평군,가림미술관,4,가평 2024_05.csv,문화관광,전시시설
가평,2024,5,2024-05,303,경기도,가평군,운악산가평현등사방면,4,가평 2024_05.csv,자연관광,자연경관(산)
가평,2024,5,2024-05,303,경기도,가평군,유스토리청소년수련원,4,가평 2024_05.csv,레저스포츠,육상레저스포츠
가평,2024,5,2024-05,303,경기도,가평군,코스모피아천문대,4,가평 2024_05.csv,문화관광,랜드마크관광
가평,2024,5,2024-05,303,경기도,가평군,익근리계곡,4,가평 2024_05.csv,자연관광,자연경관(산)
가평,2024,5,2024-05,303,경기도,가평군,청평자연유원지,4,가평 2024_05.csv,문화관광,복합관광시설
가평,2024,5,2024-05,303,경기도,가평군,대금사,4,가평 2024_05.csv,역사관광,종교성지
가평,2024,5,2024-05,303,경기도,가평군,해바라기유원지,4,가평 2024_05.csv,문화관광,복합관광시설
가평,2024,5,2024-05,303,경기도,가평군,화야산,4,가평 2024_05.csv,자연관광,자연경관(산)
가평,2024,5,2024-05,319,경기도,가평군,가평군관공선선착장,3,가평 2024_05.csv,기타관광,교통시설
가평,2024,5,2024-05,319,경기도,가평군,동보농원,3,가평 2024_05.csv,체험관광,농/산/어촌체험
가평,2024,5,2024-05,319,경기도,가평군,이수네유원지,3,가평 2024_05.csv,문화관광,복합관광시설
가평,2024,5,2024-05,319,경기도,가평군,유명산자생식물원,3,가평 2024_05.csv,문화관광,테마공원
가평,2024,5,2024-05,319,경기도,가평군,서프봉봉,3,가평 2024_05.csv,레저스포츠,수상레저스포츠
가평,2024,5,2024-05,319,경기도,가평군,경기둘레길가평19코스,3,가평 2024_05.csv,레저스포츠,기타레저스포츠
가평,2024,5,2024-05,319,경기도,가평군,꽃무지풀무지,3,가평 2024_05.csv,자연관광,자연공원
가평,2024,5,2024-05,319,경기도,가평군,이뜨랜수상레저,3,가평 2024_05.csv,레저스포츠,수상레저스포츠
가평,2024,5,2024-05,319,경기도,가평군,연인산명품계곡길출렁다리,3,가평 2024_05.csv,기타관광,기타관광
가평,2024,5,2024-05,319,경기도,가평군,용소유원지,3,가평 2024_05.csv,문화관광,복합관광시설
가평,2024,5,2024-05,319,경기도,가평군,어비산,3,가평 2024_05.csv,자연관광,자연경관(산)
가평,2024,5,2024-05,319,경기도,가평군,이천보고가,3,가평 2024_05.csv,역사관광,역사유적지
가평,2024,5,2024-05,319,경기도,가평군,현등사아미타회상도,3,가평 2024_05.csv,역사관광,역사유적지
가평,2024,5,2024-05,319,경기도,가평군,연화세계,3,가평 2024_05.csv,역사관광,종교성지
가평,2024,5,2024-05,319,경기도,가평군,북한강레저클럽,3,가평 2024_05.csv,레저스포츠,기타레저스포츠
가평,2024,5,2024-05,319,경기도,가평군,두밀계곡,3,가평 2024_05.csv,자연관광,자연경관(산)
가평,2024,5,2024-05,319,경기도,가평군,한강수상레저,3,가평 2024_05.csv,레저스포츠,수상레저스포츠
가평,2024,5,2024-05,319,경기도,가평군,별천지유원지,3,가평 2024_05.csv,문화관광,복합관광시설
가평,2024,5,2024-05,319,경기도,가평군,화야산사기막등산로,3,가평 2024_05.csv,자연관광,자연경관(산)
가평,2024,5,2024-05,319,경기도,가평군,광법사,3,가평 2024_05.csv,역사관광,종교성지
가평,2024,5,2024-05,319,경기도,가평군,청평산장유원지,3,가평 2024_05.csv,문화관광,복합관광시설
가평,2024,5,2024-05,319,경기도,가평군,덕혜암,3,가평 2024_05.csv,역사관광,종교성지
가평,2024,5,2024-05,319,경기도,가평군,현등사계곡,3,가평 2024_05.csv,자연관광,자연경관(산)
가평,2024,5,2024-05,319,경기도,가평군,석룡산,3,가평 2024_05.csv,자연관광,자연경관(산)
가평,2024,5,2024-05,319,경기도,가평군,빛나리유원지,3,가평 2024_05.csv,문화관광,복합관광시설
가평,2024,5,2024-05,319,경기도,가평군,SNG CLUB,3,가평 2024_05.csv,레저스포츠,수상레저스포츠
가평,2024,5,2024-05,319,경기도,가평군,부부농원,3,가평 2024_05.csv,체험관광,농/산/어촌체험
가평,2024,5,2024-05,319,경기도,가평군,썸머드림,3,가평 2024_05.csv,레저스포츠,수상레저스포츠
가평,2024,5,2024-05,319,경기도,가평군,논남기계곡,3,가평 2024_05.csv,자연관광,자연경관(산)
가평,2024,5,2024-05,319,경기도,가평군,지산수상레저,3,가평 2024_05.csv,레저스포츠,수상레저스포츠
가평,2024,5,2024-05,319,경기도,가평군,중미산유원지,3,가평 2024_05.csv,문화관광,복합관광시설
가평,2024,5,2024-05,319,경기도,가평군,까치유원지,3,가평 2024_05.csv,문화관광,복합관광시설
가평,2024,5,2024-05,319,경기도,가평군,현성사,3,가평 2024_05.csv,역사관광,종교성지
가평,2024,5,2024-05,319,경기도,가평군,현종사,3,가평 2024_05.csv,역사관광,종교성지
가평,2024,5,2024-05,319,경기도,가평군,흥국사,3,가평 2024_05.csv,역사관광,종교성지
가평,2024,5,2024-05,319,경기도,가평군,대덕사,3,가평 2024_05.csv,역사관광,종교성지
가평,2024,5,2024-05,319,경기도,가평군,보원사,3,가평 2024_05.csv,역사관광,종교성지
가평,2024,5,2024-05,319,경기도,가평군,효심사,3,가평 2024_05.csv,역사관광,종교성지
가평,2024,5,2024-05,319,경기도,가평군,클럽S2,3,가평 2024_05.csv,레저스포츠,수상레저스포츠
가평,2024,5,2024-05,319,경기도,가평군,항아리바위유원지,3,가평 2024_05.csv,기타관광,기타관광
가평,2024,5,2024-05,319,경기도,가평군,안골유원지,3,가평 2024_05.csv,문화관광,복합관광시설
가평,2024,5,2024-05,319,경기도,가평군,원각사,3,가평 2024_05.csv,역사관광,종교성지
가평,2024,5,2024-05,319,경기도,가평군,늘봄농원,3,가평 2024_05.csv,체험관광,농/산/어촌체험
가평,2024,5,2024-05,319,경기도,가평군,청호수상레저,3,가평 2024_05.csv,레저스포츠,수상레저스포츠
가평,2024,5,2024-05,319,경기도,가평군,조종생활체육공원축구장,3,가평 2024_05.csv,문화관광,레저스포츠시설
가평,2024,5,2024-05,319,경기도,가평군,행복축구전용구장,3,가평 2024_05.csv,문화관광,레저스포츠시설
가평,2024,5,2024-05,319,경기도,가평군,성불사,3,가평 2024_05.csv,역사관광,종교성지
가평,2024,5,2024-05,319,경기도,가평군,꿈의동산놀이공원안보전시관,3,가평 2024_05.csv,문화관광,전시시설
가평,2024,5,2024-05,319,경기도,가평군,김중식미술관,3,가평 2024_05.csv,문화관광,전시시설
가평,2024,6,2024-06,1,경기도,가평군,아침고요수목원,11663,가평 2024_06.csv,문화관광,테마공원
가평,2024,6,2024-06,2,경기도,가평군,자라섬,11079,가평 2024_06.csv,자연관광,자연경관(하천/해양)
가평,2024,6,2024-06,3,경기도,가평군,남이섬선착장,10237,가평 2024_06.csv,기타관광,교통시설
가평,2024,6,2024-06,4,경기도,가평군,남이섬,9269,가평 2024_06.csv,자연관광,자연경관(하천/해양)
가평,2024,6,2024-06,5,경기도,가평군,가평베네스트GC,7085,가평 2024_06.csv,레저스포츠,육상레저스포츠
가평,2024,6,2024-06,6,경기도,가평군,아난티코드골프클럽,7074,가평 2024_06.csv,레저스포츠,육상레저스포츠
가평,2024,6,2024-06,7,경기도,가평군,썬힐GC,7026,가평 2024_06.csv,레저스포츠,육상레저스포츠
가평,2024,6,2024-06,8,경기도,가평군,청평역,6428,가평 2024_06.csv,기타관광,교통시설
가평,2024,6,2024-06,9,경기도,가평군,베뉴지CC,5537,가평 2024_06.csv,레저스포츠,육상레저스포츠
가평,2024,6,2024-06,10,경기도,가평군,프리스틴밸리GC,5160,가평 2024_06.csv,레저스포츠,육상레저스포츠
가평,2024,6,2024-06,11,경기도,가평군,가평베고니아새정원,4996,가평 2024_06.csv,문화관광,테마공원
가평,2024,6,2024-06,12,경기도,가평군,유명산자연휴양림,4527,가평 2024_06.csv,자연관광,자연공원
가평,2024,6,2024-06,13,경기도,가평군,크리스탈밸리CC,4489,가평 2024_06.csv,레저스포츠,육상레저스포츠
가평,2024,6,2024-06,14,경기도,가평군,리앤리CC,4086,가평 2024_06.csv,레저스포츠,육상레저스포츠
가평,2024,6,2024-06,15,경기도,가평군,대성리역,3992,가평 2024_06.csv,기타관광,교통시설
가평,2024,6,2024-06,16,경기도,가평군,자라섬꽃페스타,3458,가평 2024_06.csv,문화관광,기타문화관광지
가평,2024,6,2024-06,17,경기도,가평군,마이다스밸리청평 골프클럽,3350,가평 2024_06.csv,레저스포츠,육상레저스포츠
가평,2024,6,2024-06,18,경기도,가평군,쁘띠프랑스,3164,가평 2024_06.csv,문화관광,복합관광시설
가평,2024,6,2024-06,19,경기도,가평군,경기도잣향기푸른숲,3157,가평 2024_06.csv,자연관광,자연공원
가평,2024,6,2024-06,20,경기도,가평군,신비동물원,2550,가평 2024_06.csv,문화관광,테마공원
가평,2024,6,2024-06,21,경기도,가평군,현리시외버스터미널,2449,가평 2024_06.csv,기타관광,교통시설
가평,2024,6,2024-06,22,경기도,가평군,아침고요가족동물원,2014,가평 2024_06.csv,문화관광,테마공원
가평,2024,6,2024-06,23,경기도,가평군,용추계곡,1946,가평 2024_06.csv,자연관광,자연경관(산)
가평,2024,6,2024-06,24,경기도,가평군,가평시외버스터미널,1663,가평 2024_06.csv,기타관광,교통시설
가평,2024,6,2024-06,25,경기도,가평군,캠프통포레스트,1631,가평 2024_06.csv,레저스포츠,수상레저스포츠
가평,2024,6,2024-06,26,경기도,가평군,청평시외버스터미널,1285,가평 2024_06.csv,기타관광,교통시설
가평,2024,6,2024-06,27,경기도,가평군,에델바이스스위스테마파크,1239,가평 2024_06.csv,문화관광,테마공원
가평,2024,6,2024-06,28,경기도,가평군,강촌레일파크가평역,1203,가평 2024_06.csv,레저스포츠,기타레저스포츠
가평,2024,6,2024-06,29,경기도,가평군,녹수계곡,1079,가평 2024_06.csv,자연관광,자연경관(산)
가평,2024,6,2024-06,30,경기도,가평군,가평파크골프장,815,가평 2024_06.csv,레저스포츠,육상레저스포츠
가평,2024,6,2024-06,31,경기도,가평군,K26잠수풀,757,가평 2024_06.csv,레저스포츠,수상레저스포츠
가평,2024,6,2024-06,32,경기도,가평군,상천역,726,가평 2024_06.csv,기타관광,교통시설
가평,2024,6,2024-06,33,경기도,가평군,산장관광지,713,가평 2024_06.csv,문화관광,복합관광시설
가평,2024,6,2024-06,34,경기도,가평군,청평자연휴양림,700,가평 2024_06.csv,자연관광,자연공원
가평,2024,6,2024-06,35,경기도,가평군,청평호반드라이브코스,695,가평 2024_06.csv,기타관광,데이트코스
가평,2024,6,2024-06,36,경기도,가평군,호명호수,686,가평 2024_06.csv,자연관광,자연경관(하천/해양)
가평,2024,6,2024-06,37,경기도,가평군,어비계곡,679,가평 2024_06.csv,자연관광,자연경관(산)
가평,2024,6,2024-06,38,경기도,가평군,남도꽃정원,671,가평 2024_06.csv,문화관광,도시공원
가평,2024,6,2024-06,39,경기도,가평군,꿈의동산,598,가평 2024_06.csv,문화관광,복합관광시설
가평,2024,6,2024-06,40,경기도,가평군,설악시외버스터미널,597,가평 2024_06.csv,기타관광,교통시설
가평,2024,6,2024-06,40,경기도,가평군,현등사,597,가평 2024_06.csv,역사관광,종교성지
가평,2024,6,2024-06,42,경기도,가평군,칼봉산자연휴양림,586,가평 2024_06.csv,자연관광,자연공원
가평,2024,6,2024-06,43,경기도,가평군,가평별빛공원,584,가평 2024_06.csv,문화관광,도시공원
가평,2024,6,2024-06,44,경기도,가평군,한국초콜릿연구소뮤지엄,556,가평 2024_06.csv,문화관광,전시시설
가평,2024,6,2024-06,45,경기도,가평군,강씨봉자연휴양림,522,가평 2024_06.csv,자연관광,자연공원
가평,2024,6,2024-06,46,경기도,가평군,북면생활체육공원,520,가평 2024_06.csv,문화관광,도시공원
가평,2024,6,2024-06,47,경기도,가평군,잣고을전통시장,502,가평 2024_06.csv,쇼핑,시장
가평,2024,6,2024-06,48,경기도,가평군,용소폭포,490,가평 2024_06.csv,자연관광,자연경관(산)
가평,2024,6,2024-06,49,경기도,가평군,청평호,481,가평 2024_06.csv,자연관광,자연경관(하천/해양)
가평,2024,6,2024-06,50,경기도,가평군,도대리용소폭포,474,가평 2024_06.csv,자연관광,자연경관(산)
가평,2024,6,2024-06,51,경기도,가평군,음악역1939,470,가평 2024_06.csv,문화관광,기타문화관광지
가평,2024,6,2024-06,52,경기도,가평군,명지계곡,462,가평 2024_06.csv,자연관광,자연경관(산)
가평,2024,6,2024-06,53,경기도,가평군,모비딕수상레저,446,가평 2024_06.csv,레저스포츠,수상레저스포츠
가평,2024,6,2024-06,54,경기도,가평군,가평TOP랜드,426,가평 2024_06.csv,레저스포츠,수상레저스포츠
가평,2024,6,2024-06,54,경기도,가평군,가평빠지클럽비발디,426,가평 2024_06.csv,레저스포츠,수상레저스포츠
가평,2024,6,2024-06,56,경기도,가평군,이탈리아마을 피노키오와다빈치,422,가평 2024_06.csv,문화관광,복합관광시설
가평,2024,6,2024-06,57,경기도,가평군,호명호수공원,403,가평 2024_06.csv,문화관광,도시공원
가평,2024,6,2024-06,58,경기도,가평군,캠프통아일랜드,382,가평 2024_06.csv,레저스포츠,수상레저스포츠
가평,2024,6,2024-06,58,경기도,가평군,르푸앙수상레져,382,가평 2024_06.csv,레저스포츠,수상레저스포츠
가평,2024,6,2024-06,60,경기도,가평군,청심국제청소년수련원,362,가평 2024_06.csv,레저스포츠,육상레저스포츠
가평,2024,6,2024-06,61,경기도,가평군,조무락계곡,352,가평 2024_06.csv,자연관광,자연경관(산)
가평,2024,6,2024-06,62,경기도,가평군,워터플레이,332,가평 2024_06.csv,레저스포츠,수상레저스포츠
가평,2024,6,2024-06,63,경기도,가평군,가평크루즈,330,가평 2024_06.csv,레저스포츠,기타레저스포츠
가평,2024,6,2024-06,64,경기도,가평군,가평브릿지짚라인,324,가평 2024_06.csv,레저스포츠,기타레저스포츠
가평,2024,6,2024-06,65,경기도,가평군,가평군어린이음악놀이터,318,가평 2024_06.csv,문화관광,테마공원
가평,2024,6,2024-06,66,경기도,가평군,가평빠지아마존수상레저,307,가평 2024_06.csv,레저스포츠,수상레저스포츠
가평,2024,6,2024-06,67,경기도,가평군,백련사,302,가평 2024_06.csv,역사관광,종교성지
가평,2024,6,2024-06,68,경기도,가평군,더스테이힐링파크링스파3골프장,300,가평 2024_06.csv,레저스포츠,육상레저스포츠
가평,2024,6,2024-06,69,경기도,가평군,대성리국민관광지,286,가평 2024_06.csv,문화관광,복합관광시설
가평,2024,6,2024-06,70,경기도,가평군,청평생활체육공원,278,가평 2024_06.csv,문화관광,도시공원
가평,2024,6,2024-06,70,경기도,가평군,항아리바위계곡,278,가평 2024_06.csv,자연관광,자연경관(산)
가평,2024,6,2024-06,72,경기도,가평군,운악산출렁다리,275,가평 2024_06.csv,기타관광,기타관광
가평,2024,6,2024-06,72,경기도,가평군,청평5일시장,275,가평 2024_06.csv,쇼핑,시장
가평,2024,6,2024-06,74,경기도,가평군,버드마리나수상레저,269,가평 2024_06.csv,레저스포츠,기타레저스포츠
가평,2024,6,2024-06,75,경기도,가평군,리버랜드번지점프장,266,가평 2024_06.csv,레저스포츠,육상레저스포츠
가평,2024,6,2024-06,75,경기도,가평군,리버포인트수상레저,266,가평 2024_06.csv,레저스포츠,수상레저스포츠
가평,2024,6,2024-06,77,경기도,가평군,크라운수상레저,264,가평 2024_06.csv,레저스포츠,수상레저스포츠
가평,2024,6,2024-06,78,경기도,가평군,스카이라인짚와이어,259,가평 2024_06.csv,문화관광,복합관광시설
가평,2024,6,2024-06,79,경기도,가평군,청심평화월드센터,252,가평 2024_06.csv,문화관광,공연시설
가평,2024,6,2024-06,80,경기도,가평군,가평썸머플레이스,248,가평 2024_06.csv,레저스포츠,수상레저스포츠
가평,2024,6,2024-06,80,경기도,가평군,맨하탄수상레져,248,가평 2024_06.csv,레저스포츠,수상레저스포츠
가평,2024,6,2024-06,82,경기도,가평군,가평빠지이비자수상레저,247,가평 2024_06.csv,레저스포츠,수상레저스포츠
가평,2024,6,2024-06,83,경기도,가평군,도장골낚시터,243,가평 2024_06.csv,레저스포츠,수상레저스포츠
가평,2024,6,2024-06,84,경기도,가평군,아루바수상레저,229,가평 2024_06.csv,레저스포츠,기타레저스포츠
가평,2024,6,2024-06,84,경기도,가평군,경기도잣향기푸른숲안내매표소,229,가평 2024_06.csv,기타관광,기타관광
가평,2024,6,2024-06,86,경기도,가평군,호수유원지,216,가평 2024_06.csv,기타관광,기타관광
가평,2024,6,2024-06,87,경기도,가평군,말리부수상레저,214,가평 2024_06.csv,레저스포츠,기타레저스포츠
가평,2024,6,2024-06,88,경기도,가평군,레저캠프,213,가평 2024_06.csv,레저스포츠,기타레저스포츠
가평,2024,6,2024-06,89,경기도,가평군,클럽이글스수상레저,207,가평 2024_06.csv,레저스포츠,기타레저스포츠
가평,2024,6,2024-06,89,경기도,가평군,크리스월드수상레저,207,가평 2024_06.csv,레저스포츠,수상레저스포츠
가평,2024,6,2024-06,91,경기도,가평군,아이언수상레저,200,가평 2024_06.csv,레저스포츠,기타레저스포츠
가평,2024,6,2024-06,91,경기도,가평군,K2수상레져,200,가평 2024_06.csv,레저스포츠,수상레저스포츠
가평,2024,6,2024-06,93,경기도,가평군,오페라하우스수상레저,196,가평 2024_06.csv,레저스포츠,수상레저스포츠
가평,2024,6,2024-06,94,경기도,가평군,바하마수상레포츠,194,가평 2024_06.csv,레저스포츠,수상레저스포츠
가평,2024,6,2024-06,95,경기도,가평군,물조은빠지,192,가평 2024_06.csv,레저스포츠,수상레저스포츠
가평,2024,6,2024-06,95,경기도,가평군,자이언트수상레저리조트,192,가평 2024_06.csv,레저스포츠,수상레저스포츠
가평,2024,6,2024-06,97,경기도,가평군,모험의시작,189,가평 2024_06.csv,레저스포츠,수상레저스포츠
가평,2024,6,2024-06,98,경기도,가평군,유명산,187,가평 2024_06.csv,자연관광,자연경관(산)
가평,2024,6,2024-06,99,경기도,가평군,수영인의마을,186,가평 2024_06.csv,레저스포츠,수상레저스포츠
가평,2024,6,2024-06,99,경기도,가평군,현리유원지,186,가평 2024_06.csv,문화관광,복합관광시설
가평,2024,6,2024-06,101,경기도,가평군,가일미술관,179,가평 2024_06.csv,문화관광,전시시설
가평,2024,6,2024-06,102,경기도,가평군,클럽미사수상레저,177,가평 2024_06.csv,레저스포츠,수상레저스포츠
가평,2024,6,2024-06,103,경기도,가평군,조종천계곡,173,가평 2024_06.csv,자연관광,자연경관(산)
가평,2024,6,2024-06,104,경기도,가평군,이화원,171,가평 2024_06.csv,문화관광,도시공원
가평,2024,6,2024-06,105,경기도,가평군,서프앤,170,가평 2024_06.csv,레저스포츠,수상레저스포츠
가평,2024,6,2024-06,106,경기도,가평군,대원사,169,가평 2024_06.csv,역사관광,종교성지
가평,2024,6,2024-06,106,경기도,가평군,아레나수상레저,169,가평 2024_06.csv,레저스포츠,수상레저스포츠
가평,2024,6,2024-06,108,경기도,가평군,W홀스랜드,168,가평 2024_06.csv,레저스포츠,육상레저스포츠
가평,2024,6,2024-06,108,경기도,가평군,탑코리아수상레저,168,가평 2024_06.csv,레저스포츠,수상레저스포츠
가평,2024,6,2024-06,108,경기도,가평군,소풍레저,168,가평 2024_06.csv,레저스포츠,수상레저스포츠
가평,2024,6,2024-06,111,경기도,가평군,워터피아수상레저,166,가평 2024_06.csv,레저스포츠,수상레저스포츠
가평,2024,6,2024-06,112,경기도,가평군,자라섬생태공원,165,가평 2024_06.csv,문화관광,도시공원
가평,2024,6,2024-06,113,경기도,가평군,가평수목원,161,가평 2024_06.csv,자연관광,자연공원
가평,2024,6,2024-06,113,경기도,가평군,포세이돈,161,가평 2024_06.csv,레저스포츠,수상레저스포츠
가평,2024,6,2024-06,115,경기도,가평군,운악산,159,가평 2024_06.csv,자연관광,자연경관(산)
가평,2024,6,2024-06,116,경기도,가평군,명지산생태전시관,153,가평 2024_06.csv,문화관광,전시시설
가평,2024,6,2024-06,116,경기도,가평군,레인보우수상레저,153,가평 2024_06.csv,레저스포츠,수상레저스포츠
가평,2024,6,2024-06,118,경기도,가평군,이지수상레져,152,가평 2024_06.csv,레저스포츠,기타레저스포츠
가평,2024,6,2024-06,119,경기도,가평군,조종시네마,150,가평 2024_06.csv,문화관광,공연시설
가평,2024,6,2024-06,119,경기도,가평군,가평레져카트장,150,가평 2024_06.csv,레저스포츠,기타레저스포츠
가평,2024,6,2024-06,119,경기도,가평군,목동버스터미널,150,가평 2024_06.csv,기타관광,교통시설
가평,2024,6,2024-06,122,경기도,가평군,청평호수길,149,가평 2024_06.csv,기타관광,기타관광
가평,2024,6,2024-06,123,경기도,가평군,가평빠지크리스월드수상레저,147,가평 2024_06.csv,레저스포츠,수상레저스포츠
가평,2024,6,2024-06,124,경기도,가평군,가평정기5일시장,145,가평 2024_06.csv,쇼핑,시장
가평,2024,6,2024-06,125,경기도,가평군,빠져수상레저,144,가평 2024_06.csv,레저스포츠,수상레저스포츠
가평,2024,6,2024-06,125,경기도,가평군,천정궁박물관,144,가평 2024_06.csv,문화관광,전시시설
가평,2024,6,2024-06,127,경기도,가평군,트니트니어드벤처,140,가평 2024_06.csv,문화관광,테마공원
가평,2024,6,2024-06,128,경기도,가평군,현리계곡,135,가평 2024_06.csv,자연관광,자연경관(산)
가평,2024,6,2024-06,129,경기도,가평군,연인산명품계곡길,130,가평 2024_06.csv,레저스포츠,기타레저스포츠
가평,2024,6,2024-06,130,경기도,가평군,백팔유원지,128,가평 2024_06.csv,문화관광,복합관광시설
가평,2024,6,2024-06,131,경기도,가평군,호명산드라이브코스,126,가평 2024_06.csv,기타관광,데이트코스
가평,2024,6,2024-06,131,경기도,가평군,가평축령산잣나무숲,126,가평 2024_06.csv,자연관광,자연공원
가평,2024,6,2024-06,133,경기도,가평군,폭포낚시,119,가평 2024_06.csv,레저스포츠,수상레저스포츠
가평,2024,6,2024-06,134,경기도,가평군,베니스수상레저,116,가평 2024_06.csv,레저스포츠,수상레저스포츠
가평,2024,6,2024-06,134,경기도,가평군,썸머타임수상레저,116,가평 2024_06.csv,레저스포츠,수상레저스포츠
가평,2024,6,2024-06,134,경기도,가평군,자라섬워터파크,116,가평 2024_06.csv,문화관광,테마공원
가평,2024,6,2024-06,137,경기도,가평군,대성수상레저,109,가평 2024_06.csv,레저스포츠,수상레저스포츠
가평,2024,6,2024-06,138,경기도,가평군,화악계곡,108,가평 2024_06.csv,자연관광,자연경관(산)
가평,2024,6,2024-06,139,경기도,가평군,웨이크베이리조트,106,가평 2024_06.csv,레저스포츠,기타레저스포츠
가평,2024,6,2024-06,139,경기도,가평군,청평유원지,106,가평 2024_06.csv,문화관광,복합관광시설
가평,2024,6,2024-06,141,경기도,가평군,가평뮤직빌리지1939시네마,105,가평 2024_06.csv,문화관광,공연시설
가평,2024,6,2024-06,142,경기도,가평군,별비치워터파크,103,가평 2024_06.csv,문화관광,테마공원
가평,2024,6,2024-06,143,경기도,가평군,산림생태문화체험단지,102,가평 2024_06.csv,기타관광,기타관광
가평,2024,6,2024-06,144,경기도,가평군,청춘역1979,101,가평 2024_06.csv,문화관광,도시공원
가평,2024,6,2024-06,144,경기도,가평군,루시아수상레저,101,가평 2024_06.csv,레저스포츠,수상레저스포츠
가평,2024,6,2024-06,144,경기도,가평군,아침고요수목원수국전시회,101,가평 2024_06.csv,문화관광,기타문화관광지
가평,2024,6,2024-06,144,경기도,가평군,연인산도립공원탐방안내소,101,가평 2024_06.csv,기타관광,기타관광
가평,2024,6,2024-06,148,경기도,가평군,태은사,100,가평 2024_06.csv,역사관광,종교성지
가평,2024,6,2024-06,149,경기도,가평군,헤이븐,98,가평 2024_06.csv,레저스포츠,수상레저스포츠
가평,2024,6,2024-06,150,경기도,가평군,일칠일관광농원,96,가평 2024_06.csv,체험관광,농/산/어촌체험
가평,2024,6,2024-06,150,경기도,가평군,용추계곡유원지,96,가평 2024_06.csv,문화관광,복합관광시설
가평,2024,6,2024-06,152,경기도,가평군,유명산계곡,94,가평 2024_06.csv,자연관광,자연경관(산)
가평,2024,6,2024-06,153,경기도,가평군,화악산,91,가평 2024_06.csv,자연관광,자연경관(산)
가평,2024,6,2024-06,154,경기도,가평군,연인산,87,가평 2024_06.csv,자연관광,자연경관(산)
가평,2024,6,2024-06,154,경기도,가평군,바우유원지,87,가평 2024_06.csv,문화관광,복합관광시설
가평,2024,6,2024-06,156,경기도,가평군,떡바위유원지,84,가평 2024_06.csv,문화관광,복합관광시설
가평,2024,6,2024-06,157,경기도,가평군,달마공원관음사,83,가평 2024_06.csv,역사관광,종교성지
가평,2024,6,2024-06,157,경기도,가평군,가평에덴벚꽃길,83,가평 2024_06.csv,기타관광,기타관광
가평,2024,6,2024-06,159,경기도,가평군,삼원수상레저,79,가평 2024_06.csv,레저스포츠,기타레저스포츠
가평,2024,6,2024-06,160,경기도,가평군,금개울유원지,77,가평 2024_06.csv,문화관광,복합관광시설
가평,2024,6,2024-06,160,경기도,가평군,하이수상레저이비자1호점,77,가평 2024_06.csv,레저스포츠,수상레저스포츠
가평,2024,6,2024-06,162,경기도,가평군,이뜨랜수상레저,76,가평 2024_06.csv,레저스포츠,수상레저스포츠
가평,2024,6,2024-06,163,경기도,가평군,뉴돌고래수상레저,75,가평 2024_06.csv,레저스포츠,수상레저스포츠
가평,2024,6,2024-06,164,경기도,가평군,큰골계곡,74,가평 2024_06.csv,자연관광,자연경관(산)
가평,2024,6,2024-06,165,경기도,가평군,욜로수상레저,72,가평 2024_06.csv,레저스포츠,수상레저스포츠
가평,2024,6,2024-06,166,경기도,가평군,룰루마린수상레저,70,가평 2024_06.csv,레저스포츠,수상레저스포츠
가평,2024,6,2024-06,166,경기도,가평군,운악산성불사,70,가평 2024_06.csv,역사관광,종교성지
가평,2024,6,2024-06,168,경기도,가평군,설악5일장,69,가평 2024_06.csv,쇼핑,시장
가평,2024,6,2024-06,168,경기도,가평군,토마토레저파크,69,가평 2024_06.csv,레저스포츠,기타레저스포츠
가평,2024,6,2024-06,170,경기도,가평군,가평역레져,66,가평 2024_06.csv,레저스포츠,기타레저스포츠
가평,2024,6,2024-06,170,경기도,가평군,이정웅스페이스,66,가평 2024_06.csv,문화관광,전시시설
가평,2024,6,2024-06,172,경기도,가평군,자라섬리버마켓,65,가평 2024_06.csv,쇼핑,시장
가평,2024,6,2024-06,173,경기도,가평군,가평현리5일장,63,가평 2024_06.csv,쇼핑,시장
가평,2024,6,2024-06,173,경기도,가평군,설악생활체육공원,63,가평 2024_06.csv,문화관광,도시공원
가평,2024,6,2024-06,175,경기도,가평군,경반계곡,61,가평 2024_06.csv,자연관광,자연경관(산)
가평,2024,6,2024-06,176,경기도,가평군,라인수상레저,57,가평 2024_06.csv,레저스포츠,수상레저스포츠
가평,2024,6,2024-06,176,경기도,가평군,송학포유원지,57,가평 2024_06.csv,문화관광,복합관광시설
가평,2024,6,2024-06,178,경기도,가평군,카페리수상레저,56,가평 2024_06.csv,레저스포츠,수상레저스포츠
가평,2024,6,2024-06,179,경기도,가평군,상천낚시터,54,가평 2024_06.csv,레저스포츠,수상레저스포츠
가평,2024,6,2024-06,179,경기도,가평군,대성리계곡,54,가평 2024_06.csv,자연관광,자연경관(산)
가평,2024,6,2024-06,181,경기도,가평군,가람유원지,53,가평 2024_06.csv,문화관광,복합관광시설
가평,2024,6,2024-06,182,경기도,가평군,취옹예술관,52,가평 2024_06.csv,문화관광,전시시설
가평,2024,6,2024-06,182,경기도,가평군,엘혜윰의정원,52,가평 2024_06.csv,레저스포츠,육상레저스포츠
가평,2024,6,2024-06,184,경기도,가평군,씨브이리조트,48,가평 2024_06.csv,레저스포츠,수상레저스포츠
가평,2024,6,2024-06,184,경기도,가평군,산유낚시터,48,가평 2024_06.csv,레저스포츠,수상레저스포츠
가평,2024,6,2024-06,186,경기도,가평군,청평리버랜드수상레저,47,가평 2024_06.csv,문화관광,복합관광시설
가평,2024,6,2024-06,187,경기도,가평군,운악산관음사,43,가평 2024_06.csv,역사관광,종교성지
가평,2024,6,2024-06,187,경기도,가평군,명지계곡유원지,43,가평 2024_06.csv,문화관광,복합관광시설
가평,2024,6,2024-06,189,경기도,가평군,팀더블유,41,가평 2024_06.csv,레저스포츠,기타레저스포츠
가평,2024,6,2024-06,189,경기도,가평군,자연과별천문대,41,가평 2024_06.csv,기타관광,기타관광
가평,2024,6,2024-06,189,경기도,가평군,조종생활체육공원,41,가평 2024_06.csv,문화관광,도시공원
가평,2024,6,2024-06,189,경기도,가평군,귀목계곡,41,가평 2024_06.csv,자연관광,자연경관(산)
가평,2024,6,2024-06,189,경기도,가평군,신청평대교야구장,41,가평 2024_06.csv,문화관광,레저스포츠시설
가평,2024,6,2024-06,189,경기도,가평군,노랑다리미술관,41,가평 2024_06.csv,문화관광,전시시설
가평,2024,6,2024-06,195,경기도,가평군,HJ매그놀리아멋집,39,가평 2024_06.csv,문화관광,기타문화관광지
가평,2024,6,2024-06,195,경기도,가평군,용소유원지,39,가평 2024_06.csv,문화관광,복합관광시설
가평,2024,6,2024-06,197,경기도,가평군,킹웨이크서프스쿨,36,가평 2024_06.csv,레저스포츠,수상레저스포츠
가평,2024,6,2024-06,197,경기도,가평군,그린수상레져,36,가평 2024_06.csv,레저스포츠,수상레저스포츠
가평,2024,6,2024-06,197,경기도,가평군,스마일수상레저,36,가평 2024_06.csv,레저스포츠,수상레저스포츠
가평,2024,6,2024-06,200,경기도,가평군,청정낚시터,34,가평 2024_06.csv,레저스포츠,수상레저스포츠
가평,2024,6,2024-06,200,경기도,가평군,물의나라유원지,34,가평 2024_06.csv,문화관광,복합관광시설
가평,2024,6,2024-06,202,경기도,가평군,가평사계절썰매장,33,가평 2024_06.csv,레저스포츠,육상레저스포츠
가평,2024,6,2024-06,202,경기도,가평군,가평군 상면 조가터마을,33,가평 2024_06.csv,문화관광,도시/지역문화관광
가평,2024,6,2024-06,204,경기도,가평군,애기소계곡,32,가평 2024_06.csv,자연관광,자연경관(산)
가평,2024,6,2024-06,204,경기도,가평군,가평하늘커피농장,32,가평 2024_06.csv,체험관광,농/산/어촌체험
가평,2024,6,2024-06,206,경기도,가평군,어거스트수상레저,31,가평 2024_06.csv,레저스포츠,수상레저스포츠
가평,2024,6,2024-06,206,경기도,가평군,청평유원지,31,가평 2024_06.csv,문화관광,복합관광시설
가평,2024,6,2024-06,206,경기도,가평군,클럽펀,31,가평 2024_06.csv,레저스포츠,수상레저스포츠
가평,2024,6,2024-06,206,경기도,가평군,상면생활체육공원,31,가평 2024_06.csv,문화관광,도시공원
가평,2024,6,2024-06,206,경기도,가평군,호명산,31,가평 2024_06.csv,자연관광,자연경관(산)
가평,2024,6,2024-06,211,경기도,가평군,마린컴퍼니클럽,30,가평 2024_06.csv,레저스포츠,수상레저스포츠
가평,2024,6,2024-06,211,경기도,가평군,북배산흑염소농장,30,가평 2024_06.csv,체험관광,농/산/어촌체험
가평,2024,6,2024-06,211,경기도,가평군,가평 수상레저 바이킹 빠지,30,가평 2024_06.csv,레저스포츠,수상레저스포츠
가평,2024,6,2024-06,214,경기도,가평군,청평계곡,29,가평 2024_06.csv,자연관광,자연경관(산)
가평,2024,6,2024-06,215,경기도,가평군,삼회리벚꽃길,28,가평 2024_06.csv,기타관광,데이트코스
가평,2024,6,2024-06,215,경기도,가평군,클럽에덴수상레져타운,28,가평 2024_06.csv,레저스포츠,수상레저스포츠
가평,2024,6,2024-06,217,경기도,가평군,가마소유원지,27,가평 2024_06.csv,문화관광,복합관광시설
가평,2024,6,2024-06,217,경기도,가평군,탐선계곡유원지,27,가평 2024_06.csv,문화관광,복합관광시설
가평,2024,6,2024-06,219,경기도,가평군,청평캠프,25,가평 2024_06.csv,레저스포츠,기타레저스포츠
가평,2024,6,2024-06,220,경기도,가평군,이지서프웨이크서핑,24,가평 2024_06.csv,레저스포츠,수상레저스포츠
가평,2024,6,2024-06,220,경기도,가평군,아침고요수목원봄꽃페스타,24,가평 2024_06.csv,문화관광,기타문화관광지
가평,2024,6,2024-06,220,경기도,가평군,아토믹워터파크,24,가평 2024_06.csv,문화관광,테마공원
가평,2024,6,2024-06,220,경기도,가평군,청평암,24,가평 2024_06.csv,역사관광,종교성지
가평,2024,6,2024-06,224,경기도,가평군,백둔계곡,23,가평 2024_06.csv,자연관광,자연경관(산)
가평,2024,6,2024-06,224,경기도,가평군,클럽나인수상레저,23,가평 2024_06.csv,레저스포츠,수상레저스포츠
가평,2024,6,2024-06,226,경기도,가평군,색현터널,22,가평 2024_06.csv,기타관광,기타관광
가평,2024,6,2024-06,227,경기도,가평군,청평페리유람선,21,가평 2024_06.csv,기타관광,교통시설
가평,2024,6,2024-06,227,경기도,가평군,에덴야구장,21,가평 2024_06.csv,문화관광,레저스포츠시설
가평,2024,6,2024-06,229,경기도,가평군,산울로수상스키,19,가평 2024_06.csv,레저스포츠,기타레저스포츠
가평,2024,6,2024-06,229,경기도,가평군,마린랜드,19,가평 2024_06.csv,레저스포츠,수상레저스포츠
가평,2024,6,2024-06,229,경기도,가평군,썸머드림,19,가평 2024_06.csv,레저스포츠,수상레저스포츠
가평,2024,6,2024-06,232,경기도,가평군,극락정사,18,가평 2024_06.csv,역사관광,종교성지
가평,2024,6,2024-06,233,경기도,가평군,서프봉봉,17,가평 2024_06.csv,레저스포츠,수상레저스포츠
가평,2024,6,2024-06,233,경기도,가평군,청오사,17,가평 2024_06.csv,역사관광,종교성지
가평,2024,6,2024-06,233,경기도,가평군,현등사계곡,17,가평 2024_06.csv,자연관광,자연경관(산)
가평,2024,6,2024-06,233,경기도,가평군,빠지고,17,가평 2024_06.csv,레저스포츠,수상레저스포츠
가평,2024,6,2024-06,233,경기도,가평군,가평무브베이스볼파크,17,가평 2024_06.csv,문화관광,레저스포츠시설
가평,2024,6,2024-06,233,경기도,가평군,가평수상레저MK,17,가평 2024_06.csv,레저스포츠,수상레저스포츠
가평,2024,6,2024-06,239,경기도,가평군,가평레저파크,16,가평 2024_06.csv,레저스포츠,기타레저스포츠
가평,2024,6,2024-06,239,경기도,가평군,클럽모아나,16,가평 2024_06.csv,레저스포츠,수상레저스포츠
가평,2024,6,2024-06,239,경기도,가평군,한강수상레저,16,가평 2024_06.csv,레저스포츠,수상레저스포츠
가평,2024,6,2024-06,239,경기도,가평군,상락향수도원,16,가평 2024_06.csv,역사관광,종교성지
가평,2024,6,2024-06,239,경기도,가평군,더스테이힐링파크와일드가든,16,가평 2024_06.csv,문화관광,도시공원
가평,2024,6,2024-06,244,경기도,가평군,현충탑,15,가평 2024_06.csv,역사관광,역사유물
가평,2024,6,2024-06,244,경기도,가평군,가림미술관,15,가평 2024_06.csv,문화관광,전시시설
가평,2024,6,2024-06,244,경기도,가평군,불기고개,15,가평 2024_06.csv,자연관광,자연경관(산)
가평,2024,6,2024-06,244,경기도,가평군,항아리바위유원지,15,가평 2024_06.csv,기타관광,기타관광
가평,2024,6,2024-06,248,경기도,가평군,청룡사,14,가평 2024_06.csv,역사관광,종교성지
가평,2024,6,2024-06,248,경기도,가평군,축령사,14,가평 2024_06.csv,역사관광,종교성지
가평,2024,6,2024-06,250,경기도,가평군,무당소유원지,13,가평 2024_06.csv,문화관광,복합관광시설
가평,2024,6,2024-06,250,경기도,가평군,해바라기유원지,13,가평 2024_06.csv,문화관광,복합관광시설
가평,2024,6,2024-06,252,경기도,가평군,청평첫집,12,가평 2024_06.csv,레저스포츠,수상레저스포츠
가평,2024,6,2024-06,252,경기도,가평군,자라섬테마파크물놀이장 휴장중,12,가평 2024_06.csv,문화관광,테마공원
가평,2024,6,2024-06,252,경기도,가평군,가평리틀야구장,12,가평 2024_06.csv,문화관광,레저스포츠시설
가평,2024,6,2024-06,255,경기도,가평군,운악산용수사,11,가평 2024_06.csv,역사관광,종교성지
가평,2024,6,2024-06,255,경기도,가평군,용추폭포,11,가평 2024_06.csv,자연관광,자연경관(산)
가평,2024,6,2024-06,255,경기도,가평군,빛나리유원지,11,가평 2024_06.csv,문화관광,복합관광시설
가평,2024,6,2024-06,255,경기도,가평군,가평수상레저가즈아,11,가평 2024_06.csv,레저스포츠,수상레저스포츠
가평,2024,6,2024-06,255,경기도,가평군,가람농원,11,가평 2024_06.csv,체험관광,농/산/어촌체험
가평,2024,6,2024-06,255,경기도,가평군,울업산,11,가평 2024_06.csv,자연관광,자연경관(산)
가평,2024,6,2024-06,261,경기도,가평군,무아레풀무아레,10,가평 2024_06.csv,문화관광,테마공원
가평,2024,6,2024-06,261,경기도,가평군,청평여울시장,10,가평 2024_06.csv,쇼핑,시장
가평,2024,6,2024-06,261,경기도,가평군,호국연호사,10,가평 2024_06.csv,역사관광,종교성지
가평,2024,6,2024-06,261,경기도,가평군,연인산용추구곡방면,10,가평 2024_06.csv,자연관광,자연경관(산)
가평,2024,6,2024-06,261,경기도,가평군,남송미술관,10,가평 2024_06.csv,문화관광,전시시설
가평,2024,6,2024-06,261,경기도,가평군,흥국사,10,가평 2024_06.csv,역사관광,종교성지
가평,2024,6,2024-06,261,경기도,가평군,성운사,10,가평 2024_06.csv,역사관광,종교성지
가평,2024,6,2024-06,261,경기도,가평군,조종생활체육공원축구장,10,가평 2024_06.csv,문화관광,레저스포츠시설
가평,2024,6,2024-06,269,경기도,가평군,수풀로삼회리,9,가평 2024_06.csv,문화관광,도시공원
가평,2024,6,2024-06,269,경기도,가평군,청평스포랜드번지점프장,9,가평 2024_06.csv,레저스포츠,육상레저스포츠
가평,2024,6,2024-06,269,경기도,가평군,향원사,9,가평 2024_06.csv,역사관광,종교성지
가평,2024,6,2024-06,269,경기도,가평군,수동목장,9,가평 2024_06.csv,체험관광,농/산/어촌체험
가평,2024,6,2024-06,269,경기도,가평군,인터렉티브아트뮤지엄,9,가평 2024_06.csv,문화관광,전시시설
가평,2024,6,2024-06,269,경기도,가평군,돌고래수상레저,9,가평 2024_06.csv,레저스포츠,기타레저스포츠
가평,2024,6,2024-06,275,경기도,가평군,어비산,8,가평 2024_06.csv,자연관광,자연경관(산)
가평,2024,6,2024-06,275,경기도,가평군,연화세계,8,가평 2024_06.csv,역사관광,종교성지
가평,2024,6,2024-06,275,경기도,가평군,지산수상레저,8,가평 2024_06.csv,레저스포츠,수상레저스포츠
가평,2024,6,2024-06,275,경기도,가평군,설미재미술관,8,가평 2024_06.csv,문화관광,전시시설
가평,2024,6,2024-06,275,경기도,가평군,청평자연유원지,8,가평 2024_06.csv,문화관광,복합관광시설
가평,2024,6,2024-06,275,경기도,가평군,자라섬테마파크,8,가평 2024_06.csv,레저스포츠,수상레저스포츠
가평,2024,6,2024-06,275,경기도,가평군,노채고개,8,가평 2024_06.csv,자연관광,자연경관(산)
가평,2024,6,2024-06,282,경기도,가평군,가평빠지임팩트수상레저,7,가평 2024_06.csv,레저스포츠,수상레저스포츠
가평,2024,6,2024-06,282,경기도,가평군,대성리국민관광지관광안내소,7,가평 2024_06.csv,기타관광,기타관광
가평,2024,6,2024-06,282,경기도,가평군,가평현암농경박물관,7,가평 2024_06.csv,문화관광,전시시설
가평,2024,6,2024-06,282,경기도,가평군,고동산계곡,7,가평 2024_06.csv,자연관광,자연경관(산)
가평,2024,6,2024-06,282,경기도,가평군,운악산가평현등사방면,7,가평 2024_06.csv,자연관광,자연경관(산)
가평,2024,6,2024-06,282,경기도,가평군,관음사,7,가평 2024_06.csv,역사관광,종교성지
가평,2024,6,2024-06,282,경기도,가평군,청평산장유원지,7,가평 2024_06.csv,문화관광,복합관광시설
가평,2024,6,2024-06,282,경기도,가평군,익근리계곡,7,가평 2024_06.csv,자연관광,자연경관(산)
가평,2024,6,2024-06,282,경기도,가평군,폭포유원지,7,가평 2024_06.csv,문화관광,복합관광시설
가평,2024,6,2024-06,282,경기도,가평군,보납산전망대,7,가평 2024_06.csv,문화관광,랜드마크관광
가평,2024,6,2024-06,282,경기도,가평군,무송암,7,가평 2024_06.csv,문화관광,복합관광시설
가평,2024,6,2024-06,282,경기도,가평군,새말농장,7,가평 2024_06.csv,체험관광,농/산/어촌체험
가평,2024,6,2024-06,282,경기도,가평군,김중식미술관,7,가평 2024_06.csv,문화관광,전시시설
가평,2024,6,2024-06,295,경기도,가평군,대성리벚꽃길,6,가평 2024_06.csv,기타관광,기타관광
가평,2024,6,2024-06,295,경기도,가평군,가평빠지블랙수상레저,6,가평 2024_06.csv,레저스포츠,수상레저스포츠
가평,2024,6,2024-06,295,경기도,가평군,산림복합체험센터,6,가평 2024_06.csv,문화관광,기타문화관광지
가평,2024,6,2024-06,295,경기도,가평군,연인산명품계곡길출렁다리,6,가평 2024_06.csv,기타관광,기타관광
가평,2024,6,2024-06,295,경기도,가평군,아침고요체험살피꽃다방,6,가평 2024_06.csv,레저스포츠,기타레저스포츠
가평,2024,6,2024-06,295,경기도,가평군,은행나무낚시공원,6,가평 2024_06.csv,레저스포츠,수상레저스포츠
가평,2024,6,2024-06,295,경기도,가평군,지영수상스키장,6,가평 2024_06.csv,레저스포츠,수상레저스포츠
가평,2024,6,2024-06,295,경기도,가평군,두밀계곡,6,가평 2024_06.csv,자연관광,자연경관(산)
가평,2024,6,2024-06,295,경기도,가평군,영연방참전기념비,6,가평 2024_06.csv,역사관광,역사유물
가평,2024,6,2024-06,295,경기도,가평군,수연폭포유원지,6,가평 2024_06.csv,문화관광,복합관광시설
가평,2024,6,2024-06,295,경기도,가평군,우리유원지,6,가평 2024_06.csv,문화관광,복합관광시설
가평,2024,6,2024-06,295,경기도,가평군,하천리생활체육공원,6,가평 2024_06.csv,문화관광,도시공원
가평,2024,6,2024-06,295,경기도,가평군,두밀리낚시터,6,가평 2024_06.csv,레저스포츠,수상레저스포츠
가평,2024,6,2024-06,295,경기도,가평군,버드나무유원지,6,가평 2024_06.csv,문화관광,복합관광시설
가평,2024,6,2024-06,295,경기도,가평군,청평생태공원,6,가평 2024_06.csv,문화관광,도시공원
가평,2024,6,2024-06,295,경기도,가평군,파로티아워터하우스수상레저,6,가평 2024_06.csv,레저스포츠,수상레저스포츠
가평,2024,6,2024-06,295,경기도,가평군,대보수련원,6,가평 2024_06.csv,레저스포츠,육상레저스포츠
가평,2024,6,2024-06,312,경기도,가평군,가평철길공원,5,가평 2024_06.csv,문화관광,도시공원
가평,2024,6,2024-06,312,경기도,가평군,지완목장,5,가평 2024_06.csv,체험관광,농/산/어촌체험
가평,2024,6,2024-06,312,경기도,가평군,목동근린공원전망대,5,가평 2024_06.csv,문화관광,랜드마크관광
가평,2024,6,2024-06,312,경기도,가평군,베니스수상레저,5,가평 2024_06.csv,레저스포츠,수상레저스포츠
가평,2024,6,2024-06,312,경기도,가평군,클럽S2,5,가평 2024_06.csv,레저스포츠,수상레저스포츠
가평,2024,6,2024-06,312,경기도,가평군,마리서프,5,가평 2024_06.csv,레저스포츠,수상레저스포츠
가평,2024,6,2024-06,318,경기도,가평군,리버빌수상레저타운,4,가평 2024_06.csv,레저스포츠,수상레저스포츠
가평,2024,6,2024-06,318,경기도,가평군,쁘띠프랑스베니스가면축제,4,가평 2024_06.csv,문화관광,기타문화관광지
가평,2024,6,2024-06,318,경기도,가평군,설악낚시터,4,가평 2024_06.csv,레저스포츠,수상레저스포츠
가평,2024,6,2024-06,318,경기도,가평군,유명산휴양림관리소,4,가평 2024_06.csv,자연관광,자연공원
가평,2024,6,2024-06,318,경기도,가평군,달골지,4,가평 2024_06.csv,자연관광,자연경관(하천/해양)
가평,2024,6,2024-06,318,경기도,가평군,일지안호범미술관,4,가평 2024_06.csv,문화관광,전시시설
가평,2024,6,2024-06,318,경기도,가평군,이정구선생묘,4,가평 2024_06.csv,역사관광,역사유적지
가평,2024,6,2024-06,318,경기도,가평군,보납정,4,가평 2024_06.csv,레저스포츠,육상레저스포츠
가평,2024,6,2024-06,318,경기도,가평군,가평약수터,4,가평 2024_06.csv,자연관광,자연경관(산)
가평,2024,6,2024-06,318,경기도,가평군,약수유원지,4,가평 2024_06.csv,문화관광,복합관광시설
가평,2024,6,2024-06,318,경기도,가평군,조무락골유원지,4,가평 2024_06.csv,문화관광,복합관광시설
가평,2024,6,2024-06,318,경기도,가평군,화야산,4,가평 2024_06.csv,자연관광,자연경관(산)
가평,2024,6,2024-06,318,경기도,가평군,앵무새클럽,4,가평 2024_06.csv,체험관광,농/산/어촌체험
가평,2024,6,2024-06,318,경기도,가평군,성주사,4,가평 2024_06.csv,역사관광,종교성지
가평,2024,6,2024-06,318,경기도,가평군,미국한국전쟁참전기념비,4,가평 2024_06.csv,역사관광,역사유물
가평,2024,6,2024-06,333,경기도,가평군,일광사,3,가평 2024_06.csv,역사관광,종교성지
가평,2024,6,2024-06,333,경기도,가평군,가평군관공선선착장,3,가평 2024_06.csv,기타관광,교통시설
가평,2024,6,2024-06,333,경기도,가평군,이수네유원지,3,가평 2024_06.csv,문화관광,복합관광시설
가평,2024,6,2024-06,333,경기도,가평군,초이수상레저,3,가평 2024_06.csv,레저스포츠,수상레저스포츠
가평,2024,6,2024-06,333,경기도,가평군,상천루,3,가평 2024_06.csv,문화관광,도시공원
가평,2024,6,2024-06,333,경기도,가평군,가평케어팜,3,가평 2024_06.csv,체험관광,농/산/어촌체험
가평,2024,6,2024-06,333,경기도,가평군,유명산자생식물원,3,가평 2024_06.csv,문화관광,테마공원
가평,2024,6,2024-06,333,경기도,가평군,가평수상레저빠지놀러와,3,가평 2024_06.csv,레저스포츠,수상레저스포츠
가평,2024,6,2024-06,333,경기도,가평군,사공일샵,3,가평 2024_06.csv,체험관광,공예체험
가평,2024,6,2024-06,333,경기도,가평군,방탄빠지단수상레저,3,가평 2024_06.csv,레저스포츠,수상레저스포츠
가평,2024,6,2024-06,333,경기도,가평군,이방실장군묘,3,가평 2024_06.csv,역사관광,역사유적지
가평,2024,6,2024-06,333,경기도,가평군,그늘수상레저,3,가평 2024_06.csv,레저스포츠,기타레저스포츠
가평,2024,6,2024-06,333,경기도,가평군,인스타랩,3,가평 2024_06.csv,문화관광,기타문화관광지
가평,2024,6,2024-06,333,경기도,가평군,용문산전투가평지구전적비,3,가평 2024_06.csv,역사관광,역사유물
가평,2024,6,2024-06,333,경기도,가평군,미원정기5일시장,3,가평 2024_06.csv,쇼핑,시장
가평,2024,6,2024-06,333,경기도,가평군,연인산우정능선방면,3,가평 2024_06.csv,자연관광,자연경관(산)
가평,2024,6,2024-06,333,경기도,가평군,수림타운,3,가평 2024_06.csv,레저스포츠,육상레저스포츠
가평,2024,6,2024-06,333,경기도,가평군,구원사,3,가평 2024_06.csv,역사관광,종교성지
가평,2024,6,2024-06,333,경기도,가평군,유스토리청소년수련원,3,가평 2024_06.csv,레저스포츠,육상레저스포츠
가평,2024,6,2024-06,333,경기도,가평군,북한강유원지,3,가평 2024_06.csv,문화관광,복합관광시설
가평,2024,6,2024-06,333,경기도,가평군,운곡암,3,가평 2024_06.csv,역사관광,종교성지
가평,2024,6,2024-06,333,경기도,가평군,석룡산,3,가평 2024_06.csv,자연관광,자연경관(산)
가평,2024,6,2024-06,333,경기도,가평군,서호유원지,3,가평 2024_06.csv,문화관광,복합관광시설
가평,2024,6,2024-06,333,경기도,가평군,밤골유원지,3,가평 2024_06.csv,문화관광,복합관광시설
가평,2024,6,2024-06,333,경기도,가평군,그린잔디유원지,3,가평 2024_06.csv,레저스포츠,기타레저스포츠
가평,2024,6,2024-06,333,경기도,가평군,논남기계곡,3,가평 2024_06.csv,자연관광,자연경관(산)
가평,2024,6,2024-06,333,경기도,가평군,마린보이,3,가평 2024_06.csv,레저스포츠,수상레저스포츠
가평,2024,6,2024-06,333,경기도,가평군,대성낚시터,3,가평 2024_06.csv,레저스포츠,수상레저스포츠
가평,2024,6,2024-06,333,경기도,가평군,계곡유원지,3,가평 2024_06.csv,문화관광,복합관광시설
가평,2024,6,2024-06,333,경기도,가평군,가평낚시터,3,가평 2024_06.csv,레저스포츠,수상레저스포츠
가평,2024,6,2024-06,333,경기도,가평군,상천저수지,3,가평 2024_06.csv,자연관광,자연경관(하천/해양)
가평,2024,6,2024-06,333,경기도,가평군,텃바위유원지,3,가평 2024_06.csv,문화관광,복합관광시설
가평,2024,6,2024-06,333,경기도,가평군,백자동유원지,3,가평 2024_06.csv,문화관광,복합관광시설
가평,2024,6,2024-06,333,경기도,가평군,까치유원지,3,가평 2024_06.csv,문화관광,복합관광시설
가평,2024,6,2024-06,333,경기도,가평군,훼미리유원지,3,가평 2024_06.csv,문화관광,복합관광시설
가평,2024,6,2024-06,333,경기도,가평군,중봉,3,가평 2024_06.csv,자연관광,자연경관(산)
가평,2024,6,2024-06,333,경기도,가평군,봄그리고봄주말농장,3,가평 2024_06.csv,체험관광,농/산/어촌체험
가평,2024,6,2024-06,333,경기도,가평군,화야산자연발생유원지,3,가평 2024_06.csv,문화관광,복합관광시설
가평,2024,6,2024-06,333,경기도,가평군,선어치,3,가평 2024_06.csv,자연관광,자연경관(산)
가평,2024,6,2024-06,333,경기도,가평군,이화여자대학교수목원,3,가평 2024_06.csv,레저스포츠,육상레저스포츠
가평,2024,6,2024-06,333,경기도,가평군,에덴벚꽃길,3,가평 2024_06.csv,레저스포츠,기타레저스포츠
가평,2024,6,2024-06,333,경기도,가평군,사랑해체험마을,3,가평 2024_06.csv,레저스포츠,기타레저스포츠
가평,2024,6,2024-06,333,경기도,가평군,가평문화창작공간얼쑤공장,3,가평 2024_06.csv,문화관광,기타문화관광지
가평,2024,6,2024-06,333,경기도,가평군,기름진멜로촬영지(W홀스랜드),3,가평 2024_06.csv,문화관광,기타문화관광지
가평,2024,6,2024-06,333,경기도,가평군,청호수상레저,3,가평 2024_06.csv,레저스포츠,수상레저스포츠
가평,2024,6,2024-06,333,경기도,가평군,희망축구전용구장,3,가평 2024_06.csv,문화관광,레저스포츠시설
가평,2024,6,2024-06,333,경기도,가평군,성불사,3,가평 2024_06.csv,역사관광,종교성지
가평,2024,6,2024-06,333,경기도,가평군,더스테이힐링파크알파와앵무,3,가평 2024_06.csv,문화관광,테마공원
가평,2024,7,2024-07,1,경기도,가평군,남이섬,6135,가평 2024_07.csv,자연관광,자연경관(하천/해양)
가평,2024,7,2024-07,2,경기도,가평군,청평역,6094,가평 2024_07.csv,기타관광,교통시설
가평,2024,7,2024-07,3,경기도,가평군,남이섬선착장,5964,가평 2024_07.csv,기타관광,교통시설
가평,2024,7,2024-07,4,경기도,가평군,썬힐GC,5915,가평 2024_07.csv,레저스포츠,육상레저스포츠
가평,2024,7,2024-07,5,경기도,가평군,아난티코드골프클럽,5579,가평 2024_07.csv,레저스포츠,육상레저스포츠
가평,2024,7,2024-07,6,경기도,가평군,가평베네스트GC,5567,가평 2024_07.csv,레저스포츠,육상레저스포츠
가평,2024,7,2024-07,7,경기도,가평군,아침고요수목원,5375,가평 2024_07.csv,문화관광,테마공원
가평,2024,7,2024-07,8,경기도,가평군,프리스틴밸리GC,4117,가평 2024_07.csv,레저스포츠,육상레저스포츠
가평,2024,7,2024-07,9,경기도,가평군,유명산자연휴양림,4113,가평 2024_07.csv,자연관광,자연공원
가평,2024,7,2024-07,10,경기도,가평군,대성리역,3720,가평 2024_07.csv,기타관광,교통시설
가평,2024,7,2024-07,11,경기도,가평군,가평베고니아새정원,3649,가평 2024_07.csv,문화관광,테마공원
가평,2024,7,2024-07,12,경기도,가평군,크리스탈밸리CC,3583,가평 2024_07.csv,레저스포츠,육상레저스포츠
가평,2024,7,2024-07,13,경기도,가평군,베뉴지CC,3151,가평 2024_07.csv,레저스포츠,육상레저스포츠
가평,2024,7,2024-07,14,경기도,가평군,캠프통포레스트,3058,가평 2024_07.csv,레저스포츠,수상레저스포츠
가평,2024,7,2024-07,15,경기도,가평군,신비동물원,2563,가평 2024_07.csv,문화관광,테마공원
가평,2024,7,2024-07,16,경기도,가평군,쁘띠프랑스,2534,가평 2024_07.csv,문화관광,복합관광시설
가평,2024,7,2024-07,17,경기도,가평군,마이다스밸리청평 골프클럽,2434,가평 2024_07.csv,레저스포츠,육상레저스포츠
가평,2024,7,2024-07,18,경기도,가평군,용추계곡,2421,가평 2024_07.csv,자연관광,자연경관(산)
가평,2024,7,2024-07,19,경기도,가평군,현리시외버스터미널,2321,가평 2024_07.csv,기타관광,교통시설
가평,2024,7,2024-07,20,경기도,가평군,자라섬,2081,가평 2024_07.csv,자연관광,자연경관(하천/해양)
가평,2024,7,2024-07,21,경기도,가평군,리앤리CC,1995,가평 2024_07.csv,레저스포츠,육상레저스포츠
가평,2024,7,2024-07,22,경기도,가평군,가평시외버스터미널,1704,가평 2024_07.csv,기타관광,교통시설
가평,2024,7,2024-07,23,경기도,가평군,경기도잣향기푸른숲,1534,가평 2024_07.csv,자연관광,자연공원
가평,2024,7,2024-07,24,경기도,가평군,청평시외버스터미널,1224,가평 2024_07.csv,기타관광,교통시설
가평,2024,7,2024-07,25,경기도,가평군,아침고요가족동물원,1139,가평 2024_07.csv,문화관광,테마공원
가평,2024,7,2024-07,26,경기도,가평군,어비계곡,1040,가평 2024_07.csv,자연관광,자연경관(산)
가평,2024,7,2024-07,27,경기도,가평군,에델바이스스위스테마파크,910,가평 2024_07.csv,문화관광,테마공원
가평,2024,7,2024-07,28,경기도,가평군,K26잠수풀,909,가평 2024_07.csv,레저스포츠,수상레저스포츠
가평,2024,7,2024-07,29,경기도,가평군,녹수계곡,815,가평 2024_07.csv,자연관광,자연경관(산)
가평,2024,7,2024-07,30,경기도,가평군,가평빠지클럽비발디,794,가평 2024_07.csv,레저스포츠,수상레저스포츠
가평,2024,7,2024-07,31,경기도,가평군,도대리용소폭포,792,가평 2024_07.csv,자연관광,자연경관(산)
가평,2024,7,2024-07,32,경기도,가평군,용소폭포,769,가평 2024_07.csv,자연관광,자연경관(산)
가평,2024,7,2024-07,33,경기도,가평군,강촌레일파크가평역,721,가평 2024_07.csv,레저스포츠,기타레저스포츠
가평,2024,7,2024-07,34,경기도,가평군,모비딕수상레저,715,가평 2024_07.csv,레저스포츠,수상레저스포츠
가평,2024,7,2024-07,35,경기도,가평군,명지계곡,685,가평 2024_07.csv,자연관광,자연경관(산)
가평,2024,7,2024-07,36,경기도,가평군,가평파크골프장,656,가평 2024_07.csv,레저스포츠,육상레저스포츠
가평,2024,7,2024-07,37,경기도,가평군,워터플레이,653,가평 2024_07.csv,레저스포츠,수상레저스포츠
가평,2024,7,2024-07,38,경기도,가평군,상천역,651,가평 2024_07.csv,기타관광,교통시설
가평,2024,7,2024-07,39,경기도,가평군,설악시외버스터미널,648,가평 2024_07.csv,기타관광,교통시설
가평,2024,7,2024-07,40,경기도,가평군,강씨봉자연휴양림,618,가평 2024_07.csv,자연관광,자연공원
가평,2024,7,2024-07,41,경기도,가평군,칼봉산자연휴양림,616,가평 2024_07.csv,자연관광,자연공원
가평,2024,7,2024-07,42,경기도,가평군,한국초콜릿연구소뮤지엄,607,가평 2024_07.csv,문화관광,전시시설
가평,2024,7,2024-07,43,경기도,가평군,청심국제청소년수련원,580,가평 2024_07.csv,레저스포츠,육상레저스포츠
가평,2024,7,2024-07,43,경기도,가평군,산장관광지,580,가평 2024_07.csv,문화관광,복합관광시설
가평,2024,7,2024-07,45,경기도,가평군,청평자연휴양림,574,가평 2024_07.csv,자연관광,자연공원
가평,2024,7,2024-07,46,경기도,가평군,조무락계곡,560,가평 2024_07.csv,자연관광,자연경관(산)
가평,2024,7,2024-07,46,경기도,가평군,청평호반드라이브코스,560,가평 2024_07.csv,기타관광,데이트코스
가평,2024,7,2024-07,48,경기도,가평군,캠프통아일랜드,559,가평 2024_07.csv,레저스포츠,수상레저스포츠
가평,2024,7,2024-07,49,경기도,가평군,가평빠지아마존수상레저,542,가평 2024_07.csv,레저스포츠,수상레저스포츠
가평,2024,7,2024-07,50,경기도,가평군,르푸앙수상레져,535,가평 2024_07.csv,레저스포츠,수상레저스포츠
가평,2024,7,2024-07,51,경기도,가평군,호수유원지,515,가평 2024_07.csv,기타관광,기타관광
가평,2024,7,2024-07,52,경기도,가평군,리버포인트수상레저,478,가평 2024_07.csv,레저스포츠,수상레저스포츠
가평,2024,7,2024-07,53,경기도,가평군,아이언수상레저,466,가평 2024_07.csv,레저스포츠,기타레저스포츠
가평,2024,7,2024-07,54,경기도,가평군,크리스월드수상레저,449,가평 2024_07.csv,레저스포츠,수상레저스포츠
가평,2024,7,2024-07,55,경기도,가평군,잣고을전통시장,445,가평 2024_07.csv,쇼핑,시장
가평,2024,7,2024-07,56,경기도,가평군,가평TOP랜드,424,가평 2024_07.csv,레저스포츠,수상레저스포츠
가평,2024,7,2024-07,56,경기도,가평군,현등사,424,가평 2024_07.csv,역사관광,종교성지
가평,2024,7,2024-07,58,경기도,가평군,음악역1939,419,가평 2024_07.csv,문화관광,기타문화관광지
가평,2024,7,2024-07,59,경기도,가평군,선셋740,403,가평 2024_07.csv,레저스포츠,수상레저스포츠
가평,2024,7,2024-07,60,경기도,가평군,호명호수,402,가평 2024_07.csv,자연관광,자연경관(하천/해양)
가평,2024,7,2024-07,61,경기도,가평군,크라운수상레저,386,가평 2024_07.csv,레저스포츠,수상레저스포츠
가평,2024,7,2024-07,62,경기도,가평군,청심평화월드센터,382,가평 2024_07.csv,문화관광,공연시설
가평,2024,7,2024-07,63,경기도,가평군,가평썸머플레이스,381,가평 2024_07.csv,레저스포츠,수상레저스포츠
가평,2024,7,2024-07,64,경기도,가평군,가평빠지이비자수상레저,379,가평 2024_07.csv,레저스포츠,수상레저스포츠
가평,2024,7,2024-07,65,경기도,가평군,청평호,369,가평 2024_07.csv,자연관광,자연경관(하천/해양)
가평,2024,7,2024-07,66,경기도,가평군,레저캠프,354,가평 2024_07.csv,레저스포츠,기타레저스포츠
가평,2024,7,2024-07,67,경기도,가평군,가평군어린이음악놀이터,303,가평 2024_07.csv,문화관광,테마공원
가평,2024,7,2024-07,68,경기도,가평군,리버랜드번지점프장,298,가평 2024_07.csv,레저스포츠,육상레저스포츠
가평,2024,7,2024-07,69,경기도,가평군,항아리바위계곡,291,가평 2024_07.csv,자연관광,자연경관(산)
가평,2024,7,2024-07,70,경기도,가평군,K2수상레져,278,가평 2024_07.csv,레저스포츠,수상레저스포츠
가평,2024,7,2024-07,71,경기도,가평군,가평빠지크리스월드수상레저,266,가평 2024_07.csv,레저스포츠,수상레저스포츠
가평,2024,7,2024-07,72,경기도,가평군,꿈의동산,262,가평 2024_07.csv,문화관광,복합관광시설
가평,2024,7,2024-07,73,경기도,가평군,백련사,260,가평 2024_07.csv,역사관광,종교성지
가평,2024,7,2024-07,74,경기도,가평군,가평별빛공원,255,가평 2024_07.csv,문화관광,도시공원
가평,2024,7,2024-07,75,경기도,가평군,도장골낚시터,253,가평 2024_07.csv,레저스포츠,수상레저스포츠
가평,2024,7,2024-07,75,경기도,가평군,자이언트수상레저리조트,253,가평 2024_07.csv,레저스포츠,수상레저스포츠
가평,2024,7,2024-07,77,경기도,가평군,말리부수상레저,243,가평 2024_07.csv,레저스포츠,기타레저스포츠
가평,2024,7,2024-07,78,경기도,가평군,유명산계곡,238,가평 2024_07.csv,자연관광,자연경관(산)
가평,2024,7,2024-07,79,경기도,가평군,버드마리나수상레저,234,가평 2024_07.csv,레저스포츠,기타레저스포츠
가평,2024,7,2024-07,80,경기도,가평군,호명호수공원,227,가평 2024_07.csv,문화관광,도시공원
가평,2024,7,2024-07,81,경기도,가평군,아루바수상레저,225,가평 2024_07.csv,레저스포츠,기타레저스포츠
가평,2024,7,2024-07,81,경기도,가평군,클럽이글스수상레저,225,가평 2024_07.csv,레저스포츠,기타레저스포츠
가평,2024,7,2024-07,83,경기도,가평군,별비치워터파크,223,가평 2024_07.csv,문화관광,테마공원
가평,2024,7,2024-07,84,경기도,가평군,아레나수상레저,221,가평 2024_07.csv,레저스포츠,수상레저스포츠
가평,2024,7,2024-07,85,경기도,가평군,자라섬야외수영장,220,가평 2024_07.csv,문화관광,테마공원
가평,2024,7,2024-07,86,경기도,가평군,경반계곡,212,가평 2024_07.csv,자연관광,자연경관(산)
가평,2024,7,2024-07,87,경기도,가평군,가평브릿지짚라인,205,가평 2024_07.csv,레저스포츠,기타레저스포츠
가평,2024,7,2024-07,88,경기도,가평군,이탈리아마을 피노키오와다빈치,197,가평 2024_07.csv,문화관광,복합관광시설
가평,2024,7,2024-07,89,경기도,가평군,화악계곡,193,가평 2024_07.csv,자연관광,자연경관(산)
가평,2024,7,2024-07,89,경기도,가평군,엘혜윰의정원,193,가평 2024_07.csv,레저스포츠,육상레저스포츠
가평,2024,7,2024-07,91,경기도,가평군,오페라하우스수상레저,192,가평 2024_07.csv,레저스포츠,수상레저스포츠
가평,2024,7,2024-07,92,경기도,가평군,탑코리아수상레저,188,가평 2024_07.csv,레저스포츠,수상레저스포츠
가평,2024,7,2024-07,93,경기도,가평군,가일미술관,186,가평 2024_07.csv,문화관광,전시시설
가평,2024,7,2024-07,93,경기도,가평군,맨하탄수상레져,186,가평 2024_07.csv,레저스포츠,수상레저스포츠
가평,2024,7,2024-07,95,경기도,가평군,대원사,184,가평 2024_07.csv,역사관광,종교성지
가평,2024,7,2024-07,96,경기도,가평군,금개울유원지,174,가평 2024_07.csv,문화관광,복합관광시설
가평,2024,7,2024-07,97,경기도,가평군,빠져수상레저,172,가평 2024_07.csv,레저스포츠,수상레저스포츠
가평,2024,7,2024-07,98,경기도,가평군,연인산명품계곡길,171,가평 2024_07.csv,레저스포츠,기타레저스포츠
가평,2024,7,2024-07,98,경기도,가평군,대성리국민관광지,171,가평 2024_07.csv,문화관광,복합관광시설
가평,2024,7,2024-07,100,경기도,가평군,천정궁박물관,170,가평 2024_07.csv,문화관광,전시시설
가평,2024,7,2024-07,101,경기도,가평군,수영인의마을,169,가평 2024_07.csv,레저스포츠,수상레저스포츠
가평,2024,7,2024-07,102,경기도,가평군,이지수상레져,168,가평 2024_07.csv,레저스포츠,기타레저스포츠
가평,2024,7,2024-07,103,경기도,가평군,소풍레저,165,가평 2024_07.csv,레저스포츠,수상레저스포츠
가평,2024,7,2024-07,104,경기도,가평군,룰루마린수상레저,164,가평 2024_07.csv,레저스포츠,수상레저스포츠
가평,2024,7,2024-07,105,경기도,가평군,유명산,163,가평 2024_07.csv,자연관광,자연경관(산)
가평,2024,7,2024-07,106,경기도,가평군,청평리버랜드수상레저,160,가평 2024_07.csv,문화관광,복합관광시설
가평,2024,7,2024-07,107,경기도,가평군,현리유원지,158,가평 2024_07.csv,문화관광,복합관광시설
가평,2024,7,2024-07,107,경기도,가평군,산림생태문화체험단지,158,가평 2024_07.csv,기타관광,기타관광
가평,2024,7,2024-07,109,경기도,가평군,떡바위유원지,157,가평 2024_07.csv,문화관광,복합관광시설
가평,2024,7,2024-07,110,경기도,가평군,스카이라인짚와이어,153,가평 2024_07.csv,문화관광,복합관광시설
가평,2024,7,2024-07,111,경기도,가평군,가평레져카트장,152,가평 2024_07.csv,레저스포츠,기타레저스포츠
가평,2024,7,2024-07,112,경기도,가평군,이화원,150,가평 2024_07.csv,문화관광,도시공원
가평,2024,7,2024-07,113,경기도,가평군,청평5일시장,149,가평 2024_07.csv,쇼핑,시장
가평,2024,7,2024-07,114,경기도,가평군,W홀스랜드,148,가평 2024_07.csv,레저스포츠,육상레저스포츠
가평,2024,7,2024-07,115,경기도,가평군,목동버스터미널,147,가평 2024_07.csv,기타관광,교통시설
가평,2024,7,2024-07,116,경기도,가평군,바하마수상레포츠,145,가평 2024_07.csv,레저스포츠,수상레저스포츠
가평,2024,7,2024-07,117,경기도,가평군,물조은빠지,134,가평 2024_07.csv,레저스포츠,수상레저스포츠
가평,2024,7,2024-07,118,경기도,가평군,삼원수상레저,133,가평 2024_07.csv,레저스포츠,기타레저스포츠
가평,2024,7,2024-07,119,경기도,가평군,욜로수상레저,132,가평 2024_07.csv,레저스포츠,수상레저스포츠
가평,2024,7,2024-07,120,경기도,가평군,남도꽃정원,127,가평 2024_07.csv,문화관광,도시공원
가평,2024,7,2024-07,120,경기도,가평군,운악산출렁다리,127,가평 2024_07.csv,기타관광,기타관광
가평,2024,7,2024-07,120,경기도,가평군,웨이크베이리조트,127,가평 2024_07.csv,레저스포츠,기타레저스포츠
가평,2024,7,2024-07,123,경기도,가평군,조종시네마,125,가평 2024_07.csv,문화관광,공연시설
가평,2024,7,2024-07,124,경기도,가평군,이뜨랜수상레저,124,가평 2024_07.csv,레저스포츠,수상레저스포츠
가평,2024,7,2024-07,124,경기도,가평군,용추계곡유원지,124,가평 2024_07.csv,문화관광,복합관광시설
가평,2024,7,2024-07,124,경기도,가평군,스마일수상레저,124,가평 2024_07.csv,레저스포츠,수상레저스포츠
가평,2024,7,2024-07,127,경기도,가평군,현리계곡,123,가평 2024_07.csv,자연관광,자연경관(산)
가평,2024,7,2024-07,128,경기도,가평군,경기도잣향기푸른숲안내매표소,122,가평 2024_07.csv,기타관광,기타관광
가평,2024,7,2024-07,129,경기도,가평군,가평크루즈,121,가평 2024_07.csv,레저스포츠,기타레저스포츠
가평,2024,7,2024-07,130,경기도,가평군,가평뮤직빌리지1939시네마,116,가평 2024_07.csv,문화관광,공연시설
가평,2024,7,2024-07,131,경기도,가평군,클럽미사수상레저,115,가평 2024_07.csv,레저스포츠,수상레저스포츠
가평,2024,7,2024-07,131,경기도,가평군,트니트니어드벤처,115,가평 2024_07.csv,문화관광,테마공원
가평,2024,7,2024-07,133,경기도,가평군,가람유원지,111,가평 2024_07.csv,문화관광,복합관광시설
가평,2024,7,2024-07,133,경기도,가평군,명지산생태전시관,111,가평 2024_07.csv,문화관광,전시시설
가평,2024,7,2024-07,135,경기도,가평군,가평정기5일시장,110,가평 2024_07.csv,쇼핑,시장
가평,2024,7,2024-07,136,경기도,가평군,레인보우수상레저,107,가평 2024_07.csv,레저스포츠,수상레저스포츠
가평,2024,7,2024-07,136,경기도,가평군,가평 수상레저 바이킹 빠지,107,가평 2024_07.csv,레저스포츠,수상레저스포츠
가평,2024,7,2024-07,138,경기도,가평군,청평생활체육공원,105,가평 2024_07.csv,문화관광,도시공원
가평,2024,7,2024-07,139,경기도,가평군,더스테이힐링파크링스파3골프장,104,가평 2024_07.csv,레저스포츠,육상레저스포츠
가평,2024,7,2024-07,139,경기도,가평군,대성수상레저,104,가평 2024_07.csv,레저스포츠,수상레저스포츠
가평,2024,7,2024-07,141,경기도,가평군,서프앤,103,가평 2024_07.csv,레저스포츠,수상레저스포츠
가평,2024,7,2024-07,142,경기도,가평군,썸머타임수상레저,101,가평 2024_07.csv,레저스포츠,수상레저스포츠
가평,2024,7,2024-07,143,경기도,가평군,송학포유원지,100,가평 2024_07.csv,문화관광,복합관광시설
가평,2024,7,2024-07,144,경기도,가평군,워터피아수상레저,99,가평 2024_07.csv,레저스포츠,수상레저스포츠
가평,2024,7,2024-07,144,경기도,가평군,하이수상레저이비자1호점,99,가평 2024_07.csv,레저스포츠,수상레저스포츠
가평,2024,7,2024-07,146,경기도,가평군,용소유원지,95,가평 2024_07.csv,문화관광,복합관광시설
가평,2024,7,2024-07,146,경기도,가평군,조종천계곡,95,가평 2024_07.csv,자연관광,자연경관(산)
가평,2024,7,2024-07,146,경기도,가평군,큰골계곡,95,가평 2024_07.csv,자연관광,자연경관(산)
가평,2024,7,2024-07,149,경기도,가평군,청춘역1979,90,가평 2024_07.csv,문화관광,도시공원
가평,2024,7,2024-07,149,경기도,가평군,자라섬워터파크,90,가평 2024_07.csv,문화관광,테마공원
가평,2024,7,2024-07,151,경기도,가평군,가평수상레저MK,89,가평 2024_07.csv,레저스포츠,수상레저스포츠
가평,2024,7,2024-07,152,경기도,가평군,운악산,85,가평 2024_07.csv,자연관광,자연경관(산)
가평,2024,7,2024-07,153,경기도,가평군,청평유원지,84,가평 2024_07.csv,문화관광,복합관광시설
가평,2024,7,2024-07,153,경기도,가평군,화악산,84,가평 2024_07.csv,자연관광,자연경관(산)
가평,2024,7,2024-07,155,경기도,가평군,백팔유원지,83,가평 2024_07.csv,문화관광,복합관광시설
가평,2024,7,2024-07,155,경기도,가평군,상면생활체육공원,83,가평 2024_07.csv,문화관광,도시공원
가평,2024,7,2024-07,157,경기도,가평군,호명산드라이브코스,82,가평 2024_07.csv,기타관광,데이트코스
가평,2024,7,2024-07,157,경기도,가평군,폭포낚시,82,가평 2024_07.csv,레저스포츠,수상레저스포츠
가평,2024,7,2024-07,159,경기도,가평군,루시아수상레저,80,가평 2024_07.csv,레저스포츠,수상레저스포츠
가평,2024,7,2024-07,160,경기도,가평군,가평사계절썰매장,79,가평 2024_07.csv,레저스포츠,육상레저스포츠
가평,2024,7,2024-07,161,경기도,가평군,대성리계곡,78,가평 2024_07.csv,자연관광,자연경관(산)
가평,2024,7,2024-07,162,경기도,가평군,가평역레져,77,가평 2024_07.csv,레저스포츠,기타레저스포츠
가평,2024,7,2024-07,163,경기도,가평군,달마공원관음사,76,가평 2024_07.csv,역사관광,종교성지
가평,2024,7,2024-07,164,경기도,가평군,설악5일장,72,가평 2024_07.csv,쇼핑,시장
가평,2024,7,2024-07,165,경기도,가평군,연인산,71,가평 2024_07.csv,자연관광,자연경관(산)
가평,2024,7,2024-07,166,경기도,가평군,청평여울시장,70,가평 2024_07.csv,쇼핑,시장
가평,2024,7,2024-07,167,경기도,가평군,가평수목원,67,가평 2024_07.csv,자연관광,자연공원
가평,2024,7,2024-07,167,경기도,가평군,명지계곡유원지,67,가평 2024_07.csv,문화관광,복합관광시설
가평,2024,7,2024-07,169,경기도,가평군,자라섬생태공원,66,가평 2024_07.csv,문화관광,도시공원
가평,2024,7,2024-07,170,경기도,가평군,라인수상레저,65,가평 2024_07.csv,레저스포츠,수상레저스포츠
가평,2024,7,2024-07,171,경기도,가평군,헤이븐,63,가평 2024_07.csv,레저스포츠,수상레저스포츠
가평,2024,7,2024-07,172,경기도,가평군,모험의시작,62,가평 2024_07.csv,레저스포츠,수상레저스포츠
가평,2024,7,2024-07,173,경기도,가평군,백둔계곡,61,가평 2024_07.csv,자연관광,자연경관(산)
가평,2024,7,2024-07,174,경기도,가평군,카페리수상레저,60,가평 2024_07.csv,레저스포츠,수상레저스포츠
가평,2024,7,2024-07,174,경기도,가평군,산유낚시터,60,가평 2024_07.csv,레저스포츠,수상레저스포츠
가평,2024,7,2024-07,176,경기도,가평군,바우유원지,59,가평 2024_07.csv,문화관광,복합관광시설
가평,2024,7,2024-07,177,경기도,가평군,청평호수길,56,가평 2024_07.csv,기타관광,기타관광
가평,2024,7,2024-07,177,경기도,가평군,상천낚시터,56,가평 2024_07.csv,레저스포츠,수상레저스포츠
가평,2024,7,2024-07,179,경기도,가평군,베니스수상레저,55,가평 2024_07.csv,레저스포츠,수상레저스포츠
가평,2024,7,2024-07,180,경기도,가평군,클럽에덴수상레져타운,52,가평 2024_07.csv,레저스포츠,수상레저스포츠
가평,2024,7,2024-07,181,경기도,가평군,귀목계곡,51,가평 2024_07.csv,자연관광,자연경관(산)
가평,2024,7,2024-07,181,경기도,가평군,토마토레저파크,51,가평 2024_07.csv,레저스포츠,기타레저스포츠
가평,2024,7,2024-07,181,경기도,가평군,연인산도립공원탐방안내소,51,가평 2024_07.csv,기타관광,기타관광
가평,2024,7,2024-07,184,경기도,가평군,아토믹워터파크,48,가평 2024_07.csv,문화관광,테마공원
가평,2024,7,2024-07,185,경기도,가평군,태은사,46,가평 2024_07.csv,역사관광,종교성지
가평,2024,7,2024-07,186,경기도,가평군,가평축령산잣나무숲,45,가평 2024_07.csv,자연관광,자연공원
가평,2024,7,2024-07,187,경기도,가평군,북면생활체육공원,44,가평 2024_07.csv,문화관광,도시공원
가평,2024,7,2024-07,187,경기도,가평군,가평에덴벚꽃길,44,가평 2024_07.csv,기타관광,기타관광
가평,2024,7,2024-07,189,경기도,가평군,취옹예술관,43,가평 2024_07.csv,문화관광,전시시설
가평,2024,7,2024-07,189,경기도,가평군,청수계곡유원지,43,가평 2024_07.csv,문화관광,복합관광시설
가평,2024,7,2024-07,191,경기도,가평군,운악산성불사,39,가평 2024_07.csv,역사관광,종교성지
가평,2024,7,2024-07,192,경기도,가평군,그린수상레져,38,가평 2024_07.csv,레저스포츠,수상레저스포츠
가평,2024,7,2024-07,193,경기도,가평군,청평계곡,36,가평 2024_07.csv,자연관광,자연경관(산)
가평,2024,7,2024-07,193,경기도,가평군,썸머드림,36,가평 2024_07.csv,레저스포츠,수상레저스포츠
가평,2024,7,2024-07,195,경기도,가평군,포세이돈,35,가평 2024_07.csv,레저스포츠,수상레저스포츠
가평,2024,7,2024-07,196,경기도,가평군,현등사계곡,34,가평 2024_07.csv,자연관광,자연경관(산)
가평,2024,7,2024-07,196,경기도,가평군,클럽나인수상레저,34,가평 2024_07.csv,레저스포츠,수상레저스포츠
가평,2024,7,2024-07,198,경기도,가평군,가마소유원지,33,가평 2024_07.csv,문화관광,복합관광시설
가평,2024,7,2024-07,199,경기도,가평군,HJ매그놀리아멋집,32,가평 2024_07.csv,문화관광,기타문화관광지
가평,2024,7,2024-07,199,경기도,가평군,어거스트수상레저,32,가평 2024_07.csv,레저스포츠,수상레저스포츠
가평,2024,7,2024-07,199,경기도,가평군,가평빠지블랙수상레저,32,가평 2024_07.csv,레저스포츠,수상레저스포츠
가평,2024,7,2024-07,199,경기도,가평군,애기소계곡,32,가평 2024_07.csv,자연관광,자연경관(산)
가평,2024,7,2024-07,203,경기도,가평군,조종생활체육공원,31,가평 2024_07.csv,문화관광,도시공원
가평,2024,7,2024-07,203,경기도,가평군,북배산흑염소농장,31,가평 2024_07.csv,체험관광,농/산/어촌체험
가평,2024,7,2024-07,205,경기도,가평군,이수네유원지,30,가평 2024_07.csv,문화관광,복합관광시설
가평,2024,7,2024-07,205,경기도,가평군,운악산관음사,30,가평 2024_07.csv,역사관광,종교성지
가평,2024,7,2024-07,205,경기도,가평군,이정웅스페이스,30,가평 2024_07.csv,문화관광,전시시설
가평,2024,7,2024-07,208,경기도,가평군,가평현리5일장,29,가평 2024_07.csv,쇼핑,시장
가평,2024,7,2024-07,208,경기도,가평군,청정낚시터,29,가평 2024_07.csv,레저스포츠,수상레저스포츠
가평,2024,7,2024-07,210,경기도,가평군,뉴돌고래수상레저,28,가평 2024_07.csv,레저스포츠,수상레저스포츠
가평,2024,7,2024-07,211,경기도,가평군,가평하늘커피농장,27,가평 2024_07.csv,체험관광,농/산/어촌체험
가평,2024,7,2024-07,212,경기도,가평군,가평레저파크,26,가평 2024_07.csv,레저스포츠,기타레저스포츠
가평,2024,7,2024-07,212,경기도,가평군,청평유원지,26,가평 2024_07.csv,문화관광,복합관광시설
가평,2024,7,2024-07,212,경기도,가평군,클럽펀,26,가평 2024_07.csv,레저스포츠,수상레저스포츠
가평,2024,7,2024-07,212,경기도,가평군,상락향수도원,26,가평 2024_07.csv,역사관광,종교성지
가평,2024,7,2024-07,216,경기도,가평군,팀더블유,25,가평 2024_07.csv,레저스포츠,기타레저스포츠
가평,2024,7,2024-07,216,경기도,가평군,물의나라유원지,25,가평 2024_07.csv,문화관광,복합관광시설
가평,2024,7,2024-07,218,경기도,가평군,청평암,24,가평 2024_07.csv,역사관광,종교성지
가평,2024,7,2024-07,219,경기도,가평군,무당소유원지,23,가평 2024_07.csv,문화관광,복합관광시설
가평,2024,7,2024-07,219,경기도,가평군,설악생활체육공원,23,가평 2024_07.csv,문화관광,도시공원
가평,2024,7,2024-07,219,경기도,가평군,탐선계곡유원지,23,가평 2024_07.csv,문화관광,복합관광시설
가평,2024,7,2024-07,219,경기도,가평군,아침고요수목원수국전시회,23,가평 2024_07.csv,문화관광,기타문화관광지
가평,2024,7,2024-07,219,경기도,가평군,행복축구전용구장,23,가평 2024_07.csv,문화관광,레저스포츠시설
가평,2024,7,2024-07,224,경기도,가평군,마린컴퍼니클럽,22,가평 2024_07.csv,레저스포츠,수상레저스포츠
가평,2024,7,2024-07,224,경기도,가평군,극락정사,22,가평 2024_07.csv,역사관광,종교성지
가평,2024,7,2024-07,224,경기도,가평군,청평스포랜드번지점프장,22,가평 2024_07.csv,레저스포츠,육상레저스포츠
가평,2024,7,2024-07,224,경기도,가평군,축령사,22,가평 2024_07.csv,역사관광,종교성지
가평,2024,7,2024-07,224,경기도,가평군,빠지고,22,가평 2024_07.csv,레저스포츠,수상레저스포츠
가평,2024,7,2024-07,224,경기도,가평군,희망축구전용구장,22,가평 2024_07.csv,문화관광,레저스포츠시설
가평,2024,7,2024-07,230,경기도,가평군,삼회리벚꽃길,21,가평 2024_07.csv,기타관광,데이트코스
가평,2024,7,2024-07,231,경기도,가평군,색현터널,20,가평 2024_07.csv,기타관광,기타관광
가평,2024,7,2024-07,231,경기도,가평군,청룡사,20,가평 2024_07.csv,역사관광,종교성지
가평,2024,7,2024-07,231,경기도,가평군,선어치,20,가평 2024_07.csv,자연관광,자연경관(산)
가평,2024,7,2024-07,234,경기도,가평군,노랑다리미술관,19,가평 2024_07.csv,문화관광,전시시설
가평,2024,7,2024-07,234,경기도,가평군,해바라기유원지,19,가평 2024_07.csv,문화관광,복합관광시설
가평,2024,7,2024-07,236,경기도,가평군,무아레풀무아레,18,가평 2024_07.csv,문화관광,테마공원
가평,2024,7,2024-07,236,경기도,가평군,클럽모아나,18,가평 2024_07.csv,레저스포츠,수상레저스포츠
가평,2024,7,2024-07,236,경기도,가평군,청평페리유람선,18,가평 2024_07.csv,기타관광,교통시설
가평,2024,7,2024-07,236,경기도,가평군,가평수상레저가즈아,18,가평 2024_07.csv,레저스포츠,수상레저스포츠
가평,2024,7,2024-07,240,경기도,가평군,타자가평수상레저,17,가평 2024_07.csv,레저스포츠,기타레저스포츠
가평,2024,7,2024-07,240,경기도,가평군,영안청소년수련원,17,가평 2024_07.csv,레저스포츠,육상레저스포츠
가평,2024,7,2024-07,242,경기도,가평군,가평빠지임팩트수상레저,16,가평 2024_07.csv,레저스포츠,수상레저스포츠
가평,2024,7,2024-07,242,경기도,가평군,리버빌수상레저타운,16,가평 2024_07.csv,레저스포츠,수상레저스포츠
가평,2024,7,2024-07,242,경기도,가평군,연인산용추구곡방면,16,가평 2024_07.csv,자연관광,자연경관(산)
가평,2024,7,2024-07,245,경기도,가평군,상천루,15,가평 2024_07.csv,문화관광,도시공원
가평,2024,7,2024-07,245,경기도,가평군,가평현암농경박물관,15,가평 2024_07.csv,문화관광,전시시설
가평,2024,7,2024-07,245,경기도,가평군,석룡산,15,가평 2024_07.csv,자연관광,자연경관(산)
가평,2024,7,2024-07,245,경기도,가평군,우리유원지,15,가평 2024_07.csv,문화관광,복합관광시설
가평,2024,7,2024-07,249,경기도,가평군,인터렉티브아트뮤지엄,14,가평 2024_07.csv,문화관광,전시시설
가평,2024,7,2024-07,250,경기도,가평군,자연과별천문대,13,가평 2024_07.csv,기타관광,기타관광
가평,2024,7,2024-07,250,경기도,가평군,지영수상스키장,13,가평 2024_07.csv,레저스포츠,수상레저스포츠
가평,2024,7,2024-07,250,경기도,가평군,두밀계곡,13,가평 2024_07.csv,자연관광,자연경관(산)
가평,2024,7,2024-07,250,경기도,가평군,운악산가평현등사방면,13,가평 2024_07.csv,자연관광,자연경관(산)
가평,2024,7,2024-07,250,경기도,가평군,마린랜드,13,가평 2024_07.csv,레저스포츠,수상레저스포츠
가평,2024,7,2024-07,250,경기도,가평군,청평첫집,13,가평 2024_07.csv,레저스포츠,수상레저스포츠
가평,2024,7,2024-07,250,경기도,가평군,클럽S2,13,가평 2024_07.csv,레저스포츠,수상레저스포츠
가평,2024,7,2024-07,250,경기도,가평군,성주사,13,가평 2024_07.csv,역사관광,종교성지
가평,2024,7,2024-07,258,경기도,가평군,가평무브베이스볼파크,12,가평 2024_07.csv,문화관광,레저스포츠시설
가평,2024,7,2024-07,259,경기도,가평군,청평캠프,11,가평 2024_07.csv,레저스포츠,기타레저스포츠
가평,2024,7,2024-07,259,경기도,가평군,관음사,11,가평 2024_07.csv,역사관광,종교성지
가평,2024,7,2024-07,259,경기도,가평군,수락폭포,11,가평 2024_07.csv,자연관광,자연경관(산)
가평,2024,7,2024-07,259,경기도,가평군,항아리바위유원지,11,가평 2024_07.csv,기타관광,기타관광
가평,2024,7,2024-07,259,경기도,가평군,돌고래수상레저,11,가평 2024_07.csv,레저스포츠,기타레저스포츠
가평,2024,7,2024-07,259,경기도,가평군,성관사,11,가평 2024_07.csv,역사관광,종교성지
가평,2024,7,2024-07,265,경기도,가평군,유명산자생식물원,10,가평 2024_07.csv,문화관광,테마공원
가평,2024,7,2024-07,265,경기도,가평군,어비산,10,가평 2024_07.csv,자연관광,자연경관(산)
가평,2024,7,2024-07,265,경기도,가평군,달골지,10,가평 2024_07.csv,자연관광,자연경관(하천/해양)
가평,2024,7,2024-07,265,경기도,가평군,청평산장유원지,10,가평 2024_07.csv,문화관광,복합관광시설
가평,2024,7,2024-07,265,경기도,가평군,지산수상레저,10,가평 2024_07.csv,레저스포츠,수상레저스포츠
가평,2024,7,2024-07,265,경기도,가평군,더스테이힐링파크와일드가든,10,가평 2024_07.csv,문화관광,도시공원
가평,2024,7,2024-07,271,경기도,가평군,킹웨이크서프스쿨,9,가평 2024_07.csv,레저스포츠,수상레저스포츠
가평,2024,7,2024-07,271,경기도,가평군,목동근린공원전망대,9,가평 2024_07.csv,문화관광,랜드마크관광
가평,2024,7,2024-07,271,경기도,가평군,유명산휴양림관리소,9,가평 2024_07.csv,자연관광,자연공원
가평,2024,7,2024-07,271,경기도,가평군,효심사,9,가평 2024_07.csv,역사관광,종교성지
가평,2024,7,2024-07,271,경기도,가평군,호명산,9,가평 2024_07.csv,자연관광,자연경관(산)
가평,2024,7,2024-07,271,경기도,가평군,가평리틀야구장,9,가평 2024_07.csv,문화관광,레저스포츠시설
가평,2024,7,2024-07,277,경기도,가평군,스프레드프리다이빙,8,가평 2024_07.csv,레저스포츠,수상레저스포츠
가평,2024,7,2024-07,277,경기도,가평군,호주전투기념비,8,가평 2024_07.csv,역사관광,역사유물
가평,2024,7,2024-07,277,경기도,가평군,빛나리유원지,8,가평 2024_07.csv,문화관광,복합관광시설
가평,2024,7,2024-07,277,경기도,가평군,까치유원지,8,가평 2024_07.csv,문화관광,복합관광시설
가평,2024,7,2024-07,277,경기도,가평군,점프노리경기가평점,8,가평 2024_07.csv,문화관광,테마공원
가평,2024,7,2024-07,277,경기도,가평군,가평군 상면 조가터마을,8,가평 2024_07.csv,문화관광,도시/지역문화관광
가평,2024,7,2024-07,277,경기도,가평군,신나고수상레저,8,가평 2024_07.csv,레저스포츠,기타레저스포츠
가평,2024,7,2024-07,284,경기도,가평군,용추폭포,7,가평 2024_07.csv,자연관광,자연경관(산)
가평,2024,7,2024-07,284,경기도,가평군,디어웨이브,7,가평 2024_07.csv,레저스포츠,수상레저스포츠
가평,2024,7,2024-07,284,경기도,가평군,은행나무낚시공원,7,가평 2024_07.csv,레저스포츠,수상레저스포츠
가평,2024,7,2024-07,284,경기도,가평군,감로사,7,가평 2024_07.csv,역사관광,종교성지
가평,2024,7,2024-07,284,경기도,가평군,보광사,7,가평 2024_07.csv,역사관광,종교성지
가평,2024,7,2024-07,284,경기도,가평군,서호유원지,7,가평 2024_07.csv,문화관광,복합관광시설
가평,2024,7,2024-07,284,경기도,가평군,신청평대교야구장,7,가평 2024_07.csv,문화관광,레저스포츠시설
가평,2024,7,2024-07,284,경기도,가평군,조무락골유원지,7,가평 2024_07.csv,문화관광,복합관광시설
가평,2024,7,2024-07,284,경기도,가평군,청평생태공원,7,가평 2024_07.csv,문화관광,도시공원
가평,2024,7,2024-07,284,경기도,가평군,울업산,7,가평 2024_07.csv,자연관광,자연경관(산)
가평,2024,7,2024-07,284,경기도,가평군,파로티아워터하우스수상레저,7,가평 2024_07.csv,레저스포츠,수상레저스포츠
가평,2024,7,2024-07,295,경기도,가평군,씨브이리조트,6,가평 2024_07.csv,레저스포츠,수상레저스포츠
가평,2024,7,2024-07,295,경기도,가평군,가평철길공원,6,가평 2024_07.csv,문화관광,도시공원
가평,2024,7,2024-07,295,경기도,가평군,이지서프웨이크서핑,6,가평 2024_07.csv,레저스포츠,수상레저스포츠
가평,2024,7,2024-07,295,경기도,가평군,사공일샵,6,가평 2024_07.csv,체험관광,공예체험
가평,2024,7,2024-07,295,경기도,가평군,고동산계곡,6,가평 2024_07.csv,자연관광,자연경관(산)
가평,2024,7,2024-07,295,경기도,가평군,무주채폭포,6,가평 2024_07.csv,자연관광,자연경관(산)
가평,2024,7,2024-07,295,경기도,가평군,북한강유원지,6,가평 2024_07.csv,문화관광,복합관광시설
가평,2024,7,2024-07,295,경기도,가평군,익근리계곡,6,가평 2024_07.csv,자연관광,자연경관(산)
가평,2024,7,2024-07,295,경기도,가평군,마린보이,6,가평 2024_07.csv,레저스포츠,수상레저스포츠
가평,2024,7,2024-07,295,경기도,가평군,상천저수지,6,가평 2024_07.csv,자연관광,자연경관(하천/해양)
가평,2024,7,2024-07,295,경기도,가평군,에덴벚꽃길,6,가평 2024_07.csv,레저스포츠,기타레저스포츠
가평,2024,7,2024-07,295,경기도,가평군,국가대표수상레저,6,가평 2024_07.csv,레저스포츠,수상레저스포츠
가평,2024,7,2024-07,295,경기도,가평군,청호수상레저,6,가평 2024_07.csv,레저스포츠,수상레저스포츠
가평,2024,7,2024-07,295,경기도,가평군,대성석가사,6,가평 2024_07.csv,역사관광,종교성지
가평,2024,7,2024-07,309,경기도,가평군,운악산용수사,5,가평 2024_07.csv,역사관광,종교성지
가평,2024,7,2024-07,309,경기도,가평군,가평화랑유원지,5,가평 2024_07.csv,문화관광,복합관광시설
가평,2024,7,2024-07,309,경기도,가평군,수풀로삼회리,5,가평 2024_07.csv,문화관광,도시공원
가평,2024,7,2024-07,309,경기도,가평군,라온수상레져,5,가평 2024_07.csv,레저스포츠,수상레저스포츠
가평,2024,7,2024-07,313,경기도,가평군,대성리국민관광지관광안내소,4,가평 2024_07.csv,기타관광,기타관광
가평,2024,7,2024-07,313,경기도,가평군,서프봉봉,4,가평 2024_07.csv,레저스포츠,수상레저스포츠
가평,2024,7,2024-07,313,경기도,가평군,영연방참전기념비,4,가평 2024_07.csv,역사관광,역사유물
가평,2024,7,2024-07,313,경기도,가평군,용문산전투가평지구전적비,4,가평 2024_07.csv,역사관광,역사유물
가평,2024,7,2024-07,313,경기도,가평군,보납정,4,가평 2024_07.csv,레저스포츠,육상레저스포츠
가평,2024,7,2024-07,313,경기도,가평군,남송미술관,4,가평 2024_07.csv,문화관광,전시시설
가평,2024,7,2024-07,313,경기도,가평군,가평향교,4,가평 2024_07.csv,역사관광,역사유적지
가평,2024,7,2024-07,313,경기도,가평군,밤나무골유원지,4,가평 2024_07.csv,문화관광,복합관광시설
가평,2024,7,2024-07,313,경기도,가평군,가평약수터,4,가평 2024_07.csv,자연관광,자연경관(산)
가평,2024,7,2024-07,313,경기도,가평군,안골계곡,4,가평 2024_07.csv,자연관광,자연경관(산)
가평,2024,7,2024-07,313,경기도,가평군,밤골유원지,4,가평 2024_07.csv,문화관광,복합관광시설
가평,2024,7,2024-07,313,경기도,가평군,마일낚시터,4,가평 2024_07.csv,레저스포츠,수상레저스포츠
가평,2024,7,2024-07,313,경기도,가평군,하천리생활체육공원,4,가평 2024_07.csv,문화관광,도시공원
가평,2024,7,2024-07,313,경기도,가평군,대성낚시터,4,가평 2024_07.csv,레저스포츠,수상레저스포츠
가평,2024,7,2024-07,313,경기도,가평군,두밀리낚시터,4,가평 2024_07.csv,레저스포츠,수상레저스포츠
가평,2024,7,2024-07,313,경기도,가평군,텃바위유원지,4,가평 2024_07.csv,문화관광,복합관광시설
가평,2024,7,2024-07,313,경기도,가평군,훼미리유원지,4,가평 2024_07.csv,문화관광,복합관광시설
가평,2024,7,2024-07,313,경기도,가평군,가평군 북면 오목골,4,가평 2024_07.csv,문화관광,도시/지역문화관광
가평,2024,7,2024-07,331,경기도,가평군,일광사,3,가평 2024_07.csv,역사관광,종교성지
가평,2024,7,2024-07,331,경기도,가평군,가평군관공선선착장,3,가평 2024_07.csv,기타관광,교통시설
가평,2024,7,2024-07,331,경기도,가평군,발전소고개,3,가평 2024_07.csv,자연관광,자연경관(산)
가평,2024,7,2024-07,331,경기도,가평군,설악생활체육공원축구장,3,가평 2024_07.csv,문화관광,레저스포츠시설
가평,2024,7,2024-07,331,경기도,가평군,쁘띠프랑스베니스가면축제,3,가평 2024_07.csv,문화관광,기타문화관광지
가평,2024,7,2024-07,331,경기도,가평군,마린제트모터스,3,가평 2024_07.csv,레저스포츠,수상레저스포츠
가평,2024,7,2024-07,331,경기도,가평군,이방실장군묘,3,가평 2024_07.csv,역사관광,역사유적지
가평,2024,7,2024-07,331,경기도,가평군,이천보고가,3,가평 2024_07.csv,역사관광,역사유적지
가평,2024,7,2024-07,331,경기도,가평군,운악수련장,3,가평 2024_07.csv,레저스포츠,육상레저스포츠
가평,2024,7,2024-07,331,경기도,가평군,겨울연가촬영지,3,가평 2024_07.csv,문화관광,기타문화관광지
가평,2024,7,2024-07,331,경기도,가평군,연화세계,3,가평 2024_07.csv,역사관광,종교성지
가평,2024,7,2024-07,331,경기도,가평군,일지안호범미술관,3,가평 2024_07.csv,문화관광,전시시설
가평,2024,7,2024-07,331,경기도,가평군,북한강레저클럽,3,가평 2024_07.csv,레저스포츠,기타레저스포츠
가평,2024,7,2024-07,331,경기도,가평군,한강수상레저,3,가평 2024_07.csv,레저스포츠,수상레저스포츠
가평,2024,7,2024-07,331,경기도,가평군,유스토리청소년수련원,3,가평 2024_07.csv,레저스포츠,육상레저스포츠
가평,2024,7,2024-07,331,경기도,가평군,장재울계곡,3,가평 2024_07.csv,자연관광,자연경관(산)
가평,2024,7,2024-07,331,경기도,가평군,논남기계곡,3,가평 2024_07.csv,자연관광,자연경관(산)
가평,2024,7,2024-07,331,경기도,가평군,아마란스리조트,3,가평 2024_07.csv,레저스포츠,수상레저스포츠
가평,2024,7,2024-07,331,경기도,가평군,에덴야구장,3,가평 2024_07.csv,문화관광,레저스포츠시설
가평,2024,7,2024-07,331,경기도,가평군,폭포유원지,3,가평 2024_07.csv,문화관광,복합관광시설
가평,2024,7,2024-07,331,경기도,가평군,청평농원,3,가평 2024_07.csv,체험관광,농/산/어촌체험
가평,2024,7,2024-07,331,경기도,가평군,백자동유원지,3,가평 2024_07.csv,문화관광,복합관광시설
가평,2024,7,2024-07,331,경기도,가평군,버드나무유원지,3,가평 2024_07.csv,문화관광,복합관광시설
가평,2024,7,2024-07,331,경기도,가평군,에이스탁구클럽,3,가평 2024_07.csv,레저스포츠,기타레저스포츠
가평,2024,7,2024-07,331,경기도,가평군,이화여자대학교수목원,3,가평 2024_07.csv,레저스포츠,육상레저스포츠
가평,2024,7,2024-07,331,경기도,가평군,무송암,3,가평 2024_07.csv,문화관광,복합관광시설
가평,2024,7,2024-07,331,경기도,가평군,자라섬테마파크,3,가평 2024_07.csv,레저스포츠,수상레저스포츠
가평,2024,7,2024-07,331,경기도,가평군,오션레저파크,3,가평 2024_07.csv,레저스포츠,수상레저스포츠
가평,2024,7,2024-07,331,경기도,가평군,현대집,3,가평 2024_07.csv,레저스포츠,수상레저스포츠
가평,2024,7,2024-07,331,경기도,가평군,불기고개,3,가평 2024_07.csv,자연관광,자연경관(산)
가평,2024,7,2024-07,331,경기도,가평군,노채고개,3,가평 2024_07.csv,자연관광,자연경관(산)
가평,2024,7,2024-07,331,경기도,가평군,가평문화창작공간얼쑤공장,3,가평 2024_07.csv,문화관광,기타문화관광지
가평,2024,7,2024-07,331,경기도,가평군,자라섬리버마켓,3,가평 2024_07.csv,쇼핑,시장
가평,2024,7,2024-07,331,경기도,가평군,새말농장,3,가평 2024_07.csv,체험관광,농/산/어촌체험
가평,2024,7,2024-07,331,경기도,가평군,꿈의동산놀이공원안보전시관,3,가평 2024_07.csv,문화관광,전시시설
가평,2024,8,2024-08,1,경기도,가평군,남이섬선착장,8494,가평 2024_08.csv,기타관광,교통시설
가평,2024,8,2024-08,2,경기도,가평군,남이섬,7915,가평 2024_08.csv,자연관광,자연경관(하천/해양)
가평,2024,8,2024-08,3,경기도,가평군,청평역,7503,가평 2024_08.csv,기타관광,교통시설
가평,2024,8,2024-08,4,경기도,가평군,유명산자연휴양림,6955,가평 2024_08.csv,자연관광,자연공원
가평,2024,8,2024-08,5,경기도,가평군,용추계곡,6850,가평 2024_08.csv,자연관광,자연경관(산)
가평,2024,8,2024-08,6,경기도,가평군,캠프통포레스트,6846,가평 2024_08.csv,레저스포츠,수상레저스포츠
가평,2024,8,2024-08,7,경기도,가평군,가평베네스트GC,6298,가평 2024_08.csv,레저스포츠,육상레저스포츠
가평,2024,8,2024-08,8,경기도,가평군,아난티코드골프클럽,6107,가평 2024_08.csv,레저스포츠,육상레저스포츠
가평,2024,8,2024-08,9,경기도,가평군,썬힐GC,5328,가평 2024_08.csv,레저스포츠,육상레저스포츠
가평,2024,8,2024-08,10,경기도,가평군,아침고요수목원,5058,가평 2024_08.csv,문화관광,테마공원
가평,2024,8,2024-08,11,경기도,가평군,프리스틴밸리GC,4530,가평 2024_08.csv,레저스포츠,육상레저스포츠
가평,2024,8,2024-08,12,경기도,가평군,대성리역,4320,가평 2024_08.csv,기타관광,교통시설
가평,2024,8,2024-08,13,경기도,가평군,자라섬,4153,가평 2024_08.csv,자연관광,자연경관(하천/해양)
가평,2024,8,2024-08,14,경기도,가평군,베뉴지CC,4136,가평 2024_08.csv,레저스포츠,육상레저스포츠
가평,2024,8,2024-08,15,경기도,가평군,크리스탈밸리CC,3935,가평 2024_08.csv,레저스포츠,육상레저스포츠
가평,2024,8,2024-08,16,경기도,가평군,도대리용소폭포,3708,가평 2024_08.csv,자연관광,자연경관(산)
가평,2024,8,2024-08,17,경기도,가평군,가평베고니아새정원,3636,가평 2024_08.csv,문화관광,테마공원
가평,2024,8,2024-08,18,경기도,가평군,신비동물원,3228,가평 2024_08.csv,문화관광,테마공원
가평,2024,8,2024-08,19,경기도,가평군,어비계곡,3162,가평 2024_08.csv,자연관광,자연경관(산)
가평,2024,8,2024-08,20,경기도,가평군,쁘띠프랑스,2840,가평 2024_08.csv,문화관광,복합관광시설
가평,2024,8,2024-08,21,경기도,가평군,현리시외버스터미널,2698,가평 2024_08.csv,기타관광,교통시설
가평,2024,8,2024-08,22,경기도,가평군,마이다스밸리청평 골프클럽,2665,가평 2024_08.csv,레저스포츠,육상레저스포츠
가평,2024,8,2024-08,23,경기도,가평군,리앤리CC,2546,가평 2024_08.csv,레저스포츠,육상레저스포츠
가평,2024,8,2024-08,24,경기도,가평군,가평시외버스터미널,2285,가평 2024_08.csv,기타관광,교통시설
가평,2024,8,2024-08,25,경기도,가평군,용소폭포,2273,가평 2024_08.csv,자연관광,자연경관(산)
가평,2024,8,2024-08,26,경기도,가평군,명지계곡,2228,가평 2024_08.csv,자연관광,자연경관(산)
가평,2024,8,2024-08,27,경기도,가평군,녹수계곡,2063,가평 2024_08.csv,자연관광,자연경관(산)
가평,2024,8,2024-08,28,경기도,가평군,조무락계곡,1775,가평 2024_08.csv,자연관광,자연경관(산)
가평,2024,8,2024-08,29,경기도,가평군,경기도잣향기푸른숲,1712,가평 2024_08.csv,자연관광,자연공원
가평,2024,8,2024-08,30,경기도,가평군,호수유원지,1517,가평 2024_08.csv,기타관광,기타관광
가평,2024,8,2024-08,31,경기도,가평군,모비딕수상레저,1514,가평 2024_08.csv,레저스포츠,수상레저스포츠
가평,2024,8,2024-08,32,경기도,가평군,아이언수상레저,1388,가평 2024_08.csv,레저스포츠,기타레저스포츠
가평,2024,8,2024-08,33,경기도,가평군,청평시외버스터미널,1383,가평 2024_08.csv,기타관광,교통시설
가평,2024,8,2024-08,34,경기도,가평군,칼봉산자연휴양림,1242,가평 2024_08.csv,자연관광,자연공원
가평,2024,8,2024-08,35,경기도,가평군,가평빠지클럽비발디,1166,가평 2024_08.csv,레저스포츠,수상레저스포츠
가평,2024,8,2024-08,36,경기도,가평군,아침고요가족동물원,1149,가평 2024_08.csv,문화관광,테마공원
가평,2024,8,2024-08,37,경기도,가평군,에델바이스스위스테마파크,1146,가평 2024_08.csv,문화관광,테마공원
가평,2024,8,2024-08,38,경기도,가평군,캠프통아일랜드,1053,가평 2024_08.csv,레저스포츠,수상레저스포츠
가평,2024,8,2024-08,39,경기도,가평군,K26잠수풀,1032,가평 2024_08.csv,레저스포츠,수상레저스포츠
가평,2024,8,2024-08,40,경기도,가평군,가평별빛공원,1009,가평 2024_08.csv,문화관광,도시공원
가평,2024,8,2024-08,41,경기도,가평군,워터플레이,994,가평 2024_08.csv,레저스포츠,수상레저스포츠
가평,2024,8,2024-08,42,경기도,가평군,산장관광지,983,가평 2024_08.csv,문화관광,복합관광시설
가평,2024,8,2024-08,43,경기도,가평군,르푸앙수상레져,961,가평 2024_08.csv,레저스포츠,수상레저스포츠
가평,2024,8,2024-08,44,경기도,가평군,한국초콜릿연구소뮤지엄,944,가평 2024_08.csv,문화관광,전시시설
가평,2024,8,2024-08,45,경기도,가평군,항아리바위계곡,934,가평 2024_08.csv,자연관광,자연경관(산)
가평,2024,8,2024-08,46,경기도,가평군,가평파크골프장,921,가평 2024_08.csv,레저스포츠,육상레저스포츠
가평,2024,8,2024-08,47,경기도,가평군,강촌레일파크가평역,890,가평 2024_08.csv,레저스포츠,기타레저스포츠
가평,2024,8,2024-08,48,경기도,가평군,강씨봉자연휴양림,867,가평 2024_08.csv,자연관광,자연공원
가평,2024,8,2024-08,49,경기도,가평군,청평자연휴양림,855,가평 2024_08.csv,자연관광,자연공원
가평,2024,8,2024-08,50,경기도,가평군,화악계곡,844,가평 2024_08.csv,자연관광,자연경관(산)
가평,2024,8,2024-08,51,경기도,가평군,유명산계곡,836,가평 2024_08.csv,자연관광,자연경관(산)
가평,2024,8,2024-08,52,경기도,가평군,가평TOP랜드,826,가평 2024_08.csv,레저스포츠,수상레저스포츠
가평,2024,8,2024-08,53,경기도,가평군,가평빠지아마존수상레저,798,가평 2024_08.csv,레저스포츠,수상레저스포츠
가평,2024,8,2024-08,54,경기도,가평군,상천역,769,가평 2024_08.csv,기타관광,교통시설
가평,2024,8,2024-08,55,경기도,가평군,리버포인트수상레저,763,가평 2024_08.csv,레저스포츠,수상레저스포츠
가평,2024,8,2024-08,56,경기도,가평군,크리스월드수상레저,726,가평 2024_08.csv,레저스포츠,수상레저스포츠
가평,2024,8,2024-08,57,경기도,가평군,경반계곡,703,가평 2024_08.csv,자연관광,자연경관(산)
가평,2024,8,2024-08,58,경기도,가평군,리버랜드번지점프장,693,가평 2024_08.csv,레저스포츠,육상레저스포츠
가평,2024,8,2024-08,59,경기도,가평군,설악시외버스터미널,682,가평 2024_08.csv,기타관광,교통시설
가평,2024,8,2024-08,60,경기도,가평군,선셋740,678,가평 2024_08.csv,레저스포츠,수상레저스포츠
가평,2024,8,2024-08,61,경기도,가평군,음악역1939,671,가평 2024_08.csv,문화관광,기타문화관광지
가평,2024,8,2024-08,62,경기도,가평군,청평호반드라이브코스,660,가평 2024_08.csv,기타관광,데이트코스
가평,2024,8,2024-08,63,경기도,가평군,청심평화월드센터,657,가평 2024_08.csv,문화관광,공연시설
가평,2024,8,2024-08,64,경기도,가평군,용소유원지,636,가평 2024_08.csv,문화관광,복합관광시설
가평,2024,8,2024-08,65,경기도,가평군,잣고을전통시장,603,가평 2024_08.csv,쇼핑,시장
가평,2024,8,2024-08,66,경기도,가평군,청심국제청소년수련원,597,가평 2024_08.csv,레저스포츠,육상레저스포츠
가평,2024,8,2024-08,67,경기도,가평군,현등사,581,가평 2024_08.csv,역사관광,종교성지
가평,2024,8,2024-08,68,경기도,가평군,크라운수상레저,569,가평 2024_08.csv,레저스포츠,수상레저스포츠
가평,2024,8,2024-08,69,경기도,가평군,금개울유원지,566,가평 2024_08.csv,문화관광,복합관광시설
가평,2024,8,2024-08,70,경기도,가평군,가평브릿지짚라인,552,가평 2024_08.csv,레저스포츠,기타레저스포츠
가평,2024,8,2024-08,71,경기도,가평군,별비치워터파크,531,가평 2024_08.csv,문화관광,테마공원
가평,2024,8,2024-08,72,경기도,가평군,청평호,524,가평 2024_08.csv,자연관광,자연경관(하천/해양)
가평,2024,8,2024-08,73,경기도,가평군,가평썸머플레이스,517,가평 2024_08.csv,레저스포츠,수상레저스포츠
가평,2024,8,2024-08,74,경기도,가평군,레저캠프,510,가평 2024_08.csv,레저스포츠,기타레저스포츠
가평,2024,8,2024-08,75,경기도,가평군,자라섬야외수영장,461,가평 2024_08.csv,문화관광,테마공원
가평,2024,8,2024-08,76,경기도,가평군,가평빠지이비자수상레저,446,가평 2024_08.csv,레저스포츠,수상레저스포츠
가평,2024,8,2024-08,77,경기도,가평군,떡바위유원지,441,가평 2024_08.csv,문화관광,복합관광시설
가평,2024,8,2024-08,78,경기도,가평군,가평빠지크리스월드수상레저,421,가평 2024_08.csv,레저스포츠,수상레저스포츠
가평,2024,8,2024-08,78,경기도,가평군,현리계곡,421,가평 2024_08.csv,자연관광,자연경관(산)
가평,2024,8,2024-08,80,경기도,가평군,K2수상레져,415,가평 2024_08.csv,레저스포츠,수상레저스포츠
가평,2024,8,2024-08,81,경기도,가평군,호명호수,412,가평 2024_08.csv,자연관광,자연경관(하천/해양)
가평,2024,8,2024-08,82,경기도,가평군,가평군어린이음악놀이터,392,가평 2024_08.csv,문화관광,테마공원
가평,2024,8,2024-08,83,경기도,가평군,아레나수상레저,367,가평 2024_08.csv,레저스포츠,수상레저스포츠
가평,2024,8,2024-08,84,경기도,가평군,백련사,351,가평 2024_08.csv,역사관광,종교성지
가평,2024,8,2024-08,85,경기도,가평군,가람유원지,339,가평 2024_08.csv,문화관광,복합관광시설
가평,2024,8,2024-08,85,경기도,가평군,말리부수상레저,339,가평 2024_08.csv,레저스포츠,기타레저스포츠
가평,2024,8,2024-08,87,경기도,가평군,송학포유원지,335,가평 2024_08.csv,문화관광,복합관광시설
가평,2024,8,2024-08,88,경기도,가평군,아루바수상레저,329,가평 2024_08.csv,레저스포츠,기타레저스포츠
가평,2024,8,2024-08,89,경기도,가평군,목동버스터미널,318,가평 2024_08.csv,기타관광,교통시설
가평,2024,8,2024-08,90,경기도,가평군,버드마리나수상레저,317,가평 2024_08.csv,레저스포츠,기타레저스포츠
가평,2024,8,2024-08,90,경기도,가평군,탑코리아수상레저,317,가평 2024_08.csv,레저스포츠,수상레저스포츠
가평,2024,8,2024-08,92,경기도,가평군,산림생태문화체험단지,314,가평 2024_08.csv,기타관광,기타관광
가평,2024,8,2024-08,93,경기도,가평군,스카이라인짚와이어,312,가평 2024_08.csv,문화관광,복합관광시설
가평,2024,8,2024-08,94,경기도,가평군,현리유원지,310,가평 2024_08.csv,문화관광,복합관광시설
가평,2024,8,2024-08,95,경기도,가평군,이뜨랜수상레저,297,가평 2024_08.csv,레저스포츠,수상레저스포츠
가평,2024,8,2024-08,96,경기도,가평군,용추계곡유원지,292,가평 2024_08.csv,문화관광,복합관광시설
가평,2024,8,2024-08,96,경기도,가평군,유명산,292,가평 2024_08.csv,자연관광,자연경관(산)
가평,2024,8,2024-08,98,경기도,가평군,가평크루즈,289,가평 2024_08.csv,레저스포츠,기타레저스포츠
가평,2024,8,2024-08,98,경기도,가평군,꿈의동산,289,가평 2024_08.csv,문화관광,복합관광시설
가평,2024,8,2024-08,100,경기도,가평군,바하마수상레포츠,288,가평 2024_08.csv,레저스포츠,수상레저스포츠
가평,2024,8,2024-08,100,경기도,가평군,조종천계곡,288,가평 2024_08.csv,자연관광,자연경관(산)
가평,2024,8,2024-08,102,경기도,가평군,이탈리아마을 피노키오와다빈치,285,가평 2024_08.csv,문화관광,복합관광시설
가평,2024,8,2024-08,102,경기도,가평군,수영인의마을,285,가평 2024_08.csv,레저스포츠,수상레저스포츠
가평,2024,8,2024-08,104,경기도,가평군,클럽이글스수상레저,275,가평 2024_08.csv,레저스포츠,기타레저스포츠
가평,2024,8,2024-08,105,경기도,가평군,맨하탄수상레져,273,가평 2024_08.csv,레저스포츠,수상레저스포츠
가평,2024,8,2024-08,106,경기도,가평군,이지수상레져,265,가평 2024_08.csv,레저스포츠,기타레저스포츠
가평,2024,8,2024-08,107,경기도,가평군,청평리버랜드수상레저,264,가평 2024_08.csv,문화관광,복합관광시설
가평,2024,8,2024-08,108,경기도,가평군,백둔계곡,261,가평 2024_08.csv,자연관광,자연경관(산)
가평,2024,8,2024-08,109,경기도,가평군,삼원수상레저,253,가평 2024_08.csv,레저스포츠,기타레저스포츠
가평,2024,8,2024-08,109,경기도,가평군,큰골계곡,253,가평 2024_08.csv,자연관광,자연경관(산)
가평,2024,8,2024-08,111,경기도,가평군,연인산명품계곡길,240,가평 2024_08.csv,레저스포츠,기타레저스포츠
가평,2024,8,2024-08,111,경기도,가평군,대성리국민관광지,240,가평 2024_08.csv,문화관광,복합관광시설
가평,2024,8,2024-08,113,경기도,가평군,자이언트수상레저리조트,239,가평 2024_08.csv,레저스포츠,수상레저스포츠
가평,2024,8,2024-08,114,경기도,가평군,스마일수상레저,231,가평 2024_08.csv,레저스포츠,수상레저스포츠
가평,2024,8,2024-08,115,경기도,가평군,명지계곡유원지,229,가평 2024_08.csv,문화관광,복합관광시설
가평,2024,8,2024-08,116,경기도,가평군,대원사,226,가평 2024_08.csv,역사관광,종교성지
가평,2024,8,2024-08,117,경기도,가평군,빠져수상레저,223,가평 2024_08.csv,레저스포츠,수상레저스포츠
가평,2024,8,2024-08,118,경기도,가평군,청평5일시장,222,가평 2024_08.csv,쇼핑,시장
가평,2024,8,2024-08,119,경기도,가평군,물조은빠지,220,가평 2024_08.csv,레저스포츠,수상레저스포츠
가평,2024,8,2024-08,120,경기도,가평군,호명호수공원,218,가평 2024_08.csv,문화관광,도시공원
가평,2024,8,2024-08,121,경기도,가평군,엘혜윰의정원,213,가평 2024_08.csv,레저스포츠,육상레저스포츠
가평,2024,8,2024-08,122,경기도,가평군,클럽미사수상레저,210,가평 2024_08.csv,레저스포츠,수상레저스포츠
가평,2024,8,2024-08,122,경기도,가평군,북면생활체육공원,210,가평 2024_08.csv,문화관광,도시공원
가평,2024,8,2024-08,124,경기도,가평군,오페라하우스수상레저,209,가평 2024_08.csv,레저스포츠,수상레저스포츠
가평,2024,8,2024-08,125,경기도,가평군,운악산출렁다리,208,가평 2024_08.csv,기타관광,기타관광
가평,2024,8,2024-08,126,경기도,가평군,연인산도립공원탐방안내소,206,가평 2024_08.csv,기타관광,기타관광
가평,2024,8,2024-08,127,경기도,가평군,워터피아수상레저,204,가평 2024_08.csv,레저스포츠,수상레저스포츠
가평,2024,8,2024-08,128,경기도,가평군,레인보우수상레저,201,가평 2024_08.csv,레저스포츠,수상레저스포츠
가평,2024,8,2024-08,129,경기도,가평군,소풍레저,195,가평 2024_08.csv,레저스포츠,수상레저스포츠
가평,2024,8,2024-08,130,경기도,가평군,청평유원지,191,가평 2024_08.csv,문화관광,복합관광시설
가평,2024,8,2024-08,130,경기도,가평군,화악산,191,가평 2024_08.csv,자연관광,자연경관(산)
가평,2024,8,2024-08,132,경기도,가평군,가평사계절썰매장,185,가평 2024_08.csv,레저스포츠,육상레저스포츠
가평,2024,8,2024-08,132,경기도,가평군,W홀스랜드,185,가평 2024_08.csv,레저스포츠,육상레저스포츠
가평,2024,8,2024-08,134,경기도,가평군,썸머타임수상레저,184,가평 2024_08.csv,레저스포츠,수상레저스포츠
가평,2024,8,2024-08,135,경기도,가평군,루시아수상레저,183,가평 2024_08.csv,레저스포츠,수상레저스포츠
가평,2024,8,2024-08,136,경기도,가평군,도장골낚시터,182,가평 2024_08.csv,레저스포츠,수상레저스포츠
가평,2024,8,2024-08,137,경기도,가평군,웨이크베이리조트,181,가평 2024_08.csv,레저스포츠,기타레저스포츠
가평,2024,8,2024-08,138,경기도,가평군,룰루마린수상레저,179,가평 2024_08.csv,레저스포츠,수상레저스포츠
가평,2024,8,2024-08,139,경기도,가평군,가평레져카트장,178,가평 2024_08.csv,레저스포츠,기타레저스포츠
가평,2024,8,2024-08,139,경기도,가평군,가평 수상레저 바이킹 빠지,178,가평 2024_08.csv,레저스포츠,수상레저스포츠
가평,2024,8,2024-08,141,경기도,가평군,천정궁박물관,176,가평 2024_08.csv,문화관광,전시시설
가평,2024,8,2024-08,142,경기도,가평군,청평생활체육공원,169,가평 2024_08.csv,문화관광,도시공원
가평,2024,8,2024-08,142,경기도,가평군,이수네유원지,169,가평 2024_08.csv,문화관광,복합관광시설
가평,2024,8,2024-08,144,경기도,가평군,운악산,168,가평 2024_08.csv,자연관광,자연경관(산)
가평,2024,8,2024-08,145,경기도,가평군,명지산생태전시관,166,가평 2024_08.csv,문화관광,전시시설
가평,2024,8,2024-08,146,경기도,가평군,모험의시작,162,가평 2024_08.csv,레저스포츠,수상레저스포츠
가평,2024,8,2024-08,147,경기도,가평군,이화원,160,가평 2024_08.csv,문화관광,도시공원
가평,2024,8,2024-08,148,경기도,가평군,서프앤,158,가평 2024_08.csv,레저스포츠,수상레저스포츠
가평,2024,8,2024-08,148,경기도,가평군,욜로수상레저,158,가평 2024_08.csv,레저스포츠,수상레저스포츠
가평,2024,8,2024-08,150,경기도,가평군,가평정기5일시장,156,가평 2024_08.csv,쇼핑,시장
가평,2024,8,2024-08,151,경기도,가평군,귀목계곡,154,가평 2024_08.csv,자연관광,자연경관(산)
가평,2024,8,2024-08,152,경기도,가평군,무당소유원지,152,가평 2024_08.csv,문화관광,복합관광시설
가평,2024,8,2024-08,153,경기도,가평군,대성리계곡,151,가평 2024_08.csv,자연관광,자연경관(산)
가평,2024,8,2024-08,154,경기도,가평군,폭포낚시,149,가평 2024_08.csv,레저스포츠,수상레저스포츠
가평,2024,8,2024-08,155,경기도,가평군,애기소계곡,148,가평 2024_08.csv,자연관광,자연경관(산)
가평,2024,8,2024-08,155,경기도,가평군,하이수상레저이비자1호점,148,가평 2024_08.csv,레저스포츠,수상레저스포츠
가평,2024,8,2024-08,157,경기도,가평군,가일미술관,146,가평 2024_08.csv,문화관광,전시시설
가평,2024,8,2024-08,158,경기도,가평군,백팔유원지,145,가평 2024_08.csv,문화관광,복합관광시설
가평,2024,8,2024-08,159,경기도,가평군,트니트니어드벤처,144,가평 2024_08.csv,문화관광,테마공원
가평,2024,8,2024-08,159,경기도,가평군,대성수상레저,144,가평 2024_08.csv,레저스포츠,수상레저스포츠
가평,2024,8,2024-08,161,경기도,가평군,호명산드라이브코스,140,가평 2024_08.csv,기타관광,데이트코스
가평,2024,8,2024-08,162,경기도,가평군,연인산,136,가평 2024_08.csv,자연관광,자연경관(산)
가평,2024,8,2024-08,163,경기도,가평군,자연과별천문대,134,가평 2024_08.csv,기타관광,기타관광
가평,2024,8,2024-08,163,경기도,가평군,바우유원지,134,가평 2024_08.csv,문화관광,복합관광시설
가평,2024,8,2024-08,165,경기도,가평군,가평역레져,130,가평 2024_08.csv,레저스포츠,기타레저스포츠
가평,2024,8,2024-08,166,경기도,가평군,현등사계곡,125,가평 2024_08.csv,자연관광,자연경관(산)
가평,2024,8,2024-08,166,경기도,가평군,가평수상레저MK,125,가평 2024_08.csv,레저스포츠,수상레저스포츠
가평,2024,8,2024-08,168,경기도,가평군,라인수상레저,120,가평 2024_08.csv,레저스포츠,수상레저스포츠
가평,2024,8,2024-08,169,경기도,가평군,청평계곡,118,가평 2024_08.csv,자연관광,자연경관(산)
가평,2024,8,2024-08,169,경기도,가평군,아토믹워터파크,118,가평 2024_08.csv,문화관광,테마공원
가평,2024,8,2024-08,171,경기도,가평군,태은사,112,가평 2024_08.csv,역사관광,종교성지
가평,2024,8,2024-08,172,경기도,가평군,가평뮤직빌리지1939시네마,111,가평 2024_08.csv,문화관광,공연시설
가평,2024,8,2024-08,173,경기도,가평군,조종시네마,110,가평 2024_08.csv,문화관광,공연시설
가평,2024,8,2024-08,174,경기도,가평군,자라섬워터파크,109,가평 2024_08.csv,문화관광,테마공원
가평,2024,8,2024-08,175,경기도,가평군,설악5일장,108,가평 2024_08.csv,쇼핑,시장
가평,2024,8,2024-08,176,경기도,가평군,헤이븐,107,가평 2024_08.csv,레저스포츠,수상레저스포츠
가평,2024,8,2024-08,177,경기도,가평군,경기도잣향기푸른숲안내매표소,106,가평 2024_08.csv,기타관광,기타관광
가평,2024,8,2024-08,178,경기도,가평군,가평무브베이스볼파크,102,가평 2024_08.csv,문화관광,레저스포츠시설
가평,2024,8,2024-08,179,경기도,가평군,클럽나인수상레저,101,가평 2024_08.csv,레저스포츠,수상레저스포츠
가평,2024,8,2024-08,180,경기도,가평군,탐선계곡유원지,98,가평 2024_08.csv,문화관광,복합관광시설
가평,2024,8,2024-08,180,경기도,가평군,클럽에덴수상레져타운,98,가평 2024_08.csv,레저스포츠,수상레저스포츠
가평,2024,8,2024-08,182,경기도,가평군,토마토레저파크,95,가평 2024_08.csv,레저스포츠,기타레저스포츠
가평,2024,8,2024-08,183,경기도,가평군,더스테이힐링파크링스파3골프장,93,가평 2024_08.csv,레저스포츠,육상레저스포츠
가평,2024,8,2024-08,184,경기도,가평군,가평수목원,88,가평 2024_08.csv,자연관광,자연공원
가평,2024,8,2024-08,185,경기도,가평군,청평여울시장,84,가평 2024_08.csv,쇼핑,시장
가평,2024,8,2024-08,185,경기도,가평군,달마공원관음사,84,가평 2024_08.csv,역사관광,종교성지
가평,2024,8,2024-08,187,경기도,가평군,설악생활체육공원,80,가평 2024_08.csv,문화관광,도시공원
가평,2024,8,2024-08,188,경기도,가평군,남도꽃정원,79,가평 2024_08.csv,문화관광,도시공원
가평,2024,8,2024-08,188,경기도,가평군,베니스수상레저,79,가평 2024_08.csv,레저스포츠,수상레저스포츠
가평,2024,8,2024-08,188,경기도,가평군,카페리수상레저,79,가평 2024_08.csv,레저스포츠,수상레저스포츠
가평,2024,8,2024-08,191,경기도,가평군,영안청소년수련원,77,가평 2024_08.csv,레저스포츠,육상레저스포츠
가평,2024,8,2024-08,192,경기도,가평군,청평호수길,74,가평 2024_08.csv,기타관광,기타관광
가평,2024,8,2024-08,193,경기도,가평군,가마소유원지,73,가평 2024_08.csv,문화관광,복합관광시설
가평,2024,8,2024-08,194,경기도,가평군,취옹예술관,72,가평 2024_08.csv,문화관광,전시시설
가평,2024,8,2024-08,195,경기도,가평군,자라섬생태공원,70,가평 2024_08.csv,문화관광,도시공원
가평,2024,8,2024-08,195,경기도,가평군,물의나라유원지,70,가평 2024_08.csv,문화관광,복합관광시설
가평,2024,8,2024-08,197,경기도,가평군,운악산성불사,67,가평 2024_08.csv,역사관광,종교성지
가평,2024,8,2024-08,198,경기도,가평군,가평에덴벚꽃길,66,가평 2024_08.csv,기타관광,기타관광
가평,2024,8,2024-08,199,경기도,가평군,익근리계곡,64,가평 2024_08.csv,자연관광,자연경관(산)
가평,2024,8,2024-08,200,경기도,가평군,청춘역1979,63,가평 2024_08.csv,문화관광,도시공원
가평,2024,8,2024-08,200,경기도,가평군,청정낚시터,63,가평 2024_08.csv,레저스포츠,수상레저스포츠
가평,2024,8,2024-08,202,경기도,가평군,항아리바위유원지,58,가평 2024_08.csv,기타관광,기타관광
가평,2024,8,2024-08,203,경기도,가평군,킹웨이크서프스쿨,56,가평 2024_08.csv,레저스포츠,수상레저스포츠
가평,2024,8,2024-08,203,경기도,가평군,썸머드림,56,가평 2024_08.csv,레저스포츠,수상레저스포츠
가평,2024,8,2024-08,205,경기도,가평군,상천낚시터,55,가평 2024_08.csv,레저스포츠,수상레저스포츠
가평,2024,8,2024-08,205,경기도,가평군,한강수상레저,55,가평 2024_08.csv,레저스포츠,수상레저스포츠
가평,2024,8,2024-08,207,경기도,가평군,설악생활체육공원축구장,54,가평 2024_08.csv,문화관광,레저스포츠시설
가평,2024,8,2024-08,207,경기도,가평군,청평유원지,54,가평 2024_08.csv,문화관광,복합관광시설
가평,2024,8,2024-08,209,경기도,가평군,두밀계곡,53,가평 2024_08.csv,자연관광,자연경관(산)
가평,2024,8,2024-08,210,경기도,가평군,수락폭포,52,가평 2024_08.csv,자연관광,자연경관(산)
가평,2024,8,2024-08,211,경기도,가평군,리버빌수상레저타운,51,가평 2024_08.csv,레저스포츠,수상레저스포츠
가평,2024,8,2024-08,212,경기도,가평군,노랑다리미술관,50,가평 2024_08.csv,문화관광,전시시설
가평,2024,8,2024-08,213,경기도,가평군,청수계곡유원지,49,가평 2024_08.csv,문화관광,복합관광시설
가평,2024,8,2024-08,214,경기도,가평군,상면생활체육공원,48,가평 2024_08.csv,문화관광,도시공원
가평,2024,8,2024-08,215,경기도,가평군,그린수상레져,46,가평 2024_08.csv,레저스포츠,수상레저스포츠
가평,2024,8,2024-08,215,경기도,가평군,지산수상레저,46,가평 2024_08.csv,레저스포츠,수상레저스포츠
가평,2024,8,2024-08,217,경기도,가평군,포세이돈,45,가평 2024_08.csv,레저스포츠,수상레저스포츠
가평,2024,8,2024-08,218,경기도,가평군,가평현리5일장,43,가평 2024_08.csv,쇼핑,시장
가평,2024,8,2024-08,218,경기도,가평군,에덴야구장,43,가평 2024_08.csv,문화관광,레저스포츠시설
가평,2024,8,2024-08,218,경기도,가평군,훼미리유원지,43,가평 2024_08.csv,문화관광,복합관광시설
가평,2024,8,2024-08,221,경기도,가평군,청평암,42,가평 2024_08.csv,역사관광,종교성지
가평,2024,8,2024-08,221,경기도,가평군,해바라기유원지,42,가평 2024_08.csv,문화관광,복합관광시설
가평,2024,8,2024-08,221,경기도,가평군,이정웅스페이스,42,가평 2024_08.csv,문화관광,전시시설
가평,2024,8,2024-08,224,경기도,가평군,가평빠지블랙수상레저,40,가평 2024_08.csv,레저스포츠,수상레저스포츠
가평,2024,8,2024-08,224,경기도,가평군,빠지고,40,가평 2024_08.csv,레저스포츠,수상레저스포츠
가평,2024,8,2024-08,224,경기도,가평군,청호수상레저,40,가평 2024_08.csv,레저스포츠,수상레저스포츠
가평,2024,8,2024-08,227,경기도,가평군,색현터널,39,가평 2024_08.csv,기타관광,기타관광
가평,2024,8,2024-08,227,경기도,가평군,연인산용추구곡방면,39,가평 2024_08.csv,자연관광,자연경관(산)
가평,2024,8,2024-08,229,경기도,가평군,무아레풀무아레,38,가평 2024_08.csv,문화관광,테마공원
가평,2024,8,2024-08,229,경기도,가평군,남송미술관,38,가평 2024_08.csv,문화관광,전시시설
가평,2024,8,2024-08,229,경기도,가평군,가평축령산잣나무숲,38,가평 2024_08.csv,자연관광,자연공원
가평,2024,8,2024-08,232,경기도,가평군,운악산관음사,37,가평 2024_08.csv,역사관광,종교성지
가평,2024,8,2024-08,233,경기도,가평군,수풀로삼회리,36,가평 2024_08.csv,문화관광,도시공원
가평,2024,8,2024-08,233,경기도,가평군,축령사,36,가평 2024_08.csv,역사관광,종교성지
가평,2024,8,2024-08,235,경기도,가평군,무주채폭포,35,가평 2024_08.csv,자연관광,자연경관(산)
가평,2024,8,2024-08,235,경기도,가평군,산유낚시터,35,가평 2024_08.csv,레저스포츠,수상레저스포츠
가평,2024,8,2024-08,235,경기도,가평군,뉴돌고래수상레저,35,가평 2024_08.csv,레저스포츠,수상레저스포츠
가평,2024,8,2024-08,238,경기도,가평군,이슬라이브페스티벌,33,가평 2024_08.csv,문화관광,기타문화관광지
가평,2024,8,2024-08,239,경기도,가평군,마린컴퍼니클럽,31,가평 2024_08.csv,레저스포츠,수상레저스포츠
가평,2024,8,2024-08,239,경기도,가평군,약수유원지,31,가평 2024_08.csv,문화관광,복합관광시설
가평,2024,8,2024-08,241,경기도,가평군,인터렉티브아트뮤지엄,30,가평 2024_08.csv,문화관광,전시시설
가평,2024,8,2024-08,242,경기도,가평군,달골지,29,가평 2024_08.csv,자연관광,자연경관(하천/해양)
가평,2024,8,2024-08,242,경기도,가평군,상락향수도원,29,가평 2024_08.csv,역사관광,종교성지
가평,2024,8,2024-08,244,경기도,가평군,어거스트수상레저,27,가평 2024_08.csv,레저스포츠,수상레저스포츠
가평,2024,8,2024-08,244,경기도,가평군,북배산흑염소농장,27,가평 2024_08.csv,체험관광,농/산/어촌체험
가평,2024,8,2024-08,244,경기도,가평군,돌고래수상레저,27,가평 2024_08.csv,레저스포츠,기타레저스포츠
가평,2024,8,2024-08,247,경기도,가평군,팀더블유,26,가평 2024_08.csv,레저스포츠,기타레저스포츠
가평,2024,8,2024-08,247,경기도,가평군,클럽펀,26,가평 2024_08.csv,레저스포츠,수상레저스포츠
가평,2024,8,2024-08,247,경기도,가평군,선어치,26,가평 2024_08.csv,자연관광,자연경관(산)
가평,2024,8,2024-08,250,경기도,가평군,폭포유원지,25,가평 2024_08.csv,문화관광,복합관광시설
가평,2024,8,2024-08,251,경기도,가평군,디어웨이브,24,가평 2024_08.csv,레저스포츠,수상레저스포츠
가평,2024,8,2024-08,251,경기도,가평군,청평페리유람선,24,가평 2024_08.csv,기타관광,교통시설
가평,2024,8,2024-08,251,경기도,가평군,가평군 상면 조가터마을,24,가평 2024_08.csv,문화관광,도시/지역문화관광
가평,2024,8,2024-08,254,경기도,가평군,가평종합운동장야구장,23,가평 2024_08.csv,문화관광,레저스포츠시설
가평,2024,8,2024-08,254,경기도,가평군,조종생활체육공원,23,가평 2024_08.csv,문화관광,도시공원
가평,2024,8,2024-08,254,경기도,가평군,극락정사,23,가평 2024_08.csv,역사관광,종교성지
가평,2024,8,2024-08,254,경기도,가평군,석룡산,23,가평 2024_08.csv,자연관광,자연경관(산)
가평,2024,8,2024-08,254,경기도,가평군,화야산,23,가평 2024_08.csv,자연관광,자연경관(산)
가평,2024,8,2024-08,259,경기도,가평군,타자가평수상레저,22,가평 2024_08.csv,레저스포츠,기타레저스포츠
가평,2024,8,2024-08,259,경기도,가평군,산울로수상스키,22,가평 2024_08.csv,레저스포츠,기타레저스포츠
가평,2024,8,2024-08,261,경기도,가평군,용추폭포,21,가평 2024_08.csv,자연관광,자연경관(산)
가평,2024,8,2024-08,261,경기도,가평군,목동근린공원전망대,21,가평 2024_08.csv,문화관광,랜드마크관광
가평,2024,8,2024-08,261,경기도,가평군,향원사,21,가평 2024_08.csv,역사관광,종교성지
가평,2024,8,2024-08,261,경기도,가평군,마리서프,21,가평 2024_08.csv,레저스포츠,수상레저스포츠
가평,2024,8,2024-08,265,경기도,가평군,자라섬꽃페스타,20,가평 2024_08.csv,문화관광,기타문화관광지
가평,2024,8,2024-08,265,경기도,가평군,청룡사,20,가평 2024_08.csv,역사관광,종교성지
가평,2024,8,2024-08,267,경기도,가평군,가평수상레저가즈아,19,가평 2024_08.csv,레저스포츠,수상레저스포츠
가평,2024,8,2024-08,268,경기도,가평군,서프봉봉,18,가평 2024_08.csv,레저스포츠,수상레저스포츠
가평,2024,8,2024-08,268,경기도,가평군,밤골유원지,18,가평 2024_08.csv,문화관광,복합관광시설
가평,2024,8,2024-08,268,경기도,가평군,가평하늘커피농장,18,가평 2024_08.csv,체험관광,농/산/어촌체험
가평,2024,8,2024-08,271,경기도,가평군,승천사,17,가평 2024_08.csv,역사관광,종교성지
가평,2024,8,2024-08,271,경기도,가평군,빛나리유원지,17,가평 2024_08.csv,문화관광,복합관광시설
가평,2024,8,2024-08,271,경기도,가평군,이화여자대학교수목원,17,가평 2024_08.csv,레저스포츠,육상레저스포츠
가평,2024,8,2024-08,274,경기도,가평군,삼회리벚꽃길,16,가평 2024_08.csv,기타관광,데이트코스
가평,2024,8,2024-08,274,경기도,가평군,유명산휴양림관리소,16,가평 2024_08.csv,자연관광,자연공원
가평,2024,8,2024-08,274,경기도,가평군,화야산큰골마을등산로,16,가평 2024_08.csv,자연관광,자연경관(산)
가평,2024,8,2024-08,274,경기도,가평군,감로사,16,가평 2024_08.csv,역사관광,종교성지
가평,2024,8,2024-08,274,경기도,가평군,청평산장유원지,16,가평 2024_08.csv,문화관광,복합관광시설
가평,2024,8,2024-08,274,경기도,가평군,신나고수상레저,16,가평 2024_08.csv,레저스포츠,기타레저스포츠
가평,2024,8,2024-08,280,경기도,가평군,호국연호사,15,가평 2024_08.csv,역사관광,종교성지
가평,2024,8,2024-08,280,경기도,가평군,우리유원지,15,가평 2024_08.csv,문화관광,복합관광시설
가평,2024,8,2024-08,282,경기도,가평군,HJ매그놀리아멋집,14,가평 2024_08.csv,문화관광,기타문화관광지
가평,2024,8,2024-08,282,경기도,가평군,마린랜드,14,가평 2024_08.csv,레저스포츠,수상레저스포츠
가평,2024,8,2024-08,282,경기도,가평군,수연폭포유원지,14,가평 2024_08.csv,문화관광,복합관광시설
가평,2024,8,2024-08,282,경기도,가평군,아마란스리조트,14,가평 2024_08.csv,레저스포츠,수상레저스포츠
가평,2024,8,2024-08,282,경기도,가평군,두밀리낚시터,14,가평 2024_08.csv,레저스포츠,수상레저스포츠
가평,2024,8,2024-08,282,경기도,가평군,옥수유원지,14,가평 2024_08.csv,문화관광,복합관광시설
가평,2024,8,2024-08,282,경기도,가평군,호명산,14,가평 2024_08.csv,자연관광,자연경관(산)
가평,2024,8,2024-08,289,경기도,가평군,북한강유원지,13,가평 2024_08.csv,문화관광,복합관광시설
가평,2024,8,2024-08,289,경기도,가평군,설미재미술관,13,가평 2024_08.csv,문화관광,전시시설
가평,2024,8,2024-08,289,경기도,가평군,성주사,13,가평 2024_08.csv,역사관광,종교성지
가평,2024,8,2024-08,292,경기도,가평군,클럽모아나,12,가평 2024_08.csv,레저스포츠,수상레저스포츠
가평,2024,8,2024-08,292,경기도,가평군,꽃보다포도농원,12,가평 2024_08.csv,체험관광,농/산/어촌체험
가평,2024,8,2024-08,292,경기도,가평군,어비산,12,가평 2024_08.csv,자연관광,자연경관(산)
가평,2024,8,2024-08,292,경기도,가평군,고동산계곡,12,가평 2024_08.csv,자연관광,자연경관(산)
가평,2024,8,2024-08,292,경기도,가평군,보납정,12,가평 2024_08.csv,레저스포츠,육상레저스포츠
가평,2024,8,2024-08,292,경기도,가평군,청평스포랜드번지점프장,12,가평 2024_08.csv,레저스포츠,육상레저스포츠
가평,2024,8,2024-08,292,경기도,가평군,텃바위유원지,12,가평 2024_08.csv,문화관광,복합관광시설
가평,2024,8,2024-08,292,경기도,가평군,백자동유원지,12,가평 2024_08.csv,문화관광,복합관광시설
가평,2024,8,2024-08,292,경기도,가평군,클럽S2,12,가평 2024_08.csv,레저스포츠,수상레저스포츠
가평,2024,8,2024-08,292,경기도,가평군,소락개휴양림,12,가평 2024_08.csv,자연관광,자연공원
가평,2024,8,2024-08,302,경기도,가평군,연인산명품계곡길출렁다리,11,가평 2024_08.csv,기타관광,기타관광
가평,2024,8,2024-08,302,경기도,가평군,이방실장군묘,11,가평 2024_08.csv,역사관광,역사유적지
가평,2024,8,2024-08,302,경기도,가평군,청평캠프,11,가평 2024_08.csv,레저스포츠,기타레저스포츠
가평,2024,8,2024-08,302,경기도,가평군,무송암,11,가평 2024_08.csv,문화관광,복합관광시설
가평,2024,8,2024-08,306,경기도,가평군,반딧불이서식생태공원,10,가평 2024_08.csv,문화관광,도시공원
가평,2024,8,2024-08,306,경기도,가평군,용추쉼터,10,가평 2024_08.csv,기타관광,기타관광
가평,2024,8,2024-08,306,경기도,가평군,연화세계,10,가평 2024_08.csv,역사관광,종교성지
가평,2024,8,2024-08,306,경기도,가평군,지영수상스키장,10,가평 2024_08.csv,레저스포츠,수상레저스포츠
가평,2024,8,2024-08,306,경기도,가평군,광법사,10,가평 2024_08.csv,역사관광,종교성지
가평,2024,8,2024-08,306,경기도,가평군,신청평대교야구장,10,가평 2024_08.csv,문화관광,레저스포츠시설
가평,2024,8,2024-08,306,경기도,가평군,청평첫집,10,가평 2024_08.csv,레저스포츠,수상레저스포츠
가평,2024,8,2024-08,306,경기도,가평군,해별달사과,10,가평 2024_08.csv,체험관광,농/산/어촌체험
가평,2024,8,2024-08,306,경기도,가평군,희망축구전용구장,10,가평 2024_08.csv,문화관광,레저스포츠시설
가평,2024,8,2024-08,306,경기도,가평군,자라섬리버마켓,10,가평 2024_08.csv,쇼핑,시장
가평,2024,8,2024-08,306,경기도,가평군,파로티아워터하우스수상레저,10,가평 2024_08.csv,레저스포츠,수상레저스포츠
가평,2024,8,2024-08,306,경기도,가평군,더스테이힐링파크알파와앵무,10,가평 2024_08.csv,문화관광,테마공원
가평,2024,8,2024-08,318,경기도,가평군,가평빠지임팩트수상레저,9,가평 2024_08.csv,레저스포츠,수상레저스포츠
가평,2024,8,2024-08,318,경기도,가평군,거림네유원지,9,가평 2024_08.csv,문화관광,복합관광시설
가평,2024,8,2024-08,318,경기도,가평군,수덕산약수터,9,가평 2024_08.csv,자연관광,자연경관(산)
가평,2024,8,2024-08,318,경기도,가평군,운곡암,9,가평 2024_08.csv,역사관광,종교성지
가평,2024,8,2024-08,318,경기도,가평군,가평낚시터,9,가평 2024_08.csv,레저스포츠,수상레저스포츠
가평,2024,8,2024-08,318,경기도,가평군,현종사,9,가평 2024_08.csv,역사관광,종교성지
가평,2024,8,2024-08,324,경기도,가평군,상천루,8,가평 2024_08.csv,문화관광,도시공원
가평,2024,8,2024-08,324,경기도,가평군,아침마루공원,8,가평 2024_08.csv,문화관광,도시공원
가평,2024,8,2024-08,324,경기도,가평군,일칠일관광농원,8,가평 2024_08.csv,체험관광,농/산/어촌체험
가평,2024,8,2024-08,324,경기도,가평군,가림미술관,8,가평 2024_08.csv,문화관광,전시시설
가평,2024,8,2024-08,324,경기도,가평군,구원사,8,가평 2024_08.csv,역사관광,종교성지
가평,2024,8,2024-08,324,경기도,가평군,코스모피아천문대,8,가평 2024_08.csv,문화관광,랜드마크관광
가평,2024,8,2024-08,324,경기도,가평군,안골계곡,8,가평 2024_08.csv,자연관광,자연경관(산)
가평,2024,8,2024-08,324,경기도,가평군,상록수유원지,8,가평 2024_08.csv,문화관광,복합관광시설
가평,2024,8,2024-08,324,경기도,가평군,서호유원지,8,가평 2024_08.csv,문화관광,복합관광시설
가평,2024,8,2024-08,324,경기도,가평군,락마리나수상스키장,8,가평 2024_08.csv,레저스포츠,수상레저스포츠
가평,2024,8,2024-08,324,경기도,가평군,본각사,8,가평 2024_08.csv,역사관광,종교성지
가평,2024,8,2024-08,324,경기도,가평군,성관사,8,가평 2024_08.csv,역사관광,종교성지
가평,2024,8,2024-08,336,경기도,가평군,대성리벚꽃길,7,가평 2024_08.csv,기타관광,기타관광
가평,2024,8,2024-08,336,경기도,가평군,가평연인랜드,7,가평 2024_08.csv,체험관광,농/산/어촌체험
가평,2024,8,2024-08,336,경기도,가평군,운악산용수사,7,가평 2024_08.csv,역사관광,종교성지
가평,2024,8,2024-08,336,경기도,가평군,가평수상레저빠지놀러와,7,가평 2024_08.csv,레저스포츠,수상레저스포츠
가평,2024,8,2024-08,336,경기도,가평군,은행나무낚시공원,7,가평 2024_08.csv,레저스포츠,수상레저스포츠
가평,2024,8,2024-08,336,경기도,가평군,이정구선생묘,7,가평 2024_08.csv,역사관광,역사유적지
가평,2024,8,2024-08,336,경기도,가평군,밤나무골유원지,7,가평 2024_08.csv,문화관광,복합관광시설
가평,2024,8,2024-08,336,경기도,가평군,대성낚시터,7,가평 2024_08.csv,레저스포츠,수상레저스포츠
가평,2024,8,2024-08,336,경기도,가평군,녹수동산유원지,7,가평 2024_08.csv,문화관광,복합관광시설
가평,2024,8,2024-08,336,경기도,가평군,상천저수지,7,가평 2024_08.csv,자연관광,자연경관(하천/해양)
가평,2024,8,2024-08,336,경기도,가평군,흥국사,7,가평 2024_08.csv,역사관광,종교성지
가평,2024,8,2024-08,336,경기도,가평군,홍적고개,7,가평 2024_08.csv,자연관광,자연경관(산)
가평,2024,8,2024-08,336,경기도,가평군,안골유원지,7,가평 2024_08.csv,문화관광,복합관광시설
가평,2024,8,2024-08,349,경기도,가평군,가평군관공선선착장,6,가평 2024_08.csv,기타관광,교통시설
가평,2024,8,2024-08,349,경기도,가평군,가평그린육묘장,6,가평 2024_08.csv,체험관광,농/산/어촌체험
가평,2024,8,2024-08,349,경기도,가평군,자라섬황톳길,6,가평 2024_08.csv,레저스포츠,기타레저스포츠
가평,2024,8,2024-08,349,경기도,가평군,일지안호범미술관,6,가평 2024_08.csv,문화관광,전시시설
가평,2024,8,2024-08,349,경기도,가평군,용문산전투가평지구전적비,6,가평 2024_08.csv,역사관광,역사유물
가평,2024,8,2024-08,349,경기도,가평군,운악산가평현등사방면,6,가평 2024_08.csv,자연관광,자연경관(산)
가평,2024,8,2024-08,349,경기도,가평군,경반사,6,가평 2024_08.csv,역사관광,종교성지
가평,2024,8,2024-08,349,경기도,가평군,관음사,6,가평 2024_08.csv,역사관광,종교성지
가평,2024,8,2024-08,349,경기도,가평군,유스토리청소년수련원,6,가평 2024_08.csv,레저스포츠,육상레저스포츠
가평,2024,8,2024-08,349,경기도,가평군,장재울계곡,6,가평 2024_08.csv,자연관광,자연경관(산)
가평,2024,8,2024-08,349,경기도,가평군,어항소유원지,6,가평 2024_08.csv,문화관광,복합관광시설
가평,2024,8,2024-08,349,경기도,가평군,오리나무유원지,6,가평 2024_08.csv,문화관광,복합관광시설
가평,2024,8,2024-08,349,경기도,가평군,가평탑수상레저,6,가평 2024_08.csv,레저스포츠,수상레저스포츠
가평,2024,8,2024-08,349,경기도,가평군,보납산전망대,6,가평 2024_08.csv,문화관광,랜드마크관광
가평,2024,8,2024-08,349,경기도,가평군,현대집,6,가평 2024_08.csv,레저스포츠,수상레저스포츠
가평,2024,8,2024-08,349,경기도,가평군,불기고개,6,가평 2024_08.csv,자연관광,자연경관(산)
가평,2024,8,2024-08,349,경기도,가평군,독바위유원지,6,가평 2024_08.csv,문화관광,복합관광시설
가평,2024,8,2024-08,349,경기도,가평군,가평군 북면 오목골,6,가평 2024_08.csv,문화관광,도시/지역문화관광
가평,2024,8,2024-08,367,경기도,가평군,일광사,5,가평 2024_08.csv,역사관광,종교성지
가평,2024,8,2024-08,367,경기도,가평군,조무락골친수공원,5,가평 2024_08.csv,문화관광,도시공원
가평,2024,8,2024-08,367,경기도,가평군,가평화랑유원지,5,가평 2024_08.csv,문화관광,복합관광시설
가평,2024,8,2024-08,367,경기도,가평군,운악산반길이포도원,5,가평 2024_08.csv,체험관광,농/산/어촌체험
가평,2024,8,2024-08,371,경기도,가평군,씨브이리조트,4,가평 2024_08.csv,레저스포츠,수상레저스포츠
가평,2024,8,2024-08,371,경기도,가평군,산림복합체험센터,4,가평 2024_08.csv,문화관광,기타문화관광지
가평,2024,8,2024-08,371,경기도,가평군,뫼오름농원,4,가평 2024_08.csv,체험관광,농/산/어촌체험
가평,2024,8,2024-08,371,경기도,가평군,설악낚시터,4,가평 2024_08.csv,레저스포츠,수상레저스포츠
가평,2024,8,2024-08,371,경기도,가평군,조종암,4,가평 2024_08.csv,역사관광,역사유적지
가평,2024,8,2024-08,371,경기도,가평군,캐나다전투기념비,4,가평 2024_08.csv,역사관광,역사유물
가평,2024,8,2024-08,371,경기도,가평군,가평약수터,4,가평 2024_08.csv,자연관광,자연경관(산)
가평,2024,8,2024-08,371,경기도,가평군,금강사,4,가평 2024_08.csv,역사관광,종교성지
가평,2024,8,2024-08,371,경기도,가평군,호반수상레저,4,가평 2024_08.csv,레저스포츠,수상레저스포츠
가평,2024,8,2024-08,371,경기도,가평군,수동목장,4,가평 2024_08.csv,체험관광,농/산/어촌체험
가평,2024,8,2024-08,371,경기도,가평군,계곡유원지,4,가평 2024_08.csv,문화관광,복합관광시설
가평,2024,8,2024-08,371,경기도,가평군,조무락골유원지,4,가평 2024_08.csv,문화관광,복합관광시설
가평,2024,8,2024-08,371,경기도,가평군,점프노리경기가평점,4,가평 2024_08.csv,문화관광,테마공원
가평,2024,8,2024-08,371,경기도,가평군,마콤갤러리,4,가평 2024_08.csv,문화관광,전시시설
가평,2024,8,2024-08,371,경기도,가평군,이시스수상레저,4,가평 2024_08.csv,레저스포츠,수상레저스포츠
가평,2024,8,2024-08,371,경기도,가평군,가평리틀야구장,4,가평 2024_08.csv,문화관광,레저스포츠시설
가평,2024,8,2024-08,387,경기도,가평군,수궁유원지,3,가평 2024_08.csv,문화관광,복합관광시설
가평,2024,8,2024-08,387,경기도,가평군,동보농원,3,가평 2024_08.csv,체험관광,농/산/어촌체험
가평,2024,8,2024-08,387,경기도,가평군,사그막농원,3,가평 2024_08.csv,체험관광,농/산/어촌체험
가평,2024,8,2024-08,387,경기도,가평군,오뚜기령,3,가평 2024_08.csv,자연관광,자연경관(산)
가평,2024,8,2024-08,387,경기도,가평군,가평레저파크,3,가평 2024_08.csv,레저스포츠,기타레저스포츠
가평,2024,8,2024-08,387,경기도,가평군,이지서프웨이크서핑,3,가평 2024_08.csv,레저스포츠,수상레저스포츠
가평,2024,8,2024-08,387,경기도,가평군,바르도수상레저,3,가평 2024_08.csv,레저스포츠,수상레저스포츠
가평,2024,8,2024-08,387,경기도,가평군,스프레드프리다이빙,3,가평 2024_08.csv,레저스포츠,수상레저스포츠
가평,2024,8,2024-08,387,경기도,가평군,사공일샵,3,가평 2024_08.csv,체험관광,공예체험
가평,2024,8,2024-08,387,경기도,가평군,쁘띠프랑스베니스가면축제,3,가평 2024_08.csv,문화관광,기타문화관광지
가평,2024,8,2024-08,387,경기도,가평군,M4서바이벌사격게임장,3,가평 2024_08.csv,레저스포츠,육상레저스포츠
가평,2024,8,2024-08,387,경기도,가평군,하곡운악산포도농원,3,가평 2024_08.csv,체험관광,농/산/어촌체험
가평,2024,8,2024-08,387,경기도,가평군,아침고요체험살피꽃다방,3,가평 2024_08.csv,레저스포츠,기타레저스포츠
가평,2024,8,2024-08,387,경기도,가평군,자라섬관광안내소,3,가평 2024_08.csv,기타관광,기타관광
가평,2024,8,2024-08,387,경기도,가평군,양진나루선착장,3,가평 2024_08.csv,기타관광,교통시설
가평,2024,8,2024-08,387,경기도,가평군,강씨봉,3,가평 2024_08.csv,자연관광,자연경관(산)
가평,2024,8,2024-08,387,경기도,가평군,수림타운,3,가평 2024_08.csv,레저스포츠,육상레저스포츠
가평,2024,8,2024-08,387,경기도,가평군,봉미산,3,가평 2024_08.csv,자연관광,자연경관(산)
가평,2024,8,2024-08,387,경기도,가평군,수림농원,3,가평 2024_08.csv,체험관광,농/산/어촌체험
가평,2024,8,2024-08,387,경기도,가평군,대성사,3,가평 2024_08.csv,역사관광,종교성지
가평,2024,8,2024-08,387,경기도,가평군,중앙종묘사,3,가평 2024_08.csv,쇼핑,시장
가평,2024,8,2024-08,387,경기도,가평군,귀목봉,3,가평 2024_08.csv,자연관광,자연경관(산)
가평,2024,8,2024-08,387,경기도,가평군,가족유원지,3,가평 2024_08.csv,문화관광,복합관광시설
가평,2024,8,2024-08,387,경기도,가평군,하얀유원지,3,가평 2024_08.csv,문화관광,복합관광시설
가평,2024,8,2024-08,387,경기도,가평군,버드나무유원지,3,가평 2024_08.csv,문화관광,복합관광시설
가평,2024,8,2024-08,387,경기도,가평군,가평올레북한강강변길,3,가평 2024_08.csv,레저스포츠,기타레저스포츠
가평,2024,8,2024-08,387,경기도,가평군,레이크카운티,3,가평 2024_08.csv,레저스포츠,수상레저스포츠
가평,2024,8,2024-08,387,경기도,가평군,라인247수상레저,3,가평 2024_08.csv,레저스포츠,수상레저스포츠
가평,2024,8,2024-08,387,경기도,가평군,자라섬테마파크,3,가평 2024_08.csv,레저스포츠,수상레저스포츠
가평,2024,8,2024-08,387,경기도,가평군,라온수상레져,3,가평 2024_08.csv,레저스포츠,수상레저스포츠
가평,2024,8,2024-08,387,경기도,가평군,효심사,3,가평 2024_08.csv,역사관광,종교성지
가평,2024,8,2024-08,387,경기도,가평군,국가대표수상레저,3,가평 2024_08.csv,레저스포츠,수상레저스포츠
가평,2024,8,2024-08,387,경기도,가평군,마트1번가,3,가평 2024_08.csv,쇼핑,쇼핑몰
가평,2024,8,2024-08,387,경기도,가평군,더스테이힐링파크와일드가든,3,가평 2024_08.csv,문화관광,도시공원
가평,2024,8,2024-08,387,경기도,가평군,늘푸른유원지,3,가평 2024_08.csv,문화관광,복합관광시설
가평,2024,8,2024-08,387,경기도,가평군,지장사,3,가평 2024_08.csv,역사관광,종교성지
가평,2024,8,2024-08,387,경기도,가평군,연진농원,3,가평 2024_08.csv,체험관광,농/산/어촌체험
가평,2024,8,2024-08,387,경기도,가평군,기름진멜로촬영지(W홀스랜드),3,가평 2024_08.csv,문화관광,기타문화관광지
가평,2024,8,2024-08,387,경기도,가평군,비바수상레저,3,가평 2024_08.csv,레저스포츠,수상레저스포츠
가평,2024,8,2024-08,387,경기도,가평군,가평군 북면 신촌말,3,가평 2024_08.csv,문화관광,도시/지역문화관광
가평,2024,9,2024-09,1,경기도,가평군,자라섬,9814,가평 2024_09.csv,자연관광,자연경관(하천/해양)
가평,2024,9,2024-09,2,경기도,가평군,남이섬선착장,9068,가평 2024_09.csv,기타관광,교통시설
가평,2024,9,2024-09,3,경기도,가평군,남이섬,8839,가평 2024_09.csv,자연관광,자연경관(하천/해양)
가평,2024,9,2024-09,4,경기도,가평군,아침고요수목원,6997,가평 2024_09.csv,문화관광,테마공원
가평,2024,9,2024-09,5,경기도,가평군,가평베네스트GC,6514,가평 2024_09.csv,레저스포츠,육상레저스포츠
가평,2024,9,2024-09,6,경기도,가평군,청평역,6176,가평 2024_09.csv,기타관광,교통시설
가평,2024,9,2024-09,7,경기도,가평군,썬힐GC,6016,가평 2024_09.csv,레저스포츠,육상레저스포츠
가평,2024,9,2024-09,8,경기도,가평군,아난티코드골프클럽,5323,가평 2024_09.csv,레저스포츠,육상레저스포츠
가평,2024,9,2024-09,9,경기도,가평군,프리스틴밸리GC,4593,가평 2024_09.csv,레저스포츠,육상레저스포츠
가평,2024,9,2024-09,10,경기도,가평군,베뉴지CC,4370,가평 2024_09.csv,레저스포츠,육상레저스포츠
가평,2024,9,2024-09,11,경기도,가평군,크리스탈밸리CC,4076,가평 2024_09.csv,레저스포츠,육상레저스포츠
가평,2024,9,2024-09,12,경기도,가평군,리앤리CC,4015,가평 2024_09.csv,레저스포츠,육상레저스포츠
가평,2024,9,2024-09,13,경기도,가평군,대성리역,3750,가평 2024_09.csv,기타관광,교통시설
가평,2024,9,2024-09,14,경기도,가평군,유명산자연휴양림,3688,가평 2024_09.csv,자연관광,자연공원
가평,2024,9,2024-09,15,경기도,가평군,마이다스밸리청평 골프클럽,2969,가평 2024_09.csv,레저스포츠,육상레저스포츠
가평,2024,9,2024-09,16,경기도,가평군,현리시외버스터미널,2686,가평 2024_09.csv,기타관광,교통시설
가평,2024,9,2024-09,17,경기도,가평군,쁘띠프랑스,2614,가평 2024_09.csv,문화관광,복합관광시설
가평,2024,9,2024-09,18,경기도,가평군,가평베고니아새정원,2465,가평 2024_09.csv,문화관광,테마공원
가평,2024,9,2024-09,19,경기도,가평군,아침고요가족동물원,2181,가평 2024_09.csv,문화관광,테마공원
가평,2024,9,2024-09,20,경기도,가평군,경기도잣향기푸른숲,1855,가평 2024_09.csv,자연관광,자연공원
가평,2024,9,2024-09,21,경기도,가평군,자라섬꽃페스타,1656,가평 2024_09.csv,문화관광,기타문화관광지
가평,2024,9,2024-09,22,경기도,가평군,가평시외버스터미널,1483,가평 2024_09.csv,기타관광,교통시설
가평,2024,9,2024-09,23,경기도,가평군,에델바이스스위스테마파크,1395,가평 2024_09.csv,문화관광,테마공원
가평,2024,9,2024-09,24,경기도,가평군,신비동물원,1325,가평 2024_09.csv,문화관광,테마공원
가평,2024,9,2024-09,25,경기도,가평군,강촌레일파크가평역,1322,가평 2024_09.csv,레저스포츠,기타레저스포츠
가평,2024,9,2024-09,26,경기도,가평군,청평시외버스터미널,1240,가평 2024_09.csv,기타관광,교통시설
가평,2024,9,2024-09,27,경기도,가평군,용추계곡,1101,가평 2024_09.csv,자연관광,자연경관(산)
가평,2024,9,2024-09,28,경기도,가평군,상천역,817,가평 2024_09.csv,기타관광,교통시설
가평,2024,9,2024-09,29,경기도,가평군,산장관광지,777,가평 2024_09.csv,문화관광,복합관광시설
가평,2024,9,2024-09,30,경기도,가평군,캠프통포레스트,732,가평 2024_09.csv,레저스포츠,수상레저스포츠
가평,2024,9,2024-09,31,경기도,가평군,가평파크골프장,690,가평 2024_09.csv,레저스포츠,육상레저스포츠
가평,2024,9,2024-09,32,경기도,가평군,청심평화월드센터,665,가평 2024_09.csv,문화관광,공연시설
가평,2024,9,2024-09,33,경기도,가평군,K26잠수풀,661,가평 2024_09.csv,레저스포츠,수상레저스포츠
가평,2024,9,2024-09,34,경기도,가평군,음악역1939,631,가평 2024_09.csv,문화관광,기타문화관광지
가평,2024,9,2024-09,35,경기도,가평군,청평호반드라이브코스,589,가평 2024_09.csv,기타관광,데이트코스
가평,2024,9,2024-09,36,경기도,가평군,녹수계곡,580,가평 2024_09.csv,자연관광,자연경관(산)
가평,2024,9,2024-09,37,경기도,가평군,잣고을전통시장,564,가평 2024_09.csv,쇼핑,시장
가평,2024,9,2024-09,38,경기도,가평군,청평자연휴양림,552,가평 2024_09.csv,자연관광,자연공원
가평,2024,9,2024-09,39,경기도,가평군,가평별빛공원,531,가평 2024_09.csv,문화관광,도시공원
가평,2024,9,2024-09,40,경기도,가평군,현등사,518,가평 2024_09.csv,역사관광,종교성지
가평,2024,9,2024-09,41,경기도,가평군,설악시외버스터미널,502,가평 2024_09.csv,기타관광,교통시설
가평,2024,9,2024-09,42,경기도,가평군,강씨봉자연휴양림,488,가평 2024_09.csv,자연관광,자연공원
가평,2024,9,2024-09,43,경기도,가평군,호명호수,486,가평 2024_09.csv,자연관광,자연경관(하천/해양)
가평,2024,9,2024-09,43,경기도,가평군,모비딕수상레저,486,가평 2024_09.csv,레저스포츠,수상레저스포츠
가평,2024,9,2024-09,45,경기도,가평군,한국초콜릿연구소뮤지엄,472,가평 2024_09.csv,문화관광,전시시설
가평,2024,9,2024-09,46,경기도,가평군,남도꽃정원,461,가평 2024_09.csv,문화관광,도시공원
가평,2024,9,2024-09,47,경기도,가평군,칼봉산자연휴양림,439,가평 2024_09.csv,자연관광,자연공원
가평,2024,9,2024-09,48,경기도,가평군,어비계곡,424,가평 2024_09.csv,자연관광,자연경관(산)
가평,2024,9,2024-09,49,경기도,가평군,이탈리아마을 피노키오와다빈치,417,가평 2024_09.csv,문화관광,복합관광시설
가평,2024,9,2024-09,50,경기도,가평군,꿈의동산,397,가평 2024_09.csv,문화관광,복합관광시설
가평,2024,9,2024-09,51,경기도,가평군,청심국제청소년수련원,391,가평 2024_09.csv,레저스포츠,육상레저스포츠
가평,2024,9,2024-09,52,경기도,가평군,청평호,387,가평 2024_09.csv,자연관광,자연경관(하천/해양)
가평,2024,9,2024-09,53,경기도,가평군,가평크루즈,340,가평 2024_09.csv,레저스포츠,기타레저스포츠
가평,2024,9,2024-09,54,경기도,가평군,도대리용소폭포,306,가평 2024_09.csv,자연관광,자연경관(산)
가평,2024,9,2024-09,55,경기도,가평군,백련사,294,가평 2024_09.csv,역사관광,종교성지
가평,2024,9,2024-09,56,경기도,가평군,가평브릿지짚라인,293,가평 2024_09.csv,레저스포츠,기타레저스포츠
가평,2024,9,2024-09,57,경기도,가평군,호명호수공원,282,가평 2024_09.csv,문화관광,도시공원
가평,2024,9,2024-09,58,경기도,가평군,아이언수상레저,256,가평 2024_09.csv,레저스포츠,기타레저스포츠
가평,2024,9,2024-09,59,경기도,가평군,용소폭포,253,가평 2024_09.csv,자연관광,자연경관(산)
가평,2024,9,2024-09,60,경기도,가평군,도장골낚시터,248,가평 2024_09.csv,레저스포츠,수상레저스포츠
가평,2024,9,2024-09,61,경기도,가평군,가평TOP랜드,241,가평 2024_09.csv,레저스포츠,수상레저스포츠
가평,2024,9,2024-09,62,경기도,가평군,운악산,239,가평 2024_09.csv,자연관광,자연경관(산)
가평,2024,9,2024-09,63,경기도,가평군,수영인의마을,233,가평 2024_09.csv,레저스포츠,수상레저스포츠
가평,2024,9,2024-09,64,경기도,가평군,명지계곡,222,가평 2024_09.csv,자연관광,자연경관(산)
가평,2024,9,2024-09,65,경기도,가평군,운악산출렁다리,215,가평 2024_09.csv,기타관광,기타관광
가평,2024,9,2024-09,66,경기도,가평군,조무락계곡,212,가평 2024_09.csv,자연관광,자연경관(산)
가평,2024,9,2024-09,67,경기도,가평군,말리부수상레저,211,가평 2024_09.csv,레저스포츠,기타레저스포츠
가평,2024,9,2024-09,68,경기도,가평군,대성리국민관광지,206,가평 2024_09.csv,문화관광,복합관광시설
가평,2024,9,2024-09,69,경기도,가평군,목동버스터미널,200,가평 2024_09.csv,기타관광,교통시설
가평,2024,9,2024-09,70,경기도,가평군,자이언트수상레저리조트,189,가평 2024_09.csv,레저스포츠,수상레저스포츠
가평,2024,9,2024-09,71,경기도,가평군,스카이라인짚와이어,185,가평 2024_09.csv,문화관광,복합관광시설
가평,2024,9,2024-09,72,경기도,가평군,가평빠지클럽비발디,182,가평 2024_09.csv,레저스포츠,수상레저스포츠
가평,2024,9,2024-09,73,경기도,가평군,청춘역1979,179,가평 2024_09.csv,문화관광,도시공원
가평,2024,9,2024-09,74,경기도,가평군,탑코리아수상레저,175,가평 2024_09.csv,레저스포츠,수상레저스포츠
가평,2024,9,2024-09,75,경기도,가평군,물조은빠지,174,가평 2024_09.csv,레저스포츠,수상레저스포츠
가평,2024,9,2024-09,76,경기도,가평군,이화원,172,가평 2024_09.csv,문화관광,도시공원
가평,2024,9,2024-09,76,경기도,가평군,르푸앙수상레져,172,가평 2024_09.csv,레저스포츠,수상레저스포츠
가평,2024,9,2024-09,78,경기도,가평군,리버랜드번지점프장,170,가평 2024_09.csv,레저스포츠,육상레저스포츠
가평,2024,9,2024-09,79,경기도,가평군,대원사,168,가평 2024_09.csv,역사관광,종교성지
가평,2024,9,2024-09,80,경기도,가평군,더스테이힐링파크링스파3골프장,166,가평 2024_09.csv,레저스포츠,육상레저스포츠
가평,2024,9,2024-09,81,경기도,가평군,아루바수상레저,164,가평 2024_09.csv,레저스포츠,기타레저스포츠
가평,2024,9,2024-09,82,경기도,가평군,청평생활체육공원,156,가평 2024_09.csv,문화관광,도시공원
가평,2024,9,2024-09,83,경기도,가평군,가일미술관,152,가평 2024_09.csv,문화관광,전시시설
가평,2024,9,2024-09,84,경기도,가평군,바하마수상레포츠,147,가평 2024_09.csv,레저스포츠,수상레저스포츠
가평,2024,9,2024-09,85,경기도,가평군,이지수상레져,146,가평 2024_09.csv,레저스포츠,기타레저스포츠
가평,2024,9,2024-09,86,경기도,가평군,천정궁박물관,145,가평 2024_09.csv,문화관광,전시시설
가평,2024,9,2024-09,87,경기도,가평군,빠져수상레저,140,가평 2024_09.csv,레저스포츠,수상레저스포츠
가평,2024,9,2024-09,88,경기도,가평군,상면생활체육공원,138,가평 2024_09.csv,문화관광,도시공원
가평,2024,9,2024-09,89,경기도,가평군,유명산,137,가평 2024_09.csv,자연관광,자연경관(산)
가평,2024,9,2024-09,90,경기도,가평군,조종시네마,136,가평 2024_09.csv,문화관광,공연시설
가평,2024,9,2024-09,90,경기도,가평군,청평5일시장,136,가평 2024_09.csv,쇼핑,시장
가평,2024,9,2024-09,92,경기도,가평군,서프앤,135,가평 2024_09.csv,레저스포츠,수상레저스포츠
가평,2024,9,2024-09,93,경기도,가평군,운악산성불사,134,가평 2024_09.csv,역사관광,종교성지
가평,2024,9,2024-09,93,경기도,가평군,호명산드라이브코스,134,가평 2024_09.csv,기타관광,데이트코스
가평,2024,9,2024-09,95,경기도,가평군,대성수상레저,129,가평 2024_09.csv,레저스포츠,수상레저스포츠
가평,2024,9,2024-09,95,경기도,가평군,맨하탄수상레져,129,가평 2024_09.csv,레저스포츠,수상레저스포츠
가평,2024,9,2024-09,97,경기도,가평군,호수유원지,128,가평 2024_09.csv,기타관광,기타관광
가평,2024,9,2024-09,97,경기도,가평군,캠프통아일랜드,128,가평 2024_09.csv,레저스포츠,수상레저스포츠
가평,2024,9,2024-09,99,경기도,가평군,버드마리나수상레저,126,가평 2024_09.csv,레저스포츠,기타레저스포츠
가평,2024,9,2024-09,99,경기도,가평군,워터피아수상레저,126,가평 2024_09.csv,레저스포츠,수상레저스포츠
가평,2024,9,2024-09,101,경기도,가평군,오페라하우스수상레저,124,가평 2024_09.csv,레저스포츠,수상레저스포츠
가평,2024,9,2024-09,102,경기도,가평군,자라섬생태공원,121,가평 2024_09.csv,문화관광,도시공원
가평,2024,9,2024-09,103,경기도,가평군,가평레져카트장,119,가평 2024_09.csv,레저스포츠,기타레저스포츠
가평,2024,9,2024-09,104,경기도,가평군,가평정기5일시장,112,가평 2024_09.csv,쇼핑,시장
가평,2024,9,2024-09,105,경기도,가평군,크라운수상레저,108,가평 2024_09.csv,레저스포츠,수상레저스포츠
가평,2024,9,2024-09,106,경기도,가평군,가평뮤직빌리지1939시네마,106,가평 2024_09.csv,문화관광,공연시설
가평,2024,9,2024-09,107,경기도,가평군,워터플레이,104,가평 2024_09.csv,레저스포츠,수상레저스포츠
가평,2024,9,2024-09,108,경기도,가평군,클럽이글스수상레저,100,가평 2024_09.csv,레저스포츠,기타레저스포츠
가평,2024,9,2024-09,108,경기도,가평군,청평유원지,100,가평 2024_09.csv,문화관광,복합관광시설
가평,2024,9,2024-09,110,경기도,가평군,화악산,99,가평 2024_09.csv,자연관광,자연경관(산)
가평,2024,9,2024-09,111,경기도,가평군,웨이크베이리조트,97,가평 2024_09.csv,레저스포츠,기타레저스포츠
가평,2024,9,2024-09,112,경기도,가평군,자라섬워터파크,94,가평 2024_09.csv,문화관광,테마공원
가평,2024,9,2024-09,113,경기도,가평군,연인산명품계곡길,93,가평 2024_09.csv,레저스포츠,기타레저스포츠
가평,2024,9,2024-09,113,경기도,가평군,화악계곡,93,가평 2024_09.csv,자연관광,자연경관(산)
가평,2024,9,2024-09,113,경기도,가평군,W홀스랜드,93,가평 2024_09.csv,레저스포츠,육상레저스포츠
가평,2024,9,2024-09,116,경기도,가평군,설악5일장,92,가평 2024_09.csv,쇼핑,시장
가평,2024,9,2024-09,117,경기도,가평군,경기도잣향기푸른숲안내매표소,90,가평 2024_09.csv,기타관광,기타관광
가평,2024,9,2024-09,118,경기도,가평군,청평호수길,89,가평 2024_09.csv,기타관광,기타관광
가평,2024,9,2024-09,118,경기도,가평군,헤이븐,89,가평 2024_09.csv,레저스포츠,수상레저스포츠
가평,2024,9,2024-09,120,경기도,가평군,운악산반길이포도원,88,가평 2024_09.csv,체험관광,농/산/어촌체험
가평,2024,9,2024-09,121,경기도,가평군,항아리바위계곡,87,가평 2024_09.csv,자연관광,자연경관(산)
가평,2024,9,2024-09,122,경기도,가평군,이슬라이브페스티벌,86,가평 2024_09.csv,문화관광,기타문화관광지
가평,2024,9,2024-09,123,경기도,가평군,가평수목원,84,가평 2024_09.csv,자연관광,자연공원
가평,2024,9,2024-09,124,경기도,가평군,트니트니어드벤처,83,가평 2024_09.csv,문화관광,테마공원
가평,2024,9,2024-09,124,경기도,가평군,현리유원지,83,가평 2024_09.csv,문화관광,복합관광시설
가평,2024,9,2024-09,124,경기도,가평군,자라섬리버마켓,83,가평 2024_09.csv,쇼핑,시장
가평,2024,9,2024-09,127,경기도,가평군,가평빠지이비자수상레저,82,가평 2024_09.csv,레저스포츠,수상레저스포츠
가평,2024,9,2024-09,128,경기도,가평군,명지산생태전시관,81,가평 2024_09.csv,문화관광,전시시설
가평,2024,9,2024-09,129,경기도,가평군,가평종합운동장야구장,75,가평 2024_09.csv,문화관광,레저스포츠시설
가평,2024,9,2024-09,129,경기도,가평군,산유낚시터,75,가평 2024_09.csv,레저스포츠,수상레저스포츠
가평,2024,9,2024-09,131,경기도,가평군,달마공원관음사,74,가평 2024_09.csv,역사관광,종교성지
가평,2024,9,2024-09,131,경기도,가평군,조종생활체육공원,74,가평 2024_09.csv,문화관광,도시공원
가평,2024,9,2024-09,131,경기도,가평군,금개울유원지,74,가평 2024_09.csv,문화관광,복합관광시설
가평,2024,9,2024-09,134,경기도,가평군,가평군어린이음악놀이터,73,가평 2024_09.csv,문화관광,테마공원
가평,2024,9,2024-09,135,경기도,가평군,북면생활체육공원,72,가평 2024_09.csv,문화관광,도시공원
가평,2024,9,2024-09,135,경기도,가평군,소풍레저,72,가평 2024_09.csv,레저스포츠,수상레저스포츠
가평,2024,9,2024-09,137,경기도,가평군,유명산계곡,71,가평 2024_09.csv,자연관광,자연경관(산)
가평,2024,9,2024-09,138,경기도,가평군,가평무브베이스볼파크,70,가평 2024_09.csv,문화관광,레저스포츠시설
가평,2024,9,2024-09,139,경기도,가평군,폭포낚시,69,가평 2024_09.csv,레저스포츠,수상레저스포츠
가평,2024,9,2024-09,140,경기도,가평군,설악생활체육공원,68,가평 2024_09.csv,문화관광,도시공원
가평,2024,9,2024-09,141,경기도,가평군,가평빠지아마존수상레저,67,가평 2024_09.csv,레저스포츠,수상레저스포츠
가평,2024,9,2024-09,142,경기도,가평군,자연과별천문대,66,가평 2024_09.csv,기타관광,기타관광
가평,2024,9,2024-09,143,경기도,가평군,현리계곡,65,가평 2024_09.csv,자연관광,자연경관(산)
가평,2024,9,2024-09,144,경기도,가평군,일칠일관광농원,64,가평 2024_09.csv,체험관광,농/산/어촌체험
가평,2024,9,2024-09,145,경기도,가평군,용추계곡유원지,62,가평 2024_09.csv,문화관광,복합관광시설
가평,2024,9,2024-09,145,경기도,가평군,산림생태문화체험단지,62,가평 2024_09.csv,기타관광,기타관광
가평,2024,9,2024-09,147,경기도,가평군,가평현리5일장,61,가평 2024_09.csv,쇼핑,시장
가평,2024,9,2024-09,147,경기도,가평군,썸머타임수상레저,61,가평 2024_09.csv,레저스포츠,수상레저스포츠
가평,2024,9,2024-09,149,경기도,가평군,욜로수상레저,60,가평 2024_09.csv,레저스포츠,수상레저스포츠
가평,2024,9,2024-09,150,경기도,가평군,청평여울시장,59,가평 2024_09.csv,쇼핑,시장
가평,2024,9,2024-09,150,경기도,가평군,하이수상레저이비자1호점,59,가평 2024_09.csv,레저스포츠,수상레저스포츠
가평,2024,9,2024-09,152,경기도,가평군,클럽미사수상레저,58,가평 2024_09.csv,레저스포츠,수상레저스포츠
가평,2024,9,2024-09,152,경기도,가평군,선셋740,58,가평 2024_09.csv,레저스포츠,수상레저스포츠
가평,2024,9,2024-09,152,경기도,가평군,레인보우수상레저,58,가평 2024_09.csv,레저스포츠,수상레저스포츠
가평,2024,9,2024-09,152,경기도,가평군,가평축령산잣나무숲,58,가평 2024_09.csv,자연관광,자연공원
가평,2024,9,2024-09,152,경기도,가평군,상락향수도원,58,가평 2024_09.csv,역사관광,종교성지
가평,2024,9,2024-09,157,경기도,가평군,삼원수상레저,57,가평 2024_09.csv,레저스포츠,기타레저스포츠
가평,2024,9,2024-09,158,경기도,가평군,베니스수상레저,55,가평 2024_09.csv,레저스포츠,수상레저스포츠
가평,2024,9,2024-09,158,경기도,가평군,리버포인트수상레저,55,가평 2024_09.csv,레저스포츠,수상레저스포츠
가평,2024,9,2024-09,158,경기도,가평군,가평에덴벚꽃길,55,가평 2024_09.csv,기타관광,기타관광
가평,2024,9,2024-09,161,경기도,가평군,연인산,52,가평 2024_09.csv,자연관광,자연경관(산)
가평,2024,9,2024-09,162,경기도,가평군,가평역레져,51,가평 2024_09.csv,레저스포츠,기타레저스포츠
가평,2024,9,2024-09,162,경기도,가평군,이정웅스페이스,51,가평 2024_09.csv,문화관광,전시시설
가평,2024,9,2024-09,164,경기도,가평군,이뜨랜수상레저,50,가평 2024_09.csv,레저스포츠,수상레저스포츠
가평,2024,9,2024-09,164,경기도,가평군,레저캠프,50,가평 2024_09.csv,레저스포츠,기타레저스포츠
가평,2024,9,2024-09,164,경기도,가평군,청평리버랜드수상레저,50,가평 2024_09.csv,문화관광,복합관광시설
가평,2024,9,2024-09,164,경기도,가평군,연진농원,50,가평 2024_09.csv,체험관광,농/산/어촌체험
가평,2024,9,2024-09,168,경기도,가평군,취옹예술관,49,가평 2024_09.csv,문화관광,전시시설
가평,2024,9,2024-09,168,경기도,가평군,토마토레저파크,49,가평 2024_09.csv,레저스포츠,기타레저스포츠
가평,2024,9,2024-09,170,경기도,가평군,룰루마린수상레저,48,가평 2024_09.csv,레저스포츠,수상레저스포츠
가평,2024,9,2024-09,170,경기도,가평군,상천낚시터,48,가평 2024_09.csv,레저스포츠,수상레저스포츠
가평,2024,9,2024-09,170,경기도,가평군,조종천계곡,48,가평 2024_09.csv,자연관광,자연경관(산)
가평,2024,9,2024-09,170,경기도,가평군,태은사,48,가평 2024_09.csv,역사관광,종교성지
가평,2024,9,2024-09,174,경기도,가평군,연인산도립공원탐방안내소,46,가평 2024_09.csv,기타관광,기타관광
가평,2024,9,2024-09,175,경기도,가평군,라인수상레저,43,가평 2024_09.csv,레저스포츠,수상레저스포츠
가평,2024,9,2024-09,175,경기도,가평군,떡바위유원지,43,가평 2024_09.csv,문화관광,복합관광시설
가평,2024,9,2024-09,175,경기도,가평군,아레나수상레저,43,가평 2024_09.csv,레저스포츠,수상레저스포츠
가평,2024,9,2024-09,178,경기도,가평군,극락정사,41,가평 2024_09.csv,역사관광,종교성지
가평,2024,9,2024-09,179,경기도,가평군,귀목계곡,40,가평 2024_09.csv,자연관광,자연경관(산)
가평,2024,9,2024-09,180,경기도,가평군,용소유원지,39,가평 2024_09.csv,문화관광,복합관광시설
가평,2024,9,2024-09,181,경기도,가평군,포세이돈,37,가평 2024_09.csv,레저스포츠,수상레저스포츠
가평,2024,9,2024-09,182,경기도,가평군,루시아수상레저,36,가평 2024_09.csv,레저스포츠,수상레저스포츠
가평,2024,9,2024-09,183,경기도,가평군,1호농원,33,가평 2024_09.csv,체험관광,농/산/어촌체험
가평,2024,9,2024-09,184,경기도,가평군,설악생활체육공원축구장,32,가평 2024_09.csv,문화관광,레저스포츠시설
가평,2024,9,2024-09,185,경기도,가평군,어거스트수상레저,31,가평 2024_09.csv,레저스포츠,수상레저스포츠
가평,2024,9,2024-09,185,경기도,가평군,그린수상레져,31,가평 2024_09.csv,레저스포츠,수상레저스포츠
가평,2024,9,2024-09,185,경기도,가평군,운악산관음사,31,가평 2024_09.csv,역사관광,종교성지
가평,2024,9,2024-09,185,경기도,가평군,스마일수상레저,31,가평 2024_09.csv,레저스포츠,수상레저스포츠
가평,2024,9,2024-09,189,경기도,가평군,청평계곡,30,가평 2024_09.csv,자연관광,자연경관(산)
가평,2024,9,2024-09,189,경기도,가평군,크리스월드수상레저,30,가평 2024_09.csv,레저스포츠,수상레저스포츠
가평,2024,9,2024-09,191,경기도,가평군,경반계곡,29,가평 2024_09.csv,자연관광,자연경관(산)
가평,2024,9,2024-09,191,경기도,가평군,백팔유원지,29,가평 2024_09.csv,문화관광,복합관광시설
가평,2024,9,2024-09,191,경기도,가평군,하천리생활체육공원,29,가평 2024_09.csv,문화관광,도시공원
가평,2024,9,2024-09,194,경기도,가평군,가람유원지,28,가평 2024_09.csv,문화관광,복합관광시설
가평,2024,9,2024-09,194,경기도,가평군,자라섬황톳길,28,가평 2024_09.csv,레저스포츠,기타레저스포츠
가평,2024,9,2024-09,194,경기도,가평군,모험의시작,28,가평 2024_09.csv,레저스포츠,수상레저스포츠
가평,2024,9,2024-09,194,경기도,가평군,바우유원지,28,가평 2024_09.csv,문화관광,복합관광시설
가평,2024,9,2024-09,194,경기도,가평군,노랑다리미술관,28,가평 2024_09.csv,문화관광,전시시설
가평,2024,9,2024-09,194,경기도,가평군,불기고개,28,가평 2024_09.csv,자연관광,자연경관(산)
가평,2024,9,2024-09,194,경기도,가평군,뉴돌고래수상레저,28,가평 2024_09.csv,레저스포츠,수상레저스포츠
가평,2024,9,2024-09,201,경기도,가평군,백둔계곡,27,가평 2024_09.csv,자연관광,자연경관(산)
가평,2024,9,2024-09,201,경기도,가평군,가평하늘커피농장,27,가평 2024_09.csv,체험관광,농/산/어촌체험
가평,2024,9,2024-09,203,경기도,가평군,큰골계곡,26,가평 2024_09.csv,자연관광,자연경관(산)
가평,2024,9,2024-09,203,경기도,가평군,송학포유원지,26,가평 2024_09.csv,문화관광,복합관광시설
가평,2024,9,2024-09,205,경기도,가평군,팀더블유,25,가평 2024_09.csv,레저스포츠,기타레저스포츠
가평,2024,9,2024-09,205,경기도,가평군,가평사계절썰매장,25,가평 2024_09.csv,레저스포츠,육상레저스포츠
가평,2024,9,2024-09,207,경기도,가평군,목동근린공원전망대,24,가평 2024_09.csv,문화관광,랜드마크관광
가평,2024,9,2024-09,207,경기도,가평군,선어치,24,가평 2024_09.csv,자연관광,자연경관(산)
가평,2024,9,2024-09,209,경기도,가평군,더스테이힐링파크와일드가든,23,가평 2024_09.csv,문화관광,도시공원
가평,2024,9,2024-09,210,경기도,가평군,자라섬출렁다리,22,가평 2024_09.csv,기타관광,기타관광
가평,2024,9,2024-09,210,경기도,가평군,청룡사,22,가평 2024_09.csv,역사관광,종교성지
가평,2024,9,2024-09,210,경기도,가평군,물의나라유원지,22,가평 2024_09.csv,문화관광,복합관광시설
가평,2024,9,2024-09,210,경기도,가평군,해별달사과,22,가평 2024_09.csv,체험관광,농/산/어촌체험
가평,2024,9,2024-09,214,경기도,가평군,신청평대교야구장,21,가평 2024_09.csv,문화관광,레저스포츠시설
가평,2024,9,2024-09,214,경기도,가평군,클럽에덴수상레져타운,21,가평 2024_09.csv,레저스포츠,수상레저스포츠
가평,2024,9,2024-09,214,경기도,가평군,클럽나인수상레저,21,가평 2024_09.csv,레저스포츠,수상레저스포츠
가평,2024,9,2024-09,217,경기도,가평군,가평빠지크리스월드수상레저,20,가평 2024_09.csv,레저스포츠,수상레저스포츠
가평,2024,9,2024-09,217,경기도,가평군,북배산흑염소농장,20,가평 2024_09.csv,체험관광,농/산/어촌체험
가평,2024,9,2024-09,217,경기도,가평군,대성리계곡,20,가평 2024_09.csv,자연관광,자연경관(산)
가평,2024,9,2024-09,220,경기도,가평군,킹웨이크서프스쿨,19,가평 2024_09.csv,레저스포츠,수상레저스포츠
가평,2024,9,2024-09,220,경기도,가평군,청정낚시터,19,가평 2024_09.csv,레저스포츠,수상레저스포츠
가평,2024,9,2024-09,220,경기도,가평군,두밀리낚시터,19,가평 2024_09.csv,레저스포츠,수상레저스포츠
가평,2024,9,2024-09,223,경기도,가평군,유스토리청소년수련원,18,가평 2024_09.csv,레저스포츠,육상레저스포츠
가평,2024,9,2024-09,223,경기도,가평군,K2수상레져,18,가평 2024_09.csv,레저스포츠,수상레저스포츠
가평,2024,9,2024-09,223,경기도,가평군,청평첫집,18,가평 2024_09.csv,레저스포츠,수상레저스포츠
가평,2024,9,2024-09,226,경기도,가평군,청평유원지,17,가평 2024_09.csv,문화관광,복합관광시설
가평,2024,9,2024-09,226,경기도,가평군,마린랜드,17,가평 2024_09.csv,레저스포츠,수상레저스포츠
가평,2024,9,2024-09,226,경기도,가평군,썸머드림,17,가평 2024_09.csv,레저스포츠,수상레저스포츠
가평,2024,9,2024-09,226,경기도,가평군,가평군 상면 조가터마을,17,가평 2024_09.csv,문화관광,도시/지역문화관광
가평,2024,9,2024-09,230,경기도,가평군,씨브이리조트,16,가평 2024_09.csv,레저스포츠,수상레저스포츠
가평,2024,9,2024-09,230,경기도,가평군,관음사,16,가평 2024_09.csv,역사관광,종교성지
가평,2024,9,2024-09,232,경기도,가평군,삼회리벚꽃길,15,가평 2024_09.csv,기타관광,데이트코스
가평,2024,9,2024-09,232,경기도,가평군,마린컴퍼니클럽,15,가평 2024_09.csv,레저스포츠,수상레저스포츠
가평,2024,9,2024-09,232,경기도,가평군,아침고요수목원들국화전시회,15,가평 2024_09.csv,문화관광,기타문화관광지
가평,2024,9,2024-09,232,경기도,가평군,꽃보다포도농원,15,가평 2024_09.csv,체험관광,농/산/어촌체험
가평,2024,9,2024-09,232,경기도,가평군,현등사계곡,15,가평 2024_09.csv,자연관광,자연경관(산)
가평,2024,9,2024-09,232,경기도,가평군,청평암,15,가평 2024_09.csv,역사관광,종교성지
가평,2024,9,2024-09,232,경기도,가평군,호명산,15,가평 2024_09.csv,자연관광,자연경관(산)
가평,2024,9,2024-09,239,경기도,가평군,가마소유원지,14,가평 2024_09.csv,문화관광,복합관광시설
가평,2024,9,2024-09,239,경기도,가평군,운악산가평현등사방면,14,가평 2024_09.csv,자연관광,자연경관(산)
가평,2024,9,2024-09,239,경기도,가평군,보납산전망대,14,가평 2024_09.csv,문화관광,랜드마크관광
가평,2024,9,2024-09,242,경기도,가평군,색현터널,13,가평 2024_09.csv,기타관광,기타관광
가평,2024,9,2024-09,242,경기도,가평군,용추폭포,13,가평 2024_09.csv,자연관광,자연경관(산)
가평,2024,9,2024-09,242,경기도,가평군,일지안호범미술관,13,가평 2024_09.csv,문화관광,전시시설
가평,2024,9,2024-09,242,경기도,가평군,성관사,13,가평 2024_09.csv,역사관광,종교성지
가평,2024,9,2024-09,246,경기도,가평군,이수네유원지,12,가평 2024_09.csv,문화관광,복합관광시설
가평,2024,9,2024-09,246,경기도,가평군,디어웨이브,12,가평 2024_09.csv,레저스포츠,수상레저스포츠
가평,2024,9,2024-09,246,경기도,가평군,이천보고가,12,가평 2024_09.csv,역사관광,역사유적지
가평,2024,9,2024-09,246,경기도,가평군,수풀로삼회리,12,가평 2024_09.csv,문화관광,도시공원
가평,2024,9,2024-09,246,경기도,가평군,청평스포랜드번지점프장,12,가평 2024_09.csv,레저스포츠,육상레저스포츠
가평,2024,9,2024-09,246,경기도,가평군,명지계곡유원지,12,가평 2024_09.csv,문화관광,복합관광시설
가평,2024,9,2024-09,246,경기도,가평군,가평 수상레저 바이킹 빠지,12,가평 2024_09.csv,레저스포츠,수상레저스포츠
가평,2024,9,2024-09,253,경기도,가평군,무주채폭포,11,가평 2024_09.csv,자연관광,자연경관(산)
가평,2024,9,2024-09,253,경기도,가평군,캐나다전투기념비,11,가평 2024_09.csv,역사관광,역사유물
가평,2024,9,2024-09,253,경기도,가평군,향원사,11,가평 2024_09.csv,역사관광,종교성지
가평,2024,9,2024-09,253,경기도,가평군,가평썸머플레이스,11,가평 2024_09.csv,레저스포츠,수상레저스포츠
가평,2024,9,2024-09,253,경기도,가평군,돌고래수상레저,11,가평 2024_09.csv,레저스포츠,기타레저스포츠
가평,2024,9,2024-09,253,경기도,가평군,행복축구전용구장,11,가평 2024_09.csv,문화관광,레저스포츠시설
가평,2024,9,2024-09,259,경기도,가평군,상천루,10,가평 2024_09.csv,문화관광,도시공원
가평,2024,9,2024-09,259,경기도,가평군,청평산장유원지,10,가평 2024_09.csv,문화관광,복합관광시설
가평,2024,9,2024-09,259,경기도,가평군,클럽펀,10,가평 2024_09.csv,레저스포츠,수상레저스포츠
가평,2024,9,2024-09,259,경기도,가평군,해바라기유원지,10,가평 2024_09.csv,문화관광,복합관광시설
가평,2024,9,2024-09,263,경기도,가평군,가평레저파크,9,가평 2024_09.csv,레저스포츠,기타레저스포츠
가평,2024,9,2024-09,263,경기도,가평군,으뜸포도원,9,가평 2024_09.csv,체험관광,농/산/어촌체험
가평,2024,9,2024-09,263,경기도,가평군,자라섬관광안내소,9,가평 2024_09.csv,기타관광,기타관광
가평,2024,9,2024-09,263,경기도,가평군,호국연호사,9,가평 2024_09.csv,역사관광,종교성지
가평,2024,9,2024-09,263,경기도,가평군,설미재미술관,9,가평 2024_09.csv,문화관광,전시시설
가평,2024,9,2024-09,263,경기도,가평군,인터렉티브아트뮤지엄,9,가평 2024_09.csv,문화관광,전시시설
가평,2024,9,2024-09,263,경기도,가평군,자라섬야외수영장,9,가평 2024_09.csv,문화관광,테마공원
가평,2024,9,2024-09,270,경기도,가평군,연화세계,8,가평 2024_09.csv,역사관광,종교성지
가평,2024,9,2024-09,270,경기도,가평군,익근리계곡,8,가평 2024_09.csv,자연관광,자연경관(산)
가평,2024,9,2024-09,270,경기도,가평군,빠지고,8,가평 2024_09.csv,레저스포츠,수상레저스포츠
가평,2024,9,2024-09,270,경기도,가평군,산속의사과,8,가평 2024_09.csv,체험관광,농/산/어촌체험
가평,2024,9,2024-09,270,경기도,가평군,마리서프,8,가평 2024_09.csv,레저스포츠,수상레저스포츠
가평,2024,9,2024-09,275,경기도,가평군,서프봉봉,7,가평 2024_09.csv,레저스포츠,수상레저스포츠
가평,2024,9,2024-09,275,경기도,가평군,승천사,7,가평 2024_09.csv,역사관광,종교성지
가평,2024,9,2024-09,275,경기도,가평군,호주전투기념비,7,가평 2024_09.csv,역사관광,역사유물
가평,2024,9,2024-09,275,경기도,가평군,대성낚시터,7,가평 2024_09.csv,레저스포츠,수상레저스포츠
가평,2024,9,2024-09,275,경기도,가평군,버드나무유원지,7,가평 2024_09.csv,문화관광,복합관광시설
가평,2024,9,2024-09,275,경기도,가평군,에덴벚꽃길,7,가평 2024_09.csv,레저스포츠,기타레저스포츠
가평,2024,9,2024-09,275,경기도,가평군,사랑해체험마을,7,가평 2024_09.csv,레저스포츠,기타레저스포츠
가평,2024,9,2024-09,275,경기도,가평군,가평열기구,7,가평 2024_09.csv,레저스포츠,기타레저스포츠
가평,2024,9,2024-09,275,경기도,가평군,가평리틀야구장,7,가평 2024_09.csv,문화관광,레저스포츠시설
가평,2024,9,2024-09,284,경기도,가평군,가평군관공선선착장,6,가평 2024_09.csv,기타관광,교통시설
가평,2024,9,2024-09,284,경기도,가평군,운악산용수사,6,가평 2024_09.csv,역사관광,종교성지
가평,2024,9,2024-09,284,경기도,가평군,HJ매그놀리아멋집,6,가평 2024_09.csv,문화관광,기타문화관광지
가평,2024,9,2024-09,284,경기도,가평군,가평빠지블랙수상레저,6,가평 2024_09.csv,레저스포츠,수상레저스포츠
가평,2024,9,2024-09,284,경기도,가평군,하곡운악산포도농원,6,가평 2024_09.csv,체험관광,농/산/어촌체험
가평,2024,9,2024-09,284,경기도,가평군,이정구선생묘,6,가평 2024_09.csv,역사관광,역사유적지
가평,2024,9,2024-09,284,경기도,가평군,구원사,6,가평 2024_09.csv,역사관광,종교성지
가평,2024,9,2024-09,284,경기도,가평군,가평약수터,6,가평 2024_09.csv,자연관광,자연경관(산)
가평,2024,9,2024-09,284,경기도,가평군,서호유원지,6,가평 2024_09.csv,문화관광,복합관광시설
가평,2024,9,2024-09,284,경기도,가평군,청수계곡유원지,6,가평 2024_09.csv,문화관광,복합관광시설
가평,2024,9,2024-09,284,경기도,가평군,중봉,6,가평 2024_09.csv,자연관광,자연경관(산)
가평,2024,9,2024-09,284,경기도,가평군,선경농원,6,가평 2024_09.csv,체험관광,농/산/어촌체험
가평,2024,9,2024-09,284,경기도,가평군,엘혜윰의정원,6,가평 2024_09.csv,레저스포츠,육상레저스포츠
가평,2024,9,2024-09,297,경기도,가평군,수궁유원지,5,가평 2024_09.csv,문화관광,복합관광시설
가평,2024,9,2024-09,297,경기도,가평군,리버빌수상레저타운,5,가평 2024_09.csv,레저스포츠,수상레저스포츠
가평,2024,9,2024-09,297,경기도,가평군,청호요트클럽,5,가평 2024_09.csv,레저스포츠,수상레저스포츠
가평,2024,9,2024-09,297,경기도,가평군,지영수상스키장,5,가평 2024_09.csv,레저스포츠,수상레저스포츠
가평,2024,9,2024-09,297,경기도,가평군,아토믹워터파크,5,가평 2024_09.csv,문화관광,테마공원
가평,2024,9,2024-09,297,경기도,가평군,가평낚시터,5,가평 2024_09.csv,레저스포츠,수상레저스포츠
가평,2024,9,2024-09,297,경기도,가평군,텃바위유원지,5,가평 2024_09.csv,문화관광,복합관광시설
가평,2024,9,2024-09,297,경기도,가평군,홍적고개,5,가평 2024_09.csv,자연관광,자연경관(산)
가평,2024,9,2024-09,305,경기도,가평군,가평연인랜드,4,가평 2024_09.csv,체험관광,농/산/어촌체험
가평,2024,9,2024-09,305,경기도,가평군,가평묘목농원,4,가평 2024_09.csv,체험관광,농/산/어촌체험
가평,2024,9,2024-09,305,경기도,가평군,사공일샵,4,가평 2024_09.csv,체험관광,공예체험
가평,2024,9,2024-09,305,경기도,가평군,한강수상레저,4,가평 2024_09.csv,레저스포츠,수상레저스포츠
가평,2024,9,2024-09,305,경기도,가평군,남송미술관,4,가평 2024_09.csv,문화관광,전시시설
가평,2024,9,2024-09,305,경기도,가평군,보광사,4,가평 2024_09.csv,역사관광,종교성지
가평,2024,9,2024-09,305,경기도,가평군,청평페리유람선,4,가평 2024_09.csv,기타관광,교통시설
가평,2024,9,2024-09,305,경기도,가평군,축령사,4,가평 2024_09.csv,역사관광,종교성지
가평,2024,9,2024-09,305,경기도,가평군,아마란스리조트,4,가평 2024_09.csv,레저스포츠,수상레저스포츠
가평,2024,9,2024-09,305,경기도,가평군,에덴야구장,4,가평 2024_09.csv,문화관광,레저스포츠시설
가평,2024,9,2024-09,305,경기도,가평군,폭포유원지,4,가평 2024_09.csv,문화관광,복합관광시설
가평,2024,9,2024-09,305,경기도,가평군,명지산휴양지,4,가평 2024_09.csv,레저스포츠,기타레저스포츠
가평,2024,9,2024-09,305,경기도,가평군,무송암,4,가평 2024_09.csv,문화관광,복합관광시설
가평,2024,9,2024-09,305,경기도,가평군,성운사,4,가평 2024_09.csv,역사관광,종교성지
가평,2024,9,2024-09,305,경기도,가평군,점프노리경기가평점,4,가평 2024_09.csv,문화관광,테마공원
가평,2024,9,2024-09,305,경기도,가평군,산장국민관광지축구장,4,가평 2024_09.csv,문화관광,레저스포츠시설
가평,2024,9,2024-09,305,경기도,가평군,조종생활체육공원축구장,4,가평 2024_09.csv,문화관광,레저스포츠시설
가평,2024,9,2024-09,305,경기도,가평군,성주사,4,가평 2024_09.csv,역사관광,종교성지
가평,2024,9,2024-09,323,경기도,가평군,사그막농원,3,가평 2024_09.csv,체험관광,농/산/어촌체험
가평,2024,9,2024-09,323,경기도,가평군,가평밀리터리공원,3,가평 2024_09.csv,문화관광,테마공원
가평,2024,9,2024-09,323,경기도,가평군,가평철길공원,3,가평 2024_09.csv,문화관광,도시공원
가평,2024,9,2024-09,323,경기도,가평군,유풍농원,3,가평 2024_09.csv,체험관광,농/산/어촌체험
가평,2024,9,2024-09,323,경기도,가평군,무아레풀무아레,3,가평 2024_09.csv,문화관광,테마공원
가평,2024,9,2024-09,323,경기도,가평군,유명산자생식물원,3,가평 2024_09.csv,문화관광,테마공원
가평,2024,9,2024-09,323,경기도,가평군,클럽모아나,3,가평 2024_09.csv,레저스포츠,수상레저스포츠
가평,2024,9,2024-09,323,경기도,가평군,산장국민관광지야외공연장,3,가평 2024_09.csv,문화관광,공연시설
가평,2024,9,2024-09,323,경기도,가평군,연인산명품계곡길출렁다리,3,가평 2024_09.csv,기타관광,기타관광
가평,2024,9,2024-09,323,경기도,가평군,아침고요체험살피꽃다방,3,가평 2024_09.csv,레저스포츠,기타레저스포츠
가평,2024,9,2024-09,323,경기도,가평군,산울로수상스키,3,가평 2024_09.csv,레저스포츠,기타레저스포츠
가평,2024,9,2024-09,323,경기도,가평군,강씨봉,3,가평 2024_09.csv,자연관광,자연경관(산)
가평,2024,9,2024-09,323,경기도,가평군,도솔천사,3,가평 2024_09.csv,역사관광,종교성지
가평,2024,9,2024-09,323,경기도,가평군,청평캠프,3,가평 2024_09.csv,레저스포츠,기타레저스포츠
가평,2024,9,2024-09,323,경기도,가평군,인스타랩,3,가평 2024_09.csv,문화관광,기타문화관광지
가평,2024,9,2024-09,323,경기도,가평군,별천지유원지,3,가평 2024_09.csv,문화관광,복합관광시설
가평,2024,9,2024-09,323,경기도,가평군,화야산사기막등산로,3,가평 2024_09.csv,자연관광,자연경관(산)
가평,2024,9,2024-09,323,경기도,가평군,연인산용추구곡방면,3,가평 2024_09.csv,자연관광,자연경관(산)
가평,2024,9,2024-09,323,경기도,가평군,감로사,3,가평 2024_09.csv,역사관광,종교성지
가평,2024,9,2024-09,323,경기도,가평군,광법사,3,가평 2024_09.csv,역사관광,종교성지
가평,2024,9,2024-09,323,경기도,가평군,금강사,3,가평 2024_09.csv,역사관광,종교성지
가평,2024,9,2024-09,323,경기도,가평군,덕혜암,3,가평 2024_09.csv,역사관광,종교성지
가평,2024,9,2024-09,323,경기도,가평군,석룡산,3,가평 2024_09.csv,자연관광,자연경관(산)
가평,2024,9,2024-09,323,경기도,가평군,수락폭포,3,가평 2024_09.csv,자연관광,자연경관(산)
가평,2024,9,2024-09,323,경기도,가평군,밤골유원지,3,가평 2024_09.csv,문화관광,복합관광시설
가평,2024,9,2024-09,323,경기도,가평군,탐선계곡유원지,3,가평 2024_09.csv,문화관광,복합관광시설
가평,2024,9,2024-09,323,경기도,가평군,연인산촌농원,3,가평 2024_09.csv,체험관광,농/산/어촌체험
가평,2024,9,2024-09,323,경기도,가평군,여여암,3,가평 2024_09.csv,역사관광,종교성지
가평,2024,9,2024-09,323,경기도,가평군,상천저수지,3,가평 2024_09.csv,자연관광,자연경관(하천/해양)
가평,2024,9,2024-09,323,경기도,가평군,석룡산계곡유원지,3,가평 2024_09.csv,문화관광,복합관광시설
가평,2024,9,2024-09,323,경기도,가평군,상락향,3,가평 2024_09.csv,역사관광,종교성지
가평,2024,9,2024-09,323,경기도,가평군,자라섬테마파크,3,가평 2024_09.csv,레저스포츠,수상레저스포츠
가평,2024,9,2024-09,323,경기도,가평군,천신암,3,가평 2024_09.csv,역사관광,종교성지
가평,2024,9,2024-09,323,경기도,가평군,현종사,3,가평 2024_09.csv,역사관광,종교성지
가평,2024,9,2024-09,323,경기도,가평군,현대집,3,가평 2024_09.csv,레저스포츠,수상레저스포츠
가평,2024,9,2024-09,323,경기도,가평군,마콤갤러리,3,가평 2024_09.csv,문화관광,전시시설
가평,2024,9,2024-09,323,경기도,가평군,화야산,3,가평 2024_09.csv,자연관광,자연경관(산)
가평,2024,9,2024-09,323,경기도,가평군,항아리바위유원지,3,가평 2024_09.csv,기타관광,기타관광
가평,2024,9,2024-09,323,경기도,가평군,소락개휴양림,3,가평 2024_09.csv,자연관광,자연공원
가평,2024,9,2024-09,323,경기도,가평군,안골유원지,3,가평 2024_09.csv,문화관광,복합관광시설
가평,2024,9,2024-09,323,경기도,가평군,청호수상레저,3,가평 2024_09.csv,레저스포츠,수상레저스포츠
가평,2024,9,2024-09,323,경기도,가평군,청평생태공원,3,가평 2024_09.csv,문화관광,도시공원
가평,2024,9,2024-09,323,경기도,가평군,울업산,3,가평 2024_09.csv,자연관광,자연경관(산)
가평,2024,9,2024-09,323,경기도,가평군,새말농장,3,가평 2024_09.csv,체험관광,농/산/어촌체험
가평,2024,9,2024-09,323,경기도,가평군,더스테이힐링파크알파와앵무,3,가평 2024_09.csv,문화관광,테마공원
가평,2024,10,2024-10,1,경기도,가평군,남이섬선착장,19784,가평 2024_10.csv,기타관광,교통시설
가평,2024,10,2024-10,2,경기도,가평군,남이섬,17513,가평 2024_10.csv,자연관광,자연경관(하천/해양)
가평,2024,10,2024-10,3,경기도,가평군,아침고요수목원,15980,가평 2024_10.csv,문화관광,테마공원
가평,2024,10,2024-10,4,경기도,가평군,자라섬,11510,가평 2024_10.csv,자연관광,자연경관(하천/해양)
가평,2024,10,2024-10,5,경기도,가평군,썬힐GC,6675,가평 2024_10.csv,레저스포츠,육상레저스포츠
가평,2024,10,2024-10,6,경기도,가평군,아난티코드골프클럽,6522,가평 2024_10.csv,레저스포츠,육상레저스포츠
가평,2024,10,2024-10,7,경기도,가평군,가평베네스트GC,6490,가평 2024_10.csv,레저스포츠,육상레저스포츠
가평,2024,10,2024-10,8,경기도,가평군,청평역,6089,가평 2024_10.csv,기타관광,교통시설
가평,2024,10,2024-10,9,경기도,가평군,베뉴지CC,5759,가평 2024_10.csv,레저스포츠,육상레저스포츠
가평,2024,10,2024-10,10,경기도,가평군,리앤리CC,5275,가평 2024_10.csv,레저스포츠,육상레저스포츠
가평,2024,10,2024-10,11,경기도,가평군,프리스틴밸리GC,4868,가평 2024_10.csv,레저스포츠,육상레저스포츠
가평,2024,10,2024-10,12,경기도,가평군,크리스탈밸리CC,4597,가평 2024_10.csv,레저스포츠,육상레저스포츠
가평,2024,10,2024-10,13,경기도,가평군,쁘띠프랑스,3970,가평 2024_10.csv,문화관광,복합관광시설
가평,2024,10,2024-10,14,경기도,가평군,대성리역,3492,가평 2024_10.csv,기타관광,교통시설
가평,2024,10,2024-10,15,경기도,가평군,유명산자연휴양림,3375,가평 2024_10.csv,자연관광,자연공원
가평,2024,10,2024-10,16,경기도,가평군,마이다스밸리청평 골프클럽,3179,가평 2024_10.csv,레저스포츠,육상레저스포츠
가평,2024,10,2024-10,17,경기도,가평군,아침고요가족동물원,3030,가평 2024_10.csv,문화관광,테마공원
가평,2024,10,2024-10,18,경기도,가평군,경기도잣향기푸른숲,2823,가평 2024_10.csv,자연관광,자연공원
가평,2024,10,2024-10,19,경기도,가평군,가평베고니아새정원,2809,가평 2024_10.csv,문화관광,테마공원
가평,2024,10,2024-10,20,경기도,가평군,자라섬꽃페스타,2400,가평 2024_10.csv,문화관광,기타문화관광지
가평,2024,10,2024-10,21,경기도,가평군,현리시외버스터미널,2190,가평 2024_10.csv,기타관광,교통시설
가평,2024,10,2024-10,22,경기도,가평군,강촌레일파크가평역,2040,가평 2024_10.csv,레저스포츠,기타레저스포츠
가평,2024,10,2024-10,23,경기도,가평군,에델바이스스위스테마파크,1629,가평 2024_10.csv,문화관광,테마공원
가평,2024,10,2024-10,24,경기도,가평군,가평시외버스터미널,1365,가평 2024_10.csv,기타관광,교통시설
가평,2024,10,2024-10,25,경기도,가평군,청평시외버스터미널,1165,가평 2024_10.csv,기타관광,교통시설
가평,2024,10,2024-10,26,경기도,가평군,신비동물원,1041,가평 2024_10.csv,문화관광,테마공원
가평,2024,10,2024-10,27,경기도,가평군,호명호수,934,가평 2024_10.csv,자연관광,자연경관(하천/해양)
가평,2024,10,2024-10,28,경기도,가평군,중앙내수면연구소벚꽃길,892,가평 2024_10.csv,기타관광,기타관광
가평,2024,10,2024-10,29,경기도,가평군,음악역1939,810,가평 2024_10.csv,문화관광,기타문화관광지
가평,2024,10,2024-10,30,경기도,가평군,상천역,809,가평 2024_10.csv,기타관광,교통시설
가평,2024,10,2024-10,31,경기도,가평군,K26잠수풀,792,가평 2024_10.csv,레저스포츠,수상레저스포츠
가평,2024,10,2024-10,32,경기도,가평군,가평파크골프장,782,가평 2024_10.csv,레저스포츠,육상레저스포츠
가평,2024,10,2024-10,33,경기도,가평군,남도꽃정원,759,가평 2024_10.csv,문화관광,도시공원
가평,2024,10,2024-10,34,경기도,가평군,산장관광지,755,가평 2024_10.csv,문화관광,복합관광시설
가평,2024,10,2024-10,35,경기도,가평군,청평자연휴양림,730,가평 2024_10.csv,자연관광,자연공원
가평,2024,10,2024-10,36,경기도,가평군,현등사,678,가평 2024_10.csv,역사관광,종교성지
가평,2024,10,2024-10,37,경기도,가평군,청심평화월드센터,643,가평 2024_10.csv,문화관광,공연시설
가평,2024,10,2024-10,38,경기도,가평군,가평별빛공원,633,가평 2024_10.csv,문화관광,도시공원
가평,2024,10,2024-10,39,경기도,가평군,잣고을전통시장,623,가평 2024_10.csv,쇼핑,시장
가평,2024,10,2024-10,40,경기도,가평군,청평호반드라이브코스,561,가평 2024_10.csv,기타관광,데이트코스
가평,2024,10,2024-10,41,경기도,가평군,칼봉산자연휴양림,557,가평 2024_10.csv,자연관광,자연공원
가평,2024,10,2024-10,42,경기도,가평군,설악시외버스터미널,525,가평 2024_10.csv,기타관광,교통시설
가평,2024,10,2024-10,43,경기도,가평군,꿈의동산,504,가평 2024_10.csv,문화관광,복합관광시설
가평,2024,10,2024-10,44,경기도,가평군,가평크루즈,498,가평 2024_10.csv,레저스포츠,기타레저스포츠
가평,2024,10,2024-10,45,경기도,가평군,호명호수공원,489,가평 2024_10.csv,문화관광,도시공원
가평,2024,10,2024-10,46,경기도,가평군,이탈리아마을 피노키오와다빈치,487,가평 2024_10.csv,문화관광,복합관광시설
가평,2024,10,2024-10,47,경기도,가평군,자라섬재즈페스티벌,483,가평 2024_10.csv,문화관광,기타문화관광지
가평,2024,10,2024-10,48,경기도,가평군,청평호,481,가평 2024_10.csv,자연관광,자연경관(하천/해양)
가평,2024,10,2024-10,49,경기도,가평군,한국초콜릿연구소뮤지엄,454,가평 2024_10.csv,문화관광,전시시설
가평,2024,10,2024-10,50,경기도,가평군,강씨봉자연휴양림,431,가평 2024_10.csv,자연관광,자연공원
가평,2024,10,2024-10,51,경기도,가평군,운악산출렁다리,424,가평 2024_10.csv,기타관광,기타관광
가평,2024,10,2024-10,52,경기도,가평군,가평브릿지짚라인,390,가평 2024_10.csv,레저스포츠,기타레저스포츠
가평,2024,10,2024-10,53,경기도,가평군,연인산명품계곡길,372,가평 2024_10.csv,레저스포츠,기타레저스포츠
가평,2024,10,2024-10,54,경기도,가평군,더스테이힐링파크링스파3골프장,353,가평 2024_10.csv,레저스포츠,육상레저스포츠
가평,2024,10,2024-10,55,경기도,가평군,청심국제청소년수련원,350,가평 2024_10.csv,레저스포츠,육상레저스포츠
가평,2024,10,2024-10,56,경기도,가평군,용추계곡,320,가평 2024_10.csv,자연관광,자연경관(산)
가평,2024,10,2024-10,57,경기도,가평군,운악산,305,가평 2024_10.csv,자연관광,자연경관(산)
가평,2024,10,2024-10,58,경기도,가평군,스카이라인짚와이어,301,가평 2024_10.csv,문화관광,복합관광시설
가평,2024,10,2024-10,59,경기도,가평군,녹수계곡,276,가평 2024_10.csv,자연관광,자연경관(산)
가평,2024,10,2024-10,60,경기도,가평군,자라섬출렁다리,275,가평 2024_10.csv,기타관광,기타관광
가평,2024,10,2024-10,61,경기도,가평군,대성리국민관광지,255,가평 2024_10.csv,문화관광,복합관광시설
가평,2024,10,2024-10,62,경기도,가평군,백련사,249,가평 2024_10.csv,역사관광,종교성지
가평,2024,10,2024-10,63,경기도,가평군,호명산드라이브코스,241,가평 2024_10.csv,기타관광,데이트코스
가평,2024,10,2024-10,64,경기도,가평군,이화원,226,가평 2024_10.csv,문화관광,도시공원
가평,2024,10,2024-10,65,경기도,가평군,청평생활체육공원,202,가평 2024_10.csv,문화관광,도시공원
가평,2024,10,2024-10,66,경기도,가평군,가평TOP랜드,197,가평 2024_10.csv,레저스포츠,수상레저스포츠
가평,2024,10,2024-10,67,경기도,가평군,경기도잣향기푸른숲안내매표소,187,가평 2024_10.csv,기타관광,기타관광
가평,2024,10,2024-10,68,경기도,가평군,어비계곡,183,가평 2024_10.csv,자연관광,자연경관(산)
가평,2024,10,2024-10,69,경기도,가평군,가평정기5일시장,180,가평 2024_10.csv,쇼핑,시장
가평,2024,10,2024-10,70,경기도,가평군,대원사,178,가평 2024_10.csv,역사관광,종교성지
가평,2024,10,2024-10,71,경기도,가평군,가일미술관,169,가평 2024_10.csv,문화관광,전시시설
가평,2024,10,2024-10,72,경기도,가평군,천정궁박물관,166,가평 2024_10.csv,문화관광,전시시설
가평,2024,10,2024-10,73,경기도,가평군,아루바수상레저,160,가평 2024_10.csv,레저스포츠,기타레저스포츠
가평,2024,10,2024-10,74,경기도,가평군,가평수목원,158,가평 2024_10.csv,자연관광,자연공원
가평,2024,10,2024-10,75,경기도,가평군,도장골낚시터,151,가평 2024_10.csv,레저스포츠,수상레저스포츠
가평,2024,10,2024-10,76,경기도,가평군,말리부수상레저,150,가평 2024_10.csv,레저스포츠,기타레저스포츠
가평,2024,10,2024-10,77,경기도,가평군,청평5일시장,143,가평 2024_10.csv,쇼핑,시장
가평,2024,10,2024-10,78,경기도,가평군,화악산,140,가평 2024_10.csv,자연관광,자연경관(산)
가평,2024,10,2024-10,79,경기도,가평군,W홀스랜드,138,가평 2024_10.csv,레저스포츠,육상레저스포츠
가평,2024,10,2024-10,80,경기도,가평군,일칠일관광농원,130,가평 2024_10.csv,체험관광,농/산/어촌체험
가평,2024,10,2024-10,80,경기도,가평군,달마공원관음사,130,가평 2024_10.csv,역사관광,종교성지
가평,2024,10,2024-10,82,경기도,가평군,유명산,129,가평 2024_10.csv,자연관광,자연경관(산)
가평,2024,10,2024-10,83,경기도,가평군,물조은빠지,128,가평 2024_10.csv,레저스포츠,수상레저스포츠
가평,2024,10,2024-10,84,경기도,가평군,해별달사과,127,가평 2024_10.csv,체험관광,농/산/어촌체험
가평,2024,10,2024-10,85,경기도,가평군,크리스월드수상레저,121,가평 2024_10.csv,레저스포츠,수상레저스포츠
가평,2024,10,2024-10,86,경기도,가평군,자라섬생태공원,120,가평 2024_10.csv,문화관광,도시공원
가평,2024,10,2024-10,86,경기도,가평군,설악생활체육공원,120,가평 2024_10.csv,문화관광,도시공원
가평,2024,10,2024-10,88,경기도,가평군,리버랜드번지점프장,114,가평 2024_10.csv,레저스포츠,육상레저스포츠
가평,2024,10,2024-10,89,경기도,가평군,가평레져카트장,113,가평 2024_10.csv,레저스포츠,기타레저스포츠
가평,2024,10,2024-10,90,경기도,가평군,연인산,111,가평 2024_10.csv,자연관광,자연경관(산)
가평,2024,10,2024-10,91,경기도,가평군,연인산도립공원탐방안내소,110,가평 2024_10.csv,기타관광,기타관광
가평,2024,10,2024-10,92,경기도,가평군,가평낚시터,105,가평 2024_10.csv,레저스포츠,수상레저스포츠
가평,2024,10,2024-10,93,경기도,가평군,청평여울시장,101,가평 2024_10.csv,쇼핑,시장
가평,2024,10,2024-10,94,경기도,가평군,목동버스터미널,98,가평 2024_10.csv,기타관광,교통시설
가평,2024,10,2024-10,94,경기도,가평군,탑코리아수상레저,98,가평 2024_10.csv,레저스포츠,수상레저스포츠
가평,2024,10,2024-10,94,경기도,가평군,희망축구전용구장,98,가평 2024_10.csv,문화관광,레저스포츠시설
가평,2024,10,2024-10,97,경기도,가평군,설악5일장,94,가평 2024_10.csv,쇼핑,시장
가평,2024,10,2024-10,98,경기도,가평군,북면생활체육공원,92,가평 2024_10.csv,문화관광,도시공원
가평,2024,10,2024-10,99,경기도,가평군,자연과별천문대,91,가평 2024_10.csv,기타관광,기타관광
가평,2024,10,2024-10,100,경기도,가평군,트니트니어드벤처,90,가평 2024_10.csv,문화관광,테마공원
가평,2024,10,2024-10,101,경기도,가평군,명지산생태전시관,88,가평 2024_10.csv,문화관광,전시시설
가평,2024,10,2024-10,101,경기도,가평군,조종생활체육공원,88,가평 2024_10.csv,문화관광,도시공원
가평,2024,10,2024-10,101,경기도,가평군,남이섬벚꽃명소,88,가평 2024_10.csv,기타관광,기타관광
가평,2024,10,2024-10,104,경기도,가평군,청평호수길,84,가평 2024_10.csv,기타관광,기타관광
가평,2024,10,2024-10,104,경기도,가평군,수영인의마을,84,가평 2024_10.csv,레저스포츠,수상레저스포츠
가평,2024,10,2024-10,106,경기도,가평군,맨하탄수상레져,82,가평 2024_10.csv,레저스포츠,수상레저스포츠
가평,2024,10,2024-10,107,경기도,가평군,청평유원지,80,가평 2024_10.csv,문화관광,복합관광시설
가평,2024,10,2024-10,107,경기도,가평군,행복축구전용구장,80,가평 2024_10.csv,문화관광,레저스포츠시설
가평,2024,10,2024-10,109,경기도,가평군,조종시네마,79,가평 2024_10.csv,문화관광,공연시설
가평,2024,10,2024-10,109,경기도,가평군,가평축령산잣나무숲,79,가평 2024_10.csv,자연관광,자연공원
가평,2024,10,2024-10,111,경기도,가평군,자라섬워터파크,77,가평 2024_10.csv,문화관광,테마공원
가평,2024,10,2024-10,112,경기도,가평군,용소폭포,75,가평 2024_10.csv,자연관광,자연경관(산)
가평,2024,10,2024-10,113,경기도,가평군,썸머타임수상레저,72,가평 2024_10.csv,레저스포츠,수상레저스포츠
가평,2024,10,2024-10,114,경기도,가평군,버드마리나수상레저,71,가평 2024_10.csv,레저스포츠,기타레저스포츠
가평,2024,10,2024-10,114,경기도,가평군,상면생활체육공원,71,가평 2024_10.csv,문화관광,도시공원
가평,2024,10,2024-10,114,경기도,가평군,워터피아수상레저,71,가평 2024_10.csv,레저스포츠,수상레저스포츠
가평,2024,10,2024-10,117,경기도,가평군,명지계곡,68,가평 2024_10.csv,자연관광,자연경관(산)
가평,2024,10,2024-10,118,경기도,가평군,오페라하우스수상레저,66,가평 2024_10.csv,레저스포츠,수상레저스포츠
가평,2024,10,2024-10,119,경기도,가평군,가평현리5일장,65,가평 2024_10.csv,쇼핑,시장
가평,2024,10,2024-10,120,경기도,가평군,황금사과농원,63,가평 2024_10.csv,체험관광,농/산/어촌체험
가평,2024,10,2024-10,120,경기도,가평군,웨이크베이리조트,63,가평 2024_10.csv,레저스포츠,기타레저스포츠
가평,2024,10,2024-10,120,경기도,가평군,캠프통포레스트,63,가평 2024_10.csv,레저스포츠,수상레저스포츠
가평,2024,10,2024-10,123,경기도,가평군,취옹예술관,60,가평 2024_10.csv,문화관광,전시시설
가평,2024,10,2024-10,123,경기도,가평군,현리유원지,60,가평 2024_10.csv,문화관광,복합관광시설
가평,2024,10,2024-10,125,경기도,가평군,이지수상레져,59,가평 2024_10.csv,레저스포츠,기타레저스포츠
가평,2024,10,2024-10,125,경기도,가평군,서프앤,59,가평 2024_10.csv,레저스포츠,수상레저스포츠
가평,2024,10,2024-10,127,경기도,가평군,자이언트수상레저리조트,57,가평 2024_10.csv,레저스포츠,수상레저스포츠
가평,2024,10,2024-10,128,경기도,가평군,대성수상레저,56,가평 2024_10.csv,레저스포츠,수상레저스포츠
가평,2024,10,2024-10,128,경기도,가평군,태은사,56,가평 2024_10.csv,역사관광,종교성지
가평,2024,10,2024-10,130,경기도,가평군,상천낚시터,55,가평 2024_10.csv,레저스포츠,수상레저스포츠
가평,2024,10,2024-10,131,경기도,가평군,청평암,54,가평 2024_10.csv,역사관광,종교성지
가평,2024,10,2024-10,131,경기도,가평군,산림생태문화체험단지,54,가평 2024_10.csv,기타관광,기타관광
가평,2024,10,2024-10,131,경기도,가평군,가평뮤직빌리지1939시네마,54,가평 2024_10.csv,문화관광,공연시설
가평,2024,10,2024-10,134,경기도,가평군,연인산용추구곡방면,53,가평 2024_10.csv,자연관광,자연경관(산)
가평,2024,10,2024-10,134,경기도,가평군,산유낚시터,53,가평 2024_10.csv,레저스포츠,수상레저스포츠
가평,2024,10,2024-10,136,경기도,가평군,가평에덴벚꽃길,47,가평 2024_10.csv,기타관광,기타관광
가평,2024,10,2024-10,137,경기도,가평군,가평레저파크,46,가평 2024_10.csv,레저스포츠,기타레저스포츠
가평,2024,10,2024-10,137,경기도,가평군,토마토레저파크,46,가평 2024_10.csv,레저스포츠,기타레저스포츠
가평,2024,10,2024-10,139,경기도,가평군,아침고요수목원국화전시회,43,가평 2024_10.csv,문화관광,기타문화관광지
가평,2024,10,2024-10,139,경기도,가평군,호명산,43,가평 2024_10.csv,자연관광,자연경관(산)
가평,2024,10,2024-10,141,경기도,가평군,운악산성불사,41,가평 2024_10.csv,역사관광,종교성지
가평,2024,10,2024-10,142,경기도,가평군,바하마수상레포츠,39,가평 2024_10.csv,레저스포츠,수상레저스포츠
가평,2024,10,2024-10,142,경기도,가평군,가평역레져,39,가평 2024_10.csv,레저스포츠,기타레저스포츠
가평,2024,10,2024-10,144,경기도,가평군,클럽이글스수상레저,38,가평 2024_10.csv,레저스포츠,기타레저스포츠
가평,2024,10,2024-10,145,경기도,가평군,씨브이리조트,37,가평 2024_10.csv,레저스포츠,수상레저스포츠
가평,2024,10,2024-10,146,경기도,가평군,폭포낚시,36,가평 2024_10.csv,레저스포츠,수상레저스포츠
가평,2024,10,2024-10,147,경기도,가평군,조무락계곡,35,가평 2024_10.csv,자연관광,자연경관(산)
가평,2024,10,2024-10,147,경기도,가평군,캠프통아일랜드,35,가평 2024_10.csv,레저스포츠,수상레저스포츠
가평,2024,10,2024-10,149,경기도,가평군,청춘역1979,34,가평 2024_10.csv,문화관광,도시공원
가평,2024,10,2024-10,150,경기도,가평군,팀더블유,33,가평 2024_10.csv,레저스포츠,기타레저스포츠
가평,2024,10,2024-10,150,경기도,가평군,아침고요수목원들국화전시회,33,가평 2024_10.csv,문화관광,기타문화관광지
가평,2024,10,2024-10,150,경기도,가평군,북배산흑염소농장,33,가평 2024_10.csv,체험관광,농/산/어촌체험
가평,2024,10,2024-10,153,경기도,가평군,자라섬황톳길,32,가평 2024_10.csv,레저스포츠,기타레저스포츠
가평,2024,10,2024-10,153,경기도,가평군,이정웅스페이스,32,가평 2024_10.csv,문화관광,전시시설
가평,2024,10,2024-10,155,경기도,가평군,청평페리유람선,31,가평 2024_10.csv,기타관광,교통시설
가평,2024,10,2024-10,156,경기도,가평군,수풀로삼회리,30,가평 2024_10.csv,문화관광,도시공원
가평,2024,10,2024-10,157,경기도,가평군,신청평대교야구장,29,가평 2024_10.csv,문화관광,레저스포츠시설
가평,2024,10,2024-10,157,경기도,가평군,상락향수도원,29,가평 2024_10.csv,역사관광,종교성지
가평,2024,10,2024-10,159,경기도,가평군,설악생활체육공원축구장,28,가평 2024_10.csv,문화관광,레저스포츠시설
가평,2024,10,2024-10,159,경기도,가평군,가평종합운동장야구장,28,가평 2024_10.csv,문화관광,레저스포츠시설
가평,2024,10,2024-10,159,경기도,가평군,소풍레저,28,가평 2024_10.csv,레저스포츠,수상레저스포츠
가평,2024,10,2024-10,159,경기도,가평군,하이수상레저이비자1호점,28,가평 2024_10.csv,레저스포츠,수상레저스포츠
가평,2024,10,2024-10,163,경기도,가평군,목동근린공원전망대,27,가평 2024_10.csv,문화관광,랜드마크관광
가평,2024,10,2024-10,163,경기도,가평군,헤이븐,27,가평 2024_10.csv,레저스포츠,수상레저스포츠
가평,2024,10,2024-10,165,경기도,가평군,삼회리벚꽃길,26,가평 2024_10.csv,기타관광,데이트코스
가평,2024,10,2024-10,165,경기도,가평군,청정낚시터,26,가평 2024_10.csv,레저스포츠,수상레저스포츠
가평,2024,10,2024-10,167,경기도,가평군,설악낚시터,24,가평 2024_10.csv,레저스포츠,수상레저스포츠
가평,2024,10,2024-10,168,경기도,가평군,HJ매그놀리아멋집,23,가평 2024_10.csv,문화관광,기타문화관광지
가평,2024,10,2024-10,168,경기도,가평군,그린수상레져,23,가평 2024_10.csv,레저스포츠,수상레저스포츠
가평,2024,10,2024-10,168,경기도,가평군,갤러리본,23,가평 2024_10.csv,문화관광,전시시설
가평,2024,10,2024-10,168,경기도,가평군,청평첫집,23,가평 2024_10.csv,레저스포츠,수상레저스포츠
가평,2024,10,2024-10,168,경기도,가평군,더스테이힐링파크와일드가든,23,가평 2024_10.csv,문화관광,도시공원
가평,2024,10,2024-10,168,경기도,가평군,엘혜윰의정원,23,가평 2024_10.csv,레저스포츠,육상레저스포츠
가평,2024,10,2024-10,168,경기도,가평군,포세이돈,23,가평 2024_10.csv,레저스포츠,수상레저스포츠
가평,2024,10,2024-10,175,경기도,가평군,보납산전망대,22,가평 2024_10.csv,문화관광,랜드마크관광
가평,2024,10,2024-10,175,경기도,가평군,가평하늘커피농장,22,가평 2024_10.csv,체험관광,농/산/어촌체험
가평,2024,10,2024-10,177,경기도,가평군,모비딕수상레저,20,가평 2024_10.csv,레저스포츠,수상레저스포츠
가평,2024,10,2024-10,178,경기도,가평군,귀목계곡,19,가평 2024_10.csv,자연관광,자연경관(산)
가평,2024,10,2024-10,178,경기도,가평군,마린랜드,19,가평 2024_10.csv,레저스포츠,수상레저스포츠
가평,2024,10,2024-10,178,경기도,가평군,물의나라유원지,19,가평 2024_10.csv,문화관광,복합관광시설
가평,2024,10,2024-10,181,경기도,가평군,가평철길공원,18,가평 2024_10.csv,문화관광,도시공원
가평,2024,10,2024-10,181,경기도,가평군,운악산가평현등사방면,18,가평 2024_10.csv,자연관광,자연경관(산)
가평,2024,10,2024-10,181,경기도,가평군,하천리생활체육공원,18,가평 2024_10.csv,문화관광,도시공원
가평,2024,10,2024-10,181,경기도,가평군,여여암,18,가평 2024_10.csv,역사관광,종교성지
가평,2024,10,2024-10,181,경기도,가평군,클럽에덴수상레져타운,18,가평 2024_10.csv,레저스포츠,수상레저스포츠
가평,2024,10,2024-10,186,경기도,가평군,색현터널,17,가평 2024_10.csv,기타관광,기타관광
가평,2024,10,2024-10,186,경기도,가평군,운악산관음사,17,가평 2024_10.csv,역사관광,종교성지
가평,2024,10,2024-10,186,경기도,가평군,이정구선생묘,17,가평 2024_10.csv,역사관광,역사유적지
가평,2024,10,2024-10,186,경기도,가평군,설미재미술관,17,가평 2024_10.csv,문화관광,전시시설
가평,2024,10,2024-10,186,경기도,가평군,금개울유원지,17,가평 2024_10.csv,문화관광,복합관광시설
가평,2024,10,2024-10,191,경기도,가평군,청룡사,16,가평 2024_10.csv,역사관광,종교성지
가평,2024,10,2024-10,191,경기도,가평군,에덴야구장,16,가평 2024_10.csv,문화관광,레저스포츠시설
가평,2024,10,2024-10,191,경기도,가평군,바우유원지,16,가평 2024_10.csv,문화관광,복합관광시설
가평,2024,10,2024-10,191,경기도,가평군,에덴벚꽃길,16,가평 2024_10.csv,레저스포츠,기타레저스포츠
가평,2024,10,2024-10,191,경기도,가평군,연진농원,16,가평 2024_10.csv,체험관광,농/산/어촌체험
가평,2024,10,2024-10,191,경기도,가평군,청평생태공원,16,가평 2024_10.csv,문화관광,도시공원
가평,2024,10,2024-10,197,경기도,가평군,상천루,15,가평 2024_10.csv,문화관광,도시공원
가평,2024,10,2024-10,197,경기도,가평군,빠져수상레저,15,가평 2024_10.csv,레저스포츠,수상레저스포츠
가평,2024,10,2024-10,197,경기도,가평군,베니스수상레저,15,가평 2024_10.csv,레저스포츠,수상레저스포츠
가평,2024,10,2024-10,197,경기도,가평군,극락정사,15,가평 2024_10.csv,역사관광,종교성지
가평,2024,10,2024-10,201,경기도,가평군,가마소유원지,14,가평 2024_10.csv,문화관광,복합관광시설
가평,2024,10,2024-10,202,경기도,가평군,클럽미사수상레저,13,가평 2024_10.csv,레저스포츠,수상레저스포츠
가평,2024,10,2024-10,202,경기도,가평군,삼원수상레저,13,가평 2024_10.csv,레저스포츠,기타레저스포츠
가평,2024,10,2024-10,202,경기도,가평군,가평무브베이스볼파크,13,가평 2024_10.csv,문화관광,레저스포츠시설
가평,2024,10,2024-10,202,경기도,가평군,노랑다리미술관,13,가평 2024_10.csv,문화관광,전시시설
가평,2024,10,2024-10,206,경기도,가평군,은행나무낚시공원,12,가평 2024_10.csv,레저스포츠,수상레저스포츠
가평,2024,10,2024-10,206,경기도,가평군,유명산계곡,12,가평 2024_10.csv,자연관광,자연경관(산)
가평,2024,10,2024-10,206,경기도,가평군,화악계곡,12,가평 2024_10.csv,자연관광,자연경관(산)
가평,2024,10,2024-10,206,경기도,가평군,일지안호범미술관,12,가평 2024_10.csv,문화관광,전시시설
가평,2024,10,2024-10,206,경기도,가평군,보광사,12,가평 2024_10.csv,역사관광,종교성지
가평,2024,10,2024-10,206,경기도,가평군,자라섬야외수영장,12,가평 2024_10.csv,문화관광,테마공원
가평,2024,10,2024-10,212,경기도,가평군,청평유원지,11,가평 2024_10.csv,문화관광,복합관광시설
가평,2024,10,2024-10,212,경기도,가평군,떡바위유원지,11,가평 2024_10.csv,문화관광,복합관광시설
가평,2024,10,2024-10,212,경기도,가평군,선어치,11,가평 2024_10.csv,자연관광,자연경관(산)
가평,2024,10,2024-10,212,경기도,가평군,흥국사,11,가평 2024_10.csv,역사관광,종교성지
가평,2024,10,2024-10,212,경기도,가평군,미국한국전쟁참전기념비,11,가평 2024_10.csv,역사관광,역사유물
가평,2024,10,2024-10,217,경기도,가평군,연인산명품계곡길출렁다리,10,가평 2024_10.csv,기타관광,기타관광
가평,2024,10,2024-10,217,경기도,가평군,두밀리낚시터,10,가평 2024_10.csv,레저스포츠,수상레저스포츠
가평,2024,10,2024-10,217,경기도,가평군,마콤갤러리,10,가평 2024_10.csv,문화관광,전시시설
가평,2024,10,2024-10,220,경기도,가평군,운악산용수사,9,가평 2024_10.csv,역사관광,종교성지
가평,2024,10,2024-10,220,경기도,가평군,도대리용소폭포,9,가평 2024_10.csv,자연관광,자연경관(산)
가평,2024,10,2024-10,220,경기도,가평군,가평이음터,9,가평 2024_10.csv,문화관광,기타문화관광지
가평,2024,10,2024-10,220,경기도,가평군,자라섬관광안내소,9,가평 2024_10.csv,기타관광,기타관광
가평,2024,10,2024-10,220,경기도,가평군,도솔천사,9,가평 2024_10.csv,역사관광,종교성지
가평,2024,10,2024-10,220,경기도,가평군,코스모피아천문대,9,가평 2024_10.csv,문화관광,랜드마크관광
가평,2024,10,2024-10,220,경기도,가평군,가평사계절썰매장,9,가평 2024_10.csv,레저스포츠,육상레저스포츠
가평,2024,10,2024-10,220,경기도,가평군,성운사,9,가평 2024_10.csv,역사관광,종교성지
가평,2024,10,2024-10,220,경기도,가평군,뉴돌고래수상레저,9,가평 2024_10.csv,레저스포츠,수상레저스포츠
가평,2024,10,2024-10,229,경기도,가평군,경기둘레길가평19코스,8,가평 2024_10.csv,레저스포츠,기타레저스포츠
가평,2024,10,2024-10,229,경기도,가평군,관음사,8,가평 2024_10.csv,역사관광,종교성지
가평,2024,10,2024-10,229,경기도,가평군,썸머드림,8,가평 2024_10.csv,레저스포츠,수상레저스포츠
가평,2024,10,2024-10,229,경기도,가평군,가평군 상면 조가터마을,8,가평 2024_10.csv,문화관광,도시/지역문화관광
가평,2024,10,2024-10,229,경기도,가평군,르푸앙수상레져,8,가평 2024_10.csv,레저스포츠,수상레저스포츠
가평,2024,10,2024-10,229,경기도,가평군,자라섬리버마켓,8,가평 2024_10.csv,쇼핑,시장
가평,2024,10,2024-10,229,경기도,가평군,울업산,8,가평 2024_10.csv,자연관광,자연경관(산)
가평,2024,10,2024-10,236,경기도,가평군,가평군어린이음악놀이터,7,가평 2024_10.csv,문화관광,테마공원
가평,2024,10,2024-10,236,경기도,가평군,마린컴퍼니클럽,7,가평 2024_10.csv,레저스포츠,수상레저스포츠
가평,2024,10,2024-10,236,경기도,가평군,가평빠지클럽비발디,7,가평 2024_10.csv,레저스포츠,수상레저스포츠
가평,2024,10,2024-10,236,경기도,가평군,현등사계곡,7,가평 2024_10.csv,자연관광,자연경관(산)
가평,2024,10,2024-10,236,경기도,가평군,가람농원,7,가평 2024_10.csv,체험관광,농/산/어촌체험
가평,2024,10,2024-10,241,경기도,가평군,청평계곡,6,가평 2024_10.csv,자연관광,자연경관(산)
가평,2024,10,2024-10,241,경기도,가평군,대성리국민관광지관광안내소,6,가평 2024_10.csv,기타관광,기타관광
가평,2024,10,2024-10,241,경기도,가평군,이천보고가,6,가평 2024_10.csv,역사관광,역사유적지
가평,2024,10,2024-10,241,경기도,가평군,레인보우수상레저,6,가평 2024_10.csv,레저스포츠,수상레저스포츠
가평,2024,10,2024-10,241,경기도,가평군,가림미술관,6,가평 2024_10.csv,문화관광,전시시설
가평,2024,10,2024-10,241,경기도,가평군,남송미술관,6,가평 2024_10.csv,문화관광,전시시설
가평,2024,10,2024-10,241,경기도,가평군,청평스포랜드번지점프장,6,가평 2024_10.csv,레저스포츠,육상레저스포츠
가평,2024,10,2024-10,241,경기도,가평군,유스토리청소년수련원,6,가평 2024_10.csv,레저스포츠,육상레저스포츠
가평,2024,10,2024-10,241,경기도,가평군,대성사,6,가평 2024_10.csv,역사관광,종교성지
가평,2024,10,2024-10,241,경기도,가평군,운곡암,6,가평 2024_10.csv,역사관광,종교성지
가평,2024,10,2024-10,241,경기도,가평군,운악산반길이포도원,6,가평 2024_10.csv,체험관광,농/산/어촌체험
가평,2024,10,2024-10,241,경기도,가평군,용추계곡유원지,6,가평 2024_10.csv,문화관광,복합관광시설
가평,2024,10,2024-10,241,경기도,가평군,마린보이,6,가평 2024_10.csv,레저스포츠,수상레저스포츠
가평,2024,10,2024-10,241,경기도,가평군,호수유원지,6,가평 2024_10.csv,기타관광,기타관광
가평,2024,10,2024-10,241,경기도,가평군,욜로수상레저,6,가평 2024_10.csv,레저스포츠,수상레저스포츠
가평,2024,10,2024-10,241,경기도,가평군,대성리계곡,6,가평 2024_10.csv,자연관광,자연경관(산)
가평,2024,10,2024-10,241,경기도,가평군,이시스수상레저,6,가평 2024_10.csv,레저스포츠,수상레저스포츠
가평,2024,10,2024-10,258,경기도,가평군,라인수상레저,5,가평 2024_10.csv,레저스포츠,수상레저스포츠
가평,2024,10,2024-10,258,경기도,가평군,가평빠지크리스월드수상레저,5,가평 2024_10.csv,레저스포츠,수상레저스포츠
가평,2024,10,2024-10,258,경기도,가평군,클럽모아나,5,가평 2024_10.csv,레저스포츠,수상레저스포츠
가평,2024,10,2024-10,258,경기도,가평군,양진나루선착장,5,가평 2024_10.csv,기타관광,교통시설
가평,2024,10,2024-10,258,경기도,가평군,적목리신앙공동체유적지,5,가평 2024_10.csv,역사관광,역사유적지
가평,2024,10,2024-10,258,경기도,가평군,버드나무유원지,5,가평 2024_10.csv,문화관광,복합관광시설
가평,2024,10,2024-10,258,경기도,가평군,클럽나인수상레저,5,가평 2024_10.csv,레저스포츠,수상레저스포츠
가평,2024,10,2024-10,265,경기도,가평군,수궁유원지,4,가평 2024_10.csv,문화관광,복합관광시설
가평,2024,10,2024-10,265,경기도,가평군,어거스트수상레저,4,가평 2024_10.csv,레저스포츠,수상레저스포츠
가평,2024,10,2024-10,265,경기도,가평군,에델바이스비어&수국페스티벌,4,가평 2024_10.csv,문화관광,기타문화관광지
가평,2024,10,2024-10,265,경기도,가평군,조종천계곡,4,가평 2024_10.csv,자연관광,자연경관(산)
가평,2024,10,2024-10,265,경기도,가평군,광법사,4,가평 2024_10.csv,역사관광,종교성지
가평,2024,10,2024-10,265,경기도,가평군,소구니산,4,가평 2024_10.csv,자연관광,자연경관(산)
가평,2024,10,2024-10,265,경기도,가평군,화명사,4,가평 2024_10.csv,역사관광,종교성지
가평,2024,10,2024-10,265,경기도,가평군,효심사,4,가평 2024_10.csv,역사관광,종교성지
가평,2024,10,2024-10,273,경기도,가평군,사그막농원,3,가평 2024_10.csv,체험관광,농/산/어촌체험
가평,2024,10,2024-10,273,경기도,가평군,유풍농원,3,가평 2024_10.csv,체험관광,농/산/어촌체험
가평,2024,10,2024-10,273,경기도,가평군,바르도수상레저,3,가평 2024_10.csv,레저스포츠,수상레저스포츠
가평,2024,10,2024-10,273,경기도,가평군,가평묘목농원,3,가평 2024_10.csv,체험관광,농/산/어촌체험
가평,2024,10,2024-10,273,경기도,가평군,룰루마린수상레저,3,가평 2024_10.csv,레저스포츠,수상레저스포츠
가평,2024,10,2024-10,273,경기도,가평군,현리계곡,3,가평 2024_10.csv,자연관광,자연경관(산)
가평,2024,10,2024-10,273,경기도,가평군,이뜨랜수상레저,3,가평 2024_10.csv,레저스포츠,수상레저스포츠
가평,2024,10,2024-10,273,경기도,가평군,반딧불이서식생태공원,3,가평 2024_10.csv,문화관광,도시공원
가평,2024,10,2024-10,273,경기도,가평군,뫼오름농원,3,가평 2024_10.csv,체험관광,농/산/어촌체험
가평,2024,10,2024-10,273,경기도,가평군,하곡운악산포도농원,3,가평 2024_10.csv,체험관광,농/산/어촌체험
가평,2024,10,2024-10,273,경기도,가평군,쁘띠프랑스전망대,3,가평 2024_10.csv,기타관광,기타관광
가평,2024,10,2024-10,273,경기도,가평군,아침고요체험살피꽃다방,3,가평 2024_10.csv,레저스포츠,기타레저스포츠
가평,2024,10,2024-10,273,경기도,가평군,용소유원지,3,가평 2024_10.csv,문화관광,복합관광시설
가평,2024,10,2024-10,273,경기도,가평군,인스타랩,3,가평 2024_10.csv,문화관광,기타문화관광지
가평,2024,10,2024-10,273,경기도,가평군,캐나다전투기념비,3,가평 2024_10.csv,역사관광,역사유물
가평,2024,10,2024-10,273,경기도,가평군,경반계곡,3,가평 2024_10.csv,자연관광,자연경관(산)
가평,2024,10,2024-10,273,경기도,가평군,북한강유원지,3,가평 2024_10.csv,문화관광,복합관광시설
가평,2024,10,2024-10,273,경기도,가평군,청평산장유원지,3,가평 2024_10.csv,문화관광,복합관광시설
가평,2024,10,2024-10,273,경기도,가평군,안골계곡,3,가평 2024_10.csv,자연관광,자연경관(산)
가평,2024,10,2024-10,273,경기도,가평군,축령사,3,가평 2024_10.csv,역사관광,종교성지
가평,2024,10,2024-10,273,경기도,가평군,평화유원지,3,가평 2024_10.csv,문화관광,복합관광시설
가평,2024,10,2024-10,273,경기도,가평군,고동산,3,가평 2024_10.csv,자연관광,자연경관(산)
가평,2024,10,2024-10,273,경기도,가평군,K2수상레져,3,가평 2024_10.csv,레저스포츠,수상레저스포츠
가평,2024,10,2024-10,273,경기도,가평군,루시아수상레저,3,가평 2024_10.csv,레저스포츠,수상레저스포츠
가평,2024,10,2024-10,273,경기도,가평군,탐선계곡유원지,3,가평 2024_10.csv,문화관광,복합관광시설
가평,2024,10,2024-10,273,경기도,가평군,청평자연유원지,3,가평 2024_10.csv,문화관광,복합관광시설
가평,2024,10,2024-10,273,경기도,가평군,송학포유원지,3,가평 2024_10.csv,문화관광,복합관광시설
가평,2024,10,2024-10,273,경기도,가평군,중봉,3,가평 2024_10.csv,자연관광,자연경관(산)
가평,2024,10,2024-10,273,경기도,가평군,상락향,3,가평 2024_10.csv,역사관광,종교성지
가평,2024,10,2024-10,273,경기도,가평군,인터렉티브아트뮤지엄,3,가평 2024_10.csv,문화관광,전시시설
가평,2024,10,2024-10,273,경기도,가평군,가평빠지이비자수상레저,3,가평 2024_10.csv,레저스포츠,수상레저스포츠
가평,2024,10,2024-10,273,경기도,가평군,아레나수상레저,3,가평 2024_10.csv,레저스포츠,수상레저스포츠
가평,2024,10,2024-10,273,경기도,가평군,상천지구농촌테마공원,3,가평 2024_10.csv,문화관광,전시시설
가평,2024,10,2024-10,273,경기도,가평군,녹야원,3,가평 2024_10.csv,문화관광,테마공원
가평,2024,10,2024-10,273,경기도,가평군,불기고개,3,가평 2024_10.csv,자연관광,자연경관(산)
가평,2024,10,2024-10,273,경기도,가평군,청호수상레저,3,가평 2024_10.csv,레저스포츠,수상레저스포츠
가평,2024,10,2024-10,273,경기도,가평군,조종생활체육공원축구장,3,가평 2024_10.csv,문화관광,레저스포츠시설
가평,2024,10,2024-10,273,경기도,가평군,성주사,3,가평 2024_10.csv,역사관광,종교성지
가평,2024,10,2024-10,273,경기도,가평군,꿈의동산놀이공원안보전시관,3,가평 2024_10.csv,문화관광,전시시설
가평,2024,11,2024-11,1,경기도,가평군,남이섬선착장,25240,가평 2024_11.csv,기타관광,교통시설
가평,2024,11,2024-11,2,경기도,가평군,남이섬,20982,가평 2024_11.csv,자연관광,자연경관(하천/해양)
가평,2024,11,2024-11,3,경기도,가평군,아침고요수목원,13380,가평 2024_11.csv,문화관광,테마공원
가평,2024,11,2024-11,4,경기도,가평군,청평역,5532,가평 2024_11.csv,기타관광,교통시설
가평,2024,11,2024-11,5,경기도,가평군,아난티코드골프클럽,5191,가평 2024_11.csv,레저스포츠,육상레저스포츠
가평,2024,11,2024-11,6,경기도,가평군,썬힐GC,4611,가평 2024_11.csv,레저스포츠,육상레저스포츠
가평,2024,11,2024-11,7,경기도,가평군,가평베네스트GC,4310,가평 2024_11.csv,레저스포츠,육상레저스포츠
가평,2024,11,2024-11,8,경기도,가평군,베뉴지CC,4090,가평 2024_11.csv,레저스포츠,육상레저스포츠
가평,2024,11,2024-11,9,경기도,가평군,리앤리CC,4001,가평 2024_11.csv,레저스포츠,육상레저스포츠
가평,2024,11,2024-11,10,경기도,가평군,자라섬,3856,가평 2024_11.csv,자연관광,자연경관(하천/해양)
가평,2024,11,2024-11,11,경기도,가평군,프리스틴밸리GC,3779,가평 2024_11.csv,레저스포츠,육상레저스포츠
가평,2024,11,2024-11,12,경기도,가평군,쁘띠프랑스,3391,가평 2024_11.csv,문화관광,복합관광시설
가평,2024,11,2024-11,13,경기도,가평군,크리스탈밸리CC,3390,가평 2024_11.csv,레저스포츠,육상레저스포츠
가평,2024,11,2024-11,14,경기도,가평군,대성리역,3066,가평 2024_11.csv,기타관광,교통시설
가평,2024,11,2024-11,15,경기도,가평군,유명산자연휴양림,2750,가평 2024_11.csv,자연관광,자연공원
가평,2024,11,2024-11,16,경기도,가평군,마이다스밸리청평 골프클럽,2356,가평 2024_11.csv,레저스포츠,육상레저스포츠
가평,2024,11,2024-11,17,경기도,가평군,현리시외버스터미널,2208,가평 2024_11.csv,기타관광,교통시설
가평,2024,11,2024-11,18,경기도,가평군,아침고요가족동물원,2144,가평 2024_11.csv,문화관광,테마공원
가평,2024,11,2024-11,19,경기도,가평군,가평베고니아새정원,1981,가평 2024_11.csv,문화관광,테마공원
가평,2024,11,2024-11,20,경기도,가평군,경기도잣향기푸른숲,1791,가평 2024_11.csv,자연관광,자연공원
가평,2024,11,2024-11,21,경기도,가평군,강촌레일파크가평역,1304,가평 2024_11.csv,레저스포츠,기타레저스포츠
가평,2024,11,2024-11,22,경기도,가평군,가평시외버스터미널,1297,가평 2024_11.csv,기타관광,교통시설
가평,2024,11,2024-11,23,경기도,가평군,청평시외버스터미널,1204,가평 2024_11.csv,기타관광,교통시설
가평,2024,11,2024-11,24,경기도,가평군,중앙내수면연구소벚꽃길,1153,가평 2024_11.csv,기타관광,기타관광
가평,2024,11,2024-11,25,경기도,가평군,신비동물원,1094,가평 2024_11.csv,문화관광,테마공원
가평,2024,11,2024-11,26,경기도,가평군,에델바이스스위스테마파크,1061,가평 2024_11.csv,문화관광,테마공원
가평,2024,11,2024-11,27,경기도,가평군,호명호수,1022,가평 2024_11.csv,자연관광,자연경관(하천/해양)
가평,2024,11,2024-11,28,경기도,가평군,K26잠수풀,739,가평 2024_11.csv,레저스포츠,수상레저스포츠
가평,2024,11,2024-11,29,경기도,가평군,청심국제청소년수련원,707,가평 2024_11.csv,레저스포츠,육상레저스포츠
가평,2024,11,2024-11,30,경기도,가평군,청평자연휴양림,689,가평 2024_11.csv,자연관광,자연공원
가평,2024,11,2024-11,31,경기도,가평군,상천역,679,가평 2024_11.csv,기타관광,교통시설
가평,2024,11,2024-11,32,경기도,가평군,산장관광지,623,가평 2024_11.csv,문화관광,복합관광시설
가평,2024,11,2024-11,33,경기도,가평군,청평호반드라이브코스,598,가평 2024_11.csv,기타관광,데이트코스
가평,2024,11,2024-11,34,경기도,가평군,가평파크골프장,586,가평 2024_11.csv,레저스포츠,육상레저스포츠
가평,2024,11,2024-11,35,경기도,가평군,설악시외버스터미널,563,가평 2024_11.csv,기타관광,교통시설
가평,2024,11,2024-11,36,경기도,가평군,스카이라인짚와이어,554,가평 2024_11.csv,문화관광,복합관광시설
가평,2024,11,2024-11,37,경기도,가평군,현등사,514,가평 2024_11.csv,역사관광,종교성지
가평,2024,11,2024-11,38,경기도,가평군,호명호수공원,493,가평 2024_11.csv,문화관광,도시공원
가평,2024,11,2024-11,39,경기도,가평군,음악역1939,468,가평 2024_11.csv,문화관광,기타문화관광지
가평,2024,11,2024-11,40,경기도,가평군,잣고을전통시장,422,가평 2024_11.csv,쇼핑,시장
가평,2024,11,2024-11,41,경기도,가평군,가평크루즈,404,가평 2024_11.csv,레저스포츠,기타레저스포츠
가평,2024,11,2024-11,42,경기도,가평군,청평호,403,가평 2024_11.csv,자연관광,자연경관(하천/해양)
가평,2024,11,2024-11,43,경기도,가평군,강씨봉자연휴양림,398,가평 2024_11.csv,자연관광,자연공원
가평,2024,11,2024-11,44,경기도,가평군,가평별빛공원,386,가평 2024_11.csv,문화관광,도시공원
가평,2024,11,2024-11,45,경기도,가평군,한국초콜릿연구소뮤지엄,381,가평 2024_11.csv,문화관광,전시시설
가평,2024,11,2024-11,46,경기도,가평군,호명산드라이브코스,371,가평 2024_11.csv,기타관광,데이트코스
가평,2024,11,2024-11,47,경기도,가평군,청평생활체육공원,354,가평 2024_11.csv,문화관광,도시공원
가평,2024,11,2024-11,48,경기도,가평군,칼봉산자연휴양림,346,가평 2024_11.csv,자연관광,자연공원
가평,2024,11,2024-11,49,경기도,가평군,운악산출렁다리,337,가평 2024_11.csv,기타관광,기타관광
가평,2024,11,2024-11,50,경기도,가평군,꿈의동산,334,가평 2024_11.csv,문화관광,복합관광시설
가평,2024,11,2024-11,51,경기도,가평군,이탈리아마을 피노키오와다빈치,329,가평 2024_11.csv,문화관광,복합관광시설
가평,2024,11,2024-11,52,경기도,가평군,연인산명품계곡길,328,가평 2024_11.csv,레저스포츠,기타레저스포츠
가평,2024,11,2024-11,53,경기도,가평군,청심평화월드센터,307,가평 2024_11.csv,문화관광,공연시설
가평,2024,11,2024-11,54,경기도,가평군,백련사,306,가평 2024_11.csv,역사관광,종교성지
가평,2024,11,2024-11,55,경기도,가평군,남도꽃정원,298,가평 2024_11.csv,문화관광,도시공원
가평,2024,11,2024-11,56,경기도,가평군,더스테이힐링파크링스파3골프장,262,가평 2024_11.csv,레저스포츠,육상레저스포츠
가평,2024,11,2024-11,57,경기도,가평군,가평브릿지짚라인,253,가평 2024_11.csv,레저스포츠,기타레저스포츠
가평,2024,11,2024-11,58,경기도,가평군,용추계곡,222,가평 2024_11.csv,자연관광,자연경관(산)
가평,2024,11,2024-11,59,경기도,가평군,W홀스랜드,210,가평 2024_11.csv,레저스포츠,육상레저스포츠
가평,2024,11,2024-11,60,경기도,가평군,자라섬출렁다리,203,가평 2024_11.csv,기타관광,기타관광
가평,2024,11,2024-11,61,경기도,가평군,운악산,202,가평 2024_11.csv,자연관광,자연경관(산)
가평,2024,11,2024-11,62,경기도,가평군,이화원,186,가평 2024_11.csv,문화관광,도시공원
가평,2024,11,2024-11,63,경기도,가평군,대성리국민관광지,163,가평 2024_11.csv,문화관광,복합관광시설
가평,2024,11,2024-11,64,경기도,가평군,천정궁박물관,158,가평 2024_11.csv,문화관광,전시시설
가평,2024,11,2024-11,64,경기도,가평군,녹수계곡,158,가평 2024_11.csv,자연관광,자연경관(산)
가평,2024,11,2024-11,66,경기도,가평군,가평수목원,150,가평 2024_11.csv,자연관광,자연공원
가평,2024,11,2024-11,67,경기도,가평군,어비계곡,149,가평 2024_11.csv,자연관광,자연경관(산)
가평,2024,11,2024-11,68,경기도,가평군,가평정기5일시장,146,가평 2024_11.csv,쇼핑,시장
가평,2024,11,2024-11,69,경기도,가평군,청평5일시장,137,가평 2024_11.csv,쇼핑,시장
가평,2024,11,2024-11,70,경기도,가평군,경기도잣향기푸른숲안내매표소,131,가평 2024_11.csv,기타관광,기타관광
가평,2024,11,2024-11,70,경기도,가평군,유명산,131,가평 2024_11.csv,자연관광,자연경관(산)
가평,2024,11,2024-11,72,경기도,가평군,목동버스터미널,126,가평 2024_11.csv,기타관광,교통시설
가평,2024,11,2024-11,72,경기도,가평군,캠프통포레스트,126,가평 2024_11.csv,레저스포츠,수상레저스포츠
가평,2024,11,2024-11,74,경기도,가평군,연인산,122,가평 2024_11.csv,자연관광,자연경관(산)
가평,2024,11,2024-11,75,경기도,가평군,대원사,114,가평 2024_11.csv,역사관광,종교성지
가평,2024,11,2024-11,76,경기도,가평군,가평TOP랜드,111,가평 2024_11.csv,레저스포츠,수상레저스포츠
가평,2024,11,2024-11,77,경기도,가평군,가일미술관,106,가평 2024_11.csv,문화관광,전시시설
가평,2024,11,2024-11,78,경기도,가평군,설악5일장,102,가평 2024_11.csv,쇼핑,시장
가평,2024,11,2024-11,79,경기도,가평군,조종시네마,101,가평 2024_11.csv,문화관광,공연시설
가평,2024,11,2024-11,79,경기도,가평군,달마공원관음사,101,가평 2024_11.csv,역사관광,종교성지
가평,2024,11,2024-11,81,경기도,가평군,가평레져카트장,98,가평 2024_11.csv,레저스포츠,기타레저스포츠
가평,2024,11,2024-11,82,경기도,가평군,트니트니어드벤처,97,가평 2024_11.csv,문화관광,테마공원
가평,2024,11,2024-11,82,경기도,가평군,설악낚시터,97,가평 2024_11.csv,레저스포츠,수상레저스포츠
가평,2024,11,2024-11,84,경기도,가평군,연인산도립공원탐방안내소,93,가평 2024_11.csv,기타관광,기타관광
가평,2024,11,2024-11,85,경기도,가평군,캠프통아일랜드,91,가평 2024_11.csv,레저스포츠,수상레저스포츠
가평,2024,11,2024-11,86,경기도,가평군,일칠일관광농원,90,가평 2024_11.csv,체험관광,농/산/어촌체험
가평,2024,11,2024-11,87,경기도,가평군,자라섬생태공원,85,가평 2024_11.csv,문화관광,도시공원
가평,2024,11,2024-11,88,경기도,가평군,청평호수길,84,가평 2024_11.csv,기타관광,기타관광
가평,2024,11,2024-11,89,경기도,가평군,청평여울시장,81,가평 2024_11.csv,쇼핑,시장
가평,2024,11,2024-11,90,경기도,가평군,자연과별천문대,79,가평 2024_11.csv,기타관광,기타관광
가평,2024,11,2024-11,91,경기도,가평군,북면생활체육공원,74,가평 2024_11.csv,문화관광,도시공원
가평,2024,11,2024-11,92,경기도,가평군,화악산,71,가평 2024_11.csv,자연관광,자연경관(산)
가평,2024,11,2024-11,93,경기도,가평군,연인산용추구곡방면,70,가평 2024_11.csv,자연관광,자연경관(산)
가평,2024,11,2024-11,94,경기도,가평군,리버랜드번지점프장,68,가평 2024_11.csv,레저스포츠,육상레저스포츠
가평,2024,11,2024-11,94,경기도,가평군,운악산성불사,68,가평 2024_11.csv,역사관광,종교성지
가평,2024,11,2024-11,94,경기도,가평군,산림생태문화체험단지,68,가평 2024_11.csv,기타관광,기타관광
가평,2024,11,2024-11,97,경기도,가평군,도장골낚시터,65,가평 2024_11.csv,레저스포츠,수상레저스포츠
가평,2024,11,2024-11,98,경기도,가평군,명지산생태전시관,61,가평 2024_11.csv,문화관광,전시시설
가평,2024,11,2024-11,98,경기도,가평군,청평유원지,61,가평 2024_11.csv,문화관광,복합관광시설
가평,2024,11,2024-11,100,경기도,가평군,상면생활체육공원,60,가평 2024_11.csv,문화관광,도시공원
가평,2024,11,2024-11,101,경기도,가평군,호명산,59,가평 2024_11.csv,자연관광,자연경관(산)
가평,2024,11,2024-11,102,경기도,가평군,용소폭포,55,가평 2024_11.csv,자연관광,자연경관(산)
가평,2024,11,2024-11,103,경기도,가평군,가평낚시터,54,가평 2024_11.csv,레저스포츠,수상레저스포츠
가평,2024,11,2024-11,103,경기도,가평군,태은사,54,가평 2024_11.csv,역사관광,종교성지
가평,2024,11,2024-11,103,경기도,가평군,가평에덴벚꽃길,54,가평 2024_11.csv,기타관광,기타관광
가평,2024,11,2024-11,106,경기도,가평군,가평현리5일장,52,가평 2024_11.csv,쇼핑,시장
가평,2024,11,2024-11,107,경기도,가평군,현리유원지,51,가평 2024_11.csv,문화관광,복합관광시설
가평,2024,11,2024-11,108,경기도,가평군,가평뮤직빌리지1939시네마,50,가평 2024_11.csv,문화관광,공연시설
가평,2024,11,2024-11,109,경기도,가평군,이정구선생묘,49,가평 2024_11.csv,역사관광,역사유적지
가평,2024,11,2024-11,110,경기도,가평군,오페라하우스수상레저,46,가평 2024_11.csv,레저스포츠,수상레저스포츠
가평,2024,11,2024-11,111,경기도,가평군,조종생활체육공원,44,가평 2024_11.csv,문화관광,도시공원
가평,2024,11,2024-11,112,경기도,가평군,상천낚시터,43,가평 2024_11.csv,레저스포츠,수상레저스포츠
가평,2024,11,2024-11,113,경기도,가평군,수풀로삼회리,41,가평 2024_11.csv,문화관광,도시공원
가평,2024,11,2024-11,114,경기도,가평군,가평축령산잣나무숲,40,가평 2024_11.csv,자연관광,자연공원
가평,2024,11,2024-11,115,경기도,가평군,설악생활체육공원,39,가평 2024_11.csv,문화관광,도시공원
가평,2024,11,2024-11,115,경기도,가평군,토마토레저파크,39,가평 2024_11.csv,레저스포츠,기타레저스포츠
가평,2024,11,2024-11,117,경기도,가평군,북배산흑염소농장,38,가평 2024_11.csv,체험관광,농/산/어촌체험
가평,2024,11,2024-11,117,경기도,가평군,행복축구전용구장,38,가평 2024_11.csv,문화관광,레저스포츠시설
가평,2024,11,2024-11,119,경기도,가평군,신청평대교야구장,37,가평 2024_11.csv,문화관광,레저스포츠시설
가평,2024,11,2024-11,120,경기도,가평군,남송미술관,36,가평 2024_11.csv,문화관광,전시시설
가평,2024,11,2024-11,120,경기도,가평군,수영인의마을,36,가평 2024_11.csv,레저스포츠,수상레저스포츠
가평,2024,11,2024-11,122,경기도,가평군,웨이크베이리조트,35,가평 2024_11.csv,레저스포츠,기타레저스포츠
가평,2024,11,2024-11,123,경기도,가평군,가평무브베이스볼파크,33,가평 2024_11.csv,문화관광,레저스포츠시설
가평,2024,11,2024-11,124,경기도,가평군,청평암,32,가평 2024_11.csv,역사관광,종교성지
가평,2024,11,2024-11,124,경기도,가평군,하천리생활체육공원,32,가평 2024_11.csv,문화관광,도시공원
가평,2024,11,2024-11,124,경기도,가평군,희망축구전용구장,32,가평 2024_11.csv,문화관광,레저스포츠시설
가평,2024,11,2024-11,124,경기도,가평군,남이섬벚꽃명소,32,가평 2024_11.csv,기타관광,기타관광
가평,2024,11,2024-11,128,경기도,가평군,물의나라유원지,31,가평 2024_11.csv,문화관광,복합관광시설
가평,2024,11,2024-11,128,경기도,가평군,해별달사과,31,가평 2024_11.csv,체험관광,농/산/어촌체험
가평,2024,11,2024-11,130,경기도,가평군,조무락계곡,29,가평 2024_11.csv,자연관광,자연경관(산)
가평,2024,11,2024-11,130,경기도,가평군,취옹예술관,29,가평 2024_11.csv,문화관광,전시시설
가평,2024,11,2024-11,130,경기도,가평군,아침고요수목원오색별빛정원전,29,가평 2024_11.csv,문화관광,기타문화관광지
가평,2024,11,2024-11,130,경기도,가평군,명지계곡,29,가평 2024_11.csv,자연관광,자연경관(산)
가평,2024,11,2024-11,130,경기도,가평군,아침고요수목원국화전시회,29,가평 2024_11.csv,문화관광,기타문화관광지
가평,2024,11,2024-11,130,경기도,가평군,워터피아수상레저,29,가평 2024_11.csv,레저스포츠,수상레저스포츠
가평,2024,11,2024-11,136,경기도,가평군,서프앤,28,가평 2024_11.csv,레저스포츠,수상레저스포츠
가평,2024,11,2024-11,137,경기도,가평군,가평역레져,27,가평 2024_11.csv,레저스포츠,기타레저스포츠
가평,2024,11,2024-11,138,경기도,가평군,가마소유원지,26,가평 2024_11.csv,문화관광,복합관광시설
가평,2024,11,2024-11,138,경기도,가평군,자라섬워터파크,26,가평 2024_11.csv,문화관광,테마공원
가평,2024,11,2024-11,138,경기도,가평군,가평하늘커피농장,26,가평 2024_11.csv,체험관광,농/산/어촌체험
가평,2024,11,2024-11,141,경기도,가평군,상천루,25,가평 2024_11.csv,문화관광,도시공원
가평,2024,11,2024-11,141,경기도,가평군,상락향수도원,25,가평 2024_11.csv,역사관광,종교성지
가평,2024,11,2024-11,143,경기도,가평군,씨브이리조트,24,가평 2024_11.csv,레저스포츠,수상레저스포츠
가평,2024,11,2024-11,144,경기도,가평군,목동근린공원전망대,23,가평 2024_11.csv,문화관광,랜드마크관광
가평,2024,11,2024-11,145,경기도,가평군,이정웅스페이스,22,가평 2024_11.csv,문화관광,전시시설
가평,2024,11,2024-11,146,경기도,가평군,산유낚시터,21,가평 2024_11.csv,레저스포츠,수상레저스포츠
가평,2024,11,2024-11,147,경기도,가평군,색현터널,19,가평 2024_11.csv,기타관광,기타관광
가평,2024,11,2024-11,147,경기도,가평군,팀더블유,19,가평 2024_11.csv,레저스포츠,기타레저스포츠
가평,2024,11,2024-11,147,경기도,가평군,에덴야구장,19,가평 2024_11.csv,문화관광,레저스포츠시설
가평,2024,11,2024-11,150,경기도,가평군,상천저수지,18,가평 2024_11.csv,자연관광,자연경관(하천/해양)
가평,2024,11,2024-11,151,경기도,가평군,자이언트수상레저리조트,17,가평 2024_11.csv,레저스포츠,수상레저스포츠
가평,2024,11,2024-11,151,경기도,가평군,운악산관음사,17,가평 2024_11.csv,역사관광,종교성지
가평,2024,11,2024-11,151,경기도,가평군,일지안호범미술관,17,가평 2024_11.csv,문화관광,전시시설
가평,2024,11,2024-11,151,경기도,가평군,두밀리낚시터,17,가평 2024_11.csv,레저스포츠,수상레저스포츠
가평,2024,11,2024-11,151,경기도,가평군,가평리틀야구장,17,가평 2024_11.csv,문화관광,레저스포츠시설
가평,2024,11,2024-11,156,경기도,가평군,청평유원지,16,가평 2024_11.csv,문화관광,복합관광시설
가평,2024,11,2024-11,156,경기도,가평군,이방실장군묘,16,가평 2024_11.csv,역사관광,역사유적지
가평,2024,11,2024-11,156,경기도,가평군,버드마리나수상레저,16,가평 2024_11.csv,레저스포츠,기타레저스포츠
가평,2024,11,2024-11,159,경기도,가평군,설악생활체육공원축구장,15,가평 2024_11.csv,문화관광,레저스포츠시설
가평,2024,11,2024-11,159,경기도,가평군,축령사,15,가평 2024_11.csv,역사관광,종교성지
가평,2024,11,2024-11,159,경기도,가평군,적목리신앙공동체유적지,15,가평 2024_11.csv,역사관광,역사유적지
가평,2024,11,2024-11,162,경기도,가평군,청평스포랜드번지점프장,14,가평 2024_11.csv,레저스포츠,육상레저스포츠
가평,2024,11,2024-11,162,경기도,가평군,엘혜윰의정원,14,가평 2024_11.csv,레저스포츠,육상레저스포츠
가평,2024,11,2024-11,164,경기도,가평군,아루바수상레저,13,가평 2024_11.csv,레저스포츠,기타레저스포츠
가평,2024,11,2024-11,164,경기도,가평군,청춘역1979,13,가평 2024_11.csv,문화관광,도시공원
가평,2024,11,2024-11,164,경기도,가평군,청룡사,13,가평 2024_11.csv,역사관광,종교성지
가평,2024,11,2024-11,164,경기도,가평군,캐나다전투기념비,13,가평 2024_11.csv,역사관광,역사유물
가평,2024,11,2024-11,164,경기도,가평군,대성수상레저,13,가평 2024_11.csv,레저스포츠,수상레저스포츠
가평,2024,11,2024-11,169,경기도,가평군,현리계곡,12,가평 2024_11.csv,자연관광,자연경관(산)
가평,2024,11,2024-11,169,경기도,가평군,운악산가평현등사방면,12,가평 2024_11.csv,자연관광,자연경관(산)
가평,2024,11,2024-11,169,경기도,가평군,불기고개,12,가평 2024_11.csv,자연관광,자연경관(산)
가평,2024,11,2024-11,169,경기도,가평군,헤이븐,12,가평 2024_11.csv,레저스포츠,수상레저스포츠
가평,2024,11,2024-11,173,경기도,가평군,운악산용수사,11,가평 2024_11.csv,역사관광,종교성지
가평,2024,11,2024-11,173,경기도,가평군,연인산명품계곡길출렁다리,11,가평 2024_11.csv,기타관광,기타관광
가평,2024,11,2024-11,173,경기도,가평군,가평종합운동장야구장,11,가평 2024_11.csv,문화관광,레저스포츠시설
가평,2024,11,2024-11,173,경기도,가평군,자라섬황톳길,11,가평 2024_11.csv,레저스포츠,기타레저스포츠
가평,2024,11,2024-11,173,경기도,가평군,운곡암,11,가평 2024_11.csv,역사관광,종교성지
가평,2024,11,2024-11,173,경기도,가평군,설미재미술관,11,가평 2024_11.csv,문화관광,전시시설
가평,2024,11,2024-11,179,경기도,가평군,HJ매그놀리아멋집,10,가평 2024_11.csv,문화관광,기타문화관광지
가평,2024,11,2024-11,179,경기도,가평군,가평군어린이음악놀이터,10,가평 2024_11.csv,문화관광,테마공원
가평,2024,11,2024-11,179,경기도,가평군,화악계곡,10,가평 2024_11.csv,자연관광,자연경관(산)
가평,2024,11,2024-11,179,경기도,가평군,노랑다리미술관,10,가평 2024_11.csv,문화관광,전시시설
가평,2024,11,2024-11,179,경기도,가평군,보납산전망대,10,가평 2024_11.csv,문화관광,랜드마크관광
가평,2024,11,2024-11,184,경기도,가평군,삼회리벚꽃길,9,가평 2024_11.csv,기타관광,데이트코스
가평,2024,11,2024-11,184,경기도,가평군,도대리용소폭포,9,가평 2024_11.csv,자연관광,자연경관(산)
가평,2024,11,2024-11,184,경기도,가평군,아침마루공원,9,가평 2024_11.csv,문화관광,도시공원
가평,2024,11,2024-11,184,경기도,가평군,경기둘레길가평19코스,9,가평 2024_11.csv,레저스포츠,기타레저스포츠
가평,2024,11,2024-11,184,경기도,가평군,가평이음터,9,가평 2024_11.csv,문화관광,기타문화관광지
가평,2024,11,2024-11,184,경기도,가평군,클럽이글스수상레저,9,가평 2024_11.csv,레저스포츠,기타레저스포츠
가평,2024,11,2024-11,184,경기도,가평군,덕혜암,9,가평 2024_11.csv,역사관광,종교성지
가평,2024,11,2024-11,184,경기도,가평군,마린랜드,9,가평 2024_11.csv,레저스포츠,수상레저스포츠
가평,2024,11,2024-11,192,경기도,가평군,물조은빠지,8,가평 2024_11.csv,레저스포츠,수상레저스포츠
가평,2024,11,2024-11,193,경기도,가평군,가평레저파크,7,가평 2024_11.csv,레저스포츠,기타레저스포츠
가평,2024,11,2024-11,193,경기도,가평군,중봉,7,가평 2024_11.csv,자연관광,자연경관(산)
가평,2024,11,2024-11,193,경기도,가평군,가평문화창작공간얼쑤공장,7,가평 2024_11.csv,문화관광,기타문화관광지
가평,2024,11,2024-11,196,경기도,가평군,수궁유원지,6,가평 2024_11.csv,문화관광,복합관광시설
가평,2024,11,2024-11,196,경기도,가평군,가평철길공원,6,가평 2024_11.csv,문화관광,도시공원
가평,2024,11,2024-11,196,경기도,가평군,삼원수상레저,6,가평 2024_11.csv,레저스포츠,기타레저스포츠
가평,2024,11,2024-11,196,경기도,가평군,관음사,6,가평 2024_11.csv,역사관광,종교성지
가평,2024,11,2024-11,196,경기도,가평군,북한강유원지,6,가평 2024_11.csv,문화관광,복합관광시설
가평,2024,11,2024-11,196,경기도,가평군,청정낚시터,6,가평 2024_11.csv,레저스포츠,수상레저스포츠
가평,2024,11,2024-11,196,경기도,가평군,쁘띠프랑스오르골하우스,6,가평 2024_11.csv,기타관광,기타관광
가평,2024,11,2024-11,196,경기도,가평군,하이수상레저이비자1호점,6,가평 2024_11.csv,레저스포츠,수상레저스포츠
가평,2024,11,2024-11,196,경기도,가평군,가람농원,6,가평 2024_11.csv,체험관광,농/산/어촌체험
가평,2024,11,2024-11,196,경기도,가평군,자라섬야외수영장,6,가평 2024_11.csv,문화관광,테마공원
가평,2024,11,2024-11,206,경기도,가평군,승천사,5,가평 2024_11.csv,역사관광,종교성지
가평,2024,11,2024-11,206,경기도,가평군,용문산전투가평지구전적비,5,가평 2024_11.csv,역사관광,역사유물
가평,2024,11,2024-11,206,경기도,가평군,청평첫집,5,가평 2024_11.csv,레저스포츠,수상레저스포츠
가평,2024,11,2024-11,209,경기도,가평군,용추폭포,4,가평 2024_11.csv,자연관광,자연경관(산)
가평,2024,11,2024-11,209,경기도,가평군,빠져수상레저,4,가평 2024_11.csv,레저스포츠,수상레저스포츠
가평,2024,11,2024-11,209,경기도,가평군,이천보고가,4,가평 2024_11.csv,역사관광,역사유적지
가평,2024,11,2024-11,209,경기도,가평군,중종대왕태봉,4,가평 2024_11.csv,기타관광,기타관광
가평,2024,11,2024-11,209,경기도,가평군,보광사,4,가평 2024_11.csv,역사관광,종교성지
가평,2024,11,2024-11,209,경기도,가평군,청평산장유원지,4,가평 2024_11.csv,문화관광,복합관광시설
가평,2024,11,2024-11,209,경기도,가평군,현등사계곡,4,가평 2024_11.csv,자연관광,자연경관(산)
가평,2024,11,2024-11,209,경기도,가평군,귀목계곡,4,가평 2024_11.csv,자연관광,자연경관(산)
가평,2024,11,2024-11,209,경기도,가평군,서호유원지,4,가평 2024_11.csv,문화관광,복합관광시설
가평,2024,11,2024-11,209,경기도,가평군,마린보이,4,가평 2024_11.csv,레저스포츠,수상레저스포츠
가평,2024,11,2024-11,209,경기도,가평군,여여암,4,가평 2024_11.csv,역사관광,종교성지
가평,2024,11,2024-11,209,경기도,가평군,선어치,4,가평 2024_11.csv,자연관광,자연경관(산)
가평,2024,11,2024-11,209,경기도,가평군,소풍레저,4,가평 2024_11.csv,레저스포츠,수상레저스포츠
가평,2024,11,2024-11,209,경기도,가평군,더스테이힐링파크와일드가든,4,가평 2024_11.csv,문화관광,도시공원
가평,2024,11,2024-11,209,경기도,가평군,성주사,4,가평 2024_11.csv,역사관광,종교성지
가평,2024,11,2024-11,209,경기도,가평군,가평열기구,4,가평 2024_11.csv,레저스포츠,기타레저스포츠
가평,2024,11,2024-11,209,경기도,가평군,김중식미술관,4,가평 2024_11.csv,문화관광,전시시설
가평,2024,11,2024-11,226,경기도,가평군,가평군관공선선착장,3,가평 2024_11.csv,기타관광,교통시설
가평,2024,11,2024-11,226,경기도,가평군,동보농원,3,가평 2024_11.csv,체험관광,농/산/어촌체험
가평,2024,11,2024-11,226,경기도,가평군,대성리국민관광지관광안내소,3,가평 2024_11.csv,기타관광,기타관광
가평,2024,11,2024-11,226,경기도,가평군,클럽미사수상레저,3,가평 2024_11.csv,레저스포츠,수상레저스포츠
가평,2024,11,2024-11,226,경기도,가평군,유명산자생식물원,3,가평 2024_11.csv,문화관광,테마공원
가평,2024,11,2024-11,226,경기도,가평군,황금사과농원,3,가평 2024_11.csv,체험관광,농/산/어촌체험
가평,2024,11,2024-11,226,경기도,가평군,산림복합체험센터,3,가평 2024_11.csv,문화관광,기타문화관광지
가평,2024,11,2024-11,226,경기도,가평군,마린컴퍼니클럽,3,가평 2024_11.csv,레저스포츠,수상레저스포츠
가평,2024,11,2024-11,226,경기도,가평군,뫼오름농원,3,가평 2024_11.csv,체험관광,농/산/어촌체험
가평,2024,11,2024-11,226,경기도,가평군,마린제트모터스,3,가평 2024_11.csv,레저스포츠,수상레저스포츠
가평,2024,11,2024-11,226,경기도,가평군,아침고요체험살피꽃다방,3,가평 2024_11.csv,레저스포츠,기타레저스포츠
가평,2024,11,2024-11,226,경기도,가평군,자라섬관광안내소,3,가평 2024_11.csv,기타관광,기타관광
가평,2024,11,2024-11,226,경기도,가평군,에델바이스비어&수국페스티벌,3,가평 2024_11.csv,문화관광,기타문화관광지
가평,2024,11,2024-11,226,경기도,가평군,호명산카페거리전망대공사중(2024년 예정),3,가평 2024_11.csv,문화관광,랜드마크관광
가평,2024,11,2024-11,226,경기도,가평군,유명산휴양림관리소,3,가평 2024_11.csv,자연관광,자연공원
가평,2024,11,2024-11,226,경기도,가평군,북한강레저클럽,3,가평 2024_11.csv,레저스포츠,기타레저스포츠
가평,2024,11,2024-11,226,경기도,가평군,청오사,3,가평 2024_11.csv,역사관광,종교성지
가평,2024,11,2024-11,226,경기도,가평군,레저캠프,3,가평 2024_11.csv,레저스포츠,기타레저스포츠
가평,2024,11,2024-11,226,경기도,가평군,영연방참전기념비,3,가평 2024_11.csv,역사관광,역사유물
가평,2024,11,2024-11,226,경기도,가평군,썸머타임수상레저,3,가평 2024_11.csv,레저스포츠,수상레저스포츠
가평,2024,11,2024-11,226,경기도,가평군,화야산사기막등산로,3,가평 2024_11.csv,자연관광,자연경관(산)
가평,2024,11,2024-11,226,경기도,가평군,백팔유원지,3,가평 2024_11.csv,문화관광,복합관광시설
가평,2024,11,2024-11,226,경기도,가평군,극락정사,3,가평 2024_11.csv,역사관광,종교성지
가평,2024,11,2024-11,226,경기도,가평군,청평페리유람선,3,가평 2024_11.csv,기타관광,교통시설
가평,2024,11,2024-11,226,경기도,가평군,어항소유원지,3,가평 2024_11.csv,문화관광,복합관광시설
가평,2024,11,2024-11,226,경기도,가평군,K2수상레져,3,가평 2024_11.csv,레저스포츠,수상레저스포츠
가평,2024,11,2024-11,226,경기도,가평군,용추계곡유원지,3,가평 2024_11.csv,문화관광,복합관광시설
가평,2024,11,2024-11,226,경기도,가평군,탑코리아수상레저,3,가평 2024_11.csv,레저스포츠,수상레저스포츠
가평,2024,11,2024-11,226,경기도,가평군,산속의사과,3,가평 2024_11.csv,체험관광,농/산/어촌체험
가평,2024,11,2024-11,226,경기도,가평군,청평자연유원지,3,가평 2024_11.csv,문화관광,복합관광시설
가평,2024,11,2024-11,226,경기도,가평군,오리나무유원지,3,가평 2024_11.csv,문화관광,복합관광시설
가평,2024,11,2024-11,226,경기도,가평군,바우유원지,3,가평 2024_11.csv,문화관광,복합관광시설
가평,2024,11,2024-11,226,경기도,가평군,까치유원지,3,가평 2024_11.csv,문화관광,복합관광시설
가평,2024,11,2024-11,226,경기도,가평군,푸름유원지,3,가평 2024_11.csv,문화관광,복합관광시설
가평,2024,11,2024-11,226,경기도,가평군,상락향,3,가평 2024_11.csv,역사관광,종교성지
가평,2024,11,2024-11,226,경기도,가평군,폭포낚시,3,가평 2024_11.csv,레저스포츠,수상레저스포츠
가평,2024,11,2024-11,226,경기도,가평군,인터렉티브아트뮤지엄,3,가평 2024_11.csv,문화관광,전시시설
가평,2024,11,2024-11,226,경기도,가평군,흥국사,3,가평 2024_11.csv,역사관광,종교성지
가평,2024,11,2024-11,226,경기도,가평군,본각사,3,가평 2024_11.csv,역사관광,종교성지
가평,2024,11,2024-11,226,경기도,가평군,상천지구농촌테마공원,3,가평 2024_11.csv,문화관광,전시시설
가평,2024,11,2024-11,226,경기도,가평군,점프노리경기가평점,3,가평 2024_11.csv,문화관광,테마공원
가평,2024,11,2024-11,226,경기도,가평군,뉴돌고래수상레저,3,가평 2024_11.csv,레저스포츠,수상레저스포츠
가평,2024,11,2024-11,226,경기도,가평군,선경농원,3,가평 2024_11.csv,체험관광,농/산/어촌체험
가평,2024,11,2024-11,226,경기도,가평군,르푸앙수상레져,3,가평 2024_11.csv,레저스포츠,수상레저스포츠
가평,2024,11,2024-11,226,경기도,가평군,명지산농원,3,가평 2024_11.csv,체험관광,농/산/어촌체험
가평,2024,11,2024-11,226,경기도,가평군,성관사,3,가평 2024_11.csv,역사관광,종교성지
가평,2024,11,2024-11,226,경기도,가평군,자라섬리버마켓,3,가평 2024_11.csv,쇼핑,시장
가평,2024,11,2024-11,226,경기도,가평군,아트스페이스2층,3,가평 2024_11.csv,문화관광,전시시설
가평,2024,11,2024-11,226,경기도,가평군,파로티아워터하우스수상레저,3,가평 2024_11.csv,레저스포츠,수상레저스포츠
가평,2024,12,2024-12,1,경기도,가평군,아침고요수목원,7141,가평 2024_12.csv,문화관광,테마공원
가평,2024,12,2024-12,2,경기도,가평군,남이섬,6391,가평 2024_12.csv,자연관광,자연경관(하천/해양)
가평,2024,12,2024-12,3,경기도,가평군,남이섬선착장,5393,가평 2024_12.csv,기타관광,교통시설
가평,2024,12,2024-12,4,경기도,가평군,청평역,4666,가평 2024_12.csv,기타관광,교통시설
가평,2024,12,2024-12,5,경기도,가평군,쁘띠프랑스,2776,가평 2024_12.csv,문화관광,복합관광시설
가평,2024,12,2024-12,6,경기도,가평군,신비동물원,2230,가평 2024_12.csv,문화관광,테마공원
가평,2024,12,2024-12,7,경기도,가평군,가평베고니아새정원,2205,가평 2024_12.csv,문화관광,테마공원
가평,2024,12,2024-12,8,경기도,가평군,대성리역,2114,가평 2024_12.csv,기타관광,교통시설
가평,2024,12,2024-12,9,경기도,가평군,현리시외버스터미널,1919,가평 2024_12.csv,기타관광,교통시설
가평,2024,12,2024-12,10,경기도,가평군,크리스탈밸리CC,1352,가평 2024_12.csv,레저스포츠,육상레저스포츠
가평,2024,12,2024-12,11,경기도,가평군,아난티코드골프클럽,1330,가평 2024_12.csv,레저스포츠,육상레저스포츠
가평,2024,12,2024-12,12,경기도,가평군,유명산자연휴양림,1294,가평 2024_12.csv,자연관광,자연공원
가평,2024,12,2024-12,13,경기도,가평군,썬힐GC,1238,가평 2024_12.csv,레저스포츠,육상레저스포츠
가평,2024,12,2024-12,14,경기도,가평군,가평베네스트GC,1138,가평 2024_12.csv,레저스포츠,육상레저스포츠
가평,2024,12,2024-12,15,경기도,가평군,자라섬,1108,가평 2024_12.csv,자연관광,자연경관(하천/해양)
가평,2024,12,2024-12,16,경기도,가평군,프리스틴밸리GC,1107,가평 2024_12.csv,레저스포츠,육상레저스포츠
가평,2024,12,2024-12,16,경기도,가평군,가평시외버스터미널,1107,가평 2024_12.csv,기타관광,교통시설
가평,2024,12,2024-12,18,경기도,가평군,청평시외버스터미널,998,가평 2024_12.csv,기타관광,교통시설
가평,2024,12,2024-12,19,경기도,가평군,아침고요가족동물원,981,가평 2024_12.csv,문화관광,테마공원
가평,2024,12,2024-12,20,경기도,가평군,베뉴지CC,975,가평 2024_12.csv,레저스포츠,육상레저스포츠
가평,2024,12,2024-12,21,경기도,가평군,한국초콜릿연구소뮤지엄,742,가평 2024_12.csv,문화관광,전시시설
가평,2024,12,2024-12,22,경기도,가평군,에델바이스스위스테마파크,655,가평 2024_12.csv,문화관광,테마공원
가평,2024,12,2024-12,23,경기도,가평군,경기도잣향기푸른숲,593,가평 2024_12.csv,자연관광,자연공원
가평,2024,12,2024-12,24,경기도,가평군,어비계곡,592,가평 2024_12.csv,자연관광,자연경관(산)
가평,2024,12,2024-12,25,경기도,가평군,K26잠수풀,475,가평 2024_12.csv,레저스포츠,수상레저스포츠
가평,2024,12,2024-12,26,경기도,가평군,청심평화월드센터,469,가평 2024_12.csv,문화관광,공연시설
가평,2024,12,2024-12,27,경기도,가평군,청심국제청소년수련원,468,가평 2024_12.csv,레저스포츠,육상레저스포츠
가평,2024,12,2024-12,28,경기도,가평군,상천역,467,가평 2024_12.csv,기타관광,교통시설
가평,2024,12,2024-12,29,경기도,가평군,리앤리CC,452,가평 2024_12.csv,레저스포츠,육상레저스포츠
가평,2024,12,2024-12,30,경기도,가평군,가평파크골프장,407,가평 2024_12.csv,레저스포츠,육상레저스포츠
가평,2024,12,2024-12,31,경기도,가평군,이탈리아마을 피노키오와다빈치,385,가평 2024_12.csv,문화관광,복합관광시설
가평,2024,12,2024-12,32,경기도,가평군,아침고요수목원오색별빛정원전,377,가평 2024_12.csv,문화관광,기타문화관광지
가평,2024,12,2024-12,33,경기도,가평군,설악시외버스터미널,376,가평 2024_12.csv,기타관광,교통시설
가평,2024,12,2024-12,34,경기도,가평군,마이다스밸리청평 골프클럽,365,가평 2024_12.csv,레저스포츠,육상레저스포츠
가평,2024,12,2024-12,35,경기도,가평군,청평호반드라이브코스,355,가평 2024_12.csv,기타관광,데이트코스
가평,2024,12,2024-12,36,경기도,가평군,음악역1939,338,가평 2024_12.csv,문화관광,기타문화관광지
가평,2024,12,2024-12,37,경기도,가평군,캠프통포레스트,337,가평 2024_12.csv,레저스포츠,수상레저스포츠
가평,2024,12,2024-12,38,경기도,가평군,강촌레일파크가평역,336,가평 2024_12.csv,레저스포츠,기타레저스포츠
가평,2024,12,2024-12,39,경기도,가평군,가평별빛공원,333,가평 2024_12.csv,문화관광,도시공원
가평,2024,12,2024-12,40,경기도,가평군,강씨봉자연휴양림,325,가평 2024_12.csv,자연관광,자연공원
가평,2024,12,2024-12,41,경기도,가평군,캠프통아일랜드,323,가평 2024_12.csv,레저스포츠,수상레저스포츠
가평,2024,12,2024-12,42,경기도,가평군,산장관광지,321,가평 2024_12.csv,문화관광,복합관광시설
가평,2024,12,2024-12,43,경기도,가평군,이화원,313,가평 2024_12.csv,문화관광,도시공원
가평,2024,12,2024-12,44,경기도,가평군,청평자연휴양림,306,가평 2024_12.csv,자연관광,자연공원
가평,2024,12,2024-12,45,경기도,가평군,칼봉산자연휴양림,272,가평 2024_12.csv,자연관광,자연공원
가평,2024,12,2024-12,46,경기도,가평군,천정궁박물관,251,가평 2024_12.csv,문화관광,전시시설
가평,2024,12,2024-12,47,경기도,가평군,잣고을전통시장,250,가평 2024_12.csv,쇼핑,시장
가평,2024,12,2024-12,48,경기도,가평군,백련사,238,가평 2024_12.csv,역사관광,종교성지
가평,2024,12,2024-12,49,경기도,가평군,현등사,232,가평 2024_12.csv,역사관광,종교성지
가평,2024,12,2024-12,50,경기도,가평군,청평호,191,가평 2024_12.csv,자연관광,자연경관(하천/해양)
가평,2024,12,2024-12,51,경기도,가평군,꿈의동산,188,가평 2024_12.csv,문화관광,복합관광시설
가평,2024,12,2024-12,52,경기도,가평군,가평군어린이음악놀이터,180,가평 2024_12.csv,문화관광,테마공원
가평,2024,12,2024-12,53,경기도,가평군,청평생활체육공원,179,가평 2024_12.csv,문화관광,도시공원
가평,2024,12,2024-12,53,경기도,가평군,가평크루즈,179,가평 2024_12.csv,레저스포츠,기타레저스포츠
가평,2024,12,2024-12,55,경기도,가평군,호명호수,177,가평 2024_12.csv,자연관광,자연경관(하천/해양)
가평,2024,12,2024-12,56,경기도,가평군,북한강대성리송어축제,162,가평 2024_12.csv,문화관광,기타문화관광지
가평,2024,12,2024-12,57,경기도,가평군,W홀스랜드,152,가평 2024_12.csv,레저스포츠,육상레저스포츠
가평,2024,12,2024-12,58,경기도,가평군,조종시네마,114,가평 2024_12.csv,문화관광,공연시설
가평,2024,12,2024-12,59,경기도,가평군,가일미술관,107,가평 2024_12.csv,문화관광,전시시설
가평,2024,12,2024-12,60,경기도,가평군,운악산출렁다리,106,가평 2024_12.csv,기타관광,기타관광
가평,2024,12,2024-12,61,경기도,가평군,청평설빙송어빙어축제,104,가평 2024_12.csv,문화관광,기타문화관광지
가평,2024,12,2024-12,62,경기도,가평군,가평정기5일시장,101,가평 2024_12.csv,쇼핑,시장
가평,2024,12,2024-12,63,경기도,가평군,청평5일시장,100,가평 2024_12.csv,쇼핑,시장
가평,2024,12,2024-12,64,경기도,가평군,자라섬출렁다리,99,가평 2024_12.csv,기타관광,기타관광
가평,2024,12,2024-12,65,경기도,가평군,대원사,98,가평 2024_12.csv,역사관광,종교성지
가평,2024,12,2024-12,66,경기도,가평군,가평사계절썰매장,96,가평 2024_12.csv,레저스포츠,육상레저스포츠
가평,2024,12,2024-12,67,경기도,가평군,목동버스터미널,91,가평 2024_12.csv,기타관광,교통시설
가평,2024,12,2024-12,68,경기도,가평군,호명호수공원,90,가평 2024_12.csv,문화관광,도시공원
가평,2024,12,2024-12,69,경기도,가평군,트니트니어드벤처,85,가평 2024_12.csv,문화관광,테마공원
가평,2024,12,2024-12,70,경기도,가평군,대성리국민관광지,78,가평 2024_12.csv,문화관광,복합관광시설
가평,2024,12,2024-12,71,경기도,가평군,가평뮤직빌리지1939시네마,71,가평 2024_12.csv,문화관광,공연시설
가평,2024,12,2024-12,72,경기도,가평군,자연과별천문대,67,가평 2024_12.csv,기타관광,기타관광
가평,2024,12,2024-12,73,경기도,가평군,설악5일장,58,가평 2024_12.csv,쇼핑,시장
가평,2024,12,2024-12,73,경기도,가평군,녹수계곡,58,가평 2024_12.csv,자연관광,자연경관(산)
가평,2024,12,2024-12,75,경기도,가평군,달마공원관음사,57,가평 2024_12.csv,역사관광,종교성지
가평,2024,12,2024-12,76,경기도,가평군,가평TOP랜드,55,가평 2024_12.csv,레저스포츠,수상레저스포츠
가평,2024,12,2024-12,77,경기도,가평군,설악낚시터,53,가평 2024_12.csv,레저스포츠,수상레저스포츠
가평,2024,12,2024-12,77,경기도,가평군,이정웅스페이스,53,가평 2024_12.csv,문화관광,전시시설
가평,2024,12,2024-12,79,경기도,가평군,운악산성불사,47,가평 2024_12.csv,역사관광,종교성지
가평,2024,12,2024-12,79,경기도,가평군,상면생활체육공원,47,가평 2024_12.csv,문화관광,도시공원
가평,2024,12,2024-12,81,경기도,가평군,태은사,45,가평 2024_12.csv,역사관광,종교성지
가평,2024,12,2024-12,82,경기도,가평군,현리유원지,43,가평 2024_12.csv,문화관광,복합관광시설
가평,2024,12,2024-12,83,경기도,가평군,스카이라인짚와이어,41,가평 2024_12.csv,문화관광,복합관광시설
가평,2024,12,2024-12,84,경기도,가평군,호명산드라이브코스,38,가평 2024_12.csv,기타관광,데이트코스
가평,2024,12,2024-12,85,경기도,가평군,유명산,37,가평 2024_12.csv,자연관광,자연경관(산)
가평,2024,12,2024-12,86,경기도,가평군,설악생활체육공원,36,가평 2024_12.csv,문화관광,도시공원
가평,2024,12,2024-12,87,경기도,가평군,취옹예술관,33,가평 2024_12.csv,문화관광,전시시설
가평,2024,12,2024-12,88,경기도,가평군,가평수목원,32,가평 2024_12.csv,자연관광,자연공원
가평,2024,12,2024-12,88,경기도,가평군,산림생태문화체험단지,32,가평 2024_12.csv,기타관광,기타관광
가평,2024,12,2024-12,90,경기도,가평군,청평호수길,31,가평 2024_12.csv,기타관광,기타관광
가평,2024,12,2024-12,90,경기도,가평군,자라섬생태공원,31,가평 2024_12.csv,문화관광,도시공원
가평,2024,12,2024-12,92,경기도,가평군,용추계곡,30,가평 2024_12.csv,자연관광,자연경관(산)
가평,2024,12,2024-12,92,경기도,가평군,운악산,30,가평 2024_12.csv,자연관광,자연경관(산)
가평,2024,12,2024-12,92,경기도,가평군,노랑다리미술관,30,가평 2024_12.csv,문화관광,전시시설
가평,2024,12,2024-12,95,경기도,가평군,가평에덴벚꽃길,28,가평 2024_12.csv,기타관광,기타관광
가평,2024,12,2024-12,95,경기도,가평군,가평브릿지짚라인,28,가평 2024_12.csv,레저스포츠,기타레저스포츠
가평,2024,12,2024-12,97,경기도,가평군,가평현리5일장,27,가평 2024_12.csv,쇼핑,시장
가평,2024,12,2024-12,97,경기도,가평군,리버랜드번지점프장,27,가평 2024_12.csv,레저스포츠,육상레저스포츠
가평,2024,12,2024-12,97,경기도,가평군,더스테이힐링파크링스파3골프장,27,가평 2024_12.csv,레저스포츠,육상레저스포츠
가평,2024,12,2024-12,97,경기도,가평군,화악산,27,가평 2024_12.csv,자연관광,자연경관(산)
가평,2024,12,2024-12,101,경기도,가평군,경기도잣향기푸른숲안내매표소,25,가평 2024_12.csv,기타관광,기타관광
가평,2024,12,2024-12,101,경기도,가평군,북면생활체육공원,25,가평 2024_12.csv,문화관광,도시공원
가평,2024,12,2024-12,101,경기도,가평군,운악산관음사,25,가평 2024_12.csv,역사관광,종교성지
가평,2024,12,2024-12,101,경기도,가평군,청평여울시장,25,가평 2024_12.csv,쇼핑,시장
가평,2024,12,2024-12,105,경기도,가평군,청평암,24,가평 2024_12.csv,역사관광,종교성지
가평,2024,12,2024-12,106,경기도,가평군,하천리생활체육공원,23,가평 2024_12.csv,문화관광,도시공원
가평,2024,12,2024-12,107,경기도,가평군,웨이크베이리조트,21,가평 2024_12.csv,레저스포츠,기타레저스포츠
가평,2024,12,2024-12,108,경기도,가평군,가평레져카트장,20,가평 2024_12.csv,레저스포츠,기타레저스포츠
가평,2024,12,2024-12,108,경기도,가평군,산유낚시터,20,가평 2024_12.csv,레저스포츠,수상레저스포츠
가평,2024,12,2024-12,110,경기도,가평군,일칠일관광농원,19,가평 2024_12.csv,체험관광,농/산/어촌체험
가평,2024,12,2024-12,110,경기도,가평군,일지안호범미술관,19,가평 2024_12.csv,문화관광,전시시설
가평,2024,12,2024-12,112,경기도,가평군,물의나라유원지,18,가평 2024_12.csv,문화관광,복합관광시설
가평,2024,12,2024-12,112,경기도,가평군,가평낚시터,18,가평 2024_12.csv,레저스포츠,수상레저스포츠
가평,2024,12,2024-12,114,경기도,가평군,도장골낚시터,17,가평 2024_12.csv,레저스포츠,수상레저스포츠
가평,2024,12,2024-12,114,경기도,가평군,청룡사,17,가평 2024_12.csv,역사관광,종교성지
가평,2024,12,2024-12,114,경기도,가평군,신청평대교야구장,17,가평 2024_12.csv,문화관광,레저스포츠시설
가평,2024,12,2024-12,117,경기도,가평군,청평유원지,16,가평 2024_12.csv,문화관광,복합관광시설
가평,2024,12,2024-12,117,경기도,가평군,엘혜윰의정원,16,가평 2024_12.csv,레저스포츠,육상레저스포츠
가평,2024,12,2024-12,119,경기도,가평군,가평이음터,13,가평 2024_12.csv,문화관광,기타문화관광지
가평,2024,12,2024-12,119,경기도,가평군,명지산생태전시관,13,가평 2024_12.csv,문화관광,전시시설
가평,2024,12,2024-12,119,경기도,가평군,연인산,13,가평 2024_12.csv,자연관광,자연경관(산)
가평,2024,12,2024-12,119,경기도,가평군,아마란스리조트,13,가평 2024_12.csv,레저스포츠,수상레저스포츠
가평,2024,12,2024-12,119,경기도,가평군,보납산전망대,13,가평 2024_12.csv,문화관광,랜드마크관광
가평,2024,12,2024-12,124,경기도,가평군,HJ매그놀리아멋집,12,가평 2024_12.csv,문화관광,기타문화관광지
가평,2024,12,2024-12,124,경기도,가평군,상천낚시터,12,가평 2024_12.csv,레저스포츠,수상레저스포츠
가평,2024,12,2024-12,124,경기도,가평군,조종생활체육공원,12,가평 2024_12.csv,문화관광,도시공원
가평,2024,12,2024-12,124,경기도,가평군,불기고개,12,가평 2024_12.csv,자연관광,자연경관(산)
가평,2024,12,2024-12,124,경기도,가평군,가평문화창작공간얼쑤공장,12,가평 2024_12.csv,문화관광,기타문화관광지
가평,2024,12,2024-12,129,경기도,가평군,청춘역1979,10,가평 2024_12.csv,문화관광,도시공원
가평,2024,12,2024-12,129,경기도,가평군,용소폭포,10,가평 2024_12.csv,자연관광,자연경관(산)
가평,2024,12,2024-12,129,경기도,가평군,북배산흑염소농장,10,가평 2024_12.csv,체험관광,농/산/어촌체험
가평,2024,12,2024-12,132,경기도,가평군,아침고요체험살피꽃다방,9,가평 2024_12.csv,레저스포츠,기타레저스포츠
가평,2024,12,2024-12,132,경기도,가평군,청평유원지,9,가평 2024_12.csv,문화관광,복합관광시설
가평,2024,12,2024-12,132,경기도,가평군,수풀로삼회리,9,가평 2024_12.csv,문화관광,도시공원
가평,2024,12,2024-12,132,경기도,가평군,남송미술관,9,가평 2024_12.csv,문화관광,전시시설
가평,2024,12,2024-12,132,경기도,가평군,극락정사,9,가평 2024_12.csv,역사관광,종교성지
가평,2024,12,2024-12,132,경기도,가평군,가평축령산잣나무숲,9,가평 2024_12.csv,자연관광,자연공원
가평,2024,12,2024-12,132,경기도,가평군,송림사,9,가평 2024_12.csv,역사관광,종교성지
가평,2024,12,2024-12,132,경기도,가평군,성주사,9,가평 2024_12.csv,역사관광,종교성지
가평,2024,12,2024-12,140,경기도,가평군,색현터널,8,가평 2024_12.csv,기타관광,기타관광
가평,2024,12,2024-12,140,경기도,가평군,상천루,8,가평 2024_12.csv,문화관광,도시공원
가평,2024,12,2024-12,140,경기도,가평군,축령사,8,가평 2024_12.csv,역사관광,종교성지
가평,2024,12,2024-12,143,경기도,가평군,보광사,7,가평 2024_12.csv,역사관광,종교성지
가평,2024,12,2024-12,143,경기도,가평군,가평향교,7,가평 2024_12.csv,역사관광,역사유적지
가평,2024,12,2024-12,143,경기도,가평군,마린랜드,7,가평 2024_12.csv,레저스포츠,수상레저스포츠
가평,2024,12,2024-12,143,경기도,가평군,선어치,7,가평 2024_12.csv,자연관광,자연경관(산)
가평,2024,12,2024-12,143,경기도,가평군,인터렉티브아트뮤지엄,7,가평 2024_12.csv,문화관광,전시시설
가평,2024,12,2024-12,143,경기도,가평군,상락향수도원,7,가평 2024_12.csv,역사관광,종교성지
가평,2024,12,2024-12,149,경기도,가평군,설악생활체육공원축구장,6,가평 2024_12.csv,문화관광,레저스포츠시설
가평,2024,12,2024-12,149,경기도,가평군,연인산명품계곡길,6,가평 2024_12.csv,레저스포츠,기타레저스포츠
가평,2024,12,2024-12,149,경기도,가평군,가마소유원지,6,가평 2024_12.csv,문화관광,복합관광시설
가평,2024,12,2024-12,149,경기도,가평군,이정구선생묘,6,가평 2024_12.csv,역사관광,역사유적지
가평,2024,12,2024-12,149,경기도,가평군,화야산큰골마을등산로,6,가평 2024_12.csv,자연관광,자연경관(산)
가평,2024,12,2024-12,149,경기도,가평군,관음사,6,가평 2024_12.csv,역사관광,종교성지
가평,2024,12,2024-12,149,경기도,가평군,청평스포랜드번지점프장,6,가평 2024_12.csv,레저스포츠,육상레저스포츠
가평,2024,12,2024-12,149,경기도,가평군,운곡암,6,가평 2024_12.csv,역사관광,종교성지
가평,2024,12,2024-12,149,경기도,가평군,우리유원지,6,가평 2024_12.csv,문화관광,복합관광시설
가평,2024,12,2024-12,149,경기도,가평군,수영인의마을,6,가평 2024_12.csv,레저스포츠,수상레저스포츠
가평,2024,12,2024-12,149,경기도,가평군,희망축구전용구장,6,가평 2024_12.csv,문화관광,레저스포츠시설
가평,2024,12,2024-12,149,경기도,가평군,가람농원,6,가평 2024_12.csv,체험관광,농/산/어촌체험
가평,2024,12,2024-12,161,경기도,가평군,유명산휴양림관리소,5,가평 2024_12.csv,자연관광,자연공원
가평,2024,12,2024-12,161,경기도,가평군,북한강레저클럽,5,가평 2024_12.csv,레저스포츠,기타레저스포츠
가평,2024,12,2024-12,161,경기도,가평군,호국연호사,5,가평 2024_12.csv,역사관광,종교성지
가평,2024,12,2024-12,161,경기도,가평군,구원사,5,가평 2024_12.csv,역사관광,종교성지
가평,2024,12,2024-12,165,경기도,가평군,가평역레져,4,가평 2024_12.csv,레저스포츠,기타레저스포츠
가평,2024,12,2024-12,165,경기도,가평군,에덴야구장,4,가평 2024_12.csv,문화관광,레저스포츠시설
가평,2024,12,2024-12,165,경기도,가평군,바우유원지,4,가평 2024_12.csv,문화관광,복합관광시설
가평,2024,12,2024-12,165,경기도,가평군,에덴벚꽃길,4,가평 2024_12.csv,레저스포츠,기타레저스포츠
가평,2024,12,2024-12,165,경기도,가평군,지장사,4,가평 2024_12.csv,역사관광,종교성지
가평,2024,12,2024-12,170,경기도,가평군,씨브이리조트,3,가평 2024_12.csv,레저스포츠,수상레저스포츠
가평,2024,12,2024-12,170,경기도,가평군,동막골농원,3,가평 2024_12.csv,체험관광,농/산/어촌체험
가평,2024,12,2024-12,170,경기도,가평군,클럽미사수상레저,3,가평 2024_12.csv,레저스포츠,수상레저스포츠
가평,2024,12,2024-12,170,경기도,가평군,남도꽃정원,3,가평 2024_12.csv,문화관광,도시공원
가평,2024,12,2024-12,170,경기도,가평군,와가목장,3,가평 2024_12.csv,체험관광,농/산/어촌체험
가평,2024,12,2024-12,170,경기도,가평군,사공일샵,3,가평 2024_12.csv,체험관광,공예체험
가평,2024,12,2024-12,170,경기도,가평군,지완목장,3,가평 2024_12.csv,체험관광,농/산/어촌체험
가평,2024,12,2024-12,170,경기도,가평군,가평종합운동장야구장,3,가평 2024_12.csv,문화관광,레저스포츠시설
가평,2024,12,2024-12,170,경기도,가평군,자라섬황톳길,3,가평 2024_12.csv,레저스포츠,기타레저스포츠
가평,2024,12,2024-12,170,경기도,가평군,떡바위유원지,3,가평 2024_12.csv,문화관광,복합관광시설
가평,2024,12,2024-12,170,경기도,가평군,화악계곡,3,가평 2024_12.csv,자연관광,자연경관(산)
가평,2024,12,2024-12,170,경기도,가평군,연화세계,3,가평 2024_12.csv,역사관광,종교성지
가평,2024,12,2024-12,170,경기도,가평군,버드마리나수상레저,3,가평 2024_12.csv,레저스포츠,기타레저스포츠
가평,2024,12,2024-12,170,경기도,가평군,바하마수상레포츠,3,가평 2024_12.csv,레저스포츠,수상레저스포츠
가평,2024,12,2024-12,170,경기도,가평군,화야산사기막등산로,3,가평 2024_12.csv,자연관광,자연경관(산)
가평,2024,12,2024-12,170,경기도,가평군,광법사,3,가평 2024_12.csv,역사관광,종교성지
가평,2024,12,2024-12,170,경기도,가평군,향원사,3,가평 2024_12.csv,역사관광,종교성지
가평,2024,12,2024-12,170,경기도,가평군,청정낚시터,3,가평 2024_12.csv,레저스포츠,수상레저스포츠
가평,2024,12,2024-12,170,경기도,가평군,애플농원,3,가평 2024_12.csv,체험관광,농/산/어촌체험
가평,2024,12,2024-12,170,경기도,가평군,수동목장,3,가평 2024_12.csv,체험관광,농/산/어촌체험
가평,2024,12,2024-12,170,경기도,가평군,두밀리낚시터,3,가평 2024_12.csv,레저스포츠,수상레저스포츠
가평,2024,12,2024-12,170,경기도,가평군,명지계곡,3,가평 2024_12.csv,자연관광,자연경관(산)
가평,2024,12,2024-12,170,경기도,가평군,에이스탁구클럽,3,가평 2024_12.csv,레저스포츠,기타레저스포츠
가평,2024,12,2024-12,170,경기도,가평군,대성수상레저,3,가평 2024_12.csv,레저스포츠,수상레저스포츠
가평,2024,12,2024-12,170,경기도,가평군,금개울유원지,3,가평 2024_12.csv,문화관광,복합관광시설
가평,2024,12,2024-12,170,경기도,가평군,성운사,3,가평 2024_12.csv,역사관광,종교성지
가평,2024,12,2024-12,170,경기도,가평군,호명산,3,가평 2024_12.csv,자연관광,자연경관(산)
가평,2024,12,2024-12,170,경기도,가평군,기름진멜로촬영지(W홀스랜드),3,가평 2024_12.csv,문화관광,기타문화관광지
가평,2024,12,2024-12,170,경기도,가평군,대성석가사,3,가평 2024_12.csv,역사관광,종교성지
가평,2024,12,2024-12,170,경기도,가평군,반야사,3,가평 2024_12.csv,역사관광,종교성지
가평,2024,12,2024-12,170,경기도,가평군,포세이돈,3,가평 2024_12.csv,레저스포츠,수상레저스포츠
가평,2025,1,2025-01,1,경기도,가평군,남이섬,5916,가평 2025_01.csv,자연관광,자연경관(하천/해양)
가평,2025,1,2025-01,2,경기도,가평군,아침고요수목원,5041,가평 2025_01.csv,문화관광,테마공원
가평,2025,1,2025-01,3,경기도,가평군,남이섬선착장,4853,가평 2025_01.csv,기타관광,교통시설
가평,2025,1,2025-01,4,경기도,가평군,청평역,4423,가평 2025_01.csv,기타관광,교통시설
가평,2025,1,2025-01,5,경기도,가평군,가평베고니아새정원,3295,가평 2025_01.csv,문화관광,테마공원
가평,2025,1,2025-01,6,경기도,가평군,청평설빙송어빙어축제,2665,가평 2025_01.csv,문화관광,기타문화관광지
가평,2025,1,2025-01,7,경기도,가평군,신비동물원,2381,가평 2025_01.csv,문화관광,테마공원
가평,2025,1,2025-01,8,경기도,가평군,대성리역,2327,가평 2025_01.csv,기타관광,교통시설
가평,2025,1,2025-01,9,경기도,가평군,쁘띠프랑스,2135,가평 2025_01.csv,문화관광,복합관광시설
가평,2025,1,2025-01,10,경기도,가평군,현리시외버스터미널,2024,가평 2025_01.csv,기타관광,교통시설
가평,2025,1,2025-01,11,경기도,가평군,유명산자연휴양림,1282,가평 2025_01.csv,자연관광,자연공원
가평,2025,1,2025-01,12,경기도,가평군,자라섬,1189,가평 2025_01.csv,자연관광,자연경관(하천/해양)
가평,2025,1,2025-01,13,경기도,가평군,가평시외버스터미널,977,가평 2025_01.csv,기타관광,교통시설
가평,2025,1,2025-01,14,경기도,가평군,어비계곡,969,가평 2025_01.csv,자연관광,자연경관(산)
가평,2025,1,2025-01,15,경기도,가평군,청평시외버스터미널,960,가평 2025_01.csv,기타관광,교통시설
가평,2025,1,2025-01,16,경기도,가평군,아침고요가족동물원,761,가평 2025_01.csv,문화관광,테마공원
가평,2025,1,2025-01,17,경기도,가평군,북한강대성리송어축제,633,가평 2025_01.csv,문화관광,기타문화관광지
가평,2025,1,2025-01,18,경기도,가평군,한국초콜릿연구소뮤지엄,627,가평 2025_01.csv,문화관광,전시시설
가평,2025,1,2025-01,19,경기도,가평군,아난티코드골프클럽,626,가평 2025_01.csv,레저스포츠,육상레저스포츠
가평,2025,1,2025-01,20,경기도,가평군,에델바이스스위스테마파크,576,가평 2025_01.csv,문화관광,테마공원
가평,2025,1,2025-01,21,경기도,가평군,상천역,502,가평 2025_01.csv,기타관광,교통시설
가평,2025,1,2025-01,22,경기도,가평군,이화원,479,가평 2025_01.csv,문화관광,도시공원
가평,2025,1,2025-01,23,경기도,가평군,K26잠수풀,459,가평 2025_01.csv,레저스포츠,수상레저스포츠
가평,2025,1,2025-01,24,경기도,가평군,청심국제청소년수련원,404,가평 2025_01.csv,레저스포츠,육상레저스포츠
가평,2025,1,2025-01,25,경기도,가평군,경기도잣향기푸른숲,389,가평 2025_01.csv,자연관광,자연공원
가평,2025,1,2025-01,26,경기도,가평군,캠프통아일랜드,382,가평 2025_01.csv,레저스포츠,수상레저스포츠
가평,2025,1,2025-01,27,경기도,가평군,캠프통포레스트,379,가평 2025_01.csv,레저스포츠,수상레저스포츠
가평,2025,1,2025-01,28,경기도,가평군,가평군어린이음악놀이터,375,가평 2025_01.csv,문화관광,테마공원
가평,2025,1,2025-01,29,경기도,가평군,산장관광지,340,가평 2025_01.csv,문화관광,복합관광시설
가평,2025,1,2025-01,30,경기도,가평군,청심평화월드센터,331,가평 2025_01.csv,문화관광,공연시설
가평,2025,1,2025-01,30,경기도,가평군,청평호반드라이브코스,331,가평 2025_01.csv,기타관광,데이트코스
가평,2025,1,2025-01,32,경기도,가평군,아침고요수목원오색별빛정원전,328,가평 2025_01.csv,문화관광,기타문화관광지
가평,2025,1,2025-01,33,경기도,가평군,설악시외버스터미널,322,가평 2025_01.csv,기타관광,교통시설
가평,2025,1,2025-01,34,경기도,가평군,가평별빛공원,319,가평 2025_01.csv,문화관광,도시공원
가평,2025,1,2025-01,35,경기도,가평군,음악역1939,295,가평 2025_01.csv,문화관광,기타문화관광지
가평,2025,1,2025-01,36,경기도,가평군,강씨봉자연휴양림,293,가평 2025_01.csv,자연관광,자연공원
가평,2025,1,2025-01,36,경기도,가평군,청평자연휴양림,293,가평 2025_01.csv,자연관광,자연공원
가평,2025,1,2025-01,38,경기도,가평군,칼봉산자연휴양림,278,가평 2025_01.csv,자연관광,자연공원
가평,2025,1,2025-01,39,경기도,가평군,가평베네스트GC,252,가평 2025_01.csv,레저스포츠,육상레저스포츠
가평,2025,1,2025-01,40,경기도,가평군,잣고을전통시장,244,가평 2025_01.csv,쇼핑,시장
가평,2025,1,2025-01,41,경기도,가평군,강촌레일파크가평역,225,가평 2025_01.csv,레저스포츠,기타레저스포츠
가평,2025,1,2025-01,42,경기도,가평군,가평크루즈,199,가평 2025_01.csv,레저스포츠,기타레저스포츠
가평,2025,1,2025-01,43,경기도,가평군,백련사,182,가평 2025_01.csv,역사관광,종교성지
가평,2025,1,2025-01,43,경기도,가평군,대원사,182,가평 2025_01.csv,역사관광,종교성지
가평,2025,1,2025-01,45,경기도,가평군,이탈리아마을 피노키오와다빈치,181,가평 2025_01.csv,문화관광,복합관광시설
가평,2025,1,2025-01,45,경기도,가평군,현등사,181,가평 2025_01.csv,역사관광,종교성지
가평,2025,1,2025-01,47,경기도,가평군,썬힐GC,173,가평 2025_01.csv,레저스포츠,육상레저스포츠
가평,2025,1,2025-01,48,경기도,가평군,청평호,169,가평 2025_01.csv,자연관광,자연경관(하천/해양)
가평,2025,1,2025-01,49,경기도,가평군,호명호수,163,가평 2025_01.csv,자연관광,자연경관(하천/해양)
가평,2025,1,2025-01,50,경기도,가평군,프리스틴밸리GC,157,가평 2025_01.csv,레저스포츠,육상레저스포츠
가평,2025,1,2025-01,51,경기도,가평군,W홀스랜드,152,가평 2025_01.csv,레저스포츠,육상레저스포츠
가평,2025,1,2025-01,52,경기도,가평군,크리스탈밸리CC,151,가평 2025_01.csv,레저스포츠,육상레저스포츠
가평,2025,1,2025-01,53,경기도,가평군,천정궁박물관,140,가평 2025_01.csv,문화관광,전시시설
가평,2025,1,2025-01,54,경기도,가평군,가평사계절썰매장,134,가평 2025_01.csv,레저스포츠,육상레저스포츠
가평,2025,1,2025-01,55,경기도,가평군,청평5일시장,131,가평 2025_01.csv,쇼핑,시장
가평,2025,1,2025-01,56,경기도,가평군,가일미술관,119,가평 2025_01.csv,문화관광,전시시설
가평,2025,1,2025-01,57,경기도,가평군,가평정기5일시장,103,가평 2025_01.csv,쇼핑,시장
가평,2025,1,2025-01,58,경기도,가평군,자라섬출렁다리,100,가평 2025_01.csv,기타관광,기타관광
가평,2025,1,2025-01,59,경기도,가평군,조종시네마,97,가평 2025_01.csv,문화관광,공연시설
가평,2025,1,2025-01,60,경기도,가평군,설악낚시터,96,가평 2025_01.csv,레저스포츠,수상레저스포츠
가평,2025,1,2025-01,60,경기도,가평군,목동버스터미널,96,가평 2025_01.csv,기타관광,교통시설
가평,2025,1,2025-01,62,경기도,가평군,꿈의동산,94,가평 2025_01.csv,문화관광,복합관광시설
가평,2025,1,2025-01,62,경기도,가평군,운악산성불사,94,가평 2025_01.csv,역사관광,종교성지
가평,2025,1,2025-01,64,경기도,가평군,경기도잣향기푸른숲안내매표소,90,가평 2025_01.csv,기타관광,기타관광
가평,2025,1,2025-01,65,경기도,가평군,산림생태문화체험단지,86,가평 2025_01.csv,기타관광,기타관광
가평,2025,1,2025-01,66,경기도,가평군,운악산출렁다리,83,가평 2025_01.csv,기타관광,기타관광
가평,2025,1,2025-01,67,경기도,가평군,설악5일장,80,가평 2025_01.csv,쇼핑,시장
가평,2025,1,2025-01,68,경기도,가평군,트니트니어드벤처,77,가평 2025_01.csv,문화관광,테마공원
가평,2025,1,2025-01,69,경기도,가평군,호명호수공원,75,가평 2025_01.csv,문화관광,도시공원
가평,2025,1,2025-01,70,경기도,가평군,용추계곡,74,가평 2025_01.csv,자연관광,자연경관(산)
가평,2025,1,2025-01,70,경기도,가평군,가평TOP랜드,74,가평 2025_01.csv,레저스포츠,수상레저스포츠
가평,2025,1,2025-01,72,경기도,가평군,리앤리CC,73,가평 2025_01.csv,레저스포츠,육상레저스포츠
가평,2025,1,2025-01,72,경기도,가평군,대성리국민관광지,73,가평 2025_01.csv,문화관광,복합관광시설
가평,2025,1,2025-01,74,경기도,가평군,마이다스밸리청평 골프클럽,69,가평 2025_01.csv,레저스포츠,육상레저스포츠
가평,2025,1,2025-01,74,경기도,가평군,녹수계곡,69,가평 2025_01.csv,자연관광,자연경관(산)
가평,2025,1,2025-01,76,경기도,가평군,가평에덴벚꽃길,61,가평 2025_01.csv,기타관광,기타관광
가평,2025,1,2025-01,77,경기도,가평군,가평파크골프장,59,가평 2025_01.csv,레저스포츠,육상레저스포츠
가평,2025,1,2025-01,78,경기도,가평군,베뉴지CC,58,가평 2025_01.csv,레저스포츠,육상레저스포츠
가평,2025,1,2025-01,79,경기도,가평군,가평뮤직빌리지1939시네마,53,가평 2025_01.csv,문화관광,공연시설
가평,2025,1,2025-01,80,경기도,가평군,청평생활체육공원,51,가평 2025_01.csv,문화관광,도시공원
가평,2025,1,2025-01,81,경기도,가평군,엘혜윰의정원,50,가평 2025_01.csv,레저스포츠,육상레저스포츠
가평,2025,1,2025-01,82,경기도,가평군,리버랜드번지점프장,49,가평 2025_01.csv,레저스포츠,육상레저스포츠
가평,2025,1,2025-01,82,경기도,가평군,상락향수도원,49,가평 2025_01.csv,역사관광,종교성지
가평,2025,1,2025-01,84,경기도,가평군,스카이라인짚와이어,45,가평 2025_01.csv,문화관광,복합관광시설
가평,2025,1,2025-01,85,경기도,가평군,청평여울시장,44,가평 2025_01.csv,쇼핑,시장
가평,2025,1,2025-01,85,경기도,가평군,달마공원관음사,44,가평 2025_01.csv,역사관광,종교성지
가평,2025,1,2025-01,85,경기도,가평군,보광사,44,가평 2025_01.csv,역사관광,종교성지
가평,2025,1,2025-01,88,경기도,가평군,취옹예술관,43,가평 2025_01.csv,문화관광,전시시설
가평,2025,1,2025-01,88,경기도,가평군,운악산,43,가평 2025_01.csv,자연관광,자연경관(산)
가평,2025,1,2025-01,90,경기도,가평군,자연과별천문대,39,가평 2025_01.csv,기타관광,기타관광
가평,2025,1,2025-01,90,경기도,가평군,상면생활체육공원,39,가평 2025_01.csv,문화관광,도시공원
가평,2025,1,2025-01,92,경기도,가평군,자라섬생태공원,37,가평 2025_01.csv,문화관광,도시공원
가평,2025,1,2025-01,92,경기도,가평군,보납산전망대,37,가평 2025_01.csv,문화관광,랜드마크관광
가평,2025,1,2025-01,94,경기도,가평군,가평레져카트장,36,가평 2025_01.csv,레저스포츠,기타레저스포츠
가평,2025,1,2025-01,95,경기도,가평군,호명산드라이브코스,33,가평 2025_01.csv,기타관광,데이트코스
가평,2025,1,2025-01,96,경기도,가평군,더스테이힐링파크링스파3골프장,29,가평 2025_01.csv,레저스포츠,육상레저스포츠
가평,2025,1,2025-01,96,경기도,가평군,이정웅스페이스,29,가평 2025_01.csv,문화관광,전시시설
가평,2025,1,2025-01,98,경기도,가평군,가평현리5일장,26,가평 2025_01.csv,쇼핑,시장
가평,2025,1,2025-01,99,경기도,가평군,청평유원지,25,가평 2025_01.csv,문화관광,복합관광시설
가평,2025,1,2025-01,99,경기도,가평군,설악생활체육공원,25,가평 2025_01.csv,문화관광,도시공원
가평,2025,1,2025-01,101,경기도,가평군,웨이크베이리조트,24,가평 2025_01.csv,레저스포츠,기타레저스포츠
가평,2025,1,2025-01,101,경기도,가평군,조종생활체육공원,24,가평 2025_01.csv,문화관광,도시공원
가평,2025,1,2025-01,103,경기도,가평군,청평호수길,23,가평 2025_01.csv,기타관광,기타관광
가평,2025,1,2025-01,103,경기도,가평군,태은사,23,가평 2025_01.csv,역사관광,종교성지
가평,2025,1,2025-01,105,경기도,가평군,가평브릿지짚라인,22,가평 2025_01.csv,레저스포츠,기타레저스포츠
가평,2025,1,2025-01,106,경기도,가평군,북면생활체육공원,21,가평 2025_01.csv,문화관광,도시공원
가평,2025,1,2025-01,106,경기도,가평군,남도꽃정원,21,가평 2025_01.csv,문화관광,도시공원
가평,2025,1,2025-01,108,경기도,가평군,상천루,20,가평 2025_01.csv,문화관광,도시공원
가평,2025,1,2025-01,108,경기도,가평군,가평이음터,20,가평 2025_01.csv,문화관광,기타문화관광지
가평,2025,1,2025-01,110,경기도,가평군,가평수목원,19,가평 2025_01.csv,자연관광,자연공원
가평,2025,1,2025-01,110,경기도,가평군,화악산,19,가평 2025_01.csv,자연관광,자연경관(산)
가평,2025,1,2025-01,110,경기도,가평군,현리유원지,19,가평 2025_01.csv,문화관광,복합관광시설
가평,2025,1,2025-01,113,경기도,가평군,연인산,18,가평 2025_01.csv,자연관광,자연경관(산)
가평,2025,1,2025-01,113,경기도,가평군,에덴벚꽃길,18,가평 2025_01.csv,레저스포츠,기타레저스포츠
가평,2025,1,2025-01,115,경기도,가평군,축령사,17,가평 2025_01.csv,역사관광,종교성지
가평,2025,1,2025-01,116,경기도,가평군,도장골낚시터,16,가평 2025_01.csv,레저스포츠,수상레저스포츠
가평,2025,1,2025-01,116,경기도,가평군,HJ매그놀리아멋집,16,가평 2025_01.csv,문화관광,기타문화관광지
가평,2025,1,2025-01,116,경기도,가평군,용소폭포,16,가평 2025_01.csv,자연관광,자연경관(산)
가평,2025,1,2025-01,116,경기도,가평군,노랑다리미술관,16,가평 2025_01.csv,문화관광,전시시설
가평,2025,1,2025-01,120,경기도,가평군,삼회리벚꽃길,14,가평 2025_01.csv,기타관광,데이트코스
가평,2025,1,2025-01,120,경기도,가평군,일칠일관광농원,14,가평 2025_01.csv,체험관광,농/산/어촌체험
가평,2025,1,2025-01,120,경기도,가평군,상천낚시터,14,가평 2025_01.csv,레저스포츠,수상레저스포츠
가평,2025,1,2025-01,123,경기도,가평군,일지안호범미술관,12,가평 2025_01.csv,문화관광,전시시설
가평,2025,1,2025-01,123,경기도,가평군,물의나라유원지,12,가평 2025_01.csv,문화관광,복합관광시설
가평,2025,1,2025-01,123,경기도,가평군,유명산,12,가평 2025_01.csv,자연관광,자연경관(산)
가평,2025,1,2025-01,126,경기도,가평군,동보농원,11,가평 2025_01.csv,체험관광,농/산/어촌체험
가평,2025,1,2025-01,126,경기도,가평군,운악산관음사,11,가평 2025_01.csv,역사관광,종교성지
가평,2025,1,2025-01,126,경기도,가평군,명지산생태전시관,11,가평 2025_01.csv,문화관광,전시시설
가평,2025,1,2025-01,126,경기도,가평군,연인산도립공원탐방안내소,11,가평 2025_01.csv,기타관광,기타관광
가평,2025,1,2025-01,130,경기도,가평군,운악산용수사,10,가평 2025_01.csv,역사관광,종교성지
가평,2025,1,2025-01,130,경기도,가평군,가마소유원지,10,가평 2025_01.csv,문화관광,복합관광시설
가평,2025,1,2025-01,130,경기도,가평군,청평암,10,가평 2025_01.csv,역사관광,종교성지
가평,2025,1,2025-01,130,경기도,가평군,두밀리낚시터,10,가평 2025_01.csv,레저스포츠,수상레저스포츠
가평,2025,1,2025-01,134,경기도,가평군,연화세계,8,가평 2025_01.csv,역사관광,종교성지
가평,2025,1,2025-01,134,경기도,가평군,성주사,8,가평 2025_01.csv,역사관광,종교성지
가평,2025,1,2025-01,136,경기도,가평군,씨브이리조트,7,가평 2025_01.csv,레저스포츠,수상레저스포츠
가평,2025,1,2025-01,136,경기도,가평군,설악생활체육공원축구장,7,가평 2025_01.csv,문화관광,레저스포츠시설
가평,2025,1,2025-01,136,경기도,가평군,청룡사,7,가평 2025_01.csv,역사관광,종교성지
가평,2025,1,2025-01,136,경기도,가평군,북배산흑염소농장,7,가평 2025_01.csv,체험관광,농/산/어촌체험
가평,2025,1,2025-01,136,경기도,가평군,가평낚시터,7,가평 2025_01.csv,레저스포츠,수상레저스포츠
가평,2025,1,2025-01,136,경기도,가평군,남이섬겨울축제,7,가평 2025_01.csv,문화관광,기타문화관광지
가평,2025,1,2025-01,142,경기도,가평군,아침고요체험살피꽃다방,6,가평 2025_01.csv,레저스포츠,기타레저스포츠
가평,2025,1,2025-01,142,경기도,가평군,우리유원지,6,가평 2025_01.csv,문화관광,복합관광시설
가평,2025,1,2025-01,142,경기도,가평군,불기고개,6,가평 2025_01.csv,자연관광,자연경관(산)
가평,2025,1,2025-01,142,경기도,가평군,더스테이힐링파크와일드가든,6,가평 2025_01.csv,문화관광,도시공원
가평,2025,1,2025-01,146,경기도,가평군,양진나루선착장,5,가평 2025_01.csv,기타관광,교통시설
가평,2025,1,2025-01,146,경기도,가평군,관음사,5,가평 2025_01.csv,역사관광,종교성지
가평,2025,1,2025-01,146,경기도,가평군,가평무브베이스볼파크,5,가평 2025_01.csv,문화관광,레저스포츠시설
가평,2025,1,2025-01,146,경기도,가평군,산유낚시터,5,가평 2025_01.csv,레저스포츠,수상레저스포츠
가평,2025,1,2025-01,146,경기도,가평군,가평하늘커피농장,5,가평 2025_01.csv,체험관광,농/산/어촌체험
가평,2025,1,2025-01,151,경기도,가평군,가평군관공선선착장,4,가평 2025_01.csv,기타관광,교통시설
가평,2025,1,2025-01,151,경기도,가평군,청평유원지,4,가평 2025_01.csv,문화관광,복합관광시설
가평,2025,1,2025-01,151,경기도,가평군,현충탑,4,가평 2025_01.csv,역사관광,역사유물
가평,2025,1,2025-01,151,경기도,가평군,마린보이,4,가평 2025_01.csv,레저스포츠,수상레저스포츠
가평,2025,1,2025-01,151,경기도,가평군,에덴야구장,4,가평 2025_01.csv,문화관광,레저스포츠시설
가평,2025,1,2025-01,151,경기도,가평군,대금사,4,가평 2025_01.csv,역사관광,종교성지
가평,2025,1,2025-01,151,경기도,가평군,가평군 상면 조가터마을,4,가평 2025_01.csv,문화관광,도시/지역문화관광
가평,2025,1,2025-01,151,경기도,가평군,송림사,4,가평 2025_01.csv,역사관광,종교성지
가평,2025,1,2025-01,159,경기도,가평군,아루바수상레저,3,가평 2025_01.csv,레저스포츠,기타레저스포츠
가평,2025,1,2025-01,159,경기도,가평군,도대리용소폭포,3,가평 2025_01.csv,자연관광,자연경관(산)
가평,2025,1,2025-01,159,경기도,가평군,가평묘목농원,3,가평 2025_01.csv,체험관광,농/산/어촌체험
가평,2025,1,2025-01,159,경기도,가평군,청춘역1979,3,가평 2025_01.csv,문화관광,도시공원
가평,2025,1,2025-01,159,경기도,가평군,용소유원지,3,가평 2025_01.csv,문화관광,복합관광시설
가평,2025,1,2025-01,159,경기도,가평군,목동근린공원전망대,3,가평 2025_01.csv,문화관광,랜드마크관광
가평,2025,1,2025-01,159,경기도,가평군,청오사,3,가평 2025_01.csv,역사관광,종교성지
가평,2025,1,2025-01,159,경기도,가평군,영안청소년수련원,3,가평 2025_01.csv,레저스포츠,육상레저스포츠
가평,2025,1,2025-01,159,경기도,가평군,용문산전투가평지구전적비,3,가평 2025_01.csv,역사관광,역사유물
가평,2025,1,2025-01,159,경기도,가평군,미원정기5일시장,3,가평 2025_01.csv,쇼핑,시장
가평,2025,1,2025-01,159,경기도,가평군,운악산가평현등사방면,3,가평 2025_01.csv,자연관광,자연경관(산)
가평,2025,1,2025-01,159,경기도,가평군,유스토리청소년수련원,3,가평 2025_01.csv,레저스포츠,육상레저스포츠
가평,2025,1,2025-01,159,경기도,가평군,가평약수터,3,가평 2025_01.csv,자연관광,자연경관(산)
가평,2025,1,2025-01,159,경기도,가평군,귀목계곡,3,가평 2025_01.csv,자연관광,자연경관(산)
가평,2025,1,2025-01,159,경기도,가평군,수영인의마을,3,가평 2025_01.csv,레저스포츠,수상레저스포츠
가평,2025,1,2025-01,159,경기도,가평군,가평축령산잣나무숲,3,가평 2025_01.csv,자연관광,자연공원
가평,2025,1,2025-01,159,경기도,가평군,신청평대교야구장,3,가평 2025_01.csv,문화관광,레저스포츠시설
가평,2025,1,2025-01,159,경기도,가평군,대성낚시터,3,가평 2025_01.csv,레저스포츠,수상레저스포츠
가평,2025,1,2025-01,159,경기도,가평군,바우유원지,3,가평 2025_01.csv,문화관광,복합관광시설
가평,2025,1,2025-01,159,경기도,가평군,상천저수지,3,가평 2025_01.csv,자연관광,자연경관(하천/해양)
가평,2025,1,2025-01,159,경기도,가평군,선어치,3,가평 2025_01.csv,자연관광,자연경관(산)
가평,2025,1,2025-01,159,경기도,가평군,상천지구농촌테마공원,3,가평 2025_01.csv,문화관광,전시시설
가평,2025,1,2025-01,159,경기도,가평군,호명산호명리등산로입구,3,가평 2025_01.csv,기타관광,기타관광
가평,2025,1,2025-01,159,경기도,가평군,호명산,3,가평 2025_01.csv,자연관광,자연경관(산)
가평,2025,1,2025-01,159,경기도,가평군,사랑해체험마을,3,가평 2025_01.csv,레저스포츠,기타레저스포츠
가평,2025,1,2025-01,159,경기도,가평군,워터피아수상레저,3,가평 2025_01.csv,레저스포츠,수상레저스포츠
가평,2025,1,2025-01,159,경기도,가평군,수암사,3,가평 2025_01.csv,역사관광,종교성지
가평,2025,1,2025-01,159,경기도,가평군,성관사,3,가평 2025_01.csv,역사관광,종교성지
가평,2025,1,2025-01,159,경기도,가평군,조종생활체육공원축구장,3,가평 2025_01.csv,문화관광,레저스포츠시설
가평,2025,1,2025-01,159,경기도,가평군,울업산,3,가평 2025_01.csv,자연관광,자연경관(산)
가평,2025,1,2025-01,159,경기도,가평군,가평리틀야구장,3,가평 2025_01.csv,문화관광,레저스포츠시설
가평,2025,1,2025-01,159,경기도,가평군,김중식미술관,3,가평 2025_01.csv,문화관광,전시시설
가평,2025,2,2025-02,1,경기도,가평군,남이섬,4772,가평 2025_02.csv,자연관광,자연경관(하천/해양)
가평,2025,2,2025-02,2,경기도,가평군,청평역,4076,가평 2025_02.csv,기타관광,교통시설
가평,2025,2,2025-02,3,경기도,가평군,남이섬선착장,3887,가평 2025_02.csv,기타관광,교통시설
가평,2025,2,2025-02,4,경기도,가평군,아침고요수목원,3593,가평 2025_02.csv,문화관광,테마공원
가평,2025,2,2025-02,5,경기도,가평군,가평베고니아새정원,2896,가평 2025_02.csv,문화관광,테마공원
가평,2025,2,2025-02,6,경기도,가평군,신비동물원,2657,가평 2025_02.csv,문화관광,테마공원
가평,2025,2,2025-02,7,경기도,가평군,대성리역,2080,가평 2025_02.csv,기타관광,교통시설
가평,2025,2,2025-02,8,경기도,가평군,쁘띠프랑스,1945,가평 2025_02.csv,문화관광,복합관광시설
가평,2025,2,2025-02,9,경기도,가평군,청평설빙송어빙어축제,1817,가평 2025_02.csv,문화관광,기타문화관광지
가평,2025,2,2025-02,10,경기도,가평군,현리시외버스터미널,1530,가평 2025_02.csv,기타관광,교통시설
가평,2025,2,2025-02,11,경기도,가평군,유명산자연휴양림,1205,가평 2025_02.csv,자연관광,자연공원
가평,2025,2,2025-02,12,경기도,가평군,가평베네스트GC,1030,가평 2025_02.csv,레저스포츠,육상레저스포츠
가평,2025,2,2025-02,13,경기도,가평군,자라섬,937,가평 2025_02.csv,자연관광,자연경관(하천/해양)
가평,2025,2,2025-02,14,경기도,가평군,어비계곡,925,가평 2025_02.csv,자연관광,자연경관(산)
가평,2025,2,2025-02,15,경기도,가평군,아침고요가족동물원,892,가평 2025_02.csv,문화관광,테마공원
가평,2025,2,2025-02,16,경기도,가평군,청평시외버스터미널,847,가평 2025_02.csv,기타관광,교통시설
가평,2025,2,2025-02,17,경기도,가평군,가평시외버스터미널,845,가평 2025_02.csv,기타관광,교통시설
가평,2025,2,2025-02,18,경기도,가평군,한국초콜릿연구소뮤지엄,709,가평 2025_02.csv,문화관광,전시시설
가평,2025,2,2025-02,19,경기도,가평군,아난티코드골프클럽,704,가평 2025_02.csv,레저스포츠,육상레저스포츠
가평,2025,2,2025-02,20,경기도,가평군,이화원,689,가평 2025_02.csv,문화관광,도시공원
가평,2025,2,2025-02,21,경기도,가평군,베뉴지CC,666,가평 2025_02.csv,레저스포츠,육상레저스포츠
가평,2025,2,2025-02,22,경기도,가평군,썬힐GC,642,가평 2025_02.csv,레저스포츠,육상레저스포츠
가평,2025,2,2025-02,23,경기도,가평군,청심국제청소년수련원,608,가평 2025_02.csv,레저스포츠,육상레저스포츠
가평,2025,2,2025-02,24,경기도,가평군,에델바이스스위스테마파크,580,가평 2025_02.csv,문화관광,테마공원
가평,2025,2,2025-02,25,경기도,가평군,K26잠수풀,576,가평 2025_02.csv,레저스포츠,수상레저스포츠
가평,2025,2,2025-02,26,경기도,가평군,프리스틴밸리GC,574,가평 2025_02.csv,레저스포츠,육상레저스포츠
가평,2025,2,2025-02,27,경기도,가평군,청심평화월드센터,423,가평 2025_02.csv,문화관광,공연시설
가평,2025,2,2025-02,28,경기도,가평군,상천역,394,가평 2025_02.csv,기타관광,교통시설
가평,2025,2,2025-02,29,경기도,가평군,가평군어린이음악놀이터,380,가평 2025_02.csv,문화관광,테마공원
가평,2025,2,2025-02,30,경기도,가평군,청평호반드라이브코스,364,가평 2025_02.csv,기타관광,데이트코스
가평,2025,2,2025-02,31,경기도,가평군,경기도잣향기푸른숲,349,가평 2025_02.csv,자연관광,자연공원
가평,2025,2,2025-02,32,경기도,가평군,캠프통포레스트,341,가평 2025_02.csv,레저스포츠,수상레저스포츠
가평,2025,2,2025-02,33,경기도,가평군,강씨봉자연휴양림,310,가평 2025_02.csv,자연관광,자연공원
가평,2025,2,2025-02,34,경기도,가평군,북한강대성리송어축제,309,가평 2025_02.csv,문화관광,기타문화관광지
가평,2025,2,2025-02,35,경기도,가평군,음악역1939,294,가평 2025_02.csv,문화관광,기타문화관광지
가평,2025,2,2025-02,36,경기도,가평군,캠프통아일랜드,284,가평 2025_02.csv,레저스포츠,수상레저스포츠
가평,2025,2,2025-02,37,경기도,가평군,설악시외버스터미널,273,가평 2025_02.csv,기타관광,교통시설
가평,2025,2,2025-02,38,경기도,가평군,마이다스밸리청평 골프클럽,257,가평 2025_02.csv,레저스포츠,육상레저스포츠
가평,2025,2,2025-02,39,경기도,가평군,청평자연휴양림,242,가평 2025_02.csv,자연관광,자연공원
가평,2025,2,2025-02,40,경기도,가평군,잣고을전통시장,231,가평 2025_02.csv,쇼핑,시장
가평,2025,2,2025-02,41,경기도,가평군,아침고요수목원오색별빛정원전,222,가평 2025_02.csv,문화관광,기타문화관광지
가평,2025,2,2025-02,42,경기도,가평군,칼봉산자연휴양림,220,가평 2025_02.csv,자연관광,자연공원
가평,2025,2,2025-02,42,경기도,가평군,크리스탈밸리CC,220,가평 2025_02.csv,레저스포츠,육상레저스포츠
가평,2025,2,2025-02,44,경기도,가평군,산장관광지,217,가평 2025_02.csv,문화관광,복합관광시설
가평,2025,2,2025-02,45,경기도,가평군,현등사,214,가평 2025_02.csv,역사관광,종교성지
가평,2025,2,2025-02,46,경기도,가평군,강촌레일파크가평역,209,가평 2025_02.csv,레저스포츠,기타레저스포츠
가평,2025,2,2025-02,47,경기도,가평군,가평별빛공원,184,가평 2025_02.csv,문화관광,도시공원
가평,2025,2,2025-02,48,경기도,가평군,이탈리아마을 피노키오와다빈치,182,가평 2025_02.csv,문화관광,복합관광시설
가평,2025,2,2025-02,49,경기도,가평군,리앤리CC,171,가평 2025_02.csv,레저스포츠,육상레저스포츠
가평,2025,2,2025-02,50,경기도,가평군,천정궁박물관,169,가평 2025_02.csv,문화관광,전시시설
가평,2025,2,2025-02,51,경기도,가평군,운악산출렁다리,165,가평 2025_02.csv,기타관광,기타관광
가평,2025,2,2025-02,52,경기도,가평군,W홀스랜드,163,가평 2025_02.csv,레저스포츠,육상레저스포츠
가평,2025,2,2025-02,53,경기도,가평군,자라섬출렁다리,162,가평 2025_02.csv,기타관광,기타관광
가평,2025,2,2025-02,54,경기도,가평군,호명호수,148,가평 2025_02.csv,자연관광,자연경관(하천/해양)
가평,2025,2,2025-02,55,경기도,가평군,꿈의동산,147,가평 2025_02.csv,문화관광,복합관광시설
가평,2025,2,2025-02,56,경기도,가평군,백련사,143,가평 2025_02.csv,역사관광,종교성지
가평,2025,2,2025-02,57,경기도,가평군,청평5일시장,142,가평 2025_02.csv,쇼핑,시장
가평,2025,2,2025-02,58,경기도,가평군,달마공원관음사,137,가평 2025_02.csv,역사관광,종교성지
가평,2025,2,2025-02,59,경기도,가평군,청평호,134,가평 2025_02.csv,자연관광,자연경관(하천/해양)
가평,2025,2,2025-02,60,경기도,가평군,가평파크골프장,133,가평 2025_02.csv,레저스포츠,육상레저스포츠
가평,2025,2,2025-02,61,경기도,가평군,엘혜윰의정원,110,가평 2025_02.csv,레저스포츠,육상레저스포츠
가평,2025,2,2025-02,62,경기도,가평군,경기도잣향기푸른숲안내매표소,103,가평 2025_02.csv,기타관광,기타관광
가평,2025,2,2025-02,63,경기도,가평군,가평정기5일시장,100,가평 2025_02.csv,쇼핑,시장
가평,2025,2,2025-02,64,경기도,가평군,대원사,96,가평 2025_02.csv,역사관광,종교성지
가평,2025,2,2025-02,65,경기도,가평군,호명호수공원,92,가평 2025_02.csv,문화관광,도시공원
가평,2025,2,2025-02,66,경기도,가평군,대성리국민관광지,87,가평 2025_02.csv,문화관광,복합관광시설
가평,2025,2,2025-02,67,경기도,가평군,가일미술관,86,가평 2025_02.csv,문화관광,전시시설
가평,2025,2,2025-02,68,경기도,가평군,가평TOP랜드,82,가평 2025_02.csv,레저스포츠,수상레저스포츠
가평,2025,2,2025-02,69,경기도,가평군,운악산성불사,81,가평 2025_02.csv,역사관광,종교성지
가평,2025,2,2025-02,70,경기도,가평군,청평여울시장,64,가평 2025_02.csv,쇼핑,시장
가평,2025,2,2025-02,71,경기도,가평군,설악5일장,60,가평 2025_02.csv,쇼핑,시장
가평,2025,2,2025-02,72,경기도,가평군,트니트니어드벤처,59,가평 2025_02.csv,문화관광,테마공원
가평,2025,2,2025-02,73,경기도,가평군,설악낚시터,56,가평 2025_02.csv,레저스포츠,수상레저스포츠
가평,2025,2,2025-02,74,경기도,가평군,호명산드라이브코스,51,가평 2025_02.csv,기타관광,데이트코스
가평,2025,2,2025-02,75,경기도,가평군,목동버스터미널,47,가평 2025_02.csv,기타관광,교통시설
가평,2025,2,2025-02,76,경기도,가평군,가평크루즈,46,가평 2025_02.csv,레저스포츠,기타레저스포츠
가평,2025,2,2025-02,77,경기도,가평군,자연과별천문대,44,가평 2025_02.csv,기타관광,기타관광
가평,2025,2,2025-02,78,경기도,가평군,녹수계곡,43,가평 2025_02.csv,자연관광,자연경관(산)
가평,2025,2,2025-02,79,경기도,가평군,현리유원지,42,가평 2025_02.csv,문화관광,복합관광시설
가평,2025,2,2025-02,80,경기도,가평군,태은사,41,가평 2025_02.csv,역사관광,종교성지
가평,2025,2,2025-02,80,경기도,가평군,가평브릿지짚라인,41,가평 2025_02.csv,레저스포츠,기타레저스포츠
가평,2025,2,2025-02,82,경기도,가평군,자라섬생태공원,40,가평 2025_02.csv,문화관광,도시공원
가평,2025,2,2025-02,82,경기도,가평군,유명산,40,가평 2025_02.csv,자연관광,자연경관(산)
가평,2025,2,2025-02,84,경기도,가평군,청평생활체육공원,39,가평 2025_02.csv,문화관광,도시공원
가평,2025,2,2025-02,85,경기도,가평군,가평에덴벚꽃길,38,가평 2025_02.csv,기타관광,기타관광
가평,2025,2,2025-02,86,경기도,가평군,용추계곡,35,가평 2025_02.csv,자연관광,자연경관(산)
가평,2025,2,2025-02,87,경기도,가평군,마린랜드,34,가평 2025_02.csv,레저스포츠,수상레저스포츠
가평,2025,2,2025-02,88,경기도,가평군,조종시네마,31,가평 2025_02.csv,문화관광,공연시설
가평,2025,2,2025-02,89,경기도,가평군,불기고개,30,가평 2025_02.csv,자연관광,자연경관(산)
가평,2025,2,2025-02,90,경기도,가평군,청평유원지,28,가평 2025_02.csv,문화관광,복합관광시설
가평,2025,2,2025-02,91,경기도,가평군,가평이음터,27,가평 2025_02.csv,문화관광,기타문화관광지
가평,2025,2,2025-02,92,경기도,가평군,스카이라인짚와이어,25,가평 2025_02.csv,문화관광,복합관광시설
가평,2025,2,2025-02,92,경기도,가평군,명지산생태전시관,25,가평 2025_02.csv,문화관광,전시시설
가평,2025,2,2025-02,92,경기도,가평군,운악산,25,가평 2025_02.csv,자연관광,자연경관(산)
가평,2025,2,2025-02,95,경기도,가평군,더스테이힐링파크링스파3골프장,24,가평 2025_02.csv,레저스포츠,육상레저스포츠
가평,2025,2,2025-02,95,경기도,가평군,가평사계절썰매장,24,가평 2025_02.csv,레저스포츠,육상레저스포츠
가평,2025,2,2025-02,95,경기도,가평군,청평첫집,24,가평 2025_02.csv,레저스포츠,수상레저스포츠
가평,2025,2,2025-02,98,경기도,가평군,상천루,23,가평 2025_02.csv,문화관광,도시공원
가평,2025,2,2025-02,98,경기도,가평군,리버랜드번지점프장,23,가평 2025_02.csv,레저스포츠,육상레저스포츠
가평,2025,2,2025-02,98,경기도,가평군,청평암,23,가평 2025_02.csv,역사관광,종교성지
가평,2025,2,2025-02,101,경기도,가평군,청룡사,22,가평 2025_02.csv,역사관광,종교성지
가평,2025,2,2025-02,101,경기도,가평군,극락정사,22,가평 2025_02.csv,역사관광,종교성지
가평,2025,2,2025-02,101,경기도,가평군,상면생활체육공원,22,가평 2025_02.csv,문화관광,도시공원
가평,2025,2,2025-02,104,경기도,가평군,화악산,21,가평 2025_02.csv,자연관광,자연경관(산)
가평,2025,2,2025-02,105,경기도,가평군,도장골낚시터,19,가평 2025_02.csv,레저스포츠,수상레저스포츠
가평,2025,2,2025-02,105,경기도,가평군,가평종합운동장야구장,19,가평 2025_02.csv,문화관광,레저스포츠시설
가평,2025,2,2025-02,105,경기도,가평군,가평뮤직빌리지1939시네마,19,가평 2025_02.csv,문화관광,공연시설
가평,2025,2,2025-02,108,경기도,가평군,목동근린공원전망대,18,가평 2025_02.csv,문화관광,랜드마크관광
가평,2025,2,2025-02,108,경기도,가평군,설악생활체육공원,18,가평 2025_02.csv,문화관광,도시공원
가평,2025,2,2025-02,108,경기도,가평군,이정웅스페이스,18,가평 2025_02.csv,문화관광,전시시설
가평,2025,2,2025-02,111,경기도,가평군,가마소유원지,17,가평 2025_02.csv,문화관광,복합관광시설
가평,2025,2,2025-02,112,경기도,가평군,연인산도립공원탐방안내소,15,가평 2025_02.csv,기타관광,기타관광
가평,2025,2,2025-02,113,경기도,가평군,청평호수길,14,가평 2025_02.csv,기타관광,기타관광
가평,2025,2,2025-02,113,경기도,가평군,가평레져카트장,14,가평 2025_02.csv,레저스포츠,기타레저스포츠
가평,2025,2,2025-02,115,경기도,가평군,가평현리5일장,13,가평 2025_02.csv,쇼핑,시장
가평,2025,2,2025-02,115,경기도,가평군,남도꽃정원,13,가평 2025_02.csv,문화관광,도시공원
가평,2025,2,2025-02,115,경기도,가평군,일지안호범미술관,13,가평 2025_02.csv,문화관광,전시시설
가평,2025,2,2025-02,115,경기도,가평군,조종생활체육공원,13,가평 2025_02.csv,문화관광,도시공원
가평,2025,2,2025-02,115,경기도,가평군,상락향수도원,13,가평 2025_02.csv,역사관광,종교성지
가평,2025,2,2025-02,115,경기도,가평군,산림생태문화체험단지,13,가평 2025_02.csv,기타관광,기타관광
가평,2025,2,2025-02,121,경기도,가평군,가평수목원,12,가평 2025_02.csv,자연관광,자연공원
가평,2025,2,2025-02,122,경기도,가평군,HJ매그놀리아멋집,11,가평 2025_02.csv,문화관광,기타문화관광지
가평,2025,2,2025-02,122,경기도,가평군,운악산관음사,11,가평 2025_02.csv,역사관광,종교성지
가평,2025,2,2025-02,124,경기도,가평군,하천리생활체육공원,10,가평 2025_02.csv,문화관광,도시공원
가평,2025,2,2025-02,124,경기도,가평군,성주사,10,가평 2025_02.csv,역사관광,종교성지
가평,2025,2,2025-02,126,경기도,가평군,삼회리벚꽃길,9,가평 2025_02.csv,기타관광,데이트코스
가평,2025,2,2025-02,126,경기도,가평군,북면생활체육공원,9,가평 2025_02.csv,문화관광,도시공원
가평,2025,2,2025-02,126,경기도,가평군,구원사,9,가평 2025_02.csv,역사관광,종교성지
가평,2025,2,2025-02,126,경기도,가평군,남송미술관,9,가평 2025_02.csv,문화관광,전시시설
가평,2025,2,2025-02,126,경기도,가평군,축령사,9,가평 2025_02.csv,역사관광,종교성지
가평,2025,2,2025-02,126,경기도,가평군,물의나라유원지,9,가평 2025_02.csv,문화관광,복합관광시설
가평,2025,2,2025-02,126,경기도,가평군,신청평대교야구장,9,가평 2025_02.csv,문화관광,레저스포츠시설
가평,2025,2,2025-02,126,경기도,가평군,노랑다리미술관,9,가평 2025_02.csv,문화관광,전시시설
가평,2025,2,2025-02,134,경기도,가평군,색현터널,8,가평 2025_02.csv,기타관광,기타관광
가평,2025,2,2025-02,134,경기도,가평군,일칠일관광농원,8,가평 2025_02.csv,체험관광,농/산/어촌체험
가평,2025,2,2025-02,134,경기도,가평군,향원사,8,가평 2025_02.csv,역사관광,종교성지
가평,2025,2,2025-02,134,경기도,가평군,빠지고,8,가평 2025_02.csv,레저스포츠,수상레저스포츠
가평,2025,2,2025-02,134,경기도,가평군,가평낚시터,8,가평 2025_02.csv,레저스포츠,수상레저스포츠
가평,2025,2,2025-02,139,경기도,가평군,씨브이리조트,7,가평 2025_02.csv,레저스포츠,수상레저스포츠
가평,2025,2,2025-02,139,경기도,가평군,설악생활체육공원축구장,7,가평 2025_02.csv,문화관광,레저스포츠시설
가평,2025,2,2025-02,139,경기도,가평군,용소폭포,7,가평 2025_02.csv,자연관광,자연경관(산)
가평,2025,2,2025-02,139,경기도,가평군,가평무브베이스볼파크,7,가평 2025_02.csv,문화관광,레저스포츠시설
가평,2025,2,2025-02,139,경기도,가평군,남이섬겨울축제,7,가평 2025_02.csv,문화관광,기타문화관광지
가평,2025,2,2025-02,144,경기도,가평군,수궁유원지,6,가평 2025_02.csv,문화관광,복합관광시설
가평,2025,2,2025-02,144,경기도,가평군,웨이크베이리조트,6,가평 2025_02.csv,레저스포츠,기타레저스포츠
가평,2025,2,2025-02,144,경기도,가평군,캐나다전투기념비,6,가평 2025_02.csv,역사관광,역사유물
가평,2025,2,2025-02,144,경기도,가평군,현충탑,6,가평 2025_02.csv,역사관광,역사유물
가평,2025,2,2025-02,144,경기도,가평군,북배산흑염소농장,6,가평 2025_02.csv,체험관광,농/산/어촌체험
가평,2025,2,2025-02,144,경기도,가평군,명지계곡,6,가평 2025_02.csv,자연관광,자연경관(산)
가평,2025,2,2025-02,150,경기도,가평군,떡바위유원지,5,가평 2025_02.csv,문화관광,복합관광시설
가평,2025,2,2025-02,150,경기도,가평군,영안청소년수련원,5,가평 2025_02.csv,레저스포츠,육상레저스포츠
가평,2025,2,2025-02,150,경기도,가평군,보광사,5,가평 2025_02.csv,역사관광,종교성지
가평,2025,2,2025-02,150,경기도,가평군,가평역레져,5,가평 2025_02.csv,레저스포츠,기타레저스포츠
가평,2025,2,2025-02,150,경기도,가평군,보납산전망대,5,가평 2025_02.csv,문화관광,랜드마크관광
가평,2025,2,2025-02,150,경기도,가평군,대덕사,5,가평 2025_02.csv,역사관광,종교성지
가평,2025,2,2025-02,150,경기도,가평군,가평하늘커피농장,5,가평 2025_02.csv,체험관광,농/산/어촌체험
가평,2025,2,2025-02,157,경기도,가평군,청춘역1979,4,가평 2025_02.csv,문화관광,도시공원
가평,2025,2,2025-02,157,경기도,가평군,중종대왕태봉,4,가평 2025_02.csv,기타관광,기타관광
가평,2025,2,2025-02,157,경기도,가평군,이화여자대학교수목원,4,가평 2025_02.csv,레저스포츠,육상레저스포츠
가평,2025,2,2025-02,157,경기도,가평군,인터렉티브아트뮤지엄,4,가평 2025_02.csv,문화관광,전시시설
가평,2025,2,2025-02,161,경기도,가평군,가평군관공선선착장,3,가평 2025_02.csv,기타관광,교통시설
가평,2025,2,2025-02,161,경기도,가평군,청평계곡,3,가평 2025_02.csv,자연관광,자연경관(산)
가평,2025,2,2025-02,161,경기도,가평군,가평밀리터리공원,3,가평 2025_02.csv,문화관광,테마공원
가평,2025,2,2025-02,161,경기도,가평군,아루바수상레저,3,가평 2025_02.csv,레저스포츠,기타레저스포츠
가평,2025,2,2025-02,161,경기도,가평군,팀더블유,3,가평 2025_02.csv,레저스포츠,기타레저스포츠
가평,2025,2,2025-02,161,경기도,가평군,마담크래프트,3,가평 2025_02.csv,체험관광,공예체험
가평,2025,2,2025-02,161,경기도,가평군,산림복합체험센터,3,가평 2025_02.csv,문화관광,기타문화관광지
가평,2025,2,2025-02,161,경기도,가평군,가평현암농경박물관,3,가평 2025_02.csv,문화관광,전시시설
가평,2025,2,2025-02,161,경기도,가평군,연인산명품계곡길,3,가평 2025_02.csv,레저스포츠,기타레저스포츠
가평,2025,2,2025-02,161,경기도,가평군,청평유원지,3,가평 2025_02.csv,문화관광,복합관광시설
가평,2025,2,2025-02,161,경기도,가평군,어비산,3,가평 2025_02.csv,자연관광,자연경관(산)
가평,2025,2,2025-02,161,경기도,가평군,청오사,3,가평 2025_02.csv,역사관광,종교성지
가평,2025,2,2025-02,161,경기도,가평군,가평빠지클럽비발디,3,가평 2025_02.csv,레저스포츠,수상레저스포츠
가평,2025,2,2025-02,161,경기도,가평군,취옹예술관,3,가평 2025_02.csv,문화관광,전시시설
가평,2025,2,2025-02,161,경기도,가평군,화야산사기막등산로,3,가평 2025_02.csv,자연관광,자연경관(산)
가평,2025,2,2025-02,161,경기도,가평군,운악산가평현등사방면,3,가평 2025_02.csv,자연관광,자연경관(산)
가평,2025,2,2025-02,161,경기도,가평군,관음사,3,가평 2025_02.csv,역사관광,종교성지
가평,2025,2,2025-02,161,경기도,가평군,코스모피아천문대,3,가평 2025_02.csv,문화관광,랜드마크관광
가평,2025,2,2025-02,161,경기도,가평군,청평리버랜드수상레저,3,가평 2025_02.csv,문화관광,복합관광시설
가평,2025,2,2025-02,161,경기도,가평군,밤골유원지,3,가평 2025_02.csv,문화관광,복합관광시설
가평,2025,2,2025-02,161,경기도,가평군,수영인의마을,3,가평 2025_02.csv,레저스포츠,수상레저스포츠
가평,2025,2,2025-02,161,경기도,가평군,연인산,3,가평 2025_02.csv,자연관광,자연경관(산)
가평,2025,2,2025-02,161,경기도,가평군,가평축령산잣나무숲,3,가평 2025_02.csv,자연관광,자연공원
가평,2025,2,2025-02,161,경기도,가평군,설미재미술관,3,가평 2025_02.csv,문화관광,전시시설
가평,2025,2,2025-02,161,경기도,가평군,두밀리낚시터,3,가평 2025_02.csv,레저스포츠,수상레저스포츠
가평,2025,2,2025-02,161,경기도,가평군,선어치,3,가평 2025_02.csv,자연관광,자연경관(산)
가평,2025,2,2025-02,161,경기도,가평군,흥국사,3,가평 2025_02.csv,역사관광,종교성지
가평,2025,2,2025-02,161,경기도,가평군,보원사,3,가평 2025_02.csv,역사관광,종교성지
가평,2025,2,2025-02,161,경기도,가평군,효심사,3,가평 2025_02.csv,역사관광,종교성지
가평,2025,2,2025-02,161,경기도,가평군,홍적고개,3,가평 2025_02.csv,자연관광,자연경관(산)
가평,2025,2,2025-02,161,경기도,가평군,에덴벚꽃길,3,가평 2025_02.csv,레저스포츠,기타레저스포츠
가평,2025,2,2025-02,161,경기도,가평군,사랑해체험마을,3,가평 2025_02.csv,레저스포츠,기타레저스포츠
가평,2025,2,2025-02,161,경기도,가평군,더스테이힐링파크와일드가든,3,가평 2025_02.csv,문화관광,도시공원
가평,2025,2,2025-02,161,경기도,가평군,울업산,3,가평 2025_02.csv,자연관광,자연경관(산)
가평,2025,3,2025-03,1,경기도,가평군,남이섬,7420,가평 2025_03.csv,자연관광,자연경관(하천/해양)
가평,2025,3,2025-03,2,경기도,가평군,남이섬선착장,5749,가평 2025_03.csv,기타관광,교통시설
가평,2025,3,2025-03,3,경기도,가평군,청평역,5182,가평 2025_03.csv,기타관광,교통시설
가평,2025,3,2025-03,4,경기도,가평군,아침고요수목원,5099,가평 2025_03.csv,문화관광,테마공원
가평,2025,3,2025-03,5,경기도,가평군,가평베네스트GC,4745,가평 2025_03.csv,레저스포츠,육상레저스포츠
가평,2025,3,2025-03,6,경기도,가평군,썬힐GC,4350,가평 2025_03.csv,레저스포츠,육상레저스포츠
가평,2025,3,2025-03,7,경기도,가평군,가평베고니아새정원,3948,가평 2025_03.csv,문화관광,테마공원
가평,2025,3,2025-03,8,경기도,가평군,베뉴지CC,3270,가평 2025_03.csv,레저스포츠,육상레저스포츠
가평,2025,3,2025-03,9,경기도,가평군,프리스틴밸리GC,3115,가평 2025_03.csv,레저스포츠,육상레저스포츠
가평,2025,3,2025-03,10,경기도,가평군,리앤리CC,3051,가평 2025_03.csv,레저스포츠,육상레저스포츠
가평,2025,3,2025-03,11,경기도,가평군,아난티코드골프클럽,3029,가평 2025_03.csv,레저스포츠,육상레저스포츠
가평,2025,3,2025-03,12,경기도,가평군,대성리역,2967,가평 2025_03.csv,기타관광,교통시설
가평,2025,3,2025-03,13,경기도,가평군,크리스탈밸리CC,2832,가평 2025_03.csv,레저스포츠,육상레저스포츠
가평,2025,3,2025-03,14,경기도,가평군,쁘띠프랑스,2378,가평 2025_03.csv,문화관광,복합관광시설
가평,2025,3,2025-03,15,경기도,가평군,신비동물원가평점,2321,가평 2025_03.csv,문화관광,테마공원
가평,2025,3,2025-03,16,경기도,가평군,현리시외버스터미널,1906,가평 2025_03.csv,기타관광,교통시설
가평,2025,3,2025-03,17,경기도,가평군,자라섬,1895,가평 2025_03.csv,자연관광,자연경관(하천/해양)
가평,2025,3,2025-03,18,경기도,가평군,마이다스밸리청평 골프클럽,1702,가평 2025_03.csv,레저스포츠,육상레저스포츠
가평,2025,3,2025-03,19,경기도,가평군,유명산자연휴양림,1680,가평 2025_03.csv,자연관광,자연공원
가평,2025,3,2025-03,20,경기도,가평군,아침고요가족동물원,1656,가평 2025_03.csv,문화관광,테마공원
가평,2025,3,2025-03,21,경기도,가평군,청평시외버스터미널,1071,가평 2025_03.csv,기타관광,교통시설
가평,2025,3,2025-03,22,경기도,가평군,가평시외버스터미널,954,가평 2025_03.csv,기타관광,교통시설
가평,2025,3,2025-03,23,경기도,가평군,북면생활체육공원,935,가평 2025_03.csv,문화관광,도시공원
가평,2025,3,2025-03,24,경기도,가평군,경기도잣향기푸른숲,922,가평 2025_03.csv,자연관광,자연공원
가평,2025,3,2025-03,25,경기도,가평군,청평생활체육공원,881,가평 2025_03.csv,문화관광,도시공원
가평,2025,3,2025-03,26,경기도,가평군,상면생활체육공원,880,가평 2025_03.csv,문화관광,도시공원
가평,2025,3,2025-03,27,경기도,가평군,에델바이스스위스테마파크,772,가평 2025_03.csv,문화관광,테마공원
가평,2025,3,2025-03,28,경기도,가평군,청심평화월드센터,640,가평 2025_03.csv,문화관광,공연시설
가평,2025,3,2025-03,29,경기도,가평군,K26잠수풀,622,가평 2025_03.csv,레저스포츠,수상레저스포츠
가평,2025,3,2025-03,30,경기도,가평군,강촌레일파크가평역,617,가평 2025_03.csv,레저스포츠,기타레저스포츠
가평,2025,3,2025-03,31,경기도,가평군,이화원,604,가평 2025_03.csv,문화관광,도시공원
가평,2025,3,2025-03,32,경기도,가평군,상천역,592,가평 2025_03.csv,기타관광,교통시설
가평,2025,3,2025-03,33,경기도,가평군,청평호반드라이브코스,535,가평 2025_03.csv,기타관광,데이트코스
가평,2025,3,2025-03,34,경기도,가평군,희망축구전용구장,520,가평 2025_03.csv,문화관광,레저스포츠시설
가평,2025,3,2025-03,35,경기도,가평군,한국초콜릿연구소뮤지엄,506,가평 2025_03.csv,문화관광,전시시설
가평,2025,3,2025-03,36,경기도,가평군,호명호수,448,가평 2025_03.csv,자연관광,자연경관(하천/해양)
가평,2025,3,2025-03,37,경기도,가평군,산장관광지,443,가평 2025_03.csv,문화관광,복합관광시설
가평,2025,3,2025-03,38,경기도,가평군,설악생활체육공원축구장,410,가평 2025_03.csv,문화관광,레저스포츠시설
가평,2025,3,2025-03,39,경기도,가평군,청심국제청소년수련원,397,가평 2025_03.csv,레저스포츠,육상레저스포츠
가평,2025,3,2025-03,40,경기도,가평군,설악생활체육공원,376,가평 2025_03.csv,문화관광,도시공원
가평,2025,3,2025-03,41,경기도,가평군,설악시외버스터미널,372,가평 2025_03.csv,기타관광,교통시설
가평,2025,3,2025-03,42,경기도,가평군,청평자연휴양림,356,가평 2025_03.csv,자연관광,자연공원
가평,2025,3,2025-03,43,경기도,가평군,강씨봉자연휴양림,334,가평 2025_03.csv,자연관광,자연공원
가평,2025,3,2025-03,43,경기도,가평군,행복축구전용구장,334,가평 2025_03.csv,문화관광,레저스포츠시설
가평,2025,3,2025-03,45,경기도,가평군,이탈리아마을 피노키오와다빈치,318,가평 2025_03.csv,문화관광,복합관광시설
가평,2025,3,2025-03,45,경기도,가평군,현등사,318,가평 2025_03.csv,역사관광,종교성지
가평,2025,3,2025-03,45,경기도,가평군,잣고을전통시장,318,가평 2025_03.csv,쇼핑,시장
가평,2025,3,2025-03,48,경기도,가평군,캠프통아일랜드,309,가평 2025_03.csv,레저스포츠,수상레저스포츠
가평,2025,3,2025-03,49,경기도,가평군,캠프통포레스트,305,가평 2025_03.csv,레저스포츠,수상레저스포츠
가평,2025,3,2025-03,50,경기도,가평군,꿈의동산,293,가평 2025_03.csv,문화관광,복합관광시설
가평,2025,3,2025-03,51,경기도,가평군,운악산출렁다리,287,가평 2025_03.csv,기타관광,기타관광
가평,2025,3,2025-03,52,경기도,가평군,가평군어린이음악놀이터,281,가평 2025_03.csv,문화관광,테마공원
가평,2025,3,2025-03,53,경기도,가평군,청평호,280,가평 2025_03.csv,자연관광,자연경관(하천/해양)
가평,2025,3,2025-03,54,경기도,가평군,천정궁박물관,267,가평 2025_03.csv,문화관광,전시시설
가평,2025,3,2025-03,55,경기도,가평군,음악역1939,257,가평 2025_03.csv,문화관광,기타문화관광지
가평,2025,3,2025-03,56,경기도,가평군,칼봉산자연휴양림,248,가평 2025_03.csv,자연관광,자연공원
가평,2025,3,2025-03,57,경기도,가평군,보납정,235,가평 2025_03.csv,레저스포츠,육상레저스포츠
가평,2025,3,2025-03,58,경기도,가평군,가평별빛공원,225,가평 2025_03.csv,문화관광,도시공원
가평,2025,3,2025-03,59,경기도,가평군,가평파크골프장,222,가평 2025_03.csv,레저스포츠,육상레저스포츠
가평,2025,3,2025-03,60,경기도,가평군,호명호수공원,216,가평 2025_03.csv,문화관광,도시공원
가평,2025,3,2025-03,61,경기도,가평군,W홀스랜드,212,가평 2025_03.csv,레저스포츠,육상레저스포츠
가평,2025,3,2025-03,62,경기도,가평군,백련사,208,가평 2025_03.csv,역사관광,종교성지
가평,2025,3,2025-03,63,경기도,가평군,가평정기5일시장,207,가평 2025_03.csv,쇼핑,시장
가평,2025,3,2025-03,64,경기도,가평군,자라섬출렁다리,206,가평 2025_03.csv,기타관광,기타관광
가평,2025,3,2025-03,65,경기도,가평군,어비계곡,205,가평 2025_03.csv,자연관광,자연경관(산)
가평,2025,3,2025-03,66,경기도,가평군,아침고요수목원오색별빛정원전,193,가평 2025_03.csv,문화관광,기타문화관광지
가평,2025,3,2025-03,67,경기도,가평군,대성리국민관광지,190,가평 2025_03.csv,문화관광,복합관광시설
가평,2025,3,2025-03,68,경기도,가평군,조종생활체육공원,185,가평 2025_03.csv,문화관광,도시공원
가평,2025,3,2025-03,69,경기도,가평군,청평5일시장,170,가평 2025_03.csv,쇼핑,시장
가평,2025,3,2025-03,70,경기도,가평군,달마공원관음사,147,가평 2025_03.csv,역사관광,종교성지
가평,2025,3,2025-03,71,경기도,가평군,더스테이힐링파크링스파3골프장,144,가평 2025_03.csv,레저스포츠,육상레저스포츠
가평,2025,3,2025-03,72,경기도,가평군,대원사,142,가평 2025_03.csv,역사관광,종교성지
가평,2025,3,2025-03,73,경기도,가평군,용추계곡,123,가평 2025_03.csv,자연관광,자연경관(산)
가평,2025,3,2025-03,74,경기도,가평군,가평에덴벚꽃길,118,가평 2025_03.csv,기타관광,기타관광
가평,2025,3,2025-03,75,경기도,가평군,청평설빙송어빙어축제,109,가평 2025_03.csv,문화관광,기타문화관광지
가평,2025,3,2025-03,75,경기도,가평군,운악산,109,가평 2025_03.csv,자연관광,자연경관(산)
가평,2025,3,2025-03,77,경기도,가평군,가평TOP랜드,107,가평 2025_03.csv,레저스포츠,수상레저스포츠
가평,2025,3,2025-03,78,경기도,가평군,녹수계곡,104,가평 2025_03.csv,자연관광,자연경관(산)
가평,2025,3,2025-03,79,경기도,가평군,산림생태문화체험단지,103,가평 2025_03.csv,기타관광,기타관광
가평,2025,3,2025-03,80,경기도,가평군,호명산드라이브코스,97,가평 2025_03.csv,기타관광,데이트코스
가평,2025,3,2025-03,81,경기도,가평군,도장골낚시터,84,가평 2025_03.csv,레저스포츠,수상레저스포츠
가평,2025,3,2025-03,81,경기도,가평군,스카이라인짚와이어,84,가평 2025_03.csv,문화관광,복합관광시설
가평,2025,3,2025-03,83,경기도,가평군,청평여울시장,83,가평 2025_03.csv,쇼핑,시장
가평,2025,3,2025-03,83,경기도,가평군,신청평대교야구장,83,가평 2025_03.csv,문화관광,레저스포츠시설
가평,2025,3,2025-03,85,경기도,가평군,설악5일장,82,가평 2025_03.csv,쇼핑,시장
가평,2025,3,2025-03,85,경기도,가평군,가평브릿지짚라인,82,가평 2025_03.csv,레저스포츠,기타레저스포츠
가평,2025,3,2025-03,87,경기도,가평군,운악산성불사,76,가평 2025_03.csv,역사관광,종교성지
가평,2025,3,2025-03,88,경기도,가평군,조종시네마,73,가평 2025_03.csv,문화관광,공연시설
가평,2025,3,2025-03,89,경기도,가평군,가일미술관,70,가평 2025_03.csv,문화관광,전시시설
가평,2025,3,2025-03,90,경기도,가평군,유명산,69,가평 2025_03.csv,자연관광,자연경관(산)
가평,2025,3,2025-03,91,경기도,가평군,청평유원지,67,가평 2025_03.csv,문화관광,복합관광시설
가평,2025,3,2025-03,91,경기도,가평군,목동버스터미널,67,가평 2025_03.csv,기타관광,교통시설
가평,2025,3,2025-03,93,경기도,가평군,경기도잣향기푸른숲안내매표소,63,가평 2025_03.csv,기타관광,기타관광
가평,2025,3,2025-03,93,경기도,가평군,자라섬생태공원,63,가평 2025_03.csv,문화관광,도시공원
가평,2025,3,2025-03,95,경기도,가평군,이정웅스페이스,59,가평 2025_03.csv,문화관광,전시시설
가평,2025,3,2025-03,96,경기도,가평군,삼회리벚꽃길,56,가평 2025_03.csv,기타관광,데이트코스
가평,2025,3,2025-03,97,경기도,가평군,설악낚시터,55,가평 2025_03.csv,레저스포츠,수상레저스포츠
가평,2025,3,2025-03,97,경기도,가평군,가평뮤직빌리지1939시네마,55,가평 2025_03.csv,문화관광,공연시설
가평,2025,3,2025-03,99,경기도,가평군,트니트니어드벤처,54,가평 2025_03.csv,문화관광,테마공원
가평,2025,3,2025-03,100,경기도,가평군,조종생활체육공원축구장,53,가평 2025_03.csv,문화관광,레저스포츠시설
가평,2025,3,2025-03,101,경기도,가평군,명지산생태전시관,50,가평 2025_03.csv,문화관광,전시시설
가평,2025,3,2025-03,102,경기도,가평군,리버랜드번지점프장,49,가평 2025_03.csv,레저스포츠,육상레저스포츠
가평,2025,3,2025-03,102,경기도,가평군,불기고개,49,가평 2025_03.csv,자연관광,자연경관(산)
가평,2025,3,2025-03,104,경기도,가평군,가평수목원,48,가평 2025_03.csv,자연관광,자연공원
가평,2025,3,2025-03,105,경기도,가평군,일지안호범미술관,45,가평 2025_03.csv,문화관광,전시시설
가평,2025,3,2025-03,106,경기도,가평군,남도꽃정원,42,가평 2025_03.csv,문화관광,도시공원
가평,2025,3,2025-03,106,경기도,가평군,엘혜윰의정원,42,가평 2025_03.csv,레저스포츠,육상레저스포츠
가평,2025,3,2025-03,108,경기도,가평군,청룡사,41,가평 2025_03.csv,역사관광,종교성지
가평,2025,3,2025-03,109,경기도,가평군,태은사,36,가평 2025_03.csv,역사관광,종교성지
가평,2025,3,2025-03,110,경기도,가평군,청평호수길,35,가평 2025_03.csv,기타관광,기타관광
가평,2025,3,2025-03,110,경기도,가평군,가평이음터,35,가평 2025_03.csv,문화관광,기타문화관광지
가평,2025,3,2025-03,112,경기도,가평군,가평현리5일장,34,가평 2025_03.csv,쇼핑,시장
가평,2025,3,2025-03,113,경기도,가평군,가평레져카트장,31,가평 2025_03.csv,레저스포츠,기타레저스포츠
가평,2025,3,2025-03,114,경기도,가평군,일칠일관광농원,30,가평 2025_03.csv,체험관광,농/산/어촌체험
가평,2025,3,2025-03,115,경기도,가평군,마콤갤러리,29,가평 2025_03.csv,문화관광,전시시설
가평,2025,3,2025-03,116,경기도,가평군,가평축령산잣나무숲,28,가평 2025_03.csv,자연관광,자연공원
가평,2025,3,2025-03,117,경기도,가평군,상천루,26,가평 2025_03.csv,문화관광,도시공원
가평,2025,3,2025-03,117,경기도,가평군,가평크루즈,26,가평 2025_03.csv,레저스포츠,기타레저스포츠
가평,2025,3,2025-03,117,경기도,가평군,캐나다전투기념비,26,가평 2025_03.csv,역사관광,역사유물
가평,2025,3,2025-03,117,경기도,가평군,청평암,26,가평 2025_03.csv,역사관광,종교성지
가평,2025,3,2025-03,121,경기도,가평군,운악산관음사,24,가평 2025_03.csv,역사관광,종교성지
가평,2025,3,2025-03,121,경기도,가평군,용소폭포,24,가평 2025_03.csv,자연관광,자연경관(산)
가평,2025,3,2025-03,121,경기도,가평군,자라섬워터파크,24,가평 2025_03.csv,문화관광,테마공원
가평,2025,3,2025-03,124,경기도,가평군,가평종합운동장야구장,23,가평 2025_03.csv,문화관광,레저스포츠시설
가평,2025,3,2025-03,124,경기도,가평군,가마소유원지,23,가평 2025_03.csv,문화관광,복합관광시설
가평,2025,3,2025-03,124,경기도,가평군,취옹예술관,23,가평 2025_03.csv,문화관광,전시시설
가평,2025,3,2025-03,124,경기도,가평군,가평무브베이스볼파크,23,가평 2025_03.csv,문화관광,레저스포츠시설
가평,2025,3,2025-03,124,경기도,가평군,현리유원지,23,가평 2025_03.csv,문화관광,복합관광시설
가평,2025,3,2025-03,124,경기도,가평군,호명산,23,가평 2025_03.csv,자연관광,자연경관(산)
가평,2025,3,2025-03,130,경기도,가평군,수풀로삼회리,21,가평 2025_03.csv,문화관광,도시공원
가평,2025,3,2025-03,130,경기도,가평군,연인산,21,가평 2025_03.csv,자연관광,자연경관(산)
가평,2025,3,2025-03,130,경기도,가평군,상락향수도원,21,가평 2025_03.csv,역사관광,종교성지
가평,2025,3,2025-03,133,경기도,가평군,팀더블유,20,가평 2025_03.csv,레저스포츠,기타레저스포츠
가평,2025,3,2025-03,133,경기도,가평군,하천리생활체육공원,20,가평 2025_03.csv,문화관광,도시공원
가평,2025,3,2025-03,133,경기도,가평군,가평문화창작공간얼쑤공장,20,가평 2025_03.csv,문화관광,기타문화관광지
가평,2025,3,2025-03,136,경기도,가평군,씨브이리조트,18,가평 2025_03.csv,레저스포츠,수상레저스포츠
가평,2025,3,2025-03,136,경기도,가평군,자연과별천문대,18,가평 2025_03.csv,기타관광,기타관광
가평,2025,3,2025-03,136,경기도,가평군,연인산도립공원탐방안내소,18,가평 2025_03.csv,기타관광,기타관광
가평,2025,3,2025-03,139,경기도,가평군,말리부수상레저,16,가평 2025_03.csv,레저스포츠,기타레저스포츠
가평,2025,3,2025-03,139,경기도,가평군,운곡암,16,가평 2025_03.csv,역사관광,종교성지
가평,2025,3,2025-03,139,경기도,가평군,화악산,16,가평 2025_03.csv,자연관광,자연경관(산)
가평,2025,3,2025-03,139,경기도,가평군,북배산흑염소농장,16,가평 2025_03.csv,체험관광,농/산/어촌체험
가평,2025,3,2025-03,143,경기도,가평군,연인산명품계곡길,15,가평 2025_03.csv,레저스포츠,기타레저스포츠
가평,2025,3,2025-03,143,경기도,가평군,아침고요체험살피꽃다방,15,가평 2025_03.csv,레저스포츠,기타레저스포츠
가평,2025,3,2025-03,143,경기도,가평군,상천낚시터,15,가평 2025_03.csv,레저스포츠,수상레저스포츠
가평,2025,3,2025-03,143,경기도,가평군,토마토레저파크,15,가평 2025_03.csv,레저스포츠,기타레저스포츠
가평,2025,3,2025-03,147,경기도,가평군,대성리벚꽃길,14,가평 2025_03.csv,기타관광,기타관광
가평,2025,3,2025-03,147,경기도,가평군,가평레저파크,14,가평 2025_03.csv,레저스포츠,기타레저스포츠
가평,2025,3,2025-03,147,경기도,가평군,마린랜드,14,가평 2025_03.csv,레저스포츠,수상레저스포츠
가평,2025,3,2025-03,147,경기도,가평군,클럽펀,14,가평 2025_03.csv,레저스포츠,수상레저스포츠
가평,2025,3,2025-03,147,경기도,가평군,노랑다리미술관,14,가평 2025_03.csv,문화관광,전시시설
가평,2025,3,2025-03,147,경기도,가평군,화야산,14,가평 2025_03.csv,자연관광,자연경관(산)
가평,2025,3,2025-03,153,경기도,가평군,청평유원지,13,가평 2025_03.csv,문화관광,복합관광시설
가평,2025,3,2025-03,154,경기도,가평군,목동근린공원전망대,12,가평 2025_03.csv,문화관광,랜드마크관광
가평,2025,3,2025-03,154,경기도,가평군,조무락계곡,12,가평 2025_03.csv,자연관광,자연경관(산)
가평,2025,3,2025-03,156,경기도,가평군,마린보이수상레저,11,가평 2025_03.csv,레저스포츠,수상레저스포츠
가평,2025,3,2025-03,156,경기도,가평군,명지계곡,11,가평 2025_03.csv,자연관광,자연경관(산)
가평,2025,3,2025-03,156,경기도,가평군,선어치,11,가평 2025_03.csv,자연관광,자연경관(산)
가평,2025,3,2025-03,156,경기도,가평군,가평하늘커피농장,11,가평 2025_03.csv,체험관광,농/산/어촌체험
가평,2025,3,2025-03,156,경기도,가평군,뉴돌고래수상레저,11,가평 2025_03.csv,레저스포츠,수상레저스포츠
가평,2025,3,2025-03,156,경기도,가평군,워터피아수상레저,11,가평 2025_03.csv,레저스포츠,수상레저스포츠
가평,2025,3,2025-03,162,경기도,가평군,삼원수상레저,10,가평 2025_03.csv,레저스포츠,기타레저스포츠
가평,2025,3,2025-03,162,경기도,가평군,바하마수상레포츠,10,가평 2025_03.csv,레저스포츠,수상레저스포츠
가평,2025,3,2025-03,162,경기도,가평군,청평산장유원지,10,가평 2025_03.csv,문화관광,복합관광시설
가평,2025,3,2025-03,162,경기도,가평군,바우유원지,10,가평 2025_03.csv,문화관광,복합관광시설
가평,2025,3,2025-03,162,경기도,가평군,헤이븐,10,가평 2025_03.csv,레저스포츠,수상레저스포츠
가평,2025,3,2025-03,167,경기도,가평군,자이언트수상레저리조트,9,가평 2025_03.csv,레저스포츠,수상레저스포츠
가평,2025,3,2025-03,167,경기도,가평군,구원사,9,가평 2025_03.csv,역사관광,종교성지
가평,2025,3,2025-03,167,경기도,가평군,에덴야구장,9,가평 2025_03.csv,문화관광,레저스포츠시설
가평,2025,3,2025-03,170,경기도,가평군,웨이크베이리조트,8,가평 2025_03.csv,레저스포츠,기타레저스포츠
가평,2025,3,2025-03,170,경기도,가평군,남송미술관,8,가평 2025_03.csv,문화관광,전시시설
가평,2025,3,2025-03,170,경기도,가평군,물의나라유원지,8,가평 2025_03.csv,문화관광,복합관광시설
가평,2025,3,2025-03,170,경기도,가평군,청평첫집,8,가평 2025_03.csv,레저스포츠,수상레저스포츠
가평,2025,3,2025-03,174,경기도,가평군,운악산용수사,7,가평 2025_03.csv,역사관광,종교성지
가평,2025,3,2025-03,174,경기도,가평군,HJ매그놀리아멋집,7,가평 2025_03.csv,문화관광,기타문화관광지
가평,2025,3,2025-03,174,경기도,가평군,화야산큰골마을등산로,7,가평 2025_03.csv,자연관광,자연경관(산)
가평,2025,3,2025-03,174,경기도,가평군,극락정사,7,가평 2025_03.csv,역사관광,종교성지
가평,2025,3,2025-03,174,경기도,가평군,청평스포랜드번지점프장,7,가평 2025_03.csv,레저스포츠,육상레저스포츠
가평,2025,3,2025-03,174,경기도,가평군,축령사,7,가평 2025_03.csv,역사관광,종교성지
가평,2025,3,2025-03,174,경기도,가평군,수영인의마을,7,가평 2025_03.csv,레저스포츠,수상레저스포츠
가평,2025,3,2025-03,174,경기도,가평군,보납산전망대,7,가평 2025_03.csv,문화관광,랜드마크관광
가평,2025,3,2025-03,182,경기도,가평군,이지수상레져,6,가평 2025_03.csv,레저스포츠,기타레저스포츠
가평,2025,3,2025-03,182,경기도,가평군,어거스트수상레저,6,가평 2025_03.csv,레저스포츠,수상레저스포츠
가평,2025,3,2025-03,182,경기도,가평군,에덴벚꽃길벚꽃축제,6,가평 2025_03.csv,문화관광,기타문화관광지
가평,2025,3,2025-03,182,경기도,가평군,현리계곡,6,가평 2025_03.csv,자연관광,자연경관(산)
가평,2025,3,2025-03,182,경기도,가평군,연화세계,6,가평 2025_03.csv,역사관광,종교성지
가평,2025,3,2025-03,182,경기도,가평군,뾰루봉,6,가평 2025_03.csv,자연관광,자연경관(산)
가평,2025,3,2025-03,182,경기도,가평군,영안청소년수련원,6,가평 2025_03.csv,레저스포츠,육상레저스포츠
가평,2025,3,2025-03,182,경기도,가평군,베니스수상레저,6,가평 2025_03.csv,레저스포츠,수상레저스포츠
가평,2025,3,2025-03,182,경기도,가평군,청정낚시터,6,가평 2025_03.csv,레저스포츠,수상레저스포츠
가평,2025,3,2025-03,182,경기도,가평군,산유낚시터,6,가평 2025_03.csv,레저스포츠,수상레저스포츠
가평,2025,3,2025-03,182,경기도,가평군,에덴벚꽃길,6,가평 2025_03.csv,레저스포츠,기타레저스포츠
가평,2025,3,2025-03,182,경기도,가평군,사랑해체험마을,6,가평 2025_03.csv,레저스포츠,기타레저스포츠
가평,2025,3,2025-03,182,경기도,가평군,파로티아워터하우스수상레저,6,가평 2025_03.csv,레저스포츠,수상레저스포츠
가평,2025,3,2025-03,195,경기도,가평군,자라섬꽃페스타,5,가평 2025_03.csv,문화관광,기타문화관광지
가평,2025,3,2025-03,195,경기도,가평군,서프앤,5,가평 2025_03.csv,레저스포츠,수상레저스포츠
가평,2025,3,2025-03,195,경기도,가평군,갤러리1582,5,가평 2025_03.csv,문화관광,전시시설
가평,2025,3,2025-03,195,경기도,가평군,북한강대성리송어축제,5,가평 2025_03.csv,문화관광,기타문화관광지
가평,2025,3,2025-03,195,경기도,가평군,가평사계절썰매장,5,가평 2025_03.csv,레저스포츠,육상레저스포츠
가평,2025,3,2025-03,195,경기도,가평군,모비딕수상레저,5,가평 2025_03.csv,레저스포츠,수상레저스포츠
가평,2025,3,2025-03,195,경기도,가평군,더스테이힐링파크와일드가든,5,가평 2025_03.csv,문화관광,도시공원
가평,2025,3,2025-03,202,경기도,가평군,색현터널,4,가평 2025_03.csv,기타관광,기타관광
가평,2025,3,2025-03,202,경기도,가평군,자라섬황톳길,4,가평 2025_03.csv,레저스포츠,기타레저스포츠
가평,2025,3,2025-03,202,경기도,가평군,어비산,4,가평 2025_03.csv,자연관광,자연경관(산)
가평,2025,3,2025-03,202,경기도,가평군,호국연호사,4,가평 2025_03.csv,역사관광,종교성지
가평,2025,3,2025-03,202,경기도,가평군,클럽이글스수상레저,4,가평 2025_03.csv,레저스포츠,기타레저스포츠
가평,2025,3,2025-03,202,경기도,가평군,썸머타임수상레저,4,가평 2025_03.csv,레저스포츠,수상레저스포츠
가평,2025,3,2025-03,202,경기도,가평군,보광사,4,가평 2025_03.csv,역사관광,종교성지
가평,2025,3,2025-03,202,경기도,가평군,귀목계곡,4,가평 2025_03.csv,자연관광,자연경관(산)
가평,2025,3,2025-03,202,경기도,가평군,빠지고,4,가평 2025_03.csv,레저스포츠,수상레저스포츠
가평,2025,3,2025-03,202,경기도,가평군,설미재미술관,4,가평 2025_03.csv,문화관광,전시시설
가평,2025,3,2025-03,202,경기도,가평군,가평낚시터,4,가평 2025_03.csv,레저스포츠,수상레저스포츠
가평,2025,3,2025-03,202,경기도,가평군,르푸앙수상레져,4,가평 2025_03.csv,레저스포츠,수상레저스포츠
가평,2025,3,2025-03,202,경기도,가평군,독바위유원지,4,가평 2025_03.csv,문화관광,복합관광시설
가평,2025,3,2025-03,202,경기도,가평군,클럽에덴수상레져타운,4,가평 2025_03.csv,레저스포츠,수상레저스포츠
가평,2025,3,2025-03,202,경기도,가평군,기름진멜로촬영지(W홀스랜드),4,가평 2025_03.csv,문화관광,기타문화관광지
가평,2025,3,2025-03,202,경기도,가평군,성관사,4,가평 2025_03.csv,역사관광,종교성지
가평,2025,3,2025-03,202,경기도,가평군,청평생태공원,4,가평 2025_03.csv,문화관광,도시공원
가평,2025,3,2025-03,202,경기도,가평군,성주사,4,가평 2025_03.csv,역사관광,종교성지
가평,2025,3,2025-03,220,경기도,가평군,대성리국민관광지관광안내소,3,가평 2025_03.csv,기타관광,기타관광
가평,2025,3,2025-03,220,경기도,가평군,도대리용소폭포,3,가평 2025_03.csv,자연관광,자연경관(산)
가평,2025,3,2025-03,220,경기도,가평군,유명산자생식물원,3,가평 2025_03.csv,문화관광,테마공원
가평,2025,3,2025-03,220,경기도,가평군,빠져수상레저,3,가평 2025_03.csv,레저스포츠,수상레저스포츠
가평,2025,3,2025-03,220,경기도,가평군,가평묘목농원,3,가평 2025_03.csv,체험관광,농/산/어촌체험
가평,2025,3,2025-03,220,경기도,가평군,산장국민관광지야외공연장,3,가평 2025_03.csv,문화관광,공연시설
가평,2025,3,2025-03,220,경기도,가평군,오페라하우스수상레저,3,가평 2025_03.csv,레저스포츠,수상레저스포츠
가평,2025,3,2025-03,220,경기도,가평군,유명산계곡,3,가평 2025_03.csv,자연관광,자연경관(산)
가평,2025,3,2025-03,220,경기도,가평군,유명산휴양림관리소,3,가평 2025_03.csv,자연관광,자연공원
가평,2025,3,2025-03,220,경기도,가평군,도솔천사,3,가평 2025_03.csv,역사관광,종교성지
가평,2025,3,2025-03,220,경기도,가평군,버드마리나수상레저,3,가평 2025_03.csv,레저스포츠,기타레저스포츠
가평,2025,3,2025-03,220,경기도,가평군,조종천계곡,3,가평 2025_03.csv,자연관광,자연경관(산)
가평,2025,3,2025-03,220,경기도,가평군,이정구선생묘,3,가평 2025_03.csv,역사관광,역사유적지
가평,2025,3,2025-03,220,경기도,가평군,워터플레이,3,가평 2025_03.csv,레저스포츠,수상레저스포츠
가평,2025,3,2025-03,220,경기도,가평군,화야산사기막등산로,3,가평 2025_03.csv,자연관광,자연경관(산)
가평,2025,3,2025-03,220,경기도,가평군,운악산가평현등사방면,3,가평 2025_03.csv,자연관광,자연경관(산)
가평,2025,3,2025-03,220,경기도,가평군,수림타운,3,가평 2025_03.csv,레저스포츠,육상레저스포츠
가평,2025,3,2025-03,220,경기도,가평군,백팔유원지,3,가평 2025_03.csv,문화관광,복합관광시설
가평,2025,3,2025-03,220,경기도,가평군,감로사,3,가평 2025_03.csv,역사관광,종교성지
가평,2025,3,2025-03,220,경기도,가평군,관음사,3,가평 2025_03.csv,역사관광,종교성지
가평,2025,3,2025-03,220,경기도,가평군,가평약수터,3,가평 2025_03.csv,자연관광,자연경관(산)
가평,2025,3,2025-03,220,경기도,가평군,덕혜암,3,가평 2025_03.csv,역사관광,종교성지
가평,2025,3,2025-03,220,경기도,가평군,큰골계곡,3,가평 2025_03.csv,자연관광,자연경관(산)
가평,2025,3,2025-03,220,경기도,가평군,어항소유원지,3,가평 2025_03.csv,문화관광,복합관광시설
가평,2025,3,2025-03,220,경기도,가평군,팀어거스트,3,가평 2025_03.csv,레저스포츠,수상레저스포츠
가평,2025,3,2025-03,220,경기도,가평군,청평자연유원지,3,가평 2025_03.csv,문화관광,복합관광시설
가평,2025,3,2025-03,220,경기도,가평군,중봉,3,가평 2025_03.csv,자연관광,자연경관(산)
가평,2025,3,2025-03,220,경기도,가평군,이화여자대학교수목원,3,가평 2025_03.csv,레저스포츠,육상레저스포츠
가평,2025,3,2025-03,220,경기도,가평군,가평군 상면 조가터마을,3,가평 2025_03.csv,문화관광,도시/지역문화관광
가평,2025,3,2025-03,220,경기도,가평군,홍적고개,3,가평 2025_03.csv,자연관광,자연경관(산)
가평,2025,3,2025-03,220,경기도,가평군,크리스월드수상레저,3,가평 2025_03.csv,레저스포츠,수상레저스포츠
가평,2025,3,2025-03,220,경기도,가평군,가람농원,3,가평 2025_03.csv,체험관광,농/산/어촌체험
가평,2025,3,2025-03,220,경기도,가평군,포세이돈,3,가평 2025_03.csv,레저스포츠,수상레저스포츠
가평,2025,4,2025-04,1,경기도,가평군,아침고요수목원,11489,가평 2025_04.csv,문화관광,테마공원
가평,2025,4,2025-04,2,경기도,가평군,남이섬,10159,가평 2025_04.csv,자연관광,자연경관(하천/해양)
가평,2025,4,2025-04,3,경기도,가평군,남이섬선착장,8284,가평 2025_04.csv,기타관광,교통시설
가평,2025,4,2025-04,4,경기도,가평군,가평베네스트GC,5815,가평 2025_04.csv,레저스포츠,육상레저스포츠
가평,2025,4,2025-04,5,경기도,가평군,청평역,5596,가평 2025_04.csv,기타관광,교통시설
가평,2025,4,2025-04,6,경기도,가평군,썬힐GC,5442,가평 2025_04.csv,레저스포츠,육상레저스포츠
가평,2025,4,2025-04,7,경기도,가평군,가평에덴벚꽃길,4929,가평 2025_04.csv,기타관광,기타관광
가평,2025,4,2025-04,8,경기도,가평군,자라섬,4906,가평 2025_04.csv,자연관광,자연경관(하천/해양)
가평,2025,4,2025-04,9,경기도,가평군,아난티코드골프클럽,4800,가평 2025_04.csv,레저스포츠,육상레저스포츠
가평,2025,4,2025-04,10,경기도,가평군,베뉴지CC,4462,가평 2025_04.csv,레저스포츠,육상레저스포츠
가평,2025,4,2025-04,11,경기도,가평군,프리스틴밸리GC,4296,가평 2025_04.csv,레저스포츠,육상레저스포츠
가평,2025,4,2025-04,12,경기도,가평군,리앤리CC,3870,가평 2025_04.csv,레저스포츠,육상레저스포츠
가평,2025,4,2025-04,13,경기도,가평군,크리스탈밸리CC,3686,가평 2025_04.csv,레저스포츠,육상레저스포츠
가평,2025,4,2025-04,14,경기도,가평군,가평베고니아새정원,3099,가평 2025_04.csv,문화관광,테마공원
가평,2025,4,2025-04,15,경기도,가평군,청심평화월드센터,2961,가평 2025_04.csv,문화관광,공연시설
가평,2025,4,2025-04,16,경기도,가평군,마이다스밸리청평 골프클럽,2775,가평 2025_04.csv,레저스포츠,육상레저스포츠
가평,2025,4,2025-04,17,경기도,가평군,쁘띠프랑스,2716,가평 2025_04.csv,문화관광,복합관광시설
가평,2025,4,2025-04,18,경기도,가평군,중앙내수면연구소벚꽃길,2195,가평 2025_04.csv,기타관광,기타관광
가평,2025,4,2025-04,19,경기도,가평군,유명산자연휴양림,2150,가평 2025_04.csv,자연관광,자연공원
가평,2025,4,2025-04,20,경기도,가평군,삼회리벚꽃길,2102,가평 2025_04.csv,기타관광,데이트코스
가평,2025,4,2025-04,21,경기도,가평군,현리시외버스터미널,1973,가평 2025_04.csv,기타관광,교통시설
가평,2025,4,2025-04,22,경기도,가평군,신비동물원가평점,1604,가평 2025_04.csv,문화관광,테마공원
가평,2025,4,2025-04,23,경기도,가평군,아침고요가족동물원,1597,가평 2025_04.csv,문화관광,테마공원
가평,2025,4,2025-04,24,경기도,가평군,대성리국민관광지,1502,가평 2025_04.csv,문화관광,복합관광시설
가평,2025,4,2025-04,25,경기도,가평군,경기도잣향기푸른숲,1268,가평 2025_04.csv,자연관광,자연공원
가평,2025,4,2025-04,26,경기도,가평군,강촌레일파크가평역,1145,가평 2025_04.csv,레저스포츠,기타레저스포츠
가평,2025,4,2025-04,27,경기도,가평군,가평시외버스터미널,1144,가평 2025_04.csv,기타관광,교통시설
가평,2025,4,2025-04,28,경기도,가평군,에덴벚꽃길벚꽃축제,1098,가평 2025_04.csv,문화관광,기타문화관광지
가평,2025,4,2025-04,29,경기도,가평군,청평시외버스터미널,1038,가평 2025_04.csv,기타관광,교통시설
가평,2025,4,2025-04,30,경기도,가평군,가평크루즈,964,가평 2025_04.csv,레저스포츠,기타레저스포츠
가평,2025,4,2025-04,31,경기도,가평군,대성리벚꽃길,894,가평 2025_04.csv,기타관광,기타관광
가평,2025,4,2025-04,32,경기도,가평군,청평호반드라이브코스,778,가평 2025_04.csv,기타관광,데이트코스
가평,2025,4,2025-04,33,경기도,가평군,K26잠수풀,715,가평 2025_04.csv,레저스포츠,수상레저스포츠
가평,2025,4,2025-04,34,경기도,가평군,에델바이스스위스테마파크,695,가평 2025_04.csv,문화관광,테마공원
가평,2025,4,2025-04,35,경기도,가평군,청심국제청소년수련원,635,가평 2025_04.csv,레저스포츠,육상레저스포츠
가평,2025,4,2025-04,36,경기도,가평군,호명호수,618,가평 2025_04.csv,자연관광,자연경관(하천/해양)
가평,2025,4,2025-04,37,경기도,가평군,꿈의동산,616,가평 2025_04.csv,문화관광,복합관광시설
가평,2025,4,2025-04,38,경기도,가평군,가평파크골프장,587,가평 2025_04.csv,레저스포츠,육상레저스포츠
가평,2025,4,2025-04,39,경기도,가평군,설악시외버스터미널,555,가평 2025_04.csv,기타관광,교통시설
가평,2025,4,2025-04,40,경기도,가평군,청평자연휴양림,496,가평 2025_04.csv,자연관광,자연공원
가평,2025,4,2025-04,41,경기도,가평군,산장관광지,492,가평 2025_04.csv,문화관광,복합관광시설
가평,2025,4,2025-04,42,경기도,가평군,음악역1939,412,가평 2025_04.csv,문화관광,기타문화관광지
가평,2025,4,2025-04,43,경기도,가평군,청평호,393,가평 2025_04.csv,자연관광,자연경관(하천/해양)
가평,2025,4,2025-04,44,경기도,가평군,이화원,355,가평 2025_04.csv,문화관광,도시공원
가평,2025,4,2025-04,45,경기도,가평군,잣고을전통시장,352,가평 2025_04.csv,쇼핑,시장
가평,2025,4,2025-04,46,경기도,가평군,현등사,347,가평 2025_04.csv,역사관광,종교성지
가평,2025,4,2025-04,47,경기도,가평군,천정궁박물관,310,가평 2025_04.csv,문화관광,전시시설
가평,2025,4,2025-04,48,경기도,가평군,캠프통포레스트,302,가평 2025_04.csv,레저스포츠,수상레저스포츠
가평,2025,4,2025-04,49,경기도,가평군,강씨봉자연휴양림,301,가평 2025_04.csv,자연관광,자연공원
가평,2025,4,2025-04,50,경기도,가평군,칼봉산자연휴양림,299,가평 2025_04.csv,자연관광,자연공원
가평,2025,4,2025-04,51,경기도,가평군,호명호수공원,297,가평 2025_04.csv,문화관광,도시공원
가평,2025,4,2025-04,52,경기도,가평군,한국초콜릿연구소뮤지엄,289,가평 2025_04.csv,문화관광,전시시설
가평,2025,4,2025-04,53,경기도,가평군,가평별빛공원,260,가평 2025_04.csv,문화관광,도시공원
가평,2025,4,2025-04,54,경기도,가평군,캠프통아일랜드,254,가평 2025_04.csv,레저스포츠,수상레저스포츠
가평,2025,4,2025-04,55,경기도,가평군,이탈리아마을 피노키오와다빈치,252,가평 2025_04.csv,문화관광,복합관광시설
가평,2025,4,2025-04,55,경기도,가평군,상면생활체육공원,252,가평 2025_04.csv,문화관광,도시공원
가평,2025,4,2025-04,57,경기도,가평군,가일미술관,239,가평 2025_04.csv,문화관광,전시시설
가평,2025,4,2025-04,58,경기도,가평군,에덴벚꽃길,234,가평 2025_04.csv,레저스포츠,기타레저스포츠
가평,2025,4,2025-04,59,경기도,가평군,백련사,232,가평 2025_04.csv,역사관광,종교성지
가평,2025,4,2025-04,60,경기도,가평군,가평정기5일시장,230,가평 2025_04.csv,쇼핑,시장
가평,2025,4,2025-04,61,경기도,가평군,더스테이힐링파크링스파3골프장,228,가평 2025_04.csv,레저스포츠,육상레저스포츠
가평,2025,4,2025-04,62,경기도,가평군,아침고요수목원봄꽃페스타,211,가평 2025_04.csv,문화관광,기타문화관광지
가평,2025,4,2025-04,63,경기도,가평군,가평군어린이음악놀이터,208,가평 2025_04.csv,문화관광,테마공원
가평,2025,4,2025-04,64,경기도,가평군,용추계곡,207,가평 2025_04.csv,자연관광,자연경관(산)
가평,2025,4,2025-04,65,경기도,가평군,청평생활체육공원,202,가평 2025_04.csv,문화관광,도시공원
가평,2025,4,2025-04,66,경기도,가평군,녹수계곡,201,가평 2025_04.csv,자연관광,자연경관(산)
가평,2025,4,2025-04,67,경기도,가평군,W홀스랜드,189,가평 2025_04.csv,레저스포츠,육상레저스포츠
가평,2025,4,2025-04,68,경기도,가평군,청평5일시장,188,가평 2025_04.csv,쇼핑,시장
가평,2025,4,2025-04,69,경기도,가평군,도장골낚시터,184,가평 2025_04.csv,레저스포츠,수상레저스포츠
가평,2025,4,2025-04,70,경기도,가평군,대원사,175,가평 2025_04.csv,역사관광,종교성지
가평,2025,4,2025-04,71,경기도,가평군,자라섬꽃페스타,169,가평 2025_04.csv,문화관광,기타문화관광지
가평,2025,4,2025-04,71,경기도,가평군,남도꽃정원,169,가평 2025_04.csv,문화관광,도시공원
가평,2025,4,2025-04,73,경기도,가평군,북면생활체육공원,164,가평 2025_04.csv,문화관광,도시공원
가평,2025,4,2025-04,74,경기도,가평군,자라섬출렁다리,148,가평 2025_04.csv,기타관광,기타관광
가평,2025,4,2025-04,75,경기도,가평군,운악산출렁다리,142,가평 2025_04.csv,기타관광,기타관광
가평,2025,4,2025-04,76,경기도,가평군,가평수목원,129,가평 2025_04.csv,자연관광,자연공원
가평,2025,4,2025-04,77,경기도,가평군,대성리역,124,가평 2025_04.csv,기타관광,교통시설
가평,2025,4,2025-04,78,경기도,가평군,가평TOP랜드,123,가평 2025_04.csv,레저스포츠,수상레저스포츠
가평,2025,4,2025-04,79,경기도,가평군,유명산,122,가평 2025_04.csv,자연관광,자연경관(산)
가평,2025,4,2025-04,80,경기도,가평군,어비계곡,120,가평 2025_04.csv,자연관광,자연경관(산)
가평,2025,4,2025-04,81,경기도,가평군,설악5일장,118,가평 2025_04.csv,쇼핑,시장
가평,2025,4,2025-04,82,경기도,가평군,목동버스터미널,115,가평 2025_04.csv,기타관광,교통시설
가평,2025,4,2025-04,83,경기도,가평군,청평여울시장,104,가평 2025_04.csv,쇼핑,시장
가평,2025,4,2025-04,83,경기도,가평군,호명산드라이브코스,104,가평 2025_04.csv,기타관광,데이트코스
가평,2025,4,2025-04,85,경기도,가평군,경기도잣향기푸른숲안내매표소,98,가평 2025_04.csv,기타관광,기타관광
가평,2025,4,2025-04,86,경기도,가평군,수풀로삼회리,93,가평 2025_04.csv,문화관광,도시공원
가평,2025,4,2025-04,87,경기도,가평군,스카이라인짚와이어,91,가평 2025_04.csv,문화관광,복합관광시설
가평,2025,4,2025-04,88,경기도,가평군,가평브릿지짚라인,89,가평 2025_04.csv,레저스포츠,기타레저스포츠
가평,2025,4,2025-04,89,경기도,가평군,자라섬리버마켓,86,가평 2025_04.csv,쇼핑,시장
가평,2025,4,2025-04,90,경기도,가평군,자이언트수상레저리조트,85,가평 2025_04.csv,레저스포츠,수상레저스포츠
가평,2025,4,2025-04,91,경기도,가평군,자라섬생태공원,84,가평 2025_04.csv,문화관광,도시공원
가평,2025,4,2025-04,92,경기도,가평군,설악생활체육공원,81,가평 2025_04.csv,문화관광,도시공원
가평,2025,4,2025-04,93,경기도,가평군,달마공원관음사,79,가평 2025_04.csv,역사관광,종교성지
가평,2025,4,2025-04,94,경기도,가평군,청평유원지,76,가평 2025_04.csv,문화관광,복합관광시설
가평,2025,4,2025-04,94,경기도,가평군,이정웅스페이스,76,가평 2025_04.csv,문화관광,전시시설
가평,2025,4,2025-04,96,경기도,가평군,아루바수상레저,75,가평 2025_04.csv,레저스포츠,기타레저스포츠
가평,2025,4,2025-04,97,경기도,가평군,운악산성불사,73,가평 2025_04.csv,역사관광,종교성지
가평,2025,4,2025-04,97,경기도,가평군,운악산,73,가평 2025_04.csv,자연관광,자연경관(산)
가평,2025,4,2025-04,99,경기도,가평군,바하마수상레포츠,72,가평 2025_04.csv,레저스포츠,수상레저스포츠
가평,2025,4,2025-04,100,경기도,가평군,산유낚시터,68,가평 2025_04.csv,레저스포츠,수상레저스포츠
가평,2025,4,2025-04,101,경기도,가평군,산림생태문화체험단지,66,가평 2025_04.csv,기타관광,기타관광
가평,2025,4,2025-04,102,경기도,가평군,조종시네마,64,가평 2025_04.csv,문화관광,공연시설
가평,2025,4,2025-04,102,경기도,가평군,조종생활체육공원,64,가평 2025_04.csv,문화관광,도시공원
가평,2025,4,2025-04,104,경기도,가평군,명지산생태전시관,61,가평 2025_04.csv,문화관광,전시시설
가평,2025,4,2025-04,105,경기도,가평군,청평스포랜드번지점프장,60,가평 2025_04.csv,레저스포츠,육상레저스포츠
가평,2025,4,2025-04,106,경기도,가평군,태은사,59,가평 2025_04.csv,역사관광,종교성지
가평,2025,4,2025-04,107,경기도,가평군,화악산,56,가평 2025_04.csv,자연관광,자연경관(산)
가평,2025,4,2025-04,108,경기도,가평군,트니트니어드벤처,55,가평 2025_04.csv,문화관광,테마공원
가평,2025,4,2025-04,108,경기도,가평군,청평암,55,가평 2025_04.csv,역사관광,종교성지
가평,2025,4,2025-04,108,경기도,가평군,현리유원지,55,가평 2025_04.csv,문화관광,복합관광시설
가평,2025,4,2025-04,111,경기도,가평군,대성리국민관광지관광안내소,53,가평 2025_04.csv,기타관광,기타관광
가평,2025,4,2025-04,111,경기도,가평군,리버랜드번지점프장,53,가평 2025_04.csv,레저스포츠,육상레저스포츠
가평,2025,4,2025-04,113,경기도,가평군,청평호수길,52,가평 2025_04.csv,기타관광,기타관광
가평,2025,4,2025-04,114,경기도,가평군,영연방참전기념비,50,가평 2025_04.csv,역사관광,역사유물
가평,2025,4,2025-04,115,경기도,가평군,남이섬벚꽃명소,49,가평 2025_04.csv,기타관광,기타관광
가평,2025,4,2025-04,116,경기도,가평군,용소폭포,48,가평 2025_04.csv,자연관광,자연경관(산)
가평,2025,4,2025-04,117,경기도,가평군,가평축령산잣나무숲,47,가평 2025_04.csv,자연관광,자연공원
가평,2025,4,2025-04,118,경기도,가평군,연인산,46,가평 2025_04.csv,자연관광,자연경관(산)
가평,2025,4,2025-04,119,경기도,가평군,토마토레저파크,45,가평 2025_04.csv,레저스포츠,기타레저스포츠
가평,2025,4,2025-04,119,경기도,가평군,가평뮤직빌리지1939시네마,45,가평 2025_04.csv,문화관광,공연시설
가평,2025,4,2025-04,121,경기도,가평군,삼원수상레저,44,가평 2025_04.csv,레저스포츠,기타레저스포츠
가평,2025,4,2025-04,122,경기도,가평군,가평현리5일장,41,가평 2025_04.csv,쇼핑,시장
가평,2025,4,2025-04,122,경기도,가평군,설악생활체육공원축구장,41,가평 2025_04.csv,문화관광,레저스포츠시설
가평,2025,4,2025-04,124,경기도,가평군,보납산전망대,40,가평 2025_04.csv,문화관광,랜드마크관광
가평,2025,4,2025-04,125,경기도,가평군,가평이음터,39,가평 2025_04.csv,문화관광,기타문화관광지
가평,2025,4,2025-04,125,경기도,가평군,청룡사,39,가평 2025_04.csv,역사관광,종교성지
가평,2025,4,2025-04,127,경기도,가평군,서프앤,37,가평 2025_04.csv,레저스포츠,수상레저스포츠
가평,2025,4,2025-04,127,경기도,가평군,청춘역1979,37,가평 2025_04.csv,문화관광,도시공원
가평,2025,4,2025-04,127,경기도,가평군,자라섬워터파크,37,가평 2025_04.csv,문화관광,테마공원
가평,2025,4,2025-04,127,경기도,가평군,하이수상레저이비자1호점,37,가평 2025_04.csv,레저스포츠,수상레저스포츠
가평,2025,4,2025-04,131,경기도,가평군,가평레져카트장,35,가평 2025_04.csv,레저스포츠,기타레저스포츠
가평,2025,4,2025-04,131,경기도,가평군,행복축구전용구장,35,가평 2025_04.csv,문화관광,레저스포츠시설
가평,2025,4,2025-04,133,경기도,가평군,이지수상레져,33,가평 2025_04.csv,레저스포츠,기타레저스포츠
가평,2025,4,2025-04,133,경기도,가평군,화야산큰골마을등산로,33,가평 2025_04.csv,자연관광,자연경관(산)
가평,2025,4,2025-04,133,경기도,가평군,가평무브베이스볼파크,33,가평 2025_04.csv,문화관광,레저스포츠시설
가평,2025,4,2025-04,136,경기도,가평군,일지안호범미술관,32,가평 2025_04.csv,문화관광,전시시설
가평,2025,4,2025-04,136,경기도,가평군,보납정,32,가평 2025_04.csv,레저스포츠,육상레저스포츠
가평,2025,4,2025-04,136,경기도,가평군,운곡암,32,가평 2025_04.csv,역사관광,종교성지
가평,2025,4,2025-04,136,경기도,가평군,화야산,32,가평 2025_04.csv,자연관광,자연경관(산)
가평,2025,4,2025-04,140,경기도,가평군,가평종합운동장야구장,31,가평 2025_04.csv,문화관광,레저스포츠시설
가평,2025,4,2025-04,140,경기도,가평군,남송미술관,31,가평 2025_04.csv,문화관광,전시시설
가평,2025,4,2025-04,140,경기도,가평군,마린보이수상레저,31,가평 2025_04.csv,레저스포츠,수상레저스포츠
가평,2025,4,2025-04,140,경기도,가평군,호명산,31,가평 2025_04.csv,자연관광,자연경관(산)
가평,2025,4,2025-04,144,경기도,가평군,운악산관음사,30,가평 2025_04.csv,역사관광,종교성지
가평,2025,4,2025-04,144,경기도,가평군,희망축구전용구장,30,가평 2025_04.csv,문화관광,레저스포츠시설
가평,2025,4,2025-04,146,경기도,가평군,탑코리아수상레저,29,가평 2025_04.csv,레저스포츠,수상레저스포츠
가평,2025,4,2025-04,147,경기도,가평군,씨브이리조트,27,가평 2025_04.csv,레저스포츠,수상레저스포츠
가평,2025,4,2025-04,147,경기도,가평군,상천루,27,가평 2025_04.csv,문화관광,도시공원
가평,2025,4,2025-04,147,경기도,가평군,자라섬관광안내소,27,가평 2025_04.csv,기타관광,기타관광
가평,2025,4,2025-04,147,경기도,가평군,베니스수상레저,27,가평 2025_04.csv,레저스포츠,수상레저스포츠
가평,2025,4,2025-04,151,경기도,가평군,마린랜드,25,가평 2025_04.csv,레저스포츠,수상레저스포츠
가평,2025,4,2025-04,151,경기도,가평군,워터피아수상레저,25,가평 2025_04.csv,레저스포츠,수상레저스포츠
가평,2025,4,2025-04,153,경기도,가평군,명지계곡,24,가평 2025_04.csv,자연관광,자연경관(산)
가평,2025,4,2025-04,154,경기도,가평군,두릅봄나물여행,23,가평 2025_04.csv,문화관광,기타문화관광지
가평,2025,4,2025-04,154,경기도,가평군,설악낚시터,23,가평 2025_04.csv,레저스포츠,수상레저스포츠
가평,2025,4,2025-04,154,경기도,가평군,수영인의마을,23,가평 2025_04.csv,레저스포츠,수상레저스포츠
가평,2025,4,2025-04,154,경기도,가평군,뉴돌고래수상레저,23,가평 2025_04.csv,레저스포츠,수상레저스포츠
가평,2025,4,2025-04,158,경기도,가평군,일칠일관광농원,22,가평 2025_04.csv,체험관광,농/산/어촌체험
가평,2025,4,2025-04,158,경기도,가평군,가마소유원지,22,가평 2025_04.csv,문화관광,복합관광시설
가평,2025,4,2025-04,158,경기도,가평군,가평빠지이비자수상레저,22,가평 2025_04.csv,레저스포츠,수상레저스포츠
가평,2025,4,2025-04,161,경기도,가평군,HJ매그놀리아멋집,21,가평 2025_04.csv,문화관광,기타문화관광지
가평,2025,4,2025-04,161,경기도,가평군,어거스트수상레저,21,가평 2025_04.csv,레저스포츠,수상레저스포츠
가평,2025,4,2025-04,161,경기도,가평군,마린컴퍼니클럽,21,가평 2025_04.csv,레저스포츠,수상레저스포츠
가평,2025,4,2025-04,161,경기도,가평군,상천낚시터,21,가평 2025_04.csv,레저스포츠,수상레저스포츠
가평,2025,4,2025-04,161,경기도,가평군,맨하탄수상레져,21,가평 2025_04.csv,레저스포츠,수상레저스포츠
가평,2025,4,2025-04,166,경기도,가평군,말리부수상레저,20,가평 2025_04.csv,레저스포츠,수상레저스포츠
가평,2025,4,2025-04,167,경기도,가평군,유명산계곡,19,가평 2025_04.csv,자연관광,자연경관(산)
가평,2025,4,2025-04,167,경기도,가평군,이화여자대학교수목원,19,가평 2025_04.csv,레저스포츠,육상레저스포츠
가평,2025,4,2025-04,167,경기도,가평군,가평문화창작공간얼쑤공장,19,가평 2025_04.csv,문화관광,기타문화관광지
가평,2025,4,2025-04,170,경기도,가평군,성주사,18,가평 2025_04.csv,역사관광,종교성지
가평,2025,4,2025-04,171,경기도,가평군,그린수상레져,17,가평 2025_04.csv,레저스포츠,수상레저스포츠
가평,2025,4,2025-04,171,경기도,가평군,목동근린공원전망대,17,가평 2025_04.csv,문화관광,랜드마크관광
가평,2025,4,2025-04,171,경기도,가평군,극락정사,17,가평 2025_04.csv,역사관광,종교성지
가평,2025,4,2025-04,171,경기도,가평군,가평역레져,17,가평 2025_04.csv,레저스포츠,기타레저스포츠
가평,2025,4,2025-04,171,경기도,가평군,에덴야구장,17,가평 2025_04.csv,문화관광,레저스포츠시설
가평,2025,4,2025-04,171,경기도,가평군,상천저수지,17,가평 2025_04.csv,자연관광,자연경관(하천/해양)
가평,2025,4,2025-04,171,경기도,가평군,헤이븐,17,가평 2025_04.csv,레저스포츠,수상레저스포츠
가평,2025,4,2025-04,178,경기도,가평군,빠져수상레저,15,가평 2025_04.csv,레저스포츠,수상레저스포츠
가평,2025,4,2025-04,178,경기도,가평군,캐나다전투기념비,15,가평 2025_04.csv,역사관광,역사유물
가평,2025,4,2025-04,178,경기도,가평군,청정낚시터,15,가평 2025_04.csv,레저스포츠,수상레저스포츠
가평,2025,4,2025-04,178,경기도,가평군,신청평대교야구장,15,가평 2025_04.csv,문화관광,레저스포츠시설
가평,2025,4,2025-04,182,경기도,가평군,물조은빠지,14,가평 2025_04.csv,레저스포츠,수상레저스포츠
가평,2025,4,2025-04,182,경기도,가평군,조무락계곡,14,가평 2025_04.csv,자연관광,자연경관(산)
가평,2025,4,2025-04,182,경기도,가평군,북배산흑염소농장,14,가평 2025_04.csv,체험관광,농/산/어촌체험
가평,2025,4,2025-04,182,경기도,가평군,불기고개,14,가평 2025_04.csv,자연관광,자연경관(산)
가평,2025,4,2025-04,186,경기도,가평군,도대리용소폭포,13,가평 2025_04.csv,자연관광,자연경관(산)
가평,2025,4,2025-04,186,경기도,가평군,가평묘목농원,13,가평 2025_04.csv,체험관광,농/산/어촌체험
가평,2025,4,2025-04,186,경기도,가평군,버드마리나수상레저,13,가평 2025_04.csv,레저스포츠,기타레저스포츠
가평,2025,4,2025-04,186,경기도,가평군,상천역,13,가평 2025_04.csv,기타관광,교통시설
가평,2025,4,2025-04,186,경기도,가평군,가평사계절썰매장,13,가평 2025_04.csv,레저스포츠,육상레저스포츠
가평,2025,4,2025-04,186,경기도,가평군,가평하늘커피농장,13,가평 2025_04.csv,체험관광,농/산/어촌체험
가평,2025,4,2025-04,186,경기도,가평군,연인산도립공원탐방안내소,13,가평 2025_04.csv,기타관광,기타관광
가평,2025,4,2025-04,193,경기도,가평군,연인산명품계곡길,12,가평 2025_04.csv,레저스포츠,기타레저스포츠
가평,2025,4,2025-04,193,경기도,가평군,하천리생활체육공원,12,가평 2025_04.csv,문화관광,도시공원
가평,2025,4,2025-04,193,경기도,가평군,상락향수도원,12,가평 2025_04.csv,역사관광,종교성지
가평,2025,4,2025-04,193,경기도,가평군,마콤갤러리,12,가평 2025_04.csv,문화관광,전시시설
가평,2025,4,2025-04,197,경기도,가평군,색현터널,11,가평 2025_04.csv,기타관광,기타관광
가평,2025,4,2025-04,197,경기도,가평군,취옹예술관,11,가평 2025_04.csv,문화관광,전시시설
가평,2025,4,2025-04,199,경기도,가평군,축령사,10,가평 2025_04.csv,역사관광,종교성지
가평,2025,4,2025-04,199,경기도,가평군,선어치,10,가평 2025_04.csv,자연관광,자연경관(산)
가평,2025,4,2025-04,199,경기도,가평군,더스테이힐링파크와일드가든,10,가평 2025_04.csv,문화관광,도시공원
가평,2025,4,2025-04,199,경기도,가평군,르푸앙수상레져,10,가평 2025_04.csv,레저스포츠,수상레저스포츠
가평,2025,4,2025-04,199,경기도,가평군,청평생태공원,10,가평 2025_04.csv,문화관광,도시공원
가평,2025,4,2025-04,204,경기도,가평군,팀더블유,9,가평 2025_04.csv,레저스포츠,기타레저스포츠
가평,2025,4,2025-04,204,경기도,가평군,자연과별천문대,9,가평 2025_04.csv,기타관광,기타관광
가평,2025,4,2025-04,204,경기도,가평군,조종천계곡,9,가평 2025_04.csv,자연관광,자연경관(산)
가평,2025,4,2025-04,204,경기도,가평군,워터플레이,9,가평 2025_04.csv,레저스포츠,수상레저스포츠
가평,2025,4,2025-04,204,경기도,가평군,유스토리청소년수련원,9,가평 2025_04.csv,레저스포츠,육상레저스포츠
가평,2025,4,2025-04,204,경기도,가평군,김중식미술관,9,가평 2025_04.csv,문화관광,전시시설
가평,2025,4,2025-04,210,경기도,가평군,청평유원지,8,가평 2025_04.csv,문화관광,복합관광시설
가평,2025,4,2025-04,210,경기도,가평군,호국연호사,8,가평 2025_04.csv,역사관광,종교성지
가평,2025,4,2025-04,210,경기도,가평군,클럽이글스수상레저,8,가평 2025_04.csv,레저스포츠,기타레저스포츠
가평,2025,4,2025-04,210,경기도,가평군,탐선계곡유원지,8,가평 2025_04.csv,문화관광,복합관광시설
가평,2025,4,2025-04,210,경기도,가평군,물의나라유원지,8,가평 2025_04.csv,문화관광,복합관광시설
가평,2025,4,2025-04,210,경기도,가평군,가평군 상면 조가터마을,8,가평 2025_04.csv,문화관광,도시/지역문화관광
가평,2025,4,2025-04,216,경기도,가평군,클럽미사수상레저,7,가평 2025_04.csv,레저스포츠,수상레저스포츠
가평,2025,4,2025-04,216,경기도,가평군,현리계곡,7,가평 2025_04.csv,자연관광,자연경관(산)
가평,2025,4,2025-04,216,경기도,가평군,이방실장군묘,7,가평 2025_04.csv,역사관광,역사유적지
가평,2025,4,2025-04,216,경기도,가평군,호주전투기념비,7,가평 2025_04.csv,역사관광,역사유물
가평,2025,4,2025-04,216,경기도,가평군,화야산사기막등산로,7,가평 2025_04.csv,자연관광,자연경관(산)
가평,2025,4,2025-04,216,경기도,가평군,향원사,7,가평 2025_04.csv,역사관광,종교성지
가평,2025,4,2025-04,216,경기도,가평군,서호유원지,7,가평 2025_04.csv,문화관광,복합관광시설
가평,2025,4,2025-04,216,경기도,가평군,용추계곡유원지,7,가평 2025_04.csv,문화관광,복합관광시설
가평,2025,4,2025-04,216,경기도,가평군,소풍레저,7,가평 2025_04.csv,레저스포츠,수상레저스포츠
가평,2025,4,2025-04,216,경기도,가평군,돌고래수상레저,7,가평 2025_04.csv,레저스포츠,기타레저스포츠
가평,2025,4,2025-04,216,경기도,가평군,성관사,7,가평 2025_04.csv,역사관광,종교성지
가평,2025,4,2025-04,216,경기도,가평군,보덕암,7,가평 2025_04.csv,역사관광,종교성지
가평,2025,4,2025-04,228,경기도,가평군,가평군관공선선착장,6,가평 2025_04.csv,기타관광,교통시설
가평,2025,4,2025-04,228,경기도,가평군,사공일샵,6,가평 2025_04.csv,체험관광,공예체험
가평,2025,4,2025-04,228,경기도,가평군,은두산대성석가사,6,가평 2025_04.csv,역사관광,종교성지
가평,2025,4,2025-04,228,경기도,가평군,자라섬황톳길,6,가평 2025_04.csv,레저스포츠,기타레저스포츠
가평,2025,4,2025-04,228,경기도,가평군,화악계곡,6,가평 2025_04.csv,자연관광,자연경관(산)
가평,2025,4,2025-04,228,경기도,가평군,운악산가평현등사방면,6,가평 2025_04.csv,자연관광,자연경관(산)
가평,2025,4,2025-04,228,경기도,가평군,청평페리유람선,6,가평 2025_04.csv,기타관광,교통시설
가평,2025,4,2025-04,228,경기도,가평군,큰골계곡,6,가평 2025_04.csv,자연관광,자연경관(산)
가평,2025,4,2025-04,228,경기도,가평군,논남기계곡,6,가평 2025_04.csv,자연관광,자연경관(산)
가평,2025,4,2025-04,228,경기도,가평군,크라운수상레저,6,가평 2025_04.csv,레저스포츠,수상레저스포츠
가평,2025,4,2025-04,228,경기도,가평군,노랑다리미술관,6,가평 2025_04.csv,문화관광,전시시설
가평,2025,4,2025-04,228,경기도,가평군,대성수상레저,6,가평 2025_04.csv,레저스포츠,수상레저스포츠
가평,2025,4,2025-04,228,경기도,가평군,폭포낚시,6,가평 2025_04.csv,레저스포츠,수상레저스포츠
가평,2025,4,2025-04,228,경기도,가평군,성운사,6,가평 2025_04.csv,역사관광,종교성지
가평,2025,4,2025-04,228,경기도,가평군,에덴벚꽃길야외공연장,6,가평 2025_04.csv,문화관광,공연시설
가평,2025,4,2025-04,228,경기도,가평군,조종생활체육공원축구장,6,가평 2025_04.csv,문화관광,레저스포츠시설
가평,2025,4,2025-04,244,경기도,가평군,운악산용수사,5,가평 2025_04.csv,역사관광,종교성지
가평,2025,4,2025-04,244,경기도,가평군,아침고요수목원야생화전시회,5,가평 2025_04.csv,문화관광,기타문화관광지
가평,2025,4,2025-04,244,경기도,가평군,남이섬벗꽃놀자,5,가평 2025_04.csv,문화관광,기타문화관광지
가평,2025,4,2025-04,244,경기도,가평군,갤러리1582,5,가평 2025_04.csv,문화관광,전시시설
가평,2025,4,2025-04,244,경기도,가평군,고고다이노키즈클럽,5,가평 2025_04.csv,문화관광,테마공원
가평,2025,4,2025-04,244,경기도,가평군,클럽에덴수상레져타운,5,가평 2025_04.csv,레저스포츠,수상레저스포츠
가평,2025,4,2025-04,250,경기도,가평군,파미농원,4,가평 2025_04.csv,체험관광,농/산/어촌체험
가평,2025,4,2025-04,250,경기도,가평군,아침고요체험살피꽃다방,4,가평 2025_04.csv,레저스포츠,기타레저스포츠
가평,2025,4,2025-04,250,경기도,가평군,승천사,4,가평 2025_04.csv,역사관광,종교성지
가평,2025,4,2025-04,250,경기도,가평군,뾰루봉,4,가평 2025_04.csv,자연관광,자연경관(산)
가평,2025,4,2025-04,250,경기도,가평군,설미재미술관,4,가평 2025_04.csv,문화관광,전시시설
가평,2025,4,2025-04,250,경기도,가평군,화야산자연발생유원지,4,가평 2025_04.csv,문화관광,복합관광시설
가평,2025,4,2025-04,250,경기도,가평군,대덕사,4,가평 2025_04.csv,역사관광,종교성지
가평,2025,4,2025-04,250,경기도,가평군,크리스월드수상레저,4,가평 2025_04.csv,레저스포츠,수상레저스포츠
가평,2025,4,2025-04,250,경기도,가평군,울업산,4,가평 2025_04.csv,자연관광,자연경관(산)
가평,2025,4,2025-04,250,경기도,가평군,가평리틀야구장,4,가평 2025_04.csv,문화관광,레저스포츠시설
가평,2025,4,2025-04,250,경기도,가평군,꿈의동산놀이공원안보전시관,4,가평 2025_04.csv,문화관광,전시시설
가평,2025,4,2025-04,261,경기도,가평군,청평계곡,3,가평 2025_04.csv,자연관광,자연경관(산)
가평,2025,4,2025-04,261,경기도,가평군,동막골농원,3,가평 2025_04.csv,체험관광,농/산/어촌체험
가평,2025,4,2025-04,261,경기도,가평군,가평케어팜,3,가평 2025_04.csv,체험관광,농/산/어촌체험
가평,2025,4,2025-04,261,경기도,가평군,유명산자생식물원,3,가평 2025_04.csv,문화관광,테마공원
가평,2025,4,2025-04,261,경기도,가평군,선셋740,3,가평 2025_04.csv,레저스포츠,수상레저스포츠
가평,2025,4,2025-04,261,경기도,가평군,가평현암농경박물관,3,가평 2025_04.csv,문화관광,전시시설
가평,2025,4,2025-04,261,경기도,가평군,록산갤러리,3,가평 2025_04.csv,문화관광,전시시설
가평,2025,4,2025-04,261,경기도,가평군,오페라하우스수상레저,3,가평 2025_04.csv,레저스포츠,수상레저스포츠
가평,2025,4,2025-04,261,경기도,가평군,갤러리본,3,가평 2025_04.csv,문화관광,전시시설
가평,2025,4,2025-04,261,경기도,가평군,카리브수상레저,3,가평 2025_04.csv,레저스포츠,기타레저스포츠
가평,2025,4,2025-04,261,경기도,가평군,서호수상레져,3,가평 2025_04.csv,레저스포츠,기타레저스포츠
가평,2025,4,2025-04,261,경기도,가평군,무주채폭포,3,가평 2025_04.csv,자연관광,자연경관(산)
가평,2025,4,2025-04,261,경기도,가평군,가평지구전투전적비,3,가평 2025_04.csv,역사관광,역사유물
가평,2025,4,2025-04,261,경기도,가평군,이정구선생묘,3,가평 2025_04.csv,역사관광,역사유적지
가평,2025,4,2025-04,261,경기도,가평군,가평빠지클럽비발디,3,가평 2025_04.csv,레저스포츠,수상레저스포츠
가평,2025,4,2025-04,261,경기도,가평군,썸머타임수상레저,3,가평 2025_04.csv,레저스포츠,수상레저스포츠
가평,2025,4,2025-04,261,경기도,가평군,가림미술관,3,가평 2025_04.csv,문화관광,전시시설
가평,2025,4,2025-04,261,경기도,가평군,연인산용추구곡방면,3,가평 2025_04.csv,자연관광,자연경관(산)
가평,2025,4,2025-04,261,경기도,가평군,약사사,3,가평 2025_04.csv,역사관광,종교성지
가평,2025,4,2025-04,261,경기도,가평군,광법사,3,가평 2025_04.csv,역사관광,종교성지
가평,2025,4,2025-04,261,경기도,가평군,가평향교,3,가평 2025_04.csv,역사관광,역사유적지
가평,2025,4,2025-04,261,경기도,가평군,대성사,3,가평 2025_04.csv,역사관광,종교성지
가평,2025,4,2025-04,261,경기도,가평군,청평리버랜드수상레저,3,가평 2025_04.csv,문화관광,복합관광시설
가평,2025,4,2025-04,261,경기도,가평군,어항소유원지,3,가평 2025_04.csv,문화관광,복합관광시설
가평,2025,4,2025-04,261,경기도,가평군,빛나리유원지,3,가평 2025_04.csv,문화관광,복합관광시설
가평,2025,4,2025-04,261,경기도,가평군,K2수상레져,3,가평 2025_04.csv,레저스포츠,수상레저스포츠
가평,2025,4,2025-04,261,경기도,가평군,루시아수상레저,3,가평 2025_04.csv,레저스포츠,수상레저스포츠
가평,2025,4,2025-04,261,경기도,가평군,보은사,3,가평 2025_04.csv,역사관광,종교성지
가평,2025,4,2025-04,261,경기도,가평군,팀어거스트,3,가평 2025_04.csv,레저스포츠,수상레저스포츠
가평,2025,4,2025-04,261,경기도,가평군,바우유원지,3,가평 2025_04.csv,문화관광,복합관광시설
가평,2025,4,2025-04,261,경기도,가평군,두밀리낚시터,3,가평 2025_04.csv,레저스포츠,수상레저스포츠
가평,2025,4,2025-04,261,경기도,가평군,적목리신앙공동체유적지,3,가평 2025_04.csv,역사관광,역사유적지
가평,2025,4,2025-04,261,경기도,가평군,중봉,3,가평 2025_04.csv,자연관광,자연경관(산)
가평,2025,4,2025-04,261,경기도,가평군,가평올레북한강강변길,3,가평 2025_04.csv,레저스포츠,기타레저스포츠
가평,2025,4,2025-04,261,경기도,가평군,본각사,3,가평 2025_04.csv,역사관광,종교성지
가평,2025,4,2025-04,261,경기도,가평군,점프노리경기가평점,3,가평 2025_04.csv,문화관광,테마공원
가평,2025,4,2025-04,261,경기도,가평군,욜로수상레저,3,가평 2025_04.csv,레저스포츠,수상레저스포츠
가평,2025,4,2025-04,261,경기도,가평군,뉴질랜드전투기념비,3,가평 2025_04.csv,역사관광,역사유물
가평,2025,4,2025-04,261,경기도,가평군,송림사,3,가평 2025_04.csv,역사관광,종교성지
가평,2025,4,2025-04,261,경기도,가평군,엘혜윰의정원,3,가평 2025_04.csv,레저스포츠,육상레저스포츠
가평,2025,4,2025-04,261,경기도,가평군,대성석가사,3,가평 2025_04.csv,역사관광,종교성지
가평,2025,4,2025-04,261,경기도,가평군,파로티아워터하우스수상레저,3,가평 2025_04.csv,레저스포츠,수상레저스포츠
가평,2025,4,2025-04,261,경기도,가평군,포세이돈,3,가평 2025_04.csv,레저스포츠,수상레저스포츠
가평,2025,5,2025-05,1,경기도,가평군,아침고요수목원,18859,가평 2025_05.csv,문화관광,테마공원
가평,2025,5,2025-05,2,경기도,가평군,남이섬,14225,가평 2025_05.csv,자연관광,자연경관(하천/해양)
가평,2025,5,2025-05,3,경기도,가평군,남이섬선착장,12609,가평 2025_05.csv,기타관광,교통시설
가평,2025,5,2025-05,4,경기도,가평군,자라섬,8905,가평 2025_05.csv,자연관광,자연경관(하천/해양)
가평,2025,5,2025-05,5,경기도,가평군,가평베네스트GC,6678,가평 2025_05.csv,레저스포츠,육상레저스포츠
가평,2025,5,2025-05,6,경기도,가평군,청평역,6635,가평 2025_05.csv,기타관광,교통시설
가평,2025,5,2025-05,7,경기도,가평군,썬힐GC,6193,가평 2025_05.csv,레저스포츠,육상레저스포츠
가평,2025,5,2025-05,8,경기도,가평군,가평베고니아새정원,6024,가평 2025_05.csv,문화관광,테마공원
가평,2025,5,2025-05,9,경기도,가평군,아난티코드골프클럽,5412,가평 2025_05.csv,레저스포츠,육상레저스포츠
가평,2025,5,2025-05,10,경기도,가평군,베뉴지CC,5008,가평 2025_05.csv,레저스포츠,육상레저스포츠
가평,2025,5,2025-05,11,경기도,가평군,프리스틴밸리GC,4634,가평 2025_05.csv,레저스포츠,육상레저스포츠
가평,2025,5,2025-05,12,경기도,가평군,리앤리CC,4484,가평 2025_05.csv,레저스포츠,육상레저스포츠
가평,2025,5,2025-05,13,경기도,가평군,쁘띠프랑스,4120,가평 2025_05.csv,문화관광,복합관광시설
가평,2025,5,2025-05,14,경기도,가평군,크리스탈밸리CC,3982,가평 2025_05.csv,레저스포츠,육상레저스포츠
가평,2025,5,2025-05,15,경기도,가평군,아침고요가족동물원,3134,가평 2025_05.csv,문화관광,테마공원
가평,2025,5,2025-05,16,경기도,가평군,마이다스밸리청평 골프클럽,2996,가평 2025_05.csv,레저스포츠,육상레저스포츠
가평,2025,5,2025-05,17,경기도,가평군,유명산자연휴양림,2886,가평 2025_05.csv,자연관광,자연공원
가평,2025,5,2025-05,18,경기도,가평군,신비동물원가평점,2296,가평 2025_05.csv,문화관광,테마공원
가평,2025,5,2025-05,19,경기도,가평군,현리시외버스터미널,2289,가평 2025_05.csv,기타관광,교통시설
가평,2025,5,2025-05,20,경기도,가평군,경기도잣향기푸른숲,2084,가평 2025_05.csv,자연관광,자연공원
가평,2025,5,2025-05,21,경기도,가평군,자라섬꽃페스타,2064,가평 2025_05.csv,문화관광,기타문화관광지
가평,2025,5,2025-05,22,경기도,가평군,강촌레일파크가평역,1510,가평 2025_05.csv,레저스포츠,기타레저스포츠
가평,2025,5,2025-05,23,경기도,가평군,가평시외버스터미널,1428,가평 2025_05.csv,기타관광,교통시설
가평,2025,5,2025-05,24,경기도,가평군,에델바이스스위스테마파크,1309,가평 2025_05.csv,문화관광,테마공원
가평,2025,5,2025-05,25,경기도,가평군,청평시외버스터미널,1086,가평 2025_05.csv,기타관광,교통시설
가평,2025,5,2025-05,26,경기도,가평군,꿈의동산,801,가평 2025_05.csv,문화관광,복합관광시설
가평,2025,5,2025-05,27,경기도,가평군,산장관광지,798,가평 2025_05.csv,문화관광,복합관광시설
가평,2025,5,2025-05,28,경기도,가평군,청평생활체육공원,793,가평 2025_05.csv,문화관광,도시공원
가평,2025,5,2025-05,29,경기도,가평군,가평파크골프장,765,가평 2025_05.csv,레저스포츠,육상레저스포츠
가평,2025,5,2025-05,30,경기도,가평군,K26잠수풀,712,가평 2025_05.csv,레저스포츠,수상레저스포츠
가평,2025,5,2025-05,31,경기도,가평군,호명호수,699,가평 2025_05.csv,자연관광,자연경관(하천/해양)
가평,2025,5,2025-05,32,경기도,가평군,청평호반드라이브코스,691,가평 2025_05.csv,기타관광,데이트코스
가평,2025,5,2025-05,33,경기도,가평군,가평크루즈,632,가평 2025_05.csv,레저스포츠,기타레저스포츠
가평,2025,5,2025-05,34,경기도,가평군,청평자연휴양림,613,가평 2025_05.csv,자연관광,자연공원
가평,2025,5,2025-05,35,경기도,가평군,설악시외버스터미널,577,가평 2025_05.csv,기타관광,교통시설
가평,2025,5,2025-05,36,경기도,가평군,한국초콜릿연구소뮤지엄,527,가평 2025_05.csv,문화관광,전시시설
가평,2025,5,2025-05,37,경기도,가평군,캠프통포레스트,523,가평 2025_05.csv,레저스포츠,수상레저스포츠
가평,2025,5,2025-05,38,경기도,가평군,음악역1939,505,가평 2025_05.csv,문화관광,기타문화관광지
가평,2025,5,2025-05,39,경기도,가평군,현등사,496,가평 2025_05.csv,역사관광,종교성지
가평,2025,5,2025-05,39,경기도,가평군,잣고을전통시장,496,가평 2025_05.csv,쇼핑,시장
가평,2025,5,2025-05,41,경기도,가평군,가평무브베이스볼파크,470,가평 2025_05.csv,문화관광,레저스포츠시설
가평,2025,5,2025-05,42,경기도,가평군,이화원,439,가평 2025_05.csv,문화관광,도시공원
가평,2025,5,2025-05,43,경기도,가평군,칼봉산자연휴양림,438,가평 2025_05.csv,자연관광,자연공원
가평,2025,5,2025-05,44,경기도,가평군,백련사,436,가평 2025_05.csv,역사관광,종교성지
가평,2025,5,2025-05,45,경기도,가평군,아침고요수목원봄꽃페스타,430,가평 2025_05.csv,문화관광,기타문화관광지
가평,2025,5,2025-05,46,경기도,가평군,대성리국민관광지,420,가평 2025_05.csv,문화관광,복합관광시설
가평,2025,5,2025-05,47,경기도,가평군,남도꽃정원,415,가평 2025_05.csv,문화관광,도시공원
가평,2025,5,2025-05,48,경기도,가평군,청평호,412,가평 2025_05.csv,자연관광,자연경관(하천/해양)
가평,2025,5,2025-05,49,경기도,가평군,이탈리아마을 피노키오와다빈치,410,가평 2025_05.csv,문화관광,복합관광시설
가평,2025,5,2025-05,49,경기도,가평군,용추계곡,410,가평 2025_05.csv,자연관광,자연경관(산)
가평,2025,5,2025-05,51,경기도,가평군,녹수계곡,397,가평 2025_05.csv,자연관광,자연경관(산)
가평,2025,5,2025-05,52,경기도,가평군,운악산출렁다리,395,가평 2025_05.csv,기타관광,기타관광
가평,2025,5,2025-05,53,경기도,가평군,캠프통아일랜드,394,가평 2025_05.csv,레저스포츠,수상레저스포츠
가평,2025,5,2025-05,54,경기도,가평군,청심국제청소년수련원,375,가평 2025_05.csv,레저스포츠,육상레저스포츠
가평,2025,5,2025-05,55,경기도,가평군,호명호수공원,368,가평 2025_05.csv,문화관광,도시공원
가평,2025,5,2025-05,56,경기도,가평군,더스테이힐링파크링스파3골프장,364,가평 2025_05.csv,레저스포츠,육상레저스포츠
가평,2025,5,2025-05,57,경기도,가평군,청심평화월드센터,357,가평 2025_05.csv,문화관광,공연시설
가평,2025,5,2025-05,58,경기도,가평군,가평군어린이음악놀이터,354,가평 2025_05.csv,문화관광,테마공원
가평,2025,5,2025-05,59,경기도,가평군,가평별빛정원,348,가평 2025_05.csv,문화관광,도시공원
가평,2025,5,2025-05,60,경기도,가평군,북면생활체육공원,341,가평 2025_05.csv,문화관광,도시공원
가평,2025,5,2025-05,61,경기도,가평군,가평정기5일시장,335,가평 2025_05.csv,쇼핑,시장
가평,2025,5,2025-05,62,경기도,가평군,상면생활체육공원,327,가평 2025_05.csv,문화관광,도시공원
가평,2025,5,2025-05,63,경기도,가평군,가평브릿지짚라인,312,가평 2025_05.csv,레저스포츠,기타레저스포츠
가평,2025,5,2025-05,64,경기도,가평군,강씨봉자연휴양림,307,가평 2025_05.csv,자연관광,자연공원
가평,2025,5,2025-05,65,경기도,가평군,가평종합운동장야구장,269,가평 2025_05.csv,문화관광,레저스포츠시설
가평,2025,5,2025-05,66,경기도,가평군,도장골낚시터,266,가평 2025_05.csv,레저스포츠,수상레저스포츠
가평,2025,5,2025-05,67,경기도,가평군,대원사,261,가평 2025_05.csv,역사관광,종교성지
가평,2025,5,2025-05,68,경기도,가평군,W홀스랜드,240,가평 2025_05.csv,레저스포츠,육상레저스포츠
가평,2025,5,2025-05,69,경기도,가평군,천정궁박물관,237,가평 2025_05.csv,문화관광,전시시설
가평,2025,5,2025-05,70,경기도,가평군,설악생활체육공원,235,가평 2025_05.csv,문화관광,도시공원
가평,2025,5,2025-05,71,경기도,가평군,에덴야구장,218,가평 2025_05.csv,문화관광,레저스포츠시설
가평,2025,5,2025-05,72,경기도,가평군,설악생활체육공원축구장,215,가평 2025_05.csv,문화관광,레저스포츠시설
가평,2025,5,2025-05,73,경기도,가평군,가평TOP랜드,211,가평 2025_05.csv,레저스포츠,수상레저스포츠
가평,2025,5,2025-05,74,경기도,가평군,가평수목원,210,가평 2025_05.csv,자연관광,자연공원
가평,2025,5,2025-05,74,경기도,가평군,보납정,210,가평 2025_05.csv,레저스포츠,육상레저스포츠
가평,2025,5,2025-05,76,경기도,가평군,자라섬출렁다리,208,가평 2025_05.csv,기타관광,기타관광
가평,2025,5,2025-05,77,경기도,가평군,스카이라인짚와이어,198,가평 2025_05.csv,문화관광,복합관광시설
가평,2025,5,2025-05,78,경기도,가평군,청평5일시장,190,가평 2025_05.csv,쇼핑,시장
가평,2025,5,2025-05,79,경기도,가평군,어비계곡,188,가평 2025_05.csv,자연관광,자연경관(산)
가평,2025,5,2025-05,80,경기도,가평군,자이언트수상레저리조트,182,가평 2025_05.csv,레저스포츠,수상레저스포츠
가평,2025,5,2025-05,81,경기도,가평군,경기도잣향기푸른숲안내매표소,172,가평 2025_05.csv,기타관광,기타관광
가평,2025,5,2025-05,82,경기도,가평군,가일미술관,161,가평 2025_05.csv,문화관광,전시시설
가평,2025,5,2025-05,83,경기도,가평군,조종생활체육공원,156,가평 2025_05.csv,문화관광,도시공원
가평,2025,5,2025-05,84,경기도,가평군,서울특별시교육청학생교육원본원,146,가평 2025_05.csv,체험관광,체험관광기타
가평,2025,5,2025-05,85,경기도,가평군,목동버스터미널,143,가평 2025_05.csv,기타관광,교통시설
가평,2025,5,2025-05,86,경기도,가평군,가평에덴벚꽃길,141,가평 2025_05.csv,기타관광,기타관광
가평,2025,5,2025-05,87,경기도,가평군,자라섬생태공원,140,가평 2025_05.csv,문화관광,도시공원
가평,2025,5,2025-05,88,경기도,가평군,하이수상레저이비자1호점,133,가평 2025_05.csv,레저스포츠,수상레저스포츠
가평,2025,5,2025-05,89,경기도,가평군,용소폭포,126,가평 2025_05.csv,자연관광,자연경관(산)
가평,2025,5,2025-05,90,경기도,가평군,운악산성불사,124,가평 2025_05.csv,역사관광,종교성지
가평,2025,5,2025-05,91,경기도,가평군,바하마수상레포츠,123,가평 2025_05.csv,레저스포츠,수상레저스포츠
가평,2025,5,2025-05,92,경기도,가평군,유명산,118,가평 2025_05.csv,자연관광,자연경관(산)
가평,2025,5,2025-05,93,경기도,가평군,탑코리아수상레저,117,가평 2025_05.csv,레저스포츠,수상레저스포츠
가평,2025,5,2025-05,94,경기도,가평군,서울특별시교육청학생교육원대성리교육원,115,가평 2025_05.csv,체험관광,체험관광기타
가평,2025,5,2025-05,95,경기도,가평군,조종시네마,114,가평 2025_05.csv,문화관광,공연시설
가평,2025,5,2025-05,96,경기도,가평군,가평레져카트장,112,가평 2025_05.csv,레저스포츠,기타레저스포츠
가평,2025,5,2025-05,97,경기도,가평군,아루바수상레저,111,가평 2025_05.csv,레저스포츠,기타레저스포츠
가평,2025,5,2025-05,97,경기도,가평군,설악5일장,111,가평 2025_05.csv,쇼핑,시장
가평,2025,5,2025-05,97,경기도,가평군,호명산드라이브코스,111,가평 2025_05.csv,기타관광,데이트코스
가평,2025,5,2025-05,100,경기도,가평군,토마토레저파크,110,가평 2025_05.csv,레저스포츠,기타레저스포츠
가평,2025,5,2025-05,101,경기도,가평군,현리유원지,106,가평 2025_05.csv,문화관광,복합관광시설
가평,2025,5,2025-05,102,경기도,가평군,명지계곡,104,가평 2025_05.csv,자연관광,자연경관(산)
가평,2025,5,2025-05,103,경기도,가평군,워터플레이,102,가평 2025_05.csv,레저스포츠,수상레저스포츠
가평,2025,5,2025-05,103,경기도,가평군,희망축구전용구장,102,가평 2025_05.csv,문화관광,레저스포츠시설
가평,2025,5,2025-05,105,경기도,가평군,리버랜드번지점프장,99,가평 2025_05.csv,레저스포츠,육상레저스포츠
가평,2025,5,2025-05,106,경기도,가평군,청평여울시장,95,가평 2025_05.csv,쇼핑,시장
가평,2025,5,2025-05,106,경기도,가평군,화악산,95,가평 2025_05.csv,자연관광,자연경관(산)
가평,2025,5,2025-05,108,경기도,가평군,씨브이리조트,92,가평 2025_05.csv,레저스포츠,수상레저스포츠
가평,2025,5,2025-05,109,경기도,가평군,일칠일관광농원,91,가평 2025_05.csv,체험관광,농/산/어촌체험
가평,2025,5,2025-05,110,경기도,가평군,자라섬워터파크,88,가평 2025_05.csv,문화관광,테마공원
가평,2025,5,2025-05,111,경기도,가평군,르푸앙수상레져,86,가평 2025_05.csv,레저스포츠,수상레저스포츠
가평,2025,5,2025-05,112,경기도,가평군,달마공원관음사,82,가평 2025_05.csv,역사관광,종교성지
가평,2025,5,2025-05,112,경기도,가평군,가평축령산잣나무숲,82,가평 2025_05.csv,자연관광,자연공원
가평,2025,5,2025-05,114,경기도,가평군,명지산생태전시관,80,가평 2025_05.csv,문화관광,전시시설
가평,2025,5,2025-05,114,경기도,가평군,마린보이수상레저,80,가평 2025_05.csv,레저스포츠,수상레저스포츠
가평,2025,5,2025-05,116,경기도,가평군,서프앤,79,가평 2025_05.csv,레저스포츠,수상레저스포츠
가평,2025,5,2025-05,116,경기도,가평군,삼원수상레저,79,가평 2025_05.csv,레저스포츠,기타레저스포츠
가평,2025,5,2025-05,116,경기도,가평군,연인산,79,가평 2025_05.csv,자연관광,자연경관(산)
가평,2025,5,2025-05,119,경기도,가평군,가평이음터,78,가평 2025_05.csv,문화관광,기타문화관광지
가평,2025,5,2025-05,119,경기도,가평군,뉴돌고래수상레저,78,가평 2025_05.csv,레저스포츠,수상레저스포츠
가평,2025,5,2025-05,121,경기도,가평군,청평유원지,77,가평 2025_05.csv,문화관광,복합관광시설
가평,2025,5,2025-05,122,경기도,가평군,운악산,76,가평 2025_05.csv,자연관광,자연경관(산)
가평,2025,5,2025-05,123,경기도,가평군,가평빠지클럽비발디,75,가평 2025_05.csv,레저스포츠,수상레저스포츠
가평,2025,5,2025-05,124,경기도,가평군,운악산관음사,72,가평 2025_05.csv,역사관광,종교성지
가평,2025,5,2025-05,125,경기도,가평군,가평현리5일장,71,가평 2025_05.csv,쇼핑,시장
가평,2025,5,2025-05,126,경기도,가평군,가평군 설악면 초롱이둥지마을,69,가평 2025_05.csv,역사관광,역사유적지
가평,2025,5,2025-05,127,경기도,가평군,수풀로삼회리,68,가평 2025_05.csv,문화관광,도시공원
가평,2025,5,2025-05,128,경기도,가평군,조종천계곡,67,가평 2025_05.csv,자연관광,자연경관(산)
가평,2025,5,2025-05,128,경기도,가평군,산림생태문화체험단지,67,가평 2025_05.csv,기타관광,기타관광
가평,2025,5,2025-05,130,경기도,가평군,청평호수길,65,가평 2025_05.csv,기타관광,기타관광
가평,2025,5,2025-05,130,경기도,가평군,트니트니어드벤처,65,가평 2025_05.csv,문화관광,테마공원
가평,2025,5,2025-05,130,경기도,가평군,청평암,65,가평 2025_05.csv,역사관광,종교성지
가평,2025,5,2025-05,133,경기도,가평군,조종생활체육공원축구장,64,가평 2025_05.csv,문화관광,레저스포츠시설
가평,2025,5,2025-05,134,경기도,가평군,상천낚시터,62,가평 2025_05.csv,레저스포츠,수상레저스포츠
가평,2025,5,2025-05,135,경기도,가평군,자연과별천문대,60,가평 2025_05.csv,기타관광,기타관광
가평,2025,5,2025-05,135,경기도,가평군,수영인의마을,60,가평 2025_05.csv,레저스포츠,수상레저스포츠
가평,2025,5,2025-05,137,경기도,가평군,가평역레져,59,가평 2025_05.csv,레저스포츠,기타레저스포츠
가평,2025,5,2025-05,138,경기도,가평군,도대리용소폭포,58,가평 2025_05.csv,자연관광,자연경관(산)
가평,2025,5,2025-05,139,경기도,가평군,말리부수상레저,57,가평 2025_05.csv,레저스포츠,수상레저스포츠
가평,2025,5,2025-05,139,경기도,가평군,호명산,57,가평 2025_05.csv,자연관광,자연경관(산)
가평,2025,5,2025-05,141,경기도,가평군,물조은빠지,56,가평 2025_05.csv,레저스포츠,수상레저스포츠
가평,2025,5,2025-05,141,경기도,가평군,베니스수상레저,56,가평 2025_05.csv,레저스포츠,수상레저스포츠
가평,2025,5,2025-05,143,경기도,가평군,가평뮤직빌리지1939시네마,54,가평 2025_05.csv,문화관광,공연시설
가평,2025,5,2025-05,144,경기도,가평군,자라섬리버마켓,52,가평 2025_05.csv,쇼핑,시장
가평,2025,5,2025-05,145,경기도,가평군,상락향수도원,51,가평 2025_05.csv,역사관광,종교성지
가평,2025,5,2025-05,146,경기도,가평군,팀더블유,49,가평 2025_05.csv,레저스포츠,기타레저스포츠
가평,2025,5,2025-05,147,경기도,가평군,청룡사,48,가평 2025_05.csv,역사관광,종교성지
가평,2025,5,2025-05,147,경기도,가평군,태은사,48,가평 2025_05.csv,역사관광,종교성지
가평,2025,5,2025-05,147,경기도,가평군,이정웅스페이스,48,가평 2025_05.csv,문화관광,전시시설
가평,2025,5,2025-05,147,경기도,가평군,맨하탄수상레져,48,가평 2025_05.csv,레저스포츠,수상레저스포츠
가평,2025,5,2025-05,151,경기도,가평군,이지수상레져,47,가평 2025_05.csv,레저스포츠,기타레저스포츠
가평,2025,5,2025-05,151,경기도,가평군,연인산도립공원탐방안내소,47,가평 2025_05.csv,기타관광,기타관광
가평,2025,5,2025-05,153,경기도,가평군,레인보우수상레저,46,가평 2025_05.csv,레저스포츠,수상레저스포츠
가평,2025,5,2025-05,153,경기도,가평군,산유낚시터,46,가평 2025_05.csv,레저스포츠,수상레저스포츠
가평,2025,5,2025-05,155,경기도,가평군,신청평대교야구장,44,가평 2025_05.csv,문화관광,레저스포츠시설
가평,2025,5,2025-05,156,경기도,가평군,워터피아수상레저,43,가평 2025_05.csv,레저스포츠,수상레저스포츠
가평,2025,5,2025-05,157,경기도,가평군,가마소유원지,42,가평 2025_05.csv,문화관광,복합관광시설
가평,2025,5,2025-05,158,경기도,가평군,모비딕수상레저,41,가평 2025_05.csv,레저스포츠,수상레저스포츠
가평,2025,5,2025-05,159,경기도,가평군,마린랜드,39,가평 2025_05.csv,레저스포츠,수상레저스포츠
가평,2025,5,2025-05,160,경기도,가평군,서울특별시교육청학생교육원글로벌문화언어체험교육원,37,가평 2025_05.csv,체험관광,체험관광기타
가평,2025,5,2025-05,160,경기도,가평군,북배산흑염소농장,37,가평 2025_05.csv,체험관광,농/산/어촌체험
가평,2025,5,2025-05,162,경기도,가평군,연인산명품계곡길,36,가평 2025_05.csv,레저스포츠,기타레저스포츠
가평,2025,5,2025-05,162,경기도,가평군,조무락계곡,36,가평 2025_05.csv,자연관광,자연경관(산)
가평,2025,5,2025-05,162,경기도,가평군,취옹예술관,36,가평 2025_05.csv,문화관광,전시시설
가평,2025,5,2025-05,162,경기도,가평군,노랑다리미술관,36,가평 2025_05.csv,문화관광,전시시설
가평,2025,5,2025-05,166,경기도,가평군,청춘역1979,35,가평 2025_05.csv,문화관광,도시공원
가평,2025,5,2025-05,166,경기도,가평군,오페라하우스수상레저,35,가평 2025_05.csv,레저스포츠,수상레저스포츠
가평,2025,5,2025-05,168,경기도,가평군,삼회리벚꽃길,34,가평 2025_05.csv,기타관광,데이트코스
가평,2025,5,2025-05,168,경기도,가평군,가평빠지아마존수상레저,34,가평 2025_05.csv,레저스포츠,수상레저스포츠
가평,2025,5,2025-05,168,경기도,가평군,헤이븐,34,가평 2025_05.csv,레저스포츠,수상레저스포츠
가평,2025,5,2025-05,171,경기도,가평군,남송미술관,33,가평 2025_05.csv,문화관광,전시시설
가평,2025,5,2025-05,171,경기도,가평군,소풍레저,33,가평 2025_05.csv,레저스포츠,수상레저스포츠
가평,2025,5,2025-05,171,경기도,가평군,불기고개,33,가평 2025_05.csv,자연관광,자연경관(산)
가평,2025,5,2025-05,174,경기도,가평군,성주사,32,가평 2025_05.csv,역사관광,종교성지
가평,2025,5,2025-05,175,경기도,가평군,자라섬관광안내소,31,가평 2025_05.csv,기타관광,기타관광
가평,2025,5,2025-05,175,경기도,가평군,크라운수상레저,31,가평 2025_05.csv,레저스포츠,수상레저스포츠
가평,2025,5,2025-05,177,경기도,가평군,목동근린공원전망대,30,가평 2025_05.csv,문화관광,랜드마크관광
가평,2025,5,2025-05,177,경기도,가평군,가평사계절썰매장,30,가평 2025_05.csv,레저스포츠,육상레저스포츠
가평,2025,5,2025-05,179,경기도,가평군,대성리벚꽃길,29,가평 2025_05.csv,기타관광,기타관광
가평,2025,5,2025-05,180,경기도,가평군,청평유원지,28,가평 2025_05.csv,문화관광,복합관광시설
가평,2025,5,2025-05,180,경기도,가평군,청평스포랜드번지점프장,28,가평 2025_05.csv,레저스포츠,육상레저스포츠
가평,2025,5,2025-05,180,경기도,가평군,축령사,28,가평 2025_05.csv,역사관광,종교성지
가평,2025,5,2025-05,180,경기도,가평군,행복축구전용구장,28,가평 2025_05.csv,문화관광,레저스포츠시설
가평,2025,5,2025-05,184,경기도,가평군,설악낚시터,27,가평 2025_05.csv,레저스포츠,수상레저스포츠
가평,2025,5,2025-05,184,경기도,가평군,클럽이글스수상레저,27,가평 2025_05.csv,레저스포츠,기타레저스포츠
가평,2025,5,2025-05,184,경기도,가평군,아침고요수국전시회,27,가평 2025_05.csv,문화관광,기타문화관광지
가평,2025,5,2025-05,187,경기도,가평군,아이언수상레저,26,가평 2025_05.csv,레저스포츠,기타레저스포츠
가평,2025,5,2025-05,187,경기도,가평군,어거스트수상레저,26,가평 2025_05.csv,레저스포츠,수상레저스포츠
가평,2025,5,2025-05,187,경기도,가평군,스마일수상레저,26,가평 2025_05.csv,레저스포츠,수상레저스포츠
가평,2025,5,2025-05,190,경기도,가평군,일지안호범미술관,25,가평 2025_05.csv,문화관광,전시시설
가평,2025,5,2025-05,190,경기도,가평군,버드마리나수상레저,25,가평 2025_05.csv,레저스포츠,기타레저스포츠
가평,2025,5,2025-05,190,경기도,가평군,마린파크수상레저,25,가평 2025_05.csv,레저스포츠,수상레저스포츠
가평,2025,5,2025-05,190,경기도,가평군,대성수상레저,25,가평 2025_05.csv,레저스포츠,수상레저스포츠
가평,2025,5,2025-05,190,경기도,가평군,가평리틀야구장,25,가평 2025_05.csv,문화관광,레저스포츠시설
가평,2025,5,2025-05,195,경기도,가평군,가평빠지이비자수상레저,24,가평 2025_05.csv,레저스포츠,수상레저스포츠
가평,2025,5,2025-05,195,경기도,가평군,청평생태공원,24,가평 2025_05.csv,문화관광,도시공원
가평,2025,5,2025-05,195,경기도,가평군,미국한국전쟁참전기념비,24,가평 2025_05.csv,역사관광,역사유물
가평,2025,5,2025-05,198,경기도,가평군,화악계곡,23,가평 2025_05.csv,자연관광,자연경관(산)
가평,2025,5,2025-05,199,경기도,가평군,클럽펀,22,가평 2025_05.csv,레저스포츠,수상레저스포츠
가평,2025,5,2025-05,199,경기도,가평군,물의나라유원지,22,가평 2025_05.csv,문화관광,복합관광시설
가평,2025,5,2025-05,199,경기도,가평군,유럽동화나라축제,22,가평 2025_05.csv,문화관광,기타문화관광지
가평,2025,5,2025-05,202,경기도,가평군,색현터널,21,가평 2025_05.csv,기타관광,기타관광
가평,2025,5,2025-05,202,경기도,가평군,마린컴퍼니클럽,21,가평 2025_05.csv,레저스포츠,수상레저스포츠
가평,2025,5,2025-05,202,경기도,가평군,현리계곡,21,가평 2025_05.csv,자연관광,자연경관(산)
가평,2025,5,2025-05,202,경기도,가평군,이정구선생묘,21,가평 2025_05.csv,역사관광,역사유적지
가평,2025,5,2025-05,202,경기도,가평군,리버포인트수상레저,21,가평 2025_05.csv,레저스포츠,수상레저스포츠
가평,2025,5,2025-05,202,경기도,가평군,모험의시작,21,가평 2025_05.csv,레저스포츠,수상레저스포츠
가평,2025,5,2025-05,208,경기도,가평군,HJ매그놀리아멋집,19,가평 2025_05.csv,문화관광,기타문화관광지
가평,2025,5,2025-05,208,경기도,가평군,웨이크베이리조트,19,가평 2025_05.csv,레저스포츠,기타레저스포츠
가평,2025,5,2025-05,208,경기도,가평군,청평산장유원지,19,가평 2025_05.csv,문화관광,복합관광시설
가평,2025,5,2025-05,208,경기도,가평군,바우유원지,19,가평 2025_05.csv,문화관광,복합관광시설
가평,2025,5,2025-05,208,경기도,가평군,폭포낚시,19,가평 2025_05.csv,레저스포츠,수상레저스포츠
가평,2025,5,2025-05,208,경기도,가평군,건전한레저,19,가평 2025_05.csv,레저스포츠,수상레저스포츠
가평,2025,5,2025-05,214,경기도,가평군,선셋740,18,가평 2025_05.csv,레저스포츠,수상레저스포츠
가평,2025,5,2025-05,214,경기도,가평군,운악산가평현등사방면,18,가평 2025_05.csv,자연관광,자연경관(산)
가평,2025,5,2025-05,214,경기도,가평군,가평하늘커피농장,18,가평 2025_05.csv,체험관광,농/산/어촌체험
가평,2025,5,2025-05,214,경기도,가평군,성관사,18,가평 2025_05.csv,역사관광,종교성지
가평,2025,5,2025-05,218,경기도,가평군,용추계곡유원지,17,가평 2025_05.csv,문화관광,복합관광시설
가평,2025,5,2025-05,218,경기도,가평군,대성낚시터,17,가평 2025_05.csv,레저스포츠,수상레저스포츠
가평,2025,5,2025-05,218,경기도,가평군,더스테이힐링파크와일드가든,17,가평 2025_05.csv,문화관광,도시공원
가평,2025,5,2025-05,218,경기도,가평군,클럽에덴수상레져타운,17,가평 2025_05.csv,레저스포츠,수상레저스포츠
가평,2025,5,2025-05,222,경기도,가평군,클럽미사수상레저,16,가평 2025_05.csv,레저스포츠,수상레저스포츠
가평,2025,5,2025-05,222,경기도,가평군,아침고요체험살피꽃다방,16,가평 2025_05.csv,레저스포츠,기타레저스포츠
가평,2025,5,2025-05,224,경기도,가평군,빠져수상레저,15,가평 2025_05.csv,레저스포츠,수상레저스포츠
가평,2025,5,2025-05,224,경기도,가평군,떡바위유원지,15,가평 2025_05.csv,문화관광,복합관광시설
가평,2025,5,2025-05,224,경기도,가평군,상천저수지,15,가평 2025_05.csv,자연관광,자연경관(하천/해양)
가평,2025,5,2025-05,224,경기도,가평군,선어치,15,가평 2025_05.csv,자연관광,자연경관(산)
가평,2025,5,2025-05,228,경기도,가평군,가평엑스수상레져,14,가평 2025_05.csv,레저스포츠,수상레저스포츠
가평,2025,5,2025-05,228,경기도,가평군,가평향교,14,가평 2025_05.csv,역사관광,역사유적지
가평,2025,5,2025-05,228,경기도,가평군,향원사,14,가평 2025_05.csv,역사관광,종교성지
가평,2025,5,2025-05,228,경기도,가평군,에덴벚꽃길,14,가평 2025_05.csv,레저스포츠,기타레저스포츠
가평,2025,5,2025-05,228,경기도,가평군,울업산,14,가평 2025_05.csv,자연관광,자연경관(산)
가평,2025,5,2025-05,228,경기도,가평군,포세이돈,14,가평 2025_05.csv,레저스포츠,수상레저스포츠
가평,2025,5,2025-05,234,경기도,가평군,호국연호사,13,가평 2025_05.csv,역사관광,종교성지
가평,2025,5,2025-05,234,경기도,가평군,백팔유원지,13,가평 2025_05.csv,문화관광,복합관광시설
가평,2025,5,2025-05,234,경기도,가평군,청평페리유람선,13,가평 2025_05.csv,기타관광,교통시설
가평,2025,5,2025-05,234,경기도,가평군,청정낚시터,13,가평 2025_05.csv,레저스포츠,수상레저스포츠
가평,2025,5,2025-05,234,경기도,가평군,금개울유원지,13,가평 2025_05.csv,문화관광,복합관광시설
가평,2025,5,2025-05,234,경기도,가평군,현종사,13,가평 2025_05.csv,역사관광,종교성지
가평,2025,5,2025-05,240,경기도,가평군,파로티아워터하우스수상레저,12,가평 2025_05.csv,레저스포츠,수상레저스포츠
가평,2025,5,2025-05,241,경기도,가평군,청평계곡,11,가평 2025_05.csv,자연관광,자연경관(산)
가평,2025,5,2025-05,241,경기도,가평군,킹웨이크서프스쿨,11,가평 2025_05.csv,레저스포츠,수상레저스포츠
가평,2025,5,2025-05,241,경기도,가평군,가평레저파크,11,가평 2025_05.csv,레저스포츠,기타레저스포츠
가평,2025,5,2025-05,241,경기도,가평군,한국바이에른식육학교,11,가평 2025_05.csv,체험관광,체험관광기타
가평,2025,5,2025-05,241,경기도,가평군,무주채폭포,11,가평 2025_05.csv,자연관광,자연경관(산)
가평,2025,5,2025-05,241,경기도,가평군,K2수상레져,11,가평 2025_05.csv,레저스포츠,수상레저스포츠
가평,2025,5,2025-05,241,경기도,가평군,흥국사,11,가평 2025_05.csv,역사관광,종교성지
가평,2025,5,2025-05,241,경기도,가평군,본각사,11,가평 2025_05.csv,역사관광,종교성지
가평,2025,5,2025-05,241,경기도,가평군,성운사,11,가평 2025_05.csv,역사관광,종교성지
가평,2025,5,2025-05,250,경기도,가평군,연인산용추구곡방면,10,가평 2025_05.csv,자연관광,자연경관(산)
가평,2025,5,2025-05,250,경기도,가평군,구원사,10,가평 2025_05.csv,역사관광,종교성지
가평,2025,5,2025-05,250,경기도,가평군,덕혜암,10,가평 2025_05.csv,역사관광,종교성지
가평,2025,5,2025-05,250,경기도,가평군,가평썸머플레이스,10,가평 2025_05.csv,레저스포츠,수상레저스포츠
가평,2025,5,2025-05,250,경기도,가평군,돌고래수상레저,10,가평 2025_05.csv,레저스포츠,기타레저스포츠
가평,2025,5,2025-05,250,경기도,가평군,가평유도체육관,10,가평 2025_05.csv,레저스포츠,기타레저스포츠
가평,2025,5,2025-05,250,경기도,가평군,가람농원,10,가평 2025_05.csv,체험관광,농/산/어촌체험
가평,2025,5,2025-05,257,경기도,가평군,유스토리청소년수련원,9,가평 2025_05.csv,레저스포츠,육상레저스포츠
가평,2025,5,2025-05,257,경기도,가평군,아레나수상레저,9,가평 2025_05.csv,레저스포츠,수상레저스포츠
가평,2025,5,2025-05,257,경기도,가평군,송림사,9,가평 2025_05.csv,역사관광,종교성지
가평,2025,5,2025-05,260,경기도,가평군,대성사,8,가평 2025_05.csv,역사관광,종교성지
가평,2025,5,2025-05,260,경기도,가평군,가평군 설악면 반딧불마을,8,가평 2025_05.csv,역사관광,역사유적지
가평,2025,5,2025-05,260,경기도,가평군,청오사,8,가평 2025_05.csv,역사관광,종교성지
가평,2025,5,2025-05,260,경기도,가평군,가평군 설악면 은혜마을,8,가평 2025_05.csv,역사관광,역사유적지
가평,2025,5,2025-05,260,경기도,가평군,효심사,8,가평 2025_05.csv,역사관광,종교성지
가평,2025,5,2025-05,260,경기도,가평군,화야산,8,가평 2025_05.csv,자연관광,자연경관(산)
가평,2025,5,2025-05,260,경기도,가평군,대성리계곡,8,가평 2025_05.csv,자연관광,자연경관(산)
가평,2025,5,2025-05,260,경기도,가평군,성불사,8,가평 2025_05.csv,역사관광,종교성지
가평,2025,5,2025-05,268,경기도,가평군,이수네유원지,7,가평 2025_05.csv,문화관광,복합관광시설
가평,2025,5,2025-05,268,경기도,가평군,용추폭포,7,가평 2025_05.csv,자연관광,자연경관(산)
가평,2025,5,2025-05,268,경기도,가평군,중앙내수면연구소벚꽃길,7,가평 2025_05.csv,기타관광,기타관광
가평,2025,5,2025-05,268,경기도,가평군,은행나무낚시공원,7,가평 2025_05.csv,레저스포츠,수상레저스포츠
가평,2025,5,2025-05,268,경기도,가평군,유명산계곡,7,가평 2025_05.csv,자연관광,자연경관(산)
가평,2025,5,2025-05,268,경기도,가평군,호수유원지,7,가평 2025_05.csv,기타관광,기타관광
가평,2025,5,2025-05,268,경기도,가평군,대성석가사,7,가평 2025_05.csv,역사관광,종교성지
가평,2025,5,2025-05,268,경기도,가평군,항아리바위계곡,7,가평 2025_05.csv,자연관광,자연경관(산)
가평,2025,5,2025-05,276,경기도,가평군,대성리국민관광지관광안내소,6,가평 2025_05.csv,기타관광,기타관광
가평,2025,5,2025-05,276,경기도,가평군,가람유원지,6,가평 2025_05.csv,문화관광,복합관광시설
가평,2025,5,2025-05,276,경기도,가평군,유명산자생식물원,6,가평 2025_05.csv,문화관광,테마공원
가평,2025,5,2025-05,276,경기도,가평군,그린수상레져,6,가평 2025_05.csv,레저스포츠,수상레저스포츠
가평,2025,5,2025-05,276,경기도,가평군,록산갤러리,6,가평 2025_05.csv,문화관광,전시시설
가평,2025,5,2025-05,276,경기도,가평군,자라섬황톳길,6,가평 2025_05.csv,레저스포츠,기타레저스포츠
가평,2025,5,2025-05,276,경기도,가평군,청평캠프,6,가평 2025_05.csv,레저스포츠,기타레저스포츠
가평,2025,5,2025-05,276,경기도,가평군,썸머타임수상레저,6,가평 2025_05.csv,레저스포츠,수상레저스포츠
가평,2025,5,2025-05,276,경기도,가평군,관음사,6,가평 2025_05.csv,역사관광,종교성지
가평,2025,5,2025-05,276,경기도,가평군,보광사,6,가평 2025_05.csv,역사관광,종교성지
가평,2025,5,2025-05,276,경기도,가평군,대성사,6,가평 2025_05.csv,역사관광,종교성지
가평,2025,5,2025-05,276,경기도,가평군,큰골계곡,6,가평 2025_05.csv,자연관광,자연경관(산)
가평,2025,5,2025-05,276,경기도,가평군,귀목계곡,6,가평 2025_05.csv,자연관광,자연경관(산)
가평,2025,5,2025-05,276,경기도,가평군,서강대학교현리인성교육원,6,가평 2025_05.csv,체험관광,체험관광기타
가평,2025,5,2025-05,276,경기도,가평군,밤골유원지,6,가평 2025_05.csv,문화관광,복합관광시설
가평,2025,5,2025-05,276,경기도,가평군,루시아수상레저,6,가평 2025_05.csv,레저스포츠,수상레저스포츠
가평,2025,5,2025-05,276,경기도,가평군,아토믹워터파크,6,가평 2025_05.csv,문화관광,테마공원
가평,2025,5,2025-05,276,경기도,가평군,두밀리낚시터,6,가평 2025_05.csv,레저스포츠,수상레저스포츠
가평,2025,5,2025-05,276,경기도,가평군,송학포유원지,6,가평 2025_05.csv,문화관광,복합관광시설
가평,2025,5,2025-05,276,경기도,가평군,지장사,6,가평 2025_05.csv,역사관광,종교성지
가평,2025,5,2025-05,296,경기도,가평군,가평연인랜드,5,가평 2025_05.csv,체험관광,농/산/어촌체험
가평,2025,5,2025-05,296,경기도,가평군,가평묘목농원,5,가평 2025_05.csv,체험관광,농/산/어촌체험
가평,2025,5,2025-05,296,경기도,가평군,경기둘레길가평19코스,5,가평 2025_05.csv,레저스포츠,기타레저스포츠
가평,2025,5,2025-05,296,경기도,가평군,용소유원지,5,가평 2025_05.csv,문화관광,복합관광시설
가평,2025,5,2025-05,296,경기도,가평군,현충탑,5,가평 2025_05.csv,역사관광,역사유물
가평,2025,5,2025-05,296,경기도,가평군,감로사,5,가평 2025_05.csv,역사관광,종교성지
가평,2025,5,2025-05,296,경기도,가평군,극락정사,5,가평 2025_05.csv,역사관광,종교성지
가평,2025,5,2025-05,296,경기도,가평군,설미재미술관,5,가평 2025_05.csv,문화관광,전시시설
가평,2025,5,2025-05,296,경기도,가평군,보원사,5,가평 2025_05.csv,역사관광,종교성지
가평,2025,5,2025-05,305,경기도,가평군,상천루,4,가평 2025_05.csv,문화관광,도시공원
가평,2025,5,2025-05,305,경기도,가평군,라인수상레저,4,가평 2025_05.csv,레저스포츠,수상레저스포츠
가평,2025,5,2025-05,305,경기도,가평군,가평현암농경박물관,4,가평 2025_05.csv,문화관광,전시시설
가평,2025,5,2025-05,305,경기도,가평군,클럽모아나,4,가평 2025_05.csv,레저스포츠,수상레저스포츠
가평,2025,5,2025-05,305,경기도,가평군,연인산숲놀이터,4,가평 2025_05.csv,문화관광,테마공원
가평,2025,5,2025-05,305,경기도,가평군,산장국민관광지야외공연장,4,가평 2025_05.csv,문화관광,공연시설
가평,2025,5,2025-05,305,경기도,가평군,뫼오름농원,4,가평 2025_05.csv,체험관광,농/산/어촌체험
가평,2025,5,2025-05,305,경기도,가평군,고고다이노키즈클럽,4,가평 2025_05.csv,문화관광,테마공원
가평,2025,5,2025-05,305,경기도,가평군,양진나루선착장,4,가평 2025_05.csv,기타관광,교통시설
가평,2025,5,2025-05,305,경기도,가평군,인스타랩,4,가평 2025_05.csv,문화관광,기타문화관광지
가평,2025,5,2025-05,305,경기도,가평군,경반계곡,4,가평 2025_05.csv,자연관광,자연경관(산)
가평,2025,5,2025-05,305,경기도,가평군,화야산큰골마을등산로,4,가평 2025_05.csv,자연관광,자연경관(산)
가평,2025,5,2025-05,305,경기도,가평군,운곡암,4,가평 2025_05.csv,역사관광,종교성지
가평,2025,5,2025-05,305,경기도,가평군,석룡산,4,가평 2025_05.csv,자연관광,자연경관(산)
가평,2025,5,2025-05,305,경기도,가평군,청평리버랜드수상레저,4,가평 2025_05.csv,문화관광,복합관광시설
가평,2025,5,2025-05,305,경기도,가평군,어항소유원지,4,가평 2025_05.csv,문화관광,복합관광시설
가평,2025,5,2025-05,305,경기도,가평군,애플농원,4,가평 2025_05.csv,체험관광,농/산/어촌체험
가평,2025,5,2025-05,305,경기도,가평군,수동목장,4,가평 2025_05.csv,체험관광,농/산/어촌체험
가평,2025,5,2025-05,305,경기도,가평군,팀어거스트,4,가평 2025_05.csv,레저스포츠,수상레저스포츠
가평,2025,5,2025-05,305,경기도,가평군,적목리신앙공동체유적지,4,가평 2025_05.csv,역사관광,역사유적지
가평,2025,5,2025-05,305,경기도,가평군,버드나무유원지,4,가평 2025_05.csv,문화관광,복합관광시설
가평,2025,5,2025-05,305,경기도,가평군,상락향,4,가평 2025_05.csv,역사관광,종교성지
가평,2025,5,2025-05,305,경기도,가평군,해바라기유원지,4,가평 2025_05.csv,문화관광,복합관광시설
가평,2025,5,2025-05,305,경기도,가평군,가평군 상면 조가터마을,4,가평 2025_05.csv,문화관광,도시/지역문화관광
가평,2025,5,2025-05,305,경기도,가평군,이화리고개,4,가평 2025_05.csv,자연관광,자연경관(산)
가평,2025,5,2025-05,305,경기도,가평군,보덕암,4,가평 2025_05.csv,역사관광,종교성지
가평,2025,5,2025-05,305,경기도,가평군,가평열기구,4,가평 2025_05.csv,레저스포츠,기타레저스포츠
가평,2025,5,2025-05,305,경기도,가평군,자라섬야외수영장,4,가평 2025_05.csv,문화관광,테마공원
가평,2025,5,2025-05,305,경기도,가평군,김중식미술관,4,가평 2025_05.csv,문화관광,전시시설
가평,2025,5,2025-05,334,경기도,가평군,일광사,3,가평 2025_05.csv,역사관광,종교성지
가평,2025,5,2025-05,334,경기도,가평군,가평철길공원,3,가평 2025_05.csv,문화관광,도시공원
가평,2025,5,2025-05,334,경기도,가평군,장아트갤러리,3,가평 2025_05.csv,문화관광,전시시설
가평,2025,5,2025-05,334,경기도,가평군,운악산용수사,3,가평 2025_05.csv,역사관광,종교성지
가평,2025,5,2025-05,334,경기도,가평군,무아레풀무아레,3,가평 2025_05.csv,문화관광,테마공원
가평,2025,5,2025-05,334,경기도,가평군,프리다이브그랑블루가평센터,3,가평 2025_05.csv,레저스포츠,수상레저스포츠
가평,2025,5,2025-05,334,경기도,가평군,타자가평수상레저,3,가평 2025_05.csv,레저스포츠,기타레저스포츠
가평,2025,5,2025-05,334,경기도,가평군,가평빠지크리스월드수상레저,3,가평 2025_05.csv,레저스포츠,수상레저스포츠
가평,2025,5,2025-05,334,경기도,가평군,산림복합체험센터,3,가평 2025_05.csv,문화관광,기타문화관광지
가평,2025,5,2025-05,334,경기도,가평군,와가목장,3,가평 2025_05.csv,체험관광,농/산/어촌체험
가평,2025,5,2025-05,334,경기도,가평군,룰루마린수상레저,3,가평 2025_05.csv,레저스포츠,수상레저스포츠
가평,2025,5,2025-05,334,경기도,가평군,M4서바이벌사격게임장,3,가평 2025_05.csv,레저스포츠,육상레저스포츠
가평,2025,5,2025-05,334,경기도,가평군,가평그린육묘장,3,가평 2025_05.csv,체험관광,농/산/어촌체험
가평,2025,5,2025-05,334,경기도,가평군,어비산,3,가평 2025_05.csv,자연관광,자연경관(산)
가평,2025,5,2025-05,334,경기도,가평군,조종암,3,가평 2025_05.csv,역사관광,역사유적지
가평,2025,5,2025-05,334,경기도,가평군,이방실장군묘,3,가평 2025_05.csv,역사관광,역사유적지
가평,2025,5,2025-05,334,경기도,가평군,산울로수상스키,3,가평 2025_05.csv,레저스포츠,기타레저스포츠
가평,2025,5,2025-05,334,경기도,가평군,가평군 북면 연인산마을,3,가평 2025_05.csv,역사관광,역사유적지
가평,2025,5,2025-05,334,경기도,가평군,레저캠프,3,가평 2025_05.csv,레저스포츠,기타레저스포츠
가평,2025,5,2025-05,334,경기도,가평군,용문산전투가평지구전적비,3,가평 2025_05.csv,역사관광,역사유물
가평,2025,5,2025-05,334,경기도,가평군,한강수상레저,3,가평 2025_05.csv,레저스포츠,수상레저스포츠
가평,2025,5,2025-05,334,경기도,가평군,화야산사기막등산로,3,가평 2025_05.csv,자연관광,자연경관(산)
가평,2025,5,2025-05,334,경기도,가평군,북한강유원지,3,가평 2025_05.csv,문화관광,복합관광시설
가평,2025,5,2025-05,334,경기도,가평군,양지농원,3,가평 2025_05.csv,체험관광,농/산/어촌체험
가평,2025,5,2025-05,334,경기도,가평군,서호유원지,3,가평 2025_05.csv,문화관광,복합관광시설
가평,2025,5,2025-05,334,경기도,가평군,황룡뿌리,3,가평 2025_05.csv,체험관광,농/산/어촌체험
가평,2025,5,2025-05,334,경기도,가평군,청수계곡유원지,3,가평 2025_05.csv,문화관광,복합관광시설
가평,2025,5,2025-05,334,경기도,가평군,지산수상레저,3,가평 2025_05.csv,레저스포츠,수상레저스포츠
가평,2025,5,2025-05,334,경기도,가평군,청평자연유원지,3,가평 2025_05.csv,문화관광,복합관광시설
가평,2025,5,2025-05,334,경기도,가평군,계곡유원지,3,가평 2025_05.csv,문화관광,복합관광시설
가평,2025,5,2025-05,334,경기도,가평군,가평낚시터,3,가평 2025_05.csv,레저스포츠,수상레저스포츠
가평,2025,5,2025-05,334,경기도,가평군,중미산유원지,3,가평 2025_05.csv,문화관광,복합관광시설
가평,2025,5,2025-05,334,경기도,가평군,레이크카운티,3,가평 2025_05.csv,레저스포츠,수상레저스포츠
가평,2025,5,2025-05,334,경기도,가평군,플로팅하우스,3,가평 2025_05.csv,레저스포츠,수상레저스포츠
가평,2025,5,2025-05,334,경기도,가평군,화명사,3,가평 2025_05.csv,역사관광,종교성지
가평,2025,5,2025-05,334,경기도,가평군,점프노리경기가평점,3,가평 2025_05.csv,문화관광,테마공원
가평,2025,5,2025-05,334,경기도,가평군,애기소계곡,3,가평 2025_05.csv,자연관광,자연경관(산)
가평,2025,5,2025-05,334,경기도,가평군,호명산호명리등산로입구,3,가평 2025_05.csv,기타관광,기타관광
가평,2025,5,2025-05,334,경기도,가평군,홍적고개,3,가평 2025_05.csv,자연관광,자연경관(산)
가평,2025,5,2025-05,334,경기도,가평군,에덴벚꽃길야외공연장,3,가평 2025_05.csv,문화관광,공연시설
가평,2025,5,2025-05,334,경기도,가평군,선경농원,3,가평 2025_05.csv,체험관광,농/산/어촌체험
가평,2025,5,2025-05,334,경기도,가평군,가평군 가평읍 포회촌마을,3,가평 2025_05.csv,역사관광,역사유적지
가평,2025,5,2025-05,334,경기도,가평군,쿨마린,3,가평 2025_05.csv,레저스포츠,수상레저스포츠
가평,2025,5,2025-05,334,경기도,가평군,엘혜윰의정원,3,가평 2025_05.csv,레저스포츠,육상레저스포츠
가평,2025,5,2025-05,334,경기도,가평군,크리스월드수상레저,3,가평 2025_05.csv,레저스포츠,수상레저스포츠
가평,2025,5,2025-05,334,경기도,가평군,꿈의동산놀이공원안보전시관,3,가평 2025_05.csv,문화관광,전시시설
가평,2025,5,2025-05,334,경기도,가평군,가평군 가평읍 유동마을,3,가평 2025_05.csv,역사관광,역사유적지
가평,2025,5,2025-05,334,경기도,가평군,가평군 설악면 한교막마을,3,가평 2025_05.csv,역사관광,역사유적지
가평,2025,6,2025-06,1,경기도,가평군,아침고요수목원,12423,가평 2025_06.csv,문화관광,테마공원
가평,2025,6,2025-06,2,경기도,가평군,남이섬,10033,가평 2025_06.csv,자연관광,자연경관(하천/해양)
가평,2025,6,2025-06,3,경기도,가평군,자라섬,9088,가평 2025_06.csv,자연관광,자연경관(하천/해양)
가평,2025,6,2025-06,4,경기도,가평군,남이섬선착장,7531,가평 2025_06.csv,기타관광,교통시설
가평,2025,6,2025-06,5,경기도,가평군,가평베네스트GC,6390,가평 2025_06.csv,레저스포츠,육상레저스포츠
가평,2025,6,2025-06,6,경기도,가평군,썬힐GC,6077,가평 2025_06.csv,레저스포츠,육상레저스포츠
가평,2025,6,2025-06,7,경기도,가평군,청평역,5780,가평 2025_06.csv,기타관광,교통시설
가평,2025,6,2025-06,8,경기도,가평군,아난티코드골프클럽,5239,가평 2025_06.csv,레저스포츠,육상레저스포츠
가평,2025,6,2025-06,9,경기도,가평군,베뉴지CC,4876,가평 2025_06.csv,레저스포츠,육상레저스포츠
가평,2025,6,2025-06,10,경기도,가평군,프리스틴밸리GC,4385,가평 2025_06.csv,레저스포츠,육상레저스포츠
가평,2025,6,2025-06,11,경기도,가평군,크리스탈밸리CC,3945,가평 2025_06.csv,레저스포츠,육상레저스포츠
가평,2025,6,2025-06,12,경기도,가평군,리앤리CC,3615,가평 2025_06.csv,레저스포츠,육상레저스포츠
가평,2025,6,2025-06,13,경기도,가평군,가평베고니아새정원,3225,가평 2025_06.csv,문화관광,테마공원
가평,2025,6,2025-06,14,경기도,가평군,유명산자연휴양림,3172,가평 2025_06.csv,자연관광,자연공원
가평,2025,6,2025-06,15,경기도,가평군,자라섬꽃페스타,3136,가평 2025_06.csv,문화관광,기타문화관광지
가평,2025,6,2025-06,16,경기도,가평군,마이다스밸리청평 골프클럽,3059,가평 2025_06.csv,레저스포츠,육상레저스포츠
가평,2025,6,2025-06,17,경기도,가평군,쁘띠프랑스,2989,가평 2025_06.csv,문화관광,복합관광시설
가평,2025,6,2025-06,18,경기도,가평군,신비동물원가평점,2259,가평 2025_06.csv,문화관광,테마공원
가평,2025,6,2025-06,19,경기도,가평군,아침고요가족동물원,2215,가평 2025_06.csv,문화관광,테마공원
가평,2025,6,2025-06,20,경기도,가평군,현리시외버스터미널,2087,가평 2025_06.csv,기타관광,교통시설
가평,2025,6,2025-06,21,경기도,가평군,경기도잣향기푸른숲,2026,가평 2025_06.csv,자연관광,자연공원
가평,2025,6,2025-06,22,경기도,가평군,가평시외버스터미널,1391,가평 2025_06.csv,기타관광,교통시설
가평,2025,6,2025-06,23,경기도,가평군,용추계곡,1253,가평 2025_06.csv,자연관광,자연경관(산)
가평,2025,6,2025-06,24,경기도,가평군,강촌레일파크가평역,1214,가평 2025_06.csv,레저스포츠,기타레저스포츠
가평,2025,6,2025-06,25,경기도,가평군,캠프통포레스트,1032,가평 2025_06.csv,레저스포츠,수상레저스포츠
가평,2025,6,2025-06,26,경기도,가평군,청평시외버스터미널,952,가평 2025_06.csv,기타관광,교통시설
가평,2025,6,2025-06,27,경기도,가평군,가평파크골프장,931,가평 2025_06.csv,레저스포츠,육상레저스포츠
가평,2025,6,2025-06,28,경기도,가평군,에델바이스스위스테마파크,751,가평 2025_06.csv,문화관광,테마공원
가평,2025,6,2025-06,29,경기도,가평군,산장관광지,726,가평 2025_06.csv,문화관광,복합관광시설
가평,2025,6,2025-06,30,경기도,가평군,청평호반드라이브코스,696,가평 2025_06.csv,기타관광,데이트코스
가평,2025,6,2025-06,31,경기도,가평군,남도꽃정원,686,가평 2025_06.csv,문화관광,도시공원
가평,2025,6,2025-06,32,경기도,가평군,K26잠수풀,651,가평 2025_06.csv,레저스포츠,수상레저스포츠
가평,2025,6,2025-06,33,경기도,가평군,칼봉산자연휴양림,640,가평 2025_06.csv,자연관광,자연공원
가평,2025,6,2025-06,34,경기도,가평군,호명호수,619,가평 2025_06.csv,자연관광,자연경관(하천/해양)
가평,2025,6,2025-06,35,경기도,가평군,녹수계곡,595,가평 2025_06.csv,자연관광,자연경관(산)
가평,2025,6,2025-06,36,경기도,가평군,가평크루즈,555,가평 2025_06.csv,레저스포츠,기타레저스포츠
가평,2025,6,2025-06,37,경기도,가평군,청평자연휴양림,535,가평 2025_06.csv,자연관광,자연공원
가평,2025,6,2025-06,38,경기도,가평군,강씨봉자연휴양림,505,가평 2025_06.csv,자연관광,자연공원
가평,2025,6,2025-06,39,경기도,가평군,설악시외버스터미널,485,가평 2025_06.csv,기타관광,교통시설
가평,2025,6,2025-06,40,경기도,가평군,음악역1939,443,가평 2025_06.csv,문화관광,기타문화관광지
가평,2025,6,2025-06,41,경기도,가평군,어비계곡,424,가평 2025_06.csv,자연관광,자연경관(산)
가평,2025,6,2025-06,41,경기도,가평군,한국초콜릿연구소뮤지엄,424,가평 2025_06.csv,문화관광,전시시설
가평,2025,6,2025-06,43,경기도,가평군,청심국제청소년수련원,396,가평 2025_06.csv,레저스포츠,육상레저스포츠
가평,2025,6,2025-06,44,경기도,가평군,도장골낚시터,393,가평 2025_06.csv,레저스포츠,수상레저스포츠
가평,2025,6,2025-06,45,경기도,가평군,청평호,380,가평 2025_06.csv,자연관광,자연경관(하천/해양)
가평,2025,6,2025-06,46,경기도,가평군,현등사,372,가평 2025_06.csv,역사관광,종교성지
가평,2025,6,2025-06,47,경기도,가평군,가평별빛정원,351,가평 2025_06.csv,문화관광,도시공원
가평,2025,6,2025-06,48,경기도,가평군,잣고을전통시장,348,가평 2025_06.csv,쇼핑,시장
가평,2025,6,2025-06,49,경기도,가평군,캠프통아일랜드,346,가평 2025_06.csv,레저스포츠,수상레저스포츠
가평,2025,6,2025-06,50,경기도,가평군,운악산출렁다리,345,가평 2025_06.csv,기타관광,기타관광
가평,2025,6,2025-06,50,경기도,가평군,꿈의동산,345,가평 2025_06.csv,문화관광,복합관광시설
가평,2025,6,2025-06,52,경기도,가평군,호명호수공원,325,가평 2025_06.csv,문화관광,도시공원
가평,2025,6,2025-06,53,경기도,가평군,가평군어린이음악놀이터,318,가평 2025_06.csv,문화관광,테마공원
가평,2025,6,2025-06,54,경기도,가평군,청심평화월드센터,315,가평 2025_06.csv,문화관광,공연시설
가평,2025,6,2025-06,55,경기도,가평군,가평TOP랜드,312,가평 2025_06.csv,레저스포츠,수상레저스포츠
가평,2025,6,2025-06,56,경기도,가평군,르푸앙수상레져,309,가평 2025_06.csv,레저스포츠,수상레저스포츠
가평,2025,6,2025-06,57,경기도,가평군,청평생활체육공원,307,가평 2025_06.csv,문화관광,도시공원
가평,2025,6,2025-06,58,경기도,가평군,가평빠지클럽비발디,298,가평 2025_06.csv,레저스포츠,수상레저스포츠
가평,2025,6,2025-06,59,경기도,가평군,백련사,296,가평 2025_06.csv,역사관광,종교성지
가평,2025,6,2025-06,60,경기도,가평군,이탈리아마을 피노키오와다빈치,287,가평 2025_06.csv,문화관광,복합관광시설
가평,2025,6,2025-06,61,경기도,가평군,대성리국민관광지,286,가평 2025_06.csv,문화관광,복합관광시설
가평,2025,6,2025-06,62,경기도,가평군,모비딕수상레저,277,가평 2025_06.csv,레저스포츠,수상레저스포츠
가평,2025,6,2025-06,63,경기도,가평군,가평브릿지짚라인,273,가평 2025_06.csv,레저스포츠,기타레저스포츠
가평,2025,6,2025-06,64,경기도,가평군,더스테이힐링파크링스파3골프장,258,가평 2025_06.csv,레저스포츠,육상레저스포츠
가평,2025,6,2025-06,65,경기도,가평군,명지계곡,253,가평 2025_06.csv,자연관광,자연경관(산)
가평,2025,6,2025-06,66,경기도,가평군,아루바수상레저,247,가평 2025_06.csv,레저스포츠,기타레저스포츠
가평,2025,6,2025-06,67,경기도,가평군,도대리용소폭포,246,가평 2025_06.csv,자연관광,자연경관(산)
가평,2025,6,2025-06,68,경기도,가평군,아침고요수국전시회,224,가평 2025_06.csv,문화관광,기타문화관광지
가평,2025,6,2025-06,69,경기도,가평군,서울특별시교육청학생교육원대성리교육원,222,가평 2025_06.csv,체험관광,체험관광기타
가평,2025,6,2025-06,70,경기도,가평군,대원사,217,가평 2025_06.csv,역사관광,종교성지
가평,2025,6,2025-06,71,경기도,가평군,자이언트수상레저리조트,216,가평 2025_06.csv,레저스포츠,수상레저스포츠
가평,2025,6,2025-06,72,경기도,가평군,마린파크수상레저,211,가평 2025_06.csv,레저스포츠,수상레저스포츠
가평,2025,6,2025-06,73,경기도,가평군,가평빠지아마존수상레저,209,가평 2025_06.csv,레저스포츠,수상레저스포츠
가평,2025,6,2025-06,74,경기도,가평군,아이언수상레저,207,가평 2025_06.csv,레저스포츠,기타레저스포츠
가평,2025,6,2025-06,75,경기도,가평군,용소폭포,205,가평 2025_06.csv,자연관광,자연경관(산)
가평,2025,6,2025-06,76,경기도,가평군,W홀스랜드,203,가평 2025_06.csv,레저스포츠,육상레저스포츠
가평,2025,6,2025-06,77,경기도,가평군,청평5일시장,202,가평 2025_06.csv,쇼핑,시장
가평,2025,6,2025-06,78,경기도,가평군,가평정기5일시장,194,가평 2025_06.csv,쇼핑,시장
가평,2025,6,2025-06,79,경기도,가평군,서울특별시교육청학생교육원본원,189,가평 2025_06.csv,체험관광,체험관광기타
가평,2025,6,2025-06,80,경기도,가평군,가일미술관,185,가평 2025_06.csv,문화관광,전시시설
가평,2025,6,2025-06,81,경기도,가평군,가평빠지리버포인트수상레저,178,가평 2025_06.csv,레저스포츠,수상레저스포츠
가평,2025,6,2025-06,82,경기도,가평군,조무락계곡,177,가평 2025_06.csv,자연관광,자연경관(산)
가평,2025,6,2025-06,83,경기도,가평군,천정궁박물관,176,가평 2025_06.csv,문화관광,전시시설
가평,2025,6,2025-06,84,경기도,가평군,자라섬출렁다리,175,가평 2025_06.csv,기타관광,기타관광
가평,2025,6,2025-06,85,경기도,가평군,이화원,173,가평 2025_06.csv,문화관광,도시공원
가평,2025,6,2025-06,86,경기도,가평군,탑코리아수상레저,167,가평 2025_06.csv,레저스포츠,수상레저스포츠
가평,2025,6,2025-06,87,경기도,가평군,행복축구전용구장,164,가평 2025_06.csv,문화관광,레저스포츠시설
가평,2025,6,2025-06,88,경기도,가평군,리버랜드번지점프장,163,가평 2025_06.csv,레저스포츠,육상레저스포츠
가평,2025,6,2025-06,88,경기도,가평군,산림생태문화체험단지,163,가평 2025_06.csv,기타관광,기타관광
가평,2025,6,2025-06,90,경기도,가평군,바하마수상레포츠,157,가평 2025_06.csv,레저스포츠,수상레저스포츠
가평,2025,6,2025-06,91,경기도,가평군,유명산,146,가평 2025_06.csv,자연관광,자연경관(산)
가평,2025,6,2025-06,92,경기도,가평군,가평수목원,145,가평 2025_06.csv,자연관광,자연공원
가평,2025,6,2025-06,93,경기도,가평군,워터플레이,143,가평 2025_06.csv,레저스포츠,수상레저스포츠
가평,2025,6,2025-06,94,경기도,가평군,경기도잣향기푸른숲안내매표소,142,가평 2025_06.csv,기타관광,기타관광
가평,2025,6,2025-06,95,경기도,가평군,조종시네마,137,가평 2025_06.csv,문화관광,공연시설
가평,2025,6,2025-06,96,경기도,가평군,가평빠지이비자수상레저,134,가평 2025_06.csv,레저스포츠,수상레저스포츠
가평,2025,6,2025-06,97,경기도,가평군,서프앤,133,가평 2025_06.csv,레저스포츠,수상레저스포츠
가평,2025,6,2025-06,98,경기도,가평군,운악산,131,가평 2025_06.csv,자연관광,자연경관(산)
가평,2025,6,2025-06,99,경기도,가평군,북면생활체육공원,128,가평 2025_06.csv,문화관광,도시공원
가평,2025,6,2025-06,100,경기도,가평군,하이수상레저이비자1호점,127,가평 2025_06.csv,레저스포츠,수상레저스포츠
가평,2025,6,2025-06,101,경기도,가평군,크라운수상레저,125,가평 2025_06.csv,레저스포츠,수상레저스포츠
가평,2025,6,2025-06,102,경기도,가평군,호수유원지,121,가평 2025_06.csv,기타관광,기타관광
가평,2025,6,2025-06,103,경기도,가평군,삼원수상레저,120,가평 2025_06.csv,레저스포츠,기타레저스포츠
가평,2025,6,2025-06,104,경기도,가평군,물조은빠지,116,가평 2025_06.csv,레저스포츠,수상레저스포츠
가평,2025,6,2025-06,104,경기도,가평군,토마토레저파크,116,가평 2025_06.csv,레저스포츠,기타레저스포츠
가평,2025,6,2025-06,106,경기도,가평군,목동버스터미널,114,가평 2025_06.csv,기타관광,교통시설
가평,2025,6,2025-06,107,경기도,가평군,스카이라인짚와이어,112,가평 2025_06.csv,문화관광,복합관광시설
가평,2025,6,2025-06,107,경기도,가평군,수영인의마을,112,가평 2025_06.csv,레저스포츠,수상레저스포츠
가평,2025,6,2025-06,107,경기도,가평군,모험의시작,112,가평 2025_06.csv,레저스포츠,수상레저스포츠
가평,2025,6,2025-06,110,경기도,가평군,연인산명품계곡길,111,가평 2025_06.csv,레저스포츠,기타레저스포츠
가평,2025,6,2025-06,110,경기도,가평군,헤이븐,111,가평 2025_06.csv,레저스포츠,수상레저스포츠
가평,2025,6,2025-06,110,경기도,가평군,스마일수상레저,111,가평 2025_06.csv,레저스포츠,수상레저스포츠
가평,2025,6,2025-06,113,경기도,가평군,베니스수상레저,109,가평 2025_06.csv,레저스포츠,수상레저스포츠
가평,2025,6,2025-06,113,경기도,가평군,화악산,109,가평 2025_06.csv,자연관광,자연경관(산)
가평,2025,6,2025-06,115,경기도,가평군,호명산드라이브코스,108,가평 2025_06.csv,기타관광,데이트코스
가평,2025,6,2025-06,116,경기도,가평군,마린보이수상레저,105,가평 2025_06.csv,레저스포츠,수상레저스포츠
가평,2025,6,2025-06,117,경기도,가평군,현리유원지,104,가평 2025_06.csv,문화관광,복합관광시설
가평,2025,6,2025-06,118,경기도,가평군,청평유원지,103,가평 2025_06.csv,문화관광,복합관광시설
가평,2025,6,2025-06,119,경기도,가평군,선셋740,102,가평 2025_06.csv,레저스포츠,수상레저스포츠
가평,2025,6,2025-06,120,경기도,가평군,이지수상레져,101,가평 2025_06.csv,레저스포츠,기타레저스포츠
가평,2025,6,2025-06,120,경기도,가평군,자라섬생태공원,101,가평 2025_06.csv,문화관광,도시공원
가평,2025,6,2025-06,122,경기도,가평군,설악생활체육공원,98,가평 2025_06.csv,문화관광,도시공원
가평,2025,6,2025-06,123,경기도,가평군,설악5일장,96,가평 2025_06.csv,쇼핑,시장
가평,2025,6,2025-06,124,경기도,가평군,조종천계곡,95,가평 2025_06.csv,자연관광,자연경관(산)
가평,2025,6,2025-06,125,경기도,가평군,자라섬워터파크,94,가평 2025_06.csv,문화관광,테마공원
가평,2025,6,2025-06,126,경기도,가평군,마린컴퍼니클럽,93,가평 2025_06.csv,레저스포츠,수상레저스포츠
가평,2025,6,2025-06,126,경기도,가평군,말리부수상레저,93,가평 2025_06.csv,레저스포츠,수상레저스포츠
가평,2025,6,2025-06,128,경기도,가평군,달마공원관음사,88,가평 2025_06.csv,역사관광,종교성지
가평,2025,6,2025-06,129,경기도,가평군,청평여울시장,87,가평 2025_06.csv,쇼핑,시장
가평,2025,6,2025-06,130,경기도,가평군,희망축구전용구장,86,가평 2025_06.csv,문화관광,레저스포츠시설
가평,2025,6,2025-06,131,경기도,가평군,버드마리나수상레저,84,가평 2025_06.csv,레저스포츠,기타레저스포츠
가평,2025,6,2025-06,131,경기도,가평군,맨하탄수상레져,84,가평 2025_06.csv,레저스포츠,수상레저스포츠
가평,2025,6,2025-06,133,경기도,가평군,떡바위유원지,81,가평 2025_06.csv,문화관광,복합관광시설
가평,2025,6,2025-06,133,경기도,가평군,화악계곡,81,가평 2025_06.csv,자연관광,자연경관(산)
가평,2025,6,2025-06,135,경기도,가평군,연인산,80,가평 2025_06.csv,자연관광,자연경관(산)
가평,2025,6,2025-06,136,경기도,가평군,별비치워터파크,79,가평 2025_06.csv,문화관광,테마공원
가평,2025,6,2025-06,137,경기도,가평군,클럽이글스수상레저,78,가평 2025_06.csv,레저스포츠,기타레저스포츠
가평,2025,6,2025-06,138,경기도,가평군,상천낚시터,75,가평 2025_06.csv,레저스포츠,수상레저스포츠
가평,2025,6,2025-06,139,경기도,가평군,빠져수상레저,73,가평 2025_06.csv,레저스포츠,수상레저스포츠
가평,2025,6,2025-06,139,경기도,가평군,소풍레저,73,가평 2025_06.csv,레저스포츠,수상레저스포츠
가평,2025,6,2025-06,141,경기도,가평군,레인보우수상레저,72,가평 2025_06.csv,레저스포츠,수상레저스포츠
가평,2025,6,2025-06,141,경기도,가평군,가평레져카트장,72,가평 2025_06.csv,레저스포츠,기타레저스포츠
가평,2025,6,2025-06,143,경기도,가평군,바우유원지,71,가평 2025_06.csv,문화관광,복합관광시설
가평,2025,6,2025-06,144,경기도,가평군,청평호수길,70,가평 2025_06.csv,기타관광,기타관광
가평,2025,6,2025-06,144,경기도,가평군,가평군 설악면 초롱이둥지마을,70,가평 2025_06.csv,역사관광,역사유적지
가평,2025,6,2025-06,144,경기도,가평군,엘혜윰의정원,70,가평 2025_06.csv,레저스포츠,육상레저스포츠
가평,2025,6,2025-06,147,경기도,가평군,가평축령산잣나무숲,68,가평 2025_06.csv,자연관광,자연공원
가평,2025,6,2025-06,147,경기도,가평군,가평썸머플레이스,68,가평 2025_06.csv,레저스포츠,수상레저스포츠
가평,2025,6,2025-06,147,경기도,가평군,항아리바위계곡,68,가평 2025_06.csv,자연관광,자연경관(산)
가평,2025,6,2025-06,150,경기도,가평군,썸머타임수상레저,67,가평 2025_06.csv,레저스포츠,수상레저스포츠
가평,2025,6,2025-06,150,경기도,가평군,대성수상레저,67,가평 2025_06.csv,레저스포츠,수상레저스포츠
가평,2025,6,2025-06,152,경기도,가평군,운악산관음사,66,가평 2025_06.csv,역사관광,종교성지
가평,2025,6,2025-06,152,경기도,가평군,명지산생태전시관,66,가평 2025_06.csv,문화관광,전시시설
가평,2025,6,2025-06,154,경기도,가평군,아레나수상레저,65,가평 2025_06.csv,레저스포츠,수상레저스포츠
가평,2025,6,2025-06,155,경기도,가평군,유명산계곡,64,가평 2025_06.csv,자연관광,자연경관(산)
가평,2025,6,2025-06,156,경기도,가평군,씨브이리조트,63,가평 2025_06.csv,레저스포츠,수상레저스포츠
가평,2025,6,2025-06,156,경기도,가평군,클럽미사수상레저,63,가평 2025_06.csv,레저스포츠,수상레저스포츠
가평,2025,6,2025-06,156,경기도,가평군,가평이음터,63,가평 2025_06.csv,문화관광,기타문화관광지
가평,2025,6,2025-06,159,경기도,가평군,가평사계절썰매장,62,가평 2025_06.csv,레저스포츠,육상레저스포츠
가평,2025,6,2025-06,159,경기도,가평군,신청평대교야구장,62,가평 2025_06.csv,문화관광,레저스포츠시설
가평,2025,6,2025-06,159,경기도,가평군,상면생활체육공원,62,가평 2025_06.csv,문화관광,도시공원
가평,2025,6,2025-06,162,경기도,가평군,어거스트수상레저,60,가평 2025_06.csv,레저스포츠,수상레저스포츠
가평,2025,6,2025-06,163,경기도,가평군,룰루마린수상레저,59,가평 2025_06.csv,레저스포츠,수상레저스포츠
가평,2025,6,2025-06,163,경기도,가평군,현리계곡,59,가평 2025_06.csv,자연관광,자연경관(산)
가평,2025,6,2025-06,165,경기도,가평군,가평에덴벚꽃길,58,가평 2025_06.csv,기타관광,기타관광
가평,2025,6,2025-06,165,경기도,가평군,워터피아수상레저,58,가평 2025_06.csv,레저스포츠,수상레저스포츠
가평,2025,6,2025-06,167,경기도,가평군,가평뮤직빌리지1939시네마,57,가평 2025_06.csv,문화관광,공연시설
가평,2025,6,2025-06,168,경기도,가평군,운악산성불사,56,가평 2025_06.csv,역사관광,종교성지
가평,2025,6,2025-06,169,경기도,가평군,설악생활체육공원축구장,55,가평 2025_06.csv,문화관광,레저스포츠시설
가평,2025,6,2025-06,169,경기도,가평군,웨이크베이리조트,55,가평 2025_06.csv,레저스포츠,기타레저스포츠
가평,2025,6,2025-06,169,경기도,가평군,서울특별시교육청학생교육원글로벌문화언어체험교육원,55,가평 2025_06.csv,체험관광,체험관광기타
가평,2025,6,2025-06,172,경기도,가평군,일지안호범미술관,53,가평 2025_06.csv,문화관광,전시시설
가평,2025,6,2025-06,172,경기도,가평군,조종생활체육공원,53,가평 2025_06.csv,문화관광,도시공원
가평,2025,6,2025-06,172,경기도,가평군,K2수상레져,53,가평 2025_06.csv,레저스포츠,수상레저스포츠
가평,2025,6,2025-06,175,경기도,가평군,산유낚시터,52,가평 2025_06.csv,레저스포츠,수상레저스포츠
가평,2025,6,2025-06,176,경기도,가평군,트니트니어드벤처,50,가평 2025_06.csv,문화관광,테마공원
가평,2025,6,2025-06,176,경기도,가평군,큰골계곡,50,가평 2025_06.csv,자연관광,자연경관(산)
가평,2025,6,2025-06,178,경기도,가평군,오페라하우스수상레저,49,가평 2025_06.csv,레저스포츠,수상레저스포츠
가평,2025,6,2025-06,178,경기도,가평군,뉴돌고래수상레저,49,가평 2025_06.csv,레저스포츠,수상레저스포츠
가평,2025,6,2025-06,180,경기도,가평군,용추계곡유원지,48,가평 2025_06.csv,문화관광,복합관광시설
가평,2025,6,2025-06,181,경기도,가평군,목동근린공원전망대,45,가평 2025_06.csv,문화관광,랜드마크관광
가평,2025,6,2025-06,181,경기도,가평군,가평역레져,45,가평 2025_06.csv,레저스포츠,기타레저스포츠
가평,2025,6,2025-06,183,경기도,가평군,일칠일관광농원,42,가평 2025_06.csv,체험관광,농/산/어촌체험
가평,2025,6,2025-06,183,경기도,가평군,가평무브베이스볼파크,42,가평 2025_06.csv,문화관광,레저스포츠시설
가평,2025,6,2025-06,185,경기도,가평군,경반계곡,41,가평 2025_06.csv,자연관광,자연경관(산)
가평,2025,6,2025-06,186,경기도,가평군,루시아수상레저,40,가평 2025_06.csv,레저스포츠,수상레저스포츠
가평,2025,6,2025-06,187,경기도,가평군,호명산,39,가평 2025_06.csv,자연관광,자연경관(산)
가평,2025,6,2025-06,188,경기도,가평군,삼회리벚꽃길,38,가평 2025_06.csv,기타관광,데이트코스
가평,2025,6,2025-06,188,경기도,가평군,흥국사,38,가평 2025_06.csv,역사관광,종교성지
가평,2025,6,2025-06,188,경기도,가평군,연인산도립공원탐방안내소,38,가평 2025_06.csv,기타관광,기타관광
가평,2025,6,2025-06,191,경기도,가평군,팀더블유,37,가평 2025_06.csv,레저스포츠,기타레저스포츠
가평,2025,6,2025-06,191,경기도,가평군,가평현리5일장,37,가평 2025_06.csv,쇼핑,시장
가평,2025,6,2025-06,191,경기도,가평군,가마소유원지,37,가평 2025_06.csv,문화관광,복합관광시설
가평,2025,6,2025-06,191,경기도,가평군,레저캠프,37,가평 2025_06.csv,레저스포츠,기타레저스포츠
가평,2025,6,2025-06,195,경기도,가평군,노랑다리미술관,36,가평 2025_06.csv,문화관광,전시시설
가평,2025,6,2025-06,195,경기도,가평군,건전한레저,36,가평 2025_06.csv,레저스포츠,수상레저스포츠
가평,2025,6,2025-06,197,경기도,가평군,가람유원지,35,가평 2025_06.csv,문화관광,복합관광시설
가평,2025,6,2025-06,198,경기도,가평군,포세이돈,34,가평 2025_06.csv,레저스포츠,수상레저스포츠
가평,2025,6,2025-06,199,경기도,가평군,자연과별천문대,33,가평 2025_06.csv,기타관광,기타관광
가평,2025,6,2025-06,199,경기도,가평군,금개울유원지,33,가평 2025_06.csv,문화관광,복합관광시설
가평,2025,6,2025-06,201,경기도,가평군,폭포낚시,32,가평 2025_06.csv,레저스포츠,수상레저스포츠
가평,2025,6,2025-06,202,경기도,가평군,청평암,31,가평 2025_06.csv,역사관광,종교성지
가평,2025,6,2025-06,202,경기도,가평군,크리스월드수상레저,31,가평 2025_06.csv,레저스포츠,수상레저스포츠
가평,2025,6,2025-06,204,경기도,가평군,청평계곡,30,가평 2025_06.csv,자연관광,자연경관(산)
가평,2025,6,2025-06,204,경기도,가평군,태은사,30,가평 2025_06.csv,역사관광,종교성지
가평,2025,6,2025-06,206,경기도,가평군,상천루,28,가평 2025_06.csv,문화관광,도시공원
가평,2025,6,2025-06,207,경기도,가평군,색현터널,27,가평 2025_06.csv,기타관광,기타관광
가평,2025,6,2025-06,207,경기도,가평군,라인수상레저,27,가평 2025_06.csv,레저스포츠,수상레저스포츠
가평,2025,6,2025-06,207,경기도,가평군,용소유원지,27,가평 2025_06.csv,문화관광,복합관광시설
가평,2025,6,2025-06,210,경기도,가평군,송학포유원지,26,가평 2025_06.csv,문화관광,복합관광시설
가평,2025,6,2025-06,211,경기도,가평군,취옹예술관,25,가평 2025_06.csv,문화관광,전시시설
가평,2025,6,2025-06,212,경기도,가평군,청평첫집,24,가평 2025_06.csv,레저스포츠,수상레저스포츠
가평,2025,6,2025-06,212,경기도,가평군,이정웅스페이스,24,가평 2025_06.csv,문화관광,전시시설
가평,2025,6,2025-06,214,경기도,가평군,아토믹워터파크,23,가평 2025_06.csv,문화관광,테마공원
가평,2025,6,2025-06,214,경기도,가평군,대성리계곡,23,가평 2025_06.csv,자연관광,자연경관(산)
가평,2025,6,2025-06,216,경기도,가평군,용문산전투가평지구전적비,22,가평 2025_06.csv,역사관광,역사유물
가평,2025,6,2025-06,216,경기도,가평군,현등사계곡,22,가평 2025_06.csv,자연관광,자연경관(산)
가평,2025,6,2025-06,216,경기도,가평군,청평리버랜드수상레저,22,가평 2025_06.csv,문화관광,복합관광시설
가평,2025,6,2025-06,216,경기도,가평군,북배산흑염소농장,22,가평 2025_06.csv,체험관광,농/산/어촌체험
가평,2025,6,2025-06,216,경기도,가평군,성운사,22,가평 2025_06.csv,역사관광,종교성지
가평,2025,6,2025-06,221,경기도,가평군,청춘역1979,21,가평 2025_06.csv,문화관광,도시공원
가평,2025,6,2025-06,221,경기도,가평군,불기고개,21,가평 2025_06.csv,자연관광,자연경관(산)
가평,2025,6,2025-06,223,경기도,가평군,마린랜드,20,가평 2025_06.csv,레저스포츠,수상레저스포츠
가평,2025,6,2025-06,224,경기도,가평군,에덴야구장,19,가평 2025_06.csv,문화관광,레저스포츠시설
가평,2025,6,2025-06,224,경기도,가평군,가평하늘커피농장,19,가평 2025_06.csv,체험관광,농/산/어촌체험
가평,2025,6,2025-06,224,경기도,가평군,가평 수상레저 바이킹 빠지,19,가평 2025_06.csv,레저스포츠,수상레저스포츠
가평,2025,6,2025-06,227,경기도,가평군,청평유원지,18,가평 2025_06.csv,문화관광,복합관광시설
가평,2025,6,2025-06,228,경기도,가평군,남송미술관,17,가평 2025_06.csv,문화관광,전시시설
가평,2025,6,2025-06,228,경기도,가평군,청평스포랜드번지점프장,17,가평 2025_06.csv,레저스포츠,육상레저스포츠
가평,2025,6,2025-06,228,경기도,가평군,청평페리유람선,17,가평 2025_06.csv,기타관광,교통시설
가평,2025,6,2025-06,231,경기도,가평군,설악낚시터,16,가평 2025_06.csv,레저스포츠,수상레저스포츠
가평,2025,6,2025-06,231,경기도,가평군,청평산장유원지,16,가평 2025_06.csv,문화관광,복합관광시설
가평,2025,6,2025-06,233,경기도,가평군,대성리벚꽃길,14,가평 2025_06.csv,기타관광,기타관광
가평,2025,6,2025-06,233,경기도,가평군,킹웨이크서프스쿨,14,가평 2025_06.csv,레저스포츠,수상레저스포츠
가평,2025,6,2025-06,233,경기도,가평군,그린수상레져,14,가평 2025_06.csv,레저스포츠,수상레저스포츠
가평,2025,6,2025-06,233,경기도,가평군,유명산휴양림관리소,14,가평 2025_06.csv,자연관광,자연공원
가평,2025,6,2025-06,233,경기도,가평군,청룡사,14,가평 2025_06.csv,역사관광,종교성지
가평,2025,6,2025-06,233,경기도,가평군,귀목계곡,14,가평 2025_06.csv,자연관광,자연경관(산)
가평,2025,6,2025-06,233,경기도,가평군,썸머드림,14,가평 2025_06.csv,레저스포츠,수상레저스포츠
가평,2025,6,2025-06,233,경기도,가평군,청심실내체육관,14,가평 2025_06.csv,레저스포츠,기타레저스포츠
가평,2025,6,2025-06,241,경기도,가평군,한국바이에른식육학교,13,가평 2025_06.csv,체험관광,체험관광기타
가평,2025,6,2025-06,241,경기도,가평군,백둔계곡,13,가평 2025_06.csv,자연관광,자연경관(산)
가평,2025,6,2025-06,241,경기도,가평군,청오사,13,가평 2025_06.csv,역사관광,종교성지
가평,2025,6,2025-06,241,경기도,가평군,수풀로삼회리,13,가평 2025_06.csv,문화관광,도시공원
가평,2025,6,2025-06,241,경기도,가평군,화야산큰골마을등산로,13,가평 2025_06.csv,자연관광,자연경관(산)
가평,2025,6,2025-06,241,경기도,가평군,물의나라유원지,13,가평 2025_06.csv,문화관광,복합관광시설
가평,2025,6,2025-06,241,경기도,가평군,대성낚시터,13,가평 2025_06.csv,레저스포츠,수상레저스포츠
가평,2025,6,2025-06,241,경기도,가평군,유럽동화나라축제,13,가평 2025_06.csv,문화관광,기타문화관광지
가평,2025,6,2025-06,241,경기도,가평군,청호수상레저,13,가평 2025_06.csv,레저스포츠,수상레저스포츠
가평,2025,6,2025-06,241,경기도,가평군,가평리틀야구장,13,가평 2025_06.csv,문화관광,레저스포츠시설
가평,2025,6,2025-06,251,경기도,가평군,운악산용수사,12,가평 2025_06.csv,역사관광,종교성지
가평,2025,6,2025-06,251,경기도,가평군,자라섬황톳길,12,가평 2025_06.csv,레저스포츠,기타레저스포츠
가평,2025,6,2025-06,253,경기도,가평군,청정낚시터,11,가평 2025_06.csv,레저스포츠,수상레저스포츠
가평,2025,6,2025-06,253,경기도,가평군,가평군 상면 조가터마을,11,가평 2025_06.csv,문화관광,도시/지역문화관광
가평,2025,6,2025-06,255,경기도,가평군,이뜨랜수상레저,10,가평 2025_06.csv,레저스포츠,수상레저스포츠
가평,2025,6,2025-06,255,경기도,가평군,은행나무낚시공원,10,가평 2025_06.csv,레저스포츠,수상레저스포츠
가평,2025,6,2025-06,255,경기도,가평군,호국연호사,10,가평 2025_06.csv,역사관광,종교성지
가평,2025,6,2025-06,255,경기도,가평군,클럽펀,10,가평 2025_06.csv,레저스포츠,수상레저스포츠
가평,2025,6,2025-06,255,경기도,가평군,팀어거스트,10,가평 2025_06.csv,레저스포츠,수상레저스포츠
가평,2025,6,2025-06,255,경기도,가평군,선어치,10,가평 2025_06.csv,자연관광,자연경관(산)
가평,2025,6,2025-06,255,경기도,가평군,보납산전망대,10,가평 2025_06.csv,문화관광,랜드마크관광
가평,2025,6,2025-06,255,경기도,가평군,상락향수도원,10,가평 2025_06.csv,역사관광,종교성지
가평,2025,6,2025-06,255,경기도,가평군,자라섬야외수영장,10,가평 2025_06.csv,문화관광,테마공원
가평,2025,6,2025-06,264,경기도,가평군,항아리바위유원지,9,가평 2025_06.csv,기타관광,기타관광
가평,2025,6,2025-06,264,경기도,가평군,더스테이힐링파크와일드가든,9,가평 2025_06.csv,문화관광,도시공원
가평,2025,6,2025-06,264,경기도,가평군,성주사,9,가평 2025_06.csv,역사관광,종교성지
가평,2025,6,2025-06,267,경기도,가평군,대성리국민관광지관광안내소,8,가평 2025_06.csv,기타관광,기타관광
가평,2025,6,2025-06,267,경기도,가평군,축령사,8,가평 2025_06.csv,역사관광,종교성지
가평,2025,6,2025-06,267,경기도,가평군,탐선계곡유원지,8,가평 2025_06.csv,문화관광,복합관광시설
가평,2025,6,2025-06,267,경기도,가평군,청평생태공원,8,가평 2025_06.csv,문화관광,도시공원
가평,2025,6,2025-06,267,경기도,가평군,울업산,8,가평 2025_06.csv,자연관광,자연경관(산)
가평,2025,6,2025-06,267,경기도,가평군,미국한국전쟁참전기념비,8,가평 2025_06.csv,역사관광,역사유물
가평,2025,6,2025-06,273,경기도,가평군,무아레풀무아레,7,가평 2025_06.csv,문화관광,테마공원
가평,2025,6,2025-06,273,경기도,가평군,M4서바이벌사격게임장,7,가평 2025_06.csv,레저스포츠,육상레저스포츠
가평,2025,6,2025-06,273,경기도,가평군,이천보고가,7,가평 2025_06.csv,역사관광,역사유적지
가평,2025,6,2025-06,273,경기도,가평군,연화세계,7,가평 2025_06.csv,역사관광,종교성지
가평,2025,6,2025-06,273,경기도,가평군,유스토리청소년수련원,7,가평 2025_06.csv,레저스포츠,육상레저스포츠
가평,2025,6,2025-06,273,경기도,가평군,안골계곡,7,가평 2025_06.csv,자연관광,자연경관(산)
가평,2025,6,2025-06,273,경기도,가평군,수동목장,7,가평 2025_06.csv,체험관광,농/산/어촌체험
가평,2025,6,2025-06,273,경기도,가평군,가평군 설악면 은혜마을,7,가평 2025_06.csv,역사관광,역사유적지
가평,2025,6,2025-06,273,경기도,가평군,에덴벚꽃길,7,가평 2025_06.csv,레저스포츠,기타레저스포츠
가평,2025,6,2025-06,273,경기도,가평군,가평문화창작공간얼쑤공장,7,가평 2025_06.csv,문화관광,기타문화관광지
가평,2025,6,2025-06,283,경기도,가평군,장아트갤러리,6,가평 2025_06.csv,문화관광,전시시설
가평,2025,6,2025-06,283,경기도,가평군,HJ매그놀리아멋집,6,가평 2025_06.csv,문화관광,기타문화관광지
가평,2025,6,2025-06,283,경기도,가평군,운악사슴농장,6,가평 2025_06.csv,체험관광,농/산/어촌체험
가평,2025,6,2025-06,283,경기도,가평군,경기둘레길가평19코스,6,가평 2025_06.csv,레저스포츠,기타레저스포츠
가평,2025,6,2025-06,283,경기도,가평군,아침고요체험살피꽃다방,6,가평 2025_06.csv,레저스포츠,기타레저스포츠
가평,2025,6,2025-06,283,경기도,가평군,자라섬관광안내소,6,가평 2025_06.csv,기타관광,기타관광
가평,2025,6,2025-06,283,경기도,가평군,가평종합운동장야구장,6,가평 2025_06.csv,문화관광,레저스포츠시설
가평,2025,6,2025-06,283,경기도,가평군,조종암,6,가평 2025_06.csv,역사관광,역사유적지
가평,2025,6,2025-06,283,경기도,가평군,가평군 설악면 반딧불마을,6,가평 2025_06.csv,역사관광,역사유적지
가평,2025,6,2025-06,283,경기도,가평군,구원사,6,가평 2025_06.csv,역사관광,종교성지
가평,2025,6,2025-06,283,경기도,가평군,수덕산약수터,6,가평 2025_06.csv,자연관광,자연경관(산)
가평,2025,6,2025-06,283,경기도,가평군,아마란스리조트,6,가평 2025_06.csv,레저스포츠,수상레저스포츠
가평,2025,6,2025-06,283,경기도,가평군,청평자연유원지,6,가평 2025_06.csv,문화관광,복합관광시설
가평,2025,6,2025-06,283,경기도,가평군,애기소계곡,6,가평 2025_06.csv,자연관광,자연경관(산)
가평,2025,6,2025-06,283,경기도,가평군,클럽에덴수상레져타운,6,가평 2025_06.csv,레저스포츠,수상레저스포츠
가평,2025,6,2025-06,283,경기도,가평군,돌고래수상레저,6,가평 2025_06.csv,레저스포츠,기타레저스포츠
가평,2025,6,2025-06,283,경기도,가평군,클럽나인수상레저,6,가평 2025_06.csv,레저스포츠,수상레저스포츠
가평,2025,6,2025-06,300,경기도,가평군,가평빠지크리스월드수상레저,5,가평 2025_06.csv,레저스포츠,수상레저스포츠
가평,2025,6,2025-06,300,경기도,가평군,현충탑,5,가평 2025_06.csv,역사관광,역사유물
가평,2025,6,2025-06,300,경기도,가평군,지산수상레저,5,가평 2025_06.csv,레저스포츠,수상레저스포츠
가평,2025,6,2025-06,300,경기도,가평군,가평낚시터,5,가평 2025_06.csv,레저스포츠,수상레저스포츠
가평,2025,6,2025-06,304,경기도,가평군,수궁유원지,4,가평 2025_06.csv,문화관광,복합관광시설
가평,2025,6,2025-06,304,경기도,가평군,타자가평수상레저,4,가평 2025_06.csv,레저스포츠,기타레저스포츠
가평,2025,6,2025-06,304,경기도,가평군,리버빌수상레저타운,4,가평 2025_06.csv,레저스포츠,수상레저스포츠
가평,2025,6,2025-06,304,경기도,가평군,갤러리1582,4,가평 2025_06.csv,문화관광,전시시설
가평,2025,6,2025-06,304,경기도,가평군,해든공방,4,가평 2025_06.csv,체험관광,공예체험
가평,2025,6,2025-06,304,경기도,가평군,영안청소년수련원,4,가평 2025_06.csv,레저스포츠,육상레저스포츠
가평,2025,6,2025-06,304,경기도,가평군,몽덕산,4,가평 2025_06.csv,자연관광,자연경관(산)
가평,2025,6,2025-06,304,경기도,가평군,연인산용추구곡방면,4,가평 2025_06.csv,자연관광,자연경관(산)
가평,2025,6,2025-06,304,경기도,가평군,운담사,4,가평 2025_06.csv,역사관광,종교성지
가평,2025,6,2025-06,304,경기도,가평군,하천리생활체육공원,4,가평 2025_06.csv,문화관광,도시공원
가평,2025,6,2025-06,304,경기도,가평군,두밀리낚시터,4,가평 2025_06.csv,레저스포츠,수상레저스포츠
가평,2025,6,2025-06,304,경기도,가평군,상천저수지,4,가평 2025_06.csv,자연관광,자연경관(하천/해양)
가평,2025,6,2025-06,304,경기도,가평군,명지계곡유원지,4,가평 2025_06.csv,문화관광,복합관광시설
가평,2025,6,2025-06,304,경기도,가평군,중봉,4,가평 2025_06.csv,자연관광,자연경관(산)
가평,2025,6,2025-06,304,경기도,가평군,해바라기유원지,4,가평 2025_06.csv,문화관광,복합관광시설
가평,2025,6,2025-06,304,경기도,가평군,호명산호명리등산로입구,4,가평 2025_06.csv,기타관광,기타관광
가평,2025,6,2025-06,304,경기도,가평군,화야산,4,가평 2025_06.csv,자연관광,자연경관(산)
가평,2025,6,2025-06,304,경기도,가평군,마리서프,4,가평 2025_06.csv,레저스포츠,수상레저스포츠
가평,2025,6,2025-06,304,경기도,가평군,자라섬리버마켓,4,가평 2025_06.csv,쇼핑,시장
가평,2025,6,2025-06,304,경기도,가평군,가람농원,4,가평 2025_06.csv,체험관광,농/산/어촌체험
가평,2025,6,2025-06,304,경기도,가평군,이시스수상레저,4,가평 2025_06.csv,레저스포츠,수상레저스포츠
가평,2025,6,2025-06,304,경기도,가평군,남이섬어쿠스틱청춘페스티벌,4,가평 2025_06.csv,문화관광,기타문화관광지
가평,2025,6,2025-06,304,경기도,가평군,김중식미술관,4,가평 2025_06.csv,문화관광,전시시설
가평,2025,6,2025-06,304,경기도,가평군,가평군 가평읍 점말부락,4,가평 2025_06.csv,문화관광,도시/지역문화관광
가평,2025,6,2025-06,328,경기도,가평군,무당소유원지,3,가평 2025_06.csv,문화관광,복합관광시설
가평,2025,6,2025-06,328,경기도,가평군,이수네유원지,3,가평 2025_06.csv,문화관광,복합관광시설
가평,2025,6,2025-06,328,경기도,가평군,논남유원지,3,가평 2025_06.csv,문화관광,복합관광시설
가평,2025,6,2025-06,328,경기도,가평군,가평레저파크,3,가평 2025_06.csv,레저스포츠,기타레저스포츠
가평,2025,6,2025-06,328,경기도,가평군,이지서프웨이크서핑,3,가평 2025_06.csv,레저스포츠,수상레저스포츠
가평,2025,6,2025-06,328,경기도,가평군,연인산숲놀이터,3,가평 2025_06.csv,문화관광,테마공원
가평,2025,6,2025-06,328,경기도,가평군,뫼오름농원,3,가평 2025_06.csv,체험관광,농/산/어촌체험
가평,2025,6,2025-06,328,경기도,가평군,고고다이노키즈클럽,3,가평 2025_06.csv,문화관광,테마공원
가평,2025,6,2025-06,328,경기도,가평군,양진나루선착장,3,가평 2025_06.csv,기타관광,교통시설
가평,2025,6,2025-06,328,경기도,가평군,이방실장군묘,3,가평 2025_06.csv,역사관광,역사유적지
가평,2025,6,2025-06,328,경기도,가평군,고동산계곡,3,가평 2025_06.csv,자연관광,자연경관(산)
가평,2025,6,2025-06,328,경기도,가평군,겨울연가촬영지,3,가평 2025_06.csv,문화관광,기타문화관광지
가평,2025,6,2025-06,328,경기도,가평군,무주채폭포,3,가평 2025_06.csv,자연관광,자연경관(산)
가평,2025,6,2025-06,328,경기도,가평군,미원정기5일시장,3,가평 2025_06.csv,쇼핑,시장
가평,2025,6,2025-06,328,경기도,가평군,운악산가평현등사방면,3,가평 2025_06.csv,자연관광,자연경관(산)
가평,2025,6,2025-06,328,경기도,가평군,관음사,3,가평 2025_06.csv,역사관광,종교성지
가평,2025,6,2025-06,328,경기도,가평군,보광사,3,가평 2025_06.csv,역사관광,종교성지
가평,2025,6,2025-06,328,경기도,가평군,광법사,3,가평 2025_06.csv,역사관광,종교성지
가평,2025,6,2025-06,328,경기도,가평군,밤나무골유원지,3,가평 2025_06.csv,문화관광,복합관광시설
가평,2025,6,2025-06,328,경기도,가평군,익근리계곡,3,가평 2025_06.csv,자연관광,자연경관(산)
가평,2025,6,2025-06,328,경기도,가평군,황룡뿌리,3,가평 2025_06.csv,체험관광,농/산/어촌체험
가평,2025,6,2025-06,328,경기도,가평군,밤골유원지,3,가평 2025_06.csv,문화관광,복합관광시설
가평,2025,6,2025-06,328,경기도,가평군,SNG CLUB,3,가평 2025_06.csv,레저스포츠,수상레저스포츠
가평,2025,6,2025-06,328,경기도,가평군,우리유원지,3,가평 2025_06.csv,문화관광,복합관광시설
가평,2025,6,2025-06,328,경기도,가평군,설미재미술관,3,가평 2025_06.csv,문화관광,전시시설
가평,2025,6,2025-06,328,경기도,가평군,백자동유원지,3,가평 2025_06.csv,문화관광,복합관광시설
가평,2025,6,2025-06,328,경기도,가평군,적목리신앙공동체유적지,3,가평 2025_06.csv,역사관광,역사유적지
가평,2025,6,2025-06,328,경기도,가평군,가평탑수상레저,3,가평 2025_06.csv,레저스포츠,수상레저스포츠
가평,2025,6,2025-06,328,경기도,가평군,이화여자대학교수목원,3,가평 2025_06.csv,레저스포츠,육상레저스포츠
가평,2025,6,2025-06,328,경기도,가평군,레이크카운티,3,가평 2025_06.csv,레저스포츠,수상레저스포츠
가평,2025,6,2025-06,328,경기도,가평군,플로팅하우스,3,가평 2025_06.csv,레저스포츠,수상레저스포츠
가평,2025,6,2025-06,328,경기도,가평군,본각사,3,가평 2025_06.csv,역사관광,종교성지
가평,2025,6,2025-06,328,경기도,가평군,홍적고개,3,가평 2025_06.csv,자연관광,자연경관(산)
가평,2025,6,2025-06,328,경기도,가평군,가평군 청평면 야밀,3,가평 2025_06.csv,역사관광,역사유적지
가평,2025,6,2025-06,328,경기도,가평군,노채고개,3,가평 2025_06.csv,자연관광,자연경관(산)
가평,2025,6,2025-06,328,경기도,가평군,에덴벚꽃길야외공연장,3,가평 2025_06.csv,문화관광,공연시설
가평,2025,6,2025-06,328,경기도,가평군,조종생활체육공원축구장,3,가평 2025_06.csv,문화관광,레저스포츠시설
가평,2025,6,2025-06,328,경기도,가평군,파로티아워터하우스수상레저,3,가평 2025_06.csv,레저스포츠,수상레저스포츠
가평,2025,6,2025-06,328,경기도,가평군,더스테이힐링파크알파와앵무,3,가평 2025_06.csv,문화관광,테마공원
가평,2025,6,2025-06,328,경기도,가평군,가평군 조종면 행정마을,3,가평 2025_06.csv,역사관광,역사유적지
가평,2025,7,2025-07,1,경기도,가평군,청평역,5900,가평 2025_07.csv,기타관광,교통시설
가평,2025,7,2025-07,2,경기도,가평군,남이섬,5706,가평 2025_07.csv,자연관광,자연경관(하천/해양)
가평,2025,7,2025-07,3,경기도,가평군,썬힐GC,5389,가평 2025_07.csv,레저스포츠,육상레저스포츠
가평,2025,7,2025-07,4,경기도,가평군,유명산자연휴양림,4522,가평 2025_07.csv,자연관광,자연공원
가평,2025,7,2025-07,5,경기도,가평군,가평베네스트GC,4509,가평 2025_07.csv,레저스포츠,육상레저스포츠
가평,2025,7,2025-07,6,경기도,가평군,아난티코드골프클럽,4290,가평 2025_07.csv,레저스포츠,육상레저스포츠
가평,2025,7,2025-07,7,경기도,가평군,남이섬선착장,3833,가평 2025_07.csv,기타관광,교통시설
가평,2025,7,2025-07,8,경기도,가평군,프리스틴밸리GC,3729,가평 2025_07.csv,레저스포츠,육상레저스포츠
가평,2025,7,2025-07,9,경기도,가평군,아침고요수목원,3693,가평 2025_07.csv,문화관광,테마공원
가평,2025,7,2025-07,10,경기도,가평군,크리스탈밸리CC,3229,가평 2025_07.csv,레저스포츠,육상레저스포츠
가평,2025,7,2025-07,11,경기도,가평군,용추계곡,2984,가평 2025_07.csv,자연관광,자연경관(산)
가평,2025,7,2025-07,12,경기도,가평군,베뉴지CC,2832,가평 2025_07.csv,레저스포츠,육상레저스포츠
가평,2025,7,2025-07,13,경기도,가평군,캠프통포레스트,2702,가평 2025_07.csv,레저스포츠,수상레저스포츠
가평,2025,7,2025-07,14,경기도,가평군,신비동물원가평점,2685,가평 2025_07.csv,문화관광,테마공원
가평,2025,7,2025-07,15,경기도,가평군,가평베고니아새정원,2396,가평 2025_07.csv,문화관광,테마공원
가평,2025,7,2025-07,16,경기도,가평군,마이다스밸리청평 골프클럽,2360,가평 2025_07.csv,레저스포츠,육상레저스포츠
가평,2025,7,2025-07,17,경기도,가평군,현리시외버스터미널,2305,가평 2025_07.csv,기타관광,교통시설
가평,2025,7,2025-07,18,경기도,가평군,자라섬,1997,가평 2025_07.csv,자연관광,자연경관(하천/해양)
가평,2025,7,2025-07,19,경기도,가평군,리앤리CC,1781,가평 2025_07.csv,레저스포츠,육상레저스포츠
가평,2025,7,2025-07,20,경기도,가평군,어비계곡,1513,가평 2025_07.csv,자연관광,자연경관(산)
가평,2025,7,2025-07,21,경기도,가평군,쁘띠프랑스,1504,가평 2025_07.csv,문화관광,복합관광시설
가평,2025,7,2025-07,22,경기도,가평군,가평시외버스터미널,1486,가평 2025_07.csv,기타관광,교통시설
가평,2025,7,2025-07,23,경기도,가평군,도대리용소폭포,1291,가평 2025_07.csv,자연관광,자연경관(산)
가평,2025,7,2025-07,24,경기도,가평군,명지계곡,1276,가평 2025_07.csv,자연관광,자연경관(산)
가평,2025,7,2025-07,25,경기도,가평군,경기도잣향기푸른숲,1090,가평 2025_07.csv,자연관광,자연공원
가평,2025,7,2025-07,26,경기도,가평군,청평시외버스터미널,1082,가평 2025_07.csv,기타관광,교통시설
가평,2025,7,2025-07,27,경기도,가평군,조무락계곡,920,가평 2025_07.csv,자연관광,자연경관(산)
가평,2025,7,2025-07,28,경기도,가평군,K26잠수풀,902,가평 2025_07.csv,레저스포츠,수상레저스포츠
가평,2025,7,2025-07,29,경기도,가평군,칼봉산자연휴양림,900,가평 2025_07.csv,자연관광,자연공원
가평,2025,7,2025-07,30,경기도,가평군,용소폭포,884,가평 2025_07.csv,자연관광,자연경관(산)
가평,2025,7,2025-07,31,경기도,가평군,모비딕수상레저,878,가평 2025_07.csv,레저스포츠,수상레저스포츠
가평,2025,7,2025-07,32,경기도,가평군,가평파크골프장,817,가평 2025_07.csv,레저스포츠,육상레저스포츠
가평,2025,7,2025-07,33,경기도,가평군,산장관광지,774,가평 2025_07.csv,문화관광,복합관광시설
가평,2025,7,2025-07,33,경기도,가평군,녹수계곡,774,가평 2025_07.csv,자연관광,자연경관(산)
가평,2025,7,2025-07,35,경기도,가평군,아침고요가족동물원,717,가평 2025_07.csv,문화관광,테마공원
가평,2025,7,2025-07,36,경기도,가평군,아이언수상레저,697,가평 2025_07.csv,레저스포츠,기타레저스포츠
가평,2025,7,2025-07,37,경기도,가평군,호수유원지,673,가평 2025_07.csv,기타관광,기타관광
가평,2025,7,2025-07,38,경기도,가평군,캠프통아일랜드,668,가평 2025_07.csv,레저스포츠,수상레저스포츠
가평,2025,7,2025-07,39,경기도,가평군,강씨봉자연휴양림,667,가평 2025_07.csv,자연관광,자연공원
가평,2025,7,2025-07,40,경기도,가평군,청평호반드라이브코스,650,가평 2025_07.csv,기타관광,데이트코스
가평,2025,7,2025-07,41,경기도,가평군,가평빠지클럽비발디,615,가평 2025_07.csv,레저스포츠,수상레저스포츠
가평,2025,7,2025-07,42,경기도,가평군,한국초콜릿연구소뮤지엄,551,가평 2025_07.csv,문화관광,전시시설
가평,2025,7,2025-07,43,경기도,가평군,강촌레일파크가평역,530,가평 2025_07.csv,레저스포츠,기타레저스포츠
가평,2025,7,2025-07,44,경기도,가평군,청평자연휴양림,529,가평 2025_07.csv,자연관광,자연공원
가평,2025,7,2025-07,45,경기도,가평군,워터플레이,524,가평 2025_07.csv,레저스포츠,수상레저스포츠
가평,2025,7,2025-07,46,경기도,가평군,르푸앙수상레져,515,가평 2025_07.csv,레저스포츠,수상레저스포츠
가평,2025,7,2025-07,47,경기도,가평군,설악시외버스터미널,514,가평 2025_07.csv,기타관광,교통시설
가평,2025,7,2025-07,48,경기도,가평군,에델바이스스위스테마파크,505,가평 2025_07.csv,문화관광,테마공원
가평,2025,7,2025-07,49,경기도,가평군,가평빠지리버포인트수상레저,504,가평 2025_07.csv,레저스포츠,수상레저스포츠
가평,2025,7,2025-07,50,경기도,가평군,가평빠지아마존수상레저,499,가평 2025_07.csv,레저스포츠,수상레저스포츠
가평,2025,7,2025-07,51,경기도,가평군,가평별빛정원,486,가평 2025_07.csv,문화관광,도시공원
가평,2025,7,2025-07,52,경기도,가평군,화악계곡,479,가평 2025_07.csv,자연관광,자연경관(산)
가평,2025,7,2025-07,52,경기도,가평군,항아리바위계곡,479,가평 2025_07.csv,자연관광,자연경관(산)
가평,2025,7,2025-07,54,경기도,가평군,청심국제청소년수련원,451,가평 2025_07.csv,레저스포츠,육상레저스포츠
가평,2025,7,2025-07,55,경기도,가평군,청심평화월드센터,446,가평 2025_07.csv,문화관광,공연시설
가평,2025,7,2025-07,56,경기도,가평군,유명산계곡,431,가평 2025_07.csv,자연관광,자연경관(산)
가평,2025,7,2025-07,57,경기도,가평군,마린파크수상레저,399,가평 2025_07.csv,레저스포츠,수상레저스포츠
가평,2025,7,2025-07,58,경기도,가평군,경반계곡,388,가평 2025_07.csv,자연관광,자연경관(산)
가평,2025,7,2025-07,58,경기도,가평군,음악역1939,388,가평 2025_07.csv,문화관광,기타문화관광지
가평,2025,7,2025-07,60,경기도,가평군,현등사,380,가평 2025_07.csv,역사관광,종교성지
가평,2025,7,2025-07,61,경기도,가평군,가평군어린이음악놀이터,365,가평 2025_07.csv,문화관광,테마공원
가평,2025,7,2025-07,62,경기도,가평군,가평크루즈,351,가평 2025_07.csv,레저스포츠,기타레저스포츠
가평,2025,7,2025-07,63,경기도,가평군,크라운수상레저,346,가평 2025_07.csv,레저스포츠,수상레저스포츠
가평,2025,7,2025-07,64,경기도,가평군,가평TOP랜드,339,가평 2025_07.csv,레저스포츠,수상레저스포츠
가평,2025,7,2025-07,65,경기도,가평군,잣고을전통시장,335,가평 2025_07.csv,쇼핑,시장
가평,2025,7,2025-07,66,경기도,가평군,아루바수상레저,310,가평 2025_07.csv,레저스포츠,기타레저스포츠
가평,2025,7,2025-07,67,경기도,가평군,청평호,306,가평 2025_07.csv,자연관광,자연경관(하천/해양)
가평,2025,7,2025-07,68,경기도,가평군,호명호수,302,가평 2025_07.csv,자연관광,자연경관(하천/해양)
가평,2025,7,2025-07,69,경기도,가평군,자라섬야외수영장,301,가평 2025_07.csv,문화관광,테마공원
가평,2025,7,2025-07,70,경기도,가평군,유명산,296,가평 2025_07.csv,자연관광,자연경관(산)
가평,2025,7,2025-07,71,경기도,가평군,서울특별시교육청학생교육원대성리교육원,276,가평 2025_07.csv,체험관광,체험관광기타
가평,2025,7,2025-07,72,경기도,가평군,리버랜드번지점프장,272,가평 2025_07.csv,레저스포츠,육상레저스포츠
가평,2025,7,2025-07,73,경기도,가평군,떡바위유원지,263,가평 2025_07.csv,문화관광,복합관광시설
가평,2025,7,2025-07,74,경기도,가평군,백련사,257,가평 2025_07.csv,역사관광,종교성지
가평,2025,7,2025-07,75,경기도,가평군,자이언트수상레저리조트,254,가평 2025_07.csv,레저스포츠,수상레저스포츠
가평,2025,7,2025-07,76,경기도,가평군,가평썸머플레이스,250,가평 2025_07.csv,레저스포츠,수상레저스포츠
가평,2025,7,2025-07,77,경기도,가평군,선셋740,246,가평 2025_07.csv,레저스포츠,수상레저스포츠
가평,2025,7,2025-07,77,경기도,가평군,서울특별시교육청학생교육원본원,246,가평 2025_07.csv,체험관광,체험관광기타
가평,2025,7,2025-07,79,경기도,가평군,탑코리아수상레저,244,가평 2025_07.csv,레저스포츠,수상레저스포츠
가평,2025,7,2025-07,80,경기도,가평군,가평브릿지짚라인,237,가평 2025_07.csv,레저스포츠,기타레저스포츠
가평,2025,7,2025-07,81,경기도,가평군,가평빠지이비자수상레저,234,가평 2025_07.csv,레저스포츠,수상레저스포츠
가평,2025,7,2025-07,82,경기도,가평군,청평생활체육공원,227,가평 2025_07.csv,문화관광,도시공원
가평,2025,7,2025-07,83,경기도,가평군,금개울유원지,225,가평 2025_07.csv,문화관광,복합관광시설
가평,2025,7,2025-07,84,경기도,가평군,천정궁박물관,222,가평 2025_07.csv,문화관광,전시시설
가평,2025,7,2025-07,85,경기도,가평군,도장골낚시터,215,가평 2025_07.csv,레저스포츠,수상레저스포츠
가평,2025,7,2025-07,86,경기도,가평군,대원사,204,가평 2025_07.csv,역사관광,종교성지
가평,2025,7,2025-07,86,경기도,가평군,목동버스터미널,204,가평 2025_07.csv,기타관광,교통시설
가평,2025,7,2025-07,86,경기도,가평군,별비치워터파크,204,가평 2025_07.csv,문화관광,테마공원
가평,2025,7,2025-07,89,경기도,가평군,바하마수상레포츠,202,가평 2025_07.csv,레저스포츠,수상레저스포츠
가평,2025,7,2025-07,89,경기도,가평군,가평정기5일시장,202,가평 2025_07.csv,쇼핑,시장
가평,2025,7,2025-07,91,경기도,가평군,청평5일시장,201,가평 2025_07.csv,쇼핑,시장
가평,2025,7,2025-07,92,경기도,가평군,W홀스랜드,200,가평 2025_07.csv,레저스포츠,육상레저스포츠
가평,2025,7,2025-07,93,경기도,가평군,말리부수상레저,190,가평 2025_07.csv,레저스포츠,수상레저스포츠
가평,2025,7,2025-07,94,경기도,가평군,산림생태문화체험단지,188,가평 2025_07.csv,기타관광,기타관광
가평,2025,7,2025-07,95,경기도,가평군,대성리국민관광지,185,가평 2025_07.csv,문화관광,복합관광시설
가평,2025,7,2025-07,96,경기도,가평군,용소유원지,181,가평 2025_07.csv,문화관광,복합관광시설
가평,2025,7,2025-07,97,경기도,가평군,삼원수상레저,180,가평 2025_07.csv,레저스포츠,기타레저스포츠
가평,2025,7,2025-07,98,경기도,가평군,가람유원지,178,가평 2025_07.csv,문화관광,복합관광시설
가평,2025,7,2025-07,99,경기도,가평군,큰골계곡,177,가평 2025_07.csv,자연관광,자연경관(산)
가평,2025,7,2025-07,100,경기도,가평군,송학포유원지,175,가평 2025_07.csv,문화관광,복합관광시설
가평,2025,7,2025-07,101,경기도,가평군,조종천계곡,173,가평 2025_07.csv,자연관광,자연경관(산)
가평,2025,7,2025-07,102,경기도,가평군,레저캠프,171,가평 2025_07.csv,레저스포츠,기타레저스포츠
가평,2025,7,2025-07,103,경기도,가평군,현리계곡,170,가평 2025_07.csv,자연관광,자연경관(산)
가평,2025,7,2025-07,104,경기도,가평군,마린컴퍼니클럽,169,가평 2025_07.csv,레저스포츠,수상레저스포츠
가평,2025,7,2025-07,105,경기도,가평군,수영인의마을,164,가평 2025_07.csv,레저스포츠,수상레저스포츠
가평,2025,7,2025-07,106,경기도,가평군,연인산명품계곡길,158,가평 2025_07.csv,레저스포츠,기타레저스포츠
가평,2025,7,2025-07,106,경기도,가평군,아레나수상레저,158,가평 2025_07.csv,레저스포츠,수상레저스포츠
가평,2025,7,2025-07,108,경기도,가평군,호명호수공원,149,가평 2025_07.csv,문화관광,도시공원
가평,2025,7,2025-07,109,경기도,가평군,맨하탄수상레져,148,가평 2025_07.csv,레저스포츠,수상레저스포츠
가평,2025,7,2025-07,110,경기도,가평군,루시아수상레저,145,가평 2025_07.csv,레저스포츠,수상레저스포츠
가평,2025,7,2025-07,110,경기도,가평군,엘혜윰의정원,145,가평 2025_07.csv,레저스포츠,육상레저스포츠
가평,2025,7,2025-07,112,경기도,가평군,이탈리아마을 피노키오와다빈치,142,가평 2025_07.csv,문화관광,복합관광시설
가평,2025,7,2025-07,113,경기도,가평군,꿈의동산,138,가평 2025_07.csv,문화관광,복합관광시설
가평,2025,7,2025-07,113,경기도,가평군,하이수상레저이비자1호점,138,가평 2025_07.csv,레저스포츠,수상레저스포츠
가평,2025,7,2025-07,115,경기도,가평군,물조은빠지,137,가평 2025_07.csv,레저스포츠,수상레저스포츠
가평,2025,7,2025-07,115,경기도,가평군,조종시네마,137,가평 2025_07.csv,문화관광,공연시설
가평,2025,7,2025-07,115,경기도,가평군,빠져수상레저,137,가평 2025_07.csv,레저스포츠,수상레저스포츠
가평,2025,7,2025-07,118,경기도,가평군,이지수상레져,136,가평 2025_07.csv,레저스포츠,기타레저스포츠
가평,2025,7,2025-07,118,경기도,가평군,클럽미사수상레저,136,가평 2025_07.csv,레저스포츠,수상레저스포츠
가평,2025,7,2025-07,118,경기도,가평군,서프앤,136,가평 2025_07.csv,레저스포츠,수상레저스포츠
가평,2025,7,2025-07,118,경기도,가평군,아토믹워터파크,136,가평 2025_07.csv,문화관광,테마공원
가평,2025,7,2025-07,122,경기도,가평군,대성수상레저,130,가평 2025_07.csv,레저스포츠,수상레저스포츠
가평,2025,7,2025-07,122,경기도,가평군,현리유원지,130,가평 2025_07.csv,문화관광,복합관광시설
가평,2025,7,2025-07,124,경기도,가평군,헤이븐,129,가평 2025_07.csv,레저스포츠,수상레저스포츠
가평,2025,7,2025-07,125,경기도,가평군,가일미술관,127,가평 2025_07.csv,문화관광,전시시설
가평,2025,7,2025-07,126,경기도,가평군,자라섬꽃페스타,123,가평 2025_07.csv,문화관광,기타문화관광지
가평,2025,7,2025-07,127,경기도,가평군,운악산출렁다리,119,가평 2025_07.csv,기타관광,기타관광
가평,2025,7,2025-07,127,경기도,가평군,화악산,119,가평 2025_07.csv,자연관광,자연경관(산)
가평,2025,7,2025-07,129,경기도,가평군,스마일수상레저,114,가평 2025_07.csv,레저스포츠,수상레저스포츠
가평,2025,7,2025-07,130,경기도,가평군,달마공원관음사,112,가평 2025_07.csv,역사관광,종교성지
가평,2025,7,2025-07,131,경기도,가평군,가평종합운동장야구장,111,가평 2025_07.csv,문화관광,레저스포츠시설
가평,2025,7,2025-07,131,경기도,가평군,청평리버랜드수상레저,111,가평 2025_07.csv,문화관광,복합관광시설
가평,2025,7,2025-07,133,경기도,가평군,더스테이힐링파크링스파3골프장,110,가평 2025_07.csv,레저스포츠,육상레저스포츠
가평,2025,7,2025-07,133,경기도,가평군,K2수상레져,110,가평 2025_07.csv,레저스포츠,수상레저스포츠
가평,2025,7,2025-07,135,경기도,가평군,베니스수상레저,109,가평 2025_07.csv,레저스포츠,수상레저스포츠
가평,2025,7,2025-07,136,경기도,가평군,워터피아수상레저,104,가평 2025_07.csv,레저스포츠,수상레저스포츠
가평,2025,7,2025-07,137,경기도,가평군,이화원,103,가평 2025_07.csv,문화관광,도시공원
가평,2025,7,2025-07,137,경기도,가평군,가평군 설악면 초롱이둥지마을,103,가평 2025_07.csv,역사관광,역사유적지
가평,2025,7,2025-07,139,경기도,가평군,북면생활체육공원,100,가평 2025_07.csv,문화관광,도시공원
가평,2025,7,2025-07,139,경기도,가평군,청평유원지,100,가평 2025_07.csv,문화관광,복합관광시설
가평,2025,7,2025-07,141,경기도,가평군,썸머타임수상레저,99,가평 2025_07.csv,레저스포츠,수상레저스포츠
가평,2025,7,2025-07,142,경기도,가평군,룰루마린수상레저,98,가평 2025_07.csv,레저스포츠,수상레저스포츠
가평,2025,7,2025-07,142,경기도,가평군,자라섬출렁다리,98,가평 2025_07.csv,기타관광,기타관광
가평,2025,7,2025-07,142,경기도,가평군,용추계곡유원지,98,가평 2025_07.csv,문화관광,복합관광시설
가평,2025,7,2025-07,142,경기도,가평군,텃바위유원지,98,가평 2025_07.csv,문화관광,복합관광시설
가평,2025,7,2025-07,142,경기도,가평군,소풍레저,98,가평 2025_07.csv,레저스포츠,수상레저스포츠
가평,2025,7,2025-07,147,경기도,가평군,바우유원지,97,가평 2025_07.csv,문화관광,복합관광시설
가평,2025,7,2025-07,148,경기도,가평군,클럽이글스수상레저,96,가평 2025_07.csv,레저스포츠,기타레저스포츠
가평,2025,7,2025-07,148,경기도,가평군,마린보이수상레저,96,가평 2025_07.csv,레저스포츠,수상레저스포츠
가평,2025,7,2025-07,150,경기도,가평군,오페라하우스수상레저,95,가평 2025_07.csv,레저스포츠,수상레저스포츠
가평,2025,7,2025-07,151,경기도,가평군,알로하다이노,94,가평 2025_07.csv,레저스포츠,수상레저스포츠
가평,2025,7,2025-07,152,경기도,가평군,버드마리나수상레저,90,가평 2025_07.csv,레저스포츠,기타레저스포츠
가평,2025,7,2025-07,153,경기도,가평군,연인산,86,가평 2025_07.csv,자연관광,자연경관(산)
가평,2025,7,2025-07,154,경기도,가평군,스카이라인짚와이어,85,가평 2025_07.csv,문화관광,복합관광시설
가평,2025,7,2025-07,155,경기도,가평군,이뜨랜수상레저,84,가평 2025_07.csv,레저스포츠,수상레저스포츠
가평,2025,7,2025-07,155,경기도,가평군,운악산,84,가평 2025_07.csv,자연관광,자연경관(산)
가평,2025,7,2025-07,157,경기도,가평군,명지산생태전시관,81,가평 2025_07.csv,문화관광,전시시설
가평,2025,7,2025-07,157,경기도,가평군,귀목계곡,81,가평 2025_07.csv,자연관광,자연경관(산)
가평,2025,7,2025-07,157,경기도,가평군,호명산드라이브코스,81,가평 2025_07.csv,기타관광,데이트코스
가평,2025,7,2025-07,160,경기도,가평군,경기도잣향기푸른숲안내매표소,78,가평 2025_07.csv,기타관광,기타관광
가평,2025,7,2025-07,161,경기도,가평군,청평계곡,77,가평 2025_07.csv,자연관광,자연경관(산)
가평,2025,7,2025-07,161,경기도,가평군,어거스트수상레저,77,가평 2025_07.csv,레저스포츠,수상레저스포츠
가평,2025,7,2025-07,163,경기도,가평군,가평무브베이스볼파크,75,가평 2025_07.csv,문화관광,레저스포츠시설
가평,2025,7,2025-07,164,경기도,가평군,남도꽃정원,73,가평 2025_07.csv,문화관광,도시공원
가평,2025,7,2025-07,164,경기도,가평군,산유낚시터,73,가평 2025_07.csv,레저스포츠,수상레저스포츠
가평,2025,7,2025-07,164,경기도,가평군,크리스월드수상레저,73,가평 2025_07.csv,레저스포츠,수상레저스포츠
가평,2025,7,2025-07,167,경기도,가평군,가평수목원,72,가평 2025_07.csv,자연관광,자연공원
가평,2025,7,2025-07,168,경기도,가평군,모험의시작,71,가평 2025_07.csv,레저스포츠,수상레저스포츠
가평,2025,7,2025-07,168,경기도,가평군,뉴돌고래수상레저,71,가평 2025_07.csv,레저스포츠,수상레저스포츠
가평,2025,7,2025-07,170,경기도,가평군,대성리계곡,70,가평 2025_07.csv,자연관광,자연경관(산)
가평,2025,7,2025-07,171,경기도,가평군,백둔계곡,68,가평 2025_07.csv,자연관광,자연경관(산)
가평,2025,7,2025-07,172,경기도,가평군,백팔유원지,66,가평 2025_07.csv,문화관광,복합관광시설
가평,2025,7,2025-07,172,경기도,가평군,포세이돈,66,가평 2025_07.csv,레저스포츠,수상레저스포츠
가평,2025,7,2025-07,174,경기도,가평군,상면생활체육공원,64,가평 2025_07.csv,문화관광,도시공원
가평,2025,7,2025-07,175,경기도,가평군,설악5일장,63,가평 2025_07.csv,쇼핑,시장
가평,2025,7,2025-07,176,경기도,가평군,레인보우수상레저,62,가평 2025_07.csv,레저스포츠,수상레저스포츠
가평,2025,7,2025-07,176,경기도,가평군,서울특별시교육청학생교육원글로벌문화언어체험교육원,62,가평 2025_07.csv,체험관광,체험관광기타
가평,2025,7,2025-07,176,경기도,가평군,가평빠지건전한레저,62,가평 2025_07.csv,레저스포츠,수상레저스포츠
가평,2025,7,2025-07,179,경기도,가평군,연인산도립공원탐방안내소,59,가평 2025_07.csv,기타관광,기타관광
가평,2025,7,2025-07,180,경기도,가평군,운악산성불사,56,가평 2025_07.csv,역사관광,종교성지
가평,2025,7,2025-07,181,경기도,가평군,가평뮤직빌리지1939시네마,53,가평 2025_07.csv,문화관광,공연시설
가평,2025,7,2025-07,182,경기도,가평군,물의나라유원지,52,가평 2025_07.csv,문화관광,복합관광시설
가평,2025,7,2025-07,182,경기도,가평군,가평에덴벚꽃길,52,가평 2025_07.csv,기타관광,기타관광
가평,2025,7,2025-07,184,경기도,가평군,썸머드림,51,가평 2025_07.csv,레저스포츠,수상레저스포츠
가평,2025,7,2025-07,184,경기도,가평군,북배산흑염소농장,51,가평 2025_07.csv,체험관광,농/산/어촌체험
가평,2025,7,2025-07,186,경기도,가평군,자라섬워터파크,50,가평 2025_07.csv,문화관광,테마공원
가평,2025,7,2025-07,187,경기도,가평군,가평레져카트장,48,가평 2025_07.csv,레저스포츠,기타레저스포츠
가평,2025,7,2025-07,188,경기도,가평군,한국바이에른식육학교,47,가평 2025_07.csv,체험관광,체험관광기타
가평,2025,7,2025-07,188,경기도,가평군,그린수상레져,47,가평 2025_07.csv,레저스포츠,수상레저스포츠
가평,2025,7,2025-07,188,경기도,가평군,클럽펀,47,가평 2025_07.csv,레저스포츠,수상레저스포츠
가평,2025,7,2025-07,191,경기도,가평군,설악생활체육공원축구장,46,가평 2025_07.csv,문화관광,레저스포츠시설
가평,2025,7,2025-07,191,경기도,가평군,웨이크베이리조트,46,가평 2025_07.csv,레저스포츠,기타레저스포츠
가평,2025,7,2025-07,191,경기도,가평군,조종생활체육공원,46,가평 2025_07.csv,문화관광,도시공원
가평,2025,7,2025-07,191,경기도,가평군,애기소계곡,46,가평 2025_07.csv,자연관광,자연경관(산)
가평,2025,7,2025-07,195,경기도,가평군,트니트니어드벤처,45,가평 2025_07.csv,문화관광,테마공원
가평,2025,7,2025-07,196,경기도,가평군,가마소유원지,43,가평 2025_07.csv,문화관광,복합관광시설
가평,2025,7,2025-07,196,경기도,가평군,신청평대교야구장,43,가평 2025_07.csv,문화관광,레저스포츠시설
가평,2025,7,2025-07,198,경기도,가평군,가평현리5일장,42,가평 2025_07.csv,쇼핑,시장
가평,2025,7,2025-07,199,경기도,가평군,상천낚시터,41,가평 2025_07.csv,레저스포츠,수상레저스포츠
가평,2025,7,2025-07,199,경기도,가평군,돌고래수상레저,41,가평 2025_07.csv,레저스포츠,기타레저스포츠
가평,2025,7,2025-07,201,경기도,가평군,설악생활체육공원,40,가평 2025_07.csv,문화관광,도시공원
가평,2025,7,2025-07,202,경기도,가평군,연인산용추구곡방면,39,가평 2025_07.csv,자연관광,자연경관(산)
가평,2025,7,2025-07,202,경기도,가평군,가평사계절썰매장,39,가평 2025_07.csv,레저스포츠,육상레저스포츠
가평,2025,7,2025-07,202,경기도,가평군,토마토레저파크,39,가평 2025_07.csv,레저스포츠,기타레저스포츠
가평,2025,7,2025-07,205,경기도,가평군,일지안호범미술관,38,가평 2025_07.csv,문화관광,전시시설
가평,2025,7,2025-07,206,경기도,가평군,무당소유원지,36,가평 2025_07.csv,문화관광,복합관광시설
가평,2025,7,2025-07,206,경기도,가평군,무아레풀무아레,36,가평 2025_07.csv,문화관광,테마공원
가평,2025,7,2025-07,206,경기도,가평군,익근리계곡,36,가평 2025_07.csv,자연관광,자연경관(산)
가평,2025,7,2025-07,209,경기도,가평군,라인수상레저,35,가평 2025_07.csv,레저스포츠,수상레저스포츠
가평,2025,7,2025-07,209,경기도,가평군,가평이음터,35,가평 2025_07.csv,문화관광,기타문화관광지
가평,2025,7,2025-07,209,경기도,가평군,탐선계곡유원지,35,가평 2025_07.csv,문화관광,복합관광시설
가평,2025,7,2025-07,212,경기도,가평군,영안청소년수련원,34,가평 2025_07.csv,레저스포츠,육상레저스포츠
가평,2025,7,2025-07,212,경기도,가평군,현등사계곡,34,가평 2025_07.csv,자연관광,자연경관(산)
가평,2025,7,2025-07,212,경기도,가평군,마린랜드,34,가평 2025_07.csv,레저스포츠,수상레저스포츠
가평,2025,7,2025-07,212,경기도,가평군,선어치,34,가평 2025_07.csv,자연관광,자연경관(산)
가평,2025,7,2025-07,216,경기도,가평군,자연과별천문대,33,가평 2025_07.csv,기타관광,기타관광
가평,2025,7,2025-07,217,경기도,가평군,행복축구전용구장,32,가평 2025_07.csv,문화관광,레저스포츠시설
가평,2025,7,2025-07,218,경기도,가평군,운악산용수사,31,가평 2025_07.csv,역사관광,종교성지
가평,2025,7,2025-07,218,경기도,가평군,청평암,31,가평 2025_07.csv,역사관광,종교성지
가평,2025,7,2025-07,218,경기도,가평군,성운사,31,가평 2025_07.csv,역사관광,종교성지
가평,2025,7,2025-07,221,경기도,가평군,가평양떼목장수국축제,30,가평 2025_07.csv,문화관광,기타문화관광지
가평,2025,7,2025-07,221,경기도,가평군,가평군 설악면 은혜마을,30,가평 2025_07.csv,역사관광,역사유적지
가평,2025,7,2025-07,223,경기도,가평군,청평여울시장,29,가평 2025_07.csv,쇼핑,시장
가평,2025,7,2025-07,223,경기도,가평군,가평역레져,29,가평 2025_07.csv,레저스포츠,기타레저스포츠
가평,2025,7,2025-07,223,경기도,가평군,폭포낚시,29,가평 2025_07.csv,레저스포츠,수상레저스포츠
가평,2025,7,2025-07,226,경기도,가평군,어비산,28,가평 2025_07.csv,자연관광,자연경관(산)
가평,2025,7,2025-07,226,경기도,가평군,클럽나인수상레저,28,가평 2025_07.csv,레저스포츠,수상레저스포츠
가평,2025,7,2025-07,228,경기도,가평군,중봉,26,가평 2025_07.csv,자연관광,자연경관(산)
가평,2025,7,2025-07,229,경기도,가평군,이수네유원지,25,가평 2025_07.csv,문화관광,복합관광시설
가평,2025,7,2025-07,229,경기도,가평군,자라섬생태공원,25,가평 2025_07.csv,문화관광,도시공원
가평,2025,7,2025-07,229,경기도,가평군,상락향수도원,25,가평 2025_07.csv,역사관광,종교성지
가평,2025,7,2025-07,232,경기도,가평군,색현터널,24,가평 2025_07.csv,기타관광,기타관광
가평,2025,7,2025-07,232,경기도,가평군,리버빌수상레저타운,24,가평 2025_07.csv,레저스포츠,수상레저스포츠
가평,2025,7,2025-07,234,경기도,가평군,훼미리유원지,23,가평 2025_07.csv,문화관광,복합관광시설
가평,2025,7,2025-07,234,경기도,가평군,클럽에덴수상레져타운,23,가평 2025_07.csv,레저스포츠,수상레저스포츠
가평,2025,7,2025-07,236,경기도,가평군,운악산관음사,22,가평 2025_07.csv,역사관광,종교성지
가평,2025,7,2025-07,236,경기도,가평군,설악낚시터,22,가평 2025_07.csv,레저스포츠,수상레저스포츠
가평,2025,7,2025-07,236,경기도,가평군,달골지,22,가평 2025_07.csv,자연관광,자연경관(하천/해양)
가평,2025,7,2025-07,239,경기도,가평군,타자가평수상레저,21,가평 2025_07.csv,레저스포츠,기타레저스포츠
가평,2025,7,2025-07,239,경기도,가평군,가평하늘커피농장,21,가평 2025_07.csv,체험관광,농/산/어촌체험
가평,2025,7,2025-07,239,경기도,가평군,항아리바위유원지,21,가평 2025_07.csv,기타관광,기타관광
가평,2025,7,2025-07,242,경기도,가평군,청평유원지,20,가평 2025_07.csv,문화관광,복합관광시설
가평,2025,7,2025-07,242,경기도,가평군,연화세계,20,가평 2025_07.csv,역사관광,종교성지
가평,2025,7,2025-07,242,경기도,가평군,두밀계곡,20,가평 2025_07.csv,자연관광,자연경관(산)
가평,2025,7,2025-07,245,경기도,가평군,청수계곡유원지,19,가평 2025_07.csv,문화관광,복합관광시설
가평,2025,7,2025-07,246,경기도,가평군,노랑다리미술관,18,가평 2025_07.csv,문화관광,전시시설
가평,2025,7,2025-07,246,경기도,가평군,화야산,18,가평 2025_07.csv,자연관광,자연경관(산)
가평,2025,7,2025-07,246,경기도,가평군,돌섬유원지,18,가평 2025_07.csv,문화관광,복합관광시설
가평,2025,7,2025-07,249,경기도,가평군,청평호수길,17,가평 2025_07.csv,기타관광,기타관광
가평,2025,7,2025-07,249,경기도,가평군,프리다이브그랑블루가평센터,17,가평 2025_07.csv,레저스포츠,수상레저스포츠
가평,2025,7,2025-07,249,경기도,가평군,호국연호사,17,가평 2025_07.csv,역사관광,종교성지
가평,2025,7,2025-07,249,경기도,가평군,한강수상레저,17,가평 2025_07.csv,레저스포츠,수상레저스포츠
가평,2025,7,2025-07,249,경기도,가평군,운곡암,17,가평 2025_07.csv,역사관광,종교성지
가평,2025,7,2025-07,249,경기도,가평군,가평축령산잣나무숲,17,가평 2025_07.csv,자연관광,자연공원
가평,2025,7,2025-07,255,경기도,가평군,킹웨이크서프스쿨,16,가평 2025_07.csv,레저스포츠,수상레저스포츠
가평,2025,7,2025-07,255,경기도,가평군,청평자연유원지,16,가평 2025_07.csv,문화관광,복합관광시설
가평,2025,7,2025-07,257,경기도,가평군,해바라기유원지,15,가평 2025_07.csv,문화관광,복합관광시설
가평,2025,7,2025-07,258,경기도,가평군,삼회리벚꽃길,14,가평 2025_07.csv,기타관광,데이트코스
가평,2025,7,2025-07,258,경기도,가평군,가평빠지크리스월드수상레저,14,가평 2025_07.csv,레저스포츠,수상레저스포츠
가평,2025,7,2025-07,258,경기도,가평군,일칠일관광농원,14,가평 2025_07.csv,체험관광,농/산/어촌체험
가평,2025,7,2025-07,258,경기도,가평군,청평스포랜드번지점프장,14,가평 2025_07.csv,레저스포츠,육상레저스포츠
가평,2025,7,2025-07,258,경기도,가평군,가평 수상레저 바이킹 빠지,14,가평 2025_07.csv,레저스포츠,수상레저스포츠
가평,2025,7,2025-07,263,경기도,가평군,운악산가평현등사방면,13,가평 2025_07.csv,자연관광,자연경관(산)
가평,2025,7,2025-07,263,경기도,가평군,청정낚시터,13,가평 2025_07.csv,레저스포츠,수상레저스포츠
가평,2025,7,2025-07,263,경기도,가평군,흥국사,13,가평 2025_07.csv,역사관광,종교성지
가평,2025,7,2025-07,263,경기도,가평군,마리서프,13,가평 2025_07.csv,레저스포츠,수상레저스포츠
가평,2025,7,2025-07,263,경기도,가평군,성주사,13,가평 2025_07.csv,역사관광,종교성지
가평,2025,7,2025-07,263,경기도,가평군,가평리틀야구장,13,가평 2025_07.csv,문화관광,레저스포츠시설
가평,2025,7,2025-07,269,경기도,가평군,씨브이리조트,12,가평 2025_07.csv,레저스포츠,수상레저스포츠
가평,2025,7,2025-07,269,경기도,가평군,이천보고가,12,가평 2025_07.csv,역사관광,역사유적지
가평,2025,7,2025-07,269,경기도,가평군,청평페리유람선,12,가평 2025_07.csv,기타관광,교통시설
가평,2025,7,2025-07,269,경기도,가평군,밤나무골유원지,12,가평 2025_07.csv,문화관광,복합관광시설
가평,2025,7,2025-07,269,경기도,가평군,약수유원지,12,가평 2025_07.csv,문화관광,복합관광시설
가평,2025,7,2025-07,269,경기도,가평군,청평첫집,12,가평 2025_07.csv,레저스포츠,수상레저스포츠
가평,2025,7,2025-07,269,경기도,가평군,가평수상레저가즈아,12,가평 2025_07.csv,레저스포츠,수상레저스포츠
가평,2025,7,2025-07,276,경기도,가평군,무주채폭포,11,가평 2025_07.csv,자연관광,자연경관(산)
가평,2025,7,2025-07,276,경기도,가평군,이화여자대학교수목원,11,가평 2025_07.csv,레저스포츠,육상레저스포츠
가평,2025,7,2025-07,276,경기도,가평군,안골유원지,11,가평 2025_07.csv,문화관광,복합관광시설
가평,2025,7,2025-07,279,경기도,가평군,은행나무낚시공원,10,가평 2025_07.csv,레저스포츠,수상레저스포츠
가평,2025,7,2025-07,279,경기도,가평군,지영수상스키장,10,가평 2025_07.csv,레저스포츠,수상레저스포츠
가평,2025,7,2025-07,279,경기도,가평군,취옹예술관,10,가평 2025_07.csv,문화관광,전시시설
가평,2025,7,2025-07,279,경기도,가평군,SNG CLUB,10,가평 2025_07.csv,레저스포츠,수상레저스포츠
가평,2025,7,2025-07,279,경기도,가평군,하천리생활체육공원,10,가평 2025_07.csv,문화관광,도시공원
가평,2025,7,2025-07,279,경기도,가평군,조무락골유원지,10,가평 2025_07.csv,문화관광,복합관광시설
가평,2025,7,2025-07,279,경기도,가평군,불기고개,10,가평 2025_07.csv,자연관광,자연경관(산)
가평,2025,7,2025-07,279,경기도,가평군,조종생활체육공원축구장,10,가평 2025_07.csv,문화관광,레저스포츠시설
가평,2025,7,2025-07,287,경기도,가평군,목동근린공원전망대,9,가평 2025_07.csv,문화관광,랜드마크관광
가평,2025,7,2025-07,287,경기도,가평군,산울로수상스키,9,가평 2025_07.csv,레저스포츠,기타레저스포츠
가평,2025,7,2025-07,287,경기도,가평군,가평낚시터,9,가평 2025_07.csv,레저스포츠,수상레저스포츠
가평,2025,7,2025-07,287,경기도,가평군,태은사,9,가평 2025_07.csv,역사관광,종교성지
가평,2025,7,2025-07,291,경기도,가평군,유명산휴양림관리소,8,가평 2025_07.csv,자연관광,자연공원
가평,2025,7,2025-07,291,경기도,가평군,고동산계곡,8,가평 2025_07.csv,자연관광,자연경관(산)
가평,2025,7,2025-07,291,경기도,가평군,가평군 설악면 반딧불마을,8,가평 2025_07.csv,역사관광,역사유적지
가평,2025,7,2025-07,291,경기도,가평군,구원사,8,가평 2025_07.csv,역사관광,종교성지
가평,2025,7,2025-07,291,경기도,가평군,남송미술관,8,가평 2025_07.csv,문화관광,전시시설
가평,2025,7,2025-07,291,경기도,가평군,청평산장유원지,8,가평 2025_07.csv,문화관광,복합관광시설
가평,2025,7,2025-07,291,경기도,가평군,1박2일녹수다리유원지,8,가평 2025_07.csv,기타관광,기타관광
가평,2025,7,2025-07,291,경기도,가평군,폭포유원지,8,가평 2025_07.csv,문화관광,복합관광시설
가평,2025,7,2025-07,291,경기도,가평군,마콤갤러리,8,가평 2025_07.csv,문화관광,전시시설
가평,2025,7,2025-07,291,경기도,가평군,독바위유원지,8,가평 2025_07.csv,문화관광,복합관광시설
가평,2025,7,2025-07,291,경기도,가평군,희망축구전용구장,8,가평 2025_07.csv,문화관광,레저스포츠시설
가평,2025,7,2025-07,291,경기도,가평군,이시스수상레저,8,가평 2025_07.csv,레저스포츠,수상레저스포츠
가평,2025,7,2025-07,291,경기도,가평군,파로티아워터하우스수상레저,8,가평 2025_07.csv,레저스포츠,수상레저스포츠
가평,2025,7,2025-07,304,경기도,가평군,수궁유원지,7,가평 2025_07.csv,문화관광,복합관광시설
가평,2025,7,2025-07,304,경기도,가평군,팀더블유,7,가평 2025_07.csv,레저스포츠,기타레저스포츠
가평,2025,7,2025-07,304,경기도,가평군,청평캠프,7,가평 2025_07.csv,레저스포츠,기타레저스포츠
가평,2025,7,2025-07,304,경기도,가평군,유스토리청소년수련원,7,가평 2025_07.csv,레저스포츠,육상레저스포츠
가평,2025,7,2025-07,304,경기도,가평군,덕혜암,7,가평 2025_07.csv,역사관광,종교성지
가평,2025,7,2025-07,304,경기도,가평군,가평군 상면 조가터마을,7,가평 2025_07.csv,문화관광,도시/지역문화관광
가평,2025,7,2025-07,304,경기도,가평군,이정웅스페이스,7,가평 2025_07.csv,문화관광,전시시설
가평,2025,7,2025-07,304,경기도,가평군,에덴벚꽃길,7,가평 2025_07.csv,레저스포츠,기타레저스포츠
가평,2025,7,2025-07,304,경기도,가평군,가평문화창작공간얼쑤공장,7,가평 2025_07.csv,문화관광,기타문화관광지
가평,2025,7,2025-07,313,경기도,가평군,가평철길공원,6,가평 2025_07.csv,문화관광,도시공원
가평,2025,7,2025-07,313,경기도,가평군,사공일샵,6,가평 2025_07.csv,체험관광,공예체험
가평,2025,7,2025-07,313,경기도,가평군,반딧불이서식생태공원,6,가평 2025_07.csv,문화관광,도시공원
가평,2025,7,2025-07,313,경기도,가평군,용추쉼터,6,가평 2025_07.csv,기타관광,기타관광
가평,2025,7,2025-07,313,경기도,가평군,해든공방,6,가평 2025_07.csv,체험관광,공예체험
가평,2025,7,2025-07,313,경기도,가평군,청룡사,6,가평 2025_07.csv,역사관광,종교성지
가평,2025,7,2025-07,313,경기도,가평군,캐나다전투기념비,6,가평 2025_07.csv,역사관광,역사유물
가평,2025,7,2025-07,313,경기도,가평군,감로사,6,가평 2025_07.csv,역사관광,종교성지
가평,2025,7,2025-07,313,경기도,가평군,축령사,6,가평 2025_07.csv,역사관광,종교성지
가평,2025,7,2025-07,313,경기도,가평군,논남기계곡,6,가평 2025_07.csv,자연관광,자연경관(산)
가평,2025,7,2025-07,313,경기도,가평군,아마란스리조트,6,가평 2025_07.csv,레저스포츠,수상레저스포츠
가평,2025,7,2025-07,313,경기도,가평군,두밀리낚시터,6,가평 2025_07.csv,레저스포츠,수상레저스포츠
가평,2025,7,2025-07,313,경기도,가평군,옥수유원지,6,가평 2025_07.csv,문화관광,복합관광시설
가평,2025,7,2025-07,313,경기도,가평군,보덕암,6,가평 2025_07.csv,역사관광,종교성지
가평,2025,7,2025-07,313,경기도,가평군,청평생태공원,6,가평 2025_07.csv,문화관광,도시공원
가평,2025,7,2025-07,328,경기도,가평군,대성사,5,가평 2025_07.csv,역사관광,종교성지
가평,2025,7,2025-07,328,경기도,가평군,성모유원지,5,가평 2025_07.csv,문화관광,복합관광시설
가평,2025,7,2025-07,328,경기도,가평군,샘터유원지,5,가평 2025_07.csv,문화관광,복합관광시설
가평,2025,7,2025-07,328,경기도,가평군,상천저수지,5,가평 2025_07.csv,자연관광,자연경관(하천/해양)
가평,2025,7,2025-07,328,경기도,가평군,가평탑수상레저,5,가평 2025_07.csv,레저스포츠,수상레저스포츠
가평,2025,7,2025-07,328,경기도,가평군,대덕사,5,가평 2025_07.csv,역사관광,종교성지
가평,2025,7,2025-07,334,경기도,가평군,동보농원,4,가평 2025_07.csv,체험관광,농/산/어촌체험
가평,2025,7,2025-07,334,경기도,가평군,가평연인랜드,4,가평 2025_07.csv,체험관광,농/산/어촌체험
가평,2025,7,2025-07,334,경기도,가평군,상천루,4,가평 2025_07.csv,문화관광,도시공원
가평,2025,7,2025-07,334,경기도,가평군,가평레저파크,4,가평 2025_07.csv,레저스포츠,기타레저스포츠
가평,2025,7,2025-07,334,경기도,가평군,으뜸포도원,4,가평 2025_07.csv,체험관광,농/산/어촌체험
가평,2025,7,2025-07,334,경기도,가평군,화야산큰골마을등산로,4,가평 2025_07.csv,자연관광,자연경관(산)
가평,2025,7,2025-07,334,경기도,가평군,향원사,4,가평 2025_07.csv,역사관광,종교성지
가평,2025,7,2025-07,334,경기도,가평군,에덴야구장,4,가평 2025_07.csv,문화관광,레저스포츠시설
가평,2025,7,2025-07,334,경기도,가평군,계곡유원지,4,가평 2025_07.csv,문화관광,복합관광시설
가평,2025,7,2025-07,334,경기도,가평군,신하리게이트볼장,4,가평 2025_07.csv,레저스포츠,기타레저스포츠
가평,2025,7,2025-07,334,경기도,가평군,청호수상레저,4,가평 2025_07.csv,레저스포츠,수상레저스포츠
가평,2025,7,2025-07,345,경기도,가평군,보납산약수터,3,가평 2025_07.csv,자연관광,자연경관(산)
가평,2025,7,2025-07,345,경기도,가평군,대성리국민관광지관광안내소,3,가평 2025_07.csv,기타관광,기타관광
가평,2025,7,2025-07,345,경기도,가평군,용추폭포,3,가평 2025_07.csv,자연관광,자연경관(산)
가평,2025,7,2025-07,345,경기도,가평군,운악사슴농장,3,가평 2025_07.csv,체험관광,농/산/어촌체험
가평,2025,7,2025-07,345,경기도,가평군,새금일목장,3,가평 2025_07.csv,체험관광,농/산/어촌체험
가평,2025,7,2025-07,345,경기도,가평군,가평빠지블랙수상레저,3,가평 2025_07.csv,레저스포츠,수상레저스포츠
가평,2025,7,2025-07,345,경기도,가평군,청춘역1979,3,가평 2025_07.csv,문화관광,도시공원
가평,2025,7,2025-07,345,경기도,가평군,와가목장,3,가평 2025_07.csv,체험관광,농/산/어촌체험
가평,2025,7,2025-07,345,경기도,가평군,클럽모아나,3,가평 2025_07.csv,레저스포츠,수상레저스포츠
가평,2025,7,2025-07,345,경기도,가평군,반야사,3,가평 2025_07.csv,역사관광,종교성지
가평,2025,7,2025-07,345,경기도,가평군,아침고요체험살피꽃다방,3,가평 2025_07.csv,레저스포츠,기타레저스포츠
가평,2025,7,2025-07,345,경기도,가평군,가평그린육묘장,3,가평 2025_07.csv,체험관광,농/산/어촌체험
가평,2025,7,2025-07,345,경기도,가평군,아쿠아파크,3,가평 2025_07.csv,레저스포츠,수상레저스포츠
가평,2025,7,2025-07,345,경기도,가평군,고고다이노키즈클럽,3,가평 2025_07.csv,문화관광,테마공원
가평,2025,7,2025-07,345,경기도,가평군,겨울연가촬영지,3,가평 2025_07.csv,문화관광,기타문화관광지
가평,2025,7,2025-07,345,경기도,가평군,가평군 가평읍 아홉마지기마을,3,가평 2025_07.csv,역사관광,역사유적지
가평,2025,7,2025-07,345,경기도,가평군,강씨봉,3,가평 2025_07.csv,자연관광,자연경관(산)
가평,2025,7,2025-07,345,경기도,가평군,청오사,3,가평 2025_07.csv,역사관광,종교성지
가평,2025,7,2025-07,345,경기도,가평군,용문산전투가평지구전적비,3,가평 2025_07.csv,역사관광,역사유물
가평,2025,7,2025-07,345,경기도,가평군,호주전투기념비,3,가평 2025_07.csv,역사관광,역사유물
가평,2025,7,2025-07,345,경기도,가평군,보납정,3,가평 2025_07.csv,레저스포츠,육상레저스포츠
가평,2025,7,2025-07,345,경기도,가평군,수풀로삼회리,3,가평 2025_07.csv,문화관광,도시공원
가평,2025,7,2025-07,345,경기도,가평군,경반사,3,가평 2025_07.csv,역사관광,종교성지
가평,2025,7,2025-07,345,경기도,가평군,보광사,3,가평 2025_07.csv,역사관광,종교성지
가평,2025,7,2025-07,345,경기도,가평군,광법사,3,가평 2025_07.csv,역사관광,종교성지
가평,2025,7,2025-07,345,경기도,가평군,북한강유원지,3,가평 2025_07.csv,문화관광,복합관광시설
가평,2025,7,2025-07,345,경기도,가평군,가평약수터,3,가평 2025_07.csv,자연관광,자연경관(산)
가평,2025,7,2025-07,345,경기도,가평군,금강사,3,가평 2025_07.csv,역사관광,종교성지
가평,2025,7,2025-07,345,경기도,가평군,안골계곡,3,가평 2025_07.csv,자연관광,자연경관(산)
가평,2025,7,2025-07,345,경기도,가평군,수락폭포,3,가평 2025_07.csv,자연관광,자연경관(산)
가평,2025,7,2025-07,345,경기도,가평군,우리유원지,3,가평 2025_07.csv,문화관광,복합관광시설
가평,2025,7,2025-07,345,경기도,가평군,보은사,3,가평 2025_07.csv,역사관광,종교성지
가평,2025,7,2025-07,345,경기도,가평군,수동목장,3,가평 2025_07.csv,체험관광,농/산/어촌체험
가평,2025,7,2025-07,345,경기도,가평군,팀어거스트,3,가평 2025_07.csv,레저스포츠,수상레저스포츠
가평,2025,7,2025-07,345,경기도,가평군,대성낚시터,3,가평 2025_07.csv,레저스포츠,수상레저스포츠
가평,2025,7,2025-07,345,경기도,가평군,돌다리유원지,3,가평 2025_07.csv,문화관광,복합관광시설
가평,2025,7,2025-07,345,경기도,가평군,녹수동산유원지,3,가평 2025_07.csv,문화관광,복합관광시설
가평,2025,7,2025-07,345,경기도,가평군,명지산유원지,3,가평 2025_07.csv,문화관광,복합관광시설
가평,2025,7,2025-07,345,경기도,가평군,화야산자연발생유원지,3,가평 2025_07.csv,문화관광,복합관광시설
가평,2025,7,2025-07,345,경기도,가평군,상락향,3,가평 2025_07.csv,역사관광,종교성지
가평,2025,7,2025-07,345,경기도,가평군,인터렉티브아트뮤지엄,3,가평 2025_07.csv,문화관광,전시시설
가평,2025,7,2025-07,345,경기도,가평군,레이크카운티,3,가평 2025_07.csv,레저스포츠,수상레저스포츠
가평,2025,7,2025-07,345,경기도,가평군,양추다리유원지,3,가평 2025_07.csv,기타관광,기타관광
가평,2025,7,2025-07,345,경기도,가평군,효심사,3,가평 2025_07.csv,역사관광,종교성지
가평,2025,7,2025-07,345,경기도,가평군,호명산,3,가평 2025_07.csv,자연관광,자연경관(산)
가평,2025,7,2025-07,345,경기도,가평군,소락개휴양림,3,가평 2025_07.csv,자연관광,자연공원
가평,2025,7,2025-07,345,경기도,가평군,수암사,3,가평 2025_07.csv,역사관광,종교성지
가평,2025,7,2025-07,345,경기도,가평군,도마양어장,3,가평 2025_07.csv,체험관광,농/산/어촌체험
가평,2025,7,2025-07,345,경기도,가평군,임산폭포,3,가평 2025_07.csv,자연관광,자연경관(산)
가평,2025,7,2025-07,345,경기도,가평군,김중식미술관,3,가평 2025_07.csv,문화관광,전시시설
가평,2025,7,2025-07,345,경기도,가평군,가평군 설악면 전위골마을,3,가평 2025_07.csv,역사관광,역사유적지
가평,2025,8,2025-08,1,경기도,가평군,남이섬,7946,가평 2025_08.csv,자연관광,자연경관(하천/해양)
가평,2025,8,2025-08,2,경기도,가평군,청평역,6445,가평 2025_08.csv,기타관광,교통시설
가평,2025,8,2025-08,3,경기도,가평군,남이섬선착장,6156,가평 2025_08.csv,기타관광,교통시설
가평,2025,8,2025-08,4,경기도,가평군,유명산자연휴양림,5372,가평 2025_08.csv,자연관광,자연공원
가평,2025,8,2025-08,5,경기도,가평군,가평베네스트GC,5083,가평 2025_08.csv,레저스포츠,육상레저스포츠
가평,2025,8,2025-08,6,경기도,가평군,아침고요수목원,5022,가평 2025_08.csv,문화관광,테마공원
가평,2025,8,2025-08,7,경기도,가평군,썬힐GC,4792,가평 2025_08.csv,레저스포츠,육상레저스포츠
가평,2025,8,2025-08,8,경기도,가평군,프리스틴밸리GC,3833,가평 2025_08.csv,레저스포츠,육상레저스포츠
가평,2025,8,2025-08,9,경기도,가평군,캠프통포레스트,3750,가평 2025_08.csv,레저스포츠,수상레저스포츠
가평,2025,8,2025-08,10,경기도,가평군,아난티코드골프클럽,3734,가평 2025_08.csv,레저스포츠,육상레저스포츠
가평,2025,8,2025-08,11,경기도,가평군,가평베고니아새정원,3700,가평 2025_08.csv,문화관광,테마공원
가평,2025,8,2025-08,12,경기도,가평군,자라섬,3537,가평 2025_08.csv,자연관광,자연경관(하천/해양)
가평,2025,8,2025-08,13,경기도,가평군,신비동물원가평점,3212,가평 2025_08.csv,문화관광,테마공원
가평,2025,8,2025-08,14,경기도,가평군,크리스탈밸리CC,3129,가평 2025_08.csv,레저스포츠,육상레저스포츠
가평,2025,8,2025-08,15,경기도,가평군,용추계곡,2795,가평 2025_08.csv,자연관광,자연경관(산)
가평,2025,8,2025-08,16,경기도,가평군,현리시외버스터미널,2404,가평 2025_08.csv,기타관광,교통시설
가평,2025,8,2025-08,17,경기도,가평군,쁘띠프랑스,2279,가평 2025_08.csv,문화관광,복합관광시설
가평,2025,8,2025-08,18,경기도,가평군,도대리용소폭포,2066,가평 2025_08.csv,자연관광,자연경관(산)
가평,2025,8,2025-08,19,경기도,가평군,마이다스밸리청평 골프클럽,2056,가평 2025_08.csv,레저스포츠,육상레저스포츠
가평,2025,8,2025-08,20,경기도,가평군,베뉴지CC,2000,가평 2025_08.csv,레저스포츠,육상레저스포츠
가평,2025,8,2025-08,21,경기도,가평군,가평시외버스터미널,1871,가평 2025_08.csv,기타관광,교통시설
가평,2025,8,2025-08,22,경기도,가평군,명지계곡,1843,가평 2025_08.csv,자연관광,자연경관(산)
가평,2025,8,2025-08,23,경기도,가평군,리앤리CC,1782,가평 2025_08.csv,레저스포츠,육상레저스포츠
가평,2025,8,2025-08,24,경기도,가평군,어비계곡,1767,가평 2025_08.csv,자연관광,자연경관(산)
가평,2025,8,2025-08,25,경기도,가평군,경기도잣향기푸른숲,1541,가평 2025_08.csv,자연관광,자연공원
가평,2025,8,2025-08,26,경기도,가평군,아침고요가족동물원,1390,가평 2025_08.csv,문화관광,테마공원
가평,2025,8,2025-08,27,경기도,가평군,용소폭포,1370,가평 2025_08.csv,자연관광,자연경관(산)
가평,2025,8,2025-08,28,경기도,가평군,모비딕수상레저,1252,가평 2025_08.csv,레저스포츠,수상레저스포츠
가평,2025,8,2025-08,29,경기도,가평군,호수유원지,1223,가평 2025_08.csv,기타관광,기타관광
가평,2025,8,2025-08,30,경기도,가평군,청평시외버스터미널,1066,가평 2025_08.csv,기타관광,교통시설
가평,2025,8,2025-08,31,경기도,가평군,아이언수상레저,1035,가평 2025_08.csv,레저스포츠,기타레저스포츠
가평,2025,8,2025-08,32,경기도,가평군,조무락계곡,1011,가평 2025_08.csv,자연관광,자연경관(산)
가평,2025,8,2025-08,33,경기도,가평군,녹수계곡,971,가평 2025_08.csv,자연관광,자연경관(산)
가평,2025,8,2025-08,34,경기도,가평군,K26잠수풀,941,가평 2025_08.csv,레저스포츠,수상레저스포츠
가평,2025,8,2025-08,35,경기도,가평군,강촌레일파크가평역,916,가평 2025_08.csv,레저스포츠,기타레저스포츠
가평,2025,8,2025-08,36,경기도,가평군,가평빠지클럽비발디,894,가평 2025_08.csv,레저스포츠,수상레저스포츠
가평,2025,8,2025-08,37,경기도,가평군,에델바이스스위스테마파크,882,가평 2025_08.csv,문화관광,테마공원
가평,2025,8,2025-08,38,경기도,가평군,청평호반드라이브코스,813,가평 2025_08.csv,기타관광,데이트코스
가평,2025,8,2025-08,39,경기도,가평군,캠프통아일랜드,807,가평 2025_08.csv,레저스포츠,수상레저스포츠
가평,2025,8,2025-08,40,경기도,가평군,가평파크골프장,774,가평 2025_08.csv,레저스포츠,육상레저스포츠
가평,2025,8,2025-08,41,경기도,가평군,칼봉산자연휴양림,767,가평 2025_08.csv,자연관광,자연공원
가평,2025,8,2025-08,42,경기도,가평군,항아리바위계곡,757,가평 2025_08.csv,자연관광,자연경관(산)
가평,2025,8,2025-08,43,경기도,가평군,가평빠지리버포인트수상레저,738,가평 2025_08.csv,레저스포츠,수상레저스포츠
가평,2025,8,2025-08,44,경기도,가평군,한국초콜릿연구소뮤지엄,721,가평 2025_08.csv,문화관광,전시시설
가평,2025,8,2025-08,45,경기도,가평군,화악계곡,678,가평 2025_08.csv,자연관광,자연경관(산)
가평,2025,8,2025-08,46,경기도,가평군,청평자연휴양림,669,가평 2025_08.csv,자연관광,자연공원
가평,2025,8,2025-08,47,경기도,가평군,강씨봉자연휴양림,654,가평 2025_08.csv,자연관광,자연공원
가평,2025,8,2025-08,48,경기도,가평군,유명산계곡,608,가평 2025_08.csv,자연관광,자연경관(산)
가평,2025,8,2025-08,48,경기도,가평군,르푸앙수상레져,608,가평 2025_08.csv,레저스포츠,수상레저스포츠
가평,2025,8,2025-08,50,경기도,가평군,가평빠지아마존수상레저,606,가평 2025_08.csv,레저스포츠,수상레저스포츠
가평,2025,8,2025-08,50,경기도,가평군,가평TOP랜드,606,가평 2025_08.csv,레저스포츠,수상레저스포츠
가평,2025,8,2025-08,52,경기도,가평군,가평크루즈,597,가평 2025_08.csv,레저스포츠,기타레저스포츠
가평,2025,8,2025-08,53,경기도,가평군,가평별빛정원,590,가평 2025_08.csv,문화관광,도시공원
가평,2025,8,2025-08,54,경기도,가평군,청심평화월드센터,544,가평 2025_08.csv,문화관광,공연시설
가평,2025,8,2025-08,55,경기도,가평군,설악시외버스터미널,539,가평 2025_08.csv,기타관광,교통시설
가평,2025,8,2025-08,56,경기도,가평군,청심국제청소년수련원,534,가평 2025_08.csv,레저스포츠,육상레저스포츠
가평,2025,8,2025-08,57,경기도,가평군,금개울유원지,520,가평 2025_08.csv,문화관광,복합관광시설
가평,2025,8,2025-08,58,경기도,가평군,워터플레이,486,가평 2025_08.csv,레저스포츠,수상레저스포츠
가평,2025,8,2025-08,59,경기도,가평군,호명호수,465,가평 2025_08.csv,자연관광,자연경관(하천/해양)
가평,2025,8,2025-08,60,경기도,가평군,크라운수상레저,457,가평 2025_08.csv,레저스포츠,수상레저스포츠
가평,2025,8,2025-08,60,경기도,가평군,잣고을전통시장,457,가평 2025_08.csv,쇼핑,시장
가평,2025,8,2025-08,62,경기도,가평군,가평군어린이음악놀이터,441,가평 2025_08.csv,문화관광,테마공원
가평,2025,8,2025-08,63,경기도,가평군,마린파크수상레저,423,가평 2025_08.csv,레저스포츠,수상레저스포츠
가평,2025,8,2025-08,64,경기도,가평군,현등사,422,가평 2025_08.csv,역사관광,종교성지
가평,2025,8,2025-08,65,경기도,가평군,음악역1939,410,가평 2025_08.csv,문화관광,기타문화관광지
가평,2025,8,2025-08,66,경기도,가평군,용소유원지,409,가평 2025_08.csv,문화관광,복합관광시설
가평,2025,8,2025-08,67,경기도,가평군,청평호,397,가평 2025_08.csv,자연관광,자연경관(하천/해양)
가평,2025,8,2025-08,68,경기도,가평군,리버랜드번지점프장,381,가평 2025_08.csv,레저스포츠,육상레저스포츠
가평,2025,8,2025-08,69,경기도,가평군,떡바위유원지,368,가평 2025_08.csv,문화관광,복합관광시설
가평,2025,8,2025-08,70,경기도,가평군,경반계곡,367,가평 2025_08.csv,자연관광,자연경관(산)
가평,2025,8,2025-08,71,경기도,가평군,산장관광지,360,가평 2025_08.csv,문화관광,복합관광시설
가평,2025,8,2025-08,72,경기도,가평군,아루바수상레저,355,가평 2025_08.csv,레저스포츠,기타레저스포츠
가평,2025,8,2025-08,73,경기도,가평군,가람유원지,329,가평 2025_08.csv,문화관광,복합관광시설
가평,2025,8,2025-08,74,경기도,가평군,자라섬야외수영장,322,가평 2025_08.csv,문화관광,테마공원
가평,2025,8,2025-08,75,경기도,가평군,선셋740,320,가평 2025_08.csv,레저스포츠,수상레저스포츠
가평,2025,8,2025-08,76,경기도,가평군,백련사,316,가평 2025_08.csv,역사관광,종교성지
가평,2025,8,2025-08,77,경기도,가평군,K2수상레져,315,가평 2025_08.csv,레저스포츠,수상레저스포츠
가평,2025,8,2025-08,78,경기도,가평군,송학포유원지,297,가평 2025_08.csv,문화관광,복합관광시설
가평,2025,8,2025-08,79,경기도,가평군,가평빠지이비자수상레저,296,가평 2025_08.csv,레저스포츠,수상레저스포츠
가평,2025,8,2025-08,80,경기도,가평군,탑코리아수상레저,295,가평 2025_08.csv,레저스포츠,수상레저스포츠
가평,2025,8,2025-08,81,경기도,가평군,이탈리아마을 피노키오와다빈치,292,가평 2025_08.csv,문화관광,복합관광시설
가평,2025,8,2025-08,81,경기도,가평군,유명산,292,가평 2025_08.csv,자연관광,자연경관(산)
가평,2025,8,2025-08,83,경기도,가평군,별비치워터파크,291,가평 2025_08.csv,문화관광,테마공원
가평,2025,8,2025-08,83,경기도,가평군,W홀스랜드,291,가평 2025_08.csv,레저스포츠,육상레저스포츠
가평,2025,8,2025-08,85,경기도,가평군,자이언트수상레저리조트,289,가평 2025_08.csv,레저스포츠,수상레저스포츠
가평,2025,8,2025-08,86,경기도,가평군,바하마수상레포츠,288,가평 2025_08.csv,레저스포츠,수상레저스포츠
가평,2025,8,2025-08,87,경기도,가평군,가평썸머플레이스,287,가평 2025_08.csv,레저스포츠,수상레저스포츠
가평,2025,8,2025-08,88,경기도,가평군,가평브릿지짚라인,281,가평 2025_08.csv,레저스포츠,기타레저스포츠
가평,2025,8,2025-08,89,경기도,가평군,가평정기5일시장,277,가평 2025_08.csv,쇼핑,시장
가평,2025,8,2025-08,90,경기도,가평군,아레나수상레저,276,가평 2025_08.csv,레저스포츠,수상레저스포츠
가평,2025,8,2025-08,91,경기도,가평군,알로하다이노,258,가평 2025_08.csv,레저스포츠,수상레저스포츠
가평,2025,8,2025-08,92,경기도,가평군,청평생활체육공원,256,가평 2025_08.csv,문화관광,도시공원
가평,2025,8,2025-08,93,경기도,가평군,꿈의동산,253,가평 2025_08.csv,문화관광,복합관광시설
가평,2025,8,2025-08,94,경기도,가평군,큰골계곡,251,가평 2025_08.csv,자연관광,자연경관(산)
가평,2025,8,2025-08,95,경기도,가평군,천정궁박물관,250,가평 2025_08.csv,문화관광,전시시설
가평,2025,8,2025-08,96,경기도,가평군,수영인의마을,248,가평 2025_08.csv,레저스포츠,수상레저스포츠
가평,2025,8,2025-08,97,경기도,가평군,운악산출렁다리,245,가평 2025_08.csv,기타관광,기타관광
가평,2025,8,2025-08,98,경기도,가평군,물조은빠지,235,가평 2025_08.csv,레저스포츠,수상레저스포츠
가평,2025,8,2025-08,99,경기도,가평군,대성리국민관광지,226,가평 2025_08.csv,문화관광,복합관광시설
가평,2025,8,2025-08,100,경기도,가평군,목동버스터미널,221,가평 2025_08.csv,기타관광,교통시설
가평,2025,8,2025-08,101,경기도,가평군,맨하탄수상레져,220,가평 2025_08.csv,레저스포츠,수상레저스포츠
가평,2025,8,2025-08,102,경기도,가평군,삼원수상레저,218,가평 2025_08.csv,레저스포츠,기타레저스포츠
가평,2025,8,2025-08,103,경기도,가평군,도장골낚시터,212,가평 2025_08.csv,레저스포츠,수상레저스포츠
가평,2025,8,2025-08,104,경기도,가평군,대원사,208,가평 2025_08.csv,역사관광,종교성지
가평,2025,8,2025-08,105,경기도,가평군,이화원,205,가평 2025_08.csv,문화관광,도시공원
가평,2025,8,2025-08,106,경기도,가평군,가일미술관,203,가평 2025_08.csv,문화관광,전시시설
가평,2025,8,2025-08,107,경기도,가평군,아토믹워터파크,200,가평 2025_08.csv,문화관광,테마공원
가평,2025,8,2025-08,108,경기도,가평군,서울특별시교육청학생교육원본원,199,가평 2025_08.csv,체험관광,체험관광기타
가평,2025,8,2025-08,109,경기도,가평군,현리계곡,196,가평 2025_08.csv,자연관광,자연경관(산)
가평,2025,8,2025-08,109,경기도,가평군,청평5일시장,196,가평 2025_08.csv,쇼핑,시장
가평,2025,8,2025-08,111,경기도,가평군,호명호수공원,194,가평 2025_08.csv,문화관광,도시공원
가평,2025,8,2025-08,111,경기도,가평군,스마일수상레저,194,가평 2025_08.csv,레저스포츠,수상레저스포츠
가평,2025,8,2025-08,113,경기도,가평군,조종천계곡,190,가평 2025_08.csv,자연관광,자연경관(산)
가평,2025,8,2025-08,114,경기도,가평군,레저캠프,188,가평 2025_08.csv,레저스포츠,기타레저스포츠
가평,2025,8,2025-08,115,경기도,가평군,서프앤,187,가평 2025_08.csv,레저스포츠,수상레저스포츠
가평,2025,8,2025-08,116,경기도,가평군,서울특별시교육청학생교육원대성리교육원,186,가평 2025_08.csv,체험관광,체험관광기타
가평,2025,8,2025-08,117,경기도,가평군,자라섬꽃페스타,181,가평 2025_08.csv,문화관광,기타문화관광지
가평,2025,8,2025-08,118,경기도,가평군,스카이라인짚와이어,180,가평 2025_08.csv,문화관광,복합관광시설
가평,2025,8,2025-08,119,경기도,가평군,말리부수상레저,179,가평 2025_08.csv,레저스포츠,수상레저스포츠
가평,2025,8,2025-08,120,경기도,가평군,크리스월드수상레저,171,가평 2025_08.csv,레저스포츠,수상레저스포츠
가평,2025,8,2025-08,121,경기도,가평군,화악산,170,가평 2025_08.csv,자연관광,자연경관(산)
가평,2025,8,2025-08,122,경기도,가평군,헤이븐,169,가평 2025_08.csv,레저스포츠,수상레저스포츠
가평,2025,8,2025-08,123,경기도,가평군,현리유원지,166,가평 2025_08.csv,문화관광,복합관광시설
가평,2025,8,2025-08,124,경기도,가평군,소풍레저,163,가평 2025_08.csv,레저스포츠,수상레저스포츠
가평,2025,8,2025-08,125,경기도,가평군,청평리버랜드수상레저,158,가평 2025_08.csv,문화관광,복합관광시설
가평,2025,8,2025-08,126,경기도,가평군,자라섬출렁다리,157,가평 2025_08.csv,기타관광,기타관광
가평,2025,8,2025-08,127,경기도,가평군,마린컴퍼니클럽,156,가평 2025_08.csv,레저스포츠,수상레저스포츠
가평,2025,8,2025-08,128,경기도,가평군,클럽이글스수상레저,155,가평 2025_08.csv,레저스포츠,기타레저스포츠
가평,2025,8,2025-08,129,경기도,가평군,이지수상레져,154,가평 2025_08.csv,레저스포츠,기타레저스포츠
가평,2025,8,2025-08,129,경기도,가평군,클럽미사수상레저,154,가평 2025_08.csv,레저스포츠,수상레저스포츠
가평,2025,8,2025-08,129,경기도,가평군,가평양떼목장수국축제,154,가평 2025_08.csv,문화관광,기타문화관광지
가평,2025,8,2025-08,129,경기도,가평군,더스테이힐링파크링스파3골프장,154,가평 2025_08.csv,레저스포츠,육상레저스포츠
가평,2025,8,2025-08,133,경기도,가평군,백둔계곡,152,가평 2025_08.csv,자연관광,자연경관(산)
가평,2025,8,2025-08,133,경기도,가평군,텃바위유원지,152,가평 2025_08.csv,문화관광,복합관광시설
가평,2025,8,2025-08,135,경기도,가평군,조종시네마,149,가평 2025_08.csv,문화관광,공연시설
가평,2025,8,2025-08,135,경기도,가평군,빠져수상레저,149,가평 2025_08.csv,레저스포츠,수상레저스포츠
가평,2025,8,2025-08,137,경기도,가평군,썸머타임수상레저,147,가평 2025_08.csv,레저스포츠,수상레저스포츠
가평,2025,8,2025-08,138,경기도,가평군,룰루마린수상레저,144,가평 2025_08.csv,레저스포츠,수상레저스포츠
가평,2025,8,2025-08,138,경기도,가평군,명지산생태전시관,144,가평 2025_08.csv,문화관광,전시시설
가평,2025,8,2025-08,138,경기도,가평군,버드마리나수상레저,144,가평 2025_08.csv,레저스포츠,기타레저스포츠
가평,2025,8,2025-08,141,경기도,가평군,애기소계곡,142,가평 2025_08.csv,자연관광,자연경관(산)
가평,2025,8,2025-08,142,경기도,가평군,엘혜윰의정원,141,가평 2025_08.csv,레저스포츠,육상레저스포츠
가평,2025,8,2025-08,143,경기도,가평군,북면생활체육공원,140,가평 2025_08.csv,문화관광,도시공원
가평,2025,8,2025-08,143,경기도,가평군,대성수상레저,140,가평 2025_08.csv,레저스포츠,수상레저스포츠
가평,2025,8,2025-08,145,경기도,가평군,이뜨랜수상레저,131,가평 2025_08.csv,레저스포츠,수상레저스포츠
가평,2025,8,2025-08,145,경기도,가평군,운악산,131,가평 2025_08.csv,자연관광,자연경관(산)
가평,2025,8,2025-08,147,경기도,가평군,워터피아수상레저,130,가평 2025_08.csv,레저스포츠,수상레저스포츠
가평,2025,8,2025-08,147,경기도,가평군,가평빠지하이수상레저,130,가평 2025_08.csv,레저스포츠,수상레저스포츠
가평,2025,8,2025-08,149,경기도,가평군,가평레져카트장,129,가평 2025_08.csv,레저스포츠,기타레저스포츠
가평,2025,8,2025-08,150,경기도,가평군,청평계곡,127,가평 2025_08.csv,자연관광,자연경관(산)
가평,2025,8,2025-08,151,경기도,가평군,웨이크베이리조트,125,가평 2025_08.csv,레저스포츠,기타레저스포츠
가평,2025,8,2025-08,152,경기도,가평군,루시아수상레저,124,가평 2025_08.csv,레저스포츠,수상레저스포츠
가평,2025,8,2025-08,152,경기도,가평군,대성리계곡,124,가평 2025_08.csv,자연관광,자연경관(산)
가평,2025,8,2025-08,154,경기도,가평군,베니스수상레저,123,가평 2025_08.csv,레저스포츠,수상레저스포츠
가평,2025,8,2025-08,154,경기도,가평군,가평빠지건전한레저,123,가평 2025_08.csv,레저스포츠,수상레저스포츠
가평,2025,8,2025-08,156,경기도,가평군,가평수목원,118,가평 2025_08.csv,자연관광,자연공원
가평,2025,8,2025-08,157,경기도,가평군,레인보우수상레저,115,가평 2025_08.csv,레저스포츠,수상레저스포츠
가평,2025,8,2025-08,157,경기도,가평군,귀목계곡,115,가평 2025_08.csv,자연관광,자연경관(산)
가평,2025,8,2025-08,159,경기도,가평군,청평유원지,114,가평 2025_08.csv,문화관광,복합관광시설
가평,2025,8,2025-08,160,경기도,가평군,마린보이수상레저,113,가평 2025_08.csv,레저스포츠,수상레저스포츠
가평,2025,8,2025-08,161,경기도,가평군,경기도잣향기푸른숲안내매표소,112,가평 2025_08.csv,기타관광,기타관광
가평,2025,8,2025-08,162,경기도,가평군,가평뮤직빌리지1939시네마,105,가평 2025_08.csv,문화관광,공연시설
가평,2025,8,2025-08,163,경기도,가평군,청평여울시장,103,가평 2025_08.csv,쇼핑,시장
가평,2025,8,2025-08,164,경기도,가평군,오페라하우스수상레저,102,가평 2025_08.csv,레저스포츠,수상레저스포츠
가평,2025,8,2025-08,165,경기도,가평군,모험의시작,101,가평 2025_08.csv,레저스포츠,수상레저스포츠
가평,2025,8,2025-08,166,경기도,가평군,토마토레저파크,99,가평 2025_08.csv,레저스포츠,기타레저스포츠
가평,2025,8,2025-08,167,경기도,가평군,달마공원관음사,98,가평 2025_08.csv,역사관광,종교성지
가평,2025,8,2025-08,167,경기도,가평군,호명산드라이브코스,98,가평 2025_08.csv,기타관광,데이트코스
가평,2025,8,2025-08,169,경기도,가평군,산림생태문화체험단지,96,가평 2025_08.csv,기타관광,기타관광
가평,2025,8,2025-08,170,경기도,가평군,가평역레져,95,가평 2025_08.csv,레저스포츠,기타레저스포츠
가평,2025,8,2025-08,171,경기도,가평군,청평페리,89,가평 2025_08.csv,기타관광,교통시설
가평,2025,8,2025-08,172,경기도,가평군,용추계곡유원지,84,가평 2025_08.csv,문화관광,복합관광시설
가평,2025,8,2025-08,173,경기도,가평군,어거스트수상레저,79,가평 2025_08.csv,레저스포츠,수상레저스포츠
가평,2025,8,2025-08,173,경기도,가평군,운악산성불사,79,가평 2025_08.csv,역사관광,종교성지
가평,2025,8,2025-08,175,경기도,가평군,가평군 설악면 초롱이둥지마을,78,가평 2025_08.csv,역사관광,역사유적지
가평,2025,8,2025-08,176,경기도,가평군,포세이돈,75,가평 2025_08.csv,레저스포츠,수상레저스포츠
가평,2025,8,2025-08,177,경기도,가평군,자라섬워터파크,74,가평 2025_08.csv,문화관광,테마공원
가평,2025,8,2025-08,178,경기도,가평군,연인산명품계곡길,71,가평 2025_08.csv,레저스포츠,기타레저스포츠
가평,2025,8,2025-08,179,경기도,가평군,가마소유원지,70,가평 2025_08.csv,문화관광,복합관광시설
가평,2025,8,2025-08,180,경기도,가평군,라인수상레저,69,가평 2025_08.csv,레저스포츠,수상레저스포츠
가평,2025,8,2025-08,180,경기도,가평군,설악5일장,69,가평 2025_08.csv,쇼핑,시장
가평,2025,8,2025-08,182,경기도,가평군,연인산,65,가평 2025_08.csv,자연관광,자연경관(산)
가평,2025,8,2025-08,183,경기도,가평군,서울특별시교육청학생교육원글로벌문화언어체험교육원,64,가평 2025_08.csv,체험관광,체험관광기타
가평,2025,8,2025-08,184,경기도,가평군,뉴돌고래수상레저,63,가평 2025_08.csv,레저스포츠,수상레저스포츠
가평,2025,8,2025-08,185,경기도,가평군,신청평대교야구장,60,가평 2025_08.csv,문화관광,레저스포츠시설
가평,2025,8,2025-08,186,경기도,가평군,남도꽃정원,57,가평 2025_08.csv,문화관광,도시공원
가평,2025,8,2025-08,186,경기도,가평군,조종생활체육공원,57,가평 2025_08.csv,문화관광,도시공원
가평,2025,8,2025-08,186,경기도,가평군,자라섬생태공원,57,가평 2025_08.csv,문화관광,도시공원
가평,2025,8,2025-08,189,경기도,가평군,이수네유원지,56,가평 2025_08.csv,문화관광,복합관광시설
가평,2025,8,2025-08,189,경기도,가평군,현등사계곡,56,가평 2025_08.csv,자연관광,자연경관(산)
가평,2025,8,2025-08,191,경기도,가평군,청정낚시터,54,가평 2025_08.csv,레저스포츠,수상레저스포츠
가평,2025,8,2025-08,191,경기도,가평군,탐선계곡유원지,54,가평 2025_08.csv,문화관광,복합관광시설
가평,2025,8,2025-08,193,경기도,가평군,백팔유원지,52,가평 2025_08.csv,문화관광,복합관광시설
가평,2025,8,2025-08,193,경기도,가평군,상면생활체육공원,52,가평 2025_08.csv,문화관광,도시공원
가평,2025,8,2025-08,195,경기도,가평군,물의나라유원지,51,가평 2025_08.csv,문화관광,복합관광시설
가평,2025,8,2025-08,196,경기도,가평군,무당소유원지,50,가평 2025_08.csv,문화관광,복합관광시설
가평,2025,8,2025-08,197,경기도,가평군,돌고래수상레저,49,가평 2025_08.csv,레저스포츠,기타레저스포츠
가평,2025,8,2025-08,198,경기도,가평군,산유낚시터,48,가평 2025_08.csv,레저스포츠,수상레저스포츠
가평,2025,8,2025-08,199,경기도,가평군,상천낚시터,47,가평 2025_08.csv,레저스포츠,수상레저스포츠
가평,2025,8,2025-08,199,경기도,가평군,중봉,47,가평 2025_08.csv,자연관광,자연경관(산)
가평,2025,8,2025-08,201,경기도,가평군,트니트니어드벤처,45,가평 2025_08.csv,문화관광,테마공원
가평,2025,8,2025-08,201,경기도,가평군,청평유원지,45,가평 2025_08.csv,문화관광,복합관광시설
가평,2025,8,2025-08,203,경기도,가평군,남송미술관,44,가평 2025_08.csv,문화관광,전시시설
가평,2025,8,2025-08,203,경기도,가평군,가평 수상레저 바이킹 빠지,44,가평 2025_08.csv,레저스포츠,수상레저스포츠
가평,2025,8,2025-08,205,경기도,가평군,클럽펀,43,가평 2025_08.csv,레저스포츠,수상레저스포츠
가평,2025,8,2025-08,205,경기도,가평군,가평에덴벚꽃길,43,가평 2025_08.csv,기타관광,기타관광
가평,2025,8,2025-08,207,경기도,가평군,익근리계곡,42,가평 2025_08.csv,자연관광,자연경관(산)
가평,2025,8,2025-08,208,경기도,가평군,그린수상레져,41,가평 2025_08.csv,레저스포츠,수상레저스포츠
가평,2025,8,2025-08,208,경기도,가평군,운악산관음사,41,가평 2025_08.csv,역사관광,종교성지
가평,2025,8,2025-08,208,경기도,가평군,가평이음터,41,가평 2025_08.csv,문화관광,기타문화관광지
가평,2025,8,2025-08,208,경기도,가평군,설악낚시터,41,가평 2025_08.csv,레저스포츠,수상레저스포츠
가평,2025,8,2025-08,212,경기도,가평군,팀더블유,40,가평 2025_08.csv,레저스포츠,기타레저스포츠
가평,2025,8,2025-08,212,경기도,가평군,청평암,40,가평 2025_08.csv,역사관광,종교성지
가평,2025,8,2025-08,212,경기도,가평군,노랑다리미술관,40,가평 2025_08.csv,문화관광,전시시설
가평,2025,8,2025-08,215,경기도,가평군,자라섬재즈페스티벌,39,가평 2025_08.csv,문화관광,기타문화관광지
가평,2025,8,2025-08,216,경기도,가평군,타자가평수상레저,38,가평 2025_08.csv,레저스포츠,기타레저스포츠
가평,2025,8,2025-08,217,경기도,가평군,무아레풀무아레,37,가평 2025_08.csv,문화관광,테마공원
가평,2025,8,2025-08,218,경기도,가평군,아침고요체험살피꽃다방,35,가평 2025_08.csv,레저스포츠,기타레저스포츠
가평,2025,8,2025-08,218,경기도,가평군,클럽나인수상레저,35,가평 2025_08.csv,레저스포츠,수상레저스포츠
가평,2025,8,2025-08,220,경기도,가평군,보납정,34,가평 2025_08.csv,레저스포츠,육상레저스포츠
가평,2025,8,2025-08,221,경기도,가평군,청평호수길,33,가평 2025_08.csv,기타관광,기타관광
가평,2025,8,2025-08,221,경기도,가평군,파로티아워터하우스수상레저,33,가평 2025_08.csv,레저스포츠,수상레저스포츠
가평,2025,8,2025-08,223,경기도,가평군,두밀계곡,32,가평 2025_08.csv,자연관광,자연경관(산)
가평,2025,8,2025-08,223,경기도,가평군,훼미리유원지,32,가평 2025_08.csv,문화관광,복합관광시설
가평,2025,8,2025-08,225,경기도,가평군,청수계곡유원지,31,가평 2025_08.csv,문화관광,복합관광시설
가평,2025,8,2025-08,226,경기도,가평군,가평군 설악면 반딧불마을,30,가평 2025_08.csv,역사관광,역사유적지
가평,2025,8,2025-08,226,경기도,가평군,마리서프,30,가평 2025_08.csv,레저스포츠,수상레저스포츠
가평,2025,8,2025-08,228,경기도,가평군,일지안호범미술관,29,가평 2025_08.csv,문화관광,전시시설
가평,2025,8,2025-08,228,경기도,가평군,한강수상레저,29,가평 2025_08.csv,레저스포츠,수상레저스포츠
가평,2025,8,2025-08,228,경기도,가평군,취옹예술관,29,가평 2025_08.csv,문화관광,전시시설
가평,2025,8,2025-08,228,경기도,가평군,설악생활체육공원,29,가평 2025_08.csv,문화관광,도시공원
가평,2025,8,2025-08,228,경기도,가평군,선어치,29,가평 2025_08.csv,자연관광,자연경관(산)
가평,2025,8,2025-08,233,경기도,가평군,설악생활체육공원축구장,28,가평 2025_08.csv,문화관광,레저스포츠시설
가평,2025,8,2025-08,234,경기도,가평군,바우유원지,27,가평 2025_08.csv,문화관광,복합관광시설
가평,2025,8,2025-08,234,경기도,가평군,상락향수도원,27,가평 2025_08.csv,역사관광,종교성지
가평,2025,8,2025-08,236,경기도,가평군,유스토리청소년수련원,26,가평 2025_08.csv,레저스포츠,육상레저스포츠
가평,2025,8,2025-08,236,경기도,가평군,북배산흑염소농장,26,가평 2025_08.csv,체험관광,농/산/어촌체험
가평,2025,8,2025-08,238,경기도,가평군,킹웨이크서프스쿨,25,가평 2025_08.csv,레저스포츠,수상레저스포츠
가평,2025,8,2025-08,238,경기도,가평군,가평축령산잣나무숲,25,가평 2025_08.csv,자연관광,자연공원
가평,2025,8,2025-08,238,경기도,가평군,항아리바위유원지,25,가평 2025_08.csv,기타관광,기타관광
가평,2025,8,2025-08,241,경기도,가평군,가평현리5일장,24,가평 2025_08.csv,쇼핑,시장
가평,2025,8,2025-08,241,경기도,가평군,자연과별천문대,24,가평 2025_08.csv,기타관광,기타관광
가평,2025,8,2025-08,241,경기도,가평군,불기고개,24,가평 2025_08.csv,자연관광,자연경관(산)
가평,2025,8,2025-08,241,경기도,가평군,화야산,24,가평 2025_08.csv,자연관광,자연경관(산)
가평,2025,8,2025-08,245,경기도,가평군,일칠일관광농원,23,가평 2025_08.csv,체험관광,농/산/어촌체험
가평,2025,8,2025-08,245,경기도,가평군,해바라기유원지,23,가평 2025_08.csv,문화관광,복합관광시설
가평,2025,8,2025-08,245,경기도,가평군,이정웅스페이스,23,가평 2025_08.csv,문화관광,전시시설
가평,2025,8,2025-08,248,경기도,가평군,목동근린공원전망대,22,가평 2025_08.csv,문화관광,랜드마크관광
가평,2025,8,2025-08,248,경기도,가평군,가평종합운동장야구장,22,가평 2025_08.csv,문화관광,레저스포츠시설
가평,2025,8,2025-08,250,경기도,가평군,청춘역1979,21,가평 2025_08.csv,문화관광,도시공원
가평,2025,8,2025-08,251,경기도,가평군,썸머드림,20,가평 2025_08.csv,레저스포츠,수상레저스포츠
가평,2025,8,2025-08,252,경기도,가평군,한국바이에른식육학교,19,가평 2025_08.csv,체험관광,체험관광기타
가평,2025,8,2025-08,252,경기도,가평군,가평사계절썰매장,19,가평 2025_08.csv,레저스포츠,육상레저스포츠
가평,2025,8,2025-08,252,경기도,가평군,클럽에덴수상레져타운,19,가평 2025_08.csv,레저스포츠,수상레저스포츠
가평,2025,8,2025-08,255,경기도,가평군,씨브이리조트,18,가평 2025_08.csv,레저스포츠,수상레저스포츠
가평,2025,8,2025-08,255,경기도,가평군,태은사,18,가평 2025_08.csv,역사관광,종교성지
가평,2025,8,2025-08,255,경기도,가평군,성주사,18,가평 2025_08.csv,역사관광,종교성지
가평,2025,8,2025-08,258,경기도,가평군,색현터널,17,가평 2025_08.csv,기타관광,기타관광
가평,2025,8,2025-08,258,경기도,가평군,삼회리벚꽃길,17,가평 2025_08.csv,기타관광,데이트코스
가평,2025,8,2025-08,260,경기도,가평군,어비산,16,가평 2025_08.csv,자연관광,자연경관(산)
가평,2025,8,2025-08,260,경기도,가평군,지영수상스키장,16,가평 2025_08.csv,레저스포츠,수상레저스포츠
가평,2025,8,2025-08,260,경기도,가평군,청룡사,16,가평 2025_08.csv,역사관광,종교성지
가평,2025,8,2025-08,260,경기도,가평군,이시스수상레저,16,가평 2025_08.csv,레저스포츠,수상레저스포츠
가평,2025,8,2025-08,264,경기도,가평군,상천루,15,가평 2025_08.csv,문화관광,도시공원
가평,2025,8,2025-08,264,경기도,가평군,가평빠지블랙수상레저,15,가평 2025_08.csv,레저스포츠,수상레저스포츠
가평,2025,8,2025-08,264,경기도,가평군,도솔천사,15,가평 2025_08.csv,역사관광,종교성지
가평,2025,8,2025-08,264,경기도,가평군,이화여자대학교수목원,15,가평 2025_08.csv,레저스포츠,육상레저스포츠
가평,2025,8,2025-08,268,경기도,가평군,산울로수상스키,14,가평 2025_08.csv,레저스포츠,기타레저스포츠
가평,2025,8,2025-08,268,경기도,가평군,흥국사,14,가평 2025_08.csv,역사관광,종교성지
가평,2025,8,2025-08,268,경기도,가평군,청호수상레저,14,가평 2025_08.csv,레저스포츠,수상레저스포츠
가평,2025,8,2025-08,271,경기도,가평군,향원사,13,가평 2025_08.csv,역사관광,종교성지
가평,2025,8,2025-08,271,경기도,가평군,대성사,13,가평 2025_08.csv,역사관광,종교성지
가평,2025,8,2025-08,271,경기도,가평군,가평군 설악면 은혜마을,13,가평 2025_08.csv,역사관광,역사유적지
가평,2025,8,2025-08,271,경기도,가평군,폭포낚시,13,가평 2025_08.csv,레저스포츠,수상레저스포츠
가평,2025,8,2025-08,271,경기도,가평군,가평하늘커피농장,13,가평 2025_08.csv,체험관광,농/산/어촌체험
가평,2025,8,2025-08,276,경기도,가평군,연화세계,12,가평 2025_08.csv,역사관광,종교성지
가평,2025,8,2025-08,276,경기도,가평군,지산수상레저,12,가평 2025_08.csv,레저스포츠,수상레저스포츠
가평,2025,8,2025-08,276,경기도,가평군,에덴야구장,12,가평 2025_08.csv,문화관광,레저스포츠시설
가평,2025,8,2025-08,279,경기도,가평군,영안청소년수련원,11,가평 2025_08.csv,레저스포츠,육상레저스포츠
가평,2025,8,2025-08,279,경기도,가평군,청평캠프,11,가평 2025_08.csv,레저스포츠,기타레저스포츠
가평,2025,8,2025-08,279,경기도,가평군,폭포유원지,11,가평 2025_08.csv,문화관광,복합관광시설
가평,2025,8,2025-08,279,경기도,가평군,연인산도립공원탐방안내소,11,가평 2025_08.csv,기타관광,기타관광
가평,2025,8,2025-08,279,경기도,가평군,청평생태공원,11,가평 2025_08.csv,문화관광,도시공원
가평,2025,8,2025-08,284,경기도,가평군,리버빌수상레저타운,10,가평 2025_08.csv,레저스포츠,수상레저스포츠
가평,2025,8,2025-08,284,경기도,가평군,가평빠지크리스월드수상레저,10,가평 2025_08.csv,레저스포츠,수상레저스포츠
가평,2025,8,2025-08,284,경기도,가평군,호명산카페거리전망대,10,가평 2025_08.csv,문화관광,랜드마크관광
가평,2025,8,2025-08,284,경기도,가평군,연인산용추구곡방면,10,가평 2025_08.csv,자연관광,자연경관(산)
가평,2025,8,2025-08,284,경기도,가평군,구원사,10,가평 2025_08.csv,역사관광,종교성지
가평,2025,8,2025-08,284,경기도,가평군,청평스포랜드번지점프장,10,가평 2025_08.csv,레저스포츠,육상레저스포츠
가평,2025,8,2025-08,284,경기도,가평군,북한강유원지,10,가평 2025_08.csv,문화관광,복합관광시설
가평,2025,8,2025-08,284,경기도,가평군,마린랜드,10,가평 2025_08.csv,레저스포츠,수상레저스포츠
가평,2025,8,2025-08,284,경기도,가평군,약수유원지,10,가평 2025_08.csv,문화관광,복합관광시설
가평,2025,8,2025-08,284,경기도,가평군,가평무브베이스볼파크,10,가평 2025_08.csv,문화관광,레저스포츠시설
가평,2025,8,2025-08,284,경기도,가평군,마콤갤러리,10,가평 2025_08.csv,문화관광,전시시설
가평,2025,8,2025-08,284,경기도,가평군,호명산,10,가평 2025_08.csv,자연관광,자연경관(산)
가평,2025,8,2025-08,296,경기도,가평군,무주채폭포,9,가평 2025_08.csv,자연관광,자연경관(산)
가평,2025,8,2025-08,296,경기도,가평군,안골계곡,9,가평 2025_08.csv,자연관광,자연경관(산)
가평,2025,8,2025-08,296,경기도,가평군,수연폭포유원지,9,가평 2025_08.csv,문화관광,복합관광시설
가평,2025,8,2025-08,296,경기도,가평군,하천리생활체육공원,9,가평 2025_08.csv,문화관광,도시공원
가평,2025,8,2025-08,296,경기도,가평군,가평낚시터,9,가평 2025_08.csv,레저스포츠,수상레저스포츠
가평,2025,8,2025-08,296,경기도,가평군,청평첫집,9,가평 2025_08.csv,레저스포츠,수상레저스포츠
가평,2025,8,2025-08,296,경기도,가평군,소락개휴양림,9,가평 2025_08.csv,자연관광,자연공원
가평,2025,8,2025-08,296,경기도,가평군,가평수상레저가즈아,9,가평 2025_08.csv,레저스포츠,수상레저스포츠
가평,2025,8,2025-08,296,경기도,가평군,희망축구전용구장,9,가평 2025_08.csv,문화관광,레저스포츠시설
가평,2025,8,2025-08,305,경기도,가평군,가평레저파크,8,가평 2025_08.csv,레저스포츠,기타레저스포츠
가평,2025,8,2025-08,305,경기도,가평군,청호요트클럽,8,가평 2025_08.csv,레저스포츠,수상레저스포츠
가평,2025,8,2025-08,305,경기도,가평군,수락폭포,8,가평 2025_08.csv,자연관광,자연경관(산)
가평,2025,8,2025-08,305,경기도,가평군,SNG CLUB,8,가평 2025_08.csv,레저스포츠,수상레저스포츠
가평,2025,8,2025-08,305,경기도,가평군,청평자연유원지,8,가평 2025_08.csv,문화관광,복합관광시설
가평,2025,8,2025-08,305,경기도,가평군,에덴벚꽃길,8,가평 2025_08.csv,레저스포츠,기타레저스포츠
가평,2025,8,2025-08,311,경기도,가평군,가평엑스수상레져,7,가평 2025_08.csv,레저스포츠,수상레저스포츠
가평,2025,8,2025-08,311,경기도,가평군,은행나무낚시공원,7,가평 2025_08.csv,레저스포츠,수상레저스포츠
가평,2025,8,2025-08,311,경기도,가평군,가평군 북면 연인산마을,7,가평 2025_08.csv,역사관광,역사유적지
가평,2025,8,2025-08,311,경기도,가평군,거림네유원지,7,가평 2025_08.csv,문화관광,복합관광시설
가평,2025,8,2025-08,311,경기도,가평군,화야산큰골마을등산로,7,가평 2025_08.csv,자연관광,자연경관(산)
가평,2025,8,2025-08,311,경기도,가평군,극락정사,7,가평 2025_08.csv,역사관광,종교성지
가평,2025,8,2025-08,311,경기도,가평군,광법사,7,가평 2025_08.csv,역사관광,종교성지
가평,2025,8,2025-08,311,경기도,가평군,밤나무골유원지,7,가평 2025_08.csv,문화관광,복합관광시설
가평,2025,8,2025-08,311,경기도,가평군,석룡산,7,가평 2025_08.csv,자연관광,자연경관(산)
가평,2025,8,2025-08,311,경기도,가평군,락마리나수상스키장,7,가평 2025_08.csv,레저스포츠,수상레저스포츠
가평,2025,8,2025-08,321,경기도,가평군,조무락골친수공원,6,가평 2025_08.csv,문화관광,도시공원
가평,2025,8,2025-08,321,경기도,가평군,가평수상레저빠지놀러와,6,가평 2025_08.csv,레저스포츠,수상레저스포츠
가평,2025,8,2025-08,321,경기도,가평군,가평화랑유원지,6,가평 2025_08.csv,문화관광,복합관광시설
가평,2025,8,2025-08,321,경기도,가평군,용추쉼터,6,가평 2025_08.csv,기타관광,기타관광
가평,2025,8,2025-08,321,경기도,가평군,이정구선생묘,6,가평 2025_08.csv,역사관광,역사유적지
가평,2025,8,2025-08,321,경기도,가평군,운악산가평현등사방면,6,가평 2025_08.csv,자연관광,자연경관(산)
가평,2025,8,2025-08,321,경기도,가평군,상록수유원지,6,가평 2025_08.csv,문화관광,복합관광시설
가평,2025,8,2025-08,321,경기도,가평군,밤골유원지,6,가평 2025_08.csv,문화관광,복합관광시설
가평,2025,8,2025-08,321,경기도,가평군,백자동유원지,6,가평 2025_08.csv,문화관광,복합관광시설
가평,2025,8,2025-08,321,경기도,가평군,더스테이힐링파크와일드가든,6,가평 2025_08.csv,문화관광,도시공원
가평,2025,8,2025-08,321,경기도,가평군,가평문화창작공간얼쑤공장,6,가평 2025_08.csv,문화관광,기타문화관광지
가평,2025,8,2025-08,321,경기도,가평군,가평리틀야구장,6,가평 2025_08.csv,문화관광,레저스포츠시설
가평,2025,8,2025-08,333,경기도,가평군,달골지,5,가평 2025_08.csv,자연관광,자연경관(하천/해양)
가평,2025,8,2025-08,333,경기도,가평군,운곡암,5,가평 2025_08.csv,역사관광,종교성지
가평,2025,8,2025-08,333,경기도,가평군,독바위유원지,5,가평 2025_08.csv,문화관광,복합관광시설
가평,2025,8,2025-08,333,경기도,가평군,성불사,5,가평 2025_08.csv,역사관광,종교성지
가평,2025,8,2025-08,337,경기도,가평군,가평군관공선선착장,4,가평 2025_08.csv,기타관광,교통시설
가평,2025,8,2025-08,337,경기도,가평군,운악산용수사,4,가평 2025_08.csv,역사관광,종교성지
가평,2025,8,2025-08,337,경기도,가평군,가평빠지붐붐수상레저,4,가평 2025_08.csv,레저스포츠,수상레저스포츠
가평,2025,8,2025-08,337,경기도,가평군,M4서바이벌사격게임장,4,가평 2025_08.csv,레저스포츠,육상레저스포츠
가평,2025,8,2025-08,337,경기도,가평군,은두산대성석가사,4,가평 2025_08.csv,역사관광,종교성지
가평,2025,8,2025-08,337,경기도,가평군,코지웨이크서프,4,가평 2025_08.csv,레저스포츠,수상레저스포츠
가평,2025,8,2025-08,337,경기도,가평군,이천보고가,4,가평 2025_08.csv,역사관광,역사유적지
가평,2025,8,2025-08,337,경기도,가평군,고동산계곡,4,가평 2025_08.csv,자연관광,자연경관(산)
가평,2025,8,2025-08,337,경기도,가평군,호국연호사,4,가평 2025_08.csv,역사관광,종교성지
가평,2025,8,2025-08,337,경기도,가평군,보광사,4,가평 2025_08.csv,역사관광,종교성지
가평,2025,8,2025-08,337,경기도,가평군,코스모피아천문대,4,가평 2025_08.csv,문화관광,랜드마크관광
가평,2025,8,2025-08,337,경기도,가평군,빛나리유원지,4,가평 2025_08.csv,문화관광,복합관광시설
가평,2025,8,2025-08,337,경기도,가평군,아마란스리조트,4,가평 2025_08.csv,레저스포츠,수상레저스포츠
가평,2025,8,2025-08,337,경기도,가평군,계곡유원지,4,가평 2025_08.csv,문화관광,복합관광시설
가평,2025,8,2025-08,337,경기도,가평군,가평탑수상레저,4,가평 2025_08.csv,레저스포츠,수상레저스포츠
가평,2025,8,2025-08,337,경기도,가평군,상락향,4,가평 2025_08.csv,역사관광,종교성지
가평,2025,8,2025-08,337,경기도,가평군,가평군 청평면 야밀,4,가평 2025_08.csv,역사관광,역사유적지
가평,2025,8,2025-08,337,경기도,가평군,가평군 북면 오목골,4,가평 2025_08.csv,문화관광,도시/지역문화관광
가평,2025,8,2025-08,355,경기도,가평군,용추폭포,3,가평 2025_08.csv,자연관광,자연경관(산)
가평,2025,8,2025-08,355,경기도,가평군,서울특별시교육청학생교육원안전체험관,3,가평 2025_08.csv,체험관광,체험관광기타
가평,2025,8,2025-08,355,경기도,가평군,승승농원,3,가평 2025_08.csv,체험관광,농/산/어촌체험
가평,2025,8,2025-08,355,경기도,가평군,이지서프웨이크서핑,3,가평 2025_08.csv,레저스포츠,수상레저스포츠
가평,2025,8,2025-08,355,경기도,가평군,클럽모아나,3,가평 2025_08.csv,레저스포츠,수상레저스포츠
가평,2025,8,2025-08,355,경기도,가평군,사공일샵,3,가평 2025_08.csv,체험관광,공예체험
가평,2025,8,2025-08,355,경기도,가평군,반딧불이서식생태공원,3,가평 2025_08.csv,문화관광,도시공원
가평,2025,8,2025-08,355,경기도,가평군,뫼오름농원,3,가평 2025_08.csv,체험관광,농/산/어촌체험
가평,2025,8,2025-08,355,경기도,가평군,가평그린육묘장,3,가평 2025_08.csv,체험관광,농/산/어촌체험
가평,2025,8,2025-08,355,경기도,가평군,화엄정사,3,가평 2025_08.csv,역사관광,종교성지
가평,2025,8,2025-08,355,경기도,가평군,자라섬황톳길,3,가평 2025_08.csv,레저스포츠,기타레저스포츠
가평,2025,8,2025-08,355,경기도,가평군,갤러리1582,3,가평 2025_08.csv,문화관광,전시시설
가평,2025,8,2025-08,355,경기도,가평군,조종암,3,가평 2025_08.csv,역사관광,역사유적지
가평,2025,8,2025-08,355,경기도,가평군,이방실장군묘,3,가평 2025_08.csv,역사관광,역사유적지
가평,2025,8,2025-08,355,경기도,가평군,유명산휴양림관리소,3,가평 2025_08.csv,자연관광,자연공원
가평,2025,8,2025-08,355,경기도,가평군,겨울연가촬영지,3,가평 2025_08.csv,문화관광,기타문화관광지
가평,2025,8,2025-08,355,경기도,가평군,미원유원지,3,가평 2025_08.csv,문화관광,복합관광시설
가평,2025,8,2025-08,355,경기도,가평군,수풀로삼회리,3,가평 2025_08.csv,문화관광,도시공원
가평,2025,8,2025-08,355,경기도,가평군,화야산사기막등산로,3,가평 2025_08.csv,자연관광,자연경관(산)
가평,2025,8,2025-08,355,경기도,가평군,감로사,3,가평 2025_08.csv,역사관광,종교성지
가평,2025,8,2025-08,355,경기도,가평군,관음사,3,가평 2025_08.csv,역사관광,종교성지
가평,2025,8,2025-08,355,경기도,가평군,청평산장유원지,3,가평 2025_08.csv,문화관광,복합관광시설
가평,2025,8,2025-08,355,경기도,가평군,그린잔디유원지,3,가평 2025_08.csv,레저스포츠,기타레저스포츠
가평,2025,8,2025-08,355,경기도,가평군,운악산반길이포도원,3,가평 2025_08.csv,체험관광,농/산/어촌체험
가평,2025,8,2025-08,355,경기도,가평군,논남기계곡,3,가평 2025_08.csv,자연관광,자연경관(산)
가평,2025,8,2025-08,355,경기도,가평군,쁘띠프랑스오르골하우스,3,가평 2025_08.csv,기타관광,기타관광
가평,2025,8,2025-08,355,경기도,가평군,가평빠지클럽나인,3,가평 2025_08.csv,레저스포츠,수상레저스포츠
가평,2025,8,2025-08,355,경기도,가평군,설미재미술관,3,가평 2025_08.csv,문화관광,전시시설
가평,2025,8,2025-08,355,경기도,가평군,팀어거스트,3,가평 2025_08.csv,레저스포츠,수상레저스포츠
가평,2025,8,2025-08,355,경기도,가평군,대성낚시터,3,가평 2025_08.csv,레저스포츠,수상레저스포츠
가평,2025,8,2025-08,355,경기도,가평군,두밀리낚시터,3,가평 2025_08.csv,레저스포츠,수상레저스포츠
가평,2025,8,2025-08,355,경기도,가평군,적목리신앙공동체유적지,3,가평 2025_08.csv,역사관광,역사유적지
가평,2025,8,2025-08,355,경기도,가평군,중미산유원지,3,가평 2025_08.csv,문화관광,복합관광시설
가평,2025,8,2025-08,355,경기도,가평군,까치유원지,3,가평 2025_08.csv,문화관광,복합관광시설
가평,2025,8,2025-08,355,경기도,가평군,칼봉산,3,가평 2025_08.csv,자연관광,자연경관(산)
가평,2025,8,2025-08,355,경기도,가평군,인터렉티브아트뮤지엄,3,가평 2025_08.csv,문화관광,전시시설
가평,2025,8,2025-08,355,경기도,가평군,플로팅하우스,3,가평 2025_08.csv,레저스포츠,수상레저스포츠
가평,2025,8,2025-08,355,경기도,가평군,성운사,3,가평 2025_08.csv,역사관광,종교성지
가평,2025,8,2025-08,355,경기도,가평군,가평군 상면 조가터마을,3,가평 2025_08.csv,문화관광,도시/지역문화관광
가평,2025,8,2025-08,355,경기도,가평군,효심사,3,가평 2025_08.csv,역사관광,종교성지
가평,2025,8,2025-08,355,경기도,가평군,지장사,3,가평 2025_08.csv,역사관광,종교성지
가평,2025,8,2025-08,355,경기도,가평군,기름진멜로촬영지(W홀스랜드),3,가평 2025_08.csv,문화관광,기타문화관광지
가평,2025,8,2025-08,355,경기도,가평군,케이탑수상레저,3,가평 2025_08.csv,레저스포츠,수상레저스포츠
가평,2025,8,2025-08,355,경기도,가평군,보덕암,3,가평 2025_08.csv,역사관광,종교성지
가평,2025,8,2025-08,355,경기도,가평군,조종생활체육공원축구장,3,가평 2025_08.csv,문화관광,레저스포츠시설
가평,2025,8,2025-08,355,경기도,가평군,가람농원,3,가평 2025_08.csv,체험관광,농/산/어촌체험
가평,2025,8,2025-08,355,경기도,가평군,울업산,3,가평 2025_08.csv,자연관광,자연경관(산)
가평,2025,8,2025-08,355,경기도,가평군,신나고수상레저,3,가평 2025_08.csv,레저스포츠,기타레저스포츠
가평,2025,8,2025-08,355,경기도,가평군,구혈계곡,3,가평 2025_08.csv,자연관광,자연경관(산)
가평,2025,8,2025-08,355,경기도,가평군,더스테이힐링파크알파와앵무,3,가평 2025_08.csv,문화관광,테마공원
가평,2025,9,2025-09,1,경기도,가평군,자라섬,7625,가평 2025_09.csv,자연관광,자연경관(하천/해양)
가평,2025,9,2025-09,2,경기도,가평군,남이섬,6492,가평 2025_09.csv,자연관광,자연경관(하천/해양)
가평,2025,9,2025-09,3,경기도,가평군,가평베네스트GC,6167,가평 2025_09.csv,레저스포츠,육상레저스포츠
가평,2025,9,2025-09,4,경기도,가평군,썬힐GC,5983,가평 2025_09.csv,레저스포츠,육상레저스포츠
가평,2025,9,2025-09,5,경기도,가평군,남이섬선착장,5041,가평 2025_09.csv,기타관광,교통시설
가평,2025,9,2025-09,6,경기도,가평군,청평역,4952,가평 2025_09.csv,기타관광,교통시설
가평,2025,9,2025-09,7,경기도,가평군,아침고요수목원,4932,가평 2025_09.csv,문화관광,테마공원
가평,2025,9,2025-09,8,경기도,가평군,아난티코드골프클럽,4772,가평 2025_09.csv,레저스포츠,육상레저스포츠
가평,2025,9,2025-09,9,경기도,가평군,베뉴지CC,4480,가평 2025_09.csv,레저스포츠,육상레저스포츠
가평,2025,9,2025-09,10,경기도,가평군,프리스틴밸리GC,4137,가평 2025_09.csv,레저스포츠,육상레저스포츠
가평,2025,9,2025-09,11,경기도,가평군,크리스탈밸리CC,3519,가평 2025_09.csv,레저스포츠,육상레저스포츠
가평,2025,9,2025-09,12,경기도,가평군,리앤리CC,3301,가평 2025_09.csv,레저스포츠,육상레저스포츠
가평,2025,9,2025-09,13,경기도,가평군,마이다스밸리청평 골프클럽,2647,가평 2025_09.csv,레저스포츠,육상레저스포츠
가평,2025,9,2025-09,14,경기도,가평군,가평베고니아새정원,2274,가평 2025_09.csv,문화관광,테마공원
가평,2025,9,2025-09,15,경기도,가평군,유명산자연휴양림,2125,가평 2025_09.csv,자연관광,자연공원
가평,2025,9,2025-09,16,경기도,가평군,쁘띠프랑스,1900,가평 2025_09.csv,문화관광,복합관광시설
가평,2025,9,2025-09,17,경기도,가평군,현리시외버스터미널,1892,가평 2025_09.csv,기타관광,교통시설
가평,2025,9,2025-09,18,경기도,가평군,자라섬꽃페스타,1626,가평 2025_09.csv,문화관광,기타문화관광지
가평,2025,9,2025-09,19,경기도,가평군,아침고요가족동물원,1379,가평 2025_09.csv,문화관광,테마공원
가평,2025,9,2025-09,20,경기도,가평군,경기도잣향기푸른숲,1346,가평 2025_09.csv,자연관광,자연공원
가평,2025,9,2025-09,21,경기도,가평군,신비동물원가평점,1295,가평 2025_09.csv,문화관광,테마공원
가평,2025,9,2025-09,22,경기도,가평군,가평시외버스터미널,1185,가평 2025_09.csv,기타관광,교통시설
가평,2025,9,2025-09,23,경기도,가평군,가평파크골프장,1060,가평 2025_09.csv,레저스포츠,육상레저스포츠
가평,2025,9,2025-09,24,경기도,가평군,청평시외버스터미널,984,가평 2025_09.csv,기타관광,교통시설
가평,2025,9,2025-09,25,경기도,가평군,K26잠수풀,868,가평 2025_09.csv,레저스포츠,수상레저스포츠
가평,2025,9,2025-09,26,경기도,가평군,강촌레일파크가평역,846,가평 2025_09.csv,레저스포츠,기타레저스포츠
가평,2025,9,2025-09,27,경기도,가평군,에델바이스스위스테마파크,633,가평 2025_09.csv,문화관광,테마공원
가평,2025,9,2025-09,28,경기도,가평군,청심평화월드센터,534,가평 2025_09.csv,문화관광,공연시설
가평,2025,9,2025-09,29,경기도,가평군,캠프통포레스트,526,가평 2025_09.csv,레저스포츠,수상레저스포츠
가평,2025,9,2025-09,30,경기도,가평군,청평호반드라이브코스,468,가평 2025_09.csv,기타관광,데이트코스
가평,2025,9,2025-09,31,경기도,가평군,청평자연휴양림,453,가평 2025_09.csv,자연관광,자연공원
가평,2025,9,2025-09,32,경기도,가평군,음악역1939,449,가평 2025_09.csv,문화관광,기타문화관광지
가평,2025,9,2025-09,33,경기도,가평군,호명호수,444,가평 2025_09.csv,자연관광,자연경관(하천/해양)
가평,2025,9,2025-09,34,경기도,가평군,가평별빛정원,395,가평 2025_09.csv,문화관광,도시공원
가평,2025,9,2025-09,35,경기도,가평군,설악시외버스터미널,392,가평 2025_09.csv,기타관광,교통시설
가평,2025,9,2025-09,36,경기도,가평군,용추계곡,380,가평 2025_09.csv,자연관광,자연경관(산)
가평,2025,9,2025-09,36,경기도,가평군,가평크루즈,380,가평 2025_09.csv,레저스포츠,기타레저스포츠
가평,2025,9,2025-09,38,경기도,가평군,강씨봉자연휴양림,369,가평 2025_09.csv,자연관광,자연공원
가평,2025,9,2025-09,39,경기도,가평군,칼봉산자연휴양림,367,가평 2025_09.csv,자연관광,자연공원
가평,2025,9,2025-09,40,경기도,가평군,현등사,336,가평 2025_09.csv,역사관광,종교성지
가평,2025,9,2025-09,40,경기도,가평군,W홀스랜드,336,가평 2025_09.csv,레저스포츠,육상레저스포츠
가평,2025,9,2025-09,42,경기도,가평군,꿈의동산,303,가평 2025_09.csv,문화관광,복합관광시설
가평,2025,9,2025-09,43,경기도,가평군,한국초콜릿연구소뮤지엄,296,가평 2025_09.csv,문화관광,전시시설
가평,2025,9,2025-09,44,경기도,가평군,청심국제청소년수련원,278,가평 2025_09.csv,레저스포츠,육상레저스포츠
가평,2025,9,2025-09,45,경기도,가평군,잣고을전통시장,277,가평 2025_09.csv,쇼핑,시장
가평,2025,9,2025-09,46,경기도,가평군,서울특별시교육청학생교육원대성리교육원,252,가평 2025_09.csv,체험관광,체험관광기타
가평,2025,9,2025-09,47,경기도,가평군,모비딕수상레저,248,가평 2025_09.csv,레저스포츠,수상레저스포츠
가평,2025,9,2025-09,48,경기도,가평군,청평호,234,가평 2025_09.csv,자연관광,자연경관(하천/해양)
가평,2025,9,2025-09,49,경기도,가평군,백련사,226,가평 2025_09.csv,역사관광,종교성지
가평,2025,9,2025-09,50,경기도,가평군,물조은빠지,221,가평 2025_09.csv,레저스포츠,수상레저스포츠
가평,2025,9,2025-09,51,경기도,가평군,어비계곡,220,가평 2025_09.csv,자연관광,자연경관(산)
가평,2025,9,2025-09,52,경기도,가평군,가평군어린이음악놀이터,218,가평 2025_09.csv,문화관광,테마공원
가평,2025,9,2025-09,53,경기도,가평군,대성리국민관광지,214,가평 2025_09.csv,문화관광,복합관광시설
가평,2025,9,2025-09,54,경기도,가평군,녹수계곡,198,가평 2025_09.csv,자연관광,자연경관(산)
가평,2025,9,2025-09,55,경기도,가평군,아루바수상레저,196,가평 2025_09.csv,레저스포츠,기타레저스포츠
가평,2025,9,2025-09,56,경기도,가평군,운악산출렁다리,192,가평 2025_09.csv,기타관광,기타관광
가평,2025,9,2025-09,57,경기도,가평군,이탈리아마을 피노키오와다빈치,191,가평 2025_09.csv,문화관광,복합관광시설
가평,2025,9,2025-09,58,경기도,가평군,도장골낚시터,185,가평 2025_09.csv,레저스포츠,수상레저스포츠
가평,2025,9,2025-09,59,경기도,가평군,서울특별시교육청학생교육원본원,184,가평 2025_09.csv,체험관광,체험관광기타
가평,2025,9,2025-09,60,경기도,가평군,호명호수공원,179,가평 2025_09.csv,문화관광,도시공원
가평,2025,9,2025-09,61,경기도,가평군,가평TOP랜드,174,가평 2025_09.csv,레저스포츠,수상레저스포츠
가평,2025,9,2025-09,62,경기도,가평군,청평생활체육공원,169,가평 2025_09.csv,문화관광,도시공원
가평,2025,9,2025-09,63,경기도,가평군,천정궁박물관,166,가평 2025_09.csv,문화관광,전시시설
가평,2025,9,2025-09,64,경기도,가평군,자라섬재즈페스티벌,164,가평 2025_09.csv,문화관광,기타문화관광지
가평,2025,9,2025-09,65,경기도,가평군,운악산,163,가평 2025_09.csv,자연관광,자연경관(산)
가평,2025,9,2025-09,66,경기도,가평군,가평정기5일시장,162,가평 2025_09.csv,쇼핑,시장
가평,2025,9,2025-09,67,경기도,가평군,명지계곡,160,가평 2025_09.csv,자연관광,자연경관(산)
가평,2025,9,2025-09,68,경기도,가평군,더스테이힐링파크링스파3골프장,157,가평 2025_09.csv,레저스포츠,육상레저스포츠
가평,2025,9,2025-09,69,경기도,가평군,용소폭포,144,가평 2025_09.csv,자연관광,자연경관(산)
가평,2025,9,2025-09,70,경기도,가평군,청평5일시장,141,가평 2025_09.csv,쇼핑,시장
가평,2025,9,2025-09,71,경기도,가평군,현리유원지,140,가평 2025_09.csv,문화관광,복합관광시설
가평,2025,9,2025-09,72,경기도,가평군,가일미술관,139,가평 2025_09.csv,문화관광,전시시설
가평,2025,9,2025-09,73,경기도,가평군,자라섬출렁다리,138,가평 2025_09.csv,기타관광,기타관광
가평,2025,9,2025-09,73,경기도,가평군,가평브릿지짚라인,138,가평 2025_09.csv,레저스포츠,기타레저스포츠
가평,2025,9,2025-09,75,경기도,가평군,가평빠지클럽비발디,137,가평 2025_09.csv,레저스포츠,수상레저스포츠
가평,2025,9,2025-09,75,경기도,가평군,목동버스터미널,137,가평 2025_09.csv,기타관광,교통시설
가평,2025,9,2025-09,77,경기도,가평군,탑코리아수상레저,136,가평 2025_09.csv,레저스포츠,수상레저스포츠
가평,2025,9,2025-09,78,경기도,가평군,대원사,135,가평 2025_09.csv,역사관광,종교성지
가평,2025,9,2025-09,79,경기도,가평군,자이언트수상레저리조트,132,가평 2025_09.csv,레저스포츠,수상레저스포츠
가평,2025,9,2025-09,80,경기도,가평군,도대리용소폭포,129,가평 2025_09.csv,자연관광,자연경관(산)
가평,2025,9,2025-09,81,경기도,가평군,마린보이수상레저,125,가평 2025_09.csv,레저스포츠,수상레저스포츠
가평,2025,9,2025-09,82,경기도,가평군,아이언수상레저,124,가평 2025_09.csv,레저스포츠,기타레저스포츠
가평,2025,9,2025-09,82,경기도,가평군,캠프통아일랜드,124,가평 2025_09.csv,레저스포츠,수상레저스포츠
가평,2025,9,2025-09,84,경기도,가평군,남도꽃정원,119,가평 2025_09.csv,문화관광,도시공원
가평,2025,9,2025-09,85,경기도,가평군,유명산,114,가평 2025_09.csv,자연관광,자연경관(산)
가평,2025,9,2025-09,86,경기도,가평군,말리부수상레저,113,가평 2025_09.csv,레저스포츠,수상레저스포츠
가평,2025,9,2025-09,87,경기도,가평군,화악산,111,가평 2025_09.csv,자연관광,자연경관(산)
가평,2025,9,2025-09,87,경기도,가평군,수영인의마을,111,가평 2025_09.csv,레저스포츠,수상레저스포츠
가평,2025,9,2025-09,89,경기도,가평군,바하마수상레포츠,109,가평 2025_09.csv,레저스포츠,수상레저스포츠
가평,2025,9,2025-09,90,경기도,가평군,가평양떼목장수국축제,108,가평 2025_09.csv,문화관광,기타문화관광지
가평,2025,9,2025-09,91,경기도,가평군,이화원,107,가평 2025_09.csv,문화관광,도시공원
가평,2025,9,2025-09,92,경기도,가평군,경기도잣향기푸른숲안내매표소,96,가평 2025_09.csv,기타관광,기타관광
가평,2025,9,2025-09,93,경기도,가평군,리버랜드번지점프장,94,가평 2025_09.csv,레저스포츠,육상레저스포츠
가평,2025,9,2025-09,94,경기도,가평군,조종시네마,92,가평 2025_09.csv,문화관광,공연시설
가평,2025,9,2025-09,95,경기도,가평군,르푸앙수상레져,90,가평 2025_09.csv,레저스포츠,수상레저스포츠
가평,2025,9,2025-09,96,경기도,가평군,가평수목원,89,가평 2025_09.csv,자연관광,자연공원
가평,2025,9,2025-09,97,경기도,가평군,마린컴퍼니클럽,87,가평 2025_09.csv,레저스포츠,수상레저스포츠
가평,2025,9,2025-09,97,경기도,가평군,청평여울시장,87,가평 2025_09.csv,쇼핑,시장
가평,2025,9,2025-09,99,경기도,가평군,서프앤,85,가평 2025_09.csv,레저스포츠,수상레저스포츠
가평,2025,9,2025-09,100,경기도,가평군,설악생활체육공원,83,가평 2025_09.csv,문화관광,도시공원
가평,2025,9,2025-09,101,경기도,가평군,북면생활체육공원,82,가평 2025_09.csv,문화관광,도시공원
가평,2025,9,2025-09,101,경기도,가평군,버드마리나수상레저,82,가평 2025_09.csv,레저스포츠,기타레저스포츠
가평,2025,9,2025-09,103,경기도,가평군,꽃보다포도농원,81,가평 2025_09.csv,체험관광,농/산/어촌체험
가평,2025,9,2025-09,103,경기도,가평군,서울특별시교육청학생교육원글로벌문화언어체험교육원,81,가평 2025_09.csv,체험관광,체험관광기타
가평,2025,9,2025-09,103,경기도,가평군,가평군 설악면 초롱이둥지마을,81,가평 2025_09.csv,역사관광,역사유적지
가평,2025,9,2025-09,103,경기도,가평군,맨하탄수상레져,81,가평 2025_09.csv,레저스포츠,수상레저스포츠
가평,2025,9,2025-09,107,경기도,가평군,루시아수상레저,76,가평 2025_09.csv,레저스포츠,수상레저스포츠
가평,2025,9,2025-09,107,경기도,가평군,크라운수상레저,76,가평 2025_09.csv,레저스포츠,수상레저스포츠
가평,2025,9,2025-09,109,경기도,가평군,달마공원관음사,75,가평 2025_09.csv,역사관광,종교성지
가평,2025,9,2025-09,110,경기도,가평군,마린파크수상레저,74,가평 2025_09.csv,레저스포츠,수상레저스포츠
가평,2025,9,2025-09,110,경기도,가평군,가평빠지리버포인트수상레저,74,가평 2025_09.csv,레저스포츠,수상레저스포츠
가평,2025,9,2025-09,112,경기도,가평군,설악5일장,72,가평 2025_09.csv,쇼핑,시장
가평,2025,9,2025-09,112,경기도,가평군,희망축구전용구장,72,가평 2025_09.csv,문화관광,레저스포츠시설
가평,2025,9,2025-09,114,경기도,가평군,조무락계곡,71,가평 2025_09.csv,자연관광,자연경관(산)
가평,2025,9,2025-09,115,경기도,가평군,스카이라인짚와이어,70,가평 2025_09.csv,문화관광,복합관광시설
가평,2025,9,2025-09,116,경기도,가평군,이지수상레져,68,가평 2025_09.csv,레저스포츠,기타레저스포츠
가평,2025,9,2025-09,116,경기도,가평군,설악생활체육공원축구장,68,가평 2025_09.csv,문화관광,레저스포츠시설
가평,2025,9,2025-09,116,경기도,가평군,삼원수상레저,68,가평 2025_09.csv,레저스포츠,기타레저스포츠
가평,2025,9,2025-09,116,경기도,가평군,조종생활체육공원,68,가평 2025_09.csv,문화관광,도시공원
가평,2025,9,2025-09,116,경기도,가평군,호명산드라이브코스,68,가평 2025_09.csv,기타관광,데이트코스
가평,2025,9,2025-09,121,경기도,가평군,운악산성불사,64,가평 2025_09.csv,역사관광,종교성지
가평,2025,9,2025-09,122,경기도,가평군,룰루마린수상레저,62,가평 2025_09.csv,레저스포츠,수상레저스포츠
가평,2025,9,2025-09,122,경기도,가평군,운악산관음사,62,가평 2025_09.csv,역사관광,종교성지
가평,2025,9,2025-09,124,경기도,가평군,호수유원지,61,가평 2025_09.csv,기타관광,기타관광
가평,2025,9,2025-09,125,경기도,가평군,오페라하우스수상레저,58,가평 2025_09.csv,레저스포츠,수상레저스포츠
가평,2025,9,2025-09,126,경기도,가평군,자라섬워터파크,52,가평 2025_09.csv,문화관광,테마공원
가평,2025,9,2025-09,127,경기도,가평군,행복축구전용구장,51,가평 2025_09.csv,문화관광,레저스포츠시설
가평,2025,9,2025-09,128,경기도,가평군,웨이크베이리조트,50,가평 2025_09.csv,레저스포츠,기타레저스포츠
가평,2025,9,2025-09,129,경기도,가평군,상천낚시터,49,가평 2025_09.csv,레저스포츠,수상레저스포츠
가평,2025,9,2025-09,130,경기도,가평군,자라섬생태공원,48,가평 2025_09.csv,문화관광,도시공원
가평,2025,9,2025-09,130,경기도,가평군,헤이븐,48,가평 2025_09.csv,레저스포츠,수상레저스포츠
가평,2025,9,2025-09,132,경기도,가평군,대성수상레저,47,가평 2025_09.csv,레저스포츠,수상레저스포츠
가평,2025,9,2025-09,132,경기도,가평군,가평에덴벚꽃길,47,가평 2025_09.csv,기타관광,기타관광
가평,2025,9,2025-09,134,경기도,가평군,항아리바위계곡,46,가평 2025_09.csv,자연관광,자연경관(산)
가평,2025,9,2025-09,135,경기도,가평군,청춘역1979,45,가평 2025_09.csv,문화관광,도시공원
가평,2025,9,2025-09,135,경기도,가평군,화악계곡,45,가평 2025_09.csv,자연관광,자연경관(산)
가평,2025,9,2025-09,135,경기도,가평군,청룡사,45,가평 2025_09.csv,역사관광,종교성지
가평,2025,9,2025-09,138,경기도,가평군,썸머타임수상레저,44,가평 2025_09.csv,레저스포츠,수상레저스포츠
가평,2025,9,2025-09,138,경기도,가평군,스마일수상레저,44,가평 2025_09.csv,레저스포츠,수상레저스포츠
가평,2025,9,2025-09,140,경기도,가평군,가평뮤직빌리지1939시네마,43,가평 2025_09.csv,문화관광,공연시설
가평,2025,9,2025-09,141,경기도,가평군,가평현리5일장,42,가평 2025_09.csv,쇼핑,시장
가평,2025,9,2025-09,141,경기도,가평군,가평빠지이비자수상레저,42,가평 2025_09.csv,레저스포츠,수상레저스포츠
가평,2025,9,2025-09,143,경기도,가평군,명지산생태전시관,41,가평 2025_09.csv,문화관광,전시시설
가평,2025,9,2025-09,143,경기도,가평군,워터피아수상레저,41,가평 2025_09.csv,레저스포츠,수상레저스포츠
가평,2025,9,2025-09,145,경기도,가평군,가평빠지하이수상레저,40,가평 2025_09.csv,레저스포츠,수상레저스포츠
가평,2025,9,2025-09,146,경기도,가평군,산장관광지,39,가평 2025_09.csv,문화관광,복합관광시설
가평,2025,9,2025-09,146,경기도,가평군,청평유원지,39,가평 2025_09.csv,문화관광,복합관광시설
가평,2025,9,2025-09,146,경기도,가평군,해별달사과,39,가평 2025_09.csv,체험관광,농/산/어촌체험
가평,2025,9,2025-09,149,경기도,가평군,소풍레저,38,가평 2025_09.csv,레저스포츠,수상레저스포츠
가평,2025,9,2025-09,150,경기도,가평군,토마토레저파크,37,가평 2025_09.csv,레저스포츠,기타레저스포츠
가평,2025,9,2025-09,151,경기도,가평군,연인산,35,가평 2025_09.csv,자연관광,자연경관(산)
가평,2025,9,2025-09,152,경기도,가평군,클럽이글스수상레저,34,가평 2025_09.csv,레저스포츠,기타레저스포츠
가평,2025,9,2025-09,152,경기도,가평군,취옹예술관,34,가평 2025_09.csv,문화관광,전시시설
가평,2025,9,2025-09,154,경기도,가평군,유명산계곡,33,가평 2025_09.csv,자연관광,자연경관(산)
가평,2025,9,2025-09,154,경기도,가평군,베니스수상레저,33,가평 2025_09.csv,레저스포츠,수상레저스포츠
가평,2025,9,2025-09,154,경기도,가평군,청평암,33,가평 2025_09.csv,역사관광,종교성지
가평,2025,9,2025-09,157,경기도,가평군,일지안호범미술관,32,가평 2025_09.csv,문화관광,전시시설
가평,2025,9,2025-09,158,경기도,가평군,K2수상레져,31,가평 2025_09.csv,레저스포츠,수상레저스포츠
가평,2025,9,2025-09,159,경기도,가평군,상락향수도원,30,가평 2025_09.csv,역사관광,종교성지
가평,2025,9,2025-09,160,경기도,가평군,청평호수길,29,가평 2025_09.csv,기타관광,기타관광
가평,2025,9,2025-09,160,경기도,가평군,가평이음터,29,가평 2025_09.csv,문화관광,기타문화관광지
가평,2025,9,2025-09,160,경기도,가평군,산유낚시터,29,가평 2025_09.csv,레저스포츠,수상레저스포츠
가평,2025,9,2025-09,163,경기도,가평군,신청평대교야구장,28,가평 2025_09.csv,문화관광,레저스포츠시설
가평,2025,9,2025-09,163,경기도,가평군,연진농원,28,가평 2025_09.csv,체험관광,농/산/어촌체험
가평,2025,9,2025-09,165,경기도,가평군,한국바이에른식육학교,27,가평 2025_09.csv,체험관광,체험관광기타
가평,2025,9,2025-09,165,경기도,가평군,가평레져카트장,27,가평 2025_09.csv,레저스포츠,기타레저스포츠
가평,2025,9,2025-09,165,경기도,가평군,가평축령산잣나무숲,27,가평 2025_09.csv,자연관광,자연공원
가평,2025,9,2025-09,165,경기도,가평군,아레나수상레저,27,가평 2025_09.csv,레저스포츠,수상레저스포츠
가평,2025,9,2025-09,169,경기도,가평군,레인보우수상레저,26,가평 2025_09.csv,레저스포츠,수상레저스포츠
가평,2025,9,2025-09,169,경기도,가평군,성주사,26,가평 2025_09.csv,역사관광,종교성지
가평,2025,9,2025-09,171,경기도,가평군,팀더블유,25,가평 2025_09.csv,레저스포츠,기타레저스포츠
가평,2025,9,2025-09,171,경기도,가평군,클럽미사수상레저,25,가평 2025_09.csv,레저스포츠,수상레저스포츠
가평,2025,9,2025-09,171,경기도,가평군,조종천계곡,25,가평 2025_09.csv,자연관광,자연경관(산)
가평,2025,9,2025-09,171,경기도,가평군,가평역레져,25,가평 2025_09.csv,레저스포츠,기타레저스포츠
가평,2025,9,2025-09,175,경기도,가평군,트니트니어드벤처,24,가평 2025_09.csv,문화관광,테마공원
가평,2025,9,2025-09,175,경기도,가평군,선셋740,24,가평 2025_09.csv,레저스포츠,수상레저스포츠
가평,2025,9,2025-09,175,경기도,가평군,알로하다이노,24,가평 2025_09.csv,레저스포츠,수상레저스포츠
가평,2025,9,2025-09,178,경기도,가평군,유스토리청소년수련원,22,가평 2025_09.csv,레저스포츠,육상레저스포츠
가평,2025,9,2025-09,178,경기도,가평군,자라섬수상스포츠체험센터,22,가평 2025_09.csv,레저스포츠,수상레저스포츠
가평,2025,9,2025-09,180,경기도,가평군,연인산명품계곡길,21,가평 2025_09.csv,레저스포츠,기타레저스포츠
가평,2025,9,2025-09,180,경기도,가평군,가평종합운동장야구장,21,가평 2025_09.csv,문화관광,레저스포츠시설
가평,2025,9,2025-09,180,경기도,가평군,이천보고가,21,가평 2025_09.csv,역사관광,역사유적지
가평,2025,9,2025-09,180,경기도,가평군,대성사,21,가평 2025_09.csv,역사관광,종교성지
가평,2025,9,2025-09,180,경기도,가평군,북배산흑염소농장,21,가평 2025_09.csv,체험관광,농/산/어촌체험
가평,2025,9,2025-09,180,경기도,가평군,조종생활체육공원축구장,21,가평 2025_09.csv,문화관광,레저스포츠시설
가평,2025,9,2025-09,186,경기도,가평군,워터플레이,20,가평 2025_09.csv,레저스포츠,수상레저스포츠
가평,2025,9,2025-09,186,경기도,가평군,수풀로삼회리,20,가평 2025_09.csv,문화관광,도시공원
가평,2025,9,2025-09,188,경기도,가평군,청평페리,19,가평 2025_09.csv,기타관광,교통시설
가평,2025,9,2025-09,189,경기도,가평군,상천루,18,가평 2025_09.csv,문화관광,도시공원
가평,2025,9,2025-09,189,경기도,가평군,현리계곡,18,가평 2025_09.csv,자연관광,자연경관(산)
가평,2025,9,2025-09,189,경기도,가평군,큰골계곡,18,가평 2025_09.csv,자연관광,자연경관(산)
가평,2025,9,2025-09,189,경기도,가평군,흥국사,18,가평 2025_09.csv,역사관광,종교성지
가평,2025,9,2025-09,189,경기도,가평군,이정웅스페이스,18,가평 2025_09.csv,문화관광,전시시설
가평,2025,9,2025-09,189,경기도,가평군,불기고개,18,가평 2025_09.csv,자연관광,자연경관(산)
가평,2025,9,2025-09,195,경기도,가평군,킹웨이크서프스쿨,17,가평 2025_09.csv,레저스포츠,수상레저스포츠
가평,2025,9,2025-09,195,경기도,가평군,으뜸포도원,17,가평 2025_09.csv,체험관광,농/산/어촌체험
가평,2025,9,2025-09,195,경기도,가평군,일칠일관광농원,17,가평 2025_09.csv,체험관광,농/산/어촌체험
가평,2025,9,2025-09,195,경기도,가평군,가평무브베이스볼파크,17,가평 2025_09.csv,문화관광,레저스포츠시설
가평,2025,9,2025-09,195,경기도,가평군,가평군 설악면 은혜마을,17,가평 2025_09.csv,역사관광,역사유적지
가평,2025,9,2025-09,195,경기도,가평군,태은사,17,가평 2025_09.csv,역사관광,종교성지
가평,2025,9,2025-09,201,경기도,가평군,운악산용수사,16,가평 2025_09.csv,역사관광,종교성지
가평,2025,9,2025-09,201,경기도,가평군,빠져수상레저,16,가평 2025_09.csv,레저스포츠,수상레저스포츠
가평,2025,9,2025-09,201,경기도,가평군,그린수상레져,16,가평 2025_09.csv,레저스포츠,수상레저스포츠
가평,2025,9,2025-09,201,경기도,가평군,목동근린공원전망대,16,가평 2025_09.csv,문화관광,랜드마크관광
가평,2025,9,2025-09,201,경기도,가평군,운곡암,16,가평 2025_09.csv,역사관광,종교성지
가평,2025,9,2025-09,201,경기도,가평군,운악산반길이포도원,16,가평 2025_09.csv,체험관광,농/산/어촌체험
가평,2025,9,2025-09,201,경기도,가평군,가평썸머플레이스,16,가평 2025_09.csv,레저스포츠,수상레저스포츠
가평,2025,9,2025-09,201,경기도,가평군,가평리틀야구장,16,가평 2025_09.csv,문화관광,레저스포츠시설
가평,2025,9,2025-09,209,경기도,가평군,가평철길공원,15,가평 2025_09.csv,문화관광,도시공원
가평,2025,9,2025-09,209,경기도,가평군,경반계곡,15,가평 2025_09.csv,자연관광,자연경관(산)
가평,2025,9,2025-09,209,경기도,가평군,보납정,15,가평 2025_09.csv,레저스포츠,육상레저스포츠
가평,2025,9,2025-09,209,경기도,가평군,남송미술관,15,가평 2025_09.csv,문화관광,전시시설
가평,2025,9,2025-09,209,경기도,가평군,귀목계곡,15,가평 2025_09.csv,자연관광,자연경관(산)
가평,2025,9,2025-09,209,경기도,가평군,호명산,15,가평 2025_09.csv,자연관광,자연경관(산)
가평,2025,9,2025-09,209,경기도,가평군,연인산도립공원탐방안내소,15,가평 2025_09.csv,기타관광,기타관광
가평,2025,9,2025-09,216,경기도,가평군,호국연호사,14,가평 2025_09.csv,역사관광,종교성지
가평,2025,9,2025-09,216,경기도,가평군,중봉,14,가평 2025_09.csv,자연관광,자연경관(산)
가평,2025,9,2025-09,216,경기도,가평군,뉴돌고래수상레저,14,가평 2025_09.csv,레저스포츠,수상레저스포츠
가평,2025,9,2025-09,216,경기도,가평군,가평문화창작공간얼쑤공장,14,가평 2025_09.csv,문화관광,기타문화관광지
가평,2025,9,2025-09,216,경기도,가평군,포세이돈,14,가평 2025_09.csv,레저스포츠,수상레저스포츠
가평,2025,9,2025-09,221,경기도,가평군,삼회리벚꽃길,13,가평 2025_09.csv,기타관광,데이트코스
가평,2025,9,2025-09,222,경기도,가평군,용소유원지,12,가평 2025_09.csv,문화관광,복합관광시설
가평,2025,9,2025-09,222,경기도,가평군,송학포유원지,12,가평 2025_09.csv,문화관광,복합관광시설
가평,2025,9,2025-09,222,경기도,가평군,상면생활체육공원,12,가평 2025_09.csv,문화관광,도시공원
가평,2025,9,2025-09,225,경기도,가평군,씨브이리조트,11,가평 2025_09.csv,레저스포츠,수상레저스포츠
가평,2025,9,2025-09,225,경기도,가평군,어거스트수상레저,11,가평 2025_09.csv,레저스포츠,수상레저스포츠
가평,2025,9,2025-09,225,경기도,가평군,아침고요체험살피꽃다방,11,가평 2025_09.csv,레저스포츠,기타레저스포츠
가평,2025,9,2025-09,225,경기도,가평군,가마소유원지,11,가평 2025_09.csv,문화관광,복합관광시설
가평,2025,9,2025-09,225,경기도,가평군,마린랜드,11,가평 2025_09.csv,레저스포츠,수상레저스포츠
가평,2025,9,2025-09,225,경기도,가평군,청평리버랜드수상레저,11,가평 2025_09.csv,문화관광,복합관광시설
가평,2025,9,2025-09,225,경기도,가평군,썸머드림,11,가평 2025_09.csv,레저스포츠,수상레저스포츠
가평,2025,9,2025-09,225,경기도,가평군,이화여자대학교수목원,11,가평 2025_09.csv,레저스포츠,육상레저스포츠
가평,2025,9,2025-09,225,경기도,가평군,청심실내체육관,11,가평 2025_09.csv,레저스포츠,기타레저스포츠
가평,2025,9,2025-09,234,경기도,가평군,가평레저파크,10,가평 2025_09.csv,레저스포츠,기타레저스포츠
가평,2025,9,2025-09,234,경기도,가평군,자연과별천문대,10,가평 2025_09.csv,기타관광,기타관광
가평,2025,9,2025-09,234,경기도,가평군,운악산가평현등사방면,10,가평 2025_09.csv,자연관광,자연경관(산)
가평,2025,9,2025-09,234,경기도,가평군,가평사계절썰매장,10,가평 2025_09.csv,레저스포츠,육상레저스포츠
가평,2025,9,2025-09,234,경기도,가평군,향원사,10,가평 2025_09.csv,역사관광,종교성지
가평,2025,9,2025-09,234,경기도,가평군,모험의시작,10,가평 2025_09.csv,레저스포츠,수상레저스포츠
가평,2025,9,2025-09,234,경기도,가평군,노랑다리미술관,10,가평 2025_09.csv,문화관광,전시시설
가평,2025,9,2025-09,234,경기도,가평군,금개울유원지,10,가평 2025_09.csv,문화관광,복합관광시설
가평,2025,9,2025-09,242,경기도,가평군,가평군관공선선착장,9,가평 2025_09.csv,기타관광,교통시설
가평,2025,9,2025-09,242,경기도,가평군,청평계곡,9,가평 2025_09.csv,자연관광,자연경관(산)
가평,2025,9,2025-09,242,경기도,가평군,이수네유원지,9,가평 2025_09.csv,문화관광,복합관광시설
가평,2025,9,2025-09,242,경기도,가평군,아침고요수목원들국화전시회,9,가평 2025_09.csv,문화관광,기타문화관광지
가평,2025,9,2025-09,242,경기도,가평군,가평군 설악면 반딧불마을,9,가평 2025_09.csv,역사관광,역사유적지
가평,2025,9,2025-09,242,경기도,가평군,레저캠프,9,가평 2025_09.csv,레저스포츠,기타레저스포츠
가평,2025,9,2025-09,242,경기도,가평군,구원사,9,가평 2025_09.csv,역사관광,종교성지
가평,2025,9,2025-09,242,경기도,가평군,하천리생활체육공원,9,가평 2025_09.csv,문화관광,도시공원
가평,2025,9,2025-09,242,경기도,가평군,청평첫집,9,가평 2025_09.csv,레저스포츠,수상레저스포츠
가평,2025,9,2025-09,242,경기도,가평군,에덴벚꽃길,9,가평 2025_09.csv,레저스포츠,기타레저스포츠
가평,2025,9,2025-09,242,경기도,가평군,마콤갤러리,9,가평 2025_09.csv,문화관광,전시시설
가평,2025,9,2025-09,242,경기도,가평군,수암사,9,가평 2025_09.csv,역사관광,종교성지
가평,2025,9,2025-09,242,경기도,가평군,크리스월드수상레저,9,가평 2025_09.csv,레저스포츠,수상레저스포츠
가평,2025,9,2025-09,255,경기도,가평군,수궁유원지,8,가평 2025_09.csv,문화관광,복합관광시설
가평,2025,9,2025-09,255,경기도,가평군,유풍농원,8,가평 2025_09.csv,체험관광,농/산/어촌체험
가평,2025,9,2025-09,255,경기도,가평군,이뜨랜수상레저,8,가평 2025_09.csv,레저스포츠,수상레저스포츠
가평,2025,9,2025-09,255,경기도,가평군,율송농원,8,가평 2025_09.csv,체험관광,농/산/어촌체험
가평,2025,9,2025-09,255,경기도,가평군,떡바위유원지,8,가평 2025_09.csv,문화관광,복합관광시설
가평,2025,9,2025-09,255,경기도,가평군,연인산용추구곡방면,8,가평 2025_09.csv,자연관광,자연경관(산)
가평,2025,9,2025-09,255,경기도,가평군,축령사,8,가평 2025_09.csv,역사관광,종교성지
가평,2025,9,2025-09,255,경기도,가평군,성운사,8,가평 2025_09.csv,역사관광,종교성지
가평,2025,9,2025-09,263,경기도,가평군,돌밭포도,7,가평 2025_09.csv,체험관광,농/산/어촌체험
가평,2025,9,2025-09,263,경기도,가평군,하곡운악산포도농원,7,가평 2025_09.csv,체험관광,농/산/어촌체험
가평,2025,9,2025-09,263,경기도,가평군,가평군 가평읍 아홉마지기마을,7,가평 2025_09.csv,역사관광,역사유적지
가평,2025,9,2025-09,263,경기도,가평군,청평스포랜드번지점프장,7,가평 2025_09.csv,레저스포츠,육상레저스포츠
가평,2025,9,2025-09,263,경기도,가평군,북한강유원지,7,가평 2025_09.csv,문화관광,복합관광시설
가평,2025,9,2025-09,263,경기도,가평군,가평하늘커피농장,7,가평 2025_09.csv,체험관광,농/산/어촌체험
가평,2025,9,2025-09,263,경기도,가평군,자라섬야외수영장,7,가평 2025_09.csv,문화관광,테마공원
가평,2025,9,2025-09,270,경기도,가평군,라인수상레저,6,가평 2025_09.csv,레저스포츠,수상레저스포츠
가평,2025,9,2025-09,270,경기도,가평군,가람유원지,6,가평 2025_09.csv,문화관광,복합관광시설
가평,2025,9,2025-09,270,경기도,가평군,청평유원지,6,가평 2025_09.csv,문화관광,복합관광시설
가평,2025,9,2025-09,270,경기도,가평군,설악낚시터,6,가평 2025_09.csv,레저스포츠,수상레저스포츠
가평,2025,9,2025-09,270,경기도,가평군,고고다이노키즈클럽,6,가평 2025_09.csv,문화관광,테마공원
가평,2025,9,2025-09,270,경기도,가평군,자라섬테마파크,6,가평 2025_09.csv,레저스포츠,수상레저스포츠
가평,2025,9,2025-09,276,경기도,가평군,어비산,5,가평 2025_09.csv,자연관광,자연경관(산)
가평,2025,9,2025-09,276,경기도,가평군,영안청소년수련원,5,가평 2025_09.csv,레저스포츠,육상레저스포츠
가평,2025,9,2025-09,278,경기도,가평군,노리파크가평점,4,가평 2025_09.csv,문화관광,테마공원
가평,2025,9,2025-09,278,경기도,가평군,가평빠지아마존수상레저,4,가평 2025_09.csv,레저스포츠,수상레저스포츠
가평,2025,9,2025-09,278,경기도,가평군,정이네꿀벌농장,4,가평 2025_09.csv,체험관광,농/산/어촌체험
가평,2025,9,2025-09,278,경기도,가평군,서울이랜드fc프로축구단구장,4,가평 2025_09.csv,문화관광,레저스포츠시설
가평,2025,9,2025-09,278,경기도,가평군,북면이음터,4,가평 2025_09.csv,문화관광,기타문화관광지
가평,2025,9,2025-09,278,경기도,가평군,자라섬관광안내소,4,가평 2025_09.csv,기타관광,기타관광
가평,2025,9,2025-09,278,경기도,가평군,감로사,4,가평 2025_09.csv,역사관광,종교성지
가평,2025,9,2025-09,278,경기도,가평군,극락정사,4,가평 2025_09.csv,역사관광,종교성지
가평,2025,9,2025-09,278,경기도,가평군,광법사,4,가평 2025_09.csv,역사관광,종교성지
가평,2025,9,2025-09,278,경기도,가평군,청정낚시터,4,가평 2025_09.csv,레저스포츠,수상레저스포츠
가평,2025,9,2025-09,278,경기도,가평군,운담사,4,가평 2025_09.csv,역사관광,종교성지
가평,2025,9,2025-09,278,경기도,가평군,팀어거스트,4,가평 2025_09.csv,레저스포츠,수상레저스포츠
가평,2025,9,2025-09,278,경기도,가평군,폭포낚시,4,가평 2025_09.csv,레저스포츠,수상레저스포츠
가평,2025,9,2025-09,278,경기도,가평군,보덕암,4,가평 2025_09.csv,역사관광,종교성지
가평,2025,9,2025-09,278,경기도,가평군,이시스수상레저,4,가평 2025_09.csv,레저스포츠,수상레저스포츠
가평,2025,9,2025-09,293,경기도,가평군,일광사,3,가평 2025_09.csv,역사관광,종교성지
가평,2025,9,2025-09,293,경기도,가평군,색현터널,3,가평 2025_09.csv,기타관광,기타관광
가평,2025,9,2025-09,293,경기도,가평군,보납산약수터,3,가평 2025_09.csv,자연관광,자연경관(산)
가평,2025,9,2025-09,293,경기도,가평군,대성리벚꽃길,3,가평 2025_09.csv,기타관광,기타관광
가평,2025,9,2025-09,293,경기도,가평군,HJ매그놀리아멋집,3,가평 2025_09.csv,문화관광,기타문화관광지
가평,2025,9,2025-09,293,경기도,가평군,이지서프웨이크서핑,3,가평 2025_09.csv,레저스포츠,수상레저스포츠
가평,2025,9,2025-09,293,경기도,가평군,청호요트클럽,3,가평 2025_09.csv,레저스포츠,수상레저스포츠
가평,2025,9,2025-09,293,경기도,가평군,자라섬황톳길,3,가평 2025_09.csv,레저스포츠,기타레저스포츠
가평,2025,9,2025-09,293,경기도,가평군,더스테이힐링파크별빛정원,3,가평 2025_09.csv,문화관광,도시공원
가평,2025,9,2025-09,293,경기도,가평군,이방실장군묘,3,가평 2025_09.csv,역사관광,역사유적지
가평,2025,9,2025-09,293,경기도,가평군,백둔계곡,3,가평 2025_09.csv,자연관광,자연경관(산)
가평,2025,9,2025-09,293,경기도,가평군,산울로수상스키,3,가평 2025_09.csv,레저스포츠,기타레저스포츠
가평,2025,9,2025-09,293,경기도,가평군,1호농원,3,가평 2025_09.csv,체험관광,농/산/어촌체험
가평,2025,9,2025-09,293,경기도,가평군,이정구선생묘,3,가평 2025_09.csv,역사관광,역사유적지
가평,2025,9,2025-09,293,경기도,가평군,법령사,3,가평 2025_09.csv,역사관광,종교성지
가평,2025,9,2025-09,293,경기도,가평군,연인산우정능선방면,3,가평 2025_09.csv,자연관광,자연경관(산)
가평,2025,9,2025-09,293,경기도,가평군,보광사,3,가평 2025_09.csv,역사관광,종교성지
가평,2025,9,2025-09,293,경기도,가평군,코스모피아천문대,3,가평 2025_09.csv,문화관광,랜드마크관광
가평,2025,9,2025-09,293,경기도,가평군,가평약수터,3,가평 2025_09.csv,자연관광,자연경관(산)
가평,2025,9,2025-09,293,경기도,가평군,밤골유원지,3,가평 2025_09.csv,문화관광,복합관광시설
가평,2025,9,2025-09,293,경기도,가평군,클럽펀,3,가평 2025_09.csv,레저스포츠,수상레저스포츠
가평,2025,9,2025-09,293,경기도,가평군,아토믹워터파크,3,가평 2025_09.csv,문화관광,테마공원
가평,2025,9,2025-09,293,경기도,가평군,수동목장,3,가평 2025_09.csv,체험관광,농/산/어촌체험
가평,2025,9,2025-09,293,경기도,가평군,폭포유원지,3,가평 2025_09.csv,문화관광,복합관광시설
가평,2025,9,2025-09,293,경기도,가평군,바우유원지,3,가평 2025_09.csv,문화관광,복합관광시설
가평,2025,9,2025-09,293,경기도,가평군,두밀리낚시터,3,가평 2025_09.csv,레저스포츠,수상레저스포츠
가평,2025,9,2025-09,293,경기도,가평군,청평농원,3,가평 2025_09.csv,체험관광,농/산/어촌체험
가평,2025,9,2025-09,293,경기도,가평군,선어치,3,가평 2025_09.csv,자연관광,자연경관(산)
가평,2025,9,2025-09,293,경기도,가평군,인터렉티브아트뮤지엄,3,가평 2025_09.csv,문화관광,전시시설
가평,2025,9,2025-09,293,경기도,가평군,애기소계곡,3,가평 2025_09.csv,자연관광,자연경관(산)
가평,2025,9,2025-09,293,경기도,가평군,화야산,3,가평 2025_09.csv,자연관광,자연경관(산)
가평,2025,9,2025-09,293,경기도,가평군,가평빠지건전한레저,3,가평 2025_09.csv,레저스포츠,수상레저스포츠
가평,2025,9,2025-09,293,경기도,가평군,더스테이힐링파크와일드가든,3,가평 2025_09.csv,문화관광,도시공원
가평,2025,9,2025-09,293,경기도,가평군,클럽에덴수상레져타운,3,가평 2025_09.csv,레저스포츠,수상레저스포츠
가평,2025,9,2025-09,293,경기도,가평군,지장사,3,가평 2025_09.csv,역사관광,종교성지
가평,2025,9,2025-09,293,경기도,가평군,뉴질랜드전투기념비,3,가평 2025_09.csv,역사관광,역사유물
가평,2025,9,2025-09,293,경기도,가평군,청호수상레저,3,가평 2025_09.csv,레저스포츠,수상레저스포츠
가평,2025,9,2025-09,293,경기도,가평군,돌고래수상레저,3,가평 2025_09.csv,레저스포츠,기타레저스포츠
가평,2025,9,2025-09,293,경기도,가평군,성관사,3,가평 2025_09.csv,역사관광,종교성지
가평,2025,9,2025-09,293,경기도,가평군,청평생태공원,3,가평 2025_09.csv,문화관광,도시공원
가평,2025,9,2025-09,293,경기도,가평군,자라섬리버마켓,3,가평 2025_09.csv,쇼핑,시장
가평,2025,9,2025-09,293,경기도,가평군,가평열기구,3,가평 2025_09.csv,레저스포츠,기타레저스포츠
가평,2025,9,2025-09,293,경기도,가평군,가람농원,3,가평 2025_09.csv,체험관광,농/산/어촌체험
가평,2025,9,2025-09,293,경기도,가평군,미국한국전쟁참전기념비,3,가평 2025_09.csv,역사관광,역사유물
가평,2025,10,2025-10,1,경기도,가평군,남이섬,24248,가평 2025_10.csv,자연관광,자연경관(하천/해양)
가평,2025,10,2025-10,2,경기도,가평군,남이섬선착장,21999,가평 2025_10.csv,기타관광,교통시설
가평,2025,10,2025-10,3,경기도,가평군,아침고요수목원,18586,가평 2025_10.csv,문화관광,테마공원
가평,2025,10,2025-10,4,경기도,가평군,자라섬,13383,가평 2025_10.csv,자연관광,자연경관(하천/해양)
가평,2025,10,2025-10,5,경기도,가평군,썬힐GC,8997,가평 2025_10.csv,레저스포츠,육상레저스포츠
가평,2025,10,2025-10,6,경기도,가평군,가평베네스트GC,8992,가평 2025_10.csv,레저스포츠,육상레저스포츠
가평,2025,10,2025-10,7,경기도,가평군,청평역,8378,가평 2025_10.csv,기타관광,교통시설
가평,2025,10,2025-10,8,경기도,가평군,아난티코드골프클럽,7874,가평 2025_10.csv,레저스포츠,육상레저스포츠
가평,2025,10,2025-10,9,경기도,가평군,프리스틴밸리GC,6943,가평 2025_10.csv,레저스포츠,육상레저스포츠
가평,2025,10,2025-10,10,경기도,가평군,베뉴지CC,6634,가평 2025_10.csv,레저스포츠,육상레저스포츠
가평,2025,10,2025-10,11,경기도,가평군,가평베고니아새정원,5955,가평 2025_10.csv,문화관광,테마공원
가평,2025,10,2025-10,12,경기도,가평군,크리스탈밸리CC,5542,가평 2025_10.csv,레저스포츠,육상레저스포츠
가평,2025,10,2025-10,13,경기도,가평군,쁘띠프랑스,5278,가평 2025_10.csv,문화관광,복합관광시설
가평,2025,10,2025-10,14,경기도,가평군,리앤리CC,5107,가평 2025_10.csv,레저스포츠,육상레저스포츠
가평,2025,10,2025-10,15,경기도,가평군,마이다스밸리청평 골프클럽,4156,가평 2025_10.csv,레저스포츠,육상레저스포츠
가평,2025,10,2025-10,16,경기도,가평군,유명산자연휴양림,4038,가평 2025_10.csv,자연관광,자연공원
가평,2025,10,2025-10,17,경기도,가평군,경기도잣향기푸른숲,3961,가평 2025_10.csv,자연관광,자연공원
가평,2025,10,2025-10,18,경기도,가평군,아침고요가족동물원,3410,가평 2025_10.csv,문화관광,테마공원
가평,2025,10,2025-10,19,경기도,가평군,현리시외버스터미널,3361,가평 2025_10.csv,기타관광,교통시설
가평,2025,10,2025-10,20,경기도,가평군,자라섬꽃페스타,2787,가평 2025_10.csv,문화관광,기타문화관광지
가평,2025,10,2025-10,21,경기도,가평군,신비동물원가평점,2763,가평 2025_10.csv,문화관광,테마공원
가평,2025,10,2025-10,22,경기도,가평군,강촌레일파크가평역,2213,가평 2025_10.csv,레저스포츠,기타레저스포츠
가평,2025,10,2025-10,23,경기도,가평군,가평시외버스터미널,1985,가평 2025_10.csv,기타관광,교통시설
가평,2025,10,2025-10,24,경기도,가평군,호명호수,1480,가평 2025_10.csv,자연관광,자연경관(하천/해양)
가평,2025,10,2025-10,25,경기도,가평군,청평시외버스터미널,1472,가평 2025_10.csv,기타관광,교통시설
가평,2025,10,2025-10,26,경기도,가평군,가평크루즈,1438,가평 2025_10.csv,레저스포츠,기타레저스포츠
가평,2025,10,2025-10,27,경기도,가평군,에델바이스스위스테마파크,1425,가평 2025_10.csv,문화관광,테마공원
가평,2025,10,2025-10,28,경기도,가평군,K26잠수풀,1225,가평 2025_10.csv,레저스포츠,수상레저스포츠
가평,2025,10,2025-10,29,경기도,가평군,가평파크골프장,1200,가평 2025_10.csv,레저스포츠,육상레저스포츠
가평,2025,10,2025-10,30,경기도,가평군,청심평화월드센터,1175,가평 2025_10.csv,문화관광,공연시설
가평,2025,10,2025-10,31,경기도,가평군,음악역1939,913,가평 2025_10.csv,문화관광,기타문화관광지
가평,2025,10,2025-10,32,경기도,가평군,청평자연휴양림,906,가평 2025_10.csv,자연관광,자연공원
가평,2025,10,2025-10,33,경기도,가평군,청평호반드라이브코스,828,가평 2025_10.csv,기타관광,데이트코스
가평,2025,10,2025-10,34,경기도,가평군,한국초콜릿연구소뮤지엄,751,가평 2025_10.csv,문화관광,전시시설
가평,2025,10,2025-10,35,경기도,가평군,현등사,727,가평 2025_10.csv,역사관광,종교성지
가평,2025,10,2025-10,36,경기도,가평군,잣고을전통시장,711,가평 2025_10.csv,쇼핑,시장
가평,2025,10,2025-10,37,경기도,가평군,칼봉산자연휴양림,669,가평 2025_10.csv,자연관광,자연공원
가평,2025,10,2025-10,38,경기도,가평군,강씨봉자연휴양림,657,가평 2025_10.csv,자연관광,자연공원
가평,2025,10,2025-10,39,경기도,가평군,설악시외버스터미널,606,가평 2025_10.csv,기타관광,교통시설
가평,2025,10,2025-10,40,경기도,가평군,이탈리아마을 피노키오와다빈치,605,가평 2025_10.csv,문화관광,복합관광시설
가평,2025,10,2025-10,41,경기도,가평군,꿈의동산,582,가평 2025_10.csv,문화관광,복합관광시설
가평,2025,10,2025-10,42,경기도,가평군,가평별빛정원,554,가평 2025_10.csv,문화관광,도시공원
가평,2025,10,2025-10,43,경기도,가평군,W홀스랜드,541,가평 2025_10.csv,레저스포츠,육상레저스포츠
가평,2025,10,2025-10,44,경기도,가평군,남도꽃정원,535,가평 2025_10.csv,문화관광,도시공원
가평,2025,10,2025-10,45,경기도,가평군,운악산출렁다리,486,가평 2025_10.csv,기타관광,기타관광
가평,2025,10,2025-10,46,경기도,가평군,탑코리아수상레저,478,가평 2025_10.csv,레저스포츠,수상레저스포츠
가평,2025,10,2025-10,47,경기도,가평군,백련사,464,가평 2025_10.csv,역사관광,종교성지
가평,2025,10,2025-10,48,경기도,가평군,중앙내수면연구소벚꽃길,449,가평 2025_10.csv,기타관광,기타관광
가평,2025,10,2025-10,49,경기도,가평군,청평호,441,가평 2025_10.csv,자연관광,자연경관(하천/해양)
가평,2025,10,2025-10,50,경기도,가평군,가평군어린이음악놀이터,436,가평 2025_10.csv,문화관광,테마공원
가평,2025,10,2025-10,51,경기도,가평군,대원사,412,가평 2025_10.csv,역사관광,종교성지
가평,2025,10,2025-10,52,경기도,가평군,이화원,399,가평 2025_10.csv,문화관광,도시공원
가평,2025,10,2025-10,53,경기도,가평군,호명호수공원,394,가평 2025_10.csv,문화관광,도시공원
가평,2025,10,2025-10,54,경기도,가평군,더스테이힐링파크링스파3골프장,373,가평 2025_10.csv,레저스포츠,육상레저스포츠
가평,2025,10,2025-10,54,경기도,가평군,가평정기5일시장,373,가평 2025_10.csv,쇼핑,시장
가평,2025,10,2025-10,56,경기도,가평군,자라섬재즈페스티벌,364,가평 2025_10.csv,문화관광,기타문화관광지
가평,2025,10,2025-10,57,경기도,가평군,청평생활체육공원,352,가평 2025_10.csv,문화관광,도시공원
가평,2025,10,2025-10,58,경기도,가평군,가평브릿지짚라인,348,가평 2025_10.csv,레저스포츠,기타레저스포츠
가평,2025,10,2025-10,59,경기도,가평군,대성리국민관광지,347,가평 2025_10.csv,문화관광,복합관광시설
가평,2025,10,2025-10,60,경기도,가평군,보납정,342,가평 2025_10.csv,레저스포츠,육상레저스포츠
가평,2025,10,2025-10,61,경기도,가평군,천정궁박물관,339,가평 2025_10.csv,문화관광,전시시설
가평,2025,10,2025-10,62,경기도,가평군,도장골낚시터,317,가평 2025_10.csv,레저스포츠,수상레저스포츠
가평,2025,10,2025-10,63,경기도,가평군,청심국제청소년수련원,306,가평 2025_10.csv,레저스포츠,육상레저스포츠
가평,2025,10,2025-10,64,경기도,가평군,운악산,292,가평 2025_10.csv,자연관광,자연경관(산)
가평,2025,10,2025-10,65,경기도,가평군,경기도잣향기푸른숲안내매표소,283,가평 2025_10.csv,기타관광,기타관광
가평,2025,10,2025-10,65,경기도,가평군,스카이라인짚와이어,283,가평 2025_10.csv,문화관광,복합관광시설
가평,2025,10,2025-10,67,경기도,가평군,녹수계곡,279,가평 2025_10.csv,자연관광,자연경관(산)
가평,2025,10,2025-10,68,경기도,가평군,자라섬출렁다리,261,가평 2025_10.csv,기타관광,기타관광
가평,2025,10,2025-10,69,경기도,가평군,서울특별시교육청학생교육원대성리교육원,260,가평 2025_10.csv,체험관광,체험관광기타
가평,2025,10,2025-10,70,경기도,가평군,용추계곡,257,가평 2025_10.csv,자연관광,자연경관(산)
가평,2025,10,2025-10,71,경기도,가평군,서울특별시교육청학생교육원본원,256,가평 2025_10.csv,체험관광,체험관광기타
가평,2025,10,2025-10,72,경기도,가평군,가일미술관,248,가평 2025_10.csv,문화관광,전시시설
가평,2025,10,2025-10,73,경기도,가평군,가평양떼목장수국축제,246,가평 2025_10.csv,문화관광,기타문화관광지
가평,2025,10,2025-10,74,경기도,가평군,북면생활체육공원,235,가평 2025_10.csv,문화관광,도시공원
가평,2025,10,2025-10,75,경기도,가평군,청평5일시장,226,가평 2025_10.csv,쇼핑,시장
가평,2025,10,2025-10,76,경기도,가평군,캠프통포레스트,225,가평 2025_10.csv,레저스포츠,수상레저스포츠
가평,2025,10,2025-10,77,경기도,가평군,호명산드라이브코스,222,가평 2025_10.csv,기타관광,데이트코스
가평,2025,10,2025-10,78,경기도,가평군,어비계곡,219,가평 2025_10.csv,자연관광,자연경관(산)
가평,2025,10,2025-10,79,경기도,가평군,물조은빠지,218,가평 2025_10.csv,레저스포츠,수상레저스포츠
가평,2025,10,2025-10,80,경기도,가평군,달마공원관음사,213,가평 2025_10.csv,역사관광,종교성지
가평,2025,10,2025-10,81,경기도,가평군,캠프통아일랜드,211,가평 2025_10.csv,레저스포츠,수상레저스포츠
가평,2025,10,2025-10,82,경기도,가평군,가평수목원,198,가평 2025_10.csv,자연관광,자연공원
가평,2025,10,2025-10,83,경기도,가평군,목동버스터미널,186,가평 2025_10.csv,기타관광,교통시설
가평,2025,10,2025-10,84,경기도,가평군,자라섬생태공원,181,가평 2025_10.csv,문화관광,도시공원
가평,2025,10,2025-10,85,경기도,가평군,운악산성불사,173,가평 2025_10.csv,역사관광,종교성지
가평,2025,10,2025-10,86,경기도,가평군,가평TOP랜드,171,가평 2025_10.csv,레저스포츠,수상레저스포츠
가평,2025,10,2025-10,87,경기도,가평군,유명산,163,가평 2025_10.csv,자연관광,자연경관(산)
가평,2025,10,2025-10,88,경기도,가평군,마린보이수상레저,158,가평 2025_10.csv,레저스포츠,수상레저스포츠
가평,2025,10,2025-10,89,경기도,가평군,아루바수상레저,150,가평 2025_10.csv,레저스포츠,기타레저스포츠
가평,2025,10,2025-10,90,경기도,가평군,리버랜드번지점프장,148,가평 2025_10.csv,레저스포츠,육상레저스포츠
가평,2025,10,2025-10,91,경기도,가평군,조종시네마,145,가평 2025_10.csv,문화관광,공연시설
가평,2025,10,2025-10,92,경기도,가평군,일칠일관광농원,144,가평 2025_10.csv,체험관광,농/산/어촌체험
가평,2025,10,2025-10,93,경기도,가평군,명지산생태전시관,143,가평 2025_10.csv,문화관광,전시시설
가평,2025,10,2025-10,94,경기도,가평군,아침고요수목원국화전시회,142,가평 2025_10.csv,문화관광,기타문화관광지
가평,2025,10,2025-10,95,경기도,가평군,자이언트수상레저리조트,137,가평 2025_10.csv,레저스포츠,수상레저스포츠
가평,2025,10,2025-10,96,경기도,가평군,가평군 설악면 초롱이둥지마을,135,가평 2025_10.csv,역사관광,역사유적지
가평,2025,10,2025-10,97,경기도,가평군,말리부수상레저,133,가평 2025_10.csv,레저스포츠,수상레저스포츠
가평,2025,10,2025-10,98,경기도,가평군,설악생활체육공원,132,가평 2025_10.csv,문화관광,도시공원
가평,2025,10,2025-10,98,경기도,가평군,가평에덴벚꽃길,132,가평 2025_10.csv,기타관광,기타관광
가평,2025,10,2025-10,100,경기도,가평군,화악산,130,가평 2025_10.csv,자연관광,자연경관(산)
가평,2025,10,2025-10,101,경기도,가평군,서울특별시교육청학생교육원글로벌문화언어체험교육원,128,가평 2025_10.csv,체험관광,체험관광기타
가평,2025,10,2025-10,102,경기도,가평군,해별달사과,122,가평 2025_10.csv,체험관광,농/산/어촌체험
가평,2025,10,2025-10,103,경기도,가평군,조종생활체육공원,121,가평 2025_10.csv,문화관광,도시공원
가평,2025,10,2025-10,104,경기도,가평군,용소폭포,118,가평 2025_10.csv,자연관광,자연경관(산)
가평,2025,10,2025-10,105,경기도,가평군,청평여울시장,110,가평 2025_10.csv,쇼핑,시장
가평,2025,10,2025-10,106,경기도,가평군,운악산관음사,109,가평 2025_10.csv,역사관광,종교성지
가평,2025,10,2025-10,107,경기도,가평군,설악5일장,108,가평 2025_10.csv,쇼핑,시장
가평,2025,10,2025-10,108,경기도,가평군,상천낚시터,103,가평 2025_10.csv,레저스포츠,수상레저스포츠
가평,2025,10,2025-10,108,경기도,가평군,자라섬워터파크,103,가평 2025_10.csv,문화관광,테마공원
가평,2025,10,2025-10,110,경기도,가평군,청평호수길,98,가평 2025_10.csv,기타관광,기타관광
가평,2025,10,2025-10,111,경기도,가평군,현리유원지,97,가평 2025_10.csv,문화관광,복합관광시설
가평,2025,10,2025-10,112,경기도,가평군,연인산명품계곡길,95,가평 2025_10.csv,레저스포츠,기타레저스포츠
가평,2025,10,2025-10,112,경기도,가평군,청평암,95,가평 2025_10.csv,역사관광,종교성지
가평,2025,10,2025-10,114,경기도,가평군,가평현리5일장,93,가평 2025_10.csv,쇼핑,시장
가평,2025,10,2025-10,114,경기도,가평군,가평뮤직빌리지1939시네마,93,가평 2025_10.csv,문화관광,공연시설
가평,2025,10,2025-10,116,경기도,가평군,어거스트수상레저,91,가평 2025_10.csv,레저스포츠,수상레저스포츠
가평,2025,10,2025-10,117,경기도,가평군,신청평대교야구장,89,가평 2025_10.csv,문화관광,레저스포츠시설
가평,2025,10,2025-10,118,경기도,가평군,맨하탄수상레져,88,가평 2025_10.csv,레저스포츠,수상레저스포츠
가평,2025,10,2025-10,119,경기도,가평군,버드마리나수상레저,87,가평 2025_10.csv,레저스포츠,기타레저스포츠
가평,2025,10,2025-10,120,경기도,가평군,산유낚시터,86,가평 2025_10.csv,레저스포츠,수상레저스포츠
가평,2025,10,2025-10,121,경기도,가평군,가평낚시터,85,가평 2025_10.csv,레저스포츠,수상레저스포츠
가평,2025,10,2025-10,122,경기도,가평군,상락향수도원,84,가평 2025_10.csv,역사관광,종교성지
가평,2025,10,2025-10,123,경기도,가평군,수영인의마을,79,가평 2025_10.csv,레저스포츠,수상레저스포츠
가평,2025,10,2025-10,124,경기도,가평군,가평레져카트장,78,가평 2025_10.csv,레저스포츠,기타레저스포츠
가평,2025,10,2025-10,125,경기도,가평군,가평축령산잣나무숲,73,가평 2025_10.csv,자연관광,자연공원
가평,2025,10,2025-10,126,경기도,가평군,황금사과농원,72,가평 2025_10.csv,체험관광,농/산/어촌체험
가평,2025,10,2025-10,127,경기도,가평군,태은사,70,가평 2025_10.csv,역사관광,종교성지
가평,2025,10,2025-10,128,경기도,가평군,연인산,68,가평 2025_10.csv,자연관광,자연경관(산)
가평,2025,10,2025-10,129,경기도,가평군,청평페리,67,가평 2025_10.csv,기타관광,교통시설
가평,2025,10,2025-10,129,경기도,가평군,명지계곡,67,가평 2025_10.csv,자연관광,자연경관(산)
가평,2025,10,2025-10,131,경기도,가평군,가평역레져,66,가평 2025_10.csv,레저스포츠,기타레저스포츠
가평,2025,10,2025-10,132,경기도,가평군,서프앤,65,가평 2025_10.csv,레저스포츠,수상레저스포츠
가평,2025,10,2025-10,132,경기도,가평군,가평빠지클럽비발디,65,가평 2025_10.csv,레저스포츠,수상레저스포츠
가평,2025,10,2025-10,132,경기도,가평군,산장관광지,65,가평 2025_10.csv,문화관광,복합관광시설
가평,2025,10,2025-10,135,경기도,가평군,아침고요체험살피꽃다방,64,가평 2025_10.csv,레저스포츠,기타레저스포츠
가평,2025,10,2025-10,136,경기도,가평군,가평밀리터리공원,63,가평 2025_10.csv,문화관광,테마공원
가평,2025,10,2025-10,136,경기도,가평군,수풀로삼회리,63,가평 2025_10.csv,문화관광,도시공원
가평,2025,10,2025-10,138,경기도,가평군,토마토레저파크,62,가평 2025_10.csv,레저스포츠,기타레저스포츠
가평,2025,10,2025-10,139,경기도,가평군,호명산,60,가평 2025_10.csv,자연관광,자연경관(산)
가평,2025,10,2025-10,139,경기도,가평군,연인산도립공원탐방안내소,60,가평 2025_10.csv,기타관광,기타관광
가평,2025,10,2025-10,141,경기도,가평군,가평사계절썰매장,58,가평 2025_10.csv,레저스포츠,육상레저스포츠
가평,2025,10,2025-10,142,경기도,가평군,일지안호범미술관,57,가평 2025_10.csv,문화관광,전시시설
가평,2025,10,2025-10,142,경기도,가평군,취옹예술관,57,가평 2025_10.csv,문화관광,전시시설
가평,2025,10,2025-10,144,경기도,가평군,목동근린공원전망대,55,가평 2025_10.csv,문화관광,랜드마크관광
가평,2025,10,2025-10,144,경기도,가평군,자연과별천문대,55,가평 2025_10.csv,기타관광,기타관광
가평,2025,10,2025-10,146,경기도,가평군,삼회리벚꽃길,54,가평 2025_10.csv,기타관광,데이트코스
가평,2025,10,2025-10,147,경기도,가평군,팀더블유,53,가평 2025_10.csv,레저스포츠,기타레저스포츠
가평,2025,10,2025-10,147,경기도,가평군,청평유원지,53,가평 2025_10.csv,문화관광,복합관광시설
가평,2025,10,2025-10,149,경기도,가평군,씨브이리조트,52,가평 2025_10.csv,레저스포츠,수상레저스포츠
가평,2025,10,2025-10,149,경기도,가평군,청춘역1979,52,가평 2025_10.csv,문화관광,도시공원
가평,2025,10,2025-10,149,경기도,가평군,가평군 설악면 은혜마을,52,가평 2025_10.csv,역사관광,역사유적지
가평,2025,10,2025-10,152,경기도,가평군,행복축구전용구장,50,가평 2025_10.csv,문화관광,레저스포츠시설
가평,2025,10,2025-10,153,경기도,가평군,상천루,49,가평 2025_10.csv,문화관광,도시공원
가평,2025,10,2025-10,153,경기도,가평군,소풍레저,49,가평 2025_10.csv,레저스포츠,수상레저스포츠
가평,2025,10,2025-10,155,경기도,가평군,이지수상레져,48,가평 2025_10.csv,레저스포츠,기타레저스포츠
가평,2025,10,2025-10,155,경기도,가평군,청평첫집,48,가평 2025_10.csv,레저스포츠,수상레저스포츠
가평,2025,10,2025-10,155,경기도,가평군,불기고개,48,가평 2025_10.csv,자연관광,자연경관(산)
가평,2025,10,2025-10,158,경기도,가평군,가평하늘커피농장,47,가평 2025_10.csv,체험관광,농/산/어촌체험
가평,2025,10,2025-10,159,경기도,가평군,상면생활체육공원,45,가평 2025_10.csv,문화관광,도시공원
가평,2025,10,2025-10,160,경기도,가평군,오페라하우스수상레저,44,가평 2025_10.csv,레저스포츠,수상레저스포츠
가평,2025,10,2025-10,160,경기도,가평군,가평이음터,44,가평 2025_10.csv,문화관광,기타문화관광지
가평,2025,10,2025-10,160,경기도,가평군,설악낚시터,44,가평 2025_10.csv,레저스포츠,수상레저스포츠
가평,2025,10,2025-10,163,경기도,가평군,북배산흑염소농장,42,가평 2025_10.csv,체험관광,농/산/어촌체험
가평,2025,10,2025-10,163,경기도,가평군,성주사,42,가평 2025_10.csv,역사관광,종교성지
가평,2025,10,2025-10,165,경기도,가평군,워터피아수상레저,41,가평 2025_10.csv,레저스포츠,수상레저스포츠
가평,2025,10,2025-10,165,경기도,가평군,가람농원,41,가평 2025_10.csv,체험관광,농/산/어촌체험
가평,2025,10,2025-10,167,경기도,가평군,운악산가평현등사방면,40,가평 2025_10.csv,자연관광,자연경관(산)
가평,2025,10,2025-10,168,경기도,가평군,노랑다리미술관,39,가평 2025_10.csv,문화관광,전시시설
가평,2025,10,2025-10,169,경기도,가평군,설악생활체육공원축구장,38,가평 2025_10.csv,문화관광,레저스포츠시설
가평,2025,10,2025-10,169,경기도,가평군,썸머타임수상레저,38,가평 2025_10.csv,레저스포츠,수상레저스포츠
가평,2025,10,2025-10,169,경기도,가평군,물의나라유원지,38,가평 2025_10.csv,문화관광,복합관광시설
가평,2025,10,2025-10,172,경기도,가평군,조무락계곡,37,가평 2025_10.csv,자연관광,자연경관(산)
가평,2025,10,2025-10,173,경기도,가평군,한국바이에른식육학교,36,가평 2025_10.csv,체험관광,체험관광기타
가평,2025,10,2025-10,174,경기도,가평군,HJ매그놀리아멋집,34,가평 2025_10.csv,문화관광,기타문화관광지
가평,2025,10,2025-10,175,경기도,가평군,자라섬리버마켓,33,가평 2025_10.csv,쇼핑,시장
가평,2025,10,2025-10,176,경기도,가평군,베니스수상레저,32,가평 2025_10.csv,레저스포츠,수상레저스포츠
가평,2025,10,2025-10,177,경기도,가평군,도대리용소폭포,31,가평 2025_10.csv,자연관광,자연경관(산)
가평,2025,10,2025-10,177,경기도,가평군,청평스포랜드번지점프장,31,가평 2025_10.csv,레저스포츠,육상레저스포츠
가평,2025,10,2025-10,177,경기도,가평군,가평무브베이스볼파크,31,가평 2025_10.csv,문화관광,레저스포츠시설
가평,2025,10,2025-10,180,경기도,가평군,가평철길공원,30,가평 2025_10.csv,문화관광,도시공원
가평,2025,10,2025-10,180,경기도,가평군,마린파크수상레저,30,가평 2025_10.csv,레저스포츠,수상레저스포츠
가평,2025,10,2025-10,180,경기도,가평군,청정낚시터,30,가평 2025_10.csv,레저스포츠,수상레저스포츠
가평,2025,10,2025-10,183,경기도,가평군,가평종합운동장야구장,29,가평 2025_10.csv,문화관광,레저스포츠시설
가평,2025,10,2025-10,183,경기도,가평군,웨이크베이리조트,29,가평 2025_10.csv,레저스포츠,기타레저스포츠
가평,2025,10,2025-10,183,경기도,가평군,삼원수상레저,29,가평 2025_10.csv,레저스포츠,기타레저스포츠
가평,2025,10,2025-10,183,경기도,가평군,대성수상레저,29,가평 2025_10.csv,레저스포츠,수상레저스포츠
가평,2025,10,2025-10,183,경기도,가평군,더스테이힐링파크와일드가든,29,가평 2025_10.csv,문화관광,도시공원
가평,2025,10,2025-10,188,경기도,가평군,마린컴퍼니클럽,27,가평 2025_10.csv,레저스포츠,수상레저스포츠
가평,2025,10,2025-10,188,경기도,가평군,남송미술관,27,가평 2025_10.csv,문화관광,전시시설
가평,2025,10,2025-10,190,경기도,가평군,트니트니어드벤처,26,가평 2025_10.csv,문화관광,테마공원
가평,2025,10,2025-10,190,경기도,가평군,바하마수상레포츠,26,가평 2025_10.csv,레저스포츠,수상레저스포츠
가평,2025,10,2025-10,190,경기도,가평군,희망축구전용구장,26,가평 2025_10.csv,문화관광,레저스포츠시설
가평,2025,10,2025-10,193,경기도,가평군,운악산용수사,25,가평 2025_10.csv,역사관광,종교성지
가평,2025,10,2025-10,193,경기도,가평군,레인보우수상레저,25,가평 2025_10.csv,레저스포츠,수상레저스포츠
가평,2025,10,2025-10,193,경기도,가평군,두밀리낚시터,25,가평 2025_10.csv,레저스포츠,수상레저스포츠
가평,2025,10,2025-10,193,경기도,가평군,자라섬수상스포츠체험센터,25,가평 2025_10.csv,레저스포츠,수상레저스포츠
가평,2025,10,2025-10,193,경기도,가평군,헤이븐,25,가평 2025_10.csv,레저스포츠,수상레저스포츠
가평,2025,10,2025-10,198,경기도,가평군,구원사,23,가평 2025_10.csv,역사관광,종교성지
가평,2025,10,2025-10,198,경기도,가평군,귀목계곡,23,가평 2025_10.csv,자연관광,자연경관(산)
가평,2025,10,2025-10,200,경기도,가평군,사공일샵,22,가평 2025_10.csv,체험관광,공예체험
가평,2025,10,2025-10,200,경기도,가평군,현리계곡,22,가평 2025_10.csv,자연관광,자연경관(산)
가평,2025,10,2025-10,200,경기도,가평군,은행나무낚시공원,22,가평 2025_10.csv,레저스포츠,수상레저스포츠
가평,2025,10,2025-10,200,경기도,가평군,중봉,22,가평 2025_10.csv,자연관광,자연경관(산)
가평,2025,10,2025-10,200,경기도,가평군,포세이돈,22,가평 2025_10.csv,레저스포츠,수상레저스포츠
가평,2025,10,2025-10,205,경기도,가평군,청평유원지,21,가평 2025_10.csv,문화관광,복합관광시설
가평,2025,10,2025-10,205,경기도,가평군,양진나루선착장,21,가평 2025_10.csv,기타관광,교통시설
가평,2025,10,2025-10,205,경기도,가평군,가평군 가평읍 아홉마지기마을,21,가평 2025_10.csv,역사관광,역사유적지
가평,2025,10,2025-10,205,경기도,가평군,뉴돌고래수상레저,21,가평 2025_10.csv,레저스포츠,수상레저스포츠
가평,2025,10,2025-10,205,경기도,가평군,가평빠지하이수상레저,21,가평 2025_10.csv,레저스포츠,수상레저스포츠
가평,2025,10,2025-10,210,경기도,가평군,유명산계곡,20,가평 2025_10.csv,자연관광,자연경관(산)
가평,2025,10,2025-10,211,경기도,가평군,청평리버랜드수상레저,19,가평 2025_10.csv,문화관광,복합관광시설
가평,2025,10,2025-10,211,경기도,가평군,루시아수상레저,19,가평 2025_10.csv,레저스포츠,수상레저스포츠
가평,2025,10,2025-10,211,경기도,가평군,아침고요수목원오색별빛정원전,19,가평 2025_10.csv,문화관광,기타문화관광지
가평,2025,10,2025-10,211,경기도,가평군,연진농원,19,가평 2025_10.csv,체험관광,농/산/어촌체험
가평,2025,10,2025-10,215,경기도,가평군,자라섬관광안내소,18,가평 2025_10.csv,기타관광,기타관광
가평,2025,10,2025-10,215,경기도,가평군,가마소유원지,18,가평 2025_10.csv,문화관광,복합관광시설
가평,2025,10,2025-10,215,경기도,가평군,운악산반길이포도원,18,가평 2025_10.csv,체험관광,농/산/어촌체험
가평,2025,10,2025-10,215,경기도,가평군,금개울유원지,18,가평 2025_10.csv,문화관광,복합관광시설
가평,2025,10,2025-10,215,경기도,가평군,흥국사,18,가평 2025_10.csv,역사관광,종교성지
가평,2025,10,2025-10,215,경기도,가평군,모비딕수상레저,18,가평 2025_10.csv,레저스포츠,수상레저스포츠
가평,2025,10,2025-10,215,경기도,가평군,클럽에덴수상레져타운,18,가평 2025_10.csv,레저스포츠,수상레저스포츠
가평,2025,10,2025-10,222,경기도,가평군,클럽미사수상레저,17,가평 2025_10.csv,레저스포츠,수상레저스포츠
가평,2025,10,2025-10,222,경기도,가평군,가평레저파크,17,가평 2025_10.csv,레저스포츠,기타레저스포츠
가평,2025,10,2025-10,222,경기도,가평군,화악계곡,17,가평 2025_10.csv,자연관광,자연경관(산)
가평,2025,10,2025-10,222,경기도,가평군,가평군 설악면 반딧불마을,17,가평 2025_10.csv,역사관광,역사유적지
가평,2025,10,2025-10,222,경기도,가평군,도솔천사,17,가평 2025_10.csv,역사관광,종교성지
가평,2025,10,2025-10,222,경기도,가평군,썸머드림,17,가평 2025_10.csv,레저스포츠,수상레저스포츠
가평,2025,10,2025-10,222,경기도,가평군,선어치,17,가평 2025_10.csv,자연관광,자연경관(산)
가평,2025,10,2025-10,222,경기도,가평군,보납산전망대,17,가평 2025_10.csv,문화관광,랜드마크관광
가평,2025,10,2025-10,222,경기도,가평군,르푸앙수상레져,17,가평 2025_10.csv,레저스포츠,수상레저스포츠
가평,2025,10,2025-10,222,경기도,가평군,가평문화창작공간얼쑤공장,17,가평 2025_10.csv,문화관광,기타문화관광지
가평,2025,10,2025-10,232,경기도,가평군,이천보고가,16,가평 2025_10.csv,역사관광,역사유적지
가평,2025,10,2025-10,232,경기도,가평군,송학포유원지,16,가평 2025_10.csv,문화관광,복합관광시설
가평,2025,10,2025-10,234,경기도,가평군,노리파크가평점,15,가평 2025_10.csv,문화관광,테마공원
가평,2025,10,2025-10,234,경기도,가평군,유풍농원,15,가평 2025_10.csv,체험관광,농/산/어촌체험
가평,2025,10,2025-10,234,경기도,가평군,유명산자생식물원,15,가평 2025_10.csv,문화관광,테마공원
가평,2025,10,2025-10,234,경기도,가평군,청룡사,15,가평 2025_10.csv,역사관광,종교성지
가평,2025,10,2025-10,234,경기도,가평군,연인산용추구곡방면,15,가평 2025_10.csv,자연관광,자연경관(산)
가평,2025,10,2025-10,234,경기도,가평군,크라운수상레저,15,가평 2025_10.csv,레저스포츠,수상레저스포츠
가평,2025,10,2025-10,234,경기도,가평군,에덴야구장,15,가평 2025_10.csv,문화관광,레저스포츠시설
가평,2025,10,2025-10,234,경기도,가평군,성관사,15,가평 2025_10.csv,역사관광,종교성지
가평,2025,10,2025-10,234,경기도,가평군,청평생태공원,15,가평 2025_10.csv,문화관광,도시공원
가평,2025,10,2025-10,234,경기도,가평군,가평군 북면 오목골,15,가평 2025_10.csv,문화관광,도시/지역문화관광
가평,2025,10,2025-10,244,경기도,가평군,용추폭포,14,가평 2025_10.csv,자연관광,자연경관(산)
가평,2025,10,2025-10,244,경기도,가평군,떡바위유원지,14,가평 2025_10.csv,문화관광,복합관광시설
가평,2025,10,2025-10,244,경기도,가평군,설미재미술관,14,가평 2025_10.csv,문화관광,전시시설
가평,2025,10,2025-10,247,경기도,가평군,가평군관공선선착장,13,가평 2025_10.csv,기타관광,교통시설
가평,2025,10,2025-10,247,경기도,가평군,유명산휴양림관리소,13,가평 2025_10.csv,자연관광,자연공원
가평,2025,10,2025-10,247,경기도,가평군,향원사,13,가평 2025_10.csv,역사관광,종교성지
가평,2025,10,2025-10,247,경기도,가평군,가평군 상면 조가터마을,13,가평 2025_10.csv,문화관광,도시/지역문화관광
가평,2025,10,2025-10,247,경기도,가평군,마콤갤러리,13,가평 2025_10.csv,문화관광,전시시설
가평,2025,10,2025-10,252,경기도,가평군,승천사,12,가평 2025_10.csv,역사관광,종교성지
가평,2025,10,2025-10,252,경기도,가평군,조종천계곡,12,가평 2025_10.csv,자연관광,자연경관(산)
가평,2025,10,2025-10,252,경기도,가평군,가림미술관,12,가평 2025_10.csv,문화관광,전시시설
가평,2025,10,2025-10,252,경기도,가평군,서호유원지,12,가평 2025_10.csv,문화관광,복합관광시설
가평,2025,10,2025-10,252,경기도,가평군,축령사,12,가평 2025_10.csv,역사관광,종교성지
가평,2025,10,2025-10,252,경기도,가평군,대금사,12,가평 2025_10.csv,역사관광,종교성지
가평,2025,10,2025-10,252,경기도,가평군,사랑해체험마을,12,가평 2025_10.csv,레저스포츠,기타레저스포츠
가평,2025,10,2025-10,252,경기도,가평군,김중식미술관,12,가평 2025_10.csv,문화관광,전시시설
가평,2025,10,2025-10,260,경기도,가평군,유기농주은농장,11,가평 2025_10.csv,체험관광,농/산/어촌체험
가평,2025,10,2025-10,260,경기도,가평군,해든공방,11,가평 2025_10.csv,체험관광,공예체험
가평,2025,10,2025-10,260,경기도,가평군,이방실장군묘,11,가평 2025_10.csv,역사관광,역사유적지
가평,2025,10,2025-10,260,경기도,가평군,관음사,11,가평 2025_10.csv,역사관광,종교성지
가평,2025,10,2025-10,260,경기도,가평군,대성사,11,가평 2025_10.csv,역사관광,종교성지
가평,2025,10,2025-10,260,경기도,가평군,이정웅스페이스,11,가평 2025_10.csv,문화관광,전시시설
가평,2025,10,2025-10,260,경기도,가평군,가평군 청평면 야밀,11,가평 2025_10.csv,역사관광,역사유적지
가평,2025,10,2025-10,260,경기도,가평군,에덴벚꽃길,11,가평 2025_10.csv,레저스포츠,기타레저스포츠
가평,2025,10,2025-10,268,경기도,가평군,색현터널,10,가평 2025_10.csv,기타관광,기타관광
가평,2025,10,2025-10,268,경기도,가평군,청평계곡,10,가평 2025_10.csv,자연관광,자연경관(산)
가평,2025,10,2025-10,268,경기도,가평군,겨울연가촬영지,10,가평 2025_10.csv,문화관광,기타문화관광지
가평,2025,10,2025-10,268,경기도,가평군,지영수상스키장,10,가평 2025_10.csv,레저스포츠,수상레저스포츠
가평,2025,10,2025-10,268,경기도,가평군,현등사계곡,10,가평 2025_10.csv,자연관광,자연경관(산)
가평,2025,10,2025-10,268,경기도,가평군,아토믹워터파크,10,가평 2025_10.csv,문화관광,테마공원
가평,2025,10,2025-10,268,경기도,가평군,수동목장,10,가평 2025_10.csv,체험관광,농/산/어촌체험
가평,2025,10,2025-10,268,경기도,가평군,대성낚시터,10,가평 2025_10.csv,레저스포츠,수상레저스포츠
가평,2025,10,2025-10,268,경기도,가평군,가평빠지이비자수상레저,10,가평 2025_10.csv,레저스포츠,수상레저스포츠
가평,2025,10,2025-10,268,경기도,가평군,성운사,10,가평 2025_10.csv,역사관광,종교성지
가평,2025,10,2025-10,268,경기도,가평군,스마일수상레저,10,가평 2025_10.csv,레저스포츠,수상레저스포츠
가평,2025,10,2025-10,268,경기도,가평군,성불사,10,가평 2025_10.csv,역사관광,종교성지
가평,2025,10,2025-10,280,경기도,가평군,무아레풀무아레,9,가평 2025_10.csv,문화관광,테마공원
가평,2025,10,2025-10,280,경기도,가평군,하곡운악산포도농원,9,가평 2025_10.csv,체험관광,농/산/어촌체험
가평,2025,10,2025-10,280,경기도,가평군,연화세계,9,가평 2025_10.csv,역사관광,종교성지
가평,2025,10,2025-10,280,경기도,가평군,이정구선생묘,9,가평 2025_10.csv,역사관광,역사유적지
가평,2025,10,2025-10,280,경기도,가평군,유스토리청소년수련원,9,가평 2025_10.csv,레저스포츠,육상레저스포츠
가평,2025,10,2025-10,280,경기도,가평군,상천저수지,9,가평 2025_10.csv,자연관광,자연경관(하천/해양)
가평,2025,10,2025-10,280,경기도,가평군,상락향,9,가평 2025_10.csv,역사관광,종교성지
가평,2025,10,2025-10,280,경기도,가평군,송림사,9,가평 2025_10.csv,역사관광,종교성지
가평,2025,10,2025-10,288,경기도,가평군,빠져수상레저,8,가평 2025_10.csv,레저스포츠,수상레저스포츠
가평,2025,10,2025-10,288,경기도,가평군,용문산전투가평지구전적비,8,가평 2025_10.csv,역사관광,역사유물
가평,2025,10,2025-10,288,경기도,가평군,가평향교,8,가평 2025_10.csv,역사관광,역사유적지
가평,2025,10,2025-10,288,경기도,가평군,가평리틀야구장,8,가평 2025_10.csv,문화관광,레저스포츠시설
가평,2025,10,2025-10,288,경기도,가평군,파로티아워터하우스수상레저,8,가평 2025_10.csv,레저스포츠,수상레저스포츠
가평,2025,10,2025-10,293,경기도,가평군,와가목장,7,가평 2025_10.csv,체험관광,농/산/어촌체험
가평,2025,10,2025-10,293,경기도,가평군,서비공방,7,가평 2025_10.csv,체험관광,공예체험
가평,2025,10,2025-10,293,경기도,가평군,1호농원,7,가평 2025_10.csv,체험관광,농/산/어촌체험
가평,2025,10,2025-10,293,경기도,가평군,캐나다전투기념비,7,가평 2025_10.csv,역사관광,역사유물
가평,2025,10,2025-10,293,경기도,가평군,극락정사,7,가평 2025_10.csv,역사관광,종교성지
가평,2025,10,2025-10,293,경기도,가평군,별비치워터파크,7,가평 2025_10.csv,문화관광,테마공원
가평,2025,10,2025-10,293,경기도,가평군,아레나수상레저,7,가평 2025_10.csv,레저스포츠,수상레저스포츠
가평,2025,10,2025-10,293,경기도,가평군,해바라기유원지,7,가평 2025_10.csv,문화관광,복합관광시설
가평,2025,10,2025-10,293,경기도,가평군,애기소계곡,7,가평 2025_10.csv,자연관광,자연경관(산)
가평,2025,10,2025-10,293,경기도,가평군,화야산,7,가평 2025_10.csv,자연관광,자연경관(산)
가평,2025,10,2025-10,293,경기도,가평군,돌고래수상레저,7,가평 2025_10.csv,레저스포츠,기타레저스포츠
가평,2025,10,2025-10,293,경기도,가평군,울업산,7,가평 2025_10.csv,자연관광,자연경관(산)
가평,2025,10,2025-10,293,경기도,가평군,자라섬야외수영장,7,가평 2025_10.csv,문화관광,테마공원
가평,2025,10,2025-10,306,경기도,가평군,가평연인랜드,6,가평 2025_10.csv,체험관광,농/산/어촌체험
가평,2025,10,2025-10,306,경기도,가평군,대성사,6,가평 2025_10.csv,역사관광,종교성지
가평,2025,10,2025-10,306,경기도,가평군,산림복합체험센터,6,가평 2025_10.csv,문화관광,기타문화관광지
가평,2025,10,2025-10,306,경기도,가평군,그린수상레져,6,가평 2025_10.csv,레저스포츠,수상레저스포츠
가평,2025,10,2025-10,306,경기도,가평군,아침고요수목원들국화전시회,6,가평 2025_10.csv,문화관광,기타문화관광지
가평,2025,10,2025-10,306,경기도,가평군,호명산카페거리전망대,6,가평 2025_10.csv,문화관광,랜드마크관광
가평,2025,10,2025-10,306,경기도,가평군,산울로수상스키,6,가평 2025_10.csv,레저스포츠,기타레저스포츠
가평,2025,10,2025-10,306,경기도,가평군,덕혜암,6,가평 2025_10.csv,역사관광,종교성지
가평,2025,10,2025-10,306,경기도,가평군,버드나무유원지,6,가평 2025_10.csv,문화관광,복합관광시설
가평,2025,10,2025-10,306,경기도,가평군,명지산농원,6,가평 2025_10.csv,체험관광,농/산/어촌체험
가평,2025,10,2025-10,306,경기도,가평군,대성석가사,6,가평 2025_10.csv,역사관광,종교성지
가평,2025,10,2025-10,317,경기도,가평군,보타사,5,가평 2025_10.csv,역사관광,종교성지
가평,2025,10,2025-10,317,경기도,가평군,청오사,5,가평 2025_10.csv,역사관광,종교성지
가평,2025,10,2025-10,317,경기도,가평군,인스타랩,5,가평 2025_10.csv,문화관광,기타문화관광지
가평,2025,10,2025-10,317,경기도,가평군,양지농원,5,가평 2025_10.csv,체험관광,농/산/어촌체험
가평,2025,10,2025-10,317,경기도,가평군,운담사,5,가평 2025_10.csv,역사관광,종교성지
가평,2025,10,2025-10,317,경기도,가평군,모험의시작,5,가평 2025_10.csv,레저스포츠,수상레저스포츠
가평,2025,10,2025-10,317,경기도,가평군,여여암,5,가평 2025_10.csv,역사관광,종교성지
가평,2025,10,2025-10,317,경기도,가평군,효심사,5,가평 2025_10.csv,역사관광,종교성지
가평,2025,10,2025-10,317,경기도,가평군,옥수유원지,5,가평 2025_10.csv,문화관광,복합관광시설
가평,2025,10,2025-10,326,경기도,가평군,클럽모아나,4,가평 2025_10.csv,레저스포츠,수상레저스포츠
가평,2025,10,2025-10,326,경기도,가평군,가평골프피팅,4,가평 2025_10.csv,레저스포츠,기타레저스포츠
가평,2025,10,2025-10,326,경기도,가평군,삼성종묘가평농산,4,가평 2025_10.csv,체험관광,농/산/어촌체험
가평,2025,10,2025-10,326,경기도,가평군,은두산대성석가사,4,가평 2025_10.csv,역사관광,종교성지
가평,2025,10,2025-10,326,경기도,가평군,창원농원,4,가평 2025_10.csv,체험관광,농/산/어촌체험
가평,2025,10,2025-10,326,경기도,가평군,반공희생자위령비,4,가평 2025_10.csv,역사관광,역사유물
가평,2025,10,2025-10,326,경기도,가평군,청평역관광안내소,4,가평 2025_10.csv,기타관광,기타관광
가평,2025,10,2025-10,326,경기도,가평군,더스테이힐링파크별빛정원,4,가평 2025_10.csv,문화관광,도시공원
가평,2025,10,2025-10,326,경기도,가평군,조종암,4,가평 2025_10.csv,역사관광,역사유적지
가평,2025,10,2025-10,326,경기도,가평군,백둔계곡,4,가평 2025_10.csv,자연관광,자연경관(산)
가평,2025,10,2025-10,326,경기도,가평군,영안청소년수련원,4,가평 2025_10.csv,레저스포츠,육상레저스포츠
가평,2025,10,2025-10,326,경기도,가평군,미원유원지,4,가평 2025_10.csv,문화관광,복합관광시설
가평,2025,10,2025-10,326,경기도,가평군,화야산뽀루봉식당등산로,4,가평 2025_10.csv,자연관광,자연경관(산)
가평,2025,10,2025-10,326,경기도,가평군,수림타운,4,가평 2025_10.csv,레저스포츠,육상레저스포츠
가평,2025,10,2025-10,326,경기도,가평군,코스모피아천문대,4,가평 2025_10.csv,문화관광,랜드마크관광
가평,2025,10,2025-10,326,경기도,가평군,마린랜드,4,가평 2025_10.csv,레저스포츠,수상레저스포츠
가평,2025,10,2025-10,326,경기도,가평군,황룡뿌리,4,가평 2025_10.csv,체험관광,농/산/어촌체험
가평,2025,10,2025-10,326,경기도,가평군,어항소유원지,4,가평 2025_10.csv,문화관광,복합관광시설
가평,2025,10,2025-10,326,경기도,가평군,용추계곡유원지,4,가평 2025_10.csv,문화관광,복합관광시설
가평,2025,10,2025-10,326,경기도,가평군,탐선계곡유원지,4,가평 2025_10.csv,문화관광,복합관광시설
가평,2025,10,2025-10,326,경기도,가평군,호수유원지,4,가평 2025_10.csv,기타관광,기타관광
가평,2025,10,2025-10,326,경기도,가평군,적목리신앙공동체유적지,4,가평 2025_10.csv,역사관광,역사유적지
가평,2025,10,2025-10,326,경기도,가평군,인터렉티브아트뮤지엄,4,가평 2025_10.csv,문화관광,전시시설
가평,2025,10,2025-10,326,경기도,가평군,선경농원,4,가평 2025_10.csv,체험관광,농/산/어촌체험
가평,2025,10,2025-10,326,경기도,가평군,원각사,4,가평 2025_10.csv,역사관광,종교성지
가평,2025,10,2025-10,326,경기도,가평군,가평열기구,4,가평 2025_10.csv,레저스포츠,기타레저스포츠
가평,2025,10,2025-10,352,경기도,가평군,수궁유원지,3,가평 2025_10.csv,문화관광,복합관광시설
가평,2025,10,2025-10,352,경기도,가평군,대성리벚꽃길,3,가평 2025_10.csv,기타관광,기타관광
가평,2025,10,2025-10,352,경기도,가평군,이수네유원지,3,가평 2025_10.csv,문화관광,복합관광시설
가평,2025,10,2025-10,352,경기도,가평군,서울특별시교육청학생교육원안전체험관,3,가평 2025_10.csv,체험관광,체험관광기타
가평,2025,10,2025-10,352,경기도,가평군,라인수상레저,3,가평 2025_10.csv,레저스포츠,수상레저스포츠
가평,2025,10,2025-10,352,경기도,가평군,으뜸포도원,3,가평 2025_10.csv,체험관광,농/산/어촌체험
가평,2025,10,2025-10,352,경기도,가평군,록산갤러리,3,가평 2025_10.csv,문화관광,전시시설
가평,2025,10,2025-10,352,경기도,가평군,클럽스텔라,3,가평 2025_10.csv,레저스포츠,기타레저스포츠
가평,2025,10,2025-10,352,경기도,가평군,꽃보다포도농원,3,가평 2025_10.csv,체험관광,농/산/어촌체험
가평,2025,10,2025-10,352,경기도,가평군,청호요트클럽,3,가평 2025_10.csv,레저스포츠,수상레저스포츠
가평,2025,10,2025-10,352,경기도,가평군,가평하판리지진탑,3,가평 2025_10.csv,역사관광,역사유적지
가평,2025,10,2025-10,352,경기도,가평군,하연홍익표선생기념관,3,가평 2025_10.csv,문화관광,전시시설
가평,2025,10,2025-10,352,경기도,가평군,무주채폭포,3,가평 2025_10.csv,자연관광,자연경관(산)
가평,2025,10,2025-10,352,경기도,가평군,호주전투기념비,3,가평 2025_10.csv,역사관광,역사유물
가평,2025,10,2025-10,352,경기도,가평군,감로사,3,가평 2025_10.csv,역사관광,종교성지
가평,2025,10,2025-10,352,경기도,가평군,봉미산,3,가평 2025_10.csv,자연관광,자연경관(산)
가평,2025,10,2025-10,352,경기도,가평군,보광사,3,가평 2025_10.csv,역사관광,종교성지
가평,2025,10,2025-10,352,경기도,가평군,북한강유원지,3,가평 2025_10.csv,문화관광,복합관광시설
가평,2025,10,2025-10,352,경기도,가평군,보납사,3,가평 2025_10.csv,역사관광,종교성지
가평,2025,10,2025-10,352,경기도,가평군,가평약수터,3,가평 2025_10.csv,자연관광,자연경관(산)
가평,2025,10,2025-10,352,경기도,가평군,운곡암,3,가평 2025_10.csv,역사관광,종교성지
가평,2025,10,2025-10,352,경기도,가평군,큰골계곡,3,가평 2025_10.csv,자연관광,자연경관(산)
가평,2025,10,2025-10,352,경기도,가평군,산봉우리농원,3,가평 2025_10.csv,체험관광,농/산/어촌체험
가평,2025,10,2025-10,352,경기도,가평군,가평군 설악면 설곡옻샘마을,3,가평 2025_10.csv,역사관광,역사유적지
가평,2025,10,2025-10,352,경기도,가평군,하얀유원지,3,가평 2025_10.csv,문화관광,복합관광시설
가평,2025,10,2025-10,352,경기도,가평군,가평빠지리버포인트수상레저,3,가평 2025_10.csv,레저스포츠,수상레저스포츠
가평,2025,10,2025-10,352,경기도,가평군,팀어거스트,3,가평 2025_10.csv,레저스포츠,수상레저스포츠
가평,2025,10,2025-10,352,경기도,가평군,청평농원,3,가평 2025_10.csv,체험관광,농/산/어촌체험
가평,2025,10,2025-10,352,경기도,가평군,보원사,3,가평 2025_10.csv,역사관광,종교성지
가평,2025,10,2025-10,352,경기도,가평군,점프노리경기가평점,3,가평 2025_10.csv,문화관광,테마공원
가평,2025,10,2025-10,352,경기도,가평군,이화리고개,3,가평 2025_10.csv,자연관광,자연경관(산)
가평,2025,10,2025-10,352,경기도,가평군,열린선교회가평수양관,3,가평 2025_10.csv,레저스포츠,육상레저스포츠
가평,2025,10,2025-10,352,경기도,가평군,소호아트미술관,3,가평 2025_10.csv,문화관광,전시시설
가평,2025,10,2025-10,352,경기도,가평군,지장사,3,가평 2025_10.csv,역사관광,종교성지
가평,2025,10,2025-10,352,경기도,가평군,수암사,3,가평 2025_10.csv,역사관광,종교성지
가평,2025,10,2025-10,352,경기도,가평군,나래목장,3,가평 2025_10.csv,체험관광,농/산/어촌체험
가평,2025,10,2025-10,352,경기도,가평군,조종생활체육공원축구장,3,가평 2025_10.csv,문화관광,레저스포츠시설
가평,2025,10,2025-10,352,경기도,가평군,항아리바위계곡,3,가평 2025_10.csv,자연관광,자연경관(산)
가평,2025,10,2025-10,352,경기도,가평군,유명산하늘꽃차교육원,3,가평 2025_10.csv,체험관광,체험관광기타
가평,2025,10,2025-10,352,경기도,가평군,미국한국전쟁참전기념비,3,가평 2025_10.csv,역사관광,역사유물
가평,2025,11,2025-11,1,경기도,가평군,남이섬,21352,가평 2025_11.csv,자연관광,자연경관(하천/해양)
가평,2025,11,2025-11,2,경기도,가평군,남이섬선착장,17578,가평 2025_11.csv,기타관광,교통시설
가평,2025,11,2025-11,3,경기도,가평군,아침고요수목원,13119,가평 2025_11.csv,문화관광,테마공원
가평,2025,11,2025-11,4,경기도,가평군,청평역,5383,가평 2025_11.csv,기타관광,교통시설
가평,2025,11,2025-11,5,경기도,가평군,썬힐GC,5265,가평 2025_11.csv,레저스포츠,육상레저스포츠
가평,2025,11,2025-11,6,경기도,가평군,아난티코드골프클럽,5083,가평 2025_11.csv,레저스포츠,육상레저스포츠
가평,2025,11,2025-11,7,경기도,가평군,가평베네스트GC,5006,가평 2025_11.csv,레저스포츠,육상레저스포츠
가평,2025,11,2025-11,8,경기도,가평군,프리스틴밸리GC,4226,가평 2025_11.csv,레저스포츠,육상레저스포츠
가평,2025,11,2025-11,9,경기도,가평군,자라섬,3972,가평 2025_11.csv,자연관광,자연경관(하천/해양)
가평,2025,11,2025-11,10,경기도,가평군,베뉴지CC,3944,가평 2025_11.csv,레저스포츠,육상레저스포츠
가평,2025,11,2025-11,11,경기도,가평군,크리스탈밸리CC,3885,가평 2025_11.csv,레저스포츠,육상레저스포츠
가평,2025,11,2025-11,12,경기도,가평군,리앤리CC,3288,가평 2025_11.csv,레저스포츠,육상레저스포츠
가평,2025,11,2025-11,13,경기도,가평군,쁘띠프랑스,3156,가평 2025_11.csv,문화관광,복합관광시설
가평,2025,11,2025-11,14,경기도,가평군,유명산자연휴양림,2953,가평 2025_11.csv,자연관광,자연공원
가평,2025,11,2025-11,15,경기도,가평군,경기도잣향기푸른숲,2813,가평 2025_11.csv,자연관광,자연공원
가평,2025,11,2025-11,16,경기도,가평군,마이다스밸리청평골프클럽,2583,가평 2025_11.csv,레저스포츠,육상레저스포츠
가평,2025,11,2025-11,17,경기도,가평군,가평베고니아새정원,2476,가평 2025_11.csv,문화관광,테마공원
가평,2025,11,2025-11,18,경기도,가평군,아침고요가족동물원,2135,가평 2025_11.csv,문화관광,테마공원
가평,2025,11,2025-11,19,경기도,가평군,현리시외버스터미널,1934,가평 2025_11.csv,기타관광,교통시설
가평,2025,11,2025-11,20,경기도,가평군,중앙내수면연구소벚꽃길,1704,가평 2025_11.csv,기타관광,기타관광
가평,2025,11,2025-11,21,경기도,가평군,호명호수,1460,가평 2025_11.csv,자연관광,자연경관(하천/해양)
가평,2025,11,2025-11,22,경기도,가평군,신비동물원가평점,1275,가평 2025_11.csv,문화관광,테마공원
가평,2025,11,2025-11,23,경기도,가평군,가평시외버스터미널,1272,가평 2025_11.csv,기타관광,교통시설
가평,2025,11,2025-11,24,경기도,가평군,가평파크골프장,1151,가평 2025_11.csv,레저스포츠,육상레저스포츠
가평,2025,11,2025-11,25,경기도,가평군,청심평화월드센터,1065,가평 2025_11.csv,문화관광,공연시설
가평,2025,11,2025-11,25,경기도,가평군,청평시외버스터미널,1065,가평 2025_11.csv,기타관광,교통시설
가평,2025,11,2025-11,27,경기도,가평군,강촌레일파크가평역,1008,가평 2025_11.csv,레저스포츠,기타레저스포츠
가평,2025,11,2025-11,28,경기도,가평군,K26잠수풀,769,가평 2025_11.csv,레저스포츠,수상레저스포츠
가평,2025,11,2025-11,29,경기도,가평군,가평크루즈,744,가평 2025_11.csv,레저스포츠,기타레저스포츠
가평,2025,11,2025-11,30,경기도,가평군,청평호반드라이브코스,731,가평 2025_11.csv,기타관광,데이트코스
가평,2025,11,2025-11,31,경기도,가평군,에델바이스스위스테마파크,707,가평 2025_11.csv,문화관광,테마공원
가평,2025,11,2025-11,32,경기도,가평군,음악역1939,692,가평 2025_11.csv,문화관광,기타문화관광지
가평,2025,11,2025-11,33,경기도,가평군,청평자연휴양림,676,가평 2025_11.csv,자연관광,자연공원
가평,2025,11,2025-11,34,경기도,가평군,호명호수공원,462,가평 2025_11.csv,문화관광,도시공원
가평,2025,11,2025-11,35,경기도,가평군,현등사,460,가평 2025_11.csv,역사관광,종교성지
가평,2025,11,2025-11,36,경기도,가평군,강씨봉자연휴양림,450,가평 2025_11.csv,자연관광,자연공원
가평,2025,11,2025-11,37,경기도,가평군,설악시외버스터미널,437,가평 2025_11.csv,기타관광,교통시설
가평,2025,11,2025-11,38,경기도,가평군,가평별빛정원,418,가평 2025_11.csv,문화관광,도시공원
가평,2025,11,2025-11,39,경기도,가평군,청평호,386,가평 2025_11.csv,자연관광,자연경관(하천/해양)
가평,2025,11,2025-11,40,경기도,가평군,칼봉산자연휴양림,369,가평 2025_11.csv,자연관광,자연공원
가평,2025,11,2025-11,41,경기도,가평군,백련사,362,가평 2025_11.csv,역사관광,종교성지
가평,2025,11,2025-11,42,경기도,가평군,한국초콜릿연구소뮤지엄,342,가평 2025_11.csv,문화관광,전시시설
가평,2025,11,2025-11,43,경기도,가평군,잣고을전통시장,338,가평 2025_11.csv,쇼핑,시장
가평,2025,11,2025-11,44,경기도,가평군,W홀스랜드,334,가평 2025_11.csv,레저스포츠,육상레저스포츠
가평,2025,11,2025-11,45,경기도,가평군,운악산출렁다리,328,가평 2025_11.csv,기타관광,기타관광
가평,2025,11,2025-11,46,경기도,가평군,가평군어린이음악놀이터,284,가평 2025_11.csv,문화관광,테마공원
가평,2025,11,2025-11,47,경기도,가평군,호명산드라이브코스,281,가평 2025_11.csv,기타관광,데이트코스
가평,2025,11,2025-11,48,경기도,가평군,경기도잣향기푸른숲안내매표소,279,가평 2025_11.csv,기타관광,기타관광
가평,2025,11,2025-11,49,경기도,가평군,꿈의동산,275,가평 2025_11.csv,문화관광,복합관광시설
가평,2025,11,2025-11,50,경기도,가평군,대원사,267,가평 2025_11.csv,역사관광,종교성지
가평,2025,11,2025-11,51,경기도,가평군,청심국제청소년수련원,260,가평 2025_11.csv,레저스포츠,육상레저스포츠
가평,2025,11,2025-11,52,경기도,가평군,더스테이힐링파크링스파3골프장,238,가평 2025_11.csv,레저스포츠,육상레저스포츠
가평,2025,11,2025-11,53,경기도,가평군,천정궁박물관,234,가평 2025_11.csv,문화관광,전시시설
가평,2025,11,2025-11,54,경기도,가평군,이화원,233,가평 2025_11.csv,문화관광,도시공원
가평,2025,11,2025-11,55,경기도,가평군,청평5일시장,228,가평 2025_11.csv,쇼핑,시장
가평,2025,11,2025-11,56,경기도,가평군,이탈리아마을 피노키오와다빈치,224,가평 2025_11.csv,문화관광,복합관광시설
가평,2025,11,2025-11,57,경기도,가평군,대성리국민관광지,218,가평 2025_11.csv,문화관광,복합관광시설
가평,2025,11,2025-11,58,경기도,가평군,가평정기5일시장,217,가평 2025_11.csv,쇼핑,시장
가평,2025,11,2025-11,59,경기도,가평군,청평생활체육공원,202,가평 2025_11.csv,문화관광,도시공원
가평,2025,11,2025-11,60,경기도,가평군,서울특별시교육청학생교육원본원,198,가평 2025_11.csv,체험관광,체험관광기타
가평,2025,11,2025-11,61,경기도,가평군,서울특별시교육청학생교육원대성리교육원,187,가평 2025_11.csv,체험관광,체험관광기타
가평,2025,11,2025-11,62,경기도,가평군,행복축구전용구장,186,가평 2025_11.csv,문화관광,레저스포츠시설
가평,2025,11,2025-11,63,경기도,가평군,용추계곡,180,가평 2025_11.csv,자연관광,자연경관(산)
가평,2025,11,2025-11,64,경기도,가평군,서울특별시교육청학생교육원글로벌문화언어체험교육원,157,가평 2025_11.csv,체험관광,체험관광기타
가평,2025,11,2025-11,65,경기도,가평군,자라섬출렁다리,149,가평 2025_11.csv,기타관광,기타관광
가평,2025,11,2025-11,66,경기도,가평군,가평브릿지짚라인,145,가평 2025_11.csv,레저스포츠,기타레저스포츠
가평,2025,11,2025-11,67,경기도,가평군,남도꽃정원,144,가평 2025_11.csv,문화관광,도시공원
가평,2025,11,2025-11,68,경기도,가평군,북면생활체육공원,137,가평 2025_11.csv,문화관광,도시공원
가평,2025,11,2025-11,68,경기도,가평군,스카이라인짚와이어,137,가평 2025_11.csv,문화관광,복합관광시설
가평,2025,11,2025-11,68,경기도,가평군,캠프통아일랜드,137,가평 2025_11.csv,레저스포츠,수상레저스포츠
가평,2025,11,2025-11,71,경기도,가평군,가일미술관,135,가평 2025_11.csv,문화관광,전시시설
가평,2025,11,2025-11,72,경기도,가평군,가평수목원,133,가평 2025_11.csv,자연관광,자연공원
가평,2025,11,2025-11,73,경기도,가평군,유명산,129,가평 2025_11.csv,자연관광,자연경관(산)
가평,2025,11,2025-11,74,경기도,가평군,운악산,122,가평 2025_11.csv,자연관광,자연경관(산)
가평,2025,11,2025-11,75,경기도,가평군,달마공원관음사,117,가평 2025_11.csv,역사관광,종교성지
가평,2025,11,2025-11,76,경기도,가평군,희망축구전용구장,115,가평 2025_11.csv,문화관광,레저스포츠시설
가평,2025,11,2025-11,77,경기도,가평군,녹수계곡,114,가평 2025_11.csv,자연관광,자연경관(산)
가평,2025,11,2025-11,78,경기도,가평군,설악5일장,112,가평 2025_11.csv,쇼핑,시장
가평,2025,11,2025-11,79,경기도,가평군,명지산생태전시관,109,가평 2025_11.csv,문화관광,전시시설
가평,2025,11,2025-11,80,경기도,가평군,조종시네마,108,가평 2025_11.csv,문화관광,공연시설
가평,2025,11,2025-11,81,경기도,가평군,목동버스터미널,102,가평 2025_11.csv,기타관광,교통시설
가평,2025,11,2025-11,82,경기도,가평군,캠프통포레스트,101,가평 2025_11.csv,레저스포츠,수상레저스포츠
가평,2025,11,2025-11,83,경기도,가평군,화악산,100,가평 2025_11.csv,자연관광,자연경관(산)
가평,2025,11,2025-11,84,경기도,가평군,설악낚시터,88,가평 2025_11.csv,레저스포츠,수상레저스포츠
가평,2025,11,2025-11,85,경기도,가평군,자라섬생태공원,86,가평 2025_11.csv,문화관광,도시공원
가평,2025,11,2025-11,86,경기도,가평군,어비계곡,85,가평 2025_11.csv,자연관광,자연경관(산)
가평,2025,11,2025-11,87,경기도,가평군,연인산명품계곡길,84,가평 2025_11.csv,레저스포츠,기타레저스포츠
가평,2025,11,2025-11,88,경기도,가평군,가평TOP랜드,82,가평 2025_11.csv,레저스포츠,수상레저스포츠
가평,2025,11,2025-11,88,경기도,가평군,아침고요수목원오색별빛정원전,82,가평 2025_11.csv,문화관광,기타문화관광지
가평,2025,11,2025-11,90,경기도,가평군,도장골낚시터,80,가평 2025_11.csv,레저스포츠,수상레저스포츠
가평,2025,11,2025-11,91,경기도,가평군,조종생활체육공원,76,가평 2025_11.csv,문화관광,도시공원
가평,2025,11,2025-11,92,경기도,가평군,청평여울시장,71,가평 2025_11.csv,쇼핑,시장
가평,2025,11,2025-11,93,경기도,가평군,가평군 설악면 초롱이둥지마을,70,가평 2025_11.csv,역사관광,역사유적지
가평,2025,11,2025-11,93,경기도,가평군,설악생활체육공원,70,가평 2025_11.csv,문화관광,도시공원
가평,2025,11,2025-11,93,경기도,가평군,호명산,70,가평 2025_11.csv,자연관광,자연경관(산)
가평,2025,11,2025-11,96,경기도,가평군,명지계곡,69,가평 2025_11.csv,자연관광,자연경관(산)
가평,2025,11,2025-11,97,경기도,가평군,현리유원지,64,가평 2025_11.csv,문화관광,복합관광시설
가평,2025,11,2025-11,98,경기도,가평군,해별달사과,62,가평 2025_11.csv,체험관광,농/산/어촌체험
가평,2025,11,2025-11,99,경기도,가평군,용소폭포,60,가평 2025_11.csv,자연관광,자연경관(산)
가평,2025,11,2025-11,99,경기도,가평군,마린보이수상레저,60,가평 2025_11.csv,레저스포츠,수상레저스포츠
가평,2025,11,2025-11,101,경기도,가평군,자연과별천문대,56,가평 2025_11.csv,기타관광,기타관광
가평,2025,11,2025-11,102,경기도,가평군,가평에덴벚꽃길,54,가평 2025_11.csv,기타관광,기타관광
가평,2025,11,2025-11,102,경기도,가평군,크리스월드수상레저,54,가평 2025_11.csv,레저스포츠,수상레저스포츠
가평,2025,11,2025-11,104,경기도,가평군,일칠일관광농원,53,가평 2025_11.csv,체험관광,농/산/어촌체험
가평,2025,11,2025-11,104,경기도,가평군,연인산,53,가평 2025_11.csv,자연관광,자연경관(산)
가평,2025,11,2025-11,106,경기도,가평군,산장관광지,49,가평 2025_11.csv,문화관광,복합관광시설
가평,2025,11,2025-11,106,경기도,가평군,청평페리,49,가평 2025_11.csv,기타관광,교통시설
가평,2025,11,2025-11,108,경기도,가평군,리버랜드번지점프장,48,가평 2025_11.csv,레저스포츠,육상레저스포츠
가평,2025,11,2025-11,108,경기도,가평군,청평유원지,48,가평 2025_11.csv,문화관광,복합관광시설
가평,2025,11,2025-11,108,경기도,가평군,가평뮤직빌리지1939시네마,48,가평 2025_11.csv,문화관광,공연시설
가평,2025,11,2025-11,111,경기도,가평군,가평축령산잣나무숲,47,가평 2025_11.csv,자연관광,자연공원
가평,2025,11,2025-11,111,경기도,가평군,탑코리아수상레저,47,가평 2025_11.csv,레저스포츠,수상레저스포츠
가평,2025,11,2025-11,113,경기도,가평군,가평종합운동장야구장,45,가평 2025_11.csv,문화관광,레저스포츠시설
가평,2025,11,2025-11,114,경기도,가평군,토마토레저파크,44,가평 2025_11.csv,레저스포츠,기타레저스포츠
가평,2025,11,2025-11,115,경기도,가평군,가평현리5일장,43,가평 2025_11.csv,쇼핑,시장
가평,2025,11,2025-11,115,경기도,가평군,운악산성불사,43,가평 2025_11.csv,역사관광,종교성지
가평,2025,11,2025-11,117,경기도,가평군,산유낚시터,40,가평 2025_11.csv,레저스포츠,수상레저스포츠
가평,2025,11,2025-11,118,경기도,가평군,청춘역1979,39,가평 2025_11.csv,문화관광,도시공원
가평,2025,11,2025-11,119,경기도,가평군,가평낚시터,38,가평 2025_11.csv,레저스포츠,수상레저스포츠
가평,2025,11,2025-11,120,경기도,가평군,수풀로삼회리,36,가평 2025_11.csv,문화관광,도시공원
가평,2025,11,2025-11,120,경기도,가평군,수영인의마을,36,가평 2025_11.csv,레저스포츠,수상레저스포츠
가평,2025,11,2025-11,120,경기도,가평군,청평암,36,가평 2025_11.csv,역사관광,종교성지
가평,2025,11,2025-11,120,경기도,가평군,워터피아수상레저,36,가평 2025_11.csv,레저스포츠,수상레저스포츠
가평,2025,11,2025-11,124,경기도,가평군,아루바수상레저,35,가평 2025_11.csv,레저스포츠,기타레저스포츠
가평,2025,11,2025-11,124,경기도,가평군,가평이음터,35,가평 2025_11.csv,문화관광,기타문화관광지
가평,2025,11,2025-11,124,경기도,가평군,상천저수지,35,가평 2025_11.csv,자연관광,자연경관(하천/해양)
가평,2025,11,2025-11,124,경기도,가평군,상면생활체육공원,35,가평 2025_11.csv,문화관광,도시공원
가평,2025,11,2025-11,128,경기도,가평군,아침고요수목원국화전시회,32,가평 2025_11.csv,문화관광,기타문화관광지
가평,2025,11,2025-11,129,경기도,가평군,호국연호사,29,가평 2025_11.csv,역사관광,종교성지
가평,2025,11,2025-11,130,경기도,가평군,삼회리벚꽃길,28,가평 2025_11.csv,기타관광,데이트코스
가평,2025,11,2025-11,130,경기도,가평군,청평호수길,28,가평 2025_11.csv,기타관광,기타관광
가평,2025,11,2025-11,130,경기도,가평군,목동근린공원전망대,28,가평 2025_11.csv,문화관광,랜드마크관광
가평,2025,11,2025-11,130,경기도,가평군,가평문화창작공간얼쑤공장,28,가평 2025_11.csv,문화관광,기타문화관광지
가평,2025,11,2025-11,134,경기도,가평군,설악생활체육공원축구장,24,가평 2025_11.csv,문화관광,레저스포츠시설
가평,2025,11,2025-11,135,경기도,가평군,상천낚시터,23,가평 2025_11.csv,레저스포츠,수상레저스포츠
가평,2025,11,2025-11,136,경기도,가평군,구원사,22,가평 2025_11.csv,역사관광,종교성지
가평,2025,11,2025-11,136,경기도,가평군,남송미술관,22,가평 2025_11.csv,문화관광,전시시설
가평,2025,11,2025-11,136,경기도,가평군,태은사,22,가평 2025_11.csv,역사관광,종교성지
가평,2025,11,2025-11,139,경기도,가평군,씨브이리조트,21,가평 2025_11.csv,레저스포츠,수상레저스포츠
가평,2025,11,2025-11,139,경기도,가평군,가마소유원지,21,가평 2025_11.csv,문화관광,복합관광시설
가평,2025,11,2025-11,139,경기도,가평군,자라섬워터파크,21,가평 2025_11.csv,문화관광,테마공원
가평,2025,11,2025-11,139,경기도,가평군,가평역레져,21,가평 2025_11.csv,레저스포츠,기타레저스포츠
가평,2025,11,2025-11,143,경기도,가평군,가평레져카트장,20,가평 2025_11.csv,레저스포츠,기타레저스포츠
가평,2025,11,2025-11,144,경기도,가평군,팀더블유,19,가평 2025_11.csv,레저스포츠,기타레저스포츠
가평,2025,11,2025-11,144,경기도,가평군,상천루,19,가평 2025_11.csv,문화관광,도시공원
가평,2025,11,2025-11,146,경기도,가평군,한국바이에른식육학교,18,가평 2025_11.csv,체험관광,체험관광기타
가평,2025,11,2025-11,146,경기도,가평군,버드마리나수상레저,18,가평 2025_11.csv,레저스포츠,기타레저스포츠
가평,2025,11,2025-11,146,경기도,가평군,불기고개,18,가평 2025_11.csv,자연관광,자연경관(산)
가평,2025,11,2025-11,146,경기도,가평군,연인산도립공원탐방안내소,18,가평 2025_11.csv,기타관광,기타관광
가평,2025,11,2025-11,150,경기도,가평군,크라운수상레저,17,가평 2025_11.csv,레저스포츠,수상레저스포츠
가평,2025,11,2025-11,151,경기도,가평군,운악산관음사,16,가평 2025_11.csv,역사관광,종교성지
가평,2025,11,2025-11,151,경기도,가평군,일지안호범미술관,16,가평 2025_11.csv,문화관광,전시시설
가평,2025,11,2025-11,151,경기도,가평군,하천리생활체육공원,16,가평 2025_11.csv,문화관광,도시공원
가평,2025,11,2025-11,151,경기도,가평군,신청평대교야구장,16,가평 2025_11.csv,문화관광,레저스포츠시설
가평,2025,11,2025-11,151,경기도,가평군,가평군 설악면 은혜마을,16,가평 2025_11.csv,역사관광,역사유적지
가평,2025,11,2025-11,156,경기도,가평군,물조은빠지,15,가평 2025_11.csv,레저스포츠,수상레저스포츠
가평,2025,11,2025-11,156,경기도,가평군,화악계곡,15,가평 2025_11.csv,자연관광,자연경관(산)
가평,2025,11,2025-11,156,경기도,가평군,취옹예술관,15,가평 2025_11.csv,문화관광,전시시설
가평,2025,11,2025-11,156,경기도,가평군,감로사,15,가평 2025_11.csv,역사관광,종교성지
가평,2025,11,2025-11,156,경기도,가평군,에덴야구장,15,가평 2025_11.csv,문화관광,레저스포츠시설
가평,2025,11,2025-11,156,경기도,가평군,노랑다리미술관,15,가평 2025_11.csv,문화관광,전시시설
가평,2025,11,2025-11,162,경기도,가평군,범바위전망대,14,가평 2025_11.csv,문화관광,랜드마크관광
가평,2025,11,2025-11,162,경기도,가평군,도대리용소폭포,14,가평 2025_11.csv,자연관광,자연경관(산)
가평,2025,11,2025-11,162,경기도,가평군,청평유원지,14,가평 2025_11.csv,문화관광,복합관광시설
가평,2025,11,2025-11,162,경기도,가평군,연화세계,14,가평 2025_11.csv,역사관광,종교성지
가평,2025,11,2025-11,162,경기도,가평군,가평무브베이스볼파크,14,가평 2025_11.csv,문화관광,레저스포츠시설
가평,2025,11,2025-11,162,경기도,가평군,송학포유원지,14,가평 2025_11.csv,문화관광,복합관광시설
가평,2025,11,2025-11,162,경기도,가평군,금개울유원지,14,가평 2025_11.csv,문화관광,복합관광시설
가평,2025,11,2025-11,169,경기도,가평군,가평철길공원,13,가평 2025_11.csv,문화관광,도시공원
가평,2025,11,2025-11,169,경기도,가평군,황금사과농원,13,가평 2025_11.csv,체험관광,농/산/어촌체험
가평,2025,11,2025-11,169,경기도,가평군,겨울연가촬영지,13,가평 2025_11.csv,문화관광,기타문화관광지
가평,2025,11,2025-11,169,경기도,가평군,에덴벚꽃길,13,가평 2025_11.csv,레저스포츠,기타레저스포츠
가평,2025,11,2025-11,173,경기도,가평군,이방실장군묘,12,가평 2025_11.csv,역사관광,역사유적지
가평,2025,11,2025-11,173,경기도,가평군,가평빠지클럽비발디,12,가평 2025_11.csv,레저스포츠,수상레저스포츠
가평,2025,11,2025-11,173,경기도,가평군,조종생활체육공원축구장,12,가평 2025_11.csv,문화관광,레저스포츠시설
가평,2025,11,2025-11,176,경기도,가평군,가평레저파크,11,가평 2025_11.csv,레저스포츠,기타레저스포츠
가평,2025,11,2025-11,176,경기도,가평군,가평사계절썰매장,11,가평 2025_11.csv,레저스포츠,육상레저스포츠
가평,2025,11,2025-11,176,경기도,가평군,가평하늘커피농장,11,가평 2025_11.csv,체험관광,농/산/어촌체험
가평,2025,11,2025-11,176,경기도,가평군,이정웅스페이스,11,가평 2025_11.csv,문화관광,전시시설
가평,2025,11,2025-11,176,경기도,가평군,자라섬야외수영장,11,가평 2025_11.csv,문화관광,테마공원
가평,2025,11,2025-11,181,경기도,가평군,아침고요체험살피꽃다방,10,가평 2025_11.csv,레저스포츠,기타레저스포츠
가평,2025,11,2025-11,181,경기도,가평군,양진나루선착장,10,가평 2025_11.csv,기타관광,교통시설
가평,2025,11,2025-11,181,경기도,가평군,청룡사,10,가평 2025_11.csv,역사관광,종교성지
가평,2025,11,2025-11,181,경기도,가평군,축령사,10,가평 2025_11.csv,역사관광,종교성지
가평,2025,11,2025-11,181,경기도,가평군,북배산흑염소농장,10,가평 2025_11.csv,체험관광,농/산/어촌체험
가평,2025,11,2025-11,181,경기도,가평군,자라섬수상스포츠체험센터,10,가평 2025_11.csv,레저스포츠,수상레저스포츠
가평,2025,11,2025-11,187,경기도,가평군,운악산용수사,9,가평 2025_11.csv,역사관광,종교성지
가평,2025,11,2025-11,187,경기도,가평군,클럽미사수상레저,9,가평 2025_11.csv,레저스포츠,수상레저스포츠
가평,2025,11,2025-11,187,경기도,가평군,트니트니어드벤처,9,가평 2025_11.csv,문화관광,테마공원
가평,2025,11,2025-11,187,경기도,가평군,현리계곡,9,가평 2025_11.csv,자연관광,자연경관(산)
가평,2025,11,2025-11,187,경기도,가평군,썸머타임수상레저,9,가평 2025_11.csv,레저스포츠,수상레저스포츠
가평,2025,11,2025-11,187,경기도,가평군,중봉,9,가평 2025_11.csv,자연관광,자연경관(산)
가평,2025,11,2025-11,193,경기도,가평군,자이언트수상레저리조트,8,가평 2025_11.csv,레저스포츠,수상레저스포츠
가평,2025,11,2025-11,193,경기도,가평군,호명산카페거리전망대,8,가평 2025_11.csv,문화관광,랜드마크관광
가평,2025,11,2025-11,193,경기도,가평군,가평종합운동장풋살장,8,가평 2025_11.csv,문화관광,레저스포츠시설
가평,2025,11,2025-11,193,경기도,가평군,유명산계곡,8,가평 2025_11.csv,자연관광,자연경관(산)
가평,2025,11,2025-11,193,경기도,가평군,승천사,8,가평 2025_11.csv,역사관광,종교성지
가평,2025,11,2025-11,193,경기도,가평군,청오사,8,가평 2025_11.csv,역사관광,종교성지
가평,2025,11,2025-11,193,경기도,가평군,영안청소년수련원,8,가평 2025_11.csv,레저스포츠,육상레저스포츠
가평,2025,11,2025-11,193,경기도,가평군,화야산사기막등산로,8,가평 2025_11.csv,자연관광,자연경관(산)
가평,2025,11,2025-11,193,경기도,가평군,향원사,8,가평 2025_11.csv,역사관광,종교성지
가평,2025,11,2025-11,193,경기도,가평군,대성사,8,가평 2025_11.csv,역사관광,종교성지
가평,2025,11,2025-11,193,경기도,가평군,귀목계곡,8,가평 2025_11.csv,자연관광,자연경관(산)
가평,2025,11,2025-11,193,경기도,가평군,썸머드림,8,가평 2025_11.csv,레저스포츠,수상레저스포츠
가평,2025,11,2025-11,193,경기도,가평군,대성수상레저,8,가평 2025_11.csv,레저스포츠,수상레저스포츠
가평,2025,11,2025-11,193,경기도,가평군,노채고개,8,가평 2025_11.csv,자연관광,자연경관(산)
가평,2025,11,2025-11,193,경기도,가평군,화야산,8,가평 2025_11.csv,자연관광,자연경관(산)
가평,2025,11,2025-11,193,경기도,가평군,엘혜윰의정원,8,가평 2025_11.csv,레저스포츠,육상레저스포츠
가평,2025,11,2025-11,193,경기도,가평군,성불사,8,가평 2025_11.csv,역사관광,종교성지
가평,2025,11,2025-11,193,경기도,가평군,포세이돈,8,가평 2025_11.csv,레저스포츠,수상레저스포츠
가평,2025,11,2025-11,211,경기도,가평군,유풍농원,7,가평 2025_11.csv,체험관광,농/산/어촌체험
가평,2025,11,2025-11,211,경기도,가평군,어거스트수상레저,7,가평 2025_11.csv,레저스포츠,수상레저스포츠
가평,2025,11,2025-11,211,경기도,가평군,보납정,7,가평 2025_11.csv,레저스포츠,육상레저스포츠
가평,2025,11,2025-11,211,경기도,가평군,가평빠지리버포인트수상레저,7,가평 2025_11.csv,레저스포츠,수상레저스포츠
가평,2025,11,2025-11,211,경기도,가평군,흥국사,7,가평 2025_11.csv,역사관광,종교성지
가평,2025,11,2025-11,211,경기도,가평군,효심사,7,가평 2025_11.csv,역사관광,종교성지
가평,2025,11,2025-11,211,경기도,가평군,성주사,7,가평 2025_11.csv,역사관광,종교성지
가평,2025,11,2025-11,218,경기도,가평군,서프앤,6,가평 2025_11.csv,레저스포츠,수상레저스포츠
가평,2025,11,2025-11,218,경기도,가평군,라움스튜디오댄스학원,6,가평 2025_11.csv,레저스포츠,기타레저스포츠
가평,2025,11,2025-11,218,경기도,가평군,고고다이노키즈클럽,6,가평 2025_11.csv,문화관광,테마공원
가평,2025,11,2025-11,218,경기도,가평군,더스테이힐링파크별빛정원,6,가평 2025_11.csv,문화관광,도시공원
가평,2025,11,2025-11,218,경기도,가평군,조무락계곡,6,가평 2025_11.csv,자연관광,자연경관(산)
가평,2025,11,2025-11,218,경기도,가평군,산울로수상스키,6,가평 2025_11.csv,레저스포츠,기타레저스포츠
가평,2025,11,2025-11,218,경기도,가평군,웨이크베이리조트,6,가평 2025_11.csv,레저스포츠,기타레저스포츠
가평,2025,11,2025-11,218,경기도,가평군,운악산가평현등사방면,6,가평 2025_11.csv,자연관광,자연경관(산)
가평,2025,11,2025-11,218,경기도,가평군,극락정사,6,가평 2025_11.csv,역사관광,종교성지
가평,2025,11,2025-11,218,경기도,가평군,청정낚시터,6,가평 2025_11.csv,레저스포츠,수상레저스포츠
가평,2025,11,2025-11,218,경기도,가평군,수동목장,6,가평 2025_11.csv,체험관광,농/산/어촌체험
가평,2025,11,2025-11,218,경기도,가평군,청평생태공원,6,가평 2025_11.csv,문화관광,도시공원
가평,2025,11,2025-11,218,경기도,가평군,반야사,6,가평 2025_11.csv,역사관광,종교성지
가평,2025,11,2025-11,218,경기도,가평군,항아리바위계곡,6,가평 2025_11.csv,자연관광,자연경관(산)
가평,2025,11,2025-11,232,경기도,가평군,대성사,5,가평 2025_11.csv,역사관광,종교성지
가평,2025,11,2025-11,232,경기도,가평군,그린수상레져,5,가평 2025_11.csv,레저스포츠,수상레저스포츠
가평,2025,11,2025-11,232,경기도,가평군,해든공방,5,가평 2025_11.csv,체험관광,공예체험
가평,2025,11,2025-11,232,경기도,가평군,보광사,5,가평 2025_11.csv,역사관광,종교성지
가평,2025,11,2025-11,232,경기도,가평군,어항소유원지,5,가평 2025_11.csv,문화관광,복합관광시설
가평,2025,11,2025-11,232,경기도,가평군,상락향수도원,5,가평 2025_11.csv,역사관광,종교성지
가평,2025,11,2025-11,238,경기도,가평군,대성리국민관광지관광안내소,4,가평 2025_11.csv,기타관광,기타관광
가평,2025,11,2025-11,238,경기도,가평군,연인산명품계곡길출렁다리,4,가평 2025_11.csv,기타관광,기타관광
가평,2025,11,2025-11,238,경기도,가평군,반딧불이서식생태공원,4,가평 2025_11.csv,문화관광,도시공원
가평,2025,11,2025-11,238,경기도,가평군,용추쉼터,4,가평 2025_11.csv,기타관광,기타관광
가평,2025,11,2025-11,238,경기도,가평군,자라섬관광안내소,4,가평 2025_11.csv,기타관광,기타관광
가평,2025,11,2025-11,238,경기도,가평군,청호요트클럽,4,가평 2025_11.csv,레저스포츠,수상레저스포츠
가평,2025,11,2025-11,238,경기도,가평군,자라섬황톳길,4,가평 2025_11.csv,레저스포츠,기타레저스포츠
가평,2025,11,2025-11,238,경기도,가평군,가평하판리지진탑,4,가평 2025_11.csv,역사관광,역사유적지
가평,2025,11,2025-11,238,경기도,가평군,달골지,4,가평 2025_11.csv,자연관광,자연경관(하천/해양)
가평,2025,11,2025-11,238,경기도,가평군,말리부수상레저,4,가평 2025_11.csv,레저스포츠,수상레저스포츠
가평,2025,11,2025-11,238,경기도,가평군,도솔천사,4,가평 2025_11.csv,역사관광,종교성지
가평,2025,11,2025-11,238,경기도,가평군,조종천계곡,4,가평 2025_11.csv,자연관광,자연경관(산)
가평,2025,11,2025-11,238,경기도,가평군,중종대왕태봉,4,가평 2025_11.csv,기타관광,기타관광
가평,2025,11,2025-11,238,경기도,가평군,워터플레이,4,가평 2025_11.csv,레저스포츠,수상레저스포츠
가평,2025,11,2025-11,238,경기도,가평군,연인산용추구곡방면,4,가평 2025_11.csv,자연관광,자연경관(산)
가평,2025,11,2025-11,238,경기도,가평군,금강사,4,가평 2025_11.csv,역사관광,종교성지
가평,2025,11,2025-11,238,경기도,가평군,화악산밤나무유원지,4,가평 2025_11.csv,문화관광,복합관광시설
가평,2025,11,2025-11,238,경기도,가평군,호반수상레저,4,가평 2025_11.csv,레저스포츠,수상레저스포츠
가평,2025,11,2025-11,238,경기도,가평군,아토믹워터파크,4,가평 2025_11.csv,문화관광,테마공원
가평,2025,11,2025-11,238,경기도,가평군,모험의시작,4,가평 2025_11.csv,레저스포츠,수상레저스포츠
가평,2025,11,2025-11,238,경기도,가평군,보납산전망대,4,가평 2025_11.csv,문화관광,랜드마크관광
가평,2025,11,2025-11,238,경기도,가평군,소풍레저,4,가평 2025_11.csv,레저스포츠,수상레저스포츠
가평,2025,11,2025-11,238,경기도,가평군,가평군 상면 조가터마을,4,가평 2025_11.csv,문화관광,도시/지역문화관광
가평,2025,11,2025-11,238,경기도,가평군,마콤갤러리,4,가평 2025_11.csv,문화관광,전시시설
가평,2025,11,2025-11,238,경기도,가평군,모비딕수상레저,4,가평 2025_11.csv,레저스포츠,수상레저스포츠
가평,2025,11,2025-11,238,경기도,가평군,르푸앙수상레져,4,가평 2025_11.csv,레저스포츠,수상레저스포츠
가평,2025,11,2025-11,238,경기도,가평군,지장사,4,가평 2025_11.csv,역사관광,종교성지
가평,2025,11,2025-11,238,경기도,가평군,가평리틀야구장,4,가평 2025_11.csv,문화관광,레저스포츠시설
가평,2025,11,2025-11,266,경기도,가평군,가평묘목농원,3,가평 2025_11.csv,체험관광,농/산/어촌체험
가평,2025,11,2025-11,266,경기도,가평군,갤러리1582,3,가평 2025_11.csv,문화관광,전시시설
가평,2025,11,2025-11,266,경기도,가평군,유명산휴양림관리소,3,가평 2025_11.csv,자연관광,자연공원
가평,2025,11,2025-11,266,경기도,가평군,가평학도의용대참전기념비,3,가평 2025_11.csv,역사관광,역사유물
가평,2025,11,2025-11,266,경기도,가평군,가림미술관,3,가평 2025_11.csv,문화관광,전시시설
가평,2025,11,2025-11,266,경기도,가평군,수림타운,3,가평 2025_11.csv,레저스포츠,육상레저스포츠
가평,2025,11,2025-11,266,경기도,가평군,청평스포랜드번지점프장,3,가평 2025_11.csv,레저스포츠,육상레저스포츠
가평,2025,11,2025-11,266,경기도,가평군,북한강유원지,3,가평 2025_11.csv,문화관광,복합관광시설
가평,2025,11,2025-11,266,경기도,가평군,현등사계곡,3,가평 2025_11.csv,자연관광,자연경관(산)
가평,2025,11,2025-11,266,경기도,가평군,가평군 조종면 버섯구지마을,3,가평 2025_11.csv,역사관광,역사유적지
가평,2025,11,2025-11,266,경기도,가평군,운악산반길이포도원,3,가평 2025_11.csv,체험관광,농/산/어촌체험
가평,2025,11,2025-11,266,경기도,가평군,물의나라유원지,3,가평 2025_11.csv,문화관광,복합관광시설
가평,2025,11,2025-11,266,경기도,가평군,설미재미술관,3,가평 2025_11.csv,문화관광,전시시설
가평,2025,11,2025-11,266,경기도,가평군,대성낚시터,3,가평 2025_11.csv,레저스포츠,수상레저스포츠
가평,2025,11,2025-11,266,경기도,가평군,버드나무유원지,3,가평 2025_11.csv,문화관광,복합관광시설
가평,2025,11,2025-11,266,경기도,가평군,가평빠지이비자수상레저,3,가평 2025_11.csv,레저스포츠,수상레저스포츠
가평,2025,11,2025-11,266,경기도,가평군,현종사,3,가평 2025_11.csv,역사관광,종교성지
가평,2025,11,2025-11,266,경기도,가평군,금강사,3,가평 2025_11.csv,역사관광,종교성지
가평,2025,11,2025-11,266,경기도,가평군,대금사,3,가평 2025_11.csv,역사관광,종교성지
가평,2025,11,2025-11,266,경기도,가평군,현대집,3,가평 2025_11.csv,레저스포츠,수상레저스포츠
가평,2025,11,2025-11,266,경기도,가평군,클럽에덴수상레져타운,3,가평 2025_11.csv,레저스포츠,수상레저스포츠
가평,2025,11,2025-11,266,경기도,가평군,가평빠지하이수상레저,3,가평 2025_11.csv,레저스포츠,수상레저스포츠
가평,2025,11,2025-11,266,경기도,가평군,돌고래수상레저,3,가평 2025_11.csv,레저스포츠,기타레저스포츠
가평,2025,11,2025-11,266,경기도,가평군,성관사,3,가평 2025_11.csv,역사관광,종교성지
가평,2025,11,2025-11,266,경기도,가평군,자라섬리버마켓,3,가평 2025_11.csv,쇼핑,시장
가평,2025,11,2025-11,266,경기도,가평군,헤이븐,3,가평 2025_11.csv,레저스포츠,수상레저스포츠
가평,2025,11,2025-11,266,경기도,가평군,울업산,3,가평 2025_11.csv,자연관광,자연경관(산)
가평,2025,11,2025-11,266,경기도,가평군,파로티아워터하우스수상레저,3,가평 2025_11.csv,레저스포츠,수상레저스포츠
가평,2025,12,2025-12,1,경기도,가평군,남이섬,5453,가평 2025_12.csv,자연관광,자연경관(하천/해양)
가평,2025,12,2025-12,2,경기도,가평군,아침고요수목원,5355,가평 2025_12.csv,문화관광,테마공원
가평,2025,12,2025-12,3,경기도,가평군,청평역,4064,가평 2025_12.csv,기타관광,교통시설
가평,2025,12,2025-12,4,경기도,가평군,남이섬선착장,3384,가평 2025_12.csv,기타관광,교통시설
가평,2025,12,2025-12,5,경기도,가평군,가평베고니아새정원,3327,가평 2025_12.csv,문화관광,테마공원
가평,2025,12,2025-12,6,경기도,가평군,신비동물원가평점,1979,가평 2025_12.csv,문화관광,테마공원
가평,2025,12,2025-12,7,경기도,가평군,쁘띠프랑스,1872,가평 2025_12.csv,문화관광,복합관광시설
가평,2025,12,2025-12,8,경기도,가평군,현리시외버스터미널,1598,가평 2025_12.csv,기타관광,교통시설
가평,2025,12,2025-12,9,경기도,가평군,가평베네스트GC,1381,가평 2025_12.csv,레저스포츠,육상레저스포츠
가평,2025,12,2025-12,10,경기도,가평군,유명산자연휴양림,1329,가평 2025_12.csv,자연관광,자연공원
가평,2025,12,2025-12,11,경기도,가평군,자라섬,1053,가평 2025_12.csv,자연관광,자연경관(하천/해양)
가평,2025,12,2025-12,12,경기도,가평군,가평시외버스터미널,968,가평 2025_12.csv,기타관광,교통시설
가평,2025,12,2025-12,13,경기도,가평군,어비계곡,907,가평 2025_12.csv,자연관광,자연경관(산)
가평,2025,12,2025-12,14,경기도,가평군,아난티코드골프클럽,837,가평 2025_12.csv,레저스포츠,육상레저스포츠
가평,2025,12,2025-12,15,경기도,가평군,아침고요가족동물원,834,가평 2025_12.csv,문화관광,테마공원
가평,2025,12,2025-12,16,경기도,가평군,썬힐GC,833,가평 2025_12.csv,레저스포츠,육상레저스포츠
가평,2025,12,2025-12,17,경기도,가평군,청평시외버스터미널,805,가평 2025_12.csv,기타관광,교통시설
가평,2025,12,2025-12,18,경기도,가평군,프리스틴밸리GC,779,가평 2025_12.csv,레저스포츠,육상레저스포츠
가평,2025,12,2025-12,19,경기도,가평군,크리스탈밸리CC,740,가평 2025_12.csv,레저스포츠,육상레저스포츠
가평,2025,12,2025-12,20,경기도,가평군,K26잠수풀,590,가평 2025_12.csv,레저스포츠,수상레저스포츠
가평,2025,12,2025-12,21,경기도,가평군,베뉴지CC,555,가평 2025_12.csv,레저스포츠,육상레저스포츠
가평,2025,12,2025-12,22,경기도,가평군,경기도잣향기푸른숲,545,가평 2025_12.csv,자연관광,자연공원
가평,2025,12,2025-12,23,경기도,가평군,한국초콜릿연구소뮤지엄,519,가평 2025_12.csv,문화관광,전시시설
가평,2025,12,2025-12,24,경기도,가평군,청심국제청소년수련원,507,가평 2025_12.csv,레저스포츠,육상레저스포츠
가평,2025,12,2025-12,25,경기도,가평군,청심평화월드센터,448,가평 2025_12.csv,문화관광,공연시설
가평,2025,12,2025-12,26,경기도,가평군,가평파크골프장,443,가평 2025_12.csv,레저스포츠,육상레저스포츠
가평,2025,12,2025-12,27,경기도,가평군,에델바이스스위스테마파크,423,가평 2025_12.csv,문화관광,테마공원
가평,2025,12,2025-12,28,경기도,가평군,천정궁박물관,393,가평 2025_12.csv,문화관광,전시시설
가평,2025,12,2025-12,29,경기도,가평군,음악역1939,379,가평 2025_12.csv,문화관광,기타문화관광지
가평,2025,12,2025-12,30,경기도,가평군,리앤리CC,343,가평 2025_12.csv,레저스포츠,육상레저스포츠
가평,2025,12,2025-12,31,경기도,가평군,청평자연휴양림,336,가평 2025_12.csv,자연관광,자연공원
가평,2025,12,2025-12,32,경기도,가평군,가평군어린이음악놀이터,324,가평 2025_12.csv,문화관광,테마공원
가평,2025,12,2025-12,33,경기도,가평군,강씨봉자연휴양림,315,가평 2025_12.csv,자연관광,자연공원
가평,2025,12,2025-12,34,경기도,가평군,칼봉산자연휴양림,310,가평 2025_12.csv,자연관광,자연공원
가평,2025,12,2025-12,35,경기도,가평군,청평호반드라이브코스,295,가평 2025_12.csv,기타관광,데이트코스
가평,2025,12,2025-12,36,경기도,가평군,이화원,290,가평 2025_12.csv,문화관광,도시공원
가평,2025,12,2025-12,37,경기도,가평군,마이다스밸리청평골프클럽,286,가평 2025_12.csv,레저스포츠,육상레저스포츠
가평,2025,12,2025-12,38,경기도,가평군,설악시외버스터미널,276,가평 2025_12.csv,기타관광,교통시설
가평,2025,12,2025-12,39,경기도,가평군,가평크루즈,236,가평 2025_12.csv,레저스포츠,기타레저스포츠
가평,2025,12,2025-12,40,경기도,가평군,강촌레일파크가평역,229,가평 2025_12.csv,레저스포츠,기타레저스포츠
가평,2025,12,2025-12,41,경기도,가평군,가평별빛정원,222,가평 2025_12.csv,문화관광,도시공원
가평,2025,12,2025-12,42,경기도,가평군,아침고요수목원오색별빛정원전,199,가평 2025_12.csv,문화관광,기타문화관광지
가평,2025,12,2025-12,43,경기도,가평군,잣고을전통시장,192,가평 2025_12.csv,쇼핑,시장
가평,2025,12,2025-12,44,경기도,가평군,이탈리아마을 피노키오와다빈치,189,가평 2025_12.csv,문화관광,복합관광시설
가평,2025,12,2025-12,44,경기도,가평군,W홀스랜드,189,가평 2025_12.csv,레저스포츠,육상레저스포츠
가평,2025,12,2025-12,46,경기도,가평군,캠프통아일랜드,183,가평 2025_12.csv,레저스포츠,수상레저스포츠
가평,2025,12,2025-12,47,경기도,가평군,현등사,166,가평 2025_12.csv,역사관광,종교성지
가평,2025,12,2025-12,48,경기도,가평군,청평호,155,가평 2025_12.csv,자연관광,자연경관(하천/해양)
가평,2025,12,2025-12,49,경기도,가평군,백련사,150,가평 2025_12.csv,역사관광,종교성지
가평,2025,12,2025-12,50,경기도,가평군,호명호수,149,가평 2025_12.csv,자연관광,자연경관(하천/해양)
가평,2025,12,2025-12,51,경기도,가평군,대원사,147,가평 2025_12.csv,역사관광,종교성지
가평,2025,12,2025-12,52,경기도,가평군,서울특별시교육청학생교육원대성리교육원,142,가평 2025_12.csv,체험관광,체험관광기타
가평,2025,12,2025-12,53,경기도,가평군,청평5일시장,134,가평 2025_12.csv,쇼핑,시장
가평,2025,12,2025-12,54,경기도,가평군,서울특별시교육청학생교육원본원,131,가평 2025_12.csv,체험관광,체험관광기타
가평,2025,12,2025-12,55,경기도,가평군,산장관광지,116,가평 2025_12.csv,문화관광,복합관광시설
가평,2025,12,2025-12,56,경기도,가평군,가일미술관,111,가평 2025_12.csv,문화관광,전시시설
가평,2025,12,2025-12,57,경기도,가평군,꿈의동산,110,가평 2025_12.csv,문화관광,복합관광시설
가평,2025,12,2025-12,58,경기도,가평군,가평정기5일시장,108,가평 2025_12.csv,쇼핑,시장
가평,2025,12,2025-12,59,경기도,가평군,서울특별시교육청학생교육원글로벌문화언어체험교육원,95,가평 2025_12.csv,체험관광,체험관광기타
가평,2025,12,2025-12,60,경기도,가평군,조종시네마,91,가평 2025_12.csv,문화관광,공연시설
가평,2025,12,2025-12,61,경기도,가평군,운악산출렁다리,82,가평 2025_12.csv,기타관광,기타관광
가평,2025,12,2025-12,62,경기도,가평군,자라섬출렁다리,79,가평 2025_12.csv,기타관광,기타관광
가평,2025,12,2025-12,63,경기도,가평군,대성리국민관광지,70,가평 2025_12.csv,문화관광,복합관광시설
가평,2025,12,2025-12,64,경기도,가평군,청평생활체육공원,65,가평 2025_12.csv,문화관광,도시공원
가평,2025,12,2025-12,65,경기도,가평군,설악5일장,60,가평 2025_12.csv,쇼핑,시장
가평,2025,12,2025-12,66,경기도,가평군,달마공원관음사,57,가평 2025_12.csv,역사관광,종교성지
가평,2025,12,2025-12,67,경기도,가평군,가평사계절썰매장,56,가평 2025_12.csv,레저스포츠,육상레저스포츠
가평,2025,12,2025-12,67,경기도,가평군,가평뮤직빌리지1939시네마,56,가평 2025_12.csv,문화관광,공연시설
가평,2025,12,2025-12,69,경기도,가평군,목동버스터미널,55,가평 2025_12.csv,기타관광,교통시설
가평,2025,12,2025-12,70,경기도,가평군,북면생활체육공원,54,가평 2025_12.csv,문화관광,도시공원
가평,2025,12,2025-12,71,경기도,가평군,설악낚시터,48,가평 2025_12.csv,레저스포츠,수상레저스포츠
가평,2025,12,2025-12,71,경기도,가평군,유명산,48,가평 2025_12.csv,자연관광,자연경관(산)
가평,2025,12,2025-12,73,경기도,가평군,가평이음터,47,가평 2025_12.csv,문화관광,기타문화관광지
가평,2025,12,2025-12,74,경기도,가평군,크라운수상레저,46,가평 2025_12.csv,레저스포츠,수상레저스포츠
가평,2025,12,2025-12,74,경기도,가평군,청평암,46,가평 2025_12.csv,역사관광,종교성지
가평,2025,12,2025-12,76,경기도,가평군,가평에덴벚꽃길,44,가평 2025_12.csv,기타관광,기타관광
가평,2025,12,2025-12,77,경기도,가평군,녹수계곡,41,가평 2025_12.csv,자연관광,자연경관(산)
가평,2025,12,2025-12,78,경기도,가평군,운악산성불사,40,가평 2025_12.csv,역사관광,종교성지
가평,2025,12,2025-12,79,경기도,가평군,호명호수공원,38,가평 2025_12.csv,문화관광,도시공원
가평,2025,12,2025-12,80,경기도,가평군,가평TOP랜드,37,가평 2025_12.csv,레저스포츠,수상레저스포츠
가평,2025,12,2025-12,80,경기도,가평군,자연과별천문대,37,가평 2025_12.csv,기타관광,기타관광
가평,2025,12,2025-12,82,경기도,가평군,호명산드라이브코스,36,가평 2025_12.csv,기타관광,데이트코스
가평,2025,12,2025-12,83,경기도,가평군,상면생활체육공원,33,가평 2025_12.csv,문화관광,도시공원
가평,2025,12,2025-12,84,경기도,가평군,용추계곡,31,가평 2025_12.csv,자연관광,자연경관(산)
가평,2025,12,2025-12,85,경기도,가평군,더스테이힐링파크링스파3골프장,30,가평 2025_12.csv,레저스포츠,육상레저스포츠
가평,2025,12,2025-12,86,경기도,가평군,청평여울시장,29,가평 2025_12.csv,쇼핑,시장
가평,2025,12,2025-12,87,경기도,가평군,리버랜드번지점프장,27,가평 2025_12.csv,레저스포츠,육상레저스포츠
가평,2025,12,2025-12,88,경기도,가평군,트니트니어드벤처,26,가평 2025_12.csv,문화관광,테마공원
가평,2025,12,2025-12,88,경기도,가평군,호국연호사,26,가평 2025_12.csv,역사관광,종교성지
가평,2025,12,2025-12,90,경기도,가평군,조종생활체육공원,25,가평 2025_12.csv,문화관광,도시공원
가평,2025,12,2025-12,91,경기도,가평군,일칠일관광농원,23,가평 2025_12.csv,체험관광,농/산/어촌체험
가평,2025,12,2025-12,91,경기도,가평군,가평하늘커피농장,23,가평 2025_12.csv,체험관광,농/산/어촌체험
가평,2025,12,2025-12,93,경기도,가평군,가평수목원,22,가평 2025_12.csv,자연관광,자연공원
가평,2025,12,2025-12,94,경기도,가평군,경기도잣향기푸른숲안내매표소,21,가평 2025_12.csv,기타관광,기타관광
가평,2025,12,2025-12,95,경기도,가평군,가평현리5일장,20,가평 2025_12.csv,쇼핑,시장
가평,2025,12,2025-12,96,경기도,가평군,명지산생태전시관,19,가평 2025_12.csv,문화관광,전시시설
가평,2025,12,2025-12,96,경기도,가평군,현리유원지,19,가평 2025_12.csv,문화관광,복합관광시설
가평,2025,12,2025-12,98,경기도,가평군,북한강대성리송어축제,18,가평 2025_12.csv,문화관광,기타문화관광지
가평,2025,12,2025-12,98,경기도,가평군,청평페리,18,가평 2025_12.csv,기타관광,교통시설
가평,2025,12,2025-12,98,경기도,가평군,불기고개,18,가평 2025_12.csv,자연관광,자연경관(산)
가평,2025,12,2025-12,101,경기도,가평군,가평축령산잣나무숲,17,가평 2025_12.csv,자연관광,자연공원
가평,2025,12,2025-12,101,경기도,가평군,상락향수도원,17,가평 2025_12.csv,역사관광,종교성지
가평,2025,12,2025-12,103,경기도,가평군,태은사,16,가평 2025_12.csv,역사관광,종교성지
가평,2025,12,2025-12,104,경기도,가평군,한국바이에른식육학교,15,가평 2025_12.csv,체험관광,체험관광기타
가평,2025,12,2025-12,104,경기도,가평군,가평군 설악면 초롱이둥지마을,15,가평 2025_12.csv,역사관광,역사유적지
가평,2025,12,2025-12,106,경기도,가평군,희망축구전용구장,14,가평 2025_12.csv,문화관광,레저스포츠시설
가평,2025,12,2025-12,107,경기도,가평군,일지안호범미술관,13,가평 2025_12.csv,문화관광,전시시설
가평,2025,12,2025-12,107,경기도,가평군,청평유원지,13,가평 2025_12.csv,문화관광,복합관광시설
가평,2025,12,2025-12,107,경기도,가평군,설악생활체육공원,13,가평 2025_12.csv,문화관광,도시공원
가평,2025,12,2025-12,107,경기도,가평군,운악산,13,가평 2025_12.csv,자연관광,자연경관(산)
가평,2025,12,2025-12,111,경기도,가평군,상천루,12,가평 2025_12.csv,문화관광,도시공원
가평,2025,12,2025-12,111,경기도,가평군,청춘역1979,12,가평 2025_12.csv,문화관광,도시공원
가평,2025,12,2025-12,111,경기도,가평군,신청평대교파크골프장,12,가평 2025_12.csv,레저스포츠,육상레저스포츠
가평,2025,12,2025-12,111,경기도,가평군,스카이라인짚와이어,12,가평 2025_12.csv,문화관광,복합관광시설
가평,2025,12,2025-12,111,경기도,가평군,웨이크베이리조트,12,가평 2025_12.csv,레저스포츠,기타레저스포츠
가평,2025,12,2025-12,111,경기도,가평군,자라섬생태공원,12,가평 2025_12.csv,문화관광,도시공원
가평,2025,12,2025-12,111,경기도,가평군,가평낚시터,12,가평 2025_12.csv,레저스포츠,수상레저스포츠
가평,2025,12,2025-12,118,경기도,가평군,취옹예술관,11,가평 2025_12.csv,문화관광,전시시설
가평,2025,12,2025-12,118,경기도,가평군,탑코리아수상레저,11,가평 2025_12.csv,레저스포츠,수상레저스포츠
가평,2025,12,2025-12,118,경기도,가평군,에덴벚꽃길,11,가평 2025_12.csv,레저스포츠,기타레저스포츠
가평,2025,12,2025-12,121,경기도,가평군,노리파크가평점,10,가평 2025_12.csv,문화관광,테마공원
가평,2025,12,2025-12,121,경기도,가평군,수풀로삼회리,10,가평 2025_12.csv,문화관광,도시공원
가평,2025,12,2025-12,121,경기도,가평군,선어치,10,가평 2025_12.csv,자연관광,자연경관(산)
가평,2025,12,2025-12,124,경기도,가평군,화악산,9,가평 2025_12.csv,자연관광,자연경관(산)
가평,2025,12,2025-12,124,경기도,가평군,토마토레저파크,9,가평 2025_12.csv,레저스포츠,기타레저스포츠
가평,2025,12,2025-12,126,경기도,가평군,청평호수길,8,가평 2025_12.csv,기타관광,기타관광
가평,2025,12,2025-12,126,경기도,가평군,유기농주은농장,8,가평 2025_12.csv,체험관광,농/산/어촌체험
가평,2025,12,2025-12,126,경기도,가평군,연화세계,8,가평 2025_12.csv,역사관광,종교성지
가평,2025,12,2025-12,126,경기도,가평군,청평스포랜드번지점프장,8,가평 2025_12.csv,레저스포츠,육상레저스포츠
가평,2025,12,2025-12,126,경기도,가평군,향원사,8,가평 2025_12.csv,역사관광,종교성지
가평,2025,12,2025-12,126,경기도,가평군,가평역레져,8,가평 2025_12.csv,레저스포츠,기타레저스포츠
가평,2025,12,2025-12,132,경기도,가평군,갤러리1582,7,가평 2025_12.csv,문화관광,전시시설
가평,2025,12,2025-12,132,경기도,가평군,해든공방,7,가평 2025_12.csv,체험관광,공예체험
가평,2025,12,2025-12,132,경기도,가평군,하천리생활체육공원,7,가평 2025_12.csv,문화관광,도시공원
가평,2025,12,2025-12,132,경기도,가평군,가평군 설악면 은혜마을,7,가평 2025_12.csv,역사관광,역사유적지
가평,2025,12,2025-12,132,경기도,가평군,마콤갤러리,7,가평 2025_12.csv,문화관광,전시시설
가평,2025,12,2025-12,132,경기도,가평군,가평문화창작공간얼쑤공장,7,가평 2025_12.csv,문화관광,기타문화관광지
가평,2025,12,2025-12,132,경기도,가평군,성주사,7,가평 2025_12.csv,역사관광,종교성지
가평,2025,12,2025-12,139,경기도,가평군,가평철길공원,6,가평 2025_12.csv,문화관광,도시공원
가평,2025,12,2025-12,139,경기도,가평군,운악산용수사,6,가평 2025_12.csv,역사관광,종교성지
가평,2025,12,2025-12,139,경기도,가평군,상천낚시터,6,가평 2025_12.csv,레저스포츠,수상레저스포츠
가평,2025,12,2025-12,139,경기도,가평군,가평레져카트장,6,가평 2025_12.csv,레저스포츠,기타레저스포츠
가평,2025,12,2025-12,139,경기도,가평군,설미재미술관,6,가평 2025_12.csv,문화관광,전시시설
가평,2025,12,2025-12,139,경기도,가평군,신청평대교야구장,6,가평 2025_12.csv,문화관광,레저스포츠시설
가평,2025,12,2025-12,139,경기도,가평군,산유낚시터,6,가평 2025_12.csv,레저스포츠,수상레저스포츠
가평,2025,12,2025-12,139,경기도,가평군,대금사,6,가평 2025_12.csv,역사관광,종교성지
가평,2025,12,2025-12,139,경기도,가평군,호명산,6,가평 2025_12.csv,자연관광,자연경관(산)
가평,2025,12,2025-12,139,경기도,가평군,성관사,6,가평 2025_12.csv,역사관광,종교성지
가평,2025,12,2025-12,139,경기도,가평군,청평생태공원,6,가평 2025_12.csv,문화관광,도시공원
가평,2025,12,2025-12,150,경기도,가평군,운악산관음사,5,가평 2025_12.csv,역사관광,종교성지
가평,2025,12,2025-12,150,경기도,가평군,행복축구전용구장,5,가평 2025_12.csv,문화관광,레저스포츠시설
가평,2025,12,2025-12,152,경기도,가평군,이정구선생묘,4,가평 2025_12.csv,역사관광,역사유적지
가평,2025,12,2025-12,152,경기도,가평군,북배산흑염소농장,4,가평 2025_12.csv,체험관광,농/산/어촌체험
가평,2025,12,2025-12,152,경기도,가평군,노랑다리미술관,4,가평 2025_12.csv,문화관광,전시시설
가평,2025,12,2025-12,152,경기도,가평군,보납산전망대,4,가평 2025_12.csv,문화관광,랜드마크관광
가평,2025,12,2025-12,152,경기도,가평군,홍적고개,4,가평 2025_12.csv,자연관광,자연경관(산)
가평,2025,12,2025-12,152,경기도,가평군,워터피아수상레저,4,가평 2025_12.csv,레저스포츠,수상레저스포츠
가평,2025,12,2025-12,152,경기도,가평군,산림생태문화체험단지,4,가평 2025_12.csv,기타관광,기타관광
가평,2025,12,2025-12,159,경기도,가평군,도장골낚시터,3,가평 2025_12.csv,레저스포츠,수상레저스포츠
가평,2025,12,2025-12,159,경기도,가평군,대성리벚꽃길,3,가평 2025_12.csv,기타관광,기타관광
가평,2025,12,2025-12,159,경기도,가평군,삼회리벚꽃길,3,가평 2025_12.csv,기타관광,데이트코스
가평,2025,12,2025-12,159,경기도,가평군,팀더블유,3,가평 2025_12.csv,레저스포츠,기타레저스포츠
가평,2025,12,2025-12,159,경기도,가평군,HJ매그놀리아멋집,3,가평 2025_12.csv,문화관광,기타문화관광지
가평,2025,12,2025-12,159,경기도,가평군,남도꽃정원,3,가평 2025_12.csv,문화관광,도시공원
가평,2025,12,2025-12,159,경기도,가평군,사공일샵,3,가평 2025_12.csv,체험관광,공예체험
가평,2025,12,2025-12,159,경기도,가평군,청평유원지,3,가평 2025_12.csv,문화관광,복합관광시설
가평,2025,12,2025-12,159,경기도,가평군,가평종합운동장야구장,3,가평 2025_12.csv,문화관광,레저스포츠시설
가평,2025,12,2025-12,159,경기도,가평군,라움스튜디오댄스학원,3,가평 2025_12.csv,레저스포츠,기타레저스포츠
가평,2025,12,2025-12,159,경기도,가평군,청룡사,3,가평 2025_12.csv,역사관광,종교성지
가평,2025,12,2025-12,159,경기도,가평군,무주채폭포,3,가평 2025_12.csv,자연관광,자연경관(산)
가평,2025,12,2025-12,159,경기도,가평군,가림미술관,3,가평 2025_12.csv,문화관광,전시시설
가평,2025,12,2025-12,159,경기도,가평군,극락정사,3,가평 2025_12.csv,역사관광,종교성지
가평,2025,12,2025-12,159,경기도,가평군,용소폭포,3,가평 2025_12.csv,자연관광,자연경관(산)
가평,2025,12,2025-12,159,경기도,가평군,금강사,3,가평 2025_12.csv,역사관광,종교성지
가평,2025,12,2025-12,159,경기도,가평군,대성사,3,가평 2025_12.csv,역사관광,종교성지
가평,2025,12,2025-12,159,경기도,가평군,운곡암,3,가평 2025_12.csv,역사관광,종교성지
가평,2025,12,2025-12,159,경기도,가평군,밤골유원지,3,가평 2025_12.csv,문화관광,복합관광시설
가평,2025,12,2025-12,159,경기도,가평군,축령사,3,가평 2025_12.csv,역사관광,종교성지
가평,2025,12,2025-12,159,경기도,가평군,1박2일녹수다리유원지,3,가평 2025_12.csv,기타관광,기타관광
가평,2025,12,2025-12,159,경기도,가평군,호반수상레저,3,가평 2025_12.csv,레저스포츠,수상레저스포츠
가평,2025,12,2025-12,159,경기도,가평군,물의나라유원지,3,가평 2025_12.csv,문화관광,복합관광시설
가평,2025,12,2025-12,159,경기도,가평군,에덴야구장,3,가평 2025_12.csv,문화관광,레저스포츠시설
가평,2025,12,2025-12,159,경기도,가평군,명지계곡,3,가평 2025_12.csv,자연관광,자연경관(산)
가평,2025,12,2025-12,159,경기도,가평군,아레나수상레저,3,가평 2025_12.csv,레저스포츠,수상레저스포츠
가평,2025,12,2025-12,159,경기도,가평군,효심사,3,가평 2025_12.csv,역사관광,종교성지
가평,2025,12,2025-12,159,경기도,가평군,선경농원,3,가평 2025_12.csv,체험관광,농/산/어촌체험
가평,2025,12,2025-12,159,경기도,가평군,지장사,3,가평 2025_12.csv,역사관광,종교성지
가평,2025,12,2025-12,159,경기도,가평군,가평브릿지짚라인,3,가평 2025_12.csv,레저스포츠,기타레저스포츠
가평,2025,12,2025-12,159,경기도,가평군,엘혜윰의정원,3,가평 2025_12.csv,레저스포츠,육상레저스포츠
가평,2025,12,2025-12,159,경기도,가평군,연인산도립공원탐방안내소,3,가평 2025_12.csv,기타관광,기타관광
가평,2025,12,2025-12,159,경기도,가평군,캠프통포레스트,3,가평 2025_12.csv,레저스포츠,수상레저스포츠
가평,2025,12,2025-12,159,경기도,가평군,헤이븐,3,가평 2025_12.csv,레저스포츠,수상레저스포츠
가평,2025,12,2025-12,159,경기도,가평군,울업산,3,가평 2025_12.csv,자연관광,자연경관(산)
가평,2025,12,2025-12,159,경기도,가평군,가평리틀야구장,3,가평 2025_12.csv,문화관광,레저스포츠시설
