지역,연도,월,연월,순위,광역시/도,시/군/구,관광지명,검색건수,원본파일,중분류 카테고리,소분류 카테고리
구리,2023,1,2023-01,1,경기도,구리시,구리농수산물도매시장,28465,구리 2023_01.csv,쇼핑,시장
구리,2023,1,2023-01,2,경기도,구리시,롯데백화점구리점,12418,구리 2023_01.csv,쇼핑,백화점
구리,2023,1,2023-01,3,경기도,구리시,구리전통시장,5447,구리 2023_01.csv,쇼핑,시장
구리,2023,1,2023-01,4,경기도,구리시,모다아울렛구리남양주점,4540,구리 2023_01.csv,쇼핑,쇼핑몰
구리,2023,1,2023-01,5,경기도,구리시,롯데아울렛구리점,4009,구리 2023_01.csv,쇼핑,쇼핑몰
구리,2023,1,2023-01,6,경기도,구리시,구리한강시민공원,2633,구리 2023_01.csv,문화관광,도시공원
구리,2023,1,2023-01,7,경기도,구리시,구리농수산물도매시장수산2동,2508,구리 2023_01.csv,쇼핑,시장
구리,2023,1,2023-01,8,경기도,구리시,동구릉,1897,구리 2023_01.csv,역사관광,역사유적지
구리,2023,1,2023-01,9,경기도,구리시,구리타워,1653,구리 2023_01.csv,문화관광,랜드마크관광
구리,2023,1,2023-01,10,경기도,구리시,롯데시네마구리아울렛,1306,구리 2023_01.csv,문화관광,공연시설
구리,2023,1,2023-01,11,경기도,구리시,고구려대장간마을,963,구리 2023_01.csv,문화관광,기타문화관광지
구리,2023,1,2023-01,12,경기도,구리시,구리왕숙체육공원,862,구리 2023_01.csv,문화관광,도시공원
구리,2023,1,2023-01,13,경기도,구리시,구리청과물도매시장,797,구리 2023_01.csv,쇼핑,시장
구리,2023,1,2023-01,14,경기도,구리시,CGV구리,764,구리 2023_01.csv,문화관광,공연시설
구리,2023,1,2023-01,15,경기도,구리시,구리농수산물도매시장수산동,564,구리 2023_01.csv,쇼핑,시장
구리,2023,1,2023-01,16,경기도,구리시,장자호수생태공원,559,구리 2023_01.csv,문화관광,도시공원
구리,2023,1,2023-01,17,경기도,구리시,구리시체육회축구장,478,구리 2023_01.csv,문화관광,레저스포츠시설
구리,2023,1,2023-01,18,경기도,구리시,구리어린이천문대,443,구리 2023_01.csv,기타관광,기타관광
구리,2023,1,2023-01,19,경기도,구리시,렛츠런CCC구리지점,416,구리 2023_01.csv,레저스포츠,육상레저스포츠
구리,2023,1,2023-01,20,경기도,구리시,보원탄산온천,376,구리 2023_01.csv,체험관광,웰니스관광
구리,2023,1,2023-01,21,경기도,구리시,구리농수산물공사,361,구리 2023_01.csv,쇼핑,시장
구리,2023,1,2023-01,22,경기도,구리시,구리시곤충생태관,329,구리 2023_01.csv,문화관광,전시시설
구리,2023,1,2023-01,23,경기도,구리시,GS챔피언스파크,328,구리 2023_01.csv,레저스포츠,기타레저스포츠
구리,2023,1,2023-01,24,경기도,구리시,와니엘배팅센터서울구리점,316,구리 2023_01.csv,레저스포츠,기타레저스포츠
구리,2023,1,2023-01,25,경기도,구리시,구리시청소년수련관,301,구리 2023_01.csv,레저스포츠,육상레저스포츠
구리,2023,1,2023-01,26,경기도,구리시,스토래지풋살구리아천점,263,구리 2023_01.csv,레저스포츠,기타레저스포츠
구리,2023,1,2023-01,27,경기도,구리시,더가루구리점,253,구리 2023_01.csv,문화관광,테마공원
구리,2023,1,2023-01,28,경기도,구리시,장자호수생태체험관,243,구리 2023_01.csv,기타관광,기타관광
구리,2023,1,2023-01,29,경기도,구리시,구리승마클럽,210,구리 2023_01.csv,레저스포츠,육상레저스포츠
구리,2023,1,2023-01,30,경기도,구리시,구리왕숙체육공원축구장,203,구리 2023_01.csv,문화관광,레저스포츠시설
구리,2023,1,2023-01,31,경기도,구리시,박스타아카데미,163,구리 2023_01.csv,레저스포츠,기타레저스포츠
구리,2023,1,2023-01,32,경기도,구리시,퐁퐁플라워구리센터,129,구리 2023_01.csv,문화관광,테마공원
구리,2023,1,2023-01,33,경기도,구리시,왕숙천둔치공원,124,구리 2023_01.csv,문화관광,도시공원
구리,2023,1,2023-01,34,경기도,구리시,정각사,108,구리 2023_01.csv,역사관광,종교성지
구리,2023,1,2023-01,35,경기도,구리시,대한불교천태종금성사,90,구리 2023_01.csv,역사관광,종교성지
구리,2023,1,2023-01,36,경기도,구리시,힐링FC풋살장,86,구리 2023_01.csv,레저스포츠,기타레저스포츠
구리,2023,1,2023-01,37,경기도,구리시,돌다리공원,75,구리 2023_01.csv,문화관광,도시공원
구리,2023,1,2023-01,38,경기도,구리시,구리시립체육공원,62,구리 2023_01.csv,문화관광,도시공원
구리,2023,1,2023-01,39,경기도,구리시,킹콩점프갈매신도시점,60,구리 2023_01.csv,문화관광,테마공원
구리,2023,1,2023-01,40,경기도,구리시,크로스핏라곰,59,구리 2023_01.csv,레저스포츠,기타레저스포츠
구리,2023,1,2023-01,40,경기도,구리시,피쉬스쿨실내낚시카페,59,구리 2023_01.csv,레저스포츠,수상레저스포츠
구리,2023,1,2023-01,42,경기도,구리시,삼봉사,56,구리 2023_01.csv,역사관광,종교성지
구리,2023,1,2023-01,43,경기도,구리시,구리시안전체험관,52,구리 2023_01.csv,문화관광,전시시설
구리,2023,1,2023-01,44,경기도,구리시,구리유통종합시장축산가공식품동,48,구리 2023_01.csv,쇼핑,시장
구리,2023,1,2023-01,45,경기도,구리시,영테니스아카데미,47,구리 2023_01.csv,레저스포츠,기타레저스포츠
구리,2023,1,2023-01,46,경기도,구리시,김병지축구클럽구리롯데아울렛점,40,구리 2023_01.csv,레저스포츠,기타레저스포츠
구리,2023,1,2023-01,47,경기도,구리시,전남수산,37,구리 2023_01.csv,쇼핑,시장
구리,2023,1,2023-01,48,경기도,구리시,보현사,30,구리 2023_01.csv,역사관광,종교성지
구리,2023,1,2023-01,49,경기도,구리시,토평공원,27,구리 2023_01.csv,문화관광,도시공원
구리,2023,1,2023-01,49,경기도,구리시,구리역공원공사중(2023년12월완공예정),27,구리 2023_01.csv,문화관광,도시공원
구리,2023,1,2023-01,51,경기도,구리시,인창중앙공원,25,구리 2023_01.csv,문화관광,도시공원
구리,2023,1,2023-01,51,경기도,구리시,공덕사,25,구리 2023_01.csv,역사관광,종교성지
구리,2023,1,2023-01,53,경기도,구리시,비피에프아카데미,17,구리 2023_01.csv,레저스포츠,기타레저스포츠
구리,2023,1,2023-01,53,경기도,구리시,파이팅스테이션,17,구리 2023_01.csv,레저스포츠,기타레저스포츠
구리,2023,1,2023-01,53,경기도,구리시,장자탁구클럽,17,구리 2023_01.csv,레저스포츠,기타레저스포츠
구리,2023,1,2023-01,56,경기도,구리시,갈매중앙공원,15,구리 2023_01.csv,문화관광,도시공원
구리,2023,1,2023-01,57,경기도,구리시,검배근린공원,14,구리 2023_01.csv,문화관광,도시공원
구리,2023,1,2023-01,57,경기도,구리시,중앙하이츠티움,14,구리 2023_01.csv,쇼핑,쇼핑몰
구리,2023,1,2023-01,59,경기도,구리시,스트라이크존구리돌다리구장,13,구리 2023_01.csv,레저스포츠,기타레저스포츠
구리,2023,1,2023-01,60,경기도,구리시,낚짜,12,구리 2023_01.csv,레저스포츠,수상레저스포츠
구리,2023,1,2023-01,61,경기도,구리시,제이엠코리아풋볼파크,11,구리 2023_01.csv,레저스포츠,기타레저스포츠
구리,2023,1,2023-01,61,경기도,구리시,구리시 현충탑,11,구리 2023_01.csv,역사관광,역사유물
구리,2023,1,2023-01,61,경기도,구리시,이문안호수공원,11,구리 2023_01.csv,문화관광,도시공원
구리,2023,1,2023-01,64,경기도,구리시,수누피공원,10,구리 2023_01.csv,문화관광,도시공원
구리,2023,1,2023-01,65,경기도,구리시,포레스트앤두아카데미,9,구리 2023_01.csv,레저스포츠,기타레저스포츠
구리,2023,1,2023-01,65,경기도,구리시,G&T선수트레이닝센터,9,구리 2023_01.csv,레저스포츠,기타레저스포츠
구리,2023,1,2023-01,67,경기도,구리시,동사골주말농장,7,구리 2023_01.csv,체험관광,농/산/어촌체험
구리,2023,1,2023-01,67,경기도,구리시,옥밭굴공원,7,구리 2023_01.csv,문화관광,도시공원
구리,2023,1,2023-01,67,경기도,구리시,오예스몰,7,구리 2023_01.csv,쇼핑,쇼핑몰
구리,2023,1,2023-01,67,경기도,구리시,TJ멀티핏,7,구리 2023_01.csv,레저스포츠,기타레저스포츠
구리,2023,1,2023-01,71,경기도,구리시,평해수산,6,구리 2023_01.csv,쇼핑,시장
구리,2023,1,2023-01,71,경기도,구리시,관보수산,6,구리 2023_01.csv,쇼핑,시장
구리,2023,1,2023-01,71,경기도,구리시,고구려박물관,6,구리 2023_01.csv,문화관광,전시시설
구리,2023,1,2023-01,71,경기도,구리시,도당공원,6,구리 2023_01.csv,문화관광,도시공원
구리,2023,1,2023-01,75,경기도,구리시,구리시체육회풋살C구장,4,구리 2023_01.csv,문화관광,레저스포츠시설
구리,2023,1,2023-01,75,경기도,구리시,중앙수산,4,구리 2023_01.csv,쇼핑,시장
구리,2023,1,2023-01,75,경기도,구리시,계순탁구,4,구리 2023_01.csv,레저스포츠,기타레저스포츠
구리,2023,1,2023-01,78,경기도,구리시,지엘스포츠클럽전용풋살구장,3,구리 2023_01.csv,레저스포츠,기타레저스포츠
구리,2023,1,2023-01,78,경기도,구리시,백교저수지,3,구리 2023_01.csv,자연관광,자연경관(하천/해양)
구리,2023,1,2023-01,78,경기도,구리시,구리한강시민공원야구장,3,구리 2023_01.csv,문화관광,레저스포츠시설
구리,2023,1,2023-01,78,경기도,구리시,스포렉스실내야구장,3,구리 2023_01.csv,문화관광,레저스포츠시설
구리,2023,1,2023-01,78,경기도,구리시,주공2단지1공원,3,구리 2023_01.csv,문화관광,도시공원
구리,2023,1,2023-01,78,경기도,구리시,팡팡존,3,구리 2023_01.csv,문화관광,테마공원
구리,2023,1,2023-01,78,경기도,구리시,한마음청과,3,구리 2023_01.csv,쇼핑,시장
구리,2023,1,2023-01,78,경기도,구리시,구리시립리틀야구장,3,구리 2023_01.csv,문화관광,레저스포츠시설
구리,2023,1,2023-01,78,경기도,구리시,오성공원,3,구리 2023_01.csv,문화관광,도시공원
구리,2023,1,2023-01,78,경기도,구리시,개맥이공원,3,구리 2023_01.csv,문화관광,도시공원
구리,2023,1,2023-01,78,경기도,구리시,서가산공원,3,구리 2023_01.csv,문화관광,도시공원
구리,2023,1,2023-01,78,경기도,구리시,새말공원,3,구리 2023_01.csv,문화관광,도시공원
구리,2023,1,2023-01,78,경기도,구리시,도야세라믹,3,구리 2023_01.csv,체험관광,공예체험
구리,2023,1,2023-01,78,경기도,구리시,꽃아름공방,3,구리 2023_01.csv,체험관광,공예체험
구리,2023,1,2023-01,78,경기도,구리시,휘트니스플레이스구리인창점,3,구리 2023_01.csv,레저스포츠,기타레저스포츠
구리,2023,2,2023-02,1,경기도,구리시,구리농수산물도매시장,21898,구리 2023_02.csv,쇼핑,시장
구리,2023,2,2023-02,2,경기도,구리시,롯데백화점구리점,12143,구리 2023_02.csv,쇼핑,백화점
구리,2023,2,2023-02,3,경기도,구리시,구리전통시장,4923,구리 2023_02.csv,쇼핑,시장
구리,2023,2,2023-02,4,경기도,구리시,모다아울렛구리남양주점,4348,구리 2023_02.csv,쇼핑,쇼핑몰
구리,2023,2,2023-02,5,경기도,구리시,롯데아울렛구리점,3500,구리 2023_02.csv,쇼핑,쇼핑몰
구리,2023,2,2023-02,6,경기도,구리시,구리한강시민공원,3116,구리 2023_02.csv,문화관광,도시공원
구리,2023,2,2023-02,7,경기도,구리시,동구릉,1927,구리 2023_02.csv,역사관광,역사유적지
구리,2023,2,2023-02,8,경기도,구리시,구리타워,1906,구리 2023_02.csv,문화관광,랜드마크관광
구리,2023,2,2023-02,9,경기도,구리시,구리농수산물도매시장수산2동,1731,구리 2023_02.csv,쇼핑,시장
구리,2023,2,2023-02,10,경기도,구리시,고구려대장간마을,1298,구리 2023_02.csv,문화관광,기타문화관광지
구리,2023,2,2023-02,11,경기도,구리시,구리왕숙체육공원,1145,구리 2023_02.csv,문화관광,도시공원
구리,2023,2,2023-02,12,경기도,구리시,롯데시네마구리아울렛,1032,구리 2023_02.csv,문화관광,공연시설
구리,2023,2,2023-02,13,경기도,구리시,장자호수생태공원,607,구리 2023_02.csv,문화관광,도시공원
구리,2023,2,2023-02,14,경기도,구리시,구리시곤충생태관,578,구리 2023_02.csv,문화관광,전시시설
구리,2023,2,2023-02,15,경기도,구리시,구리청과물도매시장,568,구리 2023_02.csv,쇼핑,시장
구리,2023,2,2023-02,16,경기도,구리시,구리시청소년수련관,558,구리 2023_02.csv,레저스포츠,육상레저스포츠
구리,2023,2,2023-02,17,경기도,구리시,구리농수산물도매시장수산동,554,구리 2023_02.csv,쇼핑,시장
구리,2023,2,2023-02,18,경기도,구리시,구리시체육회축구장,482,구리 2023_02.csv,문화관광,레저스포츠시설
구리,2023,2,2023-02,19,경기도,구리시,구리어린이천문대,473,구리 2023_02.csv,기타관광,기타관광
구리,2023,2,2023-02,20,경기도,구리시,렛츠런CCC구리지점,431,구리 2023_02.csv,레저스포츠,육상레저스포츠
구리,2023,2,2023-02,21,경기도,구리시,CGV구리,416,구리 2023_02.csv,문화관광,공연시설
구리,2023,2,2023-02,22,경기도,구리시,와니엘배팅센터서울구리점,387,구리 2023_02.csv,레저스포츠,기타레저스포츠
구리,2023,2,2023-02,23,경기도,구리시,GS챔피언스파크,340,구리 2023_02.csv,레저스포츠,기타레저스포츠
구리,2023,2,2023-02,24,경기도,구리시,보원탄산온천,328,구리 2023_02.csv,체험관광,웰니스관광
구리,2023,2,2023-02,25,경기도,구리시,구리농수산물공사,318,구리 2023_02.csv,쇼핑,시장
구리,2023,2,2023-02,26,경기도,구리시,구리왕숙체육공원축구장,300,구리 2023_02.csv,문화관광,레저스포츠시설
구리,2023,2,2023-02,27,경기도,구리시,더가루구리점,254,구리 2023_02.csv,문화관광,테마공원
구리,2023,2,2023-02,28,경기도,구리시,장자호수생태체험관,241,구리 2023_02.csv,기타관광,기타관광
구리,2023,2,2023-02,29,경기도,구리시,구리승마클럽,209,구리 2023_02.csv,레저스포츠,육상레저스포츠
구리,2023,2,2023-02,30,경기도,구리시,스토래지풋살구리아천점,177,구리 2023_02.csv,레저스포츠,기타레저스포츠
구리,2023,2,2023-02,31,경기도,구리시,박스타아카데미,154,구리 2023_02.csv,레저스포츠,기타레저스포츠
구리,2023,2,2023-02,32,경기도,구리시,퐁퐁플라워구리센터,152,구리 2023_02.csv,문화관광,테마공원
구리,2023,2,2023-02,33,경기도,구리시,힐링FC풋살장,99,구리 2023_02.csv,레저스포츠,기타레저스포츠
구리,2023,2,2023-02,34,경기도,구리시,정각사,96,구리 2023_02.csv,역사관광,종교성지
구리,2023,2,2023-02,35,경기도,구리시,왕숙천둔치공원,94,구리 2023_02.csv,문화관광,도시공원
구리,2023,2,2023-02,36,경기도,구리시,대한불교천태종금성사,84,구리 2023_02.csv,역사관광,종교성지
구리,2023,2,2023-02,37,경기도,구리시,구리시립체육공원,78,구리 2023_02.csv,문화관광,도시공원
구리,2023,2,2023-02,38,경기도,구리시,구리한강시민공원야구장,75,구리 2023_02.csv,문화관광,레저스포츠시설
구리,2023,2,2023-02,39,경기도,구리시,킹콩점프갈매신도시점,70,구리 2023_02.csv,문화관광,테마공원
구리,2023,2,2023-02,40,경기도,구리시,영테니스아카데미,67,구리 2023_02.csv,레저스포츠,기타레저스포츠
구리,2023,2,2023-02,41,경기도,구리시,돌다리공원,66,구리 2023_02.csv,문화관광,도시공원
구리,2023,2,2023-02,42,경기도,구리시,피쉬스쿨실내낚시카페,62,구리 2023_02.csv,레저스포츠,수상레저스포츠
구리,2023,2,2023-02,43,경기도,구리시,비피에프아카데미,57,구리 2023_02.csv,레저스포츠,기타레저스포츠
구리,2023,2,2023-02,43,경기도,구리시,김병지축구클럽구리롯데아울렛점,57,구리 2023_02.csv,레저스포츠,기타레저스포츠
구리,2023,2,2023-02,45,경기도,구리시,포레스트앤두아카데미,52,구리 2023_02.csv,레저스포츠,기타레저스포츠
구리,2023,2,2023-02,46,경기도,구리시,구리시립리틀야구장,50,구리 2023_02.csv,문화관광,레저스포츠시설
구리,2023,2,2023-02,47,경기도,구리시,공덕사,48,구리 2023_02.csv,역사관광,종교성지
구리,2023,2,2023-02,48,경기도,구리시,인창중앙공원,47,구리 2023_02.csv,문화관광,도시공원
구리,2023,2,2023-02,49,경기도,구리시,구리유통종합시장축산가공식품동,45,구리 2023_02.csv,쇼핑,시장
구리,2023,2,2023-02,50,경기도,구리시,삼봉사,44,구리 2023_02.csv,역사관광,종교성지
구리,2023,2,2023-02,51,경기도,구리시,구리시안전체험관,41,구리 2023_02.csv,문화관광,전시시설
구리,2023,2,2023-02,52,경기도,구리시,크로스핏라곰,38,구리 2023_02.csv,레저스포츠,기타레저스포츠
구리,2023,2,2023-02,53,경기도,구리시,구리역공원공사중(2023년12월완공예정),36,구리 2023_02.csv,문화관광,도시공원
구리,2023,2,2023-02,54,경기도,구리시,전남수산,35,구리 2023_02.csv,쇼핑,시장
구리,2023,2,2023-02,55,경기도,구리시,이문안호수공원,30,구리 2023_02.csv,문화관광,도시공원
구리,2023,2,2023-02,56,경기도,구리시,동사골주말농장,27,구리 2023_02.csv,체험관광,농/산/어촌체험
구리,2023,2,2023-02,57,경기도,구리시,제이엠코리아풋볼파크,24,구리 2023_02.csv,레저스포츠,기타레저스포츠
구리,2023,2,2023-02,58,경기도,구리시,구리체육관근린공원,23,구리 2023_02.csv,문화관광,도시공원
구리,2023,2,2023-02,59,경기도,구리시,갈매중앙공원,21,구리 2023_02.csv,문화관광,도시공원
구리,2023,2,2023-02,60,경기도,구리시,아천농원,19,구리 2023_02.csv,체험관광,농/산/어촌체험
구리,2023,2,2023-02,61,경기도,구리시,보현사,18,구리 2023_02.csv,역사관광,종교성지
구리,2023,2,2023-02,62,경기도,구리시,서가산공원,15,구리 2023_02.csv,문화관광,도시공원
구리,2023,2,2023-02,63,경기도,구리시,토평공원,14,구리 2023_02.csv,문화관광,도시공원
구리,2023,2,2023-02,64,경기도,구리시,파이팅스테이션,13,구리 2023_02.csv,레저스포츠,기타레저스포츠
구리,2023,2,2023-02,64,경기도,구리시,TJ멀티핏,13,구리 2023_02.csv,레저스포츠,기타레저스포츠
구리,2023,2,2023-02,66,경기도,구리시,마운틴스타클라이밍,11,구리 2023_02.csv,레저스포츠,기타레저스포츠
구리,2023,2,2023-02,67,경기도,구리시,스트라이크존구리돌다리구장,10,구리 2023_02.csv,레저스포츠,기타레저스포츠
구리,2023,2,2023-02,68,경기도,구리시,원촌공원,9,구리 2023_02.csv,문화관광,도시공원
구리,2023,2,2023-02,68,경기도,구리시,옥밭굴공원,9,구리 2023_02.csv,문화관광,도시공원
구리,2023,2,2023-02,70,경기도,구리시,지엘스포츠클럽전용풋살구장,8,구리 2023_02.csv,레저스포츠,기타레저스포츠
구리,2023,2,2023-02,71,경기도,구리시,온달정,7,구리 2023_02.csv,레저스포츠,육상레저스포츠
구리,2023,2,2023-02,72,경기도,구리시,구리시체육회풋살C구장,6,구리 2023_02.csv,문화관광,레저스포츠시설
구리,2023,2,2023-02,72,경기도,구리시,G&T선수트레이닝센터,6,구리 2023_02.csv,레저스포츠,기타레저스포츠
구리,2023,2,2023-02,72,경기도,구리시,개맥이공원,6,구리 2023_02.csv,문화관광,도시공원
구리,2023,2,2023-02,72,경기도,구리시,중앙하이츠티움,6,구리 2023_02.csv,쇼핑,쇼핑몰
구리,2023,2,2023-02,72,경기도,구리시,구리음악창작소,6,구리 2023_02.csv,문화관광,기타문화관광지
구리,2023,2,2023-02,72,경기도,구리시,구리동구릉문화제,6,구리 2023_02.csv,레저스포츠,기타레저스포츠
구리,2023,2,2023-02,78,경기도,구리시,수누피공원,4,구리 2023_02.csv,문화관광,도시공원
구리,2023,2,2023-02,78,경기도,구리시,아천빗물펌프장생태습지,4,구리 2023_02.csv,문화관광,도시공원
구리,2023,2,2023-02,80,경기도,구리시,도당공원,3,구리 2023_02.csv,문화관광,도시공원
구리,2023,2,2023-02,80,경기도,구리시,낚짜,3,구리 2023_02.csv,레저스포츠,수상레저스포츠
구리,2023,2,2023-02,80,경기도,구리시,구리LG구장,3,구리 2023_02.csv,레저스포츠,기타레저스포츠
구리,2023,2,2023-02,80,경기도,구리시,고구려박물관,3,구리 2023_02.csv,문화관광,전시시설
구리,2023,2,2023-02,80,경기도,구리시,대성암,3,구리 2023_02.csv,역사관광,종교성지
구리,2023,2,2023-02,80,경기도,구리시,푸른숲농원,3,구리 2023_02.csv,체험관광,농/산/어촌체험
구리,2023,2,2023-02,80,경기도,구리시,주공6단지공원,3,구리 2023_02.csv,문화관광,도시공원
구리,2023,2,2023-02,80,경기도,구리시,영화수산,3,구리 2023_02.csv,쇼핑,시장
구리,2023,2,2023-02,80,경기도,구리시,삼칠영사,3,구리 2023_02.csv,역사관광,종교성지
구리,2023,2,2023-02,80,경기도,구리시,부양공원,3,구리 2023_02.csv,문화관광,도시공원
구리,2023,2,2023-02,80,경기도,구리시,검배근린공원,3,구리 2023_02.csv,문화관광,도시공원
구리,2023,2,2023-02,80,경기도,구리시,건영공원,3,구리 2023_02.csv,문화관광,도시공원
구리,2023,2,2023-02,80,경기도,구리시,새말공원,3,구리 2023_02.csv,문화관광,도시공원
구리,2023,2,2023-02,80,경기도,구리시,평해수산,3,구리 2023_02.csv,쇼핑,시장
구리,2023,2,2023-02,80,경기도,구리시,구리시 현충탑,3,구리 2023_02.csv,역사관광,역사유물
구리,2023,2,2023-02,80,경기도,구리시,구리둘레길1코스,3,구리 2023_02.csv,레저스포츠,기타레저스포츠
구리,2023,3,2023-03,1,경기도,구리시,구리농수산물도매시장,23792,구리 2023_03.csv,쇼핑,시장
구리,2023,3,2023-03,2,경기도,구리시,롯데백화점구리점,13415,구리 2023_03.csv,쇼핑,백화점
구리,2023,3,2023-03,3,경기도,구리시,구리한강시민공원,5990,구리 2023_03.csv,문화관광,도시공원
구리,2023,3,2023-03,4,경기도,구리시,모다아울렛구리남양주점,5432,구리 2023_03.csv,쇼핑,쇼핑몰
구리,2023,3,2023-03,5,경기도,구리시,구리전통시장,5310,구리 2023_03.csv,쇼핑,시장
구리,2023,3,2023-03,6,경기도,구리시,롯데아울렛구리점,3711,구리 2023_03.csv,쇼핑,쇼핑몰
구리,2023,3,2023-03,7,경기도,구리시,동구릉,2563,구리 2023_03.csv,역사관광,역사유적지
구리,2023,3,2023-03,8,경기도,구리시,구리타워,2388,구리 2023_03.csv,문화관광,랜드마크관광
구리,2023,3,2023-03,9,경기도,구리시,고구려대장간마을,1781,구리 2023_03.csv,문화관광,기타문화관광지
구리,2023,3,2023-03,10,경기도,구리시,구리농수산물도매시장수산2동,1590,구리 2023_03.csv,쇼핑,시장
구리,2023,3,2023-03,11,경기도,구리시,구리왕숙체육공원,1413,구리 2023_03.csv,문화관광,도시공원
구리,2023,3,2023-03,12,경기도,구리시,롯데시네마구리아울렛,951,구리 2023_03.csv,문화관광,공연시설
구리,2023,3,2023-03,13,경기도,구리시,장자호수생태공원,780,구리 2023_03.csv,문화관광,도시공원
구리,2023,3,2023-03,14,경기도,구리시,구리청과물도매시장,669,구리 2023_03.csv,쇼핑,시장
구리,2023,3,2023-03,15,경기도,구리시,구리농수산물도매시장수산동,647,구리 2023_03.csv,쇼핑,시장
구리,2023,3,2023-03,16,경기도,구리시,GS챔피언스파크,635,구리 2023_03.csv,레저스포츠,기타레저스포츠
구리,2023,3,2023-03,17,경기도,구리시,구리시곤충생태관,618,구리 2023_03.csv,문화관광,전시시설
구리,2023,3,2023-03,18,경기도,구리시,CGV구리,526,구리 2023_03.csv,문화관광,공연시설
구리,2023,3,2023-03,19,경기도,구리시,구리시체육회축구장,483,구리 2023_03.csv,문화관광,레저스포츠시설
구리,2023,3,2023-03,20,경기도,구리시,구리어린이천문대,468,구리 2023_03.csv,기타관광,기타관광
구리,2023,3,2023-03,21,경기도,구리시,와니엘배팅센터서울구리점,451,구리 2023_03.csv,레저스포츠,기타레저스포츠
구리,2023,3,2023-03,21,경기도,구리시,장자호수생태체험관,451,구리 2023_03.csv,기타관광,기타관광
구리,2023,3,2023-03,23,경기도,구리시,렛츠런CCC구리지점,439,구리 2023_03.csv,레저스포츠,육상레저스포츠
구리,2023,3,2023-03,24,경기도,구리시,구리시청소년수련관,412,구리 2023_03.csv,레저스포츠,육상레저스포츠
구리,2023,3,2023-03,25,경기도,구리시,구리농수산물공사,365,구리 2023_03.csv,쇼핑,시장
구리,2023,3,2023-03,26,경기도,구리시,보원탄산온천,350,구리 2023_03.csv,체험관광,웰니스관광
구리,2023,3,2023-03,27,경기도,구리시,구리한강시민공원야구장,307,구리 2023_03.csv,문화관광,레저스포츠시설
구리,2023,3,2023-03,28,경기도,구리시,구리승마클럽,298,구리 2023_03.csv,레저스포츠,육상레저스포츠
구리,2023,3,2023-03,29,경기도,구리시,구리왕숙체육공원축구장,276,구리 2023_03.csv,문화관광,레저스포츠시설
구리,2023,3,2023-03,30,경기도,구리시,더가루구리점,198,구리 2023_03.csv,문화관광,테마공원
구리,2023,3,2023-03,31,경기도,구리시,힐링FC풋살장,167,구리 2023_03.csv,레저스포츠,기타레저스포츠
구리,2023,3,2023-03,32,경기도,구리시,왕숙천둔치공원,161,구리 2023_03.csv,문화관광,도시공원
구리,2023,3,2023-03,33,경기도,구리시,박스타아카데미,146,구리 2023_03.csv,레저스포츠,기타레저스포츠
구리,2023,3,2023-03,34,경기도,구리시,정각사,143,구리 2023_03.csv,역사관광,종교성지
구리,2023,3,2023-03,35,경기도,구리시,스토래지풋살구리아천점,130,구리 2023_03.csv,레저스포츠,기타레저스포츠
구리,2023,3,2023-03,36,경기도,구리시,퐁퐁플라워구리센터,99,구리 2023_03.csv,문화관광,테마공원
구리,2023,3,2023-03,37,경기도,구리시,영테니스아카데미,91,구리 2023_03.csv,레저스포츠,기타레저스포츠
구리,2023,3,2023-03,38,경기도,구리시,대한불교천태종금성사,83,구리 2023_03.csv,역사관광,종교성지
구리,2023,3,2023-03,39,경기도,구리시,동사골주말농장,79,구리 2023_03.csv,체험관광,농/산/어촌체험
구리,2023,3,2023-03,40,경기도,구리시,구리시립리틀야구장,75,구리 2023_03.csv,문화관광,레저스포츠시설
구리,2023,3,2023-03,41,경기도,구리시,포레스트앤두아카데미,70,구리 2023_03.csv,레저스포츠,기타레저스포츠
구리,2023,3,2023-03,42,경기도,구리시,돌다리공원,68,구리 2023_03.csv,문화관광,도시공원
구리,2023,3,2023-03,43,경기도,구리시,제이엠코리아풋볼파크,67,구리 2023_03.csv,레저스포츠,기타레저스포츠
구리,2023,3,2023-03,44,경기도,구리시,김병지축구클럽구리롯데아울렛점,66,구리 2023_03.csv,레저스포츠,기타레저스포츠
구리,2023,3,2023-03,45,경기도,구리시,인창중앙공원,65,구리 2023_03.csv,문화관광,도시공원
구리,2023,3,2023-03,46,경기도,구리시,구리시립체육공원,63,구리 2023_03.csv,문화관광,도시공원
구리,2023,3,2023-03,47,경기도,구리시,구리유통종합시장축산가공식품동,57,구리 2023_03.csv,쇼핑,시장
구리,2023,3,2023-03,47,경기도,구리시,구리역공원공사중(2023년12월완공예정),57,구리 2023_03.csv,문화관광,도시공원
구리,2023,3,2023-03,49,경기도,구리시,구리체육관근린공원,53,구리 2023_03.csv,문화관광,도시공원
구리,2023,3,2023-03,50,경기도,구리시,킹콩점프갈매신도시점,52,구리 2023_03.csv,문화관광,테마공원
구리,2023,3,2023-03,51,경기도,구리시,크로스핏라곰,49,구리 2023_03.csv,레저스포츠,기타레저스포츠
구리,2023,3,2023-03,52,경기도,구리시,갈매중앙공원,45,구리 2023_03.csv,문화관광,도시공원
구리,2023,3,2023-03,53,경기도,구리시,삼봉사,36,구리 2023_03.csv,역사관광,종교성지
구리,2023,3,2023-03,54,경기도,구리시,피쉬스쿨실내낚시카페,34,구리 2023_03.csv,레저스포츠,수상레저스포츠
구리,2023,3,2023-03,55,경기도,구리시,공덕사,31,구리 2023_03.csv,역사관광,종교성지
구리,2023,3,2023-03,56,경기도,구리시,보현사,24,구리 2023_03.csv,역사관광,종교성지
구리,2023,3,2023-03,57,경기도,구리시,검배근린공원,21,구리 2023_03.csv,문화관광,도시공원
구리,2023,3,2023-03,57,경기도,구리시,이문안호수공원,21,구리 2023_03.csv,문화관광,도시공원
구리,2023,3,2023-03,59,경기도,구리시,중앙하이츠티움,20,구리 2023_03.csv,쇼핑,쇼핑몰
구리,2023,3,2023-03,60,경기도,구리시,아천빗물펌프장생태습지,17,구리 2023_03.csv,문화관광,도시공원
구리,2023,3,2023-03,61,경기도,구리시,온달정,16,구리 2023_03.csv,레저스포츠,육상레저스포츠
구리,2023,3,2023-03,61,경기도,구리시,장자탁구클럽,16,구리 2023_03.csv,레저스포츠,기타레저스포츠
구리,2023,3,2023-03,61,경기도,구리시,스트라이크존구리돌다리구장,16,구리 2023_03.csv,레저스포츠,기타레저스포츠
구리,2023,3,2023-03,64,경기도,구리시,구리둘레길1코스,14,구리 2023_03.csv,레저스포츠,기타레저스포츠
구리,2023,3,2023-03,64,경기도,구리시,구리시안전체험관,14,구리 2023_03.csv,문화관광,전시시설
구리,2023,3,2023-03,66,경기도,구리시,구리시 현충탑,12,구리 2023_03.csv,역사관광,역사유물
구리,2023,3,2023-03,67,경기도,구리시,갈매구릉산자락길,11,구리 2023_03.csv,문화관광,도시공원
구리,2023,3,2023-03,67,경기도,구리시,마운틴스타클라이밍,11,구리 2023_03.csv,레저스포츠,기타레저스포츠
구리,2023,3,2023-03,67,경기도,구리시,필탁구장,11,구리 2023_03.csv,레저스포츠,기타레저스포츠
구리,2023,3,2023-03,67,경기도,구리시,한강둔치꽃단지,11,구리 2023_03.csv,문화관광,도시공원
구리,2023,3,2023-03,67,경기도,구리시,구리LG구장,11,구리 2023_03.csv,레저스포츠,기타레저스포츠
구리,2023,3,2023-03,72,경기도,구리시,구리동구릉문화제,10,구리 2023_03.csv,레저스포츠,기타레저스포츠
구리,2023,3,2023-03,72,경기도,구리시,토평공원,10,구리 2023_03.csv,문화관광,도시공원
구리,2023,3,2023-03,72,경기도,구리시,개맥이공원,10,구리 2023_03.csv,문화관광,도시공원
구리,2023,3,2023-03,72,경기도,구리시,낚짜,10,구리 2023_03.csv,레저스포츠,수상레저스포츠
구리,2023,3,2023-03,76,경기도,구리시,구리시체육회풋살C구장,8,구리 2023_03.csv,문화관광,레저스포츠시설
구리,2023,3,2023-03,76,경기도,구리시,원일공원,8,구리 2023_03.csv,문화관광,도시공원
구리,2023,3,2023-03,78,경기도,구리시,파이팅스테이션,7,구리 2023_03.csv,레저스포츠,기타레저스포츠
구리,2023,3,2023-03,78,경기도,구리시,구리음악창작소,7,구리 2023_03.csv,문화관광,기타문화관광지
구리,2023,3,2023-03,78,경기도,구리시,전남수산,7,구리 2023_03.csv,쇼핑,시장
구리,2023,3,2023-03,78,경기도,구리시,백교저수지,7,구리 2023_03.csv,자연관광,자연경관(하천/해양)
구리,2023,3,2023-03,82,경기도,구리시,장자대로벚꽃길,6,구리 2023_03.csv,기타관광,기타관광
구리,2023,3,2023-03,82,경기도,구리시,명빈묘,6,구리 2023_03.csv,역사관광,역사유적지
구리,2023,3,2023-03,82,경기도,구리시,새말공원,6,구리 2023_03.csv,문화관광,도시공원
구리,2023,3,2023-03,82,경기도,구리시,동구하늘공원물놀이장,6,구리 2023_03.csv,문화관광,테마공원
구리,2023,3,2023-03,82,경기도,구리시,G&T선수트레이닝센터,6,구리 2023_03.csv,레저스포츠,기타레저스포츠
구리,2023,3,2023-03,82,경기도,구리시,지엘스포츠클럽전용풋살구장,6,구리 2023_03.csv,레저스포츠,기타레저스포츠
구리,2023,3,2023-03,88,경기도,구리시,샛말공원,5,구리 2023_03.csv,문화관광,도시공원
구리,2023,3,2023-03,88,경기도,구리시,관보수산,5,구리 2023_03.csv,쇼핑,시장
구리,2023,3,2023-03,90,경기도,구리시,비피에프아카데미,4,구리 2023_03.csv,레저스포츠,기타레저스포츠
구리,2023,3,2023-03,90,경기도,구리시,아차산태극기동산,4,구리 2023_03.csv,기타관광,기타관광
구리,2023,3,2023-03,90,경기도,구리시,목공방순,4,구리 2023_03.csv,체험관광,공예체험
구리,2023,3,2023-03,90,경기도,구리시,수누피공원,4,구리 2023_03.csv,문화관광,도시공원
구리,2023,3,2023-03,90,경기도,구리시,자비정사,4,구리 2023_03.csv,역사관광,종교성지
구리,2023,3,2023-03,95,경기도,구리시,얼터드주짓수아카데미본관,3,구리 2023_03.csv,레저스포츠,기타레저스포츠
구리,2023,3,2023-03,95,경기도,구리시,짜몽폴룸,3,구리 2023_03.csv,레저스포츠,기타레저스포츠
구리,2023,3,2023-03,95,경기도,구리시,아천농원,3,구리 2023_03.csv,체험관광,농/산/어촌체험
구리,2023,3,2023-03,95,경기도,구리시,건원릉,3,구리 2023_03.csv,역사관광,역사유적지
구리,2023,3,2023-03,95,경기도,구리시,민벌공원,3,구리 2023_03.csv,문화관광,도시공원
구리,2023,3,2023-03,95,경기도,구리시,원촌공원,3,구리 2023_03.csv,문화관광,도시공원
구리,2023,3,2023-03,95,경기도,구리시,부양공원,3,구리 2023_03.csv,문화관광,도시공원
구리,2023,3,2023-03,95,경기도,구리시,늘푸른공원,3,구리 2023_03.csv,문화관광,도시공원
구리,2023,3,2023-03,95,경기도,구리시,동구하늘공원,3,구리 2023_03.csv,문화관광,도시공원
구리,2023,3,2023-03,95,경기도,구리시,김민기복싱클럽,3,구리 2023_03.csv,레저스포츠,기타레저스포츠
구리,2023,3,2023-03,95,경기도,구리시,팡팡존,3,구리 2023_03.csv,문화관광,테마공원
구리,2023,3,2023-03,95,경기도,구리시,나만갑선생신도비,3,구리 2023_03.csv,역사관광,역사유적지
구리,2023,3,2023-03,95,경기도,구리시,주공1단지공원,3,구리 2023_03.csv,문화관광,도시공원
구리,2023,3,2023-03,95,경기도,구리시,주공6단지공원,3,구리 2023_03.csv,문화관광,도시공원
구리,2023,3,2023-03,95,경기도,구리시,보림사,3,구리 2023_03.csv,역사관광,종교성지
구리,2023,3,2023-03,95,경기도,구리시,모모주말농장,3,구리 2023_03.csv,체험관광,농/산/어촌체험
구리,2023,3,2023-03,95,경기도,구리시,구리시주니어야구장,3,구리 2023_03.csv,문화관광,레저스포츠시설
구리,2023,3,2023-03,95,경기도,구리시,갈매지구꽃화훼단지,3,구리 2023_03.csv,체험관광,농/산/어촌체험
구리,2023,4,2023-04,1,경기도,구리시,구리농수산물도매시장,24196,구리 2023_04.csv,쇼핑,시장
구리,2023,4,2023-04,2,경기도,구리시,롯데백화점구리점,12626,구리 2023_04.csv,쇼핑,백화점
구리,2023,4,2023-04,3,경기도,구리시,구리전통시장,5329,구리 2023_04.csv,쇼핑,시장
구리,2023,4,2023-04,4,경기도,구리시,모다아울렛구리남양주점,4916,구리 2023_04.csv,쇼핑,쇼핑몰
구리,2023,4,2023-04,5,경기도,구리시,롯데아울렛구리점,3488,구리 2023_04.csv,쇼핑,쇼핑몰
구리,2023,4,2023-04,6,경기도,구리시,동구릉,2668,구리 2023_04.csv,역사관광,역사유적지
구리,2023,4,2023-04,7,경기도,구리시,구리농수산물도매시장수산2동,1709,구리 2023_04.csv,쇼핑,시장
구리,2023,4,2023-04,8,경기도,구리시,구리왕숙체육공원,1514,구리 2023_04.csv,문화관광,도시공원
구리,2023,4,2023-04,9,경기도,구리시,고구려대장간마을,1272,구리 2023_04.csv,문화관광,기타문화관광지
구리,2023,4,2023-04,10,경기도,구리시,롯데시네마구리아울렛,1106,구리 2023_04.csv,문화관광,공연시설
구리,2023,4,2023-04,11,경기도,구리시,구리시곤충생태관,694,구리 2023_04.csv,문화관광,전시시설
구리,2023,4,2023-04,12,경기도,구리시,구리승마클럽,635,구리 2023_04.csv,레저스포츠,육상레저스포츠
구리,2023,4,2023-04,13,경기도,구리시,구리농수산물도매시장수산동,625,구리 2023_04.csv,쇼핑,시장
구리,2023,4,2023-04,14,경기도,구리시,구리청과물도매시장,611,구리 2023_04.csv,쇼핑,시장
구리,2023,4,2023-04,15,경기도,구리시,GS챔피언스파크,575,구리 2023_04.csv,레저스포츠,기타레저스포츠
구리,2023,4,2023-04,16,경기도,구리시,장자호수생태체험관,492,구리 2023_04.csv,기타관광,기타관광
구리,2023,4,2023-04,17,경기도,구리시,렛츠런CCC구리지점,489,구리 2023_04.csv,레저스포츠,육상레저스포츠
구리,2023,4,2023-04,18,경기도,구리시,구리시체육회축구장,484,구리 2023_04.csv,문화관광,레저스포츠시설
구리,2023,4,2023-04,19,경기도,구리시,와니엘배팅센터서울구리점,475,구리 2023_04.csv,레저스포츠,기타레저스포츠
구리,2023,4,2023-04,20,경기도,구리시,구리어린이천문대,448,구리 2023_04.csv,기타관광,기타관광
구리,2023,4,2023-04,21,경기도,구리시,CGV구리,437,구리 2023_04.csv,문화관광,공연시설
구리,2023,4,2023-04,22,경기도,구리시,구리한강시민공원야구장,428,구리 2023_04.csv,문화관광,레저스포츠시설
구리,2023,4,2023-04,23,경기도,구리시,구리농수산물공사,360,구리 2023_04.csv,쇼핑,시장
구리,2023,4,2023-04,24,경기도,구리시,보원탄산온천,325,구리 2023_04.csv,체험관광,웰니스관광
구리,2023,4,2023-04,25,경기도,구리시,구리시청소년수련관,316,구리 2023_04.csv,레저스포츠,육상레저스포츠
구리,2023,4,2023-04,26,경기도,구리시,정각사,176,구리 2023_04.csv,역사관광,종교성지
구리,2023,4,2023-04,27,경기도,구리시,왕숙천둔치공원,168,구리 2023_04.csv,문화관광,도시공원
구리,2023,4,2023-04,28,경기도,구리시,동사골주말농장,161,구리 2023_04.csv,체험관광,농/산/어촌체험
구리,2023,4,2023-04,29,경기도,구리시,더가루구리점,151,구리 2023_04.csv,문화관광,테마공원
구리,2023,4,2023-04,30,경기도,구리시,힐링FC풋살장,140,구리 2023_04.csv,레저스포츠,기타레저스포츠
구리,2023,4,2023-04,31,경기도,구리시,박스타아카데미,124,구리 2023_04.csv,레저스포츠,기타레저스포츠
구리,2023,4,2023-04,32,경기도,구리시,스토래지풋살구리아천점,106,구리 2023_04.csv,레저스포츠,기타레저스포츠
구리,2023,4,2023-04,33,경기도,구리시,구리유통종합시장축산가공식품동,83,구리 2023_04.csv,쇼핑,시장
구리,2023,4,2023-04,34,경기도,구리시,구리시립체육공원,81,구리 2023_04.csv,문화관광,도시공원
구리,2023,4,2023-04,35,경기도,구리시,김병지축구클럽구리롯데아울렛점,79,구리 2023_04.csv,레저스포츠,기타레저스포츠
구리,2023,4,2023-04,36,경기도,구리시,영테니스아카데미,78,구리 2023_04.csv,레저스포츠,기타레저스포츠
구리,2023,4,2023-04,36,경기도,구리시,구리시립리틀야구장,78,구리 2023_04.csv,문화관광,레저스포츠시설
구리,2023,4,2023-04,38,경기도,구리시,구리체육관근린공원,73,구리 2023_04.csv,문화관광,도시공원
구리,2023,4,2023-04,38,경기도,구리시,대한불교천태종금성사,73,구리 2023_04.csv,역사관광,종교성지
구리,2023,4,2023-04,40,경기도,구리시,포레스트앤두아카데미,72,구리 2023_04.csv,레저스포츠,기타레저스포츠
구리,2023,4,2023-04,41,경기도,구리시,킹콩점프갈매신도시점,66,구리 2023_04.csv,문화관광,테마공원
구리,2023,4,2023-04,42,경기도,구리시,퐁퐁플라워구리센터,63,구리 2023_04.csv,문화관광,테마공원
구리,2023,4,2023-04,43,경기도,구리시,제이엠코리아풋볼파크,55,구리 2023_04.csv,레저스포츠,기타레저스포츠
구리,2023,4,2023-04,44,경기도,구리시,크로스핏라곰,45,구리 2023_04.csv,레저스포츠,기타레저스포츠
구리,2023,4,2023-04,45,경기도,구리시,중앙하이츠티움,38,구리 2023_04.csv,쇼핑,쇼핑몰
구리,2023,4,2023-04,46,경기도,구리시,모모주말농장,37,구리 2023_04.csv,체험관광,농/산/어촌체험
구리,2023,4,2023-04,47,경기도,구리시,이문안호수공원,33,구리 2023_04.csv,문화관광,도시공원
구리,2023,4,2023-04,47,경기도,구리시,지엘스포츠클럽전용풋살구장,33,구리 2023_04.csv,레저스포츠,기타레저스포츠
구리,2023,4,2023-04,47,경기도,구리시,피쉬스쿨실내낚시카페,33,구리 2023_04.csv,레저스포츠,수상레저스포츠
구리,2023,4,2023-04,50,경기도,구리시,보현사,31,구리 2023_04.csv,역사관광,종교성지
구리,2023,4,2023-04,51,경기도,구리시,구리음악창작소,27,구리 2023_04.csv,문화관광,기타문화관광지
구리,2023,4,2023-04,51,경기도,구리시,장자대로벚꽃길,27,구리 2023_04.csv,기타관광,기타관광
구리,2023,4,2023-04,53,경기도,구리시,공덕사,24,구리 2023_04.csv,역사관광,종교성지
구리,2023,4,2023-04,54,경기도,구리시,명빈묘,23,구리 2023_04.csv,역사관광,역사유적지
구리,2023,4,2023-04,55,경기도,구리시,온달정,22,구리 2023_04.csv,레저스포츠,육상레저스포츠
구리,2023,4,2023-04,56,경기도,구리시,갈매구릉산자락길,17,구리 2023_04.csv,문화관광,도시공원
구리,2023,4,2023-04,57,경기도,구리시,필탁구장,16,구리 2023_04.csv,레저스포츠,기타레저스포츠
구리,2023,4,2023-04,58,경기도,구리시,삼봉사,14,구리 2023_04.csv,역사관광,종교성지
구리,2023,4,2023-04,59,경기도,구리시,토평공원,13,구리 2023_04.csv,문화관광,도시공원
구리,2023,4,2023-04,60,경기도,구리시,아천농원,12,구리 2023_04.csv,체험관광,농/산/어촌체험
구리,2023,4,2023-04,60,경기도,구리시,구리LG구장,12,구리 2023_04.csv,레저스포츠,기타레저스포츠
구리,2023,4,2023-04,60,경기도,구리시,도당공원,12,구리 2023_04.csv,문화관광,도시공원
구리,2023,4,2023-04,63,경기도,구리시,G&T선수트레이닝센터,11,구리 2023_04.csv,레저스포츠,기타레저스포츠
구리,2023,4,2023-04,64,경기도,구리시,스트라이크존구리돌다리구장,10,구리 2023_04.csv,레저스포츠,기타레저스포츠
구리,2023,4,2023-04,64,경기도,구리시,나만갑선생신도비,10,구리 2023_04.csv,역사관광,역사유적지
구리,2023,4,2023-04,64,경기도,구리시,장자탁구클럽,10,구리 2023_04.csv,레저스포츠,기타레저스포츠
구리,2023,4,2023-04,67,경기도,구리시,동구하늘공원물놀이장,8,구리 2023_04.csv,문화관광,테마공원
구리,2023,4,2023-04,68,경기도,구리시,파이팅스테이션,7,구리 2023_04.csv,레저스포츠,기타레저스포츠
구리,2023,4,2023-04,68,경기도,구리시,구리시 현충탑,7,구리 2023_04.csv,역사관광,역사유물
구리,2023,4,2023-04,68,경기도,구리시,전남수산,7,구리 2023_04.csv,쇼핑,시장
구리,2023,4,2023-04,68,경기도,구리시,낚짜,7,구리 2023_04.csv,레저스포츠,수상레저스포츠
구리,2023,4,2023-04,72,경기도,구리시,마운틴스타클라이밍,6,구리 2023_04.csv,레저스포츠,기타레저스포츠
구리,2023,4,2023-04,72,경기도,구리시,마골공원,6,구리 2023_04.csv,문화관광,도시공원
구리,2023,4,2023-04,74,경기도,구리시,선진농장,3,구리 2023_04.csv,체험관광,농/산/어촌체험
구리,2023,4,2023-04,74,경기도,구리시,주짓수,3,구리 2023_04.csv,레저스포츠,기타레저스포츠
구리,2023,4,2023-04,74,경기도,구리시,현대수산유통,3,구리 2023_04.csv,쇼핑,시장
구리,2023,4,2023-04,74,경기도,구리시,계순탁구,3,구리 2023_04.csv,레저스포츠,기타레저스포츠
구리,2023,4,2023-04,74,경기도,구리시,팡팡존,3,구리 2023_04.csv,문화관광,테마공원
구리,2023,4,2023-04,74,경기도,구리시,자비정사,3,구리 2023_04.csv,역사관광,종교성지
구리,2023,4,2023-04,74,경기도,구리시,세라믹어스,3,구리 2023_04.csv,체험관광,공예체험
구리,2023,4,2023-04,74,경기도,구리시,꽃아름공방,3,구리 2023_04.csv,체험관광,공예체험
구리,2023,4,2023-04,74,경기도,구리시,구리시체육회풋살C구장,3,구리 2023_04.csv,문화관광,레저스포츠시설
구리,2023,4,2023-04,74,경기도,구리시,산마루공원,3,구리 2023_04.csv,문화관광,도시공원
구리,2023,4,2023-04,74,경기도,구리시,휘트니스플레이스구리인창점,3,구리 2023_04.csv,레저스포츠,기타레저스포츠
구리,2023,4,2023-04,74,경기도,구리시,광개토태왕비,3,구리 2023_04.csv,역사관광,역사유물
구리,2023,4,2023-04,74,경기도,구리시,나무를그리는공방,3,구리 2023_04.csv,체험관광,공예체험
구리,2023,5,2023-05,1,경기도,구리시,구리농수산물도매시장,26068,구리 2023_05.csv,쇼핑,시장
구리,2023,5,2023-05,2,경기도,구리시,롯데백화점구리점,13962,구리 2023_05.csv,쇼핑,백화점
구리,2023,5,2023-05,3,경기도,구리시,구리전통시장,5594,구리 2023_05.csv,쇼핑,시장
구리,2023,5,2023-05,4,경기도,구리시,모다아울렛구리남양주점,5352,구리 2023_05.csv,쇼핑,쇼핑몰
구리,2023,5,2023-05,5,경기도,구리시,롯데아울렛구리점,4063,구리 2023_05.csv,쇼핑,쇼핑몰
구리,2023,5,2023-05,6,경기도,구리시,동구릉,2868,구리 2023_05.csv,역사관광,역사유적지
구리,2023,5,2023-05,7,경기도,구리시,롯데시네마구리아울렛,1809,구리 2023_05.csv,문화관광,공연시설
구리,2023,5,2023-05,8,경기도,구리시,구리농수산물도매시장수산2동,1782,구리 2023_05.csv,쇼핑,시장
구리,2023,5,2023-05,9,경기도,구리시,구리왕숙체육공원,1473,구리 2023_05.csv,문화관광,도시공원
구리,2023,5,2023-05,10,경기도,구리시,고구려대장간마을,1142,구리 2023_05.csv,문화관광,기타문화관광지
구리,2023,5,2023-05,11,경기도,구리시,구리청과물도매시장,779,구리 2023_05.csv,쇼핑,시장
구리,2023,5,2023-05,12,경기도,구리시,CGV구리,677,구리 2023_05.csv,문화관광,공연시설
구리,2023,5,2023-05,13,경기도,구리시,구리농수산물도매시장수산동,653,구리 2023_05.csv,쇼핑,시장
구리,2023,5,2023-05,14,경기도,구리시,GS챔피언스파크,616,구리 2023_05.csv,레저스포츠,기타레저스포츠
구리,2023,5,2023-05,15,경기도,구리시,구리시곤충생태관,591,구리 2023_05.csv,문화관광,전시시설
구리,2023,5,2023-05,16,경기도,구리시,장자호수생태체험관,470,구리 2023_05.csv,기타관광,기타관광
구리,2023,5,2023-05,17,경기도,구리시,구리어린이천문대,468,구리 2023_05.csv,기타관광,기타관광
구리,2023,5,2023-05,18,경기도,구리시,렛츠런CCC구리지점,467,구리 2023_05.csv,레저스포츠,육상레저스포츠
구리,2023,5,2023-05,19,경기도,구리시,구리시체육회축구장,463,구리 2023_05.csv,문화관광,레저스포츠시설
구리,2023,5,2023-05,20,경기도,구리시,와니엘배팅센터서울구리점,441,구리 2023_05.csv,레저스포츠,기타레저스포츠
구리,2023,5,2023-05,21,경기도,구리시,구리농수산물공사,426,구리 2023_05.csv,쇼핑,시장
구리,2023,5,2023-05,22,경기도,구리시,구리시청소년수련관,354,구리 2023_05.csv,레저스포츠,육상레저스포츠
구리,2023,5,2023-05,23,경기도,구리시,구리승마클럽,302,구리 2023_05.csv,레저스포츠,육상레저스포츠
구리,2023,5,2023-05,24,경기도,구리시,보원탄산온천,297,구리 2023_05.csv,체험관광,웰니스관광
구리,2023,5,2023-05,25,경기도,구리시,동사골주말농장,195,구리 2023_05.csv,체험관광,농/산/어촌체험
구리,2023,5,2023-05,26,경기도,구리시,정각사,178,구리 2023_05.csv,역사관광,종교성지
구리,2023,5,2023-05,27,경기도,구리시,더가루구리점,155,구리 2023_05.csv,문화관광,테마공원
구리,2023,5,2023-05,28,경기도,구리시,스토래지풋살구리아천점,152,구리 2023_05.csv,레저스포츠,기타레저스포츠
구리,2023,5,2023-05,29,경기도,구리시,힐링FC풋살장,126,구리 2023_05.csv,레저스포츠,기타레저스포츠
구리,2023,5,2023-05,30,경기도,구리시,왕숙천둔치공원,122,구리 2023_05.csv,문화관광,도시공원
구리,2023,5,2023-05,31,경기도,구리시,대한불교천태종금성사,118,구리 2023_05.csv,역사관광,종교성지
구리,2023,5,2023-05,32,경기도,구리시,퐁퐁플라워구리센터,102,구리 2023_05.csv,문화관광,테마공원
구리,2023,5,2023-05,33,경기도,구리시,박스타아카데미,99,구리 2023_05.csv,레저스포츠,기타레저스포츠
구리,2023,5,2023-05,34,경기도,구리시,보현사,86,구리 2023_05.csv,역사관광,종교성지
구리,2023,5,2023-05,35,경기도,구리시,영테니스아카데미,80,구리 2023_05.csv,레저스포츠,기타레저스포츠
구리,2023,5,2023-05,36,경기도,구리시,구리한강시민공원야구장,72,구리 2023_05.csv,문화관광,레저스포츠시설
구리,2023,5,2023-05,36,경기도,구리시,삼봉사,72,구리 2023_05.csv,역사관광,종교성지
구리,2023,5,2023-05,38,경기도,구리시,구리체육관근린공원,68,구리 2023_05.csv,문화관광,도시공원
구리,2023,5,2023-05,39,경기도,구리시,피쉬스쿨실내낚시카페,62,구리 2023_05.csv,레저스포츠,수상레저스포츠
구리,2023,5,2023-05,40,경기도,구리시,포레스트앤두아카데미,61,구리 2023_05.csv,레저스포츠,기타레저스포츠
구리,2023,5,2023-05,40,경기도,구리시,구리유통종합시장축산가공식품동,61,구리 2023_05.csv,쇼핑,시장
구리,2023,5,2023-05,42,경기도,구리시,킹콩점프갈매신도시점,51,구리 2023_05.csv,문화관광,테마공원
구리,2023,5,2023-05,43,경기도,구리시,중앙하이츠티움,48,구리 2023_05.csv,쇼핑,쇼핑몰
구리,2023,5,2023-05,44,경기도,구리시,구리시립체육공원,45,구리 2023_05.csv,문화관광,도시공원
구리,2023,5,2023-05,45,경기도,구리시,공덕사,44,구리 2023_05.csv,역사관광,종교성지
구리,2023,5,2023-05,45,경기도,구리시,크로스핏라곰,44,구리 2023_05.csv,레저스포츠,기타레저스포츠
구리,2023,5,2023-05,47,경기도,구리시,구리시립리틀야구장,42,구리 2023_05.csv,문화관광,레저스포츠시설
구리,2023,5,2023-05,48,경기도,구리시,제이엠코리아풋볼파크,37,구리 2023_05.csv,레저스포츠,기타레저스포츠
구리,2023,5,2023-05,49,경기도,구리시,스트라이크존구리돌다리구장,34,구리 2023_05.csv,레저스포츠,기타레저스포츠
구리,2023,5,2023-05,50,경기도,구리시,온달정,32,구리 2023_05.csv,레저스포츠,육상레저스포츠
구리,2023,5,2023-05,51,경기도,구리시,김병지축구클럽구리롯데아울렛점,29,구리 2023_05.csv,레저스포츠,기타레저스포츠
구리,2023,5,2023-05,52,경기도,구리시,구리시 현충탑,27,구리 2023_05.csv,역사관광,역사유물
구리,2023,5,2023-05,52,경기도,구리시,모모주말농장,27,구리 2023_05.csv,체험관광,농/산/어촌체험
구리,2023,5,2023-05,54,경기도,구리시,필탁구장,26,구리 2023_05.csv,레저스포츠,기타레저스포츠
구리,2023,5,2023-05,55,경기도,구리시,갈매구릉산자락길,25,구리 2023_05.csv,문화관광,도시공원
구리,2023,5,2023-05,56,경기도,구리시,마골공원,19,구리 2023_05.csv,문화관광,도시공원
구리,2023,5,2023-05,57,경기도,구리시,장자탁구클럽,18,구리 2023_05.csv,레저스포츠,기타레저스포츠
구리,2023,5,2023-05,58,경기도,구리시,명빈묘,16,구리 2023_05.csv,역사관광,역사유적지
구리,2023,5,2023-05,58,경기도,구리시,토평공원,16,구리 2023_05.csv,문화관광,도시공원
구리,2023,5,2023-05,58,경기도,구리시,지엘스포츠클럽전용풋살구장,16,구리 2023_05.csv,레저스포츠,기타레저스포츠
구리,2023,5,2023-05,61,경기도,구리시,나만갑선생신도비,15,구리 2023_05.csv,역사관광,역사유적지
구리,2023,5,2023-05,62,경기도,구리시,파이팅스테이션,14,구리 2023_05.csv,레저스포츠,기타레저스포츠
구리,2023,5,2023-05,63,경기도,구리시,구리음악창작소,12,구리 2023_05.csv,문화관광,기타문화관광지
구리,2023,5,2023-05,63,경기도,구리시,이문안호수공원,12,구리 2023_05.csv,문화관광,도시공원
구리,2023,5,2023-05,65,경기도,구리시,구리시체육회풋살C구장,11,구리 2023_05.csv,문화관광,레저스포츠시설
구리,2023,5,2023-05,65,경기도,구리시,전남수산,11,구리 2023_05.csv,쇼핑,시장
구리,2023,5,2023-05,67,경기도,구리시,선진농장,9,구리 2023_05.csv,체험관광,농/산/어촌체험
구리,2023,5,2023-05,68,경기도,구리시,아천농원,7,구리 2023_05.csv,체험관광,농/산/어촌체험
구리,2023,5,2023-05,68,경기도,구리시,덕암사,7,구리 2023_05.csv,역사관광,종교성지
구리,2023,5,2023-05,68,경기도,구리시,G&T선수트레이닝센터,7,구리 2023_05.csv,레저스포츠,기타레저스포츠
구리,2023,5,2023-05,68,경기도,구리시,낚짜,7,구리 2023_05.csv,레저스포츠,수상레저스포츠
구리,2023,5,2023-05,72,경기도,구리시,계순탁구,6,구리 2023_05.csv,레저스포츠,기타레저스포츠
구리,2023,5,2023-05,72,경기도,구리시,도당공원,6,구리 2023_05.csv,문화관광,도시공원
구리,2023,5,2023-05,72,경기도,구리시,휘트니스플레이스구리인창점,6,구리 2023_05.csv,레저스포츠,기타레저스포츠
구리,2023,5,2023-05,75,경기도,구리시,꽃아름공방,5,구리 2023_05.csv,체험관광,공예체험
구리,2023,5,2023-05,75,경기도,구리시,보림사,5,구리 2023_05.csv,역사관광,종교성지
구리,2023,5,2023-05,77,경기도,구리시,마운틴스타클라이밍,3,구리 2023_05.csv,레저스포츠,기타레저스포츠
구리,2023,5,2023-05,77,경기도,구리시,자비정사,3,구리 2023_05.csv,역사관광,종교성지
구리,2023,5,2023-05,77,경기도,구리시,푸른숲농원,3,구리 2023_05.csv,체험관광,농/산/어촌체험
구리,2023,5,2023-05,77,경기도,구리시,구리탁구클럽,3,구리 2023_05.csv,레저스포츠,기타레저스포츠
구리,2023,5,2023-05,77,경기도,구리시,관보수산,3,구리 2023_05.csv,쇼핑,시장
구리,2023,5,2023-05,77,경기도,구리시,수택탁구클럽,3,구리 2023_05.csv,레저스포츠,기타레저스포츠
구리,2023,6,2023-06,1,경기도,구리시,구리농수산물도매시장,25667,구리 2023_06.csv,쇼핑,시장
구리,2023,6,2023-06,2,경기도,구리시,롯데백화점구리점,12888,구리 2023_06.csv,쇼핑,백화점
구리,2023,6,2023-06,3,경기도,구리시,구리전통시장,5386,구리 2023_06.csv,쇼핑,시장
구리,2023,6,2023-06,4,경기도,구리시,모다아울렛구리남양주점,4442,구리 2023_06.csv,쇼핑,쇼핑몰
구리,2023,6,2023-06,5,경기도,구리시,롯데아울렛구리점,3430,구리 2023_06.csv,쇼핑,쇼핑몰
구리,2023,6,2023-06,6,경기도,구리시,동구릉,3167,구리 2023_06.csv,역사관광,역사유적지
구리,2023,6,2023-06,7,경기도,구리시,롯데시네마구리아울렛,2297,구리 2023_06.csv,문화관광,공연시설
구리,2023,6,2023-06,8,경기도,구리시,구리왕숙체육공원,1649,구리 2023_06.csv,문화관광,도시공원
구리,2023,6,2023-06,9,경기도,구리시,구리농수산물도매시장수산2동,1528,구리 2023_06.csv,쇼핑,시장
구리,2023,6,2023-06,10,경기도,구리시,고구려대장간마을,1065,구리 2023_06.csv,문화관광,기타문화관광지
구리,2023,6,2023-06,11,경기도,구리시,구리한강시민공원,912,구리 2023_06.csv,문화관광,도시공원
구리,2023,6,2023-06,12,경기도,구리시,CGV구리,740,구리 2023_06.csv,문화관광,공연시설
구리,2023,6,2023-06,13,경기도,구리시,구리청과물도매시장,703,구리 2023_06.csv,쇼핑,시장
구리,2023,6,2023-06,14,경기도,구리시,구리시곤충생태관,698,구리 2023_06.csv,문화관광,전시시설
구리,2023,6,2023-06,15,경기도,구리시,GS챔피언스파크,654,구리 2023_06.csv,레저스포츠,기타레저스포츠
구리,2023,6,2023-06,16,경기도,구리시,구리농수산물도매시장수산동,601,구리 2023_06.csv,쇼핑,시장
구리,2023,6,2023-06,17,경기도,구리시,구리어린이천문대,513,구리 2023_06.csv,기타관광,기타관광
구리,2023,6,2023-06,18,경기도,구리시,구리시체육회축구장,476,구리 2023_06.csv,문화관광,레저스포츠시설
구리,2023,6,2023-06,19,경기도,구리시,렛츠런CCC구리지점,465,구리 2023_06.csv,레저스포츠,육상레저스포츠
구리,2023,6,2023-06,20,경기도,구리시,구리시청소년수련관,425,구리 2023_06.csv,레저스포츠,육상레저스포츠
구리,2023,6,2023-06,21,경기도,구리시,와니엘배팅센터서울구리점,419,구리 2023_06.csv,레저스포츠,기타레저스포츠
구리,2023,6,2023-06,22,경기도,구리시,장자호수생태체험관,416,구리 2023_06.csv,기타관광,기타관광
구리,2023,6,2023-06,23,경기도,구리시,구리농수산물공사,413,구리 2023_06.csv,쇼핑,시장
구리,2023,6,2023-06,24,경기도,구리시,구리타워,368,구리 2023_06.csv,문화관광,랜드마크관광
구리,2023,6,2023-06,25,경기도,구리시,구리승마클럽,326,구리 2023_06.csv,레저스포츠,육상레저스포츠
구리,2023,6,2023-06,26,경기도,구리시,구리한강시민공원야구장,280,구리 2023_06.csv,문화관광,레저스포츠시설
구리,2023,6,2023-06,27,경기도,구리시,보원탄산온천,267,구리 2023_06.csv,체험관광,웰니스관광
구리,2023,6,2023-06,28,경기도,구리시,더가루구리점,160,구리 2023_06.csv,문화관광,테마공원
구리,2023,6,2023-06,29,경기도,구리시,김병지축구클럽구리롯데아울렛점,156,구리 2023_06.csv,레저스포츠,기타레저스포츠
구리,2023,6,2023-06,30,경기도,구리시,스토래지풋살구리아천점,149,구리 2023_06.csv,레저스포츠,기타레저스포츠
구리,2023,6,2023-06,31,경기도,구리시,왕숙천둔치공원,140,구리 2023_06.csv,문화관광,도시공원
구리,2023,6,2023-06,31,경기도,구리시,동사골주말농장,140,구리 2023_06.csv,체험관광,농/산/어촌체험
구리,2023,6,2023-06,33,경기도,구리시,힐링FC풋살장,139,구리 2023_06.csv,레저스포츠,기타레저스포츠
구리,2023,6,2023-06,34,경기도,구리시,토평공원물놀이장,133,구리 2023_06.csv,문화관광,테마공원
구리,2023,6,2023-06,35,경기도,구리시,퐁퐁플라워구리센터,130,구리 2023_06.csv,문화관광,테마공원
구리,2023,6,2023-06,36,경기도,구리시,장자호수생태공원,129,구리 2023_06.csv,문화관광,도시공원
구리,2023,6,2023-06,37,경기도,구리시,정각사,117,구리 2023_06.csv,역사관광,종교성지
구리,2023,6,2023-06,38,경기도,구리시,동서울어린이천문대,87,구리 2023_06.csv,기타관광,기타관광
구리,2023,6,2023-06,39,경기도,구리시,구리체육관근린공원,83,구리 2023_06.csv,문화관광,도시공원
구리,2023,6,2023-06,40,경기도,구리시,중앙하이츠티움,63,구리 2023_06.csv,쇼핑,쇼핑몰
구리,2023,6,2023-06,40,경기도,구리시,구리왕숙체육공원축구장,63,구리 2023_06.csv,문화관광,레저스포츠시설
구리,2023,6,2023-06,42,경기도,구리시,구리시립리틀야구장,62,구리 2023_06.csv,문화관광,레저스포츠시설
구리,2023,6,2023-06,43,경기도,구리시,크로스핏라곰,60,구리 2023_06.csv,레저스포츠,기타레저스포츠
구리,2023,6,2023-06,43,경기도,구리시,박스타아카데미,60,구리 2023_06.csv,레저스포츠,기타레저스포츠
구리,2023,6,2023-06,45,경기도,구리시,대한불교천태종금성사,57,구리 2023_06.csv,역사관광,종교성지
구리,2023,6,2023-06,46,경기도,구리시,구리유통종합시장축산가공식품동,56,구리 2023_06.csv,쇼핑,시장
구리,2023,6,2023-06,47,경기도,구리시,포레스트앤두아카데미,52,구리 2023_06.csv,레저스포츠,기타레저스포츠
구리,2023,6,2023-06,48,경기도,구리시,구리시립체육공원,50,구리 2023_06.csv,문화관광,도시공원
구리,2023,6,2023-06,49,경기도,구리시,구리시 현충탑,49,구리 2023_06.csv,역사관광,역사유물
구리,2023,6,2023-06,50,경기도,구리시,지엘스포츠클럽전용풋살구장,46,구리 2023_06.csv,레저스포츠,기타레저스포츠
구리,2023,6,2023-06,50,경기도,구리시,영테니스아카데미,46,구리 2023_06.csv,레저스포츠,기타레저스포츠
구리,2023,6,2023-06,52,경기도,구리시,피쉬스쿨실내낚시카페,44,구리 2023_06.csv,레저스포츠,수상레저스포츠
구리,2023,6,2023-06,53,경기도,구리시,공덕사,37,구리 2023_06.csv,역사관광,종교성지
구리,2023,6,2023-06,54,경기도,구리시,스트라이크존구리돌다리구장,36,구리 2023_06.csv,레저스포츠,기타레저스포츠
구리,2023,6,2023-06,55,경기도,구리시,토평공원,30,구리 2023_06.csv,문화관광,도시공원
구리,2023,6,2023-06,56,경기도,구리시,필탁구장,29,구리 2023_06.csv,레저스포츠,기타레저스포츠
구리,2023,6,2023-06,57,경기도,구리시,모모주말농장,28,구리 2023_06.csv,체험관광,농/산/어촌체험
구리,2023,6,2023-06,57,경기도,구리시,이문안호수공원,28,구리 2023_06.csv,문화관광,도시공원
구리,2023,6,2023-06,59,경기도,구리시,제이엠코리아풋볼파크,27,구리 2023_06.csv,레저스포츠,기타레저스포츠
구리,2023,6,2023-06,59,경기도,구리시,삼봉사,27,구리 2023_06.csv,역사관광,종교성지
구리,2023,6,2023-06,61,경기도,구리시,킹콩점프갈매신도시점,25,구리 2023_06.csv,문화관광,테마공원
구리,2023,6,2023-06,62,경기도,구리시,아름마을어린이공원물놀이장,22,구리 2023_06.csv,문화관광,테마공원
구리,2023,6,2023-06,62,경기도,구리시,동구하늘공원물놀이장,22,구리 2023_06.csv,문화관광,테마공원
구리,2023,6,2023-06,64,경기도,구리시,구리한강시민공원어린이튜브물놀이장,20,구리 2023_06.csv,문화관광,테마공원
구리,2023,6,2023-06,65,경기도,구리시,명빈묘,19,구리 2023_06.csv,역사관광,역사유적지
구리,2023,6,2023-06,66,경기도,구리시,갈매구릉산자락길,16,구리 2023_06.csv,문화관광,도시공원
구리,2023,6,2023-06,67,경기도,구리시,선진농장,15,구리 2023_06.csv,체험관광,농/산/어촌체험
구리,2023,6,2023-06,68,경기도,구리시,구리시체육회풋살C구장,14,구리 2023_06.csv,문화관광,레저스포츠시설
구리,2023,6,2023-06,69,경기도,구리시,전남수산,13,구리 2023_06.csv,쇼핑,시장
구리,2023,6,2023-06,70,경기도,구리시,구리음악창작소,12,구리 2023_06.csv,문화관광,기타문화관광지
구리,2023,6,2023-06,70,경기도,구리시,TJ멀티핏,12,구리 2023_06.csv,레저스포츠,기타레저스포츠
구리,2023,6,2023-06,72,경기도,구리시,보현사,10,구리 2023_06.csv,역사관광,종교성지
구리,2023,6,2023-06,73,경기도,구리시,온달정,9,구리 2023_06.csv,레저스포츠,육상레저스포츠
구리,2023,6,2023-06,74,경기도,구리시,갈매중앙공원,8,구리 2023_06.csv,문화관광,도시공원
구리,2023,6,2023-06,75,경기도,구리시,마골공원,7,구리 2023_06.csv,문화관광,도시공원
구리,2023,6,2023-06,75,경기도,구리시,관보수산,7,구리 2023_06.csv,쇼핑,시장
구리,2023,6,2023-06,75,경기도,구리시,파이팅스테이션,7,구리 2023_06.csv,레저스포츠,기타레저스포츠
구리,2023,6,2023-06,78,경기도,구리시,돌다리공원,6,구리 2023_06.csv,문화관광,도시공원
구리,2023,6,2023-06,78,경기도,구리시,구리LG구장,6,구리 2023_06.csv,레저스포츠,기타레저스포츠
구리,2023,6,2023-06,78,경기도,구리시,G&T선수트레이닝센터,6,구리 2023_06.csv,레저스포츠,기타레저스포츠
구리,2023,6,2023-06,81,경기도,구리시,왕숙천둔치물놀이장,4,구리 2023_06.csv,문화관광,테마공원
구리,2023,6,2023-06,81,경기도,구리시,구리시주니어야구장,4,구리 2023_06.csv,문화관광,레저스포츠시설
구리,2023,6,2023-06,81,경기도,구리시,자비정사,4,구리 2023_06.csv,역사관광,종교성지
구리,2023,6,2023-06,81,경기도,구리시,덕암사,4,구리 2023_06.csv,역사관광,종교성지
구리,2023,6,2023-06,81,경기도,구리시,샛다리지,4,구리 2023_06.csv,자연관광,자연경관(하천/해양)
구리,2023,6,2023-06,81,경기도,구리시,오예스몰,4,구리 2023_06.csv,쇼핑,쇼핑몰
구리,2023,6,2023-06,87,경기도,구리시,휘트니스플레이스구리인창점,3,구리 2023_06.csv,레저스포츠,기타레저스포츠
구리,2023,6,2023-06,87,경기도,구리시,구리동구릉문화제,3,구리 2023_06.csv,레저스포츠,기타레저스포츠
구리,2023,6,2023-06,87,경기도,구리시,부양공원,3,구리 2023_06.csv,문화관광,도시공원
구리,2023,6,2023-06,87,경기도,구리시,인창중앙공원,3,구리 2023_06.csv,문화관광,도시공원
구리,2023,6,2023-06,87,경기도,구리시,주공2단지1공원,3,구리 2023_06.csv,문화관광,도시공원
구리,2023,6,2023-06,87,경기도,구리시,주공6단지공원,3,구리 2023_06.csv,문화관광,도시공원
구리,2023,6,2023-06,87,경기도,구리시,구리탁구클럽,3,구리 2023_06.csv,레저스포츠,기타레저스포츠
구리,2023,6,2023-06,87,경기도,구리시,계순탁구,3,구리 2023_06.csv,레저스포츠,기타레저스포츠
구리,2023,6,2023-06,87,경기도,구리시,고구려박물관,3,구리 2023_06.csv,문화관광,전시시설
구리,2023,6,2023-06,87,경기도,구리시,안말어린이공원,3,구리 2023_06.csv,문화관광,도시공원
구리,2023,6,2023-06,87,경기도,구리시,도당공원,3,구리 2023_06.csv,문화관광,도시공원
구리,2023,7,2023-07,1,경기도,구리시,구리농수산물도매시장,23376,구리 2023_07.csv,쇼핑,시장
구리,2023,7,2023-07,2,경기도,구리시,롯데백화점구리점,13336,구리 2023_07.csv,쇼핑,백화점
구리,2023,7,2023-07,3,경기도,구리시,구리전통시장,5870,구리 2023_07.csv,쇼핑,시장
구리,2023,7,2023-07,4,경기도,구리시,모다아울렛구리남양주점,4274,구리 2023_07.csv,쇼핑,쇼핑몰
구리,2023,7,2023-07,5,경기도,구리시,롯데아울렛구리점,3331,구리 2023_07.csv,쇼핑,쇼핑몰
구리,2023,7,2023-07,6,경기도,구리시,동구릉,2376,구리 2023_07.csv,역사관광,역사유적지
구리,2023,7,2023-07,7,경기도,구리시,롯데시네마구리아울렛,1930,구리 2023_07.csv,문화관광,공연시설
구리,2023,7,2023-07,8,경기도,구리시,구리농수산물도매시장수산2동,1377,구리 2023_07.csv,쇼핑,시장
구리,2023,7,2023-07,9,경기도,구리시,구리왕숙체육공원,1301,구리 2023_07.csv,문화관광,도시공원
구리,2023,7,2023-07,10,경기도,구리시,CGV구리갈매,1225,구리 2023_07.csv,문화관광,공연시설
구리,2023,7,2023-07,11,경기도,구리시,고구려대장간마을,805,구리 2023_07.csv,문화관광,기타문화관광지
구리,2023,7,2023-07,12,경기도,구리시,구리청과물도매시장,786,구리 2023_07.csv,쇼핑,시장
구리,2023,7,2023-07,13,경기도,구리시,CGV구리,638,구리 2023_07.csv,문화관광,공연시설
구리,2023,7,2023-07,14,경기도,구리시,구리시곤충생태관,607,구리 2023_07.csv,문화관광,전시시설
구리,2023,7,2023-07,15,경기도,구리시,구리시체육회축구장,546,구리 2023_07.csv,문화관광,레저스포츠시설
구리,2023,7,2023-07,16,경기도,구리시,렛츠런CCC구리지점,518,구리 2023_07.csv,레저스포츠,육상레저스포츠
구리,2023,7,2023-07,17,경기도,구리시,GS챔피언스파크,472,구리 2023_07.csv,레저스포츠,기타레저스포츠
구리,2023,7,2023-07,18,경기도,구리시,와니엘배팅센터서울구리점,459,구리 2023_07.csv,레저스포츠,기타레저스포츠
구리,2023,7,2023-07,19,경기도,구리시,구리어린이천문대,456,구리 2023_07.csv,기타관광,기타관광
구리,2023,7,2023-07,20,경기도,구리시,구리시청소년수련관,390,구리 2023_07.csv,레저스포츠,육상레저스포츠
구리,2023,7,2023-07,21,경기도,구리시,구리농수산물도매시장수산동,375,구리 2023_07.csv,쇼핑,시장
구리,2023,7,2023-07,22,경기도,구리시,구리농수산물공사,372,구리 2023_07.csv,쇼핑,시장
구리,2023,7,2023-07,23,경기도,구리시,구리한강시민공원,342,구리 2023_07.csv,문화관광,도시공원
구리,2023,7,2023-07,24,경기도,구리시,장자호수생태체험관,247,구리 2023_07.csv,기타관광,기타관광
구리,2023,7,2023-07,25,경기도,구리시,더가루구리점,243,구리 2023_07.csv,문화관광,테마공원
구리,2023,7,2023-07,26,경기도,구리시,보원탄산온천,241,구리 2023_07.csv,체험관광,웰니스관광
구리,2023,7,2023-07,27,경기도,구리시,구리승마클럽,233,구리 2023_07.csv,레저스포츠,육상레저스포츠
구리,2023,7,2023-07,28,경기도,구리시,구리한강시민공원야구장,210,구리 2023_07.csv,문화관광,레저스포츠시설
구리,2023,7,2023-07,29,경기도,구리시,스토래지풋살구리아천점,209,구리 2023_07.csv,레저스포츠,기타레저스포츠
구리,2023,7,2023-07,30,경기도,구리시,토평공원물놀이장,196,구리 2023_07.csv,문화관광,테마공원
구리,2023,7,2023-07,31,경기도,구리시,동서울어린이천문대,162,구리 2023_07.csv,기타관광,기타관광
구리,2023,7,2023-07,32,경기도,구리시,힐링FC풋살장,112,구리 2023_07.csv,레저스포츠,기타레저스포츠
구리,2023,7,2023-07,33,경기도,구리시,정각사,110,구리 2023_07.csv,역사관광,종교성지
구리,2023,7,2023-07,34,경기도,구리시,왕숙천둔치공원,107,구리 2023_07.csv,문화관광,도시공원
구리,2023,7,2023-07,35,경기도,구리시,동사골주말농장,103,구리 2023_07.csv,체험관광,농/산/어촌체험
구리,2023,7,2023-07,36,경기도,구리시,크로스핏라곰,100,구리 2023_07.csv,레저스포츠,기타레저스포츠
구리,2023,7,2023-07,36,경기도,구리시,퐁퐁플라워구리센터,100,구리 2023_07.csv,문화관광,테마공원
구리,2023,7,2023-07,38,경기도,구리시,구리한강시민공원어린이튜브물놀이장,92,구리 2023_07.csv,문화관광,테마공원
구리,2023,7,2023-07,39,경기도,구리시,대한불교천태종금성사,89,구리 2023_07.csv,역사관광,종교성지
구리,2023,7,2023-07,40,경기도,구리시,스트라이크존구리돌다리구장,88,구리 2023_07.csv,레저스포츠,기타레저스포츠
구리,2023,7,2023-07,41,경기도,구리시,구리타워,79,구리 2023_07.csv,문화관광,랜드마크관광
구리,2023,7,2023-07,42,경기도,구리시,박스타아카데미,69,구리 2023_07.csv,레저스포츠,기타레저스포츠
구리,2023,7,2023-07,43,경기도,구리시,포레스트앤두아카데미,66,구리 2023_07.csv,레저스포츠,기타레저스포츠
구리,2023,7,2023-07,44,경기도,구리시,중앙하이츠티움,59,구리 2023_07.csv,쇼핑,쇼핑몰
구리,2023,7,2023-07,44,경기도,구리시,구리유통종합시장축산가공식품동,59,구리 2023_07.csv,쇼핑,시장
구리,2023,7,2023-07,46,경기도,구리시,김병지축구클럽구리롯데아울렛점,57,구리 2023_07.csv,레저스포츠,기타레저스포츠
구리,2023,7,2023-07,47,경기도,구리시,킹콩점프갈매신도시점,53,구리 2023_07.csv,문화관광,테마공원
구리,2023,7,2023-07,48,경기도,구리시,피쉬스쿨실내낚시카페,52,구리 2023_07.csv,레저스포츠,수상레저스포츠
구리,2023,7,2023-07,49,경기도,구리시,구리시립리틀야구장,51,구리 2023_07.csv,문화관광,레저스포츠시설
구리,2023,7,2023-07,50,경기도,구리시,영테니스아카데미,48,구리 2023_07.csv,레저스포츠,기타레저스포츠
구리,2023,7,2023-07,50,경기도,구리시,구리시립체육공원,48,구리 2023_07.csv,문화관광,도시공원
구리,2023,7,2023-07,52,경기도,구리시,제이엠코리아풋볼파크,42,구리 2023_07.csv,레저스포츠,기타레저스포츠
구리,2023,7,2023-07,52,경기도,구리시,아름마을어린이공원물놀이장,42,구리 2023_07.csv,문화관광,테마공원
구리,2023,7,2023-07,54,경기도,구리시,장자호수생태공원,41,구리 2023_07.csv,문화관광,도시공원
구리,2023,7,2023-07,55,경기도,구리시,필탁구장,40,구리 2023_07.csv,레저스포츠,기타레저스포츠
구리,2023,7,2023-07,56,경기도,구리시,공덕사,38,구리 2023_07.csv,역사관광,종교성지
구리,2023,7,2023-07,57,경기도,구리시,구리체육관근린공원,27,구리 2023_07.csv,문화관광,도시공원
구리,2023,7,2023-07,58,경기도,구리시,모모주말농장,25,구리 2023_07.csv,체험관광,농/산/어촌체험
구리,2023,7,2023-07,59,경기도,구리시,삼봉사,23,구리 2023_07.csv,역사관광,종교성지
구리,2023,7,2023-07,60,경기도,구리시,이문안호수공원,22,구리 2023_07.csv,문화관광,도시공원
구리,2023,7,2023-07,61,경기도,구리시,토평공원,20,구리 2023_07.csv,문화관광,도시공원
구리,2023,7,2023-07,62,경기도,구리시,왕숙천둔치물놀이장,18,구리 2023_07.csv,문화관광,테마공원
구리,2023,7,2023-07,63,경기도,구리시,명빈묘,16,구리 2023_07.csv,역사관광,역사유적지
구리,2023,7,2023-07,63,경기도,구리시,구리왕숙체육공원축구장,16,구리 2023_07.csv,문화관광,레저스포츠시설
구리,2023,7,2023-07,65,경기도,구리시,온달정,13,구리 2023_07.csv,레저스포츠,육상레저스포츠
구리,2023,7,2023-07,65,경기도,구리시,동구하늘공원물놀이장,13,구리 2023_07.csv,문화관광,테마공원
구리,2023,7,2023-07,67,경기도,구리시,지엘스포츠클럽전용풋살구장,11,구리 2023_07.csv,레저스포츠,기타레저스포츠
구리,2023,7,2023-07,68,경기도,구리시,나만갑선생신도비,9,구리 2023_07.csv,역사관광,역사유적지
구리,2023,7,2023-07,68,경기도,구리시,구리시체육회풋살C구장,9,구리 2023_07.csv,문화관광,레저스포츠시설
구리,2023,7,2023-07,68,경기도,구리시,파이팅스테이션,9,구리 2023_07.csv,레저스포츠,기타레저스포츠
구리,2023,7,2023-07,68,경기도,구리시,마운틴스타클라이밍,9,구리 2023_07.csv,레저스포츠,기타레저스포츠
구리,2023,7,2023-07,68,경기도,구리시,휘트니스플레이스구리인창점,9,구리 2023_07.csv,레저스포츠,기타레저스포츠
구리,2023,7,2023-07,73,경기도,구리시,마골공원,8,구리 2023_07.csv,문화관광,도시공원
구리,2023,7,2023-07,73,경기도,구리시,갈매중앙공원,8,구리 2023_07.csv,문화관광,도시공원
구리,2023,7,2023-07,75,경기도,구리시,G&T선수트레이닝센터,6,구리 2023_07.csv,레저스포츠,기타레저스포츠
구리,2023,7,2023-07,75,경기도,구리시,인창중앙공원,6,구리 2023_07.csv,문화관광,도시공원
구리,2023,7,2023-07,75,경기도,구리시,보현사,6,구리 2023_07.csv,역사관광,종교성지
구리,2023,7,2023-07,75,경기도,구리시,구리시 현충탑,6,구리 2023_07.csv,역사관광,역사유물
구리,2023,7,2023-07,79,경기도,구리시,돌다리공원,4,구리 2023_07.csv,문화관광,도시공원
구리,2023,7,2023-07,80,경기도,구리시,도도롤러스케이트장,3,구리 2023_07.csv,레저스포츠,육상레저스포츠
구리,2023,7,2023-07,80,경기도,구리시,낚짜,3,구리 2023_07.csv,레저스포츠,수상레저스포츠
구리,2023,7,2023-07,80,경기도,구리시,갈매지구꽃화훼단지,3,구리 2023_07.csv,체험관광,농/산/어촌체험
구리,2023,7,2023-07,80,경기도,구리시,구리LG구장,3,구리 2023_07.csv,레저스포츠,기타레저스포츠
구리,2023,7,2023-07,80,경기도,구리시,환상의섬,3,구리 2023_07.csv,쇼핑,시장
구리,2023,7,2023-07,80,경기도,구리시,전남수산,3,구리 2023_07.csv,쇼핑,시장
구리,2023,7,2023-07,80,경기도,구리시,계순탁구,3,구리 2023_07.csv,레저스포츠,기타레저스포츠
구리,2023,7,2023-07,80,경기도,구리시,마음수련구리센터,3,구리 2023_07.csv,레저스포츠,기타레저스포츠
구리,2023,7,2023-07,80,경기도,구리시,중앙수산,3,구리 2023_07.csv,쇼핑,시장
구리,2023,7,2023-07,80,경기도,구리시,자비정사,3,구리 2023_07.csv,역사관광,종교성지
구리,2023,7,2023-07,80,경기도,구리시,동구하늘공원,3,구리 2023_07.csv,문화관광,도시공원
구리,2023,7,2023-07,80,경기도,구리시,원촌공원,3,구리 2023_07.csv,문화관광,도시공원
구리,2023,7,2023-07,80,경기도,구리시,구리음악창작소,3,구리 2023_07.csv,문화관광,기타문화관광지
구리,2023,7,2023-07,80,경기도,구리시,오예스몰,3,구리 2023_07.csv,쇼핑,쇼핑몰
구리,2023,7,2023-07,80,경기도,구리시,김탁구클럽,3,구리 2023_07.csv,레저스포츠,기타레저스포츠
구리,2023,8,2023-08,1,경기도,구리시,구리농수산물도매시장,24544,구리 2023_08.csv,쇼핑,시장
구리,2023,8,2023-08,2,경기도,구리시,롯데백화점구리점,13388,구리 2023_08.csv,쇼핑,백화점
구리,2023,8,2023-08,3,경기도,구리시,구리전통시장,5704,구리 2023_08.csv,쇼핑,시장
구리,2023,8,2023-08,4,경기도,구리시,모다아울렛구리남양주점,3889,구리 2023_08.csv,쇼핑,쇼핑몰
구리,2023,8,2023-08,5,경기도,구리시,롯데아울렛구리점,3226,구리 2023_08.csv,쇼핑,쇼핑몰
구리,2023,8,2023-08,6,경기도,구리시,동구릉,2386,구리 2023_08.csv,역사관광,역사유적지
구리,2023,8,2023-08,7,경기도,구리시,롯데시네마구리아울렛,2111,구리 2023_08.csv,문화관광,공연시설
구리,2023,8,2023-08,8,경기도,구리시,CGV구리갈매,2065,구리 2023_08.csv,문화관광,공연시설
구리,2023,8,2023-08,9,경기도,구리시,구리한강시민공원,1861,구리 2023_08.csv,문화관광,도시공원
구리,2023,8,2023-08,10,경기도,구리시,구리농수산물도매시장수산2동,1579,구리 2023_08.csv,쇼핑,시장
구리,2023,8,2023-08,11,경기도,구리시,구리왕숙체육공원,1422,구리 2023_08.csv,문화관광,도시공원
구리,2023,8,2023-08,12,경기도,구리시,고구려대장간마을,883,구리 2023_08.csv,문화관광,기타문화관광지
구리,2023,8,2023-08,13,경기도,구리시,구리타워,748,구리 2023_08.csv,문화관광,랜드마크관광
구리,2023,8,2023-08,14,경기도,구리시,구리청과물도매시장,739,구리 2023_08.csv,쇼핑,시장
구리,2023,8,2023-08,15,경기도,구리시,CGV구리,691,구리 2023_08.csv,문화관광,공연시설
구리,2023,8,2023-08,16,경기도,구리시,렛츠런CCC구리지점,503,구리 2023_08.csv,레저스포츠,육상레저스포츠
구리,2023,8,2023-08,17,경기도,구리시,구리시체육회축구장,473,구리 2023_08.csv,문화관광,레저스포츠시설
구리,2023,8,2023-08,18,경기도,구리시,구리농수산물도매시장수산동,453,구리 2023_08.csv,쇼핑,시장
구리,2023,8,2023-08,19,경기도,구리시,GS챔피언스파크,440,구리 2023_08.csv,레저스포츠,기타레저스포츠
구리,2023,8,2023-08,20,경기도,구리시,구리어린이천문대,438,구리 2023_08.csv,기타관광,기타관광
구리,2023,8,2023-08,21,경기도,구리시,와니엘배팅센터서울구리점,402,구리 2023_08.csv,레저스포츠,기타레저스포츠
구리,2023,8,2023-08,22,경기도,구리시,구리농수산물공사,387,구리 2023_08.csv,쇼핑,시장
구리,2023,8,2023-08,23,경기도,구리시,보원탄산온천,336,구리 2023_08.csv,체험관광,웰니스관광
구리,2023,8,2023-08,24,경기도,구리시,구리시청소년수련관,313,구리 2023_08.csv,레저스포츠,육상레저스포츠
구리,2023,8,2023-08,25,경기도,구리시,구리시곤충생태관,307,구리 2023_08.csv,문화관광,전시시설
구리,2023,8,2023-08,26,경기도,구리시,장자호수생태공원,261,구리 2023_08.csv,문화관광,도시공원
구리,2023,8,2023-08,27,경기도,구리시,더가루구리점,259,구리 2023_08.csv,문화관광,테마공원
구리,2023,8,2023-08,28,경기도,구리시,장자호수생태체험관,224,구리 2023_08.csv,기타관광,기타관광
구리,2023,8,2023-08,29,경기도,구리시,구리한강시민공원야구장,202,구리 2023_08.csv,문화관광,레저스포츠시설
구리,2023,8,2023-08,30,경기도,구리시,동서울어린이천문대,185,구리 2023_08.csv,기타관광,기타관광
구리,2023,8,2023-08,31,경기도,구리시,스토래지풋살구리아천점,170,구리 2023_08.csv,레저스포츠,기타레저스포츠
구리,2023,8,2023-08,32,경기도,구리시,구리승마클럽,162,구리 2023_08.csv,레저스포츠,육상레저스포츠
구리,2023,8,2023-08,33,경기도,구리시,토평공원물놀이장,152,구리 2023_08.csv,문화관광,테마공원
구리,2023,8,2023-08,34,경기도,구리시,구리한강시민공원어린이튜브물놀이장,104,구리 2023_08.csv,문화관광,테마공원
구리,2023,8,2023-08,35,경기도,구리시,구리왕숙체육공원축구장,102,구리 2023_08.csv,문화관광,레저스포츠시설
구리,2023,8,2023-08,36,경기도,구리시,동사골주말농장,101,구리 2023_08.csv,체험관광,농/산/어촌체험
구리,2023,8,2023-08,37,경기도,구리시,크로스핏라곰,97,구리 2023_08.csv,레저스포츠,기타레저스포츠
구리,2023,8,2023-08,38,경기도,구리시,왕숙천둔치공원,96,구리 2023_08.csv,문화관광,도시공원
구리,2023,8,2023-08,39,경기도,구리시,힐링FC풋살장,95,구리 2023_08.csv,레저스포츠,기타레저스포츠
구리,2023,8,2023-08,40,경기도,구리시,정각사,88,구리 2023_08.csv,역사관광,종교성지
구리,2023,8,2023-08,41,경기도,구리시,퐁퐁플라워구리센터,82,구리 2023_08.csv,문화관광,테마공원
구리,2023,8,2023-08,42,경기도,구리시,포레스트앤두아카데미,79,구리 2023_08.csv,레저스포츠,기타레저스포츠
구리,2023,8,2023-08,43,경기도,구리시,구리시립리틀야구장,74,구리 2023_08.csv,문화관광,레저스포츠시설
구리,2023,8,2023-08,44,경기도,구리시,대한불교천태종금성사,69,구리 2023_08.csv,역사관광,종교성지
구리,2023,8,2023-08,45,경기도,구리시,피쉬스쿨실내낚시카페,55,구리 2023_08.csv,레저스포츠,수상레저스포츠
구리,2023,8,2023-08,46,경기도,구리시,박스타아카데미,50,구리 2023_08.csv,레저스포츠,기타레저스포츠
구리,2023,8,2023-08,47,경기도,구리시,삼봉사,49,구리 2023_08.csv,역사관광,종교성지
구리,2023,8,2023-08,47,경기도,구리시,스트라이크존구리돌다리구장,49,구리 2023_08.csv,레저스포츠,기타레저스포츠
구리,2023,8,2023-08,49,경기도,구리시,킹콩점프갈매신도시점,47,구리 2023_08.csv,문화관광,테마공원
구리,2023,8,2023-08,50,경기도,구리시,영테니스아카데미,46,구리 2023_08.csv,레저스포츠,기타레저스포츠
구리,2023,8,2023-08,50,경기도,구리시,김병지축구클럽구리롯데아울렛점,46,구리 2023_08.csv,레저스포츠,기타레저스포츠
구리,2023,8,2023-08,52,경기도,구리시,제이엠코리아풋볼파크,43,구리 2023_08.csv,레저스포츠,기타레저스포츠
구리,2023,8,2023-08,52,경기도,구리시,구리유통종합시장축산가공식품동,43,구리 2023_08.csv,쇼핑,시장
구리,2023,8,2023-08,54,경기도,구리시,파이팅스테이션,38,구리 2023_08.csv,레저스포츠,기타레저스포츠
구리,2023,8,2023-08,54,경기도,구리시,중앙하이츠티움,38,구리 2023_08.csv,쇼핑,쇼핑몰
구리,2023,8,2023-08,56,경기도,구리시,공덕사,34,구리 2023_08.csv,역사관광,종교성지
구리,2023,8,2023-08,57,경기도,구리시,구리시립체육공원,32,구리 2023_08.csv,문화관광,도시공원
구리,2023,8,2023-08,58,경기도,구리시,갈매중앙공원,31,구리 2023_08.csv,문화관광,도시공원
구리,2023,8,2023-08,59,경기도,구리시,필탁구장,26,구리 2023_08.csv,레저스포츠,기타레저스포츠
구리,2023,8,2023-08,60,경기도,구리시,토평공원,24,구리 2023_08.csv,문화관광,도시공원
구리,2023,8,2023-08,60,경기도,구리시,왕숙천둔치물놀이장,24,구리 2023_08.csv,문화관광,테마공원
구리,2023,8,2023-08,62,경기도,구리시,보현사,23,구리 2023_08.csv,역사관광,종교성지
구리,2023,8,2023-08,63,경기도,구리시,G&T선수트레이닝센터,17,구리 2023_08.csv,레저스포츠,기타레저스포츠
구리,2023,8,2023-08,64,경기도,구리시,갈매구릉산자락길,16,구리 2023_08.csv,문화관광,도시공원
구리,2023,8,2023-08,64,경기도,구리시,온달정,16,구리 2023_08.csv,레저스포츠,육상레저스포츠
구리,2023,8,2023-08,66,경기도,구리시,아름마을어린이공원물놀이장,13,구리 2023_08.csv,문화관광,테마공원
구리,2023,8,2023-08,66,경기도,구리시,이문안호수공원,13,구리 2023_08.csv,문화관광,도시공원
구리,2023,8,2023-08,68,경기도,구리시,구리체육관근린공원,11,구리 2023_08.csv,문화관광,도시공원
구리,2023,8,2023-08,68,경기도,구리시,돌다리공원,11,구리 2023_08.csv,문화관광,도시공원
구리,2023,8,2023-08,68,경기도,구리시,지엘스포츠클럽전용풋살구장,11,구리 2023_08.csv,레저스포츠,기타레저스포츠
구리,2023,8,2023-08,71,경기도,구리시,구리역공원공사중(2023년12월완공예정),10,구리 2023_08.csv,문화관광,도시공원
구리,2023,8,2023-08,71,경기도,구리시,모모주말농장,10,구리 2023_08.csv,체험관광,농/산/어촌체험
구리,2023,8,2023-08,71,경기도,구리시,낚짜,10,구리 2023_08.csv,레저스포츠,수상레저스포츠
구리,2023,8,2023-08,74,경기도,구리시,스포렉스실내야구장,8,구리 2023_08.csv,문화관광,레저스포츠시설
구리,2023,8,2023-08,75,경기도,구리시,검배근린공원,7,구리 2023_08.csv,문화관광,도시공원
구리,2023,8,2023-08,75,경기도,구리시,동구하늘공원물놀이장,7,구리 2023_08.csv,문화관광,테마공원
구리,2023,8,2023-08,75,경기도,구리시,나만갑선생신도비,7,구리 2023_08.csv,역사관광,역사유적지
구리,2023,8,2023-08,78,경기도,구리시,구리둘레길1코스,6,구리 2023_08.csv,레저스포츠,기타레저스포츠
구리,2023,8,2023-08,78,경기도,구리시,휘트니스플레이스구리인창점,6,구리 2023_08.csv,레저스포츠,기타레저스포츠
구리,2023,8,2023-08,78,경기도,구리시,구리시 현충탑,6,구리 2023_08.csv,역사관광,역사유물
구리,2023,8,2023-08,78,경기도,구리시,건원릉,6,구리 2023_08.csv,역사관광,역사유적지
구리,2023,8,2023-08,78,경기도,구리시,인창중앙공원,6,구리 2023_08.csv,문화관광,도시공원
구리,2023,8,2023-08,78,경기도,구리시,전남수산,6,구리 2023_08.csv,쇼핑,시장
구리,2023,8,2023-08,84,경기도,구리시,명빈묘,5,구리 2023_08.csv,역사관광,역사유적지
구리,2023,8,2023-08,85,경기도,구리시,부양공원,4,구리 2023_08.csv,문화관광,도시공원
구리,2023,8,2023-08,85,경기도,구리시,아천빗물펌프장생태습지,4,구리 2023_08.csv,문화관광,도시공원
구리,2023,8,2023-08,85,경기도,구리시,주공2단지1공원,4,구리 2023_08.csv,문화관광,도시공원
구리,2023,8,2023-08,85,경기도,구리시,원일공원,4,구리 2023_08.csv,문화관광,도시공원
구리,2023,8,2023-08,85,경기도,구리시,구리시체육회풋살C구장,4,구리 2023_08.csv,문화관광,레저스포츠시설
구리,2023,8,2023-08,85,경기도,구리시,김탁구클럽,4,구리 2023_08.csv,레저스포츠,기타레저스포츠
구리,2023,8,2023-08,91,경기도,구리시,마운틴스타클라이밍,3,구리 2023_08.csv,레저스포츠,기타레저스포츠
구리,2023,8,2023-08,91,경기도,구리시,산마루공원,3,구리 2023_08.csv,문화관광,도시공원
구리,2023,8,2023-08,91,경기도,구리시,구리음악창작소,3,구리 2023_08.csv,문화관광,기타문화관광지
구리,2023,8,2023-08,91,경기도,구리시,옥밭굴공원,3,구리 2023_08.csv,문화관광,도시공원
구리,2023,8,2023-08,91,경기도,구리시,개맥이공원,3,구리 2023_08.csv,문화관광,도시공원
구리,2023,8,2023-08,91,경기도,구리시,팡팡존,3,구리 2023_08.csv,문화관광,테마공원
구리,2023,8,2023-08,91,경기도,구리시,계순탁구,3,구리 2023_08.csv,레저스포츠,기타레저스포츠
구리,2023,8,2023-08,91,경기도,구리시,한강둔치꽃단지,3,구리 2023_08.csv,문화관광,도시공원
구리,2023,9,2023-09,1,경기도,구리시,구리농수산물도매시장,32074,구리 2023_09.csv,쇼핑,시장
구리,2023,9,2023-09,2,경기도,구리시,롯데백화점구리점,13548,구리 2023_09.csv,쇼핑,백화점
구리,2023,9,2023-09,3,경기도,구리시,구리한강시민공원,8223,구리 2023_09.csv,문화관광,도시공원
구리,2023,9,2023-09,4,경기도,구리시,구리전통시장,6237,구리 2023_09.csv,쇼핑,시장
구리,2023,9,2023-09,5,경기도,구리시,모다아울렛구리남양주점,4642,구리 2023_09.csv,쇼핑,쇼핑몰
구리,2023,9,2023-09,6,경기도,구리시,동구릉,3044,구리 2023_09.csv,역사관광,역사유적지
구리,2023,9,2023-09,7,경기도,구리시,롯데아울렛구리점,2891,구리 2023_09.csv,쇼핑,쇼핑몰
구리,2023,9,2023-09,8,경기도,구리시,구리농수산물도매시장수산2동,2628,구리 2023_09.csv,쇼핑,시장
구리,2023,9,2023-09,9,경기도,구리시,구리타워,2234,구리 2023_09.csv,문화관광,랜드마크관광
구리,2023,9,2023-09,10,경기도,구리시,구리왕숙체육공원,1478,구리 2023_09.csv,문화관광,도시공원
구리,2023,9,2023-09,11,경기도,구리시,CGV구리갈매,1363,구리 2023_09.csv,문화관광,공연시설
구리,2023,9,2023-09,12,경기도,구리시,롯데시네마구리아울렛,1141,구리 2023_09.csv,문화관광,공연시설
구리,2023,9,2023-09,13,경기도,구리시,장자호수생태공원,1001,구리 2023_09.csv,문화관광,도시공원
구리,2023,9,2023-09,14,경기도,구리시,고구려대장간마을,961,구리 2023_09.csv,문화관광,기타문화관광지
구리,2023,9,2023-09,15,경기도,구리시,구리청과물도매시장,920,구리 2023_09.csv,쇼핑,시장
구리,2023,9,2023-09,16,경기도,구리시,구리시곤충생태관,755,구리 2023_09.csv,문화관광,전시시설
구리,2023,9,2023-09,17,경기도,구리시,구리농수산물도매시장수산동,716,구리 2023_09.csv,쇼핑,시장
구리,2023,9,2023-09,18,경기도,구리시,구리시체육회축구장,565,구리 2023_09.csv,문화관광,레저스포츠시설
구리,2023,9,2023-09,19,경기도,구리시,GS챔피언스파크,531,구리 2023_09.csv,레저스포츠,기타레저스포츠
구리,2023,9,2023-09,20,경기도,구리시,렛츠런CCC구리지점,485,구리 2023_09.csv,레저스포츠,육상레저스포츠
구리,2023,9,2023-09,21,경기도,구리시,구리농수산물공사,436,구리 2023_09.csv,쇼핑,시장
구리,2023,9,2023-09,22,경기도,구리시,구리어린이천문대,430,구리 2023_09.csv,기타관광,기타관광
구리,2023,9,2023-09,23,경기도,구리시,구리시청소년수련관,403,구리 2023_09.csv,레저스포츠,육상레저스포츠
구리,2023,9,2023-09,24,경기도,구리시,CGV구리,374,구리 2023_09.csv,문화관광,공연시설
구리,2023,9,2023-09,25,경기도,구리시,장자호수생태체험관,362,구리 2023_09.csv,기타관광,기타관광
구리,2023,9,2023-09,26,경기도,구리시,와니엘배팅센터서울구리점,339,구리 2023_09.csv,레저스포츠,기타레저스포츠
구리,2023,9,2023-09,27,경기도,구리시,구리왕숙체육공원축구장,311,구리 2023_09.csv,문화관광,레저스포츠시설
구리,2023,9,2023-09,28,경기도,구리시,보원탄산온천,297,구리 2023_09.csv,체험관광,웰니스관광
구리,2023,9,2023-09,29,경기도,구리시,구리한강시민공원야구장,286,구리 2023_09.csv,문화관광,레저스포츠시설
구리,2023,9,2023-09,30,경기도,구리시,구리승마클럽,171,구리 2023_09.csv,레저스포츠,육상레저스포츠
구리,2023,9,2023-09,31,경기도,구리시,구리코스모스한강예술제,145,구리 2023_09.csv,문화관광,기타문화관광지
구리,2023,9,2023-09,32,경기도,구리시,동서울어린이천문대,137,구리 2023_09.csv,기타관광,기타관광
구리,2023,9,2023-09,33,경기도,구리시,더가루구리점,136,구리 2023_09.csv,문화관광,테마공원
구리,2023,9,2023-09,34,경기도,구리시,동사골주말농장,123,구리 2023_09.csv,체험관광,농/산/어촌체험
구리,2023,9,2023-09,35,경기도,구리시,힐링FC풋살장,122,구리 2023_09.csv,레저스포츠,기타레저스포츠
구리,2023,9,2023-09,36,경기도,구리시,크로스핏라곰,89,구리 2023_09.csv,레저스포츠,기타레저스포츠
구리,2023,9,2023-09,37,경기도,구리시,스토래지풋살구리아천점,84,구리 2023_09.csv,레저스포츠,기타레저스포츠
구리,2023,9,2023-09,38,경기도,구리시,정각사,79,구리 2023_09.csv,역사관광,종교성지
구리,2023,9,2023-09,39,경기도,구리시,왕숙천둔치공원,66,구리 2023_09.csv,문화관광,도시공원
구리,2023,9,2023-09,40,경기도,구리시,구리유통종합시장축산가공식품동,63,구리 2023_09.csv,쇼핑,시장
구리,2023,9,2023-09,41,경기도,구리시,구리시립체육공원,60,구리 2023_09.csv,문화관광,도시공원
구리,2023,9,2023-09,42,경기도,구리시,피쉬스쿨실내낚시카페,57,구리 2023_09.csv,레저스포츠,수상레저스포츠
구리,2023,9,2023-09,43,경기도,구리시,돌다리공원,56,구리 2023_09.csv,문화관광,도시공원
구리,2023,9,2023-09,43,경기도,구리시,갈매중앙공원,56,구리 2023_09.csv,문화관광,도시공원
구리,2023,9,2023-09,45,경기도,구리시,구리시립리틀야구장,53,구리 2023_09.csv,문화관광,레저스포츠시설
구리,2023,9,2023-09,45,경기도,구리시,인창중앙공원,53,구리 2023_09.csv,문화관광,도시공원
구리,2023,9,2023-09,47,경기도,구리시,갈매구릉산자락길,51,구리 2023_09.csv,문화관광,도시공원
구리,2023,9,2023-09,47,경기도,구리시,포레스트앤두아카데미,51,구리 2023_09.csv,레저스포츠,기타레저스포츠
구리,2023,9,2023-09,47,경기도,구리시,대한불교천태종금성사,51,구리 2023_09.csv,역사관광,종교성지
구리,2023,9,2023-09,47,경기도,구리시,김병지축구클럽구리롯데아울렛점,51,구리 2023_09.csv,레저스포츠,기타레저스포츠
구리,2023,9,2023-09,51,경기도,구리시,영테니스아카데미,48,구리 2023_09.csv,레저스포츠,기타레저스포츠
구리,2023,9,2023-09,52,경기도,구리시,중앙하이츠티움,46,구리 2023_09.csv,쇼핑,쇼핑몰
구리,2023,9,2023-09,53,경기도,구리시,박스타아카데미,41,구리 2023_09.csv,레저스포츠,기타레저스포츠
구리,2023,9,2023-09,54,경기도,구리시,이문안호수공원,39,구리 2023_09.csv,문화관광,도시공원
구리,2023,9,2023-09,55,경기도,구리시,한강둔치꽃단지,37,구리 2023_09.csv,문화관광,도시공원
구리,2023,9,2023-09,56,경기도,구리시,킹콩점프갈매신도시점,35,구리 2023_09.csv,문화관광,테마공원
구리,2023,9,2023-09,57,경기도,구리시,제이엠코리아풋볼파크,32,구리 2023_09.csv,레저스포츠,기타레저스포츠
구리,2023,9,2023-09,57,경기도,구리시,구리역공원공사중(2023년12월완공예정),32,구리 2023_09.csv,문화관광,도시공원
구리,2023,9,2023-09,59,경기도,구리시,검배근린공원,31,구리 2023_09.csv,문화관광,도시공원
구리,2023,9,2023-09,59,경기도,구리시,공덕사,31,구리 2023_09.csv,역사관광,종교성지
구리,2023,9,2023-09,61,경기도,구리시,퐁퐁플라워구리센터,30,구리 2023_09.csv,문화관광,테마공원
구리,2023,9,2023-09,61,경기도,구리시,보현사,30,구리 2023_09.csv,역사관광,종교성지
구리,2023,9,2023-09,63,경기도,구리시,스트라이크존구리돌다리구장,29,구리 2023_09.csv,레저스포츠,기타레저스포츠
구리,2023,9,2023-09,64,경기도,구리시,구리체육관근린공원,24,구리 2023_09.csv,문화관광,도시공원
구리,2023,9,2023-09,64,경기도,구리시,온달정,24,구리 2023_09.csv,레저스포츠,육상레저스포츠
구리,2023,9,2023-09,66,경기도,구리시,구리시안전체험관,23,구리 2023_09.csv,문화관광,전시시설
구리,2023,9,2023-09,67,경기도,구리시,전남수산,22,구리 2023_09.csv,쇼핑,시장
구리,2023,9,2023-09,68,경기도,구리시,노리숲프라이빗키즈파티룸,20,구리 2023_09.csv,문화관광,테마공원
구리,2023,9,2023-09,68,경기도,구리시,토평공원,20,구리 2023_09.csv,문화관광,도시공원
구리,2023,9,2023-09,68,경기도,구리시,G&T선수트레이닝센터,20,구리 2023_09.csv,레저스포츠,기타레저스포츠
구리,2023,9,2023-09,68,경기도,구리시,지엘스포츠클럽전용풋살구장,20,구리 2023_09.csv,레저스포츠,기타레저스포츠
구리,2023,9,2023-09,72,경기도,구리시,모모주말농장,19,구리 2023_09.csv,체험관광,농/산/어촌체험
구리,2023,9,2023-09,73,경기도,구리시,구리둘레길1코스,17,구리 2023_09.csv,레저스포츠,기타레저스포츠
구리,2023,9,2023-09,73,경기도,구리시,구리시체육회풋살C구장,17,구리 2023_09.csv,문화관광,레저스포츠시설
구리,2023,9,2023-09,73,경기도,구리시,구리음악창작소,17,구리 2023_09.csv,문화관광,기타문화관광지
구리,2023,9,2023-09,73,경기도,구리시,삼봉사,17,구리 2023_09.csv,역사관광,종교성지
구리,2023,9,2023-09,77,경기도,구리시,민벌공원,15,구리 2023_09.csv,문화관광,도시공원
구리,2023,9,2023-09,78,경기도,구리시,아천빗물펌프장생태습지,13,구리 2023_09.csv,문화관광,도시공원
구리,2023,9,2023-09,79,경기도,구리시,나만갑선생신도비,12,구리 2023_09.csv,역사관광,역사유적지
구리,2023,9,2023-09,79,경기도,구리시,필탁구장,12,구리 2023_09.csv,레저스포츠,기타레저스포츠
구리,2023,9,2023-09,81,경기도,구리시,주공2단지1공원,10,구리 2023_09.csv,문화관광,도시공원
구리,2023,9,2023-09,82,경기도,구리시,오예스몰,9,구리 2023_09.csv,쇼핑,쇼핑몰
구리,2023,9,2023-09,82,경기도,구리시,계순탁구,9,구리 2023_09.csv,레저스포츠,기타레저스포츠
구리,2023,9,2023-09,84,경기도,구리시,관보수산,8,구리 2023_09.csv,쇼핑,시장
구리,2023,9,2023-09,85,경기도,구리시,휘트니스플레이스구리인창점,7,구리 2023_09.csv,레저스포츠,기타레저스포츠
구리,2023,9,2023-09,85,경기도,구리시,평해수산,7,구리 2023_09.csv,쇼핑,시장
구리,2023,9,2023-09,87,경기도,구리시,마운틴스타클라이밍,6,구리 2023_09.csv,레저스포츠,기타레저스포츠
구리,2023,9,2023-09,87,경기도,구리시,파이팅스테이션,6,구리 2023_09.csv,레저스포츠,기타레저스포츠
구리,2023,9,2023-09,87,경기도,구리시,구리시 현충탑,6,구리 2023_09.csv,역사관광,역사유물
구리,2023,9,2023-09,87,경기도,구리시,마골공원,6,구리 2023_09.csv,문화관광,도시공원
구리,2023,9,2023-09,87,경기도,구리시,건원릉,6,구리 2023_09.csv,역사관광,역사유적지
구리,2023,9,2023-09,87,경기도,구리시,마음수련구리센터,6,구리 2023_09.csv,레저스포츠,기타레저스포츠
구리,2023,9,2023-09,87,경기도,구리시,구리시주니어야구장,6,구리 2023_09.csv,문화관광,레저스포츠시설
구리,2023,9,2023-09,94,경기도,구리시,자비정사,5,구리 2023_09.csv,역사관광,종교성지
구리,2023,9,2023-09,95,경기도,구리시,명빈묘,4,구리 2023_09.csv,역사관광,역사유적지
구리,2023,9,2023-09,95,경기도,구리시,장자탁구클럽,4,구리 2023_09.csv,레저스포츠,기타레저스포츠
구리,2023,9,2023-09,97,경기도,구리시,아천농원,3,구리 2023_09.csv,체험관광,농/산/어촌체험
구리,2023,9,2023-09,97,경기도,구리시,서가산공원,3,구리 2023_09.csv,문화관광,도시공원
구리,2023,9,2023-09,97,경기도,구리시,개맥이공원,3,구리 2023_09.csv,문화관광,도시공원
구리,2023,9,2023-09,97,경기도,구리시,원일공원,3,구리 2023_09.csv,문화관광,도시공원
구리,2023,9,2023-09,97,경기도,구리시,부양공원,3,구리 2023_09.csv,문화관광,도시공원
구리,2023,9,2023-09,97,경기도,구리시,팡팡존,3,구리 2023_09.csv,문화관광,테마공원
구리,2023,9,2023-09,97,경기도,구리시,주공1단지공원,3,구리 2023_09.csv,문화관광,도시공원
구리,2023,9,2023-09,97,경기도,구리시,남강수산,3,구리 2023_09.csv,쇼핑,시장
구리,2023,9,2023-09,97,경기도,구리시,안말어린이공원,3,구리 2023_09.csv,문화관광,도시공원
구리,2023,10,2023-10,1,경기도,구리시,구리농수산물도매시장,29135,구리 2023_10.csv,쇼핑,시장
구리,2023,10,2023-10,2,경기도,구리시,구리한강시민공원,20413,구리 2023_10.csv,문화관광,도시공원
구리,2023,10,2023-10,3,경기도,구리시,롯데백화점구리점,13587,구리 2023_10.csv,쇼핑,백화점
구리,2023,10,2023-10,4,경기도,구리시,구리전통시장,6184,구리 2023_10.csv,쇼핑,시장
구리,2023,10,2023-10,5,경기도,구리시,모다아울렛구리남양주점,5410,구리 2023_10.csv,쇼핑,쇼핑몰
구리,2023,10,2023-10,6,경기도,구리시,동구릉,4252,구리 2023_10.csv,역사관광,역사유적지
구리,2023,10,2023-10,7,경기도,구리시,롯데아울렛구리점,3719,구리 2023_10.csv,쇼핑,쇼핑몰
구리,2023,10,2023-10,8,경기도,구리시,구리농수산물도매시장수산2동,2803,구리 2023_10.csv,쇼핑,시장
구리,2023,10,2023-10,9,경기도,구리시,구리코스모스한강예술제,2424,구리 2023_10.csv,문화관광,기타문화관광지
구리,2023,10,2023-10,10,경기도,구리시,구리타워,2310,구리 2023_10.csv,문화관광,랜드마크관광
구리,2023,10,2023-10,11,경기도,구리시,구리왕숙체육공원,1841,구리 2023_10.csv,문화관광,도시공원
구리,2023,10,2023-10,12,경기도,구리시,CGV구리갈매,1425,구리 2023_10.csv,문화관광,공연시설
구리,2023,10,2023-10,13,경기도,구리시,고구려대장간마을,1238,구리 2023_10.csv,문화관광,기타문화관광지
구리,2023,10,2023-10,14,경기도,구리시,장자호수생태공원,1214,구리 2023_10.csv,문화관광,도시공원
구리,2023,10,2023-10,15,경기도,구리시,롯데시네마구리아울렛,906,구리 2023_10.csv,문화관광,공연시설
구리,2023,10,2023-10,16,경기도,구리시,구리농수산물도매시장수산동,877,구리 2023_10.csv,쇼핑,시장
구리,2023,10,2023-10,17,경기도,구리시,구리시곤충생태관,732,구리 2023_10.csv,문화관광,전시시설
구리,2023,10,2023-10,18,경기도,구리시,구리청과물도매시장,725,구리 2023_10.csv,쇼핑,시장
구리,2023,10,2023-10,19,경기도,구리시,GS챔피언스파크,651,구리 2023_10.csv,레저스포츠,기타레저스포츠
구리,2023,10,2023-10,20,경기도,구리시,구리시체육회축구장,544,구리 2023_10.csv,문화관광,레저스포츠시설
구리,2023,10,2023-10,21,경기도,구리시,렛츠런CCC구리지점,506,구리 2023_10.csv,레저스포츠,육상레저스포츠
구리,2023,10,2023-10,22,경기도,구리시,와니엘배팅센터서울구리점,468,구리 2023_10.csv,레저스포츠,기타레저스포츠
구리,2023,10,2023-10,23,경기도,구리시,구리어린이천문대,443,구리 2023_10.csv,기타관광,기타관광
구리,2023,10,2023-10,24,경기도,구리시,구리농수산물공사,393,구리 2023_10.csv,쇼핑,시장
구리,2023,10,2023-10,25,경기도,구리시,장자호수생태체험관,379,구리 2023_10.csv,기타관광,기타관광
구리,2023,10,2023-10,26,경기도,구리시,CGV구리,345,구리 2023_10.csv,문화관광,공연시설
구리,2023,10,2023-10,27,경기도,구리시,구리왕숙체육공원축구장,337,구리 2023_10.csv,문화관광,레저스포츠시설
구리,2023,10,2023-10,28,경기도,구리시,구리시청소년수련관,308,구리 2023_10.csv,레저스포츠,육상레저스포츠
구리,2023,10,2023-10,29,경기도,구리시,보원탄산온천,286,구리 2023_10.csv,체험관광,웰니스관광
구리,2023,10,2023-10,30,경기도,구리시,구리승마클럽,281,구리 2023_10.csv,레저스포츠,육상레저스포츠
구리,2023,10,2023-10,31,경기도,구리시,구리한강시민공원야구장,189,구리 2023_10.csv,문화관광,레저스포츠시설
구리,2023,10,2023-10,32,경기도,구리시,힐링FC풋살장,163,구리 2023_10.csv,레저스포츠,기타레저스포츠
구리,2023,10,2023-10,33,경기도,구리시,더가루구리점,137,구리 2023_10.csv,문화관광,테마공원
구리,2023,10,2023-10,34,경기도,구리시,갈매중앙공원,119,구리 2023_10.csv,문화관광,도시공원
구리,2023,10,2023-10,35,경기도,구리시,동서울어린이천문대,117,구리 2023_10.csv,기타관광,기타관광
구리,2023,10,2023-10,36,경기도,구리시,동사골주말농장,111,구리 2023_10.csv,체험관광,농/산/어촌체험
구리,2023,10,2023-10,37,경기도,구리시,정각사,104,구리 2023_10.csv,역사관광,종교성지
구리,2023,10,2023-10,38,경기도,구리시,한강둔치꽃단지,95,구리 2023_10.csv,문화관광,도시공원
구리,2023,10,2023-10,39,경기도,구리시,김병지축구클럽구리롯데아울렛점,94,구리 2023_10.csv,레저스포츠,기타레저스포츠
구리,2023,10,2023-10,40,경기도,구리시,크로스핏라곰,68,구리 2023_10.csv,레저스포츠,기타레저스포츠
구리,2023,10,2023-10,40,경기도,구리시,스토래지풋살구리아천점,68,구리 2023_10.csv,레저스포츠,기타레저스포츠
구리,2023,10,2023-10,42,경기도,구리시,대한불교천태종금성사,67,구리 2023_10.csv,역사관광,종교성지
구리,2023,10,2023-10,43,경기도,구리시,왕숙천둔치공원,63,구리 2023_10.csv,문화관광,도시공원
구리,2023,10,2023-10,44,경기도,구리시,인창중앙공원,61,구리 2023_10.csv,문화관광,도시공원
구리,2023,10,2023-10,45,경기도,구리시,중앙하이츠티움,58,구리 2023_10.csv,쇼핑,쇼핑몰
구리,2023,10,2023-10,46,경기도,구리시,구리시립리틀야구장,56,구리 2023_10.csv,문화관광,레저스포츠시설
구리,2023,10,2023-10,47,경기도,구리시,갈매구릉산자락길,55,구리 2023_10.csv,문화관광,도시공원
구리,2023,10,2023-10,48,경기도,구리시,돌다리공원,53,구리 2023_10.csv,문화관광,도시공원
구리,2023,10,2023-10,48,경기도,구리시,구리역공원공사중(2023년12월완공예정),53,구리 2023_10.csv,문화관광,도시공원
구리,2023,10,2023-10,50,경기도,구리시,영테니스아카데미,49,구리 2023_10.csv,레저스포츠,기타레저스포츠
구리,2023,10,2023-10,50,경기도,구리시,구리시립체육공원,49,구리 2023_10.csv,문화관광,도시공원
구리,2023,10,2023-10,52,경기도,구리시,박스타아카데미,47,구리 2023_10.csv,레저스포츠,기타레저스포츠
구리,2023,10,2023-10,52,경기도,구리시,노리숲프라이빗키즈파티룸,47,구리 2023_10.csv,문화관광,테마공원
구리,2023,10,2023-10,54,경기도,구리시,퐁퐁플라워구리센터,45,구리 2023_10.csv,문화관광,테마공원
구리,2023,10,2023-10,55,경기도,구리시,포레스트앤두아카데미,39,구리 2023_10.csv,레저스포츠,기타레저스포츠
구리,2023,10,2023-10,55,경기도,구리시,피쉬스쿨실내낚시카페,39,구리 2023_10.csv,레저스포츠,수상레저스포츠
구리,2023,10,2023-10,57,경기도,구리시,토평공원,36,구리 2023_10.csv,문화관광,도시공원
구리,2023,10,2023-10,58,경기도,구리시,제이엠코리아풋볼파크,30,구리 2023_10.csv,레저스포츠,기타레저스포츠
구리,2023,10,2023-10,58,경기도,구리시,구리유통종합시장축산가공식품동,30,구리 2023_10.csv,쇼핑,시장
구리,2023,10,2023-10,58,경기도,구리시,이문안호수공원,30,구리 2023_10.csv,문화관광,도시공원
구리,2023,10,2023-10,61,경기도,구리시,킹콩점프갈매신도시점,29,구리 2023_10.csv,문화관광,테마공원
구리,2023,10,2023-10,62,경기도,구리시,삼봉사,28,구리 2023_10.csv,역사관광,종교성지
구리,2023,10,2023-10,63,경기도,구리시,서가산공원,26,구리 2023_10.csv,문화관광,도시공원
구리,2023,10,2023-10,64,경기도,구리시,구리둘레길1코스,25,구리 2023_10.csv,레저스포츠,기타레저스포츠
구리,2023,10,2023-10,64,경기도,구리시,온달정,25,구리 2023_10.csv,레저스포츠,육상레저스포츠
구리,2023,10,2023-10,64,경기도,구리시,스트라이크존구리돌다리구장,25,구리 2023_10.csv,레저스포츠,기타레저스포츠
구리,2023,10,2023-10,67,경기도,구리시,부양공원,24,구리 2023_10.csv,문화관광,도시공원
구리,2023,10,2023-10,68,경기도,구리시,구리시체육회풋살C구장,21,구리 2023_10.csv,문화관광,레저스포츠시설
구리,2023,10,2023-10,68,경기도,구리시,필탁구장,21,구리 2023_10.csv,레저스포츠,기타레저스포츠
구리,2023,10,2023-10,70,경기도,구리시,구리시안전체험관,20,구리 2023_10.csv,문화관광,전시시설
구리,2023,10,2023-10,70,경기도,구리시,구리음악창작소,20,구리 2023_10.csv,문화관광,기타문화관광지
구리,2023,10,2023-10,70,경기도,구리시,전남수산,20,구리 2023_10.csv,쇼핑,시장
구리,2023,10,2023-10,73,경기도,구리시,공덕사,18,구리 2023_10.csv,역사관광,종교성지
구리,2023,10,2023-10,74,경기도,구리시,보현사,17,구리 2023_10.csv,역사관광,종교성지
구리,2023,10,2023-10,75,경기도,구리시,구리체육관근린공원,16,구리 2023_10.csv,문화관광,도시공원
구리,2023,10,2023-10,75,경기도,구리시,검배근린공원,16,구리 2023_10.csv,문화관광,도시공원
구리,2023,10,2023-10,75,경기도,구리시,아천빗물펌프장생태습지,16,구리 2023_10.csv,문화관광,도시공원
구리,2023,10,2023-10,75,경기도,구리시,지엘스포츠클럽전용풋살구장,16,구리 2023_10.csv,레저스포츠,기타레저스포츠
구리,2023,10,2023-10,79,경기도,구리시,구리한강시민공원어린이튜브물놀이장,14,구리 2023_10.csv,문화관광,테마공원
구리,2023,10,2023-10,80,경기도,구리시,명빈묘,12,구리 2023_10.csv,역사관광,역사유적지
구리,2023,10,2023-10,81,경기도,구리시,구리한강시민공원경비행장,11,구리 2023_10.csv,레저스포츠,기타레저스포츠
구리,2023,10,2023-10,82,경기도,구리시,휘트니스플레이스구리인창점,10,구리 2023_10.csv,레저스포츠,기타레저스포츠
구리,2023,10,2023-10,82,경기도,구리시,건원릉,10,구리 2023_10.csv,역사관광,역사유적지
구리,2023,10,2023-10,82,경기도,구리시,주공2단지1공원,10,구리 2023_10.csv,문화관광,도시공원
구리,2023,10,2023-10,85,경기도,구리시,G&T선수트레이닝센터,8,구리 2023_10.csv,레저스포츠,기타레저스포츠
구리,2023,10,2023-10,86,경기도,구리시,나만갑선생신도비,7,구리 2023_10.csv,역사관광,역사유적지
구리,2023,10,2023-10,86,경기도,구리시,낚짜,7,구리 2023_10.csv,레저스포츠,수상레저스포츠
구리,2023,10,2023-10,88,경기도,구리시,개맥이공원,6,구리 2023_10.csv,문화관광,도시공원
구리,2023,10,2023-10,88,경기도,구리시,모모주말농장,6,구리 2023_10.csv,체험관광,농/산/어촌체험
구리,2023,10,2023-10,88,경기도,구리시,관보수산,6,구리 2023_10.csv,쇼핑,시장
구리,2023,10,2023-10,88,경기도,구리시,장자탁구클럽,6,구리 2023_10.csv,레저스포츠,기타레저스포츠
구리,2023,10,2023-10,88,경기도,구리시,구리LG구장,6,구리 2023_10.csv,레저스포츠,기타레저스포츠
구리,2023,10,2023-10,93,경기도,구리시,원일공원,4,구리 2023_10.csv,문화관광,도시공원
구리,2023,10,2023-10,93,경기도,구리시,계순탁구,4,구리 2023_10.csv,레저스포츠,기타레저스포츠
구리,2023,10,2023-10,93,경기도,구리시,고구려박물관,4,구리 2023_10.csv,문화관광,전시시설
구리,2023,10,2023-10,96,경기도,구리시,마운틴스타클라이밍,3,구리 2023_10.csv,레저스포츠,기타레저스포츠
구리,2023,10,2023-10,96,경기도,구리시,나무를그리는공방,3,구리 2023_10.csv,체험관광,공예체험
구리,2023,10,2023-10,96,경기도,구리시,목공방순,3,구리 2023_10.csv,체험관광,공예체험
구리,2023,10,2023-10,96,경기도,구리시,구리시 현충탑,3,구리 2023_10.csv,역사관광,역사유물
구리,2023,10,2023-10,96,경기도,구리시,안골공원,3,구리 2023_10.csv,문화관광,도시공원
구리,2023,10,2023-10,96,경기도,구리시,늘푸른공원,3,구리 2023_10.csv,문화관광,도시공원
구리,2023,10,2023-10,96,경기도,구리시,수누피공원,3,구리 2023_10.csv,문화관광,도시공원
구리,2023,10,2023-10,96,경기도,구리시,한동수산,3,구리 2023_10.csv,쇼핑,시장
구리,2023,10,2023-10,96,경기도,구리시,환상의섬,3,구리 2023_10.csv,쇼핑,시장
구리,2023,10,2023-10,96,경기도,구리시,구리시주니어야구장,3,구리 2023_10.csv,문화관광,레저스포츠시설
구리,2023,10,2023-10,96,경기도,구리시,자전거교육장,3,구리 2023_10.csv,레저스포츠,기타레저스포츠
구리,2023,11,2023-11,1,경기도,구리시,구리농수산물도매시장,30601,구리 2023_11.csv,쇼핑,시장
구리,2023,11,2023-11,2,경기도,구리시,롯데백화점구리점,13828,구리 2023_11.csv,쇼핑,백화점
구리,2023,11,2023-11,3,경기도,구리시,구리전통시장,5940,구리 2023_11.csv,쇼핑,시장
구리,2023,11,2023-11,4,경기도,구리시,모다아울렛구리남양주점,5235,구리 2023_11.csv,쇼핑,쇼핑몰
구리,2023,11,2023-11,5,경기도,구리시,롯데아울렛구리점,3847,구리 2023_11.csv,쇼핑,쇼핑몰
구리,2023,11,2023-11,6,경기도,구리시,구리한강시민공원,3522,구리 2023_11.csv,문화관광,도시공원
구리,2023,11,2023-11,7,경기도,구리시,구리농수산물도매시장수산2동,2654,구리 2023_11.csv,쇼핑,시장
구리,2023,11,2023-11,8,경기도,구리시,동구릉,2613,구리 2023_11.csv,역사관광,역사유적지
구리,2023,11,2023-11,9,경기도,구리시,구리타워,2013,구리 2023_11.csv,문화관광,랜드마크관광
구리,2023,11,2023-11,10,경기도,구리시,CGV구리갈매,1517,구리 2023_11.csv,문화관광,공연시설
구리,2023,11,2023-11,11,경기도,구리시,구리왕숙체육공원,1441,구리 2023_11.csv,문화관광,도시공원
구리,2023,11,2023-11,12,경기도,구리시,롯데시네마구리아울렛,932,구리 2023_11.csv,문화관광,공연시설
구리,2023,11,2023-11,13,경기도,구리시,구리농수산물도매시장수산동,887,구리 2023_11.csv,쇼핑,시장
구리,2023,11,2023-11,14,경기도,구리시,고구려대장간마을,845,구리 2023_11.csv,문화관광,기타문화관광지
구리,2023,11,2023-11,15,경기도,구리시,구리청과물도매시장,829,구리 2023_11.csv,쇼핑,시장
구리,2023,11,2023-11,16,경기도,구리시,구리승마클럽,768,구리 2023_11.csv,레저스포츠,육상레저스포츠
구리,2023,11,2023-11,17,경기도,구리시,장자호수생태공원,714,구리 2023_11.csv,문화관광,도시공원
구리,2023,11,2023-11,18,경기도,구리시,구리시체육회축구장,679,구리 2023_11.csv,문화관광,레저스포츠시설
구리,2023,11,2023-11,19,경기도,구리시,GS챔피언스파크,600,구리 2023_11.csv,레저스포츠,기타레저스포츠
구리,2023,11,2023-11,20,경기도,구리시,구리시곤충생태관,529,구리 2023_11.csv,문화관광,전시시설
구리,2023,11,2023-11,21,경기도,구리시,구리농수산물공사,510,구리 2023_11.csv,쇼핑,시장
구리,2023,11,2023-11,22,경기도,구리시,렛츠런CCC구리지점,484,구리 2023_11.csv,레저스포츠,육상레저스포츠
구리,2023,11,2023-11,23,경기도,구리시,구리어린이천문대,462,구리 2023_11.csv,기타관광,기타관광
구리,2023,11,2023-11,24,경기도,구리시,와니엘배팅센터서울구리점,404,구리 2023_11.csv,레저스포츠,기타레저스포츠
구리,2023,11,2023-11,25,경기도,구리시,CGV구리,391,구리 2023_11.csv,문화관광,공연시설
구리,2023,11,2023-11,26,경기도,구리시,구리시청소년수련관,374,구리 2023_11.csv,레저스포츠,육상레저스포츠
구리,2023,11,2023-11,27,경기도,구리시,보원탄산온천,327,구리 2023_11.csv,체험관광,웰니스관광
구리,2023,11,2023-11,28,경기도,구리시,구리왕숙체육공원축구장,294,구리 2023_11.csv,문화관광,레저스포츠시설
구리,2023,11,2023-11,29,경기도,구리시,장자호수생태체험관,261,구리 2023_11.csv,기타관광,기타관광
구리,2023,11,2023-11,30,경기도,구리시,구리한강시민공원야구장,182,구리 2023_11.csv,문화관광,레저스포츠시설
구리,2023,11,2023-11,31,경기도,구리시,동서울어린이천문대,152,구리 2023_11.csv,기타관광,기타관광
구리,2023,11,2023-11,32,경기도,구리시,힐링FC풋살장,138,구리 2023_11.csv,레저스포츠,기타레저스포츠
구리,2023,11,2023-11,32,경기도,구리시,더가루구리점,138,구리 2023_11.csv,문화관광,테마공원
구리,2023,11,2023-11,34,경기도,구리시,정각사,123,구리 2023_11.csv,역사관광,종교성지
구리,2023,11,2023-11,35,경기도,구리시,구리역공원공사중(2023년12월완공예정),82,구리 2023_11.csv,문화관광,도시공원
구리,2023,11,2023-11,36,경기도,구리시,동사골주말농장,79,구리 2023_11.csv,체험관광,농/산/어촌체험
구리,2023,11,2023-11,37,경기도,구리시,크로스핏라곰,77,구리 2023_11.csv,레저스포츠,기타레저스포츠
구리,2023,11,2023-11,38,경기도,구리시,영테니스아카데미,66,구리 2023_11.csv,레저스포츠,기타레저스포츠
구리,2023,11,2023-11,38,경기도,구리시,퐁퐁플라워구리센터,66,구리 2023_11.csv,문화관광,테마공원
구리,2023,11,2023-11,38,경기도,구리시,돌다리공원,66,구리 2023_11.csv,문화관광,도시공원
구리,2023,11,2023-11,41,경기도,구리시,포레스트앤두아카데미,64,구리 2023_11.csv,레저스포츠,기타레저스포츠
구리,2023,11,2023-11,42,경기도,구리시,스토래지풋살구리아천점,61,구리 2023_11.csv,레저스포츠,기타레저스포츠
구리,2023,11,2023-11,43,경기도,구리시,대한불교천태종금성사,57,구리 2023_11.csv,역사관광,종교성지
구리,2023,11,2023-11,44,경기도,구리시,중앙하이츠티움,55,구리 2023_11.csv,쇼핑,쇼핑몰
구리,2023,11,2023-11,45,경기도,구리시,G&T선수트레이닝센터,51,구리 2023_11.csv,레저스포츠,기타레저스포츠
구리,2023,11,2023-11,46,경기도,구리시,제이엠코리아풋볼파크,46,구리 2023_11.csv,레저스포츠,기타레저스포츠
구리,2023,11,2023-11,47,경기도,구리시,구리시립체육공원,40,구리 2023_11.csv,문화관광,도시공원
구리,2023,11,2023-11,48,경기도,구리시,인창중앙공원,37,구리 2023_11.csv,문화관광,도시공원
구리,2023,11,2023-11,48,경기도,구리시,스트라이크존구리돌다리구장,37,구리 2023_11.csv,레저스포츠,기타레저스포츠
구리,2023,11,2023-11,50,경기도,구리시,삼봉사,35,구리 2023_11.csv,역사관광,종교성지
구리,2023,11,2023-11,51,경기도,구리시,토평공원,31,구리 2023_11.csv,문화관광,도시공원
구리,2023,11,2023-11,51,경기도,구리시,구리유통종합시장축산가공식품동,31,구리 2023_11.csv,쇼핑,시장
구리,2023,11,2023-11,53,경기도,구리시,갈매중앙공원,29,구리 2023_11.csv,문화관광,도시공원
구리,2023,11,2023-11,54,경기도,구리시,피쉬스쿨실내낚시카페,28,구리 2023_11.csv,레저스포츠,수상레저스포츠
구리,2023,11,2023-11,54,경기도,구리시,킹콩점프갈매신도시점,28,구리 2023_11.csv,문화관광,테마공원
구리,2023,11,2023-11,56,경기도,구리시,구리시체육회풋살C구장,27,구리 2023_11.csv,문화관광,레저스포츠시설
구리,2023,11,2023-11,56,경기도,구리시,노리숲프라이빗키즈파티룸,27,구리 2023_11.csv,문화관광,테마공원
구리,2023,11,2023-11,58,경기도,구리시,구리시안전체험관,26,구리 2023_11.csv,문화관광,전시시설
구리,2023,11,2023-11,58,경기도,구리시,아천축구장,26,구리 2023_11.csv,문화관광,레저스포츠시설
구리,2023,11,2023-11,58,경기도,구리시,구리시립리틀야구장,26,구리 2023_11.csv,문화관광,레저스포츠시설
구리,2023,11,2023-11,61,경기도,구리시,김병지축구클럽구리롯데아울렛점,23,구리 2023_11.csv,레저스포츠,기타레저스포츠
구리,2023,11,2023-11,62,경기도,구리시,공덕사,21,구리 2023_11.csv,역사관광,종교성지
구리,2023,11,2023-11,63,경기도,구리시,검배근린공원,20,구리 2023_11.csv,문화관광,도시공원
구리,2023,11,2023-11,64,경기도,구리시,온달정,18,구리 2023_11.csv,레저스포츠,육상레저스포츠
구리,2023,11,2023-11,65,경기도,구리시,이문안호수공원,17,구리 2023_11.csv,문화관광,도시공원
구리,2023,11,2023-11,66,경기도,구리시,구리체육관근린공원,15,구리 2023_11.csv,문화관광,도시공원
구리,2023,11,2023-11,66,경기도,구리시,보현사,15,구리 2023_11.csv,역사관광,종교성지
구리,2023,11,2023-11,68,경기도,구리시,구리둘레길1코스,14,구리 2023_11.csv,레저스포츠,기타레저스포츠
구리,2023,11,2023-11,68,경기도,구리시,왕숙천둔치공원,14,구리 2023_11.csv,문화관광,도시공원
구리,2023,11,2023-11,70,경기도,구리시,구리음악창작소,12,구리 2023_11.csv,문화관광,기타문화관광지
구리,2023,11,2023-11,70,경기도,구리시,필탁구장,12,구리 2023_11.csv,레저스포츠,기타레저스포츠
구리,2023,11,2023-11,70,경기도,구리시,지엘스포츠클럽전용풋살구장,12,구리 2023_11.csv,레저스포츠,기타레저스포츠
구리,2023,11,2023-11,73,경기도,구리시,건원릉,11,구리 2023_11.csv,역사관광,역사유적지
구리,2023,11,2023-11,73,경기도,구리시,부양공원,11,구리 2023_11.csv,문화관광,도시공원
구리,2023,11,2023-11,73,경기도,구리시,계순탁구,11,구리 2023_11.csv,레저스포츠,기타레저스포츠
구리,2023,11,2023-11,76,경기도,구리시,갈매구릉산자락길,10,구리 2023_11.csv,문화관광,도시공원
구리,2023,11,2023-11,76,경기도,구리시,KCC이지스주니어구리점,10,구리 2023_11.csv,레저스포츠,기타레저스포츠
구리,2023,11,2023-11,76,경기도,구리시,모모주말농장,10,구리 2023_11.csv,체험관광,농/산/어촌체험
구리,2023,11,2023-11,76,경기도,구리시,전남수산,10,구리 2023_11.csv,쇼핑,시장
구리,2023,11,2023-11,76,경기도,구리시,아천빗물펌프장생태습지,10,구리 2023_11.csv,문화관광,도시공원
구리,2023,11,2023-11,81,경기도,구리시,주공1단지공원,9,구리 2023_11.csv,문화관광,도시공원
구리,2023,11,2023-11,82,경기도,구리시,안골공원,8,구리 2023_11.csv,문화관광,도시공원
구리,2023,11,2023-11,83,경기도,구리시,구리시 현충탑,6,구리 2023_11.csv,역사관광,역사유물
구리,2023,11,2023-11,83,경기도,구리시,명빈묘,6,구리 2023_11.csv,역사관광,역사유적지
구리,2023,11,2023-11,83,경기도,구리시,원일공원,6,구리 2023_11.csv,문화관광,도시공원
구리,2023,11,2023-11,83,경기도,구리시,자비정사,6,구리 2023_11.csv,역사관광,종교성지
구리,2023,11,2023-11,83,경기도,구리시,관보수산,6,구리 2023_11.csv,쇼핑,시장
구리,2023,11,2023-11,88,경기도,구리시,민벌공원,4,구리 2023_11.csv,문화관광,도시공원
구리,2023,11,2023-11,88,경기도,구리시,중앙수산,4,구리 2023_11.csv,쇼핑,시장
구리,2023,11,2023-11,88,경기도,구리시,아름마을어린이공원물놀이장,4,구리 2023_11.csv,문화관광,테마공원
구리,2023,11,2023-11,91,경기도,구리시,박스타아카데미,3,구리 2023_11.csv,레저스포츠,기타레저스포츠
구리,2023,11,2023-11,91,경기도,구리시,파이팅스테이션,3,구리 2023_11.csv,레저스포츠,기타레저스포츠
구리,2023,11,2023-11,91,경기도,구리시,세라믹어스,3,구리 2023_11.csv,체험관광,공예체험
구리,2023,11,2023-11,91,경기도,구리시,원촌공원,3,구리 2023_11.csv,문화관광,도시공원
구리,2023,11,2023-11,91,경기도,구리시,서가산공원,3,구리 2023_11.csv,문화관광,도시공원
구리,2023,11,2023-11,91,경기도,구리시,삼호공원,3,구리 2023_11.csv,문화관광,도시공원
구리,2023,11,2023-11,91,경기도,구리시,개맥이공원,3,구리 2023_11.csv,문화관광,도시공원
구리,2023,11,2023-11,91,경기도,구리시,동구하늘공원,3,구리 2023_11.csv,문화관광,도시공원
구리,2023,11,2023-11,91,경기도,구리시,사색의길,3,구리 2023_11.csv,기타관광,기타관광
구리,2023,11,2023-11,91,경기도,구리시,팡팡존,3,구리 2023_11.csv,문화관광,테마공원
구리,2023,11,2023-11,91,경기도,구리시,방방,3,구리 2023_11.csv,문화관광,테마공원
구리,2023,11,2023-11,91,경기도,구리시,낚짜,3,구리 2023_11.csv,레저스포츠,수상레저스포츠
구리,2023,11,2023-11,91,경기도,구리시,도당공원,3,구리 2023_11.csv,문화관광,도시공원
구리,2023,12,2023-12,1,경기도,구리시,구리농수산물도매시장,31523,구리 2023_12.csv,쇼핑,시장
구리,2023,12,2023-12,2,경기도,구리시,롯데백화점구리점,13847,구리 2023_12.csv,쇼핑,백화점
구리,2023,12,2023-12,3,경기도,구리시,구리전통시장,6146,구리 2023_12.csv,쇼핑,시장
구리,2023,12,2023-12,4,경기도,구리시,모다아울렛구리남양주점,4906,구리 2023_12.csv,쇼핑,쇼핑몰
구리,2023,12,2023-12,5,경기도,구리시,롯데아울렛구리점,4651,구리 2023_12.csv,쇼핑,쇼핑몰
구리,2023,12,2023-12,6,경기도,구리시,구리농수산물도매시장수산2동,3587,구리 2023_12.csv,쇼핑,시장
구리,2023,12,2023-12,7,경기도,구리시,CGV구리갈매,2742,구리 2023_12.csv,문화관광,공연시설
구리,2023,12,2023-12,8,경기도,구리시,구리한강시민공원,2332,구리 2023_12.csv,문화관광,도시공원
구리,2023,12,2023-12,9,경기도,구리시,롯데시네마구리아울렛,2093,구리 2023_12.csv,문화관광,공연시설
구리,2023,12,2023-12,10,경기도,구리시,동구릉,1991,구리 2023_12.csv,역사관광,역사유적지
구리,2023,12,2023-12,11,경기도,구리시,구리타워,1808,구리 2023_12.csv,문화관광,랜드마크관광
구리,2023,12,2023-12,12,경기도,구리시,구리농수산물도매시장수산동,1240,구리 2023_12.csv,쇼핑,시장
구리,2023,12,2023-12,13,경기도,구리시,구리왕숙체육공원,980,구리 2023_12.csv,문화관광,도시공원
구리,2023,12,2023-12,14,경기도,구리시,구리청과물도매시장,743,구리 2023_12.csv,쇼핑,시장
구리,2023,12,2023-12,15,경기도,구리시,CGV구리,737,구리 2023_12.csv,문화관광,공연시설
구리,2023,12,2023-12,16,경기도,구리시,고구려대장간마을,657,구리 2023_12.csv,문화관광,기타문화관광지
구리,2023,12,2023-12,17,경기도,구리시,장자호수생태공원,534,구리 2023_12.csv,문화관광,도시공원
구리,2023,12,2023-12,18,경기도,구리시,렛츠런CCC구리지점,529,구리 2023_12.csv,레저스포츠,육상레저스포츠
구리,2023,12,2023-12,19,경기도,구리시,구리농수산물공사,446,구리 2023_12.csv,쇼핑,시장
구리,2023,12,2023-12,20,경기도,구리시,구리시곤충생태관,439,구리 2023_12.csv,문화관광,전시시설
구리,2023,12,2023-12,21,경기도,구리시,구리시체육회축구장,438,구리 2023_12.csv,문화관광,레저스포츠시설
구리,2023,12,2023-12,22,경기도,구리시,구리시청소년수련관,419,구리 2023_12.csv,레저스포츠,육상레저스포츠
구리,2023,12,2023-12,23,경기도,구리시,구리어린이천문대,406,구리 2023_12.csv,기타관광,기타관광
구리,2023,12,2023-12,24,경기도,구리시,와니엘배팅센터서울구리점,354,구리 2023_12.csv,레저스포츠,기타레저스포츠
구리,2023,12,2023-12,25,경기도,구리시,보원탄산온천,276,구리 2023_12.csv,체험관광,웰니스관광
구리,2023,12,2023-12,26,경기도,구리시,구리승마클럽,268,구리 2023_12.csv,레저스포츠,육상레저스포츠
구리,2023,12,2023-12,27,경기도,구리시,아천축구장,244,구리 2023_12.csv,문화관광,레저스포츠시설
구리,2023,12,2023-12,28,경기도,구리시,장자호수생태체험관,237,구리 2023_12.csv,기타관광,기타관광
구리,2023,12,2023-12,29,경기도,구리시,더가루구리점,212,구리 2023_12.csv,문화관광,테마공원
구리,2023,12,2023-12,30,경기도,구리시,GS챔피언스파크,201,구리 2023_12.csv,레저스포츠,기타레저스포츠
구리,2023,12,2023-12,31,경기도,구리시,동서울어린이천문대,150,구리 2023_12.csv,기타관광,기타관광
구리,2023,12,2023-12,32,경기도,구리시,구리왕숙체육공원축구장,149,구리 2023_12.csv,문화관광,레저스포츠시설
구리,2023,12,2023-12,33,경기도,구리시,스토래지풋살구리아천점,147,구리 2023_12.csv,레저스포츠,기타레저스포츠
구리,2023,12,2023-12,34,경기도,구리시,정각사,123,구리 2023_12.csv,역사관광,종교성지
구리,2023,12,2023-12,35,경기도,구리시,대한불교천태종금성사,98,구리 2023_12.csv,역사관광,종교성지
구리,2023,12,2023-12,36,경기도,구리시,퐁퐁플라워구리센터,85,구리 2023_12.csv,문화관광,테마공원
구리,2023,12,2023-12,37,경기도,구리시,구리한강시민공원야구장,74,구리 2023_12.csv,문화관광,레저스포츠시설
구리,2023,12,2023-12,38,경기도,구리시,힐링FC풋살장,72,구리 2023_12.csv,레저스포츠,기타레저스포츠
구리,2023,12,2023-12,39,경기도,구리시,G&T선수트레이닝센터,71,구리 2023_12.csv,레저스포츠,기타레저스포츠
구리,2023,12,2023-12,40,경기도,구리시,노리숲프라이빗키즈파티룸,64,구리 2023_12.csv,문화관광,테마공원
구리,2023,12,2023-12,41,경기도,구리시,크로스핏라곰,63,구리 2023_12.csv,레저스포츠,기타레저스포츠
구리,2023,12,2023-12,42,경기도,구리시,제이엠코리아풋볼파크,59,구리 2023_12.csv,레저스포츠,기타레저스포츠
구리,2023,12,2023-12,43,경기도,구리시,구리시립체육공원,57,구리 2023_12.csv,문화관광,도시공원
구리,2023,12,2023-12,44,경기도,구리시,영테니스아카데미,55,구리 2023_12.csv,레저스포츠,기타레저스포츠
구리,2023,12,2023-12,45,경기도,구리시,삼봉사,45,구리 2023_12.csv,역사관광,종교성지
구리,2023,12,2023-12,46,경기도,구리시,돌다리공원,44,구리 2023_12.csv,문화관광,도시공원
구리,2023,12,2023-12,46,경기도,구리시,토평공원,44,구리 2023_12.csv,문화관광,도시공원
구리,2023,12,2023-12,48,경기도,구리시,전남수산,41,구리 2023_12.csv,쇼핑,시장
구리,2023,12,2023-12,49,경기도,구리시,킹콩점프갈매신도시점,35,구리 2023_12.csv,문화관광,테마공원
구리,2023,12,2023-12,50,경기도,구리시,구리유통종합시장축산가공식품동,29,구리 2023_12.csv,쇼핑,시장
구리,2023,12,2023-12,50,경기도,구리시,보현사,29,구리 2023_12.csv,역사관광,종교성지
구리,2023,12,2023-12,52,경기도,구리시,구리역공원,27,구리 2023_12.csv,문화관광,도시공원
구리,2023,12,2023-12,53,경기도,구리시,인창중앙공원,26,구리 2023_12.csv,문화관광,도시공원
구리,2023,12,2023-12,53,경기도,구리시,갈매중앙공원,26,구리 2023_12.csv,문화관광,도시공원
구리,2023,12,2023-12,55,경기도,구리시,스트라이크존구리돌다리구장,25,구리 2023_12.csv,레저스포츠,기타레저스포츠
구리,2023,12,2023-12,56,경기도,구리시,피쉬스쿨실내낚시카페,24,구리 2023_12.csv,레저스포츠,수상레저스포츠
구리,2023,12,2023-12,57,경기도,구리시,공덕사,23,구리 2023_12.csv,역사관광,종교성지
구리,2023,12,2023-12,58,경기도,구리시,동사골주말농장,21,구리 2023_12.csv,체험관광,농/산/어촌체험
구리,2023,12,2023-12,59,경기도,구리시,중앙하이츠티움,20,구리 2023_12.csv,쇼핑,쇼핑몰
구리,2023,12,2023-12,60,경기도,구리시,구리시립리틀야구장,19,구리 2023_12.csv,문화관광,레저스포츠시설
구리,2023,12,2023-12,61,경기도,구리시,필탁구장,17,구리 2023_12.csv,레저스포츠,기타레저스포츠
구리,2023,12,2023-12,61,경기도,구리시,이문안호수공원,17,구리 2023_12.csv,문화관광,도시공원
구리,2023,12,2023-12,63,경기도,구리시,구리시 현충탑,14,구리 2023_12.csv,역사관광,역사유물
구리,2023,12,2023-12,63,경기도,구리시,관보수산,14,구리 2023_12.csv,쇼핑,시장
구리,2023,12,2023-12,65,경기도,구리시,휘트니스플레이스구리인창점,13,구리 2023_12.csv,레저스포츠,기타레저스포츠
구리,2023,12,2023-12,65,경기도,구리시,구리시체육회풋살C구장,13,구리 2023_12.csv,문화관광,레저스포츠시설
구리,2023,12,2023-12,65,경기도,구리시,김병지축구클럽구리롯데아울렛점,13,구리 2023_12.csv,레저스포츠,기타레저스포츠
구리,2023,12,2023-12,68,경기도,구리시,구리시안전체험관,12,구리 2023_12.csv,문화관광,전시시설
구리,2023,12,2023-12,68,경기도,구리시,원촌공원,12,구리 2023_12.csv,문화관광,도시공원
구리,2023,12,2023-12,68,경기도,구리시,온달정,12,구리 2023_12.csv,레저스포츠,육상레저스포츠
구리,2023,12,2023-12,71,경기도,구리시,파이팅스테이션,11,구리 2023_12.csv,레저스포츠,기타레저스포츠
구리,2023,12,2023-12,72,경기도,구리시,검배근린공원,10,구리 2023_12.csv,문화관광,도시공원
구리,2023,12,2023-12,73,경기도,구리시,구리빛축제,9,구리 2023_12.csv,문화관광,기타문화관광지
구리,2023,12,2023-12,73,경기도,구리시,왕숙천둔치공원,9,구리 2023_12.csv,문화관광,도시공원
구리,2023,12,2023-12,73,경기도,구리시,안골공원,9,구리 2023_12.csv,문화관광,도시공원
구리,2023,12,2023-12,76,경기도,구리시,TJ멀티핏,8,구리 2023_12.csv,레저스포츠,기타레저스포츠
구리,2023,12,2023-12,77,경기도,구리시,구리음악창작소,7,구리 2023_12.csv,문화관광,기타문화관광지
구리,2023,12,2023-12,77,경기도,구리시,KCC이지스주니어구리점,7,구리 2023_12.csv,레저스포츠,기타레저스포츠
구리,2023,12,2023-12,77,경기도,구리시,개맥이공원,7,구리 2023_12.csv,문화관광,도시공원
구리,2023,12,2023-12,77,경기도,구리시,덕암사,7,구리 2023_12.csv,역사관광,종교성지
구리,2023,12,2023-12,81,경기도,구리시,포레스트앤두아카데미,6,구리 2023_12.csv,레저스포츠,기타레저스포츠
구리,2023,12,2023-12,81,경기도,구리시,자비정사,6,구리 2023_12.csv,역사관광,종교성지
구리,2023,12,2023-12,81,경기도,구리시,계순탁구,6,구리 2023_12.csv,레저스포츠,기타레저스포츠
구리,2023,12,2023-12,84,경기도,구리시,김탁구클럽,5,구리 2023_12.csv,레저스포츠,기타레저스포츠
구리,2023,12,2023-12,84,경기도,구리시,아천빗물펌프장생태습지,5,구리 2023_12.csv,문화관광,도시공원
구리,2023,12,2023-12,86,경기도,구리시,구리둘레길1코스,4,구리 2023_12.csv,레저스포츠,기타레저스포츠
구리,2023,12,2023-12,86,경기도,구리시,아름공원,4,구리 2023_12.csv,문화관광,도시공원
구리,2023,12,2023-12,86,경기도,구리시,부양공원,4,구리 2023_12.csv,문화관광,도시공원
구리,2023,12,2023-12,86,경기도,구리시,영화수산,4,구리 2023_12.csv,쇼핑,시장
구리,2023,12,2023-12,86,경기도,구리시,장자탁구클럽,4,구리 2023_12.csv,레저스포츠,기타레저스포츠
구리,2023,12,2023-12,86,경기도,구리시,도당공원,4,구리 2023_12.csv,문화관광,도시공원
구리,2023,12,2023-12,92,경기도,구리시,마운틴스타클라이밍,3,구리 2023_12.csv,레저스포츠,기타레저스포츠
구리,2023,12,2023-12,92,경기도,구리시,나무를그리는공방,3,구리 2023_12.csv,체험관광,공예체험
구리,2023,12,2023-12,92,경기도,구리시,목공방순,3,구리 2023_12.csv,체험관광,공예체험
구리,2023,12,2023-12,92,경기도,구리시,구리체육관근린공원,3,구리 2023_12.csv,문화관광,도시공원
구리,2023,12,2023-12,92,경기도,구리시,인창새말어린이공원,3,구리 2023_12.csv,문화관광,도시공원
구리,2023,12,2023-12,92,경기도,구리시,명빈묘,3,구리 2023_12.csv,역사관광,역사유적지
구리,2023,12,2023-12,92,경기도,구리시,덕고개공원,3,구리 2023_12.csv,문화관광,도시공원
구리,2023,12,2023-12,92,경기도,구리시,원일공원,3,구리 2023_12.csv,문화관광,도시공원
구리,2023,12,2023-12,92,경기도,구리시,수누피공원,3,구리 2023_12.csv,문화관광,도시공원
구리,2023,12,2023-12,92,경기도,구리시,중앙수산,3,구리 2023_12.csv,쇼핑,시장
구리,2023,12,2023-12,92,경기도,구리시,팡팡존,3,구리 2023_12.csv,문화관광,테마공원
구리,2023,12,2023-12,92,경기도,구리시,남강수산,3,구리 2023_12.csv,쇼핑,시장
구리,2023,12,2023-12,92,경기도,구리시,대일수산,3,구리 2023_12.csv,쇼핑,시장
구리,2023,12,2023-12,92,경기도,구리시,완도수산,3,구리 2023_12.csv,쇼핑,시장
구리,2023,12,2023-12,92,경기도,구리시,하나로월드수산,3,구리 2023_12.csv,쇼핑,시장
구리,2023,12,2023-12,92,경기도,구리시,지엘스포츠클럽전용풋살구장,3,구리 2023_12.csv,레저스포츠,기타레저스포츠
구리,2024,1,2024-01,1,경기도,구리시,구리농수산물도매시장,24285,구리 2024_01.csv,쇼핑,시장
구리,2024,1,2024-01,2,경기도,구리시,롯데백화점구리점,11965,구리 2024_01.csv,쇼핑,백화점
구리,2024,1,2024-01,3,경기도,구리시,구리전통시장,6190,구리 2024_01.csv,쇼핑,시장
구리,2024,1,2024-01,4,경기도,구리시,모다아울렛구리남양주점,3716,구리 2024_01.csv,쇼핑,쇼핑몰
구리,2024,1,2024-01,5,경기도,구리시,롯데아울렛구리점,3207,구리 2024_01.csv,쇼핑,쇼핑몰
구리,2024,1,2024-01,6,경기도,구리시,구리한강시민공원,2578,구리 2024_01.csv,문화관광,도시공원
구리,2024,1,2024-01,7,경기도,구리시,구리농수산물도매시장수산2동,1928,구리 2024_01.csv,쇼핑,시장
구리,2024,1,2024-01,8,경기도,구리시,구리타워,1841,구리 2024_01.csv,문화관광,랜드마크관광
구리,2024,1,2024-01,9,경기도,구리시,동구릉,1758,구리 2024_01.csv,역사관광,역사유적지
구리,2024,1,2024-01,10,경기도,구리시,CGV구리갈매,1681,구리 2024_01.csv,문화관광,공연시설
구리,2024,1,2024-01,11,경기도,구리시,구리왕숙체육공원,1065,구리 2024_01.csv,문화관광,도시공원
구리,2024,1,2024-01,12,경기도,구리시,롯데시네마구리아울렛,1012,구리 2024_01.csv,문화관광,공연시설
구리,2024,1,2024-01,13,경기도,구리시,구리청과물도매시장,703,구리 2024_01.csv,쇼핑,시장
구리,2024,1,2024-01,14,경기도,구리시,고구려대장간마을,693,구리 2024_01.csv,문화관광,기타문화관광지
구리,2024,1,2024-01,15,경기도,구리시,구리농수산물도매시장수산동,690,구리 2024_01.csv,쇼핑,시장
구리,2024,1,2024-01,16,경기도,구리시,장자호수생태공원,685,구리 2024_01.csv,문화관광,도시공원
구리,2024,1,2024-01,17,경기도,구리시,구리시체육회축구장,567,구리 2024_01.csv,문화관광,레저스포츠시설
구리,2024,1,2024-01,18,경기도,구리시,구리시곤충생태관,543,구리 2024_01.csv,문화관광,전시시설
구리,2024,1,2024-01,19,경기도,구리시,GS챔피언스파크,462,구리 2024_01.csv,레저스포츠,기타레저스포츠
구리,2024,1,2024-01,19,경기도,구리시,구리시청소년수련관,462,구리 2024_01.csv,레저스포츠,육상레저스포츠
구리,2024,1,2024-01,21,경기도,구리시,구리어린이천문대,454,구리 2024_01.csv,기타관광,기타관광
구리,2024,1,2024-01,22,경기도,구리시,구리농수산물공사,448,구리 2024_01.csv,쇼핑,시장
구리,2024,1,2024-01,23,경기도,구리시,렛츠런CCC구리지점,445,구리 2024_01.csv,레저스포츠,육상레저스포츠
구리,2024,1,2024-01,24,경기도,구리시,와니엘배팅센터서울구리점,377,구리 2024_01.csv,레저스포츠,기타레저스포츠
구리,2024,1,2024-01,25,경기도,구리시,CGV구리,354,구리 2024_01.csv,문화관광,공연시설
구리,2024,1,2024-01,26,경기도,구리시,보원탄산온천,305,구리 2024_01.csv,체험관광,웰니스관광
구리,2024,1,2024-01,27,경기도,구리시,장자호수생태체험관,250,구리 2024_01.csv,기타관광,기타관광
구리,2024,1,2024-01,28,경기도,구리시,구리승마클럽,223,구리 2024_01.csv,레저스포츠,육상레저스포츠
구리,2024,1,2024-01,29,경기도,구리시,구리왕숙체육공원축구장,204,구리 2024_01.csv,문화관광,레저스포츠시설
구리,2024,1,2024-01,30,경기도,구리시,스토래지풋살구리아천점,197,구리 2024_01.csv,레저스포츠,기타레저스포츠
구리,2024,1,2024-01,31,경기도,구리시,동서울어린이천문대,177,구리 2024_01.csv,기타관광,기타관광
구리,2024,1,2024-01,32,경기도,구리시,더가루구리점,174,구리 2024_01.csv,문화관광,테마공원
구리,2024,1,2024-01,33,경기도,구리시,정각사,107,구리 2024_01.csv,역사관광,종교성지
구리,2024,1,2024-01,34,경기도,구리시,퐁퐁플라워구리센터,106,구리 2024_01.csv,문화관광,테마공원
구리,2024,1,2024-01,35,경기도,구리시,제이엠코리아풋볼파크,88,구리 2024_01.csv,레저스포츠,기타레저스포츠
구리,2024,1,2024-01,36,경기도,구리시,노리숲프라이빗키즈파티룸,84,구리 2024_01.csv,문화관광,테마공원
구리,2024,1,2024-01,36,경기도,구리시,힐링FC풋살장,84,구리 2024_01.csv,레저스포츠,기타레저스포츠
구리,2024,1,2024-01,38,경기도,구리시,대한불교천태종금성사,62,구리 2024_01.csv,역사관광,종교성지
구리,2024,1,2024-01,39,경기도,구리시,크로스핏라곰,56,구리 2024_01.csv,레저스포츠,기타레저스포츠
구리,2024,1,2024-01,40,경기도,구리시,영테니스아카데미,53,구리 2024_01.csv,레저스포츠,기타레저스포츠
구리,2024,1,2024-01,41,경기도,구리시,킹콩점프갈매신도시점,50,구리 2024_01.csv,문화관광,테마공원
구리,2024,1,2024-01,42,경기도,구리시,피쉬스쿨실내낚시카페,37,구리 2024_01.csv,레저스포츠,수상레저스포츠
구리,2024,1,2024-01,43,경기도,구리시,중앙하이츠티움,34,구리 2024_01.csv,쇼핑,쇼핑몰
구리,2024,1,2024-01,43,경기도,구리시,갈매중앙공원,34,구리 2024_01.csv,문화관광,도시공원
구리,2024,1,2024-01,45,경기도,구리시,인창중앙공원,33,구리 2024_01.csv,문화관광,도시공원
구리,2024,1,2024-01,46,경기도,구리시,포레스트앤두아카데미,32,구리 2024_01.csv,레저스포츠,기타레저스포츠
구리,2024,1,2024-01,47,경기도,구리시,돌다리공원,30,구리 2024_01.csv,문화관광,도시공원
구리,2024,1,2024-01,48,경기도,구리시,구리유통종합시장축산가공식품동,25,구리 2024_01.csv,쇼핑,시장
구리,2024,1,2024-01,49,경기도,구리시,파이팅스테이션,23,구리 2024_01.csv,레저스포츠,기타레저스포츠
구리,2024,1,2024-01,50,경기도,구리시,구리역공원,22,구리 2024_01.csv,문화관광,도시공원
구리,2024,1,2024-01,50,경기도,구리시,삼봉사,22,구리 2024_01.csv,역사관광,종교성지
구리,2024,1,2024-01,50,경기도,구리시,토평공원,22,구리 2024_01.csv,문화관광,도시공원
구리,2024,1,2024-01,53,경기도,구리시,구리시 현충탑,20,구리 2024_01.csv,역사관광,역사유물
구리,2024,1,2024-01,53,경기도,구리시,구리음악창작소,20,구리 2024_01.csv,문화관광,기타문화관광지
구리,2024,1,2024-01,53,경기도,구리시,이문안호수공원,20,구리 2024_01.csv,문화관광,도시공원
구리,2024,1,2024-01,56,경기도,구리시,구리시체육회풋살C구장,19,구리 2024_01.csv,문화관광,레저스포츠시설
구리,2024,1,2024-01,57,경기도,구리시,나무를그리는공방,18,구리 2024_01.csv,체험관광,공예체험
구리,2024,1,2024-01,57,경기도,구리시,구리시립체육공원,18,구리 2024_01.csv,문화관광,도시공원
구리,2024,1,2024-01,57,경기도,구리시,G&T선수트레이닝센터,18,구리 2024_01.csv,레저스포츠,기타레저스포츠
구리,2024,1,2024-01,60,경기도,구리시,공덕사,17,구리 2024_01.csv,역사관광,종교성지
구리,2024,1,2024-01,61,경기도,구리시,구리체육관근린공원,16,구리 2024_01.csv,문화관광,도시공원
구리,2024,1,2024-01,62,경기도,구리시,스트라이크존구리돌다리구장,15,구리 2024_01.csv,레저스포츠,기타레저스포츠
구리,2024,1,2024-01,63,경기도,구리시,구리둘레길1코스,12,구리 2024_01.csv,레저스포츠,기타레저스포츠
구리,2024,1,2024-01,63,경기도,구리시,왕숙천둔치공원,12,구리 2024_01.csv,문화관광,도시공원
구리,2024,1,2024-01,63,경기도,구리시,김병지축구클럽구리롯데아울렛점,12,구리 2024_01.csv,레저스포츠,기타레저스포츠
구리,2024,1,2024-01,66,경기도,구리시,구리시안전체험관,10,구리 2024_01.csv,문화관광,전시시설
구리,2024,1,2024-01,66,경기도,구리시,팡팡존,10,구리 2024_01.csv,문화관광,테마공원
구리,2024,1,2024-01,66,경기도,구리시,동사골주말농장,10,구리 2024_01.csv,체험관광,농/산/어촌체험
구리,2024,1,2024-01,69,경기도,구리시,필탁구장,9,구리 2024_01.csv,레저스포츠,기타레저스포츠
구리,2024,1,2024-01,69,경기도,구리시,목공방순,9,구리 2024_01.csv,체험관광,공예체험
구리,2024,1,2024-01,69,경기도,구리시,갈매구릉산자락길,9,구리 2024_01.csv,문화관광,도시공원
구리,2024,1,2024-01,72,경기도,구리시,KCC이지스주니어구리점,7,구리 2024_01.csv,레저스포츠,기타레저스포츠
구리,2024,1,2024-01,73,경기도,구리시,평해수산,6,구리 2024_01.csv,쇼핑,시장
구리,2024,1,2024-01,73,경기도,구리시,온달정,6,구리 2024_01.csv,레저스포츠,육상레저스포츠
구리,2024,1,2024-01,73,경기도,구리시,계순탁구,6,구리 2024_01.csv,레저스포츠,기타레저스포츠
구리,2024,1,2024-01,76,경기도,구리시,협동공원,4,구리 2024_01.csv,문화관광,도시공원
구리,2024,1,2024-01,76,경기도,구리시,안골공원,4,구리 2024_01.csv,문화관광,도시공원
구리,2024,1,2024-01,76,경기도,구리시,인창고등학교야구장,4,구리 2024_01.csv,문화관광,레저스포츠시설
구리,2024,1,2024-01,79,경기도,구리시,구리한강시민공원야구장,3,구리 2024_01.csv,문화관광,레저스포츠시설
구리,2024,1,2024-01,79,경기도,구리시,장자탁구클럽,3,구리 2024_01.csv,레저스포츠,기타레저스포츠
구리,2024,1,2024-01,79,경기도,구리시,하나로월드수산,3,구리 2024_01.csv,쇼핑,시장
구리,2024,1,2024-01,79,경기도,구리시,전남수산,3,구리 2024_01.csv,쇼핑,시장
구리,2024,1,2024-01,79,경기도,구리시,구리탁구클럽,3,구리 2024_01.csv,레저스포츠,기타레저스포츠
구리,2024,1,2024-01,79,경기도,구리시,마음수련구리센터,3,구리 2024_01.csv,레저스포츠,기타레저스포츠
구리,2024,1,2024-01,79,경기도,구리시,주공4단지2공원,3,구리 2024_01.csv,문화관광,도시공원
구리,2024,1,2024-01,79,경기도,구리시,주공2단지1공원,3,구리 2024_01.csv,문화관광,도시공원
구리,2024,1,2024-01,79,경기도,구리시,자비정사,3,구리 2024_01.csv,역사관광,종교성지
구리,2024,1,2024-01,79,경기도,구리시,동구하늘공원,3,구리 2024_01.csv,문화관광,도시공원
구리,2024,1,2024-01,79,경기도,구리시,아름공원,3,구리 2024_01.csv,문화관광,도시공원
구리,2024,1,2024-01,79,경기도,구리시,원촌공원,3,구리 2024_01.csv,문화관광,도시공원
구리,2024,1,2024-01,79,경기도,구리시,마골공원,3,구리 2024_01.csv,문화관광,도시공원
구리,2024,1,2024-01,79,경기도,구리시,마운틴스타클라이밍,3,구리 2024_01.csv,레저스포츠,기타레저스포츠
구리,2024,2,2024-02,1,경기도,구리시,구리농수산물도매시장,23162,구리 2024_02.csv,쇼핑,시장
구리,2024,2,2024-02,2,경기도,구리시,롯데백화점구리점,11645,구리 2024_02.csv,쇼핑,백화점
구리,2024,2,2024-02,3,경기도,구리시,구리전통시장,6121,구리 2024_02.csv,쇼핑,시장
구리,2024,2,2024-02,4,경기도,구리시,모다아울렛구리남양주점,3735,구리 2024_02.csv,쇼핑,쇼핑몰
구리,2024,2,2024-02,5,경기도,구리시,롯데아울렛구리점,3151,구리 2024_02.csv,쇼핑,쇼핑몰
구리,2024,2,2024-02,6,경기도,구리시,구리한강시민공원,2862,구리 2024_02.csv,문화관광,도시공원
구리,2024,2,2024-02,7,경기도,구리시,CGV구리갈매,2493,구리 2024_02.csv,문화관광,공연시설
구리,2024,2,2024-02,8,경기도,구리시,동구릉,1931,구리 2024_02.csv,역사관광,역사유적지
구리,2024,2,2024-02,9,경기도,구리시,구리농수산물도매시장수산2동,1712,구리 2024_02.csv,쇼핑,시장
구리,2024,2,2024-02,10,경기도,구리시,구리타워,1675,구리 2024_02.csv,문화관광,랜드마크관광
구리,2024,2,2024-02,11,경기도,구리시,구리왕숙체육공원,988,구리 2024_02.csv,문화관광,도시공원
구리,2024,2,2024-02,12,경기도,구리시,롯데시네마구리아울렛,892,구리 2024_02.csv,문화관광,공연시설
구리,2024,2,2024-02,13,경기도,구리시,CGV구리,772,구리 2024_02.csv,문화관광,공연시설
구리,2024,2,2024-02,14,경기도,구리시,구리청과물도매시장,746,구리 2024_02.csv,쇼핑,시장
구리,2024,2,2024-02,15,경기도,구리시,장자호수생태공원,738,구리 2024_02.csv,문화관광,도시공원
구리,2024,2,2024-02,16,경기도,구리시,구리시곤충생태관,657,구리 2024_02.csv,문화관광,전시시설
구리,2024,2,2024-02,17,경기도,구리시,고구려대장간마을,645,구리 2024_02.csv,문화관광,기타문화관광지
구리,2024,2,2024-02,18,경기도,구리시,구리농수산물도매시장수산동,610,구리 2024_02.csv,쇼핑,시장
구리,2024,2,2024-02,19,경기도,구리시,구리시체육회축구장,493,구리 2024_02.csv,문화관광,레저스포츠시설
구리,2024,2,2024-02,20,경기도,구리시,구리농수산물공사,450,구리 2024_02.csv,쇼핑,시장
구리,2024,2,2024-02,21,경기도,구리시,구리시청소년수련관,425,구리 2024_02.csv,레저스포츠,육상레저스포츠
구리,2024,2,2024-02,22,경기도,구리시,렛츠런CCC구리지점,409,구리 2024_02.csv,레저스포츠,육상레저스포츠
구리,2024,2,2024-02,23,경기도,구리시,와니엘배팅센터서울구리점,366,구리 2024_02.csv,레저스포츠,기타레저스포츠
구리,2024,2,2024-02,23,경기도,구리시,GS챔피언스파크,366,구리 2024_02.csv,레저스포츠,기타레저스포츠
구리,2024,2,2024-02,25,경기도,구리시,구리어린이천문대,361,구리 2024_02.csv,기타관광,기타관광
구리,2024,2,2024-02,26,경기도,구리시,보원탄산온천,306,구리 2024_02.csv,체험관광,웰니스관광
구리,2024,2,2024-02,27,경기도,구리시,장자호수생태체험관,242,구리 2024_02.csv,기타관광,기타관광
구리,2024,2,2024-02,28,경기도,구리시,구리왕숙체육공원축구장,203,구리 2024_02.csv,문화관광,레저스포츠시설
구리,2024,2,2024-02,29,경기도,구리시,구리승마클럽,185,구리 2024_02.csv,레저스포츠,육상레저스포츠
구리,2024,2,2024-02,30,경기도,구리시,동서울어린이천문대,180,구리 2024_02.csv,기타관광,기타관광
구리,2024,2,2024-02,31,경기도,구리시,더가루구리점,152,구리 2024_02.csv,문화관광,테마공원
구리,2024,2,2024-02,32,경기도,구리시,스토래지풋살구리아천점,137,구리 2024_02.csv,레저스포츠,기타레저스포츠
구리,2024,2,2024-02,33,경기도,구리시,구리한강시민공원야구장,118,구리 2024_02.csv,문화관광,레저스포츠시설
구리,2024,2,2024-02,34,경기도,구리시,정각사,117,구리 2024_02.csv,역사관광,종교성지
구리,2024,2,2024-02,35,경기도,구리시,힐링FC풋살장,98,구리 2024_02.csv,레저스포츠,기타레저스포츠
구리,2024,2,2024-02,35,경기도,구리시,퐁퐁플라워구리센터,98,구리 2024_02.csv,문화관광,테마공원
구리,2024,2,2024-02,37,경기도,구리시,노리숲프라이빗키즈파티룸,75,구리 2024_02.csv,문화관광,테마공원
구리,2024,2,2024-02,38,경기도,구리시,삼봉사,65,구리 2024_02.csv,역사관광,종교성지
구리,2024,2,2024-02,39,경기도,구리시,제이엠코리아풋볼파크,60,구리 2024_02.csv,레저스포츠,기타레저스포츠
구리,2024,2,2024-02,40,경기도,구리시,영테니스아카데미,58,구리 2024_02.csv,레저스포츠,기타레저스포츠
구리,2024,2,2024-02,41,경기도,구리시,구리시립리틀야구장,57,구리 2024_02.csv,문화관광,레저스포츠시설
구리,2024,2,2024-02,42,경기도,구리시,킹콩점프갈매신도시점,48,구리 2024_02.csv,문화관광,테마공원
구리,2024,2,2024-02,43,경기도,구리시,대한불교천태종금성사,45,구리 2024_02.csv,역사관광,종교성지
구리,2024,2,2024-02,44,경기도,구리시,인창고등학교야구장,44,구리 2024_02.csv,문화관광,레저스포츠시설
구리,2024,2,2024-02,45,경기도,구리시,김병지축구클럽구리롯데아울렛점,42,구리 2024_02.csv,레저스포츠,기타레저스포츠
구리,2024,2,2024-02,46,경기도,구리시,구리시립체육공원,37,구리 2024_02.csv,문화관광,도시공원
구리,2024,2,2024-02,47,경기도,구리시,크로스핏라곰,36,구리 2024_02.csv,레저스포츠,기타레저스포츠
구리,2024,2,2024-02,48,경기도,구리시,구리음악창작소,35,구리 2024_02.csv,문화관광,기타문화관광지
구리,2024,2,2024-02,49,경기도,구리시,중앙하이츠티움,33,구리 2024_02.csv,쇼핑,쇼핑몰
구리,2024,2,2024-02,50,경기도,구리시,인창중학교 야구장,32,구리 2024_02.csv,문화관광,레저스포츠시설
구리,2024,2,2024-02,51,경기도,구리시,피쉬스쿨실내낚시카페,31,구리 2024_02.csv,레저스포츠,수상레저스포츠
구리,2024,2,2024-02,52,경기도,구리시,구리역공원,30,구리 2024_02.csv,문화관광,도시공원
구리,2024,2,2024-02,53,경기도,구리시,KCC이지스주니어구리점,26,구리 2024_02.csv,레저스포츠,기타레저스포츠
구리,2024,2,2024-02,53,경기도,구리시,이문안호수공원,26,구리 2024_02.csv,문화관광,도시공원
구리,2024,2,2024-02,55,경기도,구리시,G&T선수트레이닝센터,25,구리 2024_02.csv,레저스포츠,기타레저스포츠
구리,2024,2,2024-02,56,경기도,구리시,구리시 현충탑,21,구리 2024_02.csv,역사관광,역사유물
구리,2024,2,2024-02,57,경기도,구리시,동사골주말농장,20,구리 2024_02.csv,체험관광,농/산/어촌체험
구리,2024,2,2024-02,58,경기도,구리시,토평공원,19,구리 2024_02.csv,문화관광,도시공원
구리,2024,2,2024-02,59,경기도,구리시,돌다리공원,18,구리 2024_02.csv,문화관광,도시공원
구리,2024,2,2024-02,60,경기도,구리시,스트라이크존구리돌다리구장,17,구리 2024_02.csv,레저스포츠,기타레저스포츠
구리,2024,2,2024-02,60,경기도,구리시,보현사,17,구리 2024_02.csv,역사관광,종교성지
구리,2024,2,2024-02,62,경기도,구리시,구리체육관근린공원,16,구리 2024_02.csv,문화관광,도시공원
구리,2024,2,2024-02,62,경기도,구리시,갈매중앙공원,16,구리 2024_02.csv,문화관광,도시공원
구리,2024,2,2024-02,64,경기도,구리시,필탁구장,15,구리 2024_02.csv,레저스포츠,기타레저스포츠
구리,2024,2,2024-02,65,경기도,구리시,인창중앙공원,14,구리 2024_02.csv,문화관광,도시공원
구리,2024,2,2024-02,65,경기도,구리시,공덕사,14,구리 2024_02.csv,역사관광,종교성지
구리,2024,2,2024-02,67,경기도,구리시,파이팅스테이션,13,구리 2024_02.csv,레저스포츠,기타레저스포츠
구리,2024,2,2024-02,68,경기도,구리시,왕숙천둔치공원,12,구리 2024_02.csv,문화관광,도시공원
구리,2024,2,2024-02,69,경기도,구리시,갈매구릉산자락길,10,구리 2024_02.csv,문화관광,도시공원
구리,2024,2,2024-02,69,경기도,구리시,구리유통종합시장축산가공식품동,10,구리 2024_02.csv,쇼핑,시장
구리,2024,2,2024-02,71,경기도,구리시,새말공원,9,구리 2024_02.csv,문화관광,도시공원
구리,2024,2,2024-02,72,경기도,구리시,검배근린공원,8,구리 2024_02.csv,문화관광,도시공원
구리,2024,2,2024-02,73,경기도,구리시,계순탁구,7,구리 2024_02.csv,레저스포츠,기타레저스포츠
구리,2024,2,2024-02,74,경기도,구리시,마운틴스타클라이밍,6,구리 2024_02.csv,레저스포츠,기타레저스포츠
구리,2024,2,2024-02,74,경기도,구리시,구리시안전체험관,6,구리 2024_02.csv,문화관광,전시시설
구리,2024,2,2024-02,74,경기도,구리시,전남수산,6,구리 2024_02.csv,쇼핑,시장
구리,2024,2,2024-02,74,경기도,구리시,장자탁구클럽,6,구리 2024_02.csv,레저스포츠,기타레저스포츠
구리,2024,2,2024-02,78,경기도,구리시,마골공원,4,구리 2024_02.csv,문화관광,도시공원
구리,2024,2,2024-02,78,경기도,구리시,지엘스포츠클럽전용풋살구장,4,구리 2024_02.csv,레저스포츠,기타레저스포츠
구리,2024,2,2024-02,80,경기도,구리시,지리산축산,3,구리 2024_02.csv,쇼핑,시장
구리,2024,2,2024-02,80,경기도,구리시,푸른숲농원,3,구리 2024_02.csv,체험관광,농/산/어촌체험
구리,2024,2,2024-02,80,경기도,구리시,아름마을어린이공원물놀이장,3,구리 2024_02.csv,문화관광,테마공원
구리,2024,2,2024-02,80,경기도,구리시,주공4단지2공원,3,구리 2024_02.csv,문화관광,도시공원
구리,2024,2,2024-02,80,경기도,구리시,덕암사,3,구리 2024_02.csv,역사관광,종교성지
구리,2024,2,2024-02,80,경기도,구리시,개맥이공원,3,구리 2024_02.csv,문화관광,도시공원
구리,2024,2,2024-02,80,경기도,구리시,안골공원,3,구리 2024_02.csv,문화관광,도시공원
구리,2024,2,2024-02,80,경기도,구리시,서가산공원,3,구리 2024_02.csv,문화관광,도시공원
구리,2024,2,2024-02,80,경기도,구리시,건원릉,3,구리 2024_02.csv,역사관광,역사유적지
구리,2024,2,2024-02,80,경기도,구리시,협동공원,3,구리 2024_02.csv,문화관광,도시공원
구리,2024,2,2024-02,80,경기도,구리시,도야세라믹,3,구리 2024_02.csv,체험관광,공예체험
구리,2024,2,2024-02,80,경기도,구리시,구리시체육회풋살C구장,3,구리 2024_02.csv,문화관광,레저스포츠시설
구리,2024,2,2024-02,80,경기도,구리시,샛다리지,3,구리 2024_02.csv,자연관광,자연경관(하천/해양)
구리,2024,2,2024-02,80,경기도,구리시,구리둘레길1코스,3,구리 2024_02.csv,레저스포츠,기타레저스포츠
구리,2024,3,2024-03,1,경기도,구리시,구리농수산물도매시장,24133,구리 2024_03.csv,쇼핑,시장
구리,2024,3,2024-03,2,경기도,구리시,롯데백화점구리점,13305,구리 2024_03.csv,쇼핑,백화점
구리,2024,3,2024-03,3,경기도,구리시,구리전통시장,6650,구리 2024_03.csv,쇼핑,시장
구리,2024,3,2024-03,4,경기도,구리시,구리한강시민공원,6471,구리 2024_03.csv,문화관광,도시공원
구리,2024,3,2024-03,5,경기도,구리시,태릉CC,5458,구리 2024_03.csv,레저스포츠,육상레저스포츠
구리,2024,3,2024-03,6,경기도,구리시,모다아울렛구리남양주점,4915,구리 2024_03.csv,쇼핑,쇼핑몰
구리,2024,3,2024-03,7,경기도,구리시,롯데아울렛구리점,3704,구리 2024_03.csv,쇼핑,쇼핑몰
구리,2024,3,2024-03,8,경기도,구리시,CGV구리갈매,3189,구리 2024_03.csv,문화관광,공연시설
구리,2024,3,2024-03,9,경기도,구리시,동구릉,2457,구리 2024_03.csv,역사관광,역사유적지
구리,2024,3,2024-03,10,경기도,구리시,구리타워,2191,구리 2024_03.csv,문화관광,랜드마크관광
구리,2024,3,2024-03,11,경기도,구리시,구리농수산물도매시장수산2동,1730,구리 2024_03.csv,쇼핑,시장
구리,2024,3,2024-03,12,경기도,구리시,구리왕숙체육공원,1490,구리 2024_03.csv,문화관광,도시공원
구리,2024,3,2024-03,13,경기도,구리시,고구려대장간마을,1089,구리 2024_03.csv,문화관광,기타문화관광지
구리,2024,3,2024-03,14,경기도,구리시,롯데시네마구리아울렛,1069,구리 2024_03.csv,문화관광,공연시설
구리,2024,3,2024-03,15,경기도,구리시,장자호수생태공원,1043,구리 2024_03.csv,문화관광,도시공원
구리,2024,3,2024-03,16,경기도,구리시,GS챔피언스파크,910,구리 2024_03.csv,레저스포츠,기타레저스포츠
구리,2024,3,2024-03,17,경기도,구리시,CGV구리,862,구리 2024_03.csv,문화관광,공연시설
구리,2024,3,2024-03,18,경기도,구리시,구리시곤충생태관,818,구리 2024_03.csv,문화관광,전시시설
구리,2024,3,2024-03,19,경기도,구리시,구리청과물도매시장,680,구리 2024_03.csv,쇼핑,시장
구리,2024,3,2024-03,20,경기도,구리시,구리농수산물도매시장수산동,645,구리 2024_03.csv,쇼핑,시장
구리,2024,3,2024-03,21,경기도,구리시,구리한강시민공원야구장,593,구리 2024_03.csv,문화관광,레저스포츠시설
구리,2024,3,2024-03,22,경기도,구리시,구리시체육회축구장,548,구리 2024_03.csv,문화관광,레저스포츠시설
구리,2024,3,2024-03,23,경기도,구리시,구리농수산물공사,542,구리 2024_03.csv,쇼핑,시장
구리,2024,3,2024-03,24,경기도,구리시,렛츠런CCC구리지점,535,구리 2024_03.csv,레저스포츠,육상레저스포츠
구리,2024,3,2024-03,25,경기도,구리시,와니엘배팅센터서울구리점,479,구리 2024_03.csv,레저스포츠,기타레저스포츠
구리,2024,3,2024-03,26,경기도,구리시,구리어린이천문대,440,구리 2024_03.csv,기타관광,기타관광
구리,2024,3,2024-03,27,경기도,구리시,구리시청소년수련관,439,구리 2024_03.csv,레저스포츠,육상레저스포츠
구리,2024,3,2024-03,28,경기도,구리시,구리승마클럽,372,구리 2024_03.csv,레저스포츠,육상레저스포츠
구리,2024,3,2024-03,29,경기도,구리시,장자호수생태체험관,315,구리 2024_03.csv,기타관광,기타관광
구리,2024,3,2024-03,30,경기도,구리시,보원탄산온천,297,구리 2024_03.csv,체험관광,웰니스관광
구리,2024,3,2024-03,31,경기도,구리시,구리왕숙체육공원축구장,279,구리 2024_03.csv,문화관광,레저스포츠시설
구리,2024,3,2024-03,32,경기도,구리시,인창중학교 야구장,243,구리 2024_03.csv,문화관광,레저스포츠시설
구리,2024,3,2024-03,33,경기도,구리시,동서울어린이천문대,187,구리 2024_03.csv,기타관광,기타관광
구리,2024,3,2024-03,34,경기도,구리시,인창고등학교야구장,176,구리 2024_03.csv,문화관광,레저스포츠시설
구리,2024,3,2024-03,35,경기도,구리시,정각사,156,구리 2024_03.csv,역사관광,종교성지
구리,2024,3,2024-03,36,경기도,구리시,더가루구리점,141,구리 2024_03.csv,문화관광,테마공원
구리,2024,3,2024-03,37,경기도,구리시,스토래지풋살구리아천점,133,구리 2024_03.csv,레저스포츠,기타레저스포츠
구리,2024,3,2024-03,38,경기도,구리시,힐링FC풋살장,122,구리 2024_03.csv,레저스포츠,기타레저스포츠
구리,2024,3,2024-03,39,경기도,구리시,퐁퐁플라워구리센터,112,구리 2024_03.csv,문화관광,테마공원
구리,2024,3,2024-03,40,경기도,구리시,노리숲프라이빗키즈파티룸,82,구리 2024_03.csv,문화관광,테마공원
구리,2024,3,2024-03,41,경기도,구리시,영테니스아카데미,73,구리 2024_03.csv,레저스포츠,기타레저스포츠
구리,2024,3,2024-03,42,경기도,구리시,크로스핏라곰,72,구리 2024_03.csv,레저스포츠,기타레저스포츠
구리,2024,3,2024-03,43,경기도,구리시,제이엠코리아풋볼파크,60,구리 2024_03.csv,레저스포츠,기타레저스포츠
구리,2024,3,2024-03,44,경기도,구리시,구리시립체육공원,56,구리 2024_03.csv,문화관광,도시공원
구리,2024,3,2024-03,45,경기도,구리시,동사골주말농장,53,구리 2024_03.csv,체험관광,농/산/어촌체험
구리,2024,3,2024-03,46,경기도,구리시,구리시립리틀야구장,52,구리 2024_03.csv,문화관광,레저스포츠시설
구리,2024,3,2024-03,47,경기도,구리시,왕숙천둔치공원,49,구리 2024_03.csv,문화관광,도시공원
구리,2024,3,2024-03,47,경기도,구리시,대한불교천태종금성사,49,구리 2024_03.csv,역사관광,종교성지
구리,2024,3,2024-03,49,경기도,구리시,갈매중앙공원,47,구리 2024_03.csv,문화관광,도시공원
구리,2024,3,2024-03,50,경기도,구리시,구리음악창작소,45,구리 2024_03.csv,문화관광,기타문화관광지
구리,2024,3,2024-03,51,경기도,구리시,구리역공원,44,구리 2024_03.csv,문화관광,도시공원
구리,2024,3,2024-03,52,경기도,구리시,피쉬스쿨실내낚시카페,36,구리 2024_03.csv,레저스포츠,수상레저스포츠
구리,2024,3,2024-03,53,경기도,구리시,삼봉사,35,구리 2024_03.csv,역사관광,종교성지
구리,2024,3,2024-03,54,경기도,구리시,스트라이크존구리돌다리구장,34,구리 2024_03.csv,레저스포츠,기타레저스포츠
구리,2024,3,2024-03,55,경기도,구리시,인창중앙공원,33,구리 2024_03.csv,문화관광,도시공원
구리,2024,3,2024-03,55,경기도,구리시,공덕사,33,구리 2024_03.csv,역사관광,종교성지
구리,2024,3,2024-03,57,경기도,구리시,돌다리공원,30,구리 2024_03.csv,문화관광,도시공원
구리,2024,3,2024-03,57,경기도,구리시,킹콩점프갈매신도시점,30,구리 2024_03.csv,문화관광,테마공원
구리,2024,3,2024-03,59,경기도,구리시,김병지축구클럽구리롯데아울렛점,26,구리 2024_03.csv,레저스포츠,기타레저스포츠
구리,2024,3,2024-03,60,경기도,구리시,구리시체육회풋살C구장,24,구리 2024_03.csv,문화관광,레저스포츠시설
구리,2024,3,2024-03,60,경기도,구리시,토평공원,24,구리 2024_03.csv,문화관광,도시공원
구리,2024,3,2024-03,62,경기도,구리시,G&T선수트레이닝센터,21,구리 2024_03.csv,레저스포츠,기타레저스포츠
구리,2024,3,2024-03,63,경기도,구리시,필탁구장,19,구리 2024_03.csv,레저스포츠,기타레저스포츠
구리,2024,3,2024-03,64,경기도,구리시,포레스트앤두아카데미,18,구리 2024_03.csv,레저스포츠,기타레저스포츠
구리,2024,3,2024-03,64,경기도,구리시,중앙하이츠티움,18,구리 2024_03.csv,쇼핑,쇼핑몰
구리,2024,3,2024-03,66,경기도,구리시,구리유통종합시장축산가공식품동,17,구리 2024_03.csv,쇼핑,시장
구리,2024,3,2024-03,67,경기도,구리시,갈매구릉산자락길,16,구리 2024_03.csv,문화관광,도시공원
구리,2024,3,2024-03,67,경기도,구리시,구리시안전체험관,16,구리 2024_03.csv,문화관광,전시시설
구리,2024,3,2024-03,69,경기도,구리시,파이팅스테이션,12,구리 2024_03.csv,레저스포츠,기타레저스포츠
구리,2024,3,2024-03,69,경기도,구리시,이문안호수공원,12,구리 2024_03.csv,문화관광,도시공원
구리,2024,3,2024-03,71,경기도,구리시,구리둘레길1코스,11,구리 2024_03.csv,레저스포츠,기타레저스포츠
구리,2024,3,2024-03,71,경기도,구리시,구리체육관근린공원,11,구리 2024_03.csv,문화관광,도시공원
구리,2024,3,2024-03,71,경기도,구리시,안골공원,11,구리 2024_03.csv,문화관광,도시공원
구리,2024,3,2024-03,74,경기도,구리시,건원릉,8,구리 2024_03.csv,역사관광,역사유적지
구리,2024,3,2024-03,74,경기도,구리시,수누피공원,8,구리 2024_03.csv,문화관광,도시공원
구리,2024,3,2024-03,74,경기도,구리시,모모주말농장,8,구리 2024_03.csv,체험관광,농/산/어촌체험
구리,2024,3,2024-03,77,경기도,구리시,구리시 현충탑,7,구리 2024_03.csv,역사관광,역사유물
구리,2024,3,2024-03,77,경기도,구리시,새말공원,7,구리 2024_03.csv,문화관광,도시공원
구리,2024,3,2024-03,77,경기도,구리시,검배근린공원,7,구리 2024_03.csv,문화관광,도시공원
구리,2024,3,2024-03,77,경기도,구리시,방방,7,구리 2024_03.csv,문화관광,테마공원
구리,2024,3,2024-03,81,경기도,구리시,마운틴스타클라이밍,6,구리 2024_03.csv,레저스포츠,기타레저스포츠
구리,2024,3,2024-03,81,경기도,구리시,목공방순,6,구리 2024_03.csv,체험관광,공예체험
구리,2024,3,2024-03,81,경기도,구리시,부양공원,6,구리 2024_03.csv,문화관광,도시공원
구리,2024,3,2024-03,81,경기도,구리시,온달정,6,구리 2024_03.csv,레저스포츠,육상레저스포츠
구리,2024,3,2024-03,81,경기도,구리시,보현사,6,구리 2024_03.csv,역사관광,종교성지
구리,2024,3,2024-03,81,경기도,구리시,전남수산,6,구리 2024_03.csv,쇼핑,시장
구리,2024,3,2024-03,81,경기도,구리시,구리LG구장,6,구리 2024_03.csv,레저스포츠,기타레저스포츠
구리,2024,3,2024-03,88,경기도,구리시,김탁구클럽,5,구리 2024_03.csv,레저스포츠,기타레저스포츠
구리,2024,3,2024-03,89,경기도,구리시,가능골공원,4,구리 2024_03.csv,문화관광,도시공원
구리,2024,3,2024-03,89,경기도,구리시,주공4단지1공원,4,구리 2024_03.csv,문화관광,도시공원
구리,2024,3,2024-03,89,경기도,구리시,지엘스포츠클럽전용풋살구장,4,구리 2024_03.csv,레저스포츠,기타레저스포츠
구리,2024,3,2024-03,92,경기도,구리시,나무를그리는공방,3,구리 2024_03.csv,체험관광,공예체험
구리,2024,3,2024-03,92,경기도,구리시,아차산태극기동산,3,구리 2024_03.csv,기타관광,기타관광
구리,2024,3,2024-03,92,경기도,구리시,휘트니스플레이스구리인창점,3,구리 2024_03.csv,레저스포츠,기타레저스포츠
구리,2024,3,2024-03,92,경기도,구리시,마골공원,3,구리 2024_03.csv,문화관광,도시공원
구리,2024,3,2024-03,92,경기도,구리시,KCC이지스주니어구리점,3,구리 2024_03.csv,레저스포츠,기타레저스포츠
구리,2024,3,2024-03,92,경기도,구리시,인창새말어린이공원,3,구리 2024_03.csv,문화관광,도시공원
구리,2024,3,2024-03,92,경기도,구리시,명빈묘,3,구리 2024_03.csv,역사관광,역사유적지
구리,2024,3,2024-03,92,경기도,구리시,구리동구릉문화제,3,구리 2024_03.csv,레저스포츠,기타레저스포츠
구리,2024,3,2024-03,92,경기도,구리시,보타선원,3,구리 2024_03.csv,역사관광,종교성지
구리,2024,3,2024-03,92,경기도,구리시,민벌공원,3,구리 2024_03.csv,문화관광,도시공원
구리,2024,3,2024-03,92,경기도,구리시,개맥이공원,3,구리 2024_03.csv,문화관광,도시공원
구리,2024,3,2024-03,92,경기도,구리시,백암낚시터,3,구리 2024_03.csv,레저스포츠,수상레저스포츠
구리,2024,3,2024-03,92,경기도,구리시,자비정사,3,구리 2024_03.csv,역사관광,종교성지
구리,2024,3,2024-03,92,경기도,구리시,팡팡존,3,구리 2024_03.csv,문화관광,테마공원
구리,2024,3,2024-03,92,경기도,구리시,주공6단지공원,3,구리 2024_03.csv,문화관광,도시공원
구리,2024,3,2024-03,92,경기도,구리시,고구려박물관,3,구리 2024_03.csv,문화관광,전시시설
구리,2024,3,2024-03,92,경기도,구리시,아천빗물펌프장생태습지,3,구리 2024_03.csv,문화관광,도시공원
구리,2024,4,2024-04,1,경기도,구리시,구리농수산물도매시장,23026,구리 2024_04.csv,쇼핑,시장
구리,2024,4,2024-04,2,경기도,구리시,롯데백화점구리점,12325,구리 2024_04.csv,쇼핑,백화점
구리,2024,4,2024-04,3,경기도,구리시,구리한강시민공원,8829,구리 2024_04.csv,문화관광,도시공원
구리,2024,4,2024-04,4,경기도,구리시,구리전통시장,6082,구리 2024_04.csv,쇼핑,시장
구리,2024,4,2024-04,5,경기도,구리시,태릉CC,5443,구리 2024_04.csv,레저스포츠,육상레저스포츠
구리,2024,4,2024-04,6,경기도,구리시,모다아울렛구리남양주점,4380,구리 2024_04.csv,쇼핑,쇼핑몰
구리,2024,4,2024-04,7,경기도,구리시,롯데아울렛구리점,3073,구리 2024_04.csv,쇼핑,쇼핑몰
구리,2024,4,2024-04,8,경기도,구리시,CGV구리갈매,2758,구리 2024_04.csv,문화관광,공연시설
구리,2024,4,2024-04,9,경기도,구리시,동구릉,2606,구리 2024_04.csv,역사관광,역사유적지
구리,2024,4,2024-04,10,경기도,구리시,구리타워,2119,구리 2024_04.csv,문화관광,랜드마크관광
구리,2024,4,2024-04,11,경기도,구리시,구리왕숙체육공원,1589,구리 2024_04.csv,문화관광,도시공원
구리,2024,4,2024-04,12,경기도,구리시,구리농수산물도매시장수산2동,1493,구리 2024_04.csv,쇼핑,시장
구리,2024,4,2024-04,13,경기도,구리시,장자호수생태공원,1491,구리 2024_04.csv,문화관광,도시공원
구리,2024,4,2024-04,14,경기도,구리시,고구려대장간마을,1023,구리 2024_04.csv,문화관광,기타문화관광지
구리,2024,4,2024-04,15,경기도,구리시,구리시체육회축구장,889,구리 2024_04.csv,문화관광,레저스포츠시설
구리,2024,4,2024-04,16,경기도,구리시,GS챔피언스파크,881,구리 2024_04.csv,레저스포츠,기타레저스포츠
구리,2024,4,2024-04,17,경기도,구리시,롯데시네마구리아울렛,775,구리 2024_04.csv,문화관광,공연시설
구리,2024,4,2024-04,18,경기도,구리시,구리청과물도매시장,733,구리 2024_04.csv,쇼핑,시장
구리,2024,4,2024-04,19,경기도,구리시,구리시곤충생태관,639,구리 2024_04.csv,문화관광,전시시설
구리,2024,4,2024-04,20,경기도,구리시,구리농수산물도매시장수산동,592,구리 2024_04.csv,쇼핑,시장
구리,2024,4,2024-04,21,경기도,구리시,구리농수산물공사,561,구리 2024_04.csv,쇼핑,시장
구리,2024,4,2024-04,22,경기도,구리시,CGV구리,551,구리 2024_04.csv,문화관광,공연시설
구리,2024,4,2024-04,23,경기도,구리시,렛츠런CCC구리지점,505,구리 2024_04.csv,레저스포츠,육상레저스포츠
구리,2024,4,2024-04,24,경기도,구리시,장자호수생태체험관,469,구리 2024_04.csv,기타관광,기타관광
구리,2024,4,2024-04,25,경기도,구리시,구리시청소년수련관,453,구리 2024_04.csv,레저스포츠,육상레저스포츠
구리,2024,4,2024-04,26,경기도,구리시,와니엘배팅센터서울구리점,433,구리 2024_04.csv,레저스포츠,기타레저스포츠
구리,2024,4,2024-04,27,경기도,구리시,구리한강시민공원야구장,396,구리 2024_04.csv,문화관광,레저스포츠시설
구리,2024,4,2024-04,28,경기도,구리시,구리어린이천문대,342,구리 2024_04.csv,기타관광,기타관광
구리,2024,4,2024-04,29,경기도,구리시,구리왕숙체육공원축구장,334,구리 2024_04.csv,문화관광,레저스포츠시설
구리,2024,4,2024-04,30,경기도,구리시,보원탄산온천,272,구리 2024_04.csv,체험관광,웰니스관광
구리,2024,4,2024-04,31,경기도,구리시,구리승마클럽,261,구리 2024_04.csv,레저스포츠,육상레저스포츠
구리,2024,4,2024-04,32,경기도,구리시,인창중학교 야구장,214,구리 2024_04.csv,문화관광,레저스포츠시설
구리,2024,4,2024-04,33,경기도,구리시,동서울어린이천문대,207,구리 2024_04.csv,기타관광,기타관광
구리,2024,4,2024-04,34,경기도,구리시,정각사,136,구리 2024_04.csv,역사관광,종교성지
구리,2024,4,2024-04,35,경기도,구리시,인창고등학교야구장,135,구리 2024_04.csv,문화관광,레저스포츠시설
구리,2024,4,2024-04,36,경기도,구리시,힐링FC풋살장,129,구리 2024_04.csv,레저스포츠,기타레저스포츠
구리,2024,4,2024-04,37,경기도,구리시,동사골주말농장,124,구리 2024_04.csv,체험관광,농/산/어촌체험
구리,2024,4,2024-04,38,경기도,구리시,더가루구리점,86,구리 2024_04.csv,문화관광,테마공원
구리,2024,4,2024-04,39,경기도,구리시,스토래지풋살구리아천점,67,구리 2024_04.csv,레저스포츠,기타레저스포츠
구리,2024,4,2024-04,40,경기도,구리시,퐁퐁플라워구리센터,65,구리 2024_04.csv,문화관광,테마공원
구리,2024,4,2024-04,41,경기도,구리시,구리시립체육공원,63,구리 2024_04.csv,문화관광,도시공원
구리,2024,4,2024-04,42,경기도,구리시,영테니스아카데미,59,구리 2024_04.csv,레저스포츠,기타레저스포츠
구리,2024,4,2024-04,43,경기도,구리시,갈매중앙공원,57,구리 2024_04.csv,문화관광,도시공원
구리,2024,4,2024-04,44,경기도,구리시,대한불교천태종금성사,55,구리 2024_04.csv,역사관광,종교성지
구리,2024,4,2024-04,45,경기도,구리시,파이팅스테이션,53,구리 2024_04.csv,레저스포츠,기타레저스포츠
구리,2024,4,2024-04,46,경기도,구리시,크로스핏라곰,52,구리 2024_04.csv,레저스포츠,기타레저스포츠
구리,2024,4,2024-04,46,경기도,구리시,중앙하이츠티움,52,구리 2024_04.csv,쇼핑,쇼핑몰
구리,2024,4,2024-04,48,경기도,구리시,왕숙천둔치공원,50,구리 2024_04.csv,문화관광,도시공원
구리,2024,4,2024-04,49,경기도,구리시,노리숲프라이빗키즈파티룸,49,구리 2024_04.csv,문화관광,테마공원
구리,2024,4,2024-04,49,경기도,구리시,구리시립리틀야구장,49,구리 2024_04.csv,문화관광,레저스포츠시설
구리,2024,4,2024-04,51,경기도,구리시,돌다리공원,46,구리 2024_04.csv,문화관광,도시공원
구리,2024,4,2024-04,52,경기도,구리시,토평공원,45,구리 2024_04.csv,문화관광,도시공원
구리,2024,4,2024-04,53,경기도,구리시,구리역공원,44,구리 2024_04.csv,문화관광,도시공원
구리,2024,4,2024-04,54,경기도,구리시,이문안호수공원,42,구리 2024_04.csv,문화관광,도시공원
구리,2024,4,2024-04,54,경기도,구리시,김병지축구클럽구리롯데아울렛점,42,구리 2024_04.csv,레저스포츠,기타레저스포츠
구리,2024,4,2024-04,56,경기도,구리시,마골공원,36,구리 2024_04.csv,문화관광,도시공원
구리,2024,4,2024-04,57,경기도,구리시,인창중앙공원,33,구리 2024_04.csv,문화관광,도시공원
구리,2024,4,2024-04,58,경기도,구리시,삼봉사,31,구리 2024_04.csv,역사관광,종교성지
구리,2024,4,2024-04,59,경기도,구리시,온달정,28,구리 2024_04.csv,레저스포츠,육상레저스포츠
구리,2024,4,2024-04,60,경기도,구리시,구리체육관근린공원,25,구리 2024_04.csv,문화관광,도시공원
구리,2024,4,2024-04,61,경기도,구리시,구리둘레길1코스,23,구리 2024_04.csv,레저스포츠,기타레저스포츠
구리,2024,4,2024-04,61,경기도,구리시,모모주말농장,23,구리 2024_04.csv,체험관광,농/산/어촌체험
구리,2024,4,2024-04,63,경기도,구리시,제이엠코리아풋볼파크,22,구리 2024_04.csv,레저스포츠,기타레저스포츠
구리,2024,4,2024-04,64,경기도,구리시,장자대로벚꽃길,21,구리 2024_04.csv,기타관광,기타관광
구리,2024,4,2024-04,64,경기도,구리시,구리유채꽃축제,21,구리 2024_04.csv,문화관광,기타문화관광지
구리,2024,4,2024-04,66,경기도,구리시,갈매구릉산자락길,19,구리 2024_04.csv,문화관광,도시공원
구리,2024,4,2024-04,66,경기도,구리시,구리음악창작소,19,구리 2024_04.csv,문화관광,기타문화관광지
구리,2024,4,2024-04,66,경기도,구리시,피쉬스쿨실내낚시카페,19,구리 2024_04.csv,레저스포츠,수상레저스포츠
구리,2024,4,2024-04,69,경기도,구리시,한강둔치꽃단지,18,구리 2024_04.csv,문화관광,도시공원
구리,2024,4,2024-04,70,경기도,구리시,스트라이크존구리돌다리구장,17,구리 2024_04.csv,레저스포츠,기타레저스포츠
구리,2024,4,2024-04,71,경기도,구리시,구리시안전체험관,16,구리 2024_04.csv,문화관광,전시시설
구리,2024,4,2024-04,71,경기도,구리시,구리시 현충탑,16,구리 2024_04.csv,역사관광,역사유물
구리,2024,4,2024-04,73,경기도,구리시,포레스트앤두아카데미,15,구리 2024_04.csv,레저스포츠,기타레저스포츠
구리,2024,4,2024-04,73,경기도,구리시,KCC이지스주니어구리점,15,구리 2024_04.csv,레저스포츠,기타레저스포츠
구리,2024,4,2024-04,73,경기도,구리시,아천빗물펌프장생태습지,15,구리 2024_04.csv,문화관광,도시공원
구리,2024,4,2024-04,73,경기도,구리시,G&T선수트레이닝센터,15,구리 2024_04.csv,레저스포츠,기타레저스포츠
구리,2024,4,2024-04,77,경기도,구리시,구리시체육회풋살C구장,14,구리 2024_04.csv,문화관광,레저스포츠시설
구리,2024,4,2024-04,78,경기도,구리시,공덕사,13,구리 2024_04.csv,역사관광,종교성지
구리,2024,4,2024-04,79,경기도,구리시,늘푸른공원,12,구리 2024_04.csv,문화관광,도시공원
구리,2024,4,2024-04,79,경기도,구리시,보현사,12,구리 2024_04.csv,역사관광,종교성지
구리,2024,4,2024-04,81,경기도,구리시,검배근린공원,11,구리 2024_04.csv,문화관광,도시공원
구리,2024,4,2024-04,82,경기도,구리시,명빈묘,10,구리 2024_04.csv,역사관광,역사유적지
구리,2024,4,2024-04,82,경기도,구리시,구리유통종합시장축산가공식품동,10,구리 2024_04.csv,쇼핑,시장
구리,2024,4,2024-04,82,경기도,구리시,삼호공원,10,구리 2024_04.csv,문화관광,도시공원
구리,2024,4,2024-04,82,경기도,구리시,백교저수지,10,구리 2024_04.csv,자연관광,자연경관(하천/해양)
구리,2024,4,2024-04,86,경기도,구리시,휘트니스플레이스구리인창점,9,구리 2024_04.csv,레저스포츠,기타레저스포츠
구리,2024,4,2024-04,86,경기도,구리시,개맥이공원,9,구리 2024_04.csv,문화관광,도시공원
구리,2024,4,2024-04,88,경기도,구리시,CMT베이스볼아카데미,7,구리 2024_04.csv,레저스포츠,기타레저스포츠
구리,2024,4,2024-04,88,경기도,구리시,원일공원,7,구리 2024_04.csv,문화관광,도시공원
구리,2024,4,2024-04,88,경기도,구리시,경환농원,7,구리 2024_04.csv,체험관광,농/산/어촌체험
구리,2024,4,2024-04,91,경기도,구리시,안골공원,6,구리 2024_04.csv,문화관광,도시공원
구리,2024,4,2024-04,91,경기도,구리시,수누피공원,6,구리 2024_04.csv,문화관광,도시공원
구리,2024,4,2024-04,93,경기도,구리시,원촌공원,4,구리 2024_04.csv,문화관광,도시공원
구리,2024,4,2024-04,93,경기도,구리시,필탁구장,4,구리 2024_04.csv,레저스포츠,기타레저스포츠
구리,2024,4,2024-04,93,경기도,구리시,왕숙천둔치물놀이장,4,구리 2024_04.csv,문화관광,테마공원
구리,2024,4,2024-04,93,경기도,구리시,낚짜,4,구리 2024_04.csv,레저스포츠,수상레저스포츠
구리,2024,4,2024-04,93,경기도,구리시,평화의 소녀상,4,구리 2024_04.csv,역사관광,역사유물
구리,2024,4,2024-04,98,경기도,구리시,마운틴스타클라이밍,3,구리 2024_04.csv,레저스포츠,기타레저스포츠
구리,2024,4,2024-04,98,경기도,구리시,나무를그리는공방,3,구리 2024_04.csv,체험관광,공예체험
구리,2024,4,2024-04,98,경기도,구리시,목공방순,3,구리 2024_04.csv,체험관광,공예체험
구리,2024,4,2024-04,98,경기도,구리시,광개토태왕비,3,구리 2024_04.csv,역사관광,역사유물
구리,2024,4,2024-04,98,경기도,구리시,아천농원,3,구리 2024_04.csv,체험관광,농/산/어촌체험
구리,2024,4,2024-04,98,경기도,구리시,구리동구릉문화제,3,구리 2024_04.csv,레저스포츠,기타레저스포츠
구리,2024,4,2024-04,98,경기도,구리시,서가산공원,3,구리 2024_04.csv,문화관광,도시공원
구리,2024,4,2024-04,98,경기도,구리시,부양공원,3,구리 2024_04.csv,문화관광,도시공원
구리,2024,4,2024-04,98,경기도,구리시,김민기복싱클럽,3,구리 2024_04.csv,레저스포츠,기타레저스포츠
구리,2024,4,2024-04,98,경기도,구리시,자비정사,3,구리 2024_04.csv,역사관광,종교성지
구리,2024,4,2024-04,98,경기도,구리시,나만갑선생신도비,3,구리 2024_04.csv,역사관광,역사유적지
구리,2024,4,2024-04,98,경기도,구리시,관보수산,3,구리 2024_04.csv,쇼핑,시장
구리,2024,4,2024-04,98,경기도,구리시,전남수산,3,구리 2024_04.csv,쇼핑,시장
구리,2024,5,2024-05,1,경기도,구리시,구리농수산물도매시장,25876,구리 2024_05.csv,쇼핑,시장
구리,2024,5,2024-05,2,경기도,구리시,롯데백화점구리점,14010,구리 2024_05.csv,쇼핑,백화점
구리,2024,5,2024-05,3,경기도,구리시,구리한강시민공원,13745,구리 2024_05.csv,문화관광,도시공원
구리,2024,5,2024-05,4,경기도,구리시,구리전통시장,6665,구리 2024_05.csv,쇼핑,시장
구리,2024,5,2024-05,5,경기도,구리시,태릉CC,5226,구리 2024_05.csv,레저스포츠,육상레저스포츠
구리,2024,5,2024-05,6,경기도,구리시,모다아울렛구리남양주점,4664,구리 2024_05.csv,쇼핑,쇼핑몰
구리,2024,5,2024-05,7,경기도,구리시,롯데아울렛구리점,3725,구리 2024_05.csv,쇼핑,쇼핑몰
구리,2024,5,2024-05,8,경기도,구리시,CGV구리갈매,3238,구리 2024_05.csv,문화관광,공연시설
구리,2024,5,2024-05,9,경기도,구리시,동구릉,3106,구리 2024_05.csv,역사관광,역사유적지
구리,2024,5,2024-05,10,경기도,구리시,구리타워,2336,구리 2024_05.csv,문화관광,랜드마크관광
구리,2024,5,2024-05,11,경기도,구리시,구리유채꽃축제,2255,구리 2024_05.csv,문화관광,기타문화관광지
구리,2024,5,2024-05,12,경기도,구리시,구리농수산물도매시장수산2동,1681,구리 2024_05.csv,쇼핑,시장
구리,2024,5,2024-05,13,경기도,구리시,구리왕숙체육공원,1447,구리 2024_05.csv,문화관광,도시공원
구리,2024,5,2024-05,14,경기도,구리시,장자호수생태공원,1336,구리 2024_05.csv,문화관광,도시공원
구리,2024,5,2024-05,15,경기도,구리시,고구려대장간마을,1091,구리 2024_05.csv,문화관광,기타문화관광지
구리,2024,5,2024-05,16,경기도,구리시,롯데시네마구리아울렛,1013,구리 2024_05.csv,문화관광,공연시설
구리,2024,5,2024-05,17,경기도,구리시,구리시체육회축구장,931,구리 2024_05.csv,문화관광,레저스포츠시설
구리,2024,5,2024-05,18,경기도,구리시,구리청과물도매시장,870,구리 2024_05.csv,쇼핑,시장
구리,2024,5,2024-05,19,경기도,구리시,구리시곤충생태관,861,구리 2024_05.csv,문화관광,전시시설
구리,2024,5,2024-05,20,경기도,구리시,GS챔피언스파크,841,구리 2024_05.csv,레저스포츠,기타레저스포츠
구리,2024,5,2024-05,21,경기도,구리시,구리농수산물도매시장수산동,735,구리 2024_05.csv,쇼핑,시장
구리,2024,5,2024-05,22,경기도,구리시,CGV구리,697,구리 2024_05.csv,문화관광,공연시설
구리,2024,5,2024-05,23,경기도,구리시,렛츠런CCC구리지점,560,구리 2024_05.csv,레저스포츠,육상레저스포츠
구리,2024,5,2024-05,24,경기도,구리시,와니엘배팅센터서울구리점,556,구리 2024_05.csv,레저스포츠,기타레저스포츠
구리,2024,5,2024-05,25,경기도,구리시,구리시청소년수련관,493,구리 2024_05.csv,레저스포츠,육상레저스포츠
구리,2024,5,2024-05,26,경기도,구리시,구리농수산물공사,473,구리 2024_05.csv,쇼핑,시장
구리,2024,5,2024-05,27,경기도,구리시,장자호수생태체험관,415,구리 2024_05.csv,기타관광,기타관광
구리,2024,5,2024-05,28,경기도,구리시,구리어린이천문대,410,구리 2024_05.csv,기타관광,기타관광
구리,2024,5,2024-05,29,경기도,구리시,구리승마클럽,365,구리 2024_05.csv,레저스포츠,육상레저스포츠
구리,2024,5,2024-05,30,경기도,구리시,구리왕숙체육공원축구장,280,구리 2024_05.csv,문화관광,레저스포츠시설
구리,2024,5,2024-05,31,경기도,구리시,보원탄산온천,277,구리 2024_05.csv,체험관광,웰니스관광
구리,2024,5,2024-05,32,경기도,구리시,동서울어린이천문대,227,구리 2024_05.csv,기타관광,기타관광
구리,2024,5,2024-05,33,경기도,구리시,동사골주말농장,225,구리 2024_05.csv,체험관광,농/산/어촌체험
구리,2024,5,2024-05,34,경기도,구리시,구리한강시민공원야구장,168,구리 2024_05.csv,문화관광,레저스포츠시설
구리,2024,5,2024-05,35,경기도,구리시,힐링FC풋살장,154,구리 2024_05.csv,레저스포츠,기타레저스포츠
구리,2024,5,2024-05,36,경기도,구리시,더가루구리점,151,구리 2024_05.csv,문화관광,테마공원
구리,2024,5,2024-05,37,경기도,구리시,정각사,143,구리 2024_05.csv,역사관광,종교성지
구리,2024,5,2024-05,38,경기도,구리시,삼봉사,128,구리 2024_05.csv,역사관광,종교성지
구리,2024,5,2024-05,39,경기도,구리시,퐁퐁플라워구리센터,123,구리 2024_05.csv,문화관광,테마공원
구리,2024,5,2024-05,40,경기도,구리시,갈매중앙공원,116,구리 2024_05.csv,문화관광,도시공원
구리,2024,5,2024-05,41,경기도,구리시,인창중학교 야구장,95,구리 2024_05.csv,문화관광,레저스포츠시설
구리,2024,5,2024-05,42,경기도,구리시,구리시립체육공원,77,구리 2024_05.csv,문화관광,도시공원
구리,2024,5,2024-05,43,경기도,구리시,스토래지풋살구리아천점,73,구리 2024_05.csv,레저스포츠,기타레저스포츠
구리,2024,5,2024-05,44,경기도,구리시,크로스핏라곰,72,구리 2024_05.csv,레저스포츠,기타레저스포츠
구리,2024,5,2024-05,44,경기도,구리시,인창고등학교야구장,72,구리 2024_05.csv,문화관광,레저스포츠시설
구리,2024,5,2024-05,44,경기도,구리시,대한불교천태종금성사,72,구리 2024_05.csv,역사관광,종교성지
구리,2024,5,2024-05,47,경기도,구리시,인창중앙공원,71,구리 2024_05.csv,문화관광,도시공원
구리,2024,5,2024-05,48,경기도,구리시,왕숙천둔치공원,70,구리 2024_05.csv,문화관광,도시공원
구리,2024,5,2024-05,49,경기도,구리시,김병지축구클럽구리롯데아울렛점,66,구리 2024_05.csv,레저스포츠,기타레저스포츠
구리,2024,5,2024-05,50,경기도,구리시,보현사,64,구리 2024_05.csv,역사관광,종교성지
구리,2024,5,2024-05,51,경기도,구리시,구리음악창작소,58,구리 2024_05.csv,문화관광,기타문화관광지
구리,2024,5,2024-05,52,경기도,구리시,구리역공원,56,구리 2024_05.csv,문화관광,도시공원
구리,2024,5,2024-05,53,경기도,구리시,노리숲프라이빗키즈파티룸,50,구리 2024_05.csv,문화관광,테마공원
구리,2024,5,2024-05,54,경기도,구리시,스트라이크존구리돌다리구장,49,구리 2024_05.csv,레저스포츠,기타레저스포츠
구리,2024,5,2024-05,55,경기도,구리시,중앙하이츠티움,48,구리 2024_05.csv,쇼핑,쇼핑몰
구리,2024,5,2024-05,56,경기도,구리시,피쉬스쿨실내낚시카페,45,구리 2024_05.csv,레저스포츠,수상레저스포츠
구리,2024,5,2024-05,57,경기도,구리시,영테니스아카데미,41,구리 2024_05.csv,레저스포츠,기타레저스포츠
구리,2024,5,2024-05,58,경기도,구리시,한강둔치꽃단지,40,구리 2024_05.csv,문화관광,도시공원
구리,2024,5,2024-05,59,경기도,구리시,토평공원,35,구리 2024_05.csv,문화관광,도시공원
구리,2024,5,2024-05,60,경기도,구리시,라곰트레이닝인창점,33,구리 2024_05.csv,레저스포츠,기타레저스포츠
구리,2024,5,2024-05,61,경기도,구리시,구리시안전체험관,30,구리 2024_05.csv,문화관광,전시시설
구리,2024,5,2024-05,62,경기도,구리시,구리시립리틀야구장,29,구리 2024_05.csv,문화관광,레저스포츠시설
구리,2024,5,2024-05,63,경기도,구리시,모모주말농장,28,구리 2024_05.csv,체험관광,농/산/어촌체험
구리,2024,5,2024-05,64,경기도,구리시,돌다리공원,26,구리 2024_05.csv,문화관광,도시공원
구리,2024,5,2024-05,65,경기도,구리시,포레스트앤두아카데미,25,구리 2024_05.csv,레저스포츠,기타레저스포츠
구리,2024,5,2024-05,65,경기도,구리시,구리체육관근린공원,25,구리 2024_05.csv,문화관광,도시공원
구리,2024,5,2024-05,67,경기도,구리시,아천빗물펌프장생태습지,24,구리 2024_05.csv,문화관광,도시공원
구리,2024,5,2024-05,68,경기도,구리시,옥밭굴공원,23,구리 2024_05.csv,문화관광,도시공원
구리,2024,5,2024-05,69,경기도,구리시,디라이프풋볼파크,21,구리 2024_05.csv,레저스포츠,기타레저스포츠
구리,2024,5,2024-05,69,경기도,구리시,파이팅스테이션,21,구리 2024_05.csv,레저스포츠,기타레저스포츠
구리,2024,5,2024-05,71,경기도,구리시,KCC이지스주니어구리점,20,구리 2024_05.csv,레저스포츠,기타레저스포츠
구리,2024,5,2024-05,71,경기도,구리시,온달정,20,구리 2024_05.csv,레저스포츠,육상레저스포츠
구리,2024,5,2024-05,73,경기도,구리시,늘푸른공원,19,구리 2024_05.csv,문화관광,도시공원
구리,2024,5,2024-05,73,경기도,구리시,전남수산,19,구리 2024_05.csv,쇼핑,시장
구리,2024,5,2024-05,75,경기도,구리시,구리시체육회풋살C구장,17,구리 2024_05.csv,문화관광,레저스포츠시설
구리,2024,5,2024-05,76,경기도,구리시,마운틴스타클라이밍,15,구리 2024_05.csv,레저스포츠,기타레저스포츠
구리,2024,5,2024-05,76,경기도,구리시,명빈묘,15,구리 2024_05.csv,역사관광,역사유적지
구리,2024,5,2024-05,76,경기도,구리시,안골공원,15,구리 2024_05.csv,문화관광,도시공원
구리,2024,5,2024-05,76,경기도,구리시,필탁구장,15,구리 2024_05.csv,레저스포츠,기타레저스포츠
구리,2024,5,2024-05,76,경기도,구리시,이문안호수공원,15,구리 2024_05.csv,문화관광,도시공원
구리,2024,5,2024-05,81,경기도,구리시,탑골공원,14,구리 2024_05.csv,문화관광,도시공원
구리,2024,5,2024-05,82,경기도,구리시,갈매구릉산자락길,13,구리 2024_05.csv,문화관광,도시공원
구리,2024,5,2024-05,83,경기도,구리시,아천농원,12,구리 2024_05.csv,체험관광,농/산/어촌체험
구리,2024,5,2024-05,83,경기도,구리시,마골공원,12,구리 2024_05.csv,문화관광,도시공원
구리,2024,5,2024-05,83,경기도,구리시,구리유통종합시장축산가공식품동,12,구리 2024_05.csv,쇼핑,시장
구리,2024,5,2024-05,86,경기도,구리시,원촌공원,11,구리 2024_05.csv,문화관광,도시공원
구리,2024,5,2024-05,86,경기도,구리시,서가산공원,11,구리 2024_05.csv,문화관광,도시공원
구리,2024,5,2024-05,88,경기도,구리시,검배근린공원,10,구리 2024_05.csv,문화관광,도시공원
구리,2024,5,2024-05,88,경기도,구리시,공덕사,10,구리 2024_05.csv,역사관광,종교성지
구리,2024,5,2024-05,90,경기도,구리시,G&T선수트레이닝센터,9,구리 2024_05.csv,레저스포츠,기타레저스포츠
구리,2024,5,2024-05,91,경기도,구리시,구리둘레길1코스,8,구리 2024_05.csv,레저스포츠,기타레저스포츠
구리,2024,5,2024-05,92,경기도,구리시,휘트니스플레이스구리인창점,7,구리 2024_05.csv,레저스포츠,기타레저스포츠
구리,2024,5,2024-05,92,경기도,구리시,구리시 현충탑,7,구리 2024_05.csv,역사관광,역사유물
구리,2024,5,2024-05,92,경기도,구리시,덕암사,7,구리 2024_05.csv,역사관광,종교성지
구리,2024,5,2024-05,92,경기도,구리시,주짓수,7,구리 2024_05.csv,레저스포츠,기타레저스포츠
구리,2024,5,2024-05,96,경기도,구리시,협동공원,6,구리 2024_05.csv,문화관광,도시공원
구리,2024,5,2024-05,96,경기도,구리시,새말공원,6,구리 2024_05.csv,문화관광,도시공원
구리,2024,5,2024-05,96,경기도,구리시,삼호공원,6,구리 2024_05.csv,문화관광,도시공원
구리,2024,5,2024-05,96,경기도,구리시,김민기복싱클럽,6,구리 2024_05.csv,레저스포츠,기타레저스포츠
구리,2024,5,2024-05,96,경기도,구리시,마음수련구리센터,6,구리 2024_05.csv,레저스포츠,기타레저스포츠
구리,2024,5,2024-05,96,경기도,구리시,구리LG구장,6,구리 2024_05.csv,레저스포츠,기타레저스포츠
구리,2024,5,2024-05,102,경기도,구리시,도당공원,5,구리 2024_05.csv,문화관광,도시공원
구리,2024,5,2024-05,103,경기도,구리시,건원릉,4,구리 2024_05.csv,역사관광,역사유적지
구리,2024,5,2024-05,103,경기도,구리시,주공1단지공원,4,구리 2024_05.csv,문화관광,도시공원
구리,2024,5,2024-05,103,경기도,구리시,관보수산,4,구리 2024_05.csv,쇼핑,시장
구리,2024,5,2024-05,103,경기도,구리시,지엘스포츠클럽전용풋살구장,4,구리 2024_05.csv,레저스포츠,기타레저스포츠
구리,2024,5,2024-05,107,경기도,구리시,아차산태극기동산,3,구리 2024_05.csv,기타관광,기타관광
구리,2024,5,2024-05,107,경기도,구리시,광개토태왕비,3,구리 2024_05.csv,역사관광,역사유물
구리,2024,5,2024-05,107,경기도,구리시,샛다리지,3,구리 2024_05.csv,자연관광,자연경관(하천/해양)
구리,2024,5,2024-05,107,경기도,구리시,경도복싱,3,구리 2024_05.csv,레저스포츠,기타레저스포츠
구리,2024,5,2024-05,107,경기도,구리시,에스크나무농장,3,구리 2024_05.csv,체험관광,농/산/어촌체험
구리,2024,5,2024-05,107,경기도,구리시,CMT베이스볼아카데미,3,구리 2024_05.csv,레저스포츠,기타레저스포츠
구리,2024,5,2024-05,107,경기도,구리시,GS챔피언스파크야구장,3,구리 2024_05.csv,문화관광,레저스포츠시설
구리,2024,5,2024-05,107,경기도,구리시,어린이공연펀스티벌,3,구리 2024_05.csv,문화관광,기타문화관광지
구리,2024,5,2024-05,107,경기도,구리시,민벌공원,3,구리 2024_05.csv,문화관광,도시공원
구리,2024,5,2024-05,107,경기도,구리시,건영공원,3,구리 2024_05.csv,문화관광,도시공원
구리,2024,5,2024-05,107,경기도,구리시,원일공원,3,구리 2024_05.csv,문화관광,도시공원
구리,2024,5,2024-05,107,경기도,구리시,수누피공원,3,구리 2024_05.csv,문화관광,도시공원
구리,2024,5,2024-05,107,경기도,구리시,보림사,3,구리 2024_05.csv,역사관광,종교성지
구리,2024,5,2024-05,107,경기도,구리시,백교저수지,3,구리 2024_05.csv,자연관광,자연경관(하천/해양)
구리,2024,5,2024-05,107,경기도,구리시,구리한강시민공원경비행장,3,구리 2024_05.csv,레저스포츠,기타레저스포츠
구리,2024,5,2024-05,107,경기도,구리시,킹콩점프갈매신도시점,3,구리 2024_05.csv,문화관광,테마공원
구리,2024,5,2024-05,107,경기도,구리시,낚짜,3,구리 2024_05.csv,레저스포츠,수상레저스포츠
구리,2024,6,2024-06,1,경기도,구리시,구리농수산물도매시장,24186,구리 2024_06.csv,쇼핑,시장
구리,2024,6,2024-06,2,경기도,구리시,롯데백화점구리점,14678,구리 2024_06.csv,쇼핑,백화점
구리,2024,6,2024-06,3,경기도,구리시,구리한강시민공원,7489,구리 2024_06.csv,문화관광,도시공원
구리,2024,6,2024-06,4,경기도,구리시,구리전통시장,6371,구리 2024_06.csv,쇼핑,시장
구리,2024,6,2024-06,5,경기도,구리시,태릉CC,4424,구리 2024_06.csv,레저스포츠,육상레저스포츠
구리,2024,6,2024-06,6,경기도,구리시,모다아울렛구리남양주점,4321,구리 2024_06.csv,쇼핑,쇼핑몰
구리,2024,6,2024-06,7,경기도,구리시,롯데아울렛구리점,3590,구리 2024_06.csv,쇼핑,쇼핑몰
구리,2024,6,2024-06,8,경기도,구리시,CGV구리갈매,3142,구리 2024_06.csv,문화관광,공연시설
구리,2024,6,2024-06,9,경기도,구리시,동구릉,2982,구리 2024_06.csv,역사관광,역사유적지
구리,2024,6,2024-06,10,경기도,구리시,구리타워,2332,구리 2024_06.csv,문화관광,랜드마크관광
구리,2024,6,2024-06,11,경기도,구리시,구리왕숙체육공원,1432,구리 2024_06.csv,문화관광,도시공원
구리,2024,6,2024-06,12,경기도,구리시,구리농수산물도매시장수산2동,1366,구리 2024_06.csv,쇼핑,시장
구리,2024,6,2024-06,13,경기도,구리시,장자호수생태공원,1276,구리 2024_06.csv,문화관광,도시공원
구리,2024,6,2024-06,14,경기도,구리시,고구려대장간마을,1041,구리 2024_06.csv,문화관광,기타문화관광지
구리,2024,6,2024-06,15,경기도,구리시,구리시체육회축구장,945,구리 2024_06.csv,문화관광,레저스포츠시설
구리,2024,6,2024-06,16,경기도,구리시,롯데시네마구리아울렛,942,구리 2024_06.csv,문화관광,공연시설
구리,2024,6,2024-06,17,경기도,구리시,구리시곤충생태관,937,구리 2024_06.csv,문화관광,전시시설
구리,2024,6,2024-06,18,경기도,구리시,GS챔피언스파크,785,구리 2024_06.csv,레저스포츠,기타레저스포츠
구리,2024,6,2024-06,19,경기도,구리시,구리청과물도매시장,748,구리 2024_06.csv,쇼핑,시장
구리,2024,6,2024-06,20,경기도,구리시,CGV구리,628,구리 2024_06.csv,문화관광,공연시설
구리,2024,6,2024-06,21,경기도,구리시,와니엘배팅센터서울구리점,566,구리 2024_06.csv,레저스포츠,기타레저스포츠
구리,2024,6,2024-06,22,경기도,구리시,렛츠런CCC구리지점,541,구리 2024_06.csv,레저스포츠,육상레저스포츠
구리,2024,6,2024-06,23,경기도,구리시,구리농수산물도매시장수산동,539,구리 2024_06.csv,쇼핑,시장
구리,2024,6,2024-06,24,경기도,구리시,구리농수산물공사,500,구리 2024_06.csv,쇼핑,시장
구리,2024,6,2024-06,25,경기도,구리시,구리어린이천문대,411,구리 2024_06.csv,기타관광,기타관광
구리,2024,6,2024-06,26,경기도,구리시,구리시청소년수련관,391,구리 2024_06.csv,레저스포츠,육상레저스포츠
구리,2024,6,2024-06,27,경기도,구리시,구리승마클럽,383,구리 2024_06.csv,레저스포츠,육상레저스포츠
구리,2024,6,2024-06,28,경기도,구리시,장자호수생태체험관,364,구리 2024_06.csv,기타관광,기타관광
구리,2024,6,2024-06,29,경기도,구리시,구리한강시민공원야구장,342,구리 2024_06.csv,문화관광,레저스포츠시설
구리,2024,6,2024-06,30,경기도,구리시,구리왕숙체육공원축구장,310,구리 2024_06.csv,문화관광,레저스포츠시설
구리,2024,6,2024-06,31,경기도,구리시,보원탄산온천,255,구리 2024_06.csv,체험관광,웰니스관광
구리,2024,6,2024-06,32,경기도,구리시,동서울어린이천문대,245,구리 2024_06.csv,기타관광,기타관광
구리,2024,6,2024-06,33,경기도,구리시,동사골주말농장,219,구리 2024_06.csv,체험관광,농/산/어촌체험
구리,2024,6,2024-06,34,경기도,구리시,퐁퐁플라워구리센터,156,구리 2024_06.csv,문화관광,테마공원
구리,2024,6,2024-06,35,경기도,구리시,인창고등학교야구장,135,구리 2024_06.csv,문화관광,레저스포츠시설
구리,2024,6,2024-06,36,경기도,구리시,더가루구리점,134,구리 2024_06.csv,문화관광,테마공원
구리,2024,6,2024-06,37,경기도,구리시,인창중학교 야구장,132,구리 2024_06.csv,문화관광,레저스포츠시설
구리,2024,6,2024-06,38,경기도,구리시,정각사,116,구리 2024_06.csv,역사관광,종교성지
구리,2024,6,2024-06,39,경기도,구리시,갈매중앙공원,111,구리 2024_06.csv,문화관광,도시공원
구리,2024,6,2024-06,40,경기도,구리시,힐링FC풋살장,110,구리 2024_06.csv,레저스포츠,기타레저스포츠
구리,2024,6,2024-06,41,경기도,구리시,구리역공원,89,구리 2024_06.csv,문화관광,도시공원
구리,2024,6,2024-06,42,경기도,구리시,토평공원물놀이장,87,구리 2024_06.csv,문화관광,테마공원
구리,2024,6,2024-06,43,경기도,구리시,스토래지풋살구리아천점,86,구리 2024_06.csv,레저스포츠,기타레저스포츠
구리,2024,6,2024-06,44,경기도,구리시,라곰트레이닝인창점,66,구리 2024_06.csv,레저스포츠,기타레저스포츠
구리,2024,6,2024-06,44,경기도,구리시,중앙하이츠티움,66,구리 2024_06.csv,쇼핑,쇼핑몰
구리,2024,6,2024-06,46,경기도,구리시,인창중앙공원,63,구리 2024_06.csv,문화관광,도시공원
구리,2024,6,2024-06,46,경기도,구리시,김병지축구클럽구리롯데아울렛점,63,구리 2024_06.csv,레저스포츠,기타레저스포츠
구리,2024,6,2024-06,48,경기도,구리시,구리시 현충탑,60,구리 2024_06.csv,역사관광,역사유물
구리,2024,6,2024-06,48,경기도,구리시,원촌공원,60,구리 2024_06.csv,문화관광,도시공원
구리,2024,6,2024-06,50,경기도,구리시,디라이프풋볼파크,58,구리 2024_06.csv,레저스포츠,기타레저스포츠
구리,2024,6,2024-06,50,경기도,구리시,노리숲프라이빗키즈파티룸,58,구리 2024_06.csv,문화관광,테마공원
구리,2024,6,2024-06,50,경기도,구리시,구리시립체육공원,58,구리 2024_06.csv,문화관광,도시공원
구리,2024,6,2024-06,53,경기도,구리시,삼봉사,55,구리 2024_06.csv,역사관광,종교성지
구리,2024,6,2024-06,54,경기도,구리시,구리음악창작소,52,구리 2024_06.csv,문화관광,기타문화관광지
구리,2024,6,2024-06,54,경기도,구리시,토평공원,52,구리 2024_06.csv,문화관광,도시공원
구리,2024,6,2024-06,56,경기도,구리시,영테니스아카데미,51,구리 2024_06.csv,레저스포츠,기타레저스포츠
구리,2024,6,2024-06,56,경기도,구리시,스트라이크존구리돌다리구장,51,구리 2024_06.csv,레저스포츠,기타레저스포츠
구리,2024,6,2024-06,58,경기도,구리시,크로스핏라곰,48,구리 2024_06.csv,레저스포츠,기타레저스포츠
구리,2024,6,2024-06,59,경기도,구리시,보현사,45,구리 2024_06.csv,역사관광,종교성지
구리,2024,6,2024-06,60,경기도,구리시,티엠유아이아울렛,41,구리 2024_06.csv,쇼핑,쇼핑몰
구리,2024,6,2024-06,60,경기도,구리시,왕숙천둔치공원,41,구리 2024_06.csv,문화관광,도시공원
구리,2024,6,2024-06,62,경기도,구리시,대한불교천태종금성사,40,구리 2024_06.csv,역사관광,종교성지
구리,2024,6,2024-06,63,경기도,구리시,온달정,35,구리 2024_06.csv,레저스포츠,육상레저스포츠
구리,2024,6,2024-06,64,경기도,구리시,구리체육관근린공원,33,구리 2024_06.csv,문화관광,도시공원
구리,2024,6,2024-06,65,경기도,구리시,구리시체육회풋살C구장,28,구리 2024_06.csv,문화관광,레저스포츠시설
구리,2024,6,2024-06,65,경기도,구리시,구리유통종합시장축산가공식품동,28,구리 2024_06.csv,쇼핑,시장
구리,2024,6,2024-06,65,경기도,구리시,모모주말농장,28,구리 2024_06.csv,체험관광,농/산/어촌체험
구리,2024,6,2024-06,68,경기도,구리시,구리시립리틀야구장,25,구리 2024_06.csv,문화관광,레저스포츠시설
구리,2024,6,2024-06,68,경기도,구리시,아천빗물펌프장생태습지,25,구리 2024_06.csv,문화관광,도시공원
구리,2024,6,2024-06,70,경기도,구리시,건원릉,22,구리 2024_06.csv,역사관광,역사유적지
구리,2024,6,2024-06,71,경기도,구리시,갈매구릉산자락길,21,구리 2024_06.csv,문화관광,도시공원
구리,2024,6,2024-06,71,경기도,구리시,파이팅스테이션,21,구리 2024_06.csv,레저스포츠,기타레저스포츠
구리,2024,6,2024-06,73,경기도,구리시,마골공원,20,구리 2024_06.csv,문화관광,도시공원
구리,2024,6,2024-06,74,경기도,구리시,구리시안전체험관,19,구리 2024_06.csv,문화관광,전시시설
구리,2024,6,2024-06,74,경기도,구리시,구리시주니어야구장,19,구리 2024_06.csv,문화관광,레저스포츠시설
구리,2024,6,2024-06,76,경기도,구리시,한강둔치꽃단지,17,구리 2024_06.csv,문화관광,도시공원
구리,2024,6,2024-06,76,경기도,구리시,G&T선수트레이닝센터,17,구리 2024_06.csv,레저스포츠,기타레저스포츠
구리,2024,6,2024-06,78,경기도,구리시,갈매주짓수,16,구리 2024_06.csv,레저스포츠,기타레저스포츠
구리,2024,6,2024-06,78,경기도,구리시,돌다리공원,16,구리 2024_06.csv,문화관광,도시공원
구리,2024,6,2024-06,78,경기도,구리시,동구하늘공원물놀이장,16,구리 2024_06.csv,문화관광,테마공원
구리,2024,6,2024-06,78,경기도,구리시,피쉬스쿨실내낚시카페,16,구리 2024_06.csv,레저스포츠,수상레저스포츠
구리,2024,6,2024-06,82,경기도,구리시,건영공원,15,구리 2024_06.csv,문화관광,도시공원
구리,2024,6,2024-06,83,경기도,구리시,검배근린공원,14,구리 2024_06.csv,문화관광,도시공원
구리,2024,6,2024-06,84,경기도,구리시,KCC이지스주니어구리점,13,구리 2024_06.csv,레저스포츠,기타레저스포츠
구리,2024,6,2024-06,85,경기도,구리시,마운틴스타클라이밍,12,구리 2024_06.csv,레저스포츠,기타레저스포츠
구리,2024,6,2024-06,85,경기도,구리시,아천농원,12,구리 2024_06.csv,체험관광,농/산/어촌체험
구리,2024,6,2024-06,87,경기도,구리시,구리둘레길1코스,11,구리 2024_06.csv,레저스포츠,기타레저스포츠
구리,2024,6,2024-06,88,경기도,구리시,왕숙천족구장,10,구리 2024_06.csv,레저스포츠,기타레저스포츠
구리,2024,6,2024-06,88,경기도,구리시,삼호공원,10,구리 2024_06.csv,문화관광,도시공원
구리,2024,6,2024-06,88,경기도,구리시,수누피공원,10,구리 2024_06.csv,문화관광,도시공원
구리,2024,6,2024-06,88,경기도,구리시,경환농원,10,구리 2024_06.csv,체험관광,농/산/어촌체험
구리,2024,6,2024-06,88,경기도,구리시,선진농장,10,구리 2024_06.csv,체험관광,농/산/어촌체험
구리,2024,6,2024-06,93,경기도,구리시,나무를그리는공방,9,구리 2024_06.csv,체험관광,공예체험
구리,2024,6,2024-06,93,경기도,구리시,명빈묘,9,구리 2024_06.csv,역사관광,역사유적지
구리,2024,6,2024-06,93,경기도,구리시,아름마을어린이공원물놀이장,9,구리 2024_06.csv,문화관광,테마공원
구리,2024,6,2024-06,96,경기도,구리시,휘트니스플레이스구리인창점,8,구리 2024_06.csv,레저스포츠,기타레저스포츠
구리,2024,6,2024-06,96,경기도,구리시,보타선원,8,구리 2024_06.csv,역사관광,종교성지
구리,2024,6,2024-06,98,경기도,구리시,오예스몰,7,구리 2024_06.csv,쇼핑,쇼핑몰
구리,2024,6,2024-06,99,경기도,구리시,포레스트앤두아카데미,6,구리 2024_06.csv,레저스포츠,기타레저스포츠
구리,2024,6,2024-06,99,경기도,구리시,서가산공원,6,구리 2024_06.csv,문화관광,도시공원
구리,2024,6,2024-06,101,경기도,구리시,구리한강시민공원어린이튜브물놀이장,5,구리 2024_06.csv,문화관광,테마공원
구리,2024,6,2024-06,101,경기도,구리시,아름공원,5,구리 2024_06.csv,문화관광,도시공원
구리,2024,6,2024-06,101,경기도,구리시,공연장,5,구리 2024_06.csv,문화관광,공연시설
구리,2024,6,2024-06,101,경기도,구리시,구리LG구장,5,구리 2024_06.csv,레저스포츠,기타레저스포츠
구리,2024,6,2024-06,101,경기도,구리시,이문안호수공원,5,구리 2024_06.csv,문화관광,도시공원
구리,2024,6,2024-06,106,경기도,구리시,갈매중앙공원물놀이장,4,구리 2024_06.csv,문화관광,테마공원
구리,2024,6,2024-06,106,경기도,구리시,자비정사,4,구리 2024_06.csv,역사관광,종교성지
구리,2024,6,2024-06,106,경기도,구리시,전남수산,4,구리 2024_06.csv,쇼핑,시장
구리,2024,6,2024-06,109,경기도,구리시,인창파크골프장,3,구리 2024_06.csv,레저스포츠,육상레저스포츠
구리,2024,6,2024-06,109,경기도,구리시,민벌공원,3,구리 2024_06.csv,문화관광,도시공원
구리,2024,6,2024-06,109,경기도,구리시,삼보2공원,3,구리 2024_06.csv,문화관광,도시공원
구리,2024,6,2024-06,109,경기도,구리시,안골공원,3,구리 2024_06.csv,문화관광,도시공원
구리,2024,6,2024-06,109,경기도,구리시,개맥이공원,3,구리 2024_06.csv,문화관광,도시공원
구리,2024,6,2024-06,109,경기도,구리시,원일공원,3,구리 2024_06.csv,문화관광,도시공원
구리,2024,6,2024-06,109,경기도,구리시,주공1단지공원,3,구리 2024_06.csv,문화관광,도시공원
구리,2024,6,2024-06,109,경기도,구리시,푸른숲농원,3,구리 2024_06.csv,체험관광,농/산/어촌체험
구리,2024,6,2024-06,109,경기도,구리시,계순탁구,3,구리 2024_06.csv,레저스포츠,기타레저스포츠
구리,2024,6,2024-06,109,경기도,구리시,장자탁구클럽,3,구리 2024_06.csv,레저스포츠,기타레저스포츠
구리,2024,6,2024-06,109,경기도,구리시,필탁구장,3,구리 2024_06.csv,레저스포츠,기타레저스포츠
구리,2024,6,2024-06,109,경기도,구리시,백교저수지,3,구리 2024_06.csv,자연관광,자연경관(하천/해양)
구리,2024,6,2024-06,109,경기도,구리시,커피나무농원,3,구리 2024_06.csv,체험관광,농/산/어촌체험
구리,2024,7,2024-07,1,경기도,구리시,구리농수산물도매시장,22227,구리 2024_07.csv,쇼핑,시장
구리,2024,7,2024-07,2,경기도,구리시,롯데백화점구리점,12876,구리 2024_07.csv,쇼핑,백화점
구리,2024,7,2024-07,3,경기도,구리시,구리전통시장,6160,구리 2024_07.csv,쇼핑,시장
구리,2024,7,2024-07,4,경기도,구리시,구리한강시민공원,4288,구리 2024_07.csv,문화관광,도시공원
구리,2024,7,2024-07,5,경기도,구리시,태릉CC,3935,구리 2024_07.csv,레저스포츠,육상레저스포츠
구리,2024,7,2024-07,6,경기도,구리시,모다아울렛구리남양주점,3710,구리 2024_07.csv,쇼핑,쇼핑몰
구리,2024,7,2024-07,7,경기도,구리시,CGV구리갈매,3373,구리 2024_07.csv,문화관광,공연시설
구리,2024,7,2024-07,8,경기도,구리시,롯데아울렛구리점,3239,구리 2024_07.csv,쇼핑,쇼핑몰
구리,2024,7,2024-07,9,경기도,구리시,동구릉,2450,구리 2024_07.csv,역사관광,역사유적지
구리,2024,7,2024-07,10,경기도,구리시,구리타워,2120,구리 2024_07.csv,문화관광,랜드마크관광
구리,2024,7,2024-07,11,경기도,구리시,구리농수산물도매시장수산2동,1328,구리 2024_07.csv,쇼핑,시장
구리,2024,7,2024-07,12,경기도,구리시,구리왕숙체육공원,1141,구리 2024_07.csv,문화관광,도시공원
구리,2024,7,2024-07,13,경기도,구리시,롯데시네마구리아울렛,972,구리 2024_07.csv,문화관광,공연시설
구리,2024,7,2024-07,14,경기도,구리시,장자호수생태공원,841,구리 2024_07.csv,문화관광,도시공원
구리,2024,7,2024-07,15,경기도,구리시,CGV구리,717,구리 2024_07.csv,문화관광,공연시설
구리,2024,7,2024-07,16,경기도,구리시,구리청과물도매시장,706,구리 2024_07.csv,쇼핑,시장
구리,2024,7,2024-07,17,경기도,구리시,구리시곤충생태관,682,구리 2024_07.csv,문화관광,전시시설
구리,2024,7,2024-07,18,경기도,구리시,구리시체육회축구장,634,구리 2024_07.csv,문화관광,레저스포츠시설
구리,2024,7,2024-07,19,경기도,구리시,고구려대장간마을,603,구리 2024_07.csv,문화관광,기타문화관광지
구리,2024,7,2024-07,20,경기도,구리시,GS챔피언스파크,515,구리 2024_07.csv,레저스포츠,기타레저스포츠
구리,2024,7,2024-07,21,경기도,구리시,렛츠런CCC구리지점,488,구리 2024_07.csv,레저스포츠,육상레저스포츠
구리,2024,7,2024-07,22,경기도,구리시,구리시청소년수련관,487,구리 2024_07.csv,레저스포츠,육상레저스포츠
구리,2024,7,2024-07,23,경기도,구리시,와니엘배팅센터서울구리점,472,구리 2024_07.csv,레저스포츠,기타레저스포츠
구리,2024,7,2024-07,24,경기도,구리시,구리농수산물공사,466,구리 2024_07.csv,쇼핑,시장
구리,2024,7,2024-07,25,경기도,구리시,구리농수산물도매시장수산동,455,구리 2024_07.csv,쇼핑,시장
구리,2024,7,2024-07,26,경기도,구리시,구리어린이천문대,400,구리 2024_07.csv,기타관광,기타관광
구리,2024,7,2024-07,27,경기도,구리시,구리승마클럽,270,구리 2024_07.csv,레저스포츠,육상레저스포츠
구리,2024,7,2024-07,28,경기도,구리시,티엠유아이아울렛,259,구리 2024_07.csv,쇼핑,쇼핑몰
구리,2024,7,2024-07,29,경기도,구리시,장자호수생태체험관,249,구리 2024_07.csv,기타관광,기타관광
구리,2024,7,2024-07,30,경기도,구리시,구리한강시민공원야구장,247,구리 2024_07.csv,문화관광,레저스포츠시설
구리,2024,7,2024-07,31,경기도,구리시,스토래지풋살구리아천점,238,구리 2024_07.csv,레저스포츠,기타레저스포츠
구리,2024,7,2024-07,32,경기도,구리시,동서울어린이천문대,217,구리 2024_07.csv,기타관광,기타관광
구리,2024,7,2024-07,32,경기도,구리시,보원탄산온천,217,구리 2024_07.csv,체험관광,웰니스관광
구리,2024,7,2024-07,32,경기도,구리시,구리왕숙체육공원축구장,217,구리 2024_07.csv,문화관광,레저스포츠시설
구리,2024,7,2024-07,35,경기도,구리시,더가루구리점,192,구리 2024_07.csv,문화관광,테마공원
구리,2024,7,2024-07,36,경기도,구리시,동사골주말농장,142,구리 2024_07.csv,체험관광,농/산/어촌체험
구리,2024,7,2024-07,37,경기도,구리시,토평공원물놀이장,123,구리 2024_07.csv,문화관광,테마공원
구리,2024,7,2024-07,38,경기도,구리시,퐁퐁플라워구리센터,116,구리 2024_07.csv,문화관광,테마공원
구리,2024,7,2024-07,39,경기도,구리시,정각사,103,구리 2024_07.csv,역사관광,종교성지
구리,2024,7,2024-07,40,경기도,구리시,라곰트레이닝인창점,89,구리 2024_07.csv,레저스포츠,기타레저스포츠
구리,2024,7,2024-07,41,경기도,구리시,인창중학교 야구장,84,구리 2024_07.csv,문화관광,레저스포츠시설
구리,2024,7,2024-07,42,경기도,구리시,중앙하이츠티움,81,구리 2024_07.csv,쇼핑,쇼핑몰
구리,2024,7,2024-07,43,경기도,구리시,힐링FC풋살장,79,구리 2024_07.csv,레저스포츠,기타레저스포츠
구리,2024,7,2024-07,44,경기도,구리시,크로스핏라곰,73,구리 2024_07.csv,레저스포츠,기타레저스포츠
구리,2024,7,2024-07,44,경기도,구리시,갈매중앙공원,73,구리 2024_07.csv,문화관광,도시공원
구리,2024,7,2024-07,46,경기도,구리시,아천빗물펌프장생태습지,72,구리 2024_07.csv,문화관광,도시공원
구리,2024,7,2024-07,47,경기도,구리시,영테니스아카데미,68,구리 2024_07.csv,레저스포츠,기타레저스포츠
구리,2024,7,2024-07,48,경기도,구리시,디라이프풋볼파크,66,구리 2024_07.csv,레저스포츠,기타레저스포츠
구리,2024,7,2024-07,49,경기도,구리시,구리시립체육공원,64,구리 2024_07.csv,문화관광,도시공원
구리,2024,7,2024-07,50,경기도,구리시,토평공원,58,구리 2024_07.csv,문화관광,도시공원
구리,2024,7,2024-07,51,경기도,구리시,구리유통종합시장축산가공식품동,56,구리 2024_07.csv,쇼핑,시장
구리,2024,7,2024-07,52,경기도,구리시,원촌공원,55,구리 2024_07.csv,문화관광,도시공원
구리,2024,7,2024-07,53,경기도,구리시,구리역공원,54,구리 2024_07.csv,문화관광,도시공원
구리,2024,7,2024-07,54,경기도,구리시,구리음악창작소,49,구리 2024_07.csv,문화관광,기타문화관광지
구리,2024,7,2024-07,54,경기도,구리시,인창고등학교야구장,49,구리 2024_07.csv,문화관광,레저스포츠시설
구리,2024,7,2024-07,56,경기도,구리시,피쉬스쿨실내낚시카페,46,구리 2024_07.csv,레저스포츠,수상레저스포츠
구리,2024,7,2024-07,57,경기도,구리시,대한불교천태종금성사,45,구리 2024_07.csv,역사관광,종교성지
구리,2024,7,2024-07,58,경기도,구리시,노리숲프라이빗키즈파티룸,43,구리 2024_07.csv,문화관광,테마공원
구리,2024,7,2024-07,58,경기도,구리시,스트라이크존구리돌다리구장,43,구리 2024_07.csv,레저스포츠,기타레저스포츠
구리,2024,7,2024-07,60,경기도,구리시,왕숙천둔치공원,36,구리 2024_07.csv,문화관광,도시공원
구리,2024,7,2024-07,61,경기도,구리시,보현사,33,구리 2024_07.csv,역사관광,종교성지
구리,2024,7,2024-07,62,경기도,구리시,파이팅스테이션,31,구리 2024_07.csv,레저스포츠,기타레저스포츠
구리,2024,7,2024-07,63,경기도,구리시,김병지축구클럽구리롯데아울렛점,30,구리 2024_07.csv,레저스포츠,기타레저스포츠
구리,2024,7,2024-07,64,경기도,구리시,갈매중앙공원물놀이장,29,구리 2024_07.csv,문화관광,테마공원
구리,2024,7,2024-07,65,경기도,구리시,구리한강시민공원어린이튜브물놀이장,28,구리 2024_07.csv,문화관광,테마공원
구리,2024,7,2024-07,65,경기도,구리시,KCC이지스주니어구리점,28,구리 2024_07.csv,레저스포츠,기타레저스포츠
구리,2024,7,2024-07,67,경기도,구리시,삼봉사,27,구리 2024_07.csv,역사관광,종교성지
구리,2024,7,2024-07,68,경기도,구리시,구리체육관근린공원,25,구리 2024_07.csv,문화관광,도시공원
구리,2024,7,2024-07,69,경기도,구리시,구리시립리틀야구장,24,구리 2024_07.csv,문화관광,레저스포츠시설
구리,2024,7,2024-07,69,경기도,구리시,왕숙천둔치물놀이장,24,구리 2024_07.csv,문화관광,테마공원
구리,2024,7,2024-07,71,경기도,구리시,휘트니스플레이스구리인창점,23,구리 2024_07.csv,레저스포츠,기타레저스포츠
구리,2024,7,2024-07,72,경기도,구리시,삼보2공원,20,구리 2024_07.csv,문화관광,도시공원
구리,2024,7,2024-07,73,경기도,구리시,구리시안전체험관,19,구리 2024_07.csv,문화관광,전시시설
구리,2024,7,2024-07,73,경기도,구리시,인창중앙공원,19,구리 2024_07.csv,문화관광,도시공원
구리,2024,7,2024-07,73,경기도,구리시,구리아트홀코스모스대극장,19,구리 2024_07.csv,문화관광,공연시설
구리,2024,7,2024-07,76,경기도,구리시,모모주말농장,16,구리 2024_07.csv,체험관광,농/산/어촌체험
구리,2024,7,2024-07,77,경기도,구리시,G&T선수트레이닝센터,15,구리 2024_07.csv,레저스포츠,기타레저스포츠
구리,2024,7,2024-07,78,경기도,구리시,마운틴스타클라이밍,14,구리 2024_07.csv,레저스포츠,기타레저스포츠
구리,2024,7,2024-07,78,경기도,구리시,보타선원,14,구리 2024_07.csv,역사관광,종교성지
구리,2024,7,2024-07,80,경기도,구리시,CMT베이스볼아카데미,13,구리 2024_07.csv,레저스포츠,기타레저스포츠
구리,2024,7,2024-07,81,경기도,구리시,아름마을어린이공원물놀이장,12,구리 2024_07.csv,문화관광,테마공원
구리,2024,7,2024-07,82,경기도,구리시,구리LG구장,11,구리 2024_07.csv,레저스포츠,기타레저스포츠
구리,2024,7,2024-07,83,경기도,구리시,삼호공원,10,구리 2024_07.csv,문화관광,도시공원
구리,2024,7,2024-07,83,경기도,구리시,검배근린공원,10,구리 2024_07.csv,문화관광,도시공원
구리,2024,7,2024-07,85,경기도,구리시,협동공원,9,구리 2024_07.csv,문화관광,도시공원
구리,2024,7,2024-07,85,경기도,구리시,돌다리공원,9,구리 2024_07.csv,문화관광,도시공원
구리,2024,7,2024-07,85,경기도,구리시,공덕사,9,구리 2024_07.csv,역사관광,종교성지
구리,2024,7,2024-07,88,경기도,구리시,가능골공원,8,구리 2024_07.csv,문화관광,도시공원
구리,2024,7,2024-07,88,경기도,구리시,안골공원,8,구리 2024_07.csv,문화관광,도시공원
구리,2024,7,2024-07,88,경기도,구리시,낚짜,8,구리 2024_07.csv,레저스포츠,수상레저스포츠
구리,2024,7,2024-07,91,경기도,구리시,동구하늘공원물놀이장,7,구리 2024_07.csv,문화관광,테마공원
구리,2024,7,2024-07,91,경기도,구리시,관보수산,7,구리 2024_07.csv,쇼핑,시장
구리,2024,7,2024-07,93,경기도,구리시,구리시체육회풋살C구장,6,구리 2024_07.csv,문화관광,레저스포츠시설
구리,2024,7,2024-07,93,경기도,구리시,왕숙천족구장,6,구리 2024_07.csv,레저스포츠,기타레저스포츠
구리,2024,7,2024-07,93,경기도,구리시,구리시외버스정류장,6,구리 2024_07.csv,기타관광,교통시설
구리,2024,7,2024-07,93,경기도,구리시,계순탁구,6,구리 2024_07.csv,레저스포츠,기타레저스포츠
구리,2024,7,2024-07,93,경기도,구리시,필탁구장,6,구리 2024_07.csv,레저스포츠,기타레저스포츠
구리,2024,7,2024-07,93,경기도,구리시,백교저수지,6,구리 2024_07.csv,자연관광,자연경관(하천/해양)
구리,2024,7,2024-07,93,경기도,구리시,이문안호수공원,6,구리 2024_07.csv,문화관광,도시공원
구리,2024,7,2024-07,100,경기도,구리시,삼산무에타이구리지관,4,구리 2024_07.csv,레저스포츠,기타레저스포츠
구리,2024,7,2024-07,100,경기도,구리시,오성공원,4,구리 2024_07.csv,문화관광,도시공원
구리,2024,7,2024-07,100,경기도,구리시,부양공원,4,구리 2024_07.csv,문화관광,도시공원
구리,2024,7,2024-07,100,경기도,구리시,자비정사,4,구리 2024_07.csv,역사관광,종교성지
구리,2024,7,2024-07,104,경기도,구리시,갈매구릉산자락길,3,구리 2024_07.csv,문화관광,도시공원
구리,2024,7,2024-07,104,경기도,구리시,포레스트앤두아카데미,3,구리 2024_07.csv,레저스포츠,기타레저스포츠
구리,2024,7,2024-07,104,경기도,구리시,구리둘레길1코스,3,구리 2024_07.csv,레저스포츠,기타레저스포츠
구리,2024,7,2024-07,104,경기도,구리시,광개토태왕비,3,구리 2024_07.csv,역사관광,역사유물
구리,2024,7,2024-07,104,경기도,구리시,샛다리지,3,구리 2024_07.csv,자연관광,자연경관(하천/해양)
구리,2024,7,2024-07,104,경기도,구리시,구리시 현충탑,3,구리 2024_07.csv,역사관광,역사유물
구리,2024,7,2024-07,104,경기도,구리시,TJ멀티핏,3,구리 2024_07.csv,레저스포츠,기타레저스포츠
구리,2024,7,2024-07,104,경기도,구리시,마골공원,3,구리 2024_07.csv,문화관광,도시공원
구리,2024,7,2024-07,104,경기도,구리시,명빈묘,3,구리 2024_07.csv,역사관광,역사유적지
구리,2024,7,2024-07,104,경기도,구리시,새말공원,3,구리 2024_07.csv,문화관광,도시공원
구리,2024,7,2024-07,104,경기도,구리시,개맥이공원,3,구리 2024_07.csv,문화관광,도시공원
구리,2024,7,2024-07,104,경기도,구리시,경환농원,3,구리 2024_07.csv,체험관광,농/산/어촌체험
구리,2024,7,2024-07,104,경기도,구리시,온달정,3,구리 2024_07.csv,레저스포츠,육상레저스포츠
구리,2024,7,2024-07,104,경기도,구리시,팡팡존,3,구리 2024_07.csv,문화관광,테마공원
구리,2024,7,2024-07,104,경기도,구리시,주공4단지1공원,3,구리 2024_07.csv,문화관광,도시공원
구리,2024,7,2024-07,104,경기도,구리시,안말어린이공원,3,구리 2024_07.csv,문화관광,도시공원
구리,2024,8,2024-08,1,경기도,구리시,구리농수산물도매시장,23473,구리 2024_08.csv,쇼핑,시장
구리,2024,8,2024-08,2,경기도,구리시,롯데백화점구리점,12332,구리 2024_08.csv,쇼핑,백화점
구리,2024,8,2024-08,3,경기도,구리시,구리전통시장,6122,구리 2024_08.csv,쇼핑,시장
구리,2024,8,2024-08,4,경기도,구리시,구리한강시민공원,4475,구리 2024_08.csv,문화관광,도시공원
구리,2024,8,2024-08,5,경기도,구리시,태릉CC,4090,구리 2024_08.csv,레저스포츠,육상레저스포츠
구리,2024,8,2024-08,6,경기도,구리시,모다아울렛구리남양주점,3717,구리 2024_08.csv,쇼핑,쇼핑몰
구리,2024,8,2024-08,7,경기도,구리시,롯데아울렛구리점,3263,구리 2024_08.csv,쇼핑,쇼핑몰
구리,2024,8,2024-08,8,경기도,구리시,CGV구리갈매,3171,구리 2024_08.csv,문화관광,공연시설
구리,2024,8,2024-08,9,경기도,구리시,동구릉,2422,구리 2024_08.csv,역사관광,역사유적지
구리,2024,8,2024-08,10,경기도,구리시,구리타워,2214,구리 2024_08.csv,문화관광,랜드마크관광
구리,2024,8,2024-08,11,경기도,구리시,구리농수산물도매시장수산2동,1497,구리 2024_08.csv,쇼핑,시장
구리,2024,8,2024-08,12,경기도,구리시,구리왕숙체육공원,1239,구리 2024_08.csv,문화관광,도시공원
구리,2024,8,2024-08,13,경기도,구리시,롯데시네마구리아울렛,966,구리 2024_08.csv,문화관광,공연시설
구리,2024,8,2024-08,14,경기도,구리시,장자호수생태공원,905,구리 2024_08.csv,문화관광,도시공원
구리,2024,8,2024-08,15,경기도,구리시,구리시곤충생태관,875,구리 2024_08.csv,문화관광,전시시설
구리,2024,8,2024-08,16,경기도,구리시,구리청과물도매시장,776,구리 2024_08.csv,쇼핑,시장
구리,2024,8,2024-08,17,경기도,구리시,GS챔피언스파크,729,구리 2024_08.csv,레저스포츠,기타레저스포츠
구리,2024,8,2024-08,18,경기도,구리시,CGV구리,642,구리 2024_08.csv,문화관광,공연시설
구리,2024,8,2024-08,19,경기도,구리시,구리시체육회축구장,581,구리 2024_08.csv,문화관광,레저스포츠시설
구리,2024,8,2024-08,20,경기도,구리시,고구려대장간마을,578,구리 2024_08.csv,문화관광,기타문화관광지
구리,2024,8,2024-08,21,경기도,구리시,구리시청소년수련관,541,구리 2024_08.csv,레저스포츠,육상레저스포츠
구리,2024,8,2024-08,22,경기도,구리시,와니엘배팅센터서울구리점,535,구리 2024_08.csv,레저스포츠,기타레저스포츠
구리,2024,8,2024-08,23,경기도,구리시,구리농수산물도매시장수산동,520,구리 2024_08.csv,쇼핑,시장
구리,2024,8,2024-08,24,경기도,구리시,구리농수산물공사,515,구리 2024_08.csv,쇼핑,시장
구리,2024,8,2024-08,25,경기도,구리시,렛츠런CCC구리지점,505,구리 2024_08.csv,레저스포츠,육상레저스포츠
구리,2024,8,2024-08,26,경기도,구리시,구리어린이천문대,420,구리 2024_08.csv,기타관광,기타관광
구리,2024,8,2024-08,27,경기도,구리시,티엠유아이아울렛,343,구리 2024_08.csv,쇼핑,쇼핑몰
구리,2024,8,2024-08,28,경기도,구리시,구리한강시민공원야구장,339,구리 2024_08.csv,문화관광,레저스포츠시설
구리,2024,8,2024-08,29,경기도,구리시,보원탄산온천,260,구리 2024_08.csv,체험관광,웰니스관광
구리,2024,8,2024-08,30,경기도,구리시,구리승마클럽,258,구리 2024_08.csv,레저스포츠,육상레저스포츠
구리,2024,8,2024-08,31,경기도,구리시,동서울어린이천문대,256,구리 2024_08.csv,기타관광,기타관광
구리,2024,8,2024-08,32,경기도,구리시,구리왕숙체육공원축구장,236,구리 2024_08.csv,문화관광,레저스포츠시설
구리,2024,8,2024-08,33,경기도,구리시,장자호수생태체험관,232,구리 2024_08.csv,기타관광,기타관광
구리,2024,8,2024-08,34,경기도,구리시,더가루구리점,164,구리 2024_08.csv,문화관광,테마공원
구리,2024,8,2024-08,35,경기도,구리시,스토래지풋살구리아천점,156,구리 2024_08.csv,레저스포츠,기타레저스포츠
구리,2024,8,2024-08,36,경기도,구리시,토평공원물놀이장,153,구리 2024_08.csv,문화관광,테마공원
구리,2024,8,2024-08,37,경기도,구리시,인창중학교 야구장,132,구리 2024_08.csv,문화관광,레저스포츠시설
구리,2024,8,2024-08,38,경기도,구리시,정각사,130,구리 2024_08.csv,역사관광,종교성지
구리,2024,8,2024-08,39,경기도,구리시,퐁퐁플라워구리센터,114,구리 2024_08.csv,문화관광,테마공원
구리,2024,8,2024-08,40,경기도,구리시,동사골주말농장,110,구리 2024_08.csv,체험관광,농/산/어촌체험
구리,2024,8,2024-08,41,경기도,구리시,갈매중앙공원,93,구리 2024_08.csv,문화관광,도시공원
구리,2024,8,2024-08,42,경기도,구리시,인창고등학교야구장,88,구리 2024_08.csv,문화관광,레저스포츠시설
구리,2024,8,2024-08,43,경기도,구리시,힐링FC풋살장,80,구리 2024_08.csv,레저스포츠,기타레저스포츠
구리,2024,8,2024-08,44,경기도,구리시,토평공원,75,구리 2024_08.csv,문화관광,도시공원
구리,2024,8,2024-08,45,경기도,구리시,원촌공원,69,구리 2024_08.csv,문화관광,도시공원
구리,2024,8,2024-08,46,경기도,구리시,피쉬스쿨실내낚시카페,68,구리 2024_08.csv,레저스포츠,수상레저스포츠
구리,2024,8,2024-08,47,경기도,구리시,대한불교천태종금성사,64,구리 2024_08.csv,역사관광,종교성지
구리,2024,8,2024-08,48,경기도,구리시,스트라이크존구리돌다리구장,63,구리 2024_08.csv,레저스포츠,기타레저스포츠
구리,2024,8,2024-08,49,경기도,구리시,노리숲프라이빗키즈파티룸,62,구리 2024_08.csv,문화관광,테마공원
구리,2024,8,2024-08,50,경기도,구리시,중앙하이츠티움,59,구리 2024_08.csv,쇼핑,쇼핑몰
구리,2024,8,2024-08,51,경기도,구리시,구리시립리틀야구장,57,구리 2024_08.csv,문화관광,레저스포츠시설
구리,2024,8,2024-08,52,경기도,구리시,아천빗물펌프장생태습지,51,구리 2024_08.csv,문화관광,도시공원
구리,2024,8,2024-08,53,경기도,구리시,구리음악창작소,49,구리 2024_08.csv,문화관광,기타문화관광지
구리,2024,8,2024-08,54,경기도,구리시,갈매중앙공원물놀이장,48,구리 2024_08.csv,문화관광,테마공원
구리,2024,8,2024-08,55,경기도,구리시,삼봉사,47,구리 2024_08.csv,역사관광,종교성지
구리,2024,8,2024-08,56,경기도,구리시,김병지축구클럽구리롯데아울렛점,43,구리 2024_08.csv,레저스포츠,기타레저스포츠
구리,2024,8,2024-08,57,경기도,구리시,KCC이지스주니어구리점,41,구리 2024_08.csv,레저스포츠,기타레저스포츠
구리,2024,8,2024-08,58,경기도,구리시,구리시립체육공원,39,구리 2024_08.csv,문화관광,도시공원
구리,2024,8,2024-08,59,경기도,구리시,구리역공원,38,구리 2024_08.csv,문화관광,도시공원
구리,2024,8,2024-08,59,경기도,구리시,구리아트홀코스모스대극장,38,구리 2024_08.csv,문화관광,공연시설
구리,2024,8,2024-08,61,경기도,구리시,디라이프풋볼파크,37,구리 2024_08.csv,레저스포츠,기타레저스포츠
구리,2024,8,2024-08,61,경기도,구리시,라곰트레이닝인창점,37,구리 2024_08.csv,레저스포츠,기타레저스포츠
구리,2024,8,2024-08,63,경기도,구리시,구리유통종합시장축산가공식품동,35,구리 2024_08.csv,쇼핑,시장
구리,2024,8,2024-08,64,경기도,구리시,크로스핏라곰,30,구리 2024_08.csv,레저스포츠,기타레저스포츠
구리,2024,8,2024-08,64,경기도,구리시,구리한강시민공원어린이튜브물놀이장,30,구리 2024_08.csv,문화관광,테마공원
구리,2024,8,2024-08,66,경기도,구리시,구리시안전체험관,26,구리 2024_08.csv,문화관광,전시시설
구리,2024,8,2024-08,67,경기도,구리시,영테니스아카데미,25,구리 2024_08.csv,레저스포츠,기타레저스포츠
구리,2024,8,2024-08,68,경기도,구리시,왕숙천둔치공원,24,구리 2024_08.csv,문화관광,도시공원
구리,2024,8,2024-08,69,경기도,구리시,왕숙천족구장,22,구리 2024_08.csv,레저스포츠,기타레저스포츠
구리,2024,8,2024-08,70,경기도,구리시,파이팅스테이션,20,구리 2024_08.csv,레저스포츠,기타레저스포츠
구리,2024,8,2024-08,70,경기도,구리시,돌다리공원,20,구리 2024_08.csv,문화관광,도시공원
구리,2024,8,2024-08,70,경기도,구리시,경환농원,20,구리 2024_08.csv,체험관광,농/산/어촌체험
구리,2024,8,2024-08,73,경기도,구리시,아름마을어린이공원물놀이장,19,구리 2024_08.csv,문화관광,테마공원
구리,2024,8,2024-08,73,경기도,구리시,공덕사,19,구리 2024_08.csv,역사관광,종교성지
구리,2024,8,2024-08,75,경기도,구리시,보현사,17,구리 2024_08.csv,역사관광,종교성지
구리,2024,8,2024-08,75,경기도,구리시,동구하늘공원물놀이장,17,구리 2024_08.csv,문화관광,테마공원
구리,2024,8,2024-08,77,경기도,구리시,왕숙천둔치물놀이장,16,구리 2024_08.csv,문화관광,테마공원
구리,2024,8,2024-08,78,경기도,구리시,인창중앙공원,15,구리 2024_08.csv,문화관광,도시공원
구리,2024,8,2024-08,79,경기도,구리시,마운틴스타클라이밍,14,구리 2024_08.csv,레저스포츠,기타레저스포츠
구리,2024,8,2024-08,79,경기도,구리시,휘트니스플레이스구리인창점,14,구리 2024_08.csv,레저스포츠,기타레저스포츠
구리,2024,8,2024-08,81,경기도,구리시,서가산공원,12,구리 2024_08.csv,문화관광,도시공원
구리,2024,8,2024-08,82,경기도,구리시,갈매구릉산자락길,11,구리 2024_08.csv,문화관광,도시공원
구리,2024,8,2024-08,83,경기도,구리시,수누피공원,10,구리 2024_08.csv,문화관광,도시공원
구리,2024,8,2024-08,83,경기도,구리시,안말어린이공원,10,구리 2024_08.csv,문화관광,도시공원
구리,2024,8,2024-08,83,경기도,구리시,이문안호수공원,10,구리 2024_08.csv,문화관광,도시공원
구리,2024,8,2024-08,86,경기도,구리시,포레스트앤두아카데미,9,구리 2024_08.csv,레저스포츠,기타레저스포츠
구리,2024,8,2024-08,86,경기도,구리시,구리체육관근린공원,9,구리 2024_08.csv,문화관광,도시공원
구리,2024,8,2024-08,86,경기도,구리시,구리시체육회풋살C구장,9,구리 2024_08.csv,문화관광,레저스포츠시설
구리,2024,8,2024-08,86,경기도,구리시,구리시외버스정류장,9,구리 2024_08.csv,기타관광,교통시설
구리,2024,8,2024-08,86,경기도,구리시,마루키즈룸,9,구리 2024_08.csv,문화관광,테마공원
구리,2024,8,2024-08,86,경기도,구리시,가능골공원,9,구리 2024_08.csv,문화관광,도시공원
구리,2024,8,2024-08,86,경기도,구리시,검배근린공원,9,구리 2024_08.csv,문화관광,도시공원
구리,2024,8,2024-08,93,경기도,구리시,모모주말농장,7,구리 2024_08.csv,체험관광,농/산/어촌체험
구리,2024,8,2024-08,93,경기도,구리시,장자탁구클럽,7,구리 2024_08.csv,레저스포츠,기타레저스포츠
구리,2024,8,2024-08,95,경기도,구리시,나무를그리는공방,6,구리 2024_08.csv,체험관광,공예체험
구리,2024,8,2024-08,95,경기도,구리시,갈매주짓수,6,구리 2024_08.csv,레저스포츠,기타레저스포츠
구리,2024,8,2024-08,95,경기도,구리시,GS챔피언스파크야구장,6,구리 2024_08.csv,문화관광,레저스포츠시설
구리,2024,8,2024-08,95,경기도,구리시,삼보2공원,6,구리 2024_08.csv,문화관광,도시공원
구리,2024,8,2024-08,95,경기도,구리시,개맥이공원,6,구리 2024_08.csv,문화관광,도시공원
구리,2024,8,2024-08,95,경기도,구리시,온달정,6,구리 2024_08.csv,레저스포츠,육상레저스포츠
구리,2024,8,2024-08,95,경기도,구리시,한강둔치꽃단지,6,구리 2024_08.csv,문화관광,도시공원
구리,2024,8,2024-08,95,경기도,구리시,백교저수지,6,구리 2024_08.csv,자연관광,자연경관(하천/해양)
구리,2024,8,2024-08,103,경기도,구리시,CMT베이스볼아카데미,5,구리 2024_08.csv,레저스포츠,기타레저스포츠
구리,2024,8,2024-08,103,경기도,구리시,캘리앤조이,5,구리 2024_08.csv,체험관광,공예체험
구리,2024,8,2024-08,103,경기도,구리시,명빈묘,5,구리 2024_08.csv,역사관광,역사유적지
구리,2024,8,2024-08,106,경기도,구리시,김탁구클럽,4,구리 2024_08.csv,레저스포츠,기타레저스포츠
구리,2024,8,2024-08,106,경기도,구리시,덕암사,4,구리 2024_08.csv,역사관광,종교성지
구리,2024,8,2024-08,106,경기도,구리시,나만갑선생신도비,4,구리 2024_08.csv,역사관광,역사유적지
구리,2024,8,2024-08,106,경기도,구리시,필탁구장,4,구리 2024_08.csv,레저스포츠,기타레저스포츠
구리,2024,8,2024-08,110,경기도,구리시,광개토태왕비,3,구리 2024_08.csv,역사관광,역사유물
구리,2024,8,2024-08,110,경기도,구리시,구리시 현충탑,3,구리 2024_08.csv,역사관광,역사유물
구리,2024,8,2024-08,110,경기도,구리시,봉레도,3,구리 2024_08.csv,체험관광,공예체험
구리,2024,8,2024-08,110,경기도,구리시,신행선원,3,구리 2024_08.csv,역사관광,종교성지
구리,2024,8,2024-08,110,경기도,구리시,삼산무에타이구리지관,3,구리 2024_08.csv,레저스포츠,기타레저스포츠
구리,2024,8,2024-08,110,경기도,구리시,인창파크골프장,3,구리 2024_08.csv,레저스포츠,육상레저스포츠
구리,2024,8,2024-08,110,경기도,구리시,새말공원,3,구리 2024_08.csv,문화관광,도시공원
구리,2024,8,2024-08,110,경기도,구리시,아름공원,3,구리 2024_08.csv,문화관광,도시공원
구리,2024,8,2024-08,110,경기도,구리시,안골공원,3,구리 2024_08.csv,문화관광,도시공원
구리,2024,8,2024-08,110,경기도,구리시,주공1단지공원,3,구리 2024_08.csv,문화관광,도시공원
구리,2024,8,2024-08,110,경기도,구리시,주공4단지2공원,3,구리 2024_08.csv,문화관광,도시공원
구리,2024,8,2024-08,110,경기도,구리시,고구려박물관,3,구리 2024_08.csv,문화관광,전시시설
구리,2024,8,2024-08,110,경기도,구리시,G&T선수트레이닝센터,3,구리 2024_08.csv,레저스포츠,기타레저스포츠
구리,2024,9,2024-09,1,경기도,구리시,구리농수산물도매시장,29120,구리 2024_09.csv,쇼핑,시장
구리,2024,9,2024-09,2,경기도,구리시,롯데백화점구리점,12795,구리 2024_09.csv,쇼핑,백화점
구리,2024,9,2024-09,3,경기도,구리시,구리한강시민공원,8147,구리 2024_09.csv,문화관광,도시공원
구리,2024,9,2024-09,4,경기도,구리시,구리전통시장,6522,구리 2024_09.csv,쇼핑,시장
구리,2024,9,2024-09,5,경기도,구리시,태릉CC,4189,구리 2024_09.csv,레저스포츠,육상레저스포츠
구리,2024,9,2024-09,6,경기도,구리시,모다아울렛구리남양주점,4075,구리 2024_09.csv,쇼핑,쇼핑몰
구리,2024,9,2024-09,7,경기도,구리시,롯데아울렛구리점,3190,구리 2024_09.csv,쇼핑,쇼핑몰
구리,2024,9,2024-09,8,경기도,구리시,동구릉,3048,구리 2024_09.csv,역사관광,역사유적지
구리,2024,9,2024-09,9,경기도,구리시,CGV구리갈매,3032,구리 2024_09.csv,문화관광,공연시설
구리,2024,9,2024-09,10,경기도,구리시,구리농수산물도매시장수산2동,2414,구리 2024_09.csv,쇼핑,시장
구리,2024,9,2024-09,11,경기도,구리시,구리타워,2122,구리 2024_09.csv,문화관광,랜드마크관광
구리,2024,9,2024-09,12,경기도,구리시,티엠유아이아울렛,1997,구리 2024_09.csv,쇼핑,쇼핑몰
구리,2024,9,2024-09,13,경기도,구리시,장자호수생태공원,1287,구리 2024_09.csv,문화관광,도시공원
구리,2024,9,2024-09,14,경기도,구리시,구리왕숙체육공원,1182,구리 2024_09.csv,문화관광,도시공원
구리,2024,9,2024-09,15,경기도,구리시,구리청과물도매시장,1013,구리 2024_09.csv,쇼핑,시장
구리,2024,9,2024-09,16,경기도,구리시,구리농수산물도매시장수산동,947,구리 2024_09.csv,쇼핑,시장
구리,2024,9,2024-09,17,경기도,구리시,고구려대장간마을,877,구리 2024_09.csv,문화관광,기타문화관광지
구리,2024,9,2024-09,18,경기도,구리시,구리시곤충생태관,843,구리 2024_09.csv,문화관광,전시시설
구리,2024,9,2024-09,19,경기도,구리시,롯데시네마구리아울렛,777,구리 2024_09.csv,문화관광,공연시설
구리,2024,9,2024-09,20,경기도,구리시,GS챔피언스파크,744,구리 2024_09.csv,레저스포츠,기타레저스포츠
구리,2024,9,2024-09,21,경기도,구리시,CGV구리,641,구리 2024_09.csv,문화관광,공연시설
구리,2024,9,2024-09,22,경기도,구리시,구리시체육회축구장,607,구리 2024_09.csv,문화관광,레저스포츠시설
구리,2024,9,2024-09,23,경기도,구리시,구리농수산물공사,479,구리 2024_09.csv,쇼핑,시장
구리,2024,9,2024-09,24,경기도,구리시,구리시청소년수련관,475,구리 2024_09.csv,레저스포츠,육상레저스포츠
구리,2024,9,2024-09,25,경기도,구리시,와니엘배팅센터서울구리점,471,구리 2024_09.csv,레저스포츠,기타레저스포츠
구리,2024,9,2024-09,26,경기도,구리시,렛츠런CCC구리지점,440,구리 2024_09.csv,레저스포츠,육상레저스포츠
구리,2024,9,2024-09,27,경기도,구리시,장자호수생태체험관,403,구리 2024_09.csv,기타관광,기타관광
구리,2024,9,2024-09,28,경기도,구리시,구리어린이천문대,393,구리 2024_09.csv,기타관광,기타관광
구리,2024,9,2024-09,29,경기도,구리시,동서울어린이천문대,262,구리 2024_09.csv,기타관광,기타관광
구리,2024,9,2024-09,30,경기도,구리시,구리한강시민공원야구장,253,구리 2024_09.csv,문화관광,레저스포츠시설
구리,2024,9,2024-09,31,경기도,구리시,보원탄산온천,249,구리 2024_09.csv,체험관광,웰니스관광
구리,2024,9,2024-09,32,경기도,구리시,구리왕숙체육공원축구장,239,구리 2024_09.csv,문화관광,레저스포츠시설
구리,2024,9,2024-09,33,경기도,구리시,구리승마클럽,234,구리 2024_09.csv,레저스포츠,육상레저스포츠
구리,2024,9,2024-09,34,경기도,구리시,구리코스모스축제,161,구리 2024_09.csv,문화관광,기타문화관광지
구리,2024,9,2024-09,34,경기도,구리시,정각사,161,구리 2024_09.csv,역사관광,종교성지
구리,2024,9,2024-09,36,경기도,구리시,동사골주말농장,134,구리 2024_09.csv,체험관광,농/산/어촌체험
구리,2024,9,2024-09,37,경기도,구리시,힐링FC풋살장,130,구리 2024_09.csv,레저스포츠,기타레저스포츠
구리,2024,9,2024-09,38,경기도,구리시,스토래지풋살구리아천점,102,구리 2024_09.csv,레저스포츠,기타레저스포츠
구리,2024,9,2024-09,39,경기도,구리시,더가루구리점,100,구리 2024_09.csv,문화관광,테마공원
구리,2024,9,2024-09,40,경기도,구리시,갈매중앙공원,99,구리 2024_09.csv,문화관광,도시공원
구리,2024,9,2024-09,41,경기도,구리시,인창중학교 야구장,93,구리 2024_09.csv,문화관광,레저스포츠시설
구리,2024,9,2024-09,42,경기도,구리시,퐁퐁플라워구리센터,86,구리 2024_09.csv,문화관광,테마공원
구리,2024,9,2024-09,43,경기도,구리시,구리아트홀코스모스대극장,85,구리 2024_09.csv,문화관광,공연시설
구리,2024,9,2024-09,44,경기도,구리시,중앙하이츠티움,81,구리 2024_09.csv,쇼핑,쇼핑몰
구리,2024,9,2024-09,45,경기도,구리시,스트라이크존구리돌다리구장,80,구리 2024_09.csv,레저스포츠,기타레저스포츠
구리,2024,9,2024-09,46,경기도,구리시,인창고등학교야구장,70,구리 2024_09.csv,문화관광,레저스포츠시설
구리,2024,9,2024-09,47,경기도,구리시,김병지축구클럽구리롯데아울렛점,69,구리 2024_09.csv,레저스포츠,기타레저스포츠
구리,2024,9,2024-09,48,경기도,구리시,구리시립체육공원,59,구리 2024_09.csv,문화관광,도시공원
구리,2024,9,2024-09,49,경기도,구리시,피쉬스쿨실내낚시카페,54,구리 2024_09.csv,레저스포츠,수상레저스포츠
구리,2024,9,2024-09,50,경기도,구리시,토평공원,52,구리 2024_09.csv,문화관광,도시공원
구리,2024,9,2024-09,51,경기도,구리시,보현사,47,구리 2024_09.csv,역사관광,종교성지
구리,2024,9,2024-09,52,경기도,구리시,구리시립리틀야구장,43,구리 2024_09.csv,문화관광,레저스포츠시설
구리,2024,9,2024-09,53,경기도,구리시,인창중앙공원,41,구리 2024_09.csv,문화관광,도시공원
구리,2024,9,2024-09,54,경기도,구리시,대한불교천태종금성사,38,구리 2024_09.csv,역사관광,종교성지
구리,2024,9,2024-09,55,경기도,구리시,갈매구릉산자락길,36,구리 2024_09.csv,문화관광,도시공원
구리,2024,9,2024-09,56,경기도,구리시,영테니스아카데미,35,구리 2024_09.csv,레저스포츠,기타레저스포츠
구리,2024,9,2024-09,56,경기도,구리시,구리역공원,35,구리 2024_09.csv,문화관광,도시공원
구리,2024,9,2024-09,58,경기도,구리시,노리숲프라이빗키즈파티룸,34,구리 2024_09.csv,문화관광,테마공원
구리,2024,9,2024-09,59,경기도,구리시,디라이프풋볼파크,32,구리 2024_09.csv,레저스포츠,기타레저스포츠
구리,2024,9,2024-09,59,경기도,구리시,구리시외버스정류장,32,구리 2024_09.csv,기타관광,교통시설
구리,2024,9,2024-09,61,경기도,구리시,크로스핏라곰,31,구리 2024_09.csv,레저스포츠,기타레저스포츠
구리,2024,9,2024-09,62,경기도,구리시,라곰트레이닝인창점,30,구리 2024_09.csv,레저스포츠,기타레저스포츠
구리,2024,9,2024-09,63,경기도,구리시,구리음악창작소,29,구리 2024_09.csv,문화관광,기타문화관광지
구리,2024,9,2024-09,63,경기도,구리시,구리유통종합시장축산가공식품동,29,구리 2024_09.csv,쇼핑,시장
구리,2024,9,2024-09,63,경기도,구리시,경환농원,29,구리 2024_09.csv,체험관광,농/산/어촌체험
구리,2024,9,2024-09,66,경기도,구리시,마루키즈룸,27,구리 2024_09.csv,문화관광,테마공원
구리,2024,9,2024-09,67,경기도,구리시,왕숙천둔치공원,23,구리 2024_09.csv,문화관광,도시공원
구리,2024,9,2024-09,68,경기도,구리시,구리시안전체험관,22,구리 2024_09.csv,문화관광,전시시설
구리,2024,9,2024-09,69,경기도,구리시,온달정,21,구리 2024_09.csv,레저스포츠,육상레저스포츠
구리,2024,9,2024-09,70,경기도,구리시,왕숙천족구장,20,구리 2024_09.csv,레저스포츠,기타레저스포츠
구리,2024,9,2024-09,71,경기도,구리시,이문안호수공원,16,구리 2024_09.csv,문화관광,도시공원
구리,2024,9,2024-09,72,경기도,구리시,KCC이지스주니어구리점,15,구리 2024_09.csv,레저스포츠,기타레저스포츠
구리,2024,9,2024-09,72,경기도,구리시,돌다리공원,15,구리 2024_09.csv,문화관광,도시공원
구리,2024,9,2024-09,74,경기도,구리시,휘트니스플레이스구리인창점,14,구리 2024_09.csv,레저스포츠,기타레저스포츠
구리,2024,9,2024-09,74,경기도,구리시,옥밭굴공원,14,구리 2024_09.csv,문화관광,도시공원
구리,2024,9,2024-09,74,경기도,구리시,전남수산,14,구리 2024_09.csv,쇼핑,시장
구리,2024,9,2024-09,77,경기도,구리시,삼봉사,13,구리 2024_09.csv,역사관광,종교성지
구리,2024,9,2024-09,77,경기도,구리시,G&T선수트레이닝센터,13,구리 2024_09.csv,레저스포츠,기타레저스포츠
구리,2024,9,2024-09,79,경기도,구리시,명빈묘,11,구리 2024_09.csv,역사관광,역사유적지
구리,2024,9,2024-09,79,경기도,구리시,원촌공원,11,구리 2024_09.csv,문화관광,도시공원
구리,2024,9,2024-09,79,경기도,구리시,서가산공원,11,구리 2024_09.csv,문화관광,도시공원
구리,2024,9,2024-09,79,경기도,구리시,검배근린공원,11,구리 2024_09.csv,문화관광,도시공원
구리,2024,9,2024-09,83,경기도,구리시,파이팅스테이션,10,구리 2024_09.csv,레저스포츠,기타레저스포츠
구리,2024,9,2024-09,83,경기도,구리시,구리둘레길1코스,10,구리 2024_09.csv,레저스포츠,기타레저스포츠
구리,2024,9,2024-09,83,경기도,구리시,안골공원,10,구리 2024_09.csv,문화관광,도시공원
구리,2024,9,2024-09,83,경기도,구리시,한강둔치꽃단지,10,구리 2024_09.csv,문화관광,도시공원
구리,2024,9,2024-09,87,경기도,구리시,구리체육관근린공원,9,구리 2024_09.csv,문화관광,도시공원
구리,2024,9,2024-09,87,경기도,구리시,마골공원,9,구리 2024_09.csv,문화관광,도시공원
구리,2024,9,2024-09,87,경기도,구리시,모모주말농장,9,구리 2024_09.csv,체험관광,농/산/어촌체험
구리,2024,9,2024-09,87,경기도,구리시,토평공원물놀이장,9,구리 2024_09.csv,문화관광,테마공원
구리,2024,9,2024-09,91,경기도,구리시,구리시체육회풋살C구장,7,구리 2024_09.csv,문화관광,레저스포츠시설
구리,2024,9,2024-09,92,경기도,구리시,협동공원,6,구리 2024_09.csv,문화관광,도시공원
구리,2024,9,2024-09,92,경기도,구리시,필탁구장,6,구리 2024_09.csv,레저스포츠,기타레저스포츠
구리,2024,9,2024-09,92,경기도,구리시,공덕사,6,구리 2024_09.csv,역사관광,종교성지
구리,2024,9,2024-09,95,경기도,구리시,목공방순,5,구리 2024_09.csv,체험관광,공예체험
구리,2024,9,2024-09,95,경기도,구리시,아천빗물펌프장생태습지,5,구리 2024_09.csv,문화관광,도시공원
구리,2024,9,2024-09,97,경기도,구리시,마운틴스타클라이밍,4,구리 2024_09.csv,레저스포츠,기타레저스포츠
구리,2024,9,2024-09,97,경기도,구리시,포레스트앤두아카데미,4,구리 2024_09.csv,레저스포츠,기타레저스포츠
구리,2024,9,2024-09,97,경기도,구리시,주공2단지1공원,4,구리 2024_09.csv,문화관광,도시공원
구리,2024,9,2024-09,97,경기도,구리시,장자탁구클럽,4,구리 2024_09.csv,레저스포츠,기타레저스포츠
구리,2024,9,2024-09,97,경기도,구리시,왕숙천둔치물놀이장,4,구리 2024_09.csv,문화관광,테마공원
구리,2024,9,2024-09,102,경기도,구리시,샛다리지,3,구리 2024_09.csv,자연관광,자연경관(하천/해양)
구리,2024,9,2024-09,102,경기도,구리시,구리시 현충탑,3,구리 2024_09.csv,역사관광,역사유물
구리,2024,9,2024-09,102,경기도,구리시,아천농원,3,구리 2024_09.csv,체험관광,농/산/어촌체험
구리,2024,9,2024-09,102,경기도,구리시,갈매주짓수,3,구리 2024_09.csv,레저스포츠,기타레저스포츠
구리,2024,9,2024-09,102,경기도,구리시,구리한강시민공원어린이튜브물놀이장,3,구리 2024_09.csv,문화관광,테마공원
구리,2024,9,2024-09,102,경기도,구리시,GS챔피언스파크야구장,3,구리 2024_09.csv,문화관광,레저스포츠시설
구리,2024,9,2024-09,102,경기도,구리시,신행선원,3,구리 2024_09.csv,역사관광,종교성지
구리,2024,9,2024-09,102,경기도,구리시,건원릉,3,구리 2024_09.csv,역사관광,역사유적지
구리,2024,9,2024-09,102,경기도,구리시,237탁구클럽,3,구리 2024_09.csv,레저스포츠,기타레저스포츠
구리,2024,9,2024-09,102,경기도,구리시,삼보2공원,3,구리 2024_09.csv,문화관광,도시공원
구리,2024,9,2024-09,102,경기도,구리시,새말공원,3,구리 2024_09.csv,문화관광,도시공원
구리,2024,9,2024-09,102,경기도,구리시,팡팡존,3,구리 2024_09.csv,문화관광,테마공원
구리,2024,9,2024-09,102,경기도,구리시,나만갑선생신도비,3,구리 2024_09.csv,역사관광,역사유적지
구리,2024,9,2024-09,102,경기도,구리시,주공4단지2공원,3,구리 2024_09.csv,문화관광,도시공원
구리,2024,9,2024-09,102,경기도,구리시,관보수산,3,구리 2024_09.csv,쇼핑,시장
구리,2024,9,2024-09,102,경기도,구리시,고구려박물관,3,구리 2024_09.csv,문화관광,전시시설
구리,2024,9,2024-09,102,경기도,구리시,구리LG구장,3,구리 2024_09.csv,레저스포츠,기타레저스포츠
구리,2024,9,2024-09,102,경기도,구리시,백교저수지,3,구리 2024_09.csv,자연관광,자연경관(하천/해양)
구리,2024,9,2024-09,102,경기도,구리시,커피나무농원,3,구리 2024_09.csv,체험관광,농/산/어촌체험
구리,2024,9,2024-09,102,경기도,구리시,안말어린이공원,3,구리 2024_09.csv,문화관광,도시공원
구리,2024,9,2024-09,102,경기도,구리시,낚짜,3,구리 2024_09.csv,레저스포츠,수상레저스포츠
구리,2024,9,2024-09,102,경기도,구리시,도당공원,3,구리 2024_09.csv,문화관광,도시공원
구리,2024,10,2024-10,1,경기도,구리시,구리농수산물도매시장,27858,구리 2024_10.csv,쇼핑,시장
구리,2024,10,2024-10,2,경기도,구리시,구리한강시민공원,22514,구리 2024_10.csv,문화관광,도시공원
구리,2024,10,2024-10,3,경기도,구리시,롯데백화점구리점,12930,구리 2024_10.csv,쇼핑,백화점
구리,2024,10,2024-10,4,경기도,구리시,구리전통시장,5894,구리 2024_10.csv,쇼핑,시장
구리,2024,10,2024-10,5,경기도,구리시,모다아울렛구리남양주점,4765,구리 2024_10.csv,쇼핑,쇼핑몰
구리,2024,10,2024-10,6,경기도,구리시,동구릉,4394,구리 2024_10.csv,역사관광,역사유적지
구리,2024,10,2024-10,7,경기도,구리시,태릉CC,3899,구리 2024_10.csv,레저스포츠,육상레저스포츠
구리,2024,10,2024-10,8,경기도,구리시,롯데아울렛구리점,3557,구리 2024_10.csv,쇼핑,쇼핑몰
구리,2024,10,2024-10,9,경기도,구리시,구리코스모스축제,3005,구리 2024_10.csv,문화관광,기타문화관광지
구리,2024,10,2024-10,10,경기도,구리시,구리농수산물도매시장수산2동,2584,구리 2024_10.csv,쇼핑,시장
구리,2024,10,2024-10,11,경기도,구리시,CGV구리갈매,2383,구리 2024_10.csv,문화관광,공연시설
구리,2024,10,2024-10,12,경기도,구리시,구리타워,2268,구리 2024_10.csv,문화관광,랜드마크관광
구리,2024,10,2024-10,13,경기도,구리시,티엠유아이아울렛,1914,구리 2024_10.csv,쇼핑,쇼핑몰
구리,2024,10,2024-10,14,경기도,구리시,장자호수생태공원,1680,구리 2024_10.csv,문화관광,도시공원
구리,2024,10,2024-10,15,경기도,구리시,구리왕숙체육공원,1474,구리 2024_10.csv,문화관광,도시공원
구리,2024,10,2024-10,16,경기도,구리시,고구려대장간마을,1097,구리 2024_10.csv,문화관광,기타문화관광지
구리,2024,10,2024-10,17,경기도,구리시,구리농수산물도매시장수산동,1078,구리 2024_10.csv,쇼핑,시장
구리,2024,10,2024-10,18,경기도,구리시,구리시체육회축구장,919,구리 2024_10.csv,문화관광,레저스포츠시설
구리,2024,10,2024-10,19,경기도,구리시,GS챔피언스파크,805,구리 2024_10.csv,레저스포츠,기타레저스포츠
구리,2024,10,2024-10,20,경기도,구리시,구리청과물도매시장,786,구리 2024_10.csv,쇼핑,시장
구리,2024,10,2024-10,21,경기도,구리시,구리시곤충생태관,756,구리 2024_10.csv,문화관광,전시시설
구리,2024,10,2024-10,22,경기도,구리시,롯데시네마구리아울렛,596,구리 2024_10.csv,문화관광,공연시설
구리,2024,10,2024-10,23,경기도,구리시,와니엘배팅센터서울구리점,483,구리 2024_10.csv,레저스포츠,기타레저스포츠
구리,2024,10,2024-10,24,경기도,구리시,구리어린이천문대,442,구리 2024_10.csv,기타관광,기타관광
구리,2024,10,2024-10,24,경기도,구리시,구리농수산물공사,442,구리 2024_10.csv,쇼핑,시장
구리,2024,10,2024-10,26,경기도,구리시,CGV구리,406,구리 2024_10.csv,문화관광,공연시설
구리,2024,10,2024-10,27,경기도,구리시,렛츠런CCC구리지점,404,구리 2024_10.csv,레저스포츠,육상레저스포츠
구리,2024,10,2024-10,28,경기도,구리시,구리시청소년수련관,397,구리 2024_10.csv,레저스포츠,육상레저스포츠
구리,2024,10,2024-10,29,경기도,구리시,장자호수생태체험관,356,구리 2024_10.csv,기타관광,기타관광
구리,2024,10,2024-10,30,경기도,구리시,구리왕숙체육공원축구장,349,구리 2024_10.csv,문화관광,레저스포츠시설
구리,2024,10,2024-10,31,경기도,구리시,구리승마클럽,322,구리 2024_10.csv,레저스포츠,육상레저스포츠
구리,2024,10,2024-10,32,경기도,구리시,보원탄산온천,262,구리 2024_10.csv,체험관광,웰니스관광
구리,2024,10,2024-10,33,경기도,구리시,동서울어린이천문대,248,구리 2024_10.csv,기타관광,기타관광
구리,2024,10,2024-10,34,경기도,구리시,구리한강시민공원야구장,214,구리 2024_10.csv,문화관광,레저스포츠시설
구리,2024,10,2024-10,35,경기도,구리시,한강둔치꽃단지,183,구리 2024_10.csv,문화관광,도시공원
구리,2024,10,2024-10,36,경기도,구리시,정각사,147,구리 2024_10.csv,역사관광,종교성지
구리,2024,10,2024-10,37,경기도,구리시,인창고등학교야구장,142,구리 2024_10.csv,문화관광,레저스포츠시설
구리,2024,10,2024-10,38,경기도,구리시,구리아트홀코스모스대극장,137,구리 2024_10.csv,문화관광,공연시설
구리,2024,10,2024-10,39,경기도,구리시,힐링FC풋살장,107,구리 2024_10.csv,레저스포츠,기타레저스포츠
구리,2024,10,2024-10,39,경기도,구리시,동사골주말농장,107,구리 2024_10.csv,체험관광,농/산/어촌체험
구리,2024,10,2024-10,41,경기도,구리시,갈매중앙공원,100,구리 2024_10.csv,문화관광,도시공원
구리,2024,10,2024-10,42,경기도,구리시,인창중학교 야구장,96,구리 2024_10.csv,문화관광,레저스포츠시설
구리,2024,10,2024-10,43,경기도,구리시,더가루구리점,82,구리 2024_10.csv,문화관광,테마공원
구리,2024,10,2024-10,44,경기도,구리시,스토래지풋살구리아천점,77,구리 2024_10.csv,레저스포츠,기타레저스포츠
구리,2024,10,2024-10,45,경기도,구리시,구리시립체육공원,76,구리 2024_10.csv,문화관광,도시공원
구리,2024,10,2024-10,46,경기도,구리시,대한불교천태종금성사,73,구리 2024_10.csv,역사관광,종교성지
구리,2024,10,2024-10,47,경기도,구리시,퐁퐁플라워구리센터,63,구리 2024_10.csv,문화관광,테마공원
구리,2024,10,2024-10,48,경기도,구리시,토평공원,61,구리 2024_10.csv,문화관광,도시공원
구리,2024,10,2024-10,49,경기도,구리시,마루키즈룸,59,구리 2024_10.csv,문화관광,테마공원
구리,2024,10,2024-10,50,경기도,구리시,김병지축구클럽구리롯데아울렛점,58,구리 2024_10.csv,레저스포츠,기타레저스포츠
구리,2024,10,2024-10,51,경기도,구리시,구리시립리틀야구장,54,구리 2024_10.csv,문화관광,레저스포츠시설
구리,2024,10,2024-10,52,경기도,구리시,피쉬스쿨실내낚시카페,51,구리 2024_10.csv,레저스포츠,수상레저스포츠
구리,2024,10,2024-10,53,경기도,구리시,중앙하이츠티움,47,구리 2024_10.csv,쇼핑,쇼핑몰
구리,2024,10,2024-10,54,경기도,구리시,노리숲프라이빗키즈파티룸,45,구리 2024_10.csv,문화관광,테마공원
구리,2024,10,2024-10,54,경기도,구리시,인창중앙공원,45,구리 2024_10.csv,문화관광,도시공원
구리,2024,10,2024-10,56,경기도,구리시,인창파크골프장,42,구리 2024_10.csv,레저스포츠,육상레저스포츠
구리,2024,10,2024-10,57,경기도,구리시,보현사,40,구리 2024_10.csv,역사관광,종교성지
구리,2024,10,2024-10,58,경기도,구리시,왕숙천족구장,36,구리 2024_10.csv,레저스포츠,기타레저스포츠
구리,2024,10,2024-10,59,경기도,구리시,KCC이지스주니어구리점,35,구리 2024_10.csv,레저스포츠,기타레저스포츠
구리,2024,10,2024-10,60,경기도,구리시,갈매구릉산자락길,34,구리 2024_10.csv,문화관광,도시공원
구리,2024,10,2024-10,60,경기도,구리시,라곰트레이닝인창점,34,구리 2024_10.csv,레저스포츠,기타레저스포츠
구리,2024,10,2024-10,60,경기도,구리시,왕숙천둔치공원,34,구리 2024_10.csv,문화관광,도시공원
구리,2024,10,2024-10,63,경기도,구리시,아천빗물펌프장생태습지,31,구리 2024_10.csv,문화관광,도시공원
구리,2024,10,2024-10,64,경기도,구리시,영테니스아카데미,28,구리 2024_10.csv,레저스포츠,기타레저스포츠
구리,2024,10,2024-10,65,경기도,구리시,구리역공원,27,구리 2024_10.csv,문화관광,도시공원
구리,2024,10,2024-10,66,경기도,구리시,검배근린공원,24,구리 2024_10.csv,문화관광,도시공원
구리,2024,10,2024-10,66,경기도,구리시,이문안호수공원,24,구리 2024_10.csv,문화관광,도시공원
구리,2024,10,2024-10,68,경기도,구리시,구리음악창작소,23,구리 2024_10.csv,문화관광,기타문화관광지
구리,2024,10,2024-10,69,경기도,구리시,구리유통종합시장축산가공식품동,22,구리 2024_10.csv,쇼핑,시장
구리,2024,10,2024-10,69,경기도,구리시,경환농원,22,구리 2024_10.csv,체험관광,농/산/어촌체험
구리,2024,10,2024-10,69,경기도,구리시,삼봉사,22,구리 2024_10.csv,역사관광,종교성지
구리,2024,10,2024-10,72,경기도,구리시,전남수산,20,구리 2024_10.csv,쇼핑,시장
구리,2024,10,2024-10,73,경기도,구리시,스트라이크존구리돌다리구장,19,구리 2024_10.csv,레저스포츠,기타레저스포츠
구리,2024,10,2024-10,74,경기도,구리시,디라이프풋볼파크,17,구리 2024_10.csv,레저스포츠,기타레저스포츠
구리,2024,10,2024-10,74,경기도,구리시,원촌공원,17,구리 2024_10.csv,문화관광,도시공원
구리,2024,10,2024-10,76,경기도,구리시,크로스핏라곰,16,구리 2024_10.csv,레저스포츠,기타레저스포츠
구리,2024,10,2024-10,76,경기도,구리시,GS챔피언스파크야구장,16,구리 2024_10.csv,문화관광,레저스포츠시설
구리,2024,10,2024-10,78,경기도,구리시,구리체육관근린공원,15,구리 2024_10.csv,문화관광,도시공원
구리,2024,10,2024-10,78,경기도,구리시,돌다리공원,15,구리 2024_10.csv,문화관광,도시공원
구리,2024,10,2024-10,80,경기도,구리시,협동공원,14,구리 2024_10.csv,문화관광,도시공원
구리,2024,10,2024-10,81,경기도,구리시,모모주말농장,12,구리 2024_10.csv,체험관광,농/산/어촌체험
구리,2024,10,2024-10,82,경기도,구리시,갈매주짓수,10,구리 2024_10.csv,레저스포츠,기타레저스포츠
구리,2024,10,2024-10,82,경기도,구리시,수누피공원,10,구리 2024_10.csv,문화관광,도시공원
구리,2024,10,2024-10,84,경기도,구리시,구리시안전체험관,9,구리 2024_10.csv,문화관광,전시시설
구리,2024,10,2024-10,84,경기도,구리시,구리시체육회풋살C구장,9,구리 2024_10.csv,문화관광,레저스포츠시설
구리,2024,10,2024-10,84,경기도,구리시,구리시외버스정류장,9,구리 2024_10.csv,기타관광,교통시설
구리,2024,10,2024-10,84,경기도,구리시,온달정,9,구리 2024_10.csv,레저스포츠,육상레저스포츠
구리,2024,10,2024-10,88,경기도,구리시,필탁구장,8,구리 2024_10.csv,레저스포츠,기타레저스포츠
구리,2024,10,2024-10,89,경기도,구리시,구리둘레길1코스,7,구리 2024_10.csv,레저스포츠,기타레저스포츠
구리,2024,10,2024-10,89,경기도,구리시,휘트니스플레이스구리인창점,7,구리 2024_10.csv,레저스포츠,기타레저스포츠
구리,2024,10,2024-10,89,경기도,구리시,안골공원,7,구리 2024_10.csv,문화관광,도시공원
구리,2024,10,2024-10,89,경기도,구리시,주공6단지공원,7,구리 2024_10.csv,문화관광,도시공원
구리,2024,10,2024-10,89,경기도,구리시,장자탁구클럽,7,구리 2024_10.csv,레저스포츠,기타레저스포츠
구리,2024,10,2024-10,89,경기도,구리시,공덕사,7,구리 2024_10.csv,역사관광,종교성지
구리,2024,10,2024-10,95,경기도,구리시,237탁구클럽,6,구리 2024_10.csv,레저스포츠,기타레저스포츠
구리,2024,10,2024-10,95,경기도,구리시,명빈묘,6,구리 2024_10.csv,역사관광,역사유적지
구리,2024,10,2024-10,95,경기도,구리시,백교저수지,6,구리 2024_10.csv,자연관광,자연경관(하천/해양)
구리,2024,10,2024-10,98,경기도,구리시,광개토태왕비,5,구리 2024_10.csv,역사관광,역사유물
구리,2024,10,2024-10,98,경기도,구리시,아천농원,5,구리 2024_10.csv,체험관광,농/산/어촌체험
구리,2024,10,2024-10,98,경기도,구리시,동구하늘공원,5,구리 2024_10.csv,문화관광,도시공원
구리,2024,10,2024-10,101,경기도,구리시,CMT베이스볼아카데미,4,구리 2024_10.csv,레저스포츠,기타레저스포츠
구리,2024,10,2024-10,101,경기도,구리시,갈매중앙공원물놀이장,4,구리 2024_10.csv,문화관광,테마공원
구리,2024,10,2024-10,101,경기도,구리시,주공1단지공원,4,구리 2024_10.csv,문화관광,도시공원
구리,2024,10,2024-10,101,경기도,구리시,스포렉스실내야구장,4,구리 2024_10.csv,문화관광,레저스포츠시설
구리,2024,10,2024-10,101,경기도,구리시,구리시주니어야구장,4,구리 2024_10.csv,문화관광,레저스포츠시설
구리,2024,10,2024-10,106,경기도,구리시,김탁구클럽,3,구리 2024_10.csv,레저스포츠,기타레저스포츠
구리,2024,10,2024-10,106,경기도,구리시,마운틴스타클라이밍,3,구리 2024_10.csv,레저스포츠,기타레저스포츠
구리,2024,10,2024-10,106,경기도,구리시,주에덴,3,구리 2024_10.csv,체험관광,공예체험
구리,2024,10,2024-10,106,경기도,구리시,삼산무에타이구리지관,3,구리 2024_10.csv,레저스포츠,기타레저스포츠
구리,2024,10,2024-10,106,경기도,구리시,평해수산,3,구리 2024_10.csv,쇼핑,시장
구리,2024,10,2024-10,106,경기도,구리시,구리동구릉문화제,3,구리 2024_10.csv,레저스포츠,기타레저스포츠
구리,2024,10,2024-10,106,경기도,구리시,삼보2공원,3,구리 2024_10.csv,문화관광,도시공원
구리,2024,10,2024-10,106,경기도,구리시,새말공원,3,구리 2024_10.csv,문화관광,도시공원
구리,2024,10,2024-10,106,경기도,구리시,옥밭굴공원,3,구리 2024_10.csv,문화관광,도시공원
구리,2024,10,2024-10,106,경기도,구리시,가능골공원,3,구리 2024_10.csv,문화관광,도시공원
구리,2024,10,2024-10,106,경기도,구리시,금호공원,3,구리 2024_10.csv,문화관광,도시공원
구리,2024,10,2024-10,106,경기도,구리시,늘푸른공원,3,구리 2024_10.csv,문화관광,도시공원
구리,2024,10,2024-10,106,경기도,구리시,자비정사,3,구리 2024_10.csv,역사관광,종교성지
구리,2024,10,2024-10,106,경기도,구리시,나만갑선생신도비,3,구리 2024_10.csv,역사관광,역사유적지
구리,2024,10,2024-10,106,경기도,구리시,푸른숲농원,3,구리 2024_10.csv,체험관광,농/산/어촌체험
구리,2024,10,2024-10,106,경기도,구리시,관보수산,3,구리 2024_10.csv,쇼핑,시장
구리,2024,10,2024-10,106,경기도,구리시,남강수산,3,구리 2024_10.csv,쇼핑,시장
구리,2024,10,2024-10,106,경기도,구리시,고구려박물관,3,구리 2024_10.csv,문화관광,전시시설
구리,2024,10,2024-10,106,경기도,구리시,방방,3,구리 2024_10.csv,문화관광,테마공원
구리,2024,10,2024-10,106,경기도,구리시,G&T선수트레이닝센터,3,구리 2024_10.csv,레저스포츠,기타레저스포츠
구리,2024,10,2024-10,106,경기도,구리시,자전거교육장,3,구리 2024_10.csv,레저스포츠,기타레저스포츠
구리,2024,10,2024-10,106,경기도,구리시,도당공원,3,구리 2024_10.csv,문화관광,도시공원
구리,2024,11,2024-11,1,경기도,구리시,구리농수산물도매시장,29176,구리 2024_11.csv,쇼핑,시장
구리,2024,11,2024-11,2,경기도,구리시,롯데백화점구리점,13091,구리 2024_11.csv,쇼핑,백화점
구리,2024,11,2024-11,3,경기도,구리시,구리한강시민공원,5892,구리 2024_11.csv,문화관광,도시공원
구리,2024,11,2024-11,4,경기도,구리시,구리전통시장,5750,구리 2024_11.csv,쇼핑,시장
구리,2024,11,2024-11,5,경기도,구리시,모다아울렛구리남양주점,4461,구리 2024_11.csv,쇼핑,쇼핑몰
구리,2024,11,2024-11,6,경기도,구리시,동구릉,3786,구리 2024_11.csv,역사관광,역사유적지
구리,2024,11,2024-11,7,경기도,구리시,롯데아울렛구리점,3376,구리 2024_11.csv,쇼핑,쇼핑몰
구리,2024,11,2024-11,8,경기도,구리시,태릉CC,2728,구리 2024_11.csv,레저스포츠,육상레저스포츠
구리,2024,11,2024-11,9,경기도,구리시,CGV구리갈매,2408,구리 2024_11.csv,문화관광,공연시설
구리,2024,11,2024-11,10,경기도,구리시,구리농수산물도매시장수산2동,2073,구리 2024_11.csv,쇼핑,시장
구리,2024,11,2024-11,11,경기도,구리시,구리타워,1934,구리 2024_11.csv,문화관광,랜드마크관광
구리,2024,11,2024-11,12,경기도,구리시,장자호수생태공원,1336,구리 2024_11.csv,문화관광,도시공원
구리,2024,11,2024-11,13,경기도,구리시,티엠유아이아울렛,1221,구리 2024_11.csv,쇼핑,쇼핑몰
구리,2024,11,2024-11,14,경기도,구리시,구리왕숙체육공원,1216,구리 2024_11.csv,문화관광,도시공원
구리,2024,11,2024-11,15,경기도,구리시,고구려대장간마을,904,구리 2024_11.csv,문화관광,기타문화관광지
구리,2024,11,2024-11,16,경기도,구리시,구리농수산물도매시장수산동,813,구리 2024_11.csv,쇼핑,시장
구리,2024,11,2024-11,17,경기도,구리시,구리청과물도매시장,791,구리 2024_11.csv,쇼핑,시장
구리,2024,11,2024-11,18,경기도,구리시,GS챔피언스파크,739,구리 2024_11.csv,레저스포츠,기타레저스포츠
구리,2024,11,2024-11,19,경기도,구리시,구리시체육회축구장,705,구리 2024_11.csv,문화관광,레저스포츠시설
구리,2024,11,2024-11,20,경기도,구리시,구리시곤충생태관,597,구리 2024_11.csv,문화관광,전시시설
구리,2024,11,2024-11,21,경기도,구리시,롯데시네마구리아울렛,536,구리 2024_11.csv,문화관광,공연시설
구리,2024,11,2024-11,22,경기도,구리시,구리농수산물공사,498,구리 2024_11.csv,쇼핑,시장
구리,2024,11,2024-11,23,경기도,구리시,렛츠런CCC구리지점,495,구리 2024_11.csv,레저스포츠,육상레저스포츠
구리,2024,11,2024-11,24,경기도,구리시,구리시청소년수련관,456,구리 2024_11.csv,레저스포츠,육상레저스포츠
구리,2024,11,2024-11,25,경기도,구리시,구리어린이천문대,438,구리 2024_11.csv,기타관광,기타관광
구리,2024,11,2024-11,25,경기도,구리시,구리한강시민공원야구장,438,구리 2024_11.csv,문화관광,레저스포츠시설
구리,2024,11,2024-11,27,경기도,구리시,CGV구리,385,구리 2024_11.csv,문화관광,공연시설
구리,2024,11,2024-11,28,경기도,구리시,와니엘배팅센터서울구리점,375,구리 2024_11.csv,레저스포츠,기타레저스포츠
구리,2024,11,2024-11,29,경기도,구리시,구리왕숙체육공원축구장,331,구리 2024_11.csv,문화관광,레저스포츠시설
구리,2024,11,2024-11,30,경기도,구리시,구리승마클럽,317,구리 2024_11.csv,레저스포츠,육상레저스포츠
구리,2024,11,2024-11,31,경기도,구리시,장자호수생태체험관,295,구리 2024_11.csv,기타관광,기타관광
구리,2024,11,2024-11,32,경기도,구리시,동서울어린이천문대,281,구리 2024_11.csv,기타관광,기타관광
구리,2024,11,2024-11,33,경기도,구리시,보원탄산온천,276,구리 2024_11.csv,체험관광,웰니스관광
구리,2024,11,2024-11,34,경기도,구리시,인창고등학교야구장,250,구리 2024_11.csv,문화관광,레저스포츠시설
구리,2024,11,2024-11,35,경기도,구리시,인창중학교 야구장,217,구리 2024_11.csv,문화관광,레저스포츠시설
구리,2024,11,2024-11,36,경기도,구리시,정각사,137,구리 2024_11.csv,역사관광,종교성지
구리,2024,11,2024-11,37,경기도,구리시,구리시립리틀야구장,120,구리 2024_11.csv,문화관광,레저스포츠시설
구리,2024,11,2024-11,38,경기도,구리시,스토래지풋살구리아천점,118,구리 2024_11.csv,레저스포츠,기타레저스포츠
구리,2024,11,2024-11,39,경기도,구리시,동사골주말농장,107,구리 2024_11.csv,체험관광,농/산/어촌체험
구리,2024,11,2024-11,40,경기도,구리시,갈매중앙공원,91,구리 2024_11.csv,문화관광,도시공원
구리,2024,11,2024-11,41,경기도,구리시,검배근린공원,81,구리 2024_11.csv,문화관광,도시공원
구리,2024,11,2024-11,42,경기도,구리시,중앙하이츠티움,77,구리 2024_11.csv,쇼핑,쇼핑몰
구리,2024,11,2024-11,43,경기도,구리시,더가루구리점,75,구리 2024_11.csv,문화관광,테마공원
구리,2024,11,2024-11,44,경기도,구리시,디라이프풋볼파크,66,구리 2024_11.csv,레저스포츠,기타레저스포츠
구리,2024,11,2024-11,45,경기도,구리시,퐁퐁플라워구리센터,64,구리 2024_11.csv,문화관광,테마공원
구리,2024,11,2024-11,46,경기도,구리시,대한불교천태종금성사,60,구리 2024_11.csv,역사관광,종교성지
구리,2024,11,2024-11,47,경기도,구리시,구리시립체육공원,56,구리 2024_11.csv,문화관광,도시공원
구리,2024,11,2024-11,47,경기도,구리시,토평공원,56,구리 2024_11.csv,문화관광,도시공원
구리,2024,11,2024-11,49,경기도,구리시,김병지축구클럽구리롯데아울렛점,52,구리 2024_11.csv,레저스포츠,기타레저스포츠
구리,2024,11,2024-11,50,경기도,구리시,한강둔치꽃단지,47,구리 2024_11.csv,문화관광,도시공원
구리,2024,11,2024-11,51,경기도,구리시,늘푸른공원,46,구리 2024_11.csv,문화관광,도시공원
구리,2024,11,2024-11,52,경기도,구리시,힐링FC풋살장,45,구리 2024_11.csv,레저스포츠,기타레저스포츠
구리,2024,11,2024-11,53,경기도,구리시,피쉬스쿨실내낚시카페,42,구리 2024_11.csv,레저스포츠,수상레저스포츠
구리,2024,11,2024-11,54,경기도,구리시,영테니스아카데미,39,구리 2024_11.csv,레저스포츠,기타레저스포츠
구리,2024,11,2024-11,55,경기도,구리시,노리숲프라이빗키즈파티룸,37,구리 2024_11.csv,문화관광,테마공원
구리,2024,11,2024-11,56,경기도,구리시,구리역공원,35,구리 2024_11.csv,문화관광,도시공원
구리,2024,11,2024-11,57,경기도,구리시,인창중앙공원,34,구리 2024_11.csv,문화관광,도시공원
구리,2024,11,2024-11,58,경기도,구리시,구리시외버스정류장,33,구리 2024_11.csv,기타관광,교통시설
구리,2024,11,2024-11,59,경기도,구리시,마루키즈룸,32,구리 2024_11.csv,문화관광,테마공원
구리,2024,11,2024-11,59,경기도,구리시,구리아트홀코스모스대극장,32,구리 2024_11.csv,문화관광,공연시설
구리,2024,11,2024-11,61,경기도,구리시,왕숙천족구장,28,구리 2024_11.csv,레저스포츠,기타레저스포츠
구리,2024,11,2024-11,61,경기도,구리시,삼봉사,28,구리 2024_11.csv,역사관광,종교성지
구리,2024,11,2024-11,63,경기도,구리시,건원릉,27,구리 2024_11.csv,역사관광,역사유적지
구리,2024,11,2024-11,63,경기도,구리시,전남수산,27,구리 2024_11.csv,쇼핑,시장
구리,2024,11,2024-11,65,경기도,구리시,스트라이크존구리돌다리구장,23,구리 2024_11.csv,레저스포츠,기타레저스포츠
구리,2024,11,2024-11,66,경기도,구리시,구리시안전체험관,22,구리 2024_11.csv,문화관광,전시시설
구리,2024,11,2024-11,67,경기도,구리시,크로스핏라곰,21,구리 2024_11.csv,레저스포츠,기타레저스포츠
구리,2024,11,2024-11,67,경기도,구리시,파이팅스테이션,21,구리 2024_11.csv,레저스포츠,기타레저스포츠
구리,2024,11,2024-11,67,경기도,구리시,KCC이지스주니어구리점,21,구리 2024_11.csv,레저스포츠,기타레저스포츠
구리,2024,11,2024-11,70,경기도,구리시,구리음악창작소,20,구리 2024_11.csv,문화관광,기타문화관광지
구리,2024,11,2024-11,70,경기도,구리시,인창파크골프장,20,구리 2024_11.csv,레저스포츠,육상레저스포츠
구리,2024,11,2024-11,72,경기도,구리시,온달정,19,구리 2024_11.csv,레저스포츠,육상레저스포츠
구리,2024,11,2024-11,72,경기도,구리시,보현사,19,구리 2024_11.csv,역사관광,종교성지
구리,2024,11,2024-11,74,경기도,구리시,돌다리공원,15,구리 2024_11.csv,문화관광,도시공원
구리,2024,11,2024-11,75,경기도,구리시,구리체육관근린공원,14,구리 2024_11.csv,문화관광,도시공원
구리,2024,11,2024-11,75,경기도,구리시,GS챔피언스파크야구장,14,구리 2024_11.csv,문화관광,레저스포츠시설
구리,2024,11,2024-11,77,경기도,구리시,이문안호수공원,13,구리 2024_11.csv,문화관광,도시공원
구리,2024,11,2024-11,78,경기도,구리시,모모주말농장,12,구리 2024_11.csv,체험관광,농/산/어촌체험
구리,2024,11,2024-11,79,경기도,구리시,갈매구릉산자락길,11,구리 2024_11.csv,문화관광,도시공원
구리,2024,11,2024-11,79,경기도,구리시,라곰트레이닝인창점,11,구리 2024_11.csv,레저스포츠,기타레저스포츠
구리,2024,11,2024-11,81,경기도,구리시,구리유통종합시장축산가공식품동,10,구리 2024_11.csv,쇼핑,시장
구리,2024,11,2024-11,82,경기도,구리시,휘트니스플레이스구리인창점,9,구리 2024_11.csv,레저스포츠,기타레저스포츠
구리,2024,11,2024-11,83,경기도,구리시,구리시체육회풋살C구장,8,구리 2024_11.csv,문화관광,레저스포츠시설
구리,2024,11,2024-11,83,경기도,구리시,원촌공원,8,구리 2024_11.csv,문화관광,도시공원
구리,2024,11,2024-11,85,경기도,구리시,원일공원,7,구리 2024_11.csv,문화관광,도시공원
구리,2024,11,2024-11,85,경기도,구리시,금호어울림공원,7,구리 2024_11.csv,문화관광,도시공원
구리,2024,11,2024-11,87,경기도,구리시,구리둘레길1코스,6,구리 2024_11.csv,레저스포츠,기타레저스포츠
구리,2024,11,2024-11,87,경기도,구리시,구리시 현충탑,6,구리 2024_11.csv,역사관광,역사유물
구리,2024,11,2024-11,87,경기도,구리시,협동공원,6,구리 2024_11.csv,문화관광,도시공원
구리,2024,11,2024-11,87,경기도,구리시,왕숙천둔치공원,6,구리 2024_11.csv,문화관광,도시공원
구리,2024,11,2024-11,87,경기도,구리시,옥밭굴공원,6,구리 2024_11.csv,문화관광,도시공원
구리,2024,11,2024-11,87,경기도,구리시,안골공원,6,구리 2024_11.csv,문화관광,도시공원
구리,2024,11,2024-11,87,경기도,구리시,아름마을어린이공원물놀이장,6,구리 2024_11.csv,문화관광,테마공원
구리,2024,11,2024-11,87,경기도,구리시,장자탁구클럽,6,구리 2024_11.csv,레저스포츠,기타레저스포츠
구리,2024,11,2024-11,95,경기도,구리시,신행선원,5,구리 2024_11.csv,역사관광,종교성지
구리,2024,11,2024-11,96,경기도,구리시,삼산무에타이구리지관,4,구리 2024_11.csv,레저스포츠,기타레저스포츠
구리,2024,11,2024-11,96,경기도,구리시,서가산공원,4,구리 2024_11.csv,문화관광,도시공원
구리,2024,11,2024-11,96,경기도,구리시,나만갑선생신도비,4,구리 2024_11.csv,역사관광,역사유적지
구리,2024,11,2024-11,99,경기도,구리시,김탁구클럽,3,구리 2024_11.csv,레저스포츠,기타레저스포츠
구리,2024,11,2024-11,99,경기도,구리시,마운틴스타클라이밍,3,구리 2024_11.csv,레저스포츠,기타레저스포츠
구리,2024,11,2024-11,99,경기도,구리시,별하공원,3,구리 2024_11.csv,문화관광,도시공원
구리,2024,11,2024-11,99,경기도,구리시,갈매주짓수,3,구리 2024_11.csv,레저스포츠,기타레저스포츠
구리,2024,11,2024-11,99,경기도,구리시,CMT베이스볼아카데미,3,구리 2024_11.csv,레저스포츠,기타레저스포츠
구리,2024,11,2024-11,99,경기도,구리시,평해수산,3,구리 2024_11.csv,쇼핑,시장
구리,2024,11,2024-11,99,경기도,구리시,명빈묘,3,구리 2024_11.csv,역사관광,역사유적지
구리,2024,11,2024-11,99,경기도,구리시,덕고개공원,3,구리 2024_11.csv,문화관광,도시공원
구리,2024,11,2024-11,99,경기도,구리시,동구하늘공원,3,구리 2024_11.csv,문화관광,도시공원
구리,2024,11,2024-11,99,경기도,구리시,주공2단지2공원,3,구리 2024_11.csv,문화관광,도시공원
구리,2024,11,2024-11,99,경기도,구리시,관보수산,3,구리 2024_11.csv,쇼핑,시장
구리,2024,11,2024-11,99,경기도,구리시,남강수산,3,구리 2024_11.csv,쇼핑,시장
구리,2024,11,2024-11,99,경기도,구리시,아천빗물펌프장생태습지,3,구리 2024_11.csv,문화관광,도시공원
구리,2024,12,2024-12,1,경기도,구리시,구리농수산물도매시장,29192,구리 2024_12.csv,쇼핑,시장
구리,2024,12,2024-12,2,경기도,구리시,롯데백화점구리점,14039,구리 2024_12.csv,쇼핑,백화점
구리,2024,12,2024-12,3,경기도,구리시,구리전통시장,6034,구리 2024_12.csv,쇼핑,시장
구리,2024,12,2024-12,4,경기도,구리시,모다아울렛구리남양주점,4664,구리 2024_12.csv,쇼핑,쇼핑몰
구리,2024,12,2024-12,5,경기도,구리시,롯데아울렛구리점,3812,구리 2024_12.csv,쇼핑,쇼핑몰
구리,2024,12,2024-12,6,경기도,구리시,CGV구리갈매,3262,구리 2024_12.csv,문화관광,공연시설
구리,2024,12,2024-12,7,경기도,구리시,티엠유아이아울렛,2495,구리 2024_12.csv,쇼핑,쇼핑몰
구리,2024,12,2024-12,8,경기도,구리시,동구릉,2186,구리 2024_12.csv,역사관광,역사유적지
구리,2024,12,2024-12,9,경기도,구리시,구리한강시민공원,2063,구리 2024_12.csv,문화관광,도시공원
구리,2024,12,2024-12,10,경기도,구리시,구리농수산물도매시장수산2동,2005,구리 2024_12.csv,쇼핑,시장
구리,2024,12,2024-12,11,경기도,구리시,구리타워,1923,구리 2024_12.csv,문화관광,랜드마크관광
구리,2024,12,2024-12,12,경기도,구리시,태릉CC,1905,구리 2024_12.csv,레저스포츠,육상레저스포츠
구리,2024,12,2024-12,13,경기도,구리시,구리왕숙체육공원,938,구리 2024_12.csv,문화관광,도시공원
구리,2024,12,2024-12,14,경기도,구리시,롯데시네마구리아울렛,926,구리 2024_12.csv,문화관광,공연시설
구리,2024,12,2024-12,15,경기도,구리시,장자호수생태공원,870,구리 2024_12.csv,문화관광,도시공원
구리,2024,12,2024-12,16,경기도,구리시,구리농수산물도매시장수산동,825,구리 2024_12.csv,쇼핑,시장
구리,2024,12,2024-12,17,경기도,구리시,CGV구리,749,구리 2024_12.csv,문화관광,공연시설
구리,2024,12,2024-12,18,경기도,구리시,구리청과물도매시장,683,구리 2024_12.csv,쇼핑,시장
구리,2024,12,2024-12,19,경기도,구리시,구리시체육회축구장,648,구리 2024_12.csv,문화관광,레저스포츠시설
구리,2024,12,2024-12,20,경기도,구리시,렛츠런CCC구리지점,520,구리 2024_12.csv,레저스포츠,육상레저스포츠
구리,2024,12,2024-12,21,경기도,구리시,구리시곤충생태관,503,구리 2024_12.csv,문화관광,전시시설
구리,2024,12,2024-12,22,경기도,구리시,구리시청소년수련관,499,구리 2024_12.csv,레저스포츠,육상레저스포츠
구리,2024,12,2024-12,23,경기도,구리시,고구려대장간마을,493,구리 2024_12.csv,문화관광,기타문화관광지
구리,2024,12,2024-12,24,경기도,구리시,구리농수산물공사,426,구리 2024_12.csv,쇼핑,시장
구리,2024,12,2024-12,25,경기도,구리시,와니엘배팅센터서울구리점,390,구리 2024_12.csv,레저스포츠,기타레저스포츠
구리,2024,12,2024-12,26,경기도,구리시,구리어린이천문대,368,구리 2024_12.csv,기타관광,기타관광
구리,2024,12,2024-12,27,경기도,구리시,GS챔피언스파크,333,구리 2024_12.csv,레저스포츠,기타레저스포츠
구리,2024,12,2024-12,28,경기도,구리시,보원탄산온천,321,구리 2024_12.csv,체험관광,웰니스관광
구리,2024,12,2024-12,29,경기도,구리시,구리왕숙체육공원축구장,239,구리 2024_12.csv,문화관광,레저스포츠시설
구리,2024,12,2024-12,30,경기도,구리시,구리아트홀코스모스대극장,215,구리 2024_12.csv,문화관광,공연시설
구리,2024,12,2024-12,31,경기도,구리시,동서울어린이천문대,210,구리 2024_12.csv,기타관광,기타관광
구리,2024,12,2024-12,32,경기도,구리시,구리승마클럽,205,구리 2024_12.csv,레저스포츠,육상레저스포츠
구리,2024,12,2024-12,33,경기도,구리시,장자호수생태체험관,176,구리 2024_12.csv,기타관광,기타관광
구리,2024,12,2024-12,34,경기도,구리시,정각사,131,구리 2024_12.csv,역사관광,종교성지
구리,2024,12,2024-12,35,경기도,구리시,더가루구리점,126,구리 2024_12.csv,문화관광,테마공원
구리,2024,12,2024-12,36,경기도,구리시,스토래지풋살구리아천점,107,구리 2024_12.csv,레저스포츠,기타레저스포츠
구리,2024,12,2024-12,37,경기도,구리시,퐁퐁플라워구리센터,85,구리 2024_12.csv,문화관광,테마공원
구리,2024,12,2024-12,38,경기도,구리시,대한불교천태종금성사,74,구리 2024_12.csv,역사관광,종교성지
구리,2024,12,2024-12,39,경기도,구리시,디라이프풋볼파크,72,구리 2024_12.csv,레저스포츠,기타레저스포츠
구리,2024,12,2024-12,40,경기도,구리시,아천빗물펌프장생태습지,68,구리 2024_12.csv,문화관광,도시공원
구리,2024,12,2024-12,41,경기도,구리시,노리숲프라이빗키즈파티룸,61,구리 2024_12.csv,문화관광,테마공원
구리,2024,12,2024-12,42,경기도,구리시,영테니스아카데미,58,구리 2024_12.csv,레저스포츠,기타레저스포츠
구리,2024,12,2024-12,43,경기도,구리시,갈매중앙공원,57,구리 2024_12.csv,문화관광,도시공원
구리,2024,12,2024-12,44,경기도,구리시,라곰트레이닝인창점,56,구리 2024_12.csv,레저스포츠,기타레저스포츠
구리,2024,12,2024-12,44,경기도,구리시,중앙하이츠티움,56,구리 2024_12.csv,쇼핑,쇼핑몰
구리,2024,12,2024-12,46,경기도,구리시,구리시립체육공원,50,구리 2024_12.csv,문화관광,도시공원
구리,2024,12,2024-12,47,경기도,구리시,전남수산,45,구리 2024_12.csv,쇼핑,시장
구리,2024,12,2024-12,48,경기도,구리시,토평공원,43,구리 2024_12.csv,문화관광,도시공원
구리,2024,12,2024-12,49,경기도,구리시,마루키즈룸,39,구리 2024_12.csv,문화관광,테마공원
구리,2024,12,2024-12,50,경기도,구리시,김병지축구클럽구리롯데아울렛점,37,구리 2024_12.csv,레저스포츠,기타레저스포츠
구리,2024,12,2024-12,51,경기도,구리시,힐링FC풋살장,35,구리 2024_12.csv,레저스포츠,기타레저스포츠
구리,2024,12,2024-12,52,경기도,구리시,파이팅스테이션,32,구리 2024_12.csv,레저스포츠,기타레저스포츠
구리,2024,12,2024-12,52,경기도,구리시,구리유통종합시장축산가공식품동,32,구리 2024_12.csv,쇼핑,시장
구리,2024,12,2024-12,52,경기도,구리시,구리역공원,32,구리 2024_12.csv,문화관광,도시공원
구리,2024,12,2024-12,55,경기도,구리시,구리시외버스정류장,30,구리 2024_12.csv,기타관광,교통시설
구리,2024,12,2024-12,56,경기도,구리시,크로스핏라곰,29,구리 2024_12.csv,레저스포츠,기타레저스포츠
구리,2024,12,2024-12,56,경기도,구리시,스트라이크존구리돌다리구장,29,구리 2024_12.csv,레저스포츠,기타레저스포츠
구리,2024,12,2024-12,58,경기도,구리시,늘푸른공원,27,구리 2024_12.csv,문화관광,도시공원
구리,2024,12,2024-12,59,경기도,구리시,동사골주말농장,26,구리 2024_12.csv,체험관광,농/산/어촌체험
구리,2024,12,2024-12,60,경기도,구리시,구리시안전체험관,25,구리 2024_12.csv,문화관광,전시시설
구리,2024,12,2024-12,61,경기도,구리시,돌다리공원,24,구리 2024_12.csv,문화관광,도시공원
구리,2024,12,2024-12,62,경기도,구리시,검배근린공원,23,구리 2024_12.csv,문화관광,도시공원
구리,2024,12,2024-12,63,경기도,구리시,G&T선수트레이닝센터,20,구리 2024_12.csv,레저스포츠,기타레저스포츠
구리,2024,12,2024-12,64,경기도,구리시,피쉬스쿨실내낚시카페,19,구리 2024_12.csv,레저스포츠,수상레저스포츠
구리,2024,12,2024-12,65,경기도,구리시,안골공원,17,구리 2024_12.csv,문화관광,도시공원
구리,2024,12,2024-12,65,경기도,구리시,보현사,17,구리 2024_12.csv,역사관광,종교성지
구리,2024,12,2024-12,67,경기도,구리시,원촌공원,15,구리 2024_12.csv,문화관광,도시공원
구리,2024,12,2024-12,68,경기도,구리시,구리체육관근린공원,13,구리 2024_12.csv,문화관광,도시공원
구리,2024,12,2024-12,68,경기도,구리시,구리시립리틀야구장,13,구리 2024_12.csv,문화관광,레저스포츠시설
구리,2024,12,2024-12,70,경기도,구리시,이문안호수공원,12,구리 2024_12.csv,문화관광,도시공원
구리,2024,12,2024-12,71,경기도,구리시,KCC이지스주니어구리점,10,구리 2024_12.csv,레저스포츠,기타레저스포츠
구리,2024,12,2024-12,72,경기도,구리시,구리음악창작소,8,구리 2024_12.csv,문화관광,기타문화관광지
구리,2024,12,2024-12,72,경기도,구리시,모모주말농장,8,구리 2024_12.csv,체험관광,농/산/어촌체험
구리,2024,12,2024-12,74,경기도,구리시,평해수산,7,구리 2024_12.csv,쇼핑,시장
구리,2024,12,2024-12,75,경기도,구리시,포레스트앤두아카데미,6,구리 2024_12.csv,레저스포츠,기타레저스포츠
구리,2024,12,2024-12,75,경기도,구리시,이플,6,구리 2024_12.csv,체험관광,공예체험
구리,2024,12,2024-12,75,경기도,구리시,신행선원,6,구리 2024_12.csv,역사관광,종교성지
구리,2024,12,2024-12,75,경기도,구리시,서가산공원,6,구리 2024_12.csv,문화관광,도시공원
구리,2024,12,2024-12,75,경기도,구리시,한강둔치꽃단지,6,구리 2024_12.csv,문화관광,도시공원
구리,2024,12,2024-12,75,경기도,구리시,방방,6,구리 2024_12.csv,문화관광,테마공원
구리,2024,12,2024-12,81,경기도,구리시,갈매구릉산자락길,5,구리 2024_12.csv,문화관광,도시공원
구리,2024,12,2024-12,81,경기도,구리시,구리한강시민공원야구장,5,구리 2024_12.csv,문화관광,레저스포츠시설
구리,2024,12,2024-12,83,경기도,구리시,장자탁구클럽,4,구리 2024_12.csv,레저스포츠,기타레저스포츠
구리,2024,12,2024-12,83,경기도,구리시,백교저수지,4,구리 2024_12.csv,자연관광,자연경관(하천/해양)
구리,2024,12,2024-12,83,경기도,구리시,메트로베이스볼,4,구리 2024_12.csv,레저스포츠,기타레저스포츠
구리,2024,12,2024-12,86,경기도,구리시,마운틴스타클라이밍,3,구리 2024_12.csv,레저스포츠,기타레저스포츠
구리,2024,12,2024-12,86,경기도,구리시,오예스몰,3,구리 2024_12.csv,쇼핑,쇼핑몰
구리,2024,12,2024-12,86,경기도,구리시,소공방,3,구리 2024_12.csv,체험관광,공예체험
구리,2024,12,2024-12,86,경기도,구리시,경기옛길평해길제2길,3,구리 2024_12.csv,레저스포츠,기타레저스포츠
구리,2024,12,2024-12,86,경기도,구리시,CMT베이스볼아카데미,3,구리 2024_12.csv,레저스포츠,기타레저스포츠
구리,2024,12,2024-12,86,경기도,구리시,왕숙천족구장,3,구리 2024_12.csv,레저스포츠,기타레저스포츠
구리,2024,12,2024-12,86,경기도,구리시,인창파크골프장,3,구리 2024_12.csv,레저스포츠,육상레저스포츠
구리,2024,12,2024-12,86,경기도,구리시,건원릉,3,구리 2024_12.csv,역사관광,역사유적지
구리,2024,12,2024-12,86,경기도,구리시,구리동구릉문화제,3,구리 2024_12.csv,레저스포츠,기타레저스포츠
구리,2024,12,2024-12,86,경기도,구리시,왕숙천둔치공원,3,구리 2024_12.csv,문화관광,도시공원
구리,2024,12,2024-12,86,경기도,구리시,덕고개공원,3,구리 2024_12.csv,문화관광,도시공원
구리,2024,12,2024-12,86,경기도,구리시,옥밭굴공원,3,구리 2024_12.csv,문화관광,도시공원
구리,2024,12,2024-12,86,경기도,구리시,개맥이공원,3,구리 2024_12.csv,문화관광,도시공원
구리,2024,12,2024-12,86,경기도,구리시,동구하늘공원,3,구리 2024_12.csv,문화관광,도시공원
구리,2024,12,2024-12,86,경기도,구리시,수누피공원,3,구리 2024_12.csv,문화관광,도시공원
구리,2024,12,2024-12,86,경기도,구리시,경환농원,3,구리 2024_12.csv,체험관광,농/산/어촌체험
구리,2024,12,2024-12,86,경기도,구리시,영화수산,3,구리 2024_12.csv,쇼핑,시장
구리,2024,12,2024-12,86,경기도,구리시,이문안지,3,구리 2024_12.csv,자연관광,자연경관(하천/해양)
구리,2024,12,2024-12,86,경기도,구리시,관보수산,3,구리 2024_12.csv,쇼핑,시장
구리,2024,12,2024-12,86,경기도,구리시,남강수산,3,구리 2024_12.csv,쇼핑,시장
구리,2024,12,2024-12,86,경기도,구리시,필탁구장,3,구리 2024_12.csv,레저스포츠,기타레저스포츠
구리,2024,12,2024-12,86,경기도,구리시,SFC풋살장,3,구리 2024_12.csv,레저스포츠,기타레저스포츠
구리,2025,1,2025-01,1,경기도,구리시,구리농수산물도매시장,28216,구리 2025_01.csv,쇼핑,시장
구리,2025,1,2025-01,2,경기도,구리시,롯데백화점구리점,11776,구리 2025_01.csv,쇼핑,백화점
구리,2025,1,2025-01,3,경기도,구리시,구리전통시장,6410,구리 2025_01.csv,쇼핑,시장
구리,2025,1,2025-01,4,경기도,구리시,모다아울렛구리남양주점,3466,구리 2025_01.csv,쇼핑,쇼핑몰
구리,2025,1,2025-01,5,경기도,구리시,롯데아울렛구리점,2768,구리 2025_01.csv,쇼핑,쇼핑몰
구리,2025,1,2025-01,6,경기도,구리시,구리한강시민공원,2501,구리 2025_01.csv,문화관광,도시공원
구리,2025,1,2025-01,7,경기도,구리시,CGV구리갈매,2500,구리 2025_01.csv,문화관광,공연시설
구리,2025,1,2025-01,8,경기도,구리시,동구릉,2152,구리 2025_01.csv,역사관광,역사유적지
구리,2025,1,2025-01,9,경기도,구리시,구리농수산물도매시장수산2동,1754,구리 2025_01.csv,쇼핑,시장
구리,2025,1,2025-01,10,경기도,구리시,구리타워,1635,구리 2025_01.csv,문화관광,랜드마크관광
구리,2025,1,2025-01,11,경기도,구리시,티엠유아이아울렛,1309,구리 2025_01.csv,쇼핑,쇼핑몰
구리,2025,1,2025-01,12,경기도,구리시,태릉CC,1226,구리 2025_01.csv,레저스포츠,육상레저스포츠
구리,2025,1,2025-01,13,경기도,구리시,구리청과물도매시장,982,구리 2025_01.csv,쇼핑,시장
구리,2025,1,2025-01,14,경기도,구리시,장자호수생태공원,799,구리 2025_01.csv,문화관광,도시공원
구리,2025,1,2025-01,15,경기도,구리시,GS챔피언스파크,763,구리 2025_01.csv,레저스포츠,기타레저스포츠
구리,2025,1,2025-01,16,경기도,구리시,구리왕숙체육공원,732,구리 2025_01.csv,문화관광,도시공원
구리,2025,1,2025-01,17,경기도,구리시,롯데시네마구리아울렛,716,구리 2025_01.csv,문화관광,공연시설
구리,2025,1,2025-01,18,경기도,구리시,구리농수산물도매시장수산동,687,구리 2025_01.csv,쇼핑,시장
구리,2025,1,2025-01,19,경기도,구리시,고구려대장간마을,615,구리 2025_01.csv,문화관광,기타문화관광지
구리,2025,1,2025-01,20,경기도,구리시,구리시곤충생태관,528,구리 2025_01.csv,문화관광,전시시설
구리,2025,1,2025-01,21,경기도,구리시,구리시체육회축구장,512,구리 2025_01.csv,문화관광,레저스포츠시설
구리,2025,1,2025-01,22,경기도,구리시,CGV구리,487,구리 2025_01.csv,문화관광,공연시설
구리,2025,1,2025-01,23,경기도,구리시,와니엘배팅센터서울구리점,445,구리 2025_01.csv,레저스포츠,기타레저스포츠
구리,2025,1,2025-01,24,경기도,구리시,렛츠런CCC구리지점,437,구리 2025_01.csv,레저스포츠,육상레저스포츠
구리,2025,1,2025-01,25,경기도,구리시,구리시청소년수련관,393,구리 2025_01.csv,레저스포츠,육상레저스포츠
구리,2025,1,2025-01,26,경기도,구리시,구리어린이천문대,366,구리 2025_01.csv,기타관광,기타관광
구리,2025,1,2025-01,27,경기도,구리시,구리농수산물공사,353,구리 2025_01.csv,쇼핑,시장
구리,2025,1,2025-01,28,경기도,구리시,보원탄산온천,279,구리 2025_01.csv,체험관광,웰니스관광
구리,2025,1,2025-01,29,경기도,구리시,동서울어린이천문대,254,구리 2025_01.csv,기타관광,기타관광
구리,2025,1,2025-01,30,경기도,구리시,구리승마클럽,192,구리 2025_01.csv,레저스포츠,육상레저스포츠
구리,2025,1,2025-01,31,경기도,구리시,구리왕숙체육공원축구장,166,구리 2025_01.csv,문화관광,레저스포츠시설
구리,2025,1,2025-01,32,경기도,구리시,스토래지풋살구리아천점,165,구리 2025_01.csv,레저스포츠,기타레저스포츠
구리,2025,1,2025-01,33,경기도,구리시,더가루구리점,148,구리 2025_01.csv,문화관광,테마공원
구리,2025,1,2025-01,34,경기도,구리시,장자호수생태체험관,127,구리 2025_01.csv,기타관광,기타관광
구리,2025,1,2025-01,35,경기도,구리시,정각사,117,구리 2025_01.csv,역사관광,종교성지
구리,2025,1,2025-01,36,경기도,구리시,구리시립체육공원,97,구리 2025_01.csv,문화관광,도시공원
구리,2025,1,2025-01,37,경기도,구리시,퐁퐁플라워구리센터,91,구리 2025_01.csv,문화관광,테마공원
구리,2025,1,2025-01,38,경기도,구리시,디라이프풋볼파크,79,구리 2025_01.csv,레저스포츠,기타레저스포츠
구리,2025,1,2025-01,39,경기도,구리시,대한불교천태종금성사,60,구리 2025_01.csv,역사관광,종교성지
구리,2025,1,2025-01,40,경기도,구리시,피쉬스쿨실내낚시카페,57,구리 2025_01.csv,레저스포츠,수상레저스포츠
구리,2025,1,2025-01,41,경기도,구리시,검배근린공원,55,구리 2025_01.csv,문화관광,도시공원
구리,2025,1,2025-01,42,경기도,구리시,마루키즈룸,54,구리 2025_01.csv,문화관광,테마공원
구리,2025,1,2025-01,43,경기도,구리시,아천빗물펌프장생태습지,51,구리 2025_01.csv,문화관광,도시공원
구리,2025,1,2025-01,44,경기도,구리시,구리아트홀코스모스대극장,50,구리 2025_01.csv,문화관광,공연시설
구리,2025,1,2025-01,45,경기도,구리시,영테니스아카데미,40,구리 2025_01.csv,레저스포츠,기타레저스포츠
구리,2025,1,2025-01,46,경기도,구리시,김병지축구클럽구리롯데아울렛점,35,구리 2025_01.csv,레저스포츠,기타레저스포츠
구리,2025,1,2025-01,47,경기도,구리시,노리숲프라이빗키즈파티룸,33,구리 2025_01.csv,문화관광,테마공원
구리,2025,1,2025-01,48,경기도,구리시,GS챔피언스파크야구장,32,구리 2025_01.csv,문화관광,레저스포츠시설
구리,2025,1,2025-01,48,경기도,구리시,구리시외버스정류장,32,구리 2025_01.csv,기타관광,교통시설
구리,2025,1,2025-01,50,경기도,구리시,라곰트레이닝인창점,25,구리 2025_01.csv,레저스포츠,기타레저스포츠
구리,2025,1,2025-01,50,경기도,구리시,구리유통종합시장축산가공식품동,25,구리 2025_01.csv,쇼핑,시장
구리,2025,1,2025-01,50,경기도,구리시,전남수산,25,구리 2025_01.csv,쇼핑,시장
구리,2025,1,2025-01,53,경기도,구리시,이플,24,구리 2025_01.csv,체험관광,공예체험
구리,2025,1,2025-01,53,경기도,구리시,보현사,24,구리 2025_01.csv,역사관광,종교성지
구리,2025,1,2025-01,55,경기도,구리시,한강둔치꽃단지,23,구리 2025_01.csv,문화관광,도시공원
구리,2025,1,2025-01,56,경기도,구리시,동사골주말농장,22,구리 2025_01.csv,체험관광,농/산/어촌체험
구리,2025,1,2025-01,57,경기도,구리시,중앙하이츠티움,21,구리 2025_01.csv,쇼핑,쇼핑몰
구리,2025,1,2025-01,58,경기도,구리시,CMT베이스볼아카데미,19,구리 2025_01.csv,레저스포츠,기타레저스포츠
구리,2025,1,2025-01,59,경기도,구리시,파이팅스테이션,18,구리 2025_01.csv,레저스포츠,기타레저스포츠
구리,2025,1,2025-01,59,경기도,구리시,스트라이크존구리돌다리구장,18,구리 2025_01.csv,레저스포츠,기타레저스포츠
구리,2025,1,2025-01,61,경기도,구리시,KCC이지스주니어구리점,17,구리 2025_01.csv,레저스포츠,기타레저스포츠
구리,2025,1,2025-01,62,경기도,구리시,갈매중앙공원,14,구리 2025_01.csv,문화관광,도시공원
구리,2025,1,2025-01,63,경기도,구리시,구리음악창작소,13,구리 2025_01.csv,문화관광,기타문화관광지
구리,2025,1,2025-01,64,경기도,구리시,안골공원,12,구리 2025_01.csv,문화관광,도시공원
구리,2025,1,2025-01,64,경기도,구리시,구리시립리틀야구장,12,구리 2025_01.csv,문화관광,레저스포츠시설
구리,2025,1,2025-01,66,경기도,구리시,마운틴스타클라이밍,11,구리 2025_01.csv,레저스포츠,기타레저스포츠
구리,2025,1,2025-01,67,경기도,구리시,갈매구릉산자락길,10,구리 2025_01.csv,레저스포츠,기타레저스포츠
구리,2025,1,2025-01,67,경기도,구리시,힐링FC풋살장,10,구리 2025_01.csv,레저스포츠,기타레저스포츠
구리,2025,1,2025-01,67,경기도,구리시,돌다리공원,10,구리 2025_01.csv,문화관광,도시공원
구리,2025,1,2025-01,67,경기도,구리시,공덕사,10,구리 2025_01.csv,역사관광,종교성지
구리,2025,1,2025-01,71,경기도,구리시,삼산무에타이구리지관,9,구리 2025_01.csv,레저스포츠,기타레저스포츠
구리,2025,1,2025-01,71,경기도,구리시,구리역공원,9,구리 2025_01.csv,문화관광,도시공원
구리,2025,1,2025-01,71,경기도,구리시,G&T선수트레이닝센터,9,구리 2025_01.csv,레저스포츠,기타레저스포츠
구리,2025,1,2025-01,74,경기도,구리시,크로스핏라곰,8,구리 2025_01.csv,레저스포츠,기타레저스포츠
구리,2025,1,2025-01,74,경기도,구리시,원촌공원,8,구리 2025_01.csv,문화관광,도시공원
구리,2025,1,2025-01,74,경기도,구리시,자비정사,8,구리 2025_01.csv,역사관광,종교성지
구리,2025,1,2025-01,77,경기도,구리시,구리체육관근린공원,7,구리 2025_01.csv,문화관광,도시공원
구리,2025,1,2025-01,77,경기도,구리시,구리시체육회풋살C구장,7,구리 2025_01.csv,문화관광,레저스포츠시설
구리,2025,1,2025-01,77,경기도,구리시,인창중앙공원,7,구리 2025_01.csv,문화관광,도시공원
구리,2025,1,2025-01,77,경기도,구리시,필탁구장,7,구리 2025_01.csv,레저스포츠,기타레저스포츠
구리,2025,1,2025-01,77,경기도,구리시,낚짜,7,구리 2025_01.csv,레저스포츠,수상레저스포츠
구리,2025,1,2025-01,82,경기도,구리시,구리시안전체험관,6,구리 2025_01.csv,문화관광,전시시설
구리,2025,1,2025-01,82,경기도,구리시,명빈묘,6,구리 2025_01.csv,역사관광,역사유적지
구리,2025,1,2025-01,82,경기도,구리시,토평공원,6,구리 2025_01.csv,문화관광,도시공원
구리,2025,1,2025-01,82,경기도,구리시,관보수산,6,구리 2025_01.csv,쇼핑,시장
구리,2025,1,2025-01,82,경기도,구리시,백교저수지,6,구리 2025_01.csv,자연관광,자연경관(하천/해양)
구리,2025,1,2025-01,87,경기도,구리시,구리시 현충탑,5,구리 2025_01.csv,역사관광,역사유물
구리,2025,1,2025-01,88,경기도,구리시,소공방,4,구리 2025_01.csv,체험관광,공예체험
구리,2025,1,2025-01,88,경기도,구리시,온달정,4,구리 2025_01.csv,레저스포츠,육상레저스포츠
구리,2025,1,2025-01,88,경기도,구리시,대창농축식육,4,구리 2025_01.csv,쇼핑,시장
구리,2025,1,2025-01,91,경기도,구리시,포레스트앤두아카데미,3,구리 2025_01.csv,레저스포츠,기타레저스포츠
구리,2025,1,2025-01,91,경기도,구리시,목공방순,3,구리 2025_01.csv,체험관광,공예체험
구리,2025,1,2025-01,91,경기도,구리시,에스크나무농장,3,구리 2025_01.csv,체험관광,농/산/어촌체험
구리,2025,1,2025-01,91,경기도,구리시,아천농원,3,구리 2025_01.csv,체험관광,농/산/어촌체험
구리,2025,1,2025-01,91,경기도,구리시,협동공원,3,구리 2025_01.csv,문화관광,도시공원
구리,2025,1,2025-01,91,경기도,구리시,왕숙천족구장,3,구리 2025_01.csv,레저스포츠,기타레저스포츠
구리,2025,1,2025-01,91,경기도,구리시,백지훈풋볼클럽,3,구리 2025_01.csv,레저스포츠,기타레저스포츠
구리,2025,1,2025-01,91,경기도,구리시,평해수산,3,구리 2025_01.csv,쇼핑,시장
구리,2025,1,2025-01,91,경기도,구리시,왕숙천둔치공원,3,구리 2025_01.csv,문화관광,도시공원
구리,2025,1,2025-01,91,경기도,구리시,새말공원,3,구리 2025_01.csv,문화관광,도시공원
구리,2025,1,2025-01,91,경기도,구리시,옥밭굴공원,3,구리 2025_01.csv,문화관광,도시공원
구리,2025,1,2025-01,91,경기도,구리시,서가산공원,3,구리 2025_01.csv,문화관광,도시공원
구리,2025,1,2025-01,91,경기도,구리시,인창고등학교야구장,3,구리 2025_01.csv,문화관광,레저스포츠시설
구리,2025,1,2025-01,91,경기도,구리시,팡팡존,3,구리 2025_01.csv,문화관광,테마공원
구리,2025,1,2025-01,91,경기도,구리시,나만갑선생신도비,3,구리 2025_01.csv,역사관광,역사유적지
구리,2025,1,2025-01,91,경기도,구리시,주공2단지1공원,3,구리 2025_01.csv,문화관광,도시공원
구리,2025,1,2025-01,91,경기도,구리시,구리탁구클럽,3,구리 2025_01.csv,레저스포츠,기타레저스포츠
구리,2025,1,2025-01,91,경기도,구리시,남강수산,3,구리 2025_01.csv,쇼핑,시장
구리,2025,1,2025-01,91,경기도,구리시,장자탁구클럽,3,구리 2025_01.csv,레저스포츠,기타레저스포츠
구리,2025,2,2025-02,1,경기도,구리시,구리농수산물도매시장,19885,구리 2025_02.csv,쇼핑,시장
구리,2025,2,2025-02,2,경기도,구리시,롯데백화점구리점,11190,구리 2025_02.csv,쇼핑,백화점
구리,2025,2,2025-02,3,경기도,구리시,구리전통시장,5601,구리 2025_02.csv,쇼핑,시장
구리,2025,2,2025-02,4,경기도,구리시,모다아울렛구리남양주점,3018,구리 2025_02.csv,쇼핑,쇼핑몰
구리,2025,2,2025-02,5,경기도,구리시,롯데아울렛구리점,2497,구리 2025_02.csv,쇼핑,쇼핑몰
구리,2025,2,2025-02,6,경기도,구리시,구리한강시민공원,2299,구리 2025_02.csv,문화관광,도시공원
구리,2025,2,2025-02,7,경기도,구리시,동구릉,1932,구리 2025_02.csv,역사관광,역사유적지
구리,2025,2,2025-02,8,경기도,구리시,CGV구리갈매,1844,구리 2025_02.csv,문화관광,공연시설
구리,2025,2,2025-02,9,경기도,구리시,구리타워,1682,구리 2025_02.csv,문화관광,랜드마크관광
구리,2025,2,2025-02,10,경기도,구리시,태릉CC,1357,구리 2025_02.csv,레저스포츠,육상레저스포츠
구리,2025,2,2025-02,11,경기도,구리시,구리농수산물도매시장수산2동,1075,구리 2025_02.csv,쇼핑,시장
구리,2025,2,2025-02,12,경기도,구리시,구리왕숙체육공원,798,구리 2025_02.csv,문화관광,도시공원
구리,2025,2,2025-02,13,경기도,구리시,티엠유아이아울렛,794,구리 2025_02.csv,쇼핑,쇼핑몰
구리,2025,2,2025-02,14,경기도,구리시,GS챔피언스파크,765,구리 2025_02.csv,레저스포츠,기타레저스포츠
구리,2025,2,2025-02,15,경기도,구리시,장자호수생태공원,684,구리 2025_02.csv,문화관광,도시공원
구리,2025,2,2025-02,16,경기도,구리시,구리청과물도매시장,637,구리 2025_02.csv,쇼핑,시장
구리,2025,2,2025-02,17,경기도,구리시,구리시곤충생태관,595,구리 2025_02.csv,문화관광,전시시설
구리,2025,2,2025-02,18,경기도,구리시,구리시체육회축구장,566,구리 2025_02.csv,문화관광,레저스포츠시설
구리,2025,2,2025-02,19,경기도,구리시,롯데시네마구리아울렛,547,구리 2025_02.csv,문화관광,공연시설
구리,2025,2,2025-02,20,경기도,구리시,구리시청소년수련관,522,구리 2025_02.csv,레저스포츠,육상레저스포츠
구리,2025,2,2025-02,21,경기도,구리시,고구려대장간마을,488,구리 2025_02.csv,문화관광,기타문화관광지
구리,2025,2,2025-02,22,경기도,구리시,구리농수산물도매시장수산동,450,구리 2025_02.csv,쇼핑,시장
구리,2025,2,2025-02,23,경기도,구리시,와니엘배팅센터서울구리점,445,구리 2025_02.csv,레저스포츠,기타레저스포츠
구리,2025,2,2025-02,24,경기도,구리시,구리어린이천문대,427,구리 2025_02.csv,기타관광,기타관광
구리,2025,2,2025-02,25,경기도,구리시,렛츠런CCC구리지점,362,구리 2025_02.csv,레저스포츠,육상레저스포츠
구리,2025,2,2025-02,26,경기도,구리시,구리농수산물공사,342,구리 2025_02.csv,쇼핑,시장
구리,2025,2,2025-02,27,경기도,구리시,보원탄산온천,271,구리 2025_02.csv,체험관광,웰니스관광
구리,2025,2,2025-02,28,경기도,구리시,동서울어린이천문대,263,구리 2025_02.csv,기타관광,기타관광
구리,2025,2,2025-02,29,경기도,구리시,CGV구리,255,구리 2025_02.csv,문화관광,공연시설
구리,2025,2,2025-02,30,경기도,구리시,구리승마클럽,191,구리 2025_02.csv,레저스포츠,육상레저스포츠
구리,2025,2,2025-02,31,경기도,구리시,구리한강시민공원야구장,172,구리 2025_02.csv,문화관광,레저스포츠시설
구리,2025,2,2025-02,32,경기도,구리시,구리왕숙체육공원축구장,163,구리 2025_02.csv,문화관광,레저스포츠시설
구리,2025,2,2025-02,33,경기도,구리시,더가루구리점,125,구리 2025_02.csv,문화관광,테마공원
구리,2025,2,2025-02,34,경기도,구리시,스토래지풋살구리아천점,121,구리 2025_02.csv,레저스포츠,기타레저스포츠
구리,2025,2,2025-02,35,경기도,구리시,퐁퐁플라워구리센터,118,구리 2025_02.csv,문화관광,테마공원
구리,2025,2,2025-02,36,경기도,구리시,구리시립체육공원,117,구리 2025_02.csv,문화관광,도시공원
구리,2025,2,2025-02,37,경기도,구리시,정각사,104,구리 2025_02.csv,역사관광,종교성지
구리,2025,2,2025-02,38,경기도,구리시,디라이프풋볼파크,99,구리 2025_02.csv,레저스포츠,기타레저스포츠
구리,2025,2,2025-02,39,경기도,구리시,장자호수생태체험관,78,구리 2025_02.csv,기타관광,기타관광
구리,2025,2,2025-02,40,경기도,구리시,구리아트홀코스모스대극장,77,구리 2025_02.csv,문화관광,공연시설
구리,2025,2,2025-02,41,경기도,구리시,인창고등학교야구장,59,구리 2025_02.csv,문화관광,레저스포츠시설
구리,2025,2,2025-02,42,경기도,구리시,피쉬스쿨실내낚시카페,57,구리 2025_02.csv,레저스포츠,수상레저스포츠
구리,2025,2,2025-02,43,경기도,구리시,스트라이크존구리돌다리구장,55,구리 2025_02.csv,레저스포츠,기타레저스포츠
구리,2025,2,2025-02,44,경기도,구리시,노리숲프라이빗키즈파티룸,53,구리 2025_02.csv,문화관광,테마공원
구리,2025,2,2025-02,45,경기도,구리시,마루키즈룸,46,구리 2025_02.csv,문화관광,테마공원
구리,2025,2,2025-02,45,경기도,구리시,대한불교천태종금성사,46,구리 2025_02.csv,역사관광,종교성지
구리,2025,2,2025-02,47,경기도,구리시,아천빗물펌프장생태습지,45,구리 2025_02.csv,문화관광,도시공원
구리,2025,2,2025-02,48,경기도,구리시,파이팅스테이션,43,구리 2025_02.csv,레저스포츠,기타레저스포츠
구리,2025,2,2025-02,49,경기도,구리시,구리시립리틀야구장,42,구리 2025_02.csv,문화관광,레저스포츠시설
구리,2025,2,2025-02,50,경기도,구리시,영테니스아카데미,40,구리 2025_02.csv,레저스포츠,기타레저스포츠
구리,2025,2,2025-02,51,경기도,구리시,힐링FC풋살장,37,구리 2025_02.csv,레저스포츠,기타레저스포츠
구리,2025,2,2025-02,52,경기도,구리시,인창중학교 야구장,34,구리 2025_02.csv,문화관광,레저스포츠시설
구리,2025,2,2025-02,52,경기도,구리시,갈매중앙공원,34,구리 2025_02.csv,문화관광,도시공원
구리,2025,2,2025-02,54,경기도,구리시,검배근린공원,33,구리 2025_02.csv,문화관광,도시공원
구리,2025,2,2025-02,55,경기도,구리시,김병지축구클럽구리롯데아울렛점,32,구리 2025_02.csv,레저스포츠,기타레저스포츠
구리,2025,2,2025-02,56,경기도,구리시,GS챔피언스파크야구장,30,구리 2025_02.csv,문화관광,레저스포츠시설
구리,2025,2,2025-02,57,경기도,구리시,백지훈풋볼클럽,28,구리 2025_02.csv,레저스포츠,기타레저스포츠
구리,2025,2,2025-02,58,경기도,구리시,중앙하이츠티움,27,구리 2025_02.csv,쇼핑,쇼핑몰
구리,2025,2,2025-02,59,경기도,구리시,CMT베이스볼아카데미,25,구리 2025_02.csv,레저스포츠,기타레저스포츠
구리,2025,2,2025-02,60,경기도,구리시,라곰트레이닝인창점,24,구리 2025_02.csv,레저스포츠,기타레저스포츠
구리,2025,2,2025-02,60,경기도,구리시,보현사,24,구리 2025_02.csv,역사관광,종교성지
구리,2025,2,2025-02,62,경기도,구리시,동사골주말농장,23,구리 2025_02.csv,체험관광,농/산/어촌체험
구리,2025,2,2025-02,63,경기도,구리시,원촌공원,21,구리 2025_02.csv,문화관광,도시공원
구리,2025,2,2025-02,64,경기도,구리시,돌다리공원,18,구리 2025_02.csv,문화관광,도시공원
구리,2025,2,2025-02,64,경기도,구리시,인창중앙공원,18,구리 2025_02.csv,문화관광,도시공원
구리,2025,2,2025-02,66,경기도,구리시,휘트니스플레이스구리인창점,15,구리 2025_02.csv,레저스포츠,기타레저스포츠
구리,2025,2,2025-02,66,경기도,구리시,이플,15,구리 2025_02.csv,체험관광,공예체험
구리,2025,2,2025-02,68,경기도,구리시,KCC이지스주니어구리점,14,구리 2025_02.csv,레저스포츠,기타레저스포츠
구리,2025,2,2025-02,69,경기도,구리시,구리시안전체험관,13,구리 2025_02.csv,문화관광,전시시설
구리,2025,2,2025-02,69,경기도,구리시,인창파크골프장,13,구리 2025_02.csv,레저스포츠,육상레저스포츠
구리,2025,2,2025-02,71,경기도,구리시,마운틴스타클라이밍,12,구리 2025_02.csv,레저스포츠,기타레저스포츠
구리,2025,2,2025-02,72,경기도,구리시,구리체육관근린공원,11,구리 2025_02.csv,문화관광,도시공원
구리,2025,2,2025-02,73,경기도,구리시,구리시외버스정류장,10,구리 2025_02.csv,기타관광,교통시설
구리,2025,2,2025-02,73,경기도,구리시,구리역공원,10,구리 2025_02.csv,문화관광,도시공원
구리,2025,2,2025-02,75,경기도,구리시,구리유통종합시장축산가공식품동,9,구리 2025_02.csv,쇼핑,시장
구리,2025,2,2025-02,76,경기도,구리시,아름공원,8,구리 2025_02.csv,문화관광,도시공원
구리,2025,2,2025-02,77,경기도,구리시,구리시체육회풋살C구장,7,구리 2025_02.csv,문화관광,레저스포츠시설
구리,2025,2,2025-02,77,경기도,구리시,구리음악창작소,7,구리 2025_02.csv,문화관광,기타문화관광지
구리,2025,2,2025-02,77,경기도,구리시,온달정,7,구리 2025_02.csv,레저스포츠,육상레저스포츠
구리,2025,2,2025-02,77,경기도,구리시,공덕사,7,구리 2025_02.csv,역사관광,종교성지
구리,2025,2,2025-02,81,경기도,구리시,구리둘레길1코스,6,구리 2025_02.csv,레저스포츠,기타레저스포츠
구리,2025,2,2025-02,81,경기도,구리시,새말공원,6,구리 2025_02.csv,문화관광,도시공원
구리,2025,2,2025-02,81,경기도,구리시,옥밭굴공원,6,구리 2025_02.csv,문화관광,도시공원
구리,2025,2,2025-02,81,경기도,구리시,동구하늘공원,6,구리 2025_02.csv,문화관광,도시공원
구리,2025,2,2025-02,81,경기도,구리시,자비정사,6,구리 2025_02.csv,역사관광,종교성지
구리,2025,2,2025-02,86,경기도,구리시,왕숙천족구장,5,구리 2025_02.csv,레저스포츠,기타레저스포츠
구리,2025,2,2025-02,86,경기도,구리시,안골공원,5,구리 2025_02.csv,문화관광,도시공원
구리,2025,2,2025-02,88,경기도,구리시,별하공원,4,구리 2025_02.csv,문화관광,도시공원
구리,2025,2,2025-02,88,경기도,구리시,팡팡존,4,구리 2025_02.csv,문화관광,테마공원
구리,2025,2,2025-02,88,경기도,구리시,전남수산,4,구리 2025_02.csv,쇼핑,시장
구리,2025,2,2025-02,88,경기도,구리시,G&T선수트레이닝센터,4,구리 2025_02.csv,레저스포츠,기타레저스포츠
구리,2025,2,2025-02,88,경기도,구리시,낚짜,4,구리 2025_02.csv,레저스포츠,수상레저스포츠
구리,2025,2,2025-02,93,경기도,구리시,크로스핏라곰,3,구리 2025_02.csv,레저스포츠,기타레저스포츠
구리,2025,2,2025-02,93,경기도,구리시,포레스트앤두아카데미,3,구리 2025_02.csv,레저스포츠,기타레저스포츠
구리,2025,2,2025-02,93,경기도,구리시,오예스몰,3,구리 2025_02.csv,쇼핑,쇼핑몰
구리,2025,2,2025-02,93,경기도,구리시,목공방순,3,구리 2025_02.csv,체험관광,공예체험
구리,2025,2,2025-02,93,경기도,구리시,에스크나무농장,3,구리 2025_02.csv,체험관광,농/산/어촌체험
구리,2025,2,2025-02,93,경기도,구리시,건원릉,3,구리 2025_02.csv,역사관광,역사유적지
구리,2025,2,2025-02,93,경기도,구리시,명빈묘,3,구리 2025_02.csv,역사관광,역사유적지
구리,2025,2,2025-02,93,경기도,구리시,토평공원,3,구리 2025_02.csv,문화관광,도시공원
구리,2025,2,2025-02,93,경기도,구리시,원일공원,3,구리 2025_02.csv,문화관광,도시공원
구리,2025,2,2025-02,93,경기도,구리시,오성공원,3,구리 2025_02.csv,문화관광,도시공원
구리,2025,2,2025-02,93,경기도,구리시,수누피공원,3,구리 2025_02.csv,문화관광,도시공원
구리,2025,2,2025-02,93,경기도,구리시,경환농원,3,구리 2025_02.csv,체험관광,농/산/어촌체험
구리,2025,2,2025-02,93,경기도,구리시,주공2단지1공원,3,구리 2025_02.csv,문화관광,도시공원
구리,2025,2,2025-02,93,경기도,구리시,주공4단지2공원,3,구리 2025_02.csv,문화관광,도시공원
구리,2025,2,2025-02,93,경기도,구리시,주공6단지공원,3,구리 2025_02.csv,문화관광,도시공원
구리,2025,2,2025-02,93,경기도,구리시,계순탁구,3,구리 2025_02.csv,레저스포츠,기타레저스포츠
구리,2025,2,2025-02,93,경기도,구리시,필탁구장,3,구리 2025_02.csv,레저스포츠,기타레저스포츠
구리,2025,2,2025-02,93,경기도,구리시,구리LG구장,3,구리 2025_02.csv,레저스포츠,기타레저스포츠
구리,2025,2,2025-02,93,경기도,구리시,안말어린이공원,3,구리 2025_02.csv,문화관광,도시공원
구리,2025,3,2025-03,1,경기도,구리시,구리농수산물도매시장,23605,구리 2025_03.csv,쇼핑,시장
구리,2025,3,2025-03,2,경기도,구리시,롯데백화점구리점,12183,구리 2025_03.csv,쇼핑,백화점
구리,2025,3,2025-03,3,경기도,구리시,구리전통시장,6625,구리 2025_03.csv,쇼핑,시장
구리,2025,3,2025-03,4,경기도,구리시,구리한강시민공원,5534,구리 2025_03.csv,문화관광,도시공원
구리,2025,3,2025-03,5,경기도,구리시,모다아울렛구리남양주점,4446,구리 2025_03.csv,쇼핑,쇼핑몰
구리,2025,3,2025-03,6,경기도,구리시,태릉CC,3372,구리 2025_03.csv,레저스포츠,육상레저스포츠
구리,2025,3,2025-03,7,경기도,구리시,롯데아울렛구리점,3366,구리 2025_03.csv,쇼핑,쇼핑몰
구리,2025,3,2025-03,8,경기도,구리시,동구릉,2663,구리 2025_03.csv,역사관광,역사유적지
구리,2025,3,2025-03,9,경기도,구리시,구리타워,2122,구리 2025_03.csv,문화관광,랜드마크관광
구리,2025,3,2025-03,10,경기도,구리시,CGV구리갈매,1940,구리 2025_03.csv,문화관광,공연시설
구리,2025,3,2025-03,11,경기도,구리시,티엠유아이아울렛,1480,구리 2025_03.csv,쇼핑,쇼핑몰
구리,2025,3,2025-03,12,경기도,구리시,구리농수산물도매시장수산2동,1270,구리 2025_03.csv,쇼핑,시장
구리,2025,3,2025-03,13,경기도,구리시,장자호수생태공원,1203,구리 2025_03.csv,문화관광,도시공원
구리,2025,3,2025-03,14,경기도,구리시,GS챔피언스파크,1182,구리 2025_03.csv,레저스포츠,기타레저스포츠
구리,2025,3,2025-03,15,경기도,구리시,고구려대장간마을,977,구리 2025_03.csv,문화관광,기타문화관광지
구리,2025,3,2025-03,16,경기도,구리시,구리왕숙체육공원,957,구리 2025_03.csv,문화관광,도시공원
구리,2025,3,2025-03,17,경기도,구리시,구리아트홀,873,구리 2025_03.csv,문화관광,공연시설
구리,2025,3,2025-03,18,경기도,구리시,구리시곤충생태관,869,구리 2025_03.csv,문화관광,전시시설
구리,2025,3,2025-03,19,경기도,구리시,구리청과물도매시장,723,구리 2025_03.csv,쇼핑,시장
구리,2025,3,2025-03,20,경기도,구리시,구리시체육회축구장,672,구리 2025_03.csv,문화관광,레저스포츠시설
구리,2025,3,2025-03,21,경기도,구리시,구리한강시민공원야구장,592,구리 2025_03.csv,문화관광,레저스포츠시설
구리,2025,3,2025-03,22,경기도,구리시,롯데시네마구리아울렛,551,구리 2025_03.csv,문화관광,공연시설
구리,2025,3,2025-03,23,경기도,구리시,와니엘배팅센터서울구리점,515,구리 2025_03.csv,레저스포츠,기타레저스포츠
구리,2025,3,2025-03,24,경기도,구리시,렛츠런CCC구리지점,472,구리 2025_03.csv,레저스포츠,육상레저스포츠
구리,2025,3,2025-03,25,경기도,구리시,구리농수산물도매시장수산동,471,구리 2025_03.csv,쇼핑,시장
구리,2025,3,2025-03,26,경기도,구리시,구리시청소년수련관,374,구리 2025_03.csv,레저스포츠,육상레저스포츠
구리,2025,3,2025-03,27,경기도,구리시,구리농수산물공사,372,구리 2025_03.csv,쇼핑,시장
구리,2025,3,2025-03,28,경기도,구리시,구리어린이천문대,370,구리 2025_03.csv,기타관광,기타관광
구리,2025,3,2025-03,29,경기도,구리시,CGV구리,288,구리 2025_03.csv,문화관광,공연시설
구리,2025,3,2025-03,30,경기도,구리시,구리왕숙체육공원축구장,283,구리 2025_03.csv,문화관광,레저스포츠시설
구리,2025,3,2025-03,31,경기도,구리시,동서울어린이천문대,273,구리 2025_03.csv,기타관광,기타관광
구리,2025,3,2025-03,32,경기도,구리시,구리승마클럽,270,구리 2025_03.csv,레저스포츠,육상레저스포츠
구리,2025,3,2025-03,33,경기도,구리시,보원탄산온천,254,구리 2025_03.csv,체험관광,웰니스관광
구리,2025,3,2025-03,34,경기도,구리시,구리시립체육공원,229,구리 2025_03.csv,문화관광,도시공원
구리,2025,3,2025-03,35,경기도,구리시,인창중학교 야구장,220,구리 2025_03.csv,문화관광,레저스포츠시설
구리,2025,3,2025-03,36,경기도,구리시,장자호수생태체험관,189,구리 2025_03.csv,기타관광,기타관광
구리,2025,3,2025-03,37,경기도,구리시,인창고등학교야구장,168,구리 2025_03.csv,문화관광,레저스포츠시설
구리,2025,3,2025-03,38,경기도,구리시,퐁퐁플라워구리센터,141,구리 2025_03.csv,문화관광,테마공원
구리,2025,3,2025-03,39,경기도,구리시,더가루구리점,117,구리 2025_03.csv,문화관광,테마공원
구리,2025,3,2025-03,40,경기도,구리시,정각사,102,구리 2025_03.csv,역사관광,종교성지
구리,2025,3,2025-03,41,경기도,구리시,GS챔피언스파크야구장,99,구리 2025_03.csv,문화관광,레저스포츠시설
구리,2025,3,2025-03,42,경기도,구리시,구리음악창작소,94,구리 2025_03.csv,문화관광,기타문화관광지
구리,2025,3,2025-03,43,경기도,구리시,갈매중앙공원,85,구리 2025_03.csv,문화관광,도시공원
구리,2025,3,2025-03,44,경기도,구리시,스토래지풋살구리아천점,72,구리 2025_03.csv,레저스포츠,기타레저스포츠
구리,2025,3,2025-03,45,경기도,구리시,아천빗물펌프장생태습지,68,구리 2025_03.csv,문화관광,도시공원
구리,2025,3,2025-03,46,경기도,구리시,디라이프풋볼파크,59,구리 2025_03.csv,레저스포츠,기타레저스포츠
구리,2025,3,2025-03,47,경기도,구리시,구리시립리틀야구장,58,구리 2025_03.csv,문화관광,레저스포츠시설
구리,2025,3,2025-03,48,경기도,구리시,백지훈풋볼클럽,57,구리 2025_03.csv,레저스포츠,기타레저스포츠
구리,2025,3,2025-03,48,경기도,구리시,검배근린공원,57,구리 2025_03.csv,문화관광,도시공원
구리,2025,3,2025-03,50,경기도,구리시,김병지축구클럽구리롯데아울렛점,56,구리 2025_03.csv,레저스포츠,기타레저스포츠
구리,2025,3,2025-03,51,경기도,구리시,동사골주말농장,55,구리 2025_03.csv,체험관광,농/산/어촌체험
구리,2025,3,2025-03,52,경기도,구리시,라곰트레이닝인창점,52,구리 2025_03.csv,레저스포츠,기타레저스포츠
구리,2025,3,2025-03,52,경기도,구리시,마루키즈룸,52,구리 2025_03.csv,문화관광,테마공원
구리,2025,3,2025-03,54,경기도,구리시,노리숲프라이빗키즈파티룸,51,구리 2025_03.csv,문화관광,테마공원
구리,2025,3,2025-03,55,경기도,구리시,한강둔치꽃단지,49,구리 2025_03.csv,문화관광,도시공원
구리,2025,3,2025-03,56,경기도,구리시,대한불교천태종금성사,43,구리 2025_03.csv,역사관광,종교성지
구리,2025,3,2025-03,57,경기도,구리시,스트라이크존구리돌다리구장,41,구리 2025_03.csv,레저스포츠,기타레저스포츠
구리,2025,3,2025-03,58,경기도,구리시,토평공원,40,구리 2025_03.csv,문화관광,도시공원
구리,2025,3,2025-03,59,경기도,구리시,피쉬스쿨실내낚시카페,36,구리 2025_03.csv,레저스포츠,수상레저스포츠
구리,2025,3,2025-03,59,경기도,구리시,G&T선수트레이닝센터,36,구리 2025_03.csv,레저스포츠,기타레저스포츠
구리,2025,3,2025-03,61,경기도,구리시,왕숙천둔치공원,35,구리 2025_03.csv,문화관광,도시공원
구리,2025,3,2025-03,62,경기도,구리시,힐링FC풋살장,31,구리 2025_03.csv,레저스포츠,기타레저스포츠
구리,2025,3,2025-03,62,경기도,구리시,구리유통종합시장축산가공식품동,31,구리 2025_03.csv,쇼핑,시장
구리,2025,3,2025-03,64,경기도,구리시,보현사,29,구리 2025_03.csv,역사관광,종교성지
구리,2025,3,2025-03,65,경기도,구리시,돌다리공원,27,구리 2025_03.csv,문화관광,도시공원
구리,2025,3,2025-03,65,경기도,구리시,인창중앙공원,27,구리 2025_03.csv,문화관광,도시공원
구리,2025,3,2025-03,67,경기도,구리시,구리아트홀코스모스대극장,25,구리 2025_03.csv,문화관광,공연시설
구리,2025,3,2025-03,68,경기도,구리시,KCC이지스주니어구리점,22,구리 2025_03.csv,레저스포츠,기타레저스포츠
구리,2025,3,2025-03,69,경기도,구리시,구리시 현충탑,19,구리 2025_03.csv,역사관광,역사유물
구리,2025,3,2025-03,70,경기도,구리시,파이팅스테이션,18,구리 2025_03.csv,레저스포츠,기타레저스포츠
구리,2025,3,2025-03,71,경기도,구리시,영테니스아카데미,16,구리 2025_03.csv,레저스포츠,기타레저스포츠
구리,2025,3,2025-03,72,경기도,구리시,아차산태극기동산,15,구리 2025_03.csv,기타관광,기타관광
구리,2025,3,2025-03,72,경기도,구리시,구리시외버스정류장,15,구리 2025_03.csv,기타관광,교통시설
구리,2025,3,2025-03,74,경기도,구리시,구리시체육회풋살C구장,14,구리 2025_03.csv,문화관광,레저스포츠시설
구리,2025,3,2025-03,75,경기도,구리시,옥밭굴공원,13,구리 2025_03.csv,문화관광,도시공원
구리,2025,3,2025-03,75,경기도,구리시,경환농원,13,구리 2025_03.csv,체험관광,농/산/어촌체험
구리,2025,3,2025-03,75,경기도,구리시,방방,13,구리 2025_03.csv,문화관광,테마공원
구리,2025,3,2025-03,78,경기도,구리시,크로스핏라곰,12,구리 2025_03.csv,레저스포츠,기타레저스포츠
구리,2025,3,2025-03,78,경기도,구리시,중앙하이츠티움,12,구리 2025_03.csv,쇼핑,쇼핑몰
구리,2025,3,2025-03,78,경기도,구리시,온달정,12,구리 2025_03.csv,레저스포츠,육상레저스포츠
구리,2025,3,2025-03,81,경기도,구리시,마운틴스타클라이밍,10,구리 2025_03.csv,레저스포츠,기타레저스포츠
구리,2025,3,2025-03,81,경기도,구리시,구리체육관근린공원,10,구리 2025_03.csv,문화관광,도시공원
구리,2025,3,2025-03,81,경기도,구리시,늘푸른공원,10,구리 2025_03.csv,문화관광,도시공원
구리,2025,3,2025-03,81,경기도,구리시,구리시주니어야구장,10,구리 2025_03.csv,문화관광,레저스포츠시설
구리,2025,3,2025-03,81,경기도,구리시,공덕사,10,구리 2025_03.csv,역사관광,종교성지
구리,2025,3,2025-03,81,경기도,구리시,이문안호수공원,10,구리 2025_03.csv,문화관광,도시공원
구리,2025,3,2025-03,87,경기도,구리시,인창파크골프장,9,구리 2025_03.csv,레저스포츠,육상레저스포츠
구리,2025,3,2025-03,87,경기도,구리시,구리LG구장,9,구리 2025_03.csv,레저스포츠,기타레저스포츠
구리,2025,3,2025-03,89,경기도,구리시,갈매구릉산자락길,7,구리 2025_03.csv,레저스포츠,기타레저스포츠
구리,2025,3,2025-03,89,경기도,구리시,새말공원,7,구리 2025_03.csv,문화관광,도시공원
구리,2025,3,2025-03,89,경기도,구리시,팡팡존,7,구리 2025_03.csv,문화관광,테마공원
구리,2025,3,2025-03,89,경기도,구리시,모모주말농장,7,구리 2025_03.csv,체험관광,농/산/어촌체험
구리,2025,3,2025-03,89,경기도,구리시,전남수산,7,구리 2025_03.csv,쇼핑,시장
구리,2025,3,2025-03,89,경기도,구리시,백교저수지,7,구리 2025_03.csv,자연관광,자연경관(하천/해양)
구리,2025,3,2025-03,95,경기도,구리시,구리시안전체험관,6,구리 2025_03.csv,문화관광,전시시설
구리,2025,3,2025-03,95,경기도,구리시,이플,6,구리 2025_03.csv,체험관광,공예체험
구리,2025,3,2025-03,95,경기도,구리시,CMT베이스볼아카데미,6,구리 2025_03.csv,레저스포츠,기타레저스포츠
구리,2025,3,2025-03,95,경기도,구리시,민벌공원,6,구리 2025_03.csv,문화관광,도시공원
구리,2025,3,2025-03,95,경기도,구리시,안골공원,6,구리 2025_03.csv,문화관광,도시공원
구리,2025,3,2025-03,95,경기도,구리시,개맥이공원,6,구리 2025_03.csv,문화관광,도시공원
구리,2025,3,2025-03,95,경기도,구리시,도당공원,6,구리 2025_03.csv,문화관광,도시공원
구리,2025,3,2025-03,102,경기도,구리시,포레스트앤두아카데미,4,구리 2025_03.csv,레저스포츠,기타레저스포츠
구리,2025,3,2025-03,102,경기도,구리시,휘트니스플레이스구리인창점,4,구리 2025_03.csv,레저스포츠,기타레저스포츠
구리,2025,3,2025-03,102,경기도,구리시,아름공원,4,구리 2025_03.csv,문화관광,도시공원
구리,2025,3,2025-03,102,경기도,구리시,구리역공원,4,구리 2025_03.csv,문화관광,도시공원
구리,2025,3,2025-03,102,경기도,구리시,주공6단지공원,4,구리 2025_03.csv,문화관광,도시공원
구리,2025,3,2025-03,107,경기도,구리시,김탁구클럽,3,구리 2025_03.csv,레저스포츠,기타레저스포츠
구리,2025,3,2025-03,107,경기도,구리시,목공방순,3,구리 2025_03.csv,체험관광,공예체험
구리,2025,3,2025-03,107,경기도,구리시,산마루공원,3,구리 2025_03.csv,문화관광,도시공원
구리,2025,3,2025-03,107,경기도,구리시,장자대로벚꽃길,3,구리 2025_03.csv,기타관광,기타관광
구리,2025,3,2025-03,107,경기도,구리시,꼬매리가죽공방,3,구리 2025_03.csv,체험관광,공예체험
구리,2025,3,2025-03,107,경기도,구리시,평해수산,3,구리 2025_03.csv,쇼핑,시장
구리,2025,3,2025-03,107,경기도,구리시,명빈묘,3,구리 2025_03.csv,역사관광,역사유적지
구리,2025,3,2025-03,107,경기도,구리시,덕고개공원,3,구리 2025_03.csv,문화관광,도시공원
구리,2025,3,2025-03,107,경기도,구리시,동구하늘공원,3,구리 2025_03.csv,문화관광,도시공원
구리,2025,3,2025-03,107,경기도,구리시,수누피공원,3,구리 2025_03.csv,문화관광,도시공원
구리,2025,3,2025-03,107,경기도,구리시,아름마을어린이공원물놀이장,3,구리 2025_03.csv,문화관광,테마공원
구리,2025,3,2025-03,107,경기도,구리시,관보수산,3,구리 2025_03.csv,쇼핑,시장
구리,2025,3,2025-03,107,경기도,구리시,필탁구장,3,구리 2025_03.csv,레저스포츠,기타레저스포츠
구리,2025,4,2025-04,1,경기도,구리시,구리농수산물도매시장,22955,구리 2025_04.csv,쇼핑,시장
구리,2025,4,2025-04,2,경기도,구리시,롯데백화점구리점,11595,구리 2025_04.csv,쇼핑,백화점
구리,2025,4,2025-04,3,경기도,구리시,구리한강시민공원,7199,구리 2025_04.csv,문화관광,도시공원
구리,2025,4,2025-04,4,경기도,구리시,구리전통시장,6214,구리 2025_04.csv,쇼핑,시장
구리,2025,4,2025-04,5,경기도,구리시,태릉CC,4174,구리 2025_04.csv,레저스포츠,육상레저스포츠
구리,2025,4,2025-04,6,경기도,구리시,모다아울렛구리남양주점,3691,구리 2025_04.csv,쇼핑,쇼핑몰
구리,2025,4,2025-04,7,경기도,구리시,롯데아울렛구리점,3131,구리 2025_04.csv,쇼핑,쇼핑몰
구리,2025,4,2025-04,8,경기도,구리시,동구릉,2873,구리 2025_04.csv,역사관광,역사유적지
구리,2025,4,2025-04,9,경기도,구리시,CGV구리갈매,2135,구리 2025_04.csv,문화관광,공연시설
구리,2025,4,2025-04,10,경기도,구리시,구리타워,1989,구리 2025_04.csv,문화관광,랜드마크관광
구리,2025,4,2025-04,11,경기도,구리시,장자호수생태공원,1614,구리 2025_04.csv,문화관광,도시공원
구리,2025,4,2025-04,12,경기도,구리시,구리아트홀,1377,구리 2025_04.csv,문화관광,공연시설
구리,2025,4,2025-04,13,경기도,구리시,티엠유아이아울렛,1258,구리 2025_04.csv,쇼핑,쇼핑몰
구리,2025,4,2025-04,14,경기도,구리시,구리농수산물도매시장수산2동,1123,구리 2025_04.csv,쇼핑,시장
구리,2025,4,2025-04,15,경기도,구리시,GS챔피언스파크,1109,구리 2025_04.csv,레저스포츠,기타레저스포츠
구리,2025,4,2025-04,16,경기도,구리시,구리왕숙체육공원,1053,구리 2025_04.csv,문화관광,도시공원
구리,2025,4,2025-04,17,경기도,구리시,고구려대장간마을,812,구리 2025_04.csv,문화관광,기타문화관광지
구리,2025,4,2025-04,18,경기도,구리시,구리시곤충생태관,682,구리 2025_04.csv,문화관광,전시시설
구리,2025,4,2025-04,19,경기도,구리시,구리청과물도매시장,673,구리 2025_04.csv,쇼핑,시장
구리,2025,4,2025-04,20,경기도,구리시,구리시체육회축구장,639,구리 2025_04.csv,문화관광,레저스포츠시설
구리,2025,4,2025-04,21,경기도,구리시,롯데시네마구리아울렛,498,구리 2025_04.csv,문화관광,공연시설
구리,2025,4,2025-04,22,경기도,구리시,렛츠런CCC구리지점,486,구리 2025_04.csv,레저스포츠,육상레저스포츠
구리,2025,4,2025-04,23,경기도,구리시,와니엘배팅센터서울구리점,467,구리 2025_04.csv,레저스포츠,기타레저스포츠
구리,2025,4,2025-04,24,경기도,구리시,구리시청소년수련관,465,구리 2025_04.csv,레저스포츠,육상레저스포츠
구리,2025,4,2025-04,25,경기도,구리시,구리농수산물도매시장수산동,454,구리 2025_04.csv,쇼핑,시장
구리,2025,4,2025-04,26,경기도,구리시,구리승마클럽,439,구리 2025_04.csv,레저스포츠,육상레저스포츠
구리,2025,4,2025-04,27,경기도,구리시,구리한강시민공원야구장,414,구리 2025_04.csv,문화관광,레저스포츠시설
구리,2025,4,2025-04,28,경기도,구리시,구리농수산물공사,394,구리 2025_04.csv,쇼핑,시장
구리,2025,4,2025-04,29,경기도,구리시,구리어린이천문대,344,구리 2025_04.csv,기타관광,기타관광
구리,2025,4,2025-04,30,경기도,구리시,CGV구리,285,구리 2025_04.csv,문화관광,공연시설
구리,2025,4,2025-04,31,경기도,구리시,동서울어린이천문대,275,구리 2025_04.csv,기타관광,기타관광
구리,2025,4,2025-04,32,경기도,구리시,장자호수생태체험관,252,구리 2025_04.csv,기타관광,기타관광
구리,2025,4,2025-04,33,경기도,구리시,보원탄산온천,244,구리 2025_04.csv,체험관광,웰니스관광
구리,2025,4,2025-04,33,경기도,구리시,구리왕숙체육공원축구장,244,구리 2025_04.csv,문화관광,레저스포츠시설
구리,2025,4,2025-04,35,경기도,구리시,동사골주말농장,173,구리 2025_04.csv,체험관광,농/산/어촌체험
구리,2025,4,2025-04,36,경기도,구리시,구리시립체육공원,153,구리 2025_04.csv,문화관광,도시공원
구리,2025,4,2025-04,37,경기도,구리시,정각사,137,구리 2025_04.csv,역사관광,종교성지
구리,2025,4,2025-04,38,경기도,구리시,GS챔피언스파크야구장,134,구리 2025_04.csv,문화관광,레저스포츠시설
구리,2025,4,2025-04,39,경기도,구리시,인창고등학교야구장,131,구리 2025_04.csv,문화관광,레저스포츠시설
구리,2025,4,2025-04,40,경기도,구리시,갈매중앙공원,120,구리 2025_04.csv,문화관광,도시공원
구리,2025,4,2025-04,41,경기도,구리시,인창중학교 야구장,113,구리 2025_04.csv,문화관광,레저스포츠시설
구리,2025,4,2025-04,42,경기도,구리시,검배근린공원,98,구리 2025_04.csv,문화관광,도시공원
구리,2025,4,2025-04,42,경기도,구리시,아천빗물펌프장생태습지,98,구리 2025_04.csv,문화관광,도시공원
구리,2025,4,2025-04,44,경기도,구리시,스토래지풋살구리아천점,97,구리 2025_04.csv,레저스포츠,기타레저스포츠
구리,2025,4,2025-04,45,경기도,구리시,구리유통종합시장축산가공식품동,90,구리 2025_04.csv,쇼핑,시장
구리,2025,4,2025-04,46,경기도,구리시,한강둔치꽃단지,82,구리 2025_04.csv,문화관광,도시공원
구리,2025,4,2025-04,46,경기도,구리시,김병지축구클럽구리롯데아울렛점,82,구리 2025_04.csv,레저스포츠,기타레저스포츠
구리,2025,4,2025-04,48,경기도,구리시,구리음악창작소,80,구리 2025_04.csv,문화관광,기타문화관광지
구리,2025,4,2025-04,48,경기도,구리시,구리시립리틀야구장,80,구리 2025_04.csv,문화관광,레저스포츠시설
구리,2025,4,2025-04,50,경기도,구리시,백지훈풋볼클럽,79,구리 2025_04.csv,레저스포츠,기타레저스포츠
구리,2025,4,2025-04,51,경기도,구리시,대한불교천태종금성사,76,구리 2025_04.csv,역사관광,종교성지
구리,2025,4,2025-04,52,경기도,구리시,구리유채꽃축제,70,구리 2025_04.csv,문화관광,기타문화관광지
구리,2025,4,2025-04,53,경기도,구리시,장자대로벚꽃길,66,구리 2025_04.csv,기타관광,기타관광
구리,2025,4,2025-04,54,경기도,구리시,토평공원,56,구리 2025_04.csv,문화관광,도시공원
구리,2025,4,2025-04,54,경기도,구리시,구리아트홀코스모스대극장,56,구리 2025_04.csv,문화관광,공연시설
구리,2025,4,2025-04,56,경기도,구리시,왕숙천둔치공원,52,구리 2025_04.csv,문화관광,도시공원
구리,2025,4,2025-04,57,경기도,구리시,퐁퐁플라워구리센터,49,구리 2025_04.csv,문화관광,테마공원
구리,2025,4,2025-04,58,경기도,구리시,더가루구리점,48,구리 2025_04.csv,문화관광,테마공원
구리,2025,4,2025-04,59,경기도,구리시,온달정,44,구리 2025_04.csv,레저스포츠,육상레저스포츠
구리,2025,4,2025-04,60,경기도,구리시,힐링FC풋살장,41,구리 2025_04.csv,레저스포츠,기타레저스포츠
구리,2025,4,2025-04,60,경기도,구리시,파이팅스테이션,41,구리 2025_04.csv,레저스포츠,기타레저스포츠
구리,2025,4,2025-04,62,경기도,구리시,스트라이크존구리돌다리구장,38,구리 2025_04.csv,레저스포츠,기타레저스포츠
구리,2025,4,2025-04,63,경기도,구리시,구리시외버스정류장,37,구리 2025_04.csv,기타관광,교통시설
구리,2025,4,2025-04,64,경기도,구리시,보현사,35,구리 2025_04.csv,역사관광,종교성지
구리,2025,4,2025-04,65,경기도,구리시,영테니스아카데미,33,구리 2025_04.csv,레저스포츠,기타레저스포츠
구리,2025,4,2025-04,66,경기도,구리시,노리숲프라이빗키즈파티룸,32,구리 2025_04.csv,문화관광,테마공원
구리,2025,4,2025-04,67,경기도,구리시,라곰트레이닝인창점,30,구리 2025_04.csv,레저스포츠,기타레저스포츠
구리,2025,4,2025-04,67,경기도,구리시,피쉬스쿨실내낚시카페,30,구리 2025_04.csv,레저스포츠,수상레저스포츠
구리,2025,4,2025-04,69,경기도,구리시,모모주말농장,29,구리 2025_04.csv,체험관광,농/산/어촌체험
구리,2025,4,2025-04,70,경기도,구리시,KCC이지스주니어구리점,26,구리 2025_04.csv,레저스포츠,기타레저스포츠
구리,2025,4,2025-04,70,경기도,구리시,인창파크골프장,26,구리 2025_04.csv,레저스포츠,육상레저스포츠
구리,2025,4,2025-04,72,경기도,구리시,G&T선수트레이닝센터,24,구리 2025_04.csv,레저스포츠,기타레저스포츠
구리,2025,4,2025-04,73,경기도,구리시,마루키즈룸,22,구리 2025_04.csv,문화관광,테마공원
구리,2025,4,2025-04,73,경기도,구리시,인창중앙공원,22,구리 2025_04.csv,문화관광,도시공원
구리,2025,4,2025-04,75,경기도,구리시,중앙하이츠티움,20,구리 2025_04.csv,쇼핑,쇼핑몰
구리,2025,4,2025-04,75,경기도,구리시,돌다리공원,20,구리 2025_04.csv,문화관광,도시공원
구리,2025,4,2025-04,77,경기도,구리시,CMT베이스볼아카데미,18,구리 2025_04.csv,레저스포츠,기타레저스포츠
구리,2025,4,2025-04,77,경기도,구리시,경환농원,18,구리 2025_04.csv,체험관광,농/산/어촌체험
구리,2025,4,2025-04,79,경기도,구리시,크로스핏라곰,17,구리 2025_04.csv,레저스포츠,기타레저스포츠
구리,2025,4,2025-04,80,경기도,구리시,포레스트앤두아카데미,15,구리 2025_04.csv,레저스포츠,기타레저스포츠
구리,2025,4,2025-04,81,경기도,구리시,마운틴스타클라이밍,12,구리 2025_04.csv,레저스포츠,기타레저스포츠
구리,2025,4,2025-04,81,경기도,구리시,이문안호수공원,12,구리 2025_04.csv,문화관광,도시공원
구리,2025,4,2025-04,83,경기도,구리시,갈매구릉산자락길,10,구리 2025_04.csv,레저스포츠,기타레저스포츠
구리,2025,4,2025-04,83,경기도,구리시,구리체육관근린공원,10,구리 2025_04.csv,문화관광,도시공원
구리,2025,4,2025-04,83,경기도,구리시,구리시 현충탑,10,구리 2025_04.csv,역사관광,역사유물
구리,2025,4,2025-04,86,경기도,구리시,꼬매리가죽공방,9,구리 2025_04.csv,체험관광,공예체험
구리,2025,4,2025-04,86,경기도,구리시,명빈묘,9,구리 2025_04.csv,역사관광,역사유적지
구리,2025,4,2025-04,86,경기도,구리시,백교저수지,9,구리 2025_04.csv,자연관광,자연경관(하천/해양)
구리,2025,4,2025-04,89,경기도,구리시,구리시안전체험관,8,구리 2025_04.csv,문화관광,전시시설
구리,2025,4,2025-04,89,경기도,구리시,협동공원,8,구리 2025_04.csv,문화관광,도시공원
구리,2025,4,2025-04,91,경기도,구리시,구리시체육회풋살C구장,7,구리 2025_04.csv,문화관광,레저스포츠시설
구리,2025,4,2025-04,91,경기도,구리시,수택탁구클럽,7,구리 2025_04.csv,레저스포츠,기타레저스포츠
구리,2025,4,2025-04,93,경기도,구리시,휘트니스플레이스구리인창점,6,구리 2025_04.csv,레저스포츠,기타레저스포츠
구리,2025,4,2025-04,93,경기도,구리시,구리동구릉문화제,6,구리 2025_04.csv,레저스포츠,기타레저스포츠
구리,2025,4,2025-04,93,경기도,구리시,구리역공원,6,구리 2025_04.csv,문화관광,도시공원
구리,2025,4,2025-04,93,경기도,구리시,늘푸른공원,6,구리 2025_04.csv,문화관광,도시공원
구리,2025,4,2025-04,93,경기도,구리시,주공6단지공원,6,구리 2025_04.csv,문화관광,도시공원
구리,2025,4,2025-04,93,경기도,구리시,구리LG구장,6,구리 2025_04.csv,레저스포츠,기타레저스포츠
구리,2025,4,2025-04,99,경기도,구리시,별하공원,5,구리 2025_04.csv,문화관광,도시공원
구리,2025,4,2025-04,99,경기도,구리시,서가산공원,5,구리 2025_04.csv,문화관광,도시공원
구리,2025,4,2025-04,99,경기도,구리시,방방,5,구리 2025_04.csv,문화관광,테마공원
구리,2025,4,2025-04,102,경기도,구리시,행복한텃밭,4,구리 2025_04.csv,체험관광,농/산/어촌체험
구리,2025,4,2025-04,102,경기도,구리시,플레이핑퐁,4,구리 2025_04.csv,레저스포츠,기타레저스포츠
구리,2025,4,2025-04,102,경기도,구리시,원촌공원,4,구리 2025_04.csv,문화관광,도시공원
구리,2025,4,2025-04,102,경기도,구리시,새말공원,4,구리 2025_04.csv,문화관광,도시공원
구리,2025,4,2025-04,106,경기도,구리시,구리둘레길1코스,3,구리 2025_04.csv,레저스포츠,기타레저스포츠
구리,2025,4,2025-04,106,경기도,구리시,얼터드주짓수아카데미본관,3,구리 2025_04.csv,레저스포츠,기타레저스포츠
구리,2025,4,2025-04,106,경기도,구리시,탑골공원,3,구리 2025_04.csv,문화관광,도시공원
구리,2025,4,2025-04,106,경기도,구리시,아천농원,3,구리 2025_04.csv,체험관광,농/산/어촌체험
구리,2025,4,2025-04,106,경기도,구리시,삼산무에타이구리지관,3,구리 2025_04.csv,레저스포츠,기타레저스포츠
구리,2025,4,2025-04,106,경기도,구리시,덕고개공원,3,구리 2025_04.csv,문화관광,도시공원
구리,2025,4,2025-04,106,경기도,구리시,옥밭굴공원,3,구리 2025_04.csv,문화관광,도시공원
구리,2025,4,2025-04,106,경기도,구리시,안골공원,3,구리 2025_04.csv,문화관광,도시공원
구리,2025,4,2025-04,106,경기도,구리시,전남수산,3,구리 2025_04.csv,쇼핑,시장
구리,2025,4,2025-04,106,경기도,구리시,장자탁구클럽,3,구리 2025_04.csv,레저스포츠,기타레저스포츠
구리,2025,4,2025-04,106,경기도,구리시,구리시주니어야구장,3,구리 2025_04.csv,문화관광,레저스포츠시설
구리,2025,4,2025-04,106,경기도,구리시,점프스포츠클럽,3,구리 2025_04.csv,레저스포츠,기타레저스포츠
구리,2025,4,2025-04,106,경기도,구리시,고구려박물관,3,구리 2025_04.csv,문화관광,전시시설
구리,2025,4,2025-04,106,경기도,구리시,커피나무농원,3,구리 2025_04.csv,체험관광,농/산/어촌체험
구리,2025,4,2025-04,106,경기도,구리시,도당공원,3,구리 2025_04.csv,문화관광,도시공원
구리,2025,5,2025-05,1,경기도,구리시,구리농수산물도매시장,25253,구리 2025_05.csv,쇼핑,시장
구리,2025,5,2025-05,2,경기도,구리시,구리한강시민공원,16641,구리 2025_05.csv,문화관광,도시공원
구리,2025,5,2025-05,3,경기도,구리시,롯데백화점구리점,13093,구리 2025_05.csv,쇼핑,백화점
구리,2025,5,2025-05,4,경기도,구리시,구리전통시장,7053,구리 2025_05.csv,쇼핑,시장
구리,2025,5,2025-05,5,경기도,구리시,태릉CC,4579,구리 2025_05.csv,레저스포츠,육상레저스포츠
구리,2025,5,2025-05,6,경기도,구리시,모다아울렛구리남양주점,4248,구리 2025_05.csv,쇼핑,쇼핑몰
구리,2025,5,2025-05,7,경기도,구리시,동구릉,4227,구리 2025_05.csv,역사관광,역사유적지
구리,2025,5,2025-05,8,경기도,구리시,롯데아울렛구리점,3683,구리 2025_05.csv,쇼핑,쇼핑몰
구리,2025,5,2025-05,9,경기도,구리시,CGV구리갈매,2338,구리 2025_05.csv,문화관광,공연시설
구리,2025,5,2025-05,10,경기도,구리시,구리타워,2211,구리 2025_05.csv,문화관광,랜드마크관광
구리,2025,5,2025-05,11,경기도,구리시,장자호수생태공원,1791,구리 2025_05.csv,문화관광,도시공원
구리,2025,5,2025-05,12,경기도,구리시,티엠유아이아울렛,1645,구리 2025_05.csv,쇼핑,쇼핑몰
구리,2025,5,2025-05,13,경기도,구리시,구리아트홀,1434,구리 2025_05.csv,문화관광,공연시설
구리,2025,5,2025-05,14,경기도,구리시,구리왕숙체육공원,1223,구리 2025_05.csv,문화관광,도시공원
구리,2025,5,2025-05,15,경기도,구리시,구리농수산물도매시장수산2동,1218,구리 2025_05.csv,쇼핑,시장
구리,2025,5,2025-05,16,경기도,구리시,고구려대장간마을,1007,구리 2025_05.csv,문화관광,기타문화관광지
구리,2025,5,2025-05,17,경기도,구리시,GS챔피언스파크,976,구리 2025_05.csv,레저스포츠,기타레저스포츠
구리,2025,5,2025-05,18,경기도,구리시,구리시체육회축구장,935,구리 2025_05.csv,문화관광,레저스포츠시설
구리,2025,5,2025-05,19,경기도,구리시,구리시곤충생태관,844,구리 2025_05.csv,문화관광,전시시설
구리,2025,5,2025-05,20,경기도,구리시,구리유채꽃축제,748,구리 2025_05.csv,문화관광,기타문화관광지
구리,2025,5,2025-05,21,경기도,구리시,구리청과물도매시장,738,구리 2025_05.csv,쇼핑,시장
구리,2025,5,2025-05,22,경기도,구리시,롯데시네마구리아울렛,693,구리 2025_05.csv,문화관광,공연시설
구리,2025,5,2025-05,23,경기도,구리시,와니엘배팅센터서울구리점,615,구리 2025_05.csv,레저스포츠,기타레저스포츠
구리,2025,5,2025-05,24,경기도,구리시,구리농수산물도매시장수산동,515,구리 2025_05.csv,쇼핑,시장
구리,2025,5,2025-05,25,경기도,구리시,렛츠런CCC구리지점,490,구리 2025_05.csv,레저스포츠,육상레저스포츠
구리,2025,5,2025-05,26,경기도,구리시,구리시청소년수련관,473,구리 2025_05.csv,레저스포츠,육상레저스포츠
구리,2025,5,2025-05,27,경기도,구리시,CGV구리,396,구리 2025_05.csv,문화관광,공연시설
구리,2025,5,2025-05,28,경기도,구리시,구리어린이천문대,388,구리 2025_05.csv,기타관광,기타관광
구리,2025,5,2025-05,29,경기도,구리시,구리승마클럽,360,구리 2025_05.csv,레저스포츠,육상레저스포츠
구리,2025,5,2025-05,30,경기도,구리시,구리한강시민공원야구장,338,구리 2025_05.csv,문화관광,레저스포츠시설
구리,2025,5,2025-05,31,경기도,구리시,구리왕숙체육공원축구장,325,구리 2025_05.csv,문화관광,레저스포츠시설
구리,2025,5,2025-05,32,경기도,구리시,구리농수산물공사,312,구리 2025_05.csv,쇼핑,시장
구리,2025,5,2025-05,33,경기도,구리시,동서울어린이천문대,293,구리 2025_05.csv,기타관광,기타관광
구리,2025,5,2025-05,34,경기도,구리시,장자호수생태체험관,272,구리 2025_05.csv,기타관광,기타관광
구리,2025,5,2025-05,35,경기도,구리시,보원탄산온천,243,구리 2025_05.csv,체험관광,웰니스관광
구리,2025,5,2025-05,36,경기도,구리시,구리아트홀코스모스대극장,228,구리 2025_05.csv,문화관광,공연시설
구리,2025,5,2025-05,37,경기도,구리시,동사골주말농장,189,구리 2025_05.csv,체험관광,농/산/어촌체험
구리,2025,5,2025-05,38,경기도,구리시,한강둔치꽃단지,169,구리 2025_05.csv,문화관광,도시공원
구리,2025,5,2025-05,39,경기도,구리시,정각사,167,구리 2025_05.csv,역사관광,종교성지
구리,2025,5,2025-05,40,경기도,구리시,구리시 교문동 아치울마을,136,구리 2025_05.csv,역사관광,역사유적지
구리,2025,5,2025-05,41,경기도,구리시,GS챔피언스파크야구장,130,구리 2025_05.csv,문화관광,레저스포츠시설
구리,2025,5,2025-05,42,경기도,구리시,인창중학교 야구장,119,구리 2025_05.csv,문화관광,레저스포츠시설
구리,2025,5,2025-05,43,경기도,구리시,인창고등학교야구장,118,구리 2025_05.csv,문화관광,레저스포츠시설
구리,2025,5,2025-05,44,경기도,구리시,구리유통종합시장축산가공식품동,116,구리 2025_05.csv,쇼핑,시장
구리,2025,5,2025-05,45,경기도,구리시,구리시립체육공원,114,구리 2025_05.csv,문화관광,도시공원
구리,2025,5,2025-05,46,경기도,구리시,갈매중앙공원,104,구리 2025_05.csv,문화관광,도시공원
구리,2025,5,2025-05,47,경기도,구리시,백지훈풋볼클럽,90,구리 2025_05.csv,레저스포츠,기타레저스포츠
구리,2025,5,2025-05,48,경기도,구리시,검배근린공원,88,구리 2025_05.csv,문화관광,도시공원
구리,2025,5,2025-05,49,경기도,구리시,구리시립리틀야구장,87,구리 2025_05.csv,문화관광,레저스포츠시설
구리,2025,5,2025-05,49,경기도,구리시,더가루구리점,87,구리 2025_05.csv,문화관광,테마공원
구리,2025,5,2025-05,51,경기도,구리시,구리시 교문동 딸기원마을,82,구리 2025_05.csv,역사관광,역사유적지
구리,2025,5,2025-05,52,경기도,구리시,보현사,77,구리 2025_05.csv,역사관광,종교성지
구리,2025,5,2025-05,53,경기도,구리시,대한불교천태종금성사,76,구리 2025_05.csv,역사관광,종교성지
구리,2025,5,2025-05,53,경기도,구리시,인창중앙공원,76,구리 2025_05.csv,문화관광,도시공원
구리,2025,5,2025-05,55,경기도,구리시,김병지축구클럽구리롯데아울렛점,73,구리 2025_05.csv,레저스포츠,기타레저스포츠
구리,2025,5,2025-05,56,경기도,구리시,퐁퐁플라워구리센터,70,구리 2025_05.csv,문화관광,테마공원
구리,2025,5,2025-05,57,경기도,구리시,스트라이크존구리돌다리구장,67,구리 2025_05.csv,레저스포츠,기타레저스포츠
구리,2025,5,2025-05,58,경기도,구리시,플레이티카구리점,65,구리 2025_05.csv,문화관광,테마공원
구리,2025,5,2025-05,59,경기도,구리시,힐링FC풋살장,56,구리 2025_05.csv,레저스포츠,기타레저스포츠
구리,2025,5,2025-05,59,경기도,구리시,파이팅스테이션,56,구리 2025_05.csv,레저스포츠,기타레저스포츠
구리,2025,5,2025-05,61,경기도,구리시,아천빗물펌프장생태습지,55,구리 2025_05.csv,문화관광,도시공원
구리,2025,5,2025-05,62,경기도,구리시,온달정,52,구리 2025_05.csv,레저스포츠,육상레저스포츠
구리,2025,5,2025-05,62,경기도,구리시,스토래지풋살구리아천점,52,구리 2025_05.csv,레저스포츠,기타레저스포츠
구리,2025,5,2025-05,64,경기도,구리시,구리음악창작소,48,구리 2025_05.csv,문화관광,기타문화관광지
구리,2025,5,2025-05,64,경기도,구리시,왕숙천둔치공원,48,구리 2025_05.csv,문화관광,도시공원
구리,2025,5,2025-05,66,경기도,구리시,영테니스아카데미,47,구리 2025_05.csv,레저스포츠,기타레저스포츠
구리,2025,5,2025-05,66,경기도,구리시,피쉬스쿨실내낚시카페,47,구리 2025_05.csv,레저스포츠,수상레저스포츠
구리,2025,5,2025-05,68,경기도,구리시,CMT베이스볼아카데미,45,구리 2025_05.csv,레저스포츠,기타레저스포츠
구리,2025,5,2025-05,68,경기도,구리시,리틀비틀구리갈매점,45,구리 2025_05.csv,문화관광,테마공원
구리,2025,5,2025-05,70,경기도,구리시,갈매평생학습센터,36,구리 2025_05.csv,체험관광,체험관광기타
구리,2025,5,2025-05,71,경기도,구리시,이문안호수공원,35,구리 2025_05.csv,문화관광,도시공원
구리,2025,5,2025-05,72,경기도,구리시,KCC이지스주니어구리점,33,구리 2025_05.csv,레저스포츠,기타레저스포츠
구리,2025,5,2025-05,72,경기도,구리시,토평공원,33,구리 2025_05.csv,문화관광,도시공원
구리,2025,5,2025-05,74,경기도,구리시,갈매구릉산자락길,32,구리 2025_05.csv,레저스포츠,기타레저스포츠
구리,2025,5,2025-05,74,경기도,구리시,안골공원,32,구리 2025_05.csv,문화관광,도시공원
구리,2025,5,2025-05,76,경기도,구리시,구리시안전체험관,31,구리 2025_05.csv,문화관광,전시시설
구리,2025,5,2025-05,76,경기도,구리시,갈매아이사랑놀이터,31,구리 2025_05.csv,문화관광,테마공원
구리,2025,5,2025-05,78,경기도,구리시,마루키즈룸,30,구리 2025_05.csv,문화관광,테마공원
구리,2025,5,2025-05,79,경기도,구리시,갈매동도당굿전수관,27,구리 2025_05.csv,체험관광,체험관광기타
구리,2025,5,2025-05,80,경기도,구리시,돌다리공원,26,구리 2025_05.csv,문화관광,도시공원
구리,2025,5,2025-05,81,경기도,구리시,노리숲프라이빗키즈파티룸,25,구리 2025_05.csv,문화관광,테마공원
구리,2025,5,2025-05,81,경기도,구리시,구리시외버스정류장,25,구리 2025_05.csv,기타관광,교통시설
구리,2025,5,2025-05,83,경기도,구리시,모모주말농장,22,구리 2025_05.csv,체험관광,농/산/어촌체험
구리,2025,5,2025-05,84,경기도,구리시,인창파크골프장,21,구리 2025_05.csv,레저스포츠,육상레저스포츠
구리,2025,5,2025-05,85,경기도,구리시,구리시 현충탑,20,구리 2025_05.csv,역사관광,역사유물
구리,2025,5,2025-05,85,경기도,구리시,G&T선수트레이닝센터,20,구리 2025_05.csv,레저스포츠,기타레저스포츠
구리,2025,5,2025-05,87,경기도,구리시,라곰트레이닝인창점,18,구리 2025_05.csv,레저스포츠,기타레저스포츠
구리,2025,5,2025-05,88,경기도,구리시,고구려박물관,16,구리 2025_05.csv,문화관광,전시시설
구리,2025,5,2025-05,89,경기도,구리시,크로스핏라곰,13,구리 2025_05.csv,레저스포츠,기타레저스포츠
구리,2025,5,2025-05,89,경기도,구리시,별하공원,13,구리 2025_05.csv,문화관광,도시공원
구리,2025,5,2025-05,89,경기도,구리시,이플,13,구리 2025_05.csv,체험관광,공예체험
구리,2025,5,2025-05,89,경기도,구리시,건원릉,13,구리 2025_05.csv,역사관광,역사유적지
구리,2025,5,2025-05,89,경기도,구리시,구리LG구장,13,구리 2025_05.csv,레저스포츠,기타레저스포츠
구리,2025,5,2025-05,94,경기도,구리시,왕숙천족구장,12,구리 2025_05.csv,레저스포츠,기타레저스포츠
구리,2025,5,2025-05,94,경기도,구리시,명빈묘,12,구리 2025_05.csv,역사관광,역사유적지
구리,2025,5,2025-05,94,경기도,구리시,경환농원,12,구리 2025_05.csv,체험관광,농/산/어촌체험
구리,2025,5,2025-05,94,경기도,구리시,백교저수지,12,구리 2025_05.csv,자연관광,자연경관(하천/해양)
구리,2025,5,2025-05,98,경기도,구리시,구리체육관근린공원,10,구리 2025_05.csv,문화관광,도시공원
구리,2025,5,2025-05,98,경기도,구리시,대덕사,10,구리 2025_05.csv,역사관광,종교성지
구리,2025,5,2025-05,98,경기도,구리시,점핑몬스터구리갈매점,10,구리 2025_05.csv,문화관광,테마공원
구리,2025,5,2025-05,101,경기도,구리시,마운틴스타클라이밍,9,구리 2025_05.csv,레저스포츠,기타레저스포츠
구리,2025,5,2025-05,101,경기도,구리시,나무를그리는공방,9,구리 2025_05.csv,체험관광,공예체험
구리,2025,5,2025-05,103,경기도,구리시,구리역공원,7,구리 2025_05.csv,문화관광,도시공원
구리,2025,5,2025-05,103,경기도,구리시,관보수산,7,구리 2025_05.csv,쇼핑,시장
구리,2025,5,2025-05,105,경기도,구리시,김탁구클럽,6,구리 2025_05.csv,레저스포츠,기타레저스포츠
구리,2025,5,2025-05,105,경기도,구리시,구리둘레길1코스,6,구리 2025_05.csv,레저스포츠,기타레저스포츠
구리,2025,5,2025-05,105,경기도,구리시,휘트니스플레이스구리인창점,6,구리 2025_05.csv,레저스포츠,기타레저스포츠
구리,2025,5,2025-05,105,경기도,구리시,구리남양주평생교육원,6,구리 2025_05.csv,체험관광,체험관광기타
구리,2025,5,2025-05,105,경기도,구리시,구리한강시민공원어린이튜브물놀이장,6,구리 2025_05.csv,문화관광,테마공원
구리,2025,5,2025-05,105,경기도,구리시,중앙하이츠티움,6,구리 2025_05.csv,쇼핑,쇼핑몰
구리,2025,5,2025-05,105,경기도,구리시,덕고개공원,6,구리 2025_05.csv,문화관광,도시공원
구리,2025,5,2025-05,105,경기도,구리시,금호어울림공원,6,구리 2025_05.csv,문화관광,도시공원
구리,2025,5,2025-05,113,경기도,구리시,구리시체육회풋살C구장,5,구리 2025_05.csv,문화관광,레저스포츠시설
구리,2025,5,2025-05,113,경기도,구리시,남강수산,5,구리 2025_05.csv,쇼핑,시장
구리,2025,5,2025-05,115,경기도,구리시,에스크나무농장,4,구리 2025_05.csv,체험관광,농/산/어촌체험
구리,2025,5,2025-05,115,경기도,구리시,푸른숲농원,4,구리 2025_05.csv,체험관광,농/산/어촌체험
구리,2025,5,2025-05,115,경기도,구리시,보림사,4,구리 2025_05.csv,역사관광,종교성지
구리,2025,5,2025-05,115,경기도,구리시,삼봉사,4,구리 2025_05.csv,역사관광,종교성지
구리,2025,5,2025-05,115,경기도,구리시,공덕사,4,구리 2025_05.csv,역사관광,종교성지
구리,2025,5,2025-05,115,경기도,구리시,안말어린이공원,4,구리 2025_05.csv,문화관광,도시공원
구리,2025,5,2025-05,115,경기도,구리시,평화의 소녀상,4,구리 2025_05.csv,역사관광,역사유물
구리,2025,5,2025-05,122,경기도,구리시,산마루공원,3,구리 2025_05.csv,문화관광,도시공원
구리,2025,5,2025-05,122,경기도,구리시,갈매주짓수,3,구리 2025_05.csv,레저스포츠,기타레저스포츠
구리,2025,5,2025-05,122,경기도,구리시,구리시 사노동 언제마을,3,구리 2025_05.csv,역사관광,역사유적지
구리,2025,5,2025-05,122,경기도,구리시,구리시 사노동 안말마을,3,구리 2025_05.csv,역사관광,역사유적지
구리,2025,5,2025-05,122,경기도,구리시,신행선원,3,구리 2025_05.csv,역사관광,종교성지
구리,2025,5,2025-05,122,경기도,구리시,237탁구클럽,3,구리 2025_05.csv,레저스포츠,기타레저스포츠
구리,2025,5,2025-05,122,경기도,구리시,플레이핑퐁,3,구리 2025_05.csv,레저스포츠,기타레저스포츠
구리,2025,5,2025-05,122,경기도,구리시,수택평생학습센터,3,구리 2025_05.csv,체험관광,체험관광기타
구리,2025,5,2025-05,122,경기도,구리시,한양농원,3,구리 2025_05.csv,체험관광,농/산/어촌체험
구리,2025,5,2025-05,122,경기도,구리시,개맥이공원,3,구리 2025_05.csv,문화관광,도시공원
구리,2025,5,2025-05,122,경기도,구리시,원일공원,3,구리 2025_05.csv,문화관광,도시공원
구리,2025,5,2025-05,122,경기도,구리시,늘푸른공원,3,구리 2025_05.csv,문화관광,도시공원
구리,2025,5,2025-05,122,경기도,구리시,동구하늘공원,3,구리 2025_05.csv,문화관광,도시공원
구리,2025,5,2025-05,122,경기도,구리시,수누피공원,3,구리 2025_05.csv,문화관광,도시공원
구리,2025,5,2025-05,122,경기도,구리시,팡팡존,3,구리 2025_05.csv,문화관광,테마공원
구리,2025,5,2025-05,122,경기도,구리시,나만갑선생신도비,3,구리 2025_05.csv,역사관광,역사유적지
구리,2025,5,2025-05,122,경기도,구리시,전남수산,3,구리 2025_05.csv,쇼핑,시장
구리,2025,5,2025-05,122,경기도,구리시,구리시주니어야구장,3,구리 2025_05.csv,문화관광,레저스포츠시설
구리,2025,5,2025-05,122,경기도,구리시,대성암,3,구리 2025_05.csv,역사관광,종교성지
구리,2025,5,2025-05,122,경기도,구리시,선진농장,3,구리 2025_05.csv,체험관광,농/산/어촌체험
구리,2025,6,2025-06,1,경기도,구리시,구리농수산물도매시장,23772,구리 2025_06.csv,쇼핑,시장
구리,2025,6,2025-06,2,경기도,구리시,롯데백화점구리점,12228,구리 2025_06.csv,쇼핑,백화점
구리,2025,6,2025-06,3,경기도,구리시,구리한강시민공원,7851,구리 2025_06.csv,문화관광,도시공원
구리,2025,6,2025-06,4,경기도,구리시,구리전통시장,6373,구리 2025_06.csv,쇼핑,시장
구리,2025,6,2025-06,5,경기도,구리시,동구릉,5218,구리 2025_06.csv,역사관광,역사유적지
구리,2025,6,2025-06,6,경기도,구리시,태릉CC,4040,구리 2025_06.csv,레저스포츠,육상레저스포츠
구리,2025,6,2025-06,7,경기도,구리시,모다아울렛구리남양주점,3942,구리 2025_06.csv,쇼핑,쇼핑몰
구리,2025,6,2025-06,8,경기도,구리시,롯데아울렛구리점,3869,구리 2025_06.csv,쇼핑,쇼핑몰
구리,2025,6,2025-06,9,경기도,구리시,CGV구리갈매,2222,구리 2025_06.csv,문화관광,공연시설
구리,2025,6,2025-06,10,경기도,구리시,구리타워,2015,구리 2025_06.csv,문화관광,랜드마크관광
구리,2025,6,2025-06,11,경기도,구리시,장자호수생태공원,1493,구리 2025_06.csv,문화관광,도시공원
구리,2025,6,2025-06,12,경기도,구리시,구리아트홀,1267,구리 2025_06.csv,문화관광,공연시설
구리,2025,6,2025-06,13,경기도,구리시,티엠유아이아울렛,1208,구리 2025_06.csv,쇼핑,쇼핑몰
구리,2025,6,2025-06,14,경기도,구리시,구리왕숙체육공원,1173,구리 2025_06.csv,문화관광,도시공원
구리,2025,6,2025-06,15,경기도,구리시,GS챔피언스파크,1118,구리 2025_06.csv,레저스포츠,기타레저스포츠
구리,2025,6,2025-06,16,경기도,구리시,구리농수산물도매시장수산2동,1100,구리 2025_06.csv,쇼핑,시장
구리,2025,6,2025-06,17,경기도,구리시,구리시곤충생태관,978,구리 2025_06.csv,문화관광,전시시설
구리,2025,6,2025-06,18,경기도,구리시,롯데시네마구리아울렛,800,구리 2025_06.csv,문화관광,공연시설
구리,2025,6,2025-06,19,경기도,구리시,구리청과물도매시장,788,구리 2025_06.csv,쇼핑,시장
구리,2025,6,2025-06,20,경기도,구리시,고구려대장간마을,782,구리 2025_06.csv,문화관광,기타문화관광지
구리,2025,6,2025-06,21,경기도,구리시,구리시체육회축구장,705,구리 2025_06.csv,문화관광,레저스포츠시설
구리,2025,6,2025-06,22,경기도,구리시,렛츠런CCC구리지점,543,구리 2025_06.csv,레저스포츠,육상레저스포츠
구리,2025,6,2025-06,23,경기도,구리시,와니엘배팅센터서울구리점,521,구리 2025_06.csv,레저스포츠,기타레저스포츠
구리,2025,6,2025-06,24,경기도,구리시,CGV구리,498,구리 2025_06.csv,문화관광,공연시설
구리,2025,6,2025-06,25,경기도,구리시,구리한강시민공원야구장,467,구리 2025_06.csv,문화관광,레저스포츠시설
구리,2025,6,2025-06,26,경기도,구리시,구리농수산물도매시장수산동,459,구리 2025_06.csv,쇼핑,시장
구리,2025,6,2025-06,27,경기도,구리시,구리시청소년수련관,445,구리 2025_06.csv,레저스포츠,육상레저스포츠
구리,2025,6,2025-06,28,경기도,구리시,구리어린이천문대,378,구리 2025_06.csv,기타관광,기타관광
구리,2025,6,2025-06,29,경기도,구리시,구리농수산물공사,348,구리 2025_06.csv,쇼핑,시장
구리,2025,6,2025-06,30,경기도,구리시,구리승마클럽,317,구리 2025_06.csv,레저스포츠,육상레저스포츠
구리,2025,6,2025-06,31,경기도,구리시,구리왕숙체육공원축구장,309,구리 2025_06.csv,문화관광,레저스포츠시설
구리,2025,6,2025-06,32,경기도,구리시,보원탄산온천,258,구리 2025_06.csv,체험관광,웰니스관광
구리,2025,6,2025-06,33,경기도,구리시,동서울어린이천문대,248,구리 2025_06.csv,기타관광,기타관광
구리,2025,6,2025-06,34,경기도,구리시,장자호수생태체험관,235,구리 2025_06.csv,기타관광,기타관광
구리,2025,6,2025-06,35,경기도,구리시,동사골주말농장,216,구리 2025_06.csv,체험관광,농/산/어촌체험
구리,2025,6,2025-06,36,경기도,구리시,구리시 교문동 아치울마을,167,구리 2025_06.csv,역사관광,역사유적지
구리,2025,6,2025-06,37,경기도,구리시,인창중학교 야구장,165,구리 2025_06.csv,문화관광,레저스포츠시설
구리,2025,6,2025-06,38,경기도,구리시,구리시립체육공원,155,구리 2025_06.csv,문화관광,도시공원
구리,2025,6,2025-06,39,경기도,구리시,플레이티카구리점,152,구리 2025_06.csv,문화관광,테마공원
구리,2025,6,2025-06,40,경기도,구리시,구리유통종합시장축산가공식품동,140,구리 2025_06.csv,쇼핑,시장
구리,2025,6,2025-06,41,경기도,구리시,구리시 교문동 딸기원마을,129,구리 2025_06.csv,역사관광,역사유적지
구리,2025,6,2025-06,42,경기도,구리시,GS챔피언스파크야구장,119,구리 2025_06.csv,문화관광,레저스포츠시설
구리,2025,6,2025-06,43,경기도,구리시,스토래지풋살구리아천점,118,구리 2025_06.csv,레저스포츠,기타레저스포츠
구리,2025,6,2025-06,44,경기도,구리시,구리아트홀코스모스대극장,112,구리 2025_06.csv,문화관광,공연시설
구리,2025,6,2025-06,45,경기도,구리시,갈매중앙공원,109,구리 2025_06.csv,문화관광,도시공원
구리,2025,6,2025-06,46,경기도,구리시,정각사,103,구리 2025_06.csv,역사관광,종교성지
구리,2025,6,2025-06,46,경기도,구리시,구리시립리틀야구장,103,구리 2025_06.csv,문화관광,레저스포츠시설
구리,2025,6,2025-06,48,경기도,구리시,인창고등학교야구장,90,구리 2025_06.csv,문화관광,레저스포츠시설
구리,2025,6,2025-06,49,경기도,구리시,검배근린공원,87,구리 2025_06.csv,문화관광,도시공원
구리,2025,6,2025-06,50,경기도,구리시,스트라이크존구리돌다리구장,82,구리 2025_06.csv,레저스포츠,기타레저스포츠
구리,2025,6,2025-06,51,경기도,구리시,더가루구리점,78,구리 2025_06.csv,문화관광,테마공원
구리,2025,6,2025-06,52,경기도,구리시,토평공원물놀이장,77,구리 2025_06.csv,문화관광,테마공원
구리,2025,6,2025-06,53,경기도,구리시,백지훈풋볼클럽,76,구리 2025_06.csv,레저스포츠,기타레저스포츠
구리,2025,6,2025-06,54,경기도,구리시,아천빗물펌프장생태습지,75,구리 2025_06.csv,문화관광,도시공원
구리,2025,6,2025-06,55,경기도,구리시,퐁퐁플라워구리센터,64,구리 2025_06.csv,문화관광,테마공원
구리,2025,6,2025-06,56,경기도,구리시,구리음악창작소,61,구리 2025_06.csv,문화관광,기타문화관광지
구리,2025,6,2025-06,57,경기도,구리시,힐링FC풋살장,59,구리 2025_06.csv,레저스포츠,기타레저스포츠
구리,2025,6,2025-06,57,경기도,구리시,갈매평생학습센터,59,구리 2025_06.csv,체험관광,체험관광기타
구리,2025,6,2025-06,59,경기도,구리시,리틀비틀구리갈매점,56,구리 2025_06.csv,문화관광,테마공원
구리,2025,6,2025-06,60,경기도,구리시,KCC이지스주니어구리점,54,구리 2025_06.csv,레저스포츠,기타레저스포츠
구리,2025,6,2025-06,61,경기도,구리시,영테니스아카데미,52,구리 2025_06.csv,레저스포츠,기타레저스포츠
구리,2025,6,2025-06,62,경기도,구리시,김병지축구클럽구리롯데아울렛점,48,구리 2025_06.csv,레저스포츠,기타레저스포츠
구리,2025,6,2025-06,63,경기도,구리시,피쉬스쿨실내낚시카페,47,구리 2025_06.csv,레저스포츠,수상레저스포츠
구리,2025,6,2025-06,64,경기도,구리시,한강둔치꽃단지,45,구리 2025_06.csv,문화관광,도시공원
구리,2025,6,2025-06,65,경기도,구리시,파이팅스테이션,42,구리 2025_06.csv,레저스포츠,기타레저스포츠
구리,2025,6,2025-06,66,경기도,구리시,갈매아이사랑놀이터,40,구리 2025_06.csv,문화관광,테마공원
구리,2025,6,2025-06,67,경기도,구리시,인창중앙공원,37,구리 2025_06.csv,문화관광,도시공원
구리,2025,6,2025-06,68,경기도,구리시,모모주말농장,35,구리 2025_06.csv,체험관광,농/산/어촌체험
구리,2025,6,2025-06,69,경기도,구리시,구리시 현충탑,34,구리 2025_06.csv,역사관광,역사유물
구리,2025,6,2025-06,69,경기도,구리시,온달정,34,구리 2025_06.csv,레저스포츠,육상레저스포츠
구리,2025,6,2025-06,71,경기도,구리시,대한불교천태종금성사,33,구리 2025_06.csv,역사관광,종교성지
구리,2025,6,2025-06,72,경기도,구리시,구리체육관근린공원,31,구리 2025_06.csv,문화관광,도시공원
구리,2025,6,2025-06,73,경기도,구리시,노리숲프라이빗키즈파티룸,30,구리 2025_06.csv,문화관광,테마공원
구리,2025,6,2025-06,74,경기도,구리시,휘트니스플레이스구리인창점,29,구리 2025_06.csv,레저스포츠,기타레저스포츠
구리,2025,6,2025-06,74,경기도,구리시,왕숙천둔치공원,29,구리 2025_06.csv,문화관광,도시공원
구리,2025,6,2025-06,76,경기도,구리시,마루키즈룸,28,구리 2025_06.csv,문화관광,테마공원
구리,2025,6,2025-06,77,경기도,구리시,CMT베이스볼아카데미,27,구리 2025_06.csv,레저스포츠,기타레저스포츠
구리,2025,6,2025-06,78,경기도,구리시,건원릉,25,구리 2025_06.csv,역사관광,역사유적지
구리,2025,6,2025-06,79,경기도,구리시,구리시안전체험관,24,구리 2025_06.csv,문화관광,전시시설
구리,2025,6,2025-06,79,경기도,구리시,인창파크골프장,24,구리 2025_06.csv,레저스포츠,육상레저스포츠
구리,2025,6,2025-06,81,경기도,구리시,갈매구릉산자락길,22,구리 2025_06.csv,레저스포츠,기타레저스포츠
구리,2025,6,2025-06,81,경기도,구리시,동구하늘공원물놀이장,22,구리 2025_06.csv,문화관광,테마공원
구리,2025,6,2025-06,81,경기도,구리시,이문안호수공원,22,구리 2025_06.csv,문화관광,도시공원
구리,2025,6,2025-06,84,경기도,구리시,라곰트레이닝인창점,19,구리 2025_06.csv,레저스포츠,기타레저스포츠
구리,2025,6,2025-06,84,경기도,구리시,명빈묘,19,구리 2025_06.csv,역사관광,역사유적지
구리,2025,6,2025-06,86,경기도,구리시,구리시외버스정류장,18,구리 2025_06.csv,기타관광,교통시설
구리,2025,6,2025-06,86,경기도,구리시,돌다리공원,18,구리 2025_06.csv,문화관광,도시공원
구리,2025,6,2025-06,88,경기도,구리시,크로스핏라곰,17,구리 2025_06.csv,레저스포츠,기타레저스포츠
구리,2025,6,2025-06,88,경기도,구리시,갈매동도당굿전수관,17,구리 2025_06.csv,체험관광,체험관광기타
구리,2025,6,2025-06,88,경기도,구리시,점핑몬스터구리갈매점,17,구리 2025_06.csv,문화관광,테마공원
구리,2025,6,2025-06,91,경기도,구리시,별하공원,16,구리 2025_06.csv,문화관광,도시공원
구리,2025,6,2025-06,91,경기도,구리시,토평공원,16,구리 2025_06.csv,문화관광,도시공원
구리,2025,6,2025-06,91,경기도,구리시,안골공원,16,구리 2025_06.csv,문화관광,도시공원
구리,2025,6,2025-06,91,경기도,구리시,수누피공원,16,구리 2025_06.csv,문화관광,도시공원
구리,2025,6,2025-06,95,경기도,구리시,고구려박물관,14,구리 2025_06.csv,문화관광,전시시설
구리,2025,6,2025-06,96,경기도,구리시,마운틴스타클라이밍,13,구리 2025_06.csv,레저스포츠,기타레저스포츠
구리,2025,6,2025-06,96,경기도,구리시,구리시 사노동 양지마을,13,구리 2025_06.csv,역사관광,역사유적지
구리,2025,6,2025-06,98,경기도,구리시,중앙하이츠티움,11,구리 2025_06.csv,쇼핑,쇼핑몰
구리,2025,6,2025-06,98,경기도,구리시,선진농장,11,구리 2025_06.csv,체험관광,농/산/어촌체험
구리,2025,6,2025-06,100,경기도,구리시,동구하늘공원,9,구리 2025_06.csv,문화관광,도시공원
구리,2025,6,2025-06,101,경기도,구리시,왕숙천둔치물놀이장,8,구리 2025_06.csv,문화관광,테마공원
구리,2025,6,2025-06,102,경기도,구리시,구리시 사노동 안말마을,7,구리 2025_06.csv,역사관광,역사유적지
구리,2025,6,2025-06,102,경기도,구리시,아천파크골프장,7,구리 2025_06.csv,레저스포츠,육상레저스포츠
구리,2025,6,2025-06,102,경기도,구리시,평해수산,7,구리 2025_06.csv,쇼핑,시장
구리,2025,6,2025-06,102,경기도,구리시,서가산공원,7,구리 2025_06.csv,문화관광,도시공원
구리,2025,6,2025-06,102,경기도,구리시,방방,7,구리 2025_06.csv,문화관광,테마공원
구리,2025,6,2025-06,102,경기도,구리시,G&T선수트레이닝센터,7,구리 2025_06.csv,레저스포츠,기타레저스포츠
구리,2025,6,2025-06,108,경기도,구리시,구리시체육회풋살C구장,6,구리 2025_06.csv,문화관광,레저스포츠시설
구리,2025,6,2025-06,108,경기도,구리시,이플,6,구리 2025_06.csv,체험관광,공예체험
구리,2025,6,2025-06,108,경기도,구리시,나만갑선생신도비,6,구리 2025_06.csv,역사관광,역사유적지
구리,2025,6,2025-06,108,경기도,구리시,아름마을어린이공원물놀이장,6,구리 2025_06.csv,문화관광,테마공원
구리,2025,6,2025-06,108,경기도,구리시,구리시평생학습관,6,구리 2025_06.csv,체험관광,체험관광기타
구리,2025,6,2025-06,108,경기도,구리시,필탁구장,6,구리 2025_06.csv,레저스포츠,기타레저스포츠
구리,2025,6,2025-06,114,경기도,구리시,가능골공원,5,구리 2025_06.csv,문화관광,도시공원
구리,2025,6,2025-06,115,경기도,구리시,포레스트앤두아카데미,4,구리 2025_06.csv,레저스포츠,기타레저스포츠
구리,2025,6,2025-06,115,경기도,구리시,아름공원,4,구리 2025_06.csv,문화관광,도시공원
구리,2025,6,2025-06,115,경기도,구리시,부양공원,4,구리 2025_06.csv,문화관광,도시공원
구리,2025,6,2025-06,115,경기도,구리시,경환농원,4,구리 2025_06.csv,체험관광,농/산/어촌체험
구리,2025,6,2025-06,115,경기도,구리시,보현사,4,구리 2025_06.csv,역사관광,종교성지
구리,2025,6,2025-06,115,경기도,구리시,한동수산,4,구리 2025_06.csv,쇼핑,시장
구리,2025,6,2025-06,115,경기도,구리시,백교저수지,4,구리 2025_06.csv,자연관광,자연경관(하천/해양)
구리,2025,6,2025-06,122,경기도,구리시,샛다리지,3,구리 2025_06.csv,자연관광,자연경관(하천/해양)
구리,2025,6,2025-06,122,경기도,구리시,협동공원,3,구리 2025_06.csv,문화관광,도시공원
구리,2025,6,2025-06,122,경기도,구리시,건설기초안전교육,3,구리 2025_06.csv,체험관광,체험관광기타
구리,2025,6,2025-06,122,경기도,구리시,삼산무에타이구리지관,3,구리 2025_06.csv,레저스포츠,기타레저스포츠
구리,2025,6,2025-06,122,경기도,구리시,갈매중앙공원물놀이장,3,구리 2025_06.csv,문화관광,테마공원
구리,2025,6,2025-06,122,경기도,구리시,플레이핑퐁,3,구리 2025_06.csv,레저스포츠,기타레저스포츠
구리,2025,6,2025-06,122,경기도,구리시,수택평생학습센터,3,구리 2025_06.csv,체험관광,체험관광기타
구리,2025,6,2025-06,122,경기도,구리시,구리동구릉문화제,3,구리 2025_06.csv,레저스포츠,기타레저스포츠
구리,2025,6,2025-06,122,경기도,구리시,원촌공원,3,구리 2025_06.csv,문화관광,도시공원
구리,2025,6,2025-06,122,경기도,구리시,사나사,3,구리 2025_06.csv,역사관광,종교성지
구리,2025,6,2025-06,122,경기도,구리시,팡팡존,3,구리 2025_06.csv,문화관광,테마공원
구리,2025,6,2025-06,122,경기도,구리시,주공6단지공원,3,구리 2025_06.csv,문화관광,도시공원
구리,2025,6,2025-06,122,경기도,구리시,장자탁구클럽,3,구리 2025_06.csv,레저스포츠,기타레저스포츠
구리,2025,6,2025-06,122,경기도,구리시,앤공방,3,구리 2025_06.csv,체험관광,공예체험
구리,2025,6,2025-06,122,경기도,구리시,삼봉사,3,구리 2025_06.csv,역사관광,종교성지
구리,2025,6,2025-06,122,경기도,구리시,구리LG구장,3,구리 2025_06.csv,레저스포츠,기타레저스포츠
구리,2025,6,2025-06,122,경기도,구리시,공덕사,3,구리 2025_06.csv,역사관광,종교성지
구리,2025,7,2025-07,1,경기도,구리시,구리농수산물도매시장,22492,구리 2025_07.csv,쇼핑,시장
구리,2025,7,2025-07,2,경기도,구리시,롯데백화점구리점,12449,구리 2025_07.csv,쇼핑,백화점
구리,2025,7,2025-07,3,경기도,구리시,구리전통시장,6392,구리 2025_07.csv,쇼핑,시장
구리,2025,7,2025-07,4,경기도,구리시,구리한강시민공원,4035,구리 2025_07.csv,문화관광,도시공원
구리,2025,7,2025-07,5,경기도,구리시,태릉CC,3670,구리 2025_07.csv,레저스포츠,육상레저스포츠
구리,2025,7,2025-07,6,경기도,구리시,모다아울렛구리남양주점,3567,구리 2025_07.csv,쇼핑,쇼핑몰
구리,2025,7,2025-07,7,경기도,구리시,롯데아울렛구리점,3486,구리 2025_07.csv,쇼핑,쇼핑몰
구리,2025,7,2025-07,8,경기도,구리시,CGV구리갈매,2647,구리 2025_07.csv,문화관광,공연시설
구리,2025,7,2025-07,9,경기도,구리시,동구릉,2458,구리 2025_07.csv,역사관광,역사유적지
구리,2025,7,2025-07,10,경기도,구리시,구리타워,1782,구리 2025_07.csv,문화관광,랜드마크관광
구리,2025,7,2025-07,11,경기도,구리시,구리아트홀,1177,구리 2025_07.csv,문화관광,공연시설
구리,2025,7,2025-07,12,경기도,구리시,티엠유아이아울렛,1034,구리 2025_07.csv,쇼핑,쇼핑몰
구리,2025,7,2025-07,13,경기도,구리시,구리농수산물도매시장수산2동,1011,구리 2025_07.csv,쇼핑,시장
구리,2025,7,2025-07,14,경기도,구리시,구리왕숙체육공원,957,구리 2025_07.csv,문화관광,도시공원
구리,2025,7,2025-07,15,경기도,구리시,롯데시네마구리아울렛,875,구리 2025_07.csv,문화관광,공연시설
구리,2025,7,2025-07,16,경기도,구리시,구리청과물도매시장,794,구리 2025_07.csv,쇼핑,시장
구리,2025,7,2025-07,17,경기도,구리시,GS챔피언스파크,770,구리 2025_07.csv,레저스포츠,기타레저스포츠
구리,2025,7,2025-07,18,경기도,구리시,장자호수생태공원,765,구리 2025_07.csv,문화관광,도시공원
구리,2025,7,2025-07,19,경기도,구리시,구리시청소년수련관,629,구리 2025_07.csv,레저스포츠,육상레저스포츠
구리,2025,7,2025-07,20,경기도,구리시,구리시체육회축구장,611,구리 2025_07.csv,문화관광,레저스포츠시설
구리,2025,7,2025-07,21,경기도,구리시,와니엘배팅센터서울구리점,609,구리 2025_07.csv,레저스포츠,기타레저스포츠
구리,2025,7,2025-07,22,경기도,구리시,구리시곤충생태관,581,구리 2025_07.csv,문화관광,전시시설
구리,2025,7,2025-07,23,경기도,구리시,CGV구리,571,구리 2025_07.csv,문화관광,공연시설
구리,2025,7,2025-07,24,경기도,구리시,고구려대장간마을,519,구리 2025_07.csv,문화관광,기타문화관광지
구리,2025,7,2025-07,25,경기도,구리시,렛츠런CCC구리지점,492,구리 2025_07.csv,레저스포츠,육상레저스포츠
구리,2025,7,2025-07,26,경기도,구리시,구리농수산물공사,354,구리 2025_07.csv,쇼핑,시장
구리,2025,7,2025-07,27,경기도,구리시,구리어린이천문대,346,구리 2025_07.csv,기타관광,기타관광
구리,2025,7,2025-07,28,경기도,구리시,구리농수산물도매시장수산동,344,구리 2025_07.csv,쇼핑,시장
구리,2025,7,2025-07,29,경기도,구리시,구리승마클럽,334,구리 2025_07.csv,레저스포츠,육상레저스포츠
구리,2025,7,2025-07,30,경기도,구리시,구리한강시민공원야구장,301,구리 2025_07.csv,문화관광,레저스포츠시설
구리,2025,7,2025-07,31,경기도,구리시,구리왕숙체육공원축구장,297,구리 2025_07.csv,문화관광,레저스포츠시설
구리,2025,7,2025-07,32,경기도,구리시,동서울어린이천문대,272,구리 2025_07.csv,기타관광,기타관광
구리,2025,7,2025-07,33,경기도,구리시,보원탄산온천,198,구리 2025_07.csv,체험관광,웰니스관광
구리,2025,7,2025-07,34,경기도,구리시,플레이티카구리점,176,구리 2025_07.csv,문화관광,테마공원
구리,2025,7,2025-07,35,경기도,구리시,장자호수생태체험관,158,구리 2025_07.csv,기타관광,기타관광
구리,2025,7,2025-07,35,경기도,구리시,토평공원물놀이장,158,구리 2025_07.csv,문화관광,테마공원
구리,2025,7,2025-07,37,경기도,구리시,동사골주말농장,157,구리 2025_07.csv,체험관광,농/산/어촌체험
구리,2025,7,2025-07,38,경기도,구리시,구리시 교문동 딸기원마을,134,구리 2025_07.csv,역사관광,역사유적지
구리,2025,7,2025-07,39,경기도,구리시,구리시 교문동 아치울마을,130,구리 2025_07.csv,역사관광,역사유적지
구리,2025,7,2025-07,40,경기도,구리시,스토래지풋살구리아천점,127,구리 2025_07.csv,레저스포츠,기타레저스포츠
구리,2025,7,2025-07,41,경기도,구리시,더가루구리점,113,구리 2025_07.csv,문화관광,테마공원
구리,2025,7,2025-07,42,경기도,구리시,GS챔피언스파크야구장,111,구리 2025_07.csv,문화관광,레저스포츠시설
구리,2025,7,2025-07,43,경기도,구리시,정각사,96,구리 2025_07.csv,역사관광,종교성지
구리,2025,7,2025-07,44,경기도,구리시,구리시립체육공원,95,구리 2025_07.csv,문화관광,도시공원
구리,2025,7,2025-07,45,경기도,구리시,리틀비틀구리갈매점,91,구리 2025_07.csv,문화관광,테마공원
구리,2025,7,2025-07,46,경기도,구리시,KCC이지스주니어구리점,90,구리 2025_07.csv,레저스포츠,기타레저스포츠
구리,2025,7,2025-07,47,경기도,구리시,백지훈풋볼클럽,83,구리 2025_07.csv,레저스포츠,기타레저스포츠
구리,2025,7,2025-07,48,경기도,구리시,퐁퐁플라워구리센터,79,구리 2025_07.csv,문화관광,테마공원
구리,2025,7,2025-07,49,경기도,구리시,인창중학교 야구장,77,구리 2025_07.csv,문화관광,레저스포츠시설
구리,2025,7,2025-07,50,경기도,구리시,갈매아이사랑놀이터,74,구리 2025_07.csv,문화관광,테마공원
구리,2025,7,2025-07,51,경기도,구리시,갈매중앙공원,65,구리 2025_07.csv,문화관광,도시공원
구리,2025,7,2025-07,52,경기도,구리시,왕숙천둔치물놀이장,64,구리 2025_07.csv,문화관광,테마공원
구리,2025,7,2025-07,53,경기도,구리시,구리아트홀코스모스대극장,61,구리 2025_07.csv,문화관광,공연시설
구리,2025,7,2025-07,54,경기도,구리시,검배근린공원,57,구리 2025_07.csv,문화관광,도시공원
구리,2025,7,2025-07,54,경기도,구리시,구리시립리틀야구장,57,구리 2025_07.csv,문화관광,레저스포츠시설
구리,2025,7,2025-07,54,경기도,구리시,아천빗물펌프장생태습지,57,구리 2025_07.csv,문화관광,도시공원
구리,2025,7,2025-07,57,경기도,구리시,힐링FC풋살장,54,구리 2025_07.csv,레저스포츠,기타레저스포츠
구리,2025,7,2025-07,57,경기도,구리시,김병지축구클럽구리롯데아울렛점,54,구리 2025_07.csv,레저스포츠,기타레저스포츠
구리,2025,7,2025-07,59,경기도,구리시,노리숲프라이빗키즈파티룸,51,구리 2025_07.csv,문화관광,테마공원
구리,2025,7,2025-07,59,경기도,구리시,구리유통종합시장축산가공식품동,51,구리 2025_07.csv,쇼핑,시장
구리,2025,7,2025-07,61,경기도,구리시,스트라이크존구리돌다리구장,47,구리 2025_07.csv,레저스포츠,기타레저스포츠
구리,2025,7,2025-07,62,경기도,구리시,마루키즈룸,45,구리 2025_07.csv,문화관광,테마공원
구리,2025,7,2025-07,62,경기도,구리시,인창고등학교야구장,45,구리 2025_07.csv,문화관광,레저스포츠시설
구리,2025,7,2025-07,64,경기도,구리시,구리음악창작소,43,구리 2025_07.csv,문화관광,기타문화관광지
구리,2025,7,2025-07,65,경기도,구리시,한강둔치꽃단지,38,구리 2025_07.csv,문화관광,도시공원
구리,2025,7,2025-07,66,경기도,구리시,동구하늘공원물놀이장,32,구리 2025_07.csv,문화관광,테마공원
구리,2025,7,2025-07,67,경기도,구리시,중앙하이츠티움,31,구리 2025_07.csv,쇼핑,쇼핑몰
구리,2025,7,2025-07,67,경기도,구리시,피쉬스쿨실내낚시카페,31,구리 2025_07.csv,레저스포츠,수상레저스포츠
구리,2025,7,2025-07,69,경기도,구리시,파이팅스테이션,30,구리 2025_07.csv,레저스포츠,기타레저스포츠
구리,2025,7,2025-07,69,경기도,구리시,구리체육관근린공원,30,구리 2025_07.csv,문화관광,도시공원
구리,2025,7,2025-07,69,경기도,구리시,라곰트레이닝인창점,30,구리 2025_07.csv,레저스포츠,기타레저스포츠
구리,2025,7,2025-07,72,경기도,구리시,토평공원,29,구리 2025_07.csv,문화관광,도시공원
구리,2025,7,2025-07,72,경기도,구리시,온달정,29,구리 2025_07.csv,레저스포츠,육상레저스포츠
구리,2025,7,2025-07,74,경기도,구리시,갈매중앙공원물놀이장,27,구리 2025_07.csv,문화관광,테마공원
구리,2025,7,2025-07,74,경기도,구리시,대한불교천태종금성사,27,구리 2025_07.csv,역사관광,종교성지
구리,2025,7,2025-07,76,경기도,구리시,안골공원,26,구리 2025_07.csv,문화관광,도시공원
구리,2025,7,2025-07,76,경기도,구리시,점핑몬스터구리갈매점,26,구리 2025_07.csv,문화관광,테마공원
구리,2025,7,2025-07,78,경기도,구리시,갈매동도당굿전수관,22,구리 2025_07.csv,체험관광,체험관광기타
구리,2025,7,2025-07,78,경기도,구리시,아름마을어린이공원물놀이장,22,구리 2025_07.csv,문화관광,테마공원
구리,2025,7,2025-07,80,경기도,구리시,크로스핏라곰,18,구리 2025_07.csv,레저스포츠,기타레저스포츠
구리,2025,7,2025-07,81,경기도,구리시,가능골공원,17,구리 2025_07.csv,문화관광,도시공원
구리,2025,7,2025-07,81,경기도,구리시,고구려박물관,17,구리 2025_07.csv,문화관광,전시시설
구리,2025,7,2025-07,81,경기도,구리시,G&T선수트레이닝센터,17,구리 2025_07.csv,레저스포츠,기타레저스포츠
구리,2025,7,2025-07,84,경기도,구리시,영테니스아카데미,16,구리 2025_07.csv,레저스포츠,기타레저스포츠
구리,2025,7,2025-07,84,경기도,구리시,보현사,16,구리 2025_07.csv,역사관광,종교성지
구리,2025,7,2025-07,86,경기도,구리시,경환농원,15,구리 2025_07.csv,체험관광,농/산/어촌체험
구리,2025,7,2025-07,86,경기도,구리시,모모주말농장,15,구리 2025_07.csv,체험관광,농/산/어촌체험
구리,2025,7,2025-07,88,경기도,구리시,구리시 현충탑,14,구리 2025_07.csv,역사관광,역사유물
구리,2025,7,2025-07,88,경기도,구리시,돌다리공원,14,구리 2025_07.csv,문화관광,도시공원
구리,2025,7,2025-07,90,경기도,구리시,마운틴스타클라이밍,13,구리 2025_07.csv,레저스포츠,기타레저스포츠
구리,2025,7,2025-07,90,경기도,구리시,왕숙천둔치공원,13,구리 2025_07.csv,문화관광,도시공원
구리,2025,7,2025-07,90,경기도,구리시,인창중앙공원,13,구리 2025_07.csv,문화관광,도시공원
구리,2025,7,2025-07,93,경기도,구리시,별하공원,12,구리 2025_07.csv,문화관광,도시공원
구리,2025,7,2025-07,93,경기도,구리시,구리역공원,12,구리 2025_07.csv,문화관광,도시공원
구리,2025,7,2025-07,95,경기도,구리시,수누피공원,11,구리 2025_07.csv,문화관광,도시공원
구리,2025,7,2025-07,96,경기도,구리시,산마루공원,10,구리 2025_07.csv,문화관광,도시공원
구리,2025,7,2025-07,97,경기도,구리시,구리시안전체험관,9,구리 2025_07.csv,문화관광,전시시설
구리,2025,7,2025-07,97,경기도,구리시,구리시외버스정류장,9,구리 2025_07.csv,기타관광,교통시설
구리,2025,7,2025-07,99,경기도,구리시,낚짜,8,구리 2025_07.csv,레저스포츠,수상레저스포츠
구리,2025,7,2025-07,100,경기도,구리시,갈매구릉산자락길,7,구리 2025_07.csv,레저스포츠,기타레저스포츠
구리,2025,7,2025-07,100,경기도,구리시,구리남양주평생교육원,7,구리 2025_07.csv,체험관광,체험관광기타
구리,2025,7,2025-07,100,경기도,구리시,구리시체육회풋살C구장,7,구리 2025_07.csv,문화관광,레저스포츠시설
구리,2025,7,2025-07,100,경기도,구리시,공덕사,7,구리 2025_07.csv,역사관광,종교성지
구리,2025,7,2025-07,104,경기도,구리시,두스피닝,6,구리 2025_07.csv,레저스포츠,기타레저스포츠
구리,2025,7,2025-07,104,경기도,구리시,휘트니스플레이스구리인창점,6,구리 2025_07.csv,레저스포츠,기타레저스포츠
구리,2025,7,2025-07,104,경기도,구리시,구리시 사노동 양지마을,6,구리 2025_07.csv,역사관광,역사유적지
구리,2025,7,2025-07,104,경기도,구리시,구리시 사노동 언제마을,6,구리 2025_07.csv,역사관광,역사유적지
구리,2025,7,2025-07,104,경기도,구리시,인창파크골프장,6,구리 2025_07.csv,레저스포츠,육상레저스포츠
구리,2025,7,2025-07,104,경기도,구리시,명빈묘,6,구리 2025_07.csv,역사관광,역사유적지
구리,2025,7,2025-07,104,경기도,구리시,전남수산,6,구리 2025_07.csv,쇼핑,시장
구리,2025,7,2025-07,104,경기도,구리시,이문안호수공원,6,구리 2025_07.csv,문화관광,도시공원
구리,2025,7,2025-07,112,경기도,구리시,CMT베이스볼아카데미,4,구리 2025_07.csv,레저스포츠,기타레저스포츠
구리,2025,7,2025-07,112,경기도,구리시,갈매평생학습센터,4,구리 2025_07.csv,체험관광,체험관광기타
구리,2025,7,2025-07,112,경기도,구리시,장자탁구클럽,4,구리 2025_07.csv,레저스포츠,기타레저스포츠
구리,2025,7,2025-07,112,경기도,구리시,삼봉사,4,구리 2025_07.csv,역사관광,종교성지
구리,2025,7,2025-07,112,경기도,구리시,구리LG구장,4,구리 2025_07.csv,레저스포츠,기타레저스포츠
구리,2025,7,2025-07,117,경기도,구리시,구리시 사노동 안말마을,3,구리 2025_07.csv,역사관광,역사유적지
구리,2025,7,2025-07,117,경기도,구리시,왕숙천족구장,3,구리 2025_07.csv,레저스포츠,기타레저스포츠
구리,2025,7,2025-07,117,경기도,구리시,아천파크골프장,3,구리 2025_07.csv,레저스포츠,육상레저스포츠
구리,2025,7,2025-07,117,경기도,구리시,평해수산,3,구리 2025_07.csv,쇼핑,시장
구리,2025,7,2025-07,117,경기도,구리시,고고스매싱,3,구리 2025_07.csv,레저스포츠,기타레저스포츠
구리,2025,7,2025-07,117,경기도,구리시,원촌공원,3,구리 2025_07.csv,문화관광,도시공원
구리,2025,7,2025-07,117,경기도,구리시,서가산공원,3,구리 2025_07.csv,문화관광,도시공원
구리,2025,7,2025-07,117,경기도,구리시,원일공원,3,구리 2025_07.csv,문화관광,도시공원
구리,2025,7,2025-07,117,경기도,구리시,금호어울림공원,3,구리 2025_07.csv,문화관광,도시공원
구리,2025,7,2025-07,117,경기도,구리시,팡팡존,3,구리 2025_07.csv,문화관광,테마공원
구리,2025,7,2025-07,117,경기도,구리시,주공6단지공원,3,구리 2025_07.csv,문화관광,도시공원
구리,2025,7,2025-07,117,경기도,구리시,마음수련구리센터,3,구리 2025_07.csv,레저스포츠,기타레저스포츠
구리,2025,7,2025-07,117,경기도,구리시,모비딕메로,3,구리 2025_07.csv,쇼핑,시장
구리,2025,7,2025-07,117,경기도,구리시,대성암,3,구리 2025_07.csv,역사관광,종교성지
구리,2025,8,2025-08,1,경기도,구리시,구리농수산물도매시장,24908,구리 2025_08.csv,쇼핑,시장
구리,2025,8,2025-08,2,경기도,구리시,롯데백화점구리점,11992,구리 2025_08.csv,쇼핑,백화점
구리,2025,8,2025-08,3,경기도,구리시,구리전통시장,6845,구리 2025_08.csv,쇼핑,시장
구리,2025,8,2025-08,4,경기도,구리시,구리한강시민공원,4764,구리 2025_08.csv,문화관광,도시공원
구리,2025,8,2025-08,5,경기도,구리시,태릉CC,3910,구리 2025_08.csv,레저스포츠,육상레저스포츠
구리,2025,8,2025-08,6,경기도,구리시,모다아울렛구리남양주점,3676,구리 2025_08.csv,쇼핑,쇼핑몰
구리,2025,8,2025-08,7,경기도,구리시,롯데아울렛구리점,3064,구리 2025_08.csv,쇼핑,쇼핑몰
구리,2025,8,2025-08,8,경기도,구리시,CGV구리갈매,2880,구리 2025_08.csv,문화관광,공연시설
구리,2025,8,2025-08,9,경기도,구리시,동구릉,2738,구리 2025_08.csv,역사관광,역사유적지
구리,2025,8,2025-08,10,경기도,구리시,구리타워,1965,구리 2025_08.csv,문화관광,랜드마크관광
구리,2025,8,2025-08,11,경기도,구리시,구리아트홀,1167,구리 2025_08.csv,문화관광,공연시설
구리,2025,8,2025-08,12,경기도,구리시,구리왕숙체육공원,1163,구리 2025_08.csv,문화관광,도시공원
구리,2025,8,2025-08,13,경기도,구리시,구리농수산물도매시장수산2동,1104,구리 2025_08.csv,쇼핑,시장
구리,2025,8,2025-08,14,경기도,구리시,장자호수생태공원,984,구리 2025_08.csv,문화관광,도시공원
구리,2025,8,2025-08,15,경기도,구리시,구리시곤충생태관,955,구리 2025_08.csv,문화관광,전시시설
구리,2025,8,2025-08,16,경기도,구리시,롯데시네마구리아울렛,913,구리 2025_08.csv,문화관광,공연시설
구리,2025,8,2025-08,17,경기도,구리시,티엠유아이아울렛,827,구리 2025_08.csv,쇼핑,쇼핑몰
구리,2025,8,2025-08,18,경기도,구리시,GS챔피언스파크,793,구리 2025_08.csv,레저스포츠,기타레저스포츠
구리,2025,8,2025-08,19,경기도,구리시,구리청과물도매시장,756,구리 2025_08.csv,쇼핑,시장
구리,2025,8,2025-08,20,경기도,구리시,고구려대장간마을,626,구리 2025_08.csv,문화관광,기타문화관광지
구리,2025,8,2025-08,21,경기도,구리시,CGV구리,584,구리 2025_08.csv,문화관광,공연시설
구리,2025,8,2025-08,22,경기도,구리시,구리시체육회축구장,567,구리 2025_08.csv,문화관광,레저스포츠시설
구리,2025,8,2025-08,23,경기도,구리시,와니엘배팅센터서울구리점,555,구리 2025_08.csv,레저스포츠,기타레저스포츠
구리,2025,8,2025-08,24,경기도,구리시,구리시청소년수련관,461,구리 2025_08.csv,레저스포츠,육상레저스포츠
구리,2025,8,2025-08,25,경기도,구리시,구리농수산물도매시장수산동,408,구리 2025_08.csv,쇼핑,시장
구리,2025,8,2025-08,26,경기도,구리시,구리어린이천문대,392,구리 2025_08.csv,기타관광,기타관광
구리,2025,8,2025-08,27,경기도,구리시,구리한강시민공원야구장,390,구리 2025_08.csv,문화관광,레저스포츠시설
구리,2025,8,2025-08,28,경기도,구리시,구리승마클럽,355,구리 2025_08.csv,레저스포츠,육상레저스포츠
구리,2025,8,2025-08,29,경기도,구리시,구리농수산물공사,282,구리 2025_08.csv,쇼핑,시장
구리,2025,8,2025-08,30,경기도,구리시,구리왕숙체육공원축구장,263,구리 2025_08.csv,문화관광,레저스포츠시설
구리,2025,8,2025-08,31,경기도,구리시,동서울어린이천문대,254,구리 2025_08.csv,기타관광,기타관광
구리,2025,8,2025-08,32,경기도,구리시,보원탄산온천,244,구리 2025_08.csv,체험관광,웰니스관광
구리,2025,8,2025-08,33,경기도,구리시,장자호수생태체험관,177,구리 2025_08.csv,기타관광,기타관광
구리,2025,8,2025-08,34,경기도,구리시,플레이티카구리점,176,구리 2025_08.csv,문화관광,테마공원
구리,2025,8,2025-08,35,경기도,구리시,구리시 교문동 아치울마을,138,구리 2025_08.csv,역사관광,역사유적지
구리,2025,8,2025-08,36,경기도,구리시,인창중학교 야구장,131,구리 2025_08.csv,문화관광,레저스포츠시설
구리,2025,8,2025-08,37,경기도,구리시,구리시 교문동 딸기원마을,129,구리 2025_08.csv,역사관광,역사유적지
구리,2025,8,2025-08,37,경기도,구리시,렛츠런CCC구리지점,129,구리 2025_08.csv,레저스포츠,육상레저스포츠
구리,2025,8,2025-08,39,경기도,구리시,퐁퐁플라워구리센터,128,구리 2025_08.csv,문화관광,테마공원
구리,2025,8,2025-08,40,경기도,구리시,동사골주말농장,126,구리 2025_08.csv,체험관광,농/산/어촌체험
구리,2025,8,2025-08,41,경기도,구리시,구리유통종합시장축산가공식품동,122,구리 2025_08.csv,쇼핑,시장
구리,2025,8,2025-08,42,경기도,구리시,스토래지풋살구리아천점,121,구리 2025_08.csv,레저스포츠,기타레저스포츠
구리,2025,8,2025-08,43,경기도,구리시,더가루구리점,114,구리 2025_08.csv,문화관광,테마공원
구리,2025,8,2025-08,44,경기도,구리시,정각사,112,구리 2025_08.csv,역사관광,종교성지
구리,2025,8,2025-08,45,경기도,구리시,인창고등학교야구장,103,구리 2025_08.csv,문화관광,레저스포츠시설
구리,2025,8,2025-08,46,경기도,구리시,구리시립체육공원,102,구리 2025_08.csv,문화관광,도시공원
구리,2025,8,2025-08,46,경기도,구리시,토평공원물놀이장,102,구리 2025_08.csv,문화관광,테마공원
구리,2025,8,2025-08,48,경기도,구리시,백지훈풋볼클럽,98,구리 2025_08.csv,레저스포츠,기타레저스포츠
구리,2025,8,2025-08,49,경기도,구리시,GS챔피언스파크야구장,92,구리 2025_08.csv,문화관광,레저스포츠시설
구리,2025,8,2025-08,50,경기도,구리시,갈매중앙공원,83,구리 2025_08.csv,문화관광,도시공원
구리,2025,8,2025-08,51,경기도,구리시,리틀비틀구리갈매점,81,구리 2025_08.csv,문화관광,테마공원
구리,2025,8,2025-08,52,경기도,구리시,구리음악창작소,80,구리 2025_08.csv,문화관광,기타문화관광지
구리,2025,8,2025-08,53,경기도,구리시,토평공원,65,구리 2025_08.csv,문화관광,도시공원
구리,2025,8,2025-08,54,경기도,구리시,KCC이지스주니어구리점,60,구리 2025_08.csv,레저스포츠,기타레저스포츠
구리,2025,8,2025-08,55,경기도,구리시,스트라이크존구리돌다리구장,58,구리 2025_08.csv,레저스포츠,기타레저스포츠
구리,2025,8,2025-08,56,경기도,구리시,마루키즈룸,52,구리 2025_08.csv,문화관광,테마공원
구리,2025,8,2025-08,57,경기도,구리시,영테니스아카데미,49,구리 2025_08.csv,레저스포츠,기타레저스포츠
구리,2025,8,2025-08,58,경기도,구리시,왕숙천둔치물놀이장,48,구리 2025_08.csv,문화관광,테마공원
구리,2025,8,2025-08,59,경기도,구리시,노리숲프라이빗키즈파티룸,45,구리 2025_08.csv,문화관광,테마공원
구리,2025,8,2025-08,60,경기도,구리시,힐링FC풋살장,44,구리 2025_08.csv,레저스포츠,기타레저스포츠
구리,2025,8,2025-08,61,경기도,구리시,검배근린공원,42,구리 2025_08.csv,문화관광,도시공원
구리,2025,8,2025-08,61,경기도,구리시,구리아트홀코스모스대극장,42,구리 2025_08.csv,문화관광,공연시설
구리,2025,8,2025-08,63,경기도,구리시,돌다리공원,41,구리 2025_08.csv,문화관광,도시공원
구리,2025,8,2025-08,63,경기도,구리시,갈매아이사랑놀이터,41,구리 2025_08.csv,문화관광,테마공원
구리,2025,8,2025-08,65,경기도,구리시,아천빗물펌프장생태습지,39,구리 2025_08.csv,문화관광,도시공원
구리,2025,8,2025-08,66,경기도,구리시,피쉬스쿨실내낚시카페,36,구리 2025_08.csv,레저스포츠,수상레저스포츠
구리,2025,8,2025-08,67,경기도,구리시,동구하늘공원물놀이장,35,구리 2025_08.csv,문화관광,테마공원
구리,2025,8,2025-08,68,경기도,구리시,김병지축구클럽구리롯데아울렛점,30,구리 2025_08.csv,레저스포츠,기타레저스포츠
구리,2025,8,2025-08,69,경기도,구리시,점핑몬스터구리갈매점,28,구리 2025_08.csv,문화관광,테마공원
구리,2025,8,2025-08,70,경기도,구리시,오성공원,27,구리 2025_08.csv,문화관광,도시공원
구리,2025,8,2025-08,71,경기도,구리시,라곰트레이닝인창점,24,구리 2025_08.csv,레저스포츠,기타레저스포츠
구리,2025,8,2025-08,71,경기도,구리시,한강둔치꽃단지,24,구리 2025_08.csv,문화관광,도시공원
구리,2025,8,2025-08,73,경기도,구리시,구리시외버스정류장,23,구리 2025_08.csv,기타관광,교통시설
구리,2025,8,2025-08,74,경기도,구리시,구리체육관근린공원,22,구리 2025_08.csv,문화관광,도시공원
구리,2025,8,2025-08,74,경기도,구리시,G&T선수트레이닝센터,22,구리 2025_08.csv,레저스포츠,기타레저스포츠
구리,2025,8,2025-08,76,경기도,구리시,갈매중앙공원물놀이장,21,구리 2025_08.csv,문화관광,테마공원
구리,2025,8,2025-08,76,경기도,구리시,모모주말농장,21,구리 2025_08.csv,체험관광,농/산/어촌체험
구리,2025,8,2025-08,76,경기도,구리시,이문안호수공원,21,구리 2025_08.csv,문화관광,도시공원
구리,2025,8,2025-08,79,경기도,구리시,갈매구릉산자락길,20,구리 2025_08.csv,레저스포츠,기타레저스포츠
구리,2025,8,2025-08,80,경기도,구리시,구리역공원,19,구리 2025_08.csv,문화관광,도시공원
구리,2025,8,2025-08,80,경기도,구리시,구리시립리틀야구장,19,구리 2025_08.csv,문화관광,레저스포츠시설
구리,2025,8,2025-08,80,경기도,구리시,온달정,19,구리 2025_08.csv,레저스포츠,육상레저스포츠
구리,2025,8,2025-08,83,경기도,구리시,대한불교천태종금성사,18,구리 2025_08.csv,역사관광,종교성지
구리,2025,8,2025-08,84,경기도,구리시,구리한강시민공원어린이튜브물놀이장,17,구리 2025_08.csv,문화관광,테마공원
구리,2025,8,2025-08,84,경기도,구리시,인창중앙공원,17,구리 2025_08.csv,문화관광,도시공원
구리,2025,8,2025-08,86,경기도,구리시,휘트니스플레이스구리인창점,16,구리 2025_08.csv,레저스포츠,기타레저스포츠
구리,2025,8,2025-08,86,경기도,구리시,아름마을어린이공원물놀이장,16,구리 2025_08.csv,문화관광,테마공원
구리,2025,8,2025-08,88,경기도,구리시,명빈묘,15,구리 2025_08.csv,역사관광,역사유적지
구리,2025,8,2025-08,89,경기도,구리시,중앙하이츠티움,13,구리 2025_08.csv,쇼핑,쇼핑몰
구리,2025,8,2025-08,90,경기도,구리시,크로스핏라곰,12,구리 2025_08.csv,레저스포츠,기타레저스포츠
구리,2025,8,2025-08,90,경기도,구리시,구리시 사노동 안말마을,12,구리 2025_08.csv,역사관광,역사유적지
구리,2025,8,2025-08,90,경기도,구리시,보현사,12,구리 2025_08.csv,역사관광,종교성지
구리,2025,8,2025-08,93,경기도,구리시,CMT베이스볼아카데미,11,구리 2025_08.csv,레저스포츠,기타레저스포츠
구리,2025,8,2025-08,94,경기도,구리시,이플,10,구리 2025_08.csv,체험관광,공예체험
구리,2025,8,2025-08,94,경기도,구리시,경환농원,10,구리 2025_08.csv,체험관광,농/산/어촌체험
구리,2025,8,2025-08,96,경기도,구리시,구리시안전체험관,9,구리 2025_08.csv,문화관광,전시시설
구리,2025,8,2025-08,96,경기도,구리시,구리시 사노동 언제마을,9,구리 2025_08.csv,역사관광,역사유적지
구리,2025,8,2025-08,96,경기도,구리시,전남수산,9,구리 2025_08.csv,쇼핑,시장
구리,2025,8,2025-08,96,경기도,구리시,낚짜,9,구리 2025_08.csv,레저스포츠,수상레저스포츠
구리,2025,8,2025-08,100,경기도,구리시,구리시 현충탑,8,구리 2025_08.csv,역사관광,역사유물
구리,2025,8,2025-08,100,경기도,구리시,안골공원,8,구리 2025_08.csv,문화관광,도시공원
구리,2025,8,2025-08,100,경기도,구리시,장자탁구클럽,8,구리 2025_08.csv,레저스포츠,기타레저스포츠
구리,2025,8,2025-08,103,경기도,구리시,한동수산,7,구리 2025_08.csv,쇼핑,시장
구리,2025,8,2025-08,104,경기도,구리시,마운틴스타클라이밍,6,구리 2025_08.csv,레저스포츠,기타레저스포츠
구리,2025,8,2025-08,104,경기도,구리시,구리남양주평생교육원,6,구리 2025_08.csv,체험관광,체험관광기타
구리,2025,8,2025-08,104,경기도,구리시,구리시체육회풋살C구장,6,구리 2025_08.csv,문화관광,레저스포츠시설
구리,2025,8,2025-08,104,경기도,구리시,별하공원,6,구리 2025_08.csv,문화관광,도시공원
구리,2025,8,2025-08,104,경기도,구리시,왕숙천둔치공원,6,구리 2025_08.csv,문화관광,도시공원
구리,2025,8,2025-08,104,경기도,구리시,갈매동도당굿전수관,6,구리 2025_08.csv,체험관광,체험관광기타
구리,2025,8,2025-08,104,경기도,구리시,고구려박물관,6,구리 2025_08.csv,문화관광,전시시설
구리,2025,8,2025-08,104,경기도,구리시,백교저수지,6,구리 2025_08.csv,자연관광,자연경관(하천/해양)
구리,2025,8,2025-08,104,경기도,구리시,커피나무농원,6,구리 2025_08.csv,체험관광,농/산/어촌체험
구리,2025,8,2025-08,104,경기도,구리시,공덕사,6,구리 2025_08.csv,역사관광,종교성지
구리,2025,8,2025-08,114,경기도,구리시,파이팅스테이션,4,구리 2025_08.csv,레저스포츠,기타레저스포츠
구리,2025,8,2025-08,114,경기도,구리시,건원릉,4,구리 2025_08.csv,역사관광,역사유적지
구리,2025,8,2025-08,114,경기도,구리시,대덕사,4,구리 2025_08.csv,역사관광,종교성지
구리,2025,8,2025-08,114,경기도,구리시,구리코스모스축제,4,구리 2025_08.csv,문화관광,기타문화관광지
구리,2025,8,2025-08,114,경기도,구리시,동구하늘공원,4,구리 2025_08.csv,문화관광,도시공원
구리,2025,8,2025-08,114,경기도,구리시,수누피공원,4,구리 2025_08.csv,문화관광,도시공원
구리,2025,8,2025-08,114,경기도,구리시,영화수산,4,구리 2025_08.csv,쇼핑,시장
구리,2025,8,2025-08,114,경기도,구리시,관보수산,4,구리 2025_08.csv,쇼핑,시장
구리,2025,8,2025-08,114,경기도,구리시,점프스포츠클럽,4,구리 2025_08.csv,레저스포츠,기타레저스포츠
구리,2025,8,2025-08,123,경기도,구리시,두스피닝,3,구리 2025_08.csv,레저스포츠,기타레저스포츠
구리,2025,8,2025-08,123,경기도,구리시,오예스몰,3,구리 2025_08.csv,쇼핑,쇼핑몰
구리,2025,8,2025-08,123,경기도,구리시,얼터드주짓수아카데미본관,3,구리 2025_08.csv,레저스포츠,기타레저스포츠
구리,2025,8,2025-08,123,경기도,구리시,협동공원,3,구리 2025_08.csv,문화관광,도시공원
구리,2025,8,2025-08,123,경기도,구리시,인창파크골프장,3,구리 2025_08.csv,레저스포츠,육상레저스포츠
구리,2025,8,2025-08,123,경기도,구리시,고고스매싱,3,구리 2025_08.csv,레저스포츠,기타레저스포츠
구리,2025,8,2025-08,123,경기도,구리시,원촌공원,3,구리 2025_08.csv,문화관광,도시공원
구리,2025,8,2025-08,123,경기도,구리시,덕고개공원,3,구리 2025_08.csv,문화관광,도시공원
구리,2025,8,2025-08,123,경기도,구리시,새말공원,3,구리 2025_08.csv,문화관광,도시공원
구리,2025,8,2025-08,123,경기도,구리시,서가산공원,3,구리 2025_08.csv,문화관광,도시공원
구리,2025,8,2025-08,123,경기도,구리시,아름공원,3,구리 2025_08.csv,문화관광,도시공원
구리,2025,8,2025-08,123,경기도,구리시,주공6단지공원,3,구리 2025_08.csv,문화관광,도시공원
구리,2025,8,2025-08,123,경기도,구리시,구리LG구장,3,구리 2025_08.csv,레저스포츠,기타레저스포츠
구리,2025,8,2025-08,123,경기도,구리시,방방,3,구리 2025_08.csv,문화관광,테마공원
구리,2025,9,2025-09,1,경기도,구리시,구리농수산물도매시장,29543,구리 2025_09.csv,쇼핑,시장
구리,2025,9,2025-09,2,경기도,구리시,롯데백화점구리점,12252,구리 2025_09.csv,쇼핑,백화점
구리,2025,9,2025-09,3,경기도,구리시,구리한강시민공원,10991,구리 2025_09.csv,문화관광,도시공원
구리,2025,9,2025-09,4,경기도,구리시,구리전통시장,6284,구리 2025_09.csv,쇼핑,시장
구리,2025,9,2025-09,5,경기도,구리시,모다아울렛구리남양주점,4326,구리 2025_09.csv,쇼핑,쇼핑몰
구리,2025,9,2025-09,6,경기도,구리시,태릉CC,4105,구리 2025_09.csv,레저스포츠,육상레저스포츠
구리,2025,9,2025-09,7,경기도,구리시,동구릉,2913,구리 2025_09.csv,역사관광,역사유적지
구리,2025,9,2025-09,8,경기도,구리시,롯데아울렛구리점,2577,구리 2025_09.csv,쇼핑,쇼핑몰
구리,2025,9,2025-09,9,경기도,구리시,CGV구리갈매,2064,구리 2025_09.csv,문화관광,공연시설
구리,2025,9,2025-09,10,경기도,구리시,구리타워,1977,구리 2025_09.csv,문화관광,랜드마크관광
구리,2025,9,2025-09,11,경기도,구리시,구리아트홀,1780,구리 2025_09.csv,문화관광,공연시설
구리,2025,9,2025-09,12,경기도,구리시,구리농수산물도매시장수산2동,1471,구리 2025_09.csv,쇼핑,시장
구리,2025,9,2025-09,13,경기도,구리시,구리왕숙체육공원,1216,구리 2025_09.csv,문화관광,도시공원
구리,2025,9,2025-09,14,경기도,구리시,구리코스모스축제,1196,구리 2025_09.csv,문화관광,기타문화관광지
구리,2025,9,2025-09,15,경기도,구리시,장자호수생태공원,1121,구리 2025_09.csv,문화관광,도시공원
구리,2025,9,2025-09,16,경기도,구리시,GS챔피언스파크,878,구리 2025_09.csv,레저스포츠,기타레저스포츠
구리,2025,9,2025-09,17,경기도,구리시,구리청과물도매시장,809,구리 2025_09.csv,쇼핑,시장
구리,2025,9,2025-09,18,경기도,구리시,구리시체육회축구장,693,구리 2025_09.csv,문화관광,레저스포츠시설
구리,2025,9,2025-09,19,경기도,구리시,고구려대장간마을,689,구리 2025_09.csv,문화관광,기타문화관광지
구리,2025,9,2025-09,20,경기도,구리시,구리시곤충생태관,684,구리 2025_09.csv,문화관광,전시시설
구리,2025,9,2025-09,21,경기도,구리시,티엠유아이아울렛,611,구리 2025_09.csv,쇼핑,쇼핑몰
구리,2025,9,2025-09,22,경기도,구리시,구리농수산물도매시장수산동,608,구리 2025_09.csv,쇼핑,시장
구리,2025,9,2025-09,23,경기도,구리시,롯데시네마구리아울렛,492,구리 2025_09.csv,문화관광,공연시설
구리,2025,9,2025-09,24,경기도,구리시,구리승마클럽,434,구리 2025_09.csv,레저스포츠,육상레저스포츠
구리,2025,9,2025-09,25,경기도,구리시,구리농수산물공사,430,구리 2025_09.csv,쇼핑,시장
구리,2025,9,2025-09,26,경기도,구리시,와니엘배팅센터서울구리점,414,구리 2025_09.csv,레저스포츠,기타레저스포츠
구리,2025,9,2025-09,27,경기도,구리시,구리시청소년수련관,392,구리 2025_09.csv,레저스포츠,육상레저스포츠
구리,2025,9,2025-09,28,경기도,구리시,구리어린이천문대,376,구리 2025_09.csv,기타관광,기타관광
구리,2025,9,2025-09,29,경기도,구리시,CGV구리,327,구리 2025_09.csv,문화관광,공연시설
구리,2025,9,2025-09,30,경기도,구리시,동서울어린이천문대,275,구리 2025_09.csv,기타관광,기타관광
구리,2025,9,2025-09,31,경기도,구리시,구리왕숙체육공원축구장,263,구리 2025_09.csv,문화관광,레저스포츠시설
구리,2025,9,2025-09,32,경기도,구리시,보원탄산온천,258,구리 2025_09.csv,체험관광,웰니스관광
구리,2025,9,2025-09,33,경기도,구리시,장자호수생태체험관,205,구리 2025_09.csv,기타관광,기타관광
구리,2025,9,2025-09,34,경기도,구리시,구리아트홀코스모스대극장,192,구리 2025_09.csv,문화관광,공연시설
구리,2025,9,2025-09,35,경기도,구리시,구리한강시민공원야구장,177,구리 2025_09.csv,문화관광,레저스포츠시설
구리,2025,9,2025-09,36,경기도,구리시,정각사,153,구리 2025_09.csv,역사관광,종교성지
구리,2025,9,2025-09,37,경기도,구리시,스토래지풋살구리아천점,138,구리 2025_09.csv,레저스포츠,기타레저스포츠
구리,2025,9,2025-09,38,경기도,구리시,갈매중앙공원,133,구리 2025_09.csv,문화관광,도시공원
구리,2025,9,2025-09,39,경기도,구리시,동사골주말농장,122,구리 2025_09.csv,체험관광,농/산/어촌체험
구리,2025,9,2025-09,40,경기도,구리시,구리시 교문동 아치울마을,111,구리 2025_09.csv,역사관광,역사유적지
구리,2025,9,2025-09,41,경기도,구리시,구리시 교문동 딸기원마을,99,구리 2025_09.csv,역사관광,역사유적지
구리,2025,9,2025-09,42,경기도,구리시,백지훈풋볼클럽,98,구리 2025_09.csv,레저스포츠,기타레저스포츠
구리,2025,9,2025-09,43,경기도,구리시,GS챔피언스파크야구장,95,구리 2025_09.csv,문화관광,레저스포츠시설
구리,2025,9,2025-09,44,경기도,구리시,플레이티카구리점,90,구리 2025_09.csv,문화관광,테마공원
구리,2025,9,2025-09,45,경기도,구리시,한강둔치꽃단지,89,구리 2025_09.csv,문화관광,도시공원
구리,2025,9,2025-09,46,경기도,구리시,KCC이지스주니어구리점,79,구리 2025_09.csv,레저스포츠,기타레저스포츠
구리,2025,9,2025-09,46,경기도,구리시,인창중학교 야구장,79,구리 2025_09.csv,문화관광,레저스포츠시설
구리,2025,9,2025-09,48,경기도,구리시,오성공원,77,구리 2025_09.csv,문화관광,도시공원
구리,2025,9,2025-09,49,경기도,구리시,구리시립리틀야구장,75,구리 2025_09.csv,문화관광,레저스포츠시설
구리,2025,9,2025-09,50,경기도,구리시,아천빗물펌프장생태습지,71,구리 2025_09.csv,문화관광,도시공원
구리,2025,9,2025-09,50,경기도,구리시,김병지축구클럽구리롯데아울렛점,71,구리 2025_09.csv,레저스포츠,기타레저스포츠
구리,2025,9,2025-09,52,경기도,구리시,더가루구리점,70,구리 2025_09.csv,문화관광,테마공원
구리,2025,9,2025-09,53,경기도,구리시,검배근린공원,67,구리 2025_09.csv,문화관광,도시공원
구리,2025,9,2025-09,54,경기도,구리시,힐링FC풋살장,65,구리 2025_09.csv,레저스포츠,기타레저스포츠
구리,2025,9,2025-09,55,경기도,구리시,구리유통종합시장축산가공식품동,62,구리 2025_09.csv,쇼핑,시장
구리,2025,9,2025-09,56,경기도,구리시,구리음악창작소,61,구리 2025_09.csv,문화관광,기타문화관광지
구리,2025,9,2025-09,57,경기도,구리시,구리시립체육공원,60,구리 2025_09.csv,문화관광,도시공원
구리,2025,9,2025-09,58,경기도,구리시,퐁퐁플라워구리센터,56,구리 2025_09.csv,문화관광,테마공원
구리,2025,9,2025-09,59,경기도,구리시,갈매구릉산자락길,54,구리 2025_09.csv,레저스포츠,기타레저스포츠
구리,2025,9,2025-09,59,경기도,구리시,대한불교천태종금성사,54,구리 2025_09.csv,역사관광,종교성지
구리,2025,9,2025-09,61,경기도,구리시,리틀비틀구리갈매점,50,구리 2025_09.csv,문화관광,테마공원
구리,2025,9,2025-09,62,경기도,구리시,마루키즈룸,46,구리 2025_09.csv,문화관광,테마공원
구리,2025,9,2025-09,63,경기도,구리시,구리체육관근린공원,44,구리 2025_09.csv,문화관광,도시공원
구리,2025,9,2025-09,64,경기도,구리시,인창고등학교야구장,43,구리 2025_09.csv,문화관광,레저스포츠시설
구리,2025,9,2025-09,65,경기도,구리시,인창중앙공원,41,구리 2025_09.csv,문화관광,도시공원
구리,2025,9,2025-09,66,경기도,구리시,토평공원,39,구리 2025_09.csv,문화관광,도시공원
구리,2025,9,2025-09,67,경기도,구리시,라곰트레이닝인창점,38,구리 2025_09.csv,레저스포츠,기타레저스포츠
구리,2025,9,2025-09,68,경기도,구리시,온달정,37,구리 2025_09.csv,레저스포츠,육상레저스포츠
구리,2025,9,2025-09,68,경기도,구리시,모모주말농장,37,구리 2025_09.csv,체험관광,농/산/어촌체험
구리,2025,9,2025-09,70,경기도,구리시,인창파크골프장,35,구리 2025_09.csv,레저스포츠,육상레저스포츠
구리,2025,9,2025-09,71,경기도,구리시,갈매아이사랑놀이터,30,구리 2025_09.csv,문화관광,테마공원
구리,2025,9,2025-09,72,경기도,구리시,영테니스아카데미,26,구리 2025_09.csv,레저스포츠,기타레저스포츠
구리,2025,9,2025-09,73,경기도,구리시,이문안호수공원,25,구리 2025_09.csv,문화관광,도시공원
구리,2025,9,2025-09,74,경기도,구리시,노리숲프라이빗키즈파티룸,24,구리 2025_09.csv,문화관광,테마공원
구리,2025,9,2025-09,74,경기도,구리시,구리시외버스정류장,24,구리 2025_09.csv,기타관광,교통시설
구리,2025,9,2025-09,76,경기도,구리시,보현사,23,구리 2025_09.csv,역사관광,종교성지
구리,2025,9,2025-09,77,경기도,구리시,별하공원,22,구리 2025_09.csv,문화관광,도시공원
구리,2025,9,2025-09,77,경기도,구리시,왕숙천둔치공원,22,구리 2025_09.csv,문화관광,도시공원
구리,2025,9,2025-09,77,경기도,구리시,남강수산,22,구리 2025_09.csv,쇼핑,시장
구리,2025,9,2025-09,80,경기도,구리시,갈매평생학습센터,21,구리 2025_09.csv,체험관광,체험관광기타
구리,2025,9,2025-09,80,경기도,구리시,스트라이크존구리돌다리구장,21,구리 2025_09.csv,레저스포츠,기타레저스포츠
구리,2025,9,2025-09,80,경기도,구리시,점핑몬스터구리갈매점,21,구리 2025_09.csv,문화관광,테마공원
구리,2025,9,2025-09,83,경기도,구리시,수택평생학습센터,20,구리 2025_09.csv,체험관광,체험관광기타
구리,2025,9,2025-09,83,경기도,구리시,갈매동도당굿전수관,20,구리 2025_09.csv,체험관광,체험관광기타
구리,2025,9,2025-09,85,경기도,구리시,오예스몰,18,구리 2025_09.csv,쇼핑,쇼핑몰
구리,2025,9,2025-09,86,경기도,구리시,구리시안전체험관,17,구리 2025_09.csv,문화관광,전시시설
구리,2025,9,2025-09,86,경기도,구리시,피쉬스쿨실내낚시카페,17,구리 2025_09.csv,레저스포츠,수상레저스포츠
구리,2025,9,2025-09,88,경기도,구리시,파이팅스테이션,15,구리 2025_09.csv,레저스포츠,기타레저스포츠
구리,2025,9,2025-09,88,경기도,구리시,중앙하이츠티움,15,구리 2025_09.csv,쇼핑,쇼핑몰
구리,2025,9,2025-09,88,경기도,구리시,구리역공원,15,구리 2025_09.csv,문화관광,도시공원
구리,2025,9,2025-09,88,경기도,구리시,구리LG구장,15,구리 2025_09.csv,레저스포츠,기타레저스포츠
구리,2025,9,2025-09,92,경기도,구리시,마운틴스타클라이밍,14,구리 2025_09.csv,레저스포츠,기타레저스포츠
구리,2025,9,2025-09,92,경기도,구리시,돌다리공원,14,구리 2025_09.csv,문화관광,도시공원
구리,2025,9,2025-09,94,경기도,구리시,고구려박물관,12,구리 2025_09.csv,문화관광,전시시설
구리,2025,9,2025-09,95,경기도,구리시,전남수산,11,구리 2025_09.csv,쇼핑,시장
구리,2025,9,2025-09,96,경기도,구리시,구리시 사노동 언제마을,9,구리 2025_09.csv,역사관광,역사유적지
구리,2025,9,2025-09,96,경기도,구리시,구리시 사노동 안말마을,9,구리 2025_09.csv,역사관광,역사유적지
구리,2025,9,2025-09,96,경기도,구리시,백교저수지,9,구리 2025_09.csv,자연관광,자연경관(하천/해양)
구리,2025,9,2025-09,96,경기도,구리시,G&T선수트레이닝센터,9,구리 2025_09.csv,레저스포츠,기타레저스포츠
구리,2025,9,2025-09,100,경기도,구리시,건원릉,7,구리 2025_09.csv,역사관광,역사유적지
구리,2025,9,2025-09,100,경기도,구리시,명빈묘,7,구리 2025_09.csv,역사관광,역사유적지
구리,2025,9,2025-09,102,경기도,구리시,왕숙천족구장,6,구리 2025_09.csv,레저스포츠,기타레저스포츠
구리,2025,9,2025-09,102,경기도,구리시,플레이핑퐁,6,구리 2025_09.csv,레저스포츠,기타레저스포츠
구리,2025,9,2025-09,102,경기도,구리시,안골공원,6,구리 2025_09.csv,문화관광,도시공원
구리,2025,9,2025-09,102,경기도,구리시,개맥이공원,6,구리 2025_09.csv,문화관광,도시공원
구리,2025,9,2025-09,102,경기도,구리시,공덕사,6,구리 2025_09.csv,역사관광,종교성지
구리,2025,9,2025-09,107,경기도,구리시,구리시체육회풋살C구장,5,구리 2025_09.csv,문화관광,레저스포츠시설
구리,2025,9,2025-09,108,경기도,구리시,구리시 사노동 양지마을,4,구리 2025_09.csv,역사관광,역사유적지
구리,2025,9,2025-09,109,경기도,구리시,크로스핏라곰,3,구리 2025_09.csv,레저스포츠,기타레저스포츠
구리,2025,9,2025-09,109,경기도,구리시,두스피닝,3,구리 2025_09.csv,레저스포츠,기타레저스포츠
구리,2025,9,2025-09,109,경기도,구리시,에스크나무농장,3,구리 2025_09.csv,체험관광,농/산/어촌체험
구리,2025,9,2025-09,109,경기도,구리시,협동공원,3,구리 2025_09.csv,문화관광,도시공원
구리,2025,9,2025-09,109,경기도,구리시,이플,3,구리 2025_09.csv,체험관광,공예체험
구리,2025,9,2025-09,109,경기도,구리시,신행선원,3,구리 2025_09.csv,역사관광,종교성지
구리,2025,9,2025-09,109,경기도,구리시,아천파크골프장,3,구리 2025_09.csv,레저스포츠,육상레저스포츠
구리,2025,9,2025-09,109,경기도,구리시,237탁구클럽,3,구리 2025_09.csv,레저스포츠,기타레저스포츠
구리,2025,9,2025-09,109,경기도,구리시,대덕사,3,구리 2025_09.csv,역사관광,종교성지
구리,2025,9,2025-09,109,경기도,구리시,구리동구릉문화제,3,구리 2025_09.csv,레저스포츠,기타레저스포츠
구리,2025,9,2025-09,109,경기도,구리시,사계절스케이트장,3,구리 2025_09.csv,레저스포츠,육상레저스포츠
구리,2025,9,2025-09,109,경기도,구리시,덕고개공원,3,구리 2025_09.csv,문화관광,도시공원
구리,2025,9,2025-09,109,경기도,구리시,아름공원,3,구리 2025_09.csv,문화관광,도시공원
구리,2025,9,2025-09,109,경기도,구리시,동구하늘공원,3,구리 2025_09.csv,문화관광,도시공원
구리,2025,9,2025-09,109,경기도,구리시,수누피공원,3,구리 2025_09.csv,문화관광,도시공원
구리,2025,9,2025-09,109,경기도,구리시,김민기복싱클럽,3,구리 2025_09.csv,레저스포츠,기타레저스포츠
구리,2025,9,2025-09,109,경기도,구리시,자비정사,3,구리 2025_09.csv,역사관광,종교성지
구리,2025,9,2025-09,109,경기도,구리시,중앙수산,3,구리 2025_09.csv,쇼핑,시장
구리,2025,9,2025-09,109,경기도,구리시,주공4단지1공원,3,구리 2025_09.csv,문화관광,도시공원
구리,2025,9,2025-09,109,경기도,구리시,마음수련구리센터,3,구리 2025_09.csv,레저스포츠,기타레저스포츠
구리,2025,9,2025-09,109,경기도,구리시,계순탁구,3,구리 2025_09.csv,레저스포츠,기타레저스포츠
구리,2025,9,2025-09,109,경기도,구리시,장자탁구클럽,3,구리 2025_09.csv,레저스포츠,기타레저스포츠
구리,2025,9,2025-09,109,경기도,구리시,필탁구장,3,구리 2025_09.csv,레저스포츠,기타레저스포츠
구리,2025,9,2025-09,109,경기도,구리시,토평공원물놀이장,3,구리 2025_09.csv,문화관광,테마공원
구리,2025,9,2025-09,109,경기도,구리시,구리한강시민공원경비행장,3,구리 2025_09.csv,레저스포츠,기타레저스포츠
구리,2025,10,2025-10,1,경기도,구리시,구리농수산물도매시장,42303,구리 2025_10.csv,쇼핑,시장
구리,2025,10,2025-10,2,경기도,구리시,구리한강시민공원,19685,구리 2025_10.csv,문화관광,도시공원
구리,2025,10,2025-10,3,경기도,구리시,롯데백화점구리점,19348,구리 2025_10.csv,쇼핑,백화점
구리,2025,10,2025-10,4,경기도,구리시,구리전통시장,10396,구리 2025_10.csv,쇼핑,시장
구리,2025,10,2025-10,5,경기도,구리시,모다아울렛구리남양주점,8640,구리 2025_10.csv,쇼핑,쇼핑몰
구리,2025,10,2025-10,6,경기도,구리시,동구릉,6870,구리 2025_10.csv,역사관광,역사유적지
구리,2025,10,2025-10,7,경기도,구리시,태릉CC,6028,구리 2025_10.csv,레저스포츠,육상레저스포츠
구리,2025,10,2025-10,8,경기도,구리시,롯데아울렛구리점,5364,구리 2025_10.csv,쇼핑,쇼핑몰
구리,2025,10,2025-10,9,경기도,구리시,CGV구리갈매,3202,구리 2025_10.csv,문화관광,공연시설
구리,2025,10,2025-10,10,경기도,구리시,구리타워,2966,구리 2025_10.csv,문화관광,랜드마크관광
구리,2025,10,2025-10,11,경기도,구리시,구리아트홀,2673,구리 2025_10.csv,문화관광,공연시설
구리,2025,10,2025-10,12,경기도,구리시,장자호수생태공원,2323,구리 2025_10.csv,문화관광,도시공원
구리,2025,10,2025-10,13,경기도,구리시,구리농수산물도매시장수산2동,2245,구리 2025_10.csv,쇼핑,시장
구리,2025,10,2025-10,14,경기도,구리시,구리왕숙체육공원,1997,구리 2025_10.csv,문화관광,도시공원
구리,2025,10,2025-10,15,경기도,구리시,티엠유아이아울렛,1752,구리 2025_10.csv,쇼핑,쇼핑몰
구리,2025,10,2025-10,16,경기도,구리시,GS챔피언스파크,1220,구리 2025_10.csv,레저스포츠,기타레저스포츠
구리,2025,10,2025-10,17,경기도,구리시,구리농수산물도매시장수산동,1213,구리 2025_10.csv,쇼핑,시장
구리,2025,10,2025-10,17,경기도,구리시,고구려대장간마을,1213,구리 2025_10.csv,문화관광,기타문화관광지
구리,2025,10,2025-10,19,경기도,구리시,구리시곤충생태관,974,구리 2025_10.csv,문화관광,전시시설
구리,2025,10,2025-10,20,경기도,구리시,구리시체육회축구장,971,구리 2025_10.csv,문화관광,레저스포츠시설
구리,2025,10,2025-10,20,경기도,구리시,구리청과물도매시장,971,구리 2025_10.csv,쇼핑,시장
구리,2025,10,2025-10,22,경기도,구리시,롯데시네마구리아울렛,940,구리 2025_10.csv,문화관광,공연시설
구리,2025,10,2025-10,23,경기도,구리시,와니엘배팅센터서울구리점,689,구리 2025_10.csv,레저스포츠,기타레저스포츠
구리,2025,10,2025-10,24,경기도,구리시,구리어린이천문대,604,구리 2025_10.csv,기타관광,기타관광
구리,2025,10,2025-10,25,경기도,구리시,CGV구리,598,구리 2025_10.csv,문화관광,공연시설
구리,2025,10,2025-10,26,경기도,구리시,구리시청소년수련관,571,구리 2025_10.csv,레저스포츠,육상레저스포츠
구리,2025,10,2025-10,27,경기도,구리시,구리승마클럽,540,구리 2025_10.csv,레저스포츠,육상레저스포츠
구리,2025,10,2025-10,28,경기도,구리시,구리농수산물공사,499,구리 2025_10.csv,쇼핑,시장
구리,2025,10,2025-10,29,경기도,구리시,동서울어린이천문대,477,구리 2025_10.csv,기타관광,기타관광
구리,2025,10,2025-10,30,경기도,구리시,구리왕숙체육공원축구장,448,구리 2025_10.csv,문화관광,레저스포츠시설
구리,2025,10,2025-10,31,경기도,구리시,보원탄산온천,410,구리 2025_10.csv,체험관광,웰니스관광
구리,2025,10,2025-10,32,경기도,구리시,장자호수생태체험관,377,구리 2025_10.csv,기타관광,기타관광
구리,2025,10,2025-10,33,경기도,구리시,플레이티카구리점,225,구리 2025_10.csv,문화관광,테마공원
구리,2025,10,2025-10,34,경기도,구리시,구리시 교문동 아치울마을,217,구리 2025_10.csv,역사관광,역사유적지
구리,2025,10,2025-10,35,경기도,구리시,한강둔치꽃단지,188,구리 2025_10.csv,문화관광,도시공원
구리,2025,10,2025-10,36,경기도,구리시,구리한강시민공원야구장,176,구리 2025_10.csv,문화관광,레저스포츠시설
구리,2025,10,2025-10,37,경기도,구리시,KCC이지스주니어구리점,175,구리 2025_10.csv,레저스포츠,기타레저스포츠
구리,2025,10,2025-10,38,경기도,구리시,정각사,171,구리 2025_10.csv,역사관광,종교성지
구리,2025,10,2025-10,38,경기도,구리시,동사골주말농장,171,구리 2025_10.csv,체험관광,농/산/어촌체험
구리,2025,10,2025-10,40,경기도,구리시,갈매중앙공원,168,구리 2025_10.csv,문화관광,도시공원
구리,2025,10,2025-10,41,경기도,구리시,라곰트레이닝인창점,162,구리 2025_10.csv,레저스포츠,기타레저스포츠
구리,2025,10,2025-10,42,경기도,구리시,구리시 교문동 딸기원마을,155,구리 2025_10.csv,역사관광,역사유적지
구리,2025,10,2025-10,43,경기도,구리시,백지훈풋볼클럽,145,구리 2025_10.csv,레저스포츠,기타레저스포츠
구리,2025,10,2025-10,44,경기도,구리시,퐁퐁플라워구리센터,140,구리 2025_10.csv,문화관광,테마공원
구리,2025,10,2025-10,45,경기도,구리시,인창고등학교야구장,135,구리 2025_10.csv,문화관광,레저스포츠시설
구리,2025,10,2025-10,46,경기도,구리시,구리아트홀코스모스대극장,134,구리 2025_10.csv,문화관광,공연시설
구리,2025,10,2025-10,47,경기도,구리시,인창중학교 야구장,133,구리 2025_10.csv,문화관광,레저스포츠시설
구리,2025,10,2025-10,48,경기도,구리시,오성공원,127,구리 2025_10.csv,문화관광,도시공원
구리,2025,10,2025-10,48,경기도,구리시,스토래지풋살구리아천점,127,구리 2025_10.csv,레저스포츠,기타레저스포츠
구리,2025,10,2025-10,50,경기도,구리시,더가루구리점,125,구리 2025_10.csv,문화관광,테마공원
구리,2025,10,2025-10,51,경기도,구리시,구리시립리틀야구장,111,구리 2025_10.csv,문화관광,레저스포츠시설
구리,2025,10,2025-10,52,경기도,구리시,보현사,108,구리 2025_10.csv,역사관광,종교성지
구리,2025,10,2025-10,53,경기도,구리시,리틀비틀구리갈매점,107,구리 2025_10.csv,문화관광,테마공원
구리,2025,10,2025-10,54,경기도,구리시,구리유통종합시장축산가공식품동,100,구리 2025_10.csv,쇼핑,시장
구리,2025,10,2025-10,55,경기도,구리시,김병지축구클럽구리롯데아울렛점,92,구리 2025_10.csv,레저스포츠,기타레저스포츠
구리,2025,10,2025-10,56,경기도,구리시,인창파크골프장,88,구리 2025_10.csv,레저스포츠,육상레저스포츠
구리,2025,10,2025-10,57,경기도,구리시,검배근린공원,84,구리 2025_10.csv,문화관광,도시공원
구리,2025,10,2025-10,58,경기도,구리시,인창중앙공원,83,구리 2025_10.csv,문화관광,도시공원
구리,2025,10,2025-10,59,경기도,구리시,대한불교천태종금성사,82,구리 2025_10.csv,역사관광,종교성지
구리,2025,10,2025-10,60,경기도,구리시,이문안호수공원,81,구리 2025_10.csv,문화관광,도시공원
구리,2025,10,2025-10,61,경기도,구리시,스트라이크존구리돌다리구장,77,구리 2025_10.csv,레저스포츠,기타레저스포츠
구리,2025,10,2025-10,62,경기도,구리시,구리시립체육공원,74,구리 2025_10.csv,문화관광,도시공원
구리,2025,10,2025-10,63,경기도,구리시,구리음악창작소,69,구리 2025_10.csv,문화관광,기타문화관광지
구리,2025,10,2025-10,64,경기도,구리시,GS챔피언스파크야구장,63,구리 2025_10.csv,문화관광,레저스포츠시설
구리,2025,10,2025-10,65,경기도,구리시,아천빗물펌프장생태습지,61,구리 2025_10.csv,문화관광,도시공원
구리,2025,10,2025-10,66,경기도,구리시,토평공원,56,구리 2025_10.csv,문화관광,도시공원
구리,2025,10,2025-10,67,경기도,구리시,구리시외버스정류장,54,구리 2025_10.csv,기타관광,교통시설
구리,2025,10,2025-10,68,경기도,구리시,갈매아이사랑놀이터,49,구리 2025_10.csv,문화관광,테마공원
구리,2025,10,2025-10,69,경기도,구리시,왕숙천둔치공원,47,구리 2025_10.csv,문화관광,도시공원
구리,2025,10,2025-10,70,경기도,구리시,힐링FC풋살장,46,구리 2025_10.csv,레저스포츠,기타레저스포츠
구리,2025,10,2025-10,70,경기도,구리시,마루키즈룸,46,구리 2025_10.csv,문화관광,테마공원
구리,2025,10,2025-10,70,경기도,구리시,모모주말농장,46,구리 2025_10.csv,체험관광,농/산/어촌체험
구리,2025,10,2025-10,70,경기도,구리시,피쉬스쿨실내낚시카페,46,구리 2025_10.csv,레저스포츠,수상레저스포츠
구리,2025,10,2025-10,74,경기도,구리시,전남수산,45,구리 2025_10.csv,쇼핑,시장
구리,2025,10,2025-10,75,경기도,구리시,구리시 사노동 안말마을,42,구리 2025_10.csv,역사관광,역사유적지
구리,2025,10,2025-10,76,경기도,구리시,중앙하이츠티움,41,구리 2025_10.csv,쇼핑,쇼핑몰
구리,2025,10,2025-10,76,경기도,구리시,갈매동도당굿전수관,41,구리 2025_10.csv,체험관광,체험관광기타
구리,2025,10,2025-10,76,경기도,구리시,점핑몬스터구리갈매점,41,구리 2025_10.csv,문화관광,테마공원
구리,2025,10,2025-10,79,경기도,구리시,노리숲프라이빗키즈파티룸,39,구리 2025_10.csv,문화관광,테마공원
구리,2025,10,2025-10,80,경기도,구리시,파이팅스테이션,37,구리 2025_10.csv,레저스포츠,기타레저스포츠
구리,2025,10,2025-10,80,경기도,구리시,온달정,37,구리 2025_10.csv,레저스포츠,육상레저스포츠
구리,2025,10,2025-10,82,경기도,구리시,오예스몰,34,구리 2025_10.csv,쇼핑,쇼핑몰
구리,2025,10,2025-10,83,경기도,구리시,갈매구릉산자락길,32,구리 2025_10.csv,레저스포츠,기타레저스포츠
구리,2025,10,2025-10,83,경기도,구리시,G&T선수트레이닝센터,32,구리 2025_10.csv,레저스포츠,기타레저스포츠
구리,2025,10,2025-10,85,경기도,구리시,워너비승마클럽,31,구리 2025_10.csv,레저스포츠,육상레저스포츠
구리,2025,10,2025-10,85,경기도,구리시,갈매평생학습센터,31,구리 2025_10.csv,체험관광,체험관광기타
구리,2025,10,2025-10,87,경기도,구리시,수택평생학습센터,30,구리 2025_10.csv,체험관광,체험관광기타
구리,2025,10,2025-10,88,경기도,구리시,돌다리공원,29,구리 2025_10.csv,문화관광,도시공원
구리,2025,10,2025-10,89,경기도,구리시,구리체육관근린공원,28,구리 2025_10.csv,문화관광,도시공원
구리,2025,10,2025-10,89,경기도,구리시,왕숙천족구장,28,구리 2025_10.csv,레저스포츠,기타레저스포츠
구리,2025,10,2025-10,91,경기도,구리시,휘트니스플레이스구리인창점,27,구리 2025_10.csv,레저스포츠,기타레저스포츠
구리,2025,10,2025-10,91,경기도,구리시,구리빛축제,27,구리 2025_10.csv,문화관광,기타문화관광지
구리,2025,10,2025-10,93,경기도,구리시,CMT베이스볼아카데미,26,구리 2025_10.csv,레저스포츠,기타레저스포츠
구리,2025,10,2025-10,94,경기도,구리시,영테니스아카데미,25,구리 2025_10.csv,레저스포츠,기타레저스포츠
구리,2025,10,2025-10,95,경기도,구리시,구리시안전체험관,24,구리 2025_10.csv,문화관광,전시시설
구리,2025,10,2025-10,96,경기도,구리시,구리시체육회풋살C구장,23,구리 2025_10.csv,문화관광,레저스포츠시설
구리,2025,10,2025-10,96,경기도,구리시,고구려박물관,23,구리 2025_10.csv,문화관광,전시시설
구리,2025,10,2025-10,98,경기도,구리시,남강수산,22,구리 2025_10.csv,쇼핑,시장
구리,2025,10,2025-10,99,경기도,구리시,크로스핏라곰,21,구리 2025_10.csv,레저스포츠,기타레저스포츠
구리,2025,10,2025-10,100,경기도,구리시,마음수련구리센터,20,구리 2025_10.csv,레저스포츠,기타레저스포츠
구리,2025,10,2025-10,101,경기도,구리시,별하공원,19,구리 2025_10.csv,문화관광,도시공원
구리,2025,10,2025-10,101,경기도,구리시,낚짜,19,구리 2025_10.csv,레저스포츠,수상레저스포츠
구리,2025,10,2025-10,103,경기도,구리시,구리시 사노동 언제마을,18,구리 2025_10.csv,역사관광,역사유적지
구리,2025,10,2025-10,103,경기도,구리시,백교저수지,18,구리 2025_10.csv,자연관광,자연경관(하천/해양)
구리,2025,10,2025-10,105,경기도,구리시,아름공원,17,구리 2025_10.csv,문화관광,도시공원
구리,2025,10,2025-10,106,경기도,구리시,플레이핑퐁,15,구리 2025_10.csv,레저스포츠,기타레저스포츠
구리,2025,10,2025-10,107,경기도,구리시,아천파크골프장,14,구리 2025_10.csv,레저스포츠,육상레저스포츠
구리,2025,10,2025-10,107,경기도,구리시,명빈묘,14,구리 2025_10.csv,역사관광,역사유적지
구리,2025,10,2025-10,107,경기도,구리시,개맥이공원,14,구리 2025_10.csv,문화관광,도시공원
구리,2025,10,2025-10,110,경기도,구리시,마운틴스타클라이밍,12,구리 2025_10.csv,레저스포츠,기타레저스포츠
구리,2025,10,2025-10,110,경기도,구리시,구리둘레길1코스,12,구리 2025_10.csv,레저스포츠,기타레저스포츠
구리,2025,10,2025-10,110,경기도,구리시,금호어울림공원,12,구리 2025_10.csv,문화관광,도시공원
구리,2025,10,2025-10,113,경기도,구리시,구리남양주평생교육원,11,구리 2025_10.csv,체험관광,체험관광기타
구리,2025,10,2025-10,113,경기도,구리시,건원릉,11,구리 2025_10.csv,역사관광,역사유적지
구리,2025,10,2025-10,113,경기도,구리시,대덕사,11,구리 2025_10.csv,역사관광,종교성지
구리,2025,10,2025-10,116,경기도,구리시,이플,10,구리 2025_10.csv,체험관광,공예체험
구리,2025,10,2025-10,116,경기도,구리시,동구하늘공원,10,구리 2025_10.csv,문화관광,도시공원
구리,2025,10,2025-10,116,경기도,구리시,구리시평생학습관,10,구리 2025_10.csv,체험관광,체험관광기타
구리,2025,10,2025-10,119,경기도,구리시,민벌공원,9,구리 2025_10.csv,문화관광,도시공원
구리,2025,10,2025-10,120,경기도,구리시,두스피닝,8,구리 2025_10.csv,레저스포츠,기타레저스포츠
구리,2025,10,2025-10,120,경기도,구리시,산마루공원,8,구리 2025_10.csv,문화관광,도시공원
구리,2025,10,2025-10,120,경기도,구리시,서가산공원,8,구리 2025_10.csv,문화관광,도시공원
구리,2025,10,2025-10,120,경기도,구리시,나만갑선생신도비,8,구리 2025_10.csv,역사관광,역사유적지
구리,2025,10,2025-10,120,경기도,구리시,도당공원,8,구리 2025_10.csv,문화관광,도시공원
구리,2025,10,2025-10,125,경기도,구리시,수누피공원,7,구리 2025_10.csv,문화관광,도시공원
구리,2025,10,2025-10,125,경기도,구리시,김태식복싱클럽,7,구리 2025_10.csv,레저스포츠,기타레저스포츠
구리,2025,10,2025-10,125,경기도,구리시,계순탁구,7,구리 2025_10.csv,레저스포츠,기타레저스포츠
구리,2025,10,2025-10,125,경기도,구리시,장자탁구클럽,7,구리 2025_10.csv,레저스포츠,기타레저스포츠
구리,2025,10,2025-10,129,경기도,구리시,아천농원,6,구리 2025_10.csv,체험관광,농/산/어촌체험
구리,2025,10,2025-10,129,경기도,구리시,평해수산,6,구리 2025_10.csv,쇼핑,시장
구리,2025,10,2025-10,129,경기도,구리시,안골공원,6,구리 2025_10.csv,문화관광,도시공원
구리,2025,10,2025-10,132,경기도,구리시,탑골공원,5,구리 2025_10.csv,문화관광,도시공원
구리,2025,10,2025-10,132,경기도,구리시,경기옛길평해길제2길,5,구리 2025_10.csv,레저스포츠,기타레저스포츠
구리,2025,10,2025-10,132,경기도,구리시,제우스학원,5,구리 2025_10.csv,체험관광,체험관광기타
구리,2025,10,2025-10,132,경기도,구리시,공덕사,5,구리 2025_10.csv,역사관광,종교성지
구리,2025,10,2025-10,136,경기도,구리시,구리둘레길3코스,4,구리 2025_10.csv,레저스포츠,기타레저스포츠
구리,2025,10,2025-10,136,경기도,구리시,인창농원,4,구리 2025_10.csv,체험관광,농/산/어촌체험
구리,2025,10,2025-10,136,경기도,구리시,부양공원,4,구리 2025_10.csv,문화관광,도시공원
구리,2025,10,2025-10,136,경기도,구리시,영화수산,4,구리 2025_10.csv,쇼핑,시장
구리,2025,10,2025-10,136,경기도,구리시,중앙수산,4,구리 2025_10.csv,쇼핑,시장
구리,2025,10,2025-10,136,경기도,구리시,주공6단지공원,4,구리 2025_10.csv,문화관광,도시공원
구리,2025,10,2025-10,136,경기도,구리시,구리시주니어야구장,4,구리 2025_10.csv,문화관광,레저스포츠시설
구리,2025,10,2025-10,136,경기도,구리시,구리LG구장,4,구리 2025_10.csv,레저스포츠,기타레저스포츠
구리,2025,10,2025-10,144,경기도,구리시,나무를그리는공방,3,구리 2025_10.csv,체험관광,공예체험
구리,2025,10,2025-10,144,경기도,구리시,광개토태왕비,3,구리 2025_10.csv,역사관광,역사유물
구리,2025,10,2025-10,144,경기도,구리시,협동공원,3,구리 2025_10.csv,문화관광,도시공원
구리,2025,10,2025-10,144,경기도,구리시,갈매중앙공원물놀이장,3,구리 2025_10.csv,문화관광,테마공원
구리,2025,10,2025-10,144,경기도,구리시,팀크로우MMA,3,구리 2025_10.csv,레저스포츠,기타레저스포츠
구리,2025,10,2025-10,144,경기도,구리시,구리시 수택동 돌섬마을,3,구리 2025_10.csv,역사관광,역사유적지
구리,2025,10,2025-10,144,경기도,구리시,삼보2공원,3,구리 2025_10.csv,문화관광,도시공원
구리,2025,10,2025-10,144,경기도,구리시,주공2단지1공원,3,구리 2025_10.csv,문화관광,도시공원
구리,2025,10,2025-10,144,경기도,구리시,이문안지,3,구리 2025_10.csv,자연관광,자연경관(하천/해양)
구리,2025,10,2025-10,144,경기도,구리시,스포렉스실내야구장,3,구리 2025_10.csv,문화관광,레저스포츠시설
구리,2025,10,2025-10,144,경기도,구리시,구리탁구클럽,3,구리 2025_10.csv,레저스포츠,기타레저스포츠
구리,2025,10,2025-10,144,경기도,구리시,관보수산,3,구리 2025_10.csv,쇼핑,시장
구리,2025,10,2025-10,144,경기도,구리시,한동수산,3,구리 2025_10.csv,쇼핑,시장
구리,2025,10,2025-10,144,경기도,구리시,필탁구장,3,구리 2025_10.csv,레저스포츠,기타레저스포츠
구리,2025,10,2025-10,144,경기도,구리시,구리한강시민공원경비행장,3,구리 2025_10.csv,레저스포츠,기타레저스포츠
구리,2025,10,2025-10,144,경기도,구리시,JUMPUP줄넘기센터,3,구리 2025_10.csv,레저스포츠,기타레저스포츠
구리,2025,11,2025-11,1,경기도,구리시,구리농수산물도매시장,31858,구리 2025_11.csv,쇼핑,시장
구리,2025,11,2025-11,2,경기도,구리시,롯데백화점구리점,13382,구리 2025_11.csv,쇼핑,백화점
구리,2025,11,2025-11,3,경기도,구리시,구리전통시장,7225,구리 2025_11.csv,쇼핑,시장
구리,2025,11,2025-11,4,경기도,구리시,모다아울렛구리남양주점,5613,구리 2025_11.csv,쇼핑,쇼핑몰
구리,2025,11,2025-11,5,경기도,구리시,구리한강시민공원,5558,구리 2025_11.csv,문화관광,도시공원
구리,2025,11,2025-11,6,경기도,구리시,동구릉,4588,구리 2025_11.csv,역사관광,역사유적지
구리,2025,11,2025-11,7,경기도,구리시,태릉CC,3634,구리 2025_11.csv,레저스포츠,육상레저스포츠
구리,2025,11,2025-11,8,경기도,구리시,롯데아울렛구리점,3595,구리 2025_11.csv,쇼핑,쇼핑몰
구리,2025,11,2025-11,9,경기도,구리시,구리아트홀,2150,구리 2025_11.csv,문화관광,공연시설
구리,2025,11,2025-11,10,경기도,구리시,구리타워,2139,구리 2025_11.csv,문화관광,랜드마크관광
구리,2025,11,2025-11,11,경기도,구리시,CGV구리갈매,1998,구리 2025_11.csv,문화관광,공연시설
구리,2025,11,2025-11,12,경기도,구리시,장자호수생태공원,1779,구리 2025_11.csv,문화관광,도시공원
구리,2025,11,2025-11,13,경기도,구리시,구리농수산물도매시장수산2동,1737,구리 2025_11.csv,쇼핑,시장
구리,2025,11,2025-11,14,경기도,구리시,구리왕숙체육공원,1339,구리 2025_11.csv,문화관광,도시공원
구리,2025,11,2025-11,15,경기도,구리시,고구려대장간마을,923,구리 2025_11.csv,문화관광,기타문화관광지
구리,2025,11,2025-11,16,경기도,구리시,GS챔피언스파크,842,구리 2025_11.csv,레저스포츠,기타레저스포츠
구리,2025,11,2025-11,17,경기도,구리시,티엠유아이아울렛,839,구리 2025_11.csv,쇼핑,쇼핑몰
구리,2025,11,2025-11,18,경기도,구리시,구리시체육회축구장,778,구리 2025_11.csv,문화관광,레저스포츠시설
구리,2025,11,2025-11,19,경기도,구리시,구리청과물도매시장,699,구리 2025_11.csv,쇼핑,시장
구리,2025,11,2025-11,20,경기도,구리시,구리농수산물도매시장수산동,656,구리 2025_11.csv,쇼핑,시장
구리,2025,11,2025-11,21,경기도,구리시,구리시곤충생태관,583,구리 2025_11.csv,문화관광,전시시설
구리,2025,11,2025-11,22,경기도,구리시,롯데시네마구리아울렛,532,구리 2025_11.csv,문화관광,공연시설
구리,2025,11,2025-11,23,경기도,구리시,구리시청소년수련관,472,구리 2025_11.csv,레저스포츠,육상레저스포츠
구리,2025,11,2025-11,24,경기도,구리시,구리한강시민공원야구장,467,구리 2025_11.csv,문화관광,레저스포츠시설
구리,2025,11,2025-11,25,경기도,구리시,구리어린이천문대,431,구리 2025_11.csv,기타관광,기타관광
구리,2025,11,2025-11,25,경기도,구리시,CGV구리,431,구리 2025_11.csv,문화관광,공연시설
구리,2025,11,2025-11,27,경기도,구리시,와니엘배팅센터서울구리점,424,구리 2025_11.csv,레저스포츠,기타레저스포츠
구리,2025,11,2025-11,27,경기도,구리시,구리승마클럽,424,구리 2025_11.csv,레저스포츠,육상레저스포츠
구리,2025,11,2025-11,29,경기도,구리시,구리농수산물공사,383,구리 2025_11.csv,쇼핑,시장
구리,2025,11,2025-11,30,경기도,구리시,동서울어린이천문대,295,구리 2025_11.csv,기타관광,기타관광
구리,2025,11,2025-11,31,경기도,구리시,보원탄산온천,290,구리 2025_11.csv,체험관광,웰니스관광
구리,2025,11,2025-11,32,경기도,구리시,장자호수생태체험관,238,구리 2025_11.csv,기타관광,기타관광
구리,2025,11,2025-11,33,경기도,구리시,구리왕숙체육공원축구장,211,구리 2025_11.csv,문화관광,레저스포츠시설
구리,2025,11,2025-11,34,경기도,구리시,인창중학교 야구장,209,구리 2025_11.csv,문화관광,레저스포츠시설
구리,2025,11,2025-11,35,경기도,구리시,구리아트홀코스모스대극장,179,구리 2025_11.csv,문화관광,공연시설
구리,2025,11,2025-11,36,경기도,구리시,구리시 교문동 딸기원마을,141,구리 2025_11.csv,역사관광,역사유적지
구리,2025,11,2025-11,36,경기도,구리시,구리시 교문동 아치울마을,141,구리 2025_11.csv,역사관광,역사유적지
구리,2025,11,2025-11,38,경기도,구리시,KCC이지스주니어구리점,130,구리 2025_11.csv,레저스포츠,기타레저스포츠
구리,2025,11,2025-11,39,경기도,구리시,플레이티카구리점,122,구리 2025_11.csv,문화관광,테마공원
구리,2025,11,2025-11,40,경기도,구리시,백지훈풋볼클럽,104,구리 2025_11.csv,레저스포츠,기타레저스포츠
구리,2025,11,2025-11,41,경기도,구리시,갈매중앙공원,101,구리 2025_11.csv,문화관광,도시공원
구리,2025,11,2025-11,42,경기도,구리시,정각사,98,구리 2025_11.csv,역사관광,종교성지
구리,2025,11,2025-11,42,경기도,구리시,인창고등학교야구장,98,구리 2025_11.csv,문화관광,레저스포츠시설
구리,2025,11,2025-11,44,경기도,구리시,동사골주말농장,97,구리 2025_11.csv,체험관광,농/산/어촌체험
구리,2025,11,2025-11,45,경기도,구리시,더가루구리점,93,구리 2025_11.csv,문화관광,테마공원
구리,2025,11,2025-11,46,경기도,구리시,검배근린공원,83,구리 2025_11.csv,문화관광,도시공원
구리,2025,11,2025-11,47,경기도,구리시,아천빗물펌프장생태습지,78,구리 2025_11.csv,문화관광,도시공원
구리,2025,11,2025-11,48,경기도,구리시,구리유통종합시장축산가공식품동,72,구리 2025_11.csv,쇼핑,시장
구리,2025,11,2025-11,49,경기도,구리시,퐁퐁플라워구리센터,70,구리 2025_11.csv,문화관광,테마공원
구리,2025,11,2025-11,50,경기도,구리시,구리시립체육공원,69,구리 2025_11.csv,문화관광,도시공원
구리,2025,11,2025-11,51,경기도,구리시,구리빛축제,63,구리 2025_11.csv,문화관광,기타문화관광지
구리,2025,11,2025-11,52,경기도,구리시,리틀비틀구리갈매점,60,구리 2025_11.csv,문화관광,테마공원
구리,2025,11,2025-11,53,경기도,구리시,대한불교천태종금성사,57,구리 2025_11.csv,역사관광,종교성지
구리,2025,11,2025-11,54,경기도,구리시,스토래지풋살구리아천점,54,구리 2025_11.csv,레저스포츠,기타레저스포츠
구리,2025,11,2025-11,55,경기도,구리시,김병지축구클럽구리롯데아울렛점,47,구리 2025_11.csv,레저스포츠,기타레저스포츠
구리,2025,11,2025-11,56,경기도,구리시,오성공원,41,구리 2025_11.csv,문화관광,도시공원
구리,2025,11,2025-11,57,경기도,구리시,라곰트레이닝인창점,40,구리 2025_11.csv,레저스포츠,기타레저스포츠
구리,2025,11,2025-11,58,경기도,구리시,이문안호수공원,37,구리 2025_11.csv,문화관광,도시공원
구리,2025,11,2025-11,59,경기도,구리시,구리시외버스정류장,35,구리 2025_11.csv,기타관광,교통시설
구리,2025,11,2025-11,60,경기도,구리시,모모주말농장,33,구리 2025_11.csv,체험관광,농/산/어촌체험
구리,2025,11,2025-11,61,경기도,구리시,힐링FC풋살장,31,구리 2025_11.csv,레저스포츠,기타레저스포츠
구리,2025,11,2025-11,62,경기도,구리시,노리숲프라이빗키즈파티룸,30,구리 2025_11.csv,문화관광,테마공원
구리,2025,11,2025-11,62,경기도,구리시,인창파크골프장,30,구리 2025_11.csv,레저스포츠,육상레저스포츠
구리,2025,11,2025-11,62,경기도,구리시,갈매아이사랑놀이터,30,구리 2025_11.csv,문화관광,테마공원
구리,2025,11,2025-11,65,경기도,구리시,G&T선수트레이닝센터,28,구리 2025_11.csv,레저스포츠,기타레저스포츠
구리,2025,11,2025-11,66,경기도,구리시,구리음악창작소,27,구리 2025_11.csv,문화관광,기타문화관광지
구리,2025,11,2025-11,67,경기도,구리시,보현사,26,구리 2025_11.csv,역사관광,종교성지
구리,2025,11,2025-11,68,경기도,구리시,영테니스아카데미,25,구리 2025_11.csv,레저스포츠,기타레저스포츠
구리,2025,11,2025-11,68,경기도,구리시,마루키즈룸,25,구리 2025_11.csv,문화관광,테마공원
구리,2025,11,2025-11,70,경기도,구리시,구리시립리틀야구장,24,구리 2025_11.csv,문화관광,레저스포츠시설
구리,2025,11,2025-11,71,경기도,구리시,구리시안전체험관,23,구리 2025_11.csv,문화관광,전시시설
구리,2025,11,2025-11,72,경기도,구리시,전남수산,22,구리 2025_11.csv,쇼핑,시장
구리,2025,11,2025-11,73,경기도,구리시,왕숙천둔치공원,21,구리 2025_11.csv,문화관광,도시공원
구리,2025,11,2025-11,74,경기도,구리시,GS챔피언스파크야구장,20,구리 2025_11.csv,문화관광,레저스포츠시설
구리,2025,11,2025-11,75,경기도,구리시,한강둔치꽃단지,19,구리 2025_11.csv,문화관광,도시공원
구리,2025,11,2025-11,75,경기도,구리시,스트라이크존구리돌다리구장,19,구리 2025_11.csv,레저스포츠,기타레저스포츠
구리,2025,11,2025-11,77,경기도,구리시,고구려박물관,18,구리 2025_11.csv,문화관광,전시시설
구리,2025,11,2025-11,78,경기도,구리시,왕숙천족구장,17,구리 2025_11.csv,레저스포츠,기타레저스포츠
구리,2025,11,2025-11,79,경기도,구리시,두스피닝,16,구리 2025_11.csv,레저스포츠,기타레저스포츠
구리,2025,11,2025-11,79,경기도,구리시,워너비승마클럽,16,구리 2025_11.csv,레저스포츠,육상레저스포츠
구리,2025,11,2025-11,79,경기도,구리시,중앙하이츠티움,16,구리 2025_11.csv,쇼핑,쇼핑몰
구리,2025,11,2025-11,79,경기도,구리시,점핑몬스터구리갈매점,16,구리 2025_11.csv,문화관광,테마공원
구리,2025,11,2025-11,83,경기도,구리시,갈매평생학습센터,15,구리 2025_11.csv,체험관광,체험관광기타
구리,2025,11,2025-11,83,경기도,구리시,돌다리공원,15,구리 2025_11.csv,문화관광,도시공원
구리,2025,11,2025-11,83,경기도,구리시,온달정,15,구리 2025_11.csv,레저스포츠,육상레저스포츠
구리,2025,11,2025-11,86,경기도,구리시,건원릉,14,구리 2025_11.csv,역사관광,역사유적지
구리,2025,11,2025-11,87,경기도,구리시,별하공원,13,구리 2025_11.csv,문화관광,도시공원
구리,2025,11,2025-11,88,경기도,구리시,플레이핑퐁,12,구리 2025_11.csv,레저스포츠,기타레저스포츠
구리,2025,11,2025-11,88,경기도,구리시,대덕사,12,구리 2025_11.csv,역사관광,종교성지
구리,2025,11,2025-11,88,경기도,구리시,새말공원,12,구리 2025_11.csv,문화관광,도시공원
구리,2025,11,2025-11,88,경기도,구리시,피쉬스쿨실내낚시카페,12,구리 2025_11.csv,레저스포츠,수상레저스포츠
구리,2025,11,2025-11,92,경기도,구리시,갈매동도당굿전수관,11,구리 2025_11.csv,체험관광,체험관광기타
구리,2025,11,2025-11,93,경기도,구리시,파이팅스테이션,10,구리 2025_11.csv,레저스포츠,기타레저스포츠
구리,2025,11,2025-11,93,경기도,구리시,구리시 사노동 안말마을,10,구리 2025_11.csv,역사관광,역사유적지
구리,2025,11,2025-11,95,경기도,구리시,광개토태왕비,9,구리 2025_11.csv,역사관광,역사유물
구리,2025,11,2025-11,95,경기도,구리시,서가산공원,9,구리 2025_11.csv,문화관광,도시공원
구리,2025,11,2025-11,97,경기도,구리시,구리시 사노동 언제마을,8,구리 2025_11.csv,역사관광,역사유적지
구리,2025,11,2025-11,97,경기도,구리시,수택평생학습센터,8,구리 2025_11.csv,체험관광,체험관광기타
구리,2025,11,2025-11,97,경기도,구리시,인창중앙공원,8,구리 2025_11.csv,문화관광,도시공원
구리,2025,11,2025-11,100,경기도,구리시,아천농원,7,구리 2025_11.csv,체험관광,농/산/어촌체험
구리,2025,11,2025-11,100,경기도,구리시,나만갑선생신도비,7,구리 2025_11.csv,역사관광,역사유적지
구리,2025,11,2025-11,102,경기도,구리시,갈매구릉산자락길,6,구리 2025_11.csv,레저스포츠,기타레저스포츠
구리,2025,11,2025-11,102,경기도,구리시,구리시체육회풋살C구장,6,구리 2025_11.csv,문화관광,레저스포츠시설
구리,2025,11,2025-11,102,경기도,구리시,안골공원,6,구리 2025_11.csv,문화관광,도시공원
구리,2025,11,2025-11,102,경기도,구리시,삼호공원,6,구리 2025_11.csv,문화관광,도시공원
구리,2025,11,2025-11,102,경기도,구리시,구리역공원,6,구리 2025_11.csv,문화관광,도시공원
구리,2025,11,2025-11,107,경기도,구리시,구리남양주평생교육원,5,구리 2025_11.csv,체험관광,체험관광기타
구리,2025,11,2025-11,107,경기도,구리시,주공4단지1공원,5,구리 2025_11.csv,문화관광,도시공원
구리,2025,11,2025-11,107,경기도,구리시,구리LG구장,5,구리 2025_11.csv,레저스포츠,기타레저스포츠
구리,2025,11,2025-11,107,경기도,구리시,안말어린이공원,5,구리 2025_11.csv,문화관광,도시공원
구리,2025,11,2025-11,111,경기도,구리시,마운틴스타클라이밍,4,구리 2025_11.csv,레저스포츠,기타레저스포츠
구리,2025,11,2025-11,111,경기도,구리시,협동공원,4,구리 2025_11.csv,문화관광,도시공원
구리,2025,11,2025-11,111,경기도,구리시,사랑수산,4,구리 2025_11.csv,쇼핑,시장
구리,2025,11,2025-11,111,경기도,구리시,주공6단지공원,4,구리 2025_11.csv,문화관광,도시공원
구리,2025,11,2025-11,111,경기도,구리시,점프스포츠클럽,4,구리 2025_11.csv,레저스포츠,기타레저스포츠
구리,2025,11,2025-11,111,경기도,구리시,방방,4,구리 2025_11.csv,문화관광,테마공원
구리,2025,11,2025-11,111,경기도,구리시,공덕사,4,구리 2025_11.csv,역사관광,종교성지
구리,2025,11,2025-11,118,경기도,구리시,나무를그리는공방,3,구리 2025_11.csv,체험관광,공예체험
구리,2025,11,2025-11,118,경기도,구리시,오예스몰,3,구리 2025_11.csv,쇼핑,쇼핑몰
구리,2025,11,2025-11,118,경기도,구리시,구리체육관근린공원,3,구리 2025_11.csv,문화관광,도시공원
구리,2025,11,2025-11,118,경기도,구리시,경도복싱,3,구리 2025_11.csv,레저스포츠,기타레저스포츠
구리,2025,11,2025-11,118,경기도,구리시,구리시 현충탑,3,구리 2025_11.csv,역사관광,역사유물
구리,2025,11,2025-11,118,경기도,구리시,이플,3,구리 2025_11.csv,체험관광,공예체험
구리,2025,11,2025-11,118,경기도,구리시,토평공원,3,구리 2025_11.csv,문화관광,도시공원
구리,2025,11,2025-11,118,경기도,구리시,원촌공원,3,구리 2025_11.csv,문화관광,도시공원
구리,2025,11,2025-11,118,경기도,구리시,개맥이공원,3,구리 2025_11.csv,문화관광,도시공원
구리,2025,11,2025-11,118,경기도,구리시,원일공원,3,구리 2025_11.csv,문화관광,도시공원
구리,2025,11,2025-11,118,경기도,구리시,마음수련구리센터,3,구리 2025_11.csv,레저스포츠,기타레저스포츠
구리,2025,11,2025-11,118,경기도,구리시,관보수산,3,구리 2025_11.csv,쇼핑,시장
구리,2025,11,2025-11,118,경기도,구리시,남강수산,3,구리 2025_11.csv,쇼핑,시장
구리,2025,11,2025-11,118,경기도,구리시,한동수산,3,구리 2025_11.csv,쇼핑,시장
구리,2025,11,2025-11,118,경기도,구리시,앤공방,3,구리 2025_11.csv,체험관광,공예체험
구리,2025,11,2025-11,118,경기도,구리시,백교저수지,3,구리 2025_11.csv,자연관광,자연경관(하천/해양)
구리,2025,11,2025-11,118,경기도,구리시,선진농장,3,구리 2025_11.csv,체험관광,농/산/어촌체험
구리,2025,11,2025-11,118,경기도,구리시,도당공원,3,구리 2025_11.csv,문화관광,도시공원
구리,2025,12,2025-12,1,경기도,구리시,구리농수산물도매시장,28406,구리 2025_12.csv,쇼핑,시장
구리,2025,12,2025-12,2,경기도,구리시,롯데백화점구리점,13265,구리 2025_12.csv,쇼핑,백화점
구리,2025,12,2025-12,3,경기도,구리시,구리전통시장,6723,구리 2025_12.csv,쇼핑,시장
구리,2025,12,2025-12,4,경기도,구리시,모다아울렛구리남양주점,4774,구리 2025_12.csv,쇼핑,쇼핑몰
구리,2025,12,2025-12,5,경기도,구리시,롯데아울렛구리점,3474,구리 2025_12.csv,쇼핑,쇼핑몰
구리,2025,12,2025-12,6,경기도,구리시,CGV구리갈매,2695,구리 2025_12.csv,문화관광,공연시설
구리,2025,12,2025-12,7,경기도,구리시,동구릉,2507,구리 2025_12.csv,역사관광,역사유적지
구리,2025,12,2025-12,8,경기도,구리시,태릉CC,2201,구리 2025_12.csv,레저스포츠,육상레저스포츠
구리,2025,12,2025-12,9,경기도,구리시,구리한강시민공원,2168,구리 2025_12.csv,문화관광,도시공원
구리,2025,12,2025-12,10,경기도,구리시,구리타워,1811,구리 2025_12.csv,문화관광,랜드마크관광
구리,2025,12,2025-12,11,경기도,구리시,구리농수산물도매시장수산2동,1798,구리 2025_12.csv,쇼핑,시장
구리,2025,12,2025-12,12,경기도,구리시,구리아트홀,1671,구리 2025_12.csv,문화관광,공연시설
구리,2025,12,2025-12,13,경기도,구리시,구리왕숙체육공원,984,구리 2025_12.csv,문화관광,도시공원
구리,2025,12,2025-12,14,경기도,구리시,장자호수생태공원,971,구리 2025_12.csv,문화관광,도시공원
구리,2025,12,2025-12,15,경기도,구리시,롯데시네마구리아울렛,963,구리 2025_12.csv,문화관광,공연시설
구리,2025,12,2025-12,16,경기도,구리시,CGV구리,803,구리 2025_12.csv,문화관광,공연시설
구리,2025,12,2025-12,17,경기도,구리시,구리농수산물도매시장수산동,653,구리 2025_12.csv,쇼핑,시장
구리,2025,12,2025-12,18,경기도,구리시,구리청과물도매시장,592,구리 2025_12.csv,쇼핑,시장
구리,2025,12,2025-12,19,경기도,구리시,GS챔피언스파크,574,구리 2025_12.csv,레저스포츠,기타레저스포츠
구리,2025,12,2025-12,20,경기도,구리시,구리시체육회축구장,562,구리 2025_12.csv,문화관광,레저스포츠시설
구리,2025,12,2025-12,21,경기도,구리시,고구려대장간마을,427,구리 2025_12.csv,문화관광,기타문화관광지
구리,2025,12,2025-12,22,경기도,구리시,티엠유아이아울렛,422,구리 2025_12.csv,쇼핑,쇼핑몰
구리,2025,12,2025-12,23,경기도,구리시,구리농수산물공사,400,구리 2025_12.csv,쇼핑,시장
구리,2025,12,2025-12,24,경기도,구리시,구리시청소년수련관,380,구리 2025_12.csv,레저스포츠,육상레저스포츠
구리,2025,12,2025-12,25,경기도,구리시,구리어린이천문대,377,구리 2025_12.csv,기타관광,기타관광
구리,2025,12,2025-12,26,경기도,구리시,와니엘배팅센터서울구리점,374,구리 2025_12.csv,레저스포츠,기타레저스포츠
구리,2025,12,2025-12,27,경기도,구리시,구리시곤충생태관,349,구리 2025_12.csv,문화관광,전시시설
구리,2025,12,2025-12,28,경기도,구리시,구리승마클럽,295,구리 2025_12.csv,레저스포츠,육상레저스포츠
구리,2025,12,2025-12,29,경기도,구리시,보원탄산온천,255,구리 2025_12.csv,체험관광,웰니스관광
구리,2025,12,2025-12,30,경기도,구리시,동서울어린이천문대,245,구리 2025_12.csv,기타관광,기타관광
구리,2025,12,2025-12,31,경기도,구리시,구리왕숙체육공원축구장,176,구리 2025_12.csv,문화관광,레저스포츠시설
구리,2025,12,2025-12,32,경기도,구리시,구리시 교문동 아치울마을,135,구리 2025_12.csv,역사관광,역사유적지
구리,2025,12,2025-12,32,경기도,구리시,플레이티카구리점,135,구리 2025_12.csv,문화관광,테마공원
구리,2025,12,2025-12,34,경기도,구리시,구리시 교문동 딸기원마을,125,구리 2025_12.csv,역사관광,역사유적지
구리,2025,12,2025-12,35,경기도,구리시,장자호수생태체험관,124,구리 2025_12.csv,기타관광,기타관광
구리,2025,12,2025-12,36,경기도,구리시,정각사,118,구리 2025_12.csv,역사관광,종교성지
구리,2025,12,2025-12,37,경기도,구리시,스토래지풋살구리아천점,113,구리 2025_12.csv,레저스포츠,기타레저스포츠
구리,2025,12,2025-12,38,경기도,구리시,구리아트홀코스모스대극장,112,구리 2025_12.csv,문화관광,공연시설
구리,2025,12,2025-12,39,경기도,구리시,KCC이지스주니어구리점,111,구리 2025_12.csv,레저스포츠,기타레저스포츠
구리,2025,12,2025-12,40,경기도,구리시,더가루구리점,96,구리 2025_12.csv,문화관광,테마공원
구리,2025,12,2025-12,41,경기도,구리시,구리한강시민공원야구장,82,구리 2025_12.csv,문화관광,레저스포츠시설
구리,2025,12,2025-12,42,경기도,구리시,퐁퐁플라워구리센터,80,구리 2025_12.csv,문화관광,테마공원
구리,2025,12,2025-12,42,경기도,구리시,노리숲프라이빗키즈파티룸,80,구리 2025_12.csv,문화관광,테마공원
구리,2025,12,2025-12,44,경기도,구리시,리틀비틀구리갈매점,73,구리 2025_12.csv,문화관광,테마공원
구리,2025,12,2025-12,45,경기도,구리시,백지훈풋볼클럽,56,구리 2025_12.csv,레저스포츠,기타레저스포츠
구리,2025,12,2025-12,45,경기도,구리시,오성공원,56,구리 2025_12.csv,문화관광,도시공원
구리,2025,12,2025-12,47,경기도,구리시,대한불교천태종금성사,51,구리 2025_12.csv,역사관광,종교성지
구리,2025,12,2025-12,48,경기도,구리시,마루키즈룸,46,구리 2025_12.csv,문화관광,테마공원
구리,2025,12,2025-12,48,경기도,구리시,전남수산,46,구리 2025_12.csv,쇼핑,시장
구리,2025,12,2025-12,48,경기도,구리시,갈매아이사랑놀이터,46,구리 2025_12.csv,문화관광,테마공원
구리,2025,12,2025-12,51,경기도,구리시,구리빛축제,45,구리 2025_12.csv,문화관광,기타문화관광지
구리,2025,12,2025-12,52,경기도,구리시,라곰트레이닝인창점,41,구리 2025_12.csv,레저스포츠,기타레저스포츠
구리,2025,12,2025-12,53,경기도,구리시,아천빗물펌프장생태습지,39,구리 2025_12.csv,문화관광,도시공원
구리,2025,12,2025-12,54,경기도,구리시,검배근린공원,37,구리 2025_12.csv,문화관광,도시공원
구리,2025,12,2025-12,55,경기도,구리시,김병지축구클럽구리롯데아울렛점,36,구리 2025_12.csv,레저스포츠,기타레저스포츠
구리,2025,12,2025-12,56,경기도,구리시,갈매중앙공원,33,구리 2025_12.csv,문화관광,도시공원
구리,2025,12,2025-12,56,경기도,구리시,스트라이크존구리돌다리구장,33,구리 2025_12.csv,레저스포츠,기타레저스포츠
구리,2025,12,2025-12,58,경기도,구리시,구리유통종합시장축산가공식품동,32,구리 2025_12.csv,쇼핑,시장
구리,2025,12,2025-12,59,경기도,구리시,두스피닝,24,구리 2025_12.csv,레저스포츠,기타레저스포츠
구리,2025,12,2025-12,59,경기도,구리시,이문안호수공원,24,구리 2025_12.csv,문화관광,도시공원
구리,2025,12,2025-12,61,경기도,구리시,돌다리공원,22,구리 2025_12.csv,문화관광,도시공원
구리,2025,12,2025-12,62,경기도,구리시,구리시립체육공원,21,구리 2025_12.csv,문화관광,도시공원
구리,2025,12,2025-12,62,경기도,구리시,G&T선수트레이닝센터,21,구리 2025_12.csv,레저스포츠,기타레저스포츠
구리,2025,12,2025-12,64,경기도,구리시,사랑수산,20,구리 2025_12.csv,쇼핑,시장
구리,2025,12,2025-12,64,경기도,구리시,보현사,20,구리 2025_12.csv,역사관광,종교성지
구리,2025,12,2025-12,66,경기도,구리시,구리시외버스정류장,18,구리 2025_12.csv,기타관광,교통시설
구리,2025,12,2025-12,66,경기도,구리시,인창중학교 야구장,18,구리 2025_12.csv,문화관광,레저스포츠시설
구리,2025,12,2025-12,68,경기도,구리시,갈매평생학습센터,17,구리 2025_12.csv,체험관광,체험관광기타
구리,2025,12,2025-12,69,경기도,구리시,중앙하이츠티움,16,구리 2025_12.csv,쇼핑,쇼핑몰
구리,2025,12,2025-12,69,경기도,구리시,구리아트홀유채꽃소극장,16,구리 2025_12.csv,문화관광,공연시설
구리,2025,12,2025-12,69,경기도,구리시,동사골주말농장,16,구리 2025_12.csv,체험관광,농/산/어촌체험
구리,2025,12,2025-12,72,경기도,구리시,힐링FC풋살장,15,구리 2025_12.csv,레저스포츠,기타레저스포츠
구리,2025,12,2025-12,72,경기도,구리시,인창파크골프장,15,구리 2025_12.csv,레저스포츠,육상레저스포츠
구리,2025,12,2025-12,74,경기도,구리시,영테니스아카데미,13,구리 2025_12.csv,레저스포츠,기타레저스포츠
구리,2025,12,2025-12,75,경기도,구리시,크로스핏라곰,12,구리 2025_12.csv,레저스포츠,기타레저스포츠
구리,2025,12,2025-12,75,경기도,구리시,온달정,12,구리 2025_12.csv,레저스포츠,육상레저스포츠
구리,2025,12,2025-12,75,경기도,구리시,피쉬스쿨실내낚시카페,12,구리 2025_12.csv,레저스포츠,수상레저스포츠
구리,2025,12,2025-12,75,경기도,구리시,점핑몬스터구리갈매점,12,구리 2025_12.csv,문화관광,테마공원
구리,2025,12,2025-12,79,경기도,구리시,파이팅스테이션,11,구리 2025_12.csv,레저스포츠,기타레저스포츠
구리,2025,12,2025-12,79,경기도,구리시,구리체육관근린공원,11,구리 2025_12.csv,문화관광,도시공원
구리,2025,12,2025-12,79,경기도,구리시,워너비승마클럽,11,구리 2025_12.csv,레저스포츠,육상레저스포츠
구리,2025,12,2025-12,82,경기도,구리시,안골공원,10,구리 2025_12.csv,문화관광,도시공원
구리,2025,12,2025-12,83,경기도,구리시,수택평생학습센터,9,구리 2025_12.csv,체험관광,체험관광기타
구리,2025,12,2025-12,83,경기도,구리시,구리역공원,9,구리 2025_12.csv,문화관광,도시공원
구리,2025,12,2025-12,85,경기도,구리시,GS챔피언스파크야구장,8,구리 2025_12.csv,문화관광,레저스포츠시설
구리,2025,12,2025-12,85,경기도,구리시,마음수련구리센터,8,구리 2025_12.csv,레저스포츠,기타레저스포츠
구리,2025,12,2025-12,87,경기도,구리시,관보수산,7,구리 2025_12.csv,쇼핑,시장
구리,2025,12,2025-12,88,경기도,구리시,구리시 사노동 언제마을,6,구리 2025_12.csv,역사관광,역사유적지
구리,2025,12,2025-12,88,경기도,구리시,영화수산,6,구리 2025_12.csv,쇼핑,시장
구리,2025,12,2025-12,88,경기도,구리시,모모주말농장,6,구리 2025_12.csv,체험관광,농/산/어촌체험
구리,2025,12,2025-12,88,경기도,구리시,한강둔치꽃단지,6,구리 2025_12.csv,문화관광,도시공원
구리,2025,12,2025-12,92,경기도,구리시,이플,5,구리 2025_12.csv,체험관광,공예체험
구리,2025,12,2025-12,92,경기도,구리시,왕숙천족구장,5,구리 2025_12.csv,레저스포츠,기타레저스포츠
구리,2025,12,2025-12,92,경기도,구리시,인창고등학교야구장,5,구리 2025_12.csv,문화관광,레저스포츠시설
구리,2025,12,2025-12,92,경기도,구리시,구리시평생학습관,5,구리 2025_12.csv,체험관광,체험관광기타
구리,2025,12,2025-12,96,경기도,구리시,마운틴스타클라이밍,4,구리 2025_12.csv,레저스포츠,기타레저스포츠
구리,2025,12,2025-12,96,경기도,구리시,구리남양주평생교육원,4,구리 2025_12.csv,체험관광,체험관광기타
구리,2025,12,2025-12,96,경기도,구리시,인창농원,4,구리 2025_12.csv,체험관광,농/산/어촌체험
구리,2025,12,2025-12,96,경기도,구리시,건원릉,4,구리 2025_12.csv,역사관광,역사유적지
구리,2025,12,2025-12,96,경기도,구리시,왕숙천생태습지,4,구리 2025_12.csv,문화관광,도시공원
구리,2025,12,2025-12,96,경기도,구리시,부양공원,4,구리 2025_12.csv,문화관광,도시공원
구리,2025,12,2025-12,96,경기도,구리시,삼칠영사,4,구리 2025_12.csv,역사관광,종교성지
구리,2025,12,2025-12,103,경기도,구리시,오예스몰,3,구리 2025_12.csv,쇼핑,쇼핑몰
구리,2025,12,2025-12,103,경기도,구리시,구리시안전체험관,3,구리 2025_12.csv,문화관광,전시시설
구리,2025,12,2025-12,103,경기도,구리시,구리시 현충탑,3,구리 2025_12.csv,역사관광,역사유물
구리,2025,12,2025-12,103,경기도,구리시,에스크나무농장,3,구리 2025_12.csv,체험관광,농/산/어촌체험
구리,2025,12,2025-12,103,경기도,구리시,구리시 사노동 안말마을,3,구리 2025_12.csv,역사관광,역사유적지
구리,2025,12,2025-12,103,경기도,구리시,경기옛길평해길제2길,3,구리 2025_12.csv,레저스포츠,기타레저스포츠
구리,2025,12,2025-12,103,경기도,구리시,봉산칠기,3,구리 2025_12.csv,체험관광,공예체험
구리,2025,12,2025-12,103,경기도,구리시,토평공원,3,구리 2025_12.csv,문화관광,도시공원
구리,2025,12,2025-12,103,경기도,구리시,덕고개공원,3,구리 2025_12.csv,문화관광,도시공원
구리,2025,12,2025-12,103,경기도,구리시,서가산공원,3,구리 2025_12.csv,문화관광,도시공원
구리,2025,12,2025-12,103,경기도,구리시,아름공원,3,구리 2025_12.csv,문화관광,도시공원
구리,2025,12,2025-12,103,경기도,구리시,동구하늘공원,3,구리 2025_12.csv,문화관광,도시공원
구리,2025,12,2025-12,103,경기도,구리시,금호어울림공원,3,구리 2025_12.csv,문화관광,도시공원
구리,2025,12,2025-12,103,경기도,구리시,인창중앙공원,3,구리 2025_12.csv,문화관광,도시공원
구리,2025,12,2025-12,103,경기도,구리시,남강수산,3,구리 2025_12.csv,쇼핑,시장
구리,2025,12,2025-12,103,경기도,구리시,완도수산,3,구리 2025_12.csv,쇼핑,시장
구리,2025,12,2025-12,103,경기도,구리시,장자탁구클럽,3,구리 2025_12.csv,레저스포츠,기타레저스포츠
구리,2025,12,2025-12,103,경기도,구리시,점프스포츠클럽,3,구리 2025_12.csv,레저스포츠,기타레저스포츠
구리,2025,12,2025-12,103,경기도,구리시,토평공원물놀이장,3,구리 2025_12.csv,문화관광,테마공원
구리,2025,12,2025-12,103,경기도,구리시,방방,3,구리 2025_12.csv,문화관광,테마공원
구리,2025,12,2025-12,103,경기도,구리시,백교저수지,3,구리 2025_12.csv,자연관광,자연경관(하천/해양)
구리,2025,12,2025-12,103,경기도,구리시,공덕사,3,구리 2025_12.csv,역사관광,종교성지
