지역,연도,월,연월,순위,광역시/도,시/군/구,관광지명,검색건수,원본파일,중분류 카테고리,소분류 카테고리
동두천,2023,1,2023-01,1,경기도,동두천시,니지모리스튜디오,2737,동두천 2023_01.csv,기타관광,기타관광
동두천,2023,1,2023-01,2,경기도,동두천시,경기북부어린이박물관,1519,동두천 2023_01.csv,문화관광,전시시설
동두천,2023,1,2023-01,3,경기도,동두천시,소요산,1315,동두천 2023_01.csv,자연관광,자연경관(산)
동두천,2023,1,2023-01,4,경기도,동두천시,놀자숲,989,동두천 2023_01.csv,기타관광,기타관광
동두천,2023,1,2023-01,5,경기도,동두천시,동두천자연휴양림,828,동두천 2023_01.csv,자연관광,자연공원
동두천,2023,1,2023-01,6,경기도,동두천시,중앙시장,651,동두천 2023_01.csv,쇼핑,시장
동두천,2023,1,2023-01,7,경기도,동두천시,동두천큰시장,444,동두천 2023_01.csv,쇼핑,시장
동두천,2023,1,2023-01,8,경기도,동두천시,양키시장,339,동두천 2023_01.csv,쇼핑,시장
동두천,2023,1,2023-01,9,경기도,동두천시,놀자숲눈썰매장,326,동두천 2023_01.csv,레저스포츠,육상레저스포츠
동두천,2023,1,2023-01,10,경기도,동두천시,동두천터미널,295,동두천 2023_01.csv,기타관광,교통시설
동두천,2023,1,2023-01,11,경기도,동두천시,동광극장,277,동두천 2023_01.csv,문화관광,공연시설
동두천,2023,1,2023-01,12,경기도,동두천시,티클라우드CC,195,동두천 2023_01.csv,레저스포츠,육상레저스포츠
동두천,2023,1,2023-01,13,경기도,동두천시,CGV동두천,134,동두천 2023_01.csv,문화관광,공연시설
동두천,2023,1,2023-01,14,경기도,동두천시,소요산국민관광지,126,동두천 2023_01.csv,문화관광,복합관광시설
동두천,2023,1,2023-01,15,경기도,동두천시,소요별앤숲테마파크,118,동두천 2023_01.csv,문화관광,테마공원
동두천,2023,1,2023-01,16,경기도,동두천시,문화극장,115,동두천 2023_01.csv,문화관광,공연시설
동두천,2023,1,2023-01,17,경기도,동두천시,동두천시제일시장,46,동두천 2023_01.csv,쇼핑,시장
동두천,2023,1,2023-01,18,경기도,동두천시,자재암,44,동두천 2023_01.csv,역사관광,종교성지
동두천,2023,1,2023-01,19,경기도,동두천시,왕방계곡,42,동두천 2023_01.csv,자연관광,자연경관(산)
동두천,2023,1,2023-01,20,경기도,동두천시,자유수호평화박물관,34,동두천 2023_01.csv,문화관광,전시시설
동두천,2023,1,2023-01,21,경기도,동두천시,구 동두천시외버스터미널,27,동두천 2023_01.csv,기타관광,교통시설
동두천,2023,1,2023-01,22,경기도,동두천시,세아프라자,26,동두천 2023_01.csv,쇼핑,쇼핑몰
동두천,2023,1,2023-01,23,경기도,동두천시,탑동유원지,18,동두천 2023_01.csv,문화관광,복합관광시설
동두천,2023,1,2023-01,24,경기도,동두천시,쇠목계곡,17,동두천 2023_01.csv,자연관광,자연경관(산)
동두천,2023,1,2023-01,25,경기도,동두천시,보문사,16,동두천 2023_01.csv,역사관광,종교성지
동두천,2023,1,2023-01,26,경기도,동두천시,동두천 세아상가시장,12,동두천 2023_01.csv,쇼핑,시장
동두천,2023,1,2023-01,26,경기도,동두천시,동두천배드민턴전용구장,12,동두천 2023_01.csv,레저스포츠,기타레저스포츠
동두천,2023,1,2023-01,28,경기도,동두천시,소요산역,10,동두천 2023_01.csv,기타관광,교통시설
동두천,2023,1,2023-01,28,경기도,동두천시,원흥사,10,동두천 2023_01.csv,역사관광,종교성지
동두천,2023,1,2023-01,30,경기도,동두천시,덕수사,8,동두천 2023_01.csv,역사관광,종교성지
동두천,2023,1,2023-01,31,경기도,동두천시,약수암,7,동두천 2023_01.csv,역사관광,종교성지
동두천,2023,1,2023-01,31,경기도,동두천시,중화사,7,동두천 2023_01.csv,역사관광,종교성지
동두천,2023,1,2023-01,33,경기도,동두천시,무심정사,6,동두천 2023_01.csv,역사관광,종교성지
동두천,2023,1,2023-01,33,경기도,동두천시,배꼽다리,6,동두천 2023_01.csv,기타관광,기타관광
동두천,2023,1,2023-01,33,경기도,동두천시,영스포렉스,6,동두천 2023_01.csv,레저스포츠,기타레저스포츠
동두천,2023,1,2023-01,33,경기도,동두천시,못골생태공원,6,동두천 2023_01.csv,문화관광,도시공원
동두천,2023,1,2023-01,33,경기도,동두천시,반야사,6,동두천 2023_01.csv,역사관광,종교성지
동두천,2023,1,2023-01,33,경기도,동두천시,롤킹롤러스케이트장,6,동두천 2023_01.csv,레저스포츠,육상레저스포츠
동두천,2023,1,2023-01,39,경기도,동두천시,청량사,5,동두천 2023_01.csv,역사관광,종교성지
동두천,2023,1,2023-01,40,경기도,동두천시,신흥중고야구장,4,동두천 2023_01.csv,문화관광,레저스포츠시설
동두천,2023,1,2023-01,41,경기도,동두천시,턱거리마을박물관1호점,3,동두천 2023_01.csv,문화관광,전시시설
동두천,2023,1,2023-01,41,경기도,동두천시,소요산야외음악당,3,동두천 2023_01.csv,문화관광,공연시설
동두천,2023,1,2023-01,41,경기도,동두천시,공설시장,3,동두천 2023_01.csv,쇼핑,시장
동두천,2023,1,2023-01,41,경기도,동두천시,시민회관공연장,3,동두천 2023_01.csv,문화관광,공연시설
동두천,2023,1,2023-01,41,경기도,동두천시,관음사,3,동두천 2023_01.csv,역사관광,종교성지
동두천,2023,1,2023-01,41,경기도,동두천시,서광사,3,동두천 2023_01.csv,역사관광,종교성지
동두천,2023,1,2023-01,41,경기도,동두천시,강변공원,3,동두천 2023_01.csv,문화관광,도시공원
동두천,2023,1,2023-01,41,경기도,동두천시,호림공방,3,동두천 2023_01.csv,문화관광,기타문화관광지
동두천,2023,1,2023-01,41,경기도,동두천시,대도사,3,동두천 2023_01.csv,역사관광,종교성지
동두천,2023,1,2023-01,41,경기도,동두천시,해룡산,3,동두천 2023_01.csv,자연관광,자연경관(산)
동두천,2023,1,2023-01,41,경기도,동두천시,소요산어린이공원,3,동두천 2023_01.csv,문화관광,도시공원
동두천,2023,2,2023-02,1,경기도,동두천시,니지모리스튜디오,2728,동두천 2023_02.csv,기타관광,기타관광
동두천,2023,2,2023-02,2,경기도,동두천시,경기북부어린이박물관,1875,동두천 2023_02.csv,문화관광,전시시설
동두천,2023,2,2023-02,3,경기도,동두천시,소요산,1577,동두천 2023_02.csv,자연관광,자연경관(산)
동두천,2023,2,2023-02,4,경기도,동두천시,놀자숲,1305,동두천 2023_02.csv,기타관광,기타관광
동두천,2023,2,2023-02,5,경기도,동두천시,동두천자연휴양림,898,동두천 2023_02.csv,자연관광,자연공원
동두천,2023,2,2023-02,6,경기도,동두천시,티클라우드CC,866,동두천 2023_02.csv,레저스포츠,육상레저스포츠
동두천,2023,2,2023-02,7,경기도,동두천시,중앙시장,581,동두천 2023_02.csv,쇼핑,시장
동두천,2023,2,2023-02,8,경기도,동두천시,동두천큰시장,440,동두천 2023_02.csv,쇼핑,시장
동두천,2023,2,2023-02,9,경기도,동두천시,양키시장,411,동두천 2023_02.csv,쇼핑,시장
동두천,2023,2,2023-02,10,경기도,동두천시,동두천터미널,276,동두천 2023_02.csv,기타관광,교통시설
동두천,2023,2,2023-02,11,경기도,동두천시,놀자숲눈썰매장,259,동두천 2023_02.csv,레저스포츠,육상레저스포츠
동두천,2023,2,2023-02,12,경기도,동두천시,동광극장,248,동두천 2023_02.csv,문화관광,공연시설
동두천,2023,2,2023-02,13,경기도,동두천시,소요별앤숲테마파크,190,동두천 2023_02.csv,문화관광,테마공원
동두천,2023,2,2023-02,14,경기도,동두천시,소요산국민관광지,165,동두천 2023_02.csv,문화관광,복합관광시설
동두천,2023,2,2023-02,15,경기도,동두천시,자유수호평화박물관,130,동두천 2023_02.csv,문화관광,전시시설
동두천,2023,2,2023-02,16,경기도,동두천시,문화극장,67,동두천 2023_02.csv,문화관광,공연시설
동두천,2023,2,2023-02,17,경기도,동두천시,왕방계곡,55,동두천 2023_02.csv,자연관광,자연경관(산)
동두천,2023,2,2023-02,18,경기도,동두천시,자재암,50,동두천 2023_02.csv,역사관광,종교성지
동두천,2023,2,2023-02,19,경기도,동두천시,세아프라자,44,동두천 2023_02.csv,쇼핑,쇼핑몰
동두천,2023,2,2023-02,20,경기도,동두천시,신흥중고야구장,37,동두천 2023_02.csv,문화관광,레저스포츠시설
동두천,2023,2,2023-02,21,경기도,동두천시,동두천시제일시장,29,동두천 2023_02.csv,쇼핑,시장
동두천,2023,2,2023-02,22,경기도,동두천시,상패수변공원,24,동두천 2023_02.csv,문화관광,도시공원
동두천,2023,2,2023-02,23,경기도,동두천시,동두천배드민턴전용구장,20,동두천 2023_02.csv,레저스포츠,기타레저스포츠
동두천,2023,2,2023-02,24,경기도,동두천시,행복드림센터건축중(2023년10월준공예정),19,동두천 2023_02.csv,문화관광,기타문화관광지
동두천,2023,2,2023-02,25,경기도,동두천시,소요산역,17,동두천 2023_02.csv,기타관광,교통시설
동두천,2023,2,2023-02,26,경기도,동두천시,약수암,15,동두천 2023_02.csv,역사관광,종교성지
동두천,2023,2,2023-02,26,경기도,동두천시,반야사,15,동두천 2023_02.csv,역사관광,종교성지
동두천,2023,2,2023-02,26,경기도,동두천시,구 동두천시외버스터미널,15,동두천 2023_02.csv,기타관광,교통시설
동두천,2023,2,2023-02,29,경기도,동두천시,탑동유원지,13,동두천 2023_02.csv,문화관광,복합관광시설
동두천,2023,2,2023-02,30,경기도,동두천시,무심정사,11,동두천 2023_02.csv,역사관광,종교성지
동두천,2023,2,2023-02,30,경기도,동두천시,시민회관공연장,11,동두천 2023_02.csv,문화관광,공연시설
동두천,2023,2,2023-02,30,경기도,동두천시,롤킹롤러스케이트장,11,동두천 2023_02.csv,레저스포츠,육상레저스포츠
동두천,2023,2,2023-02,33,경기도,동두천시,쇠목계곡,10,동두천 2023_02.csv,자연관광,자연경관(산)
동두천,2023,2,2023-02,34,경기도,동두천시,배꼽다리,9,동두천 2023_02.csv,기타관광,기타관광
동두천,2023,2,2023-02,35,경기도,동두천시,원흥사,8,동두천 2023_02.csv,역사관광,종교성지
동두천,2023,2,2023-02,35,경기도,동두천시,두드림뮤직센터,8,동두천 2023_02.csv,문화관광,공연시설
동두천,2023,2,2023-02,37,경기도,동두천시,해룡산,6,동두천 2023_02.csv,자연관광,자연경관(산)
동두천,2023,2,2023-02,37,경기도,동두천시,동두천 세아상가시장,6,동두천 2023_02.csv,쇼핑,시장
동두천,2023,2,2023-02,37,경기도,동두천시,덕수사,6,동두천 2023_02.csv,역사관광,종교성지
동두천,2023,2,2023-02,40,경기도,동두천시,턱거리마을박물관1호점,4,동두천 2023_02.csv,문화관광,전시시설
동두천,2023,2,2023-02,40,경기도,동두천시,청량사,4,동두천 2023_02.csv,역사관광,종교성지
동두천,2023,2,2023-02,40,경기도,동두천시,소요생활체육공원,4,동두천 2023_02.csv,문화관광,도시공원
동두천,2023,2,2023-02,40,경기도,동두천시,소요산어린이공원,4,동두천 2023_02.csv,문화관광,도시공원
동두천,2023,2,2023-02,44,경기도,동두천시,보문사,3,동두천 2023_02.csv,역사관광,종교성지
동두천,2023,2,2023-02,44,경기도,동두천시,서광사,3,동두천 2023_02.csv,역사관광,종교성지
동두천,2023,2,2023-02,44,경기도,동두천시,청미원동두천식육가공장,3,동두천 2023_02.csv,쇼핑,시장
동두천,2023,2,2023-02,44,경기도,동두천시,호림공방,3,동두천 2023_02.csv,문화관광,기타문화관광지
동두천,2023,2,2023-02,44,경기도,동두천시,자유수호평화박물관벚꽃길,3,동두천 2023_02.csv,기타관광,기타관광
동두천,2023,2,2023-02,44,경기도,동두천시,DoDream클라이밍센터,3,동두천 2023_02.csv,레저스포츠,기타레저스포츠
동두천,2023,2,2023-02,44,경기도,동두천시,현충탑,3,동두천 2023_02.csv,역사관광,역사유물
동두천,2023,3,2023-03,1,경기도,동두천시,티클라우드CC,3014,동두천 2023_03.csv,레저스포츠,육상레저스포츠
동두천,2023,3,2023-03,2,경기도,동두천시,니지모리스튜디오,2446,동두천 2023_03.csv,기타관광,기타관광
동두천,2023,3,2023-03,3,경기도,동두천시,소요산,2117,동두천 2023_03.csv,자연관광,자연경관(산)
동두천,2023,3,2023-03,4,경기도,동두천시,경기북부어린이박물관,1623,동두천 2023_03.csv,문화관광,전시시설
동두천,2023,3,2023-03,5,경기도,동두천시,동두천자연휴양림,855,동두천 2023_03.csv,자연관광,자연공원
동두천,2023,3,2023-03,6,경기도,동두천시,놀자숲,701,동두천 2023_03.csv,기타관광,기타관광
동두천,2023,3,2023-03,7,경기도,동두천시,중앙시장,662,동두천 2023_03.csv,쇼핑,시장
동두천,2023,3,2023-03,8,경기도,동두천시,양키시장,580,동두천 2023_03.csv,쇼핑,시장
동두천,2023,3,2023-03,9,경기도,동두천시,동두천큰시장,539,동두천 2023_03.csv,쇼핑,시장
동두천,2023,3,2023-03,10,경기도,동두천시,동두천터미널,343,동두천 2023_03.csv,기타관광,교통시설
동두천,2023,3,2023-03,11,경기도,동두천시,동광극장,254,동두천 2023_03.csv,문화관광,공연시설
동두천,2023,3,2023-03,12,경기도,동두천시,소요별앤숲테마파크,243,동두천 2023_03.csv,문화관광,테마공원
동두천,2023,3,2023-03,13,경기도,동두천시,소요산국민관광지,206,동두천 2023_03.csv,문화관광,복합관광시설
동두천,2023,3,2023-03,14,경기도,동두천시,자유수호평화박물관,159,동두천 2023_03.csv,문화관광,전시시설
동두천,2023,3,2023-03,15,경기도,동두천시,왕방계곡,109,동두천 2023_03.csv,자연관광,자연경관(산)
동두천,2023,3,2023-03,16,경기도,동두천시,문화극장,86,동두천 2023_03.csv,문화관광,공연시설
동두천,2023,3,2023-03,17,경기도,동두천시,구 동두천시외버스터미널,72,동두천 2023_03.csv,기타관광,교통시설
동두천,2023,3,2023-03,18,경기도,동두천시,신흥중고야구장,64,동두천 2023_03.csv,문화관광,레저스포츠시설
동두천,2023,3,2023-03,19,경기도,동두천시,세아프라자,59,동두천 2023_03.csv,쇼핑,쇼핑몰
동두천,2023,3,2023-03,20,경기도,동두천시,행복드림센터건축중(2023년10월준공예정),47,동두천 2023_03.csv,문화관광,기타문화관광지
동두천,2023,3,2023-03,21,경기도,동두천시,자재암,44,동두천 2023_03.csv,역사관광,종교성지
동두천,2023,3,2023-03,22,경기도,동두천시,소요산역,43,동두천 2023_03.csv,기타관광,교통시설
동두천,2023,3,2023-03,23,경기도,동두천시,동두천배드민턴전용구장,28,동두천 2023_03.csv,레저스포츠,기타레저스포츠
동두천,2023,3,2023-03,24,경기도,동두천시,동두천시제일시장,24,동두천 2023_03.csv,쇼핑,시장
동두천,2023,3,2023-03,25,경기도,동두천시,롤킹롤러스케이트장,22,동두천 2023_03.csv,레저스포츠,육상레저스포츠
동두천,2023,3,2023-03,26,경기도,동두천시,배꼽다리,17,동두천 2023_03.csv,기타관광,기타관광
동두천,2023,3,2023-03,27,경기도,동두천시,자유수호평화박물관벚꽃길,14,동두천 2023_03.csv,기타관광,기타관광
동두천,2023,3,2023-03,27,경기도,동두천시,쇠목계곡,14,동두천 2023_03.csv,자연관광,자연경관(산)
동두천,2023,3,2023-03,27,경기도,동두천시,소요생활체육공원,14,동두천 2023_03.csv,문화관광,도시공원
동두천,2023,3,2023-03,30,경기도,동두천시,탑동유원지,13,동두천 2023_03.csv,문화관광,복합관광시설
동두천,2023,3,2023-03,31,경기도,동두천시,동두천 세아상가시장,12,동두천 2023_03.csv,쇼핑,시장
동두천,2023,3,2023-03,32,경기도,동두천시,호림공방,11,동두천 2023_03.csv,문화관광,기타문화관광지
동두천,2023,3,2023-03,32,경기도,동두천시,소요산어린이공원,11,동두천 2023_03.csv,문화관광,도시공원
동두천,2023,3,2023-03,34,경기도,동두천시,턱거리마을박물관1호점,10,동두천 2023_03.csv,문화관광,전시시설
동두천,2023,3,2023-03,35,경기도,동두천시,무심정사,8,동두천 2023_03.csv,역사관광,종교성지
동두천,2023,3,2023-03,36,경기도,동두천시,반야사,7,동두천 2023_03.csv,역사관광,종교성지
동두천,2023,3,2023-03,36,경기도,동두천시,두드림뮤직센터,7,동두천 2023_03.csv,문화관광,공연시설
동두천,2023,3,2023-03,38,경기도,동두천시,놀자숲눈썰매장,6,동두천 2023_03.csv,레저스포츠,육상레저스포츠
동두천,2023,3,2023-03,38,경기도,동두천시,마니커닭박물관,6,동두천 2023_03.csv,문화관광,전시시설
동두천,2023,3,2023-03,38,경기도,동두천시,영스포렉스,6,동두천 2023_03.csv,레저스포츠,기타레저스포츠
동두천,2023,3,2023-03,41,경기도,동두천시,간도문화체험마을,5,동두천 2023_03.csv,문화관광,기타문화관광지
동두천,2023,3,2023-03,42,경기도,동두천시,소요산문화생태공원,4,동두천 2023_03.csv,문화관광,도시공원
동두천,2023,3,2023-03,42,경기도,동두천시,못골생태공원,4,동두천 2023_03.csv,문화관광,도시공원
동두천,2023,3,2023-03,42,경기도,동두천시,보문사,4,동두천 2023_03.csv,역사관광,종교성지
동두천,2023,3,2023-03,42,경기도,동두천시,광덕사,4,동두천 2023_03.csv,역사관광,종교성지
동두천,2023,3,2023-03,46,경기도,동두천시,소요산야외음악당,3,동두천 2023_03.csv,문화관광,공연시설
동두천,2023,3,2023-03,46,경기도,동두천시,두레문화마을,3,동두천 2023_03.csv,레저스포츠,육상레저스포츠
동두천,2023,3,2023-03,46,경기도,동두천시,장림계곡,3,동두천 2023_03.csv,자연관광,자연경관(산)
동두천,2023,3,2023-03,46,경기도,동두천시,덕수사,3,동두천 2023_03.csv,역사관광,종교성지
동두천,2023,3,2023-03,46,경기도,동두천시,동두천쇼핑,3,동두천 2023_03.csv,쇼핑,쇼핑몰
동두천,2023,3,2023-03,46,경기도,동두천시,만수약수터,3,동두천 2023_03.csv,자연관광,자연경관(산)
동두천,2023,3,2023-03,46,경기도,동두천시,약수암,3,동두천 2023_03.csv,역사관광,종교성지
동두천,2023,3,2023-03,46,경기도,동두천시,시민회관공연장,3,동두천 2023_03.csv,문화관광,공연시설
동두천,2023,3,2023-03,46,경기도,동두천시,원흥사,3,동두천 2023_03.csv,역사관광,종교성지
동두천,2023,3,2023-03,46,경기도,동두천시,샘터농원,3,동두천 2023_03.csv,체험관광,농/산/어촌체험
동두천,2023,3,2023-03,46,경기도,동두천시,삼충단,3,동두천 2023_03.csv,역사관광,역사유적지
동두천,2023,4,2023-04,1,경기도,동두천시,티클라우드CC,3630,동두천 2023_04.csv,레저스포츠,육상레저스포츠
동두천,2023,4,2023-04,2,경기도,동두천시,소요산,2989,동두천 2023_04.csv,자연관광,자연경관(산)
동두천,2023,4,2023-04,3,경기도,동두천시,경기북부어린이박물관,1782,동두천 2023_04.csv,문화관광,전시시설
동두천,2023,4,2023-04,4,경기도,동두천시,동두천자연휴양림,1205,동두천 2023_04.csv,자연관광,자연공원
동두천,2023,4,2023-04,5,경기도,동두천시,놀자숲,1108,동두천 2023_04.csv,기타관광,기타관광
동두천,2023,4,2023-04,6,경기도,동두천시,중앙시장,667,동두천 2023_04.csv,쇼핑,시장
동두천,2023,4,2023-04,7,경기도,동두천시,자유수호평화박물관,557,동두천 2023_04.csv,문화관광,전시시설
동두천,2023,4,2023-04,8,경기도,동두천시,동두천큰시장,540,동두천 2023_04.csv,쇼핑,시장
동두천,2023,4,2023-04,9,경기도,동두천시,자유수호평화박물관벚꽃길,535,동두천 2023_04.csv,기타관광,기타관광
동두천,2023,4,2023-04,10,경기도,동두천시,양키시장,521,동두천 2023_04.csv,쇼핑,시장
동두천,2023,4,2023-04,11,경기도,동두천시,동두천터미널,387,동두천 2023_04.csv,기타관광,교통시설
동두천,2023,4,2023-04,12,경기도,동두천시,소요별앤숲테마파크,316,동두천 2023_04.csv,문화관광,테마공원
동두천,2023,4,2023-04,13,경기도,동두천시,소요산국민관광지,306,동두천 2023_04.csv,문화관광,복합관광시설
동두천,2023,4,2023-04,14,경기도,동두천시,동광극장,256,동두천 2023_04.csv,문화관광,공연시설
동두천,2023,4,2023-04,15,경기도,동두천시,자재암,80,동두천 2023_04.csv,역사관광,종교성지
동두천,2023,4,2023-04,16,경기도,동두천시,세아프라자,65,동두천 2023_04.csv,쇼핑,쇼핑몰
동두천,2023,4,2023-04,17,경기도,동두천시,신흥중고야구장,59,동두천 2023_04.csv,문화관광,레저스포츠시설
동두천,2023,4,2023-04,18,경기도,동두천시,탑동유원지,51,동두천 2023_04.csv,문화관광,복합관광시설
동두천,2023,4,2023-04,19,경기도,동두천시,문화극장,50,동두천 2023_04.csv,문화관광,공연시설
동두천,2023,4,2023-04,20,경기도,동두천시,소요산역,35,동두천 2023_04.csv,기타관광,교통시설
동두천,2023,4,2023-04,21,경기도,동두천시,CGV동두천,29,동두천 2023_04.csv,문화관광,공연시설
동두천,2023,4,2023-04,22,경기도,동두천시,배꼽다리,27,동두천 2023_04.csv,기타관광,기타관광
동두천,2023,4,2023-04,23,경기도,동두천시,동두천배드민턴전용구장,21,동두천 2023_04.csv,레저스포츠,기타레저스포츠
동두천,2023,4,2023-04,24,경기도,동두천시,롤킹롤러스케이트장,20,동두천 2023_04.csv,레저스포츠,육상레저스포츠
동두천,2023,4,2023-04,24,경기도,동두천시,시민회관공연장,20,동두천 2023_04.csv,문화관광,공연시설
동두천,2023,4,2023-04,24,경기도,동두천시,호림공방,20,동두천 2023_04.csv,문화관광,기타문화관광지
동두천,2023,4,2023-04,27,경기도,동두천시,행복드림센터건축중(2023년10월준공예정),16,동두천 2023_04.csv,문화관광,기타문화관광지
동두천,2023,4,2023-04,27,경기도,동두천시,동두천시제일시장,16,동두천 2023_04.csv,쇼핑,시장
동두천,2023,4,2023-04,29,경기도,동두천시,무심정사,15,동두천 2023_04.csv,역사관광,종교성지
동두천,2023,4,2023-04,29,경기도,동두천시,보문사,15,동두천 2023_04.csv,역사관광,종교성지
동두천,2023,4,2023-04,31,경기도,동두천시,놀자숲눈썰매장,14,동두천 2023_04.csv,레저스포츠,육상레저스포츠
동두천,2023,4,2023-04,32,경기도,동두천시,선화사,11,동두천 2023_04.csv,역사관광,종교성지
동두천,2023,4,2023-04,32,경기도,동두천시,소요생활체육공원,11,동두천 2023_04.csv,문화관광,도시공원
동두천,2023,4,2023-04,34,경기도,동두천시,동두천역,9,동두천 2023_04.csv,기타관광,교통시설
동두천,2023,4,2023-04,35,경기도,동두천시,소요산문화생태공원,8,동두천 2023_04.csv,문화관광,도시공원
동두천,2023,4,2023-04,35,경기도,동두천시,약수암,8,동두천 2023_04.csv,역사관광,종교성지
동두천,2023,4,2023-04,35,경기도,동두천시,반야사,8,동두천 2023_04.csv,역사관광,종교성지
동두천,2023,4,2023-04,38,경기도,동두천시,턱거리마을박물관1호점,6,동두천 2023_04.csv,문화관광,전시시설
동두천,2023,4,2023-04,38,경기도,동두천시,스트라이크존동두천지행구장,6,동두천 2023_04.csv,레저스포츠,기타레저스포츠
동두천,2023,4,2023-04,38,경기도,동두천시,동두천스타복싱클럽,6,동두천 2023_04.csv,레저스포츠,기타레저스포츠
동두천,2023,4,2023-04,38,경기도,동두천시,동두천 세아상가시장,6,동두천 2023_04.csv,쇼핑,시장
동두천,2023,4,2023-04,38,경기도,동두천시,광덕사,6,동두천 2023_04.csv,역사관광,종교성지
동두천,2023,4,2023-04,43,경기도,동두천시,소요별앤숲테마파크상상물놀이장,5,동두천 2023_04.csv,문화관광,테마공원
동두천,2023,4,2023-04,44,경기도,동두천시,주짓수지행점,4,동두천 2023_04.csv,레저스포츠,기타레저스포츠
동두천,2023,4,2023-04,44,경기도,동두천시,못골생태공원,4,동두천 2023_04.csv,문화관광,도시공원
동두천,2023,4,2023-04,46,경기도,동두천시,동두천쇼핑,3,동두천 2023_04.csv,쇼핑,쇼핑몰
동두천,2023,4,2023-04,46,경기도,동두천시,영도암,3,동두천 2023_04.csv,역사관광,종교성지
동두천,2023,4,2023-04,46,경기도,동두천시,일연사,3,동두천 2023_04.csv,역사관광,종교성지
동두천,2023,4,2023-04,46,경기도,동두천시,동두천시민공원,3,동두천 2023_04.csv,문화관광,도시공원
동두천,2023,4,2023-04,46,경기도,동두천시,대도사,3,동두천 2023_04.csv,역사관광,종교성지
동두천,2023,4,2023-04,46,경기도,동두천시,DoDream클라이밍센터,3,동두천 2023_04.csv,레저스포츠,기타레저스포츠
동두천,2023,5,2023-05,1,경기도,동두천시,티클라우드CC,3784,동두천 2023_05.csv,레저스포츠,육상레저스포츠
동두천,2023,5,2023-05,2,경기도,동두천시,소요산,2051,동두천 2023_05.csv,자연관광,자연경관(산)
동두천,2023,5,2023-05,3,경기도,동두천시,경기북부어린이박물관,1643,동두천 2023_05.csv,문화관광,전시시설
동두천,2023,5,2023-05,4,경기도,동두천시,놀자숲,1477,동두천 2023_05.csv,기타관광,기타관광
동두천,2023,5,2023-05,5,경기도,동두천시,동두천자연휴양림,1310,동두천 2023_05.csv,자연관광,자연공원
동두천,2023,5,2023-05,6,경기도,동두천시,중앙시장,743,동두천 2023_05.csv,쇼핑,시장
동두천,2023,5,2023-05,7,경기도,동두천시,양키시장,488,동두천 2023_05.csv,쇼핑,시장
동두천,2023,5,2023-05,8,경기도,동두천시,동두천큰시장,486,동두천 2023_05.csv,쇼핑,시장
동두천,2023,5,2023-05,9,경기도,동두천시,동두천터미널,343,동두천 2023_05.csv,기타관광,교통시설
동두천,2023,5,2023-05,10,경기도,동두천시,소요별앤숲테마파크,291,동두천 2023_05.csv,문화관광,테마공원
동두천,2023,5,2023-05,11,경기도,동두천시,동광극장,262,동두천 2023_05.csv,문화관광,공연시설
동두천,2023,5,2023-05,12,경기도,동두천시,소요산국민관광지,205,동두천 2023_05.csv,문화관광,복합관광시설
동두천,2023,5,2023-05,13,경기도,동두천시,자재암,111,동두천 2023_05.csv,역사관광,종교성지
동두천,2023,5,2023-05,14,경기도,동두천시,문화극장,109,동두천 2023_05.csv,문화관광,공연시설
동두천,2023,5,2023-05,15,경기도,동두천시,자유수호평화박물관,107,동두천 2023_05.csv,문화관광,전시시설
동두천,2023,5,2023-05,16,경기도,동두천시,탑동유원지,90,동두천 2023_05.csv,문화관광,복합관광시설
동두천,2023,5,2023-05,17,경기도,동두천시,배꼽다리,60,동두천 2023_05.csv,기타관광,기타관광
동두천,2023,5,2023-05,18,경기도,동두천시,행복드림센터건축중(2023년10월준공예정),38,동두천 2023_05.csv,문화관광,기타문화관광지
동두천,2023,5,2023-05,19,경기도,동두천시,세아프라자,29,동두천 2023_05.csv,쇼핑,쇼핑몰
동두천,2023,5,2023-05,20,경기도,동두천시,소요산역,28,동두천 2023_05.csv,기타관광,교통시설
동두천,2023,5,2023-05,21,경기도,동두천시,놀자숲눈썰매장,26,동두천 2023_05.csv,레저스포츠,육상레저스포츠
동두천,2023,5,2023-05,22,경기도,동두천시,소요생활체육공원,24,동두천 2023_05.csv,문화관광,도시공원
동두천,2023,5,2023-05,23,경기도,동두천시,무심정사,23,동두천 2023_05.csv,역사관광,종교성지
동두천,2023,5,2023-05,24,경기도,동두천시,턱거리마을박물관1호점,21,동두천 2023_05.csv,문화관광,전시시설
동두천,2023,5,2023-05,25,경기도,동두천시,약수암,20,동두천 2023_05.csv,역사관광,종교성지
동두천,2023,5,2023-05,25,경기도,동두천시,중화사,20,동두천 2023_05.csv,역사관광,종교성지
동두천,2023,5,2023-05,25,경기도,동두천시,반야사,20,동두천 2023_05.csv,역사관광,종교성지
동두천,2023,5,2023-05,28,경기도,동두천시,원흥사,19,동두천 2023_05.csv,역사관광,종교성지
동두천,2023,5,2023-05,29,경기도,동두천시,소요산야외음악당,18,동두천 2023_05.csv,문화관광,공연시설
동두천,2023,5,2023-05,29,경기도,동두천시,CGV동두천,18,동두천 2023_05.csv,문화관광,공연시설
동두천,2023,5,2023-05,31,경기도,동두천시,보문사,17,동두천 2023_05.csv,역사관광,종교성지
동두천,2023,5,2023-05,32,경기도,동두천시,신흥중고야구장,15,동두천 2023_05.csv,문화관광,레저스포츠시설
동두천,2023,5,2023-05,32,경기도,동두천시,동두천시제일시장,15,동두천 2023_05.csv,쇼핑,시장
동두천,2023,5,2023-05,32,경기도,동두천시,동두천 세아상가시장,15,동두천 2023_05.csv,쇼핑,시장
동두천,2023,5,2023-05,35,경기도,동두천시,일연사,13,동두천 2023_05.csv,역사관광,종교성지
동두천,2023,5,2023-05,36,경기도,동두천시,광덕사,12,동두천 2023_05.csv,역사관광,종교성지
동두천,2023,5,2023-05,37,경기도,동두천시,호림공방,10,동두천 2023_05.csv,문화관광,기타문화관광지
동두천,2023,5,2023-05,38,경기도,동두천시,서광사,9,동두천 2023_05.csv,역사관광,종교성지
동두천,2023,5,2023-05,38,경기도,동두천시,롤킹롤러스케이트장,9,동두천 2023_05.csv,레저스포츠,육상레저스포츠
동두천,2023,5,2023-05,40,경기도,동두천시,청량사,8,동두천 2023_05.csv,역사관광,종교성지
동두천,2023,5,2023-05,40,경기도,동두천시,소요산문화생태공원,8,동두천 2023_05.csv,문화관광,도시공원
동두천,2023,5,2023-05,40,경기도,동두천시,어등산레포츠공원,8,동두천 2023_05.csv,문화관광,도시공원
동두천,2023,5,2023-05,40,경기도,동두천시,동두천배드민턴전용구장,8,동두천 2023_05.csv,레저스포츠,기타레저스포츠
동두천,2023,5,2023-05,44,경기도,동두천시,동두천시민공원,6,동두천 2023_05.csv,문화관광,도시공원
동두천,2023,5,2023-05,44,경기도,동두천시,자원암,6,동두천 2023_05.csv,역사관광,종교성지
동두천,2023,5,2023-05,44,경기도,동두천시,자유수호평화박물관벚꽃길,6,동두천 2023_05.csv,기타관광,기타관광
동두천,2023,5,2023-05,44,경기도,동두천시,못골생태공원,6,동두천 2023_05.csv,문화관광,도시공원
동두천,2023,5,2023-05,44,경기도,동두천시,극락암,6,동두천 2023_05.csv,역사관광,종교성지
동두천,2023,5,2023-05,49,경기도,동두천시,덕수사,5,동두천 2023_05.csv,역사관광,종교성지
동두천,2023,5,2023-05,50,경기도,동두천시,대원사,4,동두천 2023_05.csv,역사관광,종교성지
동두천,2023,5,2023-05,50,경기도,동두천시,영도암,4,동두천 2023_05.csv,역사관광,종교성지
동두천,2023,5,2023-05,50,경기도,동두천시,두드림뮤직센터,4,동두천 2023_05.csv,문화관광,공연시설
동두천,2023,5,2023-05,53,경기도,동두천시,계룡농장,3,동두천 2023_05.csv,체험관광,농/산/어촌체험
동두천,2023,5,2023-05,53,경기도,동두천시,선화사,3,동두천 2023_05.csv,역사관광,종교성지
동두천,2023,5,2023-05,53,경기도,동두천시,관음사,3,동두천 2023_05.csv,역사관광,종교성지
동두천,2023,5,2023-05,53,경기도,동두천시,약사암,3,동두천 2023_05.csv,역사관광,종교성지
동두천,2023,5,2023-05,53,경기도,동두천시,샘터농원,3,동두천 2023_05.csv,체험관광,농/산/어촌체험
동두천,2023,6,2023-06,1,경기도,동두천시,티클라우드CC,4074,동두천 2023_06.csv,레저스포츠,육상레저스포츠
동두천,2023,6,2023-06,2,경기도,동두천시,소요산,2207,동두천 2023_06.csv,자연관광,자연경관(산)
동두천,2023,6,2023-06,3,경기도,동두천시,경기북부어린이박물관,1642,동두천 2023_06.csv,문화관광,전시시설
동두천,2023,6,2023-06,4,경기도,동두천시,동두천자연휴양림,1361,동두천 2023_06.csv,자연관광,자연공원
동두천,2023,6,2023-06,5,경기도,동두천시,놀자숲,1263,동두천 2023_06.csv,기타관광,기타관광
동두천,2023,6,2023-06,6,경기도,동두천시,중앙시장,711,동두천 2023_06.csv,쇼핑,시장
동두천,2023,6,2023-06,7,경기도,동두천시,동두천큰시장,564,동두천 2023_06.csv,쇼핑,시장
동두천,2023,6,2023-06,8,경기도,동두천시,양키시장,474,동두천 2023_06.csv,쇼핑,시장
동두천,2023,6,2023-06,9,경기도,동두천시,동두천터미널,408,동두천 2023_06.csv,기타관광,교통시설
동두천,2023,6,2023-06,10,경기도,동두천시,니지모리스튜디오,389,동두천 2023_06.csv,기타관광,기타관광
동두천,2023,6,2023-06,11,경기도,동두천시,소요별앤숲테마파크,379,동두천 2023_06.csv,문화관광,테마공원
동두천,2023,6,2023-06,12,경기도,동두천시,동광극장,343,동두천 2023_06.csv,문화관광,공연시설
동두천,2023,6,2023-06,13,경기도,동두천시,소요산국민관광지,241,동두천 2023_06.csv,문화관광,복합관광시설
동두천,2023,6,2023-06,14,경기도,동두천시,자유수호평화박물관,218,동두천 2023_06.csv,문화관광,전시시설
동두천,2023,6,2023-06,15,경기도,동두천시,자재암,184,동두천 2023_06.csv,역사관광,종교성지
동두천,2023,6,2023-06,16,경기도,동두천시,탑동유원지,159,동두천 2023_06.csv,문화관광,복합관광시설
동두천,2023,6,2023-06,17,경기도,동두천시,문화극장,137,동두천 2023_06.csv,문화관광,공연시설
동두천,2023,6,2023-06,18,경기도,동두천시,왕방계곡,123,동두천 2023_06.csv,자연관광,자연경관(산)
동두천,2023,6,2023-06,19,경기도,동두천시,배꼽다리,110,동두천 2023_06.csv,기타관광,기타관광
동두천,2023,6,2023-06,20,경기도,동두천시,샘터농원,94,동두천 2023_06.csv,체험관광,농/산/어촌체험
동두천,2023,6,2023-06,21,경기도,동두천시,세아프라자,39,동두천 2023_06.csv,쇼핑,쇼핑몰
동두천,2023,6,2023-06,22,경기도,동두천시,호림공방,37,동두천 2023_06.csv,문화관광,기타문화관광지
동두천,2023,6,2023-06,23,경기도,동두천시,행복드림센터건축중(2023년10월준공예정),36,동두천 2023_06.csv,문화관광,기타문화관광지
동두천,2023,6,2023-06,24,경기도,동두천시,동두천배드민턴전용구장,32,동두천 2023_06.csv,레저스포츠,기타레저스포츠
동두천,2023,6,2023-06,25,경기도,동두천시,신흥중고야구장,22,동두천 2023_06.csv,문화관광,레저스포츠시설
동두천,2023,6,2023-06,26,경기도,동두천시,소요산역,21,동두천 2023_06.csv,기타관광,교통시설
동두천,2023,6,2023-06,27,경기도,동두천시,소요별앤숲테마파크상상물놀이장,20,동두천 2023_06.csv,문화관광,테마공원
동두천,2023,6,2023-06,27,경기도,동두천시,놀자숲눈썰매장,20,동두천 2023_06.csv,레저스포츠,육상레저스포츠
동두천,2023,6,2023-06,29,경기도,동두천시,반야사,17,동두천 2023_06.csv,역사관광,종교성지
동두천,2023,6,2023-06,29,경기도,동두천시,DoDream클라이밍센터,17,동두천 2023_06.csv,레저스포츠,기타레저스포츠
동두천,2023,6,2023-06,31,경기도,동두천시,죠스수영장,16,동두천 2023_06.csv,문화관광,테마공원
동두천,2023,6,2023-06,32,경기도,동두천시,쇠목계곡,15,동두천 2023_06.csv,자연관광,자연경관(산)
동두천,2023,6,2023-06,32,경기도,동두천시,동두천시제일시장,15,동두천 2023_06.csv,쇼핑,시장
동두천,2023,6,2023-06,32,경기도,동두천시,소요생활체육공원,15,동두천 2023_06.csv,문화관광,도시공원
동두천,2023,6,2023-06,35,경기도,동두천시,시민회관공연장,13,동두천 2023_06.csv,문화관광,공연시설
동두천,2023,6,2023-06,36,경기도,동두천시,박찬호야구공원,11,동두천 2023_06.csv,문화관광,도시공원
동두천,2023,6,2023-06,36,경기도,동두천시,덕수사,11,동두천 2023_06.csv,역사관광,종교성지
동두천,2023,6,2023-06,36,경기도,동두천시,구 동두천시외버스터미널,11,동두천 2023_06.csv,기타관광,교통시설
동두천,2023,6,2023-06,39,경기도,동두천시,소요산문화생태공원,9,동두천 2023_06.csv,문화관광,도시공원
동두천,2023,6,2023-06,39,경기도,동두천시,현충탑,9,동두천 2023_06.csv,역사관광,역사유물
동두천,2023,6,2023-06,41,경기도,동두천시,턱거리마을박물관1호점,8,동두천 2023_06.csv,문화관광,전시시설
동두천,2023,6,2023-06,41,경기도,동두천시,약수암,8,동두천 2023_06.csv,역사관광,종교성지
동두천,2023,6,2023-06,43,경기도,동두천시,동두천역,6,동두천 2023_06.csv,기타관광,교통시설
동두천,2023,6,2023-06,44,경기도,동두천시,동두천 세아상가시장,4,동두천 2023_06.csv,쇼핑,시장
동두천,2023,6,2023-06,44,경기도,동두천시,소요산어린이공원,4,동두천 2023_06.csv,문화관광,도시공원
동두천,2023,6,2023-06,44,경기도,동두천시,스트라이크존동두천지행구장,4,동두천 2023_06.csv,레저스포츠,기타레저스포츠
동두천,2023,6,2023-06,47,경기도,동두천시,무심정사,3,동두천 2023_06.csv,역사관광,종교성지
동두천,2023,6,2023-06,47,경기도,동두천시,광덕사,3,동두천 2023_06.csv,역사관광,종교성지
동두천,2023,6,2023-06,47,경기도,동두천시,마니커닭박물관,3,동두천 2023_06.csv,문화관광,전시시설
동두천,2023,6,2023-06,47,경기도,동두천시,원흥사,3,동두천 2023_06.csv,역사관광,종교성지
동두천,2023,6,2023-06,47,경기도,동두천시,중화사,3,동두천 2023_06.csv,역사관광,종교성지
동두천,2023,6,2023-06,47,경기도,동두천시,서광사,3,동두천 2023_06.csv,역사관광,종교성지
동두천,2023,6,2023-06,47,경기도,동두천시,대도사,3,동두천 2023_06.csv,역사관광,종교성지
동두천,2023,6,2023-06,47,경기도,동두천시,두드림뮤직센터,3,동두천 2023_06.csv,문화관광,공연시설
동두천,2023,6,2023-06,47,경기도,동두천시,퐁당퐁당낚시카페,3,동두천 2023_06.csv,레저스포츠,수상레저스포츠
동두천,2023,6,2023-06,47,경기도,동두천시,롤킹롤러스케이트장,3,동두천 2023_06.csv,레저스포츠,육상레저스포츠
동두천,2023,6,2023-06,47,경기도,동두천시,자원암,3,동두천 2023_06.csv,역사관광,종교성지
동두천,2023,7,2023-07,1,경기도,동두천시,티클라우드CC,3402,동두천 2023_07.csv,레저스포츠,육상레저스포츠
동두천,2023,7,2023-07,2,경기도,동두천시,경기북부어린이박물관,1945,동두천 2023_07.csv,문화관광,전시시설
동두천,2023,7,2023-07,3,경기도,동두천시,소요산,1903,동두천 2023_07.csv,자연관광,자연경관(산)
동두천,2023,7,2023-07,4,경기도,동두천시,동두천자연휴양림,1498,동두천 2023_07.csv,자연관광,자연공원
동두천,2023,7,2023-07,5,경기도,동두천시,놀자숲,836,동두천 2023_07.csv,기타관광,기타관광
동두천,2023,7,2023-07,6,경기도,동두천시,중앙시장,664,동두천 2023_07.csv,쇼핑,시장
동두천,2023,7,2023-07,7,경기도,동두천시,동두천큰시장,476,동두천 2023_07.csv,쇼핑,시장
동두천,2023,7,2023-07,8,경기도,동두천시,양키시장,464,동두천 2023_07.csv,쇼핑,시장
동두천,2023,7,2023-07,9,경기도,동두천시,소요별앤숲테마파크,431,동두천 2023_07.csv,문화관광,테마공원
동두천,2023,7,2023-07,10,경기도,동두천시,탑동유원지,420,동두천 2023_07.csv,문화관광,복합관광시설
동두천,2023,7,2023-07,11,경기도,동두천시,동두천터미널,393,동두천 2023_07.csv,기타관광,교통시설
동두천,2023,7,2023-07,12,경기도,동두천시,동광극장,328,동두천 2023_07.csv,문화관광,공연시설
동두천,2023,7,2023-07,13,경기도,동두천시,소요산국민관광지,206,동두천 2023_07.csv,문화관광,복합관광시설
동두천,2023,7,2023-07,14,경기도,동두천시,샘터농원,196,동두천 2023_07.csv,체험관광,농/산/어촌체험
동두천,2023,7,2023-07,15,경기도,동두천시,니지모리스튜디오,178,동두천 2023_07.csv,기타관광,기타관광
동두천,2023,7,2023-07,16,경기도,동두천시,왕방계곡,173,동두천 2023_07.csv,자연관광,자연경관(산)
동두천,2023,7,2023-07,17,경기도,동두천시,배꼽다리,160,동두천 2023_07.csv,기타관광,기타관광
동두천,2023,7,2023-07,18,경기도,동두천시,자재암,149,동두천 2023_07.csv,역사관광,종교성지
동두천,2023,7,2023-07,19,경기도,동두천시,자유수호평화박물관,126,동두천 2023_07.csv,문화관광,전시시설
동두천,2023,7,2023-07,20,경기도,동두천시,문화극장,115,동두천 2023_07.csv,문화관광,공연시설
동두천,2023,7,2023-07,21,경기도,동두천시,죠스수영장,56,동두천 2023_07.csv,문화관광,테마공원
동두천,2023,7,2023-07,21,경기도,동두천시,동두천시시민회관실외수영장,56,동두천 2023_07.csv,문화관광,테마공원
동두천,2023,7,2023-07,23,경기도,동두천시,소요별앤숲테마파크상상물놀이장,46,동두천 2023_07.csv,문화관광,테마공원
동두천,2023,7,2023-07,23,경기도,동두천시,세아프라자,46,동두천 2023_07.csv,쇼핑,쇼핑몰
동두천,2023,7,2023-07,25,경기도,동두천시,호림공방,29,동두천 2023_07.csv,문화관광,기타문화관광지
동두천,2023,7,2023-07,26,경기도,동두천시,행복드림센터건축중(2023년10월준공예정),26,동두천 2023_07.csv,문화관광,기타문화관광지
동두천,2023,7,2023-07,27,경기도,동두천시,동두천시제일시장,22,동두천 2023_07.csv,쇼핑,시장
동두천,2023,7,2023-07,27,경기도,동두천시,신흥중고야구장,22,동두천 2023_07.csv,문화관광,레저스포츠시설
동두천,2023,7,2023-07,29,경기도,동두천시,소요산어린이공원물놀이장,20,동두천 2023_07.csv,문화관광,테마공원
동두천,2023,7,2023-07,30,경기도,동두천시,소요산역,15,동두천 2023_07.csv,기타관광,교통시설
동두천,2023,7,2023-07,31,경기도,동두천시,동두천역,14,동두천 2023_07.csv,기타관광,교통시설
동두천,2023,7,2023-07,31,경기도,동두천시,반야사,14,동두천 2023_07.csv,역사관광,종교성지
동두천,2023,7,2023-07,33,경기도,동두천시,턱거리마을박물관1호점,13,동두천 2023_07.csv,문화관광,전시시설
동두천,2023,7,2023-07,33,경기도,동두천시,쇠목계곡,13,동두천 2023_07.csv,자연관광,자연경관(산)
동두천,2023,7,2023-07,35,경기도,동두천시,놀자숲눈썰매장,12,동두천 2023_07.csv,레저스포츠,육상레저스포츠
동두천,2023,7,2023-07,35,경기도,동두천시,동두천 세아상가시장,12,동두천 2023_07.csv,쇼핑,시장
동두천,2023,7,2023-07,35,경기도,동두천시,소요생활체육공원,12,동두천 2023_07.csv,문화관광,도시공원
동두천,2023,7,2023-07,35,경기도,동두천시,두드림뮤직센터,12,동두천 2023_07.csv,문화관광,공연시설
동두천,2023,7,2023-07,39,경기도,동두천시,동두천배드민턴전용구장,10,동두천 2023_07.csv,레저스포츠,기타레저스포츠
동두천,2023,7,2023-07,40,경기도,동두천시,롤킹롤러스케이트장,6,동두천 2023_07.csv,레저스포츠,육상레저스포츠
동두천,2023,7,2023-07,41,경기도,동두천시,원터공원,5,동두천 2023_07.csv,문화관광,도시공원
동두천,2023,7,2023-07,42,경기도,동두천시,덕수사,4,동두천 2023_07.csv,역사관광,종교성지
동두천,2023,7,2023-07,42,경기도,동두천시,대원사,4,동두천 2023_07.csv,역사관광,종교성지
동두천,2023,7,2023-07,42,경기도,동두천시,시민회관공연장,4,동두천 2023_07.csv,문화관광,공연시설
동두천,2023,7,2023-07,42,경기도,동두천시,일연사,4,동두천 2023_07.csv,역사관광,종교성지
동두천,2023,7,2023-07,42,경기도,동두천시,영스포렉스,4,동두천 2023_07.csv,레저스포츠,기타레저스포츠
동두천,2023,7,2023-07,47,경기도,동두천시,무심정사,3,동두천 2023_07.csv,역사관광,종교성지
동두천,2023,7,2023-07,47,경기도,동두천시,광덕사,3,동두천 2023_07.csv,역사관광,종교성지
동두천,2023,7,2023-07,47,경기도,동두천시,마니커닭박물관,3,동두천 2023_07.csv,문화관광,전시시설
동두천,2023,7,2023-07,47,경기도,동두천시,대도사,3,동두천 2023_07.csv,역사관광,종교성지
동두천,2023,7,2023-07,47,경기도,동두천시,스트라이크존동두천지행구장,3,동두천 2023_07.csv,레저스포츠,기타레저스포츠
동두천,2023,7,2023-07,47,경기도,동두천시,못골생태공원,3,동두천 2023_07.csv,문화관광,도시공원
동두천,2023,7,2023-07,47,경기도,동두천시,소요산어린이공원,3,동두천 2023_07.csv,문화관광,도시공원
동두천,2023,7,2023-07,47,경기도,동두천시,CGV동두천,3,동두천 2023_07.csv,문화관광,공연시설
동두천,2023,8,2023-08,1,경기도,동두천시,티클라우드CC,3204,동두천 2023_08.csv,레저스포츠,육상레저스포츠
동두천,2023,8,2023-08,2,경기도,동두천시,경기북부어린이박물관,2485,동두천 2023_08.csv,문화관광,전시시설
동두천,2023,8,2023-08,3,경기도,동두천시,소요산,2243,동두천 2023_08.csv,자연관광,자연경관(산)
동두천,2023,8,2023-08,4,경기도,동두천시,동두천자연휴양림,1516,동두천 2023_08.csv,자연관광,자연공원
동두천,2023,8,2023-08,5,경기도,동두천시,놀자숲,1234,동두천 2023_08.csv,기타관광,기타관광
동두천,2023,8,2023-08,6,경기도,동두천시,CGV동두천,1055,동두천 2023_08.csv,문화관광,공연시설
동두천,2023,8,2023-08,7,경기도,동두천시,중앙시장,711,동두천 2023_08.csv,쇼핑,시장
동두천,2023,8,2023-08,8,경기도,동두천시,니지모리스튜디오,654,동두천 2023_08.csv,기타관광,기타관광
동두천,2023,8,2023-08,9,경기도,동두천시,탑동유원지,564,동두천 2023_08.csv,문화관광,복합관광시설
동두천,2023,8,2023-08,10,경기도,동두천시,동두천큰시장,502,동두천 2023_08.csv,쇼핑,시장
동두천,2023,8,2023-08,11,경기도,동두천시,양키시장,470,동두천 2023_08.csv,쇼핑,시장
동두천,2023,8,2023-08,12,경기도,동두천시,소요별앤숲테마파크,447,동두천 2023_08.csv,문화관광,테마공원
동두천,2023,8,2023-08,13,경기도,동두천시,왕방계곡,423,동두천 2023_08.csv,자연관광,자연경관(산)
동두천,2023,8,2023-08,14,경기도,동두천시,동두천터미널,366,동두천 2023_08.csv,기타관광,교통시설
동두천,2023,8,2023-08,15,경기도,동두천시,동광극장,312,동두천 2023_08.csv,문화관광,공연시설
동두천,2023,8,2023-08,16,경기도,동두천시,샘터농원,306,동두천 2023_08.csv,체험관광,농/산/어촌체험
동두천,2023,8,2023-08,17,경기도,동두천시,소요산국민관광지,265,동두천 2023_08.csv,문화관광,복합관광시설
동두천,2023,8,2023-08,18,경기도,동두천시,배꼽다리,219,동두천 2023_08.csv,기타관광,기타관광
동두천,2023,8,2023-08,19,경기도,동두천시,자유수호평화박물관,199,동두천 2023_08.csv,문화관광,전시시설
동두천,2023,8,2023-08,20,경기도,동두천시,자재암,150,동두천 2023_08.csv,역사관광,종교성지
동두천,2023,8,2023-08,21,경기도,동두천시,문화극장,85,동두천 2023_08.csv,문화관광,공연시설
동두천,2023,8,2023-08,22,경기도,동두천시,소요산역,78,동두천 2023_08.csv,기타관광,교통시설
동두천,2023,8,2023-08,23,경기도,동두천시,죠스수영장,77,동두천 2023_08.csv,문화관광,테마공원
동두천,2023,8,2023-08,24,경기도,동두천시,동두천락페스티벌,72,동두천 2023_08.csv,문화관광,기타문화관광지
동두천,2023,8,2023-08,25,경기도,동두천시,동두천시시민회관실외수영장,63,동두천 2023_08.csv,문화관광,테마공원
동두천,2023,8,2023-08,26,경기도,동두천시,소요별앤숲테마파크상상물놀이장,48,동두천 2023_08.csv,문화관광,테마공원
동두천,2023,8,2023-08,27,경기도,동두천시,세아프라자,43,동두천 2023_08.csv,쇼핑,쇼핑몰
동두천,2023,8,2023-08,28,경기도,동두천시,호림공방,42,동두천 2023_08.csv,문화관광,기타문화관광지
동두천,2023,8,2023-08,29,경기도,동두천시,쇠목계곡,37,동두천 2023_08.csv,자연관광,자연경관(산)
동두천,2023,8,2023-08,30,경기도,동두천시,신흥중고야구장,31,동두천 2023_08.csv,문화관광,레저스포츠시설
동두천,2023,8,2023-08,30,경기도,동두천시,소요생활체육공원,31,동두천 2023_08.csv,문화관광,도시공원
동두천,2023,8,2023-08,32,경기도,동두천시,동두천역,22,동두천 2023_08.csv,기타관광,교통시설
동두천,2023,8,2023-08,33,경기도,동두천시,소요산문화생태공원,21,동두천 2023_08.csv,문화관광,도시공원
동두천,2023,8,2023-08,34,경기도,동두천시,반야사,20,동두천 2023_08.csv,역사관광,종교성지
동두천,2023,8,2023-08,35,경기도,동두천시,동두천 세아상가시장,18,동두천 2023_08.csv,쇼핑,시장
동두천,2023,8,2023-08,36,경기도,동두천시,소요산야외음악당,16,동두천 2023_08.csv,문화관광,공연시설
동두천,2023,8,2023-08,36,경기도,동두천시,동두천배드민턴전용구장,16,동두천 2023_08.csv,레저스포츠,기타레저스포츠
동두천,2023,8,2023-08,38,경기도,동두천시,소요산어린이공원물놀이장,15,동두천 2023_08.csv,문화관광,테마공원
동두천,2023,8,2023-08,38,경기도,동두천시,원흥사,15,동두천 2023_08.csv,역사관광,종교성지
동두천,2023,8,2023-08,40,경기도,동두천시,행복드림센터건축중(2023년10월준공예정),14,동두천 2023_08.csv,문화관광,기타문화관광지
동두천,2023,8,2023-08,41,경기도,동두천시,보문사,10,동두천 2023_08.csv,역사관광,종교성지
동두천,2023,8,2023-08,42,경기도,동두천시,두레문화마을,9,동두천 2023_08.csv,레저스포츠,육상레저스포츠
동두천,2023,8,2023-08,42,경기도,동두천시,시민회관공연장,9,동두천 2023_08.csv,문화관광,공연시설
동두천,2023,8,2023-08,42,경기도,동두천시,소요산어린이공원,9,동두천 2023_08.csv,문화관광,도시공원
동두천,2023,8,2023-08,45,경기도,동두천시,장림계곡,7,동두천 2023_08.csv,자연관광,자연경관(산)
동두천,2023,8,2023-08,46,경기도,동두천시,두드림뮤직센터,6,동두천 2023_08.csv,문화관광,공연시설
동두천,2023,8,2023-08,46,경기도,동두천시,못골생태공원,6,동두천 2023_08.csv,문화관광,도시공원
동두천,2023,8,2023-08,46,경기도,동두천시,관음사,6,동두천 2023_08.csv,역사관광,종교성지
동두천,2023,8,2023-08,46,경기도,동두천시,청량사,6,동두천 2023_08.csv,역사관광,종교성지
동두천,2023,8,2023-08,46,경기도,동두천시,주짓수지행점,6,동두천 2023_08.csv,레저스포츠,기타레저스포츠
동두천,2023,8,2023-08,51,경기도,동두천시,동두천시제일시장,4,동두천 2023_08.csv,쇼핑,시장
동두천,2023,8,2023-08,51,경기도,동두천시,스트라이크존동두천지행구장,4,동두천 2023_08.csv,레저스포츠,기타레저스포츠
동두천,2023,8,2023-08,51,경기도,동두천시,자원암,4,동두천 2023_08.csv,역사관광,종교성지
동두천,2023,8,2023-08,51,경기도,동두천시,숭모재강릉김씨사당,4,동두천 2023_08.csv,역사관광,역사유적지
동두천,2023,8,2023-08,55,경기도,동두천시,DoDream클라이밍센터,3,동두천 2023_08.csv,레저스포츠,기타레저스포츠
동두천,2023,8,2023-08,55,경기도,동두천시,동두천스타복싱클럽,3,동두천 2023_08.csv,레저스포츠,기타레저스포츠
동두천,2023,8,2023-08,55,경기도,동두천시,칠봉산,3,동두천 2023_08.csv,자연관광,자연경관(산)
동두천,2023,8,2023-08,55,경기도,동두천시,서광사,3,동두천 2023_08.csv,역사관광,종교성지
동두천,2023,8,2023-08,55,경기도,동두천시,중화사,3,동두천 2023_08.csv,역사관광,종교성지
동두천,2023,8,2023-08,55,경기도,동두천시,약수암,3,동두천 2023_08.csv,역사관광,종교성지
동두천,2023,8,2023-08,55,경기도,동두천시,칠봉사,3,동두천 2023_08.csv,역사관광,종교성지
동두천,2023,8,2023-08,55,경기도,동두천시,광덕사,3,동두천 2023_08.csv,역사관광,종교성지
동두천,2023,8,2023-08,55,경기도,동두천시,한컷공감미술관,3,동두천 2023_08.csv,문화관광,전시시설
동두천,2023,8,2023-08,55,경기도,동두천시,놀자숲눈썰매장,3,동두천 2023_08.csv,레저스포츠,육상레저스포츠
동두천,2023,8,2023-08,55,경기도,동두천시,턱거리마을박물관1호점,3,동두천 2023_08.csv,문화관광,전시시설
동두천,2023,9,2023-09,1,경기도,동두천시,티클라우드CC,3940,동두천 2023_09.csv,레저스포츠,육상레저스포츠
동두천,2023,9,2023-09,2,경기도,동두천시,니지모리스튜디오,2342,동두천 2023_09.csv,기타관광,기타관광
동두천,2023,9,2023-09,3,경기도,동두천시,소요산,2030,동두천 2023_09.csv,자연관광,자연경관(산)
동두천,2023,9,2023-09,4,경기도,동두천시,경기북부어린이박물관,1603,동두천 2023_09.csv,문화관광,전시시설
동두천,2023,9,2023-09,5,경기도,동두천시,동두천자연휴양림,1327,동두천 2023_09.csv,자연관광,자연공원
동두천,2023,9,2023-09,6,경기도,동두천시,놀자숲,1164,동두천 2023_09.csv,기타관광,기타관광
동두천,2023,9,2023-09,7,경기도,동두천시,중앙시장,831,동두천 2023_09.csv,쇼핑,시장
동두천,2023,9,2023-09,8,경기도,동두천시,CGV동두천,728,동두천 2023_09.csv,문화관광,공연시설
동두천,2023,9,2023-09,9,경기도,동두천시,동두천큰시장,520,동두천 2023_09.csv,쇼핑,시장
동두천,2023,9,2023-09,10,경기도,동두천시,왕방계곡,479,동두천 2023_09.csv,자연관광,자연경관(산)
동두천,2023,9,2023-09,11,경기도,동두천시,양키시장,457,동두천 2023_09.csv,쇼핑,시장
동두천,2023,9,2023-09,12,경기도,동두천시,동두천터미널,367,동두천 2023_09.csv,기타관광,교통시설
동두천,2023,9,2023-09,13,경기도,동두천시,소요별앤숲테마파크,349,동두천 2023_09.csv,문화관광,테마공원
동두천,2023,9,2023-09,14,경기도,동두천시,동광극장,280,동두천 2023_09.csv,문화관광,공연시설
동두천,2023,9,2023-09,15,경기도,동두천시,소요산국민관광지,260,동두천 2023_09.csv,문화관광,복합관광시설
동두천,2023,9,2023-09,16,경기도,동두천시,자재암,227,동두천 2023_09.csv,역사관광,종교성지
동두천,2023,9,2023-09,17,경기도,동두천시,소요산역,171,동두천 2023_09.csv,기타관광,교통시설
동두천,2023,9,2023-09,18,경기도,동두천시,자유수호평화박물관,142,동두천 2023_09.csv,문화관광,전시시설
동두천,2023,9,2023-09,19,경기도,동두천시,세아프라자,89,동두천 2023_09.csv,쇼핑,쇼핑몰
동두천,2023,9,2023-09,20,경기도,동두천시,탑동유원지,81,동두천 2023_09.csv,문화관광,복합관광시설
동두천,2023,9,2023-09,21,경기도,동두천시,문화극장,58,동두천 2023_09.csv,문화관광,공연시설
동두천,2023,9,2023-09,22,경기도,동두천시,쇠목계곡,49,동두천 2023_09.csv,자연관광,자연경관(산)
동두천,2023,9,2023-09,23,경기도,동두천시,신흥중고야구장,46,동두천 2023_09.csv,문화관광,레저스포츠시설
동두천,2023,9,2023-09,24,경기도,동두천시,동두천시제일시장,34,동두천 2023_09.csv,쇼핑,시장
동두천,2023,9,2023-09,24,경기도,동두천시,배꼽다리,34,동두천 2023_09.csv,기타관광,기타관광
동두천,2023,9,2023-09,26,경기도,동두천시,원흥사,31,동두천 2023_09.csv,역사관광,종교성지
동두천,2023,9,2023-09,27,경기도,동두천시,소요생활체육공원,28,동두천 2023_09.csv,문화관광,도시공원
동두천,2023,9,2023-09,28,경기도,동두천시,시민회관공연장,25,동두천 2023_09.csv,문화관광,공연시설
동두천,2023,9,2023-09,28,경기도,동두천시,샘터농원,25,동두천 2023_09.csv,체험관광,농/산/어촌체험
동두천,2023,9,2023-09,30,경기도,동두천시,반야사,21,동두천 2023_09.csv,역사관광,종교성지
동두천,2023,9,2023-09,31,경기도,동두천시,호림공방,19,동두천 2023_09.csv,문화관광,기타문화관광지
동두천,2023,9,2023-09,32,경기도,동두천시,동두천 세아상가시장,18,동두천 2023_09.csv,쇼핑,시장
동두천,2023,9,2023-09,32,경기도,동두천시,행복드림센터건축중(2023년10월준공예정),18,동두천 2023_09.csv,문화관광,기타문화관광지
동두천,2023,9,2023-09,34,경기도,동두천시,구 동두천시외버스터미널,17,동두천 2023_09.csv,기타관광,교통시설
동두천,2023,9,2023-09,35,경기도,동두천시,소요산어린이공원,15,동두천 2023_09.csv,문화관광,도시공원
동두천,2023,9,2023-09,36,경기도,동두천시,턱거리마을박물관1호점,14,동두천 2023_09.csv,문화관광,전시시설
동두천,2023,9,2023-09,37,경기도,동두천시,소요산산림욕장,11,동두천 2023_09.csv,자연관광,자연공원
동두천,2023,9,2023-09,38,경기도,동두천시,주짓수지행점,10,동두천 2023_09.csv,레저스포츠,기타레저스포츠
동두천,2023,9,2023-09,39,경기도,동두천시,동두천역,9,동두천 2023_09.csv,기타관광,교통시설
동두천,2023,9,2023-09,39,경기도,동두천시,놀자숲눈썰매장,9,동두천 2023_09.csv,레저스포츠,육상레저스포츠
동두천,2023,9,2023-09,39,경기도,동두천시,대도사,9,동두천 2023_09.csv,역사관광,종교성지
동두천,2023,9,2023-09,39,경기도,동두천시,못골생태공원,9,동두천 2023_09.csv,문화관광,도시공원
동두천,2023,9,2023-09,39,경기도,동두천시,두드림뮤직센터,9,동두천 2023_09.csv,문화관광,공연시설
동두천,2023,9,2023-09,39,경기도,동두천시,롤킹롤러스케이트장,9,동두천 2023_09.csv,레저스포츠,육상레저스포츠
동두천,2023,9,2023-09,45,경기도,동두천시,서광사,8,동두천 2023_09.csv,역사관광,종교성지
동두천,2023,9,2023-09,45,경기도,동두천시,보문사,8,동두천 2023_09.csv,역사관광,종교성지
동두천,2023,9,2023-09,45,경기도,동두천시,무심정사,8,동두천 2023_09.csv,역사관광,종교성지
동두천,2023,9,2023-09,48,경기도,동두천시,장림계곡,7,동두천 2023_09.csv,자연관광,자연경관(산)
동두천,2023,9,2023-09,49,경기도,동두천시,약수암,6,동두천 2023_09.csv,역사관광,종교성지
동두천,2023,9,2023-09,49,경기도,동두천시,숭모재강릉김씨사당,6,동두천 2023_09.csv,역사관광,역사유적지
동두천,2023,9,2023-09,51,경기도,동두천시,쌍룡사,4,동두천 2023_09.csv,역사관광,종교성지
동두천,2023,9,2023-09,51,경기도,동두천시,관음사,4,동두천 2023_09.csv,역사관광,종교성지
동두천,2023,9,2023-09,53,경기도,동두천시,박찬호야구공원,3,동두천 2023_09.csv,문화관광,도시공원
동두천,2023,9,2023-09,53,경기도,동두천시,소요산야외음악당,3,동두천 2023_09.csv,문화관광,공연시설
동두천,2023,9,2023-09,53,경기도,동두천시,청량사,3,동두천 2023_09.csv,역사관광,종교성지
동두천,2023,9,2023-09,53,경기도,동두천시,두레문화마을,3,동두천 2023_09.csv,레저스포츠,육상레저스포츠
동두천,2023,9,2023-09,53,경기도,동두천시,덕수사,3,동두천 2023_09.csv,역사관광,종교성지
동두천,2023,9,2023-09,53,경기도,동두천시,원터공원,3,동두천 2023_09.csv,문화관광,도시공원
동두천,2023,9,2023-09,53,경기도,동두천시,중화사,3,동두천 2023_09.csv,역사관광,종교성지
동두천,2023,9,2023-09,53,경기도,동두천시,스트라이크존동두천지행구장,3,동두천 2023_09.csv,레저스포츠,기타레저스포츠
동두천,2023,9,2023-09,53,경기도,동두천시,해룡산,3,동두천 2023_09.csv,자연관광,자연경관(산)
동두천,2023,10,2023-10,1,경기도,동두천시,소요산,4403,동두천 2023_10.csv,자연관광,자연경관(산)
동두천,2023,10,2023-10,2,경기도,동두천시,티클라우드CC,3895,동두천 2023_10.csv,레저스포츠,육상레저스포츠
동두천,2023,10,2023-10,3,경기도,동두천시,니지모리스튜디오,3360,동두천 2023_10.csv,기타관광,기타관광
동두천,2023,10,2023-10,4,경기도,동두천시,놀자숲,1831,동두천 2023_10.csv,기타관광,기타관광
동두천,2023,10,2023-10,5,경기도,동두천시,경기북부어린이박물관,1542,동두천 2023_10.csv,문화관광,전시시설
동두천,2023,10,2023-10,6,경기도,동두천시,동두천자연휴양림,1480,동두천 2023_10.csv,자연관광,자연공원
동두천,2023,10,2023-10,7,경기도,동두천시,중앙시장,862,동두천 2023_10.csv,쇼핑,시장
동두천,2023,10,2023-10,8,경기도,동두천시,소요산국민관광지,741,동두천 2023_10.csv,문화관광,복합관광시설
동두천,2023,10,2023-10,9,경기도,동두천시,CGV동두천,578,동두천 2023_10.csv,문화관광,공연시설
동두천,2023,10,2023-10,10,경기도,동두천시,동두천큰시장,532,동두천 2023_10.csv,쇼핑,시장
동두천,2023,10,2023-10,11,경기도,동두천시,양키시장,477,동두천 2023_10.csv,쇼핑,시장
동두천,2023,10,2023-10,12,경기도,동두천시,소요별앤숲테마파크,404,동두천 2023_10.csv,문화관광,테마공원
동두천,2023,10,2023-10,13,경기도,동두천시,동두천터미널,324,동두천 2023_10.csv,기타관광,교통시설
동두천,2023,10,2023-10,14,경기도,동두천시,자재암,291,동두천 2023_10.csv,역사관광,종교성지
동두천,2023,10,2023-10,15,경기도,동두천시,동광극장,271,동두천 2023_10.csv,문화관광,공연시설
동두천,2023,10,2023-10,16,경기도,동두천시,왕방계곡,240,동두천 2023_10.csv,자연관광,자연경관(산)
동두천,2023,10,2023-10,17,경기도,동두천시,소요산역,180,동두천 2023_10.csv,기타관광,교통시설
동두천,2023,10,2023-10,18,경기도,동두천시,자유수호평화박물관,143,동두천 2023_10.csv,문화관광,전시시설
동두천,2023,10,2023-10,19,경기도,동두천시,신흥중고야구장,92,동두천 2023_10.csv,문화관광,레저스포츠시설
동두천,2023,10,2023-10,20,경기도,동두천시,소요산관광지원센터,80,동두천 2023_10.csv,기타관광,기타관광
동두천,2023,10,2023-10,21,경기도,동두천시,문화극장,63,동두천 2023_10.csv,문화관광,공연시설
동두천,2023,10,2023-10,22,경기도,동두천시,소요생활체육공원,50,동두천 2023_10.csv,문화관광,도시공원
동두천,2023,10,2023-10,23,경기도,동두천시,소요산야외음악당,45,동두천 2023_10.csv,문화관광,공연시설
동두천,2023,10,2023-10,24,경기도,동두천시,탑동유원지,44,동두천 2023_10.csv,문화관광,복합관광시설
동두천,2023,10,2023-10,25,경기도,동두천시,쇠목계곡,37,동두천 2023_10.csv,자연관광,자연경관(산)
동두천,2023,10,2023-10,26,경기도,동두천시,세아프라자,32,동두천 2023_10.csv,쇼핑,쇼핑몰
동두천,2023,10,2023-10,27,경기도,동두천시,놀자숲눈썰매장,31,동두천 2023_10.csv,레저스포츠,육상레저스포츠
동두천,2023,10,2023-10,28,경기도,동두천시,소요산어린이공원,28,동두천 2023_10.csv,문화관광,도시공원
동두천,2023,10,2023-10,29,경기도,동두천시,배꼽다리,26,동두천 2023_10.csv,기타관광,기타관광
동두천,2023,10,2023-10,30,경기도,동두천시,한컷공감미술관,24,동두천 2023_10.csv,문화관광,전시시설
동두천,2023,10,2023-10,31,경기도,동두천시,소요산단풍문화제,23,동두천 2023_10.csv,문화관광,기타문화관광지
동두천,2023,10,2023-10,32,경기도,동두천시,동두천시제일시장,22,동두천 2023_10.csv,쇼핑,시장
동두천,2023,10,2023-10,32,경기도,동두천시,반야사,22,동두천 2023_10.csv,역사관광,종교성지
동두천,2023,10,2023-10,34,경기도,동두천시,동두천역,17,동두천 2023_10.csv,기타관광,교통시설
동두천,2023,10,2023-10,35,경기도,동두천시,동두천 세아상가시장,13,동두천 2023_10.csv,쇼핑,시장
동두천,2023,10,2023-10,36,경기도,동두천시,무심정사,12,동두천 2023_10.csv,역사관광,종교성지
동두천,2023,10,2023-10,37,경기도,동두천시,행복드림센터건축중(2023년11월 예정),11,동두천 2023_10.csv,문화관광,기타문화관광지
동두천,2023,10,2023-10,37,경기도,동두천시,보문사,11,동두천 2023_10.csv,역사관광,종교성지
동두천,2023,10,2023-10,37,경기도,동두천시,동두천시민공원,11,동두천 2023_10.csv,문화관광,도시공원
동두천,2023,10,2023-10,40,경기도,동두천시,롤킹롤러스케이트장,10,동두천 2023_10.csv,레저스포츠,육상레저스포츠
동두천,2023,10,2023-10,40,경기도,동두천시,구 동두천시외버스터미널,10,동두천 2023_10.csv,기타관광,교통시설
동두천,2023,10,2023-10,42,경기도,동두천시,호림공방,6,동두천 2023_10.csv,문화관광,기타문화관광지
동두천,2023,10,2023-10,43,경기도,동두천시,원흥사,5,동두천 2023_10.csv,역사관광,종교성지
동두천,2023,10,2023-10,44,경기도,동두천시,약수암,4,동두천 2023_10.csv,역사관광,종교성지
동두천,2023,10,2023-10,45,경기도,동두천시,턱거리마을박물관1호점,3,동두천 2023_10.csv,문화관광,전시시설
동두천,2023,10,2023-10,45,경기도,동두천시,어등산레포츠공원,3,동두천 2023_10.csv,문화관광,도시공원
동두천,2023,10,2023-10,45,경기도,동두천시,아울도자기체험장,3,동두천 2023_10.csv,문화관광,기타문화관광지
동두천,2023,10,2023-10,45,경기도,동두천시,샘터농원,3,동두천 2023_10.csv,체험관광,농/산/어촌체험
동두천,2023,10,2023-10,45,경기도,동두천시,스트라이크존동두천지행구장,3,동두천 2023_10.csv,레저스포츠,기타레저스포츠
동두천,2023,10,2023-10,45,경기도,동두천시,해룡산,3,동두천 2023_10.csv,자연관광,자연경관(산)
동두천,2023,10,2023-10,45,경기도,동두천시,퐁당퐁당낚시카페,3,동두천 2023_10.csv,레저스포츠,수상레저스포츠
동두천,2023,10,2023-10,45,경기도,동두천시,간도문화체험마을,3,동두천 2023_10.csv,문화관광,기타문화관광지
동두천,2023,10,2023-10,45,경기도,동두천시,평화의 소녀상,3,동두천 2023_10.csv,역사관광,역사유물
동두천,2023,11,2023-11,1,경기도,동두천시,니지모리스튜디오,3041,동두천 2023_11.csv,기타관광,기타관광
동두천,2023,11,2023-11,2,경기도,동두천시,티클라우드CC,2996,동두천 2023_11.csv,레저스포츠,육상레저스포츠
동두천,2023,11,2023-11,3,경기도,동두천시,소요산,2286,동두천 2023_11.csv,자연관광,자연경관(산)
동두천,2023,11,2023-11,4,경기도,동두천시,경기북부어린이박물관,1486,동두천 2023_11.csv,문화관광,전시시설
동두천,2023,11,2023-11,5,경기도,동두천시,동두천자연휴양림,1182,동두천 2023_11.csv,자연관광,자연공원
동두천,2023,11,2023-11,6,경기도,동두천시,놀자숲,772,동두천 2023_11.csv,기타관광,기타관광
동두천,2023,11,2023-11,7,경기도,동두천시,중앙시장,751,동두천 2023_11.csv,쇼핑,시장
동두천,2023,11,2023-11,8,경기도,동두천시,CGV동두천,697,동두천 2023_11.csv,문화관광,공연시설
동두천,2023,11,2023-11,9,경기도,동두천시,동두천큰시장,454,동두천 2023_11.csv,쇼핑,시장
동두천,2023,11,2023-11,10,경기도,동두천시,양키시장,374,동두천 2023_11.csv,쇼핑,시장
동두천,2023,11,2023-11,11,경기도,동두천시,소요산국민관광지,371,동두천 2023_11.csv,문화관광,복합관광시설
동두천,2023,11,2023-11,12,경기도,동두천시,동두천터미널,349,동두천 2023_11.csv,기타관광,교통시설
동두천,2023,11,2023-11,13,경기도,동두천시,동광극장,284,동두천 2023_11.csv,문화관광,공연시설
동두천,2023,11,2023-11,14,경기도,동두천시,소요별앤숲테마파크,255,동두천 2023_11.csv,문화관광,테마공원
동두천,2023,11,2023-11,15,경기도,동두천시,자재암,181,동두천 2023_11.csv,역사관광,종교성지
동두천,2023,11,2023-11,16,경기도,동두천시,소요산역,158,동두천 2023_11.csv,기타관광,교통시설
동두천,2023,11,2023-11,17,경기도,동두천시,자유수호평화박물관,140,동두천 2023_11.csv,문화관광,전시시설
동두천,2023,11,2023-11,18,경기도,동두천시,왕방계곡,93,동두천 2023_11.csv,자연관광,자연경관(산)
동두천,2023,11,2023-11,19,경기도,동두천시,소요산관광지원센터,81,동두천 2023_11.csv,기타관광,기타관광
동두천,2023,11,2023-11,20,경기도,동두천시,문화극장,80,동두천 2023_11.csv,문화관광,공연시설
동두천,2023,11,2023-11,21,경기도,동두천시,쇠목계곡,41,동두천 2023_11.csv,자연관광,자연경관(산)
동두천,2023,11,2023-11,22,경기도,동두천시,한컷공감미술관,38,동두천 2023_11.csv,문화관광,전시시설
동두천,2023,11,2023-11,23,경기도,동두천시,세아프라자,32,동두천 2023_11.csv,쇼핑,쇼핑몰
동두천,2023,11,2023-11,24,경기도,동두천시,동두천역,28,동두천 2023_11.csv,기타관광,교통시설
동두천,2023,11,2023-11,25,경기도,동두천시,신흥중고야구장,26,동두천 2023_11.csv,문화관광,레저스포츠시설
동두천,2023,11,2023-11,26,경기도,동두천시,소요산야외음악당,24,동두천 2023_11.csv,문화관광,공연시설
동두천,2023,11,2023-11,27,경기도,동두천시,동두천행복드림센터건축중(2023년12월 예정),22,동두천 2023_11.csv,문화관광,기타문화관광지
동두천,2023,11,2023-11,28,경기도,동두천시,동두천배드민턴전용구장,20,동두천 2023_11.csv,레저스포츠,기타레저스포츠
동두천,2023,11,2023-11,29,경기도,동두천시,놀자숲눈썰매장,18,동두천 2023_11.csv,레저스포츠,육상레저스포츠
동두천,2023,11,2023-11,30,경기도,동두천시,반야사,16,동두천 2023_11.csv,역사관광,종교성지
동두천,2023,11,2023-11,31,경기도,동두천시,구 동두천시외버스터미널,14,동두천 2023_11.csv,기타관광,교통시설
동두천,2023,11,2023-11,31,경기도,동두천시,소요산단풍문화제,14,동두천 2023_11.csv,문화관광,기타문화관광지
동두천,2023,11,2023-11,31,경기도,동두천시,두드림뮤직센터,14,동두천 2023_11.csv,문화관광,공연시설
동두천,2023,11,2023-11,34,경기도,동두천시,배꼽다리,10,동두천 2023_11.csv,기타관광,기타관광
동두천,2023,11,2023-11,35,경기도,동두천시,소요생활체육공원,9,동두천 2023_11.csv,문화관광,도시공원
동두천,2023,11,2023-11,35,경기도,동두천시,롤킹롤러스케이트장,9,동두천 2023_11.csv,레저스포츠,육상레저스포츠
동두천,2023,11,2023-11,37,경기도,동두천시,이담풋살장,8,동두천 2023_11.csv,문화관광,레저스포츠시설
동두천,2023,11,2023-11,37,경기도,동두천시,탑동유원지,8,동두천 2023_11.csv,문화관광,복합관광시설
동두천,2023,11,2023-11,39,경기도,동두천시,영도암,7,동두천 2023_11.csv,역사관광,종교성지
동두천,2023,11,2023-11,39,경기도,동두천시,동두천시제일시장,7,동두천 2023_11.csv,쇼핑,시장
동두천,2023,11,2023-11,41,경기도,동두천시,시민회관공연장,6,동두천 2023_11.csv,문화관광,공연시설
동두천,2023,11,2023-11,42,경기도,동두천시,동두천시민공원,5,동두천 2023_11.csv,문화관광,도시공원
동두천,2023,11,2023-11,43,경기도,동두천시,청량사,4,동두천 2023_11.csv,역사관광,종교성지
동두천,2023,11,2023-11,43,경기도,동두천시,호림공방,4,동두천 2023_11.csv,문화관광,기타문화관광지
동두천,2023,11,2023-11,45,경기도,동두천시,턱거리마을박물관1호점,3,동두천 2023_11.csv,문화관광,전시시설
동두천,2023,11,2023-11,45,경기도,동두천시,무심정사,3,동두천 2023_11.csv,역사관광,종교성지
동두천,2023,11,2023-11,45,경기도,동두천시,대원사,3,동두천 2023_11.csv,역사관광,종교성지
동두천,2023,11,2023-11,45,경기도,동두천시,마니커닭박물관,3,동두천 2023_11.csv,문화관광,전시시설
동두천,2023,11,2023-11,45,경기도,동두천시,동두천 세아상가시장,3,동두천 2023_11.csv,쇼핑,시장
동두천,2023,11,2023-11,45,경기도,동두천시,서광사,3,동두천 2023_11.csv,역사관광,종교성지
동두천,2023,11,2023-11,45,경기도,동두천시,샘터농원,3,동두천 2023_11.csv,체험관광,농/산/어촌체험
동두천,2023,11,2023-11,45,경기도,동두천시,해룡산,3,동두천 2023_11.csv,자연관광,자연경관(산)
동두천,2023,11,2023-11,45,경기도,동두천시,소요산산림욕장,3,동두천 2023_11.csv,자연관광,자연공원
동두천,2023,11,2023-11,45,경기도,동두천시,소요산어린이공원,3,동두천 2023_11.csv,문화관광,도시공원
동두천,2023,11,2023-11,45,경기도,동두천시,삼충단,3,동두천 2023_11.csv,역사관광,역사유적지
동두천,2023,12,2023-12,1,경기도,동두천시,니지모리스튜디오,4255,동두천 2023_12.csv,기타관광,기타관광
동두천,2023,12,2023-12,2,경기도,동두천시,CGV동두천,1466,동두천 2023_12.csv,문화관광,공연시설
동두천,2023,12,2023-12,3,경기도,동두천시,경기북부어린이박물관,1402,동두천 2023_12.csv,문화관광,전시시설
동두천,2023,12,2023-12,4,경기도,동두천시,소요산,1199,동두천 2023_12.csv,자연관광,자연경관(산)
동두천,2023,12,2023-12,5,경기도,동두천시,동두천자연휴양림,1059,동두천 2023_12.csv,자연관광,자연공원
동두천,2023,12,2023-12,6,경기도,동두천시,티클라우드CC,871,동두천 2023_12.csv,레저스포츠,육상레저스포츠
동두천,2023,12,2023-12,7,경기도,동두천시,놀자숲,700,동두천 2023_12.csv,기타관광,기타관광
동두천,2023,12,2023-12,8,경기도,동두천시,중앙시장,633,동두천 2023_12.csv,쇼핑,시장
동두천,2023,12,2023-12,9,경기도,동두천시,동두천큰시장,399,동두천 2023_12.csv,쇼핑,시장
동두천,2023,12,2023-12,10,경기도,동두천시,양키시장,384,동두천 2023_12.csv,쇼핑,시장
동두천,2023,12,2023-12,11,경기도,동두천시,동광극장,345,동두천 2023_12.csv,문화관광,공연시설
동두천,2023,12,2023-12,12,경기도,동두천시,문화극장,328,동두천 2023_12.csv,문화관광,공연시설
동두천,2023,12,2023-12,13,경기도,동두천시,동두천터미널,254,동두천 2023_12.csv,기타관광,교통시설
동두천,2023,12,2023-12,14,경기도,동두천시,소요별앤숲테마파크,180,동두천 2023_12.csv,문화관광,테마공원
동두천,2023,12,2023-12,15,경기도,동두천시,자재암,165,동두천 2023_12.csv,역사관광,종교성지
동두천,2023,12,2023-12,16,경기도,동두천시,자유수호평화박물관,155,동두천 2023_12.csv,문화관광,전시시설
동두천,2023,12,2023-12,17,경기도,동두천시,놀자숲눈썰매장,125,동두천 2023_12.csv,레저스포츠,육상레저스포츠
동두천,2023,12,2023-12,18,경기도,동두천시,소요산역,116,동두천 2023_12.csv,기타관광,교통시설
동두천,2023,12,2023-12,19,경기도,동두천시,소요산국민관광지,107,동두천 2023_12.csv,문화관광,복합관광시설
동두천,2023,12,2023-12,20,경기도,동두천시,소요산관광지원센터,67,동두천 2023_12.csv,기타관광,기타관광
동두천,2023,12,2023-12,21,경기도,동두천시,왕방계곡,46,동두천 2023_12.csv,자연관광,자연경관(산)
동두천,2023,12,2023-12,22,경기도,동두천시,시민회관공연장,33,동두천 2023_12.csv,문화관광,공연시설
동두천,2023,12,2023-12,23,경기도,동두천시,쇠목계곡,30,동두천 2023_12.csv,자연관광,자연경관(산)
동두천,2023,12,2023-12,24,경기도,동두천시,영도암,24,동두천 2023_12.csv,역사관광,종교성지
동두천,2023,12,2023-12,25,경기도,동두천시,이담풋살장,21,동두천 2023_12.csv,문화관광,레저스포츠시설
동두천,2023,12,2023-12,25,경기도,동두천시,동두천역,21,동두천 2023_12.csv,기타관광,교통시설
동두천,2023,12,2023-12,27,경기도,동두천시,동두천행복드림센터건축중(2024년01월 예정),19,동두천 2023_12.csv,문화관광,기타문화관광지
동두천,2023,12,2023-12,28,경기도,동두천시,한컷공감미술관,17,동두천 2023_12.csv,문화관광,전시시설
동두천,2023,12,2023-12,28,경기도,동두천시,동두천시제일시장,17,동두천 2023_12.csv,쇼핑,시장
동두천,2023,12,2023-12,30,경기도,동두천시,세아프라자,15,동두천 2023_12.csv,쇼핑,쇼핑몰
동두천,2023,12,2023-12,31,경기도,동두천시,구 동두천시외버스터미널,14,동두천 2023_12.csv,기타관광,교통시설
동두천,2023,12,2023-12,32,경기도,동두천시,턱거리마을박물관1호점,12,동두천 2023_12.csv,문화관광,전시시설
동두천,2023,12,2023-12,33,경기도,동두천시,소요생활체육공원,11,동두천 2023_12.csv,문화관광,도시공원
동두천,2023,12,2023-12,33,경기도,동두천시,동두천배드민턴전용구장,11,동두천 2023_12.csv,레저스포츠,기타레저스포츠
동두천,2023,12,2023-12,35,경기도,동두천시,원흥사,9,동두천 2023_12.csv,역사관광,종교성지
동두천,2023,12,2023-12,36,경기도,동두천시,약수암,8,동두천 2023_12.csv,역사관광,종교성지
동두천,2023,12,2023-12,37,경기도,동두천시,신흥중고야구장,7,동두천 2023_12.csv,문화관광,레저스포츠시설
동두천,2023,12,2023-12,38,경기도,동두천시,쌍룡사,6,동두천 2023_12.csv,역사관광,종교성지
동두천,2023,12,2023-12,39,경기도,동두천시,담아비누공방,5,동두천 2023_12.csv,체험관광,공예체험
동두천,2023,12,2023-12,39,경기도,동두천시,보문사,5,동두천 2023_12.csv,역사관광,종교성지
동두천,2023,12,2023-12,41,경기도,동두천시,해룡산,4,동두천 2023_12.csv,자연관광,자연경관(산)
동두천,2023,12,2023-12,41,경기도,동두천시,소요산어린이공원,4,동두천 2023_12.csv,문화관광,도시공원
동두천,2023,12,2023-12,41,경기도,동두천시,두드림뮤직센터,4,동두천 2023_12.csv,문화관광,공연시설
동두천,2023,12,2023-12,41,경기도,동두천시,상패수변공원,4,동두천 2023_12.csv,문화관광,도시공원
동두천,2023,12,2023-12,45,경기도,동두천시,선문사,3,동두천 2023_12.csv,역사관광,종교성지
동두천,2023,12,2023-12,45,경기도,동두천시,광덕사,3,동두천 2023_12.csv,역사관광,종교성지
동두천,2023,12,2023-12,45,경기도,동두천시,일연사,3,동두천 2023_12.csv,역사관광,종교성지
동두천,2023,12,2023-12,45,경기도,동두천시,서광사,3,동두천 2023_12.csv,역사관광,종교성지
동두천,2023,12,2023-12,45,경기도,동두천시,약사암,3,동두천 2023_12.csv,역사관광,종교성지
동두천,2023,12,2023-12,45,경기도,동두천시,탑동유원지,3,동두천 2023_12.csv,문화관광,복합관광시설
동두천,2023,12,2023-12,45,경기도,동두천시,스트라이크존동두천지행구장,3,동두천 2023_12.csv,레저스포츠,기타레저스포츠
동두천,2024,1,2024-01,1,경기도,동두천시,니지모리스튜디오,2735,동두천 2024_01.csv,기타관광,기타관광
동두천,2024,1,2024-01,2,경기도,동두천시,경기북부어린이박물관,1473,동두천 2024_01.csv,문화관광,전시시설
동두천,2024,1,2024-01,3,경기도,동두천시,소요산,1200,동두천 2024_01.csv,자연관광,자연경관(산)
동두천,2024,1,2024-01,4,경기도,동두천시,놀자숲,955,동두천 2024_01.csv,기타관광,기타관광
동두천,2024,1,2024-01,5,경기도,동두천시,동두천자연휴양림,915,동두천 2024_01.csv,자연관광,자연공원
동두천,2024,1,2024-01,6,경기도,동두천시,중앙시장,723,동두천 2024_01.csv,쇼핑,시장
동두천,2024,1,2024-01,7,경기도,동두천시,CGV동두천,646,동두천 2024_01.csv,문화관광,공연시설
동두천,2024,1,2024-01,8,경기도,동두천시,동두천큰시장,376,동두천 2024_01.csv,쇼핑,시장
동두천,2024,1,2024-01,9,경기도,동두천시,양키시장,352,동두천 2024_01.csv,쇼핑,시장
동두천,2024,1,2024-01,10,경기도,동두천시,동두천터미널,266,동두천 2024_01.csv,기타관광,교통시설
동두천,2024,1,2024-01,11,경기도,동두천시,놀자숲눈썰매장,251,동두천 2024_01.csv,레저스포츠,육상레저스포츠
동두천,2024,1,2024-01,12,경기도,동두천시,동광극장,198,동두천 2024_01.csv,문화관광,공연시설
동두천,2024,1,2024-01,13,경기도,동두천시,자재암,161,동두천 2024_01.csv,역사관광,종교성지
동두천,2024,1,2024-01,14,경기도,동두천시,소요산국민관광지,123,동두천 2024_01.csv,문화관광,복합관광시설
동두천,2024,1,2024-01,15,경기도,동두천시,자유수호평화박물관,122,동두천 2024_01.csv,문화관광,전시시설
동두천,2024,1,2024-01,16,경기도,동두천시,소요별앤숲테마파크,121,동두천 2024_01.csv,문화관광,테마공원
동두천,2024,1,2024-01,17,경기도,동두천시,티클라우드CC,82,동두천 2024_01.csv,레저스포츠,육상레저스포츠
동두천,2024,1,2024-01,18,경기도,동두천시,소요산역,53,동두천 2024_01.csv,기타관광,교통시설
동두천,2024,1,2024-01,18,경기도,동두천시,동두천행복드림센터건축중(2024년02월 예정),53,동두천 2024_01.csv,문화관광,기타문화관광지
동두천,2024,1,2024-01,20,경기도,동두천시,문화극장,52,동두천 2024_01.csv,문화관광,공연시설
동두천,2024,1,2024-01,21,경기도,동두천시,왕방계곡,45,동두천 2024_01.csv,자연관광,자연경관(산)
동두천,2024,1,2024-01,22,경기도,동두천시,세아프라자,41,동두천 2024_01.csv,쇼핑,쇼핑몰
동두천,2024,1,2024-01,23,경기도,동두천시,소요산관광지원센터,40,동두천 2024_01.csv,기타관광,기타관광
동두천,2024,1,2024-01,24,경기도,동두천시,더포레스트목공방,30,동두천 2024_01.csv,체험관광,공예체험
동두천,2024,1,2024-01,25,경기도,동두천시,상패수변공원,24,동두천 2024_01.csv,문화관광,도시공원
동두천,2024,1,2024-01,26,경기도,동두천시,쇠목계곡,23,동두천 2024_01.csv,자연관광,자연경관(산)
동두천,2024,1,2024-01,27,경기도,동두천시,신흥중고야구장,21,동두천 2024_01.csv,문화관광,레저스포츠시설
동두천,2024,1,2024-01,28,경기도,동두천시,소요생활체육공원,20,동두천 2024_01.csv,문화관광,도시공원
동두천,2024,1,2024-01,29,경기도,동두천시,동두천 세아상가시장,17,동두천 2024_01.csv,쇼핑,시장
동두천,2024,1,2024-01,30,경기도,동두천시,해룡산,15,동두천 2024_01.csv,자연관광,자연경관(산)
동두천,2024,1,2024-01,31,경기도,동두천시,동두천시제일시장,13,동두천 2024_01.csv,쇼핑,시장
동두천,2024,1,2024-01,32,경기도,동두천시,보문사,11,동두천 2024_01.csv,역사관광,종교성지
동두천,2024,1,2024-01,32,경기도,동두천시,두드림뮤직센터,11,동두천 2024_01.csv,문화관광,공연시설
동두천,2024,1,2024-01,34,경기도,동두천시,청량사,8,동두천 2024_01.csv,역사관광,종교성지
동두천,2024,1,2024-01,34,경기도,동두천시,쌍룡사,8,동두천 2024_01.csv,역사관광,종교성지
동두천,2024,1,2024-01,34,경기도,동두천시,탑동유원지,8,동두천 2024_01.csv,문화관광,복합관광시설
동두천,2024,1,2024-01,37,경기도,동두천시,롤킹롤러스케이트장,7,동두천 2024_01.csv,레저스포츠,육상레저스포츠
동두천,2024,1,2024-01,38,경기도,동두천시,시민회관공연장,6,동두천 2024_01.csv,문화관광,공연시설
동두천,2024,1,2024-01,38,경기도,동두천시,구 동두천시외버스터미널,6,동두천 2024_01.csv,기타관광,교통시설
동두천,2024,1,2024-01,38,경기도,동두천시,턱거리마을박물관1호점,6,동두천 2024_01.csv,문화관광,전시시설
동두천,2024,1,2024-01,41,경기도,동두천시,서광사,4,동두천 2024_01.csv,역사관광,종교성지
동두천,2024,1,2024-01,42,경기도,동두천시,숭모재강릉김씨사당,3,동두천 2024_01.csv,역사관광,역사유적지
동두천,2024,1,2024-01,42,경기도,동두천시,퐁당퐁당낚시카페,3,동두천 2024_01.csv,레저스포츠,수상레저스포츠
동두천,2024,1,2024-01,42,경기도,동두천시,동두천배드민턴전용구장,3,동두천 2024_01.csv,레저스포츠,기타레저스포츠
동두천,2024,1,2024-01,42,경기도,동두천시,반야사,3,동두천 2024_01.csv,역사관광,종교성지
동두천,2024,1,2024-01,42,경기도,동두천시,극락암,3,동두천 2024_01.csv,역사관광,종교성지
동두천,2024,1,2024-01,42,경기도,동두천시,배꼽다리,3,동두천 2024_01.csv,기타관광,기타관광
동두천,2024,1,2024-01,42,경기도,동두천시,원흥사,3,동두천 2024_01.csv,역사관광,종교성지
동두천,2024,1,2024-01,42,경기도,동두천시,관음사,3,동두천 2024_01.csv,역사관광,종교성지
동두천,2024,1,2024-01,42,경기도,동두천시,일연사,3,동두천 2024_01.csv,역사관광,종교성지
동두천,2024,1,2024-01,42,경기도,동두천시,동두천쇼핑,3,동두천 2024_01.csv,쇼핑,쇼핑몰
동두천,2024,1,2024-01,42,경기도,동두천시,칠봉사,3,동두천 2024_01.csv,역사관광,종교성지
동두천,2024,1,2024-01,42,경기도,동두천시,광덕사,3,동두천 2024_01.csv,역사관광,종교성지
동두천,2024,1,2024-01,42,경기도,동두천시,덕수사,3,동두천 2024_01.csv,역사관광,종교성지
동두천,2024,1,2024-01,42,경기도,동두천시,왕방산국사당굿당,3,동두천 2024_01.csv,역사관광,종교성지
동두천,2024,1,2024-01,42,경기도,동두천시,어등산레포츠공원,3,동두천 2024_01.csv,문화관광,도시공원
동두천,2024,1,2024-01,42,경기도,동두천시,동두천역,3,동두천 2024_01.csv,기타관광,교통시설
동두천,2024,1,2024-01,42,경기도,동두천시,소요산야외음악당,3,동두천 2024_01.csv,문화관광,공연시설
동두천,2024,2,2024-02,1,경기도,동두천시,니지모리스튜디오,2920,동두천 2024_02.csv,기타관광,기타관광
동두천,2024,2,2024-02,2,경기도,동두천시,경기북부어린이박물관,1618,동두천 2024_02.csv,문화관광,전시시설
동두천,2024,2,2024-02,3,경기도,동두천시,소요산,1362,동두천 2024_02.csv,자연관광,자연경관(산)
동두천,2024,2,2024-02,4,경기도,동두천시,중앙시장,921,동두천 2024_02.csv,쇼핑,시장
동두천,2024,2,2024-02,5,경기도,동두천시,CGV동두천,880,동두천 2024_02.csv,문화관광,공연시설
동두천,2024,2,2024-02,6,경기도,동두천시,놀자숲,875,동두천 2024_02.csv,기타관광,기타관광
동두천,2024,2,2024-02,7,경기도,동두천시,동두천자연휴양림,850,동두천 2024_02.csv,자연관광,자연공원
동두천,2024,2,2024-02,8,경기도,동두천시,동두천큰시장,409,동두천 2024_02.csv,쇼핑,시장
동두천,2024,2,2024-02,9,경기도,동두천시,양키시장,393,동두천 2024_02.csv,쇼핑,시장
동두천,2024,2,2024-02,10,경기도,동두천시,동두천터미널,270,동두천 2024_02.csv,기타관광,교통시설
동두천,2024,2,2024-02,11,경기도,동두천시,동광극장,267,동두천 2024_02.csv,문화관광,공연시설
동두천,2024,2,2024-02,12,경기도,동두천시,티클라우드CC,258,동두천 2024_02.csv,레저스포츠,육상레저스포츠
동두천,2024,2,2024-02,13,경기도,동두천시,소요별앤숲테마파크,173,동두천 2024_02.csv,문화관광,테마공원
동두천,2024,2,2024-02,14,경기도,동두천시,자재암,163,동두천 2024_02.csv,역사관광,종교성지
동두천,2024,2,2024-02,15,경기도,동두천시,자유수호평화박물관,143,동두천 2024_02.csv,문화관광,전시시설
동두천,2024,2,2024-02,16,경기도,동두천시,놀자숲눈썰매장,131,동두천 2024_02.csv,레저스포츠,육상레저스포츠
동두천,2024,2,2024-02,17,경기도,동두천시,소요산국민관광지,118,동두천 2024_02.csv,문화관광,복합관광시설
동두천,2024,2,2024-02,18,경기도,동두천시,동두천행복드림센터건축중(2024년03월 예정),72,동두천 2024_02.csv,문화관광,기타문화관광지
동두천,2024,2,2024-02,19,경기도,동두천시,소요산역,71,동두천 2024_02.csv,기타관광,교통시설
동두천,2024,2,2024-02,20,경기도,동두천시,왕방계곡,68,동두천 2024_02.csv,자연관광,자연경관(산)
동두천,2024,2,2024-02,21,경기도,동두천시,소요산관광지원센터,57,동두천 2024_02.csv,기타관광,기타관광
동두천,2024,2,2024-02,22,경기도,동두천시,문화극장,56,동두천 2024_02.csv,문화관광,공연시설
동두천,2024,2,2024-02,23,경기도,동두천시,오지재고개,39,동두천 2024_02.csv,자연관광,자연경관(산)
동두천,2024,2,2024-02,24,경기도,동두천시,세아프라자,38,동두천 2024_02.csv,쇼핑,쇼핑몰
동두천,2024,2,2024-02,25,경기도,동두천시,동두천배드민턴전용구장,26,동두천 2024_02.csv,레저스포츠,기타레저스포츠
동두천,2024,2,2024-02,26,경기도,동두천시,보문사,22,동두천 2024_02.csv,역사관광,종교성지
동두천,2024,2,2024-02,27,경기도,동두천시,동두천시제일시장,19,동두천 2024_02.csv,쇼핑,시장
동두천,2024,2,2024-02,28,경기도,동두천시,원흥사,18,동두천 2024_02.csv,역사관광,종교성지
동두천,2024,2,2024-02,29,경기도,동두천시,신흥중고야구장,17,동두천 2024_02.csv,문화관광,레저스포츠시설
동두천,2024,2,2024-02,30,경기도,동두천시,동두천 세아상가시장,13,동두천 2024_02.csv,쇼핑,시장
동두천,2024,2,2024-02,30,경기도,동두천시,쇠목계곡,13,동두천 2024_02.csv,자연관광,자연경관(산)
동두천,2024,2,2024-02,30,경기도,동두천시,이담풋살장,13,동두천 2024_02.csv,문화관광,레저스포츠시설
동두천,2024,2,2024-02,30,경기도,동두천시,약수암,13,동두천 2024_02.csv,역사관광,종교성지
동두천,2024,2,2024-02,34,경기도,동두천시,청량사,12,동두천 2024_02.csv,역사관광,종교성지
동두천,2024,2,2024-02,35,경기도,동두천시,동두천역,11,동두천 2024_02.csv,기타관광,교통시설
동두천,2024,2,2024-02,35,경기도,동두천시,소요생활체육공원,11,동두천 2024_02.csv,문화관광,도시공원
동두천,2024,2,2024-02,37,경기도,동두천시,더포레스트목공방,10,동두천 2024_02.csv,체험관광,공예체험
동두천,2024,2,2024-02,37,경기도,동두천시,서광사,10,동두천 2024_02.csv,역사관광,종교성지
동두천,2024,2,2024-02,37,경기도,동두천시,두드림뮤직센터,10,동두천 2024_02.csv,문화관광,공연시설
동두천,2024,2,2024-02,40,경기도,동두천시,턱거리마을박물관1호점,9,동두천 2024_02.csv,문화관광,전시시설
동두천,2024,2,2024-02,40,경기도,동두천시,반야사,9,동두천 2024_02.csv,역사관광,종교성지
동두천,2024,2,2024-02,42,경기도,동두천시,탑동유원지,6,동두천 2024_02.csv,문화관광,복합관광시설
동두천,2024,2,2024-02,42,경기도,동두천시,해룡산,6,동두천 2024_02.csv,자연관광,자연경관(산)
동두천,2024,2,2024-02,42,경기도,동두천시,롤킹롤러스케이트장,6,동두천 2024_02.csv,레저스포츠,육상레저스포츠
동두천,2024,2,2024-02,42,경기도,동두천시,자원암,6,동두천 2024_02.csv,역사관광,종교성지
동두천,2024,2,2024-02,46,경기도,동두천시,숭모재강릉김씨사당,5,동두천 2024_02.csv,역사관광,역사유적지
동두천,2024,2,2024-02,46,경기도,동두천시,무심정사,5,동두천 2024_02.csv,역사관광,종교성지
동두천,2024,2,2024-02,48,경기도,동두천시,일연사,4,동두천 2024_02.csv,역사관광,종교성지
동두천,2024,2,2024-02,49,경기도,동두천시,박찬호야구공원,3,동두천 2024_02.csv,문화관광,도시공원
동두천,2024,2,2024-02,49,경기도,동두천시,효종암,3,동두천 2024_02.csv,역사관광,종교성지
동두천,2024,2,2024-02,49,경기도,동두천시,덕수사,3,동두천 2024_02.csv,역사관광,종교성지
동두천,2024,2,2024-02,49,경기도,동두천시,동두천쇼핑,3,동두천 2024_02.csv,쇼핑,쇼핑몰
동두천,2024,2,2024-02,49,경기도,동두천시,구 동두천시외버스터미널,3,동두천 2024_02.csv,기타관광,교통시설
동두천,2024,2,2024-02,49,경기도,동두천시,시민회관공연장,3,동두천 2024_02.csv,문화관광,공연시설
동두천,2024,2,2024-02,49,경기도,동두천시,관음사,3,동두천 2024_02.csv,역사관광,종교성지
동두천,2024,2,2024-02,49,경기도,동두천시,중화사,3,동두천 2024_02.csv,역사관광,종교성지
동두천,2024,2,2024-02,49,경기도,동두천시,호림공방,3,동두천 2024_02.csv,문화관광,기타문화관광지
동두천,2024,2,2024-02,49,경기도,동두천시,배꼽다리,3,동두천 2024_02.csv,기타관광,기타관광
동두천,2024,2,2024-02,49,경기도,동두천시,영스포렉스,3,동두천 2024_02.csv,레저스포츠,기타레저스포츠
동두천,2024,2,2024-02,49,경기도,동두천시,소요산어린이공원,3,동두천 2024_02.csv,문화관광,도시공원
동두천,2024,2,2024-02,49,경기도,동두천시,DoDream클라이밍센터,3,동두천 2024_02.csv,레저스포츠,기타레저스포츠
동두천,2024,2,2024-02,49,경기도,동두천시,간도문화체험마을,3,동두천 2024_02.csv,문화관광,기타문화관광지
동두천,2024,3,2024-03,1,경기도,동두천시,티클라우드CC,2681,동두천 2024_03.csv,레저스포츠,육상레저스포츠
동두천,2024,3,2024-03,2,경기도,동두천시,니지모리스튜디오,2649,동두천 2024_03.csv,기타관광,기타관광
동두천,2024,3,2024-03,3,경기도,동두천시,소요산,1826,동두천 2024_03.csv,자연관광,자연경관(산)
동두천,2024,3,2024-03,4,경기도,동두천시,경기북부어린이박물관,1688,동두천 2024_03.csv,문화관광,전시시설
동두천,2024,3,2024-03,5,경기도,동두천시,CGV동두천,1132,동두천 2024_03.csv,문화관광,공연시설
동두천,2024,3,2024-03,6,경기도,동두천시,동두천자연휴양림,886,동두천 2024_03.csv,자연관광,자연공원
동두천,2024,3,2024-03,7,경기도,동두천시,놀자숲,869,동두천 2024_03.csv,기타관광,기타관광
동두천,2024,3,2024-03,8,경기도,동두천시,중앙시장,697,동두천 2024_03.csv,쇼핑,시장
동두천,2024,3,2024-03,9,경기도,동두천시,동두천큰시장,500,동두천 2024_03.csv,쇼핑,시장
동두천,2024,3,2024-03,10,경기도,동두천시,양키시장,465,동두천 2024_03.csv,쇼핑,시장
동두천,2024,3,2024-03,11,경기도,동두천시,동광극장,326,동두천 2024_03.csv,문화관광,공연시설
동두천,2024,3,2024-03,12,경기도,동두천시,동두천터미널,309,동두천 2024_03.csv,기타관광,교통시설
동두천,2024,3,2024-03,13,경기도,동두천시,소요산국민관광지,216,동두천 2024_03.csv,문화관광,복합관광시설
동두천,2024,3,2024-03,13,경기도,동두천시,자유수호평화박물관,216,동두천 2024_03.csv,문화관광,전시시설
동두천,2024,3,2024-03,15,경기도,동두천시,소요별앤숲테마파크,205,동두천 2024_03.csv,문화관광,테마공원
동두천,2024,3,2024-03,16,경기도,동두천시,자재암,169,동두천 2024_03.csv,역사관광,종교성지
동두천,2024,3,2024-03,17,경기도,동두천시,동두천행복드림센터건축중(2024년04월 예정),165,동두천 2024_03.csv,문화관광,기타문화관광지
동두천,2024,3,2024-03,18,경기도,동두천시,왕방계곡,121,동두천 2024_03.csv,자연관광,자연경관(산)
동두천,2024,3,2024-03,19,경기도,동두천시,오지재고개,94,동두천 2024_03.csv,자연관광,자연경관(산)
동두천,2024,3,2024-03,20,경기도,동두천시,소요산관광지원센터,83,동두천 2024_03.csv,기타관광,기타관광
동두천,2024,3,2024-03,21,경기도,동두천시,소요산역,82,동두천 2024_03.csv,기타관광,교통시설
동두천,2024,3,2024-03,22,경기도,동두천시,문화극장,70,동두천 2024_03.csv,문화관광,공연시설
동두천,2024,3,2024-03,23,경기도,동두천시,소요생활체육공원,35,동두천 2024_03.csv,문화관광,도시공원
동두천,2024,3,2024-03,23,경기도,동두천시,탑동유원지,35,동두천 2024_03.csv,문화관광,복합관광시설
동두천,2024,3,2024-03,25,경기도,동두천시,동두천역,33,동두천 2024_03.csv,기타관광,교통시설
동두천,2024,3,2024-03,25,경기도,동두천시,세아프라자,33,동두천 2024_03.csv,쇼핑,쇼핑몰
동두천,2024,3,2024-03,27,경기도,동두천시,자유수호평화박물관벚꽃길,27,동두천 2024_03.csv,기타관광,기타관광
동두천,2024,3,2024-03,28,경기도,동두천시,신흥중고야구장,24,동두천 2024_03.csv,문화관광,레저스포츠시설
동두천,2024,3,2024-03,29,경기도,동두천시,놀자숲눈썰매장,21,동두천 2024_03.csv,레저스포츠,육상레저스포츠
동두천,2024,3,2024-03,30,경기도,동두천시,동두천배드민턴전용구장,18,동두천 2024_03.csv,레저스포츠,기타레저스포츠
동두천,2024,3,2024-03,31,경기도,동두천시,이담풋살장,16,동두천 2024_03.csv,문화관광,레저스포츠시설
동두천,2024,3,2024-03,31,경기도,동두천시,쇠목계곡,16,동두천 2024_03.csv,자연관광,자연경관(산)
동두천,2024,3,2024-03,33,경기도,동두천시,왕방산국사당굿당,15,동두천 2024_03.csv,역사관광,종교성지
동두천,2024,3,2024-03,33,경기도,동두천시,동두천시제일시장,15,동두천 2024_03.csv,쇼핑,시장
동두천,2024,3,2024-03,35,경기도,동두천시,일연사,10,동두천 2024_03.csv,역사관광,종교성지
동두천,2024,3,2024-03,36,경기도,동두천시,호림공방,9,동두천 2024_03.csv,문화관광,기타문화관광지
동두천,2024,3,2024-03,37,경기도,동두천시,중화사,8,동두천 2024_03.csv,역사관광,종교성지
동두천,2024,3,2024-03,38,경기도,동두천시,스트라이크존동두천지행구장,6,동두천 2024_03.csv,레저스포츠,기타레저스포츠
동두천,2024,3,2024-03,38,경기도,동두천시,롤킹롤러스케이트장,6,동두천 2024_03.csv,레저스포츠,육상레저스포츠
동두천,2024,3,2024-03,40,경기도,동두천시,광덕사,4,동두천 2024_03.csv,역사관광,종교성지
동두천,2024,3,2024-03,40,경기도,동두천시,반야사,4,동두천 2024_03.csv,역사관광,종교성지
동두천,2024,3,2024-03,42,경기도,동두천시,삼충단,3,동두천 2024_03.csv,역사관광,역사유적지
동두천,2024,3,2024-03,42,경기도,동두천시,숭모재강릉김씨사당,3,동두천 2024_03.csv,역사관광,역사유적지
동두천,2024,3,2024-03,42,경기도,동두천시,현충탑,3,동두천 2024_03.csv,역사관광,역사유물
동두천,2024,3,2024-03,42,경기도,동두천시,상패수변공원,3,동두천 2024_03.csv,문화관광,도시공원
동두천,2024,3,2024-03,42,경기도,동두천시,간도문화체험마을,3,동두천 2024_03.csv,문화관광,기타문화관광지
동두천,2024,3,2024-03,42,경기도,동두천시,동두천시민공원,3,동두천 2024_03.csv,문화관광,도시공원
동두천,2024,3,2024-03,42,경기도,동두천시,강변공원,3,동두천 2024_03.csv,문화관광,도시공원
동두천,2024,3,2024-03,42,경기도,동두천시,보문사,3,동두천 2024_03.csv,역사관광,종교성지
동두천,2024,3,2024-03,42,경기도,동두천시,시민회관공연장,3,동두천 2024_03.csv,문화관광,공연시설
동두천,2024,3,2024-03,42,경기도,동두천시,구 동두천시외버스터미널,3,동두천 2024_03.csv,기타관광,교통시설
동두천,2024,3,2024-03,42,경기도,동두천시,선화사,3,동두천 2024_03.csv,역사관광,종교성지
동두천,2024,3,2024-03,42,경기도,동두천시,한컷공감미술관,3,동두천 2024_03.csv,문화관광,전시시설
동두천,2024,3,2024-03,42,경기도,동두천시,효종암,3,동두천 2024_03.csv,역사관광,종교성지
동두천,2024,3,2024-03,42,경기도,동두천시,두레문화마을,3,동두천 2024_03.csv,레저스포츠,육상레저스포츠
동두천,2024,3,2024-03,42,경기도,동두천시,소요산문화생태공원,3,동두천 2024_03.csv,문화관광,도시공원
동두천,2024,3,2024-03,42,경기도,동두천시,턱거리마을박물관1호점,3,동두천 2024_03.csv,문화관광,전시시설
동두천,2024,4,2024-04,1,경기도,동두천시,티클라우드CC,3693,동두천 2024_04.csv,레저스포츠,육상레저스포츠
동두천,2024,4,2024-04,2,경기도,동두천시,소요산,2761,동두천 2024_04.csv,자연관광,자연경관(산)
동두천,2024,4,2024-04,3,경기도,동두천시,니지모리스튜디오,2600,동두천 2024_04.csv,기타관광,기타관광
동두천,2024,4,2024-04,4,경기도,동두천시,경기북부어린이박물관,1166,동두천 2024_04.csv,문화관광,전시시설
동두천,2024,4,2024-04,5,경기도,동두천시,놀자숲,1140,동두천 2024_04.csv,기타관광,기타관광
동두천,2024,4,2024-04,6,경기도,동두천시,동두천자연휴양림,1020,동두천 2024_04.csv,자연관광,자연공원
동두천,2024,4,2024-04,7,경기도,동두천시,CGV동두천,898,동두천 2024_04.csv,문화관광,공연시설
동두천,2024,4,2024-04,8,경기도,동두천시,자유수호평화박물관,693,동두천 2024_04.csv,문화관광,전시시설
동두천,2024,4,2024-04,9,경기도,동두천시,자유수호평화박물관벚꽃길,690,동두천 2024_04.csv,기타관광,기타관광
동두천,2024,4,2024-04,10,경기도,동두천시,중앙시장,604,동두천 2024_04.csv,쇼핑,시장
동두천,2024,4,2024-04,11,경기도,동두천시,동두천큰시장,512,동두천 2024_04.csv,쇼핑,시장
동두천,2024,4,2024-04,12,경기도,동두천시,양키시장,402,동두천 2024_04.csv,쇼핑,시장
동두천,2024,4,2024-04,13,경기도,동두천시,소요산국민관광지,352,동두천 2024_04.csv,문화관광,복합관광시설
동두천,2024,4,2024-04,14,경기도,동두천시,소요별앤숲테마파크,301,동두천 2024_04.csv,문화관광,테마공원
동두천,2024,4,2024-04,15,경기도,동두천시,동광극장,289,동두천 2024_04.csv,문화관광,공연시설
동두천,2024,4,2024-04,16,경기도,동두천시,동두천터미널,287,동두천 2024_04.csv,기타관광,교통시설
동두천,2024,4,2024-04,17,경기도,동두천시,동두천행복드림센터건축중(2024년05월 예정),253,동두천 2024_04.csv,문화관광,기타문화관광지
동두천,2024,4,2024-04,18,경기도,동두천시,왕방계곡,250,동두천 2024_04.csv,자연관광,자연경관(산)
동두천,2024,4,2024-04,19,경기도,동두천시,자재암,194,동두천 2024_04.csv,역사관광,종교성지
동두천,2024,4,2024-04,20,경기도,동두천시,소요산관광지원센터,119,동두천 2024_04.csv,기타관광,기타관광
동두천,2024,4,2024-04,21,경기도,동두천시,오지재고개,106,동두천 2024_04.csv,자연관광,자연경관(산)
동두천,2024,4,2024-04,22,경기도,동두천시,소요산역,89,동두천 2024_04.csv,기타관광,교통시설
동두천,2024,4,2024-04,23,경기도,동두천시,문화극장,64,동두천 2024_04.csv,문화관광,공연시설
동두천,2024,4,2024-04,24,경기도,동두천시,탑동유원지,62,동두천 2024_04.csv,문화관광,복합관광시설
동두천,2024,4,2024-04,25,경기도,동두천시,소요생활체육공원,46,동두천 2024_04.csv,문화관광,도시공원
동두천,2024,4,2024-04,26,경기도,동두천시,세아프라자,44,동두천 2024_04.csv,쇼핑,쇼핑몰
동두천,2024,4,2024-04,27,경기도,동두천시,신흥중고야구장,42,동두천 2024_04.csv,문화관광,레저스포츠시설
동두천,2024,4,2024-04,28,경기도,동두천시,배꼽다리,36,동두천 2024_04.csv,기타관광,기타관광
동두천,2024,4,2024-04,29,경기도,동두천시,쇠목계곡,29,동두천 2024_04.csv,자연관광,자연경관(산)
동두천,2024,4,2024-04,30,경기도,동두천시,놀자숲눈썰매장,27,동두천 2024_04.csv,레저스포츠,육상레저스포츠
동두천,2024,4,2024-04,30,경기도,동두천시,동두천배드민턴전용구장,27,동두천 2024_04.csv,레저스포츠,기타레저스포츠
동두천,2024,4,2024-04,32,경기도,동두천시,동두천역,26,동두천 2024_04.csv,기타관광,교통시설
동두천,2024,4,2024-04,33,경기도,동두천시,소요산어린이공원,21,동두천 2024_04.csv,문화관광,도시공원
동두천,2024,4,2024-04,34,경기도,동두천시,이담풋살장,20,동두천 2024_04.csv,문화관광,레저스포츠시설
동두천,2024,4,2024-04,35,경기도,동두천시,선화사,18,동두천 2024_04.csv,역사관광,종교성지
동두천,2024,4,2024-04,36,경기도,동두천시,구 동두천시외버스터미널,13,동두천 2024_04.csv,기타관광,교통시설
동두천,2024,4,2024-04,37,경기도,동두천시,동두천시제일시장,11,동두천 2024_04.csv,쇼핑,시장
동두천,2024,4,2024-04,38,경기도,동두천시,서광사,10,동두천 2024_04.csv,역사관광,종교성지
동두천,2024,4,2024-04,38,경기도,동두천시,호림공방,10,동두천 2024_04.csv,문화관광,기타문화관광지
동두천,2024,4,2024-04,40,경기도,동두천시,반야사,8,동두천 2024_04.csv,역사관광,종교성지
동두천,2024,4,2024-04,41,경기도,동두천시,선문사,7,동두천 2024_04.csv,역사관광,종교성지
동두천,2024,4,2024-04,41,경기도,동두천시,롤킹롤러스케이트장,7,동두천 2024_04.csv,레저스포츠,육상레저스포츠
동두천,2024,4,2024-04,43,경기도,동두천시,약수암,6,동두천 2024_04.csv,역사관광,종교성지
동두천,2024,4,2024-04,43,경기도,동두천시,스트라이크존동두천지행구장,6,동두천 2024_04.csv,레저스포츠,기타레저스포츠
동두천,2024,4,2024-04,43,경기도,동두천시,샘터농원,6,동두천 2024_04.csv,체험관광,농/산/어촌체험
동두천,2024,4,2024-04,43,경기도,동두천시,광덕사,6,동두천 2024_04.csv,역사관광,종교성지
동두천,2024,4,2024-04,43,경기도,동두천시,무심정사,6,동두천 2024_04.csv,역사관광,종교성지
동두천,2024,4,2024-04,48,경기도,동두천시,또또와실내낚시터,4,동두천 2024_04.csv,레저스포츠,수상레저스포츠
동두천,2024,4,2024-04,49,경기도,동두천시,턱거리마을박물관1호점,3,동두천 2024_04.csv,문화관광,전시시설
동두천,2024,4,2024-04,49,경기도,동두천시,소요산문화생태공원,3,동두천 2024_04.csv,문화관광,도시공원
동두천,2024,4,2024-04,49,경기도,동두천시,두레문화마을,3,동두천 2024_04.csv,레저스포츠,육상레저스포츠
동두천,2024,4,2024-04,49,경기도,동두천시,왕방산국사당굿당,3,동두천 2024_04.csv,역사관광,종교성지
동두천,2024,4,2024-04,49,경기도,동두천시,장림계곡,3,동두천 2024_04.csv,자연관광,자연경관(산)
동두천,2024,4,2024-04,49,경기도,동두천시,쌍룡사,3,동두천 2024_04.csv,역사관광,종교성지
동두천,2024,4,2024-04,49,경기도,동두천시,동두천쇼핑,3,동두천 2024_04.csv,쇼핑,쇼핑몰
동두천,2024,4,2024-04,49,경기도,동두천시,원터공원,3,동두천 2024_04.csv,문화관광,도시공원
동두천,2024,4,2024-04,49,경기도,동두천시,동두천 세아상가시장,3,동두천 2024_04.csv,쇼핑,시장
동두천,2024,4,2024-04,49,경기도,동두천시,중화사,3,동두천 2024_04.csv,역사관광,종교성지
동두천,2024,4,2024-04,49,경기도,동두천시,대도사,3,동두천 2024_04.csv,역사관광,종교성지
동두천,2024,5,2024-05,1,경기도,동두천시,티클라우드CC,4004,동두천 2024_05.csv,레저스포츠,육상레저스포츠
동두천,2024,5,2024-05,2,경기도,동두천시,니지모리스튜디오,2915,동두천 2024_05.csv,기타관광,기타관광
동두천,2024,5,2024-05,3,경기도,동두천시,소요산,2092,동두천 2024_05.csv,자연관광,자연경관(산)
동두천,2024,5,2024-05,4,경기도,동두천시,경기북부어린이박물관,1831,동두천 2024_05.csv,문화관광,전시시설
동두천,2024,5,2024-05,5,경기도,동두천시,놀자숲,1365,동두천 2024_05.csv,문화관광,테마공원
동두천,2024,5,2024-05,6,경기도,동두천시,동두천자연휴양림,1268,동두천 2024_05.csv,자연관광,자연공원
동두천,2024,5,2024-05,7,경기도,동두천시,CGV동두천,1040,동두천 2024_05.csv,문화관광,공연시설
동두천,2024,5,2024-05,8,경기도,동두천시,중앙시장,740,동두천 2024_05.csv,쇼핑,시장
동두천,2024,5,2024-05,9,경기도,동두천시,동두천큰시장,541,동두천 2024_05.csv,쇼핑,시장
동두천,2024,5,2024-05,10,경기도,동두천시,왕방계곡,446,동두천 2024_05.csv,자연관광,자연경관(산)
동두천,2024,5,2024-05,11,경기도,동두천시,양키시장,424,동두천 2024_05.csv,쇼핑,시장
동두천,2024,5,2024-05,12,경기도,동두천시,소요별앤숲테마파크,362,동두천 2024_05.csv,문화관광,테마공원
동두천,2024,5,2024-05,13,경기도,동두천시,동두천터미널,346,동두천 2024_05.csv,기타관광,교통시설
동두천,2024,5,2024-05,14,경기도,동두천시,동광극장,313,동두천 2024_05.csv,문화관광,공연시설
동두천,2024,5,2024-05,15,경기도,동두천시,소요산국민관광지,302,동두천 2024_05.csv,문화관광,복합관광시설
동두천,2024,5,2024-05,16,경기도,동두천시,자재암,279,동두천 2024_05.csv,역사관광,종교성지
동두천,2024,5,2024-05,17,경기도,동두천시,자유수호평화박물관,150,동두천 2024_05.csv,문화관광,전시시설
동두천,2024,5,2024-05,18,경기도,동두천시,동두천행복드림센터건축중(2024년07월 예정),126,동두천 2024_05.csv,문화관광,기타문화관광지
동두천,2024,5,2024-05,19,경기도,동두천시,신흥중고야구장,116,동두천 2024_05.csv,문화관광,레저스포츠시설
동두천,2024,5,2024-05,20,경기도,동두천시,소요산역,115,동두천 2024_05.csv,기타관광,교통시설
동두천,2024,5,2024-05,21,경기도,동두천시,탑동유원지,104,동두천 2024_05.csv,문화관광,복합관광시설
동두천,2024,5,2024-05,22,경기도,동두천시,문화극장,101,동두천 2024_05.csv,문화관광,공연시설
동두천,2024,5,2024-05,23,경기도,동두천시,오지재고개,88,동두천 2024_05.csv,자연관광,자연경관(산)
동두천,2024,5,2024-05,24,경기도,동두천시,소요산관광지원센터,64,동두천 2024_05.csv,기타관광,기타관광
동두천,2024,5,2024-05,25,경기도,동두천시,동두천배드민턴전용구장,60,동두천 2024_05.csv,레저스포츠,기타레저스포츠
동두천,2024,5,2024-05,26,경기도,동두천시,배꼽다리,47,동두천 2024_05.csv,기타관광,기타관광
동두천,2024,5,2024-05,27,경기도,동두천시,쇠목계곡,46,동두천 2024_05.csv,자연관광,자연경관(산)
동두천,2024,5,2024-05,28,경기도,동두천시,반야사,38,동두천 2024_05.csv,역사관광,종교성지
동두천,2024,5,2024-05,29,경기도,동두천시,호림공방,35,동두천 2024_05.csv,문화관광,기타문화관광지
동두천,2024,5,2024-05,29,경기도,동두천시,세아프라자,35,동두천 2024_05.csv,쇼핑,쇼핑몰
동두천,2024,5,2024-05,29,경기도,동두천시,샘터농원,35,동두천 2024_05.csv,체험관광,농/산/어촌체험
동두천,2024,5,2024-05,32,경기도,동두천시,소요생활체육공원,34,동두천 2024_05.csv,문화관광,도시공원
동두천,2024,5,2024-05,33,경기도,동두천시,무심정사,26,동두천 2024_05.csv,역사관광,종교성지
동두천,2024,5,2024-05,34,경기도,동두천시,소요산야외음악당,25,동두천 2024_05.csv,문화관광,공연시설
동두천,2024,5,2024-05,35,경기도,동두천시,약수암,22,동두천 2024_05.csv,역사관광,종교성지
동두천,2024,5,2024-05,36,경기도,동두천시,원흥사,21,동두천 2024_05.csv,역사관광,종교성지
동두천,2024,5,2024-05,36,경기도,동두천시,서광사,21,동두천 2024_05.csv,역사관광,종교성지
동두천,2024,5,2024-05,38,경기도,동두천시,놀자숲눈썰매장,18,동두천 2024_05.csv,레저스포츠,육상레저스포츠
동두천,2024,5,2024-05,39,경기도,동두천시,동두천 세아상가시장,17,동두천 2024_05.csv,쇼핑,시장
동두천,2024,5,2024-05,40,경기도,동두천시,구 동두천시외버스터미널,16,동두천 2024_05.csv,기타관광,교통시설
동두천,2024,5,2024-05,41,경기도,동두천시,일연사,15,동두천 2024_05.csv,역사관광,종교성지
동두천,2024,5,2024-05,42,경기도,동두천시,청량사,13,동두천 2024_05.csv,역사관광,종교성지
동두천,2024,5,2024-05,42,경기도,동두천시,보문사,13,동두천 2024_05.csv,역사관광,종교성지
동두천,2024,5,2024-05,44,경기도,동두천시,중화사,12,동두천 2024_05.csv,역사관광,종교성지
동두천,2024,5,2024-05,45,경기도,동두천시,턱거리마을박물관1호점,10,동두천 2024_05.csv,문화관광,전시시설
동두천,2024,5,2024-05,45,경기도,동두천시,관음사,10,동두천 2024_05.csv,역사관광,종교성지
동두천,2024,5,2024-05,47,경기도,동두천시,효종암,9,동두천 2024_05.csv,역사관광,종교성지
동두천,2024,5,2024-05,47,경기도,동두천시,이담풋살장,9,동두천 2024_05.csv,문화관광,레저스포츠시설
동두천,2024,5,2024-05,47,경기도,동두천시,덕수사,9,동두천 2024_05.csv,역사관광,종교성지
동두천,2024,5,2024-05,47,경기도,동두천시,동두천시제일시장,9,동두천 2024_05.csv,쇼핑,시장
동두천,2024,5,2024-05,47,경기도,동두천시,자유수호평화박물관벚꽃길,9,동두천 2024_05.csv,기타관광,기타관광
동두천,2024,5,2024-05,52,경기도,동두천시,광덕사,8,동두천 2024_05.csv,역사관광,종교성지
동두천,2024,5,2024-05,53,경기도,동두천시,박찬호야구공원,6,동두천 2024_05.csv,문화관광,도시공원
동두천,2024,5,2024-05,53,경기도,동두천시,아울도자기체험장,6,동두천 2024_05.csv,문화관광,기타문화관광지
동두천,2024,5,2024-05,53,경기도,동두천시,롤킹롤러스케이트장,6,동두천 2024_05.csv,레저스포츠,육상레저스포츠
동두천,2024,5,2024-05,56,경기도,동두천시,못골생태공원,5,동두천 2024_05.csv,문화관광,도시공원
동두천,2024,5,2024-05,56,경기도,동두천시,자원암,5,동두천 2024_05.csv,역사관광,종교성지
동두천,2024,5,2024-05,56,경기도,동두천시,평화의 소녀상,5,동두천 2024_05.csv,역사관광,역사유물
동두천,2024,5,2024-05,56,경기도,동두천시,숭모재강릉김씨사당,5,동두천 2024_05.csv,역사관광,역사유적지
동두천,2024,5,2024-05,60,경기도,동두천시,왕방산국사당굿당,4,동두천 2024_05.csv,역사관광,종교성지
동두천,2024,5,2024-05,60,경기도,동두천시,두드림뮤직센터,4,동두천 2024_05.csv,문화관광,공연시설
동두천,2024,5,2024-05,60,경기도,동두천시,소요산산림욕장,4,동두천 2024_05.csv,자연관광,자연공원
동두천,2024,5,2024-05,60,경기도,동두천시,극락암,4,동두천 2024_05.csv,역사관광,종교성지
동두천,2024,5,2024-05,60,경기도,동두천시,칠봉산,4,동두천 2024_05.csv,자연관광,자연경관(산)
동두천,2024,5,2024-05,60,경기도,동두천시,도솔암,4,동두천 2024_05.csv,역사관광,종교성지
동두천,2024,5,2024-05,60,경기도,동두천시,칠봉사,4,동두천 2024_05.csv,역사관광,종교성지
동두천,2024,5,2024-05,67,경기도,동두천시,동두천역,3,동두천 2024_05.csv,기타관광,교통시설
동두천,2024,5,2024-05,67,경기도,동두천시,한컷공감미술관,3,동두천 2024_05.csv,문화관광,전시시설
동두천,2024,5,2024-05,67,경기도,동두천시,또또와실내낚시터,3,동두천 2024_05.csv,레저스포츠,수상레저스포츠
동두천,2024,5,2024-05,67,경기도,동두천시,선문사,3,동두천 2024_05.csv,역사관광,종교성지
동두천,2024,5,2024-05,67,경기도,동두천시,장림계곡,3,동두천 2024_05.csv,자연관광,자연경관(산)
동두천,2024,5,2024-05,67,경기도,동두천시,자재암포교당,3,동두천 2024_05.csv,역사관광,종교성지
동두천,2024,5,2024-05,67,경기도,동두천시,쌍룡사,3,동두천 2024_05.csv,역사관광,종교성지
동두천,2024,5,2024-05,67,경기도,동두천시,약사암,3,동두천 2024_05.csv,역사관광,종교성지
동두천,2024,5,2024-05,67,경기도,동두천시,동두천시민공원,3,동두천 2024_05.csv,문화관광,도시공원
동두천,2024,5,2024-05,67,경기도,동두천시,원효폭포,3,동두천 2024_05.csv,자연관광,자연경관(산)
동두천,2024,5,2024-05,67,경기도,동두천시,주짓수지행점,3,동두천 2024_05.csv,레저스포츠,기타레저스포츠
동두천,2024,5,2024-05,67,경기도,동두천시,스트라이크존동두천지행구장,3,동두천 2024_05.csv,레저스포츠,기타레저스포츠
동두천,2024,5,2024-05,67,경기도,동두천시,해룡산,3,동두천 2024_05.csv,자연관광,자연경관(산)
동두천,2024,6,2024-06,1,경기도,동두천시,티클라우드CC,3781,동두천 2024_06.csv,레저스포츠,육상레저스포츠
동두천,2024,6,2024-06,2,경기도,동두천시,니지모리스튜디오,2254,동두천 2024_06.csv,기타관광,기타관광
동두천,2024,6,2024-06,3,경기도,동두천시,소요산,2044,동두천 2024_06.csv,자연관광,자연경관(산)
동두천,2024,6,2024-06,4,경기도,동두천시,경기북부어린이박물관,1686,동두천 2024_06.csv,문화관광,전시시설
동두천,2024,6,2024-06,5,경기도,동두천시,동두천자연휴양림,1313,동두천 2024_06.csv,자연관광,자연공원
동두천,2024,6,2024-06,6,경기도,동두천시,놀자숲,1278,동두천 2024_06.csv,문화관광,테마공원
동두천,2024,6,2024-06,7,경기도,동두천시,왕방계곡,943,동두천 2024_06.csv,자연관광,자연경관(산)
동두천,2024,6,2024-06,8,경기도,동두천시,CGV동두천,880,동두천 2024_06.csv,문화관광,공연시설
동두천,2024,6,2024-06,9,경기도,동두천시,중앙시장,752,동두천 2024_06.csv,쇼핑,시장
동두천,2024,6,2024-06,10,경기도,동두천시,동두천큰시장,552,동두천 2024_06.csv,쇼핑,시장
동두천,2024,6,2024-06,11,경기도,동두천시,양키시장,460,동두천 2024_06.csv,쇼핑,시장
동두천,2024,6,2024-06,12,경기도,동두천시,소요별앤숲테마파크,459,동두천 2024_06.csv,문화관광,테마공원
동두천,2024,6,2024-06,13,경기도,동두천시,배꼽다리,450,동두천 2024_06.csv,기타관광,기타관광
동두천,2024,6,2024-06,14,경기도,동두천시,동두천터미널,318,동두천 2024_06.csv,기타관광,교통시설
동두천,2024,6,2024-06,15,경기도,동두천시,호림공방,278,동두천 2024_06.csv,문화관광,기타문화관광지
동두천,2024,6,2024-06,16,경기도,동두천시,탑동유원지,274,동두천 2024_06.csv,문화관광,복합관광시설
동두천,2024,6,2024-06,17,경기도,동두천시,동광극장,251,동두천 2024_06.csv,문화관광,공연시설
동두천,2024,6,2024-06,18,경기도,동두천시,자유수호평화박물관,224,동두천 2024_06.csv,문화관광,전시시설
동두천,2024,6,2024-06,19,경기도,동두천시,동두천행복드림센터건축중(2024년07월 예정),209,동두천 2024_06.csv,문화관광,기타문화관광지
동두천,2024,6,2024-06,20,경기도,동두천시,소요산국민관광지,196,동두천 2024_06.csv,문화관광,복합관광시설
동두천,2024,6,2024-06,21,경기도,동두천시,자재암,195,동두천 2024_06.csv,역사관광,종교성지
동두천,2024,6,2024-06,22,경기도,동두천시,신흥중고야구장,146,동두천 2024_06.csv,문화관광,레저스포츠시설
동두천,2024,6,2024-06,23,경기도,동두천시,샘터농원,114,동두천 2024_06.csv,체험관광,농/산/어촌체험
동두천,2024,6,2024-06,24,경기도,동두천시,오지재고개,93,동두천 2024_06.csv,자연관광,자연경관(산)
동두천,2024,6,2024-06,25,경기도,동두천시,소요산역,79,동두천 2024_06.csv,기타관광,교통시설
동두천,2024,6,2024-06,26,경기도,동두천시,소요산관광지원센터,73,동두천 2024_06.csv,기타관광,기타관광
동두천,2024,6,2024-06,27,경기도,동두천시,쇠목계곡,64,동두천 2024_06.csv,자연관광,자연경관(산)
동두천,2024,6,2024-06,28,경기도,동두천시,세아프라자,54,동두천 2024_06.csv,쇼핑,쇼핑몰
동두천,2024,6,2024-06,29,경기도,동두천시,동두천배드민턴전용구장,43,동두천 2024_06.csv,레저스포츠,기타레저스포츠
동두천,2024,6,2024-06,30,경기도,동두천시,문화극장,41,동두천 2024_06.csv,문화관광,공연시설
동두천,2024,6,2024-06,31,경기도,동두천시,동두천시제일시장,33,동두천 2024_06.csv,쇼핑,시장
동두천,2024,6,2024-06,32,경기도,동두천시,선문사,30,동두천 2024_06.csv,역사관광,종교성지
동두천,2024,6,2024-06,33,경기도,동두천시,죠스수영장,29,동두천 2024_06.csv,문화관광,테마공원
동두천,2024,6,2024-06,33,경기도,동두천시,두드림뮤직센터,29,동두천 2024_06.csv,문화관광,공연시설
동두천,2024,6,2024-06,33,경기도,동두천시,구 동두천시외버스터미널,29,동두천 2024_06.csv,기타관광,교통시설
동두천,2024,6,2024-06,36,경기도,동두천시,놀자숲눈썰매장,24,동두천 2024_06.csv,레저스포츠,육상레저스포츠
동두천,2024,6,2024-06,37,경기도,동두천시,소요별앤숲테마파크상상물놀이장,23,동두천 2024_06.csv,문화관광,테마공원
동두천,2024,6,2024-06,38,경기도,동두천시,소요산야외음악당,19,동두천 2024_06.csv,문화관광,공연시설
동두천,2024,6,2024-06,39,경기도,동두천시,한컷공감미술관,17,동두천 2024_06.csv,문화관광,전시시설
동두천,2024,6,2024-06,39,경기도,동두천시,반야사,17,동두천 2024_06.csv,역사관광,종교성지
동두천,2024,6,2024-06,41,경기도,동두천시,동두천역,15,동두천 2024_06.csv,기타관광,교통시설
동두천,2024,6,2024-06,41,경기도,동두천시,소요생활체육공원,15,동두천 2024_06.csv,문화관광,도시공원
동두천,2024,6,2024-06,41,경기도,동두천시,소요산어린이공원,15,동두천 2024_06.csv,문화관광,도시공원
동두천,2024,6,2024-06,44,경기도,동두천시,장림계곡,14,동두천 2024_06.csv,자연관광,자연경관(산)
동두천,2024,6,2024-06,45,경기도,동두천시,숭모재강릉김씨사당,13,동두천 2024_06.csv,역사관광,역사유적지
동두천,2024,6,2024-06,46,경기도,동두천시,동두천시시민회관실외수영장,10,동두천 2024_06.csv,문화관광,테마공원
동두천,2024,6,2024-06,47,경기도,동두천시,스트라이크존동두천지행구장,9,동두천 2024_06.csv,레저스포츠,기타레저스포츠
동두천,2024,6,2024-06,48,경기도,동두천시,동두천 세아상가시장,7,동두천 2024_06.csv,쇼핑,시장
동두천,2024,6,2024-06,49,경기도,동두천시,생연1어린이공원,6,동두천 2024_06.csv,문화관광,도시공원
동두천,2024,6,2024-06,49,경기도,동두천시,소요산산림욕장,6,동두천 2024_06.csv,자연관광,자연공원
동두천,2024,6,2024-06,51,경기도,동두천시,턱거리마을박물관1호점,5,동두천 2024_06.csv,문화관광,전시시설
동두천,2024,6,2024-06,52,경기도,동두천시,아울도자기체험장,4,동두천 2024_06.csv,문화관광,기타문화관광지
동두천,2024,6,2024-06,52,경기도,동두천시,또또와실내낚시터,4,동두천 2024_06.csv,레저스포츠,수상레저스포츠
동두천,2024,6,2024-06,52,경기도,동두천시,원흥사,4,동두천 2024_06.csv,역사관광,종교성지
동두천,2024,6,2024-06,52,경기도,동두천시,롤킹롤러스케이트장,4,동두천 2024_06.csv,레저스포츠,육상레저스포츠
동두천,2024,6,2024-06,52,경기도,동두천시,현충탑,4,동두천 2024_06.csv,역사관광,역사유물
동두천,2024,6,2024-06,57,경기도,동두천시,이담풋살장,3,동두천 2024_06.csv,문화관광,레저스포츠시설
동두천,2024,6,2024-06,57,경기도,동두천시,쌍룡사,3,동두천 2024_06.csv,역사관광,종교성지
동두천,2024,6,2024-06,57,경기도,동두천시,시민회관공연장,3,동두천 2024_06.csv,문화관광,공연시설
동두천,2024,6,2024-06,57,경기도,동두천시,원터공원,3,동두천 2024_06.csv,문화관광,도시공원
동두천,2024,6,2024-06,57,경기도,동두천시,동두천시민공원,3,동두천 2024_06.csv,문화관광,도시공원
동두천,2024,6,2024-06,57,경기도,동두천시,옥류폭포,3,동두천 2024_06.csv,자연관광,자연경관(산)
동두천,2024,6,2024-06,57,경기도,동두천시,대도사,3,동두천 2024_06.csv,역사관광,종교성지
동두천,2024,6,2024-06,57,경기도,동두천시,자유수호평화박물관벚꽃길,3,동두천 2024_06.csv,기타관광,기타관광
동두천,2024,6,2024-06,57,경기도,동두천시,간도문화체험마을,3,동두천 2024_06.csv,문화관광,기타문화관광지
동두천,2024,7,2024-07,1,경기도,동두천시,티클라우드CC,2792,동두천 2024_07.csv,레저스포츠,육상레저스포츠
동두천,2024,7,2024-07,2,경기도,동두천시,배꼽다리,1968,동두천 2024_07.csv,기타관광,기타관광
동두천,2024,7,2024-07,3,경기도,동두천시,소요산,1501,동두천 2024_07.csv,자연관광,자연경관(산)
동두천,2024,7,2024-07,4,경기도,동두천시,니지모리스튜디오,1488,동두천 2024_07.csv,기타관광,기타관광
동두천,2024,7,2024-07,5,경기도,동두천시,경기북부어린이박물관,1426,동두천 2024_07.csv,문화관광,전시시설
동두천,2024,7,2024-07,6,경기도,동두천시,동두천자연휴양림,1317,동두천 2024_07.csv,자연관광,자연공원
동두천,2024,7,2024-07,7,경기도,동두천시,왕방계곡,1176,동두천 2024_07.csv,자연관광,자연경관(산)
동두천,2024,7,2024-07,8,경기도,동두천시,CGV동두천,957,동두천 2024_07.csv,문화관광,공연시설
동두천,2024,7,2024-07,9,경기도,동두천시,놀자숲,776,동두천 2024_07.csv,문화관광,테마공원
동두천,2024,7,2024-07,10,경기도,동두천시,중앙시장,693,동두천 2024_07.csv,쇼핑,시장
동두천,2024,7,2024-07,11,경기도,동두천시,호림공방,528,동두천 2024_07.csv,문화관광,기타문화관광지
동두천,2024,7,2024-07,12,경기도,동두천시,양키시장,426,동두천 2024_07.csv,쇼핑,시장
동두천,2024,7,2024-07,13,경기도,동두천시,동두천큰시장,413,동두천 2024_07.csv,쇼핑,시장
동두천,2024,7,2024-07,14,경기도,동두천시,소요별앤숲테마파크,393,동두천 2024_07.csv,문화관광,테마공원
동두천,2024,7,2024-07,15,경기도,동두천시,탑동유원지,372,동두천 2024_07.csv,문화관광,복합관광시설
동두천,2024,7,2024-07,16,경기도,동두천시,동두천터미널,248,동두천 2024_07.csv,기타관광,교통시설
동두천,2024,7,2024-07,17,경기도,동두천시,샘터농원,219,동두천 2024_07.csv,체험관광,농/산/어촌체험
동두천,2024,7,2024-07,18,경기도,동두천시,동광극장,216,동두천 2024_07.csv,문화관광,공연시설
동두천,2024,7,2024-07,19,경기도,동두천시,동두천행복드림센터건축중(2024년08월 예정),204,동두천 2024_07.csv,문화관광,기타문화관광지
동두천,2024,7,2024-07,20,경기도,동두천시,자재암,125,동두천 2024_07.csv,역사관광,종교성지
동두천,2024,7,2024-07,21,경기도,동두천시,자유수호평화박물관,123,동두천 2024_07.csv,문화관광,전시시설
동두천,2024,7,2024-07,22,경기도,동두천시,소요산국민관광지,100,동두천 2024_07.csv,문화관광,복합관광시설
동두천,2024,7,2024-07,23,경기도,동두천시,쇠목계곡,97,동두천 2024_07.csv,자연관광,자연경관(산)
동두천,2024,7,2024-07,24,경기도,동두천시,신흥중고야구장,90,동두천 2024_07.csv,문화관광,레저스포츠시설
동두천,2024,7,2024-07,25,경기도,동두천시,소요산역,75,동두천 2024_07.csv,기타관광,교통시설
동두천,2024,7,2024-07,26,경기도,동두천시,문화극장,60,동두천 2024_07.csv,문화관광,공연시설
동두천,2024,7,2024-07,27,경기도,동두천시,동두천시시민회관실외수영장,47,동두천 2024_07.csv,문화관광,테마공원
동두천,2024,7,2024-07,28,경기도,동두천시,두드림뮤직센터,43,동두천 2024_07.csv,문화관광,공연시설
동두천,2024,7,2024-07,29,경기도,동두천시,오지재고개,41,동두천 2024_07.csv,자연관광,자연경관(산)
동두천,2024,7,2024-07,30,경기도,동두천시,죠스수영장,38,동두천 2024_07.csv,문화관광,테마공원
동두천,2024,7,2024-07,31,경기도,동두천시,소요별앤숲테마파크상상물놀이장,37,동두천 2024_07.csv,문화관광,테마공원
동두천,2024,7,2024-07,31,경기도,동두천시,동두천배드민턴전용구장,37,동두천 2024_07.csv,레저스포츠,기타레저스포츠
동두천,2024,7,2024-07,33,경기도,동두천시,소요산관광지원센터,25,동두천 2024_07.csv,기타관광,기타관광
동두천,2024,7,2024-07,33,경기도,동두천시,소요생활체육공원,25,동두천 2024_07.csv,문화관광,도시공원
동두천,2024,7,2024-07,35,경기도,동두천시,세아프라자,23,동두천 2024_07.csv,쇼핑,쇼핑몰
동두천,2024,7,2024-07,36,경기도,동두천시,동두천시제일시장,22,동두천 2024_07.csv,쇼핑,시장
동두천,2024,7,2024-07,37,경기도,동두천시,턱거리마을박물관1호점,18,동두천 2024_07.csv,문화관광,전시시설
동두천,2024,7,2024-07,38,경기도,동두천시,구 동두천시외버스터미널,17,동두천 2024_07.csv,기타관광,교통시설
동두천,2024,7,2024-07,39,경기도,동두천시,일연사,16,동두천 2024_07.csv,역사관광,종교성지
동두천,2024,7,2024-07,40,경기도,동두천시,소요산어린이공원,15,동두천 2024_07.csv,문화관광,도시공원
동두천,2024,7,2024-07,41,경기도,동두천시,장림계곡,14,동두천 2024_07.csv,자연관광,자연경관(산)
동두천,2024,7,2024-07,42,경기도,동두천시,골든복싱,10,동두천 2024_07.csv,레저스포츠,기타레저스포츠
동두천,2024,7,2024-07,42,경기도,동두천시,반야사,10,동두천 2024_07.csv,역사관광,종교성지
동두천,2024,7,2024-07,44,경기도,동두천시,소요산어린이공원물놀이장,9,동두천 2024_07.csv,문화관광,테마공원
동두천,2024,7,2024-07,44,경기도,동두천시,광덕사,9,동두천 2024_07.csv,역사관광,종교성지
동두천,2024,7,2024-07,44,경기도,동두천시,서광사,9,동두천 2024_07.csv,역사관광,종교성지
동두천,2024,7,2024-07,44,경기도,동두천시,스트라이크존동두천지행구장,9,동두천 2024_07.csv,레저스포츠,기타레저스포츠
동두천,2024,7,2024-07,48,경기도,동두천시,소요산야외음악당,8,동두천 2024_07.csv,문화관광,공연시설
동두천,2024,7,2024-07,49,경기도,동두천시,또또와실내낚시터,7,동두천 2024_07.csv,레저스포츠,수상레저스포츠
동두천,2024,7,2024-07,49,경기도,동두천시,동두천 세아상가시장,7,동두천 2024_07.csv,쇼핑,시장
동두천,2024,7,2024-07,51,경기도,동두천시,동두천역,6,동두천 2024_07.csv,기타관광,교통시설
동두천,2024,7,2024-07,51,경기도,동두천시,시민회관공연장,6,동두천 2024_07.csv,문화관광,공연시설
동두천,2024,7,2024-07,53,경기도,동두천시,놀자숲눈썰매장,5,동두천 2024_07.csv,레저스포츠,육상레저스포츠
동두천,2024,7,2024-07,53,경기도,동두천시,약수암,5,동두천 2024_07.csv,역사관광,종교성지
동두천,2024,7,2024-07,55,경기도,동두천시,나츠마츠리,4,동두천 2024_07.csv,문화관광,기타문화관광지
동두천,2024,7,2024-07,55,경기도,동두천시,생연1어린이공원,4,동두천 2024_07.csv,문화관광,도시공원
동두천,2024,7,2024-07,57,경기도,동두천시,소요산문화생태공원,3,동두천 2024_07.csv,문화관광,도시공원
동두천,2024,7,2024-07,57,경기도,동두천시,한컷공감미술관,3,동두천 2024_07.csv,문화관광,전시시설
동두천,2024,7,2024-07,57,경기도,동두천시,무심정사,3,동두천 2024_07.csv,역사관광,종교성지
동두천,2024,7,2024-07,57,경기도,동두천시,보문사,3,동두천 2024_07.csv,역사관광,종교성지
동두천,2024,7,2024-07,57,경기도,동두천시,원흥사,3,동두천 2024_07.csv,역사관광,종교성지
동두천,2024,7,2024-07,57,경기도,동두천시,강변공원,3,동두천 2024_07.csv,문화관광,도시공원
동두천,2024,7,2024-07,57,경기도,동두천시,동두천시민공원,3,동두천 2024_07.csv,문화관광,도시공원
동두천,2024,7,2024-07,57,경기도,동두천시,숭모재강릉김씨사당,3,동두천 2024_07.csv,역사관광,역사유적지
동두천,2024,8,2024-08,1,경기도,동두천시,배꼽다리,3792,동두천 2024_08.csv,기타관광,기타관광
동두천,2024,8,2024-08,2,경기도,동두천시,왕방계곡,3011,동두천 2024_08.csv,자연관광,자연경관(산)
동두천,2024,8,2024-08,3,경기도,동두천시,티클라우드CC,2978,동두천 2024_08.csv,레저스포츠,육상레저스포츠
동두천,2024,8,2024-08,4,경기도,동두천시,소요산,2173,동두천 2024_08.csv,자연관광,자연경관(산)
동두천,2024,8,2024-08,5,경기도,동두천시,경기북부어린이박물관,1918,동두천 2024_08.csv,문화관광,전시시설
동두천,2024,8,2024-08,6,경기도,동두천시,니지모리스튜디오,1829,동두천 2024_08.csv,기타관광,기타관광
동두천,2024,8,2024-08,7,경기도,동두천시,동두천자연휴양림,1723,동두천 2024_08.csv,자연관광,자연공원
동두천,2024,8,2024-08,8,경기도,동두천시,놀자숲,1167,동두천 2024_08.csv,문화관광,테마공원
동두천,2024,8,2024-08,9,경기도,동두천시,샘터농원,1081,동두천 2024_08.csv,체험관광,농/산/어촌체험
동두천,2024,8,2024-08,10,경기도,동두천시,CGV동두천,929,동두천 2024_08.csv,문화관광,공연시설
동두천,2024,8,2024-08,11,경기도,동두천시,호림공방,912,동두천 2024_08.csv,문화관광,기타문화관광지
동두천,2024,8,2024-08,12,경기도,동두천시,중앙시장,756,동두천 2024_08.csv,쇼핑,시장
동두천,2024,8,2024-08,13,경기도,동두천시,탑동유원지,574,동두천 2024_08.csv,문화관광,복합관광시설
동두천,2024,8,2024-08,14,경기도,동두천시,동두천큰시장,540,동두천 2024_08.csv,쇼핑,시장
동두천,2024,8,2024-08,15,경기도,동두천시,소요별앤숲테마파크,424,동두천 2024_08.csv,문화관광,테마공원
동두천,2024,8,2024-08,16,경기도,동두천시,양키시장,415,동두천 2024_08.csv,쇼핑,시장
동두천,2024,8,2024-08,17,경기도,동두천시,동두천터미널,292,동두천 2024_08.csv,기타관광,교통시설
동두천,2024,8,2024-08,18,경기도,동두천시,쇠목계곡,214,동두천 2024_08.csv,자연관광,자연경관(산)
동두천,2024,8,2024-08,19,경기도,동두천시,동광극장,210,동두천 2024_08.csv,문화관광,공연시설
동두천,2024,8,2024-08,20,경기도,동두천시,동두천행복드림센터건축중(2024년12월 예정),176,동두천 2024_08.csv,문화관광,기타문화관광지
동두천,2024,8,2024-08,21,경기도,동두천시,자유수호평화박물관,169,동두천 2024_08.csv,문화관광,전시시설
동두천,2024,8,2024-08,22,경기도,동두천시,소요산국민관광지,160,동두천 2024_08.csv,문화관광,복합관광시설
동두천,2024,8,2024-08,23,경기도,동두천시,죠스수영장,144,동두천 2024_08.csv,문화관광,테마공원
동두천,2024,8,2024-08,24,경기도,동두천시,자재암,141,동두천 2024_08.csv,역사관광,종교성지
동두천,2024,8,2024-08,25,경기도,동두천시,문화극장,94,동두천 2024_08.csv,문화관광,공연시설
동두천,2024,8,2024-08,26,경기도,동두천시,신흥중고야구장,75,동두천 2024_08.csv,문화관광,레저스포츠시설
동두천,2024,8,2024-08,27,경기도,동두천시,두드림뮤직센터,73,동두천 2024_08.csv,문화관광,공연시설
동두천,2024,8,2024-08,28,경기도,동두천시,소요별앤숲테마파크상상물놀이장,69,동두천 2024_08.csv,문화관광,테마공원
동두천,2024,8,2024-08,29,경기도,동두천시,동두천배드민턴전용구장,61,동두천 2024_08.csv,레저스포츠,기타레저스포츠
동두천,2024,8,2024-08,30,경기도,동두천시,소요산역,57,동두천 2024_08.csv,기타관광,교통시설
동두천,2024,8,2024-08,31,경기도,동두천시,소요산관광지원센터,52,동두천 2024_08.csv,기타관광,기타관광
동두천,2024,8,2024-08,32,경기도,동두천시,오지재고개,45,동두천 2024_08.csv,자연관광,자연경관(산)
동두천,2024,8,2024-08,33,경기도,동두천시,동두천락페스티벌,44,동두천 2024_08.csv,문화관광,기타문화관광지
동두천,2024,8,2024-08,34,경기도,동두천시,동두천시제일시장,39,동두천 2024_08.csv,쇼핑,시장
동두천,2024,8,2024-08,34,경기도,동두천시,세아프라자,39,동두천 2024_08.csv,쇼핑,쇼핑몰
동두천,2024,8,2024-08,36,경기도,동두천시,동두천시시민회관실외수영장,33,동두천 2024_08.csv,문화관광,테마공원
동두천,2024,8,2024-08,37,경기도,동두천시,장림계곡,32,동두천 2024_08.csv,자연관광,자연경관(산)
동두천,2024,8,2024-08,38,경기도,동두천시,소요생활체육공원,31,동두천 2024_08.csv,문화관광,도시공원
동두천,2024,8,2024-08,39,경기도,동두천시,턱거리마을박물관1호점,22,동두천 2024_08.csv,문화관광,전시시설
동두천,2024,8,2024-08,40,경기도,동두천시,소요산어린이공원물놀이장,21,동두천 2024_08.csv,문화관광,테마공원
동두천,2024,8,2024-08,40,경기도,동두천시,구 동두천시외버스터미널,21,동두천 2024_08.csv,기타관광,교통시설
동두천,2024,8,2024-08,40,경기도,동두천시,소요산어린이공원,21,동두천 2024_08.csv,문화관광,도시공원
동두천,2024,8,2024-08,43,경기도,동두천시,서광사,18,동두천 2024_08.csv,역사관광,종교성지
동두천,2024,8,2024-08,44,경기도,동두천시,소요산야외음악당,14,동두천 2024_08.csv,문화관광,공연시설
동두천,2024,8,2024-08,45,경기도,동두천시,시민회관공연장,13,동두천 2024_08.csv,문화관광,공연시설
동두천,2024,8,2024-08,45,경기도,동두천시,원흥사,13,동두천 2024_08.csv,역사관광,종교성지
동두천,2024,8,2024-08,47,경기도,동두천시,놀자숲눈썰매장,10,동두천 2024_08.csv,레저스포츠,육상레저스포츠
동두천,2024,8,2024-08,47,경기도,동두천시,한컷공감미술관,10,동두천 2024_08.csv,문화관광,전시시설
동두천,2024,8,2024-08,47,경기도,동두천시,주짓수지행점,10,동두천 2024_08.csv,레저스포츠,기타레저스포츠
동두천,2024,8,2024-08,50,경기도,동두천시,반야사,9,동두천 2024_08.csv,역사관광,종교성지
동두천,2024,8,2024-08,50,경기도,동두천시,롤킹롤러스케이트장,9,동두천 2024_08.csv,레저스포츠,육상레저스포츠
동두천,2024,8,2024-08,52,경기도,동두천시,보문사,8,동두천 2024_08.csv,역사관광,종교성지
동두천,2024,8,2024-08,53,경기도,동두천시,못골생태공원,7,동두천 2024_08.csv,문화관광,도시공원
동두천,2024,8,2024-08,53,경기도,동두천시,청량사,7,동두천 2024_08.csv,역사관광,종교성지
동두천,2024,8,2024-08,53,경기도,동두천시,동두천역,7,동두천 2024_08.csv,기타관광,교통시설
동두천,2024,8,2024-08,53,경기도,동두천시,무심정사,7,동두천 2024_08.csv,역사관광,종교성지
동두천,2024,8,2024-08,57,경기도,동두천시,덕수사,6,동두천 2024_08.csv,역사관광,종교성지
동두천,2024,8,2024-08,57,경기도,동두천시,동두천 세아상가시장,6,동두천 2024_08.csv,쇼핑,시장
동두천,2024,8,2024-08,57,경기도,동두천시,스트라이크존동두천지행구장,6,동두천 2024_08.csv,레저스포츠,기타레저스포츠
동두천,2024,8,2024-08,60,경기도,동두천시,약수암,4,동두천 2024_08.csv,역사관광,종교성지
동두천,2024,8,2024-08,60,경기도,동두천시,일연사,4,동두천 2024_08.csv,역사관광,종교성지
동두천,2024,8,2024-08,60,경기도,동두천시,생연1어린이공원,4,동두천 2024_08.csv,문화관광,도시공원
동두천,2024,8,2024-08,63,경기도,동두천시,극락암,3,동두천 2024_08.csv,역사관광,종교성지
동두천,2024,8,2024-08,63,경기도,동두천시,중화사,3,동두천 2024_08.csv,역사관광,종교성지
동두천,2024,8,2024-08,63,경기도,동두천시,선화사,3,동두천 2024_08.csv,역사관광,종교성지
동두천,2024,8,2024-08,63,경기도,동두천시,광덕사,3,동두천 2024_08.csv,역사관광,종교성지
동두천,2024,8,2024-08,63,경기도,동두천시,또또와실내낚시터,3,동두천 2024_08.csv,레저스포츠,수상레저스포츠
동두천,2024,8,2024-08,63,경기도,동두천시,이담풋살장,3,동두천 2024_08.csv,문화관광,레저스포츠시설
동두천,2024,8,2024-08,63,경기도,동두천시,나츠마츠리,3,동두천 2024_08.csv,문화관광,기타문화관광지
동두천,2024,8,2024-08,63,경기도,동두천시,두레문화마을,3,동두천 2024_08.csv,레저스포츠,육상레저스포츠
동두천,2024,8,2024-08,63,경기도,동두천시,소요산문화생태공원,3,동두천 2024_08.csv,문화관광,도시공원
동두천,2024,9,2024-09,1,경기도,동두천시,티클라우드CC,3836,동두천 2024_09.csv,레저스포츠,육상레저스포츠
동두천,2024,9,2024-09,2,경기도,동두천시,소요산,2119,동두천 2024_09.csv,자연관광,자연경관(산)
동두천,2024,9,2024-09,3,경기도,동두천시,니지모리스튜디오,1952,동두천 2024_09.csv,기타관광,기타관광
동두천,2024,9,2024-09,4,경기도,동두천시,동두천자연휴양림,1545,동두천 2024_09.csv,자연관광,자연공원
동두천,2024,9,2024-09,5,경기도,동두천시,경기북부어린이박물관,1196,동두천 2024_09.csv,문화관광,전시시설
동두천,2024,9,2024-09,6,경기도,동두천시,배꼽다리,1088,동두천 2024_09.csv,기타관광,기타관광
동두천,2024,9,2024-09,7,경기도,동두천시,중앙시장,951,동두천 2024_09.csv,쇼핑,시장
동두천,2024,9,2024-09,8,경기도,동두천시,놀자숲,904,동두천 2024_09.csv,문화관광,테마공원
동두천,2024,9,2024-09,9,경기도,동두천시,CGV동두천,828,동두천 2024_09.csv,문화관광,공연시설
동두천,2024,9,2024-09,10,경기도,동두천시,왕방계곡,585,동두천 2024_09.csv,자연관광,자연경관(산)
동두천,2024,9,2024-09,11,경기도,동두천시,동두천큰시장,563,동두천 2024_09.csv,쇼핑,시장
동두천,2024,9,2024-09,12,경기도,동두천시,양키시장,396,동두천 2024_09.csv,쇼핑,시장
동두천,2024,9,2024-09,13,경기도,동두천시,동두천터미널,282,동두천 2024_09.csv,기타관광,교통시설
동두천,2024,9,2024-09,14,경기도,동두천시,소요별앤숲테마파크,263,동두천 2024_09.csv,문화관광,테마공원
동두천,2024,9,2024-09,15,경기도,동두천시,동광극장,260,동두천 2024_09.csv,문화관광,공연시설
동두천,2024,9,2024-09,16,경기도,동두천시,자재암,235,동두천 2024_09.csv,역사관광,종교성지
동두천,2024,9,2024-09,17,경기도,동두천시,호림공방,224,동두천 2024_09.csv,문화관광,기타문화관광지
동두천,2024,9,2024-09,18,경기도,동두천시,소요산국민관광지,173,동두천 2024_09.csv,문화관광,복합관광시설
동두천,2024,9,2024-09,19,경기도,동두천시,자유수호평화박물관,146,동두천 2024_09.csv,문화관광,전시시설
동두천,2024,9,2024-09,20,경기도,동두천시,샘터농원,135,동두천 2024_09.csv,체험관광,농/산/어촌체험
동두천,2024,9,2024-09,21,경기도,동두천시,탑동유원지,129,동두천 2024_09.csv,문화관광,복합관광시설
동두천,2024,9,2024-09,22,경기도,동두천시,신흥중고야구장,113,동두천 2024_09.csv,문화관광,레저스포츠시설
동두천,2024,9,2024-09,23,경기도,동두천시,소요산역,111,동두천 2024_09.csv,기타관광,교통시설
동두천,2024,9,2024-09,24,경기도,동두천시,쇠목계곡,72,동두천 2024_09.csv,자연관광,자연경관(산)
동두천,2024,9,2024-09,25,경기도,동두천시,오지재고개,64,동두천 2024_09.csv,자연관광,자연경관(산)
동두천,2024,9,2024-09,26,경기도,동두천시,동두천어울림센터건축중(2024년10월 완공예정),63,동두천 2024_09.csv,문화관광,기타문화관광지
동두천,2024,9,2024-09,27,경기도,동두천시,문화극장,50,동두천 2024_09.csv,문화관광,공연시설
동두천,2024,9,2024-09,27,경기도,동두천시,동두천시제일시장,50,동두천 2024_09.csv,쇼핑,시장
동두천,2024,9,2024-09,29,경기도,동두천시,동두천배드민턴전용구장,49,동두천 2024_09.csv,레저스포츠,기타레저스포츠
동두천,2024,9,2024-09,30,경기도,동두천시,소요산관광지원센터,47,동두천 2024_09.csv,기타관광,기타관광
동두천,2024,9,2024-09,31,경기도,동두천시,소요생활체육공원,32,동두천 2024_09.csv,문화관광,도시공원
동두천,2024,9,2024-09,32,경기도,동두천시,두드림뮤직센터,31,동두천 2024_09.csv,문화관광,공연시설
동두천,2024,9,2024-09,33,경기도,동두천시,구 동두천시외버스터미널,27,동두천 2024_09.csv,기타관광,교통시설
동두천,2024,9,2024-09,34,경기도,동두천시,세아프라자,19,동두천 2024_09.csv,쇼핑,쇼핑몰
동두천,2024,9,2024-09,34,경기도,동두천시,턱거리마을박물관1호점,19,동두천 2024_09.csv,문화관광,전시시설
동두천,2024,9,2024-09,36,경기도,동두천시,숭모재강릉김씨사당,18,동두천 2024_09.csv,역사관광,역사유적지
동두천,2024,9,2024-09,37,경기도,동두천시,동두천 세아상가시장,16,동두천 2024_09.csv,쇼핑,시장
동두천,2024,9,2024-09,38,경기도,동두천시,원흥사,14,동두천 2024_09.csv,역사관광,종교성지
동두천,2024,9,2024-09,38,경기도,동두천시,롤킹롤러스케이트장,14,동두천 2024_09.csv,레저스포츠,육상레저스포츠
동두천,2024,9,2024-09,40,경기도,동두천시,반야사,11,동두천 2024_09.csv,역사관광,종교성지
동두천,2024,9,2024-09,41,경기도,동두천시,서광사,9,동두천 2024_09.csv,역사관광,종교성지
동두천,2024,9,2024-09,42,경기도,동두천시,관음사,8,동두천 2024_09.csv,역사관광,종교성지
동두천,2024,9,2024-09,43,경기도,동두천시,스트라이크존동두천지행구장,7,동두천 2024_09.csv,레저스포츠,기타레저스포츠
동두천,2024,9,2024-09,44,경기도,동두천시,놀자숲눈썰매장,6,동두천 2024_09.csv,레저스포츠,육상레저스포츠
동두천,2024,9,2024-09,44,경기도,동두천시,선문사,6,동두천 2024_09.csv,역사관광,종교성지
동두천,2024,9,2024-09,44,경기도,동두천시,광덕사,6,동두천 2024_09.csv,역사관광,종교성지
동두천,2024,9,2024-09,44,경기도,동두천시,시민회관공연장,6,동두천 2024_09.csv,문화관광,공연시설
동두천,2024,9,2024-09,44,경기도,동두천시,일연사,6,동두천 2024_09.csv,역사관광,종교성지
동두천,2024,9,2024-09,44,경기도,동두천시,보문사,6,동두천 2024_09.csv,역사관광,종교성지
동두천,2024,9,2024-09,44,경기도,동두천시,대도사,6,동두천 2024_09.csv,역사관광,종교성지
동두천,2024,9,2024-09,44,경기도,동두천시,못골생태공원,6,동두천 2024_09.csv,문화관광,도시공원
동두천,2024,9,2024-09,52,경기도,동두천시,소요산야외음악당,5,동두천 2024_09.csv,문화관광,공연시설
동두천,2024,9,2024-09,52,경기도,동두천시,동두천시민공원,5,동두천 2024_09.csv,문화관광,도시공원
동두천,2024,9,2024-09,54,경기도,동두천시,이담풋살장,4,동두천 2024_09.csv,문화관광,레저스포츠시설
동두천,2024,9,2024-09,54,경기도,동두천시,동호정,4,동두천 2024_09.csv,레저스포츠,육상레저스포츠
동두천,2024,9,2024-09,54,경기도,동두천시,대성축산물센타,4,동두천 2024_09.csv,쇼핑,시장
동두천,2024,9,2024-09,57,경기도,동두천시,도자기공방숲,3,동두천 2024_09.csv,체험관광,공예체험
동두천,2024,9,2024-09,57,경기도,동두천시,죠스수영장,3,동두천 2024_09.csv,문화관광,테마공원
동두천,2024,9,2024-09,57,경기도,동두천시,동두천역,3,동두천 2024_09.csv,기타관광,교통시설
동두천,2024,9,2024-09,57,경기도,동두천시,두레문화마을,3,동두천 2024_09.csv,레저스포츠,육상레저스포츠
동두천,2024,9,2024-09,57,경기도,동두천시,어등산레포츠공원,3,동두천 2024_09.csv,문화관광,도시공원
동두천,2024,9,2024-09,57,경기도,동두천시,한컷공감미술관,3,동두천 2024_09.csv,문화관광,전시시설
동두천,2024,9,2024-09,57,경기도,동두천시,무심정사,3,동두천 2024_09.csv,역사관광,종교성지
동두천,2024,9,2024-09,57,경기도,동두천시,덕수사,3,동두천 2024_09.csv,역사관광,종교성지
동두천,2024,9,2024-09,57,경기도,동두천시,원터공원,3,동두천 2024_09.csv,문화관광,도시공원
동두천,2024,9,2024-09,57,경기도,동두천시,영스포렉스,3,동두천 2024_09.csv,레저스포츠,기타레저스포츠
동두천,2024,9,2024-09,57,경기도,동두천시,소요산어린이공원,3,동두천 2024_09.csv,문화관광,도시공원
동두천,2024,9,2024-09,57,경기도,동두천시,삼충단,3,동두천 2024_09.csv,역사관광,역사유적지
동두천,2024,10,2024-10,1,경기도,동두천시,티클라우드CC,4045,동두천 2024_10.csv,레저스포츠,육상레저스포츠
동두천,2024,10,2024-10,2,경기도,동두천시,니지모리스튜디오,3830,동두천 2024_10.csv,기타관광,기타관광
동두천,2024,10,2024-10,3,경기도,동두천시,소요산,3689,동두천 2024_10.csv,자연관광,자연경관(산)
동두천,2024,10,2024-10,4,경기도,동두천시,동두천자연휴양림,1695,동두천 2024_10.csv,자연관광,자연공원
동두천,2024,10,2024-10,5,경기도,동두천시,놀자숲,1636,동두천 2024_10.csv,문화관광,테마공원
동두천,2024,10,2024-10,6,경기도,동두천시,경기북부어린이박물관,1340,동두천 2024_10.csv,문화관광,전시시설
동두천,2024,10,2024-10,7,경기도,동두천시,중앙시장,862,동두천 2024_10.csv,쇼핑,시장
동두천,2024,10,2024-10,8,경기도,동두천시,CGV동두천,540,동두천 2024_10.csv,문화관광,공연시설
동두천,2024,10,2024-10,9,경기도,동두천시,동두천큰시장,507,동두천 2024_10.csv,쇼핑,시장
동두천,2024,10,2024-10,10,경기도,동두천시,양키시장,398,동두천 2024_10.csv,쇼핑,시장
동두천,2024,10,2024-10,11,경기도,동두천시,소요별앤숲테마파크,374,동두천 2024_10.csv,문화관광,테마공원
동두천,2024,10,2024-10,12,경기도,동두천시,동두천터미널,328,동두천 2024_10.csv,기타관광,교통시설
동두천,2024,10,2024-10,13,경기도,동두천시,배꼽다리,324,동두천 2024_10.csv,기타관광,기타관광
동두천,2024,10,2024-10,14,경기도,동두천시,소요산국민관광지,320,동두천 2024_10.csv,문화관광,복합관광시설
동두천,2024,10,2024-10,15,경기도,동두천시,동두천어울림센터,257,동두천 2024_10.csv,문화관광,기타문화관광지
동두천,2024,10,2024-10,16,경기도,동두천시,호림공방,244,동두천 2024_10.csv,문화관광,기타문화관광지
동두천,2024,10,2024-10,17,경기도,동두천시,동광극장,241,동두천 2024_10.csv,문화관광,공연시설
동두천,2024,10,2024-10,18,경기도,동두천시,왕방계곡,182,동두천 2024_10.csv,자연관광,자연경관(산)
동두천,2024,10,2024-10,19,경기도,동두천시,자유수호평화박물관,163,동두천 2024_10.csv,문화관광,전시시설
동두천,2024,10,2024-10,20,경기도,동두천시,자재암,144,동두천 2024_10.csv,역사관광,종교성지
동두천,2024,10,2024-10,21,경기도,동두천시,소요산관광지원센터,134,동두천 2024_10.csv,기타관광,기타관광
동두천,2024,10,2024-10,22,경기도,동두천시,신흥중고야구장,125,동두천 2024_10.csv,문화관광,레저스포츠시설
동두천,2024,10,2024-10,23,경기도,동두천시,소요산역,104,동두천 2024_10.csv,기타관광,교통시설
동두천,2024,10,2024-10,24,경기도,동두천시,소요산야외음악당,93,동두천 2024_10.csv,문화관광,공연시설
동두천,2024,10,2024-10,25,경기도,동두천시,오지재고개,61,동두천 2024_10.csv,자연관광,자연경관(산)
동두천,2024,10,2024-10,26,경기도,동두천시,두드림뮤직센터,55,동두천 2024_10.csv,문화관광,공연시설
동두천,2024,10,2024-10,27,경기도,동두천시,동두천배드민턴전용구장,54,동두천 2024_10.csv,레저스포츠,기타레저스포츠
동두천,2024,10,2024-10,28,경기도,동두천시,동두천시민공원,43,동두천 2024_10.csv,문화관광,도시공원
동두천,2024,10,2024-10,29,경기도,동두천시,소요생활체육공원,37,동두천 2024_10.csv,문화관광,도시공원
동두천,2024,10,2024-10,30,경기도,동두천시,쇠목계곡,36,동두천 2024_10.csv,자연관광,자연경관(산)
동두천,2024,10,2024-10,31,경기도,동두천시,문화극장,31,동두천 2024_10.csv,문화관광,공연시설
동두천,2024,10,2024-10,31,경기도,동두천시,탑동유원지,31,동두천 2024_10.csv,문화관광,복합관광시설
동두천,2024,10,2024-10,33,경기도,동두천시,동두천시제일시장,28,동두천 2024_10.csv,쇼핑,시장
동두천,2024,10,2024-10,34,경기도,동두천시,소요산단풍문화제,27,동두천 2024_10.csv,문화관광,기타문화관광지
동두천,2024,10,2024-10,35,경기도,동두천시,샘터농원,18,동두천 2024_10.csv,체험관광,농/산/어촌체험
동두천,2024,10,2024-10,36,경기도,동두천시,세아프라자,17,동두천 2024_10.csv,쇼핑,쇼핑몰
동두천,2024,10,2024-10,37,경기도,동두천시,한컷공감미술관,13,동두천 2024_10.csv,문화관광,전시시설
동두천,2024,10,2024-10,37,경기도,동두천시,해룡산,13,동두천 2024_10.csv,자연관광,자연경관(산)
동두천,2024,10,2024-10,37,경기도,동두천시,왕방산국사당굿당,13,동두천 2024_10.csv,역사관광,종교성지
동두천,2024,10,2024-10,37,경기도,동두천시,강변공원,13,동두천 2024_10.csv,문화관광,도시공원
동두천,2024,10,2024-10,41,경기도,동두천시,계룡농장,11,동두천 2024_10.csv,체험관광,농/산/어촌체험
동두천,2024,10,2024-10,41,경기도,동두천시,또또와실내낚시터,11,동두천 2024_10.csv,레저스포츠,수상레저스포츠
동두천,2024,10,2024-10,41,경기도,동두천시,아키마츠리,11,동두천 2024_10.csv,문화관광,기타문화관광지
동두천,2024,10,2024-10,44,경기도,동두천시,구 동두천시외버스터미널,10,동두천 2024_10.csv,기타관광,교통시설
동두천,2024,10,2024-10,44,경기도,동두천시,소요산어린이공원,10,동두천 2024_10.csv,문화관광,도시공원
동두천,2024,10,2024-10,46,경기도,동두천시,시민회관공연장,9,동두천 2024_10.csv,문화관광,공연시설
동두천,2024,10,2024-10,46,경기도,동두천시,반야사,9,동두천 2024_10.csv,역사관광,종교성지
동두천,2024,10,2024-10,48,경기도,동두천시,보문사,8,동두천 2024_10.csv,역사관광,종교성지
동두천,2024,10,2024-10,49,경기도,동두천시,생연근린공원,7,동두천 2024_10.csv,문화관광,도시공원
동두천,2024,10,2024-10,49,경기도,동두천시,롤킹롤러스케이트장,7,동두천 2024_10.csv,레저스포츠,육상레저스포츠
동두천,2024,10,2024-10,51,경기도,동두천시,못골생태공원,6,동두천 2024_10.csv,문화관광,도시공원
동두천,2024,10,2024-10,51,경기도,동두천시,평화의 소녀상,6,동두천 2024_10.csv,역사관광,역사유물
동두천,2024,10,2024-10,51,경기도,동두천시,중화사,6,동두천 2024_10.csv,역사관광,종교성지
동두천,2024,10,2024-10,51,경기도,동두천시,소요산문화생태공원,6,동두천 2024_10.csv,문화관광,도시공원
동두천,2024,10,2024-10,51,경기도,동두천시,동두천역,6,동두천 2024_10.csv,기타관광,교통시설
동두천,2024,10,2024-10,51,경기도,동두천시,턱거리마을박물관1호점,6,동두천 2024_10.csv,문화관광,전시시설
동두천,2024,10,2024-10,51,경기도,동두천시,어등산레포츠공원,6,동두천 2024_10.csv,문화관광,도시공원
동두천,2024,10,2024-10,58,경기도,동두천시,놀자숲눈썰매장,5,동두천 2024_10.csv,레저스포츠,육상레저스포츠
동두천,2024,10,2024-10,58,경기도,동두천시,약사암,5,동두천 2024_10.csv,역사관광,종교성지
동두천,2024,10,2024-10,60,경기도,동두천시,두레문화마을,4,동두천 2024_10.csv,레저스포츠,육상레저스포츠
동두천,2024,10,2024-10,60,경기도,동두천시,원터공원,4,동두천 2024_10.csv,문화관광,도시공원
동두천,2024,10,2024-10,60,경기도,동두천시,스트라이크존동두천지행구장,4,동두천 2024_10.csv,레저스포츠,기타레저스포츠
동두천,2024,10,2024-10,63,경기도,동두천시,자원암,3,동두천 2024_10.csv,역사관광,종교성지
동두천,2024,10,2024-10,63,경기도,동두천시,자유수호평화박물관벚꽃길,3,동두천 2024_10.csv,기타관광,기타관광
동두천,2024,10,2024-10,63,경기도,동두천시,영스포렉스,3,동두천 2024_10.csv,레저스포츠,기타레저스포츠
동두천,2024,10,2024-10,63,경기도,동두천시,주짓수지행점,3,동두천 2024_10.csv,레저스포츠,기타레저스포츠
동두천,2024,10,2024-10,63,경기도,동두천시,서광사,3,동두천 2024_10.csv,역사관광,종교성지
동두천,2024,10,2024-10,63,경기도,동두천시,동두천 세아상가시장,3,동두천 2024_10.csv,쇼핑,시장
동두천,2024,10,2024-10,63,경기도,동두천시,약수암,3,동두천 2024_10.csv,역사관광,종교성지
동두천,2024,10,2024-10,63,경기도,동두천시,무심정사,3,동두천 2024_10.csv,역사관광,종교성지
동두천,2024,10,2024-10,63,경기도,동두천시,만복사,3,동두천 2024_10.csv,역사관광,종교성지
동두천,2024,10,2024-10,63,경기도,동두천시,이담풋살장,3,동두천 2024_10.csv,문화관광,레저스포츠시설
동두천,2024,11,2024-11,1,경기도,동두천시,소요산,3858,동두천 2024_11.csv,자연관광,자연경관(산)
동두천,2024,11,2024-11,2,경기도,동두천시,티클라우드CC,2889,동두천 2024_11.csv,레저스포츠,육상레저스포츠
동두천,2024,11,2024-11,3,경기도,동두천시,니지모리스튜디오,2783,동두천 2024_11.csv,기타관광,기타관광
동두천,2024,11,2024-11,4,경기도,동두천시,동두천자연휴양림,1411,동두천 2024_11.csv,자연관광,자연공원
동두천,2024,11,2024-11,5,경기도,동두천시,경기북부어린이박물관,1108,동두천 2024_11.csv,문화관광,전시시설
동두천,2024,11,2024-11,6,경기도,동두천시,놀자숲,1097,동두천 2024_11.csv,문화관광,테마공원
동두천,2024,11,2024-11,7,경기도,동두천시,중앙시장,907,동두천 2024_11.csv,쇼핑,시장
동두천,2024,11,2024-11,8,경기도,동두천시,동두천큰시장,601,동두천 2024_11.csv,쇼핑,시장
동두천,2024,11,2024-11,9,경기도,동두천시,CGV동두천,538,동두천 2024_11.csv,문화관광,공연시설
동두천,2024,11,2024-11,10,경기도,동두천시,동두천어울림센터,453,동두천 2024_11.csv,문화관광,기타문화관광지
동두천,2024,11,2024-11,11,경기도,동두천시,동두천터미널,412,동두천 2024_11.csv,기타관광,교통시설
동두천,2024,11,2024-11,12,경기도,동두천시,양키시장,376,동두천 2024_11.csv,쇼핑,시장
동두천,2024,11,2024-11,13,경기도,동두천시,소요산국민관광지,302,동두천 2024_11.csv,문화관광,복합관광시설
동두천,2024,11,2024-11,14,경기도,동두천시,소요별앤숲테마파크,297,동두천 2024_11.csv,문화관광,테마공원
동두천,2024,11,2024-11,15,경기도,동두천시,동광극장,199,동두천 2024_11.csv,문화관광,공연시설
동두천,2024,11,2024-11,16,경기도,동두천시,신흥중고야구장,167,동두천 2024_11.csv,문화관광,레저스포츠시설
동두천,2024,11,2024-11,17,경기도,동두천시,자유수호평화박물관,164,동두천 2024_11.csv,문화관광,전시시설
동두천,2024,11,2024-11,18,경기도,동두천시,자재암,142,동두천 2024_11.csv,역사관광,종교성지
동두천,2024,11,2024-11,19,경기도,동두천시,소요산관광지원센터,99,동두천 2024_11.csv,기타관광,기타관광
동두천,2024,11,2024-11,20,경기도,동두천시,소요산역,93,동두천 2024_11.csv,기타관광,교통시설
동두천,2024,11,2024-11,21,경기도,동두천시,왕방계곡,84,동두천 2024_11.csv,자연관광,자연경관(산)
동두천,2024,11,2024-11,22,경기도,동두천시,소요산야외음악당,65,동두천 2024_11.csv,문화관광,공연시설
동두천,2024,11,2024-11,23,경기도,동두천시,배꼽다리,64,동두천 2024_11.csv,기타관광,기타관광
동두천,2024,11,2024-11,24,경기도,동두천시,오지재고개,59,동두천 2024_11.csv,자연관광,자연경관(산)
동두천,2024,11,2024-11,25,경기도,동두천시,두드림뮤직센터,51,동두천 2024_11.csv,문화관광,공연시설
동두천,2024,11,2024-11,26,경기도,동두천시,동두천시제일시장,49,동두천 2024_11.csv,쇼핑,시장
동두천,2024,11,2024-11,27,경기도,동두천시,문화극장,42,동두천 2024_11.csv,문화관광,공연시설
동두천,2024,11,2024-11,28,경기도,동두천시,동두천배드민턴전용구장,41,동두천 2024_11.csv,레저스포츠,기타레저스포츠
동두천,2024,11,2024-11,29,경기도,동두천시,세아프라자,33,동두천 2024_11.csv,쇼핑,쇼핑몰
동두천,2024,11,2024-11,30,경기도,동두천시,탑동유원지,31,동두천 2024_11.csv,문화관광,복합관광시설
동두천,2024,11,2024-11,31,경기도,동두천시,한컷공감미술관,27,동두천 2024_11.csv,문화관광,전시시설
동두천,2024,11,2024-11,32,경기도,동두천시,시민회관공연장,20,동두천 2024_11.csv,문화관광,공연시설
동두천,2024,11,2024-11,33,경기도,동두천시,이담풋살장,15,동두천 2024_11.csv,문화관광,레저스포츠시설
동두천,2024,11,2024-11,33,경기도,동두천시,소요생활체육공원,15,동두천 2024_11.csv,문화관광,도시공원
동두천,2024,11,2024-11,35,경기도,동두천시,꿈이담키즈헬스케어센터,12,동두천 2024_11.csv,문화관광,테마공원
동두천,2024,11,2024-11,35,경기도,동두천시,구 동두천시외버스터미널,12,동두천 2024_11.csv,기타관광,교통시설
동두천,2024,11,2024-11,35,경기도,동두천시,원터공원,12,동두천 2024_11.csv,문화관광,도시공원
동두천,2024,11,2024-11,35,경기도,동두천시,호림공방,12,동두천 2024_11.csv,문화관광,기타문화관광지
동두천,2024,11,2024-11,39,경기도,동두천시,놀자숲눈썰매장,11,동두천 2024_11.csv,레저스포츠,육상레저스포츠
동두천,2024,11,2024-11,39,경기도,동두천시,해룡산,11,동두천 2024_11.csv,자연관광,자연경관(산)
동두천,2024,11,2024-11,41,경기도,동두천시,왕방산국사당굿당,10,동두천 2024_11.csv,역사관광,종교성지
동두천,2024,11,2024-11,41,경기도,동두천시,샘터농원,10,동두천 2024_11.csv,체험관광,농/산/어촌체험
동두천,2024,11,2024-11,41,경기도,동두천시,스트라이크존동두천지행구장,10,동두천 2024_11.csv,레저스포츠,기타레저스포츠
동두천,2024,11,2024-11,44,경기도,동두천시,턱거리마을박물관1호점,9,동두천 2024_11.csv,문화관광,전시시설
동두천,2024,11,2024-11,44,경기도,동두천시,쇠목계곡,9,동두천 2024_11.csv,자연관광,자연경관(산)
동두천,2024,11,2024-11,44,경기도,동두천시,롤킹롤러스케이트장,9,동두천 2024_11.csv,레저스포츠,육상레저스포츠
동두천,2024,11,2024-11,47,경기도,동두천시,또또와실내낚시터,8,동두천 2024_11.csv,레저스포츠,수상레저스포츠
동두천,2024,11,2024-11,48,경기도,동두천시,반야사,7,동두천 2024_11.csv,역사관광,종교성지
동두천,2024,11,2024-11,48,경기도,동두천시,원흥사,7,동두천 2024_11.csv,역사관광,종교성지
동두천,2024,11,2024-11,50,경기도,동두천시,동두천역,6,동두천 2024_11.csv,기타관광,교통시설
동두천,2024,11,2024-11,51,경기도,동두천시,무심정사,5,동두천 2024_11.csv,역사관광,종교성지
동두천,2024,11,2024-11,52,경기도,동두천시,광덕사,4,동두천 2024_11.csv,역사관광,종교성지
동두천,2024,11,2024-11,52,경기도,동두천시,숭모재강릉김씨사당,4,동두천 2024_11.csv,역사관광,역사유적지
동두천,2024,11,2024-11,54,경기도,동두천시,박찬호야구공원,3,동두천 2024_11.csv,문화관광,도시공원
동두천,2024,11,2024-11,54,경기도,동두천시,두레문화마을,3,동두천 2024_11.csv,레저스포츠,육상레저스포츠
동두천,2024,11,2024-11,54,경기도,동두천시,효종암,3,동두천 2024_11.csv,역사관광,종교성지
동두천,2024,11,2024-11,54,경기도,동두천시,어유소장군사당,3,동두천 2024_11.csv,역사관광,역사유적지
동두천,2024,11,2024-11,54,경기도,동두천시,덕수사,3,동두천 2024_11.csv,역사관광,종교성지
동두천,2024,11,2024-11,54,경기도,동두천시,선화사,3,동두천 2024_11.csv,역사관광,종교성지
동두천,2024,11,2024-11,54,경기도,동두천시,신선약수터,3,동두천 2024_11.csv,자연관광,자연경관(산)
동두천,2024,11,2024-11,54,경기도,동두천시,동두천 세아상가시장,3,동두천 2024_11.csv,쇼핑,시장
동두천,2024,11,2024-11,54,경기도,동두천시,대성축산물센타,3,동두천 2024_11.csv,쇼핑,시장
동두천,2024,11,2024-11,54,경기도,동두천시,소요산어린이공원,3,동두천 2024_11.csv,문화관광,도시공원
동두천,2024,11,2024-11,54,경기도,동두천시,상패수변공원,3,동두천 2024_11.csv,문화관광,도시공원
동두천,2024,12,2024-12,1,경기도,동두천시,니지모리스튜디오,4472,동두천 2024_12.csv,기타관광,기타관광
동두천,2024,12,2024-12,2,경기도,동두천시,소요산,1374,동두천 2024_12.csv,자연관광,자연경관(산)
동두천,2024,12,2024-12,3,경기도,동두천시,경기북부어린이박물관,1193,동두천 2024_12.csv,문화관광,전시시설
동두천,2024,12,2024-12,4,경기도,동두천시,동두천자연휴양림,1123,동두천 2024_12.csv,자연관광,자연공원
동두천,2024,12,2024-12,5,경기도,동두천시,중앙시장,924,동두천 2024_12.csv,쇼핑,시장
동두천,2024,12,2024-12,6,경기도,동두천시,티클라우드CC,905,동두천 2024_12.csv,레저스포츠,육상레저스포츠
동두천,2024,12,2024-12,7,경기도,동두천시,CGV동두천,882,동두천 2024_12.csv,문화관광,공연시설
동두천,2024,12,2024-12,8,경기도,동두천시,놀자숲,578,동두천 2024_12.csv,문화관광,테마공원
동두천,2024,12,2024-12,9,경기도,동두천시,동두천큰시장,448,동두천 2024_12.csv,쇼핑,시장
동두천,2024,12,2024-12,10,경기도,동두천시,동두천어울림센터,389,동두천 2024_12.csv,문화관광,기타문화관광지
동두천,2024,12,2024-12,11,경기도,동두천시,양키시장,363,동두천 2024_12.csv,쇼핑,시장
동두천,2024,12,2024-12,12,경기도,동두천시,동두천터미널,360,동두천 2024_12.csv,기타관광,교통시설
동두천,2024,12,2024-12,13,경기도,동두천시,소요별앤숲테마파크,193,동두천 2024_12.csv,문화관광,테마공원
동두천,2024,12,2024-12,14,경기도,동두천시,동광극장,184,동두천 2024_12.csv,문화관광,공연시설
동두천,2024,12,2024-12,15,경기도,동두천시,놀자숲눈썰매장,118,동두천 2024_12.csv,레저스포츠,육상레저스포츠
동두천,2024,12,2024-12,16,경기도,동두천시,자유수호평화박물관,114,동두천 2024_12.csv,문화관광,전시시설
동두천,2024,12,2024-12,17,경기도,동두천시,자재암,85,동두천 2024_12.csv,역사관광,종교성지
동두천,2024,12,2024-12,18,경기도,동두천시,소요산관광지원센터,73,동두천 2024_12.csv,기타관광,기타관광
동두천,2024,12,2024-12,19,경기도,동두천시,소요산역,53,동두천 2024_12.csv,기타관광,교통시설
동두천,2024,12,2024-12,20,경기도,동두천시,소요산국민관광지,50,동두천 2024_12.csv,문화관광,복합관광시설
동두천,2024,12,2024-12,21,경기도,동두천시,왕방계곡,48,동두천 2024_12.csv,자연관광,자연경관(산)
동두천,2024,12,2024-12,21,경기도,동두천시,문화극장,48,동두천 2024_12.csv,문화관광,공연시설
동두천,2024,12,2024-12,23,경기도,동두천시,오지재고개,44,동두천 2024_12.csv,자연관광,자연경관(산)
동두천,2024,12,2024-12,24,경기도,동두천시,두드림뮤직센터,32,동두천 2024_12.csv,문화관광,공연시설
동두천,2024,12,2024-12,25,경기도,동두천시,동두천시제일시장,28,동두천 2024_12.csv,쇼핑,시장
동두천,2024,12,2024-12,26,경기도,동두천시,시민회관공연장,27,동두천 2024_12.csv,문화관광,공연시설
동두천,2024,12,2024-12,27,경기도,동두천시,동두천배드민턴전용구장,26,동두천 2024_12.csv,레저스포츠,기타레저스포츠
동두천,2024,12,2024-12,28,경기도,동두천시,중화사,24,동두천 2024_12.csv,역사관광,종교성지
동두천,2024,12,2024-12,28,경기도,동두천시,세아프라자,24,동두천 2024_12.csv,쇼핑,쇼핑몰
동두천,2024,12,2024-12,30,경기도,동두천시,후유마츠리,23,동두천 2024_12.csv,문화관광,기타문화관광지
동두천,2024,12,2024-12,31,경기도,동두천시,왕방산국사당굿당,14,동두천 2024_12.csv,역사관광,종교성지
동두천,2024,12,2024-12,31,경기도,동두천시,구 동두천시외버스터미널,14,동두천 2024_12.csv,기타관광,교통시설
동두천,2024,12,2024-12,33,경기도,동두천시,약수암,12,동두천 2024_12.csv,역사관광,종교성지
동두천,2024,12,2024-12,33,경기도,동두천시,동두천 세아상가시장,12,동두천 2024_12.csv,쇼핑,시장
동두천,2024,12,2024-12,35,경기도,동두천시,또또와실내낚시터,10,동두천 2024_12.csv,레저스포츠,수상레저스포츠
동두천,2024,12,2024-12,35,경기도,동두천시,보문사,10,동두천 2024_12.csv,역사관광,종교성지
동두천,2024,12,2024-12,37,경기도,동두천시,꿈이담키즈헬스케어센터,9,동두천 2024_12.csv,문화관광,테마공원
동두천,2024,12,2024-12,37,경기도,동두천시,반야사,9,동두천 2024_12.csv,역사관광,종교성지
동두천,2024,12,2024-12,39,경기도,동두천시,소요생활체육공원,7,동두천 2024_12.csv,문화관광,도시공원
동두천,2024,12,2024-12,39,경기도,동두천시,스트라이크존동두천지행구장,7,동두천 2024_12.csv,레저스포츠,기타레저스포츠
동두천,2024,12,2024-12,39,경기도,동두천시,롤킹롤러스케이트장,7,동두천 2024_12.csv,레저스포츠,육상레저스포츠
동두천,2024,12,2024-12,42,경기도,동두천시,신흥중고야구장,6,동두천 2024_12.csv,문화관광,레저스포츠시설
동두천,2024,12,2024-12,43,경기도,동두천시,서광사,5,동두천 2024_12.csv,역사관광,종교성지
동두천,2024,12,2024-12,43,경기도,동두천시,시민평화공원,5,동두천 2024_12.csv,문화관광,도시공원
동두천,2024,12,2024-12,45,경기도,동두천시,보광사,4,동두천 2024_12.csv,역사관광,종교성지
동두천,2024,12,2024-12,45,경기도,동두천시,원흥사,4,동두천 2024_12.csv,역사관광,종교성지
동두천,2024,12,2024-12,47,경기도,동두천시,자유수호평화박물관벚꽃길,3,동두천 2024_12.csv,기타관광,기타관광
동두천,2024,12,2024-12,47,경기도,동두천시,탑동유원지,3,동두천 2024_12.csv,문화관광,복합관광시설
동두천,2024,12,2024-12,47,경기도,동두천시,샘터농원,3,동두천 2024_12.csv,체험관광,농/산/어촌체험
동두천,2024,12,2024-12,47,경기도,동두천시,강변공원,3,동두천 2024_12.csv,문화관광,도시공원
동두천,2024,12,2024-12,47,경기도,동두천시,일연사,3,동두천 2024_12.csv,역사관광,종교성지
동두천,2024,12,2024-12,47,경기도,동두천시,원터공원,3,동두천 2024_12.csv,문화관광,도시공원
동두천,2024,12,2024-12,47,경기도,동두천시,칠봉사,3,동두천 2024_12.csv,역사관광,종교성지
동두천,2024,12,2024-12,47,경기도,동두천시,무심정사,3,동두천 2024_12.csv,역사관광,종교성지
동두천,2024,12,2024-12,47,경기도,동두천시,홍덕문선생추모비,3,동두천 2024_12.csv,역사관광,역사유물
동두천,2024,12,2024-12,47,경기도,동두천시,효종암,3,동두천 2024_12.csv,역사관광,종교성지
동두천,2024,12,2024-12,47,경기도,동두천시,신광사,3,동두천 2024_12.csv,역사관광,종교성지
동두천,2024,12,2024-12,47,경기도,동두천시,청량사,3,동두천 2024_12.csv,역사관광,종교성지
동두천,2024,12,2024-12,47,경기도,동두천시,동두천역,3,동두천 2024_12.csv,기타관광,교통시설
동두천,2024,12,2024-12,47,경기도,동두천시,소요산야외음악당,3,동두천 2024_12.csv,문화관광,공연시설
동두천,2024,12,2024-12,47,경기도,동두천시,턱거리마을박물관1호점,3,동두천 2024_12.csv,문화관광,전시시설
동두천,2025,1,2025-01,1,경기도,동두천시,니지모리스튜디오,4101,동두천 2025_01.csv,기타관광,기타관광
동두천,2025,1,2025-01,2,경기도,동두천시,소요산,1306,동두천 2025_01.csv,자연관광,자연경관(산)
동두천,2025,1,2025-01,3,경기도,동두천시,경기북부어린이박물관,1166,동두천 2025_01.csv,문화관광,전시시설
동두천,2025,1,2025-01,4,경기도,동두천시,중앙시장,902,동두천 2025_01.csv,쇼핑,시장
동두천,2025,1,2025-01,5,경기도,동두천시,놀자숲,829,동두천 2025_01.csv,문화관광,테마공원
동두천,2025,1,2025-01,6,경기도,동두천시,CGV동두천,649,동두천 2025_01.csv,문화관광,공연시설
동두천,2025,1,2025-01,7,경기도,동두천시,동두천큰시장,442,동두천 2025_01.csv,쇼핑,시장
동두천,2025,1,2025-01,8,경기도,동두천시,동두천자연휴양림,437,동두천 2025_01.csv,자연관광,자연공원
동두천,2025,1,2025-01,9,경기도,동두천시,양키시장,368,동두천 2025_01.csv,쇼핑,시장
동두천,2025,1,2025-01,10,경기도,동두천시,동두천어울림센터,360,동두천 2025_01.csv,문화관광,기타문화관광지
동두천,2025,1,2025-01,11,경기도,동두천시,동두천터미널,265,동두천 2025_01.csv,기타관광,교통시설
동두천,2025,1,2025-01,12,경기도,동두천시,동광극장,221,동두천 2025_01.csv,문화관광,공연시설
동두천,2025,1,2025-01,13,경기도,동두천시,놀자숲눈썰매장,154,동두천 2025_01.csv,레저스포츠,육상레저스포츠
동두천,2025,1,2025-01,14,경기도,동두천시,티클라우드CC,139,동두천 2025_01.csv,레저스포츠,육상레저스포츠
동두천,2025,1,2025-01,15,경기도,동두천시,자재암,85,동두천 2025_01.csv,역사관광,종교성지
동두천,2025,1,2025-01,16,경기도,동두천시,소요산국민관광지,75,동두천 2025_01.csv,문화관광,복합관광시설
동두천,2025,1,2025-01,17,경기도,동두천시,자유수호평화박물관,74,동두천 2025_01.csv,문화관광,전시시설
동두천,2025,1,2025-01,18,경기도,동두천시,소요별앤숲테마파크,72,동두천 2025_01.csv,문화관광,테마공원
동두천,2025,1,2025-01,19,경기도,동두천시,동두천배드민턴전용구장,42,동두천 2025_01.csv,레저스포츠,기타레저스포츠
동두천,2025,1,2025-01,20,경기도,동두천시,소요산관광지원센터,40,동두천 2025_01.csv,기타관광,기타관광
동두천,2025,1,2025-01,20,경기도,동두천시,중화사,40,동두천 2025_01.csv,역사관광,종교성지
동두천,2025,1,2025-01,22,경기도,동두천시,왕방계곡,38,동두천 2025_01.csv,자연관광,자연경관(산)
동두천,2025,1,2025-01,23,경기도,동두천시,문화극장,37,동두천 2025_01.csv,문화관광,공연시설
동두천,2025,1,2025-01,24,경기도,동두천시,세아프라자,36,동두천 2025_01.csv,쇼핑,쇼핑몰
동두천,2025,1,2025-01,25,경기도,동두천시,소요산역,33,동두천 2025_01.csv,기타관광,교통시설
동두천,2025,1,2025-01,26,경기도,동두천시,동두천시제일시장,28,동두천 2025_01.csv,쇼핑,시장
동두천,2025,1,2025-01,26,경기도,동두천시,오지재고개,28,동두천 2025_01.csv,자연관광,자연경관(산)
동두천,2025,1,2025-01,28,경기도,동두천시,롤킹롤러스케이트장,26,동두천 2025_01.csv,레저스포츠,육상레저스포츠
동두천,2025,1,2025-01,29,경기도,동두천시,동두천시탁구아레나,13,동두천 2025_01.csv,레저스포츠,기타레저스포츠
동두천,2025,1,2025-01,30,경기도,동두천시,또또와실내낚시터,12,동두천 2025_01.csv,레저스포츠,수상레저스포츠
동두천,2025,1,2025-01,31,경기도,동두천시,무심정사,11,동두천 2025_01.csv,역사관광,종교성지
동두천,2025,1,2025-01,32,경기도,동두천시,원흥사,10,동두천 2025_01.csv,역사관광,종교성지
동두천,2025,1,2025-01,32,경기도,동두천시,상패수변공원,10,동두천 2025_01.csv,문화관광,도시공원
동두천,2025,1,2025-01,34,경기도,동두천시,왕방산국사당굿당,9,동두천 2025_01.csv,역사관광,종교성지
동두천,2025,1,2025-01,34,경기도,동두천시,광덕사,9,동두천 2025_01.csv,역사관광,종교성지
동두천,2025,1,2025-01,34,경기도,동두천시,서광사,9,동두천 2025_01.csv,역사관광,종교성지
동두천,2025,1,2025-01,37,경기도,동두천시,신흥중고야구장,8,동두천 2025_01.csv,문화관광,레저스포츠시설
동두천,2025,1,2025-01,37,경기도,동두천시,반야사,8,동두천 2025_01.csv,역사관광,종교성지
동두천,2025,1,2025-01,39,경기도,동두천시,스트라이크존동두천지행구장,7,동두천 2025_01.csv,레저스포츠,기타레저스포츠
동두천,2025,1,2025-01,39,경기도,동두천시,두드림뮤직센터,7,동두천 2025_01.csv,문화관광,공연시설
동두천,2025,1,2025-01,39,경기도,동두천시,탑동유원지,7,동두천 2025_01.csv,문화관광,복합관광시설
동두천,2025,1,2025-01,39,경기도,동두천시,일연사,7,동두천 2025_01.csv,역사관광,종교성지
동두천,2025,1,2025-01,39,경기도,동두천시,구 동두천시외버스터미널,7,동두천 2025_01.csv,기타관광,교통시설
동두천,2025,1,2025-01,39,경기도,동두천시,자재암포교당,7,동두천 2025_01.csv,역사관광,종교성지
동두천,2025,1,2025-01,39,경기도,동두천시,꿈이담키즈헬스케어센터,7,동두천 2025_01.csv,문화관광,테마공원
동두천,2025,1,2025-01,46,경기도,동두천시,동두천 세아상가시장,6,동두천 2025_01.csv,쇼핑,시장
동두천,2025,1,2025-01,46,경기도,동두천시,보문사,6,동두천 2025_01.csv,역사관광,종교성지
동두천,2025,1,2025-01,48,경기도,동두천시,동두천역,5,동두천 2025_01.csv,기타관광,교통시설
동두천,2025,1,2025-01,48,경기도,동두천시,관음사,5,동두천 2025_01.csv,역사관광,종교성지
동두천,2025,1,2025-01,50,경기도,동두천시,약수암,4,동두천 2025_01.csv,역사관광,종교성지
동두천,2025,1,2025-01,50,경기도,동두천시,시민회관공연장,4,동두천 2025_01.csv,문화관광,공연시설
동두천,2025,1,2025-01,50,경기도,동두천시,못골생태공원,4,동두천 2025_01.csv,문화관광,도시공원
동두천,2025,1,2025-01,50,경기도,동두천시,해룡산,4,동두천 2025_01.csv,자연관광,자연경관(산)
동두천,2025,1,2025-01,54,경기도,동두천시,청량사,3,동두천 2025_01.csv,역사관광,종교성지
동두천,2025,1,2025-01,54,경기도,동두천시,두레문화마을,3,동두천 2025_01.csv,레저스포츠,육상레저스포츠
동두천,2025,1,2025-01,54,경기도,동두천시,만복사,3,동두천 2025_01.csv,역사관광,종교성지
동두천,2025,1,2025-01,54,경기도,동두천시,숭모재강릉김씨사당,3,동두천 2025_01.csv,역사관광,역사유적지
동두천,2025,2,2025-02,1,경기도,동두천시,니지모리스튜디오,2828,동두천 2025_02.csv,기타관광,기타관광
동두천,2025,2,2025-02,2,경기도,동두천시,경기북부어린이박물관,1260,동두천 2025_02.csv,문화관광,전시시설
동두천,2025,2,2025-02,3,경기도,동두천시,소요산,1106,동두천 2025_02.csv,자연관광,자연경관(산)
동두천,2025,2,2025-02,4,경기도,동두천시,동두천자연휴양림,966,동두천 2025_02.csv,자연관광,자연공원
동두천,2025,2,2025-02,5,경기도,동두천시,놀자숲,934,동두천 2025_02.csv,문화관광,테마공원
동두천,2025,2,2025-02,6,경기도,동두천시,중앙시장,763,동두천 2025_02.csv,쇼핑,시장
동두천,2025,2,2025-02,7,경기도,동두천시,동두천어울림센터,454,동두천 2025_02.csv,문화관광,기타문화관광지
동두천,2025,2,2025-02,8,경기도,동두천시,티클라우드CC,409,동두천 2025_02.csv,레저스포츠,육상레저스포츠
동두천,2025,2,2025-02,9,경기도,동두천시,CGV동두천,391,동두천 2025_02.csv,문화관광,공연시설
동두천,2025,2,2025-02,10,경기도,동두천시,동두천큰시장,377,동두천 2025_02.csv,쇼핑,시장
동두천,2025,2,2025-02,11,경기도,동두천시,양키시장,326,동두천 2025_02.csv,쇼핑,시장
동두천,2025,2,2025-02,12,경기도,동두천시,동두천터미널,217,동두천 2025_02.csv,기타관광,교통시설
동두천,2025,2,2025-02,13,경기도,동두천시,동광극장,169,동두천 2025_02.csv,문화관광,공연시설
동두천,2025,2,2025-02,14,경기도,동두천시,자유수호평화박물관,132,동두천 2025_02.csv,문화관광,전시시설
동두천,2025,2,2025-02,15,경기도,동두천시,소요별앤숲테마파크,124,동두천 2025_02.csv,문화관광,테마공원
동두천,2025,2,2025-02,16,경기도,동두천시,놀자숲눈썰매장,98,동두천 2025_02.csv,레저스포츠,육상레저스포츠
동두천,2025,2,2025-02,17,경기도,동두천시,자재암,97,동두천 2025_02.csv,역사관광,종교성지
동두천,2025,2,2025-02,18,경기도,동두천시,소요산관광지원센터,59,동두천 2025_02.csv,기타관광,기타관광
동두천,2025,2,2025-02,19,경기도,동두천시,동두천배드민턴전용구장,58,동두천 2025_02.csv,레저스포츠,기타레저스포츠
동두천,2025,2,2025-02,20,경기도,동두천시,문화극장,47,동두천 2025_02.csv,문화관광,공연시설
동두천,2025,2,2025-02,21,경기도,동두천시,소요산국민관광지,43,동두천 2025_02.csv,문화관광,복합관광시설
동두천,2025,2,2025-02,22,경기도,동두천시,소요산역,39,동두천 2025_02.csv,기타관광,교통시설
동두천,2025,2,2025-02,23,경기도,동두천시,두드림뮤직센터,35,동두천 2025_02.csv,문화관광,공연시설
동두천,2025,2,2025-02,24,경기도,동두천시,동두천역,33,동두천 2025_02.csv,기타관광,교통시설
동두천,2025,2,2025-02,25,경기도,동두천시,오지재고개,32,동두천 2025_02.csv,자연관광,자연경관(산)
동두천,2025,2,2025-02,26,경기도,동두천시,세아프라자,30,동두천 2025_02.csv,쇼핑,쇼핑몰
동두천,2025,2,2025-02,27,경기도,동두천시,꿈이담키즈헬스케어센터,27,동두천 2025_02.csv,문화관광,테마공원
동두천,2025,2,2025-02,27,경기도,동두천시,왕방계곡,27,동두천 2025_02.csv,자연관광,자연경관(산)
동두천,2025,2,2025-02,29,경기도,동두천시,롤킹롤러스케이트장,18,동두천 2025_02.csv,레저스포츠,육상레저스포츠
동두천,2025,2,2025-02,30,경기도,동두천시,동두천시제일시장,17,동두천 2025_02.csv,쇼핑,시장
동두천,2025,2,2025-02,31,경기도,동두천시,중화사,15,동두천 2025_02.csv,역사관광,종교성지
동두천,2025,2,2025-02,32,경기도,동두천시,반야사,13,동두천 2025_02.csv,역사관광,종교성지
동두천,2025,2,2025-02,33,경기도,동두천시,원흥사,12,동두천 2025_02.csv,역사관광,종교성지
동두천,2025,2,2025-02,33,경기도,동두천시,소요생활체육공원,12,동두천 2025_02.csv,문화관광,도시공원
동두천,2025,2,2025-02,35,경기도,동두천시,덕수사,11,동두천 2025_02.csv,역사관광,종교성지
동두천,2025,2,2025-02,36,경기도,동두천시,약수암,9,동두천 2025_02.csv,역사관광,종교성지
동두천,2025,2,2025-02,36,경기도,동두천시,해룡산,9,동두천 2025_02.csv,자연관광,자연경관(산)
동두천,2025,2,2025-02,38,경기도,동두천시,샘터농원,7,동두천 2025_02.csv,체험관광,농/산/어촌체험
동두천,2025,2,2025-02,38,경기도,동두천시,일연사,7,동두천 2025_02.csv,역사관광,종교성지
동두천,2025,2,2025-02,38,경기도,동두천시,또또와실내낚시터,7,동두천 2025_02.csv,레저스포츠,수상레저스포츠
동두천,2025,2,2025-02,41,경기도,동두천시,청량사,5,동두천 2025_02.csv,역사관광,종교성지
동두천,2025,2,2025-02,42,경기도,동두천시,도자기공방숲,4,동두천 2025_02.csv,체험관광,공예체험
동두천,2025,2,2025-02,42,경기도,동두천시,구 동두천시외버스터미널,4,동두천 2025_02.csv,기타관광,교통시설
동두천,2025,2,2025-02,44,경기도,동두천시,신흥중고야구장,3,동두천 2025_02.csv,문화관광,레저스포츠시설
동두천,2025,2,2025-02,44,경기도,동두천시,이담풋살장,3,동두천 2025_02.csv,문화관광,레저스포츠시설
동두천,2025,2,2025-02,44,경기도,동두천시,동두천시탁구아레나,3,동두천 2025_02.csv,레저스포츠,기타레저스포츠
동두천,2025,2,2025-02,44,경기도,동두천시,왕방산국사당굿당,3,동두천 2025_02.csv,역사관광,종교성지
동두천,2025,2,2025-02,44,경기도,동두천시,무심정사,3,동두천 2025_02.csv,역사관광,종교성지
동두천,2025,2,2025-02,44,경기도,동두천시,영산법화사,3,동두천 2025_02.csv,역사관광,종교성지
동두천,2025,2,2025-02,44,경기도,동두천시,시민회관공연장,3,동두천 2025_02.csv,문화관광,공연시설
동두천,2025,2,2025-02,44,경기도,동두천시,쇠목계곡,3,동두천 2025_02.csv,자연관광,자연경관(산)
동두천,2025,2,2025-02,44,경기도,동두천시,탑동유원지,3,동두천 2025_02.csv,문화관광,복합관광시설
동두천,2025,3,2025-03,1,경기도,동두천시,니지모리스튜디오,2694,동두천 2025_03.csv,기타관광,기타관광
동두천,2025,3,2025-03,2,경기도,동두천시,티클라우드CC,2415,동두천 2025_03.csv,레저스포츠,육상레저스포츠
동두천,2025,3,2025-03,3,경기도,동두천시,소요산,1722,동두천 2025_03.csv,자연관광,자연경관(산)
동두천,2025,3,2025-03,4,경기도,동두천시,경기북부어린이박물관,1490,동두천 2025_03.csv,문화관광,전시시설
동두천,2025,3,2025-03,5,경기도,동두천시,동두천자연휴양림,938,동두천 2025_03.csv,자연관광,자연공원
동두천,2025,3,2025-03,6,경기도,동두천시,중앙시장,924,동두천 2025_03.csv,쇼핑,시장
동두천,2025,3,2025-03,7,경기도,동두천시,놀자숲,735,동두천 2025_03.csv,문화관광,테마공원
동두천,2025,3,2025-03,8,경기도,동두천시,CGV동두천,454,동두천 2025_03.csv,문화관광,공연시설
동두천,2025,3,2025-03,9,경기도,동두천시,동두천큰시장,445,동두천 2025_03.csv,쇼핑,시장
동두천,2025,3,2025-03,10,경기도,동두천시,동두천어울림센터,438,동두천 2025_03.csv,문화관광,기타문화관광지
동두천,2025,3,2025-03,11,경기도,동두천시,양키시장,332,동두천 2025_03.csv,쇼핑,시장
동두천,2025,3,2025-03,12,경기도,동두천시,동두천터미널,280,동두천 2025_03.csv,기타관광,교통시설
동두천,2025,3,2025-03,13,경기도,동두천시,소요별앤숲테마파크,156,동두천 2025_03.csv,문화관광,테마공원
동두천,2025,3,2025-03,14,경기도,동두천시,동광극장,141,동두천 2025_03.csv,문화관광,공연시설
동두천,2025,3,2025-03,15,경기도,동두천시,신흥중고야구장,126,동두천 2025_03.csv,문화관광,레저스포츠시설
동두천,2025,3,2025-03,16,경기도,동두천시,자유수호평화박물관,124,동두천 2025_03.csv,문화관광,전시시설
동두천,2025,3,2025-03,17,경기도,동두천시,왕방계곡,103,동두천 2025_03.csv,자연관광,자연경관(산)
동두천,2025,3,2025-03,18,경기도,동두천시,동두천배드민턴전용구장,95,동두천 2025_03.csv,레저스포츠,기타레저스포츠
동두천,2025,3,2025-03,19,경기도,동두천시,소요산국민관광지,94,동두천 2025_03.csv,문화관광,복합관광시설
동두천,2025,3,2025-03,20,경기도,동두천시,동두천역,82,동두천 2025_03.csv,기타관광,교통시설
동두천,2025,3,2025-03,20,경기도,동두천시,자재암,82,동두천 2025_03.csv,역사관광,종교성지
동두천,2025,3,2025-03,22,경기도,동두천시,소요산관광지원센터,81,동두천 2025_03.csv,기타관광,기타관광
동두천,2025,3,2025-03,23,경기도,동두천시,소요산역,50,동두천 2025_03.csv,기타관광,교통시설
동두천,2025,3,2025-03,24,경기도,동두천시,세아프라자,48,동두천 2025_03.csv,쇼핑,쇼핑몰
동두천,2025,3,2025-03,25,경기도,동두천시,오지재고개,46,동두천 2025_03.csv,자연관광,자연경관(산)
동두천,2025,3,2025-03,26,경기도,동두천시,동두천시제일시장,41,동두천 2025_03.csv,쇼핑,시장
동두천,2025,3,2025-03,27,경기도,동두천시,문화극장,38,동두천 2025_03.csv,문화관광,공연시설
동두천,2025,3,2025-03,28,경기도,동두천시,시민회관공연장,31,동두천 2025_03.csv,문화관광,공연시설
동두천,2025,3,2025-03,29,경기도,동두천시,두드림뮤직센터,23,동두천 2025_03.csv,문화관광,공연시설
동두천,2025,3,2025-03,30,경기도,동두천시,꿈이담키즈헬스케어센터,21,동두천 2025_03.csv,문화관광,테마공원
동두천,2025,3,2025-03,31,경기도,동두천시,또또와실내낚시터,17,동두천 2025_03.csv,레저스포츠,수상레저스포츠
동두천,2025,3,2025-03,32,경기도,동두천시,소요생활체육공원,16,동두천 2025_03.csv,문화관광,도시공원
동두천,2025,3,2025-03,33,경기도,동두천시,보문사,12,동두천 2025_03.csv,역사관광,종교성지
동두천,2025,3,2025-03,34,경기도,동두천시,놀자숲눈썰매장,10,동두천 2025_03.csv,레저스포츠,육상레저스포츠
동두천,2025,3,2025-03,34,경기도,동두천시,쇠목계곡,10,동두천 2025_03.csv,자연관광,자연경관(산)
동두천,2025,3,2025-03,34,경기도,동두천시,롤킹롤러스케이트장,10,동두천 2025_03.csv,레저스포츠,육상레저스포츠
동두천,2025,3,2025-03,37,경기도,동두천시,한컷공감미술관,9,동두천 2025_03.csv,문화관광,전시시설
동두천,2025,3,2025-03,38,경기도,동두천시,자재암포교당,7,동두천 2025_03.csv,역사관광,종교성지
동두천,2025,3,2025-03,39,경기도,동두천시,샘터농원,6,동두천 2025_03.csv,체험관광,농/산/어촌체험
동두천,2025,3,2025-03,39,경기도,동두천시,스트라이크존동두천지행구장,6,동두천 2025_03.csv,레저스포츠,기타레저스포츠
동두천,2025,3,2025-03,39,경기도,동두천시,자유수호평화박물관벚꽃길,6,동두천 2025_03.csv,기타관광,기타관광
동두천,2025,3,2025-03,39,경기도,동두천시,삼충단,6,동두천 2025_03.csv,역사관광,역사유적지
동두천,2025,3,2025-03,43,경기도,동두천시,호림공방,5,동두천 2025_03.csv,문화관광,기타문화관광지
동두천,2025,3,2025-03,43,경기도,동두천시,탑동유원지,5,동두천 2025_03.csv,문화관광,복합관광시설
동두천,2025,3,2025-03,45,경기도,동두천시,무심정사,4,동두천 2025_03.csv,역사관광,종교성지
동두천,2025,3,2025-03,45,경기도,동두천시,보광사,4,동두천 2025_03.csv,역사관광,종교성지
동두천,2025,3,2025-03,45,경기도,동두천시,보은약수터,4,동두천 2025_03.csv,자연관광,자연경관(산)
동두천,2025,3,2025-03,45,경기도,동두천시,서광사,4,동두천 2025_03.csv,역사관광,종교성지
동두천,2025,3,2025-03,49,경기도,동두천시,생연공유누리센터공사중(2025년05월오픈예정),3,동두천 2025_03.csv,문화관광,기타문화관광지
동두천,2025,3,2025-03,49,경기도,동두천시,왕방산국사당굿당,3,동두천 2025_03.csv,역사관광,종교성지
동두천,2025,3,2025-03,49,경기도,동두천시,광덕사,3,동두천 2025_03.csv,역사관광,종교성지
동두천,2025,3,2025-03,49,경기도,동두천시,약수암,3,동두천 2025_03.csv,역사관광,종교성지
동두천,2025,3,2025-03,49,경기도,동두천시,못골생태공원,3,동두천 2025_03.csv,문화관광,도시공원
동두천,2025,3,2025-03,49,경기도,동두천시,해룡산,3,동두천 2025_03.csv,자연관광,자연경관(산)
동두천,2025,3,2025-03,49,경기도,동두천시,상패수변공원,3,동두천 2025_03.csv,문화관광,도시공원
동두천,2025,3,2025-03,49,경기도,동두천시,숭모재강릉김씨사당,3,동두천 2025_03.csv,역사관광,역사유적지
동두천,2025,4,2025-04,1,경기도,동두천시,티클라우드CC,3577,동두천 2025_04.csv,레저스포츠,육상레저스포츠
동두천,2025,4,2025-04,2,경기도,동두천시,니지모리스튜디오,2772,동두천 2025_04.csv,기타관광,기타관광
동두천,2025,4,2025-04,3,경기도,동두천시,소요산,2189,동두천 2025_04.csv,자연관광,자연경관(산)
동두천,2025,4,2025-04,4,경기도,동두천시,경기북부어린이박물관,1062,동두천 2025_04.csv,문화관광,전시시설
동두천,2025,4,2025-04,5,경기도,동두천시,동두천자연휴양림,1023,동두천 2025_04.csv,자연관광,자연공원
동두천,2025,4,2025-04,6,경기도,동두천시,중앙시장,884,동두천 2025_04.csv,쇼핑,시장
동두천,2025,4,2025-04,7,경기도,동두천시,놀자숲,736,동두천 2025_04.csv,문화관광,테마공원
동두천,2025,4,2025-04,8,경기도,동두천시,CGV동두천,552,동두천 2025_04.csv,문화관광,공연시설
동두천,2025,4,2025-04,9,경기도,동두천시,동두천큰시장,520,동두천 2025_04.csv,쇼핑,시장
동두천,2025,4,2025-04,10,경기도,동두천시,동두천어울림센터,450,동두천 2025_04.csv,문화관광,기타문화관광지
동두천,2025,4,2025-04,11,경기도,동두천시,자유수호평화박물관벚꽃길,381,동두천 2025_04.csv,기타관광,기타관광
동두천,2025,4,2025-04,12,경기도,동두천시,자유수호평화박물관,364,동두천 2025_04.csv,문화관광,전시시설
동두천,2025,4,2025-04,13,경기도,동두천시,동두천터미널,296,동두천 2025_04.csv,기타관광,교통시설
동두천,2025,4,2025-04,14,경기도,동두천시,양키시장,281,동두천 2025_04.csv,쇼핑,시장
동두천,2025,4,2025-04,15,경기도,동두천시,동광극장,195,동두천 2025_04.csv,문화관광,공연시설
동두천,2025,4,2025-04,16,경기도,동두천시,소요별앤숲테마파크,192,동두천 2025_04.csv,문화관광,테마공원
동두천,2025,4,2025-04,17,경기도,동두천시,소요산국민관광지,133,동두천 2025_04.csv,문화관광,복합관광시설
동두천,2025,4,2025-04,18,경기도,동두천시,왕방계곡,119,동두천 2025_04.csv,자연관광,자연경관(산)
동두천,2025,4,2025-04,19,경기도,동두천시,자재암,100,동두천 2025_04.csv,역사관광,종교성지
동두천,2025,4,2025-04,20,경기도,동두천시,오지재고개,88,동두천 2025_04.csv,자연관광,자연경관(산)
동두천,2025,4,2025-04,21,경기도,동두천시,소요산관광지원센터,79,동두천 2025_04.csv,기타관광,기타관광
동두천,2025,4,2025-04,22,경기도,동두천시,신흥중고야구장,78,동두천 2025_04.csv,문화관광,레저스포츠시설
동두천,2025,4,2025-04,23,경기도,동두천시,동두천배드민턴전용구장,45,동두천 2025_04.csv,레저스포츠,기타레저스포츠
동두천,2025,4,2025-04,24,경기도,동두천시,꿈이담키즈헬스케어센터,44,동두천 2025_04.csv,문화관광,테마공원
동두천,2025,4,2025-04,25,경기도,동두천시,쇼죠마츠리,40,동두천 2025_04.csv,문화관광,기타문화관광지
동두천,2025,4,2025-04,26,경기도,동두천시,문화극장,33,동두천 2025_04.csv,문화관광,공연시설
동두천,2025,4,2025-04,26,경기도,동두천시,쇠목계곡,33,동두천 2025_04.csv,자연관광,자연경관(산)
동두천,2025,4,2025-04,28,경기도,동두천시,시민회관공연장,31,동두천 2025_04.csv,문화관광,공연시설
동두천,2025,4,2025-04,29,경기도,동두천시,두드림뮤직센터,25,동두천 2025_04.csv,문화관광,공연시설
동두천,2025,4,2025-04,30,경기도,동두천시,소요생활체육공원축구장,19,동두천 2025_04.csv,문화관광,레저스포츠시설
동두천,2025,4,2025-04,31,경기도,동두천시,무심정사,18,동두천 2025_04.csv,역사관광,종교성지
동두천,2025,4,2025-04,31,경기도,동두천시,보광사,18,동두천 2025_04.csv,역사관광,종교성지
동두천,2025,4,2025-04,31,경기도,동두천시,탑동유원지,18,동두천 2025_04.csv,문화관광,복합관광시설
동두천,2025,4,2025-04,34,경기도,동두천시,소요생활체육공원,15,동두천 2025_04.csv,문화관광,도시공원
동두천,2025,4,2025-04,34,경기도,동두천시,샘터농원,15,동두천 2025_04.csv,체험관광,농/산/어촌체험
동두천,2025,4,2025-04,36,경기도,동두천시,상패수변공원,14,동두천 2025_04.csv,문화관광,도시공원
동두천,2025,4,2025-04,37,경기도,동두천시,소요산야외음악당,13,동두천 2025_04.csv,문화관광,공연시설
동두천,2025,4,2025-04,37,경기도,동두천시,호림공방,13,동두천 2025_04.csv,문화관광,기타문화관광지
동두천,2025,4,2025-04,39,경기도,동두천시,이담풋살장,10,동두천 2025_04.csv,문화관광,레저스포츠시설
동두천,2025,4,2025-04,39,경기도,동두천시,롤킹롤러스케이트장,10,동두천 2025_04.csv,레저스포츠,육상레저스포츠
동두천,2025,4,2025-04,41,경기도,동두천시,왕방산국사당굿당,9,동두천 2025_04.csv,역사관광,종교성지
동두천,2025,4,2025-04,41,경기도,동두천시,동두천 세아상가시장,9,동두천 2025_04.csv,쇼핑,시장
동두천,2025,4,2025-04,41,경기도,동두천시,서광사,9,동두천 2025_04.csv,역사관광,종교성지
동두천,2025,4,2025-04,41,경기도,동두천시,세아프라자,9,동두천 2025_04.csv,쇼핑,쇼핑몰
동두천,2025,4,2025-04,45,경기도,동두천시,반야사,8,동두천 2025_04.csv,역사관광,종교성지
동두천,2025,4,2025-04,46,경기도,동두천시,또또와실내낚시터,7,동두천 2025_04.csv,레저스포츠,수상레저스포츠
동두천,2025,4,2025-04,46,경기도,동두천시,장림계곡,7,동두천 2025_04.csv,자연관광,자연경관(산)
동두천,2025,4,2025-04,46,경기도,동두천시,중화사,7,동두천 2025_04.csv,역사관광,종교성지
동두천,2025,4,2025-04,46,경기도,동두천시,배꼽다리,7,동두천 2025_04.csv,기타관광,기타관광
동두천,2025,4,2025-04,50,경기도,동두천시,해룡산,6,동두천 2025_04.csv,자연관광,자연경관(산)
동두천,2025,4,2025-04,50,경기도,동두천시,보문사,6,동두천 2025_04.csv,역사관광,종교성지
동두천,2025,4,2025-04,50,경기도,동두천시,소요산문화생태공원,6,동두천 2025_04.csv,문화관광,도시공원
동두천,2025,4,2025-04,50,경기도,동두천시,동두천시제일시장,6,동두천 2025_04.csv,쇼핑,시장
동두천,2025,4,2025-04,54,경기도,동두천시,소요산역,5,동두천 2025_04.csv,기타관광,교통시설
동두천,2025,4,2025-04,55,경기도,동두천시,뚝딱언니,4,동두천 2025_04.csv,체험관광,공예체험
동두천,2025,4,2025-04,55,경기도,동두천시,원흥사,4,동두천 2025_04.csv,역사관광,종교성지
동두천,2025,4,2025-04,55,경기도,동두천시,동두천스타복싱클럽,4,동두천 2025_04.csv,레저스포츠,기타레저스포츠
동두천,2025,4,2025-04,58,경기도,동두천시,숭모재강릉김씨사당,3,동두천 2025_04.csv,역사관광,역사유적지
동두천,2025,4,2025-04,58,경기도,동두천시,스트라이크존동두천지행구장,3,동두천 2025_04.csv,레저스포츠,기타레저스포츠
동두천,2025,4,2025-04,58,경기도,동두천시,약사암,3,동두천 2025_04.csv,역사관광,종교성지
동두천,2025,4,2025-04,58,경기도,동두천시,동호정,3,동두천 2025_04.csv,레저스포츠,육상레저스포츠
동두천,2025,4,2025-04,58,경기도,동두천시,원터공원,3,동두천 2025_04.csv,문화관광,도시공원
동두천,2025,4,2025-04,58,경기도,동두천시,선화사,3,동두천 2025_04.csv,역사관광,종교성지
동두천,2025,4,2025-04,58,경기도,동두천시,효종암,3,동두천 2025_04.csv,역사관광,종교성지
동두천,2025,4,2025-04,58,경기도,동두천시,신광사,3,동두천 2025_04.csv,역사관광,종교성지
동두천,2025,4,2025-04,58,경기도,동두천시,두레문화마을,3,동두천 2025_04.csv,레저스포츠,육상레저스포츠
동두천,2025,4,2025-04,58,경기도,동두천시,놀자숲눈썰매장,3,동두천 2025_04.csv,레저스포츠,육상레저스포츠
동두천,2025,4,2025-04,58,경기도,동두천시,턱거리마을박물관1호점,3,동두천 2025_04.csv,문화관광,전시시설
동두천,2025,5,2025-05,1,경기도,동두천시,티클라우드CC,4270,동두천 2025_05.csv,레저스포츠,육상레저스포츠
동두천,2025,5,2025-05,2,경기도,동두천시,니지모리스튜디오,4142,동두천 2025_05.csv,기타관광,기타관광
동두천,2025,5,2025-05,3,경기도,동두천시,소요산,2098,동두천 2025_05.csv,자연관광,자연경관(산)
동두천,2025,5,2025-05,4,경기도,동두천시,경기북부어린이박물관,1755,동두천 2025_05.csv,문화관광,전시시설
동두천,2025,5,2025-05,5,경기도,동두천시,놀자숲,1555,동두천 2025_05.csv,문화관광,테마공원
동두천,2025,5,2025-05,6,경기도,동두천시,동두천자연휴양림,1506,동두천 2025_05.csv,자연관광,자연공원
동두천,2025,5,2025-05,7,경기도,동두천시,중앙시장,1121,동두천 2025_05.csv,쇼핑,시장
동두천,2025,5,2025-05,8,경기도,동두천시,CGV동두천,727,동두천 2025_05.csv,문화관광,공연시설
동두천,2025,5,2025-05,9,경기도,동두천시,동두천큰시장,639,동두천 2025_05.csv,쇼핑,시장
동두천,2025,5,2025-05,10,경기도,동두천시,동두천어울림센터,461,동두천 2025_05.csv,문화관광,기타문화관광지
동두천,2025,5,2025-05,11,경기도,동두천시,양키시장,384,동두천 2025_05.csv,쇼핑,시장
동두천,2025,5,2025-05,12,경기도,동두천시,소요별앤숲테마파크,341,동두천 2025_05.csv,문화관광,테마공원
동두천,2025,5,2025-05,13,경기도,동두천시,동두천터미널,283,동두천 2025_05.csv,기타관광,교통시설
동두천,2025,5,2025-05,14,경기도,동두천시,왕방계곡,257,동두천 2025_05.csv,자연관광,자연경관(산)
동두천,2025,5,2025-05,15,경기도,동두천시,동광극장,189,동두천 2025_05.csv,문화관광,공연시설
동두천,2025,5,2025-05,16,경기도,동두천시,동두천시평생학습관,185,동두천 2025_05.csv,체험관광,체험관광기타
동두천,2025,5,2025-05,17,경기도,동두천시,자재암,173,동두천 2025_05.csv,역사관광,종교성지
동두천,2025,5,2025-05,18,경기도,동두천시,소요산국민관광지,115,동두천 2025_05.csv,문화관광,복합관광시설
동두천,2025,5,2025-05,19,경기도,동두천시,자유수호평화박물관,111,동두천 2025_05.csv,문화관광,전시시설
동두천,2025,5,2025-05,20,경기도,동두천시,오지재고개,106,동두천 2025_05.csv,자연관광,자연경관(산)
동두천,2025,5,2025-05,21,경기도,동두천시,소요산관광지원센터,101,동두천 2025_05.csv,기타관광,기타관광
동두천,2025,5,2025-05,22,경기도,동두천시,신흥중고야구장,65,동두천 2025_05.csv,문화관광,레저스포츠시설
동두천,2025,5,2025-05,23,경기도,동두천시,동두천배드민턴전용구장,55,동두천 2025_05.csv,레저스포츠,기타레저스포츠
동두천,2025,5,2025-05,24,경기도,동두천시,탑동유원지,50,동두천 2025_05.csv,문화관광,복합관광시설
동두천,2025,5,2025-05,25,경기도,동두천시,문화극장,46,동두천 2025_05.csv,문화관광,공연시설
동두천,2025,5,2025-05,26,경기도,동두천시,꿈이담키즈헬스케어센터,42,동두천 2025_05.csv,문화관광,테마공원
동두천,2025,5,2025-05,27,경기도,동두천시,쇠목계곡,41,동두천 2025_05.csv,자연관광,자연경관(산)
동두천,2025,5,2025-05,28,경기도,동두천시,쇼죠마츠리,34,동두천 2025_05.csv,문화관광,기타문화관광지
동두천,2025,5,2025-05,28,경기도,동두천시,동두천시제일시장,34,동두천 2025_05.csv,쇼핑,시장
동두천,2025,5,2025-05,30,경기도,동두천시,호림공방,25,동두천 2025_05.csv,문화관광,기타문화관광지
동두천,2025,5,2025-05,31,경기도,동두천시,원흥사,24,동두천 2025_05.csv,역사관광,종교성지
동두천,2025,5,2025-05,31,경기도,동두천시,배꼽다리,24,동두천 2025_05.csv,기타관광,기타관광
동두천,2025,5,2025-05,33,경기도,동두천시,시민평화공원,23,동두천 2025_05.csv,문화관광,도시공원
동두천,2025,5,2025-05,33,경기도,동두천시,소요생활체육공원,23,동두천 2025_05.csv,문화관광,도시공원
동두천,2025,5,2025-05,33,경기도,동두천시,반야사,23,동두천 2025_05.csv,역사관광,종교성지
동두천,2025,5,2025-05,36,경기도,동두천시,샘터농원,22,동두천 2025_05.csv,체험관광,농/산/어촌체험
동두천,2025,5,2025-05,37,경기도,동두천시,약수암,21,동두천 2025_05.csv,역사관광,종교성지
동두천,2025,5,2025-05,38,경기도,동두천시,서광사,20,동두천 2025_05.csv,역사관광,종교성지
동두천,2025,5,2025-05,38,경기도,동두천시,동두천시평생교육원,20,동두천 2025_05.csv,체험관광,체험관광기타
동두천,2025,5,2025-05,40,경기도,동두천시,놀자숲눈썰매장,17,동두천 2025_05.csv,레저스포츠,육상레저스포츠
동두천,2025,5,2025-05,40,경기도,동두천시,일연사,17,동두천 2025_05.csv,역사관광,종교성지
동두천,2025,5,2025-05,40,경기도,동두천시,보문사,17,동두천 2025_05.csv,역사관광,종교성지
동두천,2025,5,2025-05,43,경기도,동두천시,스트라이크존동두천지행구장,15,동두천 2025_05.csv,레저스포츠,기타레저스포츠
동두천,2025,5,2025-05,44,경기도,동두천시,무심정사,13,동두천 2025_05.csv,역사관광,종교성지
동두천,2025,5,2025-05,44,경기도,동두천시,세아프라자,13,동두천 2025_05.csv,쇼핑,쇼핑몰
동두천,2025,5,2025-05,46,경기도,동두천시,청량사,12,동두천 2025_05.csv,역사관광,종교성지
동두천,2025,5,2025-05,47,경기도,동두천시,소요산산림욕장,11,동두천 2025_05.csv,자연관광,자연공원
동두천,2025,5,2025-05,48,경기도,동두천시,동두천외국인관광특구,10,동두천 2025_05.csv,기타관광,기타관광
동두천,2025,5,2025-05,49,경기도,동두천시,구 동두천시외버스터미널,9,동두천 2025_05.csv,기타관광,교통시설
동두천,2025,5,2025-05,50,경기도,동두천시,중화사,8,동두천 2025_05.csv,역사관광,종교성지
동두천,2025,5,2025-05,50,경기도,동두천시,두드림뮤직센터,8,동두천 2025_05.csv,문화관광,공연시설
동두천,2025,5,2025-05,52,경기도,동두천시,롤킹롤러스케이트장,7,동두천 2025_05.csv,레저스포츠,육상레저스포츠
동두천,2025,5,2025-05,52,경기도,동두천시,약사암,7,동두천 2025_05.csv,역사관광,종교성지
동두천,2025,5,2025-05,52,경기도,동두천시,해룡산,7,동두천 2025_05.csv,자연관광,자연경관(산)
동두천,2025,5,2025-05,55,경기도,동두천시,또또와실내낚시터,6,동두천 2025_05.csv,레저스포츠,수상레저스포츠
동두천,2025,5,2025-05,55,경기도,동두천시,광덕사,6,동두천 2025_05.csv,역사관광,종교성지
동두천,2025,5,2025-05,55,경기도,동두천시,관음사,6,동두천 2025_05.csv,역사관광,종교성지
동두천,2025,5,2025-05,55,경기도,동두천시,자유수호평화박물관벚꽃길,6,동두천 2025_05.csv,기타관광,기타관광
동두천,2025,5,2025-05,59,경기도,동두천시,소요산문화생태공원,5,동두천 2025_05.csv,문화관광,도시공원
동두천,2025,5,2025-05,59,경기도,동두천시,효종암,5,동두천 2025_05.csv,역사관광,종교성지
동두천,2025,5,2025-05,59,경기도,동두천시,소요생활체육공원축구장,5,동두천 2025_05.csv,문화관광,레저스포츠시설
동두천,2025,5,2025-05,62,경기도,동두천시,보광사,4,동두천 2025_05.csv,역사관광,종교성지
동두천,2025,5,2025-05,62,경기도,동두천시,극락암,4,동두천 2025_05.csv,역사관광,종교성지
동두천,2025,5,2025-05,62,경기도,동두천시,동두천 세아상가시장,4,동두천 2025_05.csv,쇼핑,시장
동두천,2025,5,2025-05,65,경기도,동두천시,턱거리마을박물관1호점,3,동두천 2025_05.csv,문화관광,전시시설
동두천,2025,5,2025-05,65,경기도,동두천시,이담풋살장,3,동두천 2025_05.csv,문화관광,레저스포츠시설
동두천,2025,5,2025-05,65,경기도,동두천시,생연공유누리센터,3,동두천 2025_05.csv,문화관광,기타문화관광지
동두천,2025,5,2025-05,65,경기도,동두천시,동두천시 상패동 장수마을,3,동두천 2025_05.csv,역사관광,역사유적지
동두천,2025,5,2025-05,65,경기도,동두천시,칠봉산,3,동두천 2025_05.csv,자연관광,자연경관(산)
동두천,2025,5,2025-05,65,경기도,동두천시,숭모재강릉김씨사당,3,동두천 2025_05.csv,역사관광,역사유적지
동두천,2025,6,2025-06,1,경기도,동두천시,티클라우드CC,3975,동두천 2025_06.csv,레저스포츠,육상레저스포츠
동두천,2025,6,2025-06,2,경기도,동두천시,니지모리스튜디오,2397,동두천 2025_06.csv,기타관광,기타관광
동두천,2025,6,2025-06,3,경기도,동두천시,소요산,1889,동두천 2025_06.csv,자연관광,자연경관(산)
동두천,2025,6,2025-06,4,경기도,동두천시,동두천자연휴양림,1457,동두천 2025_06.csv,자연관광,자연공원
동두천,2025,6,2025-06,5,경기도,동두천시,경기북부어린이박물관,1302,동두천 2025_06.csv,문화관광,전시시설
동두천,2025,6,2025-06,6,경기도,동두천시,놀자숲,1013,동두천 2025_06.csv,문화관광,테마공원
동두천,2025,6,2025-06,7,경기도,동두천시,중앙시장,963,동두천 2025_06.csv,쇼핑,시장
동두천,2025,6,2025-06,8,경기도,동두천시,왕방계곡,822,동두천 2025_06.csv,자연관광,자연경관(산)
동두천,2025,6,2025-06,9,경기도,동두천시,CGV동두천,572,동두천 2025_06.csv,문화관광,공연시설
동두천,2025,6,2025-06,10,경기도,동두천시,동두천큰시장,528,동두천 2025_06.csv,쇼핑,시장
동두천,2025,6,2025-06,11,경기도,동두천시,동두천어울림센터,338,동두천 2025_06.csv,문화관광,기타문화관광지
동두천,2025,6,2025-06,12,경기도,동두천시,양키시장,335,동두천 2025_06.csv,쇼핑,시장
동두천,2025,6,2025-06,13,경기도,동두천시,소요별앤숲테마파크,294,동두천 2025_06.csv,문화관광,테마공원
동두천,2025,6,2025-06,14,경기도,동두천시,동두천터미널,281,동두천 2025_06.csv,기타관광,교통시설
동두천,2025,6,2025-06,15,경기도,동두천시,동두천시평생학습관,265,동두천 2025_06.csv,체험관광,체험관광기타
동두천,2025,6,2025-06,16,경기도,동두천시,자유수호평화박물관,214,동두천 2025_06.csv,문화관광,전시시설
동두천,2025,6,2025-06,17,경기도,동두천시,탑동유원지,201,동두천 2025_06.csv,문화관광,복합관광시설
동두천,2025,6,2025-06,18,경기도,동두천시,샘터농원,183,동두천 2025_06.csv,체험관광,농/산/어촌체험
동두천,2025,6,2025-06,19,경기도,동두천시,동광극장,160,동두천 2025_06.csv,문화관광,공연시설
동두천,2025,6,2025-06,20,경기도,동두천시,신흥중고야구장,141,동두천 2025_06.csv,문화관광,레저스포츠시설
동두천,2025,6,2025-06,21,경기도,동두천시,소요산국민관광지,129,동두천 2025_06.csv,문화관광,복합관광시설
동두천,2025,6,2025-06,22,경기도,동두천시,소요산관광지원센터,118,동두천 2025_06.csv,기타관광,기타관광
동두천,2025,6,2025-06,23,경기도,동두천시,쇠목계곡,89,동두천 2025_06.csv,자연관광,자연경관(산)
동두천,2025,6,2025-06,24,경기도,동두천시,자재암,88,동두천 2025_06.csv,역사관광,종교성지
동두천,2025,6,2025-06,25,경기도,동두천시,배꼽다리,64,동두천 2025_06.csv,기타관광,기타관광
동두천,2025,6,2025-06,26,경기도,동두천시,문화극장,51,동두천 2025_06.csv,문화관광,공연시설
동두천,2025,6,2025-06,27,경기도,동두천시,오지재고개,44,동두천 2025_06.csv,자연관광,자연경관(산)
동두천,2025,6,2025-06,28,경기도,동두천시,세아프라자,39,동두천 2025_06.csv,쇼핑,쇼핑몰
동두천,2025,6,2025-06,29,경기도,동두천시,동두천외국인관광특구,36,동두천 2025_06.csv,기타관광,기타관광
동두천,2025,6,2025-06,30,경기도,동두천시,동두천시평생교육원,35,동두천 2025_06.csv,체험관광,체험관광기타
동두천,2025,6,2025-06,31,경기도,동두천시,동두천배드민턴전용구장,34,동두천 2025_06.csv,레저스포츠,기타레저스포츠
동두천,2025,6,2025-06,32,경기도,동두천시,호림공방,32,동두천 2025_06.csv,문화관광,기타문화관광지
동두천,2025,6,2025-06,33,경기도,동두천시,동두천 세아상가시장,30,동두천 2025_06.csv,쇼핑,시장
동두천,2025,6,2025-06,34,경기도,동두천시,꿈이담키즈헬스케어센터,28,동두천 2025_06.csv,문화관광,테마공원
동두천,2025,6,2025-06,35,경기도,동두천시,두드림뮤직센터,21,동두천 2025_06.csv,문화관광,공연시설
동두천,2025,6,2025-06,36,경기도,동두천시,동두천시제일시장,19,동두천 2025_06.csv,쇼핑,시장
동두천,2025,6,2025-06,36,경기도,동두천시,소요생활체육공원,19,동두천 2025_06.csv,문화관광,도시공원
동두천,2025,6,2025-06,38,경기도,동두천시,동두천시 송내동 아차노리힐링타운,18,동두천 2025_06.csv,역사관광,역사유적지
동두천,2025,6,2025-06,39,경기도,동두천시,롤킹롤러스케이트장,17,동두천 2025_06.csv,레저스포츠,육상레저스포츠
동두천,2025,6,2025-06,40,경기도,동두천시,구 동두천시외버스터미널,16,동두천 2025_06.csv,기타관광,교통시설
동두천,2025,6,2025-06,41,경기도,동두천시,현충탑,15,동두천 2025_06.csv,역사관광,역사유물
동두천,2025,6,2025-06,42,경기도,동두천시,죠스수영장,11,동두천 2025_06.csv,문화관광,테마공원
동두천,2025,6,2025-06,43,경기도,동두천시,또또와실내낚시터,10,동두천 2025_06.csv,레저스포츠,수상레저스포츠
동두천,2025,6,2025-06,43,경기도,동두천시,원흥사,10,동두천 2025_06.csv,역사관광,종교성지
동두천,2025,6,2025-06,43,경기도,동두천시,시민평화공원,10,동두천 2025_06.csv,문화관광,도시공원
동두천,2025,6,2025-06,46,경기도,동두천시,소요산야외음악당,9,동두천 2025_06.csv,문화관광,공연시설
동두천,2025,6,2025-06,46,경기도,동두천시,서광사,9,동두천 2025_06.csv,역사관광,종교성지
동두천,2025,6,2025-06,48,경기도,동두천시,대림수목원,6,동두천 2025_06.csv,체험관광,농/산/어촌체험
동두천,2025,6,2025-06,48,경기도,동두천시,시민회관공연장,6,동두천 2025_06.csv,문화관광,공연시설
동두천,2025,6,2025-06,48,경기도,동두천시,장림계곡,6,동두천 2025_06.csv,자연관광,자연경관(산)
동두천,2025,6,2025-06,48,경기도,동두천시,이담풋살장,6,동두천 2025_06.csv,문화관광,레저스포츠시설
동두천,2025,6,2025-06,52,경기도,동두천시,약수암,5,동두천 2025_06.csv,역사관광,종교성지
동두천,2025,6,2025-06,53,경기도,동두천시,무심정사,4,동두천 2025_06.csv,역사관광,종교성지
동두천,2025,6,2025-06,53,경기도,동두천시,원터공원,4,동두천 2025_06.csv,문화관광,도시공원
동두천,2025,6,2025-06,53,경기도,동두천시,해룡산,4,동두천 2025_06.csv,자연관광,자연경관(산)
동두천,2025,6,2025-06,56,경기도,동두천시,소요별앤숲테마파크상상물놀이장,3,동두천 2025_06.csv,문화관광,테마공원
동두천,2025,6,2025-06,56,경기도,동두천시,용수사,3,동두천 2025_06.csv,역사관광,종교성지
동두천,2025,6,2025-06,56,경기도,동두천시,디어마인,3,동두천 2025_06.csv,체험관광,공예체험
동두천,2025,6,2025-06,56,경기도,동두천시,생연공유누리센터,3,동두천 2025_06.csv,문화관광,기타문화관광지
동두천,2025,6,2025-06,56,경기도,동두천시,동두천차없는거리,3,동두천 2025_06.csv,기타관광,기타관광
동두천,2025,6,2025-06,56,경기도,동두천시,왕방산국사당굿당,3,동두천 2025_06.csv,역사관광,종교성지
동두천,2025,6,2025-06,56,경기도,동두천시,보광사,3,동두천 2025_06.csv,역사관광,종교성지
동두천,2025,6,2025-06,56,경기도,동두천시,보문사,3,동두천 2025_06.csv,역사관광,종교성지
동두천,2025,6,2025-06,56,경기도,동두천시,대도사,3,동두천 2025_06.csv,역사관광,종교성지
동두천,2025,6,2025-06,56,경기도,동두천시,생연1어린이공원,3,동두천 2025_06.csv,문화관광,도시공원
동두천,2025,7,2025-07,1,경기도,동두천시,티클라우드CC,3140,동두천 2025_07.csv,레저스포츠,육상레저스포츠
동두천,2025,7,2025-07,2,경기도,동두천시,왕방계곡,1961,동두천 2025_07.csv,자연관광,자연경관(산)
동두천,2025,7,2025-07,3,경기도,동두천시,니지모리스튜디오,1895,동두천 2025_07.csv,기타관광,기타관광
동두천,2025,7,2025-07,4,경기도,동두천시,소요산,1497,동두천 2025_07.csv,자연관광,자연경관(산)
동두천,2025,7,2025-07,5,경기도,동두천시,경기북부어린이박물관,1458,동두천 2025_07.csv,문화관광,전시시설
동두천,2025,7,2025-07,6,경기도,동두천시,동두천자연휴양림,1431,동두천 2025_07.csv,자연관광,자연공원
동두천,2025,7,2025-07,7,경기도,동두천시,중앙시장,861,동두천 2025_07.csv,쇼핑,시장
동두천,2025,7,2025-07,8,경기도,동두천시,CGV동두천,734,동두천 2025_07.csv,문화관광,공연시설
동두천,2025,7,2025-07,9,경기도,동두천시,샘터농원,663,동두천 2025_07.csv,체험관광,농/산/어촌체험
동두천,2025,7,2025-07,10,경기도,동두천시,동두천어울림센터,566,동두천 2025_07.csv,문화관광,기타문화관광지
동두천,2025,7,2025-07,11,경기도,동두천시,놀자숲,564,동두천 2025_07.csv,문화관광,테마공원
동두천,2025,7,2025-07,12,경기도,동두천시,동두천큰시장,514,동두천 2025_07.csv,쇼핑,시장
동두천,2025,7,2025-07,13,경기도,동두천시,탑동유원지,318,동두천 2025_07.csv,문화관광,복합관광시설
동두천,2025,7,2025-07,14,경기도,동두천시,소요별앤숲테마파크,302,동두천 2025_07.csv,문화관광,테마공원
동두천,2025,7,2025-07,15,경기도,동두천시,동두천시평생학습관,282,동두천 2025_07.csv,체험관광,체험관광기타
동두천,2025,7,2025-07,16,경기도,동두천시,동두천터미널,262,동두천 2025_07.csv,기타관광,교통시설
동두천,2025,7,2025-07,17,경기도,동두천시,양키시장,258,동두천 2025_07.csv,쇼핑,시장
동두천,2025,7,2025-07,18,경기도,동두천시,쇠목계곡,192,동두천 2025_07.csv,자연관광,자연경관(산)
동두천,2025,7,2025-07,19,경기도,동두천시,동광극장,178,동두천 2025_07.csv,문화관광,공연시설
동두천,2025,7,2025-07,20,경기도,동두천시,자유수호평화박물관,124,동두천 2025_07.csv,문화관광,전시시설
동두천,2025,7,2025-07,21,경기도,동두천시,동두천시시민회관실외수영장,112,동두천 2025_07.csv,문화관광,테마공원
동두천,2025,7,2025-07,22,경기도,동두천시,소요별앤숲테마파크상상물놀이장,103,동두천 2025_07.csv,문화관광,테마공원
동두천,2025,7,2025-07,22,경기도,동두천시,배꼽다리,103,동두천 2025_07.csv,기타관광,기타관광
동두천,2025,7,2025-07,24,경기도,동두천시,코스모스세일스토어,90,동두천 2025_07.csv,쇼핑,쇼핑몰
동두천,2025,7,2025-07,25,경기도,동두천시,소요산국민관광지,83,동두천 2025_07.csv,문화관광,복합관광시설
동두천,2025,7,2025-07,26,경기도,동두천시,자재암,81,동두천 2025_07.csv,역사관광,종교성지
동두천,2025,7,2025-07,27,경기도,동두천시,죠스수영장,65,동두천 2025_07.csv,문화관광,테마공원
동두천,2025,7,2025-07,28,경기도,동두천시,신흥중고야구장,63,동두천 2025_07.csv,문화관광,레저스포츠시설
동두천,2025,7,2025-07,28,경기도,동두천시,꿈이담키즈헬스케어센터,63,동두천 2025_07.csv,문화관광,테마공원
동두천,2025,7,2025-07,28,경기도,동두천시,문화극장,63,동두천 2025_07.csv,문화관광,공연시설
동두천,2025,7,2025-07,31,경기도,동두천시,소요산관광지원센터,60,동두천 2025_07.csv,기타관광,기타관광
동두천,2025,7,2025-07,32,경기도,동두천시,생연공유누리센터,58,동두천 2025_07.csv,문화관광,기타문화관광지
동두천,2025,7,2025-07,33,경기도,동두천시,동두천배드민턴전용구장,44,동두천 2025_07.csv,레저스포츠,기타레저스포츠
동두천,2025,7,2025-07,34,경기도,동두천시,호림공방,43,동두천 2025_07.csv,문화관광,기타문화관광지
동두천,2025,7,2025-07,35,경기도,동두천시,오지재고개,40,동두천 2025_07.csv,자연관광,자연경관(산)
동두천,2025,7,2025-07,36,경기도,동두천시,세아프라자,34,동두천 2025_07.csv,쇼핑,쇼핑몰
동두천,2025,7,2025-07,37,경기도,동두천시,시민회관공연장,29,동두천 2025_07.csv,문화관광,공연시설
동두천,2025,7,2025-07,38,경기도,동두천시,소요산어린이공원물놀이장,23,동두천 2025_07.csv,문화관광,테마공원
동두천,2025,7,2025-07,39,경기도,동두천시,동두천시제일시장,20,동두천 2025_07.csv,쇼핑,시장
동두천,2025,7,2025-07,40,경기도,동두천시,동두천외국인관광특구,19,동두천 2025_07.csv,기타관광,기타관광
동두천,2025,7,2025-07,41,경기도,동두천시,동두천시평생교육원,17,동두천 2025_07.csv,체험관광,체험관광기타
동두천,2025,7,2025-07,42,경기도,동두천시,장림계곡,14,동두천 2025_07.csv,자연관광,자연경관(산)
동두천,2025,7,2025-07,42,경기도,동두천시,반야사,14,동두천 2025_07.csv,역사관광,종교성지
동두천,2025,7,2025-07,44,경기도,동두천시,소요산어린이공원,12,동두천 2025_07.csv,문화관광,도시공원
동두천,2025,7,2025-07,45,경기도,동두천시,원흥사,10,동두천 2025_07.csv,역사관광,종교성지
동두천,2025,7,2025-07,45,경기도,동두천시,두드림뮤직센터,10,동두천 2025_07.csv,문화관광,공연시설
동두천,2025,7,2025-07,45,경기도,동두천시,소요생활체육공원축구장,10,동두천 2025_07.csv,문화관광,레저스포츠시설
동두천,2025,7,2025-07,48,경기도,동두천시,서광사,9,동두천 2025_07.csv,역사관광,종교성지
동두천,2025,7,2025-07,48,경기도,동두천시,소요생활체육공원,9,동두천 2025_07.csv,문화관광,도시공원
동두천,2025,7,2025-07,50,경기도,동두천시,광덕사,8,동두천 2025_07.csv,역사관광,종교성지
동두천,2025,7,2025-07,51,경기도,동두천시,구 동두천시외버스터미널,7,동두천 2025_07.csv,기타관광,교통시설
동두천,2025,7,2025-07,51,경기도,동두천시,동두천시 송내동 아차노리힐링타운,7,동두천 2025_07.csv,역사관광,역사유적지
동두천,2025,7,2025-07,53,경기도,동두천시,해룡산,6,동두천 2025_07.csv,자연관광,자연경관(산)
동두천,2025,7,2025-07,54,경기도,동두천시,원터공원,5,동두천 2025_07.csv,문화관광,도시공원
동두천,2025,7,2025-07,54,경기도,동두천시,보문사,5,동두천 2025_07.csv,역사관광,종교성지
동두천,2025,7,2025-07,56,경기도,동두천시,사랑나무야학,4,동두천 2025_07.csv,체험관광,체험관광기타
동두천,2025,7,2025-07,56,경기도,동두천시,롤킹롤러스케이트장,4,동두천 2025_07.csv,레저스포츠,육상레저스포츠
동두천,2025,7,2025-07,56,경기도,동두천시,안창말,4,동두천 2025_07.csv,기타관광,기타관광
동두천,2025,7,2025-07,59,경기도,동두천시,턱거리마을박물관1호점,3,동두천 2025_07.csv,문화관광,전시시설
동두천,2025,7,2025-07,59,경기도,동두천시,놀자숲눈썰매장,3,동두천 2025_07.csv,레저스포츠,육상레저스포츠
동두천,2025,7,2025-07,59,경기도,동두천시,두레문화마을,3,동두천 2025_07.csv,레저스포츠,육상레저스포츠
동두천,2025,7,2025-07,59,경기도,동두천시,또또와실내낚시터,3,동두천 2025_07.csv,레저스포츠,수상레저스포츠
동두천,2025,7,2025-07,59,경기도,동두천시,동두천시 상패동 장수마을,3,동두천 2025_07.csv,역사관광,역사유적지
동두천,2025,7,2025-07,59,경기도,동두천시,덕수사,3,동두천 2025_07.csv,역사관광,종교성지
동두천,2025,7,2025-07,59,경기도,동두천시,보광사,3,동두천 2025_07.csv,역사관광,종교성지
동두천,2025,7,2025-07,59,경기도,동두천시,창말약수터,3,동두천 2025_07.csv,자연관광,자연경관(산)
동두천,2025,7,2025-07,59,경기도,동두천시,영도암,3,동두천 2025_07.csv,역사관광,종교성지
동두천,2025,7,2025-07,59,경기도,동두천시,동호정,3,동두천 2025_07.csv,레저스포츠,육상레저스포츠
동두천,2025,7,2025-07,59,경기도,동두천시,소요산산림욕장,3,동두천 2025_07.csv,자연관광,자연공원
동두천,2025,8,2025-08,1,경기도,동두천시,티클라우드CC,2810,동두천 2025_08.csv,레저스포츠,육상레저스포츠
동두천,2025,8,2025-08,2,경기도,동두천시,니지모리스튜디오,2747,동두천 2025_08.csv,기타관광,기타관광
동두천,2025,8,2025-08,3,경기도,동두천시,왕방계곡,2343,동두천 2025_08.csv,자연관광,자연경관(산)
동두천,2025,8,2025-08,4,경기도,동두천시,경기북부어린이박물관,1920,동두천 2025_08.csv,문화관광,전시시설
동두천,2025,8,2025-08,5,경기도,동두천시,소요산,1828,동두천 2025_08.csv,자연관광,자연경관(산)
동두천,2025,8,2025-08,6,경기도,동두천시,동두천자연휴양림,1571,동두천 2025_08.csv,자연관광,자연공원
동두천,2025,8,2025-08,7,경기도,동두천시,CGV동두천,1108,동두천 2025_08.csv,문화관광,공연시설
동두천,2025,8,2025-08,8,경기도,동두천시,중앙시장,960,동두천 2025_08.csv,쇼핑,시장
동두천,2025,8,2025-08,9,경기도,동두천시,놀자숲,841,동두천 2025_08.csv,문화관광,테마공원
동두천,2025,8,2025-08,10,경기도,동두천시,샘터농원,764,동두천 2025_08.csv,체험관광,농/산/어촌체험
동두천,2025,8,2025-08,11,경기도,동두천시,동두천큰시장,601,동두천 2025_08.csv,쇼핑,시장
동두천,2025,8,2025-08,12,경기도,동두천시,동두천어울림센터,461,동두천 2025_08.csv,문화관광,기타문화관광지
동두천,2025,8,2025-08,13,경기도,동두천시,탑동유원지,400,동두천 2025_08.csv,문화관광,복합관광시설
동두천,2025,8,2025-08,14,경기도,동두천시,양키시장,361,동두천 2025_08.csv,쇼핑,시장
동두천,2025,8,2025-08,15,경기도,동두천시,소요별앤숲테마파크,314,동두천 2025_08.csv,문화관광,테마공원
동두천,2025,8,2025-08,16,경기도,동두천시,동두천시평생학습관,306,동두천 2025_08.csv,체험관광,체험관광기타
동두천,2025,8,2025-08,17,경기도,동두천시,동두천터미널,275,동두천 2025_08.csv,기타관광,교통시설
동두천,2025,8,2025-08,18,경기도,동두천시,쇠목계곡,210,동두천 2025_08.csv,자연관광,자연경관(산)
동두천,2025,8,2025-08,19,경기도,동두천시,동광극장,157,동두천 2025_08.csv,문화관광,공연시설
동두천,2025,8,2025-08,20,경기도,동두천시,자유수호평화박물관,152,동두천 2025_08.csv,문화관광,전시시설
동두천,2025,8,2025-08,21,경기도,동두천시,소요산국민관광지,125,동두천 2025_08.csv,문화관광,복합관광시설
동두천,2025,8,2025-08,22,경기도,동두천시,배꼽다리,121,동두천 2025_08.csv,기타관광,기타관광
동두천,2025,8,2025-08,23,경기도,동두천시,자재암,111,동두천 2025_08.csv,역사관광,종교성지
동두천,2025,8,2025-08,24,경기도,동두천시,죠스수영장,94,동두천 2025_08.csv,문화관광,테마공원
동두천,2025,8,2025-08,25,경기도,동두천시,코스모스세일스토어,88,동두천 2025_08.csv,쇼핑,쇼핑몰
동두천,2025,8,2025-08,26,경기도,동두천시,문화극장,78,동두천 2025_08.csv,문화관광,공연시설
동두천,2025,8,2025-08,27,경기도,동두천시,소요별앤숲테마파크상상물놀이장,73,동두천 2025_08.csv,문화관광,테마공원
동두천,2025,8,2025-08,28,경기도,동두천시,동두천시시민회관실외수영장,67,동두천 2025_08.csv,문화관광,테마공원
동두천,2025,8,2025-08,29,경기도,동두천시,꿈이담키즈헬스케어센터,61,동두천 2025_08.csv,문화관광,테마공원
동두천,2025,8,2025-08,30,경기도,동두천시,소요산관광지원센터,53,동두천 2025_08.csv,기타관광,기타관광
동두천,2025,8,2025-08,31,경기도,동두천시,오지재고개,45,동두천 2025_08.csv,자연관광,자연경관(산)
동두천,2025,8,2025-08,32,경기도,동두천시,동두천시제일시장,44,동두천 2025_08.csv,쇼핑,시장
동두천,2025,8,2025-08,33,경기도,동두천시,신흥중고야구장,42,동두천 2025_08.csv,문화관광,레저스포츠시설
동두천,2025,8,2025-08,34,경기도,동두천시,세아프라자,36,동두천 2025_08.csv,쇼핑,쇼핑몰
동두천,2025,8,2025-08,34,경기도,동두천시,디어마인,36,동두천 2025_08.csv,체험관광,공예체험
동두천,2025,8,2025-08,36,경기도,동두천시,동두천외국인관광특구,32,동두천 2025_08.csv,기타관광,기타관광
동두천,2025,8,2025-08,37,경기도,동두천시,호림공방,31,동두천 2025_08.csv,문화관광,기타문화관광지
동두천,2025,8,2025-08,38,경기도,동두천시,장림계곡,30,동두천 2025_08.csv,자연관광,자연경관(산)
동두천,2025,8,2025-08,39,경기도,동두천시,반야사,22,동두천 2025_08.csv,역사관광,종교성지
동두천,2025,8,2025-08,40,경기도,동두천시,시민회관공연장,21,동두천 2025_08.csv,문화관광,공연시설
동두천,2025,8,2025-08,41,경기도,동두천시,동두천배드민턴전용구장,20,동두천 2025_08.csv,레저스포츠,기타레저스포츠
동두천,2025,8,2025-08,42,경기도,동두천시,생연공유누리센터,18,동두천 2025_08.csv,문화관광,기타문화관광지
동두천,2025,8,2025-08,43,경기도,동두천시,원터공원,14,동두천 2025_08.csv,문화관광,도시공원
동두천,2025,8,2025-08,44,경기도,동두천시,또또와실내낚시터,11,동두천 2025_08.csv,레저스포츠,수상레저스포츠
동두천,2025,8,2025-08,45,경기도,동두천시,소요산어린이공원,10,동두천 2025_08.csv,문화관광,도시공원
동두천,2025,8,2025-08,45,경기도,동두천시,두드림뮤직센터,10,동두천 2025_08.csv,문화관광,공연시설
동두천,2025,8,2025-08,47,경기도,동두천시,나츠마츠리,9,동두천 2025_08.csv,문화관광,기타문화관광지
동두천,2025,8,2025-08,47,경기도,동두천시,동호정,9,동두천 2025_08.csv,레저스포츠,육상레저스포츠
동두천,2025,8,2025-08,47,경기도,동두천시,롤킹롤러스케이트장,9,동두천 2025_08.csv,레저스포츠,육상레저스포츠
동두천,2025,8,2025-08,50,경기도,동두천시,소요산어린이공원물놀이장,8,동두천 2025_08.csv,문화관광,테마공원
동두천,2025,8,2025-08,50,경기도,동두천시,소요생활체육공원축구장,8,동두천 2025_08.csv,문화관광,레저스포츠시설
동두천,2025,8,2025-08,52,경기도,동두천시,원흥사,6,동두천 2025_08.csv,역사관광,종교성지
동두천,2025,8,2025-08,53,경기도,동두천시,자재암포교당,4,동두천 2025_08.csv,역사관광,종교성지
동두천,2025,8,2025-08,53,경기도,동두천시,약사암,4,동두천 2025_08.csv,역사관광,종교성지
동두천,2025,8,2025-08,55,경기도,동두천시,소요산야외음악당,3,동두천 2025_08.csv,문화관광,공연시설
동두천,2025,8,2025-08,55,경기도,동두천시,두레문화마을,3,동두천 2025_08.csv,레저스포츠,육상레저스포츠
동두천,2025,8,2025-08,55,경기도,동두천시,이담풋살장,3,동두천 2025_08.csv,문화관광,레저스포츠시설
동두천,2025,8,2025-08,55,경기도,동두천시,동두천시 상패동 장수마을,3,동두천 2025_08.csv,역사관광,역사유적지
동두천,2025,8,2025-08,55,경기도,동두천시,칠봉사,3,동두천 2025_08.csv,역사관광,종교성지
동두천,2025,8,2025-08,55,경기도,동두천시,약수암,3,동두천 2025_08.csv,역사관광,종교성지
동두천,2025,8,2025-08,55,경기도,동두천시,구 동두천시외버스터미널,3,동두천 2025_08.csv,기타관광,교통시설
동두천,2025,8,2025-08,55,경기도,동두천시,동두천 세아상가시장,3,동두천 2025_08.csv,쇼핑,시장
동두천,2025,8,2025-08,55,경기도,동두천시,서광사,3,동두천 2025_08.csv,역사관광,종교성지
동두천,2025,8,2025-08,55,경기도,동두천시,팡팡스테이션,3,동두천 2025_08.csv,문화관광,테마공원
동두천,2025,8,2025-08,55,경기도,동두천시,동두천시평생교육원,3,동두천 2025_08.csv,체험관광,체험관광기타
동두천,2025,9,2025-09,1,경기도,동두천시,티클라우드CC,3749,동두천 2025_09.csv,레저스포츠,육상레저스포츠
동두천,2025,9,2025-09,2,경기도,동두천시,니지모리스튜디오,1700,동두천 2025_09.csv,기타관광,기타관광
동두천,2025,9,2025-09,3,경기도,동두천시,소요산,1543,동두천 2025_09.csv,자연관광,자연경관(산)
동두천,2025,9,2025-09,4,경기도,동두천시,동두천자연휴양림,1163,동두천 2025_09.csv,자연관광,자연공원
동두천,2025,9,2025-09,5,경기도,동두천시,경기북부어린이박물관,981,동두천 2025_09.csv,문화관광,전시시설
동두천,2025,9,2025-09,6,경기도,동두천시,중앙시장,783,동두천 2025_09.csv,쇼핑,시장
동두천,2025,9,2025-09,7,경기도,동두천시,CGV동두천,601,동두천 2025_09.csv,문화관광,공연시설
동두천,2025,9,2025-09,8,경기도,동두천시,놀자숲,587,동두천 2025_09.csv,문화관광,테마공원
동두천,2025,9,2025-09,9,경기도,동두천시,동두천큰시장,560,동두천 2025_09.csv,쇼핑,시장
동두천,2025,9,2025-09,10,경기도,동두천시,동두천어울림센터,483,동두천 2025_09.csv,문화관광,기타문화관광지
동두천,2025,9,2025-09,11,경기도,동두천시,왕방계곡,374,동두천 2025_09.csv,자연관광,자연경관(산)
동두천,2025,9,2025-09,12,경기도,동두천시,동두천시평생학습관,324,동두천 2025_09.csv,체험관광,체험관광기타
동두천,2025,9,2025-09,13,경기도,동두천시,양키시장,297,동두천 2025_09.csv,쇼핑,시장
동두천,2025,9,2025-09,14,경기도,동두천시,동두천터미널,243,동두천 2025_09.csv,기타관광,교통시설
동두천,2025,9,2025-09,15,경기도,동두천시,소요별앤숲테마파크,211,동두천 2025_09.csv,문화관광,테마공원
동두천,2025,9,2025-09,16,경기도,동두천시,동광극장,132,동두천 2025_09.csv,문화관광,공연시설
동두천,2025,9,2025-09,17,경기도,동두천시,소요산국민관광지,89,동두천 2025_09.csv,문화관광,복합관광시설
동두천,2025,9,2025-09,18,경기도,동두천시,자유수호평화박물관,83,동두천 2025_09.csv,문화관광,전시시설
동두천,2025,9,2025-09,19,경기도,동두천시,자재암,74,동두천 2025_09.csv,역사관광,종교성지
동두천,2025,9,2025-09,20,경기도,동두천시,신흥중고야구장,71,동두천 2025_09.csv,문화관광,레저스포츠시설
동두천,2025,9,2025-09,21,경기도,동두천시,코스모스세일스토어,65,동두천 2025_09.csv,쇼핑,쇼핑몰
동두천,2025,9,2025-09,21,경기도,동두천시,탑동유원지,65,동두천 2025_09.csv,문화관광,복합관광시설
동두천,2025,9,2025-09,23,경기도,동두천시,문화극장,55,동두천 2025_09.csv,문화관광,공연시설
동두천,2025,9,2025-09,24,경기도,동두천시,샘터농원,50,동두천 2025_09.csv,체험관광,농/산/어촌체험
동두천,2025,9,2025-09,25,경기도,동두천시,세아프라자,49,동두천 2025_09.csv,쇼핑,쇼핑몰
동두천,2025,9,2025-09,26,경기도,동두천시,소요산관광지원센터,40,동두천 2025_09.csv,기타관광,기타관광
동두천,2025,9,2025-09,27,경기도,동두천시,동두천락페스티벌,39,동두천 2025_09.csv,문화관광,기타문화관광지
동두천,2025,9,2025-09,28,경기도,동두천시,오지재고개,36,동두천 2025_09.csv,자연관광,자연경관(산)
동두천,2025,9,2025-09,29,경기도,동두천시,생연공유누리센터,35,동두천 2025_09.csv,문화관광,기타문화관광지
동두천,2025,9,2025-09,30,경기도,동두천시,꿈이담키즈헬스케어센터,33,동두천 2025_09.csv,문화관광,테마공원
동두천,2025,9,2025-09,31,경기도,동두천시,쇠목계곡,28,동두천 2025_09.csv,자연관광,자연경관(산)
동두천,2025,9,2025-09,31,경기도,동두천시,동두천시제일시장,28,동두천 2025_09.csv,쇼핑,시장
동두천,2025,9,2025-09,31,경기도,동두천시,원흥사,28,동두천 2025_09.csv,역사관광,종교성지
동두천,2025,9,2025-09,34,경기도,동두천시,배꼽다리,23,동두천 2025_09.csv,기타관광,기타관광
동두천,2025,9,2025-09,34,경기도,동두천시,동두천외국인관광특구,23,동두천 2025_09.csv,기타관광,기타관광
동두천,2025,9,2025-09,36,경기도,동두천시,시민회관공연장,20,동두천 2025_09.csv,문화관광,공연시설
동두천,2025,9,2025-09,37,경기도,동두천시,사랑나무야학,15,동두천 2025_09.csv,체험관광,체험관광기타
동두천,2025,9,2025-09,38,경기도,동두천시,동두천배드민턴전용구장,12,동두천 2025_09.csv,레저스포츠,기타레저스포츠
동두천,2025,9,2025-09,39,경기도,동두천시,더포레스트목공방,10,동두천 2025_09.csv,체험관광,공예체험
동두천,2025,9,2025-09,39,경기도,동두천시,동두천시 송내동 아차노리힐링타운,10,동두천 2025_09.csv,역사관광,역사유적지
동두천,2025,9,2025-09,41,경기도,동두천시,이담풋살장,9,동두천 2025_09.csv,문화관광,레저스포츠시설
동두천,2025,9,2025-09,41,경기도,동두천시,두드림뮤직센터,9,동두천 2025_09.csv,문화관광,공연시설
동두천,2025,9,2025-09,41,경기도,동두천시,롤킹롤러스케이트장,9,동두천 2025_09.csv,레저스포츠,육상레저스포츠
동두천,2025,9,2025-09,44,경기도,동두천시,턱거리마을박물관1호점,8,동두천 2025_09.csv,문화관광,전시시설
동두천,2025,9,2025-09,44,경기도,동두천시,구 동두천시외버스터미널,8,동두천 2025_09.csv,기타관광,교통시설
동두천,2025,9,2025-09,44,경기도,동두천시,원각사,8,동두천 2025_09.csv,역사관광,종교성지
동두천,2025,9,2025-09,44,경기도,동두천시,반야사,8,동두천 2025_09.csv,역사관광,종교성지
동두천,2025,9,2025-09,44,경기도,동두천시,해룡산,8,동두천 2025_09.csv,자연관광,자연경관(산)
동두천,2025,9,2025-09,49,경기도,동두천시,소요생활체육공원축구장,7,동두천 2025_09.csv,문화관광,레저스포츠시설
동두천,2025,9,2025-09,50,경기도,동두천시,동두천 세아상가시장,6,동두천 2025_09.csv,쇼핑,시장
동두천,2025,9,2025-09,50,경기도,동두천시,왕방산국사당굿당,6,동두천 2025_09.csv,역사관광,종교성지
동두천,2025,9,2025-09,52,경기도,동두천시,또또와실내낚시터,5,동두천 2025_09.csv,레저스포츠,수상레저스포츠
동두천,2025,9,2025-09,52,경기도,동두천시,광덕사,5,동두천 2025_09.csv,역사관광,종교성지
동두천,2025,9,2025-09,52,경기도,동두천시,시민평화공원,5,동두천 2025_09.csv,문화관광,도시공원
동두천,2025,9,2025-09,55,경기도,동두천시,효종암,4,동두천 2025_09.csv,역사관광,종교성지
동두천,2025,9,2025-09,55,경기도,동두천시,중화사,4,동두천 2025_09.csv,역사관광,종교성지
동두천,2025,9,2025-09,55,경기도,동두천시,동두천시평생교육원,4,동두천 2025_09.csv,체험관광,체험관광기타
동두천,2025,9,2025-09,58,경기도,동두천시,삼충단,3,동두천 2025_09.csv,역사관광,역사유적지
동두천,2025,9,2025-09,58,경기도,동두천시,자원암,3,동두천 2025_09.csv,역사관광,종교성지
동두천,2025,9,2025-09,58,경기도,동두천시,간도문화체험마을,3,동두천 2025_09.csv,문화관광,기타문화관광지
동두천,2025,9,2025-09,58,경기도,동두천시,못골생태공원,3,동두천 2025_09.csv,문화관광,도시공원
동두천,2025,9,2025-09,58,경기도,동두천시,대도사,3,동두천 2025_09.csv,역사관광,종교성지
동두천,2025,9,2025-09,58,경기도,동두천시,극락암,3,동두천 2025_09.csv,역사관광,종교성지
동두천,2025,9,2025-09,58,경기도,동두천시,서광사,3,동두천 2025_09.csv,역사관광,종교성지
동두천,2025,9,2025-09,58,경기도,동두천시,보문사,3,동두천 2025_09.csv,역사관광,종교성지
동두천,2025,9,2025-09,58,경기도,동두천시,동두천시 상패동 인곡마을,3,동두천 2025_09.csv,역사관광,역사유적지
동두천,2025,9,2025-09,58,경기도,동두천시,담아비누공방,3,동두천 2025_09.csv,체험관광,공예체험
동두천,2025,10,2025-10,1,경기도,동두천시,니지모리스튜디오,6322,동두천 2025_10.csv,기타관광,기타관광
동두천,2025,10,2025-10,2,경기도,동두천시,티클라우드CC,5643,동두천 2025_10.csv,레저스포츠,육상레저스포츠
동두천,2025,10,2025-10,3,경기도,동두천시,소요산,4412,동두천 2025_10.csv,자연관광,자연경관(산)
동두천,2025,10,2025-10,4,경기도,동두천시,동두천자연휴양림,2312,동두천 2025_10.csv,자연관광,자연공원
동두천,2025,10,2025-10,5,경기도,동두천시,경기북부어린이박물관,2028,동두천 2025_10.csv,문화관광,전시시설
동두천,2025,10,2025-10,6,경기도,동두천시,놀자숲,2011,동두천 2025_10.csv,문화관광,테마공원
동두천,2025,10,2025-10,7,경기도,동두천시,중앙시장,1394,동두천 2025_10.csv,쇼핑,시장
동두천,2025,10,2025-10,8,경기도,동두천시,동두천큰시장,948,동두천 2025_10.csv,쇼핑,시장
동두천,2025,10,2025-10,9,경기도,동두천시,CGV동두천,926,동두천 2025_10.csv,문화관광,공연시설
동두천,2025,10,2025-10,10,경기도,동두천시,동두천어울림센터,559,동두천 2025_10.csv,문화관광,기타문화관광지
동두천,2025,10,2025-10,11,경기도,동두천시,양키시장,519,동두천 2025_10.csv,쇼핑,시장
동두천,2025,10,2025-10,12,경기도,동두천시,소요별앤숲테마파크,440,동두천 2025_10.csv,문화관광,테마공원
동두천,2025,10,2025-10,12,경기도,동두천시,동두천시평생학습관,440,동두천 2025_10.csv,체험관광,체험관광기타
동두천,2025,10,2025-10,14,경기도,동두천시,동두천터미널,376,동두천 2025_10.csv,기타관광,교통시설
동두천,2025,10,2025-10,15,경기도,동두천시,왕방계곡,269,동두천 2025_10.csv,자연관광,자연경관(산)
동두천,2025,10,2025-10,16,경기도,동두천시,자재암,250,동두천 2025_10.csv,역사관광,종교성지
동두천,2025,10,2025-10,17,경기도,동두천시,소요산국민관광지,248,동두천 2025_10.csv,문화관광,복합관광시설
동두천,2025,10,2025-10,18,경기도,동두천시,자유수호평화박물관,243,동두천 2025_10.csv,문화관광,전시시설
동두천,2025,10,2025-10,19,경기도,동두천시,동광극장,225,동두천 2025_10.csv,문화관광,공연시설
동두천,2025,10,2025-10,20,경기도,동두천시,소요산관광지원센터,172,동두천 2025_10.csv,기타관광,기타관광
동두천,2025,10,2025-10,21,경기도,동두천시,코스모스세일스토어,150,동두천 2025_10.csv,쇼핑,쇼핑몰
동두천,2025,10,2025-10,22,경기도,동두천시,세아프라자,129,동두천 2025_10.csv,쇼핑,쇼핑몰
동두천,2025,10,2025-10,23,경기도,동두천시,신흥중고야구장,115,동두천 2025_10.csv,문화관광,레저스포츠시설
동두천,2025,10,2025-10,24,경기도,동두천시,시민평화공원,101,동두천 2025_10.csv,문화관광,도시공원
동두천,2025,10,2025-10,25,경기도,동두천시,오지재고개,97,동두천 2025_10.csv,자연관광,자연경관(산)
동두천,2025,10,2025-10,26,경기도,동두천시,문화극장,93,동두천 2025_10.csv,문화관광,공연시설
동두천,2025,10,2025-10,27,경기도,동두천시,쇠목계곡,80,동두천 2025_10.csv,자연관광,자연경관(산)
동두천,2025,10,2025-10,28,경기도,동두천시,동두천시제일시장,75,동두천 2025_10.csv,쇼핑,시장
동두천,2025,10,2025-10,29,경기도,동두천시,소요생활체육공원축구장,67,동두천 2025_10.csv,문화관광,레저스포츠시설
동두천,2025,10,2025-10,30,경기도,동두천시,소요산야외음악당,62,동두천 2025_10.csv,문화관광,공연시설
동두천,2025,10,2025-10,31,경기도,동두천시,샘터농원,57,동두천 2025_10.csv,체험관광,농/산/어촌체험
동두천,2025,10,2025-10,32,경기도,동두천시,두드림뮤직센터,49,동두천 2025_10.csv,문화관광,공연시설
동두천,2025,10,2025-10,33,경기도,동두천시,동두천배드민턴전용구장,48,동두천 2025_10.csv,레저스포츠,기타레저스포츠
동두천,2025,10,2025-10,34,경기도,동두천시,원흥사,45,동두천 2025_10.csv,역사관광,종교성지
동두천,2025,10,2025-10,35,경기도,동두천시,반야사,41,동두천 2025_10.csv,역사관광,종교성지
동두천,2025,10,2025-10,36,경기도,동두천시,탑동유원지,36,동두천 2025_10.csv,문화관광,복합관광시설
동두천,2025,10,2025-10,37,경기도,동두천시,꿈이담키즈헬스케어센터,35,동두천 2025_10.csv,문화관광,테마공원
동두천,2025,10,2025-10,38,경기도,동두천시,동두천외국인관광특구,30,동두천 2025_10.csv,기타관광,기타관광
동두천,2025,10,2025-10,39,경기도,동두천시,생연공유누리센터,28,동두천 2025_10.csv,문화관광,기타문화관광지
동두천,2025,10,2025-10,39,경기도,동두천시,무심정사,28,동두천 2025_10.csv,역사관광,종교성지
동두천,2025,10,2025-10,41,경기도,동두천시,동두천시평생교육원,27,동두천 2025_10.csv,체험관광,체험관광기타
동두천,2025,10,2025-10,42,경기도,동두천시,사랑나무야학,24,동두천 2025_10.csv,체험관광,체험관광기타
동두천,2025,10,2025-10,43,경기도,동두천시,보문사,23,동두천 2025_10.csv,역사관광,종교성지
동두천,2025,10,2025-10,44,경기도,동두천시,동두천시 송내동 아차노리힐링타운,20,동두천 2025_10.csv,역사관광,역사유적지
동두천,2025,10,2025-10,45,경기도,동두천시,롤킹롤러스케이트장,19,동두천 2025_10.csv,레저스포츠,육상레저스포츠
동두천,2025,10,2025-10,46,경기도,동두천시,청량사,18,동두천 2025_10.csv,역사관광,종교성지
동두천,2025,10,2025-10,47,경기도,동두천시,숭모재강릉김씨사당,17,동두천 2025_10.csv,역사관광,역사유적지
동두천,2025,10,2025-10,48,경기도,동두천시,원각사,16,동두천 2025_10.csv,역사관광,종교성지
동두천,2025,10,2025-10,49,경기도,동두천시,해룡산,15,동두천 2025_10.csv,자연관광,자연경관(산)
동두천,2025,10,2025-10,49,경기도,동두천시,선화사,15,동두천 2025_10.csv,역사관광,종교성지
동두천,2025,10,2025-10,49,경기도,동두천시,아키마츠리,15,동두천 2025_10.csv,문화관광,기타문화관광지
동두천,2025,10,2025-10,49,경기도,동두천시,약수암,15,동두천 2025_10.csv,역사관광,종교성지
동두천,2025,10,2025-10,53,경기도,동두천시,서광사,14,동두천 2025_10.csv,역사관광,종교성지
동두천,2025,10,2025-10,54,경기도,동두천시,두레문화마을,13,동두천 2025_10.csv,레저스포츠,육상레저스포츠
동두천,2025,10,2025-10,54,경기도,동두천시,소요산산림욕장,13,동두천 2025_10.csv,자연관광,자연공원
동두천,2025,10,2025-10,56,경기도,동두천시,뚝딱언니,12,동두천 2025_10.csv,체험관광,공예체험
동두천,2025,10,2025-10,56,경기도,동두천시,동두천시 상패동 장수마을,12,동두천 2025_10.csv,역사관광,역사유적지
동두천,2025,10,2025-10,56,경기도,동두천시,배꼽다리,12,동두천 2025_10.csv,기타관광,기타관광
동두천,2025,10,2025-10,59,경기도,동두천시,효종암,11,동두천 2025_10.csv,역사관광,종교성지
동두천,2025,10,2025-10,59,경기도,동두천시,구 동두천시외버스터미널,11,동두천 2025_10.csv,기타관광,교통시설
동두천,2025,10,2025-10,59,경기도,동두천시,소요생활체육공원,11,동두천 2025_10.csv,문화관광,도시공원
동두천,2025,10,2025-10,59,경기도,동두천시,못골생태공원,11,동두천 2025_10.csv,문화관광,도시공원
동두천,2025,10,2025-10,59,경기도,동두천시,상패수변공원,11,동두천 2025_10.csv,문화관광,도시공원
동두천,2025,10,2025-10,64,경기도,동두천시,어등산레포츠공원,10,동두천 2025_10.csv,문화관광,도시공원
동두천,2025,10,2025-10,64,경기도,동두천시,보광사,10,동두천 2025_10.csv,역사관광,종교성지
동두천,2025,10,2025-10,64,경기도,동두천시,장림계곡,10,동두천 2025_10.csv,자연관광,자연경관(산)
동두천,2025,10,2025-10,64,경기도,동두천시,이담풋살장,10,동두천 2025_10.csv,문화관광,레저스포츠시설
동두천,2025,10,2025-10,68,경기도,동두천시,관음사,9,동두천 2025_10.csv,역사관광,종교성지
동두천,2025,10,2025-10,69,경기도,동두천시,스트라이크존동두천지행구장,8,동두천 2025_10.csv,레저스포츠,기타레저스포츠
동두천,2025,10,2025-10,70,경기도,동두천시,소요산문화생태공원,7,동두천 2025_10.csv,문화관광,도시공원
동두천,2025,10,2025-10,70,경기도,동두천시,동두천시 상패동 인곡마을,7,동두천 2025_10.csv,역사관광,역사유적지
동두천,2025,10,2025-10,70,경기도,동두천시,동두천차없는거리,7,동두천 2025_10.csv,기타관광,기타관광
동두천,2025,10,2025-10,70,경기도,동두천시,영스포렉스,7,동두천 2025_10.csv,레저스포츠,기타레저스포츠
동두천,2025,10,2025-10,70,경기도,동두천시,삼충단,7,동두천 2025_10.csv,역사관광,역사유적지
동두천,2025,10,2025-10,75,경기도,동두천시,또또와실내낚시터,6,동두천 2025_10.csv,레저스포츠,수상레저스포츠
동두천,2025,10,2025-10,75,경기도,동두천시,소요산어린이공원,6,동두천 2025_10.csv,문화관광,도시공원
동두천,2025,10,2025-10,77,경기도,동두천시,한컷공감미술관,4,동두천 2025_10.csv,문화관광,전시시설
동두천,2025,10,2025-10,77,경기도,동두천시,만복사,4,동두천 2025_10.csv,역사관광,종교성지
동두천,2025,10,2025-10,77,경기도,동두천시,영도암,4,동두천 2025_10.csv,역사관광,종교성지
동두천,2025,10,2025-10,77,경기도,동두천시,원터공원,4,동두천 2025_10.csv,문화관광,도시공원
동두천,2025,10,2025-10,77,경기도,동두천시,롤리폴리,4,동두천 2025_10.csv,문화관광,테마공원
동두천,2025,10,2025-10,77,경기도,동두천시,자유수호평화박물관벚꽃길,4,동두천 2025_10.csv,기타관광,기타관광
동두천,2025,10,2025-10,77,경기도,동두천시,안창말,4,동두천 2025_10.csv,기타관광,기타관광
동두천,2025,10,2025-10,84,경기도,동두천시,자원암,3,동두천 2025_10.csv,역사관광,종교성지
동두천,2025,10,2025-10,84,경기도,동두천시,간도문화체험마을,3,동두천 2025_10.csv,문화관광,기타문화관광지
동두천,2025,10,2025-10,84,경기도,동두천시,대도사,3,동두천 2025_10.csv,역사관광,종교성지
동두천,2025,10,2025-10,84,경기도,동두천시,극락암,3,동두천 2025_10.csv,역사관광,종교성지
동두천,2025,10,2025-10,84,경기도,동두천시,호림공방,3,동두천 2025_10.csv,문화관광,기타문화관광지
동두천,2025,10,2025-10,84,경기도,동두천시,중화사,3,동두천 2025_10.csv,역사관광,종교성지
동두천,2025,10,2025-10,84,경기도,동두천시,동두천 세아상가시장,3,동두천 2025_10.csv,쇼핑,시장
동두천,2025,10,2025-10,84,경기도,동두천시,시민회관공연장,3,동두천 2025_10.csv,문화관광,공연시설
동두천,2025,10,2025-10,84,경기도,동두천시,칠봉사,3,동두천 2025_10.csv,역사관광,종교성지
동두천,2025,10,2025-10,84,경기도,동두천시,광덕사,3,동두천 2025_10.csv,역사관광,종교성지
동두천,2025,10,2025-10,84,경기도,동두천시,아울도자기체험장,3,동두천 2025_10.csv,문화관광,기타문화관광지
동두천,2025,10,2025-10,84,경기도,동두천시,창말소공원,3,동두천 2025_10.csv,문화관광,도시공원
동두천,2025,10,2025-10,84,경기도,동두천시,놀자숲눈썰매장,3,동두천 2025_10.csv,레저스포츠,육상레저스포츠
동두천,2025,10,2025-10,84,경기도,동두천시,성불사,3,동두천 2025_10.csv,역사관광,종교성지
동두천,2025,10,2025-10,84,경기도,동두천시,턱거리마을박물관1호점,3,동두천 2025_10.csv,문화관광,전시시설
동두천,2025,11,2025-11,1,경기도,동두천시,소요산,4838,동두천 2025_11.csv,자연관광,자연경관(산)
동두천,2025,11,2025-11,2,경기도,동두천시,니지모리스튜디오,3920,동두천 2025_11.csv,기타관광,기타관광
동두천,2025,11,2025-11,3,경기도,동두천시,티클라우드CC,3268,동두천 2025_11.csv,레저스포츠,육상레저스포츠
동두천,2025,11,2025-11,4,경기도,동두천시,동두천자연휴양림,1499,동두천 2025_11.csv,자연관광,자연공원
동두천,2025,11,2025-11,5,경기도,동두천시,경기북부어린이박물관,1107,동두천 2025_11.csv,문화관광,전시시설
동두천,2025,11,2025-11,6,경기도,동두천시,중앙시장,971,동두천 2025_11.csv,쇼핑,시장
동두천,2025,11,2025-11,7,경기도,동두천시,놀자숲,906,동두천 2025_11.csv,문화관광,테마공원
동두천,2025,11,2025-11,8,경기도,동두천시,동두천큰시장,756,동두천 2025_11.csv,쇼핑,시장
동두천,2025,11,2025-11,9,경기도,동두천시,CGV동두천,625,동두천 2025_11.csv,문화관광,공연시설
동두천,2025,11,2025-11,10,경기도,동두천시,양키시장,396,동두천 2025_11.csv,쇼핑,시장
동두천,2025,11,2025-11,11,경기도,동두천시,동두천어울림센터,363,동두천 2025_11.csv,문화관광,기타문화관광지
동두천,2025,11,2025-11,12,경기도,동두천시,동두천터미널,319,동두천 2025_11.csv,기타관광,교통시설
동두천,2025,11,2025-11,13,경기도,동두천시,소요산국민관광지,299,동두천 2025_11.csv,문화관광,복합관광시설
동두천,2025,11,2025-11,14,경기도,동두천시,소요별앤숲테마파크,271,동두천 2025_11.csv,문화관광,테마공원
동두천,2025,11,2025-11,15,경기도,동두천시,소요산관광지원센터,216,동두천 2025_11.csv,기타관광,기타관광
동두천,2025,11,2025-11,16,경기도,동두천시,자재암,189,동두천 2025_11.csv,역사관광,종교성지
동두천,2025,11,2025-11,17,경기도,동두천시,동두천시평생학습관,161,동두천 2025_11.csv,체험관광,체험관광기타
동두천,2025,11,2025-11,18,경기도,동두천시,동광극장,156,동두천 2025_11.csv,문화관광,공연시설
동두천,2025,11,2025-11,19,경기도,동두천시,왕방계곡,147,동두천 2025_11.csv,자연관광,자연경관(산)
동두천,2025,11,2025-11,20,경기도,동두천시,신흥중고야구장,103,동두천 2025_11.csv,문화관광,레저스포츠시설
동두천,2025,11,2025-11,21,경기도,동두천시,코스모스세일스토어,99,동두천 2025_11.csv,쇼핑,쇼핑몰
동두천,2025,11,2025-11,22,경기도,동두천시,세아프라자,69,동두천 2025_11.csv,쇼핑,쇼핑몰
동두천,2025,11,2025-11,23,경기도,동두천시,자유수호평화박물관,68,동두천 2025_11.csv,문화관광,전시시설
동두천,2025,11,2025-11,24,경기도,동두천시,동두천외국인관광특구,59,동두천 2025_11.csv,기타관광,기타관광
동두천,2025,11,2025-11,25,경기도,동두천시,문화극장,56,동두천 2025_11.csv,문화관광,공연시설
동두천,2025,11,2025-11,26,경기도,동두천시,동두천시제일시장,46,동두천 2025_11.csv,쇼핑,시장
동두천,2025,11,2025-11,27,경기도,동두천시,한컷공감미술관,42,동두천 2025_11.csv,문화관광,전시시설
동두천,2025,11,2025-11,28,경기도,동두천시,시민회관공연장,34,동두천 2025_11.csv,문화관광,공연시설
동두천,2025,11,2025-11,29,경기도,동두천시,꿈이담키즈헬스케어센터,32,동두천 2025_11.csv,문화관광,테마공원
동두천,2025,11,2025-11,30,경기도,동두천시,생연공유누리센터,29,동두천 2025_11.csv,문화관광,기타문화관광지
동두천,2025,11,2025-11,30,경기도,동두천시,소요생활체육공원축구장,29,동두천 2025_11.csv,문화관광,레저스포츠시설
동두천,2025,11,2025-11,32,경기도,동두천시,아키마츠리,26,동두천 2025_11.csv,문화관광,기타문화관광지
동두천,2025,11,2025-11,33,경기도,동두천시,동두천배드민턴전용구장,23,동두천 2025_11.csv,레저스포츠,기타레저스포츠
동두천,2025,11,2025-11,34,경기도,동두천시,시민평화공원,19,동두천 2025_11.csv,문화관광,도시공원
동두천,2025,11,2025-11,34,경기도,동두천시,반야사,19,동두천 2025_11.csv,역사관광,종교성지
동두천,2025,11,2025-11,36,경기도,동두천시,어등산레포츠공원,17,동두천 2025_11.csv,문화관광,도시공원
동두천,2025,11,2025-11,37,경기도,동두천시,두드림뮤직센터,16,동두천 2025_11.csv,문화관광,공연시설
동두천,2025,11,2025-11,38,경기도,동두천시,탑동유원지,15,동두천 2025_11.csv,문화관광,복합관광시설
동두천,2025,11,2025-11,39,경기도,동두천시,오지재고개,14,동두천 2025_11.csv,자연관광,자연경관(산)
동두천,2025,11,2025-11,40,경기도,동두천시,또또와실내낚시터,11,동두천 2025_11.csv,레저스포츠,수상레저스포츠
동두천,2025,11,2025-11,40,경기도,동두천시,숭모재강릉김씨사당,11,동두천 2025_11.csv,역사관광,역사유적지
동두천,2025,11,2025-11,42,경기도,동두천시,쇠목계곡,10,동두천 2025_11.csv,자연관광,자연경관(산)
동두천,2025,11,2025-11,42,경기도,동두천시,동두천시 송내동 아차노리힐링타운,10,동두천 2025_11.csv,역사관광,역사유적지
동두천,2025,11,2025-11,44,경기도,동두천시,소요산야외음악당,9,동두천 2025_11.csv,문화관광,공연시설
동두천,2025,11,2025-11,45,경기도,동두천시,배꼽다리,8,동두천 2025_11.csv,기타관광,기타관광
동두천,2025,11,2025-11,46,경기도,동두천시,구 동두천시외버스터미널,7,동두천 2025_11.csv,기타관광,교통시설
동두천,2025,11,2025-11,47,경기도,동두천시,삼충단,6,동두천 2025_11.csv,역사관광,역사유적지
동두천,2025,11,2025-11,47,경기도,동두천시,현충탑,6,동두천 2025_11.csv,역사관광,역사유물
동두천,2025,11,2025-11,47,경기도,동두천시,무심정사,6,동두천 2025_11.csv,역사관광,종교성지
동두천,2025,11,2025-11,47,경기도,동두천시,만복사,6,동두천 2025_11.csv,역사관광,종교성지
동두천,2025,11,2025-11,47,경기도,동두천시,장림계곡,6,동두천 2025_11.csv,자연관광,자연경관(산)
동두천,2025,11,2025-11,52,경기도,동두천시,소요산문화생태공원,5,동두천 2025_11.csv,문화관광,도시공원
동두천,2025,11,2025-11,52,경기도,동두천시,보광사,5,동두천 2025_11.csv,역사관광,종교성지
동두천,2025,11,2025-11,52,경기도,동두천시,동두천 세아상가시장,5,동두천 2025_11.csv,쇼핑,시장
동두천,2025,11,2025-11,55,경기도,동두천시,소요생활체육공원,4,동두천 2025_11.csv,문화관광,도시공원
동두천,2025,11,2025-11,55,경기도,동두천시,샘터농원,4,동두천 2025_11.csv,체험관광,농/산/어촌체험
동두천,2025,11,2025-11,55,경기도,동두천시,보문사,4,동두천 2025_11.csv,역사관광,종교성지
동두천,2025,11,2025-11,55,경기도,동두천시,동두천유도체육관,4,동두천 2025_11.csv,레저스포츠,기타레저스포츠
동두천,2025,11,2025-11,59,경기도,동두천시,박찬호야구공원,3,동두천 2025_11.csv,문화관광,도시공원
동두천,2025,11,2025-11,59,경기도,동두천시,동두천차없는거리,3,동두천 2025_11.csv,기타관광,기타관광
동두천,2025,11,2025-11,59,경기도,동두천시,덕수사,3,동두천 2025_11.csv,역사관광,종교성지
동두천,2025,11,2025-11,59,경기도,동두천시,광덕사,3,동두천 2025_11.csv,역사관광,종교성지
동두천,2025,11,2025-11,59,경기도,동두천시,원터공원,3,동두천 2025_11.csv,문화관광,도시공원
동두천,2025,11,2025-11,59,경기도,동두천시,원흥사,3,동두천 2025_11.csv,역사관광,종교성지
동두천,2025,11,2025-11,59,경기도,동두천시,서광사,3,동두천 2025_11.csv,역사관광,종교성지
동두천,2025,11,2025-11,59,경기도,동두천시,호림공방,3,동두천 2025_11.csv,문화관광,기타문화관광지
동두천,2025,11,2025-11,59,경기도,동두천시,소요산어린이공원,3,동두천 2025_11.csv,문화관광,도시공원
동두천,2025,12,2025-12,1,경기도,동두천시,니지모리스튜디오,2878,동두천 2025_12.csv,기타관광,기타관광
동두천,2025,12,2025-12,2,경기도,동두천시,소요산,1388,동두천 2025_12.csv,자연관광,자연경관(산)
동두천,2025,12,2025-12,3,경기도,동두천시,동두천자연휴양림,1132,동두천 2025_12.csv,자연관광,자연공원
동두천,2025,12,2025-12,4,경기도,동두천시,CGV동두천,919,동두천 2025_12.csv,문화관광,공연시설
동두천,2025,12,2025-12,5,경기도,동두천시,경기북부어린이박물관,882,동두천 2025_12.csv,문화관광,전시시설
동두천,2025,12,2025-12,6,경기도,동두천시,티클라우드CC,757,동두천 2025_12.csv,레저스포츠,육상레저스포츠
동두천,2025,12,2025-12,7,경기도,동두천시,중앙시장,725,동두천 2025_12.csv,쇼핑,시장
동두천,2025,12,2025-12,8,경기도,동두천시,동두천큰시장,573,동두천 2025_12.csv,쇼핑,시장
동두천,2025,12,2025-12,9,경기도,동두천시,동두천어울림센터,437,동두천 2025_12.csv,문화관광,기타문화관광지
동두천,2025,12,2025-12,10,경기도,동두천시,놀자숲,378,동두천 2025_12.csv,문화관광,테마공원
동두천,2025,12,2025-12,11,경기도,동두천시,양키시장,317,동두천 2025_12.csv,쇼핑,시장
동두천,2025,12,2025-12,12,경기도,동두천시,동두천터미널,276,동두천 2025_12.csv,기타관광,교통시설
동두천,2025,12,2025-12,13,경기도,동두천시,동두천시평생학습관,256,동두천 2025_12.csv,체험관광,체험관광기타
동두천,2025,12,2025-12,14,경기도,동두천시,소요별앤숲테마파크,166,동두천 2025_12.csv,문화관광,테마공원
동두천,2025,12,2025-12,15,경기도,동두천시,동광극장,157,동두천 2025_12.csv,문화관광,공연시설
동두천,2025,12,2025-12,16,경기도,동두천시,문화극장,144,동두천 2025_12.csv,문화관광,공연시설
동두천,2025,12,2025-12,17,경기도,동두천시,세아프라자,102,동두천 2025_12.csv,쇼핑,쇼핑몰
동두천,2025,12,2025-12,18,경기도,동두천시,자재암,90,동두천 2025_12.csv,역사관광,종교성지
동두천,2025,12,2025-12,19,경기도,동두천시,코스모스세일스토어,88,동두천 2025_12.csv,쇼핑,쇼핑몰
동두천,2025,12,2025-12,20,경기도,동두천시,자유수호평화박물관,81,동두천 2025_12.csv,문화관광,전시시설
동두천,2025,12,2025-12,21,경기도,동두천시,소요산관광지원센터,51,동두천 2025_12.csv,기타관광,기타관광
동두천,2025,12,2025-12,22,경기도,동두천시,왕방계곡,50,동두천 2025_12.csv,자연관광,자연경관(산)
동두천,2025,12,2025-12,23,경기도,동두천시,시민회관공연장,43,동두천 2025_12.csv,문화관광,공연시설
동두천,2025,12,2025-12,23,경기도,동두천시,소요산국민관광지,43,동두천 2025_12.csv,문화관광,복합관광시설
동두천,2025,12,2025-12,25,경기도,동두천시,생연공유누리센터,25,동두천 2025_12.csv,문화관광,기타문화관광지
동두천,2025,12,2025-12,26,경기도,동두천시,꿈이담키즈헬스케어센터,23,동두천 2025_12.csv,문화관광,테마공원
동두천,2025,12,2025-12,26,경기도,동두천시,동두천배드민턴전용구장,23,동두천 2025_12.csv,레저스포츠,기타레저스포츠
동두천,2025,12,2025-12,28,경기도,동두천시,오지재고개,22,동두천 2025_12.csv,자연관광,자연경관(산)
동두천,2025,12,2025-12,29,경기도,동두천시,동두천시제일시장,18,동두천 2025_12.csv,쇼핑,시장
동두천,2025,12,2025-12,30,경기도,동두천시,동두천시 송내동 아차노리힐링타운,16,동두천 2025_12.csv,역사관광,역사유적지
동두천,2025,12,2025-12,31,경기도,동두천시,롤킹롤러스케이트장,14,동두천 2025_12.csv,레저스포츠,육상레저스포츠
동두천,2025,12,2025-12,32,경기도,동두천시,상패수변공원,11,동두천 2025_12.csv,문화관광,도시공원
동두천,2025,12,2025-12,32,경기도,동두천시,후유마츠리,11,동두천 2025_12.csv,문화관광,기타문화관광지
동두천,2025,12,2025-12,34,경기도,동두천시,동두천시평생교육원,10,동두천 2025_12.csv,체험관광,체험관광기타
동두천,2025,12,2025-12,35,경기도,동두천시,시민평화공원,7,동두천 2025_12.csv,문화관광,도시공원
동두천,2025,12,2025-12,35,경기도,동두천시,소요생활체육공원축구장,7,동두천 2025_12.csv,문화관광,레저스포츠시설
동두천,2025,12,2025-12,37,경기도,동두천시,신흥중고야구장,6,동두천 2025_12.csv,문화관광,레저스포츠시설
동두천,2025,12,2025-12,37,경기도,동두천시,약수암,6,동두천 2025_12.csv,역사관광,종교성지
동두천,2025,12,2025-12,37,경기도,동두천시,쇠목계곡,6,동두천 2025_12.csv,자연관광,자연경관(산)
동두천,2025,12,2025-12,37,경기도,동두천시,탑동유원지,6,동두천 2025_12.csv,문화관광,복합관광시설
동두천,2025,12,2025-12,37,경기도,동두천시,동두천외국인관광특구,6,동두천 2025_12.csv,기타관광,기타관광
동두천,2025,12,2025-12,42,경기도,동두천시,턱거리마을박물관1호점,5,동두천 2025_12.csv,문화관광,전시시설
동두천,2025,12,2025-12,42,경기도,동두천시,청량사,5,동두천 2025_12.csv,역사관광,종교성지
동두천,2025,12,2025-12,42,경기도,동두천시,광덕사,5,동두천 2025_12.csv,역사관광,종교성지
동두천,2025,12,2025-12,45,경기도,동두천시,구 동두천시외버스터미널,4,동두천 2025_12.csv,기타관광,교통시설
동두천,2025,12,2025-12,45,경기도,동두천시,원각사,4,동두천 2025_12.csv,역사관광,종교성지
동두천,2025,12,2025-12,45,경기도,동두천시,동두천파크골프장,4,동두천 2025_12.csv,레저스포츠,육상레저스포츠
동두천,2025,12,2025-12,45,경기도,동두천시,뚝딱언니,4,동두천 2025_12.csv,체험관광,공예체험
동두천,2025,12,2025-12,49,경기도,동두천시,놀자숲눈썰매장,3,동두천 2025_12.csv,레저스포츠,육상레저스포츠
동두천,2025,12,2025-12,49,경기도,동두천시,효종암,3,동두천 2025_12.csv,역사관광,종교성지
동두천,2025,12,2025-12,49,경기도,동두천시,이담풋살장,3,동두천 2025_12.csv,문화관광,레저스포츠시설
동두천,2025,12,2025-12,49,경기도,동두천시,또또와실내낚시터,3,동두천 2025_12.csv,레저스포츠,수상레저스포츠
동두천,2025,12,2025-12,49,경기도,동두천시,무심정사,3,동두천 2025_12.csv,역사관광,종교성지
동두천,2025,12,2025-12,49,경기도,동두천시,대원사,3,동두천 2025_12.csv,역사관광,종교성지
동두천,2025,12,2025-12,49,경기도,동두천시,동두천 세아상가시장,3,동두천 2025_12.csv,쇼핑,시장
동두천,2025,12,2025-12,49,경기도,동두천시,원흥사,3,동두천 2025_12.csv,역사관광,종교성지
동두천,2025,12,2025-12,49,경기도,동두천시,서광사,3,동두천 2025_12.csv,역사관광,종교성지
동두천,2025,12,2025-12,49,경기도,동두천시,호림공방,3,동두천 2025_12.csv,문화관광,기타문화관광지
동두천,2025,12,2025-12,49,경기도,동두천시,옥류폭포,3,동두천 2025_12.csv,자연관광,자연경관(산)
동두천,2025,12,2025-12,49,경기도,동두천시,반야사,3,동두천 2025_12.csv,역사관광,종교성지
동두천,2025,12,2025-12,49,경기도,동두천시,두드림뮤직센터,3,동두천 2025_12.csv,문화관광,공연시설
