지역,연도,월,연월,순위,광역시/도,시/군/구,관광지명,검색건수,원본파일,중분류 카테고리,소분류 카테고리
양주,2023,1,2023-01,1,경기도,양주시,LF스퀘어양주점,8593,양주 2023_01.csv,쇼핑,쇼핑몰
양주,2023,1,2023-01,2,경기도,양주시,양주아트밸리눈썰매장,4069,양주 2023_01.csv,레저스포츠,육상레저스포츠
양주,2023,1,2023-01,3,경기도,양주시,CGV양주옥정,3038,양주 2023_01.csv,문화관광,공연시설
양주,2023,1,2023-01,4,경기도,양주시,두리랜드,2021,양주 2023_01.csv,문화관광,테마공원
양주,2023,1,2023-01,5,경기도,양주시,옥정중앙공원,1509,양주 2023_01.csv,문화관광,도시공원
양주,2023,1,2023-01,6,경기도,양주시,레이크우드CC,1415,양주 2023_01.csv,레저스포츠,육상레저스포츠
양주,2023,1,2023-01,7,경기도,양주시,장흥관광지,1399,양주 2023_01.csv,문화관광,복합관광시설
양주,2023,1,2023-01,8,경기도,양주시,송추계곡,1388,양주 2023_01.csv,자연관광,자연경관(산)
양주,2023,1,2023-01,9,경기도,양주시,조명박물관,1235,양주 2023_01.csv,문화관광,전시시설
양주,2023,1,2023-01,10,경기도,양주시,청련사,932,양주 2023_01.csv,역사관광,종교성지
양주,2023,1,2023-01,11,경기도,양주시,회암사지박물관,906,양주 2023_01.csv,문화관광,전시시설
양주,2023,1,2023-01,12,경기도,양주시,메가파크양주,845,양주 2023_01.csv,문화관광,테마공원
양주,2023,1,2023-01,13,경기도,양주시,가래비장터,808,양주 2023_01.csv,쇼핑,시장
양주,2023,1,2023-01,14,경기도,양주시,기산저수지,783,양주 2023_01.csv,자연관광,자연경관(하천/해양)
양주,2023,1,2023-01,15,경기도,양주시,메가박스양주,760,양주 2023_01.csv,문화관광,공연시설
양주,2023,1,2023-01,16,경기도,양주시,송추역,724,양주 2023_01.csv,기타관광,교통시설
양주,2023,1,2023-01,17,경기도,양주시,장흥자동차극장,686,양주 2023_01.csv,문화관광,공연시설
양주,2023,1,2023-01,18,경기도,양주시,롯데시네마양주고읍 휴점,611,양주 2023_01.csv,문화관광,공연시설
양주,2023,1,2023-01,19,경기도,양주시,송추CC,535,양주 2023_01.csv,레저스포츠,육상레저스포츠
양주,2023,1,2023-01,20,경기도,양주시,가나아트파크,523,양주 2023_01.csv,문화관광,전시시설
양주,2023,1,2023-01,21,경기도,양주시,양주시립장욱진미술관,522,양주 2023_01.csv,문화관광,전시시설
양주,2023,1,2023-01,22,경기도,양주시,일영유원지,496,양주 2023_01.csv,문화관광,복합관광시설
양주,2023,1,2023-01,23,경기도,양주시,독바위공원,480,양주 2023_01.csv,문화관광,도시공원
양주,2023,1,2023-01,24,경기도,양주시,양주팬텀실내풋살장,474,양주 2023_01.csv,레저스포츠,기타레저스포츠
양주,2023,1,2023-01,25,경기도,양주시,백석생활체육공원,426,양주 2023_01.csv,문화관광,도시공원
양주,2023,1,2023-01,26,경기도,양주시,헬로방방양주점,424,양주 2023_01.csv,문화관광,테마공원
양주,2023,1,2023-01,27,경기도,양주시,국립아세안자연휴양림,407,양주 2023_01.csv,자연관광,자연공원
양주,2023,1,2023-01,28,경기도,양주시,루이힐스CC,377,양주 2023_01.csv,레저스포츠,육상레저스포츠
양주,2023,1,2023-01,29,경기도,양주시,회암사,369,양주 2023_01.csv,역사관광,종교성지
양주,2023,1,2023-01,30,경기도,양주시,선돌근린공원,342,양주 2023_01.csv,문화관광,도시공원
양주,2023,1,2023-01,31,경기도,양주시,토도,334,양주 2023_01.csv,문화관광,테마공원
양주,2023,1,2023-01,32,경기도,양주시,옥정체육공원,292,양주 2023_01.csv,문화관광,도시공원
양주,2023,1,2023-01,33,경기도,양주시,장흥자연휴양림,276,양주 2023_01.csv,자연관광,자연공원
양주,2023,1,2023-01,34,경기도,양주시,TBS도봉산축구장,263,양주 2023_01.csv,문화관광,레저스포츠시설
양주,2023,1,2023-01,35,경기도,양주시,롤러몬스터,260,양주 2023_01.csv,레저스포츠,기타레저스포츠
양주,2023,1,2023-01,36,경기도,양주시,일영역,250,양주 2023_01.csv,기타관광,교통시설
양주,2023,1,2023-01,36,경기도,양주시,대원정사,250,양주 2023_01.csv,역사관광,종교성지
양주,2023,1,2023-01,38,경기도,양주시,원당저수지,245,양주 2023_01.csv,자연관광,자연경관(하천/해양)
양주,2023,1,2023-01,39,경기도,양주시,멜버른승마장,243,양주 2023_01.csv,레저스포츠,육상레저스포츠
양주,2023,1,2023-01,40,경기도,양주시,더콕배드민턴레슨센터,239,양주 2023_01.csv,레저스포츠,기타레저스포츠
양주,2023,1,2023-01,41,경기도,양주시,세광사,234,양주 2023_01.csv,역사관광,종교성지
양주,2023,1,2023-01,42,경기도,양주시,헤세의정원,230,양주 2023_01.csv,문화관광,기타문화관광지
양주,2023,1,2023-01,43,경기도,양주시,양주풋살파크제1구장,226,양주 2023_01.csv,문화관광,레저스포츠시설
양주,2023,1,2023-01,43,경기도,양주시,신암낚시터,226,양주 2023_01.csv,레저스포츠,수상레저스포츠
양주,2023,1,2023-01,45,경기도,양주시,나리농원,221,양주 2023_01.csv,체험관광,농/산/어촌체험
양주,2023,1,2023-01,46,경기도,양주시,삼하낚시터,219,양주 2023_01.csv,레저스포츠,수상레저스포츠
양주,2023,1,2023-01,47,경기도,양주시,송추원각사,218,양주 2023_01.csv,역사관광,종교성지
양주,2023,1,2023-01,48,경기도,양주시,장흥돌고개유원지,216,양주 2023_01.csv,문화관광,복합관광시설
양주,2023,1,2023-01,49,경기도,양주시,신천생활체육공원,211,양주 2023_01.csv,문화관광,도시공원
양주,2023,1,2023-01,50,경기도,양주시,봉암저수지,209,양주 2023_01.csv,자연관광,자연경관(하천/해양)
양주,2023,1,2023-01,51,경기도,양주시,양주별산대놀이마당,203,양주 2023_01.csv,문화관광,기타문화관광지
양주,2023,1,2023-01,52,경기도,양주시,송추팜,198,양주 2023_01.csv,체험관광,농/산/어촌체험
양주,2023,1,2023-01,53,경기도,양주시,지장사,187,양주 2023_01.csv,역사관광,종교성지
양주,2023,1,2023-01,54,경기도,양주시,칠봉산낚시터,182,양주 2023_01.csv,레저스포츠,수상레저스포츠
양주,2023,1,2023-01,55,경기도,양주시,양주수산물시장,176,양주 2023_01.csv,쇼핑,시장
양주,2023,1,2023-01,56,경기도,양주시,송암스페이스센터,174,양주 2023_01.csv,기타관광,기타관광
양주,2023,1,2023-01,57,경기도,양주시,양주시청소년수련원,166,양주 2023_01.csv,레저스포츠,육상레저스포츠
양주,2023,1,2023-01,58,경기도,양주시,고덕생활체육공원,164,양주 2023_01.csv,문화관광,도시공원
양주,2023,1,2023-01,58,경기도,양주시,석굴암,164,양주 2023_01.csv,역사관광,종교성지
양주,2023,1,2023-01,58,경기도,양주시,프레리키즈카페양주옥정점,164,양주 2023_01.csv,문화관광,테마공원
양주,2023,1,2023-01,61,경기도,양주시,청암민속박물관,152,양주 2023_01.csv,문화관광,전시시설
양주,2023,1,2023-01,62,경기도,양주시,광사낚시터,144,양주 2023_01.csv,레저스포츠,수상레저스포츠
양주,2023,1,2023-01,62,경기도,양주시,양주시승마장,144,양주 2023_01.csv,레저스포츠,육상레저스포츠
양주,2023,1,2023-01,64,경기도,양주시,베베앙쥬베이비카페옥정점,141,양주 2023_01.csv,문화관광,테마공원
양주,2023,1,2023-01,65,경기도,양주시,회암사지,140,양주 2023_01.csv,역사관광,역사유적지
양주,2023,1,2023-01,66,경기도,양주시,어둔리저수지,134,양주 2023_01.csv,자연관광,자연경관(하천/해양)
양주,2023,1,2023-01,67,경기도,양주시,은현피싱타운,132,양주 2023_01.csv,레저스포츠,수상레저스포츠
양주,2023,1,2023-01,68,경기도,양주시,장흥축구장,128,양주 2023_01.csv,문화관광,레저스포츠시설
양주,2023,1,2023-01,69,경기도,양주시,신천생활체육공원축구장,126,양주 2023_01.csv,문화관광,레저스포츠시설
양주,2023,1,2023-01,70,경기도,양주시,양주관아지,125,양주 2023_01.csv,역사관광,역사유적지
양주,2023,1,2023-01,71,경기도,양주시,가래비빙벽장,124,양주 2023_01.csv,레저스포츠,기타레저스포츠
양주,2023,1,2023-01,72,경기도,양주시,플레이랩양주점,123,양주 2023_01.csv,문화관광,테마공원
양주,2023,1,2023-01,73,경기도,양주시,후니버설스튜디오,122,양주 2023_01.csv,문화관광,전시시설
양주,2023,1,2023-01,74,경기도,양주시,덕계공원,119,양주 2023_01.csv,문화관광,도시공원
양주,2023,1,2023-01,75,경기도,양주시,장흥역,117,양주 2023_01.csv,기타관광,교통시설
양주,2023,1,2023-01,75,경기도,양주시,한국축구센터,117,양주 2023_01.csv,문화관광,레저스포츠시설
양주,2023,1,2023-01,77,경기도,양주시,딱따구리청소년수련원,116,양주 2023_01.csv,레저스포츠,육상레저스포츠
양주,2023,1,2023-01,78,경기도,양주시,장흥생활체육공원,113,양주 2023_01.csv,문화관광,도시공원
양주,2023,1,2023-01,79,경기도,양주시,일영낚시터,112,양주 2023_01.csv,레저스포츠,수상레저스포츠
양주,2023,1,2023-01,80,경기도,양주시,광백저수지,109,양주 2023_01.csv,자연관광,자연경관(하천/해양)
양주,2023,1,2023-01,81,경기도,양주시,원각폭포,106,양주 2023_01.csv,자연관광,자연경관(산)
양주,2023,1,2023-01,82,경기도,양주시,양주풋살파크제2구장,104,양주 2023_01.csv,레저스포츠,기타레저스포츠
양주,2023,1,2023-01,82,경기도,양주시,공존풋살파크양주점,104,양주 2023_01.csv,문화관광,레저스포츠시설
양주,2023,1,2023-01,82,경기도,양주시,덕계저수지,104,양주 2023_01.csv,자연관광,자연경관(하천/해양)
양주,2023,1,2023-01,85,경기도,양주시,온릉,102,양주 2023_01.csv,역사관광,역사유적지
양주,2023,1,2023-01,86,경기도,양주시,VIP야구장,100,양주 2023_01.csv,문화관광,레저스포츠시설
양주,2023,1,2023-01,87,경기도,양주시,양주베이스볼파크,99,양주 2023_01.csv,문화관광,레저스포츠시설
양주,2023,1,2023-01,88,경기도,양주시,옥정배수지체육공원,98,양주 2023_01.csv,문화관광,도시공원
양주,2023,1,2023-01,89,경기도,양주시,옥정체육공원축구장,95,양주 2023_01.csv,문화관광,레저스포츠시설
양주,2023,1,2023-01,90,경기도,양주시,효촌저수지,93,양주 2023_01.csv,자연관광,자연경관(하천/해양)
양주,2023,1,2023-01,91,경기도,양주시,엄상마을문화거리,92,양주 2023_01.csv,문화관광,테마공원
양주,2023,1,2023-01,92,경기도,양주시,장흥야구장,86,양주 2023_01.csv,문화관광,레저스포츠시설
양주,2023,1,2023-01,93,경기도,양주시,한성승마클럽,85,양주 2023_01.csv,레저스포츠,육상레저스포츠
양주,2023,1,2023-01,93,경기도,양주시,북한산국립공원오봉탐방지원센터,85,양주 2023_01.csv,기타관광,기타관광
양주,2023,1,2023-01,95,경기도,양주시,신세계팩토리스토어양주점,77,양주 2023_01.csv,쇼핑,쇼핑몰
양주,2023,1,2023-01,96,경기도,양주시,신산리공원,76,양주 2023_01.csv,문화관광,도시공원
양주,2023,1,2023-01,97,경기도,양주시,못말낚시터,75,양주 2023_01.csv,레저스포츠,수상레저스포츠
양주,2023,1,2023-01,98,경기도,양주시,티제이풋살파크,71,양주 2023_01.csv,레저스포츠,기타레저스포츠
양주,2023,1,2023-01,99,경기도,양주시,나비랑키즈카페,70,양주 2023_01.csv,문화관광,테마공원
양주,2023,1,2023-01,99,경기도,양주시,원더풀키즈수영장,70,양주 2023_01.csv,문화관광,테마공원
양주,2023,1,2023-01,101,경기도,양주시,연화사,66,양주 2023_01.csv,역사관광,종교성지
양주,2023,1,2023-01,102,경기도,양주시,장자원낚시터,63,양주 2023_01.csv,레저스포츠,수상레저스포츠
양주,2023,1,2023-01,103,경기도,양주시,폴앤풀양주점,60,양주 2023_01.csv,문화관광,테마공원
양주,2023,1,2023-01,103,경기도,양주시,금바위저수지,60,양주 2023_01.csv,자연관광,자연경관(하천/해양)
양주,2023,1,2023-01,105,경기도,양주시,송추아트밸리,55,양주 2023_01.csv,문화관광,도시공원
양주,2023,1,2023-01,106,경기도,양주시,덕정시장,52,양주 2023_01.csv,쇼핑,시장
양주,2023,1,2023-01,107,경기도,양주시,연곡저수지,51,양주 2023_01.csv,자연관광,자연경관(하천/해양)
양주,2023,1,2023-01,108,경기도,양주시,칠봉산CC,50,양주 2023_01.csv,레저스포츠,육상레저스포츠
양주,2023,1,2023-01,109,경기도,양주시,불곡산,49,양주 2023_01.csv,자연관광,자연경관(산)
양주,2023,1,2023-01,109,경기도,양주시,고읍구장,49,양주 2023_01.csv,문화관광,레저스포츠시설
양주,2023,1,2023-01,109,경기도,양주시,효진푸드,49,양주 2023_01.csv,쇼핑,시장
양주,2023,1,2023-01,112,경기도,양주시,육지장사,48,양주 2023_01.csv,역사관광,종교성지
양주,2023,1,2023-01,113,경기도,양주시,남경수목원,47,양주 2023_01.csv,체험관광,농/산/어촌체험
양주,2023,1,2023-01,114,경기도,양주시,스톤밸리눈썰매장,46,양주 2023_01.csv,레저스포츠,육상레저스포츠
양주,2023,1,2023-01,115,경기도,양주시,ND야구장,45,양주 2023_01.csv,문화관광,레저스포츠시설
양주,2023,1,2023-01,115,경기도,양주시,북한산국립공원교현탐방지원센터,45,양주 2023_01.csv,기타관광,기타관광
양주,2023,1,2023-01,115,경기도,양주시,위바운스,45,양주 2023_01.csv,문화관광,테마공원
양주,2023,1,2023-01,118,경기도,양주시,화담정사,44,양주 2023_01.csv,역사관광,종교성지
양주,2023,1,2023-01,118,경기도,양주시,백석생활체육공원축구장,44,양주 2023_01.csv,문화관광,레저스포츠시설
양주,2023,1,2023-01,118,경기도,양주시,스카이야구장,44,양주 2023_01.csv,문화관광,레저스포츠시설
양주,2023,1,2023-01,121,경기도,양주시,샘내고개,43,양주 2023_01.csv,자연관광,자연경관(산)
양주,2023,1,2023-01,122,경기도,양주시,장흥조각공원,41,양주 2023_01.csv,문화관광,도시공원
양주,2023,1,2023-01,123,경기도,양주시,대승사,40,양주 2023_01.csv,역사관광,종교성지
양주,2023,1,2023-01,124,경기도,양주시,원당낚시터,38,양주 2023_01.csv,레저스포츠,수상레저스포츠
양주,2023,1,2023-01,124,경기도,양주시,장흥자생수목원,38,양주 2023_01.csv,자연관광,자연공원
양주,2023,1,2023-01,124,경기도,양주시,백석생활체육공원야구장,38,양주 2023_01.csv,문화관광,레저스포츠시설
양주,2023,1,2023-01,124,경기도,양주시,양주시티즌축구클럽,38,양주 2023_01.csv,문화관광,레저스포츠시설
양주,2023,1,2023-01,128,경기도,양주시,아지트배드민턴,37,양주 2023_01.csv,레저스포츠,기타레저스포츠
양주,2023,1,2023-01,129,경기도,양주시,마리조아승마클럽,36,양주 2023_01.csv,레저스포츠,육상레저스포츠
양주,2023,1,2023-01,130,경기도,양주시,EP베이스볼파크,33,양주 2023_01.csv,문화관광,레저스포츠시설
양주,2023,1,2023-01,131,경기도,양주시,씽씽롤러스케이트장,32,양주 2023_01.csv,레저스포츠,육상레저스포츠
양주,2023,1,2023-01,132,경기도,양주시,양주시립민복진미술관,31,양주 2023_01.csv,문화관광,전시시설
양주,2023,1,2023-01,133,경기도,양주시,백인걸선생묘,30,양주 2023_01.csv,역사관광,역사유적지
양주,2023,1,2023-01,134,경기도,양주시,오림피아수영장,29,양주 2023_01.csv,문화관광,테마공원
양주,2023,1,2023-01,134,경기도,양주시,나리공원파크골프장,29,양주 2023_01.csv,레저스포츠,육상레저스포츠
양주,2023,1,2023-01,136,경기도,양주시,타겟28실내양궁장,28,양주 2023_01.csv,레저스포츠,육상레저스포츠
양주,2023,1,2023-01,136,경기도,양주시,나눔갤러리블루,28,양주 2023_01.csv,문화관광,전시시설
양주,2023,1,2023-01,138,경기도,양주시,꿈을그리다,26,양주 2023_01.csv,문화관광,테마공원
양주,2023,1,2023-01,138,경기도,양주시,조소앙선생기념관,26,양주 2023_01.csv,문화관광,전시시설
양주,2023,1,2023-01,140,경기도,양주시,강호이앤티,25,양주 2023_01.csv,레저스포츠,기타레저스포츠
양주,2023,1,2023-01,141,경기도,양주시,송암천문대,24,양주 2023_01.csv,기타관광,기타관광
양주,2023,1,2023-01,141,경기도,양주시,광적생활체육공원축구장,24,양주 2023_01.csv,문화관광,레저스포츠시설
양주,2023,1,2023-01,143,경기도,양주시,은현낚시터,23,양주 2023_01.csv,레저스포츠,수상레저스포츠
양주,2023,1,2023-01,143,경기도,양주시,백화암,23,양주 2023_01.csv,역사관광,종교성지
양주,2023,1,2023-01,145,경기도,양주시,아름다운비행,22,양주 2023_01.csv,문화관광,전시시설
양주,2023,1,2023-01,146,경기도,양주시,비암사,21,양주 2023_01.csv,역사관광,종교성지
양주,2023,1,2023-01,147,경기도,양주시,권율장군묘,20,양주 2023_01.csv,역사관광,역사유적지
양주,2023,1,2023-01,147,경기도,양주시,양주향교,20,양주 2023_01.csv,역사관광,역사유적지
양주,2023,1,2023-01,149,경기도,양주시,북한산둘레길13구간,19,양주 2023_01.csv,레저스포츠,기타레저스포츠
양주,2023,1,2023-01,150,경기도,양주시,백석배수지생활체육공원,18,양주 2023_01.csv,문화관광,도시공원
양주,2023,1,2023-01,150,경기도,양주시,가나2아뜰리에,18,양주 2023_01.csv,문화관광,기타문화관광지
양주,2023,1,2023-01,152,경기도,양주시,신흥레저타운,17,양주 2023_01.csv,레저스포츠,기타레저스포츠
양주,2023,1,2023-01,153,경기도,양주시,보타사,16,양주 2023_01.csv,역사관광,종교성지
양주,2023,1,2023-01,154,경기도,양주시,독바위공원인라인스케이트장,15,양주 2023_01.csv,레저스포츠,기타레저스포츠
양주,2023,1,2023-01,154,경기도,양주시,아트휠즈,15,양주 2023_01.csv,레저스포츠,육상레저스포츠
양주,2023,1,2023-01,154,경기도,양주시,리틀웨일키즈풀파티룸,15,양주 2023_01.csv,문화관광,테마공원
양주,2023,1,2023-01,154,경기도,양주시,우석농원,15,양주 2023_01.csv,체험관광,농/산/어촌체험
양주,2023,1,2023-01,154,경기도,양주시,홍복저수지,15,양주 2023_01.csv,자연관광,자연경관(하천/해양)
양주,2023,1,2023-01,159,경기도,양주시,독바위전망대,13,양주 2023_01.csv,문화관광,랜드마크관광
양주,2023,1,2023-01,160,경기도,양주시,뽀로로맘앤키즈카페이마트양주점,11,양주 2023_01.csv,문화관광,테마공원
양주,2023,1,2023-01,160,경기도,양주시,각명사,11,양주 2023_01.csv,역사관광,종교성지
양주,2023,1,2023-01,160,경기도,양주시,오상갤러리,11,양주 2023_01.csv,문화관광,전시시설
양주,2023,1,2023-01,163,경기도,양주시,에이엔스포츠풋살장,10,양주 2023_01.csv,레저스포츠,기타레저스포츠
양주,2023,1,2023-01,163,경기도,양주시,장흥계곡,10,양주 2023_01.csv,자연관광,자연경관(산)
양주,2023,1,2023-01,163,경기도,양주시,송암사,10,양주 2023_01.csv,역사관광,종교성지
양주,2023,1,2023-01,163,경기도,양주시,여성봉,10,양주 2023_01.csv,자연관광,자연경관(산)
양주,2023,1,2023-01,167,경기도,양주시,옥정탁구클럽,9,양주 2023_01.csv,레저스포츠,기타레저스포츠
양주,2023,1,2023-01,167,경기도,양주시,효순.미선평화공원,9,양주 2023_01.csv,문화관광,도시공원
양주,2023,1,2023-01,167,경기도,양주시,하늘물공원,9,양주 2023_01.csv,문화관광,도시공원
양주,2023,1,2023-01,167,경기도,양주시,일영랜드수영장,9,양주 2023_01.csv,문화관광,테마공원
양주,2023,1,2023-01,167,경기도,양주시,스마트시티복합센터,9,양주 2023_01.csv,문화관광,기타문화관광지
양주,2023,1,2023-01,167,경기도,양주시,삼훈행복농원,9,양주 2023_01.csv,체험관광,농/산/어촌체험
양주,2023,1,2023-01,173,경기도,양주시,양주FC,8,양주 2023_01.csv,레저스포츠,기타레저스포츠
양주,2023,1,2023-01,173,경기도,양주시,베베리베,8,양주 2023_01.csv,문화관광,테마공원
양주,2023,1,2023-01,173,경기도,양주시,해유령전첩지,8,양주 2023_01.csv,역사관광,역사유적지
양주,2023,1,2023-01,173,경기도,양주시,모자농원,8,양주 2023_01.csv,체험관광,농/산/어촌체험
양주,2023,1,2023-01,177,경기도,양주시,태평목장,7,양주 2023_01.csv,체험관광,농/산/어촌체험
양주,2023,1,2023-01,177,경기도,양주시,백수현전통가옥,7,양주 2023_01.csv,역사관광,역사유적지
양주,2023,1,2023-01,177,경기도,양주시,양주천보산림욕장,7,양주 2023_01.csv,자연관광,자연공원
양주,2023,1,2023-01,177,경기도,양주시,호국비룡사,7,양주 2023_01.csv,역사관광,종교성지
양주,2023,1,2023-01,177,경기도,양주시,영산법화사,7,양주 2023_01.csv,역사관광,종교성지
양주,2023,1,2023-01,177,경기도,양주시,양주고읍유도체육관,7,양주 2023_01.csv,레저스포츠,기타레저스포츠
양주,2023,1,2023-01,177,경기도,양주시,디스코롤러장,7,양주 2023_01.csv,레저스포츠,육상레저스포츠
양주,2023,1,2023-01,184,경기도,양주시,신암지,6,양주 2023_01.csv,자연관광,자연경관(하천/해양)
양주,2023,1,2023-01,184,경기도,양주시,파이브피티회천점,6,양주 2023_01.csv,레저스포츠,기타레저스포츠
양주,2023,1,2023-01,184,경기도,양주시,금빛갤러리,6,양주 2023_01.csv,문화관광,전시시설
양주,2023,1,2023-01,184,경기도,양주시,사명복싱한양3차신도점,6,양주 2023_01.csv,레저스포츠,기타레저스포츠
양주,2023,1,2023-01,184,경기도,양주시,기산리유원지,6,양주 2023_01.csv,문화관광,복합관광시설
양주,2023,1,2023-01,184,경기도,양주시,어둔리남방낚시터,6,양주 2023_01.csv,레저스포츠,수상레저스포츠
양주,2023,1,2023-01,184,경기도,양주시,회암고개,6,양주 2023_01.csv,자연관광,자연경관(산)
양주,2023,1,2023-01,184,경기도,양주시,안상철미술관,6,양주 2023_01.csv,문화관광,전시시설
양주,2023,1,2023-01,184,경기도,양주시,777레지던스,6,양주 2023_01.csv,문화관광,전시시설
양주,2023,1,2023-01,184,경기도,양주시,살구골낚시터,6,양주 2023_01.csv,레저스포츠,수상레저스포츠
양주,2023,1,2023-01,184,경기도,양주시,광운정사,6,양주 2023_01.csv,역사관광,종교성지
양주,2023,1,2023-01,184,경기도,양주시,도봉라이거파크도봉산리그야구장,6,양주 2023_01.csv,문화관광,레저스포츠시설
양주,2023,1,2023-01,184,경기도,양주시,롤러클럽몽톨,6,양주 2023_01.csv,레저스포츠,육상레저스포츠
양주,2023,1,2023-01,197,경기도,양주시,청산버섯농장,5,양주 2023_01.csv,체험관광,농/산/어촌체험
양주,2023,1,2023-01,197,경기도,양주시,청미원눈썰매장,5,양주 2023_01.csv,레저스포츠,육상레저스포츠
양주,2023,1,2023-01,199,경기도,양주시,광적생활체육공원,4,양주 2023_01.csv,문화관광,도시공원
양주,2023,1,2023-01,199,경기도,양주시,가납시장,4,양주 2023_01.csv,쇼핑,시장
양주,2023,1,2023-01,199,경기도,양주시,덕계낚시터,4,양주 2023_01.csv,레저스포츠,수상레저스포츠
양주,2023,1,2023-01,199,경기도,양주시,해마루농원,4,양주 2023_01.csv,체험관광,농/산/어촌체험
양주,2023,1,2023-01,203,경기도,양주시,적미당,3,양주 2023_01.csv,쇼핑,시장
양주,2023,1,2023-01,203,경기도,양주시,옥정청과,3,양주 2023_01.csv,쇼핑,시장
양주,2023,1,2023-01,203,경기도,양주시,나리다육,3,양주 2023_01.csv,체험관광,농/산/어촌체험
양주,2023,1,2023-01,203,경기도,양주시,쏘폴스튜디오,3,양주 2023_01.csv,레저스포츠,기타레저스포츠
양주,2023,1,2023-01,203,경기도,양주시,코스박스튜디오,3,양주 2023_01.csv,체험관광,공예체험
양주,2023,1,2023-01,203,경기도,양주시,송추낚시터,3,양주 2023_01.csv,레저스포츠,수상레저스포츠
양주,2023,1,2023-01,203,경기도,양주시,진산사,3,양주 2023_01.csv,역사관광,종교성지
양주,2023,1,2023-01,203,경기도,양주시,윤성에프앤비양주물류센터,3,양주 2023_01.csv,레저스포츠,수상레저스포츠
양주,2023,1,2023-01,203,경기도,양주시,도봉산,3,양주 2023_01.csv,자연관광,자연경관(산)
양주,2023,1,2023-01,203,경기도,양주시,양주시 현충탑,3,양주 2023_01.csv,역사관광,역사유물
양주,2023,1,2023-01,203,경기도,양주시,휴먼앤홀스랜드,3,양주 2023_01.csv,레저스포츠,육상레저스포츠
양주,2023,1,2023-01,203,경기도,양주시,감악산목장,3,양주 2023_01.csv,체험관광,농/산/어촌체험
양주,2023,1,2023-01,203,경기도,양주시,조소앙선생기념공원,3,양주 2023_01.csv,문화관광,도시공원
양주,2023,1,2023-01,203,경기도,양주시,장흥버섯농장,3,양주 2023_01.csv,체험관광,농/산/어촌체험
양주,2023,1,2023-01,203,경기도,양주시,신산장,3,양주 2023_01.csv,쇼핑,시장
양주,2023,1,2023-01,203,경기도,양주시,봉암낚시터,3,양주 2023_01.csv,레저스포츠,수상레저스포츠
양주,2023,1,2023-01,203,경기도,양주시,양주탁구클럽,3,양주 2023_01.csv,레저스포츠,기타레저스포츠
양주,2023,1,2023-01,203,경기도,양주시,북한산둘레길14구간,3,양주 2023_01.csv,레저스포츠,기타레저스포츠
양주,2023,1,2023-01,203,경기도,양주시,나리공원물놀이장,3,양주 2023_01.csv,문화관광,테마공원
양주,2023,1,2023-01,203,경기도,양주시,라온승마아카데미,3,양주 2023_01.csv,레저스포츠,육상레저스포츠
양주,2023,1,2023-01,203,경기도,양주시,양주유수풀파크&바베큐장,3,양주 2023_01.csv,문화관광,테마공원
양주,2023,1,2023-01,203,경기도,양주시,청담체육공원,3,양주 2023_01.csv,문화관광,도시공원
양주,2023,1,2023-01,203,경기도,양주시,쌍용사,3,양주 2023_01.csv,역사관광,종교성지
양주,2023,1,2023-01,203,경기도,양주시,선그로원예,3,양주 2023_01.csv,체험관광,농/산/어촌체험
양주,2023,1,2023-01,203,경기도,양주시,금륜정사,3,양주 2023_01.csv,역사관광,종교성지
양주,2023,1,2023-01,203,경기도,양주시,월암사,3,양주 2023_01.csv,역사관광,종교성지
양주,2023,1,2023-01,203,경기도,양주시,신상호스튜디오,3,양주 2023_01.csv,문화관광,전시시설
양주,2023,1,2023-01,203,경기도,양주시,바른자세교정운동원,3,양주 2023_01.csv,레저스포츠,기타레저스포츠
양주,2023,1,2023-01,203,경기도,양주시,그리다키즈카페,3,양주 2023_01.csv,문화관광,테마공원
양주,2023,2,2023-02,1,경기도,양주시,LF스퀘어양주점,8570,양주 2023_02.csv,쇼핑,쇼핑몰
양주,2023,2,2023-02,2,경기도,양주시,레이크우드CC,2454,양주 2023_02.csv,레저스포츠,육상레저스포츠
양주,2023,2,2023-02,3,경기도,양주시,CGV양주옥정,2274,양주 2023_02.csv,문화관광,공연시설
양주,2023,2,2023-02,4,경기도,양주시,두리랜드,2125,양주 2023_02.csv,문화관광,테마공원
양주,2023,2,2023-02,5,경기도,양주시,양주아트밸리눈썰매장,2049,양주 2023_02.csv,레저스포츠,육상레저스포츠
양주,2023,2,2023-02,6,경기도,양주시,옥정중앙공원,1818,양주 2023_02.csv,문화관광,도시공원
양주,2023,2,2023-02,7,경기도,양주시,송추계곡,1489,양주 2023_02.csv,자연관광,자연경관(산)
양주,2023,2,2023-02,8,경기도,양주시,송추CC,1459,양주 2023_02.csv,레저스포츠,육상레저스포츠
양주,2023,2,2023-02,9,경기도,양주시,장흥관광지,1269,양주 2023_02.csv,문화관광,복합관광시설
양주,2023,2,2023-02,10,경기도,양주시,회암사지박물관,1146,양주 2023_02.csv,문화관광,전시시설
양주,2023,2,2023-02,11,경기도,양주시,기산저수지,912,양주 2023_02.csv,자연관광,자연경관(하천/해양)
양주,2023,2,2023-02,12,경기도,양주시,가나아트파크,911,양주 2023_02.csv,문화관광,전시시설
양주,2023,2,2023-02,13,경기도,양주시,루이힐스CC,840,양주 2023_02.csv,레저스포츠,육상레저스포츠
양주,2023,2,2023-02,14,경기도,양주시,메가파크양주,747,양주 2023_02.csv,문화관광,테마공원
양주,2023,2,2023-02,15,경기도,양주시,가래비장터,704,양주 2023_02.csv,쇼핑,시장
양주,2023,2,2023-02,16,경기도,양주시,송추역,679,양주 2023_02.csv,기타관광,교통시설
양주,2023,2,2023-02,17,경기도,양주시,고덕생활체육공원,648,양주 2023_02.csv,문화관광,도시공원
양주,2023,2,2023-02,18,경기도,양주시,조명박물관,644,양주 2023_02.csv,문화관광,전시시설
양주,2023,2,2023-02,19,경기도,양주시,독바위공원,558,양주 2023_02.csv,문화관광,도시공원
양주,2023,2,2023-02,20,경기도,양주시,장흥자동차극장,549,양주 2023_02.csv,문화관광,공연시설
양주,2023,2,2023-02,21,경기도,양주시,양주시립장욱진미술관,548,양주 2023_02.csv,문화관광,전시시설
양주,2023,2,2023-02,22,경기도,양주시,국립아세안자연휴양림,543,양주 2023_02.csv,자연관광,자연공원
양주,2023,2,2023-02,23,경기도,양주시,메가박스양주,527,양주 2023_02.csv,문화관광,공연시설
양주,2023,2,2023-02,24,경기도,양주시,롯데시네마양주고읍 휴점,484,양주 2023_02.csv,문화관광,공연시설
양주,2023,2,2023-02,25,경기도,양주시,선돌근린공원,476,양주 2023_02.csv,문화관광,도시공원
양주,2023,2,2023-02,26,경기도,양주시,일영유원지,455,양주 2023_02.csv,문화관광,복합관광시설
양주,2023,2,2023-02,27,경기도,양주시,청련사,449,양주 2023_02.csv,역사관광,종교성지
양주,2023,2,2023-02,28,경기도,양주시,옥정체육공원,437,양주 2023_02.csv,문화관광,도시공원
양주,2023,2,2023-02,29,경기도,양주시,백석생활체육공원,409,양주 2023_02.csv,문화관광,도시공원
양주,2023,2,2023-02,30,경기도,양주시,양주팬텀실내풋살장,400,양주 2023_02.csv,레저스포츠,기타레저스포츠
양주,2023,2,2023-02,31,경기도,양주시,송추팜,398,양주 2023_02.csv,체험관광,농/산/어촌체험
양주,2023,2,2023-02,32,경기도,양주시,회암사,393,양주 2023_02.csv,역사관광,종교성지
양주,2023,2,2023-02,33,경기도,양주시,헬로방방양주점,352,양주 2023_02.csv,문화관광,테마공원
양주,2023,2,2023-02,34,경기도,양주시,헤세의정원,321,양주 2023_02.csv,문화관광,기타문화관광지
양주,2023,2,2023-02,35,경기도,양주시,TBS도봉산축구장,307,양주 2023_02.csv,문화관광,레저스포츠시설
양주,2023,2,2023-02,36,경기도,양주시,멜버른승마장,299,양주 2023_02.csv,레저스포츠,육상레저스포츠
양주,2023,2,2023-02,37,경기도,양주시,일영역,288,양주 2023_02.csv,기타관광,교통시설
양주,2023,2,2023-02,38,경기도,양주시,송암스페이스센터,285,양주 2023_02.csv,기타관광,기타관광
양주,2023,2,2023-02,39,경기도,양주시,봉암저수지,283,양주 2023_02.csv,자연관광,자연경관(하천/해양)
양주,2023,2,2023-02,40,경기도,양주시,토도,281,양주 2023_02.csv,문화관광,테마공원
양주,2023,2,2023-02,41,경기도,양주시,신암낚시터,275,양주 2023_02.csv,레저스포츠,수상레저스포츠
양주,2023,2,2023-02,42,경기도,양주시,청암민속박물관,273,양주 2023_02.csv,문화관광,전시시설
양주,2023,2,2023-02,43,경기도,양주시,나리농원,265,양주 2023_02.csv,체험관광,농/산/어촌체험
양주,2023,2,2023-02,44,경기도,양주시,양주베이스볼파크,263,양주 2023_02.csv,문화관광,레저스포츠시설
양주,2023,2,2023-02,45,경기도,양주시,양주시청소년수련원,262,양주 2023_02.csv,레저스포츠,육상레저스포츠
양주,2023,2,2023-02,46,경기도,양주시,세광사,261,양주 2023_02.csv,역사관광,종교성지
양주,2023,2,2023-02,47,경기도,양주시,양주별산대놀이마당,256,양주 2023_02.csv,문화관광,기타문화관광지
양주,2023,2,2023-02,48,경기도,양주시,원당저수지,243,양주 2023_02.csv,자연관광,자연경관(하천/해양)
양주,2023,2,2023-02,49,경기도,양주시,딱따구리청소년수련원,240,양주 2023_02.csv,레저스포츠,육상레저스포츠
양주,2023,2,2023-02,50,경기도,양주시,양주풋살파크제1구장,232,양주 2023_02.csv,문화관광,레저스포츠시설
양주,2023,2,2023-02,51,경기도,양주시,VIP야구장,231,양주 2023_02.csv,문화관광,레저스포츠시설
양주,2023,2,2023-02,52,경기도,양주시,더콕배드민턴레슨센터,219,양주 2023_02.csv,레저스포츠,기타레저스포츠
양주,2023,2,2023-02,53,경기도,양주시,롤러몬스터,209,양주 2023_02.csv,레저스포츠,기타레저스포츠
양주,2023,2,2023-02,54,경기도,양주시,칠봉산CC,206,양주 2023_02.csv,레저스포츠,육상레저스포츠
양주,2023,2,2023-02,55,경기도,양주시,장흥돌고개유원지,204,양주 2023_02.csv,문화관광,복합관광시설
양주,2023,2,2023-02,56,경기도,양주시,삼하낚시터,198,양주 2023_02.csv,레저스포츠,수상레저스포츠
양주,2023,2,2023-02,57,경기도,양주시,송추원각사,196,양주 2023_02.csv,역사관광,종교성지
양주,2023,2,2023-02,58,경기도,양주시,회암사지,194,양주 2023_02.csv,역사관광,역사유적지
양주,2023,2,2023-02,58,경기도,양주시,양주시승마장,194,양주 2023_02.csv,레저스포츠,육상레저스포츠
양주,2023,2,2023-02,60,경기도,양주시,베베앙쥬베이비카페옥정점,192,양주 2023_02.csv,문화관광,테마공원
양주,2023,2,2023-02,61,경기도,양주시,옥정배수지체육공원,183,양주 2023_02.csv,문화관광,도시공원
양주,2023,2,2023-02,62,경기도,양주시,공존풋살파크양주점,179,양주 2023_02.csv,문화관광,레저스포츠시설
양주,2023,2,2023-02,63,경기도,양주시,양주관아지,177,양주 2023_02.csv,역사관광,역사유적지
양주,2023,2,2023-02,64,경기도,양주시,옥정체육공원축구장,171,양주 2023_02.csv,문화관광,레저스포츠시설
양주,2023,2,2023-02,65,경기도,양주시,신천생활체육공원,170,양주 2023_02.csv,문화관광,도시공원
양주,2023,2,2023-02,66,경기도,양주시,프레리키즈카페양주옥정점,167,양주 2023_02.csv,문화관광,테마공원
양주,2023,2,2023-02,67,경기도,양주시,장흥자연휴양림,166,양주 2023_02.csv,자연관광,자연공원
양주,2023,2,2023-02,68,경기도,양주시,장흥생활체육공원,163,양주 2023_02.csv,문화관광,도시공원
양주,2023,2,2023-02,69,경기도,양주시,씽씽롤러스케이트장,162,양주 2023_02.csv,레저스포츠,육상레저스포츠
양주,2023,2,2023-02,70,경기도,양주시,플레이랩양주점,159,양주 2023_02.csv,문화관광,테마공원
양주,2023,2,2023-02,71,경기도,양주시,덕계공원,158,양주 2023_02.csv,문화관광,도시공원
양주,2023,2,2023-02,72,경기도,양주시,장흥축구장,150,양주 2023_02.csv,문화관광,레저스포츠시설
양주,2023,2,2023-02,73,경기도,양주시,티제이풋살파크,149,양주 2023_02.csv,레저스포츠,기타레저스포츠
양주,2023,2,2023-02,74,경기도,양주시,덕계저수지,147,양주 2023_02.csv,자연관광,자연경관(하천/해양)
양주,2023,2,2023-02,74,경기도,양주시,석굴암,147,양주 2023_02.csv,역사관광,종교성지
양주,2023,2,2023-02,74,경기도,양주시,지장사,147,양주 2023_02.csv,역사관광,종교성지
양주,2023,2,2023-02,77,경기도,양주시,EP베이스볼파크,141,양주 2023_02.csv,문화관광,레저스포츠시설
양주,2023,2,2023-02,78,경기도,양주시,화담정사,137,양주 2023_02.csv,역사관광,종교성지
양주,2023,2,2023-02,78,경기도,양주시,삼훈행복농원,137,양주 2023_02.csv,체험관광,농/산/어촌체험
양주,2023,2,2023-02,80,경기도,양주시,장흥야구장,129,양주 2023_02.csv,문화관광,레저스포츠시설
양주,2023,2,2023-02,81,경기도,양주시,장자원낚시터,124,양주 2023_02.csv,레저스포츠,수상레저스포츠
양주,2023,2,2023-02,82,경기도,양주시,백석생활체육공원야구장,122,양주 2023_02.csv,문화관광,레저스포츠시설
양주,2023,2,2023-02,82,경기도,양주시,한국축구센터,122,양주 2023_02.csv,문화관광,레저스포츠시설
양주,2023,2,2023-02,84,경기도,양주시,한성승마클럽,119,양주 2023_02.csv,레저스포츠,육상레저스포츠
양주,2023,2,2023-02,84,경기도,양주시,어둔리저수지,119,양주 2023_02.csv,자연관광,자연경관(하천/해양)
양주,2023,2,2023-02,86,경기도,양주시,스카이야구장,118,양주 2023_02.csv,문화관광,레저스포츠시설
양주,2023,2,2023-02,87,경기도,양주시,효촌저수지,115,양주 2023_02.csv,자연관광,자연경관(하천/해양)
양주,2023,2,2023-02,88,경기도,양주시,아름다운비행,107,양주 2023_02.csv,문화관광,전시시설
양주,2023,2,2023-02,89,경기도,양주시,신산리공원,104,양주 2023_02.csv,문화관광,도시공원
양주,2023,2,2023-02,90,경기도,양주시,양주수산물시장,101,양주 2023_02.csv,쇼핑,시장
양주,2023,2,2023-02,90,경기도,양주시,ND야구장,101,양주 2023_02.csv,문화관광,레저스포츠시설
양주,2023,2,2023-02,90,경기도,양주시,장흥역,101,양주 2023_02.csv,기타관광,교통시설
양주,2023,2,2023-02,93,경기도,양주시,양주풋살파크제2구장,100,양주 2023_02.csv,레저스포츠,기타레저스포츠
양주,2023,2,2023-02,94,경기도,양주시,대원정사,99,양주 2023_02.csv,역사관광,종교성지
양주,2023,2,2023-02,95,경기도,양주시,칠봉산낚시터,98,양주 2023_02.csv,레저스포츠,수상레저스포츠
양주,2023,2,2023-02,96,경기도,양주시,고읍구장,96,양주 2023_02.csv,문화관광,레저스포츠시설
양주,2023,2,2023-02,97,경기도,양주시,불곡산,90,양주 2023_02.csv,자연관광,자연경관(산)
양주,2023,2,2023-02,98,경기도,양주시,광백저수지,88,양주 2023_02.csv,자연관광,자연경관(하천/해양)
양주,2023,2,2023-02,99,경기도,양주시,후니버설스튜디오,87,양주 2023_02.csv,문화관광,전시시설
양주,2023,2,2023-02,100,경기도,양주시,원더풀키즈수영장,85,양주 2023_02.csv,문화관광,테마공원
양주,2023,2,2023-02,101,경기도,양주시,엄상마을문화거리,84,양주 2023_02.csv,문화관광,테마공원
양주,2023,2,2023-02,102,경기도,양주시,온릉,80,양주 2023_02.csv,역사관광,역사유적지
양주,2023,2,2023-02,103,경기도,양주시,북한산국립공원오봉탐방지원센터,79,양주 2023_02.csv,기타관광,기타관광
양주,2023,2,2023-02,104,경기도,양주시,광적생활체육공원축구장,77,양주 2023_02.csv,문화관광,레저스포츠시설
양주,2023,2,2023-02,105,경기도,양주시,원각폭포,76,양주 2023_02.csv,자연관광,자연경관(산)
양주,2023,2,2023-02,106,경기도,양주시,광사낚시터,74,양주 2023_02.csv,레저스포츠,수상레저스포츠
양주,2023,2,2023-02,107,경기도,양주시,못말낚시터,73,양주 2023_02.csv,레저스포츠,수상레저스포츠
양주,2023,2,2023-02,108,경기도,양주시,나비랑키즈카페,71,양주 2023_02.csv,문화관광,테마공원
양주,2023,2,2023-02,109,경기도,양주시,신세계팩토리스토어양주점,67,양주 2023_02.csv,쇼핑,쇼핑몰
양주,2023,2,2023-02,109,경기도,양주시,일영낚시터,67,양주 2023_02.csv,레저스포츠,수상레저스포츠
양주,2023,2,2023-02,109,경기도,양주시,조소앙선생기념관,67,양주 2023_02.csv,문화관광,전시시설
양주,2023,2,2023-02,112,경기도,양주시,금바위저수지,64,양주 2023_02.csv,자연관광,자연경관(하천/해양)
양주,2023,2,2023-02,113,경기도,양주시,샘내고개,63,양주 2023_02.csv,자연관광,자연경관(산)
양주,2023,2,2023-02,114,경기도,양주시,장흥조각공원,62,양주 2023_02.csv,문화관광,도시공원
양주,2023,2,2023-02,115,경기도,양주시,위바운스,60,양주 2023_02.csv,문화관광,테마공원
양주,2023,2,2023-02,116,경기도,양주시,남경수목원,59,양주 2023_02.csv,체험관광,농/산/어촌체험
양주,2023,2,2023-02,116,경기도,양주시,마리조아승마클럽,59,양주 2023_02.csv,레저스포츠,육상레저스포츠
양주,2023,2,2023-02,118,경기도,양주시,은현피싱타운,58,양주 2023_02.csv,레저스포츠,수상레저스포츠
양주,2023,2,2023-02,118,경기도,양주시,덕정시장,58,양주 2023_02.csv,쇼핑,시장
양주,2023,2,2023-02,120,경기도,양주시,아지트배드민턴,57,양주 2023_02.csv,레저스포츠,기타레저스포츠
양주,2023,2,2023-02,121,경기도,양주시,꿈을그리다,54,양주 2023_02.csv,문화관광,테마공원
양주,2023,2,2023-02,122,경기도,양주시,원당낚시터,52,양주 2023_02.csv,레저스포츠,수상레저스포츠
양주,2023,2,2023-02,123,경기도,양주시,북한산국립공원교현탐방지원센터,47,양주 2023_02.csv,기타관광,기타관광
양주,2023,2,2023-02,124,경기도,양주시,백화암,46,양주 2023_02.csv,역사관광,종교성지
양주,2023,2,2023-02,125,경기도,양주시,가래비빙벽장,45,양주 2023_02.csv,레저스포츠,기타레저스포츠
양주,2023,2,2023-02,126,경기도,양주시,강호이앤티,44,양주 2023_02.csv,레저스포츠,기타레저스포츠
양주,2023,2,2023-02,126,경기도,양주시,장흥자생수목원,44,양주 2023_02.csv,자연관광,자연공원
양주,2023,2,2023-02,128,경기도,양주시,신천생활체육공원축구장,43,양주 2023_02.csv,문화관광,레저스포츠시설
양주,2023,2,2023-02,129,경기도,양주시,삼숭생활체육공원,42,양주 2023_02.csv,문화관광,도시공원
양주,2023,2,2023-02,129,경기도,양주시,폴앤풀양주점,42,양주 2023_02.csv,문화관광,테마공원
양주,2023,2,2023-02,131,경기도,양주시,양주향교,41,양주 2023_02.csv,역사관광,역사유적지
양주,2023,2,2023-02,132,경기도,양주시,독바위공원인라인스케이트장,40,양주 2023_02.csv,레저스포츠,기타레저스포츠
양주,2023,2,2023-02,133,경기도,양주시,대승사,39,양주 2023_02.csv,역사관광,종교성지
양주,2023,2,2023-02,134,경기도,양주시,송암천문대,37,양주 2023_02.csv,기타관광,기타관광
양주,2023,2,2023-02,135,경기도,양주시,연화사,36,양주 2023_02.csv,역사관광,종교성지
양주,2023,2,2023-02,136,경기도,양주시,홍복저수지,35,양주 2023_02.csv,자연관광,자연경관(하천/해양)
양주,2023,2,2023-02,137,경기도,양주시,블랙핏점핑다이어트,31,양주 2023_02.csv,레저스포츠,기타레저스포츠
양주,2023,2,2023-02,137,경기도,양주시,북한산둘레길13구간,31,양주 2023_02.csv,레저스포츠,기타레저스포츠
양주,2023,2,2023-02,139,경기도,양주시,송추아트밸리,30,양주 2023_02.csv,문화관광,도시공원
양주,2023,2,2023-02,140,경기도,양주시,권율장군묘,29,양주 2023_02.csv,역사관광,역사유적지
양주,2023,2,2023-02,140,경기도,양주시,하늘물공원,29,양주 2023_02.csv,문화관광,도시공원
양주,2023,2,2023-02,142,경기도,양주시,리틀웨일키즈풀파티룸,28,양주 2023_02.csv,문화관광,테마공원
양주,2023,2,2023-02,142,경기도,양주시,비암사,28,양주 2023_02.csv,역사관광,종교성지
양주,2023,2,2023-02,144,경기도,양주시,타겟28실내양궁장,27,양주 2023_02.csv,레저스포츠,육상레저스포츠
양주,2023,2,2023-02,145,경기도,양주시,육지장사,26,양주 2023_02.csv,역사관광,종교성지
양주,2023,2,2023-02,145,경기도,양주시,가나2아뜰리에,26,양주 2023_02.csv,문화관광,기타문화관광지
양주,2023,2,2023-02,147,경기도,양주시,백석생활체육공원축구장,23,양주 2023_02.csv,문화관광,레저스포츠시설
양주,2023,2,2023-02,148,경기도,양주시,양주시티즌축구클럽,22,양주 2023_02.csv,문화관광,레저스포츠시설
양주,2023,2,2023-02,149,경기도,양주시,베베리베,20,양주 2023_02.csv,문화관광,테마공원
양주,2023,2,2023-02,150,경기도,양주시,양주천보산림욕장,19,양주 2023_02.csv,자연관광,자연공원
양주,2023,2,2023-02,151,경기도,양주시,우석농원,18,양주 2023_02.csv,체험관광,농/산/어촌체험
양주,2023,2,2023-02,151,경기도,양주시,777레지던스,18,양주 2023_02.csv,문화관광,전시시설
양주,2023,2,2023-02,151,경기도,양주시,스트라이크존볼파크양주,18,양주 2023_02.csv,문화관광,레저스포츠시설
양주,2023,2,2023-02,154,경기도,양주시,백인걸선생묘,17,양주 2023_02.csv,역사관광,역사유적지
양주,2023,2,2023-02,155,경기도,양주시,백석배수지생활체육공원,16,양주 2023_02.csv,문화관광,도시공원
양주,2023,2,2023-02,155,경기도,양주시,나누리근린공원,16,양주 2023_02.csv,문화관광,도시공원
양주,2023,2,2023-02,155,경기도,양주시,나리공원물놀이장,16,양주 2023_02.csv,문화관광,테마공원
양주,2023,2,2023-02,155,경기도,양주시,보타사,16,양주 2023_02.csv,역사관광,종교성지
양주,2023,2,2023-02,155,경기도,양주시,나리공원파크골프장,16,양주 2023_02.csv,레저스포츠,육상레저스포츠
양주,2023,2,2023-02,160,경기도,양주시,일영랜드수영장,15,양주 2023_02.csv,문화관광,테마공원
양주,2023,2,2023-02,161,경기도,양주시,모자농원,14,양주 2023_02.csv,체험관광,농/산/어촌체험
양주,2023,2,2023-02,162,경기도,양주시,양주산성야구장,13,양주 2023_02.csv,문화관광,레저스포츠시설
양주,2023,2,2023-02,163,경기도,양주시,홍죽산업단지근린공원,12,양주 2023_02.csv,문화관광,도시공원
양주,2023,2,2023-02,163,경기도,양주시,안상철미술관,12,양주 2023_02.csv,문화관광,전시시설
양주,2023,2,2023-02,163,경기도,양주시,광적생활체육공원,12,양주 2023_02.csv,문화관광,도시공원
양주,2023,2,2023-02,163,경기도,양주시,가납시장,12,양주 2023_02.csv,쇼핑,시장
양주,2023,2,2023-02,167,경기도,양주시,덕계낚시터,11,양주 2023_02.csv,레저스포츠,수상레저스포츠
양주,2023,2,2023-02,167,경기도,양주시,호국비룡사,11,양주 2023_02.csv,역사관광,종교성지
양주,2023,2,2023-02,167,경기도,양주시,송추다보사,11,양주 2023_02.csv,역사관광,종교성지
양주,2023,2,2023-02,170,경기도,양주시,백수현전통가옥,10,양주 2023_02.csv,역사관광,역사유적지
양주,2023,2,2023-02,170,경기도,양주시,무호정,10,양주 2023_02.csv,레저스포츠,육상레저스포츠
양주,2023,2,2023-02,170,경기도,양주시,각명사,10,양주 2023_02.csv,역사관광,종교성지
양주,2023,2,2023-02,170,경기도,양주시,장흥버섯농장,10,양주 2023_02.csv,체험관광,농/산/어촌체험
양주,2023,2,2023-02,170,경기도,양주시,스마트시티복합센터,10,양주 2023_02.csv,문화관광,기타문화관광지
양주,2023,2,2023-02,175,경기도,양주시,양주시립민복진미술관,9,양주 2023_02.csv,문화관광,전시시설
양주,2023,2,2023-02,175,경기도,양주시,기산지,9,양주 2023_02.csv,자연관광,자연경관(하천/해양)
양주,2023,2,2023-02,175,경기도,양주시,신산장,9,양주 2023_02.csv,쇼핑,시장
양주,2023,2,2023-02,175,경기도,양주시,여성봉,9,양주 2023_02.csv,자연관광,자연경관(산)
양주,2023,2,2023-02,179,경기도,양주시,코스박스튜디오,8,양주 2023_02.csv,체험관광,공예체험
양주,2023,2,2023-02,179,경기도,양주시,수월사,8,양주 2023_02.csv,역사관광,종교성지
양주,2023,2,2023-02,179,경기도,양주시,신흥레저타운,8,양주 2023_02.csv,레저스포츠,기타레저스포츠
양주,2023,2,2023-02,179,경기도,양주시,스카이워터파크,8,양주 2023_02.csv,문화관광,테마공원
양주,2023,2,2023-02,179,경기도,양주시,에코야구장,8,양주 2023_02.csv,문화관광,레저스포츠시설
양주,2023,2,2023-02,184,경기도,양주시,옥정탁구클럽,7,양주 2023_02.csv,레저스포츠,기타레저스포츠
양주,2023,2,2023-02,184,경기도,양주시,금빛갤러리,7,양주 2023_02.csv,문화관광,전시시설
양주,2023,2,2023-02,184,경기도,양주시,씨알농장,7,양주 2023_02.csv,체험관광,농/산/어촌체험
양주,2023,2,2023-02,184,경기도,양주시,동산가든낚시터,7,양주 2023_02.csv,레저스포츠,수상레저스포츠
양주,2023,2,2023-02,184,경기도,양주시,연이공방,7,양주 2023_02.csv,체험관광,공예체험
양주,2023,2,2023-02,184,경기도,양주시,선그로원예,7,양주 2023_02.csv,체험관광,농/산/어촌체험
양주,2023,2,2023-02,190,경기도,양주시,아트휠즈,6,양주 2023_02.csv,레저스포츠,육상레저스포츠
양주,2023,2,2023-02,190,경기도,양주시,연곡저수지,6,양주 2023_02.csv,자연관광,자연경관(하천/해양)
양주,2023,2,2023-02,190,경기도,양주시,은현낚시터,6,양주 2023_02.csv,레저스포츠,수상레저스포츠
양주,2023,2,2023-02,190,경기도,양주시,오림피아수영장,6,양주 2023_02.csv,문화관광,테마공원
양주,2023,2,2023-02,190,경기도,양주시,해유령전첩지,6,양주 2023_02.csv,역사관광,역사유적지
양주,2023,2,2023-02,190,경기도,양주시,대성사,6,양주 2023_02.csv,역사관광,종교성지
양주,2023,2,2023-02,190,경기도,양주시,효진푸드,6,양주 2023_02.csv,쇼핑,시장
양주,2023,2,2023-02,190,경기도,양주시,해마루농원,6,양주 2023_02.csv,체험관광,농/산/어촌체험
양주,2023,2,2023-02,190,경기도,양주시,군남농장,6,양주 2023_02.csv,체험관광,농/산/어촌체험
양주,2023,2,2023-02,190,경기도,양주시,그리다키즈카페,6,양주 2023_02.csv,문화관광,테마공원
양주,2023,2,2023-02,200,경기도,양주시,보메기낚시터,5,양주 2023_02.csv,레저스포츠,수상레저스포츠
양주,2023,2,2023-02,200,경기도,양주시,양주시립장욱진미술관통합매표소,5,양주 2023_02.csv,문화관광,복합관광시설
양주,2023,2,2023-02,202,경기도,양주시,장림고개,4,양주 2023_02.csv,자연관광,자연경관(산)
양주,2023,2,2023-02,202,경기도,양주시,토리근린공원,4,양주 2023_02.csv,문화관광,도시공원
양주,2023,2,2023-02,202,경기도,양주시,용암낚시터,4,양주 2023_02.csv,레저스포츠,수상레저스포츠
양주,2023,2,2023-02,202,경기도,양주시,본주짓수회천점,4,양주 2023_02.csv,레저스포츠,기타레저스포츠
양주,2023,2,2023-02,202,경기도,양주시,이수광선생묘,4,양주 2023_02.csv,역사관광,역사유적지
양주,2023,2,2023-02,202,경기도,양주시,진산사,4,양주 2023_02.csv,역사관광,종교성지
양주,2023,2,2023-02,202,경기도,양주시,원학농장,4,양주 2023_02.csv,체험관광,농/산/어촌체험
양주,2023,2,2023-02,202,경기도,양주시,봉암낚시터,4,양주 2023_02.csv,레저스포츠,수상레저스포츠
양주,2023,2,2023-02,202,경기도,양주시,양주탁구클럽,4,양주 2023_02.csv,레저스포츠,기타레저스포츠
양주,2023,2,2023-02,202,경기도,양주시,무량사,4,양주 2023_02.csv,역사관광,종교성지
양주,2023,2,2023-02,202,경기도,양주시,홍복산,4,양주 2023_02.csv,자연관광,자연경관(산)
양주,2023,2,2023-02,202,경기도,양주시,돌고개,4,양주 2023_02.csv,자연관광,자연경관(산)
양주,2023,2,2023-02,214,경기도,양주시,양주울대고개순직경찰관추도비,3,양주 2023_02.csv,역사관광,역사유물
양주,2023,2,2023-02,214,경기도,양주시,양주FC,3,양주 2023_02.csv,레저스포츠,기타레저스포츠
양주,2023,2,2023-02,214,경기도,양주시,신암지,3,양주 2023_02.csv,자연관광,자연경관(하천/해양)
양주,2023,2,2023-02,214,경기도,양주시,파이브피티회천점,3,양주 2023_02.csv,레저스포츠,기타레저스포츠
양주,2023,2,2023-02,214,경기도,양주시,신산시장복합센터,3,양주 2023_02.csv,쇼핑,시장
양주,2023,2,2023-02,214,경기도,양주시,태우복싱짐,3,양주 2023_02.csv,레저스포츠,기타레저스포츠
양주,2023,2,2023-02,214,경기도,양주시,나리다육,3,양주 2023_02.csv,체험관광,농/산/어촌체험
양주,2023,2,2023-02,214,경기도,양주시,이승욱갤러리왕의길,3,양주 2023_02.csv,문화관광,전시시설
양주,2023,2,2023-02,214,경기도,양주시,기산리유원지,3,양주 2023_02.csv,문화관광,복합관광시설
양주,2023,2,2023-02,214,경기도,양주시,장흥계곡,3,양주 2023_02.csv,자연관광,자연경관(산)
양주,2023,2,2023-02,214,경기도,양주시,송추낚시터,3,양주 2023_02.csv,레저스포츠,수상레저스포츠
양주,2023,2,2023-02,214,경기도,양주시,송암사,3,양주 2023_02.csv,역사관광,종교성지
양주,2023,2,2023-02,214,경기도,양주시,양주남면의느티나무,3,양주 2023_02.csv,역사관광,역사유적지
양주,2023,2,2023-02,214,경기도,양주시,회암고개,3,양주 2023_02.csv,자연관광,자연경관(산)
양주,2023,2,2023-02,214,경기도,양주시,윤성에프앤비양주물류센터,3,양주 2023_02.csv,레저스포츠,수상레저스포츠
양주,2023,2,2023-02,214,경기도,양주시,양주대모산성,3,양주 2023_02.csv,역사관광,역사유적지
양주,2023,2,2023-02,214,경기도,양주시,대장금눈썰매장,3,양주 2023_02.csv,레저스포츠,육상레저스포츠
양주,2023,2,2023-02,214,경기도,양주시,스톤밸리눈썰매장,3,양주 2023_02.csv,레저스포츠,육상레저스포츠
양주,2023,2,2023-02,214,경기도,양주시,천불사,3,양주 2023_02.csv,역사관광,종교성지
양주,2023,2,2023-02,214,경기도,양주시,감악산목장,3,양주 2023_02.csv,체험관광,농/산/어촌체험
양주,2023,2,2023-02,214,경기도,양주시,덕수레저타운,3,양주 2023_02.csv,레저스포츠,기타레저스포츠
양주,2023,2,2023-02,214,경기도,양주시,조소앙선생기념공원,3,양주 2023_02.csv,문화관광,도시공원
양주,2023,2,2023-02,214,경기도,양주시,노고산주말농장,3,양주 2023_02.csv,체험관광,농/산/어촌체험
양주,2023,2,2023-02,214,경기도,양주시,효촌리낚시터,3,양주 2023_02.csv,레저스포츠,수상레저스포츠
양주,2023,2,2023-02,214,경기도,양주시,두래농원,3,양주 2023_02.csv,체험관광,농/산/어촌체험
양주,2023,2,2023-02,214,경기도,양주시,살구골낚시터,3,양주 2023_02.csv,레저스포츠,수상레저스포츠
양주,2023,2,2023-02,214,경기도,양주시,양주골김치체험박물관,3,양주 2023_02.csv,문화관광,전시시설
양주,2023,2,2023-02,214,경기도,양주시,쌍용사,3,양주 2023_02.csv,역사관광,종교성지
양주,2023,2,2023-02,214,경기도,양주시,양주고읍유도체육관,3,양주 2023_02.csv,레저스포츠,기타레저스포츠
양주,2023,2,2023-02,214,경기도,양주시,쿤스트마쿤,3,양주 2023_02.csv,체험관광,공예체험
양주,2023,2,2023-02,214,경기도,양주시,오상갤러리,3,양주 2023_02.csv,문화관광,전시시설
양주,2023,2,2023-02,214,경기도,양주시,나눔갤러리블루,3,양주 2023_02.csv,문화관광,전시시설
양주,2023,3,2023-03,1,경기도,양주시,LF스퀘어양주점,11649,양주 2023_03.csv,쇼핑,쇼핑몰
양주,2023,3,2023-03,2,경기도,양주시,레이크우드CC,7191,양주 2023_03.csv,레저스포츠,육상레저스포츠
양주,2023,3,2023-03,3,경기도,양주시,송추CC,4020,양주 2023_03.csv,레저스포츠,육상레저스포츠
양주,2023,3,2023-03,4,경기도,양주시,옥정중앙공원,2630,양주 2023_03.csv,문화관광,도시공원
양주,2023,3,2023-03,5,경기도,양주시,CGV양주옥정,2589,양주 2023_03.csv,문화관광,공연시설
양주,2023,3,2023-03,6,경기도,양주시,두리랜드,2437,양주 2023_03.csv,문화관광,테마공원
양주,2023,3,2023-03,7,경기도,양주시,루이힐스CC,2155,양주 2023_03.csv,레저스포츠,육상레저스포츠
양주,2023,3,2023-03,8,경기도,양주시,송추계곡,1869,양주 2023_03.csv,자연관광,자연경관(산)
양주,2023,3,2023-03,9,경기도,양주시,회암사지박물관,1807,양주 2023_03.csv,문화관광,전시시설
양주,2023,3,2023-03,10,경기도,양주시,장흥관광지,1699,양주 2023_03.csv,문화관광,복합관광시설
양주,2023,3,2023-03,11,경기도,양주시,기산저수지,1154,양주 2023_03.csv,자연관광,자연경관(하천/해양)
양주,2023,3,2023-03,12,경기도,양주시,가나아트파크,1140,양주 2023_03.csv,문화관광,전시시설
양주,2023,3,2023-03,13,경기도,양주시,가래비장터,859,양주 2023_03.csv,쇼핑,시장
양주,2023,3,2023-03,14,경기도,양주시,송추역,857,양주 2023_03.csv,기타관광,교통시설
양주,2023,3,2023-03,15,경기도,양주시,독바위공원,779,양주 2023_03.csv,문화관광,도시공원
양주,2023,3,2023-03,16,경기도,양주시,고덕생활체육공원,688,양주 2023_03.csv,문화관광,도시공원
양주,2023,3,2023-03,17,경기도,양주시,장흥자동차극장,670,양주 2023_03.csv,문화관광,공연시설
양주,2023,3,2023-03,18,경기도,양주시,백석생활체육공원,650,양주 2023_03.csv,문화관광,도시공원
양주,2023,3,2023-03,19,경기도,양주시,선돌근린공원,629,양주 2023_03.csv,문화관광,도시공원
양주,2023,3,2023-03,20,경기도,양주시,메가박스양주,600,양주 2023_03.csv,문화관광,공연시설
양주,2023,3,2023-03,21,경기도,양주시,일영유원지,575,양주 2023_03.csv,문화관광,복합관광시설
양주,2023,3,2023-03,22,경기도,양주시,양주시립장욱진미술관,560,양주 2023_03.csv,문화관광,전시시설
양주,2023,3,2023-03,23,경기도,양주시,국립아세안자연휴양림,545,양주 2023_03.csv,자연관광,자연공원
양주,2023,3,2023-03,24,경기도,양주시,메가파크양주,541,양주 2023_03.csv,문화관광,테마공원
양주,2023,3,2023-03,25,경기도,양주시,칠봉산CC,512,양주 2023_03.csv,레저스포츠,육상레저스포츠
양주,2023,3,2023-03,26,경기도,양주시,옥정체육공원,469,양주 2023_03.csv,문화관광,도시공원
양주,2023,3,2023-03,27,경기도,양주시,나리농원,462,양주 2023_03.csv,체험관광,농/산/어촌체험
양주,2023,3,2023-03,28,경기도,양주시,청련사,450,양주 2023_03.csv,역사관광,종교성지
양주,2023,3,2023-03,29,경기도,양주시,헤세의정원,446,양주 2023_03.csv,문화관광,기타문화관광지
양주,2023,3,2023-03,30,경기도,양주시,롯데시네마양주고읍 휴점,444,양주 2023_03.csv,문화관광,공연시설
양주,2023,3,2023-03,31,경기도,양주시,멜버른승마장,430,양주 2023_03.csv,레저스포츠,육상레저스포츠
양주,2023,3,2023-03,32,경기도,양주시,세광사,425,양주 2023_03.csv,역사관광,종교성지
양주,2023,3,2023-03,33,경기도,양주시,조명박물관,415,양주 2023_03.csv,문화관광,전시시설
양주,2023,3,2023-03,34,경기도,양주시,회암사,412,양주 2023_03.csv,역사관광,종교성지
양주,2023,3,2023-03,35,경기도,양주시,일영역,410,양주 2023_03.csv,기타관광,교통시설
양주,2023,3,2023-03,36,경기도,양주시,양주별산대놀이마당,399,양주 2023_03.csv,문화관광,기타문화관광지
양주,2023,3,2023-03,37,경기도,양주시,양주베이스볼파크,388,양주 2023_03.csv,문화관광,레저스포츠시설
양주,2023,3,2023-03,38,경기도,양주시,송추팜,387,양주 2023_03.csv,체험관광,농/산/어촌체험
양주,2023,3,2023-03,39,경기도,양주시,딱따구리청소년수련원,378,양주 2023_03.csv,레저스포츠,육상레저스포츠
양주,2023,3,2023-03,40,경기도,양주시,TBS도봉산축구장,377,양주 2023_03.csv,문화관광,레저스포츠시설
양주,2023,3,2023-03,41,경기도,양주시,헬로방방양주점,343,양주 2023_03.csv,문화관광,테마공원
양주,2023,3,2023-03,42,경기도,양주시,봉암저수지,339,양주 2023_03.csv,자연관광,자연경관(하천/해양)
양주,2023,3,2023-03,43,경기도,양주시,양주관아지,326,양주 2023_03.csv,역사관광,역사유적지
양주,2023,3,2023-03,44,경기도,양주시,회암사지,317,양주 2023_03.csv,역사관광,역사유적지
양주,2023,3,2023-03,45,경기도,양주시,원당저수지,315,양주 2023_03.csv,자연관광,자연경관(하천/해양)
양주,2023,3,2023-03,46,경기도,양주시,장자원낚시터,311,양주 2023_03.csv,레저스포츠,수상레저스포츠
양주,2023,3,2023-03,47,경기도,양주시,신천생활체육공원,306,양주 2023_03.csv,문화관광,도시공원
양주,2023,3,2023-03,48,경기도,양주시,효촌저수지,301,양주 2023_03.csv,자연관광,자연경관(하천/해양)
양주,2023,3,2023-03,49,경기도,양주시,옥정배수지체육공원,300,양주 2023_03.csv,문화관광,도시공원
양주,2023,3,2023-03,49,경기도,양주시,장흥생활체육공원,300,양주 2023_03.csv,문화관광,도시공원
양주,2023,3,2023-03,51,경기도,양주시,청암민속박물관,299,양주 2023_03.csv,문화관광,전시시설
양주,2023,3,2023-03,52,경기도,양주시,삼하낚시터,289,양주 2023_03.csv,레저스포츠,수상레저스포츠
양주,2023,3,2023-03,53,경기도,양주시,스카이야구장,278,양주 2023_03.csv,문화관광,레저스포츠시설
양주,2023,3,2023-03,54,경기도,양주시,신암낚시터,274,양주 2023_03.csv,레저스포츠,수상레저스포츠
양주,2023,3,2023-03,55,경기도,양주시,장흥돌고개유원지,272,양주 2023_03.csv,문화관광,복합관광시설
양주,2023,3,2023-03,56,경기도,양주시,광백저수지,268,양주 2023_03.csv,자연관광,자연경관(하천/해양)
양주,2023,3,2023-03,57,경기도,양주시,옥정체육공원축구장,264,양주 2023_03.csv,문화관광,레저스포츠시설
양주,2023,3,2023-03,58,경기도,양주시,양주시승마장,250,양주 2023_03.csv,레저스포츠,육상레저스포츠
양주,2023,3,2023-03,59,경기도,양주시,어둔리저수지,246,양주 2023_03.csv,자연관광,자연경관(하천/해양)
양주,2023,3,2023-03,60,경기도,양주시,양주팬텀실내풋살장,236,양주 2023_03.csv,레저스포츠,기타레저스포츠
양주,2023,3,2023-03,61,경기도,양주시,공존풋살파크양주점,230,양주 2023_03.csv,문화관광,레저스포츠시설
양주,2023,3,2023-03,62,경기도,양주시,토도,229,양주 2023_03.csv,문화관광,테마공원
양주,2023,3,2023-03,63,경기도,양주시,VIP야구장,226,양주 2023_03.csv,문화관광,레저스포츠시설
양주,2023,3,2023-03,64,경기도,양주시,양주시청소년수련원,224,양주 2023_03.csv,레저스포츠,육상레저스포츠
양주,2023,3,2023-03,65,경기도,양주시,한성승마클럽,213,양주 2023_03.csv,레저스포츠,육상레저스포츠
양주,2023,3,2023-03,66,경기도,양주시,더콕배드민턴레슨센터,208,양주 2023_03.csv,레저스포츠,기타레저스포츠
양주,2023,3,2023-03,67,경기도,양주시,양주풋살파크제1구장,207,양주 2023_03.csv,문화관광,레저스포츠시설
양주,2023,3,2023-03,68,경기도,양주시,장흥축구장,203,양주 2023_03.csv,문화관광,레저스포츠시설
양주,2023,3,2023-03,69,경기도,양주시,ND야구장,200,양주 2023_03.csv,문화관광,레저스포츠시설
양주,2023,3,2023-03,70,경기도,양주시,티제이풋살파크,191,양주 2023_03.csv,레저스포츠,기타레저스포츠
양주,2023,3,2023-03,71,경기도,양주시,덕계공원,190,양주 2023_03.csv,문화관광,도시공원
양주,2023,3,2023-03,72,경기도,양주시,덕계저수지,189,양주 2023_03.csv,자연관광,자연경관(하천/해양)
양주,2023,3,2023-03,73,경기도,양주시,남경수목원,169,양주 2023_03.csv,체험관광,농/산/어촌체험
양주,2023,3,2023-03,74,경기도,양주시,장흥야구장,163,양주 2023_03.csv,문화관광,레저스포츠시설
양주,2023,3,2023-03,75,경기도,양주시,불곡산,161,양주 2023_03.csv,자연관광,자연경관(산)
양주,2023,3,2023-03,76,경기도,양주시,장흥자생수목원,159,양주 2023_03.csv,자연관광,자연공원
양주,2023,3,2023-03,77,경기도,양주시,온릉,157,양주 2023_03.csv,역사관광,역사유적지
양주,2023,3,2023-03,78,경기도,양주시,후니버설스튜디오,152,양주 2023_03.csv,문화관광,전시시설
양주,2023,3,2023-03,78,경기도,양주시,송추원각사,152,양주 2023_03.csv,역사관광,종교성지
양주,2023,3,2023-03,80,경기도,양주시,송암스페이스센터,149,양주 2023_03.csv,기타관광,기타관광
양주,2023,3,2023-03,80,경기도,양주시,북한산국립공원오봉탐방지원센터,149,양주 2023_03.csv,기타관광,기타관광
양주,2023,3,2023-03,82,경기도,양주시,EP베이스볼파크,147,양주 2023_03.csv,문화관광,레저스포츠시설
양주,2023,3,2023-03,83,경기도,양주시,신산리공원,143,양주 2023_03.csv,문화관광,도시공원
양주,2023,3,2023-03,84,경기도,양주시,석굴암,141,양주 2023_03.csv,역사관광,종교성지
양주,2023,3,2023-03,84,경기도,양주시,장흥역,141,양주 2023_03.csv,기타관광,교통시설
양주,2023,3,2023-03,86,경기도,양주시,금바위저수지,138,양주 2023_03.csv,자연관광,자연경관(하천/해양)
양주,2023,3,2023-03,87,경기도,양주시,롤러몬스터,129,양주 2023_03.csv,레저스포츠,기타레저스포츠
양주,2023,3,2023-03,88,경기도,양주시,양주수산물시장,122,양주 2023_03.csv,쇼핑,시장
양주,2023,3,2023-03,89,경기도,양주시,광적생활체육공원축구장,120,양주 2023_03.csv,문화관광,레저스포츠시설
양주,2023,3,2023-03,90,경기도,양주시,백석생활체육공원야구장,119,양주 2023_03.csv,문화관광,레저스포츠시설
양주,2023,3,2023-03,91,경기도,양주시,씽씽롤러스케이트장,115,양주 2023_03.csv,레저스포츠,육상레저스포츠
양주,2023,3,2023-03,92,경기도,양주시,지장사,112,양주 2023_03.csv,역사관광,종교성지
양주,2023,3,2023-03,93,경기도,양주시,한국축구센터,110,양주 2023_03.csv,문화관광,레저스포츠시설
양주,2023,3,2023-03,94,경기도,양주시,조소앙선생기념관,106,양주 2023_03.csv,문화관광,전시시설
양주,2023,3,2023-03,95,경기도,양주시,삼훈행복농원,105,양주 2023_03.csv,체험관광,농/산/어촌체험
양주,2023,3,2023-03,96,경기도,양주시,플레이랩양주점,103,양주 2023_03.csv,문화관광,테마공원
양주,2023,3,2023-03,97,경기도,양주시,베베앙쥬베이비카페옥정점,100,양주 2023_03.csv,문화관광,테마공원
양주,2023,3,2023-03,98,경기도,양주시,일영낚시터,99,양주 2023_03.csv,레저스포츠,수상레저스포츠
양주,2023,3,2023-03,98,경기도,양주시,프레리키즈카페양주옥정점,99,양주 2023_03.csv,문화관광,테마공원
양주,2023,3,2023-03,100,경기도,양주시,양주풋살파크제2구장,98,양주 2023_03.csv,레저스포츠,기타레저스포츠
양주,2023,3,2023-03,101,경기도,양주시,대원정사,97,양주 2023_03.csv,역사관광,종교성지
양주,2023,3,2023-03,101,경기도,양주시,엄상마을문화거리,97,양주 2023_03.csv,문화관광,테마공원
양주,2023,3,2023-03,103,경기도,양주시,신세계팩토리스토어양주점,93,양주 2023_03.csv,쇼핑,쇼핑몰
양주,2023,3,2023-03,104,경기도,양주시,아지트배드민턴,89,양주 2023_03.csv,레저스포츠,기타레저스포츠
양주,2023,3,2023-03,105,경기도,양주시,백화암,86,양주 2023_03.csv,역사관광,종교성지
양주,2023,3,2023-03,106,경기도,양주시,못말낚시터,84,양주 2023_03.csv,레저스포츠,수상레저스포츠
양주,2023,3,2023-03,107,경기도,양주시,장흥조각공원,82,양주 2023_03.csv,문화관광,도시공원
양주,2023,3,2023-03,108,경기도,양주시,북한산국립공원교현탐방지원센터,74,양주 2023_03.csv,기타관광,기타관광
양주,2023,3,2023-03,109,경기도,양주시,화담정사,72,양주 2023_03.csv,역사관광,종교성지
양주,2023,3,2023-03,110,경기도,양주시,안상철미술관,71,양주 2023_03.csv,문화관광,전시시설
양주,2023,3,2023-03,111,경기도,양주시,삼숭생활체육공원,67,양주 2023_03.csv,문화관광,도시공원
양주,2023,3,2023-03,112,경기도,양주시,백석배수지생활체육공원,65,양주 2023_03.csv,문화관광,도시공원
양주,2023,3,2023-03,112,경기도,양주시,광사낚시터,65,양주 2023_03.csv,레저스포츠,수상레저스포츠
양주,2023,3,2023-03,112,경기도,양주시,신천생활체육공원축구장,65,양주 2023_03.csv,문화관광,레저스포츠시설
양주,2023,3,2023-03,115,경기도,양주시,스트라이크존볼파크양주,64,양주 2023_03.csv,문화관광,레저스포츠시설
양주,2023,3,2023-03,115,경기도,양주시,원더풀키즈수영장,64,양주 2023_03.csv,문화관광,테마공원
양주,2023,3,2023-03,117,경기도,양주시,독바위공원인라인스케이트장,63,양주 2023_03.csv,레저스포츠,기타레저스포츠
양주,2023,3,2023-03,117,경기도,양주시,아름다운비행,63,양주 2023_03.csv,문화관광,전시시설
양주,2023,3,2023-03,119,경기도,양주시,샘내고개,62,양주 2023_03.csv,자연관광,자연경관(산)
양주,2023,3,2023-03,120,경기도,양주시,신흥레저타운,60,양주 2023_03.csv,레저스포츠,기타레저스포츠
양주,2023,3,2023-03,121,경기도,양주시,고읍구장,58,양주 2023_03.csv,문화관광,레저스포츠시설
양주,2023,3,2023-03,122,경기도,양주시,원당낚시터,57,양주 2023_03.csv,레저스포츠,수상레저스포츠
양주,2023,3,2023-03,122,경기도,양주시,타겟28실내양궁장,57,양주 2023_03.csv,레저스포츠,육상레저스포츠
양주,2023,3,2023-03,124,경기도,양주시,나비랑키즈카페,52,양주 2023_03.csv,문화관광,테마공원
양주,2023,3,2023-03,125,경기도,양주시,양주향교,51,양주 2023_03.csv,역사관광,역사유적지
양주,2023,3,2023-03,126,경기도,양주시,칠봉산낚시터,50,양주 2023_03.csv,레저스포츠,수상레저스포츠
양주,2023,3,2023-03,126,경기도,양주시,덕정시장,50,양주 2023_03.csv,쇼핑,시장
양주,2023,3,2023-03,126,경기도,양주시,장흥자연휴양림,50,양주 2023_03.csv,자연관광,자연공원
양주,2023,3,2023-03,126,경기도,양주시,위바운스,50,양주 2023_03.csv,문화관광,테마공원
양주,2023,3,2023-03,130,경기도,양주시,양주시티즌축구클럽,49,양주 2023_03.csv,문화관광,레저스포츠시설
양주,2023,3,2023-03,131,경기도,양주시,양주천보산림욕장,48,양주 2023_03.csv,자연관광,자연공원
양주,2023,3,2023-03,132,경기도,양주시,홍죽산업단지근린공원,46,양주 2023_03.csv,문화관광,도시공원
양주,2023,3,2023-03,132,경기도,양주시,권율장군묘,46,양주 2023_03.csv,역사관광,역사유적지
양주,2023,3,2023-03,134,경기도,양주시,북한산둘레길13구간,45,양주 2023_03.csv,레저스포츠,기타레저스포츠
양주,2023,3,2023-03,135,경기도,양주시,홍복저수지,43,양주 2023_03.csv,자연관광,자연경관(하천/해양)
양주,2023,3,2023-03,135,경기도,양주시,덕계낚시터,43,양주 2023_03.csv,레저스포츠,수상레저스포츠
양주,2023,3,2023-03,135,경기도,양주시,송추다보사,43,양주 2023_03.csv,역사관광,종교성지
양주,2023,3,2023-03,138,경기도,양주시,하나농원,42,양주 2023_03.csv,체험관광,농/산/어촌체험
양주,2023,3,2023-03,138,경기도,양주시,광적생활체육공원,42,양주 2023_03.csv,문화관광,도시공원
양주,2023,3,2023-03,140,경기도,양주시,육지장사,39,양주 2023_03.csv,역사관광,종교성지
양주,2023,3,2023-03,140,경기도,양주시,연화사,39,양주 2023_03.csv,역사관광,종교성지
양주,2023,3,2023-03,140,경기도,양주시,대승사,39,양주 2023_03.csv,역사관광,종교성지
양주,2023,3,2023-03,143,경기도,양주시,하늘물공원,38,양주 2023_03.csv,문화관광,도시공원
양주,2023,3,2023-03,144,경기도,양주시,원각폭포,37,양주 2023_03.csv,자연관광,자연경관(산)
양주,2023,3,2023-03,145,경기도,양주시,마리조아승마클럽,36,양주 2023_03.csv,레저스포츠,육상레저스포츠
양주,2023,3,2023-03,146,경기도,양주시,연곡저수지,35,양주 2023_03.csv,자연관광,자연경관(하천/해양)
양주,2023,3,2023-03,146,경기도,양주시,나리공원물놀이장,35,양주 2023_03.csv,문화관광,테마공원
양주,2023,3,2023-03,148,경기도,양주시,동산가든낚시터,34,양주 2023_03.csv,레저스포츠,수상레저스포츠
양주,2023,3,2023-03,149,경기도,양주시,옥정탁구클럽,32,양주 2023_03.csv,레저스포츠,기타레저스포츠
양주,2023,3,2023-03,149,경기도,양주시,MBP리그,32,양주 2023_03.csv,문화관광,레저스포츠시설
양주,2023,3,2023-03,151,경기도,양주시,파이브피티회천점,30,양주 2023_03.csv,레저스포츠,기타레저스포츠
양주,2023,3,2023-03,152,경기도,양주시,가나2아뜰리에,29,양주 2023_03.csv,문화관광,기타문화관광지
양주,2023,3,2023-03,153,경기도,양주시,양주시립장욱진미술관통합매표소,28,양주 2023_03.csv,문화관광,복합관광시설
양주,2023,3,2023-03,154,경기도,양주시,강호이앤티,27,양주 2023_03.csv,레저스포츠,기타레저스포츠
양주,2023,3,2023-03,154,경기도,양주시,수월사,27,양주 2023_03.csv,역사관광,종교성지
양주,2023,3,2023-03,156,경기도,양주시,양주시립민복진미술관,26,양주 2023_03.csv,문화관광,전시시설
양주,2023,3,2023-03,156,경기도,양주시,장흥계곡,26,양주 2023_03.csv,자연관광,자연경관(산)
양주,2023,3,2023-03,156,경기도,양주시,신상호스튜디오,26,양주 2023_03.csv,문화관광,전시시설
양주,2023,3,2023-03,159,경기도,양주시,천불사,25,양주 2023_03.csv,역사관광,종교성지
양주,2023,3,2023-03,159,경기도,양주시,에코야구장,25,양주 2023_03.csv,문화관광,레저스포츠시설
양주,2023,3,2023-03,161,경기도,양주시,꿈을그리다,23,양주 2023_03.csv,문화관광,테마공원
양주,2023,3,2023-03,162,경기도,양주시,그랜드유원지,22,양주 2023_03.csv,기타관광,기타관광
양주,2023,3,2023-03,163,경기도,양주시,무호정,21,양주 2023_03.csv,레저스포츠,육상레저스포츠
양주,2023,3,2023-03,164,경기도,양주시,양주FC,20,양주 2023_03.csv,레저스포츠,기타레저스포츠
양주,2023,3,2023-03,164,경기도,양주시,폴앤풀양주점,20,양주 2023_03.csv,문화관광,테마공원
양주,2023,3,2023-03,164,경기도,양주시,어둔리남방낚시터,20,양주 2023_03.csv,레저스포츠,수상레저스포츠
양주,2023,3,2023-03,164,경기도,양주시,월암사,20,양주 2023_03.csv,역사관광,종교성지
양주,2023,3,2023-03,168,경기도,양주시,여성봉,19,양주 2023_03.csv,자연관광,자연경관(산)
양주,2023,3,2023-03,168,경기도,양주시,나리공원파크골프장,19,양주 2023_03.csv,레저스포츠,육상레저스포츠
양주,2023,3,2023-03,170,경기도,양주시,아트휠즈,18,양주 2023_03.csv,레저스포츠,육상레저스포츠
양주,2023,3,2023-03,170,경기도,양주시,백인걸선생묘,18,양주 2023_03.csv,역사관광,역사유적지
양주,2023,3,2023-03,170,경기도,양주시,씨알농장,18,양주 2023_03.csv,체험관광,농/산/어촌체험
양주,2023,3,2023-03,170,경기도,양주시,고려대학교축구장,18,양주 2023_03.csv,문화관광,레저스포츠시설
양주,2023,3,2023-03,170,경기도,양주시,살구골낚시터,18,양주 2023_03.csv,레저스포츠,수상레저스포츠
양주,2023,3,2023-03,175,경기도,양주시,부흥사,17,양주 2023_03.csv,역사관광,종교성지
양주,2023,3,2023-03,175,경기도,양주시,양주조은농장,17,양주 2023_03.csv,체험관광,농/산/어촌체험
양주,2023,3,2023-03,177,경기도,양주시,오림피아수영장,16,양주 2023_03.csv,문화관광,테마공원
양주,2023,3,2023-03,178,경기도,양주시,일영랜드수영장,15,양주 2023_03.csv,문화관광,테마공원
양주,2023,3,2023-03,179,경기도,양주시,진영농장,14,양주 2023_03.csv,체험관광,농/산/어촌체험
양주,2023,3,2023-03,179,경기도,양주시,봉우근린공원,14,양주 2023_03.csv,문화관광,도시공원
양주,2023,3,2023-03,179,경기도,양주시,송추낚시터,14,양주 2023_03.csv,레저스포츠,수상레저스포츠
양주,2023,3,2023-03,179,경기도,양주시,사패산송추방면,14,양주 2023_03.csv,자연관광,자연경관(산)
양주,2023,3,2023-03,183,경기도,양주시,은현피싱타운,13,양주 2023_03.csv,레저스포츠,수상레저스포츠
양주,2023,3,2023-03,183,경기도,양주시,기산리유원지,13,양주 2023_03.csv,문화관광,복합관광시설
양주,2023,3,2023-03,183,경기도,양주시,효촌리낚시터,13,양주 2023_03.csv,레저스포츠,수상레저스포츠
양주,2023,3,2023-03,183,경기도,양주시,신산장,13,양주 2023_03.csv,쇼핑,시장
양주,2023,3,2023-03,183,경기도,양주시,효진푸드,13,양주 2023_03.csv,쇼핑,시장
양주,2023,3,2023-03,188,경기도,양주시,나누리근린공원,12,양주 2023_03.csv,문화관광,도시공원
양주,2023,3,2023-03,188,경기도,양주시,신산시장복합센터,12,양주 2023_03.csv,쇼핑,시장
양주,2023,3,2023-03,188,경기도,양주시,원학농장,12,양주 2023_03.csv,체험관광,농/산/어촌체험
양주,2023,3,2023-03,188,경기도,양주시,양주산성야구장,12,양주 2023_03.csv,문화관광,레저스포츠시설
양주,2023,3,2023-03,188,경기도,양주시,스카이워터파크,12,양주 2023_03.csv,문화관광,테마공원
양주,2023,3,2023-03,193,경기도,양주시,리틀웨일키즈풀파티룸,11,양주 2023_03.csv,문화관광,테마공원
양주,2023,3,2023-03,193,경기도,양주시,베베리베,11,양주 2023_03.csv,문화관광,테마공원
양주,2023,3,2023-03,193,경기도,양주시,윤근수사당,11,양주 2023_03.csv,역사관광,역사유적지
양주,2023,3,2023-03,193,경기도,양주시,WJ복싱클럽옥정점,11,양주 2023_03.csv,레저스포츠,기타레저스포츠
양주,2023,3,2023-03,193,경기도,양주시,백석생활체육공원축구장,11,양주 2023_03.csv,문화관광,레저스포츠시설
양주,2023,3,2023-03,198,경기도,양주시,보메기낚시터,10,양주 2023_03.csv,레저스포츠,수상레저스포츠
양주,2023,3,2023-03,198,경기도,양주시,송암천문대,10,양주 2023_03.csv,기타관광,기타관광
양주,2023,3,2023-03,198,경기도,양주시,덕수레저타운,10,양주 2023_03.csv,레저스포츠,기타레저스포츠
양주,2023,3,2023-03,198,경기도,양주시,비암사,10,양주 2023_03.csv,역사관광,종교성지
양주,2023,3,2023-03,198,경기도,양주시,나눔갤러리블루,10,양주 2023_03.csv,문화관광,전시시설
양주,2023,3,2023-03,203,경기도,양주시,MMA STORY양주점,9,양주 2023_03.csv,레저스포츠,기타레저스포츠
양주,2023,3,2023-03,203,경기도,양주시,송추아트밸리,9,양주 2023_03.csv,문화관광,도시공원
양주,2023,3,2023-03,203,경기도,양주시,쌍용사,9,양주 2023_03.csv,역사관광,종교성지
양주,2023,3,2023-03,203,경기도,양주시,선그로원예,9,양주 2023_03.csv,체험관광,농/산/어촌체험
양주,2023,3,2023-03,207,경기도,양주시,신암지,8,양주 2023_03.csv,자연관광,자연경관(하천/해양)
양주,2023,3,2023-03,207,경기도,양주시,양주혁신리빙랩센터,8,양주 2023_03.csv,문화관광,기타문화관광지
양주,2023,3,2023-03,207,경기도,양주시,금빛갤러리,8,양주 2023_03.csv,문화관광,전시시설
양주,2023,3,2023-03,207,경기도,양주시,감로사,8,양주 2023_03.csv,역사관광,종교성지
양주,2023,3,2023-03,207,경기도,양주시,군남농장,8,양주 2023_03.csv,체험관광,농/산/어촌체험
양주,2023,3,2023-03,207,경기도,양주시,백석생활체육공원리틀야구장,8,양주 2023_03.csv,문화관광,레저스포츠시설
양주,2023,3,2023-03,207,경기도,양주시,미라클피싱,8,양주 2023_03.csv,레저스포츠,수상레저스포츠
양주,2023,3,2023-03,207,경기도,양주시,히든밸리송추,8,양주 2023_03.csv,문화관광,테마공원
양주,2023,3,2023-03,215,경기도,양주시,해마루농원,7,양주 2023_03.csv,체험관광,농/산/어촌체험
양주,2023,3,2023-03,215,경기도,양주시,스마트시티복합센터,7,양주 2023_03.csv,문화관광,기타문화관광지
양주,2023,3,2023-03,215,경기도,양주시,도락산,7,양주 2023_03.csv,자연관광,자연경관(산)
양주,2023,3,2023-03,215,경기도,양주시,쿤스트마쿤,7,양주 2023_03.csv,체험관광,공예체험
양주,2023,3,2023-03,219,경기도,양주시,토리근린공원,6,양주 2023_03.csv,문화관광,도시공원
양주,2023,3,2023-03,219,경기도,양주시,코스박스튜디오,6,양주 2023_03.csv,체험관광,공예체험
양주,2023,3,2023-03,219,경기도,양주시,용암낚시터,6,양주 2023_03.csv,레저스포츠,수상레저스포츠
양주,2023,3,2023-03,219,경기도,양주시,해유령전첩지,6,양주 2023_03.csv,역사관광,역사유적지
양주,2023,3,2023-03,219,경기도,양주시,대성사,6,양주 2023_03.csv,역사관광,종교성지
양주,2023,3,2023-03,219,경기도,양주시,정겨운농장,6,양주 2023_03.csv,체험관광,농/산/어촌체험
양주,2023,3,2023-03,219,경기도,양주시,가납시장,6,양주 2023_03.csv,쇼핑,시장
양주,2023,3,2023-03,219,경기도,양주시,각명사,6,양주 2023_03.csv,역사관광,종교성지
양주,2023,3,2023-03,219,경기도,양주시,부부관광농원,6,양주 2023_03.csv,체험관광,농/산/어촌체험
양주,2023,3,2023-03,219,경기도,양주시,장흥버섯농장,6,양주 2023_03.csv,체험관광,농/산/어촌체험
양주,2023,3,2023-03,219,경기도,양주시,호국비룡사,6,양주 2023_03.csv,역사관광,종교성지
양주,2023,3,2023-03,219,경기도,양주시,황뱅이수변산책로,6,양주 2023_03.csv,레저스포츠,기타레저스포츠
양주,2023,3,2023-03,219,경기도,양주시,WJ복싱클럽고읍점,6,양주 2023_03.csv,레저스포츠,기타레저스포츠
양주,2023,3,2023-03,232,경기도,양주시,양주대모산성,5,양주 2023_03.csv,역사관광,역사유적지
양주,2023,3,2023-03,232,경기도,양주시,정절사,5,양주 2023_03.csv,역사관광,역사유물
양주,2023,3,2023-03,234,경기도,양주시,은현사,4,양주 2023_03.csv,역사관광,역사유적지
양주,2023,3,2023-03,234,경기도,양주시,더드림비비탄사격장,4,양주 2023_03.csv,레저스포츠,육상레저스포츠
양주,2023,3,2023-03,234,경기도,양주시,가나1아뜰리에,4,양주 2023_03.csv,문화관광,기타문화관광지
양주,2023,3,2023-03,234,경기도,양주시,조소앙선생기념공원,4,양주 2023_03.csv,문화관광,도시공원
양주,2023,3,2023-03,234,경기도,양주시,모자농원,4,양주 2023_03.csv,체험관광,농/산/어촌체험
양주,2023,3,2023-03,234,경기도,양주시,가래비빙벽장,4,양주 2023_03.csv,레저스포츠,기타레저스포츠
양주,2023,3,2023-03,234,경기도,양주시,오상갤러리,4,양주 2023_03.csv,문화관광,전시시설
양주,2023,3,2023-03,241,경기도,양주시,청산버섯농장,3,양주 2023_03.csv,체험관광,농/산/어촌체험
양주,2023,3,2023-03,241,경기도,양주시,장림고개,3,양주 2023_03.csv,자연관광,자연경관(산)
양주,2023,3,2023-03,241,경기도,양주시,몬스터프팅,3,양주 2023_03.csv,체험관광,공예체험
양주,2023,3,2023-03,241,경기도,양주시,이승욱갤러리왕의길,3,양주 2023_03.csv,문화관광,전시시설
양주,2023,3,2023-03,241,경기도,양주시,이수광선생묘,3,양주 2023_03.csv,역사관광,역사유적지
양주,2023,3,2023-03,241,경기도,양주시,기원정사,3,양주 2023_03.csv,역사관광,종교성지
양주,2023,3,2023-03,241,경기도,양주시,백수현전통가옥,3,양주 2023_03.csv,역사관광,역사유적지
양주,2023,3,2023-03,241,경기도,양주시,칠봉산천보터널방면,3,양주 2023_03.csv,자연관광,자연경관(산)
양주,2023,3,2023-03,241,경기도,양주시,신원스포츠산업,3,양주 2023_03.csv,레저스포츠,기타레저스포츠
양주,2023,3,2023-03,241,경기도,양주시,기산지,3,양주 2023_03.csv,자연관광,자연경관(하천/해양)
양주,2023,3,2023-03,241,경기도,양주시,777레지던스,3,양주 2023_03.csv,문화관광,전시시설
양주,2023,3,2023-03,241,경기도,양주시,마하보디사,3,양주 2023_03.csv,역사관광,종교성지
양주,2023,3,2023-03,241,경기도,양주시,봉암낚시터,3,양주 2023_03.csv,레저스포츠,수상레저스포츠
양주,2023,3,2023-03,241,경기도,양주시,북한산둘레길14구간,3,양주 2023_03.csv,레저스포츠,기타레저스포츠
양주,2023,3,2023-03,241,경기도,양주시,조이플랜트,3,양주 2023_03.csv,체험관광,농/산/어촌체험
양주,2023,3,2023-03,241,경기도,양주시,양주골김치체험박물관,3,양주 2023_03.csv,문화관광,전시시설
양주,2023,3,2023-03,241,경기도,양주시,고령산,3,양주 2023_03.csv,자연관광,자연경관(산)
양주,2023,3,2023-03,241,경기도,양주시,양주고읍유도체육관,3,양주 2023_03.csv,레저스포츠,기타레저스포츠
양주,2023,3,2023-03,241,경기도,양주시,디스코롤러장,3,양주 2023_03.csv,레저스포츠,육상레저스포츠
양주,2023,3,2023-03,241,경기도,양주시,황용목장,3,양주 2023_03.csv,체험관광,농/산/어촌체험
양주,2023,3,2023-03,241,경기도,양주시,그리다키즈카페,3,양주 2023_03.csv,문화관광,테마공원
양주,2023,4,2023-04,1,경기도,양주시,LF스퀘어양주점,11071,양주 2023_04.csv,쇼핑,쇼핑몰
양주,2023,4,2023-04,2,경기도,양주시,레이크우드CC,9275,양주 2023_04.csv,레저스포츠,육상레저스포츠
양주,2023,4,2023-04,3,경기도,양주시,송추CC,4339,양주 2023_04.csv,레저스포츠,육상레저스포츠
양주,2023,4,2023-04,4,경기도,양주시,옥정중앙공원,2937,양주 2023_04.csv,문화관광,도시공원
양주,2023,4,2023-04,5,경기도,양주시,두리랜드,2620,양주 2023_04.csv,문화관광,테마공원
양주,2023,4,2023-04,6,경기도,양주시,CGV양주옥정,2592,양주 2023_04.csv,문화관광,공연시설
양주,2023,4,2023-04,7,경기도,양주시,루이힐스CC,2570,양주 2023_04.csv,레저스포츠,육상레저스포츠
양주,2023,4,2023-04,8,경기도,양주시,회암사지박물관,2054,양주 2023_04.csv,문화관광,전시시설
양주,2023,4,2023-04,9,경기도,양주시,장흥관광지,1944,양주 2023_04.csv,문화관광,복합관광시설
양주,2023,4,2023-04,10,경기도,양주시,가나아트파크,1082,양주 2023_04.csv,문화관광,전시시설
양주,2023,4,2023-04,11,경기도,양주시,송추역,902,양주 2023_04.csv,기타관광,교통시설
양주,2023,4,2023-04,12,경기도,양주시,양주시립장욱진미술관,875,양주 2023_04.csv,문화관광,전시시설
양주,2023,4,2023-04,13,경기도,양주시,가래비장터,826,양주 2023_04.csv,쇼핑,시장
양주,2023,4,2023-04,14,경기도,양주시,백석생활체육공원,769,양주 2023_04.csv,문화관광,도시공원
양주,2023,4,2023-04,15,경기도,양주시,헤세의정원,701,양주 2023_04.csv,문화관광,기타문화관광지
양주,2023,4,2023-04,16,경기도,양주시,나리농원,690,양주 2023_04.csv,체험관광,농/산/어촌체험
양주,2023,4,2023-04,17,경기도,양주시,메가박스양주,657,양주 2023_04.csv,문화관광,공연시설
양주,2023,4,2023-04,18,경기도,양주시,남경수목원,643,양주 2023_04.csv,체험관광,농/산/어촌체험
양주,2023,4,2023-04,19,경기도,양주시,독바위공원,636,양주 2023_04.csv,문화관광,도시공원
양주,2023,4,2023-04,20,경기도,양주시,장흥자동차극장,634,양주 2023_04.csv,문화관광,공연시설
양주,2023,4,2023-04,21,경기도,양주시,고덕생활체육공원,605,양주 2023_04.csv,문화관광,도시공원
양주,2023,4,2023-04,22,경기도,양주시,국립아세안자연휴양림,587,양주 2023_04.csv,자연관광,자연공원
양주,2023,4,2023-04,23,경기도,양주시,칠봉산CC,574,양주 2023_04.csv,레저스포츠,육상레저스포츠
양주,2023,4,2023-04,24,경기도,양주시,양주별산대놀이마당,566,양주 2023_04.csv,문화관광,기타문화관광지
양주,2023,4,2023-04,25,경기도,양주시,회암사,506,양주 2023_04.csv,역사관광,종교성지
양주,2023,4,2023-04,26,경기도,양주시,멜버른승마장,501,양주 2023_04.csv,레저스포츠,육상레저스포츠
양주,2023,4,2023-04,27,경기도,양주시,장흥자생수목원,488,양주 2023_04.csv,자연관광,자연공원
양주,2023,4,2023-04,28,경기도,양주시,청련사,480,양주 2023_04.csv,역사관광,종교성지
양주,2023,4,2023-04,29,경기도,양주시,딱따구리청소년수련원,470,양주 2023_04.csv,레저스포츠,육상레저스포츠
양주,2023,4,2023-04,30,경기도,양주시,양주베이스볼파크,449,양주 2023_04.csv,문화관광,레저스포츠시설
양주,2023,4,2023-04,31,경기도,양주시,메가파크양주,441,양주 2023_04.csv,문화관광,테마공원
양주,2023,4,2023-04,32,경기도,양주시,일영역,439,양주 2023_04.csv,기타관광,교통시설
양주,2023,4,2023-04,33,경기도,양주시,TBS도봉산축구장,414,양주 2023_04.csv,문화관광,레저스포츠시설
양주,2023,4,2023-04,34,경기도,양주시,장자원낚시터,389,양주 2023_04.csv,레저스포츠,수상레저스포츠
양주,2023,4,2023-04,35,경기도,양주시,롯데시네마양주고읍 휴점,367,양주 2023_04.csv,문화관광,공연시설
양주,2023,4,2023-04,36,경기도,양주시,신암낚시터,358,양주 2023_04.csv,레저스포츠,수상레저스포츠
양주,2023,4,2023-04,37,경기도,양주시,스카이야구장,343,양주 2023_04.csv,문화관광,레저스포츠시설
양주,2023,4,2023-04,38,경기도,양주시,삼하낚시터,340,양주 2023_04.csv,레저스포츠,수상레저스포츠
양주,2023,4,2023-04,39,경기도,양주시,광백저수지,337,양주 2023_04.csv,자연관광,자연경관(하천/해양)
양주,2023,4,2023-04,40,경기도,양주시,후니버설스튜디오,323,양주 2023_04.csv,문화관광,전시시설
양주,2023,4,2023-04,40,경기도,양주시,장흥돌고개유원지,323,양주 2023_04.csv,문화관광,복합관광시설
양주,2023,4,2023-04,42,경기도,양주시,청암민속박물관,319,양주 2023_04.csv,문화관광,전시시설
양주,2023,4,2023-04,43,경기도,양주시,옥정체육공원축구장,312,양주 2023_04.csv,문화관광,레저스포츠시설
양주,2023,4,2023-04,44,경기도,양주시,VIP야구장,293,양주 2023_04.csv,문화관광,레저스포츠시설
양주,2023,4,2023-04,45,경기도,양주시,토도,287,양주 2023_04.csv,문화관광,테마공원
양주,2023,4,2023-04,46,경기도,양주시,송암스페이스센터,282,양주 2023_04.csv,기타관광,기타관광
양주,2023,4,2023-04,47,경기도,양주시,양주시승마장,264,양주 2023_04.csv,레저스포츠,육상레저스포츠
양주,2023,4,2023-04,48,경기도,양주시,세광사,261,양주 2023_04.csv,역사관광,종교성지
양주,2023,4,2023-04,49,경기도,양주시,EP베이스볼파크,254,양주 2023_04.csv,문화관광,레저스포츠시설
양주,2023,4,2023-04,50,경기도,양주시,양주팬텀실내풋살장,250,양주 2023_04.csv,레저스포츠,기타레저스포츠
양주,2023,4,2023-04,51,경기도,양주시,신천생활체육공원,249,양주 2023_04.csv,문화관광,도시공원
양주,2023,4,2023-04,52,경기도,양주시,송추팜,231,양주 2023_04.csv,체험관광,농/산/어촌체험
양주,2023,4,2023-04,53,경기도,양주시,ND야구장,223,양주 2023_04.csv,문화관광,레저스포츠시설
양주,2023,4,2023-04,54,경기도,양주시,양주풋살파크제1구장,218,양주 2023_04.csv,문화관광,레저스포츠시설
양주,2023,4,2023-04,55,경기도,양주시,공존풋살파크양주점,217,양주 2023_04.csv,문화관광,레저스포츠시설
양주,2023,4,2023-04,55,경기도,양주시,장흥축구장,217,양주 2023_04.csv,문화관광,레저스포츠시설
양주,2023,4,2023-04,57,경기도,양주시,덕계공원,212,양주 2023_04.csv,문화관광,도시공원
양주,2023,4,2023-04,58,경기도,양주시,양주시청소년수련원,206,양주 2023_04.csv,레저스포츠,육상레저스포츠
양주,2023,4,2023-04,59,경기도,양주시,더콕배드민턴레슨센터,201,양주 2023_04.csv,레저스포츠,기타레저스포츠
양주,2023,4,2023-04,60,경기도,양주시,광적생활체육공원축구장,191,양주 2023_04.csv,문화관광,레저스포츠시설
양주,2023,4,2023-04,60,경기도,양주시,대원정사,191,양주 2023_04.csv,역사관광,종교성지
양주,2023,4,2023-04,62,경기도,양주시,장흥조각공원,186,양주 2023_04.csv,문화관광,도시공원
양주,2023,4,2023-04,63,경기도,양주시,장흥야구장,185,양주 2023_04.csv,문화관광,레저스포츠시설
양주,2023,4,2023-04,64,경기도,양주시,북한산국립공원오봉탐방지원센터,178,양주 2023_04.csv,기타관광,기타관광
양주,2023,4,2023-04,65,경기도,양주시,장흥역,171,양주 2023_04.csv,기타관광,교통시설
양주,2023,4,2023-04,66,경기도,양주시,백석생활체육공원야구장,157,양주 2023_04.csv,문화관광,레저스포츠시설
양주,2023,4,2023-04,67,경기도,양주시,하나농원,151,양주 2023_04.csv,체험관광,농/산/어촌체험
양주,2023,4,2023-04,67,경기도,양주시,지장사,151,양주 2023_04.csv,역사관광,종교성지
양주,2023,4,2023-04,69,경기도,양주시,석굴암,148,양주 2023_04.csv,역사관광,종교성지
양주,2023,4,2023-04,70,경기도,양주시,조소앙선생기념관,139,양주 2023_04.csv,문화관광,전시시설
양주,2023,4,2023-04,71,경기도,양주시,무호정,135,양주 2023_04.csv,레저스포츠,육상레저스포츠
양주,2023,4,2023-04,72,경기도,양주시,고읍구장,131,양주 2023_04.csv,문화관광,레저스포츠시설
양주,2023,4,2023-04,73,경기도,양주시,송추원각사,123,양주 2023_04.csv,역사관광,종교성지
양주,2023,4,2023-04,74,경기도,양주시,티제이풋살파크,118,양주 2023_04.csv,레저스포츠,기타레저스포츠
양주,2023,4,2023-04,75,경기도,양주시,롤러몬스터,116,양주 2023_04.csv,레저스포츠,기타레저스포츠
양주,2023,4,2023-04,76,경기도,양주시,한국축구센터,111,양주 2023_04.csv,문화관광,레저스포츠시설
양주,2023,4,2023-04,77,경기도,양주시,원당낚시터,110,양주 2023_04.csv,레저스포츠,수상레저스포츠
양주,2023,4,2023-04,78,경기도,양주시,아름다운비행,109,양주 2023_04.csv,문화관광,전시시설
양주,2023,4,2023-04,79,경기도,양주시,북한산국립공원교현탐방지원센터,108,양주 2023_04.csv,기타관광,기타관광
양주,2023,4,2023-04,80,경기도,양주시,플레이랩양주점,107,양주 2023_04.csv,문화관광,테마공원
양주,2023,4,2023-04,81,경기도,양주시,신세계팩토리스토어양주점,103,양주 2023_04.csv,쇼핑,쇼핑몰
양주,2023,4,2023-04,82,경기도,양주시,안상철미술관,99,양주 2023_04.csv,문화관광,전시시설
양주,2023,4,2023-04,83,경기도,양주시,삼숭생활체육공원,98,양주 2023_04.csv,문화관광,도시공원
양주,2023,4,2023-04,84,경기도,양주시,베베앙쥬베이비카페옥정점,97,양주 2023_04.csv,문화관광,테마공원
양주,2023,4,2023-04,84,경기도,양주시,백석생활체육공원축구장,97,양주 2023_04.csv,문화관광,레저스포츠시설
양주,2023,4,2023-04,86,경기도,양주시,신흥레저타운,95,양주 2023_04.csv,레저스포츠,기타레저스포츠
양주,2023,4,2023-04,87,경기도,양주시,MBP리그,94,양주 2023_04.csv,문화관광,레저스포츠시설
양주,2023,4,2023-04,88,경기도,양주시,못말낚시터,93,양주 2023_04.csv,레저스포츠,수상레저스포츠
양주,2023,4,2023-04,89,경기도,양주시,광사낚시터,92,양주 2023_04.csv,레저스포츠,수상레저스포츠
양주,2023,4,2023-04,90,경기도,양주시,양주수산물시장,91,양주 2023_04.csv,쇼핑,시장
양주,2023,4,2023-04,91,경기도,양주시,그랜드유원지,90,양주 2023_04.csv,기타관광,기타관광
양주,2023,4,2023-04,92,경기도,양주시,씽씽롤러스케이트장,89,양주 2023_04.csv,레저스포츠,육상레저스포츠
양주,2023,4,2023-04,92,경기도,양주시,나리공원물놀이장,89,양주 2023_04.csv,문화관광,테마공원
양주,2023,4,2023-04,94,경기도,양주시,양주풋살파크제2구장,85,양주 2023_04.csv,레저스포츠,기타레저스포츠
양주,2023,4,2023-04,95,경기도,양주시,어둔리남방낚시터,77,양주 2023_04.csv,레저스포츠,수상레저스포츠
양주,2023,4,2023-04,96,경기도,양주시,육지장사,75,양주 2023_04.csv,역사관광,종교성지
양주,2023,4,2023-04,96,경기도,양주시,나리공원파크골프장,75,양주 2023_04.csv,레저스포츠,육상레저스포츠
양주,2023,4,2023-04,98,경기도,양주시,독바위공원인라인스케이트장,74,양주 2023_04.csv,레저스포츠,기타레저스포츠
양주,2023,4,2023-04,99,경기도,양주시,일영낚시터,73,양주 2023_04.csv,레저스포츠,수상레저스포츠
양주,2023,4,2023-04,100,경기도,양주시,프레리키즈카페양주옥정점,72,양주 2023_04.csv,문화관광,테마공원
양주,2023,4,2023-04,101,경기도,양주시,씨알농장,67,양주 2023_04.csv,체험관광,농/산/어촌체험
양주,2023,4,2023-04,101,경기도,양주시,연화사,67,양주 2023_04.csv,역사관광,종교성지
양주,2023,4,2023-04,103,경기도,양주시,원더풀키즈수영장,66,양주 2023_04.csv,문화관광,테마공원
양주,2023,4,2023-04,104,경기도,양주시,스트라이크존볼파크양주,65,양주 2023_04.csv,문화관광,레저스포츠시설
양주,2023,4,2023-04,105,경기도,양주시,타겟28실내양궁장,63,양주 2023_04.csv,레저스포츠,육상레저스포츠
양주,2023,4,2023-04,106,경기도,양주시,양주시립민복진미술관,62,양주 2023_04.csv,문화관광,전시시설
양주,2023,4,2023-04,107,경기도,양주시,홍죽산업단지근린공원,58,양주 2023_04.csv,문화관광,도시공원
양주,2023,4,2023-04,108,경기도,양주시,덕정시장,57,양주 2023_04.csv,쇼핑,시장
양주,2023,4,2023-04,109,경기도,양주시,백석배수지생활체육공원,56,양주 2023_04.csv,문화관광,도시공원
양주,2023,4,2023-04,110,경기도,양주시,백인걸선생묘,55,양주 2023_04.csv,역사관광,역사유적지
양주,2023,4,2023-04,110,경기도,양주시,나비랑키즈카페,55,양주 2023_04.csv,문화관광,테마공원
양주,2023,4,2023-04,112,경기도,양주시,장흥자연휴양림,51,양주 2023_04.csv,자연관광,자연공원
양주,2023,4,2023-04,113,경기도,양주시,양주향교,50,양주 2023_04.csv,역사관광,역사유적지
양주,2023,4,2023-04,114,경기도,양주시,은현피싱타운,49,양주 2023_04.csv,레저스포츠,수상레저스포츠
양주,2023,4,2023-04,114,경기도,양주시,칠봉산낚시터,49,양주 2023_04.csv,레저스포츠,수상레저스포츠
양주,2023,4,2023-04,114,경기도,양주시,양주천보산림욕장,49,양주 2023_04.csv,자연관광,자연공원
양주,2023,4,2023-04,117,경기도,양주시,화담정사,47,양주 2023_04.csv,역사관광,종교성지
양주,2023,4,2023-04,118,경기도,양주시,노고산주말농장,46,양주 2023_04.csv,체험관광,농/산/어촌체험
양주,2023,4,2023-04,118,경기도,양주시,위바운스,46,양주 2023_04.csv,문화관광,테마공원
양주,2023,4,2023-04,118,경기도,양주시,신천생활체육공원축구장,46,양주 2023_04.csv,문화관광,레저스포츠시설
양주,2023,4,2023-04,118,경기도,양주시,송추다보사,46,양주 2023_04.csv,역사관광,종교성지
양주,2023,4,2023-04,122,경기도,양주시,아지트배드민턴,43,양주 2023_04.csv,레저스포츠,기타레저스포츠
양주,2023,4,2023-04,123,경기도,양주시,삼훈행복농원,41,양주 2023_04.csv,체험관광,농/산/어촌체험
양주,2023,4,2023-04,123,경기도,양주시,비암사,41,양주 2023_04.csv,역사관광,종교성지
양주,2023,4,2023-04,125,경기도,양주시,송암천문대,39,양주 2023_04.csv,기타관광,기타관광
양주,2023,4,2023-04,126,경기도,양주시,강호이앤티,38,양주 2023_04.csv,레저스포츠,기타레저스포츠
양주,2023,4,2023-04,127,경기도,양주시,모자농원,37,양주 2023_04.csv,체험관광,농/산/어촌체험
양주,2023,4,2023-04,128,경기도,양주시,동산가든낚시터,36,양주 2023_04.csv,레저스포츠,수상레저스포츠
양주,2023,4,2023-04,129,경기도,양주시,효촌리낚시터,35,양주 2023_04.csv,레저스포츠,수상레저스포츠
양주,2023,4,2023-04,130,경기도,양주시,대승사,31,양주 2023_04.csv,역사관광,종교성지
양주,2023,4,2023-04,131,경기도,양주시,일영랜드수영장,30,양주 2023_04.csv,문화관광,테마공원
양주,2023,4,2023-04,132,경기도,양주시,꿈을그리다,29,양주 2023_04.csv,문화관광,테마공원
양주,2023,4,2023-04,132,경기도,양주시,가나2아뜰리에,29,양주 2023_04.csv,문화관광,기타문화관광지
양주,2023,4,2023-04,134,경기도,양주시,양주시티즌축구클럽,28,양주 2023_04.csv,문화관광,레저스포츠시설
양주,2023,4,2023-04,135,경기도,양주시,폴앤풀양주점,26,양주 2023_04.csv,문화관광,테마공원
양주,2023,4,2023-04,136,경기도,양주시,기산리유원지,25,양주 2023_04.csv,문화관광,복합관광시설
양주,2023,4,2023-04,136,경기도,양주시,살구골낚시터,25,양주 2023_04.csv,레저스포츠,수상레저스포츠
양주,2023,4,2023-04,136,경기도,양주시,스카이워터파크,25,양주 2023_04.csv,문화관광,테마공원
양주,2023,4,2023-04,139,경기도,양주시,오림피아수영장,23,양주 2023_04.csv,문화관광,테마공원
양주,2023,4,2023-04,140,경기도,양주시,정겨운농장,22,양주 2023_04.csv,체험관광,농/산/어촌체험
양주,2023,4,2023-04,140,경기도,양주시,777레지던스,22,양주 2023_04.csv,문화관광,전시시설
양주,2023,4,2023-04,142,경기도,양주시,해유령전첩지,20,양주 2023_04.csv,역사관광,역사유적지
양주,2023,4,2023-04,142,경기도,양주시,덕수레저타운,20,양주 2023_04.csv,레저스포츠,기타레저스포츠
양주,2023,4,2023-04,144,경기도,양주시,수월사,19,양주 2023_04.csv,역사관광,종교성지
양주,2023,4,2023-04,145,경기도,양주시,백석생활체육공원리틀야구장,18,양주 2023_04.csv,문화관광,레저스포츠시설
양주,2023,4,2023-04,146,경기도,양주시,조소앙선생기념공원,17,양주 2023_04.csv,문화관광,도시공원
양주,2023,4,2023-04,147,경기도,양주시,양주FC,16,양주 2023_04.csv,레저스포츠,기타레저스포츠
양주,2023,4,2023-04,148,경기도,양주시,봉우근린공원,15,양주 2023_04.csv,문화관광,도시공원
양주,2023,4,2023-04,148,경기도,양주시,가납시장,15,양주 2023_04.csv,쇼핑,시장
양주,2023,4,2023-04,150,경기도,양주시,각명사,14,양주 2023_04.csv,역사관광,종교성지
양주,2023,4,2023-04,151,경기도,양주시,동광정사,13,양주 2023_04.csv,역사관광,종교성지
양주,2023,4,2023-04,152,경기도,양주시,옥정탁구클럽,12,양주 2023_04.csv,레저스포츠,기타레저스포츠
양주,2023,4,2023-04,152,경기도,양주시,미라클피싱,12,양주 2023_04.csv,레저스포츠,수상레저스포츠
양주,2023,4,2023-04,154,경기도,양주시,진영농장,11,양주 2023_04.csv,체험관광,농/산/어촌체험
양주,2023,4,2023-04,154,경기도,양주시,양주산성야구장,11,양주 2023_04.csv,문화관광,레저스포츠시설
양주,2023,4,2023-04,154,경기도,양주시,스마트시티복합센터,11,양주 2023_04.csv,문화관광,기타문화관광지
양주,2023,4,2023-04,157,경기도,양주시,나누리근린공원,10,양주 2023_04.csv,문화관광,도시공원
양주,2023,4,2023-04,157,경기도,양주시,은현낚시터,10,양주 2023_04.csv,레저스포츠,수상레저스포츠
양주,2023,4,2023-04,157,경기도,양주시,꿈담교육농장,10,양주 2023_04.csv,체험관광,농/산/어촌체험
양주,2023,4,2023-04,157,경기도,양주시,천불사,10,양주 2023_04.csv,역사관광,종교성지
양주,2023,4,2023-04,161,경기도,양주시,토리근린공원,9,양주 2023_04.csv,문화관광,도시공원
양주,2023,4,2023-04,161,경기도,양주시,양주혁신리빙랩센터,9,양주 2023_04.csv,문화관광,기타문화관광지
양주,2023,4,2023-04,161,경기도,양주시,훈이네농원,9,양주 2023_04.csv,체험관광,농/산/어촌체험
양주,2023,4,2023-04,161,경기도,양주시,윤성에프앤비양주물류센터,9,양주 2023_04.csv,레저스포츠,수상레저스포츠
양주,2023,4,2023-04,161,경기도,양주시,양주조은농장,9,양주 2023_04.csv,체험관광,농/산/어촌체험
양주,2023,4,2023-04,161,경기도,양주시,호국비룡사,9,양주 2023_04.csv,역사관광,종교성지
양주,2023,4,2023-04,161,경기도,양주시,양주유수풀파크&바베큐장,9,양주 2023_04.csv,문화관광,테마공원
양주,2023,4,2023-04,161,경기도,양주시,가래비빙벽장,9,양주 2023_04.csv,레저스포츠,기타레저스포츠
양주,2023,4,2023-04,161,경기도,양주시,나눔갤러리블루,9,양주 2023_04.csv,문화관광,전시시설
양주,2023,4,2023-04,170,경기도,양주시,덕정소공원,8,양주 2023_04.csv,문화관광,도시공원
양주,2023,4,2023-04,170,경기도,양주시,옹달샘농원,8,양주 2023_04.csv,체험관광,농/산/어촌체험
양주,2023,4,2023-04,172,경기도,양주시,베베리베,7,양주 2023_04.csv,문화관광,테마공원
양주,2023,4,2023-04,172,경기도,양주시,WJ복싱클럽옥정점,7,양주 2023_04.csv,레저스포츠,기타레저스포츠
양주,2023,4,2023-04,172,경기도,양주시,에코야구장,7,양주 2023_04.csv,문화관광,레저스포츠시설
양주,2023,4,2023-04,175,경기도,양주시,원주목장,6,양주 2023_04.csv,체험관광,농/산/어촌체험
양주,2023,4,2023-04,175,경기도,양주시,아트휠즈,6,양주 2023_04.csv,레저스포츠,육상레저스포츠
양주,2023,4,2023-04,175,경기도,양주시,금빛갤러리,6,양주 2023_04.csv,문화관광,전시시설
양주,2023,4,2023-04,175,경기도,양주시,용암낚시터,6,양주 2023_04.csv,레저스포츠,수상레저스포츠
양주,2023,4,2023-04,175,경기도,양주시,윤근수사당,6,양주 2023_04.csv,역사관광,역사유적지
양주,2023,4,2023-04,175,경기도,양주시,보메기낚시터,6,양주 2023_04.csv,레저스포츠,수상레저스포츠
양주,2023,4,2023-04,175,경기도,양주시,양주남면의느티나무,6,양주 2023_04.csv,역사관광,역사유적지
양주,2023,4,2023-04,175,경기도,양주시,원학농장,6,양주 2023_04.csv,체험관광,농/산/어촌체험
양주,2023,4,2023-04,175,경기도,양주시,삼수니농장,6,양주 2023_04.csv,체험관광,농/산/어촌체험
양주,2023,4,2023-04,175,경기도,양주시,마하보디사,6,양주 2023_04.csv,역사관광,종교성지
양주,2023,4,2023-04,175,경기도,양주시,봉암낚시터,6,양주 2023_04.csv,레저스포츠,수상레저스포츠
양주,2023,4,2023-04,175,경기도,양주시,히든밸리송추,6,양주 2023_04.csv,문화관광,테마공원
양주,2023,4,2023-04,187,경기도,양주시,호국흥국사,5,양주 2023_04.csv,역사관광,종교성지
양주,2023,4,2023-04,188,경기도,양주시,제삼목장,4,양주 2023_04.csv,체험관광,농/산/어촌체험
양주,2023,4,2023-04,188,경기도,양주시,신산시장복합센터,4,양주 2023_04.csv,쇼핑,시장
양주,2023,4,2023-04,188,경기도,양주시,오운온세라믹스튜디오,4,양주 2023_04.csv,체험관광,공예체험
양주,2023,4,2023-04,188,경기도,양주시,리틀웨일키즈풀파티룸,4,양주 2023_04.csv,문화관광,테마공원
양주,2023,4,2023-04,188,경기도,양주시,기산낚시터,4,양주 2023_04.csv,레저스포츠,수상레저스포츠
양주,2023,4,2023-04,188,경기도,양주시,기원정사,4,양주 2023_04.csv,역사관광,종교성지
양주,2023,4,2023-04,188,경기도,양주시,맑은물농원,4,양주 2023_04.csv,체험관광,농/산/어촌체험
양주,2023,4,2023-04,188,경기도,양주시,영산법화사,4,양주 2023_04.csv,역사관광,종교성지
양주,2023,4,2023-04,188,경기도,양주시,디스코롤러장,4,양주 2023_04.csv,레저스포츠,육상레저스포츠
양주,2023,4,2023-04,188,경기도,양주시,월암사,4,양주 2023_04.csv,역사관광,종교성지
양주,2023,4,2023-04,198,경기도,양주시,익성농장,3,양주 2023_04.csv,체험관광,농/산/어촌체험
양주,2023,4,2023-04,198,경기도,양주시,남방어린이공원,3,양주 2023_04.csv,문화관광,도시공원
양주,2023,4,2023-04,198,경기도,양주시,모모앤던목공작업실,3,양주 2023_04.csv,체험관광,공예체험
양주,2023,4,2023-04,198,경기도,양주시,가나1아뜰리에,3,양주 2023_04.csv,문화관광,기타문화관광지
양주,2023,4,2023-04,198,경기도,양주시,이승욱갤러리왕의길,3,양주 2023_04.csv,문화관광,전시시설
양주,2023,4,2023-04,198,경기도,양주시,천보산낚시터,3,양주 2023_04.csv,레저스포츠,수상레저스포츠
양주,2023,4,2023-04,198,경기도,양주시,자비식물원,3,양주 2023_04.csv,문화관광,테마공원
양주,2023,4,2023-04,198,경기도,양주시,제6어린이공원,3,양주 2023_04.csv,문화관광,도시공원
양주,2023,4,2023-04,198,경기도,양주시,양주시 현충탑,3,양주 2023_04.csv,역사관광,역사유물
양주,2023,4,2023-04,198,경기도,양주시,고려대학교축구장,3,양주 2023_04.csv,문화관광,레저스포츠시설
양주,2023,4,2023-04,198,경기도,양주시,북한산송추자연관찰로,3,양주 2023_04.csv,문화관광,도시/지역문화관광
양주,2023,4,2023-04,198,경기도,양주시,청미원눈썰매장,3,양주 2023_04.csv,레저스포츠,육상레저스포츠
양주,2023,4,2023-04,198,경기도,양주시,장흥버섯농장,3,양주 2023_04.csv,체험관광,농/산/어촌체험
양주,2023,4,2023-04,198,경기도,양주시,송학농장,3,양주 2023_04.csv,체험관광,농/산/어촌체험
양주,2023,4,2023-04,198,경기도,양주시,평강수산,3,양주 2023_04.csv,쇼핑,시장
양주,2023,4,2023-04,198,경기도,양주시,도봉산체육시설,3,양주 2023_04.csv,레저스포츠,기타레저스포츠
양주,2023,4,2023-04,198,경기도,양주시,두래농원,3,양주 2023_04.csv,체험관광,농/산/어촌체험
양주,2023,4,2023-04,198,경기도,양주시,해마루농원,3,양주 2023_04.csv,체험관광,농/산/어촌체험
양주,2023,4,2023-04,198,경기도,양주시,묵남지,3,양주 2023_04.csv,자연관광,자연경관(하천/해양)
양주,2023,4,2023-04,198,경기도,양주시,군남농장,3,양주 2023_04.csv,체험관광,농/산/어촌체험
양주,2023,4,2023-04,198,경기도,양주시,양주골김치체험박물관,3,양주 2023_04.csv,문화관광,전시시설
양주,2023,4,2023-04,198,경기도,양주시,선그로원예,3,양주 2023_04.csv,체험관광,농/산/어촌체험
양주,2023,4,2023-04,198,경기도,양주시,보타사,3,양주 2023_04.csv,역사관광,종교성지
양주,2023,4,2023-04,198,경기도,양주시,송추자연학습원,3,양주 2023_04.csv,기타관광,기타관광
양주,2023,5,2023-05,1,경기도,양주시,LF스퀘어양주점,11227,양주 2023_05.csv,쇼핑,쇼핑몰
양주,2023,5,2023-05,2,경기도,양주시,레이크우드CC,8101,양주 2023_05.csv,레저스포츠,육상레저스포츠
양주,2023,5,2023-05,3,경기도,양주시,송추CC,4169,양주 2023_05.csv,레저스포츠,육상레저스포츠
양주,2023,5,2023-05,4,경기도,양주시,회암사지박물관,4029,양주 2023_05.csv,문화관광,전시시설
양주,2023,5,2023-05,5,경기도,양주시,두리랜드,3458,양주 2023_05.csv,문화관광,테마공원
양주,2023,5,2023-05,6,경기도,양주시,CGV양주옥정,3120,양주 2023_05.csv,문화관광,공연시설
양주,2023,5,2023-05,7,경기도,양주시,옥정중앙공원,2816,양주 2023_05.csv,문화관광,도시공원
양주,2023,5,2023-05,8,경기도,양주시,루이힐스CC,2654,양주 2023_05.csv,레저스포츠,육상레저스포츠
양주,2023,5,2023-05,9,경기도,양주시,장흥관광지,1967,양주 2023_05.csv,문화관광,복합관광시설
양주,2023,5,2023-05,10,경기도,양주시,가나아트파크,1056,양주 2023_05.csv,문화관광,전시시설
양주,2023,5,2023-05,11,경기도,양주시,메가박스양주,938,양주 2023_05.csv,문화관광,공연시설
양주,2023,5,2023-05,12,경기도,양주시,송추역,930,양주 2023_05.csv,기타관광,교통시설
양주,2023,5,2023-05,13,경기도,양주시,가래비장터,835,양주 2023_05.csv,쇼핑,시장
양주,2023,5,2023-05,14,경기도,양주시,청련사,774,양주 2023_05.csv,역사관광,종교성지
양주,2023,5,2023-05,15,경기도,양주시,백석생활체육공원,759,양주 2023_05.csv,문화관광,도시공원
양주,2023,5,2023-05,16,경기도,양주시,회암사,732,양주 2023_05.csv,역사관광,종교성지
양주,2023,5,2023-05,17,경기도,양주시,장흥자동차극장,729,양주 2023_05.csv,문화관광,공연시설
양주,2023,5,2023-05,18,경기도,양주시,헤세의정원,701,양주 2023_05.csv,문화관광,기타문화관광지
양주,2023,5,2023-05,19,경기도,양주시,국립아세안자연휴양림,678,양주 2023_05.csv,자연관광,자연공원
양주,2023,5,2023-05,20,경기도,양주시,양주시립장욱진미술관,676,양주 2023_05.csv,문화관광,전시시설
양주,2023,5,2023-05,21,경기도,양주시,고덕생활체육공원,596,양주 2023_05.csv,문화관광,도시공원
양주,2023,5,2023-05,22,경기도,양주시,나리농원,595,양주 2023_05.csv,체험관광,농/산/어촌체험
양주,2023,5,2023-05,23,경기도,양주시,칠봉산CC,556,양주 2023_05.csv,레저스포츠,육상레저스포츠
양주,2023,5,2023-05,24,경기도,양주시,독바위공원,554,양주 2023_05.csv,문화관광,도시공원
양주,2023,5,2023-05,25,경기도,양주시,메가파크양주,550,양주 2023_05.csv,문화관광,테마공원
양주,2023,5,2023-05,26,경기도,양주시,TBS도봉산축구장,543,양주 2023_05.csv,문화관광,레저스포츠시설
양주,2023,5,2023-05,27,경기도,양주시,양주별산대놀이마당,523,양주 2023_05.csv,문화관광,기타문화관광지
양주,2023,5,2023-05,28,경기도,양주시,장흥자생수목원,514,양주 2023_05.csv,자연관광,자연공원
양주,2023,5,2023-05,29,경기도,양주시,남경수목원,495,양주 2023_05.csv,체험관광,농/산/어촌체험
양주,2023,5,2023-05,30,경기도,양주시,딱따구리청소년수련원,484,양주 2023_05.csv,레저스포츠,육상레저스포츠
양주,2023,5,2023-05,31,경기도,양주시,장자원낚시터,481,양주 2023_05.csv,레저스포츠,수상레저스포츠
양주,2023,5,2023-05,32,경기도,양주시,신암낚시터,455,양주 2023_05.csv,레저스포츠,수상레저스포츠
양주,2023,5,2023-05,33,경기도,양주시,멜버른승마장,445,양주 2023_05.csv,레저스포츠,육상레저스포츠
양주,2023,5,2023-05,34,경기도,양주시,일영역,429,양주 2023_05.csv,기타관광,교통시설
양주,2023,5,2023-05,35,경기도,양주시,광백저수지,420,양주 2023_05.csv,자연관광,자연경관(하천/해양)
양주,2023,5,2023-05,36,경기도,양주시,토도,350,양주 2023_05.csv,문화관광,테마공원
양주,2023,5,2023-05,37,경기도,양주시,청암민속박물관,341,양주 2023_05.csv,문화관광,전시시설
양주,2023,5,2023-05,38,경기도,양주시,삼하낚시터,324,양주 2023_05.csv,레저스포츠,수상레저스포츠
양주,2023,5,2023-05,39,경기도,양주시,양주팬텀실내풋살장,317,양주 2023_05.csv,레저스포츠,기타레저스포츠
양주,2023,5,2023-05,40,경기도,양주시,신천생활체육공원,313,양주 2023_05.csv,문화관광,도시공원
양주,2023,5,2023-05,41,경기도,양주시,지장사,310,양주 2023_05.csv,역사관광,종교성지
양주,2023,5,2023-05,42,경기도,양주시,롯데시네마양주고읍 휴점,309,양주 2023_05.csv,문화관광,공연시설
양주,2023,5,2023-05,43,경기도,양주시,양주시청소년수련원,294,양주 2023_05.csv,레저스포츠,육상레저스포츠
양주,2023,5,2023-05,44,경기도,양주시,양주베이스볼파크,289,양주 2023_05.csv,문화관광,레저스포츠시설
양주,2023,5,2023-05,45,경기도,양주시,양주시승마장,285,양주 2023_05.csv,레저스포츠,육상레저스포츠
양주,2023,5,2023-05,46,경기도,양주시,장흥돌고개유원지,284,양주 2023_05.csv,문화관광,복합관광시설
양주,2023,5,2023-05,47,경기도,양주시,석굴암,277,양주 2023_05.csv,역사관광,종교성지
양주,2023,5,2023-05,48,경기도,양주시,스카이야구장,255,양주 2023_05.csv,문화관광,레저스포츠시설
양주,2023,5,2023-05,49,경기도,양주시,옥정체육공원축구장,245,양주 2023_05.csv,문화관광,레저스포츠시설
양주,2023,5,2023-05,50,경기도,양주시,공존풋살파크양주점,244,양주 2023_05.csv,문화관광,레저스포츠시설
양주,2023,5,2023-05,51,경기도,양주시,송암스페이스센터,227,양주 2023_05.csv,기타관광,기타관광
양주,2023,5,2023-05,52,경기도,양주시,덕계공원,226,양주 2023_05.csv,문화관광,도시공원
양주,2023,5,2023-05,53,경기도,양주시,VIP야구장,222,양주 2023_05.csv,문화관광,레저스포츠시설
양주,2023,5,2023-05,54,경기도,양주시,장흥축구장,221,양주 2023_05.csv,문화관광,레저스포츠시설
양주,2023,5,2023-05,55,경기도,양주시,그랜드유원지,219,양주 2023_05.csv,기타관광,기타관광
양주,2023,5,2023-05,56,경기도,양주시,EP베이스볼파크,206,양주 2023_05.csv,문화관광,레저스포츠시설
양주,2023,5,2023-05,57,경기도,양주시,대원정사,198,양주 2023_05.csv,역사관광,종교성지
양주,2023,5,2023-05,57,경기도,양주시,고읍구장,198,양주 2023_05.csv,문화관광,레저스포츠시설
양주,2023,5,2023-05,59,경기도,양주시,화담정사,197,양주 2023_05.csv,역사관광,종교성지
양주,2023,5,2023-05,60,경기도,양주시,더콕배드민턴레슨센터,189,양주 2023_05.csv,레저스포츠,기타레저스포츠
양주,2023,5,2023-05,61,경기도,양주시,양주풋살파크제1구장,182,양주 2023_05.csv,문화관광,레저스포츠시설
양주,2023,5,2023-05,62,경기도,양주시,세광사,170,양주 2023_05.csv,역사관광,종교성지
양주,2023,5,2023-05,63,경기도,양주시,장흥역,160,양주 2023_05.csv,기타관광,교통시설
양주,2023,5,2023-05,64,경기도,양주시,ND야구장,156,양주 2023_05.csv,문화관광,레저스포츠시설
양주,2023,5,2023-05,65,경기도,양주시,MBP리그,155,양주 2023_05.csv,문화관광,레저스포츠시설
양주,2023,5,2023-05,66,경기도,양주시,롤러몬스터,154,양주 2023_05.csv,레저스포츠,기타레저스포츠
양주,2023,5,2023-05,67,경기도,양주시,후니버설스튜디오,153,양주 2023_05.csv,문화관광,전시시설
양주,2023,5,2023-05,68,경기도,양주시,티제이풋살파크,149,양주 2023_05.csv,레저스포츠,기타레저스포츠
양주,2023,5,2023-05,69,경기도,양주시,백석생활체육공원야구장,139,양주 2023_05.csv,문화관광,레저스포츠시설
양주,2023,5,2023-05,70,경기도,양주시,연화사,135,양주 2023_05.csv,역사관광,종교성지
양주,2023,5,2023-05,71,경기도,양주시,대승사,133,양주 2023_05.csv,역사관광,종교성지
양주,2023,5,2023-05,71,경기도,양주시,나리공원파크골프장,133,양주 2023_05.csv,레저스포츠,육상레저스포츠
양주,2023,5,2023-05,73,경기도,양주시,장흥야구장,131,양주 2023_05.csv,문화관광,레저스포츠시설
양주,2023,5,2023-05,74,경기도,양주시,북한산국립공원오봉탐방지원센터,130,양주 2023_05.csv,기타관광,기타관광
양주,2023,5,2023-05,75,경기도,양주시,신흥레저타운,126,양주 2023_05.csv,레저스포츠,기타레저스포츠
양주,2023,5,2023-05,76,경기도,양주시,육지장사,123,양주 2023_05.csv,역사관광,종교성지
양주,2023,5,2023-05,77,경기도,양주시,씽씽롤러스케이트장,122,양주 2023_05.csv,레저스포츠,육상레저스포츠
양주,2023,5,2023-05,78,경기도,양주시,양주수산물시장,121,양주 2023_05.csv,쇼핑,시장
양주,2023,5,2023-05,79,경기도,양주시,광적생활체육공원축구장,115,양주 2023_05.csv,문화관광,레저스포츠시설
양주,2023,5,2023-05,80,경기도,양주시,베베앙쥬베이비카페옥정점,113,양주 2023_05.csv,문화관광,테마공원
양주,2023,5,2023-05,81,경기도,양주시,장흥조각공원,108,양주 2023_05.csv,문화관광,도시공원
양주,2023,5,2023-05,82,경기도,양주시,송추원각사,106,양주 2023_05.csv,역사관광,종교성지
양주,2023,5,2023-05,83,경기도,양주시,못말낚시터,105,양주 2023_05.csv,레저스포츠,수상레저스포츠
양주,2023,5,2023-05,84,경기도,양주시,아름다운비행,101,양주 2023_05.csv,문화관광,전시시설
양주,2023,5,2023-05,84,경기도,양주시,북한산국립공원교현탐방지원센터,101,양주 2023_05.csv,기타관광,기타관광
양주,2023,5,2023-05,84,경기도,양주시,조소앙선생기념관,101,양주 2023_05.csv,문화관광,전시시설
양주,2023,5,2023-05,87,경기도,양주시,플레이랩양주점,100,양주 2023_05.csv,문화관광,테마공원
양주,2023,5,2023-05,88,경기도,양주시,한국축구센터,96,양주 2023_05.csv,문화관광,레저스포츠시설
양주,2023,5,2023-05,89,경기도,양주시,칠봉산낚시터,90,양주 2023_05.csv,레저스포츠,수상레저스포츠
양주,2023,5,2023-05,89,경기도,양주시,양주천보산림욕장,90,양주 2023_05.csv,자연관광,자연공원
양주,2023,5,2023-05,91,경기도,양주시,백석생활체육공원축구장,86,양주 2023_05.csv,문화관광,레저스포츠시설
양주,2023,5,2023-05,92,경기도,양주시,일영낚시터,85,양주 2023_05.csv,레저스포츠,수상레저스포츠
양주,2023,5,2023-05,92,경기도,양주시,광사낚시터,85,양주 2023_05.csv,레저스포츠,수상레저스포츠
양주,2023,5,2023-05,94,경기도,양주시,독바위공원인라인스케이트장,83,양주 2023_05.csv,레저스포츠,기타레저스포츠
양주,2023,5,2023-05,95,경기도,양주시,안상철미술관,81,양주 2023_05.csv,문화관광,전시시설
양주,2023,5,2023-05,95,경기도,양주시,신천생활체육공원축구장,81,양주 2023_05.csv,문화관광,레저스포츠시설
양주,2023,5,2023-05,97,경기도,양주시,홍죽산업단지근린공원,80,양주 2023_05.csv,문화관광,도시공원
양주,2023,5,2023-05,97,경기도,양주시,씨알농장,80,양주 2023_05.csv,체험관광,농/산/어촌체험
양주,2023,5,2023-05,99,경기도,양주시,양주풋살파크제2구장,79,양주 2023_05.csv,레저스포츠,기타레저스포츠
양주,2023,5,2023-05,99,경기도,양주시,신세계팩토리스토어양주점,79,양주 2023_05.csv,쇼핑,쇼핑몰
양주,2023,5,2023-05,99,경기도,양주시,프레리키즈카페양주옥정점,79,양주 2023_05.csv,문화관광,테마공원
양주,2023,5,2023-05,102,경기도,양주시,타겟28실내양궁장,77,양주 2023_05.csv,레저스포츠,육상레저스포츠
양주,2023,5,2023-05,103,경기도,양주시,가나1아뜰리에,75,양주 2023_05.csv,문화관광,기타문화관광지
양주,2023,5,2023-05,104,경기도,양주시,노고산주말농장,73,양주 2023_05.csv,체험관광,농/산/어촌체험
양주,2023,5,2023-05,105,경기도,양주시,백석배수지생활체육공원,72,양주 2023_05.csv,문화관광,도시공원
양주,2023,5,2023-05,105,경기도,양주시,나리공원물놀이장,72,양주 2023_05.csv,문화관광,테마공원
양주,2023,5,2023-05,107,경기도,양주시,히든밸리송추,68,양주 2023_05.csv,문화관광,테마공원
양주,2023,5,2023-05,108,경기도,양주시,삼숭생활체육공원,62,양주 2023_05.csv,문화관광,도시공원
양주,2023,5,2023-05,109,경기도,양주시,나비랑키즈카페,61,양주 2023_05.csv,문화관광,테마공원
양주,2023,5,2023-05,110,경기도,양주시,은현피싱타운,59,양주 2023_05.csv,레저스포츠,수상레저스포츠
양주,2023,5,2023-05,111,경기도,양주시,양주향교,58,양주 2023_05.csv,역사관광,역사유적지
양주,2023,5,2023-05,112,경기도,양주시,위바운스,57,양주 2023_05.csv,문화관광,테마공원
양주,2023,5,2023-05,113,경기도,양주시,덕정시장,53,양주 2023_05.csv,쇼핑,시장
양주,2023,5,2023-05,113,경기도,양주시,효촌리낚시터,53,양주 2023_05.csv,레저스포츠,수상레저스포츠
양주,2023,5,2023-05,113,경기도,양주시,스트라이크존볼파크양주,53,양주 2023_05.csv,문화관광,레저스포츠시설
양주,2023,5,2023-05,113,경기도,양주시,가나2아뜰리에,53,양주 2023_05.csv,문화관광,기타문화관광지
양주,2023,5,2023-05,117,경기도,양주시,777레지던스,52,양주 2023_05.csv,문화관광,전시시설
양주,2023,5,2023-05,118,경기도,양주시,어둔리남방낚시터,51,양주 2023_05.csv,레저스포츠,수상레저스포츠
양주,2023,5,2023-05,118,경기도,양주시,일영랜드수영장,51,양주 2023_05.csv,문화관광,테마공원
양주,2023,5,2023-05,118,경기도,양주시,송추다보사,51,양주 2023_05.csv,역사관광,종교성지
양주,2023,5,2023-05,121,경기도,양주시,양주FC,48,양주 2023_05.csv,레저스포츠,기타레저스포츠
양주,2023,5,2023-05,122,경기도,양주시,수월사,44,양주 2023_05.csv,역사관광,종교성지
양주,2023,5,2023-05,122,경기도,양주시,원더풀키즈수영장,44,양주 2023_05.csv,문화관광,테마공원
양주,2023,5,2023-05,124,경기도,양주시,양주시립민복진미술관,43,양주 2023_05.csv,문화관광,전시시설
양주,2023,5,2023-05,125,경기도,양주시,원당낚시터,42,양주 2023_05.csv,레저스포츠,수상레저스포츠
양주,2023,5,2023-05,126,경기도,양주시,동산가든낚시터,40,양주 2023_05.csv,레저스포츠,수상레저스포츠
양주,2023,5,2023-05,127,경기도,양주시,장흥자연휴양림,38,양주 2023_05.csv,자연관광,자연공원
양주,2023,5,2023-05,127,경기도,양주시,양주유수풀파크&바베큐장,38,양주 2023_05.csv,문화관광,테마공원
양주,2023,5,2023-05,129,경기도,양주시,스마트시티복합센터,36,양주 2023_05.csv,문화관광,기타문화관광지
양주,2023,5,2023-05,129,경기도,양주시,영산법화사,36,양주 2023_05.csv,역사관광,종교성지
양주,2023,5,2023-05,129,경기도,양주시,신상호스튜디오,36,양주 2023_05.csv,문화관광,전시시설
양주,2023,5,2023-05,132,경기도,양주시,아지트배드민턴,34,양주 2023_05.csv,레저스포츠,기타레저스포츠
양주,2023,5,2023-05,133,경기도,양주시,꿈을그리다,32,양주 2023_05.csv,문화관광,테마공원
양주,2023,5,2023-05,133,경기도,양주시,오림피아수영장,32,양주 2023_05.csv,문화관광,테마공원
양주,2023,5,2023-05,135,경기도,양주시,강호이앤티,31,양주 2023_05.csv,레저스포츠,기타레저스포츠
양주,2023,5,2023-05,136,경기도,양주시,백인걸선생묘,30,양주 2023_05.csv,역사관광,역사유적지
양주,2023,5,2023-05,137,경기도,양주시,봉우근린공원,29,양주 2023_05.csv,문화관광,도시공원
양주,2023,5,2023-05,138,경기도,양주시,덕수레저타운,28,양주 2023_05.csv,레저스포츠,기타레저스포츠
양주,2023,5,2023-05,139,경기도,양주시,은현낚시터,27,양주 2023_05.csv,레저스포츠,수상레저스포츠
양주,2023,5,2023-05,139,경기도,양주시,송암천문대,27,양주 2023_05.csv,기타관광,기타관광
양주,2023,5,2023-05,141,경기도,양주시,고려대학교축구장,26,양주 2023_05.csv,문화관광,레저스포츠시설
양주,2023,5,2023-05,141,경기도,양주시,살구골낚시터,26,양주 2023_05.csv,레저스포츠,수상레저스포츠
양주,2023,5,2023-05,143,경기도,양주시,송암사,25,양주 2023_05.csv,역사관광,종교성지
양주,2023,5,2023-05,144,경기도,양주시,용암낚시터,24,양주 2023_05.csv,레저스포츠,수상레저스포츠
양주,2023,5,2023-05,144,경기도,양주시,무호정,24,양주 2023_05.csv,레저스포츠,육상레저스포츠
양주,2023,5,2023-05,144,경기도,양주시,봉암낚시터,24,양주 2023_05.csv,레저스포츠,수상레저스포츠
양주,2023,5,2023-05,144,경기도,양주시,보타사,24,양주 2023_05.csv,역사관광,종교성지
양주,2023,5,2023-05,148,경기도,양주시,각명사,23,양주 2023_05.csv,역사관광,종교성지
양주,2023,5,2023-05,148,경기도,양주시,삼훈행복농원,23,양주 2023_05.csv,체험관광,농/산/어촌체험
양주,2023,5,2023-05,150,경기도,양주시,모자농원,21,양주 2023_05.csv,체험관광,농/산/어촌체험
양주,2023,5,2023-05,150,경기도,양주시,에코야구장,21,양주 2023_05.csv,문화관광,레저스포츠시설
양주,2023,5,2023-05,152,경기도,양주시,하나농원,20,양주 2023_05.csv,체험관광,농/산/어촌체험
양주,2023,5,2023-05,153,경기도,양주시,옥정탁구클럽,19,양주 2023_05.csv,레저스포츠,기타레저스포츠
양주,2023,5,2023-05,153,경기도,양주시,양주시티즌축구클럽,19,양주 2023_05.csv,문화관광,레저스포츠시설
양주,2023,5,2023-05,155,경기도,양주시,나누리근린공원,17,양주 2023_05.csv,문화관광,도시공원
양주,2023,5,2023-05,156,경기도,양주시,아트휠즈,16,양주 2023_05.csv,레저스포츠,육상레저스포츠
양주,2023,5,2023-05,156,경기도,양주시,양주골김치체험박물관,16,양주 2023_05.csv,문화관광,전시시설
양주,2023,5,2023-05,156,경기도,양주시,백석생활체육공원리틀야구장,16,양주 2023_05.csv,문화관광,레저스포츠시설
양주,2023,5,2023-05,159,경기도,양주시,원학농장,15,양주 2023_05.csv,체험관광,농/산/어촌체험
양주,2023,5,2023-05,160,경기도,양주시,해유령전첩지,14,양주 2023_05.csv,역사관광,역사유적지
양주,2023,5,2023-05,160,경기도,양주시,조소앙선생기념공원,14,양주 2023_05.csv,문화관광,도시공원
양주,2023,5,2023-05,160,경기도,양주시,스카이워터파크,14,양주 2023_05.csv,문화관광,테마공원
양주,2023,5,2023-05,160,경기도,양주시,나눔갤러리블루,14,양주 2023_05.csv,문화관광,전시시설
양주,2023,5,2023-05,164,경기도,양주시,기원정사,13,양주 2023_05.csv,역사관광,종교성지
양주,2023,5,2023-05,165,경기도,양주시,기산리유원지,12,양주 2023_05.csv,문화관광,복합관광시설
양주,2023,5,2023-05,165,경기도,양주시,본주짓수회천점,12,양주 2023_05.csv,레저스포츠,기타레저스포츠
양주,2023,5,2023-05,165,경기도,양주시,광운정사,12,양주 2023_05.csv,역사관광,종교성지
양주,2023,5,2023-05,168,경기도,양주시,한승농장,11,양주 2023_05.csv,체험관광,농/산/어촌체험
양주,2023,5,2023-05,168,경기도,양주시,베베리베,11,양주 2023_05.csv,문화관광,테마공원
양주,2023,5,2023-05,168,경기도,양주시,선그로원예,11,양주 2023_05.csv,체험관광,농/산/어촌체험
양주,2023,5,2023-05,168,경기도,양주시,영풍농장,11,양주 2023_05.csv,체험관광,농/산/어촌체험
양주,2023,5,2023-05,172,경기도,양주시,리틀웨일키즈풀파티룸,10,양주 2023_05.csv,문화관광,테마공원
양주,2023,5,2023-05,172,경기도,양주시,폴앤풀양주점,10,양주 2023_05.csv,문화관광,테마공원
양주,2023,5,2023-05,172,경기도,양주시,연화사,10,양주 2023_05.csv,역사관광,종교성지
양주,2023,5,2023-05,172,경기도,양주시,호국비룡사,10,양주 2023_05.csv,역사관광,종교성지
양주,2023,5,2023-05,172,경기도,양주시,월암사,10,양주 2023_05.csv,역사관광,종교성지
양주,2023,5,2023-05,177,경기도,양주시,천마사,9,양주 2023_05.csv,역사관광,종교성지
양주,2023,5,2023-05,177,경기도,양주시,비암사,9,양주 2023_05.csv,역사관광,종교성지
양주,2023,5,2023-05,179,경기도,양주시,양주농부이범석,8,양주 2023_05.csv,체험관광,농/산/어촌체험
양주,2023,5,2023-05,180,경기도,양주시,윤성에프앤비양주물류센터,7,양주 2023_05.csv,레저스포츠,수상레저스포츠
양주,2023,5,2023-05,180,경기도,양주시,정겨운농장,7,양주 2023_05.csv,체험관광,농/산/어촌체험
양주,2023,5,2023-05,180,경기도,양주시,가납시장,7,양주 2023_05.csv,쇼핑,시장
양주,2023,5,2023-05,183,경기도,양주시,금빛갤러리,6,양주 2023_05.csv,문화관광,전시시설
양주,2023,5,2023-05,183,경기도,양주시,보메기낚시터,6,양주 2023_05.csv,레저스포츠,수상레저스포츠
양주,2023,5,2023-05,183,경기도,양주시,둘리스케이트장,6,양주 2023_05.csv,레저스포츠,육상레저스포츠
양주,2023,5,2023-05,183,경기도,양주시,마하보디사,6,양주 2023_05.csv,역사관광,종교성지
양주,2023,5,2023-05,183,경기도,양주시,효진푸드,6,양주 2023_05.csv,쇼핑,시장
양주,2023,5,2023-05,183,경기도,양주시,묵남지,6,양주 2023_05.csv,자연관광,자연경관(하천/해양)
양주,2023,5,2023-05,183,경기도,양주시,군남농장,6,양주 2023_05.csv,체험관광,농/산/어촌체험
양주,2023,5,2023-05,183,경기도,양주시,금륜정사,6,양주 2023_05.csv,역사관광,종교성지
양주,2023,5,2023-05,183,경기도,양주시,디스코롤러장,6,양주 2023_05.csv,레저스포츠,육상레저스포츠
양주,2023,5,2023-05,183,경기도,양주시,오상갤러리,6,양주 2023_05.csv,문화관광,전시시설
양주,2023,5,2023-05,193,경기도,양주시,양주울대고개순직경찰관추도비,5,양주 2023_05.csv,역사관광,역사유물
양주,2023,5,2023-05,193,경기도,양주시,해마루농원,5,양주 2023_05.csv,체험관광,농/산/어촌체험
양주,2023,5,2023-05,195,경기도,양주시,양주혁신리빙랩센터,4,양주 2023_05.csv,문화관광,기타문화관광지
양주,2023,5,2023-05,195,경기도,양주시,혜암정사,4,양주 2023_05.csv,역사관광,종교성지
양주,2023,5,2023-05,195,경기도,양주시,양주산성야구장,4,양주 2023_05.csv,문화관광,레저스포츠시설
양주,2023,5,2023-05,195,경기도,양주시,무량사,4,양주 2023_05.csv,역사관광,종교성지
양주,2023,5,2023-05,199,경기도,양주시,체형교정연구소바르다,3,양주 2023_05.csv,레저스포츠,기타레저스포츠
양주,2023,5,2023-05,199,경기도,양주시,호국흥국사,3,양주 2023_05.csv,역사관광,종교성지
양주,2023,5,2023-05,199,경기도,양주시,원주목장,3,양주 2023_05.csv,체험관광,농/산/어촌체험
양주,2023,5,2023-05,199,경기도,양주시,farm5150,3,양주 2023_05.csv,체험관광,공예체험
양주,2023,5,2023-05,199,경기도,양주시,보현사,3,양주 2023_05.csv,역사관광,종교성지
양주,2023,5,2023-05,199,경기도,양주시,나리다육,3,양주 2023_05.csv,체험관광,농/산/어촌체험
양주,2023,5,2023-05,199,경기도,양주시,기산낚시터,3,양주 2023_05.csv,레저스포츠,수상레저스포츠
양주,2023,5,2023-05,199,경기도,양주시,훈이네농원,3,양주 2023_05.csv,체험관광,농/산/어촌체험
양주,2023,5,2023-05,199,경기도,양주시,회암사지부도탑,3,양주 2023_05.csv,역사관광,역사유적지
양주,2023,5,2023-05,199,경기도,양주시,이준선생묘,3,양주 2023_05.csv,역사관광,역사유적지
양주,2023,5,2023-05,199,경기도,양주시,대장금눈썰매장,3,양주 2023_05.csv,레저스포츠,육상레저스포츠
양주,2023,5,2023-05,199,경기도,양주시,천불사,3,양주 2023_05.csv,역사관광,종교성지
양주,2023,5,2023-05,199,경기도,양주시,휴먼앤홀스랜드,3,양주 2023_05.csv,레저스포츠,육상레저스포츠
양주,2023,5,2023-05,199,경기도,양주시,양주조은농장,3,양주 2023_05.csv,체험관광,농/산/어촌체험
양주,2023,5,2023-05,199,경기도,양주시,송추잔디구장,3,양주 2023_05.csv,문화관광,레저스포츠시설
양주,2023,5,2023-05,199,경기도,양주시,장흥버섯농장,3,양주 2023_05.csv,체험관광,농/산/어촌체험
양주,2023,5,2023-05,199,경기도,양주시,양주탁구클럽,3,양주 2023_05.csv,레저스포츠,기타레저스포츠
양주,2023,5,2023-05,199,경기도,양주시,두래농원,3,양주 2023_05.csv,체험관광,농/산/어촌체험
양주,2023,5,2023-05,199,경기도,양주시,동광정사,3,양주 2023_05.csv,역사관광,종교성지
양주,2023,5,2023-05,199,경기도,양주시,감로사,3,양주 2023_05.csv,역사관광,종교성지
양주,2023,5,2023-05,199,경기도,양주시,라라의뜰,3,양주 2023_05.csv,체험관광,농/산/어촌체험
양주,2023,5,2023-05,199,경기도,양주시,라온승마아카데미,3,양주 2023_05.csv,레저스포츠,육상레저스포츠
양주,2023,5,2023-05,199,경기도,양주시,양주와이어주짓수,3,양주 2023_05.csv,레저스포츠,기타레저스포츠
양주,2023,5,2023-05,199,경기도,양주시,엄마네텃밭,3,양주 2023_05.csv,체험관광,농/산/어촌체험
양주,2023,5,2023-05,199,경기도,양주시,진도농원,3,양주 2023_05.csv,체험관광,농/산/어촌체험
양주,2023,5,2023-05,199,경기도,양주시,무량사,3,양주 2023_05.csv,역사관광,종교성지
양주,2023,5,2023-05,199,경기도,양주시,그리다키즈카페,3,양주 2023_05.csv,문화관광,테마공원
양주,2023,6,2023-06,1,경기도,양주시,LF스퀘어양주점,9510,양주 2023_06.csv,쇼핑,쇼핑몰
양주,2023,6,2023-06,2,경기도,양주시,레이크우드CC,7755,양주 2023_06.csv,레저스포츠,육상레저스포츠
양주,2023,6,2023-06,3,경기도,양주시,송추CC,4214,양주 2023_06.csv,레저스포츠,육상레저스포츠
양주,2023,6,2023-06,4,경기도,양주시,CGV양주옥정,3875,양주 2023_06.csv,문화관광,공연시설
양주,2023,6,2023-06,5,경기도,양주시,옥정중앙공원,2623,양주 2023_06.csv,문화관광,도시공원
양주,2023,6,2023-06,6,경기도,양주시,두리랜드,2543,양주 2023_06.csv,문화관광,테마공원
양주,2023,6,2023-06,7,경기도,양주시,장흥관광지,2333,양주 2023_06.csv,문화관광,복합관광시설
양주,2023,6,2023-06,8,경기도,양주시,루이힐스CC,2306,양주 2023_06.csv,레저스포츠,육상레저스포츠
양주,2023,6,2023-06,9,경기도,양주시,회암사지박물관,1961,양주 2023_06.csv,문화관광,전시시설
양주,2023,6,2023-06,10,경기도,양주시,가나아트파크,1675,양주 2023_06.csv,문화관광,전시시설
양주,2023,6,2023-06,11,경기도,양주시,양주시립장욱진미술관,1368,양주 2023_06.csv,문화관광,전시시설
양주,2023,6,2023-06,12,경기도,양주시,장흥자동차극장,1234,양주 2023_06.csv,문화관광,공연시설
양주,2023,6,2023-06,13,경기도,양주시,메가박스양주,1209,양주 2023_06.csv,문화관광,공연시설
양주,2023,6,2023-06,14,경기도,양주시,그랜드유원지,1166,양주 2023_06.csv,기타관광,기타관광
양주,2023,6,2023-06,15,경기도,양주시,송추역,890,양주 2023_06.csv,기타관광,교통시설
양주,2023,6,2023-06,16,경기도,양주시,백석생활체육공원,883,양주 2023_06.csv,문화관광,도시공원
양주,2023,6,2023-06,17,경기도,양주시,가래비장터,811,양주 2023_06.csv,쇼핑,시장
양주,2023,6,2023-06,18,경기도,양주시,히든밸리송추,744,양주 2023_06.csv,문화관광,테마공원
양주,2023,6,2023-06,19,경기도,양주시,헤세의정원,702,양주 2023_06.csv,문화관광,기타문화관광지
양주,2023,6,2023-06,20,경기도,양주시,국립아세안자연휴양림,640,양주 2023_06.csv,자연관광,자연공원
양주,2023,6,2023-06,21,경기도,양주시,장자원낚시터,555,양주 2023_06.csv,레저스포츠,수상레저스포츠
양주,2023,6,2023-06,22,경기도,양주시,장흥자생수목원,542,양주 2023_06.csv,자연관광,자연공원
양주,2023,6,2023-06,23,경기도,양주시,송추계곡,541,양주 2023_06.csv,자연관광,자연경관(산)
양주,2023,6,2023-06,24,경기도,양주시,광백저수지,501,양주 2023_06.csv,자연관광,자연경관(하천/해양)
양주,2023,6,2023-06,25,경기도,양주시,신암낚시터,498,양주 2023_06.csv,레저스포츠,수상레저스포츠
양주,2023,6,2023-06,26,경기도,양주시,칠봉산CC,489,양주 2023_06.csv,레저스포츠,육상레저스포츠
양주,2023,6,2023-06,27,경기도,양주시,고덕생활체육공원,487,양주 2023_06.csv,문화관광,도시공원
양주,2023,6,2023-06,28,경기도,양주시,TBS도봉산축구장,486,양주 2023_06.csv,문화관광,레저스포츠시설
양주,2023,6,2023-06,29,경기도,양주시,독바위공원,478,양주 2023_06.csv,문화관광,도시공원
양주,2023,6,2023-06,30,경기도,양주시,양주별산대놀이마당,475,양주 2023_06.csv,문화관광,기타문화관광지
양주,2023,6,2023-06,31,경기도,양주시,청련사,439,양주 2023_06.csv,역사관광,종교성지
양주,2023,6,2023-06,32,경기도,양주시,회암사,434,양주 2023_06.csv,역사관광,종교성지
양주,2023,6,2023-06,33,경기도,양주시,딱따구리청소년수련원,430,양주 2023_06.csv,레저스포츠,육상레저스포츠
양주,2023,6,2023-06,34,경기도,양주시,나리농원,429,양주 2023_06.csv,체험관광,농/산/어촌체험
양주,2023,6,2023-06,35,경기도,양주시,덕계공원,418,양주 2023_06.csv,문화관광,도시공원
양주,2023,6,2023-06,36,경기도,양주시,토도,415,양주 2023_06.csv,문화관광,테마공원
양주,2023,6,2023-06,37,경기도,양주시,멜버른승마장,408,양주 2023_06.csv,레저스포츠,육상레저스포츠
양주,2023,6,2023-06,38,경기도,양주시,메가파크양주,402,양주 2023_06.csv,문화관광,테마공원
양주,2023,6,2023-06,39,경기도,양주시,양주베이스볼파크,369,양주 2023_06.csv,문화관광,레저스포츠시설
양주,2023,6,2023-06,40,경기도,양주시,일영역,362,양주 2023_06.csv,기타관광,교통시설
양주,2023,6,2023-06,41,경기도,양주시,청암민속박물관,351,양주 2023_06.csv,문화관광,전시시설
양주,2023,6,2023-06,42,경기도,양주시,스카이야구장,343,양주 2023_06.csv,문화관광,레저스포츠시설
양주,2023,6,2023-06,43,경기도,양주시,롯데시네마양주고읍 휴점,341,양주 2023_06.csv,문화관광,공연시설
양주,2023,6,2023-06,44,경기도,양주시,장흥한옥수영장,339,양주 2023_06.csv,문화관광,테마공원
양주,2023,6,2023-06,45,경기도,양주시,송암스페이스센터,333,양주 2023_06.csv,기타관광,기타관광
양주,2023,6,2023-06,45,경기도,양주시,장흥돌고개유원지,333,양주 2023_06.csv,문화관광,복합관광시설
양주,2023,6,2023-06,47,경기도,양주시,삼하낚시터,329,양주 2023_06.csv,레저스포츠,수상레저스포츠
양주,2023,6,2023-06,48,경기도,양주시,양주유수풀파크&바베큐장,321,양주 2023_06.csv,문화관광,테마공원
양주,2023,6,2023-06,49,경기도,양주시,남경수목원,320,양주 2023_06.csv,체험관광,농/산/어촌체험
양주,2023,6,2023-06,50,경기도,양주시,신흥레저타운,310,양주 2023_06.csv,레저스포츠,기타레저스포츠
양주,2023,6,2023-06,51,경기도,양주시,양주시승마장,299,양주 2023_06.csv,레저스포츠,육상레저스포츠
양주,2023,6,2023-06,52,경기도,양주시,양주팬텀실내풋살장,292,양주 2023_06.csv,레저스포츠,기타레저스포츠
양주,2023,6,2023-06,53,경기도,양주시,일영워터힐,278,양주 2023_06.csv,문화관광,테마공원
양주,2023,6,2023-06,54,경기도,양주시,VIP야구장,277,양주 2023_06.csv,문화관광,레저스포츠시설
양주,2023,6,2023-06,55,경기도,양주시,신천생활체육공원,247,양주 2023_06.csv,문화관광,도시공원
양주,2023,6,2023-06,56,경기도,양주시,EP베이스볼파크,246,양주 2023_06.csv,문화관광,레저스포츠시설
양주,2023,6,2023-06,57,경기도,양주시,양주시청소년수련원,238,양주 2023_06.csv,레저스포츠,육상레저스포츠
양주,2023,6,2023-06,58,경기도,양주시,ND야구장,229,양주 2023_06.csv,문화관광,레저스포츠시설
양주,2023,6,2023-06,59,경기도,양주시,석굴암,212,양주 2023_06.csv,역사관광,종교성지
양주,2023,6,2023-06,60,경기도,양주시,백석생활체육공원야구장,210,양주 2023_06.csv,문화관광,레저스포츠시설
양주,2023,6,2023-06,61,경기도,양주시,일영랜드수영장,206,양주 2023_06.csv,문화관광,테마공원
양주,2023,6,2023-06,62,경기도,양주시,기산저수지,205,양주 2023_06.csv,자연관광,자연경관(하천/해양)
양주,2023,6,2023-06,63,경기도,양주시,더콕배드민턴레슨센터,192,양주 2023_06.csv,레저스포츠,기타레저스포츠
양주,2023,6,2023-06,64,경기도,양주시,옥정체육공원축구장,191,양주 2023_06.csv,문화관광,레저스포츠시설
양주,2023,6,2023-06,65,경기도,양주시,티제이풋살파크,190,양주 2023_06.csv,레저스포츠,기타레저스포츠
양주,2023,6,2023-06,66,경기도,양주시,양주풋살파크제1구장,184,양주 2023_06.csv,문화관광,레저스포츠시설
양주,2023,6,2023-06,67,경기도,양주시,장흥축구장,183,양주 2023_06.csv,문화관광,레저스포츠시설
양주,2023,6,2023-06,68,경기도,양주시,세광사,180,양주 2023_06.csv,역사관광,종교성지
양주,2023,6,2023-06,69,경기도,양주시,스카이워터파크,176,양주 2023_06.csv,문화관광,테마공원
양주,2023,6,2023-06,70,경기도,양주시,후니버설스튜디오,163,양주 2023_06.csv,문화관광,전시시설
양주,2023,6,2023-06,71,경기도,양주시,지장사,162,양주 2023_06.csv,역사관광,종교성지
양주,2023,6,2023-06,72,경기도,양주시,장흥역,158,양주 2023_06.csv,기타관광,교통시설
양주,2023,6,2023-06,72,경기도,양주시,나리공원파크골프장,158,양주 2023_06.csv,레저스포츠,육상레저스포츠
양주,2023,6,2023-06,74,경기도,양주시,공존풋살파크양주점,155,양주 2023_06.csv,문화관광,레저스포츠시설
양주,2023,6,2023-06,75,경기도,양주시,백석생활체육공원축구장,153,양주 2023_06.csv,문화관광,레저스포츠시설
양주,2023,6,2023-06,76,경기도,양주시,북한산국립공원오봉탐방지원센터,151,양주 2023_06.csv,기타관광,기타관광
양주,2023,6,2023-06,77,경기도,양주시,대원정사,146,양주 2023_06.csv,역사관광,종교성지
양주,2023,6,2023-06,78,경기도,양주시,조소앙선생기념관,145,양주 2023_06.csv,문화관광,전시시설
양주,2023,6,2023-06,79,경기도,양주시,장흥야구장,138,양주 2023_06.csv,문화관광,레저스포츠시설
양주,2023,6,2023-06,80,경기도,양주시,칠봉산낚시터,134,양주 2023_06.csv,레저스포츠,수상레저스포츠
양주,2023,6,2023-06,80,경기도,양주시,송추원각사,134,양주 2023_06.csv,역사관광,종교성지
양주,2023,6,2023-06,82,경기도,양주시,은현피싱타운,130,양주 2023_06.csv,레저스포츠,수상레저스포츠
양주,2023,6,2023-06,83,경기도,양주시,한국축구센터,127,양주 2023_06.csv,문화관광,레저스포츠시설
양주,2023,6,2023-06,84,경기도,양주시,일영유원지,125,양주 2023_06.csv,문화관광,복합관광시설
양주,2023,6,2023-06,84,경기도,양주시,고읍구장,125,양주 2023_06.csv,문화관광,레저스포츠시설
양주,2023,6,2023-06,86,경기도,양주시,MBP리그,124,양주 2023_06.csv,문화관광,레저스포츠시설
양주,2023,6,2023-06,87,경기도,양주시,못말낚시터,122,양주 2023_06.csv,레저스포츠,수상레저스포츠
양주,2023,6,2023-06,88,경기도,양주시,베베앙쥬베이비카페옥정점,117,양주 2023_06.csv,문화관광,테마공원
양주,2023,6,2023-06,88,경기도,양주시,안상철미술관,117,양주 2023_06.csv,문화관광,전시시설
양주,2023,6,2023-06,90,경기도,양주시,광적생활체육공원축구장,115,양주 2023_06.csv,문화관광,레저스포츠시설
양주,2023,6,2023-06,90,경기도,양주시,선돌근린공원,115,양주 2023_06.csv,문화관광,도시공원
양주,2023,6,2023-06,92,경기도,양주시,장흥조각공원,114,양주 2023_06.csv,문화관광,도시공원
양주,2023,6,2023-06,93,경기도,양주시,옥정배수지체육공원,110,양주 2023_06.csv,문화관광,도시공원
양주,2023,6,2023-06,94,경기도,양주시,씽씽롤러스케이트장,109,양주 2023_06.csv,레저스포츠,육상레저스포츠
양주,2023,6,2023-06,95,경기도,양주시,스트라이크존볼파크양주,108,양주 2023_06.csv,문화관광,레저스포츠시설
양주,2023,6,2023-06,96,경기도,양주시,롤러몬스터,105,양주 2023_06.csv,레저스포츠,기타레저스포츠
양주,2023,6,2023-06,97,경기도,양주시,양주시립민복진미술관,103,양주 2023_06.csv,문화관광,전시시설
양주,2023,6,2023-06,97,경기도,양주시,오림피아수영장,103,양주 2023_06.csv,문화관광,테마공원
양주,2023,6,2023-06,99,경기도,양주시,북한산국립공원교현탐방지원센터,102,양주 2023_06.csv,기타관광,기타관광
양주,2023,6,2023-06,100,경기도,양주시,신세계팩토리스토어양주점,91,양주 2023_06.csv,쇼핑,쇼핑몰
양주,2023,6,2023-06,100,경기도,양주시,화담정사,91,양주 2023_06.csv,역사관광,종교성지
양주,2023,6,2023-06,100,경기도,양주시,육지장사,91,양주 2023_06.csv,역사관광,종교성지
양주,2023,6,2023-06,103,경기도,양주시,송추로얄암반수수영장,90,양주 2023_06.csv,문화관광,테마공원
양주,2023,6,2023-06,104,경기도,양주시,봉암저수지,89,양주 2023_06.csv,자연관광,자연경관(하천/해양)
양주,2023,6,2023-06,105,경기도,양주시,삼숭생활체육공원,87,양주 2023_06.csv,문화관광,도시공원
양주,2023,6,2023-06,105,경기도,양주시,양주수산물시장,87,양주 2023_06.csv,쇼핑,시장
양주,2023,6,2023-06,107,경기도,양주시,신천생활체육공원축구장,86,양주 2023_06.csv,문화관광,레저스포츠시설
양주,2023,6,2023-06,108,경기도,양주시,양주천보산림욕장,83,양주 2023_06.csv,자연관광,자연공원
양주,2023,6,2023-06,109,경기도,양주시,광사낚시터,80,양주 2023_06.csv,레저스포츠,수상레저스포츠
양주,2023,6,2023-06,110,경기도,양주시,양주풋살파크제2구장,79,양주 2023_06.csv,레저스포츠,기타레저스포츠
양주,2023,6,2023-06,110,경기도,양주시,홍죽산업단지근린공원,79,양주 2023_06.csv,문화관광,도시공원
양주,2023,6,2023-06,110,경기도,양주시,옥정체육공원,79,양주 2023_06.csv,문화관광,도시공원
양주,2023,6,2023-06,113,경기도,양주시,장흥생활체육공원,77,양주 2023_06.csv,문화관광,도시공원
양주,2023,6,2023-06,114,경기도,양주시,장흥자연휴양림,69,양주 2023_06.csv,자연관광,자연공원
양주,2023,6,2023-06,115,경기도,양주시,송추낚시터,68,양주 2023_06.csv,레저스포츠,수상레저스포츠
양주,2023,6,2023-06,116,경기도,양주시,조명박물관,66,양주 2023_06.csv,문화관광,전시시설
양주,2023,6,2023-06,116,경기도,양주시,프레리키즈카페양주옥정점,66,양주 2023_06.csv,문화관광,테마공원
양주,2023,6,2023-06,118,경기도,양주시,원당저수지,65,양주 2023_06.csv,자연관광,자연경관(하천/해양)
양주,2023,6,2023-06,119,경기도,양주시,플레이랩양주점,64,양주 2023_06.csv,문화관광,테마공원
양주,2023,6,2023-06,119,경기도,양주시,어둔리저수지,64,양주 2023_06.csv,자연관광,자연경관(하천/해양)
양주,2023,6,2023-06,121,경기도,양주시,효촌리낚시터,63,양주 2023_06.csv,레저스포츠,수상레저스포츠
양주,2023,6,2023-06,122,경기도,양주시,아름다운비행,62,양주 2023_06.csv,문화관광,전시시설
양주,2023,6,2023-06,122,경기도,양주시,봉암낚시터,62,양주 2023_06.csv,레저스포츠,수상레저스포츠
양주,2023,6,2023-06,124,경기도,양주시,양주향교,60,양주 2023_06.csv,역사관광,역사유적지
양주,2023,6,2023-06,125,경기도,양주시,봉우근린공원,58,양주 2023_06.csv,문화관광,도시공원
양주,2023,6,2023-06,126,경기도,양주시,나리공원물놀이장,57,양주 2023_06.csv,문화관광,테마공원
양주,2023,6,2023-06,126,경기도,양주시,원더풀키즈수영장,57,양주 2023_06.csv,문화관광,테마공원
양주,2023,6,2023-06,128,경기도,양주시,회암사지,55,양주 2023_06.csv,역사관광,역사유적지
양주,2023,6,2023-06,128,경기도,양주시,대승사,55,양주 2023_06.csv,역사관광,종교성지
양주,2023,6,2023-06,128,경기도,양주시,노고산주말농장,55,양주 2023_06.csv,체험관광,농/산/어촌체험
양주,2023,6,2023-06,131,경기도,양주시,일영낚시터,54,양주 2023_06.csv,레저스포츠,수상레저스포츠
양주,2023,6,2023-06,131,경기도,양주시,동산가든낚시터,54,양주 2023_06.csv,레저스포츠,수상레저스포츠
양주,2023,6,2023-06,133,경기도,양주시,백석배수지생활체육공원,52,양주 2023_06.csv,문화관광,도시공원
양주,2023,6,2023-06,134,경기도,양주시,덕정시장,51,양주 2023_06.csv,쇼핑,시장
양주,2023,6,2023-06,135,경기도,양주시,무호정,50,양주 2023_06.csv,레저스포츠,육상레저스포츠
양주,2023,6,2023-06,136,경기도,양주시,아지트배드민턴,46,양주 2023_06.csv,레저스포츠,기타레저스포츠
양주,2023,6,2023-06,136,경기도,양주시,씨알농장,46,양주 2023_06.csv,체험관광,농/산/어촌체험
양주,2023,6,2023-06,138,경기도,양주시,양주FC,44,양주 2023_06.csv,레저스포츠,기타레저스포츠
양주,2023,6,2023-06,138,경기도,양주시,덕계저수지,44,양주 2023_06.csv,자연관광,자연경관(하천/해양)
양주,2023,6,2023-06,140,경기도,양주시,신흥레저워터월드,43,양주 2023_06.csv,문화관광,테마공원
양주,2023,6,2023-06,140,경기도,양주시,덕수레저타운,43,양주 2023_06.csv,레저스포츠,기타레저스포츠
양주,2023,6,2023-06,142,경기도,양주시,효촌저수지,42,양주 2023_06.csv,자연관광,자연경관(하천/해양)
양주,2023,6,2023-06,142,경기도,양주시,독바위공원인라인스케이트장,42,양주 2023_06.csv,레저스포츠,기타레저스포츠
양주,2023,6,2023-06,142,경기도,양주시,가나1아뜰리에,42,양주 2023_06.csv,문화관광,기타문화관광지
양주,2023,6,2023-06,142,경기도,양주시,장흥수영장,42,양주 2023_06.csv,문화관광,테마공원
양주,2023,6,2023-06,146,경기도,양주시,어둔리남방낚시터,41,양주 2023_06.csv,레저스포츠,수상레저스포츠
양주,2023,6,2023-06,146,경기도,양주시,양주관아지,41,양주 2023_06.csv,역사관광,역사유적지
양주,2023,6,2023-06,146,경기도,양주시,해유령전첩지,41,양주 2023_06.csv,역사관광,역사유적지
양주,2023,6,2023-06,149,경기도,양주시,송추다보사,40,양주 2023_06.csv,역사관광,종교성지
양주,2023,6,2023-06,150,경기도,양주시,꿈을그리다,38,양주 2023_06.csv,문화관광,테마공원
양주,2023,6,2023-06,151,경기도,양주시,고려대학교축구장,37,양주 2023_06.csv,문화관광,레저스포츠시설
양주,2023,6,2023-06,152,경기도,양주시,강호이앤티,36,양주 2023_06.csv,레저스포츠,기타레저스포츠
양주,2023,6,2023-06,152,경기도,양주시,나비랑키즈카페,36,양주 2023_06.csv,문화관광,테마공원
양주,2023,6,2023-06,154,경기도,양주시,은현낚시터,35,양주 2023_06.csv,레저스포츠,수상레저스포츠
양주,2023,6,2023-06,154,경기도,양주시,헬로방방양주점,35,양주 2023_06.csv,문화관광,테마공원
양주,2023,6,2023-06,156,경기도,양주시,777레지던스,34,양주 2023_06.csv,문화관광,전시시설
양주,2023,6,2023-06,156,경기도,양주시,금바위저수지,34,양주 2023_06.csv,자연관광,자연경관(하천/해양)
양주,2023,6,2023-06,158,경기도,양주시,한성승마클럽,33,양주 2023_06.csv,레저스포츠,육상레저스포츠
양주,2023,6,2023-06,158,경기도,양주시,위바운스,33,양주 2023_06.csv,문화관광,테마공원
양주,2023,6,2023-06,158,경기도,양주시,타겟28실내양궁장,33,양주 2023_06.csv,레저스포츠,육상레저스포츠
양주,2023,6,2023-06,161,경기도,양주시,수월사,29,양주 2023_06.csv,역사관광,종교성지
양주,2023,6,2023-06,161,경기도,양주시,불곡산,29,양주 2023_06.csv,자연관광,자연경관(산)
양주,2023,6,2023-06,163,경기도,양주시,나누리근린공원,28,양주 2023_06.csv,문화관광,도시공원
양주,2023,6,2023-06,163,경기도,양주시,연화사,28,양주 2023_06.csv,역사관광,종교성지
양주,2023,6,2023-06,163,경기도,양주시,덕계낚시터,28,양주 2023_06.csv,레저스포츠,수상레저스포츠
양주,2023,6,2023-06,166,경기도,양주시,살구골낚시터,27,양주 2023_06.csv,레저스포츠,수상레저스포츠
양주,2023,6,2023-06,167,경기도,양주시,원학농장,26,양주 2023_06.csv,체험관광,농/산/어촌체험
양주,2023,6,2023-06,168,경기도,양주시,옥정탁구클럽,25,양주 2023_06.csv,레저스포츠,기타레저스포츠
양주,2023,6,2023-06,168,경기도,양주시,원당낚시터,25,양주 2023_06.csv,레저스포츠,수상레저스포츠
양주,2023,6,2023-06,170,경기도,양주시,선그로원예,24,양주 2023_06.csv,체험관광,농/산/어촌체험
양주,2023,6,2023-06,171,경기도,양주시,아트휠즈,23,양주 2023_06.csv,레저스포츠,육상레저스포츠
양주,2023,6,2023-06,171,경기도,양주시,가나2아뜰리에,23,양주 2023_06.csv,문화관광,기타문화관광지
양주,2023,6,2023-06,173,경기도,양주시,효순.미선평화공원,22,양주 2023_06.csv,문화관광,도시공원
양주,2023,6,2023-06,173,경기도,양주시,신산리공원,22,양주 2023_06.csv,문화관광,도시공원
양주,2023,6,2023-06,173,경기도,양주시,군남농장,22,양주 2023_06.csv,체험관광,농/산/어촌체험
양주,2023,6,2023-06,173,경기도,양주시,양주골김치체험박물관,22,양주 2023_06.csv,문화관광,전시시설
양주,2023,6,2023-06,177,경기도,양주시,윤성에프앤비양주물류센터,21,양주 2023_06.csv,레저스포츠,수상레저스포츠
양주,2023,6,2023-06,177,경기도,양주시,모자농원,21,양주 2023_06.csv,체험관광,농/산/어촌체험
양주,2023,6,2023-06,179,경기도,양주시,스마트시티복합센터,20,양주 2023_06.csv,문화관광,기타문화관광지
양주,2023,6,2023-06,179,경기도,양주시,양주시티즌축구클럽,20,양주 2023_06.csv,문화관광,레저스포츠시설
양주,2023,6,2023-06,181,경기도,양주시,장흥계곡,19,양주 2023_06.csv,자연관광,자연경관(산)
양주,2023,6,2023-06,181,경기도,양주시,나눔갤러리블루,19,양주 2023_06.csv,문화관광,전시시설
양주,2023,6,2023-06,183,경기도,양주시,백인걸선생묘,18,양주 2023_06.csv,역사관광,역사유적지
양주,2023,6,2023-06,183,경기도,양주시,온릉,18,양주 2023_06.csv,역사관광,역사유적지
양주,2023,6,2023-06,185,경기도,양주시,홍복저수지,17,양주 2023_06.csv,자연관광,자연경관(하천/해양)
양주,2023,6,2023-06,185,경기도,양주시,샘내고개,17,양주 2023_06.csv,자연관광,자연경관(산)
양주,2023,6,2023-06,187,경기도,양주시,한승농장,16,양주 2023_06.csv,체험관광,농/산/어촌체험
양주,2023,6,2023-06,187,경기도,양주시,영풍농장,16,양주 2023_06.csv,체험관광,농/산/어촌체험
양주,2023,6,2023-06,187,경기도,양주시,비암사,16,양주 2023_06.csv,역사관광,종교성지
양주,2023,6,2023-06,190,경기도,양주시,엄상마을문화거리,15,양주 2023_06.csv,문화관광,테마공원
양주,2023,6,2023-06,191,경기도,양주시,양주혁신리빙랩센터,14,양주 2023_06.csv,문화관광,기타문화관광지
양주,2023,6,2023-06,191,경기도,양주시,양주시 현충탑,14,양주 2023_06.csv,역사관광,역사유물
양주,2023,6,2023-06,191,경기도,양주시,에코야구장,14,양주 2023_06.csv,문화관광,레저스포츠시설
양주,2023,6,2023-06,194,경기도,양주시,각명사,13,양주 2023_06.csv,역사관광,종교성지
양주,2023,6,2023-06,195,경기도,양주시,부부관광농원,12,양주 2023_06.csv,체험관광,농/산/어촌체험
양주,2023,6,2023-06,196,경기도,양주시,연곡저수지,11,양주 2023_06.csv,자연관광,자연경관(하천/해양)
양주,2023,6,2023-06,196,경기도,양주시,보메기낚시터,11,양주 2023_06.csv,레저스포츠,수상레저스포츠
양주,2023,6,2023-06,198,경기도,양주시,farm5150,10,양주 2023_06.csv,체험관광,공예체험
양주,2023,6,2023-06,198,경기도,양주시,고읍제2어린이공원,10,양주 2023_06.csv,문화관광,도시공원
양주,2023,6,2023-06,198,경기도,양주시,기산리유원지,10,양주 2023_06.csv,문화관광,복합관광시설
양주,2023,6,2023-06,198,경기도,양주시,본주짓수회천점,10,양주 2023_06.csv,레저스포츠,기타레저스포츠
양주,2023,6,2023-06,198,경기도,양주시,신상호스튜디오,10,양주 2023_06.csv,문화관광,전시시설
양주,2023,6,2023-06,203,경기도,양주시,파이브피티회천점,9,양주 2023_06.csv,레저스포츠,기타레저스포츠
양주,2023,6,2023-06,203,경기도,양주시,리틀웨일키즈풀파티룸,9,양주 2023_06.csv,문화관광,테마공원
양주,2023,6,2023-06,203,경기도,양주시,폴앤풀양주점,9,양주 2023_06.csv,문화관광,테마공원
양주,2023,6,2023-06,203,경기도,양주시,송추아트밸리,9,양주 2023_06.csv,문화관광,도시공원
양주,2023,6,2023-06,203,경기도,양주시,마리조아승마클럽,9,양주 2023_06.csv,레저스포츠,육상레저스포츠
양주,2023,6,2023-06,208,경기도,양주시,천봉나전칠기체험관,8,양주 2023_06.csv,문화관광,기타문화관광지
양주,2023,6,2023-06,209,경기도,양주시,하늘물공원,7,양주 2023_06.csv,문화관광,도시공원
양주,2023,6,2023-06,209,경기도,양주시,가납시장,7,양주 2023_06.csv,쇼핑,시장
양주,2023,6,2023-06,209,경기도,양주시,양주산성야구장,7,양주 2023_06.csv,문화관광,레저스포츠시설
양주,2023,6,2023-06,209,경기도,양주시,보타사,7,양주 2023_06.csv,역사관광,종교성지
양주,2023,6,2023-06,213,경기도,양주시,기산낚시터,6,양주 2023_06.csv,레저스포츠,수상레저스포츠
양주,2023,6,2023-06,213,경기도,양주시,송암천문대,6,양주 2023_06.csv,기타관광,기타관광
양주,2023,6,2023-06,213,경기도,양주시,백화암,6,양주 2023_06.csv,역사관광,종교성지
양주,2023,6,2023-06,213,경기도,양주시,기원정사,6,양주 2023_06.csv,역사관광,종교성지
양주,2023,6,2023-06,213,경기도,양주시,광적생활체육공원,6,양주 2023_06.csv,문화관광,도시공원
양주,2023,6,2023-06,213,경기도,양주시,휴먼앤홀스랜드,6,양주 2023_06.csv,레저스포츠,육상레저스포츠
양주,2023,6,2023-06,213,경기도,양주시,효진푸드,6,양주 2023_06.csv,쇼핑,시장
양주,2023,6,2023-06,213,경기도,양주시,북한산둘레길13구간,6,양주 2023_06.csv,레저스포츠,기타레저스포츠
양주,2023,6,2023-06,213,경기도,양주시,묵남지,6,양주 2023_06.csv,자연관광,자연경관(하천/해양)
양주,2023,6,2023-06,213,경기도,양주시,라온승마아카데미,6,양주 2023_06.csv,레저스포츠,육상레저스포츠
양주,2023,6,2023-06,213,경기도,양주시,양주농원,6,양주 2023_06.csv,체험관광,농/산/어촌체험
양주,2023,6,2023-06,224,경기도,양주시,권율장군묘,5,양주 2023_06.csv,역사관광,역사유적지
양주,2023,6,2023-06,224,경기도,양주시,백수현전통가옥,5,양주 2023_06.csv,역사관광,역사유적지
양주,2023,6,2023-06,224,경기도,양주시,우리절,5,양주 2023_06.csv,역사관광,종교성지
양주,2023,6,2023-06,224,경기도,양주시,오상갤러리,5,양주 2023_06.csv,문화관광,전시시설
양주,2023,6,2023-06,228,경기도,양주시,양주울대고개순직경찰관추도비,4,양주 2023_06.csv,역사관광,역사유물
양주,2023,6,2023-06,228,경기도,양주시,양주블루베리농장,4,양주 2023_06.csv,체험관광,농/산/어촌체험
양주,2023,6,2023-06,228,경기도,양주시,모모앤던목공작업실,4,양주 2023_06.csv,체험관광,공예체험
양주,2023,6,2023-06,228,경기도,양주시,WJ복싱클럽옥정점,4,양주 2023_06.csv,레저스포츠,기타레저스포츠
양주,2023,6,2023-06,228,경기도,양주시,대장금눈썰매장,4,양주 2023_06.csv,레저스포츠,육상레저스포츠
양주,2023,6,2023-06,228,경기도,양주시,도하저수지,4,양주 2023_06.csv,자연관광,자연경관(하천/해양)
양주,2023,6,2023-06,228,경기도,양주시,유수풀물놀이장,4,양주 2023_06.csv,문화관광,테마공원
양주,2023,6,2023-06,228,경기도,양주시,양주탁구클럽,4,양주 2023_06.csv,레저스포츠,기타레저스포츠
양주,2023,6,2023-06,228,경기도,양주시,평강수산,4,양주 2023_06.csv,쇼핑,시장
양주,2023,6,2023-06,228,경기도,양주시,호국비룡사,4,양주 2023_06.csv,역사관광,종교성지
양주,2023,6,2023-06,228,경기도,양주시,해마루농원,4,양주 2023_06.csv,체험관광,농/산/어촌체험
양주,2023,6,2023-06,239,경기도,양주시,구룡사,3,양주 2023_06.csv,역사관광,종교성지
양주,2023,6,2023-06,239,경기도,양주시,남방어린이공원,3,양주 2023_06.csv,문화관광,도시공원
양주,2023,6,2023-06,239,경기도,양주시,신암지,3,양주 2023_06.csv,자연관광,자연경관(하천/해양)
양주,2023,6,2023-06,239,경기도,양주시,은현버섯농장,3,양주 2023_06.csv,체험관광,농/산/어촌체험
양주,2023,6,2023-06,239,경기도,양주시,회만농원,3,양주 2023_06.csv,체험관광,농/산/어촌체험
양주,2023,6,2023-06,239,경기도,양주시,더곤충,3,양주 2023_06.csv,체험관광,농/산/어촌체험
양주,2023,6,2023-06,239,경기도,양주시,뽀로로맘앤키즈카페이마트양주점,3,양주 2023_06.csv,문화관광,테마공원
양주,2023,6,2023-06,239,경기도,양주시,나리다육,3,양주 2023_06.csv,체험관광,농/산/어촌체험
양주,2023,6,2023-06,239,경기도,양주시,용암낚시터,3,양주 2023_06.csv,레저스포츠,수상레저스포츠
양주,2023,6,2023-06,239,경기도,양주시,이승욱갤러리왕의길,3,양주 2023_06.csv,문화관광,전시시설
양주,2023,6,2023-06,239,경기도,양주시,양주농부이범석,3,양주 2023_06.csv,체험관광,농/산/어촌체험
양주,2023,6,2023-06,239,경기도,양주시,윤근수사당,3,양주 2023_06.csv,역사관광,역사유적지
양주,2023,6,2023-06,239,경기도,양주시,복지리낚시터,3,양주 2023_06.csv,레저스포츠,수상레저스포츠
양주,2023,6,2023-06,239,경기도,양주시,송암사,3,양주 2023_06.csv,역사관광,종교성지
양주,2023,6,2023-06,239,경기도,양주시,양주남면의느티나무,3,양주 2023_06.csv,역사관광,역사유적지
양주,2023,6,2023-06,239,경기도,양주시,장흥조각아뜰리에,3,양주 2023_06.csv,문화관광,전시시설
양주,2023,6,2023-06,239,경기도,양주시,정겨운농장,3,양주 2023_06.csv,체험관광,농/산/어촌체험
양주,2023,6,2023-06,239,경기도,양주시,천불사,3,양주 2023_06.csv,역사관광,종교성지
양주,2023,6,2023-06,239,경기도,양주시,감악산목장,3,양주 2023_06.csv,체험관광,농/산/어촌체험
양주,2023,6,2023-06,239,경기도,양주시,신산장,3,양주 2023_06.csv,쇼핑,시장
양주,2023,6,2023-06,239,경기도,양주시,삼하리아동산,3,양주 2023_06.csv,체험관광,농/산/어촌체험
양주,2023,6,2023-06,239,경기도,양주시,동광정사,3,양주 2023_06.csv,역사관광,종교성지
양주,2023,6,2023-06,239,경기도,양주시,감로사,3,양주 2023_06.csv,역사관광,종교성지
양주,2023,6,2023-06,239,경기도,양주시,쌍용사,3,양주 2023_06.csv,역사관광,종교성지
양주,2023,6,2023-06,239,경기도,양주시,광운정사,3,양주 2023_06.csv,역사관광,종교성지
양주,2023,6,2023-06,239,경기도,양주시,후평공원,3,양주 2023_06.csv,문화관광,도시공원
양주,2023,6,2023-06,239,경기도,양주시,황뱅이수변산책로,3,양주 2023_06.csv,레저스포츠,기타레저스포츠
양주,2023,6,2023-06,239,경기도,양주시,진도농원,3,양주 2023_06.csv,체험관광,농/산/어촌체험
양주,2023,6,2023-06,239,경기도,양주시,가래비빙벽장,3,양주 2023_06.csv,레저스포츠,기타레저스포츠
양주,2023,6,2023-06,239,경기도,양주시,바른자세교정운동원,3,양주 2023_06.csv,레저스포츠,기타레저스포츠
양주,2023,6,2023-06,239,경기도,양주시,그리다키즈카페,3,양주 2023_06.csv,문화관광,테마공원
양주,2023,7,2023-07,1,경기도,양주시,LF스퀘어양주점,10310,양주 2023_07.csv,쇼핑,쇼핑몰
양주,2023,7,2023-07,2,경기도,양주시,레이크우드CC,6652,양주 2023_07.csv,레저스포츠,육상레저스포츠
양주,2023,7,2023-07,3,경기도,양주시,송추CC,3823,양주 2023_07.csv,레저스포츠,육상레저스포츠
양주,2023,7,2023-07,4,경기도,양주시,CGV양주옥정,3632,양주 2023_07.csv,문화관광,공연시설
양주,2023,7,2023-07,5,경기도,양주시,장흥관광지,3130,양주 2023_07.csv,문화관광,복합관광시설
양주,2023,7,2023-07,6,경기도,양주시,두리랜드,2297,양주 2023_07.csv,문화관광,테마공원
양주,2023,7,2023-07,7,경기도,양주시,옥정중앙공원,2232,양주 2023_07.csv,문화관광,도시공원
양주,2023,7,2023-07,8,경기도,양주시,장흥한옥수영장,2140,양주 2023_07.csv,문화관광,테마공원
양주,2023,7,2023-07,9,경기도,양주시,히든밸리송추,1783,양주 2023_07.csv,문화관광,테마공원
양주,2023,7,2023-07,10,경기도,양주시,양주시립장욱진미술관,1475,양주 2023_07.csv,문화관광,전시시설
양주,2023,7,2023-07,11,경기도,양주시,그랜드유원지,1373,양주 2023_07.csv,기타관광,기타관광
양주,2023,7,2023-07,12,경기도,양주시,루이힐스CC,1281,양주 2023_07.csv,레저스포츠,육상레저스포츠
양주,2023,7,2023-07,13,경기도,양주시,회암사지박물관,1262,양주 2023_07.csv,문화관광,전시시설
양주,2023,7,2023-07,14,경기도,양주시,가나아트파크,1252,양주 2023_07.csv,문화관광,전시시설
양주,2023,7,2023-07,15,경기도,양주시,메가박스양주,993,양주 2023_07.csv,문화관광,공연시설
양주,2023,7,2023-07,16,경기도,양주시,송추역,898,양주 2023_07.csv,기타관광,교통시설
양주,2023,7,2023-07,17,경기도,양주시,송추로얄암반수수영장,859,양주 2023_07.csv,문화관광,테마공원
양주,2023,7,2023-07,18,경기도,양주시,가래비장터,851,양주 2023_07.csv,쇼핑,시장
양주,2023,7,2023-07,19,경기도,양주시,신흥레저타운,850,양주 2023_07.csv,레저스포츠,기타레저스포츠
양주,2023,7,2023-07,20,경기도,양주시,양주유수풀파크&바베큐장,781,양주 2023_07.csv,문화관광,테마공원
양주,2023,7,2023-07,21,경기도,양주시,청련사,751,양주 2023_07.csv,역사관광,종교성지
양주,2023,7,2023-07,22,경기도,양주시,장흥자동차극장,733,양주 2023_07.csv,문화관광,공연시설
양주,2023,7,2023-07,23,경기도,양주시,송추계곡,713,양주 2023_07.csv,자연관광,자연경관(산)
양주,2023,7,2023-07,24,경기도,양주시,백석생활체육공원,687,양주 2023_07.csv,문화관광,도시공원
양주,2023,7,2023-07,25,경기도,양주시,메가파크양주,671,양주 2023_07.csv,문화관광,테마공원
양주,2023,7,2023-07,26,경기도,양주시,일영워터힐,628,양주 2023_07.csv,문화관광,테마공원
양주,2023,7,2023-07,27,경기도,양주시,딱따구리청소년수련원,606,양주 2023_07.csv,레저스포츠,육상레저스포츠
양주,2023,7,2023-07,28,경기도,양주시,헤세의정원,557,양주 2023_07.csv,문화관광,기타문화관광지
양주,2023,7,2023-07,29,경기도,양주시,고덕생활체육공원,555,양주 2023_07.csv,문화관광,도시공원
양주,2023,7,2023-07,30,경기도,양주시,오림피아수영장,547,양주 2023_07.csv,문화관광,테마공원
양주,2023,7,2023-07,31,경기도,양주시,신흥레저워터월드,542,양주 2023_07.csv,문화관광,테마공원
양주,2023,7,2023-07,32,경기도,양주시,장자원낚시터,510,양주 2023_07.csv,레저스포츠,수상레저스포츠
양주,2023,7,2023-07,33,경기도,양주시,국립아세안자연휴양림,498,양주 2023_07.csv,자연관광,자연공원
양주,2023,7,2023-07,34,경기도,양주시,롯데시네마양주고읍 휴점,491,양주 2023_07.csv,문화관광,공연시설
양주,2023,7,2023-07,35,경기도,양주시,신암낚시터,437,양주 2023_07.csv,레저스포츠,수상레저스포츠
양주,2023,7,2023-07,35,경기도,양주시,스카이워터파크,437,양주 2023_07.csv,문화관광,테마공원
양주,2023,7,2023-07,37,경기도,양주시,토도,418,양주 2023_07.csv,문화관광,테마공원
양주,2023,7,2023-07,38,경기도,양주시,장흥돌고개유원지,413,양주 2023_07.csv,문화관광,복합관광시설
양주,2023,7,2023-07,39,경기도,양주시,멜버른승마장,399,양주 2023_07.csv,레저스포츠,육상레저스포츠
양주,2023,7,2023-07,40,경기도,양주시,TBS도봉산축구장,391,양주 2023_07.csv,문화관광,레저스포츠시설
양주,2023,7,2023-07,41,경기도,양주시,양주팬텀실내풋살장,387,양주 2023_07.csv,레저스포츠,기타레저스포츠
양주,2023,7,2023-07,42,경기도,양주시,유수풀물놀이장,362,양주 2023_07.csv,문화관광,테마공원
양주,2023,7,2023-07,43,경기도,양주시,회암사,360,양주 2023_07.csv,역사관광,종교성지
양주,2023,7,2023-07,44,경기도,양주시,독바위공원,358,양주 2023_07.csv,문화관광,도시공원
양주,2023,7,2023-07,45,경기도,양주시,일영랜드수영장,347,양주 2023_07.csv,문화관광,테마공원
양주,2023,7,2023-07,46,경기도,양주시,양주베이스볼파크,329,양주 2023_07.csv,문화관광,레저스포츠시설
양주,2023,7,2023-07,47,경기도,양주시,송암스페이스센터,316,양주 2023_07.csv,기타관광,기타관광
양주,2023,7,2023-07,48,경기도,양주시,청암민속박물관,302,양주 2023_07.csv,문화관광,전시시설
양주,2023,7,2023-07,49,경기도,양주시,광백저수지,300,양주 2023_07.csv,자연관광,자연경관(하천/해양)
양주,2023,7,2023-07,50,경기도,양주시,칠봉산CC,299,양주 2023_07.csv,레저스포츠,육상레저스포츠
양주,2023,7,2023-07,51,경기도,양주시,양주별산대놀이마당,297,양주 2023_07.csv,문화관광,기타문화관광지
양주,2023,7,2023-07,52,경기도,양주시,일영역,292,양주 2023_07.csv,기타관광,교통시설
양주,2023,7,2023-07,53,경기도,양주시,덕계공원,286,양주 2023_07.csv,문화관광,도시공원
양주,2023,7,2023-07,53,경기도,양주시,장흥수영장,286,양주 2023_07.csv,문화관광,테마공원
양주,2023,7,2023-07,55,경기도,양주시,나리농원,280,양주 2023_07.csv,체험관광,농/산/어촌체험
양주,2023,7,2023-07,56,경기도,양주시,양주시승마장,277,양주 2023_07.csv,레저스포츠,육상레저스포츠
양주,2023,7,2023-07,57,경기도,양주시,스카이야구장,271,양주 2023_07.csv,문화관광,레저스포츠시설
양주,2023,7,2023-07,58,경기도,양주시,양주시청소년수련원,269,양주 2023_07.csv,레저스포츠,육상레저스포츠
양주,2023,7,2023-07,59,경기도,양주시,장흥야구장,260,양주 2023_07.csv,문화관광,레저스포츠시설
양주,2023,7,2023-07,60,경기도,양주시,VIP야구장,255,양주 2023_07.csv,문화관광,레저스포츠시설
양주,2023,7,2023-07,61,경기도,양주시,양주풋살파크제1구장,237,양주 2023_07.csv,문화관광,레저스포츠시설
양주,2023,7,2023-07,62,경기도,양주시,ND야구장,226,양주 2023_07.csv,문화관광,레저스포츠시설
양주,2023,7,2023-07,63,경기도,양주시,장흥자생수목원,216,양주 2023_07.csv,자연관광,자연공원
양주,2023,7,2023-07,63,경기도,양주시,장흥역,216,양주 2023_07.csv,기타관광,교통시설
양주,2023,7,2023-07,65,경기도,양주시,삼하낚시터,215,양주 2023_07.csv,레저스포츠,수상레저스포츠
양주,2023,7,2023-07,66,경기도,양주시,장흥축구장,212,양주 2023_07.csv,문화관광,레저스포츠시설
양주,2023,7,2023-07,67,경기도,양주시,더콕배드민턴레슨센터,197,양주 2023_07.csv,레저스포츠,기타레저스포츠
양주,2023,7,2023-07,68,경기도,양주시,옥정체육공원축구장,195,양주 2023_07.csv,문화관광,레저스포츠시설
양주,2023,7,2023-07,69,경기도,양주시,EP베이스볼파크,194,양주 2023_07.csv,문화관광,레저스포츠시설
양주,2023,7,2023-07,70,경기도,양주시,베베앙쥬베이비카페옥정점,184,양주 2023_07.csv,문화관광,테마공원
양주,2023,7,2023-07,71,경기도,양주시,티제이풋살파크,172,양주 2023_07.csv,레저스포츠,기타레저스포츠
양주,2023,7,2023-07,72,경기도,양주시,신천생활체육공원,171,양주 2023_07.csv,문화관광,도시공원
양주,2023,7,2023-07,73,경기도,양주시,프레리키즈카페양주옥정점,144,양주 2023_07.csv,문화관광,테마공원
양주,2023,7,2023-07,74,경기도,양주시,후니버설스튜디오,143,양주 2023_07.csv,문화관광,전시시설
양주,2023,7,2023-07,75,경기도,양주시,석굴암,142,양주 2023_07.csv,역사관광,종교성지
양주,2023,7,2023-07,76,경기도,양주시,공존풋살파크양주점,140,양주 2023_07.csv,문화관광,레저스포츠시설
양주,2023,7,2023-07,77,경기도,양주시,광사낚시터,138,양주 2023_07.csv,레저스포츠,수상레저스포츠
양주,2023,7,2023-07,78,경기도,양주시,남경수목원,130,양주 2023_07.csv,체험관광,농/산/어촌체험
양주,2023,7,2023-07,78,경기도,양주시,장흥조각공원,130,양주 2023_07.csv,문화관광,도시공원
양주,2023,7,2023-07,80,경기도,양주시,광적생활체육공원축구장,123,양주 2023_07.csv,문화관광,레저스포츠시설
양주,2023,7,2023-07,81,경기도,양주시,화담정사,122,양주 2023_07.csv,역사관광,종교성지
양주,2023,7,2023-07,82,경기도,양주시,지장사,119,양주 2023_07.csv,역사관광,종교성지
양주,2023,7,2023-07,82,경기도,양주시,한국축구센터,119,양주 2023_07.csv,문화관광,레저스포츠시설
양주,2023,7,2023-07,84,경기도,양주시,MBP리그,117,양주 2023_07.csv,문화관광,레저스포츠시설
양주,2023,7,2023-07,85,경기도,양주시,고읍구장,115,양주 2023_07.csv,문화관광,레저스포츠시설
양주,2023,7,2023-07,86,경기도,양주시,송추원각사,113,양주 2023_07.csv,역사관광,종교성지
양주,2023,7,2023-07,87,경기도,양주시,일영유원지,109,양주 2023_07.csv,문화관광,복합관광시설
양주,2023,7,2023-07,87,경기도,양주시,롤러몬스터,109,양주 2023_07.csv,레저스포츠,기타레저스포츠
양주,2023,7,2023-07,89,경기도,양주시,대원정사,107,양주 2023_07.csv,역사관광,종교성지
양주,2023,7,2023-07,90,경기도,양주시,양주시립민복진미술관,106,양주 2023_07.csv,문화관광,전시시설
양주,2023,7,2023-07,91,경기도,양주시,세광사,105,양주 2023_07.csv,역사관광,종교성지
양주,2023,7,2023-07,91,경기도,양주시,장흥자연휴양림,105,양주 2023_07.csv,자연관광,자연공원
양주,2023,7,2023-07,93,경기도,양주시,나리공원파크골프장,103,양주 2023_07.csv,레저스포츠,육상레저스포츠
양주,2023,7,2023-07,94,경기도,양주시,씽씽롤러스케이트장,100,양주 2023_07.csv,레저스포츠,육상레저스포츠
양주,2023,7,2023-07,95,경기도,양주시,못말낚시터,96,양주 2023_07.csv,레저스포츠,수상레저스포츠
양주,2023,7,2023-07,96,경기도,양주시,안상철미술관,95,양주 2023_07.csv,문화관광,전시시설
양주,2023,7,2023-07,97,경기도,양주시,은현피싱타운,94,양주 2023_07.csv,레저스포츠,수상레저스포츠
양주,2023,7,2023-07,97,경기도,양주시,신세계팩토리스토어양주점,94,양주 2023_07.csv,쇼핑,쇼핑몰
양주,2023,7,2023-07,99,경기도,양주시,조소앙선생기념관,88,양주 2023_07.csv,문화관광,전시시설
양주,2023,7,2023-07,100,경기도,양주시,북한산국립공원오봉탐방지원센터,87,양주 2023_07.csv,기타관광,기타관광
양주,2023,7,2023-07,101,경기도,양주시,아지트배드민턴,86,양주 2023_07.csv,레저스포츠,기타레저스포츠
양주,2023,7,2023-07,102,경기도,양주시,칠봉산낚시터,85,양주 2023_07.csv,레저스포츠,수상레저스포츠
양주,2023,7,2023-07,103,경기도,양주시,양주수산물시장,81,양주 2023_07.csv,쇼핑,시장
양주,2023,7,2023-07,103,경기도,양주시,원실내바다낚시터양주점,81,양주 2023_07.csv,레저스포츠,수상레저스포츠
양주,2023,7,2023-07,105,경기도,양주시,플레이랩양주점,80,양주 2023_07.csv,문화관광,테마공원
양주,2023,7,2023-07,106,경기도,양주시,백석생활체육공원야구장,78,양주 2023_07.csv,문화관광,레저스포츠시설
양주,2023,7,2023-07,107,경기도,양주시,삼숭생활체육공원,73,양주 2023_07.csv,문화관광,도시공원
양주,2023,7,2023-07,108,경기도,양주시,위바운스,70,양주 2023_07.csv,문화관광,테마공원
양주,2023,7,2023-07,109,경기도,양주시,효촌리낚시터,69,양주 2023_07.csv,레저스포츠,수상레저스포츠
양주,2023,7,2023-07,110,경기도,양주시,선돌근린공원,68,양주 2023_07.csv,문화관광,도시공원
양주,2023,7,2023-07,110,경기도,양주시,원더풀키즈수영장,68,양주 2023_07.csv,문화관광,테마공원
양주,2023,7,2023-07,112,경기도,양주시,나리공원물놀이장,66,양주 2023_07.csv,문화관광,테마공원
양주,2023,7,2023-07,113,경기도,양주시,가나1아뜰리에,63,양주 2023_07.csv,문화관광,기타문화관광지
양주,2023,7,2023-07,114,경기도,양주시,육지장사,61,양주 2023_07.csv,역사관광,종교성지
양주,2023,7,2023-07,114,경기도,양주시,하늘물공원,61,양주 2023_07.csv,문화관광,도시공원
양주,2023,7,2023-07,116,경기도,양주시,북한산국립공원교현탐방지원센터,59,양주 2023_07.csv,기타관광,기타관광
양주,2023,7,2023-07,116,경기도,양주시,백석생활체육공원축구장,59,양주 2023_07.csv,문화관광,레저스포츠시설
양주,2023,7,2023-07,118,경기도,양주시,노고산주말농장,58,양주 2023_07.csv,체험관광,농/산/어촌체험
양주,2023,7,2023-07,118,경기도,양주시,양주향교,58,양주 2023_07.csv,역사관광,역사유적지
양주,2023,7,2023-07,120,경기도,양주시,양주풋살파크제2구장,56,양주 2023_07.csv,레저스포츠,기타레저스포츠
양주,2023,7,2023-07,121,경기도,양주시,기산저수지,55,양주 2023_07.csv,자연관광,자연경관(하천/해양)
양주,2023,7,2023-07,121,경기도,양주시,777레지던스,55,양주 2023_07.csv,문화관광,전시시설
양주,2023,7,2023-07,123,경기도,양주시,일영낚시터,54,양주 2023_07.csv,레저스포츠,수상레저스포츠
양주,2023,7,2023-07,124,경기도,양주시,나비랑키즈카페,51,양주 2023_07.csv,문화관광,테마공원
양주,2023,7,2023-07,125,경기도,양주시,꿈을그리다,49,양주 2023_07.csv,문화관광,테마공원
양주,2023,7,2023-07,125,경기도,양주시,송추다보사,49,양주 2023_07.csv,역사관광,종교성지
양주,2023,7,2023-07,127,경기도,양주시,아름다운비행,47,양주 2023_07.csv,문화관광,전시시설
양주,2023,7,2023-07,127,경기도,양주시,장흥계곡,47,양주 2023_07.csv,자연관광,자연경관(산)
양주,2023,7,2023-07,127,경기도,양주시,신천생활체육공원축구장,47,양주 2023_07.csv,문화관광,레저스포츠시설
양주,2023,7,2023-07,130,경기도,양주시,어둔리남방낚시터,46,양주 2023_07.csv,레저스포츠,수상레저스포츠
양주,2023,7,2023-07,130,경기도,양주시,덕정시장,46,양주 2023_07.csv,쇼핑,시장
양주,2023,7,2023-07,132,경기도,양주시,백석배수지생활체육공원,43,양주 2023_07.csv,문화관광,도시공원
양주,2023,7,2023-07,133,경기도,양주시,양주테크노풋살센터,42,양주 2023_07.csv,레저스포츠,기타레저스포츠
양주,2023,7,2023-07,134,경기도,양주시,스트라이크존볼파크양주,41,양주 2023_07.csv,문화관광,레저스포츠시설
양주,2023,7,2023-07,135,경기도,양주시,원당낚시터,39,양주 2023_07.csv,레저스포츠,수상레저스포츠
양주,2023,7,2023-07,135,경기도,양주시,양주천보산림욕장,39,양주 2023_07.csv,자연관광,자연공원
양주,2023,7,2023-07,137,경기도,양주시,봉암저수지,38,양주 2023_07.csv,자연관광,자연경관(하천/해양)
양주,2023,7,2023-07,138,경기도,양주시,타겟28실내양궁장,36,양주 2023_07.csv,레저스포츠,육상레저스포츠
양주,2023,7,2023-07,139,경기도,양주시,모자농원,35,양주 2023_07.csv,체험관광,농/산/어촌체험
양주,2023,7,2023-07,139,경기도,양주시,살구골낚시터,35,양주 2023_07.csv,레저스포츠,수상레저스포츠
양주,2023,7,2023-07,141,경기도,양주시,가나2아뜰리에,33,양주 2023_07.csv,문화관광,기타문화관광지
양주,2023,7,2023-07,142,경기도,양주시,연화사,31,양주 2023_07.csv,역사관광,종교성지
양주,2023,7,2023-07,143,경기도,양주시,조명박물관,30,양주 2023_07.csv,문화관광,전시시설
양주,2023,7,2023-07,144,경기도,양주시,홍죽산업단지근린공원,29,양주 2023_07.csv,문화관광,도시공원
양주,2023,7,2023-07,144,경기도,양주시,독바위공원인라인스케이트장,29,양주 2023_07.csv,레저스포츠,기타레저스포츠
양주,2023,7,2023-07,144,경기도,양주시,송추낚시터,29,양주 2023_07.csv,레저스포츠,수상레저스포츠
양주,2023,7,2023-07,144,경기도,양주시,미라클피싱,29,양주 2023_07.csv,레저스포츠,수상레저스포츠
양주,2023,7,2023-07,148,경기도,양주시,효촌저수지,28,양주 2023_07.csv,자연관광,자연경관(하천/해양)
양주,2023,7,2023-07,148,경기도,양주시,스마트시티복합센터,28,양주 2023_07.csv,문화관광,기타문화관광지
양주,2023,7,2023-07,148,경기도,양주시,양주골김치체험박물관,28,양주 2023_07.csv,문화관광,전시시설
양주,2023,7,2023-07,151,경기도,양주시,은현낚시터,27,양주 2023_07.csv,레저스포츠,수상레저스포츠
양주,2023,7,2023-07,151,경기도,양주시,송암천문대,27,양주 2023_07.csv,기타관광,기타관광
양주,2023,7,2023-07,151,경기도,양주시,각명사,27,양주 2023_07.csv,역사관광,종교성지
양주,2023,7,2023-07,154,경기도,양주시,봉암낚시터,26,양주 2023_07.csv,레저스포츠,수상레저스포츠
양주,2023,7,2023-07,155,경기도,양주시,강호이앤티,25,양주 2023_07.csv,레저스포츠,기타레저스포츠
양주,2023,7,2023-07,155,경기도,양주시,어둔리저수지,25,양주 2023_07.csv,자연관광,자연경관(하천/해양)
양주,2023,7,2023-07,157,경기도,양주시,덕수레저타운,24,양주 2023_07.csv,레저스포츠,기타레저스포츠
양주,2023,7,2023-07,158,경기도,양주시,가납시장,23,양주 2023_07.csv,쇼핑,시장
양주,2023,7,2023-07,158,경기도,양주시,대승사,23,양주 2023_07.csv,역사관광,종교성지
양주,2023,7,2023-07,160,경기도,양주시,아트휠즈,21,양주 2023_07.csv,레저스포츠,육상레저스포츠
양주,2023,7,2023-07,160,경기도,양주시,장흥생활체육공원,21,양주 2023_07.csv,문화관광,도시공원
양주,2023,7,2023-07,162,경기도,양주시,덕계저수지,20,양주 2023_07.csv,자연관광,자연경관(하천/해양)
양주,2023,7,2023-07,162,경기도,양주시,양주아트밸리눈썰매장,20,양주 2023_07.csv,레저스포츠,육상레저스포츠
양주,2023,7,2023-07,162,경기도,양주시,선그로원예,20,양주 2023_07.csv,체험관광,농/산/어촌체험
양주,2023,7,2023-07,165,경기도,양주시,동산가든낚시터,19,양주 2023_07.csv,레저스포츠,수상레저스포츠
양주,2023,7,2023-07,165,경기도,양주시,헬로방방양주점,19,양주 2023_07.csv,문화관광,테마공원
양주,2023,7,2023-07,167,경기도,양주시,효진푸드,17,양주 2023_07.csv,쇼핑,시장
양주,2023,7,2023-07,168,경기도,양주시,리틀웨일키즈풀파티룸,16,양주 2023_07.csv,문화관광,테마공원
양주,2023,7,2023-07,168,경기도,양주시,원당저수지,16,양주 2023_07.csv,자연관광,자연경관(하천/해양)
양주,2023,7,2023-07,168,경기도,양주시,양주관아지,16,양주 2023_07.csv,역사관광,역사유적지
양주,2023,7,2023-07,168,경기도,양주시,해유령전첩지,16,양주 2023_07.csv,역사관광,역사유적지
양주,2023,7,2023-07,168,경기도,양주시,에코야구장,16,양주 2023_07.csv,문화관광,레저스포츠시설
양주,2023,7,2023-07,173,경기도,양주시,옥정체육공원,15,양주 2023_07.csv,문화관광,도시공원
양주,2023,7,2023-07,173,경기도,양주시,나눔갤러리블루,15,양주 2023_07.csv,문화관광,전시시설
양주,2023,7,2023-07,175,경기도,양주시,옥정탁구클럽,14,양주 2023_07.csv,레저스포츠,기타레저스포츠
양주,2023,7,2023-07,175,경기도,양주시,기산리유원지,14,양주 2023_07.csv,문화관광,복합관광시설
양주,2023,7,2023-07,175,경기도,양주시,옥정배수지체육공원,14,양주 2023_07.csv,문화관광,도시공원
양주,2023,7,2023-07,175,경기도,양주시,금바위저수지,14,양주 2023_07.csv,자연관광,자연경관(하천/해양)
양주,2023,7,2023-07,179,경기도,양주시,양주FC,13,양주 2023_07.csv,레저스포츠,기타레저스포츠
양주,2023,7,2023-07,179,경기도,양주시,양주문화예술회관발물놀이터,13,양주 2023_07.csv,문화관광,테마공원
양주,2023,7,2023-07,179,경기도,양주시,봉우근린공원,13,양주 2023_07.csv,문화관광,도시공원
양주,2023,7,2023-07,179,경기도,양주시,한성승마클럽,13,양주 2023_07.csv,레저스포츠,육상레저스포츠
양주,2023,7,2023-07,179,경기도,양주시,보타사,13,양주 2023_07.csv,역사관광,종교성지
양주,2023,7,2023-07,184,경기도,양주시,연화사,12,양주 2023_07.csv,역사관광,종교성지
양주,2023,7,2023-07,184,경기도,양주시,해마루농원,12,양주 2023_07.csv,체험관광,농/산/어촌체험
양주,2023,7,2023-07,186,경기도,양주시,고읍제2어린이공원,11,양주 2023_07.csv,문화관광,도시공원
양주,2023,7,2023-07,186,경기도,양주시,양주혁신리빙랩센터,11,양주 2023_07.csv,문화관광,기타문화관광지
양주,2023,7,2023-07,186,경기도,양주시,폴앤풀양주점,11,양주 2023_07.csv,문화관광,테마공원
양주,2023,7,2023-07,186,경기도,양주시,윤성에프앤비양주물류센터,11,양주 2023_07.csv,레저스포츠,수상레저스포츠
양주,2023,7,2023-07,186,경기도,양주시,씨알농장,11,양주 2023_07.csv,체험관광,농/산/어촌체험
양주,2023,7,2023-07,186,경기도,양주시,덕계낚시터,11,양주 2023_07.csv,레저스포츠,수상레저스포츠
양주,2023,7,2023-07,186,경기도,양주시,신상호스튜디오,11,양주 2023_07.csv,문화관광,전시시설
양주,2023,7,2023-07,193,경기도,양주시,보메기낚시터,10,양주 2023_07.csv,레저스포츠,수상레저스포츠
양주,2023,7,2023-07,193,경기도,양주시,백인걸선생묘,10,양주 2023_07.csv,역사관광,역사유적지
양주,2023,7,2023-07,193,경기도,양주시,영풍농장,10,양주 2023_07.csv,체험관광,농/산/어촌체험
양주,2023,7,2023-07,193,경기도,양주시,비암사,10,양주 2023_07.csv,역사관광,종교성지
양주,2023,7,2023-07,193,경기도,양주시,양주시티즌축구클럽,10,양주 2023_07.csv,문화관광,레저스포츠시설
양주,2023,7,2023-07,193,경기도,양주시,오상갤러리,10,양주 2023_07.csv,문화관광,전시시설
양주,2023,7,2023-07,199,경기도,양주시,본주짓수회천점,9,양주 2023_07.csv,레저스포츠,기타레저스포츠
양주,2023,7,2023-07,199,경기도,양주시,송암사,9,양주 2023_07.csv,역사관광,종교성지
양주,2023,7,2023-07,201,경기도,양주시,뽀로로맘앤키즈카페이마트양주점,7,양주 2023_07.csv,문화관광,테마공원
양주,2023,7,2023-07,201,경기도,양주시,고려대학교축구장,7,양주 2023_07.csv,문화관광,레저스포츠시설
양주,2023,7,2023-07,201,경기도,양주시,북한산둘레길13구간,7,양주 2023_07.csv,레저스포츠,기타레저스포츠
양주,2023,7,2023-07,204,경기도,양주시,양주울대고개순직경찰관추도비,6,양주 2023_07.csv,역사관광,역사유물
양주,2023,7,2023-07,204,경기도,양주시,나리다육,6,양주 2023_07.csv,체험관광,농/산/어촌체험
양주,2023,7,2023-07,204,경기도,양주시,연곡저수지,6,양주 2023_07.csv,자연관광,자연경관(하천/해양)
양주,2023,7,2023-07,204,경기도,양주시,백화암,6,양주 2023_07.csv,역사관광,종교성지
양주,2023,7,2023-07,204,경기도,양주시,회암사지,6,양주 2023_07.csv,역사관광,역사유적지
양주,2023,7,2023-07,204,경기도,양주시,무호정,6,양주 2023_07.csv,레저스포츠,육상레저스포츠
양주,2023,7,2023-07,204,경기도,양주시,엄상마을문화거리,6,양주 2023_07.csv,문화관광,테마공원
양주,2023,7,2023-07,204,경기도,양주시,도봉라이거파크도봉산리그야구장,6,양주 2023_07.csv,문화관광,레저스포츠시설
양주,2023,7,2023-07,212,경기도,양주시,광적생활체육공원,5,양주 2023_07.csv,문화관광,도시공원
양주,2023,7,2023-07,212,경기도,양주시,맑은물농원,5,양주 2023_07.csv,체험관광,농/산/어촌체험
양주,2023,7,2023-07,212,경기도,양주시,온릉,5,양주 2023_07.csv,역사관광,역사유적지
양주,2023,7,2023-07,215,경기도,양주시,신산시장복합센터,4,양주 2023_07.csv,쇼핑,시장
양주,2023,7,2023-07,215,경기도,양주시,이수광선생묘,4,양주 2023_07.csv,역사관광,역사유적지
양주,2023,7,2023-07,215,경기도,양주시,칠봉산천보터널방면,4,양주 2023_07.csv,자연관광,자연경관(산)
양주,2023,7,2023-07,215,경기도,양주시,양주시립장욱진미술관통합매표소,4,양주 2023_07.csv,문화관광,복합관광시설
양주,2023,7,2023-07,215,경기도,양주시,부부관광농원,4,양주 2023_07.csv,체험관광,농/산/어촌체험
양주,2023,7,2023-07,215,경기도,양주시,마리조아승마클럽,4,양주 2023_07.csv,레저스포츠,육상레저스포츠
양주,2023,7,2023-07,215,경기도,양주시,두루농원,4,양주 2023_07.csv,체험관광,농/산/어촌체험
양주,2023,7,2023-07,222,경기도,양주시,나누리근린공원,3,양주 2023_07.csv,문화관광,도시공원
양주,2023,7,2023-07,222,경기도,양주시,제삼목장,3,양주 2023_07.csv,체험관광,농/산/어촌체험
양주,2023,7,2023-07,222,경기도,양주시,행복담은공방,3,양주 2023_07.csv,체험관광,공예체험
양주,2023,7,2023-07,222,경기도,양주시,몬스터프팅,3,양주 2023_07.csv,체험관광,공예체험
양주,2023,7,2023-07,222,경기도,양주시,쏘폴스튜디오,3,양주 2023_07.csv,레저스포츠,기타레저스포츠
양주,2023,7,2023-07,222,경기도,양주시,용암낚시터,3,양주 2023_07.csv,레저스포츠,수상레저스포츠
양주,2023,7,2023-07,222,경기도,양주시,기산낚시터,3,양주 2023_07.csv,레저스포츠,수상레저스포츠
양주,2023,7,2023-07,222,경기도,양주시,양주농부이범석,3,양주 2023_07.csv,체험관광,농/산/어촌체험
양주,2023,7,2023-07,222,경기도,양주시,윤근수사당,3,양주 2023_07.csv,역사관광,역사유적지
양주,2023,7,2023-07,222,경기도,양주시,MBP리그,3,양주 2023_07.csv,문화관광,레저스포츠시설
양주,2023,7,2023-07,222,경기도,양주시,베이스캠프,3,양주 2023_07.csv,레저스포츠,기타레저스포츠
양주,2023,7,2023-07,222,경기도,양주시,신산리공원,3,양주 2023_07.csv,문화관광,도시공원
양주,2023,7,2023-07,222,경기도,양주시,허브힐,3,양주 2023_07.csv,문화관광,복합관광시설
양주,2023,7,2023-07,222,경기도,양주시,기원정사,3,양주 2023_07.csv,역사관광,종교성지
양주,2023,7,2023-07,222,경기도,양주시,둘리스케이트장,3,양주 2023_07.csv,레저스포츠,육상레저스포츠
양주,2023,7,2023-07,222,경기도,양주시,수월사,3,양주 2023_07.csv,역사관광,종교성지
양주,2023,7,2023-07,222,경기도,양주시,대장금눈썰매장,3,양주 2023_07.csv,레저스포츠,육상레저스포츠
양주,2023,7,2023-07,222,경기도,양주시,불곡산,3,양주 2023_07.csv,자연관광,자연경관(산)
양주,2023,7,2023-07,222,경기도,양주시,양주시 현충탑,3,양주 2023_07.csv,역사관광,역사유물
양주,2023,7,2023-07,222,경기도,양주시,휴먼앤홀스랜드,3,양주 2023_07.csv,레저스포츠,육상레저스포츠
양주,2023,7,2023-07,222,경기도,양주시,원각폭포,3,양주 2023_07.csv,자연관광,자연경관(산)
양주,2023,7,2023-07,222,경기도,양주시,북한산송추자연관찰로,3,양주 2023_07.csv,문화관광,도시/지역문화관광
양주,2023,7,2023-07,222,경기도,양주시,원학농장,3,양주 2023_07.csv,체험관광,농/산/어촌체험
양주,2023,7,2023-07,222,경기도,양주시,양주산성야구장,3,양주 2023_07.csv,문화관광,레저스포츠시설
양주,2023,7,2023-07,222,경기도,양주시,조소앙선생기념공원,3,양주 2023_07.csv,문화관광,도시공원
양주,2023,7,2023-07,222,경기도,양주시,장흥버섯농장,3,양주 2023_07.csv,체험관광,농/산/어촌체험
양주,2023,7,2023-07,222,경기도,양주시,군남농장,3,양주 2023_07.csv,체험관광,농/산/어촌체험
양주,2023,7,2023-07,222,경기도,양주시,스타아쿠아리움,3,양주 2023_07.csv,문화관광,테마공원
양주,2023,7,2023-07,222,경기도,양주시,백석생활체육공원리틀야구장,3,양주 2023_07.csv,문화관광,레저스포츠시설
양주,2023,7,2023-07,222,경기도,양주시,문수사,3,양주 2023_07.csv,역사관광,종교성지
양주,2023,7,2023-07,222,경기도,양주시,진도농원,3,양주 2023_07.csv,체험관광,농/산/어촌체험
양주,2023,7,2023-07,222,경기도,양주시,월암사,3,양주 2023_07.csv,역사관광,종교성지
양주,2023,7,2023-07,222,경기도,양주시,양주농원,3,양주 2023_07.csv,체험관광,농/산/어촌체험
양주,2023,7,2023-07,222,경기도,양주시,쿤스트마쿤,3,양주 2023_07.csv,체험관광,공예체험
양주,2023,7,2023-07,222,경기도,양주시,울트라주짓수,3,양주 2023_07.csv,레저스포츠,기타레저스포츠
양주,2023,7,2023-07,222,경기도,양주시,그리다키즈카페,3,양주 2023_07.csv,문화관광,테마공원
양주,2023,7,2023-07,222,경기도,양주시,샘내고개,3,양주 2023_07.csv,자연관광,자연경관(산)
양주,2023,8,2023-08,1,경기도,양주시,LF스퀘어양주점,9238,양주 2023_08.csv,쇼핑,쇼핑몰
양주,2023,8,2023-08,2,경기도,양주시,레이크우드CC,5807,양주 2023_08.csv,레저스포츠,육상레저스포츠
양주,2023,8,2023-08,3,경기도,양주시,장흥관광지,3750,양주 2023_08.csv,문화관광,복합관광시설
양주,2023,8,2023-08,4,경기도,양주시,CGV양주옥정,3523,양주 2023_08.csv,문화관광,공연시설
양주,2023,8,2023-08,5,경기도,양주시,송추CC,3263,양주 2023_08.csv,레저스포츠,육상레저스포츠
양주,2023,8,2023-08,6,경기도,양주시,장흥한옥수영장,2765,양주 2023_08.csv,문화관광,테마공원
양주,2023,8,2023-08,7,경기도,양주시,히든밸리송추,2689,양주 2023_08.csv,문화관광,테마공원
양주,2023,8,2023-08,8,경기도,양주시,두리랜드,2640,양주 2023_08.csv,문화관광,테마공원
양주,2023,8,2023-08,9,경기도,양주시,옥정중앙공원,2379,양주 2023_08.csv,문화관광,도시공원
양주,2023,8,2023-08,10,경기도,양주시,가나아트파크,2332,양주 2023_08.csv,문화관광,전시시설
양주,2023,8,2023-08,11,경기도,양주시,송추계곡,2311,양주 2023_08.csv,자연관광,자연경관(산)
양주,2023,8,2023-08,11,경기도,양주시,그랜드유원지,2311,양주 2023_08.csv,기타관광,기타관광
양주,2023,8,2023-08,13,경기도,양주시,양주시립장욱진미술관,2221,양주 2023_08.csv,문화관광,전시시설
양주,2023,8,2023-08,14,경기도,양주시,루이힐스CC,1427,양주 2023_08.csv,레저스포츠,육상레저스포츠
양주,2023,8,2023-08,15,경기도,양주시,회암사지박물관,1414,양주 2023_08.csv,문화관광,전시시설
양주,2023,8,2023-08,16,경기도,양주시,일영워터힐,1244,양주 2023_08.csv,문화관광,테마공원
양주,2023,8,2023-08,17,경기도,양주시,신흥레저타운,1229,양주 2023_08.csv,레저스포츠,기타레저스포츠
양주,2023,8,2023-08,18,경기도,양주시,송추로얄암반수수영장,1218,양주 2023_08.csv,문화관광,테마공원
양주,2023,8,2023-08,19,경기도,양주시,유수풀물놀이장,1158,양주 2023_08.csv,문화관광,테마공원
양주,2023,8,2023-08,20,경기도,양주시,신흥레저워터월드,1094,양주 2023_08.csv,문화관광,테마공원
양주,2023,8,2023-08,21,경기도,양주시,메가박스양주,1045,양주 2023_08.csv,문화관광,공연시설
양주,2023,8,2023-08,22,경기도,양주시,장흥자동차극장,984,양주 2023_08.csv,문화관광,공연시설
양주,2023,8,2023-08,23,경기도,양주시,양주유수풀파크&바베큐장,892,양주 2023_08.csv,문화관광,테마공원
양주,2023,8,2023-08,24,경기도,양주시,오림피아수영장,878,양주 2023_08.csv,문화관광,테마공원
양주,2023,8,2023-08,25,경기도,양주시,송추역,839,양주 2023_08.csv,기타관광,교통시설
양주,2023,8,2023-08,26,경기도,양주시,가래비장터,776,양주 2023_08.csv,쇼핑,시장
양주,2023,8,2023-08,27,경기도,양주시,백석생활체육공원,736,양주 2023_08.csv,문화관광,도시공원
양주,2023,8,2023-08,28,경기도,양주시,메가파크양주,662,양주 2023_08.csv,문화관광,테마공원
양주,2023,8,2023-08,29,경기도,양주시,헤세의정원,634,양주 2023_08.csv,문화관광,기타문화관광지
양주,2023,8,2023-08,30,경기도,양주시,국립아세안자연휴양림,616,양주 2023_08.csv,자연관광,자연공원
양주,2023,8,2023-08,31,경기도,양주시,딱따구리청소년수련원,561,양주 2023_08.csv,레저스포츠,육상레저스포츠
양주,2023,8,2023-08,32,경기도,양주시,장흥돌고개유원지,560,양주 2023_08.csv,문화관광,복합관광시설
양주,2023,8,2023-08,33,경기도,양주시,일영랜드수영장,549,양주 2023_08.csv,문화관광,테마공원
양주,2023,8,2023-08,34,경기도,양주시,청련사,510,양주 2023_08.csv,역사관광,종교성지
양주,2023,8,2023-08,35,경기도,양주시,롯데시네마양주고읍 휴점,509,양주 2023_08.csv,문화관광,공연시설
양주,2023,8,2023-08,36,경기도,양주시,스카이워터파크,495,양주 2023_08.csv,문화관광,테마공원
양주,2023,8,2023-08,37,경기도,양주시,고덕생활체육공원,488,양주 2023_08.csv,문화관광,도시공원
양주,2023,8,2023-08,38,경기도,양주시,독바위공원,462,양주 2023_08.csv,문화관광,도시공원
양주,2023,8,2023-08,39,경기도,양주시,나리농원,459,양주 2023_08.csv,체험관광,농/산/어촌체험
양주,2023,8,2023-08,40,경기도,양주시,장자원낚시터,448,양주 2023_08.csv,레저스포츠,수상레저스포츠
양주,2023,8,2023-08,41,경기도,양주시,송암스페이스센터,436,양주 2023_08.csv,기타관광,기타관광
양주,2023,8,2023-08,42,경기도,양주시,회암사,426,양주 2023_08.csv,역사관광,종교성지
양주,2023,8,2023-08,43,경기도,양주시,일영유원지,411,양주 2023_08.csv,문화관광,복합관광시설
양주,2023,8,2023-08,44,경기도,양주시,기산저수지,410,양주 2023_08.csv,자연관광,자연경관(하천/해양)
양주,2023,8,2023-08,45,경기도,양주시,토도,406,양주 2023_08.csv,문화관광,테마공원
양주,2023,8,2023-08,46,경기도,양주시,TBS도봉산축구장,401,양주 2023_08.csv,문화관광,레저스포츠시설
양주,2023,8,2023-08,47,경기도,양주시,장흥수영장,398,양주 2023_08.csv,문화관광,테마공원
양주,2023,8,2023-08,48,경기도,양주시,신암낚시터,363,양주 2023_08.csv,레저스포츠,수상레저스포츠
양주,2023,8,2023-08,49,경기도,양주시,양주팬텀실내풋살장,355,양주 2023_08.csv,레저스포츠,기타레저스포츠
양주,2023,8,2023-08,50,경기도,양주시,청암민속박물관,341,양주 2023_08.csv,문화관광,전시시설
양주,2023,8,2023-08,51,경기도,양주시,멜버른승마장,338,양주 2023_08.csv,레저스포츠,육상레저스포츠
양주,2023,8,2023-08,52,경기도,양주시,일영역,318,양주 2023_08.csv,기타관광,교통시설
양주,2023,8,2023-08,53,경기도,양주시,양주별산대놀이마당,310,양주 2023_08.csv,문화관광,기타문화관광지
양주,2023,8,2023-08,54,경기도,양주시,양주베이스볼파크,309,양주 2023_08.csv,문화관광,레저스포츠시설
양주,2023,8,2023-08,55,경기도,양주시,스카이야구장,308,양주 2023_08.csv,문화관광,레저스포츠시설
양주,2023,8,2023-08,56,경기도,양주시,칠봉산CC,293,양주 2023_08.csv,레저스포츠,육상레저스포츠
양주,2023,8,2023-08,57,경기도,양주시,덕계공원,276,양주 2023_08.csv,문화관광,도시공원
양주,2023,8,2023-08,58,경기도,양주시,장흥야구장,270,양주 2023_08.csv,문화관광,레저스포츠시설
양주,2023,8,2023-08,59,경기도,양주시,후니버설스튜디오,266,양주 2023_08.csv,문화관광,전시시설
양주,2023,8,2023-08,60,경기도,양주시,광백저수지,264,양주 2023_08.csv,자연관광,자연경관(하천/해양)
양주,2023,8,2023-08,61,경기도,양주시,장흥자생수목원,254,양주 2023_08.csv,자연관광,자연공원
양주,2023,8,2023-08,61,경기도,양주시,장흥역,254,양주 2023_08.csv,기타관광,교통시설
양주,2023,8,2023-08,63,경기도,양주시,더콕배드민턴레슨센터,252,양주 2023_08.csv,레저스포츠,기타레저스포츠
양주,2023,8,2023-08,64,경기도,양주시,양주시청소년수련원,248,양주 2023_08.csv,레저스포츠,육상레저스포츠
양주,2023,8,2023-08,65,경기도,양주시,MBP리그,247,양주 2023_08.csv,문화관광,레저스포츠시설
양주,2023,8,2023-08,66,경기도,양주시,조명박물관,245,양주 2023_08.csv,문화관광,전시시설
양주,2023,8,2023-08,67,경기도,양주시,선돌근린공원,241,양주 2023_08.csv,문화관광,도시공원
양주,2023,8,2023-08,68,경기도,양주시,양주시립민복진미술관,240,양주 2023_08.csv,문화관광,전시시설
양주,2023,8,2023-08,69,경기도,양주시,VIP야구장,238,양주 2023_08.csv,문화관광,레저스포츠시설
양주,2023,8,2023-08,70,경기도,양주시,양주시승마장,231,양주 2023_08.csv,레저스포츠,육상레저스포츠
양주,2023,8,2023-08,71,경기도,양주시,삼하낚시터,219,양주 2023_08.csv,레저스포츠,수상레저스포츠
양주,2023,8,2023-08,72,경기도,양주시,공존풋살파크양주점,202,양주 2023_08.csv,문화관광,레저스포츠시설
양주,2023,8,2023-08,73,경기도,양주시,ND야구장,198,양주 2023_08.csv,문화관광,레저스포츠시설
양주,2023,8,2023-08,74,경기도,양주시,양주테크노풋살센터,195,양주 2023_08.csv,레저스포츠,기타레저스포츠
양주,2023,8,2023-08,75,경기도,양주시,옥정체육공원,189,양주 2023_08.csv,문화관광,도시공원
양주,2023,8,2023-08,76,경기도,양주시,장흥계곡,187,양주 2023_08.csv,자연관광,자연경관(산)
양주,2023,8,2023-08,77,경기도,양주시,장흥조각공원,181,양주 2023_08.csv,문화관광,도시공원
양주,2023,8,2023-08,78,경기도,양주시,EP베이스볼파크,173,양주 2023_08.csv,문화관광,레저스포츠시설
양주,2023,8,2023-08,79,경기도,양주시,베베앙쥬베이비카페옥정점,171,양주 2023_08.csv,문화관광,테마공원
양주,2023,8,2023-08,79,경기도,양주시,장흥축구장,171,양주 2023_08.csv,문화관광,레저스포츠시설
양주,2023,8,2023-08,81,경기도,양주시,옥정체육공원축구장,165,양주 2023_08.csv,문화관광,레저스포츠시설
양주,2023,8,2023-08,82,경기도,양주시,장흥자연휴양림,159,양주 2023_08.csv,자연관광,자연공원
양주,2023,8,2023-08,83,경기도,양주시,신천생활체육공원,158,양주 2023_08.csv,문화관광,도시공원
양주,2023,8,2023-08,84,경기도,양주시,남경수목원,154,양주 2023_08.csv,체험관광,농/산/어촌체험
양주,2023,8,2023-08,84,경기도,양주시,롤러몬스터,154,양주 2023_08.csv,레저스포츠,기타레저스포츠
양주,2023,8,2023-08,86,경기도,양주시,양주풋살파크제1구장,147,양주 2023_08.csv,문화관광,레저스포츠시설
양주,2023,8,2023-08,87,경기도,양주시,티제이풋살파크,142,양주 2023_08.csv,레저스포츠,기타레저스포츠
양주,2023,8,2023-08,87,경기도,양주시,고읍구장,142,양주 2023_08.csv,문화관광,레저스포츠시설
양주,2023,8,2023-08,89,경기도,양주시,원실내바다낚시터양주점,133,양주 2023_08.csv,레저스포츠,수상레저스포츠
양주,2023,8,2023-08,90,경기도,양주시,송추원각사,129,양주 2023_08.csv,역사관광,종교성지
양주,2023,8,2023-08,91,경기도,양주시,송추낚시터,124,양주 2023_08.csv,레저스포츠,수상레저스포츠
양주,2023,8,2023-08,92,경기도,양주시,지장사,122,양주 2023_08.csv,역사관광,종교성지
양주,2023,8,2023-08,92,경기도,양주시,한국축구센터,122,양주 2023_08.csv,문화관광,레저스포츠시설
양주,2023,8,2023-08,94,경기도,양주시,광적생활체육공원축구장,114,양주 2023_08.csv,문화관광,레저스포츠시설
양주,2023,8,2023-08,95,경기도,양주시,석굴암,113,양주 2023_08.csv,역사관광,종교성지
양주,2023,8,2023-08,95,경기도,양주시,대원정사,113,양주 2023_08.csv,역사관광,종교성지
양주,2023,8,2023-08,95,경기도,양주시,어둔리저수지,113,양주 2023_08.csv,자연관광,자연경관(하천/해양)
양주,2023,8,2023-08,98,경기도,양주시,한마음청소년수련원수영장,112,양주 2023_08.csv,문화관광,테마공원
양주,2023,8,2023-08,99,경기도,양주시,양주관아지,111,양주 2023_08.csv,역사관광,역사유적지
양주,2023,8,2023-08,100,경기도,양주시,백석생활체육공원야구장,109,양주 2023_08.csv,문화관광,레저스포츠시설
양주,2023,8,2023-08,101,경기도,양주시,화담정사,108,양주 2023_08.csv,역사관광,종교성지
양주,2023,8,2023-08,102,경기도,양주시,원당저수지,107,양주 2023_08.csv,자연관광,자연경관(하천/해양)
양주,2023,8,2023-08,102,경기도,양주시,나리공원물놀이장,107,양주 2023_08.csv,문화관광,테마공원
양주,2023,8,2023-08,104,경기도,양주시,양주수산물시장,104,양주 2023_08.csv,쇼핑,시장
양주,2023,8,2023-08,104,경기도,양주시,칠봉산낚시터,104,양주 2023_08.csv,레저스포츠,수상레저스포츠
양주,2023,8,2023-08,106,경기도,양주시,회암사지,102,양주 2023_08.csv,역사관광,역사유적지
양주,2023,8,2023-08,107,경기도,양주시,옥정배수지체육공원,99,양주 2023_08.csv,문화관광,도시공원
양주,2023,8,2023-08,108,경기도,양주시,북한산국립공원오봉탐방지원센터,98,양주 2023_08.csv,기타관광,기타관광
양주,2023,8,2023-08,109,경기도,양주시,못말낚시터,97,양주 2023_08.csv,레저스포츠,수상레저스포츠
양주,2023,8,2023-08,110,경기도,양주시,효촌저수지,96,양주 2023_08.csv,자연관광,자연경관(하천/해양)
양주,2023,8,2023-08,111,경기도,양주시,봉암저수지,95,양주 2023_08.csv,자연관광,자연경관(하천/해양)
양주,2023,8,2023-08,111,경기도,양주시,프레리키즈카페양주옥정점,95,양주 2023_08.csv,문화관광,테마공원
양주,2023,8,2023-08,113,경기도,양주시,덕계저수지,94,양주 2023_08.csv,자연관광,자연경관(하천/해양)
양주,2023,8,2023-08,114,경기도,양주시,씽씽롤러스케이트장,92,양주 2023_08.csv,레저스포츠,육상레저스포츠
양주,2023,8,2023-08,115,경기도,양주시,신세계팩토리스토어양주점,91,양주 2023_08.csv,쇼핑,쇼핑몰
양주,2023,8,2023-08,116,경기도,양주시,나리공원파크골프장,89,양주 2023_08.csv,레저스포츠,육상레저스포츠
양주,2023,8,2023-08,117,경기도,양주시,삼숭생활체육공원,88,양주 2023_08.csv,문화관광,도시공원
양주,2023,8,2023-08,118,경기도,양주시,세광사,87,양주 2023_08.csv,역사관광,종교성지
양주,2023,8,2023-08,119,경기도,양주시,광사낚시터,83,양주 2023_08.csv,레저스포츠,수상레저스포츠
양주,2023,8,2023-08,120,경기도,양주시,헬로방방양주점,82,양주 2023_08.csv,문화관광,테마공원
양주,2023,8,2023-08,121,경기도,양주시,장흥생활체육공원,74,양주 2023_08.csv,문화관광,도시공원
양주,2023,8,2023-08,122,경기도,양주시,육지장사,73,양주 2023_08.csv,역사관광,종교성지
양주,2023,8,2023-08,123,경기도,양주시,플레이랩양주점,71,양주 2023_08.csv,문화관광,테마공원
양주,2023,8,2023-08,123,경기도,양주시,위바운스,71,양주 2023_08.csv,문화관광,테마공원
양주,2023,8,2023-08,125,경기도,양주시,은현피싱타운,70,양주 2023_08.csv,레저스포츠,수상레저스포츠
양주,2023,8,2023-08,126,경기도,양주시,원더풀키즈수영장,68,양주 2023_08.csv,문화관광,테마공원
양주,2023,8,2023-08,127,경기도,양주시,아지트배드민턴,65,양주 2023_08.csv,레저스포츠,기타레저스포츠
양주,2023,8,2023-08,127,경기도,양주시,백석생활체육공원리틀야구장,65,양주 2023_08.csv,문화관광,레저스포츠시설
양주,2023,8,2023-08,129,경기도,양주시,북한산국립공원교현탐방지원센터,64,양주 2023_08.csv,기타관광,기타관광
양주,2023,8,2023-08,130,경기도,양주시,효촌리낚시터,62,양주 2023_08.csv,레저스포츠,수상레저스포츠
양주,2023,8,2023-08,131,경기도,양주시,한성승마클럽,60,양주 2023_08.csv,레저스포츠,육상레저스포츠
양주,2023,8,2023-08,132,경기도,양주시,안상철미술관,58,양주 2023_08.csv,문화관광,전시시설
양주,2023,8,2023-08,132,경기도,양주시,조소앙선생기념관,58,양주 2023_08.csv,문화관광,전시시설
양주,2023,8,2023-08,134,경기도,양주시,신산리공원,55,양주 2023_08.csv,문화관광,도시공원
양주,2023,8,2023-08,134,경기도,양주시,노고산주말농장,55,양주 2023_08.csv,체험관광,농/산/어촌체험
양주,2023,8,2023-08,134,경기도,양주시,타겟28실내양궁장,55,양주 2023_08.csv,레저스포츠,육상레저스포츠
양주,2023,8,2023-08,137,경기도,양주시,동산가든낚시터,52,양주 2023_08.csv,레저스포츠,수상레저스포츠
양주,2023,8,2023-08,138,경기도,양주시,양주향교,51,양주 2023_08.csv,역사관광,역사유적지
양주,2023,8,2023-08,139,경기도,양주시,연화사,49,양주 2023_08.csv,역사관광,종교성지
양주,2023,8,2023-08,140,경기도,양주시,모자농원,48,양주 2023_08.csv,체험관광,농/산/어촌체험
양주,2023,8,2023-08,140,경기도,양주시,금바위저수지,48,양주 2023_08.csv,자연관광,자연경관(하천/해양)
양주,2023,8,2023-08,142,경기도,양주시,스트라이크존볼파크양주,47,양주 2023_08.csv,문화관광,레저스포츠시설
양주,2023,8,2023-08,142,경기도,양주시,신천생활체육공원축구장,47,양주 2023_08.csv,문화관광,레저스포츠시설
양주,2023,8,2023-08,142,경기도,양주시,송추다보사,47,양주 2023_08.csv,역사관광,종교성지
양주,2023,8,2023-08,145,경기도,양주시,양주풋살파크제2구장,46,양주 2023_08.csv,레저스포츠,기타레저스포츠
양주,2023,8,2023-08,145,경기도,양주시,꿈을그리다,46,양주 2023_08.csv,문화관광,테마공원
양주,2023,8,2023-08,147,경기도,양주시,온릉,45,양주 2023_08.csv,역사관광,역사유적지
양주,2023,8,2023-08,148,경기도,양주시,가나1아뜰리에,44,양주 2023_08.csv,문화관광,기타문화관광지
양주,2023,8,2023-08,149,경기도,양주시,대승사,43,양주 2023_08.csv,역사관광,종교성지
양주,2023,8,2023-08,149,경기도,양주시,777레지던스,43,양주 2023_08.csv,문화관광,전시시설
양주,2023,8,2023-08,149,경기도,양주시,스마트시티복합센터,43,양주 2023_08.csv,문화관광,기타문화관광지
양주,2023,8,2023-08,152,경기도,양주시,양주천보산림욕장,42,양주 2023_08.csv,자연관광,자연공원
양주,2023,8,2023-08,153,경기도,양주시,양주아트밸리눈썰매장,41,양주 2023_08.csv,레저스포츠,육상레저스포츠
양주,2023,8,2023-08,154,경기도,양주시,덕정시장,40,양주 2023_08.csv,쇼핑,시장
양주,2023,8,2023-08,154,경기도,양주시,나비랑키즈카페,40,양주 2023_08.csv,문화관광,테마공원
양주,2023,8,2023-08,156,경기도,양주시,일영낚시터,39,양주 2023_08.csv,레저스포츠,수상레저스포츠
양주,2023,8,2023-08,157,경기도,양주시,아름다운비행,36,양주 2023_08.csv,문화관광,전시시설
양주,2023,8,2023-08,158,경기도,양주시,덕수레저타운,35,양주 2023_08.csv,레저스포츠,기타레저스포츠
양주,2023,8,2023-08,159,경기도,양주시,아트휠즈,34,양주 2023_08.csv,레저스포츠,육상레저스포츠
양주,2023,8,2023-08,160,경기도,양주시,강호이앤티,32,양주 2023_08.csv,레저스포츠,기타레저스포츠
양주,2023,8,2023-08,161,경기도,양주시,어둔리남방낚시터,30,양주 2023_08.csv,레저스포츠,수상레저스포츠
양주,2023,8,2023-08,161,경기도,양주시,하늘물공원,30,양주 2023_08.csv,문화관광,도시공원
양주,2023,8,2023-08,161,경기도,양주시,덕계낚시터,30,양주 2023_08.csv,레저스포츠,수상레저스포츠
양주,2023,8,2023-08,161,경기도,양주시,백석생활체육공원축구장,30,양주 2023_08.csv,문화관광,레저스포츠시설
양주,2023,8,2023-08,161,경기도,양주시,가나2아뜰리에,30,양주 2023_08.csv,문화관광,기타문화관광지
양주,2023,8,2023-08,166,경기도,양주시,홍죽산업단지근린공원,29,양주 2023_08.csv,문화관광,도시공원
양주,2023,8,2023-08,166,경기도,양주시,독바위공원인라인스케이트장,29,양주 2023_08.csv,레저스포츠,기타레저스포츠
양주,2023,8,2023-08,166,경기도,양주시,비암사,29,양주 2023_08.csv,역사관광,종교성지
양주,2023,8,2023-08,169,경기도,양주시,봉암낚시터,27,양주 2023_08.csv,레저스포츠,수상레저스포츠
양주,2023,8,2023-08,170,경기도,양주시,씨알농장,26,양주 2023_08.csv,체험관광,농/산/어촌체험
양주,2023,8,2023-08,170,경기도,양주시,권율장군묘,26,양주 2023_08.csv,역사관광,역사유적지
양주,2023,8,2023-08,172,경기도,양주시,양주천만송이천일홍축제,24,양주 2023_08.csv,문화관광,기타문화관광지
양주,2023,8,2023-08,173,경기도,양주시,은현낚시터,23,양주 2023_08.csv,레저스포츠,수상레저스포츠
양주,2023,8,2023-08,174,경기도,양주시,리틀웨일키즈풀파티룸,22,양주 2023_08.csv,문화관광,테마공원
양주,2023,8,2023-08,174,경기도,양주시,원당낚시터,22,양주 2023_08.csv,레저스포츠,수상레저스포츠
양주,2023,8,2023-08,174,경기도,양주시,선그로원예,22,양주 2023_08.csv,체험관광,농/산/어촌체험
양주,2023,8,2023-08,174,경기도,양주시,샘내고개,22,양주 2023_08.csv,자연관광,자연경관(산)
양주,2023,8,2023-08,178,경기도,양주시,송암천문대,21,양주 2023_08.csv,기타관광,기타관광
양주,2023,8,2023-08,179,경기도,양주시,백석배수지생활체육공원,20,양주 2023_08.csv,문화관광,도시공원
양주,2023,8,2023-08,179,경기도,양주시,기산리유원지,20,양주 2023_08.csv,문화관광,복합관광시설
양주,2023,8,2023-08,179,경기도,양주시,오상갤러리,20,양주 2023_08.csv,문화관광,전시시설
양주,2023,8,2023-08,182,경기도,양주시,백화암,19,양주 2023_08.csv,역사관광,종교성지
양주,2023,8,2023-08,183,경기도,양주시,베이스캠프,18,양주 2023_08.csv,레저스포츠,기타레저스포츠
양주,2023,8,2023-08,183,경기도,양주시,백인걸선생묘,18,양주 2023_08.csv,역사관광,역사유적지
양주,2023,8,2023-08,183,경기도,양주시,윤성에프앤비양주물류센터,18,양주 2023_08.csv,레저스포츠,수상레저스포츠
양주,2023,8,2023-08,183,경기도,양주시,맑은물농원,18,양주 2023_08.csv,체험관광,농/산/어촌체험
양주,2023,8,2023-08,183,경기도,양주시,불곡산농원,18,양주 2023_08.csv,체험관광,농/산/어촌체험
양주,2023,8,2023-08,188,경기도,양주시,각명사,17,양주 2023_08.csv,역사관광,종교성지
양주,2023,8,2023-08,188,경기도,양주시,불곡산,17,양주 2023_08.csv,자연관광,자연경관(산)
양주,2023,8,2023-08,190,경기도,양주시,파이브피티회천점,16,양주 2023_08.csv,레저스포츠,기타레저스포츠
양주,2023,8,2023-08,191,경기도,양주시,광적생활체육공원,15,양주 2023_08.csv,문화관광,도시공원
양주,2023,8,2023-08,192,경기도,양주시,양주시립장욱진미술관통합매표소,14,양주 2023_08.csv,문화관광,복합관광시설
양주,2023,8,2023-08,192,경기도,양주시,양주골김치체험박물관,14,양주 2023_08.csv,문화관광,전시시설
양주,2023,8,2023-08,194,경기도,양주시,엄상마을문화거리,13,양주 2023_08.csv,문화관광,테마공원
양주,2023,8,2023-08,194,경기도,양주시,영산법화사,13,양주 2023_08.csv,역사관광,종교성지
양주,2023,8,2023-08,194,경기도,양주시,마리조아승마클럽,13,양주 2023_08.csv,레저스포츠,육상레저스포츠
양주,2023,8,2023-08,197,경기도,양주시,폴앤풀양주점,12,양주 2023_08.csv,문화관광,테마공원
양주,2023,8,2023-08,197,경기도,양주시,칠봉산천보터널방면,12,양주 2023_08.csv,자연관광,자연경관(산)
양주,2023,8,2023-08,197,경기도,양주시,효진푸드,12,양주 2023_08.csv,쇼핑,시장
양주,2023,8,2023-08,197,경기도,양주시,북한산둘레길13구간,12,양주 2023_08.csv,레저스포츠,기타레저스포츠
양주,2023,8,2023-08,197,경기도,양주시,신상호스튜디오,12,양주 2023_08.csv,문화관광,전시시설
양주,2023,8,2023-08,202,경기도,양주시,코스박스튜디오,11,양주 2023_08.csv,체험관광,공예체험
양주,2023,8,2023-08,203,경기도,양주시,신암지,10,양주 2023_08.csv,자연관광,자연경관(하천/해양)
양주,2023,8,2023-08,203,경기도,양주시,송암사,10,양주 2023_08.csv,역사관광,종교성지
양주,2023,8,2023-08,205,경기도,양주시,옥정탁구클럽,9,양주 2023_08.csv,레저스포츠,기타레저스포츠
양주,2023,8,2023-08,205,경기도,양주시,해유령전첩지,9,양주 2023_08.csv,역사관광,역사유적지
양주,2023,8,2023-08,205,경기도,양주시,가납시장,9,양주 2023_08.csv,쇼핑,시장
양주,2023,8,2023-08,205,경기도,양주시,살구골낚시터,9,양주 2023_08.csv,레저스포츠,수상레저스포츠
양주,2023,8,2023-08,209,경기도,양주시,연곡저수지,8,양주 2023_08.csv,자연관광,자연경관(하천/해양)
양주,2023,8,2023-08,209,경기도,양주시,기산낚시터,8,양주 2023_08.csv,레저스포츠,수상레저스포츠
양주,2023,8,2023-08,209,경기도,양주시,봉우근린공원,8,양주 2023_08.csv,문화관광,도시공원
양주,2023,8,2023-08,209,경기도,양주시,백수현전통가옥,8,양주 2023_08.csv,역사관광,역사유적지
양주,2023,8,2023-08,209,경기도,양주시,고려대학교축구장,8,양주 2023_08.csv,문화관광,레저스포츠시설
양주,2023,8,2023-08,209,경기도,양주시,해마루농원,8,양주 2023_08.csv,체험관광,농/산/어촌체험
양주,2023,8,2023-08,209,경기도,양주시,미라클피싱,8,양주 2023_08.csv,레저스포츠,수상레저스포츠
양주,2023,8,2023-08,209,경기도,양주시,양주농원,8,양주 2023_08.csv,체험관광,농/산/어촌체험
양주,2023,8,2023-08,217,경기도,양주시,나누리근린공원,7,양주 2023_08.csv,문화관광,도시공원
양주,2023,8,2023-08,217,경기도,양주시,MBP리그,7,양주 2023_08.csv,문화관광,레저스포츠시설
양주,2023,8,2023-08,217,경기도,양주시,양주문화재야행,7,양주 2023_08.csv,문화관광,기타문화관광지
양주,2023,8,2023-08,217,경기도,양주시,홍복저수지,7,양주 2023_08.csv,자연관광,자연경관(하천/해양)
양주,2023,8,2023-08,217,경기도,양주시,원학농장,7,양주 2023_08.csv,체험관광,농/산/어촌체험
양주,2023,8,2023-08,217,경기도,양주시,보타사,7,양주 2023_08.csv,역사관광,종교성지
양주,2023,8,2023-08,217,경기도,양주시,양주시티즌축구클럽,7,양주 2023_08.csv,문화관광,레저스포츠시설
양주,2023,8,2023-08,224,경기도,양주시,효순.미선평화공원,6,양주 2023_08.csv,문화관광,도시공원
양주,2023,8,2023-08,224,경기도,양주시,진영농장,6,양주 2023_08.csv,체험관광,농/산/어촌체험
양주,2023,8,2023-08,224,경기도,양주시,사명복싱한양3차신도점,6,양주 2023_08.csv,레저스포츠,기타레저스포츠
양주,2023,8,2023-08,224,경기도,양주시,양주남면의느티나무,6,양주 2023_08.csv,역사관광,역사유적지
양주,2023,8,2023-08,224,경기도,양주시,회암고개,6,양주 2023_08.csv,자연관광,자연경관(산)
양주,2023,8,2023-08,224,경기도,양주시,무호정,6,양주 2023_08.csv,레저스포츠,육상레저스포츠
양주,2023,8,2023-08,224,경기도,양주시,부흥사,6,양주 2023_08.csv,역사관광,종교성지
양주,2023,8,2023-08,224,경기도,양주시,양주와이어주짓수,6,양주 2023_08.csv,레저스포츠,기타레저스포츠
양주,2023,8,2023-08,232,경기도,양주시,양주FC,5,양주 2023_08.csv,레저스포츠,기타레저스포츠
양주,2023,8,2023-08,232,경기도,양주시,천불사,5,양주 2023_08.csv,역사관광,종교성지
양주,2023,8,2023-08,234,경기도,양주시,본주짓수회천점,4,양주 2023_08.csv,레저스포츠,기타레저스포츠
양주,2023,8,2023-08,234,경기도,양주시,군남농장,4,양주 2023_08.csv,체험관광,농/산/어촌체험
양주,2023,8,2023-08,234,경기도,양주시,묵은저수지,4,양주 2023_08.csv,자연관광,자연경관(하천/해양)
양주,2023,8,2023-08,234,경기도,양주시,가래비빙벽장,4,양주 2023_08.csv,레저스포츠,기타레저스포츠
양주,2023,8,2023-08,234,경기도,양주시,나눔갤러리블루,4,양주 2023_08.csv,문화관광,전시시설
양주,2023,8,2023-08,239,경기도,양주시,천봉나전칠기체험관,3,양주 2023_08.csv,문화관광,기타문화관광지
양주,2023,8,2023-08,239,경기도,양주시,다은공방,3,양주 2023_08.csv,체험관광,공예체험
양주,2023,8,2023-08,239,경기도,양주시,양주혁신리빙랩센터,3,양주 2023_08.csv,문화관광,기타문화관광지
양주,2023,8,2023-08,239,경기도,양주시,금빛갤러리,3,양주 2023_08.csv,문화관광,전시시설
양주,2023,8,2023-08,239,경기도,양주시,용암낚시터,3,양주 2023_08.csv,레저스포츠,수상레저스포츠
양주,2023,8,2023-08,239,경기도,양주시,WJ복싱클럽옥정점,3,양주 2023_08.csv,레저스포츠,기타레저스포츠
양주,2023,8,2023-08,239,경기도,양주시,보메기낚시터,3,양주 2023_08.csv,레저스포츠,수상레저스포츠
양주,2023,8,2023-08,239,경기도,양주시,아카시아농원,3,양주 2023_08.csv,체험관광,농/산/어촌체험
양주,2023,8,2023-08,239,경기도,양주시,장흥관광지관리사무소,3,양주 2023_08.csv,문화관광,도시공원
양주,2023,8,2023-08,239,경기도,양주시,자비식물원,3,양주 2023_08.csv,문화관광,테마공원
양주,2023,8,2023-08,239,경기도,양주시,둘리스케이트장,3,양주 2023_08.csv,레저스포츠,육상레저스포츠
양주,2023,8,2023-08,239,경기도,양주시,부부관광농원,3,양주 2023_08.csv,체험관광,농/산/어촌체험
양주,2023,8,2023-08,239,경기도,양주시,마하보디사,3,양주 2023_08.csv,역사관광,종교성지
양주,2023,8,2023-08,239,경기도,양주시,양주농촌테마공원,3,양주 2023_08.csv,문화관광,도시공원
양주,2023,8,2023-08,239,경기도,양주시,라라의뜰,3,양주 2023_08.csv,체험관광,농/산/어촌체험
양주,2023,8,2023-08,239,경기도,양주시,여성봉,3,양주 2023_08.csv,자연관광,자연경관(산)
양주,2023,8,2023-08,239,경기도,양주시,청담체육공원,3,양주 2023_08.csv,문화관광,도시공원
양주,2023,8,2023-08,239,경기도,양주시,문수사,3,양주 2023_08.csv,역사관광,종교성지
양주,2023,8,2023-08,239,경기도,양주시,에코야구장,3,양주 2023_08.csv,문화관광,레저스포츠시설
양주,2023,8,2023-08,239,경기도,양주시,바른자세교정운동원,3,양주 2023_08.csv,레저스포츠,기타레저스포츠
양주,2023,8,2023-08,239,경기도,양주시,황용목장,3,양주 2023_08.csv,체험관광,농/산/어촌체험
양주,2023,9,2023-09,1,경기도,양주시,나리농원,14853,양주 2023_09.csv,체험관광,농/산/어촌체험
양주,2023,9,2023-09,2,경기도,양주시,LF스퀘어양주점,10856,양주 2023_09.csv,쇼핑,쇼핑몰
양주,2023,9,2023-09,3,경기도,양주시,양주천만송이천일홍축제,10702,양주 2023_09.csv,문화관광,기타문화관광지
양주,2023,9,2023-09,4,경기도,양주시,레이크우드CC,7817,양주 2023_09.csv,레저스포츠,육상레저스포츠
양주,2023,9,2023-09,5,경기도,양주시,송추CC,4073,양주 2023_09.csv,레저스포츠,육상레저스포츠
양주,2023,9,2023-09,6,경기도,양주시,옥정중앙공원,3438,양주 2023_09.csv,문화관광,도시공원
양주,2023,9,2023-09,7,경기도,양주시,송추계곡,3419,양주 2023_09.csv,자연관광,자연경관(산)
양주,2023,9,2023-09,8,경기도,양주시,CGV양주옥정,2638,양주 2023_09.csv,문화관광,공연시설
양주,2023,9,2023-09,9,경기도,양주시,두리랜드,2418,양주 2023_09.csv,문화관광,테마공원
양주,2023,9,2023-09,10,경기도,양주시,회암사지박물관,2147,양주 2023_09.csv,문화관광,전시시설
양주,2023,9,2023-09,11,경기도,양주시,장흥관광지,1950,양주 2023_09.csv,문화관광,복합관광시설
양주,2023,9,2023-09,12,경기도,양주시,루이힐스CC,1733,양주 2023_09.csv,레저스포츠,육상레저스포츠
양주,2023,9,2023-09,13,경기도,양주시,가나아트파크,1373,양주 2023_09.csv,문화관광,전시시설
양주,2023,9,2023-09,14,경기도,양주시,양주시립장욱진미술관,1228,양주 2023_09.csv,문화관광,전시시설
양주,2023,9,2023-09,15,경기도,양주시,청련사,1191,양주 2023_09.csv,역사관광,종교성지
양주,2023,9,2023-09,16,경기도,양주시,기산저수지,1168,양주 2023_09.csv,자연관광,자연경관(하천/해양)
양주,2023,9,2023-09,17,경기도,양주시,양주관아지,1088,양주 2023_09.csv,역사관광,역사유적지
양주,2023,9,2023-09,18,경기도,양주시,양주별산대놀이마당,1025,양주 2023_09.csv,문화관광,기타문화관광지
양주,2023,9,2023-09,19,경기도,양주시,가래비장터,945,양주 2023_09.csv,쇼핑,시장
양주,2023,9,2023-09,20,경기도,양주시,백석생활체육공원,925,양주 2023_09.csv,문화관광,도시공원
양주,2023,9,2023-09,21,경기도,양주시,송추역,916,양주 2023_09.csv,기타관광,교통시설
양주,2023,9,2023-09,22,경기도,양주시,일영유원지,830,양주 2023_09.csv,문화관광,복합관광시설
양주,2023,9,2023-09,23,경기도,양주시,장흥자동차극장,783,양주 2023_09.csv,문화관광,공연시설
양주,2023,9,2023-09,24,경기도,양주시,선돌근린공원,727,양주 2023_09.csv,문화관광,도시공원
양주,2023,9,2023-09,25,경기도,양주시,옥정체육공원,726,양주 2023_09.csv,문화관광,도시공원
양주,2023,9,2023-09,26,경기도,양주시,헤세의정원,640,양주 2023_09.csv,문화관광,기타문화관광지
양주,2023,9,2023-09,27,경기도,양주시,국립아세안자연휴양림,637,양주 2023_09.csv,자연관광,자연공원
양주,2023,9,2023-09,28,경기도,양주시,딱따구리청소년수련원,629,양주 2023_09.csv,레저스포츠,육상레저스포츠
양주,2023,9,2023-09,29,경기도,양주시,메가박스양주,559,양주 2023_09.csv,문화관광,공연시설
양주,2023,9,2023-09,30,경기도,양주시,어둔리저수지,535,양주 2023_09.csv,자연관광,자연경관(하천/해양)
양주,2023,9,2023-09,31,경기도,양주시,독바위공원,526,양주 2023_09.csv,문화관광,도시공원
양주,2023,9,2023-09,32,경기도,양주시,나리공원물놀이장,525,양주 2023_09.csv,문화관광,테마공원
양주,2023,9,2023-09,33,경기도,양주시,봉암저수지,519,양주 2023_09.csv,자연관광,자연경관(하천/해양)
양주,2023,9,2023-09,34,경기도,양주시,TBS도봉산축구장,506,양주 2023_09.csv,문화관광,레저스포츠시설
양주,2023,9,2023-09,35,경기도,양주시,롯데시네마양주고읍 휴점,501,양주 2023_09.csv,문화관광,공연시설
양주,2023,9,2023-09,36,경기도,양주시,고덕생활체육공원,489,양주 2023_09.csv,문화관광,도시공원
양주,2023,9,2023-09,37,경기도,양주시,회암사,480,양주 2023_09.csv,역사관광,종교성지
양주,2023,9,2023-09,38,경기도,양주시,장자원낚시터,473,양주 2023_09.csv,레저스포츠,수상레저스포츠
양주,2023,9,2023-09,39,경기도,양주시,효촌저수지,457,양주 2023_09.csv,자연관광,자연경관(하천/해양)
양주,2023,9,2023-09,40,경기도,양주시,신암낚시터,453,양주 2023_09.csv,레저스포츠,수상레저스포츠
양주,2023,9,2023-09,41,경기도,양주시,조명박물관,446,양주 2023_09.csv,문화관광,전시시설
양주,2023,9,2023-09,42,경기도,양주시,양주시승마장,441,양주 2023_09.csv,레저스포츠,육상레저스포츠
양주,2023,9,2023-09,43,경기도,양주시,송추낚시터,432,양주 2023_09.csv,레저스포츠,수상레저스포츠
양주,2023,9,2023-09,44,경기도,양주시,양주시청소년수련원,431,양주 2023_09.csv,레저스포츠,육상레저스포츠
양주,2023,9,2023-09,45,경기도,양주시,회암사지,427,양주 2023_09.csv,역사관광,역사유적지
양주,2023,9,2023-09,46,경기도,양주시,일영역,424,양주 2023_09.csv,기타관광,교통시설
양주,2023,9,2023-09,47,경기도,양주시,메가파크양주,408,양주 2023_09.csv,문화관광,테마공원
양주,2023,9,2023-09,48,경기도,양주시,양주베이스볼파크,380,양주 2023_09.csv,문화관광,레저스포츠시설
양주,2023,9,2023-09,49,경기도,양주시,장흥생활체육공원,378,양주 2023_09.csv,문화관광,도시공원
양주,2023,9,2023-09,50,경기도,양주시,광백저수지,374,양주 2023_09.csv,자연관광,자연경관(하천/해양)
양주,2023,9,2023-09,51,경기도,양주시,옥정배수지체육공원,366,양주 2023_09.csv,문화관광,도시공원
양주,2023,9,2023-09,52,경기도,양주시,원당저수지,361,양주 2023_09.csv,자연관광,자연경관(하천/해양)
양주,2023,9,2023-09,53,경기도,양주시,장흥돌고개유원지,350,양주 2023_09.csv,문화관광,복합관광시설
양주,2023,9,2023-09,54,경기도,양주시,칠봉산CC,346,양주 2023_09.csv,레저스포츠,육상레저스포츠
양주,2023,9,2023-09,55,경기도,양주시,대원정사,345,양주 2023_09.csv,역사관광,종교성지
양주,2023,9,2023-09,56,경기도,양주시,청암민속박물관,342,양주 2023_09.csv,문화관광,전시시설
양주,2023,9,2023-09,57,경기도,양주시,양주문화재야행,331,양주 2023_09.csv,문화관광,기타문화관광지
양주,2023,9,2023-09,58,경기도,양주시,장흥자생수목원,323,양주 2023_09.csv,자연관광,자연공원
양주,2023,9,2023-09,59,경기도,양주시,스카이야구장,322,양주 2023_09.csv,문화관광,레저스포츠시설
양주,2023,9,2023-09,59,경기도,양주시,양주팬텀실내풋살장,322,양주 2023_09.csv,레저스포츠,기타레저스포츠
양주,2023,9,2023-09,61,경기도,양주시,멜버른승마장,315,양주 2023_09.csv,레저스포츠,육상레저스포츠
양주,2023,9,2023-09,62,경기도,양주시,MBP리그,314,양주 2023_09.csv,문화관광,레저스포츠시설
양주,2023,9,2023-09,63,경기도,양주시,덕계공원,313,양주 2023_09.csv,문화관광,도시공원
양주,2023,9,2023-09,64,경기도,양주시,그랜드유원지,309,양주 2023_09.csv,기타관광,기타관광
양주,2023,9,2023-09,65,경기도,양주시,삼하낚시터,292,양주 2023_09.csv,레저스포츠,수상레저스포츠
양주,2023,9,2023-09,66,경기도,양주시,헬로방방양주점,280,양주 2023_09.csv,문화관광,테마공원
양주,2023,9,2023-09,67,경기도,양주시,송암스페이스센터,273,양주 2023_09.csv,기타관광,기타관광
양주,2023,9,2023-09,68,경기도,양주시,토도,272,양주 2023_09.csv,문화관광,테마공원
양주,2023,9,2023-09,69,경기도,양주시,EP베이스볼파크,249,양주 2023_09.csv,문화관광,레저스포츠시설
양주,2023,9,2023-09,70,경기도,양주시,덕계저수지,247,양주 2023_09.csv,자연관광,자연경관(하천/해양)
양주,2023,9,2023-09,71,경기도,양주시,한성승마클럽,241,양주 2023_09.csv,레저스포츠,육상레저스포츠
양주,2023,9,2023-09,71,경기도,양주시,옥정체육공원축구장,241,양주 2023_09.csv,문화관광,레저스포츠시설
양주,2023,9,2023-09,73,경기도,양주시,VIP야구장,237,양주 2023_09.csv,문화관광,레저스포츠시설
양주,2023,9,2023-09,74,경기도,양주시,남경수목원,234,양주 2023_09.csv,체험관광,농/산/어촌체험
양주,2023,9,2023-09,75,경기도,양주시,장흥역,228,양주 2023_09.csv,기타관광,교통시설
양주,2023,9,2023-09,76,경기도,양주시,후니버설스튜디오,225,양주 2023_09.csv,문화관광,전시시설
양주,2023,9,2023-09,77,경기도,양주시,양주풋살파크제1구장,222,양주 2023_09.csv,문화관광,레저스포츠시설
양주,2023,9,2023-09,78,경기도,양주시,ND야구장,215,양주 2023_09.csv,문화관광,레저스포츠시설
양주,2023,9,2023-09,79,경기도,양주시,양주테크노풋살센터,214,양주 2023_09.csv,레저스포츠,기타레저스포츠
양주,2023,9,2023-09,80,경기도,양주시,더콕배드민턴레슨센터,213,양주 2023_09.csv,레저스포츠,기타레저스포츠
양주,2023,9,2023-09,81,경기도,양주시,나리공원파크골프장,210,양주 2023_09.csv,레저스포츠,육상레저스포츠
양주,2023,9,2023-09,82,경기도,양주시,공존풋살파크양주점,206,양주 2023_09.csv,문화관광,레저스포츠시설
양주,2023,9,2023-09,83,경기도,양주시,신산리공원,196,양주 2023_09.csv,문화관광,도시공원
양주,2023,9,2023-09,84,경기도,양주시,장흥축구장,192,양주 2023_09.csv,문화관광,레저스포츠시설
양주,2023,9,2023-09,85,경기도,양주시,삼숭생활체육공원,187,양주 2023_09.csv,문화관광,도시공원
양주,2023,9,2023-09,86,경기도,양주시,신천생활체육공원,184,양주 2023_09.csv,문화관광,도시공원
양주,2023,9,2023-09,86,경기도,양주시,지장사,184,양주 2023_09.csv,역사관광,종교성지
양주,2023,9,2023-09,88,경기도,양주시,백석생활체육공원축구장,169,양주 2023_09.csv,문화관광,레저스포츠시설
양주,2023,9,2023-09,89,경기도,양주시,티제이풋살파크,164,양주 2023_09.csv,레저스포츠,기타레저스포츠
양주,2023,9,2023-09,90,경기도,양주시,장흥야구장,156,양주 2023_09.csv,문화관광,레저스포츠시설
양주,2023,9,2023-09,91,경기도,양주시,양주수산물시장,149,양주 2023_09.csv,쇼핑,시장
양주,2023,9,2023-09,92,경기도,양주시,베베앙쥬베이비카페옥정점,145,양주 2023_09.csv,문화관광,테마공원
양주,2023,9,2023-09,93,경기도,양주시,고읍구장,144,양주 2023_09.csv,문화관광,레저스포츠시설
양주,2023,9,2023-09,94,경기도,양주시,장흥조각공원,143,양주 2023_09.csv,문화관광,도시공원
양주,2023,9,2023-09,95,경기도,양주시,석굴암,142,양주 2023_09.csv,역사관광,종교성지
양주,2023,9,2023-09,96,경기도,양주시,덕계낚시터,141,양주 2023_09.csv,레저스포츠,수상레저스포츠
양주,2023,9,2023-09,97,경기도,양주시,하늘물공원,139,양주 2023_09.csv,문화관광,도시공원
양주,2023,9,2023-09,98,경기도,양주시,광적생활체육공원축구장,134,양주 2023_09.csv,문화관광,레저스포츠시설
양주,2023,9,2023-09,98,경기도,양주시,온릉,134,양주 2023_09.csv,역사관광,역사유적지
양주,2023,9,2023-09,100,경기도,양주시,장흥계곡,129,양주 2023_09.csv,자연관광,자연경관(산)
양주,2023,9,2023-09,100,경기도,양주시,불곡산,129,양주 2023_09.csv,자연관광,자연경관(산)
양주,2023,9,2023-09,102,경기도,양주시,금바위저수지,124,양주 2023_09.csv,자연관광,자연경관(하천/해양)
양주,2023,9,2023-09,103,경기도,양주시,원실내바다낚시터양주점,119,양주 2023_09.csv,레저스포츠,수상레저스포츠
양주,2023,9,2023-09,104,경기도,양주시,오림피아수영장,117,양주 2023_09.csv,문화관광,테마공원
양주,2023,9,2023-09,104,경기도,양주시,신흥레저타운,117,양주 2023_09.csv,레저스포츠,기타레저스포츠
양주,2023,9,2023-09,106,경기도,양주시,백석생활체육공원야구장,116,양주 2023_09.csv,문화관광,레저스포츠시설
양주,2023,9,2023-09,107,경기도,양주시,북한산국립공원오봉탐방지원센터,112,양주 2023_09.csv,기타관광,기타관광
양주,2023,9,2023-09,108,경기도,양주시,양주천보산림욕장,110,양주 2023_09.csv,자연관광,자연공원
양주,2023,9,2023-09,108,경기도,양주시,광사낚시터,110,양주 2023_09.csv,레저스포츠,수상레저스포츠
양주,2023,9,2023-09,110,경기도,양주시,육지장사,108,양주 2023_09.csv,역사관광,종교성지
양주,2023,9,2023-09,111,경기도,양주시,양주향교,105,양주 2023_09.csv,역사관광,역사유적지
양주,2023,9,2023-09,112,경기도,양주시,못말낚시터,104,양주 2023_09.csv,레저스포츠,수상레저스포츠
양주,2023,9,2023-09,112,경기도,양주시,한국축구센터,104,양주 2023_09.csv,문화관광,레저스포츠시설
양주,2023,9,2023-09,114,경기도,양주시,777레지던스,103,양주 2023_09.csv,문화관광,전시시설
양주,2023,9,2023-09,115,경기도,양주시,북한산국립공원교현탐방지원센터,101,양주 2023_09.csv,기타관광,기타관광
양주,2023,9,2023-09,116,경기도,양주시,송추원각사,100,양주 2023_09.csv,역사관광,종교성지
양주,2023,9,2023-09,116,경기도,양주시,원더풀키즈수영장,100,양주 2023_09.csv,문화관광,테마공원
양주,2023,9,2023-09,118,경기도,양주시,신세계팩토리스토어양주점,97,양주 2023_09.csv,쇼핑,쇼핑몰
양주,2023,9,2023-09,119,경기도,양주시,씽씽롤러스케이트장,93,양주 2023_09.csv,레저스포츠,육상레저스포츠
양주,2023,9,2023-09,120,경기도,양주시,어둔리남방낚시터,90,양주 2023_09.csv,레저스포츠,수상레저스포츠
양주,2023,9,2023-09,120,경기도,양주시,백화암,90,양주 2023_09.csv,역사관광,종교성지
양주,2023,9,2023-09,122,경기도,양주시,광적생활체육공원,89,양주 2023_09.csv,문화관광,도시공원
양주,2023,9,2023-09,122,경기도,양주시,샘내고개,89,양주 2023_09.csv,자연관광,자연경관(산)
양주,2023,9,2023-09,124,경기도,양주시,조소앙선생기념관,87,양주 2023_09.csv,문화관광,전시시설
양주,2023,9,2023-09,124,경기도,양주시,롤러몬스터,87,양주 2023_09.csv,레저스포츠,기타레저스포츠
양주,2023,9,2023-09,126,경기도,양주시,신천생활체육공원축구장,85,양주 2023_09.csv,문화관광,레저스포츠시설
양주,2023,9,2023-09,127,경기도,양주시,양주풋살파크제2구장,84,양주 2023_09.csv,레저스포츠,기타레저스포츠
양주,2023,9,2023-09,128,경기도,양주시,양주시립민복진미술관,82,양주 2023_09.csv,문화관광,전시시설
양주,2023,9,2023-09,128,경기도,양주시,칠봉산낚시터,82,양주 2023_09.csv,레저스포츠,수상레저스포츠
양주,2023,9,2023-09,130,경기도,양주시,효촌리낚시터,78,양주 2023_09.csv,레저스포츠,수상레저스포츠
양주,2023,9,2023-09,131,경기도,양주시,은현피싱타운,76,양주 2023_09.csv,레저스포츠,수상레저스포츠
양주,2023,9,2023-09,132,경기도,양주시,안상철미술관,73,양주 2023_09.csv,문화관광,전시시설
양주,2023,9,2023-09,133,경기도,양주시,백인걸선생묘,71,양주 2023_09.csv,역사관광,역사유적지
양주,2023,9,2023-09,133,경기도,양주시,화담정사,71,양주 2023_09.csv,역사관광,종교성지
양주,2023,9,2023-09,135,경기도,양주시,연화사,70,양주 2023_09.csv,역사관광,종교성지
양주,2023,9,2023-09,135,경기도,양주시,히든밸리송추,70,양주 2023_09.csv,문화관광,테마공원
양주,2023,9,2023-09,137,경기도,양주시,가나1아뜰리에,69,양주 2023_09.csv,문화관광,기타문화관광지
양주,2023,9,2023-09,138,경기도,양주시,아지트배드민턴,68,양주 2023_09.csv,레저스포츠,기타레저스포츠
양주,2023,9,2023-09,138,경기도,양주시,대승사,68,양주 2023_09.csv,역사관광,종교성지
양주,2023,9,2023-09,140,경기도,양주시,백석배수지생활체육공원,67,양주 2023_09.csv,문화관광,도시공원
양주,2023,9,2023-09,140,경기도,양주시,세광사,67,양주 2023_09.csv,역사관광,종교성지
양주,2023,9,2023-09,142,경기도,양주시,양주인공암벽장,65,양주 2023_09.csv,레저스포츠,기타레저스포츠
양주,2023,9,2023-09,143,경기도,양주시,씨알농장,64,양주 2023_09.csv,체험관광,농/산/어촌체험
양주,2023,9,2023-09,144,경기도,양주시,엄상마을문화거리,61,양주 2023_09.csv,문화관광,테마공원
양주,2023,9,2023-09,145,경기도,양주시,마리조아승마클럽,60,양주 2023_09.csv,레저스포츠,육상레저스포츠
양주,2023,9,2023-09,146,경기도,양주시,덕정시장,58,양주 2023_09.csv,쇼핑,시장
양주,2023,9,2023-09,146,경기도,양주시,백석생활체육공원리틀야구장,58,양주 2023_09.csv,문화관광,레저스포츠시설
양주,2023,9,2023-09,146,경기도,양주시,불곡산농원,58,양주 2023_09.csv,체험관광,농/산/어촌체험
양주,2023,9,2023-09,149,경기도,양주시,스트라이크존볼파크양주,56,양주 2023_09.csv,문화관광,레저스포츠시설
양주,2023,9,2023-09,149,경기도,양주시,위바운스,56,양주 2023_09.csv,문화관광,테마공원
양주,2023,9,2023-09,151,경기도,양주시,장흥자연휴양림,55,양주 2023_09.csv,자연관광,자연공원
양주,2023,9,2023-09,151,경기도,양주시,스마트시티복합센터,55,양주 2023_09.csv,문화관광,기타문화관광지
양주,2023,9,2023-09,153,경기도,양주시,양주시립장욱진미술관통합매표소,54,양주 2023_09.csv,문화관광,복합관광시설
양주,2023,9,2023-09,154,경기도,양주시,백수현전통가옥,53,양주 2023_09.csv,역사관광,역사유적지
양주,2023,9,2023-09,154,경기도,양주시,동산가든낚시터,53,양주 2023_09.csv,레저스포츠,수상레저스포츠
양주,2023,9,2023-09,154,경기도,양주시,양주유수풀파크&바베큐장,53,양주 2023_09.csv,문화관광,테마공원
양주,2023,9,2023-09,157,경기도,양주시,타겟28실내양궁장,50,양주 2023_09.csv,레저스포츠,육상레저스포츠
양주,2023,9,2023-09,158,경기도,양주시,프레리키즈카페양주옥정점,48,양주 2023_09.csv,문화관광,테마공원
양주,2023,9,2023-09,159,경기도,양주시,신흥레저워터월드,45,양주 2023_09.csv,문화관광,테마공원
양주,2023,9,2023-09,159,경기도,양주시,강호이앤티,45,양주 2023_09.csv,레저스포츠,기타레저스포츠
양주,2023,9,2023-09,159,경기도,양주시,노고산주말농장,45,양주 2023_09.csv,체험관광,농/산/어촌체험
양주,2023,9,2023-09,162,경기도,양주시,권율장군묘,44,양주 2023_09.csv,역사관광,역사유적지
양주,2023,9,2023-09,162,경기도,양주시,부부관광농원,44,양주 2023_09.csv,체험관광,농/산/어촌체험
양주,2023,9,2023-09,162,경기도,양주시,쌍용사,44,양주 2023_09.csv,역사관광,종교성지
양주,2023,9,2023-09,165,경기도,양주시,해유령전첩지,42,양주 2023_09.csv,역사관광,역사유적지
양주,2023,9,2023-09,165,경기도,양주시,봉암낚시터,42,양주 2023_09.csv,레저스포츠,수상레저스포츠
양주,2023,9,2023-09,167,경기도,양주시,홍죽산업단지근린공원,41,양주 2023_09.csv,문화관광,도시공원
양주,2023,9,2023-09,167,경기도,양주시,삼훈행복농원,41,양주 2023_09.csv,체험관광,농/산/어촌체험
양주,2023,9,2023-09,169,경기도,양주시,플레이랩양주점,40,양주 2023_09.csv,문화관광,테마공원
양주,2023,9,2023-09,170,경기도,양주시,원당낚시터,39,양주 2023_09.csv,레저스포츠,수상레저스포츠
양주,2023,9,2023-09,170,경기도,양주시,북한산둘레길13구간,39,양주 2023_09.csv,레저스포츠,기타레저스포츠
양주,2023,9,2023-09,172,경기도,양주시,에코야구장,38,양주 2023_09.csv,문화관광,레저스포츠시설
양주,2023,9,2023-09,173,경기도,양주시,연곡저수지,36,양주 2023_09.csv,자연관광,자연경관(하천/해양)
양주,2023,9,2023-09,174,경기도,양주시,독바위공원인라인스케이트장,34,양주 2023_09.csv,레저스포츠,기타레저스포츠
양주,2023,9,2023-09,174,경기도,양주시,아트휠즈,34,양주 2023_09.csv,레저스포츠,육상레저스포츠
양주,2023,9,2023-09,174,경기도,양주시,홍복저수지,34,양주 2023_09.csv,자연관광,자연경관(하천/해양)
양주,2023,9,2023-09,174,경기도,양주시,감악문화축제,34,양주 2023_09.csv,문화관광,기타문화관광지
양주,2023,9,2023-09,174,경기도,양주시,스카이워터파크,34,양주 2023_09.csv,문화관광,테마공원
양주,2023,9,2023-09,179,경기도,양주시,아름다운비행,31,양주 2023_09.csv,문화관광,전시시설
양주,2023,9,2023-09,179,경기도,양주시,원각폭포,31,양주 2023_09.csv,자연관광,자연경관(산)
양주,2023,9,2023-09,181,경기도,양주시,일영랜드수영장,29,양주 2023_09.csv,문화관광,테마공원
양주,2023,9,2023-09,182,경기도,양주시,살구골낚시터,28,양주 2023_09.csv,레저스포츠,수상레저스포츠
양주,2023,9,2023-09,183,경기도,양주시,신암지,27,양주 2023_09.csv,자연관광,자연경관(하천/해양)
양주,2023,9,2023-09,184,경기도,양주시,일영낚시터,26,양주 2023_09.csv,레저스포츠,수상레저스포츠
양주,2023,9,2023-09,184,경기도,양주시,송추다보사,26,양주 2023_09.csv,역사관광,종교성지
양주,2023,9,2023-09,186,경기도,양주시,고읍제6어린이공원,25,양주 2023_09.csv,문화관광,도시공원
양주,2023,9,2023-09,186,경기도,양주시,원더키즈,25,양주 2023_09.csv,문화관광,테마공원
양주,2023,9,2023-09,186,경기도,양주시,나비랑키즈카페,25,양주 2023_09.csv,문화관광,테마공원
양주,2023,9,2023-09,189,경기도,양주시,토리근린공원,24,양주 2023_09.csv,문화관광,도시공원
양주,2023,9,2023-09,190,경기도,양주시,모자농원,23,양주 2023_09.csv,체험관광,농/산/어촌체험
양주,2023,9,2023-09,191,경기도,양주시,꿈을그리다,20,양주 2023_09.csv,문화관광,테마공원
양주,2023,9,2023-09,191,경기도,양주시,덕수레저타운,20,양주 2023_09.csv,레저스포츠,기타레저스포츠
양주,2023,9,2023-09,193,경기도,양주시,나누리근린공원,19,양주 2023_09.csv,문화관광,도시공원
양주,2023,9,2023-09,193,경기도,양주시,송암천문대,19,양주 2023_09.csv,기타관광,기타관광
양주,2023,9,2023-09,195,경기도,양주시,WJ복싱클럽옥정점,18,양주 2023_09.csv,레저스포츠,기타레저스포츠
양주,2023,9,2023-09,195,경기도,양주시,칠봉산천보터널방면,18,양주 2023_09.csv,자연관광,자연경관(산)
양주,2023,9,2023-09,197,경기도,양주시,송추아트밸리,17,양주 2023_09.csv,문화관광,도시공원
양주,2023,9,2023-09,197,경기도,양주시,효진푸드,17,양주 2023_09.csv,쇼핑,시장
양주,2023,9,2023-09,199,경기도,양주시,각명사,16,양주 2023_09.csv,역사관광,종교성지
양주,2023,9,2023-09,199,경기도,양주시,양주시티즌축구클럽,16,양주 2023_09.csv,문화관광,레저스포츠시설
양주,2023,9,2023-09,201,경기도,양주시,봉우근린공원,15,양주 2023_09.csv,문화관광,도시공원
양주,2023,9,2023-09,201,경기도,양주시,양주골김치체험박물관,15,양주 2023_09.csv,문화관광,전시시설
양주,2023,9,2023-09,203,경기도,양주시,기산리유원지,14,양주 2023_09.csv,문화관광,복합관광시설
양주,2023,9,2023-09,203,경기도,양주시,보메기낚시터,14,양주 2023_09.csv,레저스포츠,수상레저스포츠
양주,2023,9,2023-09,203,경기도,양주시,양주옥정리선돌,14,양주 2023_09.csv,역사관광,역사유적지
양주,2023,9,2023-09,203,경기도,양주시,비암사,14,양주 2023_09.csv,역사관광,종교성지
양주,2023,9,2023-09,203,경기도,양주시,양주농원,14,양주 2023_09.csv,체험관광,농/산/어촌체험
양주,2023,9,2023-09,208,경기도,양주시,양주시 현충탑,13,양주 2023_09.csv,역사관광,역사유물
양주,2023,9,2023-09,208,경기도,양주시,동광정사,13,양주 2023_09.csv,역사관광,종교성지
양주,2023,9,2023-09,210,경기도,양주시,보타사,12,양주 2023_09.csv,역사관광,종교성지
양주,2023,9,2023-09,211,경기도,양주시,양주혁신리빙랩센터,11,양주 2023_09.csv,문화관광,기타문화관광지
양주,2023,9,2023-09,211,경기도,양주시,용암낚시터,11,양주 2023_09.csv,레저스포츠,수상레저스포츠
양주,2023,9,2023-09,211,경기도,양주시,쿠키팜,11,양주 2023_09.csv,체험관광,공예체험
양주,2023,9,2023-09,211,경기도,양주시,태평목장,11,양주 2023_09.csv,체험관광,농/산/어촌체험
양주,2023,9,2023-09,211,경기도,양주시,장흥한옥수영장,11,양주 2023_09.csv,문화관광,테마공원
양주,2023,9,2023-09,211,경기도,양주시,배양농원,11,양주 2023_09.csv,체험관광,농/산/어촌체험
양주,2023,9,2023-09,211,경기도,양주시,도락산,11,양주 2023_09.csv,자연관광,자연경관(산)
양주,2023,9,2023-09,211,경기도,양주시,후평공원,11,양주 2023_09.csv,문화관광,도시공원
양주,2023,9,2023-09,219,경기도,양주시,고려대학교축구장,10,양주 2023_09.csv,문화관광,레저스포츠시설
양주,2023,9,2023-09,219,경기도,양주시,신산장,10,양주 2023_09.csv,쇼핑,시장
양주,2023,9,2023-09,221,경기도,양주시,리틀웨일키즈풀파티룸,9,양주 2023_09.csv,문화관광,테마공원
양주,2023,9,2023-09,221,경기도,양주시,윤근수사당,9,양주 2023_09.csv,역사관광,역사유적지
양주,2023,9,2023-09,221,경기도,양주시,송암사,9,양주 2023_09.csv,역사관광,종교성지
양주,2023,9,2023-09,221,경기도,양주시,수월사,9,양주 2023_09.csv,역사관광,종교성지
양주,2023,9,2023-09,221,경기도,양주시,무호정,9,양주 2023_09.csv,레저스포츠,육상레저스포츠
양주,2023,9,2023-09,221,경기도,양주시,여성봉,9,양주 2023_09.csv,자연관광,자연경관(산)
양주,2023,9,2023-09,227,경기도,양주시,베이스캠프,8,양주 2023_09.csv,레저스포츠,기타레저스포츠
양주,2023,9,2023-09,227,경기도,양주시,정절사,8,양주 2023_09.csv,역사관광,역사유물
양주,2023,9,2023-09,227,경기도,양주시,천마사,8,양주 2023_09.csv,역사관광,종교성지
양주,2023,9,2023-09,230,경기도,양주시,잇츠목이,7,양주 2023_09.csv,체험관광,농/산/어촌체험
양주,2023,9,2023-09,230,경기도,양주시,양주농기구민속박물관,7,양주 2023_09.csv,문화관광,전시시설
양주,2023,9,2023-09,230,경기도,양주시,광운정사,7,양주 2023_09.csv,역사관광,종교성지
양주,2023,9,2023-09,233,경기도,양주시,대장금눈썰매장,6,양주 2023_09.csv,레저스포츠,육상레저스포츠
양주,2023,9,2023-09,233,경기도,양주시,가납시장,6,양주 2023_09.csv,쇼핑,시장
양주,2023,9,2023-09,233,경기도,양주시,불국산산북초등학교방면,6,양주 2023_09.csv,자연관광,자연경관(산)
양주,2023,9,2023-09,233,경기도,양주시,청담체육공원,6,양주 2023_09.csv,문화관광,도시공원
양주,2023,9,2023-09,233,경기도,양주시,사동포도원,6,양주 2023_09.csv,체험관광,농/산/어촌체험
양주,2023,9,2023-09,238,경기도,양주시,옥정청과,5,양주 2023_09.csv,쇼핑,시장
양주,2023,9,2023-09,238,경기도,양주시,둘리스케이트장,5,양주 2023_09.csv,레저스포츠,육상레저스포츠
양주,2023,9,2023-09,238,경기도,양주시,연화사,5,양주 2023_09.csv,역사관광,종교성지
양주,2023,9,2023-09,238,경기도,양주시,양주산성야구장,5,양주 2023_09.csv,문화관광,레저스포츠시설
양주,2023,9,2023-09,238,경기도,양주시,송추로얄암반수수영장,5,양주 2023_09.csv,문화관광,테마공원
양주,2023,9,2023-09,243,경기도,양주시,옥정탁구클럽,4,양주 2023_09.csv,레저스포츠,기타레저스포츠
양주,2023,9,2023-09,243,경기도,양주시,양주농부이범석,4,양주 2023_09.csv,체험관광,농/산/어촌체험
양주,2023,9,2023-09,243,경기도,양주시,한마음청소년수련원수영장,4,양주 2023_09.csv,문화관광,테마공원
양주,2023,9,2023-09,243,경기도,양주시,양주남면의느티나무,4,양주 2023_09.csv,역사관광,역사유적지
양주,2023,9,2023-09,243,경기도,양주시,도하저수지,4,양주 2023_09.csv,자연관광,자연경관(하천/해양)
양주,2023,9,2023-09,243,경기도,양주시,마하보디사,4,양주 2023_09.csv,역사관광,종교성지
양주,2023,9,2023-09,243,경기도,양주시,황뱅이수변산책로,4,양주 2023_09.csv,레저스포츠,기타레저스포츠
양주,2023,9,2023-09,243,경기도,양주시,가래비빙벽장,4,양주 2023_09.csv,레저스포츠,기타레저스포츠
양주,2023,9,2023-09,243,경기도,양주시,롤러클럽몽톨,4,양주 2023_09.csv,레저스포츠,육상레저스포츠
양주,2023,9,2023-09,252,경기도,양주시,파이브피티회천점,3,양주 2023_09.csv,레저스포츠,기타레저스포츠
양주,2023,9,2023-09,252,경기도,양주시,이레공방,3,양주 2023_09.csv,체험관광,공예체험
양주,2023,9,2023-09,252,경기도,양주시,모정느티나무어린이공원,3,양주 2023_09.csv,문화관광,도시공원
양주,2023,9,2023-09,252,경기도,양주시,farm5150,3,양주 2023_09.csv,체험관광,공예체험
양주,2023,9,2023-09,252,경기도,양주시,나리다육,3,양주 2023_09.csv,체험관광,농/산/어촌체험
양주,2023,9,2023-09,252,경기도,양주시,쏘폴스튜디오,3,양주 2023_09.csv,레저스포츠,기타레저스포츠
양주,2023,9,2023-09,252,경기도,양주시,은현낚시터,3,양주 2023_09.csv,레저스포츠,수상레저스포츠
양주,2023,9,2023-09,252,경기도,양주시,코스박스튜디오,3,양주 2023_09.csv,체험관광,공예체험
양주,2023,9,2023-09,252,경기도,양주시,이승욱갤러리왕의길,3,양주 2023_09.csv,문화관광,전시시설
양주,2023,9,2023-09,252,경기도,양주시,이수광선생묘,3,양주 2023_09.csv,역사관광,역사유적지
양주,2023,9,2023-09,252,경기도,양주시,회암고개,3,양주 2023_09.csv,자연관광,자연경관(산)
양주,2023,9,2023-09,252,경기도,양주시,윤성에프앤비양주물류센터,3,양주 2023_09.csv,레저스포츠,수상레저스포츠
양주,2023,9,2023-09,252,경기도,양주시,장흥관광지관리사무소,3,양주 2023_09.csv,문화관광,도시공원
양주,2023,9,2023-09,252,경기도,양주시,기원정사,3,양주 2023_09.csv,역사관광,종교성지
양주,2023,9,2023-09,252,경기도,양주시,정겨운농장,3,양주 2023_09.csv,체험관광,농/산/어촌체험
양주,2023,9,2023-09,252,경기도,양주시,부흥사,3,양주 2023_09.csv,역사관광,종교성지
양주,2023,9,2023-09,252,경기도,양주시,노고산,3,양주 2023_09.csv,자연관광,자연경관(산)
양주,2023,9,2023-09,252,경기도,양주시,휴먼앤홀스랜드,3,양주 2023_09.csv,레저스포츠,육상레저스포츠
양주,2023,9,2023-09,252,경기도,양주시,감악산목장,3,양주 2023_09.csv,체험관광,농/산/어촌체험
양주,2023,9,2023-09,252,경기도,양주시,장흥ND구장,3,양주 2023_09.csv,문화관광,레저스포츠시설
양주,2023,9,2023-09,252,경기도,양주시,원학농장,3,양주 2023_09.csv,체험관광,농/산/어촌체험
양주,2023,9,2023-09,252,경기도,양주시,삼수니농장,3,양주 2023_09.csv,체험관광,농/산/어촌체험
양주,2023,9,2023-09,252,경기도,양주시,장흥블루베리농장,3,양주 2023_09.csv,체험관광,농/산/어촌체험
양주,2023,9,2023-09,252,경기도,양주시,유수풀물놀이장,3,양주 2023_09.csv,문화관광,테마공원
양주,2023,9,2023-09,252,경기도,양주시,양주농촌테마공원,3,양주 2023_09.csv,문화관광,도시공원
양주,2023,9,2023-09,252,경기도,양주시,호국비룡사,3,양주 2023_09.csv,역사관광,종교성지
양주,2023,9,2023-09,252,경기도,양주시,두래농원,3,양주 2023_09.csv,체험관광,농/산/어촌체험
양주,2023,9,2023-09,252,경기도,양주시,묵남지,3,양주 2023_09.csv,자연관광,자연경관(하천/해양)
양주,2023,9,2023-09,252,경기도,양주시,라온승마아카데미,3,양주 2023_09.csv,레저스포츠,육상레저스포츠
양주,2023,9,2023-09,252,경기도,양주시,금륜정사,3,양주 2023_09.csv,역사관광,종교성지
양주,2023,9,2023-09,252,경기도,양주시,양주와이어주짓수,3,양주 2023_09.csv,레저스포츠,기타레저스포츠
양주,2023,9,2023-09,252,경기도,양주시,엄마네텃밭,3,양주 2023_09.csv,체험관광,농/산/어촌체험
양주,2023,9,2023-09,252,경기도,양주시,가나2아뜰리에,3,양주 2023_09.csv,문화관광,기타문화관광지
양주,2023,9,2023-09,252,경기도,양주시,신상호스튜디오,3,양주 2023_09.csv,문화관광,전시시설
양주,2023,9,2023-09,252,경기도,양주시,돌고개,3,양주 2023_09.csv,자연관광,자연경관(산)
양주,2023,9,2023-09,252,경기도,양주시,오상갤러리,3,양주 2023_09.csv,문화관광,전시시설
양주,2023,10,2023-10,1,경기도,양주시,나리농원,23998,양주 2023_10.csv,체험관광,농/산/어촌체험
양주,2023,10,2023-10,2,경기도,양주시,LF스퀘어양주점,13273,양주 2023_10.csv,쇼핑,쇼핑몰
양주,2023,10,2023-10,3,경기도,양주시,레이크우드CC,9259,양주 2023_10.csv,레저스포츠,육상레저스포츠
양주,2023,10,2023-10,4,경기도,양주시,양주천만송이천일홍축제,7687,양주 2023_10.csv,문화관광,기타문화관광지
양주,2023,10,2023-10,5,경기도,양주시,송추CC,4184,양주 2023_10.csv,레저스포츠,육상레저스포츠
양주,2023,10,2023-10,6,경기도,양주시,옥정중앙공원,4183,양주 2023_10.csv,문화관광,도시공원
양주,2023,10,2023-10,7,경기도,양주시,송추계곡,3313,양주 2023_10.csv,자연관광,자연경관(산)
양주,2023,10,2023-10,8,경기도,양주시,회암사지박물관,2693,양주 2023_10.csv,문화관광,전시시설
양주,2023,10,2023-10,9,경기도,양주시,CGV양주옥정,2438,양주 2023_10.csv,문화관광,공연시설
양주,2023,10,2023-10,9,경기도,양주시,두리랜드,2438,양주 2023_10.csv,문화관광,테마공원
양주,2023,10,2023-10,11,경기도,양주시,루이힐스CC,2362,양주 2023_10.csv,레저스포츠,육상레저스포츠
양주,2023,10,2023-10,12,경기도,양주시,장흥관광지,1931,양주 2023_10.csv,문화관광,복합관광시설
양주,2023,10,2023-10,13,경기도,양주시,가나아트파크,1662,양주 2023_10.csv,문화관광,전시시설
양주,2023,10,2023-10,14,경기도,양주시,기산저수지,1352,양주 2023_10.csv,자연관광,자연경관(하천/해양)
양주,2023,10,2023-10,15,경기도,양주시,양주시립장욱진미술관,1170,양주 2023_10.csv,문화관광,전시시설
양주,2023,10,2023-10,16,경기도,양주시,장흥자동차극장,1044,양주 2023_10.csv,문화관광,공연시설
양주,2023,10,2023-10,17,경기도,양주시,백석생활체육공원,1037,양주 2023_10.csv,문화관광,도시공원
양주,2023,10,2023-10,18,경기도,양주시,양주별산대놀이마당,964,양주 2023_10.csv,문화관광,기타문화관광지
양주,2023,10,2023-10,19,경기도,양주시,선돌근린공원,925,양주 2023_10.csv,문화관광,도시공원
양주,2023,10,2023-10,20,경기도,양주시,나리공원물놀이장,901,양주 2023_10.csv,문화관광,테마공원
양주,2023,10,2023-10,21,경기도,양주시,가래비장터,896,양주 2023_10.csv,쇼핑,시장
양주,2023,10,2023-10,22,경기도,양주시,옥정체육공원,843,양주 2023_10.csv,문화관광,도시공원
양주,2023,10,2023-10,23,경기도,양주시,송추역,802,양주 2023_10.csv,기타관광,교통시설
양주,2023,10,2023-10,24,경기도,양주시,헤세의정원,767,양주 2023_10.csv,문화관광,기타문화관광지
양주,2023,10,2023-10,25,경기도,양주시,일영유원지,728,양주 2023_10.csv,문화관광,복합관광시설
양주,2023,10,2023-10,26,경기도,양주시,독바위공원,721,양주 2023_10.csv,문화관광,도시공원
양주,2023,10,2023-10,27,경기도,양주시,국립아세안자연휴양림,648,양주 2023_10.csv,자연관광,자연공원
양주,2023,10,2023-10,28,경기도,양주시,딱따구리청소년수련원,614,양주 2023_10.csv,레저스포츠,육상레저스포츠
양주,2023,10,2023-10,29,경기도,양주시,청련사,600,양주 2023_10.csv,역사관광,종교성지
양주,2023,10,2023-10,30,경기도,양주시,신암낚시터,589,양주 2023_10.csv,레저스포츠,수상레저스포츠
양주,2023,10,2023-10,31,경기도,양주시,옥정배수지체육공원,584,양주 2023_10.csv,문화관광,도시공원
양주,2023,10,2023-10,32,경기도,양주시,메가박스양주,579,양주 2023_10.csv,문화관광,공연시설
양주,2023,10,2023-10,33,경기도,양주시,고덕생활체육공원,553,양주 2023_10.csv,문화관광,도시공원
양주,2023,10,2023-10,34,경기도,양주시,양주시청소년수련원,546,양주 2023_10.csv,레저스포츠,육상레저스포츠
양주,2023,10,2023-10,35,경기도,양주시,TBS도봉산축구장,541,양주 2023_10.csv,문화관광,레저스포츠시설
양주,2023,10,2023-10,36,경기도,양주시,양주관아지,539,양주 2023_10.csv,역사관광,역사유적지
양주,2023,10,2023-10,37,경기도,양주시,회암사지,500,양주 2023_10.csv,역사관광,역사유적지
양주,2023,10,2023-10,38,경기도,양주시,회암사,489,양주 2023_10.csv,역사관광,종교성지
양주,2023,10,2023-10,39,경기도,양주시,롯데시네마양주고읍 휴점,476,양주 2023_10.csv,문화관광,공연시설
양주,2023,10,2023-10,40,경기도,양주시,한성승마클럽,472,양주 2023_10.csv,레저스포츠,육상레저스포츠
양주,2023,10,2023-10,41,경기도,양주시,장자원낚시터,449,양주 2023_10.csv,레저스포츠,수상레저스포츠
양주,2023,10,2023-10,42,경기도,양주시,일영역,442,양주 2023_10.csv,기타관광,교통시설
양주,2023,10,2023-10,43,경기도,양주시,메가파크양주,440,양주 2023_10.csv,문화관광,테마공원
양주,2023,10,2023-10,43,경기도,양주시,남경수목원,440,양주 2023_10.csv,체험관광,농/산/어촌체험
양주,2023,10,2023-10,45,경기도,양주시,장흥자생수목원,428,양주 2023_10.csv,자연관광,자연공원
양주,2023,10,2023-10,46,경기도,양주시,MBP리그,426,양주 2023_10.csv,문화관광,레저스포츠시설
양주,2023,10,2023-10,46,경기도,양주시,칠봉산CC,426,양주 2023_10.csv,레저스포츠,육상레저스포츠
양주,2023,10,2023-10,48,경기도,양주시,조명박물관,413,양주 2023_10.csv,문화관광,전시시설
양주,2023,10,2023-10,49,경기도,양주시,어둔리저수지,408,양주 2023_10.csv,자연관광,자연경관(하천/해양)
양주,2023,10,2023-10,50,경기도,양주시,양주베이스볼파크,407,양주 2023_10.csv,문화관광,레저스포츠시설
양주,2023,10,2023-10,51,경기도,양주시,효촌저수지,404,양주 2023_10.csv,자연관광,자연경관(하천/해양)
양주,2023,10,2023-10,52,경기도,양주시,봉암저수지,398,양주 2023_10.csv,자연관광,자연경관(하천/해양)
양주,2023,10,2023-10,53,경기도,양주시,청암민속박물관,385,양주 2023_10.csv,문화관광,전시시설
양주,2023,10,2023-10,54,경기도,양주시,송추낚시터,380,양주 2023_10.csv,레저스포츠,수상레저스포츠
양주,2023,10,2023-10,55,경기도,양주시,멜버른승마장,379,양주 2023_10.csv,레저스포츠,육상레저스포츠
양주,2023,10,2023-10,56,경기도,양주시,원당저수지,359,양주 2023_10.csv,자연관광,자연경관(하천/해양)
양주,2023,10,2023-10,57,경기도,양주시,토도,352,양주 2023_10.csv,문화관광,테마공원
양주,2023,10,2023-10,58,경기도,양주시,송암스페이스센터,342,양주 2023_10.csv,기타관광,기타관광
양주,2023,10,2023-10,59,경기도,양주시,지장사,339,양주 2023_10.csv,역사관광,종교성지
양주,2023,10,2023-10,60,경기도,양주시,장흥돌고개유원지,327,양주 2023_10.csv,문화관광,복합관광시설
양주,2023,10,2023-10,61,경기도,양주시,장흥생활체육공원,310,양주 2023_10.csv,문화관광,도시공원
양주,2023,10,2023-10,62,경기도,양주시,옥정체육공원축구장,292,양주 2023_10.csv,문화관광,레저스포츠시설
양주,2023,10,2023-10,63,경기도,양주시,양주시승마장,290,양주 2023_10.csv,레저스포츠,육상레저스포츠
양주,2023,10,2023-10,64,경기도,양주시,양주테크노풋살센터,280,양주 2023_10.csv,레저스포츠,기타레저스포츠
양주,2023,10,2023-10,65,경기도,양주시,헬로방방양주점,274,양주 2023_10.csv,문화관광,테마공원
양주,2023,10,2023-10,66,경기도,양주시,광백저수지,267,양주 2023_10.csv,자연관광,자연경관(하천/해양)
양주,2023,10,2023-10,67,경기도,양주시,스카이야구장,266,양주 2023_10.csv,문화관광,레저스포츠시설
양주,2023,10,2023-10,68,경기도,양주시,북한산국립공원교현탐방지원센터,255,양주 2023_10.csv,기타관광,기타관광
양주,2023,10,2023-10,69,경기도,양주시,장흥축구장,253,양주 2023_10.csv,문화관광,레저스포츠시설
양주,2023,10,2023-10,69,경기도,양주시,양주팬텀실내풋살장,253,양주 2023_10.csv,레저스포츠,기타레저스포츠
양주,2023,10,2023-10,71,경기도,양주시,온릉,252,양주 2023_10.csv,역사관광,역사유적지
양주,2023,10,2023-10,72,경기도,양주시,VIP야구장,244,양주 2023_10.csv,문화관광,레저스포츠시설
양주,2023,10,2023-10,73,경기도,양주시,덕계저수지,243,양주 2023_10.csv,자연관광,자연경관(하천/해양)
양주,2023,10,2023-10,74,경기도,양주시,공존풋살파크양주점,242,양주 2023_10.csv,문화관광,레저스포츠시설
양주,2023,10,2023-10,75,경기도,양주시,삼숭생활체육공원,239,양주 2023_10.csv,문화관광,도시공원
양주,2023,10,2023-10,76,경기도,양주시,삼하낚시터,237,양주 2023_10.csv,레저스포츠,수상레저스포츠
양주,2023,10,2023-10,77,경기도,양주시,덕계공원,227,양주 2023_10.csv,문화관광,도시공원
양주,2023,10,2023-10,77,경기도,양주시,고읍축구장,227,양주 2023_10.csv,문화관광,레저스포츠시설
양주,2023,10,2023-10,79,경기도,양주시,EP베이스볼파크,221,양주 2023_10.csv,문화관광,레저스포츠시설
양주,2023,10,2023-10,80,경기도,양주시,ND야구장,219,양주 2023_10.csv,문화관광,레저스포츠시설
양주,2023,10,2023-10,81,경기도,양주시,나리공원파크골프장,218,양주 2023_10.csv,레저스포츠,육상레저스포츠
양주,2023,10,2023-10,82,경기도,양주시,장흥역,216,양주 2023_10.csv,기타관광,교통시설
양주,2023,10,2023-10,83,경기도,양주시,백석생활체육공원야구장,212,양주 2023_10.csv,문화관광,레저스포츠시설
양주,2023,10,2023-10,84,경기도,양주시,신천생활체육공원,211,양주 2023_10.csv,문화관광,도시공원
양주,2023,10,2023-10,85,경기도,양주시,북한산국립공원오봉탐방지원센터,206,양주 2023_10.csv,기타관광,기타관광
양주,2023,10,2023-10,86,경기도,양주시,더콕배드민턴레슨센터,192,양주 2023_10.csv,레저스포츠,기타레저스포츠
양주,2023,10,2023-10,87,경기도,양주시,양주풋살파크제1구장,190,양주 2023_10.csv,문화관광,레저스포츠시설
양주,2023,10,2023-10,87,경기도,양주시,송추원각사,190,양주 2023_10.csv,역사관광,종교성지
양주,2023,10,2023-10,89,경기도,양주시,석굴암,189,양주 2023_10.csv,역사관광,종교성지
양주,2023,10,2023-10,90,경기도,양주시,신산리공원,184,양주 2023_10.csv,문화관광,도시공원
양주,2023,10,2023-10,91,경기도,양주시,광적생활체육공원축구장,179,양주 2023_10.csv,문화관광,레저스포츠시설
양주,2023,10,2023-10,92,경기도,양주시,불곡산,177,양주 2023_10.csv,자연관광,자연경관(산)
양주,2023,10,2023-10,93,경기도,양주시,장흥조각공원,175,양주 2023_10.csv,문화관광,도시공원
양주,2023,10,2023-10,94,경기도,양주시,후니버설스튜디오,165,양주 2023_10.csv,문화관광,전시시설
양주,2023,10,2023-10,95,경기도,양주시,그랜드유원지,161,양주 2023_10.csv,기타관광,기타관광
양주,2023,10,2023-10,96,경기도,양주시,칠봉산낚시터,160,양주 2023_10.csv,레저스포츠,수상레저스포츠
양주,2023,10,2023-10,97,경기도,양주시,양주수산물시장,157,양주 2023_10.csv,쇼핑,시장
양주,2023,10,2023-10,98,경기도,양주시,티제이풋살파크,154,양주 2023_10.csv,레저스포츠,기타레저스포츠
양주,2023,10,2023-10,99,경기도,양주시,베베앙쥬베이비카페옥정점,147,양주 2023_10.csv,문화관광,테마공원
양주,2023,10,2023-10,100,경기도,양주시,하늘물공원,142,양주 2023_10.csv,문화관광,도시공원
양주,2023,10,2023-10,101,경기도,양주시,대원정사,140,양주 2023_10.csv,역사관광,종교성지
양주,2023,10,2023-10,102,경기도,양주시,북한산둘레길13구간,129,양주 2023_10.csv,레저스포츠,기타레저스포츠
양주,2023,10,2023-10,103,경기도,양주시,한국축구센터,126,양주 2023_10.csv,문화관광,레저스포츠시설
양주,2023,10,2023-10,104,경기도,양주시,금바위저수지,125,양주 2023_10.csv,자연관광,자연경관(하천/해양)
양주,2023,10,2023-10,105,경기도,양주시,백화암,122,양주 2023_10.csv,역사관광,종교성지
양주,2023,10,2023-10,106,경기도,양주시,조소앙선생기념관,119,양주 2023_10.csv,문화관광,전시시설
양주,2023,10,2023-10,107,경기도,양주시,장흥야구장,112,양주 2023_10.csv,문화관광,레저스포츠시설
양주,2023,10,2023-10,108,경기도,양주시,가나1아뜰리에,109,양주 2023_10.csv,문화관광,기타문화관광지
양주,2023,10,2023-10,109,경기도,양주시,광적생활체육공원,103,양주 2023_10.csv,문화관광,도시공원
양주,2023,10,2023-10,110,경기도,양주시,신천생활체육공원축구장,102,양주 2023_10.csv,문화관광,레저스포츠시설
양주,2023,10,2023-10,111,경기도,양주시,신세계팩토리스토어양주점,101,양주 2023_10.csv,쇼핑,쇼핑몰
양주,2023,10,2023-10,112,경기도,양주시,아트휠즈,100,양주 2023_10.csv,레저스포츠,육상레저스포츠
양주,2023,10,2023-10,112,경기도,양주시,롤러몬스터,100,양주 2023_10.csv,레저스포츠,기타레저스포츠
양주,2023,10,2023-10,114,경기도,양주시,덕계낚시터,99,양주 2023_10.csv,레저스포츠,수상레저스포츠
양주,2023,10,2023-10,115,경기도,양주시,백석배수지생활체육공원,93,양주 2023_10.csv,문화관광,도시공원
양주,2023,10,2023-10,116,경기도,양주시,백석생활체육공원축구장,88,양주 2023_10.csv,문화관광,레저스포츠시설
양주,2023,10,2023-10,117,경기도,양주시,양주향교,87,양주 2023_10.csv,역사관광,역사유적지
양주,2023,10,2023-10,118,경기도,양주시,효촌리낚시터,86,양주 2023_10.csv,레저스포츠,수상레저스포츠
양주,2023,10,2023-10,119,경기도,양주시,샘내고개,85,양주 2023_10.csv,자연관광,자연경관(산)
양주,2023,10,2023-10,120,경기도,양주시,육지장사,84,양주 2023_10.csv,역사관광,종교성지
양주,2023,10,2023-10,120,경기도,양주시,못말낚시터,84,양주 2023_10.csv,레저스포츠,수상레저스포츠
양주,2023,10,2023-10,122,경기도,양주시,원더풀키즈수영장,83,양주 2023_10.csv,문화관광,테마공원
양주,2023,10,2023-10,123,경기도,양주시,양주천보산림욕장,81,양주 2023_10.csv,자연관광,자연공원
양주,2023,10,2023-10,123,경기도,양주시,광사낚시터,81,양주 2023_10.csv,레저스포츠,수상레저스포츠
양주,2023,10,2023-10,123,경기도,양주시,오상갤러리,81,양주 2023_10.csv,문화관광,전시시설
양주,2023,10,2023-10,126,경기도,양주시,부부관광농원,80,양주 2023_10.csv,체험관광,농/산/어촌체험
양주,2023,10,2023-10,127,경기도,양주시,윤근수사당,79,양주 2023_10.csv,역사관광,역사유적지
양주,2023,10,2023-10,128,경기도,양주시,장흥자연휴양림,77,양주 2023_10.csv,자연관광,자연공원
양주,2023,10,2023-10,129,경기도,양주시,안상철미술관,76,양주 2023_10.csv,문화관광,전시시설
양주,2023,10,2023-10,130,경기도,양주시,원실내바다낚시터양주점,75,양주 2023_10.csv,레저스포츠,수상레저스포츠
양주,2023,10,2023-10,130,경기도,양주시,백수현전통가옥,75,양주 2023_10.csv,역사관광,역사유적지
양주,2023,10,2023-10,132,경기도,양주시,가나2아뜰리에,74,양주 2023_10.csv,문화관광,기타문화관광지
양주,2023,10,2023-10,133,경기도,양주시,씽씽롤러스케이트장,72,양주 2023_10.csv,레저스포츠,육상레저스포츠
양주,2023,10,2023-10,134,경기도,양주시,양주풋살파크제2구장,71,양주 2023_10.csv,레저스포츠,기타레저스포츠
양주,2023,10,2023-10,135,경기도,양주시,엄상마을문화거리,70,양주 2023_10.csv,문화관광,테마공원
양주,2023,10,2023-10,136,경기도,양주시,마리조아승마클럽,68,양주 2023_10.csv,레저스포츠,육상레저스포츠
양주,2023,10,2023-10,137,경기도,양주시,아지트배드민턴,66,양주 2023_10.csv,레저스포츠,기타레저스포츠
양주,2023,10,2023-10,138,경기도,양주시,스트라이크존볼파크양주,65,양주 2023_10.csv,문화관광,레저스포츠시설
양주,2023,10,2023-10,139,경기도,양주시,고려대학교축구장,64,양주 2023_10.csv,문화관광,레저스포츠시설
양주,2023,10,2023-10,140,경기도,양주시,777레지던스,61,양주 2023_10.csv,문화관광,전시시설
양주,2023,10,2023-10,141,경기도,양주시,독바위공원인라인스케이트장,58,양주 2023_10.csv,레저스포츠,기타레저스포츠
양주,2023,10,2023-10,141,경기도,양주시,화담정사,58,양주 2023_10.csv,역사관광,종교성지
양주,2023,10,2023-10,141,경기도,양주시,덕정시장,58,양주 2023_10.csv,쇼핑,시장
양주,2023,10,2023-10,144,경기도,양주시,원당낚시터,57,양주 2023_10.csv,레저스포츠,수상레저스포츠
양주,2023,10,2023-10,144,경기도,양주시,씨알농장,57,양주 2023_10.csv,체험관광,농/산/어촌체험
양주,2023,10,2023-10,144,경기도,양주시,타겟28실내양궁장,57,양주 2023_10.csv,레저스포츠,육상레저스포츠
양주,2023,10,2023-10,147,경기도,양주시,위바운스,56,양주 2023_10.csv,문화관광,테마공원
양주,2023,10,2023-10,148,경기도,양주시,권율장군묘,53,양주 2023_10.csv,역사관광,역사유적지
양주,2023,10,2023-10,148,경기도,양주시,프레리키즈카페양주옥정점,53,양주 2023_10.csv,문화관광,테마공원
양주,2023,10,2023-10,150,경기도,양주시,양주시립민복진미술관,52,양주 2023_10.csv,문화관광,전시시설
양주,2023,10,2023-10,150,경기도,양주시,나누리근린공원,52,양주 2023_10.csv,문화관광,도시공원
양주,2023,10,2023-10,150,경기도,양주시,덕수레저타운,52,양주 2023_10.csv,레저스포츠,기타레저스포츠
양주,2023,10,2023-10,153,경기도,양주시,강호이앤티,49,양주 2023_10.csv,레저스포츠,기타레저스포츠
양주,2023,10,2023-10,153,경기도,양주시,쌍용사,49,양주 2023_10.csv,역사관광,종교성지
양주,2023,10,2023-10,155,경기도,양주시,신흥레저타운,47,양주 2023_10.csv,레저스포츠,기타레저스포츠
양주,2023,10,2023-10,156,경기도,양주시,세광사,46,양주 2023_10.csv,역사관광,종교성지
양주,2023,10,2023-10,156,경기도,양주시,일영낚시터,46,양주 2023_10.csv,레저스포츠,수상레저스포츠
양주,2023,10,2023-10,156,경기도,양주시,봉암낚시터,46,양주 2023_10.csv,레저스포츠,수상레저스포츠
양주,2023,10,2023-10,159,경기도,양주시,장흥계곡,45,양주 2023_10.csv,자연관광,자연경관(산)
양주,2023,10,2023-10,160,경기도,양주시,나비랑키즈카페,44,양주 2023_10.csv,문화관광,테마공원
양주,2023,10,2023-10,161,경기도,양주시,양주시립장욱진미술관통합매표소,43,양주 2023_10.csv,문화관광,복합관광시설
양주,2023,10,2023-10,161,경기도,양주시,동산가든낚시터,43,양주 2023_10.csv,레저스포츠,수상레저스포츠
양주,2023,10,2023-10,161,경기도,양주시,스마트시티복합센터,43,양주 2023_10.csv,문화관광,기타문화관광지
양주,2023,10,2023-10,164,경기도,양주시,신암지,42,양주 2023_10.csv,자연관광,자연경관(하천/해양)
양주,2023,10,2023-10,165,경기도,양주시,원더키즈,41,양주 2023_10.csv,문화관광,테마공원
양주,2023,10,2023-10,165,경기도,양주시,일영랜드수영장,41,양주 2023_10.csv,문화관광,테마공원
양주,2023,10,2023-10,167,경기도,양주시,신흥레저워터월드,38,양주 2023_10.csv,문화관광,테마공원
양주,2023,10,2023-10,167,경기도,양주시,노고산주말농장,38,양주 2023_10.csv,체험관광,농/산/어촌체험
양주,2023,10,2023-10,169,경기도,양주시,백인걸선생묘,37,양주 2023_10.csv,역사관광,역사유적지
양주,2023,10,2023-10,169,경기도,양주시,양주옥정리선돌,37,양주 2023_10.csv,역사관광,역사유적지
양주,2023,10,2023-10,171,경기도,양주시,은현피싱타운,36,양주 2023_10.csv,레저스포츠,수상레저스포츠
양주,2023,10,2023-10,171,경기도,양주시,에코야구장,36,양주 2023_10.csv,문화관광,레저스포츠시설
양주,2023,10,2023-10,173,경기도,양주시,어둔리남방낚시터,33,양주 2023_10.csv,레저스포츠,수상레저스포츠
양주,2023,10,2023-10,173,경기도,양주시,스카이워터파크,33,양주 2023_10.csv,문화관광,테마공원
양주,2023,10,2023-10,175,경기도,양주시,플레이랩양주점,32,양주 2023_10.csv,문화관광,테마공원
양주,2023,10,2023-10,176,경기도,양주시,홍죽산업단지근린공원,31,양주 2023_10.csv,문화관광,도시공원
양주,2023,10,2023-10,177,경기도,양주시,토리근린공원,30,양주 2023_10.csv,문화관광,도시공원
양주,2023,10,2023-10,178,경기도,양주시,양주시종합관광안내센터,29,양주 2023_10.csv,기타관광,기타관광
양주,2023,10,2023-10,178,경기도,양주시,연화사,29,양주 2023_10.csv,역사관광,종교성지
양주,2023,10,2023-10,180,경기도,양주시,양주농촌테마공원,28,양주 2023_10.csv,문화관광,도시공원
양주,2023,10,2023-10,181,경기도,양주시,아름다운비행,27,양주 2023_10.csv,문화관광,전시시설
양주,2023,10,2023-10,181,경기도,양주시,모자농원,27,양주 2023_10.csv,체험관광,농/산/어촌체험
양주,2023,10,2023-10,183,경기도,양주시,여성봉,26,양주 2023_10.csv,자연관광,자연경관(산)
양주,2023,10,2023-10,184,경기도,양주시,대승사,25,양주 2023_10.csv,역사관광,종교성지
양주,2023,10,2023-10,184,경기도,양주시,송추다보사,25,양주 2023_10.csv,역사관광,종교성지
양주,2023,10,2023-10,186,경기도,양주시,베이스캠프,24,양주 2023_10.csv,레저스포츠,기타레저스포츠
양주,2023,10,2023-10,187,경기도,양주시,수월사,23,양주 2023_10.csv,역사관광,종교성지
양주,2023,10,2023-10,187,경기도,양주시,홍복저수지,23,양주 2023_10.csv,자연관광,자연경관(하천/해양)
양주,2023,10,2023-10,189,경기도,양주시,양주혁신리빙랩센터,22,양주 2023_10.csv,문화관광,기타문화관광지
양주,2023,10,2023-10,189,경기도,양주시,은현낚시터,22,양주 2023_10.csv,레저스포츠,수상레저스포츠
양주,2023,10,2023-10,189,경기도,양주시,송암천문대,22,양주 2023_10.csv,기타관광,기타관광
양주,2023,10,2023-10,189,경기도,양주시,나눔갤러리블루,22,양주 2023_10.csv,문화관광,전시시설
양주,2023,10,2023-10,193,경기도,양주시,양주농원,21,양주 2023_10.csv,체험관광,농/산/어촌체험
양주,2023,10,2023-10,194,경기도,양주시,꿈을그리다,20,양주 2023_10.csv,문화관광,테마공원
양주,2023,10,2023-10,194,경기도,양주시,비암사,20,양주 2023_10.csv,역사관광,종교성지
양주,2023,10,2023-10,196,경기도,양주시,회암고개,19,양주 2023_10.csv,자연관광,자연경관(산)
양주,2023,10,2023-10,197,경기도,양주시,해유령전첩지,18,양주 2023_10.csv,역사관광,역사유적지
양주,2023,10,2023-10,197,경기도,양주시,백석생활체육공원리틀야구장,18,양주 2023_10.csv,문화관광,레저스포츠시설
양주,2023,10,2023-10,197,경기도,양주시,신상호스튜디오,18,양주 2023_10.csv,문화관광,전시시설
양주,2023,10,2023-10,200,경기도,양주시,보메기낚시터,17,양주 2023_10.csv,레저스포츠,수상레저스포츠
양주,2023,10,2023-10,200,경기도,양주시,신산장,17,양주 2023_10.csv,쇼핑,시장
양주,2023,10,2023-10,200,경기도,양주시,도락산,17,양주 2023_10.csv,자연관광,자연경관(산)
양주,2023,10,2023-10,200,경기도,양주시,보타사,17,양주 2023_10.csv,역사관광,종교성지
양주,2023,10,2023-10,204,경기도,양주시,양주인공암벽장,16,양주 2023_10.csv,레저스포츠,기타레저스포츠
양주,2023,10,2023-10,204,경기도,양주시,해마루농원,16,양주 2023_10.csv,체험관광,농/산/어촌체험
양주,2023,10,2023-10,206,경기도,양주시,클라임크루,15,양주 2023_10.csv,레저스포츠,기타레저스포츠
양주,2023,10,2023-10,207,경기도,양주시,양주시 현충탑,14,양주 2023_10.csv,역사관광,역사유물
양주,2023,10,2023-10,207,경기도,양주시,효진푸드,14,양주 2023_10.csv,쇼핑,시장
양주,2023,10,2023-10,209,경기도,양주시,오림피아수영장,13,양주 2023_10.csv,문화관광,테마공원
양주,2023,10,2023-10,209,경기도,양주시,송추아트밸리,13,양주 2023_10.csv,문화관광,도시공원
양주,2023,10,2023-10,209,경기도,양주시,사패산송추방면,13,양주 2023_10.csv,자연관광,자연경관(산)
양주,2023,10,2023-10,209,경기도,양주시,원학농장,13,양주 2023_10.csv,체험관광,농/산/어촌체험
양주,2023,10,2023-10,209,경기도,양주시,살구골낚시터,13,양주 2023_10.csv,레저스포츠,수상레저스포츠
양주,2023,10,2023-10,214,경기도,양주시,기산리유원지,12,양주 2023_10.csv,문화관광,복합관광시설
양주,2023,10,2023-10,214,경기도,양주시,원각폭포,12,양주 2023_10.csv,자연관광,자연경관(산)
양주,2023,10,2023-10,214,경기도,양주시,동광정사,12,양주 2023_10.csv,역사관광,종교성지
양주,2023,10,2023-10,214,경기도,양주시,황뱅이수변산책로,12,양주 2023_10.csv,레저스포츠,기타레저스포츠
양주,2023,10,2023-10,218,경기도,양주시,본주짓수회천점,11,양주 2023_10.csv,레저스포츠,기타레저스포츠
양주,2023,10,2023-10,218,경기도,양주시,사동포도원,11,양주 2023_10.csv,체험관광,농/산/어촌체험
양주,2023,10,2023-10,220,경기도,양주시,폴앤풀양주점,10,양주 2023_10.csv,문화관광,테마공원
양주,2023,10,2023-10,220,경기도,양주시,윤성에프앤비양주물류센터,10,양주 2023_10.csv,레저스포츠,수상레저스포츠
양주,2023,10,2023-10,220,경기도,양주시,가납시장,10,양주 2023_10.csv,쇼핑,시장
양주,2023,10,2023-10,220,경기도,양주시,양주시티즌축구클럽,10,양주 2023_10.csv,문화관광,레저스포츠시설
양주,2023,10,2023-10,224,경기도,양주시,도하저수지,9,양주 2023_10.csv,자연관광,자연경관(하천/해양)
양주,2023,10,2023-10,225,경기도,양주시,나리다육,8,양주 2023_10.csv,체험관광,농/산/어촌체험
양주,2023,10,2023-10,225,경기도,양주시,꿀잼키즈룸양주옥정점,8,양주 2023_10.csv,문화관광,테마공원
양주,2023,10,2023-10,225,경기도,양주시,봉우근린공원,8,양주 2023_10.csv,문화관광,도시공원
양주,2023,10,2023-10,225,경기도,양주시,무호정,8,양주 2023_10.csv,레저스포츠,육상레저스포츠
양주,2023,10,2023-10,229,경기도,양주시,연곡저수지,7,양주 2023_10.csv,자연관광,자연경관(하천/해양)
양주,2023,10,2023-10,229,경기도,양주시,쿠키팜,7,양주 2023_10.csv,체험관광,공예체험
양주,2023,10,2023-10,229,경기도,양주시,대장금눈썰매장,7,양주 2023_10.csv,레저스포츠,육상레저스포츠
양주,2023,10,2023-10,229,경기도,양주시,칠봉산천보터널방면,7,양주 2023_10.csv,자연관광,자연경관(산)
양주,2023,10,2023-10,229,경기도,양주시,양주아트밸리눈썰매장,7,양주 2023_10.csv,레저스포츠,육상레저스포츠
양주,2023,10,2023-10,229,경기도,양주시,두래농원,7,양주 2023_10.csv,체험관광,농/산/어촌체험
양주,2023,10,2023-10,229,경기도,양주시,가래비빙벽장,7,양주 2023_10.csv,레저스포츠,기타레저스포츠
양주,2023,10,2023-10,229,경기도,양주시,양주시 광적면 송구래미,7,양주 2023_10.csv,문화관광,도시/지역문화관광
양주,2023,10,2023-10,237,경기도,양주시,코스박스튜디오,6,양주 2023_10.csv,체험관광,공예체험
양주,2023,10,2023-10,237,경기도,양주시,기산낚시터,6,양주 2023_10.csv,레저스포츠,수상레저스포츠
양주,2023,10,2023-10,237,경기도,양주시,WJ복싱클럽옥정점,6,양주 2023_10.csv,레저스포츠,기타레저스포츠
양주,2023,10,2023-10,237,경기도,양주시,송암사,6,양주 2023_10.csv,역사관광,종교성지
양주,2023,10,2023-10,237,경기도,양주시,각명사,6,양주 2023_10.csv,역사관광,종교성지
양주,2023,10,2023-10,237,경기도,양주시,조소앙선생기념공원,6,양주 2023_10.csv,문화관광,도시공원
양주,2023,10,2023-10,237,경기도,양주시,마하보디사,6,양주 2023_10.csv,역사관광,종교성지
양주,2023,10,2023-10,237,경기도,양주시,양주와이어주짓수,6,양주 2023_10.csv,레저스포츠,기타레저스포츠
양주,2023,10,2023-10,237,경기도,양주시,월암사,6,양주 2023_10.csv,역사관광,종교성지
양주,2023,10,2023-10,246,경기도,양주시,광운정사,5,양주 2023_10.csv,역사관광,종교성지
양주,2023,10,2023-10,247,경기도,양주시,모모앤던목공작업실,4,양주 2023_10.csv,체험관광,공예체험
양주,2023,10,2023-10,247,경기도,양주시,고읍제6어린이공원,4,양주 2023_10.csv,문화관광,도시공원
양주,2023,10,2023-10,247,경기도,양주시,사명복싱한양3차신도점,4,양주 2023_10.csv,레저스포츠,기타레저스포츠
양주,2023,10,2023-10,247,경기도,양주시,유리하다,4,양주 2023_10.csv,체험관광,공예체험
양주,2023,10,2023-10,247,경기도,양주시,양주남면의느티나무,4,양주 2023_10.csv,역사관광,역사유적지
양주,2023,10,2023-10,247,경기도,양주시,태평목장,4,양주 2023_10.csv,체험관광,농/산/어촌체험
양주,2023,10,2023-10,247,경기도,양주시,허브힐,4,양주 2023_10.csv,문화관광,복합관광시설
양주,2023,10,2023-10,247,경기도,양주시,부흥사,4,양주 2023_10.csv,역사관광,종교성지
양주,2023,10,2023-10,247,경기도,양주시,산내음목장,4,양주 2023_10.csv,체험관광,농/산/어촌체험
양주,2023,10,2023-10,247,경기도,양주시,진도농원,4,양주 2023_10.csv,체험관광,농/산/어촌체험
양주,2023,10,2023-10,247,경기도,양주시,고장산,4,양주 2023_10.csv,자연관광,자연경관(산)
양주,2023,10,2023-10,247,경기도,양주시,점프윙스줄넘기클럽줄기차게,4,양주 2023_10.csv,레저스포츠,기타레저스포츠
양주,2023,10,2023-10,259,경기도,양주시,옥정탁구클럽,3,양주 2023_10.csv,레저스포츠,기타레저스포츠
양주,2023,10,2023-10,259,경기도,양주시,체형교정연구소바르다,3,양주 2023_10.csv,레저스포츠,기타레저스포츠
양주,2023,10,2023-10,259,경기도,양주시,호국흥국사,3,양주 2023_10.csv,역사관광,종교성지
양주,2023,10,2023-10,259,경기도,양주시,장흥숲길,3,양주 2023_10.csv,기타관광,기타관광
양주,2023,10,2023-10,259,경기도,양주시,잇츠목이,3,양주 2023_10.csv,체험관광,농/산/어촌체험
양주,2023,10,2023-10,259,경기도,양주시,천봉나전칠기체험관,3,양주 2023_10.csv,문화관광,기타문화관광지
양주,2023,10,2023-10,259,경기도,양주시,쏘폴스튜디오,3,양주 2023_10.csv,레저스포츠,기타레저스포츠
양주,2023,10,2023-10,259,경기도,양주시,용암낚시터,3,양주 2023_10.csv,레저스포츠,수상레저스포츠
양주,2023,10,2023-10,259,경기도,양주시,한마음청소년수련원수영장,3,양주 2023_10.csv,문화관광,테마공원
양주,2023,10,2023-10,259,경기도,양주시,나릿물힐링꽃밭,3,양주 2023_10.csv,기타관광,기타관광
양주,2023,10,2023-10,259,경기도,양주시,이수광선생묘,3,양주 2023_10.csv,역사관광,역사유적지
양주,2023,10,2023-10,259,경기도,양주시,도봉산,3,양주 2023_10.csv,자연관광,자연경관(산)
양주,2023,10,2023-10,259,경기도,양주시,장흥한옥수영장,3,양주 2023_10.csv,문화관광,테마공원
양주,2023,10,2023-10,259,경기도,양주시,베스트리그야구장,3,양주 2023_10.csv,문화관광,레저스포츠시설
양주,2023,10,2023-10,259,경기도,양주시,송추로얄암반수수영장,3,양주 2023_10.csv,문화관광,테마공원
양주,2023,10,2023-10,259,경기도,양주시,평강수산,3,양주 2023_10.csv,쇼핑,시장
양주,2023,10,2023-10,259,경기도,양주시,북한산둘레길14구간,3,양주 2023_10.csv,레저스포츠,기타레저스포츠
양주,2023,10,2023-10,259,경기도,양주시,호국비룡사,3,양주 2023_10.csv,역사관광,종교성지
양주,2023,10,2023-10,259,경기도,양주시,낙락저수지,3,양주 2023_10.csv,자연관광,자연경관(하천/해양)
양주,2023,10,2023-10,259,경기도,양주시,정용대장군묘,3,양주 2023_10.csv,역사관광,역사유적지
양주,2023,10,2023-10,259,경기도,양주시,양주유수풀파크&바베큐장,3,양주 2023_10.csv,문화관광,테마공원
양주,2023,10,2023-10,259,경기도,양주시,고령산,3,양주 2023_10.csv,자연관광,자연경관(산)
양주,2023,10,2023-10,259,경기도,양주시,삼훈행복농원,3,양주 2023_10.csv,체험관광,농/산/어촌체험
양주,2023,10,2023-10,259,경기도,양주시,영산법화사,3,양주 2023_10.csv,역사관광,종교성지
양주,2023,10,2023-10,259,경기도,양주시,후평공원,3,양주 2023_10.csv,문화관광,도시공원
양주,2023,10,2023-10,259,경기도,양주시,불곡산농원,3,양주 2023_10.csv,체험관광,농/산/어촌체험
양주,2023,11,2023-11,1,경기도,양주시,LF스퀘어양주점,12442,양주 2023_11.csv,쇼핑,쇼핑몰
양주,2023,11,2023-11,2,경기도,양주시,레이크우드CC,6728,양주 2023_11.csv,레저스포츠,육상레저스포츠
양주,2023,11,2023-11,3,경기도,양주시,송추CC,3046,양주 2023_11.csv,레저스포츠,육상레저스포츠
양주,2023,11,2023-11,4,경기도,양주시,CGV양주옥정,2627,양주 2023_11.csv,문화관광,공연시설
양주,2023,11,2023-11,5,경기도,양주시,옥정중앙공원,2116,양주 2023_11.csv,문화관광,도시공원
양주,2023,11,2023-11,6,경기도,양주시,송추계곡,1794,양주 2023_11.csv,자연관광,자연경관(산)
양주,2023,11,2023-11,7,경기도,양주시,두리랜드,1554,양주 2023_11.csv,문화관광,테마공원
양주,2023,11,2023-11,8,경기도,양주시,회암사지박물관,1474,양주 2023_11.csv,문화관광,전시시설
양주,2023,11,2023-11,9,경기도,양주시,장흥관광지,1283,양주 2023_11.csv,문화관광,복합관광시설
양주,2023,11,2023-11,10,경기도,양주시,루이힐스CC,1085,양주 2023_11.csv,레저스포츠,육상레저스포츠
양주,2023,11,2023-11,11,경기도,양주시,나리농원,1048,양주 2023_11.csv,체험관광,농/산/어촌체험
양주,2023,11,2023-11,12,경기도,양주시,기산저수지,889,양주 2023_11.csv,자연관광,자연경관(하천/해양)
양주,2023,11,2023-11,13,경기도,양주시,가래비장터,850,양주 2023_11.csv,쇼핑,시장
양주,2023,11,2023-11,14,경기도,양주시,송추역,816,양주 2023_11.csv,기타관광,교통시설
양주,2023,11,2023-11,15,경기도,양주시,장흥자동차극장,797,양주 2023_11.csv,문화관광,공연시설
양주,2023,11,2023-11,16,경기도,양주시,선돌근린공원,755,양주 2023_11.csv,문화관광,도시공원
양주,2023,11,2023-11,17,경기도,양주시,조명박물관,752,양주 2023_11.csv,문화관광,전시시설
양주,2023,11,2023-11,18,경기도,양주시,가나아트파크,682,양주 2023_11.csv,문화관광,전시시설
양주,2023,11,2023-11,19,경기도,양주시,양주시립장욱진미술관,663,양주 2023_11.csv,문화관광,전시시설
양주,2023,11,2023-11,20,경기도,양주시,메가박스양주,645,양주 2023_11.csv,문화관광,공연시설
양주,2023,11,2023-11,21,경기도,양주시,옥정체육공원,620,양주 2023_11.csv,문화관광,도시공원
양주,2023,11,2023-11,22,경기도,양주시,일영유원지,571,양주 2023_11.csv,문화관광,복합관광시설
양주,2023,11,2023-11,23,경기도,양주시,백석생활체육공원,556,양주 2023_11.csv,문화관광,도시공원
양주,2023,11,2023-11,24,경기도,양주시,국립아세안자연휴양림,553,양주 2023_11.csv,자연관광,자연공원
양주,2023,11,2023-11,25,경기도,양주시,고덕생활체육공원,487,양주 2023_11.csv,문화관광,도시공원
양주,2023,11,2023-11,26,경기도,양주시,롯데시네마양주고읍 휴점,471,양주 2023_11.csv,문화관광,공연시설
양주,2023,11,2023-11,27,경기도,양주시,메가파크양주,469,양주 2023_11.csv,문화관광,테마공원
양주,2023,11,2023-11,28,경기도,양주시,옥정배수지체육공원,452,양주 2023_11.csv,문화관광,도시공원
양주,2023,11,2023-11,29,경기도,양주시,TBS도봉산축구장,441,양주 2023_11.csv,문화관광,레저스포츠시설
양주,2023,11,2023-11,30,경기도,양주시,헤세의정원,415,양주 2023_11.csv,문화관광,기타문화관광지
양주,2023,11,2023-11,31,경기도,양주시,신암낚시터,392,양주 2023_11.csv,레저스포츠,수상레저스포츠
양주,2023,11,2023-11,32,경기도,양주시,양주별산대놀이마당,384,양주 2023_11.csv,문화관광,기타문화관광지
양주,2023,11,2023-11,33,경기도,양주시,청련사,379,양주 2023_11.csv,역사관광,종교성지
양주,2023,11,2023-11,34,경기도,양주시,일영역,371,양주 2023_11.csv,기타관광,교통시설
양주,2023,11,2023-11,35,경기도,양주시,멜버른승마장,369,양주 2023_11.csv,레저스포츠,육상레저스포츠
양주,2023,11,2023-11,35,경기도,양주시,양주팬텀실내풋살장,369,양주 2023_11.csv,레저스포츠,기타레저스포츠
양주,2023,11,2023-11,37,경기도,양주시,양주베이스볼파크,367,양주 2023_11.csv,문화관광,레저스포츠시설
양주,2023,11,2023-11,38,경기도,양주시,회암사,359,양주 2023_11.csv,역사관광,종교성지
양주,2023,11,2023-11,39,경기도,양주시,송암스페이스센터,347,양주 2023_11.csv,기타관광,기타관광
양주,2023,11,2023-11,40,경기도,양주시,원당저수지,337,양주 2023_11.csv,자연관광,자연경관(하천/해양)
양주,2023,11,2023-11,41,경기도,양주시,EP베이스볼파크,304,양주 2023_11.csv,문화관광,레저스포츠시설
양주,2023,11,2023-11,42,경기도,양주시,헬로방방양주점,293,양주 2023_11.csv,문화관광,테마공원
양주,2023,11,2023-11,43,경기도,양주시,MBP리그,288,양주 2023_11.csv,문화관광,레저스포츠시설
양주,2023,11,2023-11,43,경기도,양주시,청암민속박물관,288,양주 2023_11.csv,문화관광,전시시설
양주,2023,11,2023-11,45,경기도,양주시,양주시청소년수련원,284,양주 2023_11.csv,레저스포츠,육상레저스포츠
양주,2023,11,2023-11,46,경기도,양주시,한성승마클럽,278,양주 2023_11.csv,레저스포츠,육상레저스포츠
양주,2023,11,2023-11,47,경기도,양주시,공존풋살파크양주점,264,양주 2023_11.csv,문화관광,레저스포츠시설
양주,2023,11,2023-11,48,경기도,양주시,신천생활체육공원,263,양주 2023_11.csv,문화관광,도시공원
양주,2023,11,2023-11,49,경기도,양주시,회암사지,254,양주 2023_11.csv,역사관광,역사유적지
양주,2023,11,2023-11,49,경기도,양주시,장흥생활체육공원,254,양주 2023_11.csv,문화관광,도시공원
양주,2023,11,2023-11,51,경기도,양주시,스카이야구장,252,양주 2023_11.csv,문화관광,레저스포츠시설
양주,2023,11,2023-11,52,경기도,양주시,토도,251,양주 2023_11.csv,문화관광,테마공원
양주,2023,11,2023-11,53,경기도,양주시,양주시승마장,238,양주 2023_11.csv,레저스포츠,육상레저스포츠
양주,2023,11,2023-11,54,경기도,양주시,장자원낚시터,234,양주 2023_11.csv,레저스포츠,수상레저스포츠
양주,2023,11,2023-11,55,경기도,양주시,덕계공원,230,양주 2023_11.csv,문화관광,도시공원
양주,2023,11,2023-11,56,경기도,양주시,삼하낚시터,225,양주 2023_11.csv,레저스포츠,수상레저스포츠
양주,2023,11,2023-11,57,경기도,양주시,봉암저수지,213,양주 2023_11.csv,자연관광,자연경관(하천/해양)
양주,2023,11,2023-11,58,경기도,양주시,장흥돌고개유원지,212,양주 2023_11.csv,문화관광,복합관광시설
양주,2023,11,2023-11,59,경기도,양주시,더콕배드민턴레슨센터,210,양주 2023_11.csv,레저스포츠,기타레저스포츠
양주,2023,11,2023-11,59,경기도,양주시,딱따구리청소년수련원,210,양주 2023_11.csv,레저스포츠,육상레저스포츠
양주,2023,11,2023-11,61,경기도,양주시,신산리공원,205,양주 2023_11.csv,문화관광,도시공원
양주,2023,11,2023-11,62,경기도,양주시,양주풋살파크제1구장,201,양주 2023_11.csv,문화관광,레저스포츠시설
양주,2023,11,2023-11,63,경기도,양주시,장흥축구장,198,양주 2023_11.csv,문화관광,레저스포츠시설
양주,2023,11,2023-11,64,경기도,양주시,양주테크노풋살센터,195,양주 2023_11.csv,레저스포츠,기타레저스포츠
양주,2023,11,2023-11,65,경기도,양주시,어둔리저수지,193,양주 2023_11.csv,자연관광,자연경관(하천/해양)
양주,2023,11,2023-11,66,경기도,양주시,VIP야구장,192,양주 2023_11.csv,문화관광,레저스포츠시설
양주,2023,11,2023-11,67,경기도,양주시,ND야구장,187,양주 2023_11.csv,문화관광,레저스포츠시설
양주,2023,11,2023-11,68,경기도,양주시,베베앙쥬베이비카페옥정점,183,양주 2023_11.csv,문화관광,테마공원
양주,2023,11,2023-11,69,경기도,양주시,양주관아지,178,양주 2023_11.csv,역사관광,역사유적지
양주,2023,11,2023-11,70,경기도,양주시,고읍축구장,169,양주 2023_11.csv,문화관광,레저스포츠시설
양주,2023,11,2023-11,71,경기도,양주시,칠봉산CC,165,양주 2023_11.csv,레저스포츠,육상레저스포츠
양주,2023,11,2023-11,72,경기도,양주시,옥정체육공원축구장,162,양주 2023_11.csv,문화관광,레저스포츠시설
양주,2023,11,2023-11,73,경기도,양주시,덕계저수지,160,양주 2023_11.csv,자연관광,자연경관(하천/해양)
양주,2023,11,2023-11,73,경기도,양주시,석굴암,160,양주 2023_11.csv,역사관광,종교성지
양주,2023,11,2023-11,75,경기도,양주시,오상갤러리,155,양주 2023_11.csv,문화관광,전시시설
양주,2023,11,2023-11,76,경기도,양주시,온릉,151,양주 2023_11.csv,역사관광,역사유적지
양주,2023,11,2023-11,77,경기도,양주시,티제이풋살파크,150,양주 2023_11.csv,레저스포츠,기타레저스포츠
양주,2023,11,2023-11,77,경기도,양주시,남경수목원,150,양주 2023_11.csv,체험관광,농/산/어촌체험
양주,2023,11,2023-11,79,경기도,양주시,효촌저수지,149,양주 2023_11.csv,자연관광,자연경관(하천/해양)
양주,2023,11,2023-11,80,경기도,양주시,양주농원,148,양주 2023_11.csv,체험관광,농/산/어촌체험
양주,2023,11,2023-11,81,경기도,양주시,칠봉산낚시터,144,양주 2023_11.csv,레저스포츠,수상레저스포츠
양주,2023,11,2023-11,82,경기도,양주시,송추낚시터,143,양주 2023_11.csv,레저스포츠,수상레저스포츠
양주,2023,11,2023-11,82,경기도,양주시,무호정,143,양주 2023_11.csv,레저스포츠,육상레저스포츠
양주,2023,11,2023-11,84,경기도,양주시,한국축구센터,142,양주 2023_11.csv,문화관광,레저스포츠시설
양주,2023,11,2023-11,85,경기도,양주시,장흥역,132,양주 2023_11.csv,기타관광,교통시설
양주,2023,11,2023-11,86,경기도,양주시,삼숭생활체육공원,129,양주 2023_11.csv,문화관광,도시공원
양주,2023,11,2023-11,87,경기도,양주시,진도농원,125,양주 2023_11.csv,체험관광,농/산/어촌체험
양주,2023,11,2023-11,88,경기도,양주시,북한산국립공원교현탐방지원센터,122,양주 2023_11.csv,기타관광,기타관광
양주,2023,11,2023-11,89,경기도,양주시,엄상마을문화거리,121,양주 2023_11.csv,문화관광,테마공원
양주,2023,11,2023-11,90,경기도,양주시,화담정사,120,양주 2023_11.csv,역사관광,종교성지
양주,2023,11,2023-11,91,경기도,양주시,양주수산물시장,118,양주 2023_11.csv,쇼핑,시장
양주,2023,11,2023-11,92,경기도,양주시,후니버설스튜디오,114,양주 2023_11.csv,문화관광,전시시설
양주,2023,11,2023-11,93,경기도,양주시,신천생활체육공원축구장,112,양주 2023_11.csv,문화관광,레저스포츠시설
양주,2023,11,2023-11,94,경기도,양주시,장흥자생수목원,110,양주 2023_11.csv,자연관광,자연공원
양주,2023,11,2023-11,95,경기도,양주시,지장사,101,양주 2023_11.csv,역사관광,종교성지
양주,2023,11,2023-11,95,경기도,양주시,샘내고개,101,양주 2023_11.csv,자연관광,자연경관(산)
양주,2023,11,2023-11,97,경기도,양주시,광백저수지,99,양주 2023_11.csv,자연관광,자연경관(하천/해양)
양주,2023,11,2023-11,98,경기도,양주시,장흥야구장,97,양주 2023_11.csv,문화관광,레저스포츠시설
양주,2023,11,2023-11,98,경기도,양주시,못말낚시터,97,양주 2023_11.csv,레저스포츠,수상레저스포츠
양주,2023,11,2023-11,100,경기도,양주시,부부관광농원,95,양주 2023_11.csv,체험관광,농/산/어촌체험
양주,2023,11,2023-11,101,경기도,양주시,하늘물공원,92,양주 2023_11.csv,문화관광,도시공원
양주,2023,11,2023-11,102,경기도,양주시,광적생활체육공원축구장,91,양주 2023_11.csv,문화관광,레저스포츠시설
양주,2023,11,2023-11,102,경기도,양주시,대원정사,91,양주 2023_11.csv,역사관광,종교성지
양주,2023,11,2023-11,104,경기도,양주시,신세계팩토리스토어양주점,89,양주 2023_11.csv,쇼핑,쇼핑몰
양주,2023,11,2023-11,104,경기도,양주시,원실내바다낚시터양주점,89,양주 2023_11.csv,레저스포츠,수상레저스포츠
양주,2023,11,2023-11,106,경기도,양주시,나리공원파크골프장,88,양주 2023_11.csv,레저스포츠,육상레저스포츠
양주,2023,11,2023-11,107,경기도,양주시,아지트배드민턴,84,양주 2023_11.csv,레저스포츠,기타레저스포츠
양주,2023,11,2023-11,108,경기도,양주시,프레리키즈카페양주옥정점,83,양주 2023_11.csv,문화관광,테마공원
양주,2023,11,2023-11,109,경기도,양주시,송추원각사,82,양주 2023_11.csv,역사관광,종교성지
양주,2023,11,2023-11,110,경기도,양주시,북한산국립공원오봉탐방지원센터,79,양주 2023_11.csv,기타관광,기타관광
양주,2023,11,2023-11,110,경기도,양주시,금바위저수지,79,양주 2023_11.csv,자연관광,자연경관(하천/해양)
양주,2023,11,2023-11,112,경기도,양주시,세광사,75,양주 2023_11.csv,역사관광,종교성지
양주,2023,11,2023-11,113,경기도,양주시,장흥자연휴양림,72,양주 2023_11.csv,자연관광,자연공원
양주,2023,11,2023-11,114,경기도,양주시,원더풀키즈수영장,71,양주 2023_11.csv,문화관광,테마공원
양주,2023,11,2023-11,115,경기도,양주시,육지장사,70,양주 2023_11.csv,역사관광,종교성지
양주,2023,11,2023-11,115,경기도,양주시,롤러몬스터,70,양주 2023_11.csv,레저스포츠,기타레저스포츠
양주,2023,11,2023-11,117,경기도,양주시,양주농촌테마공원,68,양주 2023_11.csv,문화관광,도시공원
양주,2023,11,2023-11,117,경기도,양주시,나리공원물놀이장,68,양주 2023_11.csv,문화관광,테마공원
양주,2023,11,2023-11,119,경기도,양주시,양주풋살파크제2구장,66,양주 2023_11.csv,레저스포츠,기타레저스포츠
양주,2023,11,2023-11,119,경기도,양주시,백화암,66,양주 2023_11.csv,역사관광,종교성지
양주,2023,11,2023-11,121,경기도,양주시,씽씽롤러스케이트장,65,양주 2023_11.csv,레저스포츠,육상레저스포츠
양주,2023,11,2023-11,122,경기도,양주시,장흥조각공원,64,양주 2023_11.csv,문화관광,도시공원
양주,2023,11,2023-11,123,경기도,양주시,연곡저수지,63,양주 2023_11.csv,자연관광,자연경관(하천/해양)
양주,2023,11,2023-11,124,경기도,양주시,불곡산,61,양주 2023_11.csv,자연관광,자연경관(산)
양주,2023,11,2023-11,125,경기도,양주시,광적생활체육공원,60,양주 2023_11.csv,문화관광,도시공원
양주,2023,11,2023-11,126,경기도,양주시,모모앤던목공작업실,57,양주 2023_11.csv,체험관광,공예체험
양주,2023,11,2023-11,126,경기도,양주시,나비랑키즈카페,57,양주 2023_11.csv,문화관광,테마공원
양주,2023,11,2023-11,128,경기도,양주시,백석생활체육공원축구장,56,양주 2023_11.csv,문화관광,레저스포츠시설
양주,2023,11,2023-11,129,경기도,양주시,조소앙선생기념관,54,양주 2023_11.csv,문화관광,전시시설
양주,2023,11,2023-11,130,경기도,양주시,플레이랩양주점,53,양주 2023_11.csv,문화관광,테마공원
양주,2023,11,2023-11,130,경기도,양주시,아트휠즈,53,양주 2023_11.csv,레저스포츠,육상레저스포츠
양주,2023,11,2023-11,130,경기도,양주시,안상철미술관,53,양주 2023_11.csv,문화관광,전시시설
양주,2023,11,2023-11,130,경기도,양주시,일영낚시터,53,양주 2023_11.csv,레저스포츠,수상레저스포츠
양주,2023,11,2023-11,134,경기도,양주시,양주골김치체험박물관,52,양주 2023_11.csv,문화관광,전시시설
양주,2023,11,2023-11,135,경기도,양주시,백석배수지생활체육공원,51,양주 2023_11.csv,문화관광,도시공원
양주,2023,11,2023-11,135,경기도,양주시,위바운스,51,양주 2023_11.csv,문화관광,테마공원
양주,2023,11,2023-11,137,경기도,양주시,송암천문대,50,양주 2023_11.csv,기타관광,기타관광
양주,2023,11,2023-11,137,경기도,양주시,백석생활체육공원야구장,50,양주 2023_11.csv,문화관광,레저스포츠시설
양주,2023,11,2023-11,139,경기도,양주시,북한산둘레길13구간,49,양주 2023_11.csv,레저스포츠,기타레저스포츠
양주,2023,11,2023-11,140,경기도,양주시,강호이앤티,47,양주 2023_11.csv,레저스포츠,기타레저스포츠
양주,2023,11,2023-11,140,경기도,양주시,노고산주말농장,47,양주 2023_11.csv,체험관광,농/산/어촌체험
양주,2023,11,2023-11,142,경기도,양주시,원당낚시터,46,양주 2023_11.csv,레저스포츠,수상레저스포츠
양주,2023,11,2023-11,142,경기도,양주시,백수현전통가옥,46,양주 2023_11.csv,역사관광,역사유적지
양주,2023,11,2023-11,142,경기도,양주시,광사낚시터,46,양주 2023_11.csv,레저스포츠,수상레저스포츠
양주,2023,11,2023-11,145,경기도,양주시,타겟28실내양궁장,45,양주 2023_11.csv,레저스포츠,육상레저스포츠
양주,2023,11,2023-11,146,경기도,양주시,원더키즈,44,양주 2023_11.csv,문화관광,테마공원
양주,2023,11,2023-11,147,경기도,양주시,은현피싱타운,42,양주 2023_11.csv,레저스포츠,수상레저스포츠
양주,2023,11,2023-11,147,경기도,양주시,덕정시장,42,양주 2023_11.csv,쇼핑,시장
양주,2023,11,2023-11,147,경기도,양주시,송추다보사,42,양주 2023_11.csv,역사관광,종교성지
양주,2023,11,2023-11,150,경기도,양주시,가나1아뜰리에,40,양주 2023_11.csv,문화관광,기타문화관광지
양주,2023,11,2023-11,150,경기도,양주시,스트라이크존볼파크양주,40,양주 2023_11.csv,문화관광,레저스포츠시설
양주,2023,11,2023-11,152,경기도,양주시,양주시립민복진미술관,39,양주 2023_11.csv,문화관광,전시시설
양주,2023,11,2023-11,152,경기도,양주시,스마트시티복합센터,39,양주 2023_11.csv,문화관광,기타문화관광지
양주,2023,11,2023-11,154,경기도,양주시,윤성에프앤비양주물류센터,34,양주 2023_11.csv,레저스포츠,수상레저스포츠
양주,2023,11,2023-11,155,경기도,양주시,아름다운비행,33,양주 2023_11.csv,문화관광,전시시설
양주,2023,11,2023-11,155,경기도,양주시,양주시립장욱진미술관통합매표소,33,양주 2023_11.csv,문화관광,복합관광시설
양주,2023,11,2023-11,157,경기도,양주시,꿈을그리다,32,양주 2023_11.csv,문화관광,테마공원
양주,2023,11,2023-11,158,경기도,양주시,용암낚시터,30,양주 2023_11.csv,레저스포츠,수상레저스포츠
양주,2023,11,2023-11,158,경기도,양주시,씨알농장,30,양주 2023_11.csv,체험관광,농/산/어촌체험
양주,2023,11,2023-11,158,경기도,양주시,그랜드유원지,30,양주 2023_11.csv,기타관광,기타관광
양주,2023,11,2023-11,158,경기도,양주시,연화사,30,양주 2023_11.csv,역사관광,종교성지
양주,2023,11,2023-11,162,경기도,양주시,권율장군묘,29,양주 2023_11.csv,역사관광,역사유적지
양주,2023,11,2023-11,163,경기도,양주시,클라임크루,28,양주 2023_11.csv,레저스포츠,기타레저스포츠
양주,2023,11,2023-11,164,경기도,양주시,홍복저수지,27,양주 2023_11.csv,자연관광,자연경관(하천/해양)
양주,2023,11,2023-11,164,경기도,양주시,모자농원,27,양주 2023_11.csv,체험관광,농/산/어촌체험
양주,2023,11,2023-11,166,경기도,양주시,대승사,26,양주 2023_11.csv,역사관광,종교성지
양주,2023,11,2023-11,167,경기도,양주시,신흥레저워터월드,25,양주 2023_11.csv,문화관광,테마공원
양주,2023,11,2023-11,168,경기도,양주시,양주향교,23,양주 2023_11.csv,역사관광,역사유적지
양주,2023,11,2023-11,168,경기도,양주시,양주유수풀파크&바베큐장,23,양주 2023_11.csv,문화관광,테마공원
양주,2023,11,2023-11,170,경기도,양주시,쌍용사,22,양주 2023_11.csv,역사관광,종교성지
양주,2023,11,2023-11,170,경기도,양주시,스카이워터파크,22,양주 2023_11.csv,문화관광,테마공원
양주,2023,11,2023-11,172,경기도,양주시,신흥레저타운,21,양주 2023_11.csv,레저스포츠,기타레저스포츠
양주,2023,11,2023-11,172,경기도,양주시,마리조아승마클럽,21,양주 2023_11.csv,레저스포츠,육상레저스포츠
양주,2023,11,2023-11,174,경기도,양주시,양주옥정리선돌,20,양주 2023_11.csv,역사관광,역사유적지
양주,2023,11,2023-11,174,경기도,양주시,송추아트밸리,20,양주 2023_11.csv,문화관광,도시공원
양주,2023,11,2023-11,174,경기도,양주시,가납시장,20,양주 2023_11.csv,쇼핑,시장
양주,2023,11,2023-11,174,경기도,양주시,777레지던스,20,양주 2023_11.csv,문화관광,전시시설
양주,2023,11,2023-11,178,경기도,양주시,홍죽산업단지근린공원,19,양주 2023_11.csv,문화관광,도시공원
양주,2023,11,2023-11,178,경기도,양주시,독바위공원인라인스케이트장,19,양주 2023_11.csv,레저스포츠,기타레저스포츠
양주,2023,11,2023-11,178,경기도,양주시,백인걸선생묘,19,양주 2023_11.csv,역사관광,역사유적지
양주,2023,11,2023-11,178,경기도,양주시,덕수레저타운,19,양주 2023_11.csv,레저스포츠,기타레저스포츠
양주,2023,11,2023-11,178,경기도,양주시,덕계낚시터,19,양주 2023_11.csv,레저스포츠,수상레저스포츠
양주,2023,11,2023-11,178,경기도,양주시,효진푸드,19,양주 2023_11.csv,쇼핑,시장
양주,2023,11,2023-11,178,경기도,양주시,여성봉,19,양주 2023_11.csv,자연관광,자연경관(산)
양주,2023,11,2023-11,178,경기도,양주시,백석생활체육공원리틀야구장,19,양주 2023_11.csv,문화관광,레저스포츠시설
양주,2023,11,2023-11,178,경기도,양주시,비암사,19,양주 2023_11.csv,역사관광,종교성지
양주,2023,11,2023-11,187,경기도,양주시,양주혁신리빙랩센터,18,양주 2023_11.csv,문화관광,기타문화관광지
양주,2023,11,2023-11,187,경기도,양주시,에코야구장,18,양주 2023_11.csv,문화관광,레저스포츠시설
양주,2023,11,2023-11,189,경기도,양주시,가나2아뜰리에,17,양주 2023_11.csv,문화관광,기타문화관광지
양주,2023,11,2023-11,190,경기도,양주시,익성농장,16,양주 2023_11.csv,체험관광,농/산/어촌체험
양주,2023,11,2023-11,190,경기도,양주시,장흥계곡,16,양주 2023_11.csv,자연관광,자연경관(산)
양주,2023,11,2023-11,190,경기도,양주시,꿀잼키즈룸양주옥정점,16,양주 2023_11.csv,문화관광,테마공원
양주,2023,11,2023-11,190,경기도,양주시,어둔리남방낚시터,16,양주 2023_11.csv,레저스포츠,수상레저스포츠
양주,2023,11,2023-11,190,경기도,양주시,오림피아수영장,16,양주 2023_11.csv,문화관광,테마공원
양주,2023,11,2023-11,195,경기도,양주시,양주시종합관광안내센터,15,양주 2023_11.csv,기타관광,기타관광
양주,2023,11,2023-11,196,경기도,양주시,보타사,14,양주 2023_11.csv,역사관광,종교성지
양주,2023,11,2023-11,197,경기도,양주시,신산장,13,양주 2023_11.csv,쇼핑,시장
양주,2023,11,2023-11,198,경기도,양주시,윤근수사당,12,양주 2023_11.csv,역사관광,역사유적지
양주,2023,11,2023-11,198,경기도,양주시,각명사,12,양주 2023_11.csv,역사관광,종교성지
양주,2023,11,2023-11,198,경기도,양주시,효촌리낚시터,12,양주 2023_11.csv,레저스포츠,수상레저스포츠
양주,2023,11,2023-11,198,경기도,양주시,가래비빙벽장,12,양주 2023_11.csv,레저스포츠,기타레저스포츠
양주,2023,11,2023-11,202,경기도,양주시,기산리유원지,11,양주 2023_11.csv,문화관광,복합관광시설
양주,2023,11,2023-11,203,경기도,양주시,나누리근린공원,10,양주 2023_11.csv,문화관광,도시공원
양주,2023,11,2023-11,203,경기도,양주시,WJ복싱클럽옥정점,10,양주 2023_11.csv,레저스포츠,기타레저스포츠
양주,2023,11,2023-11,205,경기도,양주시,은현낚시터,9,양주 2023_11.csv,레저스포츠,수상레저스포츠
양주,2023,11,2023-11,205,경기도,양주시,쿠키팜,9,양주 2023_11.csv,체험관광,공예체험
양주,2023,11,2023-11,205,경기도,양주시,마하보디사,9,양주 2023_11.csv,역사관광,종교성지
양주,2023,11,2023-11,208,경기도,양주시,봉우근린공원,8,양주 2023_11.csv,문화관광,도시공원
양주,2023,11,2023-11,208,경기도,양주시,원각폭포,8,양주 2023_11.csv,자연관광,자연경관(산)
양주,2023,11,2023-11,208,경기도,양주시,양주천보산림욕장,8,양주 2023_11.csv,자연관광,자연공원
양주,2023,11,2023-11,208,경기도,양주시,신상호스튜디오,8,양주 2023_11.csv,문화관광,전시시설
양주,2023,11,2023-11,212,경기도,양주시,신암지,7,양주 2023_11.csv,자연관광,자연경관(하천/해양)
양주,2023,11,2023-11,212,경기도,양주시,본주짓수회천점,7,양주 2023_11.csv,레저스포츠,기타레저스포츠
양주,2023,11,2023-11,212,경기도,양주시,칠봉산천보터널방면,7,양주 2023_11.csv,자연관광,자연경관(산)
양주,2023,11,2023-11,212,경기도,양주시,도하저수지,7,양주 2023_11.csv,자연관광,자연경관(하천/해양)
양주,2023,11,2023-11,212,경기도,양주시,동광정사,7,양주 2023_11.csv,역사관광,종교성지
양주,2023,11,2023-11,212,경기도,양주시,양주시티즌축구클럽,7,양주 2023_11.csv,문화관광,레저스포츠시설
양주,2023,11,2023-11,218,경기도,양주시,무아메메폴댄스,6,양주 2023_11.csv,레저스포츠,기타레저스포츠
양주,2023,11,2023-11,218,경기도,양주시,베이스캠프,6,양주 2023_11.csv,레저스포츠,기타레저스포츠
양주,2023,11,2023-11,218,경기도,양주시,송암사,6,양주 2023_11.csv,역사관광,종교성지
양주,2023,11,2023-11,218,경기도,양주시,양주남면의느티나무,6,양주 2023_11.csv,역사관광,역사유적지
양주,2023,11,2023-11,218,경기도,양주시,사패산송추방면,6,양주 2023_11.csv,자연관광,자연경관(산)
양주,2023,11,2023-11,218,경기도,양주시,원학농장,6,양주 2023_11.csv,체험관광,농/산/어촌체험
양주,2023,11,2023-11,218,경기도,양주시,양주산성야구장,6,양주 2023_11.csv,문화관광,레저스포츠시설
양주,2023,11,2023-11,218,경기도,양주시,나눔갤러리블루,6,양주 2023_11.csv,문화관광,전시시설
양주,2023,11,2023-11,226,경기도,양주시,부흥사,5,양주 2023_11.csv,역사관광,종교성지
양주,2023,11,2023-11,226,경기도,양주시,해마루농원,5,양주 2023_11.csv,체험관광,농/산/어촌체험
양주,2023,11,2023-11,228,경기도,양주시,정겨운농장,4,양주 2023_11.csv,체험관광,농/산/어촌체험
양주,2023,11,2023-11,228,경기도,양주시,일영랜드수영장,4,양주 2023_11.csv,문화관광,테마공원
양주,2023,11,2023-11,228,경기도,양주시,황뱅이수변산책로,4,양주 2023_11.csv,레저스포츠,기타레저스포츠
양주,2023,11,2023-11,231,경기도,양주시,꽃산,3,양주 2023_11.csv,자연관광,자연경관(산)
양주,2023,11,2023-11,231,경기도,양주시,은현사,3,양주 2023_11.csv,역사관광,역사유적지
양주,2023,11,2023-11,231,경기도,양주시,양주울대고개순직경찰관추도비,3,양주 2023_11.csv,역사관광,역사유물
양주,2023,11,2023-11,231,경기도,양주시,체형교정연구소바르다,3,양주 2023_11.csv,레저스포츠,기타레저스포츠
양주,2023,11,2023-11,231,경기도,양주시,남방어린이공원,3,양주 2023_11.csv,문화관광,도시공원
양주,2023,11,2023-11,231,경기도,양주시,토리근린공원,3,양주 2023_11.csv,문화관광,도시공원
양주,2023,11,2023-11,231,경기도,양주시,송추팜,3,양주 2023_11.csv,체험관광,농/산/어촌체험
양주,2023,11,2023-11,231,경기도,양주시,천봉나전칠기체험관,3,양주 2023_11.csv,문화관광,기타문화관광지
양주,2023,11,2023-11,231,경기도,양주시,뽀로로맘앤키즈카페이마트양주점,3,양주 2023_11.csv,문화관광,테마공원
양주,2023,11,2023-11,231,경기도,양주시,코스박스튜디오,3,양주 2023_11.csv,체험관광,공예체험
양주,2023,11,2023-11,231,경기도,양주시,보메기낚시터,3,양주 2023_11.csv,레저스포츠,수상레저스포츠
양주,2023,11,2023-11,231,경기도,양주시,해유령전첩지,3,양주 2023_11.csv,역사관광,역사유적지
양주,2023,11,2023-11,231,경기도,양주시,이수광선생묘,3,양주 2023_11.csv,역사관광,역사유적지
양주,2023,11,2023-11,231,경기도,양주시,회암고개,3,양주 2023_11.csv,자연관광,자연경관(산)
양주,2023,11,2023-11,231,경기도,양주시,기원정사,3,양주 2023_11.csv,역사관광,종교성지
양주,2023,11,2023-11,231,경기도,양주시,양주대모산성,3,양주 2023_11.csv,역사관광,역사유적지
양주,2023,11,2023-11,231,경기도,양주시,수월사,3,양주 2023_11.csv,역사관광,종교성지
양주,2023,11,2023-11,231,경기도,양주시,대장금눈썰매장,3,양주 2023_11.csv,레저스포츠,육상레저스포츠
양주,2023,11,2023-11,231,경기도,양주시,정절사,3,양주 2023_11.csv,역사관광,역사유물
양주,2023,11,2023-11,231,경기도,양주시,맑은물농원,3,양주 2023_11.csv,체험관광,농/산/어촌체험
양주,2023,11,2023-11,231,경기도,양주시,연화사,3,양주 2023_11.csv,역사관광,종교성지
양주,2023,11,2023-11,231,경기도,양주시,감악산목장,3,양주 2023_11.csv,체험관광,농/산/어촌체험
양주,2023,11,2023-11,231,경기도,양주시,기산지,3,양주 2023_11.csv,자연관광,자연경관(하천/해양)
양주,2023,11,2023-11,231,경기도,양주시,호국비룡사,3,양주 2023_11.csv,역사관광,종교성지
양주,2023,11,2023-11,231,경기도,양주시,두래농원,3,양주 2023_11.csv,체험관광,농/산/어촌체험
양주,2023,11,2023-11,231,경기도,양주시,우리절,3,양주 2023_11.csv,역사관광,종교성지
양주,2023,11,2023-11,231,경기도,양주시,홍복산,3,양주 2023_11.csv,자연관광,자연경관(산)
양주,2023,11,2023-11,231,경기도,양주시,울트라주짓수,3,양주 2023_11.csv,레저스포츠,기타레저스포츠
양주,2023,12,2023-12,1,경기도,양주시,LF스퀘어양주점,11806,양주 2023_12.csv,쇼핑,쇼핑몰
양주,2023,12,2023-12,2,경기도,양주시,레이크우드CC,2823,양주 2023_12.csv,레저스포츠,육상레저스포츠
양주,2023,12,2023-12,3,경기도,양주시,조명박물관,2769,양주 2023_12.csv,문화관광,전시시설
양주,2023,12,2023-12,4,경기도,양주시,두리랜드,1675,양주 2023_12.csv,문화관광,테마공원
양주,2023,12,2023-12,5,경기도,양주시,송추계곡,1224,양주 2023_12.csv,자연관광,자연경관(산)
양주,2023,12,2023-12,6,경기도,양주시,메가박스양주,1143,양주 2023_12.csv,문화관광,공연시설
양주,2023,12,2023-12,7,경기도,양주시,장흥자동차극장,1053,양주 2023_12.csv,문화관광,공연시설
양주,2023,12,2023-12,8,경기도,양주시,송추CC,1012,양주 2023_12.csv,레저스포츠,육상레저스포츠
양주,2023,12,2023-12,9,경기도,양주시,장흥관광지,996,양주 2023_12.csv,문화관광,복합관광시설
양주,2023,12,2023-12,10,경기도,양주시,가래비장터,817,양주 2023_12.csv,쇼핑,시장
양주,2023,12,2023-12,11,경기도,양주시,기산저수지,762,양주 2023_12.csv,자연관광,자연경관(하천/해양)
양주,2023,12,2023-12,12,경기도,양주시,선돌근린공원,721,양주 2023_12.csv,문화관광,도시공원
양주,2023,12,2023-12,13,경기도,양주시,송추역,651,양주 2023_12.csv,기타관광,교통시설
양주,2023,12,2023-12,14,경기도,양주시,가나아트파크,607,양주 2023_12.csv,문화관광,전시시설
양주,2023,12,2023-12,15,경기도,양주시,루이힐스CC,535,양주 2023_12.csv,레저스포츠,육상레저스포츠
양주,2023,12,2023-12,16,경기도,양주시,국립아세안자연휴양림,514,양주 2023_12.csv,자연관광,자연공원
양주,2023,12,2023-12,17,경기도,양주시,양주아트밸리눈썰매장,498,양주 2023_12.csv,레저스포츠,육상레저스포츠
양주,2023,12,2023-12,18,경기도,양주시,양주팬텀실내풋살장,486,양주 2023_12.csv,레저스포츠,기타레저스포츠
양주,2023,12,2023-12,19,경기도,양주시,롯데시네마양주고읍 휴점,483,양주 2023_12.csv,문화관광,공연시설
양주,2023,12,2023-12,20,경기도,양주시,백석생활체육공원,465,양주 2023_12.csv,문화관광,도시공원
양주,2023,12,2023-12,21,경기도,양주시,양주시립장욱진미술관,446,양주 2023_12.csv,문화관광,전시시설
양주,2023,12,2023-12,22,경기도,양주시,일영유원지,426,양주 2023_12.csv,문화관광,복합관광시설
양주,2023,12,2023-12,23,경기도,양주시,옥정체육공원,415,양주 2023_12.csv,문화관광,도시공원
양주,2023,12,2023-12,24,경기도,양주시,헬로방방양주점,376,양주 2023_12.csv,문화관광,테마공원
양주,2023,12,2023-12,25,경기도,양주시,청련사,371,양주 2023_12.csv,역사관광,종교성지
양주,2023,12,2023-12,26,경기도,양주시,양주눈꽃축제,351,양주 2023_12.csv,문화관광,기타문화관광지
양주,2023,12,2023-12,27,경기도,양주시,고덕생활체육공원,347,양주 2023_12.csv,문화관광,도시공원
양주,2023,12,2023-12,28,경기도,양주시,신암낚시터,339,양주 2023_12.csv,레저스포츠,수상레저스포츠
양주,2023,12,2023-12,29,경기도,양주시,토도,305,양주 2023_12.csv,문화관광,테마공원
양주,2023,12,2023-12,30,경기도,양주시,양주시청소년수련원,293,양주 2023_12.csv,레저스포츠,육상레저스포츠
양주,2023,12,2023-12,31,경기도,양주시,나리농원,292,양주 2023_12.csv,체험관광,농/산/어촌체험
양주,2023,12,2023-12,32,경기도,양주시,일영역,291,양주 2023_12.csv,기타관광,교통시설
양주,2023,12,2023-12,33,경기도,양주시,멜버른승마장,289,양주 2023_12.csv,레저스포츠,육상레저스포츠
양주,2023,12,2023-12,34,경기도,양주시,양주별산대놀이마당,281,양주 2023_12.csv,문화관광,기타문화관광지
양주,2023,12,2023-12,35,경기도,양주시,헤세의정원,273,양주 2023_12.csv,문화관광,기타문화관광지
양주,2023,12,2023-12,36,경기도,양주시,TBS도봉산축구장,254,양주 2023_12.csv,문화관광,레저스포츠시설
양주,2023,12,2023-12,36,경기도,양주시,공존풋살파크양주점,254,양주 2023_12.csv,문화관광,레저스포츠시설
양주,2023,12,2023-12,38,경기도,양주시,송암스페이스센터,227,양주 2023_12.csv,기타관광,기타관광
양주,2023,12,2023-12,39,경기도,양주시,원당저수지,225,양주 2023_12.csv,자연관광,자연경관(하천/해양)
양주,2023,12,2023-12,40,경기도,양주시,청암민속박물관,223,양주 2023_12.csv,문화관광,전시시설
양주,2023,12,2023-12,41,경기도,양주시,옥정배수지체육공원,213,양주 2023_12.csv,문화관광,도시공원
양주,2023,12,2023-12,42,경기도,양주시,하나농원,198,양주 2023_12.csv,체험관광,농/산/어촌체험
양주,2023,12,2023-12,43,경기도,양주시,신흥레저타운,196,양주 2023_12.csv,레저스포츠,기타레저스포츠
양주,2023,12,2023-12,43,경기도,양주시,장흥생활체육공원,196,양주 2023_12.csv,문화관광,도시공원
양주,2023,12,2023-12,45,경기도,양주시,봉암저수지,193,양주 2023_12.csv,자연관광,자연경관(하천/해양)
양주,2023,12,2023-12,46,경기도,양주시,더콕배드민턴레슨센터,190,양주 2023_12.csv,레저스포츠,기타레저스포츠
양주,2023,12,2023-12,47,경기도,양주시,삼하낚시터,175,양주 2023_12.csv,레저스포츠,수상레저스포츠
양주,2023,12,2023-12,48,경기도,양주시,양주테크노풋살센터,174,양주 2023_12.csv,레저스포츠,기타레저스포츠
양주,2023,12,2023-12,49,경기도,양주시,덕계공원,165,양주 2023_12.csv,문화관광,도시공원
양주,2023,12,2023-12,50,경기도,양주시,양주베이스볼파크,164,양주 2023_12.csv,문화관광,레저스포츠시설
양주,2023,12,2023-12,51,경기도,양주시,장흥돌고개유원지,163,양주 2023_12.csv,문화관광,복합관광시설
양주,2023,12,2023-12,52,경기도,양주시,장흥축구장,159,양주 2023_12.csv,문화관광,레저스포츠시설
양주,2023,12,2023-12,53,경기도,양주시,딱따구리청소년수련원,155,양주 2023_12.csv,레저스포츠,육상레저스포츠
양주,2023,12,2023-12,54,경기도,양주시,신산리공원,145,양주 2023_12.csv,문화관광,도시공원
양주,2023,12,2023-12,55,경기도,양주시,양주시승마장,143,양주 2023_12.csv,레저스포츠,육상레저스포츠
양주,2023,12,2023-12,56,경기도,양주시,회암사지,138,양주 2023_12.csv,역사관광,역사유적지
양주,2023,12,2023-12,57,경기도,양주시,MBP리그,136,양주 2023_12.csv,문화관광,레저스포츠시설
양주,2023,12,2023-12,58,경기도,양주시,장흥역,135,양주 2023_12.csv,기타관광,교통시설
양주,2023,12,2023-12,59,경기도,양주시,옥정체육공원축구장,134,양주 2023_12.csv,문화관광,레저스포츠시설
양주,2023,12,2023-12,60,경기도,양주시,양주풋살파크제1구장,132,양주 2023_12.csv,문화관광,레저스포츠시설
양주,2023,12,2023-12,61,경기도,양주시,가래비빙벽장,131,양주 2023_12.csv,레저스포츠,기타레저스포츠
양주,2023,12,2023-12,62,경기도,양주시,지장사,130,양주 2023_12.csv,역사관광,종교성지
양주,2023,12,2023-12,63,경기도,양주시,양주관아지,127,양주 2023_12.csv,역사관광,역사유적지
양주,2023,12,2023-12,64,경기도,양주시,신천생활체육공원,125,양주 2023_12.csv,문화관광,도시공원
양주,2023,12,2023-12,65,경기도,양주시,후니버설스튜디오,123,양주 2023_12.csv,문화관광,전시시설
양주,2023,12,2023-12,66,경기도,양주시,고읍축구장,116,양주 2023_12.csv,문화관광,레저스포츠시설
양주,2023,12,2023-12,67,경기도,양주시,장자원낚시터,112,양주 2023_12.csv,레저스포츠,수상레저스포츠
양주,2023,12,2023-12,68,경기도,양주시,VIP야구장,109,양주 2023_12.csv,문화관광,레저스포츠시설
양주,2023,12,2023-12,69,경기도,양주시,엄상마을문화거리,108,양주 2023_12.csv,문화관광,테마공원
양주,2023,12,2023-12,70,경기도,양주시,대원정사,105,양주 2023_12.csv,역사관광,종교성지
양주,2023,12,2023-12,71,경기도,양주시,EP베이스볼파크,101,양주 2023_12.csv,문화관광,레저스포츠시설
양주,2023,12,2023-12,72,경기도,양주시,씽씽롤러스케이트장,97,양주 2023_12.csv,레저스포츠,육상레저스포츠
양주,2023,12,2023-12,73,경기도,양주시,샘내고개,95,양주 2023_12.csv,자연관광,자연경관(산)
양주,2023,12,2023-12,74,경기도,양주시,안상철미술관,94,양주 2023_12.csv,문화관광,전시시설
양주,2023,12,2023-12,74,경기도,양주시,광사낚시터,94,양주 2023_12.csv,레저스포츠,수상레저스포츠
양주,2023,12,2023-12,74,경기도,양주시,어둔리저수지,94,양주 2023_12.csv,자연관광,자연경관(하천/해양)
양주,2023,12,2023-12,77,경기도,양주시,신세계팩토리스토어양주점,92,양주 2023_12.csv,쇼핑,쇼핑몰
양주,2023,12,2023-12,78,경기도,양주시,송추낚시터,88,양주 2023_12.csv,레저스포츠,수상레저스포츠
양주,2023,12,2023-12,79,경기도,양주시,광백저수지,86,양주 2023_12.csv,자연관광,자연경관(하천/해양)
양주,2023,12,2023-12,80,경기도,양주시,일영낚시터,85,양주 2023_12.csv,레저스포츠,수상레저스포츠
양주,2023,12,2023-12,81,경기도,양주시,송추다보사,84,양주 2023_12.csv,역사관광,종교성지
양주,2023,12,2023-12,82,경기도,양주시,덕계저수지,83,양주 2023_12.csv,자연관광,자연경관(하천/해양)
양주,2023,12,2023-12,83,경기도,양주시,칠봉산CC,81,양주 2023_12.csv,레저스포츠,육상레저스포츠
양주,2023,12,2023-12,83,경기도,양주시,장흥자연휴양림,81,양주 2023_12.csv,자연관광,자연공원
양주,2023,12,2023-12,85,경기도,양주시,아지트배드민턴,78,양주 2023_12.csv,레저스포츠,기타레저스포츠
양주,2023,12,2023-12,86,경기도,양주시,화담정사,76,양주 2023_12.csv,역사관광,종교성지
양주,2023,12,2023-12,87,경기도,양주시,은현피싱타운,74,양주 2023_12.csv,레저스포츠,수상레저스포츠
양주,2023,12,2023-12,88,경기도,양주시,효촌저수지,73,양주 2023_12.csv,자연관광,자연경관(하천/해양)
양주,2023,12,2023-12,89,경기도,양주시,송추원각사,71,양주 2023_12.csv,역사관광,종교성지
양주,2023,12,2023-12,90,경기도,양주시,나비랑키즈카페,69,양주 2023_12.csv,문화관광,테마공원
양주,2023,12,2023-12,91,경기도,양주시,ND야구장,68,양주 2023_12.csv,문화관광,레저스포츠시설
양주,2023,12,2023-12,91,경기도,양주시,원더풀키즈수영장,68,양주 2023_12.csv,문화관광,테마공원
양주,2023,12,2023-12,93,경기도,양주시,한국축구센터,66,양주 2023_12.csv,문화관광,레저스포츠시설
양주,2023,12,2023-12,94,경기도,양주시,불곡산,63,양주 2023_12.csv,자연관광,자연경관(산)
양주,2023,12,2023-12,94,경기도,양주시,온릉,63,양주 2023_12.csv,역사관광,역사유적지
양주,2023,12,2023-12,94,경기도,양주시,스카이야구장,63,양주 2023_12.csv,문화관광,레저스포츠시설
양주,2023,12,2023-12,97,경기도,양주시,한성승마클럽,62,양주 2023_12.csv,레저스포츠,육상레저스포츠
양주,2023,12,2023-12,98,경기도,양주시,삼숭생활체육공원,61,양주 2023_12.csv,문화관광,도시공원
양주,2023,12,2023-12,99,경기도,양주시,위바운스,59,양주 2023_12.csv,문화관광,테마공원
양주,2023,12,2023-12,100,경기도,양주시,북한산국립공원오봉탐방지원센터,58,양주 2023_12.csv,기타관광,기타관광
양주,2023,12,2023-12,101,경기도,양주시,강호이앤티,57,양주 2023_12.csv,레저스포츠,기타레저스포츠
양주,2023,12,2023-12,101,경기도,양주시,못말낚시터,57,양주 2023_12.csv,레저스포츠,수상레저스포츠
양주,2023,12,2023-12,103,경기도,양주시,티제이풋살파크,54,양주 2023_12.csv,레저스포츠,기타레저스포츠
양주,2023,12,2023-12,104,경기도,양주시,석굴암,51,양주 2023_12.csv,역사관광,종교성지
양주,2023,12,2023-12,104,경기도,양주시,스톤밸리눈썰매장,51,양주 2023_12.csv,레저스포츠,육상레저스포츠
양주,2023,12,2023-12,106,경기도,양주시,아트휠즈,48,양주 2023_12.csv,레저스포츠,육상레저스포츠
양주,2023,12,2023-12,106,경기도,양주시,광적생활체육공원축구장,48,양주 2023_12.csv,문화관광,레저스포츠시설
양주,2023,12,2023-12,108,경기도,양주시,나리공원파크골프장,47,양주 2023_12.csv,레저스포츠,육상레저스포츠
양주,2023,12,2023-12,108,경기도,양주시,금바위저수지,47,양주 2023_12.csv,자연관광,자연경관(하천/해양)
양주,2023,12,2023-12,110,경기도,양주시,신흥레저워터월드,46,양주 2023_12.csv,문화관광,테마공원
양주,2023,12,2023-12,111,경기도,양주시,클라임크루,45,양주 2023_12.csv,레저스포츠,기타레저스포츠
양주,2023,12,2023-12,111,경기도,양주시,신천생활체육공원축구장,45,양주 2023_12.csv,문화관광,레저스포츠시설
양주,2023,12,2023-12,113,경기도,양주시,장흥조각공원,43,양주 2023_12.csv,문화관광,도시공원
양주,2023,12,2023-12,114,경기도,양주시,원더키즈,42,양주 2023_12.csv,문화관광,테마공원
양주,2023,12,2023-12,115,경기도,양주시,북한산국립공원교현탐방지원센터,37,양주 2023_12.csv,기타관광,기타관광
양주,2023,12,2023-12,116,경기도,양주시,북한산둘레길13구간,36,양주 2023_12.csv,레저스포츠,기타레저스포츠
양주,2023,12,2023-12,117,경기도,양주시,백화암,35,양주 2023_12.csv,역사관광,종교성지
양주,2023,12,2023-12,117,경기도,양주시,마리조아승마클럽,35,양주 2023_12.csv,레저스포츠,육상레저스포츠
양주,2023,12,2023-12,119,경기도,양주시,원당낚시터,34,양주 2023_12.csv,레저스포츠,수상레저스포츠
양주,2023,12,2023-12,120,경기도,양주시,양주풋살파크제2구장,32,양주 2023_12.csv,레저스포츠,기타레저스포츠
양주,2023,12,2023-12,121,경기도,양주시,양주시립민복진미술관,31,양주 2023_12.csv,문화관광,전시시설
양주,2023,12,2023-12,122,경기도,양주시,원각폭포,30,양주 2023_12.csv,자연관광,자연경관(산)
양주,2023,12,2023-12,123,경기도,양주시,연화사,28,양주 2023_12.csv,역사관광,종교성지
양주,2023,12,2023-12,124,경기도,양주시,양주향교,27,양주 2023_12.csv,역사관광,역사유적지
양주,2023,12,2023-12,124,경기도,양주시,양주농촌테마공원,27,양주 2023_12.csv,문화관광,도시공원
양주,2023,12,2023-12,126,경기도,양주시,남경수목원,25,양주 2023_12.csv,체험관광,농/산/어촌체험
양주,2023,12,2023-12,126,경기도,양주시,타겟28실내양궁장,25,양주 2023_12.csv,레저스포츠,육상레저스포츠
양주,2023,12,2023-12,128,경기도,양주시,송암천문대,24,양주 2023_12.csv,기타관광,기타관광
양주,2023,12,2023-12,128,경기도,양주시,덕정시장,24,양주 2023_12.csv,쇼핑,시장
양주,2023,12,2023-12,128,경기도,양주시,장흥야구장,24,양주 2023_12.csv,문화관광,레저스포츠시설
양주,2023,12,2023-12,131,경기도,양주시,양주시종합관광안내센터,23,양주 2023_12.csv,기타관광,기타관광
양주,2023,12,2023-12,132,경기도,양주시,조소앙선생기념관,22,양주 2023_12.csv,문화관광,전시시설
양주,2023,12,2023-12,132,경기도,양주시,나리공원물놀이장,22,양주 2023_12.csv,문화관광,테마공원
양주,2023,12,2023-12,132,경기도,양주시,진도농원,22,양주 2023_12.csv,체험관광,농/산/어촌체험
양주,2023,12,2023-12,135,경기도,양주시,오림피아수영장,20,양주 2023_12.csv,문화관광,테마공원
양주,2023,12,2023-12,135,경기도,양주시,장흥자생수목원,20,양주 2023_12.csv,자연관광,자연공원
양주,2023,12,2023-12,135,경기도,양주시,삼훈행복농원,20,양주 2023_12.csv,체험관광,농/산/어촌체험
양주,2023,12,2023-12,138,경기도,양주시,리틀웨일키즈풀파티룸,19,양주 2023_12.csv,문화관광,테마공원
양주,2023,12,2023-12,138,경기도,양주시,오상갤러리,19,양주 2023_12.csv,문화관광,전시시설
양주,2023,12,2023-12,140,경기도,양주시,신상호스튜디오,18,양주 2023_12.csv,문화관광,전시시설
양주,2023,12,2023-12,141,경기도,양주시,쿠키팜,17,양주 2023_12.csv,체험관광,공예체험
양주,2023,12,2023-12,141,경기도,양주시,대승사,17,양주 2023_12.csv,역사관광,종교성지
양주,2023,12,2023-12,143,경기도,양주시,나누리근린공원,16,양주 2023_12.csv,문화관광,도시공원
양주,2023,12,2023-12,143,경기도,양주시,신암지,16,양주 2023_12.csv,자연관광,자연경관(하천/해양)
양주,2023,12,2023-12,143,경기도,양주시,송추팜,16,양주 2023_12.csv,체험관광,농/산/어촌체험
양주,2023,12,2023-12,143,경기도,양주시,육지장사,16,양주 2023_12.csv,역사관광,종교성지
양주,2023,12,2023-12,143,경기도,양주시,백석생활체육공원축구장,16,양주 2023_12.csv,문화관광,레저스포츠시설
양주,2023,12,2023-12,148,경기도,양주시,홍죽산업단지근린공원,15,양주 2023_12.csv,문화관광,도시공원
양주,2023,12,2023-12,148,경기도,양주시,광적생활체육공원,15,양주 2023_12.csv,문화관광,도시공원
양주,2023,12,2023-12,148,경기도,양주시,백석생활체육공원야구장,15,양주 2023_12.csv,문화관광,레저스포츠시설
양주,2023,12,2023-12,148,경기도,양주시,백석생활체육공원리틀야구장,15,양주 2023_12.csv,문화관광,레저스포츠시설
양주,2023,12,2023-12,152,경기도,양주시,용암낚시터,14,양주 2023_12.csv,레저스포츠,수상레저스포츠
양주,2023,12,2023-12,152,경기도,양주시,윤성에프앤비양주물류센터,14,양주 2023_12.csv,레저스포츠,수상레저스포츠
양주,2023,12,2023-12,154,경기도,양주시,연곡저수지,13,양주 2023_12.csv,자연관광,자연경관(하천/해양)
양주,2023,12,2023-12,154,경기도,양주시,송추아트밸리,13,양주 2023_12.csv,문화관광,도시공원
양주,2023,12,2023-12,154,경기도,양주시,부부관광농원,13,양주 2023_12.csv,체험관광,농/산/어촌체험
양주,2023,12,2023-12,154,경기도,양주시,모자농원,13,양주 2023_12.csv,체험관광,농/산/어촌체험
양주,2023,12,2023-12,154,경기도,양주시,양주골김치체험박물관,13,양주 2023_12.csv,문화관광,전시시설
양주,2023,12,2023-12,154,경기도,양주시,양주시티즌축구클럽,13,양주 2023_12.csv,문화관광,레저스포츠시설
양주,2023,12,2023-12,154,경기도,양주시,송라목장,13,양주 2023_12.csv,체험관광,농/산/어촌체험
양주,2023,12,2023-12,161,경기도,양주시,아름다운비행,12,양주 2023_12.csv,문화관광,전시시설
양주,2023,12,2023-12,161,경기도,양주시,본주짓수회천점,12,양주 2023_12.csv,레저스포츠,기타레저스포츠
양주,2023,12,2023-12,161,경기도,양주시,해유령전첩지,12,양주 2023_12.csv,역사관광,역사유적지
양주,2023,12,2023-12,161,경기도,양주시,백수현전통가옥,12,양주 2023_12.csv,역사관광,역사유적지
양주,2023,12,2023-12,165,경기도,양주시,양주천보산림욕장,11,양주 2023_12.csv,자연관광,자연공원
양주,2023,12,2023-12,166,경기도,양주시,가나1아뜰리에,10,양주 2023_12.csv,문화관광,기타문화관광지
양주,2023,12,2023-12,166,경기도,양주시,은현낚시터,10,양주 2023_12.csv,레저스포츠,수상레저스포츠
양주,2023,12,2023-12,166,경기도,양주시,양주옥정리선돌,10,양주 2023_12.csv,역사관광,역사유적지
양주,2023,12,2023-12,166,경기도,양주시,하늘물공원,10,양주 2023_12.csv,문화관광,도시공원
양주,2023,12,2023-12,166,경기도,양주시,무호정,10,양주 2023_12.csv,레저스포츠,육상레저스포츠
양주,2023,12,2023-12,166,경기도,양주시,가나2아뜰리에,10,양주 2023_12.csv,문화관광,기타문화관광지
양주,2023,12,2023-12,172,경기도,양주시,대영사슴목장,9,양주 2023_12.csv,체험관광,농/산/어촌체험
양주,2023,12,2023-12,172,경기도,양주시,777레지던스,9,양주 2023_12.csv,문화관광,전시시설
양주,2023,12,2023-12,172,경기도,양주시,동광정사,9,양주 2023_12.csv,역사관광,종교성지
양주,2023,12,2023-12,172,경기도,양주시,보타사,9,양주 2023_12.csv,역사관광,종교성지
양주,2023,12,2023-12,172,경기도,양주시,나눔갤러리블루,9,양주 2023_12.csv,문화관광,전시시설
양주,2023,12,2023-12,177,경기도,양주시,칠봉산천보터널방면,8,양주 2023_12.csv,자연관광,자연경관(산)
양주,2023,12,2023-12,177,경기도,양주시,양주시립장욱진미술관통합매표소,8,양주 2023_12.csv,문화관광,복합관광시설
양주,2023,12,2023-12,179,경기도,양주시,백석배수지생활체육공원,7,양주 2023_12.csv,문화관광,도시공원
양주,2023,12,2023-12,179,경기도,양주시,토리근린공원,7,양주 2023_12.csv,문화관광,도시공원
양주,2023,12,2023-12,179,경기도,양주시,금빛갤러리,7,양주 2023_12.csv,문화관광,전시시설
양주,2023,12,2023-12,179,경기도,양주시,무아메메폴댄스,7,양주 2023_12.csv,레저스포츠,기타레저스포츠
양주,2023,12,2023-12,179,경기도,양주시,베이스캠프,7,양주 2023_12.csv,레저스포츠,기타레저스포츠
양주,2023,12,2023-12,179,경기도,양주시,백인걸선생묘,7,양주 2023_12.csv,역사관광,역사유적지
양주,2023,12,2023-12,179,경기도,양주시,씨알농장,7,양주 2023_12.csv,체험관광,농/산/어촌체험
양주,2023,12,2023-12,179,경기도,양주시,양주대모산성,7,양주 2023_12.csv,역사관광,역사유적지
양주,2023,12,2023-12,179,경기도,양주시,홍복저수지,7,양주 2023_12.csv,자연관광,자연경관(하천/해양)
양주,2023,12,2023-12,179,경기도,양주시,신산장,7,양주 2023_12.csv,쇼핑,시장
양주,2023,12,2023-12,179,경기도,양주시,군남농장,7,양주 2023_12.csv,체험관광,농/산/어촌체험
양주,2023,12,2023-12,179,경기도,양주시,비암사,7,양주 2023_12.csv,역사관광,종교성지
양주,2023,12,2023-12,191,경기도,양주시,덕수레저타운,6,양주 2023_12.csv,레저스포츠,기타레저스포츠
양주,2023,12,2023-12,191,경기도,양주시,덕계낚시터,6,양주 2023_12.csv,레저스포츠,수상레저스포츠
양주,2023,12,2023-12,191,경기도,양주시,효진푸드,6,양주 2023_12.csv,쇼핑,시장
양주,2023,12,2023-12,191,경기도,양주시,두래농원,6,양주 2023_12.csv,체험관광,농/산/어촌체험
양주,2023,12,2023-12,191,경기도,양주시,양주유수풀파크&바베큐장,6,양주 2023_12.csv,문화관광,테마공원
양주,2023,12,2023-12,196,경기도,양주시,나리다육,5,양주 2023_12.csv,체험관광,농/산/어촌체험
양주,2023,12,2023-12,196,경기도,양주시,해마루농원,5,양주 2023_12.csv,체험관광,농/산/어촌체험
양주,2023,12,2023-12,198,경기도,양주시,보리암돌탑,4,양주 2023_12.csv,기타관광,기타관광
양주,2023,12,2023-12,198,경기도,양주시,유수풀물놀이장,4,양주 2023_12.csv,문화관광,테마공원
양주,2023,12,2023-12,198,경기도,양주시,효촌리낚시터,4,양주 2023_12.csv,레저스포츠,수상레저스포츠
양주,2023,12,2023-12,198,경기도,양주시,스트라이크존볼파크양주,4,양주 2023_12.csv,문화관광,레저스포츠시설
양주,2023,12,2023-12,198,경기도,양주시,스카이워터파크,4,양주 2023_12.csv,문화관광,테마공원
양주,2023,12,2023-12,203,경기도,양주시,호명농장,3,양주 2023_12.csv,체험관광,농/산/어촌체험
양주,2023,12,2023-12,203,경기도,양주시,익성농장,3,양주 2023_12.csv,체험관광,농/산/어촌체험
양주,2023,12,2023-12,203,경기도,양주시,신산시장복합센터,3,양주 2023_12.csv,쇼핑,시장
양주,2023,12,2023-12,203,경기도,양주시,뽀로로맘앤키즈카페이마트양주점,3,양주 2023_12.csv,문화관광,테마공원
양주,2023,12,2023-12,203,경기도,양주시,이서농장,3,양주 2023_12.csv,체험관광,농/산/어촌체험
양주,2023,12,2023-12,203,경기도,양주시,이승욱갤러리왕의길,3,양주 2023_12.csv,문화관광,전시시설
양주,2023,12,2023-12,203,경기도,양주시,신수근선생묘,3,양주 2023_12.csv,역사관광,역사유적지
양주,2023,12,2023-12,203,경기도,양주시,호국일월사,3,양주 2023_12.csv,역사관광,종교성지
양주,2023,12,2023-12,203,경기도,양주시,보메기낚시터,3,양주 2023_12.csv,레저스포츠,수상레저스포츠
양주,2023,12,2023-12,203,경기도,양주시,청수낚시터,3,양주 2023_12.csv,레저스포츠,수상레저스포츠
양주,2023,12,2023-12,203,경기도,양주시,송암사,3,양주 2023_12.csv,역사관광,종교성지
양주,2023,12,2023-12,203,경기도,양주시,이수광선생묘,3,양주 2023_12.csv,역사관광,역사유적지
양주,2023,12,2023-12,203,경기도,양주시,태평목장,3,양주 2023_12.csv,체험관광,농/산/어촌체험
양주,2023,12,2023-12,203,경기도,양주시,보현사,3,양주 2023_12.csv,역사관광,종교성지
양주,2023,12,2023-12,203,경기도,양주시,대성사,3,양주 2023_12.csv,역사관광,종교성지
양주,2023,12,2023-12,203,경기도,양주시,그랜드유원지,3,양주 2023_12.csv,기타관광,기타관광
양주,2023,12,2023-12,203,경기도,양주시,맑은물농원,3,양주 2023_12.csv,체험관광,농/산/어촌체험
양주,2023,12,2023-12,203,경기도,양주시,사패산송추방면,3,양주 2023_12.csv,자연관광,자연경관(산)
양주,2023,12,2023-12,203,경기도,양주시,양주시 현충탑,3,양주 2023_12.csv,역사관광,역사유물
양주,2023,12,2023-12,203,경기도,양주시,원학농장,3,양주 2023_12.csv,체험관광,농/산/어촌체험
양주,2023,12,2023-12,203,경기도,양주시,장흥버섯농장,3,양주 2023_12.csv,체험관광,농/산/어촌체험
양주,2023,12,2023-12,203,경기도,양주시,봉암낚시터,3,양주 2023_12.csv,레저스포츠,수상레저스포츠
양주,2023,12,2023-12,203,경기도,양주시,동산가든낚시터,3,양주 2023_12.csv,레저스포츠,수상레저스포츠
양주,2023,12,2023-12,203,경기도,양주시,살구골낚시터,3,양주 2023_12.csv,레저스포츠,수상레저스포츠
양주,2023,12,2023-12,203,경기도,양주시,쌍용사,3,양주 2023_12.csv,역사관광,종교성지
양주,2023,12,2023-12,203,경기도,양주시,고령산,3,양주 2023_12.csv,자연관광,자연경관(산)
양주,2023,12,2023-12,203,경기도,양주시,에코야구장,3,양주 2023_12.csv,문화관광,레저스포츠시설
양주,2023,12,2023-12,203,경기도,양주시,양주농원,3,양주 2023_12.csv,체험관광,농/산/어촌체험
양주,2023,12,2023-12,203,경기도,양주시,쿤스트마쿤,3,양주 2023_12.csv,체험관광,공예체험
양주,2024,1,2024-01,1,경기도,양주시,LF스퀘어양주점,8857,양주 2024_01.csv,쇼핑,쇼핑몰
양주,2024,1,2024-01,2,경기도,양주시,양주아트밸리눈썰매장,4071,양주 2024_01.csv,레저스포츠,육상레저스포츠
양주,2024,1,2024-01,3,경기도,양주시,두리랜드,1900,양주 2024_01.csv,문화관광,테마공원
양주,2024,1,2024-01,4,경기도,양주시,양주눈꽃축제,1435,양주 2024_01.csv,문화관광,기타문화관광지
양주,2024,1,2024-01,5,경기도,양주시,송추계곡,1298,양주 2024_01.csv,자연관광,자연경관(산)
양주,2024,1,2024-01,6,경기도,양주시,장흥관광지,952,양주 2024_01.csv,문화관광,복합관광시설
양주,2024,1,2024-01,7,경기도,양주시,가래비장터,770,양주 2024_01.csv,쇼핑,시장
양주,2024,1,2024-01,8,경기도,양주시,기산저수지,703,양주 2024_01.csv,자연관광,자연경관(하천/해양)
양주,2024,1,2024-01,9,경기도,양주시,레이크우드CC,699,양주 2024_01.csv,레저스포츠,육상레저스포츠
양주,2024,1,2024-01,10,경기도,양주시,조명박물관,666,양주 2024_01.csv,문화관광,전시시설
양주,2024,1,2024-01,11,경기도,양주시,선돌근린공원,661,양주 2024_01.csv,문화관광,도시공원
양주,2024,1,2024-01,12,경기도,양주시,장흥자동차극장,652,양주 2024_01.csv,문화관광,공연시설
양주,2024,1,2024-01,13,경기도,양주시,송추역,638,양주 2024_01.csv,기타관광,교통시설
양주,2024,1,2024-01,14,경기도,양주시,메가박스양주,594,양주 2024_01.csv,문화관광,공연시설
양주,2024,1,2024-01,15,경기도,양주시,독바위공원,535,양주 2024_01.csv,문화관광,도시공원
양주,2024,1,2024-01,16,경기도,양주시,가나아트파크,505,양주 2024_01.csv,문화관광,전시시설
양주,2024,1,2024-01,17,경기도,양주시,신흥레저타운,497,양주 2024_01.csv,레저스포츠,기타레저스포츠
양주,2024,1,2024-01,18,경기도,양주시,국립아세안자연휴양림,490,양주 2024_01.csv,자연관광,자연공원
양주,2024,1,2024-01,19,경기도,양주시,양주팬텀실내풋살장,443,양주 2024_01.csv,레저스포츠,기타레저스포츠
양주,2024,1,2024-01,20,경기도,양주시,청련사,431,양주 2024_01.csv,역사관광,종교성지
양주,2024,1,2024-01,21,경기도,양주시,양주시립장욱진미술관,414,양주 2024_01.csv,문화관광,전시시설
양주,2024,1,2024-01,22,경기도,양주시,옥정체육공원,388,양주 2024_01.csv,문화관광,도시공원
양주,2024,1,2024-01,23,경기도,양주시,백석생활체육공원,349,양주 2024_01.csv,문화관광,도시공원
양주,2024,1,2024-01,24,경기도,양주시,토도,347,양주 2024_01.csv,문화관광,테마공원
양주,2024,1,2024-01,25,경기도,양주시,루이힐스CC,343,양주 2024_01.csv,레저스포츠,육상레저스포츠
양주,2024,1,2024-01,26,경기도,양주시,일영유원지,327,양주 2024_01.csv,문화관광,복합관광시설
양주,2024,1,2024-01,27,경기도,양주시,하나농원,317,양주 2024_01.csv,체험관광,농/산/어촌체험
양주,2024,1,2024-01,28,경기도,양주시,고덕생활체육공원,307,양주 2024_01.csv,문화관광,도시공원
양주,2024,1,2024-01,29,경기도,양주시,멜버른승마장,305,양주 2024_01.csv,레저스포츠,육상레저스포츠
양주,2024,1,2024-01,30,경기도,양주시,TBS도봉산축구장,303,양주 2024_01.csv,문화관광,레저스포츠시설
양주,2024,1,2024-01,31,경기도,양주시,헬로방방양주점,294,양주 2024_01.csv,문화관광,테마공원
양주,2024,1,2024-01,32,경기도,양주시,청암민속박물관,266,양주 2024_01.csv,문화관광,전시시설
양주,2024,1,2024-01,33,경기도,양주시,신암낚시터,258,양주 2024_01.csv,레저스포츠,수상레저스포츠
양주,2024,1,2024-01,34,경기도,양주시,일영역,256,양주 2024_01.csv,기타관광,교통시설
양주,2024,1,2024-01,35,경기도,양주시,송추CC,250,양주 2024_01.csv,레저스포츠,육상레저스포츠
양주,2024,1,2024-01,36,경기도,양주시,원당저수지,231,양주 2024_01.csv,자연관광,자연경관(하천/해양)
양주,2024,1,2024-01,36,경기도,양주시,나리농원,231,양주 2024_01.csv,체험관광,농/산/어촌체험
양주,2024,1,2024-01,38,경기도,양주시,딱따구리청소년수련원,219,양주 2024_01.csv,레저스포츠,육상레저스포츠
양주,2024,1,2024-01,38,경기도,양주시,양주베이스볼파크,219,양주 2024_01.csv,문화관광,레저스포츠시설
양주,2024,1,2024-01,40,경기도,양주시,장흥자연휴양림,215,양주 2024_01.csv,자연관광,자연공원
양주,2024,1,2024-01,41,경기도,양주시,더콕배드민턴레슨센터,205,양주 2024_01.csv,레저스포츠,기타레저스포츠
양주,2024,1,2024-01,42,경기도,양주시,공존풋살파크양주점,201,양주 2024_01.csv,문화관광,레저스포츠시설
양주,2024,1,2024-01,43,경기도,양주시,헤세의정원,194,양주 2024_01.csv,문화관광,기타문화관광지
양주,2024,1,2024-01,44,경기도,양주시,양주별산대놀이마당,191,양주 2024_01.csv,문화관광,기타문화관광지
양주,2024,1,2024-01,45,경기도,양주시,씽씽롤러스케이트장,188,양주 2024_01.csv,레저스포츠,육상레저스포츠
양주,2024,1,2024-01,46,경기도,양주시,롯데시네마양주고읍 휴점,182,양주 2024_01.csv,문화관광,공연시설
양주,2024,1,2024-01,47,경기도,양주시,봉암저수지,181,양주 2024_01.csv,자연관광,자연경관(하천/해양)
양주,2024,1,2024-01,48,경기도,양주시,송암스페이스센터,173,양주 2024_01.csv,기타관광,기타관광
양주,2024,1,2024-01,49,경기도,양주시,양주시청소년수련원,171,양주 2024_01.csv,레저스포츠,육상레저스포츠
양주,2024,1,2024-01,50,경기도,양주시,대원정사,170,양주 2024_01.csv,역사관광,종교성지
양주,2024,1,2024-01,51,경기도,양주시,장흥돌고개유원지,167,양주 2024_01.csv,문화관광,복합관광시설
양주,2024,1,2024-01,52,경기도,양주시,후니버설스튜디오,156,양주 2024_01.csv,문화관광,전시시설
양주,2024,1,2024-01,52,경기도,양주시,양주테크노풋살센터,156,양주 2024_01.csv,레저스포츠,기타레저스포츠
양주,2024,1,2024-01,52,경기도,양주시,양주풋살파크제1구장,156,양주 2024_01.csv,문화관광,레저스포츠시설
양주,2024,1,2024-01,55,경기도,양주시,신흥레저워터월드,155,양주 2024_01.csv,문화관광,테마공원
양주,2024,1,2024-01,55,경기도,양주시,장흥생활체육공원,155,양주 2024_01.csv,문화관광,도시공원
양주,2024,1,2024-01,57,경기도,양주시,VIP야구장,149,양주 2024_01.csv,문화관광,레저스포츠시설
양주,2024,1,2024-01,58,경기도,양주시,온릉,140,양주 2024_01.csv,역사관광,역사유적지
양주,2024,1,2024-01,59,경기도,양주시,장흥축구장,138,양주 2024_01.csv,문화관광,레저스포츠시설
양주,2024,1,2024-01,60,경기도,양주시,신천생활체육공원,132,양주 2024_01.csv,문화관광,도시공원
양주,2024,1,2024-01,60,경기도,양주시,장흥역,132,양주 2024_01.csv,기타관광,교통시설
양주,2024,1,2024-01,62,경기도,양주시,덕계저수지,131,양주 2024_01.csv,자연관광,자연경관(하천/해양)
양주,2024,1,2024-01,63,경기도,양주시,삼하낚시터,130,양주 2024_01.csv,레저스포츠,수상레저스포츠
양주,2024,1,2024-01,64,경기도,양주시,회암사지,129,양주 2024_01.csv,역사관광,역사유적지
양주,2024,1,2024-01,65,경기도,양주시,MBP리그,128,양주 2024_01.csv,문화관광,레저스포츠시설
양주,2024,1,2024-01,65,경기도,양주시,송추원각사,128,양주 2024_01.csv,역사관광,종교성지
양주,2024,1,2024-01,67,경기도,양주시,샘내고개,126,양주 2024_01.csv,자연관광,자연경관(산)
양주,2024,1,2024-01,68,경기도,양주시,옥정배수지체육공원,122,양주 2024_01.csv,문화관광,도시공원
양주,2024,1,2024-01,69,경기도,양주시,엄상마을문화거리,121,양주 2024_01.csv,문화관광,테마공원
양주,2024,1,2024-01,70,경기도,양주시,강호이앤티,116,양주 2024_01.csv,레저스포츠,기타레저스포츠
양주,2024,1,2024-01,71,경기도,양주시,양주시승마장,111,양주 2024_01.csv,레저스포츠,육상레저스포츠
양주,2024,1,2024-01,72,경기도,양주시,신산리공원,109,양주 2024_01.csv,문화관광,도시공원
양주,2024,1,2024-01,73,경기도,양주시,지장사,108,양주 2024_01.csv,역사관광,종교성지
양주,2024,1,2024-01,73,경기도,양주시,EP베이스볼파크,108,양주 2024_01.csv,문화관광,레저스포츠시설
양주,2024,1,2024-01,75,경기도,양주시,티제이풋살파크,107,양주 2024_01.csv,레저스포츠,기타레저스포츠
양주,2024,1,2024-01,76,경기도,양주시,고읍축구장,105,양주 2024_01.csv,문화관광,레저스포츠시설
양주,2024,1,2024-01,77,경기도,양주시,옥정체육공원축구장,102,양주 2024_01.csv,문화관광,레저스포츠시설
양주,2024,1,2024-01,78,경기도,양주시,장자원낚시터,101,양주 2024_01.csv,레저스포츠,수상레저스포츠
양주,2024,1,2024-01,79,경기도,양주시,어둔리저수지,97,양주 2024_01.csv,자연관광,자연경관(하천/해양)
양주,2024,1,2024-01,80,경기도,양주시,원더풀키즈수영장,90,양주 2024_01.csv,문화관광,테마공원
양주,2024,1,2024-01,81,경기도,양주시,가래비빙벽장,85,양주 2024_01.csv,레저스포츠,기타레저스포츠
양주,2024,1,2024-01,82,경기도,양주시,아지트배드민턴,81,양주 2024_01.csv,레저스포츠,기타레저스포츠
양주,2024,1,2024-01,83,경기도,양주시,덕계공원,78,양주 2024_01.csv,문화관광,도시공원
양주,2024,1,2024-01,84,경기도,양주시,신흥레저타운스노우월드,77,양주 2024_01.csv,레저스포츠,육상레저스포츠
양주,2024,1,2024-01,85,경기도,양주시,신세계팩토리스토어양주점,75,양주 2024_01.csv,쇼핑,쇼핑몰
양주,2024,1,2024-01,86,경기도,양주시,ND야구장,74,양주 2024_01.csv,문화관광,레저스포츠시설
양주,2024,1,2024-01,87,경기도,양주시,효촌저수지,73,양주 2024_01.csv,자연관광,자연경관(하천/해양)
양주,2024,1,2024-01,88,경기도,양주시,북한산국립공원오봉탐방지원센터,72,양주 2024_01.csv,기타관광,기타관광
양주,2024,1,2024-01,89,경기도,양주시,석굴암,71,양주 2024_01.csv,역사관광,종교성지
양주,2024,1,2024-01,90,경기도,양주시,삼숭생활체육공원,68,양주 2024_01.csv,문화관광,도시공원
양주,2024,1,2024-01,90,경기도,양주시,화담정사,68,양주 2024_01.csv,역사관광,종교성지
양주,2024,1,2024-01,92,경기도,양주시,칠봉산CC,67,양주 2024_01.csv,레저스포츠,육상레저스포츠
양주,2024,1,2024-01,93,경기도,양주시,광사낚시터,62,양주 2024_01.csv,레저스포츠,수상레저스포츠
양주,2024,1,2024-01,94,경기도,양주시,광적생활체육공원축구장,61,양주 2024_01.csv,문화관광,레저스포츠시설
양주,2024,1,2024-01,95,경기도,양주시,나비랑키즈카페,60,양주 2024_01.csv,문화관광,테마공원
양주,2024,1,2024-01,96,경기도,양주시,장흥조각공원,59,양주 2024_01.csv,문화관광,도시공원
양주,2024,1,2024-01,97,경기도,양주시,위바운스,58,양주 2024_01.csv,문화관광,테마공원
양주,2024,1,2024-01,98,경기도,양주시,양주관아지,57,양주 2024_01.csv,역사관광,역사유적지
양주,2024,1,2024-01,99,경기도,양주시,은현피싱타운,55,양주 2024_01.csv,레저스포츠,수상레저스포츠
양주,2024,1,2024-01,99,경기도,양주시,일영낚시터,55,양주 2024_01.csv,레저스포츠,수상레저스포츠
양주,2024,1,2024-01,99,경기도,양주시,한국축구센터,55,양주 2024_01.csv,문화관광,레저스포츠시설
양주,2024,1,2024-01,102,경기도,양주시,남경수목원,54,양주 2024_01.csv,체험관광,농/산/어촌체험
양주,2024,1,2024-01,103,경기도,양주시,삼훈행복농원,53,양주 2024_01.csv,체험관광,농/산/어촌체험
양주,2024,1,2024-01,104,경기도,양주시,북한산국립공원교현탐방지원센터,52,양주 2024_01.csv,기타관광,기타관광
양주,2024,1,2024-01,104,경기도,양주시,못말낚시터,52,양주 2024_01.csv,레저스포츠,수상레저스포츠
양주,2024,1,2024-01,106,경기도,양주시,원당낚시터,51,양주 2024_01.csv,레저스포츠,수상레저스포츠
양주,2024,1,2024-01,107,경기도,양주시,클라임크루,50,양주 2024_01.csv,레저스포츠,기타레저스포츠
양주,2024,1,2024-01,108,경기도,양주시,광백저수지,48,양주 2024_01.csv,자연관광,자연경관(하천/해양)
양주,2024,1,2024-01,109,경기도,양주시,아트휠즈,46,양주 2024_01.csv,레저스포츠,육상레저스포츠
양주,2024,1,2024-01,109,경기도,양주시,신천생활체육공원축구장,46,양주 2024_01.csv,문화관광,레저스포츠시설
양주,2024,1,2024-01,111,경기도,양주시,한성승마클럽,45,양주 2024_01.csv,레저스포츠,육상레저스포츠
양주,2024,1,2024-01,111,경기도,양주시,원각폭포,45,양주 2024_01.csv,자연관광,자연경관(산)
양주,2024,1,2024-01,113,경기도,양주시,금바위저수지,44,양주 2024_01.csv,자연관광,자연경관(하천/해양)
양주,2024,1,2024-01,114,경기도,양주시,스카이야구장,43,양주 2024_01.csv,문화관광,레저스포츠시설
양주,2024,1,2024-01,115,경기도,양주시,육지장사,41,양주 2024_01.csv,역사관광,종교성지
양주,2024,1,2024-01,116,경기도,양주시,원더키즈,39,양주 2024_01.csv,문화관광,테마공원
양주,2024,1,2024-01,117,경기도,양주시,고려대학교송추야구장,35,양주 2024_01.csv,문화관광,레저스포츠시설
양주,2024,1,2024-01,117,경기도,양주시,스톤밸리눈썰매장,35,양주 2024_01.csv,레저스포츠,육상레저스포츠
양주,2024,1,2024-01,119,경기도,양주시,양주시립민복진미술관,33,양주 2024_01.csv,문화관광,전시시설
양주,2024,1,2024-01,120,경기도,양주시,양주옥정리선돌,32,양주 2024_01.csv,역사관광,역사유적지
양주,2024,1,2024-01,121,경기도,양주시,연곡저수지,31,양주 2024_01.csv,자연관광,자연경관(하천/해양)
양주,2024,1,2024-01,122,경기도,양주시,연화사,29,양주 2024_01.csv,역사관광,종교성지
양주,2024,1,2024-01,122,경기도,양주시,나리공원파크골프장,29,양주 2024_01.csv,레저스포츠,육상레저스포츠
양주,2024,1,2024-01,124,경기도,양주시,덕정시장,28,양주 2024_01.csv,쇼핑,시장
양주,2024,1,2024-01,124,경기도,양주시,북한산둘레길13구간,28,양주 2024_01.csv,레저스포츠,기타레저스포츠
양주,2024,1,2024-01,124,경기도,양주시,비암사,28,양주 2024_01.csv,역사관광,종교성지
양주,2024,1,2024-01,127,경기도,양주시,양주풋살파크제2구장,27,양주 2024_01.csv,레저스포츠,기타레저스포츠
양주,2024,1,2024-01,128,경기도,양주시,백화암,26,양주 2024_01.csv,역사관광,종교성지
양주,2024,1,2024-01,129,경기도,양주시,장흥야구장,24,양주 2024_01.csv,문화관광,레저스포츠시설
양주,2024,1,2024-01,130,경기도,양주시,백석생활체육공원축구장,23,양주 2024_01.csv,문화관광,레저스포츠시설
양주,2024,1,2024-01,130,경기도,양주시,마리조아승마클럽,23,양주 2024_01.csv,레저스포츠,육상레저스포츠
양주,2024,1,2024-01,130,경기도,양주시,타겟28실내양궁장,23,양주 2024_01.csv,레저스포츠,육상레저스포츠
양주,2024,1,2024-01,133,경기도,양주시,불곡산,22,양주 2024_01.csv,자연관광,자연경관(산)
양주,2024,1,2024-01,133,경기도,양주시,송추다보사,22,양주 2024_01.csv,역사관광,종교성지
양주,2024,1,2024-01,135,경기도,양주시,대승사,21,양주 2024_01.csv,역사관광,종교성지
양주,2024,1,2024-01,135,경기도,양주시,유수풀물놀이장,21,양주 2024_01.csv,문화관광,테마공원
양주,2024,1,2024-01,135,경기도,양주시,조소앙선생기념관,21,양주 2024_01.csv,문화관광,전시시설
양주,2024,1,2024-01,138,경기도,양주시,양주시감동VR체험관,20,양주 2024_01.csv,레저스포츠,기타레저스포츠
양주,2024,1,2024-01,139,경기도,양주시,오림피아수영장,19,양주 2024_01.csv,문화관광,테마공원
양주,2024,1,2024-01,139,경기도,양주시,장흥자생수목원,19,양주 2024_01.csv,자연관광,자연공원
양주,2024,1,2024-01,141,경기도,양주시,송암천문대,18,양주 2024_01.csv,기타관광,기타관광
양주,2024,1,2024-01,141,경기도,양주시,송추아트밸리,18,양주 2024_01.csv,문화관광,도시공원
양주,2024,1,2024-01,141,경기도,양주시,양주시티즌축구클럽,18,양주 2024_01.csv,문화관광,레저스포츠시설
양주,2024,1,2024-01,144,경기도,양주시,양주향교,17,양주 2024_01.csv,역사관광,역사유적지
양주,2024,1,2024-01,145,경기도,양주시,하늘물공원,16,양주 2024_01.csv,문화관광,도시공원
양주,2024,1,2024-01,145,경기도,양주시,보타사,16,양주 2024_01.csv,역사관광,종교성지
양주,2024,1,2024-01,147,경기도,양주시,신산장,15,양주 2024_01.csv,쇼핑,시장
양주,2024,1,2024-01,147,경기도,양주시,효진푸드,15,양주 2024_01.csv,쇼핑,시장
양주,2024,1,2024-01,149,경기도,양주시,베이스캠프,14,양주 2024_01.csv,레저스포츠,기타레저스포츠
양주,2024,1,2024-01,150,경기도,양주시,본주짓수회천점,13,양주 2024_01.csv,레저스포츠,기타레저스포츠
양주,2024,1,2024-01,150,경기도,양주시,양주시종합관광안내센터,13,양주 2024_01.csv,기타관광,기타관광
양주,2024,1,2024-01,150,경기도,양주시,권율장군묘,13,양주 2024_01.csv,역사관광,역사유적지
양주,2024,1,2024-01,150,경기도,양주시,777레지던스,13,양주 2024_01.csv,문화관광,전시시설
양주,2024,1,2024-01,154,경기도,양주시,가나1아뜰리에,12,양주 2024_01.csv,문화관광,기타문화관광지
양주,2024,1,2024-01,154,경기도,양주시,윤성에프앤비양주물류센터,12,양주 2024_01.csv,레저스포츠,수상레저스포츠
양주,2024,1,2024-01,156,경기도,양주시,리틀웨일키즈풀파티룸,11,양주 2024_01.csv,문화관광,테마공원
양주,2024,1,2024-01,156,경기도,양주시,안상철미술관,11,양주 2024_01.csv,문화관광,전시시설
양주,2024,1,2024-01,156,경기도,양주시,일영랜드수영장,11,양주 2024_01.csv,문화관광,테마공원
양주,2024,1,2024-01,156,경기도,양주시,동광정사,11,양주 2024_01.csv,역사관광,종교성지
양주,2024,1,2024-01,160,경기도,양주시,송추낚시터,10,양주 2024_01.csv,레저스포츠,수상레저스포츠
양주,2024,1,2024-01,160,경기도,양주시,덕수레저타운,10,양주 2024_01.csv,레저스포츠,기타레저스포츠
양주,2024,1,2024-01,162,경기도,양주시,이승욱갤러리왕의길,9,양주 2024_01.csv,문화관광,전시시설
양주,2024,1,2024-01,162,경기도,양주시,백인걸선생묘,9,양주 2024_01.csv,역사관광,역사유적지
양주,2024,1,2024-01,162,경기도,양주시,각명사,9,양주 2024_01.csv,역사관광,종교성지
양주,2024,1,2024-01,162,경기도,양주시,덕계낚시터,9,양주 2024_01.csv,레저스포츠,수상레저스포츠
양주,2024,1,2024-01,166,경기도,양주시,백석생활체육공원야구장,8,양주 2024_01.csv,문화관광,레저스포츠시설
양주,2024,1,2024-01,167,경기도,양주시,백석배수지생활체육공원,7,양주 2024_01.csv,문화관광,도시공원
양주,2024,1,2024-01,167,경기도,양주시,맑은물농원,7,양주 2024_01.csv,체험관광,농/산/어촌체험
양주,2024,1,2024-01,167,경기도,양주시,가나2아뜰리에,7,양주 2024_01.csv,문화관광,기타문화관광지
양주,2024,1,2024-01,167,경기도,양주시,오상갤러리,7,양주 2024_01.csv,문화관광,전시시설
양주,2024,1,2024-01,171,경기도,양주시,신암지,6,양주 2024_01.csv,자연관광,자연경관(하천/해양)
양주,2024,1,2024-01,171,경기도,양주시,홍죽산업단지근린공원,6,양주 2024_01.csv,문화관광,도시공원
양주,2024,1,2024-01,171,경기도,양주시,송추팜,6,양주 2024_01.csv,체험관광,농/산/어촌체험
양주,2024,1,2024-01,171,경기도,양주시,모모앤던목공작업실,6,양주 2024_01.csv,체험관광,공예체험
양주,2024,1,2024-01,171,경기도,양주시,용암낚시터,6,양주 2024_01.csv,레저스포츠,수상레저스포츠
양주,2024,1,2024-01,171,경기도,양주시,쿠키팜,6,양주 2024_01.csv,체험관광,공예체험
양주,2024,1,2024-01,171,경기도,양주시,보메기낚시터,6,양주 2024_01.csv,레저스포츠,수상레저스포츠
양주,2024,1,2024-01,171,경기도,양주시,해유령전첩지,6,양주 2024_01.csv,역사관광,역사유적지
양주,2024,1,2024-01,171,경기도,양주시,양주시 현충탑,6,양주 2024_01.csv,역사관광,역사유물
양주,2024,1,2024-01,171,경기도,양주시,나리공원물놀이장,6,양주 2024_01.csv,문화관광,테마공원
양주,2024,1,2024-01,171,경기도,양주시,양주골김치체험박물관,6,양주 2024_01.csv,문화관광,전시시설
양주,2024,1,2024-01,171,경기도,양주시,스타아쿠아리움,6,양주 2024_01.csv,문화관광,테마공원
양주,2024,1,2024-01,183,경기도,양주시,은현낚시터,5,양주 2024_01.csv,레저스포츠,수상레저스포츠
양주,2024,1,2024-01,183,경기도,양주시,점프윙스줄넘기클럽줄기차게,5,양주 2024_01.csv,레저스포츠,기타레저스포츠
양주,2024,1,2024-01,185,경기도,양주시,금빛갤러리,4,양주 2024_01.csv,문화관광,전시시설
양주,2024,1,2024-01,185,경기도,양주시,씨알농장,4,양주 2024_01.csv,체험관광,농/산/어촌체험
양주,2024,1,2024-01,185,경기도,양주시,광적생활체육공원,4,양주 2024_01.csv,문화관광,도시공원
양주,2024,1,2024-01,185,경기도,양주시,부흥사,4,양주 2024_01.csv,역사관광,종교성지
양주,2024,1,2024-01,185,경기도,양주시,양주천보산림욕장,4,양주 2024_01.csv,자연관광,자연공원
양주,2024,1,2024-01,185,경기도,양주시,모자농원,4,양주 2024_01.csv,체험관광,농/산/어촌체험
양주,2024,1,2024-01,185,경기도,양주시,묵은저수지,4,양주 2024_01.csv,자연관광,자연경관(하천/해양)
양주,2024,1,2024-01,185,경기도,양주시,연이공방,4,양주 2024_01.csv,체험관광,공예체험
양주,2024,1,2024-01,185,경기도,양주시,쌍용사,4,양주 2024_01.csv,역사관광,종교성지
양주,2024,1,2024-01,185,경기도,양주시,영산법화사,4,양주 2024_01.csv,역사관광,종교성지
양주,2024,1,2024-01,195,경기도,양주시,나누리근린공원,3,양주 2024_01.csv,문화관광,도시공원
양주,2024,1,2024-01,195,경기도,양주시,호국흥국사,3,양주 2024_01.csv,역사관광,종교성지
양주,2024,1,2024-01,195,경기도,양주시,잇츠목이,3,양주 2024_01.csv,체험관광,농/산/어촌체험
양주,2024,1,2024-01,195,경기도,양주시,승호농장,3,양주 2024_01.csv,체험관광,농/산/어촌체험
양주,2024,1,2024-01,195,경기도,양주시,뽀로로맘앤키즈카페이마트양주점,3,양주 2024_01.csv,문화관광,테마공원
양주,2024,1,2024-01,195,경기도,양주시,나리다육,3,양주 2024_01.csv,체험관광,농/산/어촌체험
양주,2024,1,2024-01,195,경기도,양주시,무아메메폴댄스,3,양주 2024_01.csv,레저스포츠,기타레저스포츠
양주,2024,1,2024-01,195,경기도,양주시,석우근린공원,3,양주 2024_01.csv,문화관광,도시공원
양주,2024,1,2024-01,195,경기도,양주시,백수현전통가옥,3,양주 2024_01.csv,역사관광,역사유적지
양주,2024,1,2024-01,195,경기도,양주시,그랜드유원지,3,양주 2024_01.csv,기타관광,기타관광
양주,2024,1,2024-01,195,경기도,양주시,홍복저수지,3,양주 2024_01.csv,자연관광,자연경관(하천/해양)
양주,2024,1,2024-01,195,경기도,양주시,삼현농장,3,양주 2024_01.csv,체험관광,농/산/어촌체험
양주,2024,1,2024-01,195,경기도,양주시,양주시립장욱진미술관통합매표소,3,양주 2024_01.csv,문화관광,복합관광시설
양주,2024,1,2024-01,195,경기도,양주시,양주산성야구장,3,양주 2024_01.csv,문화관광,레저스포츠시설
양주,2024,1,2024-01,195,경기도,양주시,양주농촌테마공원,3,양주 2024_01.csv,문화관광,도시공원
양주,2024,1,2024-01,195,경기도,양주시,양주유수풀파크&바베큐장,3,양주 2024_01.csv,문화관광,테마공원
양주,2024,2,2024-02,1,경기도,양주시,LF스퀘어양주점,10331,양주 2024_02.csv,쇼핑,쇼핑몰
양주,2024,2,2024-02,2,경기도,양주시,두리랜드,2407,양주 2024_02.csv,문화관광,테마공원
양주,2024,2,2024-02,3,경기도,양주시,레이크우드CC,2206,양주 2024_02.csv,레저스포츠,육상레저스포츠
양주,2024,2,2024-02,4,경기도,양주시,송추계곡,1421,양주 2024_02.csv,자연관광,자연경관(산)
양주,2024,2,2024-02,5,경기도,양주시,양주아트밸리눈썰매장,1228,양주 2024_02.csv,레저스포츠,육상레저스포츠
양주,2024,2,2024-02,6,경기도,양주시,장흥관광지,1163,양주 2024_02.csv,문화관광,복합관광시설
양주,2024,2,2024-02,7,경기도,양주시,청련사,966,양주 2024_02.csv,역사관광,종교성지
양주,2024,2,2024-02,8,경기도,양주시,양주눈꽃축제,964,양주 2024_02.csv,문화관광,기타문화관광지
양주,2024,2,2024-02,9,경기도,양주시,기산저수지,818,양주 2024_02.csv,자연관광,자연경관(하천/해양)
양주,2024,2,2024-02,10,경기도,양주시,메가박스양주,787,양주 2024_02.csv,문화관광,공연시설
양주,2024,2,2024-02,11,경기도,양주시,선돌근린공원,777,양주 2024_02.csv,문화관광,도시공원
양주,2024,2,2024-02,12,경기도,양주시,장흥자동차극장,773,양주 2024_02.csv,문화관광,공연시설
양주,2024,2,2024-02,13,경기도,양주시,가래비장터,748,양주 2024_02.csv,쇼핑,시장
양주,2024,2,2024-02,14,경기도,양주시,루이힐스CC,683,양주 2024_02.csv,레저스포츠,육상레저스포츠
양주,2024,2,2024-02,15,경기도,양주시,송추역,636,양주 2024_02.csv,기타관광,교통시설
양주,2024,2,2024-02,16,경기도,양주시,송추CC,505,양주 2024_02.csv,레저스포츠,육상레저스포츠
양주,2024,2,2024-02,17,경기도,양주시,토도,501,양주 2024_02.csv,문화관광,테마공원
양주,2024,2,2024-02,18,경기도,양주시,양주시립장욱진미술관,480,양주 2024_02.csv,문화관광,전시시설
양주,2024,2,2024-02,19,경기도,양주시,옥정체육공원,455,양주 2024_02.csv,문화관광,도시공원
양주,2024,2,2024-02,20,경기도,양주시,일영유원지,449,양주 2024_02.csv,문화관광,복합관광시설
양주,2024,2,2024-02,21,경기도,양주시,국립아세안자연휴양림,447,양주 2024_02.csv,자연관광,자연공원
양주,2024,2,2024-02,22,경기도,양주시,가나아트파크,427,양주 2024_02.csv,문화관광,전시시설
양주,2024,2,2024-02,23,경기도,양주시,양주팬텀실내풋살장,376,양주 2024_02.csv,레저스포츠,기타레저스포츠
양주,2024,2,2024-02,24,경기도,양주시,백석생활체육공원,371,양주 2024_02.csv,문화관광,도시공원
양주,2024,2,2024-02,25,경기도,양주시,독바위공원,366,양주 2024_02.csv,문화관광,도시공원
양주,2024,2,2024-02,26,경기도,양주시,조명박물관,347,양주 2024_02.csv,문화관광,전시시설
양주,2024,2,2024-02,27,경기도,양주시,헬로방방양주점,344,양주 2024_02.csv,문화관광,테마공원
양주,2024,2,2024-02,28,경기도,양주시,TBS도봉산축구장,331,양주 2024_02.csv,문화관광,레저스포츠시설
양주,2024,2,2024-02,29,경기도,양주시,멜버른승마장,303,양주 2024_02.csv,레저스포츠,육상레저스포츠
양주,2024,2,2024-02,30,경기도,양주시,하나농원,299,양주 2024_02.csv,체험관광,농/산/어촌체험
양주,2024,2,2024-02,31,경기도,양주시,대원정사,279,양주 2024_02.csv,역사관광,종교성지
양주,2024,2,2024-02,32,경기도,양주시,봉암저수지,277,양주 2024_02.csv,자연관광,자연경관(하천/해양)
양주,2024,2,2024-02,33,경기도,양주시,딱따구리청소년수련원,271,양주 2024_02.csv,레저스포츠,육상레저스포츠
양주,2024,2,2024-02,34,경기도,양주시,일영역,265,양주 2024_02.csv,기타관광,교통시설
양주,2024,2,2024-02,35,경기도,양주시,청암민속박물관,252,양주 2024_02.csv,문화관광,전시시설
양주,2024,2,2024-02,36,경기도,양주시,고덕생활체육공원,237,양주 2024_02.csv,문화관광,도시공원
양주,2024,2,2024-02,37,경기도,양주시,원당저수지,233,양주 2024_02.csv,자연관광,자연경관(하천/해양)
양주,2024,2,2024-02,37,경기도,양주시,나리농원,233,양주 2024_02.csv,체험관광,농/산/어촌체험
양주,2024,2,2024-02,39,경기도,양주시,옥정배수지체육공원,228,양주 2024_02.csv,문화관광,도시공원
양주,2024,2,2024-02,40,경기도,양주시,양주별산대놀이마당,223,양주 2024_02.csv,문화관광,기타문화관광지
양주,2024,2,2024-02,41,경기도,양주시,씽씽롤러스케이트장,216,양주 2024_02.csv,레저스포츠,육상레저스포츠
양주,2024,2,2024-02,41,경기도,양주시,신암낚시터,216,양주 2024_02.csv,레저스포츠,수상레저스포츠
양주,2024,2,2024-02,43,경기도,양주시,옥정체육공원축구장,212,양주 2024_02.csv,문화관광,레저스포츠시설
양주,2024,2,2024-02,44,경기도,양주시,장흥역,210,양주 2024_02.csv,기타관광,교통시설
양주,2024,2,2024-02,45,경기도,양주시,양주테크노풋살센터,209,양주 2024_02.csv,레저스포츠,기타레저스포츠
양주,2024,2,2024-02,46,경기도,양주시,공존풋살파크양주점,207,양주 2024_02.csv,문화관광,레저스포츠시설
양주,2024,2,2024-02,47,경기도,양주시,헤세의정원,194,양주 2024_02.csv,문화관광,기타문화관광지
양주,2024,2,2024-02,48,경기도,양주시,VIP야구장,189,양주 2024_02.csv,문화관광,레저스포츠시설
양주,2024,2,2024-02,49,경기도,양주시,더콕배드민턴레슨센터,186,양주 2024_02.csv,레저스포츠,기타레저스포츠
양주,2024,2,2024-02,50,경기도,양주시,지장사,181,양주 2024_02.csv,역사관광,종교성지
양주,2024,2,2024-02,51,경기도,양주시,장흥생활체육공원,179,양주 2024_02.csv,문화관광,도시공원
양주,2024,2,2024-02,52,경기도,양주시,신천생활체육공원,178,양주 2024_02.csv,문화관광,도시공원
양주,2024,2,2024-02,53,경기도,양주시,양주베이스볼파크,175,양주 2024_02.csv,문화관광,레저스포츠시설
양주,2024,2,2024-02,54,경기도,양주시,삼하낚시터,171,양주 2024_02.csv,레저스포츠,수상레저스포츠
양주,2024,2,2024-02,55,경기도,양주시,회암사지,163,양주 2024_02.csv,역사관광,역사유적지
양주,2024,2,2024-02,56,경기도,양주시,양주풋살파크제1구장,159,양주 2024_02.csv,문화관광,레저스포츠시설
양주,2024,2,2024-02,57,경기도,양주시,장자원낚시터,154,양주 2024_02.csv,레저스포츠,수상레저스포츠
양주,2024,2,2024-02,58,경기도,양주시,어둔리저수지,146,양주 2024_02.csv,자연관광,자연경관(하천/해양)
양주,2024,2,2024-02,59,경기도,양주시,장흥돌고개유원지,141,양주 2024_02.csv,문화관광,복합관광시설
양주,2024,2,2024-02,60,경기도,양주시,석굴암,139,양주 2024_02.csv,역사관광,종교성지
양주,2024,2,2024-02,60,경기도,양주시,광백저수지,139,양주 2024_02.csv,자연관광,자연경관(하천/해양)
양주,2024,2,2024-02,62,경기도,양주시,장흥축구장,138,양주 2024_02.csv,문화관광,레저스포츠시설
양주,2024,2,2024-02,63,경기도,양주시,MBP리그,135,양주 2024_02.csv,문화관광,레저스포츠시설
양주,2024,2,2024-02,64,경기도,양주시,칠봉산CC,133,양주 2024_02.csv,레저스포츠,육상레저스포츠
양주,2024,2,2024-02,65,경기도,양주시,ND야구장,130,양주 2024_02.csv,문화관광,레저스포츠시설
양주,2024,2,2024-02,66,경기도,양주시,신흥레저타운,129,양주 2024_02.csv,레저스포츠,기타레저스포츠
양주,2024,2,2024-02,67,경기도,양주시,송추원각사,125,양주 2024_02.csv,역사관광,종교성지
양주,2024,2,2024-02,68,경기도,양주시,양주시청소년수련원,124,양주 2024_02.csv,레저스포츠,육상레저스포츠
양주,2024,2,2024-02,69,경기도,양주시,고읍축구장,121,양주 2024_02.csv,문화관광,레저스포츠시설
양주,2024,2,2024-02,70,경기도,양주시,후니버설스튜디오,120,양주 2024_02.csv,문화관광,전시시설
양주,2024,2,2024-02,71,경기도,양주시,양주관아지,119,양주 2024_02.csv,역사관광,역사유적지
양주,2024,2,2024-02,71,경기도,양주시,송암스페이스센터,119,양주 2024_02.csv,기타관광,기타관광
양주,2024,2,2024-02,73,경기도,양주시,효촌저수지,117,양주 2024_02.csv,자연관광,자연경관(하천/해양)
양주,2024,2,2024-02,74,경기도,양주시,양주시승마장,112,양주 2024_02.csv,레저스포츠,육상레저스포츠
양주,2024,2,2024-02,75,경기도,양주시,온릉,108,양주 2024_02.csv,역사관광,역사유적지
양주,2024,2,2024-02,75,경기도,양주시,장흥자연휴양림,108,양주 2024_02.csv,자연관광,자연공원
양주,2024,2,2024-02,77,경기도,양주시,화담정사,106,양주 2024_02.csv,역사관광,종교성지
양주,2024,2,2024-02,78,경기도,양주시,티제이풋살파크,101,양주 2024_02.csv,레저스포츠,기타레저스포츠
양주,2024,2,2024-02,78,경기도,양주시,덕계저수지,101,양주 2024_02.csv,자연관광,자연경관(하천/해양)
양주,2024,2,2024-02,80,경기도,양주시,덕계공원,100,양주 2024_02.csv,문화관광,도시공원
양주,2024,2,2024-02,80,경기도,양주시,장흥야구장,100,양주 2024_02.csv,문화관광,레저스포츠시설
양주,2024,2,2024-02,82,경기도,양주시,연화사,99,양주 2024_02.csv,역사관광,종교성지
양주,2024,2,2024-02,83,경기도,양주시,강호이앤티,98,양주 2024_02.csv,레저스포츠,기타레저스포츠
양주,2024,2,2024-02,84,경기도,양주시,신산리공원,94,양주 2024_02.csv,문화관광,도시공원
양주,2024,2,2024-02,85,경기도,양주시,엄상마을문화거리,90,양주 2024_02.csv,문화관광,테마공원
양주,2024,2,2024-02,86,경기도,양주시,스카이야구장,88,양주 2024_02.csv,문화관광,레저스포츠시설
양주,2024,2,2024-02,87,경기도,양주시,삼숭생활체육공원,87,양주 2024_02.csv,문화관광,도시공원
양주,2024,2,2024-02,87,경기도,양주시,위바운스,87,양주 2024_02.csv,문화관광,테마공원
양주,2024,2,2024-02,87,경기도,양주시,샘내고개,87,양주 2024_02.csv,자연관광,자연경관(산)
양주,2024,2,2024-02,90,경기도,양주시,광사낚시터,82,양주 2024_02.csv,레저스포츠,수상레저스포츠
양주,2024,2,2024-02,91,경기도,양주시,원더풀키즈수영장,79,양주 2024_02.csv,문화관광,테마공원
양주,2024,2,2024-02,92,경기도,양주시,나비랑키즈카페,76,양주 2024_02.csv,문화관광,테마공원
양주,2024,2,2024-02,93,경기도,양주시,EP베이스볼파크,71,양주 2024_02.csv,문화관광,레저스포츠시설
양주,2024,2,2024-02,93,경기도,양주시,북한산국립공원오봉탐방지원센터,71,양주 2024_02.csv,기타관광,기타관광
양주,2024,2,2024-02,95,경기도,양주시,아지트배드민턴,63,양주 2024_02.csv,레저스포츠,기타레저스포츠
양주,2024,2,2024-02,96,경기도,양주시,못말낚시터,62,양주 2024_02.csv,레저스포츠,수상레저스포츠
양주,2024,2,2024-02,97,경기도,양주시,대승사,59,양주 2024_02.csv,역사관광,종교성지
양주,2024,2,2024-02,98,경기도,양주시,장흥조각공원,58,양주 2024_02.csv,문화관광,도시공원
양주,2024,2,2024-02,99,경기도,양주시,클라임크루,57,양주 2024_02.csv,레저스포츠,기타레저스포츠
양주,2024,2,2024-02,99,경기도,양주시,육지장사,57,양주 2024_02.csv,역사관광,종교성지
양주,2024,2,2024-02,99,경기도,양주시,광적생활체육공원축구장,57,양주 2024_02.csv,문화관광,레저스포츠시설
양주,2024,2,2024-02,102,경기도,양주시,일영낚시터,56,양주 2024_02.csv,레저스포츠,수상레저스포츠
양주,2024,2,2024-02,103,경기도,양주시,불곡산,55,양주 2024_02.csv,자연관광,자연경관(산)
양주,2024,2,2024-02,104,경기도,양주시,남경수목원,51,양주 2024_02.csv,체험관광,농/산/어촌체험
양주,2024,2,2024-02,104,경기도,양주시,한국축구센터,51,양주 2024_02.csv,문화관광,레저스포츠시설
양주,2024,2,2024-02,104,경기도,양주시,신천생활체육공원축구장,51,양주 2024_02.csv,문화관광,레저스포츠시설
양주,2024,2,2024-02,107,경기도,양주시,신흥레저타운스노우월드,50,양주 2024_02.csv,레저스포츠,육상레저스포츠
양주,2024,2,2024-02,108,경기도,양주시,송추낚시터,49,양주 2024_02.csv,레저스포츠,수상레저스포츠
양주,2024,2,2024-02,109,경기도,양주시,하늘물공원,48,양주 2024_02.csv,문화관광,도시공원
양주,2024,2,2024-02,110,경기도,양주시,조소앙선생기념관,47,양주 2024_02.csv,문화관광,전시시설
양주,2024,2,2024-02,111,경기도,양주시,백화암,44,양주 2024_02.csv,역사관광,종교성지
양주,2024,2,2024-02,111,경기도,양주시,비암사,44,양주 2024_02.csv,역사관광,종교성지
양주,2024,2,2024-02,113,경기도,양주시,나리공원물놀이장,42,양주 2024_02.csv,문화관광,테마공원
양주,2024,2,2024-02,113,경기도,양주시,마리조아승마클럽,42,양주 2024_02.csv,레저스포츠,육상레저스포츠
양주,2024,2,2024-02,115,경기도,양주시,송추아트밸리,40,양주 2024_02.csv,문화관광,도시공원
양주,2024,2,2024-02,116,경기도,양주시,양주시립민복진미술관,39,양주 2024_02.csv,문화관광,전시시설
양주,2024,2,2024-02,116,경기도,양주시,장흥자생수목원,39,양주 2024_02.csv,자연관광,자연공원
양주,2024,2,2024-02,118,경기도,양주시,삼훈행복농원,38,양주 2024_02.csv,체험관광,농/산/어촌체험
양주,2024,2,2024-02,119,경기도,양주시,가나2아뜰리에,37,양주 2024_02.csv,문화관광,기타문화관광지
양주,2024,2,2024-02,120,경기도,양주시,금바위저수지,35,양주 2024_02.csv,자연관광,자연경관(하천/해양)
양주,2024,2,2024-02,121,경기도,양주시,양주풋살파크제2구장,34,양주 2024_02.csv,레저스포츠,기타레저스포츠
양주,2024,2,2024-02,121,경기도,양주시,덕정시장,34,양주 2024_02.csv,쇼핑,시장
양주,2024,2,2024-02,121,경기도,양주시,한성승마클럽,34,양주 2024_02.csv,레저스포츠,육상레저스포츠
양주,2024,2,2024-02,121,경기도,양주시,양주향교,34,양주 2024_02.csv,역사관광,역사유적지
양주,2024,2,2024-02,125,경기도,양주시,양주옥정리선돌,33,양주 2024_02.csv,역사관광,역사유적지
양주,2024,2,2024-02,126,경기도,양주시,고려대학교송추야구장,32,양주 2024_02.csv,문화관광,레저스포츠시설
양주,2024,2,2024-02,126,경기도,양주시,송추다보사,32,양주 2024_02.csv,역사관광,종교성지
양주,2024,2,2024-02,128,경기도,양주시,가래비빙벽장,31,양주 2024_02.csv,레저스포츠,기타레저스포츠
양주,2024,2,2024-02,129,경기도,양주시,양주시감동VR체험관,30,양주 2024_02.csv,레저스포츠,기타레저스포츠
양주,2024,2,2024-02,129,경기도,양주시,북한산국립공원교현탐방지원센터,30,양주 2024_02.csv,기타관광,기타관광
양주,2024,2,2024-02,129,경기도,양주시,타겟28실내양궁장,30,양주 2024_02.csv,레저스포츠,육상레저스포츠
양주,2024,2,2024-02,132,경기도,양주시,북한산둘레길13구간,29,양주 2024_02.csv,레저스포츠,기타레저스포츠
양주,2024,2,2024-02,132,경기도,양주시,에코야구장,29,양주 2024_02.csv,문화관광,레저스포츠시설
양주,2024,2,2024-02,134,경기도,양주시,백인걸선생묘,28,양주 2024_02.csv,역사관광,역사유적지
양주,2024,2,2024-02,135,경기도,양주시,은현피싱타운,27,양주 2024_02.csv,레저스포츠,수상레저스포츠
양주,2024,2,2024-02,135,경기도,양주시,권율장군묘,27,양주 2024_02.csv,역사관광,역사유적지
양주,2024,2,2024-02,135,경기도,양주시,백석생활체육공원야구장,27,양주 2024_02.csv,문화관광,레저스포츠시설
양주,2024,2,2024-02,138,경기도,양주시,아트휠즈,26,양주 2024_02.csv,레저스포츠,육상레저스포츠
양주,2024,2,2024-02,138,경기도,양주시,베이스캠프,26,양주 2024_02.csv,레저스포츠,기타레저스포츠
양주,2024,2,2024-02,140,경기도,양주시,연곡저수지,25,양주 2024_02.csv,자연관광,자연경관(하천/해양)
양주,2024,2,2024-02,140,경기도,양주시,나리공원파크골프장,25,양주 2024_02.csv,레저스포츠,육상레저스포츠
양주,2024,2,2024-02,142,경기도,양주시,원더키즈,24,양주 2024_02.csv,문화관광,테마공원
양주,2024,2,2024-02,143,경기도,양주시,아름다운비행,22,양주 2024_02.csv,문화관광,전시시설
양주,2024,2,2024-02,144,경기도,양주시,가나1아뜰리에,21,양주 2024_02.csv,문화관광,기타문화관광지
양주,2024,2,2024-02,144,경기도,양주시,어둔리남방낚시터,21,양주 2024_02.csv,레저스포츠,수상레저스포츠
양주,2024,2,2024-02,144,경기도,양주시,송암사,21,양주 2024_02.csv,역사관광,종교성지
양주,2024,2,2024-02,144,경기도,양주시,백석생활체육공원축구장,21,양주 2024_02.csv,문화관광,레저스포츠시설
양주,2024,2,2024-02,148,경기도,양주시,보타사,19,양주 2024_02.csv,역사관광,종교성지
양주,2024,2,2024-02,149,경기도,양주시,홍죽산업단지근린공원,18,양주 2024_02.csv,문화관광,도시공원
양주,2024,2,2024-02,150,경기도,양주시,원당낚시터,17,양주 2024_02.csv,레저스포츠,수상레저스포츠
양주,2024,2,2024-02,151,경기도,양주시,백석배수지생활체육공원,16,양주 2024_02.csv,문화관광,도시공원
양주,2024,2,2024-02,151,경기도,양주시,쿠키팜,16,양주 2024_02.csv,체험관광,공예체험
양주,2024,2,2024-02,151,경기도,양주시,보메기낚시터,16,양주 2024_02.csv,레저스포츠,수상레저스포츠
양주,2024,2,2024-02,154,경기도,양주시,광적생활체육공원,15,양주 2024_02.csv,문화관광,도시공원
양주,2024,2,2024-02,154,경기도,양주시,홍복저수지,15,양주 2024_02.csv,자연관광,자연경관(하천/해양)
양주,2024,2,2024-02,154,경기도,양주시,각명사,15,양주 2024_02.csv,역사관광,종교성지
양주,2024,2,2024-02,154,경기도,양주시,양주시립장욱진미술관통합매표소,15,양주 2024_02.csv,문화관광,복합관광시설
양주,2024,2,2024-02,154,경기도,양주시,원각폭포,15,양주 2024_02.csv,자연관광,자연경관(산)
양주,2024,2,2024-02,154,경기도,양주시,오상갤러리,15,양주 2024_02.csv,문화관광,전시시설
양주,2024,2,2024-02,160,경기도,양주시,유수풀물놀이장,14,양주 2024_02.csv,문화관광,테마공원
양주,2024,2,2024-02,160,경기도,양주시,신산장,14,양주 2024_02.csv,쇼핑,시장
양주,2024,2,2024-02,160,경기도,양주시,양주시티즌축구클럽,14,양주 2024_02.csv,문화관광,레저스포츠시설
양주,2024,2,2024-02,163,경기도,양주시,777레지던스,12,양주 2024_02.csv,문화관광,전시시설
양주,2024,2,2024-02,163,경기도,양주시,효진푸드,12,양주 2024_02.csv,쇼핑,시장
양주,2024,2,2024-02,165,경기도,양주시,양주천보산림욕장,11,양주 2024_02.csv,자연관광,자연공원
양주,2024,2,2024-02,166,경기도,양주시,송추팜,10,양주 2024_02.csv,체험관광,농/산/어촌체험
양주,2024,2,2024-02,166,경기도,양주시,나리다육,10,양주 2024_02.csv,체험관광,농/산/어촌체험
양주,2024,2,2024-02,166,경기도,양주시,양주시종합관광안내센터,10,양주 2024_02.csv,기타관광,기타관광
양주,2024,2,2024-02,166,경기도,양주시,송암천문대,10,양주 2024_02.csv,기타관광,기타관광
양주,2024,2,2024-02,166,경기도,양주시,디스코롤러장,10,양주 2024_02.csv,레저스포츠,육상레저스포츠
양주,2024,2,2024-02,171,경기도,양주시,무아메메폴댄스,9,양주 2024_02.csv,레저스포츠,기타레저스포츠
양주,2024,2,2024-02,171,경기도,양주시,석우근린공원,9,양주 2024_02.csv,문화관광,도시공원
양주,2024,2,2024-02,171,경기도,양주시,해유령전첩지,9,양주 2024_02.csv,역사관광,역사유적지
양주,2024,2,2024-02,171,경기도,양주시,씨알농장,9,양주 2024_02.csv,체험관광,농/산/어촌체험
양주,2024,2,2024-02,171,경기도,양주시,동산가든낚시터,9,양주 2024_02.csv,레저스포츠,수상레저스포츠
양주,2024,2,2024-02,171,경기도,양주시,영산법화사,9,양주 2024_02.csv,역사관광,종교성지
양주,2024,2,2024-02,177,경기도,양주시,양주남면의느티나무,8,양주 2024_02.csv,역사관광,역사유적지
양주,2024,2,2024-02,177,경기도,양주시,안상철미술관,8,양주 2024_02.csv,문화관광,전시시설
양주,2024,2,2024-02,177,경기도,양주시,덕계낚시터,8,양주 2024_02.csv,레저스포츠,수상레저스포츠
양주,2024,2,2024-02,177,경기도,양주시,스카이워터파크,8,양주 2024_02.csv,문화관광,테마공원
양주,2024,2,2024-02,177,경기도,양주시,신상호스튜디오,8,양주 2024_02.csv,문화관광,전시시설
양주,2024,2,2024-02,182,경기도,양주시,수월사,7,양주 2024_02.csv,역사관광,종교성지
양주,2024,2,2024-02,182,경기도,양주시,백수현전통가옥,7,양주 2024_02.csv,역사관광,역사유적지
양주,2024,2,2024-02,182,경기도,양주시,무호정,7,양주 2024_02.csv,레저스포츠,육상레저스포츠
양주,2024,2,2024-02,185,경기도,양주시,신흥레저워터월드,6,양주 2024_02.csv,문화관광,테마공원
양주,2024,2,2024-02,185,경기도,양주시,모모앤던목공작업실,6,양주 2024_02.csv,체험관광,공예체험
양주,2024,2,2024-02,185,경기도,양주시,MMA STORY양주점,6,양주 2024_02.csv,레저스포츠,기타레저스포츠
양주,2024,2,2024-02,185,경기도,양주시,장흥계곡,6,양주 2024_02.csv,자연관광,자연경관(산)
양주,2024,2,2024-02,185,경기도,양주시,윤성에프앤비양주물류센터,6,양주 2024_02.csv,레저스포츠,수상레저스포츠
양주,2024,2,2024-02,185,경기도,양주시,가납시장,6,양주 2024_02.csv,쇼핑,시장
양주,2024,2,2024-02,185,경기도,양주시,봉암낚시터,6,양주 2024_02.csv,레저스포츠,수상레저스포츠
양주,2024,2,2024-02,185,경기도,양주시,군남농장,6,양주 2024_02.csv,체험관광,농/산/어촌체험
양주,2024,2,2024-02,185,경기도,양주시,양주골김치체험박물관,6,양주 2024_02.csv,문화관광,전시시설
양주,2024,2,2024-02,185,경기도,양주시,무량사,6,양주 2024_02.csv,역사관광,종교성지
양주,2024,2,2024-02,195,경기도,양주시,양주산성배틀존필드,5,양주 2024_02.csv,레저스포츠,육상레저스포츠
양주,2024,2,2024-02,195,경기도,양주시,보현사,5,양주 2024_02.csv,역사관광,종교성지
양주,2024,2,2024-02,195,경기도,양주시,살구골낚시터,5,양주 2024_02.csv,레저스포츠,수상레저스포츠
양주,2024,2,2024-02,195,경기도,양주시,쌍용사,5,양주 2024_02.csv,역사관광,종교성지
양주,2024,2,2024-02,199,경기도,양주시,오림피아수영장,4,양주 2024_02.csv,문화관광,테마공원
양주,2024,2,2024-02,199,경기도,양주시,스톤밸리눈썰매장,4,양주 2024_02.csv,레저스포츠,육상레저스포츠
양주,2024,2,2024-02,199,경기도,양주시,양주산성야구장,4,양주 2024_02.csv,문화관광,레저스포츠시설
양주,2024,2,2024-02,199,경기도,양주시,묵은저수지,4,양주 2024_02.csv,자연관광,자연경관(하천/해양)
양주,2024,2,2024-02,199,경기도,양주시,광운정사,4,양주 2024_02.csv,역사관광,종교성지
양주,2024,2,2024-02,204,경기도,양주시,양주울대고개순직경찰관추도비,3,양주 2024_02.csv,역사관광,역사유물
양주,2024,2,2024-02,204,경기도,양주시,체형교정연구소바르다,3,양주 2024_02.csv,레저스포츠,기타레저스포츠
양주,2024,2,2024-02,204,경기도,양주시,구룡사,3,양주 2024_02.csv,역사관광,종교성지
양주,2024,2,2024-02,204,경기도,양주시,신암지,3,양주 2024_02.csv,자연관광,자연경관(하천/해양)
양주,2024,2,2024-02,204,경기도,양주시,토리근린공원,3,양주 2024_02.csv,문화관광,도시공원
양주,2024,2,2024-02,204,경기도,양주시,보현사,3,양주 2024_02.csv,역사관광,종교성지
양주,2024,2,2024-02,204,경기도,양주시,뽀로로맘앤키즈카페이마트양주점,3,양주 2024_02.csv,문화관광,테마공원
양주,2024,2,2024-02,204,경기도,양주시,금빛갤러리,3,양주 2024_02.csv,문화관광,전시시설
양주,2024,2,2024-02,204,경기도,양주시,태평목장,3,양주 2024_02.csv,체험관광,농/산/어촌체험
양주,2024,2,2024-02,204,경기도,양주시,장흥관광지관리사무소,3,양주 2024_02.csv,문화관광,도시공원
양주,2024,2,2024-02,204,경기도,양주시,기원정사,3,양주 2024_02.csv,역사관광,종교성지
양주,2024,2,2024-02,204,경기도,양주시,그랜드유원지,3,양주 2024_02.csv,기타관광,기타관광
양주,2024,2,2024-02,204,경기도,양주시,부흥사,3,양주 2024_02.csv,역사관광,종교성지
양주,2024,2,2024-02,204,경기도,양주시,양주시 현충탑,3,양주 2024_02.csv,역사관광,역사유물
양주,2024,2,2024-02,204,경기도,양주시,연화사,3,양주 2024_02.csv,역사관광,종교성지
양주,2024,2,2024-02,204,경기도,양주시,고려대학교축구장,3,양주 2024_02.csv,문화관광,레저스포츠시설
양주,2024,2,2024-02,204,경기도,양주시,베스트패밀리리그구장,3,양주 2024_02.csv,문화관광,레저스포츠시설
양주,2024,2,2024-02,204,경기도,양주시,모자농원,3,양주 2024_02.csv,체험관광,농/산/어촌체험
양주,2024,2,2024-02,204,경기도,양주시,효촌리낚시터,3,양주 2024_02.csv,레저스포츠,수상레저스포츠
양주,2024,2,2024-02,204,경기도,양주시,양주농촌테마공원,3,양주 2024_02.csv,문화관광,도시공원
양주,2024,2,2024-02,204,경기도,양주시,두래농원,3,양주 2024_02.csv,체험관광,농/산/어촌체험
양주,2024,2,2024-02,204,경기도,양주시,동광정사,3,양주 2024_02.csv,역사관광,종교성지
양주,2024,2,2024-02,204,경기도,양주시,양주유수풀파크&바베큐장,3,양주 2024_02.csv,문화관광,테마공원
양주,2024,2,2024-02,204,경기도,양주시,아이리스야생화농원,3,양주 2024_02.csv,체험관광,농/산/어촌체험
양주,2024,2,2024-02,204,경기도,양주시,무량사,3,양주 2024_02.csv,역사관광,종교성지
양주,2024,2,2024-02,204,경기도,양주시,히든밸리송추,3,양주 2024_02.csv,문화관광,테마공원
양주,2024,2,2024-02,204,경기도,양주시,양주시 광적면 송구래미,3,양주 2024_02.csv,문화관광,도시/지역문화관광
양주,2024,3,2024-03,1,경기도,양주시,LF스퀘어양주점,12453,양주 2024_03.csv,쇼핑,쇼핑몰
양주,2024,3,2024-03,2,경기도,양주시,레이크우드CC,6092,양주 2024_03.csv,레저스포츠,육상레저스포츠
양주,2024,3,2024-03,3,경기도,양주시,송추CC,3423,양주 2024_03.csv,레저스포츠,육상레저스포츠
양주,2024,3,2024-03,4,경기도,양주시,두리랜드,2296,양주 2024_03.csv,문화관광,테마공원
양주,2024,3,2024-03,5,경기도,양주시,송추계곡,1946,양주 2024_03.csv,자연관광,자연경관(산)
양주,2024,3,2024-03,6,경기도,양주시,루이힐스CC,1648,양주 2024_03.csv,레저스포츠,육상레저스포츠
양주,2024,3,2024-03,7,경기도,양주시,장흥관광지,1288,양주 2024_03.csv,문화관광,복합관광시설
양주,2024,3,2024-03,8,경기도,양주시,기산저수지,1080,양주 2024_03.csv,자연관광,자연경관(하천/해양)
양주,2024,3,2024-03,9,경기도,양주시,메가박스양주,900,양주 2024_03.csv,문화관광,공연시설
양주,2024,3,2024-03,10,경기도,양주시,장흥자동차극장,825,양주 2024_03.csv,문화관광,공연시설
양주,2024,3,2024-03,11,경기도,양주시,가래비장터,824,양주 2024_03.csv,쇼핑,시장
양주,2024,3,2024-03,12,경기도,양주시,옥정체육공원,756,양주 2024_03.csv,문화관광,도시공원
양주,2024,3,2024-03,13,경기도,양주시,송추역,723,양주 2024_03.csv,기타관광,교통시설
양주,2024,3,2024-03,14,경기도,양주시,양주시립장욱진미술관,685,양주 2024_03.csv,문화관광,전시시설
양주,2024,3,2024-03,15,경기도,양주시,VIP야구장,634,양주 2024_03.csv,문화관광,레저스포츠시설
양주,2024,3,2024-03,16,경기도,양주시,가나아트파크,621,양주 2024_03.csv,문화관광,전시시설
양주,2024,3,2024-03,17,경기도,양주시,백석생활체육공원,603,양주 2024_03.csv,문화관광,도시공원
양주,2024,3,2024-03,18,경기도,양주시,일영유원지,550,양주 2024_03.csv,문화관광,복합관광시설
양주,2024,3,2024-03,19,경기도,양주시,TBS도봉산축구장,516,양주 2024_03.csv,문화관광,레저스포츠시설
양주,2024,3,2024-03,20,경기도,양주시,양주베이스볼파크,514,양주 2024_03.csv,문화관광,레저스포츠시설
양주,2024,3,2024-03,21,경기도,양주시,국립아세안자연휴양림,496,양주 2024_03.csv,자연관광,자연공원
양주,2024,3,2024-03,22,경기도,양주시,토도,438,양주 2024_03.csv,문화관광,테마공원
양주,2024,3,2024-03,23,경기도,양주시,옥정배수지체육공원,432,양주 2024_03.csv,문화관광,도시공원
양주,2024,3,2024-03,24,경기도,양주시,MBP리그,425,양주 2024_03.csv,문화관광,레저스포츠시설
양주,2024,3,2024-03,25,경기도,양주시,헤세의정원,412,양주 2024_03.csv,문화관광,기타문화관광지
양주,2024,3,2024-03,26,경기도,양주시,딱따구리청소년수련원,408,양주 2024_03.csv,레저스포츠,육상레저스포츠
양주,2024,3,2024-03,27,경기도,양주시,나리농원,406,양주 2024_03.csv,체험관광,농/산/어촌체험
양주,2024,3,2024-03,28,경기도,양주시,고덕생활체육공원,398,양주 2024_03.csv,문화관광,도시공원
양주,2024,3,2024-03,29,경기도,양주시,청련사,393,양주 2024_03.csv,역사관광,종교성지
양주,2024,3,2024-03,30,경기도,양주시,양주팬텀실내풋살장,388,양주 2024_03.csv,레저스포츠,기타레저스포츠
양주,2024,3,2024-03,31,경기도,양주시,조명박물관,364,양주 2024_03.csv,문화관광,전시시설
양주,2024,3,2024-03,32,경기도,양주시,봉암저수지,362,양주 2024_03.csv,자연관광,자연경관(하천/해양)
양주,2024,3,2024-03,32,경기도,양주시,양주별산대놀이마당,362,양주 2024_03.csv,문화관광,기타문화관광지
양주,2024,3,2024-03,34,경기도,양주시,양주테크노풋살센터,357,양주 2024_03.csv,레저스포츠,기타레저스포츠
양주,2024,3,2024-03,35,경기도,양주시,장흥생활체육공원,342,양주 2024_03.csv,문화관광,도시공원
양주,2024,3,2024-03,36,경기도,양주시,신천생활체육공원,339,양주 2024_03.csv,문화관광,도시공원
양주,2024,3,2024-03,37,경기도,양주시,멜버른승마장,334,양주 2024_03.csv,레저스포츠,육상레저스포츠
양주,2024,3,2024-03,38,경기도,양주시,옥정체육공원축구장,330,양주 2024_03.csv,문화관광,레저스포츠시설
양주,2024,3,2024-03,39,경기도,양주시,청암민속박물관,323,양주 2024_03.csv,문화관광,전시시설
양주,2024,3,2024-03,40,경기도,양주시,칠봉산CC,316,양주 2024_03.csv,레저스포츠,육상레저스포츠
양주,2024,3,2024-03,41,경기도,양주시,공존풋살파크양주점,311,양주 2024_03.csv,문화관광,레저스포츠시설
양주,2024,3,2024-03,42,경기도,양주시,일영역,306,양주 2024_03.csv,기타관광,교통시설
양주,2024,3,2024-03,43,경기도,양주시,신암낚시터,302,양주 2024_03.csv,레저스포츠,수상레저스포츠
양주,2024,3,2024-03,44,경기도,양주시,원당저수지,301,양주 2024_03.csv,자연관광,자연경관(하천/해양)
양주,2024,3,2024-03,45,경기도,양주시,헬로방방양주점,293,양주 2024_03.csv,문화관광,테마공원
양주,2024,3,2024-03,46,경기도,양주시,장자원낚시터,288,양주 2024_03.csv,레저스포츠,수상레저스포츠
양주,2024,3,2024-03,47,경기도,양주시,스카이야구장,287,양주 2024_03.csv,문화관광,레저스포츠시설
양주,2024,3,2024-03,48,경기도,양주시,장흥야구장,281,양주 2024_03.csv,문화관광,레저스포츠시설
양주,2024,3,2024-03,49,경기도,양주시,하나농원,267,양주 2024_03.csv,체험관광,농/산/어촌체험
양주,2024,3,2024-03,50,경기도,양주시,양주시청소년수련원,257,양주 2024_03.csv,레저스포츠,육상레저스포츠
양주,2024,3,2024-03,51,경기도,양주시,효촌저수지,247,양주 2024_03.csv,자연관광,자연경관(하천/해양)
양주,2024,3,2024-03,52,경기도,양주시,고읍축구장,241,양주 2024_03.csv,문화관광,레저스포츠시설
양주,2024,3,2024-03,53,경기도,양주시,양주관아지,238,양주 2024_03.csv,역사관광,역사유적지
양주,2024,3,2024-03,54,경기도,양주시,ND야구장,237,양주 2024_03.csv,문화관광,레저스포츠시설
양주,2024,3,2024-03,55,경기도,양주시,어둔리저수지,234,양주 2024_03.csv,자연관광,자연경관(하천/해양)
양주,2024,3,2024-03,56,경기도,양주시,장흥축구장,233,양주 2024_03.csv,문화관광,레저스포츠시설
양주,2024,3,2024-03,57,경기도,양주시,장흥역,225,양주 2024_03.csv,기타관광,교통시설
양주,2024,3,2024-03,58,경기도,양주시,장흥돌고개유원지,224,양주 2024_03.csv,문화관광,복합관광시설
양주,2024,3,2024-03,59,경기도,양주시,송암스페이스센터,220,양주 2024_03.csv,기타관광,기타관광
양주,2024,3,2024-03,60,경기도,양주시,고려대학교송추야구장,208,양주 2024_03.csv,문화관광,레저스포츠시설
양주,2024,3,2024-03,61,경기도,양주시,더콕배드민턴레슨센터,202,양주 2024_03.csv,레저스포츠,기타레저스포츠
양주,2024,3,2024-03,62,경기도,양주시,삼하낚시터,200,양주 2024_03.csv,레저스포츠,수상레저스포츠
양주,2024,3,2024-03,63,경기도,양주시,씽씽롤러스케이트장,193,양주 2024_03.csv,레저스포츠,육상레저스포츠
양주,2024,3,2024-03,64,경기도,양주시,대원정사,185,양주 2024_03.csv,역사관광,종교성지
양주,2024,3,2024-03,65,경기도,양주시,양주시승마장,184,양주 2024_03.csv,레저스포츠,육상레저스포츠
양주,2024,3,2024-03,66,경기도,양주시,EP베이스볼파크,181,양주 2024_03.csv,문화관광,레저스포츠시설
양주,2024,3,2024-03,67,경기도,양주시,광백저수지,179,양주 2024_03.csv,자연관광,자연경관(하천/해양)
양주,2024,3,2024-03,68,경기도,양주시,송추낚시터,168,양주 2024_03.csv,레저스포츠,수상레저스포츠
양주,2024,3,2024-03,69,경기도,양주시,양주풋살파크제1구장,167,양주 2024_03.csv,문화관광,레저스포츠시설
양주,2024,3,2024-03,70,경기도,양주시,한성승마클럽,166,양주 2024_03.csv,레저스포츠,육상레저스포츠
양주,2024,3,2024-03,71,경기도,양주시,신산리공원,163,양주 2024_03.csv,문화관광,도시공원
양주,2024,3,2024-03,72,경기도,양주시,덕계저수지,154,양주 2024_03.csv,자연관광,자연경관(하천/해양)
양주,2024,3,2024-03,73,경기도,양주시,지장사,136,양주 2024_03.csv,역사관광,종교성지
양주,2024,3,2024-03,74,경기도,양주시,석굴암,127,양주 2024_03.csv,역사관광,종교성지
양주,2024,3,2024-03,75,경기도,양주시,온릉,126,양주 2024_03.csv,역사관광,역사유적지
양주,2024,3,2024-03,76,경기도,양주시,장흥자생수목원,125,양주 2024_03.csv,자연관광,자연공원
양주,2024,3,2024-03,77,경기도,양주시,삼숭생활체육공원,122,양주 2024_03.csv,문화관광,도시공원
양주,2024,3,2024-03,78,경기도,양주시,티제이풋살파크,121,양주 2024_03.csv,레저스포츠,기타레저스포츠
양주,2024,3,2024-03,78,경기도,양주시,덕계공원,121,양주 2024_03.csv,문화관광,도시공원
양주,2024,3,2024-03,80,경기도,양주시,불곡산,118,양주 2024_03.csv,자연관광,자연경관(산)
양주,2024,3,2024-03,81,경기도,양주시,조소앙선생기념관,114,양주 2024_03.csv,문화관광,전시시설
양주,2024,3,2024-03,82,경기도,양주시,신천생활체육공원축구장,108,양주 2024_03.csv,문화관광,레저스포츠시설
양주,2024,3,2024-03,82,경기도,양주시,금바위저수지,108,양주 2024_03.csv,자연관광,자연경관(하천/해양)
양주,2024,3,2024-03,84,경기도,양주시,남경수목원,107,양주 2024_03.csv,체험관광,농/산/어촌체험
양주,2024,3,2024-03,85,경기도,양주시,엄상마을문화거리,105,양주 2024_03.csv,문화관광,테마공원
양주,2024,3,2024-03,86,경기도,양주시,후니버설스튜디오,103,양주 2024_03.csv,문화관광,전시시설
양주,2024,3,2024-03,87,경기도,양주시,아지트배드민턴,102,양주 2024_03.csv,레저스포츠,기타레저스포츠
양주,2024,3,2024-03,88,경기도,양주시,한국축구센터,99,양주 2024_03.csv,문화관광,레저스포츠시설
양주,2024,3,2024-03,89,경기도,양주시,샘내고개,98,양주 2024_03.csv,자연관광,자연경관(산)
양주,2024,3,2024-03,90,경기도,양주시,북한산국립공원오봉탐방지원센터,97,양주 2024_03.csv,기타관광,기타관광
양주,2024,3,2024-03,91,경기도,양주시,송추원각사,93,양주 2024_03.csv,역사관광,종교성지
양주,2024,3,2024-03,91,경기도,양주시,원더풀키즈수영장,93,양주 2024_03.csv,문화관광,테마공원
양주,2024,3,2024-03,93,경기도,양주시,북한산국립공원교현탐방지원센터,85,양주 2024_03.csv,기타관광,기타관광
양주,2024,3,2024-03,94,경기도,양주시,연곡저수지,82,양주 2024_03.csv,자연관광,자연경관(하천/해양)
양주,2024,3,2024-03,94,경기도,양주시,못말낚시터,82,양주 2024_03.csv,레저스포츠,수상레저스포츠
양주,2024,3,2024-03,94,경기도,양주시,나비랑키즈카페,82,양주 2024_03.csv,문화관광,테마공원
양주,2024,3,2024-03,97,경기도,양주시,육지장사,77,양주 2024_03.csv,역사관광,종교성지
양주,2024,3,2024-03,98,경기도,양주시,백석생활체육공원야구장,76,양주 2024_03.csv,문화관광,레저스포츠시설
양주,2024,3,2024-03,99,경기도,양주시,삼훈행복농원,74,양주 2024_03.csv,체험관광,농/산/어촌체험
양주,2024,3,2024-03,100,경기도,양주시,장흥조각공원,73,양주 2024_03.csv,문화관광,도시공원
양주,2024,3,2024-03,101,경기도,양주시,백화암,72,양주 2024_03.csv,역사관광,종교성지
양주,2024,3,2024-03,102,경기도,양주시,양주유수풀파크&바베큐장,69,양주 2024_03.csv,문화관광,테마공원
양주,2024,3,2024-03,103,경기도,양주시,화담정사,65,양주 2024_03.csv,역사관광,종교성지
양주,2024,3,2024-03,104,경기도,양주시,양주풋살파크제2구장,63,양주 2024_03.csv,레저스포츠,기타레저스포츠
양주,2024,3,2024-03,104,경기도,양주시,클라임크루,63,양주 2024_03.csv,레저스포츠,기타레저스포츠
양주,2024,3,2024-03,104,경기도,양주시,나리공원물놀이장,63,양주 2024_03.csv,문화관광,테마공원
양주,2024,3,2024-03,104,경기도,양주시,마리조아승마클럽,63,양주 2024_03.csv,레저스포츠,육상레저스포츠
양주,2024,3,2024-03,108,경기도,양주시,강호이앤티,62,양주 2024_03.csv,레저스포츠,기타레저스포츠
양주,2024,3,2024-03,108,경기도,양주시,위바운스,62,양주 2024_03.csv,문화관광,테마공원
양주,2024,3,2024-03,110,경기도,양주시,원당낚시터,61,양주 2024_03.csv,레저스포츠,수상레저스포츠
양주,2024,3,2024-03,111,경기도,양주시,에코야구장,60,양주 2024_03.csv,문화관광,레저스포츠시설
양주,2024,3,2024-03,112,경기도,양주시,광사낚시터,59,양주 2024_03.csv,레저스포츠,수상레저스포츠
양주,2024,3,2024-03,113,경기도,양주시,광적생활체육공원,58,양주 2024_03.csv,문화관광,도시공원
양주,2024,3,2024-03,114,경기도,양주시,북한산둘레길13구간,53,양주 2024_03.csv,레저스포츠,기타레저스포츠
양주,2024,3,2024-03,115,경기도,양주시,연화사,52,양주 2024_03.csv,역사관광,종교성지
양주,2024,3,2024-03,116,경기도,양주시,비암사,51,양주 2024_03.csv,역사관광,종교성지
양주,2024,3,2024-03,117,경기도,양주시,안상철미술관,48,양주 2024_03.csv,문화관광,전시시설
양주,2024,3,2024-03,118,경기도,양주시,권율장군묘,47,양주 2024_03.csv,역사관광,역사유적지
양주,2024,3,2024-03,119,경기도,양주시,양주시립민복진미술관,44,양주 2024_03.csv,문화관광,전시시설
양주,2024,3,2024-03,120,경기도,양주시,덕정시장,43,양주 2024_03.csv,쇼핑,시장
양주,2024,3,2024-03,120,경기도,양주시,대승사,43,양주 2024_03.csv,역사관광,종교성지
양주,2024,3,2024-03,120,경기도,양주시,백석생활체육공원축구장,43,양주 2024_03.csv,문화관광,레저스포츠시설
양주,2024,3,2024-03,123,경기도,양주시,신흥레저타운,42,양주 2024_03.csv,레저스포츠,기타레저스포츠
양주,2024,3,2024-03,123,경기도,양주시,타겟28실내양궁장,42,양주 2024_03.csv,레저스포츠,육상레저스포츠
양주,2024,3,2024-03,125,경기도,양주시,장흥자연휴양림,40,양주 2024_03.csv,자연관광,자연공원
양주,2024,3,2024-03,126,경기도,양주시,봉암낚시터,39,양주 2024_03.csv,레저스포츠,수상레저스포츠
양주,2024,3,2024-03,127,경기도,양주시,하늘물공원,38,양주 2024_03.csv,문화관광,도시공원
양주,2024,3,2024-03,128,경기도,양주시,가나1아뜰리에,37,양주 2024_03.csv,문화관광,기타문화관광지
양주,2024,3,2024-03,128,경기도,양주시,일영낚시터,37,양주 2024_03.csv,레저스포츠,수상레저스포츠
양주,2024,3,2024-03,130,경기도,양주시,아름다운비행,36,양주 2024_03.csv,문화관광,전시시설
양주,2024,3,2024-03,131,경기도,양주시,양주향교,35,양주 2024_03.csv,역사관광,역사유적지
양주,2024,3,2024-03,132,경기도,양주시,원각폭포,34,양주 2024_03.csv,자연관광,자연경관(산)
양주,2024,3,2024-03,133,경기도,양주시,어둔리남방낚시터,32,양주 2024_03.csv,레저스포츠,수상레저스포츠
양주,2024,3,2024-03,134,경기도,양주시,백석배수지생활체육공원,30,양주 2024_03.csv,문화관광,도시공원
양주,2024,3,2024-03,135,경기도,양주시,가나2아뜰리에,29,양주 2024_03.csv,문화관광,기타문화관광지
양주,2024,3,2024-03,136,경기도,양주시,광적생활체육공원축구장,28,양주 2024_03.csv,문화관광,레저스포츠시설
양주,2024,3,2024-03,136,경기도,양주시,양주시립장욱진미술관통합매표소,28,양주 2024_03.csv,문화관광,복합관광시설
양주,2024,3,2024-03,138,경기도,양주시,아트휠즈,27,양주 2024_03.csv,레저스포츠,육상레저스포츠
양주,2024,3,2024-03,138,경기도,양주시,베이스캠프,27,양주 2024_03.csv,레저스포츠,기타레저스포츠
양주,2024,3,2024-03,138,경기도,양주시,777레지던스,27,양주 2024_03.csv,문화관광,전시시설
양주,2024,3,2024-03,141,경기도,양주시,공차실내풋살,26,양주 2024_03.csv,문화관광,레저스포츠시설
양주,2024,3,2024-03,141,경기도,양주시,송추아트밸리,26,양주 2024_03.csv,문화관광,도시공원
양주,2024,3,2024-03,141,경기도,양주시,효촌리낚시터,26,양주 2024_03.csv,레저스포츠,수상레저스포츠
양주,2024,3,2024-03,144,경기도,양주시,그랜드유원지,25,양주 2024_03.csv,기타관광,기타관광
양주,2024,3,2024-03,144,경기도,양주시,송추다보사,25,양주 2024_03.csv,역사관광,종교성지
양주,2024,3,2024-03,146,경기도,양주시,양주시종합관광안내센터,23,양주 2024_03.csv,기타관광,기타관광
양주,2024,3,2024-03,147,경기도,양주시,원더키즈,22,양주 2024_03.csv,문화관광,테마공원
양주,2024,3,2024-03,147,경기도,양주시,양주천보산림욕장,22,양주 2024_03.csv,자연관광,자연공원
양주,2024,3,2024-03,147,경기도,양주시,오상갤러리,22,양주 2024_03.csv,문화관광,전시시설
양주,2024,3,2024-03,150,경기도,양주시,홍복저수지,21,양주 2024_03.csv,자연관광,자연경관(하천/해양)
양주,2024,3,2024-03,150,경기도,양주시,베스트패밀리리그구장,21,양주 2024_03.csv,문화관광,레저스포츠시설
양주,2024,3,2024-03,152,경기도,양주시,천불사,20,양주 2024_03.csv,역사관광,종교성지
양주,2024,3,2024-03,153,경기도,양주시,은현피싱타운,19,양주 2024_03.csv,레저스포츠,수상레저스포츠
양주,2024,3,2024-03,153,경기도,양주시,쿠키팜,19,양주 2024_03.csv,체험관광,공예체험
양주,2024,3,2024-03,153,경기도,양주시,모자농원,19,양주 2024_03.csv,체험관광,농/산/어촌체험
양주,2024,3,2024-03,153,경기도,양주시,양주시티즌축구클럽,19,양주 2024_03.csv,문화관광,레저스포츠시설
양주,2024,3,2024-03,157,경기도,양주시,백인걸선생묘,18,양주 2024_03.csv,역사관광,역사유적지
양주,2024,3,2024-03,157,경기도,양주시,윤성에프앤비양주물류센터,18,양주 2024_03.csv,레저스포츠,수상레저스포츠
양주,2024,3,2024-03,157,경기도,양주시,스카이워터파크,18,양주 2024_03.csv,문화관광,테마공원
양주,2024,3,2024-03,157,경기도,양주시,나리공원파크골프장,18,양주 2024_03.csv,레저스포츠,육상레저스포츠
양주,2024,3,2024-03,161,경기도,양주시,양주시감동VR체험관,16,양주 2024_03.csv,레저스포츠,기타레저스포츠
양주,2024,3,2024-03,161,경기도,양주시,신산장,16,양주 2024_03.csv,쇼핑,시장
양주,2024,3,2024-03,161,경기도,양주시,살구골낚시터,16,양주 2024_03.csv,레저스포츠,수상레저스포츠
양주,2024,3,2024-03,164,경기도,양주시,송암천문대,15,양주 2024_03.csv,기타관광,기타관광
양주,2024,3,2024-03,164,경기도,양주시,백석생활체육공원리틀야구장,15,양주 2024_03.csv,문화관광,레저스포츠시설
양주,2024,3,2024-03,166,경기도,양주시,부흥사,13,양주 2024_03.csv,역사관광,종교성지
양주,2024,3,2024-03,166,경기도,양주시,보타사,13,양주 2024_03.csv,역사관광,종교성지
양주,2024,3,2024-03,168,경기도,양주시,양주남면의느티나무,12,양주 2024_03.csv,역사관광,역사유적지
양주,2024,3,2024-03,168,경기도,양주시,백수현전통가옥,12,양주 2024_03.csv,역사관광,역사유적지
양주,2024,3,2024-03,168,경기도,양주시,동산가든낚시터,12,양주 2024_03.csv,레저스포츠,수상레저스포츠
양주,2024,3,2024-03,171,경기도,양주시,양주인공암벽장,11,양주 2024_03.csv,레저스포츠,기타레저스포츠
양주,2024,3,2024-03,171,경기도,양주시,씨알농장,11,양주 2024_03.csv,체험관광,농/산/어촌체험
양주,2024,3,2024-03,171,경기도,양주시,정절사,11,양주 2024_03.csv,역사관광,역사유물
양주,2024,3,2024-03,171,경기도,양주시,가납시장,11,양주 2024_03.csv,쇼핑,시장
양주,2024,3,2024-03,171,경기도,양주시,양주시 현충탑,11,양주 2024_03.csv,역사관광,역사유물
양주,2024,3,2024-03,171,경기도,양주시,양주산성야구장,11,양주 2024_03.csv,문화관광,레저스포츠시설
양주,2024,3,2024-03,171,경기도,양주시,여성봉,11,양주 2024_03.csv,자연관광,자연경관(산)
양주,2024,3,2024-03,178,경기도,양주시,무아메메폴댄스,10,양주 2024_03.csv,레저스포츠,기타레저스포츠
양주,2024,3,2024-03,178,경기도,양주시,해유령전첩지,10,양주 2024_03.csv,역사관광,역사유적지
양주,2024,3,2024-03,178,경기도,양주시,양주시 광적면 송구래미,10,양주 2024_03.csv,문화관광,도시/지역문화관광
양주,2024,3,2024-03,181,경기도,양주시,장흥계곡,9,양주 2024_03.csv,자연관광,자연경관(산)
양주,2024,3,2024-03,181,경기도,양주시,싱싱자전거마을테마공원,9,양주 2024_03.csv,기타관광,기타관광
양주,2024,3,2024-03,181,경기도,양주시,덕수레저타운,9,양주 2024_03.csv,레저스포츠,기타레저스포츠
양주,2024,3,2024-03,181,경기도,양주시,노고산주말농장,9,양주 2024_03.csv,체험관광,농/산/어촌체험
양주,2024,3,2024-03,181,경기도,양주시,호국비룡사,9,양주 2024_03.csv,역사관광,종교성지
양주,2024,3,2024-03,181,경기도,양주시,도락산,9,양주 2024_03.csv,자연관광,자연경관(산)
양주,2024,3,2024-03,187,경기도,양주시,홍죽산업단지근린공원,8,양주 2024_03.csv,문화관광,도시공원
양주,2024,3,2024-03,187,경기도,양주시,리틀웨일키즈풀파티룸,8,양주 2024_03.csv,문화관광,테마공원
양주,2024,3,2024-03,187,경기도,양주시,기산리유원지,8,양주 2024_03.csv,문화관광,복합관광시설
양주,2024,3,2024-03,187,경기도,양주시,덕계낚시터,8,양주 2024_03.csv,레저스포츠,수상레저스포츠
양주,2024,3,2024-03,187,경기도,양주시,효진푸드,8,양주 2024_03.csv,쇼핑,시장
양주,2024,3,2024-03,187,경기도,양주시,황뱅이수변산책로,8,양주 2024_03.csv,레저스포츠,기타레저스포츠
양주,2024,3,2024-03,187,경기도,양주시,나눔갤러리블루,8,양주 2024_03.csv,문화관광,전시시설
양주,2024,3,2024-03,194,경기도,양주시,나누리근린공원,7,양주 2024_03.csv,문화관광,도시공원
양주,2024,3,2024-03,194,경기도,양주시,오림피아수영장,7,양주 2024_03.csv,문화관광,테마공원
양주,2024,3,2024-03,194,경기도,양주시,두래농원,7,양주 2024_03.csv,체험관광,농/산/어촌체험
양주,2024,3,2024-03,194,경기도,양주시,고령산,7,양주 2024_03.csv,자연관광,자연경관(산)
양주,2024,3,2024-03,198,경기도,양주시,신흥레저워터월드,6,양주 2024_03.csv,문화관광,테마공원
양주,2024,3,2024-03,198,경기도,양주시,수월사,6,양주 2024_03.csv,역사관광,종교성지
양주,2024,3,2024-03,198,경기도,양주시,무호정,6,양주 2024_03.csv,레저스포츠,육상레저스포츠
양주,2024,3,2024-03,198,경기도,양주시,혜암정사,6,양주 2024_03.csv,역사관광,종교성지
양주,2024,3,2024-03,198,경기도,양주시,각명사,6,양주 2024_03.csv,역사관광,종교성지
양주,2024,3,2024-03,198,경기도,양주시,마하보디사,6,양주 2024_03.csv,역사관광,종교성지
양주,2024,3,2024-03,198,경기도,양주시,양주농촌테마공원,6,양주 2024_03.csv,문화관광,도시공원
양주,2024,3,2024-03,205,경기도,양주시,토리근린공원,5,양주 2024_03.csv,문화관광,도시공원
양주,2024,3,2024-03,205,경기도,양주시,사명복싱한양3차신도점,5,양주 2024_03.csv,레저스포츠,기타레저스포츠
양주,2024,3,2024-03,207,경기도,양주시,나리다육,4,양주 2024_03.csv,체험관광,농/산/어촌체험
양주,2024,3,2024-03,207,경기도,양주시,기산낚시터,4,양주 2024_03.csv,레저스포츠,수상레저스포츠
양주,2024,3,2024-03,207,경기도,양주시,한마음청소년수련원수영장,4,양주 2024_03.csv,문화관광,테마공원
양주,2024,3,2024-03,207,경기도,양주시,동광정사,4,양주 2024_03.csv,역사관광,종교성지
양주,2024,3,2024-03,207,경기도,양주시,연이공방,4,양주 2024_03.csv,체험관광,공예체험
양주,2024,3,2024-03,207,경기도,양주시,쌍용사,4,양주 2024_03.csv,역사관광,종교성지
양주,2024,3,2024-03,207,경기도,양주시,문수사,4,양주 2024_03.csv,역사관광,종교성지
양주,2024,3,2024-03,207,경기도,양주시,신상호스튜디오,4,양주 2024_03.csv,문화관광,전시시설
양주,2024,3,2024-03,215,경기도,양주시,신암지,3,양주 2024_03.csv,자연관광,자연경관(하천/해양)
양주,2024,3,2024-03,215,경기도,양주시,양주블루베리농장,3,양주 2024_03.csv,체험관광,농/산/어촌체험
양주,2024,3,2024-03,215,경기도,양주시,진영농장,3,양주 2024_03.csv,체험관광,농/산/어촌체험
양주,2024,3,2024-03,215,경기도,양주시,코스박스튜디오,3,양주 2024_03.csv,체험관광,공예체험
양주,2024,3,2024-03,215,경기도,양주시,용암낚시터,3,양주 2024_03.csv,레저스포츠,수상레저스포츠
양주,2024,3,2024-03,215,경기도,양주시,MMA STORY양주점,3,양주 2024_03.csv,레저스포츠,기타레저스포츠
양주,2024,3,2024-03,215,경기도,양주시,옹달샘농원,3,양주 2024_03.csv,체험관광,농/산/어촌체험
양주,2024,3,2024-03,215,경기도,양주시,투혼정심관양주지부,3,양주 2024_03.csv,레저스포츠,기타레저스포츠
양주,2024,3,2024-03,215,경기도,양주시,석우근린공원,3,양주 2024_03.csv,문화관광,도시공원
양주,2024,3,2024-03,215,경기도,양주시,봉우근린공원,3,양주 2024_03.csv,문화관광,도시공원
양주,2024,3,2024-03,215,경기도,양주시,보메기낚시터,3,양주 2024_03.csv,레저스포츠,수상레저스포츠
양주,2024,3,2024-03,215,경기도,양주시,장흥관광지관리사무소,3,양주 2024_03.csv,문화관광,도시공원
양주,2024,3,2024-03,215,경기도,양주시,봉암월드프라자,3,양주 2024_03.csv,문화관광,기타문화관광지
양주,2024,3,2024-03,215,경기도,양주시,대장금눈썰매장,3,양주 2024_03.csv,레저스포츠,육상레저스포츠
양주,2024,3,2024-03,215,경기도,양주시,사패산송추방면,3,양주 2024_03.csv,자연관광,자연경관(산)
양주,2024,3,2024-03,215,경기도,양주시,양주조은농장,3,양주 2024_03.csv,체험관광,농/산/어촌체험
양주,2024,3,2024-03,215,경기도,양주시,도하저수지,3,양주 2024_03.csv,자연관광,자연경관(하천/해양)
양주,2024,3,2024-03,215,경기도,양주시,원학농장,3,양주 2024_03.csv,체험관광,농/산/어촌체험
양주,2024,3,2024-03,215,경기도,양주시,삼수니농장,3,양주 2024_03.csv,체험관광,농/산/어촌체험
양주,2024,3,2024-03,215,경기도,양주시,장흥버섯농장,3,양주 2024_03.csv,체험관광,농/산/어촌체험
양주,2024,3,2024-03,215,경기도,양주시,송추로얄암반수수영장,3,양주 2024_03.csv,문화관광,테마공원
양주,2024,3,2024-03,215,경기도,양주시,일영랜드수영장,3,양주 2024_03.csv,문화관광,테마공원
양주,2024,3,2024-03,215,경기도,양주시,군남농장,3,양주 2024_03.csv,체험관광,농/산/어촌체험
양주,2024,3,2024-03,215,경기도,양주시,낙락저수지,3,양주 2024_03.csv,자연관광,자연경관(하천/해양)
양주,2024,3,2024-03,215,경기도,양주시,양주고읍유도체육관,3,양주 2024_03.csv,레저스포츠,기타레저스포츠
양주,2024,3,2024-03,215,경기도,양주시,광운정사,3,양주 2024_03.csv,역사관광,종교성지
양주,2024,3,2024-03,215,경기도,양주시,엄마네텃밭,3,양주 2024_03.csv,체험관광,농/산/어촌체험
양주,2024,3,2024-03,215,경기도,양주시,돌고개,3,양주 2024_03.csv,자연관광,자연경관(산)
양주,2024,4,2024-04,1,경기도,양주시,LF스퀘어양주점,11756,양주 2024_04.csv,쇼핑,쇼핑몰
양주,2024,4,2024-04,2,경기도,양주시,레이크우드CC,9526,양주 2024_04.csv,레저스포츠,육상레저스포츠
양주,2024,4,2024-04,3,경기도,양주시,송추CC,3992,양주 2024_04.csv,레저스포츠,육상레저스포츠
양주,2024,4,2024-04,4,경기도,양주시,송추계곡,2497,양주 2024_04.csv,자연관광,자연경관(산)
양주,2024,4,2024-04,5,경기도,양주시,루이힐스CC,2261,양주 2024_04.csv,레저스포츠,육상레저스포츠
양주,2024,4,2024-04,6,경기도,양주시,두리랜드,1896,양주 2024_04.csv,문화관광,테마공원
양주,2024,4,2024-04,7,경기도,양주시,장흥관광지,1816,양주 2024_04.csv,문화관광,복합관광시설
양주,2024,4,2024-04,8,경기도,양주시,양주시립장욱진미술관,1377,양주 2024_04.csv,문화관광,전시시설
양주,2024,4,2024-04,9,경기도,양주시,기산저수지,1327,양주 2024_04.csv,자연관광,자연경관(하천/해양)
양주,2024,4,2024-04,10,경기도,양주시,백석생활체육공원,1166,양주 2024_04.csv,문화관광,도시공원
양주,2024,4,2024-04,11,경기도,양주시,옥정체육공원,893,양주 2024_04.csv,문화관광,도시공원
양주,2024,4,2024-04,12,경기도,양주시,가래비만세시장,892,양주 2024_04.csv,쇼핑,시장
양주,2024,4,2024-04,13,경기도,양주시,가나아트파크,884,양주 2024_04.csv,문화관광,전시시설
양주,2024,4,2024-04,14,경기도,양주시,메가박스양주,828,양주 2024_04.csv,문화관광,공연시설
양주,2024,4,2024-04,15,경기도,양주시,장흥자동차극장,819,양주 2024_04.csv,문화관광,공연시설
양주,2024,4,2024-04,16,경기도,양주시,일영유원지,803,양주 2024_04.csv,문화관광,복합관광시설
양주,2024,4,2024-04,17,경기도,양주시,송추역,801,양주 2024_04.csv,기타관광,교통시설
양주,2024,4,2024-04,18,경기도,양주시,나리농원,696,양주 2024_04.csv,체험관광,농/산/어촌체험
양주,2024,4,2024-04,19,경기도,양주시,남경수목원,678,양주 2024_04.csv,체험관광,농/산/어촌체험
양주,2024,4,2024-04,20,경기도,양주시,헤세의정원,604,양주 2024_04.csv,문화관광,기타문화관광지
양주,2024,4,2024-04,21,경기도,양주시,딱따구리청소년수련원,550,양주 2024_04.csv,레저스포츠,육상레저스포츠
양주,2024,4,2024-04,22,경기도,양주시,국립아세안자연휴양림,538,양주 2024_04.csv,자연관광,자연공원
양주,2024,4,2024-04,23,경기도,양주시,양주별산대놀이마당,532,양주 2024_04.csv,문화관광,기타문화관광지
양주,2024,4,2024-04,24,경기도,양주시,VIP야구장,479,양주 2024_04.csv,문화관광,레저스포츠시설
양주,2024,4,2024-04,25,경기도,양주시,고덕생활체육공원,466,양주 2024_04.csv,문화관광,도시공원
양주,2024,4,2024-04,26,경기도,양주시,장흥생활체육공원,462,양주 2024_04.csv,문화관광,도시공원
양주,2024,4,2024-04,27,경기도,양주시,TBS도봉산축구장,460,양주 2024_04.csv,문화관광,레저스포츠시설
양주,2024,4,2024-04,28,경기도,양주시,장흥자생수목원,458,양주 2024_04.csv,자연관광,자연공원
양주,2024,4,2024-04,29,경기도,양주시,어둔리저수지,429,양주 2024_04.csv,자연관광,자연경관(하천/해양)
양주,2024,4,2024-04,30,경기도,양주시,신천생활체육공원,427,양주 2024_04.csv,문화관광,도시공원
양주,2024,4,2024-04,31,경기도,양주시,청련사,411,양주 2024_04.csv,역사관광,종교성지
양주,2024,4,2024-04,32,경기도,양주시,칠봉산CC,406,양주 2024_04.csv,레저스포츠,육상레저스포츠
양주,2024,4,2024-04,33,경기도,양주시,봉암저수지,398,양주 2024_04.csv,자연관광,자연경관(하천/해양)
양주,2024,4,2024-04,33,경기도,양주시,신암낚시터,398,양주 2024_04.csv,레저스포츠,수상레저스포츠
양주,2024,4,2024-04,35,경기도,양주시,옥정체육공원축구장,397,양주 2024_04.csv,문화관광,레저스포츠시설
양주,2024,4,2024-04,36,경기도,양주시,옥정배수지체육공원,392,양주 2024_04.csv,문화관광,도시공원
양주,2024,4,2024-04,37,경기도,양주시,일영역,389,양주 2024_04.csv,기타관광,교통시설
양주,2024,4,2024-04,38,경기도,양주시,효촌저수지,388,양주 2024_04.csv,자연관광,자연경관(하천/해양)
양주,2024,4,2024-04,39,경기도,양주시,송암스페이스센터,383,양주 2024_04.csv,기타관광,기타관광
양주,2024,4,2024-04,40,경기도,양주시,양주관아지,376,양주 2024_04.csv,역사관광,역사유적지
양주,2024,4,2024-04,41,경기도,양주시,원당저수지,370,양주 2024_04.csv,자연관광,자연경관(하천/해양)
양주,2024,4,2024-04,42,경기도,양주시,장자원낚시터,359,양주 2024_04.csv,레저스포츠,수상레저스포츠
양주,2024,4,2024-04,43,경기도,양주시,조명박물관,354,양주 2024_04.csv,문화관광,전시시설
양주,2024,4,2024-04,44,경기도,양주시,MBP리그,345,양주 2024_04.csv,문화관광,레저스포츠시설
양주,2024,4,2024-04,44,경기도,양주시,멜버른승마장,345,양주 2024_04.csv,레저스포츠,육상레저스포츠
양주,2024,4,2024-04,46,경기도,양주시,양주테크노풋살센터,338,양주 2024_04.csv,레저스포츠,기타레저스포츠
양주,2024,4,2024-04,47,경기도,양주시,스카이야구장,315,양주 2024_04.csv,문화관광,레저스포츠시설
양주,2024,4,2024-04,48,경기도,양주시,공존풋살파크양주점,304,양주 2024_04.csv,문화관광,레저스포츠시설
양주,2024,4,2024-04,49,경기도,양주시,한성승마클럽,300,양주 2024_04.csv,레저스포츠,육상레저스포츠
양주,2024,4,2024-04,50,경기도,양주시,양주베이스볼파크,283,양주 2024_04.csv,문화관광,레저스포츠시설
양주,2024,4,2024-04,51,경기도,양주시,장흥돌고개유원지,278,양주 2024_04.csv,문화관광,복합관광시설
양주,2024,4,2024-04,52,경기도,양주시,토도,276,양주 2024_04.csv,문화관광,테마공원
양주,2024,4,2024-04,53,경기도,양주시,장흥역,261,양주 2024_04.csv,기타관광,교통시설
양주,2024,4,2024-04,54,경기도,양주시,장흥축구장,251,양주 2024_04.csv,문화관광,레저스포츠시설
양주,2024,4,2024-04,54,경기도,양주시,양주시승마장,251,양주 2024_04.csv,레저스포츠,육상레저스포츠
양주,2024,4,2024-04,56,경기도,양주시,삼하낚시터,244,양주 2024_04.csv,레저스포츠,수상레저스포츠
양주,2024,4,2024-04,57,경기도,양주시,광백저수지,243,양주 2024_04.csv,자연관광,자연경관(하천/해양)
양주,2024,4,2024-04,58,경기도,양주시,송추낚시터,240,양주 2024_04.csv,레저스포츠,수상레저스포츠
양주,2024,4,2024-04,58,경기도,양주시,청암민속박물관,240,양주 2024_04.csv,문화관광,전시시설
양주,2024,4,2024-04,60,경기도,양주시,더콕배드민턴레슨센터,237,양주 2024_04.csv,레저스포츠,기타레저스포츠
양주,2024,4,2024-04,60,경기도,양주시,고읍축구장,237,양주 2024_04.csv,문화관광,레저스포츠시설
양주,2024,4,2024-04,62,경기도,양주시,양주시청소년수련원,231,양주 2024_04.csv,레저스포츠,육상레저스포츠
양주,2024,4,2024-04,63,경기도,양주시,양주팬텀실내풋살장,230,양주 2024_04.csv,레저스포츠,기타레저스포츠
양주,2024,4,2024-04,64,경기도,양주시,장흥야구장,223,양주 2024_04.csv,문화관광,레저스포츠시설
양주,2024,4,2024-04,65,경기도,양주시,하나농원,220,양주 2024_04.csv,체험관광,농/산/어촌체험
양주,2024,4,2024-04,66,경기도,양주시,ND야구장,211,양주 2024_04.csv,문화관광,레저스포츠시설
양주,2024,4,2024-04,67,경기도,양주시,덕계저수지,205,양주 2024_04.csv,자연관광,자연경관(하천/해양)
양주,2024,4,2024-04,67,경기도,양주시,양주풋살파크제1구장,205,양주 2024_04.csv,문화관광,레저스포츠시설
양주,2024,4,2024-04,67,경기도,양주시,대원정사,205,양주 2024_04.csv,역사관광,종교성지
양주,2024,4,2024-04,67,경기도,양주시,헬로방방양주점,205,양주 2024_04.csv,문화관광,테마공원
양주,2024,4,2024-04,71,경기도,양주시,EP베이스볼파크,192,양주 2024_04.csv,문화관광,레저스포츠시설
양주,2024,4,2024-04,72,경기도,양주시,후니버설스튜디오,191,양주 2024_04.csv,문화관광,전시시설
양주,2024,4,2024-04,73,경기도,양주시,지장사,189,양주 2024_04.csv,역사관광,종교성지
양주,2024,4,2024-04,74,경기도,양주시,백석생활체육공원야구장,182,양주 2024_04.csv,문화관광,레저스포츠시설
양주,2024,4,2024-04,75,경기도,양주시,신산리공원,170,양주 2024_04.csv,문화관광,도시공원
양주,2024,4,2024-04,75,경기도,양주시,백석생활체육공원축구장,170,양주 2024_04.csv,문화관광,레저스포츠시설
양주,2024,4,2024-04,77,경기도,양주시,티제이풋살파크,168,양주 2024_04.csv,레저스포츠,기타레저스포츠
양주,2024,4,2024-04,78,경기도,양주시,온릉,161,양주 2024_04.csv,역사관광,역사유적지
양주,2024,4,2024-04,79,경기도,양주시,연화사,160,양주 2024_04.csv,역사관광,종교성지
양주,2024,4,2024-04,80,경기도,양주시,장흥조각공원,158,양주 2024_04.csv,문화관광,도시공원
양주,2024,4,2024-04,80,경기도,양주시,금바위저수지,158,양주 2024_04.csv,자연관광,자연경관(하천/해양)
양주,2024,4,2024-04,82,경기도,양주시,나리공원파크골프장,150,양주 2024_04.csv,레저스포츠,육상레저스포츠
양주,2024,4,2024-04,83,경기도,양주시,덕계공원,141,양주 2024_04.csv,문화관광,도시공원
양주,2024,4,2024-04,84,경기도,양주시,조소앙선생기념관,139,양주 2024_04.csv,문화관광,전시시설
양주,2024,4,2024-04,84,경기도,양주시,신천생활체육공원축구장,139,양주 2024_04.csv,문화관광,레저스포츠시설
양주,2024,4,2024-04,86,경기도,양주시,씽씽롤러스케이트장,128,양주 2024_04.csv,레저스포츠,육상레저스포츠
양주,2024,4,2024-04,86,경기도,양주시,못말낚시터,128,양주 2024_04.csv,레저스포츠,수상레저스포츠
양주,2024,4,2024-04,88,경기도,양주시,그랜드유원지,127,양주 2024_04.csv,기타관광,기타관광
양주,2024,4,2024-04,89,경기도,양주시,석굴암,122,양주 2024_04.csv,역사관광,종교성지
양주,2024,4,2024-04,90,경기도,양주시,고려대학교송추야구장,114,양주 2024_04.csv,문화관광,레저스포츠시설
양주,2024,4,2024-04,91,경기도,양주시,한국축구센터,109,양주 2024_04.csv,문화관광,레저스포츠시설
양주,2024,4,2024-04,92,경기도,양주시,광사낚시터,107,양주 2024_04.csv,레저스포츠,수상레저스포츠
양주,2024,4,2024-04,93,경기도,양주시,북한산국립공원오봉탐방지원센터,105,양주 2024_04.csv,기타관광,기타관광
양주,2024,4,2024-04,94,경기도,양주시,불곡산,104,양주 2024_04.csv,자연관광,자연경관(산)
양주,2024,4,2024-04,95,경기도,양주시,샘내고개,101,양주 2024_04.csv,자연관광,자연경관(산)
양주,2024,4,2024-04,96,경기도,양주시,클라임크루,97,양주 2024_04.csv,레저스포츠,기타레저스포츠
양주,2024,4,2024-04,96,경기도,양주시,육지장사,97,양주 2024_04.csv,역사관광,종교성지
양주,2024,4,2024-04,98,경기도,양주시,삼숭생활체육공원,96,양주 2024_04.csv,문화관광,도시공원
양주,2024,4,2024-04,99,경기도,양주시,양주풋살파크제2구장,90,양주 2024_04.csv,레저스포츠,기타레저스포츠
양주,2024,4,2024-04,100,경기도,양주시,백석배수지생활체육공원,87,양주 2024_04.csv,문화관광,도시공원
양주,2024,4,2024-04,100,경기도,양주시,원당낚시터,87,양주 2024_04.csv,레저스포츠,수상레저스포츠
양주,2024,4,2024-04,102,경기도,양주시,아름다운비행,83,양주 2024_04.csv,문화관광,전시시설
양주,2024,4,2024-04,102,경기도,양주시,북한산둘레길13구간,83,양주 2024_04.csv,레저스포츠,기타레저스포츠
양주,2024,4,2024-04,104,경기도,양주시,마리조아승마클럽,82,양주 2024_04.csv,레저스포츠,육상레저스포츠
양주,2024,4,2024-04,105,경기도,양주시,송추원각사,80,양주 2024_04.csv,역사관광,종교성지
양주,2024,4,2024-04,105,경기도,양주시,북한산국립공원교현탐방지원센터,80,양주 2024_04.csv,기타관광,기타관광
양주,2024,4,2024-04,107,경기도,양주시,양주시립민복진미술관,79,양주 2024_04.csv,문화관광,전시시설
양주,2024,4,2024-04,107,경기도,양주시,아지트배드민턴,79,양주 2024_04.csv,레저스포츠,기타레저스포츠
양주,2024,4,2024-04,109,경기도,양주시,나리공원물놀이장,77,양주 2024_04.csv,문화관광,테마공원
양주,2024,4,2024-04,110,경기도,양주시,어둔리남방낚시터,76,양주 2024_04.csv,레저스포츠,수상레저스포츠
양주,2024,4,2024-04,110,경기도,양주시,엄상마을문화거리,76,양주 2024_04.csv,문화관광,테마공원
양주,2024,4,2024-04,112,경기도,양주시,안상철미술관,75,양주 2024_04.csv,문화관광,전시시설
양주,2024,4,2024-04,112,경기도,양주시,덕정시장,75,양주 2024_04.csv,쇼핑,시장
양주,2024,4,2024-04,112,경기도,양주시,원더풀키즈수영장,75,양주 2024_04.csv,문화관광,테마공원
양주,2024,4,2024-04,115,경기도,양주시,하얀돌마을정원,68,양주 2024_04.csv,문화관광,도시공원
양주,2024,4,2024-04,115,경기도,양주시,가나2아뜰리에,68,양주 2024_04.csv,문화관광,기타문화관광지
양주,2024,4,2024-04,117,경기도,양주시,양주농촌테마공원,65,양주 2024_04.csv,문화관광,도시공원
양주,2024,4,2024-04,118,경기도,양주시,홍복저수지,63,양주 2024_04.csv,자연관광,자연경관(하천/해양)
양주,2024,4,2024-04,119,경기도,양주시,하늘물공원,61,양주 2024_04.csv,문화관광,도시공원
양주,2024,4,2024-04,120,경기도,양주시,강호이앤티,58,양주 2024_04.csv,레저스포츠,기타레저스포츠
양주,2024,4,2024-04,120,경기도,양주시,화담정사,58,양주 2024_04.csv,역사관광,종교성지
양주,2024,4,2024-04,122,경기도,양주시,양주향교,55,양주 2024_04.csv,역사관광,역사유적지
양주,2024,4,2024-04,123,경기도,양주시,스트라이크존볼파크양주,53,양주 2024_04.csv,문화관광,레저스포츠시설
양주,2024,4,2024-04,124,경기도,양주시,장흥자연휴양림,52,양주 2024_04.csv,자연관광,자연공원
양주,2024,4,2024-04,125,경기도,양주시,삼훈행복농원,50,양주 2024_04.csv,체험관광,농/산/어촌체험
양주,2024,4,2024-04,126,경기도,양주시,권율장군묘,49,양주 2024_04.csv,역사관광,역사유적지
양주,2024,4,2024-04,127,경기도,양주시,베이스캠프,48,양주 2024_04.csv,레저스포츠,기타레저스포츠
양주,2024,4,2024-04,128,경기도,양주시,덕계낚시터,47,양주 2024_04.csv,레저스포츠,수상레저스포츠
양주,2024,4,2024-04,129,경기도,양주시,송암천문대,46,양주 2024_04.csv,기타관광,기타관광
양주,2024,4,2024-04,129,경기도,양주시,타겟28실내양궁장,46,양주 2024_04.csv,레저스포츠,육상레저스포츠
양주,2024,4,2024-04,131,경기도,양주시,양주천보산림욕장,45,양주 2024_04.csv,자연관광,자연공원
양주,2024,4,2024-04,132,경기도,양주시,백화암,43,양주 2024_04.csv,역사관광,종교성지
양주,2024,4,2024-04,132,경기도,양주시,신흥레저타운,43,양주 2024_04.csv,레저스포츠,기타레저스포츠
양주,2024,4,2024-04,134,경기도,양주시,양주인공암벽장,42,양주 2024_04.csv,레저스포츠,기타레저스포츠
양주,2024,4,2024-04,135,경기도,양주시,대승사,41,양주 2024_04.csv,역사관광,종교성지
양주,2024,4,2024-04,135,경기도,양주시,양주시티즌축구클럽,41,양주 2024_04.csv,문화관광,레저스포츠시설
양주,2024,4,2024-04,137,경기도,양주시,은현피싱타운,39,양주 2024_04.csv,레저스포츠,수상레저스포츠
양주,2024,4,2024-04,137,경기도,양주시,연곡저수지,39,양주 2024_04.csv,자연관광,자연경관(하천/해양)
양주,2024,4,2024-04,137,경기도,양주시,백석생활체육공원리틀야구장,39,양주 2024_04.csv,문화관광,레저스포츠시설
양주,2024,4,2024-04,140,경기도,양주시,백인걸선생묘,38,양주 2024_04.csv,역사관광,역사유적지
양주,2024,4,2024-04,141,경기도,양주시,장흥계곡,36,양주 2024_04.csv,자연관광,자연경관(산)
양주,2024,4,2024-04,141,경기도,양주시,효촌리낚시터,36,양주 2024_04.csv,레저스포츠,수상레저스포츠
양주,2024,4,2024-04,141,경기도,양주시,777레지던스,36,양주 2024_04.csv,문화관광,전시시설
양주,2024,4,2024-04,144,경기도,양주시,나비랑키즈카페,35,양주 2024_04.csv,문화관광,테마공원
양주,2024,4,2024-04,144,경기도,양주시,위바운스,35,양주 2024_04.csv,문화관광,테마공원
양주,2024,4,2024-04,146,경기도,양주시,광적생활체육공원,34,양주 2024_04.csv,문화관광,도시공원
양주,2024,4,2024-04,146,경기도,양주시,봉암낚시터,34,양주 2024_04.csv,레저스포츠,수상레저스포츠
양주,2024,4,2024-04,148,경기도,양주시,덕수레저타운,33,양주 2024_04.csv,레저스포츠,기타레저스포츠
양주,2024,4,2024-04,148,경기도,양주시,스카이워터파크,33,양주 2024_04.csv,문화관광,테마공원
양주,2024,4,2024-04,150,경기도,양주시,기산리유원지,30,양주 2024_04.csv,문화관광,복합관광시설
양주,2024,4,2024-04,150,경기도,양주시,보메기낚시터,30,양주 2024_04.csv,레저스포츠,수상레저스포츠
양주,2024,4,2024-04,150,경기도,양주시,백수현전통가옥,30,양주 2024_04.csv,역사관광,역사유적지
양주,2024,4,2024-04,150,경기도,양주시,양주시립장욱진미술관통합매표소,30,양주 2024_04.csv,문화관광,복합관광시설
양주,2024,4,2024-04,150,경기도,양주시,노고산주말농장,30,양주 2024_04.csv,체험관광,농/산/어촌체험
양주,2024,4,2024-04,155,경기도,양주시,광적생활체육공원축구장,27,양주 2024_04.csv,문화관광,레저스포츠시설
양주,2024,4,2024-04,155,경기도,양주시,비암사,27,양주 2024_04.csv,역사관광,종교성지
양주,2024,4,2024-04,157,경기도,양주시,송추아트밸리,24,양주 2024_04.csv,문화관광,도시공원
양주,2024,4,2024-04,157,경기도,양주시,일영낚시터,24,양주 2024_04.csv,레저스포츠,수상레저스포츠
양주,2024,4,2024-04,159,경기도,양주시,신암지,23,양주 2024_04.csv,자연관광,자연경관(하천/해양)
양주,2024,4,2024-04,159,경기도,양주시,원각폭포,23,양주 2024_04.csv,자연관광,자연경관(산)
양주,2024,4,2024-04,161,경기도,양주시,윤성에프앤비양주물류센터,22,양주 2024_04.csv,레저스포츠,수상레저스포츠
양주,2024,4,2024-04,161,경기도,양주시,동산가든낚시터,22,양주 2024_04.csv,레저스포츠,수상레저스포츠
양주,2024,4,2024-04,161,경기도,양주시,에코야구장,22,양주 2024_04.csv,문화관광,레저스포츠시설
양주,2024,4,2024-04,164,경기도,양주시,살구골낚시터,21,양주 2024_04.csv,레저스포츠,수상레저스포츠
양주,2024,4,2024-04,165,경기도,양주시,양주시종합관광안내센터,19,양주 2024_04.csv,기타관광,기타관광
양주,2024,4,2024-04,165,경기도,양주시,마스터풋볼클럽,19,양주 2024_04.csv,레저스포츠,기타레저스포츠
양주,2024,4,2024-04,167,경기도,양주시,무아메메폴댄스,16,양주 2024_04.csv,레저스포츠,기타레저스포츠
양주,2024,4,2024-04,168,경기도,양주시,신산장,15,양주 2024_04.csv,쇼핑,시장
양주,2024,4,2024-04,168,경기도,양주시,여성봉,15,양주 2024_04.csv,자연관광,자연경관(산)
양주,2024,4,2024-04,168,경기도,양주시,송추다보사,15,양주 2024_04.csv,역사관광,종교성지
양주,2024,4,2024-04,171,경기도,양주시,본주짓수회천점,14,양주 2024_04.csv,레저스포츠,기타레저스포츠
양주,2024,4,2024-04,171,경기도,양주시,양주시감동VR체험관,14,양주 2024_04.csv,레저스포츠,기타레저스포츠
양주,2024,4,2024-04,171,경기도,양주시,양주남면의느티나무,14,양주 2024_04.csv,역사관광,역사유적지
양주,2024,4,2024-04,171,경기도,양주시,해유령전첩지,14,양주 2024_04.csv,역사관광,역사유적지
양주,2024,4,2024-04,171,경기도,양주시,부부관광농원,14,양주 2024_04.csv,체험관광,농/산/어촌체험
양주,2024,4,2024-04,171,경기도,양주시,쌍용사,14,양주 2024_04.csv,역사관광,종교성지
양주,2024,4,2024-04,177,경기도,양주시,가나1아뜰리에,13,양주 2024_04.csv,문화관광,기타문화관광지
양주,2024,4,2024-04,177,경기도,양주시,공차실내풋살,13,양주 2024_04.csv,문화관광,레저스포츠시설
양주,2024,4,2024-04,177,경기도,양주시,마하보디사,13,양주 2024_04.csv,역사관광,종교성지
양주,2024,4,2024-04,177,경기도,양주시,라라의뜰,13,양주 2024_04.csv,체험관광,농/산/어촌체험
양주,2024,4,2024-04,181,경기도,양주시,아트휠즈,12,양주 2024_04.csv,레저스포츠,육상레저스포츠
양주,2024,4,2024-04,181,경기도,양주시,일영랜드수영장,12,양주 2024_04.csv,문화관광,테마공원
양주,2024,4,2024-04,181,경기도,양주시,영산법화사,12,양주 2024_04.csv,역사관광,종교성지
양주,2024,4,2024-04,184,경기도,양주시,은현낚시터,11,양주 2024_04.csv,레저스포츠,수상레저스포츠
양주,2024,4,2024-04,184,경기도,양주시,봉우근린공원,11,양주 2024_04.csv,문화관광,도시공원
양주,2024,4,2024-04,184,경기도,양주시,부흥사,11,양주 2024_04.csv,역사관광,종교성지
양주,2024,4,2024-04,184,경기도,양주시,양주조은농장,11,양주 2024_04.csv,체험관광,농/산/어촌체험
양주,2024,4,2024-04,188,경기도,양주시,홍죽산업단지근린공원,10,양주 2024_04.csv,문화관광,도시공원
양주,2024,4,2024-04,188,경기도,양주시,금빛갤러리,10,양주 2024_04.csv,문화관광,전시시설
양주,2024,4,2024-04,188,경기도,양주시,송암사,10,양주 2024_04.csv,역사관광,종교성지
양주,2024,4,2024-04,188,경기도,양주시,각명사,10,양주 2024_04.csv,역사관광,종교성지
양주,2024,4,2024-04,188,경기도,양주시,가래비빙벽장,10,양주 2024_04.csv,레저스포츠,기타레저스포츠
양주,2024,4,2024-04,193,경기도,양주시,가납시장,9,양주 2024_04.csv,쇼핑,시장
양주,2024,4,2024-04,193,경기도,양주시,양주유수풀파크&바베큐장,9,양주 2024_04.csv,문화관광,테마공원
양주,2024,4,2024-04,193,경기도,양주시,도락산,9,양주 2024_04.csv,자연관광,자연경관(산)
양주,2024,4,2024-04,196,경기도,양주시,용암낚시터,8,양주 2024_04.csv,레저스포츠,수상레저스포츠
양주,2024,4,2024-04,197,경기도,양주시,석우근린공원,7,양주 2024_04.csv,문화관광,도시공원
양주,2024,4,2024-04,197,경기도,양주시,씨알농장,7,양주 2024_04.csv,체험관광,농/산/어촌체험
양주,2024,4,2024-04,197,경기도,양주시,천불사,7,양주 2024_04.csv,역사관광,종교성지
양주,2024,4,2024-04,197,경기도,양주시,장흥한옥수영장,7,양주 2024_04.csv,문화관광,테마공원
양주,2024,4,2024-04,197,경기도,양주시,양주산성야구장,7,양주 2024_04.csv,문화관광,레저스포츠시설
양주,2024,4,2024-04,197,경기도,양주시,동광정사,7,양주 2024_04.csv,역사관광,종교성지
양주,2024,4,2024-04,197,경기도,양주시,보타사,7,양주 2024_04.csv,역사관광,종교성지
양주,2024,4,2024-04,204,경기도,양주시,원주목장,6,양주 2024_04.csv,체험관광,농/산/어촌체험
양주,2024,4,2024-04,204,경기도,양주시,양주농부이범석,6,양주 2024_04.csv,체험관광,농/산/어촌체험
양주,2024,4,2024-04,204,경기도,양주시,경민조경양주지점,6,양주 2024_04.csv,체험관광,농/산/어촌체험
양주,2024,4,2024-04,204,경기도,양주시,양주대모산성,6,양주 2024_04.csv,역사관광,역사유적지
양주,2024,4,2024-04,204,경기도,양주시,도하저수지,6,양주 2024_04.csv,자연관광,자연경관(하천/해양)
양주,2024,4,2024-04,204,경기도,양주시,조소앙선생기념공원,6,양주 2024_04.csv,문화관광,도시공원
양주,2024,4,2024-04,204,경기도,양주시,장흥버섯농장,6,양주 2024_04.csv,체험관광,농/산/어촌체험
양주,2024,4,2024-04,204,경기도,양주시,효진푸드,6,양주 2024_04.csv,쇼핑,시장
양주,2024,4,2024-04,204,경기도,양주시,쿤스트마쿤,6,양주 2024_04.csv,체험관광,공예체험
양주,2024,4,2024-04,204,경기도,양주시,나눔갤러리블루,6,양주 2024_04.csv,문화관광,전시시설
양주,2024,4,2024-04,214,경기도,양주시,토리근린공원,5,양주 2024_04.csv,문화관광,도시공원
양주,2024,4,2024-04,214,경기도,양주시,양주탁구클럽,5,양주 2024_04.csv,레저스포츠,기타레저스포츠
양주,2024,4,2024-04,214,경기도,양주시,기원정사,5,양주 2024_04.csv,역사관광,종교성지
양주,2024,4,2024-04,214,경기도,양주시,대장금눈썰매장,5,양주 2024_04.csv,레저스포츠,육상레저스포츠
양주,2024,4,2024-04,214,경기도,양주시,연화사,5,양주 2024_04.csv,역사관광,종교성지
양주,2024,4,2024-04,214,경기도,양주시,감로사,5,양주 2024_04.csv,역사관광,종교성지
양주,2024,4,2024-04,214,경기도,양주시,묵남지,5,양주 2024_04.csv,자연관광,자연경관(하천/해양)
양주,2024,4,2024-04,221,경기도,양주시,남방어린이공원,4,양주 2024_04.csv,문화관광,도시공원
양주,2024,4,2024-04,221,경기도,양주시,토리근린공원아이누리놀이터,4,양주 2024_04.csv,문화관광,테마공원
양주,2024,4,2024-04,221,경기도,양주시,돌탑테마공원,4,양주 2024_04.csv,문화관광,도시공원
양주,2024,4,2024-04,221,경기도,양주시,오림피아수영장,4,양주 2024_04.csv,문화관광,테마공원
양주,2024,4,2024-04,221,경기도,양주시,양주탁구클럽,4,양주 2024_04.csv,레저스포츠,기타레저스포츠
양주,2024,4,2024-04,221,경기도,양주시,두래농원,4,양주 2024_04.csv,체험관광,농/산/어촌체험
양주,2024,4,2024-04,221,경기도,양주시,신상호스튜디오,4,양주 2024_04.csv,문화관광,전시시설
양주,2024,4,2024-04,228,경기도,양주시,체형교정연구소바르다,3,양주 2024_04.csv,레저스포츠,기타레저스포츠
양주,2024,4,2024-04,228,경기도,양주시,구룡사,3,양주 2024_04.csv,역사관광,종교성지
양주,2024,4,2024-04,228,경기도,양주시,호국흥국사,3,양주 2024_04.csv,역사관광,종교성지
양주,2024,4,2024-04,228,경기도,양주시,행복담은공방,3,양주 2024_04.csv,체험관광,공예체험
양주,2024,4,2024-04,228,경기도,양주시,투혼정심관양주지부,3,양주 2024_04.csv,레저스포츠,기타레저스포츠
양주,2024,4,2024-04,228,경기도,양주시,청수낚시터,3,양주 2024_04.csv,레저스포츠,수상레저스포츠
양주,2024,4,2024-04,228,경기도,양주시,소사목장,3,양주 2024_04.csv,체험관광,농/산/어촌체험
양주,2024,4,2024-04,228,경기도,양주시,대성사,3,양주 2024_04.csv,역사관광,종교성지
양주,2024,4,2024-04,228,경기도,양주시,무호정,3,양주 2024_04.csv,레저스포츠,육상레저스포츠
양주,2024,4,2024-04,228,경기도,양주시,원더키즈,3,양주 2024_04.csv,문화관광,테마공원
양주,2024,4,2024-04,228,경기도,양주시,약사사,3,양주 2024_04.csv,역사관광,종교성지
양주,2024,4,2024-04,228,경기도,양주시,고려대학교축구장,3,양주 2024_04.csv,문화관광,레저스포츠시설
양주,2024,4,2024-04,228,경기도,양주시,신원스포츠산업,3,양주 2024_04.csv,레저스포츠,기타레저스포츠
양주,2024,4,2024-04,228,경기도,양주시,장흥ND구장,3,양주 2024_04.csv,문화관광,레저스포츠시설
양주,2024,4,2024-04,228,경기도,양주시,원학농장,3,양주 2024_04.csv,체험관광,농/산/어촌체험
양주,2024,4,2024-04,228,경기도,양주시,모자농원,3,양주 2024_04.csv,체험관광,농/산/어촌체험
양주,2024,4,2024-04,228,경기도,양주시,삼하리아동산,3,양주 2024_04.csv,체험관광,농/산/어촌체험
양주,2024,4,2024-04,228,경기도,양주시,북부수산시장,3,양주 2024_04.csv,쇼핑,시장
양주,2024,4,2024-04,228,경기도,양주시,북한산둘레길14구간,3,양주 2024_04.csv,레저스포츠,기타레저스포츠
양주,2024,4,2024-04,228,경기도,양주시,엄마네텃밭,3,양주 2024_04.csv,체험관광,농/산/어촌체험
양주,2024,4,2024-04,228,경기도,양주시,황뱅이수변산책로,3,양주 2024_04.csv,레저스포츠,기타레저스포츠
양주,2024,4,2024-04,228,경기도,양주시,양주농원,3,양주 2024_04.csv,체험관광,농/산/어촌체험
양주,2024,4,2024-04,228,경기도,양주시,두루농원,3,양주 2024_04.csv,체험관광,농/산/어촌체험
양주,2024,4,2024-04,228,경기도,양주시,오상갤러리,3,양주 2024_04.csv,문화관광,전시시설
양주,2024,5,2024-05,1,경기도,양주시,LF스퀘어양주점,12728,양주 2024_05.csv,쇼핑,쇼핑몰
양주,2024,5,2024-05,2,경기도,양주시,레이크우드CC,8613,양주 2024_05.csv,레저스포츠,육상레저스포츠
양주,2024,5,2024-05,3,경기도,양주시,송추CC,4616,양주 2024_05.csv,레저스포츠,육상레저스포츠
양주,2024,5,2024-05,4,경기도,양주시,송추계곡,2981,양주 2024_05.csv,자연관광,자연경관(산)
양주,2024,5,2024-05,5,경기도,양주시,두리랜드,2480,양주 2024_05.csv,문화관광,테마공원
양주,2024,5,2024-05,6,경기도,양주시,루이힐스CC,2422,양주 2024_05.csv,레저스포츠,육상레저스포츠
양주,2024,5,2024-05,7,경기도,양주시,양주드론봇페스티벌,2195,양주 2024_05.csv,문화관광,기타문화관광지
양주,2024,5,2024-05,8,경기도,양주시,장흥관광지,1740,양주 2024_05.csv,문화관광,복합관광시설
양주,2024,5,2024-05,9,경기도,양주시,기산저수지,1267,양주 2024_05.csv,자연관광,자연경관(하천/해양)
양주,2024,5,2024-05,10,경기도,양주시,백석생활체육공원,1168,양주 2024_05.csv,문화관광,도시공원
양주,2024,5,2024-05,11,경기도,양주시,가나아트파크,1148,양주 2024_05.csv,문화관광,전시시설
양주,2024,5,2024-05,12,경기도,양주시,양주시립장욱진미술관,1097,양주 2024_05.csv,문화관광,전시시설
양주,2024,5,2024-05,13,경기도,양주시,옥정체육공원,1039,양주 2024_05.csv,문화관광,도시공원
양주,2024,5,2024-05,14,경기도,양주시,메가박스양주,918,양주 2024_05.csv,문화관광,공연시설
양주,2024,5,2024-05,15,경기도,양주시,일영유원지,912,양주 2024_05.csv,문화관광,복합관광시설
양주,2024,5,2024-05,16,경기도,양주시,청련사,857,양주 2024_05.csv,역사관광,종교성지
양주,2024,5,2024-05,17,경기도,양주시,가래비만세시장,854,양주 2024_05.csv,쇼핑,시장
양주,2024,5,2024-05,18,경기도,양주시,장흥자동차극장,844,양주 2024_05.csv,문화관광,공연시설
양주,2024,5,2024-05,19,경기도,양주시,송추역,831,양주 2024_05.csv,기타관광,교통시설
양주,2024,5,2024-05,20,경기도,양주시,나리농원,793,양주 2024_05.csv,체험관광,농/산/어촌체험
양주,2024,5,2024-05,21,경기도,양주시,장흥자생수목원,726,양주 2024_05.csv,자연관광,자연공원
양주,2024,5,2024-05,22,경기도,양주시,헤세의정원,678,양주 2024_05.csv,문화관광,기타문화관광지
양주,2024,5,2024-05,23,경기도,양주시,양주별산대놀이마당,611,양주 2024_05.csv,문화관광,기타문화관광지
양주,2024,5,2024-05,24,경기도,양주시,고덕생활체육공원,565,양주 2024_05.csv,문화관광,도시공원
양주,2024,5,2024-05,25,경기도,양주시,TBS도봉산축구장,544,양주 2024_05.csv,문화관광,레저스포츠시설
양주,2024,5,2024-05,26,경기도,양주시,국립아세안자연휴양림,538,양주 2024_05.csv,자연관광,자연공원
양주,2024,5,2024-05,27,경기도,양주시,딱따구리청소년수련원,514,양주 2024_05.csv,레저스포츠,육상레저스포츠
양주,2024,5,2024-05,28,경기도,양주시,일영역,513,양주 2024_05.csv,기타관광,교통시설
양주,2024,5,2024-05,29,경기도,양주시,멜버른승마장,511,양주 2024_05.csv,레저스포츠,육상레저스포츠
양주,2024,5,2024-05,30,경기도,양주시,칠봉산CC,502,양주 2024_05.csv,레저스포츠,육상레저스포츠
양주,2024,5,2024-05,30,경기도,양주시,신암낚시터,502,양주 2024_05.csv,레저스포츠,수상레저스포츠
양주,2024,5,2024-05,32,경기도,양주시,남경수목원,501,양주 2024_05.csv,체험관광,농/산/어촌체험
양주,2024,5,2024-05,33,경기도,양주시,원당저수지,488,양주 2024_05.csv,자연관광,자연경관(하천/해양)
양주,2024,5,2024-05,34,경기도,양주시,어둔리저수지,483,양주 2024_05.csv,자연관광,자연경관(하천/해양)
양주,2024,5,2024-05,35,경기도,양주시,봉암저수지,457,양주 2024_05.csv,자연관광,자연경관(하천/해양)
양주,2024,5,2024-05,36,경기도,양주시,효촌저수지,454,양주 2024_05.csv,자연관광,자연경관(하천/해양)
양주,2024,5,2024-05,37,경기도,양주시,장자원낚시터,431,양주 2024_05.csv,레저스포츠,수상레저스포츠
양주,2024,5,2024-05,38,경기도,양주시,토도,425,양주 2024_05.csv,문화관광,테마공원
양주,2024,5,2024-05,39,경기도,양주시,옥정배수지체육공원,420,양주 2024_05.csv,문화관광,도시공원
양주,2024,5,2024-05,40,경기도,양주시,장흥생활체육공원,409,양주 2024_05.csv,문화관광,도시공원
양주,2024,5,2024-05,41,경기도,양주시,조명박물관,408,양주 2024_05.csv,문화관광,전시시설
양주,2024,5,2024-05,42,경기도,양주시,송추낚시터,401,양주 2024_05.csv,레저스포츠,수상레저스포츠
양주,2024,5,2024-05,43,경기도,양주시,그랜드유원지,372,양주 2024_05.csv,기타관광,기타관광
양주,2024,5,2024-05,44,경기도,양주시,공존풋살파크양주점,363,양주 2024_05.csv,문화관광,레저스포츠시설
양주,2024,5,2024-05,45,경기도,양주시,VIP야구장,360,양주 2024_05.csv,문화관광,레저스포츠시설
양주,2024,5,2024-05,46,경기도,양주시,MBP리그,359,양주 2024_05.csv,문화관광,레저스포츠시설
양주,2024,5,2024-05,47,경기도,양주시,지장사,358,양주 2024_05.csv,역사관광,종교성지
양주,2024,5,2024-05,48,경기도,양주시,양주관아지,353,양주 2024_05.csv,역사관광,역사유적지
양주,2024,5,2024-05,49,경기도,양주시,신천생활체육공원,349,양주 2024_05.csv,문화관광,도시공원
양주,2024,5,2024-05,50,경기도,양주시,송암스페이스센터,347,양주 2024_05.csv,기타관광,기타관광
양주,2024,5,2024-05,51,경기도,양주시,스카이야구장,338,양주 2024_05.csv,문화관광,레저스포츠시설
양주,2024,5,2024-05,52,경기도,양주시,양주베이스볼파크,337,양주 2024_05.csv,문화관광,레저스포츠시설
양주,2024,5,2024-05,53,경기도,양주시,한성승마클럽,315,양주 2024_05.csv,레저스포츠,육상레저스포츠
양주,2024,5,2024-05,54,경기도,양주시,장흥역,314,양주 2024_05.csv,기타관광,교통시설
양주,2024,5,2024-05,55,경기도,양주시,양주테크노풋살센터,313,양주 2024_05.csv,레저스포츠,기타레저스포츠
양주,2024,5,2024-05,56,경기도,양주시,석굴암,311,양주 2024_05.csv,역사관광,종교성지
양주,2024,5,2024-05,57,경기도,양주시,장흥돌고개유원지,308,양주 2024_05.csv,문화관광,복합관광시설
양주,2024,5,2024-05,58,경기도,양주시,옥정체육공원축구장,288,양주 2024_05.csv,문화관광,레저스포츠시설
양주,2024,5,2024-05,59,경기도,양주시,양주팬텀실내풋살장,286,양주 2024_05.csv,레저스포츠,기타레저스포츠
양주,2024,5,2024-05,60,경기도,양주시,더콕배드민턴레슨센터,274,양주 2024_05.csv,레저스포츠,기타레저스포츠
양주,2024,5,2024-05,61,경기도,양주시,청암민속박물관,273,양주 2024_05.csv,문화관광,전시시설
양주,2024,5,2024-05,62,경기도,양주시,헬로방방양주점,272,양주 2024_05.csv,문화관광,테마공원
양주,2024,5,2024-05,63,경기도,양주시,대원정사,258,양주 2024_05.csv,역사관광,종교성지
양주,2024,5,2024-05,63,경기도,양주시,고읍축구장,258,양주 2024_05.csv,문화관광,레저스포츠시설
양주,2024,5,2024-05,65,경기도,양주시,양주시승마장,257,양주 2024_05.csv,레저스포츠,육상레저스포츠
양주,2024,5,2024-05,66,경기도,양주시,양주시청소년수련원,256,양주 2024_05.csv,레저스포츠,육상레저스포츠
양주,2024,5,2024-05,67,경기도,양주시,삼하낚시터,255,양주 2024_05.csv,레저스포츠,수상레저스포츠
양주,2024,5,2024-05,68,경기도,양주시,ND야구장,253,양주 2024_05.csv,문화관광,레저스포츠시설
양주,2024,5,2024-05,69,경기도,양주시,덕계저수지,236,양주 2024_05.csv,자연관광,자연경관(하천/해양)
양주,2024,5,2024-05,70,경기도,양주시,광백저수지,229,양주 2024_05.csv,자연관광,자연경관(하천/해양)
양주,2024,5,2024-05,71,경기도,양주시,고려대학교송추야구장,223,양주 2024_05.csv,문화관광,레저스포츠시설
양주,2024,5,2024-05,72,경기도,양주시,장흥야구장,211,양주 2024_05.csv,문화관광,레저스포츠시설
양주,2024,5,2024-05,73,경기도,양주시,신산리공원,190,양주 2024_05.csv,문화관광,도시공원
양주,2024,5,2024-05,73,경기도,양주시,장흥축구장,190,양주 2024_05.csv,문화관광,레저스포츠시설
양주,2024,5,2024-05,75,경기도,양주시,씽씽롤러스케이트장,189,양주 2024_05.csv,레저스포츠,육상레저스포츠
양주,2024,5,2024-05,75,경기도,양주시,양주풋살파크제1구장,189,양주 2024_05.csv,문화관광,레저스포츠시설
양주,2024,5,2024-05,77,경기도,양주시,나리공원파크골프장,180,양주 2024_05.csv,레저스포츠,육상레저스포츠
양주,2024,5,2024-05,78,경기도,양주시,EP베이스볼파크,177,양주 2024_05.csv,문화관광,레저스포츠시설
양주,2024,5,2024-05,79,경기도,양주시,백석생활체육공원야구장,173,양주 2024_05.csv,문화관광,레저스포츠시설
양주,2024,5,2024-05,80,경기도,양주시,연화사,170,양주 2024_05.csv,역사관광,종교성지
양주,2024,5,2024-05,80,경기도,양주시,한국축구센터,170,양주 2024_05.csv,문화관광,레저스포츠시설
양주,2024,5,2024-05,82,경기도,양주시,화담정사,162,양주 2024_05.csv,역사관광,종교성지
양주,2024,5,2024-05,82,경기도,양주시,온릉,162,양주 2024_05.csv,역사관광,역사유적지
양주,2024,5,2024-05,84,경기도,양주시,북한산국립공원교현탐방지원센터,156,양주 2024_05.csv,기타관광,기타관광
양주,2024,5,2024-05,85,경기도,양주시,금바위저수지,153,양주 2024_05.csv,자연관광,자연경관(하천/해양)
양주,2024,5,2024-05,86,경기도,양주시,덕계공원,152,양주 2024_05.csv,문화관광,도시공원
양주,2024,5,2024-05,87,경기도,양주시,후니버설스튜디오,150,양주 2024_05.csv,문화관광,전시시설
양주,2024,5,2024-05,88,경기도,양주시,양주인공암벽장,149,양주 2024_05.csv,레저스포츠,기타레저스포츠
양주,2024,5,2024-05,88,경기도,양주시,송추원각사,149,양주 2024_05.csv,역사관광,종교성지
양주,2024,5,2024-05,90,경기도,양주시,대승사,143,양주 2024_05.csv,역사관광,종교성지
양주,2024,5,2024-05,91,경기도,양주시,육지장사,139,양주 2024_05.csv,역사관광,종교성지
양주,2024,5,2024-05,92,경기도,양주시,안상철미술관,136,양주 2024_05.csv,문화관광,전시시설
양주,2024,5,2024-05,93,경기도,양주시,장흥조각공원,133,양주 2024_05.csv,문화관광,도시공원
양주,2024,5,2024-05,94,경기도,양주시,원더풀키즈수영장,131,양주 2024_05.csv,문화관광,테마공원
양주,2024,5,2024-05,95,경기도,양주시,티제이풋살파크,127,양주 2024_05.csv,레저스포츠,기타레저스포츠
양주,2024,5,2024-05,96,경기도,양주시,마스터풋볼클럽,122,양주 2024_05.csv,레저스포츠,기타레저스포츠
양주,2024,5,2024-05,97,경기도,양주시,아지트배드민턴,120,양주 2024_05.csv,레저스포츠,기타레저스포츠
양주,2024,5,2024-05,98,경기도,양주시,광적생활체육공원,114,양주 2024_05.csv,문화관광,도시공원
양주,2024,5,2024-05,99,경기도,양주시,조소앙선생기념관,112,양주 2024_05.csv,문화관광,전시시설
양주,2024,5,2024-05,99,경기도,양주시,스트라이크존볼파크양주,112,양주 2024_05.csv,문화관광,레저스포츠시설
양주,2024,5,2024-05,101,경기도,양주시,북한산국립공원오봉탐방지원센터,109,양주 2024_05.csv,기타관광,기타관광
양주,2024,5,2024-05,102,경기도,양주시,은현피싱타운,106,양주 2024_05.csv,레저스포츠,수상레저스포츠
양주,2024,5,2024-05,103,경기도,양주시,양주풋살파크제2구장,105,양주 2024_05.csv,레저스포츠,기타레저스포츠
양주,2024,5,2024-05,104,경기도,양주시,장흥자연휴양림,103,양주 2024_05.csv,자연관광,자연공원
양주,2024,5,2024-05,105,경기도,양주시,불곡산,101,양주 2024_05.csv,자연관광,자연경관(산)
양주,2024,5,2024-05,106,경기도,양주시,양주시립민복진미술관,100,양주 2024_05.csv,문화관광,전시시설
양주,2024,5,2024-05,107,경기도,양주시,백석생활체육공원축구장,98,양주 2024_05.csv,문화관광,레저스포츠시설
양주,2024,5,2024-05,107,경기도,양주시,샘내고개,98,양주 2024_05.csv,자연관광,자연경관(산)
양주,2024,5,2024-05,109,경기도,양주시,고려대학교축구장,96,양주 2024_05.csv,문화관광,레저스포츠시설
양주,2024,5,2024-05,110,경기도,양주시,하늘물공원,94,양주 2024_05.csv,문화관광,도시공원
양주,2024,5,2024-05,111,경기도,양주시,나리공원물놀이장,92,양주 2024_05.csv,문화관광,테마공원
양주,2024,5,2024-05,112,경기도,양주시,양주천보산림욕장,91,양주 2024_05.csv,자연관광,자연공원
양주,2024,5,2024-05,113,경기도,양주시,클라임크루,89,양주 2024_05.csv,레저스포츠,기타레저스포츠
양주,2024,5,2024-05,114,경기도,양주시,어둔리남방낚시터,87,양주 2024_05.csv,레저스포츠,수상레저스포츠
양주,2024,5,2024-05,114,경기도,양주시,북한산둘레길13구간,87,양주 2024_05.csv,레저스포츠,기타레저스포츠
양주,2024,5,2024-05,116,경기도,양주시,장흥한옥수영장,85,양주 2024_05.csv,문화관광,테마공원
양주,2024,5,2024-05,117,경기도,양주시,백수현전통가옥,84,양주 2024_05.csv,역사관광,역사유적지
양주,2024,5,2024-05,117,경기도,양주시,광사낚시터,84,양주 2024_05.csv,레저스포츠,수상레저스포츠
양주,2024,5,2024-05,119,경기도,양주시,삼숭생활체육공원,83,양주 2024_05.csv,문화관광,도시공원
양주,2024,5,2024-05,120,경기도,양주시,일영낚시터,80,양주 2024_05.csv,레저스포츠,수상레저스포츠
양주,2024,5,2024-05,121,경기도,양주시,마리조아승마클럽,78,양주 2024_05.csv,레저스포츠,육상레저스포츠
양주,2024,5,2024-05,122,경기도,양주시,위바운스,76,양주 2024_05.csv,문화관광,테마공원
양주,2024,5,2024-05,123,경기도,양주시,백화암,75,양주 2024_05.csv,역사관광,종교성지
양주,2024,5,2024-05,124,경기도,양주시,송추아트밸리,72,양주 2024_05.csv,문화관광,도시공원
양주,2024,5,2024-05,125,경기도,양주시,장흥계곡,71,양주 2024_05.csv,자연관광,자연경관(산)
양주,2024,5,2024-05,125,경기도,양주시,못말낚시터,71,양주 2024_05.csv,레저스포츠,수상레저스포츠
양주,2024,5,2024-05,127,경기도,양주시,봉암낚시터,69,양주 2024_05.csv,레저스포츠,수상레저스포츠
양주,2024,5,2024-05,127,경기도,양주시,양주농촌테마공원,69,양주 2024_05.csv,문화관광,도시공원
양주,2024,5,2024-05,129,경기도,양주시,덕정시장,68,양주 2024_05.csv,쇼핑,시장
양주,2024,5,2024-05,129,경기도,양주시,광적생활체육공원축구장,68,양주 2024_05.csv,문화관광,레저스포츠시설
양주,2024,5,2024-05,129,경기도,양주시,777레지던스,68,양주 2024_05.csv,문화관광,전시시설
양주,2024,5,2024-05,132,경기도,양주시,강호이앤티,66,양주 2024_05.csv,레저스포츠,기타레저스포츠
양주,2024,5,2024-05,133,경기도,양주시,하나농원,64,양주 2024_05.csv,체험관광,농/산/어촌체험
양주,2024,5,2024-05,133,경기도,양주시,신천생활체육공원축구장,64,양주 2024_05.csv,문화관광,레저스포츠시설
양주,2024,5,2024-05,135,경기도,양주시,연곡저수지,62,양주 2024_05.csv,자연관광,자연경관(하천/해양)
양주,2024,5,2024-05,135,경기도,양주시,가나2아뜰리에,62,양주 2024_05.csv,문화관광,기타문화관광지
양주,2024,5,2024-05,137,경기도,양주시,양주향교,61,양주 2024_05.csv,역사관광,역사유적지
양주,2024,5,2024-05,138,경기도,양주시,엄상마을문화거리,60,양주 2024_05.csv,문화관광,테마공원
양주,2024,5,2024-05,139,경기도,양주시,효촌리낚시터,59,양주 2024_05.csv,레저스포츠,수상레저스포츠
양주,2024,5,2024-05,139,경기도,양주시,나비랑키즈카페,59,양주 2024_05.csv,문화관광,테마공원
양주,2024,5,2024-05,141,경기도,양주시,백석배수지생활체육공원,57,양주 2024_05.csv,문화관광,도시공원
양주,2024,5,2024-05,142,경기도,양주시,타겟28실내양궁장,51,양주 2024_05.csv,레저스포츠,육상레저스포츠
양주,2024,5,2024-05,143,경기도,양주시,영산법화사,50,양주 2024_05.csv,역사관광,종교성지
양주,2024,5,2024-05,144,경기도,양주시,공차실내풋살,46,양주 2024_05.csv,문화관광,레저스포츠시설
양주,2024,5,2024-05,144,경기도,양주시,권율장군묘,46,양주 2024_05.csv,역사관광,역사유적지
양주,2024,5,2024-05,144,경기도,양주시,삼훈행복농원,46,양주 2024_05.csv,체험관광,농/산/어촌체험
양주,2024,5,2024-05,147,경기도,양주시,원당낚시터,44,양주 2024_05.csv,레저스포츠,수상레저스포츠
양주,2024,5,2024-05,147,경기도,양주시,홍복저수지,44,양주 2024_05.csv,자연관광,자연경관(하천/해양)
양주,2024,5,2024-05,147,경기도,양주시,덕계낚시터,44,양주 2024_05.csv,레저스포츠,수상레저스포츠
양주,2024,5,2024-05,147,경기도,양주시,송추다보사,44,양주 2024_05.csv,역사관광,종교성지
양주,2024,5,2024-05,151,경기도,양주시,노고산주말농장,43,양주 2024_05.csv,체험관광,농/산/어촌체험
양주,2024,5,2024-05,152,경기도,양주시,아름다운비행,41,양주 2024_05.csv,문화관광,전시시설
양주,2024,5,2024-05,153,경기도,양주시,양주시티즌축구클럽,40,양주 2024_05.csv,문화관광,레저스포츠시설
양주,2024,5,2024-05,154,경기도,양주시,양주시종합관광안내센터,39,양주 2024_05.csv,기타관광,기타관광
양주,2024,5,2024-05,154,경기도,양주시,윤성에프앤비양주물류센터,39,양주 2024_05.csv,레저스포츠,수상레저스포츠
양주,2024,5,2024-05,154,경기도,양주시,스카이워터파크,39,양주 2024_05.csv,문화관광,테마공원
양주,2024,5,2024-05,157,경기도,양주시,해유령전첩지,38,양주 2024_05.csv,역사관광,역사유적지
양주,2024,5,2024-05,157,경기도,양주시,가래비빙벽장,38,양주 2024_05.csv,레저스포츠,기타레저스포츠
양주,2024,5,2024-05,159,경기도,양주시,석우근린공원,37,양주 2024_05.csv,문화관광,도시공원
양주,2024,5,2024-05,160,경기도,양주시,보메기낚시터,36,양주 2024_05.csv,레저스포츠,수상레저스포츠
양주,2024,5,2024-05,161,경기도,양주시,각명사,34,양주 2024_05.csv,역사관광,종교성지
양주,2024,5,2024-05,162,경기도,양주시,보타사,33,양주 2024_05.csv,역사관광,종교성지
양주,2024,5,2024-05,162,경기도,양주시,에코야구장,33,양주 2024_05.csv,문화관광,레저스포츠시설
양주,2024,5,2024-05,164,경기도,양주시,용암낚시터,32,양주 2024_05.csv,레저스포츠,수상레저스포츠
양주,2024,5,2024-05,164,경기도,양주시,송암천문대,32,양주 2024_05.csv,기타관광,기타관광
양주,2024,5,2024-05,164,경기도,양주시,씨알농장,32,양주 2024_05.csv,체험관광,농/산/어촌체험
양주,2024,5,2024-05,164,경기도,양주시,덕수레저타운,32,양주 2024_05.csv,레저스포츠,기타레저스포츠
양주,2024,5,2024-05,168,경기도,양주시,베이스캠프,29,양주 2024_05.csv,레저스포츠,기타레저스포츠
양주,2024,5,2024-05,169,경기도,양주시,비암사,28,양주 2024_05.csv,역사관광,종교성지
양주,2024,5,2024-05,170,경기도,양주시,송암사,27,양주 2024_05.csv,역사관광,종교성지
양주,2024,5,2024-05,170,경기도,양주시,신흥레저타운,27,양주 2024_05.csv,레저스포츠,기타레저스포츠
양주,2024,5,2024-05,172,경기도,양주시,부부관광농원,26,양주 2024_05.csv,체험관광,농/산/어촌체험
양주,2024,5,2024-05,172,경기도,양주시,원각폭포,26,양주 2024_05.csv,자연관광,자연경관(산)
양주,2024,5,2024-05,174,경기도,양주시,금빛갤러리,25,양주 2024_05.csv,문화관광,전시시설
양주,2024,5,2024-05,174,경기도,양주시,쌍용사,25,양주 2024_05.csv,역사관광,종교성지
양주,2024,5,2024-05,176,경기도,양주시,양주농부이범석,24,양주 2024_05.csv,체험관광,농/산/어촌체험
양주,2024,5,2024-05,176,경기도,양주시,동산가든낚시터,24,양주 2024_05.csv,레저스포츠,수상레저스포츠
양주,2024,5,2024-05,178,경기도,양주시,투혼정심관양주지부,23,양주 2024_05.csv,레저스포츠,기타레저스포츠
양주,2024,5,2024-05,178,경기도,양주시,수월사,23,양주 2024_05.csv,역사관광,종교성지
양주,2024,5,2024-05,178,경기도,양주시,양주시립장욱진미술관통합매표소,23,양주 2024_05.csv,문화관광,복합관광시설
양주,2024,5,2024-05,178,경기도,양주시,히든밸리송추,23,양주 2024_05.csv,문화관광,테마공원
양주,2024,5,2024-05,182,경기도,양주시,나누리근린공원,22,양주 2024_05.csv,문화관광,도시공원
양주,2024,5,2024-05,182,경기도,양주시,백인걸선생묘,22,양주 2024_05.csv,역사관광,역사유적지
양주,2024,5,2024-05,184,경기도,양주시,은현낚시터,21,양주 2024_05.csv,레저스포츠,수상레저스포츠
양주,2024,5,2024-05,184,경기도,양주시,신산장,21,양주 2024_05.csv,쇼핑,시장
양주,2024,5,2024-05,186,경기도,양주시,살구골낚시터,20,양주 2024_05.csv,레저스포츠,수상레저스포츠
양주,2024,5,2024-05,187,경기도,양주시,기산리유원지,18,양주 2024_05.csv,문화관광,복합관광시설
양주,2024,5,2024-05,188,경기도,양주시,양주유수풀파크&바베큐장,17,양주 2024_05.csv,문화관광,테마공원
양주,2024,5,2024-05,189,경기도,양주시,홍죽산업단지근린공원,16,양주 2024_05.csv,문화관광,도시공원
양주,2024,5,2024-05,190,경기도,양주시,일영워터힐,15,양주 2024_05.csv,문화관광,테마공원
양주,2024,5,2024-05,190,경기도,양주시,무호정,15,양주 2024_05.csv,레저스포츠,육상레저스포츠
양주,2024,5,2024-05,192,경기도,양주시,호국비룡사,14,양주 2024_05.csv,역사관광,종교성지
양주,2024,5,2024-05,193,경기도,양주시,토리근린공원,13,양주 2024_05.csv,문화관광,도시공원
양주,2024,5,2024-05,193,경기도,양주시,보현사,13,양주 2024_05.csv,역사관광,종교성지
양주,2024,5,2024-05,193,경기도,양주시,기원정사,13,양주 2024_05.csv,역사관광,종교성지
양주,2024,5,2024-05,193,경기도,양주시,약사사,13,양주 2024_05.csv,역사관광,종교성지
양주,2024,5,2024-05,197,경기도,양주시,해마루농원,12,양주 2024_05.csv,체험관광,농/산/어촌체험
양주,2024,5,2024-05,197,경기도,양주시,양주골김치체험박물관,12,양주 2024_05.csv,문화관광,전시시설
양주,2024,5,2024-05,197,경기도,양주시,천마사,12,양주 2024_05.csv,역사관광,종교성지
양주,2024,5,2024-05,200,경기도,양주시,불이도방,11,양주 2024_05.csv,체험관광,공예체험
양주,2024,5,2024-05,200,경기도,양주시,옹달샘농원,11,양주 2024_05.csv,체험관광,농/산/어촌체험
양주,2024,5,2024-05,200,경기도,양주시,원더키즈,11,양주 2024_05.csv,문화관광,테마공원
양주,2024,5,2024-05,200,경기도,양주시,후평공원,11,양주 2024_05.csv,문화관광,도시공원
양주,2024,5,2024-05,200,경기도,양주시,나눔갤러리블루,11,양주 2024_05.csv,문화관광,전시시설
양주,2024,5,2024-05,205,경기도,양주시,가나1아뜰리에,10,양주 2024_05.csv,문화관광,기타문화관광지
양주,2024,5,2024-05,205,경기도,양주시,본주짓수회천점,10,양주 2024_05.csv,레저스포츠,기타레저스포츠
양주,2024,5,2024-05,205,경기도,양주시,양주시감동VR체험관,10,양주 2024_05.csv,레저스포츠,기타레저스포츠
양주,2024,5,2024-05,205,경기도,양주시,대영사슴목장,10,양주 2024_05.csv,체험관광,농/산/어촌체험
양주,2024,5,2024-05,205,경기도,양주시,모자농원,10,양주 2024_05.csv,체험관광,농/산/어촌체험
양주,2024,5,2024-05,205,경기도,양주시,도락산,10,양주 2024_05.csv,자연관광,자연경관(산)
양주,2024,5,2024-05,211,경기도,양주시,신암지,9,양주 2024_05.csv,자연관광,자연경관(하천/해양)
양주,2024,5,2024-05,211,경기도,양주시,진영농장,9,양주 2024_05.csv,체험관광,농/산/어촌체험
양주,2024,5,2024-05,211,경기도,양주시,기산낚시터,9,양주 2024_05.csv,레저스포츠,수상레저스포츠
양주,2024,5,2024-05,211,경기도,양주시,동광정사,9,양주 2024_05.csv,역사관광,종교성지
양주,2024,5,2024-05,211,경기도,양주시,오상갤러리,9,양주 2024_05.csv,문화관광,전시시설
양주,2024,5,2024-05,216,경기도,양주시,이수광선생묘,8,양주 2024_05.csv,역사관광,역사유적지
양주,2024,5,2024-05,216,경기도,양주시,진산사,8,양주 2024_05.csv,역사관광,종교성지
양주,2024,5,2024-05,216,경기도,양주시,여성봉,8,양주 2024_05.csv,자연관광,자연경관(산)
양주,2024,5,2024-05,216,경기도,양주시,신상호스튜디오,8,양주 2024_05.csv,문화관광,전시시설
양주,2024,5,2024-05,220,경기도,양주시,호국흥국사,7,양주 2024_05.csv,역사관광,종교성지
양주,2024,5,2024-05,220,경기도,양주시,리틀웨일키즈풀파티룸,7,양주 2024_05.csv,문화관광,테마공원
양주,2024,5,2024-05,220,경기도,양주시,양주대모산성,7,양주 2024_05.csv,역사관광,역사유적지
양주,2024,5,2024-05,220,경기도,양주시,부흥사,7,양주 2024_05.csv,역사관광,종교성지
양주,2024,5,2024-05,220,경기도,양주시,연화사,7,양주 2024_05.csv,역사관광,종교성지
양주,2024,5,2024-05,220,경기도,양주시,문수사,7,양주 2024_05.csv,역사관광,종교성지
양주,2024,5,2024-05,220,경기도,양주시,광운정사,7,양주 2024_05.csv,역사관광,종교성지
양주,2024,5,2024-05,220,경기도,양주시,무량사,7,양주 2024_05.csv,역사관광,종교성지
양주,2024,5,2024-05,228,경기도,양주시,아트휠즈,6,양주 2024_05.csv,레저스포츠,육상레저스포츠
양주,2024,5,2024-05,228,경기도,양주시,천불사,6,양주 2024_05.csv,역사관광,종교성지
양주,2024,5,2024-05,228,경기도,양주시,마하보디사,6,양주 2024_05.csv,역사관광,종교성지
양주,2024,5,2024-05,228,경기도,양주시,일영랜드수영장,6,양주 2024_05.csv,문화관광,테마공원
양주,2024,5,2024-05,228,경기도,양주시,감로사,6,양주 2024_05.csv,역사관광,종교성지
양주,2024,5,2024-05,228,경기도,양주시,군남농장,6,양주 2024_05.csv,체험관광,농/산/어촌체험
양주,2024,5,2024-05,228,경기도,양주시,무량사,6,양주 2024_05.csv,역사관광,종교성지
양주,2024,5,2024-05,228,경기도,양주시,영풍농장,6,양주 2024_05.csv,체험관광,농/산/어촌체험
양주,2024,5,2024-05,228,경기도,양주시,양주농원,6,양주 2024_05.csv,체험관광,농/산/어촌체험
양주,2024,5,2024-05,237,경기도,양주시,한마음청소년수련원수영장,5,양주 2024_05.csv,문화관광,테마공원
양주,2024,5,2024-05,237,경기도,양주시,연꽃빌리지관광농원,5,양주 2024_05.csv,체험관광,농/산/어촌체험
양주,2024,5,2024-05,237,경기도,양주시,보현사,5,양주 2024_05.csv,역사관광,종교성지
양주,2024,5,2024-05,240,경기도,양주시,farm5150,4,양주 2024_05.csv,체험관광,공예체험
양주,2024,5,2024-05,240,경기도,양주시,천봉나전칠기체험관,4,양주 2024_05.csv,문화관광,기타문화관광지
양주,2024,5,2024-05,240,경기도,양주시,광운정사,4,양주 2024_05.csv,역사관광,종교성지
양주,2024,5,2024-05,240,경기도,양주시,호국일월사,4,양주 2024_05.csv,역사관광,종교성지
양주,2024,5,2024-05,240,경기도,양주시,오림피아수영장,4,양주 2024_05.csv,문화관광,테마공원
양주,2024,5,2024-05,240,경기도,양주시,망당산,4,양주 2024_05.csv,자연관광,자연경관(산)
양주,2024,5,2024-05,240,경기도,양주시,은봉산,4,양주 2024_05.csv,자연관광,자연경관(산)
양주,2024,5,2024-05,240,경기도,양주시,양주산성야구장,4,양주 2024_05.csv,문화관광,레저스포츠시설
양주,2024,5,2024-05,240,경기도,양주시,연이공방,4,양주 2024_05.csv,체험관광,공예체험
양주,2024,5,2024-05,240,경기도,양주시,월암사,4,양주 2024_05.csv,역사관광,종교성지
양주,2024,5,2024-05,250,경기도,양주시,양주울대고개순직경찰관추도비,3,양주 2024_05.csv,역사관광,역사유물
양주,2024,5,2024-05,250,경기도,양주시,체형교정연구소바르다,3,양주 2024_05.csv,레저스포츠,기타레저스포츠
양주,2024,5,2024-05,250,경기도,양주시,구룡사,3,양주 2024_05.csv,역사관광,종교성지
양주,2024,5,2024-05,250,경기도,양주시,남방어린이공원,3,양주 2024_05.csv,문화관광,도시공원
양주,2024,5,2024-05,250,경기도,양주시,대한불교조계종법화사,3,양주 2024_05.csv,역사관광,종교성지
양주,2024,5,2024-05,250,경기도,양주시,신흥레저워터월드,3,양주 2024_05.csv,문화관광,테마공원
양주,2024,5,2024-05,250,경기도,양주시,원주목장,3,양주 2024_05.csv,체험관광,농/산/어촌체험
양주,2024,5,2024-05,250,경기도,양주시,송추팜,3,양주 2024_05.csv,체험관광,농/산/어촌체험
양주,2024,5,2024-05,250,경기도,양주시,모모앤던목공작업실,3,양주 2024_05.csv,체험관광,공예체험
양주,2024,5,2024-05,250,경기도,양주시,오운온세라믹스튜디오,3,양주 2024_05.csv,체험관광,공예체험
양주,2024,5,2024-05,250,경기도,양주시,고읍제6어린이공원,3,양주 2024_05.csv,문화관광,도시공원
양주,2024,5,2024-05,250,경기도,양주시,코스박스튜디오,3,양주 2024_05.csv,체험관광,공예체험
양주,2024,5,2024-05,250,경기도,양주시,MMA STORY양주점,3,양주 2024_05.csv,레저스포츠,기타레저스포츠
양주,2024,5,2024-05,250,경기도,양주시,신수근선생묘,3,양주 2024_05.csv,역사관광,역사유적지
양주,2024,5,2024-05,250,경기도,양주시,양주산성배틀존필드,3,양주 2024_05.csv,레저스포츠,육상레저스포츠
양주,2024,5,2024-05,250,경기도,양주시,청수낚시터,3,양주 2024_05.csv,레저스포츠,수상레저스포츠
양주,2024,5,2024-05,250,경기도,양주시,양주남면의느티나무,3,양주 2024_05.csv,역사관광,역사유적지
양주,2024,5,2024-05,250,경기도,양주시,이준선생묘,3,양주 2024_05.csv,역사관광,역사유적지
양주,2024,5,2024-05,250,경기도,양주시,태평목장,3,양주 2024_05.csv,체험관광,농/산/어촌체험
양주,2024,5,2024-05,250,경기도,양주시,장흥관광지관리사무소,3,양주 2024_05.csv,문화관광,도시공원
양주,2024,5,2024-05,250,경기도,양주시,대성사,3,양주 2024_05.csv,역사관광,종교성지
양주,2024,5,2024-05,250,경기도,양주시,사패산송추방면,3,양주 2024_05.csv,자연관광,자연경관(산)
양주,2024,5,2024-05,250,경기도,양주시,혜암정사,3,양주 2024_05.csv,역사관광,종교성지
양주,2024,5,2024-05,250,경기도,양주시,양주조은농장,3,양주 2024_05.csv,체험관광,농/산/어촌체험
양주,2024,5,2024-05,250,경기도,양주시,도하저수지,3,양주 2024_05.csv,자연관광,자연경관(하천/해양)
양주,2024,5,2024-05,250,경기도,양주시,장흥버섯농장,3,양주 2024_05.csv,체험관광,농/산/어촌체험
양주,2024,5,2024-05,250,경기도,양주시,두래농원,3,양주 2024_05.csv,체험관광,농/산/어촌체험
양주,2024,5,2024-05,250,경기도,양주시,라온승마아카데미,3,양주 2024_05.csv,레저스포츠,육상레저스포츠
양주,2024,5,2024-05,250,경기도,양주시,묵은저수지,3,양주 2024_05.csv,자연관광,자연경관(하천/해양)
양주,2024,5,2024-05,250,경기도,양주시,스타아쿠아리움,3,양주 2024_05.csv,문화관광,테마공원
양주,2024,5,2024-05,250,경기도,양주시,백석생활체육공원리틀야구장,3,양주 2024_05.csv,문화관광,레저스포츠시설
양주,2024,5,2024-05,250,경기도,양주시,청담체육공원,3,양주 2024_05.csv,문화관광,도시공원
양주,2024,5,2024-05,250,경기도,양주시,선그로원예,3,양주 2024_05.csv,체험관광,농/산/어촌체험
양주,2024,5,2024-05,250,경기도,양주시,홍복산,3,양주 2024_05.csv,자연관광,자연경관(산)
양주,2024,5,2024-05,250,경기도,양주시,회천도시숲,3,양주 2024_05.csv,자연관광,자연공원
양주,2024,6,2024-06,1,경기도,양주시,LF스퀘어양주점,11390,양주 2024_06.csv,쇼핑,쇼핑몰
양주,2024,6,2024-06,2,경기도,양주시,레이크우드CC,7938,양주 2024_06.csv,레저스포츠,육상레저스포츠
양주,2024,6,2024-06,3,경기도,양주시,송추계곡,4936,양주 2024_06.csv,자연관광,자연경관(산)
양주,2024,6,2024-06,4,경기도,양주시,송추CC,4347,양주 2024_06.csv,레저스포츠,육상레저스포츠
양주,2024,6,2024-06,5,경기도,양주시,두리랜드,2123,양주 2024_06.csv,문화관광,테마공원
양주,2024,6,2024-06,6,경기도,양주시,루이힐스CC,2054,양주 2024_06.csv,레저스포츠,육상레저스포츠
양주,2024,6,2024-06,7,경기도,양주시,장흥관광지,2043,양주 2024_06.csv,문화관광,복합관광시설
양주,2024,6,2024-06,8,경기도,양주시,가나아트파크,1336,양주 2024_06.csv,문화관광,전시시설
양주,2024,6,2024-06,9,경기도,양주시,기산저수지,1183,양주 2024_06.csv,자연관광,자연경관(하천/해양)
양주,2024,6,2024-06,10,경기도,양주시,양주시립장욱진미술관,1168,양주 2024_06.csv,문화관광,전시시설
양주,2024,6,2024-06,11,경기도,양주시,일영유원지,1075,양주 2024_06.csv,문화관광,복합관광시설
양주,2024,6,2024-06,12,경기도,양주시,히든밸리송추,943,양주 2024_06.csv,문화관광,테마공원
양주,2024,6,2024-06,13,경기도,양주시,그랜드유원지,915,양주 2024_06.csv,기타관광,기타관광
양주,2024,6,2024-06,14,경기도,양주시,백석생활체육공원,896,양주 2024_06.csv,문화관광,도시공원
양주,2024,6,2024-06,15,경기도,양주시,옥정체육공원,876,양주 2024_06.csv,문화관광,도시공원
양주,2024,6,2024-06,16,경기도,양주시,송추역,858,양주 2024_06.csv,기타관광,교통시설
양주,2024,6,2024-06,17,경기도,양주시,가래비만세시장,797,양주 2024_06.csv,쇼핑,시장
양주,2024,6,2024-06,18,경기도,양주시,메가박스양주,795,양주 2024_06.csv,문화관광,공연시설
양주,2024,6,2024-06,19,경기도,양주시,장흥자동차극장,718,양주 2024_06.csv,문화관광,공연시설
양주,2024,6,2024-06,20,경기도,양주시,국립아세안자연휴양림,667,양주 2024_06.csv,자연관광,자연공원
양주,2024,6,2024-06,21,경기도,양주시,TBS도봉산축구장,612,양주 2024_06.csv,문화관광,레저스포츠시설
양주,2024,6,2024-06,22,경기도,양주시,신암낚시터,604,양주 2024_06.csv,레저스포츠,수상레저스포츠
양주,2024,6,2024-06,23,경기도,양주시,나리농원,602,양주 2024_06.csv,체험관광,농/산/어촌체험
양주,2024,6,2024-06,24,경기도,양주시,헤세의정원,584,양주 2024_06.csv,문화관광,기타문화관광지
양주,2024,6,2024-06,25,경기도,양주시,장흥자생수목원,571,양주 2024_06.csv,자연관광,자연공원
양주,2024,6,2024-06,26,경기도,양주시,딱따구리청소년수련원,547,양주 2024_06.csv,레저스포츠,육상레저스포츠
양주,2024,6,2024-06,27,경기도,양주시,일영역,540,양주 2024_06.csv,기타관광,교통시설
양주,2024,6,2024-06,28,경기도,양주시,고덕생활체육공원,520,양주 2024_06.csv,문화관광,도시공원
양주,2024,6,2024-06,29,경기도,양주시,일영워터힐,504,양주 2024_06.csv,문화관광,테마공원
양주,2024,6,2024-06,30,경기도,양주시,봉암저수지,465,양주 2024_06.csv,자연관광,자연경관(하천/해양)
양주,2024,6,2024-06,31,경기도,양주시,MBP리그,459,양주 2024_06.csv,문화관광,레저스포츠시설
양주,2024,6,2024-06,32,경기도,양주시,장흥한옥수영장,446,양주 2024_06.csv,문화관광,테마공원
양주,2024,6,2024-06,33,경기도,양주시,원당저수지,435,양주 2024_06.csv,자연관광,자연경관(하천/해양)
양주,2024,6,2024-06,34,경기도,양주시,양주별산대놀이마당,434,양주 2024_06.csv,문화관광,기타문화관광지
양주,2024,6,2024-06,35,경기도,양주시,장자원낚시터,431,양주 2024_06.csv,레저스포츠,수상레저스포츠
양주,2024,6,2024-06,35,경기도,양주시,어둔리저수지,431,양주 2024_06.csv,자연관광,자연경관(하천/해양)
양주,2024,6,2024-06,37,경기도,양주시,옥정배수지체육공원,428,양주 2024_06.csv,문화관광,도시공원
양주,2024,6,2024-06,38,경기도,양주시,토도,424,양주 2024_06.csv,문화관광,테마공원
양주,2024,6,2024-06,39,경기도,양주시,양주베이스볼파크,413,양주 2024_06.csv,문화관광,레저스포츠시설
양주,2024,6,2024-06,40,경기도,양주시,청련사,412,양주 2024_06.csv,역사관광,종교성지
양주,2024,6,2024-06,41,경기도,양주시,장흥생활체육공원,406,양주 2024_06.csv,문화관광,도시공원
양주,2024,6,2024-06,42,경기도,양주시,멜버른승마장,403,양주 2024_06.csv,레저스포츠,육상레저스포츠
양주,2024,6,2024-06,43,경기도,양주시,스카이야구장,367,양주 2024_06.csv,문화관광,레저스포츠시설
양주,2024,6,2024-06,44,경기도,양주시,남경수목원,362,양주 2024_06.csv,체험관광,농/산/어촌체험
양주,2024,6,2024-06,45,경기도,양주시,조명박물관,353,양주 2024_06.csv,문화관광,전시시설
양주,2024,6,2024-06,46,경기도,양주시,장흥돌고개유원지,341,양주 2024_06.csv,문화관광,복합관광시설
양주,2024,6,2024-06,47,경기도,양주시,VIP야구장,339,양주 2024_06.csv,문화관광,레저스포츠시설
양주,2024,6,2024-06,48,경기도,양주시,칠봉산CC,330,양주 2024_06.csv,레저스포츠,육상레저스포츠
양주,2024,6,2024-06,49,경기도,양주시,공존풋살파크양주점,327,양주 2024_06.csv,문화관광,레저스포츠시설
양주,2024,6,2024-06,49,경기도,양주시,양주테크노풋살센터,327,양주 2024_06.csv,레저스포츠,기타레저스포츠
양주,2024,6,2024-06,51,경기도,양주시,송추낚시터,323,양주 2024_06.csv,레저스포츠,수상레저스포츠
양주,2024,6,2024-06,52,경기도,양주시,효촌저수지,322,양주 2024_06.csv,자연관광,자연경관(하천/해양)
양주,2024,6,2024-06,53,경기도,양주시,양주팬텀실내풋살장,317,양주 2024_06.csv,레저스포츠,기타레저스포츠
양주,2024,6,2024-06,54,경기도,양주시,양주시청소년수련원,306,양주 2024_06.csv,레저스포츠,육상레저스포츠
양주,2024,6,2024-06,54,경기도,양주시,석굴암,306,양주 2024_06.csv,역사관광,종교성지
양주,2024,6,2024-06,56,경기도,양주시,양주시승마장,304,양주 2024_06.csv,레저스포츠,육상레저스포츠
양주,2024,6,2024-06,57,경기도,양주시,더콕배드민턴레슨센터,296,양주 2024_06.csv,레저스포츠,기타레저스포츠
양주,2024,6,2024-06,57,경기도,양주시,청암민속박물관,296,양주 2024_06.csv,문화관광,전시시설
양주,2024,6,2024-06,59,경기도,양주시,장흥역,295,양주 2024_06.csv,기타관광,교통시설
양주,2024,6,2024-06,60,경기도,양주시,신천생활체육공원,294,양주 2024_06.csv,문화관광,도시공원
양주,2024,6,2024-06,61,경기도,양주시,장흥축구장,288,양주 2024_06.csv,문화관광,레저스포츠시설
양주,2024,6,2024-06,62,경기도,양주시,송암스페이스센터,282,양주 2024_06.csv,기타관광,기타관광
양주,2024,6,2024-06,63,경기도,양주시,광백저수지,280,양주 2024_06.csv,자연관광,자연경관(하천/해양)
양주,2024,6,2024-06,64,경기도,양주시,헬로방방양주점,273,양주 2024_06.csv,문화관광,테마공원
양주,2024,6,2024-06,65,경기도,양주시,한성승마클럽,271,양주 2024_06.csv,레저스포츠,육상레저스포츠
양주,2024,6,2024-06,66,경기도,양주시,삼하낚시터,264,양주 2024_06.csv,레저스포츠,수상레저스포츠
양주,2024,6,2024-06,67,경기도,양주시,연꽃빌리지관광농원,256,양주 2024_06.csv,체험관광,농/산/어촌체험
양주,2024,6,2024-06,68,경기도,양주시,장흥계곡,255,양주 2024_06.csv,자연관광,자연경관(산)
양주,2024,6,2024-06,69,경기도,양주시,EP베이스볼파크,254,양주 2024_06.csv,문화관광,레저스포츠시설
양주,2024,6,2024-06,70,경기도,양주시,장흥야구장,252,양주 2024_06.csv,문화관광,레저스포츠시설
양주,2024,6,2024-06,71,경기도,양주시,옥정체육공원축구장,238,양주 2024_06.csv,문화관광,레저스포츠시설
양주,2024,6,2024-06,72,경기도,양주시,ND야구장,237,양주 2024_06.csv,문화관광,레저스포츠시설
양주,2024,6,2024-06,73,경기도,양주시,고읍축구장,230,양주 2024_06.csv,문화관광,레저스포츠시설
양주,2024,6,2024-06,74,경기도,양주시,덕계저수지,228,양주 2024_06.csv,자연관광,자연경관(하천/해양)
양주,2024,6,2024-06,75,경기도,양주시,지장사,224,양주 2024_06.csv,역사관광,종교성지
양주,2024,6,2024-06,76,경기도,양주시,나리공원파크골프장,218,양주 2024_06.csv,레저스포츠,육상레저스포츠
양주,2024,6,2024-06,77,경기도,양주시,양주관아지,207,양주 2024_06.csv,역사관광,역사유적지
양주,2024,6,2024-06,78,경기도,양주시,고려대학교송추야구장,202,양주 2024_06.csv,문화관광,레저스포츠시설
양주,2024,6,2024-06,79,경기도,양주시,양주풋살파크제1구장,191,양주 2024_06.csv,문화관광,레저스포츠시설
양주,2024,6,2024-06,79,경기도,양주시,광적생활체육공원축구장,191,양주 2024_06.csv,문화관광,레저스포츠시설
양주,2024,6,2024-06,81,경기도,양주시,대원정사,189,양주 2024_06.csv,역사관광,종교성지
양주,2024,6,2024-06,82,경기도,양주시,신산리공원,186,양주 2024_06.csv,문화관광,도시공원
양주,2024,6,2024-06,83,경기도,양주시,덕계공원,176,양주 2024_06.csv,문화관광,도시공원
양주,2024,6,2024-06,84,경기도,양주시,일영랜드수영장,171,양주 2024_06.csv,문화관광,테마공원
양주,2024,6,2024-06,85,경기도,양주시,양주유수풀파크&바베큐장,165,양주 2024_06.csv,문화관광,테마공원
양주,2024,6,2024-06,86,경기도,양주시,백석생활체육공원야구장,154,양주 2024_06.csv,문화관광,레저스포츠시설
양주,2024,6,2024-06,87,경기도,양주시,씽씽롤러스케이트장,151,양주 2024_06.csv,레저스포츠,육상레저스포츠
양주,2024,6,2024-06,88,경기도,양주시,은현피싱타운,142,양주 2024_06.csv,레저스포츠,수상레저스포츠
양주,2024,6,2024-06,88,경기도,양주시,광적생활체육공원,142,양주 2024_06.csv,문화관광,도시공원
양주,2024,6,2024-06,90,경기도,양주시,온릉,137,양주 2024_06.csv,역사관광,역사유적지
양주,2024,6,2024-06,91,경기도,양주시,육지장사,136,양주 2024_06.csv,역사관광,종교성지
양주,2024,6,2024-06,92,경기도,양주시,티제이풋살파크,135,양주 2024_06.csv,레저스포츠,기타레저스포츠
양주,2024,6,2024-06,93,경기도,양주시,아지트배드민턴,134,양주 2024_06.csv,레저스포츠,기타레저스포츠
양주,2024,6,2024-06,94,경기도,양주시,안상철미술관,133,양주 2024_06.csv,문화관광,전시시설
양주,2024,6,2024-06,94,경기도,양주시,송추원각사,133,양주 2024_06.csv,역사관광,종교성지
양주,2024,6,2024-06,96,경기도,양주시,한국축구센터,132,양주 2024_06.csv,문화관광,레저스포츠시설
양주,2024,6,2024-06,97,경기도,양주시,후니버설스튜디오,125,양주 2024_06.csv,문화관광,전시시설
양주,2024,6,2024-06,98,경기도,양주시,신흥레저타운,120,양주 2024_06.csv,레저스포츠,기타레저스포츠
양주,2024,6,2024-06,98,경기도,양주시,북한산국립공원오봉탐방지원센터,120,양주 2024_06.csv,기타관광,기타관광
양주,2024,6,2024-06,100,경기도,양주시,양주시립민복진미술관,113,양주 2024_06.csv,문화관광,전시시설
양주,2024,6,2024-06,100,경기도,양주시,스트라이크존볼파크양주,113,양주 2024_06.csv,문화관광,레저스포츠시설
양주,2024,6,2024-06,102,경기도,양주시,장흥조각공원,111,양주 2024_06.csv,문화관광,도시공원
양주,2024,6,2024-06,103,경기도,양주시,조소앙선생기념관,110,양주 2024_06.csv,문화관광,전시시설
양주,2024,6,2024-06,103,경기도,양주시,샘내고개,110,양주 2024_06.csv,자연관광,자연경관(산)
양주,2024,6,2024-06,103,경기도,양주시,금바위저수지,110,양주 2024_06.csv,자연관광,자연경관(하천/해양)
양주,2024,6,2024-06,106,경기도,양주시,북한산국립공원교현탐방지원센터,108,양주 2024_06.csv,기타관광,기타관광
양주,2024,6,2024-06,107,경기도,양주시,클라임크루,99,양주 2024_06.csv,레저스포츠,기타레저스포츠
양주,2024,6,2024-06,107,경기도,양주시,화담정사,99,양주 2024_06.csv,역사관광,종교성지
양주,2024,6,2024-06,109,경기도,양주시,마스터풋볼클럽,98,양주 2024_06.csv,레저스포츠,기타레저스포츠
양주,2024,6,2024-06,110,경기도,양주시,나리공원물놀이장,97,양주 2024_06.csv,문화관광,테마공원
양주,2024,6,2024-06,111,경기도,양주시,원더풀키즈수영장,96,양주 2024_06.csv,문화관광,테마공원
양주,2024,6,2024-06,112,경기도,양주시,효촌리낚시터,95,양주 2024_06.csv,레저스포츠,수상레저스포츠
양주,2024,6,2024-06,113,경기도,양주시,백석생활체육공원축구장,92,양주 2024_06.csv,문화관광,레저스포츠시설
양주,2024,6,2024-06,114,경기도,양주시,삼숭생활체육공원,89,양주 2024_06.csv,문화관광,도시공원
양주,2024,6,2024-06,115,경기도,양주시,어둔리남방낚시터,88,양주 2024_06.csv,레저스포츠,수상레저스포츠
양주,2024,6,2024-06,116,경기도,양주시,장흥자연휴양림,87,양주 2024_06.csv,자연관광,자연공원
양주,2024,6,2024-06,117,경기도,양주시,하늘물공원,84,양주 2024_06.csv,문화관광,도시공원
양주,2024,6,2024-06,117,경기도,양주시,불곡산,84,양주 2024_06.csv,자연관광,자연경관(산)
양주,2024,6,2024-06,119,경기도,양주시,일영낚시터,80,양주 2024_06.csv,레저스포츠,수상레저스포츠
양주,2024,6,2024-06,120,경기도,양주시,광사낚시터,78,양주 2024_06.csv,레저스포츠,수상레저스포츠
양주,2024,6,2024-06,121,경기도,양주시,연화사,77,양주 2024_06.csv,역사관광,종교성지
양주,2024,6,2024-06,121,경기도,양주시,부부관광농원,77,양주 2024_06.csv,체험관광,농/산/어촌체험
양주,2024,6,2024-06,121,경기도,양주시,스카이워터파크,77,양주 2024_06.csv,문화관광,테마공원
양주,2024,6,2024-06,124,경기도,양주시,양주풋살파크제2구장,75,양주 2024_06.csv,레저스포츠,기타레저스포츠
양주,2024,6,2024-06,125,경기도,양주시,양주천보산림욕장,73,양주 2024_06.csv,자연관광,자연공원
양주,2024,6,2024-06,126,경기도,양주시,권율장군묘,72,양주 2024_06.csv,역사관광,역사유적지
양주,2024,6,2024-06,126,경기도,양주시,양주향교,72,양주 2024_06.csv,역사관광,역사유적지
양주,2024,6,2024-06,128,경기도,양주시,송추아트밸리,71,양주 2024_06.csv,문화관광,도시공원
양주,2024,6,2024-06,129,경기도,양주시,못말낚시터,68,양주 2024_06.csv,레저스포츠,수상레저스포츠
양주,2024,6,2024-06,130,경기도,양주시,나비랑키즈카페,66,양주 2024_06.csv,문화관광,테마공원
양주,2024,6,2024-06,131,경기도,양주시,신천생활체육공원축구장,65,양주 2024_06.csv,문화관광,레저스포츠시설
양주,2024,6,2024-06,132,경기도,양주시,노고산주말농장,64,양주 2024_06.csv,체험관광,농/산/어촌체험
양주,2024,6,2024-06,133,경기도,양주시,타겟28실내양궁장,60,양주 2024_06.csv,레저스포츠,육상레저스포츠
양주,2024,6,2024-06,134,경기도,양주시,북한산둘레길13구간,58,양주 2024_06.csv,레저스포츠,기타레저스포츠
양주,2024,6,2024-06,134,경기도,양주시,엄상마을문화거리,58,양주 2024_06.csv,문화관광,테마공원
양주,2024,6,2024-06,136,경기도,양주시,백석배수지생활체육공원,57,양주 2024_06.csv,문화관광,도시공원
양주,2024,6,2024-06,137,경기도,양주시,가나2아뜰리에,55,양주 2024_06.csv,문화관광,기타문화관광지
양주,2024,6,2024-06,138,경기도,양주시,공차실내풋살,53,양주 2024_06.csv,문화관광,레저스포츠시설
양주,2024,6,2024-06,139,경기도,양주시,연곡저수지,52,양주 2024_06.csv,자연관광,자연경관(하천/해양)
양주,2024,6,2024-06,140,경기도,양주시,양주인공암벽장,51,양주 2024_06.csv,레저스포츠,기타레저스포츠
양주,2024,6,2024-06,140,경기도,양주시,덕정시장,51,양주 2024_06.csv,쇼핑,시장
양주,2024,6,2024-06,140,경기도,양주시,위바운스,51,양주 2024_06.csv,문화관광,테마공원
양주,2024,6,2024-06,143,경기도,양주시,은현낚시터,50,양주 2024_06.csv,레저스포츠,수상레저스포츠
양주,2024,6,2024-06,144,경기도,양주시,송추로얄암반수수영장,49,양주 2024_06.csv,문화관광,테마공원
양주,2024,6,2024-06,145,경기도,양주시,아름다운비행,48,양주 2024_06.csv,문화관광,전시시설
양주,2024,6,2024-06,146,경기도,양주시,강호이앤티,46,양주 2024_06.csv,레저스포츠,기타레저스포츠
양주,2024,6,2024-06,147,경기도,양주시,봉암낚시터,45,양주 2024_06.csv,레저스포츠,수상레저스포츠
양주,2024,6,2024-06,148,경기도,양주시,덕수레저타운,41,양주 2024_06.csv,레저스포츠,기타레저스포츠
양주,2024,6,2024-06,149,경기도,양주시,오림피아수영장,39,양주 2024_06.csv,문화관광,테마공원
양주,2024,6,2024-06,149,경기도,양주시,777레지던스,39,양주 2024_06.csv,문화관광,전시시설
양주,2024,6,2024-06,149,경기도,양주시,마리조아승마클럽,39,양주 2024_06.csv,레저스포츠,육상레저스포츠
양주,2024,6,2024-06,149,경기도,양주시,송추다보사,39,양주 2024_06.csv,역사관광,종교성지
양주,2024,6,2024-06,153,경기도,양주시,송암천문대,38,양주 2024_06.csv,기타관광,기타관광
양주,2024,6,2024-06,153,경기도,양주시,대승사,38,양주 2024_06.csv,역사관광,종교성지
양주,2024,6,2024-06,153,경기도,양주시,원각폭포,38,양주 2024_06.csv,자연관광,자연경관(산)
양주,2024,6,2024-06,153,경기도,양주시,살구골낚시터,38,양주 2024_06.csv,레저스포츠,수상레저스포츠
양주,2024,6,2024-06,157,경기도,양주시,홍복저수지,37,양주 2024_06.csv,자연관광,자연경관(하천/해양)
양주,2024,6,2024-06,158,경기도,양주시,원당낚시터,36,양주 2024_06.csv,레저스포츠,수상레저스포츠
양주,2024,6,2024-06,159,경기도,양주시,보메기낚시터,35,양주 2024_06.csv,레저스포츠,수상레저스포츠
양주,2024,6,2024-06,159,경기도,양주시,백화암,35,양주 2024_06.csv,역사관광,종교성지
양주,2024,6,2024-06,159,경기도,양주시,덕계낚시터,35,양주 2024_06.csv,레저스포츠,수상레저스포츠
양주,2024,6,2024-06,162,경기도,양주시,신산장,34,양주 2024_06.csv,쇼핑,시장
양주,2024,6,2024-06,162,경기도,양주시,청담체육공원,34,양주 2024_06.csv,문화관광,도시공원
양주,2024,6,2024-06,164,경기도,양주시,용암낚시터,31,양주 2024_06.csv,레저스포츠,수상레저스포츠
양주,2024,6,2024-06,165,경기도,양주시,기산리유원지,28,양주 2024_06.csv,문화관광,복합관광시설
양주,2024,6,2024-06,165,경기도,양주시,양주시종합관광안내센터,28,양주 2024_06.csv,기타관광,기타관광
양주,2024,6,2024-06,165,경기도,양주시,동산가든낚시터,28,양주 2024_06.csv,레저스포츠,수상레저스포츠
양주,2024,6,2024-06,168,경기도,양주시,베이스캠프,26,양주 2024_06.csv,레저스포츠,기타레저스포츠
양주,2024,6,2024-06,168,경기도,양주시,양주시립장욱진미술관통합매표소,26,양주 2024_06.csv,문화관광,복합관광시설
양주,2024,6,2024-06,170,경기도,양주시,비암사,24,양주 2024_06.csv,역사관광,종교성지
양주,2024,6,2024-06,171,경기도,양주시,효순.미선평화공원,23,양주 2024_06.csv,문화관광,도시공원
양주,2024,6,2024-06,171,경기도,양주시,금빛갤러리,23,양주 2024_06.csv,문화관광,전시시설
양주,2024,6,2024-06,171,경기도,양주시,양주농촌테마공원,23,양주 2024_06.csv,문화관광,도시공원
양주,2024,6,2024-06,174,경기도,양주시,에코야구장,22,양주 2024_06.csv,문화관광,레저스포츠시설
양주,2024,6,2024-06,175,경기도,양주시,가나1아뜰리에,18,양주 2024_06.csv,문화관광,기타문화관광지
양주,2024,6,2024-06,175,경기도,양주시,본주짓수회천점,18,양주 2024_06.csv,레저스포츠,기타레저스포츠
양주,2024,6,2024-06,175,경기도,양주시,석우근린공원,18,양주 2024_06.csv,문화관광,도시공원
양주,2024,6,2024-06,175,경기도,양주시,백인걸선생묘,18,양주 2024_06.csv,역사관광,역사유적지
양주,2024,6,2024-06,175,경기도,양주시,씨알농장,18,양주 2024_06.csv,체험관광,농/산/어촌체험
양주,2024,6,2024-06,180,경기도,양주시,홍죽산업단지근린공원,17,양주 2024_06.csv,문화관광,도시공원
양주,2024,6,2024-06,180,경기도,양주시,송암사,17,양주 2024_06.csv,역사관광,종교성지
양주,2024,6,2024-06,180,경기도,양주시,윤성에프앤비양주물류센터,17,양주 2024_06.csv,레저스포츠,수상레저스포츠
양주,2024,6,2024-06,180,경기도,양주시,백수현전통가옥,17,양주 2024_06.csv,역사관광,역사유적지
양주,2024,6,2024-06,184,경기도,양주시,백석생활체육공원리틀야구장,16,양주 2024_06.csv,문화관광,레저스포츠시설
양주,2024,6,2024-06,185,경기도,양주시,투혼정심관양주지부,15,양주 2024_06.csv,레저스포츠,기타레저스포츠
양주,2024,6,2024-06,185,경기도,양주시,수월사,15,양주 2024_06.csv,역사관광,종교성지
양주,2024,6,2024-06,185,경기도,양주시,쌍용사,15,양주 2024_06.csv,역사관광,종교성지
양주,2024,6,2024-06,185,경기도,양주시,양주시티즌축구클럽,15,양주 2024_06.csv,문화관광,레저스포츠시설
양주,2024,6,2024-06,189,경기도,양주시,나누리근린공원,13,양주 2024_06.csv,문화관광,도시공원
양주,2024,6,2024-06,189,경기도,양주시,신암지,13,양주 2024_06.csv,자연관광,자연경관(하천/해양)
양주,2024,6,2024-06,189,경기도,양주시,송추팜,13,양주 2024_06.csv,체험관광,농/산/어촌체험
양주,2024,6,2024-06,189,경기도,양주시,도하저수지,13,양주 2024_06.csv,자연관광,자연경관(하천/해양)
양주,2024,6,2024-06,189,경기도,양주시,도락산,13,양주 2024_06.csv,자연관광,자연경관(산)
양주,2024,6,2024-06,194,경기도,양주시,보현사,11,양주 2024_06.csv,역사관광,종교성지
양주,2024,6,2024-06,194,경기도,양주시,양주농원,11,양주 2024_06.csv,체험관광,농/산/어촌체험
양주,2024,6,2024-06,196,경기도,양주시,아트휠즈,10,양주 2024_06.csv,레저스포츠,육상레저스포츠
양주,2024,6,2024-06,196,경기도,양주시,양주시 현충탑,10,양주 2024_06.csv,역사관광,역사유물
양주,2024,6,2024-06,196,경기도,양주시,여성봉,10,양주 2024_06.csv,자연관광,자연경관(산)
양주,2024,6,2024-06,199,경기도,양주시,진영농장,9,양주 2024_06.csv,체험관광,농/산/어촌체험
양주,2024,6,2024-06,199,경기도,양주시,뽀로로맘앤키즈카페이마트양주점,9,양주 2024_06.csv,문화관광,테마공원
양주,2024,6,2024-06,201,경기도,양주시,양주대모산성,8,양주 2024_06.csv,역사관광,역사유적지
양주,2024,6,2024-06,201,경기도,양주시,부흥사,8,양주 2024_06.csv,역사관광,종교성지
양주,2024,6,2024-06,201,경기도,양주시,각명사,8,양주 2024_06.csv,역사관광,종교성지
양주,2024,6,2024-06,201,경기도,양주시,장흥수영장,8,양주 2024_06.csv,문화관광,테마공원
양주,2024,6,2024-06,201,경기도,양주시,라라의뜰,8,양주 2024_06.csv,체험관광,농/산/어촌체험
양주,2024,6,2024-06,201,경기도,양주시,선그로원예,8,양주 2024_06.csv,체험관광,농/산/어촌체험
양주,2024,6,2024-06,201,경기도,양주시,가래비빙벽장,8,양주 2024_06.csv,레저스포츠,기타레저스포츠
양주,2024,6,2024-06,208,경기도,양주시,양주시감동VR체험관,7,양주 2024_06.csv,레저스포츠,기타레저스포츠
양주,2024,6,2024-06,208,경기도,양주시,대장금눈썰매장,7,양주 2024_06.csv,레저스포츠,육상레저스포츠
양주,2024,6,2024-06,208,경기도,양주시,나눔갤러리블루,7,양주 2024_06.csv,문화관광,전시시설
양주,2024,6,2024-06,211,경기도,양주시,신흥레저워터월드,6,양주 2024_06.csv,문화관광,테마공원
양주,2024,6,2024-06,211,경기도,양주시,아카시아농원,6,양주 2024_06.csv,체험관광,농/산/어촌체험
양주,2024,6,2024-06,211,경기도,양주시,원더키즈,6,양주 2024_06.csv,문화관광,테마공원
양주,2024,6,2024-06,211,경기도,양주시,사패산송추방면,6,양주 2024_06.csv,자연관광,자연경관(산)
양주,2024,6,2024-06,211,경기도,양주시,해마루농원,6,양주 2024_06.csv,체험관광,농/산/어촌체험
양주,2024,6,2024-06,211,경기도,양주시,낙락저수지,6,양주 2024_06.csv,자연관광,자연경관(하천/해양)
양주,2024,6,2024-06,211,경기도,양주시,양주골김치체험박물관,6,양주 2024_06.csv,문화관광,전시시설
양주,2024,6,2024-06,211,경기도,양주시,오상갤러리,6,양주 2024_06.csv,문화관광,전시시설
양주,2024,6,2024-06,219,경기도,양주시,farm5150,5,양주 2024_06.csv,체험관광,공예체험
양주,2024,6,2024-06,219,경기도,양주시,승호농장,5,양주 2024_06.csv,체험관광,농/산/어촌체험
양주,2024,6,2024-06,219,경기도,양주시,하얀돌마을정원,5,양주 2024_06.csv,문화관광,도시공원
양주,2024,6,2024-06,219,경기도,양주시,보타사,5,양주 2024_06.csv,역사관광,종교성지
양주,2024,6,2024-06,219,경기도,양주시,영풍농장,5,양주 2024_06.csv,체험관광,농/산/어촌체험
양주,2024,6,2024-06,224,경기도,양주시,리틀웨일키즈풀파티룸,4,양주 2024_06.csv,문화관광,테마공원
양주,2024,6,2024-06,224,경기도,양주시,쿠키팜,4,양주 2024_06.csv,체험관광,공예체험
양주,2024,6,2024-06,224,경기도,양주시,양주산성배틀존필드,4,양주 2024_06.csv,레저스포츠,육상레저스포츠
양주,2024,6,2024-06,224,경기도,양주시,봉우근린공원,4,양주 2024_06.csv,문화관광,도시공원
양주,2024,6,2024-06,224,경기도,양주시,양주문화예술회관대공연장,4,양주 2024_06.csv,문화관광,공연시설
양주,2024,6,2024-06,224,경기도,양주시,태평목장,4,양주 2024_06.csv,체험관광,농/산/어촌체험
양주,2024,6,2024-06,224,경기도,양주시,약사사,4,양주 2024_06.csv,역사관광,종교성지
양주,2024,6,2024-06,224,경기도,양주시,감악산목장,4,양주 2024_06.csv,체험관광,농/산/어촌체험
양주,2024,6,2024-06,224,경기도,양주시,유수풀물놀이장,4,양주 2024_06.csv,문화관광,테마공원
양주,2024,6,2024-06,224,경기도,양주시,동광정사,4,양주 2024_06.csv,역사관광,종교성지
양주,2024,6,2024-06,224,경기도,양주시,도봉라이거파크도봉산리그야구장,4,양주 2024_06.csv,문화관광,레저스포츠시설
양주,2024,6,2024-06,224,경기도,양주시,점프윙스줄넘기클럽줄기차게,4,양주 2024_06.csv,레저스포츠,기타레저스포츠
양주,2024,6,2024-06,236,경기도,양주시,체형교정연구소바르다,3,양주 2024_06.csv,레저스포츠,기타레저스포츠
양주,2024,6,2024-06,236,경기도,양주시,덕정소공원,3,양주 2024_06.csv,문화관광,도시공원
양주,2024,6,2024-06,236,경기도,양주시,무아메메폴댄스,3,양주 2024_06.csv,레저스포츠,기타레저스포츠
양주,2024,6,2024-06,236,경기도,양주시,앤식깡,3,양주 2024_06.csv,체험관광,농/산/어촌체험
양주,2024,6,2024-06,236,경기도,양주시,88보트장,3,양주 2024_06.csv,레저스포츠,수상레저스포츠
양주,2024,6,2024-06,236,경기도,양주시,양주남면의느티나무,3,양주 2024_06.csv,역사관광,역사유적지
양주,2024,6,2024-06,236,경기도,양주시,대영사슴목장,3,양주 2024_06.csv,체험관광,농/산/어촌체험
양주,2024,6,2024-06,236,경기도,양주시,망당산,3,양주 2024_06.csv,자연관광,자연경관(산)
양주,2024,6,2024-06,236,경기도,양주시,무호정,3,양주 2024_06.csv,레저스포츠,육상레저스포츠
양주,2024,6,2024-06,236,경기도,양주시,송곡농장,3,양주 2024_06.csv,체험관광,농/산/어촌체험
양주,2024,6,2024-06,236,경기도,양주시,원학농장,3,양주 2024_06.csv,체험관광,농/산/어촌체험
양주,2024,6,2024-06,236,경기도,양주시,삼수니농장,3,양주 2024_06.csv,체험관광,농/산/어촌체험
양주,2024,6,2024-06,236,경기도,양주시,양주산성야구장,3,양주 2024_06.csv,문화관광,레저스포츠시설
양주,2024,6,2024-06,236,경기도,양주시,조소앙선생기념공원,3,양주 2024_06.csv,문화관광,도시공원
양주,2024,6,2024-06,236,경기도,양주시,장흥버섯농장,3,양주 2024_06.csv,체험관광,농/산/어촌체험
양주,2024,6,2024-06,236,경기도,양주시,모자농원,3,양주 2024_06.csv,체험관광,농/산/어촌체험
양주,2024,6,2024-06,236,경기도,양주시,양주탁구클럽,3,양주 2024_06.csv,레저스포츠,기타레저스포츠
양주,2024,6,2024-06,236,경기도,양주시,효진푸드,3,양주 2024_06.csv,쇼핑,시장
양주,2024,6,2024-06,236,경기도,양주시,호국비룡사,3,양주 2024_06.csv,역사관광,종교성지
양주,2024,6,2024-06,236,경기도,양주시,군남농장,3,양주 2024_06.csv,체험관광,농/산/어촌체험
양주,2024,6,2024-06,236,경기도,양주시,라온승마아카데미,3,양주 2024_06.csv,레저스포츠,육상레저스포츠
양주,2024,6,2024-06,236,경기도,양주시,묵은저수지,3,양주 2024_06.csv,자연관광,자연경관(하천/해양)
양주,2024,6,2024-06,236,경기도,양주시,연이공방,3,양주 2024_06.csv,체험관광,공예체험
양주,2024,6,2024-06,236,경기도,양주시,양주고읍유도체육관,3,양주 2024_06.csv,레저스포츠,기타레저스포츠
양주,2024,6,2024-06,236,경기도,양주시,홍복산,3,양주 2024_06.csv,자연관광,자연경관(산)
양주,2024,6,2024-06,236,경기도,양주시,진도농원,3,양주 2024_06.csv,체험관광,농/산/어촌체험
양주,2024,6,2024-06,236,경기도,양주시,쿤스트마쿤,3,양주 2024_06.csv,체험관광,공예체험
양주,2024,7,2024-07,1,경기도,양주시,LF스퀘어양주점,10671,양주 2024_07.csv,쇼핑,쇼핑몰
양주,2024,7,2024-07,2,경기도,양주시,레이크우드CC,5913,양주 2024_07.csv,레저스포츠,육상레저스포츠
양주,2024,7,2024-07,3,경기도,양주시,송추계곡,5821,양주 2024_07.csv,자연관광,자연경관(산)
양주,2024,7,2024-07,4,경기도,양주시,송추CC,3452,양주 2024_07.csv,레저스포츠,육상레저스포츠
양주,2024,7,2024-07,5,경기도,양주시,장흥관광지,2207,양주 2024_07.csv,문화관광,복합관광시설
양주,2024,7,2024-07,6,경기도,양주시,두리랜드,1797,양주 2024_07.csv,문화관광,테마공원
양주,2024,7,2024-07,7,경기도,양주시,히든밸리송추,1527,양주 2024_07.csv,문화관광,테마공원
양주,2024,7,2024-07,8,경기도,양주시,장흥한옥수영장,1286,양주 2024_07.csv,문화관광,테마공원
양주,2024,7,2024-07,9,경기도,양주시,루이힐스CC,1169,양주 2024_07.csv,레저스포츠,육상레저스포츠
양주,2024,7,2024-07,10,경기도,양주시,일영유원지,1079,양주 2024_07.csv,문화관광,복합관광시설
양주,2024,7,2024-07,11,경기도,양주시,기산저수지,1007,양주 2024_07.csv,자연관광,자연경관(하천/해양)
양주,2024,7,2024-07,12,경기도,양주시,양주시립장욱진미술관,825,양주 2024_07.csv,문화관광,전시시설
양주,2024,7,2024-07,13,경기도,양주시,송추역,820,양주 2024_07.csv,기타관광,교통시설
양주,2024,7,2024-07,14,경기도,양주시,장흥자동차극장,777,양주 2024_07.csv,문화관광,공연시설
양주,2024,7,2024-07,15,경기도,양주시,가나아트파크,769,양주 2024_07.csv,문화관광,전시시설
양주,2024,7,2024-07,16,경기도,양주시,그랜드유원지,734,양주 2024_07.csv,기타관광,기타관광
양주,2024,7,2024-07,17,경기도,양주시,메가박스양주,718,양주 2024_07.csv,문화관광,공연시설
양주,2024,7,2024-07,18,경기도,양주시,가래비만세시장,700,양주 2024_07.csv,쇼핑,시장
양주,2024,7,2024-07,19,경기도,양주시,신흥레저타운,691,양주 2024_07.csv,레저스포츠,기타레저스포츠
양주,2024,7,2024-07,20,경기도,양주시,백석생활체육공원,639,양주 2024_07.csv,문화관광,도시공원
양주,2024,7,2024-07,21,경기도,양주시,옥정체육공원,624,양주 2024_07.csv,문화관광,도시공원
양주,2024,7,2024-07,22,경기도,양주시,일영워터힐,608,양주 2024_07.csv,문화관광,테마공원
양주,2024,7,2024-07,23,경기도,양주시,딱따구리청소년수련원,601,양주 2024_07.csv,레저스포츠,육상레저스포츠
양주,2024,7,2024-07,24,경기도,양주시,국립아세안자연휴양림,574,양주 2024_07.csv,자연관광,자연공원
양주,2024,7,2024-07,25,경기도,양주시,송추로얄암반수수영장,549,양주 2024_07.csv,문화관광,테마공원
양주,2024,7,2024-07,26,경기도,양주시,조명박물관,446,양주 2024_07.csv,문화관광,전시시설
양주,2024,7,2024-07,27,경기도,양주시,연꽃빌리지관광농원,444,양주 2024_07.csv,체험관광,농/산/어촌체험
양주,2024,7,2024-07,28,경기도,양주시,양주유수풀파크&바베큐장,434,양주 2024_07.csv,문화관광,테마공원
양주,2024,7,2024-07,29,경기도,양주시,헤세의정원,423,양주 2024_07.csv,문화관광,기타문화관광지
양주,2024,7,2024-07,30,경기도,양주시,고덕생활체육공원,414,양주 2024_07.csv,문화관광,도시공원
양주,2024,7,2024-07,31,경기도,양주시,일영역,403,양주 2024_07.csv,기타관광,교통시설
양주,2024,7,2024-07,32,경기도,양주시,청련사,394,양주 2024_07.csv,역사관광,종교성지
양주,2024,7,2024-07,33,경기도,양주시,장흥계곡,391,양주 2024_07.csv,자연관광,자연경관(산)
양주,2024,7,2024-07,34,경기도,양주시,양주팬텀실내풋살장,388,양주 2024_07.csv,레저스포츠,기타레저스포츠
양주,2024,7,2024-07,35,경기도,양주시,신암낚시터,365,양주 2024_07.csv,레저스포츠,수상레저스포츠
양주,2024,7,2024-07,36,경기도,양주시,멜버른승마장,360,양주 2024_07.csv,레저스포츠,육상레저스포츠
양주,2024,7,2024-07,37,경기도,양주시,어둔리저수지,353,양주 2024_07.csv,자연관광,자연경관(하천/해양)
양주,2024,7,2024-07,38,경기도,양주시,토도,352,양주 2024_07.csv,문화관광,테마공원
양주,2024,7,2024-07,39,경기도,양주시,신흥레저워터월드,350,양주 2024_07.csv,문화관광,테마공원
양주,2024,7,2024-07,40,경기도,양주시,봉암저수지,345,양주 2024_07.csv,자연관광,자연경관(하천/해양)
양주,2024,7,2024-07,41,경기도,양주시,장자원낚시터,343,양주 2024_07.csv,레저스포츠,수상레저스포츠
양주,2024,7,2024-07,42,경기도,양주시,나리농원,338,양주 2024_07.csv,체험관광,농/산/어촌체험
양주,2024,7,2024-07,43,경기도,양주시,공존풋살파크양주점,332,양주 2024_07.csv,문화관광,레저스포츠시설
양주,2024,7,2024-07,43,경기도,양주시,헬로방방양주점,332,양주 2024_07.csv,문화관광,테마공원
양주,2024,7,2024-07,45,경기도,양주시,MBP리그,322,양주 2024_07.csv,문화관광,레저스포츠시설
양주,2024,7,2024-07,46,경기도,양주시,원당저수지,321,양주 2024_07.csv,자연관광,자연경관(하천/해양)
양주,2024,7,2024-07,47,경기도,양주시,장흥돌고개유원지,317,양주 2024_07.csv,문화관광,복합관광시설
양주,2024,7,2024-07,48,경기도,양주시,양주베이스볼파크,312,양주 2024_07.csv,문화관광,레저스포츠시설
양주,2024,7,2024-07,49,경기도,양주시,TBS도봉산축구장,292,양주 2024_07.csv,문화관광,레저스포츠시설
양주,2024,7,2024-07,50,경기도,양주시,송암스페이스센터,283,양주 2024_07.csv,기타관광,기타관광
양주,2024,7,2024-07,51,경기도,양주시,더콕배드민턴레슨센터,282,양주 2024_07.csv,레저스포츠,기타레저스포츠
양주,2024,7,2024-07,52,경기도,양주시,스카이야구장,280,양주 2024_07.csv,문화관광,레저스포츠시설
양주,2024,7,2024-07,53,경기도,양주시,석굴암,274,양주 2024_07.csv,역사관광,종교성지
양주,2024,7,2024-07,54,경기도,양주시,일영랜드수영장,259,양주 2024_07.csv,문화관광,테마공원
양주,2024,7,2024-07,55,경기도,양주시,양주시청소년수련원,258,양주 2024_07.csv,레저스포츠,육상레저스포츠
양주,2024,7,2024-07,55,경기도,양주시,장흥역,258,양주 2024_07.csv,기타관광,교통시설
양주,2024,7,2024-07,57,경기도,양주시,칠봉산CC,256,양주 2024_07.csv,레저스포츠,육상레저스포츠
양주,2024,7,2024-07,58,경기도,양주시,양주별산대놀이마당,254,양주 2024_07.csv,문화관광,기타문화관광지
양주,2024,7,2024-07,59,경기도,양주시,신천생활체육공원,247,양주 2024_07.csv,문화관광,도시공원
양주,2024,7,2024-07,59,경기도,양주시,장흥생활체육공원,247,양주 2024_07.csv,문화관광,도시공원
양주,2024,7,2024-07,61,경기도,양주시,효촌저수지,243,양주 2024_07.csv,자연관광,자연경관(하천/해양)
양주,2024,7,2024-07,61,경기도,양주시,청암민속박물관,243,양주 2024_07.csv,문화관광,전시시설
양주,2024,7,2024-07,63,경기도,양주시,양주풋살파크제1구장,240,양주 2024_07.csv,문화관광,레저스포츠시설
양주,2024,7,2024-07,64,경기도,양주시,장흥자생수목원,235,양주 2024_07.csv,자연관광,자연공원
양주,2024,7,2024-07,65,경기도,양주시,오림피아수영장,234,양주 2024_07.csv,문화관광,테마공원
양주,2024,7,2024-07,66,경기도,양주시,송추낚시터,233,양주 2024_07.csv,레저스포츠,수상레저스포츠
양주,2024,7,2024-07,67,경기도,양주시,스카이워터파크,232,양주 2024_07.csv,문화관광,테마공원
양주,2024,7,2024-07,68,경기도,양주시,옥정배수지체육공원,230,양주 2024_07.csv,문화관광,도시공원
양주,2024,7,2024-07,69,경기도,양주시,VIP야구장,223,양주 2024_07.csv,문화관광,레저스포츠시설
양주,2024,7,2024-07,70,경기도,양주시,덕계저수지,221,양주 2024_07.csv,자연관광,자연경관(하천/해양)
양주,2024,7,2024-07,71,경기도,양주시,양주시승마장,208,양주 2024_07.csv,레저스포츠,육상레저스포츠
양주,2024,7,2024-07,72,경기도,양주시,삼하낚시터,198,양주 2024_07.csv,레저스포츠,수상레저스포츠
양주,2024,7,2024-07,73,경기도,양주시,양주테크노풋살센터,187,양주 2024_07.csv,레저스포츠,기타레저스포츠
양주,2024,7,2024-07,74,경기도,양주시,고읍축구장,186,양주 2024_07.csv,문화관광,레저스포츠시설
양주,2024,7,2024-07,75,경기도,양주시,ND야구장,185,양주 2024_07.csv,문화관광,레저스포츠시설
양주,2024,7,2024-07,76,경기도,양주시,장흥축구장,176,양주 2024_07.csv,문화관광,레저스포츠시설
양주,2024,7,2024-07,77,경기도,양주시,덕계공원,175,양주 2024_07.csv,문화관광,도시공원
양주,2024,7,2024-07,78,경기도,양주시,지장사,169,양주 2024_07.csv,역사관광,종교성지
양주,2024,7,2024-07,78,경기도,양주시,한성승마클럽,169,양주 2024_07.csv,레저스포츠,육상레저스포츠
양주,2024,7,2024-07,80,경기도,양주시,클라임크루,165,양주 2024_07.csv,레저스포츠,기타레저스포츠
양주,2024,7,2024-07,81,경기도,양주시,광백저수지,161,양주 2024_07.csv,자연관광,자연경관(하천/해양)
양주,2024,7,2024-07,81,경기도,양주시,나리공원파크골프장,161,양주 2024_07.csv,레저스포츠,육상레저스포츠
양주,2024,7,2024-07,81,경기도,양주시,옥정체육공원축구장,161,양주 2024_07.csv,문화관광,레저스포츠시설
양주,2024,7,2024-07,84,경기도,양주시,EP베이스볼파크,157,양주 2024_07.csv,문화관광,레저스포츠시설
양주,2024,7,2024-07,85,경기도,양주시,은현피싱타운,153,양주 2024_07.csv,레저스포츠,수상레저스포츠
양주,2024,7,2024-07,86,경기도,양주시,신산리공원,136,양주 2024_07.csv,문화관광,도시공원
양주,2024,7,2024-07,87,경기도,양주시,마스터풋볼클럽,131,양주 2024_07.csv,레저스포츠,기타레저스포츠
양주,2024,7,2024-07,87,경기도,양주시,양주관아지,131,양주 2024_07.csv,역사관광,역사유적지
양주,2024,7,2024-07,89,경기도,양주시,장흥야구장,130,양주 2024_07.csv,문화관광,레저스포츠시설
양주,2024,7,2024-07,90,경기도,양주시,남경수목원,127,양주 2024_07.csv,체험관광,농/산/어촌체험
양주,2024,7,2024-07,91,경기도,양주시,씽씽롤러스케이트장,124,양주 2024_07.csv,레저스포츠,육상레저스포츠
양주,2024,7,2024-07,92,경기도,양주시,장흥조각공원,120,양주 2024_07.csv,문화관광,도시공원
양주,2024,7,2024-07,93,경기도,양주시,유수풀물놀이장,114,양주 2024_07.csv,문화관광,테마공원
양주,2024,7,2024-07,94,경기도,양주시,티제이풋살파크,113,양주 2024_07.csv,레저스포츠,기타레저스포츠
양주,2024,7,2024-07,94,경기도,양주시,고려대학교송추야구장,113,양주 2024_07.csv,문화관광,레저스포츠시설
양주,2024,7,2024-07,96,경기도,양주시,양주인공암벽장,112,양주 2024_07.csv,레저스포츠,기타레저스포츠
양주,2024,7,2024-07,96,경기도,양주시,온릉,112,양주 2024_07.csv,역사관광,역사유적지
양주,2024,7,2024-07,98,경기도,양주시,아지트배드민턴,110,양주 2024_07.csv,레저스포츠,기타레저스포츠
양주,2024,7,2024-07,99,경기도,양주시,육지장사,109,양주 2024_07.csv,역사관광,종교성지
양주,2024,7,2024-07,100,경기도,양주시,북한산국립공원교현탐방지원센터,108,양주 2024_07.csv,기타관광,기타관광
양주,2024,7,2024-07,101,경기도,양주시,대원정사,107,양주 2024_07.csv,역사관광,종교성지
양주,2024,7,2024-07,102,경기도,양주시,나비랑키즈카페,105,양주 2024_07.csv,문화관광,테마공원
양주,2024,7,2024-07,103,경기도,양주시,공차실내풋살,104,양주 2024_07.csv,문화관광,레저스포츠시설
양주,2024,7,2024-07,104,경기도,양주시,화담정사,102,양주 2024_07.csv,역사관광,종교성지
양주,2024,7,2024-07,105,경기도,양주시,장흥수영장,98,양주 2024_07.csv,문화관광,테마공원
양주,2024,7,2024-07,105,경기도,양주시,나리공원물놀이장,98,양주 2024_07.csv,문화관광,테마공원
양주,2024,7,2024-07,107,경기도,양주시,백석생활체육공원야구장,97,양주 2024_07.csv,문화관광,레저스포츠시설
양주,2024,7,2024-07,108,경기도,양주시,금바위저수지,94,양주 2024_07.csv,자연관광,자연경관(하천/해양)
양주,2024,7,2024-07,109,경기도,양주시,원더풀키즈수영장,93,양주 2024_07.csv,문화관광,테마공원
양주,2024,7,2024-07,110,경기도,양주시,후니버설스튜디오,88,양주 2024_07.csv,문화관광,전시시설
양주,2024,7,2024-07,110,경기도,양주시,한국축구센터,88,양주 2024_07.csv,문화관광,레저스포츠시설
양주,2024,7,2024-07,112,경기도,양주시,가나2아뜰리에,87,양주 2024_07.csv,문화관광,기타문화관광지
양주,2024,7,2024-07,113,경기도,양주시,타겟28실내양궁장,85,양주 2024_07.csv,레저스포츠,육상레저스포츠
양주,2024,7,2024-07,114,경기도,양주시,일영낚시터,84,양주 2024_07.csv,레저스포츠,수상레저스포츠
양주,2024,7,2024-07,115,경기도,양주시,안상철미술관,83,양주 2024_07.csv,문화관광,전시시설
양주,2024,7,2024-07,116,경기도,양주시,장흥자연휴양림,82,양주 2024_07.csv,자연관광,자연공원
양주,2024,7,2024-07,117,경기도,양주시,양주시립민복진미술관,78,양주 2024_07.csv,문화관광,전시시설
양주,2024,7,2024-07,118,경기도,양주시,광적생활체육공원축구장,74,양주 2024_07.csv,문화관광,레저스포츠시설
양주,2024,7,2024-07,119,경기도,양주시,송추다보사,73,양주 2024_07.csv,역사관광,종교성지
양주,2024,7,2024-07,120,경기도,양주시,샘내고개,71,양주 2024_07.csv,자연관광,자연경관(산)
양주,2024,7,2024-07,121,경기도,양주시,신천생활체육공원축구장,69,양주 2024_07.csv,문화관광,레저스포츠시설
양주,2024,7,2024-07,122,경기도,양주시,송추원각사,66,양주 2024_07.csv,역사관광,종교성지
양주,2024,7,2024-07,123,경기도,양주시,강호이앤티,60,양주 2024_07.csv,레저스포츠,기타레저스포츠
양주,2024,7,2024-07,123,경기도,양주시,한마음청소년수련원수영장,60,양주 2024_07.csv,문화관광,테마공원
양주,2024,7,2024-07,125,경기도,양주시,하늘물공원,59,양주 2024_07.csv,문화관광,도시공원
양주,2024,7,2024-07,125,경기도,양주시,광사낚시터,59,양주 2024_07.csv,레저스포츠,수상레저스포츠
양주,2024,7,2024-07,127,경기도,양주시,권율장군묘,58,양주 2024_07.csv,역사관광,역사유적지
양주,2024,7,2024-07,127,경기도,양주시,효촌리낚시터,58,양주 2024_07.csv,레저스포츠,수상레저스포츠
양주,2024,7,2024-07,129,경기도,양주시,조소앙선생기념관,57,양주 2024_07.csv,문화관광,전시시설
양주,2024,7,2024-07,130,경기도,양주시,못말낚시터,56,양주 2024_07.csv,레저스포츠,수상레저스포츠
양주,2024,7,2024-07,131,경기도,양주시,양주향교,54,양주 2024_07.csv,역사관광,역사유적지
양주,2024,7,2024-07,132,경기도,양주시,스트라이크존볼파크양주,52,양주 2024_07.csv,문화관광,레저스포츠시설
양주,2024,7,2024-07,133,경기도,양주시,가나1아뜰리에,48,양주 2024_07.csv,문화관광,기타문화관광지
양주,2024,7,2024-07,133,경기도,양주시,위바운스,48,양주 2024_07.csv,문화관광,테마공원
양주,2024,7,2024-07,135,경기도,양주시,백석배수지생활체육공원,47,양주 2024_07.csv,문화관광,도시공원
양주,2024,7,2024-07,136,경기도,양주시,광적생활체육공원,45,양주 2024_07.csv,문화관광,도시공원
양주,2024,7,2024-07,136,경기도,양주시,홍복저수지,45,양주 2024_07.csv,자연관광,자연경관(하천/해양)
양주,2024,7,2024-07,136,경기도,양주시,양주천보산림욕장,45,양주 2024_07.csv,자연관광,자연공원
양주,2024,7,2024-07,136,경기도,양주시,봉암낚시터,45,양주 2024_07.csv,레저스포츠,수상레저스포츠
양주,2024,7,2024-07,140,경기도,양주시,백석생활체육공원축구장,44,양주 2024_07.csv,문화관광,레저스포츠시설
양주,2024,7,2024-07,141,경기도,양주시,연화사,42,양주 2024_07.csv,역사관광,종교성지
양주,2024,7,2024-07,141,경기도,양주시,북한산국립공원오봉탐방지원센터,42,양주 2024_07.csv,기타관광,기타관광
양주,2024,7,2024-07,143,경기도,양주시,덕정시장,41,양주 2024_07.csv,쇼핑,시장
양주,2024,7,2024-07,144,경기도,양주시,삼숭생활체육공원,40,양주 2024_07.csv,문화관광,도시공원
양주,2024,7,2024-07,145,경기도,양주시,엄상마을문화거리,38,양주 2024_07.csv,문화관광,테마공원
양주,2024,7,2024-07,146,경기도,양주시,마리조아승마클럽,37,양주 2024_07.csv,레저스포츠,육상레저스포츠
양주,2024,7,2024-07,147,경기도,양주시,양주풋살파크제2구장,36,양주 2024_07.csv,레저스포츠,기타레저스포츠
양주,2024,7,2024-07,148,경기도,양주시,대승사,34,양주 2024_07.csv,역사관광,종교성지
양주,2024,7,2024-07,149,경기도,양주시,연곡저수지,32,양주 2024_07.csv,자연관광,자연경관(하천/해양)
양주,2024,7,2024-07,149,경기도,양주시,은현낚시터,32,양주 2024_07.csv,레저스포츠,수상레저스포츠
양주,2024,7,2024-07,149,경기도,양주시,777레지던스,32,양주 2024_07.csv,문화관광,전시시설
양주,2024,7,2024-07,152,경기도,양주시,어둔리남방낚시터,31,양주 2024_07.csv,레저스포츠,수상레저스포츠
양주,2024,7,2024-07,152,경기도,양주시,송추아트밸리,31,양주 2024_07.csv,문화관광,도시공원
양주,2024,7,2024-07,154,경기도,양주시,노고산주말농장,29,양주 2024_07.csv,체험관광,농/산/어촌체험
양주,2024,7,2024-07,155,경기도,양주시,기산리유원지,28,양주 2024_07.csv,문화관광,복합관광시설
양주,2024,7,2024-07,156,경기도,양주시,신산장,27,양주 2024_07.csv,쇼핑,시장
양주,2024,7,2024-07,156,경기도,양주시,동산가든낚시터,27,양주 2024_07.csv,레저스포츠,수상레저스포츠
양주,2024,7,2024-07,158,경기도,양주시,덕수레저타운,26,양주 2024_07.csv,레저스포츠,기타레저스포츠
양주,2024,7,2024-07,158,경기도,양주시,덕계낚시터,26,양주 2024_07.csv,레저스포츠,수상레저스포츠
양주,2024,7,2024-07,158,경기도,양주시,북한산둘레길13구간,26,양주 2024_07.csv,레저스포츠,기타레저스포츠
양주,2024,7,2024-07,161,경기도,양주시,송암천문대,25,양주 2024_07.csv,기타관광,기타관광
양주,2024,7,2024-07,161,경기도,양주시,원각폭포,25,양주 2024_07.csv,자연관광,자연경관(산)
양주,2024,7,2024-07,163,경기도,양주시,불곡산,24,양주 2024_07.csv,자연관광,자연경관(산)
양주,2024,7,2024-07,164,경기도,양주시,금빛갤러리,22,양주 2024_07.csv,문화관광,전시시설
양주,2024,7,2024-07,165,경기도,양주시,홍죽산업단지근린공원,21,양주 2024_07.csv,문화관광,도시공원
양주,2024,7,2024-07,165,경기도,양주시,원당낚시터,21,양주 2024_07.csv,레저스포츠,수상레저스포츠
양주,2024,7,2024-07,167,경기도,양주시,양주시티즌축구클럽,20,양주 2024_07.csv,문화관광,레저스포츠시설
양주,2024,7,2024-07,168,경기도,양주시,투혼정심관양주지부,19,양주 2024_07.csv,레저스포츠,기타레저스포츠
양주,2024,7,2024-07,168,경기도,양주시,백인걸선생묘,19,양주 2024_07.csv,역사관광,역사유적지
양주,2024,7,2024-07,168,경기도,양주시,양주골김치체험박물관,19,양주 2024_07.csv,문화관광,전시시설
양주,2024,7,2024-07,171,경기도,양주시,베이스캠프,16,양주 2024_07.csv,레저스포츠,기타레저스포츠
양주,2024,7,2024-07,172,경기도,양주시,신암지,15,양주 2024_07.csv,자연관광,자연경관(하천/해양)
양주,2024,7,2024-07,172,경기도,양주시,호국흥국사,15,양주 2024_07.csv,역사관광,종교성지
양주,2024,7,2024-07,172,경기도,양주시,리틀웨일키즈풀파티룸,15,양주 2024_07.csv,문화관광,테마공원
양주,2024,7,2024-07,172,경기도,양주시,백수현전통가옥,15,양주 2024_07.csv,역사관광,역사유적지
양주,2024,7,2024-07,172,경기도,양주시,천불사,15,양주 2024_07.csv,역사관광,종교성지
양주,2024,7,2024-07,172,경기도,양주시,각명사,15,양주 2024_07.csv,역사관광,종교성지
양주,2024,7,2024-07,178,경기도,양주시,본주짓수회천점,14,양주 2024_07.csv,레저스포츠,기타레저스포츠
양주,2024,7,2024-07,178,경기도,양주시,보메기낚시터,14,양주 2024_07.csv,레저스포츠,수상레저스포츠
양주,2024,7,2024-07,178,경기도,양주시,살구골낚시터,14,양주 2024_07.csv,레저스포츠,수상레저스포츠
양주,2024,7,2024-07,178,경기도,양주시,나눔갤러리블루,14,양주 2024_07.csv,문화관광,전시시설
양주,2024,7,2024-07,182,경기도,양주시,백석생활체육공원리틀야구장,13,양주 2024_07.csv,문화관광,레저스포츠시설
양주,2024,7,2024-07,183,경기도,양주시,체형교정연구소바르다,12,양주 2024_07.csv,레저스포츠,기타레저스포츠
양주,2024,7,2024-07,183,경기도,양주시,백화암,12,양주 2024_07.csv,역사관광,종교성지
양주,2024,7,2024-07,183,경기도,양주시,해유령전첩지,12,양주 2024_07.csv,역사관광,역사유적지
양주,2024,7,2024-07,183,경기도,양주시,양주시립장욱진미술관통합매표소,12,양주 2024_07.csv,문화관광,복합관광시설
양주,2024,7,2024-07,183,경기도,양주시,부부관광농원,12,양주 2024_07.csv,체험관광,농/산/어촌체험
양주,2024,7,2024-07,188,경기도,양주시,아름다운비행,11,양주 2024_07.csv,문화관광,전시시설
양주,2024,7,2024-07,188,경기도,양주시,비암사,11,양주 2024_07.csv,역사관광,종교성지
양주,2024,7,2024-07,190,경기도,양주시,장흥조각아뜰리에,10,양주 2024_07.csv,문화관광,전시시설
양주,2024,7,2024-07,190,경기도,양주시,호국비룡사,10,양주 2024_07.csv,역사관광,종교성지
양주,2024,7,2024-07,192,경기도,양주시,99풋살파크,9,양주 2024_07.csv,레저스포츠,기타레저스포츠
양주,2024,7,2024-07,193,경기도,양주시,나리다육,8,양주 2024_07.csv,체험관광,농/산/어촌체험
양주,2024,7,2024-07,193,경기도,양주시,양주시감동VR체험관,8,양주 2024_07.csv,레저스포츠,기타레저스포츠
양주,2024,7,2024-07,193,경기도,양주시,선그로원예,8,양주 2024_07.csv,체험관광,농/산/어촌체험
양주,2024,7,2024-07,196,경기도,양주시,양주울대고개순직경찰관추도비,7,양주 2024_07.csv,역사관광,역사유물
양주,2024,7,2024-07,196,경기도,양주시,토리근린공원,7,양주 2024_07.csv,문화관광,도시공원
양주,2024,7,2024-07,196,경기도,양주시,무아메메폴댄스,7,양주 2024_07.csv,레저스포츠,기타레저스포츠
양주,2024,7,2024-07,196,경기도,양주시,모자농원,7,양주 2024_07.csv,체험관광,농/산/어촌체험
양주,2024,7,2024-07,196,경기도,양주시,해마루농원,7,양주 2024_07.csv,체험관광,농/산/어촌체험
양주,2024,7,2024-07,196,경기도,양주시,에코야구장,7,양주 2024_07.csv,문화관광,레저스포츠시설
양주,2024,7,2024-07,196,경기도,양주시,진도농원,7,양주 2024_07.csv,체험관광,농/산/어촌체험
양주,2024,7,2024-07,203,경기도,양주시,나누리근린공원,6,양주 2024_07.csv,문화관광,도시공원
양주,2024,7,2024-07,203,경기도,양주시,보현사,6,양주 2024_07.csv,역사관광,종교성지
양주,2024,7,2024-07,203,경기도,양주시,용암낚시터,6,양주 2024_07.csv,레저스포츠,수상레저스포츠
양주,2024,7,2024-07,203,경기도,양주시,MMA STORY양주점,6,양주 2024_07.csv,레저스포츠,기타레저스포츠
양주,2024,7,2024-07,203,경기도,양주시,무호정,6,양주 2024_07.csv,레저스포츠,육상레저스포츠
양주,2024,7,2024-07,203,경기도,양주시,사패산송추방면,6,양주 2024_07.csv,자연관광,자연경관(산)
양주,2024,7,2024-07,203,경기도,양주시,도하저수지,6,양주 2024_07.csv,자연관광,자연경관(하천/해양)
양주,2024,7,2024-07,203,경기도,양주시,평강수산,6,양주 2024_07.csv,쇼핑,시장
양주,2024,7,2024-07,203,경기도,양주시,라라의뜰,6,양주 2024_07.csv,체험관광,농/산/어촌체험
양주,2024,7,2024-07,212,경기도,양주시,양주대모산성,5,양주 2024_07.csv,역사관광,역사유적지
양주,2024,7,2024-07,213,경기도,양주시,효순.미선평화공원,4,양주 2024_07.csv,문화관광,도시공원
양주,2024,7,2024-07,213,경기도,양주시,양주블루베리농장,4,양주 2024_07.csv,체험관광,농/산/어촌체험
양주,2024,7,2024-07,213,경기도,양주시,양주문화예술회관발물놀이터,4,양주 2024_07.csv,문화관광,테마공원
양주,2024,7,2024-07,213,경기도,양주시,양주농부이범석,4,양주 2024_07.csv,체험관광,농/산/어촌체험
양주,2024,7,2024-07,213,경기도,양주시,윤성에프앤비양주물류센터,4,양주 2024_07.csv,레저스포츠,수상레저스포츠
양주,2024,7,2024-07,213,경기도,양주시,대장금눈썰매장,4,양주 2024_07.csv,레저스포츠,육상레저스포츠
양주,2024,7,2024-07,213,경기도,양주시,부흥사,4,양주 2024_07.csv,역사관광,종교성지
양주,2024,7,2024-07,213,경기도,양주시,양주농촌테마공원,4,양주 2024_07.csv,문화관광,도시공원
양주,2024,7,2024-07,213,경기도,양주시,도락산,4,양주 2024_07.csv,자연관광,자연경관(산)
양주,2024,7,2024-07,213,경기도,양주시,돌고개,4,양주 2024_07.csv,자연관광,자연경관(산)
양주,2024,7,2024-07,223,경기도,양주시,모모앤던목공작업실,3,양주 2024_07.csv,체험관광,공예체험
양주,2024,7,2024-07,223,경기도,양주시,진영농장,3,양주 2024_07.csv,체험관광,농/산/어촌체험
양주,2024,7,2024-07,223,경기도,양주시,천봉나전칠기체험관,3,양주 2024_07.csv,문화관광,기타문화관광지
양주,2024,7,2024-07,223,경기도,양주시,뽀로로맘앤키즈카페이마트양주점,3,양주 2024_07.csv,문화관광,테마공원
양주,2024,7,2024-07,223,경기도,양주시,고읍제2어린이공원,3,양주 2024_07.csv,문화관광,도시공원
양주,2024,7,2024-07,223,경기도,양주시,오운온세라믹스튜디오,3,양주 2024_07.csv,체험관광,공예체험
양주,2024,7,2024-07,223,경기도,양주시,기산낚시터,3,양주 2024_07.csv,레저스포츠,수상레저스포츠
양주,2024,7,2024-07,223,경기도,양주시,앤식깡,3,양주 2024_07.csv,체험관광,농/산/어촌체험
양주,2024,7,2024-07,223,경기도,양주시,양주시종합관광안내센터,3,양주 2024_07.csv,기타관광,기타관광
양주,2024,7,2024-07,223,경기도,양주시,피카램프,3,양주 2024_07.csv,체험관광,공예체험
양주,2024,7,2024-07,223,경기도,양주시,송암사,3,양주 2024_07.csv,역사관광,종교성지
양주,2024,7,2024-07,223,경기도,양주시,이준선생묘,3,양주 2024_07.csv,역사관광,역사유적지
양주,2024,7,2024-07,223,경기도,양주시,대영사슴목장,3,양주 2024_07.csv,체험관광,농/산/어촌체험
양주,2024,7,2024-07,223,경기도,양주시,도봉산,3,양주 2024_07.csv,자연관광,자연경관(산)
양주,2024,7,2024-07,223,경기도,양주시,기원정사,3,양주 2024_07.csv,역사관광,종교성지
양주,2024,7,2024-07,223,경기도,양주시,대성사,3,양주 2024_07.csv,역사관광,종교성지
양주,2024,7,2024-07,223,경기도,양주시,양주시 백석읍 안고령,3,양주 2024_07.csv,문화관광,도시/지역문화관광
양주,2024,7,2024-07,223,경기도,양주시,송곡농장,3,양주 2024_07.csv,체험관광,농/산/어촌체험
양주,2024,7,2024-07,223,경기도,양주시,양주아트밸리눈썰매장,3,양주 2024_07.csv,레저스포츠,육상레저스포츠
양주,2024,7,2024-07,223,경기도,양주시,원학농장,3,양주 2024_07.csv,체험관광,농/산/어촌체험
양주,2024,7,2024-07,223,경기도,양주시,조소앙선생기념공원,3,양주 2024_07.csv,문화관광,도시공원
양주,2024,7,2024-07,223,경기도,양주시,마하보디사,3,양주 2024_07.csv,역사관광,종교성지
양주,2024,7,2024-07,223,경기도,양주시,효진푸드,3,양주 2024_07.csv,쇼핑,시장
양주,2024,7,2024-07,223,경기도,양주시,여성봉,3,양주 2024_07.csv,자연관광,자연경관(산)
양주,2024,7,2024-07,223,경기도,양주시,쌍용사,3,양주 2024_07.csv,역사관광,종교성지
양주,2024,7,2024-07,223,경기도,양주시,문수사,3,양주 2024_07.csv,역사관광,종교성지
양주,2024,7,2024-07,223,경기도,양주시,영산법화사,3,양주 2024_07.csv,역사관광,종교성지
양주,2024,7,2024-07,223,경기도,양주시,후평공원,3,양주 2024_07.csv,문화관광,도시공원
양주,2024,7,2024-07,223,경기도,양주시,엄마네텃밭,3,양주 2024_07.csv,체험관광,농/산/어촌체험
양주,2024,7,2024-07,223,경기도,양주시,가래비빙벽장,3,양주 2024_07.csv,레저스포츠,기타레저스포츠
양주,2024,7,2024-07,223,경기도,양주시,양주농원,3,양주 2024_07.csv,체험관광,농/산/어촌체험
양주,2024,8,2024-08,1,경기도,양주시,송추계곡,12387,양주 2024_08.csv,자연관광,자연경관(산)
양주,2024,8,2024-08,2,경기도,양주시,LF스퀘어양주점,10971,양주 2024_08.csv,쇼핑,쇼핑몰
양주,2024,8,2024-08,3,경기도,양주시,레이크우드CC,5263,양주 2024_08.csv,레저스포츠,육상레저스포츠
양주,2024,8,2024-08,4,경기도,양주시,장흥관광지,3529,양주 2024_08.csv,문화관광,복합관광시설
양주,2024,8,2024-08,5,경기도,양주시,송추CC,3049,양주 2024_08.csv,레저스포츠,육상레저스포츠
양주,2024,8,2024-08,6,경기도,양주시,히든밸리송추,3004,양주 2024_08.csv,문화관광,테마공원
양주,2024,8,2024-08,7,경기도,양주시,그랜드유원지,2723,양주 2024_08.csv,기타관광,기타관광
양주,2024,8,2024-08,8,경기도,양주시,장흥한옥수영장,2660,양주 2024_08.csv,문화관광,테마공원
양주,2024,8,2024-08,9,경기도,양주시,두리랜드,2443,양주 2024_08.csv,문화관광,테마공원
양주,2024,8,2024-08,10,경기도,양주시,가나아트파크,2345,양주 2024_08.csv,문화관광,전시시설
양주,2024,8,2024-08,11,경기도,양주시,일영유원지,1857,양주 2024_08.csv,문화관광,복합관광시설
양주,2024,8,2024-08,12,경기도,양주시,송추로얄암반수수영장,1651,양주 2024_08.csv,문화관광,테마공원
양주,2024,8,2024-08,13,경기도,양주시,신흥레저타운,1541,양주 2024_08.csv,레저스포츠,기타레저스포츠
양주,2024,8,2024-08,14,경기도,양주시,루이힐스CC,1212,양주 2024_08.csv,레저스포츠,육상레저스포츠
양주,2024,8,2024-08,15,경기도,양주시,일영워터힐,1201,양주 2024_08.csv,문화관광,테마공원
양주,2024,8,2024-08,16,경기도,양주시,장흥계곡,1175,양주 2024_08.csv,자연관광,자연경관(산)
양주,2024,8,2024-08,17,경기도,양주시,양주시립장욱진미술관,1101,양주 2024_08.csv,문화관광,전시시설
양주,2024,8,2024-08,18,경기도,양주시,기산저수지,1083,양주 2024_08.csv,자연관광,자연경관(하천/해양)
양주,2024,8,2024-08,19,경기도,양주시,청련사,954,양주 2024_08.csv,역사관광,종교성지
양주,2024,8,2024-08,20,경기도,양주시,장흥자동차극장,936,양주 2024_08.csv,문화관광,공연시설
양주,2024,8,2024-08,21,경기도,양주시,송추역,919,양주 2024_08.csv,기타관광,교통시설
양주,2024,8,2024-08,22,경기도,양주시,신흥레저워터월드,891,양주 2024_08.csv,문화관광,테마공원
양주,2024,8,2024-08,23,경기도,양주시,오림피아수영장,846,양주 2024_08.csv,문화관광,테마공원
양주,2024,8,2024-08,24,경기도,양주시,메가박스양주,811,양주 2024_08.csv,문화관광,공연시설
양주,2024,8,2024-08,25,경기도,양주시,양주유수풀파크&바베큐장,791,양주 2024_08.csv,문화관광,테마공원
양주,2024,8,2024-08,26,경기도,양주시,옥정체육공원,770,양주 2024_08.csv,문화관광,도시공원
양주,2024,8,2024-08,27,경기도,양주시,유수풀물놀이장,746,양주 2024_08.csv,문화관광,테마공원
양주,2024,8,2024-08,28,경기도,양주시,가래비만세시장,716,양주 2024_08.csv,쇼핑,시장
양주,2024,8,2024-08,29,경기도,양주시,딱따구리청소년수련원,685,양주 2024_08.csv,레저스포츠,육상레저스포츠
양주,2024,8,2024-08,30,경기도,양주시,연꽃빌리지관광농원,681,양주 2024_08.csv,체험관광,농/산/어촌체험
양주,2024,8,2024-08,31,경기도,양주시,국립아세안자연휴양림,655,양주 2024_08.csv,자연관광,자연공원
양주,2024,8,2024-08,32,경기도,양주시,백석생활체육공원,654,양주 2024_08.csv,문화관광,도시공원
양주,2024,8,2024-08,33,경기도,양주시,조명박물관,633,양주 2024_08.csv,문화관광,전시시설
양주,2024,8,2024-08,34,경기도,양주시,일영랜드수영장,619,양주 2024_08.csv,문화관광,테마공원
양주,2024,8,2024-08,35,경기도,양주시,일영역,573,양주 2024_08.csv,기타관광,교통시설
양주,2024,8,2024-08,36,경기도,양주시,장흥돌고개유원지,538,양주 2024_08.csv,문화관광,복합관광시설
양주,2024,8,2024-08,37,경기도,양주시,헤세의정원,529,양주 2024_08.csv,문화관광,기타문화관광지
양주,2024,8,2024-08,38,경기도,양주시,토도,462,양주 2024_08.csv,문화관광,테마공원
양주,2024,8,2024-08,39,경기도,양주시,나리농원,438,양주 2024_08.csv,체험관광,농/산/어촌체험
양주,2024,8,2024-08,40,경기도,양주시,고덕생활체육공원,431,양주 2024_08.csv,문화관광,도시공원
양주,2024,8,2024-08,41,경기도,양주시,옥정배수지체육공원,417,양주 2024_08.csv,문화관광,도시공원
양주,2024,8,2024-08,42,경기도,양주시,TBS도봉산축구장,410,양주 2024_08.csv,문화관광,레저스포츠시설
양주,2024,8,2024-08,43,경기도,양주시,멜버른승마장,408,양주 2024_08.csv,레저스포츠,육상레저스포츠
양주,2024,8,2024-08,44,경기도,양주시,MBP리그,402,양주 2024_08.csv,문화관광,레저스포츠시설
양주,2024,8,2024-08,45,경기도,양주시,스카이워터파크,396,양주 2024_08.csv,문화관광,테마공원
양주,2024,8,2024-08,46,경기도,양주시,신암낚시터,395,양주 2024_08.csv,레저스포츠,수상레저스포츠
양주,2024,8,2024-08,47,경기도,양주시,양주베이스볼파크,392,양주 2024_08.csv,문화관광,레저스포츠시설
양주,2024,8,2024-08,48,경기도,양주시,봉암저수지,390,양주 2024_08.csv,자연관광,자연경관(하천/해양)
양주,2024,8,2024-08,49,경기도,양주시,송암스페이스센터,376,양주 2024_08.csv,기타관광,기타관광
양주,2024,8,2024-08,50,경기도,양주시,원당저수지,343,양주 2024_08.csv,자연관광,자연경관(하천/해양)
양주,2024,8,2024-08,50,경기도,양주시,석굴암,343,양주 2024_08.csv,역사관광,종교성지
양주,2024,8,2024-08,52,경기도,양주시,헬로방방양주점,332,양주 2024_08.csv,문화관광,테마공원
양주,2024,8,2024-08,53,경기도,양주시,양주팬텀실내풋살장,330,양주 2024_08.csv,레저스포츠,기타레저스포츠
양주,2024,8,2024-08,54,경기도,양주시,장자원낚시터,325,양주 2024_08.csv,레저스포츠,수상레저스포츠
양주,2024,8,2024-08,55,경기도,양주시,장흥수영장,323,양주 2024_08.csv,문화관광,테마공원
양주,2024,8,2024-08,56,경기도,양주시,공존풋살파크양주점,291,양주 2024_08.csv,문화관광,레저스포츠시설
양주,2024,8,2024-08,57,경기도,양주시,효촌저수지,290,양주 2024_08.csv,자연관광,자연경관(하천/해양)
양주,2024,8,2024-08,58,경기도,양주시,VIP야구장,287,양주 2024_08.csv,문화관광,레저스포츠시설
양주,2024,8,2024-08,59,경기도,양주시,더콕배드민턴레슨센터,280,양주 2024_08.csv,레저스포츠,기타레저스포츠
양주,2024,8,2024-08,59,경기도,양주시,스카이야구장,280,양주 2024_08.csv,문화관광,레저스포츠시설
양주,2024,8,2024-08,61,경기도,양주시,장흥역,272,양주 2024_08.csv,기타관광,교통시설
양주,2024,8,2024-08,62,경기도,양주시,신천생활체육공원,270,양주 2024_08.csv,문화관광,도시공원
양주,2024,8,2024-08,63,경기도,양주시,장흥생활체육공원,262,양주 2024_08.csv,문화관광,도시공원
양주,2024,8,2024-08,64,경기도,양주시,EP베이스볼파크,261,양주 2024_08.csv,문화관광,레저스포츠시설
양주,2024,8,2024-08,65,경기도,양주시,어둔리저수지,260,양주 2024_08.csv,자연관광,자연경관(하천/해양)
양주,2024,8,2024-08,66,경기도,양주시,청암민속박물관,255,양주 2024_08.csv,문화관광,전시시설
양주,2024,8,2024-08,67,경기도,양주시,양주시립민복진미술관,252,양주 2024_08.csv,문화관광,전시시설
양주,2024,8,2024-08,68,경기도,양주시,양주테크노풋살센터,242,양주 2024_08.csv,레저스포츠,기타레저스포츠
양주,2024,8,2024-08,69,경기도,양주시,고읍축구장,235,양주 2024_08.csv,문화관광,레저스포츠시설
양주,2024,8,2024-08,70,경기도,양주시,덕계저수지,219,양주 2024_08.csv,자연관광,자연경관(하천/해양)
양주,2024,8,2024-08,71,경기도,양주시,양주별산대놀이마당,217,양주 2024_08.csv,문화관광,기타문화관광지
양주,2024,8,2024-08,72,경기도,양주시,고려대학교송추야구장,209,양주 2024_08.csv,문화관광,레저스포츠시설
양주,2024,8,2024-08,73,경기도,양주시,칠봉산CC,205,양주 2024_08.csv,레저스포츠,육상레저스포츠
양주,2024,8,2024-08,74,경기도,양주시,후니버설스튜디오,200,양주 2024_08.csv,문화관광,전시시설
양주,2024,8,2024-08,75,경기도,양주시,ND야구장,197,양주 2024_08.csv,문화관광,레저스포츠시설
양주,2024,8,2024-08,76,경기도,양주시,장흥자생수목원,194,양주 2024_08.csv,자연관광,자연공원
양주,2024,8,2024-08,76,경기도,양주시,양주시승마장,194,양주 2024_08.csv,레저스포츠,육상레저스포츠
양주,2024,8,2024-08,78,경기도,양주시,장흥야구장,193,양주 2024_08.csv,문화관광,레저스포츠시설
양주,2024,8,2024-08,79,경기도,양주시,남경수목원,190,양주 2024_08.csv,체험관광,농/산/어촌체험
양주,2024,8,2024-08,79,경기도,양주시,양주관아지,190,양주 2024_08.csv,역사관광,역사유적지
양주,2024,8,2024-08,81,경기도,양주시,지장사,189,양주 2024_08.csv,역사관광,종교성지
양주,2024,8,2024-08,82,경기도,양주시,타겟28실내양궁장,188,양주 2024_08.csv,레저스포츠,육상레저스포츠
양주,2024,8,2024-08,83,경기도,양주시,송추낚시터,186,양주 2024_08.csv,레저스포츠,수상레저스포츠
양주,2024,8,2024-08,84,경기도,양주시,장흥축구장,185,양주 2024_08.csv,문화관광,레저스포츠시설
양주,2024,8,2024-08,85,경기도,양주시,씽씽롤러스케이트장,183,양주 2024_08.csv,레저스포츠,육상레저스포츠
양주,2024,8,2024-08,86,경기도,양주시,한마음청소년수련원수영장,181,양주 2024_08.csv,문화관광,테마공원
양주,2024,8,2024-08,87,경기도,양주시,삼하낚시터,180,양주 2024_08.csv,레저스포츠,수상레저스포츠
양주,2024,8,2024-08,88,경기도,양주시,양주풋살파크제1구장,178,양주 2024_08.csv,문화관광,레저스포츠시설
양주,2024,8,2024-08,88,경기도,양주시,옥정체육공원축구장,178,양주 2024_08.csv,문화관광,레저스포츠시설
양주,2024,8,2024-08,90,경기도,양주시,덕계공원,177,양주 2024_08.csv,문화관광,도시공원
양주,2024,8,2024-08,91,경기도,양주시,광백저수지,171,양주 2024_08.csv,자연관광,자연경관(하천/해양)
양주,2024,8,2024-08,92,경기도,양주시,대원정사,169,양주 2024_08.csv,역사관광,종교성지
양주,2024,8,2024-08,93,경기도,양주시,광적생활체육공원축구장,147,양주 2024_08.csv,문화관광,레저스포츠시설
양주,2024,8,2024-08,94,경기도,양주시,신산리공원,136,양주 2024_08.csv,문화관광,도시공원
양주,2024,8,2024-08,94,경기도,양주시,장흥조각공원,136,양주 2024_08.csv,문화관광,도시공원
양주,2024,8,2024-08,96,경기도,양주시,양주시청소년수련원,135,양주 2024_08.csv,레저스포츠,육상레저스포츠
양주,2024,8,2024-08,96,경기도,양주시,나리공원파크골프장,135,양주 2024_08.csv,레저스포츠,육상레저스포츠
양주,2024,8,2024-08,98,경기도,양주시,장흥자연휴양림,134,양주 2024_08.csv,자연관광,자연공원
양주,2024,8,2024-08,99,경기도,양주시,안상철미술관,129,양주 2024_08.csv,문화관광,전시시설
양주,2024,8,2024-08,100,경기도,양주시,온릉,125,양주 2024_08.csv,역사관광,역사유적지
양주,2024,8,2024-08,101,경기도,양주시,티제이풋살파크,122,양주 2024_08.csv,레저스포츠,기타레저스포츠
양주,2024,8,2024-08,102,경기도,양주시,99풋살파크,114,양주 2024_08.csv,레저스포츠,기타레저스포츠
양주,2024,8,2024-08,103,경기도,양주시,나리공원물놀이장,111,양주 2024_08.csv,문화관광,테마공원
양주,2024,8,2024-08,104,경기도,양주시,한국축구센터,109,양주 2024_08.csv,문화관광,레저스포츠시설
양주,2024,8,2024-08,105,경기도,양주시,송추원각사,107,양주 2024_08.csv,역사관광,종교성지
양주,2024,8,2024-08,106,경기도,양주시,클라임크루,106,양주 2024_08.csv,레저스포츠,기타레저스포츠
양주,2024,8,2024-08,107,경기도,양주시,금바위저수지,104,양주 2024_08.csv,자연관광,자연경관(하천/해양)
양주,2024,8,2024-08,108,경기도,양주시,신천생활체육공원축구장,103,양주 2024_08.csv,문화관광,레저스포츠시설
양주,2024,8,2024-08,108,경기도,양주시,송추다보사,103,양주 2024_08.csv,역사관광,종교성지
양주,2024,8,2024-08,110,경기도,양주시,원더풀키즈수영장,97,양주 2024_08.csv,문화관광,테마공원
양주,2024,8,2024-08,111,경기도,양주시,북한산국립공원오봉탐방지원센터,95,양주 2024_08.csv,기타관광,기타관광
양주,2024,8,2024-08,112,경기도,양주시,마스터풋볼클럽,94,양주 2024_08.csv,레저스포츠,기타레저스포츠
양주,2024,8,2024-08,113,경기도,양주시,은현피싱타운,91,양주 2024_08.csv,레저스포츠,수상레저스포츠
양주,2024,8,2024-08,114,경기도,양주시,한성승마클럽,90,양주 2024_08.csv,레저스포츠,육상레저스포츠
양주,2024,8,2024-08,114,경기도,양주시,백석생활체육공원야구장,90,양주 2024_08.csv,문화관광,레저스포츠시설
양주,2024,8,2024-08,116,경기도,양주시,북한산국립공원교현탐방지원센터,87,양주 2024_08.csv,기타관광,기타관광
양주,2024,8,2024-08,117,경기도,양주시,삼숭생활체육공원,85,양주 2024_08.csv,문화관광,도시공원
양주,2024,8,2024-08,117,경기도,양주시,육지장사,85,양주 2024_08.csv,역사관광,종교성지
양주,2024,8,2024-08,119,경기도,양주시,화담정사,82,양주 2024_08.csv,역사관광,종교성지
양주,2024,8,2024-08,119,경기도,양주시,가나2아뜰리에,82,양주 2024_08.csv,문화관광,기타문화관광지
양주,2024,8,2024-08,121,경기도,양주시,하늘물공원,79,양주 2024_08.csv,문화관광,도시공원
양주,2024,8,2024-08,122,경기도,양주시,나비랑키즈카페,76,양주 2024_08.csv,문화관광,테마공원
양주,2024,8,2024-08,123,경기도,양주시,가나1아뜰리에,73,양주 2024_08.csv,문화관광,기타문화관광지
양주,2024,8,2024-08,124,경기도,양주시,위바운스,72,양주 2024_08.csv,문화관광,테마공원
양주,2024,8,2024-08,125,경기도,양주시,권율장군묘,69,양주 2024_08.csv,역사관광,역사유적지
양주,2024,8,2024-08,126,경기도,양주시,효촌리낚시터,67,양주 2024_08.csv,레저스포츠,수상레저스포츠
양주,2024,8,2024-08,127,경기도,양주시,못말낚시터,66,양주 2024_08.csv,레저스포츠,수상레저스포츠
양주,2024,8,2024-08,128,경기도,양주시,연화사,61,양주 2024_08.csv,역사관광,종교성지
양주,2024,8,2024-08,128,경기도,양주시,샘내고개,61,양주 2024_08.csv,자연관광,자연경관(산)
양주,2024,8,2024-08,130,경기도,양주시,조소앙선생기념관,59,양주 2024_08.csv,문화관광,전시시설
양주,2024,8,2024-08,131,경기도,양주시,광적생활체육공원,57,양주 2024_08.csv,문화관광,도시공원
양주,2024,8,2024-08,131,경기도,양주시,양주향교,57,양주 2024_08.csv,역사관광,역사유적지
양주,2024,8,2024-08,133,경기도,양주시,모모앤던목공작업실,55,양주 2024_08.csv,체험관광,공예체험
양주,2024,8,2024-08,134,경기도,양주시,원각폭포,52,양주 2024_08.csv,자연관광,자연경관(산)
양주,2024,8,2024-08,134,경기도,양주시,신산장,52,양주 2024_08.csv,쇼핑,시장
양주,2024,8,2024-08,136,경기도,양주시,스트라이크존볼파크양주,49,양주 2024_08.csv,문화관광,레저스포츠시설
양주,2024,8,2024-08,137,경기도,양주시,연곡저수지,45,양주 2024_08.csv,자연관광,자연경관(하천/해양)
양주,2024,8,2024-08,137,경기도,양주시,덕정시장,45,양주 2024_08.csv,쇼핑,시장
양주,2024,8,2024-08,137,경기도,양주시,일영낚시터,45,양주 2024_08.csv,레저스포츠,수상레저스포츠
양주,2024,8,2024-08,137,경기도,양주시,양주천만송이천일홍축제,45,양주 2024_08.csv,문화관광,기타문화관광지
양주,2024,8,2024-08,141,경기도,양주시,백석생활체육공원축구장,44,양주 2024_08.csv,문화관광,레저스포츠시설
양주,2024,8,2024-08,142,경기도,양주시,송암천문대,43,양주 2024_08.csv,기타관광,기타관광
양주,2024,8,2024-08,143,경기도,양주시,공차실내풋살,42,양주 2024_08.csv,문화관광,레저스포츠시설
양주,2024,8,2024-08,143,경기도,양주시,광사낚시터,42,양주 2024_08.csv,레저스포츠,수상레저스포츠
양주,2024,8,2024-08,145,경기도,양주시,마리조아승마클럽,41,양주 2024_08.csv,레저스포츠,육상레저스포츠
양주,2024,8,2024-08,146,경기도,양주시,아지트배드민턴,38,양주 2024_08.csv,레저스포츠,기타레저스포츠
양주,2024,8,2024-08,146,경기도,양주시,대승사,38,양주 2024_08.csv,역사관광,종교성지
양주,2024,8,2024-08,146,경기도,양주시,불곡산,38,양주 2024_08.csv,자연관광,자연경관(산)
양주,2024,8,2024-08,146,경기도,양주시,덕계낚시터,38,양주 2024_08.csv,레저스포츠,수상레저스포츠
양주,2024,8,2024-08,150,경기도,양주시,아름다운비행,37,양주 2024_08.csv,문화관광,전시시설
양주,2024,8,2024-08,151,경기도,양주시,기산리유원지,36,양주 2024_08.csv,문화관광,복합관광시설
양주,2024,8,2024-08,151,경기도,양주시,송추아트밸리,36,양주 2024_08.csv,문화관광,도시공원
양주,2024,8,2024-08,151,경기도,양주시,양주농촌테마공원,36,양주 2024_08.csv,문화관광,도시공원
양주,2024,8,2024-08,154,경기도,양주시,강호이앤티,34,양주 2024_08.csv,레저스포츠,기타레저스포츠
양주,2024,8,2024-08,155,경기도,양주시,양주곤충박물관,33,양주 2024_08.csv,문화관광,전시시설
양주,2024,8,2024-08,155,경기도,양주시,엄상마을문화거리,33,양주 2024_08.csv,문화관광,테마공원
양주,2024,8,2024-08,157,경기도,양주시,은현낚시터,32,양주 2024_08.csv,레저스포츠,수상레저스포츠
양주,2024,8,2024-08,157,경기도,양주시,양주인공암벽장,32,양주 2024_08.csv,레저스포츠,기타레저스포츠
양주,2024,8,2024-08,159,경기도,양주시,백석배수지생활체육공원,31,양주 2024_08.csv,문화관광,도시공원
양주,2024,8,2024-08,159,경기도,양주시,덕수레저타운,31,양주 2024_08.csv,레저스포츠,기타레저스포츠
양주,2024,8,2024-08,161,경기도,양주시,홍복저수지,30,양주 2024_08.csv,자연관광,자연경관(하천/해양)
양주,2024,8,2024-08,162,경기도,양주시,777레지던스,29,양주 2024_08.csv,문화관광,전시시설
양주,2024,8,2024-08,163,경기도,양주시,봉암낚시터,28,양주 2024_08.csv,레저스포츠,수상레저스포츠
양주,2024,8,2024-08,164,경기도,양주시,원당낚시터,27,양주 2024_08.csv,레저스포츠,수상레저스포츠
양주,2024,8,2024-08,164,경기도,양주시,양주천보산림욕장,27,양주 2024_08.csv,자연관광,자연공원
양주,2024,8,2024-08,166,경기도,양주시,어둔리남방낚시터,26,양주 2024_08.csv,레저스포츠,수상레저스포츠
양주,2024,8,2024-08,167,경기도,양주시,양주시공설파크골프장,24,양주 2024_08.csv,레저스포츠,육상레저스포츠
양주,2024,8,2024-08,167,경기도,양주시,백화암,24,양주 2024_08.csv,역사관광,종교성지
양주,2024,8,2024-08,169,경기도,양주시,신암지,23,양주 2024_08.csv,자연관광,자연경관(하천/해양)
양주,2024,8,2024-08,170,경기도,양주시,금빛갤러리,22,양주 2024_08.csv,문화관광,전시시설
양주,2024,8,2024-08,170,경기도,양주시,베이스캠프,22,양주 2024_08.csv,레저스포츠,기타레저스포츠
양주,2024,8,2024-08,170,경기도,양주시,백인걸선생묘,22,양주 2024_08.csv,역사관광,역사유적지
양주,2024,8,2024-08,170,경기도,양주시,각명사,22,양주 2024_08.csv,역사관광,종교성지
양주,2024,8,2024-08,170,경기도,양주시,양주시티즌축구클럽,22,양주 2024_08.csv,문화관광,레저스포츠시설
양주,2024,8,2024-08,175,경기도,양주시,부부관광농원,21,양주 2024_08.csv,체험관광,농/산/어촌체험
양주,2024,8,2024-08,176,경기도,양주시,호국흥국사,20,양주 2024_08.csv,역사관광,종교성지
양주,2024,8,2024-08,177,경기도,양주시,북한산둘레길13구간,19,양주 2024_08.csv,레저스포츠,기타레저스포츠
양주,2024,8,2024-08,178,경기도,양주시,홍죽산업단지근린공원,18,양주 2024_08.csv,문화관광,도시공원
양주,2024,8,2024-08,179,경기도,양주시,나누리근린공원,17,양주 2024_08.csv,문화관광,도시공원
양주,2024,8,2024-08,179,경기도,양주시,윤성에프앤비양주물류센터,17,양주 2024_08.csv,레저스포츠,수상레저스포츠
양주,2024,8,2024-08,179,경기도,양주시,양주아트밸리눈썰매장,17,양주 2024_08.csv,레저스포츠,육상레저스포츠
양주,2024,8,2024-08,179,경기도,양주시,살구골낚시터,17,양주 2024_08.csv,레저스포츠,수상레저스포츠
양주,2024,8,2024-08,179,경기도,양주시,백석생활체육공원리틀야구장,17,양주 2024_08.csv,문화관광,레저스포츠시설
양주,2024,8,2024-08,179,경기도,양주시,보타사,17,양주 2024_08.csv,역사관광,종교성지
양주,2024,8,2024-08,185,경기도,양주시,리틀웨일키즈풀파티룸,16,양주 2024_08.csv,문화관광,테마공원
양주,2024,8,2024-08,185,경기도,양주시,가래비빙벽장,16,양주 2024_08.csv,레저스포츠,기타레저스포츠
양주,2024,8,2024-08,187,경기도,양주시,무아메메폴댄스,15,양주 2024_08.csv,레저스포츠,기타레저스포츠
양주,2024,8,2024-08,187,경기도,양주시,양주시감동VR체험관,15,양주 2024_08.csv,레저스포츠,기타레저스포츠
양주,2024,8,2024-08,187,경기도,양주시,양주농기구민속박물관,15,양주 2024_08.csv,문화관광,전시시설
양주,2024,8,2024-08,187,경기도,양주시,오상갤러리,15,양주 2024_08.csv,문화관광,전시시설
양주,2024,8,2024-08,191,경기도,양주시,이레공방,14,양주 2024_08.csv,체험관광,공예체험
양주,2024,8,2024-08,191,경기도,양주시,노고산주말농장,14,양주 2024_08.csv,체험관광,농/산/어촌체험
양주,2024,8,2024-08,191,경기도,양주시,에코야구장,14,양주 2024_08.csv,문화관광,레저스포츠시설
양주,2024,8,2024-08,194,경기도,양주시,보메기낚시터,13,양주 2024_08.csv,레저스포츠,수상레저스포츠
양주,2024,8,2024-08,194,경기도,양주시,동산가든낚시터,13,양주 2024_08.csv,레저스포츠,수상레저스포츠
양주,2024,8,2024-08,196,경기도,양주시,용암낚시터,12,양주 2024_08.csv,레저스포츠,수상레저스포츠
양주,2024,8,2024-08,196,경기도,양주시,본주짓수회천점,12,양주 2024_08.csv,레저스포츠,기타레저스포츠
양주,2024,8,2024-08,196,경기도,양주시,송암사,12,양주 2024_08.csv,역사관광,종교성지
양주,2024,8,2024-08,196,경기도,양주시,영산법화사,12,양주 2024_08.csv,역사관광,종교성지
양주,2024,8,2024-08,200,경기도,양주시,무키무키양주회천점,11,양주 2024_08.csv,문화관광,테마공원
양주,2024,8,2024-08,200,경기도,양주시,양주골김치체험박물관,11,양주 2024_08.csv,문화관광,전시시설
양주,2024,8,2024-08,200,경기도,양주시,나눔갤러리블루,11,양주 2024_08.csv,문화관광,전시시설
양주,2024,8,2024-08,203,경기도,양주시,양주시종합관광안내센터,10,양주 2024_08.csv,기타관광,기타관광
양주,2024,8,2024-08,203,경기도,양주시,양주산성배틀존필드,10,양주 2024_08.csv,레저스포츠,육상레저스포츠
양주,2024,8,2024-08,203,경기도,양주시,양주시립장욱진미술관통합매표소,10,양주 2024_08.csv,문화관광,복합관광시설
양주,2024,8,2024-08,203,경기도,양주시,신상호스튜디오,10,양주 2024_08.csv,문화관광,전시시설
양주,2024,8,2024-08,207,경기도,양주시,양주산성야구장,9,양주 2024_08.csv,문화관광,레저스포츠시설
양주,2024,8,2024-08,207,경기도,양주시,모자농원,9,양주 2024_08.csv,체험관광,농/산/어촌체험
양주,2024,8,2024-08,207,경기도,양주시,호국비룡사,9,양주 2024_08.csv,역사관광,종교성지
양주,2024,8,2024-08,207,경기도,양주시,천마사,9,양주 2024_08.csv,역사관광,종교성지
양주,2024,8,2024-08,211,경기도,양주시,천불사,8,양주 2024_08.csv,역사관광,종교성지
양주,2024,8,2024-08,211,경기도,양주시,해마루농원,8,양주 2024_08.csv,체험관광,농/산/어촌체험
양주,2024,8,2024-08,211,경기도,양주시,불곡산농원,8,양주 2024_08.csv,체험관광,농/산/어촌체험
양주,2024,8,2024-08,214,경기도,양주시,나리다육,7,양주 2024_08.csv,체험관광,농/산/어촌체험
양주,2024,8,2024-08,214,경기도,양주시,기산낚시터,7,양주 2024_08.csv,레저스포츠,수상레저스포츠
양주,2024,8,2024-08,214,경기도,양주시,쿠키팜,7,양주 2024_08.csv,체험관광,공예체험
양주,2024,8,2024-08,214,경기도,양주시,주말IN양주관아지,7,양주 2024_08.csv,문화관광,기타문화관광지
양주,2024,8,2024-08,214,경기도,양주시,이수광선생묘,7,양주 2024_08.csv,역사관광,역사유적지
양주,2024,8,2024-08,214,경기도,양주시,기원정사,7,양주 2024_08.csv,역사관광,종교성지
양주,2024,8,2024-08,214,경기도,양주시,부흥사,7,양주 2024_08.csv,역사관광,종교성지
양주,2024,8,2024-08,214,경기도,양주시,묵은저수지,7,양주 2024_08.csv,자연관광,자연경관(하천/해양)
양주,2024,8,2024-08,214,경기도,양주시,도봉라이거파크도봉산리그야구장,7,양주 2024_08.csv,문화관광,레저스포츠시설
양주,2024,8,2024-08,223,경기도,양주시,체형교정연구소바르다,6,양주 2024_08.csv,레저스포츠,기타레저스포츠
양주,2024,8,2024-08,223,경기도,양주시,뽀로로맘앤키즈카페이마트양주점,6,양주 2024_08.csv,문화관광,테마공원
양주,2024,8,2024-08,223,경기도,양주시,투혼정심관양주지부,6,양주 2024_08.csv,레저스포츠,기타레저스포츠
양주,2024,8,2024-08,223,경기도,양주시,비암재,6,양주 2024_08.csv,역사관광,역사유적지
양주,2024,8,2024-08,223,경기도,양주시,장흥조각아뜰리에,6,양주 2024_08.csv,문화관광,전시시설
양주,2024,8,2024-08,223,경기도,양주시,약사사,6,양주 2024_08.csv,역사관광,종교성지
양주,2024,8,2024-08,223,경기도,양주시,쌍용사,6,양주 2024_08.csv,역사관광,종교성지
양주,2024,8,2024-08,223,경기도,양주시,비암사,6,양주 2024_08.csv,역사관광,종교성지
양주,2024,8,2024-08,231,경기도,양주시,토리근린공원,4,양주 2024_08.csv,문화관광,도시공원
양주,2024,8,2024-08,231,경기도,양주시,고읍제2어린이공원,4,양주 2024_08.csv,문화관광,도시공원
양주,2024,8,2024-08,231,경기도,양주시,신흥레저타운스노우월드,4,양주 2024_08.csv,레저스포츠,육상레저스포츠
양주,2024,8,2024-08,231,경기도,양주시,양주남면의느티나무,4,양주 2024_08.csv,역사관광,역사유적지
양주,2024,8,2024-08,231,경기도,양주시,무호정,4,양주 2024_08.csv,레저스포츠,육상레저스포츠
양주,2024,8,2024-08,231,경기도,양주시,맑은물농원,4,양주 2024_08.csv,체험관광,농/산/어촌체험
양주,2024,8,2024-08,231,경기도,양주시,삼훈행복농원,4,양주 2024_08.csv,체험관광,농/산/어촌체험
양주,2024,8,2024-08,231,경기도,양주시,황뱅이수변산책로,4,양주 2024_08.csv,레저스포츠,기타레저스포츠
양주,2024,8,2024-08,231,경기도,양주시,점프윙스줄넘기클럽줄기차게,4,양주 2024_08.csv,레저스포츠,기타레저스포츠
양주,2024,8,2024-08,240,경기도,양주시,양주풋살파크제2구장,3,양주 2024_08.csv,레저스포츠,기타레저스포츠
양주,2024,8,2024-08,240,경기도,양주시,효순.미선평화공원,3,양주 2024_08.csv,문화관광,도시공원
양주,2024,8,2024-08,240,경기도,양주시,아버지공방,3,양주 2024_08.csv,체험관광,공예체험
양주,2024,8,2024-08,240,경기도,양주시,farm5150,3,양주 2024_08.csv,체험관광,공예체험
양주,2024,8,2024-08,240,경기도,양주시,MMA STORY양주점,3,양주 2024_08.csv,레저스포츠,기타레저스포츠
양주,2024,8,2024-08,240,경기도,양주시,호국일월사,3,양주 2024_08.csv,역사관광,종교성지
양주,2024,8,2024-08,240,경기도,양주시,피카램프,3,양주 2024_08.csv,체험관광,공예체험
양주,2024,8,2024-08,240,경기도,양주시,슬기로운낚시생활,3,양주 2024_08.csv,레저스포츠,수상레저스포츠
양주,2024,8,2024-08,240,경기도,양주시,장흥관광지관리사무소,3,양주 2024_08.csv,문화관광,도시공원
양주,2024,8,2024-08,240,경기도,양주시,양주대모산성,3,양주 2024_08.csv,역사관광,역사유적지
양주,2024,8,2024-08,240,경기도,양주시,도하저수지,3,양주 2024_08.csv,자연관광,자연경관(하천/해양)
양주,2024,8,2024-08,240,경기도,양주시,원학농장,3,양주 2024_08.csv,체험관광,농/산/어촌체험
양주,2024,8,2024-08,240,경기도,양주시,은봉산,3,양주 2024_08.csv,자연관광,자연경관(산)
양주,2024,8,2024-08,240,경기도,양주시,효진푸드,3,양주 2024_08.csv,쇼핑,시장
양주,2024,8,2024-08,240,경기도,양주시,스톤밸리수영장,3,양주 2024_08.csv,문화관광,테마공원
양주,2024,8,2024-08,240,경기도,양주시,동광정사,3,양주 2024_08.csv,역사관광,종교성지
양주,2024,8,2024-08,240,경기도,양주시,낙락저수지,3,양주 2024_08.csv,자연관광,자연경관(하천/해양)
양주,2024,8,2024-08,240,경기도,양주시,연이공방,3,양주 2024_08.csv,체험관광,공예체험
양주,2024,8,2024-08,240,경기도,양주시,선그로원예,3,양주 2024_08.csv,체험관광,농/산/어촌체험
양주,2024,8,2024-08,240,경기도,양주시,사동포도원,3,양주 2024_08.csv,체험관광,농/산/어촌체험
양주,2024,8,2024-08,240,경기도,양주시,문수사,3,양주 2024_08.csv,역사관광,종교성지
양주,2024,8,2024-08,240,경기도,양주시,디스코롤러장,3,양주 2024_08.csv,레저스포츠,육상레저스포츠
양주,2024,8,2024-08,240,경기도,양주시,양주농원,3,양주 2024_08.csv,체험관광,농/산/어촌체험
양주,2024,8,2024-08,240,경기도,양주시,송추자연학습원,3,양주 2024_08.csv,기타관광,기타관광
양주,2024,8,2024-08,240,경기도,양주시,양주시 광적면 송구래미,3,양주 2024_08.csv,문화관광,도시/지역문화관광
양주,2024,9,2024-09,1,경기도,양주시,LF스퀘어양주점,12060,양주 2024_09.csv,쇼핑,쇼핑몰
양주,2024,9,2024-09,2,경기도,양주시,나리농원,11180,양주 2024_09.csv,체험관광,농/산/어촌체험
양주,2024,9,2024-09,3,경기도,양주시,레이크우드CC,7274,양주 2024_09.csv,레저스포츠,육상레저스포츠
양주,2024,9,2024-09,4,경기도,양주시,양주천만송이천일홍축제,4669,양주 2024_09.csv,문화관광,기타문화관광지
양주,2024,9,2024-09,5,경기도,양주시,송추CC,3810,양주 2024_09.csv,레저스포츠,육상레저스포츠
양주,2024,9,2024-09,6,경기도,양주시,송추계곡,3492,양주 2024_09.csv,자연관광,자연경관(산)
양주,2024,9,2024-09,7,경기도,양주시,두리랜드,2190,양주 2024_09.csv,문화관광,테마공원
양주,2024,9,2024-09,8,경기도,양주시,장흥관광지,1855,양주 2024_09.csv,문화관광,복합관광시설
양주,2024,9,2024-09,9,경기도,양주시,루이힐스CC,1535,양주 2024_09.csv,레저스포츠,육상레저스포츠
양주,2024,9,2024-09,10,경기도,양주시,가나아트파크,1365,양주 2024_09.csv,문화관광,전시시설
양주,2024,9,2024-09,11,경기도,양주시,청련사,1212,양주 2024_09.csv,역사관광,종교성지
양주,2024,9,2024-09,12,경기도,양주시,기산저수지,1115,양주 2024_09.csv,자연관광,자연경관(하천/해양)
양주,2024,9,2024-09,13,경기도,양주시,송추역,998,양주 2024_09.csv,기타관광,교통시설
양주,2024,9,2024-09,14,경기도,양주시,양주시립장욱진미술관,939,양주 2024_09.csv,문화관광,전시시설
양주,2024,9,2024-09,15,경기도,양주시,옥정체육공원,862,양주 2024_09.csv,문화관광,도시공원
양주,2024,9,2024-09,16,경기도,양주시,일영유원지,858,양주 2024_09.csv,문화관광,복합관광시설
양주,2024,9,2024-09,17,경기도,양주시,장흥자동차극장,818,양주 2024_09.csv,문화관광,공연시설
양주,2024,9,2024-09,18,경기도,양주시,가래비만세시장,798,양주 2024_09.csv,쇼핑,시장
양주,2024,9,2024-09,19,경기도,양주시,메가박스양주,787,양주 2024_09.csv,문화관광,공연시설
양주,2024,9,2024-09,20,경기도,양주시,백석생활체육공원,771,양주 2024_09.csv,문화관광,도시공원
양주,2024,9,2024-09,21,경기도,양주시,나리공원물놀이장,673,양주 2024_09.csv,문화관광,테마공원
양주,2024,9,2024-09,22,경기도,양주시,일영역,612,양주 2024_09.csv,기타관광,교통시설
양주,2024,9,2024-09,23,경기도,양주시,국립아세안자연휴양림,575,양주 2024_09.csv,자연관광,자연공원
양주,2024,9,2024-09,24,경기도,양주시,양주별산대놀이마당,542,양주 2024_09.csv,문화관광,기타문화관광지
양주,2024,9,2024-09,25,경기도,양주시,신암낚시터,504,양주 2024_09.csv,레저스포츠,수상레저스포츠
양주,2024,9,2024-09,26,경기도,양주시,헤세의정원,496,양주 2024_09.csv,문화관광,기타문화관광지
양주,2024,9,2024-09,27,경기도,양주시,봉암저수지,494,양주 2024_09.csv,자연관광,자연경관(하천/해양)
양주,2024,9,2024-09,28,경기도,양주시,고덕생활체육공원,485,양주 2024_09.csv,문화관광,도시공원
양주,2024,9,2024-09,29,경기도,양주시,TBS도봉산축구장,475,양주 2024_09.csv,문화관광,레저스포츠시설
양주,2024,9,2024-09,30,경기도,양주시,지장사,462,양주 2024_09.csv,역사관광,종교성지
양주,2024,9,2024-09,31,경기도,양주시,대원정사,460,양주 2024_09.csv,역사관광,종교성지
양주,2024,9,2024-09,32,경기도,양주시,후니버설스튜디오,447,양주 2024_09.csv,문화관광,전시시설
양주,2024,9,2024-09,33,경기도,양주시,MBP리그,444,양주 2024_09.csv,문화관광,레저스포츠시설
양주,2024,9,2024-09,34,경기도,양주시,어둔리저수지,407,양주 2024_09.csv,자연관광,자연경관(하천/해양)
양주,2024,9,2024-09,35,경기도,양주시,원당저수지,398,양주 2024_09.csv,자연관광,자연경관(하천/해양)
양주,2024,9,2024-09,36,경기도,양주시,멜버른승마장,394,양주 2024_09.csv,레저스포츠,육상레저스포츠
양주,2024,9,2024-09,37,경기도,양주시,양주관아지,390,양주 2024_09.csv,역사관광,역사유적지
양주,2024,9,2024-09,38,경기도,양주시,송암스페이스센터,388,양주 2024_09.csv,기타관광,기타관광
양주,2024,9,2024-09,38,경기도,양주시,그랜드유원지,388,양주 2024_09.csv,기타관광,기타관광
양주,2024,9,2024-09,40,경기도,양주시,양주베이스볼파크,363,양주 2024_09.csv,문화관광,레저스포츠시설
양주,2024,9,2024-09,41,경기도,양주시,장흥자생수목원,353,양주 2024_09.csv,자연관광,자연공원
양주,2024,9,2024-09,42,경기도,양주시,옥정배수지체육공원,342,양주 2024_09.csv,문화관광,도시공원
양주,2024,9,2024-09,43,경기도,양주시,장흥역,330,양주 2024_09.csv,기타관광,교통시설
양주,2024,9,2024-09,44,경기도,양주시,양주곤충박물관,326,양주 2024_09.csv,문화관광,전시시설
양주,2024,9,2024-09,45,경기도,양주시,연꽃빌리지관광농원,323,양주 2024_09.csv,체험관광,농/산/어촌체험
양주,2024,9,2024-09,46,경기도,양주시,장자원낚시터,321,양주 2024_09.csv,레저스포츠,수상레저스포츠
양주,2024,9,2024-09,47,경기도,양주시,양주팬텀실내풋살장,308,양주 2024_09.csv,레저스포츠,기타레저스포츠
양주,2024,9,2024-09,48,경기도,양주시,토도,302,양주 2024_09.csv,문화관광,테마공원
양주,2024,9,2024-09,49,경기도,양주시,헬로방방양주점,299,양주 2024_09.csv,문화관광,테마공원
양주,2024,9,2024-09,50,경기도,양주시,나리공원파크골프장,297,양주 2024_09.csv,레저스포츠,육상레저스포츠
양주,2024,9,2024-09,51,경기도,양주시,칠봉산CC,295,양주 2024_09.csv,레저스포츠,육상레저스포츠
양주,2024,9,2024-09,52,경기도,양주시,신산리공원,285,양주 2024_09.csv,문화관광,도시공원
양주,2024,9,2024-09,53,경기도,양주시,조명박물관,283,양주 2024_09.csv,문화관광,전시시설
양주,2024,9,2024-09,54,경기도,양주시,송추낚시터,281,양주 2024_09.csv,레저스포츠,수상레저스포츠
양주,2024,9,2024-09,55,경기도,양주시,남경수목원,275,양주 2024_09.csv,체험관광,농/산/어촌체험
양주,2024,9,2024-09,55,경기도,양주시,청암민속박물관,275,양주 2024_09.csv,문화관광,전시시설
양주,2024,9,2024-09,57,경기도,양주시,양주테크노풋살센터,271,양주 2024_09.csv,레저스포츠,기타레저스포츠
양주,2024,9,2024-09,58,경기도,양주시,효촌저수지,270,양주 2024_09.csv,자연관광,자연경관(하천/해양)
양주,2024,9,2024-09,59,경기도,양주시,삼하낚시터,267,양주 2024_09.csv,레저스포츠,수상레저스포츠
양주,2024,9,2024-09,60,경기도,양주시,석굴암,266,양주 2024_09.csv,역사관광,종교성지
양주,2024,9,2024-09,61,경기도,양주시,장흥생활체육공원,262,양주 2024_09.csv,문화관광,도시공원
양주,2024,9,2024-09,62,경기도,양주시,딱따구리청소년수련원,261,양주 2024_09.csv,레저스포츠,육상레저스포츠
양주,2024,9,2024-09,63,경기도,양주시,공존풋살파크양주점,257,양주 2024_09.csv,문화관광,레저스포츠시설
양주,2024,9,2024-09,63,경기도,양주시,양주시청소년수련원,257,양주 2024_09.csv,레저스포츠,육상레저스포츠
양주,2024,9,2024-09,65,경기도,양주시,고읍축구장,255,양주 2024_09.csv,문화관광,레저스포츠시설
양주,2024,9,2024-09,66,경기도,양주시,덕계저수지,254,양주 2024_09.csv,자연관광,자연경관(하천/해양)
양주,2024,9,2024-09,67,경기도,양주시,EP베이스볼파크,248,양주 2024_09.csv,문화관광,레저스포츠시설
양주,2024,9,2024-09,68,경기도,양주시,광백저수지,245,양주 2024_09.csv,자연관광,자연경관(하천/해양)
양주,2024,9,2024-09,69,경기도,양주시,한성승마클럽,242,양주 2024_09.csv,레저스포츠,육상레저스포츠
양주,2024,9,2024-09,70,경기도,양주시,신천생활체육공원,238,양주 2024_09.csv,문화관광,도시공원
양주,2024,9,2024-09,71,경기도,양주시,더콕배드민턴레슨센터,237,양주 2024_09.csv,레저스포츠,기타레저스포츠
양주,2024,9,2024-09,72,경기도,양주시,장흥돌고개유원지,236,양주 2024_09.csv,문화관광,복합관광시설
양주,2024,9,2024-09,73,경기도,양주시,ND야구장,234,양주 2024_09.csv,문화관광,레저스포츠시설
양주,2024,9,2024-09,74,경기도,양주시,옥정체육공원축구장,228,양주 2024_09.csv,문화관광,레저스포츠시설
양주,2024,9,2024-09,75,경기도,양주시,VIP야구장,202,양주 2024_09.csv,문화관광,레저스포츠시설
양주,2024,9,2024-09,76,경기도,양주시,히든밸리송추,199,양주 2024_09.csv,문화관광,테마공원
양주,2024,9,2024-09,77,경기도,양주시,장흥축구장,195,양주 2024_09.csv,문화관광,레저스포츠시설
양주,2024,9,2024-09,78,경기도,양주시,덕계공원,186,양주 2024_09.csv,문화관광,도시공원
양주,2024,9,2024-09,79,경기도,양주시,양주시승마장,184,양주 2024_09.csv,레저스포츠,육상레저스포츠
양주,2024,9,2024-09,80,경기도,양주시,스카이야구장,181,양주 2024_09.csv,문화관광,레저스포츠시설
양주,2024,9,2024-09,81,경기도,양주시,양주예술제,174,양주 2024_09.csv,문화관광,기타문화관광지
양주,2024,9,2024-09,82,경기도,양주시,티제이풋살파크,169,양주 2024_09.csv,레저스포츠,기타레저스포츠
양주,2024,9,2024-09,83,경기도,양주시,광적생활체육공원축구장,166,양주 2024_09.csv,문화관광,레저스포츠시설
양주,2024,9,2024-09,84,경기도,양주시,양주풋살파크제1구장,162,양주 2024_09.csv,문화관광,레저스포츠시설
양주,2024,9,2024-09,85,경기도,양주시,장흥야구장,155,양주 2024_09.csv,문화관광,레저스포츠시설
양주,2024,9,2024-09,86,경기도,양주시,금바위저수지,154,양주 2024_09.csv,자연관광,자연경관(하천/해양)
양주,2024,9,2024-09,87,경기도,양주시,장흥계곡,151,양주 2024_09.csv,자연관광,자연경관(산)
양주,2024,9,2024-09,88,경기도,양주시,씽씽롤러스케이트장,146,양주 2024_09.csv,레저스포츠,육상레저스포츠
양주,2024,9,2024-09,88,경기도,양주시,북한산국립공원교현탐방지원센터,146,양주 2024_09.csv,기타관광,기타관광
양주,2024,9,2024-09,90,경기도,양주시,육지장사,142,양주 2024_09.csv,역사관광,종교성지
양주,2024,9,2024-09,91,경기도,양주시,클라임크루,137,양주 2024_09.csv,레저스포츠,기타레저스포츠
양주,2024,9,2024-09,92,경기도,양주시,타겟28실내양궁장,132,양주 2024_09.csv,레저스포츠,육상레저스포츠
양주,2024,9,2024-09,93,경기도,양주시,온릉,129,양주 2024_09.csv,역사관광,역사유적지
양주,2024,9,2024-09,94,경기도,양주시,삼숭생활체육공원,125,양주 2024_09.csv,문화관광,도시공원
양주,2024,9,2024-09,95,경기도,양주시,99풋살파크,120,양주 2024_09.csv,레저스포츠,기타레저스포츠
양주,2024,9,2024-09,96,경기도,양주시,백석생활체육공원야구장,114,양주 2024_09.csv,문화관광,레저스포츠시설
양주,2024,9,2024-09,97,경기도,양주시,장흥조각공원,107,양주 2024_09.csv,문화관광,도시공원
양주,2024,9,2024-09,98,경기도,양주시,불곡산,106,양주 2024_09.csv,자연관광,자연경관(산)
양주,2024,9,2024-09,99,경기도,양주시,마스터풋볼클럽,104,양주 2024_09.csv,레저스포츠,기타레저스포츠
양주,2024,9,2024-09,99,경기도,양주시,하늘물공원,104,양주 2024_09.csv,문화관광,도시공원
양주,2024,9,2024-09,101,경기도,양주시,안상철미술관,103,양주 2024_09.csv,문화관광,전시시설
양주,2024,9,2024-09,102,경기도,양주시,북한산국립공원오봉탐방지원센터,102,양주 2024_09.csv,기타관광,기타관광
양주,2024,9,2024-09,103,경기도,양주시,신천생활체육공원축구장,101,양주 2024_09.csv,문화관광,레저스포츠시설
양주,2024,9,2024-09,104,경기도,양주시,일영낚시터,100,양주 2024_09.csv,레저스포츠,수상레저스포츠
양주,2024,9,2024-09,105,경기도,양주시,백석생활체육공원축구장,98,양주 2024_09.csv,문화관광,레저스포츠시설
양주,2024,9,2024-09,106,경기도,양주시,연화사,97,양주 2024_09.csv,역사관광,종교성지
양주,2024,9,2024-09,107,경기도,양주시,신흥레저타운,95,양주 2024_09.csv,레저스포츠,기타레저스포츠
양주,2024,9,2024-09,108,경기도,양주시,못말낚시터,92,양주 2024_09.csv,레저스포츠,수상레저스포츠
양주,2024,9,2024-09,109,경기도,양주시,백석배수지생활체육공원,91,양주 2024_09.csv,문화관광,도시공원
양주,2024,9,2024-09,109,경기도,양주시,오림피아수영장,91,양주 2024_09.csv,문화관광,테마공원
양주,2024,9,2024-09,111,경기도,양주시,송추원각사,89,양주 2024_09.csv,역사관광,종교성지
양주,2024,9,2024-09,111,경기도,양주시,감악문화축제,89,양주 2024_09.csv,문화관광,기타문화관광지
양주,2024,9,2024-09,111,경기도,양주시,한국축구센터,89,양주 2024_09.csv,문화관광,레저스포츠시설
양주,2024,9,2024-09,114,경기도,양주시,불곡산농원,85,양주 2024_09.csv,체험관광,농/산/어촌체험
양주,2024,9,2024-09,115,경기도,양주시,송추아트밸리,84,양주 2024_09.csv,문화관광,도시공원
양주,2024,9,2024-09,116,경기도,양주시,양주시립민복진미술관,83,양주 2024_09.csv,문화관광,전시시설
양주,2024,9,2024-09,117,경기도,양주시,나비랑키즈카페,81,양주 2024_09.csv,문화관광,테마공원
양주,2024,9,2024-09,118,경기도,양주시,광사낚시터,79,양주 2024_09.csv,레저스포츠,수상레저스포츠
양주,2024,9,2024-09,119,경기도,양주시,고려대학교송추야구장,78,양주 2024_09.csv,문화관광,레저스포츠시설
양주,2024,9,2024-09,119,경기도,양주시,원더풀키즈수영장,78,양주 2024_09.csv,문화관광,테마공원
양주,2024,9,2024-09,121,경기도,양주시,백화암,77,양주 2024_09.csv,역사관광,종교성지
양주,2024,9,2024-09,121,경기도,양주시,조소앙선생기념관,77,양주 2024_09.csv,문화관광,전시시설
양주,2024,9,2024-09,123,경기도,양주시,백인걸선생묘,69,양주 2024_09.csv,역사관광,역사유적지
양주,2024,9,2024-09,124,경기도,양주시,스트라이크존볼파크양주,66,양주 2024_09.csv,문화관광,레저스포츠시설
양주,2024,9,2024-09,125,경기도,양주시,샘내고개,64,양주 2024_09.csv,자연관광,자연경관(산)
양주,2024,9,2024-09,126,경기도,양주시,장흥자연휴양림,63,양주 2024_09.csv,자연관광,자연공원
양주,2024,9,2024-09,127,경기도,양주시,효촌리낚시터,62,양주 2024_09.csv,레저스포츠,수상레저스포츠
양주,2024,9,2024-09,128,경기도,양주시,양주시공설파크골프장,61,양주 2024_09.csv,레저스포츠,육상레저스포츠
양주,2024,9,2024-09,128,경기도,양주시,양주향교,61,양주 2024_09.csv,역사관광,역사유적지
양주,2024,9,2024-09,130,경기도,양주시,위바운스,60,양주 2024_09.csv,문화관광,테마공원
양주,2024,9,2024-09,131,경기도,양주시,은현피싱타운,58,양주 2024_09.csv,레저스포츠,수상레저스포츠
양주,2024,9,2024-09,132,경기도,양주시,양주시종합관광안내센터,57,양주 2024_09.csv,기타관광,기타관광
양주,2024,9,2024-09,133,경기도,양주시,토리근린공원,55,양주 2024_09.csv,문화관광,도시공원
양주,2024,9,2024-09,133,경기도,양주시,연곡저수지,55,양주 2024_09.csv,자연관광,자연경관(하천/해양)
양주,2024,9,2024-09,133,경기도,양주시,권율장군묘,55,양주 2024_09.csv,역사관광,역사유적지
양주,2024,9,2024-09,136,경기도,양주시,양주인공암벽장,53,양주 2024_09.csv,레저스포츠,기타레저스포츠
양주,2024,9,2024-09,137,경기도,양주시,덕정시장,52,양주 2024_09.csv,쇼핑,시장
양주,2024,9,2024-09,138,경기도,양주시,대승사,51,양주 2024_09.csv,역사관광,종교성지
양주,2024,9,2024-09,139,경기도,양주시,광적생활체육공원,50,양주 2024_09.csv,문화관광,도시공원
양주,2024,9,2024-09,139,경기도,양주시,북한산둘레길13구간,50,양주 2024_09.csv,레저스포츠,기타레저스포츠
양주,2024,9,2024-09,141,경기도,양주시,어둔리남방낚시터,48,양주 2024_09.csv,레저스포츠,수상레저스포츠
양주,2024,9,2024-09,141,경기도,양주시,화담정사,48,양주 2024_09.csv,역사관광,종교성지
양주,2024,9,2024-09,143,경기도,양주시,강호이앤티,46,양주 2024_09.csv,레저스포츠,기타레저스포츠
양주,2024,9,2024-09,143,경기도,양주시,덕계낚시터,46,양주 2024_09.csv,레저스포츠,수상레저스포츠
양주,2024,9,2024-09,143,경기도,양주시,마리조아승마클럽,46,양주 2024_09.csv,레저스포츠,육상레저스포츠
양주,2024,9,2024-09,146,경기도,양주시,원당낚시터,44,양주 2024_09.csv,레저스포츠,수상레저스포츠
양주,2024,9,2024-09,146,경기도,양주시,덕수레저타운,44,양주 2024_09.csv,레저스포츠,기타레저스포츠
양주,2024,9,2024-09,146,경기도,양주시,송추로얄암반수수영장,44,양주 2024_09.csv,문화관광,테마공원
양주,2024,9,2024-09,146,경기도,양주시,가나2아뜰리에,44,양주 2024_09.csv,문화관광,기타문화관광지
양주,2024,9,2024-09,150,경기도,양주시,홍복저수지,43,양주 2024_09.csv,자연관광,자연경관(하천/해양)
양주,2024,9,2024-09,151,경기도,양주시,베이스캠프,42,양주 2024_09.csv,레저스포츠,기타레저스포츠
양주,2024,9,2024-09,152,경기도,양주시,봉암낚시터,39,양주 2024_09.csv,레저스포츠,수상레저스포츠
양주,2024,9,2024-09,152,경기도,양주시,삼훈행복농원,39,양주 2024_09.csv,체험관광,농/산/어촌체험
양주,2024,9,2024-09,154,경기도,양주시,양주천보산림욕장,38,양주 2024_09.csv,자연관광,자연공원
양주,2024,9,2024-09,155,경기도,양주시,공차실내풋살,36,양주 2024_09.csv,문화관광,레저스포츠시설
양주,2024,9,2024-09,156,경기도,양주시,부부관광농원,34,양주 2024_09.csv,체험관광,농/산/어촌체험
양주,2024,9,2024-09,156,경기도,양주시,사동포도원,34,양주 2024_09.csv,체험관광,농/산/어촌체험
양주,2024,9,2024-09,158,경기도,양주시,살구골낚시터,32,양주 2024_09.csv,레저스포츠,수상레저스포츠
양주,2024,9,2024-09,159,경기도,양주시,777레지던스,30,양주 2024_09.csv,문화관광,전시시설
양주,2024,9,2024-09,159,경기도,양주시,동산가든낚시터,30,양주 2024_09.csv,레저스포츠,수상레저스포츠
양주,2024,9,2024-09,161,경기도,양주시,신암지,28,양주 2024_09.csv,자연관광,자연경관(하천/해양)
양주,2024,9,2024-09,162,경기도,양주시,아름다운비행,27,양주 2024_09.csv,문화관광,전시시설
양주,2024,9,2024-09,162,경기도,양주시,무호정,27,양주 2024_09.csv,레저스포츠,육상레저스포츠
양주,2024,9,2024-09,162,경기도,양주시,노고산주말농장,27,양주 2024_09.csv,체험관광,농/산/어촌체험
양주,2024,9,2024-09,162,경기도,양주시,에코야구장,27,양주 2024_09.csv,문화관광,레저스포츠시설
양주,2024,9,2024-09,166,경기도,양주시,금빛갤러리,26,양주 2024_09.csv,문화관광,전시시설
양주,2024,9,2024-09,166,경기도,양주시,송암천문대,26,양주 2024_09.csv,기타관광,기타관광
양주,2024,9,2024-09,166,경기도,양주시,엄상마을문화거리,26,양주 2024_09.csv,문화관광,테마공원
양주,2024,9,2024-09,166,경기도,양주시,송추다보사,26,양주 2024_09.csv,역사관광,종교성지
양주,2024,9,2024-09,170,경기도,양주시,슬기로운낚시생활,25,양주 2024_09.csv,레저스포츠,수상레저스포츠
양주,2024,9,2024-09,171,경기도,양주시,가나1아뜰리에,23,양주 2024_09.csv,문화관광,기타문화관광지
양주,2024,9,2024-09,171,경기도,양주시,해유령전첩지,23,양주 2024_09.csv,역사관광,역사유적지
양주,2024,9,2024-09,171,경기도,양주시,원각폭포,23,양주 2024_09.csv,자연관광,자연경관(산)
양주,2024,9,2024-09,171,경기도,양주시,신산장,23,양주 2024_09.csv,쇼핑,시장
양주,2024,9,2024-09,171,경기도,양주시,스카이워터파크,23,양주 2024_09.csv,문화관광,테마공원
양주,2024,9,2024-09,176,경기도,양주시,홍죽산업단지근린공원,22,양주 2024_09.csv,문화관광,도시공원
양주,2024,9,2024-09,176,경기도,양주시,윤성에프앤비양주물류센터,22,양주 2024_09.csv,레저스포츠,수상레저스포츠
양주,2024,9,2024-09,176,경기도,양주시,양주골김치체험박물관,22,양주 2024_09.csv,문화관광,전시시설
양주,2024,9,2024-09,179,경기도,양주시,양주농촌테마공원,21,양주 2024_09.csv,문화관광,도시공원
양주,2024,9,2024-09,180,경기도,양주시,후평공원,20,양주 2024_09.csv,문화관광,도시공원
양주,2024,9,2024-09,181,경기도,양주시,주말IN양주관아지,19,양주 2024_09.csv,문화관광,기타문화관광지
양주,2024,9,2024-09,182,경기도,양주시,일영워터힐,18,양주 2024_09.csv,문화관광,테마공원
양주,2024,9,2024-09,182,경기도,양주시,모자농원,18,양주 2024_09.csv,체험관광,농/산/어촌체험
양주,2024,9,2024-09,184,경기도,양주시,리틀웨일키즈풀파티룸,17,양주 2024_09.csv,문화관광,테마공원
양주,2024,9,2024-09,184,경기도,양주시,양주문화유산야행,17,양주 2024_09.csv,문화관광,기타문화관광지
양주,2024,9,2024-09,184,경기도,양주시,각명사,17,양주 2024_09.csv,역사관광,종교성지
양주,2024,9,2024-09,187,경기도,양주시,은현낚시터,16,양주 2024_09.csv,레저스포츠,수상레저스포츠
양주,2024,9,2024-09,187,경기도,양주시,무키무키양주회천점,16,양주 2024_09.csv,문화관광,테마공원
양주,2024,9,2024-09,189,경기도,양주시,비암사,15,양주 2024_09.csv,역사관광,종교성지
양주,2024,9,2024-09,190,경기도,양주시,백수현전통가옥,14,양주 2024_09.csv,역사관광,역사유적지
양주,2024,9,2024-09,190,경기도,양주시,양주시립장욱진미술관통합매표소,14,양주 2024_09.csv,문화관광,복합관광시설
양주,2024,9,2024-09,192,경기도,양주시,송암사,13,양주 2024_09.csv,역사관광,종교성지
양주,2024,9,2024-09,192,경기도,양주시,일영랜드수영장,13,양주 2024_09.csv,문화관광,테마공원
양주,2024,9,2024-09,194,경기도,양주시,고읍제6어린이공원,12,양주 2024_09.csv,문화관광,도시공원
양주,2024,9,2024-09,194,경기도,양주시,다윗목장,12,양주 2024_09.csv,체험관광,농/산/어촌체험
양주,2024,9,2024-09,194,경기도,양주시,수월사,12,양주 2024_09.csv,역사관광,종교성지
양주,2024,9,2024-09,194,경기도,양주시,백석생활체육공원리틀야구장,12,양주 2024_09.csv,문화관광,레저스포츠시설
양주,2024,9,2024-09,198,경기도,양주시,양주농기구민속박물관,11,양주 2024_09.csv,문화관광,전시시설
양주,2024,9,2024-09,199,경기도,양주시,양주유수풀파크&바베큐장,10,양주 2024_09.csv,문화관광,테마공원
양주,2024,9,2024-09,199,경기도,양주시,영산법화사,10,양주 2024_09.csv,역사관광,종교성지
양주,2024,9,2024-09,199,경기도,양주시,광운정사,10,양주 2024_09.csv,역사관광,종교성지
양주,2024,9,2024-09,202,경기도,양주시,나누리근린공원,9,양주 2024_09.csv,문화관광,도시공원
양주,2024,9,2024-09,202,경기도,양주시,신흥레저워터월드,9,양주 2024_09.csv,문화관광,테마공원
양주,2024,9,2024-09,202,경기도,양주시,천봉나전칠기체험관,9,양주 2024_09.csv,문화관광,기타문화관광지
양주,2024,9,2024-09,202,경기도,양주시,용암낚시터,9,양주 2024_09.csv,레저스포츠,수상레저스포츠
양주,2024,9,2024-09,202,경기도,양주시,아이핑탁구클럽,9,양주 2024_09.csv,레저스포츠,기타레저스포츠
양주,2024,9,2024-09,202,경기도,양주시,사패산송추방면,9,양주 2024_09.csv,자연관광,자연경관(산)
양주,2024,9,2024-09,202,경기도,양주시,보타사,9,양주 2024_09.csv,역사관광,종교성지
양주,2024,9,2024-09,209,경기도,양주시,석우근린공원,8,양주 2024_09.csv,문화관광,도시공원
양주,2024,9,2024-09,210,경기도,양주시,기산리유원지,7,양주 2024_09.csv,문화관광,복합관광시설
양주,2024,9,2024-09,210,경기도,양주시,양주대모산성,7,양주 2024_09.csv,역사관광,역사유적지
양주,2024,9,2024-09,210,경기도,양주시,약사사,7,양주 2024_09.csv,역사관광,종교성지
양주,2024,9,2024-09,210,경기도,양주시,두래농원,7,양주 2024_09.csv,체험관광,농/산/어촌체험
양주,2024,9,2024-09,210,경기도,양주시,동광정사,7,양주 2024_09.csv,역사관광,종교성지
양주,2024,9,2024-09,210,경기도,양주시,양주농원,7,양주 2024_09.csv,체험관광,농/산/어촌체험
양주,2024,9,2024-09,216,경기도,양주시,아지트배드민턴,6,양주 2024_09.csv,레저스포츠,기타레저스포츠
양주,2024,9,2024-09,216,경기도,양주시,돌탑테마공원,6,양주 2024_09.csv,문화관광,도시공원
양주,2024,9,2024-09,216,경기도,양주시,나리다육,6,양주 2024_09.csv,체험관광,농/산/어촌체험
양주,2024,9,2024-09,216,경기도,양주시,기산낚시터,6,양주 2024_09.csv,레저스포츠,수상레저스포츠
양주,2024,9,2024-09,216,경기도,양주시,무아메메폴댄스,6,양주 2024_09.csv,레저스포츠,기타레저스포츠
양주,2024,9,2024-09,216,경기도,양주시,투혼정심관양주지부,6,양주 2024_09.csv,레저스포츠,기타레저스포츠
양주,2024,9,2024-09,216,경기도,양주시,봉우근린공원,6,양주 2024_09.csv,문화관광,도시공원
양주,2024,9,2024-09,216,경기도,양주시,기원정사,6,양주 2024_09.csv,역사관광,종교성지
양주,2024,9,2024-09,216,경기도,양주시,정절사,6,양주 2024_09.csv,역사관광,역사유물
양주,2024,9,2024-09,216,경기도,양주시,북부수산시장,6,양주 2024_09.csv,쇼핑,시장
양주,2024,9,2024-09,216,경기도,양주시,효진푸드,6,양주 2024_09.csv,쇼핑,시장
양주,2024,9,2024-09,216,경기도,양주시,라라의뜰,6,양주 2024_09.csv,체험관광,농/산/어촌체험
양주,2024,9,2024-09,216,경기도,양주시,엘림전시,6,양주 2024_09.csv,문화관광,전시시설
양주,2024,9,2024-09,216,경기도,양주시,양주시티즌축구클럽,6,양주 2024_09.csv,문화관광,레저스포츠시설
양주,2024,9,2024-09,216,경기도,양주시,신상호스튜디오,6,양주 2024_09.csv,문화관광,전시시설
양주,2024,9,2024-09,231,경기도,양주시,호국흥국사,5,양주 2024_09.csv,역사관광,종교성지
양주,2024,9,2024-09,231,경기도,양주시,쿠키팜,5,양주 2024_09.csv,체험관광,공예체험
양주,2024,9,2024-09,231,경기도,양주시,부흥사,5,양주 2024_09.csv,역사관광,종교성지
양주,2024,9,2024-09,231,경기도,양주시,도하저수지,5,양주 2024_09.csv,자연관광,자연경관(하천/해양)
양주,2024,9,2024-09,235,경기도,양주시,양주풋살파크제2구장,4,양주 2024_09.csv,레저스포츠,기타레저스포츠
양주,2024,9,2024-09,235,경기도,양주시,청산버섯농장,4,양주 2024_09.csv,체험관광,농/산/어촌체험
양주,2024,9,2024-09,235,경기도,양주시,토리근린공원아이누리놀이터,4,양주 2024_09.csv,문화관광,테마공원
양주,2024,9,2024-09,235,경기도,양주시,모모앤던목공작업실,4,양주 2024_09.csv,체험관광,공예체험
양주,2024,9,2024-09,235,경기도,양주시,양주농부이범석,4,양주 2024_09.csv,체험관광,농/산/어촌체험
양주,2024,9,2024-09,235,경기도,양주시,양주시감동VR체험관,4,양주 2024_09.csv,레저스포츠,기타레저스포츠
양주,2024,9,2024-09,235,경기도,양주시,태평목장,4,양주 2024_09.csv,체험관광,농/산/어촌체험
양주,2024,9,2024-09,235,경기도,양주시,혜암정사,4,양주 2024_09.csv,역사관광,종교성지
양주,2024,9,2024-09,235,경기도,양주시,장흥ND구장,4,양주 2024_09.csv,문화관광,레저스포츠시설
양주,2024,9,2024-09,235,경기도,양주시,양주산성야구장,4,양주 2024_09.csv,문화관광,레저스포츠시설
양주,2024,9,2024-09,235,경기도,양주시,선그로원예,4,양주 2024_09.csv,체험관광,농/산/어촌체험
양주,2024,9,2024-09,235,경기도,양주시,황뱅이수변산책로,4,양주 2024_09.csv,레저스포츠,기타레저스포츠
양주,2024,9,2024-09,247,경기도,양주시,양주울대고개순직경찰관추도비,3,양주 2024_09.csv,역사관광,역사유물
양주,2024,9,2024-09,247,경기도,양주시,효순.미선평화공원,3,양주 2024_09.csv,문화관광,도시공원
양주,2024,9,2024-09,247,경기도,양주시,익성농장,3,양주 2024_09.csv,체험관광,농/산/어촌체험
양주,2024,9,2024-09,247,경기도,양주시,체형교정연구소바르다,3,양주 2024_09.csv,레저스포츠,기타레저스포츠
양주,2024,9,2024-09,247,경기도,양주시,코스박스튜디오,3,양주 2024_09.csv,체험관광,공예체험
양주,2024,9,2024-09,247,경기도,양주시,보메기낚시터,3,양주 2024_09.csv,레저스포츠,수상레저스포츠
양주,2024,9,2024-09,247,경기도,양주시,소사목장,3,양주 2024_09.csv,체험관광,농/산/어촌체험
양주,2024,9,2024-09,247,경기도,양주시,대장금눈썰매장,3,양주 2024_09.csv,레저스포츠,육상레저스포츠
양주,2024,9,2024-09,247,경기도,양주시,송곡농장,3,양주 2024_09.csv,체험관광,농/산/어촌체험
양주,2024,9,2024-09,247,경기도,양주시,서울우유목장,3,양주 2024_09.csv,체험관광,농/산/어촌체험
양주,2024,9,2024-09,247,경기도,양주시,감악산목장,3,양주 2024_09.csv,체험관광,농/산/어촌체험
양주,2024,9,2024-09,247,경기도,양주시,원학농장,3,양주 2024_09.csv,체험관광,농/산/어촌체험
양주,2024,9,2024-09,247,경기도,양주시,호국비룡사,3,양주 2024_09.csv,역사관광,종교성지
양주,2024,9,2024-09,247,경기도,양주시,군남농장,3,양주 2024_09.csv,체험관광,농/산/어촌체험
양주,2024,9,2024-09,247,경기도,양주시,여성봉,3,양주 2024_09.csv,자연관광,자연경관(산)
양주,2024,9,2024-09,247,경기도,양주시,연이공방,3,양주 2024_09.csv,체험관광,공예체험
양주,2024,9,2024-09,247,경기도,양주시,천마사,3,양주 2024_09.csv,역사관광,종교성지
양주,2024,9,2024-09,247,경기도,양주시,쌍용사,3,양주 2024_09.csv,역사관광,종교성지
양주,2024,9,2024-09,247,경기도,양주시,문수사,3,양주 2024_09.csv,역사관광,종교성지
양주,2024,9,2024-09,247,경기도,양주시,홍복산,3,양주 2024_09.csv,자연관광,자연경관(산)
양주,2024,9,2024-09,247,경기도,양주시,쿤스트마쿤,3,양주 2024_09.csv,체험관광,공예체험
양주,2024,9,2024-09,247,경기도,양주시,바른자세교정운동원,3,양주 2024_09.csv,레저스포츠,기타레저스포츠
양주,2024,10,2024-10,1,경기도,양주시,나리농원,30141,양주 2024_10.csv,체험관광,농/산/어촌체험
양주,2024,10,2024-10,2,경기도,양주시,LF스퀘어양주점,12998,양주 2024_10.csv,쇼핑,쇼핑몰
양주,2024,10,2024-10,3,경기도,양주시,레이크우드CC,7974,양주 2024_10.csv,레저스포츠,육상레저스포츠
양주,2024,10,2024-10,4,경기도,양주시,송추CC,4154,양주 2024_10.csv,레저스포츠,육상레저스포츠
양주,2024,10,2024-10,5,경기도,양주시,송추계곡,2712,양주 2024_10.csv,자연관광,자연경관(산)
양주,2024,10,2024-10,6,경기도,양주시,루이힐스CC,2058,양주 2024_10.csv,레저스포츠,육상레저스포츠
양주,2024,10,2024-10,7,경기도,양주시,두리랜드,1822,양주 2024_10.csv,문화관광,테마공원
양주,2024,10,2024-10,8,경기도,양주시,가나아트파크,1536,양주 2024_10.csv,문화관광,전시시설
양주,2024,10,2024-10,9,경기도,양주시,장흥관광지,1521,양주 2024_10.csv,문화관광,복합관광시설
양주,2024,10,2024-10,10,경기도,양주시,나리공원물놀이장,1461,양주 2024_10.csv,문화관광,테마공원
양주,2024,10,2024-10,11,경기도,양주시,옥정체육공원,1220,양주 2024_10.csv,문화관광,도시공원
양주,2024,10,2024-10,12,경기도,양주시,기산저수지,1155,양주 2024_10.csv,자연관광,자연경관(하천/해양)
양주,2024,10,2024-10,13,경기도,양주시,양주관아지,1149,양주 2024_10.csv,역사관광,역사유적지
양주,2024,10,2024-10,14,경기도,양주시,송추역(2024년12월개통예정),1118,양주 2024_10.csv,기타관광,교통시설
양주,2024,10,2024-10,15,경기도,양주시,양주별산대놀이마당,1115,양주 2024_10.csv,문화관광,기타문화관광지
양주,2024,10,2024-10,16,경기도,양주시,양주시립장욱진미술관,918,양주 2024_10.csv,문화관광,전시시설
양주,2024,10,2024-10,17,경기도,양주시,일영역(2024년12월개통예정),824,양주 2024_10.csv,기타관광,교통시설
양주,2024,10,2024-10,18,경기도,양주시,백석생활체육공원,823,양주 2024_10.csv,문화관광,도시공원
양주,2024,10,2024-10,19,경기도,양주시,가래비만세시장,817,양주 2024_10.csv,쇼핑,시장
양주,2024,10,2024-10,20,경기도,양주시,일영유원지,697,양주 2024_10.csv,문화관광,복합관광시설
양주,2024,10,2024-10,21,경기도,양주시,고덕생활체육공원,682,양주 2024_10.csv,문화관광,도시공원
양주,2024,10,2024-10,22,경기도,양주시,장흥자동차극장,640,양주 2024_10.csv,문화관광,공연시설
양주,2024,10,2024-10,23,경기도,양주시,국립아세안자연휴양림,635,양주 2024_10.csv,자연관광,자연공원
양주,2024,10,2024-10,24,경기도,양주시,TBS도봉산축구장,620,양주 2024_10.csv,문화관광,레저스포츠시설
양주,2024,10,2024-10,25,경기도,양주시,딱따구리청소년수련원,561,양주 2024_10.csv,레저스포츠,육상레저스포츠
양주,2024,10,2024-10,26,경기도,양주시,신암낚시터,516,양주 2024_10.csv,레저스포츠,수상레저스포츠
양주,2024,10,2024-10,27,경기도,양주시,한성승마클럽,512,양주 2024_10.csv,레저스포츠,육상레저스포츠
양주,2024,10,2024-10,28,경기도,양주시,메가박스양주,508,양주 2024_10.csv,문화관광,공연시설
양주,2024,10,2024-10,29,경기도,양주시,MBP리그,502,양주 2024_10.csv,문화관광,레저스포츠시설
양주,2024,10,2024-10,30,경기도,양주시,장흥역(2024년12월개통예정),501,양주 2024_10.csv,기타관광,교통시설
양주,2024,10,2024-10,31,경기도,양주시,청련사,479,양주 2024_10.csv,역사관광,종교성지
양주,2024,10,2024-10,32,경기도,양주시,헤세의정원,478,양주 2024_10.csv,문화관광,기타문화관광지
양주,2024,10,2024-10,33,경기도,양주시,남경수목원,462,양주 2024_10.csv,체험관광,농/산/어촌체험
양주,2024,10,2024-10,34,경기도,양주시,칠봉산CC,458,양주 2024_10.csv,레저스포츠,육상레저스포츠
양주,2024,10,2024-10,35,경기도,양주시,옥정배수지체육공원,436,양주 2024_10.csv,문화관광,도시공원
양주,2024,10,2024-10,36,경기도,양주시,양주시청소년수련원,433,양주 2024_10.csv,레저스포츠,육상레저스포츠
양주,2024,10,2024-10,37,경기도,양주시,조명박물관,420,양주 2024_10.csv,문화관광,전시시설
양주,2024,10,2024-10,38,경기도,양주시,장흥자생수목원,408,양주 2024_10.csv,자연관광,자연공원
양주,2024,10,2024-10,39,경기도,양주시,멜버른승마장,404,양주 2024_10.csv,레저스포츠,육상레저스포츠
양주,2024,10,2024-10,40,경기도,양주시,장흥생활체육공원,400,양주 2024_10.csv,문화관광,도시공원
양주,2024,10,2024-10,41,경기도,양주시,봉암저수지,387,양주 2024_10.csv,자연관광,자연경관(하천/해양)
양주,2024,10,2024-10,42,경기도,양주시,송암스페이스센터,384,양주 2024_10.csv,기타관광,기타관광
양주,2024,10,2024-10,43,경기도,양주시,양주베이스볼파크,381,양주 2024_10.csv,문화관광,레저스포츠시설
양주,2024,10,2024-10,44,경기도,양주시,고읍축구장,367,양주 2024_10.csv,문화관광,레저스포츠시설
양주,2024,10,2024-10,45,경기도,양주시,신천생활체육공원,350,양주 2024_10.csv,문화관광,도시공원
양주,2024,10,2024-10,46,경기도,양주시,효촌저수지,349,양주 2024_10.csv,자연관광,자연경관(하천/해양)
양주,2024,10,2024-10,47,경기도,양주시,무호정,341,양주 2024_10.csv,레저스포츠,육상레저스포츠
양주,2024,10,2024-10,48,경기도,양주시,양주테크노풋살센터,325,양주 2024_10.csv,레저스포츠,기타레저스포츠
양주,2024,10,2024-10,49,경기도,양주시,나리공원파크골프장,321,양주 2024_10.csv,레저스포츠,육상레저스포츠
양주,2024,10,2024-10,50,경기도,양주시,석굴암,315,양주 2024_10.csv,역사관광,종교성지
양주,2024,10,2024-10,51,경기도,양주시,원당저수지,311,양주 2024_10.csv,자연관광,자연경관(하천/해양)
양주,2024,10,2024-10,52,경기도,양주시,EP베이스볼파크,309,양주 2024_10.csv,문화관광,레저스포츠시설
양주,2024,10,2024-10,53,경기도,양주시,토도,303,양주 2024_10.csv,문화관광,테마공원
양주,2024,10,2024-10,54,경기도,양주시,후니버설스튜디오,295,양주 2024_10.csv,문화관광,전시시설
양주,2024,10,2024-10,55,경기도,양주시,어둔리저수지,290,양주 2024_10.csv,자연관광,자연경관(하천/해양)
양주,2024,10,2024-10,56,경기도,양주시,삼하낚시터,284,양주 2024_10.csv,레저스포츠,수상레저스포츠
양주,2024,10,2024-10,57,경기도,양주시,헬로방방양주점,280,양주 2024_10.csv,문화관광,테마공원
양주,2024,10,2024-10,58,경기도,양주시,공존풋살파크양주점,277,양주 2024_10.csv,문화관광,레저스포츠시설
양주,2024,10,2024-10,59,경기도,양주시,스카이야구장,271,양주 2024_10.csv,문화관광,레저스포츠시설
양주,2024,10,2024-10,60,경기도,양주시,송추낚시터,268,양주 2024_10.csv,레저스포츠,수상레저스포츠
양주,2024,10,2024-10,60,경기도,양주시,장흥축구장,268,양주 2024_10.csv,문화관광,레저스포츠시설
양주,2024,10,2024-10,62,경기도,양주시,옥정체육공원축구장,264,양주 2024_10.csv,문화관광,레저스포츠시설
양주,2024,10,2024-10,63,경기도,양주시,VIP야구장,258,양주 2024_10.csv,문화관광,레저스포츠시설
양주,2024,10,2024-10,64,경기도,양주시,장자원낚시터,256,양주 2024_10.csv,레저스포츠,수상레저스포츠
양주,2024,10,2024-10,65,경기도,양주시,장흥돌고개유원지,250,양주 2024_10.csv,문화관광,복합관광시설
양주,2024,10,2024-10,66,경기도,양주시,ND야구장,245,양주 2024_10.csv,문화관광,레저스포츠시설
양주,2024,10,2024-10,66,경기도,양주시,북한산국립공원교현탐방지원센터,245,양주 2024_10.csv,기타관광,기타관광
양주,2024,10,2024-10,68,경기도,양주시,장흥야구장,237,양주 2024_10.csv,문화관광,레저스포츠시설
양주,2024,10,2024-10,69,경기도,양주시,청암민속박물관,226,양주 2024_10.csv,문화관광,전시시설
양주,2024,10,2024-10,70,경기도,양주시,광백저수지,221,양주 2024_10.csv,자연관광,자연경관(하천/해양)
양주,2024,10,2024-10,71,경기도,양주시,양주시승마장,219,양주 2024_10.csv,레저스포츠,육상레저스포츠
양주,2024,10,2024-10,72,경기도,양주시,양주팬텀실내풋살장,217,양주 2024_10.csv,레저스포츠,기타레저스포츠
양주,2024,10,2024-10,73,경기도,양주시,덕계저수지,212,양주 2024_10.csv,자연관광,자연경관(하천/해양)
양주,2024,10,2024-10,74,경기도,양주시,양주풋살파크제1구장,211,양주 2024_10.csv,문화관광,레저스포츠시설
양주,2024,10,2024-10,75,경기도,양주시,더콕배드민턴레슨센터,210,양주 2024_10.csv,레저스포츠,기타레저스포츠
양주,2024,10,2024-10,76,경기도,양주시,양주곤충박물관,190,양주 2024_10.csv,문화관광,전시시설
양주,2024,10,2024-10,77,경기도,양주시,광적생활체육공원축구장,187,양주 2024_10.csv,문화관광,레저스포츠시설
양주,2024,10,2024-10,78,경기도,양주시,연꽃빌리지관광농원,180,양주 2024_10.csv,체험관광,농/산/어촌체험
양주,2024,10,2024-10,79,경기도,양주시,덕계공원,171,양주 2024_10.csv,문화관광,도시공원
양주,2024,10,2024-10,80,경기도,양주시,지장사,165,양주 2024_10.csv,역사관광,종교성지
양주,2024,10,2024-10,80,경기도,양주시,백석생활체육공원축구장,165,양주 2024_10.csv,문화관광,레저스포츠시설
양주,2024,10,2024-10,82,경기도,양주시,삼숭생활체육공원,159,양주 2024_10.csv,문화관광,도시공원
양주,2024,10,2024-10,83,경기도,양주시,백석생활체육공원야구장,155,양주 2024_10.csv,문화관광,레저스포츠시설
양주,2024,10,2024-10,84,경기도,양주시,신산리공원,154,양주 2024_10.csv,문화관광,도시공원
양주,2024,10,2024-10,85,경기도,양주시,그랜드유원지,153,양주 2024_10.csv,기타관광,기타관광
양주,2024,10,2024-10,86,경기도,양주시,온릉,143,양주 2024_10.csv,역사관광,역사유적지
양주,2024,10,2024-10,87,경기도,양주시,육지장사,142,양주 2024_10.csv,역사관광,종교성지
양주,2024,10,2024-10,88,경기도,양주시,양주문화유산야행,138,양주 2024_10.csv,문화관광,기타문화관광지
양주,2024,10,2024-10,88,경기도,양주시,양주향교,138,양주 2024_10.csv,역사관광,역사유적지
양주,2024,10,2024-10,90,경기도,양주시,신천생활체육공원축구장,136,양주 2024_10.csv,문화관광,레저스포츠시설
양주,2024,10,2024-10,91,경기도,양주시,대원정사,135,양주 2024_10.csv,역사관광,종교성지
양주,2024,10,2024-10,92,경기도,양주시,안상철미술관,133,양주 2024_10.csv,문화관광,전시시설
양주,2024,10,2024-10,92,경기도,양주시,북한산국립공원오봉탐방지원센터,133,양주 2024_10.csv,기타관광,기타관광
양주,2024,10,2024-10,94,경기도,양주시,씽씽롤러스케이트장,131,양주 2024_10.csv,레저스포츠,육상레저스포츠
양주,2024,10,2024-10,95,경기도,양주시,백석배수지생활체육공원,127,양주 2024_10.csv,문화관광,도시공원
양주,2024,10,2024-10,96,경기도,양주시,불곡산,119,양주 2024_10.csv,자연관광,자연경관(산)
양주,2024,10,2024-10,96,경기도,양주시,북한산둘레길13구간,119,양주 2024_10.csv,레저스포츠,기타레저스포츠
양주,2024,10,2024-10,98,경기도,양주시,조소앙선생기념관,118,양주 2024_10.csv,문화관광,전시시설
양주,2024,10,2024-10,99,경기도,양주시,장흥조각공원,113,양주 2024_10.csv,문화관광,도시공원
양주,2024,10,2024-10,100,경기도,양주시,티제이풋살파크,112,양주 2024_10.csv,레저스포츠,기타레저스포츠
양주,2024,10,2024-10,100,경기도,양주시,백화암,112,양주 2024_10.csv,역사관광,종교성지
양주,2024,10,2024-10,102,경기도,양주시,송추원각사,111,양주 2024_10.csv,역사관광,종교성지
양주,2024,10,2024-10,102,경기도,양주시,한국축구센터,111,양주 2024_10.csv,문화관광,레저스포츠시설
양주,2024,10,2024-10,104,경기도,양주시,99풋살파크,106,양주 2024_10.csv,레저스포츠,기타레저스포츠
양주,2024,10,2024-10,105,경기도,양주시,화담정사,96,양주 2024_10.csv,역사관광,종교성지
양주,2024,10,2024-10,106,경기도,양주시,금바위저수지,94,양주 2024_10.csv,자연관광,자연경관(하천/해양)
양주,2024,10,2024-10,107,경기도,양주시,부부관광농원,89,양주 2024_10.csv,체험관광,농/산/어촌체험
양주,2024,10,2024-10,108,경기도,양주시,하늘물공원,86,양주 2024_10.csv,문화관광,도시공원
양주,2024,10,2024-10,109,경기도,양주시,양주시공설파크골프장,85,양주 2024_10.csv,레저스포츠,육상레저스포츠
양주,2024,10,2024-10,109,경기도,양주시,덕수레저타운,85,양주 2024_10.csv,레저스포츠,기타레저스포츠
양주,2024,10,2024-10,111,경기도,양주시,타겟28실내양궁장,81,양주 2024_10.csv,레저스포츠,육상레저스포츠
양주,2024,10,2024-10,112,경기도,양주시,마리조아승마클럽,79,양주 2024_10.csv,레저스포츠,육상레저스포츠
양주,2024,10,2024-10,113,경기도,양주시,광적생활체육공원,78,양주 2024_10.csv,문화관광,도시공원
양주,2024,10,2024-10,114,경기도,양주시,효촌리낚시터,77,양주 2024_10.csv,레저스포츠,수상레저스포츠
양주,2024,10,2024-10,114,경기도,양주시,광사낚시터,77,양주 2024_10.csv,레저스포츠,수상레저스포츠
양주,2024,10,2024-10,116,경기도,양주시,마스터풋볼클럽,73,양주 2024_10.csv,레저스포츠,기타레저스포츠
양주,2024,10,2024-10,117,경기도,양주시,신흥레저타운,71,양주 2024_10.csv,레저스포츠,기타레저스포츠
양주,2024,10,2024-10,117,경기도,양주시,못말낚시터,71,양주 2024_10.csv,레저스포츠,수상레저스포츠
양주,2024,10,2024-10,119,경기도,양주시,아름다운비행,70,양주 2024_10.csv,문화관광,전시시설
양주,2024,10,2024-10,120,경기도,양주시,샘내고개,69,양주 2024_10.csv,자연관광,자연경관(산)
양주,2024,10,2024-10,121,경기도,양주시,클라임크루,68,양주 2024_10.csv,레저스포츠,기타레저스포츠
양주,2024,10,2024-10,122,경기도,양주시,가나2아뜰리에,64,양주 2024_10.csv,문화관광,기타문화관광지
양주,2024,10,2024-10,123,경기도,양주시,연화사,63,양주 2024_10.csv,역사관광,종교성지
양주,2024,10,2024-10,123,경기도,양주시,쌍용사,63,양주 2024_10.csv,역사관광,종교성지
양주,2024,10,2024-10,123,경기도,양주시,원더풀키즈수영장,63,양주 2024_10.csv,문화관광,테마공원
양주,2024,10,2024-10,126,경기도,양주시,나비랑키즈카페,62,양주 2024_10.csv,문화관광,테마공원
양주,2024,10,2024-10,127,경기도,양주시,연곡저수지,61,양주 2024_10.csv,자연관광,자연경관(하천/해양)
양주,2024,10,2024-10,127,경기도,양주시,덕정시장,61,양주 2024_10.csv,쇼핑,시장
양주,2024,10,2024-10,127,경기도,양주시,양주천보산림욕장,61,양주 2024_10.csv,자연관광,자연공원
양주,2024,10,2024-10,130,경기도,양주시,송추아트밸리,60,양주 2024_10.csv,문화관광,도시공원
양주,2024,10,2024-10,131,경기도,양주시,777레지던스,54,양주 2024_10.csv,문화관광,전시시설
양주,2024,10,2024-10,132,경기도,양주시,권율장군묘,52,양주 2024_10.csv,역사관광,역사유적지
양주,2024,10,2024-10,132,경기도,양주시,스트라이크존볼파크양주,52,양주 2024_10.csv,문화관광,레저스포츠시설
양주,2024,10,2024-10,134,경기도,양주시,양주시종합관광안내센터,48,양주 2024_10.csv,기타관광,기타관광
양주,2024,10,2024-10,135,경기도,양주시,강호이앤티,47,양주 2024_10.csv,레저스포츠,기타레저스포츠
양주,2024,10,2024-10,136,경기도,양주시,양주시립민복진미술관,46,양주 2024_10.csv,문화관광,전시시설
양주,2024,10,2024-10,137,경기도,양주시,대승사,45,양주 2024_10.csv,역사관광,종교성지
양주,2024,10,2024-10,138,경기도,양주시,원당낚시터,43,양주 2024_10.csv,레저스포츠,수상레저스포츠
양주,2024,10,2024-10,139,경기도,양주시,공차실내풋살,42,양주 2024_10.csv,문화관광,레저스포츠시설
양주,2024,10,2024-10,139,경기도,양주시,주말IN양주관아지,42,양주 2024_10.csv,문화관광,기타문화관광지
양주,2024,10,2024-10,139,경기도,양주시,위바운스,42,양주 2024_10.csv,문화관광,테마공원
양주,2024,10,2024-10,142,경기도,양주시,신암지,41,양주 2024_10.csv,자연관광,자연경관(하천/해양)
양주,2024,10,2024-10,142,경기도,양주시,신산장,41,양주 2024_10.csv,쇼핑,시장
양주,2024,10,2024-10,142,경기도,양주시,양주농촌테마공원,41,양주 2024_10.csv,문화관광,도시공원
양주,2024,10,2024-10,145,경기도,양주시,송암천문대,40,양주 2024_10.csv,기타관광,기타관광
양주,2024,10,2024-10,145,경기도,양주시,장흥자연휴양림,40,양주 2024_10.csv,자연관광,자연공원
양주,2024,10,2024-10,147,경기도,양주시,고읍제6어린이공원,38,양주 2024_10.csv,문화관광,도시공원
양주,2024,10,2024-10,147,경기도,양주시,모자농원,38,양주 2024_10.csv,체험관광,농/산/어촌체험
양주,2024,10,2024-10,149,경기도,양주시,어둔리남방낚시터,35,양주 2024_10.csv,레저스포츠,수상레저스포츠
양주,2024,10,2024-10,150,경기도,양주시,일영낚시터,34,양주 2024_10.csv,레저스포츠,수상레저스포츠
양주,2024,10,2024-10,151,경기도,양주시,토리근린공원,33,양주 2024_10.csv,문화관광,도시공원
양주,2024,10,2024-10,152,경기도,양주시,살구골낚시터,31,양주 2024_10.csv,레저스포츠,수상레저스포츠
양주,2024,10,2024-10,153,경기도,양주시,나누리근린공원,30,양주 2024_10.csv,문화관광,도시공원
양주,2024,10,2024-10,153,경기도,양주시,고려대학교송추야구장,30,양주 2024_10.csv,문화관광,레저스포츠시설
양주,2024,10,2024-10,155,경기도,양주시,무키무키양주회천점,29,양주 2024_10.csv,문화관광,테마공원
양주,2024,10,2024-10,155,경기도,양주시,홍복저수지,29,양주 2024_10.csv,자연관광,자연경관(하천/해양)
양주,2024,10,2024-10,157,경기도,양주시,베이스캠프,28,양주 2024_10.csv,레저스포츠,기타레저스포츠
양주,2024,10,2024-10,158,경기도,양주시,나리다육,27,양주 2024_10.csv,체험관광,농/산/어촌체험
양주,2024,10,2024-10,159,경기도,양주시,에코야구장,26,양주 2024_10.csv,문화관광,레저스포츠시설
양주,2024,10,2024-10,160,경기도,양주시,양주시립장욱진미술관통합매표소,25,양주 2024_10.csv,문화관광,복합관광시설
양주,2024,10,2024-10,161,경기도,양주시,송추다보사,24,양주 2024_10.csv,역사관광,종교성지
양주,2024,10,2024-10,162,경기도,양주시,은현피싱타운,23,양주 2024_10.csv,레저스포츠,수상레저스포츠
양주,2024,10,2024-10,162,경기도,양주시,슬기로운낚시생활,23,양주 2024_10.csv,레저스포츠,수상레저스포츠
양주,2024,10,2024-10,162,경기도,양주시,봉암낚시터,23,양주 2024_10.csv,레저스포츠,수상레저스포츠
양주,2024,10,2024-10,162,경기도,양주시,엄상마을문화거리,23,양주 2024_10.csv,문화관광,테마공원
양주,2024,10,2024-10,162,경기도,양주시,스카이워터파크,23,양주 2024_10.csv,문화관광,테마공원
양주,2024,10,2024-10,167,경기도,양주시,각명사,22,양주 2024_10.csv,역사관광,종교성지
양주,2024,10,2024-10,167,경기도,양주시,덕계낚시터,22,양주 2024_10.csv,레저스포츠,수상레저스포츠
양주,2024,10,2024-10,169,경기도,양주시,백인걸선생묘,20,양주 2024_10.csv,역사관광,역사유적지
양주,2024,10,2024-10,169,경기도,양주시,양주골김치체험박물관,20,양주 2024_10.csv,문화관광,전시시설
양주,2024,10,2024-10,171,경기도,양주시,금빛갤러리,19,양주 2024_10.csv,문화관광,전시시설
양주,2024,10,2024-10,171,경기도,양주시,기산리유원지,19,양주 2024_10.csv,문화관광,복합관광시설
양주,2024,10,2024-10,173,경기도,양주시,홍죽산업단지근린공원,18,양주 2024_10.csv,문화관광,도시공원
양주,2024,10,2024-10,174,경기도,양주시,백석생활체육공원리틀야구장,17,양주 2024_10.csv,문화관광,레저스포츠시설
양주,2024,10,2024-10,175,경기도,양주시,양주인공암벽장,16,양주 2024_10.csv,레저스포츠,기타레저스포츠
양주,2024,10,2024-10,175,경기도,양주시,노고산주말농장,16,양주 2024_10.csv,체험관광,농/산/어촌체험
양주,2024,10,2024-10,177,경기도,양주시,무아메메폴댄스,15,양주 2024_10.csv,레저스포츠,기타레저스포츠
양주,2024,10,2024-10,178,경기도,양주시,장흥계곡,14,양주 2024_10.csv,자연관광,자연경관(산)
양주,2024,10,2024-10,178,경기도,양주시,원학농장,14,양주 2024_10.csv,체험관광,농/산/어촌체험
양주,2024,10,2024-10,178,경기도,양주시,사동포도원,14,양주 2024_10.csv,체험관광,농/산/어촌체험
양주,2024,10,2024-10,181,경기도,양주시,양주시티즌축구클럽,13,양주 2024_10.csv,문화관광,레저스포츠시설
양주,2024,10,2024-10,182,경기도,양주시,가나1아뜰리에,12,양주 2024_10.csv,문화관광,기타문화관광지
양주,2024,10,2024-10,182,경기도,양주시,은현낚시터,12,양주 2024_10.csv,레저스포츠,수상레저스포츠
양주,2024,10,2024-10,182,경기도,양주시,송암사,12,양주 2024_10.csv,역사관광,종교성지
양주,2024,10,2024-10,182,경기도,양주시,여성봉,12,양주 2024_10.csv,자연관광,자연경관(산)
양주,2024,10,2024-10,182,경기도,양주시,비암사,12,양주 2024_10.csv,역사관광,종교성지
양주,2024,10,2024-10,187,경기도,양주시,천봉나전칠기체험관,11,양주 2024_10.csv,문화관광,기타문화관광지
양주,2024,10,2024-10,187,경기도,양주시,양주시감동VR체험관,11,양주 2024_10.csv,레저스포츠,기타레저스포츠
양주,2024,10,2024-10,187,경기도,양주시,제6어린이공원,11,양주 2024_10.csv,문화관광,도시공원
양주,2024,10,2024-10,187,경기도,양주시,원각폭포,11,양주 2024_10.csv,자연관광,자연경관(산)
양주,2024,10,2024-10,187,경기도,양주시,불곡산농원,11,양주 2024_10.csv,체험관광,농/산/어촌체험
양주,2024,10,2024-10,187,경기도,양주시,황뱅이수변산책로,11,양주 2024_10.csv,레저스포츠,기타레저스포츠
양주,2024,10,2024-10,193,경기도,양주시,해유령전첩지,10,양주 2024_10.csv,역사관광,역사유적지
양주,2024,10,2024-10,193,경기도,양주시,소사목장,10,양주 2024_10.csv,체험관광,농/산/어촌체험
양주,2024,10,2024-10,195,경기도,양주시,체형교정연구소바르다,9,양주 2024_10.csv,레저스포츠,기타레저스포츠
양주,2024,10,2024-10,195,경기도,양주시,모모앤던목공작업실,9,양주 2024_10.csv,체험관광,공예체험
양주,2024,10,2024-10,195,경기도,양주시,용암낚시터,9,양주 2024_10.csv,레저스포츠,수상레저스포츠
양주,2024,10,2024-10,195,경기도,양주시,비암재,9,양주 2024_10.csv,역사관광,역사유적지
양주,2024,10,2024-10,195,경기도,양주시,수월사,9,양주 2024_10.csv,역사관광,종교성지
양주,2024,10,2024-10,195,경기도,양주시,보타사,9,양주 2024_10.csv,역사관광,종교성지
양주,2024,10,2024-10,201,경기도,양주시,윤성에프앤비양주물류센터,8,양주 2024_10.csv,레저스포츠,수상레저스포츠
양주,2024,10,2024-10,201,경기도,양주시,양주농원,8,양주 2024_10.csv,체험관광,농/산/어촌체험
양주,2024,10,2024-10,203,경기도,양주시,효순.미선평화공원,7,양주 2024_10.csv,문화관광,도시공원
양주,2024,10,2024-10,203,경기도,양주시,소소끼뮤지엄,7,양주 2024_10.csv,문화관광,전시시설
양주,2024,10,2024-10,203,경기도,양주시,본주짓수회천점,7,양주 2024_10.csv,레저스포츠,기타레저스포츠
양주,2024,10,2024-10,203,경기도,양주시,양주농부이범석,7,양주 2024_10.csv,체험관광,농/산/어촌체험
양주,2024,10,2024-10,203,경기도,양주시,오림피아수영장,7,양주 2024_10.csv,문화관광,테마공원
양주,2024,10,2024-10,203,경기도,양주시,양주산성야구장,7,양주 2024_10.csv,문화관광,레저스포츠시설
양주,2024,10,2024-10,203,경기도,양주시,해마루농원,7,양주 2024_10.csv,체험관광,농/산/어촌체험
양주,2024,10,2024-10,203,경기도,양주시,양주유수풀파크&바베큐장,7,양주 2024_10.csv,문화관광,테마공원
양주,2024,10,2024-10,203,경기도,양주시,월암사,7,양주 2024_10.csv,역사관광,종교성지
양주,2024,10,2024-10,212,경기도,양주시,아지트배드민턴,6,양주 2024_10.csv,레저스포츠,기타레저스포츠
양주,2024,10,2024-10,212,경기도,양주시,진영농장,6,양주 2024_10.csv,체험관광,농/산/어촌체험
양주,2024,10,2024-10,212,경기도,양주시,아이핑탁구클럽,6,양주 2024_10.csv,레저스포츠,기타레저스포츠
양주,2024,10,2024-10,212,경기도,양주시,사패산송추방면,6,양주 2024_10.csv,자연관광,자연경관(산)
양주,2024,10,2024-10,212,경기도,양주시,양주시 현충탑,6,양주 2024_10.csv,역사관광,역사유물
양주,2024,10,2024-10,212,경기도,양주시,조소앙선생기념공원,6,양주 2024_10.csv,문화관광,도시공원
양주,2024,10,2024-10,212,경기도,양주시,호국비룡사,6,양주 2024_10.csv,역사관광,종교성지
양주,2024,10,2024-10,212,경기도,양주시,신상호스튜디오,6,양주 2024_10.csv,문화관광,전시시설
양주,2024,10,2024-10,220,경기도,양주시,익성농장,5,양주 2024_10.csv,체험관광,농/산/어촌체험
양주,2024,10,2024-10,220,경기도,양주시,이승욱갤러리왕의길,5,양주 2024_10.csv,문화관광,전시시설
양주,2024,10,2024-10,220,경기도,양주시,한마음청소년수련원수영장,5,양주 2024_10.csv,문화관광,테마공원
양주,2024,10,2024-10,220,경기도,양주시,두래농원,5,양주 2024_10.csv,체험관광,농/산/어촌체험
양주,2024,10,2024-10,220,경기도,양주시,동광정사,5,양주 2024_10.csv,역사관광,종교성지
양주,2024,10,2024-10,220,경기도,양주시,홍법사,5,양주 2024_10.csv,역사관광,종교성지
양주,2024,10,2024-10,226,경기도,양주시,신흥레저워터월드,4,양주 2024_10.csv,문화관광,테마공원
양주,2024,10,2024-10,226,경기도,양주시,청풍산방,4,양주 2024_10.csv,체험관광,공예체험
양주,2024,10,2024-10,226,경기도,양주시,farm5150,4,양주 2024_10.csv,체험관광,공예체험
양주,2024,10,2024-10,226,경기도,양주시,천불사,4,양주 2024_10.csv,역사관광,종교성지
양주,2024,10,2024-10,226,경기도,양주시,일영중산농원,4,양주 2024_10.csv,체험관광,농/산/어촌체험
양주,2024,10,2024-10,226,경기도,양주시,고려대학교축구장,4,양주 2024_10.csv,문화관광,레저스포츠시설
양주,2024,10,2024-10,226,경기도,양주시,장흥ND구장,4,양주 2024_10.csv,문화관광,레저스포츠시설
양주,2024,10,2024-10,226,경기도,양주시,동산가든낚시터,4,양주 2024_10.csv,레저스포츠,수상레저스포츠
양주,2024,10,2024-10,226,경기도,양주시,가래비빙벽장,4,양주 2024_10.csv,레저스포츠,기타레저스포츠
양주,2024,10,2024-10,226,경기도,양주시,히든밸리송추,4,양주 2024_10.csv,문화관광,테마공원
양주,2024,10,2024-10,236,경기도,양주시,양주울대고개순직경찰관추도비,3,양주 2024_10.csv,역사관광,역사유물
양주,2024,10,2024-10,236,경기도,양주시,남방어린이공원,3,양주 2024_10.csv,문화관광,도시공원
양주,2024,10,2024-10,236,경기도,양주시,대한불교조계종법화사,3,양주 2024_10.csv,역사관광,종교성지
양주,2024,10,2024-10,236,경기도,양주시,신산시장복합센터,3,양주 2024_10.csv,쇼핑,시장
양주,2024,10,2024-10,236,경기도,양주시,오운온세라믹스튜디오,3,양주 2024_10.csv,체험관광,공예체험
양주,2024,10,2024-10,236,경기도,양주시,리틀웨일키즈풀파티룸,3,양주 2024_10.csv,문화관광,테마공원
양주,2024,10,2024-10,236,경기도,양주시,코스박스튜디오,3,양주 2024_10.csv,체험관광,공예체험
양주,2024,10,2024-10,236,경기도,양주시,기산낚시터,3,양주 2024_10.csv,레저스포츠,수상레저스포츠
양주,2024,10,2024-10,236,경기도,양주시,쿠키팜,3,양주 2024_10.csv,체험관광,공예체험
양주,2024,10,2024-10,236,경기도,양주시,나릿물힐링꽃밭,3,양주 2024_10.csv,기타관광,기타관광
양주,2024,10,2024-10,236,경기도,양주시,호국일월사,3,양주 2024_10.csv,역사관광,종교성지
양주,2024,10,2024-10,236,경기도,양주시,양주산성배틀존필드,3,양주 2024_10.csv,레저스포츠,육상레저스포츠
양주,2024,10,2024-10,236,경기도,양주시,샌드모먼트,3,양주 2024_10.csv,체험관광,공예체험
양주,2024,10,2024-10,236,경기도,양주시,석우근린공원,3,양주 2024_10.csv,문화관광,도시공원
양주,2024,10,2024-10,236,경기도,양주시,하얀돌마을정원,3,양주 2024_10.csv,문화관광,도시공원
양주,2024,10,2024-10,236,경기도,양주시,보메기낚시터,3,양주 2024_10.csv,레저스포츠,수상레저스포츠
양주,2024,10,2024-10,236,경기도,양주시,청수낚시터,3,양주 2024_10.csv,레저스포츠,수상레저스포츠
양주,2024,10,2024-10,236,경기도,양주시,비타점핑,3,양주 2024_10.csv,레저스포츠,기타레저스포츠
양주,2024,10,2024-10,236,경기도,양주시,양주남면의느티나무,3,양주 2024_10.csv,역사관광,역사유적지
양주,2024,10,2024-10,236,경기도,양주시,양주대모산성,3,양주 2024_10.csv,역사관광,역사유적지
양주,2024,10,2024-10,236,경기도,양주시,백수현전통가옥,3,양주 2024_10.csv,역사관광,역사유적지
양주,2024,10,2024-10,236,경기도,양주시,대장금눈썰매장,3,양주 2024_10.csv,레저스포츠,육상레저스포츠
양주,2024,10,2024-10,236,경기도,양주시,부흥사,3,양주 2024_10.csv,역사관광,종교성지
양주,2024,10,2024-10,236,경기도,양주시,장흥한옥수영장,3,양주 2024_10.csv,문화관광,테마공원
양주,2024,10,2024-10,236,경기도,양주시,감악산목장,3,양주 2024_10.csv,체험관광,농/산/어촌체험
양주,2024,10,2024-10,236,경기도,양주시,마하보디사,3,양주 2024_10.csv,역사관광,종교성지
양주,2024,10,2024-10,236,경기도,양주시,북부수산시장,3,양주 2024_10.csv,쇼핑,시장
양주,2024,10,2024-10,236,경기도,양주시,천마사,3,양주 2024_10.csv,역사관광,종교성지
양주,2024,10,2024-10,236,경기도,양주시,선그로원예,3,양주 2024_10.csv,체험관광,농/산/어촌체험
양주,2024,10,2024-10,236,경기도,양주시,도락산,3,양주 2024_10.csv,자연관광,자연경관(산)
양주,2024,11,2024-11,1,경기도,양주시,LF스퀘어양주점,12982,양주 2024_11.csv,쇼핑,쇼핑몰
양주,2024,11,2024-11,2,경기도,양주시,레이크우드CC,6339,양주 2024_11.csv,레저스포츠,육상레저스포츠
양주,2024,11,2024-11,3,경기도,양주시,송추CC,2875,양주 2024_11.csv,레저스포츠,육상레저스포츠
양주,2024,11,2024-11,4,경기도,양주시,송추계곡,2453,양주 2024_11.csv,자연관광,자연경관(산)
양주,2024,11,2024-11,5,경기도,양주시,나리농원,1857,양주 2024_11.csv,체험관광,농/산/어촌체험
양주,2024,11,2024-11,6,경기도,양주시,두리랜드,1525,양주 2024_11.csv,문화관광,테마공원
양주,2024,11,2024-11,7,경기도,양주시,루이힐스CC,1417,양주 2024_11.csv,레저스포츠,육상레저스포츠
양주,2024,11,2024-11,8,경기도,양주시,장흥관광지,1360,양주 2024_11.csv,문화관광,복합관광시설
양주,2024,11,2024-11,9,경기도,양주시,기산저수지,1130,양주 2024_11.csv,자연관광,자연경관(하천/해양)
양주,2024,11,2024-11,10,경기도,양주시,송추역(2024년12월30일 개통예정),945,양주 2024_11.csv,기타관광,교통시설
양주,2024,11,2024-11,11,경기도,양주시,일영역(2024년12월30일 개통예정),881,양주 2024_11.csv,기타관광,교통시설
양주,2024,11,2024-11,12,경기도,양주시,옥정체육공원,871,양주 2024_11.csv,문화관광,도시공원
양주,2024,11,2024-11,13,경기도,양주시,가나아트파크,869,양주 2024_11.csv,문화관광,전시시설
양주,2024,11,2024-11,14,경기도,양주시,가래비만세시장,819,양주 2024_11.csv,쇼핑,시장
양주,2024,11,2024-11,15,경기도,양주시,조명박물관,779,양주 2024_11.csv,문화관광,전시시설
양주,2024,11,2024-11,16,경기도,양주시,백석생활체육공원,702,양주 2024_11.csv,문화관광,도시공원
양주,2024,11,2024-11,17,경기도,양주시,일영유원지,653,양주 2024_11.csv,문화관광,복합관광시설
양주,2024,11,2024-11,18,경기도,양주시,장흥자동차극장,650,양주 2024_11.csv,문화관광,공연시설
양주,2024,11,2024-11,19,경기도,양주시,양주시립장욱진미술관,617,양주 2024_11.csv,문화관광,전시시설
양주,2024,11,2024-11,20,경기도,양주시,국립아세안자연휴양림,565,양주 2024_11.csv,자연관광,자연공원
양주,2024,11,2024-11,21,경기도,양주시,신암낚시터,560,양주 2024_11.csv,레저스포츠,수상레저스포츠
양주,2024,11,2024-11,22,경기도,양주시,메가박스양주,558,양주 2024_11.csv,문화관광,공연시설
양주,2024,11,2024-11,23,경기도,양주시,고덕생활체육공원,463,양주 2024_11.csv,문화관광,도시공원
양주,2024,11,2024-11,24,경기도,양주시,청련사,429,양주 2024_11.csv,역사관광,종교성지
양주,2024,11,2024-11,25,경기도,양주시,TBS도봉산축구장,413,양주 2024_11.csv,문화관광,레저스포츠시설
양주,2024,11,2024-11,26,경기도,양주시,양주시승마장,412,양주 2024_11.csv,레저스포츠,육상레저스포츠
양주,2024,11,2024-11,27,경기도,양주시,송암스페이스센터,402,양주 2024_11.csv,기타관광,기타관광
양주,2024,11,2024-11,28,경기도,양주시,양주별산대놀이마당,393,양주 2024_11.csv,문화관광,기타문화관광지
양주,2024,11,2024-11,29,경기도,양주시,양주관아지,389,양주 2024_11.csv,역사관광,역사유적지
양주,2024,11,2024-11,30,경기도,양주시,MBP리그,386,양주 2024_11.csv,문화관광,레저스포츠시설
양주,2024,11,2024-11,31,경기도,양주시,양주베이스볼파크,366,양주 2024_11.csv,문화관광,레저스포츠시설
양주,2024,11,2024-11,32,경기도,양주시,장흥역(2024년12월30일 개통예정),364,양주 2024_11.csv,기타관광,교통시설
양주,2024,11,2024-11,33,경기도,양주시,원당저수지,352,양주 2024_11.csv,자연관광,자연경관(하천/해양)
양주,2024,11,2024-11,34,경기도,양주시,헤세의정원,350,양주 2024_11.csv,문화관광,기타문화관광지
양주,2024,11,2024-11,35,경기도,양주시,후니버설스튜디오,348,양주 2024_11.csv,문화관광,전시시설
양주,2024,11,2024-11,36,경기도,양주시,멜버른승마장,343,양주 2024_11.csv,레저스포츠,육상레저스포츠
양주,2024,11,2024-11,37,경기도,양주시,장흥자생수목원,339,양주 2024_11.csv,자연관광,자연공원
양주,2024,11,2024-11,37,경기도,양주시,옥정배수지체육공원,339,양주 2024_11.csv,문화관광,도시공원
양주,2024,11,2024-11,39,경기도,양주시,장흥생활체육공원,323,양주 2024_11.csv,문화관광,도시공원
양주,2024,11,2024-11,40,경기도,양주시,신천생활체육공원,305,양주 2024_11.csv,문화관광,도시공원
양주,2024,11,2024-11,41,경기도,양주시,헬로방방양주점,299,양주 2024_11.csv,문화관광,테마공원
양주,2024,11,2024-11,42,경기도,양주시,봉암저수지,282,양주 2024_11.csv,자연관광,자연경관(하천/해양)
양주,2024,11,2024-11,43,경기도,양주시,VIP야구장,277,양주 2024_11.csv,문화관광,레저스포츠시설
양주,2024,11,2024-11,44,경기도,양주시,토도,275,양주 2024_11.csv,문화관광,테마공원
양주,2024,11,2024-11,45,경기도,양주시,공존풋살파크양주점,273,양주 2024_11.csv,문화관광,레저스포츠시설
양주,2024,11,2024-11,46,경기도,양주시,양주팬텀실내풋살장,267,양주 2024_11.csv,레저스포츠,기타레저스포츠
양주,2024,11,2024-11,47,경기도,양주시,북한산국립공원교현탐방지원센터,263,양주 2024_11.csv,기타관광,기타관광
양주,2024,11,2024-11,48,경기도,양주시,칠봉산CC,258,양주 2024_11.csv,레저스포츠,육상레저스포츠
양주,2024,11,2024-11,49,경기도,양주시,ND야구장,257,양주 2024_11.csv,문화관광,레저스포츠시설
양주,2024,11,2024-11,50,경기도,양주시,한성승마클럽,246,양주 2024_11.csv,레저스포츠,육상레저스포츠
양주,2024,11,2024-11,50,경기도,양주시,EP베이스볼파크,246,양주 2024_11.csv,문화관광,레저스포츠시설
양주,2024,11,2024-11,52,경기도,양주시,고읍축구장,244,양주 2024_11.csv,문화관광,레저스포츠시설
양주,2024,11,2024-11,53,경기도,양주시,양주테크노풋살센터,242,양주 2024_11.csv,레저스포츠,기타레저스포츠
양주,2024,11,2024-11,54,경기도,양주시,장흥축구장,241,양주 2024_11.csv,문화관광,레저스포츠시설
양주,2024,11,2024-11,55,경기도,양주시,양주시청소년수련원,239,양주 2024_11.csv,레저스포츠,육상레저스포츠
양주,2024,11,2024-11,56,경기도,양주시,스카이야구장,221,양주 2024_11.csv,문화관광,레저스포츠시설
양주,2024,11,2024-11,57,경기도,양주시,청암민속박물관,218,양주 2024_11.csv,문화관광,전시시설
양주,2024,11,2024-11,58,경기도,양주시,효촌저수지,215,양주 2024_11.csv,자연관광,자연경관(하천/해양)
양주,2024,11,2024-11,59,경기도,양주시,신산리공원,213,양주 2024_11.csv,문화관광,도시공원
양주,2024,11,2024-11,60,경기도,양주시,딱따구리청소년수련원,208,양주 2024_11.csv,레저스포츠,육상레저스포츠
양주,2024,11,2024-11,61,경기도,양주시,더콕배드민턴레슨센터,200,양주 2024_11.csv,레저스포츠,기타레저스포츠
양주,2024,11,2024-11,61,경기도,양주시,장흥돌고개유원지,200,양주 2024_11.csv,문화관광,복합관광시설
양주,2024,11,2024-11,63,경기도,양주시,삼하낚시터,198,양주 2024_11.csv,레저스포츠,수상레저스포츠
양주,2024,11,2024-11,64,경기도,양주시,장흥야구장,194,양주 2024_11.csv,문화관광,레저스포츠시설
양주,2024,11,2024-11,64,경기도,양주시,어둔리저수지,194,양주 2024_11.csv,자연관광,자연경관(하천/해양)
양주,2024,11,2024-11,66,경기도,양주시,장자원낚시터,189,양주 2024_11.csv,레저스포츠,수상레저스포츠
양주,2024,11,2024-11,67,경기도,양주시,옥정체육공원축구장,188,양주 2024_11.csv,문화관광,레저스포츠시설
양주,2024,11,2024-11,68,경기도,양주시,남경수목원,176,양주 2024_11.csv,체험관광,농/산/어촌체험
양주,2024,11,2024-11,68,경기도,양주시,지장사,176,양주 2024_11.csv,역사관광,종교성지
양주,2024,11,2024-11,70,경기도,양주시,양주풋살파크제1구장,174,양주 2024_11.csv,문화관광,레저스포츠시설
양주,2024,11,2024-11,71,경기도,양주시,온릉,171,양주 2024_11.csv,역사관광,역사유적지
양주,2024,11,2024-11,72,경기도,양주시,석굴암,170,양주 2024_11.csv,역사관광,종교성지
양주,2024,11,2024-11,73,경기도,양주시,송추낚시터,161,양주 2024_11.csv,레저스포츠,수상레저스포츠
양주,2024,11,2024-11,74,경기도,양주시,덕계저수지,158,양주 2024_11.csv,자연관광,자연경관(하천/해양)
양주,2024,11,2024-11,75,경기도,양주시,광적생활체육공원축구장,152,양주 2024_11.csv,문화관광,레저스포츠시설
양주,2024,11,2024-11,76,경기도,양주시,양주농원,148,양주 2024_11.csv,체험관광,농/산/어촌체험
양주,2024,11,2024-11,77,경기도,양주시,나리공원물놀이장,146,양주 2024_11.csv,문화관광,테마공원
양주,2024,11,2024-11,78,경기도,양주시,양주곤충박물관,140,양주 2024_11.csv,문화관광,전시시설
양주,2024,11,2024-11,79,경기도,양주시,북한산둘레길13구간,136,양주 2024_11.csv,레저스포츠,기타레저스포츠
양주,2024,11,2024-11,80,경기도,양주시,육지장사,133,양주 2024_11.csv,역사관광,종교성지
양주,2024,11,2024-11,81,경기도,양주시,무호정,132,양주 2024_11.csv,레저스포츠,육상레저스포츠
양주,2024,11,2024-11,82,경기도,양주시,대원정사,131,양주 2024_11.csv,역사관광,종교성지
양주,2024,11,2024-11,83,경기도,양주시,나리공원파크골프장,130,양주 2024_11.csv,레저스포츠,육상레저스포츠
양주,2024,11,2024-11,84,경기도,양주시,99풋살파크,126,양주 2024_11.csv,레저스포츠,기타레저스포츠
양주,2024,11,2024-11,85,경기도,양주시,연꽃빌리지관광농원,121,양주 2024_11.csv,체험관광,농/산/어촌체험
양주,2024,11,2024-11,85,경기도,양주시,북한산국립공원오봉탐방지원센터,121,양주 2024_11.csv,기타관광,기타관광
양주,2024,11,2024-11,87,경기도,양주시,티제이풋살파크,119,양주 2024_11.csv,레저스포츠,기타레저스포츠
양주,2024,11,2024-11,88,경기도,양주시,신천생활체육공원축구장,116,양주 2024_11.csv,문화관광,레저스포츠시설
양주,2024,11,2024-11,89,경기도,양주시,삼숭생활체육공원,110,양주 2024_11.csv,문화관광,도시공원
양주,2024,11,2024-11,89,경기도,양주시,백석생활체육공원야구장,110,양주 2024_11.csv,문화관광,레저스포츠시설
양주,2024,11,2024-11,91,경기도,양주시,덕계공원,109,양주 2024_11.csv,문화관광,도시공원
양주,2024,11,2024-11,92,경기도,양주시,씽씽롤러스케이트장,106,양주 2024_11.csv,레저스포츠,육상레저스포츠
양주,2024,11,2024-11,93,경기도,양주시,안상철미술관,102,양주 2024_11.csv,문화관광,전시시설
양주,2024,11,2024-11,94,경기도,양주시,화담정사,101,양주 2024_11.csv,역사관광,종교성지
양주,2024,11,2024-11,94,경기도,양주시,불곡산,101,양주 2024_11.csv,자연관광,자연경관(산)
양주,2024,11,2024-11,96,경기도,양주시,원더풀키즈수영장,100,양주 2024_11.csv,문화관광,테마공원
양주,2024,11,2024-11,97,경기도,양주시,광백저수지,97,양주 2024_11.csv,자연관광,자연경관(하천/해양)
양주,2024,11,2024-11,98,경기도,양주시,광적생활체육공원,93,양주 2024_11.csv,문화관광,도시공원
양주,2024,11,2024-11,99,경기도,양주시,양주시공설파크골프장,92,양주 2024_11.csv,레저스포츠,육상레저스포츠
양주,2024,11,2024-11,100,경기도,양주시,고려대학교송추야구장,87,양주 2024_11.csv,문화관광,레저스포츠시설
양주,2024,11,2024-11,101,경기도,양주시,못말낚시터,86,양주 2024_11.csv,레저스포츠,수상레저스포츠
양주,2024,11,2024-11,101,경기도,양주시,한국축구센터,86,양주 2024_11.csv,문화관광,레저스포츠시설
양주,2024,11,2024-11,103,경기도,양주시,장흥조각공원,84,양주 2024_11.csv,문화관광,도시공원
양주,2024,11,2024-11,104,경기도,양주시,송추원각사,82,양주 2024_11.csv,역사관광,종교성지
양주,2024,11,2024-11,105,경기도,양주시,조소앙선생기념관,80,양주 2024_11.csv,문화관광,전시시설
양주,2024,11,2024-11,106,경기도,양주시,연곡저수지,79,양주 2024_11.csv,자연관광,자연경관(하천/해양)
양주,2024,11,2024-11,106,경기도,양주시,진도농원,79,양주 2024_11.csv,체험관광,농/산/어촌체험
양주,2024,11,2024-11,108,경기도,양주시,양주향교,78,양주 2024_11.csv,역사관광,역사유적지
양주,2024,11,2024-11,109,경기도,양주시,백석배수지생활체육공원,77,양주 2024_11.csv,문화관광,도시공원
양주,2024,11,2024-11,109,경기도,양주시,강호이앤티,77,양주 2024_11.csv,레저스포츠,기타레저스포츠
양주,2024,11,2024-11,111,경기도,양주시,고려대학교축구장,68,양주 2024_11.csv,문화관광,레저스포츠시설
양주,2024,11,2024-11,111,경기도,양주시,양주골김치체험박물관,68,양주 2024_11.csv,문화관광,전시시설
양주,2024,11,2024-11,113,경기도,양주시,장흥자연휴양림,67,양주 2024_11.csv,자연관광,자연공원
양주,2024,11,2024-11,113,경기도,양주시,마리조아승마클럽,67,양주 2024_11.csv,레저스포츠,육상레저스포츠
양주,2024,11,2024-11,115,경기도,양주시,광사낚시터,65,양주 2024_11.csv,레저스포츠,수상레저스포츠
양주,2024,11,2024-11,116,경기도,양주시,타겟28실내양궁장,64,양주 2024_11.csv,레저스포츠,육상레저스포츠
양주,2024,11,2024-11,116,경기도,양주시,샘내고개,64,양주 2024_11.csv,자연관광,자연경관(산)
양주,2024,11,2024-11,118,경기도,양주시,나비랑키즈카페,62,양주 2024_11.csv,문화관광,테마공원
양주,2024,11,2024-11,118,경기도,양주시,금바위저수지,62,양주 2024_11.csv,자연관광,자연경관(하천/해양)
양주,2024,11,2024-11,120,경기도,양주시,아름다운비행,60,양주 2024_11.csv,문화관광,전시시설
양주,2024,11,2024-11,120,경기도,양주시,송추아트밸리,60,양주 2024_11.csv,문화관광,도시공원
양주,2024,11,2024-11,120,경기도,양주시,양주농촌테마공원,60,양주 2024_11.csv,문화관광,도시공원
양주,2024,11,2024-11,123,경기도,양주시,클라임크루,59,양주 2024_11.csv,레저스포츠,기타레저스포츠
양주,2024,11,2024-11,124,경기도,양주시,하늘물공원,58,양주 2024_11.csv,문화관광,도시공원
양주,2024,11,2024-11,124,경기도,양주시,홍복저수지,58,양주 2024_11.csv,자연관광,자연경관(하천/해양)
양주,2024,11,2024-11,126,경기도,양주시,송암천문대,57,양주 2024_11.csv,기타관광,기타관광
양주,2024,11,2024-11,127,경기도,양주시,연화사,55,양주 2024_11.csv,역사관광,종교성지
양주,2024,11,2024-11,128,경기도,양주시,부부관광농원,53,양주 2024_11.csv,체험관광,농/산/어촌체험
양주,2024,11,2024-11,129,경기도,양주시,덕정시장,52,양주 2024_11.csv,쇼핑,시장
양주,2024,11,2024-11,130,경기도,양주시,모자농원,49,양주 2024_11.csv,체험관광,농/산/어촌체험
양주,2024,11,2024-11,131,경기도,양주시,쌍용사,46,양주 2024_11.csv,역사관광,종교성지
양주,2024,11,2024-11,132,경기도,양주시,원당낚시터,45,양주 2024_11.csv,레저스포츠,수상레저스포츠
양주,2024,11,2024-11,132,경기도,양주시,권율장군묘,45,양주 2024_11.csv,역사관광,역사유적지
양주,2024,11,2024-11,132,경기도,양주시,777레지던스,45,양주 2024_11.csv,문화관광,전시시설
양주,2024,11,2024-11,135,경기도,양주시,백석생활체육공원축구장,44,양주 2024_11.csv,문화관광,레저스포츠시설
양주,2024,11,2024-11,135,경기도,양주시,가나2아뜰리에,44,양주 2024_11.csv,문화관광,기타문화관광지
양주,2024,11,2024-11,137,경기도,양주시,효촌리낚시터,40,양주 2024_11.csv,레저스포츠,수상레저스포츠
양주,2024,11,2024-11,138,경기도,양주시,일영낚시터,37,양주 2024_11.csv,레저스포츠,수상레저스포츠
양주,2024,11,2024-11,139,경기도,양주시,신암지,36,양주 2024_11.csv,자연관광,자연경관(하천/해양)
양주,2024,11,2024-11,140,경기도,양주시,양주시종합관광안내센터,35,양주 2024_11.csv,기타관광,기타관광
양주,2024,11,2024-11,141,경기도,양주시,베이스캠프,34,양주 2024_11.csv,레저스포츠,기타레저스포츠
양주,2024,11,2024-11,141,경기도,양주시,그랜드유원지,34,양주 2024_11.csv,기타관광,기타관광
양주,2024,11,2024-11,141,경기도,양주시,엄상마을문화거리,34,양주 2024_11.csv,문화관광,테마공원
양주,2024,11,2024-11,144,경기도,양주시,은현피싱타운,33,양주 2024_11.csv,레저스포츠,수상레저스포츠
양주,2024,11,2024-11,144,경기도,양주시,용암낚시터,33,양주 2024_11.csv,레저스포츠,수상레저스포츠
양주,2024,11,2024-11,146,경기도,양주시,신산장,32,양주 2024_11.csv,쇼핑,시장
양주,2024,11,2024-11,147,경기도,양주시,양주시립민복진미술관,31,양주 2024_11.csv,문화관광,전시시설
양주,2024,11,2024-11,147,경기도,양주시,양주시티즌축구클럽,31,양주 2024_11.csv,문화관광,레저스포츠시설
양주,2024,11,2024-11,149,경기도,양주시,백화암,28,양주 2024_11.csv,역사관광,종교성지
양주,2024,11,2024-11,150,경기도,양주시,오산산들근린공원,27,양주 2024_11.csv,문화관광,도시공원
양주,2024,11,2024-11,151,경기도,양주시,장흥계곡,26,양주 2024_11.csv,자연관광,자연경관(산)
양주,2024,11,2024-11,151,경기도,양주시,신흥레저타운,26,양주 2024_11.csv,레저스포츠,기타레저스포츠
양주,2024,11,2024-11,151,경기도,양주시,양주천보산림욕장,26,양주 2024_11.csv,자연관광,자연공원
양주,2024,11,2024-11,151,경기도,양주시,히든밸리송추,26,양주 2024_11.csv,문화관광,테마공원
양주,2024,11,2024-11,155,경기도,양주시,홍죽산업단지근린공원,25,양주 2024_11.csv,문화관광,도시공원
양주,2024,11,2024-11,155,경기도,양주시,호국비룡사,25,양주 2024_11.csv,역사관광,종교성지
양주,2024,11,2024-11,157,경기도,양주시,각명사,24,양주 2024_11.csv,역사관광,종교성지
양주,2024,11,2024-11,157,경기도,양주시,동광정사,24,양주 2024_11.csv,역사관광,종교성지
양주,2024,11,2024-11,157,경기도,양주시,스카이워터파크,24,양주 2024_11.csv,문화관광,테마공원
양주,2024,11,2024-11,160,경기도,양주시,공차실내풋살,23,양주 2024_11.csv,문화관광,레저스포츠시설
양주,2024,11,2024-11,160,경기도,양주시,백수현전통가옥,23,양주 2024_11.csv,역사관광,역사유적지
양주,2024,11,2024-11,160,경기도,양주시,노고산주말농장,23,양주 2024_11.csv,체험관광,농/산/어촌체험
양주,2024,11,2024-11,163,경기도,양주시,고읍제4어린이공원,22,양주 2024_11.csv,문화관광,도시공원
양주,2024,11,2024-11,163,경기도,양주시,해유령전첩지,22,양주 2024_11.csv,역사관광,역사유적지
양주,2024,11,2024-11,165,경기도,양주시,덕수레저타운,21,양주 2024_11.csv,레저스포츠,기타레저스포츠
양주,2024,11,2024-11,165,경기도,양주시,위바운스,21,양주 2024_11.csv,문화관광,테마공원
양주,2024,11,2024-11,167,경기도,양주시,백인걸선생묘,20,양주 2024_11.csv,역사관광,역사유적지
양주,2024,11,2024-11,168,경기도,양주시,어둔리남방낚시터,17,양주 2024_11.csv,레저스포츠,수상레저스포츠
양주,2024,11,2024-11,169,경기도,양주시,은현낚시터,16,양주 2024_11.csv,레저스포츠,수상레저스포츠
양주,2024,11,2024-11,169,경기도,양주시,무키무키양주회천점,16,양주 2024_11.csv,문화관광,테마공원
양주,2024,11,2024-11,169,경기도,양주시,덕계낚시터,16,양주 2024_11.csv,레저스포츠,수상레저스포츠
양주,2024,11,2024-11,169,경기도,양주시,송추다보사,16,양주 2024_11.csv,역사관광,종교성지
양주,2024,11,2024-11,173,경기도,양주시,토리근린공원,15,양주 2024_11.csv,문화관광,도시공원
양주,2024,11,2024-11,173,경기도,양주시,비암사,15,양주 2024_11.csv,역사관광,종교성지
양주,2024,11,2024-11,175,경기도,양주시,수월사,14,양주 2024_11.csv,역사관광,종교성지
양주,2024,11,2024-11,175,경기도,양주시,여성봉,14,양주 2024_11.csv,자연관광,자연경관(산)
양주,2024,11,2024-11,177,경기도,양주시,망당산,13,양주 2024_11.csv,자연관광,자연경관(산)
양주,2024,11,2024-11,177,경기도,양주시,원각폭포,13,양주 2024_11.csv,자연관광,자연경관(산)
양주,2024,11,2024-11,179,경기도,양주시,금빛갤러리,12,양주 2024_11.csv,문화관광,전시시설
양주,2024,11,2024-11,179,경기도,양주시,보메기낚시터,12,양주 2024_11.csv,레저스포츠,수상레저스포츠
양주,2024,11,2024-11,179,경기도,양주시,대승사,12,양주 2024_11.csv,역사관광,종교성지
양주,2024,11,2024-11,179,경기도,양주시,에코야구장,12,양주 2024_11.csv,문화관광,레저스포츠시설
양주,2024,11,2024-11,183,경기도,양주시,마스터풋볼클럽,11,양주 2024_11.csv,레저스포츠,기타레저스포츠
양주,2024,11,2024-11,183,경기도,양주시,대영사슴목장,11,양주 2024_11.csv,체험관광,농/산/어촌체험
양주,2024,11,2024-11,183,경기도,양주시,살구골낚시터,11,양주 2024_11.csv,레저스포츠,수상레저스포츠
양주,2024,11,2024-11,183,경기도,양주시,보타사,11,양주 2024_11.csv,역사관광,종교성지
양주,2024,11,2024-11,187,경기도,양주시,쿠키팜,10,양주 2024_11.csv,체험관광,공예체험
양주,2024,11,2024-11,187,경기도,양주시,슬기로운낚시생활,10,양주 2024_11.csv,레저스포츠,수상레저스포츠
양주,2024,11,2024-11,189,경기도,양주시,기산리유원지,9,양주 2024_11.csv,문화관광,복합관광시설
양주,2024,11,2024-11,189,경기도,양주시,백석생활체육공원리틀야구장,9,양주 2024_11.csv,문화관광,레저스포츠시설
양주,2024,11,2024-11,191,경기도,양주시,테니스온탑양주점,8,양주 2024_11.csv,레저스포츠,기타레저스포츠
양주,2024,11,2024-11,192,경기도,양주시,양주풋살파크제2구장,7,양주 2024_11.csv,레저스포츠,기타레저스포츠
양주,2024,11,2024-11,192,경기도,양주시,양주인공암벽장,7,양주 2024_11.csv,레저스포츠,기타레저스포츠
양주,2024,11,2024-11,194,경기도,양주시,양주남면의느티나무,6,양주 2024_11.csv,역사관광,역사유적지
양주,2024,11,2024-11,194,경기도,양주시,윤성에프앤비양주물류센터,6,양주 2024_11.csv,레저스포츠,수상레저스포츠
양주,2024,11,2024-11,194,경기도,양주시,소사목장,6,양주 2024_11.csv,체험관광,농/산/어촌체험
양주,2024,11,2024-11,194,경기도,양주시,원학농장,6,양주 2024_11.csv,체험관광,농/산/어촌체험
양주,2024,11,2024-11,194,경기도,양주시,양주산성야구장,6,양주 2024_11.csv,문화관광,레저스포츠시설
양주,2024,11,2024-11,194,경기도,양주시,장흥버섯농장,6,양주 2024_11.csv,체험관광,농/산/어촌체험
양주,2024,11,2024-11,194,경기도,양주시,봉암낚시터,6,양주 2024_11.csv,레저스포츠,수상레저스포츠
양주,2024,11,2024-11,194,경기도,양주시,묵은저수지,6,양주 2024_11.csv,자연관광,자연경관(하천/해양)
양주,2024,11,2024-11,202,경기도,양주시,비암재,5,양주 2024_11.csv,역사관광,역사유적지
양주,2024,11,2024-11,202,경기도,양주시,랑기1250도자기,5,양주 2024_11.csv,체험관광,공예체험
양주,2024,11,2024-11,202,경기도,양주시,오림피아수영장,5,양주 2024_11.csv,문화관광,테마공원
양주,2024,11,2024-11,202,경기도,양주시,정절사,5,양주 2024_11.csv,역사관광,역사유물
양주,2024,11,2024-11,202,경기도,양주시,천불사,5,양주 2024_11.csv,역사관광,종교성지
양주,2024,11,2024-11,202,경기도,양주시,도락산,5,양주 2024_11.csv,자연관광,자연경관(산)
양주,2024,11,2024-11,202,경기도,양주시,가래비빙벽장,5,양주 2024_11.csv,레저스포츠,기타레저스포츠
양주,2024,11,2024-11,209,경기도,양주시,익성농장,4,양주 2024_11.csv,체험관광,농/산/어촌체험
양주,2024,11,2024-11,209,경기도,양주시,무아메메폴댄스,4,양주 2024_11.csv,레저스포츠,기타레저스포츠
양주,2024,11,2024-11,209,경기도,양주시,장흥ND구장,4,양주 2024_11.csv,문화관광,레저스포츠시설
양주,2024,11,2024-11,212,경기도,양주시,효순.미선평화공원,3,양주 2024_11.csv,문화관광,도시공원
양주,2024,11,2024-11,212,경기도,양주시,아지트배드민턴,3,양주 2024_11.csv,레저스포츠,기타레저스포츠
양주,2024,11,2024-11,212,경기도,양주시,원주목장,3,양주 2024_11.csv,체험관광,농/산/어촌체험
양주,2024,11,2024-11,212,경기도,양주시,모모앤던목공작업실,3,양주 2024_11.csv,체험관광,공예체험
양주,2024,11,2024-11,212,경기도,양주시,리틀웨일키즈풀파티룸,3,양주 2024_11.csv,문화관광,테마공원
양주,2024,11,2024-11,212,경기도,양주시,가나1아뜰리에,3,양주 2024_11.csv,문화관광,기타문화관광지
양주,2024,11,2024-11,212,경기도,양주시,양주농부이범석,3,양주 2024_11.csv,체험관광,농/산/어촌체험
양주,2024,11,2024-11,212,경기도,양주시,석우근린공원,3,양주 2024_11.csv,문화관광,도시공원
양주,2024,11,2024-11,212,경기도,양주시,양주시감동VR체험관,3,양주 2024_11.csv,레저스포츠,기타레저스포츠
양주,2024,11,2024-11,212,경기도,양주시,신흥레저타운스노우월드,3,양주 2024_11.csv,레저스포츠,육상레저스포츠
양주,2024,11,2024-11,212,경기도,양주시,청수낚시터,3,양주 2024_11.csv,레저스포츠,수상레저스포츠
양주,2024,11,2024-11,212,경기도,양주시,경모사,3,양주 2024_11.csv,기타관광,기타관광
양주,2024,11,2024-11,212,경기도,양주시,태평목장,3,양주 2024_11.csv,체험관광,농/산/어촌체험
양주,2024,11,2024-11,212,경기도,양주시,대성사,3,양주 2024_11.csv,역사관광,종교성지
양주,2024,11,2024-11,212,경기도,양주시,부흥사,3,양주 2024_11.csv,역사관광,종교성지
양주,2024,11,2024-11,212,경기도,양주시,장흥한옥수영장,3,양주 2024_11.csv,문화관광,테마공원
양주,2024,11,2024-11,212,경기도,양주시,양주시립장욱진미술관통합매표소,3,양주 2024_11.csv,문화관광,복합관광시설
양주,2024,11,2024-11,212,경기도,양주시,도하저수지,3,양주 2024_11.csv,자연관광,자연경관(하천/해양)
양주,2024,11,2024-11,212,경기도,양주시,감악산목장,3,양주 2024_11.csv,체험관광,농/산/어촌체험
양주,2024,11,2024-11,212,경기도,양주시,조소앙선생기념공원,3,양주 2024_11.csv,문화관광,도시공원
양주,2024,11,2024-11,212,경기도,양주시,장흥수영장,3,양주 2024_11.csv,문화관광,테마공원
양주,2024,11,2024-11,212,경기도,양주시,양주탁구클럽,3,양주 2024_11.csv,레저스포츠,기타레저스포츠
양주,2024,11,2024-11,212,경기도,양주시,평강수산,3,양주 2024_11.csv,쇼핑,시장
양주,2024,11,2024-11,212,경기도,양주시,효진푸드,3,양주 2024_11.csv,쇼핑,시장
양주,2024,11,2024-11,212,경기도,양주시,북한산둘레길14구간,3,양주 2024_11.csv,레저스포츠,기타레저스포츠
양주,2024,11,2024-11,212,경기도,양주시,두래농원,3,양주 2024_11.csv,체험관광,농/산/어촌체험
양주,2024,11,2024-11,212,경기도,양주시,묵남지,3,양주 2024_11.csv,자연관광,자연경관(하천/해양)
양주,2024,11,2024-11,212,경기도,양주시,선그로원예,3,양주 2024_11.csv,체험관광,농/산/어촌체험
양주,2024,11,2024-11,212,경기도,양주시,문수사,3,양주 2024_11.csv,역사관광,종교성지
양주,2024,11,2024-11,212,경기도,양주시,불곡산농원,3,양주 2024_11.csv,체험관광,농/산/어촌체험
양주,2024,11,2024-11,212,경기도,양주시,황뱅이수변산책로,3,양주 2024_11.csv,레저스포츠,기타레저스포츠
양주,2024,11,2024-11,212,경기도,양주시,디스코롤러장,3,양주 2024_11.csv,레저스포츠,육상레저스포츠
양주,2024,11,2024-11,212,경기도,양주시,회천도시숲,3,양주 2024_11.csv,자연관광,자연공원
양주,2024,12,2024-12,1,경기도,양주시,LF스퀘어양주점,12584,양주 2024_12.csv,쇼핑,쇼핑몰
양주,2024,12,2024-12,2,경기도,양주시,조명박물관,2942,양주 2024_12.csv,문화관광,전시시설
양주,2024,12,2024-12,3,경기도,양주시,레이크우드CC,2603,양주 2024_12.csv,레저스포츠,육상레저스포츠
양주,2024,12,2024-12,4,경기도,양주시,송추계곡,1389,양주 2024_12.csv,자연관광,자연경관(산)
양주,2024,12,2024-12,5,경기도,양주시,양주아트밸리눈썰매장,1339,양주 2024_12.csv,레저스포츠,육상레저스포츠
양주,2024,12,2024-12,6,경기도,양주시,두리랜드,1151,양주 2024_12.csv,문화관광,테마공원
양주,2024,12,2024-12,7,경기도,양주시,장흥관광지,985,양주 2024_12.csv,문화관광,복합관광시설
양주,2024,12,2024-12,8,경기도,양주시,일영역(2025년01월 개통예정),956,양주 2024_12.csv,기타관광,교통시설
양주,2024,12,2024-12,9,경기도,양주시,송추CC,941,양주 2024_12.csv,레저스포츠,육상레저스포츠
양주,2024,12,2024-12,10,경기도,양주시,장흥자동차극장,889,양주 2024_12.csv,문화관광,공연시설
양주,2024,12,2024-12,11,경기도,양주시,송추역(2025년01월 개통예정),880,양주 2024_12.csv,기타관광,교통시설
양주,2024,12,2024-12,12,경기도,양주시,가래비만세시장,799,양주 2024_12.csv,쇼핑,시장
양주,2024,12,2024-12,13,경기도,양주시,메가박스양주,747,양주 2024_12.csv,문화관광,공연시설
양주,2024,12,2024-12,14,경기도,양주시,기산저수지,703,양주 2024_12.csv,자연관광,자연경관(하천/해양)
양주,2024,12,2024-12,15,경기도,양주시,옥정체육공원,619,양주 2024_12.csv,문화관광,도시공원
양주,2024,12,2024-12,16,경기도,양주시,국립아세안자연휴양림,535,양주 2024_12.csv,자연관광,자연공원
양주,2024,12,2024-12,17,경기도,양주시,양주눈꽃축제,532,양주 2024_12.csv,문화관광,기타문화관광지
양주,2024,12,2024-12,18,경기도,양주시,가나아트파크,500,양주 2024_12.csv,문화관광,전시시설
양주,2024,12,2024-12,19,경기도,양주시,백석생활체육공원,486,양주 2024_12.csv,문화관광,도시공원
양주,2024,12,2024-12,20,경기도,양주시,청련사,453,양주 2024_12.csv,역사관광,종교성지
양주,2024,12,2024-12,21,경기도,양주시,고덕생활체육공원,407,양주 2024_12.csv,문화관광,도시공원
양주,2024,12,2024-12,22,경기도,양주시,루이힐스CC,392,양주 2024_12.csv,레저스포츠,육상레저스포츠
양주,2024,12,2024-12,23,경기도,양주시,송암스페이스센터,387,양주 2024_12.csv,기타관광,기타관광
양주,2024,12,2024-12,24,경기도,양주시,신암낚시터,384,양주 2024_12.csv,레저스포츠,수상레저스포츠
양주,2024,12,2024-12,25,경기도,양주시,양주시립장욱진미술관,377,양주 2024_12.csv,문화관광,전시시설
양주,2024,12,2024-12,26,경기도,양주시,양주팬텀실내풋살장,364,양주 2024_12.csv,레저스포츠,기타레저스포츠
양주,2024,12,2024-12,27,경기도,양주시,헬로방방양주점,360,양주 2024_12.csv,문화관광,테마공원
양주,2024,12,2024-12,28,경기도,양주시,일영유원지,340,양주 2024_12.csv,문화관광,복합관광시설
양주,2024,12,2024-12,29,경기도,양주시,하나농원,334,양주 2024_12.csv,체험관광,농/산/어촌체험
양주,2024,12,2024-12,30,경기도,양주시,토도,328,양주 2024_12.csv,문화관광,테마공원
양주,2024,12,2024-12,31,경기도,양주시,멜버른승마장,314,양주 2024_12.csv,레저스포츠,육상레저스포츠
양주,2024,12,2024-12,32,경기도,양주시,장흥역(2025년01월 개통예정),298,양주 2024_12.csv,기타관광,교통시설
양주,2024,12,2024-12,33,경기도,양주시,원당저수지,249,양주 2024_12.csv,자연관광,자연경관(하천/해양)
양주,2024,12,2024-12,33,경기도,양주시,신천생활체육공원,249,양주 2024_12.csv,문화관광,도시공원
양주,2024,12,2024-12,35,경기도,양주시,양주별산대놀이마당,237,양주 2024_12.csv,문화관광,기타문화관광지
양주,2024,12,2024-12,36,경기도,양주시,TBS도봉산축구장,234,양주 2024_12.csv,문화관광,레저스포츠시설
양주,2024,12,2024-12,37,경기도,양주시,나리농원,217,양주 2024_12.csv,체험관광,농/산/어촌체험
양주,2024,12,2024-12,38,경기도,양주시,양주베이스볼파크,213,양주 2024_12.csv,문화관광,레저스포츠시설
양주,2024,12,2024-12,39,경기도,양주시,딱따구리청소년수련원,211,양주 2024_12.csv,레저스포츠,육상레저스포츠
양주,2024,12,2024-12,40,경기도,양주시,청암민속박물관,210,양주 2024_12.csv,문화관광,전시시설
양주,2024,12,2024-12,41,경기도,양주시,99풋살파크,199,양주 2024_12.csv,레저스포츠,기타레저스포츠
양주,2024,12,2024-12,42,경기도,양주시,공존풋살파크양주점,193,양주 2024_12.csv,문화관광,레저스포츠시설
양주,2024,12,2024-12,43,경기도,양주시,양주테크노풋살센터,181,양주 2024_12.csv,레저스포츠,기타레저스포츠
양주,2024,12,2024-12,44,경기도,양주시,옥정배수지체육공원,178,양주 2024_12.csv,문화관광,도시공원
양주,2024,12,2024-12,45,경기도,양주시,헤세의정원,174,양주 2024_12.csv,문화관광,기타문화관광지
양주,2024,12,2024-12,46,경기도,양주시,VIP야구장,168,양주 2024_12.csv,문화관광,레저스포츠시설
양주,2024,12,2024-12,47,경기도,양주시,양주시청소년수련원,166,양주 2024_12.csv,레저스포츠,육상레저스포츠
양주,2024,12,2024-12,48,경기도,양주시,삼하낚시터,165,양주 2024_12.csv,레저스포츠,수상레저스포츠
양주,2024,12,2024-12,49,경기도,양주시,EP베이스볼파크,161,양주 2024_12.csv,문화관광,레저스포츠시설
양주,2024,12,2024-12,49,경기도,양주시,옥정체육공원축구장,161,양주 2024_12.csv,문화관광,레저스포츠시설
양주,2024,12,2024-12,51,경기도,양주시,신산리공원,155,양주 2024_12.csv,문화관광,도시공원
양주,2024,12,2024-12,52,경기도,양주시,지장사,154,양주 2024_12.csv,역사관광,종교성지
양주,2024,12,2024-12,53,경기도,양주시,장흥생활체육공원,153,양주 2024_12.csv,문화관광,도시공원
양주,2024,12,2024-12,54,경기도,양주시,봉암저수지,149,양주 2024_12.csv,자연관광,자연경관(하천/해양)
양주,2024,12,2024-12,55,경기도,양주시,덕계저수지,147,양주 2024_12.csv,자연관광,자연경관(하천/해양)
양주,2024,12,2024-12,56,경기도,양주시,석굴암,136,양주 2024_12.csv,역사관광,종교성지
양주,2024,12,2024-12,57,경기도,양주시,장흥축구장,130,양주 2024_12.csv,문화관광,레저스포츠시설
양주,2024,12,2024-12,58,경기도,양주시,양주풋살파크제1구장,129,양주 2024_12.csv,문화관광,레저스포츠시설
양주,2024,12,2024-12,59,경기도,양주시,MBP리그,126,양주 2024_12.csv,문화관광,레저스포츠시설
양주,2024,12,2024-12,60,경기도,양주시,한성승마클럽,120,양주 2024_12.csv,레저스포츠,육상레저스포츠
양주,2024,12,2024-12,60,경기도,양주시,장흥돌고개유원지,120,양주 2024_12.csv,문화관광,복합관광시설
양주,2024,12,2024-12,60,경기도,양주시,나리공원파크골프장,120,양주 2024_12.csv,레저스포츠,육상레저스포츠
양주,2024,12,2024-12,63,경기도,양주시,고읍축구장,117,양주 2024_12.csv,문화관광,레저스포츠시설
양주,2024,12,2024-12,64,경기도,양주시,연꽃빌리지관광농원,116,양주 2024_12.csv,체험관광,농/산/어촌체험
양주,2024,12,2024-12,65,경기도,양주시,양주시승마장,115,양주 2024_12.csv,레저스포츠,육상레저스포츠
양주,2024,12,2024-12,66,경기도,양주시,장자원낚시터,114,양주 2024_12.csv,레저스포츠,수상레저스포츠
양주,2024,12,2024-12,67,경기도,양주시,ND야구장,112,양주 2024_12.csv,문화관광,레저스포츠시설
양주,2024,12,2024-12,68,경기도,양주시,양주관아지,111,양주 2024_12.csv,역사관광,역사유적지
양주,2024,12,2024-12,69,경기도,양주시,장흥야구장,107,양주 2024_12.csv,문화관광,레저스포츠시설
양주,2024,12,2024-12,70,경기도,양주시,장흥자연휴양림,102,양주 2024_12.csv,자연관광,자연공원
양주,2024,12,2024-12,70,경기도,양주시,어둔리저수지,102,양주 2024_12.csv,자연관광,자연경관(하천/해양)
양주,2024,12,2024-12,72,경기도,양주시,덕계공원,99,양주 2024_12.csv,문화관광,도시공원
양주,2024,12,2024-12,72,경기도,양주시,광적생활체육공원축구장,99,양주 2024_12.csv,문화관광,레저스포츠시설
양주,2024,12,2024-12,74,경기도,양주시,양주곤충박물관,98,양주 2024_12.csv,문화관광,전시시설
양주,2024,12,2024-12,75,경기도,양주시,은현피싱타운,97,양주 2024_12.csv,레저스포츠,수상레저스포츠
양주,2024,12,2024-12,76,경기도,양주시,씽씽롤러스케이트장,96,양주 2024_12.csv,레저스포츠,육상레저스포츠
양주,2024,12,2024-12,77,경기도,양주시,온릉,91,양주 2024_12.csv,역사관광,역사유적지
양주,2024,12,2024-12,77,경기도,양주시,광사낚시터,91,양주 2024_12.csv,레저스포츠,수상레저스포츠
양주,2024,12,2024-12,79,경기도,양주시,신흥레저타운,90,양주 2024_12.csv,레저스포츠,기타레저스포츠
양주,2024,12,2024-12,80,경기도,양주시,강호이앤티,85,양주 2024_12.csv,레저스포츠,기타레저스포츠
양주,2024,12,2024-12,80,경기도,양주시,대원정사,85,양주 2024_12.csv,역사관광,종교성지
양주,2024,12,2024-12,82,경기도,양주시,위바운스,83,양주 2024_12.csv,문화관광,테마공원
양주,2024,12,2024-12,82,경기도,양주시,스카이야구장,83,양주 2024_12.csv,문화관광,레저스포츠시설
양주,2024,12,2024-12,84,경기도,양주시,티제이풋살파크,79,양주 2024_12.csv,레저스포츠,기타레저스포츠
양주,2024,12,2024-12,85,경기도,양주시,안상철미술관,78,양주 2024_12.csv,문화관광,전시시설
양주,2024,12,2024-12,86,경기도,양주시,못말낚시터,77,양주 2024_12.csv,레저스포츠,수상레저스포츠
양주,2024,12,2024-12,86,경기도,양주시,신천생활체육공원축구장,77,양주 2024_12.csv,문화관광,레저스포츠시설
양주,2024,12,2024-12,88,경기도,양주시,고려대학교송추야구장,76,양주 2024_12.csv,문화관광,레저스포츠시설
양주,2024,12,2024-12,89,경기도,양주시,클라임크루,75,양주 2024_12.csv,레저스포츠,기타레저스포츠
양주,2024,12,2024-12,90,경기도,양주시,연화사,74,양주 2024_12.csv,역사관광,종교성지
양주,2024,12,2024-12,90,경기도,양주시,원더풀키즈수영장,74,양주 2024_12.csv,문화관광,테마공원
양주,2024,12,2024-12,92,경기도,양주시,육지장사,73,양주 2024_12.csv,역사관광,종교성지
양주,2024,12,2024-12,93,경기도,양주시,나비랑키즈카페,72,양주 2024_12.csv,문화관광,테마공원
양주,2024,12,2024-12,93,경기도,양주시,가래비빙벽장,72,양주 2024_12.csv,레저스포츠,기타레저스포츠
양주,2024,12,2024-12,95,경기도,양주시,화담정사,71,양주 2024_12.csv,역사관광,종교성지
양주,2024,12,2024-12,95,경기도,양주시,광백저수지,71,양주 2024_12.csv,자연관광,자연경관(하천/해양)
양주,2024,12,2024-12,97,경기도,양주시,타겟28실내양궁장,69,양주 2024_12.csv,레저스포츠,육상레저스포츠
양주,2024,12,2024-12,98,경기도,양주시,북한산국립공원교현탐방지원센터,68,양주 2024_12.csv,기타관광,기타관광
양주,2024,12,2024-12,99,경기도,양주시,광적생활체육공원,62,양주 2024_12.csv,문화관광,도시공원
양주,2024,12,2024-12,100,경기도,양주시,송추아트밸리,61,양주 2024_12.csv,문화관광,도시공원
양주,2024,12,2024-12,101,경기도,양주시,연곡저수지,56,양주 2024_12.csv,자연관광,자연경관(하천/해양)
양주,2024,12,2024-12,101,경기도,양주시,공차실내풋살,56,양주 2024_12.csv,문화관광,레저스포츠시설
양주,2024,12,2024-12,103,경기도,양주시,엄상마을문화거리,49,양주 2024_12.csv,문화관광,테마공원
양주,2024,12,2024-12,104,경기도,양주시,칠봉산CC,48,양주 2024_12.csv,레저스포츠,육상레저스포츠
양주,2024,12,2024-12,104,경기도,양주시,덕정시장,48,양주 2024_12.csv,쇼핑,시장
양주,2024,12,2024-12,106,경기도,양주시,양주시공설파크골프장,45,양주 2024_12.csv,레저스포츠,육상레저스포츠
양주,2024,12,2024-12,106,경기도,양주시,한국축구센터,45,양주 2024_12.csv,문화관광,레저스포츠시설
양주,2024,12,2024-12,108,경기도,양주시,북한산국립공원오봉탐방지원센터,44,양주 2024_12.csv,기타관광,기타관광
양주,2024,12,2024-12,109,경기도,양주시,백화암,42,양주 2024_12.csv,역사관광,종교성지
양주,2024,12,2024-12,110,경기도,양주시,베이스캠프,40,양주 2024_12.csv,레저스포츠,기타레저스포츠
양주,2024,12,2024-12,110,경기도,양주시,송추다보사,40,양주 2024_12.csv,역사관광,종교성지
양주,2024,12,2024-12,112,경기도,양주시,남경수목원,39,양주 2024_12.csv,체험관광,농/산/어촌체험
양주,2024,12,2024-12,112,경기도,양주시,송추원각사,39,양주 2024_12.csv,역사관광,종교성지
양주,2024,12,2024-12,112,경기도,양주시,백석생활체육공원야구장,39,양주 2024_12.csv,문화관광,레저스포츠시설
양주,2024,12,2024-12,112,경기도,양주시,샘내고개,39,양주 2024_12.csv,자연관광,자연경관(산)
양주,2024,12,2024-12,116,경기도,양주시,효촌저수지,38,양주 2024_12.csv,자연관광,자연경관(하천/해양)
양주,2024,12,2024-12,117,경기도,양주시,송암천문대,37,양주 2024_12.csv,기타관광,기타관광
양주,2024,12,2024-12,118,경기도,양주시,무키무키양주회천점,35,양주 2024_12.csv,문화관광,테마공원
양주,2024,12,2024-12,118,경기도,양주시,장흥자생수목원,35,양주 2024_12.csv,자연관광,자연공원
양주,2024,12,2024-12,120,경기도,양주시,양주향교,34,양주 2024_12.csv,역사관광,역사유적지
양주,2024,12,2024-12,121,경기도,양주시,삼숭생활체육공원,33,양주 2024_12.csv,문화관광,도시공원
양주,2024,12,2024-12,121,경기도,양주시,불곡산,33,양주 2024_12.csv,자연관광,자연경관(산)
양주,2024,12,2024-12,123,경기도,양주시,테니스온탑양주점,31,양주 2024_12.csv,레저스포츠,기타레저스포츠
양주,2024,12,2024-12,124,경기도,양주시,나리공원물놀이장,30,양주 2024_12.csv,문화관광,테마공원
양주,2024,12,2024-12,125,경기도,양주시,마스터풋볼클럽,27,양주 2024_12.csv,레저스포츠,기타레저스포츠
양주,2024,12,2024-12,125,경기도,양주시,대승사,27,양주 2024_12.csv,역사관광,종교성지
양주,2024,12,2024-12,125,경기도,양주시,777레지던스,27,양주 2024_12.csv,문화관광,전시시설
양주,2024,12,2024-12,125,경기도,양주시,양주농촌테마공원,27,양주 2024_12.csv,문화관광,도시공원
양주,2024,12,2024-12,129,경기도,양주시,은현낚시터,24,양주 2024_12.csv,레저스포츠,수상레저스포츠
양주,2024,12,2024-12,129,경기도,양주시,쿠키팜,24,양주 2024_12.csv,체험관광,공예체험
양주,2024,12,2024-12,129,경기도,양주시,백석생활체육공원축구장,24,양주 2024_12.csv,문화관광,레저스포츠시설
양주,2024,12,2024-12,129,경기도,양주시,신상호스튜디오,24,양주 2024_12.csv,문화관광,전시시설
양주,2024,12,2024-12,133,경기도,양주시,아름다운비행,23,양주 2024_12.csv,문화관광,전시시설
양주,2024,12,2024-12,133,경기도,양주시,금바위저수지,23,양주 2024_12.csv,자연관광,자연경관(하천/해양)
양주,2024,12,2024-12,135,경기도,양주시,백석배수지생활체육공원,22,양주 2024_12.csv,문화관광,도시공원
양주,2024,12,2024-12,135,경기도,양주시,삼훈행복농원,22,양주 2024_12.csv,체험관광,농/산/어촌체험
양주,2024,12,2024-12,137,경기도,양주시,장흥조각공원,21,양주 2024_12.csv,문화관광,도시공원
양주,2024,12,2024-12,137,경기도,양주시,가나2아뜰리에,21,양주 2024_12.csv,문화관광,기타문화관광지
양주,2024,12,2024-12,139,경기도,양주시,스톤밸리눈썰매장,20,양주 2024_12.csv,레저스포츠,육상레저스포츠
양주,2024,12,2024-12,139,경기도,양주시,부부관광농원,20,양주 2024_12.csv,체험관광,농/산/어촌체험
양주,2024,12,2024-12,139,경기도,양주시,신산장,20,양주 2024_12.csv,쇼핑,시장
양주,2024,12,2024-12,139,경기도,양주시,조소앙선생기념관,20,양주 2024_12.csv,문화관광,전시시설
양주,2024,12,2024-12,143,경기도,양주시,원당낚시터,19,양주 2024_12.csv,레저스포츠,수상레저스포츠
양주,2024,12,2024-12,144,경기도,양주시,신암지,17,양주 2024_12.csv,자연관광,자연경관(하천/해양)
양주,2024,12,2024-12,144,경기도,양주시,모자농원,17,양주 2024_12.csv,체험관광,농/산/어촌체험
양주,2024,12,2024-12,144,경기도,양주시,보타사,17,양주 2024_12.csv,역사관광,종교성지
양주,2024,12,2024-12,147,경기도,양주시,홍죽산업단지근린공원,15,양주 2024_12.csv,문화관광,도시공원
양주,2024,12,2024-12,147,경기도,양주시,하늘물공원,15,양주 2024_12.csv,문화관광,도시공원
양주,2024,12,2024-12,147,경기도,양주시,백수현전통가옥,15,양주 2024_12.csv,역사관광,역사유적지
양주,2024,12,2024-12,147,경기도,양주시,홍복저수지,15,양주 2024_12.csv,자연관광,자연경관(하천/해양)
양주,2024,12,2024-12,147,경기도,양주시,북한산둘레길13구간,15,양주 2024_12.csv,레저스포츠,기타레저스포츠
양주,2024,12,2024-12,147,경기도,양주시,마리조아승마클럽,15,양주 2024_12.csv,레저스포츠,육상레저스포츠
양주,2024,12,2024-12,153,경기도,양주시,리틀웨일키즈풀파티룸,14,양주 2024_12.csv,문화관광,테마공원
양주,2024,12,2024-12,153,경기도,양주시,보메기낚시터,14,양주 2024_12.csv,레저스포츠,수상레저스포츠
양주,2024,12,2024-12,153,경기도,양주시,덕수레저타운,14,양주 2024_12.csv,레저스포츠,기타레저스포츠
양주,2024,12,2024-12,156,경기도,양주시,송추낚시터,13,양주 2024_12.csv,레저스포츠,수상레저스포츠
양주,2024,12,2024-12,156,경기도,양주시,오림피아수영장,13,양주 2024_12.csv,문화관광,테마공원
양주,2024,12,2024-12,158,경기도,양주시,윤성에프앤비양주물류센터,12,양주 2024_12.csv,레저스포츠,수상레저스포츠
양주,2024,12,2024-12,158,경기도,양주시,일영낚시터,12,양주 2024_12.csv,레저스포츠,수상레저스포츠
양주,2024,12,2024-12,158,경기도,양주시,에코야구장,12,양주 2024_12.csv,문화관광,레저스포츠시설
양주,2024,12,2024-12,161,경기도,양주시,천봉나전칠기체험관,11,양주 2024_12.csv,문화관광,기타문화관광지
양주,2024,12,2024-12,162,경기도,양주시,호국흥국사,10,양주 2024_12.csv,역사관광,종교성지
양주,2024,12,2024-12,162,경기도,양주시,용암낚시터,10,양주 2024_12.csv,레저스포츠,수상레저스포츠
양주,2024,12,2024-12,162,경기도,양주시,스카이워터파크,10,양주 2024_12.csv,문화관광,테마공원
양주,2024,12,2024-12,165,경기도,양주시,효순.미선평화공원,9,양주 2024_12.csv,문화관광,도시공원
양주,2024,12,2024-12,165,경기도,양주시,금빛갤러리,9,양주 2024_12.csv,문화관광,전시시설
양주,2024,12,2024-12,165,경기도,양주시,투혼정심관양주지부,9,양주 2024_12.csv,레저스포츠,기타레저스포츠
양주,2024,12,2024-12,165,경기도,양주시,묵은저수지,9,양주 2024_12.csv,자연관광,자연경관(하천/해양)
양주,2024,12,2024-12,169,경기도,양주시,양주시립민복진미술관,8,양주 2024_12.csv,문화관광,전시시설
양주,2024,12,2024-12,169,경기도,양주시,양주시감동VR체험관,8,양주 2024_12.csv,레저스포츠,기타레저스포츠
양주,2024,12,2024-12,169,경기도,양주시,비암사,8,양주 2024_12.csv,역사관광,종교성지
양주,2024,12,2024-12,172,경기도,양주시,양주문화예술회관대공연장,7,양주 2024_12.csv,문화관광,공연시설
양주,2024,12,2024-12,172,경기도,양주시,권율장군묘,7,양주 2024_12.csv,역사관광,역사유적지
양주,2024,12,2024-12,172,경기도,양주시,각명사,7,양주 2024_12.csv,역사관광,종교성지
양주,2024,12,2024-12,172,경기도,양주시,노고산주말농장,7,양주 2024_12.csv,체험관광,농/산/어촌체험
양주,2024,12,2024-12,172,경기도,양주시,양주시티즌축구클럽,7,양주 2024_12.csv,문화관광,레저스포츠시설
양주,2024,12,2024-12,177,경기도,양주시,아지트배드민턴,6,양주 2024_12.csv,레저스포츠,기타레저스포츠
양주,2024,12,2024-12,177,경기도,양주시,토리근린공원,6,양주 2024_12.csv,문화관광,도시공원
양주,2024,12,2024-12,177,경기도,양주시,송암사,6,양주 2024_12.csv,역사관광,종교성지
양주,2024,12,2024-12,177,경기도,양주시,무호정,6,양주 2024_12.csv,레저스포츠,육상레저스포츠
양주,2024,12,2024-12,177,경기도,양주시,양주천보산림욕장,6,양주 2024_12.csv,자연관광,자연공원
양주,2024,12,2024-12,177,경기도,양주시,호국비룡사,6,양주 2024_12.csv,역사관광,종교성지
양주,2024,12,2024-12,177,경기도,양주시,양주유수풀파크&바베큐장,6,양주 2024_12.csv,문화관광,테마공원
양주,2024,12,2024-12,177,경기도,양주시,진도농원,6,양주 2024_12.csv,체험관광,농/산/어촌체험
양주,2024,12,2024-12,185,경기도,양주시,나누리근린공원,5,양주 2024_12.csv,문화관광,도시공원
양주,2024,12,2024-12,185,경기도,양주시,무아메메폴댄스,5,양주 2024_12.csv,레저스포츠,기타레저스포츠
양주,2024,12,2024-12,185,경기도,양주시,양주시종합관광안내센터,5,양주 2024_12.csv,기타관광,기타관광
양주,2024,12,2024-12,185,경기도,양주시,백인걸선생묘,5,양주 2024_12.csv,역사관광,역사유적지
양주,2024,12,2024-12,189,경기도,양주시,이레공방,4,양주 2024_12.csv,체험관광,공예체험
양주,2024,12,2024-12,189,경기도,양주시,양주대모산성,4,양주 2024_12.csv,역사관광,역사유적지
양주,2024,12,2024-12,189,경기도,양주시,수월사,4,양주 2024_12.csv,역사관광,종교성지
양주,2024,12,2024-12,189,경기도,양주시,장흥버섯농장,4,양주 2024_12.csv,체험관광,농/산/어촌체험
양주,2024,12,2024-12,189,경기도,양주시,양주탁구클럽,4,양주 2024_12.csv,레저스포츠,기타레저스포츠
양주,2024,12,2024-12,189,경기도,양주시,디스코롤러장,4,양주 2024_12.csv,레저스포츠,육상레저스포츠
양주,2024,12,2024-12,189,경기도,양주시,양주농원,4,양주 2024_12.csv,체험관광,농/산/어촌체험
양주,2024,12,2024-12,196,경기도,양주시,체형교정연구소바르다,3,양주 2024_12.csv,레저스포츠,기타레저스포츠
양주,2024,12,2024-12,196,경기도,양주시,더곤충,3,양주 2024_12.csv,체험관광,농/산/어촌체험
양주,2024,12,2024-12,196,경기도,양주시,뽀로로맘앤키즈카페이마트양주점,3,양주 2024_12.csv,문화관광,테마공원
양주,2024,12,2024-12,196,경기도,양주시,가나1아뜰리에,3,양주 2024_12.csv,문화관광,기타문화관광지
양주,2024,12,2024-12,196,경기도,양주시,나리다육,3,양주 2024_12.csv,체험관광,농/산/어촌체험
양주,2024,12,2024-12,196,경기도,양주시,호국일월사,3,양주 2024_12.csv,역사관광,종교성지
양주,2024,12,2024-12,196,경기도,양주시,석우근린공원,3,양주 2024_12.csv,문화관광,도시공원
양주,2024,12,2024-12,196,경기도,양주시,신흥레저타운스노우월드,3,양주 2024_12.csv,레저스포츠,육상레저스포츠
양주,2024,12,2024-12,196,경기도,양주시,봉우근린공원,3,양주 2024_12.csv,문화관광,도시공원
양주,2024,12,2024-12,196,경기도,양주시,아이핑탁구클럽,3,양주 2024_12.csv,레저스포츠,기타레저스포츠
양주,2024,12,2024-12,196,경기도,양주시,해유령전첩지,3,양주 2024_12.csv,역사관광,역사유적지
양주,2024,12,2024-12,196,경기도,양주시,이수광선생묘,3,양주 2024_12.csv,역사관광,역사유적지
양주,2024,12,2024-12,196,경기도,양주시,소사목장,3,양주 2024_12.csv,체험관광,농/산/어촌체험
양주,2024,12,2024-12,196,경기도,양주시,그랜드유원지,3,양주 2024_12.csv,기타관광,기타관광
양주,2024,12,2024-12,196,경기도,양주시,약사사,3,양주 2024_12.csv,역사관광,종교성지
양주,2024,12,2024-12,196,경기도,양주시,연화사,3,양주 2024_12.csv,역사관광,종교성지
양주,2024,12,2024-12,196,경기도,양주시,원각폭포,3,양주 2024_12.csv,자연관광,자연경관(산)
양주,2024,12,2024-12,196,경기도,양주시,도하저수지,3,양주 2024_12.csv,자연관광,자연경관(하천/해양)
양주,2024,12,2024-12,196,경기도,양주시,삼수니농장,3,양주 2024_12.csv,체험관광,농/산/어촌체험
양주,2024,12,2024-12,196,경기도,양주시,양주산성야구장,3,양주 2024_12.csv,문화관광,레저스포츠시설
양주,2024,12,2024-12,196,경기도,양주시,마하보디사,3,양주 2024_12.csv,역사관광,종교성지
양주,2024,12,2024-12,196,경기도,양주시,효진푸드,3,양주 2024_12.csv,쇼핑,시장
양주,2024,12,2024-12,196,경기도,양주시,해마루농원,3,양주 2024_12.csv,체험관광,농/산/어촌체험
양주,2024,12,2024-12,196,경기도,양주시,감로사,3,양주 2024_12.csv,역사관광,종교성지
양주,2024,12,2024-12,196,경기도,양주시,쌍용사,3,양주 2024_12.csv,역사관광,종교성지
양주,2024,12,2024-12,196,경기도,양주시,도락산,3,양주 2024_12.csv,자연관광,자연경관(산)
양주,2024,12,2024-12,196,경기도,양주시,엄마네텃밭,3,양주 2024_12.csv,체험관광,농/산/어촌체험
양주,2024,12,2024-12,196,경기도,양주시,황뱅이수변산책로,3,양주 2024_12.csv,레저스포츠,기타레저스포츠
양주,2024,12,2024-12,196,경기도,양주시,월암사,3,양주 2024_12.csv,역사관광,종교성지
양주,2024,12,2024-12,196,경기도,양주시,히든밸리송추,3,양주 2024_12.csv,문화관광,테마공원
양주,2024,12,2024-12,196,경기도,양주시,황용목장,3,양주 2024_12.csv,체험관광,농/산/어촌체험
양주,2025,1,2025-01,1,경기도,양주시,LF스퀘어양주점,10111,양주 2025_01.csv,쇼핑,쇼핑몰
양주,2025,1,2025-01,2,경기도,양주시,양주아트밸리눈썰매장,6575,양주 2025_01.csv,레저스포츠,육상레저스포츠
양주,2025,1,2025-01,3,경기도,양주시,양주눈꽃축제,2716,양주 2025_01.csv,문화관광,기타문화관광지
양주,2025,1,2025-01,4,경기도,양주시,두리랜드,1391,양주 2025_01.csv,문화관광,테마공원
양주,2025,1,2025-01,5,경기도,양주시,송추계곡,1290,양주 2025_01.csv,자연관광,자연경관(산)
양주,2025,1,2025-01,6,경기도,양주시,청련사,1093,양주 2025_01.csv,역사관광,종교성지
양주,2025,1,2025-01,7,경기도,양주시,장흥관광지,990,양주 2025_01.csv,문화관광,복합관광시설
양주,2025,1,2025-01,8,경기도,양주시,송추역,942,양주 2025_01.csv,기타관광,교통시설
양주,2025,1,2025-01,9,경기도,양주시,일영역,799,양주 2025_01.csv,기타관광,교통시설
양주,2025,1,2025-01,9,경기도,양주시,레이크우드CC,799,양주 2025_01.csv,레저스포츠,육상레저스포츠
양주,2025,1,2025-01,11,경기도,양주시,가래비만세시장,778,양주 2025_01.csv,쇼핑,시장
양주,2025,1,2025-01,12,경기도,양주시,장흥자동차극장,688,양주 2025_01.csv,문화관광,공연시설
양주,2025,1,2025-01,13,경기도,양주시,기산저수지,680,양주 2025_01.csv,자연관광,자연경관(하천/해양)
양주,2025,1,2025-01,14,경기도,양주시,메가박스양주,657,양주 2025_01.csv,문화관광,공연시설
양주,2025,1,2025-01,15,경기도,양주시,가나아트파크,522,양주 2025_01.csv,문화관광,전시시설
양주,2025,1,2025-01,16,경기도,양주시,조명박물관,458,양주 2025_01.csv,문화관광,전시시설
양주,2025,1,2025-01,17,경기도,양주시,장흥자연휴양림,441,양주 2025_01.csv,자연관광,자연공원
양주,2025,1,2025-01,18,경기도,양주시,양주팬텀실내풋살장,437,양주 2025_01.csv,레저스포츠,기타레저스포츠
양주,2025,1,2025-01,19,경기도,양주시,국립아세안자연휴양림,434,양주 2025_01.csv,자연관광,자연공원
양주,2025,1,2025-01,20,경기도,양주시,백석생활체육공원,425,양주 2025_01.csv,문화관광,도시공원
양주,2025,1,2025-01,21,경기도,양주시,양주시립장욱진미술관,416,양주 2025_01.csv,문화관광,전시시설
양주,2025,1,2025-01,22,경기도,양주시,장흥역,408,양주 2025_01.csv,기타관광,교통시설
양주,2025,1,2025-01,23,경기도,양주시,옥정체육공원,398,양주 2025_01.csv,문화관광,도시공원
양주,2025,1,2025-01,24,경기도,양주시,하나농원,347,양주 2025_01.csv,체험관광,농/산/어촌체험
양주,2025,1,2025-01,25,경기도,양주시,일영유원지,335,양주 2025_01.csv,문화관광,복합관광시설
양주,2025,1,2025-01,26,경기도,양주시,헬로방방양주점,319,양주 2025_01.csv,문화관광,테마공원
양주,2025,1,2025-01,27,경기도,양주시,99풋살파크,306,양주 2025_01.csv,레저스포츠,기타레저스포츠
양주,2025,1,2025-01,28,경기도,양주시,신암낚시터,300,양주 2025_01.csv,레저스포츠,수상레저스포츠
양주,2025,1,2025-01,29,경기도,양주시,송추CC,287,양주 2025_01.csv,레저스포츠,육상레저스포츠
양주,2025,1,2025-01,30,경기도,양주시,토도,266,양주 2025_01.csv,문화관광,테마공원
양주,2025,1,2025-01,31,경기도,양주시,루이힐스CC,262,양주 2025_01.csv,레저스포츠,육상레저스포츠
양주,2025,1,2025-01,32,경기도,양주시,신천생활체육공원,252,양주 2025_01.csv,문화관광,도시공원
양주,2025,1,2025-01,33,경기도,양주시,청암민속박물관,247,양주 2025_01.csv,문화관광,전시시설
양주,2025,1,2025-01,34,경기도,양주시,멜버른승마장,235,양주 2025_01.csv,레저스포츠,육상레저스포츠
양주,2025,1,2025-01,35,경기도,양주시,양주별산대놀이마당,233,양주 2025_01.csv,문화관광,기타문화관광지
양주,2025,1,2025-01,36,경기도,양주시,공존풋살파크양주점,224,양주 2025_01.csv,문화관광,레저스포츠시설
양주,2025,1,2025-01,36,경기도,양주시,대원정사,224,양주 2025_01.csv,역사관광,종교성지
양주,2025,1,2025-01,38,경기도,양주시,원당저수지,220,양주 2025_01.csv,자연관광,자연경관(하천/해양)
양주,2025,1,2025-01,38,경기도,양주시,헤세의정원,220,양주 2025_01.csv,문화관광,기타문화관광지
양주,2025,1,2025-01,40,경기도,양주시,양주곤충박물관,216,양주 2025_01.csv,문화관광,전시시설
양주,2025,1,2025-01,41,경기도,양주시,고덕생활체육공원,211,양주 2025_01.csv,문화관광,도시공원
양주,2025,1,2025-01,41,경기도,양주시,신흥레저타운,211,양주 2025_01.csv,레저스포츠,기타레저스포츠
양주,2025,1,2025-01,43,경기도,양주시,TBS도봉산축구장,208,양주 2025_01.csv,문화관광,레저스포츠시설
양주,2025,1,2025-01,44,경기도,양주시,송암스페이스센터,207,양주 2025_01.csv,기타관광,기타관광
양주,2025,1,2025-01,45,경기도,양주시,지장사,205,양주 2025_01.csv,역사관광,종교성지
양주,2025,1,2025-01,46,경기도,양주시,봉암저수지,199,양주 2025_01.csv,자연관광,자연경관(하천/해양)
양주,2025,1,2025-01,47,경기도,양주시,온릉,182,양주 2025_01.csv,역사관광,역사유적지
양주,2025,1,2025-01,48,경기도,양주시,장흥축구장,177,양주 2025_01.csv,문화관광,레저스포츠시설
양주,2025,1,2025-01,49,경기도,양주시,장흥생활체육공원,164,양주 2025_01.csv,문화관광,도시공원
양주,2025,1,2025-01,50,경기도,양주시,삼하낚시터,163,양주 2025_01.csv,레저스포츠,수상레저스포츠
양주,2025,1,2025-01,51,경기도,양주시,나리농원,162,양주 2025_01.csv,체험관광,농/산/어촌체험
양주,2025,1,2025-01,52,경기도,양주시,강호이앤티,151,양주 2025_01.csv,레저스포츠,기타레저스포츠
양주,2025,1,2025-01,53,경기도,양주시,송추원각사,137,양주 2025_01.csv,역사관광,종교성지
양주,2025,1,2025-01,54,경기도,양주시,장자원낚시터,134,양주 2025_01.csv,레저스포츠,수상레저스포츠
양주,2025,1,2025-01,55,경기도,양주시,양주풋살파크제1구장,133,양주 2025_01.csv,문화관광,레저스포츠시설
양주,2025,1,2025-01,55,경기도,양주시,양주베이스볼파크,133,양주 2025_01.csv,문화관광,레저스포츠시설
양주,2025,1,2025-01,57,경기도,양주시,신산리공원,127,양주 2025_01.csv,문화관광,도시공원
양주,2025,1,2025-01,58,경기도,양주시,덕계저수지,125,양주 2025_01.csv,자연관광,자연경관(하천/해양)
양주,2025,1,2025-01,59,경기도,양주시,씽씽롤러스케이트장,121,양주 2025_01.csv,레저스포츠,육상레저스포츠
양주,2025,1,2025-01,60,경기도,양주시,EP베이스볼파크,118,양주 2025_01.csv,문화관광,레저스포츠시설
양주,2025,1,2025-01,61,경기도,양주시,양주테크노풋살센터,116,양주 2025_01.csv,레저스포츠,기타레저스포츠
양주,2025,1,2025-01,62,경기도,양주시,어둔리저수지,115,양주 2025_01.csv,자연관광,자연경관(하천/해양)
양주,2025,1,2025-01,63,경기도,양주시,연꽃빌리지관광농원,113,양주 2025_01.csv,체험관광,농/산/어촌체험
양주,2025,1,2025-01,63,경기도,양주시,가래비빙벽장,113,양주 2025_01.csv,레저스포츠,기타레저스포츠
양주,2025,1,2025-01,65,경기도,양주시,은현피싱타운,111,양주 2025_01.csv,레저스포츠,수상레저스포츠
양주,2025,1,2025-01,65,경기도,양주시,딱따구리청소년수련원,111,양주 2025_01.csv,레저스포츠,육상레저스포츠
양주,2025,1,2025-01,67,경기도,양주시,장흥돌고개유원지,109,양주 2025_01.csv,문화관광,복합관광시설
양주,2025,1,2025-01,68,경기도,양주시,육지장사,108,양주 2025_01.csv,역사관광,종교성지
양주,2025,1,2025-01,69,경기도,양주시,석굴암,98,양주 2025_01.csv,역사관광,종교성지
양주,2025,1,2025-01,70,경기도,양주시,고읍축구장,95,양주 2025_01.csv,문화관광,레저스포츠시설
양주,2025,1,2025-01,71,경기도,양주시,나비랑키즈카페,94,양주 2025_01.csv,문화관광,테마공원
양주,2025,1,2025-01,72,경기도,양주시,광사낚시터,91,양주 2025_01.csv,레저스포츠,수상레저스포츠
양주,2025,1,2025-01,73,경기도,양주시,양주관아지,88,양주 2025_01.csv,역사관광,역사유적지
양주,2025,1,2025-01,74,경기도,양주시,공차실내풋살,85,양주 2025_01.csv,문화관광,레저스포츠시설
양주,2025,1,2025-01,75,경기도,양주시,광백저수지,84,양주 2025_01.csv,자연관광,자연경관(하천/해양)
양주,2025,1,2025-01,75,경기도,양주시,옥정배수지체육공원,84,양주 2025_01.csv,문화관광,도시공원
양주,2025,1,2025-01,77,경기도,양주시,효촌저수지,82,양주 2025_01.csv,자연관광,자연경관(하천/해양)
양주,2025,1,2025-01,78,경기도,양주시,VIP야구장,81,양주 2025_01.csv,문화관광,레저스포츠시설
양주,2025,1,2025-01,79,경기도,양주시,송추아트밸리,80,양주 2025_01.csv,문화관광,도시공원
양주,2025,1,2025-01,80,경기도,양주시,덕계공원,79,양주 2025_01.csv,문화관광,도시공원
양주,2025,1,2025-01,81,경기도,양주시,양주시청소년수련원,78,양주 2025_01.csv,레저스포츠,육상레저스포츠
양주,2025,1,2025-01,82,경기도,양주시,못말낚시터,76,양주 2025_01.csv,레저스포츠,수상레저스포츠
양주,2025,1,2025-01,83,경기도,양주시,ND야구장,75,양주 2025_01.csv,문화관광,레저스포츠시설
양주,2025,1,2025-01,83,경기도,양주시,연화사,75,양주 2025_01.csv,역사관광,종교성지
양주,2025,1,2025-01,85,경기도,양주시,나리공원파크골프장,74,양주 2025_01.csv,레저스포츠,육상레저스포츠
양주,2025,1,2025-01,86,경기도,양주시,남경수목원,70,양주 2025_01.csv,체험관광,농/산/어촌체험
양주,2025,1,2025-01,87,경기도,양주시,옥정체육공원축구장,68,양주 2025_01.csv,문화관광,레저스포츠시설
양주,2025,1,2025-01,88,경기도,양주시,양주시공설파크골프장,67,양주 2025_01.csv,레저스포츠,육상레저스포츠
양주,2025,1,2025-01,88,경기도,양주시,광적생활체육공원,67,양주 2025_01.csv,문화관광,도시공원
양주,2025,1,2025-01,90,경기도,양주시,연곡저수지,66,양주 2025_01.csv,자연관광,자연경관(하천/해양)
양주,2025,1,2025-01,91,경기도,양주시,북한산국립공원오봉탐방지원센터,63,양주 2025_01.csv,기타관광,기타관광
양주,2025,1,2025-01,92,경기도,양주시,양주시승마장,62,양주 2025_01.csv,레저스포츠,육상레저스포츠
양주,2025,1,2025-01,93,경기도,양주시,광적생활체육공원축구장,60,양주 2025_01.csv,문화관광,레저스포츠시설
양주,2025,1,2025-01,94,경기도,양주시,한성승마클럽,57,양주 2025_01.csv,레저스포츠,육상레저스포츠
양주,2025,1,2025-01,95,경기도,양주시,장흥야구장,56,양주 2025_01.csv,문화관광,레저스포츠시설
양주,2025,1,2025-01,96,경기도,양주시,클라임크루,55,양주 2025_01.csv,레저스포츠,기타레저스포츠
양주,2025,1,2025-01,97,경기도,양주시,아름다운비행,52,양주 2025_01.csv,문화관광,전시시설
양주,2025,1,2025-01,97,경기도,양주시,위바운스,52,양주 2025_01.csv,문화관광,테마공원
양주,2025,1,2025-01,97,경기도,양주시,신천생활체육공원축구장,52,양주 2025_01.csv,문화관광,레저스포츠시설
양주,2025,1,2025-01,100,경기도,양주시,베이스캠프,51,양주 2025_01.csv,레저스포츠,기타레저스포츠
양주,2025,1,2025-01,101,경기도,양주시,원더풀키즈수영장,48,양주 2025_01.csv,문화관광,테마공원
양주,2025,1,2025-01,101,경기도,양주시,샘내고개,48,양주 2025_01.csv,자연관광,자연경관(산)
양주,2025,1,2025-01,103,경기도,양주시,삼훈행복농원,47,양주 2025_01.csv,체험관광,농/산/어촌체험
양주,2025,1,2025-01,103,경기도,양주시,타겟28실내양궁장,47,양주 2025_01.csv,레저스포츠,육상레저스포츠
양주,2025,1,2025-01,105,경기도,양주시,북한산국립공원교현탐방지원센터,45,양주 2025_01.csv,기타관광,기타관광
양주,2025,1,2025-01,106,경기도,양주시,칠봉산CC,44,양주 2025_01.csv,레저스포츠,육상레저스포츠
양주,2025,1,2025-01,107,경기도,양주시,신흥레저타운스노우월드,42,양주 2025_01.csv,레저스포츠,육상레저스포츠
양주,2025,1,2025-01,107,경기도,양주시,송암천문대,42,양주 2025_01.csv,기타관광,기타관광
양주,2025,1,2025-01,109,경기도,양주시,불곡산,41,양주 2025_01.csv,자연관광,자연경관(산)
양주,2025,1,2025-01,110,경기도,양주시,장흥자생수목원,40,양주 2025_01.csv,자연관광,자연공원
양주,2025,1,2025-01,111,경기도,양주시,백화암,39,양주 2025_01.csv,역사관광,종교성지
양주,2025,1,2025-01,112,경기도,양주시,대승사,36,양주 2025_01.csv,역사관광,종교성지
양주,2025,1,2025-01,113,경기도,양주시,티제이풋살파크,34,양주 2025_01.csv,레저스포츠,기타레저스포츠
양주,2025,1,2025-01,114,경기도,양주시,양주시립민복진미술관,33,양주 2025_01.csv,문화관광,전시시설
양주,2025,1,2025-01,115,경기도,양주시,한국축구센터,32,양주 2025_01.csv,문화관광,레저스포츠시설
양주,2025,1,2025-01,116,경기도,양주시,은현낚시터,31,양주 2025_01.csv,레저스포츠,수상레저스포츠
양주,2025,1,2025-01,116,경기도,양주시,덕정시장,31,양주 2025_01.csv,쇼핑,시장
양주,2025,1,2025-01,116,경기도,양주시,북한산둘레길13구간,31,양주 2025_01.csv,레저스포츠,기타레저스포츠
양주,2025,1,2025-01,116,경기도,양주시,엄상마을문화거리,31,양주 2025_01.csv,문화관광,테마공원
양주,2025,1,2025-01,120,경기도,양주시,화담정사,30,양주 2025_01.csv,역사관광,종교성지
양주,2025,1,2025-01,120,경기도,양주시,하늘물공원,30,양주 2025_01.csv,문화관광,도시공원
양주,2025,1,2025-01,120,경기도,양주시,장흥조각공원,30,양주 2025_01.csv,문화관광,도시공원
양주,2025,1,2025-01,123,경기도,양주시,백석배수지생활체육공원,27,양주 2025_01.csv,문화관광,도시공원
양주,2025,1,2025-01,123,경기도,양주시,고려대학교송추야구장,27,양주 2025_01.csv,문화관광,레저스포츠시설
양주,2025,1,2025-01,125,경기도,양주시,무키무키양주회천점,26,양주 2025_01.csv,문화관광,테마공원
양주,2025,1,2025-01,125,경기도,양주시,원각폭포,26,양주 2025_01.csv,자연관광,자연경관(산)
양주,2025,1,2025-01,125,경기도,양주시,양주시티즌축구클럽,26,양주 2025_01.csv,문화관광,레저스포츠시설
양주,2025,1,2025-01,128,경기도,양주시,MBP리그,23,양주 2025_01.csv,문화관광,레저스포츠시설
양주,2025,1,2025-01,128,경기도,양주시,양주시감동VR체험관,23,양주 2025_01.csv,레저스포츠,기타레저스포츠
양주,2025,1,2025-01,128,경기도,양주시,조소앙선생기념관,23,양주 2025_01.csv,문화관광,전시시설
양주,2025,1,2025-01,131,경기도,양주시,백석생활체육공원축구장,22,양주 2025_01.csv,문화관광,레저스포츠시설
양주,2025,1,2025-01,131,경기도,양주시,송추다보사,22,양주 2025_01.csv,역사관광,종교성지
양주,2025,1,2025-01,131,경기도,양주시,금바위저수지,22,양주 2025_01.csv,자연관광,자연경관(하천/해양)
양주,2025,1,2025-01,134,경기도,양주시,비암사,20,양주 2025_01.csv,역사관광,종교성지
양주,2025,1,2025-01,135,경기도,양주시,삼숭생활체육공원,19,양주 2025_01.csv,문화관광,도시공원
양주,2025,1,2025-01,136,경기도,양주시,신흥레저워터월드,18,양주 2025_01.csv,문화관광,테마공원
양주,2025,1,2025-01,136,경기도,양주시,원당낚시터,18,양주 2025_01.csv,레저스포츠,수상레저스포츠
양주,2025,1,2025-01,136,경기도,양주시,나리공원물놀이장,18,양주 2025_01.csv,문화관광,테마공원
양주,2025,1,2025-01,136,경기도,양주시,보타사,18,양주 2025_01.csv,역사관광,종교성지
양주,2025,1,2025-01,140,경기도,양주시,권율장군묘,17,양주 2025_01.csv,역사관광,역사유적지
양주,2025,1,2025-01,141,경기도,양주시,스카이야구장,16,양주 2025_01.csv,문화관광,레저스포츠시설
양주,2025,1,2025-01,142,경기도,양주시,백인걸선생묘,15,양주 2025_01.csv,역사관광,역사유적지
양주,2025,1,2025-01,143,경기도,양주시,MMA STORY양주점,13,양주 2025_01.csv,레저스포츠,기타레저스포츠
양주,2025,1,2025-01,143,경기도,양주시,어둔리남방낚시터,13,양주 2025_01.csv,레저스포츠,수상레저스포츠
양주,2025,1,2025-01,143,경기도,양주시,보메기낚시터,13,양주 2025_01.csv,레저스포츠,수상레저스포츠
양주,2025,1,2025-01,143,경기도,양주시,테니스온탑양주점,13,양주 2025_01.csv,레저스포츠,기타레저스포츠
양주,2025,1,2025-01,143,경기도,양주시,각명사,13,양주 2025_01.csv,역사관광,종교성지
양주,2025,1,2025-01,143,경기도,양주시,777레지던스,13,양주 2025_01.csv,문화관광,전시시설
양주,2025,1,2025-01,143,경기도,양주시,양주향교,13,양주 2025_01.csv,역사관광,역사유적지
양주,2025,1,2025-01,143,경기도,양주시,가나2아뜰리에,13,양주 2025_01.csv,문화관광,기타문화관광지
양주,2025,1,2025-01,151,경기도,양주시,모자농원,12,양주 2025_01.csv,체험관광,농/산/어촌체험
양주,2025,1,2025-01,152,경기도,양주시,리틀웨일키즈풀파티룸,11,양주 2025_01.csv,문화관광,테마공원
양주,2025,1,2025-01,152,경기도,양주시,해유령전첩지,11,양주 2025_01.csv,역사관광,역사유적지
양주,2025,1,2025-01,154,경기도,양주시,쿠키팜,10,양주 2025_01.csv,체험관광,공예체험
양주,2025,1,2025-01,154,경기도,양주시,송추낚시터,10,양주 2025_01.csv,레저스포츠,수상레저스포츠
양주,2025,1,2025-01,154,경기도,양주시,송암사,10,양주 2025_01.csv,역사관광,종교성지
양주,2025,1,2025-01,154,경기도,양주시,홍복저수지,10,양주 2025_01.csv,자연관광,자연경관(하천/해양)
양주,2025,1,2025-01,154,경기도,양주시,덕수레저타운,10,양주 2025_01.csv,레저스포츠,기타레저스포츠
양주,2025,1,2025-01,159,경기도,양주시,신암지,9,양주 2025_01.csv,자연관광,자연경관(하천/해양)
양주,2025,1,2025-01,159,경기도,양주시,무아메메폴댄스,9,양주 2025_01.csv,레저스포츠,기타레저스포츠
양주,2025,1,2025-01,159,경기도,양주시,양주시종합관광안내센터,9,양주 2025_01.csv,기타관광,기타관광
양주,2025,1,2025-01,159,경기도,양주시,마스터풋볼클럽,9,양주 2025_01.csv,레저스포츠,기타레저스포츠
양주,2025,1,2025-01,159,경기도,양주시,살구골낚시터,9,양주 2025_01.csv,레저스포츠,수상레저스포츠
양주,2025,1,2025-01,159,경기도,양주시,백석생활체육공원야구장,9,양주 2025_01.csv,문화관광,레저스포츠시설
양주,2025,1,2025-01,159,경기도,양주시,청담체육공원,9,양주 2025_01.csv,문화관광,도시공원
양주,2025,1,2025-01,166,경기도,양주시,윤성에프앤비양주물류센터,8,양주 2025_01.csv,레저스포츠,수상레저스포츠
양주,2025,1,2025-01,166,경기도,양주시,효진푸드,8,양주 2025_01.csv,쇼핑,시장
양주,2025,1,2025-01,166,경기도,양주시,에코야구장,8,양주 2025_01.csv,문화관광,레저스포츠시설
양주,2025,1,2025-01,166,경기도,양주시,디스코롤러장,8,양주 2025_01.csv,레저스포츠,육상레저스포츠
양주,2025,1,2025-01,170,경기도,양주시,홍죽산업단지근린공원,7,양주 2025_01.csv,문화관광,도시공원
양주,2025,1,2025-01,170,경기도,양주시,토리근린공원,7,양주 2025_01.csv,문화관광,도시공원
양주,2025,1,2025-01,170,경기도,양주시,나리다육,7,양주 2025_01.csv,체험관광,농/산/어촌체험
양주,2025,1,2025-01,170,경기도,양주시,무호정,7,양주 2025_01.csv,레저스포츠,육상레저스포츠
양주,2025,1,2025-01,170,경기도,양주시,양주천보산림욕장,7,양주 2025_01.csv,자연관광,자연공원
양주,2025,1,2025-01,170,경기도,양주시,조소앙선생기념공원,7,양주 2025_01.csv,문화관광,도시공원
양주,2025,1,2025-01,170,경기도,양주시,일영낚시터,7,양주 2025_01.csv,레저스포츠,수상레저스포츠
양주,2025,1,2025-01,177,경기도,양주시,호국흥국사,6,양주 2025_01.csv,역사관광,종교성지
양주,2025,1,2025-01,177,경기도,양주시,보현사,6,양주 2025_01.csv,역사관광,종교성지
양주,2025,1,2025-01,177,경기도,양주시,금빛갤러리,6,양주 2025_01.csv,문화관광,전시시설
양주,2025,1,2025-01,177,경기도,양주시,가나1아뜰리에,6,양주 2025_01.csv,문화관광,기타문화관광지
양주,2025,1,2025-01,177,경기도,양주시,용암낚시터,6,양주 2025_01.csv,레저스포츠,수상레저스포츠
양주,2025,1,2025-01,177,경기도,양주시,보현사,6,양주 2025_01.csv,역사관광,종교성지
양주,2025,1,2025-01,177,경기도,양주시,수월사,6,양주 2025_01.csv,역사관광,종교성지
양주,2025,1,2025-01,177,경기도,양주시,양주시 현충탑,6,양주 2025_01.csv,역사관광,역사유물
양주,2025,1,2025-01,177,경기도,양주시,봉암낚시터,6,양주 2025_01.csv,레저스포츠,수상레저스포츠
양주,2025,1,2025-01,186,경기도,양주시,부부관광농원,5,양주 2025_01.csv,체험관광,농/산/어촌체험
양주,2025,1,2025-01,186,경기도,양주시,북부수산시장,5,양주 2025_01.csv,쇼핑,시장
양주,2025,1,2025-01,186,경기도,양주시,호국비룡사,5,양주 2025_01.csv,역사관광,종교성지
양주,2025,1,2025-01,186,경기도,양주시,해마루농원,5,양주 2025_01.csv,체험관광,농/산/어촌체험
양주,2025,1,2025-01,186,경기도,양주시,광운정사,5,양주 2025_01.csv,역사관광,종교성지
양주,2025,1,2025-01,191,경기도,양주시,기산리유원지,4,양주 2025_01.csv,문화관광,복합관광시설
양주,2025,1,2025-01,191,경기도,양주시,호국일월사,4,양주 2025_01.csv,역사관광,종교성지
양주,2025,1,2025-01,191,경기도,양주시,아이핑탁구클럽,4,양주 2025_01.csv,레저스포츠,기타레저스포츠
양주,2025,1,2025-01,191,경기도,양주시,부흥사,4,양주 2025_01.csv,역사관광,종교성지
양주,2025,1,2025-01,191,경기도,양주시,양주농촌테마공원,4,양주 2025_01.csv,문화관광,도시공원
양주,2025,1,2025-01,191,경기도,양주시,홍법사,4,양주 2025_01.csv,역사관광,종교성지
양주,2025,1,2025-01,191,경기도,양주시,쿤스트마쿤,4,양주 2025_01.csv,체험관광,공예체험
양주,2025,1,2025-01,191,경기도,양주시,점프윙스줄넘기클럽줄기차게,4,양주 2025_01.csv,레저스포츠,기타레저스포츠
양주,2025,1,2025-01,191,경기도,양주시,황용목장,4,양주 2025_01.csv,체험관광,농/산/어촌체험
양주,2025,1,2025-01,200,경기도,양주시,체형교정연구소바르다,3,양주 2025_01.csv,레저스포츠,기타레저스포츠
양주,2025,1,2025-01,200,경기도,양주시,후니버설스튜디오,3,양주 2025_01.csv,문화관광,전시시설
양주,2025,1,2025-01,200,경기도,양주시,장흥계곡,3,양주 2025_01.csv,자연관광,자연경관(산)
양주,2025,1,2025-01,200,경기도,양주시,투혼정심관양주지부,3,양주 2025_01.csv,레저스포츠,기타레저스포츠
양주,2025,1,2025-01,200,경기도,양주시,비암재,3,양주 2025_01.csv,역사관광,역사유적지
양주,2025,1,2025-01,200,경기도,양주시,양주라온탁구클럽,3,양주 2025_01.csv,레저스포츠,기타레저스포츠
양주,2025,1,2025-01,200,경기도,양주시,88보트장,3,양주 2025_01.csv,레저스포츠,수상레저스포츠
양주,2025,1,2025-01,200,경기도,양주시,양주남면의느티나무,3,양주 2025_01.csv,역사관광,역사유적지
양주,2025,1,2025-01,200,경기도,양주시,안상철미술관,3,양주 2025_01.csv,문화관광,전시시설
양주,2025,1,2025-01,200,경기도,양주시,망당산,3,양주 2025_01.csv,자연관광,자연경관(산)
양주,2025,1,2025-01,200,경기도,양주시,그랜드유원지,3,양주 2025_01.csv,기타관광,기타관광
양주,2025,1,2025-01,200,경기도,양주시,삼수니농장,3,양주 2025_01.csv,체험관광,농/산/어촌체험
양주,2025,1,2025-01,200,경기도,양주시,기산지,3,양주 2025_01.csv,자연관광,자연경관(하천/해양)
양주,2025,1,2025-01,200,경기도,양주시,신산장,3,양주 2025_01.csv,쇼핑,시장
양주,2025,1,2025-01,200,경기도,양주시,동산가든낚시터,3,양주 2025_01.csv,레저스포츠,수상레저스포츠
양주,2025,1,2025-01,200,경기도,양주시,두래농원,3,양주 2025_01.csv,체험관광,농/산/어촌체험
양주,2025,1,2025-01,200,경기도,양주시,동광정사,3,양주 2025_01.csv,역사관광,종교성지
양주,2025,1,2025-01,200,경기도,양주시,스트라이크존볼파크양주,3,양주 2025_01.csv,문화관광,레저스포츠시설
양주,2025,1,2025-01,200,경기도,양주시,유한농장,3,양주 2025_01.csv,체험관광,농/산/어촌체험
양주,2025,1,2025-01,200,경기도,양주시,쌍용사,3,양주 2025_01.csv,역사관광,종교성지
양주,2025,1,2025-01,200,경기도,양주시,영산법화사,3,양주 2025_01.csv,역사관광,종교성지
양주,2025,1,2025-01,200,경기도,양주시,마리조아승마클럽,3,양주 2025_01.csv,레저스포츠,육상레저스포츠
양주,2025,1,2025-01,200,경기도,양주시,황뱅이수변산책로,3,양주 2025_01.csv,레저스포츠,기타레저스포츠
양주,2025,1,2025-01,200,경기도,양주시,신상호스튜디오,3,양주 2025_01.csv,문화관광,전시시설
양주,2025,1,2025-01,200,경기도,양주시,오상갤러리,3,양주 2025_01.csv,문화관광,전시시설
양주,2025,2,2025-02,1,경기도,양주시,LF스퀘어양주점,8850,양주 2025_02.csv,쇼핑,쇼핑몰
양주,2025,2,2025-02,2,경기도,양주시,양주아트밸리눈썰매장,2700,양주 2025_02.csv,레저스포츠,육상레저스포츠
양주,2025,2,2025-02,3,경기도,양주시,두리랜드,1661,양주 2025_02.csv,문화관광,테마공원
양주,2025,2,2025-02,4,경기도,양주시,레이크우드CC,1408,양주 2025_02.csv,레저스포츠,육상레저스포츠
양주,2025,2,2025-02,5,경기도,양주시,송추계곡,1152,양주 2025_02.csv,자연관광,자연경관(산)
양주,2025,2,2025-02,6,경기도,양주시,양주눈꽃축제,1070,양주 2025_02.csv,문화관광,기타문화관광지
양주,2025,2,2025-02,7,경기도,양주시,장흥관광지,825,양주 2025_02.csv,문화관광,복합관광시설
양주,2025,2,2025-02,8,경기도,양주시,송추역,680,양주 2025_02.csv,기타관광,교통시설
양주,2025,2,2025-02,9,경기도,양주시,가래비만세시장,664,양주 2025_02.csv,쇼핑,시장
양주,2025,2,2025-02,10,경기도,양주시,송추CC,587,양주 2025_02.csv,레저스포츠,육상레저스포츠
양주,2025,2,2025-02,11,경기도,양주시,기산저수지,553,양주 2025_02.csv,자연관광,자연경관(하천/해양)
양주,2025,2,2025-02,12,경기도,양주시,청련사,520,양주 2025_02.csv,역사관광,종교성지
양주,2025,2,2025-02,13,경기도,양주시,옥정체육공원,514,양주 2025_02.csv,문화관광,도시공원
양주,2025,2,2025-02,14,경기도,양주시,백석생활체육공원,494,양주 2025_02.csv,문화관광,도시공원
양주,2025,2,2025-02,15,경기도,양주시,장흥자동차극장,490,양주 2025_02.csv,문화관광,공연시설
양주,2025,2,2025-02,16,경기도,양주시,가나아트파크,479,양주 2025_02.csv,문화관광,전시시설
양주,2025,2,2025-02,17,경기도,양주시,루이힐스CC,438,양주 2025_02.csv,레저스포츠,육상레저스포츠
양주,2025,2,2025-02,18,경기도,양주시,일영역,421,양주 2025_02.csv,기타관광,교통시설
양주,2025,2,2025-02,19,경기도,양주시,국립아세안자연휴양림,404,양주 2025_02.csv,자연관광,자연공원
양주,2025,2,2025-02,20,경기도,양주시,양주시립장욱진미술관,389,양주 2025_02.csv,문화관광,전시시설
양주,2025,2,2025-02,21,경기도,양주시,헬로방방양주점,345,양주 2025_02.csv,문화관광,테마공원
양주,2025,2,2025-02,22,경기도,양주시,신천생활체육공원,337,양주 2025_02.csv,문화관광,도시공원
양주,2025,2,2025-02,23,경기도,양주시,고덕생활체육공원,324,양주 2025_02.csv,문화관광,도시공원
양주,2025,2,2025-02,24,경기도,양주시,조명박물관,322,양주 2025_02.csv,문화관광,전시시설
양주,2025,2,2025-02,25,경기도,양주시,토도,317,양주 2025_02.csv,문화관광,테마공원
양주,2025,2,2025-02,26,경기도,양주시,양주팬텀실내풋살장,312,양주 2025_02.csv,레저스포츠,기타레저스포츠
양주,2025,2,2025-02,27,경기도,양주시,99풋살파크,308,양주 2025_02.csv,레저스포츠,기타레저스포츠
양주,2025,2,2025-02,28,경기도,양주시,일영유원지,304,양주 2025_02.csv,문화관광,복합관광시설
양주,2025,2,2025-02,29,경기도,양주시,TBS도봉산축구장,295,양주 2025_02.csv,문화관광,레저스포츠시설
양주,2025,2,2025-02,30,경기도,양주시,메가박스양주,260,양주 2025_02.csv,문화관광,공연시설
양주,2025,2,2025-02,31,경기도,양주시,신암낚시터,252,양주 2025_02.csv,레저스포츠,수상레저스포츠
양주,2025,2,2025-02,32,경기도,양주시,장흥자연휴양림,250,양주 2025_02.csv,자연관광,자연공원
양주,2025,2,2025-02,32,경기도,양주시,옥정체육공원축구장,250,양주 2025_02.csv,문화관광,레저스포츠시설
양주,2025,2,2025-02,34,경기도,양주시,멜버른승마장,237,양주 2025_02.csv,레저스포츠,육상레저스포츠
양주,2025,2,2025-02,35,경기도,양주시,장흥역,236,양주 2025_02.csv,기타관광,교통시설
양주,2025,2,2025-02,36,경기도,양주시,딱따구리청소년수련원,233,양주 2025_02.csv,레저스포츠,육상레저스포츠
양주,2025,2,2025-02,37,경기도,양주시,헤세의정원,229,양주 2025_02.csv,문화관광,기타문화관광지
양주,2025,2,2025-02,38,경기도,양주시,공존풋살파크양주점,227,양주 2025_02.csv,문화관광,레저스포츠시설
양주,2025,2,2025-02,39,경기도,양주시,하나농원,224,양주 2025_02.csv,체험관광,농/산/어촌체험
양주,2025,2,2025-02,40,경기도,양주시,양주곤충박물관,220,양주 2025_02.csv,문화관광,전시시설
양주,2025,2,2025-02,41,경기도,양주시,송암스페이스센터,204,양주 2025_02.csv,기타관광,기타관광
양주,2025,2,2025-02,42,경기도,양주시,양주베이스볼파크,202,양주 2025_02.csv,문화관광,레저스포츠시설
양주,2025,2,2025-02,43,경기도,양주시,양주별산대놀이마당,198,양주 2025_02.csv,문화관광,기타문화관광지
양주,2025,2,2025-02,44,경기도,양주시,봉암저수지,194,양주 2025_02.csv,자연관광,자연경관(하천/해양)
양주,2025,2,2025-02,45,경기도,양주시,고읍축구장,188,양주 2025_02.csv,문화관광,레저스포츠시설
양주,2025,2,2025-02,46,경기도,양주시,청암민속박물관,187,양주 2025_02.csv,문화관광,전시시설
양주,2025,2,2025-02,47,경기도,양주시,원당저수지,172,양주 2025_02.csv,자연관광,자연경관(하천/해양)
양주,2025,2,2025-02,47,경기도,양주시,지장사,172,양주 2025_02.csv,역사관광,종교성지
양주,2025,2,2025-02,49,경기도,양주시,장흥생활체육공원,159,양주 2025_02.csv,문화관광,도시공원
양주,2025,2,2025-02,50,경기도,양주시,삼하낚시터,156,양주 2025_02.csv,레저스포츠,수상레저스포츠
양주,2025,2,2025-02,51,경기도,양주시,강호이앤티,155,양주 2025_02.csv,레저스포츠,기타레저스포츠
양주,2025,2,2025-02,52,경기도,양주시,신흥레저타운,154,양주 2025_02.csv,레저스포츠,기타레저스포츠
양주,2025,2,2025-02,53,경기도,양주시,옥정배수지체육공원,148,양주 2025_02.csv,문화관광,도시공원
양주,2025,2,2025-02,54,경기도,양주시,양주시청소년수련원,144,양주 2025_02.csv,레저스포츠,육상레저스포츠
양주,2025,2,2025-02,54,경기도,양주시,양주테크노풋살센터,144,양주 2025_02.csv,레저스포츠,기타레저스포츠
양주,2025,2,2025-02,54,경기도,양주시,덕계저수지,144,양주 2025_02.csv,자연관광,자연경관(하천/해양)
양주,2025,2,2025-02,57,경기도,양주시,나리농원,140,양주 2025_02.csv,체험관광,농/산/어촌체험
양주,2025,2,2025-02,58,경기도,양주시,씽씽롤러스케이트장,134,양주 2025_02.csv,레저스포츠,육상레저스포츠
양주,2025,2,2025-02,59,경기도,양주시,송추원각사,133,양주 2025_02.csv,역사관광,종교성지
양주,2025,2,2025-02,60,경기도,양주시,장흥축구장,132,양주 2025_02.csv,문화관광,레저스포츠시설
양주,2025,2,2025-02,60,경기도,양주시,VIP야구장,132,양주 2025_02.csv,문화관광,레저스포츠시설
양주,2025,2,2025-02,62,경기도,양주시,양주풋살파크제1구장,121,양주 2025_02.csv,문화관광,레저스포츠시설
양주,2025,2,2025-02,62,경기도,양주시,온릉,121,양주 2025_02.csv,역사관광,역사유적지
양주,2025,2,2025-02,64,경기도,양주시,장흥야구장,119,양주 2025_02.csv,문화관광,레저스포츠시설
양주,2025,2,2025-02,65,경기도,양주시,석굴암,107,양주 2025_02.csv,역사관광,종교성지
양주,2025,2,2025-02,66,경기도,양주시,양주관아지,106,양주 2025_02.csv,역사관광,역사유적지
양주,2025,2,2025-02,67,경기도,양주시,MBP리그,101,양주 2025_02.csv,문화관광,레저스포츠시설
양주,2025,2,2025-02,68,경기도,양주시,EP베이스볼파크,99,양주 2025_02.csv,문화관광,레저스포츠시설
양주,2025,2,2025-02,69,경기도,양주시,신산리공원,96,양주 2025_02.csv,문화관광,도시공원
양주,2025,2,2025-02,70,경기도,양주시,장흥돌고개유원지,94,양주 2025_02.csv,문화관광,복합관광시설
양주,2025,2,2025-02,71,경기도,양주시,양주시승마장,93,양주 2025_02.csv,레저스포츠,육상레저스포츠
양주,2025,2,2025-02,72,경기도,양주시,화담정사,89,양주 2025_02.csv,역사관광,종교성지
양주,2025,2,2025-02,73,경기도,양주시,송추아트밸리,85,양주 2025_02.csv,문화관광,도시공원
양주,2025,2,2025-02,74,경기도,양주시,광적생활체육공원축구장,84,양주 2025_02.csv,문화관광,레저스포츠시설
양주,2025,2,2025-02,74,경기도,양주시,대원정사,84,양주 2025_02.csv,역사관광,종교성지
양주,2025,2,2025-02,76,경기도,양주시,나비랑키즈카페,83,양주 2025_02.csv,문화관광,테마공원
양주,2025,2,2025-02,77,경기도,양주시,ND야구장,79,양주 2025_02.csv,문화관광,레저스포츠시설
양주,2025,2,2025-02,78,경기도,양주시,덕계공원,77,양주 2025_02.csv,문화관광,도시공원
양주,2025,2,2025-02,79,경기도,양주시,장자원낚시터,75,양주 2025_02.csv,레저스포츠,수상레저스포츠
양주,2025,2,2025-02,79,경기도,양주시,신천생활체육공원축구장,75,양주 2025_02.csv,문화관광,레저스포츠시설
양주,2025,2,2025-02,81,경기도,양주시,육지장사,73,양주 2025_02.csv,역사관광,종교성지
양주,2025,2,2025-02,81,경기도,양주시,연화사,73,양주 2025_02.csv,역사관광,종교성지
양주,2025,2,2025-02,83,경기도,양주시,광사낚시터,67,양주 2025_02.csv,레저스포츠,수상레저스포츠
양주,2025,2,2025-02,84,경기도,양주시,연꽃빌리지관광농원,64,양주 2025_02.csv,체험관광,농/산/어촌체험
양주,2025,2,2025-02,84,경기도,양주시,광적생활체육공원,64,양주 2025_02.csv,문화관광,도시공원
양주,2025,2,2025-02,86,경기도,양주시,은현피싱타운,63,양주 2025_02.csv,레저스포츠,수상레저스포츠
양주,2025,2,2025-02,86,경기도,양주시,공차실내풋살,63,양주 2025_02.csv,문화관광,레저스포츠시설
양주,2025,2,2025-02,88,경기도,양주시,칠봉산CC,62,양주 2025_02.csv,레저스포츠,육상레저스포츠
양주,2025,2,2025-02,89,경기도,양주시,샘내고개,61,양주 2025_02.csv,자연관광,자연경관(산)
양주,2025,2,2025-02,90,경기도,양주시,원더풀키즈수영장,60,양주 2025_02.csv,문화관광,테마공원
양주,2025,2,2025-02,91,경기도,양주시,백석생활체육공원야구장,56,양주 2025_02.csv,문화관광,레저스포츠시설
양주,2025,2,2025-02,92,경기도,양주시,남경수목원,55,양주 2025_02.csv,체험관광,농/산/어촌체험
양주,2025,2,2025-02,92,경기도,양주시,스카이야구장,55,양주 2025_02.csv,문화관광,레저스포츠시설
양주,2025,2,2025-02,94,경기도,양주시,한성승마클럽,54,양주 2025_02.csv,레저스포츠,육상레저스포츠
양주,2025,2,2025-02,94,경기도,양주시,어둔리저수지,54,양주 2025_02.csv,자연관광,자연경관(하천/해양)
양주,2025,2,2025-02,96,경기도,양주시,원각폭포,53,양주 2025_02.csv,자연관광,자연경관(산)
양주,2025,2,2025-02,97,경기도,양주시,삼숭생활체육공원,52,양주 2025_02.csv,문화관광,도시공원
양주,2025,2,2025-02,98,경기도,양주시,못말낚시터,50,양주 2025_02.csv,레저스포츠,수상레저스포츠
양주,2025,2,2025-02,99,경기도,양주시,티제이풋살파크,47,양주 2025_02.csv,레저스포츠,기타레저스포츠
양주,2025,2,2025-02,100,경기도,양주시,백석생활체육공원축구장,44,양주 2025_02.csv,문화관광,레저스포츠시설
양주,2025,2,2025-02,100,경기도,양주시,양주시티즌축구클럽,44,양주 2025_02.csv,문화관광,레저스포츠시설
양주,2025,2,2025-02,102,경기도,양주시,북한산국립공원오봉탐방지원센터,43,양주 2025_02.csv,기타관광,기타관광
양주,2025,2,2025-02,103,경기도,양주시,테니스온탑양주점,42,양주 2025_02.csv,레저스포츠,기타레저스포츠
양주,2025,2,2025-02,103,경기도,양주시,가래비빙벽장,42,양주 2025_02.csv,레저스포츠,기타레저스포츠
양주,2025,2,2025-02,105,경기도,양주시,양주시립민복진미술관,41,양주 2025_02.csv,문화관광,전시시설
양주,2025,2,2025-02,105,경기도,양주시,연곡저수지,41,양주 2025_02.csv,자연관광,자연경관(하천/해양)
양주,2025,2,2025-02,105,경기도,양주시,고려대학교송추야구장,41,양주 2025_02.csv,문화관광,레저스포츠시설
양주,2025,2,2025-02,105,경기도,양주시,북한산둘레길13구간,41,양주 2025_02.csv,레저스포츠,기타레저스포츠
양주,2025,2,2025-02,105,경기도,양주시,위바운스,41,양주 2025_02.csv,문화관광,테마공원
양주,2025,2,2025-02,110,경기도,양주시,효촌저수지,40,양주 2025_02.csv,자연관광,자연경관(하천/해양)
양주,2025,2,2025-02,110,경기도,양주시,양주시공설파크골프장,40,양주 2025_02.csv,레저스포츠,육상레저스포츠
양주,2025,2,2025-02,112,경기도,양주시,광백저수지,39,양주 2025_02.csv,자연관광,자연경관(하천/해양)
양주,2025,2,2025-02,113,경기도,양주시,클라임크루,38,양주 2025_02.csv,레저스포츠,기타레저스포츠
양주,2025,2,2025-02,113,경기도,양주시,타겟28실내양궁장,38,양주 2025_02.csv,레저스포츠,육상레저스포츠
양주,2025,2,2025-02,115,경기도,양주시,불곡산,36,양주 2025_02.csv,자연관광,자연경관(산)
양주,2025,2,2025-02,116,경기도,양주시,베이스캠프,35,양주 2025_02.csv,레저스포츠,기타레저스포츠
양주,2025,2,2025-02,116,경기도,양주시,북한산국립공원교현탐방지원센터,35,양주 2025_02.csv,기타관광,기타관광
양주,2025,2,2025-02,118,경기도,양주시,덕정시장,33,양주 2025_02.csv,쇼핑,시장
양주,2025,2,2025-02,118,경기도,양주시,양주향교,33,양주 2025_02.csv,역사관광,역사유적지
양주,2025,2,2025-02,118,경기도,양주시,한국축구센터,33,양주 2025_02.csv,문화관광,레저스포츠시설
양주,2025,2,2025-02,121,경기도,양주시,신흥레저타운스노우월드,30,양주 2025_02.csv,레저스포츠,육상레저스포츠
양주,2025,2,2025-02,121,경기도,양주시,백화암,30,양주 2025_02.csv,역사관광,종교성지
양주,2025,2,2025-02,123,경기도,양주시,양주시감동VR체험관,29,양주 2025_02.csv,레저스포츠,기타레저스포츠
양주,2025,2,2025-02,123,경기도,양주시,삼훈행복농원,29,양주 2025_02.csv,체험관광,농/산/어촌체험
양주,2025,2,2025-02,125,경기도,양주시,조소앙선생기념관,28,양주 2025_02.csv,문화관광,전시시설
양주,2025,2,2025-02,126,경기도,양주시,윤성에프앤비양주물류센터,27,양주 2025_02.csv,레저스포츠,수상레저스포츠
양주,2025,2,2025-02,126,경기도,양주시,장흥자생수목원,27,양주 2025_02.csv,자연관광,자연공원
양주,2025,2,2025-02,126,경기도,양주시,송추다보사,27,양주 2025_02.csv,역사관광,종교성지
양주,2025,2,2025-02,129,경기도,양주시,원당낚시터,25,양주 2025_02.csv,레저스포츠,수상레저스포츠
양주,2025,2,2025-02,129,경기도,양주시,엄상마을문화거리,25,양주 2025_02.csv,문화관광,테마공원
양주,2025,2,2025-02,131,경기도,양주시,아름다운비행,24,양주 2025_02.csv,문화관광,전시시설
양주,2025,2,2025-02,131,경기도,양주시,장흥조각공원,24,양주 2025_02.csv,문화관광,도시공원
양주,2025,2,2025-02,133,경기도,양주시,보타사,23,양주 2025_02.csv,역사관광,종교성지
양주,2025,2,2025-02,134,경기도,양주시,권율장군묘,22,양주 2025_02.csv,역사관광,역사유적지
양주,2025,2,2025-02,134,경기도,양주시,가나2아뜰리에,22,양주 2025_02.csv,문화관광,기타문화관광지
양주,2025,2,2025-02,136,경기도,양주시,대승사,21,양주 2025_02.csv,역사관광,종교성지
양주,2025,2,2025-02,136,경기도,양주시,금바위저수지,21,양주 2025_02.csv,자연관광,자연경관(하천/해양)
양주,2025,2,2025-02,138,경기도,양주시,양주시종합관광안내센터,20,양주 2025_02.csv,기타관광,기타관광
양주,2025,2,2025-02,139,경기도,양주시,홍죽산업단지근린공원,18,양주 2025_02.csv,문화관광,도시공원
양주,2025,2,2025-02,140,경기도,양주시,백석생활체육공원리틀야구장,17,양주 2025_02.csv,문화관광,레저스포츠시설
양주,2025,2,2025-02,140,경기도,양주시,에코야구장,17,양주 2025_02.csv,문화관광,레저스포츠시설
양주,2025,2,2025-02,140,경기도,양주시,비암사,17,양주 2025_02.csv,역사관광,종교성지
양주,2025,2,2025-02,140,경기도,양주시,디스코롤러장,17,양주 2025_02.csv,레저스포츠,육상레저스포츠
양주,2025,2,2025-02,144,경기도,양주시,보메기낚시터,16,양주 2025_02.csv,레저스포츠,수상레저스포츠
양주,2025,2,2025-02,145,경기도,양주시,송암천문대,14,양주 2025_02.csv,기타관광,기타관광
양주,2025,2,2025-02,145,경기도,양주시,노고산주말농장,14,양주 2025_02.csv,체험관광,농/산/어촌체험
양주,2025,2,2025-02,147,경기도,양주시,백석배수지생활체육공원,13,양주 2025_02.csv,문화관광,도시공원
양주,2025,2,2025-02,147,경기도,양주시,체형교정연구소바르다,13,양주 2025_02.csv,레저스포츠,기타레저스포츠
양주,2025,2,2025-02,147,경기도,양주시,가나1아뜰리에,13,양주 2025_02.csv,문화관광,기타문화관광지
양주,2025,2,2025-02,147,경기도,양주시,무키무키양주회천점,13,양주 2025_02.csv,문화관광,테마공원
양주,2025,2,2025-02,147,경기도,양주시,777레지던스,13,양주 2025_02.csv,문화관광,전시시설
양주,2025,2,2025-02,152,경기도,양주시,쿠키팜,12,양주 2025_02.csv,체험관광,공예체험
양주,2025,2,2025-02,153,경기도,양주시,신흥레저워터월드,11,양주 2025_02.csv,문화관광,테마공원
양주,2025,2,2025-02,153,경기도,양주시,봉암낚시터,11,양주 2025_02.csv,레저스포츠,수상레저스포츠
양주,2025,2,2025-02,153,경기도,양주시,해마루농원,11,양주 2025_02.csv,체험관광,농/산/어촌체험
양주,2025,2,2025-02,153,경기도,양주시,마리조아승마클럽,11,양주 2025_02.csv,레저스포츠,육상레저스포츠
양주,2025,2,2025-02,157,경기도,양주시,해유령전첩지,10,양주 2025_02.csv,역사관광,역사유적지
양주,2025,2,2025-02,157,경기도,양주시,하늘물공원,10,양주 2025_02.csv,문화관광,도시공원
양주,2025,2,2025-02,159,경기도,양주시,나리다육,9,양주 2025_02.csv,체험관광,농/산/어촌체험
양주,2025,2,2025-02,159,경기도,양주시,봉우근린공원,9,양주 2025_02.csv,문화관광,도시공원
양주,2025,2,2025-02,159,경기도,양주시,아이핑탁구클럽,9,양주 2025_02.csv,레저스포츠,기타레저스포츠
양주,2025,2,2025-02,159,경기도,양주시,나리공원물놀이장,9,양주 2025_02.csv,문화관광,테마공원
양주,2025,2,2025-02,159,경기도,양주시,점프윙스줄넘기클럽줄기차게,9,양주 2025_02.csv,레저스포츠,기타레저스포츠
양주,2025,2,2025-02,159,경기도,양주시,양주시 광적면 송구래미,9,양주 2025_02.csv,문화관광,도시/지역문화관광
양주,2025,2,2025-02,165,경기도,양주시,리틀웨일키즈풀파티룸,8,양주 2025_02.csv,문화관광,테마공원
양주,2025,2,2025-02,165,경기도,양주시,묵은저수지,8,양주 2025_02.csv,자연관광,자연경관(하천/해양)
양주,2025,2,2025-02,167,경기도,양주시,각명사,7,양주 2025_02.csv,역사관광,종교성지
양주,2025,2,2025-02,167,경기도,양주시,양주천보산림욕장,7,양주 2025_02.csv,자연관광,자연공원
양주,2025,2,2025-02,169,경기도,양주시,무아메메폴댄스,6,양주 2025_02.csv,레저스포츠,기타레저스포츠
양주,2025,2,2025-02,169,경기도,양주시,마스터풋볼클럽,6,양주 2025_02.csv,레저스포츠,기타레저스포츠
양주,2025,2,2025-02,169,경기도,양주시,송추낚시터,6,양주 2025_02.csv,레저스포츠,수상레저스포츠
양주,2025,2,2025-02,169,경기도,양주시,홍복저수지,6,양주 2025_02.csv,자연관광,자연경관(하천/해양)
양주,2025,2,2025-02,169,경기도,양주시,약사사,6,양주 2025_02.csv,역사관광,종교성지
양주,2025,2,2025-02,169,경기도,양주시,양주시 현충탑,6,양주 2025_02.csv,역사관광,역사유물
양주,2025,2,2025-02,169,경기도,양주시,양주산성야구장,6,양주 2025_02.csv,문화관광,레저스포츠시설
양주,2025,2,2025-02,169,경기도,양주시,송추로얄암반수수영장,6,양주 2025_02.csv,문화관광,테마공원
양주,2025,2,2025-02,177,경기도,양주시,양주남면의느티나무,5,양주 2025_02.csv,역사관광,역사유적지
양주,2025,2,2025-02,177,경기도,양주시,나리공원파크골프장,5,양주 2025_02.csv,레저스포츠,육상레저스포츠
양주,2025,2,2025-02,179,경기도,양주시,꽃산,4,양주 2025_02.csv,자연관광,자연경관(산)
양주,2025,2,2025-02,179,경기도,양주시,구룡사,4,양주 2025_02.csv,역사관광,종교성지
양주,2025,2,2025-02,179,경기도,양주시,용암낚시터,4,양주 2025_02.csv,레저스포츠,수상레저스포츠
양주,2025,2,2025-02,179,경기도,양주시,장흥계곡,4,양주 2025_02.csv,자연관광,자연경관(산)
양주,2025,2,2025-02,179,경기도,양주시,이수광선생묘,4,양주 2025_02.csv,역사관광,역사유적지
양주,2025,2,2025-02,179,경기도,양주시,보현사,4,양주 2025_02.csv,역사관광,종교성지
양주,2025,2,2025-02,179,경기도,양주시,사패산송추방면,4,양주 2025_02.csv,자연관광,자연경관(산)
양주,2025,2,2025-02,179,경기도,양주시,덕수레저타운,4,양주 2025_02.csv,레저스포츠,기타레저스포츠
양주,2025,2,2025-02,179,경기도,양주시,도봉산체육시설,4,양주 2025_02.csv,레저스포츠,기타레저스포츠
양주,2025,2,2025-02,179,경기도,양주시,두래농원,4,양주 2025_02.csv,체험관광,농/산/어촌체험
양주,2025,2,2025-02,179,경기도,양주시,양주고읍유도체육관,4,양주 2025_02.csv,레저스포츠,기타레저스포츠
양주,2025,2,2025-02,179,경기도,양주시,스카이워터파크,4,양주 2025_02.csv,문화관광,테마공원
양주,2025,2,2025-02,179,경기도,양주시,신상호스튜디오,4,양주 2025_02.csv,문화관광,전시시설
양주,2025,2,2025-02,192,경기도,양주시,양주울대고개순직경찰관추도비,3,양주 2025_02.csv,역사관광,역사유물
양주,2025,2,2025-02,192,경기도,양주시,제삼목장,3,양주 2025_02.csv,체험관광,농/산/어촌체험
양주,2025,2,2025-02,192,경기도,양주시,호국흥국사,3,양주 2025_02.csv,역사관광,종교성지
양주,2025,2,2025-02,192,경기도,양주시,돌탑테마공원,3,양주 2025_02.csv,문화관광,도시공원
양주,2025,2,2025-02,192,경기도,양주시,뽀로로맘앤키즈카페이마트양주점,3,양주 2025_02.csv,문화관광,테마공원
양주,2025,2,2025-02,192,경기도,양주시,금빛갤러리,3,양주 2025_02.csv,문화관광,전시시설
양주,2025,2,2025-02,192,경기도,양주시,은현낚시터,3,양주 2025_02.csv,레저스포츠,수상레저스포츠
양주,2025,2,2025-02,192,경기도,양주시,기산리유원지,3,양주 2025_02.csv,문화관광,복합관광시설
양주,2025,2,2025-02,192,경기도,양주시,MMA STORY양주점,3,양주 2025_02.csv,레저스포츠,기타레저스포츠
양주,2025,2,2025-02,192,경기도,양주시,양주산성배틀존필드,3,양주 2025_02.csv,레저스포츠,육상레저스포츠
양주,2025,2,2025-02,192,경기도,양주시,석우근린공원,3,양주 2025_02.csv,문화관광,도시공원
양주,2025,2,2025-02,192,경기도,양주시,가래비3.1운동기념공원,3,양주 2025_02.csv,문화관광,도시공원
양주,2025,2,2025-02,192,경기도,양주시,덕정제2어린이공원,3,양주 2025_02.csv,문화관광,도시공원
양주,2025,2,2025-02,192,경기도,양주시,송암사,3,양주 2025_02.csv,역사관광,종교성지
양주,2025,2,2025-02,192,경기도,양주시,오림피아수영장,3,양주 2025_02.csv,문화관광,테마공원
양주,2025,2,2025-02,192,경기도,양주시,백인걸선생묘,3,양주 2025_02.csv,역사관광,역사유적지
양주,2025,2,2025-02,192,경기도,양주시,안상철미술관,3,양주 2025_02.csv,문화관광,전시시설
양주,2025,2,2025-02,192,경기도,양주시,기원정사,3,양주 2025_02.csv,역사관광,종교성지
양주,2025,2,2025-02,192,경기도,양주시,연수농원,3,양주 2025_02.csv,체험관광,농/산/어촌체험
양주,2025,2,2025-02,192,경기도,양주시,대장금눈썰매장,3,양주 2025_02.csv,레저스포츠,육상레저스포츠
양주,2025,2,2025-02,192,경기도,양주시,양주시 백석읍 안고령,3,양주 2025_02.csv,문화관광,도시/지역문화관광
양주,2025,2,2025-02,192,경기도,양주시,연화사,3,양주 2025_02.csv,역사관광,종교성지
양주,2025,2,2025-02,192,경기도,양주시,삼수니농장,3,양주 2025_02.csv,체험관광,농/산/어촌체험
양주,2025,2,2025-02,192,경기도,양주시,장흥버섯농장,3,양주 2025_02.csv,체험관광,농/산/어촌체험
양주,2025,2,2025-02,192,경기도,양주시,일영낚시터,3,양주 2025_02.csv,레저스포츠,수상레저스포츠
양주,2025,2,2025-02,192,경기도,양주시,신산장,3,양주 2025_02.csv,쇼핑,시장
양주,2025,2,2025-02,192,경기도,양주시,북부수산시장,3,양주 2025_02.csv,쇼핑,시장
양주,2025,2,2025-02,192,경기도,양주시,효진푸드,3,양주 2025_02.csv,쇼핑,시장
양주,2025,2,2025-02,192,경기도,양주시,북한산둘레길14구간,3,양주 2025_02.csv,레저스포츠,기타레저스포츠
양주,2025,2,2025-02,192,경기도,양주시,양주골김치체험박물관,3,양주 2025_02.csv,문화관광,전시시설
양주,2025,2,2025-02,192,경기도,양주시,연이공방,3,양주 2025_02.csv,체험관광,공예체험
양주,2025,2,2025-02,192,경기도,양주시,바른자세교정운동원,3,양주 2025_02.csv,레저스포츠,기타레저스포츠
양주,2025,3,2025-03,1,경기도,양주시,LF스퀘어양주점,11706,양주 2025_03.csv,쇼핑,쇼핑몰
양주,2025,3,2025-03,2,경기도,양주시,레이크우드CC,4914,양주 2025_03.csv,레저스포츠,육상레저스포츠
양주,2025,3,2025-03,3,경기도,양주시,송추CC,2584,양주 2025_03.csv,레저스포츠,육상레저스포츠
양주,2025,3,2025-03,4,경기도,양주시,두리랜드,2170,양주 2025_03.csv,문화관광,테마공원
양주,2025,3,2025-03,5,경기도,양주시,송추계곡,1667,양주 2025_03.csv,자연관광,자연경관(산)
양주,2025,3,2025-03,6,경기도,양주시,루이힐스CC,1362,양주 2025_03.csv,레저스포츠,육상레저스포츠
양주,2025,3,2025-03,7,경기도,양주시,장흥관광지,1170,양주 2025_03.csv,문화관광,복합관광시설
양주,2025,3,2025-03,8,경기도,양주시,기산저수지,1030,양주 2025_03.csv,자연관광,자연경관(하천/해양)
양주,2025,3,2025-03,9,경기도,양주시,가래비만세시장,883,양주 2025_03.csv,쇼핑,시장
양주,2025,3,2025-03,10,경기도,양주시,송추역,778,양주 2025_03.csv,기타관광,교통시설
양주,2025,3,2025-03,11,경기도,양주시,양주시립장욱진미술관,710,양주 2025_03.csv,문화관광,전시시설
양주,2025,3,2025-03,12,경기도,양주시,백석생활체육공원,702,양주 2025_03.csv,문화관광,도시공원
양주,2025,3,2025-03,13,경기도,양주시,옥정체육공원,693,양주 2025_03.csv,문화관광,도시공원
양주,2025,3,2025-03,14,경기도,양주시,가나아트파크,672,양주 2025_03.csv,문화관광,전시시설
양주,2025,3,2025-03,15,경기도,양주시,장흥자동차극장,574,양주 2025_03.csv,문화관광,공연시설
양주,2025,3,2025-03,16,경기도,양주시,일영역,506,양주 2025_03.csv,기타관광,교통시설
양주,2025,3,2025-03,17,경기도,양주시,청련사,486,양주 2025_03.csv,역사관광,종교성지
양주,2025,3,2025-03,18,경기도,양주시,일영유원지,472,양주 2025_03.csv,문화관광,복합관광시설
양주,2025,3,2025-03,19,경기도,양주시,고덕생활체육공원,467,양주 2025_03.csv,문화관광,도시공원
양주,2025,3,2025-03,20,경기도,양주시,국립아세안자연휴양림,442,양주 2025_03.csv,자연관광,자연공원
양주,2025,3,2025-03,21,경기도,양주시,MBP리그,435,양주 2025_03.csv,문화관광,레저스포츠시설
양주,2025,3,2025-03,22,경기도,양주시,신천생활체육공원,429,양주 2025_03.csv,문화관광,도시공원
양주,2025,3,2025-03,23,경기도,양주시,헤세의정원,378,양주 2025_03.csv,문화관광,기타문화관광지
양주,2025,3,2025-03,24,경기도,양주시,양주베이스볼파크,347,양주 2025_03.csv,문화관광,레저스포츠시설
양주,2025,3,2025-03,25,경기도,양주시,딱따구리청소년수련원,342,양주 2025_03.csv,레저스포츠,육상레저스포츠
양주,2025,3,2025-03,26,경기도,양주시,TBS도봉산축구장,341,양주 2025_03.csv,문화관광,레저스포츠시설
양주,2025,3,2025-03,27,경기도,양주시,공존풋살파크양주점,339,양주 2025_03.csv,문화관광,레저스포츠시설
양주,2025,3,2025-03,28,경기도,양주시,장흥역,338,양주 2025_03.csv,기타관광,교통시설
양주,2025,3,2025-03,29,경기도,양주시,조명박물관,329,양주 2025_03.csv,문화관광,전시시설
양주,2025,3,2025-03,30,경기도,양주시,멜버른승마장,324,양주 2025_03.csv,레저스포츠,육상레저스포츠
양주,2025,3,2025-03,31,경기도,양주시,장흥야구장,312,양주 2025_03.csv,문화관광,레저스포츠시설
양주,2025,3,2025-03,32,경기도,양주시,장흥생활체육공원,305,양주 2025_03.csv,문화관광,도시공원
양주,2025,3,2025-03,33,경기도,양주시,칠봉산CC,298,양주 2025_03.csv,레저스포츠,육상레저스포츠
양주,2025,3,2025-03,34,경기도,양주시,원당저수지,296,양주 2025_03.csv,자연관광,자연경관(하천/해양)
양주,2025,3,2025-03,35,경기도,양주시,헬로방방양주점,295,양주 2025_03.csv,문화관광,테마공원
양주,2025,3,2025-03,36,경기도,양주시,스카이야구장,290,양주 2025_03.csv,문화관광,레저스포츠시설
양주,2025,3,2025-03,37,경기도,양주시,신암낚시터,278,양주 2025_03.csv,레저스포츠,수상레저스포츠
양주,2025,3,2025-03,38,경기도,양주시,양주관아지,275,양주 2025_03.csv,역사관광,역사유적지
양주,2025,3,2025-03,39,경기도,양주시,봉암저수지,274,양주 2025_03.csv,자연관광,자연경관(하천/해양)
양주,2025,3,2025-03,40,경기도,양주시,하나농원,272,양주 2025_03.csv,체험관광,농/산/어촌체험
양주,2025,3,2025-03,41,경기도,양주시,나리농원,268,양주 2025_03.csv,체험관광,농/산/어촌체험
양주,2025,3,2025-03,42,경기도,양주시,VIP야구장,267,양주 2025_03.csv,문화관광,레저스포츠시설
양주,2025,3,2025-03,43,경기도,양주시,토도,261,양주 2025_03.csv,문화관광,테마공원
양주,2025,3,2025-03,44,경기도,양주시,ND야구장,256,양주 2025_03.csv,문화관광,레저스포츠시설
양주,2025,3,2025-03,45,경기도,양주시,청암민속박물관,253,양주 2025_03.csv,문화관광,전시시설
양주,2025,3,2025-03,46,경기도,양주시,고읍축구장,249,양주 2025_03.csv,문화관광,레저스포츠시설
양주,2025,3,2025-03,47,경기도,양주시,메가박스양주,248,양주 2025_03.csv,문화관광,공연시설
양주,2025,3,2025-03,48,경기도,양주시,양주별산대놀이마당,246,양주 2025_03.csv,문화관광,기타문화관광지
양주,2025,3,2025-03,49,경기도,양주시,양주곤충박물관,244,양주 2025_03.csv,문화관광,전시시설
양주,2025,3,2025-03,49,경기도,양주시,옥정배수지체육공원,244,양주 2025_03.csv,문화관광,도시공원
양주,2025,3,2025-03,51,경기도,양주시,양주시청소년수련원,233,양주 2025_03.csv,레저스포츠,육상레저스포츠
양주,2025,3,2025-03,52,경기도,양주시,양주테크노풋살센터,228,양주 2025_03.csv,레저스포츠,기타레저스포츠
양주,2025,3,2025-03,53,경기도,양주시,양주팬텀실내풋살장,227,양주 2025_03.csv,레저스포츠,기타레저스포츠
양주,2025,3,2025-03,54,경기도,양주시,효촌저수지,223,양주 2025_03.csv,자연관광,자연경관(하천/해양)
양주,2025,3,2025-03,55,경기도,양주시,삼하낚시터,222,양주 2025_03.csv,레저스포츠,수상레저스포츠
양주,2025,3,2025-03,56,경기도,양주시,99풋살파크,217,양주 2025_03.csv,레저스포츠,기타레저스포츠
양주,2025,3,2025-03,57,경기도,양주시,EP베이스볼파크,200,양주 2025_03.csv,문화관광,레저스포츠시설
양주,2025,3,2025-03,57,경기도,양주시,옥정체육공원축구장,200,양주 2025_03.csv,문화관광,레저스포츠시설
양주,2025,3,2025-03,59,경기도,양주시,백석생활체육공원야구장,196,양주 2025_03.csv,문화관광,레저스포츠시설
양주,2025,3,2025-03,60,경기도,양주시,장흥축구장,186,양주 2025_03.csv,문화관광,레저스포츠시설
양주,2025,3,2025-03,61,경기도,양주시,지장사,183,양주 2025_03.csv,역사관광,종교성지
양주,2025,3,2025-03,62,경기도,양주시,신산리공원,179,양주 2025_03.csv,문화관광,도시공원
양주,2025,3,2025-03,63,경기도,양주시,장자원낚시터,178,양주 2025_03.csv,레저스포츠,수상레저스포츠
양주,2025,3,2025-03,64,경기도,양주시,송암스페이스센터,177,양주 2025_03.csv,기타관광,기타관광
양주,2025,3,2025-03,65,경기도,양주시,장흥돌고개유원지,175,양주 2025_03.csv,문화관광,복합관광시설
양주,2025,3,2025-03,66,경기도,양주시,어둔리저수지,169,양주 2025_03.csv,자연관광,자연경관(하천/해양)
양주,2025,3,2025-03,67,경기도,양주시,고려대학교송추야구장,161,양주 2025_03.csv,문화관광,레저스포츠시설
양주,2025,3,2025-03,67,경기도,양주시,온릉,161,양주 2025_03.csv,역사관광,역사유적지
양주,2025,3,2025-03,69,경기도,양주시,양주풋살파크제1구장,152,양주 2025_03.csv,문화관광,레저스포츠시설
양주,2025,3,2025-03,70,경기도,양주시,대원정사,147,양주 2025_03.csv,역사관광,종교성지
양주,2025,3,2025-03,71,경기도,양주시,석굴암,141,양주 2025_03.csv,역사관광,종교성지
양주,2025,3,2025-03,72,경기도,양주시,광백저수지,136,양주 2025_03.csv,자연관광,자연경관(하천/해양)
양주,2025,3,2025-03,73,경기도,양주시,육지장사,135,양주 2025_03.csv,역사관광,종교성지
양주,2025,3,2025-03,73,경기도,양주시,한성승마클럽,135,양주 2025_03.csv,레저스포츠,육상레저스포츠
양주,2025,3,2025-03,75,경기도,양주시,연꽃빌리지관광농원,133,양주 2025_03.csv,체험관광,농/산/어촌체험
양주,2025,3,2025-03,76,경기도,양주시,덕계저수지,132,양주 2025_03.csv,자연관광,자연경관(하천/해양)
양주,2025,3,2025-03,77,경기도,양주시,장흥자연휴양림,127,양주 2025_03.csv,자연관광,자연공원
양주,2025,3,2025-03,78,경기도,양주시,장흥자생수목원,119,양주 2025_03.csv,자연관광,자연공원
양주,2025,3,2025-03,79,경기도,양주시,남경수목원,111,양주 2025_03.csv,체험관광,농/산/어촌체험
양주,2025,3,2025-03,79,경기도,양주시,양주시승마장,111,양주 2025_03.csv,레저스포츠,육상레저스포츠
양주,2025,3,2025-03,81,경기도,양주시,송추낚시터,109,양주 2025_03.csv,레저스포츠,수상레저스포츠
양주,2025,3,2025-03,82,경기도,양주시,광적생활체육공원축구장,105,양주 2025_03.csv,문화관광,레저스포츠시설
양주,2025,3,2025-03,83,경기도,양주시,샘내고개,104,양주 2025_03.csv,자연관광,자연경관(산)
양주,2025,3,2025-03,84,경기도,양주시,덕계공원,100,양주 2025_03.csv,문화관광,도시공원
양주,2025,3,2025-03,85,경기도,양주시,신천생활체육공원축구장,98,양주 2025_03.csv,문화관광,레저스포츠시설
양주,2025,3,2025-03,86,경기도,양주시,원당낚시터,97,양주 2025_03.csv,레저스포츠,수상레저스포츠
양주,2025,3,2025-03,87,경기도,양주시,연화사,93,양주 2025_03.csv,역사관광,종교성지
양주,2025,3,2025-03,88,경기도,양주시,삼숭생활체육공원,85,양주 2025_03.csv,문화관광,도시공원
양주,2025,3,2025-03,89,경기도,양주시,못말낚시터,83,양주 2025_03.csv,레저스포츠,수상레저스포츠
양주,2025,3,2025-03,90,경기도,양주시,화담정사,81,양주 2025_03.csv,역사관광,종교성지
양주,2025,3,2025-03,90,경기도,양주시,송추아트밸리,81,양주 2025_03.csv,문화관광,도시공원
양주,2025,3,2025-03,90,경기도,양주시,조소앙선생기념관,81,양주 2025_03.csv,문화관광,전시시설
양주,2025,3,2025-03,93,경기도,양주시,한국축구센터,79,양주 2025_03.csv,문화관광,레저스포츠시설
양주,2025,3,2025-03,94,경기도,양주시,송추원각사,76,양주 2025_03.csv,역사관광,종교성지
양주,2025,3,2025-03,94,경기도,양주시,북한산국립공원교현탐방지원센터,76,양주 2025_03.csv,기타관광,기타관광
양주,2025,3,2025-03,96,경기도,양주시,북한산국립공원오봉탐방지원센터,73,양주 2025_03.csv,기타관광,기타관광
양주,2025,3,2025-03,97,경기도,양주시,불곡산,70,양주 2025_03.csv,자연관광,자연경관(산)
양주,2025,3,2025-03,98,경기도,양주시,연곡저수지,69,양주 2025_03.csv,자연관광,자연경관(하천/해양)
양주,2025,3,2025-03,99,경기도,양주시,광적생활체육공원,68,양주 2025_03.csv,문화관광,도시공원
양주,2025,3,2025-03,99,경기도,양주시,위바운스,68,양주 2025_03.csv,문화관광,테마공원
양주,2025,3,2025-03,101,경기도,양주시,하늘물공원,66,양주 2025_03.csv,문화관광,도시공원
양주,2025,3,2025-03,101,경기도,양주시,삼훈행복농원,66,양주 2025_03.csv,체험관광,농/산/어촌체험
양주,2025,3,2025-03,103,경기도,양주시,강호이앤티,65,양주 2025_03.csv,레저스포츠,기타레저스포츠
양주,2025,3,2025-03,103,경기도,양주시,나비랑키즈카페,65,양주 2025_03.csv,문화관광,테마공원
양주,2025,3,2025-03,105,경기도,양주시,씽씽롤러스케이트장,64,양주 2025_03.csv,레저스포츠,육상레저스포츠
양주,2025,3,2025-03,106,경기도,양주시,장흥조각공원,60,양주 2025_03.csv,문화관광,도시공원
양주,2025,3,2025-03,107,경기도,양주시,양주시립민복진미술관,59,양주 2025_03.csv,문화관광,전시시설
양주,2025,3,2025-03,108,경기도,양주시,티제이풋살파크,57,양주 2025_03.csv,레저스포츠,기타레저스포츠
양주,2025,3,2025-03,109,경기도,양주시,테니스온탑양주점,55,양주 2025_03.csv,레저스포츠,기타레저스포츠
양주,2025,3,2025-03,109,경기도,양주시,타겟28실내양궁장,55,양주 2025_03.csv,레저스포츠,육상레저스포츠
양주,2025,3,2025-03,111,경기도,양주시,백석생활체육공원축구장,54,양주 2025_03.csv,문화관광,레저스포츠시설
양주,2025,3,2025-03,112,경기도,양주시,베이스캠프,51,양주 2025_03.csv,레저스포츠,기타레저스포츠
양주,2025,3,2025-03,112,경기도,양주시,클라임크루,51,양주 2025_03.csv,레저스포츠,기타레저스포츠
양주,2025,3,2025-03,112,경기도,양주시,일영낚시터,51,양주 2025_03.csv,레저스포츠,수상레저스포츠
양주,2025,3,2025-03,112,경기도,양주시,광사낚시터,51,양주 2025_03.csv,레저스포츠,수상레저스포츠
양주,2025,3,2025-03,116,경기도,양주시,금바위저수지,50,양주 2025_03.csv,자연관광,자연경관(하천/해양)
양주,2025,3,2025-03,117,경기도,양주시,백화암,47,양주 2025_03.csv,역사관광,종교성지
양주,2025,3,2025-03,118,경기도,양주시,북한산둘레길13구간,46,양주 2025_03.csv,레저스포츠,기타레저스포츠
양주,2025,3,2025-03,119,경기도,양주시,에코야구장,42,양주 2025_03.csv,문화관광,레저스포츠시설
양주,2025,3,2025-03,120,경기도,양주시,공차실내풋살,41,양주 2025_03.csv,문화관광,레저스포츠시설
양주,2025,3,2025-03,121,경기도,양주시,양주향교,40,양주 2025_03.csv,역사관광,역사유적지
양주,2025,3,2025-03,122,경기도,양주시,마리조아승마클럽,38,양주 2025_03.csv,레저스포츠,육상레저스포츠
양주,2025,3,2025-03,123,경기도,양주시,원더풀키즈수영장,37,양주 2025_03.csv,문화관광,테마공원
양주,2025,3,2025-03,124,경기도,양주시,보메기낚시터,36,양주 2025_03.csv,레저스포츠,수상레저스포츠
양주,2025,3,2025-03,124,경기도,양주시,덕정시장,36,양주 2025_03.csv,쇼핑,시장
양주,2025,3,2025-03,126,경기도,양주시,권율장군묘,33,양주 2025_03.csv,역사관광,역사유적지
양주,2025,3,2025-03,126,경기도,양주시,양주천보산림욕장,33,양주 2025_03.csv,자연관광,자연공원
양주,2025,3,2025-03,126,경기도,양주시,엄상마을문화거리,33,양주 2025_03.csv,문화관광,테마공원
양주,2025,3,2025-03,129,경기도,양주시,백석생활체육공원리틀야구장,30,양주 2025_03.csv,문화관광,레저스포츠시설
양주,2025,3,2025-03,130,경기도,양주시,백석배수지생활체육공원,29,양주 2025_03.csv,문화관광,도시공원
양주,2025,3,2025-03,131,경기도,양주시,양주산성배틀존필드,26,양주 2025_03.csv,레저스포츠,육상레저스포츠
양주,2025,3,2025-03,131,경기도,양주시,스카이워터파크,26,양주 2025_03.csv,문화관광,테마공원
양주,2025,3,2025-03,133,경기도,양주시,용암낚시터,25,양주 2025_03.csv,레저스포츠,수상레저스포츠
양주,2025,3,2025-03,133,경기도,양주시,가래비3.1운동기념공원,25,양주 2025_03.csv,문화관광,도시공원
양주,2025,3,2025-03,135,경기도,양주시,가나1아뜰리에,24,양주 2025_03.csv,문화관광,기타문화관광지
양주,2025,3,2025-03,135,경기도,양주시,백인걸선생묘,24,양주 2025_03.csv,역사관광,역사유적지
양주,2025,3,2025-03,135,경기도,양주시,나리공원파크골프장,24,양주 2025_03.csv,레저스포츠,육상레저스포츠
양주,2025,3,2025-03,138,경기도,양주시,양주시종합관광안내센터,21,양주 2025_03.csv,기타관광,기타관광
양주,2025,3,2025-03,138,경기도,양주시,윤성에프앤비양주물류센터,21,양주 2025_03.csv,레저스포츠,수상레저스포츠
양주,2025,3,2025-03,138,경기도,양주시,홍복저수지,21,양주 2025_03.csv,자연관광,자연경관(하천/해양)
양주,2025,3,2025-03,138,경기도,양주시,송추다보사,21,양주 2025_03.csv,역사관광,종교성지
양주,2025,3,2025-03,142,경기도,양주시,은현피싱타운,20,양주 2025_03.csv,레저스포츠,수상레저스포츠
양주,2025,3,2025-03,142,경기도,양주시,아름다운비행,20,양주 2025_03.csv,문화관광,전시시설
양주,2025,3,2025-03,144,경기도,양주시,토리근린공원,19,양주 2025_03.csv,문화관광,도시공원
양주,2025,3,2025-03,144,경기도,양주시,봉암낚시터,19,양주 2025_03.csv,레저스포츠,수상레저스포츠
양주,2025,3,2025-03,146,경기도,양주시,나리공원물놀이장,18,양주 2025_03.csv,문화관광,테마공원
양주,2025,3,2025-03,146,경기도,양주시,가래비빙벽장,18,양주 2025_03.csv,레저스포츠,기타레저스포츠
양주,2025,3,2025-03,148,경기도,양주시,어둔리남방낚시터,17,양주 2025_03.csv,레저스포츠,수상레저스포츠
양주,2025,3,2025-03,148,경기도,양주시,고려대학교축구장,17,양주 2025_03.csv,문화관광,레저스포츠시설
양주,2025,3,2025-03,150,경기도,양주시,양주시감동VR체험관,16,양주 2025_03.csv,레저스포츠,기타레저스포츠
양주,2025,3,2025-03,150,경기도,양주시,백수현전통가옥,16,양주 2025_03.csv,역사관광,역사유적지
양주,2025,3,2025-03,150,경기도,양주시,동산가든낚시터,16,양주 2025_03.csv,레저스포츠,수상레저스포츠
양주,2025,3,2025-03,150,경기도,양주시,보타사,16,양주 2025_03.csv,역사관광,종교성지
양주,2025,3,2025-03,154,경기도,양주시,무키무키양주회천점,15,양주 2025_03.csv,문화관광,테마공원
양주,2025,3,2025-03,154,경기도,양주시,신흥레저타운,15,양주 2025_03.csv,레저스포츠,기타레저스포츠
양주,2025,3,2025-03,154,경기도,양주시,디스코롤러장,15,양주 2025_03.csv,레저스포츠,육상레저스포츠
양주,2025,3,2025-03,157,경기도,양주시,기산리유원지,14,양주 2025_03.csv,문화관광,복합관광시설
양주,2025,3,2025-03,157,경기도,양주시,모자농원,14,양주 2025_03.csv,체험관광,농/산/어촌체험
양주,2025,3,2025-03,157,경기도,양주시,효촌리낚시터,14,양주 2025_03.csv,레저스포츠,수상레저스포츠
양주,2025,3,2025-03,157,경기도,양주시,살구골낚시터,14,양주 2025_03.csv,레저스포츠,수상레저스포츠
양주,2025,3,2025-03,161,경기도,양주시,덕수레저타운,13,양주 2025_03.csv,레저스포츠,기타레저스포츠
양주,2025,3,2025-03,162,경기도,양주시,홍죽산업단지근린공원,12,양주 2025_03.csv,문화관광,도시공원
양주,2025,3,2025-03,162,경기도,양주시,대승사,12,양주 2025_03.csv,역사관광,종교성지
양주,2025,3,2025-03,162,경기도,양주시,양주농촌테마공원,12,양주 2025_03.csv,문화관광,도시공원
양주,2025,3,2025-03,165,경기도,양주시,나누리근린공원,11,양주 2025_03.csv,문화관광,도시공원
양주,2025,3,2025-03,165,경기도,양주시,양주시공설파크골프장,11,양주 2025_03.csv,레저스포츠,육상레저스포츠
양주,2025,3,2025-03,165,경기도,양주시,가나2아뜰리에,11,양주 2025_03.csv,문화관광,기타문화관광지
양주,2025,3,2025-03,168,경기도,양주시,모모앤던목공작업실,10,양주 2025_03.csv,체험관광,공예체험
양주,2025,3,2025-03,168,경기도,양주시,장흥계곡,10,양주 2025_03.csv,자연관광,자연경관(산)
양주,2025,3,2025-03,168,경기도,양주시,호국일월사,10,양주 2025_03.csv,역사관광,종교성지
양주,2025,3,2025-03,168,경기도,양주시,안상철미술관,10,양주 2025_03.csv,문화관광,전시시설
양주,2025,3,2025-03,168,경기도,양주시,양주대모산성,10,양주 2025_03.csv,역사관광,역사유적지
양주,2025,3,2025-03,173,경기도,양주시,리틀웨일키즈풀파티룸,9,양주 2025_03.csv,문화관광,테마공원
양주,2025,3,2025-03,173,경기도,양주시,금빛갤러리,9,양주 2025_03.csv,문화관광,전시시설
양주,2025,3,2025-03,173,경기도,양주시,나리다육,9,양주 2025_03.csv,체험관광,농/산/어촌체험
양주,2025,3,2025-03,173,경기도,양주시,양주인공암벽장,9,양주 2025_03.csv,레저스포츠,기타레저스포츠
양주,2025,3,2025-03,173,경기도,양주시,마스터풋볼클럽,9,양주 2025_03.csv,레저스포츠,기타레저스포츠
양주,2025,3,2025-03,173,경기도,양주시,양주시 현충탑,9,양주 2025_03.csv,역사관광,역사유물
양주,2025,3,2025-03,173,경기도,양주시,비암사,9,양주 2025_03.csv,역사관광,종교성지
양주,2025,3,2025-03,173,경기도,양주시,양주시티즌축구클럽,9,양주 2025_03.csv,문화관광,레저스포츠시설
양주,2025,3,2025-03,181,경기도,양주시,송암천문대,8,양주 2025_03.csv,기타관광,기타관광
양주,2025,3,2025-03,181,경기도,양주시,정절사,8,양주 2025_03.csv,역사관광,역사유물
양주,2025,3,2025-03,181,경기도,양주시,그랜드유원지,8,양주 2025_03.csv,기타관광,기타관광
양주,2025,3,2025-03,181,경기도,양주시,덕계낚시터,8,양주 2025_03.csv,레저스포츠,수상레저스포츠
양주,2025,3,2025-03,185,경기도,양주시,에스바이크,7,양주 2025_03.csv,레저스포츠,기타레저스포츠
양주,2025,3,2025-03,185,경기도,양주시,부흥사,7,양주 2025_03.csv,역사관광,종교성지
양주,2025,3,2025-03,185,경기도,양주시,각명사,7,양주 2025_03.csv,역사관광,종교성지
양주,2025,3,2025-03,185,경기도,양주시,감로사,7,양주 2025_03.csv,역사관광,종교성지
양주,2025,3,2025-03,189,경기도,양주시,체형교정연구소바르다,6,양주 2025_03.csv,레저스포츠,기타레저스포츠
양주,2025,3,2025-03,189,경기도,양주시,은현낚시터,6,양주 2025_03.csv,레저스포츠,수상레저스포츠
양주,2025,3,2025-03,189,경기도,양주시,원각폭포,6,양주 2025_03.csv,자연관광,자연경관(산)
양주,2025,3,2025-03,189,경기도,양주시,777레지던스,6,양주 2025_03.csv,문화관광,전시시설
양주,2025,3,2025-03,189,경기도,양주시,효진푸드,6,양주 2025_03.csv,쇼핑,시장
양주,2025,3,2025-03,189,경기도,양주시,동광정사,6,양주 2025_03.csv,역사관광,종교성지
양주,2025,3,2025-03,189,경기도,양주시,오상갤러리,6,양주 2025_03.csv,문화관광,전시시설
양주,2025,3,2025-03,196,경기도,양주시,신암지,5,양주 2025_03.csv,자연관광,자연경관(하천/해양)
양주,2025,3,2025-03,197,경기도,양주시,효순.미선평화공원,4,양주 2025_03.csv,문화관광,도시공원
양주,2025,3,2025-03,197,경기도,양주시,진영농장,4,양주 2025_03.csv,체험관광,농/산/어촌체험
양주,2025,3,2025-03,197,경기도,양주시,수월사,4,양주 2025_03.csv,역사관광,종교성지
양주,2025,3,2025-03,197,경기도,양주시,삼수니농장,4,양주 2025_03.csv,체험관광,농/산/어촌체험
양주,2025,3,2025-03,197,경기도,양주시,해마루농원,4,양주 2025_03.csv,체험관광,농/산/어촌체험
양주,2025,3,2025-03,197,경기도,양주시,도락산,4,양주 2025_03.csv,자연관광,자연경관(산)
양주,2025,3,2025-03,197,경기도,양주시,점프윙스줄넘기클럽줄기차게,4,양주 2025_03.csv,레저스포츠,기타레저스포츠
양주,2025,3,2025-03,204,경기도,양주시,아지트배드민턴,3,양주 2025_03.csv,레저스포츠,기타레저스포츠
양주,2025,3,2025-03,204,경기도,양주시,구룡사,3,양주 2025_03.csv,역사관광,종교성지
양주,2025,3,2025-03,204,경기도,양주시,회만농원,3,양주 2025_03.csv,체험관광,농/산/어촌체험
양주,2025,3,2025-03,204,경기도,양주시,돌탑테마공원,3,양주 2025_03.csv,문화관광,도시공원
양주,2025,3,2025-03,204,경기도,양주시,덕정소공원,3,양주 2025_03.csv,문화관광,도시공원
양주,2025,3,2025-03,204,경기도,양주시,코스박스튜디오,3,양주 2025_03.csv,체험관광,공예체험
양주,2025,3,2025-03,204,경기도,양주시,무아메메폴댄스,3,양주 2025_03.csv,레저스포츠,기타레저스포츠
양주,2025,3,2025-03,204,경기도,양주시,투혼정심관양주지부,3,양주 2025_03.csv,레저스포츠,기타레저스포츠
양주,2025,3,2025-03,204,경기도,양주시,일영워터힐,3,양주 2025_03.csv,문화관광,테마공원
양주,2025,3,2025-03,204,경기도,양주시,쿠키팜,3,양주 2025_03.csv,체험관광,공예체험
양주,2025,3,2025-03,204,경기도,양주시,병수농원,3,양주 2025_03.csv,체험관광,농/산/어촌체험
양주,2025,3,2025-03,204,경기도,양주시,석우근린공원,3,양주 2025_03.csv,문화관광,도시공원
양주,2025,3,2025-03,204,경기도,양주시,봉우근린공원,3,양주 2025_03.csv,문화관광,도시공원
양주,2025,3,2025-03,204,경기도,양주시,아이핑탁구클럽,3,양주 2025_03.csv,레저스포츠,기타레저스포츠
양주,2025,3,2025-03,204,경기도,양주시,랑기1250도자기,3,양주 2025_03.csv,체험관광,공예체험
양주,2025,3,2025-03,204,경기도,양주시,오산산들근린공원,3,양주 2025_03.csv,문화관광,도시공원
양주,2025,3,2025-03,204,경기도,양주시,도봉산,3,양주 2025_03.csv,자연관광,자연경관(산)
양주,2025,3,2025-03,204,경기도,양주시,연수농원,3,양주 2025_03.csv,체험관광,농/산/어촌체험
양주,2025,3,2025-03,204,경기도,양주시,송곡농장,3,양주 2025_03.csv,체험관광,농/산/어촌체험
양주,2025,3,2025-03,204,경기도,양주시,도하저수지,3,양주 2025_03.csv,자연관광,자연경관(하천/해양)
양주,2025,3,2025-03,204,경기도,양주시,조소앙선생기념공원,3,양주 2025_03.csv,문화관광,도시공원
양주,2025,3,2025-03,204,경기도,양주시,마하보디사,3,양주 2025_03.csv,역사관광,종교성지
양주,2025,3,2025-03,204,경기도,양주시,북한산둘레길14구간,3,양주 2025_03.csv,레저스포츠,기타레저스포츠
양주,2025,3,2025-03,204,경기도,양주시,여성봉,3,양주 2025_03.csv,자연관광,자연경관(산)
양주,2025,3,2025-03,204,경기도,양주시,천마사,3,양주 2025_03.csv,역사관광,종교성지
양주,2025,3,2025-03,204,경기도,양주시,쌍용사,3,양주 2025_03.csv,역사관광,종교성지
양주,2025,3,2025-03,204,경기도,양주시,신상호스튜디오,3,양주 2025_03.csv,문화관광,전시시설
양주,2025,3,2025-03,204,경기도,양주시,히든밸리송추,3,양주 2025_03.csv,문화관광,테마공원
양주,2025,3,2025-03,204,경기도,양주시,돌고개,3,양주 2025_03.csv,자연관광,자연경관(산)
양주,2025,4,2025-04,1,경기도,양주시,LF스퀘어양주점,10460,양주 2025_04.csv,쇼핑,쇼핑몰
양주,2025,4,2025-04,2,경기도,양주시,레이크우드CC,7230,양주 2025_04.csv,레저스포츠,육상레저스포츠
양주,2025,4,2025-04,3,경기도,양주시,송추CC,3759,양주 2025_04.csv,레저스포츠,육상레저스포츠
양주,2025,4,2025-04,4,경기도,양주시,옥정호수공원,2940,양주 2025_04.csv,문화관광,도시공원
양주,2025,4,2025-04,5,경기도,양주시,CGV양주옥정,2406,양주 2025_04.csv,문화관광,공연시설
양주,2025,4,2025-04,6,경기도,양주시,회암사지박물관,2361,양주 2025_04.csv,문화관광,전시시설
양주,2025,4,2025-04,7,경기도,양주시,송추계곡,1841,양주 2025_04.csv,자연관광,자연경관(산)
양주,2025,4,2025-04,8,경기도,양주시,루이힐스CC,1737,양주 2025_04.csv,레저스포츠,육상레저스포츠
양주,2025,4,2025-04,9,경기도,양주시,두리랜드,1492,양주 2025_04.csv,문화관광,테마공원
양주,2025,4,2025-04,10,경기도,양주시,장흥관광지,1387,양주 2025_04.csv,문화관광,복합관광시설
양주,2025,4,2025-04,11,경기도,양주시,기산저수지,1123,양주 2025_04.csv,자연관광,자연경관(하천/해양)
양주,2025,4,2025-04,12,경기도,양주시,양주시립장욱진미술관,920,양주 2025_04.csv,문화관광,전시시설
양주,2025,4,2025-04,13,경기도,양주시,옥정체육공원,830,양주 2025_04.csv,문화관광,도시공원
양주,2025,4,2025-04,14,경기도,양주시,백석생활체육공원,816,양주 2025_04.csv,문화관광,도시공원
양주,2025,4,2025-04,14,경기도,양주시,송추역,816,양주 2025_04.csv,기타관광,교통시설
양주,2025,4,2025-04,16,경기도,양주시,가래비만세시장,798,양주 2025_04.csv,쇼핑,시장
양주,2025,4,2025-04,17,경기도,양주시,회암사,684,양주 2025_04.csv,역사관광,종교성지
양주,2025,4,2025-04,18,경기도,양주시,장흥자동차극장,633,양주 2025_04.csv,문화관광,공연시설
양주,2025,4,2025-04,19,경기도,양주시,나리농원,618,양주 2025_04.csv,체험관광,농/산/어촌체험
양주,2025,4,2025-04,20,경기도,양주시,헤세의정원,598,양주 2025_04.csv,문화관광,기타문화관광지
양주,2025,4,2025-04,21,경기도,양주시,일영유원지,588,양주 2025_04.csv,문화관광,복합관광시설
양주,2025,4,2025-04,22,경기도,양주시,선돌근린공원,575,양주 2025_04.csv,문화관광,도시공원
양주,2025,4,2025-04,23,경기도,양주시,가나아트파크,542,양주 2025_04.csv,문화관광,전시시설
양주,2025,4,2025-04,23,경기도,양주시,청련사,542,양주 2025_04.csv,역사관광,종교성지
양주,2025,4,2025-04,25,경기도,양주시,장흥자생수목원,517,양주 2025_04.csv,자연관광,자연공원
양주,2025,4,2025-04,26,경기도,양주시,국립아세안자연휴양림,511,양주 2025_04.csv,자연관광,자연공원
양주,2025,4,2025-04,27,경기도,양주시,남경수목원,479,양주 2025_04.csv,체험관광,농/산/어촌체험
양주,2025,4,2025-04,28,경기도,양주시,신천생활체육공원,466,양주 2025_04.csv,문화관광,도시공원
양주,2025,4,2025-04,29,경기도,양주시,일영역,462,양주 2025_04.csv,기타관광,교통시설
양주,2025,4,2025-04,30,경기도,양주시,고덕생활체육공원,442,양주 2025_04.csv,문화관광,도시공원
양주,2025,4,2025-04,31,경기도,양주시,양주별산대놀이마당,424,양주 2025_04.csv,문화관광,기타문화관광지
양주,2025,4,2025-04,31,경기도,양주시,장흥생활체육공원,424,양주 2025_04.csv,문화관광,도시공원
양주,2025,4,2025-04,33,경기도,양주시,MBP리그,419,양주 2025_04.csv,문화관광,레저스포츠시설
양주,2025,4,2025-04,34,경기도,양주시,TBS도봉산축구장,370,양주 2025_04.csv,문화관광,레저스포츠시설
양주,2025,4,2025-04,35,경기도,양주시,딱따구리청소년수련원,353,양주 2025_04.csv,레저스포츠,육상레저스포츠
양주,2025,4,2025-04,36,경기도,양주시,메가파크양주점,349,양주 2025_04.csv,문화관광,테마공원
양주,2025,4,2025-04,36,경기도,양주시,송암스페이스센터,349,양주 2025_04.csv,기타관광,기타관광
양주,2025,4,2025-04,38,경기도,양주시,칠봉산CC,348,양주 2025_04.csv,레저스포츠,육상레저스포츠
양주,2025,4,2025-04,39,경기도,양주시,신암낚시터,347,양주 2025_04.csv,레저스포츠,수상레저스포츠
양주,2025,4,2025-04,40,경기도,양주시,원당저수지,341,양주 2025_04.csv,자연관광,자연경관(하천/해양)
양주,2025,4,2025-04,40,경기도,양주시,스카이야구장,341,양주 2025_04.csv,문화관광,레저스포츠시설
양주,2025,4,2025-04,42,경기도,양주시,한성승마클럽,337,양주 2025_04.csv,레저스포츠,육상레저스포츠
양주,2025,4,2025-04,43,경기도,양주시,장흥역,333,양주 2025_04.csv,기타관광,교통시설
양주,2025,4,2025-04,44,경기도,양주시,봉암저수지,331,양주 2025_04.csv,자연관광,자연경관(하천/해양)
양주,2025,4,2025-04,44,경기도,양주시,양주관아지,331,양주 2025_04.csv,역사관광,역사유적지
양주,2025,4,2025-04,46,경기도,양주시,멜버른승마장,328,양주 2025_04.csv,레저스포츠,육상레저스포츠
양주,2025,4,2025-04,47,경기도,양주시,조명박물관,311,양주 2025_04.csv,문화관광,전시시설
양주,2025,4,2025-04,48,경기도,양주시,옥정배수지체육공원,308,양주 2025_04.csv,문화관광,도시공원
양주,2025,4,2025-04,49,경기도,양주시,독바위공원,307,양주 2025_04.csv,문화관광,도시공원
양주,2025,4,2025-04,50,경기도,양주시,공존풋살파크양주점,298,양주 2025_04.csv,문화관광,레저스포츠시설
양주,2025,4,2025-04,51,경기도,양주시,메가박스양주,296,양주 2025_04.csv,문화관광,공연시설
양주,2025,4,2025-04,52,경기도,양주시,양주베이스볼파크,289,양주 2025_04.csv,문화관광,레저스포츠시설
양주,2025,4,2025-04,53,경기도,양주시,어둔리저수지,268,양주 2025_04.csv,자연관광,자연경관(하천/해양)
양주,2025,4,2025-04,54,경기도,양주시,베리미팜,267,양주 2025_04.csv,체험관광,농/산/어촌체험
양주,2025,4,2025-04,55,경기도,양주시,효촌저수지,261,양주 2025_04.csv,자연관광,자연경관(하천/해양)
양주,2025,4,2025-04,56,경기도,양주시,VIP야구장,255,양주 2025_04.csv,문화관광,레저스포츠시설
양주,2025,4,2025-04,57,경기도,양주시,고려대학교송추야구장,246,양주 2025_04.csv,문화관광,레저스포츠시설
양주,2025,4,2025-04,58,경기도,양주시,지장사,234,양주 2025_04.csv,역사관광,종교성지
양주,2025,4,2025-04,59,경기도,양주시,양주시승마장,230,양주 2025_04.csv,레저스포츠,육상레저스포츠
양주,2025,4,2025-04,60,경기도,양주시,매내미벚꽃길,228,양주 2025_04.csv,기타관광,기타관광
양주,2025,4,2025-04,61,경기도,양주시,나리공원파크골프장,226,양주 2025_04.csv,레저스포츠,육상레저스포츠
양주,2025,4,2025-04,62,경기도,양주시,삼하낚시터,225,양주 2025_04.csv,레저스포츠,수상레저스포츠
양주,2025,4,2025-04,63,경기도,양주시,옥정체육공원축구장,222,양주 2025_04.csv,문화관광,레저스포츠시설
양주,2025,4,2025-04,64,경기도,양주시,양주테크노풋살센터,221,양주 2025_04.csv,레저스포츠,기타레저스포츠
양주,2025,4,2025-04,65,경기도,양주시,양주시청소년수련원,218,양주 2025_04.csv,레저스포츠,육상레저스포츠
양주,2025,4,2025-04,66,경기도,양주시,청암민속박물관,217,양주 2025_04.csv,문화관광,전시시설
양주,2025,4,2025-04,67,경기도,양주시,장흥축구장,209,양주 2025_04.csv,문화관광,레저스포츠시설
양주,2025,4,2025-04,68,경기도,양주시,송추낚시터,204,양주 2025_04.csv,레저스포츠,수상레저스포츠
양주,2025,4,2025-04,68,경기도,양주시,99풋살파크,204,양주 2025_04.csv,레저스포츠,기타레저스포츠
양주,2025,4,2025-04,70,경기도,양주시,장흥야구장,198,양주 2025_04.csv,문화관광,레저스포츠시설
양주,2025,4,2025-04,71,경기도,양주시,헬로방방양주점,196,양주 2025_04.csv,문화관광,테마공원
양주,2025,4,2025-04,72,경기도,양주시,회암사지,194,양주 2025_04.csv,역사관광,역사유적지
양주,2025,4,2025-04,73,경기도,양주시,ND야구장,189,양주 2025_04.csv,문화관광,레저스포츠시설
양주,2025,4,2025-04,73,경기도,양주시,양주팬텀실내풋살장,189,양주 2025_04.csv,레저스포츠,기타레저스포츠
양주,2025,4,2025-04,75,경기도,양주시,장흥돌고개유원지,188,양주 2025_04.csv,문화관광,복합관광시설
양주,2025,4,2025-04,76,경기도,양주시,고읍축구장,184,양주 2025_04.csv,문화관광,레저스포츠시설
양주,2025,4,2025-04,77,경기도,양주시,하나농원,179,양주 2025_04.csv,체험관광,농/산/어촌체험
양주,2025,4,2025-04,78,경기도,양주시,토도,178,양주 2025_04.csv,문화관광,테마공원
양주,2025,4,2025-04,79,경기도,양주시,덕계저수지,177,양주 2025_04.csv,자연관광,자연경관(하천/해양)
양주,2025,4,2025-04,80,경기도,양주시,온릉,174,양주 2025_04.csv,역사관광,역사유적지
양주,2025,4,2025-04,81,경기도,양주시,장자원낚시터,171,양주 2025_04.csv,레저스포츠,수상레저스포츠
양주,2025,4,2025-04,82,경기도,양주시,백석생활체육공원야구장,170,양주 2025_04.csv,문화관광,레저스포츠시설
양주,2025,4,2025-04,83,경기도,양주시,석굴암,167,양주 2025_04.csv,역사관광,종교성지
양주,2025,4,2025-04,84,경기도,양주시,신산리공원,159,양주 2025_04.csv,문화관광,도시공원
양주,2025,4,2025-04,85,경기도,양주시,EP베이스볼파크,145,양주 2025_04.csv,문화관광,레저스포츠시설
양주,2025,4,2025-04,86,경기도,양주시,광백저수지,141,양주 2025_04.csv,자연관광,자연경관(하천/해양)
양주,2025,4,2025-04,87,경기도,양주시,육지장사,135,양주 2025_04.csv,역사관광,종교성지
양주,2025,4,2025-04,88,경기도,양주시,세광사,134,양주 2025_04.csv,역사관광,종교성지
양주,2025,4,2025-04,89,경기도,양주시,양주곤충박물관,132,양주 2025_04.csv,문화관광,전시시설
양주,2025,4,2025-04,90,경기도,양주시,양주풋살파크제1구장,131,양주 2025_04.csv,문화관광,레저스포츠시설
양주,2025,4,2025-04,91,경기도,양주시,롤러몬스터,128,양주 2025_04.csv,레저스포츠,기타레저스포츠
양주,2025,4,2025-04,92,경기도,양주시,조소앙선생기념관,127,양주 2025_04.csv,문화관광,전시시설
양주,2025,4,2025-04,93,경기도,양주시,삼숭생활체육공원,124,양주 2025_04.csv,문화관광,도시공원
양주,2025,4,2025-04,94,경기도,양주시,광적생활체육공원축구장,117,양주 2025_04.csv,문화관광,레저스포츠시설
양주,2025,4,2025-04,95,경기도,양주시,덕계공원,115,양주 2025_04.csv,문화관광,도시공원
양주,2025,4,2025-04,96,경기도,양주시,연꽃빌리지관광농원,112,양주 2025_04.csv,체험관광,농/산/어촌체험
양주,2025,4,2025-04,97,경기도,양주시,신천생활체육공원축구장,111,양주 2025_04.csv,문화관광,레저스포츠시설
양주,2025,4,2025-04,98,경기도,양주시,못말낚시터,106,양주 2025_04.csv,레저스포츠,수상레저스포츠
양주,2025,4,2025-04,99,경기도,양주시,대원정사,102,양주 2025_04.csv,역사관광,종교성지
양주,2025,4,2025-04,99,경기도,양주시,백석생활체육공원축구장,102,양주 2025_04.csv,문화관광,레저스포츠시설
양주,2025,4,2025-04,101,경기도,양주시,연화사,97,양주 2025_04.csv,역사관광,종교성지
양주,2025,4,2025-04,102,경기도,양주시,장흥자연휴양림,96,양주 2025_04.csv,자연관광,자연공원
양주,2025,4,2025-04,103,경기도,양주시,어썸월드양주점,90,양주 2025_04.csv,기타관광,기타관광
양주,2025,4,2025-04,103,경기도,양주시,불곡산,90,양주 2025_04.csv,자연관광,자연경관(산)
양주,2025,4,2025-04,103,경기도,양주시,금바위저수지,90,양주 2025_04.csv,자연관광,자연경관(하천/해양)
양주,2025,4,2025-04,106,경기도,양주시,원실내바다낚시터양주점,89,양주 2025_04.csv,레저스포츠,수상레저스포츠
양주,2025,4,2025-04,107,경기도,양주시,고고롤러장옥정점,85,양주 2025_04.csv,레저스포츠,육상레저스포츠
양주,2025,4,2025-04,108,경기도,양주시,원당낚시터,84,양주 2025_04.csv,레저스포츠,수상레저스포츠
양주,2025,4,2025-04,109,경기도,양주시,서오조경,83,양주 2025_04.csv,체험관광,농/산/어촌체험
양주,2025,4,2025-04,109,경기도,양주시,더바이브클라이밍,83,양주 2025_04.csv,레저스포츠,기타레저스포츠
양주,2025,4,2025-04,109,경기도,양주시,장흥조각공원,83,양주 2025_04.csv,문화관광,도시공원
양주,2025,4,2025-04,112,경기도,양주시,연곡저수지,81,양주 2025_04.csv,자연관광,자연경관(하천/해양)
양주,2025,4,2025-04,112,경기도,양주시,북한산국립공원오봉탐방지원센터,81,양주 2025_04.csv,기타관광,기타관광
양주,2025,4,2025-04,114,경기도,양주시,베베앙쥬베이비카페옥정점,79,양주 2025_04.csv,문화관광,테마공원
양주,2025,4,2025-04,115,경기도,양주시,신흥레저타운,78,양주 2025_04.csv,레저스포츠,기타레저스포츠
양주,2025,4,2025-04,116,경기도,양주시,클라임크루,77,양주 2025_04.csv,레저스포츠,기타레저스포츠
양주,2025,4,2025-04,117,경기도,양주시,화담정사,75,양주 2025_04.csv,역사관광,종교성지
양주,2025,4,2025-04,118,경기도,양주시,송추아트밸리,73,양주 2025_04.csv,문화관광,도시공원
양주,2025,4,2025-04,119,경기도,양주시,광사낚시터,72,양주 2025_04.csv,레저스포츠,수상레저스포츠
양주,2025,4,2025-04,120,경기도,양주시,한국축구센터,69,양주 2025_04.csv,문화관광,레저스포츠시설
양주,2025,4,2025-04,121,경기도,양주시,양주시공설파크골프장,67,양주 2025_04.csv,레저스포츠,육상레저스포츠
양주,2025,4,2025-04,121,경기도,양주시,나비랑키즈카페,67,양주 2025_04.csv,문화관광,테마공원
양주,2025,4,2025-04,123,경기도,양주시,백화암,66,양주 2025_04.csv,역사관광,종교성지
양주,2025,4,2025-04,124,경기도,양주시,하늘물공원,64,양주 2025_04.csv,문화관광,도시공원
양주,2025,4,2025-04,125,경기도,양주시,북한산국립공원교현탐방지원센터,60,양주 2025_04.csv,기타관광,기타관광
양주,2025,4,2025-04,126,경기도,양주시,안상철미술관,59,양주 2025_04.csv,문화관광,전시시설
양주,2025,4,2025-04,127,경기도,양주시,그랜드유원지,57,양주 2025_04.csv,기타관광,기타관광
양주,2025,4,2025-04,127,경기도,양주시,마리조아승마클럽,57,양주 2025_04.csv,레저스포츠,육상레저스포츠
양주,2025,4,2025-04,129,경기도,양주시,대승사,54,양주 2025_04.csv,역사관광,종교성지
양주,2025,4,2025-04,129,경기도,양주시,원더풀키즈수영장,54,양주 2025_04.csv,문화관광,테마공원
양주,2025,4,2025-04,129,경기도,양주시,샘내고개,54,양주 2025_04.csv,자연관광,자연경관(산)
양주,2025,4,2025-04,132,경기도,양주시,테니스온탑양주점,53,양주 2025_04.csv,레저스포츠,기타레저스포츠
양주,2025,4,2025-04,132,경기도,양주시,타겟28실내양궁장,53,양주 2025_04.csv,레저스포츠,육상레저스포츠
양주,2025,4,2025-04,134,경기도,양주시,양주시립민복진미술관,52,양주 2025_04.csv,문화관광,전시시설
양주,2025,4,2025-04,135,경기도,양주시,위바운스,49,양주 2025_04.csv,문화관광,테마공원
양주,2025,4,2025-04,136,경기도,양주시,백석배수지생활체육공원,47,양주 2025_04.csv,문화관광,도시공원
양주,2025,4,2025-04,137,경기도,양주시,무호정,45,양주 2025_04.csv,레저스포츠,육상레저스포츠
양주,2025,4,2025-04,137,경기도,양주시,삼훈행복농원,45,양주 2025_04.csv,체험관광,농/산/어촌체험
양주,2025,4,2025-04,139,경기도,양주시,양주향교,44,양주 2025_04.csv,역사관광,역사유적지
양주,2025,4,2025-04,140,경기도,양주시,강호이앤티,43,양주 2025_04.csv,레저스포츠,기타레저스포츠
양주,2025,4,2025-04,140,경기도,양주시,홍복저수지,43,양주 2025_04.csv,자연관광,자연경관(하천/해양)
양주,2025,4,2025-04,142,경기도,양주시,티제이풋살파크,41,양주 2025_04.csv,레저스포츠,기타레저스포츠
양주,2025,4,2025-04,142,경기도,양주시,가나2아뜰리에,41,양주 2025_04.csv,문화관광,기타문화관광지
양주,2025,4,2025-04,144,경기도,양주시,아름다운비행,40,양주 2025_04.csv,문화관광,전시시설
양주,2025,4,2025-04,145,경기도,양주시,장흥계곡,39,양주 2025_04.csv,자연관광,자연경관(산)
양주,2025,4,2025-04,146,경기도,양주시,덕정시장,38,양주 2025_04.csv,쇼핑,시장
양주,2025,4,2025-04,147,경기도,양주시,CQB LAB,37,양주 2025_04.csv,레저스포츠,육상레저스포츠
양주,2025,4,2025-04,148,경기도,양주시,백인걸선생묘,36,양주 2025_04.csv,역사관광,역사유적지
양주,2025,4,2025-04,148,경기도,양주시,에코야구장,36,양주 2025_04.csv,문화관광,레저스포츠시설
양주,2025,4,2025-04,150,경기도,양주시,송추원각사,35,양주 2025_04.csv,역사관광,종교성지
양주,2025,4,2025-04,151,경기도,양주시,키즈멧,33,양주 2025_04.csv,문화관광,테마공원
양주,2025,4,2025-04,151,경기도,양주시,덕수레저타운,33,양주 2025_04.csv,레저스포츠,기타레저스포츠
양주,2025,4,2025-04,153,경기도,양주시,홍죽산업단지근린공원,32,양주 2025_04.csv,문화관광,도시공원
양주,2025,4,2025-04,153,경기도,양주시,하얀돌마을정원,32,양주 2025_04.csv,문화관광,도시공원
양주,2025,4,2025-04,153,경기도,양주시,효촌리낚시터,32,양주 2025_04.csv,레저스포츠,수상레저스포츠
양주,2025,4,2025-04,156,경기도,양주시,나리공원물놀이장,31,양주 2025_04.csv,문화관광,테마공원
양주,2025,4,2025-04,156,경기도,양주시,살구골낚시터,31,양주 2025_04.csv,레저스포츠,수상레저스포츠
양주,2025,4,2025-04,158,경기도,양주시,은현피싱타운,30,양주 2025_04.csv,레저스포츠,수상레저스포츠
양주,2025,4,2025-04,158,경기도,양주시,송추다보사,30,양주 2025_04.csv,역사관광,종교성지
양주,2025,4,2025-04,160,경기도,양주시,용암낚시터,29,양주 2025_04.csv,레저스포츠,수상레저스포츠
양주,2025,4,2025-04,160,경기도,양주시,권율장군묘,29,양주 2025_04.csv,역사관광,역사유적지
양주,2025,4,2025-04,160,경기도,양주시,엄상마을문화거리,29,양주 2025_04.csv,문화관광,테마공원
양주,2025,4,2025-04,163,경기도,양주시,옥정생태숲공원,28,양주 2025_04.csv,문화관광,도시공원
양주,2025,4,2025-04,164,경기도,양주시,어둔리남방낚시터,27,양주 2025_04.csv,레저스포츠,수상레저스포츠
양주,2025,4,2025-04,164,경기도,양주시,가래비빙벽장,27,양주 2025_04.csv,레저스포츠,기타레저스포츠
양주,2025,4,2025-04,166,경기도,양주시,일영낚시터,26,양주 2025_04.csv,레저스포츠,수상레저스포츠
양주,2025,4,2025-04,166,경기도,양주시,노고산주말농장,26,양주 2025_04.csv,체험관광,농/산/어촌체험
양주,2025,4,2025-04,168,경기도,양주시,꿈을그리다,25,양주 2025_04.csv,문화관광,테마공원
양주,2025,4,2025-04,168,경기도,양주시,양주시종합관광안내센터,25,양주 2025_04.csv,기타관광,기타관광
양주,2025,4,2025-04,168,경기도,양주시,양주천보산림욕장,25,양주 2025_04.csv,자연관광,자연공원
양주,2025,4,2025-04,168,경기도,양주시,프레리키즈카페양주옥정점,25,양주 2025_04.csv,문화관광,테마공원
양주,2025,4,2025-04,172,경기도,양주시,777레지던스,24,양주 2025_04.csv,문화관광,전시시설
양주,2025,4,2025-04,173,경기도,양주시,씽씽롤러스케이트장,23,양주 2025_04.csv,레저스포츠,육상레저스포츠
양주,2025,4,2025-04,173,경기도,양주시,칠봉산낚시터,23,양주 2025_04.csv,레저스포츠,수상레저스포츠
양주,2025,4,2025-04,173,경기도,양주시,북한산둘레길13구간,23,양주 2025_04.csv,레저스포츠,기타레저스포츠
양주,2025,4,2025-04,173,경기도,양주시,스마트시티복합센터,23,양주 2025_04.csv,문화관광,기타문화관광지
양주,2025,4,2025-04,177,경기도,양주시,고려대학교축구장,22,양주 2025_04.csv,문화관광,레저스포츠시설
양주,2025,4,2025-04,178,경기도,양주시,송암천문대,21,양주 2025_04.csv,기타관광,기타관광
양주,2025,4,2025-04,178,경기도,양주시,윤성에프앤비양주물류센터,21,양주 2025_04.csv,레저스포츠,수상레저스포츠
양주,2025,4,2025-04,178,경기도,양주시,광적생활체육공원,21,양주 2025_04.csv,문화관광,도시공원
양주,2025,4,2025-04,181,경기도,양주시,일영워터힐,20,양주 2025_04.csv,문화관광,테마공원
양주,2025,4,2025-04,181,경기도,양주시,공차실내풋살,20,양주 2025_04.csv,문화관광,레저스포츠시설
양주,2025,4,2025-04,183,경기도,양주시,은현낚시터,19,양주 2025_04.csv,레저스포츠,수상레저스포츠
양주,2025,4,2025-04,183,경기도,양주시,양주시스마트그린포트,19,양주 2025_04.csv,문화관광,기타문화관광지
양주,2025,4,2025-04,183,경기도,양주시,양주시 현충탑,19,양주 2025_04.csv,역사관광,역사유물
양주,2025,4,2025-04,186,경기도,양주시,덕계낚시터,18,양주 2025_04.csv,레저스포츠,수상레저스포츠
양주,2025,4,2025-04,186,경기도,양주시,양주회암사지왕실축제,18,양주 2025_04.csv,문화관광,기타문화관광지
양주,2025,4,2025-04,188,경기도,양주시,베이스캠프,17,양주 2025_04.csv,레저스포츠,기타레저스포츠
양주,2025,4,2025-04,188,경기도,양주시,더넘버스필드,17,양주 2025_04.csv,문화관광,레저스포츠시설
양주,2025,4,2025-04,190,경기도,양주시,효순.미선평화공원,16,양주 2025_04.csv,문화관광,도시공원
양주,2025,4,2025-04,190,경기도,양주시,가나1아뜰리에,16,양주 2025_04.csv,문화관광,기타문화관광지
양주,2025,4,2025-04,190,경기도,양주시,기산리유원지,16,양주 2025_04.csv,문화관광,복합관광시설
양주,2025,4,2025-04,190,경기도,양주시,훈이네농원,16,양주 2025_04.csv,체험관광,농/산/어촌체험
양주,2025,4,2025-04,190,경기도,양주시,홍법사,16,양주 2025_04.csv,역사관광,종교성지
양주,2025,4,2025-04,195,경기도,양주시,칠봉산천보터널방면,15,양주 2025_04.csv,자연관광,자연경관(산)
양주,2025,4,2025-04,196,경기도,양주시,샌드라이빙양주옥정점,14,양주 2025_04.csv,문화관광,테마공원
양주,2025,4,2025-04,196,경기도,양주시,오산산들근린공원,14,양주 2025_04.csv,문화관광,도시공원
양주,2025,4,2025-04,196,경기도,양주시,해유령전첩지,14,양주 2025_04.csv,역사관광,역사유적지
양주,2025,4,2025-04,196,경기도,양주시,동산가든낚시터,14,양주 2025_04.csv,레저스포츠,수상레저스포츠
양주,2025,4,2025-04,196,경기도,양주시,백석생활체육공원리틀야구장,14,양주 2025_04.csv,문화관광,레저스포츠시설
양주,2025,4,2025-04,201,경기도,양주시,양주산성배틀존필드,13,양주 2025_04.csv,레저스포츠,육상레저스포츠
양주,2025,4,2025-04,201,경기도,양주시,봉암낚시터,13,양주 2025_04.csv,레저스포츠,수상레저스포츠
양주,2025,4,2025-04,201,경기도,양주시,양주시티즌축구클럽,13,양주 2025_04.csv,문화관광,레저스포츠시설
양주,2025,4,2025-04,204,경기도,양주시,신흥레저워터월드,12,양주 2025_04.csv,문화관광,테마공원
양주,2025,4,2025-04,204,경기도,양주시,우리끼리 키즈카페 스포츠마을양주옥정점,12,양주 2025_04.csv,문화관광,테마공원
양주,2025,4,2025-04,204,경기도,양주시,죽산안씨연창위종가,12,양주 2025_04.csv,역사관광,역사유적지
양주,2025,4,2025-04,207,경기도,양주시,덕정소공원,11,양주 2025_04.csv,문화관광,도시공원
양주,2025,4,2025-04,207,경기도,양주시,나리다육,11,양주 2025_04.csv,체험관광,농/산/어촌체험
양주,2025,4,2025-04,207,경기도,양주시,보메기낚시터,11,양주 2025_04.csv,레저스포츠,수상레저스포츠
양주,2025,4,2025-04,207,경기도,양주시,양주남면의느티나무,11,양주 2025_04.csv,역사관광,역사유적지
양주,2025,4,2025-04,207,경기도,양주시,부부관광농원,11,양주 2025_04.csv,체험관광,농/산/어촌체험
양주,2025,4,2025-04,207,경기도,양주시,동광정사,11,양주 2025_04.csv,역사관광,종교성지
양주,2025,4,2025-04,207,경기도,양주시,스카이워터파크,11,양주 2025_04.csv,문화관광,테마공원
양주,2025,4,2025-04,214,경기도,양주시,나누리근린공원,10,양주 2025_04.csv,문화관광,도시공원
양주,2025,4,2025-04,214,경기도,양주시,장림고개,10,양주 2025_04.csv,자연관광,자연경관(산)
양주,2025,4,2025-04,214,경기도,양주시,양주혁신리빙랩센터,10,양주 2025_04.csv,문화관광,기타문화관광지
양주,2025,4,2025-04,214,경기도,양주시,약사사,10,양주 2025_04.csv,역사관광,종교성지
양주,2025,4,2025-04,214,경기도,양주시,디스코롤러장,10,양주 2025_04.csv,레저스포츠,육상레저스포츠
양주,2025,4,2025-04,219,경기도,양주시,양주아트밸리눈썰매장,9,양주 2025_04.csv,레저스포츠,육상레저스포츠
양주,2025,4,2025-04,220,경기도,양주시,신암지,8,양주 2025_04.csv,자연관광,자연경관(하천/해양)
양주,2025,4,2025-04,220,경기도,양주시,모자농원,8,양주 2025_04.csv,체험관광,농/산/어촌체험
양주,2025,4,2025-04,220,경기도,양주시,여성봉,8,양주 2025_04.csv,자연관광,자연경관(산)
양주,2025,4,2025-04,220,경기도,양주시,쌍용사,8,양주 2025_04.csv,역사관광,종교성지
양주,2025,4,2025-04,224,경기도,양주시,진영농장,7,양주 2025_04.csv,체험관광,농/산/어촌체험
양주,2025,4,2025-04,224,경기도,양주시,수월사,7,양주 2025_04.csv,역사관광,종교성지
양주,2025,4,2025-04,224,경기도,양주시,각명사,7,양주 2025_04.csv,역사관광,종교성지
양주,2025,4,2025-04,227,경기도,양주시,양주풋살파크제2구장,6,양주 2025_04.csv,레저스포츠,기타레저스포츠
양주,2025,4,2025-04,227,경기도,양주시,뽀로로맘앤키즈카페이마트양주점,6,양주 2025_04.csv,문화관광,테마공원
양주,2025,4,2025-04,227,경기도,양주시,다은공방,6,양주 2025_04.csv,체험관광,공예체험
양주,2025,4,2025-04,227,경기도,양주시,고읍제6어린이공원,6,양주 2025_04.csv,문화관광,도시공원
양주,2025,4,2025-04,227,경기도,양주시,WJ복싱클럽옥정점,6,양주 2025_04.csv,레저스포츠,기타레저스포츠
양주,2025,4,2025-04,227,경기도,양주시,봉우근린공원,6,양주 2025_04.csv,문화관광,도시공원
양주,2025,4,2025-04,227,경기도,양주시,사패산송추방면,6,양주 2025_04.csv,자연관광,자연경관(산)
양주,2025,4,2025-04,227,경기도,양주시,양주골김치체험박물관,6,양주 2025_04.csv,문화관광,전시시설
양주,2025,4,2025-04,227,경기도,양주시,보타사,6,양주 2025_04.csv,역사관광,종교성지
양주,2025,4,2025-04,236,경기도,양주시,독바위공원인라인스케이트장,5,양주 2025_04.csv,레저스포츠,기타레저스포츠
양주,2025,4,2025-04,236,경기도,양주시,원주목장,5,양주 2025_04.csv,체험관광,농/산/어촌체험
양주,2025,4,2025-04,236,경기도,양주시,모모앤던목공작업실,5,양주 2025_04.csv,체험관광,공예체험
양주,2025,4,2025-04,236,경기도,양주시,호국일월사,5,양주 2025_04.csv,역사관광,종교성지
양주,2025,4,2025-04,236,경기도,양주시,마스터풋볼클럽,5,양주 2025_04.csv,레저스포츠,기타레저스포츠
양주,2025,4,2025-04,236,경기도,양주시,양주농촌테마공원,5,양주 2025_04.csv,문화관광,도시공원
양주,2025,4,2025-04,242,경기도,양주시,토리근린공원,4,양주 2025_04.csv,문화관광,도시공원
양주,2025,4,2025-04,242,경기도,양주시,석우근린공원,4,양주 2025_04.csv,문화관광,도시공원
양주,2025,4,2025-04,242,경기도,양주시,양주시감동VR체험관,4,양주 2025_04.csv,레저스포츠,기타레저스포츠
양주,2025,4,2025-04,242,경기도,양주시,아이핑탁구클럽,4,양주 2025_04.csv,레저스포츠,기타레저스포츠
양주,2025,4,2025-04,242,경기도,양주시,오림피아수영장,4,양주 2025_04.csv,문화관광,테마공원
양주,2025,4,2025-04,242,경기도,양주시,백수현전통가옥,4,양주 2025_04.csv,역사관광,역사유적지
양주,2025,4,2025-04,248,경기도,양주시,양주울대고개순직경찰관추도비,3,양주 2025_04.csv,역사관광,역사유물
양주,2025,4,2025-04,248,경기도,양주시,호명농장,3,양주 2025_04.csv,체험관광,농/산/어촌체험
양주,2025,4,2025-04,248,경기도,양주시,청산버섯농장,3,양주 2025_04.csv,체험관광,농/산/어촌체험
양주,2025,4,2025-04,248,경기도,양주시,호국흥국사,3,양주 2025_04.csv,역사관광,종교성지
양주,2025,4,2025-04,248,경기도,양주시,천봉나전칠기체험관,3,양주 2025_04.csv,문화관광,기타문화관광지
양주,2025,4,2025-04,248,경기도,양주시,리틀웨일키즈풀파티룸,3,양주 2025_04.csv,문화관광,테마공원
양주,2025,4,2025-04,248,경기도,양주시,사명복싱한양3차신도점,3,양주 2025_04.csv,레저스포츠,기타레저스포츠
양주,2025,4,2025-04,248,경기도,양주시,앤식깡,3,양주 2025_04.csv,체험관광,농/산/어촌체험
양주,2025,4,2025-04,248,경기도,양주시,병수농원,3,양주 2025_04.csv,체험관광,농/산/어촌체험
양주,2025,4,2025-04,248,경기도,양주시,양주인공암벽장,3,양주 2025_04.csv,레저스포츠,기타레저스포츠
양주,2025,4,2025-04,248,경기도,양주시,꿀잼키즈룸양주옥정점,3,양주 2025_04.csv,문화관광,테마공원
양주,2025,4,2025-04,248,경기도,양주시,비암재,3,양주 2025_04.csv,역사관광,역사유적지
양주,2025,4,2025-04,248,경기도,양주시,아이키친양주점,3,양주 2025_04.csv,문화관광,테마공원
양주,2025,4,2025-04,248,경기도,양주시,가래비어린이공원,3,양주 2025_04.csv,문화관광,도시공원
양주,2025,4,2025-04,248,경기도,양주시,사명복싱옥정중앙점,3,양주 2025_04.csv,레저스포츠,기타레저스포츠
양주,2025,4,2025-04,248,경기도,양주시,몽키즈클라이밍양주옥정점,3,양주 2025_04.csv,레저스포츠,기타레저스포츠
양주,2025,4,2025-04,248,경기도,양주시,선돌근린공원물놀이터,3,양주 2025_04.csv,문화관광,테마공원
양주,2025,4,2025-04,248,경기도,양주시,솔빛농원,3,양주 2025_04.csv,체험관광,농/산/어촌체험
양주,2025,4,2025-04,248,경기도,양주시,디프트,3,양주 2025_04.csv,체험관광,공예체험
양주,2025,4,2025-04,248,경기도,양주시,이수광선생묘,3,양주 2025_04.csv,역사관광,역사유적지
양주,2025,4,2025-04,248,경기도,양주시,회암고개,3,양주 2025_04.csv,자연관광,자연경관(산)
양주,2025,4,2025-04,248,경기도,양주시,양주대모산성,3,양주 2025_04.csv,역사관광,역사유적지
양주,2025,4,2025-04,248,경기도,양주시,대장금눈썰매장,3,양주 2025_04.csv,레저스포츠,육상레저스포츠
양주,2025,4,2025-04,248,경기도,양주시,정겨운농장,3,양주 2025_04.csv,체험관광,농/산/어촌체험
양주,2025,4,2025-04,248,경기도,양주시,장흥한옥수영장,3,양주 2025_04.csv,문화관광,테마공원
양주,2025,4,2025-04,248,경기도,양주시,양주시립장욱진미술관통합매표소,3,양주 2025_04.csv,문화관광,복합관광시설
양주,2025,4,2025-04,248,경기도,양주시,도하저수지,3,양주 2025_04.csv,자연관광,자연경관(하천/해양)
양주,2025,4,2025-04,248,경기도,양주시,삼수니농장,3,양주 2025_04.csv,체험관광,농/산/어촌체험
양주,2025,4,2025-04,248,경기도,양주시,신산장,3,양주 2025_04.csv,쇼핑,시장
양주,2025,4,2025-04,248,경기도,양주시,효진푸드,3,양주 2025_04.csv,쇼핑,시장
양주,2025,4,2025-04,248,경기도,양주시,일영랜드수영장,3,양주 2025_04.csv,문화관광,테마공원
양주,2025,4,2025-04,248,경기도,양주시,해마루농원,3,양주 2025_04.csv,체험관광,농/산/어촌체험
양주,2025,4,2025-04,248,경기도,양주시,도락산,3,양주 2025_04.csv,자연관광,자연경관(산)
양주,2025,4,2025-04,248,경기도,양주시,후평공원,3,양주 2025_04.csv,문화관광,도시공원
양주,2025,4,2025-04,248,경기도,양주시,영풍농장,3,양주 2025_04.csv,체험관광,농/산/어촌체험
양주,2025,4,2025-04,248,경기도,양주시,흥덕사,3,양주 2025_04.csv,역사관광,종교성지
양주,2025,4,2025-04,248,경기도,양주시,양주농원,3,양주 2025_04.csv,체험관광,농/산/어촌체험
양주,2025,4,2025-04,248,경기도,양주시,신상호스튜디오,3,양주 2025_04.csv,문화관광,전시시설
양주,2025,4,2025-04,248,경기도,양주시,돌고개,3,양주 2025_04.csv,자연관광,자연경관(산)
양주,2025,4,2025-04,248,경기도,양주시,오상갤러리,3,양주 2025_04.csv,문화관광,전시시설
양주,2025,5,2025-05,1,경기도,양주시,LF스퀘어양주점,11619,양주 2025_05.csv,쇼핑,쇼핑몰
양주,2025,5,2025-05,2,경기도,양주시,레이크우드CC,8922,양주 2025_05.csv,레저스포츠,육상레저스포츠
양주,2025,5,2025-05,3,경기도,양주시,송추CC,4082,양주 2025_05.csv,레저스포츠,육상레저스포츠
양주,2025,5,2025-05,4,경기도,양주시,옥정호수공원,3357,양주 2025_05.csv,문화관광,도시공원
양주,2025,5,2025-05,5,경기도,양주시,CGV양주옥정,2784,양주 2025_05.csv,문화관광,공연시설
양주,2025,5,2025-05,6,경기도,양주시,회암사지박물관,2767,양주 2025_05.csv,문화관광,전시시설
양주,2025,5,2025-05,7,경기도,양주시,송추계곡,2481,양주 2025_05.csv,자연관광,자연경관(산)
양주,2025,5,2025-05,8,경기도,양주시,두리랜드,2245,양주 2025_05.csv,문화관광,테마공원
양주,2025,5,2025-05,9,경기도,양주시,루이힐스CC,1787,양주 2025_05.csv,레저스포츠,육상레저스포츠
양주,2025,5,2025-05,10,경기도,양주시,장흥관광지,1590,양주 2025_05.csv,문화관광,복합관광시설
양주,2025,5,2025-05,11,경기도,양주시,나리농원,1508,양주 2025_05.csv,체험관광,농/산/어촌체험
양주,2025,5,2025-05,12,경기도,양주시,기산저수지,1293,양주 2025_05.csv,자연관광,자연경관(하천/해양)
양주,2025,5,2025-05,13,경기도,양주시,옥정체육공원,1135,양주 2025_05.csv,문화관광,도시공원
양주,2025,5,2025-05,14,경기도,양주시,가나아트파크,1084,양주 2025_05.csv,문화관광,전시시설
양주,2025,5,2025-05,15,경기도,양주시,백석생활체육공원,1009,양주 2025_05.csv,문화관광,도시공원
양주,2025,5,2025-05,16,경기도,양주시,장흥자생수목원,964,양주 2025_05.csv,자연관광,자연공원
양주,2025,5,2025-05,17,경기도,양주시,양주시립장욱진미술관,960,양주 2025_05.csv,문화관광,전시시설
양주,2025,5,2025-05,18,경기도,양주시,헤세의정원,893,양주 2025_05.csv,문화관광,기타문화관광지
양주,2025,5,2025-05,19,경기도,양주시,송추역,880,양주 2025_05.csv,기타관광,교통시설
양주,2025,5,2025-05,20,경기도,양주시,회암사,879,양주 2025_05.csv,역사관광,종교성지
양주,2025,5,2025-05,21,경기도,양주시,청련사,862,양주 2025_05.csv,역사관광,종교성지
양주,2025,5,2025-05,22,경기도,양주시,선돌근린공원,850,양주 2025_05.csv,문화관광,도시공원
양주,2025,5,2025-05,23,경기도,양주시,가래비만세시장,808,양주 2025_05.csv,쇼핑,시장
양주,2025,5,2025-05,24,경기도,양주시,일영유원지,716,양주 2025_05.csv,문화관광,복합관광시설
양주,2025,5,2025-05,25,경기도,양주시,국립아세안자연휴양림,708,양주 2025_05.csv,자연관광,자연공원
양주,2025,5,2025-05,26,경기도,양주시,장흥자동차극장,700,양주 2025_05.csv,문화관광,공연시설
양주,2025,5,2025-05,27,경기도,양주시,양주관아지,663,양주 2025_05.csv,역사관광,역사유적지
양주,2025,5,2025-05,28,경기도,양주시,양주별산대놀이마당,489,양주 2025_05.csv,문화관광,기타문화관광지
양주,2025,5,2025-05,29,경기도,양주시,원당저수지,482,양주 2025_05.csv,자연관광,자연경관(하천/해양)
양주,2025,5,2025-05,30,경기도,양주시,어썸월드양주점,479,양주 2025_05.csv,기타관광,기타관광
양주,2025,5,2025-05,30,경기도,양주시,일영역,479,양주 2025_05.csv,기타관광,교통시설
양주,2025,5,2025-05,32,경기도,양주시,한성승마클럽,472,양주 2025_05.csv,레저스포츠,육상레저스포츠
양주,2025,5,2025-05,33,경기도,양주시,고덕생활체육공원,443,양주 2025_05.csv,문화관광,도시공원
양주,2025,5,2025-05,34,경기도,양주시,멜버른승마장,439,양주 2025_05.csv,레저스포츠,육상레저스포츠
양주,2025,5,2025-05,35,경기도,양주시,봉암저수지,429,양주 2025_05.csv,자연관광,자연경관(하천/해양)
양주,2025,5,2025-05,36,경기도,양주시,MBP리그,425,양주 2025_05.csv,문화관광,레저스포츠시설
양주,2025,5,2025-05,36,경기도,양주시,신천생활체육공원,425,양주 2025_05.csv,문화관광,도시공원
양주,2025,5,2025-05,38,경기도,양주시,남경수목원,420,양주 2025_05.csv,체험관광,농/산/어촌체험
양주,2025,5,2025-05,39,경기도,양주시,신암낚시터,411,양주 2025_05.csv,레저스포츠,수상레저스포츠
양주,2025,5,2025-05,40,경기도,양주시,독바위공원,408,양주 2025_05.csv,문화관광,도시공원
양주,2025,5,2025-05,41,경기도,양주시,장흥역,406,양주 2025_05.csv,기타관광,교통시설
양주,2025,5,2025-05,42,경기도,양주시,송암스페이스센터,402,양주 2025_05.csv,기타관광,기타관광
양주,2025,5,2025-05,43,경기도,양주시,장흥생활체육공원,395,양주 2025_05.csv,문화관광,도시공원
양주,2025,5,2025-05,44,경기도,양주시,효촌저수지,372,양주 2025_05.csv,자연관광,자연경관(하천/해양)
양주,2025,5,2025-05,44,경기도,양주시,딱따구리청소년수련원,372,양주 2025_05.csv,레저스포츠,육상레저스포츠
양주,2025,5,2025-05,46,경기도,양주시,조명박물관,370,양주 2025_05.csv,문화관광,전시시설
양주,2025,5,2025-05,47,경기도,양주시,지장사,367,양주 2025_05.csv,역사관광,종교성지
양주,2025,5,2025-05,48,경기도,양주시,칠봉산CC,366,양주 2025_05.csv,레저스포츠,육상레저스포츠
양주,2025,5,2025-05,49,경기도,양주시,어둔리저수지,346,양주 2025_05.csv,자연관광,자연경관(하천/해양)
양주,2025,5,2025-05,50,경기도,양주시,메가파크양주점,345,양주 2025_05.csv,문화관광,테마공원
양주,2025,5,2025-05,51,경기도,양주시,옥정배수지체육공원,326,양주 2025_05.csv,문화관광,도시공원
양주,2025,5,2025-05,52,경기도,양주시,메가박스양주,324,양주 2025_05.csv,문화관광,공연시설
양주,2025,5,2025-05,53,경기도,양주시,회암사지,310,양주 2025_05.csv,역사관광,역사유적지
양주,2025,5,2025-05,54,경기도,양주시,토도,304,양주 2025_05.csv,문화관광,테마공원
양주,2025,5,2025-05,55,경기도,양주시,송추낚시터,302,양주 2025_05.csv,레저스포츠,수상레저스포츠
양주,2025,5,2025-05,56,경기도,양주시,장자원낚시터,295,양주 2025_05.csv,레저스포츠,수상레저스포츠
양주,2025,5,2025-05,57,경기도,양주시,석굴암,290,양주 2025_05.csv,역사관광,종교성지
양주,2025,5,2025-05,57,경기도,양주시,양주시승마장,290,양주 2025_05.csv,레저스포츠,육상레저스포츠
양주,2025,5,2025-05,59,경기도,양주시,TBS도봉산축구장,284,양주 2025_05.csv,문화관광,레저스포츠시설
양주,2025,5,2025-05,60,경기도,양주시,스카이야구장,283,양주 2025_05.csv,문화관광,레저스포츠시설
양주,2025,5,2025-05,61,경기도,양주시,청암민속박물관,278,양주 2025_05.csv,문화관광,전시시설
양주,2025,5,2025-05,62,경기도,양주시,헬로방방양주점,277,양주 2025_05.csv,문화관광,테마공원
양주,2025,5,2025-05,63,경기도,양주시,공존풋살파크양주점,273,양주 2025_05.csv,문화관광,레저스포츠시설
양주,2025,5,2025-05,64,경기도,양주시,양주시청소년수련원,271,양주 2025_05.csv,레저스포츠,육상레저스포츠
양주,2025,5,2025-05,65,경기도,양주시,ND야구장,269,양주 2025_05.csv,문화관광,레저스포츠시설
양주,2025,5,2025-05,65,경기도,양주시,대원정사,269,양주 2025_05.csv,역사관광,종교성지
양주,2025,5,2025-05,67,경기도,양주시,신흥레저타운,266,양주 2025_05.csv,레저스포츠,기타레저스포츠
양주,2025,5,2025-05,68,경기도,양주시,양주베이스볼파크,264,양주 2025_05.csv,문화관광,레저스포츠시설
양주,2025,5,2025-05,69,경기도,양주시,VIP야구장,263,양주 2025_05.csv,문화관광,레저스포츠시설
양주,2025,5,2025-05,70,경기도,양주시,나리공원파크골프장,262,양주 2025_05.csv,레저스포츠,육상레저스포츠
양주,2025,5,2025-05,71,경기도,양주시,삼하낚시터,261,양주 2025_05.csv,레저스포츠,수상레저스포츠
양주,2025,5,2025-05,72,경기도,양주시,양주테크노풋살센터,255,양주 2025_05.csv,레저스포츠,기타레저스포츠
양주,2025,5,2025-05,73,경기도,양주시,장흥축구장,239,양주 2025_05.csv,문화관광,레저스포츠시설
양주,2025,5,2025-05,74,경기도,양주시,양주곤충박물관,235,양주 2025_05.csv,문화관광,전시시설
양주,2025,5,2025-05,75,경기도,양주시,장흥야구장,228,양주 2025_05.csv,문화관광,레저스포츠시설
양주,2025,5,2025-05,76,경기도,양주시,옥정체육공원축구장,224,양주 2025_05.csv,문화관광,레저스포츠시설
양주,2025,5,2025-05,77,경기도,양주시,연꽃빌리지관광농원,221,양주 2025_05.csv,체험관광,농/산/어촌체험
양주,2025,5,2025-05,78,경기도,양주시,장흥돌고개유원지,210,양주 2025_05.csv,문화관광,복합관광시설
양주,2025,5,2025-05,79,경기도,양주시,그랜드유원지,208,양주 2025_05.csv,기타관광,기타관광
양주,2025,5,2025-05,80,경기도,양주시,온릉,206,양주 2025_05.csv,역사관광,역사유적지
양주,2025,5,2025-05,81,경기도,양주시,고읍축구장,200,양주 2025_05.csv,문화관광,레저스포츠시설
양주,2025,5,2025-05,82,경기도,양주시,육지장사,191,양주 2025_05.csv,역사관광,종교성지
양주,2025,5,2025-05,83,경기도,양주시,베리미팜,187,양주 2025_05.csv,체험관광,농/산/어촌체험
양주,2025,5,2025-05,84,경기도,양주시,세광사,185,양주 2025_05.csv,역사관광,종교성지
양주,2025,5,2025-05,85,경기도,양주시,광백저수지,181,양주 2025_05.csv,자연관광,자연경관(하천/해양)
양주,2025,5,2025-05,86,경기도,양주시,양주팬텀실내풋살장,168,양주 2025_05.csv,레저스포츠,기타레저스포츠
양주,2025,5,2025-05,87,경기도,양주시,신산리공원,165,양주 2025_05.csv,문화관광,도시공원
양주,2025,5,2025-05,87,경기도,양주시,99풋살파크,165,양주 2025_05.csv,레저스포츠,기타레저스포츠
양주,2025,5,2025-05,89,경기도,양주시,연화사,164,양주 2025_05.csv,역사관광,종교성지
양주,2025,5,2025-05,90,경기도,양주시,양주풋살파크제1구장,162,양주 2025_05.csv,문화관광,레저스포츠시설
양주,2025,5,2025-05,91,경기도,양주시,백석생활체육공원야구장,160,양주 2025_05.csv,문화관광,레저스포츠시설
양주,2025,5,2025-05,92,경기도,양주시,광적생활체육공원축구장,152,양주 2025_05.csv,문화관광,레저스포츠시설
양주,2025,5,2025-05,92,경기도,양주시,EP베이스볼파크,152,양주 2025_05.csv,문화관광,레저스포츠시설
양주,2025,5,2025-05,94,경기도,양주시,덕계공원,149,양주 2025_05.csv,문화관광,도시공원
양주,2025,5,2025-05,95,경기도,양주시,송추아트밸리,142,양주 2025_05.csv,문화관광,도시공원
양주,2025,5,2025-05,96,경기도,양주시,덕계저수지,138,양주 2025_05.csv,자연관광,자연경관(하천/해양)
양주,2025,5,2025-05,97,경기도,양주시,양주시공설파크골프장,135,양주 2025_05.csv,레저스포츠,육상레저스포츠
양주,2025,5,2025-05,98,경기도,양주시,나리공원물놀이장,132,양주 2025_05.csv,문화관광,테마공원
양주,2025,5,2025-05,99,경기도,양주시,고려대학교송추야구장,130,양주 2025_05.csv,문화관광,레저스포츠시설
양주,2025,5,2025-05,100,경기도,양주시,롤러몬스터,122,양주 2025_05.csv,레저스포츠,기타레저스포츠
양주,2025,5,2025-05,101,경기도,양주시,백석생활체육공원축구장,118,양주 2025_05.csv,문화관광,레저스포츠시설
양주,2025,5,2025-05,102,경기도,양주시,조소앙선생기념관,117,양주 2025_05.csv,문화관광,전시시설
양주,2025,5,2025-05,103,경기도,양주시,베베앙쥬베이비카페옥정점,111,양주 2025_05.csv,문화관광,테마공원
양주,2025,5,2025-05,104,경기도,양주시,대승사,110,양주 2025_05.csv,역사관광,종교성지
양주,2025,5,2025-05,104,경기도,양주시,장흥조각공원,110,양주 2025_05.csv,문화관광,도시공원
양주,2025,5,2025-05,106,경기도,양주시,불곡산,108,양주 2025_05.csv,자연관광,자연경관(산)
양주,2025,5,2025-05,106,경기도,양주시,북한산국립공원오봉탐방지원센터,108,양주 2025_05.csv,기타관광,기타관광
양주,2025,5,2025-05,108,경기도,양주시,마리조아승마클럽,107,양주 2025_05.csv,레저스포츠,육상레저스포츠
양주,2025,5,2025-05,109,경기도,양주시,화담정사,106,양주 2025_05.csv,역사관광,종교성지
양주,2025,5,2025-05,110,경기도,양주시,칠봉산낚시터,102,양주 2025_05.csv,레저스포츠,수상레저스포츠
양주,2025,5,2025-05,111,경기도,양주시,안상철미술관,100,양주 2025_05.csv,문화관광,전시시설
양주,2025,5,2025-05,111,경기도,양주시,금바위저수지,100,양주 2025_05.csv,자연관광,자연경관(하천/해양)
양주,2025,5,2025-05,113,경기도,양주시,송추원각사,88,양주 2025_05.csv,역사관광,종교성지
양주,2025,5,2025-05,114,경기도,양주시,백석배수지생활체육공원,86,양주 2025_05.csv,문화관광,도시공원
양주,2025,5,2025-05,115,경기도,양주시,더바이브클라이밍,85,양주 2025_05.csv,레저스포츠,기타레저스포츠
양주,2025,5,2025-05,116,경기도,양주시,백화암,84,양주 2025_05.csv,역사관광,종교성지
양주,2025,5,2025-05,116,경기도,양주시,못말낚시터,84,양주 2025_05.csv,레저스포츠,수상레저스포츠
양주,2025,5,2025-05,118,경기도,양주시,원당낚시터,83,양주 2025_05.csv,레저스포츠,수상레저스포츠
양주,2025,5,2025-05,118,경기도,양주시,한국축구센터,83,양주 2025_05.csv,문화관광,레저스포츠시설
양주,2025,5,2025-05,120,경기도,양주시,북한산국립공원교현탐방지원센터,82,양주 2025_05.csv,기타관광,기타관광
양주,2025,5,2025-05,121,경기도,양주시,양주시립민복진미술관,81,양주 2025_05.csv,문화관광,전시시설
양주,2025,5,2025-05,121,경기도,양주시,일영낚시터,81,양주 2025_05.csv,레저스포츠,수상레저스포츠
양주,2025,5,2025-05,123,경기도,양주시,하늘물공원,76,양주 2025_05.csv,문화관광,도시공원
양주,2025,5,2025-05,123,경기도,양주시,더넘버스필드,76,양주 2025_05.csv,문화관광,레저스포츠시설
양주,2025,5,2025-05,125,경기도,양주시,은현피싱타운,75,양주 2025_05.csv,레저스포츠,수상레저스포츠
양주,2025,5,2025-05,125,경기도,양주시,원실내바다낚시터양주점,75,양주 2025_05.csv,레저스포츠,수상레저스포츠
양주,2025,5,2025-05,125,경기도,양주시,광사낚시터,75,양주 2025_05.csv,레저스포츠,수상레저스포츠
양주,2025,5,2025-05,128,경기도,양주시,양주향교,74,양주 2025_05.csv,역사관광,역사유적지
양주,2025,5,2025-05,129,경기도,양주시,티제이풋살파크,73,양주 2025_05.csv,레저스포츠,기타레저스포츠
양주,2025,5,2025-05,130,경기도,양주시,연곡저수지,71,양주 2025_05.csv,자연관광,자연경관(하천/해양)
양주,2025,5,2025-05,130,경기도,양주시,나비랑키즈카페,71,양주 2025_05.csv,문화관광,테마공원
양주,2025,5,2025-05,132,경기도,양주시,하나농원,68,양주 2025_05.csv,체험관광,농/산/어촌체험
양주,2025,5,2025-05,132,경기도,양주시,신천생활체육공원축구장,68,양주 2025_05.csv,문화관광,레저스포츠시설
양주,2025,5,2025-05,132,경기도,양주시,타겟28실내양궁장,68,양주 2025_05.csv,레저스포츠,육상레저스포츠
양주,2025,5,2025-05,135,경기도,양주시,덕수레저타운,66,양주 2025_05.csv,레저스포츠,기타레저스포츠
양주,2025,5,2025-05,136,경기도,양주시,고고롤러장옥정점,64,양주 2025_05.csv,레저스포츠,육상레저스포츠
양주,2025,5,2025-05,137,경기도,양주시,클라임크루,63,양주 2025_05.csv,레저스포츠,기타레저스포츠
양주,2025,5,2025-05,138,경기도,양주시,가나2아뜰리에,62,양주 2025_05.csv,문화관광,기타문화관광지
양주,2025,5,2025-05,139,경기도,양주시,광적생활체육공원,58,양주 2025_05.csv,문화관광,도시공원
양주,2025,5,2025-05,140,경기도,양주시,은현낚시터,56,양주 2025_05.csv,레저스포츠,수상레저스포츠
양주,2025,5,2025-05,141,경기도,양주시,영산법화사,54,양주 2025_05.csv,역사관광,종교성지
양주,2025,5,2025-05,142,경기도,양주시,장흥계곡,53,양주 2025_05.csv,자연관광,자연경관(산)
양주,2025,5,2025-05,142,경기도,양주시,키즈멧,53,양주 2025_05.csv,문화관광,테마공원
양주,2025,5,2025-05,142,경기도,양주시,샘내고개,53,양주 2025_05.csv,자연관광,자연경관(산)
양주,2025,5,2025-05,145,경기도,양주시,북한산둘레길13구간,52,양주 2025_05.csv,레저스포츠,기타레저스포츠
양주,2025,5,2025-05,145,경기도,양주시,프레리키즈카페양주옥정점,52,양주 2025_05.csv,문화관광,테마공원
양주,2025,5,2025-05,147,경기도,양주시,어둔리남방낚시터,51,양주 2025_05.csv,레저스포츠,수상레저스포츠
양주,2025,5,2025-05,148,경기도,양주시,효촌리낚시터,50,양주 2025_05.csv,레저스포츠,수상레저스포츠
양주,2025,5,2025-05,148,경기도,양주시,봉암낚시터,50,양주 2025_05.csv,레저스포츠,수상레저스포츠
양주,2025,5,2025-05,150,경기도,양주시,테니스온탑양주점,48,양주 2025_05.csv,레저스포츠,기타레저스포츠
양주,2025,5,2025-05,151,경기도,양주시,홍죽산업단지근린공원,45,양주 2025_05.csv,문화관광,도시공원
양주,2025,5,2025-05,151,경기도,양주시,덕정시장,45,양주 2025_05.csv,쇼핑,시장
양주,2025,5,2025-05,153,경기도,양주시,일영워터힐,44,양주 2025_05.csv,문화관광,테마공원
양주,2025,5,2025-05,154,경기도,양주시,양주시 장흥면 천생연분마을,42,양주 2025_05.csv,역사관광,역사유적지
양주,2025,5,2025-05,154,경기도,양주시,송추다보사,42,양주 2025_05.csv,역사관광,종교성지
양주,2025,5,2025-05,156,경기도,양주시,베이스캠프,41,양주 2025_05.csv,레저스포츠,기타레저스포츠
양주,2025,5,2025-05,156,경기도,양주시,살구골낚시터,41,양주 2025_05.csv,레저스포츠,수상레저스포츠
양주,2025,5,2025-05,158,경기도,양주시,강호이앤티,39,양주 2025_05.csv,레저스포츠,기타레저스포츠
양주,2025,5,2025-05,159,경기도,양주시,서오조경,38,양주 2025_05.csv,체험관광,농/산/어촌체험
양주,2025,5,2025-05,160,경기도,양주시,홍복저수지,37,양주 2025_05.csv,자연관광,자연경관(하천/해양)
양주,2025,5,2025-05,161,경기도,양주시,송암천문대,36,양주 2025_05.csv,기타관광,기타관광
양주,2025,5,2025-05,162,경기도,양주시,삼숭생활체육공원,34,양주 2025_05.csv,문화관광,도시공원
양주,2025,5,2025-05,162,경기도,양주시,백석학습관,34,양주 2025_05.csv,체험관광,체험관광기타
양주,2025,5,2025-05,162,경기도,양주시,CQB LAB,34,양주 2025_05.csv,레저스포츠,육상레저스포츠
양주,2025,5,2025-05,162,경기도,양주시,원더풀키즈수영장,34,양주 2025_05.csv,문화관광,테마공원
양주,2025,5,2025-05,166,경기도,양주시,호국흥국사,33,양주 2025_05.csv,역사관광,종교성지
양주,2025,5,2025-05,166,경기도,양주시,위바운스,33,양주 2025_05.csv,문화관광,테마공원
양주,2025,5,2025-05,168,경기도,양주시,노고산주말농장,31,양주 2025_05.csv,체험관광,농/산/어촌체험
양주,2025,5,2025-05,169,경기도,양주시,아름다운비행,30,양주 2025_05.csv,문화관광,전시시설
양주,2025,5,2025-05,169,경기도,양주시,권율장군묘,30,양주 2025_05.csv,역사관광,역사유적지
양주,2025,5,2025-05,171,경기도,양주시,모자농원,29,양주 2025_05.csv,체험관광,농/산/어촌체험
양주,2025,5,2025-05,172,경기도,양주시,신흥레저워터월드,28,양주 2025_05.csv,문화관광,테마공원
양주,2025,5,2025-05,172,경기도,양주시,윤근수사당,28,양주 2025_05.csv,역사관광,역사유적지
양주,2025,5,2025-05,172,경기도,양주시,양주시종합관광안내센터,28,양주 2025_05.csv,기타관광,기타관광
양주,2025,5,2025-05,172,경기도,양주시,양주회암사지왕실축제,28,양주 2025_05.csv,문화관광,기타문화관광지
양주,2025,5,2025-05,172,경기도,양주시,오상갤러리,28,양주 2025_05.csv,문화관광,전시시설
양주,2025,5,2025-05,177,경기도,양주시,양주천보산림욕장,27,양주 2025_05.csv,자연관광,자연공원
양주,2025,5,2025-05,177,경기도,양주시,삼훈행복농원,27,양주 2025_05.csv,체험관광,농/산/어촌체험
양주,2025,5,2025-05,179,경기도,양주시,샌드라이빙양주옥정점,26,양주 2025_05.csv,문화관광,테마공원
양주,2025,5,2025-05,179,경기도,양주시,각명사,26,양주 2025_05.csv,역사관광,종교성지
양주,2025,5,2025-05,179,경기도,양주시,777레지던스,26,양주 2025_05.csv,문화관광,전시시설
양주,2025,5,2025-05,179,경기도,양주시,보타사,26,양주 2025_05.csv,역사관광,종교성지
양주,2025,5,2025-05,183,경기도,양주시,양주농부이범석,25,양주 2025_05.csv,체험관광,농/산/어촌체험
양주,2025,5,2025-05,184,경기도,양주시,옥정생태숲공원,24,양주 2025_05.csv,문화관광,도시공원
양주,2025,5,2025-05,185,경기도,양주시,씽씽롤러스케이트장,23,양주 2025_05.csv,레저스포츠,육상레저스포츠
양주,2025,5,2025-05,185,경기도,양주시,약사사,23,양주 2025_05.csv,역사관광,종교성지
양주,2025,5,2025-05,187,경기도,양주시,신암지,22,양주 2025_05.csv,자연관광,자연경관(하천/해양)
양주,2025,5,2025-05,187,경기도,양주시,덕계학습관,22,양주 2025_05.csv,체험관광,체험관광기타
양주,2025,5,2025-05,189,경기도,양주시,용암낚시터,21,양주 2025_05.csv,레저스포츠,수상레저스포츠
양주,2025,5,2025-05,189,경기도,양주시,해유령전첩지,21,양주 2025_05.csv,역사관광,역사유적지
양주,2025,5,2025-05,189,경기도,양주시,윤성에프앤비양주물류센터,21,양주 2025_05.csv,레저스포츠,수상레저스포츠
양주,2025,5,2025-05,189,경기도,양주시,에코야구장,21,양주 2025_05.csv,문화관광,레저스포츠시설
양주,2025,5,2025-05,189,경기도,양주시,양주시티즌축구클럽,21,양주 2025_05.csv,문화관광,레저스포츠시설
양주,2025,5,2025-05,194,경기도,양주시,꿈을그리다,20,양주 2025_05.csv,문화관광,테마공원
양주,2025,5,2025-05,194,경기도,양주시,송암사,20,양주 2025_05.csv,역사관광,종교성지
양주,2025,5,2025-05,194,경기도,양주시,홍법사,20,양주 2025_05.csv,역사관광,종교성지
양주,2025,5,2025-05,197,경기도,양주시,백인걸선생묘,19,양주 2025_05.csv,역사관광,역사유적지
양주,2025,5,2025-05,197,경기도,양주시,여성봉,19,양주 2025_05.csv,자연관광,자연경관(산)
양주,2025,5,2025-05,199,경기도,양주시,진영농장,18,양주 2025_05.csv,체험관광,농/산/어촌체험
양주,2025,5,2025-05,199,경기도,양주시,기산리유원지,18,양주 2025_05.csv,문화관광,복합관광시설
양주,2025,5,2025-05,199,경기도,양주시,꿀잼키즈룸양주옥정점,18,양주 2025_05.csv,문화관광,테마공원
양주,2025,5,2025-05,199,경기도,양주시,양주아트밸리눈썰매장,18,양주 2025_05.csv,레저스포츠,육상레저스포츠
양주,2025,5,2025-05,203,경기도,양주시,공차실내풋살,17,양주 2025_05.csv,문화관광,레저스포츠시설
양주,2025,5,2025-05,203,경기도,양주시,오산산들근린공원,17,양주 2025_05.csv,문화관광,도시공원
양주,2025,5,2025-05,203,경기도,양주시,오림피아수영장,17,양주 2025_05.csv,문화관광,테마공원
양주,2025,5,2025-05,203,경기도,양주시,기원정사,17,양주 2025_05.csv,역사관광,종교성지
양주,2025,5,2025-05,203,경기도,양주시,일영랜드수영장,17,양주 2025_05.csv,문화관광,테마공원
양주,2025,5,2025-05,208,경기도,양주시,부흥사,16,양주 2025_05.csv,역사관광,종교성지
양주,2025,5,2025-05,208,경기도,양주시,엄상마을문화거리,16,양주 2025_05.csv,문화관광,테마공원
양주,2025,5,2025-05,210,경기도,양주시,토리근린공원,15,양주 2025_05.csv,문화관광,도시공원
양주,2025,5,2025-05,210,경기도,양주시,양주인공암벽장,15,양주 2025_05.csv,레저스포츠,기타레저스포츠
양주,2025,5,2025-05,210,경기도,양주시,양주관아지에서만나는특별한주말,15,양주 2025_05.csv,문화관광,기타문화관광지
양주,2025,5,2025-05,210,경기도,양주시,도하저수지,15,양주 2025_05.csv,자연관광,자연경관(하천/해양)
양주,2025,5,2025-05,210,경기도,양주시,동산가든낚시터,15,양주 2025_05.csv,레저스포츠,수상레저스포츠
양주,2025,5,2025-05,210,경기도,양주시,블랑팡,15,양주 2025_05.csv,문화관광,테마공원
양주,2025,5,2025-05,210,경기도,양주시,스카이워터파크,15,양주 2025_05.csv,문화관광,테마공원
양주,2025,5,2025-05,217,경기도,양주시,옥정청과,14,양주 2025_05.csv,쇼핑,시장
양주,2025,5,2025-05,217,경기도,양주시,호국일월사,14,양주 2025_05.csv,역사관광,종교성지
양주,2025,5,2025-05,217,경기도,양주시,양주시스마트그린포트,14,양주 2025_05.csv,문화관광,기타문화관광지
양주,2025,5,2025-05,217,경기도,양주시,파라에스트라양주,14,양주 2025_05.csv,레저스포츠,기타레저스포츠
양주,2025,5,2025-05,217,경기도,양주시,호국비룡사,14,양주 2025_05.csv,역사관광,종교성지
양주,2025,5,2025-05,217,경기도,양주시,비암사,14,양주 2025_05.csv,역사관광,종교성지
양주,2025,5,2025-05,217,경기도,양주시,히든밸리송추,14,양주 2025_05.csv,문화관광,테마공원
양주,2025,5,2025-05,224,경기도,양주시,천봉나전칠기체험관,13,양주 2025_05.csv,문화관광,기타문화관광지
양주,2025,5,2025-05,225,경기도,양주시,마스터풋볼클럽,12,양주 2025_05.csv,레저스포츠,기타레저스포츠
양주,2025,5,2025-05,225,경기도,양주시,연화사,12,양주 2025_05.csv,역사관광,종교성지
양주,2025,5,2025-05,225,경기도,양주시,원각폭포,12,양주 2025_05.csv,자연관광,자연경관(산)
양주,2025,5,2025-05,228,경기도,양주시,ECA평생교육원,11,양주 2025_05.csv,체험관광,체험관광기타
양주,2025,5,2025-05,228,경기도,양주시,양주시 남면 맹골마을,11,양주 2025_05.csv,역사관광,역사유적지
양주,2025,5,2025-05,228,경기도,양주시,양주탁구클럽,11,양주 2025_05.csv,레저스포츠,기타레저스포츠
양주,2025,5,2025-05,228,경기도,양주시,양주유수풀파크&바베큐장,11,양주 2025_05.csv,문화관광,테마공원
양주,2025,5,2025-05,232,경기도,양주시,훈이네농원,10,양주 2025_05.csv,체험관광,농/산/어촌체험
양주,2025,5,2025-05,232,경기도,양주시,보현사,10,양주 2025_05.csv,역사관광,종교성지
양주,2025,5,2025-05,232,경기도,양주시,장흥한옥수영장,10,양주 2025_05.csv,문화관광,테마공원
양주,2025,5,2025-05,232,경기도,양주시,덕계낚시터,10,양주 2025_05.csv,레저스포츠,수상레저스포츠
양주,2025,5,2025-05,232,경기도,양주시,백석생활체육공원리틀야구장,10,양주 2025_05.csv,문화관광,레저스포츠시설
양주,2025,5,2025-05,232,경기도,양주시,금륜정사,10,양주 2025_05.csv,역사관광,종교성지
양주,2025,5,2025-05,232,경기도,양주시,진도농원,10,양주 2025_05.csv,체험관광,농/산/어촌체험
양주,2025,5,2025-05,239,경기도,양주시,익성농장,9,양주 2025_05.csv,체험관광,농/산/어촌체험
양주,2025,5,2025-05,239,경기도,양주시,가나1아뜰리에,9,양주 2025_05.csv,문화관광,기타문화관광지
양주,2025,5,2025-05,239,경기도,양주시,양주산성배틀존필드,9,양주 2025_05.csv,레저스포츠,육상레저스포츠
양주,2025,5,2025-05,239,경기도,양주시,양주시 현충탑,9,양주 2025_05.csv,역사관광,역사유물
양주,2025,5,2025-05,239,경기도,양주시,쌍용사,9,양주 2025_05.csv,역사관광,종교성지
양주,2025,5,2025-05,244,경기도,양주시,효순.미선평화공원,8,양주 2025_05.csv,문화관광,도시공원
양주,2025,5,2025-05,244,경기도,양주시,독바위공원인라인스케이트장,8,양주 2025_05.csv,레저스포츠,기타레저스포츠
양주,2025,5,2025-05,244,경기도,양주시,양주혁신리빙랩센터,8,양주 2025_05.csv,문화관광,기타문화관광지
양주,2025,5,2025-05,244,경기도,양주시,나리다육,8,양주 2025_05.csv,체험관광,농/산/어촌체험
양주,2025,5,2025-05,244,경기도,양주시,무키무키양주회천점,8,양주 2025_05.csv,문화관광,테마공원
양주,2025,5,2025-05,244,경기도,양주시,선돌근린공원물놀이터,8,양주 2025_05.csv,문화관광,테마공원
양주,2025,5,2025-05,244,경기도,양주시,무호정,8,양주 2025_05.csv,레저스포츠,육상레저스포츠
양주,2025,5,2025-05,244,경기도,양주시,북한산둘레길14구간,8,양주 2025_05.csv,레저스포츠,기타레저스포츠
양주,2025,5,2025-05,252,경기도,양주시,우리끼리 키즈카페 스포츠마을양주옥정점,7,양주 2025_05.csv,문화관광,테마공원
양주,2025,5,2025-05,252,경기도,양주시,보메기낚시터,7,양주 2025_05.csv,레저스포츠,수상레저스포츠
양주,2025,5,2025-05,252,경기도,양주시,태평목장,7,양주 2025_05.csv,체험관광,농/산/어촌체험
양주,2025,5,2025-05,252,경기도,양주시,백수현전통가옥,7,양주 2025_05.csv,역사관광,역사유적지
양주,2025,5,2025-05,252,경기도,양주시,부부관광농원,7,양주 2025_05.csv,체험관광,농/산/어촌체험
양주,2025,5,2025-05,252,경기도,양주시,디스코롤러장,7,양주 2025_05.csv,레저스포츠,육상레저스포츠
양주,2025,5,2025-05,258,경기도,양주시,양주울대고개순직경찰관추도비,6,양주 2025_05.csv,역사관광,역사유물
양주,2025,5,2025-05,258,경기도,양주시,나누리근린공원,6,양주 2025_05.csv,문화관광,도시공원
양주,2025,5,2025-05,258,경기도,양주시,송추팜,6,양주 2025_05.csv,체험관광,농/산/어촌체험
양주,2025,5,2025-05,258,경기도,양주시,WJ복싱클럽옥정점,6,양주 2025_05.csv,레저스포츠,기타레저스포츠
양주,2025,5,2025-05,258,경기도,양주시,양주시감동VR체험관,6,양주 2025_05.csv,레저스포츠,기타레저스포츠
양주,2025,5,2025-05,258,경기도,양주시,양주남면의느티나무,6,양주 2025_05.csv,역사관광,역사유적지
양주,2025,5,2025-05,258,경기도,양주시,사패산송추방면,6,양주 2025_05.csv,자연관광,자연경관(산)
양주,2025,5,2025-05,258,경기도,양주시,천불사,6,양주 2025_05.csv,역사관광,종교성지
양주,2025,5,2025-05,258,경기도,양주시,양주시립장욱진미술관통합매표소,6,양주 2025_05.csv,문화관광,복합관광시설
양주,2025,5,2025-05,258,경기도,양주시,소가리낚시터,6,양주 2025_05.csv,레저스포츠,수상레저스포츠
양주,2025,5,2025-05,258,경기도,양주시,동광정사,6,양주 2025_05.csv,역사관광,종교성지
양주,2025,5,2025-05,258,경기도,양주시,문수사,6,양주 2025_05.csv,역사관광,종교성지
양주,2025,5,2025-05,258,경기도,양주시,황뱅이수변산책로,6,양주 2025_05.csv,레저스포츠,기타레저스포츠
양주,2025,5,2025-05,258,경기도,양주시,무량사,6,양주 2025_05.csv,역사관광,종교성지
양주,2025,5,2025-05,258,경기도,양주시,황용목장,6,양주 2025_05.csv,체험관광,농/산/어촌체험
양주,2025,5,2025-05,273,경기도,양주시,옥정탁구클럽,5,양주 2025_05.csv,레저스포츠,기타레저스포츠
양주,2025,5,2025-05,273,경기도,양주시,아지트배드민턴,5,양주 2025_05.csv,레저스포츠,기타레저스포츠
양주,2025,5,2025-05,273,경기도,양주시,보현사,5,양주 2025_05.csv,역사관광,종교성지
양주,2025,5,2025-05,273,경기도,양주시,쿠키팜,5,양주 2025_05.csv,체험관광,공예체험
양주,2025,5,2025-05,273,경기도,양주시,라온승마아카데미,5,양주 2025_05.csv,레저스포츠,육상레저스포츠
양주,2025,5,2025-05,273,경기도,양주시,광운정사,5,양주 2025_05.csv,역사관광,종교성지
양주,2025,5,2025-05,273,경기도,양주시,월암사,5,양주 2025_05.csv,역사관광,종교성지
양주,2025,5,2025-05,280,경기도,양주시,대한불교조계종법화사,4,양주 2025_05.csv,역사관광,종교성지
양주,2025,5,2025-05,280,경기도,양주시,아이키친양주점,4,양주 2025_05.csv,문화관광,테마공원
양주,2025,5,2025-05,280,경기도,양주시,낭뜰,4,양주 2025_05.csv,체험관광,공예체험
양주,2025,5,2025-05,280,경기도,양주시,양주시 남면 초록지기마을,4,양주 2025_05.csv,역사관광,역사유적지
양주,2025,5,2025-05,280,경기도,양주시,무량사,4,양주 2025_05.csv,역사관광,종교성지
양주,2025,5,2025-05,280,경기도,양주시,천마사,4,양주 2025_05.csv,역사관광,종교성지
양주,2025,5,2025-05,280,경기도,양주시,영풍농장,4,양주 2025_05.csv,체험관광,농/산/어촌체험
양주,2025,5,2025-05,287,경기도,양주시,청산버섯농장,3,양주 2025_05.csv,체험관광,농/산/어촌체험
양주,2025,5,2025-05,287,경기도,양주시,이레공방,3,양주 2025_05.csv,체험관광,공예체험
양주,2025,5,2025-05,287,경기도,양주시,모모앤던목공작업실,3,양주 2025_05.csv,체험관광,공예체험
양주,2025,5,2025-05,287,경기도,양주시,한승농장,3,양주 2025_05.csv,체험관광,농/산/어촌체험
양주,2025,5,2025-05,287,경기도,양주시,다은공방,3,양주 2025_05.csv,체험관광,공예체험
양주,2025,5,2025-05,287,경기도,양주시,무아메메폴댄스,3,양주 2025_05.csv,레저스포츠,기타레저스포츠
양주,2025,5,2025-05,287,경기도,양주시,아이핑탁구클럽,3,양주 2025_05.csv,레저스포츠,기타레저스포츠
양주,2025,5,2025-05,287,경기도,양주시,팜621주말농장,3,양주 2025_05.csv,체험관광,농/산/어촌체험
양주,2025,5,2025-05,287,경기도,양주시,양주옥정리선돌,3,양주 2025_05.csv,역사관광,역사유적지
양주,2025,5,2025-05,287,경기도,양주시,도봉산,3,양주 2025_05.csv,자연관광,자연경관(산)
양주,2025,5,2025-05,287,경기도,양주시,연수농원,3,양주 2025_05.csv,체험관광,농/산/어촌체험
양주,2025,5,2025-05,287,경기도,양주시,양주대모산성,3,양주 2025_05.csv,역사관광,역사유적지
양주,2025,5,2025-05,287,경기도,양주시,노고산,3,양주 2025_05.csv,자연관광,자연경관(산)
양주,2025,5,2025-05,287,경기도,양주시,고려대학교축구장,3,양주 2025_05.csv,문화관광,레저스포츠시설
양주,2025,5,2025-05,287,경기도,양주시,삼수니농장,3,양주 2025_05.csv,체험관광,농/산/어촌체험
양주,2025,5,2025-05,287,경기도,양주시,장흥버섯농장,3,양주 2025_05.csv,체험관광,농/산/어촌체험
양주,2025,5,2025-05,287,경기도,양주시,신산장,3,양주 2025_05.csv,쇼핑,시장
양주,2025,5,2025-05,287,경기도,양주시,마하보디사,3,양주 2025_05.csv,역사관광,종교성지
양주,2025,5,2025-05,287,경기도,양주시,두래농원,3,양주 2025_05.csv,체험관광,농/산/어촌체험
양주,2025,5,2025-05,287,경기도,양주시,해마루농원,3,양주 2025_05.csv,체험관광,농/산/어촌체험
양주,2025,5,2025-05,287,경기도,양주시,묵남지,3,양주 2025_05.csv,자연관광,자연경관(하천/해양)
양주,2025,5,2025-05,287,경기도,양주시,스마트시티복합센터,3,양주 2025_05.csv,문화관광,기타문화관광지
양주,2025,5,2025-05,287,경기도,양주시,묵은저수지,3,양주 2025_05.csv,자연관광,자연경관(하천/해양)
양주,2025,5,2025-05,287,경기도,양주시,양주골김치체험박물관,3,양주 2025_05.csv,문화관광,전시시설
양주,2025,5,2025-05,287,경기도,양주시,선그로원예,3,양주 2025_05.csv,체험관광,농/산/어촌체험
양주,2025,5,2025-05,287,경기도,양주시,양주고읍유도체육관,3,양주 2025_05.csv,레저스포츠,기타레저스포츠
양주,2025,5,2025-05,287,경기도,양주시,농특산물직거래장터,3,양주 2025_05.csv,쇼핑,시장
양주,2025,5,2025-05,287,경기도,양주시,양주시 광사동 토리마을,3,양주 2025_05.csv,역사관광,역사유적지
양주,2025,5,2025-05,287,경기도,양주시,자개미갤러리,3,양주 2025_05.csv,문화관광,전시시설
양주,2025,5,2025-05,287,경기도,양주시,회천도시숲,3,양주 2025_05.csv,자연관광,자연공원
양주,2025,5,2025-05,287,경기도,양주시,양주농원,3,양주 2025_05.csv,체험관광,농/산/어촌체험
양주,2025,6,2025-06,1,경기도,양주시,LF스퀘어양주점,10193,양주 2025_06.csv,쇼핑,쇼핑몰
양주,2025,6,2025-06,2,경기도,양주시,레이크우드CC,7088,양주 2025_06.csv,레저스포츠,육상레저스포츠
양주,2025,6,2025-06,3,경기도,양주시,송추계곡,3992,양주 2025_06.csv,자연관광,자연경관(산)
양주,2025,6,2025-06,4,경기도,양주시,송추CC,3905,양주 2025_06.csv,레저스포츠,육상레저스포츠
양주,2025,6,2025-06,5,경기도,양주시,회암사지박물관,3445,양주 2025_06.csv,문화관광,전시시설
양주,2025,6,2025-06,6,경기도,양주시,옥정호수공원,2773,양주 2025_06.csv,문화관광,도시공원
양주,2025,6,2025-06,7,경기도,양주시,CGV양주옥정,2678,양주 2025_06.csv,문화관광,공연시설
양주,2025,6,2025-06,8,경기도,양주시,두리랜드,1737,양주 2025_06.csv,문화관광,테마공원
양주,2025,6,2025-06,9,경기도,양주시,장흥관광지,1727,양주 2025_06.csv,문화관광,복합관광시설
양주,2025,6,2025-06,10,경기도,양주시,루이힐스CC,1498,양주 2025_06.csv,레저스포츠,육상레저스포츠
양주,2025,6,2025-06,11,경기도,양주시,기산저수지,1071,양주 2025_06.csv,자연관광,자연경관(하천/해양)
양주,2025,6,2025-06,12,경기도,양주시,가나아트파크,1068,양주 2025_06.csv,문화관광,전시시설
양주,2025,6,2025-06,13,경기도,양주시,헤세의정원,1026,양주 2025_06.csv,문화관광,기타문화관광지
양주,2025,6,2025-06,14,경기도,양주시,양주시립장욱진미술관,1020,양주 2025_06.csv,문화관광,전시시설
양주,2025,6,2025-06,15,경기도,양주시,나리농원,978,양주 2025_06.csv,체험관광,농/산/어촌체험
양주,2025,6,2025-06,16,경기도,양주시,백석생활체육공원,888,양주 2025_06.csv,문화관광,도시공원
양주,2025,6,2025-06,17,경기도,양주시,옥정체육공원,867,양주 2025_06.csv,문화관광,도시공원
양주,2025,6,2025-06,18,경기도,양주시,송추역,850,양주 2025_06.csv,기타관광,교통시설
양주,2025,6,2025-06,19,경기도,양주시,일영유원지,783,양주 2025_06.csv,문화관광,복합관광시설
양주,2025,6,2025-06,20,경기도,양주시,가래비만세시장,763,양주 2025_06.csv,쇼핑,시장
양주,2025,6,2025-06,21,경기도,양주시,어썸월드양주점,701,양주 2025_06.csv,기타관광,기타관광
양주,2025,6,2025-06,22,경기도,양주시,선돌근린공원,687,양주 2025_06.csv,문화관광,도시공원
양주,2025,6,2025-06,23,경기도,양주시,장흥자동차극장,677,양주 2025_06.csv,문화관광,공연시설
양주,2025,6,2025-06,24,경기도,양주시,회암사,671,양주 2025_06.csv,역사관광,종교성지
양주,2025,6,2025-06,25,경기도,양주시,국립아세안자연휴양림,660,양주 2025_06.csv,자연관광,자연공원
양주,2025,6,2025-06,26,경기도,양주시,청련사,638,양주 2025_06.csv,역사관광,종교성지
양주,2025,6,2025-06,27,경기도,양주시,그랜드유원지,617,양주 2025_06.csv,기타관광,기타관광
양주,2025,6,2025-06,28,경기도,양주시,장흥자생수목원,550,양주 2025_06.csv,자연관광,자연공원
양주,2025,6,2025-06,29,경기도,양주시,신천생활체육공원,506,양주 2025_06.csv,문화관광,도시공원
양주,2025,6,2025-06,30,경기도,양주시,히든밸리송추,500,양주 2025_06.csv,문화관광,테마공원
양주,2025,6,2025-06,31,경기도,양주시,신암낚시터,457,양주 2025_06.csv,레저스포츠,수상레저스포츠
양주,2025,6,2025-06,32,경기도,양주시,MBP리그,455,양주 2025_06.csv,문화관광,레저스포츠시설
양주,2025,6,2025-06,33,경기도,양주시,고덕생활체육공원,454,양주 2025_06.csv,문화관광,도시공원
양주,2025,6,2025-06,34,경기도,양주시,양주별산대놀이마당,436,양주 2025_06.csv,문화관광,기타문화관광지
양주,2025,6,2025-06,35,경기도,양주시,원당저수지,429,양주 2025_06.csv,자연관광,자연경관(하천/해양)
양주,2025,6,2025-06,36,경기도,양주시,멜버른승마장,420,양주 2025_06.csv,레저스포츠,육상레저스포츠
양주,2025,6,2025-06,37,경기도,양주시,일영역,408,양주 2025_06.csv,기타관광,교통시설
양주,2025,6,2025-06,38,경기도,양주시,회암사지,397,양주 2025_06.csv,역사관광,역사유적지
양주,2025,6,2025-06,39,경기도,양주시,옥정배수지체육공원,388,양주 2025_06.csv,문화관광,도시공원
양주,2025,6,2025-06,40,경기도,양주시,양주시승마장,384,양주 2025_06.csv,레저스포츠,육상레저스포츠
양주,2025,6,2025-06,41,경기도,양주시,메가파크양주점,372,양주 2025_06.csv,문화관광,테마공원
양주,2025,6,2025-06,42,경기도,양주시,장흥역,364,양주 2025_06.csv,기타관광,교통시설
양주,2025,6,2025-06,43,경기도,양주시,봉암저수지,359,양주 2025_06.csv,자연관광,자연경관(하천/해양)
양주,2025,6,2025-06,44,경기도,양주시,한성승마클럽,357,양주 2025_06.csv,레저스포츠,육상레저스포츠
양주,2025,6,2025-06,45,경기도,양주시,장흥생활체육공원,351,양주 2025_06.csv,문화관광,도시공원
양주,2025,6,2025-06,46,경기도,양주시,칠봉산CC,341,양주 2025_06.csv,레저스포츠,육상레저스포츠
양주,2025,6,2025-06,47,경기도,양주시,스카이야구장,338,양주 2025_06.csv,문화관광,레저스포츠시설
양주,2025,6,2025-06,48,경기도,양주시,독바위공원,319,양주 2025_06.csv,문화관광,도시공원
양주,2025,6,2025-06,49,경기도,양주시,어둔리저수지,304,양주 2025_06.csv,자연관광,자연경관(하천/해양)
양주,2025,6,2025-06,50,경기도,양주시,조명박물관,301,양주 2025_06.csv,문화관광,전시시설
양주,2025,6,2025-06,51,경기도,양주시,양주관아지,295,양주 2025_06.csv,역사관광,역사유적지
양주,2025,6,2025-06,52,경기도,양주시,연꽃빌리지관광농원,294,양주 2025_06.csv,체험관광,농/산/어촌체험
양주,2025,6,2025-06,53,경기도,양주시,양주시청소년수련원,293,양주 2025_06.csv,레저스포츠,육상레저스포츠
양주,2025,6,2025-06,54,경기도,양주시,ND야구장,289,양주 2025_06.csv,문화관광,레저스포츠시설
양주,2025,6,2025-06,55,경기도,양주시,송추낚시터,288,양주 2025_06.csv,레저스포츠,수상레저스포츠
양주,2025,6,2025-06,55,경기도,양주시,VIP야구장,288,양주 2025_06.csv,문화관광,레저스포츠시설
양주,2025,6,2025-06,57,경기도,양주시,나리공원파크골프장,286,양주 2025_06.csv,레저스포츠,육상레저스포츠
양주,2025,6,2025-06,58,경기도,양주시,메가박스양주,284,양주 2025_06.csv,문화관광,공연시설
양주,2025,6,2025-06,59,경기도,양주시,토도,279,양주 2025_06.csv,문화관광,테마공원
양주,2025,6,2025-06,60,경기도,양주시,효촌저수지,275,양주 2025_06.csv,자연관광,자연경관(하천/해양)
양주,2025,6,2025-06,61,경기도,양주시,헬로방방양주점,272,양주 2025_06.csv,문화관광,테마공원
양주,2025,6,2025-06,62,경기도,양주시,딱따구리청소년수련원,270,양주 2025_06.csv,레저스포츠,육상레저스포츠
양주,2025,6,2025-06,63,경기도,양주시,송암스페이스센터,266,양주 2025_06.csv,기타관광,기타관광
양주,2025,6,2025-06,64,경기도,양주시,공존풋살파크양주점,260,양주 2025_06.csv,문화관광,레저스포츠시설
양주,2025,6,2025-06,65,경기도,양주시,삼하낚시터,259,양주 2025_06.csv,레저스포츠,수상레저스포츠
양주,2025,6,2025-06,65,경기도,양주시,양주베이스볼파크,259,양주 2025_06.csv,문화관광,레저스포츠시설
양주,2025,6,2025-06,67,경기도,양주시,양주회암사지왕실축제,257,양주 2025_06.csv,문화관광,기타문화관광지
양주,2025,6,2025-06,68,경기도,양주시,남경수목원,255,양주 2025_06.csv,체험관광,농/산/어촌체험
양주,2025,6,2025-06,69,경기도,양주시,양주팬텀실내풋살장,251,양주 2025_06.csv,레저스포츠,기타레저스포츠
양주,2025,6,2025-06,70,경기도,양주시,광백저수지,248,양주 2025_06.csv,자연관광,자연경관(하천/해양)
양주,2025,6,2025-06,71,경기도,양주시,청암민속박물관,247,양주 2025_06.csv,문화관광,전시시설
양주,2025,6,2025-06,71,경기도,양주시,장흥돌고개유원지,247,양주 2025_06.csv,문화관광,복합관광시설
양주,2025,6,2025-06,73,경기도,양주시,장자원낚시터,245,양주 2025_06.csv,레저스포츠,수상레저스포츠
양주,2025,6,2025-06,74,경기도,양주시,장흥계곡,220,양주 2025_06.csv,자연관광,자연경관(산)
양주,2025,6,2025-06,75,경기도,양주시,덕계공원,216,양주 2025_06.csv,문화관광,도시공원
양주,2025,6,2025-06,76,경기도,양주시,양주곤충박물관,210,양주 2025_06.csv,문화관광,전시시설
양주,2025,6,2025-06,77,경기도,양주시,일영워터힐,209,양주 2025_06.csv,문화관광,테마공원
양주,2025,6,2025-06,77,경기도,양주시,고읍축구장,209,양주 2025_06.csv,문화관광,레저스포츠시설
양주,2025,6,2025-06,77,경기도,양주시,장흥야구장,209,양주 2025_06.csv,문화관광,레저스포츠시설
양주,2025,6,2025-06,80,경기도,양주시,장흥축구장,204,양주 2025_06.csv,문화관광,레저스포츠시설
양주,2025,6,2025-06,81,경기도,양주시,마리조아승마클럽,203,양주 2025_06.csv,레저스포츠,육상레저스포츠
양주,2025,6,2025-06,82,경기도,양주시,백석생활체육공원야구장,202,양주 2025_06.csv,문화관광,레저스포츠시설
양주,2025,6,2025-06,83,경기도,양주시,EP베이스볼파크,201,양주 2025_06.csv,문화관광,레저스포츠시설
양주,2025,6,2025-06,84,경기도,양주시,양주풋살파크제1구장,198,양주 2025_06.csv,문화관광,레저스포츠시설
양주,2025,6,2025-06,85,경기도,양주시,양주테크노풋살센터,192,양주 2025_06.csv,레저스포츠,기타레저스포츠
양주,2025,6,2025-06,86,경기도,양주시,지장사,187,양주 2025_06.csv,역사관광,종교성지
양주,2025,6,2025-06,87,경기도,양주시,온릉,180,양주 2025_06.csv,역사관광,역사유적지
양주,2025,6,2025-06,88,경기도,양주시,세광사,176,양주 2025_06.csv,역사관광,종교성지
양주,2025,6,2025-06,89,경기도,양주시,양주유수풀파크&바베큐장,175,양주 2025_06.csv,문화관광,테마공원
양주,2025,6,2025-06,90,경기도,양주시,옥정체육공원축구장,173,양주 2025_06.csv,문화관광,레저스포츠시설
양주,2025,6,2025-06,91,경기도,양주시,고려대학교송추야구장,168,양주 2025_06.csv,문화관광,레저스포츠시설
양주,2025,6,2025-06,92,경기도,양주시,양주씨티에프씨,167,양주 2025_06.csv,문화관광,레저스포츠시설
양주,2025,6,2025-06,93,경기도,양주시,양주시공설파크골프장,165,양주 2025_06.csv,레저스포츠,육상레저스포츠
양주,2025,6,2025-06,94,경기도,양주시,석굴암,152,양주 2025_06.csv,역사관광,종교성지
양주,2025,6,2025-06,95,경기도,양주시,99풋살파크,151,양주 2025_06.csv,레저스포츠,기타레저스포츠
양주,2025,6,2025-06,96,경기도,양주시,금바위저수지,146,양주 2025_06.csv,자연관광,자연경관(하천/해양)
양주,2025,6,2025-06,97,경기도,양주시,육지장사,141,양주 2025_06.csv,역사관광,종교성지
양주,2025,6,2025-06,98,경기도,양주시,신산리공원,138,양주 2025_06.csv,문화관광,도시공원
양주,2025,6,2025-06,99,경기도,양주시,더바이브클라이밍,132,양주 2025_06.csv,레저스포츠,기타레저스포츠
양주,2025,6,2025-06,100,경기도,양주시,광적생활체육공원축구장,129,양주 2025_06.csv,문화관광,레저스포츠시설
양주,2025,6,2025-06,101,경기도,양주시,양주시 장흥면 천생연분마을,123,양주 2025_06.csv,역사관광,역사유적지
양주,2025,6,2025-06,102,경기도,양주시,덕계저수지,122,양주 2025_06.csv,자연관광,자연경관(하천/해양)
양주,2025,6,2025-06,103,경기도,양주시,조소앙선생기념관,120,양주 2025_06.csv,문화관광,전시시설
양주,2025,6,2025-06,104,경기도,양주시,대원정사,115,양주 2025_06.csv,역사관광,종교성지
양주,2025,6,2025-06,104,경기도,양주시,일영랜드수영장,115,양주 2025_06.csv,문화관광,테마공원
양주,2025,6,2025-06,104,경기도,양주시,나리공원물놀이장,115,양주 2025_06.csv,문화관광,테마공원
양주,2025,6,2025-06,107,경기도,양주시,양주향교,113,양주 2025_06.csv,역사관광,역사유적지
양주,2025,6,2025-06,108,경기도,양주시,베베앙쥬베이비카페옥정점,112,양주 2025_06.csv,문화관광,테마공원
양주,2025,6,2025-06,108,경기도,양주시,장흥조각공원,112,양주 2025_06.csv,문화관광,도시공원
양주,2025,6,2025-06,110,경기도,양주시,북한산국립공원오봉탐방지원센터,111,양주 2025_06.csv,기타관광,기타관광
양주,2025,6,2025-06,111,경기도,양주시,테니스온탑양주점,106,양주 2025_06.csv,레저스포츠,기타레저스포츠
양주,2025,6,2025-06,111,경기도,양주시,송추아트밸리,106,양주 2025_06.csv,문화관광,도시공원
양주,2025,6,2025-06,113,경기도,양주시,양주시립민복진미술관,103,양주 2025_06.csv,문화관광,전시시설
양주,2025,6,2025-06,113,경기도,양주시,티제이풋살파크,103,양주 2025_06.csv,레저스포츠,기타레저스포츠
양주,2025,6,2025-06,115,경기도,양주시,백석생활체육공원축구장,99,양주 2025_06.csv,문화관광,레저스포츠시설
양주,2025,6,2025-06,116,경기도,양주시,화담정사,93,양주 2025_06.csv,역사관광,종교성지
양주,2025,6,2025-06,117,경기도,양주시,더넘버스필드,88,양주 2025_06.csv,문화관광,레저스포츠시설
양주,2025,6,2025-06,118,경기도,양주시,삼숭생활체육공원,87,양주 2025_06.csv,문화관광,도시공원
양주,2025,6,2025-06,119,경기도,양주시,안상철미술관,86,양주 2025_06.csv,문화관광,전시시설
양주,2025,6,2025-06,119,경기도,양주시,신흥레저타운,86,양주 2025_06.csv,레저스포츠,기타레저스포츠
양주,2025,6,2025-06,121,경기도,양주시,가나2아뜰리에,85,양주 2025_06.csv,문화관광,기타문화관광지
양주,2025,6,2025-06,121,경기도,양주시,롤러몬스터,85,양주 2025_06.csv,레저스포츠,기타레저스포츠
양주,2025,6,2025-06,123,경기도,양주시,칠봉산낚시터,82,양주 2025_06.csv,레저스포츠,수상레저스포츠
양주,2025,6,2025-06,124,경기도,양주시,하늘물공원,80,양주 2025_06.csv,문화관광,도시공원
양주,2025,6,2025-06,125,경기도,양주시,은현피싱타운,79,양주 2025_06.csv,레저스포츠,수상레저스포츠
양주,2025,6,2025-06,126,경기도,양주시,북한산국립공원교현탐방지원센터,76,양주 2025_06.csv,기타관광,기타관광
양주,2025,6,2025-06,126,경기도,양주시,신천생활체육공원축구장,76,양주 2025_06.csv,문화관광,레저스포츠시설
양주,2025,6,2025-06,128,경기도,양주시,백석배수지생활체육공원,73,양주 2025_06.csv,문화관광,도시공원
양주,2025,6,2025-06,128,경기도,양주시,못말낚시터,73,양주 2025_06.csv,레저스포츠,수상레저스포츠
양주,2025,6,2025-06,128,경기도,양주시,원더풀키즈수영장,73,양주 2025_06.csv,문화관광,테마공원
양주,2025,6,2025-06,131,경기도,양주시,원실내바다낚시터양주점,72,양주 2025_06.csv,레저스포츠,수상레저스포츠
양주,2025,6,2025-06,131,경기도,양주시,고고롤러장옥정점,72,양주 2025_06.csv,레저스포츠,육상레저스포츠
양주,2025,6,2025-06,133,경기도,양주시,클라임크루,71,양주 2025_06.csv,레저스포츠,기타레저스포츠
양주,2025,6,2025-06,133,경기도,양주시,일영낚시터,71,양주 2025_06.csv,레저스포츠,수상레저스포츠
양주,2025,6,2025-06,135,경기도,양주시,장흥한옥수영장,70,양주 2025_06.csv,문화관광,테마공원
양주,2025,6,2025-06,135,경기도,양주시,프레리키즈카페양주옥정점,70,양주 2025_06.csv,문화관광,테마공원
양주,2025,6,2025-06,137,경기도,양주시,백화암,69,양주 2025_06.csv,역사관광,종교성지
양주,2025,6,2025-06,138,경기도,양주시,불곡산,68,양주 2025_06.csv,자연관광,자연경관(산)
양주,2025,6,2025-06,138,경기도,양주시,광사낚시터,68,양주 2025_06.csv,레저스포츠,수상레저스포츠
양주,2025,6,2025-06,140,경기도,양주시,키즈멧,66,양주 2025_06.csv,문화관광,테마공원
양주,2025,6,2025-06,141,경기도,양주시,연곡저수지,64,양주 2025_06.csv,자연관광,자연경관(하천/해양)
양주,2025,6,2025-06,142,경기도,양주시,어둔리남방낚시터,63,양주 2025_06.csv,레저스포츠,수상레저스포츠
양주,2025,6,2025-06,142,경기도,양주시,송추원각사,63,양주 2025_06.csv,역사관광,종교성지
양주,2025,6,2025-06,144,경기도,양주시,광적생활체육공원,62,양주 2025_06.csv,문화관광,도시공원
양주,2025,6,2025-06,144,경기도,양주시,나비랑키즈카페,62,양주 2025_06.csv,문화관광,테마공원
양주,2025,6,2025-06,146,경기도,양주시,스카이워터파크,58,양주 2025_06.csv,문화관광,테마공원
양주,2025,6,2025-06,147,경기도,양주시,권율장군묘,57,양주 2025_06.csv,역사관광,역사유적지
양주,2025,6,2025-06,148,경기도,양주시,원당낚시터,56,양주 2025_06.csv,레저스포츠,수상레저스포츠
양주,2025,6,2025-06,149,경기도,양주시,공차실내풋살,53,양주 2025_06.csv,문화관광,레저스포츠시설
양주,2025,6,2025-06,149,경기도,양주시,샘내고개,53,양주 2025_06.csv,자연관광,자연경관(산)
양주,2025,6,2025-06,151,경기도,양주시,옥정생태숲공원,52,양주 2025_06.csv,문화관광,도시공원
양주,2025,6,2025-06,151,경기도,양주시,연화사,52,양주 2025_06.csv,역사관광,종교성지
양주,2025,6,2025-06,153,경기도,양주시,타겟28실내양궁장,50,양주 2025_06.csv,레저스포츠,육상레저스포츠
양주,2025,6,2025-06,154,경기도,양주시,한국축구센터,49,양주 2025_06.csv,문화관광,레저스포츠시설
양주,2025,6,2025-06,155,경기도,양주시,양주천보산림욕장,46,양주 2025_06.csv,자연관광,자연공원
양주,2025,6,2025-06,156,경기도,양주시,양주시종합관광안내센터,43,양주 2025_06.csv,기타관광,기타관광
양주,2025,6,2025-06,156,경기도,양주시,송추로얄암반수수영장,43,양주 2025_06.csv,문화관광,테마공원
양주,2025,6,2025-06,158,경기도,양주시,백석학습관,42,양주 2025_06.csv,체험관광,체험관광기타
양주,2025,6,2025-06,159,경기도,양주시,777레지던스,40,양주 2025_06.csv,문화관광,전시시설
양주,2025,6,2025-06,159,경기도,양주시,북한산둘레길13구간,40,양주 2025_06.csv,레저스포츠,기타레저스포츠
양주,2025,6,2025-06,161,경기도,양주시,노고산주말농장,39,양주 2025_06.csv,체험관광,농/산/어촌체험
양주,2025,6,2025-06,161,경기도,양주시,효촌리낚시터,39,양주 2025_06.csv,레저스포츠,수상레저스포츠
양주,2025,6,2025-06,163,경기도,양주시,신암지,37,양주 2025_06.csv,자연관광,자연경관(하천/해양)
양주,2025,6,2025-06,163,경기도,양주시,홍죽산업단지근린공원,37,양주 2025_06.csv,문화관광,도시공원
양주,2025,6,2025-06,163,경기도,양주시,덕정시장,37,양주 2025_06.csv,쇼핑,시장
양주,2025,6,2025-06,166,경기도,양주시,샌드라이빙양주옥정점,35,양주 2025_06.csv,문화관광,테마공원
양주,2025,6,2025-06,167,경기도,양주시,부부관광농원,33,양주 2025_06.csv,체험관광,농/산/어촌체험
양주,2025,6,2025-06,167,경기도,양주시,살구골낚시터,33,양주 2025_06.csv,레저스포츠,수상레저스포츠
양주,2025,6,2025-06,169,경기도,양주시,덕수레저타운,32,양주 2025_06.csv,레저스포츠,기타레저스포츠
양주,2025,6,2025-06,169,경기도,양주시,엄상마을문화거리,32,양주 2025_06.csv,문화관광,테마공원
양주,2025,6,2025-06,171,경기도,양주시,베이스캠프,31,양주 2025_06.csv,레저스포츠,기타레저스포츠
양주,2025,6,2025-06,171,경기도,양주시,백수현전통가옥,31,양주 2025_06.csv,역사관광,역사유적지
양주,2025,6,2025-06,173,경기도,양주시,은현낚시터,30,양주 2025_06.csv,레저스포츠,수상레저스포츠
양주,2025,6,2025-06,174,경기도,양주시,CQB LAB,29,양주 2025_06.csv,레저스포츠,육상레저스포츠
양주,2025,6,2025-06,174,경기도,양주시,선돌근린공원물놀이터,29,양주 2025_06.csv,문화관광,테마공원
양주,2025,6,2025-06,176,경기도,양주시,아름다운비행,28,양주 2025_06.csv,문화관광,전시시설
양주,2025,6,2025-06,176,경기도,양주시,봉암낚시터,28,양주 2025_06.csv,레저스포츠,수상레저스포츠
양주,2025,6,2025-06,178,경기도,양주시,진영농장,27,양주 2025_06.csv,체험관광,농/산/어촌체험
양주,2025,6,2025-06,178,경기도,양주시,오산산들근린공원,27,양주 2025_06.csv,문화관광,도시공원
양주,2025,6,2025-06,178,경기도,양주시,위바운스,27,양주 2025_06.csv,문화관광,테마공원
양주,2025,6,2025-06,178,경기도,양주시,오상갤러리,27,양주 2025_06.csv,문화관광,전시시설
양주,2025,6,2025-06,182,경기도,양주시,양주시스마트그린포트,26,양주 2025_06.csv,문화관광,기타문화관광지
양주,2025,6,2025-06,182,경기도,양주시,대승사,26,양주 2025_06.csv,역사관광,종교성지
양주,2025,6,2025-06,184,경기도,양주시,윤근수사당,25,양주 2025_06.csv,역사관광,역사유적지
양주,2025,6,2025-06,184,경기도,양주시,홍복저수지,25,양주 2025_06.csv,자연관광,자연경관(하천/해양)
양주,2025,6,2025-06,186,경기도,양주시,효순.미선평화공원,24,양주 2025_06.csv,문화관광,도시공원
양주,2025,6,2025-06,186,경기도,양주시,송추다보사,24,양주 2025_06.csv,역사관광,종교성지
양주,2025,6,2025-06,188,경기도,양주시,강호이앤티,23,양주 2025_06.csv,레저스포츠,기타레저스포츠
양주,2025,6,2025-06,188,경기도,양주시,가나1아뜰리에,23,양주 2025_06.csv,문화관광,기타문화관광지
양주,2025,6,2025-06,188,경기도,양주시,꿈을그리다,23,양주 2025_06.csv,문화관광,테마공원
양주,2025,6,2025-06,188,경기도,양주시,양주인공암벽장,23,양주 2025_06.csv,레저스포츠,기타레저스포츠
양주,2025,6,2025-06,188,경기도,양주시,양주시 현충탑,23,양주 2025_06.csv,역사관광,역사유물
양주,2025,6,2025-06,193,경기도,양주시,나리다육,21,양주 2025_06.csv,체험관광,농/산/어촌체험
양주,2025,6,2025-06,193,경기도,양주시,동산가든낚시터,21,양주 2025_06.csv,레저스포츠,수상레저스포츠
양주,2025,6,2025-06,193,경기도,양주시,블랑팡,21,양주 2025_06.csv,문화관광,테마공원
양주,2025,6,2025-06,196,경기도,양주시,오림피아수영장,20,양주 2025_06.csv,문화관광,테마공원
양주,2025,6,2025-06,196,경기도,양주시,윤성에프앤비양주물류센터,20,양주 2025_06.csv,레저스포츠,수상레저스포츠
양주,2025,6,2025-06,196,경기도,양주시,신산장,20,양주 2025_06.csv,쇼핑,시장
양주,2025,6,2025-06,199,경기도,양주시,도하저수지,19,양주 2025_06.csv,자연관광,자연경관(하천/해양)
양주,2025,6,2025-06,200,경기도,양주시,씽씽롤러스케이트장,18,양주 2025_06.csv,레저스포츠,육상레저스포츠
양주,2025,6,2025-06,200,경기도,양주시,양주문화예술회관대공연장,18,양주 2025_06.csv,문화관광,공연시설
양주,2025,6,2025-06,200,경기도,양주시,스마트시티복합센터,18,양주 2025_06.csv,문화관광,기타문화관광지
양주,2025,6,2025-06,200,경기도,양주시,백석생활체육공원리틀야구장,18,양주 2025_06.csv,문화관광,레저스포츠시설
양주,2025,6,2025-06,204,경기도,양주시,익성농장,16,양주 2025_06.csv,체험관광,농/산/어촌체험
양주,2025,6,2025-06,204,경기도,양주시,ECA평생교육원,16,양주 2025_06.csv,체험관광,체험관광기타
양주,2025,6,2025-06,204,경기도,양주시,양주시감동VR체험관,16,양주 2025_06.csv,레저스포츠,기타레저스포츠
양주,2025,6,2025-06,204,경기도,양주시,양주아트밸리눈썰매장,16,양주 2025_06.csv,레저스포츠,육상레저스포츠
양주,2025,6,2025-06,208,경기도,양주시,우리끼리 키즈카페 스포츠마을양주옥정점,15,양주 2025_06.csv,문화관광,테마공원
양주,2025,6,2025-06,208,경기도,양주시,각명사,15,양주 2025_06.csv,역사관광,종교성지
양주,2025,6,2025-06,210,경기도,양주시,양주울대고개순직경찰관추도비,14,양주 2025_06.csv,역사관광,역사유물
양주,2025,6,2025-06,210,경기도,양주시,양주혁신리빙랩센터,14,양주 2025_06.csv,문화관광,기타문화관광지
양주,2025,6,2025-06,210,경기도,양주시,아이핑탁구클럽,14,양주 2025_06.csv,레저스포츠,기타레저스포츠
양주,2025,6,2025-06,210,경기도,양주시,백인걸선생묘,14,양주 2025_06.csv,역사관광,역사유적지
양주,2025,6,2025-06,210,경기도,양주시,신원스포츠산업,14,양주 2025_06.csv,레저스포츠,기타레저스포츠
양주,2025,6,2025-06,215,경기도,양주시,마스터풋볼클럽,13,양주 2025_06.csv,레저스포츠,기타레저스포츠
양주,2025,6,2025-06,215,경기도,양주시,드론봇인재교육센터,13,양주 2025_06.csv,체험관광,체험관광기타
양주,2025,6,2025-06,215,경기도,양주시,원각폭포,13,양주 2025_06.csv,자연관광,자연경관(산)
양주,2025,6,2025-06,218,경기도,양주시,서오조경,12,양주 2025_06.csv,체험관광,농/산/어촌체험
양주,2025,6,2025-06,218,경기도,양주시,호국흥국사,12,양주 2025_06.csv,역사관광,종교성지
양주,2025,6,2025-06,218,경기도,양주시,송암천문대,12,양주 2025_06.csv,기타관광,기타관광
양주,2025,6,2025-06,218,경기도,양주시,여성봉,12,양주 2025_06.csv,자연관광,자연경관(산)
양주,2025,6,2025-06,218,경기도,양주시,양주시티즌축구클럽,12,양주 2025_06.csv,문화관광,레저스포츠시설
양주,2025,6,2025-06,223,경기도,양주시,옥정탁구클럽,11,양주 2025_06.csv,레저스포츠,기타레저스포츠
양주,2025,6,2025-06,223,경기도,양주시,호국비룡사,11,양주 2025_06.csv,역사관광,종교성지
양주,2025,6,2025-06,223,경기도,양주시,도락산,11,양주 2025_06.csv,자연관광,자연경관(산)
양주,2025,6,2025-06,223,경기도,양주시,양주시 광사동 토리마을,11,양주 2025_06.csv,역사관광,역사유적지
양주,2025,6,2025-06,223,경기도,양주시,디스코롤러장,11,양주 2025_06.csv,레저스포츠,육상레저스포츠
양주,2025,6,2025-06,228,경기도,양주시,양주시립장욱진미술관통합매표소,10,양주 2025_06.csv,문화관광,복합관광시설
양주,2025,6,2025-06,228,경기도,양주시,덕계학습관,10,양주 2025_06.csv,체험관광,체험관광기타
양주,2025,6,2025-06,230,경기도,양주시,신산시장복합센터,9,양주 2025_06.csv,쇼핑,시장
양주,2025,6,2025-06,230,경기도,양주시,양주산성배틀존필드,9,양주 2025_06.csv,레저스포츠,육상레저스포츠
양주,2025,6,2025-06,230,경기도,양주시,사패산송추방면,9,양주 2025_06.csv,자연관광,자연경관(산)
양주,2025,6,2025-06,230,경기도,양주시,모자농원,9,양주 2025_06.csv,체험관광,농/산/어촌체험
양주,2025,6,2025-06,230,경기도,양주시,에코야구장,9,양주 2025_06.csv,문화관광,레저스포츠시설
양주,2025,6,2025-06,230,경기도,양주시,영풍농장,9,양주 2025_06.csv,체험관광,농/산/어촌체험
양주,2025,6,2025-06,230,경기도,양주시,양주농원,9,양주 2025_06.csv,체험관광,농/산/어촌체험
양주,2025,6,2025-06,237,경기도,양주시,기산리유원지,8,양주 2025_06.csv,문화관광,복합관광시설
양주,2025,6,2025-06,237,경기도,양주시,송암사,8,양주 2025_06.csv,역사관광,종교성지
양주,2025,6,2025-06,237,경기도,양주시,대장금눈썰매장,8,양주 2025_06.csv,레저스포츠,육상레저스포츠
양주,2025,6,2025-06,237,경기도,양주시,무호정,8,양주 2025_06.csv,레저스포츠,육상레저스포츠
양주,2025,6,2025-06,237,경기도,양주시,보타사,8,양주 2025_06.csv,역사관광,종교성지
양주,2025,6,2025-06,237,경기도,양주시,비암사,8,양주 2025_06.csv,역사관광,종교성지
양주,2025,6,2025-06,243,경기도,양주시,투혼정심관양주지부,7,양주 2025_06.csv,레저스포츠,기타레저스포츠
양주,2025,6,2025-06,243,경기도,양주시,점핑하다,7,양주 2025_06.csv,레저스포츠,기타레저스포츠
양주,2025,6,2025-06,243,경기도,양주시,꿀잼키즈룸양주옥정점,7,양주 2025_06.csv,문화관광,테마공원
양주,2025,6,2025-06,243,경기도,양주시,부흥사,7,양주 2025_06.csv,역사관광,종교성지
양주,2025,6,2025-06,247,경기도,양주시,토리근린공원,6,양주 2025_06.csv,문화관광,도시공원
양주,2025,6,2025-06,247,경기도,양주시,신흥레저워터월드,6,양주 2025_06.csv,문화관광,테마공원
양주,2025,6,2025-06,247,경기도,양주시,송추팜,6,양주 2025_06.csv,체험관광,농/산/어촌체험
양주,2025,6,2025-06,247,경기도,양주시,덕정소공원,6,양주 2025_06.csv,문화관광,도시공원
양주,2025,6,2025-06,247,경기도,양주시,보메기낚시터,6,양주 2025_06.csv,레저스포츠,수상레저스포츠
양주,2025,6,2025-06,247,경기도,양주시,양주시청양주시립회암사지박물관문화비,6,양주 2025_06.csv,역사관광,역사유적지
양주,2025,6,2025-06,247,경기도,양주시,파라에스트라양주,6,양주 2025_06.csv,레저스포츠,기타레저스포츠
양주,2025,6,2025-06,247,경기도,양주시,양주시 남면 맹골마을,6,양주 2025_06.csv,역사관광,역사유적지
양주,2025,6,2025-06,247,경기도,양주시,덕계낚시터,6,양주 2025_06.csv,레저스포츠,수상레저스포츠
양주,2025,6,2025-06,247,경기도,양주시,양주골김치체험박물관,6,양주 2025_06.csv,문화관광,전시시설
양주,2025,6,2025-06,247,경기도,양주시,쌍용사,6,양주 2025_06.csv,역사관광,종교성지
양주,2025,6,2025-06,247,경기도,양주시,신상호스튜디오,6,양주 2025_06.csv,문화관광,전시시설
양주,2025,6,2025-06,247,경기도,양주시,황용목장,6,양주 2025_06.csv,체험관광,농/산/어촌체험
양주,2025,6,2025-06,260,경기도,양주시,비암재,5,양주 2025_06.csv,역사관광,역사유적지
양주,2025,6,2025-06,260,경기도,양주시,허브힐,5,양주 2025_06.csv,문화관광,복합관광시설
양주,2025,6,2025-06,262,경기도,양주시,기산낚시터,4,양주 2025_06.csv,레저스포츠,수상레저스포츠
양주,2025,6,2025-06,262,경기도,양주시,아이키친양주점,4,양주 2025_06.csv,문화관광,테마공원
양주,2025,6,2025-06,262,경기도,양주시,몽키즈클라이밍양주옥정점,4,양주 2025_06.csv,레저스포츠,기타레저스포츠
양주,2025,6,2025-06,262,경기도,양주시,후평공원,4,양주 2025_06.csv,문화관광,도시공원
양주,2025,6,2025-06,266,경기도,양주시,양주풋살파크제2구장,3,양주 2025_06.csv,레저스포츠,기타레저스포츠
양주,2025,6,2025-06,266,경기도,양주시,나누리근린공원,3,양주 2025_06.csv,문화관광,도시공원
양주,2025,6,2025-06,266,경기도,양주시,구룡사,3,양주 2025_06.csv,역사관광,종교성지
양주,2025,6,2025-06,266,경기도,양주시,청산버섯농장,3,양주 2025_06.csv,체험관광,농/산/어촌체험
양주,2025,6,2025-06,266,경기도,양주시,더곤충,3,양주 2025_06.csv,체험관광,농/산/어촌체험
양주,2025,6,2025-06,266,경기도,양주시,양주시 백석읍 은봉산전원마을,3,양주 2025_06.csv,역사관광,역사유적지
양주,2025,6,2025-06,266,경기도,양주시,모모앤던목공작업실,3,양주 2025_06.csv,체험관광,공예체험
양주,2025,6,2025-06,266,경기도,양주시,양주문화예술회관발물놀이터,3,양주 2025_06.csv,문화관광,테마공원
양주,2025,6,2025-06,266,경기도,양주시,용암낚시터,3,양주 2025_06.csv,레저스포츠,수상레저스포츠
양주,2025,6,2025-06,266,경기도,양주시,WJ복싱클럽옥정점,3,양주 2025_06.csv,레저스포츠,기타레저스포츠
양주,2025,6,2025-06,266,경기도,양주시,경민조경양주지점,3,양주 2025_06.csv,체험관광,농/산/어촌체험
양주,2025,6,2025-06,266,경기도,양주시,한마음청소년수련원수영장,3,양주 2025_06.csv,문화관광,테마공원
양주,2025,6,2025-06,266,경기도,양주시,에스바이크,3,양주 2025_06.csv,레저스포츠,기타레저스포츠
양주,2025,6,2025-06,266,경기도,양주시,조이레이저공방,3,양주 2025_06.csv,체험관광,공예체험
양주,2025,6,2025-06,266,경기도,양주시,석우근린공원,3,양주 2025_06.csv,문화관광,도시공원
양주,2025,6,2025-06,266,경기도,양주시,봉우근린공원,3,양주 2025_06.csv,문화관광,도시공원
양주,2025,6,2025-06,266,경기도,양주시,가래비어린이공원,3,양주 2025_06.csv,문화관광,도시공원
양주,2025,6,2025-06,266,경기도,양주시,매내미벚꽃길,3,양주 2025_06.csv,기타관광,기타관광
양주,2025,6,2025-06,266,경기도,양주시,덕정제2어린이공원,3,양주 2025_06.csv,문화관광,도시공원
양주,2025,6,2025-06,266,경기도,양주시,청수낚시터,3,양주 2025_06.csv,레저스포츠,수상레저스포츠
양주,2025,6,2025-06,266,경기도,양주시,무키무키양주회천점,3,양주 2025_06.csv,문화관광,테마공원
양주,2025,6,2025-06,266,경기도,양주시,양주남면의느티나무,3,양주 2025_06.csv,역사관광,역사유적지
양주,2025,6,2025-06,266,경기도,양주시,이수광선생묘,3,양주 2025_06.csv,역사관광,역사유적지
양주,2025,6,2025-06,266,경기도,양주시,회암사지발굴자료관,3,양주 2025_06.csv,역사관광,역사유적지
양주,2025,6,2025-06,266,경기도,양주시,노아산,3,양주 2025_06.csv,자연관광,자연경관(산)
양주,2025,6,2025-06,266,경기도,양주시,태평목장,3,양주 2025_06.csv,체험관광,농/산/어촌체험
양주,2025,6,2025-06,266,경기도,양주시,도봉산,3,양주 2025_06.csv,자연관광,자연경관(산)
양주,2025,6,2025-06,266,경기도,양주시,망당산,3,양주 2025_06.csv,자연관광,자연경관(산)
양주,2025,6,2025-06,266,경기도,양주시,장흥조각아뜰리에,3,양주 2025_06.csv,문화관광,전시시설
양주,2025,6,2025-06,266,경기도,양주시,정겨운농장,3,양주 2025_06.csv,체험관광,농/산/어촌체험
양주,2025,6,2025-06,266,경기도,양주시,양주상여회다지소리전수교육관,3,양주 2025_06.csv,체험관광,체험관광기타
양주,2025,6,2025-06,266,경기도,양주시,휴먼앤홀스랜드,3,양주 2025_06.csv,레저스포츠,육상레저스포츠
양주,2025,6,2025-06,266,경기도,양주시,감악산목장,3,양주 2025_06.csv,체험관광,농/산/어촌체험
양주,2025,6,2025-06,266,경기도,양주시,장흥수영장,3,양주 2025_06.csv,문화관광,테마공원
양주,2025,6,2025-06,266,경기도,양주시,기산지,3,양주 2025_06.csv,자연관광,자연경관(하천/해양)
양주,2025,6,2025-06,266,경기도,양주시,마하보디사,3,양주 2025_06.csv,역사관광,종교성지
양주,2025,6,2025-06,266,경기도,양주시,두래농원,3,양주 2025_06.csv,체험관광,농/산/어촌체험
양주,2025,6,2025-06,266,경기도,양주시,해마루농원,3,양주 2025_06.csv,체험관광,농/산/어촌체험
양주,2025,6,2025-06,266,경기도,양주시,동광정사,3,양주 2025_06.csv,역사관광,종교성지
양주,2025,6,2025-06,266,경기도,양주시,김삿갓쉼터,3,양주 2025_06.csv,문화관광,도시공원
양주,2025,6,2025-06,266,경기도,양주시,스타아쿠아리움,3,양주 2025_06.csv,문화관광,테마공원
양주,2025,6,2025-06,266,경기도,양주시,삼훈행복농원,3,양주 2025_06.csv,체험관광,농/산/어촌체험
양주,2025,6,2025-06,266,경기도,양주시,영산법화사,3,양주 2025_06.csv,역사관광,종교성지
양주,2025,6,2025-06,266,경기도,양주시,홍법사,3,양주 2025_06.csv,역사관광,종교성지
양주,2025,6,2025-06,266,경기도,양주시,점프윙스줄넘기클럽줄기차게,3,양주 2025_06.csv,레저스포츠,기타레저스포츠
양주,2025,7,2025-07,1,경기도,양주시,LF스퀘어양주점,9763,양주 2025_07.csv,쇼핑,쇼핑몰
양주,2025,7,2025-07,2,경기도,양주시,송추계곡,7192,양주 2025_07.csv,자연관광,자연경관(산)
양주,2025,7,2025-07,3,경기도,양주시,레이크우드CC,5102,양주 2025_07.csv,레저스포츠,육상레저스포츠
양주,2025,7,2025-07,4,경기도,양주시,송추CC,3398,양주 2025_07.csv,레저스포츠,육상레저스포츠
양주,2025,7,2025-07,5,경기도,양주시,CGV양주옥정,3184,양주 2025_07.csv,문화관광,공연시설
양주,2025,7,2025-07,6,경기도,양주시,장흥관광지,2279,양주 2025_07.csv,문화관광,복합관광시설
양주,2025,7,2025-07,7,경기도,양주시,두리랜드,2072,양주 2025_07.csv,문화관광,테마공원
양주,2025,7,2025-07,8,경기도,양주시,히든밸리송추,1897,양주 2025_07.csv,문화관광,테마공원
양주,2025,7,2025-07,9,경기도,양주시,옥정호수공원,1888,양주 2025_07.csv,문화관광,도시공원
양주,2025,7,2025-07,10,경기도,양주시,회암사지박물관,1327,양주 2025_07.csv,문화관광,전시시설
양주,2025,7,2025-07,11,경기도,양주시,장흥한옥수영장,1269,양주 2025_07.csv,문화관광,테마공원
양주,2025,7,2025-07,12,경기도,양주시,그랜드유원지,1160,양주 2025_07.csv,기타관광,기타관광
양주,2025,7,2025-07,13,경기도,양주시,일영유원지,1107,양주 2025_07.csv,문화관광,복합관광시설
양주,2025,7,2025-07,14,경기도,양주시,송추로얄암반수수영장,925,양주 2025_07.csv,문화관광,테마공원
양주,2025,7,2025-07,15,경기도,양주시,기산저수지,921,양주 2025_07.csv,자연관광,자연경관(하천/해양)
양주,2025,7,2025-07,16,경기도,양주시,양주시립장욱진미술관,891,양주 2025_07.csv,문화관광,전시시설
양주,2025,7,2025-07,17,경기도,양주시,루이힐스CC,869,양주 2025_07.csv,레저스포츠,육상레저스포츠
양주,2025,7,2025-07,18,경기도,양주시,헤세의정원,859,양주 2025_07.csv,문화관광,기타문화관광지
양주,2025,7,2025-07,19,경기도,양주시,옥정체육공원,842,양주 2025_07.csv,문화관광,도시공원
양주,2025,7,2025-07,20,경기도,양주시,송추역,764,양주 2025_07.csv,기타관광,교통시설
양주,2025,7,2025-07,21,경기도,양주시,장흥계곡,747,양주 2025_07.csv,자연관광,자연경관(산)
양주,2025,7,2025-07,22,경기도,양주시,가래비만세시장,745,양주 2025_07.csv,쇼핑,시장
양주,2025,7,2025-07,23,경기도,양주시,가나아트파크,686,양주 2025_07.csv,문화관광,전시시설
양주,2025,7,2025-07,24,경기도,양주시,양주유수풀파크&바베큐장,650,양주 2025_07.csv,문화관광,테마공원
양주,2025,7,2025-07,25,경기도,양주시,일영워터힐,641,양주 2025_07.csv,문화관광,테마공원
양주,2025,7,2025-07,26,경기도,양주시,장흥자동차극장,629,양주 2025_07.csv,문화관광,공연시설
양주,2025,7,2025-07,27,경기도,양주시,국립아세안자연휴양림,598,양주 2025_07.csv,자연관광,자연공원
양주,2025,7,2025-07,28,경기도,양주시,신흥레저타운,594,양주 2025_07.csv,레저스포츠,기타레저스포츠
양주,2025,7,2025-07,29,경기도,양주시,딱따구리청소년수련원,562,양주 2025_07.csv,레저스포츠,육상레저스포츠
양주,2025,7,2025-07,30,경기도,양주시,회암사,545,양주 2025_07.csv,역사관광,종교성지
양주,2025,7,2025-07,31,경기도,양주시,백석생활체육공원,535,양주 2025_07.csv,문화관광,도시공원
양주,2025,7,2025-07,32,경기도,양주시,어썸월드양주점,527,양주 2025_07.csv,기타관광,기타관광
양주,2025,7,2025-07,33,경기도,양주시,선돌근린공원,489,양주 2025_07.csv,문화관광,도시공원
양주,2025,7,2025-07,34,경기도,양주시,청련사,439,양주 2025_07.csv,역사관광,종교성지
양주,2025,7,2025-07,35,경기도,양주시,장흥역,433,양주 2025_07.csv,기타관광,교통시설
양주,2025,7,2025-07,36,경기도,양주시,일영역,426,양주 2025_07.csv,기타관광,교통시설
양주,2025,7,2025-07,37,경기도,양주시,메가파크양주점,413,양주 2025_07.csv,문화관광,테마공원
양주,2025,7,2025-07,37,경기도,양주시,일영랜드수영장,413,양주 2025_07.csv,문화관광,테마공원
양주,2025,7,2025-07,39,경기도,양주시,MBP리그,385,양주 2025_07.csv,문화관광,레저스포츠시설
양주,2025,7,2025-07,40,경기도,양주시,고덕생활체육공원,383,양주 2025_07.csv,문화관광,도시공원
양주,2025,7,2025-07,41,경기도,양주시,신천생활체육공원,358,양주 2025_07.csv,문화관광,도시공원
양주,2025,7,2025-07,42,경기도,양주시,조명박물관,340,양주 2025_07.csv,문화관광,전시시설
양주,2025,7,2025-07,43,경기도,양주시,헬로방방양주점,330,양주 2025_07.csv,문화관광,테마공원
양주,2025,7,2025-07,44,경기도,양주시,신암낚시터,329,양주 2025_07.csv,레저스포츠,수상레저스포츠
양주,2025,7,2025-07,45,경기도,양주시,원당저수지,327,양주 2025_07.csv,자연관광,자연경관(하천/해양)
양주,2025,7,2025-07,45,경기도,양주시,장흥생활체육공원,327,양주 2025_07.csv,문화관광,도시공원
양주,2025,7,2025-07,47,경기도,양주시,오림피아수영장,322,양주 2025_07.csv,문화관광,테마공원
양주,2025,7,2025-07,48,경기도,양주시,장흥돌고개유원지,319,양주 2025_07.csv,문화관광,복합관광시설
양주,2025,7,2025-07,49,경기도,양주시,멜버른승마장,314,양주 2025_07.csv,레저스포츠,육상레저스포츠
양주,2025,7,2025-07,50,경기도,양주시,옥정배수지체육공원,309,양주 2025_07.csv,문화관광,도시공원
양주,2025,7,2025-07,51,경기도,양주시,송암스페이스센터,292,양주 2025_07.csv,기타관광,기타관광
양주,2025,7,2025-07,52,경기도,양주시,효촌저수지,289,양주 2025_07.csv,자연관광,자연경관(하천/해양)
양주,2025,7,2025-07,52,경기도,양주시,토도,289,양주 2025_07.csv,문화관광,테마공원
양주,2025,7,2025-07,54,경기도,양주시,봉암저수지,267,양주 2025_07.csv,자연관광,자연경관(하천/해양)
양주,2025,7,2025-07,55,경기도,양주시,메가박스양주,266,양주 2025_07.csv,문화관광,공연시설
양주,2025,7,2025-07,56,경기도,양주시,스카이야구장,264,양주 2025_07.csv,문화관광,레저스포츠시설
양주,2025,7,2025-07,57,경기도,양주시,연꽃빌리지관광농원,263,양주 2025_07.csv,체험관광,농/산/어촌체험
양주,2025,7,2025-07,57,경기도,양주시,스카이워터파크,263,양주 2025_07.csv,문화관광,테마공원
양주,2025,7,2025-07,59,경기도,양주시,청암민속박물관,256,양주 2025_07.csv,문화관광,전시시설
양주,2025,7,2025-07,60,경기도,양주시,양주베이스볼파크,252,양주 2025_07.csv,문화관광,레저스포츠시설
양주,2025,7,2025-07,60,경기도,양주시,독바위공원,252,양주 2025_07.csv,문화관광,도시공원
양주,2025,7,2025-07,62,경기도,양주시,광백저수지,250,양주 2025_07.csv,자연관광,자연경관(하천/해양)
양주,2025,7,2025-07,63,경기도,양주시,공존풋살파크양주점,247,양주 2025_07.csv,문화관광,레저스포츠시설
양주,2025,7,2025-07,64,경기도,양주시,어둔리저수지,242,양주 2025_07.csv,자연관광,자연경관(하천/해양)
양주,2025,7,2025-07,65,경기도,양주시,양주팬텀실내풋살장,238,양주 2025_07.csv,레저스포츠,기타레저스포츠
양주,2025,7,2025-07,66,경기도,양주시,양주곤충박물관,230,양주 2025_07.csv,문화관광,전시시설
양주,2025,7,2025-07,67,경기도,양주시,장흥야구장,229,양주 2025_07.csv,문화관광,레저스포츠시설
양주,2025,7,2025-07,68,경기도,양주시,나리농원,228,양주 2025_07.csv,체험관광,농/산/어촌체험
양주,2025,7,2025-07,69,경기도,양주시,유수풀물놀이장,226,양주 2025_07.csv,문화관광,테마공원
양주,2025,7,2025-07,70,경기도,양주시,한성승마클럽,220,양주 2025_07.csv,레저스포츠,육상레저스포츠
양주,2025,7,2025-07,70,경기도,양주시,VIP야구장,220,양주 2025_07.csv,문화관광,레저스포츠시설
양주,2025,7,2025-07,72,경기도,양주시,99풋살파크,215,양주 2025_07.csv,레저스포츠,기타레저스포츠
양주,2025,7,2025-07,73,경기도,양주시,ND야구장,212,양주 2025_07.csv,문화관광,레저스포츠시설
양주,2025,7,2025-07,73,경기도,양주시,장자원낚시터,212,양주 2025_07.csv,레저스포츠,수상레저스포츠
양주,2025,7,2025-07,75,경기도,양주시,양주시청소년수련원,208,양주 2025_07.csv,레저스포츠,육상레저스포츠
양주,2025,7,2025-07,76,경기도,양주시,장흥축구장,207,양주 2025_07.csv,문화관광,레저스포츠시설
양주,2025,7,2025-07,77,경기도,양주시,신흥레저워터월드,199,양주 2025_07.csv,문화관광,테마공원
양주,2025,7,2025-07,78,경기도,양주시,송추낚시터,198,양주 2025_07.csv,레저스포츠,수상레저스포츠
양주,2025,7,2025-07,79,경기도,양주시,양주별산대놀이마당,194,양주 2025_07.csv,문화관광,기타문화관광지
양주,2025,7,2025-07,80,경기도,양주시,양주테크노풋살센터,192,양주 2025_07.csv,레저스포츠,기타레저스포츠
양주,2025,7,2025-07,81,경기도,양주시,나리공원파크골프장,188,양주 2025_07.csv,레저스포츠,육상레저스포츠
양주,2025,7,2025-07,82,경기도,양주시,양주풋살파크제1구장,187,양주 2025_07.csv,문화관광,레저스포츠시설
양주,2025,7,2025-07,83,경기도,양주시,삼하낚시터,182,양주 2025_07.csv,레저스포츠,수상레저스포츠
양주,2025,7,2025-07,84,경기도,양주시,EP베이스볼파크,181,양주 2025_07.csv,문화관광,레저스포츠시설
양주,2025,7,2025-07,85,경기도,양주시,신산리공원,168,양주 2025_07.csv,문화관광,도시공원
양주,2025,7,2025-07,86,경기도,양주시,고읍축구장,167,양주 2025_07.csv,문화관광,레저스포츠시설
양주,2025,7,2025-07,87,경기도,양주시,덕계공원,161,양주 2025_07.csv,문화관광,도시공원
양주,2025,7,2025-07,87,경기도,양주시,세광사,161,양주 2025_07.csv,역사관광,종교성지
양주,2025,7,2025-07,89,경기도,양주시,마리조아승마클럽,154,양주 2025_07.csv,레저스포츠,육상레저스포츠
양주,2025,7,2025-07,90,경기도,양주시,옥정체육공원축구장,153,양주 2025_07.csv,문화관광,레저스포츠시설
양주,2025,7,2025-07,91,경기도,양주시,온릉,151,양주 2025_07.csv,역사관광,역사유적지
양주,2025,7,2025-07,92,경기도,양주시,양주관아지,146,양주 2025_07.csv,역사관광,역사유적지
양주,2025,7,2025-07,93,경기도,양주시,장흥자생수목원,144,양주 2025_07.csv,자연관광,자연공원
양주,2025,7,2025-07,94,경기도,양주시,덕계저수지,142,양주 2025_07.csv,자연관광,자연경관(하천/해양)
양주,2025,7,2025-07,95,경기도,양주시,지장사,140,양주 2025_07.csv,역사관광,종교성지
양주,2025,7,2025-07,96,경기도,양주시,더바이브클라이밍,137,양주 2025_07.csv,레저스포츠,기타레저스포츠
양주,2025,7,2025-07,97,경기도,양주시,베베앙쥬베이비카페옥정점,136,양주 2025_07.csv,문화관광,테마공원
양주,2025,7,2025-07,97,경기도,양주시,대원정사,136,양주 2025_07.csv,역사관광,종교성지
양주,2025,7,2025-07,97,경기도,양주시,양주시승마장,136,양주 2025_07.csv,레저스포츠,육상레저스포츠
양주,2025,7,2025-07,100,경기도,양주시,칠봉산CC,134,양주 2025_07.csv,레저스포츠,육상레저스포츠
양주,2025,7,2025-07,101,경기도,양주시,양주시 장흥면 천생연분마을,132,양주 2025_07.csv,역사관광,역사유적지
양주,2025,7,2025-07,102,경기도,양주시,석굴암,129,양주 2025_07.csv,역사관광,종교성지
양주,2025,7,2025-07,103,경기도,양주시,송추아트밸리,128,양주 2025_07.csv,문화관광,도시공원
양주,2025,7,2025-07,104,경기도,양주시,회암사지,120,양주 2025_07.csv,역사관광,역사유적지
양주,2025,7,2025-07,105,경기도,양주시,광적생활체육공원축구장,118,양주 2025_07.csv,문화관광,레저스포츠시설
양주,2025,7,2025-07,105,경기도,양주시,장흥수영장,118,양주 2025_07.csv,문화관광,테마공원
양주,2025,7,2025-07,107,경기도,양주시,금바위저수지,116,양주 2025_07.csv,자연관광,자연경관(하천/해양)
양주,2025,7,2025-07,108,경기도,양주시,테니스온탑양주점,114,양주 2025_07.csv,레저스포츠,기타레저스포츠
양주,2025,7,2025-07,109,경기도,양주시,양주시공설파크골프장,113,양주 2025_07.csv,레저스포츠,육상레저스포츠
양주,2025,7,2025-07,109,경기도,양주시,고려대학교송추야구장,113,양주 2025_07.csv,문화관광,레저스포츠시설
양주,2025,7,2025-07,111,경기도,양주시,원더풀키즈수영장,108,양주 2025_07.csv,문화관광,테마공원
양주,2025,7,2025-07,112,경기도,양주시,양주시립민복진미술관,107,양주 2025_07.csv,문화관광,전시시설
양주,2025,7,2025-07,113,경기도,양주시,키즈멧,100,양주 2025_07.csv,문화관광,테마공원
양주,2025,7,2025-07,113,경기도,양주시,육지장사,100,양주 2025_07.csv,역사관광,종교성지
양주,2025,7,2025-07,115,경기도,양주시,남경수목원,98,양주 2025_07.csv,체험관광,농/산/어촌체험
양주,2025,7,2025-07,116,경기도,양주시,조소앙선생기념관,97,양주 2025_07.csv,문화관광,전시시설
양주,2025,7,2025-07,117,경기도,양주시,롤러몬스터,94,양주 2025_07.csv,레저스포츠,기타레저스포츠
양주,2025,7,2025-07,118,경기도,양주시,은현피싱타운,92,양주 2025_07.csv,레저스포츠,수상레저스포츠
양주,2025,7,2025-07,119,경기도,양주시,화담정사,91,양주 2025_07.csv,역사관광,종교성지
양주,2025,7,2025-07,120,경기도,양주시,안상철미술관,84,양주 2025_07.csv,문화관광,전시시설
양주,2025,7,2025-07,121,경기도,양주시,삼숭생활체육공원,83,양주 2025_07.csv,문화관광,도시공원
양주,2025,7,2025-07,122,경기도,양주시,연화사,82,양주 2025_07.csv,역사관광,종교성지
양주,2025,7,2025-07,123,경기도,양주시,한국축구센터,81,양주 2025_07.csv,문화관광,레저스포츠시설
양주,2025,7,2025-07,124,경기도,양주시,원실내바다낚시터양주점,76,양주 2025_07.csv,레저스포츠,수상레저스포츠
양주,2025,7,2025-07,125,경기도,양주시,덕정시장,75,양주 2025_07.csv,쇼핑,시장
양주,2025,7,2025-07,126,경기도,양주시,나비랑키즈카페,73,양주 2025_07.csv,문화관광,테마공원
양주,2025,7,2025-07,127,경기도,양주시,백석생활체육공원야구장,71,양주 2025_07.csv,문화관광,레저스포츠시설
양주,2025,7,2025-07,128,경기도,양주시,가나2아뜰리에,70,양주 2025_07.csv,문화관광,기타문화관광지
양주,2025,7,2025-07,128,경기도,양주시,신천생활체육공원축구장,70,양주 2025_07.csv,문화관광,레저스포츠시설
양주,2025,7,2025-07,130,경기도,양주시,고고롤러장옥정점,66,양주 2025_07.csv,레저스포츠,육상레저스포츠
양주,2025,7,2025-07,130,경기도,양주시,못말낚시터,66,양주 2025_07.csv,레저스포츠,수상레저스포츠
양주,2025,7,2025-07,132,경기도,양주시,연곡저수지,63,양주 2025_07.csv,자연관광,자연경관(하천/해양)
양주,2025,7,2025-07,133,경기도,양주시,선돌근린공원물놀이터,62,양주 2025_07.csv,문화관광,테마공원
양주,2025,7,2025-07,133,경기도,양주시,더넘버스필드,62,양주 2025_07.csv,문화관광,레저스포츠시설
양주,2025,7,2025-07,133,경기도,양주시,타겟28실내양궁장,62,양주 2025_07.csv,레저스포츠,육상레저스포츠
양주,2025,7,2025-07,136,경기도,양주시,프레리키즈카페양주옥정점,60,양주 2025_07.csv,문화관광,테마공원
양주,2025,7,2025-07,137,경기도,양주시,송추원각사,59,양주 2025_07.csv,역사관광,종교성지
양주,2025,7,2025-07,138,경기도,양주시,티제이풋살파크,56,양주 2025_07.csv,레저스포츠,기타레저스포츠
양주,2025,7,2025-07,139,경기도,양주시,일영낚시터,55,양주 2025_07.csv,레저스포츠,수상레저스포츠
양주,2025,7,2025-07,139,경기도,양주시,덕계학습관,55,양주 2025_07.csv,체험관광,체험관광기타
양주,2025,7,2025-07,141,경기도,양주시,권율장군묘,54,양주 2025_07.csv,역사관광,역사유적지
양주,2025,7,2025-07,142,경기도,양주시,한마음청소년수련원수영장,53,양주 2025_07.csv,문화관광,테마공원
양주,2025,7,2025-07,143,경기도,양주시,백수현전통가옥,52,양주 2025_07.csv,역사관광,역사유적지
양주,2025,7,2025-07,144,경기도,양주시,양주시종합관광안내센터,51,양주 2025_07.csv,기타관광,기타관광
양주,2025,7,2025-07,144,경기도,양주시,샘내고개,51,양주 2025_07.csv,자연관광,자연경관(산)
양주,2025,7,2025-07,146,경기도,양주시,광사낚시터,50,양주 2025_07.csv,레저스포츠,수상레저스포츠
양주,2025,7,2025-07,147,경기도,양주시,칠봉산낚시터,49,양주 2025_07.csv,레저스포츠,수상레저스포츠
양주,2025,7,2025-07,147,경기도,양주시,백화암,49,양주 2025_07.csv,역사관광,종교성지
양주,2025,7,2025-07,149,경기도,양주시,강호이앤티,48,양주 2025_07.csv,레저스포츠,기타레저스포츠
양주,2025,7,2025-07,149,경기도,양주시,은현낚시터,48,양주 2025_07.csv,레저스포츠,수상레저스포츠
양주,2025,7,2025-07,151,경기도,양주시,하늘물공원,47,양주 2025_07.csv,문화관광,도시공원
양주,2025,7,2025-07,152,경기도,양주시,장흥조각공원,46,양주 2025_07.csv,문화관광,도시공원
양주,2025,7,2025-07,152,경기도,양주시,블랑팡,46,양주 2025_07.csv,문화관광,테마공원
양주,2025,7,2025-07,154,경기도,양주시,효촌리낚시터,45,양주 2025_07.csv,레저스포츠,수상레저스포츠
양주,2025,7,2025-07,155,경기도,양주시,덕수레저타운,44,양주 2025_07.csv,레저스포츠,기타레저스포츠
양주,2025,7,2025-07,155,경기도,양주시,777레지던스,44,양주 2025_07.csv,문화관광,전시시설
양주,2025,7,2025-07,157,경기도,양주시,백석배수지생활체육공원,43,양주 2025_07.csv,문화관광,도시공원
양주,2025,7,2025-07,157,경기도,양주시,양주시스마트그린포트,43,양주 2025_07.csv,문화관광,기타문화관광지
양주,2025,7,2025-07,159,경기도,양주시,공차실내풋살,42,양주 2025_07.csv,문화관광,레저스포츠시설
양주,2025,7,2025-07,159,경기도,양주시,나리공원물놀이장,42,양주 2025_07.csv,문화관광,테마공원
양주,2025,7,2025-07,161,경기도,양주시,위바운스,41,양주 2025_07.csv,문화관광,테마공원
양주,2025,7,2025-07,162,경기도,양주시,엄상마을문화거리,40,양주 2025_07.csv,문화관광,테마공원
양주,2025,7,2025-07,163,경기도,양주시,아름다운비행,39,양주 2025_07.csv,문화관광,전시시설
양주,2025,7,2025-07,164,경기도,양주시,대승사,37,양주 2025_07.csv,역사관광,종교성지
양주,2025,7,2025-07,165,경기도,양주시,꿈을그리다,35,양주 2025_07.csv,문화관광,테마공원
양주,2025,7,2025-07,165,경기도,양주시,CQB LAB,35,양주 2025_07.csv,레저스포츠,육상레저스포츠
양주,2025,7,2025-07,167,경기도,양주시,그리드알파,34,양주 2025_07.csv,레저스포츠,육상레저스포츠
양주,2025,7,2025-07,167,경기도,양주시,북한산국립공원교현탐방지원센터,34,양주 2025_07.csv,기타관광,기타관광
양주,2025,7,2025-07,169,경기도,양주시,원당낚시터,32,양주 2025_07.csv,레저스포츠,수상레저스포츠
양주,2025,7,2025-07,170,경기도,양주시,기산리유원지,30,양주 2025_07.csv,문화관광,복합관광시설
양주,2025,7,2025-07,170,경기도,양주시,베이스캠프,30,양주 2025_07.csv,레저스포츠,기타레저스포츠
양주,2025,7,2025-07,172,경기도,양주시,무키무키양주회천점,27,양주 2025_07.csv,문화관광,테마공원
양주,2025,7,2025-07,173,경기도,양주시,백석학습관,26,양주 2025_07.csv,체험관광,체험관광기타
양주,2025,7,2025-07,173,경기도,양주시,클라임크루,26,양주 2025_07.csv,레저스포츠,기타레저스포츠
양주,2025,7,2025-07,173,경기도,양주시,광적생활체육공원,26,양주 2025_07.csv,문화관광,도시공원
양주,2025,7,2025-07,173,경기도,양주시,양주향교,26,양주 2025_07.csv,역사관광,역사유적지
양주,2025,7,2025-07,177,경기도,양주시,양주시티스타디움,25,양주 2025_07.csv,문화관광,레저스포츠시설
양주,2025,7,2025-07,177,경기도,양주시,불곡산,25,양주 2025_07.csv,자연관광,자연경관(산)
양주,2025,7,2025-07,179,경기도,양주시,옥정생태숲공원,24,양주 2025_07.csv,문화관광,도시공원
양주,2025,7,2025-07,179,경기도,양주시,노고산주말농장,24,양주 2025_07.csv,체험관광,농/산/어촌체험
양주,2025,7,2025-07,181,경기도,양주시,샌드라이빙양주옥정점,23,양주 2025_07.csv,문화관광,테마공원
양주,2025,7,2025-07,181,경기도,양주시,어둔리남방낚시터,23,양주 2025_07.csv,레저스포츠,수상레저스포츠
양주,2025,7,2025-07,181,경기도,양주시,살구골낚시터,23,양주 2025_07.csv,레저스포츠,수상레저스포츠
양주,2025,7,2025-07,181,경기도,양주시,북한산국립공원오봉탐방지원센터,23,양주 2025_07.csv,기타관광,기타관광
양주,2025,7,2025-07,185,경기도,양주시,무호정,22,양주 2025_07.csv,레저스포츠,육상레저스포츠
양주,2025,7,2025-07,186,경기도,양주시,윤근수사당,20,양주 2025_07.csv,역사관광,역사유적지
양주,2025,7,2025-07,186,경기도,양주시,양주인공암벽장,20,양주 2025_07.csv,레저스포츠,기타레저스포츠
양주,2025,7,2025-07,186,경기도,양주시,보메기낚시터,20,양주 2025_07.csv,레저스포츠,수상레저스포츠
양주,2025,7,2025-07,186,경기도,양주시,양주천보산림욕장,20,양주 2025_07.csv,자연관광,자연공원
양주,2025,7,2025-07,190,경기도,양주시,양주혁신리빙랩센터,19,양주 2025_07.csv,문화관광,기타문화관광지
양주,2025,7,2025-07,190,경기도,양주시,가나1아뜰리에,19,양주 2025_07.csv,문화관광,기타문화관광지
양주,2025,7,2025-07,190,경기도,양주시,양주농원,19,양주 2025_07.csv,체험관광,농/산/어촌체험
양주,2025,7,2025-07,193,경기도,양주시,꿀잼키즈룸양주옥정점,18,양주 2025_07.csv,문화관광,테마공원
양주,2025,7,2025-07,193,경기도,양주시,마스터풋볼클럽,18,양주 2025_07.csv,레저스포츠,기타레저스포츠
양주,2025,7,2025-07,193,경기도,양주시,파라에스트라양주,18,양주 2025_07.csv,레저스포츠,기타레저스포츠
양주,2025,7,2025-07,193,경기도,양주시,송추다보사,18,양주 2025_07.csv,역사관광,종교성지
양주,2025,7,2025-07,197,경기도,양주시,우리끼리 키즈카페 스포츠마을양주옥정점,17,양주 2025_07.csv,문화관광,테마공원
양주,2025,7,2025-07,198,경기도,양주시,에코야구장,16,양주 2025_07.csv,문화관광,레저스포츠시설
양주,2025,7,2025-07,199,경기도,양주시,옥정탁구클럽,15,양주 2025_07.csv,레저스포츠,기타레저스포츠
양주,2025,7,2025-07,199,경기도,양주시,효순.미선평화공원,15,양주 2025_07.csv,문화관광,도시공원
양주,2025,7,2025-07,199,경기도,양주시,나리다육,15,양주 2025_07.csv,체험관광,농/산/어촌체험
양주,2025,7,2025-07,199,경기도,양주시,홍복저수지,15,양주 2025_07.csv,자연관광,자연경관(하천/해양)
양주,2025,7,2025-07,199,경기도,양주시,각명사,15,양주 2025_07.csv,역사관광,종교성지
양주,2025,7,2025-07,199,경기도,양주시,북한산둘레길13구간,15,양주 2025_07.csv,레저스포츠,기타레저스포츠
양주,2025,7,2025-07,205,경기도,양주시,나리공원,14,양주 2025_07.csv,문화관광,도시공원
양주,2025,7,2025-07,205,경기도,양주시,동산가든낚시터,14,양주 2025_07.csv,레저스포츠,수상레저스포츠
양주,2025,7,2025-07,205,경기도,양주시,백석생활체육공원축구장,14,양주 2025_07.csv,문화관광,레저스포츠시설
양주,2025,7,2025-07,208,경기도,양주시,신암지,13,양주 2025_07.csv,자연관광,자연경관(하천/해양)
양주,2025,7,2025-07,208,경기도,양주시,오산산들근린공원,13,양주 2025_07.csv,문화관광,도시공원
양주,2025,7,2025-07,210,경기도,양주시,맑은물농원,12,양주 2025_07.csv,체험관광,농/산/어촌체험
양주,2025,7,2025-07,210,경기도,양주시,봉암낚시터,12,양주 2025_07.csv,레저스포츠,수상레저스포츠
양주,2025,7,2025-07,212,경기도,양주시,양주시립장욱진미술관통합매표소,11,양주 2025_07.csv,문화관광,복합관광시설
양주,2025,7,2025-07,212,경기도,양주시,원각폭포,11,양주 2025_07.csv,자연관광,자연경관(산)
양주,2025,7,2025-07,212,경기도,양주시,장흥버섯농장,11,양주 2025_07.csv,체험관광,농/산/어촌체험
양주,2025,7,2025-07,212,경기도,양주시,백석생활체육공원리틀야구장,11,양주 2025_07.csv,문화관광,레저스포츠시설
양주,2025,7,2025-07,216,경기도,양주시,호국일월사,10,양주 2025_07.csv,역사관광,종교성지
양주,2025,7,2025-07,216,경기도,양주시,스마트시티복합센터,10,양주 2025_07.csv,문화관광,기타문화관광지
양주,2025,7,2025-07,216,경기도,양주시,양주천만송이천일홍축제,10,양주 2025_07.csv,문화관광,기타문화관광지
양주,2025,7,2025-07,216,경기도,양주시,보타사,10,양주 2025_07.csv,역사관광,종교성지
양주,2025,7,2025-07,216,경기도,양주시,양주시 광사동 토리마을,10,양주 2025_07.csv,역사관광,역사유적지
양주,2025,7,2025-07,216,경기도,양주시,양주시티즌축구클럽,10,양주 2025_07.csv,문화관광,레저스포츠시설
양주,2025,7,2025-07,216,경기도,양주시,흥덕사,10,양주 2025_07.csv,역사관광,종교성지
양주,2025,7,2025-07,223,경기도,양주시,양주울대고개순직경찰관추도비,9,양주 2025_07.csv,역사관광,역사유물
양주,2025,7,2025-07,223,경기도,양주시,석우근린공원,9,양주 2025_07.csv,문화관광,도시공원
양주,2025,7,2025-07,223,경기도,양주시,봉우근린공원,9,양주 2025_07.csv,문화관광,도시공원
양주,2025,7,2025-07,223,경기도,양주시,스포케이션우리동네액티비티,9,양주 2025_07.csv,레저스포츠,기타레저스포츠
양주,2025,7,2025-07,223,경기도,양주시,비암사,9,양주 2025_07.csv,역사관광,종교성지
양주,2025,7,2025-07,228,경기도,양주시,홍죽산업단지근린공원,8,양주 2025_07.csv,문화관광,도시공원
양주,2025,7,2025-07,228,경기도,양주시,ECA평생교육원,8,양주 2025_07.csv,체험관광,체험관광기타
양주,2025,7,2025-07,228,경기도,양주시,양주시감동VR체험관,8,양주 2025_07.csv,레저스포츠,기타레저스포츠
양주,2025,7,2025-07,228,경기도,양주시,태평목장,8,양주 2025_07.csv,체험관광,농/산/어촌체험
양주,2025,7,2025-07,232,경기도,양주시,아지트배드민턴,7,양주 2025_07.csv,레저스포츠,기타레저스포츠
양주,2025,7,2025-07,232,경기도,양주시,청산버섯농장,7,양주 2025_07.csv,체험관광,농/산/어촌체험
양주,2025,7,2025-07,232,경기도,양주시,WJ복싱클럽옥정점,7,양주 2025_07.csv,레저스포츠,기타레저스포츠
양주,2025,7,2025-07,232,경기도,양주시,아이핑탁구클럽,7,양주 2025_07.csv,레저스포츠,기타레저스포츠
양주,2025,7,2025-07,232,경기도,양주시,위기복탁구아카데미,7,양주 2025_07.csv,레저스포츠,기타레저스포츠
양주,2025,7,2025-07,232,경기도,양주시,송암사,7,양주 2025_07.csv,역사관광,종교성지
양주,2025,7,2025-07,232,경기도,양주시,양주시 남면 맹골마을,7,양주 2025_07.csv,역사관광,역사유적지
양주,2025,7,2025-07,232,경기도,양주시,양주시 현충탑,7,양주 2025_07.csv,역사관광,역사유물
양주,2025,7,2025-07,232,경기도,양주시,고려대학교축구장,7,양주 2025_07.csv,문화관광,레저스포츠시설
양주,2025,7,2025-07,232,경기도,양주시,호국비룡사,7,양주 2025_07.csv,역사관광,종교성지
양주,2025,7,2025-07,232,경기도,양주시,양주골김치체험박물관,7,양주 2025_07.csv,문화관광,전시시설
양주,2025,7,2025-07,232,경기도,양주시,김삿갓쉼터,7,양주 2025_07.csv,문화관광,도시공원
양주,2025,7,2025-07,232,경기도,양주시,쌍용사,7,양주 2025_07.csv,역사관광,종교성지
양주,2025,7,2025-07,245,경기도,양주시,서오조경,6,양주 2025_07.csv,체험관광,농/산/어촌체험
양주,2025,7,2025-07,245,경기도,양주시,옥정청과,6,양주 2025_07.csv,쇼핑,시장
양주,2025,7,2025-07,245,경기도,양주시,모모앤던목공작업실,6,양주 2025_07.csv,체험관광,공예체험
양주,2025,7,2025-07,245,경기도,양주시,진영농장,6,양주 2025_07.csv,체험관광,농/산/어촌체험
양주,2025,7,2025-07,245,경기도,양주시,투혼정심관양주지부,6,양주 2025_07.csv,레저스포츠,기타레저스포츠
양주,2025,7,2025-07,245,경기도,양주시,아이키친양주점,6,양주 2025_07.csv,문화관광,테마공원
양주,2025,7,2025-07,245,경기도,양주시,국가대표복싱센터옥정점,6,양주 2025_07.csv,레저스포츠,기타레저스포츠
양주,2025,7,2025-07,245,경기도,양주시,송암천문대,6,양주 2025_07.csv,기타관광,기타관광
양주,2025,7,2025-07,245,경기도,양주시,연이도예공방,6,양주 2025_07.csv,체험관광,공예체험
양주,2025,7,2025-07,245,경기도,양주시,진도농원,6,양주 2025_07.csv,체험관광,농/산/어촌체험
양주,2025,7,2025-07,245,경기도,양주시,황용목장,6,양주 2025_07.csv,체험관광,농/산/어촌체험
양주,2025,7,2025-07,245,경기도,양주시,오상갤러리,6,양주 2025_07.csv,문화관광,전시시설
양주,2025,7,2025-07,257,경기도,양주시,양주산성배틀존필드,5,양주 2025_07.csv,레저스포츠,육상레저스포츠
양주,2025,7,2025-07,257,경기도,양주시,양주아트밸리눈썰매장,5,양주 2025_07.csv,레저스포츠,육상레저스포츠
양주,2025,7,2025-07,259,경기도,양주시,제삼목장,4,양주 2025_07.csv,체험관광,농/산/어촌체험
양주,2025,7,2025-07,259,경기도,양주시,고읍제2어린이공원,4,양주 2025_07.csv,문화관광,도시공원
양주,2025,7,2025-07,259,경기도,양주시,이슬농장,4,양주 2025_07.csv,체험관광,농/산/어촌체험
양주,2025,7,2025-07,259,경기도,양주시,회암고개,4,양주 2025_07.csv,자연관광,자연경관(산)
양주,2025,7,2025-07,259,경기도,양주시,부부관광농원,4,양주 2025_07.csv,체험관광,농/산/어촌체험
양주,2025,7,2025-07,259,경기도,양주시,문수사,4,양주 2025_07.csv,역사관광,종교성지
양주,2025,7,2025-07,265,경기도,양주시,양주풋살파크제2구장,3,양주 2025_07.csv,레저스포츠,기타레저스포츠
양주,2025,7,2025-07,265,경기도,양주시,익성농장,3,양주 2025_07.csv,체험관광,농/산/어촌체험
양주,2025,7,2025-07,265,경기도,양주시,나누리근린공원,3,양주 2025_07.csv,문화관광,도시공원
양주,2025,7,2025-07,265,경기도,양주시,양주블루베리농장,3,양주 2025_07.csv,체험관광,농/산/어촌체험
양주,2025,7,2025-07,265,경기도,양주시,양주시 백석읍 은봉산전원마을,3,양주 2025_07.csv,역사관광,역사유적지
양주,2025,7,2025-07,265,경기도,양주시,보현사,3,양주 2025_07.csv,역사관광,종교성지
양주,2025,7,2025-07,265,경기도,양주시,아이두과학,3,양주 2025_07.csv,체험관광,체험관광기타
양주,2025,7,2025-07,265,경기도,양주시,다은공방,3,양주 2025_07.csv,체험관광,공예체험
양주,2025,7,2025-07,265,경기도,양주시,양주문화예술회관발물놀이터,3,양주 2025_07.csv,문화관광,테마공원
양주,2025,7,2025-07,265,경기도,양주시,리틀웨일키즈풀파티룸,3,양주 2025_07.csv,문화관광,테마공원
양주,2025,7,2025-07,265,경기도,양주시,기산낚시터,3,양주 2025_07.csv,레저스포츠,수상레저스포츠
양주,2025,7,2025-07,265,경기도,양주시,훈이네농원,3,양주 2025_07.csv,체험관광,농/산/어촌체험
양주,2025,7,2025-07,265,경기도,양주시,다윗목장,3,양주 2025_07.csv,체험관광,농/산/어촌체험
양주,2025,7,2025-07,265,경기도,양주시,무아메메폴댄스,3,양주 2025_07.csv,레저스포츠,기타레저스포츠
양주,2025,7,2025-07,265,경기도,양주시,병수농원,3,양주 2025_07.csv,체험관광,농/산/어촌체험
양주,2025,7,2025-07,265,경기도,양주시,나릿물힐링꽃밭,3,양주 2025_07.csv,기타관광,기타관광
양주,2025,7,2025-07,265,경기도,양주시,사명복싱옥정중앙점,3,양주 2025_07.csv,레저스포츠,기타레저스포츠
양주,2025,7,2025-07,265,경기도,양주시,디프트,3,양주 2025_07.csv,체험관광,공예체험
양주,2025,7,2025-07,265,경기도,양주시,드론봇인재교육센터,3,양주 2025_07.csv,체험관광,체험관광기타
양주,2025,7,2025-07,265,경기도,양주시,도락산자연발생유원지,3,양주 2025_07.csv,문화관광,복합관광시설
양주,2025,7,2025-07,265,경기도,양주시,양주남면의느티나무,3,양주 2025_07.csv,역사관광,역사유적지
양주,2025,7,2025-07,265,경기도,양주시,연수농원,3,양주 2025_07.csv,체험관광,농/산/어촌체험
양주,2025,7,2025-07,265,경기도,양주시,수월사,3,양주 2025_07.csv,역사관광,종교성지
양주,2025,7,2025-07,265,경기도,양주시,양주시 회정동 장한마을,3,양주 2025_07.csv,역사관광,역사유적지
양주,2025,7,2025-07,265,경기도,양주시,은봉산,3,양주 2025_07.csv,자연관광,자연경관(산)
양주,2025,7,2025-07,265,경기도,양주시,모자농원,3,양주 2025_07.csv,체험관광,농/산/어촌체험
양주,2025,7,2025-07,265,경기도,양주시,소가리낚시터,3,양주 2025_07.csv,레저스포츠,수상레저스포츠
양주,2025,7,2025-07,265,경기도,양주시,신산장,3,양주 2025_07.csv,쇼핑,시장
양주,2025,7,2025-07,265,경기도,양주시,마하보디사,3,양주 2025_07.csv,역사관광,종교성지
양주,2025,7,2025-07,265,경기도,양주시,덕계낚시터,3,양주 2025_07.csv,레저스포츠,수상레저스포츠
양주,2025,7,2025-07,265,경기도,양주시,양주농촌테마공원,3,양주 2025_07.csv,문화관광,도시공원
양주,2025,7,2025-07,265,경기도,양주시,양주시 은현면 낙낙마을,3,양주 2025_07.csv,역사관광,역사유적지
양주,2025,7,2025-07,265,경기도,양주시,유한농장,3,양주 2025_07.csv,체험관광,농/산/어촌체험
양주,2025,7,2025-07,265,경기도,양주시,선그로원예,3,양주 2025_07.csv,체험관광,농/산/어촌체험
양주,2025,7,2025-07,265,경기도,양주시,삼훈행복농원,3,양주 2025_07.csv,체험관광,농/산/어촌체험
양주,2025,7,2025-07,265,경기도,양주시,광운정사,3,양주 2025_07.csv,역사관광,종교성지
양주,2025,7,2025-07,265,경기도,양주시,영풍농장,3,양주 2025_07.csv,체험관광,농/산/어촌체험
양주,2025,7,2025-07,265,경기도,양주시,디스코롤러장,3,양주 2025_07.csv,레저스포츠,육상레저스포츠
양주,2025,7,2025-07,265,경기도,양주시,홍법사,3,양주 2025_07.csv,역사관광,종교성지
양주,2025,8,2025-08,1,경기도,양주시,LF스퀘어양주점,9995,양주 2025_08.csv,쇼핑,쇼핑몰
양주,2025,8,2025-08,2,경기도,양주시,송추계곡,8056,양주 2025_08.csv,자연관광,자연경관(산)
양주,2025,8,2025-08,3,경기도,양주시,레이크우드CC,4247,양주 2025_08.csv,레저스포츠,육상레저스포츠
양주,2025,8,2025-08,4,경기도,양주시,CGV양주옥정,3466,양주 2025_08.csv,문화관광,공연시설
양주,2025,8,2025-08,5,경기도,양주시,송추CC,2824,양주 2025_08.csv,레저스포츠,육상레저스포츠
양주,2025,8,2025-08,6,경기도,양주시,두리랜드,2790,양주 2025_08.csv,문화관광,테마공원
양주,2025,8,2025-08,7,경기도,양주시,장흥관광지,2692,양주 2025_08.csv,문화관광,복합관광시설
양주,2025,8,2025-08,8,경기도,양주시,옥정호수공원,2270,양주 2025_08.csv,문화관광,도시공원
양주,2025,8,2025-08,9,경기도,양주시,히든밸리송추,2120,양주 2025_08.csv,문화관광,테마공원
양주,2025,8,2025-08,10,경기도,양주시,회암사지박물관,1717,양주 2025_08.csv,문화관광,전시시설
양주,2025,8,2025-08,11,경기도,양주시,그랜드유원지,1580,양주 2025_08.csv,기타관광,기타관광
양주,2025,8,2025-08,12,경기도,양주시,장흥한옥수영장,1466,양주 2025_08.csv,문화관광,테마공원
양주,2025,8,2025-08,13,경기도,양주시,양주시립장욱진미술관,1427,양주 2025_08.csv,문화관광,전시시설
양주,2025,8,2025-08,14,경기도,양주시,일영유원지,1347,양주 2025_08.csv,문화관광,복합관광시설
양주,2025,8,2025-08,15,경기도,양주시,송추로얄암반수수영장,1244,양주 2025_08.csv,문화관광,테마공원
양주,2025,8,2025-08,16,경기도,양주시,기산저수지,1110,양주 2025_08.csv,자연관광,자연경관(하천/해양)
양주,2025,8,2025-08,17,경기도,양주시,헤세의정원,1104,양주 2025_08.csv,문화관광,기타문화관광지
양주,2025,8,2025-08,18,경기도,양주시,신흥레저타운,986,양주 2025_08.csv,레저스포츠,기타레저스포츠
양주,2025,8,2025-08,19,경기도,양주시,루이힐스CC,975,양주 2025_08.csv,레저스포츠,육상레저스포츠
양주,2025,8,2025-08,20,경기도,양주시,가나아트파크,943,양주 2025_08.csv,문화관광,전시시설
양주,2025,8,2025-08,21,경기도,양주시,장흥계곡,931,양주 2025_08.csv,자연관광,자연경관(산)
양주,2025,8,2025-08,22,경기도,양주시,가래비만세시장,899,양주 2025_08.csv,쇼핑,시장
양주,2025,8,2025-08,22,경기도,양주시,양주유수풀파크&바베큐장,899,양주 2025_08.csv,문화관광,테마공원
양주,2025,8,2025-08,24,경기도,양주시,옥정체육공원,876,양주 2025_08.csv,문화관광,도시공원
양주,2025,8,2025-08,25,경기도,양주시,장흥자동차극장,819,양주 2025_08.csv,문화관광,공연시설
양주,2025,8,2025-08,26,경기도,양주시,송추역,818,양주 2025_08.csv,기타관광,교통시설
양주,2025,8,2025-08,27,경기도,양주시,일영워터힐,803,양주 2025_08.csv,문화관광,테마공원
양주,2025,8,2025-08,28,경기도,양주시,국립아세안자연휴양림,709,양주 2025_08.csv,자연관광,자연공원
양주,2025,8,2025-08,29,경기도,양주시,백석생활체육공원,659,양주 2025_08.csv,문화관광,도시공원
양주,2025,8,2025-08,30,경기도,양주시,유수풀물놀이장,649,양주 2025_08.csv,문화관광,테마공원
양주,2025,8,2025-08,31,경기도,양주시,회암사,580,양주 2025_08.csv,역사관광,종교성지
양주,2025,8,2025-08,32,경기도,양주시,일영랜드수영장,577,양주 2025_08.csv,문화관광,테마공원
양주,2025,8,2025-08,33,경기도,양주시,청련사,565,양주 2025_08.csv,역사관광,종교성지
양주,2025,8,2025-08,34,경기도,양주시,오림피아수영장,545,양주 2025_08.csv,문화관광,테마공원
양주,2025,8,2025-08,35,경기도,양주시,메가파크양주점,523,양주 2025_08.csv,문화관광,테마공원
양주,2025,8,2025-08,36,경기도,양주시,MBP리그,478,양주 2025_08.csv,문화관광,레저스포츠시설
양주,2025,8,2025-08,37,경기도,양주시,장흥역,464,양주 2025_08.csv,기타관광,교통시설
양주,2025,8,2025-08,38,경기도,양주시,어썸월드양주점,446,양주 2025_08.csv,기타관광,기타관광
양주,2025,8,2025-08,39,경기도,양주시,조명박물관,435,양주 2025_08.csv,문화관광,전시시설
양주,2025,8,2025-08,40,경기도,양주시,일영역,431,양주 2025_08.csv,기타관광,교통시설
양주,2025,8,2025-08,41,경기도,양주시,딱따구리청소년수련원,430,양주 2025_08.csv,레저스포츠,육상레저스포츠
양주,2025,8,2025-08,42,경기도,양주시,신천생활체육공원,405,양주 2025_08.csv,문화관광,도시공원
양주,2025,8,2025-08,43,경기도,양주시,헬로방방양주점,391,양주 2025_08.csv,문화관광,테마공원
양주,2025,8,2025-08,44,경기도,양주시,선돌근린공원,379,양주 2025_08.csv,문화관광,도시공원
양주,2025,8,2025-08,45,경기도,양주시,연꽃빌리지관광농원,368,양주 2025_08.csv,체험관광,농/산/어촌체험
양주,2025,8,2025-08,46,경기도,양주시,신흥레저워터월드,365,양주 2025_08.csv,문화관광,테마공원
양주,2025,8,2025-08,47,경기도,양주시,신암낚시터,364,양주 2025_08.csv,레저스포츠,수상레저스포츠
양주,2025,8,2025-08,48,경기도,양주시,토도,354,양주 2025_08.csv,문화관광,테마공원
양주,2025,8,2025-08,49,경기도,양주시,옥정배수지체육공원,350,양주 2025_08.csv,문화관광,도시공원
양주,2025,8,2025-08,50,경기도,양주시,장흥생활체육공원,343,양주 2025_08.csv,문화관광,도시공원
양주,2025,8,2025-08,51,경기도,양주시,양주시청소년수련원,333,양주 2025_08.csv,레저스포츠,육상레저스포츠
양주,2025,8,2025-08,51,경기도,양주시,스카이야구장,333,양주 2025_08.csv,문화관광,레저스포츠시설
양주,2025,8,2025-08,53,경기도,양주시,고덕생활체육공원,332,양주 2025_08.csv,문화관광,도시공원
양주,2025,8,2025-08,54,경기도,양주시,장흥돌고개유원지,322,양주 2025_08.csv,문화관광,복합관광시설
양주,2025,8,2025-08,55,경기도,양주시,원당저수지,321,양주 2025_08.csv,자연관광,자연경관(하천/해양)
양주,2025,8,2025-08,56,경기도,양주시,청암민속박물관,316,양주 2025_08.csv,문화관광,전시시설
양주,2025,8,2025-08,57,경기도,양주시,멜버른승마장,310,양주 2025_08.csv,레저스포츠,육상레저스포츠
양주,2025,8,2025-08,58,경기도,양주시,봉암저수지,301,양주 2025_08.csv,자연관광,자연경관(하천/해양)
양주,2025,8,2025-08,59,경기도,양주시,양주곤충박물관,295,양주 2025_08.csv,문화관광,전시시설
양주,2025,8,2025-08,60,경기도,양주시,스카이워터파크,294,양주 2025_08.csv,문화관광,테마공원
양주,2025,8,2025-08,61,경기도,양주시,나리농원,291,양주 2025_08.csv,체험관광,농/산/어촌체험
양주,2025,8,2025-08,62,경기도,양주시,장흥자생수목원,282,양주 2025_08.csv,자연관광,자연공원
양주,2025,8,2025-08,63,경기도,양주시,양주베이스볼파크,273,양주 2025_08.csv,문화관광,레저스포츠시설
양주,2025,8,2025-08,64,경기도,양주시,효촌저수지,267,양주 2025_08.csv,자연관광,자연경관(하천/해양)
양주,2025,8,2025-08,65,경기도,양주시,메가박스양주,266,양주 2025_08.csv,문화관광,공연시설
양주,2025,8,2025-08,66,경기도,양주시,독바위공원,264,양주 2025_08.csv,문화관광,도시공원
양주,2025,8,2025-08,67,경기도,양주시,ND야구장,260,양주 2025_08.csv,문화관광,레저스포츠시설
양주,2025,8,2025-08,68,경기도,양주시,장자원낚시터,253,양주 2025_08.csv,레저스포츠,수상레저스포츠
양주,2025,8,2025-08,69,경기도,양주시,송추낚시터,250,양주 2025_08.csv,레저스포츠,수상레저스포츠
양주,2025,8,2025-08,70,경기도,양주시,광백저수지,248,양주 2025_08.csv,자연관광,자연경관(하천/해양)
양주,2025,8,2025-08,71,경기도,양주시,송암스페이스센터,244,양주 2025_08.csv,기타관광,기타관광
양주,2025,8,2025-08,72,경기도,양주시,양주별산대놀이마당,239,양주 2025_08.csv,문화관광,기타문화관광지
양주,2025,8,2025-08,73,경기도,양주시,VIP야구장,238,양주 2025_08.csv,문화관광,레저스포츠시설
양주,2025,8,2025-08,74,경기도,양주시,EP베이스볼파크,228,양주 2025_08.csv,문화관광,레저스포츠시설
양주,2025,8,2025-08,75,경기도,양주시,장흥수영장,224,양주 2025_08.csv,문화관광,테마공원
양주,2025,8,2025-08,76,경기도,양주시,어둔리저수지,221,양주 2025_08.csv,자연관광,자연경관(하천/해양)
양주,2025,8,2025-08,77,경기도,양주시,양주팬텀실내풋살장,215,양주 2025_08.csv,레저스포츠,기타레저스포츠
양주,2025,8,2025-08,78,경기도,양주시,삼하낚시터,214,양주 2025_08.csv,레저스포츠,수상레저스포츠
양주,2025,8,2025-08,79,경기도,양주시,양주관아지,213,양주 2025_08.csv,역사관광,역사유적지
양주,2025,8,2025-08,80,경기도,양주시,더바이브클라이밍,211,양주 2025_08.csv,레저스포츠,기타레저스포츠
양주,2025,8,2025-08,81,경기도,양주시,장흥야구장,205,양주 2025_08.csv,문화관광,레저스포츠시설
양주,2025,8,2025-08,82,경기도,양주시,나리공원파크골프장,204,양주 2025_08.csv,레저스포츠,육상레저스포츠
양주,2025,8,2025-08,83,경기도,양주시,석굴암,202,양주 2025_08.csv,역사관광,종교성지
양주,2025,8,2025-08,84,경기도,양주시,지장사,201,양주 2025_08.csv,역사관광,종교성지
양주,2025,8,2025-08,85,경기도,양주시,대원정사,200,양주 2025_08.csv,역사관광,종교성지
양주,2025,8,2025-08,86,경기도,양주시,공존풋살파크양주점,198,양주 2025_08.csv,문화관광,레저스포츠시설
양주,2025,8,2025-08,86,경기도,양주시,장흥축구장,198,양주 2025_08.csv,문화관광,레저스포츠시설
양주,2025,8,2025-08,88,경기도,양주시,고읍축구장,194,양주 2025_08.csv,문화관광,레저스포츠시설
양주,2025,8,2025-08,89,경기도,양주시,양주풋살파크제1구장,189,양주 2025_08.csv,문화관광,레저스포츠시설
양주,2025,8,2025-08,90,경기도,양주시,한성승마클럽,182,양주 2025_08.csv,레저스포츠,육상레저스포츠
양주,2025,8,2025-08,91,경기도,양주시,양주테크노풋살센터,177,양주 2025_08.csv,레저스포츠,기타레저스포츠
양주,2025,8,2025-08,92,경기도,양주시,칠봉산CC,174,양주 2025_08.csv,레저스포츠,육상레저스포츠
양주,2025,8,2025-08,93,경기도,양주시,99풋살파크,173,양주 2025_08.csv,레저스포츠,기타레저스포츠
양주,2025,8,2025-08,94,경기도,양주시,마리조아승마클럽,168,양주 2025_08.csv,레저스포츠,육상레저스포츠
양주,2025,8,2025-08,95,경기도,양주시,양주시승마장,167,양주 2025_08.csv,레저스포츠,육상레저스포츠
양주,2025,8,2025-08,96,경기도,양주시,백석생활체육공원야구장,165,양주 2025_08.csv,문화관광,레저스포츠시설
양주,2025,8,2025-08,97,경기도,양주시,베베앙쥬베이비카페옥정점,164,양주 2025_08.csv,문화관광,테마공원
양주,2025,8,2025-08,98,경기도,양주시,세광사,157,양주 2025_08.csv,역사관광,종교성지
양주,2025,8,2025-08,99,경기도,양주시,롤러몬스터,152,양주 2025_08.csv,레저스포츠,기타레저스포츠
양주,2025,8,2025-08,100,경기도,양주시,육지장사,151,양주 2025_08.csv,역사관광,종교성지
양주,2025,8,2025-08,101,경기도,양주시,덕계저수지,149,양주 2025_08.csv,자연관광,자연경관(하천/해양)
양주,2025,8,2025-08,101,경기도,양주시,신산리공원,149,양주 2025_08.csv,문화관광,도시공원
양주,2025,8,2025-08,103,경기도,양주시,회암사지,146,양주 2025_08.csv,역사관광,역사유적지
양주,2025,8,2025-08,104,경기도,양주시,남경수목원,144,양주 2025_08.csv,체험관광,농/산/어촌체험
양주,2025,8,2025-08,105,경기도,양주시,양주시립민복진미술관,129,양주 2025_08.csv,문화관광,전시시설
양주,2025,8,2025-08,105,경기도,양주시,온릉,129,양주 2025_08.csv,역사관광,역사유적지
양주,2025,8,2025-08,107,경기도,양주시,송추아트밸리,128,양주 2025_08.csv,문화관광,도시공원
양주,2025,8,2025-08,108,경기도,양주시,덕계공원,124,양주 2025_08.csv,문화관광,도시공원
양주,2025,8,2025-08,109,경기도,양주시,삼숭생활체육공원,123,양주 2025_08.csv,문화관광,도시공원
양주,2025,8,2025-08,110,경기도,양주시,양주시공설파크골프장,118,양주 2025_08.csv,레저스포츠,육상레저스포츠
양주,2025,8,2025-08,111,경기도,양주시,은현피싱타운,110,양주 2025_08.csv,레저스포츠,수상레저스포츠
양주,2025,8,2025-08,112,경기도,양주시,한국축구센터,109,양주 2025_08.csv,문화관광,레저스포츠시설
양주,2025,8,2025-08,113,경기도,양주시,한마음청소년수련원수영장,108,양주 2025_08.csv,문화관광,테마공원
양주,2025,8,2025-08,114,경기도,양주시,옥정체육공원축구장,107,양주 2025_08.csv,문화관광,레저스포츠시설
양주,2025,8,2025-08,115,경기도,양주시,고려대학교송추야구장,106,양주 2025_08.csv,문화관광,레저스포츠시설
양주,2025,8,2025-08,116,경기도,양주시,원실내바다낚시터양주점,103,양주 2025_08.csv,레저스포츠,수상레저스포츠
양주,2025,8,2025-08,116,경기도,양주시,고고롤러장옥정점,103,양주 2025_08.csv,레저스포츠,육상레저스포츠
양주,2025,8,2025-08,118,경기도,양주시,광적생활체육공원축구장,100,양주 2025_08.csv,문화관광,레저스포츠시설
양주,2025,8,2025-08,119,경기도,양주시,어드벤처시티,91,양주 2025_08.csv,문화관광,테마공원
양주,2025,8,2025-08,120,경기도,양주시,나비랑키즈카페,90,양주 2025_08.csv,문화관광,테마공원
양주,2025,8,2025-08,121,경기도,양주시,키즈멧,89,양주 2025_08.csv,문화관광,테마공원
양주,2025,8,2025-08,121,경기도,양주시,일영낚시터,89,양주 2025_08.csv,레저스포츠,수상레저스포츠
양주,2025,8,2025-08,123,경기도,양주시,양주시 장흥면 천생연분마을,87,양주 2025_08.csv,역사관광,역사유적지
양주,2025,8,2025-08,123,경기도,양주시,송추원각사,87,양주 2025_08.csv,역사관광,종교성지
양주,2025,8,2025-08,125,경기도,양주시,덕정시장,86,양주 2025_08.csv,쇼핑,시장
양주,2025,8,2025-08,126,경기도,양주시,화담정사,85,양주 2025_08.csv,역사관광,종교성지
양주,2025,8,2025-08,127,경기도,양주시,안상철미술관,83,양주 2025_08.csv,문화관광,전시시설
양주,2025,8,2025-08,128,경기도,양주시,프레리키즈카페양주옥정점,81,양주 2025_08.csv,문화관광,테마공원
양주,2025,8,2025-08,129,경기도,양주시,그리드알파,80,양주 2025_08.csv,레저스포츠,육상레저스포츠
양주,2025,8,2025-08,130,경기도,양주시,북한산국립공원교현탐방지원센터,79,양주 2025_08.csv,기타관광,기타관광
양주,2025,8,2025-08,131,경기도,양주시,연곡저수지,78,양주 2025_08.csv,자연관광,자연경관(하천/해양)
양주,2025,8,2025-08,131,경기도,양주시,장흥조각공원,78,양주 2025_08.csv,문화관광,도시공원
양주,2025,8,2025-08,131,경기도,양주시,북한산국립공원오봉탐방지원센터,78,양주 2025_08.csv,기타관광,기타관광
양주,2025,8,2025-08,134,경기도,양주시,신천생활체육공원축구장,75,양주 2025_08.csv,문화관광,레저스포츠시설
양주,2025,8,2025-08,135,경기도,양주시,티제이풋살파크,73,양주 2025_08.csv,레저스포츠,기타레저스포츠
양주,2025,8,2025-08,135,경기도,양주시,777레지던스,73,양주 2025_08.csv,문화관광,전시시설
양주,2025,8,2025-08,137,경기도,양주시,타겟28실내양궁장,72,양주 2025_08.csv,레저스포츠,육상레저스포츠
양주,2025,8,2025-08,138,경기도,양주시,나리공원,69,양주 2025_08.csv,문화관광,도시공원
양주,2025,8,2025-08,138,경기도,양주시,금바위저수지,69,양주 2025_08.csv,자연관광,자연경관(하천/해양)
양주,2025,8,2025-08,140,경기도,양주시,못말낚시터,68,양주 2025_08.csv,레저스포츠,수상레저스포츠
양주,2025,8,2025-08,141,경기도,양주시,하늘물공원,65,양주 2025_08.csv,문화관광,도시공원
양주,2025,8,2025-08,142,경기도,양주시,칠봉산낚시터,63,양주 2025_08.csv,레저스포츠,수상레저스포츠
양주,2025,8,2025-08,143,경기도,양주시,조소앙선생기념관,62,양주 2025_08.csv,문화관광,전시시설
양주,2025,8,2025-08,144,경기도,양주시,선돌근린공원물놀이터,59,양주 2025_08.csv,문화관광,테마공원
양주,2025,8,2025-08,145,경기도,양주시,은현낚시터,58,양주 2025_08.csv,레저스포츠,수상레저스포츠
양주,2025,8,2025-08,145,경기도,양주시,원더풀키즈수영장,58,양주 2025_08.csv,문화관광,테마공원
양주,2025,8,2025-08,147,경기도,양주시,아름다운비행,54,양주 2025_08.csv,문화관광,전시시설
양주,2025,8,2025-08,147,경기도,양주시,테니스온탑양주점,54,양주 2025_08.csv,레저스포츠,기타레저스포츠
양주,2025,8,2025-08,147,경기도,양주시,더넘버스필드,54,양주 2025_08.csv,문화관광,레저스포츠시설
양주,2025,8,2025-08,150,경기도,양주시,백화암,52,양주 2025_08.csv,역사관광,종교성지
양주,2025,8,2025-08,150,경기도,양주시,권율장군묘,52,양주 2025_08.csv,역사관광,역사유적지
양주,2025,8,2025-08,150,경기도,양주시,불곡산,52,양주 2025_08.csv,자연관광,자연경관(산)
양주,2025,8,2025-08,150,경기도,양주시,광사낚시터,52,양주 2025_08.csv,레저스포츠,수상레저스포츠
양주,2025,8,2025-08,150,경기도,양주시,가나2아뜰리에,52,양주 2025_08.csv,문화관광,기타문화관광지
양주,2025,8,2025-08,155,경기도,양주시,강호이앤티,50,양주 2025_08.csv,레저스포츠,기타레저스포츠
양주,2025,8,2025-08,155,경기도,양주시,클라임크루,50,양주 2025_08.csv,레저스포츠,기타레저스포츠
양주,2025,8,2025-08,157,경기도,양주시,백석배수지생활체육공원,49,양주 2025_08.csv,문화관광,도시공원
양주,2025,8,2025-08,158,경기도,양주시,백수현전통가옥,48,양주 2025_08.csv,역사관광,역사유적지
양주,2025,8,2025-08,158,경기도,양주시,위바운스,48,양주 2025_08.csv,문화관광,테마공원
양주,2025,8,2025-08,160,경기도,양주시,모모앤던목공작업실,44,양주 2025_08.csv,체험관광,공예체험
양주,2025,8,2025-08,161,경기도,양주시,양주향교,43,양주 2025_08.csv,역사관광,역사유적지
양주,2025,8,2025-08,162,경기도,양주시,양주천보산림욕장,42,양주 2025_08.csv,자연관광,자연공원
양주,2025,8,2025-08,162,경기도,양주시,샘내고개,42,양주 2025_08.csv,자연관광,자연경관(산)
양주,2025,8,2025-08,164,경기도,양주시,CQB LAB,41,양주 2025_08.csv,레저스포츠,육상레저스포츠
양주,2025,8,2025-08,164,경기도,양주시,광적생활체육공원,41,양주 2025_08.csv,문화관광,도시공원
양주,2025,8,2025-08,166,경기도,양주시,효촌리낚시터,39,양주 2025_08.csv,레저스포츠,수상레저스포츠
양주,2025,8,2025-08,167,경기도,양주시,연화사,38,양주 2025_08.csv,역사관광,종교성지
양주,2025,8,2025-08,167,경기도,양주시,나리공원물놀이장,38,양주 2025_08.csv,문화관광,테마공원
양주,2025,8,2025-08,167,경기도,양주시,엄상마을문화거리,38,양주 2025_08.csv,문화관광,테마공원
양주,2025,8,2025-08,170,경기도,양주시,무키무키양주회천점,37,양주 2025_08.csv,문화관광,테마공원
양주,2025,8,2025-08,171,경기도,양주시,양주인공암벽장,33,양주 2025_08.csv,레저스포츠,기타레저스포츠
양주,2025,8,2025-08,171,경기도,양주시,어둔리남방낚시터,33,양주 2025_08.csv,레저스포츠,수상레저스포츠
양주,2025,8,2025-08,173,경기도,양주시,살구골낚시터,32,양주 2025_08.csv,레저스포츠,수상레저스포츠
양주,2025,8,2025-08,173,경기도,양주시,송추다보사,32,양주 2025_08.csv,역사관광,종교성지
양주,2025,8,2025-08,175,경기도,양주시,양주시감동VR체험관,30,양주 2025_08.csv,레저스포츠,기타레저스포츠
양주,2025,8,2025-08,175,경기도,양주시,백석생활체육공원리틀야구장,30,양주 2025_08.csv,문화관광,레저스포츠시설
양주,2025,8,2025-08,175,경기도,양주시,양주천만송이천일홍축제,30,양주 2025_08.csv,문화관광,기타문화관광지
양주,2025,8,2025-08,175,경기도,양주시,블랑팡,30,양주 2025_08.csv,문화관광,테마공원
양주,2025,8,2025-08,179,경기도,양주시,대승사,29,양주 2025_08.csv,역사관광,종교성지
양주,2025,8,2025-08,180,경기도,양주시,투혼정심관양주지부,28,양주 2025_08.csv,레저스포츠,기타레저스포츠
양주,2025,8,2025-08,180,경기도,양주시,드론봇인재교육센터,28,양주 2025_08.csv,체험관광,체험관광기타
양주,2025,8,2025-08,182,경기도,양주시,꿈을그리다,27,양주 2025_08.csv,문화관광,테마공원
양주,2025,8,2025-08,183,경기도,양주시,원당낚시터,26,양주 2025_08.csv,레저스포츠,수상레저스포츠
양주,2025,8,2025-08,184,경기도,양주시,기산리유원지,25,양주 2025_08.csv,문화관광,복합관광시설
양주,2025,8,2025-08,184,경기도,양주시,베이스캠프,25,양주 2025_08.csv,레저스포츠,기타레저스포츠
양주,2025,8,2025-08,186,경기도,양주시,공차실내풋살,24,양주 2025_08.csv,문화관광,레저스포츠시설
양주,2025,8,2025-08,187,경기도,양주시,양주시티스타디움,23,양주 2025_08.csv,문화관광,레저스포츠시설
양주,2025,8,2025-08,187,경기도,양주시,모자농원,23,양주 2025_08.csv,체험관광,농/산/어촌체험
양주,2025,8,2025-08,189,경기도,양주시,도락산자연발생유원지,22,양주 2025_08.csv,문화관광,복합관광시설
양주,2025,8,2025-08,190,경기도,양주시,홍복저수지,21,양주 2025_08.csv,자연관광,자연경관(하천/해양)
양주,2025,8,2025-08,190,경기도,양주시,양주시 광사동 토리마을,21,양주 2025_08.csv,역사관광,역사유적지
양주,2025,8,2025-08,192,경기도,양주시,맑은물농원,20,양주 2025_08.csv,체험관광,농/산/어촌체험
양주,2025,8,2025-08,193,경기도,양주시,양주혁신리빙랩센터,19,양주 2025_08.csv,문화관광,기타문화관광지
양주,2025,8,2025-08,193,경기도,양주시,원각폭포,19,양주 2025_08.csv,자연관광,자연경관(산)
양주,2025,8,2025-08,195,경기도,양주시,마스터풋볼클럽,18,양주 2025_08.csv,레저스포츠,기타레저스포츠
양주,2025,8,2025-08,195,경기도,양주시,흥덕사,18,양주 2025_08.csv,역사관광,종교성지
양주,2025,8,2025-08,197,경기도,양주시,꿀잼키즈룸양주옥정점,17,양주 2025_08.csv,문화관광,테마공원
양주,2025,8,2025-08,197,경기도,양주시,덕수레저타운,17,양주 2025_08.csv,레저스포츠,기타레저스포츠
양주,2025,8,2025-08,197,경기도,양주시,북한산둘레길13구간,17,양주 2025_08.csv,레저스포츠,기타레저스포츠
양주,2025,8,2025-08,197,경기도,양주시,양주시티즌축구클럽,17,양주 2025_08.csv,문화관광,레저스포츠시설
양주,2025,8,2025-08,201,경기도,양주시,신암지,16,양주 2025_08.csv,자연관광,자연경관(하천/해양)
양주,2025,8,2025-08,201,경기도,양주시,아이키친양주점,16,양주 2025_08.csv,문화관광,테마공원
양주,2025,8,2025-08,201,경기도,양주시,양주시스마트그린포트,16,양주 2025_08.csv,문화관광,기타문화관광지
양주,2025,8,2025-08,204,경기도,양주시,샌드라이빙양주옥정점,15,양주 2025_08.csv,문화관광,테마공원
양주,2025,8,2025-08,204,경기도,양주시,보메기낚시터,15,양주 2025_08.csv,레저스포츠,수상레저스포츠
양주,2025,8,2025-08,204,경기도,양주시,디스코롤러장,15,양주 2025_08.csv,레저스포츠,육상레저스포츠
양주,2025,8,2025-08,207,경기도,양주시,아이핑탁구클럽,14,양주 2025_08.csv,레저스포츠,기타레저스포츠
양주,2025,8,2025-08,207,경기도,양주시,송암사,14,양주 2025_08.csv,역사관광,종교성지
양주,2025,8,2025-08,207,경기도,양주시,봉암낚시터,14,양주 2025_08.csv,레저스포츠,수상레저스포츠
양주,2025,8,2025-08,207,경기도,양주시,호국비룡사,14,양주 2025_08.csv,역사관광,종교성지
양주,2025,8,2025-08,207,경기도,양주시,오상갤러리,14,양주 2025_08.csv,문화관광,전시시설
양주,2025,8,2025-08,212,경기도,양주시,옥정생태숲공원,13,양주 2025_08.csv,문화관광,도시공원
양주,2025,8,2025-08,212,경기도,양주시,덕계학습관,13,양주 2025_08.csv,체험관광,체험관광기타
양주,2025,8,2025-08,212,경기도,양주시,신상호스튜디오,13,양주 2025_08.csv,문화관광,전시시설
양주,2025,8,2025-08,215,경기도,양주시,효순.미선평화공원,12,양주 2025_08.csv,문화관광,도시공원
양주,2025,8,2025-08,215,경기도,양주시,우리끼리 키즈카페 스포츠마을양주옥정점,12,양주 2025_08.csv,문화관광,테마공원
양주,2025,8,2025-08,215,경기도,양주시,오산산들근린공원,12,양주 2025_08.csv,문화관광,도시공원
양주,2025,8,2025-08,215,경기도,양주시,무호정,12,양주 2025_08.csv,레저스포츠,육상레저스포츠
양주,2025,8,2025-08,215,경기도,양주시,양주아트밸리눈썰매장,12,양주 2025_08.csv,레저스포츠,육상레저스포츠
양주,2025,8,2025-08,215,경기도,양주시,연이도예공방,12,양주 2025_08.csv,체험관광,공예체험
양주,2025,8,2025-08,221,경기도,양주시,호국흥국사,11,양주 2025_08.csv,역사관광,종교성지
양주,2025,8,2025-08,221,경기도,양주시,가나1아뜰리에,11,양주 2025_08.csv,문화관광,기타문화관광지
양주,2025,8,2025-08,221,경기도,양주시,원학농장,11,양주 2025_08.csv,체험관광,농/산/어촌체험
양주,2025,8,2025-08,224,경기도,양주시,백인걸선생묘,10,양주 2025_08.csv,역사관광,역사유적지
양주,2025,8,2025-08,224,경기도,양주시,노고산주말농장,10,양주 2025_08.csv,체험관광,농/산/어촌체험
양주,2025,8,2025-08,226,경기도,양주시,아지트배드민턴,9,양주 2025_08.csv,레저스포츠,기타레저스포츠
양주,2025,8,2025-08,226,경기도,양주시,송암천문대,9,양주 2025_08.csv,기타관광,기타관광
양주,2025,8,2025-08,226,경기도,양주시,라플무인탁구장옥정점,9,양주 2025_08.csv,레저스포츠,기타레저스포츠
양주,2025,8,2025-08,229,경기도,양주시,다은공방,8,양주 2025_08.csv,체험관광,공예체험
양주,2025,8,2025-08,229,경기도,양주시,약사사,8,양주 2025_08.csv,역사관광,종교성지
양주,2025,8,2025-08,229,경기도,양주시,각명사,8,양주 2025_08.csv,역사관광,종교성지
양주,2025,8,2025-08,232,경기도,양주시,토리근린공원,7,양주 2025_08.csv,문화관광,도시공원
양주,2025,8,2025-08,232,경기도,양주시,준이목장,7,양주 2025_08.csv,체험관광,농/산/어촌체험
양주,2025,8,2025-08,232,경기도,양주시,짱탁구장양주옥정점,7,양주 2025_08.csv,레저스포츠,기타레저스포츠
양주,2025,8,2025-08,232,경기도,양주시,양주시 남면 초록지기마을,7,양주 2025_08.csv,역사관광,역사유적지
양주,2025,8,2025-08,232,경기도,양주시,양주시 회정동 장한마을,7,양주 2025_08.csv,역사관광,역사유적지
양주,2025,8,2025-08,232,경기도,양주시,동산가든낚시터,7,양주 2025_08.csv,레저스포츠,수상레저스포츠
양주,2025,8,2025-08,232,경기도,양주시,쌍용사,7,양주 2025_08.csv,역사관광,종교성지
양주,2025,8,2025-08,232,경기도,양주시,에코야구장,7,양주 2025_08.csv,문화관광,레저스포츠시설
양주,2025,8,2025-08,232,경기도,양주시,양주농원,7,양주 2025_08.csv,체험관광,농/산/어촌체험
양주,2025,8,2025-08,241,경기도,양주시,옥성농장,6,양주 2025_08.csv,체험관광,농/산/어촌체험
양주,2025,8,2025-08,241,경기도,양주시,국가대표복싱센터옥정점,6,양주 2025_08.csv,레저스포츠,기타레저스포츠
양주,2025,8,2025-08,241,경기도,양주시,사명복싱옥정중앙점,6,양주 2025_08.csv,레저스포츠,기타레저스포츠
양주,2025,8,2025-08,241,경기도,양주시,윤성에프앤비양주물류센터,6,양주 2025_08.csv,레저스포츠,수상레저스포츠
양주,2025,8,2025-08,241,경기도,양주시,사패산송추방면,6,양주 2025_08.csv,자연관광,자연경관(산)
양주,2025,8,2025-08,241,경기도,양주시,양주시 현충탑,6,양주 2025_08.csv,역사관광,역사유물
양주,2025,8,2025-08,241,경기도,양주시,부부관광농원,6,양주 2025_08.csv,체험관광,농/산/어촌체험
양주,2025,8,2025-08,241,경기도,양주시,천마사,6,양주 2025_08.csv,역사관광,종교성지
양주,2025,8,2025-08,241,경기도,양주시,사동포도원,6,양주 2025_08.csv,체험관광,농/산/어촌체험
양주,2025,8,2025-08,241,경기도,양주시,영산법화사,6,양주 2025_08.csv,역사관광,종교성지
양주,2025,8,2025-08,241,경기도,양주시,바른자세교정운동원,6,양주 2025_08.csv,레저스포츠,기타레저스포츠
양주,2025,8,2025-08,252,경기도,양주시,나누리근린공원,5,양주 2025_08.csv,문화관광,도시공원
양주,2025,8,2025-08,252,경기도,양주시,뽀로로맘앤키즈카페이마트양주점,5,양주 2025_08.csv,문화관광,테마공원
양주,2025,8,2025-08,254,경기도,양주시,양주시 백석읍 은봉산전원마을,4,양주 2025_08.csv,역사관광,역사유적지
양주,2025,8,2025-08,254,경기도,양주시,신주고개,4,양주 2025_08.csv,자연관광,자연경관(산)
양주,2025,8,2025-08,254,경기도,양주시,호국일월사,4,양주 2025_08.csv,역사관광,종교성지
양주,2025,8,2025-08,254,경기도,양주시,봉우근린공원,4,양주 2025_08.csv,문화관광,도시공원
양주,2025,8,2025-08,254,경기도,양주시,동광정사,4,양주 2025_08.csv,역사관광,종교성지
양주,2025,8,2025-08,254,경기도,양주시,여성봉,4,양주 2025_08.csv,자연관광,자연경관(산)
양주,2025,8,2025-08,254,경기도,양주시,황뱅이수변산책로,4,양주 2025_08.csv,레저스포츠,기타레저스포츠
양주,2025,8,2025-08,254,경기도,양주시,양주시 광적면 송구래미,4,양주 2025_08.csv,문화관광,도시/지역문화관광
양주,2025,8,2025-08,262,경기도,양주시,옥정탁구클럽,3,양주 2025_08.csv,레저스포츠,기타레저스포츠
양주,2025,8,2025-08,262,경기도,양주시,서오조경,3,양주 2025_08.csv,체험관광,농/산/어촌체험
양주,2025,8,2025-08,262,경기도,양주시,양주FC,3,양주 2025_08.csv,레저스포츠,기타레저스포츠
양주,2025,8,2025-08,262,경기도,양주시,체형교정연구소바르다,3,양주 2025_08.csv,레저스포츠,기타레저스포츠
양주,2025,8,2025-08,262,경기도,양주시,적미당,3,양주 2025_08.csv,쇼핑,시장
양주,2025,8,2025-08,262,경기도,양주시,옥정청과,3,양주 2025_08.csv,쇼핑,시장
양주,2025,8,2025-08,262,경기도,양주시,청산버섯농장,3,양주 2025_08.csv,체험관광,농/산/어촌체험
양주,2025,8,2025-08,262,경기도,양주시,홍죽산업단지근린공원,3,양주 2025_08.csv,문화관광,도시공원
양주,2025,8,2025-08,262,경기도,양주시,아버지공방,3,양주 2025_08.csv,체험관광,공예체험
양주,2025,8,2025-08,262,경기도,양주시,보현사,3,양주 2025_08.csv,역사관광,종교성지
양주,2025,8,2025-08,262,경기도,양주시,덕정소공원,3,양주 2025_08.csv,문화관광,도시공원
양주,2025,8,2025-08,262,경기도,양주시,진영농장,3,양주 2025_08.csv,체험관광,농/산/어촌체험
양주,2025,8,2025-08,262,경기도,양주시,리틀웨일키즈풀파티룸,3,양주 2025_08.csv,문화관광,테마공원
양주,2025,8,2025-08,262,경기도,양주시,나리다육,3,양주 2025_08.csv,체험관광,농/산/어촌체험
양주,2025,8,2025-08,262,경기도,양주시,이승욱갤러리왕의길,3,양주 2025_08.csv,문화관광,전시시설
양주,2025,8,2025-08,262,경기도,양주시,기산낚시터,3,양주 2025_08.csv,레저스포츠,수상레저스포츠
양주,2025,8,2025-08,262,경기도,양주시,다윗목장,3,양주 2025_08.csv,체험관광,농/산/어촌체험
양주,2025,8,2025-08,262,경기도,양주시,무아메메폴댄스,3,양주 2025_08.csv,레저스포츠,기타레저스포츠
양주,2025,8,2025-08,262,경기도,양주시,병수농원,3,양주 2025_08.csv,체험관광,농/산/어촌체험
양주,2025,8,2025-08,262,경기도,양주시,ECA평생교육원,3,양주 2025_08.csv,체험관광,체험관광기타
양주,2025,8,2025-08,262,경기도,양주시,양주산성배틀존필드,3,양주 2025_08.csv,레저스포츠,육상레저스포츠
양주,2025,8,2025-08,262,경기도,양주시,점프윙스줄넘기클럽양주옥정점,3,양주 2025_08.csv,레저스포츠,기타레저스포츠
양주,2025,8,2025-08,262,경기도,양주시,청수낚시터,3,양주 2025_08.csv,레저스포츠,수상레저스포츠
양주,2025,8,2025-08,262,경기도,양주시,파라에스트라양주,3,양주 2025_08.csv,레저스포츠,기타레저스포츠
양주,2025,8,2025-08,262,경기도,양주시,위기복탁구아카데미,3,양주 2025_08.csv,레저스포츠,기타레저스포츠
양주,2025,8,2025-08,262,경기도,양주시,준스피닝,3,양주 2025_08.csv,레저스포츠,기타레저스포츠
양주,2025,8,2025-08,262,경기도,양주시,양주남면의느티나무,3,양주 2025_08.csv,역사관광,역사유적지
양주,2025,8,2025-08,262,경기도,양주시,태평목장,3,양주 2025_08.csv,체험관광,농/산/어촌체험
양주,2025,8,2025-08,262,경기도,양주시,대영사슴목장,3,양주 2025_08.csv,체험관광,농/산/어촌체험
양주,2025,8,2025-08,262,경기도,양주시,양주시 남면 맹골마을,3,양주 2025_08.csv,역사관광,역사유적지
양주,2025,8,2025-08,262,경기도,양주시,도봉산,3,양주 2025_08.csv,자연관광,자연경관(산)
양주,2025,8,2025-08,262,경기도,양주시,제맥스탁구클럽,3,양주 2025_08.csv,레저스포츠,기타레저스포츠
양주,2025,8,2025-08,262,경기도,양주시,양주대모산성,3,양주 2025_08.csv,역사관광,역사유적지
양주,2025,8,2025-08,262,경기도,양주시,양주시 백석읍 안고령,3,양주 2025_08.csv,문화관광,도시/지역문화관광
양주,2025,8,2025-08,262,경기도,양주시,연화사,3,양주 2025_08.csv,역사관광,종교성지
양주,2025,8,2025-08,262,경기도,양주시,양주시립장욱진미술관통합매표소,3,양주 2025_08.csv,문화관광,복합관광시설
양주,2025,8,2025-08,262,경기도,양주시,소가리낚시터,3,양주 2025_08.csv,레저스포츠,수상레저스포츠
양주,2025,8,2025-08,262,경기도,양주시,덕계낚시터,3,양주 2025_08.csv,레저스포츠,수상레저스포츠
양주,2025,8,2025-08,262,경기도,양주시,양주농촌테마공원,3,양주 2025_08.csv,문화관광,도시공원
양주,2025,8,2025-08,262,경기도,양주시,백석생활체육공원축구장,3,양주 2025_08.csv,문화관광,레저스포츠시설
양주,2025,8,2025-08,262,경기도,양주시,낙락저수지,3,양주 2025_08.csv,자연관광,자연경관(하천/해양)
양주,2025,8,2025-08,262,경기도,양주시,양주골김치체험박물관,3,양주 2025_08.csv,문화관광,전시시설
양주,2025,8,2025-08,262,경기도,양주시,보타사,3,양주 2025_08.csv,역사관광,종교성지
양주,2025,8,2025-08,262,경기도,양주시,양주고읍유도체육관,3,양주 2025_08.csv,레저스포츠,기타레저스포츠
양주,2025,8,2025-08,262,경기도,양주시,불곡산농원,3,양주 2025_08.csv,체험관광,농/산/어촌체험
양주,2025,8,2025-08,262,경기도,양주시,비암사,3,양주 2025_08.csv,역사관광,종교성지
양주,2025,8,2025-08,262,경기도,양주시,홍법사,3,양주 2025_08.csv,역사관광,종교성지
양주,2025,8,2025-08,262,경기도,양주시,고장산,3,양주 2025_08.csv,자연관광,자연경관(산)
양주,2025,8,2025-08,262,경기도,양주시,황용목장,3,양주 2025_08.csv,체험관광,농/산/어촌체험
양주,2025,9,2025-09,1,경기도,양주시,LF스퀘어양주점,9749,양주 2025_09.csv,쇼핑,쇼핑몰
양주,2025,9,2025-09,2,경기도,양주시,나리농원,7062,양주 2025_09.csv,체험관광,농/산/어촌체험
양주,2025,9,2025-09,3,경기도,양주시,레이크우드CC,6807,양주 2025_09.csv,레저스포츠,육상레저스포츠
양주,2025,9,2025-09,4,경기도,양주시,송추CC,3850,양주 2025_09.csv,레저스포츠,육상레저스포츠
양주,2025,9,2025-09,5,경기도,양주시,양주천만송이천일홍축제,2982,양주 2025_09.csv,문화관광,기타문화관광지
양주,2025,9,2025-09,6,경기도,양주시,CGV양주옥정,2654,양주 2025_09.csv,문화관광,공연시설
양주,2025,9,2025-09,7,경기도,양주시,옥정호수공원,2480,양주 2025_09.csv,문화관광,도시공원
양주,2025,9,2025-09,8,경기도,양주시,송추계곡,2125,양주 2025_09.csv,자연관광,자연경관(산)
양주,2025,9,2025-09,9,경기도,양주시,회암사지박물관,2002,양주 2025_09.csv,문화관광,전시시설
양주,2025,9,2025-09,10,경기도,양주시,나리공원,1729,양주 2025_09.csv,문화관광,도시공원
양주,2025,9,2025-09,11,경기도,양주시,두리랜드,1438,양주 2025_09.csv,문화관광,테마공원
양주,2025,9,2025-09,12,경기도,양주시,양주관아지,1235,양주 2025_09.csv,역사관광,역사유적지
양주,2025,9,2025-09,13,경기도,양주시,장흥관광지,1169,양주 2025_09.csv,문화관광,복합관광시설
양주,2025,9,2025-09,14,경기도,양주시,루이힐스CC,1139,양주 2025_09.csv,레저스포츠,육상레저스포츠
양주,2025,9,2025-09,15,경기도,양주시,백석생활체육공원,1109,양주 2025_09.csv,문화관광,도시공원
양주,2025,9,2025-09,16,경기도,양주시,옥정체육공원,1038,양주 2025_09.csv,문화관광,도시공원
양주,2025,9,2025-09,17,경기도,양주시,기산저수지,915,양주 2025_09.csv,자연관광,자연경관(하천/해양)
양주,2025,9,2025-09,18,경기도,양주시,헤세의정원,841,양주 2025_09.csv,문화관광,기타문화관광지
양주,2025,9,2025-09,19,경기도,양주시,송추역,817,양주 2025_09.csv,기타관광,교통시설
양주,2025,9,2025-09,19,경기도,양주시,가래비만세시장,817,양주 2025_09.csv,쇼핑,시장
양주,2025,9,2025-09,21,경기도,양주시,가나아트파크,694,양주 2025_09.csv,문화관광,전시시설
양주,2025,9,2025-09,22,경기도,양주시,양주시립장욱진미술관,676,양주 2025_09.csv,문화관광,전시시설
양주,2025,9,2025-09,23,경기도,양주시,청련사,602,양주 2025_09.csv,역사관광,종교성지
양주,2025,9,2025-09,24,경기도,양주시,국립아세안자연휴양림,599,양주 2025_09.csv,자연관광,자연공원
양주,2025,9,2025-09,25,경기도,양주시,회암사,578,양주 2025_09.csv,역사관광,종교성지
양주,2025,9,2025-09,26,경기도,양주시,선돌근린공원,556,양주 2025_09.csv,문화관광,도시공원
양주,2025,9,2025-09,27,경기도,양주시,일영유원지,543,양주 2025_09.csv,문화관광,복합관광시설
양주,2025,9,2025-09,28,경기도,양주시,양주별산대놀이마당,531,양주 2025_09.csv,문화관광,기타문화관광지
양주,2025,9,2025-09,29,경기도,양주시,장흥자동차극장,495,양주 2025_09.csv,문화관광,공연시설
양주,2025,9,2025-09,30,경기도,양주시,신천생활체육공원,482,양주 2025_09.csv,문화관광,도시공원
양주,2025,9,2025-09,31,경기도,양주시,일영역,480,양주 2025_09.csv,기타관광,교통시설
양주,2025,9,2025-09,32,경기도,양주시,장흥생활체육공원,451,양주 2025_09.csv,문화관광,도시공원
양주,2025,9,2025-09,33,경기도,양주시,송암스페이스센터,371,양주 2025_09.csv,기타관광,기타관광
양주,2025,9,2025-09,34,경기도,양주시,어드벤처시티,347,양주 2025_09.csv,문화관광,테마공원
양주,2025,9,2025-09,35,경기도,양주시,신암낚시터,346,양주 2025_09.csv,레저스포츠,수상레저스포츠
양주,2025,9,2025-09,36,경기도,양주시,원당저수지,338,양주 2025_09.csv,자연관광,자연경관(하천/해양)
양주,2025,9,2025-09,37,경기도,양주시,조명박물관,333,양주 2025_09.csv,문화관광,전시시설
양주,2025,9,2025-09,38,경기도,양주시,딱따구리청소년수련원,324,양주 2025_09.csv,레저스포츠,육상레저스포츠
양주,2025,9,2025-09,39,경기도,양주시,독바위공원,317,양주 2025_09.csv,문화관광,도시공원
양주,2025,9,2025-09,40,경기도,양주시,MBP리그,312,양주 2025_09.csv,문화관광,레저스포츠시설
양주,2025,9,2025-09,41,경기도,양주시,고덕생활체육공원,304,양주 2025_09.csv,문화관광,도시공원
양주,2025,9,2025-09,42,경기도,양주시,남경수목원,295,양주 2025_09.csv,체험관광,농/산/어촌체험
양주,2025,9,2025-09,43,경기도,양주시,장흥역,294,양주 2025_09.csv,기타관광,교통시설
양주,2025,9,2025-09,44,경기도,양주시,나리공원물놀이장,288,양주 2025_09.csv,문화관광,테마공원
양주,2025,9,2025-09,44,경기도,양주시,나리공원파크골프장,288,양주 2025_09.csv,레저스포츠,육상레저스포츠
양주,2025,9,2025-09,46,경기도,양주시,봉암저수지,275,양주 2025_09.csv,자연관광,자연경관(하천/해양)
양주,2025,9,2025-09,46,경기도,양주시,장흥축구장,275,양주 2025_09.csv,문화관광,레저스포츠시설
양주,2025,9,2025-09,48,경기도,양주시,칠봉산CC,272,양주 2025_09.csv,레저스포츠,육상레저스포츠
양주,2025,9,2025-09,49,경기도,양주시,한성승마클럽,271,양주 2025_09.csv,레저스포츠,육상레저스포츠
양주,2025,9,2025-09,50,경기도,양주시,메가파크양주점,268,양주 2025_09.csv,문화관광,테마공원
양주,2025,9,2025-09,50,경기도,양주시,스카이야구장,268,양주 2025_09.csv,문화관광,레저스포츠시설
양주,2025,9,2025-09,52,경기도,양주시,신산리공원,266,양주 2025_09.csv,문화관광,도시공원
양주,2025,9,2025-09,52,경기도,양주시,옥정배수지체육공원,266,양주 2025_09.csv,문화관광,도시공원
양주,2025,9,2025-09,54,경기도,양주시,효촌저수지,261,양주 2025_09.csv,자연관광,자연경관(하천/해양)
양주,2025,9,2025-09,55,경기도,양주시,멜버른승마장,260,양주 2025_09.csv,레저스포츠,육상레저스포츠
양주,2025,9,2025-09,56,경기도,양주시,양주시청소년수련원,252,양주 2025_09.csv,레저스포츠,육상레저스포츠
양주,2025,9,2025-09,57,경기도,양주시,메가박스양주 휴업중,250,양주 2025_09.csv,문화관광,공연시설
양주,2025,9,2025-09,58,경기도,양주시,양주시승마장,246,양주 2025_09.csv,레저스포츠,육상레저스포츠
양주,2025,9,2025-09,59,경기도,양주시,어둔리저수지,243,양주 2025_09.csv,자연관광,자연경관(하천/해양)
양주,2025,9,2025-09,60,경기도,양주시,고읍축구장,242,양주 2025_09.csv,문화관광,레저스포츠시설
양주,2025,9,2025-09,60,경기도,양주시,광백저수지,242,양주 2025_09.csv,자연관광,자연경관(하천/해양)
양주,2025,9,2025-09,62,경기도,양주시,양주테크노풋살센터,225,양주 2025_09.csv,레저스포츠,기타레저스포츠
양주,2025,9,2025-09,63,경기도,양주시,양주풋살파크제1구장,223,양주 2025_09.csv,문화관광,레저스포츠시설
양주,2025,9,2025-09,64,경기도,양주시,양주베이스볼파크,216,양주 2025_09.csv,문화관광,레저스포츠시설
양주,2025,9,2025-09,65,경기도,양주시,장흥야구장,210,양주 2025_09.csv,문화관광,레저스포츠시설
양주,2025,9,2025-09,66,경기도,양주시,헬로방방양주점,209,양주 2025_09.csv,문화관광,테마공원
양주,2025,9,2025-09,67,경기도,양주시,송추낚시터,207,양주 2025_09.csv,레저스포츠,수상레저스포츠
양주,2025,9,2025-09,67,경기도,양주시,지장사,207,양주 2025_09.csv,역사관광,종교성지
양주,2025,9,2025-09,69,경기도,양주시,청암민속박물관,202,양주 2025_09.csv,문화관광,전시시설
양주,2025,9,2025-09,70,경기도,양주시,양주곤충박물관,201,양주 2025_09.csv,문화관광,전시시설
양주,2025,9,2025-09,71,경기도,양주시,ND야구장,198,양주 2025_09.csv,문화관광,레저스포츠시설
양주,2025,9,2025-09,71,경기도,양주시,VIP야구장,198,양주 2025_09.csv,문화관광,레저스포츠시설
양주,2025,9,2025-09,73,경기도,양주시,공존풋살파크양주점,195,양주 2025_09.csv,문화관광,레저스포츠시설
양주,2025,9,2025-09,74,경기도,양주시,장흥돌고개유원지,194,양주 2025_09.csv,문화관광,복합관광시설
양주,2025,9,2025-09,75,경기도,양주시,EP베이스볼파크,190,양주 2025_09.csv,문화관광,레저스포츠시설
양주,2025,9,2025-09,76,경기도,양주시,양주팬텀실내풋살장,189,양주 2025_09.csv,레저스포츠,기타레저스포츠
양주,2025,9,2025-09,77,경기도,양주시,연꽃빌리지관광농원,188,양주 2025_09.csv,체험관광,농/산/어촌체험
양주,2025,9,2025-09,78,경기도,양주시,장자원낚시터,186,양주 2025_09.csv,레저스포츠,수상레저스포츠
양주,2025,9,2025-09,79,경기도,양주시,장흥자생수목원,182,양주 2025_09.csv,자연관광,자연공원
양주,2025,9,2025-09,80,경기도,양주시,대원정사,180,양주 2025_09.csv,역사관광,종교성지
양주,2025,9,2025-09,81,경기도,양주시,회암사지,177,양주 2025_09.csv,역사관광,역사유적지
양주,2025,9,2025-09,82,경기도,양주시,99풋살파크,174,양주 2025_09.csv,레저스포츠,기타레저스포츠
양주,2025,9,2025-09,83,경기도,양주시,석굴암,171,양주 2025_09.csv,역사관광,종교성지
양주,2025,9,2025-09,84,경기도,양주시,그랜드유원지,169,양주 2025_09.csv,기타관광,기타관광
양주,2025,9,2025-09,85,경기도,양주시,삼하낚시터,168,양주 2025_09.csv,레저스포츠,수상레저스포츠
양주,2025,9,2025-09,86,경기도,양주시,옥정체육공원축구장,158,양주 2025_09.csv,문화관광,레저스포츠시설
양주,2025,9,2025-09,87,경기도,양주시,토도,156,양주 2025_09.csv,문화관광,테마공원
양주,2025,9,2025-09,87,경기도,양주시,양주시공설파크골프장,156,양주 2025_09.csv,레저스포츠,육상레저스포츠
양주,2025,9,2025-09,89,경기도,양주시,삼숭생활체육공원,151,양주 2025_09.csv,문화관광,도시공원
양주,2025,9,2025-09,89,경기도,양주시,송추아트밸리,151,양주 2025_09.csv,문화관광,도시공원
양주,2025,9,2025-09,89,경기도,양주시,백석생활체육공원야구장,151,양주 2025_09.csv,문화관광,레저스포츠시설
양주,2025,9,2025-09,92,경기도,양주시,덕계저수지,148,양주 2025_09.csv,자연관광,자연경관(하천/해양)
양주,2025,9,2025-09,93,경기도,양주시,마리조아승마클럽,146,양주 2025_09.csv,레저스포츠,육상레저스포츠
양주,2025,9,2025-09,94,경기도,양주시,하늘물공원,144,양주 2025_09.csv,문화관광,도시공원
양주,2025,9,2025-09,95,경기도,양주시,세광사,143,양주 2025_09.csv,역사관광,종교성지
양주,2025,9,2025-09,96,경기도,양주시,더바이브클라이밍,133,양주 2025_09.csv,레저스포츠,기타레저스포츠
양주,2025,9,2025-09,97,경기도,양주시,육지장사,127,양주 2025_09.csv,역사관광,종교성지
양주,2025,9,2025-09,98,경기도,양주시,온릉,126,양주 2025_09.csv,역사관광,역사유적지
양주,2025,9,2025-09,99,경기도,양주시,불곡산농원,123,양주 2025_09.csv,체험관광,농/산/어촌체험
양주,2025,9,2025-09,100,경기도,양주시,양주향교,122,양주 2025_09.csv,역사관광,역사유적지
양주,2025,9,2025-09,101,경기도,양주시,못말낚시터,117,양주 2025_09.csv,레저스포츠,수상레저스포츠
양주,2025,9,2025-09,102,경기도,양주시,화담정사,110,양주 2025_09.csv,역사관광,종교성지
양주,2025,9,2025-09,103,경기도,양주시,금바위저수지,109,양주 2025_09.csv,자연관광,자연경관(하천/해양)
양주,2025,9,2025-09,104,경기도,양주시,신흥레저타운,107,양주 2025_09.csv,레저스포츠,기타레저스포츠
양주,2025,9,2025-09,105,경기도,양주시,롤러몬스터,106,양주 2025_09.csv,레저스포츠,기타레저스포츠
양주,2025,9,2025-09,106,경기도,양주시,고려대학교송추야구장,104,양주 2025_09.csv,문화관광,레저스포츠시설
양주,2025,9,2025-09,107,경기도,양주시,장흥계곡,103,양주 2025_09.csv,자연관광,자연경관(산)
양주,2025,9,2025-09,107,경기도,양주시,어썸월드양주점,103,양주 2025_09.csv,기타관광,기타관광
양주,2025,9,2025-09,109,경기도,양주시,광적생활체육공원축구장,101,양주 2025_09.csv,문화관광,레저스포츠시설
양주,2025,9,2025-09,110,경기도,양주시,덕계공원,99,양주 2025_09.csv,문화관광,도시공원
양주,2025,9,2025-09,111,경기도,양주시,송추원각사,95,양주 2025_09.csv,역사관광,종교성지
양주,2025,9,2025-09,112,경기도,양주시,덕계학습관,94,양주 2025_09.csv,체험관광,체험관광기타
양주,2025,9,2025-09,113,경기도,양주시,북한산국립공원오봉탐방지원센터,91,양주 2025_09.csv,기타관광,기타관광
양주,2025,9,2025-09,114,경기도,양주시,안상철미술관,85,양주 2025_09.csv,문화관광,전시시설
양주,2025,9,2025-09,115,경기도,양주시,한국축구센터,84,양주 2025_09.csv,문화관광,레저스포츠시설
양주,2025,9,2025-09,116,경기도,양주시,연곡저수지,83,양주 2025_09.csv,자연관광,자연경관(하천/해양)
양주,2025,9,2025-09,117,경기도,양주시,베베앙쥬베이비카페옥정점,82,양주 2025_09.csv,문화관광,테마공원
양주,2025,9,2025-09,118,경기도,양주시,양주시 장흥면 천생연분마을,81,양주 2025_09.csv,역사관광,역사유적지
양주,2025,9,2025-09,119,경기도,양주시,일영랜드수영장,76,양주 2025_09.csv,문화관광,테마공원
양주,2025,9,2025-09,120,경기도,양주시,백석생활체육공원축구장,75,양주 2025_09.csv,문화관광,레저스포츠시설
양주,2025,9,2025-09,121,경기도,양주시,은현피싱타운,74,양주 2025_09.csv,레저스포츠,수상레저스포츠
양주,2025,9,2025-09,121,경기도,양주시,나비랑키즈카페,74,양주 2025_09.csv,문화관광,테마공원
양주,2025,9,2025-09,123,경기도,양주시,광적생활체육공원,73,양주 2025_09.csv,문화관광,도시공원
양주,2025,9,2025-09,124,경기도,양주시,북한산국립공원교현탐방지원센터,72,양주 2025_09.csv,기타관광,기타관광
양주,2025,9,2025-09,125,경기도,양주시,타겟28실내양궁장,71,양주 2025_09.csv,레저스포츠,육상레저스포츠
양주,2025,9,2025-09,126,경기도,양주시,양주시립민복진미술관,70,양주 2025_09.csv,문화관광,전시시설
양주,2025,9,2025-09,127,경기도,양주시,아름다운비행,69,양주 2025_09.csv,문화관광,전시시설
양주,2025,9,2025-09,128,경기도,양주시,클라임크루,68,양주 2025_09.csv,레저스포츠,기타레저스포츠
양주,2025,9,2025-09,128,경기도,양주시,그리드알파,68,양주 2025_09.csv,레저스포츠,육상레저스포츠
양주,2025,9,2025-09,130,경기도,양주시,원더풀키즈수영장,67,양주 2025_09.csv,문화관광,테마공원
양주,2025,9,2025-09,131,경기도,양주시,연화사,66,양주 2025_09.csv,역사관광,종교성지
양주,2025,9,2025-09,132,경기도,양주시,티제이풋살파크,61,양주 2025_09.csv,레저스포츠,기타레저스포츠
양주,2025,9,2025-09,133,경기도,양주시,덕정시장,59,양주 2025_09.csv,쇼핑,시장
양주,2025,9,2025-09,133,경기도,양주시,일영낚시터,59,양주 2025_09.csv,레저스포츠,수상레저스포츠
양주,2025,9,2025-09,133,경기도,양주시,히든밸리송추,59,양주 2025_09.csv,문화관광,테마공원
양주,2025,9,2025-09,136,경기도,양주시,777레지던스,58,양주 2025_09.csv,문화관광,전시시설
양주,2025,9,2025-09,137,경기도,양주시,테니스온탑양주점,57,양주 2025_09.csv,레저스포츠,기타레저스포츠
양주,2025,9,2025-09,138,경기도,양주시,신천생활체육공원축구장,54,양주 2025_09.csv,문화관광,레저스포츠시설
양주,2025,9,2025-09,139,경기도,양주시,백석배수지생활체육공원,53,양주 2025_09.csv,문화관광,도시공원
양주,2025,9,2025-09,139,경기도,양주시,샘내고개,53,양주 2025_09.csv,자연관광,자연경관(산)
양주,2025,9,2025-09,141,경기도,양주시,엄상마을문화거리,51,양주 2025_09.csv,문화관광,테마공원
양주,2025,9,2025-09,141,경기도,양주시,살구골낚시터,51,양주 2025_09.csv,레저스포츠,수상레저스포츠
양주,2025,9,2025-09,143,경기도,양주시,노고산주말농장,50,양주 2025_09.csv,체험관광,농/산/어촌체험
양주,2025,9,2025-09,144,경기도,양주시,원실내바다낚시터양주점,49,양주 2025_09.csv,레저스포츠,수상레저스포츠
양주,2025,9,2025-09,144,경기도,양주시,송암천문대,49,양주 2025_09.csv,기타관광,기타관광
양주,2025,9,2025-09,146,경기도,양주시,더넘버스필드,48,양주 2025_09.csv,문화관광,레저스포츠시설
양주,2025,9,2025-09,147,경기도,양주시,불곡산,46,양주 2025_09.csv,자연관광,자연경관(산)
양주,2025,9,2025-09,147,경기도,양주시,효촌리낚시터,46,양주 2025_09.csv,레저스포츠,수상레저스포츠
양주,2025,9,2025-09,149,경기도,양주시,고고롤러장옥정점,44,양주 2025_09.csv,레저스포츠,육상레저스포츠
양주,2025,9,2025-09,149,경기도,양주시,칠봉산낚시터,44,양주 2025_09.csv,레저스포츠,수상레저스포츠
양주,2025,9,2025-09,149,경기도,양주시,광사낚시터,44,양주 2025_09.csv,레저스포츠,수상레저스포츠
양주,2025,9,2025-09,152,경기도,양주시,은현낚시터,41,양주 2025_09.csv,레저스포츠,수상레저스포츠
양주,2025,9,2025-09,153,경기도,양주시,키즈멧,40,양주 2025_09.csv,문화관광,테마공원
양주,2025,9,2025-09,153,경기도,양주시,스카이워터파크,40,양주 2025_09.csv,문화관광,테마공원
양주,2025,9,2025-09,155,경기도,양주시,백석학습관,38,양주 2025_09.csv,체험관광,체험관광기타
양주,2025,9,2025-09,155,경기도,양주시,조소앙선생기념관,38,양주 2025_09.csv,문화관광,전시시설
양주,2025,9,2025-09,155,경기도,양주시,가나2아뜰리에,38,양주 2025_09.csv,문화관광,기타문화관광지
양주,2025,9,2025-09,158,경기도,양주시,덕수레저타운,36,양주 2025_09.csv,레저스포츠,기타레저스포츠
양주,2025,9,2025-09,159,경기도,양주시,무호정,35,양주 2025_09.csv,레저스포츠,육상레저스포츠
양주,2025,9,2025-09,160,경기도,양주시,백인걸선생묘,33,양주 2025_09.csv,역사관광,역사유적지
양주,2025,9,2025-09,161,경기도,양주시,북한산둘레길13구간,32,양주 2025_09.csv,레저스포츠,기타레저스포츠
양주,2025,9,2025-09,162,경기도,양주시,백화암,31,양주 2025_09.csv,역사관광,종교성지
양주,2025,9,2025-09,163,경기도,양주시,대승사,30,양주 2025_09.csv,역사관광,종교성지
양주,2025,9,2025-09,164,경기도,양주시,양주시티스타디움,29,양주 2025_09.csv,문화관광,레저스포츠시설
양주,2025,9,2025-09,164,경기도,양주시,장흥조각공원,29,양주 2025_09.csv,문화관광,도시공원
양주,2025,9,2025-09,164,경기도,양주시,프레리키즈카페양주옥정점,29,양주 2025_09.csv,문화관광,테마공원
양주,2025,9,2025-09,167,경기도,양주시,꿈을그리다,28,양주 2025_09.csv,문화관광,테마공원
양주,2025,9,2025-09,167,경기도,양주시,어둔리남방낚시터,28,양주 2025_09.csv,레저스포츠,수상레저스포츠
양주,2025,9,2025-09,167,경기도,양주시,삼훈행복농원,28,양주 2025_09.csv,체험관광,농/산/어촌체험
양주,2025,9,2025-09,170,경기도,양주시,양주인공암벽장,27,양주 2025_09.csv,레저스포츠,기타레저스포츠
양주,2025,9,2025-09,170,경기도,양주시,원학농장,27,양주 2025_09.csv,체험관광,농/산/어촌체험
양주,2025,9,2025-09,172,경기도,양주시,양주국가유산야행,26,양주 2025_09.csv,문화관광,기타문화관광지
양주,2025,9,2025-09,172,경기도,양주시,샌드라이빙양주옥정점,26,양주 2025_09.csv,문화관광,테마공원
양주,2025,9,2025-09,172,경기도,양주시,권율장군묘,26,양주 2025_09.csv,역사관광,역사유적지
양주,2025,9,2025-09,175,경기도,양주시,오산산들근린공원,25,양주 2025_09.csv,문화관광,도시공원
양주,2025,9,2025-09,176,경기도,양주시,강호이앤티,22,양주 2025_09.csv,레저스포츠,기타레저스포츠
양주,2025,9,2025-09,176,경기도,양주시,위바운스,22,양주 2025_09.csv,문화관광,테마공원
양주,2025,9,2025-09,176,경기도,양주시,비암사,22,양주 2025_09.csv,역사관광,종교성지
양주,2025,9,2025-09,179,경기도,양주시,베이스캠프,21,양주 2025_09.csv,레저스포츠,기타레저스포츠
양주,2025,9,2025-09,179,경기도,양주시,원당낚시터,21,양주 2025_09.csv,레저스포츠,수상레저스포츠
양주,2025,9,2025-09,179,경기도,양주시,백수현전통가옥,21,양주 2025_09.csv,역사관광,역사유적지
양주,2025,9,2025-09,179,경기도,양주시,홍복저수지,21,양주 2025_09.csv,자연관광,자연경관(하천/해양)
양주,2025,9,2025-09,183,경기도,양주시,마스터풋볼클럽,20,양주 2025_09.csv,레저스포츠,기타레저스포츠
양주,2025,9,2025-09,183,경기도,양주시,오림피아수영장,20,양주 2025_09.csv,문화관광,테마공원
양주,2025,9,2025-09,185,경기도,양주시,효순.미선평화공원,19,양주 2025_09.csv,문화관광,도시공원
양주,2025,9,2025-09,185,경기도,양주시,양주시종합관광안내센터,19,양주 2025_09.csv,기타관광,기타관광
양주,2025,9,2025-09,185,경기도,양주시,양주시 남면 맹골마을,19,양주 2025_09.csv,역사관광,역사유적지
양주,2025,9,2025-09,185,경기도,양주시,양주천보산림욕장,19,양주 2025_09.csv,자연관광,자연공원
양주,2025,9,2025-09,189,경기도,양주시,CQB LAB,18,양주 2025_09.csv,레저스포츠,육상레저스포츠
양주,2025,9,2025-09,189,경기도,양주시,각명사,18,양주 2025_09.csv,역사관광,종교성지
양주,2025,9,2025-09,189,경기도,양주시,부부관광농원,18,양주 2025_09.csv,체험관광,농/산/어촌체험
양주,2025,9,2025-09,192,경기도,양주시,블랑팡,16,양주 2025_09.csv,문화관광,테마공원
양주,2025,9,2025-09,193,경기도,양주시,일영워터힐,15,양주 2025_09.csv,문화관광,테마공원
양주,2025,9,2025-09,193,경기도,양주시,송추다보사,15,양주 2025_09.csv,역사관광,종교성지
양주,2025,9,2025-09,195,경기도,양주시,꿀잼키즈룸양주옥정점,14,양주 2025_09.csv,문화관광,테마공원
양주,2025,9,2025-09,195,경기도,양주시,백석생활체육공원리틀야구장,14,양주 2025_09.csv,문화관광,레저스포츠시설
양주,2025,9,2025-09,195,경기도,양주시,에코야구장,14,양주 2025_09.csv,문화관광,레저스포츠시설
양주,2025,9,2025-09,195,경기도,양주시,양주시티즌축구클럽,14,양주 2025_09.csv,문화관광,레저스포츠시설
양주,2025,9,2025-09,199,경기도,양주시,나누리근린공원,13,양주 2025_09.csv,문화관광,도시공원
양주,2025,9,2025-09,199,경기도,양주시,신암지,13,양주 2025_09.csv,자연관광,자연경관(하천/해양)
양주,2025,9,2025-09,199,경기도,양주시,옥정생태숲공원,13,양주 2025_09.csv,문화관광,도시공원
양주,2025,9,2025-09,199,경기도,양주시,아이키친양주점,13,양주 2025_09.csv,문화관광,테마공원
양주,2025,9,2025-09,199,경기도,양주시,약사사,13,양주 2025_09.csv,역사관광,종교성지
양주,2025,9,2025-09,204,경기도,양주시,국가대표복싱센터옥정점,12,양주 2025_09.csv,레저스포츠,기타레저스포츠
양주,2025,9,2025-09,204,경기도,양주시,양주남면의느티나무,12,양주 2025_09.csv,역사관광,역사유적지
양주,2025,9,2025-09,204,경기도,양주시,사동포도원,12,양주 2025_09.csv,체험관광,농/산/어촌체험
양주,2025,9,2025-09,204,경기도,양주시,디스코롤러장,12,양주 2025_09.csv,레저스포츠,육상레저스포츠
양주,2025,9,2025-09,208,경기도,양주시,양주관아지에서만나는특별한주말,11,양주 2025_09.csv,문화관광,기타문화관광지
양주,2025,9,2025-09,208,경기도,양주시,해유령전첩지,11,양주 2025_09.csv,역사관광,역사유적지
양주,2025,9,2025-09,208,경기도,양주시,양주아트밸리눈썰매장,11,양주 2025_09.csv,레저스포츠,육상레저스포츠
양주,2025,9,2025-09,211,경기도,양주시,양주혁신리빙랩센터,10,양주 2025_09.csv,문화관광,기타문화관광지
양주,2025,9,2025-09,211,경기도,양주시,점프윙스줄넘기클럽줄기차게,10,양주 2025_09.csv,레저스포츠,기타레저스포츠
양주,2025,9,2025-09,213,경기도,양주시,홍죽산업단지근린공원,9,양주 2025_09.csv,문화관광,도시공원
양주,2025,9,2025-09,213,경기도,양주시,가나1아뜰리에,9,양주 2025_09.csv,문화관광,기타문화관광지
양주,2025,9,2025-09,213,경기도,양주시,용암낚시터,9,양주 2025_09.csv,레저스포츠,수상레저스포츠
양주,2025,9,2025-09,213,경기도,양주시,훈이네농원,9,양주 2025_09.csv,체험관광,농/산/어촌체험
양주,2025,9,2025-09,213,경기도,양주시,기원정사,9,양주 2025_09.csv,역사관광,종교성지
양주,2025,9,2025-09,213,경기도,양주시,봉암낚시터,9,양주 2025_09.csv,레저스포츠,수상레저스포츠
양주,2025,9,2025-09,213,경기도,양주시,천마사,9,양주 2025_09.csv,역사관광,종교성지
양주,2025,9,2025-09,220,경기도,양주시,옥정탁구클럽,8,양주 2025_09.csv,레저스포츠,기타레저스포츠
양주,2025,9,2025-09,220,경기도,양주시,무키무키양주회천점,8,양주 2025_09.csv,문화관광,테마공원
양주,2025,9,2025-09,220,경기도,양주시,드론봇인재교육센터,8,양주 2025_09.csv,체험관광,체험관광기타
양주,2025,9,2025-09,220,경기도,양주시,양주대모산성,8,양주 2025_09.csv,역사관광,역사유적지
양주,2025,9,2025-09,220,경기도,양주시,호국비룡사,8,양주 2025_09.csv,역사관광,종교성지
양주,2025,9,2025-09,220,경기도,양주시,양주유수풀파크&바베큐장,8,양주 2025_09.csv,문화관광,테마공원
양주,2025,9,2025-09,226,경기도,양주시,서오조경,7,양주 2025_09.csv,체험관광,농/산/어촌체험
양주,2025,9,2025-09,226,경기도,양주시,아지트배드민턴,7,양주 2025_09.csv,레저스포츠,기타레저스포츠
양주,2025,9,2025-09,226,경기도,양주시,기산리유원지,7,양주 2025_09.csv,문화관광,복합관광시설
양주,2025,9,2025-09,226,경기도,양주시,양주시스마트그린포트,7,양주 2025_09.csv,문화관광,기타문화관광지
양주,2025,9,2025-09,226,경기도,양주시,회암고개,7,양주 2025_09.csv,자연관광,자연경관(산)
양주,2025,9,2025-09,226,경기도,양주시,연화사,7,양주 2025_09.csv,역사관광,종교성지
양주,2025,9,2025-09,226,경기도,양주시,양주산성야구장,7,양주 2025_09.csv,문화관광,레저스포츠시설
양주,2025,9,2025-09,226,경기도,양주시,장흥수영장,7,양주 2025_09.csv,문화관광,테마공원
양주,2025,9,2025-09,234,경기도,양주시,옥정청과,6,양주 2025_09.csv,쇼핑,시장
양주,2025,9,2025-09,234,경기도,양주시,독바위공원인라인스케이트장,6,양주 2025_09.csv,레저스포츠,기타레저스포츠
양주,2025,9,2025-09,234,경기도,양주시,다은공방,6,양주 2025_09.csv,체험관광,공예체험
양주,2025,9,2025-09,234,경기도,양주시,고읍제6어린이공원,6,양주 2025_09.csv,문화관광,도시공원
양주,2025,9,2025-09,234,경기도,양주시,다윗목장,6,양주 2025_09.csv,체험관광,농/산/어촌체험
양주,2025,9,2025-09,234,경기도,양주시,우리끼리 키즈카페 스포츠마을양주옥정점,6,양주 2025_09.csv,문화관광,테마공원
양주,2025,9,2025-09,234,경기도,양주시,덕정탁구클럽,6,양주 2025_09.csv,레저스포츠,기타레저스포츠
양주,2025,9,2025-09,234,경기도,양주시,태평목장,6,양주 2025_09.csv,체험관광,농/산/어촌체험
양주,2025,9,2025-09,234,경기도,양주시,천불사,6,양주 2025_09.csv,역사관광,종교성지
양주,2025,9,2025-09,234,경기도,양주시,고려대학교축구장,6,양주 2025_09.csv,문화관광,레저스포츠시설
양주,2025,9,2025-09,234,경기도,양주시,효진푸드,6,양주 2025_09.csv,쇼핑,시장
양주,2025,9,2025-09,234,경기도,양주시,동광정사,6,양주 2025_09.csv,역사관광,종교성지
양주,2025,9,2025-09,234,경기도,양주시,영산법화사,6,양주 2025_09.csv,역사관광,종교성지
양주,2025,9,2025-09,234,경기도,양주시,금륜정사,6,양주 2025_09.csv,역사관광,종교성지
양주,2025,9,2025-09,234,경기도,양주시,후평공원,6,양주 2025_09.csv,문화관광,도시공원
양주,2025,9,2025-09,234,경기도,양주시,홍법사,6,양주 2025_09.csv,역사관광,종교성지
양주,2025,9,2025-09,234,경기도,양주시,신상호스튜디오,6,양주 2025_09.csv,문화관광,전시시설
양주,2025,9,2025-09,251,경기도,양주시,나리다육,5,양주 2025_09.csv,체험관광,농/산/어촌체험
양주,2025,9,2025-09,251,경기도,양주시,비암재,5,양주 2025_09.csv,역사관광,역사유적지
양주,2025,9,2025-09,251,경기도,양주시,양주시감동VR체험관,5,양주 2025_09.csv,레저스포츠,기타레저스포츠
양주,2025,9,2025-09,251,경기도,양주시,봉우근린공원,5,양주 2025_09.csv,문화관광,도시공원
양주,2025,9,2025-09,251,경기도,양주시,아이핑탁구클럽,5,양주 2025_09.csv,레저스포츠,기타레저스포츠
양주,2025,9,2025-09,251,경기도,양주시,양주시 남면 초록지기마을,5,양주 2025_09.csv,역사관광,역사유적지
양주,2025,9,2025-09,251,경기도,양주시,두래농원,5,양주 2025_09.csv,체험관광,농/산/어촌체험
양주,2025,9,2025-09,251,경기도,양주시,보타사,5,양주 2025_09.csv,역사관광,종교성지
양주,2025,9,2025-09,259,경기도,양주시,토리근린공원,4,양주 2025_09.csv,문화관광,도시공원
양주,2025,9,2025-09,259,경기도,양주시,원주목장,4,양주 2025_09.csv,체험관광,농/산/어촌체험
양주,2025,9,2025-09,259,경기도,양주시,양주시 백석읍 은봉산전원마을,4,양주 2025_09.csv,역사관광,역사유적지
양주,2025,9,2025-09,259,경기도,양주시,양주지작사드론봇페스티벌,4,양주 2025_09.csv,문화관광,기타문화관광지
양주,2025,9,2025-09,259,경기도,양주시,무아메메폴댄스,4,양주 2025_09.csv,레저스포츠,기타레저스포츠
양주,2025,9,2025-09,259,경기도,양주시,ECA평생교육원,4,양주 2025_09.csv,체험관광,체험관광기타
양주,2025,9,2025-09,259,경기도,양주시,파라에스트라양주,4,양주 2025_09.csv,레저스포츠,기타레저스포츠
양주,2025,9,2025-09,259,경기도,양주시,짱탁구장양주옥정점,4,양주 2025_09.csv,레저스포츠,기타레저스포츠
양주,2025,9,2025-09,259,경기도,양주시,송암사,4,양주 2025_09.csv,역사관광,종교성지
양주,2025,9,2025-09,259,경기도,양주시,보현사,4,양주 2025_09.csv,역사관광,종교성지
양주,2025,9,2025-09,259,경기도,양주시,제맥스탁구클럽,4,양주 2025_09.csv,레저스포츠,기타레저스포츠
양주,2025,9,2025-09,259,경기도,양주시,부흥사,4,양주 2025_09.csv,역사관광,종교성지
양주,2025,9,2025-09,259,경기도,양주시,신산장,4,양주 2025_09.csv,쇼핑,시장
양주,2025,9,2025-09,259,경기도,양주시,스마트시티복합센터,4,양주 2025_09.csv,문화관광,기타문화관광지
양주,2025,9,2025-09,259,경기도,양주시,김삿갓쉼터,4,양주 2025_09.csv,문화관광,도시공원
양주,2025,9,2025-09,259,경기도,양주시,청담체육공원,4,양주 2025_09.csv,문화관광,도시공원
양주,2025,9,2025-09,259,경기도,양주시,고령산,4,양주 2025_09.csv,자연관광,자연경관(산)
양주,2025,9,2025-09,276,경기도,양주시,은현사,3,양주 2025_09.csv,역사관광,역사유적지
양주,2025,9,2025-09,276,경기도,양주시,양주울대고개순직경찰관추도비,3,양주 2025_09.csv,역사관광,역사유물
양주,2025,9,2025-09,276,경기도,양주시,양주풋살파크제2구장,3,양주 2025_09.csv,레저스포츠,기타레저스포츠
양주,2025,9,2025-09,276,경기도,양주시,체형교정연구소바르다,3,양주 2025_09.csv,레저스포츠,기타레저스포츠
양주,2025,9,2025-09,276,경기도,양주시,도자기공방숲,3,양주 2025_09.csv,체험관광,공예체험
양주,2025,9,2025-09,276,경기도,양주시,호국흥국사,3,양주 2025_09.csv,역사관광,종교성지
양주,2025,9,2025-09,276,경기도,양주시,신흥레저워터월드,3,양주 2025_09.csv,문화관광,테마공원
양주,2025,9,2025-09,276,경기도,양주시,진영농장,3,양주 2025_09.csv,체험관광,농/산/어촌체험
양주,2025,9,2025-09,276,경기도,양주시,금빛갤러리,3,양주 2025_09.csv,문화관광,전시시설
양주,2025,9,2025-09,276,경기도,양주시,기산낚시터,3,양주 2025_09.csv,레저스포츠,수상레저스포츠
양주,2025,9,2025-09,276,경기도,양주시,앤식깡,3,양주 2025_09.csv,체험관광,농/산/어촌체험
양주,2025,9,2025-09,276,경기도,양주시,쿠키팜,3,양주 2025_09.csv,체험관광,공예체험
양주,2025,9,2025-09,276,경기도,양주시,병수농원,3,양주 2025_09.csv,체험관광,농/산/어촌체험
양주,2025,9,2025-09,276,경기도,양주시,나릿물힐링꽃밭,3,양주 2025_09.csv,기타관광,기타관광
양주,2025,9,2025-09,276,경기도,양주시,호국일월사,3,양주 2025_09.csv,역사관광,종교성지
양주,2025,9,2025-09,276,경기도,양주시,사명복싱옥정중앙점,3,양주 2025_09.csv,레저스포츠,기타레저스포츠
양주,2025,9,2025-09,276,경기도,양주시,보메기낚시터,3,양주 2025_09.csv,레저스포츠,수상레저스포츠
양주,2025,9,2025-09,276,경기도,양주시,선돌근린공원물놀이터,3,양주 2025_09.csv,문화관광,테마공원
양주,2025,9,2025-09,276,경기도,양주시,양주라온탁구클럽,3,양주 2025_09.csv,레저스포츠,기타레저스포츠
양주,2025,9,2025-09,276,경기도,양주시,디프트,3,양주 2025_09.csv,체험관광,공예체험
양주,2025,9,2025-09,276,경기도,양주시,윤성에프앤비양주물류센터,3,양주 2025_09.csv,레저스포츠,수상레저스포츠
양주,2025,9,2025-09,276,경기도,양주시,허브힐,3,양주 2025_09.csv,문화관광,복합관광시설
양주,2025,9,2025-09,276,경기도,양주시,대장금눈썰매장,3,양주 2025_09.csv,레저스포츠,육상레저스포츠
양주,2025,9,2025-09,276,경기도,양주시,칠봉산천보터널방면,3,양주 2025_09.csv,자연관광,자연경관(산)
양주,2025,9,2025-09,276,경기도,양주시,양주시 회정동 장한마을,3,양주 2025_09.csv,역사관광,역사유적지
양주,2025,9,2025-09,276,경기도,양주시,도하저수지,3,양주 2025_09.csv,자연관광,자연경관(하천/해양)
양주,2025,9,2025-09,276,경기도,양주시,조소앙선생기념공원,3,양주 2025_09.csv,문화관광,도시공원
양주,2025,9,2025-09,276,경기도,양주시,유수풀물놀이장,3,양주 2025_09.csv,문화관광,테마공원
양주,2025,9,2025-09,276,경기도,양주시,송추로얄암반수수영장,3,양주 2025_09.csv,문화관광,테마공원
양주,2025,9,2025-09,276,경기도,양주시,마하보디사,3,양주 2025_09.csv,역사관광,종교성지
양주,2025,9,2025-09,276,경기도,양주시,덕계낚시터,3,양주 2025_09.csv,레저스포츠,수상레저스포츠
양주,2025,9,2025-09,276,경기도,양주시,동산가든낚시터,3,양주 2025_09.csv,레저스포츠,수상레저스포츠
양주,2025,9,2025-09,276,경기도,양주시,양주농촌테마공원,3,양주 2025_09.csv,문화관광,도시공원
양주,2025,9,2025-09,276,경기도,양주시,라온승마아카데미,3,양주 2025_09.csv,레저스포츠,육상레저스포츠
양주,2025,9,2025-09,276,경기도,양주시,여성봉,3,양주 2025_09.csv,자연관광,자연경관(산)
양주,2025,9,2025-09,276,경기도,양주시,배양농원,3,양주 2025_09.csv,체험관광,농/산/어촌체험
양주,2025,9,2025-09,276,경기도,양주시,쌍용사,3,양주 2025_09.csv,역사관광,종교성지
양주,2025,9,2025-09,276,경기도,양주시,선그로원예,3,양주 2025_09.csv,체험관광,농/산/어촌체험
양주,2025,9,2025-09,276,경기도,양주시,양주고읍유도체육관,3,양주 2025_09.csv,레저스포츠,기타레저스포츠
양주,2025,9,2025-09,276,경기도,양주시,양주시 광사동 토리마을,3,양주 2025_09.csv,역사관광,역사유적지
양주,2025,9,2025-09,276,경기도,양주시,월암사,3,양주 2025_09.csv,역사관광,종교성지
양주,2025,9,2025-09,276,경기도,양주시,황용목장,3,양주 2025_09.csv,체험관광,농/산/어촌체험
양주,2025,9,2025-09,276,경기도,양주시,이치경영연구소,3,양주 2025_09.csv,체험관광,체험관광기타
양주,2025,10,2025-10,1,경기도,양주시,LF스퀘어양주점,20864,양주 2025_10.csv,쇼핑,쇼핑몰
양주,2025,10,2025-10,2,경기도,양주시,나리농원,16531,양주 2025_10.csv,체험관광,농/산/어촌체험
양주,2025,10,2025-10,3,경기도,양주시,레이크우드CC,11915,양주 2025_10.csv,레저스포츠,육상레저스포츠
양주,2025,10,2025-10,4,경기도,양주시,송추CC,5567,양주 2025_10.csv,레저스포츠,육상레저스포츠
양주,2025,10,2025-10,5,경기도,양주시,나리공원,5474,양주 2025_10.csv,문화관광,도시공원
양주,2025,10,2025-10,6,경기도,양주시,CGV양주옥정,3936,양주 2025_10.csv,문화관광,공연시설
양주,2025,10,2025-10,7,경기도,양주시,옥정호수공원,3463,양주 2025_10.csv,문화관광,도시공원
양주,2025,10,2025-10,8,경기도,양주시,회암사지박물관,3360,양주 2025_10.csv,문화관광,전시시설
양주,2025,10,2025-10,9,경기도,양주시,두리랜드,3210,양주 2025_10.csv,문화관광,테마공원
양주,2025,10,2025-10,10,경기도,양주시,송추계곡,3109,양주 2025_10.csv,자연관광,자연경관(산)
양주,2025,10,2025-10,11,경기도,양주시,루이힐스CC,2102,양주 2025_10.csv,레저스포츠,육상레저스포츠
양주,2025,10,2025-10,12,경기도,양주시,청련사,2014,양주 2025_10.csv,역사관광,종교성지
양주,2025,10,2025-10,13,경기도,양주시,장흥관광지,1994,양주 2025_10.csv,문화관광,복합관광시설
양주,2025,10,2025-10,14,경기도,양주시,옥정체육공원,1738,양주 2025_10.csv,문화관광,도시공원
양주,2025,10,2025-10,15,경기도,양주시,기산저수지,1698,양주 2025_10.csv,자연관광,자연경관(하천/해양)
양주,2025,10,2025-10,16,경기도,양주시,백석생활체육공원,1608,양주 2025_10.csv,문화관광,도시공원
양주,2025,10,2025-10,17,경기도,양주시,헤세의정원,1403,양주 2025_10.csv,문화관광,기타문화관광지
양주,2025,10,2025-10,18,경기도,양주시,가나아트파크,1369,양주 2025_10.csv,문화관광,전시시설
양주,2025,10,2025-10,19,경기도,양주시,가래비만세시장,1287,양주 2025_10.csv,쇼핑,시장
양주,2025,10,2025-10,20,경기도,양주시,송추역,1244,양주 2025_10.csv,기타관광,교통시설
양주,2025,10,2025-10,21,경기도,양주시,양주시립장욱진미술관,1234,양주 2025_10.csv,문화관광,전시시설
양주,2025,10,2025-10,22,경기도,양주시,선돌근린공원,1151,양주 2025_10.csv,문화관광,도시공원
양주,2025,10,2025-10,23,경기도,양주시,회암사,1058,양주 2025_10.csv,역사관광,종교성지
양주,2025,10,2025-10,24,경기도,양주시,일영유원지,930,양주 2025_10.csv,문화관광,복합관광시설
양주,2025,10,2025-10,25,경기도,양주시,국립아세안자연휴양림,921,양주 2025_10.csv,자연관광,자연공원
양주,2025,10,2025-10,26,경기도,양주시,신암낚시터,861,양주 2025_10.csv,레저스포츠,수상레저스포츠
양주,2025,10,2025-10,27,경기도,양주시,일영역,756,양주 2025_10.csv,기타관광,교통시설
양주,2025,10,2025-10,28,경기도,양주시,양주지작사드론봇페스티벌,751,양주 2025_10.csv,문화관광,기타문화관광지
양주,2025,10,2025-10,29,경기도,양주시,양주관아지,727,양주 2025_10.csv,역사관광,역사유적지
양주,2025,10,2025-10,30,경기도,양주시,장흥자동차극장,718,양주 2025_10.csv,문화관광,공연시설
양주,2025,10,2025-10,31,경기도,양주시,양주별산대놀이마당,699,양주 2025_10.csv,문화관광,기타문화관광지
양주,2025,10,2025-10,32,경기도,양주시,지장사,662,양주 2025_10.csv,역사관광,종교성지
양주,2025,10,2025-10,33,경기도,양주시,메가파크양주점,655,양주 2025_10.csv,문화관광,테마공원
양주,2025,10,2025-10,34,경기도,양주시,한성승마클럽,599,양주 2025_10.csv,레저스포츠,육상레저스포츠
양주,2025,10,2025-10,35,경기도,양주시,옥정배수지체육공원,588,양주 2025_10.csv,문화관광,도시공원
양주,2025,10,2025-10,36,경기도,양주시,MBP리그,573,양주 2025_10.csv,문화관광,레저스포츠시설
양주,2025,10,2025-10,36,경기도,양주시,신천생활체육공원,573,양주 2025_10.csv,문화관광,도시공원
양주,2025,10,2025-10,38,경기도,양주시,나리공원물놀이장,562,양주 2025_10.csv,문화관광,테마공원
양주,2025,10,2025-10,39,경기도,양주시,봉암저수지,554,양주 2025_10.csv,자연관광,자연경관(하천/해양)
양주,2025,10,2025-10,40,경기도,양주시,원당저수지,547,양주 2025_10.csv,자연관광,자연경관(하천/해양)
양주,2025,10,2025-10,40,경기도,양주시,칠봉산CC,547,양주 2025_10.csv,레저스포츠,육상레저스포츠
양주,2025,10,2025-10,42,경기도,양주시,고덕생활체육공원,539,양주 2025_10.csv,문화관광,도시공원
양주,2025,10,2025-10,43,경기도,양주시,대원정사,536,양주 2025_10.csv,역사관광,종교성지
양주,2025,10,2025-10,44,경기도,양주시,청암민속박물관,535,양주 2025_10.csv,문화관광,전시시설
양주,2025,10,2025-10,45,경기도,양주시,딱따구리청소년수련원,533,양주 2025_10.csv,레저스포츠,육상레저스포츠
양주,2025,10,2025-10,46,경기도,양주시,송추낚시터,486,양주 2025_10.csv,레저스포츠,수상레저스포츠
양주,2025,10,2025-10,47,경기도,양주시,어드벤처시티,469,양주 2025_10.csv,문화관광,테마공원
양주,2025,10,2025-10,47,경기도,양주시,독바위공원,469,양주 2025_10.csv,문화관광,도시공원
양주,2025,10,2025-10,49,경기도,양주시,어둔리저수지,461,양주 2025_10.csv,자연관광,자연경관(하천/해양)
양주,2025,10,2025-10,50,경기도,양주시,장흥생활체육공원,453,양주 2025_10.csv,문화관광,도시공원
양주,2025,10,2025-10,51,경기도,양주시,멜버른승마장,443,양주 2025_10.csv,레저스포츠,육상레저스포츠
양주,2025,10,2025-10,52,경기도,양주시,어썸월드양주점,434,양주 2025_10.csv,기타관광,기타관광
양주,2025,10,2025-10,53,경기도,양주시,장흥역,422,양주 2025_10.csv,기타관광,교통시설
양주,2025,10,2025-10,54,경기도,양주시,양주풋살파크제1구장,420,양주 2025_10.csv,문화관광,레저스포츠시설
양주,2025,10,2025-10,55,경기도,양주시,나리공원파크골프장,409,양주 2025_10.csv,레저스포츠,육상레저스포츠
양주,2025,10,2025-10,56,경기도,양주시,효촌저수지,401,양주 2025_10.csv,자연관광,자연경관(하천/해양)
양주,2025,10,2025-10,57,경기도,양주시,토도,398,양주 2025_10.csv,문화관광,테마공원
양주,2025,10,2025-10,57,경기도,양주시,VIP야구장,398,양주 2025_10.csv,문화관광,레저스포츠시설
양주,2025,10,2025-10,59,경기도,양주시,양주베이스볼파크,396,양주 2025_10.csv,문화관광,레저스포츠시설
양주,2025,10,2025-10,60,경기도,양주시,헬로방방양주점,385,양주 2025_10.csv,문화관광,테마공원
양주,2025,10,2025-10,61,경기도,양주시,남경수목원,382,양주 2025_10.csv,체험관광,농/산/어촌체험
양주,2025,10,2025-10,62,경기도,양주시,회암사지,380,양주 2025_10.csv,역사관광,역사유적지
양주,2025,10,2025-10,63,경기도,양주시,양주시승마장,379,양주 2025_10.csv,레저스포츠,육상레저스포츠
양주,2025,10,2025-10,64,경기도,양주시,장흥자생수목원,378,양주 2025_10.csv,자연관광,자연공원
양주,2025,10,2025-10,65,경기도,양주시,공존풋살파크양주점,371,양주 2025_10.csv,문화관광,레저스포츠시설
양주,2025,10,2025-10,66,경기도,양주시,99풋살파크,362,양주 2025_10.csv,레저스포츠,기타레저스포츠
양주,2025,10,2025-10,67,경기도,양주시,양주테크노풋살센터,359,양주 2025_10.csv,레저스포츠,기타레저스포츠
양주,2025,10,2025-10,68,경기도,양주시,스카이야구장,355,양주 2025_10.csv,문화관광,레저스포츠시설
양주,2025,10,2025-10,69,경기도,양주시,장흥축구장,351,양주 2025_10.csv,문화관광,레저스포츠시설
양주,2025,10,2025-10,70,경기도,양주시,ND야구장,349,양주 2025_10.csv,문화관광,레저스포츠시설
양주,2025,10,2025-10,71,경기도,양주시,EP베이스볼파크,341,양주 2025_10.csv,문화관광,레저스포츠시설
양주,2025,10,2025-10,72,경기도,양주시,광백저수지,337,양주 2025_10.csv,자연관광,자연경관(하천/해양)
양주,2025,10,2025-10,73,경기도,양주시,광적생활체육공원축구장,321,양주 2025_10.csv,문화관광,레저스포츠시설
양주,2025,10,2025-10,74,경기도,양주시,신흥레저타운,320,양주 2025_10.csv,레저스포츠,기타레저스포츠
양주,2025,10,2025-10,75,경기도,양주시,양주시청소년수련원,317,양주 2025_10.csv,레저스포츠,육상레저스포츠
양주,2025,10,2025-10,76,경기도,양주시,송암스페이스센터,315,양주 2025_10.csv,기타관광,기타관광
양주,2025,10,2025-10,77,경기도,양주시,장자원낚시터,308,양주 2025_10.csv,레저스포츠,수상레저스포츠
양주,2025,10,2025-10,78,경기도,양주시,석굴암,297,양주 2025_10.csv,역사관광,종교성지
양주,2025,10,2025-10,79,경기도,양주시,삼하낚시터,281,양주 2025_10.csv,레저스포츠,수상레저스포츠
양주,2025,10,2025-10,80,경기도,양주시,온릉,277,양주 2025_10.csv,역사관광,역사유적지
양주,2025,10,2025-10,81,경기도,양주시,양주시공설파크골프장,275,양주 2025_10.csv,레저스포츠,육상레저스포츠
양주,2025,10,2025-10,81,경기도,양주시,메가박스양주 휴업중,275,양주 2025_10.csv,문화관광,공연시설
양주,2025,10,2025-10,83,경기도,양주시,고읍축구장,271,양주 2025_10.csv,문화관광,레저스포츠시설
양주,2025,10,2025-10,84,경기도,양주시,장흥돌고개유원지,270,양주 2025_10.csv,문화관광,복합관광시설
양주,2025,10,2025-10,85,경기도,양주시,양주곤충박물관,269,양주 2025_10.csv,문화관광,전시시설
양주,2025,10,2025-10,86,경기도,양주시,연꽃빌리지관광농원,261,양주 2025_10.csv,체험관광,농/산/어촌체험
양주,2025,10,2025-10,87,경기도,양주시,신산리공원,252,양주 2025_10.csv,문화관광,도시공원
양주,2025,10,2025-10,88,경기도,양주시,북한산국립공원오봉탐방지원센터,251,양주 2025_10.csv,기타관광,기타관광
양주,2025,10,2025-10,89,경기도,양주시,연화사,249,양주 2025_10.csv,역사관광,종교성지
양주,2025,10,2025-10,90,경기도,양주시,육지장사,239,양주 2025_10.csv,역사관광,종교성지
양주,2025,10,2025-10,91,경기도,양주시,마리조아승마클럽,238,양주 2025_10.csv,레저스포츠,육상레저스포츠
양주,2025,10,2025-10,92,경기도,양주시,옥정체육공원축구장,229,양주 2025_10.csv,문화관광,레저스포츠시설
양주,2025,10,2025-10,93,경기도,양주시,조명박물관,224,양주 2025_10.csv,문화관광,전시시설
양주,2025,10,2025-10,94,경기도,양주시,덕계저수지,221,양주 2025_10.csv,자연관광,자연경관(하천/해양)
양주,2025,10,2025-10,95,경기도,양주시,그랜드유원지,220,양주 2025_10.csv,기타관광,기타관광
양주,2025,10,2025-10,95,경기도,양주시,북한산국립공원교현탐방지원센터,220,양주 2025_10.csv,기타관광,기타관광
양주,2025,10,2025-10,97,경기도,양주시,삼숭생활체육공원,218,양주 2025_10.csv,문화관광,도시공원
양주,2025,10,2025-10,98,경기도,양주시,장흥야구장,211,양주 2025_10.csv,문화관광,레저스포츠시설
양주,2025,10,2025-10,99,경기도,양주시,더바이브클라이밍,209,양주 2025_10.csv,레저스포츠,기타레저스포츠
양주,2025,10,2025-10,100,경기도,양주시,하늘물공원,207,양주 2025_10.csv,문화관광,도시공원
양주,2025,10,2025-10,101,경기도,양주시,은현피싱타운,201,양주 2025_10.csv,레저스포츠,수상레저스포츠
양주,2025,10,2025-10,102,경기도,양주시,양주시 장흥면 천생연분마을,198,양주 2025_10.csv,역사관광,역사유적지
양주,2025,10,2025-10,103,경기도,양주시,베베앙쥬베이비카페옥정점,196,양주 2025_10.csv,문화관광,테마공원
양주,2025,10,2025-10,104,경기도,양주시,조소앙선생기념관,193,양주 2025_10.csv,문화관광,전시시설
양주,2025,10,2025-10,105,경기도,양주시,금바위저수지,192,양주 2025_10.csv,자연관광,자연경관(하천/해양)
양주,2025,10,2025-10,106,경기도,양주시,원실내바다낚시터양주점,181,양주 2025_10.csv,레저스포츠,수상레저스포츠
양주,2025,10,2025-10,107,경기도,양주시,화담정사,173,양주 2025_10.csv,역사관광,종교성지
양주,2025,10,2025-10,108,경기도,양주시,백석생활체육공원야구장,166,양주 2025_10.csv,문화관광,레저스포츠시설
양주,2025,10,2025-10,109,경기도,양주시,세광사,164,양주 2025_10.csv,역사관광,종교성지
양주,2025,10,2025-10,109,경기도,양주시,못말낚시터,164,양주 2025_10.csv,레저스포츠,수상레저스포츠
양주,2025,10,2025-10,111,경기도,양주시,광사낚시터,151,양주 2025_10.csv,레저스포츠,수상레저스포츠
양주,2025,10,2025-10,112,경기도,양주시,아름다운비행,149,양주 2025_10.csv,문화관광,전시시설
양주,2025,10,2025-10,112,경기도,양주시,롤러몬스터,149,양주 2025_10.csv,레저스포츠,기타레저스포츠
양주,2025,10,2025-10,114,경기도,양주시,광적생활체육공원,148,양주 2025_10.csv,문화관광,도시공원
양주,2025,10,2025-10,115,경기도,양주시,티제이풋살파크,145,양주 2025_10.csv,레저스포츠,기타레저스포츠
양주,2025,10,2025-10,116,경기도,양주시,원당낚시터,143,양주 2025_10.csv,레저스포츠,수상레저스포츠
양주,2025,10,2025-10,117,경기도,양주시,양주아트밸리눈썰매장,141,양주 2025_10.csv,레저스포츠,육상레저스포츠
양주,2025,10,2025-10,118,경기도,양주시,덕계공원,139,양주 2025_10.csv,문화관광,도시공원
양주,2025,10,2025-10,119,경기도,양주시,덕정시장,138,양주 2025_10.csv,쇼핑,시장
양주,2025,10,2025-10,119,경기도,양주시,타겟28실내양궁장,138,양주 2025_10.csv,레저스포츠,육상레저스포츠
양주,2025,10,2025-10,121,경기도,양주시,오산산들근린공원,136,양주 2025_10.csv,문화관광,도시공원
양주,2025,10,2025-10,122,경기도,양주시,송추아트밸리,133,양주 2025_10.csv,문화관광,도시공원
양주,2025,10,2025-10,123,경기도,양주시,송추원각사,132,양주 2025_10.csv,역사관광,종교성지
양주,2025,10,2025-10,124,경기도,양주시,일영낚시터,128,양주 2025_10.csv,레저스포츠,수상레저스포츠
양주,2025,10,2025-10,125,경기도,양주시,장흥조각공원,124,양주 2025_10.csv,문화관광,도시공원
양주,2025,10,2025-10,126,경기도,양주시,엄상마을문화거리,119,양주 2025_10.csv,문화관광,테마공원
양주,2025,10,2025-10,127,경기도,양주시,고려대학교송추야구장,117,양주 2025_10.csv,문화관광,레저스포츠시설
양주,2025,10,2025-10,128,경기도,양주시,백석배수지생활체육공원,115,양주 2025_10.csv,문화관광,도시공원
양주,2025,10,2025-10,128,경기도,양주시,연곡저수지,115,양주 2025_10.csv,자연관광,자연경관(하천/해양)
양주,2025,10,2025-10,128,경기도,양주시,은현낚시터,115,양주 2025_10.csv,레저스포츠,수상레저스포츠
양주,2025,10,2025-10,128,경기도,양주시,그리드알파,115,양주 2025_10.csv,레저스포츠,육상레저스포츠
양주,2025,10,2025-10,132,경기도,양주시,원더풀키즈수영장,112,양주 2025_10.csv,문화관광,테마공원
양주,2025,10,2025-10,133,경기도,양주시,불곡산,110,양주 2025_10.csv,자연관광,자연경관(산)
양주,2025,10,2025-10,133,경기도,양주시,샘내고개,110,양주 2025_10.csv,자연관광,자연경관(산)
양주,2025,10,2025-10,135,경기도,양주시,나비랑키즈카페,102,양주 2025_10.csv,문화관광,테마공원
양주,2025,10,2025-10,136,경기도,양주시,양주시립민복진미술관,101,양주 2025_10.csv,문화관광,전시시설
양주,2025,10,2025-10,137,경기도,양주시,가나2아뜰리에,100,양주 2025_10.csv,문화관광,기타문화관광지
양주,2025,10,2025-10,138,경기도,양주시,덕계학습관,99,양주 2025_10.csv,체험관광,체험관광기타
양주,2025,10,2025-10,139,경기도,양주시,백인걸선생묘,98,양주 2025_10.csv,역사관광,역사유적지
양주,2025,10,2025-10,139,경기도,양주시,효촌낚시터,98,양주 2025_10.csv,레저스포츠,수상레저스포츠
양주,2025,10,2025-10,141,경기도,양주시,양주천보산림욕장,97,양주 2025_10.csv,자연관광,자연공원
양주,2025,10,2025-10,142,경기도,양주시,양주향교,95,양주 2025_10.csv,역사관광,역사유적지
양주,2025,10,2025-10,143,경기도,양주시,777레지던스,94,양주 2025_10.csv,문화관광,전시시설
양주,2025,10,2025-10,143,경기도,양주시,한국축구센터,94,양주 2025_10.csv,문화관광,레저스포츠시설
양주,2025,10,2025-10,145,경기도,양주시,대승사,93,양주 2025_10.csv,역사관광,종교성지
양주,2025,10,2025-10,146,경기도,양주시,칠봉산낚시터,92,양주 2025_10.csv,레저스포츠,수상레저스포츠
양주,2025,10,2025-10,146,경기도,양주시,키즈멧,92,양주 2025_10.csv,문화관광,테마공원
양주,2025,10,2025-10,146,경기도,양주시,신천생활체육공원축구장,92,양주 2025_10.csv,문화관광,레저스포츠시설
양주,2025,10,2025-10,149,경기도,양주시,신암지,87,양주 2025_10.csv,자연관광,자연경관(하천/해양)
양주,2025,10,2025-10,149,경기도,양주시,더넘버스필드,87,양주 2025_10.csv,문화관광,레저스포츠시설
양주,2025,10,2025-10,151,경기도,양주시,백화암,86,양주 2025_10.csv,역사관광,종교성지
양주,2025,10,2025-10,152,경기도,양주시,강호이앤티,85,양주 2025_10.csv,레저스포츠,기타레저스포츠
양주,2025,10,2025-10,153,경기도,양주시,고고롤러장옥정점,84,양주 2025_10.csv,레저스포츠,육상레저스포츠
양주,2025,10,2025-10,154,경기도,양주시,안상철미술관,82,양주 2025_10.csv,문화관광,전시시설
양주,2025,10,2025-10,155,경기도,양주시,무호정,80,양주 2025_10.csv,레저스포츠,육상레저스포츠
양주,2025,10,2025-10,156,경기도,양주시,프레리키즈카페양주옥정점,79,양주 2025_10.csv,문화관광,테마공원
양주,2025,10,2025-10,157,경기도,양주시,덕수레저타운,75,양주 2025_10.csv,레저스포츠,기타레저스포츠
양주,2025,10,2025-10,158,경기도,양주시,살구골낚시터,71,양주 2025_10.csv,레저스포츠,수상레저스포츠
양주,2025,10,2025-10,159,경기도,양주시,북한산둘레길13구간,68,양주 2025_10.csv,레저스포츠,기타레저스포츠
양주,2025,10,2025-10,160,경기도,양주시,어둔리남방낚시터,66,양주 2025_10.csv,레저스포츠,수상레저스포츠
양주,2025,10,2025-10,161,경기도,양주시,불곡산농원,63,양주 2025_10.csv,체험관광,농/산/어촌체험
양주,2025,10,2025-10,162,경기도,양주시,모자농원,61,양주 2025_10.csv,체험관광,농/산/어촌체험
양주,2025,10,2025-10,163,경기도,양주시,윤근수사당,60,양주 2025_10.csv,역사관광,역사유적지
양주,2025,10,2025-10,164,경기도,양주시,장흥계곡,59,양주 2025_10.csv,자연관광,자연경관(산)
양주,2025,10,2025-10,164,경기도,양주시,동산가든낚시터,59,양주 2025_10.csv,레저스포츠,수상레저스포츠
양주,2025,10,2025-10,166,경기도,양주시,덕정탁구클럽,57,양주 2025_10.csv,레저스포츠,기타레저스포츠
양주,2025,10,2025-10,166,경기도,양주시,홍복저수지,57,양주 2025_10.csv,자연관광,자연경관(하천/해양)
양주,2025,10,2025-10,168,경기도,양주시,베이스캠프,56,양주 2025_10.csv,레저스포츠,기타레저스포츠
양주,2025,10,2025-10,168,경기도,양주시,봉암낚시터,56,양주 2025_10.csv,레저스포츠,수상레저스포츠
양주,2025,10,2025-10,170,경기도,양주시,효순.미선평화공원,55,양주 2025_10.csv,문화관광,도시공원
양주,2025,10,2025-10,170,경기도,양주시,고읍제4어린이공원,55,양주 2025_10.csv,문화관광,도시공원
양주,2025,10,2025-10,170,경기도,양주시,디스코롤러장,55,양주 2025_10.csv,레저스포츠,육상레저스포츠
양주,2025,10,2025-10,173,경기도,양주시,클라임크루,54,양주 2025_10.csv,레저스포츠,기타레저스포츠
양주,2025,10,2025-10,173,경기도,양주시,원학농장,54,양주 2025_10.csv,체험관광,농/산/어촌체험
양주,2025,10,2025-10,175,경기도,양주시,양주인공암벽장,53,양주 2025_10.csv,레저스포츠,기타레저스포츠
양주,2025,10,2025-10,175,경기도,양주시,송암천문대,53,양주 2025_10.csv,기타관광,기타관광
양주,2025,10,2025-10,177,경기도,양주시,꿈을그리다,52,양주 2025_10.csv,문화관광,테마공원
양주,2025,10,2025-10,177,경기도,양주시,사동포도원,52,양주 2025_10.csv,체험관광,농/산/어촌체험
양주,2025,10,2025-10,177,경기도,양주시,히든밸리송추,52,양주 2025_10.csv,문화관광,테마공원
양주,2025,10,2025-10,180,경기도,양주시,쌍용사,51,양주 2025_10.csv,역사관광,종교성지
양주,2025,10,2025-10,180,경기도,양주시,송추다보사,51,양주 2025_10.csv,역사관광,종교성지
양주,2025,10,2025-10,182,경기도,양주시,해유령전첩지,50,양주 2025_10.csv,역사관광,역사유적지
양주,2025,10,2025-10,183,경기도,양주시,양주시 남면 초록지기마을,48,양주 2025_10.csv,역사관광,역사유적지
양주,2025,10,2025-10,184,경기도,양주시,부부관광농원,47,양주 2025_10.csv,체험관광,농/산/어촌체험
양주,2025,10,2025-10,185,경기도,양주시,꿀잼키즈룸양주옥정점,45,양주 2025_10.csv,문화관광,테마공원
양주,2025,10,2025-10,185,경기도,양주시,위바운스,45,양주 2025_10.csv,문화관광,테마공원
양주,2025,10,2025-10,187,경기도,양주시,테니스온탑양주점,44,양주 2025_10.csv,레저스포츠,기타레저스포츠
양주,2025,10,2025-10,187,경기도,양주시,호국비룡사,44,양주 2025_10.csv,역사관광,종교성지
양주,2025,10,2025-10,189,경기도,양주시,각명사,43,양주 2025_10.csv,역사관광,종교성지
양주,2025,10,2025-10,190,경기도,양주시,백석생활체육공원리틀야구장,42,양주 2025_10.csv,문화관광,레저스포츠시설
양주,2025,10,2025-10,191,경기도,양주시,기산리유원지,41,양주 2025_10.csv,문화관광,복합관광시설
양주,2025,10,2025-10,191,경기도,양주시,에코야구장,41,양주 2025_10.csv,문화관광,레저스포츠시설
양주,2025,10,2025-10,193,경기도,양주시,권율장군묘,40,양주 2025_10.csv,역사관광,역사유적지
양주,2025,10,2025-10,194,경기도,양주시,옥성농장,38,양주 2025_10.csv,체험관광,농/산/어촌체험
양주,2025,10,2025-10,194,경기도,양주시,양주산성야구장,38,양주 2025_10.csv,문화관광,레저스포츠시설
양주,2025,10,2025-10,194,경기도,양주시,노고산주말농장,38,양주 2025_10.csv,체험관광,농/산/어촌체험
양주,2025,10,2025-10,197,경기도,양주시,백석학습관,36,양주 2025_10.csv,체험관광,체험관광기타
양주,2025,10,2025-10,197,경기도,양주시,가나1아뜰리에,36,양주 2025_10.csv,문화관광,기타문화관광지
양주,2025,10,2025-10,199,경기도,양주시,백석생활체육공원축구장,32,양주 2025_10.csv,문화관광,레저스포츠시설
양주,2025,10,2025-10,199,경기도,양주시,스카이워터파크,32,양주 2025_10.csv,문화관광,테마공원
양주,2025,10,2025-10,201,경기도,양주시,무키무키양주회천점,29,양주 2025_10.csv,문화관광,테마공원
양주,2025,10,2025-10,201,경기도,양주시,양주시티스타디움,29,양주 2025_10.csv,문화관광,레저스포츠시설
양주,2025,10,2025-10,201,경기도,양주시,블랑팡,29,양주 2025_10.csv,문화관광,테마공원
양주,2025,10,2025-10,204,경기도,양주시,다윗목장,28,양주 2025_10.csv,체험관광,농/산/어촌체험
양주,2025,10,2025-10,204,경기도,양주시,우리끼리 키즈카페 스포츠마을양주옥정점,28,양주 2025_10.csv,문화관광,테마공원
양주,2025,10,2025-10,204,경기도,양주시,양주시 남면 맹골마을,28,양주 2025_10.csv,역사관광,역사유적지
양주,2025,10,2025-10,207,경기도,양주시,샌드라이빙양주옥정점,26,양주 2025_10.csv,문화관광,테마공원
양주,2025,10,2025-10,207,경기도,양주시,연화사,26,양주 2025_10.csv,역사관광,종교성지
양주,2025,10,2025-10,209,경기도,양주시,나리다육,25,양주 2025_10.csv,체험관광,농/산/어촌체험
양주,2025,10,2025-10,209,경기도,양주시,칠봉산천보터널방면,25,양주 2025_10.csv,자연관광,자연경관(산)
양주,2025,10,2025-10,211,경기도,양주시,송암사,24,양주 2025_10.csv,역사관광,종교성지
양주,2025,10,2025-10,211,경기도,양주시,천마사,24,양주 2025_10.csv,역사관광,종교성지
양주,2025,10,2025-10,211,경기도,양주시,후평공원,24,양주 2025_10.csv,문화관광,도시공원
양주,2025,10,2025-10,214,경기도,양주시,홍죽산업단지근린공원,23,양주 2025_10.csv,문화관광,도시공원
양주,2025,10,2025-10,214,경기도,양주시,마스터풋볼클럽,23,양주 2025_10.csv,레저스포츠,기타레저스포츠
양주,2025,10,2025-10,214,경기도,양주시,오림피아수영장,23,양주 2025_10.csv,문화관광,테마공원
양주,2025,10,2025-10,214,경기도,양주시,보타사,23,양주 2025_10.csv,역사관광,종교성지
양주,2025,10,2025-10,218,경기도,양주시,윤성에프앤비양주물류센터,22,양주 2025_10.csv,레저스포츠,수상레저스포츠
양주,2025,10,2025-10,218,경기도,양주시,양주축협가축시장,22,양주 2025_10.csv,쇼핑,시장
양주,2025,10,2025-10,220,경기도,양주시,용암낚시터,21,양주 2025_10.csv,레저스포츠,수상레저스포츠
양주,2025,10,2025-10,220,경기도,양주시,나릿물힐링꽃밭,21,양주 2025_10.csv,기타관광,기타관광
양주,2025,10,2025-10,220,경기도,양주시,랑기1250도자기,21,양주 2025_10.csv,체험관광,공예체험
양주,2025,10,2025-10,220,경기도,양주시,백수현전통가옥,21,양주 2025_10.csv,역사관광,역사유적지
양주,2025,10,2025-10,220,경기도,양주시,김삿갓쉼터,21,양주 2025_10.csv,문화관광,도시공원
양주,2025,10,2025-10,225,경기도,양주시,나누리근린공원,20,양주 2025_10.csv,문화관광,도시공원
양주,2025,10,2025-10,225,경기도,양주시,양주시티즌축구클럽,20,양주 2025_10.csv,문화관광,레저스포츠시설
양주,2025,10,2025-10,227,경기도,양주시,양주울대고개순직경찰관추도비,19,양주 2025_10.csv,역사관광,역사유물
양주,2025,10,2025-10,227,경기도,양주시,광운정사,19,양주 2025_10.csv,역사관광,종교성지
양주,2025,10,2025-10,229,경기도,양주시,이승욱갤러리왕의길,18,양주 2025_10.csv,문화관광,전시시설
양주,2025,10,2025-10,229,경기도,양주시,양주시종합관광안내센터,18,양주 2025_10.csv,기타관광,기타관광
양주,2025,10,2025-10,229,경기도,양주시,봉우근린공원,18,양주 2025_10.csv,문화관광,도시공원
양주,2025,10,2025-10,229,경기도,양주시,민물장어양어장,18,양주 2025_10.csv,체험관광,농/산/어촌체험
양주,2025,10,2025-10,233,경기도,양주시,양주산성배틀존필드,17,양주 2025_10.csv,레저스포츠,육상레저스포츠
양주,2025,10,2025-10,233,경기도,양주시,스마트시티복합센터,17,양주 2025_10.csv,문화관광,기타문화관광지
양주,2025,10,2025-10,233,경기도,양주시,양주시 광사동 토리마을,17,양주 2025_10.csv,역사관광,역사유적지
양주,2025,10,2025-10,236,경기도,양주시,양주시 백석읍 은봉산전원마을,16,양주 2025_10.csv,역사관광,역사유적지
양주,2025,10,2025-10,236,경기도,양주시,양주시감동VR체험관,16,양주 2025_10.csv,레저스포츠,기타레저스포츠
양주,2025,10,2025-10,236,경기도,양주시,삼수니농장,16,양주 2025_10.csv,체험관광,농/산/어촌체험
양주,2025,10,2025-10,236,경기도,양주시,진도농원,16,양주 2025_10.csv,체험관광,농/산/어촌체험
양주,2025,10,2025-10,236,경기도,양주시,오상갤러리,16,양주 2025_10.csv,문화관광,전시시설
양주,2025,10,2025-10,241,경기도,양주시,파라에스트라양주,15,양주 2025_10.csv,레저스포츠,기타레저스포츠
양주,2025,10,2025-10,242,경기도,양주시,옥정청과,14,양주 2025_10.csv,쇼핑,시장
양주,2025,10,2025-10,242,경기도,양주시,토리근린공원,14,양주 2025_10.csv,문화관광,도시공원
양주,2025,10,2025-10,242,경기도,양주시,호국일월사,14,양주 2025_10.csv,역사관광,종교성지
양주,2025,10,2025-10,242,경기도,양주시,옥정생태숲공원,14,양주 2025_10.csv,문화관광,도시공원
양주,2025,10,2025-10,242,경기도,양주시,양주남면의느티나무,14,양주 2025_10.csv,역사관광,역사유적지
양주,2025,10,2025-10,242,경기도,양주시,마하보디사,14,양주 2025_10.csv,역사관광,종교성지
양주,2025,10,2025-10,242,경기도,양주시,낙락저수지,14,양주 2025_10.csv,자연관광,자연경관(하천/해양)
양주,2025,10,2025-10,249,경기도,양주시,양주혁신리빙랩센터,13,양주 2025_10.csv,문화관광,기타문화관광지
양주,2025,10,2025-10,249,경기도,양주시,본주짓수회천점,13,양주 2025_10.csv,레저스포츠,기타레저스포츠
양주,2025,10,2025-10,249,경기도,양주시,쿠키팜,13,양주 2025_10.csv,체험관광,공예체험
양주,2025,10,2025-10,249,경기도,양주시,감성숲,13,양주 2025_10.csv,체험관광,체험관광기타
양주,2025,10,2025-10,249,경기도,양주시,사명복싱옥정중앙점,13,양주 2025_10.csv,레저스포츠,기타레저스포츠
양주,2025,10,2025-10,249,경기도,양주시,양주시스마트그린포트,13,양주 2025_10.csv,문화관광,기타문화관광지
양주,2025,10,2025-10,249,경기도,양주시,효진푸드,13,양주 2025_10.csv,쇼핑,시장
양주,2025,10,2025-10,256,경기도,양주시,양주풋살파크제2구장,12,양주 2025_10.csv,레저스포츠,기타레저스포츠
양주,2025,10,2025-10,256,경기도,양주시,다은공방,12,양주 2025_10.csv,체험관광,공예체험
양주,2025,10,2025-10,256,경기도,양주시,아이핑탁구클럽,12,양주 2025_10.csv,레저스포츠,기타레저스포츠
양주,2025,10,2025-10,256,경기도,양주시,원각폭포,12,양주 2025_10.csv,자연관광,자연경관(산)
양주,2025,10,2025-10,256,경기도,양주시,감악산목장,12,양주 2025_10.csv,체험관광,농/산/어촌체험
양주,2025,10,2025-10,256,경기도,양주시,기산지,12,양주 2025_10.csv,자연관광,자연경관(하천/해양)
양주,2025,10,2025-10,256,경기도,양주시,신산장,12,양주 2025_10.csv,쇼핑,시장
양주,2025,10,2025-10,256,경기도,양주시,금륜정사,12,양주 2025_10.csv,역사관광,종교성지
양주,2025,10,2025-10,256,경기도,양주시,홍법사,12,양주 2025_10.csv,역사관광,종교성지
양주,2025,10,2025-10,256,경기도,양주시,이치경영연구소,12,양주 2025_10.csv,체험관광,체험관광기타
양주,2025,10,2025-10,266,경기도,양주시,보메기낚시터,11,양주 2025_10.csv,레저스포츠,수상레저스포츠
양주,2025,10,2025-10,266,경기도,양주시,라플무인탁구장옥정점,11,양주 2025_10.csv,레저스포츠,기타레저스포츠
양주,2025,10,2025-10,266,경기도,양주시,태평목장,11,양주 2025_10.csv,체험관광,농/산/어촌체험
양주,2025,10,2025-10,269,경기도,양주시,원주목장,10,양주 2025_10.csv,체험관광,농/산/어촌체험
양주,2025,10,2025-10,269,경기도,양주시,코스박스튜디오,10,양주 2025_10.csv,체험관광,공예체험
양주,2025,10,2025-10,269,경기도,양주시,보현사,10,양주 2025_10.csv,역사관광,종교성지
양주,2025,10,2025-10,269,경기도,양주시,천불사,10,양주 2025_10.csv,역사관광,종교성지
양주,2025,10,2025-10,269,경기도,양주시,유수풀물놀이장,10,양주 2025_10.csv,문화관광,테마공원
양주,2025,10,2025-10,269,경기도,양주시,일영랜드수영장,10,양주 2025_10.csv,문화관광,테마공원
양주,2025,10,2025-10,275,경기도,양주시,아지트배드민턴,9,양주 2025_10.csv,레저스포츠,기타레저스포츠
양주,2025,10,2025-10,275,경기도,양주시,천봉나전칠기체험관,9,양주 2025_10.csv,문화관광,기타문화관광지
양주,2025,10,2025-10,275,경기도,양주시,병수농원,9,양주 2025_10.csv,체험관광,농/산/어촌체험
양주,2025,10,2025-10,275,경기도,양주시,이수광선생묘,9,양주 2025_10.csv,역사관광,역사유적지
양주,2025,10,2025-10,275,경기도,양주시,회암고개,9,양주 2025_10.csv,자연관광,자연경관(산)
양주,2025,10,2025-10,275,경기도,양주시,연수농원,9,양주 2025_10.csv,체험관광,농/산/어촌체험
양주,2025,10,2025-10,275,경기도,양주시,도하저수지,9,양주 2025_10.csv,자연관광,자연경관(하천/해양)
양주,2025,10,2025-10,275,경기도,양주시,두래농원,9,양주 2025_10.csv,체험관광,농/산/어촌체험
양주,2025,10,2025-10,275,경기도,양주시,황뱅이수변산책로,9,양주 2025_10.csv,레저스포츠,기타레저스포츠
양주,2025,10,2025-10,275,경기도,양주시,월암사,9,양주 2025_10.csv,역사관광,종교성지
양주,2025,10,2025-10,275,경기도,양주시,양주농원,9,양주 2025_10.csv,체험관광,농/산/어촌체험
양주,2025,10,2025-10,286,경기도,양주시,호국흥국사,8,양주 2025_10.csv,역사관광,종교성지
양주,2025,10,2025-10,286,경기도,양주시,옥정투혼정심관,8,양주 2025_10.csv,레저스포츠,기타레저스포츠
양주,2025,10,2025-10,286,경기도,양주시,더예쁨미싱공방,8,양주 2025_10.csv,체험관광,공예체험
양주,2025,10,2025-10,286,경기도,양주시,구름재,8,양주 2025_10.csv,자연관광,자연경관(산)
양주,2025,10,2025-10,286,경기도,양주시,제6어린이공원,8,양주 2025_10.csv,문화관광,도시공원
양주,2025,10,2025-10,286,경기도,양주시,양주유수풀파크&바베큐장,8,양주 2025_10.csv,문화관광,테마공원
양주,2025,10,2025-10,292,경기도,양주시,옥정탁구클럽,7,양주 2025_10.csv,레저스포츠,기타레저스포츠
양주,2025,10,2025-10,292,경기도,양주시,익성농장,7,양주 2025_10.csv,체험관광,농/산/어촌체험
양주,2025,10,2025-10,292,경기도,양주시,청산버섯농장,7,양주 2025_10.csv,체험관광,농/산/어촌체험
양주,2025,10,2025-10,292,경기도,양주시,MMA STORY양주점,7,양주 2025_10.csv,레저스포츠,기타레저스포츠
양주,2025,10,2025-10,292,경기도,양주시,몽키즈클라이밍양주옥정점,7,양주 2025_10.csv,레저스포츠,기타레저스포츠
양주,2025,10,2025-10,292,경기도,양주시,양주시 회암동 서재마을,7,양주 2025_10.csv,역사관광,역사유적지
양주,2025,10,2025-10,292,경기도,양주시,디프트,7,양주 2025_10.csv,체험관광,공예체험
양주,2025,10,2025-10,292,경기도,양주시,노고산꿀벌농장,7,양주 2025_10.csv,체험관광,농/산/어촌체험
양주,2025,10,2025-10,292,경기도,양주시,수월사,7,양주 2025_10.csv,역사관광,종교성지
양주,2025,10,2025-10,292,경기도,양주시,정절사,7,양주 2025_10.csv,역사관광,역사유물
양주,2025,10,2025-10,292,경기도,양주시,약사사,7,양주 2025_10.csv,역사관광,종교성지
양주,2025,10,2025-10,292,경기도,양주시,양주시 회정동 장한마을,7,양주 2025_10.csv,역사관광,역사유적지
양주,2025,10,2025-10,292,경기도,양주시,덕계낚시터,7,양주 2025_10.csv,레저스포츠,수상레저스포츠
양주,2025,10,2025-10,292,경기도,양주시,북한산둘레길14구간,7,양주 2025_10.csv,레저스포츠,기타레저스포츠
양주,2025,10,2025-10,292,경기도,양주시,양주골김치체험박물관,7,양주 2025_10.csv,문화관광,전시시설
양주,2025,10,2025-10,292,경기도,양주시,연이도예공방,7,양주 2025_10.csv,체험관광,공예체험
양주,2025,10,2025-10,292,경기도,양주시,양주팬텀실내풋살장,7,양주 2025_10.csv,레저스포츠,기타레저스포츠
양주,2025,10,2025-10,292,경기도,양주시,황용목장,7,양주 2025_10.csv,체험관광,농/산/어촌체험
양주,2025,10,2025-10,310,경기도,양주시,호명농장,6,양주 2025_10.csv,체험관광,농/산/어촌체험
양주,2025,10,2025-10,310,경기도,양주시,서오조경,6,양주 2025_10.csv,체험관광,농/산/어촌체험
양주,2025,10,2025-10,310,경기도,양주시,아버지공방,6,양주 2025_10.csv,체험관광,공예체험
양주,2025,10,2025-10,310,경기도,양주시,아트휠즈,6,양주 2025_10.csv,레저스포츠,육상레저스포츠
양주,2025,10,2025-10,310,경기도,양주시,무아메메폴댄스,6,양주 2025_10.csv,레저스포츠,기타레저스포츠
양주,2025,10,2025-10,310,경기도,양주시,한마음청소년수련원수영장,6,양주 2025_10.csv,문화관광,테마공원
양주,2025,10,2025-10,310,경기도,양주시,석우근린공원,6,양주 2025_10.csv,문화관광,도시공원
양주,2025,10,2025-10,310,경기도,양주시,국가대표복싱센터옥정점,6,양주 2025_10.csv,레저스포츠,기타레저스포츠
양주,2025,10,2025-10,310,경기도,양주시,양주시청양주시립회암사지박물관문화비,6,양주 2025_10.csv,역사관광,역사유적지
양주,2025,10,2025-10,310,경기도,양주시,장흥한옥수영장,6,양주 2025_10.csv,문화관광,테마공원
양주,2025,10,2025-10,310,경기도,양주시,양주시립장욱진미술관통합매표소,6,양주 2025_10.csv,문화관광,복합관광시설
양주,2025,10,2025-10,310,경기도,양주시,장흥ND구장,6,양주 2025_10.csv,문화관광,레저스포츠시설
양주,2025,10,2025-10,310,경기도,양주시,꼬꼬농장,6,양주 2025_10.csv,체험관광,농/산/어촌체험
양주,2025,10,2025-10,310,경기도,양주시,정용대장군묘,6,양주 2025_10.csv,역사관광,역사유적지
양주,2025,10,2025-10,310,경기도,양주시,삼훈행복농원,6,양주 2025_10.csv,체험관광,농/산/어촌체험
양주,2025,10,2025-10,310,경기도,양주시,가래비빙벽장,6,양주 2025_10.csv,레저스포츠,기타레저스포츠
양주,2025,10,2025-10,326,경기도,양주시,청풍산방,5,양주 2025_10.csv,체험관광,공예체험
양주,2025,10,2025-10,326,경기도,양주시,고읍제6어린이공원,5,양주 2025_10.csv,문화관광,도시공원
양주,2025,10,2025-10,326,경기도,양주시,쏘폴스튜디오,5,양주 2025_10.csv,레저스포츠,기타레저스포츠
양주,2025,10,2025-10,326,경기도,양주시,위기복탁구아카데미,5,양주 2025_10.csv,레저스포츠,기타레저스포츠
양주,2025,10,2025-10,326,경기도,양주시,스포케이션우리동네액티비티,5,양주 2025_10.csv,레저스포츠,기타레저스포츠
양주,2025,10,2025-10,326,경기도,양주시,여성봉,5,양주 2025_10.csv,자연관광,자연경관(산)
양주,2025,10,2025-10,332,경기도,양주시,꽃산,4,양주 2025_10.csv,자연관광,자연경관(산)
양주,2025,10,2025-10,332,경기도,양주시,은현사,4,양주 2025_10.csv,역사관광,역사유적지
양주,2025,10,2025-10,332,경기도,양주시,독바위공원인라인스케이트장,4,양주 2025_10.csv,레저스포츠,기타레저스포츠
양주,2025,10,2025-10,332,경기도,양주시,이레공방,4,양주 2025_10.csv,체험관광,공예체험
양주,2025,10,2025-10,332,경기도,양주시,신흥레저워터월드,4,양주 2025_10.csv,문화관광,테마공원
양주,2025,10,2025-10,332,경기도,양주시,farm5150,4,양주 2025_10.csv,체험관광,공예체험
양주,2025,10,2025-10,332,경기도,양주시,보현사,4,양주 2025_10.csv,역사관광,종교성지
양주,2025,10,2025-10,332,경기도,양주시,소소끼뮤지엄,4,양주 2025_10.csv,문화관광,전시시설
양주,2025,10,2025-10,332,경기도,양주시,고읍제2어린이공원,4,양주 2025_10.csv,문화관광,도시공원
양주,2025,10,2025-10,332,경기도,양주시,신주고개,4,양주 2025_10.csv,자연관광,자연경관(산)
양주,2025,10,2025-10,332,경기도,양주시,은성농장,4,양주 2025_10.csv,체험관광,농/산/어촌체험
양주,2025,10,2025-10,332,경기도,양주시,무야농원,4,양주 2025_10.csv,체험관광,농/산/어촌체험
양주,2025,10,2025-10,332,경기도,양주시,비암재,4,양주 2025_10.csv,역사관광,역사유적지
양주,2025,10,2025-10,332,경기도,양주시,이슬농장,4,양주 2025_10.csv,체험관광,농/산/어촌체험
양주,2025,10,2025-10,332,경기도,양주시,유아놀이연구소꾸러기놀이터,4,양주 2025_10.csv,문화관광,테마공원
양주,2025,10,2025-10,332,경기도,양주시,양주대모산성,4,양주 2025_10.csv,역사관광,역사유적지
양주,2025,10,2025-10,332,경기도,양주시,대장금눈썰매장,4,양주 2025_10.csv,레저스포츠,육상레저스포츠
양주,2025,10,2025-10,332,경기도,양주시,일영중산농원,4,양주 2025_10.csv,체험관광,농/산/어촌체험
양주,2025,10,2025-10,332,경기도,양주시,양주시 현충탑,4,양주 2025_10.csv,역사관광,역사유물
양주,2025,10,2025-10,332,경기도,양주시,조소앙선생기념공원,4,양주 2025_10.csv,문화관광,도시공원
양주,2025,10,2025-10,332,경기도,양주시,장흥버섯농장,4,양주 2025_10.csv,체험관광,농/산/어촌체험
양주,2025,10,2025-10,332,경기도,양주시,라온승마아카데미,4,양주 2025_10.csv,레저스포츠,육상레저스포츠
양주,2025,10,2025-10,332,경기도,양주시,무량사,4,양주 2025_10.csv,역사관광,종교성지
양주,2025,10,2025-10,355,경기도,양주시,구룡사,3,양주 2025_10.csv,역사관광,종교성지
양주,2025,10,2025-10,355,경기도,양주시,상계농장,3,양주 2025_10.csv,체험관광,농/산/어촌체험
양주,2025,10,2025-10,355,경기도,양주시,돌탑테마공원,3,양주 2025_10.csv,문화관광,도시공원
양주,2025,10,2025-10,355,경기도,양주시,모모앤던목공작업실,3,양주 2025_10.csv,체험관광,공예체험
양주,2025,10,2025-10,355,경기도,양주시,덕정소공원,3,양주 2025_10.csv,문화관광,도시공원
양주,2025,10,2025-10,355,경기도,양주시,진영농장,3,양주 2025_10.csv,체험관광,농/산/어촌체험
양주,2025,10,2025-10,355,경기도,양주시,WJ복싱클럽옥정점,3,양주 2025_10.csv,레저스포츠,기타레저스포츠
양주,2025,10,2025-10,355,경기도,양주시,일영워터힐,3,양주 2025_10.csv,문화관광,테마공원
양주,2025,10,2025-10,355,경기도,양주시,아이키친양주점,3,양주 2025_10.csv,문화관광,테마공원
양주,2025,10,2025-10,355,경기도,양주시,태지목장,3,양주 2025_10.csv,체험관광,농/산/어촌체험
양주,2025,10,2025-10,355,경기도,양주시,도락산자연발생유원지,3,양주 2025_10.csv,문화관광,복합관광시설
양주,2025,10,2025-10,355,경기도,양주시,허브힐,3,양주 2025_10.csv,문화관광,복합관광시설
양주,2025,10,2025-10,355,경기도,양주시,양주시 남면 감악산마을,3,양주 2025_10.csv,역사관광,역사유적지
양주,2025,10,2025-10,355,경기도,양주시,봉암월드프라자,3,양주 2025_10.csv,문화관광,기타문화관광지
양주,2025,10,2025-10,355,경기도,양주시,대성사,3,양주 2025_10.csv,역사관광,종교성지
양주,2025,10,2025-10,355,경기도,양주시,덕계동어린이공원,3,양주 2025_10.csv,문화관광,도시공원
양주,2025,10,2025-10,355,경기도,양주시,사패산송추방면,3,양주 2025_10.csv,자연관광,자연경관(산)
양주,2025,10,2025-10,355,경기도,양주시,휴먼앤홀스랜드,3,양주 2025_10.csv,레저스포츠,육상레저스포츠
양주,2025,10,2025-10,355,경기도,양주시,고려대학교축구장,3,양주 2025_10.csv,문화관광,레저스포츠시설
양주,2025,10,2025-10,355,경기도,양주시,송추베이스볼파크3구장,3,양주 2025_10.csv,문화관광,레저스포츠시설
양주,2025,10,2025-10,355,경기도,양주시,장흥수영장,3,양주 2025_10.csv,문화관광,테마공원
양주,2025,10,2025-10,355,경기도,양주시,삼하리아동산,3,양주 2025_10.csv,체험관광,농/산/어촌체험
양주,2025,10,2025-10,355,경기도,양주시,평강수산,3,양주 2025_10.csv,쇼핑,시장
양주,2025,10,2025-10,355,경기도,양주시,동광정사,3,양주 2025_10.csv,역사관광,종교성지
양주,2025,10,2025-10,355,경기도,양주시,선그로원예,3,양주 2025_10.csv,체험관광,농/산/어촌체험
양주,2025,10,2025-10,355,경기도,양주시,도락산,3,양주 2025_10.csv,자연관광,자연경관(산)
양주,2025,10,2025-10,355,경기도,양주시,양주고읍유도체육관,3,양주 2025_10.csv,레저스포츠,기타레저스포츠
양주,2025,10,2025-10,355,경기도,양주시,농특산물직거래장터,3,양주 2025_10.csv,쇼핑,시장
양주,2025,10,2025-10,355,경기도,양주시,양주와이어주짓수,3,양주 2025_10.csv,레저스포츠,기타레저스포츠
양주,2025,10,2025-10,355,경기도,양주시,엄마네텃밭,3,양주 2025_10.csv,체험관광,농/산/어촌체험
양주,2025,10,2025-10,355,경기도,양주시,비암사,3,양주 2025_10.csv,역사관광,종교성지
양주,2025,10,2025-10,355,경기도,양주시,점프윙스줄넘기클럽줄기차게,3,양주 2025_10.csv,레저스포츠,기타레저스포츠
양주,2025,11,2025-11,1,경기도,양주시,LF스퀘어양주점,14008,양주 2025_11.csv,쇼핑,쇼핑몰
양주,2025,11,2025-11,2,경기도,양주시,레이크우드CC,6617,양주 2025_11.csv,레저스포츠,육상레저스포츠
양주,2025,11,2025-11,3,경기도,양주시,송추CC,3317,양주 2025_11.csv,레저스포츠,육상레저스포츠
양주,2025,11,2025-11,4,경기도,양주시,송추계곡,2460,양주 2025_11.csv,자연관광,자연경관(산)
양주,2025,11,2025-11,5,경기도,양주시,CGV양주옥정,2431,양주 2025_11.csv,문화관광,공연시설
양주,2025,11,2025-11,6,경기도,양주시,양주지작사드론봇페스티벌,2248,양주 2025_11.csv,문화관광,기타문화관광지
양주,2025,11,2025-11,7,경기도,양주시,옥정호수공원,2217,양주 2025_11.csv,문화관광,도시공원
양주,2025,11,2025-11,8,경기도,양주시,회암사지박물관,2091,양주 2025_11.csv,문화관광,전시시설
양주,2025,11,2025-11,9,경기도,양주시,두리랜드,1902,양주 2025_11.csv,문화관광,테마공원
양주,2025,11,2025-11,10,경기도,양주시,장흥관광지,1475,양주 2025_11.csv,문화관광,복합관광시설
양주,2025,11,2025-11,11,경기도,양주시,기산저수지,1273,양주 2025_11.csv,자연관광,자연경관(하천/해양)
양주,2025,11,2025-11,12,경기도,양주시,루이힐스CC,1128,양주 2025_11.csv,레저스포츠,육상레저스포츠
양주,2025,11,2025-11,13,경기도,양주시,나리농원,1115,양주 2025_11.csv,체험관광,농/산/어촌체험
양주,2025,11,2025-11,14,경기도,양주시,백석생활체육공원,1042,양주 2025_11.csv,문화관광,도시공원
양주,2025,11,2025-11,15,경기도,양주시,가래비만세시장,951,양주 2025_11.csv,쇼핑,시장
양주,2025,11,2025-11,16,경기도,양주시,송추역,912,양주 2025_11.csv,기타관광,교통시설
양주,2025,11,2025-11,17,경기도,양주시,옥정체육공원,867,양주 2025_11.csv,문화관광,도시공원
양주,2025,11,2025-11,18,경기도,양주시,헤세의정원,851,양주 2025_11.csv,문화관광,기타문화관광지
양주,2025,11,2025-11,19,경기도,양주시,가나아트파크,746,양주 2025_11.csv,문화관광,전시시설
양주,2025,11,2025-11,20,경기도,양주시,국립아세안자연휴양림,701,양주 2025_11.csv,자연관광,자연공원
양주,2025,11,2025-11,21,경기도,양주시,회암사,683,양주 2025_11.csv,역사관광,종교성지
양주,2025,11,2025-11,22,경기도,양주시,일영유원지,660,양주 2025_11.csv,문화관광,복합관광시설
양주,2025,11,2025-11,23,경기도,양주시,양주시립장욱진미술관,638,양주 2025_11.csv,문화관광,전시시설
양주,2025,11,2025-11,24,경기도,양주시,신암낚시터,599,양주 2025_11.csv,레저스포츠,수상레저스포츠
양주,2025,11,2025-11,25,경기도,양주시,나리공원,562,양주 2025_11.csv,문화관광,도시공원
양주,2025,11,2025-11,26,경기도,양주시,조명박물관,552,양주 2025_11.csv,문화관광,전시시설
양주,2025,11,2025-11,27,경기도,양주시,선돌근린공원,538,양주 2025_11.csv,문화관광,도시공원
양주,2025,11,2025-11,28,경기도,양주시,일영역,522,양주 2025_11.csv,기타관광,교통시설
양주,2025,11,2025-11,29,경기도,양주시,MBP리그,493,양주 2025_11.csv,문화관광,레저스포츠시설
양주,2025,11,2025-11,30,경기도,양주시,청련사,485,양주 2025_11.csv,역사관광,종교성지
양주,2025,11,2025-11,31,경기도,양주시,장흥자동차극장,450,양주 2025_11.csv,문화관광,공연시설
양주,2025,11,2025-11,32,경기도,양주시,신천생활체육공원,445,양주 2025_11.csv,문화관광,도시공원
양주,2025,11,2025-11,33,경기도,양주시,장흥생활체육공원,435,양주 2025_11.csv,문화관광,도시공원
양주,2025,11,2025-11,34,경기도,양주시,양주시승마장,430,양주 2025_11.csv,레저스포츠,육상레저스포츠
양주,2025,11,2025-11,35,경기도,양주시,옥정배수지체육공원,402,양주 2025_11.csv,문화관광,도시공원
양주,2025,11,2025-11,36,경기도,양주시,양주베이스볼파크,377,양주 2025_11.csv,문화관광,레저스포츠시설
양주,2025,11,2025-11,36,경기도,양주시,멜버른승마장,377,양주 2025_11.csv,레저스포츠,육상레저스포츠
양주,2025,11,2025-11,38,경기도,양주시,ND야구장,367,양주 2025_11.csv,문화관광,레저스포츠시설
양주,2025,11,2025-11,39,경기도,양주시,한성승마클럽,366,양주 2025_11.csv,레저스포츠,육상레저스포츠
양주,2025,11,2025-11,40,경기도,양주시,고덕생활체육공원,364,양주 2025_11.csv,문화관광,도시공원
양주,2025,11,2025-11,41,경기도,양주시,장흥역,347,양주 2025_11.csv,기타관광,교통시설
양주,2025,11,2025-11,42,경기도,양주시,VIP야구장,345,양주 2025_11.csv,문화관광,레저스포츠시설
양주,2025,11,2025-11,43,경기도,양주시,메가파크양주점,334,양주 2025_11.csv,문화관광,테마공원
양주,2025,11,2025-11,44,경기도,양주시,딱따구리청소년수련원,323,양주 2025_11.csv,레저스포츠,육상레저스포츠
양주,2025,11,2025-11,45,경기도,양주시,독바위공원,317,양주 2025_11.csv,문화관광,도시공원
양주,2025,11,2025-11,46,경기도,양주시,청암민속박물관,312,양주 2025_11.csv,문화관광,전시시설
양주,2025,11,2025-11,47,경기도,양주시,송암스페이스센터,305,양주 2025_11.csv,기타관광,기타관광
양주,2025,11,2025-11,48,경기도,양주시,원당저수지,304,양주 2025_11.csv,자연관광,자연경관(하천/해양)
양주,2025,11,2025-11,49,경기도,양주시,양주관아지,303,양주 2025_11.csv,역사관광,역사유적지
양주,2025,11,2025-11,50,경기도,양주시,스카이야구장,301,양주 2025_11.csv,문화관광,레저스포츠시설
양주,2025,11,2025-11,51,경기도,양주시,양주시청소년수련원,286,양주 2025_11.csv,레저스포츠,육상레저스포츠
양주,2025,11,2025-11,52,경기도,양주시,양주별산대놀이마당,280,양주 2025_11.csv,문화관광,기타문화관광지
양주,2025,11,2025-11,53,경기도,양주시,삼하낚시터,272,양주 2025_11.csv,레저스포츠,수상레저스포츠
양주,2025,11,2025-11,54,경기도,양주시,칠봉산CC,268,양주 2025_11.csv,레저스포츠,육상레저스포츠
양주,2025,11,2025-11,55,경기도,양주시,장흥축구장,266,양주 2025_11.csv,문화관광,레저스포츠시설
양주,2025,11,2025-11,56,경기도,양주시,봉암저수지,254,양주 2025_11.csv,자연관광,자연경관(하천/해양)
양주,2025,11,2025-11,57,경기도,양주시,석굴암,252,양주 2025_11.csv,역사관광,종교성지
양주,2025,11,2025-11,58,경기도,양주시,장흥자생수목원,251,양주 2025_11.csv,자연관광,자연공원
양주,2025,11,2025-11,59,경기도,양주시,EP베이스볼파크,250,양주 2025_11.csv,문화관광,레저스포츠시설
양주,2025,11,2025-11,60,경기도,양주시,남경수목원,239,양주 2025_11.csv,체험관광,농/산/어촌체험
양주,2025,11,2025-11,61,경기도,양주시,헬로방방양주점,233,양주 2025_11.csv,문화관광,테마공원
양주,2025,11,2025-11,62,경기도,양주시,양주테크노풋살센터,228,양주 2025_11.csv,레저스포츠,기타레저스포츠
양주,2025,11,2025-11,63,경기도,양주시,지장사,220,양주 2025_11.csv,역사관광,종교성지
양주,2025,11,2025-11,64,경기도,양주시,양주풋살파크제1구장,218,양주 2025_11.csv,문화관광,레저스포츠시설
양주,2025,11,2025-11,65,경기도,양주시,나리공원파크골프장,213,양주 2025_11.csv,레저스포츠,육상레저스포츠
양주,2025,11,2025-11,66,경기도,양주시,토도,210,양주 2025_11.csv,문화관광,테마공원
양주,2025,11,2025-11,67,경기도,양주시,어둔리저수지,206,양주 2025_11.csv,자연관광,자연경관(하천/해양)
양주,2025,11,2025-11,68,경기도,양주시,고읍축구장,204,양주 2025_11.csv,문화관광,레저스포츠시설
양주,2025,11,2025-11,69,경기도,양주시,무호정,199,양주 2025_11.csv,레저스포츠,육상레저스포츠
양주,2025,11,2025-11,70,경기도,양주시,장흥돌고개유원지,198,양주 2025_11.csv,문화관광,복합관광시설
양주,2025,11,2025-11,71,경기도,양주시,회암사지,197,양주 2025_11.csv,역사관광,역사유적지
양주,2025,11,2025-11,71,경기도,양주시,온릉,197,양주 2025_11.csv,역사관광,역사유적지
양주,2025,11,2025-11,73,경기도,양주시,장흥야구장,194,양주 2025_11.csv,문화관광,레저스포츠시설
양주,2025,11,2025-11,74,경기도,양주시,장자원낚시터,191,양주 2025_11.csv,레저스포츠,수상레저스포츠
양주,2025,11,2025-11,75,경기도,양주시,메가박스양주 휴업중,186,양주 2025_11.csv,문화관광,공연시설
양주,2025,11,2025-11,76,경기도,양주시,신산리공원,184,양주 2025_11.csv,문화관광,도시공원
양주,2025,11,2025-11,77,경기도,양주시,효촌저수지,180,양주 2025_11.csv,자연관광,자연경관(하천/해양)
양주,2025,11,2025-11,78,경기도,양주시,공존풋살파크양주점,178,양주 2025_11.csv,문화관광,레저스포츠시설
양주,2025,11,2025-11,79,경기도,양주시,송추낚시터,173,양주 2025_11.csv,레저스포츠,수상레저스포츠
양주,2025,11,2025-11,79,경기도,양주시,송추아트밸리,173,양주 2025_11.csv,문화관광,도시공원
양주,2025,11,2025-11,79,경기도,양주시,백석생활체육공원야구장,173,양주 2025_11.csv,문화관광,레저스포츠시설
양주,2025,11,2025-11,82,경기도,양주시,어드벤처시티,169,양주 2025_11.csv,문화관광,테마공원
양주,2025,11,2025-11,83,경기도,양주시,북한산국립공원교현탐방지원센터,165,양주 2025_11.csv,기타관광,기타관광
양주,2025,11,2025-11,84,경기도,양주시,삼숭생활체육공원,161,양주 2025_11.csv,문화관광,도시공원
양주,2025,11,2025-11,85,경기도,양주시,99풋살파크,157,양주 2025_11.csv,레저스포츠,기타레저스포츠
양주,2025,11,2025-11,86,경기도,양주시,연화사,152,양주 2025_11.csv,역사관광,종교성지
양주,2025,11,2025-11,87,경기도,양주시,광백저수지,148,양주 2025_11.csv,자연관광,자연경관(하천/해양)
양주,2025,11,2025-11,88,경기도,양주시,대원정사,147,양주 2025_11.csv,역사관광,종교성지
양주,2025,11,2025-11,89,경기도,양주시,은현피싱타운,146,양주 2025_11.csv,레저스포츠,수상레저스포츠
양주,2025,11,2025-11,90,경기도,양주시,칠봉산낚시터,144,양주 2025_11.csv,레저스포츠,수상레저스포츠
양주,2025,11,2025-11,91,경기도,양주시,덕계공원,143,양주 2025_11.csv,문화관광,도시공원
양주,2025,11,2025-11,91,경기도,양주시,마리조아승마클럽,143,양주 2025_11.csv,레저스포츠,육상레저스포츠
양주,2025,11,2025-11,93,경기도,양주시,육지장사,141,양주 2025_11.csv,역사관광,종교성지
양주,2025,11,2025-11,94,경기도,양주시,덕계저수지,140,양주 2025_11.csv,자연관광,자연경관(하천/해양)
양주,2025,11,2025-11,94,경기도,양주시,양주시공설파크골프장,140,양주 2025_11.csv,레저스포츠,육상레저스포츠
양주,2025,11,2025-11,94,경기도,양주시,양주농원,140,양주 2025_11.csv,체험관광,농/산/어촌체험
양주,2025,11,2025-11,97,경기도,양주시,양주곤충박물관,136,양주 2025_11.csv,문화관광,전시시설
양주,2025,11,2025-11,97,경기도,양주시,하늘물공원,136,양주 2025_11.csv,문화관광,도시공원
양주,2025,11,2025-11,99,경기도,양주시,양주인공암벽장,133,양주 2025_11.csv,레저스포츠,기타레저스포츠
양주,2025,11,2025-11,100,경기도,양주시,세광사,129,양주 2025_11.csv,역사관광,종교성지
양주,2025,11,2025-11,101,경기도,양주시,연꽃빌리지관광농원,124,양주 2025_11.csv,체험관광,농/산/어촌체험
양주,2025,11,2025-11,101,경기도,양주시,신흥레저타운,124,양주 2025_11.csv,레저스포츠,기타레저스포츠
양주,2025,11,2025-11,103,경기도,양주시,북한산국립공원오봉탐방지원센터,123,양주 2025_11.csv,기타관광,기타관광
양주,2025,11,2025-11,104,경기도,양주시,조소앙선생기념관,122,양주 2025_11.csv,문화관광,전시시설
양주,2025,11,2025-11,105,경기도,양주시,진도농원,119,양주 2025_11.csv,체험관광,농/산/어촌체험
양주,2025,11,2025-11,106,경기도,양주시,광적생활체육공원축구장,117,양주 2025_11.csv,문화관광,레저스포츠시설
양주,2025,11,2025-11,106,경기도,양주시,불곡산,117,양주 2025_11.csv,자연관광,자연경관(산)
양주,2025,11,2025-11,108,경기도,양주시,어썸월드양주점,111,양주 2025_11.csv,기타관광,기타관광
양주,2025,11,2025-11,109,경기도,양주시,양주시 장흥면 천생연분마을,107,양주 2025_11.csv,역사관광,역사유적지
양주,2025,11,2025-11,110,경기도,양주시,옥정체육공원축구장,104,양주 2025_11.csv,문화관광,레저스포츠시설
양주,2025,11,2025-11,111,경기도,양주시,티제이풋살파크,101,양주 2025_11.csv,레저스포츠,기타레저스포츠
양주,2025,11,2025-11,111,경기도,양주시,더바이브클라이밍,101,양주 2025_11.csv,레저스포츠,기타레저스포츠
양주,2025,11,2025-11,111,경기도,양주시,가나2아뜰리에,101,양주 2025_11.csv,문화관광,기타문화관광지
양주,2025,11,2025-11,114,경기도,양주시,광적생활체육공원,99,양주 2025_11.csv,문화관광,도시공원
양주,2025,11,2025-11,115,경기도,양주시,북한산둘레길13구간,98,양주 2025_11.csv,레저스포츠,기타레저스포츠
양주,2025,11,2025-11,116,경기도,양주시,은현낚시터,97,양주 2025_11.csv,레저스포츠,수상레저스포츠
양주,2025,11,2025-11,117,경기도,양주시,쌍용사,95,양주 2025_11.csv,역사관광,종교성지
양주,2025,11,2025-11,118,경기도,양주시,그리드알파,91,양주 2025_11.csv,레저스포츠,육상레저스포츠
양주,2025,11,2025-11,119,경기도,양주시,원당낚시터,88,양주 2025_11.csv,레저스포츠,수상레저스포츠
양주,2025,11,2025-11,120,경기도,양주시,원실내바다낚시터양주점,86,양주 2025_11.csv,레저스포츠,수상레저스포츠
양주,2025,11,2025-11,120,경기도,양주시,화담정사,86,양주 2025_11.csv,역사관광,종교성지
양주,2025,11,2025-11,120,경기도,양주시,송추원각사,86,양주 2025_11.csv,역사관광,종교성지
양주,2025,11,2025-11,123,경기도,양주시,베베앙쥬베이비카페옥정점,84,양주 2025_11.csv,문화관광,테마공원
양주,2025,11,2025-11,124,경기도,양주시,고려대학교송추야구장,83,양주 2025_11.csv,문화관광,레저스포츠시설
양주,2025,11,2025-11,125,경기도,양주시,못말낚시터,80,양주 2025_11.csv,레저스포츠,수상레저스포츠
양주,2025,11,2025-11,126,경기도,양주시,엄상마을문화거리,78,양주 2025_11.csv,문화관광,테마공원
양주,2025,11,2025-11,127,경기도,양주시,키즈멧,75,양주 2025_11.csv,문화관광,테마공원
양주,2025,11,2025-11,127,경기도,양주시,롤러몬스터,75,양주 2025_11.csv,레저스포츠,기타레저스포츠
양주,2025,11,2025-11,129,경기도,양주시,안상철미술관,74,양주 2025_11.csv,문화관광,전시시설
양주,2025,11,2025-11,130,경기도,양주시,광사낚시터,73,양주 2025_11.csv,레저스포츠,수상레저스포츠
양주,2025,11,2025-11,130,경기도,양주시,타겟28실내양궁장,73,양주 2025_11.csv,레저스포츠,육상레저스포츠
양주,2025,11,2025-11,132,경기도,양주시,나리공원물놀이장,72,양주 2025_11.csv,문화관광,테마공원
양주,2025,11,2025-11,133,경기도,양주시,백석생활체육공원리틀야구장,67,양주 2025_11.csv,문화관광,레저스포츠시설
양주,2025,11,2025-11,133,경기도,양주시,원더풀키즈수영장,67,양주 2025_11.csv,문화관광,테마공원
양주,2025,11,2025-11,135,경기도,양주시,금바위저수지,65,양주 2025_11.csv,자연관광,자연경관(하천/해양)
양주,2025,11,2025-11,136,경기도,양주시,장흥조각공원,64,양주 2025_11.csv,문화관광,도시공원
양주,2025,11,2025-11,137,경기도,양주시,덕계학습관,62,양주 2025_11.csv,체험관광,체험관광기타
양주,2025,11,2025-11,138,경기도,양주시,양주향교,61,양주 2025_11.csv,역사관광,역사유적지
양주,2025,11,2025-11,139,경기도,양주시,효순.미선평화공원,60,양주 2025_11.csv,문화관광,도시공원
양주,2025,11,2025-11,139,경기도,양주시,샘내고개,60,양주 2025_11.csv,자연관광,자연경관(산)
양주,2025,11,2025-11,141,경기도,양주시,강호이앤티,59,양주 2025_11.csv,레저스포츠,기타레저스포츠
양주,2025,11,2025-11,142,경기도,양주시,베리미팜,58,양주 2025_11.csv,체험관광,농/산/어촌체험
양주,2025,11,2025-11,142,경기도,양주시,일영낚시터,58,양주 2025_11.csv,레저스포츠,수상레저스포츠
양주,2025,11,2025-11,144,경기도,양주시,연곡저수지,57,양주 2025_11.csv,자연관광,자연경관(하천/해양)
양주,2025,11,2025-11,145,경기도,양주시,신천생활체육공원축구장,56,양주 2025_11.csv,문화관광,레저스포츠시설
양주,2025,11,2025-11,146,경기도,양주시,덕수레저타운,54,양주 2025_11.csv,레저스포츠,기타레저스포츠
양주,2025,11,2025-11,146,경기도,양주시,프레리키즈카페양주옥정점,54,양주 2025_11.csv,문화관광,테마공원
양주,2025,11,2025-11,148,경기도,양주시,양주골김치체험박물관,50,양주 2025_11.csv,문화관광,전시시설
양주,2025,11,2025-11,149,경기도,양주시,장흥계곡,49,양주 2025_11.csv,자연관광,자연경관(산)
양주,2025,11,2025-11,149,경기도,양주시,덕정시장,49,양주 2025_11.csv,쇼핑,시장
양주,2025,11,2025-11,151,경기도,양주시,가나1아뜰리에,48,양주 2025_11.csv,문화관광,기타문화관광지
양주,2025,11,2025-11,152,경기도,양주시,신암지,47,양주 2025_11.csv,자연관광,자연경관(하천/해양)
양주,2025,11,2025-11,153,경기도,양주시,나비랑키즈카페,46,양주 2025_11.csv,문화관광,테마공원
양주,2025,11,2025-11,154,경기도,양주시,양주시립민복진미술관,45,양주 2025_11.csv,문화관광,전시시설
양주,2025,11,2025-11,155,경기도,양주시,아름다운비행,44,양주 2025_11.csv,문화관광,전시시설
양주,2025,11,2025-11,156,경기도,양주시,하나농원,43,양주 2025_11.csv,체험관광,농/산/어촌체험
양주,2025,11,2025-11,157,경기도,양주시,고고롤러장옥정점,42,양주 2025_11.csv,레저스포츠,육상레저스포츠
양주,2025,11,2025-11,157,경기도,양주시,백화암,42,양주 2025_11.csv,역사관광,종교성지
양주,2025,11,2025-11,157,경기도,양주시,홍복저수지,42,양주 2025_11.csv,자연관광,자연경관(하천/해양)
양주,2025,11,2025-11,157,경기도,양주시,부부관광농원,42,양주 2025_11.csv,체험관광,농/산/어촌체험
양주,2025,11,2025-11,161,경기도,양주시,한국축구센터,40,양주 2025_11.csv,문화관광,레저스포츠시설
양주,2025,11,2025-11,162,경기도,양주시,그랜드유원지,39,양주 2025_11.csv,기타관광,기타관광
양주,2025,11,2025-11,163,경기도,양주시,위바운스,36,양주 2025_11.csv,문화관광,테마공원
양주,2025,11,2025-11,164,경기도,양주시,송암천문대,35,양주 2025_11.csv,기타관광,기타관광
양주,2025,11,2025-11,165,경기도,양주시,덕정탁구클럽,34,양주 2025_11.csv,레저스포츠,기타레저스포츠
양주,2025,11,2025-11,165,경기도,양주시,권율장군묘,34,양주 2025_11.csv,역사관광,역사유적지
양주,2025,11,2025-11,167,경기도,양주시,블랑팡,33,양주 2025_11.csv,문화관광,테마공원
양주,2025,11,2025-11,167,경기도,양주시,에코야구장,33,양주 2025_11.csv,문화관광,레저스포츠시설
양주,2025,11,2025-11,169,경기도,양주시,용암낚시터,32,양주 2025_11.csv,레저스포츠,수상레저스포츠
양주,2025,11,2025-11,170,경기도,양주시,백석배수지생활체육공원,31,양주 2025_11.csv,문화관광,도시공원
양주,2025,11,2025-11,170,경기도,양주시,각명사,31,양주 2025_11.csv,역사관광,종교성지
양주,2025,11,2025-11,172,경기도,양주시,우리끼리 키즈카페 스포츠마을양주옥정점,30,양주 2025_11.csv,문화관광,테마공원
양주,2025,11,2025-11,172,경기도,양주시,양주천보산림욕장,30,양주 2025_11.csv,자연관광,자연공원
양주,2025,11,2025-11,174,경기도,양주시,백석생활체육공원축구장,29,양주 2025_11.csv,문화관광,레저스포츠시설
양주,2025,11,2025-11,175,경기도,양주시,백인걸선생묘,28,양주 2025_11.csv,역사관광,역사유적지
양주,2025,11,2025-11,176,경기도,양주시,연화사,27,양주 2025_11.csv,역사관광,종교성지
양주,2025,11,2025-11,177,경기도,양주시,홍죽산업단지근린공원,25,양주 2025_11.csv,문화관광,도시공원
양주,2025,11,2025-11,177,경기도,양주시,기산리유원지,25,양주 2025_11.csv,문화관광,복합관광시설
양주,2025,11,2025-11,177,경기도,양주시,대승사,25,양주 2025_11.csv,역사관광,종교성지
양주,2025,11,2025-11,177,경기도,양주시,모자농원,25,양주 2025_11.csv,체험관광,농/산/어촌체험
양주,2025,11,2025-11,177,경기도,양주시,더넘버스필드,25,양주 2025_11.csv,문화관광,레저스포츠시설
양주,2025,11,2025-11,177,경기도,양주시,디스코롤러장,25,양주 2025_11.csv,레저스포츠,육상레저스포츠
양주,2025,11,2025-11,183,경기도,양주시,어둔리남방낚시터,24,양주 2025_11.csv,레저스포츠,수상레저스포츠
양주,2025,11,2025-11,183,경기도,양주시,수월사,24,양주 2025_11.csv,역사관광,종교성지
양주,2025,11,2025-11,185,경기도,양주시,양주시스마트그린포트,23,양주 2025_11.csv,문화관광,기타문화관광지
양주,2025,11,2025-11,186,경기도,양주시,무키무키양주회천점,22,양주 2025_11.csv,문화관광,테마공원
양주,2025,11,2025-11,187,경기도,양주시,유아놀이연구소꾸러기놀이터,21,양주 2025_11.csv,문화관광,테마공원
양주,2025,11,2025-11,188,경기도,양주시,옥정탁구클럽,20,양주 2025_11.csv,레저스포츠,기타레저스포츠
양주,2025,11,2025-11,188,경기도,양주시,백석학습관,20,양주 2025_11.csv,체험관광,체험관광기타
양주,2025,11,2025-11,190,경기도,양주시,꿀잼키즈룸양주옥정점,19,양주 2025_11.csv,문화관광,테마공원
양주,2025,11,2025-11,190,경기도,양주시,노고산주말농장,19,양주 2025_11.csv,체험관광,농/산/어촌체험
양주,2025,11,2025-11,190,경기도,양주시,오상갤러리,19,양주 2025_11.csv,문화관광,전시시설
양주,2025,11,2025-11,193,경기도,양주시,마스터풋볼클럽,18,양주 2025_11.csv,레저스포츠,기타레저스포츠
양주,2025,11,2025-11,193,경기도,양주시,샌드라이빙양주옥정점,18,양주 2025_11.csv,문화관광,테마공원
양주,2025,11,2025-11,195,경기도,양주시,양주혁신리빙랩센터,17,양주 2025_11.csv,문화관광,기타문화관광지
양주,2025,11,2025-11,195,경기도,양주시,꿈을그리다,17,양주 2025_11.csv,문화관광,테마공원
양주,2025,11,2025-11,195,경기도,양주시,테니스온탑양주점,17,양주 2025_11.csv,레저스포츠,기타레저스포츠
양주,2025,11,2025-11,195,경기도,양주시,효촌낚시터,17,양주 2025_11.csv,레저스포츠,수상레저스포츠
양주,2025,11,2025-11,195,경기도,양주시,여성봉,17,양주 2025_11.csv,자연관광,자연경관(산)
양주,2025,11,2025-11,195,경기도,양주시,가래비빙벽장,17,양주 2025_11.csv,레저스포츠,기타레저스포츠
양주,2025,11,2025-11,195,경기도,양주시,송추다보사,17,양주 2025_11.csv,역사관광,종교성지
양주,2025,11,2025-11,202,경기도,양주시,청풍산방,16,양주 2025_11.csv,체험관광,공예체험
양주,2025,11,2025-11,202,경기도,양주시,양주시티스타디움,16,양주 2025_11.csv,문화관광,레저스포츠시설
양주,2025,11,2025-11,202,경기도,양주시,해유령전첩지,16,양주 2025_11.csv,역사관광,역사유적지
양주,2025,11,2025-11,205,경기도,양주시,베이스캠프,15,양주 2025_11.csv,레저스포츠,기타레저스포츠
양주,2025,11,2025-11,205,경기도,양주시,오산산들근린공원,15,양주 2025_11.csv,문화관광,도시공원
양주,2025,11,2025-11,205,경기도,양주시,회암고개,15,양주 2025_11.csv,자연관광,자연경관(산)
양주,2025,11,2025-11,208,경기도,양주시,아이키친양주점,14,양주 2025_11.csv,문화관광,테마공원
양주,2025,11,2025-11,208,경기도,양주시,살구골낚시터,14,양주 2025_11.csv,레저스포츠,수상레저스포츠
양주,2025,11,2025-11,208,경기도,양주시,보타사,14,양주 2025_11.csv,역사관광,종교성지
양주,2025,11,2025-11,208,경기도,양주시,스카이워터파크,14,양주 2025_11.csv,문화관광,테마공원
양주,2025,11,2025-11,212,경기도,양주시,양주대모산성,13,양주 2025_11.csv,역사관광,역사유적지
양주,2025,11,2025-11,212,경기도,양주시,비암사,13,양주 2025_11.csv,역사관광,종교성지
양주,2025,11,2025-11,214,경기도,양주시,777레지던스,12,양주 2025_11.csv,문화관광,전시시설
양주,2025,11,2025-11,214,경기도,양주시,봉암낚시터,12,양주 2025_11.csv,레저스포츠,수상레저스포츠
양주,2025,11,2025-11,216,경기도,양주시,양주시 남면 맹골마을,11,양주 2025_11.csv,역사관광,역사유적지
양주,2025,11,2025-11,216,경기도,양주시,백수현전통가옥,11,양주 2025_11.csv,역사관광,역사유적지
양주,2025,11,2025-11,216,경기도,양주시,양주시 광사동 토리마을,11,양주 2025_11.csv,역사관광,역사유적지
양주,2025,11,2025-11,219,경기도,양주시,서오조경,10,양주 2025_11.csv,체험관광,농/산/어촌체험
양주,2025,11,2025-11,219,경기도,양주시,익성농장,10,양주 2025_11.csv,체험관광,농/산/어촌체험
양주,2025,11,2025-11,219,경기도,양주시,양주시종합관광안내센터,10,양주 2025_11.csv,기타관광,기타관광
양주,2025,11,2025-11,219,경기도,양주시,양주시 남면 초록지기마을,10,양주 2025_11.csv,역사관광,역사유적지
양주,2025,11,2025-11,219,경기도,양주시,호국비룡사,10,양주 2025_11.csv,역사관광,종교성지
양주,2025,11,2025-11,224,경기도,양주시,오림피아수영장,9,양주 2025_11.csv,문화관광,테마공원
양주,2025,11,2025-11,225,경기도,양주시,모모앤던목공작업실,8,양주 2025_11.csv,체험관광,공예체험
양주,2025,11,2025-11,225,경기도,양주시,나릿물힐링꽃밭,8,양주 2025_11.csv,기타관광,기타관광
양주,2025,11,2025-11,225,경기도,양주시,호국일월사,8,양주 2025_11.csv,역사관광,종교성지
양주,2025,11,2025-11,225,경기도,양주시,옥정생태숲공원,8,양주 2025_11.csv,문화관광,도시공원
양주,2025,11,2025-11,225,경기도,양주시,고읍제4어린이공원,8,양주 2025_11.csv,문화관광,도시공원
양주,2025,11,2025-11,225,경기도,양주시,사패산송추방면,8,양주 2025_11.csv,자연관광,자연경관(산)
양주,2025,11,2025-11,225,경기도,양주시,원학농장,8,양주 2025_11.csv,체험관광,농/산/어촌체험
양주,2025,11,2025-11,225,경기도,양주시,유수풀물놀이장,8,양주 2025_11.csv,문화관광,테마공원
양주,2025,11,2025-11,225,경기도,양주시,양주고읍유도체육관,8,양주 2025_11.csv,레저스포츠,기타레저스포츠
양주,2025,11,2025-11,225,경기도,양주시,월암사,8,양주 2025_11.csv,역사관광,종교성지
양주,2025,11,2025-11,235,경기도,양주시,독바위공원인라인스케이트장,7,양주 2025_11.csv,레저스포츠,기타레저스포츠
양주,2025,11,2025-11,235,경기도,양주시,양주시 백석읍 은봉산전원마을,7,양주 2025_11.csv,역사관광,역사유적지
양주,2025,11,2025-11,235,경기도,양주시,코스박스튜디오,7,양주 2025_11.csv,체험관광,공예체험
양주,2025,11,2025-11,235,경기도,양주시,다윗목장,7,양주 2025_11.csv,체험관광,농/산/어촌체험
양주,2025,11,2025-11,235,경기도,양주시,봉우근린공원,7,양주 2025_11.csv,문화관광,도시공원
양주,2025,11,2025-11,235,경기도,양주시,위기복탁구아카데미,7,양주 2025_11.csv,레저스포츠,기타레저스포츠
양주,2025,11,2025-11,235,경기도,양주시,양주아트밸리눈썰매장,7,양주 2025_11.csv,레저스포츠,육상레저스포츠
양주,2025,11,2025-11,235,경기도,양주시,조소앙선생기념공원,7,양주 2025_11.csv,문화관광,도시공원
양주,2025,11,2025-11,235,경기도,양주시,동산가든낚시터,7,양주 2025_11.csv,레저스포츠,수상레저스포츠
양주,2025,11,2025-11,235,경기도,양주시,효진푸드,7,양주 2025_11.csv,쇼핑,시장
양주,2025,11,2025-11,235,경기도,양주시,북한산둘레길14구간,7,양주 2025_11.csv,레저스포츠,기타레저스포츠
양주,2025,11,2025-11,235,경기도,양주시,히든밸리송추,7,양주 2025_11.csv,문화관광,테마공원
양주,2025,11,2025-11,247,경기도,양주시,토리근린공원,6,양주 2025_11.csv,문화관광,도시공원
양주,2025,11,2025-11,247,경기도,양주시,진영농장,6,양주 2025_11.csv,체험관광,농/산/어촌체험
양주,2025,11,2025-11,247,경기도,양주시,비암재,6,양주 2025_11.csv,역사관광,역사유적지
양주,2025,11,2025-11,247,경기도,양주시,석우근린공원,6,양주 2025_11.csv,문화관광,도시공원
양주,2025,11,2025-11,247,경기도,양주시,양주시감동VR체험관,6,양주 2025_11.csv,레저스포츠,기타레저스포츠
양주,2025,11,2025-11,247,경기도,양주시,보메기낚시터,6,양주 2025_11.csv,레저스포츠,수상레저스포츠
양주,2025,11,2025-11,247,경기도,양주시,스튜디오아르볼,6,양주 2025_11.csv,체험관광,공예체험
양주,2025,11,2025-11,247,경기도,양주시,노고산꿀벌농장,6,양주 2025_11.csv,체험관광,농/산/어촌체험
양주,2025,11,2025-11,247,경기도,양주시,윤성에프앤비양주물류센터,6,양주 2025_11.csv,레저스포츠,수상레저스포츠
양주,2025,11,2025-11,247,경기도,양주시,양주농촌테마공원,6,양주 2025_11.csv,문화관광,도시공원
양주,2025,11,2025-11,247,경기도,양주시,양주유수풀파크&바베큐장,6,양주 2025_11.csv,문화관광,테마공원
양주,2025,11,2025-11,247,경기도,양주시,천마사,6,양주 2025_11.csv,역사관광,종교성지
양주,2025,11,2025-11,259,경기도,양주시,옥정청과,5,양주 2025_11.csv,쇼핑,시장
양주,2025,11,2025-11,259,경기도,양주시,이레공방,5,양주 2025_11.csv,체험관광,공예체험
양주,2025,11,2025-11,259,경기도,양주시,뽀로로맘앤키즈카페이마트양주점,5,양주 2025_11.csv,문화관광,테마공원
양주,2025,11,2025-11,259,경기도,양주시,이승욱갤러리왕의길,5,양주 2025_11.csv,문화관광,전시시설
양주,2025,11,2025-11,259,경기도,양주시,CQB LAB,5,양주 2025_11.csv,레저스포츠,육상레저스포츠
양주,2025,11,2025-11,259,경기도,양주시,칠봉산천보터널방면,5,양주 2025_11.csv,자연관광,자연경관(산)
양주,2025,11,2025-11,259,경기도,양주시,동광정사,5,양주 2025_11.csv,역사관광,종교성지
양주,2025,11,2025-11,266,경기도,양주시,아지트배드민턴,4,양주 2025_11.csv,레저스포츠,기타레저스포츠
양주,2025,11,2025-11,266,경기도,양주시,신흥레저워터월드,4,양주 2025_11.csv,문화관광,테마공원
양주,2025,11,2025-11,266,경기도,양주시,돌탑테마공원,4,양주 2025_11.csv,문화관광,도시공원
양주,2025,11,2025-11,266,경기도,양주시,나리다육,4,양주 2025_11.csv,체험관광,농/산/어촌체험
양주,2025,11,2025-11,266,경기도,양주시,쏘폴스튜디오,4,양주 2025_11.csv,레저스포츠,기타레저스포츠
양주,2025,11,2025-11,266,경기도,양주시,펀치플러스복싱양주옥정점,4,양주 2025_11.csv,레저스포츠,기타레저스포츠
양주,2025,11,2025-11,266,경기도,양주시,준이목장,4,양주 2025_11.csv,체험관광,농/산/어촌체험
양주,2025,11,2025-11,266,경기도,양주시,구름재,4,양주 2025_11.csv,자연관광,자연경관(산)
양주,2025,11,2025-11,266,경기도,양주시,대장금눈썰매장,4,양주 2025_11.csv,레저스포츠,육상레저스포츠
양주,2025,11,2025-11,266,경기도,양주시,고려대학교축구장,4,양주 2025_11.csv,문화관광,레저스포츠시설
양주,2025,11,2025-11,266,경기도,양주시,원각폭포,4,양주 2025_11.csv,자연관광,자연경관(산)
양주,2025,11,2025-11,266,경기도,양주시,장흥ND구장,4,양주 2025_11.csv,문화관광,레저스포츠시설
양주,2025,11,2025-11,266,경기도,양주시,두래농원,4,양주 2025_11.csv,체험관광,농/산/어촌체험
양주,2025,11,2025-11,266,경기도,양주시,낙락저수지,4,양주 2025_11.csv,자연관광,자연경관(하천/해양)
양주,2025,11,2025-11,266,경기도,양주시,유한농장,4,양주 2025_11.csv,체험관광,농/산/어촌체험
양주,2025,11,2025-11,266,경기도,양주시,연이도예공방,4,양주 2025_11.csv,체험관광,공예체험
양주,2025,11,2025-11,266,경기도,양주시,김삿갓쉼터,4,양주 2025_11.csv,문화관광,도시공원
양주,2025,11,2025-11,266,경기도,양주시,영산법화사,4,양주 2025_11.csv,역사관광,종교성지
양주,2025,11,2025-11,266,경기도,양주시,양주와이어주짓수,4,양주 2025_11.csv,레저스포츠,기타레저스포츠
양주,2025,11,2025-11,266,경기도,양주시,불곡산농원,4,양주 2025_11.csv,체험관광,농/산/어촌체험
양주,2025,11,2025-11,266,경기도,양주시,홍법사,4,양주 2025_11.csv,역사관광,종교성지
양주,2025,11,2025-11,287,경기도,양주시,양주풋살파크제2구장,3,양주 2025_11.csv,레저스포츠,기타레저스포츠
양주,2025,11,2025-11,287,경기도,양주시,나누리근린공원,3,양주 2025_11.csv,문화관광,도시공원
양주,2025,11,2025-11,287,경기도,양주시,호국흥국사,3,양주 2025_11.csv,역사관광,종교성지
양주,2025,11,2025-11,287,경기도,양주시,이프로다육농장,3,양주 2025_11.csv,체험관광,농/산/어촌체험
양주,2025,11,2025-11,287,경기도,양주시,원주목장,3,양주 2025_11.csv,체험관광,농/산/어촌체험
양주,2025,11,2025-11,287,경기도,양주시,신산시장복합센터,3,양주 2025_11.csv,쇼핑,시장
양주,2025,11,2025-11,287,경기도,양주시,윤근수사당,3,양주 2025_11.csv,역사관광,역사유적지
양주,2025,11,2025-11,287,경기도,양주시,한마음청소년수련원수영장,3,양주 2025_11.csv,문화관광,테마공원
양주,2025,11,2025-11,287,경기도,양주시,쿠키팜,3,양주 2025_11.csv,체험관광,공예체험
양주,2025,11,2025-11,287,경기도,양주시,양주산성배틀존필드,3,양주 2025_11.csv,레저스포츠,육상레저스포츠
양주,2025,11,2025-11,287,경기도,양주시,아이핑탁구클럽,3,양주 2025_11.csv,레저스포츠,기타레저스포츠
양주,2025,11,2025-11,287,경기도,양주시,양주라온탁구클럽,3,양주 2025_11.csv,레저스포츠,기타레저스포츠
양주,2025,11,2025-11,287,경기도,양주시,디프트,3,양주 2025_11.csv,체험관광,공예체험
양주,2025,11,2025-11,287,경기도,양주시,베이오리프,3,양주 2025_11.csv,체험관광,공예체험
양주,2025,11,2025-11,287,경기도,양주시,스포케이션우리동네액티비티,3,양주 2025_11.csv,레저스포츠,기타레저스포츠
양주,2025,11,2025-11,287,경기도,양주시,도락산자연발생유원지,3,양주 2025_11.csv,문화관광,복합관광시설
양주,2025,11,2025-11,287,경기도,양주시,아름드리농원,3,양주 2025_11.csv,체험관광,농/산/어촌체험
양주,2025,11,2025-11,287,경기도,양주시,딸기뱅크,3,양주 2025_11.csv,체험관광,농/산/어촌체험
양주,2025,11,2025-11,287,경기도,양주시,연수농원,3,양주 2025_11.csv,체험관광,농/산/어촌체험
양주,2025,11,2025-11,287,경기도,양주시,민물장어양어장,3,양주 2025_11.csv,체험관광,농/산/어촌체험
양주,2025,11,2025-11,287,경기도,양주시,대성사,3,양주 2025_11.csv,역사관광,종교성지
양주,2025,11,2025-11,287,경기도,양주시,정절사,3,양주 2025_11.csv,역사관광,역사유물
양주,2025,11,2025-11,287,경기도,양주시,덕계동어린이공원,3,양주 2025_11.csv,문화관광,도시공원
양주,2025,11,2025-11,287,경기도,양주시,천불사,3,양주 2025_11.csv,역사관광,종교성지
양주,2025,11,2025-11,287,경기도,양주시,혜암정사,3,양주 2025_11.csv,역사관광,종교성지
양주,2025,11,2025-11,287,경기도,양주시,약사사,3,양주 2025_11.csv,역사관광,종교성지
양주,2025,11,2025-11,287,경기도,양주시,양주시 현충탑,3,양주 2025_11.csv,역사관광,역사유물
양주,2025,11,2025-11,287,경기도,양주시,양주시립장욱진미술관통합매표소,3,양주 2025_11.csv,문화관광,복합관광시설
양주,2025,11,2025-11,287,경기도,양주시,감악산목장,3,양주 2025_11.csv,체험관광,농/산/어촌체험
양주,2025,11,2025-11,287,경기도,양주시,삼수니농장,3,양주 2025_11.csv,체험관광,농/산/어촌체험
양주,2025,11,2025-11,287,경기도,양주시,장흥버섯농장,3,양주 2025_11.csv,체험관광,농/산/어촌체험
양주,2025,11,2025-11,287,경기도,양주시,송추로얄암반수수영장,3,양주 2025_11.csv,문화관광,테마공원
양주,2025,11,2025-11,287,경기도,양주시,신산장,3,양주 2025_11.csv,쇼핑,시장
양주,2025,11,2025-11,287,경기도,양주시,덕계낚시터,3,양주 2025_11.csv,레저스포츠,수상레저스포츠
양주,2025,11,2025-11,287,경기도,양주시,양주탁구클럽,3,양주 2025_11.csv,레저스포츠,기타레저스포츠
양주,2025,11,2025-11,287,경기도,양주시,북부수산시장,3,양주 2025_11.csv,쇼핑,시장
양주,2025,11,2025-11,287,경기도,양주시,일영랜드수영장,3,양주 2025_11.csv,문화관광,테마공원
양주,2025,11,2025-11,287,경기도,양주시,묵은저수지,3,양주 2025_11.csv,자연관광,자연경관(하천/해양)
양주,2025,11,2025-11,287,경기도,양주시,배양농원,3,양주 2025_11.csv,체험관광,농/산/어촌체험
양주,2025,11,2025-11,287,경기도,양주시,무량사,3,양주 2025_11.csv,역사관광,종교성지
양주,2025,11,2025-11,287,경기도,양주시,엘림전시,3,양주 2025_11.csv,문화관광,전시시설
양주,2025,11,2025-11,287,경기도,양주시,신상호스튜디오,3,양주 2025_11.csv,문화관광,전시시설
양주,2025,11,2025-11,287,경기도,양주시,이치경영연구소,3,양주 2025_11.csv,체험관광,체험관광기타
양주,2025,12,2025-12,1,경기도,양주시,LF스퀘어양주점,11345,양주 2025_12.csv,쇼핑,쇼핑몰
양주,2025,12,2025-12,2,경기도,양주시,CGV양주옥정,3203,양주 2025_12.csv,문화관광,공연시설
양주,2025,12,2025-12,3,경기도,양주시,조명박물관,2398,양주 2025_12.csv,문화관광,전시시설
양주,2025,12,2025-12,4,경기도,양주시,레이크우드CC,1810,양주 2025_12.csv,레저스포츠,육상레저스포츠
양주,2025,12,2025-12,5,경기도,양주시,옥정호수공원,1297,양주 2025_12.csv,문화관광,도시공원
양주,2025,12,2025-12,6,경기도,양주시,두리랜드,1279,양주 2025_12.csv,문화관광,테마공원
양주,2025,12,2025-12,7,경기도,양주시,회암사지박물관,1241,양주 2025_12.csv,문화관광,전시시설
양주,2025,12,2025-12,8,경기도,양주시,송추계곡,1042,양주 2025_12.csv,자연관광,자연경관(산)
양주,2025,12,2025-12,9,경기도,양주시,가래비만세시장,805,양주 2025_12.csv,쇼핑,시장
양주,2025,12,2025-12,10,경기도,양주시,장흥관광지,787,양주 2025_12.csv,문화관광,복합관광시설
양주,2025,12,2025-12,11,경기도,양주시,기산저수지,728,양주 2025_12.csv,자연관광,자연경관(하천/해양)
양주,2025,12,2025-12,12,경기도,양주시,송추역,722,양주 2025_12.csv,기타관광,교통시설
양주,2025,12,2025-12,13,경기도,양주시,송추CC,614,양주 2025_12.csv,레저스포츠,육상레저스포츠
양주,2025,12,2025-12,14,경기도,양주시,백석생활체육공원,539,양주 2025_12.csv,문화관광,도시공원
양주,2025,12,2025-12,15,경기도,양주시,장흥자동차극장,538,양주 2025_12.csv,문화관광,공연시설
양주,2025,12,2025-12,16,경기도,양주시,국립아세안자연휴양림,501,양주 2025_12.csv,자연관광,자연공원
양주,2025,12,2025-12,17,경기도,양주시,옥정체육공원,486,양주 2025_12.csv,문화관광,도시공원
양주,2025,12,2025-12,18,경기도,양주시,회암사,445,양주 2025_12.csv,역사관광,종교성지
양주,2025,12,2025-12,19,경기도,양주시,청련사,444,양주 2025_12.csv,역사관광,종교성지
양주,2025,12,2025-12,20,경기도,양주시,메가파크양주점,397,양주 2025_12.csv,문화관광,테마공원
양주,2025,12,2025-12,20,경기도,양주시,은현피싱타운,397,양주 2025_12.csv,레저스포츠,수상레저스포츠
양주,2025,12,2025-12,22,경기도,양주시,헤세의정원,374,양주 2025_12.csv,문화관광,기타문화관광지
양주,2025,12,2025-12,23,경기도,양주시,루이힐스CC,371,양주 2025_12.csv,레저스포츠,육상레저스포츠
양주,2025,12,2025-12,24,경기도,양주시,일영역,358,양주 2025_12.csv,기타관광,교통시설
양주,2025,12,2025-12,25,경기도,양주시,신천생활체육공원,351,양주 2025_12.csv,문화관광,도시공원
양주,2025,12,2025-12,26,경기도,양주시,일영유원지,327,양주 2025_12.csv,문화관광,복합관광시설
양주,2025,12,2025-12,27,경기도,양주시,가나아트파크,314,양주 2025_12.csv,문화관광,전시시설
양주,2025,12,2025-12,28,경기도,양주시,선돌근린공원,311,양주 2025_12.csv,문화관광,도시공원
양주,2025,12,2025-12,29,경기도,양주시,양주시립장욱진미술관,288,양주 2025_12.csv,문화관광,전시시설
양주,2025,12,2025-12,30,경기도,양주시,신암낚시터,281,양주 2025_12.csv,레저스포츠,수상레저스포츠
양주,2025,12,2025-12,31,경기도,양주시,헬로방방양주점,280,양주 2025_12.csv,문화관광,테마공원
양주,2025,12,2025-12,32,경기도,양주시,원당저수지,278,양주 2025_12.csv,자연관광,자연경관(하천/해양)
양주,2025,12,2025-12,33,경기도,양주시,고덕생활체육공원,276,양주 2025_12.csv,문화관광,도시공원
양주,2025,12,2025-12,34,경기도,양주시,송암스페이스센터,251,양주 2025_12.csv,기타관광,기타관광
양주,2025,12,2025-12,35,경기도,양주시,장흥역,248,양주 2025_12.csv,기타관광,교통시설
양주,2025,12,2025-12,36,경기도,양주시,멜버른승마장,247,양주 2025_12.csv,레저스포츠,육상레저스포츠
양주,2025,12,2025-12,37,경기도,양주시,장흥생활체육공원,241,양주 2025_12.csv,문화관광,도시공원
양주,2025,12,2025-12,38,경기도,양주시,어드벤처시티,236,양주 2025_12.csv,문화관광,테마공원
양주,2025,12,2025-12,39,경기도,양주시,99풋살파크,221,양주 2025_12.csv,레저스포츠,기타레저스포츠
양주,2025,12,2025-12,39,경기도,양주시,청암민속박물관,221,양주 2025_12.csv,문화관광,전시시설
양주,2025,12,2025-12,41,경기도,양주시,삼하낚시터,219,양주 2025_12.csv,레저스포츠,수상레저스포츠
양주,2025,12,2025-12,42,경기도,양주시,하나농원,216,양주 2025_12.csv,체험관광,농/산/어촌체험
양주,2025,12,2025-12,43,경기도,양주시,옥정배수지체육공원,211,양주 2025_12.csv,문화관광,도시공원
양주,2025,12,2025-12,44,경기도,양주시,베리미팜,208,양주 2025_12.csv,체험관광,농/산/어촌체험
양주,2025,12,2025-12,45,경기도,양주시,은현낚시터,206,양주 2025_12.csv,레저스포츠,수상레저스포츠
양주,2025,12,2025-12,46,경기도,양주시,토도,173,양주 2025_12.csv,문화관광,테마공원
양주,2025,12,2025-12,47,경기도,양주시,봉암저수지,170,양주 2025_12.csv,자연관광,자연경관(하천/해양)
양주,2025,12,2025-12,48,경기도,양주시,메가박스양주 휴업중,169,양주 2025_12.csv,문화관광,공연시설
양주,2025,12,2025-12,49,경기도,양주시,양주풋살파크제1구장,164,양주 2025_12.csv,문화관광,레저스포츠시설
양주,2025,12,2025-12,50,경기도,양주시,딱따구리청소년수련원,163,양주 2025_12.csv,레저스포츠,육상레저스포츠
양주,2025,12,2025-12,50,경기도,양주시,지장사,163,양주 2025_12.csv,역사관광,종교성지
양주,2025,12,2025-12,52,경기도,양주시,독바위공원,160,양주 2025_12.csv,문화관광,도시공원
양주,2025,12,2025-12,53,경기도,양주시,양주테크노풋살센터,159,양주 2025_12.csv,레저스포츠,기타레저스포츠
양주,2025,12,2025-12,54,경기도,양주시,세광사,155,양주 2025_12.csv,역사관광,종교성지
양주,2025,12,2025-12,55,경기도,양주시,양주베이스볼파크,147,양주 2025_12.csv,문화관광,레저스포츠시설
양주,2025,12,2025-12,56,경기도,양주시,송추아트밸리,146,양주 2025_12.csv,문화관광,도시공원
양주,2025,12,2025-12,57,경기도,양주시,공존풋살파크양주점,145,양주 2025_12.csv,문화관광,레저스포츠시설
양주,2025,12,2025-12,58,경기도,양주시,베베앙쥬베이비카페옥정점,141,양주 2025_12.csv,문화관광,테마공원
양주,2025,12,2025-12,58,경기도,양주시,연화사,141,양주 2025_12.csv,역사관광,종교성지
양주,2025,12,2025-12,60,경기도,양주시,양주별산대놀이마당,140,양주 2025_12.csv,문화관광,기타문화관광지
양주,2025,12,2025-12,61,경기도,양주시,장흥축구장,136,양주 2025_12.csv,문화관광,레저스포츠시설
양주,2025,12,2025-12,62,경기도,양주시,나리공원파크골프장,135,양주 2025_12.csv,레저스포츠,육상레저스포츠
양주,2025,12,2025-12,63,경기도,양주시,대원정사,134,양주 2025_12.csv,역사관광,종교성지
양주,2025,12,2025-12,63,경기도,양주시,양주아트밸리눈썰매장,134,양주 2025_12.csv,레저스포츠,육상레저스포츠
양주,2025,12,2025-12,65,경기도,양주시,양주시청소년수련원,133,양주 2025_12.csv,레저스포츠,육상레저스포츠
양주,2025,12,2025-12,66,경기도,양주시,석굴암,127,양주 2025_12.csv,역사관광,종교성지
양주,2025,12,2025-12,67,경기도,양주시,VIP야구장,121,양주 2025_12.csv,문화관광,레저스포츠시설
양주,2025,12,2025-12,68,경기도,양주시,장흥돌고개유원지,117,양주 2025_12.csv,문화관광,복합관광시설
양주,2025,12,2025-12,69,경기도,양주시,나리농원,115,양주 2025_12.csv,체험관광,농/산/어촌체험
양주,2025,12,2025-12,70,경기도,양주시,온릉,114,양주 2025_12.csv,역사관광,역사유적지
양주,2025,12,2025-12,71,경기도,양주시,MBP리그,113,양주 2025_12.csv,문화관광,레저스포츠시설
양주,2025,12,2025-12,72,경기도,양주시,덕계저수지,111,양주 2025_12.csv,자연관광,자연경관(하천/해양)
양주,2025,12,2025-12,73,경기도,양주시,ND야구장,109,양주 2025_12.csv,문화관광,레저스포츠시설
양주,2025,12,2025-12,74,경기도,양주시,양주곤충박물관,106,양주 2025_12.csv,문화관광,전시시설
양주,2025,12,2025-12,75,경기도,양주시,양주시승마장,105,양주 2025_12.csv,레저스포츠,육상레저스포츠
양주,2025,12,2025-12,76,경기도,양주시,마리조아승마클럽,104,양주 2025_12.csv,레저스포츠,육상레저스포츠
양주,2025,12,2025-12,77,경기도,양주시,양주눈꽃축제,101,양주 2025_12.csv,문화관광,기타문화관광지
양주,2025,12,2025-12,78,경기도,양주시,고읍축구장,96,양주 2025_12.csv,문화관광,레저스포츠시설
양주,2025,12,2025-12,79,경기도,양주시,강호이앤티,92,양주 2025_12.csv,레저스포츠,기타레저스포츠
양주,2025,12,2025-12,80,경기도,양주시,장자원낚시터,91,양주 2025_12.csv,레저스포츠,수상레저스포츠
양주,2025,12,2025-12,81,경기도,양주시,그리드알파,89,양주 2025_12.csv,레저스포츠,육상레저스포츠
양주,2025,12,2025-12,82,경기도,양주시,연꽃빌리지관광농원,88,양주 2025_12.csv,체험관광,농/산/어촌체험
양주,2025,12,2025-12,82,경기도,양주시,스카이야구장,88,양주 2025_12.csv,문화관광,레저스포츠시설
양주,2025,12,2025-12,84,경기도,양주시,엄상마을문화거리,84,양주 2025_12.csv,문화관광,테마공원
양주,2025,12,2025-12,85,경기도,양주시,키즈멧,83,양주 2025_12.csv,문화관광,테마공원
양주,2025,12,2025-12,85,경기도,양주시,어둔리저수지,83,양주 2025_12.csv,자연관광,자연경관(하천/해양)
양주,2025,12,2025-12,87,경기도,양주시,장흥야구장,82,양주 2025_12.csv,문화관광,레저스포츠시설
양주,2025,12,2025-12,88,경기도,양주시,신산리공원,80,양주 2025_12.csv,문화관광,도시공원
양주,2025,12,2025-12,89,경기도,양주시,양주시 장흥면 천생연분마을,77,양주 2025_12.csv,역사관광,역사유적지
양주,2025,12,2025-12,90,경기도,양주시,양주농촌테마공원,74,양주 2025_12.csv,문화관광,도시공원
양주,2025,12,2025-12,91,경기도,양주시,양주관아지,73,양주 2025_12.csv,역사관광,역사유적지
양주,2025,12,2025-12,91,경기도,양주시,회암사지,73,양주 2025_12.csv,역사관광,역사유적지
양주,2025,12,2025-12,91,경기도,양주시,롤러몬스터,73,양주 2025_12.csv,레저스포츠,기타레저스포츠
양주,2025,12,2025-12,94,경기도,양주시,EP베이스볼파크,72,양주 2025_12.csv,문화관광,레저스포츠시설
양주,2025,12,2025-12,95,경기도,양주시,원실내바다낚시터양주점,71,양주 2025_12.csv,레저스포츠,수상레저스포츠
양주,2025,12,2025-12,95,경기도,양주시,육지장사,71,양주 2025_12.csv,역사관광,종교성지
양주,2025,12,2025-12,97,경기도,양주시,칠봉산CC,70,양주 2025_12.csv,레저스포츠,육상레저스포츠
양주,2025,12,2025-12,98,경기도,양주시,칠봉산낚시터,69,양주 2025_12.csv,레저스포츠,수상레저스포츠
양주,2025,12,2025-12,99,경기도,양주시,하늘물공원,68,양주 2025_12.csv,문화관광,도시공원
양주,2025,12,2025-12,99,경기도,양주시,샘내고개,68,양주 2025_12.csv,자연관광,자연경관(산)
양주,2025,12,2025-12,101,경기도,양주시,삼숭생활체육공원,66,양주 2025_12.csv,문화관광,도시공원
양주,2025,12,2025-12,102,경기도,양주시,연곡저수지,64,양주 2025_12.csv,자연관광,자연경관(하천/해양)
양주,2025,12,2025-12,103,경기도,양주시,효촌저수지,62,양주 2025_12.csv,자연관광,자연경관(하천/해양)
양주,2025,12,2025-12,103,경기도,양주시,고고롤러장옥정점,62,양주 2025_12.csv,레저스포츠,육상레저스포츠
양주,2025,12,2025-12,105,경기도,양주시,원당낚시터,61,양주 2025_12.csv,레저스포츠,수상레저스포츠
양주,2025,12,2025-12,105,경기도,양주시,한성승마클럽,61,양주 2025_12.csv,레저스포츠,육상레저스포츠
양주,2025,12,2025-12,107,경기도,양주시,화담정사,60,양주 2025_12.csv,역사관광,종교성지
양주,2025,12,2025-12,108,경기도,양주시,디프트,58,양주 2025_12.csv,체험관광,공예체험
양주,2025,12,2025-12,108,경기도,양주시,덕계공원,58,양주 2025_12.csv,문화관광,도시공원
양주,2025,12,2025-12,108,경기도,양주시,송추원각사,58,양주 2025_12.csv,역사관광,종교성지
양주,2025,12,2025-12,111,경기도,양주시,아름다운비행,57,양주 2025_12.csv,문화관광,전시시설
양주,2025,12,2025-12,112,경기도,양주시,옥정체육공원축구장,54,양주 2025_12.csv,문화관광,레저스포츠시설
양주,2025,12,2025-12,113,경기도,양주시,남경수목원,53,양주 2025_12.csv,체험관광,농/산/어촌체험
양주,2025,12,2025-12,113,경기도,양주시,더바이브클라이밍,53,양주 2025_12.csv,레저스포츠,기타레저스포츠
양주,2025,12,2025-12,115,경기도,양주시,연화사,50,양주 2025_12.csv,역사관광,종교성지
양주,2025,12,2025-12,116,경기도,양주시,꿀잼키즈룸양주옥정점,49,양주 2025_12.csv,문화관광,테마공원
양주,2025,12,2025-12,117,경기도,양주시,가나2아뜰리에,48,양주 2025_12.csv,문화관광,기타문화관광지
양주,2025,12,2025-12,118,경기도,양주시,유아놀이연구소꾸러기놀이터,46,양주 2025_12.csv,문화관광,테마공원
양주,2025,12,2025-12,118,경기도,양주시,광사낚시터,46,양주 2025_12.csv,레저스포츠,수상레저스포츠
양주,2025,12,2025-12,118,경기도,양주시,광백저수지,46,양주 2025_12.csv,자연관광,자연경관(하천/해양)
양주,2025,12,2025-12,118,경기도,양주시,북한산국립공원오봉탐방지원센터,46,양주 2025_12.csv,기타관광,기타관광
양주,2025,12,2025-12,122,경기도,양주시,신천생활체육공원축구장,43,양주 2025_12.csv,문화관광,레저스포츠시설
양주,2025,12,2025-12,123,경기도,양주시,나비랑키즈카페,42,양주 2025_12.csv,문화관광,테마공원
양주,2025,12,2025-12,124,경기도,양주시,프레리키즈카페양주옥정점,41,양주 2025_12.csv,문화관광,테마공원
양주,2025,12,2025-12,125,경기도,양주시,백화암,39,양주 2025_12.csv,역사관광,종교성지
양주,2025,12,2025-12,125,경기도,양주시,광적생활체육공원축구장,39,양주 2025_12.csv,문화관광,레저스포츠시설
양주,2025,12,2025-12,125,경기도,양주시,해마루농원,39,양주 2025_12.csv,체험관광,농/산/어촌체험
양주,2025,12,2025-12,128,경기도,양주시,안상철미술관,34,양주 2025_12.csv,문화관광,전시시설
양주,2025,12,2025-12,128,경기도,양주시,장흥자생수목원,34,양주 2025_12.csv,자연관광,자연공원
양주,2025,12,2025-12,128,경기도,양주시,원더풀키즈수영장,34,양주 2025_12.csv,문화관광,테마공원
양주,2025,12,2025-12,131,경기도,양주시,광적생활체육공원,33,양주 2025_12.csv,문화관광,도시공원
양주,2025,12,2025-12,131,경기도,양주시,덕정시장,33,양주 2025_12.csv,쇼핑,시장
양주,2025,12,2025-12,133,경기도,양주시,양주시공설파크골프장,31,양주 2025_12.csv,레저스포츠,육상레저스포츠
양주,2025,12,2025-12,133,경기도,양주시,송추다보사,31,양주 2025_12.csv,역사관광,종교성지
양주,2025,12,2025-12,135,경기도,양주시,불곡산,30,양주 2025_12.csv,자연관광,자연경관(산)
양주,2025,12,2025-12,135,경기도,양주시,일영낚시터,30,양주 2025_12.csv,레저스포츠,수상레저스포츠
양주,2025,12,2025-12,137,경기도,양주시,우리끼리 키즈카페 스포츠마을양주옥정점,28,양주 2025_12.csv,문화관광,테마공원
양주,2025,12,2025-12,138,경기도,양주시,양주시립민복진미술관,26,양주 2025_12.csv,문화관광,전시시설
양주,2025,12,2025-12,138,경기도,양주시,티제이풋살파크,26,양주 2025_12.csv,레저스포츠,기타레저스포츠
양주,2025,12,2025-12,138,경기도,양주시,테니스온탑양주점,26,양주 2025_12.csv,레저스포츠,기타레저스포츠
양주,2025,12,2025-12,138,경기도,양주시,나리공원,26,양주 2025_12.csv,문화관광,도시공원
양주,2025,12,2025-12,138,경기도,양주시,타겟28실내양궁장,26,양주 2025_12.csv,레저스포츠,육상레저스포츠
양주,2025,12,2025-12,143,경기도,양주시,홍복저수지,25,양주 2025_12.csv,자연관광,자연경관(하천/해양)
양주,2025,12,2025-12,143,경기도,양주시,선그로원예,25,양주 2025_12.csv,체험관광,농/산/어촌체험
양주,2025,12,2025-12,143,경기도,양주시,한국축구센터,25,양주 2025_12.csv,문화관광,레저스포츠시설
양주,2025,12,2025-12,146,경기도,양주시,효순.미선평화공원,24,양주 2025_12.csv,문화관광,도시공원
양주,2025,12,2025-12,146,경기도,양주시,대승사,24,양주 2025_12.csv,역사관광,종교성지
양주,2025,12,2025-12,148,경기도,양주시,무키무키양주회천점,23,양주 2025_12.csv,문화관광,테마공원
양주,2025,12,2025-12,148,경기도,양주시,백석생활체육공원야구장,23,양주 2025_12.csv,문화관광,레저스포츠시설
양주,2025,12,2025-12,150,경기도,양주시,꿈을그리다,22,양주 2025_12.csv,문화관광,테마공원
양주,2025,12,2025-12,150,경기도,양주시,조소앙선생기념관,22,양주 2025_12.csv,문화관광,전시시설
양주,2025,12,2025-12,152,경기도,양주시,딸기뱅크,21,양주 2025_12.csv,체험관광,농/산/어촌체험
양주,2025,12,2025-12,153,경기도,양주시,호국비룡사,20,양주 2025_12.csv,역사관광,종교성지
양주,2025,12,2025-12,154,경기도,양주시,블랑팡,19,양주 2025_12.csv,문화관광,테마공원
양주,2025,12,2025-12,154,경기도,양주시,가래비빙벽장,19,양주 2025_12.csv,레저스포츠,기타레저스포츠
양주,2025,12,2025-12,156,경기도,양주시,옥정청과,18,양주 2025_12.csv,쇼핑,시장
양주,2025,12,2025-12,156,경기도,양주시,부부관광농원,18,양주 2025_12.csv,체험관광,농/산/어촌체험
양주,2025,12,2025-12,156,경기도,양주시,777레지던스,18,양주 2025_12.csv,문화관광,전시시설
양주,2025,12,2025-12,159,경기도,양주시,위바운스,17,양주 2025_12.csv,문화관광,테마공원
양주,2025,12,2025-12,160,경기도,양주시,호국흥국사,16,양주 2025_12.csv,역사관광,종교성지
양주,2025,12,2025-12,160,경기도,양주시,양주향교,16,양주 2025_12.csv,역사관광,역사유적지
양주,2025,12,2025-12,162,경기도,양주시,양주혁신리빙랩센터,15,양주 2025_12.csv,문화관광,기타문화관광지
양주,2025,12,2025-12,162,경기도,양주시,금바위저수지,15,양주 2025_12.csv,자연관광,자연경관(하천/해양)
양주,2025,12,2025-12,164,경기도,양주시,신암지,14,양주 2025_12.csv,자연관광,자연경관(하천/해양)
양주,2025,12,2025-12,164,경기도,양주시,양주시티스타디움,14,양주 2025_12.csv,문화관광,레저스포츠시설
양주,2025,12,2025-12,164,경기도,양주시,백석생활체육공원축구장,14,양주 2025_12.csv,문화관광,레저스포츠시설
양주,2025,12,2025-12,167,경기도,양주시,백석배수지생활체육공원,13,양주 2025_12.csv,문화관광,도시공원
양주,2025,12,2025-12,167,경기도,양주시,양주시종합관광안내센터,13,양주 2025_12.csv,기타관광,기타관광
양주,2025,12,2025-12,167,경기도,양주시,덕수레저타운,13,양주 2025_12.csv,레저스포츠,기타레저스포츠
양주,2025,12,2025-12,170,경기도,양주시,모모앤던목공작업실,12,양주 2025_12.csv,체험관광,공예체험
양주,2025,12,2025-12,170,경기도,양주시,코스박스튜디오,12,양주 2025_12.csv,체험관광,공예체험
양주,2025,12,2025-12,170,경기도,양주시,펀치플러스복싱양주옥정점,12,양주 2025_12.csv,레저스포츠,기타레저스포츠
양주,2025,12,2025-12,170,경기도,양주시,송추낚시터,12,양주 2025_12.csv,레저스포츠,수상레저스포츠
양주,2025,12,2025-12,170,경기도,양주시,북한산국립공원교현탐방지원센터,12,양주 2025_12.csv,기타관광,기타관광
양주,2025,12,2025-12,175,경기도,양주시,베이스캠프,10,양주 2025_12.csv,레저스포츠,기타레저스포츠
양주,2025,12,2025-12,175,경기도,양주시,호국일월사,10,양주 2025_12.csv,역사관광,종교성지
양주,2025,12,2025-12,175,경기도,양주시,아이키친양주점,10,양주 2025_12.csv,문화관광,테마공원
양주,2025,12,2025-12,175,경기도,양주시,스튜디오아르볼,10,양주 2025_12.csv,체험관광,공예체험
양주,2025,12,2025-12,175,경기도,양주시,윤성에프앤비양주물류센터,10,양주 2025_12.csv,레저스포츠,수상레저스포츠
양주,2025,12,2025-12,175,경기도,양주시,고려대학교송추야구장,10,양주 2025_12.csv,문화관광,레저스포츠시설
양주,2025,12,2025-12,175,경기도,양주시,백수현전통가옥,10,양주 2025_12.csv,역사관광,역사유적지
양주,2025,12,2025-12,175,경기도,양주시,덕계학습관,10,양주 2025_12.csv,체험관광,체험관광기타
양주,2025,12,2025-12,183,경기도,양주시,양주시 백석읍 은봉산전원마을,9,양주 2025_12.csv,역사관광,역사유적지
양주,2025,12,2025-12,183,경기도,양주시,마스터풋볼클럽,9,양주 2025_12.csv,레저스포츠,기타레저스포츠
양주,2025,12,2025-12,183,경기도,양주시,색깔빛깔 오감놀이터,9,양주 2025_12.csv,문화관광,테마공원
양주,2025,12,2025-12,183,경기도,양주시,무호정,9,양주 2025_12.csv,레저스포츠,육상레저스포츠
양주,2025,12,2025-12,183,경기도,양주시,각명사,9,양주 2025_12.csv,역사관광,종교성지
양주,2025,12,2025-12,183,경기도,양주시,살구골낚시터,9,양주 2025_12.csv,레저스포츠,수상레저스포츠
양주,2025,12,2025-12,189,경기도,양주시,용암낚시터,8,양주 2025_12.csv,레저스포츠,수상레저스포츠
양주,2025,12,2025-12,189,경기도,양주시,대장금눈썰매장,8,양주 2025_12.csv,레저스포츠,육상레저스포츠
양주,2025,12,2025-12,189,경기도,양주시,디스코롤러장,8,양주 2025_12.csv,레저스포츠,육상레저스포츠
양주,2025,12,2025-12,189,경기도,양주시,점프윙스줄넘기클럽줄기차게,8,양주 2025_12.csv,레저스포츠,기타레저스포츠
양주,2025,12,2025-12,193,경기도,양주시,쿠키팜,7,양주 2025_12.csv,체험관광,공예체험
양주,2025,12,2025-12,193,경기도,양주시,어둔리남방낚시터,7,양주 2025_12.csv,레저스포츠,수상레저스포츠
양주,2025,12,2025-12,193,경기도,양주시,보메기낚시터,7,양주 2025_12.csv,레저스포츠,수상레저스포츠
양주,2025,12,2025-12,193,경기도,양주시,송암천문대,7,양주 2025_12.csv,기타관광,기타관광
양주,2025,12,2025-12,193,경기도,양주시,덕정탁구클럽,7,양주 2025_12.csv,레저스포츠,기타레저스포츠
양주,2025,12,2025-12,198,경기도,양주시,양주울대고개순직경찰관추도비,6,양주 2025_12.csv,역사관광,역사유물
양주,2025,12,2025-12,198,경기도,양주시,윤근수사당,6,양주 2025_12.csv,역사관광,역사유적지
양주,2025,12,2025-12,198,경기도,양주시,CQB LAB,6,양주 2025_12.csv,레저스포츠,육상레저스포츠
양주,2025,12,2025-12,198,경기도,양주시,회암고개,6,양주 2025_12.csv,자연관광,자연경관(산)
양주,2025,12,2025-12,198,경기도,양주시,태평목장,6,양주 2025_12.csv,체험관광,농/산/어촌체험
양주,2025,12,2025-12,198,경기도,양주시,연수농원,6,양주 2025_12.csv,체험관광,농/산/어촌체험
양주,2025,12,2025-12,198,경기도,양주시,원각폭포,6,양주 2025_12.csv,자연관광,자연경관(산)
양주,2025,12,2025-12,198,경기도,양주시,북한산둘레길13구간,6,양주 2025_12.csv,레저스포츠,기타레저스포츠
양주,2025,12,2025-12,198,경기도,양주시,나리공원물놀이장,6,양주 2025_12.csv,문화관광,테마공원
양주,2025,12,2025-12,198,경기도,양주시,양주골김치체험박물관,6,양주 2025_12.csv,문화관광,전시시설
양주,2025,12,2025-12,198,경기도,양주시,영산법화사,6,양주 2025_12.csv,역사관광,종교성지
양주,2025,12,2025-12,198,경기도,양주시,양주시티즌축구클럽,6,양주 2025_12.csv,문화관광,레저스포츠시설
양주,2025,12,2025-12,210,경기도,양주시,체형교정연구소바르다,5,양주 2025_12.csv,레저스포츠,기타레저스포츠
양주,2025,12,2025-12,210,경기도,양주시,스포케이션우리동네액티비티,5,양주 2025_12.csv,레저스포츠,기타레저스포츠
양주,2025,12,2025-12,212,경기도,양주시,옥정탁구클럽,4,양주 2025_12.csv,레저스포츠,기타레저스포츠
양주,2025,12,2025-12,212,경기도,양주시,기산리유원지,4,양주 2025_12.csv,문화관광,복합관광시설
양주,2025,12,2025-12,212,경기도,양주시,장흥조각공원,4,양주 2025_12.csv,문화관광,도시공원
양주,2025,12,2025-12,212,경기도,양주시,마하보디사,4,양주 2025_12.csv,역사관광,종교성지
양주,2025,12,2025-12,216,경기도,양주시,서오조경,3,양주 2025_12.csv,체험관광,농/산/어촌체험
양주,2025,12,2025-12,216,경기도,양주시,도자기공방숲,3,양주 2025_12.csv,체험관광,공예체험
양주,2025,12,2025-12,216,경기도,양주시,제삼목장,3,양주 2025_12.csv,체험관광,농/산/어촌체험
양주,2025,12,2025-12,216,경기도,양주시,홍죽산업단지근린공원,3,양주 2025_12.csv,문화관광,도시공원
양주,2025,12,2025-12,216,경기도,양주시,송추팜,3,양주 2025_12.csv,체험관광,농/산/어촌체험
양주,2025,12,2025-12,216,경기도,양주시,보현사,3,양주 2025_12.csv,역사관광,종교성지
양주,2025,12,2025-12,216,경기도,양주시,가나1아뜰리에,3,양주 2025_12.csv,문화관광,기타문화관광지
양주,2025,12,2025-12,216,경기도,양주시,나리다육,3,양주 2025_12.csv,체험관광,농/산/어촌체험
양주,2025,12,2025-12,216,경기도,양주시,투혼정심관양주지부,3,양주 2025_12.csv,레저스포츠,기타레저스포츠
양주,2025,12,2025-12,216,경기도,양주시,병수농원,3,양주 2025_12.csv,체험관광,농/산/어촌체험
양주,2025,12,2025-12,216,경기도,양주시,양주인공암벽장,3,양주 2025_12.csv,레저스포츠,기타레저스포츠
양주,2025,12,2025-12,216,경기도,양주시,옥정생태숲공원,3,양주 2025_12.csv,문화관광,도시공원
양주,2025,12,2025-12,216,경기도,양주시,양주시서부건강생활활지원센터어린이건강체험관,3,양주 2025_12.csv,체험관광,체험관광기타
양주,2025,12,2025-12,216,경기도,양주시,준이목장,3,양주 2025_12.csv,체험관광,농/산/어촌체험
양주,2025,12,2025-12,216,경기도,양주시,고읍제4어린이공원,3,양주 2025_12.csv,문화관광,도시공원
양주,2025,12,2025-12,216,경기도,양주시,양주시스마트그린포트,3,양주 2025_12.csv,문화관광,기타문화관광지
양주,2025,12,2025-12,216,경기도,양주시,드론봇인재교육센터,3,양주 2025_12.csv,체험관광,체험관광기타
양주,2025,12,2025-12,216,경기도,양주시,짱탁구장양주옥정점,3,양주 2025_12.csv,레저스포츠,기타레저스포츠
양주,2025,12,2025-12,216,경기도,양주시,주식회사 수산존,3,양주 2025_12.csv,쇼핑,시장
양주,2025,12,2025-12,216,경기도,양주시,백인걸선생묘,3,양주 2025_12.csv,역사관광,역사유적지
양주,2025,12,2025-12,216,경기도,양주시,해유령전첩지,3,양주 2025_12.csv,역사관광,역사유적지
양주,2025,12,2025-12,216,경기도,양주시,권율장군묘,3,양주 2025_12.csv,역사관광,역사유적지
양주,2025,12,2025-12,216,경기도,양주시,수월사,3,양주 2025_12.csv,역사관광,종교성지
양주,2025,12,2025-12,216,경기도,양주시,제6어린이공원,3,양주 2025_12.csv,문화관광,도시공원
양주,2025,12,2025-12,216,경기도,양주시,정겨운농장,3,양주 2025_12.csv,체험관광,농/산/어촌체험
양주,2025,12,2025-12,216,경기도,양주시,칠봉산천보터널방면,3,양주 2025_12.csv,자연관광,자연경관(산)
양주,2025,12,2025-12,216,경기도,양주시,신흥레저타운,3,양주 2025_12.csv,레저스포츠,기타레저스포츠
양주,2025,12,2025-12,216,경기도,양주시,원학농장,3,양주 2025_12.csv,체험관광,농/산/어촌체험
양주,2025,12,2025-12,216,경기도,양주시,양주천보산림욕장,3,양주 2025_12.csv,자연관광,자연공원
양주,2025,12,2025-12,216,경기도,양주시,못말낚시터,3,양주 2025_12.csv,레저스포츠,수상레저스포츠
양주,2025,12,2025-12,216,경기도,양주시,효촌낚시터,3,양주 2025_12.csv,레저스포츠,수상레저스포츠
양주,2025,12,2025-12,216,경기도,양주시,신산장,3,양주 2025_12.csv,쇼핑,시장
양주,2025,12,2025-12,216,경기도,양주시,봉암낚시터,3,양주 2025_12.csv,레저스포츠,수상레저스포츠
양주,2025,12,2025-12,216,경기도,양주시,양주탁구클럽,3,양주 2025_12.csv,레저스포츠,기타레저스포츠
양주,2025,12,2025-12,216,경기도,양주시,효진푸드,3,양주 2025_12.csv,쇼핑,시장
양주,2025,12,2025-12,216,경기도,양주시,도봉산체육시설,3,양주 2025_12.csv,레저스포츠,기타레저스포츠
양주,2025,12,2025-12,216,경기도,양주시,여성봉,3,양주 2025_12.csv,자연관광,자연경관(산)
양주,2025,12,2025-12,216,경기도,양주시,천마사,3,양주 2025_12.csv,역사관광,종교성지
양주,2025,12,2025-12,216,경기도,양주시,쌍용사,3,양주 2025_12.csv,역사관광,종교성지
양주,2025,12,2025-12,216,경기도,양주시,보타사,3,양주 2025_12.csv,역사관광,종교성지
양주,2025,12,2025-12,216,경기도,양주시,삼훈행복농원,3,양주 2025_12.csv,체험관광,농/산/어촌체험
양주,2025,12,2025-12,216,경기도,양주시,스카이워터파크,3,양주 2025_12.csv,문화관광,테마공원
양주,2025,12,2025-12,216,경기도,양주시,후평공원,3,양주 2025_12.csv,문화관광,도시공원
양주,2025,12,2025-12,216,경기도,양주시,양주시 광사동 토리마을,3,양주 2025_12.csv,역사관광,역사유적지
양주,2025,12,2025-12,216,경기도,양주시,비암사,3,양주 2025_12.csv,역사관광,종교성지
양주,2025,12,2025-12,216,경기도,양주시,진도농원,3,양주 2025_12.csv,체험관광,농/산/어촌체험
양주,2025,12,2025-12,216,경기도,양주시,홍법사,3,양주 2025_12.csv,역사관광,종교성지
양주,2025,12,2025-12,216,경기도,양주시,신상호스튜디오,3,양주 2025_12.csv,문화관광,전시시설
양주,2025,12,2025-12,216,경기도,양주시,오상갤러리,3,양주 2025_12.csv,문화관광,전시시설
