지역,연도,월,연월,순위,광역시/도,시/군/구,관광지명,검색건수,원본파일,중분류 카테고리,소분류 카테고리
연천,2023,1,2023-01,1,경기도,연천군,전곡역,4402,연천 2023_01.csv,기타관광,교통시설
연천,2023,1,2023-01,2,경기도,연천군,재인폭포,1579,연천 2023_01.csv,자연관광,자연경관(산)
연천,2023,1,2023-01,3,경기도,연천군,전곡터미널,1166,연천 2023_01.csv,기타관광,교통시설
연천,2023,1,2023-01,4,경기도,연천군,대광리역공사중(2023년10월개통예정),1091,연천 2023_01.csv,기타관광,교통시설
연천,2023,1,2023-01,5,경기도,연천군,연천역,969,연천 2023_01.csv,기타관광,교통시설
연천,2023,1,2023-01,6,경기도,연천군,연천당포성,747,연천 2023_01.csv,역사관광,역사유적지
연천,2023,1,2023-01,7,경기도,연천군,고대산자연휴양림,595,연천 2023_01.csv,자연관광,자연공원
연천,2023,1,2023-01,8,경기도,연천군,백학저수지,593,연천 2023_01.csv,자연관광,자연경관(하천/해양)
연천,2023,1,2023-01,9,경기도,연천군,전곡선사박물관,552,연천 2023_01.csv,문화관광,전시시설
연천,2023,1,2023-01,10,경기도,연천군,스튜디오139,541,연천 2023_01.csv,문화관광,기타문화관광지
연천,2023,1,2023-01,11,경기도,연천군,연천호로고루,505,연천 2023_01.csv,역사관광,역사유적지
연천,2023,1,2023-01,12,경기도,연천군,동막골유황천,503,연천 2023_01.csv,체험관광,웰니스관광
연천,2023,1,2023-01,13,경기도,연천군,전곡전통시장,473,연천 2023_01.csv,쇼핑,시장
연천,2023,1,2023-01,14,경기도,연천군,자유로CC,463,연천 2023_01.csv,레저스포츠,육상레저스포츠
연천,2023,1,2023-01,15,경기도,연천군,초성리역폐역,409,연천 2023_01.csv,기타관광,교통시설
연천,2023,1,2023-01,16,경기도,연천군,역고드름,381,연천 2023_01.csv,기타관광,기타관광
연천,2023,1,2023-01,17,경기도,연천군,전곡낚시터,357,연천 2023_01.csv,레저스포츠,수상레저스포츠
연천,2023,1,2023-01,17,경기도,연천군,연천고랑포구역사공원,357,연천 2023_01.csv,문화관광,도시공원
연천,2023,1,2023-01,19,경기도,연천군,신탄리역,351,연천 2023_01.csv,기타관광,교통시설
연천,2023,1,2023-01,20,경기도,연천군,연천전곡리유적,348,연천 2023_01.csv,역사관광,역사유적지
연천,2023,1,2023-01,21,경기도,연천군,신망리역폐역,337,연천 2023_01.csv,기타관광,교통시설
연천,2023,1,2023-01,22,경기도,연천군,열쇠전망대,321,연천 2023_01.csv,문화관광,랜드마크관광
연천,2023,1,2023-01,23,경기도,연천군,연천경순왕릉,315,연천 2023_01.csv,역사관광,역사유적지
연천,2023,1,2023-01,24,경기도,연천군,한탄강관광지,295,연천 2023_01.csv,문화관광,복합관광시설
연천,2023,1,2023-01,25,경기도,연천군,태풍전망대,290,연천 2023_01.csv,문화관광,랜드마크관광
연천,2023,1,2023-01,26,경기도,연천군,스튜디오 포시즌,262,연천 2023_01.csv,문화관광,기타문화관광지
연천,2023,1,2023-01,27,경기도,연천군,허브빌리지,233,연천 2023_01.csv,체험관광,농/산/어촌체험
연천,2023,1,2023-01,27,경기도,연천군,지오낚시터,233,연천 2023_01.csv,레저스포츠,수상레저스포츠
연천,2023,1,2023-01,29,경기도,연천군,임진강주상절리,228,연천 2023_01.csv,기타관광,기타관광
연천,2023,1,2023-01,30,경기도,연천군,숭의전,207,연천 2023_01.csv,역사관광,종교성지
연천,2023,1,2023-01,31,경기도,연천군,들꽃가람농장,197,연천 2023_01.csv,체험관광,농/산/어촌체험
연천,2023,1,2023-01,32,경기도,연천군,연천군청소년수련관,154,연천 2023_01.csv,레저스포츠,육상레저스포츠
연천,2023,1,2023-01,33,경기도,연천군,수불사,113,연천 2023_01.csv,역사관광,종교성지
연천,2023,1,2023-01,34,경기도,연천군,연천공영버스터미널,111,연천 2023_01.csv,기타관광,교통시설
연천,2023,1,2023-01,35,경기도,연천군,백학지낚시터,82,연천 2023_01.csv,레저스포츠,수상레저스포츠
연천,2023,1,2023-01,36,경기도,연천군,모아베리교육농장,80,연천 2023_01.csv,체험관광,농/산/어촌체험
연천,2023,1,2023-01,37,경기도,연천군,연천수레울아트홀,79,연천 2023_01.csv,문화관광,공연시설
연천,2023,1,2023-01,38,경기도,연천군,한탄강어린이교통랜드,74,연천 2023_01.csv,문화관광,도시공원
연천,2023,1,2023-01,39,경기도,연천군,동막골유원지,64,연천 2023_01.csv,문화관광,복합관광시설
연천,2023,1,2023-01,40,경기도,연천군,두루미테마파크,63,연천 2023_01.csv,기타관광,기타관광
연천,2023,1,2023-01,41,경기도,연천군,원심원사,60,연천 2023_01.csv,역사관광,종교성지
연천,2023,1,2023-01,42,경기도,연천군,상승OP전망대,58,연천 2023_01.csv,문화관광,랜드마크관광
연천,2023,1,2023-01,43,경기도,연천군,연천군 신서면 소목개마을,55,연천 2023_01.csv,문화관광,도시/지역문화관광
연천,2023,1,2023-01,44,경기도,연천군,임진강댑싸리공원,53,연천 2023_01.csv,문화관광,도시공원
연천,2023,1,2023-01,45,경기도,연천군,한탄강관광지축구장,48,연천 2023_01.csv,문화관광,레저스포츠시설
연천,2023,1,2023-01,45,경기도,연천군,연천승마공원,48,연천 2023_01.csv,레저스포츠,육상레저스포츠
연천,2023,1,2023-01,45,경기도,연천군,유성미디어촬영소,48,연천 2023_01.csv,문화관광,기타문화관광지
연천,2023,1,2023-01,48,경기도,연천군,고대산,47,연천 2023_01.csv,자연관광,자연경관(산)
연천,2023,1,2023-01,49,경기도,연천군,재인폭포출렁다리,45,연천 2023_01.csv,기타관광,기타관광
연천,2023,1,2023-01,50,경기도,연천군,백학낚시터,44,연천 2023_01.csv,레저스포츠,수상레저스포츠
연천,2023,1,2023-01,51,경기도,연천군,그리팅맨,43,연천 2023_01.csv,역사관광,역사유물
연천,2023,1,2023-01,52,경기도,연천군,삼화리낚시터,39,연천 2023_01.csv,레저스포츠,수상레저스포츠
연천,2023,1,2023-01,53,경기도,연천군,연천로하스파크,37,연천 2023_01.csv,기타관광,기타관광
연천,2023,1,2023-01,54,경기도,연천군,열두개울계곡,28,연천 2023_01.csv,자연관광,자연경관(산)
연천,2023,1,2023-01,55,경기도,연천군,연천오일장,27,연천 2023_01.csv,쇼핑,시장
연천,2023,1,2023-01,56,경기도,연천군,한탄강역폐역,24,연천 2023_01.csv,기타관광,교통시설
연천,2023,1,2023-01,57,경기도,연천군,좌상바위,22,연천 2023_01.csv,기타관광,기타관광
연천,2023,1,2023-01,57,경기도,연천군,대화사,22,연천 2023_01.csv,역사관광,종교성지
연천,2023,1,2023-01,59,경기도,연천군,정발장군묘,21,연천 2023_01.csv,역사관광,역사유적지
연천,2023,1,2023-01,60,경기도,연천군,현정사,19,연천 2023_01.csv,역사관광,종교성지
연천,2023,1,2023-01,61,경기도,연천군,한국수자원공사한탄강댐물문화관,17,연천 2023_01.csv,문화관광,전시시설
연천,2023,1,2023-01,62,경기도,연천군,능혜사,14,연천 2023_01.csv,역사관광,종교성지
연천,2023,1,2023-01,63,경기도,연천군,고랑포구,13,연천 2023_01.csv,자연관광,자연경관(하천/해양)
연천,2023,1,2023-01,63,경기도,연천군,동막계곡,13,연천 2023_01.csv,자연관광,자연경관(산)
연천,2023,1,2023-01,65,경기도,연천군,연천파크골프장,12,연천 2023_01.csv,레저스포츠,육상레저스포츠
연천,2023,1,2023-01,65,경기도,연천군,교통안전체험전시관,12,연천 2023_01.csv,문화관광,전시시설
연천,2023,1,2023-01,67,경기도,연천군,석장리미술관조각공원,10,연천 2023_01.csv,문화관광,도시공원
연천,2023,1,2023-01,67,경기도,연천군,연천숭의전지,10,연천 2023_01.csv,역사관광,역사유적지
연천,2023,1,2023-01,69,경기도,연천군,법성사,9,연천 2023_01.csv,역사관광,종교성지
연천,2023,1,2023-01,70,경기도,연천군,사랑이네농원,8,연천 2023_01.csv,체험관광,농/산/어촌체험
연천,2023,1,2023-01,71,경기도,연천군,종자와시인 박물관,7,연천 2023_01.csv,문화관광,전시시설
연천,2023,1,2023-01,71,경기도,연천군,너나들이노리파크전곡점,7,연천 2023_01.csv,문화관광,테마공원
연천,2023,1,2023-01,71,경기도,연천군,재인팜,7,연천 2023_01.csv,체험관광,농/산/어촌체험
연천,2023,1,2023-01,71,경기도,연천군,아미사,7,연천 2023_01.csv,역사관광,종교성지
연천,2023,1,2023-01,75,경기도,연천군,스튜디오330,6,연천 2023_01.csv,문화관광,기타문화관광지
연천,2023,1,2023-01,75,경기도,연천군,임진물새롬랜드,6,연천 2023_01.csv,문화관광,도시공원
연천,2023,1,2023-01,75,경기도,연천군,연천역급수탑,6,연천 2023_01.csv,역사관광,역사유적지
연천,2023,1,2023-01,75,경기도,연천군,안일농장,6,연천 2023_01.csv,체험관광,농/산/어촌체험
연천,2023,1,2023-01,75,경기도,연천군,연천장남통일바라기축제,6,연천 2023_01.csv,문화관광,기타문화관광지
연천,2023,1,2023-01,80,경기도,연천군,물바위유원지,5,연천 2023_01.csv,문화관광,복합관광시설
연천,2023,1,2023-01,80,경기도,연천군,박진장군묘,5,연천 2023_01.csv,역사관광,역사유적지
연천,2023,1,2023-01,80,경기도,연천군,차탄천주상절리,5,연천 2023_01.csv,기타관광,기타관광
연천,2023,1,2023-01,83,경기도,연천군,망곡산둘레길,4,연천 2023_01.csv,기타관광,기타관광
연천,2023,1,2023-01,83,경기도,연천군,기황후묘,4,연천 2023_01.csv,역사관광,역사유적지
연천,2023,1,2023-01,83,경기도,연천군,연천향교,4,연천 2023_01.csv,역사관광,역사유적지
연천,2023,1,2023-01,83,경기도,연천군,연천유엔군화장장시설,4,연천 2023_01.csv,기타관광,기타관광
연천,2023,1,2023-01,83,경기도,연천군,말턱고개약수터,4,연천 2023_01.csv,자연관광,자연경관(산)
연천,2023,1,2023-01,88,경기도,연천군,백의리층,3,연천 2023_01.csv,기타관광,기타관광
연천,2023,1,2023-01,88,경기도,연천군,개안마루전망대,3,연천 2023_01.csv,문화관광,랜드마크관광
연천,2023,1,2023-01,88,경기도,연천군,연천신답리고분,3,연천 2023_01.csv,역사관광,역사유적지
연천,2023,1,2023-01,88,경기도,연천군,아우라지베개용암탐방안내소,3,연천 2023_01.csv,기타관광,기타관광
연천,2023,1,2023-01,88,경기도,연천군,태황사,3,연천 2023_01.csv,역사관광,종교성지
연천,2023,1,2023-01,88,경기도,연천군,고인돌공원,3,연천 2023_01.csv,문화관광,도시공원
연천,2023,1,2023-01,88,경기도,연천군,연천학곡리고인돌,3,연천 2023_01.csv,역사관광,역사유적지
연천,2023,1,2023-01,88,경기도,연천군,애심목장,3,연천 2023_01.csv,체험관광,농/산/어촌체험
연천,2023,1,2023-01,88,경기도,연천군,학소정,3,연천 2023_01.csv,레저스포츠,육상레저스포츠
연천,2023,1,2023-01,88,경기도,연천군,본원사,3,연천 2023_01.csv,역사관광,종교성지
연천,2023,1,2023-01,88,경기도,연천군,원당사슴목장,3,연천 2023_01.csv,체험관광,농/산/어촌체험
연천,2023,1,2023-01,88,경기도,연천군,종자산,3,연천 2023_01.csv,자연관광,자연경관(산)
연천,2023,1,2023-01,88,경기도,연천군,월성사,3,연천 2023_01.csv,역사관광,종교성지
연천,2023,1,2023-01,88,경기도,연천군,북진약수터,3,연천 2023_01.csv,자연관광,자연경관(산)
연천,2023,2,2023-02,1,경기도,연천군,전곡역,3930,연천 2023_02.csv,기타관광,교통시설
연천,2023,2,2023-02,2,경기도,연천군,자유로CC,2443,연천 2023_02.csv,레저스포츠,육상레저스포츠
연천,2023,2,2023-02,3,경기도,연천군,재인폭포,1974,연천 2023_02.csv,자연관광,자연경관(산)
연천,2023,2,2023-02,4,경기도,연천군,전곡터미널,1047,연천 2023_02.csv,기타관광,교통시설
연천,2023,2,2023-02,5,경기도,연천군,연천역,964,연천 2023_02.csv,기타관광,교통시설
연천,2023,2,2023-02,6,경기도,연천군,연천당포성,934,연천 2023_02.csv,역사관광,역사유적지
연천,2023,2,2023-02,7,경기도,연천군,대광리역공사중(2023년10월개통예정),889,연천 2023_02.csv,기타관광,교통시설
연천,2023,2,2023-02,8,경기도,연천군,전곡선사박물관,768,연천 2023_02.csv,문화관광,전시시설
연천,2023,2,2023-02,9,경기도,연천군,연천호로고루,625,연천 2023_02.csv,역사관광,역사유적지
연천,2023,2,2023-02,10,경기도,연천군,고대산자연휴양림,624,연천 2023_02.csv,자연관광,자연공원
연천,2023,2,2023-02,11,경기도,연천군,연천경순왕릉,529,연천 2023_02.csv,역사관광,역사유적지
연천,2023,2,2023-02,12,경기도,연천군,전곡전통시장,505,연천 2023_02.csv,쇼핑,시장
연천,2023,2,2023-02,13,경기도,연천군,스튜디오139,451,연천 2023_02.csv,문화관광,기타문화관광지
연천,2023,2,2023-02,14,경기도,연천군,연천파크골프장,437,연천 2023_02.csv,레저스포츠,육상레저스포츠
연천,2023,2,2023-02,15,경기도,연천군,동막골유황천,434,연천 2023_02.csv,체험관광,웰니스관광
연천,2023,2,2023-02,16,경기도,연천군,초성리역폐역,410,연천 2023_02.csv,기타관광,교통시설
연천,2023,2,2023-02,17,경기도,연천군,연천전곡리유적,399,연천 2023_02.csv,역사관광,역사유적지
연천,2023,2,2023-02,18,경기도,연천군,한탄강관광지,382,연천 2023_02.csv,문화관광,복합관광시설
연천,2023,2,2023-02,19,경기도,연천군,태풍전망대,358,연천 2023_02.csv,문화관광,랜드마크관광
연천,2023,2,2023-02,20,경기도,연천군,백학저수지,321,연천 2023_02.csv,자연관광,자연경관(하천/해양)
연천,2023,2,2023-02,21,경기도,연천군,신탄리역,310,연천 2023_02.csv,기타관광,교통시설
연천,2023,2,2023-02,22,경기도,연천군,연천고랑포구역사공원,307,연천 2023_02.csv,문화관광,도시공원
연천,2023,2,2023-02,23,경기도,연천군,열쇠전망대,302,연천 2023_02.csv,문화관광,랜드마크관광
연천,2023,2,2023-02,24,경기도,연천군,임진강주상절리,259,연천 2023_02.csv,기타관광,기타관광
연천,2023,2,2023-02,25,경기도,연천군,신망리역폐역,223,연천 2023_02.csv,기타관광,교통시설
연천,2023,2,2023-02,26,경기도,연천군,역고드름,215,연천 2023_02.csv,기타관광,기타관광
연천,2023,2,2023-02,27,경기도,연천군,전곡낚시터,194,연천 2023_02.csv,레저스포츠,수상레저스포츠
연천,2023,2,2023-02,28,경기도,연천군,숭의전,186,연천 2023_02.csv,역사관광,종교성지
연천,2023,2,2023-02,29,경기도,연천군,들꽃가람농장,185,연천 2023_02.csv,체험관광,농/산/어촌체험
연천,2023,2,2023-02,30,경기도,연천군,허브빌리지,171,연천 2023_02.csv,체험관광,농/산/어촌체험
연천,2023,2,2023-02,31,경기도,연천군,연천군청소년수련관,165,연천 2023_02.csv,레저스포츠,육상레저스포츠
연천,2023,2,2023-02,32,경기도,연천군,한탄강어린이교통랜드,156,연천 2023_02.csv,문화관광,도시공원
연천,2023,2,2023-02,33,경기도,연천군,모아베리교육농장,119,연천 2023_02.csv,체험관광,농/산/어촌체험
연천,2023,2,2023-02,34,경기도,연천군,지오낚시터,106,연천 2023_02.csv,레저스포츠,수상레저스포츠
연천,2023,2,2023-02,35,경기도,연천군,연천공영버스터미널,98,연천 2023_02.csv,기타관광,교통시설
연천,2023,2,2023-02,36,경기도,연천군,연천승마공원,90,연천 2023_02.csv,레저스포츠,육상레저스포츠
연천,2023,2,2023-02,37,경기도,연천군,연천수레울아트홀,82,연천 2023_02.csv,문화관광,공연시설
연천,2023,2,2023-02,38,경기도,연천군,수불사,79,연천 2023_02.csv,역사관광,종교성지
연천,2023,2,2023-02,39,경기도,연천군,동막골유원지,77,연천 2023_02.csv,문화관광,복합관광시설
연천,2023,2,2023-02,40,경기도,연천군,한탄강관광지축구장,71,연천 2023_02.csv,문화관광,레저스포츠시설
연천,2023,2,2023-02,41,경기도,연천군,두루미테마파크,68,연천 2023_02.csv,기타관광,기타관광
연천,2023,2,2023-02,42,경기도,연천군,스튜디오 포시즌,65,연천 2023_02.csv,문화관광,기타문화관광지
연천,2023,2,2023-02,43,경기도,연천군,임진강댑싸리공원,62,연천 2023_02.csv,문화관광,도시공원
연천,2023,2,2023-02,43,경기도,연천군,유성미디어촬영소,62,연천 2023_02.csv,문화관광,기타문화관광지
연천,2023,2,2023-02,45,경기도,연천군,재인폭포출렁다리,59,연천 2023_02.csv,기타관광,기타관광
연천,2023,2,2023-02,46,경기도,연천군,그리팅맨,51,연천 2023_02.csv,역사관광,역사유물
연천,2023,2,2023-02,47,경기도,연천군,고대산,50,연천 2023_02.csv,자연관광,자연경관(산)
연천,2023,2,2023-02,48,경기도,연천군,좌상바위,47,연천 2023_02.csv,기타관광,기타관광
연천,2023,2,2023-02,49,경기도,연천군,원심원사,45,연천 2023_02.csv,역사관광,종교성지
연천,2023,2,2023-02,50,경기도,연천군,상승OP전망대,43,연천 2023_02.csv,문화관광,랜드마크관광
연천,2023,2,2023-02,51,경기도,연천군,삼화리낚시터,41,연천 2023_02.csv,레저스포츠,수상레저스포츠
연천,2023,2,2023-02,52,경기도,연천군,연천군 신서면 소목개마을,33,연천 2023_02.csv,문화관광,도시/지역문화관광
연천,2023,2,2023-02,52,경기도,연천군,열두개울계곡,33,연천 2023_02.csv,자연관광,자연경관(산)
연천,2023,2,2023-02,54,경기도,연천군,고랑포구,30,연천 2023_02.csv,자연관광,자연경관(하천/해양)
연천,2023,2,2023-02,55,경기도,연천군,연천오일장,26,연천 2023_02.csv,쇼핑,시장
연천,2023,2,2023-02,56,경기도,연천군,대화사,25,연천 2023_02.csv,역사관광,종교성지
연천,2023,2,2023-02,57,경기도,연천군,백학지낚시터,24,연천 2023_02.csv,레저스포츠,수상레저스포츠
연천,2023,2,2023-02,57,경기도,연천군,동막계곡,24,연천 2023_02.csv,자연관광,자연경관(산)
연천,2023,2,2023-02,59,경기도,연천군,한국수자원공사한탄강댐물문화관,23,연천 2023_02.csv,문화관광,전시시설
연천,2023,2,2023-02,60,경기도,연천군,한탄강역폐역,21,연천 2023_02.csv,기타관광,교통시설
연천,2023,2,2023-02,61,경기도,연천군,임진물새롬랜드,20,연천 2023_02.csv,문화관광,도시공원
연천,2023,2,2023-02,62,경기도,연천군,연천로하스파크,19,연천 2023_02.csv,기타관광,기타관광
연천,2023,2,2023-02,62,경기도,연천군,선곡베이스볼파크,19,연천 2023_02.csv,문화관광,레저스포츠시설
연천,2023,2,2023-02,62,경기도,연천군,고인돌공원,19,연천 2023_02.csv,문화관광,도시공원
연천,2023,2,2023-02,65,경기도,연천군,아우라지베개용암탐방안내소,18,연천 2023_02.csv,기타관광,기타관광
연천,2023,2,2023-02,66,경기도,연천군,재인팜,17,연천 2023_02.csv,체험관광,농/산/어촌체험
연천,2023,2,2023-02,67,경기도,연천군,연강갤러리,13,연천 2023_02.csv,문화관광,전시시설
연천,2023,2,2023-02,68,경기도,연천군,차탄천주상절리,12,연천 2023_02.csv,기타관광,기타관광
연천,2023,2,2023-02,69,경기도,연천군,보국사,11,연천 2023_02.csv,역사관광,종교성지
연천,2023,2,2023-02,70,경기도,연천군,코리아승마클럽,10,연천 2023_02.csv,레저스포츠,육상레저스포츠
연천,2023,2,2023-02,70,경기도,연천군,조각가박시동미술관,10,연천 2023_02.csv,문화관광,전시시설
연천,2023,2,2023-02,70,경기도,연천군,안일농장,10,연천 2023_02.csv,체험관광,농/산/어촌체험
연천,2023,2,2023-02,70,경기도,연천군,연천은대리성,10,연천 2023_02.csv,역사관광,역사유적지
연천,2023,2,2023-02,74,경기도,연천군,연천숭의전지,9,연천 2023_02.csv,역사관광,역사유적지
연천,2023,2,2023-02,74,경기도,연천군,너나들이노리파크전곡점,9,연천 2023_02.csv,문화관광,테마공원
연천,2023,2,2023-02,74,경기도,연천군,은대근린공원,9,연천 2023_02.csv,문화관광,도시공원
연천,2023,2,2023-02,77,경기도,연천군,연천고대산야구장,8,연천 2023_02.csv,문화관광,레저스포츠시설
연천,2023,2,2023-02,77,경기도,연천군,석장리미술관조각공원,8,연천 2023_02.csv,문화관광,도시공원
연천,2023,2,2023-02,77,경기도,연천군,백학낚시터,8,연천 2023_02.csv,레저스포츠,수상레저스포츠
연천,2023,2,2023-02,80,경기도,연천군,령신산기도도량,6,연천 2023_02.csv,역사관광,종교성지
연천,2023,2,2023-02,80,경기도,연천군,태황사,6,연천 2023_02.csv,역사관광,종교성지
연천,2023,2,2023-02,80,경기도,연천군,연천역급수탑,6,연천 2023_02.csv,역사관광,역사유적지
연천,2023,2,2023-02,80,경기도,연천군,평화누리길12코스,6,연천 2023_02.csv,레저스포츠,기타레저스포츠
연천,2023,2,2023-02,84,경기도,연천군,전곡근린공원,5,연천 2023_02.csv,문화관광,도시공원
연천,2023,2,2023-02,84,경기도,연천군,아미사,5,연천 2023_02.csv,역사관광,종교성지
연천,2023,2,2023-02,86,경기도,연천군,청정암,4,연천 2023_02.csv,역사관광,종교성지
연천,2023,2,2023-02,86,경기도,연천군,연천종합운동장인조구장,4,연천 2023_02.csv,문화관광,레저스포츠시설
연천,2023,2,2023-02,86,경기도,연천군,차탄천 에움길,4,연천 2023_02.csv,레저스포츠,기타레저스포츠
연천,2023,2,2023-02,89,경기도,연천군,백의리층,3,연천 2023_02.csv,기타관광,기타관광
연천,2023,2,2023-02,89,경기도,연천군,교선목장,3,연천 2023_02.csv,체험관광,농/산/어촌체험
연천,2023,2,2023-02,89,경기도,연천군,법성사,3,연천 2023_02.csv,역사관광,종교성지
연천,2023,2,2023-02,89,경기도,연천군,한탄강물놀이장,3,연천 2023_02.csv,문화관광,테마공원
연천,2023,2,2023-02,89,경기도,연천군,임진강유원지,3,연천 2023_02.csv,문화관광,복합관광시설
연천,2023,2,2023-02,89,경기도,연천군,평화누리길11코스,3,연천 2023_02.csv,레저스포츠,기타레저스포츠
연천,2023,2,2023-02,89,경기도,연천군,현정사,3,연천 2023_02.csv,역사관광,종교성지
연천,2023,2,2023-02,89,경기도,연천군,능혜사,3,연천 2023_02.csv,역사관광,종교성지
연천,2023,2,2023-02,89,경기도,연천군,교통안전체험전시관,3,연천 2023_02.csv,문화관광,전시시설
연천,2023,2,2023-02,89,경기도,연천군,진각선원,3,연천 2023_02.csv,역사관광,종교성지
연천,2023,2,2023-02,89,경기도,연천군,말턱고개약수터,3,연천 2023_02.csv,자연관광,자연경관(산)
연천,2023,2,2023-02,89,경기도,연천군,자연그림터꽃나루,3,연천 2023_02.csv,문화관광,전시시설
연천,2023,3,2023-03,1,경기도,연천군,자유로CC,5748,연천 2023_03.csv,레저스포츠,육상레저스포츠
연천,2023,3,2023-03,2,경기도,연천군,전곡역,4560,연천 2023_03.csv,기타관광,교통시설
연천,2023,3,2023-03,3,경기도,연천군,재인폭포,2813,연천 2023_03.csv,자연관광,자연경관(산)
연천,2023,3,2023-03,4,경기도,연천군,연천파크골프장,1312,연천 2023_03.csv,레저스포츠,육상레저스포츠
연천,2023,3,2023-03,5,경기도,연천군,연천역,1233,연천 2023_03.csv,기타관광,교통시설
연천,2023,3,2023-03,6,경기도,연천군,전곡터미널,1167,연천 2023_03.csv,기타관광,교통시설
연천,2023,3,2023-03,7,경기도,연천군,전곡선사박물관,868,연천 2023_03.csv,문화관광,전시시설
연천,2023,3,2023-03,8,경기도,연천군,연천호로고루,839,연천 2023_03.csv,역사관광,역사유적지
연천,2023,3,2023-03,9,경기도,연천군,대광리역공사중(2023년10월개통예정),824,연천 2023_03.csv,기타관광,교통시설
연천,2023,3,2023-03,10,경기도,연천군,연천당포성,725,연천 2023_03.csv,역사관광,역사유적지
연천,2023,3,2023-03,11,경기도,연천군,연천경순왕릉,655,연천 2023_03.csv,역사관광,역사유적지
연천,2023,3,2023-03,12,경기도,연천군,전곡전통시장,633,연천 2023_03.csv,쇼핑,시장
연천,2023,3,2023-03,13,경기도,연천군,연천전곡리유적,631,연천 2023_03.csv,역사관광,역사유적지
연천,2023,3,2023-03,14,경기도,연천군,한탄강관광지,581,연천 2023_03.csv,문화관광,복합관광시설
연천,2023,3,2023-03,15,경기도,연천군,고대산자연휴양림,542,연천 2023_03.csv,자연관광,자연공원
연천,2023,3,2023-03,16,경기도,연천군,초성리역폐역,528,연천 2023_03.csv,기타관광,교통시설
연천,2023,3,2023-03,17,경기도,연천군,백학저수지,502,연천 2023_03.csv,자연관광,자연경관(하천/해양)
연천,2023,3,2023-03,18,경기도,연천군,태풍전망대,483,연천 2023_03.csv,문화관광,랜드마크관광
연천,2023,3,2023-03,19,경기도,연천군,신탄리역,422,연천 2023_03.csv,기타관광,교통시설
연천,2023,3,2023-03,20,경기도,연천군,동막골유황천,406,연천 2023_03.csv,체험관광,웰니스관광
연천,2023,3,2023-03,21,경기도,연천군,연천고랑포구역사공원,360,연천 2023_03.csv,문화관광,도시공원
연천,2023,3,2023-03,22,경기도,연천군,열쇠전망대,359,연천 2023_03.csv,문화관광,랜드마크관광
연천,2023,3,2023-03,23,경기도,연천군,임진강주상절리,338,연천 2023_03.csv,기타관광,기타관광
연천,2023,3,2023-03,24,경기도,연천군,신망리역폐역,305,연천 2023_03.csv,기타관광,교통시설
연천,2023,3,2023-03,25,경기도,연천군,허브빌리지,293,연천 2023_03.csv,체험관광,농/산/어촌체험
연천,2023,3,2023-03,26,경기도,연천군,숭의전,247,연천 2023_03.csv,역사관광,종교성지
연천,2023,3,2023-03,27,경기도,연천군,한탄강어린이교통랜드,238,연천 2023_03.csv,문화관광,도시공원
연천,2023,3,2023-03,28,경기도,연천군,연천수레울아트홀,235,연천 2023_03.csv,문화관광,공연시설
연천,2023,3,2023-03,29,경기도,연천군,스튜디오 포시즌,196,연천 2023_03.csv,문화관광,기타문화관광지
연천,2023,3,2023-03,30,경기도,연천군,연천군청소년수련관,165,연천 2023_03.csv,레저스포츠,육상레저스포츠
연천,2023,3,2023-03,30,경기도,연천군,들꽃가람농장,165,연천 2023_03.csv,체험관광,농/산/어촌체험
연천,2023,3,2023-03,32,경기도,연천군,전곡낚시터,146,연천 2023_03.csv,레저스포츠,수상레저스포츠
연천,2023,3,2023-03,33,경기도,연천군,임진강댑싸리공원,141,연천 2023_03.csv,문화관광,도시공원
연천,2023,3,2023-03,34,경기도,연천군,동막골유원지,125,연천 2023_03.csv,문화관광,복합관광시설
연천,2023,3,2023-03,35,경기도,연천군,수불사,120,연천 2023_03.csv,역사관광,종교성지
연천,2023,3,2023-03,36,경기도,연천군,모아베리교육농장,110,연천 2023_03.csv,체험관광,농/산/어촌체험
연천,2023,3,2023-03,37,경기도,연천군,스튜디오139,106,연천 2023_03.csv,문화관광,기타문화관광지
연천,2023,3,2023-03,38,경기도,연천군,연천공영버스터미널,104,연천 2023_03.csv,기타관광,교통시설
연천,2023,3,2023-03,39,경기도,연천군,그리팅맨,101,연천 2023_03.csv,역사관광,역사유물
연천,2023,3,2023-03,40,경기도,연천군,원심원사,93,연천 2023_03.csv,역사관광,종교성지
연천,2023,3,2023-03,41,경기도,연천군,지오낚시터,86,연천 2023_03.csv,레저스포츠,수상레저스포츠
연천,2023,3,2023-03,42,경기도,연천군,두루미테마파크,85,연천 2023_03.csv,기타관광,기타관광
연천,2023,3,2023-03,43,경기도,연천군,동막계곡,84,연천 2023_03.csv,자연관광,자연경관(산)
연천,2023,3,2023-03,44,경기도,연천군,연천승마공원,80,연천 2023_03.csv,레저스포츠,육상레저스포츠
연천,2023,3,2023-03,45,경기도,연천군,좌상바위,76,연천 2023_03.csv,기타관광,기타관광
연천,2023,3,2023-03,46,경기도,연천군,삼화리낚시터,71,연천 2023_03.csv,레저스포츠,수상레저스포츠
연천,2023,3,2023-03,47,경기도,연천군,재인폭포출렁다리,64,연천 2023_03.csv,기타관광,기타관광
연천,2023,3,2023-03,48,경기도,연천군,코리아승마클럽,58,연천 2023_03.csv,레저스포츠,육상레저스포츠
연천,2023,3,2023-03,48,경기도,연천군,상승OP전망대,58,연천 2023_03.csv,문화관광,랜드마크관광
연천,2023,3,2023-03,50,경기도,연천군,연천군 신서면 소목개마을,54,연천 2023_03.csv,문화관광,도시/지역문화관광
연천,2023,3,2023-03,51,경기도,연천군,고랑포구,52,연천 2023_03.csv,자연관광,자연경관(하천/해양)
연천,2023,3,2023-03,52,경기도,연천군,유성미디어촬영소,47,연천 2023_03.csv,문화관광,기타문화관광지
연천,2023,3,2023-03,53,경기도,연천군,열두개울계곡,46,연천 2023_03.csv,자연관광,자연경관(산)
연천,2023,3,2023-03,54,경기도,연천군,연천전곡리유적방문자센터,37,연천 2023_03.csv,기타관광,기타관광
연천,2023,3,2023-03,55,경기도,연천군,한탄강관광지축구장,36,연천 2023_03.csv,문화관광,레저스포츠시설
연천,2023,3,2023-03,55,경기도,연천군,역고드름,36,연천 2023_03.csv,기타관광,기타관광
연천,2023,3,2023-03,57,경기도,연천군,한탄강역폐역,34,연천 2023_03.csv,기타관광,교통시설
연천,2023,3,2023-03,57,경기도,연천군,한국수자원공사한탄강댐물문화관,34,연천 2023_03.csv,문화관광,전시시설
연천,2023,3,2023-03,57,경기도,연천군,연천로하스파크,34,연천 2023_03.csv,기타관광,기타관광
연천,2023,3,2023-03,60,경기도,연천군,선곡베이스볼파크,29,연천 2023_03.csv,문화관광,레저스포츠시설
연천,2023,3,2023-03,60,경기도,연천군,대화사,29,연천 2023_03.csv,역사관광,종교성지
연천,2023,3,2023-03,62,경기도,연천군,보국사,28,연천 2023_03.csv,역사관광,종교성지
연천,2023,3,2023-03,63,경기도,연천군,은대근린공원,26,연천 2023_03.csv,문화관광,도시공원
연천,2023,3,2023-03,63,경기도,연천군,안일농장,26,연천 2023_03.csv,체험관광,농/산/어촌체험
연천,2023,3,2023-03,65,경기도,연천군,고인돌공원,24,연천 2023_03.csv,문화관광,도시공원
연천,2023,3,2023-03,66,경기도,연천군,연천오일장,22,연천 2023_03.csv,쇼핑,시장
연천,2023,3,2023-03,67,경기도,연천군,령신산기도도량,21,연천 2023_03.csv,역사관광,종교성지
연천,2023,3,2023-03,67,경기도,연천군,고대산,21,연천 2023_03.csv,자연관광,자연경관(산)
연천,2023,3,2023-03,67,경기도,연천군,백학낚시터,21,연천 2023_03.csv,레저스포츠,수상레저스포츠
연천,2023,3,2023-03,70,경기도,연천군,전곡근린공원,20,연천 2023_03.csv,문화관광,도시공원
연천,2023,3,2023-03,70,경기도,연천군,백학지낚시터,20,연천 2023_03.csv,레저스포츠,수상레저스포츠
연천,2023,3,2023-03,70,경기도,연천군,능혜사,20,연천 2023_03.csv,역사관광,종교성지
연천,2023,3,2023-03,73,경기도,연천군,연천숭의전지,19,연천 2023_03.csv,역사관광,역사유적지
연천,2023,3,2023-03,73,경기도,연천군,차탄천주상절리,19,연천 2023_03.csv,기타관광,기타관광
연천,2023,3,2023-03,75,경기도,연천군,임진물새롬랜드,17,연천 2023_03.csv,문화관광,도시공원
연천,2023,3,2023-03,76,경기도,연천군,연천유엔군화장장시설,16,연천 2023_03.csv,기타관광,기타관광
연천,2023,3,2023-03,77,경기도,연천군,태황사,15,연천 2023_03.csv,역사관광,종교성지
연천,2023,3,2023-03,78,경기도,연천군,연천역급수탑,13,연천 2023_03.csv,역사관광,역사유적지
연천,2023,3,2023-03,79,경기도,연천군,연천은대리성,12,연천 2023_03.csv,역사관광,역사유적지
연천,2023,3,2023-03,80,경기도,연천군,백의리층,11,연천 2023_03.csv,기타관광,기타관광
연천,2023,3,2023-03,80,경기도,연천군,너나들이노리파크전곡점,11,연천 2023_03.csv,문화관광,테마공원
연천,2023,3,2023-03,82,경기도,연천군,사랑이네농원,9,연천 2023_03.csv,체험관광,농/산/어촌체험
연천,2023,3,2023-03,83,경기도,연천군,임진강장어직판장,8,연천 2023_03.csv,체험관광,농/산/어촌체험
연천,2023,3,2023-03,83,경기도,연천군,연강갤러리,8,연천 2023_03.csv,문화관광,전시시설
연천,2023,3,2023-03,85,경기도,연천군,스튜디오330,7,연천 2023_03.csv,문화관광,기타문화관광지
연천,2023,3,2023-03,85,경기도,연천군,아우라지베개용암탐방안내소,7,연천 2023_03.csv,기타관광,기타관광
연천,2023,3,2023-03,85,경기도,연천군,북진약수터,7,연천 2023_03.csv,자연관광,자연경관(산)
연천,2023,3,2023-03,88,경기도,연천군,청산공원,6,연천 2023_03.csv,문화관광,도시공원
연천,2023,3,2023-03,88,경기도,연천군,종자와시인 박물관,6,연천 2023_03.csv,문화관광,전시시설
연천,2023,3,2023-03,88,경기도,연천군,법성사,6,연천 2023_03.csv,역사관광,종교성지
연천,2023,3,2023-03,88,경기도,연천군,재인팜,6,연천 2023_03.csv,체험관광,농/산/어촌체험
연천,2023,3,2023-03,88,경기도,연천군,연천향교,6,연천 2023_03.csv,역사관광,역사유적지
연천,2023,3,2023-03,88,경기도,연천군,조각가박시동미술관,6,연천 2023_03.csv,문화관광,전시시설
연천,2023,3,2023-03,88,경기도,연천군,드라마미술전시장,6,연천 2023_03.csv,기타관광,기타관광
연천,2023,3,2023-03,88,경기도,연천군,현정사,6,연천 2023_03.csv,역사관광,종교성지
연천,2023,3,2023-03,88,경기도,연천군,교통안전체험전시관,6,연천 2023_03.csv,문화관광,전시시설
연천,2023,3,2023-03,97,경기도,연천군,서문크리스챤하우스,5,연천 2023_03.csv,레저스포츠,육상레저스포츠
연천,2023,3,2023-03,97,경기도,연천군,산들농장,5,연천 2023_03.csv,체험관광,농/산/어촌체험
연천,2023,3,2023-03,99,경기도,연천군,차탄천 에움길,4,연천 2023_03.csv,레저스포츠,기타레저스포츠
연천,2023,3,2023-03,99,경기도,연천군,연천종합운동장인조구장,4,연천 2023_03.csv,문화관광,레저스포츠시설
연천,2023,3,2023-03,99,경기도,연천군,한탄강물놀이장,4,연천 2023_03.csv,문화관광,테마공원
연천,2023,3,2023-03,99,경기도,연천군,박진장군묘,4,연천 2023_03.csv,역사관광,역사유적지
연천,2023,3,2023-03,99,경기도,연천군,연천미라클야구단,4,연천 2023_03.csv,레저스포츠,기타레저스포츠
연천,2023,3,2023-03,104,경기도,연천군,근형목장,3,연천 2023_03.csv,체험관광,농/산/어촌체험
연천,2023,3,2023-03,104,경기도,연천군,은대리판상절리,3,연천 2023_03.csv,기타관광,기타관광
연천,2023,3,2023-03,104,경기도,연천군,돌둥지유원지,3,연천 2023_03.csv,문화관광,복합관광시설
연천,2023,3,2023-03,104,경기도,연천군,연천삼곶리돌무지무덤,3,연천 2023_03.csv,역사관광,역사유적지
연천,2023,3,2023-03,104,경기도,연천군,아미사,3,연천 2023_03.csv,역사관광,종교성지
연천,2023,3,2023-03,104,경기도,연천군,연천고대산야구장,3,연천 2023_03.csv,문화관광,레저스포츠시설
연천,2023,3,2023-03,104,경기도,연천군,신서5일장,3,연천 2023_03.csv,쇼핑,시장
연천,2023,3,2023-03,104,경기도,연천군,본원사,3,연천 2023_03.csv,역사관광,종교성지
연천,2023,3,2023-03,104,경기도,연천군,정발장군묘,3,연천 2023_03.csv,역사관광,역사유적지
연천,2023,3,2023-03,104,경기도,연천군,삼성사,3,연천 2023_03.csv,역사관광,종교성지
연천,2023,3,2023-03,104,경기도,연천군,아미타사,3,연천 2023_03.csv,역사관광,종교성지
연천,2023,3,2023-03,104,경기도,연천군,옹달샘농원,3,연천 2023_03.csv,체험관광,농/산/어촌체험
연천,2023,3,2023-03,104,경기도,연천군,말턱고개약수터,3,연천 2023_03.csv,자연관광,자연경관(산)
연천,2023,4,2023-04,1,경기도,연천군,전곡역,5070,연천 2023_04.csv,기타관광,교통시설
연천,2023,4,2023-04,2,경기도,연천군,재인폭포,4121,연천 2023_04.csv,자연관광,자연경관(산)
연천,2023,4,2023-04,3,경기도,연천군,연천역,1450,연천 2023_04.csv,기타관광,교통시설
연천,2023,4,2023-04,4,경기도,연천군,전곡선사박물관,1286,연천 2023_04.csv,문화관광,전시시설
연천,2023,4,2023-04,5,경기도,연천군,연천호로고루,1235,연천 2023_04.csv,역사관광,역사유적지
연천,2023,4,2023-04,6,경기도,연천군,전곡터미널,1174,연천 2023_04.csv,기타관광,교통시설
연천,2023,4,2023-04,7,경기도,연천군,대광리역공사중(2023년10월개통예정),966,연천 2023_04.csv,기타관광,교통시설
연천,2023,4,2023-04,8,경기도,연천군,연천전곡리유적,788,연천 2023_04.csv,역사관광,역사유적지
연천,2023,4,2023-04,9,경기도,연천군,전곡전통시장,759,연천 2023_04.csv,쇼핑,시장
연천,2023,4,2023-04,10,경기도,연천군,고대산자연휴양림,687,연천 2023_04.csv,자연관광,자연공원
연천,2023,4,2023-04,11,경기도,연천군,한탄강관광지,684,연천 2023_04.csv,문화관광,복합관광시설
연천,2023,4,2023-04,12,경기도,연천군,연천경순왕릉,666,연천 2023_04.csv,역사관광,역사유적지
연천,2023,4,2023-04,13,경기도,연천군,태풍전망대,571,연천 2023_04.csv,문화관광,랜드마크관광
연천,2023,4,2023-04,14,경기도,연천군,허브빌리지,547,연천 2023_04.csv,체험관광,농/산/어촌체험
연천,2023,4,2023-04,15,경기도,연천군,초성리역폐역,537,연천 2023_04.csv,기타관광,교통시설
연천,2023,4,2023-04,16,경기도,연천군,연천파크골프장,531,연천 2023_04.csv,레저스포츠,육상레저스포츠
연천,2023,4,2023-04,17,경기도,연천군,신탄리역,524,연천 2023_04.csv,기타관광,교통시설
연천,2023,4,2023-04,18,경기도,연천군,연천수레울아트홀,435,연천 2023_04.csv,문화관광,공연시설
연천,2023,4,2023-04,19,경기도,연천군,동막골유황천,417,연천 2023_04.csv,체험관광,웰니스관광
연천,2023,4,2023-04,20,경기도,연천군,열쇠전망대,415,연천 2023_04.csv,문화관광,랜드마크관광
연천,2023,4,2023-04,21,경기도,연천군,신망리역폐역,348,연천 2023_04.csv,기타관광,교통시설
연천,2023,4,2023-04,22,경기도,연천군,숭의전,333,연천 2023_04.csv,역사관광,종교성지
연천,2023,4,2023-04,23,경기도,연천군,고대정,221,연천 2023_04.csv,레저스포츠,육상레저스포츠
연천,2023,4,2023-04,24,경기도,연천군,동막골유원지,218,연천 2023_04.csv,문화관광,복합관광시설
연천,2023,4,2023-04,25,경기도,연천군,임진강댑싸리공원,199,연천 2023_04.csv,문화관광,도시공원
연천,2023,4,2023-04,26,경기도,연천군,전곡낚시터,160,연천 2023_04.csv,레저스포츠,수상레저스포츠
연천,2023,4,2023-04,27,경기도,연천군,스튜디오 포시즌,133,연천 2023_04.csv,문화관광,기타문화관광지
연천,2023,4,2023-04,28,경기도,연천군,수불사,132,연천 2023_04.csv,역사관광,종교성지
연천,2023,4,2023-04,29,경기도,연천군,모아베리교육농장,125,연천 2023_04.csv,체험관광,농/산/어촌체험
연천,2023,4,2023-04,30,경기도,연천군,좌상바위,117,연천 2023_04.csv,기타관광,기타관광
연천,2023,4,2023-04,31,경기도,연천군,삼화리낚시터,116,연천 2023_04.csv,레저스포츠,수상레저스포츠
연천,2023,4,2023-04,31,경기도,연천군,들꽃가람농장,116,연천 2023_04.csv,체험관광,농/산/어촌체험
연천,2023,4,2023-04,33,경기도,연천군,한탄강관광지축구장,110,연천 2023_04.csv,문화관광,레저스포츠시설
연천,2023,4,2023-04,34,경기도,연천군,연천공영버스터미널,109,연천 2023_04.csv,기타관광,교통시설
연천,2023,4,2023-04,35,경기도,연천군,재인폭포출렁다리,107,연천 2023_04.csv,기타관광,기타관광
연천,2023,4,2023-04,36,경기도,연천군,전곡근린공원,95,연천 2023_04.csv,문화관광,도시공원
연천,2023,4,2023-04,37,경기도,연천군,지오낚시터,92,연천 2023_04.csv,레저스포츠,수상레저스포츠
연천,2023,4,2023-04,38,경기도,연천군,원심원사,85,연천 2023_04.csv,역사관광,종교성지
연천,2023,4,2023-04,39,경기도,연천군,연천승마공원,66,연천 2023_04.csv,레저스포츠,육상레저스포츠
연천,2023,4,2023-04,40,경기도,연천군,백학낚시터,65,연천 2023_04.csv,레저스포츠,수상레저스포츠
연천,2023,4,2023-04,41,경기도,연천군,두루미테마파크,64,연천 2023_04.csv,기타관광,기타관광
연천,2023,4,2023-04,42,경기도,연천군,연천오일장,62,연천 2023_04.csv,쇼핑,시장
연천,2023,4,2023-04,43,경기도,연천군,한국수자원공사한탄강댐물문화관,60,연천 2023_04.csv,문화관광,전시시설
연천,2023,4,2023-04,44,경기도,연천군,아우라지베개용암탐방안내소,56,연천 2023_04.csv,기타관광,기타관광
연천,2023,4,2023-04,44,경기도,연천군,연천로하스파크,56,연천 2023_04.csv,기타관광,기타관광
연천,2023,4,2023-04,46,경기도,연천군,유성미디어촬영소,55,연천 2023_04.csv,문화관광,기타문화관광지
연천,2023,4,2023-04,47,경기도,연천군,코리아승마클럽,53,연천 2023_04.csv,레저스포츠,육상레저스포츠
연천,2023,4,2023-04,48,경기도,연천군,한탄강역폐역,51,연천 2023_04.csv,기타관광,교통시설
연천,2023,4,2023-04,49,경기도,연천군,상승OP전망대,45,연천 2023_04.csv,문화관광,랜드마크관광
연천,2023,4,2023-04,50,경기도,연천군,선곡베이스볼파크,44,연천 2023_04.csv,문화관광,레저스포츠시설
연천,2023,4,2023-04,51,경기도,연천군,백학지낚시터,43,연천 2023_04.csv,레저스포츠,수상레저스포츠
연천,2023,4,2023-04,52,경기도,연천군,연천숭의전지,35,연천 2023_04.csv,역사관광,역사유적지
연천,2023,4,2023-04,53,경기도,연천군,연천전곡리유적방문자센터,31,연천 2023_04.csv,기타관광,기타관광
연천,2023,4,2023-04,54,경기도,연천군,대화사,25,연천 2023_04.csv,역사관광,종교성지
연천,2023,4,2023-04,55,경기도,연천군,안일농장,22,연천 2023_04.csv,체험관광,농/산/어촌체험
연천,2023,4,2023-04,56,경기도,연천군,조각가박시동미술관,19,연천 2023_04.csv,문화관광,전시시설
연천,2023,4,2023-04,57,경기도,연천군,능혜사,18,연천 2023_04.csv,역사관광,종교성지
연천,2023,4,2023-04,58,경기도,연천군,애심목장,17,연천 2023_04.csv,체험관광,농/산/어촌체험
연천,2023,4,2023-04,58,경기도,연천군,한탄강물놀이장,17,연천 2023_04.csv,문화관광,테마공원
연천,2023,4,2023-04,58,경기도,연천군,역고드름,17,연천 2023_04.csv,기타관광,기타관광
연천,2023,4,2023-04,58,경기도,연천군,사랑이네농원,17,연천 2023_04.csv,체험관광,농/산/어촌체험
연천,2023,4,2023-04,62,경기도,연천군,백의리층,16,연천 2023_04.csv,기타관광,기타관광
연천,2023,4,2023-04,63,경기도,연천군,연천종합운동장인조구장,14,연천 2023_04.csv,문화관광,레저스포츠시설
연천,2023,4,2023-04,64,경기도,연천군,연천역급수탑,13,연천 2023_04.csv,역사관광,역사유적지
연천,2023,4,2023-04,65,경기도,연천군,본원사,11,연천 2023_04.csv,역사관광,종교성지
연천,2023,4,2023-04,66,경기도,연천군,임진강주상절리카약,9,연천 2023_04.csv,레저스포츠,수상레저스포츠
연천,2023,4,2023-04,66,경기도,연천군,학소정,9,연천 2023_04.csv,레저스포츠,육상레저스포츠
연천,2023,4,2023-04,66,경기도,연천군,드라마미술전시장,9,연천 2023_04.csv,기타관광,기타관광
연천,2023,4,2023-04,66,경기도,연천군,교통안전체험전시관,9,연천 2023_04.csv,문화관광,전시시설
연천,2023,4,2023-04,66,경기도,연천군,연천미라클야구단,9,연천 2023_04.csv,레저스포츠,기타레저스포츠
연천,2023,4,2023-04,71,경기도,연천군,태황사,8,연천 2023_04.csv,역사관광,종교성지
연천,2023,4,2023-04,72,경기도,연천군,종자와시인 박물관,7,연천 2023_04.csv,문화관광,전시시설
연천,2023,4,2023-04,72,경기도,연천군,재인팜,7,연천 2023_04.csv,체험관광,농/산/어촌체험
연천,2023,4,2023-04,72,경기도,연천군,자연그림터꽃나루,7,연천 2023_04.csv,문화관광,전시시설
연천,2023,4,2023-04,75,경기도,연천군,스튜디오330,6,연천 2023_04.csv,문화관광,기타문화관광지
연천,2023,4,2023-04,75,경기도,연천군,유환농장,6,연천 2023_04.csv,체험관광,농/산/어촌체험
연천,2023,4,2023-04,75,경기도,연천군,청산공원,6,연천 2023_04.csv,문화관광,도시공원
연천,2023,4,2023-04,75,경기도,연천군,법성사,6,연천 2023_04.csv,역사관광,종교성지
연천,2023,4,2023-04,75,경기도,연천군,서연농장,6,연천 2023_04.csv,체험관광,농/산/어촌체험
연천,2023,4,2023-04,75,경기도,연천군,돌둥지유원지,6,연천 2023_04.csv,문화관광,복합관광시설
연천,2023,4,2023-04,75,경기도,연천군,보국사,6,연천 2023_04.csv,역사관광,종교성지
연천,2023,4,2023-04,75,경기도,연천군,연강갤러리,6,연천 2023_04.csv,문화관광,전시시설
연천,2023,4,2023-04,83,경기도,연천군,너나들이노리파크전곡점,5,연천 2023_04.csv,문화관광,테마공원
연천,2023,4,2023-04,83,경기도,연천군,연천군게이트볼장,5,연천 2023_04.csv,레저스포츠,기타레저스포츠
연천,2023,4,2023-04,85,경기도,연천군,개안마루전망대,4,연천 2023_04.csv,문화관광,랜드마크관광
연천,2023,4,2023-04,85,경기도,연천군,백학역사박물관,4,연천 2023_04.csv,문화관광,전시시설
연천,2023,4,2023-04,85,경기도,연천군,임진강평화습지원,4,연천 2023_04.csv,문화관광,도시공원
연천,2023,4,2023-04,85,경기도,연천군,차탄천낚시터,4,연천 2023_04.csv,레저스포츠,수상레저스포츠
연천,2023,4,2023-04,89,경기도,연천군,령신산기도도량,3,연천 2023_04.csv,역사관광,종교성지
연천,2023,4,2023-04,89,경기도,연천군,아름이목장,3,연천 2023_04.csv,체험관광,농/산/어촌체험
연천,2023,4,2023-04,89,경기도,연천군,연천통현리지석묘,3,연천 2023_04.csv,역사관광,역사유적지
연천,2023,4,2023-04,89,경기도,연천군,창산건강원,3,연천 2023_04.csv,체험관광,농/산/어촌체험
연천,2023,4,2023-04,89,경기도,연천군,연천향교,3,연천 2023_04.csv,역사관광,역사유적지
연천,2023,4,2023-04,89,경기도,연천군,임진강장어직판장,3,연천 2023_04.csv,체험관광,농/산/어촌체험
연천,2023,4,2023-04,89,경기도,연천군,노스폴CC,3,연천 2023_04.csv,레저스포츠,육상레저스포츠
연천,2023,4,2023-04,89,경기도,연천군,광동양어장,3,연천 2023_04.csv,체험관광,농/산/어촌체험
연천,2023,4,2023-04,89,경기도,연천군,청정암,3,연천 2023_04.csv,역사관광,종교성지
연천,2023,4,2023-04,89,경기도,연천군,현정사,3,연천 2023_04.csv,역사관광,종교성지
연천,2023,4,2023-04,89,경기도,연천군,심원사지,3,연천 2023_04.csv,역사관광,종교성지
연천,2023,4,2023-04,89,경기도,연천군,연천코스모스둘레길,3,연천 2023_04.csv,기타관광,기타관광
연천,2023,4,2023-04,89,경기도,연천군,필리핀군참전비,3,연천 2023_04.csv,역사관광,역사유물
연천,2023,5,2023-05,1,경기도,연천군,전곡역,5229,연천 2023_05.csv,기타관광,교통시설
연천,2023,5,2023-05,2,경기도,연천군,재인폭포,5075,연천 2023_05.csv,자연관광,자연경관(산)
연천,2023,5,2023-05,3,경기도,연천군,연천호로고루,1656,연천 2023_05.csv,역사관광,역사유적지
연천,2023,5,2023-05,4,경기도,연천군,전곡선사박물관,1648,연천 2023_05.csv,문화관광,전시시설
연천,2023,5,2023-05,5,경기도,연천군,연천역,1443,연천 2023_05.csv,기타관광,교통시설
연천,2023,5,2023-05,6,경기도,연천군,연천전곡리유적,1342,연천 2023_05.csv,역사관광,역사유적지
연천,2023,5,2023-05,7,경기도,연천군,전곡터미널,1223,연천 2023_05.csv,기타관광,교통시설
연천,2023,5,2023-05,8,경기도,연천군,대광리역공사중(2023년10월개통예정),992,연천 2023_05.csv,기타관광,교통시설
연천,2023,5,2023-05,9,경기도,연천군,고대산자연휴양림,852,연천 2023_05.csv,자연관광,자연공원
연천,2023,5,2023-05,10,경기도,연천군,전곡전통시장,807,연천 2023_05.csv,쇼핑,시장
연천,2023,5,2023-05,11,경기도,연천군,한탄강관광지,678,연천 2023_05.csv,문화관광,복합관광시설
연천,2023,5,2023-05,12,경기도,연천군,허브빌리지,650,연천 2023_05.csv,체험관광,농/산/어촌체험
연천,2023,5,2023-05,13,경기도,연천군,연천경순왕릉,611,연천 2023_05.csv,역사관광,역사유적지
연천,2023,5,2023-05,14,경기도,연천군,연천파크골프장,609,연천 2023_05.csv,레저스포츠,육상레저스포츠
연천,2023,5,2023-05,15,경기도,연천군,태풍전망대,607,연천 2023_05.csv,문화관광,랜드마크관광
연천,2023,5,2023-05,16,경기도,연천군,초성리역폐역,518,연천 2023_05.csv,기타관광,교통시설
연천,2023,5,2023-05,17,경기도,연천군,신탄리역,505,연천 2023_05.csv,기타관광,교통시설
연천,2023,5,2023-05,18,경기도,연천군,동막골유황천,449,연천 2023_05.csv,체험관광,웰니스관광
연천,2023,5,2023-05,19,경기도,연천군,숭의전,400,연천 2023_05.csv,역사관광,종교성지
연천,2023,5,2023-05,20,경기도,연천군,열쇠전망대,377,연천 2023_05.csv,문화관광,랜드마크관광
연천,2023,5,2023-05,21,경기도,연천군,신망리역폐역,353,연천 2023_05.csv,기타관광,교통시설
연천,2023,5,2023-05,22,경기도,연천군,한탄강관광지축구장,333,연천 2023_05.csv,문화관광,레저스포츠시설
연천,2023,5,2023-05,23,경기도,연천군,동막골유원지,316,연천 2023_05.csv,문화관광,복합관광시설
연천,2023,5,2023-05,24,경기도,연천군,전곡낚시터,271,연천 2023_05.csv,레저스포츠,수상레저스포츠
연천,2023,5,2023-05,25,경기도,연천군,지오낚시터,223,연천 2023_05.csv,레저스포츠,수상레저스포츠
연천,2023,5,2023-05,26,경기도,연천군,연천수레울아트홀,220,연천 2023_05.csv,문화관광,공연시설
연천,2023,5,2023-05,27,경기도,연천군,임진강댑싸리공원,202,연천 2023_05.csv,문화관광,도시공원
연천,2023,5,2023-05,28,경기도,연천군,좌상바위,181,연천 2023_05.csv,기타관광,기타관광
연천,2023,5,2023-05,29,경기도,연천군,수불사,161,연천 2023_05.csv,역사관광,종교성지
연천,2023,5,2023-05,30,경기도,연천군,스튜디오 포시즌,159,연천 2023_05.csv,문화관광,기타문화관광지
연천,2023,5,2023-05,31,경기도,연천군,삼화리낚시터,154,연천 2023_05.csv,레저스포츠,수상레저스포츠
연천,2023,5,2023-05,32,경기도,연천군,학소정,139,연천 2023_05.csv,레저스포츠,육상레저스포츠
연천,2023,5,2023-05,33,경기도,연천군,연천승마공원,128,연천 2023_05.csv,레저스포츠,육상레저스포츠
연천,2023,5,2023-05,34,경기도,연천군,원심원사,125,연천 2023_05.csv,역사관광,종교성지
연천,2023,5,2023-05,35,경기도,연천군,연천공영버스터미널,113,연천 2023_05.csv,기타관광,교통시설
연천,2023,5,2023-05,36,경기도,연천군,재인폭포출렁다리,112,연천 2023_05.csv,기타관광,기타관광
연천,2023,5,2023-05,37,경기도,연천군,선곡베이스볼파크,108,연천 2023_05.csv,문화관광,레저스포츠시설
연천,2023,5,2023-05,38,경기도,연천군,한국수자원공사한탄강댐물문화관,107,연천 2023_05.csv,문화관광,전시시설
연천,2023,5,2023-05,39,경기도,연천군,연천종합운동장인조구장,94,연천 2023_05.csv,문화관광,레저스포츠시설
연천,2023,5,2023-05,40,경기도,연천군,두루미테마파크,71,연천 2023_05.csv,기타관광,기타관광
연천,2023,5,2023-05,41,경기도,연천군,연천전곡리유적방문자센터,70,연천 2023_05.csv,기타관광,기타관광
연천,2023,5,2023-05,42,경기도,연천군,백학낚시터,68,연천 2023_05.csv,레저스포츠,수상레저스포츠
연천,2023,5,2023-05,43,경기도,연천군,유성미디어촬영소,60,연천 2023_05.csv,문화관광,기타문화관광지
연천,2023,5,2023-05,44,경기도,연천군,한탄강역폐역,58,연천 2023_05.csv,기타관광,교통시설
연천,2023,5,2023-05,45,경기도,연천군,모아베리교육농장,50,연천 2023_05.csv,체험관광,농/산/어촌체험
연천,2023,5,2023-05,46,경기도,연천군,연천오일장,44,연천 2023_05.csv,쇼핑,시장
연천,2023,5,2023-05,47,경기도,연천군,대화사,42,연천 2023_05.csv,역사관광,종교성지
연천,2023,5,2023-05,48,경기도,연천군,조각가박시동미술관,41,연천 2023_05.csv,문화관광,전시시설
연천,2023,5,2023-05,49,경기도,연천군,들꽃가람농장,39,연천 2023_05.csv,체험관광,농/산/어촌체험
연천,2023,5,2023-05,50,경기도,연천군,코리아승마클럽,38,연천 2023_05.csv,레저스포츠,육상레저스포츠
연천,2023,5,2023-05,51,경기도,연천군,백학지낚시터,36,연천 2023_05.csv,레저스포츠,수상레저스포츠
연천,2023,5,2023-05,51,경기도,연천군,상승OP전망대,36,연천 2023_05.csv,문화관광,랜드마크관광
연천,2023,5,2023-05,53,경기도,연천군,아우라지베개용암탐방안내소,34,연천 2023_05.csv,기타관광,기타관광
연천,2023,5,2023-05,53,경기도,연천군,안일농장,34,연천 2023_05.csv,체험관광,농/산/어촌체험
연천,2023,5,2023-05,55,경기도,연천군,연천숭의전지,29,연천 2023_05.csv,역사관광,역사유적지
연천,2023,5,2023-05,56,경기도,연천군,애심목장,25,연천 2023_05.csv,체험관광,농/산/어촌체험
연천,2023,5,2023-05,57,경기도,연천군,능혜사,24,연천 2023_05.csv,역사관광,종교성지
연천,2023,5,2023-05,57,경기도,연천군,연천로하스파크,24,연천 2023_05.csv,기타관광,기타관광
연천,2023,5,2023-05,59,경기도,연천군,임진강주상절리카약,22,연천 2023_05.csv,레저스포츠,수상레저스포츠
연천,2023,5,2023-05,59,경기도,연천군,보국사,22,연천 2023_05.csv,역사관광,종교성지
연천,2023,5,2023-05,61,경기도,연천군,스튜디오330,20,연천 2023_05.csv,문화관광,기타문화관광지
연천,2023,5,2023-05,61,경기도,연천군,연천향교,20,연천 2023_05.csv,역사관광,역사유적지
연천,2023,5,2023-05,63,경기도,연천군,령신산기도도량,19,연천 2023_05.csv,역사관광,종교성지
연천,2023,5,2023-05,64,경기도,연천군,본원사,15,연천 2023_05.csv,역사관광,종교성지
연천,2023,5,2023-05,65,경기도,연천군,종자와시인 박물관,13,연천 2023_05.csv,문화관광,전시시설
연천,2023,5,2023-05,65,경기도,연천군,아미사,13,연천 2023_05.csv,역사관광,종교성지
연천,2023,5,2023-05,65,경기도,연천군,역고드름,13,연천 2023_05.csv,기타관광,기타관광
연천,2023,5,2023-05,68,경기도,연천군,전곡근린공원,12,연천 2023_05.csv,문화관광,도시공원
연천,2023,5,2023-05,68,경기도,연천군,임진강유원지,12,연천 2023_05.csv,문화관광,복합관광시설
연천,2023,5,2023-05,68,경기도,연천군,연천역급수탑,12,연천 2023_05.csv,역사관광,역사유적지
연천,2023,5,2023-05,71,경기도,연천군,한탄강물놀이장,11,연천 2023_05.csv,문화관광,테마공원
연천,2023,5,2023-05,72,경기도,연천군,너나들이노리파크전곡점,10,연천 2023_05.csv,문화관광,테마공원
연천,2023,5,2023-05,72,경기도,연천군,교통안전체험전시관,10,연천 2023_05.csv,문화관광,전시시설
연천,2023,5,2023-05,74,경기도,연천군,돌둥지유원지,8,연천 2023_05.csv,문화관광,복합관광시설
연천,2023,5,2023-05,74,경기도,연천군,연천군게이트볼장,8,연천 2023_05.csv,레저스포츠,기타레저스포츠
연천,2023,5,2023-05,76,경기도,연천군,법성사,7,연천 2023_05.csv,역사관광,종교성지
연천,2023,5,2023-05,76,경기도,연천군,드라마미술전시장,7,연천 2023_05.csv,기타관광,기타관광
연천,2023,5,2023-05,76,경기도,연천군,현정사,7,연천 2023_05.csv,역사관광,종교성지
연천,2023,5,2023-05,76,경기도,연천군,삼성사,7,연천 2023_05.csv,역사관광,종교성지
연천,2023,5,2023-05,76,경기도,연천군,백학제일농장영농조합법인,7,연천 2023_05.csv,체험관광,농/산/어촌체험
연천,2023,5,2023-05,81,경기도,연천군,태황사,6,연천 2023_05.csv,역사관광,종교성지
연천,2023,5,2023-05,81,경기도,연천군,연강갤러리,6,연천 2023_05.csv,문화관광,전시시설
연천,2023,5,2023-05,81,경기도,연천군,사랑이네농원,6,연천 2023_05.csv,체험관광,농/산/어촌체험
연천,2023,5,2023-05,84,경기도,연천군,차탄천낚시터,5,연천 2023_05.csv,레저스포츠,수상레저스포츠
연천,2023,5,2023-05,84,경기도,연천군,진각선원,5,연천 2023_05.csv,역사관광,종교성지
연천,2023,5,2023-05,84,경기도,연천군,자연그림터꽃나루,5,연천 2023_05.csv,문화관광,전시시설
연천,2023,5,2023-05,87,경기도,연천군,DMZ피스브릭하우스,4,연천 2023_05.csv,문화관광,기타문화관광지
연천,2023,5,2023-05,87,경기도,연천군,물바위유원지,4,연천 2023_05.csv,문화관광,복합관광시설
연천,2023,5,2023-05,87,경기도,연천군,샘터유원지,4,연천 2023_05.csv,문화관광,복합관광시설
연천,2023,5,2023-05,87,경기도,연천군,군남자연청소년수련원,4,연천 2023_05.csv,레저스포츠,육상레저스포츠
연천,2023,5,2023-05,87,경기도,연천군,지장암,4,연천 2023_05.csv,역사관광,종교성지
연천,2023,5,2023-05,87,경기도,연천군,어암사,4,연천 2023_05.csv,역사관광,종교성지
연천,2023,5,2023-05,93,경기도,연천군,백의리층,3,연천 2023_05.csv,기타관광,기타관광
연천,2023,5,2023-05,93,경기도,연천군,백학역사박물관,3,연천 2023_05.csv,문화관광,전시시설
연천,2023,5,2023-05,93,경기도,연천군,재인팜,3,연천 2023_05.csv,체험관광,농/산/어촌체험
연천,2023,5,2023-05,93,경기도,연천군,연천학곡리고인돌,3,연천 2023_05.csv,역사관광,역사유적지
연천,2023,5,2023-05,93,경기도,연천군,임진강장어직판장,3,연천 2023_05.csv,체험관광,농/산/어촌체험
연천,2023,5,2023-05,93,경기도,연천군,양원낚시공원가든,3,연천 2023_05.csv,레저스포츠,수상레저스포츠
연천,2023,5,2023-05,93,경기도,연천군,송림수목원,3,연천 2023_05.csv,문화관광,테마공원
연천,2023,5,2023-05,93,경기도,연천군,호국육화사,3,연천 2023_05.csv,역사관광,종교성지
연천,2023,5,2023-05,93,경기도,연천군,금빛농장,3,연천 2023_05.csv,체험관광,농/산/어촌체험
연천,2023,6,2023-06,1,경기도,연천군,재인폭포,5446,연천 2023_06.csv,자연관광,자연경관(산)
연천,2023,6,2023-06,2,경기도,연천군,전곡역,5413,연천 2023_06.csv,기타관광,교통시설
연천,2023,6,2023-06,3,경기도,연천군,연천호로고루,1592,연천 2023_06.csv,역사관광,역사유적지
연천,2023,6,2023-06,4,경기도,연천군,연천역,1399,연천 2023_06.csv,기타관광,교통시설
연천,2023,6,2023-06,5,경기도,연천군,전곡선사박물관,1358,연천 2023_06.csv,문화관광,전시시설
연천,2023,6,2023-06,6,경기도,연천군,자유로CC,1126,연천 2023_06.csv,레저스포츠,육상레저스포츠
연천,2023,6,2023-06,7,경기도,연천군,전곡터미널,1106,연천 2023_06.csv,기타관광,교통시설
연천,2023,6,2023-06,8,경기도,연천군,대광리역공사중(2023년10월개통예정),991,연천 2023_06.csv,기타관광,교통시설
연천,2023,6,2023-06,9,경기도,연천군,고대산자연휴양림,966,연천 2023_06.csv,자연관광,자연공원
연천,2023,6,2023-06,10,경기도,연천군,연천파크골프장,877,연천 2023_06.csv,레저스포츠,육상레저스포츠
연천,2023,6,2023-06,11,경기도,연천군,한탄강관광지,792,연천 2023_06.csv,문화관광,복합관광시설
연천,2023,6,2023-06,12,경기도,연천군,전곡전통시장,771,연천 2023_06.csv,쇼핑,시장
연천,2023,6,2023-06,13,경기도,연천군,연천전곡리유적,765,연천 2023_06.csv,역사관광,역사유적지
연천,2023,6,2023-06,14,경기도,연천군,동막골유원지,710,연천 2023_06.csv,문화관광,복합관광시설
연천,2023,6,2023-06,15,경기도,연천군,태풍전망대,676,연천 2023_06.csv,문화관광,랜드마크관광
연천,2023,6,2023-06,16,경기도,연천군,연천경순왕릉,638,연천 2023_06.csv,역사관광,역사유적지
연천,2023,6,2023-06,17,경기도,연천군,초성리역폐역,576,연천 2023_06.csv,기타관광,교통시설
연천,2023,6,2023-06,18,경기도,연천군,신탄리역,519,연천 2023_06.csv,기타관광,교통시설
연천,2023,6,2023-06,19,경기도,연천군,허브빌리지,505,연천 2023_06.csv,체험관광,농/산/어촌체험
연천,2023,6,2023-06,20,경기도,연천군,열쇠전망대,475,연천 2023_06.csv,문화관광,랜드마크관광
연천,2023,6,2023-06,21,경기도,연천군,연천수레울아트홀,384,연천 2023_06.csv,문화관광,공연시설
연천,2023,6,2023-06,22,경기도,연천군,신망리역폐역,354,연천 2023_06.csv,기타관광,교통시설
연천,2023,6,2023-06,23,경기도,연천군,동막골유황천,328,연천 2023_06.csv,체험관광,웰니스관광
연천,2023,6,2023-06,24,경기도,연천군,숭의전,326,연천 2023_06.csv,역사관광,종교성지
연천,2023,6,2023-06,25,경기도,연천군,전곡낚시터,286,연천 2023_06.csv,레저스포츠,수상레저스포츠
연천,2023,6,2023-06,26,경기도,연천군,지오낚시터,272,연천 2023_06.csv,레저스포츠,수상레저스포츠
연천,2023,6,2023-06,27,경기도,연천군,유성미디어촬영소,259,연천 2023_06.csv,문화관광,기타문화관광지
연천,2023,6,2023-06,28,경기도,연천군,좌상바위,226,연천 2023_06.csv,기타관광,기타관광
연천,2023,6,2023-06,29,경기도,연천군,임진강댑싸리공원,210,연천 2023_06.csv,문화관광,도시공원
연천,2023,6,2023-06,30,경기도,연천군,재인폭포출렁다리,189,연천 2023_06.csv,기타관광,기타관광
연천,2023,6,2023-06,31,경기도,연천군,삼화리낚시터,179,연천 2023_06.csv,레저스포츠,수상레저스포츠
연천,2023,6,2023-06,32,경기도,연천군,연천승마공원,139,연천 2023_06.csv,레저스포츠,육상레저스포츠
연천,2023,6,2023-06,33,경기도,연천군,두루미테마파크,133,연천 2023_06.csv,기타관광,기타관광
연천,2023,6,2023-06,34,경기도,연천군,스튜디오330,131,연천 2023_06.csv,문화관광,기타문화관광지
연천,2023,6,2023-06,35,경기도,연천군,연천공영버스터미널,128,연천 2023_06.csv,기타관광,교통시설
연천,2023,6,2023-06,36,경기도,연천군,백학저수지,127,연천 2023_06.csv,자연관광,자연경관(하천/해양)
연천,2023,6,2023-06,37,경기도,연천군,수불사,119,연천 2023_06.csv,역사관광,종교성지
연천,2023,6,2023-06,38,경기도,연천군,연천당포성,109,연천 2023_06.csv,역사관광,역사유적지
연천,2023,6,2023-06,39,경기도,연천군,돌둥지유원지,108,연천 2023_06.csv,문화관광,복합관광시설
연천,2023,6,2023-06,40,경기도,연천군,원심원사,98,연천 2023_06.csv,역사관광,종교성지
연천,2023,6,2023-06,41,경기도,연천군,한탄강관광지축구장,80,연천 2023_06.csv,문화관광,레저스포츠시설
연천,2023,6,2023-06,42,경기도,연천군,연천오일장,74,연천 2023_06.csv,쇼핑,시장
연천,2023,6,2023-06,43,경기도,연천군,동막계곡,68,연천 2023_06.csv,자연관광,자연경관(산)
연천,2023,6,2023-06,44,경기도,연천군,연천고랑포구역사공원,62,연천 2023_06.csv,문화관광,도시공원
연천,2023,6,2023-06,44,경기도,연천군,한국수자원공사한탄강댐물문화관,62,연천 2023_06.csv,문화관광,전시시설
연천,2023,6,2023-06,46,경기도,연천군,임진강주상절리,60,연천 2023_06.csv,기타관광,기타관광
연천,2023,6,2023-06,47,경기도,연천군,모아베리교육농장,49,연천 2023_06.csv,체험관광,농/산/어촌체험
연천,2023,6,2023-06,47,경기도,연천군,상승OP전망대,49,연천 2023_06.csv,문화관광,랜드마크관광
연천,2023,6,2023-06,49,경기도,연천군,백학낚시터,48,연천 2023_06.csv,레저스포츠,수상레저스포츠
연천,2023,6,2023-06,50,경기도,연천군,연천로하스파크,44,연천 2023_06.csv,기타관광,기타관광
연천,2023,6,2023-06,51,경기도,연천군,연천숭의전지,43,연천 2023_06.csv,역사관광,역사유적지
연천,2023,6,2023-06,52,경기도,연천군,한탄강어린이교통랜드,38,연천 2023_06.csv,문화관광,도시공원
연천,2023,6,2023-06,53,경기도,연천군,아우라지베개용암탐방안내소,37,연천 2023_06.csv,기타관광,기타관광
연천,2023,6,2023-06,53,경기도,연천군,안일농장,37,연천 2023_06.csv,체험관광,농/산/어촌체험
연천,2023,6,2023-06,55,경기도,연천군,물바위유원지,36,연천 2023_06.csv,문화관광,복합관광시설
연천,2023,6,2023-06,56,경기도,연천군,열두개울계곡,33,연천 2023_06.csv,자연관광,자연경관(산)
연천,2023,6,2023-06,57,경기도,연천군,한탄강역폐역,31,연천 2023_06.csv,기타관광,교통시설
연천,2023,6,2023-06,57,경기도,연천군,역고드름,31,연천 2023_06.csv,기타관광,기타관광
연천,2023,6,2023-06,59,경기도,연천군,연천전곡리유적방문자센터,29,연천 2023_06.csv,기타관광,기타관광
연천,2023,6,2023-06,60,경기도,연천군,령신산기도도량,27,연천 2023_06.csv,역사관광,종교성지
연천,2023,6,2023-06,61,경기도,연천군,연천향교,26,연천 2023_06.csv,역사관광,역사유적지
연천,2023,6,2023-06,61,경기도,연천군,사랑이네농원,26,연천 2023_06.csv,체험관광,농/산/어촌체험
연천,2023,6,2023-06,63,경기도,연천군,선곡베이스볼파크,25,연천 2023_06.csv,문화관광,레저스포츠시설
연천,2023,6,2023-06,64,경기도,연천군,백학지낚시터,24,연천 2023_06.csv,레저스포츠,수상레저스포츠
연천,2023,6,2023-06,65,경기도,연천군,백의리층,22,연천 2023_06.csv,기타관광,기타관광
연천,2023,6,2023-06,65,경기도,연천군,연천군청소년수련관,22,연천 2023_06.csv,레저스포츠,육상레저스포츠
연천,2023,6,2023-06,67,경기도,연천군,들꽃가람농장,21,연천 2023_06.csv,체험관광,농/산/어촌체험
연천,2023,6,2023-06,68,경기도,연천군,전곡근린공원,19,연천 2023_06.csv,문화관광,도시공원
연천,2023,6,2023-06,68,경기도,연천군,백학역사박물관,19,연천 2023_06.csv,문화관광,전시시설
연천,2023,6,2023-06,70,경기도,연천군,연강갤러리,18,연천 2023_06.csv,문화관광,전시시설
연천,2023,6,2023-06,71,경기도,연천군,대화사,17,연천 2023_06.csv,역사관광,종교성지
연천,2023,6,2023-06,72,경기도,연천군,연천종합운동장인조구장,16,연천 2023_06.csv,문화관광,레저스포츠시설
연천,2023,6,2023-06,72,경기도,연천군,한탄강물놀이장,16,연천 2023_06.csv,문화관광,테마공원
연천,2023,6,2023-06,74,경기도,연천군,스튜디오 포시즌,15,연천 2023_06.csv,문화관광,기타문화관광지
연천,2023,6,2023-06,74,경기도,연천군,고랑포구,15,연천 2023_06.csv,자연관광,자연경관(하천/해양)
연천,2023,6,2023-06,74,경기도,연천군,연천역급수탑,15,연천 2023_06.csv,역사관광,역사유적지
연천,2023,6,2023-06,77,경기도,연천군,코리아승마클럽,12,연천 2023_06.csv,레저스포츠,육상레저스포츠
연천,2023,6,2023-06,77,경기도,연천군,태황사,12,연천 2023_06.csv,역사관광,종교성지
연천,2023,6,2023-06,79,경기도,연천군,스튜디오139,10,연천 2023_06.csv,문화관광,기타문화관광지
연천,2023,6,2023-06,79,경기도,연천군,차탄천주상절리,10,연천 2023_06.csv,기타관광,기타관광
연천,2023,6,2023-06,81,경기도,연천군,종자와시인 박물관,9,연천 2023_06.csv,문화관광,전시시설
연천,2023,6,2023-06,81,경기도,연천군,차탄천낚시터,9,연천 2023_06.csv,레저스포츠,수상레저스포츠
연천,2023,6,2023-06,81,경기도,연천군,능혜사,9,연천 2023_06.csv,역사관광,종교성지
연천,2023,6,2023-06,84,경기도,연천군,임진강유원지,8,연천 2023_06.csv,문화관광,복합관광시설
연천,2023,6,2023-06,85,경기도,연천군,동막리응회암,7,연천 2023_06.csv,기타관광,기타관광
연천,2023,6,2023-06,85,경기도,연천군,유환농장,7,연천 2023_06.csv,체험관광,농/산/어촌체험
연천,2023,6,2023-06,85,경기도,연천군,시원농장,7,연천 2023_06.csv,체험관광,농/산/어촌체험
연천,2023,6,2023-06,85,경기도,연천군,법성사,7,연천 2023_06.csv,역사관광,종교성지
연천,2023,6,2023-06,85,경기도,연천군,임진강주상절리카약,7,연천 2023_06.csv,레저스포츠,수상레저스포츠
연천,2023,6,2023-06,85,경기도,연천군,양원낚시공원가든,7,연천 2023_06.csv,레저스포츠,수상레저스포츠
연천,2023,6,2023-06,91,경기도,연천군,임진강장어직판장,6,연천 2023_06.csv,체험관광,농/산/어촌체험
연천,2023,6,2023-06,91,경기도,연천군,보국사,6,연천 2023_06.csv,역사관광,종교성지
연천,2023,6,2023-06,91,경기도,연천군,연천은대리성,6,연천 2023_06.csv,역사관광,역사유적지
연천,2023,6,2023-06,94,경기도,연천군,애심목장,5,연천 2023_06.csv,체험관광,농/산/어촌체험
연천,2023,6,2023-06,94,경기도,연천군,조각가박시동미술관,5,연천 2023_06.csv,문화관광,전시시설
연천,2023,6,2023-06,94,경기도,연천군,연천군 신서면 소목개마을,5,연천 2023_06.csv,문화관광,도시/지역문화관광
연천,2023,6,2023-06,94,경기도,연천군,삼천리목장,5,연천 2023_06.csv,체험관광,농/산/어촌체험
연천,2023,6,2023-06,98,경기도,연천군,에이펙스트랙&라이딩스쿨,4,연천 2023_06.csv,레저스포츠,기타레저스포츠
연천,2023,6,2023-06,98,경기도,연천군,백학5일장,4,연천 2023_06.csv,쇼핑,시장
연천,2023,6,2023-06,98,경기도,연천군,연천유엔군화장장시설,4,연천 2023_06.csv,기타관광,기타관광
연천,2023,6,2023-06,98,경기도,연천군,화인베이스볼파크,4,연천 2023_06.csv,문화관광,레저스포츠시설
연천,2023,6,2023-06,98,경기도,연천군,그리팅맨,4,연천 2023_06.csv,역사관광,역사유물
연천,2023,6,2023-06,103,경기도,연천군,차탄천 에움길,3,연천 2023_06.csv,레저스포츠,기타레저스포츠
연천,2023,6,2023-06,103,경기도,연천군,DMZ피스브릭하우스,3,연천 2023_06.csv,문화관광,기타문화관광지
연천,2023,6,2023-06,103,경기도,연천군,너나들이노리파크전곡점,3,연천 2023_06.csv,문화관광,테마공원
연천,2023,6,2023-06,103,경기도,연천군,토층전시관,3,연천 2023_06.csv,문화관광,전시시설
연천,2023,6,2023-06,103,경기도,연천군,연천삼곶리돌무지무덤,3,연천 2023_06.csv,역사관광,역사유적지
연천,2023,6,2023-06,103,경기도,연천군,아미사,3,연천 2023_06.csv,역사관광,종교성지
연천,2023,6,2023-06,103,경기도,연천군,임진강평화습지원,3,연천 2023_06.csv,문화관광,도시공원
연천,2023,6,2023-06,103,경기도,연천군,서문크리스챤하우스,3,연천 2023_06.csv,레저스포츠,육상레저스포츠
연천,2023,6,2023-06,103,경기도,연천군,청정암,3,연천 2023_06.csv,역사관광,종교성지
연천,2023,6,2023-06,103,경기도,연천군,현정사,3,연천 2023_06.csv,역사관광,종교성지
연천,2023,6,2023-06,103,경기도,연천군,필리핀군참전비,3,연천 2023_06.csv,역사관광,역사유물
연천,2023,6,2023-06,103,경기도,연천군,연천미라클야구단,3,연천 2023_06.csv,레저스포츠,기타레저스포츠
연천,2023,6,2023-06,103,경기도,연천군,진각선원,3,연천 2023_06.csv,역사관광,종교성지
연천,2023,6,2023-06,103,경기도,연천군,자연그림터꽃나루,3,연천 2023_06.csv,문화관광,전시시설
연천,2023,6,2023-06,103,경기도,연천군,진흥농장,3,연천 2023_06.csv,체험관광,농/산/어촌체험
연천,2023,7,2023-07,1,경기도,연천군,전곡역,5264,연천 2023_07.csv,기타관광,교통시설
연천,2023,7,2023-07,2,경기도,연천군,재인폭포,5094,연천 2023_07.csv,자연관광,자연경관(산)
연천,2023,7,2023-07,3,경기도,연천군,연천역,1342,연천 2023_07.csv,기타관광,교통시설
연천,2023,7,2023-07,4,경기도,연천군,전곡터미널,1179,연천 2023_07.csv,기타관광,교통시설
연천,2023,7,2023-07,5,경기도,연천군,연천호로고루,1143,연천 2023_07.csv,역사관광,역사유적지
연천,2023,7,2023-07,6,경기도,연천군,동막골유원지,1000,연천 2023_07.csv,문화관광,복합관광시설
연천,2023,7,2023-07,7,경기도,연천군,전곡선사박물관,994,연천 2023_07.csv,문화관광,전시시설
연천,2023,7,2023-07,8,경기도,연천군,대광리역공사중(2023년10월개통예정),991,연천 2023_07.csv,기타관광,교통시설
연천,2023,7,2023-07,9,경기도,연천군,고대산자연휴양림,858,연천 2023_07.csv,자연관광,자연공원
연천,2023,7,2023-07,10,경기도,연천군,전곡전통시장,733,연천 2023_07.csv,쇼핑,시장
연천,2023,7,2023-07,11,경기도,연천군,한탄강관광지,688,연천 2023_07.csv,문화관광,복합관광시설
연천,2023,7,2023-07,12,경기도,연천군,연천파크골프장,638,연천 2023_07.csv,레저스포츠,육상레저스포츠
연천,2023,7,2023-07,13,경기도,연천군,연천경순왕릉,626,연천 2023_07.csv,역사관광,역사유적지
연천,2023,7,2023-07,14,경기도,연천군,태풍전망대,567,연천 2023_07.csv,문화관광,랜드마크관광
연천,2023,7,2023-07,15,경기도,연천군,신탄리역,542,연천 2023_07.csv,기타관광,교통시설
연천,2023,7,2023-07,16,경기도,연천군,초성리역폐역,520,연천 2023_07.csv,기타관광,교통시설
연천,2023,7,2023-07,17,경기도,연천군,연천전곡리유적,508,연천 2023_07.csv,역사관광,역사유적지
연천,2023,7,2023-07,18,경기도,연천군,열쇠전망대,443,연천 2023_07.csv,문화관광,랜드마크관광
연천,2023,7,2023-07,19,경기도,연천군,연천수레울아트홀,420,연천 2023_07.csv,문화관광,공연시설
연천,2023,7,2023-07,20,경기도,연천군,허브빌리지,385,연천 2023_07.csv,체험관광,농/산/어촌체험
연천,2023,7,2023-07,21,경기도,연천군,신망리역폐역,382,연천 2023_07.csv,기타관광,교통시설
연천,2023,7,2023-07,22,경기도,연천군,한탄강물놀이장,372,연천 2023_07.csv,문화관광,테마공원
연천,2023,7,2023-07,23,경기도,연천군,전곡낚시터,273,연천 2023_07.csv,레저스포츠,수상레저스포츠
연천,2023,7,2023-07,24,경기도,연천군,동막골유황천,263,연천 2023_07.csv,체험관광,웰니스관광
연천,2023,7,2023-07,25,경기도,연천군,지오낚시터,249,연천 2023_07.csv,레저스포츠,수상레저스포츠
연천,2023,7,2023-07,26,경기도,연천군,숭의전,239,연천 2023_07.csv,역사관광,종교성지
연천,2023,7,2023-07,27,경기도,연천군,자유로CC,233,연천 2023_07.csv,레저스포츠,육상레저스포츠
연천,2023,7,2023-07,28,경기도,연천군,삼화리낚시터,168,연천 2023_07.csv,레저스포츠,수상레저스포츠
연천,2023,7,2023-07,29,경기도,연천군,좌상바위,165,연천 2023_07.csv,기타관광,기타관광
연천,2023,7,2023-07,29,경기도,연천군,재인폭포출렁다리,165,연천 2023_07.csv,기타관광,기타관광
연천,2023,7,2023-07,31,경기도,연천군,동막계곡,163,연천 2023_07.csv,자연관광,자연경관(산)
연천,2023,7,2023-07,32,경기도,연천군,돌둥지유원지,156,연천 2023_07.csv,문화관광,복합관광시설
연천,2023,7,2023-07,33,경기도,연천군,연천공영버스터미널,134,연천 2023_07.csv,기타관광,교통시설
연천,2023,7,2023-07,34,경기도,연천군,수불사,131,연천 2023_07.csv,역사관광,종교성지
연천,2023,7,2023-07,35,경기도,연천군,임진강댑싸리공원,97,연천 2023_07.csv,문화관광,도시공원
연천,2023,7,2023-07,36,경기도,연천군,연천승마공원,96,연천 2023_07.csv,레저스포츠,육상레저스포츠
연천,2023,7,2023-07,37,경기도,연천군,들꽃가람농장,93,연천 2023_07.csv,체험관광,농/산/어촌체험
연천,2023,7,2023-07,38,경기도,연천군,두루미테마파크,87,연천 2023_07.csv,기타관광,기타관광
연천,2023,7,2023-07,38,경기도,연천군,상승OP전망대,87,연천 2023_07.csv,문화관광,랜드마크관광
연천,2023,7,2023-07,40,경기도,연천군,한국수자원공사한탄강댐물문화관,74,연천 2023_07.csv,문화관광,전시시설
연천,2023,7,2023-07,41,경기도,연천군,원심원사,73,연천 2023_07.csv,역사관광,종교성지
연천,2023,7,2023-07,42,경기도,연천군,백학낚시터,69,연천 2023_07.csv,레저스포츠,수상레저스포츠
연천,2023,7,2023-07,43,경기도,연천군,연천오일장,68,연천 2023_07.csv,쇼핑,시장
연천,2023,7,2023-07,43,경기도,연천군,연천당포성,68,연천 2023_07.csv,역사관광,역사유적지
연천,2023,7,2023-07,45,경기도,연천군,물바위유원지,63,연천 2023_07.csv,문화관광,복합관광시설
연천,2023,7,2023-07,46,경기도,연천군,백학저수지,55,연천 2023_07.csv,자연관광,자연경관(하천/해양)
연천,2023,7,2023-07,47,경기도,연천군,한탄강역폐역,54,연천 2023_07.csv,기타관광,교통시설
연천,2023,7,2023-07,48,경기도,연천군,한탄강관광지축구장,53,연천 2023_07.csv,문화관광,레저스포츠시설
연천,2023,7,2023-07,49,경기도,연천군,연천종합운동장인조구장,50,연천 2023_07.csv,문화관광,레저스포츠시설
연천,2023,7,2023-07,49,경기도,연천군,연천로하스파크,50,연천 2023_07.csv,기타관광,기타관광
연천,2023,7,2023-07,51,경기도,연천군,역고드름,49,연천 2023_07.csv,기타관광,기타관광
연천,2023,7,2023-07,52,경기도,연천군,안일농장,46,연천 2023_07.csv,체험관광,농/산/어촌체험
연천,2023,7,2023-07,53,경기도,연천군,대화사,35,연천 2023_07.csv,역사관광,종교성지
연천,2023,7,2023-07,54,경기도,연천군,서문크리스챤하우스,34,연천 2023_07.csv,레저스포츠,육상레저스포츠
연천,2023,7,2023-07,55,경기도,연천군,백학지낚시터,32,연천 2023_07.csv,레저스포츠,수상레저스포츠
연천,2023,7,2023-07,56,경기도,연천군,열두개울계곡,30,연천 2023_07.csv,자연관광,자연경관(산)
연천,2023,7,2023-07,56,경기도,연천군,샘터유원지,30,연천 2023_07.csv,문화관광,복합관광시설
연천,2023,7,2023-07,56,경기도,연천군,유성미디어촬영소,30,연천 2023_07.csv,문화관광,기타문화관광지
연천,2023,7,2023-07,59,경기도,연천군,임진강주상절리,29,연천 2023_07.csv,기타관광,기타관광
연천,2023,7,2023-07,60,경기도,연천군,연천역급수탑,26,연천 2023_07.csv,역사관광,역사유적지
연천,2023,7,2023-07,61,경기도,연천군,연강갤러리,24,연천 2023_07.csv,문화관광,전시시설
연천,2023,7,2023-07,62,경기도,연천군,백의리층,21,연천 2023_07.csv,기타관광,기타관광
연천,2023,7,2023-07,63,경기도,연천군,아우라지베개용암탐방안내소,20,연천 2023_07.csv,기타관광,기타관광
연천,2023,7,2023-07,63,경기도,연천군,모아베리교육농장,20,연천 2023_07.csv,체험관광,농/산/어촌체험
연천,2023,7,2023-07,63,경기도,연천군,연천고랑포구역사공원,20,연천 2023_07.csv,문화관광,도시공원
연천,2023,7,2023-07,63,경기도,연천군,선곡베이스볼파크,20,연천 2023_07.csv,문화관광,레저스포츠시설
연천,2023,7,2023-07,67,경기도,연천군,동막리응회암,19,연천 2023_07.csv,기타관광,기타관광
연천,2023,7,2023-07,68,경기도,연천군,전곡근린공원,18,연천 2023_07.csv,문화관광,도시공원
연천,2023,7,2023-07,69,경기도,연천군,한탄강어린이교통랜드,17,연천 2023_07.csv,문화관광,도시공원
연천,2023,7,2023-07,70,경기도,연천군,령신산기도도량,16,연천 2023_07.csv,역사관광,종교성지
연천,2023,7,2023-07,71,경기도,연천군,코리아승마클럽,15,연천 2023_07.csv,레저스포츠,육상레저스포츠
연천,2023,7,2023-07,72,경기도,연천군,임진강평화습지원,14,연천 2023_07.csv,문화관광,도시공원
연천,2023,7,2023-07,73,경기도,연천군,시원농장,13,연천 2023_07.csv,체험관광,농/산/어촌체험
연천,2023,7,2023-07,73,경기도,연천군,임진강장어직판장,13,연천 2023_07.csv,체험관광,농/산/어촌체험
연천,2023,7,2023-07,73,경기도,연천군,양원낚시공원가든,13,연천 2023_07.csv,레저스포츠,수상레저스포츠
연천,2023,7,2023-07,76,경기도,연천군,에이펙스트랙&라이딩스쿨,12,연천 2023_07.csv,레저스포츠,기타레저스포츠
연천,2023,7,2023-07,76,경기도,연천군,차탄천주상절리,12,연천 2023_07.csv,기타관광,기타관광
연천,2023,7,2023-07,78,경기도,연천군,연천숭의전지,11,연천 2023_07.csv,역사관광,역사유적지
연천,2023,7,2023-07,79,경기도,연천군,조각가박시동미술관,10,연천 2023_07.csv,문화관광,전시시설
연천,2023,7,2023-07,79,경기도,연천군,현정사,10,연천 2023_07.csv,역사관광,종교성지
연천,2023,7,2023-07,81,경기도,연천군,임진강주상절리카약,9,연천 2023_07.csv,레저스포츠,수상레저스포츠
연천,2023,7,2023-07,81,경기도,연천군,연천향교,9,연천 2023_07.csv,역사관광,역사유적지
연천,2023,7,2023-07,81,경기도,연천군,연천유엔군화장장시설,9,연천 2023_07.csv,기타관광,기타관광
연천,2023,7,2023-07,84,경기도,연천군,스튜디오330,7,연천 2023_07.csv,문화관광,기타문화관광지
연천,2023,7,2023-07,84,경기도,연천군,종자와시인 박물관,7,연천 2023_07.csv,문화관광,전시시설
연천,2023,7,2023-07,84,경기도,연천군,연천전곡리유적방문자센터,7,연천 2023_07.csv,기타관광,기타관광
연천,2023,7,2023-07,87,경기도,연천군,임진강유원지,6,연천 2023_07.csv,문화관광,복합관광시설
연천,2023,7,2023-07,87,경기도,연천군,연천군 신서면 소목개마을,6,연천 2023_07.csv,문화관광,도시/지역문화관광
연천,2023,7,2023-07,89,경기도,연천군,아미사,5,연천 2023_07.csv,역사관광,종교성지
연천,2023,7,2023-07,90,경기도,연천군,차탄천 에움길,4,연천 2023_07.csv,레저스포츠,기타레저스포츠
연천,2023,7,2023-07,90,경기도,연천군,유환농장,4,연천 2023_07.csv,체험관광,농/산/어촌체험
연천,2023,7,2023-07,90,경기도,연천군,너나들이노리파크전곡점,4,연천 2023_07.csv,문화관광,테마공원
연천,2023,7,2023-07,90,경기도,연천군,태황사,4,연천 2023_07.csv,역사관광,종교성지
연천,2023,7,2023-07,90,경기도,연천군,토층전시관,4,연천 2023_07.csv,문화관광,전시시설
연천,2023,7,2023-07,90,경기도,연천군,신서5일장,4,연천 2023_07.csv,쇼핑,시장
연천,2023,7,2023-07,90,경기도,연천군,자연그림터꽃나루,4,연천 2023_07.csv,문화관광,전시시설
연천,2023,7,2023-07,90,경기도,연천군,그리팅맨,4,연천 2023_07.csv,역사관광,역사유물
연천,2023,7,2023-07,98,경기도,연천군,스튜디오139,3,연천 2023_07.csv,문화관광,기타문화관광지
연천,2023,7,2023-07,98,경기도,연천군,합수머리,3,연천 2023_07.csv,기타관광,기타관광
연천,2023,7,2023-07,98,경기도,연천군,스튜디오 포시즌,3,연천 2023_07.csv,문화관광,기타문화관광지
연천,2023,7,2023-07,98,경기도,연천군,단우네농장,3,연천 2023_07.csv,체험관광,농/산/어촌체험
연천,2023,7,2023-07,98,경기도,연천군,애심목장,3,연천 2023_07.csv,체험관광,농/산/어촌체험
연천,2023,7,2023-07,98,경기도,연천군,백학5일장,3,연천 2023_07.csv,쇼핑,시장
연천,2023,7,2023-07,98,경기도,연천군,본원사,3,연천 2023_07.csv,역사관광,종교성지
연천,2023,7,2023-07,98,경기도,연천군,노스폴CC,3,연천 2023_07.csv,레저스포츠,육상레저스포츠
연천,2023,7,2023-07,98,경기도,연천군,드라마미술전시장,3,연천 2023_07.csv,기타관광,기타관광
연천,2023,7,2023-07,98,경기도,연천군,능혜사,3,연천 2023_07.csv,역사관광,종교성지
연천,2023,7,2023-07,98,경기도,연천군,보국사,3,연천 2023_07.csv,역사관광,종교성지
연천,2023,7,2023-07,98,경기도,연천군,호국육화사,3,연천 2023_07.csv,역사관광,종교성지
연천,2023,7,2023-07,98,경기도,연천군,다솔관광농원,3,연천 2023_07.csv,체험관광,농/산/어촌체험
연천,2023,7,2023-07,98,경기도,연천군,사랑이네농원,3,연천 2023_07.csv,체험관광,농/산/어촌체험
연천,2023,7,2023-07,98,경기도,연천군,말턱고개약수터,3,연천 2023_07.csv,자연관광,자연경관(산)
연천,2023,8,2023-08,1,경기도,연천군,재인폭포,5950,연천 2023_08.csv,자연관광,자연경관(산)
연천,2023,8,2023-08,2,경기도,연천군,전곡역,5152,연천 2023_08.csv,기타관광,교통시설
연천,2023,8,2023-08,3,경기도,연천군,자유로CC,2292,연천 2023_08.csv,레저스포츠,육상레저스포츠
연천,2023,8,2023-08,4,경기도,연천군,연천호로고루,1726,연천 2023_08.csv,역사관광,역사유적지
연천,2023,8,2023-08,5,경기도,연천군,전곡선사박물관,1538,연천 2023_08.csv,문화관광,전시시설
연천,2023,8,2023-08,6,경기도,연천군,연천역,1289,연천 2023_08.csv,기타관광,교통시설
연천,2023,8,2023-08,7,경기도,연천군,동막골유원지,1176,연천 2023_08.csv,문화관광,복합관광시설
연천,2023,8,2023-08,8,경기도,연천군,전곡터미널,1106,연천 2023_08.csv,기타관광,교통시설
연천,2023,8,2023-08,9,경기도,연천군,대광리역공사중(2023년10월개통예정),1002,연천 2023_08.csv,기타관광,교통시설
연천,2023,8,2023-08,10,경기도,연천군,고대산자연휴양림,939,연천 2023_08.csv,자연관광,자연공원
연천,2023,8,2023-08,11,경기도,연천군,연천파크골프장,876,연천 2023_08.csv,레저스포츠,육상레저스포츠
연천,2023,8,2023-08,12,경기도,연천군,한탄강관광지,837,연천 2023_08.csv,문화관광,복합관광시설
연천,2023,8,2023-08,13,경기도,연천군,전곡전통시장,782,연천 2023_08.csv,쇼핑,시장
연천,2023,8,2023-08,14,경기도,연천군,한탄강물놀이장,769,연천 2023_08.csv,문화관광,테마공원
연천,2023,8,2023-08,15,경기도,연천군,연천경순왕릉,601,연천 2023_08.csv,역사관광,역사유적지
연천,2023,8,2023-08,16,경기도,연천군,신탄리역,592,연천 2023_08.csv,기타관광,교통시설
연천,2023,8,2023-08,17,경기도,연천군,연천전곡리유적,591,연천 2023_08.csv,역사관광,역사유적지
연천,2023,8,2023-08,18,경기도,연천군,태풍전망대,525,연천 2023_08.csv,문화관광,랜드마크관광
연천,2023,8,2023-08,19,경기도,연천군,초성리역폐역,508,연천 2023_08.csv,기타관광,교통시설
연천,2023,8,2023-08,20,경기도,연천군,열쇠전망대,460,연천 2023_08.csv,문화관광,랜드마크관광
연천,2023,8,2023-08,21,경기도,연천군,동막계곡,459,연천 2023_08.csv,자연관광,자연경관(산)
연천,2023,8,2023-08,22,경기도,연천군,허브빌리지,406,연천 2023_08.csv,체험관광,농/산/어촌체험
연천,2023,8,2023-08,23,경기도,연천군,돌둥지유원지,383,연천 2023_08.csv,문화관광,복합관광시설
연천,2023,8,2023-08,24,경기도,연천군,임진강댑싸리공원,364,연천 2023_08.csv,문화관광,도시공원
연천,2023,8,2023-08,24,경기도,연천군,신망리역폐역,364,연천 2023_08.csv,기타관광,교통시설
연천,2023,8,2023-08,26,경기도,연천군,연천당포성,355,연천 2023_08.csv,역사관광,역사유적지
연천,2023,8,2023-08,27,경기도,연천군,동막골유황천,313,연천 2023_08.csv,체험관광,웰니스관광
연천,2023,8,2023-08,28,경기도,연천군,숭의전,263,연천 2023_08.csv,역사관광,종교성지
연천,2023,8,2023-08,29,경기도,연천군,전곡낚시터,253,연천 2023_08.csv,레저스포츠,수상레저스포츠
연천,2023,8,2023-08,30,경기도,연천군,백학저수지,246,연천 2023_08.csv,자연관광,자연경관(하천/해양)
연천,2023,8,2023-08,31,경기도,연천군,지오낚시터,240,연천 2023_08.csv,레저스포츠,수상레저스포츠
연천,2023,8,2023-08,32,경기도,연천군,유성미디어촬영소,235,연천 2023_08.csv,문화관광,기타문화관광지
연천,2023,8,2023-08,33,경기도,연천군,좌상바위,190,연천 2023_08.csv,기타관광,기타관광
연천,2023,8,2023-08,34,경기도,연천군,스튜디오139,181,연천 2023_08.csv,문화관광,기타문화관광지
연천,2023,8,2023-08,35,경기도,연천군,연천고랑포구역사공원,179,연천 2023_08.csv,문화관광,도시공원
연천,2023,8,2023-08,36,경기도,연천군,연천수레울아트홀,164,연천 2023_08.csv,문화관광,공연시설
연천,2023,8,2023-08,37,경기도,연천군,연천공영버스터미널,160,연천 2023_08.csv,기타관광,교통시설
연천,2023,8,2023-08,37,경기도,연천군,임진강주상절리,160,연천 2023_08.csv,기타관광,기타관광
연천,2023,8,2023-08,39,경기도,연천군,열두개울계곡,157,연천 2023_08.csv,자연관광,자연경관(산)
연천,2023,8,2023-08,40,경기도,연천군,재인폭포출렁다리,148,연천 2023_08.csv,기타관광,기타관광
연천,2023,8,2023-08,41,경기도,연천군,샘터유원지,142,연천 2023_08.csv,문화관광,복합관광시설
연천,2023,8,2023-08,42,경기도,연천군,삼화리낚시터,134,연천 2023_08.csv,레저스포츠,수상레저스포츠
연천,2023,8,2023-08,43,경기도,연천군,들꽃가람농장,116,연천 2023_08.csv,체험관광,농/산/어촌체험
연천,2023,8,2023-08,44,경기도,연천군,물바위유원지,105,연천 2023_08.csv,문화관광,복합관광시설
연천,2023,8,2023-08,45,경기도,연천군,연천승마공원,99,연천 2023_08.csv,레저스포츠,육상레저스포츠
연천,2023,8,2023-08,46,경기도,연천군,원심원사,98,연천 2023_08.csv,역사관광,종교성지
연천,2023,8,2023-08,47,경기도,연천군,한국수자원공사한탄강댐물문화관,85,연천 2023_08.csv,문화관광,전시시설
연천,2023,8,2023-08,48,경기도,연천군,수불사,83,연천 2023_08.csv,역사관광,종교성지
연천,2023,8,2023-08,49,경기도,연천군,연천오일장,70,연천 2023_08.csv,쇼핑,시장
연천,2023,8,2023-08,50,경기도,연천군,한탄강관광지축구장,65,연천 2023_08.csv,문화관광,레저스포츠시설
연천,2023,8,2023-08,51,경기도,연천군,연천군청소년수련관,63,연천 2023_08.csv,레저스포츠,육상레저스포츠
연천,2023,8,2023-08,52,경기도,연천군,한탄강역폐역,61,연천 2023_08.csv,기타관광,교통시설
연천,2023,8,2023-08,53,경기도,연천군,시원농장,60,연천 2023_08.csv,체험관광,농/산/어촌체험
연천,2023,8,2023-08,54,경기도,연천군,역고드름,59,연천 2023_08.csv,기타관광,기타관광
연천,2023,8,2023-08,55,경기도,연천군,두루미테마파크,58,연천 2023_08.csv,기타관광,기타관광
연천,2023,8,2023-08,56,경기도,연천군,한탄강어린이교통랜드,56,연천 2023_08.csv,문화관광,도시공원
연천,2023,8,2023-08,57,경기도,연천군,상승OP전망대,55,연천 2023_08.csv,문화관광,랜드마크관광
연천,2023,8,2023-08,58,경기도,연천군,연천군 신서면 소목개마을,54,연천 2023_08.csv,문화관광,도시/지역문화관광
연천,2023,8,2023-08,59,경기도,연천군,연천로하스파크,51,연천 2023_08.csv,기타관광,기타관광
연천,2023,8,2023-08,60,경기도,연천군,연천장남통일바라기축제,50,연천 2023_08.csv,문화관광,기타문화관광지
연천,2023,8,2023-08,61,경기도,연천군,아우라지베개용암탐방안내소,45,연천 2023_08.csv,기타관광,기타관광
연천,2023,8,2023-08,62,경기도,연천군,대화사,42,연천 2023_08.csv,역사관광,종교성지
연천,2023,8,2023-08,63,경기도,연천군,연천숭의전지,41,연천 2023_08.csv,역사관광,역사유적지
연천,2023,8,2023-08,64,경기도,연천군,그리팅맨,38,연천 2023_08.csv,역사관광,역사유물
연천,2023,8,2023-08,65,경기도,연천군,애심목장,36,연천 2023_08.csv,체험관광,농/산/어촌체험
연천,2023,8,2023-08,65,경기도,연천군,모아베리교육농장,36,연천 2023_08.csv,체험관광,농/산/어촌체험
연천,2023,8,2023-08,67,경기도,연천군,백학지낚시터,33,연천 2023_08.csv,레저스포츠,수상레저스포츠
연천,2023,8,2023-08,68,경기도,연천군,전곡근린공원,32,연천 2023_08.csv,문화관광,도시공원
연천,2023,8,2023-08,68,경기도,연천군,백학낚시터,32,연천 2023_08.csv,레저스포츠,수상레저스포츠
연천,2023,8,2023-08,70,경기도,연천군,안일농장,28,연천 2023_08.csv,체험관광,농/산/어촌체험
연천,2023,8,2023-08,71,경기도,연천군,백의리층,26,연천 2023_08.csv,기타관광,기타관광
연천,2023,8,2023-08,71,경기도,연천군,임진강주상절리카약,26,연천 2023_08.csv,레저스포츠,수상레저스포츠
연천,2023,8,2023-08,73,경기도,연천군,은대근린공원,23,연천 2023_08.csv,문화관광,도시공원
연천,2023,8,2023-08,74,경기도,연천군,종자와시인 박물관,22,연천 2023_08.csv,문화관광,전시시설
연천,2023,8,2023-08,74,경기도,연천군,서문크리스챤하우스,22,연천 2023_08.csv,레저스포츠,육상레저스포츠
연천,2023,8,2023-08,76,경기도,연천군,자연그림터꽃나루,17,연천 2023_08.csv,문화관광,전시시설
연천,2023,8,2023-08,77,경기도,연천군,스튜디오 포시즌,16,연천 2023_08.csv,문화관광,기타문화관광지
연천,2023,8,2023-08,77,경기도,연천군,령신산기도도량,16,연천 2023_08.csv,역사관광,종교성지
연천,2023,8,2023-08,77,경기도,연천군,연천은대리성,16,연천 2023_08.csv,역사관광,역사유적지
연천,2023,8,2023-08,80,경기도,연천군,연천종합운동장인조구장,15,연천 2023_08.csv,문화관광,레저스포츠시설
연천,2023,8,2023-08,80,경기도,연천군,차탄천주상절리,15,연천 2023_08.csv,기타관광,기타관광
연천,2023,8,2023-08,82,경기도,연천군,연천전곡리유적방문자센터,12,연천 2023_08.csv,기타관광,기타관광
연천,2023,8,2023-08,83,경기도,연천군,너나들이노리파크전곡점,10,연천 2023_08.csv,문화관광,테마공원
연천,2023,8,2023-08,83,경기도,연천군,조각가박시동미술관,10,연천 2023_08.csv,문화관광,전시시설
연천,2023,8,2023-08,83,경기도,연천군,임진강장어직판장,10,연천 2023_08.csv,체험관광,농/산/어촌체험
연천,2023,8,2023-08,83,경기도,연천군,선곡베이스볼파크,10,연천 2023_08.csv,문화관광,레저스포츠시설
연천,2023,8,2023-08,83,경기도,연천군,현정사,10,연천 2023_08.csv,역사관광,종교성지
연천,2023,8,2023-08,83,경기도,연천군,능혜사,10,연천 2023_08.csv,역사관광,종교성지
연천,2023,8,2023-08,89,경기도,연천군,연천학곡리고인돌,9,연천 2023_08.csv,역사관광,역사유적지
연천,2023,8,2023-08,89,경기도,연천군,연천향교,9,연천 2023_08.csv,역사관광,역사유적지
연천,2023,8,2023-08,91,경기도,연천군,유환농장,8,연천 2023_08.csv,체험관광,농/산/어촌체험
연천,2023,8,2023-08,91,경기도,연천군,에이펙스트랙&라이딩스쿨,8,연천 2023_08.csv,레저스포츠,기타레저스포츠
연천,2023,8,2023-08,91,경기도,연천군,임진강평화습지원,8,연천 2023_08.csv,문화관광,도시공원
연천,2023,8,2023-08,91,경기도,연천군,연강갤러리,8,연천 2023_08.csv,문화관광,전시시설
연천,2023,8,2023-08,95,경기도,연천군,아미사,7,연천 2023_08.csv,역사관광,종교성지
연천,2023,8,2023-08,95,경기도,연천군,고랑포구,7,연천 2023_08.csv,자연관광,자연경관(하천/해양)
연천,2023,8,2023-08,97,경기도,연천군,스튜디오330,6,연천 2023_08.csv,문화관광,기타문화관광지
연천,2023,8,2023-08,97,경기도,연천군,백학5일장,6,연천 2023_08.csv,쇼핑,시장
연천,2023,8,2023-08,97,경기도,연천군,고대정,6,연천 2023_08.csv,레저스포츠,육상레저스포츠
연천,2023,8,2023-08,97,경기도,연천군,양원낚시공원가든,6,연천 2023_08.csv,레저스포츠,수상레저스포츠
연천,2023,8,2023-08,101,경기도,연천군,차탄천 에움길,4,연천 2023_08.csv,레저스포츠,기타레저스포츠
연천,2023,8,2023-08,101,경기도,연천군,임진물새롬랜드,4,연천 2023_08.csv,문화관광,도시공원
연천,2023,8,2023-08,101,경기도,연천군,본원사,4,연천 2023_08.csv,역사관광,종교성지
연천,2023,8,2023-08,101,경기도,연천군,고대산,4,연천 2023_08.csv,자연관광,자연경관(산)
연천,2023,8,2023-08,101,경기도,연천군,연천역급수탑,4,연천 2023_08.csv,역사관광,역사유적지
연천,2023,8,2023-08,101,경기도,연천군,석장리미술관조각공원,4,연천 2023_08.csv,문화관광,도시공원
연천,2023,8,2023-08,107,경기도,연천군,동막리응회암,3,연천 2023_08.csv,기타관광,기타관광
연천,2023,8,2023-08,107,경기도,연천군,은대리판상절리,3,연천 2023_08.csv,기타관광,기타관광
연천,2023,8,2023-08,107,경기도,연천군,세븐목장,3,연천 2023_08.csv,체험관광,농/산/어촌체험
연천,2023,8,2023-08,107,경기도,연천군,아름이목장,3,연천 2023_08.csv,체험관광,농/산/어촌체험
연천,2023,8,2023-08,107,경기도,연천군,연천삼곶리돌무지무덤,3,연천 2023_08.csv,역사관광,역사유적지
연천,2023,8,2023-08,107,경기도,연천군,호병목장,3,연천 2023_08.csv,체험관광,농/산/어촌체험
연천,2023,8,2023-08,107,경기도,연천군,임진강유원지,3,연천 2023_08.csv,문화관광,복합관광시설
연천,2023,8,2023-08,107,경기도,연천군,드라마미술전시장,3,연천 2023_08.csv,기타관광,기타관광
연천,2023,8,2023-08,107,경기도,연천군,차탄천낚시터,3,연천 2023_08.csv,레저스포츠,수상레저스포츠
연천,2023,8,2023-08,107,경기도,연천군,보국사,3,연천 2023_08.csv,역사관광,종교성지
연천,2023,8,2023-08,107,경기도,연천군,북진약수터,3,연천 2023_08.csv,자연관광,자연경관(산)
연천,2023,8,2023-08,107,경기도,연천군,사랑이네농원,3,연천 2023_08.csv,체험관광,농/산/어촌체험
연천,2023,8,2023-08,107,경기도,연천군,연천학곡리적석총,3,연천 2023_08.csv,역사관광,역사유적지
연천,2023,9,2023-09,1,경기도,연천군,연천호로고루,11793,연천 2023_09.csv,역사관광,역사유적지
연천,2023,9,2023-09,2,경기도,연천군,임진강댑싸리공원,10700,연천 2023_09.csv,문화관광,도시공원
연천,2023,9,2023-09,3,경기도,연천군,재인폭포,8415,연천 2023_09.csv,자연관광,자연경관(산)
연천,2023,9,2023-09,4,경기도,연천군,자유로CC,6666,연천 2023_09.csv,레저스포츠,육상레저스포츠
연천,2023,9,2023-09,5,경기도,연천군,전곡역,5803,연천 2023_09.csv,기타관광,교통시설
연천,2023,9,2023-09,6,경기도,연천군,연천장남통일바라기축제,2631,연천 2023_09.csv,문화관광,기타문화관광지
연천,2023,9,2023-09,7,경기도,연천군,연천당포성,1876,연천 2023_09.csv,역사관광,역사유적지
연천,2023,9,2023-09,8,경기도,연천군,연천역,1555,연천 2023_09.csv,기타관광,교통시설
연천,2023,9,2023-09,9,경기도,연천군,전곡선사박물관,1466,연천 2023_09.csv,문화관광,전시시설
연천,2023,9,2023-09,10,경기도,연천군,대광리역공사중(2023년10월개통예정),1334,연천 2023_09.csv,기타관광,교통시설
연천,2023,9,2023-09,11,경기도,연천군,전곡터미널,1272,연천 2023_09.csv,기타관광,교통시설
연천,2023,9,2023-09,12,경기도,연천군,태풍전망대,1234,연천 2023_09.csv,문화관광,랜드마크관광
연천,2023,9,2023-09,13,경기도,연천군,백학저수지,1141,연천 2023_09.csv,자연관광,자연경관(하천/해양)
연천,2023,9,2023-09,14,경기도,연천군,연천경순왕릉,1040,연천 2023_09.csv,역사관광,역사유적지
연천,2023,9,2023-09,15,경기도,연천군,연천전곡리유적,1002,연천 2023_09.csv,역사관광,역사유적지
연천,2023,9,2023-09,16,경기도,연천군,한탄강관광지,965,연천 2023_09.csv,문화관광,복합관광시설
연천,2023,9,2023-09,17,경기도,연천군,전곡전통시장,930,연천 2023_09.csv,쇼핑,시장
연천,2023,9,2023-09,18,경기도,연천군,고대산자연휴양림,900,연천 2023_09.csv,자연관광,자연공원
연천,2023,9,2023-09,19,경기도,연천군,연천파크골프장,857,연천 2023_09.csv,레저스포츠,육상레저스포츠
연천,2023,9,2023-09,20,경기도,연천군,임진강주상절리,724,연천 2023_09.csv,기타관광,기타관광
연천,2023,9,2023-09,21,경기도,연천군,연천고랑포구역사공원,675,연천 2023_09.csv,문화관광,도시공원
연천,2023,9,2023-09,22,경기도,연천군,신망리역폐역,638,연천 2023_09.csv,기타관광,교통시설
연천,2023,9,2023-09,23,경기도,연천군,연천호로고루홍보관,632,연천 2023_09.csv,문화관광,전시시설
연천,2023,9,2023-09,24,경기도,연천군,신탄리역,631,연천 2023_09.csv,기타관광,교통시설
연천,2023,9,2023-09,25,경기도,연천군,초성리역폐역,594,연천 2023_09.csv,기타관광,교통시설
연천,2023,9,2023-09,26,경기도,연천군,허브빌리지,559,연천 2023_09.csv,체험관광,농/산/어촌체험
연천,2023,9,2023-09,27,경기도,연천군,숭의전,501,연천 2023_09.csv,역사관광,종교성지
연천,2023,9,2023-09,28,경기도,연천군,열쇠전망대,466,연천 2023_09.csv,문화관광,랜드마크관광
연천,2023,9,2023-09,29,경기도,연천군,동막계곡,412,연천 2023_09.csv,자연관광,자연경관(산)
연천,2023,9,2023-09,30,경기도,연천군,동막골유원지,389,연천 2023_09.csv,문화관광,복합관광시설
연천,2023,9,2023-09,31,경기도,연천군,동막골유황천,337,연천 2023_09.csv,체험관광,웰니스관광
연천,2023,9,2023-09,32,경기도,연천군,한탄강어린이교통랜드,333,연천 2023_09.csv,문화관광,도시공원
연천,2023,9,2023-09,33,경기도,연천군,재인폭포출렁다리,296,연천 2023_09.csv,기타관광,기타관광
연천,2023,9,2023-09,34,경기도,연천군,연천수레울아트홀,295,연천 2023_09.csv,문화관광,공연시설
연천,2023,9,2023-09,35,경기도,연천군,전곡낚시터,273,연천 2023_09.csv,레저스포츠,수상레저스포츠
연천,2023,9,2023-09,36,경기도,연천군,그리팅맨,248,연천 2023_09.csv,역사관광,역사유물
연천,2023,9,2023-09,37,경기도,연천군,지오낚시터,214,연천 2023_09.csv,레저스포츠,수상레저스포츠
연천,2023,9,2023-09,38,경기도,연천군,좌상바위,212,연천 2023_09.csv,기타관광,기타관광
연천,2023,9,2023-09,38,경기도,연천군,유성미디어촬영소,212,연천 2023_09.csv,문화관광,기타문화관광지
연천,2023,9,2023-09,40,경기도,연천군,연천공영버스터미널,196,연천 2023_09.csv,기타관광,교통시설
연천,2023,9,2023-09,40,경기도,연천군,삼화리낚시터,196,연천 2023_09.csv,레저스포츠,수상레저스포츠
연천,2023,9,2023-09,42,경기도,연천군,스튜디오139,186,연천 2023_09.csv,문화관광,기타문화관광지
연천,2023,9,2023-09,43,경기도,연천군,원심원사,181,연천 2023_09.csv,역사관광,종교성지
연천,2023,9,2023-09,44,경기도,연천군,열두개울계곡,174,연천 2023_09.csv,자연관광,자연경관(산)
연천,2023,9,2023-09,45,경기도,연천군,수불사,145,연천 2023_09.csv,역사관광,종교성지
연천,2023,9,2023-09,46,경기도,연천군,연천군청소년수련관,136,연천 2023_09.csv,레저스포츠,육상레저스포츠
연천,2023,9,2023-09,47,경기도,연천군,들꽃가람농장,96,연천 2023_09.csv,체험관광,농/산/어촌체험
연천,2023,9,2023-09,47,경기도,연천군,한국수자원공사한탄강댐물문화관,96,연천 2023_09.csv,문화관광,전시시설
연천,2023,9,2023-09,49,경기도,연천군,연천승마공원,93,연천 2023_09.csv,레저스포츠,육상레저스포츠
연천,2023,9,2023-09,50,경기도,연천군,한탄강관광지축구장,87,연천 2023_09.csv,문화관광,레저스포츠시설
연천,2023,9,2023-09,51,경기도,연천군,스타스튜디오,86,연천 2023_09.csv,문화관광,기타문화관광지
연천,2023,9,2023-09,52,경기도,연천군,연천오일장,83,연천 2023_09.csv,쇼핑,시장
연천,2023,9,2023-09,53,경기도,연천군,연천고대산야구장,79,연천 2023_09.csv,문화관광,레저스포츠시설
연천,2023,9,2023-09,54,경기도,연천군,고랑포구,73,연천 2023_09.csv,자연관광,자연경관(하천/해양)
연천,2023,9,2023-09,55,경기도,연천군,연천국화전시회,71,연천 2023_09.csv,문화관광,기타문화관광지
연천,2023,9,2023-09,56,경기도,연천군,연천군 신서면 소목개마을,69,연천 2023_09.csv,문화관광,도시/지역문화관광
연천,2023,9,2023-09,57,경기도,연천군,연천로하스파크,68,연천 2023_09.csv,기타관광,기타관광
연천,2023,9,2023-09,58,경기도,연천군,아우라지베개용암탐방안내소,67,연천 2023_09.csv,기타관광,기타관광
연천,2023,9,2023-09,58,경기도,연천군,백학지낚시터,67,연천 2023_09.csv,레저스포츠,수상레저스포츠
연천,2023,9,2023-09,58,경기도,연천군,차탄천주상절리,67,연천 2023_09.csv,기타관광,기타관광
연천,2023,9,2023-09,61,경기도,연천군,두루미테마파크,66,연천 2023_09.csv,기타관광,기타관광
연천,2023,9,2023-09,62,경기도,연천군,정발장군묘,58,연천 2023_09.csv,역사관광,역사유적지
연천,2023,9,2023-09,63,경기도,연천군,백학낚시터,53,연천 2023_09.csv,레저스포츠,수상레저스포츠
연천,2023,9,2023-09,64,경기도,연천군,연강갤러리,50,연천 2023_09.csv,문화관광,전시시설
연천,2023,9,2023-09,65,경기도,연천군,상승전망대,49,연천 2023_09.csv,문화관광,랜드마크관광
연천,2023,9,2023-09,66,경기도,연천군,고대산,45,연천 2023_09.csv,자연관광,자연경관(산)
연천,2023,9,2023-09,67,경기도,연천군,한탄강역폐역,44,연천 2023_09.csv,기타관광,교통시설
연천,2023,9,2023-09,68,경기도,연천군,임진강주상절리카약,42,연천 2023_09.csv,레저스포츠,수상레저스포츠
연천,2023,9,2023-09,68,경기도,연천군,연천숭의전지,42,연천 2023_09.csv,역사관광,역사유적지
연천,2023,9,2023-09,70,경기도,연천군,모아베리교육농장,40,연천 2023_09.csv,체험관광,농/산/어촌체험
연천,2023,9,2023-09,71,경기도,연천군,역고드름,39,연천 2023_09.csv,기타관광,기타관광
연천,2023,9,2023-09,72,경기도,연천군,안일농장,38,연천 2023_09.csv,체험관광,농/산/어촌체험
연천,2023,9,2023-09,73,경기도,연천군,스튜디오330,37,연천 2023_09.csv,문화관광,기타문화관광지
연천,2023,9,2023-09,74,경기도,연천군,백의리층,35,연천 2023_09.csv,기타관광,기타관광
연천,2023,9,2023-09,75,경기도,연천군,선곡베이스볼파크,33,연천 2023_09.csv,문화관광,레저스포츠시설
연천,2023,9,2023-09,76,경기도,연천군,임진물새롬랜드,31,연천 2023_09.csv,문화관광,도시공원
연천,2023,9,2023-09,77,경기도,연천군,연천코스모스둘레길,28,연천 2023_09.csv,기타관광,기타관광
연천,2023,9,2023-09,78,경기도,연천군,전곡근린공원,21,연천 2023_09.csv,문화관광,도시공원
연천,2023,9,2023-09,79,경기도,연천군,연천전곡리유적방문자센터,20,연천 2023_09.csv,기타관광,기타관광
연천,2023,9,2023-09,80,경기도,연천군,은대근린공원,19,연천 2023_09.csv,문화관광,도시공원
연천,2023,9,2023-09,81,경기도,연천군,고인돌공원,18,연천 2023_09.csv,문화관광,도시공원
연천,2023,9,2023-09,81,경기도,연천군,한탄강물놀이장,18,연천 2023_09.csv,문화관광,테마공원
연천,2023,9,2023-09,83,경기도,연천군,조각가박시동미술관,17,연천 2023_09.csv,문화관광,전시시설
연천,2023,9,2023-09,83,경기도,연천군,석장리미술관조각공원,17,연천 2023_09.csv,문화관광,도시공원
연천,2023,9,2023-09,85,경기도,연천군,임진강평화습지원,16,연천 2023_09.csv,문화관광,도시공원
연천,2023,9,2023-09,85,경기도,연천군,능혜사,16,연천 2023_09.csv,역사관광,종교성지
연천,2023,9,2023-09,85,경기도,연천군,연천은대리성,16,연천 2023_09.csv,역사관광,역사유적지
연천,2023,9,2023-09,88,경기도,연천군,령신산기도도량,15,연천 2023_09.csv,역사관광,종교성지
연천,2023,9,2023-09,88,경기도,연천군,연천향교,15,연천 2023_09.csv,역사관광,역사유적지
연천,2023,9,2023-09,90,경기도,연천군,돌둥지유원지,14,연천 2023_09.csv,문화관광,복합관광시설
연천,2023,9,2023-09,90,경기도,연천군,아미사,14,연천 2023_09.csv,역사관광,종교성지
연천,2023,9,2023-09,92,경기도,연천군,애심목장,13,연천 2023_09.csv,체험관광,농/산/어촌체험
연천,2023,9,2023-09,93,경기도,연천군,필리핀군참전비,12,연천 2023_09.csv,역사관광,역사유물
연천,2023,9,2023-09,94,경기도,연천군,스튜디오 포시즌,11,연천 2023_09.csv,문화관광,기타문화관광지
연천,2023,9,2023-09,94,경기도,연천군,물바위유원지,11,연천 2023_09.csv,문화관광,복합관광시설
연천,2023,9,2023-09,94,경기도,연천군,대화사,11,연천 2023_09.csv,역사관광,종교성지
연천,2023,9,2023-09,97,경기도,연천군,임진강장어직판장,10,연천 2023_09.csv,체험관광,농/산/어촌체험
연천,2023,9,2023-09,97,경기도,연천군,박진장군묘,10,연천 2023_09.csv,역사관광,역사유적지
연천,2023,9,2023-09,97,경기도,연천군,연천유엔군화장장시설,10,연천 2023_09.csv,기타관광,기타관광
연천,2023,9,2023-09,97,경기도,연천군,자연그림터꽃나루,10,연천 2023_09.csv,문화관광,전시시설
연천,2023,9,2023-09,101,경기도,연천군,너나들이노리파크전곡점,9,연천 2023_09.csv,문화관광,테마공원
연천,2023,9,2023-09,101,경기도,연천군,기황후묘,9,연천 2023_09.csv,역사관광,역사유적지
연천,2023,9,2023-09,101,경기도,연천군,에이펙스트랙&라이딩스쿨,9,연천 2023_09.csv,레저스포츠,기타레저스포츠
연천,2023,9,2023-09,101,경기도,연천군,차탄천낚시터,9,연천 2023_09.csv,레저스포츠,수상레저스포츠
연천,2023,9,2023-09,105,경기도,연천군,임진강유원지,8,연천 2023_09.csv,문화관광,복합관광시설
연천,2023,9,2023-09,106,경기도,연천군,연천종합운동장인조구장,7,연천 2023_09.csv,문화관광,레저스포츠시설
연천,2023,9,2023-09,106,경기도,연천군,재인팜,7,연천 2023_09.csv,체험관광,농/산/어촌체험
연천,2023,9,2023-09,106,경기도,연천군,아름이목장,7,연천 2023_09.csv,체험관광,농/산/어촌체험
연천,2023,9,2023-09,106,경기도,연천군,서문크리스챤하우스,7,연천 2023_09.csv,레저스포츠,육상레저스포츠
연천,2023,9,2023-09,106,경기도,연천군,현정사,7,연천 2023_09.csv,역사관광,종교성지
연천,2023,9,2023-09,106,경기도,연천군,보국사,7,연천 2023_09.csv,역사관광,종교성지
연천,2023,9,2023-09,106,경기도,연천군,월성사,7,연천 2023_09.csv,역사관광,종교성지
연천,2023,9,2023-09,113,경기도,연천군,서연농장,6,연천 2023_09.csv,체험관광,농/산/어촌체험
연천,2023,9,2023-09,113,경기도,연천군,샘터유원지,6,연천 2023_09.csv,문화관광,복합관광시설
연천,2023,9,2023-09,113,경기도,연천군,백학5일장,6,연천 2023_09.csv,쇼핑,시장
연천,2023,9,2023-09,113,경기도,연천군,본원사,6,연천 2023_09.csv,역사관광,종교성지
연천,2023,9,2023-09,113,경기도,연천군,한탄강낚시터,6,연천 2023_09.csv,레저스포츠,수상레저스포츠
연천,2023,9,2023-09,113,경기도,연천군,북진약수터,6,연천 2023_09.csv,자연관광,자연경관(산)
연천,2023,9,2023-09,113,경기도,연천군,말턱고개약수터,6,연천 2023_09.csv,자연관광,자연경관(산)
연천,2023,9,2023-09,120,경기도,연천군,댕골농장,5,연천 2023_09.csv,체험관광,농/산/어촌체험
연천,2023,9,2023-09,120,경기도,연천군,군남자연청소년수련원,5,연천 2023_09.csv,레저스포츠,육상레저스포츠
연천,2023,9,2023-09,122,경기도,연천군,코리아승마클럽,4,연천 2023_09.csv,레저스포츠,육상레저스포츠
연천,2023,9,2023-09,122,경기도,연천군,법성사,4,연천 2023_09.csv,역사관광,종교성지
연천,2023,9,2023-09,122,경기도,연천군,연천삼곶리돌무지무덤,4,연천 2023_09.csv,역사관광,역사유적지
연천,2023,9,2023-09,122,경기도,연천군,고대정,4,연천 2023_09.csv,레저스포츠,육상레저스포츠
연천,2023,9,2023-09,122,경기도,연천군,다솔관광농원,4,연천 2023_09.csv,체험관광,농/산/어촌체험
연천,2023,9,2023-09,122,경기도,연천군,진각선원,4,연천 2023_09.csv,역사관광,종교성지
연천,2023,9,2023-09,122,경기도,연천군,연천군 미산면 삼화리2반,4,연천 2023_09.csv,문화관광,도시/지역문화관광
연천,2023,9,2023-09,129,경기도,연천군,차탄천 에움길,3,연천 2023_09.csv,레저스포츠,기타레저스포츠
연천,2023,9,2023-09,129,경기도,연천군,합수머리,3,연천 2023_09.csv,기타관광,기타관광
연천,2023,9,2023-09,129,경기도,연천군,태황사,3,연천 2023_09.csv,역사관광,종교성지
연천,2023,9,2023-09,129,경기도,연천군,연천학곡리고인돌,3,연천 2023_09.csv,역사관광,역사유적지
연천,2023,9,2023-09,129,경기도,연천군,능혜사,3,연천 2023_09.csv,역사관광,종교성지
연천,2023,9,2023-09,129,경기도,연천군,학소정,3,연천 2023_09.csv,레저스포츠,육상레저스포츠
연천,2023,9,2023-09,129,경기도,연천군,자라바위상회,3,연천 2023_09.csv,레저스포츠,기타레저스포츠
연천,2023,9,2023-09,129,경기도,연천군,화인베이스볼파크,3,연천 2023_09.csv,문화관광,레저스포츠시설
연천,2023,9,2023-09,129,경기도,연천군,종자산,3,연천 2023_09.csv,자연관광,자연경관(산)
연천,2023,9,2023-09,129,경기도,연천군,평화누리길12코스,3,연천 2023_09.csv,레저스포츠,기타레저스포츠
연천,2023,9,2023-09,129,경기도,연천군,심원사지,3,연천 2023_09.csv,역사관광,종교성지
연천,2023,9,2023-09,129,경기도,연천군,시골양봉농장,3,연천 2023_09.csv,체험관광,농/산/어촌체험
연천,2023,9,2023-09,129,경기도,연천군,연천군게이트볼장,3,연천 2023_09.csv,레저스포츠,기타레저스포츠
연천,2023,9,2023-09,129,경기도,연천군,연천학곡리적석총,3,연천 2023_09.csv,역사관광,역사유적지
연천,2023,9,2023-09,129,경기도,연천군,연천어린이공원,3,연천 2023_09.csv,문화관광,도시공원
연천,2023,10,2023-10,1,경기도,연천군,임진강댑싸리공원,18923,연천 2023_10.csv,문화관광,도시공원
연천,2023,10,2023-10,2,경기도,연천군,재인폭포,11936,연천 2023_10.csv,자연관광,자연경관(산)
연천,2023,10,2023-10,3,경기도,연천군,자유로CC,6151,연천 2023_10.csv,레저스포츠,육상레저스포츠
연천,2023,10,2023-10,4,경기도,연천군,전곡역,5631,연천 2023_10.csv,기타관광,교통시설
연천,2023,10,2023-10,5,경기도,연천군,연천호로고루,4610,연천 2023_10.csv,역사관광,역사유적지
연천,2023,10,2023-10,6,경기도,연천군,연천전곡리유적,3354,연천 2023_10.csv,역사관광,역사유적지
연천,2023,10,2023-10,7,경기도,연천군,연천당포성,2579,연천 2023_10.csv,역사관광,역사유적지
연천,2023,10,2023-10,8,경기도,연천군,연천국화전시회,2321,연천 2023_10.csv,문화관광,기타문화관광지
연천,2023,10,2023-10,9,경기도,연천군,전곡선사박물관,2074,연천 2023_10.csv,문화관광,전시시설
연천,2023,10,2023-10,10,경기도,연천군,태풍전망대,1496,연천 2023_10.csv,문화관광,랜드마크관광
연천,2023,10,2023-10,11,경기도,연천군,연천파크골프장,1443,연천 2023_10.csv,레저스포츠,육상레저스포츠
연천,2023,10,2023-10,12,경기도,연천군,연천역,1328,연천 2023_10.csv,기타관광,교통시설
연천,2023,10,2023-10,13,경기도,연천군,전곡터미널,1208,연천 2023_10.csv,기타관광,교통시설
연천,2023,10,2023-10,14,경기도,연천군,대광리역,1183,연천 2023_10.csv,기타관광,교통시설
연천,2023,10,2023-10,15,경기도,연천군,한탄강관광지,1150,연천 2023_10.csv,문화관광,복합관광시설
연천,2023,10,2023-10,16,경기도,연천군,전곡전통시장,1040,연천 2023_10.csv,쇼핑,시장
연천,2023,10,2023-10,17,경기도,연천군,연천경순왕릉,944,연천 2023_10.csv,역사관광,역사유적지
연천,2023,10,2023-10,18,경기도,연천군,고대산자연휴양림,901,연천 2023_10.csv,자연관광,자연공원
연천,2023,10,2023-10,19,경기도,연천군,임진강주상절리,846,연천 2023_10.csv,기타관광,기타관광
연천,2023,10,2023-10,20,경기도,연천군,백학저수지,755,연천 2023_10.csv,자연관광,자연경관(하천/해양)
연천,2023,10,2023-10,21,경기도,연천군,연천고랑포구역사공원,678,연천 2023_10.csv,문화관광,도시공원
연천,2023,10,2023-10,22,경기도,연천군,신망리역폐역,537,연천 2023_10.csv,기타관광,교통시설
연천,2023,10,2023-10,22,경기도,연천군,신탄리역,537,연천 2023_10.csv,기타관광,교통시설
연천,2023,10,2023-10,24,경기도,연천군,초성리역폐역,532,연천 2023_10.csv,기타관광,교통시설
연천,2023,10,2023-10,25,경기도,연천군,허브빌리지,506,연천 2023_10.csv,체험관광,농/산/어촌체험
연천,2023,10,2023-10,26,경기도,연천군,열쇠전망대,499,연천 2023_10.csv,문화관광,랜드마크관광
연천,2023,10,2023-10,27,경기도,연천군,동막골유황천,453,연천 2023_10.csv,체험관광,웰니스관광
연천,2023,10,2023-10,28,경기도,연천군,숭의전,413,연천 2023_10.csv,역사관광,종교성지
연천,2023,10,2023-10,29,경기도,연천군,재인폭포출렁다리,381,연천 2023_10.csv,기타관광,기타관광
연천,2023,10,2023-10,30,경기도,연천군,연천수레울아트홀,374,연천 2023_10.csv,문화관광,공연시설
연천,2023,10,2023-10,31,경기도,연천군,한탄강어린이교통랜드,366,연천 2023_10.csv,문화관광,도시공원
연천,2023,10,2023-10,32,경기도,연천군,스튜디오139,294,연천 2023_10.csv,문화관광,기타문화관광지
연천,2023,10,2023-10,33,경기도,연천군,전곡낚시터,278,연천 2023_10.csv,레저스포츠,수상레저스포츠
연천,2023,10,2023-10,34,경기도,연천군,그리팅맨,268,연천 2023_10.csv,역사관광,역사유물
연천,2023,10,2023-10,35,경기도,연천군,동막골유원지,240,연천 2023_10.csv,문화관광,복합관광시설
연천,2023,10,2023-10,36,경기도,연천군,연천장남통일바라기축제,237,연천 2023_10.csv,문화관광,기타문화관광지
연천,2023,10,2023-10,37,경기도,연천군,연천공영버스터미널,221,연천 2023_10.csv,기타관광,교통시설
연천,2023,10,2023-10,38,경기도,연천군,스튜디오330,198,연천 2023_10.csv,문화관광,기타문화관광지
연천,2023,10,2023-10,39,경기도,연천군,연천군청소년수련관,195,연천 2023_10.csv,레저스포츠,육상레저스포츠
연천,2023,10,2023-10,40,경기도,연천군,연천호로고루홍보관,187,연천 2023_10.csv,문화관광,전시시설
연천,2023,10,2023-10,41,경기도,연천군,스타스튜디오,184,연천 2023_10.csv,문화관광,기타문화관광지
연천,2023,10,2023-10,42,경기도,연천군,좌상바위,169,연천 2023_10.csv,기타관광,기타관광
연천,2023,10,2023-10,43,경기도,연천군,동막계곡,142,연천 2023_10.csv,자연관광,자연경관(산)
연천,2023,10,2023-10,44,경기도,연천군,연천승마공원,133,연천 2023_10.csv,레저스포츠,육상레저스포츠
연천,2023,10,2023-10,45,경기도,연천군,연천오일장,130,연천 2023_10.csv,쇼핑,시장
연천,2023,10,2023-10,46,경기도,연천군,삼화리낚시터,128,연천 2023_10.csv,레저스포츠,수상레저스포츠
연천,2023,10,2023-10,46,경기도,연천군,지오낚시터,128,연천 2023_10.csv,레저스포츠,수상레저스포츠
연천,2023,10,2023-10,48,경기도,연천군,수불사,119,연천 2023_10.csv,역사관광,종교성지
연천,2023,10,2023-10,49,경기도,연천군,연천군 신서면 소목개마을,112,연천 2023_10.csv,문화관광,도시/지역문화관광
연천,2023,10,2023-10,49,경기도,연천군,연천전곡리유적방문자센터,112,연천 2023_10.csv,기타관광,기타관광
연천,2023,10,2023-10,51,경기도,연천군,상승전망대,104,연천 2023_10.csv,문화관광,랜드마크관광
연천,2023,10,2023-10,52,경기도,연천군,두루미테마파크,103,연천 2023_10.csv,기타관광,기타관광
연천,2023,10,2023-10,52,경기도,연천군,유성미디어촬영소,103,연천 2023_10.csv,문화관광,기타문화관광지
연천,2023,10,2023-10,54,경기도,연천군,원심원사,101,연천 2023_10.csv,역사관광,종교성지
연천,2023,10,2023-10,55,경기도,연천군,열두개울계곡,93,연천 2023_10.csv,자연관광,자연경관(산)
연천,2023,10,2023-10,55,경기도,연천군,연강갤러리,93,연천 2023_10.csv,문화관광,전시시설
연천,2023,10,2023-10,57,경기도,연천군,선곡베이스볼파크,77,연천 2023_10.csv,문화관광,레저스포츠시설
연천,2023,10,2023-10,58,경기도,연천군,차탄천주상절리,73,연천 2023_10.csv,기타관광,기타관광
연천,2023,10,2023-10,59,경기도,연천군,한국수자원공사한탄강댐물문화관,72,연천 2023_10.csv,문화관광,전시시설
연천,2023,10,2023-10,60,경기도,연천군,들꽃가람농장,71,연천 2023_10.csv,체험관광,농/산/어촌체험
연천,2023,10,2023-10,61,경기도,연천군,연천고려인삼축제,69,연천 2023_10.csv,문화관광,기타문화관광지
연천,2023,10,2023-10,62,경기도,연천군,연천코스모스둘레길,62,연천 2023_10.csv,기타관광,기타관광
연천,2023,10,2023-10,63,경기도,연천군,고인돌공원,59,연천 2023_10.csv,문화관광,도시공원
연천,2023,10,2023-10,64,경기도,연천군,고랑포구,58,연천 2023_10.csv,자연관광,자연경관(하천/해양)
연천,2023,10,2023-10,65,경기도,연천군,고대산,56,연천 2023_10.csv,자연관광,자연경관(산)
연천,2023,10,2023-10,66,경기도,연천군,한탄강관광지축구장,52,연천 2023_10.csv,문화관광,레저스포츠시설
연천,2023,10,2023-10,67,경기도,연천군,연천로하스파크,50,연천 2023_10.csv,기타관광,기타관광
연천,2023,10,2023-10,68,경기도,연천군,임진강주상절리카약,49,연천 2023_10.csv,레저스포츠,수상레저스포츠
연천,2023,10,2023-10,69,경기도,연천군,백학낚시터,47,연천 2023_10.csv,레저스포츠,수상레저스포츠
연천,2023,10,2023-10,70,경기도,연천군,아우라지베개용암탐방안내소,46,연천 2023_10.csv,기타관광,기타관광
연천,2023,10,2023-10,70,경기도,연천군,연천숭의전지,46,연천 2023_10.csv,역사관광,역사유적지
연천,2023,10,2023-10,72,경기도,연천군,코리아승마클럽,45,연천 2023_10.csv,레저스포츠,육상레저스포츠
연천,2023,10,2023-10,72,경기도,연천군,한탄강역폐역,45,연천 2023_10.csv,기타관광,교통시설
연천,2023,10,2023-10,72,경기도,연천군,연천은대리성,45,연천 2023_10.csv,역사관광,역사유적지
연천,2023,10,2023-10,75,경기도,연천군,서문크리스챤하우스,44,연천 2023_10.csv,레저스포츠,육상레저스포츠
연천,2023,10,2023-10,76,경기도,연천군,임진강평화습지원,38,연천 2023_10.csv,문화관광,도시공원
연천,2023,10,2023-10,77,경기도,연천군,대화사,35,연천 2023_10.csv,역사관광,종교성지
연천,2023,10,2023-10,78,경기도,연천군,백학지낚시터,30,연천 2023_10.csv,레저스포츠,수상레저스포츠
연천,2023,10,2023-10,79,경기도,연천군,전곡근린공원,29,연천 2023_10.csv,문화관광,도시공원
연천,2023,10,2023-10,80,경기도,연천군,종자와시인 박물관,28,연천 2023_10.csv,문화관광,전시시설
연천,2023,10,2023-10,81,경기도,연천군,한탄강물놀이장,25,연천 2023_10.csv,문화관광,테마공원
연천,2023,10,2023-10,82,경기도,연천군,임진물새롬랜드,24,연천 2023_10.csv,문화관광,도시공원
연천,2023,10,2023-10,83,경기도,연천군,호국육화사,23,연천 2023_10.csv,역사관광,종교성지
연천,2023,10,2023-10,84,경기도,연천군,정발장군묘,21,연천 2023_10.csv,역사관광,역사유적지
연천,2023,10,2023-10,85,경기도,연천군,2023경기도우수시장박람회(2023년10월20~2023년10월22일),20,연천 2023_10.csv,문화관광,기타문화관광지
연천,2023,10,2023-10,86,경기도,연천군,연천종합운동장인조구장,18,연천 2023_10.csv,문화관광,레저스포츠시설
연천,2023,10,2023-10,86,경기도,연천군,연천향교,18,연천 2023_10.csv,역사관광,역사유적지
연천,2023,10,2023-10,86,경기도,연천군,안일농장,18,연천 2023_10.csv,체험관광,농/산/어촌체험
연천,2023,10,2023-10,89,경기도,연천군,조각가박시동미술관,16,연천 2023_10.csv,문화관광,전시시설
연천,2023,10,2023-10,90,경기도,연천군,역고드름,15,연천 2023_10.csv,기타관광,기타관광
연천,2023,10,2023-10,91,경기도,연천군,령신산기도도량,14,연천 2023_10.csv,역사관광,종교성지
연천,2023,10,2023-10,91,경기도,연천군,모아베리교육농장,14,연천 2023_10.csv,체험관광,농/산/어촌체험
연천,2023,10,2023-10,93,경기도,연천군,차탄천 에움길,13,연천 2023_10.csv,레저스포츠,기타레저스포츠
연천,2023,10,2023-10,94,경기도,연천군,백의리층,12,연천 2023_10.csv,기타관광,기타관광
연천,2023,10,2023-10,94,경기도,연천군,자방키사과농원,12,연천 2023_10.csv,체험관광,농/산/어촌체험
연천,2023,10,2023-10,96,경기도,연천군,임진강유원지,11,연천 2023_10.csv,문화관광,복합관광시설
연천,2023,10,2023-10,97,경기도,연천군,은대리판상절리,10,연천 2023_10.csv,기타관광,기타관광
연천,2023,10,2023-10,98,경기도,연천군,에이펙스트랙&라이딩스쿨,9,연천 2023_10.csv,레저스포츠,기타레저스포츠
연천,2023,10,2023-10,98,경기도,연천군,석장리미술관조각공원,9,연천 2023_10.csv,문화관광,도시공원
연천,2023,10,2023-10,98,경기도,연천군,아미타사,9,연천 2023_10.csv,역사관광,종교성지
연천,2023,10,2023-10,101,경기도,연천군,서연농장,8,연천 2023_10.csv,체험관광,농/산/어촌체험
연천,2023,10,2023-10,101,경기도,연천군,애심목장,8,연천 2023_10.csv,체험관광,농/산/어촌체험
연천,2023,10,2023-10,101,경기도,연천군,평화누리길11코스,8,연천 2023_10.csv,레저스포츠,기타레저스포츠
연천,2023,10,2023-10,101,경기도,연천군,보국사,8,연천 2023_10.csv,역사관광,종교성지
연천,2023,10,2023-10,105,경기도,연천군,은대근린공원,7,연천 2023_10.csv,문화관광,도시공원
연천,2023,10,2023-10,105,경기도,연천군,돌둥지유원지,7,연천 2023_10.csv,문화관광,복합관광시설
연천,2023,10,2023-10,105,경기도,연천군,호병목장,7,연천 2023_10.csv,체험관광,농/산/어촌체험
연천,2023,10,2023-10,105,경기도,연천군,연천역급수탑,7,연천 2023_10.csv,역사관광,역사유적지
연천,2023,10,2023-10,109,경기도,연천군,유환농장,6,연천 2023_10.csv,체험관광,농/산/어촌체험
연천,2023,10,2023-10,109,경기도,연천군,태황사,6,연천 2023_10.csv,역사관광,종교성지
연천,2023,10,2023-10,109,경기도,연천군,토층전시관,6,연천 2023_10.csv,문화관광,전시시설
연천,2023,10,2023-10,109,경기도,연천군,아미사,6,연천 2023_10.csv,역사관광,종교성지
연천,2023,10,2023-10,109,경기도,연천군,평화누리길12코스,6,연천 2023_10.csv,레저스포츠,기타레저스포츠
연천,2023,10,2023-10,109,경기도,연천군,사랑이네농원,6,연천 2023_10.csv,체험관광,농/산/어촌체험
연천,2023,10,2023-10,115,경기도,연천군,능혜사,5,연천 2023_10.csv,역사관광,종교성지
연천,2023,10,2023-10,116,경기도,연천군,개안마루전망대,4,연천 2023_10.csv,문화관광,랜드마크관광
연천,2023,10,2023-10,116,경기도,연천군,양원낚시공원가든,4,연천 2023_10.csv,레저스포츠,수상레저스포츠
연천,2023,10,2023-10,116,경기도,연천군,종자산,4,연천 2023_10.csv,자연관광,자연경관(산)
연천,2023,10,2023-10,116,경기도,연천군,옹달샘농원,4,연천 2023_10.csv,체험관광,농/산/어촌체험
연천,2023,10,2023-10,116,경기도,연천군,말턱고개약수터,4,연천 2023_10.csv,자연관광,자연경관(산)
연천,2023,10,2023-10,121,경기도,연천군,홍이뜰농장,3,연천 2023_10.csv,체험관광,농/산/어촌체험
연천,2023,10,2023-10,121,경기도,연천군,댕골농장,3,연천 2023_10.csv,체험관광,농/산/어촌체험
연천,2023,10,2023-10,121,경기도,연천군,기황후묘,3,연천 2023_10.csv,역사관광,역사유적지
연천,2023,10,2023-10,121,경기도,연천군,내리사과농원,3,연천 2023_10.csv,체험관광,농/산/어촌체험
연천,2023,10,2023-10,121,경기도,연천군,연천삼곶리돌무지무덤,3,연천 2023_10.csv,역사관광,역사유적지
연천,2023,10,2023-10,121,경기도,연천군,연천학곡리고인돌,3,연천 2023_10.csv,역사관광,역사유적지
연천,2023,10,2023-10,121,경기도,연천군,본원사,3,연천 2023_10.csv,역사관광,종교성지
연천,2023,10,2023-10,121,경기도,연천군,연천유엔군화장장시설,3,연천 2023_10.csv,기타관광,기타관광
연천,2023,10,2023-10,121,경기도,연천군,드라마미술전시장,3,연천 2023_10.csv,기타관광,기타관광
연천,2023,10,2023-10,121,경기도,연천군,차탄천낚시터,3,연천 2023_10.csv,레저스포츠,수상레저스포츠
연천,2023,10,2023-10,121,경기도,연천군,현정사,3,연천 2023_10.csv,역사관광,종교성지
연천,2023,10,2023-10,121,경기도,연천군,역사문화촌,3,연천 2023_10.csv,기타관광,기타관광
연천,2023,10,2023-10,121,경기도,연천군,검성골,3,연천 2023_10.csv,자연관광,자연경관(산)
연천,2023,10,2023-10,121,경기도,연천군,임진강자연농장,3,연천 2023_10.csv,체험관광,농/산/어촌체험
연천,2023,10,2023-10,121,경기도,연천군,연천학곡리적석총,3,연천 2023_10.csv,역사관광,역사유적지
연천,2023,10,2023-10,121,경기도,연천군,자연그림터꽃나루,3,연천 2023_10.csv,문화관광,전시시설
연천,2023,10,2023-10,121,경기도,연천군,연천군 미산면 삼화리3반,3,연천 2023_10.csv,문화관광,도시/지역문화관광
연천,2023,11,2023-11,1,경기도,연천군,자유로CC,5047,연천 2023_11.csv,레저스포츠,육상레저스포츠
연천,2023,11,2023-11,2,경기도,연천군,전곡역,4870,연천 2023_11.csv,기타관광,교통시설
연천,2023,11,2023-11,3,경기도,연천군,재인폭포,2659,연천 2023_11.csv,자연관광,자연경관(산)
연천,2023,11,2023-11,4,경기도,연천군,임진강댑싸리공원,1347,연천 2023_11.csv,문화관광,도시공원
연천,2023,11,2023-11,5,경기도,연천군,연천당포성,1318,연천 2023_11.csv,역사관광,역사유적지
연천,2023,11,2023-11,6,경기도,연천군,연천역,1315,연천 2023_11.csv,기타관광,교통시설
연천,2023,11,2023-11,7,경기도,연천군,대광리역,1249,연천 2023_11.csv,기타관광,교통시설
연천,2023,11,2023-11,8,경기도,연천군,전곡터미널,1083,연천 2023_11.csv,기타관광,교통시설
연천,2023,11,2023-11,9,경기도,연천군,연천전곡리유적,1014,연천 2023_11.csv,역사관광,역사유적지
연천,2023,11,2023-11,10,경기도,연천군,전곡선사박물관,974,연천 2023_11.csv,문화관광,전시시설
연천,2023,11,2023-11,11,경기도,연천군,연천파크골프장,764,연천 2023_11.csv,레저스포츠,육상레저스포츠
연천,2023,11,2023-11,12,경기도,연천군,연천호로고루,743,연천 2023_11.csv,역사관광,역사유적지
연천,2023,11,2023-11,13,경기도,연천군,전곡전통시장,719,연천 2023_11.csv,쇼핑,시장
연천,2023,11,2023-11,14,경기도,연천군,연천고랑포구역사공원,613,연천 2023_11.csv,문화관광,도시공원
연천,2023,11,2023-11,15,경기도,연천군,고대산자연휴양림,596,연천 2023_11.csv,자연관광,자연공원
연천,2023,11,2023-11,16,경기도,연천군,태풍전망대,538,연천 2023_11.csv,문화관광,랜드마크관광
연천,2023,11,2023-11,17,경기도,연천군,초성리역폐역,520,연천 2023_11.csv,기타관광,교통시설
연천,2023,11,2023-11,18,경기도,연천군,스튜디오139,519,연천 2023_11.csv,문화관광,기타문화관광지
연천,2023,11,2023-11,19,경기도,연천군,연천경순왕릉,514,연천 2023_11.csv,역사관광,역사유적지
연천,2023,11,2023-11,20,경기도,연천군,동막골유황천,469,연천 2023_11.csv,체험관광,웰니스관광
연천,2023,11,2023-11,21,경기도,연천군,한탄강관광지,431,연천 2023_11.csv,문화관광,복합관광시설
연천,2023,11,2023-11,22,경기도,연천군,백학저수지,430,연천 2023_11.csv,자연관광,자연경관(하천/해양)
연천,2023,11,2023-11,23,경기도,연천군,신망리역폐역,422,연천 2023_11.csv,기타관광,교통시설
연천,2023,11,2023-11,24,경기도,연천군,연천수레울아트홀,418,연천 2023_11.csv,문화관광,공연시설
연천,2023,11,2023-11,25,경기도,연천군,열쇠전망대,408,연천 2023_11.csv,문화관광,랜드마크관광
연천,2023,11,2023-11,26,경기도,연천군,전곡낚시터,367,연천 2023_11.csv,레저스포츠,수상레저스포츠
연천,2023,11,2023-11,27,경기도,연천군,신탄리역,357,연천 2023_11.csv,기타관광,교통시설
연천,2023,11,2023-11,28,경기도,연천군,연천율무축제,342,연천 2023_11.csv,문화관광,기타문화관광지
연천,2023,11,2023-11,29,경기도,연천군,연천고대산야구장,331,연천 2023_11.csv,문화관광,레저스포츠시설
연천,2023,11,2023-11,30,경기도,연천군,임진강주상절리,296,연천 2023_11.csv,기타관광,기타관광
연천,2023,11,2023-11,31,경기도,연천군,숭의전,223,연천 2023_11.csv,역사관광,종교성지
연천,2023,11,2023-11,32,경기도,연천군,수불사,218,연천 2023_11.csv,역사관광,종교성지
연천,2023,11,2023-11,33,경기도,연천군,한탄강어린이교통랜드,189,연천 2023_11.csv,문화관광,도시공원
연천,2023,11,2023-11,34,경기도,연천군,스튜디오330,186,연천 2023_11.csv,문화관광,기타문화관광지
연천,2023,11,2023-11,34,경기도,연천군,스타스튜디오,186,연천 2023_11.csv,문화관광,기타문화관광지
연천,2023,11,2023-11,36,경기도,연천군,연천공영버스터미널,179,연천 2023_11.csv,기타관광,교통시설
연천,2023,11,2023-11,37,경기도,연천군,허브빌리지,172,연천 2023_11.csv,체험관광,농/산/어촌체험
연천,2023,11,2023-11,38,경기도,연천군,지오낚시터,152,연천 2023_11.csv,레저스포츠,수상레저스포츠
연천,2023,11,2023-11,39,경기도,연천군,연천군청소년수련관,148,연천 2023_11.csv,레저스포츠,육상레저스포츠
연천,2023,11,2023-11,40,경기도,연천군,연천국화전시회,124,연천 2023_11.csv,문화관광,기타문화관광지
연천,2023,11,2023-11,41,경기도,연천군,동막골유원지,122,연천 2023_11.csv,문화관광,복합관광시설
연천,2023,11,2023-11,42,경기도,연천군,유성미디어촬영소,110,연천 2023_11.csv,문화관광,기타문화관광지
연천,2023,11,2023-11,43,경기도,연천군,연천승마공원,109,연천 2023_11.csv,레저스포츠,육상레저스포츠
연천,2023,11,2023-11,44,경기도,연천군,연천군 신서면 소목개마을,100,연천 2023_11.csv,문화관광,도시/지역문화관광
연천,2023,11,2023-11,45,경기도,연천군,재인폭포출렁다리,73,연천 2023_11.csv,기타관광,기타관광
연천,2023,11,2023-11,46,경기도,연천군,연강갤러리,68,연천 2023_11.csv,문화관광,전시시설
연천,2023,11,2023-11,47,경기도,연천군,연천오일장,63,연천 2023_11.csv,쇼핑,시장
연천,2023,11,2023-11,48,경기도,연천군,그리팅맨,61,연천 2023_11.csv,역사관광,역사유물
연천,2023,11,2023-11,49,경기도,연천군,삼화리낚시터,59,연천 2023_11.csv,레저스포츠,수상레저스포츠
연천,2023,11,2023-11,50,경기도,연천군,좌상바위,45,연천 2023_11.csv,기타관광,기타관광
연천,2023,11,2023-11,50,경기도,연천군,상승전망대,45,연천 2023_11.csv,문화관광,랜드마크관광
연천,2023,11,2023-11,52,경기도,연천군,한국수자원공사한탄강댐물문화관,43,연천 2023_11.csv,문화관광,전시시설
연천,2023,11,2023-11,53,경기도,연천군,들꽃가람농장,41,연천 2023_11.csv,체험관광,농/산/어촌체험
연천,2023,11,2023-11,54,경기도,연천군,한탄강관광지축구장,40,연천 2023_11.csv,문화관광,레저스포츠시설
연천,2023,11,2023-11,55,경기도,연천군,두루미테마파크,39,연천 2023_11.csv,기타관광,기타관광
연천,2023,11,2023-11,56,경기도,연천군,고대산,35,연천 2023_11.csv,자연관광,자연경관(산)
연천,2023,11,2023-11,57,경기도,연천군,원심원사,34,연천 2023_11.csv,역사관광,종교성지
연천,2023,11,2023-11,58,경기도,연천군,열두개울계곡,31,연천 2023_11.csv,자연관광,자연경관(산)
연천,2023,11,2023-11,59,경기도,연천군,동막계곡,29,연천 2023_11.csv,자연관광,자연경관(산)
연천,2023,11,2023-11,60,경기도,연천군,아우라지베개용암탐방안내소,26,연천 2023_11.csv,기타관광,기타관광
연천,2023,11,2023-11,61,경기도,연천군,연천전곡리유적방문자센터,25,연천 2023_11.csv,기타관광,기타관광
연천,2023,11,2023-11,62,경기도,연천군,안일농장,23,연천 2023_11.csv,체험관광,농/산/어촌체험
연천,2023,11,2023-11,63,경기도,연천군,한탄강역폐역,21,연천 2023_11.csv,기타관광,교통시설
연천,2023,11,2023-11,64,경기도,연천군,고랑포구,20,연천 2023_11.csv,자연관광,자연경관(하천/해양)
연천,2023,11,2023-11,65,경기도,연천군,자방키사과농원,19,연천 2023_11.csv,체험관광,농/산/어촌체험
연천,2023,11,2023-11,65,경기도,연천군,역고드름,19,연천 2023_11.csv,기타관광,기타관광
연천,2023,11,2023-11,67,경기도,연천군,연천은대리성,17,연천 2023_11.csv,역사관광,역사유적지
연천,2023,11,2023-11,68,경기도,연천군,스튜디오 포시즌,16,연천 2023_11.csv,문화관광,기타문화관광지
연천,2023,11,2023-11,69,경기도,연천군,애심목장,15,연천 2023_11.csv,체험관광,농/산/어촌체험
연천,2023,11,2023-11,69,경기도,연천군,대화사,15,연천 2023_11.csv,역사관광,종교성지
연천,2023,11,2023-11,71,경기도,연천군,코리아승마클럽,13,연천 2023_11.csv,레저스포츠,육상레저스포츠
연천,2023,11,2023-11,71,경기도,연천군,전곡근린공원,13,연천 2023_11.csv,문화관광,도시공원
연천,2023,11,2023-11,71,경기도,연천군,연천호로고루홍보관,13,연천 2023_11.csv,문화관광,전시시설
연천,2023,11,2023-11,71,경기도,연천군,연천유엔군화장장시설,13,연천 2023_11.csv,기타관광,기타관광
연천,2023,11,2023-11,71,경기도,연천군,연천로하스파크,13,연천 2023_11.csv,기타관광,기타관광
연천,2023,11,2023-11,76,경기도,연천군,임진강주상절리카약,12,연천 2023_11.csv,레저스포츠,수상레저스포츠
연천,2023,11,2023-11,76,경기도,연천군,조각가박시동미술관,12,연천 2023_11.csv,문화관광,전시시설
연천,2023,11,2023-11,78,경기도,연천군,은대근린공원,11,연천 2023_11.csv,문화관광,도시공원
연천,2023,11,2023-11,78,경기도,연천군,아미타사,11,연천 2023_11.csv,역사관광,종교성지
연천,2023,11,2023-11,80,경기도,연천군,백학지낚시터,10,연천 2023_11.csv,레저스포츠,수상레저스포츠
연천,2023,11,2023-11,80,경기도,연천군,정발장군묘,10,연천 2023_11.csv,역사관광,역사유적지
연천,2023,11,2023-11,82,경기도,연천군,돌둥지유원지,9,연천 2023_11.csv,문화관광,복합관광시설
연천,2023,11,2023-11,82,경기도,연천군,선곡베이스볼파크,9,연천 2023_11.csv,문화관광,레저스포츠시설
연천,2023,11,2023-11,82,경기도,연천군,연천숭의전지,9,연천 2023_11.csv,역사관광,역사유적지
연천,2023,11,2023-11,85,경기도,연천군,현정사,8,연천 2023_11.csv,역사관광,종교성지
연천,2023,11,2023-11,85,경기도,연천군,차탄천주상절리,8,연천 2023_11.csv,기타관광,기타관광
연천,2023,11,2023-11,87,경기도,연천군,망곡산둘레길,7,연천 2023_11.csv,기타관광,기타관광
연천,2023,11,2023-11,87,경기도,연천군,령신산기도도량,7,연천 2023_11.csv,역사관광,종교성지
연천,2023,11,2023-11,87,경기도,연천군,모아베리교육농장,7,연천 2023_11.csv,체험관광,농/산/어촌체험
연천,2023,11,2023-11,87,경기도,연천군,한탄강물놀이장,7,연천 2023_11.csv,문화관광,테마공원
연천,2023,11,2023-11,87,경기도,연천군,임진강평화습지원,7,연천 2023_11.csv,문화관광,도시공원
연천,2023,11,2023-11,92,경기도,연천군,태황사,6,연천 2023_11.csv,역사관광,종교성지
연천,2023,11,2023-11,92,경기도,연천군,연천역급수탑,6,연천 2023_11.csv,역사관광,역사유적지
연천,2023,11,2023-11,94,경기도,연천군,너나들이노리파크전곡점,5,연천 2023_11.csv,문화관광,테마공원
연천,2023,11,2023-11,94,경기도,연천군,연천종합운동장인조구장,5,연천 2023_11.csv,문화관광,레저스포츠시설
연천,2023,11,2023-11,94,경기도,연천군,석장리미술관조각공원,5,연천 2023_11.csv,문화관광,도시공원
연천,2023,11,2023-11,94,경기도,연천군,백학낚시터,5,연천 2023_11.csv,레저스포츠,수상레저스포츠
연천,2023,11,2023-11,98,경기도,연천군,고인돌공원,4,연천 2023_11.csv,문화관광,도시공원
연천,2023,11,2023-11,98,경기도,연천군,임진물새롬랜드,4,연천 2023_11.csv,문화관광,도시공원
연천,2023,11,2023-11,98,경기도,연천군,본원사,4,연천 2023_11.csv,역사관광,종교성지
연천,2023,11,2023-11,101,경기도,연천군,백의리층,3,연천 2023_11.csv,기타관광,기타관광
연천,2023,11,2023-11,101,경기도,연천군,유환농장,3,연천 2023_11.csv,체험관광,농/산/어촌체험
연천,2023,11,2023-11,101,경기도,연천군,종자와시인 박물관,3,연천 2023_11.csv,문화관광,전시시설
연천,2023,11,2023-11,101,경기도,연천군,법성사,3,연천 2023_11.csv,역사관광,종교성지
연천,2023,11,2023-11,101,경기도,연천군,백학역사박물관,3,연천 2023_11.csv,문화관광,전시시설
연천,2023,11,2023-11,101,경기도,연천군,재인팜,3,연천 2023_11.csv,체험관광,농/산/어촌체험
연천,2023,11,2023-11,101,경기도,연천군,에이펙스트랙&라이딩스쿨,3,연천 2023_11.csv,레저스포츠,기타레저스포츠
연천,2023,11,2023-11,101,경기도,연천군,연천학곡리고인돌,3,연천 2023_11.csv,역사관광,역사유적지
연천,2023,11,2023-11,101,경기도,연천군,임진강장어직판장,3,연천 2023_11.csv,체험관광,농/산/어촌체험
연천,2023,11,2023-11,101,경기도,연천군,양원낚시공원가든,3,연천 2023_11.csv,레저스포츠,수상레저스포츠
연천,2023,11,2023-11,101,경기도,연천군,능혜사,3,연천 2023_11.csv,역사관광,종교성지
연천,2023,11,2023-11,101,경기도,연천군,심원사지,3,연천 2023_11.csv,역사관광,종교성지
연천,2023,11,2023-11,101,경기도,연천군,사랑이네농원,3,연천 2023_11.csv,체험관광,농/산/어촌체험
연천,2023,11,2023-11,101,경기도,연천군,별향기농원,3,연천 2023_11.csv,체험관광,농/산/어촌체험
연천,2023,12,2023-12,1,경기도,연천군,전곡역,5204,연천 2023_12.csv,기타관광,교통시설
연천,2023,12,2023-12,2,경기도,연천군,자유로CC,1998,연천 2023_12.csv,레저스포츠,육상레저스포츠
연천,2023,12,2023-12,3,경기도,연천군,연천역,1965,연천 2023_12.csv,기타관광,교통시설
연천,2023,12,2023-12,4,경기도,연천군,재인폭포,1568,연천 2023_12.csv,자연관광,자연경관(산)
연천,2023,12,2023-12,5,경기도,연천군,대광리역,1000,연천 2023_12.csv,기타관광,교통시설
연천,2023,12,2023-12,6,경기도,연천군,전곡터미널,978,연천 2023_12.csv,기타관광,교통시설
연천,2023,12,2023-12,7,경기도,연천군,연천당포성,877,연천 2023_12.csv,역사관광,역사유적지
연천,2023,12,2023-12,8,경기도,연천군,연천파크골프장,771,연천 2023_12.csv,레저스포츠,육상레저스포츠
연천,2023,12,2023-12,9,경기도,연천군,전곡선사박물관,743,연천 2023_12.csv,문화관광,전시시설
연천,2023,12,2023-12,10,경기도,연천군,동막골유황천,663,연천 2023_12.csv,체험관광,웰니스관광
연천,2023,12,2023-12,11,경기도,연천군,전곡전통시장,621,연천 2023_12.csv,쇼핑,시장
연천,2023,12,2023-12,12,경기도,연천군,고대산자연휴양림,561,연천 2023_12.csv,자연관광,자연공원
연천,2023,12,2023-12,13,경기도,연천군,연천수레울아트홀,530,연천 2023_12.csv,문화관광,공연시설
연천,2023,12,2023-12,14,경기도,연천군,연천고랑포구역사공원,528,연천 2023_12.csv,문화관광,도시공원
연천,2023,12,2023-12,15,경기도,연천군,초성리역폐역,510,연천 2023_12.csv,기타관광,교통시설
연천,2023,12,2023-12,16,경기도,연천군,연천호로고루,487,연천 2023_12.csv,역사관광,역사유적지
연천,2023,12,2023-12,17,경기도,연천군,열쇠전망대,403,연천 2023_12.csv,문화관광,랜드마크관광
연천,2023,12,2023-12,18,경기도,연천군,신망리역폐역,364,연천 2023_12.csv,기타관광,교통시설
연천,2023,12,2023-12,19,경기도,연천군,신탄리역,346,연천 2023_12.csv,기타관광,교통시설
연천,2023,12,2023-12,20,경기도,연천군,연천경순왕릉,341,연천 2023_12.csv,역사관광,역사유적지
연천,2023,12,2023-12,21,경기도,연천군,한탄강관광지,339,연천 2023_12.csv,문화관광,복합관광시설
연천,2023,12,2023-12,22,경기도,연천군,태풍전망대,330,연천 2023_12.csv,문화관광,랜드마크관광
연천,2023,12,2023-12,23,경기도,연천군,백학저수지,311,연천 2023_12.csv,자연관광,자연경관(하천/해양)
연천,2023,12,2023-12,24,경기도,연천군,연천전곡리유적,304,연천 2023_12.csv,역사관광,역사유적지
연천,2023,12,2023-12,25,경기도,연천군,전곡낚시터,258,연천 2023_12.csv,레저스포츠,수상레저스포츠
연천,2023,12,2023-12,26,경기도,연천군,스튜디오330,228,연천 2023_12.csv,문화관광,기타문화관광지
연천,2023,12,2023-12,27,경기도,연천군,스타스튜디오,214,연천 2023_12.csv,문화관광,기타문화관광지
연천,2023,12,2023-12,28,경기도,연천군,임진강댑싸리공원,188,연천 2023_12.csv,문화관광,도시공원
연천,2023,12,2023-12,29,경기도,연천군,임진강주상절리,180,연천 2023_12.csv,기타관광,기타관광
연천,2023,12,2023-12,30,경기도,연천군,수불사,172,연천 2023_12.csv,역사관광,종교성지
연천,2023,12,2023-12,31,경기도,연천군,유성미디어촬영소,166,연천 2023_12.csv,문화관광,기타문화관광지
연천,2023,12,2023-12,32,경기도,연천군,연천공영버스터미널,161,연천 2023_12.csv,기타관광,교통시설
연천,2023,12,2023-12,33,경기도,연천군,연천군청소년수련관,156,연천 2023_12.csv,레저스포츠,육상레저스포츠
연천,2023,12,2023-12,34,경기도,연천군,역고드름,142,연천 2023_12.csv,기타관광,기타관광
연천,2023,12,2023-12,35,경기도,연천군,한탄강어린이교통랜드,136,연천 2023_12.csv,문화관광,도시공원
연천,2023,12,2023-12,36,경기도,연천군,허브빌리지,128,연천 2023_12.csv,체험관광,농/산/어촌체험
연천,2023,12,2023-12,37,경기도,연천군,숭의전,124,연천 2023_12.csv,역사관광,종교성지
연천,2023,12,2023-12,38,경기도,연천군,스튜디오139,107,연천 2023_12.csv,문화관광,기타문화관광지
연천,2023,12,2023-12,39,경기도,연천군,동막골유원지,101,연천 2023_12.csv,문화관광,복합관광시설
연천,2023,12,2023-12,40,경기도,연천군,연천군 신서면 소목개마을,89,연천 2023_12.csv,문화관광,도시/지역문화관광
연천,2023,12,2023-12,41,경기도,연천군,들꽃가람농장,68,연천 2023_12.csv,체험관광,농/산/어촌체험
연천,2023,12,2023-12,42,경기도,연천군,연천승마공원,53,연천 2023_12.csv,레저스포츠,육상레저스포츠
연천,2023,12,2023-12,43,경기도,연천군,상승전망대,50,연천 2023_12.csv,문화관광,랜드마크관광
연천,2023,12,2023-12,44,경기도,연천군,재인폭포출렁다리,46,연천 2023_12.csv,기타관광,기타관광
연천,2023,12,2023-12,44,경기도,연천군,그리팅맨,46,연천 2023_12.csv,역사관광,역사유물
연천,2023,12,2023-12,46,경기도,연천군,스튜디오 포시즌,45,연천 2023_12.csv,문화관광,기타문화관광지
연천,2023,12,2023-12,47,경기도,연천군,한탄강관광지축구장,44,연천 2023_12.csv,문화관광,레저스포츠시설
연천,2023,12,2023-12,48,경기도,연천군,두루미테마파크,34,연천 2023_12.csv,기타관광,기타관광
연천,2023,12,2023-12,49,경기도,연천군,모아베리교육농장,29,연천 2023_12.csv,체험관광,농/산/어촌체험
연천,2023,12,2023-12,49,경기도,연천군,연천오일장,29,연천 2023_12.csv,쇼핑,시장
연천,2023,12,2023-12,51,경기도,연천군,원심원사,27,연천 2023_12.csv,역사관광,종교성지
연천,2023,12,2023-12,51,경기도,연천군,고대산,27,연천 2023_12.csv,자연관광,자연경관(산)
연천,2023,12,2023-12,53,경기도,연천군,고랑포구,26,연천 2023_12.csv,자연관광,자연경관(하천/해양)
연천,2023,12,2023-12,53,경기도,연천군,대화사,26,연천 2023_12.csv,역사관광,종교성지
연천,2023,12,2023-12,55,경기도,연천군,연천호로고루홍보관,24,연천 2023_12.csv,문화관광,전시시설
연천,2023,12,2023-12,56,경기도,연천군,태황사,23,연천 2023_12.csv,역사관광,종교성지
연천,2023,12,2023-12,57,경기도,연천군,삼화리낚시터,22,연천 2023_12.csv,레저스포츠,수상레저스포츠
연천,2023,12,2023-12,58,경기도,연천군,전곡근린공원,21,연천 2023_12.csv,문화관광,도시공원
연천,2023,12,2023-12,59,경기도,연천군,동막계곡,17,연천 2023_12.csv,자연관광,자연경관(산)
연천,2023,12,2023-12,60,경기도,연천군,연강갤러리,16,연천 2023_12.csv,문화관광,전시시설
연천,2023,12,2023-12,61,경기도,연천군,열두개울계곡,14,연천 2023_12.csv,자연관광,자연경관(산)
연천,2023,12,2023-12,62,경기도,연천군,안일농장,13,연천 2023_12.csv,체험관광,농/산/어촌체험
연천,2023,12,2023-12,62,경기도,연천군,한탄강역폐역,13,연천 2023_12.csv,기타관광,교통시설
연천,2023,12,2023-12,64,경기도,연천군,백학지낚시터,12,연천 2023_12.csv,레저스포츠,수상레저스포츠
연천,2023,12,2023-12,64,경기도,연천군,능혜사,12,연천 2023_12.csv,역사관광,종교성지
연천,2023,12,2023-12,64,경기도,연천군,사랑이네농원,12,연천 2023_12.csv,체험관광,농/산/어촌체험
연천,2023,12,2023-12,67,경기도,연천군,코리아승마클럽,8,연천 2023_12.csv,레저스포츠,육상레저스포츠
연천,2023,12,2023-12,67,경기도,연천군,좌상바위,8,연천 2023_12.csv,기타관광,기타관광
연천,2023,12,2023-12,67,경기도,연천군,고인돌공원,8,연천 2023_12.csv,문화관광,도시공원
연천,2023,12,2023-12,67,경기도,연천군,연천전곡리유적방문자센터,8,연천 2023_12.csv,기타관광,기타관광
연천,2023,12,2023-12,71,경기도,연천군,백학낚시터,7,연천 2023_12.csv,레저스포츠,수상레저스포츠
연천,2023,12,2023-12,72,경기도,연천군,아미타사,6,연천 2023_12.csv,역사관광,종교성지
연천,2023,12,2023-12,72,경기도,연천군,학소정,6,연천 2023_12.csv,레저스포츠,육상레저스포츠
연천,2023,12,2023-12,72,경기도,연천군,령신산기도도량,6,연천 2023_12.csv,역사관광,종교성지
연천,2023,12,2023-12,72,경기도,연천군,한탄강물놀이장,6,연천 2023_12.csv,문화관광,테마공원
연천,2023,12,2023-12,76,경기도,연천군,징기스칸승마클럽,5,연천 2023_12.csv,레저스포츠,육상레저스포츠
연천,2023,12,2023-12,76,경기도,연천군,선곡베이스볼파크,5,연천 2023_12.csv,문화관광,레저스포츠시설
연천,2023,12,2023-12,76,경기도,연천군,보국사,5,연천 2023_12.csv,역사관광,종교성지
연천,2023,12,2023-12,79,경기도,연천군,임진강평화습지원,4,연천 2023_12.csv,문화관광,도시공원
연천,2023,12,2023-12,79,경기도,연천군,금빛농장,4,연천 2023_12.csv,체험관광,농/산/어촌체험
연천,2023,12,2023-12,79,경기도,연천군,박진장군묘,4,연천 2023_12.csv,역사관광,역사유적지
연천,2023,12,2023-12,79,경기도,연천군,연천고대산야구장,4,연천 2023_12.csv,문화관광,레저스포츠시설
연천,2023,12,2023-12,79,경기도,연천군,아미사,4,연천 2023_12.csv,역사관광,종교성지
연천,2023,12,2023-12,79,경기도,연천군,은대근린공원,4,연천 2023_12.csv,문화관광,도시공원
연천,2023,12,2023-12,85,경기도,연천군,말턱고개약수터,3,연천 2023_12.csv,자연관광,자연경관(산)
연천,2023,12,2023-12,85,경기도,연천군,한국수자원공사한탄강댐물문화관,3,연천 2023_12.csv,문화관광,전시시설
연천,2023,12,2023-12,85,경기도,연천군,연천은대리성,3,연천 2023_12.csv,역사관광,역사유적지
연천,2023,12,2023-12,85,경기도,연천군,현정사,3,연천 2023_12.csv,역사관광,종교성지
연천,2023,12,2023-12,85,경기도,연천군,지오낚시터,3,연천 2023_12.csv,레저스포츠,수상레저스포츠
연천,2023,12,2023-12,85,경기도,연천군,연천숭의전지,3,연천 2023_12.csv,역사관광,역사유적지
연천,2023,12,2023-12,85,경기도,연천군,애심목장,3,연천 2023_12.csv,체험관광,농/산/어촌체험
연천,2023,12,2023-12,85,경기도,연천군,딸기야커피야,3,연천 2023_12.csv,체험관광,농/산/어촌체험
연천,2023,12,2023-12,85,경기도,연천군,에이펙스트랙&라이딩스쿨,3,연천 2023_12.csv,레저스포츠,기타레저스포츠
연천,2023,12,2023-12,85,경기도,연천군,법성사,3,연천 2023_12.csv,역사관광,종교성지
연천,2023,12,2023-12,85,경기도,연천군,종자와시인 박물관,3,연천 2023_12.csv,문화관광,전시시설
연천,2023,12,2023-12,85,경기도,연천군,아우라지베개용암탐방안내소,3,연천 2023_12.csv,기타관광,기타관광
연천,2023,12,2023-12,85,경기도,연천군,일호농장,3,연천 2023_12.csv,체험관광,농/산/어촌체험
연천,2024,1,2024-01,1,경기도,연천군,전곡역,4814,연천 2024_01.csv,기타관광,교통시설
연천,2024,1,2024-01,2,경기도,연천군,재인폭포,1670,연천 2024_01.csv,자연관광,자연경관(산)
연천,2024,1,2024-01,3,경기도,연천군,연천역,1539,연천 2024_01.csv,기타관광,교통시설
연천,2024,1,2024-01,4,경기도,연천군,대광리역,870,연천 2024_01.csv,기타관광,교통시설
연천,2024,1,2024-01,5,경기도,연천군,연천당포성,823,연천 2024_01.csv,역사관광,역사유적지
연천,2024,1,2024-01,6,경기도,연천군,전곡선사박물관,808,연천 2024_01.csv,문화관광,전시시설
연천,2024,1,2024-01,7,경기도,연천군,전곡터미널,720,연천 2024_01.csv,기타관광,교통시설
연천,2024,1,2024-01,8,경기도,연천군,동막골유황천,623,연천 2024_01.csv,체험관광,웰니스관광
연천,2024,1,2024-01,9,경기도,연천군,고대산자연휴양림,562,연천 2024_01.csv,자연관광,자연공원
연천,2024,1,2024-01,10,경기도,연천군,연천호로고루,508,연천 2024_01.csv,역사관광,역사유적지
연천,2024,1,2024-01,11,경기도,연천군,전곡전통시장,482,연천 2024_01.csv,쇼핑,시장
연천,2024,1,2024-01,12,경기도,연천군,연천고랑포구역사공원,448,연천 2024_01.csv,문화관광,도시공원
연천,2024,1,2024-01,13,경기도,연천군,초성리역폐역,410,연천 2024_01.csv,기타관광,교통시설
연천,2024,1,2024-01,14,경기도,연천군,백학저수지,388,연천 2024_01.csv,자연관광,자연경관(하천/해양)
연천,2024,1,2024-01,15,경기도,연천군,열쇠전망대,376,연천 2024_01.csv,문화관광,랜드마크관광
연천,2024,1,2024-01,16,경기도,연천군,한탄강관광지,370,연천 2024_01.csv,문화관광,복합관광시설
연천,2024,1,2024-01,17,경기도,연천군,자유로CC,364,연천 2024_01.csv,레저스포츠,육상레저스포츠
연천,2024,1,2024-01,18,경기도,연천군,연천전곡리유적,357,연천 2024_01.csv,역사관광,역사유적지
연천,2024,1,2024-01,19,경기도,연천군,태풍전망대,336,연천 2024_01.csv,문화관광,랜드마크관광
연천,2024,1,2024-01,20,경기도,연천군,신탄리역,306,연천 2024_01.csv,기타관광,교통시설
연천,2024,1,2024-01,21,경기도,연천군,신망리역폐역,271,연천 2024_01.csv,기타관광,교통시설
연천,2024,1,2024-01,22,경기도,연천군,스튜디오139,256,연천 2024_01.csv,문화관광,기타문화관광지
연천,2024,1,2024-01,23,경기도,연천군,연천경순왕릉,250,연천 2024_01.csv,역사관광,역사유적지
연천,2024,1,2024-01,24,경기도,연천군,임진강주상절리,214,연천 2024_01.csv,기타관광,기타관광
연천,2024,1,2024-01,25,경기도,연천군,역고드름,199,연천 2024_01.csv,기타관광,기타관광
연천,2024,1,2024-01,26,경기도,연천군,스튜디오330,190,연천 2024_01.csv,문화관광,기타문화관광지
연천,2024,1,2024-01,27,경기도,연천군,연천군청소년수련관,171,연천 2024_01.csv,레저스포츠,육상레저스포츠
연천,2024,1,2024-01,28,경기도,연천군,스타스튜디오,163,연천 2024_01.csv,문화관광,기타문화관광지
연천,2024,1,2024-01,29,경기도,연천군,연천수레울아트홀,153,연천 2024_01.csv,문화관광,공연시설
연천,2024,1,2024-01,30,경기도,연천군,수불사,139,연천 2024_01.csv,역사관광,종교성지
연천,2024,1,2024-01,31,경기도,연천군,전곡낚시터,130,연천 2024_01.csv,레저스포츠,수상레저스포츠
연천,2024,1,2024-01,32,경기도,연천군,연천공영버스터미널,128,연천 2024_01.csv,기타관광,교통시설
연천,2024,1,2024-01,33,경기도,연천군,숭의전,125,연천 2024_01.csv,역사관광,종교성지
연천,2024,1,2024-01,34,경기도,연천군,스튜디오 포시즌,123,연천 2024_01.csv,문화관광,기타문화관광지
연천,2024,1,2024-01,34,경기도,연천군,한탄강어린이교통랜드,123,연천 2024_01.csv,문화관광,도시공원
연천,2024,1,2024-01,36,경기도,연천군,지오낚시터,121,연천 2024_01.csv,레저스포츠,수상레저스포츠
연천,2024,1,2024-01,37,경기도,연천군,허브빌리지,116,연천 2024_01.csv,체험관광,농/산/어촌체험
연천,2024,1,2024-01,38,경기도,연천군,임진강댑싸리공원,105,연천 2024_01.csv,문화관광,도시공원
연천,2024,1,2024-01,39,경기도,연천군,들꽃가람농장,103,연천 2024_01.csv,체험관광,농/산/어촌체험
연천,2024,1,2024-01,40,경기도,연천군,유성미디어촬영소,80,연천 2024_01.csv,문화관광,기타문화관광지
연천,2024,1,2024-01,41,경기도,연천군,그리팅맨,74,연천 2024_01.csv,역사관광,역사유물
연천,2024,1,2024-01,42,경기도,연천군,동막골유원지,66,연천 2024_01.csv,문화관광,복합관광시설
연천,2024,1,2024-01,43,경기도,연천군,한탄강관광지축구장,58,연천 2024_01.csv,문화관광,레저스포츠시설
연천,2024,1,2024-01,44,경기도,연천군,두루미테마파크,56,연천 2024_01.csv,기타관광,기타관광
연천,2024,1,2024-01,45,경기도,연천군,연천승마공원,48,연천 2024_01.csv,레저스포츠,육상레저스포츠
연천,2024,1,2024-01,46,경기도,연천군,백학지낚시터,45,연천 2024_01.csv,레저스포츠,수상레저스포츠
연천,2024,1,2024-01,46,경기도,연천군,연천군 신서면 소목개마을,45,연천 2024_01.csv,문화관광,도시/지역문화관광
연천,2024,1,2024-01,48,경기도,연천군,재인폭포출렁다리,42,연천 2024_01.csv,기타관광,기타관광
연천,2024,1,2024-01,49,경기도,연천군,연천오일장,41,연천 2024_01.csv,쇼핑,시장
연천,2024,1,2024-01,50,경기도,연천군,백학낚시터,40,연천 2024_01.csv,레저스포츠,수상레저스포츠
연천,2024,1,2024-01,51,경기도,연천군,삼화리낚시터,36,연천 2024_01.csv,레저스포츠,수상레저스포츠
연천,2024,1,2024-01,52,경기도,연천군,모아베리교육농장,33,연천 2024_01.csv,체험관광,농/산/어촌체험
연천,2024,1,2024-01,53,경기도,연천군,원심원사,32,연천 2024_01.csv,역사관광,종교성지
연천,2024,1,2024-01,54,경기도,연천군,동막계곡,27,연천 2024_01.csv,자연관광,자연경관(산)
연천,2024,1,2024-01,55,경기도,연천군,연천파크골프장,26,연천 2024_01.csv,레저스포츠,육상레저스포츠
연천,2024,1,2024-01,56,경기도,연천군,열두개울계곡,23,연천 2024_01.csv,자연관광,자연경관(산)
연천,2024,1,2024-01,56,경기도,연천군,상승전망대,23,연천 2024_01.csv,문화관광,랜드마크관광
연천,2024,1,2024-01,56,경기도,연천군,대화사,23,연천 2024_01.csv,역사관광,종교성지
연천,2024,1,2024-01,59,경기도,연천군,고대산,21,연천 2024_01.csv,자연관광,자연경관(산)
연천,2024,1,2024-01,60,경기도,연천군,좌상바위,20,연천 2024_01.csv,기타관광,기타관광
연천,2024,1,2024-01,61,경기도,연천군,안일농장,18,연천 2024_01.csv,체험관광,농/산/어촌체험
연천,2024,1,2024-01,61,경기도,연천군,연강갤러리,18,연천 2024_01.csv,문화관광,전시시설
연천,2024,1,2024-01,63,경기도,연천군,한국수자원공사한탄강댐물문화관,17,연천 2024_01.csv,문화관광,전시시설
연천,2024,1,2024-01,63,경기도,연천군,차탄천주상절리,17,연천 2024_01.csv,기타관광,기타관광
연천,2024,1,2024-01,65,경기도,연천군,연천호로고루홍보관,15,연천 2024_01.csv,문화관광,전시시설
연천,2024,1,2024-01,66,경기도,연천군,너나들이노리파크전곡점,14,연천 2024_01.csv,문화관광,테마공원
연천,2024,1,2024-01,67,경기도,연천군,전곡근린공원,13,연천 2024_01.csv,문화관광,도시공원
연천,2024,1,2024-01,68,경기도,연천군,코리아승마클럽,12,연천 2024_01.csv,레저스포츠,육상레저스포츠
연천,2024,1,2024-01,68,경기도,연천군,연천은대리성,12,연천 2024_01.csv,역사관광,역사유적지
연천,2024,1,2024-01,70,경기도,연천군,연천전곡리유적방문자센터,11,연천 2024_01.csv,기타관광,기타관광
연천,2024,1,2024-01,71,경기도,연천군,한탄강역폐역,10,연천 2024_01.csv,기타관광,교통시설
연천,2024,1,2024-01,72,경기도,연천군,태황사,9,연천 2024_01.csv,역사관광,종교성지
연천,2024,1,2024-01,73,경기도,연천군,고인돌공원,8,연천 2024_01.csv,문화관광,도시공원
연천,2024,1,2024-01,74,경기도,연천군,령신산기도도량,7,연천 2024_01.csv,역사관광,종교성지
연천,2024,1,2024-01,74,경기도,연천군,차탄천낚시터,7,연천 2024_01.csv,레저스포츠,수상레저스포츠
연천,2024,1,2024-01,76,경기도,연천군,재인팜,6,연천 2024_01.csv,체험관광,농/산/어촌체험
연천,2024,1,2024-01,76,경기도,연천군,연천로하스파크,6,연천 2024_01.csv,기타관광,기타관광
연천,2024,1,2024-01,76,경기도,연천군,사랑이네농원,6,연천 2024_01.csv,체험관광,농/산/어촌체험
연천,2024,1,2024-01,76,경기도,연천군,능혜사,6,연천 2024_01.csv,역사관광,종교성지
연천,2024,1,2024-01,76,경기도,연천군,임진강평화습지원,6,연천 2024_01.csv,문화관광,도시공원
연천,2024,1,2024-01,76,경기도,연천군,학소정,6,연천 2024_01.csv,레저스포츠,육상레저스포츠
연천,2024,1,2024-01,76,경기도,연천군,평화누리길12코스,6,연천 2024_01.csv,레저스포츠,기타레저스포츠
연천,2024,1,2024-01,83,경기도,연천군,석장리미술관조각공원,5,연천 2024_01.csv,문화관광,도시공원
연천,2024,1,2024-01,84,경기도,연천군,고랑포구,4,연천 2024_01.csv,자연관광,자연경관(하천/해양)
연천,2024,1,2024-01,84,경기도,연천군,다솔관광농원,4,연천 2024_01.csv,체험관광,농/산/어촌체험
연천,2024,1,2024-01,86,경기도,연천군,호국육화사,3,연천 2024_01.csv,역사관광,종교성지
연천,2024,1,2024-01,86,경기도,연천군,현정사,3,연천 2024_01.csv,역사관광,종교성지
연천,2024,1,2024-01,86,경기도,연천군,종자산,3,연천 2024_01.csv,자연관광,자연경관(산)
연천,2024,1,2024-01,86,경기도,연천군,연천숭의전지,3,연천 2024_01.csv,역사관광,역사유적지
연천,2024,1,2024-01,86,경기도,연천군,드라마미술전시장,3,연천 2024_01.csv,기타관광,기타관광
연천,2024,1,2024-01,86,경기도,연천군,정발장군묘,3,연천 2024_01.csv,역사관광,역사유적지
연천,2024,1,2024-01,86,경기도,연천군,노스폴CC,3,연천 2024_01.csv,레저스포츠,육상레저스포츠
연천,2024,1,2024-01,86,경기도,연천군,본원사,3,연천 2024_01.csv,역사관광,종교성지
연천,2024,1,2024-01,86,경기도,연천군,임진물새롬랜드,3,연천 2024_01.csv,문화관광,도시공원
연천,2024,1,2024-01,86,경기도,연천군,한탄강물놀이장,3,연천 2024_01.csv,문화관광,테마공원
연천,2024,1,2024-01,86,경기도,연천군,대광골약수터,3,연천 2024_01.csv,자연관광,자연경관(산)
연천,2024,1,2024-01,86,경기도,연천군,연천향교,3,연천 2024_01.csv,역사관광,역사유적지
연천,2024,1,2024-01,86,경기도,연천군,은대근린공원,3,연천 2024_01.csv,문화관광,도시공원
연천,2024,1,2024-01,86,경기도,연천군,연천종합운동장인조구장,3,연천 2024_01.csv,문화관광,레저스포츠시설
연천,2024,1,2024-01,86,경기도,연천군,망곡산둘레길,3,연천 2024_01.csv,기타관광,기타관광
연천,2024,2,2024-02,1,경기도,연천군,전곡역,5183,연천 2024_02.csv,기타관광,교통시설
연천,2024,2,2024-02,2,경기도,연천군,재인폭포,2248,연천 2024_02.csv,자연관광,자연경관(산)
연천,2024,2,2024-02,3,경기도,연천군,자유로CC,2119,연천 2024_02.csv,레저스포츠,육상레저스포츠
연천,2024,2,2024-02,4,경기도,연천군,연천역,1693,연천 2024_02.csv,기타관광,교통시설
연천,2024,2,2024-02,5,경기도,연천군,대광리역,1055,연천 2024_02.csv,기타관광,교통시설
연천,2024,2,2024-02,6,경기도,연천군,전곡선사박물관,1010,연천 2024_02.csv,문화관광,전시시설
연천,2024,2,2024-02,7,경기도,연천군,전곡터미널,710,연천 2024_02.csv,기타관광,교통시설
연천,2024,2,2024-02,8,경기도,연천군,연천당포성,657,연천 2024_02.csv,역사관광,역사유적지
연천,2024,2,2024-02,9,경기도,연천군,동막골유황천,633,연천 2024_02.csv,체험관광,웰니스관광
연천,2024,2,2024-02,10,경기도,연천군,전곡전통시장,624,연천 2024_02.csv,쇼핑,시장
연천,2024,2,2024-02,11,경기도,연천군,고대산자연휴양림,560,연천 2024_02.csv,자연관광,자연공원
연천,2024,2,2024-02,12,경기도,연천군,연천호로고루,540,연천 2024_02.csv,역사관광,역사유적지
연천,2024,2,2024-02,13,경기도,연천군,연천전곡리유적,483,연천 2024_02.csv,역사관광,역사유적지
연천,2024,2,2024-02,14,경기도,연천군,백학저수지,477,연천 2024_02.csv,자연관광,자연경관(하천/해양)
연천,2024,2,2024-02,15,경기도,연천군,한탄강관광지,470,연천 2024_02.csv,문화관광,복합관광시설
연천,2024,2,2024-02,16,경기도,연천군,연천고랑포구역사공원,452,연천 2024_02.csv,문화관광,도시공원
연천,2024,2,2024-02,17,경기도,연천군,초성리역폐역,394,연천 2024_02.csv,기타관광,교통시설
연천,2024,2,2024-02,18,경기도,연천군,태풍전망대,383,연천 2024_02.csv,문화관광,랜드마크관광
연천,2024,2,2024-02,19,경기도,연천군,신탄리역,382,연천 2024_02.csv,기타관광,교통시설
연천,2024,2,2024-02,20,경기도,연천군,열쇠전망대,377,연천 2024_02.csv,문화관광,랜드마크관광
연천,2024,2,2024-02,21,경기도,연천군,연천경순왕릉,373,연천 2024_02.csv,역사관광,역사유적지
연천,2024,2,2024-02,22,경기도,연천군,신망리역폐역,321,연천 2024_02.csv,기타관광,교통시설
연천,2024,2,2024-02,23,경기도,연천군,임진강주상절리,274,연천 2024_02.csv,기타관광,기타관광
연천,2024,2,2024-02,24,경기도,연천군,연천파크골프장,272,연천 2024_02.csv,레저스포츠,육상레저스포츠
연천,2024,2,2024-02,25,경기도,연천군,스타스튜디오,246,연천 2024_02.csv,문화관광,기타문화관광지
연천,2024,2,2024-02,26,경기도,연천군,전곡낚시터,238,연천 2024_02.csv,레저스포츠,수상레저스포츠
연천,2024,2,2024-02,27,경기도,연천군,허브빌리지,194,연천 2024_02.csv,체험관광,농/산/어촌체험
연천,2024,2,2024-02,28,경기도,연천군,연천수레울아트홀,192,연천 2024_02.csv,문화관광,공연시설
연천,2024,2,2024-02,29,경기도,연천군,숭의전,187,연천 2024_02.csv,역사관광,종교성지
연천,2024,2,2024-02,30,경기도,연천군,수불사,167,연천 2024_02.csv,역사관광,종교성지
연천,2024,2,2024-02,31,경기도,연천군,스튜디오330,163,연천 2024_02.csv,문화관광,기타문화관광지
연천,2024,2,2024-02,32,경기도,연천군,한탄강어린이교통랜드,159,연천 2024_02.csv,문화관광,도시공원
연천,2024,2,2024-02,33,경기도,연천군,연천군청소년수련관,147,연천 2024_02.csv,레저스포츠,육상레저스포츠
연천,2024,2,2024-02,34,경기도,연천군,지오낚시터,144,연천 2024_02.csv,레저스포츠,수상레저스포츠
연천,2024,2,2024-02,35,경기도,연천군,역고드름,137,연천 2024_02.csv,기타관광,기타관광
연천,2024,2,2024-02,36,경기도,연천군,임진강댑싸리공원,134,연천 2024_02.csv,문화관광,도시공원
연천,2024,2,2024-02,37,경기도,연천군,스튜디오 포시즌,133,연천 2024_02.csv,문화관광,기타문화관광지
연천,2024,2,2024-02,38,경기도,연천군,연천공영버스터미널,108,연천 2024_02.csv,기타관광,교통시설
연천,2024,2,2024-02,39,경기도,연천군,유성미디어촬영소,105,연천 2024_02.csv,문화관광,기타문화관광지
연천,2024,2,2024-02,40,경기도,연천군,들꽃가람농장,103,연천 2024_02.csv,체험관광,농/산/어촌체험
연천,2024,2,2024-02,41,경기도,연천군,모아베리교육농장,70,연천 2024_02.csv,체험관광,농/산/어촌체험
연천,2024,2,2024-02,41,경기도,연천군,연천군 신서면 소목개마을,70,연천 2024_02.csv,문화관광,도시/지역문화관광
연천,2024,2,2024-02,43,경기도,연천군,동막골유원지,63,연천 2024_02.csv,문화관광,복합관광시설
연천,2024,2,2024-02,44,경기도,연천군,그리팅맨,62,연천 2024_02.csv,역사관광,역사유물
연천,2024,2,2024-02,45,경기도,연천군,두루미테마파크,60,연천 2024_02.csv,기타관광,기타관광
연천,2024,2,2024-02,46,경기도,연천군,원심원사,58,연천 2024_02.csv,역사관광,종교성지
연천,2024,2,2024-02,47,경기도,연천군,한탄강관광지축구장,56,연천 2024_02.csv,문화관광,레저스포츠시설
연천,2024,2,2024-02,48,경기도,연천군,좌상바위,55,연천 2024_02.csv,기타관광,기타관광
연천,2024,2,2024-02,49,경기도,연천군,연천오일장,45,연천 2024_02.csv,쇼핑,시장
연천,2024,2,2024-02,50,경기도,연천군,한탄강역폐역,44,연천 2024_02.csv,기타관광,교통시설
연천,2024,2,2024-02,51,경기도,연천군,대화사,43,연천 2024_02.csv,역사관광,종교성지
연천,2024,2,2024-02,52,경기도,연천군,연천승마공원,40,연천 2024_02.csv,레저스포츠,육상레저스포츠
연천,2024,2,2024-02,53,경기도,연천군,재인폭포출렁다리,39,연천 2024_02.csv,기타관광,기타관광
연천,2024,2,2024-02,54,경기도,연천군,열두개울계곡,37,연천 2024_02.csv,자연관광,자연경관(산)
연천,2024,2,2024-02,55,경기도,연천군,삼화리낚시터,33,연천 2024_02.csv,레저스포츠,수상레저스포츠
연천,2024,2,2024-02,56,경기도,연천군,고대산,31,연천 2024_02.csv,자연관광,자연경관(산)
연천,2024,2,2024-02,56,경기도,연천군,동막계곡,31,연천 2024_02.csv,자연관광,자연경관(산)
연천,2024,2,2024-02,58,경기도,연천군,임진물새롬랜드,28,연천 2024_02.csv,문화관광,도시공원
연천,2024,2,2024-02,59,경기도,연천군,정발장군묘,27,연천 2024_02.csv,역사관광,역사유적지
연천,2024,2,2024-02,60,경기도,연천군,스튜디오139,25,연천 2024_02.csv,문화관광,기타문화관광지
연천,2024,2,2024-02,61,경기도,연천군,한국수자원공사한탄강댐물문화관,23,연천 2024_02.csv,문화관광,전시시설
연천,2024,2,2024-02,62,경기도,연천군,임진강평화습지원,22,연천 2024_02.csv,문화관광,도시공원
연천,2024,2,2024-02,62,경기도,연천군,선곡베이스볼파크,22,연천 2024_02.csv,문화관광,레저스포츠시설
연천,2024,2,2024-02,64,경기도,연천군,연천로하스파크,19,연천 2024_02.csv,기타관광,기타관광
연천,2024,2,2024-02,65,경기도,연천군,안일농장,18,연천 2024_02.csv,체험관광,농/산/어촌체험
연천,2024,2,2024-02,66,경기도,연천군,상승전망대,16,연천 2024_02.csv,문화관광,랜드마크관광
연천,2024,2,2024-02,66,경기도,연천군,연천숭의전지,16,연천 2024_02.csv,역사관광,역사유적지
연천,2024,2,2024-02,66,경기도,연천군,능혜사,16,연천 2024_02.csv,역사관광,종교성지
연천,2024,2,2024-02,69,경기도,연천군,고랑포구,15,연천 2024_02.csv,자연관광,자연경관(하천/해양)
연천,2024,2,2024-02,69,경기도,연천군,현정사,15,연천 2024_02.csv,역사관광,종교성지
연천,2024,2,2024-02,69,경기도,연천군,차탄천주상절리,15,연천 2024_02.csv,기타관광,기타관광
연천,2024,2,2024-02,72,경기도,연천군,연천호로고루홍보관,14,연천 2024_02.csv,문화관광,전시시설
연천,2024,2,2024-02,72,경기도,연천군,연천은대리성,14,연천 2024_02.csv,역사관광,역사유적지
연천,2024,2,2024-02,74,경기도,연천군,백학지낚시터,13,연천 2024_02.csv,레저스포츠,수상레저스포츠
연천,2024,2,2024-02,74,경기도,연천군,연천역급수탑,13,연천 2024_02.csv,역사관광,역사유적지
연천,2024,2,2024-02,74,경기도,연천군,석장리미술관조각공원,13,연천 2024_02.csv,문화관광,도시공원
연천,2024,2,2024-02,77,경기도,연천군,연강갤러리,12,연천 2024_02.csv,문화관광,전시시설
연천,2024,2,2024-02,78,경기도,연천군,코리아승마클럽,11,연천 2024_02.csv,레저스포츠,육상레저스포츠
연천,2024,2,2024-02,78,경기도,연천군,전곡근린공원,11,연천 2024_02.csv,문화관광,도시공원
연천,2024,2,2024-02,78,경기도,연천군,드라마미술전시장,11,연천 2024_02.csv,기타관광,기타관광
연천,2024,2,2024-02,81,경기도,연천군,연천종합운동장인조구장,10,연천 2024_02.csv,문화관광,레저스포츠시설
연천,2024,2,2024-02,81,경기도,연천군,호병목장,10,연천 2024_02.csv,체험관광,농/산/어촌체험
연천,2024,2,2024-02,81,경기도,연천군,연천유엔군화장장시설,10,연천 2024_02.csv,기타관광,기타관광
연천,2024,2,2024-02,81,경기도,연천군,말턱고개약수터,10,연천 2024_02.csv,자연관광,자연경관(산)
연천,2024,2,2024-02,85,경기도,연천군,망곡산둘레길,9,연천 2024_02.csv,기타관광,기타관광
연천,2024,2,2024-02,85,경기도,연천군,령신산기도도량,9,연천 2024_02.csv,역사관광,종교성지
연천,2024,2,2024-02,85,경기도,연천군,은대근린공원,9,연천 2024_02.csv,문화관광,도시공원
연천,2024,2,2024-02,85,경기도,연천군,아미사,9,연천 2024_02.csv,역사관광,종교성지
연천,2024,2,2024-02,89,경기도,연천군,태황사,8,연천 2024_02.csv,역사관광,종교성지
연천,2024,2,2024-02,90,경기도,연천군,너나들이노리파크전곡점,7,연천 2024_02.csv,문화관광,테마공원
연천,2024,2,2024-02,90,경기도,연천군,임진강장어직판장,7,연천 2024_02.csv,체험관광,농/산/어촌체험
연천,2024,2,2024-02,90,경기도,연천군,월성사,7,연천 2024_02.csv,역사관광,종교성지
연천,2024,2,2024-02,93,경기도,연천군,법성사,6,연천 2024_02.csv,역사관광,종교성지
연천,2024,2,2024-02,93,경기도,연천군,한탄강물놀이장,6,연천 2024_02.csv,문화관광,테마공원
연천,2024,2,2024-02,93,경기도,연천군,연천전곡리유적방문자센터,6,연천 2024_02.csv,기타관광,기타관광
연천,2024,2,2024-02,96,경기도,연천군,고인돌공원,5,연천 2024_02.csv,문화관광,도시공원
연천,2024,2,2024-02,96,경기도,연천군,진각선원,5,연천 2024_02.csv,역사관광,종교성지
연천,2024,2,2024-02,98,경기도,연천군,아우라지베개용암탐방안내소,4,연천 2024_02.csv,기타관광,기타관광
연천,2024,2,2024-02,98,경기도,연천군,본원사,4,연천 2024_02.csv,역사관광,종교성지
연천,2024,2,2024-02,100,경기도,연천군,종자와시인 박물관,3,연천 2024_02.csv,문화관광,전시시설
연천,2024,2,2024-02,100,경기도,연천군,연천양원리고인돌,3,연천 2024_02.csv,역사관광,역사유적지
연천,2024,2,2024-02,100,경기도,연천군,동기목장,3,연천 2024_02.csv,체험관광,농/산/어촌체험
연천,2024,2,2024-02,100,경기도,연천군,에이펙스트랙&라이딩스쿨,3,연천 2024_02.csv,레저스포츠,기타레저스포츠
연천,2024,2,2024-02,100,경기도,연천군,신중사,3,연천 2024_02.csv,역사관광,종교성지
연천,2024,2,2024-02,100,경기도,연천군,노스폴CC,3,연천 2024_02.csv,레저스포츠,육상레저스포츠
연천,2024,2,2024-02,100,경기도,연천군,백학낚시터,3,연천 2024_02.csv,레저스포츠,수상레저스포츠
연천,2024,2,2024-02,100,경기도,연천군,서문크리스챤하우스,3,연천 2024_02.csv,레저스포츠,육상레저스포츠
연천,2024,2,2024-02,100,경기도,연천군,한탄강낚시터,3,연천 2024_02.csv,레저스포츠,수상레저스포츠
연천,2024,2,2024-02,100,경기도,연천군,평화누리길12코스,3,연천 2024_02.csv,레저스포츠,기타레저스포츠
연천,2024,2,2024-02,100,경기도,연천군,연천코스모스둘레길,3,연천 2024_02.csv,기타관광,기타관광
연천,2024,2,2024-02,100,경기도,연천군,지장암,3,연천 2024_02.csv,역사관광,종교성지
연천,2024,2,2024-02,100,경기도,연천군,연천농장,3,연천 2024_02.csv,체험관광,농/산/어촌체험
연천,2024,2,2024-02,100,경기도,연천군,사랑이네농원,3,연천 2024_02.csv,체험관광,농/산/어촌체험
연천,2024,2,2024-02,100,경기도,연천군,삼천리목장,3,연천 2024_02.csv,체험관광,농/산/어촌체험
연천,2024,2,2024-02,100,경기도,연천군,연천군 미산면 삼화리2반,3,연천 2024_02.csv,문화관광,도시/지역문화관광
연천,2024,3,2024-03,1,경기도,연천군,자유로CC,5721,연천 2024_03.csv,레저스포츠,육상레저스포츠
연천,2024,3,2024-03,2,경기도,연천군,전곡역,5527,연천 2024_03.csv,기타관광,교통시설
연천,2024,3,2024-03,3,경기도,연천군,재인폭포,3039,연천 2024_03.csv,자연관광,자연경관(산)
연천,2024,3,2024-03,4,경기도,연천군,연천역,1739,연천 2024_03.csv,기타관광,교통시설
연천,2024,3,2024-03,5,경기도,연천군,연천파크골프장,1633,연천 2024_03.csv,레저스포츠,육상레저스포츠
연천,2024,3,2024-03,6,경기도,연천군,전곡선사박물관,1218,연천 2024_03.csv,문화관광,전시시설
연천,2024,3,2024-03,7,경기도,연천군,대광리역,1080,연천 2024_03.csv,기타관광,교통시설
연천,2024,3,2024-03,8,경기도,연천군,연천당포성,933,연천 2024_03.csv,역사관광,역사유적지
연천,2024,3,2024-03,9,경기도,연천군,연천호로고루,870,연천 2024_03.csv,역사관광,역사유적지
연천,2024,3,2024-03,10,경기도,연천군,전곡터미널,830,연천 2024_03.csv,기타관광,교통시설
연천,2024,3,2024-03,11,경기도,연천군,전곡전통시장,821,연천 2024_03.csv,쇼핑,시장
연천,2024,3,2024-03,12,경기도,연천군,연천전곡리유적,769,연천 2024_03.csv,역사관광,역사유적지
연천,2024,3,2024-03,13,경기도,연천군,동막골유황천,715,연천 2024_03.csv,체험관광,웰니스관광
연천,2024,3,2024-03,14,경기도,연천군,연천고랑포구역사공원,681,연천 2024_03.csv,문화관광,도시공원
연천,2024,3,2024-03,15,경기도,연천군,한탄강관광지,650,연천 2024_03.csv,문화관광,복합관광시설
연천,2024,3,2024-03,16,경기도,연천군,고대산자연휴양림,556,연천 2024_03.csv,자연관광,자연공원
연천,2024,3,2024-03,17,경기도,연천군,백학저수지,518,연천 2024_03.csv,자연관광,자연경관(하천/해양)
연천,2024,3,2024-03,18,경기도,연천군,연천경순왕릉,476,연천 2024_03.csv,역사관광,역사유적지
연천,2024,3,2024-03,19,경기도,연천군,신탄리역,467,연천 2024_03.csv,기타관광,교통시설
연천,2024,3,2024-03,20,경기도,연천군,열쇠전망대,434,연천 2024_03.csv,문화관광,랜드마크관광
연천,2024,3,2024-03,21,경기도,연천군,태풍전망대,433,연천 2024_03.csv,문화관광,랜드마크관광
연천,2024,3,2024-03,22,경기도,연천군,스타스튜디오,410,연천 2024_03.csv,문화관광,기타문화관광지
연천,2024,3,2024-03,23,경기도,연천군,초성리역폐역,403,연천 2024_03.csv,기타관광,교통시설
연천,2024,3,2024-03,24,경기도,연천군,스튜디오 포시즌,383,연천 2024_03.csv,문화관광,기타문화관광지
연천,2024,3,2024-03,25,경기도,연천군,임진강주상절리,369,연천 2024_03.csv,기타관광,기타관광
연천,2024,3,2024-03,26,경기도,연천군,신망리역폐역,318,연천 2024_03.csv,기타관광,교통시설
연천,2024,3,2024-03,27,경기도,연천군,허브빌리지,223,연천 2024_03.csv,체험관광,농/산/어촌체험
연천,2024,3,2024-03,28,경기도,연천군,한탄강어린이교통랜드,211,연천 2024_03.csv,문화관광,도시공원
연천,2024,3,2024-03,28,경기도,연천군,숭의전,211,연천 2024_03.csv,역사관광,종교성지
연천,2024,3,2024-03,30,경기도,연천군,연천수레울아트홀,204,연천 2024_03.csv,문화관광,공연시설
연천,2024,3,2024-03,31,경기도,연천군,연천군청소년수련관,181,연천 2024_03.csv,레저스포츠,육상레저스포츠
연천,2024,3,2024-03,32,경기도,연천군,임진강댑싸리공원,172,연천 2024_03.csv,문화관광,도시공원
연천,2024,3,2024-03,33,경기도,연천군,수불사,157,연천 2024_03.csv,역사관광,종교성지
연천,2024,3,2024-03,34,경기도,연천군,동막골유원지,133,연천 2024_03.csv,문화관광,복합관광시설
연천,2024,3,2024-03,35,경기도,연천군,연천공영버스터미널,114,연천 2024_03.csv,기타관광,교통시설
연천,2024,3,2024-03,36,경기도,연천군,원심원사,113,연천 2024_03.csv,역사관광,종교성지
연천,2024,3,2024-03,37,경기도,연천군,유성미디어촬영소,112,연천 2024_03.csv,문화관광,기타문화관광지
연천,2024,3,2024-03,38,경기도,연천군,전곡낚시터,110,연천 2024_03.csv,레저스포츠,수상레저스포츠
연천,2024,3,2024-03,39,경기도,연천군,들꽃가람농장,103,연천 2024_03.csv,체험관광,농/산/어촌체험
연천,2024,3,2024-03,40,경기도,연천군,연천군 신서면 소목개마을,99,연천 2024_03.csv,문화관광,도시/지역문화관광
연천,2024,3,2024-03,41,경기도,연천군,좌상바위,94,연천 2024_03.csv,기타관광,기타관광
연천,2024,3,2024-03,42,경기도,연천군,재인폭포출렁다리,85,연천 2024_03.csv,기타관광,기타관광
연천,2024,3,2024-03,43,경기도,연천군,모아베리교육농장,84,연천 2024_03.csv,체험관광,농/산/어촌체험
연천,2024,3,2024-03,44,경기도,연천군,지오낚시터,83,연천 2024_03.csv,레저스포츠,수상레저스포츠
연천,2024,3,2024-03,44,경기도,연천군,그리팅맨,83,연천 2024_03.csv,역사관광,역사유물
연천,2024,3,2024-03,46,경기도,연천군,연천오일장,74,연천 2024_03.csv,쇼핑,시장
연천,2024,3,2024-03,47,경기도,연천군,삼화리낚시터,69,연천 2024_03.csv,레저스포츠,수상레저스포츠
연천,2024,3,2024-03,48,경기도,연천군,동막계곡,68,연천 2024_03.csv,자연관광,자연경관(산)
연천,2024,3,2024-03,49,경기도,연천군,선곡베이스볼파크,66,연천 2024_03.csv,문화관광,레저스포츠시설
연천,2024,3,2024-03,50,경기도,연천군,두루미테마파크,64,연천 2024_03.csv,기타관광,기타관광
연천,2024,3,2024-03,51,경기도,연천군,연천승마공원,63,연천 2024_03.csv,레저스포츠,육상레저스포츠
연천,2024,3,2024-03,52,경기도,연천군,드라마21세기스튜디오,59,연천 2024_03.csv,문화관광,기타문화관광지
연천,2024,3,2024-03,53,경기도,연천군,한탄강관광지축구장,52,연천 2024_03.csv,문화관광,레저스포츠시설
연천,2024,3,2024-03,54,경기도,연천군,열두개울계곡,51,연천 2024_03.csv,자연관광,자연경관(산)
연천,2024,3,2024-03,55,경기도,연천군,상승전망대,48,연천 2024_03.csv,문화관광,랜드마크관광
연천,2024,3,2024-03,55,경기도,연천군,역고드름,48,연천 2024_03.csv,기타관광,기타관광
연천,2024,3,2024-03,57,경기도,연천군,대화사,47,연천 2024_03.csv,역사관광,종교성지
연천,2024,3,2024-03,58,경기도,연천군,연천전곡리유적방문자센터,45,연천 2024_03.csv,기타관광,기타관광
연천,2024,3,2024-03,59,경기도,연천군,전곡근린공원,39,연천 2024_03.csv,문화관광,도시공원
연천,2024,3,2024-03,60,경기도,연천군,고대산,38,연천 2024_03.csv,자연관광,자연경관(산)
연천,2024,3,2024-03,61,경기도,연천군,에이펙스트랙&라이딩스쿨,34,연천 2024_03.csv,레저스포츠,기타레저스포츠
연천,2024,3,2024-03,62,경기도,연천군,연천호로고루홍보관,33,연천 2024_03.csv,문화관광,전시시설
연천,2024,3,2024-03,63,경기도,연천군,은대근린공원,30,연천 2024_03.csv,문화관광,도시공원
연천,2024,3,2024-03,64,경기도,연천군,한탄강역폐역,28,연천 2024_03.csv,기타관광,교통시설
연천,2024,3,2024-03,65,경기도,연천군,코리아승마클럽,27,연천 2024_03.csv,레저스포츠,육상레저스포츠
연천,2024,3,2024-03,66,경기도,연천군,연천은대리성,26,연천 2024_03.csv,역사관광,역사유적지
연천,2024,3,2024-03,67,경기도,연천군,아우라지베개용암탐방안내소,25,연천 2024_03.csv,기타관광,기타관광
연천,2024,3,2024-03,68,경기도,연천군,연천로하스파크,22,연천 2024_03.csv,기타관광,기타관광
연천,2024,3,2024-03,69,경기도,연천군,진상리축구장,21,연천 2024_03.csv,문화관광,레저스포츠시설
연천,2024,3,2024-03,70,경기도,연천군,연강갤러리,20,연천 2024_03.csv,문화관광,전시시설
연천,2024,3,2024-03,70,경기도,연천군,한국수자원공사한탄강댐물문화관,20,연천 2024_03.csv,문화관광,전시시설
연천,2024,3,2024-03,72,경기도,연천군,백학지낚시터,19,연천 2024_03.csv,레저스포츠,수상레저스포츠
연천,2024,3,2024-03,72,경기도,연천군,연천숭의전지,19,연천 2024_03.csv,역사관광,역사유적지
연천,2024,3,2024-03,74,경기도,연천군,DMZ피스브릭하우스,17,연천 2024_03.csv,문화관광,기타문화관광지
연천,2024,3,2024-03,74,경기도,연천군,법성사,17,연천 2024_03.csv,역사관광,종교성지
연천,2024,3,2024-03,74,경기도,연천군,차탄천주상절리,17,연천 2024_03.csv,기타관광,기타관광
연천,2024,3,2024-03,77,경기도,연천군,고랑포구,16,연천 2024_03.csv,자연관광,자연경관(하천/해양)
연천,2024,3,2024-03,78,경기도,연천군,항일독립운동기념탑,15,연천 2024_03.csv,역사관광,역사유물
연천,2024,3,2024-03,78,경기도,연천군,임진물새롬랜드,15,연천 2024_03.csv,문화관광,도시공원
연천,2024,3,2024-03,80,경기도,연천군,백학낚시터,13,연천 2024_03.csv,레저스포츠,수상레저스포츠
연천,2024,3,2024-03,81,경기도,연천군,스튜디오330,12,연천 2024_03.csv,문화관광,기타문화관광지
연천,2024,3,2024-03,81,경기도,연천군,너나들이노리파크전곡점,12,연천 2024_03.csv,문화관광,테마공원
연천,2024,3,2024-03,81,경기도,연천군,포천아우라지베개용암,12,연천 2024_03.csv,기타관광,기타관광
연천,2024,3,2024-03,84,경기도,연천군,현정사,11,연천 2024_03.csv,역사관광,종교성지
연천,2024,3,2024-03,85,경기도,연천군,안일농장,10,연천 2024_03.csv,체험관광,농/산/어촌체험
연천,2024,3,2024-03,86,경기도,연천군,연천북방산개구리농장,9,연천 2024_03.csv,체험관광,농/산/어촌체험
연천,2024,3,2024-03,87,경기도,연천군,백의리층,8,연천 2024_03.csv,기타관광,기타관광
연천,2024,3,2024-03,87,경기도,연천군,연천종합운동장인조구장,8,연천 2024_03.csv,문화관광,레저스포츠시설
연천,2024,3,2024-03,89,경기도,연천군,임진강주상절리카약,7,연천 2024_03.csv,레저스포츠,수상레저스포츠
연천,2024,3,2024-03,89,경기도,연천군,임진강평화습지원,7,연천 2024_03.csv,문화관광,도시공원
연천,2024,3,2024-03,89,경기도,연천군,연천농장,7,연천 2024_03.csv,체험관광,농/산/어촌체험
연천,2024,3,2024-03,92,경기도,연천군,은대리판상절리,6,연천 2024_03.csv,기타관광,기타관광
연천,2024,3,2024-03,92,경기도,연천군,종자와시인 박물관,6,연천 2024_03.csv,문화관광,전시시설
연천,2024,3,2024-03,92,경기도,연천군,고인돌공원,6,연천 2024_03.csv,문화관광,도시공원
연천,2024,3,2024-03,92,경기도,연천군,임진강장어직판장,6,연천 2024_03.csv,체험관광,농/산/어촌체험
연천,2024,3,2024-03,92,경기도,연천군,정발장군묘,6,연천 2024_03.csv,역사관광,역사유적지
연천,2024,3,2024-03,92,경기도,연천군,능혜사,6,연천 2024_03.csv,역사관광,종교성지
연천,2024,3,2024-03,98,경기도,연천군,조각가박시동미술관,4,연천 2024_03.csv,문화관광,전시시설
연천,2024,3,2024-03,98,경기도,연천군,석장리미술관조각공원,4,연천 2024_03.csv,문화관광,도시공원
연천,2024,3,2024-03,98,경기도,연천군,평화누리길11코스,4,연천 2024_03.csv,레저스포츠,기타레저스포츠
연천,2024,3,2024-03,98,경기도,연천군,송림수목원,4,연천 2024_03.csv,문화관광,테마공원
연천,2024,3,2024-03,98,경기도,연천군,사랑이네농원,4,연천 2024_03.csv,체험관광,농/산/어촌체험
연천,2024,3,2024-03,103,경기도,연천군,유환농장,3,연천 2024_03.csv,체험관광,농/산/어촌체험
연천,2024,3,2024-03,103,경기도,연천군,백학역사박물관,3,연천 2024_03.csv,문화관광,전시시설
연천,2024,3,2024-03,103,경기도,연천군,태황사,3,연천 2024_03.csv,역사관광,종교성지
연천,2024,3,2024-03,103,경기도,연천군,하은농원,3,연천 2024_03.csv,체험관광,농/산/어촌체험
연천,2024,3,2024-03,103,경기도,연천군,휴림농업회사법인,3,연천 2024_03.csv,체험관광,농/산/어촌체험
연천,2024,3,2024-03,103,경기도,연천군,연천향교,3,연천 2024_03.csv,역사관광,역사유적지
연천,2024,3,2024-03,103,경기도,연천군,애심목장,3,연천 2024_03.csv,체험관광,농/산/어촌체험
연천,2024,3,2024-03,103,경기도,연천군,호병목장,3,연천 2024_03.csv,체험관광,농/산/어촌체험
연천,2024,3,2024-03,103,경기도,연천군,연천역급수탑,3,연천 2024_03.csv,역사관광,역사유적지
연천,2024,3,2024-03,103,경기도,연천군,평화누리길12코스,3,연천 2024_03.csv,레저스포츠,기타레저스포츠
연천,2024,3,2024-03,103,경기도,연천군,보국사,3,연천 2024_03.csv,역사관광,종교성지
연천,2024,3,2024-03,103,경기도,연천군,옹달샘농원,3,연천 2024_03.csv,체험관광,농/산/어촌체험
연천,2024,3,2024-03,103,경기도,연천군,연천군게이트볼장,3,연천 2024_03.csv,레저스포츠,기타레저스포츠
연천,2024,3,2024-03,103,경기도,연천군,임진강자연농장,3,연천 2024_03.csv,체험관광,농/산/어촌체험
연천,2024,3,2024-03,103,경기도,연천군,말턱고개약수터,3,연천 2024_03.csv,자연관광,자연경관(산)
연천,2024,3,2024-03,103,경기도,연천군,자연그림터꽃나루,3,연천 2024_03.csv,문화관광,전시시설
연천,2024,4,2024-04,1,경기도,연천군,자유로CC,6362,연천 2024_04.csv,레저스포츠,육상레저스포츠
연천,2024,4,2024-04,2,경기도,연천군,전곡역,5783,연천 2024_04.csv,기타관광,교통시설
연천,2024,4,2024-04,3,경기도,연천군,재인폭포,4155,연천 2024_04.csv,자연관광,자연경관(산)
연천,2024,4,2024-04,4,경기도,연천군,연천역,1966,연천 2024_04.csv,기타관광,교통시설
연천,2024,4,2024-04,5,경기도,연천군,전곡선사박물관,1306,연천 2024_04.csv,문화관광,전시시설
연천,2024,4,2024-04,6,경기도,연천군,대광리역,1148,연천 2024_04.csv,기타관광,교통시설
연천,2024,4,2024-04,7,경기도,연천군,연천전곡리유적,1067,연천 2024_04.csv,역사관광,역사유적지
연천,2024,4,2024-04,8,경기도,연천군,연천호로고루,988,연천 2024_04.csv,역사관광,역사유적지
연천,2024,4,2024-04,9,경기도,연천군,연천당포성,961,연천 2024_04.csv,역사관광,역사유적지
연천,2024,4,2024-04,10,경기도,연천군,전곡전통시장,893,연천 2024_04.csv,쇼핑,시장
연천,2024,4,2024-04,11,경기도,연천군,한탄강관광지,856,연천 2024_04.csv,문화관광,복합관광시설
연천,2024,4,2024-04,12,경기도,연천군,백학저수지,824,연천 2024_04.csv,자연관광,자연경관(하천/해양)
연천,2024,4,2024-04,13,경기도,연천군,전곡터미널,795,연천 2024_04.csv,기타관광,교통시설
연천,2024,4,2024-04,14,경기도,연천군,고대산자연휴양림,716,연천 2024_04.csv,자연관광,자연공원
연천,2024,4,2024-04,15,경기도,연천군,태풍전망대,592,연천 2024_04.csv,문화관광,랜드마크관광
연천,2024,4,2024-04,16,경기도,연천군,열쇠전망대,480,연천 2024_04.csv,문화관광,랜드마크관광
연천,2024,4,2024-04,17,경기도,연천군,신탄리역,475,연천 2024_04.csv,기타관광,교통시설
연천,2024,4,2024-04,18,경기도,연천군,동막골유황천,473,연천 2024_04.csv,체험관광,웰니스관광
연천,2024,4,2024-04,19,경기도,연천군,초성리역폐역,463,연천 2024_04.csv,기타관광,교통시설
연천,2024,4,2024-04,20,경기도,연천군,연천경순왕릉,452,연천 2024_04.csv,역사관광,역사유적지
연천,2024,4,2024-04,21,경기도,연천군,연천고랑포구역사공원,439,연천 2024_04.csv,문화관광,도시공원
연천,2024,4,2024-04,22,경기도,연천군,임진강주상절리,396,연천 2024_04.csv,기타관광,기타관광
연천,2024,4,2024-04,23,경기도,연천군,허브빌리지,370,연천 2024_04.csv,체험관광,농/산/어촌체험
연천,2024,4,2024-04,24,경기도,연천군,숭의전,361,연천 2024_04.csv,역사관광,종교성지
연천,2024,4,2024-04,25,경기도,연천군,유성미디어촬영소,341,연천 2024_04.csv,문화관광,기타문화관광지
연천,2024,4,2024-04,26,경기도,연천군,신망리역폐역,320,연천 2024_04.csv,기타관광,교통시설
연천,2024,4,2024-04,27,경기도,연천군,임진강댑싸리공원,304,연천 2024_04.csv,문화관광,도시공원
연천,2024,4,2024-04,28,경기도,연천군,스타스튜디오,288,연천 2024_04.csv,문화관광,기타문화관광지
연천,2024,4,2024-04,28,경기도,연천군,연천수레울아트홀,288,연천 2024_04.csv,문화관광,공연시설
연천,2024,4,2024-04,30,경기도,연천군,한탄강어린이교통랜드,271,연천 2024_04.csv,문화관광,도시공원
연천,2024,4,2024-04,31,경기도,연천군,연천군청소년수련관,230,연천 2024_04.csv,레저스포츠,육상레저스포츠
연천,2024,4,2024-04,32,경기도,연천군,은대근린공원,222,연천 2024_04.csv,문화관광,도시공원
연천,2024,4,2024-04,33,경기도,연천군,동막골유원지,219,연천 2024_04.csv,문화관광,복합관광시설
연천,2024,4,2024-04,34,경기도,연천군,수불사,207,연천 2024_04.csv,역사관광,종교성지
연천,2024,4,2024-04,35,경기도,연천군,전곡근린공원,165,연천 2024_04.csv,문화관광,도시공원
연천,2024,4,2024-04,36,경기도,연천군,동막계곡,163,연천 2024_04.csv,자연관광,자연경관(산)
연천,2024,4,2024-04,37,경기도,연천군,코리아승마클럽,162,연천 2024_04.csv,레저스포츠,육상레저스포츠
연천,2024,4,2024-04,38,경기도,연천군,스튜디오330,151,연천 2024_04.csv,문화관광,기타문화관광지
연천,2024,4,2024-04,39,경기도,연천군,연천승마공원,145,연천 2024_04.csv,레저스포츠,육상레저스포츠
연천,2024,4,2024-04,40,경기도,연천군,연천파크골프장,138,연천 2024_04.csv,레저스포츠,육상레저스포츠
연천,2024,4,2024-04,41,경기도,연천군,좌상바위,129,연천 2024_04.csv,기타관광,기타관광
연천,2024,4,2024-04,42,경기도,연천군,삼화리낚시터,122,연천 2024_04.csv,레저스포츠,수상레저스포츠
연천,2024,4,2024-04,43,경기도,연천군,연천공영버스터미널,120,연천 2024_04.csv,기타관광,교통시설
연천,2024,4,2024-04,44,경기도,연천군,진상리축구장,116,연천 2024_04.csv,문화관광,레저스포츠시설
연천,2024,4,2024-04,45,경기도,연천군,지오낚시터,111,연천 2024_04.csv,레저스포츠,수상레저스포츠
연천,2024,4,2024-04,46,경기도,연천군,제31회연천구석기축제,110,연천 2024_04.csv,문화관광,기타문화관광지
연천,2024,4,2024-04,47,경기도,연천군,재인폭포출렁다리,105,연천 2024_04.csv,기타관광,기타관광
연천,2024,4,2024-04,48,경기도,연천군,스튜디오 포시즌,103,연천 2024_04.csv,문화관광,기타문화관광지
연천,2024,4,2024-04,49,경기도,연천군,한탄강관광지축구장,93,연천 2024_04.csv,문화관광,레저스포츠시설
연천,2024,4,2024-04,50,경기도,연천군,그리팅맨,92,연천 2024_04.csv,역사관광,역사유물
연천,2024,4,2024-04,51,경기도,연천군,연천오일장,88,연천 2024_04.csv,쇼핑,시장
연천,2024,4,2024-04,52,경기도,연천군,선곡베이스볼파크,87,연천 2024_04.csv,문화관광,레저스포츠시설
연천,2024,4,2024-04,53,경기도,연천군,열두개울계곡,84,연천 2024_04.csv,자연관광,자연경관(산)
연천,2024,4,2024-04,54,경기도,연천군,백학지낚시터,83,연천 2024_04.csv,레저스포츠,수상레저스포츠
연천,2024,4,2024-04,55,경기도,연천군,에이펙스트랙&라이딩스쿨,82,연천 2024_04.csv,레저스포츠,기타레저스포츠
연천,2024,4,2024-04,55,경기도,연천군,원심원사,82,연천 2024_04.csv,역사관광,종교성지
연천,2024,4,2024-04,57,경기도,연천군,전곡낚시터,81,연천 2024_04.csv,레저스포츠,수상레저스포츠
연천,2024,4,2024-04,58,경기도,연천군,연천군 신서면 소목개마을,80,연천 2024_04.csv,문화관광,도시/지역문화관광
연천,2024,4,2024-04,59,경기도,연천군,들꽃가람농장,79,연천 2024_04.csv,체험관광,농/산/어촌체험
연천,2024,4,2024-04,60,경기도,연천군,모아베리교육농장,78,연천 2024_04.csv,체험관광,농/산/어촌체험
연천,2024,4,2024-04,61,경기도,연천군,두루미테마파크,67,연천 2024_04.csv,기타관광,기타관광
연천,2024,4,2024-04,62,경기도,연천군,상승전망대,57,연천 2024_04.csv,문화관광,랜드마크관광
연천,2024,4,2024-04,63,경기도,연천군,한국수자원공사한탄강댐물문화관,51,연천 2024_04.csv,문화관광,전시시설
연천,2024,4,2024-04,64,경기도,연천군,연천호로고루홍보관,50,연천 2024_04.csv,문화관광,전시시설
연천,2024,4,2024-04,64,경기도,연천군,연천전곡리유적방문자센터,50,연천 2024_04.csv,기타관광,기타관광
연천,2024,4,2024-04,66,경기도,연천군,백학낚시터,48,연천 2024_04.csv,레저스포츠,수상레저스포츠
연천,2024,4,2024-04,67,경기도,연천군,고대산,39,연천 2024_04.csv,자연관광,자연경관(산)
연천,2024,4,2024-04,67,경기도,연천군,연천은대리성,39,연천 2024_04.csv,역사관광,역사유적지
연천,2024,4,2024-04,69,경기도,연천군,임진물새롬랜드,36,연천 2024_04.csv,문화관광,도시공원
연천,2024,4,2024-04,70,경기도,연천군,연천숭의전지,34,연천 2024_04.csv,역사관광,역사유적지
연천,2024,4,2024-04,71,경기도,연천군,드라마21세기스튜디오,33,연천 2024_04.csv,문화관광,기타문화관광지
연천,2024,4,2024-04,71,경기도,연천군,한탄강역폐역,33,연천 2024_04.csv,기타관광,교통시설
연천,2024,4,2024-04,71,경기도,연천군,대화사,33,연천 2024_04.csv,역사관광,종교성지
연천,2024,4,2024-04,71,경기도,연천군,연강갤러리,33,연천 2024_04.csv,문화관광,전시시설
연천,2024,4,2024-04,75,경기도,연천군,아우라지베개용암탐방안내소,27,연천 2024_04.csv,기타관광,기타관광
연천,2024,4,2024-04,76,경기도,연천군,차탄천주상절리,26,연천 2024_04.csv,기타관광,기타관광
연천,2024,4,2024-04,77,경기도,연천군,고랑포구,23,연천 2024_04.csv,자연관광,자연경관(하천/해양)
연천,2024,4,2024-04,78,경기도,연천군,고인돌공원,22,연천 2024_04.csv,문화관광,도시공원
연천,2024,4,2024-04,79,경기도,연천군,보국사,21,연천 2024_04.csv,역사관광,종교성지
연천,2024,4,2024-04,80,경기도,연천군,임진강주상절리카약,20,연천 2024_04.csv,레저스포츠,수상레저스포츠
연천,2024,4,2024-04,80,경기도,연천군,돌둥지유원지,20,연천 2024_04.csv,문화관광,복합관광시설
연천,2024,4,2024-04,82,경기도,연천군,재인팜,19,연천 2024_04.csv,체험관광,농/산/어촌체험
연천,2024,4,2024-04,83,경기도,연천군,연천로하스파크,17,연천 2024_04.csv,기타관광,기타관광
연천,2024,4,2024-04,84,경기도,연천군,한탄강물놀이장,16,연천 2024_04.csv,문화관광,테마공원
연천,2024,4,2024-04,85,경기도,연천군,안일농장,15,연천 2024_04.csv,체험관광,농/산/어촌체험
연천,2024,4,2024-04,86,경기도,연천군,종자와시인 박물관,13,연천 2024_04.csv,문화관광,전시시설
연천,2024,4,2024-04,86,경기도,연천군,사랑이네농원,13,연천 2024_04.csv,체험관광,농/산/어촌체험
연천,2024,4,2024-04,88,경기도,연천군,망곡산둘레길,11,연천 2024_04.csv,기타관광,기타관광
연천,2024,4,2024-04,89,경기도,연천군,연천향교,8,연천 2024_04.csv,역사관광,역사유적지
연천,2024,4,2024-04,89,경기도,연천군,연천유엔군화장장시설,8,연천 2024_04.csv,기타관광,기타관광
연천,2024,4,2024-04,91,경기도,연천군,조각가박시동미술관,7,연천 2024_04.csv,문화관광,전시시설
연천,2024,4,2024-04,92,경기도,연천군,DMZ피스브릭하우스,6,연천 2024_04.csv,문화관광,기타문화관광지
연천,2024,4,2024-04,92,경기도,연천군,령신산기도도량,6,연천 2024_04.csv,역사관광,종교성지
연천,2024,4,2024-04,92,경기도,연천군,백학역사박물관,6,연천 2024_04.csv,문화관광,전시시설
연천,2024,4,2024-04,92,경기도,연천군,연천북방산개구리농장,6,연천 2024_04.csv,체험관광,농/산/어촌체험
연천,2024,4,2024-04,96,경기도,연천군,연천종합운동장인조구장,4,연천 2024_04.csv,문화관광,레저스포츠시설
연천,2024,4,2024-04,96,경기도,연천군,고대정,4,연천 2024_04.csv,레저스포츠,육상레저스포츠
연천,2024,4,2024-04,96,경기도,연천군,옹달샘농원,4,연천 2024_04.csv,체험관광,농/산/어촌체험
연천,2024,4,2024-04,99,경기도,연천군,백의리층,3,연천 2024_04.csv,기타관광,기타관광
연천,2024,4,2024-04,99,경기도,연천군,연천신답리고분,3,연천 2024_04.csv,역사관광,역사유적지
연천,2024,4,2024-04,99,경기도,연천군,동막리응회암,3,연천 2024_04.csv,기타관광,기타관광
연천,2024,4,2024-04,99,경기도,연천군,청산공원,3,연천 2024_04.csv,문화관광,도시공원
연천,2024,4,2024-04,99,경기도,연천군,시원농장,3,연천 2024_04.csv,체험관광,농/산/어촌체험
연천,2024,4,2024-04,99,경기도,연천군,법성사,3,연천 2024_04.csv,역사관광,종교성지
연천,2024,4,2024-04,99,경기도,연천군,연천양원리고인돌,3,연천 2024_04.csv,역사관광,역사유적지
연천,2024,4,2024-04,99,경기도,연천군,기황후묘,3,연천 2024_04.csv,역사관광,역사유적지
연천,2024,4,2024-04,99,경기도,연천군,사씨사과농장,3,연천 2024_04.csv,체험관광,농/산/어촌체험
연천,2024,4,2024-04,99,경기도,연천군,징기스칸승마클럽,3,연천 2024_04.csv,레저스포츠,육상레저스포츠
연천,2024,4,2024-04,99,경기도,연천군,물바위유원지,3,연천 2024_04.csv,문화관광,복합관광시설
연천,2024,4,2024-04,99,경기도,연천군,노스폴CC,3,연천 2024_04.csv,레저스포츠,육상레저스포츠
연천,2024,4,2024-04,99,경기도,연천군,정발장군묘,3,연천 2024_04.csv,역사관광,역사유적지
연천,2024,4,2024-04,99,경기도,연천군,연천역급수탑,3,연천 2024_04.csv,역사관광,역사유적지
연천,2024,4,2024-04,99,경기도,연천군,석장리미술관조각공원,3,연천 2024_04.csv,문화관광,도시공원
연천,2024,4,2024-04,99,경기도,연천군,차탄천낚시터,3,연천 2024_04.csv,레저스포츠,수상레저스포츠
연천,2024,4,2024-04,99,경기도,연천군,능혜사,3,연천 2024_04.csv,역사관광,종교성지
연천,2024,4,2024-04,99,경기도,연천군,역고드름,3,연천 2024_04.csv,기타관광,기타관광
연천,2024,4,2024-04,99,경기도,연천군,옥녀봉,3,연천 2024_04.csv,자연관광,자연경관(산)
연천,2024,4,2024-04,99,경기도,연천군,다솔관광농원,3,연천 2024_04.csv,체험관광,농/산/어촌체험
연천,2024,4,2024-04,99,경기도,연천군,포천아우라지베개용암,3,연천 2024_04.csv,기타관광,기타관광
연천,2024,4,2024-04,99,경기도,연천군,지장암,3,연천 2024_04.csv,역사관광,종교성지
연천,2024,4,2024-04,99,경기도,연천군,자연그림터꽃나루,3,연천 2024_04.csv,문화관광,전시시설
연천,2024,5,2024-05,1,경기도,연천군,자유로CC,6748,연천 2024_05.csv,레저스포츠,육상레저스포츠
연천,2024,5,2024-05,2,경기도,연천군,전곡역,6587,연천 2024_05.csv,기타관광,교통시설
연천,2024,5,2024-05,3,경기도,연천군,재인폭포,5552,연천 2024_05.csv,자연관광,자연경관(산)
연천,2024,5,2024-05,4,경기도,연천군,제31회연천구석기축제,4069,연천 2024_05.csv,문화관광,기타문화관광지
연천,2024,5,2024-05,5,경기도,연천군,연천전곡리유적,2404,연천 2024_05.csv,역사관광,역사유적지
연천,2024,5,2024-05,6,경기도,연천군,연천역,2315,연천 2024_05.csv,기타관광,교통시설
연천,2024,5,2024-05,7,경기도,연천군,전곡선사박물관,2062,연천 2024_05.csv,문화관광,전시시설
연천,2024,5,2024-05,8,경기도,연천군,연천호로고루,1796,연천 2024_05.csv,역사관광,역사유적지
연천,2024,5,2024-05,9,경기도,연천군,한탄강관광지어린이캐릭터공원,1444,연천 2024_05.csv,문화관광,도시공원
연천,2024,5,2024-05,10,경기도,연천군,대광리역,1393,연천 2024_05.csv,기타관광,교통시설
연천,2024,5,2024-05,11,경기도,연천군,연천당포성,1266,연천 2024_05.csv,역사관광,역사유적지
연천,2024,5,2024-05,12,경기도,연천군,전곡전통시장,1041,연천 2024_05.csv,쇼핑,시장
연천,2024,5,2024-05,13,경기도,연천군,한탄강관광지,1001,연천 2024_05.csv,문화관광,복합관광시설
연천,2024,5,2024-05,14,경기도,연천군,백학저수지,959,연천 2024_05.csv,자연관광,자연경관(하천/해양)
연천,2024,5,2024-05,15,경기도,연천군,고대산자연휴양림,923,연천 2024_05.csv,자연관광,자연공원
연천,2024,5,2024-05,16,경기도,연천군,전곡터미널,891,연천 2024_05.csv,기타관광,교통시설
연천,2024,5,2024-05,17,경기도,연천군,연천파크골프장,872,연천 2024_05.csv,레저스포츠,육상레저스포츠
연천,2024,5,2024-05,18,경기도,연천군,연천고랑포구역사공원,773,연천 2024_05.csv,문화관광,도시공원
연천,2024,5,2024-05,19,경기도,연천군,태풍전망대,720,연천 2024_05.csv,문화관광,랜드마크관광
연천,2024,5,2024-05,20,경기도,연천군,연천경순왕릉,671,연천 2024_05.csv,역사관광,역사유적지
연천,2024,5,2024-05,21,경기도,연천군,신탄리역,606,연천 2024_05.csv,기타관광,교통시설
연천,2024,5,2024-05,22,경기도,연천군,동막골유황천,530,연천 2024_05.csv,체험관광,웰니스관광
연천,2024,5,2024-05,23,경기도,연천군,스튜디오 포시즌,505,연천 2024_05.csv,문화관광,기타문화관광지
연천,2024,5,2024-05,24,경기도,연천군,열쇠전망대,499,연천 2024_05.csv,문화관광,랜드마크관광
연천,2024,5,2024-05,25,경기도,연천군,허브빌리지,491,연천 2024_05.csv,체험관광,농/산/어촌체험
연천,2024,5,2024-05,26,경기도,연천군,임진강주상절리,479,연천 2024_05.csv,기타관광,기타관광
연천,2024,5,2024-05,27,경기도,연천군,초성리역폐역,461,연천 2024_05.csv,기타관광,교통시설
연천,2024,5,2024-05,28,경기도,연천군,동막골유원지,394,연천 2024_05.csv,문화관광,복합관광시설
연천,2024,5,2024-05,29,경기도,연천군,신망리역폐역,390,연천 2024_05.csv,기타관광,교통시설
연천,2024,5,2024-05,30,경기도,연천군,동막계곡,369,연천 2024_05.csv,자연관광,자연경관(산)
연천,2024,5,2024-05,31,경기도,연천군,숭의전,332,연천 2024_05.csv,역사관광,종교성지
연천,2024,5,2024-05,32,경기도,연천군,전곡낚시터,323,연천 2024_05.csv,레저스포츠,수상레저스포츠
연천,2024,5,2024-05,33,경기도,연천군,지오낚시터,321,연천 2024_05.csv,레저스포츠,수상레저스포츠
연천,2024,5,2024-05,34,경기도,연천군,임진강댑싸리공원,273,연천 2024_05.csv,문화관광,도시공원
연천,2024,5,2024-05,35,경기도,연천군,연천군청소년수련관,238,연천 2024_05.csv,레저스포츠,육상레저스포츠
연천,2024,5,2024-05,36,경기도,연천군,연천수레울아트홀,208,연천 2024_05.csv,문화관광,공연시설
연천,2024,5,2024-05,37,경기도,연천군,수불사,186,연천 2024_05.csv,역사관광,종교성지
연천,2024,5,2024-05,38,경기도,연천군,삼화리낚시터,174,연천 2024_05.csv,레저스포츠,수상레저스포츠
연천,2024,5,2024-05,39,경기도,연천군,고대정,170,연천 2024_05.csv,레저스포츠,육상레저스포츠
연천,2024,5,2024-05,40,경기도,연천군,유성미디어촬영소,169,연천 2024_05.csv,문화관광,기타문화관광지
연천,2024,5,2024-05,41,경기도,연천군,재인폭포출렁다리,160,연천 2024_05.csv,기타관광,기타관광
연천,2024,5,2024-05,41,경기도,연천군,열두개울계곡,160,연천 2024_05.csv,자연관광,자연경관(산)
연천,2024,5,2024-05,43,경기도,연천군,연천전곡리유적방문자센터,156,연천 2024_05.csv,기타관광,기타관광
연천,2024,5,2024-05,44,경기도,연천군,좌상바위,154,연천 2024_05.csv,기타관광,기타관광
연천,2024,5,2024-05,45,경기도,연천군,연천공영버스터미널,139,연천 2024_05.csv,기타관광,교통시설
연천,2024,5,2024-05,46,경기도,연천군,스튜디오330,135,연천 2024_05.csv,문화관광,기타문화관광지
연천,2024,5,2024-05,47,경기도,연천군,원심원사,125,연천 2024_05.csv,역사관광,종교성지
연천,2024,5,2024-05,48,경기도,연천군,코리아승마클럽,118,연천 2024_05.csv,레저스포츠,육상레저스포츠
연천,2024,5,2024-05,49,경기도,연천군,진상리축구장,101,연천 2024_05.csv,문화관광,레저스포츠시설
연천,2024,5,2024-05,50,경기도,연천군,연천오일장,99,연천 2024_05.csv,쇼핑,시장
연천,2024,5,2024-05,51,경기도,연천군,한탄강관광지축구장,95,연천 2024_05.csv,문화관광,레저스포츠시설
연천,2024,5,2024-05,52,경기도,연천군,대화사,91,연천 2024_05.csv,역사관광,종교성지
연천,2024,5,2024-05,53,경기도,연천군,상승전망대,88,연천 2024_05.csv,문화관광,랜드마크관광
연천,2024,5,2024-05,54,경기도,연천군,연천군 신서면 소목개마을,86,연천 2024_05.csv,문화관광,도시/지역문화관광
연천,2024,5,2024-05,55,경기도,연천군,그리팅맨,83,연천 2024_05.csv,역사관광,역사유물
연천,2024,5,2024-05,56,경기도,연천군,에이펙스트랙&라이딩스쿨,80,연천 2024_05.csv,레저스포츠,기타레저스포츠
연천,2024,5,2024-05,57,경기도,연천군,연천호로고루홍보관,76,연천 2024_05.csv,문화관광,전시시설
연천,2024,5,2024-05,58,경기도,연천군,연천승마공원,72,연천 2024_05.csv,레저스포츠,육상레저스포츠
연천,2024,5,2024-05,58,경기도,연천군,선곡베이스볼파크,72,연천 2024_05.csv,문화관광,레저스포츠시설
연천,2024,5,2024-05,60,경기도,연천군,백학낚시터,70,연천 2024_05.csv,레저스포츠,수상레저스포츠
연천,2024,5,2024-05,61,경기도,연천군,백학지낚시터,68,연천 2024_05.csv,레저스포츠,수상레저스포츠
연천,2024,5,2024-05,61,경기도,연천군,들꽃가람농장,68,연천 2024_05.csv,체험관광,농/산/어촌체험
연천,2024,5,2024-05,63,경기도,연천군,한국수자원공사한탄강댐물문화관,62,연천 2024_05.csv,문화관광,전시시설
연천,2024,5,2024-05,64,경기도,연천군,아우라지베개용암탐방안내소,60,연천 2024_05.csv,기타관광,기타관광
연천,2024,5,2024-05,65,경기도,연천군,모아베리교육농장,55,연천 2024_05.csv,체험관광,농/산/어촌체험
연천,2024,5,2024-05,66,경기도,연천군,유나네자연숲농장,52,연천 2024_05.csv,체험관광,농/산/어촌체험
연천,2024,5,2024-05,67,경기도,연천군,스타스튜디오,51,연천 2024_05.csv,문화관광,기타문화관광지
연천,2024,5,2024-05,68,경기도,연천군,두루미테마파크,45,연천 2024_05.csv,기타관광,기타관광
연천,2024,5,2024-05,69,경기도,연천군,임진강주상절리카약,40,연천 2024_05.csv,레저스포츠,수상레저스포츠
연천,2024,5,2024-05,70,경기도,연천군,한탄강물놀이장,38,연천 2024_05.csv,문화관광,테마공원
연천,2024,5,2024-05,71,경기도,연천군,돌둥지유원지,36,연천 2024_05.csv,문화관광,복합관광시설
연천,2024,5,2024-05,72,경기도,연천군,전곡근린공원,34,연천 2024_05.csv,문화관광,도시공원
연천,2024,5,2024-05,72,경기도,연천군,한탄강역폐역,34,연천 2024_05.csv,기타관광,교통시설
연천,2024,5,2024-05,74,경기도,연천군,은대근린공원,33,연천 2024_05.csv,문화관광,도시공원
연천,2024,5,2024-05,74,경기도,연천군,연천은대리성,33,연천 2024_05.csv,역사관광,역사유적지
연천,2024,5,2024-05,74,경기도,연천군,차탄천주상절리,33,연천 2024_05.csv,기타관광,기타관광
연천,2024,5,2024-05,77,경기도,연천군,고랑포구,32,연천 2024_05.csv,자연관광,자연경관(하천/해양)
연천,2024,5,2024-05,78,경기도,연천군,임진물새롬랜드,31,연천 2024_05.csv,문화관광,도시공원
연천,2024,5,2024-05,79,경기도,연천군,고인돌공원,29,연천 2024_05.csv,문화관광,도시공원
연천,2024,5,2024-05,79,경기도,연천군,고대산,29,연천 2024_05.csv,자연관광,자연경관(산)
연천,2024,5,2024-05,81,경기도,연천군,드라마21세기스튜디오,27,연천 2024_05.csv,문화관광,기타문화관광지
연천,2024,5,2024-05,82,경기도,연천군,정발장군묘,25,연천 2024_05.csv,역사관광,역사유적지
연천,2024,5,2024-05,83,경기도,연천군,연천숭의전지,21,연천 2024_05.csv,역사관광,역사유적지
연천,2024,5,2024-05,83,경기도,연천군,역고드름,21,연천 2024_05.csv,기타관광,기타관광
연천,2024,5,2024-05,85,경기도,연천군,연천로하스파크,20,연천 2024_05.csv,기타관광,기타관광
연천,2024,5,2024-05,86,경기도,연천군,안일농장,19,연천 2024_05.csv,체험관광,농/산/어촌체험
연천,2024,5,2024-05,87,경기도,연천군,보국사,18,연천 2024_05.csv,역사관광,종교성지
연천,2024,5,2024-05,88,경기도,연천군,스튜디오139,17,연천 2024_05.csv,문화관광,기타문화관광지
연천,2024,5,2024-05,89,경기도,연천군,현정사,16,연천 2024_05.csv,역사관광,종교성지
연천,2024,5,2024-05,90,경기도,연천군,종자와시인 박물관,15,연천 2024_05.csv,문화관광,전시시설
연천,2024,5,2024-05,91,경기도,연천군,령신산기도도량,14,연천 2024_05.csv,역사관광,종교성지
연천,2024,5,2024-05,91,경기도,연천군,아미사,14,연천 2024_05.csv,역사관광,종교성지
연천,2024,5,2024-05,91,경기도,연천군,능혜사,14,연천 2024_05.csv,역사관광,종교성지
연천,2024,5,2024-05,94,경기도,연천군,태황사,13,연천 2024_05.csv,역사관광,종교성지
연천,2024,5,2024-05,94,경기도,연천군,사랑이네농원,13,연천 2024_05.csv,체험관광,농/산/어촌체험
연천,2024,5,2024-05,96,경기도,연천군,창산건강원,12,연천 2024_05.csv,체험관광,농/산/어촌체험
연천,2024,5,2024-05,96,경기도,연천군,연강갤러리,12,연천 2024_05.csv,문화관광,전시시설
연천,2024,5,2024-05,98,경기도,연천군,망곡산둘레길,11,연천 2024_05.csv,기타관광,기타관광
연천,2024,5,2024-05,98,경기도,연천군,연천역급수탑,11,연천 2024_05.csv,역사관광,역사유적지
연천,2024,5,2024-05,98,경기도,연천군,호국육화사,11,연천 2024_05.csv,역사관광,종교성지
연천,2024,5,2024-05,101,경기도,연천군,은대리판상절리,10,연천 2024_05.csv,기타관광,기타관광
연천,2024,5,2024-05,101,경기도,연천군,너나들이노리파크전곡점,10,연천 2024_05.csv,문화관광,테마공원
연천,2024,5,2024-05,101,경기도,연천군,댕골농장,10,연천 2024_05.csv,체험관광,농/산/어촌체험
연천,2024,5,2024-05,101,경기도,연천군,재인팜,10,연천 2024_05.csv,체험관광,농/산/어촌체험
연천,2024,5,2024-05,101,경기도,연천군,연천향교,10,연천 2024_05.csv,역사관광,역사유적지
연천,2024,5,2024-05,101,경기도,연천군,학소정,10,연천 2024_05.csv,레저스포츠,육상레저스포츠
연천,2024,5,2024-05,101,경기도,연천군,청정암,10,연천 2024_05.csv,역사관광,종교성지
연천,2024,5,2024-05,101,경기도,연천군,포천아우라지베개용암,10,연천 2024_05.csv,기타관광,기타관광
연천,2024,5,2024-05,109,경기도,연천군,백의리층,9,연천 2024_05.csv,기타관광,기타관광
연천,2024,5,2024-05,110,경기도,연천군,본원사,8,연천 2024_05.csv,역사관광,종교성지
연천,2024,5,2024-05,111,경기도,연천군,법성사,7,연천 2024_05.csv,역사관광,종교성지
연천,2024,5,2024-05,111,경기도,연천군,샘터유원지,7,연천 2024_05.csv,문화관광,복합관광시설
연천,2024,5,2024-05,111,경기도,연천군,애심목장,7,연천 2024_05.csv,체험관광,농/산/어촌체험
연천,2024,5,2024-05,111,경기도,연천군,임진강장어직판장,7,연천 2024_05.csv,체험관광,농/산/어촌체험
연천,2024,5,2024-05,115,경기도,연천군,연천종합운동장인조구장,6,연천 2024_05.csv,문화관광,레저스포츠시설
연천,2024,5,2024-05,115,경기도,연천군,연천역관광안내소,6,연천 2024_05.csv,기타관광,기타관광
연천,2024,5,2024-05,115,경기도,연천군,청산커뮤니티아트센터,6,연천 2024_05.csv,문화관광,기타문화관광지
연천,2024,5,2024-05,115,경기도,연천군,토층전시관,6,연천 2024_05.csv,문화관광,전시시설
연천,2024,5,2024-05,115,경기도,연천군,임진강유원지,6,연천 2024_05.csv,문화관광,복합관광시설
연천,2024,5,2024-05,115,경기도,연천군,차탄천낚시터,6,연천 2024_05.csv,레저스포츠,수상레저스포츠
연천,2024,5,2024-05,115,경기도,연천군,심원사지,6,연천 2024_05.csv,역사관광,종교성지
연천,2024,5,2024-05,122,경기도,연천군,물바위유원지,5,연천 2024_05.csv,문화관광,복합관광시설
연천,2024,5,2024-05,123,경기도,연천군,연천북방산개구리농장,4,연천 2024_05.csv,체험관광,농/산/어촌체험
연천,2024,5,2024-05,123,경기도,연천군,연천양어장,4,연천 2024_05.csv,체험관광,농/산/어촌체험
연천,2024,5,2024-05,123,경기도,연천군,조각가박시동미술관,4,연천 2024_05.csv,문화관광,전시시설
연천,2024,5,2024-05,123,경기도,연천군,임진강평화습지원,4,연천 2024_05.csv,문화관광,도시공원
연천,2024,5,2024-05,123,경기도,연천군,신중사,4,연천 2024_05.csv,역사관광,종교성지
연천,2024,5,2024-05,123,경기도,연천군,평화누리길11코스,4,연천 2024_05.csv,레저스포츠,기타레저스포츠
연천,2024,5,2024-05,123,경기도,연천군,아미타사,4,연천 2024_05.csv,역사관광,종교성지
연천,2024,5,2024-05,123,경기도,연천군,교통안전체험전시관,4,연천 2024_05.csv,문화관광,전시시설
연천,2024,5,2024-05,123,경기도,연천군,북진약수터,4,연천 2024_05.csv,자연관광,자연경관(산)
연천,2024,5,2024-05,123,경기도,연천군,옹달샘농원,4,연천 2024_05.csv,체험관광,농/산/어촌체험
연천,2024,5,2024-05,123,경기도,연천군,연천학곡리적석총,4,연천 2024_05.csv,역사관광,역사유적지
연천,2024,5,2024-05,123,경기도,연천군,자연그림터꽃나루,4,연천 2024_05.csv,문화관광,전시시설
연천,2024,5,2024-05,135,경기도,연천군,차탄천 에움길,3,연천 2024_05.csv,레저스포츠,기타레저스포츠
연천,2024,5,2024-05,135,경기도,연천군,시원농장,3,연천 2024_05.csv,체험관광,농/산/어촌체험
연천,2024,5,2024-05,135,경기도,연천군,신탄리약수터,3,연천 2024_05.csv,자연관광,자연경관(산)
연천,2024,5,2024-05,135,경기도,연천군,내리사과농원,3,연천 2024_05.csv,체험관광,농/산/어촌체험
연천,2024,5,2024-05,135,경기도,연천군,징기스칸승마클럽,3,연천 2024_05.csv,레저스포츠,육상레저스포츠
연천,2024,5,2024-05,135,경기도,연천군,구미리체육공원,3,연천 2024_05.csv,문화관광,도시공원
연천,2024,5,2024-05,135,경기도,연천군,연천삼곶리돌무지무덤,3,연천 2024_05.csv,역사관광,역사유적지
연천,2024,5,2024-05,135,경기도,연천군,희둘영목장,3,연천 2024_05.csv,체험관광,농/산/어촌체험
연천,2024,5,2024-05,135,경기도,연천군,자라바위상회,3,연천 2024_05.csv,레저스포츠,기타레저스포츠
연천,2024,5,2024-05,135,경기도,연천군,연천쇼핑센터,3,연천 2024_05.csv,쇼핑,쇼핑몰
연천,2024,5,2024-05,135,경기도,연천군,광동양어장,3,연천 2024_05.csv,체험관광,농/산/어촌체험
연천,2024,5,2024-05,135,경기도,연천군,연천유엔군화장장시설,3,연천 2024_05.csv,기타관광,기타관광
연천,2024,5,2024-05,135,경기도,연천군,석장리미술관조각공원,3,연천 2024_05.csv,문화관광,도시공원
연천,2024,5,2024-05,135,경기도,연천군,종자산,3,연천 2024_05.csv,자연관광,자연경관(산)
연천,2024,5,2024-05,135,경기도,연천군,삼성사,3,연천 2024_05.csv,역사관광,종교성지
연천,2024,5,2024-05,135,경기도,연천군,연천코스모스둘레길,3,연천 2024_05.csv,기타관광,기타관광
연천,2024,5,2024-05,135,경기도,연천군,범바위알밤농원,3,연천 2024_05.csv,체험관광,농/산/어촌체험
연천,2024,5,2024-05,135,경기도,연천군,필리핀군참전비,3,연천 2024_05.csv,역사관광,역사유물
연천,2024,5,2024-05,135,경기도,연천군,다솔관광농원,3,연천 2024_05.csv,체험관광,농/산/어촌체험
연천,2024,5,2024-05,135,경기도,연천군,지장암,3,연천 2024_05.csv,역사관광,종교성지
연천,2024,5,2024-05,135,경기도,연천군,연천어린이공원,3,연천 2024_05.csv,문화관광,도시공원
연천,2024,5,2024-05,135,경기도,연천군,삼천리목장,3,연천 2024_05.csv,체험관광,농/산/어촌체험
연천,2024,6,2024-06,1,경기도,연천군,자유로CC,6474,연천 2024_06.csv,레저스포츠,육상레저스포츠
연천,2024,6,2024-06,2,경기도,연천군,전곡역,6150,연천 2024_06.csv,기타관광,교통시설
연천,2024,6,2024-06,3,경기도,연천군,재인폭포,5366,연천 2024_06.csv,자연관광,자연경관(산)
연천,2024,6,2024-06,4,경기도,연천군,연천역,2212,연천 2024_06.csv,기타관광,교통시설
연천,2024,6,2024-06,5,경기도,연천군,대광리역,1484,연천 2024_06.csv,기타관광,교통시설
연천,2024,6,2024-06,6,경기도,연천군,전곡선사박물관,1471,연천 2024_06.csv,문화관광,전시시설
연천,2024,6,2024-06,7,경기도,연천군,연천호로고루,1450,연천 2024_06.csv,역사관광,역사유적지
연천,2024,6,2024-06,8,경기도,연천군,한탄강관광지어린이캐릭터공원,1288,연천 2024_06.csv,문화관광,도시공원
연천,2024,6,2024-06,9,경기도,연천군,연천당포성,1281,연천 2024_06.csv,역사관광,역사유적지
연천,2024,6,2024-06,10,경기도,연천군,전곡전통시장,1057,연천 2024_06.csv,쇼핑,시장
연천,2024,6,2024-06,11,경기도,연천군,동막계곡,999,연천 2024_06.csv,자연관광,자연경관(산)
연천,2024,6,2024-06,12,경기도,연천군,고대산자연휴양림,963,연천 2024_06.csv,자연관광,자연공원
연천,2024,6,2024-06,13,경기도,연천군,연천파크골프장,928,연천 2024_06.csv,레저스포츠,육상레저스포츠
연천,2024,6,2024-06,14,경기도,연천군,한탄강관광지,911,연천 2024_06.csv,문화관광,복합관광시설
연천,2024,6,2024-06,15,경기도,연천군,백학저수지,909,연천 2024_06.csv,자연관광,자연경관(하천/해양)
연천,2024,6,2024-06,16,경기도,연천군,전곡터미널,801,연천 2024_06.csv,기타관광,교통시설
연천,2024,6,2024-06,17,경기도,연천군,연천전곡리유적,771,연천 2024_06.csv,역사관광,역사유적지
연천,2024,6,2024-06,18,경기도,연천군,동막골유원지,698,연천 2024_06.csv,문화관광,복합관광시설
연천,2024,6,2024-06,19,경기도,연천군,태풍전망대,680,연천 2024_06.csv,문화관광,랜드마크관광
연천,2024,6,2024-06,20,경기도,연천군,연천고랑포구역사공원,677,연천 2024_06.csv,문화관광,도시공원
연천,2024,6,2024-06,21,경기도,연천군,진상리축구장,594,연천 2024_06.csv,문화관광,레저스포츠시설
연천,2024,6,2024-06,21,경기도,연천군,한탄강관광지축구장,594,연천 2024_06.csv,문화관광,레저스포츠시설
연천,2024,6,2024-06,23,경기도,연천군,신탄리역,593,연천 2024_06.csv,기타관광,교통시설
연천,2024,6,2024-06,24,경기도,연천군,스튜디오 포시즌,590,연천 2024_06.csv,문화관광,기타문화관광지
연천,2024,6,2024-06,25,경기도,연천군,동막골유황천,520,연천 2024_06.csv,체험관광,웰니스관광
연천,2024,6,2024-06,26,경기도,연천군,임진강주상절리,508,연천 2024_06.csv,기타관광,기타관광
연천,2024,6,2024-06,27,경기도,연천군,열쇠전망대,506,연천 2024_06.csv,문화관광,랜드마크관광
연천,2024,6,2024-06,28,경기도,연천군,연천경순왕릉,493,연천 2024_06.csv,역사관광,역사유적지
연천,2024,6,2024-06,29,경기도,연천군,초성리역폐역,463,연천 2024_06.csv,기타관광,교통시설
연천,2024,6,2024-06,30,경기도,연천군,허브빌리지,392,연천 2024_06.csv,체험관광,농/산/어촌체험
연천,2024,6,2024-06,31,경기도,연천군,신망리역폐역,348,연천 2024_06.csv,기타관광,교통시설
연천,2024,6,2024-06,32,경기도,연천군,임진강댑싸리공원,321,연천 2024_06.csv,문화관광,도시공원
연천,2024,6,2024-06,33,경기도,연천군,전곡낚시터,319,연천 2024_06.csv,레저스포츠,수상레저스포츠
연천,2024,6,2024-06,34,경기도,연천군,숭의전,304,연천 2024_06.csv,역사관광,종교성지
연천,2024,6,2024-06,35,경기도,연천군,열두개울계곡,298,연천 2024_06.csv,자연관광,자연경관(산)
연천,2024,6,2024-06,36,경기도,연천군,지오낚시터,288,연천 2024_06.csv,레저스포츠,수상레저스포츠
연천,2024,6,2024-06,37,경기도,연천군,유성미디어촬영소,211,연천 2024_06.csv,문화관광,기타문화관광지
연천,2024,6,2024-06,38,경기도,연천군,연천군청소년수련관,206,연천 2024_06.csv,레저스포츠,육상레저스포츠
연천,2024,6,2024-06,39,경기도,연천군,한탄강물놀이장,203,연천 2024_06.csv,문화관광,테마공원
연천,2024,6,2024-06,40,경기도,연천군,연천수레울아트홀,196,연천 2024_06.csv,문화관광,공연시설
연천,2024,6,2024-06,41,경기도,연천군,연천오일장,182,연천 2024_06.csv,쇼핑,시장
연천,2024,6,2024-06,42,경기도,연천군,좌상바위,165,연천 2024_06.csv,기타관광,기타관광
연천,2024,6,2024-06,43,경기도,연천군,삼화리낚시터,159,연천 2024_06.csv,레저스포츠,수상레저스포츠
연천,2024,6,2024-06,44,경기도,연천군,수불사,149,연천 2024_06.csv,역사관광,종교성지
연천,2024,6,2024-06,45,경기도,연천군,재인폭포출렁다리,136,연천 2024_06.csv,기타관광,기타관광
연천,2024,6,2024-06,45,경기도,연천군,그리팅맨,136,연천 2024_06.csv,역사관광,역사유물
연천,2024,6,2024-06,47,경기도,연천군,스튜디오139,132,연천 2024_06.csv,문화관광,기타문화관광지
연천,2024,6,2024-06,48,경기도,연천군,연천호로고루홍보관,118,연천 2024_06.csv,문화관광,전시시설
연천,2024,6,2024-06,49,경기도,연천군,연천종합운동장인조구장,110,연천 2024_06.csv,문화관광,레저스포츠시설
연천,2024,6,2024-06,50,경기도,연천군,연천공영버스터미널,103,연천 2024_06.csv,기타관광,교통시설
연천,2024,6,2024-06,51,경기도,연천군,에이펙스트랙&라이딩스쿨,95,연천 2024_06.csv,레저스포츠,기타레저스포츠
연천,2024,6,2024-06,52,경기도,연천군,돌둥지유원지,90,연천 2024_06.csv,문화관광,복합관광시설
연천,2024,6,2024-06,53,경기도,연천군,백학지낚시터,86,연천 2024_06.csv,레저스포츠,수상레저스포츠
연천,2024,6,2024-06,54,경기도,연천군,연천군 신서면 소목개마을,85,연천 2024_06.csv,문화관광,도시/지역문화관광
연천,2024,6,2024-06,55,경기도,연천군,원심원사,84,연천 2024_06.csv,역사관광,종교성지
연천,2024,6,2024-06,55,경기도,연천군,두루미테마파크,84,연천 2024_06.csv,기타관광,기타관광
연천,2024,6,2024-06,57,경기도,연천군,상승전망대,83,연천 2024_06.csv,문화관광,랜드마크관광
연천,2024,6,2024-06,58,경기도,연천군,코리아승마클럽,81,연천 2024_06.csv,레저스포츠,육상레저스포츠
연천,2024,6,2024-06,58,경기도,연천군,연천승마공원,81,연천 2024_06.csv,레저스포츠,육상레저스포츠
연천,2024,6,2024-06,60,경기도,연천군,스튜디오330,70,연천 2024_06.csv,문화관광,기타문화관광지
연천,2024,6,2024-06,61,경기도,연천군,임진강장어직판장,64,연천 2024_06.csv,체험관광,농/산/어촌체험
연천,2024,6,2024-06,62,경기도,연천군,한국수자원공사한탄강댐물문화관,60,연천 2024_06.csv,문화관광,전시시설
연천,2024,6,2024-06,63,경기도,연천군,백학낚시터,59,연천 2024_06.csv,레저스포츠,수상레저스포츠
연천,2024,6,2024-06,64,경기도,연천군,대화사,57,연천 2024_06.csv,역사관광,종교성지
연천,2024,6,2024-06,65,경기도,연천군,임진강주상절리카약,47,연천 2024_06.csv,레저스포츠,수상레저스포츠
연천,2024,6,2024-06,66,경기도,연천군,전곡근린공원,41,연천 2024_06.csv,문화관광,도시공원
연천,2024,6,2024-06,66,경기도,연천군,고랑포구,41,연천 2024_06.csv,자연관광,자연경관(하천/해양)
연천,2024,6,2024-06,68,경기도,연천군,차탄천주상절리,39,연천 2024_06.csv,기타관광,기타관광
연천,2024,6,2024-06,69,경기도,연천군,은대근린공원,38,연천 2024_06.csv,문화관광,도시공원
연천,2024,6,2024-06,70,경기도,연천군,연천전곡리유적방문자센터,36,연천 2024_06.csv,기타관광,기타관광
연천,2024,6,2024-06,71,경기도,연천군,아우라지베개용암탐방안내소,33,연천 2024_06.csv,기타관광,기타관광
연천,2024,6,2024-06,72,경기도,연천군,연천숭의전지,31,연천 2024_06.csv,역사관광,역사유적지
연천,2024,6,2024-06,73,경기도,연천군,선곡베이스볼파크,30,연천 2024_06.csv,문화관광,레저스포츠시설
연천,2024,6,2024-06,74,경기도,연천군,한탄강역폐역,28,연천 2024_06.csv,기타관광,교통시설
연천,2024,6,2024-06,75,경기도,연천군,고대산,27,연천 2024_06.csv,자연관광,자연경관(산)
연천,2024,6,2024-06,75,경기도,연천군,역고드름,27,연천 2024_06.csv,기타관광,기타관광
연천,2024,6,2024-06,77,경기도,연천군,고인돌공원,26,연천 2024_06.csv,문화관광,도시공원
연천,2024,6,2024-06,77,경기도,연천군,연천로하스파크,26,연천 2024_06.csv,기타관광,기타관광
연천,2024,6,2024-06,79,경기도,연천군,드라마21세기스튜디오,25,연천 2024_06.csv,문화관광,기타문화관광지
연천,2024,6,2024-06,79,경기도,연천군,샘터유원지,25,연천 2024_06.csv,문화관광,복합관광시설
연천,2024,6,2024-06,81,경기도,연천군,스타스튜디오,24,연천 2024_06.csv,문화관광,기타문화관광지
연천,2024,6,2024-06,81,경기도,연천군,임진물새롬랜드,24,연천 2024_06.csv,문화관광,도시공원
연천,2024,6,2024-06,83,경기도,연천군,연천은대리성,19,연천 2024_06.csv,역사관광,역사유적지
연천,2024,6,2024-06,84,경기도,연천군,물바위유원지,18,연천 2024_06.csv,문화관광,복합관광시설
연천,2024,6,2024-06,84,경기도,연천군,포천아우라지베개용암,18,연천 2024_06.csv,기타관광,기타관광
연천,2024,6,2024-06,86,경기도,연천군,종자와시인 박물관,16,연천 2024_06.csv,문화관광,전시시설
연천,2024,6,2024-06,87,경기도,연천군,안일농장,15,연천 2024_06.csv,체험관광,농/산/어촌체험
연천,2024,6,2024-06,88,경기도,연천군,백의리층,14,연천 2024_06.csv,기타관광,기타관광
연천,2024,6,2024-06,88,경기도,연천군,령신산기도도량,14,연천 2024_06.csv,역사관광,종교성지
연천,2024,6,2024-06,88,경기도,연천군,연천북방산개구리농장,14,연천 2024_06.csv,체험관광,농/산/어촌체험
연천,2024,6,2024-06,91,경기도,연천군,연강갤러리,13,연천 2024_06.csv,문화관광,전시시설
연천,2024,6,2024-06,92,경기도,연천군,장승천전투전적비,10,연천 2024_06.csv,역사관광,역사유물
연천,2024,6,2024-06,92,경기도,연천군,연천향교,10,연천 2024_06.csv,역사관광,역사유적지
연천,2024,6,2024-06,92,경기도,연천군,연천군게이트볼장,10,연천 2024_06.csv,레저스포츠,기타레저스포츠
연천,2024,6,2024-06,95,경기도,연천군,태황사,9,연천 2024_06.csv,역사관광,종교성지
연천,2024,6,2024-06,95,경기도,연천군,애심목장,9,연천 2024_06.csv,체험관광,농/산/어촌체험
연천,2024,6,2024-06,95,경기도,연천군,연천역급수탑,9,연천 2024_06.csv,역사관광,역사유적지
연천,2024,6,2024-06,98,경기도,연천군,망곡산둘레길,8,연천 2024_06.csv,기타관광,기타관광
연천,2024,6,2024-06,98,경기도,연천군,조각가박시동미술관,8,연천 2024_06.csv,문화관광,전시시설
연천,2024,6,2024-06,98,경기도,연천군,임진강유원지,8,연천 2024_06.csv,문화관광,복합관광시설
연천,2024,6,2024-06,98,경기도,연천군,연천어린이공원,8,연천 2024_06.csv,문화관광,도시공원
연천,2024,6,2024-06,102,경기도,연천군,동막리응회암,7,연천 2024_06.csv,기타관광,기타관광
연천,2024,6,2024-06,102,경기도,연천군,시원농장,7,연천 2024_06.csv,체험관광,농/산/어촌체험
연천,2024,6,2024-06,102,경기도,연천군,징기스칸승마클럽,7,연천 2024_06.csv,레저스포츠,육상레저스포츠
연천,2024,6,2024-06,102,경기도,연천군,모아베리교육농장,7,연천 2024_06.csv,체험관광,농/산/어촌체험
연천,2024,6,2024-06,102,경기도,연천군,학소정,7,연천 2024_06.csv,레저스포츠,육상레저스포츠
연천,2024,6,2024-06,102,경기도,연천군,본원사,7,연천 2024_06.csv,역사관광,종교성지
연천,2024,6,2024-06,102,경기도,연천군,차탄천낚시터,7,연천 2024_06.csv,레저스포츠,수상레저스포츠
연천,2024,6,2024-06,102,경기도,연천군,들꽃가람농장,7,연천 2024_06.csv,체험관광,농/산/어촌체험
연천,2024,6,2024-06,102,경기도,연천군,자연그림터꽃나루,7,연천 2024_06.csv,문화관광,전시시설
연천,2024,6,2024-06,111,경기도,연천군,차탄천 에움길,6,연천 2024_06.csv,레저스포츠,기타레저스포츠
연천,2024,6,2024-06,111,경기도,연천군,아름이목장,6,연천 2024_06.csv,체험관광,농/산/어촌체험
연천,2024,6,2024-06,111,경기도,연천군,석장리미술관조각공원,6,연천 2024_06.csv,문화관광,도시공원
연천,2024,6,2024-06,114,경기도,연천군,연천역관광안내소,4,연천 2024_06.csv,기타관광,기타관광
연천,2024,6,2024-06,114,경기도,연천군,임진강평화습지원,4,연천 2024_06.csv,문화관광,도시공원
연천,2024,6,2024-06,114,경기도,연천군,연천유엔군화장장시설,4,연천 2024_06.csv,기타관광,기타관광
연천,2024,6,2024-06,114,경기도,연천군,백학제일농장영농조합법인,4,연천 2024_06.csv,체험관광,농/산/어촌체험
연천,2024,6,2024-06,114,경기도,연천군,말턱고개약수터,4,연천 2024_06.csv,자연관광,자연경관(산)
연천,2024,6,2024-06,119,경기도,연천군,다빈치공방,3,연천 2024_06.csv,체험관광,공예체험
연천,2024,6,2024-06,119,경기도,연천군,법성사,3,연천 2024_06.csv,역사관광,종교성지
연천,2024,6,2024-06,119,경기도,연천군,연천양원리고인돌,3,연천 2024_06.csv,역사관광,역사유적지
연천,2024,6,2024-06,119,경기도,연천군,재인팜,3,연천 2024_06.csv,체험관광,농/산/어촌체험
연천,2024,6,2024-06,119,경기도,연천군,어수정,3,연천 2024_06.csv,자연관광,자연경관(산)
연천,2024,6,2024-06,119,경기도,연천군,휴림농업회사법인,3,연천 2024_06.csv,체험관광,농/산/어촌체험
연천,2024,6,2024-06,119,경기도,연천군,청산커뮤니티아트센터,3,연천 2024_06.csv,문화관광,기타문화관광지
연천,2024,6,2024-06,119,경기도,연천군,강원평화누리길1코스,3,연천 2024_06.csv,레저스포츠,기타레저스포츠
연천,2024,6,2024-06,119,경기도,연천군,자작리약수터,3,연천 2024_06.csv,자연관광,자연경관(산)
연천,2024,6,2024-06,119,경기도,연천군,연천고대산야구장,3,연천 2024_06.csv,문화관광,레저스포츠시설
연천,2024,6,2024-06,119,경기도,연천군,신서5일장,3,연천 2024_06.csv,쇼핑,시장
연천,2024,6,2024-06,119,경기도,연천군,종자산,3,연천 2024_06.csv,자연관광,자연경관(산)
연천,2024,6,2024-06,119,경기도,연천군,현정사,3,연천 2024_06.csv,역사관광,종교성지
연천,2024,6,2024-06,119,경기도,연천군,보국사,3,연천 2024_06.csv,역사관광,종교성지
연천,2024,6,2024-06,119,경기도,연천군,산들농장,3,연천 2024_06.csv,체험관광,농/산/어촌체험
연천,2024,6,2024-06,119,경기도,연천군,별향기농원,3,연천 2024_06.csv,체험관광,농/산/어촌체험
연천,2024,6,2024-06,119,경기도,연천군,진흥농장,3,연천 2024_06.csv,체험관광,농/산/어촌체험
연천,2024,7,2024-07,1,경기도,연천군,전곡역,5859,연천 2024_07.csv,기타관광,교통시설
연천,2024,7,2024-07,2,경기도,연천군,자유로CC,5329,연천 2024_07.csv,레저스포츠,육상레저스포츠
연천,2024,7,2024-07,3,경기도,연천군,재인폭포,4329,연천 2024_07.csv,자연관광,자연경관(산)
연천,2024,7,2024-07,4,경기도,연천군,연천역,1780,연천 2024_07.csv,기타관광,교통시설
연천,2024,7,2024-07,5,경기도,연천군,대광리역,1255,연천 2024_07.csv,기타관광,교통시설
연천,2024,7,2024-07,6,경기도,연천군,전곡선사박물관,1236,연천 2024_07.csv,문화관광,전시시설
연천,2024,7,2024-07,7,경기도,연천군,동막계곡,1030,연천 2024_07.csv,자연관광,자연경관(산)
연천,2024,7,2024-07,8,경기도,연천군,전곡전통시장,885,연천 2024_07.csv,쇼핑,시장
연천,2024,7,2024-07,9,경기도,연천군,연천호로고루,844,연천 2024_07.csv,역사관광,역사유적지
연천,2024,7,2024-07,10,경기도,연천군,전곡터미널,703,연천 2024_07.csv,기타관광,교통시설
연천,2024,7,2024-07,11,경기도,연천군,고대산자연휴양림,684,연천 2024_07.csv,자연관광,자연공원
연천,2024,7,2024-07,12,경기도,연천군,동막골유원지,647,연천 2024_07.csv,문화관광,복합관광시설
연천,2024,7,2024-07,13,경기도,연천군,백학저수지,611,연천 2024_07.csv,자연관광,자연경관(하천/해양)
연천,2024,7,2024-07,14,경기도,연천군,연천파크골프장,557,연천 2024_07.csv,레저스포츠,육상레저스포츠
연천,2024,7,2024-07,15,경기도,연천군,한탄강관광지,549,연천 2024_07.csv,문화관광,복합관광시설
연천,2024,7,2024-07,16,경기도,연천군,신탄리역,512,연천 2024_07.csv,기타관광,교통시설
연천,2024,7,2024-07,17,경기도,연천군,태풍전망대,510,연천 2024_07.csv,문화관광,랜드마크관광
연천,2024,7,2024-07,18,경기도,연천군,연천고랑포구역사공원,484,연천 2024_07.csv,문화관광,도시공원
연천,2024,7,2024-07,19,경기도,연천군,초성리역폐역,480,연천 2024_07.csv,기타관광,교통시설
연천,2024,7,2024-07,20,경기도,연천군,스튜디오 포시즌,479,연천 2024_07.csv,문화관광,기타문화관광지
연천,2024,7,2024-07,21,경기도,연천군,연천전곡리유적,454,연천 2024_07.csv,역사관광,역사유적지
연천,2024,7,2024-07,22,경기도,연천군,한탄강물놀이장,446,연천 2024_07.csv,문화관광,테마공원
연천,2024,7,2024-07,23,경기도,연천군,연천당포성,434,연천 2024_07.csv,역사관광,역사유적지
연천,2024,7,2024-07,24,경기도,연천군,열쇠전망대,373,연천 2024_07.csv,문화관광,랜드마크관광
연천,2024,7,2024-07,25,경기도,연천군,한탄강관광지어린이캐릭터공원,355,연천 2024_07.csv,문화관광,도시공원
연천,2024,7,2024-07,26,경기도,연천군,연천경순왕릉,347,연천 2024_07.csv,역사관광,역사유적지
연천,2024,7,2024-07,27,경기도,연천군,연천수레울아트홀,341,연천 2024_07.csv,문화관광,공연시설
연천,2024,7,2024-07,28,경기도,연천군,전곡낚시터,317,연천 2024_07.csv,레저스포츠,수상레저스포츠
연천,2024,7,2024-07,29,경기도,연천군,신망리역폐역,314,연천 2024_07.csv,기타관광,교통시설
연천,2024,7,2024-07,30,경기도,연천군,임진강주상절리,299,연천 2024_07.csv,기타관광,기타관광
연천,2024,7,2024-07,30,경기도,연천군,지오낚시터,299,연천 2024_07.csv,레저스포츠,수상레저스포츠
연천,2024,7,2024-07,32,경기도,연천군,허브빌리지,295,연천 2024_07.csv,체험관광,농/산/어촌체험
연천,2024,7,2024-07,33,경기도,연천군,동막골유황천,292,연천 2024_07.csv,체험관광,웰니스관광
연천,2024,7,2024-07,34,경기도,연천군,열두개울계곡,279,연천 2024_07.csv,자연관광,자연경관(산)
연천,2024,7,2024-07,35,경기도,연천군,연천군청소년수련관,264,연천 2024_07.csv,레저스포츠,육상레저스포츠
연천,2024,7,2024-07,36,경기도,연천군,임진강장어직판장,256,연천 2024_07.csv,체험관광,농/산/어촌체험
연천,2024,7,2024-07,37,경기도,연천군,숭의전,253,연천 2024_07.csv,역사관광,종교성지
연천,2024,7,2024-07,38,경기도,연천군,임진강댑싸리공원,201,연천 2024_07.csv,문화관광,도시공원
연천,2024,7,2024-07,39,경기도,연천군,수불사,127,연천 2024_07.csv,역사관광,종교성지
연천,2024,7,2024-07,40,경기도,연천군,삼화리낚시터,106,연천 2024_07.csv,레저스포츠,수상레저스포츠
연천,2024,7,2024-07,41,경기도,연천군,연천오일장,103,연천 2024_07.csv,쇼핑,시장
연천,2024,7,2024-07,41,경기도,연천군,그리팅맨,103,연천 2024_07.csv,역사관광,역사유물
연천,2024,7,2024-07,43,경기도,연천군,스튜디오139,99,연천 2024_07.csv,문화관광,기타문화관광지
연천,2024,7,2024-07,44,경기도,연천군,좌상바위,91,연천 2024_07.csv,기타관광,기타관광
연천,2024,7,2024-07,45,경기도,연천군,재인폭포출렁다리,85,연천 2024_07.csv,기타관광,기타관광
연천,2024,7,2024-07,46,경기도,연천군,연천승마공원,82,연천 2024_07.csv,레저스포츠,육상레저스포츠
연천,2024,7,2024-07,47,경기도,연천군,원심원사,79,연천 2024_07.csv,역사관광,종교성지
연천,2024,7,2024-07,48,경기도,연천군,에이펙스트랙&라이딩스쿨,78,연천 2024_07.csv,레저스포츠,기타레저스포츠
연천,2024,7,2024-07,48,경기도,연천군,돌둥지유원지,78,연천 2024_07.csv,문화관광,복합관광시설
연천,2024,7,2024-07,50,경기도,연천군,연천공영버스터미널,77,연천 2024_07.csv,기타관광,교통시설
연천,2024,7,2024-07,51,경기도,연천군,한국수자원공사한탄강댐물문화관,59,연천 2024_07.csv,문화관광,전시시설
연천,2024,7,2024-07,52,경기도,연천군,두루미테마파크,58,연천 2024_07.csv,기타관광,기타관광
연천,2024,7,2024-07,53,경기도,연천군,상승전망대,50,연천 2024_07.csv,문화관광,랜드마크관광
연천,2024,7,2024-07,54,경기도,연천군,연천군 신서면 소목개마을,49,연천 2024_07.csv,문화관광,도시/지역문화관광
연천,2024,7,2024-07,55,경기도,연천군,대화사,41,연천 2024_07.csv,역사관광,종교성지
연천,2024,7,2024-07,56,경기도,연천군,전곡근린공원,40,연천 2024_07.csv,문화관광,도시공원
연천,2024,7,2024-07,57,경기도,연천군,차탄천주상절리,39,연천 2024_07.csv,기타관광,기타관광
연천,2024,7,2024-07,58,경기도,연천군,연천호로고루홍보관,38,연천 2024_07.csv,문화관광,전시시설
연천,2024,7,2024-07,59,경기도,연천군,한탄강관광지축구장,33,연천 2024_07.csv,문화관광,레저스포츠시설
연천,2024,7,2024-07,60,경기도,연천군,백학낚시터,31,연천 2024_07.csv,레저스포츠,수상레저스포츠
연천,2024,7,2024-07,61,경기도,연천군,시원농장,25,연천 2024_07.csv,체험관광,농/산/어촌체험
연천,2024,7,2024-07,61,경기도,연천군,들꽃가람농장,25,연천 2024_07.csv,체험관광,농/산/어촌체험
연천,2024,7,2024-07,63,경기도,연천군,선곡베이스볼파크,24,연천 2024_07.csv,문화관광,레저스포츠시설
연천,2024,7,2024-07,63,경기도,연천군,역고드름,24,연천 2024_07.csv,기타관광,기타관광
연천,2024,7,2024-07,65,경기도,연천군,연천종합운동장인조구장,23,연천 2024_07.csv,문화관광,레저스포츠시설
연천,2024,7,2024-07,66,경기도,연천군,한탄강역폐역,22,연천 2024_07.csv,기타관광,교통시설
연천,2024,7,2024-07,67,경기도,연천군,고랑포구,21,연천 2024_07.csv,자연관광,자연경관(하천/해양)
연천,2024,7,2024-07,67,경기도,연천군,서문크리스챤하우스,21,연천 2024_07.csv,레저스포츠,육상레저스포츠
연천,2024,7,2024-07,69,경기도,연천군,백학지낚시터,20,연천 2024_07.csv,레저스포츠,수상레저스포츠
연천,2024,7,2024-07,70,경기도,연천군,물바위유원지,19,연천 2024_07.csv,문화관광,복합관광시설
연천,2024,7,2024-07,71,경기도,연천군,연강갤러리,18,연천 2024_07.csv,문화관광,전시시설
연천,2024,7,2024-07,71,경기도,연천군,연천어린이공원,18,연천 2024_07.csv,문화관광,도시공원
연천,2024,7,2024-07,73,경기도,연천군,고대산,15,연천 2024_07.csv,자연관광,자연경관(산)
연천,2024,7,2024-07,73,경기도,연천군,유성미디어촬영소,15,연천 2024_07.csv,문화관광,기타문화관광지
연천,2024,7,2024-07,75,경기도,연천군,차탄천주상절리길,14,연천 2024_07.csv,기타관광,기타관광
연천,2024,7,2024-07,75,경기도,연천군,본원사,14,연천 2024_07.csv,역사관광,종교성지
연천,2024,7,2024-07,75,경기도,연천군,산들농장,14,연천 2024_07.csv,체험관광,농/산/어촌체험
연천,2024,7,2024-07,78,경기도,연천군,법성사,13,연천 2024_07.csv,역사관광,종교성지
연천,2024,7,2024-07,78,경기도,연천군,너나들이노리파크전곡점,13,연천 2024_07.csv,문화관광,테마공원
연천,2024,7,2024-07,78,경기도,연천군,드라마21세기스튜디오,13,연천 2024_07.csv,문화관광,기타문화관광지
연천,2024,7,2024-07,81,경기도,연천군,스튜디오330,12,연천 2024_07.csv,문화관광,기타문화관광지
연천,2024,7,2024-07,82,경기도,연천군,코리아승마클럽,11,연천 2024_07.csv,레저스포츠,육상레저스포츠
연천,2024,7,2024-07,82,경기도,연천군,스타스튜디오,11,연천 2024_07.csv,문화관광,기타문화관광지
연천,2024,7,2024-07,82,경기도,연천군,샘터유원지,11,연천 2024_07.csv,문화관광,복합관광시설
연천,2024,7,2024-07,85,경기도,연천군,장승천전투전적비,10,연천 2024_07.csv,역사관광,역사유물
연천,2024,7,2024-07,85,경기도,연천군,연천로하스파크,10,연천 2024_07.csv,기타관광,기타관광
연천,2024,7,2024-07,87,경기도,연천군,령신산기도도량,9,연천 2024_07.csv,역사관광,종교성지
연천,2024,7,2024-07,87,경기도,연천군,애심목장,9,연천 2024_07.csv,체험관광,농/산/어촌체험
연천,2024,7,2024-07,87,경기도,연천군,임진강유원지,9,연천 2024_07.csv,문화관광,복합관광시설
연천,2024,7,2024-07,87,경기도,연천군,현정사,9,연천 2024_07.csv,역사관광,종교성지
연천,2024,7,2024-07,87,경기도,연천군,안일농장,9,연천 2024_07.csv,체험관광,농/산/어촌체험
연천,2024,7,2024-07,87,경기도,연천군,연천은대리성,9,연천 2024_07.csv,역사관광,역사유적지
연천,2024,7,2024-07,93,경기도,연천군,정발장군묘,8,연천 2024_07.csv,역사관광,역사유적지
연천,2024,7,2024-07,94,경기도,연천군,은대리판상절리,7,연천 2024_07.csv,기타관광,기타관광
연천,2024,7,2024-07,94,경기도,연천군,아우라지베개용암탐방안내소,7,연천 2024_07.csv,기타관광,기타관광
연천,2024,7,2024-07,94,경기도,연천군,연천숭의전지,7,연천 2024_07.csv,역사관광,역사유적지
연천,2024,7,2024-07,94,경기도,연천군,연천전곡리유적방문자센터,7,연천 2024_07.csv,기타관광,기타관광
연천,2024,7,2024-07,98,경기도,연천군,개안마루전망대,6,연천 2024_07.csv,문화관광,랜드마크관광
연천,2024,7,2024-07,98,경기도,연천군,진상리축구장,6,연천 2024_07.csv,문화관광,레저스포츠시설
연천,2024,7,2024-07,98,경기도,연천군,모아베리교육농장,6,연천 2024_07.csv,체험관광,농/산/어촌체험
연천,2024,7,2024-07,98,경기도,연천군,박진장군묘,6,연천 2024_07.csv,역사관광,역사유적지
연천,2024,7,2024-07,98,경기도,연천군,연천유엔군화장장시설,6,연천 2024_07.csv,기타관광,기타관광
연천,2024,7,2024-07,103,경기도,연천군,임진강주상절리카약,5,연천 2024_07.csv,레저스포츠,수상레저스포츠
연천,2024,7,2024-07,103,경기도,연천군,석장리미술관조각공원,5,연천 2024_07.csv,문화관광,도시공원
연천,2024,7,2024-07,105,경기도,연천군,징기스칸승마클럽,4,연천 2024_07.csv,레저스포츠,육상레저스포츠
연천,2024,7,2024-07,105,경기도,연천군,호병목장,4,연천 2024_07.csv,체험관광,농/산/어촌체험
연천,2024,7,2024-07,105,경기도,연천군,신서5일장,4,연천 2024_07.csv,쇼핑,시장
연천,2024,7,2024-07,108,경기도,연천군,홍이뜰농장,3,연천 2024_07.csv,체험관광,농/산/어촌체험
연천,2024,7,2024-07,108,경기도,연천군,백의리층,3,연천 2024_07.csv,기타관광,기타관광
연천,2024,7,2024-07,108,경기도,연천군,백학역사박물관,3,연천 2024_07.csv,문화관광,전시시설
연천,2024,7,2024-07,108,경기도,연천군,재인팜,3,연천 2024_07.csv,체험관광,농/산/어촌체험
연천,2024,7,2024-07,108,경기도,연천군,태황사,3,연천 2024_07.csv,역사관광,종교성지
연천,2024,7,2024-07,108,경기도,연천군,아름이목장,3,연천 2024_07.csv,체험관광,농/산/어촌체험
연천,2024,7,2024-07,108,경기도,연천군,딸기야커피야,3,연천 2024_07.csv,체험관광,농/산/어촌체험
연천,2024,7,2024-07,108,경기도,연천군,연천북방산개구리농장,3,연천 2024_07.csv,체험관광,농/산/어촌체험
연천,2024,7,2024-07,108,경기도,연천군,은대근린공원,3,연천 2024_07.csv,문화관광,도시공원
연천,2024,7,2024-07,108,경기도,연천군,연천학곡리고인돌,3,연천 2024_07.csv,역사관광,역사유적지
연천,2024,7,2024-07,108,경기도,연천군,자작리약수터,3,연천 2024_07.csv,자연관광,자연경관(산)
연천,2024,7,2024-07,108,경기도,연천군,연천고대산야구장,3,연천 2024_07.csv,문화관광,레저스포츠시설
연천,2024,7,2024-07,108,경기도,연천군,백학5일장,3,연천 2024_07.csv,쇼핑,시장
연천,2024,7,2024-07,108,경기도,연천군,조각가박시동미술관,3,연천 2024_07.csv,문화관광,전시시설
연천,2024,7,2024-07,108,경기도,연천군,임진물새롬랜드,3,연천 2024_07.csv,문화관광,도시공원
연천,2024,7,2024-07,108,경기도,연천군,노스폴CC,3,연천 2024_07.csv,레저스포츠,육상레저스포츠
연천,2024,7,2024-07,108,경기도,연천군,연천역급수탑,3,연천 2024_07.csv,역사관광,역사유적지
연천,2024,7,2024-07,108,경기도,연천군,종자산,3,연천 2024_07.csv,자연관광,자연경관(산)
연천,2024,7,2024-07,108,경기도,연천군,차탄천낚시터,3,연천 2024_07.csv,레저스포츠,수상레저스포츠
연천,2024,7,2024-07,108,경기도,연천군,보국사,3,연천 2024_07.csv,역사관광,종교성지
연천,2024,7,2024-07,108,경기도,연천군,심원사지,3,연천 2024_07.csv,역사관광,종교성지
연천,2024,7,2024-07,108,경기도,연천군,포천아우라지베개용암,3,연천 2024_07.csv,기타관광,기타관광
연천,2024,7,2024-07,108,경기도,연천군,연천군게이트볼장,3,연천 2024_07.csv,레저스포츠,기타레저스포츠
연천,2024,7,2024-07,108,경기도,연천군,지장암,3,연천 2024_07.csv,역사관광,종교성지
연천,2024,8,2024-08,1,경기도,연천군,전곡역,6389,연천 2024_08.csv,기타관광,교통시설
연천,2024,8,2024-08,2,경기도,연천군,재인폭포,4934,연천 2024_08.csv,자연관광,자연경관(산)
연천,2024,8,2024-08,3,경기도,연천군,자유로CC,4603,연천 2024_08.csv,레저스포츠,육상레저스포츠
연천,2024,8,2024-08,4,경기도,연천군,동막계곡,2957,연천 2024_08.csv,자연관광,자연경관(산)
연천,2024,8,2024-08,5,경기도,연천군,연천당포성,2467,연천 2024_08.csv,역사관광,역사유적지
연천,2024,8,2024-08,6,경기도,연천군,연천역,2197,연천 2024_08.csv,기타관광,교통시설
연천,2024,8,2024-08,7,경기도,연천군,전곡선사박물관,1654,연천 2024_08.csv,문화관광,전시시설
연천,2024,8,2024-08,8,경기도,연천군,연천호로고루,1547,연천 2024_08.csv,역사관광,역사유적지
연천,2024,8,2024-08,9,경기도,연천군,대광리역,1472,연천 2024_08.csv,기타관광,교통시설
연천,2024,8,2024-08,10,경기도,연천군,동막골유원지,1454,연천 2024_08.csv,문화관광,복합관광시설
연천,2024,8,2024-08,11,경기도,연천군,전곡전통시장,931,연천 2024_08.csv,쇼핑,시장
연천,2024,8,2024-08,12,경기도,연천군,열두개울계곡,873,연천 2024_08.csv,자연관광,자연경관(산)
연천,2024,8,2024-08,13,경기도,연천군,고대산자연휴양림,844,연천 2024_08.csv,자연관광,자연공원
연천,2024,8,2024-08,14,경기도,연천군,한탄강물놀이장,787,연천 2024_08.csv,문화관광,테마공원
연천,2024,8,2024-08,15,경기도,연천군,전곡터미널,759,연천 2024_08.csv,기타관광,교통시설
연천,2024,8,2024-08,16,경기도,연천군,한탄강관광지,722,연천 2024_08.csv,문화관광,복합관광시설
연천,2024,8,2024-08,17,경기도,연천군,태풍전망대,708,연천 2024_08.csv,문화관광,랜드마크관광
연천,2024,8,2024-08,18,경기도,연천군,백학저수지,693,연천 2024_08.csv,자연관광,자연경관(하천/해양)
연천,2024,8,2024-08,19,경기도,연천군,연천고랑포구역사공원,622,연천 2024_08.csv,문화관광,도시공원
연천,2024,8,2024-08,20,경기도,연천군,신탄리역,618,연천 2024_08.csv,기타관광,교통시설
연천,2024,8,2024-08,21,경기도,연천군,임진강댑싸리공원,584,연천 2024_08.csv,문화관광,도시공원
연천,2024,8,2024-08,22,경기도,연천군,연천전곡리유적,553,연천 2024_08.csv,역사관광,역사유적지
연천,2024,8,2024-08,23,경기도,연천군,연천파크골프장,548,연천 2024_08.csv,레저스포츠,육상레저스포츠
연천,2024,8,2024-08,24,경기도,연천군,열쇠전망대,516,연천 2024_08.csv,문화관광,랜드마크관광
연천,2024,8,2024-08,25,경기도,연천군,초성리역폐역,500,연천 2024_08.csv,기타관광,교통시설
연천,2024,8,2024-08,26,경기도,연천군,임진강주상절리,468,연천 2024_08.csv,기타관광,기타관광
연천,2024,8,2024-08,27,경기도,연천군,스튜디오 포시즌,460,연천 2024_08.csv,문화관광,기타문화관광지
연천,2024,8,2024-08,28,경기도,연천군,연천경순왕릉,442,연천 2024_08.csv,역사관광,역사유적지
연천,2024,8,2024-08,29,경기도,연천군,한탄강관광지어린이캐릭터공원,433,연천 2024_08.csv,문화관광,도시공원
연천,2024,8,2024-08,30,경기도,연천군,신망리역폐역,428,연천 2024_08.csv,기타관광,교통시설
연천,2024,8,2024-08,31,경기도,연천군,연천수레울아트홀,414,연천 2024_08.csv,문화관광,공연시설
연천,2024,8,2024-08,32,경기도,연천군,돌둥지유원지,405,연천 2024_08.csv,문화관광,복합관광시설
연천,2024,8,2024-08,33,경기도,연천군,허브빌리지,385,연천 2024_08.csv,체험관광,농/산/어촌체험
연천,2024,8,2024-08,34,경기도,연천군,동막골유황천,359,연천 2024_08.csv,체험관광,웰니스관광
연천,2024,8,2024-08,35,경기도,연천군,숭의전,297,연천 2024_08.csv,역사관광,종교성지
연천,2024,8,2024-08,36,경기도,연천군,임진강장어직판장,272,연천 2024_08.csv,체험관광,농/산/어촌체험
연천,2024,8,2024-08,37,경기도,연천군,전곡낚시터,249,연천 2024_08.csv,레저스포츠,수상레저스포츠
연천,2024,8,2024-08,38,경기도,연천군,지오낚시터,241,연천 2024_08.csv,레저스포츠,수상레저스포츠
연천,2024,8,2024-08,39,경기도,연천군,연천군청소년수련관,216,연천 2024_08.csv,레저스포츠,육상레저스포츠
연천,2024,8,2024-08,40,경기도,연천군,수불사,181,연천 2024_08.csv,역사관광,종교성지
연천,2024,8,2024-08,41,경기도,연천군,좌상바위,146,연천 2024_08.csv,기타관광,기타관광
연천,2024,8,2024-08,42,경기도,연천군,삼화리낚시터,142,연천 2024_08.csv,레저스포츠,수상레저스포츠
연천,2024,8,2024-08,43,경기도,연천군,그리팅맨,139,연천 2024_08.csv,역사관광,역사유물
연천,2024,8,2024-08,44,경기도,연천군,연천오일장,119,연천 2024_08.csv,쇼핑,시장
연천,2024,8,2024-08,45,경기도,연천군,스튜디오139,108,연천 2024_08.csv,문화관광,기타문화관광지
연천,2024,8,2024-08,45,경기도,연천군,재인폭포출렁다리,108,연천 2024_08.csv,기타관광,기타관광
연천,2024,8,2024-08,45,경기도,연천군,원심원사,108,연천 2024_08.csv,역사관광,종교성지
연천,2024,8,2024-08,48,경기도,연천군,연천공영버스터미널,102,연천 2024_08.csv,기타관광,교통시설
연천,2024,8,2024-08,49,경기도,연천군,상승전망대,98,연천 2024_08.csv,문화관광,랜드마크관광
연천,2024,8,2024-08,50,경기도,연천군,연천군 신서면 소목개마을,91,연천 2024_08.csv,문화관광,도시/지역문화관광
연천,2024,8,2024-08,51,경기도,연천군,스타스튜디오,86,연천 2024_08.csv,문화관광,기타문화관광지
연천,2024,8,2024-08,52,경기도,연천군,에이펙스트랙&라이딩스쿨,85,연천 2024_08.csv,레저스포츠,기타레저스포츠
연천,2024,8,2024-08,53,경기도,연천군,시원농장,77,연천 2024_08.csv,체험관광,농/산/어촌체험
연천,2024,8,2024-08,54,경기도,연천군,들꽃가람농장,62,연천 2024_08.csv,체험관광,농/산/어촌체험
연천,2024,8,2024-08,55,경기도,연천군,서문크리스챤하우스,61,연천 2024_08.csv,레저스포츠,육상레저스포츠
연천,2024,8,2024-08,56,경기도,연천군,코리아승마클럽,56,연천 2024_08.csv,레저스포츠,육상레저스포츠
연천,2024,8,2024-08,57,경기도,연천군,샘터유원지,55,연천 2024_08.csv,문화관광,복합관광시설
연천,2024,8,2024-08,58,경기도,연천군,역고드름,52,연천 2024_08.csv,기타관광,기타관광
연천,2024,8,2024-08,59,경기도,연천군,연천승마공원,47,연천 2024_08.csv,레저스포츠,육상레저스포츠
연천,2024,8,2024-08,60,경기도,연천군,연천호로고루홍보관,46,연천 2024_08.csv,문화관광,전시시설
연천,2024,8,2024-08,60,경기도,연천군,한탄강관광지축구장,46,연천 2024_08.csv,문화관광,레저스포츠시설
연천,2024,8,2024-08,60,경기도,연천군,대화사,46,연천 2024_08.csv,역사관광,종교성지
연천,2024,8,2024-08,63,경기도,연천군,전곡근린공원,44,연천 2024_08.csv,문화관광,도시공원
연천,2024,8,2024-08,63,경기도,연천군,물바위유원지,44,연천 2024_08.csv,문화관광,복합관광시설
연천,2024,8,2024-08,65,경기도,연천군,한국수자원공사한탄강댐물문화관,37,연천 2024_08.csv,문화관광,전시시설
연천,2024,8,2024-08,66,경기도,연천군,진상리축구장,36,연천 2024_08.csv,문화관광,레저스포츠시설
연천,2024,8,2024-08,67,경기도,연천군,임진강주상절리카약,34,연천 2024_08.csv,레저스포츠,수상레저스포츠
연천,2024,8,2024-08,68,경기도,연천군,백학낚시터,33,연천 2024_08.csv,레저스포츠,수상레저스포츠
연천,2024,8,2024-08,69,경기도,연천군,백학지낚시터,31,연천 2024_08.csv,레저스포츠,수상레저스포츠
연천,2024,8,2024-08,69,경기도,연천군,차탄천주상절리,31,연천 2024_08.csv,기타관광,기타관광
연천,2024,8,2024-08,71,경기도,연천군,두루미테마파크,28,연천 2024_08.csv,기타관광,기타관광
연천,2024,8,2024-08,72,경기도,연천군,유나네자연숲농장,26,연천 2024_08.csv,체험관광,농/산/어촌체험
연천,2024,8,2024-08,73,경기도,연천군,정발장군묘,25,연천 2024_08.csv,역사관광,역사유적지
연천,2024,8,2024-08,74,경기도,연천군,아우라지베개용암탐방안내소,24,연천 2024_08.csv,기타관광,기타관광
연천,2024,8,2024-08,75,경기도,연천군,연천어린이공원,23,연천 2024_08.csv,문화관광,도시공원
연천,2024,8,2024-08,76,경기도,연천군,연천역급수탑,22,연천 2024_08.csv,역사관광,역사유적지
연천,2024,8,2024-08,77,경기도,연천군,본원사,21,연천 2024_08.csv,역사관광,종교성지
연천,2024,8,2024-08,78,경기도,연천군,한탄강역폐역,20,연천 2024_08.csv,기타관광,교통시설
연천,2024,8,2024-08,78,경기도,연천군,통일바라기축제,20,연천 2024_08.csv,문화관광,기타문화관광지
연천,2024,8,2024-08,80,경기도,연천군,차탄천주상절리길,19,연천 2024_08.csv,기타관광,기타관광
연천,2024,8,2024-08,81,경기도,연천군,모아베리교육농장,18,연천 2024_08.csv,체험관광,농/산/어촌체험
연천,2024,8,2024-08,81,경기도,연천군,학소정,18,연천 2024_08.csv,레저스포츠,육상레저스포츠
연천,2024,8,2024-08,83,경기도,연천군,은대근린공원,17,연천 2024_08.csv,문화관광,도시공원
연천,2024,8,2024-08,84,경기도,연천군,고인돌공원,16,연천 2024_08.csv,문화관광,도시공원
연천,2024,8,2024-08,84,경기도,연천군,고대산,16,연천 2024_08.csv,자연관광,자연경관(산)
연천,2024,8,2024-08,84,경기도,연천군,연천은대리성,16,연천 2024_08.csv,역사관광,역사유적지
연천,2024,8,2024-08,87,경기도,연천군,령신산기도도량,15,연천 2024_08.csv,역사관광,종교성지
연천,2024,8,2024-08,87,경기도,연천군,연천전곡리유적방문자센터,15,연천 2024_08.csv,기타관광,기타관광
연천,2024,8,2024-08,89,경기도,연천군,고랑포구,14,연천 2024_08.csv,자연관광,자연경관(하천/해양)
연천,2024,8,2024-08,90,경기도,연천군,스튜디오330,13,연천 2024_08.csv,문화관광,기타문화관광지
연천,2024,8,2024-08,90,경기도,연천군,태황사,13,연천 2024_08.csv,역사관광,종교성지
연천,2024,8,2024-08,90,경기도,연천군,딸기야커피야,13,연천 2024_08.csv,체험관광,농/산/어촌체험
연천,2024,8,2024-08,93,경기도,연천군,너나들이노리파크전곡점,12,연천 2024_08.csv,문화관광,테마공원
연천,2024,8,2024-08,94,경기도,연천군,장승천전투전적비,11,연천 2024_08.csv,역사관광,역사유물
연천,2024,8,2024-08,94,경기도,연천군,선곡베이스볼파크,11,연천 2024_08.csv,문화관광,레저스포츠시설
연천,2024,8,2024-08,94,경기도,연천군,현정사,11,연천 2024_08.csv,역사관광,종교성지
연천,2024,8,2024-08,97,경기도,연천군,동막리응회암,10,연천 2024_08.csv,기타관광,기타관광
연천,2024,8,2024-08,97,경기도,연천군,종자와시인 박물관,10,연천 2024_08.csv,문화관광,전시시설
연천,2024,8,2024-08,97,경기도,연천군,법성사,10,연천 2024_08.csv,역사관광,종교성지
연천,2024,8,2024-08,97,경기도,연천군,연강갤러리,10,연천 2024_08.csv,문화관광,전시시설
연천,2024,8,2024-08,97,경기도,연천군,연천학곡리적석총,10,연천 2024_08.csv,역사관광,역사유적지
연천,2024,8,2024-08,102,경기도,연천군,임진강유원지,9,연천 2024_08.csv,문화관광,복합관광시설
연천,2024,8,2024-08,102,경기도,연천군,보국사,9,연천 2024_08.csv,역사관광,종교성지
연천,2024,8,2024-08,104,경기도,연천군,연천유엔군화장장시설,8,연천 2024_08.csv,기타관광,기타관광
연천,2024,8,2024-08,104,경기도,연천군,말턱고개약수터,8,연천 2024_08.csv,자연관광,자연경관(산)
연천,2024,8,2024-08,104,경기도,연천군,자연그림터꽃나루,8,연천 2024_08.csv,문화관광,전시시설
연천,2024,8,2024-08,107,경기도,연천군,백의리층,7,연천 2024_08.csv,기타관광,기타관광
연천,2024,8,2024-08,107,경기도,연천군,아미사,7,연천 2024_08.csv,역사관광,종교성지
연천,2024,8,2024-08,107,경기도,연천군,연천숭의전지,7,연천 2024_08.csv,역사관광,역사유적지
연천,2024,8,2024-08,107,경기도,연천군,심원사지,7,연천 2024_08.csv,역사관광,종교성지
연천,2024,8,2024-08,111,경기도,연천군,차탄천 에움길,6,연천 2024_08.csv,레저스포츠,기타레저스포츠
연천,2024,8,2024-08,111,경기도,연천군,호병목장,6,연천 2024_08.csv,체험관광,농/산/어촌체험
연천,2024,8,2024-08,111,경기도,연천군,백학5일장,6,연천 2024_08.csv,쇼핑,시장
연천,2024,8,2024-08,111,경기도,연천군,석장리미술관조각공원,6,연천 2024_08.csv,문화관광,도시공원
연천,2024,8,2024-08,111,경기도,연천군,차탄천낚시터,6,연천 2024_08.csv,레저스포츠,수상레저스포츠
연천,2024,8,2024-08,111,경기도,연천군,안일농장,6,연천 2024_08.csv,체험관광,농/산/어촌체험
연천,2024,8,2024-08,111,경기도,연천군,포천아우라지베개용암,6,연천 2024_08.csv,기타관광,기타관광
연천,2024,8,2024-08,111,경기도,연천군,유성미디어촬영소,6,연천 2024_08.csv,문화관광,기타문화관광지
연천,2024,8,2024-08,119,경기도,연천군,휴림농업회사법인,5,연천 2024_08.csv,체험관광,농/산/어촌체험
연천,2024,8,2024-08,119,경기도,연천군,지장암,5,연천 2024_08.csv,역사관광,종교성지
연천,2024,8,2024-08,121,경기도,연천군,재인팜,4,연천 2024_08.csv,체험관광,농/산/어촌체험
연천,2024,8,2024-08,121,경기도,연천군,징기스칸승마클럽,4,연천 2024_08.csv,레저스포츠,육상레저스포츠
연천,2024,8,2024-08,121,경기도,연천군,베리베리사과농원,4,연천 2024_08.csv,체험관광,농/산/어촌체험
연천,2024,8,2024-08,121,경기도,연천군,애심목장,4,연천 2024_08.csv,체험관광,농/산/어촌체험
연천,2024,8,2024-08,121,경기도,연천군,조각가박시동미술관,4,연천 2024_08.csv,문화관광,전시시설
연천,2024,8,2024-08,121,경기도,연천군,산들농장,4,연천 2024_08.csv,체험관광,농/산/어촌체험
연천,2024,8,2024-08,127,경기도,연천군,연천신답리고분,3,연천 2024_08.csv,역사관광,역사유적지
연천,2024,8,2024-08,127,경기도,연천군,연천아트하우스,3,연천 2024_08.csv,문화관광,전시시설
연천,2024,8,2024-08,127,경기도,연천군,사씨사과농장,3,연천 2024_08.csv,체험관광,농/산/어촌체험
연천,2024,8,2024-08,127,경기도,연천군,어수정,3,연천 2024_08.csv,자연관광,자연경관(산)
연천,2024,8,2024-08,127,경기도,연천군,구미리체육공원,3,연천 2024_08.csv,문화관광,도시공원
연천,2024,8,2024-08,127,경기도,연천군,연천학곡리고인돌,3,연천 2024_08.csv,역사관광,역사유적지
연천,2024,8,2024-08,127,경기도,연천군,임진강평화습지원,3,연천 2024_08.csv,문화관광,도시공원
연천,2024,8,2024-08,127,경기도,연천군,교세목장,3,연천 2024_08.csv,체험관광,농/산/어촌체험
연천,2024,8,2024-08,127,경기도,연천군,청정암,3,연천 2024_08.csv,역사관광,종교성지
연천,2024,8,2024-08,127,경기도,연천군,다솔관광농원,3,연천 2024_08.csv,체험관광,농/산/어촌체험
연천,2024,8,2024-08,127,경기도,연천군,연천군게이트볼장,3,연천 2024_08.csv,레저스포츠,기타레저스포츠
연천,2024,8,2024-08,127,경기도,연천군,금빛농장,3,연천 2024_08.csv,체험관광,농/산/어촌체험
연천,2024,9,2024-09,1,경기도,연천군,임진강댑싸리공원,8196,연천 2024_09.csv,문화관광,도시공원
연천,2024,9,2024-09,2,경기도,연천군,전곡역,7132,연천 2024_09.csv,기타관광,교통시설
연천,2024,9,2024-09,3,경기도,연천군,재인폭포,6062,연천 2024_09.csv,자연관광,자연경관(산)
연천,2024,9,2024-09,4,경기도,연천군,자유로CC,4704,연천 2024_09.csv,레저스포츠,육상레저스포츠
연천,2024,9,2024-09,5,경기도,연천군,연천호로고루,3720,연천 2024_09.csv,역사관광,역사유적지
연천,2024,9,2024-09,6,경기도,연천군,연천역,2344,연천 2024_09.csv,기타관광,교통시설
연천,2024,9,2024-09,7,경기도,연천군,연천당포성,2239,연천 2024_09.csv,역사관광,역사유적지
연천,2024,9,2024-09,8,경기도,연천군,대광리역,1601,연천 2024_09.csv,기타관광,교통시설
연천,2024,9,2024-09,9,경기도,연천군,전곡선사박물관,1391,연천 2024_09.csv,문화관광,전시시설
연천,2024,9,2024-09,10,경기도,연천군,태풍전망대,1267,연천 2024_09.csv,문화관광,랜드마크관광
연천,2024,9,2024-09,11,경기도,연천군,전곡전통시장,1114,연천 2024_09.csv,쇼핑,시장
연천,2024,9,2024-09,12,경기도,연천군,백학저수지,1043,연천 2024_09.csv,자연관광,자연경관(하천/해양)
연천,2024,9,2024-09,13,경기도,연천군,고대산자연휴양림,865,연천 2024_09.csv,자연관광,자연공원
연천,2024,9,2024-09,14,경기도,연천군,연천전곡리유적,820,연천 2024_09.csv,역사관광,역사유적지
연천,2024,9,2024-09,15,경기도,연천군,한탄강관광지어린이캐릭터공원,818,연천 2024_09.csv,문화관광,도시공원
연천,2024,9,2024-09,16,경기도,연천군,전곡터미널,788,연천 2024_09.csv,기타관광,교통시설
연천,2024,9,2024-09,17,경기도,연천군,한탄강관광지,750,연천 2024_09.csv,문화관광,복합관광시설
연천,2024,9,2024-09,18,경기도,연천군,연천파크골프장,658,연천 2024_09.csv,레저스포츠,육상레저스포츠
연천,2024,9,2024-09,19,경기도,연천군,신탄리역,633,연천 2024_09.csv,기타관광,교통시설
연천,2024,9,2024-09,20,경기도,연천군,연천경순왕릉,629,연천 2024_09.csv,역사관광,역사유적지
연천,2024,9,2024-09,21,경기도,연천군,연천고랑포구역사공원,605,연천 2024_09.csv,문화관광,도시공원
연천,2024,9,2024-09,22,경기도,연천군,임진강주상절리,545,연천 2024_09.csv,기타관광,기타관광
연천,2024,9,2024-09,23,경기도,연천군,초성리역폐역,525,연천 2024_09.csv,기타관광,교통시설
연천,2024,9,2024-09,24,경기도,연천군,신망리역폐역,523,연천 2024_09.csv,기타관광,교통시설
연천,2024,9,2024-09,25,경기도,연천군,동막계곡,478,연천 2024_09.csv,자연관광,자연경관(산)
연천,2024,9,2024-09,26,경기도,연천군,숭의전,465,연천 2024_09.csv,역사관광,종교성지
연천,2024,9,2024-09,27,경기도,연천군,동막골유황천,449,연천 2024_09.csv,체험관광,웰니스관광
연천,2024,9,2024-09,28,경기도,연천군,열쇠전망대,443,연천 2024_09.csv,문화관광,랜드마크관광
연천,2024,9,2024-09,29,경기도,연천군,허브빌리지,439,연천 2024_09.csv,체험관광,농/산/어촌체험
연천,2024,9,2024-09,30,경기도,연천군,연천수레울아트홀,416,연천 2024_09.csv,문화관광,공연시설
연천,2024,9,2024-09,31,경기도,연천군,스튜디오 포시즌,414,연천 2024_09.csv,문화관광,기타문화관광지
연천,2024,9,2024-09,32,경기도,연천군,동막골유원지,391,연천 2024_09.csv,문화관광,복합관광시설
연천,2024,9,2024-09,33,경기도,연천군,그리팅맨,353,연천 2024_09.csv,역사관광,역사유물
연천,2024,9,2024-09,34,경기도,연천군,전곡낚시터,267,연천 2024_09.csv,레저스포츠,수상레저스포츠
연천,2024,9,2024-09,35,경기도,연천군,열두개울계곡,237,연천 2024_09.csv,자연관광,자연경관(산)
연천,2024,9,2024-09,36,경기도,연천군,수불사,230,연천 2024_09.csv,역사관광,종교성지
연천,2024,9,2024-09,37,경기도,연천군,지오낚시터,213,연천 2024_09.csv,레저스포츠,수상레저스포츠
연천,2024,9,2024-09,38,경기도,연천군,임진강장어직판장,208,연천 2024_09.csv,체험관광,농/산/어촌체험
연천,2024,9,2024-09,39,경기도,연천군,연천군청소년수련관,180,연천 2024_09.csv,레저스포츠,육상레저스포츠
연천,2024,9,2024-09,40,경기도,연천군,재인폭포출렁다리,147,연천 2024_09.csv,기타관광,기타관광
연천,2024,9,2024-09,41,경기도,연천군,삼화리낚시터,144,연천 2024_09.csv,레저스포츠,수상레저스포츠
연천,2024,9,2024-09,42,경기도,연천군,좌상바위,136,연천 2024_09.csv,기타관광,기타관광
연천,2024,9,2024-09,43,경기도,연천군,연천오일장,124,연천 2024_09.csv,쇼핑,시장
연천,2024,9,2024-09,44,경기도,연천군,연천호로고루홍보관,105,연천 2024_09.csv,문화관광,전시시설
연천,2024,9,2024-09,45,경기도,연천군,상승전망대,102,연천 2024_09.csv,문화관광,랜드마크관광
연천,2024,9,2024-09,46,경기도,연천군,진상리축구장,95,연천 2024_09.csv,문화관광,레저스포츠시설
연천,2024,9,2024-09,47,경기도,연천군,연천군 신서면 소목개마을,90,연천 2024_09.csv,문화관광,도시/지역문화관광
연천,2024,9,2024-09,48,경기도,연천군,연강갤러리,84,연천 2024_09.csv,문화관광,전시시설
연천,2024,9,2024-09,49,경기도,연천군,원심원사,83,연천 2024_09.csv,역사관광,종교성지
연천,2024,9,2024-09,50,경기도,연천군,임진강주상절리카약,72,연천 2024_09.csv,레저스포츠,수상레저스포츠
연천,2024,9,2024-09,50,경기도,연천군,연천로하스파크,72,연천 2024_09.csv,기타관광,기타관광
연천,2024,9,2024-09,52,경기도,연천군,연천공영버스터미널,68,연천 2024_09.csv,기타관광,교통시설
연천,2024,9,2024-09,53,경기도,연천군,에이펙스트랙&라이딩스쿨,67,연천 2024_09.csv,레저스포츠,기타레저스포츠
연천,2024,9,2024-09,53,경기도,연천군,고랑포구,67,연천 2024_09.csv,자연관광,자연경관(하천/해양)
연천,2024,9,2024-09,55,경기도,연천군,백학지낚시터,63,연천 2024_09.csv,레저스포츠,수상레저스포츠
연천,2024,9,2024-09,56,경기도,연천군,스튜디오139,62,연천 2024_09.csv,문화관광,기타문화관광지
연천,2024,9,2024-09,57,경기도,연천군,연천고대산야구장,60,연천 2024_09.csv,문화관광,레저스포츠시설
연천,2024,9,2024-09,58,경기도,연천군,두루미테마파크,59,연천 2024_09.csv,기타관광,기타관광
연천,2024,9,2024-09,59,경기도,연천군,백학낚시터,53,연천 2024_09.csv,레저스포츠,수상레저스포츠
연천,2024,9,2024-09,60,경기도,연천군,한탄강관광지축구장,52,연천 2024_09.csv,문화관광,레저스포츠시설
연천,2024,9,2024-09,61,경기도,연천군,연천종합운동장인조구장,51,연천 2024_09.csv,문화관광,레저스포츠시설
연천,2024,9,2024-09,62,경기도,연천군,역고드름,44,연천 2024_09.csv,기타관광,기타관광
연천,2024,9,2024-09,63,경기도,연천군,정발장군묘,43,연천 2024_09.csv,역사관광,역사유적지
연천,2024,9,2024-09,63,경기도,연천군,연천승마공원,43,연천 2024_09.csv,레저스포츠,육상레저스포츠
연천,2024,9,2024-09,65,경기도,연천군,연천숭의전지,41,연천 2024_09.csv,역사관광,역사유적지
연천,2024,9,2024-09,65,경기도,연천군,차탄천주상절리,41,연천 2024_09.csv,기타관광,기타관광
연천,2024,9,2024-09,67,경기도,연천군,고인돌공원,39,연천 2024_09.csv,문화관광,도시공원
연천,2024,9,2024-09,68,경기도,연천군,연천국화전시회,37,연천 2024_09.csv,문화관광,기타문화관광지
연천,2024,9,2024-09,69,경기도,연천군,아우라지베개용암탐방안내소,35,연천 2024_09.csv,기타관광,기타관광
연천,2024,9,2024-09,70,경기도,연천군,한국수자원공사한탄강댐물문화관,34,연천 2024_09.csv,문화관광,전시시설
연천,2024,9,2024-09,71,경기도,연천군,대화사,33,연천 2024_09.csv,역사관광,종교성지
연천,2024,9,2024-09,72,경기도,연천군,돌둥지유원지,32,연천 2024_09.csv,문화관광,복합관광시설
연천,2024,9,2024-09,73,경기도,연천군,들꽃가람농장,31,연천 2024_09.csv,체험관광,농/산/어촌체험
연천,2024,9,2024-09,74,경기도,연천군,모아베리교육농장,29,연천 2024_09.csv,체험관광,농/산/어촌체험
연천,2024,9,2024-09,75,경기도,연천군,한탄강물놀이장,28,연천 2024_09.csv,문화관광,테마공원
연천,2024,9,2024-09,76,경기도,연천군,개안마루전망대,27,연천 2024_09.csv,문화관광,랜드마크관광
연천,2024,9,2024-09,77,경기도,연천군,장승천전투전적비,26,연천 2024_09.csv,역사관광,역사유물
연천,2024,9,2024-09,77,경기도,연천군,한탄강역폐역,26,연천 2024_09.csv,기타관광,교통시설
연천,2024,9,2024-09,77,경기도,연천군,석장리미술관조각공원,26,연천 2024_09.csv,문화관광,도시공원
연천,2024,9,2024-09,77,경기도,연천군,연천은대리성,26,연천 2024_09.csv,역사관광,역사유적지
연천,2024,9,2024-09,81,경기도,연천군,코리아승마클럽,25,연천 2024_09.csv,레저스포츠,육상레저스포츠
연천,2024,9,2024-09,81,경기도,연천군,망곡산둘레길,25,연천 2024_09.csv,기타관광,기타관광
연천,2024,9,2024-09,81,경기도,연천군,연천전곡리유적방문자센터,25,연천 2024_09.csv,기타관광,기타관광
연천,2024,9,2024-09,84,경기도,연천군,애심목장,22,연천 2024_09.csv,체험관광,농/산/어촌체험
연천,2024,9,2024-09,84,경기도,연천군,연천코스모스둘레길,22,연천 2024_09.csv,기타관광,기타관광
연천,2024,9,2024-09,86,경기도,연천군,고대산,20,연천 2024_09.csv,자연관광,자연경관(산)
연천,2024,9,2024-09,87,경기도,연천군,전곡근린공원,17,연천 2024_09.csv,문화관광,도시공원
연천,2024,9,2024-09,87,경기도,연천군,베리베리사과농원,17,연천 2024_09.csv,체험관광,농/산/어촌체험
연천,2024,9,2024-09,89,경기도,연천군,박진장군묘,16,연천 2024_09.csv,역사관광,역사유적지
연천,2024,9,2024-09,89,경기도,연천군,자연그림터꽃나루,16,연천 2024_09.csv,문화관광,전시시설
연천,2024,9,2024-09,91,경기도,연천군,연천역급수탑,14,연천 2024_09.csv,역사관광,역사유적지
연천,2024,9,2024-09,92,경기도,연천군,종자와시인 박물관,13,연천 2024_09.csv,문화관광,전시시설
연천,2024,9,2024-09,92,경기도,연천군,임진강평화습지원,13,연천 2024_09.csv,문화관광,도시공원
연천,2024,9,2024-09,92,경기도,연천군,선곡베이스볼파크,13,연천 2024_09.csv,문화관광,레저스포츠시설
연천,2024,9,2024-09,95,경기도,연천군,법성사,12,연천 2024_09.csv,역사관광,종교성지
연천,2024,9,2024-09,95,경기도,연천군,산들농장,12,연천 2024_09.csv,체험관광,농/산/어촌체험
연천,2024,9,2024-09,97,경기도,연천군,스튜디오330,11,연천 2024_09.csv,문화관광,기타문화관광지
연천,2024,9,2024-09,97,경기도,연천군,물바위유원지,11,연천 2024_09.csv,문화관광,복합관광시설
연천,2024,9,2024-09,99,경기도,연천군,호병목장,10,연천 2024_09.csv,체험관광,농/산/어촌체험
연천,2024,9,2024-09,99,경기도,연천군,연천유엔군화장장시설,10,연천 2024_09.csv,기타관광,기타관광
연천,2024,9,2024-09,99,경기도,연천군,보국사,10,연천 2024_09.csv,역사관광,종교성지
연천,2024,9,2024-09,99,경기도,연천군,안일농장,10,연천 2024_09.csv,체험관광,농/산/어촌체험
연천,2024,9,2024-09,99,경기도,연천군,포천아우라지베개용암,10,연천 2024_09.csv,기타관광,기타관광
연천,2024,9,2024-09,104,경기도,연천군,시원농장,9,연천 2024_09.csv,체험관광,농/산/어촌체험
연천,2024,9,2024-09,104,경기도,연천군,연천북방산개구리농장,9,연천 2024_09.csv,체험관광,농/산/어촌체험
연천,2024,9,2024-09,104,경기도,연천군,은대근린공원,9,연천 2024_09.csv,문화관광,도시공원
연천,2024,9,2024-09,104,경기도,연천군,차탄천낚시터,9,연천 2024_09.csv,레저스포츠,수상레저스포츠
연천,2024,9,2024-09,104,경기도,연천군,말턱고개약수터,9,연천 2024_09.csv,자연관광,자연경관(산)
연천,2024,9,2024-09,109,경기도,연천군,조각가박시동미술관,8,연천 2024_09.csv,문화관광,전시시설
연천,2024,9,2024-09,109,경기도,연천군,종자산,8,연천 2024_09.csv,자연관광,자연경관(산)
연천,2024,9,2024-09,109,경기도,연천군,현정사,8,연천 2024_09.csv,역사관광,종교성지
연천,2024,9,2024-09,112,경기도,연천군,너나들이노리파크전곡점,7,연천 2024_09.csv,문화관광,테마공원
연천,2024,9,2024-09,112,경기도,연천군,태황사,7,연천 2024_09.csv,역사관광,종교성지
연천,2024,9,2024-09,112,경기도,연천군,연강나룻길A코스,7,연천 2024_09.csv,레저스포츠,기타레저스포츠
연천,2024,9,2024-09,112,경기도,연천군,임진물새롬랜드,7,연천 2024_09.csv,문화관광,도시공원
연천,2024,9,2024-09,112,경기도,연천군,드라마미술전시장,7,연천 2024_09.csv,기타관광,기타관광
연천,2024,9,2024-09,112,경기도,연천군,능혜사,7,연천 2024_09.csv,역사관광,종교성지
연천,2024,9,2024-09,118,경기도,연천군,청산공원,6,연천 2024_09.csv,문화관광,도시공원
연천,2024,9,2024-09,118,경기도,연천군,토층전시관,6,연천 2024_09.csv,문화관광,전시시설
연천,2024,9,2024-09,118,경기도,연천군,연천향교,6,연천 2024_09.csv,역사관광,역사유적지
연천,2024,9,2024-09,118,경기도,연천군,학소정,6,연천 2024_09.csv,레저스포츠,육상레저스포츠
연천,2024,9,2024-09,118,경기도,연천군,화인베이스볼파크,6,연천 2024_09.csv,문화관광,레저스포츠시설
연천,2024,9,2024-09,123,경기도,연천군,DMZ피스브릭하우스,5,연천 2024_09.csv,문화관광,기타문화관광지
연천,2024,9,2024-09,123,경기도,연천군,백학5일장,5,연천 2024_09.csv,쇼핑,시장
연천,2024,9,2024-09,123,경기도,연천군,군남자연청소년수련원,5,연천 2024_09.csv,레저스포츠,육상레저스포츠
연천,2024,9,2024-09,126,경기도,연천군,령신산기도도량,4,연천 2024_09.csv,역사관광,종교성지
연천,2024,9,2024-09,126,경기도,연천군,코스모스공원,4,연천 2024_09.csv,문화관광,도시공원
연천,2024,9,2024-09,126,경기도,연천군,차탄천주상절리길,4,연천 2024_09.csv,기타관광,기타관광
연천,2024,9,2024-09,126,경기도,연천군,화이트농원,4,연천 2024_09.csv,체험관광,농/산/어촌체험
연천,2024,9,2024-09,126,경기도,연천군,왕징 5일장,4,연천 2024_09.csv,쇼핑,시장
연천,2024,9,2024-09,126,경기도,연천군,평화누리길12코스,4,연천 2024_09.csv,레저스포츠,기타레저스포츠
연천,2024,9,2024-09,126,경기도,연천군,심원사지,4,연천 2024_09.csv,역사관광,종교성지
연천,2024,9,2024-09,126,경기도,연천군,월성사,4,연천 2024_09.csv,역사관광,종교성지
연천,2024,9,2024-09,126,경기도,연천군,다솔관광농원,4,연천 2024_09.csv,체험관광,농/산/어촌체험
연천,2024,9,2024-09,135,경기도,연천군,백의리층,3,연천 2024_09.csv,기타관광,기타관광
연천,2024,9,2024-09,135,경기도,연천군,자방키사과농원,3,연천 2024_09.csv,체험관광,농/산/어촌체험
연천,2024,9,2024-09,135,경기도,연천군,연천신답리고분,3,연천 2024_09.csv,역사관광,역사유적지
연천,2024,9,2024-09,135,경기도,연천군,은대리판상절리,3,연천 2024_09.csv,기타관광,기타관광
연천,2024,9,2024-09,135,경기도,연천군,사씨사과농장,3,연천 2024_09.csv,체험관광,농/산/어촌체험
연천,2024,9,2024-09,135,경기도,연천군,아름이목장,3,연천 2024_09.csv,체험관광,농/산/어촌체험
연천,2024,9,2024-09,135,경기도,연천군,징기스칸승마클럽,3,연천 2024_09.csv,레저스포츠,육상레저스포츠
연천,2024,9,2024-09,135,경기도,연천군,연천삼곶리돌무지무덤,3,연천 2024_09.csv,역사관광,역사유적지
연천,2024,9,2024-09,135,경기도,연천군,연천학곡리고인돌,3,연천 2024_09.csv,역사관광,역사유적지
연천,2024,9,2024-09,135,경기도,연천군,샘터유원지,3,연천 2024_09.csv,문화관광,복합관광시설
연천,2024,9,2024-09,135,경기도,연천군,아미사,3,연천 2024_09.csv,역사관광,종교성지
연천,2024,9,2024-09,135,경기도,연천군,고대정,3,연천 2024_09.csv,레저스포츠,육상레저스포츠
연천,2024,9,2024-09,135,경기도,연천군,임진강유원지,3,연천 2024_09.csv,문화관광,복합관광시설
연천,2024,9,2024-09,135,경기도,연천군,평화누리길11코스,3,연천 2024_09.csv,레저스포츠,기타레저스포츠
연천,2024,9,2024-09,135,경기도,연천군,북진약수터,3,연천 2024_09.csv,자연관광,자연경관(산)
연천,2024,9,2024-09,135,경기도,연천군,진각선원,3,연천 2024_09.csv,역사관광,종교성지
연천,2024,9,2024-09,135,경기도,연천군,연천학곡리적석총,3,연천 2024_09.csv,역사관광,역사유적지
연천,2024,9,2024-09,135,경기도,연천군,연천군 미산면 삼화리3반,3,연천 2024_09.csv,문화관광,도시/지역문화관광
연천,2024,10,2024-10,1,경기도,연천군,임진강댑싸리공원,28323,연천 2024_10.csv,문화관광,도시공원
연천,2024,10,2024-10,2,경기도,연천군,재인폭포,8979,연천 2024_10.csv,자연관광,자연경관(산)
연천,2024,10,2024-10,3,경기도,연천군,전곡역,6893,연천 2024_10.csv,기타관광,교통시설
연천,2024,10,2024-10,4,경기도,연천군,자유로CC,5967,연천 2024_10.csv,레저스포츠,육상레저스포츠
연천,2024,10,2024-10,5,경기도,연천군,연천국화전시회,4325,연천 2024_10.csv,문화관광,기타문화관광지
연천,2024,10,2024-10,6,경기도,연천군,연천전곡리유적,4145,연천 2024_10.csv,역사관광,역사유적지
연천,2024,10,2024-10,7,경기도,연천군,연천호로고루,2900,연천 2024_10.csv,역사관광,역사유적지
연천,2024,10,2024-10,8,경기도,연천군,연천당포성,2770,연천 2024_10.csv,역사관광,역사유적지
연천,2024,10,2024-10,9,경기도,연천군,연천역,2557,연천 2024_10.csv,기타관광,교통시설
연천,2024,10,2024-10,10,경기도,연천군,전곡선사박물관,2158,연천 2024_10.csv,문화관광,전시시설
연천,2024,10,2024-10,11,경기도,연천군,태풍전망대,1714,연천 2024_10.csv,문화관광,랜드마크관광
연천,2024,10,2024-10,12,경기도,연천군,대광리역,1517,연천 2024_10.csv,기타관광,교통시설
연천,2024,10,2024-10,13,경기도,연천군,한탄강관광지어린이캐릭터공원,1436,연천 2024_10.csv,문화관광,도시공원
연천,2024,10,2024-10,14,경기도,연천군,전곡전통시장,1421,연천 2024_10.csv,쇼핑,시장
연천,2024,10,2024-10,15,경기도,연천군,연천파크골프장,911,연천 2024_10.csv,레저스포츠,육상레저스포츠
연천,2024,10,2024-10,16,경기도,연천군,한탄강관광지,886,연천 2024_10.csv,문화관광,복합관광시설
연천,2024,10,2024-10,17,경기도,연천군,고대산자연휴양림,873,연천 2024_10.csv,자연관광,자연공원
연천,2024,10,2024-10,18,경기도,연천군,전곡터미널,731,연천 2024_10.csv,기타관광,교통시설
연천,2024,10,2024-10,19,경기도,연천군,연천율무축제,697,연천 2024_10.csv,문화관광,기타문화관광지
연천,2024,10,2024-10,20,경기도,연천군,임진강주상절리,680,연천 2024_10.csv,기타관광,기타관광
연천,2024,10,2024-10,21,경기도,연천군,백학저수지,678,연천 2024_10.csv,자연관광,자연경관(하천/해양)
연천,2024,10,2024-10,22,경기도,연천군,연천경순왕릉,618,연천 2024_10.csv,역사관광,역사유적지
연천,2024,10,2024-10,23,경기도,연천군,열쇠전망대,570,연천 2024_10.csv,문화관광,랜드마크관광
연천,2024,10,2024-10,23,경기도,연천군,신탄리역,570,연천 2024_10.csv,기타관광,교통시설
연천,2024,10,2024-10,25,경기도,연천군,연천수레울아트홀,513,연천 2024_10.csv,문화관광,공연시설
연천,2024,10,2024-10,26,경기도,연천군,연천고랑포구역사공원,511,연천 2024_10.csv,문화관광,도시공원
연천,2024,10,2024-10,27,경기도,연천군,동막골유황천,488,연천 2024_10.csv,체험관광,웰니스관광
연천,2024,10,2024-10,28,경기도,연천군,그리팅맨,487,연천 2024_10.csv,역사관광,역사유물
연천,2024,10,2024-10,29,경기도,연천군,초성리역폐역,447,연천 2024_10.csv,기타관광,교통시설
연천,2024,10,2024-10,30,경기도,연천군,허브빌리지,446,연천 2024_10.csv,체험관광,농/산/어촌체험
연천,2024,10,2024-10,31,경기도,연천군,신망리역폐역,393,연천 2024_10.csv,기타관광,교통시설
연천,2024,10,2024-10,32,경기도,연천군,숭의전,368,연천 2024_10.csv,역사관광,종교성지
연천,2024,10,2024-10,33,경기도,연천군,재인폭포출렁다리,264,연천 2024_10.csv,기타관광,기타관광
연천,2024,10,2024-10,34,경기도,연천군,동막골유원지,260,연천 2024_10.csv,문화관광,복합관광시설
연천,2024,10,2024-10,35,경기도,연천군,수불사,216,연천 2024_10.csv,역사관광,종교성지
연천,2024,10,2024-10,36,경기도,연천군,연천고려인삼축제,205,연천 2024_10.csv,문화관광,기타문화관광지
연천,2024,10,2024-10,37,경기도,연천군,연천오일장,202,연천 2024_10.csv,쇼핑,시장
연천,2024,10,2024-10,38,경기도,연천군,연천군청소년수련관,183,연천 2024_10.csv,레저스포츠,육상레저스포츠
연천,2024,10,2024-10,39,경기도,연천군,연천전곡리유적방문자센터,179,연천 2024_10.csv,기타관광,기타관광
연천,2024,10,2024-10,40,경기도,연천군,임진강장어직판장,160,연천 2024_10.csv,체험관광,농/산/어촌체험
연천,2024,10,2024-10,41,경기도,연천군,좌상바위,152,연천 2024_10.csv,기타관광,기타관광
연천,2024,10,2024-10,41,경기도,연천군,전곡낚시터,152,연천 2024_10.csv,레저스포츠,수상레저스포츠
연천,2024,10,2024-10,43,경기도,연천군,동막계곡,129,연천 2024_10.csv,자연관광,자연경관(산)
연천,2024,10,2024-10,44,경기도,연천군,연천호로고루홍보관,110,연천 2024_10.csv,문화관광,전시시설
연천,2024,10,2024-10,45,경기도,연천군,상승전망대,109,연천 2024_10.csv,문화관광,랜드마크관광
연천,2024,10,2024-10,46,경기도,연천군,삼화리낚시터,100,연천 2024_10.csv,레저스포츠,수상레저스포츠
연천,2024,10,2024-10,47,경기도,연천군,연강갤러리,94,연천 2024_10.csv,문화관광,전시시설
연천,2024,10,2024-10,48,경기도,연천군,두루미테마파크,92,연천 2024_10.csv,기타관광,기타관광
연천,2024,10,2024-10,49,경기도,연천군,열두개울계곡,91,연천 2024_10.csv,자연관광,자연경관(산)
연천,2024,10,2024-10,50,경기도,연천군,코리아승마클럽,83,연천 2024_10.csv,레저스포츠,육상레저스포츠
연천,2024,10,2024-10,51,경기도,연천군,들꽃가람농장,79,연천 2024_10.csv,체험관광,농/산/어촌체험
연천,2024,10,2024-10,52,경기도,연천군,스튜디오139,78,연천 2024_10.csv,문화관광,기타문화관광지
연천,2024,10,2024-10,52,경기도,연천군,연천공영버스터미널,78,연천 2024_10.csv,기타관광,교통시설
연천,2024,10,2024-10,54,경기도,연천군,지오낚시터,75,연천 2024_10.csv,레저스포츠,수상레저스포츠
연천,2024,10,2024-10,55,경기도,연천군,연천은대리성,73,연천 2024_10.csv,역사관광,역사유적지
연천,2024,10,2024-10,56,경기도,연천군,임진강주상절리카약,72,연천 2024_10.csv,레저스포츠,수상레저스포츠
연천,2024,10,2024-10,57,경기도,연천군,한탄강관광지축구장,69,연천 2024_10.csv,문화관광,레저스포츠시설
연천,2024,10,2024-10,58,경기도,연천군,연천군 신서면 소목개마을,67,연천 2024_10.csv,문화관광,도시/지역문화관광
연천,2024,10,2024-10,59,경기도,연천군,원심원사,64,연천 2024_10.csv,역사관광,종교성지
연천,2024,10,2024-10,60,경기도,연천군,연천로하스파크,62,연천 2024_10.csv,기타관광,기타관광
연천,2024,10,2024-10,61,경기도,연천군,망곡산둘레길,60,연천 2024_10.csv,기타관광,기타관광
연천,2024,10,2024-10,62,경기도,연천군,연천승마공원,58,연천 2024_10.csv,레저스포츠,육상레저스포츠
연천,2024,10,2024-10,62,경기도,연천군,한국수자원공사한탄강댐물문화관,58,연천 2024_10.csv,문화관광,전시시설
연천,2024,10,2024-10,64,경기도,연천군,에이펙스트랙&라이딩스쿨,56,연천 2024_10.csv,레저스포츠,기타레저스포츠
연천,2024,10,2024-10,64,경기도,연천군,선곡베이스볼파크,56,연천 2024_10.csv,문화관광,레저스포츠시설
연천,2024,10,2024-10,66,경기도,연천군,연천코스모스둘레길,53,연천 2024_10.csv,기타관광,기타관광
연천,2024,10,2024-10,67,경기도,연천군,서문크리스챤하우스,50,연천 2024_10.csv,레저스포츠,육상레저스포츠
연천,2024,10,2024-10,68,경기도,연천군,진상리축구장,49,연천 2024_10.csv,문화관광,레저스포츠시설
연천,2024,10,2024-10,68,경기도,연천군,대화사,49,연천 2024_10.csv,역사관광,종교성지
연천,2024,10,2024-10,70,경기도,연천군,고인돌공원,47,연천 2024_10.csv,문화관광,도시공원
연천,2024,10,2024-10,71,경기도,연천군,스튜디오330,45,연천 2024_10.csv,문화관광,기타문화관광지
연천,2024,10,2024-10,72,경기도,연천군,백학지낚시터,44,연천 2024_10.csv,레저스포츠,수상레저스포츠
연천,2024,10,2024-10,73,경기도,연천군,청산커뮤니티아트센터,40,연천 2024_10.csv,문화관광,기타문화관광지
연천,2024,10,2024-10,73,경기도,연천군,모아베리교육농장,40,연천 2024_10.csv,체험관광,농/산/어촌체험
연천,2024,10,2024-10,75,경기도,연천군,연천숭의전지,36,연천 2024_10.csv,역사관광,역사유적지
연천,2024,10,2024-10,76,경기도,연천군,고랑포구,35,연천 2024_10.csv,자연관광,자연경관(하천/해양)
연천,2024,10,2024-10,77,경기도,연천군,백학낚시터,32,연천 2024_10.csv,레저스포츠,수상레저스포츠
연천,2024,10,2024-10,78,경기도,연천군,조각가박시동미술관,30,연천 2024_10.csv,문화관광,전시시설
연천,2024,10,2024-10,78,경기도,연천군,고대산,30,연천 2024_10.csv,자연관광,자연경관(산)
연천,2024,10,2024-10,78,경기도,연천군,차탄천주상절리,30,연천 2024_10.csv,기타관광,기타관광
연천,2024,10,2024-10,81,경기도,연천군,스튜디오 포시즌,29,연천 2024_10.csv,문화관광,기타문화관광지
연천,2024,10,2024-10,82,경기도,연천군,한탄강역폐역,28,연천 2024_10.csv,기타관광,교통시설
연천,2024,10,2024-10,83,경기도,연천군,역고드름,26,연천 2024_10.csv,기타관광,기타관광
연천,2024,10,2024-10,84,경기도,연천군,임진강평화습지원,25,연천 2024_10.csv,문화관광,도시공원
연천,2024,10,2024-10,85,경기도,연천군,차탄천주상절리길,24,연천 2024_10.csv,기타관광,기타관광
연천,2024,10,2024-10,85,경기도,연천군,토층전시관,24,연천 2024_10.csv,문화관광,전시시설
연천,2024,10,2024-10,85,경기도,연천군,안일농장,24,연천 2024_10.csv,체험관광,농/산/어촌체험
연천,2024,10,2024-10,88,경기도,연천군,전곡근린공원,23,연천 2024_10.csv,문화관광,도시공원
연천,2024,10,2024-10,88,경기도,연천군,아우라지베개용암탐방안내소,23,연천 2024_10.csv,기타관광,기타관광
연천,2024,10,2024-10,90,경기도,연천군,연천역급수탑,19,연천 2024_10.csv,역사관광,역사유적지
연천,2024,10,2024-10,91,경기도,연천군,개안마루전망대,17,연천 2024_10.csv,문화관광,랜드마크관광
연천,2024,10,2024-10,92,경기도,연천군,종자와시인 박물관,15,연천 2024_10.csv,문화관광,전시시설
연천,2024,10,2024-10,92,경기도,연천군,정발장군묘,15,연천 2024_10.csv,역사관광,역사유적지
연천,2024,10,2024-10,94,경기도,연천군,은대근린공원,14,연천 2024_10.csv,문화관광,도시공원
연천,2024,10,2024-10,94,경기도,연천군,한탄강물놀이장,14,연천 2024_10.csv,문화관광,테마공원
연천,2024,10,2024-10,94,경기도,연천군,연천유엔군화장장시설,14,연천 2024_10.csv,기타관광,기타관광
연천,2024,10,2024-10,94,경기도,연천군,말턱고개약수터,14,연천 2024_10.csv,자연관광,자연경관(산)
연천,2024,10,2024-10,98,경기도,연천군,백의리층,12,연천 2024_10.csv,기타관광,기타관광
연천,2024,10,2024-10,98,경기도,연천군,법성사,12,연천 2024_10.csv,역사관광,종교성지
연천,2024,10,2024-10,98,경기도,연천군,애심목장,12,연천 2024_10.csv,체험관광,농/산/어촌체험
연천,2024,10,2024-10,101,경기도,연천군,연천종합운동장인조구장,11,연천 2024_10.csv,문화관광,레저스포츠시설
연천,2024,10,2024-10,101,경기도,연천군,학소정,11,연천 2024_10.csv,레저스포츠,육상레저스포츠
연천,2024,10,2024-10,103,경기도,연천군,령신산기도도량,10,연천 2024_10.csv,역사관광,종교성지
연천,2024,10,2024-10,103,경기도,연천군,드라마미술전시장,10,연천 2024_10.csv,기타관광,기타관광
연천,2024,10,2024-10,105,경기도,연천군,사씨사과농장,9,연천 2024_10.csv,체험관광,농/산/어촌체험
연천,2024,10,2024-10,105,경기도,연천군,징기스칸승마클럽,9,연천 2024_10.csv,레저스포츠,육상레저스포츠
연천,2024,10,2024-10,105,경기도,연천군,임진강유원지,9,연천 2024_10.csv,문화관광,복합관광시설
연천,2024,10,2024-10,108,경기도,연천군,연천역관광안내소,8,연천 2024_10.csv,기타관광,기타관광
연천,2024,10,2024-10,108,경기도,연천군,장승천전투전적비,8,연천 2024_10.csv,역사관광,역사유물
연천,2024,10,2024-10,108,경기도,연천군,보국사,8,연천 2024_10.csv,역사관광,종교성지
연천,2024,10,2024-10,111,경기도,연천군,기황후묘,7,연천 2024_10.csv,역사관광,역사유적지
연천,2024,10,2024-10,111,경기도,연천군,스타스튜디오,7,연천 2024_10.csv,문화관광,기타문화관광지
연천,2024,10,2024-10,111,경기도,연천군,백학5일장,7,연천 2024_10.csv,쇼핑,시장
연천,2024,10,2024-10,111,경기도,연천군,임진물새롬랜드,7,연천 2024_10.csv,문화관광,도시공원
연천,2024,10,2024-10,115,경기도,연천군,합수머리,6,연천 2024_10.csv,기타관광,기타관광
연천,2024,10,2024-10,115,경기도,연천군,연천신답리고분,6,연천 2024_10.csv,역사관광,역사유적지
연천,2024,10,2024-10,115,경기도,연천군,너나들이노리파크전곡점,6,연천 2024_10.csv,문화관광,테마공원
연천,2024,10,2024-10,115,경기도,연천군,태황사,6,연천 2024_10.csv,역사관광,종교성지
연천,2024,10,2024-10,115,경기도,연천군,현정사,6,연천 2024_10.csv,역사관광,종교성지
연천,2024,10,2024-10,115,경기도,연천군,유성미디어촬영소,6,연천 2024_10.csv,문화관광,기타문화관광지
연천,2024,10,2024-10,121,경기도,연천군,임장서원,5,연천 2024_10.csv,역사관광,역사유적지
연천,2024,10,2024-10,121,경기도,연천군,능혜사,5,연천 2024_10.csv,역사관광,종교성지
연천,2024,10,2024-10,123,경기도,연천군,백학역사박물관,4,연천 2024_10.csv,문화관광,전시시설
연천,2024,10,2024-10,123,경기도,연천군,연천고대산야구장,4,연천 2024_10.csv,문화관광,레저스포츠시설
연천,2024,10,2024-10,123,경기도,연천군,아미타사,4,연천 2024_10.csv,역사관광,종교성지
연천,2024,10,2024-10,123,경기도,연천군,옹달샘농원,4,연천 2024_10.csv,체험관광,농/산/어촌체험
연천,2024,10,2024-10,127,경기도,연천군,DMZ피스브릭하우스,3,연천 2024_10.csv,문화관광,기타문화관광지
연천,2024,10,2024-10,127,경기도,연천군,은대리판상절리,3,연천 2024_10.csv,기타관광,기타관광
연천,2024,10,2024-10,127,경기도,연천군,연천양원리고인돌,3,연천 2024_10.csv,역사관광,역사유적지
연천,2024,10,2024-10,127,경기도,연천군,아름이목장,3,연천 2024_10.csv,체험관광,농/산/어촌체험
연천,2024,10,2024-10,127,경기도,연천군,코스모스공원,3,연천 2024_10.csv,문화관광,도시공원
연천,2024,10,2024-10,127,경기도,연천군,망곡산연인공원,3,연천 2024_10.csv,문화관광,도시공원
연천,2024,10,2024-10,127,경기도,연천군,물바위유원지,3,연천 2024_10.csv,문화관광,복합관광시설
연천,2024,10,2024-10,127,경기도,연천군,필리핀군참전비,3,연천 2024_10.csv,역사관광,역사유물
연천,2024,10,2024-10,127,경기도,연천군,포천아우라지베개용암,3,연천 2024_10.csv,기타관광,기타관광
연천,2024,11,2024-11,1,경기도,연천군,전곡역,6399,연천 2024_11.csv,기타관광,교통시설
연천,2024,11,2024-11,2,경기도,연천군,자유로CC,4898,연천 2024_11.csv,레저스포츠,육상레저스포츠
연천,2024,11,2024-11,3,경기도,연천군,임진강댑싸리공원,4620,연천 2024_11.csv,문화관광,도시공원
연천,2024,11,2024-11,4,경기도,연천군,재인폭포,3594,연천 2024_11.csv,자연관광,자연경관(산)
연천,2024,11,2024-11,5,경기도,연천군,연천역,1935,연천 2024_11.csv,기타관광,교통시설
연천,2024,11,2024-11,6,경기도,연천군,연천당포성,1539,연천 2024_11.csv,역사관광,역사유적지
연천,2024,11,2024-11,7,경기도,연천군,연천전곡리유적,1402,연천 2024_11.csv,역사관광,역사유적지
연천,2024,11,2024-11,8,경기도,연천군,대광리역,1386,연천 2024_11.csv,기타관광,교통시설
연천,2024,11,2024-11,9,경기도,연천군,전곡선사박물관,1059,연천 2024_11.csv,문화관광,전시시설
연천,2024,11,2024-11,10,경기도,연천군,연천호로고루,1039,연천 2024_11.csv,역사관광,역사유적지
연천,2024,11,2024-11,11,경기도,연천군,전곡전통시장,1018,연천 2024_11.csv,쇼핑,시장
연천,2024,11,2024-11,12,경기도,연천군,한탄강관광지어린이캐릭터공원,921,연천 2024_11.csv,문화관광,도시공원
연천,2024,11,2024-11,13,경기도,연천군,연천파크골프장,879,연천 2024_11.csv,레저스포츠,육상레저스포츠
연천,2024,11,2024-11,14,경기도,연천군,연천국화전시회,757,연천 2024_11.csv,문화관광,기타문화관광지
연천,2024,11,2024-11,15,경기도,연천군,고대산자연휴양림,751,연천 2024_11.csv,자연관광,자연공원
연천,2024,11,2024-11,16,경기도,연천군,전곡터미널,657,연천 2024_11.csv,기타관광,교통시설
연천,2024,11,2024-11,17,경기도,연천군,한탄강관광지축구장,630,연천 2024_11.csv,문화관광,레저스포츠시설
연천,2024,11,2024-11,18,경기도,연천군,진상리축구장,582,연천 2024_11.csv,문화관광,레저스포츠시설
연천,2024,11,2024-11,19,경기도,연천군,연천수레울아트홀,578,연천 2024_11.csv,문화관광,공연시설
연천,2024,11,2024-11,20,경기도,연천군,한탄강관광지,565,연천 2024_11.csv,문화관광,복합관광시설
연천,2024,11,2024-11,21,경기도,연천군,동막골유황천,557,연천 2024_11.csv,체험관광,웰니스관광
연천,2024,11,2024-11,22,경기도,연천군,신망리역폐역,545,연천 2024_11.csv,기타관광,교통시설
연천,2024,11,2024-11,23,경기도,연천군,열쇠전망대,534,연천 2024_11.csv,문화관광,랜드마크관광
연천,2024,11,2024-11,24,경기도,연천군,태풍전망대,505,연천 2024_11.csv,문화관광,랜드마크관광
연천,2024,11,2024-11,25,경기도,연천군,백학저수지,474,연천 2024_11.csv,자연관광,자연경관(하천/해양)
연천,2024,11,2024-11,26,경기도,연천군,초성리역폐역,465,연천 2024_11.csv,기타관광,교통시설
연천,2024,11,2024-11,27,경기도,연천군,신탄리역,461,연천 2024_11.csv,기타관광,교통시설
연천,2024,11,2024-11,28,경기도,연천군,임진강주상절리,420,연천 2024_11.csv,기타관광,기타관광
연천,2024,11,2024-11,29,경기도,연천군,연천고랑포구역사공원,400,연천 2024_11.csv,문화관광,도시공원
연천,2024,11,2024-11,30,경기도,연천군,전곡낚시터,399,연천 2024_11.csv,레저스포츠,수상레저스포츠
연천,2024,11,2024-11,31,경기도,연천군,연천경순왕릉,343,연천 2024_11.csv,역사관광,역사유적지
연천,2024,11,2024-11,32,경기도,연천군,숭의전,277,연천 2024_11.csv,역사관광,종교성지
연천,2024,11,2024-11,33,경기도,연천군,허브빌리지,262,연천 2024_11.csv,체험관광,농/산/어촌체험
연천,2024,11,2024-11,34,경기도,연천군,연천종합운동장인조구장,257,연천 2024_11.csv,문화관광,레저스포츠시설
연천,2024,11,2024-11,35,경기도,연천군,그리팅맨,226,연천 2024_11.csv,역사관광,역사유물
연천,2024,11,2024-11,36,경기도,연천군,지오낚시터,207,연천 2024_11.csv,레저스포츠,수상레저스포츠
연천,2024,11,2024-11,37,경기도,연천군,수불사,202,연천 2024_11.csv,역사관광,종교성지
연천,2024,11,2024-11,38,경기도,연천군,연천군청소년수련관,170,연천 2024_11.csv,레저스포츠,육상레저스포츠
연천,2024,11,2024-11,39,경기도,연천군,동막골유원지,165,연천 2024_11.csv,문화관광,복합관광시설
연천,2024,11,2024-11,40,경기도,연천군,연천오일장,119,연천 2024_11.csv,쇼핑,시장
연천,2024,11,2024-11,41,경기도,연천군,연천군 신서면 소목개마을,118,연천 2024_11.csv,문화관광,도시/지역문화관광
연천,2024,11,2024-11,42,경기도,연천군,재인폭포출렁다리,99,연천 2024_11.csv,기타관광,기타관광
연천,2024,11,2024-11,43,경기도,연천군,원심원사,87,연천 2024_11.csv,역사관광,종교성지
연천,2024,11,2024-11,44,경기도,연천군,삼화리낚시터,81,연천 2024_11.csv,레저스포츠,수상레저스포츠
연천,2024,11,2024-11,45,경기도,연천군,상승전망대,80,연천 2024_11.csv,문화관광,랜드마크관광
연천,2024,11,2024-11,46,경기도,연천군,에이펙스트랙&라이딩스쿨,79,연천 2024_11.csv,레저스포츠,기타레저스포츠
연천,2024,11,2024-11,47,경기도,연천군,연천공영버스터미널,78,연천 2024_11.csv,기타관광,교통시설
연천,2024,11,2024-11,48,경기도,연천군,좌상바위,64,연천 2024_11.csv,기타관광,기타관광
연천,2024,11,2024-11,49,경기도,연천군,두루미테마파크,63,연천 2024_11.csv,기타관광,기타관광
연천,2024,11,2024-11,50,경기도,연천군,대화사,59,연천 2024_11.csv,역사관광,종교성지
연천,2024,11,2024-11,51,경기도,연천군,들꽃가람농장,48,연천 2024_11.csv,체험관광,농/산/어촌체험
연천,2024,11,2024-11,52,경기도,연천군,동막계곡,47,연천 2024_11.csv,자연관광,자연경관(산)
연천,2024,11,2024-11,53,경기도,연천군,모아베리교육농장,46,연천 2024_11.csv,체험관광,농/산/어촌체험
연천,2024,11,2024-11,53,경기도,연천군,연천전곡리유적방문자센터,46,연천 2024_11.csv,기타관광,기타관광
연천,2024,11,2024-11,55,경기도,연천군,코리아승마클럽,44,연천 2024_11.csv,레저스포츠,육상레저스포츠
연천,2024,11,2024-11,56,경기도,연천군,스튜디오139,40,연천 2024_11.csv,문화관광,기타문화관광지
연천,2024,11,2024-11,56,경기도,연천군,임진강주상절리카약,40,연천 2024_11.csv,레저스포츠,수상레저스포츠
연천,2024,11,2024-11,58,경기도,연천군,자방키사과농원,35,연천 2024_11.csv,체험관광,농/산/어촌체험
연천,2024,11,2024-11,59,경기도,연천군,스튜디오330,32,연천 2024_11.csv,문화관광,기타문화관광지
연천,2024,11,2024-11,59,경기도,연천군,고대산,32,연천 2024_11.csv,자연관광,자연경관(산)
연천,2024,11,2024-11,59,경기도,연천군,한국수자원공사한탄강댐물문화관,32,연천 2024_11.csv,문화관광,전시시설
연천,2024,11,2024-11,62,경기도,연천군,조각가박시동미술관,31,연천 2024_11.csv,문화관광,전시시설
연천,2024,11,2024-11,63,경기도,연천군,열두개울계곡,28,연천 2024_11.csv,자연관광,자연경관(산)
연천,2024,11,2024-11,63,경기도,연천군,고인돌공원,28,연천 2024_11.csv,문화관광,도시공원
연천,2024,11,2024-11,65,경기도,연천군,아우라지베개용암탐방안내소,27,연천 2024_11.csv,기타관광,기타관광
연천,2024,11,2024-11,66,경기도,연천군,선곡베이스볼파크,25,연천 2024_11.csv,문화관광,레저스포츠시설
연천,2024,11,2024-11,67,경기도,연천군,안일농장,24,연천 2024_11.csv,체험관광,농/산/어촌체험
연천,2024,11,2024-11,68,경기도,연천군,연천유엔군화장장시설,23,연천 2024_11.csv,기타관광,기타관광
연천,2024,11,2024-11,69,경기도,연천군,연천호로고루홍보관,22,연천 2024_11.csv,문화관광,전시시설
연천,2024,11,2024-11,70,경기도,연천군,연천승마공원,21,연천 2024_11.csv,레저스포츠,육상레저스포츠
연천,2024,11,2024-11,71,경기도,연천군,임진강장어직판장,20,연천 2024_11.csv,체험관광,농/산/어촌체험
연천,2024,11,2024-11,71,경기도,연천군,연천은대리성,20,연천 2024_11.csv,역사관광,역사유적지
연천,2024,11,2024-11,73,경기도,연천군,은대근린공원,19,연천 2024_11.csv,문화관광,도시공원
연천,2024,11,2024-11,74,경기도,연천군,연천숭의전지,16,연천 2024_11.csv,역사관광,역사유적지
연천,2024,11,2024-11,75,경기도,연천군,백학지낚시터,15,연천 2024_11.csv,레저스포츠,수상레저스포츠
연천,2024,11,2024-11,75,경기도,연천군,현정사,15,연천 2024_11.csv,역사관광,종교성지
연천,2024,11,2024-11,77,경기도,연천군,령신산기도도량,14,연천 2024_11.csv,역사관광,종교성지
연천,2024,11,2024-11,77,경기도,연천군,고랑포구,14,연천 2024_11.csv,자연관광,자연경관(하천/해양)
연천,2024,11,2024-11,77,경기도,연천군,임진강평화습지원,14,연천 2024_11.csv,문화관광,도시공원
연천,2024,11,2024-11,80,경기도,연천군,망곡산둘레길,13,연천 2024_11.csv,기타관광,기타관광
연천,2024,11,2024-11,80,경기도,연천군,정발장군묘,13,연천 2024_11.csv,역사관광,역사유적지
연천,2024,11,2024-11,80,경기도,연천군,한탄강역폐역,13,연천 2024_11.csv,기타관광,교통시설
연천,2024,11,2024-11,83,경기도,연천군,전곡근린공원,11,연천 2024_11.csv,문화관광,도시공원
연천,2024,11,2024-11,83,경기도,연천군,연강갤러리,11,연천 2024_11.csv,문화관광,전시시설
연천,2024,11,2024-11,85,경기도,연천군,차탄천주상절리,10,연천 2024_11.csv,기타관광,기타관광
연천,2024,11,2024-11,86,경기도,연천군,토층전시관,9,연천 2024_11.csv,문화관광,전시시설
연천,2024,11,2024-11,86,경기도,연천군,애심목장,9,연천 2024_11.csv,체험관광,농/산/어촌체험
연천,2024,11,2024-11,86,경기도,연천군,학소정,9,연천 2024_11.csv,레저스포츠,육상레저스포츠
연천,2024,11,2024-11,86,경기도,연천군,연천로하스파크,9,연천 2024_11.csv,기타관광,기타관광
연천,2024,11,2024-11,90,경기도,연천군,드라마미술전시장,8,연천 2024_11.csv,기타관광,기타관광
연천,2024,11,2024-11,90,경기도,연천군,말턱고개약수터,8,연천 2024_11.csv,자연관광,자연경관(산)
연천,2024,11,2024-11,92,경기도,연천군,태황사,7,연천 2024_11.csv,역사관광,종교성지
연천,2024,11,2024-11,92,경기도,연천군,한탄강물놀이장,7,연천 2024_11.csv,문화관광,테마공원
연천,2024,11,2024-11,94,경기도,연천군,망곡산연인공원,6,연천 2024_11.csv,문화관광,도시공원
연천,2024,11,2024-11,94,경기도,연천군,돌둥지유원지,6,연천 2024_11.csv,문화관광,복합관광시설
연천,2024,11,2024-11,94,경기도,연천군,연천학곡리고인돌,6,연천 2024_11.csv,역사관광,역사유적지
연천,2024,11,2024-11,94,경기도,연천군,백학5일장,6,연천 2024_11.csv,쇼핑,시장
연천,2024,11,2024-11,94,경기도,연천군,임진물새롬랜드,6,연천 2024_11.csv,문화관광,도시공원
연천,2024,11,2024-11,94,경기도,연천군,유나네자연숲농장,6,연천 2024_11.csv,체험관광,농/산/어촌체험
연천,2024,11,2024-11,94,경기도,연천군,연천역급수탑,6,연천 2024_11.csv,역사관광,역사유적지
연천,2024,11,2024-11,94,경기도,연천군,연천코스모스둘레길,6,연천 2024_11.csv,기타관광,기타관광
연천,2024,11,2024-11,94,경기도,연천군,산들농장,6,연천 2024_11.csv,체험관광,농/산/어촌체험
연천,2024,11,2024-11,103,경기도,연천군,유성미디어촬영소,5,연천 2024_11.csv,문화관광,기타문화관광지
연천,2024,11,2024-11,104,경기도,연천군,은대리판상절리,4,연천 2024_11.csv,기타관광,기타관광
연천,2024,11,2024-11,104,경기도,연천군,임장서원,4,연천 2024_11.csv,역사관광,역사유적지
연천,2024,11,2024-11,104,경기도,연천군,너나들이노리파크전곡점,4,연천 2024_11.csv,문화관광,테마공원
연천,2024,11,2024-11,104,경기도,연천군,차탄천주상절리길,4,연천 2024_11.csv,기타관광,기타관광
연천,2024,11,2024-11,104,경기도,연천군,고대정,4,연천 2024_11.csv,레저스포츠,육상레저스포츠
연천,2024,11,2024-11,104,경기도,연천군,포천아우라지베개용암,4,연천 2024_11.csv,기타관광,기타관광
연천,2024,11,2024-11,110,경기도,연천군,개안마루전망대,3,연천 2024_11.csv,문화관광,랜드마크관광
연천,2024,11,2024-11,110,경기도,연천군,유환농장,3,연천 2024_11.csv,체험관광,농/산/어촌체험
연천,2024,11,2024-11,110,경기도,연천군,스튜디오 포시즌,3,연천 2024_11.csv,문화관광,기타문화관광지
연천,2024,11,2024-11,110,경기도,연천군,법성사,3,연천 2024_11.csv,역사관광,종교성지
연천,2024,11,2024-11,110,경기도,연천군,연천양원리고인돌,3,연천 2024_11.csv,역사관광,역사유적지
연천,2024,11,2024-11,110,경기도,연천군,사씨사과농장,3,연천 2024_11.csv,체험관광,농/산/어촌체험
연천,2024,11,2024-11,110,경기도,연천군,어수정,3,연천 2024_11.csv,자연관광,자연경관(산)
연천,2024,11,2024-11,110,경기도,연천군,베리베리사과농원,3,연천 2024_11.csv,체험관광,농/산/어촌체험
연천,2024,11,2024-11,110,경기도,연천군,연천북방산개구리농장,3,연천 2024_11.csv,체험관광,농/산/어촌체험
연천,2024,11,2024-11,110,경기도,연천군,전곡역관광안내소,3,연천 2024_11.csv,기타관광,기타관광
연천,2024,11,2024-11,110,경기도,연천군,성산,3,연천 2024_11.csv,자연관광,자연경관(산)
연천,2024,11,2024-11,110,경기도,연천군,좌상바위전망대,3,연천 2024_11.csv,문화관광,랜드마크관광
연천,2024,11,2024-11,110,경기도,연천군,아미사,3,연천 2024_11.csv,역사관광,종교성지
연천,2024,11,2024-11,110,경기도,연천군,신중사,3,연천 2024_11.csv,역사관광,종교성지
연천,2024,11,2024-11,110,경기도,연천군,박진장군묘,3,연천 2024_11.csv,역사관광,역사유적지
연천,2024,11,2024-11,110,경기도,연천군,백학낚시터,3,연천 2024_11.csv,레저스포츠,수상레저스포츠
연천,2024,11,2024-11,110,경기도,연천군,연천군 미산면 삼화리1반,3,연천 2024_11.csv,문화관광,도시/지역문화관광
연천,2024,11,2024-11,110,경기도,연천군,평화누리길11코스,3,연천 2024_11.csv,레저스포츠,기타레저스포츠
연천,2024,11,2024-11,110,경기도,연천군,능혜사,3,연천 2024_11.csv,역사관광,종교성지
연천,2024,11,2024-11,110,경기도,연천군,역고드름,3,연천 2024_11.csv,기타관광,기타관광
연천,2024,11,2024-11,110,경기도,연천군,옹달샘농원,3,연천 2024_11.csv,체험관광,농/산/어촌체험
연천,2024,11,2024-11,110,경기도,연천군,자연그림터꽃나루,3,연천 2024_11.csv,문화관광,전시시설
연천,2024,11,2024-11,110,경기도,연천군,연천군 미산면 삼화리2반,3,연천 2024_11.csv,문화관광,도시/지역문화관광
연천,2024,12,2024-12,1,경기도,연천군,전곡역,5841,연천 2024_12.csv,기타관광,교통시설
연천,2024,12,2024-12,2,경기도,연천군,자유로CC,1659,연천 2024_12.csv,레저스포츠,육상레저스포츠
연천,2024,12,2024-12,3,경기도,연천군,연천역,1525,연천 2024_12.csv,기타관광,교통시설
연천,2024,12,2024-12,4,경기도,연천군,재인폭포,1180,연천 2024_12.csv,자연관광,자연경관(산)
연천,2024,12,2024-12,5,경기도,연천군,연천당포성,1011,연천 2024_12.csv,역사관광,역사유적지
연천,2024,12,2024-12,6,경기도,연천군,대광리역,899,연천 2024_12.csv,기타관광,교통시설
연천,2024,12,2024-12,7,경기도,연천군,전곡선사박물관,745,연천 2024_12.csv,문화관광,전시시설
연천,2024,12,2024-12,8,경기도,연천군,전곡전통시장,692,연천 2024_12.csv,쇼핑,시장
연천,2024,12,2024-12,9,경기도,연천군,동막골유황천,630,연천 2024_12.csv,체험관광,웰니스관광
연천,2024,12,2024-12,10,경기도,연천군,연천파크골프장,588,연천 2024_12.csv,레저스포츠,육상레저스포츠
연천,2024,12,2024-12,11,경기도,연천군,전곡터미널,527,연천 2024_12.csv,기타관광,교통시설
연천,2024,12,2024-12,12,경기도,연천군,고대산자연휴양림,502,연천 2024_12.csv,자연관광,자연공원
연천,2024,12,2024-12,13,경기도,연천군,연천호로고루,443,연천 2024_12.csv,역사관광,역사유적지
연천,2024,12,2024-12,14,경기도,연천군,초성리역폐역,404,연천 2024_12.csv,기타관광,교통시설
연천,2024,12,2024-12,15,경기도,연천군,한탄강관광지어린이캐릭터공원,399,연천 2024_12.csv,문화관광,도시공원
연천,2024,12,2024-12,16,경기도,연천군,열쇠전망대,361,연천 2024_12.csv,문화관광,랜드마크관광
연천,2024,12,2024-12,17,경기도,연천군,연천고랑포구역사공원,354,연천 2024_12.csv,문화관광,도시공원
연천,2024,12,2024-12,18,경기도,연천군,연천수레울아트홀,344,연천 2024_12.csv,문화관광,공연시설
연천,2024,12,2024-12,19,경기도,연천군,신탄리역,338,연천 2024_12.csv,기타관광,교통시설
연천,2024,12,2024-12,20,경기도,연천군,연천전곡리유적,332,연천 2024_12.csv,역사관광,역사유적지
연천,2024,12,2024-12,21,경기도,연천군,스튜디오139,296,연천 2024_12.csv,문화관광,기타문화관광지
연천,2024,12,2024-12,22,경기도,연천군,임진강댑싸리공원,271,연천 2024_12.csv,문화관광,도시공원
연천,2024,12,2024-12,23,경기도,연천군,한탄강관광지,256,연천 2024_12.csv,문화관광,복합관광시설
연천,2024,12,2024-12,24,경기도,연천군,백학저수지,235,연천 2024_12.csv,자연관광,자연경관(하천/해양)
연천,2024,12,2024-12,25,경기도,연천군,태풍전망대,231,연천 2024_12.csv,문화관광,랜드마크관광
연천,2024,12,2024-12,26,경기도,연천군,연천경순왕릉,223,연천 2024_12.csv,역사관광,역사유적지
연천,2024,12,2024-12,27,경기도,연천군,신망리역폐역,221,연천 2024_12.csv,기타관광,교통시설
연천,2024,12,2024-12,28,경기도,연천군,전곡낚시터,216,연천 2024_12.csv,레저스포츠,수상레저스포츠
연천,2024,12,2024-12,29,경기도,연천군,수불사,187,연천 2024_12.csv,역사관광,종교성지
연천,2024,12,2024-12,30,경기도,연천군,지오낚시터,149,연천 2024_12.csv,레저스포츠,수상레저스포츠
연천,2024,12,2024-12,31,경기도,연천군,연천군청소년수련관,141,연천 2024_12.csv,레저스포츠,육상레저스포츠
연천,2024,12,2024-12,32,경기도,연천군,스튜디오330,139,연천 2024_12.csv,문화관광,기타문화관광지
연천,2024,12,2024-12,33,경기도,연천군,허브빌리지,136,연천 2024_12.csv,체험관광,농/산/어촌체험
연천,2024,12,2024-12,34,경기도,연천군,숭의전,134,연천 2024_12.csv,역사관광,종교성지
연천,2024,12,2024-12,35,경기도,연천군,임진강주상절리,115,연천 2024_12.csv,기타관광,기타관광
연천,2024,12,2024-12,36,경기도,연천군,상승전망대,94,연천 2024_12.csv,문화관광,랜드마크관광
연천,2024,12,2024-12,37,경기도,연천군,들꽃가람농장,91,연천 2024_12.csv,체험관광,농/산/어촌체험
연천,2024,12,2024-12,38,경기도,연천군,그리팅맨,73,연천 2024_12.csv,역사관광,역사유물
연천,2024,12,2024-12,39,경기도,연천군,동막골유원지,72,연천 2024_12.csv,문화관광,복합관광시설
연천,2024,12,2024-12,40,경기도,연천군,원심원사,60,연천 2024_12.csv,역사관광,종교성지
연천,2024,12,2024-12,41,경기도,연천군,역고드름,54,연천 2024_12.csv,기타관광,기타관광
연천,2024,12,2024-12,42,경기도,연천군,두루미테마파크,47,연천 2024_12.csv,기타관광,기타관광
연천,2024,12,2024-12,43,경기도,연천군,연천공영버스터미널,45,연천 2024_12.csv,기타관광,교통시설
연천,2024,12,2024-12,44,경기도,연천군,대화사,39,연천 2024_12.csv,역사관광,종교성지
연천,2024,12,2024-12,45,경기도,연천군,에이펙스트랙&라이딩스쿨,38,연천 2024_12.csv,레저스포츠,기타레저스포츠
연천,2024,12,2024-12,45,경기도,연천군,연천오일장,38,연천 2024_12.csv,쇼핑,시장
연천,2024,12,2024-12,47,경기도,연천군,연천군 신서면 소목개마을,36,연천 2024_12.csv,문화관광,도시/지역문화관광
연천,2024,12,2024-12,48,경기도,연천군,모아베리교육농장,33,연천 2024_12.csv,체험관광,농/산/어촌체험
연천,2024,12,2024-12,49,경기도,연천군,고랑포구,29,연천 2024_12.csv,자연관광,자연경관(하천/해양)
연천,2024,12,2024-12,50,경기도,연천군,삼화리낚시터,25,연천 2024_12.csv,레저스포츠,수상레저스포츠
연천,2024,12,2024-12,51,경기도,연천군,재인폭포출렁다리,24,연천 2024_12.csv,기타관광,기타관광
연천,2024,12,2024-12,52,경기도,연천군,한탄강관광지축구장,21,연천 2024_12.csv,문화관광,레저스포츠시설
연천,2024,12,2024-12,53,경기도,연천군,동막계곡,18,연천 2024_12.csv,자연관광,자연경관(산)
연천,2024,12,2024-12,54,경기도,연천군,스타스튜디오,17,연천 2024_12.csv,문화관광,기타문화관광지
연천,2024,12,2024-12,55,경기도,연천군,백학낚시터,16,연천 2024_12.csv,레저스포츠,수상레저스포츠
연천,2024,12,2024-12,56,경기도,연천군,너나들이노리파크전곡점,15,연천 2024_12.csv,문화관광,테마공원
연천,2024,12,2024-12,57,경기도,연천군,코리아승마클럽,13,연천 2024_12.csv,레저스포츠,육상레저스포츠
연천,2024,12,2024-12,57,경기도,연천군,열두개울계곡,13,연천 2024_12.csv,자연관광,자연경관(산)
연천,2024,12,2024-12,57,경기도,연천군,연천북방산개구리농장,13,연천 2024_12.csv,체험관광,농/산/어촌체험
연천,2024,12,2024-12,57,경기도,연천군,고대산,13,연천 2024_12.csv,자연관광,자연경관(산)
연천,2024,12,2024-12,61,경기도,연천군,딸기야커피야,12,연천 2024_12.csv,체험관광,농/산/어촌체험
연천,2024,12,2024-12,61,경기도,연천군,선곡베이스볼파크,12,연천 2024_12.csv,문화관광,레저스포츠시설
연천,2024,12,2024-12,63,경기도,연천군,연천종합운동장인조구장,10,연천 2024_12.csv,문화관광,레저스포츠시설
연천,2024,12,2024-12,63,경기도,연천군,현정사,10,연천 2024_12.csv,역사관광,종교성지
연천,2024,12,2024-12,63,경기도,연천군,연천승마공원,10,연천 2024_12.csv,레저스포츠,육상레저스포츠
연천,2024,12,2024-12,66,경기도,연천군,연천호로고루홍보관,9,연천 2024_12.csv,문화관광,전시시설
연천,2024,12,2024-12,66,경기도,연천군,연강갤러리,9,연천 2024_12.csv,문화관광,전시시설
연천,2024,12,2024-12,66,경기도,연천군,말턱고개약수터,9,연천 2024_12.csv,자연관광,자연경관(산)
연천,2024,12,2024-12,69,경기도,연천군,아미사,8,연천 2024_12.csv,역사관광,종교성지
연천,2024,12,2024-12,69,경기도,연천군,백학지낚시터,8,연천 2024_12.csv,레저스포츠,수상레저스포츠
연천,2024,12,2024-12,71,경기도,연천군,한국수자원공사한탄강댐물문화관,7,연천 2024_12.csv,문화관광,전시시설
연천,2024,12,2024-12,71,경기도,연천군,안일농장,7,연천 2024_12.csv,체험관광,농/산/어촌체험
연천,2024,12,2024-12,71,경기도,연천군,학소정,7,연천 2024_12.csv,레저스포츠,육상레저스포츠
연천,2024,12,2024-12,71,경기도,연천군,고인돌공원,7,연천 2024_12.csv,문화관광,도시공원
연천,2024,12,2024-12,71,경기도,연천군,진상리축구장,7,연천 2024_12.csv,문화관광,레저스포츠시설
연천,2024,12,2024-12,71,경기도,연천군,좌상바위,7,연천 2024_12.csv,기타관광,기타관광
연천,2024,12,2024-12,71,경기도,연천군,조각가박시동미술관,7,연천 2024_12.csv,문화관광,전시시설
연천,2024,12,2024-12,78,경기도,연천군,청산공원,6,연천 2024_12.csv,문화관광,도시공원
연천,2024,12,2024-12,78,경기도,연천군,드라마미술전시장,6,연천 2024_12.csv,기타관광,기타관광
연천,2024,12,2024-12,78,경기도,연천군,연천전곡리유적방문자센터,6,연천 2024_12.csv,기타관광,기타관광
연천,2024,12,2024-12,78,경기도,연천군,연천은대리성,6,연천 2024_12.csv,역사관광,역사유적지
연천,2024,12,2024-12,82,경기도,연천군,종자와시인 박물관,5,연천 2024_12.csv,문화관광,전시시설
연천,2024,12,2024-12,83,경기도,연천군,임진물새롬랜드,4,연천 2024_12.csv,문화관광,도시공원
연천,2024,12,2024-12,83,경기도,연천군,보국사,4,연천 2024_12.csv,역사관광,종교성지
연천,2024,12,2024-12,83,경기도,연천군,연천향교,4,연천 2024_12.csv,역사관광,역사유적지
연천,2024,12,2024-12,83,경기도,연천군,강원평화누리길1코스,4,연천 2024_12.csv,레저스포츠,기타레저스포츠
연천,2024,12,2024-12,83,경기도,연천군,신탄리약수터,4,연천 2024_12.csv,자연관광,자연경관(산)
연천,2024,12,2024-12,83,경기도,연천군,전곡근린공원,4,연천 2024_12.csv,문화관광,도시공원
연천,2024,12,2024-12,89,경기도,연천군,아우라지베개용암탐방안내소,3,연천 2024_12.csv,기타관광,기타관광
연천,2024,12,2024-12,89,경기도,연천군,백학역사박물관,3,연천 2024_12.csv,문화관광,전시시설
연천,2024,12,2024-12,89,경기도,연천군,내리사과농원,3,연천 2024_12.csv,체험관광,농/산/어촌체험
연천,2024,12,2024-12,89,경기도,연천군,은대근린공원,3,연천 2024_12.csv,문화관광,도시공원
연천,2024,12,2024-12,89,경기도,연천군,망곡산연인공원,3,연천 2024_12.csv,문화관광,도시공원
연천,2024,12,2024-12,89,경기도,연천군,좌상바위전망대,3,연천 2024_12.csv,문화관광,랜드마크관광
연천,2024,12,2024-12,89,경기도,연천군,백학5일장,3,연천 2024_12.csv,쇼핑,시장
연천,2024,12,2024-12,89,경기도,연천군,한탄강역폐역,3,연천 2024_12.csv,기타관광,교통시설
연천,2024,12,2024-12,89,경기도,연천군,아미타사,3,연천 2024_12.csv,역사관광,종교성지
연천,2024,12,2024-12,89,경기도,연천군,산들농장,3,연천 2024_12.csv,체험관광,농/산/어촌체험
연천,2024,12,2024-12,89,경기도,연천군,옹달샘농원,3,연천 2024_12.csv,체험관광,농/산/어촌체험
연천,2024,12,2024-12,89,경기도,연천군,연천로하스파크,3,연천 2024_12.csv,기타관광,기타관광
연천,2025,1,2025-01,1,경기도,연천군,전곡역,6034,연천 2025_01.csv,기타관광,교통시설
연천,2025,1,2025-01,2,경기도,연천군,연천역,1730,연천 2025_01.csv,기타관광,교통시설
연천,2025,1,2025-01,3,경기도,연천군,재인폭포,1295,연천 2025_01.csv,자연관광,자연경관(산)
연천,2025,1,2025-01,4,경기도,연천군,연천당포성,1191,연천 2025_01.csv,역사관광,역사유적지
연천,2025,1,2025-01,5,경기도,연천군,대광리역,1033,연천 2025_01.csv,기타관광,교통시설
연천,2025,1,2025-01,6,경기도,연천군,전곡선사박물관,866,연천 2025_01.csv,문화관광,전시시설
연천,2025,1,2025-01,7,경기도,연천군,동막골유황천,792,연천 2025_01.csv,체험관광,웰니스관광
연천,2025,1,2025-01,8,경기도,연천군,전곡전통시장,712,연천 2025_01.csv,쇼핑,시장
연천,2025,1,2025-01,9,경기도,연천군,연천호로고루,615,연천 2025_01.csv,역사관광,역사유적지
연천,2025,1,2025-01,10,경기도,연천군,전곡터미널,532,연천 2025_01.csv,기타관광,교통시설
연천,2025,1,2025-01,11,경기도,연천군,고대산자연휴양림,510,연천 2025_01.csv,자연관광,자연공원
연천,2025,1,2025-01,12,경기도,연천군,한탄강관광지어린이캐릭터공원,470,연천 2025_01.csv,문화관광,도시공원
연천,2025,1,2025-01,13,경기도,연천군,초성리역폐역,447,연천 2025_01.csv,기타관광,교통시설
연천,2025,1,2025-01,14,경기도,연천군,신탄리역,438,연천 2025_01.csv,기타관광,교통시설
연천,2025,1,2025-01,15,경기도,연천군,연천고랑포구역사공원,425,연천 2025_01.csv,문화관광,도시공원
연천,2025,1,2025-01,16,경기도,연천군,백학저수지,421,연천 2025_01.csv,자연관광,자연경관(하천/해양)
연천,2025,1,2025-01,17,경기도,연천군,연천전곡리유적,397,연천 2025_01.csv,역사관광,역사유적지
연천,2025,1,2025-01,18,경기도,연천군,신망리역폐역,384,연천 2025_01.csv,기타관광,교통시설
연천,2025,1,2025-01,19,경기도,연천군,열쇠전망대,362,연천 2025_01.csv,문화관광,랜드마크관광
연천,2025,1,2025-01,20,경기도,연천군,스튜디오139,317,연천 2025_01.csv,문화관광,기타문화관광지
연천,2025,1,2025-01,21,경기도,연천군,자유로CC,305,연천 2025_01.csv,레저스포츠,육상레저스포츠
연천,2025,1,2025-01,22,경기도,연천군,한탄강관광지,262,연천 2025_01.csv,문화관광,복합관광시설
연천,2025,1,2025-01,23,경기도,연천군,지오낚시터,240,연천 2025_01.csv,레저스포츠,수상레저스포츠
연천,2025,1,2025-01,24,경기도,연천군,역고드름,237,연천 2025_01.csv,기타관광,기타관광
연천,2025,1,2025-01,25,경기도,연천군,태풍전망대,223,연천 2025_01.csv,문화관광,랜드마크관광
연천,2025,1,2025-01,26,경기도,연천군,연천경순왕릉,209,연천 2025_01.csv,역사관광,역사유적지
연천,2025,1,2025-01,27,경기도,연천군,숭의전,208,연천 2025_01.csv,역사관광,종교성지
연천,2025,1,2025-01,27,경기도,연천군,수불사,208,연천 2025_01.csv,역사관광,종교성지
연천,2025,1,2025-01,29,경기도,연천군,허브빌리지,203,연천 2025_01.csv,체험관광,농/산/어촌체험
연천,2025,1,2025-01,30,경기도,연천군,전곡낚시터,194,연천 2025_01.csv,레저스포츠,수상레저스포츠
연천,2025,1,2025-01,31,경기도,연천군,임진강댑싸리공원,149,연천 2025_01.csv,문화관광,도시공원
연천,2025,1,2025-01,32,경기도,연천군,임진강주상절리,121,연천 2025_01.csv,기타관광,기타관광
연천,2025,1,2025-01,33,경기도,연천군,들꽃가람농장,104,연천 2025_01.csv,체험관광,농/산/어촌체험
연천,2025,1,2025-01,34,경기도,연천군,연천공영버스터미널,102,연천 2025_01.csv,기타관광,교통시설
연천,2025,1,2025-01,35,경기도,연천군,연천군청소년수련관,99,연천 2025_01.csv,레저스포츠,육상레저스포츠
연천,2025,1,2025-01,36,경기도,연천군,한탄강관광지축구장,93,연천 2025_01.csv,문화관광,레저스포츠시설
연천,2025,1,2025-01,37,경기도,연천군,동막골유원지,76,연천 2025_01.csv,문화관광,복합관광시설
연천,2025,1,2025-01,38,경기도,연천군,연천수레울아트홀,75,연천 2025_01.csv,문화관광,공연시설
연천,2025,1,2025-01,39,경기도,연천군,스튜디오330,69,연천 2025_01.csv,문화관광,기타문화관광지
연천,2025,1,2025-01,40,경기도,연천군,그리팅맨,67,연천 2025_01.csv,역사관광,역사유물
연천,2025,1,2025-01,41,경기도,연천군,모아베리교육농장,66,연천 2025_01.csv,체험관광,농/산/어촌체험
연천,2025,1,2025-01,42,경기도,연천군,에이펙스트랙&라이딩스쿨,64,연천 2025_01.csv,레저스포츠,기타레저스포츠
연천,2025,1,2025-01,43,경기도,연천군,상승전망대,58,연천 2025_01.csv,문화관광,랜드마크관광
연천,2025,1,2025-01,44,경기도,연천군,재인폭포출렁다리,55,연천 2025_01.csv,기타관광,기타관광
연천,2025,1,2025-01,45,경기도,연천군,스타스튜디오,52,연천 2025_01.csv,문화관광,기타문화관광지
연천,2025,1,2025-01,46,경기도,연천군,연천오일장,51,연천 2025_01.csv,쇼핑,시장
연천,2025,1,2025-01,47,경기도,연천군,원심원사,45,연천 2025_01.csv,역사관광,종교성지
연천,2025,1,2025-01,48,경기도,연천군,백학빙어낚시축제,40,연천 2025_01.csv,문화관광,기타문화관광지
연천,2025,1,2025-01,49,경기도,연천군,백학지낚시터,39,연천 2025_01.csv,레저스포츠,수상레저스포츠
연천,2025,1,2025-01,50,경기도,연천군,연천군 신서면 소목개마을,37,연천 2025_01.csv,문화관광,도시/지역문화관광
연천,2025,1,2025-01,51,경기도,연천군,한탄강역폐역,31,연천 2025_01.csv,기타관광,교통시설
연천,2025,1,2025-01,52,경기도,연천군,고대산,30,연천 2025_01.csv,자연관광,자연경관(산)
연천,2025,1,2025-01,53,경기도,연천군,삼화리낚시터,29,연천 2025_01.csv,레저스포츠,수상레저스포츠
연천,2025,1,2025-01,54,경기도,연천군,대화사,27,연천 2025_01.csv,역사관광,종교성지
연천,2025,1,2025-01,55,경기도,연천군,두루미테마파크,26,연천 2025_01.csv,기타관광,기타관광
연천,2025,1,2025-01,56,경기도,연천군,좌상바위,23,연천 2025_01.csv,기타관광,기타관광
연천,2025,1,2025-01,57,경기도,연천군,진상리축구장,21,연천 2025_01.csv,문화관광,레저스포츠시설
연천,2025,1,2025-01,58,경기도,연천군,재인팜,20,연천 2025_01.csv,체험관광,농/산/어촌체험
연천,2025,1,2025-01,59,경기도,연천군,고인돌공원,19,연천 2025_01.csv,문화관광,도시공원
연천,2025,1,2025-01,60,경기도,연천군,연천승마공원,18,연천 2025_01.csv,레저스포츠,육상레저스포츠
연천,2025,1,2025-01,61,경기도,연천군,고랑포구,16,연천 2025_01.csv,자연관광,자연경관(하천/해양)
연천,2025,1,2025-01,61,경기도,연천군,유성미디어촬영소,16,연천 2025_01.csv,문화관광,기타문화관광지
연천,2025,1,2025-01,63,경기도,연천군,법성사,15,연천 2025_01.csv,역사관광,종교성지
연천,2025,1,2025-01,63,경기도,연천군,드라마미술전시장,15,연천 2025_01.csv,기타관광,기타관광
연천,2025,1,2025-01,63,경기도,연천군,동막계곡,15,연천 2025_01.csv,자연관광,자연경관(산)
연천,2025,1,2025-01,66,경기도,연천군,연천은대리성,14,연천 2025_01.csv,역사관광,역사유적지
연천,2025,1,2025-01,67,경기도,연천군,DMZ피스브릭하우스,13,연천 2025_01.csv,문화관광,기타문화관광지
연천,2025,1,2025-01,68,경기도,연천군,열두개울계곡,11,연천 2025_01.csv,자연관광,자연경관(산)
연천,2025,1,2025-01,68,경기도,연천군,현정사,11,연천 2025_01.csv,역사관광,종교성지
연천,2025,1,2025-01,70,경기도,연천군,연천파크골프장,10,연천 2025_01.csv,레저스포츠,육상레저스포츠
연천,2025,1,2025-01,70,경기도,연천군,정발장군묘,10,연천 2025_01.csv,역사관광,역사유적지
연천,2025,1,2025-01,70,경기도,연천군,백학낚시터,10,연천 2025_01.csv,레저스포츠,수상레저스포츠
연천,2025,1,2025-01,70,경기도,연천군,한국수자원공사한탄강댐물문화관,10,연천 2025_01.csv,문화관광,전시시설
연천,2025,1,2025-01,74,경기도,연천군,령신산기도도량,9,연천 2025_01.csv,역사관광,종교성지
연천,2025,1,2025-01,74,경기도,연천군,연천숭의전지,9,연천 2025_01.csv,역사관광,역사유적지
연천,2025,1,2025-01,74,경기도,연천군,연천로하스파크,9,연천 2025_01.csv,기타관광,기타관광
연천,2025,1,2025-01,77,경기도,연천군,차탄천낚시터,8,연천 2025_01.csv,레저스포츠,수상레저스포츠
연천,2025,1,2025-01,78,경기도,연천군,베개용암전망대,7,연천 2025_01.csv,문화관광,랜드마크관광
연천,2025,1,2025-01,78,경기도,연천군,월성사,7,연천 2025_01.csv,역사관광,종교성지
연천,2025,1,2025-01,80,경기도,연천군,백의리층,6,연천 2025_01.csv,기타관광,기타관광
연천,2025,1,2025-01,80,경기도,연천군,스튜디오 포시즌,6,연천 2025_01.csv,문화관광,기타문화관광지
연천,2025,1,2025-01,80,경기도,연천군,자연그림터꽃나루,6,연천 2025_01.csv,문화관광,전시시설
연천,2025,1,2025-01,83,경기도,연천군,연천호로고루홍보관,5,연천 2025_01.csv,문화관광,전시시설
연천,2025,1,2025-01,83,경기도,연천군,말턱고개약수터,5,연천 2025_01.csv,자연관광,자연경관(산)
연천,2025,1,2025-01,85,경기도,연천군,전곡근린공원,4,연천 2025_01.csv,문화관광,도시공원
연천,2025,1,2025-01,85,경기도,연천군,아우라지베개용암탐방안내소,4,연천 2025_01.csv,기타관광,기타관광
연천,2025,1,2025-01,85,경기도,연천군,차탄천주상절리길,4,연천 2025_01.csv,기타관광,기타관광
연천,2025,1,2025-01,85,경기도,연천군,박진장군묘,4,연천 2025_01.csv,역사관광,역사유적지
연천,2025,1,2025-01,85,경기도,연천군,선곡베이스볼파크,4,연천 2025_01.csv,문화관광,레저스포츠시설
연천,2025,1,2025-01,85,경기도,연천군,연천전곡리유적방문자센터,4,연천 2025_01.csv,기타관광,기타관광
연천,2025,1,2025-01,85,경기도,연천군,옹달샘농원,4,연천 2025_01.csv,체험관광,농/산/어촌체험
연천,2025,1,2025-01,92,경기도,연천군,너나들이노리파크전곡점,3,연천 2025_01.csv,문화관광,테마공원
연천,2025,1,2025-01,92,경기도,연천군,임진강주상절리카약,3,연천 2025_01.csv,레저스포츠,수상레저스포츠
연천,2025,1,2025-01,92,경기도,연천군,딸기야커피야,3,연천 2025_01.csv,체험관광,농/산/어촌체험
연천,2025,1,2025-01,92,경기도,연천군,연강나룻길B코스,3,연천 2025_01.csv,레저스포츠,기타레저스포츠
연천,2025,1,2025-01,92,경기도,연천군,성산,3,연천 2025_01.csv,자연관광,자연경관(산)
연천,2025,1,2025-01,92,경기도,연천군,백의리층탐방안내소,3,연천 2025_01.csv,기타관광,기타관광
연천,2025,1,2025-01,92,경기도,연천군,좌상바위전망대,3,연천 2025_01.csv,문화관광,랜드마크관광
연천,2025,1,2025-01,92,경기도,연천군,백학5일장,3,연천 2025_01.csv,쇼핑,시장
연천,2025,1,2025-01,92,경기도,연천군,본원사,3,연천 2025_01.csv,역사관광,종교성지
연천,2025,1,2025-01,92,경기도,연천군,평화누리길12코스,3,연천 2025_01.csv,레저스포츠,기타레저스포츠
연천,2025,1,2025-01,92,경기도,연천군,능혜사,3,연천 2025_01.csv,역사관광,종교성지
연천,2025,1,2025-01,92,경기도,연천군,보국사,3,연천 2025_01.csv,역사관광,종교성지
연천,2025,1,2025-01,92,경기도,연천군,연강갤러리,3,연천 2025_01.csv,문화관광,전시시설
연천,2025,2,2025-02,1,경기도,연천군,전곡역,5175,연천 2025_02.csv,기타관광,교통시설
연천,2025,2,2025-02,2,경기도,연천군,연천역,1363,연천 2025_02.csv,기타관광,교통시설
연천,2025,2,2025-02,3,경기도,연천군,자유로CC,1360,연천 2025_02.csv,레저스포츠,육상레저스포츠
연천,2025,2,2025-02,4,경기도,연천군,재인폭포,1173,연천 2025_02.csv,자연관광,자연경관(산)
연천,2025,2,2025-02,5,경기도,연천군,전곡선사박물관,792,연천 2025_02.csv,문화관광,전시시설
연천,2025,2,2025-02,6,경기도,연천군,대광리역,733,연천 2025_02.csv,기타관광,교통시설
연천,2025,2,2025-02,7,경기도,연천군,연천당포성,641,연천 2025_02.csv,역사관광,역사유적지
연천,2025,2,2025-02,8,경기도,연천군,동막골유황천,588,연천 2025_02.csv,체험관광,웰니스관광
연천,2025,2,2025-02,9,경기도,연천군,전곡전통시장,584,연천 2025_02.csv,쇼핑,시장
연천,2025,2,2025-02,10,경기도,연천군,전곡터미널,462,연천 2025_02.csv,기타관광,교통시설
연천,2025,2,2025-02,11,경기도,연천군,고대산자연휴양림,435,연천 2025_02.csv,자연관광,자연공원
연천,2025,2,2025-02,12,경기도,연천군,연천전곡리유적,393,연천 2025_02.csv,역사관광,역사유적지
연천,2025,2,2025-02,13,경기도,연천군,한탄강관광지어린이캐릭터공원,378,연천 2025_02.csv,문화관광,도시공원
연천,2025,2,2025-02,14,경기도,연천군,신탄리역,358,연천 2025_02.csv,기타관광,교통시설
연천,2025,2,2025-02,15,경기도,연천군,초성리역폐역,355,연천 2025_02.csv,기타관광,교통시설
연천,2025,2,2025-02,16,경기도,연천군,연천파크골프장,337,연천 2025_02.csv,레저스포츠,육상레저스포츠
연천,2025,2,2025-02,17,경기도,연천군,연천호로고루,333,연천 2025_02.csv,역사관광,역사유적지
연천,2025,2,2025-02,18,경기도,연천군,열쇠전망대,332,연천 2025_02.csv,문화관광,랜드마크관광
연천,2025,2,2025-02,19,경기도,연천군,연천고랑포구역사공원,308,연천 2025_02.csv,문화관광,도시공원
연천,2025,2,2025-02,20,경기도,연천군,한탄강관광지,275,연천 2025_02.csv,문화관광,복합관광시설
연천,2025,2,2025-02,21,경기도,연천군,수불사,269,연천 2025_02.csv,역사관광,종교성지
연천,2025,2,2025-02,22,경기도,연천군,스튜디오139,230,연천 2025_02.csv,문화관광,기타문화관광지
연천,2025,2,2025-02,23,경기도,연천군,백학저수지,217,연천 2025_02.csv,자연관광,자연경관(하천/해양)
연천,2025,2,2025-02,24,경기도,연천군,태풍전망대,211,연천 2025_02.csv,문화관광,랜드마크관광
연천,2025,2,2025-02,25,경기도,연천군,지오낚시터,191,연천 2025_02.csv,레저스포츠,수상레저스포츠
연천,2025,2,2025-02,26,경기도,연천군,연천경순왕릉,185,연천 2025_02.csv,역사관광,역사유적지
연천,2025,2,2025-02,27,경기도,연천군,신망리역폐역,181,연천 2025_02.csv,기타관광,교통시설
연천,2025,2,2025-02,28,경기도,연천군,역고드름,174,연천 2025_02.csv,기타관광,기타관광
연천,2025,2,2025-02,29,경기도,연천군,스타스튜디오,156,연천 2025_02.csv,문화관광,기타문화관광지
연천,2025,2,2025-02,30,경기도,연천군,연천군청소년수련관,151,연천 2025_02.csv,레저스포츠,육상레저스포츠
연천,2025,2,2025-02,31,경기도,연천군,연천수레울아트홀,150,연천 2025_02.csv,문화관광,공연시설
연천,2025,2,2025-02,32,경기도,연천군,임진강주상절리,145,연천 2025_02.csv,기타관광,기타관광
연천,2025,2,2025-02,33,경기도,연천군,허브빌리지,138,연천 2025_02.csv,체험관광,농/산/어촌체험
연천,2025,2,2025-02,34,경기도,연천군,전곡낚시터,132,연천 2025_02.csv,레저스포츠,수상레저스포츠
연천,2025,2,2025-02,35,경기도,연천군,숭의전,123,연천 2025_02.csv,역사관광,종교성지
연천,2025,2,2025-02,36,경기도,연천군,스튜디오330,119,연천 2025_02.csv,문화관광,기타문화관광지
연천,2025,2,2025-02,37,경기도,연천군,들꽃가람농장,101,연천 2025_02.csv,체험관광,농/산/어촌체험
연천,2025,2,2025-02,38,경기도,연천군,임진강댑싸리공원,92,연천 2025_02.csv,문화관광,도시공원
연천,2025,2,2025-02,39,경기도,연천군,연천군 신서면 소목개마을,81,연천 2025_02.csv,문화관광,도시/지역문화관광
연천,2025,2,2025-02,40,경기도,연천군,연천공영버스터미널,73,연천 2025_02.csv,기타관광,교통시설
연천,2025,2,2025-02,40,경기도,연천군,그리팅맨,73,연천 2025_02.csv,역사관광,역사유물
연천,2025,2,2025-02,42,경기도,연천군,연천오일장,72,연천 2025_02.csv,쇼핑,시장
연천,2025,2,2025-02,43,경기도,연천군,한탄강관광지축구장,71,연천 2025_02.csv,문화관광,레저스포츠시설
연천,2025,2,2025-02,44,경기도,연천군,동막골유원지,60,연천 2025_02.csv,문화관광,복합관광시설
연천,2025,2,2025-02,45,경기도,연천군,대화사,54,연천 2025_02.csv,역사관광,종교성지
연천,2025,2,2025-02,46,경기도,연천군,상승전망대,47,연천 2025_02.csv,문화관광,랜드마크관광
연천,2025,2,2025-02,47,경기도,연천군,유성미디어촬영소,42,연천 2025_02.csv,문화관광,기타문화관광지
연천,2025,2,2025-02,48,경기도,연천군,에이펙스트랙&라이딩스쿨,41,연천 2025_02.csv,레저스포츠,기타레저스포츠
연천,2025,2,2025-02,48,경기도,연천군,모아베리교육농장,41,연천 2025_02.csv,체험관광,농/산/어촌체험
연천,2025,2,2025-02,50,경기도,연천군,재인폭포출렁다리,36,연천 2025_02.csv,기타관광,기타관광
연천,2025,2,2025-02,51,경기도,연천군,좌상바위,31,연천 2025_02.csv,기타관광,기타관광
연천,2025,2,2025-02,52,경기도,연천군,두루미테마파크,26,연천 2025_02.csv,기타관광,기타관광
연천,2025,2,2025-02,52,경기도,연천군,삼화리낚시터,26,연천 2025_02.csv,레저스포츠,수상레저스포츠
연천,2025,2,2025-02,54,경기도,연천군,법성사,24,연천 2025_02.csv,역사관광,종교성지
연천,2025,2,2025-02,55,경기도,연천군,원심원사,23,연천 2025_02.csv,역사관광,종교성지
연천,2025,2,2025-02,56,경기도,연천군,고랑포구,21,연천 2025_02.csv,자연관광,자연경관(하천/해양)
연천,2025,2,2025-02,56,경기도,연천군,한탄강역폐역,21,연천 2025_02.csv,기타관광,교통시설
연천,2025,2,2025-02,58,경기도,연천군,열두개울계곡,19,연천 2025_02.csv,자연관광,자연경관(산)
연천,2025,2,2025-02,58,경기도,연천군,고대산,19,연천 2025_02.csv,자연관광,자연경관(산)
연천,2025,2,2025-02,60,경기도,연천군,한국수자원공사한탄강댐물문화관,18,연천 2025_02.csv,문화관광,전시시설
연천,2025,2,2025-02,61,경기도,연천군,드라마미술전시장,14,연천 2025_02.csv,기타관광,기타관광
연천,2025,2,2025-02,62,경기도,연천군,동막계곡,13,연천 2025_02.csv,자연관광,자연경관(산)
연천,2025,2,2025-02,62,경기도,연천군,능혜사,13,연천 2025_02.csv,역사관광,종교성지
연천,2025,2,2025-02,62,경기도,연천군,연천은대리성,13,연천 2025_02.csv,역사관광,역사유적지
연천,2025,2,2025-02,65,경기도,연천군,안일농장,11,연천 2025_02.csv,체험관광,농/산/어촌체험
연천,2025,2,2025-02,66,경기도,연천군,재인팜,10,연천 2025_02.csv,체험관광,농/산/어촌체험
연천,2025,2,2025-02,66,경기도,연천군,선곡베이스볼파크,10,연천 2025_02.csv,문화관광,레저스포츠시설
연천,2025,2,2025-02,68,경기도,연천군,전곡근린공원,9,연천 2025_02.csv,문화관광,도시공원
연천,2025,2,2025-02,68,경기도,연천군,고인돌공원,9,연천 2025_02.csv,문화관광,도시공원
연천,2025,2,2025-02,68,경기도,연천군,연강갤러리,9,연천 2025_02.csv,문화관광,전시시설
연천,2025,2,2025-02,71,경기도,연천군,령신산기도도량,7,연천 2025_02.csv,역사관광,종교성지
연천,2025,2,2025-02,71,경기도,연천군,백학지낚시터,7,연천 2025_02.csv,레저스포츠,수상레저스포츠
연천,2025,2,2025-02,71,경기도,연천군,보국사,7,연천 2025_02.csv,역사관광,종교성지
연천,2025,2,2025-02,71,경기도,연천군,자연그림터꽃나루,7,연천 2025_02.csv,문화관광,전시시설
연천,2025,2,2025-02,75,경기도,연천군,고대정,6,연천 2025_02.csv,레저스포츠,육상레저스포츠
연천,2025,2,2025-02,75,경기도,연천군,아미타사,6,연천 2025_02.csv,역사관광,종교성지
연천,2025,2,2025-02,75,경기도,연천군,연천전곡리유적방문자센터,6,연천 2025_02.csv,기타관광,기타관광
연천,2025,2,2025-02,75,경기도,연천군,백학빙어낚시축제,6,연천 2025_02.csv,문화관광,기타문화관광지
연천,2025,2,2025-02,75,경기도,연천군,연천로하스파크,6,연천 2025_02.csv,기타관광,기타관광
연천,2025,2,2025-02,80,경기도,연천군,연천북방산개구리농장,5,연천 2025_02.csv,체험관광,농/산/어촌체험
연천,2025,2,2025-02,80,경기도,연천군,은대근린공원,5,연천 2025_02.csv,문화관광,도시공원
연천,2025,2,2025-02,80,경기도,연천군,청정암,5,연천 2025_02.csv,역사관광,종교성지
연천,2025,2,2025-02,80,경기도,연천군,검성골,5,연천 2025_02.csv,자연관광,자연경관(산)
연천,2025,2,2025-02,84,경기도,연천군,너나들이노리파크전곡점,4,연천 2025_02.csv,문화관광,테마공원
연천,2025,2,2025-02,84,경기도,연천군,임진강주상절리카약,4,연천 2025_02.csv,레저스포츠,수상레저스포츠
연천,2025,2,2025-02,84,경기도,연천군,차탄천낚시터,4,연천 2025_02.csv,레저스포츠,수상레저스포츠
연천,2025,2,2025-02,84,경기도,연천군,현정사,4,연천 2025_02.csv,역사관광,종교성지
연천,2025,2,2025-02,84,경기도,연천군,연천미라클야구단,4,연천 2025_02.csv,레저스포츠,기타레저스포츠
연천,2025,2,2025-02,84,경기도,연천군,차탄천주상절리,4,연천 2025_02.csv,기타관광,기타관광
연천,2025,2,2025-02,90,경기도,연천군,아우라지베개용암탐방안내소,3,연천 2025_02.csv,기타관광,기타관광
연천,2025,2,2025-02,90,경기도,연천군,종자와시인 박물관,3,연천 2025_02.csv,문화관광,전시시설
연천,2025,2,2025-02,90,경기도,연천군,어수정,3,연천 2025_02.csv,자연관광,자연경관(산)
연천,2025,2,2025-02,90,경기도,연천군,진상리축구장,3,연천 2025_02.csv,문화관광,레저스포츠시설
연천,2025,2,2025-02,90,경기도,연천군,장승천전투전적비,3,연천 2025_02.csv,역사관광,역사유물
연천,2025,2,2025-02,90,경기도,연천군,백의리층탐방안내소,3,연천 2025_02.csv,기타관광,기타관광
연천,2025,2,2025-02,90,경기도,연천군,베개용암전망대,3,연천 2025_02.csv,문화관광,랜드마크관광
연천,2025,2,2025-02,90,경기도,연천군,좌상바위전망대,3,연천 2025_02.csv,문화관광,랜드마크관광
연천,2025,2,2025-02,90,경기도,연천군,돌둥지유원지,3,연천 2025_02.csv,문화관광,복합관광시설
연천,2025,2,2025-02,90,경기도,연천군,애심목장,3,연천 2025_02.csv,체험관광,농/산/어촌체험
연천,2025,2,2025-02,90,경기도,연천군,백학5일장,3,연천 2025_02.csv,쇼핑,시장
연천,2025,2,2025-02,90,경기도,연천군,임진강평화습지원,3,연천 2025_02.csv,문화관광,도시공원
연천,2025,2,2025-02,90,경기도,연천군,임진강유원지,3,연천 2025_02.csv,문화관광,복합관광시설
연천,2025,2,2025-02,90,경기도,연천군,연천역급수탑,3,연천 2025_02.csv,역사관광,역사유적지
연천,2025,2,2025-02,90,경기도,연천군,연천승마공원,3,연천 2025_02.csv,레저스포츠,육상레저스포츠
연천,2025,2,2025-02,90,경기도,연천군,석장리미술관조각공원,3,연천 2025_02.csv,문화관광,도시공원
연천,2025,2,2025-02,90,경기도,연천군,연천숭의전지,3,연천 2025_02.csv,역사관광,역사유적지
연천,2025,2,2025-02,90,경기도,연천군,백학낚시터,3,연천 2025_02.csv,레저스포츠,수상레저스포츠
연천,2025,2,2025-02,90,경기도,연천군,평화누리길11코스,3,연천 2025_02.csv,레저스포츠,기타레저스포츠
연천,2025,2,2025-02,90,경기도,연천군,말턱고개약수터,3,연천 2025_02.csv,자연관광,자연경관(산)
연천,2025,3,2025-03,1,경기도,연천군,전곡역,6069,연천 2025_03.csv,기타관광,교통시설
연천,2025,3,2025-03,2,경기도,연천군,자유로CC,4855,연천 2025_03.csv,레저스포츠,육상레저스포츠
연천,2025,3,2025-03,3,경기도,연천군,재인폭포,2224,연천 2025_03.csv,자연관광,자연경관(산)
연천,2025,3,2025-03,4,경기도,연천군,연천역폐역,1548,연천 2025_03.csv,기타관광,교통시설
연천,2025,3,2025-03,5,경기도,연천군,전곡선사박물관,1135,연천 2025_03.csv,문화관광,전시시설
연천,2025,3,2025-03,6,경기도,연천군,대광리역,1066,연천 2025_03.csv,기타관광,교통시설
연천,2025,3,2025-03,7,경기도,연천군,전곡전통시장,865,연천 2025_03.csv,쇼핑,시장
연천,2025,3,2025-03,8,경기도,연천군,연천당포성,786,연천 2025_03.csv,역사관광,역사유적지
연천,2025,3,2025-03,9,경기도,연천군,연천호로고루,718,연천 2025_03.csv,역사관광,역사유적지
연천,2025,3,2025-03,10,경기도,연천군,한탄강관광지어린이캐릭터공원,696,연천 2025_03.csv,문화관광,도시공원
연천,2025,3,2025-03,11,경기도,연천군,연천전곡리유적,648,연천 2025_03.csv,역사관광,역사유적지
연천,2025,3,2025-03,12,경기도,연천군,고대산자연휴양림,546,연천 2025_03.csv,자연관광,자연공원
연천,2025,3,2025-03,13,경기도,연천군,연천고랑포구역사공원,535,연천 2025_03.csv,문화관광,도시공원
연천,2025,3,2025-03,14,경기도,연천군,전곡터미널,532,연천 2025_03.csv,기타관광,교통시설
연천,2025,3,2025-03,15,경기도,연천군,신탄리역,491,연천 2025_03.csv,기타관광,교통시설
연천,2025,3,2025-03,16,경기도,연천군,한탄강관광지,430,연천 2025_03.csv,문화관광,복합관광시설
연천,2025,3,2025-03,17,경기도,연천군,백학저수지,429,연천 2025_03.csv,자연관광,자연경관(하천/해양)
연천,2025,3,2025-03,18,경기도,연천군,열쇠전망대,406,연천 2025_03.csv,문화관광,랜드마크관광
연천,2025,3,2025-03,18,경기도,연천군,초성리역폐역,406,연천 2025_03.csv,기타관광,교통시설
연천,2025,3,2025-03,20,경기도,연천군,연천파크골프장,404,연천 2025_03.csv,레저스포츠,육상레저스포츠
연천,2025,3,2025-03,21,경기도,연천군,스타스튜디오,344,연천 2025_03.csv,문화관광,기타문화관광지
연천,2025,3,2025-03,22,경기도,연천군,연천경순왕릉,331,연천 2025_03.csv,역사관광,역사유적지
연천,2025,3,2025-03,23,경기도,연천군,태풍전망대,315,연천 2025_03.csv,문화관광,랜드마크관광
연천,2025,3,2025-03,24,경기도,연천군,임진강주상절리,279,연천 2025_03.csv,기타관광,기타관광
연천,2025,3,2025-03,25,경기도,연천군,숭의전,263,연천 2025_03.csv,역사관광,종교성지
연천,2025,3,2025-03,26,경기도,연천군,신망리역폐역,254,연천 2025_03.csv,기타관광,교통시설
연천,2025,3,2025-03,27,경기도,연천군,연천수레울아트홀,221,연천 2025_03.csv,문화관광,공연시설
연천,2025,3,2025-03,28,경기도,연천군,수불사,181,연천 2025_03.csv,역사관광,종교성지
연천,2025,3,2025-03,29,경기도,연천군,임진강댑싸리공원,178,연천 2025_03.csv,문화관광,도시공원
연천,2025,3,2025-03,30,경기도,연천군,허브빌리지,171,연천 2025_03.csv,체험관광,농/산/어촌체험
연천,2025,3,2025-03,31,경기도,연천군,스튜디오139,167,연천 2025_03.csv,문화관광,기타문화관광지
연천,2025,3,2025-03,32,경기도,연천군,동막골유원지,145,연천 2025_03.csv,문화관광,복합관광시설
연천,2025,3,2025-03,33,경기도,연천군,연천군청소년수련관,141,연천 2025_03.csv,레저스포츠,육상레저스포츠
연천,2025,3,2025-03,34,경기도,연천군,한탄강관광지축구장,134,연천 2025_03.csv,문화관광,레저스포츠시설
연천,2025,3,2025-03,35,경기도,연천군,그리팅맨,123,연천 2025_03.csv,역사관광,역사유물
연천,2025,3,2025-03,36,경기도,연천군,전곡낚시터,119,연천 2025_03.csv,레저스포츠,수상레저스포츠
연천,2025,3,2025-03,37,경기도,연천군,들꽃가람농장,99,연천 2025_03.csv,체험관광,농/산/어촌체험
연천,2025,3,2025-03,38,경기도,연천군,원심원사,98,연천 2025_03.csv,역사관광,종교성지
연천,2025,3,2025-03,39,경기도,연천군,연천공영버스터미널,80,연천 2025_03.csv,기타관광,교통시설
연천,2025,3,2025-03,40,경기도,연천군,에이펙스트랙&라이딩스쿨,79,연천 2025_03.csv,레저스포츠,기타레저스포츠
연천,2025,3,2025-03,41,경기도,연천군,스튜디오330,78,연천 2025_03.csv,문화관광,기타문화관광지
연천,2025,3,2025-03,42,경기도,연천군,연천오일장,76,연천 2025_03.csv,쇼핑,시장
연천,2025,3,2025-03,43,경기도,연천군,재인폭포출렁다리,73,연천 2025_03.csv,기타관광,기타관광
연천,2025,3,2025-03,44,경기도,연천군,상승전망대,64,연천 2025_03.csv,문화관광,랜드마크관광
연천,2025,3,2025-03,45,경기도,연천군,동막계곡,62,연천 2025_03.csv,자연관광,자연경관(산)
연천,2025,3,2025-03,45,경기도,연천군,연천군 신서면 소목개마을,62,연천 2025_03.csv,문화관광,도시/지역문화관광
연천,2025,3,2025-03,47,경기도,연천군,좌상바위,61,연천 2025_03.csv,기타관광,기타관광
연천,2025,3,2025-03,48,경기도,연천군,유성미디어촬영소,59,연천 2025_03.csv,문화관광,기타문화관광지
연천,2025,3,2025-03,49,경기도,연천군,열두개울계곡,51,연천 2025_03.csv,자연관광,자연경관(산)
연천,2025,3,2025-03,50,경기도,연천군,연천구석기축제,49,연천 2025_03.csv,문화관광,기타문화관광지
연천,2025,3,2025-03,51,경기도,연천군,모아베리교육농장,48,연천 2025_03.csv,체험관광,농/산/어촌체험
연천,2025,3,2025-03,52,경기도,연천군,대화사,47,연천 2025_03.csv,역사관광,종교성지
연천,2025,3,2025-03,53,경기도,연천군,삼화리낚시터,46,연천 2025_03.csv,레저스포츠,수상레저스포츠
연천,2025,3,2025-03,54,경기도,연천군,연천전곡리유적방문자센터,43,연천 2025_03.csv,기타관광,기타관광
연천,2025,3,2025-03,55,경기도,연천군,고랑포구,42,연천 2025_03.csv,자연관광,자연경관(하천/해양)
연천,2025,3,2025-03,56,경기도,연천군,역고드름,40,연천 2025_03.csv,기타관광,기타관광
연천,2025,3,2025-03,57,경기도,연천군,선곡베이스볼파크,35,연천 2025_03.csv,문화관광,레저스포츠시설
연천,2025,3,2025-03,58,경기도,연천군,전곡근린공원,28,연천 2025_03.csv,문화관광,도시공원
연천,2025,3,2025-03,59,경기도,연천군,두루미테마파크,26,연천 2025_03.csv,기타관광,기타관광
연천,2025,3,2025-03,59,경기도,연천군,드라마미술전시장,26,연천 2025_03.csv,기타관광,기타관광
연천,2025,3,2025-03,61,경기도,연천군,연천숭의전지,25,연천 2025_03.csv,역사관광,역사유적지
연천,2025,3,2025-03,62,경기도,연천군,연천은대리성,24,연천 2025_03.csv,역사관광,역사유적지
연천,2025,3,2025-03,63,경기도,연천군,진상리축구장,21,연천 2025_03.csv,문화관광,레저스포츠시설
연천,2025,3,2025-03,64,경기도,연천군,백학지낚시터,20,연천 2025_03.csv,레저스포츠,수상레저스포츠
연천,2025,3,2025-03,65,경기도,연천군,한국수자원공사한탄강댐물문화관,19,연천 2025_03.csv,문화관광,전시시설
연천,2025,3,2025-03,66,경기도,연천군,아우라지베개용암탐방안내소,18,연천 2025_03.csv,기타관광,기타관광
연천,2025,3,2025-03,67,경기도,연천군,연천승마공원,16,연천 2025_03.csv,레저스포츠,육상레저스포츠
연천,2025,3,2025-03,67,경기도,연천군,지오낚시터,16,연천 2025_03.csv,레저스포츠,수상레저스포츠
연천,2025,3,2025-03,69,경기도,연천군,코리아승마클럽,14,연천 2025_03.csv,레저스포츠,육상레저스포츠
연천,2025,3,2025-03,69,경기도,연천군,보국사,14,연천 2025_03.csv,역사관광,종교성지
연천,2025,3,2025-03,71,경기도,연천군,령신산기도도량,13,연천 2025_03.csv,역사관광,종교성지
연천,2025,3,2025-03,71,경기도,연천군,한탄강역폐역,13,연천 2025_03.csv,기타관광,교통시설
연천,2025,3,2025-03,73,경기도,연천군,법성사,11,연천 2025_03.csv,역사관광,종교성지
연천,2025,3,2025-03,73,경기도,연천군,고대산,11,연천 2025_03.csv,자연관광,자연경관(산)
연천,2025,3,2025-03,75,경기도,연천군,백학5일장,10,연천 2025_03.csv,쇼핑,시장
연천,2025,3,2025-03,75,경기도,연천군,차탄천주상절리,10,연천 2025_03.csv,기타관광,기타관광
연천,2025,3,2025-03,77,경기도,연천군,임진강주상절리카약,8,연천 2025_03.csv,레저스포츠,수상레저스포츠
연천,2025,3,2025-03,77,경기도,연천군,말턱고개약수터,8,연천 2025_03.csv,자연관광,자연경관(산)
연천,2025,3,2025-03,79,경기도,연천군,연천호로고루홍보관,7,연천 2025_03.csv,문화관광,전시시설
연천,2025,3,2025-03,79,경기도,연천군,연천북방산개구리농장,7,연천 2025_03.csv,체험관광,농/산/어촌체험
연천,2025,3,2025-03,79,경기도,연천군,고인돌공원,7,연천 2025_03.csv,문화관광,도시공원
연천,2025,3,2025-03,79,경기도,연천군,베개용암전망대,7,연천 2025_03.csv,문화관광,랜드마크관광
연천,2025,3,2025-03,79,경기도,연천군,백학낚시터,7,연천 2025_03.csv,레저스포츠,수상레저스포츠
연천,2025,3,2025-03,84,경기도,연천군,종자와시인 박물관,6,연천 2025_03.csv,문화관광,전시시설
연천,2025,3,2025-03,84,경기도,연천군,너나들이노리파크전곡점,6,연천 2025_03.csv,문화관광,테마공원
연천,2025,3,2025-03,84,경기도,연천군,연천종합운동장인조구장,6,연천 2025_03.csv,문화관광,레저스포츠시설
연천,2025,3,2025-03,84,경기도,연천군,창산건강원,6,연천 2025_03.csv,체험관광,농/산/어촌체험
연천,2025,3,2025-03,84,경기도,연천군,북진약수터,6,연천 2025_03.csv,자연관광,자연경관(산)
연천,2025,3,2025-03,89,경기도,연천군,서문크리스챤하우스,5,연천 2025_03.csv,레저스포츠,육상레저스포츠
연천,2025,3,2025-03,90,경기도,연천군,재인팜,4,연천 2025_03.csv,체험관광,농/산/어촌체험
연천,2025,3,2025-03,90,경기도,연천군,어수정,4,연천 2025_03.csv,자연관광,자연경관(산)
연천,2025,3,2025-03,90,경기도,연천군,망곡산연인공원,4,연천 2025_03.csv,문화관광,도시공원
연천,2025,3,2025-03,90,경기도,연천군,조각가박시동미술관,4,연천 2025_03.csv,문화관광,전시시설
연천,2025,3,2025-03,90,경기도,연천군,연천유엔군화장장시설,4,연천 2025_03.csv,기타관광,기타관광
연천,2025,3,2025-03,90,경기도,연천군,삼성사,4,연천 2025_03.csv,역사관광,종교성지
연천,2025,3,2025-03,90,경기도,연천군,안일농장,4,연천 2025_03.csv,체험관광,농/산/어촌체험
연천,2025,3,2025-03,90,경기도,연천군,포천아우라지베개용암,4,연천 2025_03.csv,기타관광,기타관광
연천,2025,3,2025-03,90,경기도,연천군,자연그림터꽃나루,4,연천 2025_03.csv,문화관광,전시시설
연천,2025,3,2025-03,99,경기도,연천군,남순하효자문,3,연천 2025_03.csv,역사관광,역사유적지
연천,2025,3,2025-03,99,경기도,연천군,백학역사박물관,3,연천 2025_03.csv,문화관광,전시시설
연천,2025,3,2025-03,99,경기도,연천군,태황사,3,연천 2025_03.csv,역사관광,종교성지
연천,2025,3,2025-03,99,경기도,연천군,항일독립운동기념탑,3,연천 2025_03.csv,역사관광,역사유물
연천,2025,3,2025-03,99,경기도,연천군,은대근린공원,3,연천 2025_03.csv,문화관광,도시공원
연천,2025,3,2025-03,99,경기도,연천군,백의리층탐방안내소,3,연천 2025_03.csv,기타관광,기타관광
연천,2025,3,2025-03,99,경기도,연천군,좌상바위전망대,3,연천 2025_03.csv,문화관광,랜드마크관광
연천,2025,3,2025-03,99,경기도,연천군,애심목장,3,연천 2025_03.csv,체험관광,농/산/어촌체험
연천,2025,3,2025-03,99,경기도,연천군,한탄강물놀이장,3,연천 2025_03.csv,문화관광,테마공원
연천,2025,3,2025-03,99,경기도,연천군,임진물새롬랜드,3,연천 2025_03.csv,문화관광,도시공원
연천,2025,3,2025-03,99,경기도,연천군,박진장군묘,3,연천 2025_03.csv,역사관광,역사유적지
연천,2025,3,2025-03,99,경기도,연천군,종자산,3,연천 2025_03.csv,자연관광,자연경관(산)
연천,2025,3,2025-03,99,경기도,연천군,현정사,3,연천 2025_03.csv,역사관광,종교성지
연천,2025,3,2025-03,99,경기도,연천군,능혜사,3,연천 2025_03.csv,역사관광,종교성지
연천,2025,3,2025-03,99,경기도,연천군,연천미라클야구단,3,연천 2025_03.csv,레저스포츠,기타레저스포츠
연천,2025,3,2025-03,99,경기도,연천군,지장암,3,연천 2025_03.csv,역사관광,종교성지
연천,2025,3,2025-03,99,경기도,연천군,사계농장,3,연천 2025_03.csv,체험관광,농/산/어촌체험
연천,2025,4,2025-04,1,경기도,연천군,자유로CC,5670,연천 2025_04.csv,레저스포츠,육상레저스포츠
연천,2025,4,2025-04,2,경기도,연천군,재인폭포,2746,연천 2025_04.csv,자연관광,자연경관(산)
연천,2025,4,2025-04,3,경기도,연천군,연천역폐역,1243,연천 2025_04.csv,기타관광,교통시설
연천,2025,4,2025-04,4,경기도,연천군,대광리역,1189,연천 2025_04.csv,기타관광,교통시설
연천,2025,4,2025-04,5,경기도,연천군,전곡선사박물관,1007,연천 2025_04.csv,문화관광,전시시설
연천,2025,4,2025-04,6,경기도,연천군,연천전곡리유적,865,연천 2025_04.csv,역사관광,역사유적지
연천,2025,4,2025-04,7,경기도,연천군,전곡전통시장,842,연천 2025_04.csv,쇼핑,시장
연천,2025,4,2025-04,8,경기도,연천군,연천호로고루,836,연천 2025_04.csv,역사관광,역사유적지
연천,2025,4,2025-04,9,경기도,연천군,연천당포성,698,연천 2025_04.csv,역사관광,역사유적지
연천,2025,4,2025-04,10,경기도,연천군,한탄강관광지어린이캐릭터공원,669,연천 2025_04.csv,문화관광,도시공원
연천,2025,4,2025-04,11,경기도,연천군,백학저수지,630,연천 2025_04.csv,자연관광,자연경관(하천/해양)
연천,2025,4,2025-04,12,경기도,연천군,고대산자연휴양림,546,연천 2025_04.csv,자연관광,자연공원
연천,2025,4,2025-04,13,경기도,연천군,전곡터미널,545,연천 2025_04.csv,기타관광,교통시설
연천,2025,4,2025-04,14,경기도,연천군,신탄리역,472,연천 2025_04.csv,기타관광,교통시설
연천,2025,4,2025-04,15,경기도,연천군,연천고랑포구역사공원,449,연천 2025_04.csv,문화관광,도시공원
연천,2025,4,2025-04,16,경기도,연천군,초성리역폐역,448,연천 2025_04.csv,기타관광,교통시설
연천,2025,4,2025-04,17,경기도,연천군,열쇠전망대,431,연천 2025_04.csv,문화관광,랜드마크관광
연천,2025,4,2025-04,18,경기도,연천군,한탄강관광지,408,연천 2025_04.csv,문화관광,복합관광시설
연천,2025,4,2025-04,19,경기도,연천군,연천수레울아트홀,395,연천 2025_04.csv,문화관광,공연시설
연천,2025,4,2025-04,20,경기도,연천군,스튜디오330,369,연천 2025_04.csv,문화관광,기타문화관광지
연천,2025,4,2025-04,20,경기도,연천군,태풍전망대,369,연천 2025_04.csv,문화관광,랜드마크관광
연천,2025,4,2025-04,22,경기도,연천군,연천경순왕릉,350,연천 2025_04.csv,역사관광,역사유적지
연천,2025,4,2025-04,23,경기도,연천군,숭의전,286,연천 2025_04.csv,역사관광,종교성지
연천,2025,4,2025-04,23,경기도,연천군,신망리역폐역,286,연천 2025_04.csv,기타관광,교통시설
연천,2025,4,2025-04,25,경기도,연천군,임진강주상절리,281,연천 2025_04.csv,기타관광,기타관광
연천,2025,4,2025-04,26,경기도,연천군,허브빌리지,263,연천 2025_04.csv,체험관광,농/산/어촌체험
연천,2025,4,2025-04,27,경기도,연천군,임진강댑싸리공원,258,연천 2025_04.csv,문화관광,도시공원
연천,2025,4,2025-04,28,경기도,연천군,연천구석기축제,252,연천 2025_04.csv,문화관광,기타문화관광지
연천,2025,4,2025-04,29,경기도,연천군,동막골유원지,225,연천 2025_04.csv,문화관광,복합관광시설
연천,2025,4,2025-04,30,경기도,연천군,수불사,184,연천 2025_04.csv,역사관광,종교성지
연천,2025,4,2025-04,31,경기도,연천군,스타스튜디오,183,연천 2025_04.csv,문화관광,기타문화관광지
연천,2025,4,2025-04,32,경기도,연천군,연천군청소년수련관,158,연천 2025_04.csv,레저스포츠,육상레저스포츠
연천,2025,4,2025-04,33,경기도,연천군,그리팅맨,147,연천 2025_04.csv,역사관광,역사유물
연천,2025,4,2025-04,34,경기도,연천군,전곡역,142,연천 2025_04.csv,기타관광,교통시설
연천,2025,4,2025-04,35,경기도,연천군,연천파크골프장,136,연천 2025_04.csv,레저스포츠,육상레저스포츠
연천,2025,4,2025-04,36,경기도,연천군,유성미디어촬영소,134,연천 2025_04.csv,문화관광,기타문화관광지
연천,2025,4,2025-04,37,경기도,연천군,스튜디오 포시즌,130,연천 2025_04.csv,문화관광,기타문화관광지
연천,2025,4,2025-04,38,경기도,연천군,동막계곡,101,연천 2025_04.csv,자연관광,자연경관(산)
연천,2025,4,2025-04,39,경기도,연천군,진상리축구장,99,연천 2025_04.csv,문화관광,레저스포츠시설
연천,2025,4,2025-04,40,경기도,연천군,연천오일장,93,연천 2025_04.csv,쇼핑,시장
연천,2025,4,2025-04,41,경기도,연천군,한탄강관광지축구장,83,연천 2025_04.csv,문화관광,레저스포츠시설
연천,2025,4,2025-04,42,경기도,연천군,연천군 신서면 소목개마을,82,연천 2025_04.csv,문화관광,도시/지역문화관광
연천,2025,4,2025-04,43,경기도,연천군,열두개울계곡,80,연천 2025_04.csv,자연관광,자연경관(산)
연천,2025,4,2025-04,44,경기도,연천군,삼화리낚시터,77,연천 2025_04.csv,레저스포츠,수상레저스포츠
연천,2025,4,2025-04,45,경기도,연천군,에이펙스트랙&라이딩스쿨,74,연천 2025_04.csv,레저스포츠,기타레저스포츠
연천,2025,4,2025-04,46,경기도,연천군,좌상바위,70,연천 2025_04.csv,기타관광,기타관광
연천,2025,4,2025-04,47,경기도,연천군,전곡근린공원,68,연천 2025_04.csv,문화관광,도시공원
연천,2025,4,2025-04,48,경기도,연천군,연천공영버스터미널,63,연천 2025_04.csv,기타관광,교통시설
연천,2025,4,2025-04,49,경기도,연천군,연천전곡리유적방문자센터,61,연천 2025_04.csv,기타관광,기타관광
연천,2025,4,2025-04,50,경기도,연천군,코리아승마클럽,59,연천 2025_04.csv,레저스포츠,육상레저스포츠
연천,2025,4,2025-04,51,경기도,연천군,은대근린공원,58,연천 2025_04.csv,문화관광,도시공원
연천,2025,4,2025-04,52,경기도,연천군,모아베리교육농장,57,연천 2025_04.csv,체험관광,농/산/어촌체험
연천,2025,4,2025-04,53,경기도,연천군,한탄강역폐역,53,연천 2025_04.csv,기타관광,교통시설
연천,2025,4,2025-04,54,경기도,연천군,원심원사,51,연천 2025_04.csv,역사관광,종교성지
연천,2025,4,2025-04,55,경기도,연천군,들꽃가람농장,50,연천 2025_04.csv,체험관광,농/산/어촌체험
연천,2025,4,2025-04,56,경기도,연천군,두루미테마파크,47,연천 2025_04.csv,기타관광,기타관광
연천,2025,4,2025-04,56,경기도,연천군,선곡베이스볼파크,47,연천 2025_04.csv,문화관광,레저스포츠시설
연천,2025,4,2025-04,58,경기도,연천군,연천승마공원,46,연천 2025_04.csv,레저스포츠,육상레저스포츠
연천,2025,4,2025-04,59,경기도,연천군,재인폭포출렁다리,42,연천 2025_04.csv,기타관광,기타관광
연천,2025,4,2025-04,60,경기도,연천군,지오낚시터,41,연천 2025_04.csv,레저스포츠,수상레저스포츠
연천,2025,4,2025-04,61,경기도,연천군,백학낚시터,40,연천 2025_04.csv,레저스포츠,수상레저스포츠
연천,2025,4,2025-04,62,경기도,연천군,한국수자원공사한탄강댐물문화관,38,연천 2025_04.csv,문화관광,전시시설
연천,2025,4,2025-04,63,경기도,연천군,상승전망대,31,연천 2025_04.csv,문화관광,랜드마크관광
연천,2025,4,2025-04,64,경기도,연천군,연천은대리성,30,연천 2025_04.csv,역사관광,역사유적지
연천,2025,4,2025-04,65,경기도,연천군,전곡낚시터,27,연천 2025_04.csv,레저스포츠,수상레저스포츠
연천,2025,4,2025-04,66,경기도,연천군,백학지낚시터,26,연천 2025_04.csv,레저스포츠,수상레저스포츠
연천,2025,4,2025-04,67,경기도,연천군,고인돌공원,22,연천 2025_04.csv,문화관광,도시공원
연천,2025,4,2025-04,68,경기도,연천군,아우라지베개용암탐방안내소,21,연천 2025_04.csv,기타관광,기타관광
연천,2025,4,2025-04,68,경기도,연천군,대화사,21,연천 2025_04.csv,역사관광,종교성지
연천,2025,4,2025-04,70,경기도,연천군,고랑포구,20,연천 2025_04.csv,자연관광,자연경관(하천/해양)
연천,2025,4,2025-04,70,경기도,연천군,임진물새롬랜드,20,연천 2025_04.csv,문화관광,도시공원
연천,2025,4,2025-04,72,경기도,연천군,연천숭의전지,18,연천 2025_04.csv,역사관광,역사유적지
연천,2025,4,2025-04,73,경기도,연천군,정발장군묘,17,연천 2025_04.csv,역사관광,역사유적지
연천,2025,4,2025-04,74,경기도,연천군,연천호로고루홍보관,14,연천 2025_04.csv,문화관광,전시시설
연천,2025,4,2025-04,75,경기도,연천군,망곡산연인공원,12,연천 2025_04.csv,문화관광,도시공원
연천,2025,4,2025-04,75,경기도,연천군,역고드름,12,연천 2025_04.csv,기타관광,기타관광
연천,2025,4,2025-04,75,경기도,연천군,차탄천주상절리,12,연천 2025_04.csv,기타관광,기타관광
연천,2025,4,2025-04,78,경기도,연천군,법성사,11,연천 2025_04.csv,역사관광,종교성지
연천,2025,4,2025-04,78,경기도,연천군,태황사,11,연천 2025_04.csv,역사관광,종교성지
연천,2025,4,2025-04,80,경기도,연천군,재인팜,10,연천 2025_04.csv,체험관광,농/산/어촌체험
연천,2025,4,2025-04,81,경기도,연천군,DMZ피스브릭하우스,9,연천 2025_04.csv,문화관광,기타문화관광지
연천,2025,4,2025-04,81,경기도,연천군,종자와시인 박물관,9,연천 2025_04.csv,문화관광,전시시설
연천,2025,4,2025-04,81,경기도,연천군,한탄강물놀이장,9,연천 2025_04.csv,문화관광,테마공원
연천,2025,4,2025-04,84,경기도,연천군,장승천전투전적비,7,연천 2025_04.csv,역사관광,역사유물
연천,2025,4,2025-04,84,경기도,연천군,임진강유원지,7,연천 2025_04.csv,문화관광,복합관광시설
연천,2025,4,2025-04,84,경기도,연천군,드라마미술전시장,7,연천 2025_04.csv,기타관광,기타관광
연천,2025,4,2025-04,84,경기도,연천군,말턱고개약수터,7,연천 2025_04.csv,자연관광,자연경관(산)
연천,2025,4,2025-04,88,경기도,연천군,남순하효자문,6,연천 2025_04.csv,역사관광,역사유적지
연천,2025,4,2025-04,88,경기도,연천군,은대리판상절리,6,연천 2025_04.csv,기타관광,기타관광
연천,2025,4,2025-04,88,경기도,연천군,연천종합운동장인조구장,6,연천 2025_04.csv,문화관광,레저스포츠시설
연천,2025,4,2025-04,88,경기도,연천군,천덕산,6,연천 2025_04.csv,자연관광,자연경관(산)
연천,2025,4,2025-04,88,경기도,연천군,고대정,6,연천 2025_04.csv,레저스포츠,육상레저스포츠
연천,2025,4,2025-04,88,경기도,연천군,연천로하스파크,6,연천 2025_04.csv,기타관광,기타관광
연천,2025,4,2025-04,94,경기도,연천군,차탄천주상절리길,5,연천 2025_04.csv,기타관광,기타관광
연천,2025,4,2025-04,94,경기도,연천군,양원낚시공원가든,5,연천 2025_04.csv,레저스포츠,수상레저스포츠
연천,2025,4,2025-04,96,경기도,연천군,너나들이노리파크전곡점,4,연천 2025_04.csv,문화관광,테마공원
연천,2025,4,2025-04,96,경기도,연천군,임진강주상절리카약,4,연천 2025_04.csv,레저스포츠,수상레저스포츠
연천,2025,4,2025-04,96,경기도,연천군,아름이목장,4,연천 2025_04.csv,체험관광,농/산/어촌체험
연천,2025,4,2025-04,96,경기도,연천군,임진강장어직판장,4,연천 2025_04.csv,체험관광,농/산/어촌체험
연천,2025,4,2025-04,96,경기도,연천군,연천유엔군화장장시설,4,연천 2025_04.csv,기타관광,기타관광
연천,2025,4,2025-04,96,경기도,연천군,보국사,4,연천 2025_04.csv,역사관광,종교성지
연천,2025,4,2025-04,96,경기도,연천군,옹달샘농원,4,연천 2025_04.csv,체험관광,농/산/어촌체험
연천,2025,4,2025-04,103,경기도,연천군,차탄천 에움길,3,연천 2025_04.csv,레저스포츠,기타레저스포츠
연천,2025,4,2025-04,103,경기도,연천군,망곡산둘레길,3,연천 2025_04.csv,기타관광,기타관광
연천,2025,4,2025-04,103,경기도,연천군,령신산기도도량,3,연천 2025_04.csv,역사관광,종교성지
연천,2025,4,2025-04,103,경기도,연천군,사씨사과농장,3,연천 2025_04.csv,체험관광,농/산/어촌체험
연천,2025,4,2025-04,103,경기도,연천군,캠핑요리축제,3,연천 2025_04.csv,문화관광,기타문화관광지
연천,2025,4,2025-04,103,경기도,연천군,연천북방산개구리농장,3,연천 2025_04.csv,체험관광,농/산/어촌체험
연천,2025,4,2025-04,103,경기도,연천군,신탄리목장,3,연천 2025_04.csv,체험관광,농/산/어촌체험
연천,2025,4,2025-04,103,경기도,연천군,연강나룻길A코스,3,연천 2025_04.csv,레저스포츠,기타레저스포츠
연천,2025,4,2025-04,103,경기도,연천군,연천향교,3,연천 2025_04.csv,역사관광,역사유적지
연천,2025,4,2025-04,103,경기도,연천군,애심목장,3,연천 2025_04.csv,체험관광,농/산/어촌체험
연천,2025,4,2025-04,103,경기도,연천군,학소정,3,연천 2025_04.csv,레저스포츠,육상레저스포츠
연천,2025,4,2025-04,103,경기도,연천군,고대산,3,연천 2025_04.csv,자연관광,자연경관(산)
연천,2025,4,2025-04,103,경기도,연천군,현정사,3,연천 2025_04.csv,역사관광,종교성지
연천,2025,4,2025-04,103,경기도,연천군,심원사지,3,연천 2025_04.csv,역사관광,종교성지
연천,2025,4,2025-04,103,경기도,연천군,월성사,3,연천 2025_04.csv,역사관광,종교성지
연천,2025,4,2025-04,103,경기도,연천군,연강갤러리,3,연천 2025_04.csv,문화관광,전시시설
연천,2025,4,2025-04,103,경기도,연천군,북진약수터,3,연천 2025_04.csv,자연관광,자연경관(산)
연천,2025,4,2025-04,103,경기도,연천군,지장암,3,연천 2025_04.csv,역사관광,종교성지
연천,2025,4,2025-04,103,경기도,연천군,진흥농장,3,연천 2025_04.csv,체험관광,농/산/어촌체험
연천,2025,4,2025-04,103,경기도,연천군,연천군 미산면 삼화리3반,3,연천 2025_04.csv,문화관광,도시/지역문화관광
연천,2025,5,2025-05,1,경기도,연천군,재인폭포,6114,연천 2025_05.csv,자연관광,자연경관(산)
연천,2025,5,2025-05,2,경기도,연천군,자유로CC,6032,연천 2025_05.csv,레저스포츠,육상레저스포츠
연천,2025,5,2025-05,3,경기도,연천군,연천구석기축제,4190,연천 2025_05.csv,문화관광,기타문화관광지
연천,2025,5,2025-05,4,경기도,연천군,연천전곡리유적,2872,연천 2025_05.csv,역사관광,역사유적지
연천,2025,5,2025-05,5,경기도,연천군,전곡선사박물관,2067,연천 2025_05.csv,문화관광,전시시설
연천,2025,5,2025-05,6,경기도,연천군,연천호로고루,1566,연천 2025_05.csv,역사관광,역사유적지
연천,2025,5,2025-05,7,경기도,연천군,대광리역,1428,연천 2025_05.csv,기타관광,교통시설
연천,2025,5,2025-05,8,경기도,연천군,전곡전통시장,1299,연천 2025_05.csv,쇼핑,시장
연천,2025,5,2025-05,9,경기도,연천군,연천역폐역,1281,연천 2025_05.csv,기타관광,교통시설
연천,2025,5,2025-05,10,경기도,연천군,한탄강관광지어린이캐릭터공원,1214,연천 2025_05.csv,문화관광,도시공원
연천,2025,5,2025-05,11,경기도,연천군,연천당포성,1155,연천 2025_05.csv,역사관광,역사유적지
연천,2025,5,2025-05,12,경기도,연천군,연천파크골프장,1050,연천 2025_05.csv,레저스포츠,육상레저스포츠
연천,2025,5,2025-05,13,경기도,연천군,백학저수지,829,연천 2025_05.csv,자연관광,자연경관(하천/해양)
연천,2025,5,2025-05,14,경기도,연천군,한탄강관광지,735,연천 2025_05.csv,문화관광,복합관광시설
연천,2025,5,2025-05,15,경기도,연천군,고대산자연휴양림,706,연천 2025_05.csv,자연관광,자연공원
연천,2025,5,2025-05,16,경기도,연천군,신탄리역,661,연천 2025_05.csv,기타관광,교통시설
연천,2025,5,2025-05,17,경기도,연천군,전곡터미널,603,연천 2025_05.csv,기타관광,교통시설
연천,2025,5,2025-05,18,경기도,연천군,허브빌리지,568,연천 2025_05.csv,체험관광,농/산/어촌체험
연천,2025,5,2025-05,19,경기도,연천군,열쇠전망대,538,연천 2025_05.csv,문화관광,랜드마크관광
연천,2025,5,2025-05,20,경기도,연천군,재인폭포파크골프장,507,연천 2025_05.csv,레저스포츠,육상레저스포츠
연천,2025,5,2025-05,21,경기도,연천군,초성리역폐역,504,연천 2025_05.csv,기타관광,교통시설
연천,2025,5,2025-05,22,경기도,연천군,임진강주상절리,498,연천 2025_05.csv,기타관광,기타관광
연천,2025,5,2025-05,23,경기도,연천군,연천경순왕릉,488,연천 2025_05.csv,역사관광,역사유적지
연천,2025,5,2025-05,23,경기도,연천군,연천고랑포구역사공원,488,연천 2025_05.csv,문화관광,전시시설
연천,2025,5,2025-05,25,경기도,연천군,태풍전망대,459,연천 2025_05.csv,문화관광,랜드마크관광
연천,2025,5,2025-05,26,경기도,연천군,진상리축구장,448,연천 2025_05.csv,문화관광,레저스포츠시설
연천,2025,5,2025-05,27,경기도,연천군,한탄강관광지축구장,420,연천 2025_05.csv,문화관광,레저스포츠시설
연천,2025,5,2025-05,28,경기도,연천군,임진강댑싸리공원,413,연천 2025_05.csv,문화관광,도시공원
연천,2025,5,2025-05,29,경기도,연천군,숭의전,400,연천 2025_05.csv,역사관광,종교성지
연천,2025,5,2025-05,30,경기도,연천군,신망리역폐역,368,연천 2025_05.csv,기타관광,교통시설
연천,2025,5,2025-05,31,경기도,연천군,재인폭포출렁다리,359,연천 2025_05.csv,기타관광,기타관광
연천,2025,5,2025-05,32,경기도,연천군,전곡낚시터,348,연천 2025_05.csv,레저스포츠,수상레저스포츠
연천,2025,5,2025-05,33,경기도,연천군,연천수레울아트홀,334,연천 2025_05.csv,문화관광,공연시설
연천,2025,5,2025-05,34,경기도,연천군,동막골유원지,327,연천 2025_05.csv,문화관광,복합관광시설
연천,2025,5,2025-05,35,경기도,연천군,연천전곡리유적방문자센터,227,연천 2025_05.csv,기타관광,기타관광
연천,2025,5,2025-05,36,경기도,연천군,수불사,217,연천 2025_05.csv,역사관광,종교성지
연천,2025,5,2025-05,37,경기도,연천군,지오낚시터,215,연천 2025_05.csv,레저스포츠,수상레저스포츠
연천,2025,5,2025-05,38,경기도,연천군,그리팅맨,211,연천 2025_05.csv,역사관광,역사유물
연천,2025,5,2025-05,39,경기도,연천군,동막계곡,209,연천 2025_05.csv,자연관광,자연경관(산)
연천,2025,5,2025-05,40,경기도,연천군,스튜디오330,189,연천 2025_05.csv,문화관광,기타문화관광지
연천,2025,5,2025-05,41,경기도,연천군,학소정,178,연천 2025_05.csv,레저스포츠,육상레저스포츠
연천,2025,5,2025-05,42,경기도,연천군,스튜디오 포시즌,164,연천 2025_05.csv,문화관광,기타문화관광지
연천,2025,5,2025-05,43,경기도,연천군,연천군청소년수련관,163,연천 2025_05.csv,레저스포츠,육상레저스포츠
연천,2025,5,2025-05,44,경기도,연천군,연천오일장,157,연천 2025_05.csv,쇼핑,시장
연천,2025,5,2025-05,45,경기도,연천군,열두개울계곡,137,연천 2025_05.csv,자연관광,자연경관(산)
연천,2025,5,2025-05,46,경기도,연천군,원심원사,125,연천 2025_05.csv,역사관광,종교성지
연천,2025,5,2025-05,46,경기도,연천군,삼화리낚시터,125,연천 2025_05.csv,레저스포츠,수상레저스포츠
연천,2025,5,2025-05,48,경기도,연천군,찌멍낚시터,96,연천 2025_05.csv,레저스포츠,수상레저스포츠
연천,2025,5,2025-05,49,경기도,연천군,상승전망대,92,연천 2025_05.csv,문화관광,랜드마크관광
연천,2025,5,2025-05,50,경기도,연천군,백학낚시터,90,연천 2025_05.csv,레저스포츠,수상레저스포츠
연천,2025,5,2025-05,51,경기도,연천군,고랑포구,88,연천 2025_05.csv,자연관광,자연경관(하천/해양)
연천,2025,5,2025-05,52,경기도,연천군,좌상바위,86,연천 2025_05.csv,기타관광,기타관광
연천,2025,5,2025-05,53,경기도,연천군,한국수자원공사한탄강댐물문화관,85,연천 2025_05.csv,문화관광,전시시설
연천,2025,5,2025-05,54,경기도,연천군,통일평생교육원,79,연천 2025_05.csv,체험관광,체험관광기타
연천,2025,5,2025-05,55,경기도,연천군,백학지낚시터,68,연천 2025_05.csv,레저스포츠,수상레저스포츠
연천,2025,5,2025-05,56,경기도,연천군,한탄강역폐역,64,연천 2025_05.csv,기타관광,교통시설
연천,2025,5,2025-05,56,경기도,연천군,두루미테마파크,64,연천 2025_05.csv,기타관광,기타관광
연천,2025,5,2025-05,58,경기도,연천군,연천공영버스터미널,63,연천 2025_05.csv,기타관광,교통시설
연천,2025,5,2025-05,59,경기도,연천군,대화사,59,연천 2025_05.csv,역사관광,종교성지
연천,2025,5,2025-05,60,경기도,연천군,연천군 신서면 소목개마을,57,연천 2025_05.csv,문화관광,도시/지역문화관광
연천,2025,5,2025-05,61,경기도,연천군,연천호로고루홍보관,56,연천 2025_05.csv,문화관광,전시시설
연천,2025,5,2025-05,62,경기도,연천군,임진강주상절리카약,54,연천 2025_05.csv,레저스포츠,수상레저스포츠
연천,2025,5,2025-05,63,경기도,연천군,코리아승마클럽,53,연천 2025_05.csv,레저스포츠,육상레저스포츠
연천,2025,5,2025-05,64,경기도,연천군,에이펙스트랙&라이딩스쿨,50,연천 2025_05.csv,레저스포츠,기타레저스포츠
연천,2025,5,2025-05,64,경기도,연천군,연천승마공원,50,연천 2025_05.csv,레저스포츠,육상레저스포츠
연천,2025,5,2025-05,66,경기도,연천군,유나네자연숲농장,46,연천 2025_05.csv,체험관광,농/산/어촌체험
연천,2025,5,2025-05,67,경기도,연천군,연천숭의전지,45,연천 2025_05.csv,역사관광,역사유적지
연천,2025,5,2025-05,68,경기도,연천군,선곡베이스볼파크,43,연천 2025_05.csv,문화관광,레저스포츠시설
연천,2025,5,2025-05,68,경기도,연천군,유성미디어촬영소,43,연천 2025_05.csv,문화관광,기타문화관광지
연천,2025,5,2025-05,70,경기도,연천군,스튜디오139,41,연천 2025_05.csv,문화관광,기타문화관광지
연천,2025,5,2025-05,71,경기도,연천군,연천은대리성,40,연천 2025_05.csv,역사관광,역사유적지
연천,2025,5,2025-05,72,경기도,연천군,들꽃가람농장,38,연천 2025_05.csv,체험관광,농/산/어촌체험
연천,2025,5,2025-05,73,경기도,연천군,아우라지베개용암탐방안내소,36,연천 2025_05.csv,기타관광,기타관광
연천,2025,5,2025-05,74,경기도,연천군,전곡근린공원,33,연천 2025_05.csv,문화관광,도시공원
연천,2025,5,2025-05,74,경기도,연천군,모아베리교육농장,33,연천 2025_05.csv,체험관광,농/산/어촌체험
연천,2025,5,2025-05,76,경기도,연천군,망곡산연인공원,31,연천 2025_05.csv,문화관광,도시공원
연천,2025,5,2025-05,77,경기도,연천군,보국사,27,연천 2025_05.csv,역사관광,종교성지
연천,2025,5,2025-05,77,경기도,연천군,역고드름,27,연천 2025_05.csv,기타관광,기타관광
연천,2025,5,2025-05,79,경기도,연천군,고대산,26,연천 2025_05.csv,자연관광,자연경관(산)
연천,2025,5,2025-05,80,경기도,연천군,연천종합운동장인조구장,25,연천 2025_05.csv,문화관광,레저스포츠시설
연천,2025,5,2025-05,81,경기도,연천군,고인돌공원,24,연천 2025_05.csv,문화관광,도시공원
연천,2025,5,2025-05,81,경기도,연천군,연천향교,24,연천 2025_05.csv,역사관광,역사유적지
연천,2025,5,2025-05,83,경기도,연천군,DMZ피스브릭하우스,23,연천 2025_05.csv,문화관광,기타문화관광지
연천,2025,5,2025-05,84,경기도,연천군,베개용암전망대,22,연천 2025_05.csv,문화관광,랜드마크관광
연천,2025,5,2025-05,84,경기도,연천군,차탄천주상절리,22,연천 2025_05.csv,기타관광,기타관광
연천,2025,5,2025-05,86,경기도,연천군,은대근린공원,21,연천 2025_05.csv,문화관광,도시공원
연천,2025,5,2025-05,87,경기도,연천군,정발장군묘,20,연천 2025_05.csv,역사관광,역사유적지
연천,2025,5,2025-05,88,경기도,연천군,말턱고개약수터,18,연천 2025_05.csv,자연관광,자연경관(산)
연천,2025,5,2025-05,89,경기도,연천군,드라마미술전시장,17,연천 2025_05.csv,기타관광,기타관광
연천,2025,5,2025-05,90,경기도,연천군,애심목장,16,연천 2025_05.csv,체험관광,농/산/어촌체험
연천,2025,5,2025-05,91,경기도,연천군,종자와시인 박물관,15,연천 2025_05.csv,문화관광,전시시설
연천,2025,5,2025-05,92,경기도,연천군,태황사,13,연천 2025_05.csv,역사관광,종교성지
연천,2025,5,2025-05,92,경기도,연천군,차탄천주상절리길,13,연천 2025_05.csv,기타관광,기타관광
연천,2025,5,2025-05,92,경기도,연천군,연천군 왕징면 호랑이배꼽마을,13,연천 2025_05.csv,역사관광,역사유적지
연천,2025,5,2025-05,95,경기도,연천군,아미사,12,연천 2025_05.csv,역사관광,종교성지
연천,2025,5,2025-05,95,경기도,연천군,연천역급수탑,12,연천 2025_05.csv,역사관광,역사유적지
연천,2025,5,2025-05,97,경기도,연천군,본원사,11,연천 2025_05.csv,역사관광,종교성지
연천,2025,5,2025-05,98,경기도,연천군,동막리응회암,10,연천 2025_05.csv,기타관광,기타관광
연천,2025,5,2025-05,98,경기도,연천군,법성사,10,연천 2025_05.csv,역사관광,종교성지
연천,2025,5,2025-05,98,경기도,연천군,포천아우라지베개용암,10,연천 2025_05.csv,기타관광,기타관광
연천,2025,5,2025-05,101,경기도,연천군,연천북방산개구리농장,9,연천 2025_05.csv,체험관광,농/산/어촌체험
연천,2025,5,2025-05,101,경기도,연천군,연천로하스파크,9,연천 2025_05.csv,기타관광,기타관광
연천,2025,5,2025-05,103,경기도,연천군,임진강평화습지원,8,연천 2025_05.csv,문화관광,도시공원
연천,2025,5,2025-05,103,경기도,연천군,현정사,8,연천 2025_05.csv,역사관광,종교성지
연천,2025,5,2025-05,105,경기도,연천군,너나들이노리파크전곡점,7,연천 2025_05.csv,문화관광,테마공원
연천,2025,5,2025-05,105,경기도,연천군,한탄강물놀이장,7,연천 2025_05.csv,문화관광,테마공원
연천,2025,5,2025-05,105,경기도,연천군,능혜사,7,연천 2025_05.csv,역사관광,종교성지
연천,2025,5,2025-05,105,경기도,연천군,심원사지,7,연천 2025_05.csv,역사관광,종교성지
연천,2025,5,2025-05,105,경기도,연천군,진각선원,7,연천 2025_05.csv,역사관광,종교성지
연천,2025,5,2025-05,110,경기도,연천군,연천양원리고인돌,6,연천 2025_05.csv,역사관광,역사유적지
연천,2025,5,2025-05,110,경기도,연천군,휴림농업회사법인,6,연천 2025_05.csv,체험관광,농/산/어촌체험
연천,2025,5,2025-05,110,경기도,연천군,돌둥지유원지,6,연천 2025_05.csv,문화관광,복합관광시설
연천,2025,5,2025-05,110,경기도,연천군,물바위유원지,6,연천 2025_05.csv,문화관광,복합관광시설
연천,2025,5,2025-05,110,경기도,연천군,임진강유원지,6,연천 2025_05.csv,문화관광,복합관광시설
연천,2025,5,2025-05,110,경기도,연천군,석장리미술관조각공원,6,연천 2025_05.csv,문화관광,도시공원
연천,2025,5,2025-05,110,경기도,연천군,삼성사,6,연천 2025_05.csv,역사관광,종교성지
연천,2025,5,2025-05,110,경기도,연천군,안일농장,6,연천 2025_05.csv,체험관광,농/산/어촌체험
연천,2025,5,2025-05,118,경기도,연천군,은대리판상절리,4,연천 2025_05.csv,기타관광,기타관광
연천,2025,5,2025-05,118,경기도,연천군,령신산기도도량,4,연천 2025_05.csv,역사관광,종교성지
연천,2025,5,2025-05,118,경기도,연천군,연천고대산야구장,4,연천 2025_05.csv,문화관광,레저스포츠시설
연천,2025,5,2025-05,118,경기도,연천군,백학5일장,4,연천 2025_05.csv,쇼핑,시장
연천,2025,5,2025-05,118,경기도,연천군,고대정,4,연천 2025_05.csv,레저스포츠,육상레저스포츠
연천,2025,5,2025-05,118,경기도,연천군,한탄강낚시터,4,연천 2025_05.csv,레저스포츠,수상레저스포츠
연천,2025,5,2025-05,118,경기도,연천군,평화누리길11코스,4,연천 2025_05.csv,레저스포츠,기타레저스포츠
연천,2025,5,2025-05,118,경기도,연천군,지장암,4,연천 2025_05.csv,역사관광,종교성지
연천,2025,5,2025-05,118,경기도,연천군,자연그림터꽃나루,4,연천 2025_05.csv,문화관광,전시시설
연천,2025,5,2025-05,127,경기도,연천군,차탄천 에움길,3,연천 2025_05.csv,레저스포츠,기타레저스포츠
연천,2025,5,2025-05,127,경기도,연천군,좌상바위전망대,3,연천 2025_05.csv,문화관광,랜드마크관광
연천,2025,5,2025-05,127,경기도,연천군,토층전시관,3,연천 2025_05.csv,문화관광,전시시설
연천,2025,5,2025-05,127,경기도,연천군,연천군 미산면 강변마을,3,연천 2025_05.csv,역사관광,역사유적지
연천,2025,5,2025-05,127,경기도,연천군,신서5일장,3,연천 2025_05.csv,쇼핑,시장
연천,2025,5,2025-05,127,경기도,연천군,임진물새롬랜드,3,연천 2025_05.csv,문화관광,도시공원
연천,2025,5,2025-05,127,경기도,연천군,박진장군묘,3,연천 2025_05.csv,역사관광,역사유적지
연천,2025,5,2025-05,127,경기도,연천군,연천군 왕징면 나룻배마을,3,연천 2025_05.csv,역사관광,역사유적지
연천,2025,5,2025-05,127,경기도,연천군,연천유엔군화장장시설,3,연천 2025_05.csv,기타관광,기타관광
연천,2025,5,2025-05,127,경기도,연천군,청정암,3,연천 2025_05.csv,역사관광,종교성지
연천,2025,5,2025-05,127,경기도,연천군,백학제일농장영농조합법인,3,연천 2025_05.csv,체험관광,농/산/어촌체험
연천,2025,5,2025-05,127,경기도,연천군,연천학곡리적석총,3,연천 2025_05.csv,역사관광,역사유적지
연천,2025,5,2025-05,127,경기도,연천군,진흥농장,3,연천 2025_05.csv,체험관광,농/산/어촌체험
연천,2025,6,2025-06,1,경기도,연천군,자유로CC,5733,연천 2025_06.csv,레저스포츠,육상레저스포츠
연천,2025,6,2025-06,2,경기도,연천군,재인폭포,4802,연천 2025_06.csv,자연관광,자연경관(산)
연천,2025,6,2025-06,3,경기도,연천군,전곡선사박물관,1565,연천 2025_06.csv,문화관광,전시시설
연천,2025,6,2025-06,4,경기도,연천군,대광리역,1327,연천 2025_06.csv,기타관광,교통시설
연천,2025,6,2025-06,5,경기도,연천군,연천호로고루,1011,연천 2025_06.csv,역사관광,역사유적지
연천,2025,6,2025-06,6,경기도,연천군,연천역폐역,980,연천 2025_06.csv,기타관광,교통시설
연천,2025,6,2025-06,7,경기도,연천군,전곡전통시장,945,연천 2025_06.csv,쇼핑,시장
연천,2025,6,2025-06,8,경기도,연천군,한탄강관광지어린이캐릭터공원,938,연천 2025_06.csv,문화관광,도시공원
연천,2025,6,2025-06,9,경기도,연천군,연천파크골프장,911,연천 2025_06.csv,레저스포츠,육상레저스포츠
연천,2025,6,2025-06,10,경기도,연천군,연천당포성,882,연천 2025_06.csv,역사관광,역사유적지
연천,2025,6,2025-06,11,경기도,연천군,진상리축구장,872,연천 2025_06.csv,문화관광,레저스포츠시설
연천,2025,6,2025-06,12,경기도,연천군,연천전곡리유적,862,연천 2025_06.csv,역사관광,역사유적지
연천,2025,6,2025-06,13,경기도,연천군,고대산자연휴양림,810,연천 2025_06.csv,자연관광,자연공원
연천,2025,6,2025-06,14,경기도,연천군,한탄강관광지축구장,724,연천 2025_06.csv,문화관광,레저스포츠시설
연천,2025,6,2025-06,15,경기도,연천군,한탄강관광지,696,연천 2025_06.csv,문화관광,복합관광시설
연천,2025,6,2025-06,16,경기도,연천군,동막계곡,669,연천 2025_06.csv,자연관광,자연경관(산)
연천,2025,6,2025-06,17,경기도,연천군,백학저수지,658,연천 2025_06.csv,자연관광,자연경관(하천/해양)
연천,2025,6,2025-06,18,경기도,연천군,재인폭포파크골프장,640,연천 2025_06.csv,레저스포츠,육상레저스포츠
연천,2025,6,2025-06,19,경기도,연천군,열쇠전망대,596,연천 2025_06.csv,문화관광,랜드마크관광
연천,2025,6,2025-06,20,경기도,연천군,전곡터미널,529,연천 2025_06.csv,기타관광,교통시설
연천,2025,6,2025-06,21,경기도,연천군,신탄리역,527,연천 2025_06.csv,기타관광,교통시설
연천,2025,6,2025-06,22,경기도,연천군,연천고랑포구역사공원,502,연천 2025_06.csv,문화관광,전시시설
연천,2025,6,2025-06,23,경기도,연천군,동막골유원지,486,연천 2025_06.csv,문화관광,복합관광시설
연천,2025,6,2025-06,24,경기도,연천군,초성리역폐역,442,연천 2025_06.csv,기타관광,교통시설
연천,2025,6,2025-06,25,경기도,연천군,연천경순왕릉,431,연천 2025_06.csv,역사관광,역사유적지
연천,2025,6,2025-06,26,경기도,연천군,임진강주상절리,419,연천 2025_06.csv,기타관광,기타관광
연천,2025,6,2025-06,27,경기도,연천군,허브빌리지,351,연천 2025_06.csv,체험관광,농/산/어촌체험
연천,2025,6,2025-06,28,경기도,연천군,태풍전망대,342,연천 2025_06.csv,문화관광,랜드마크관광
연천,2025,6,2025-06,29,경기도,연천군,숭의전,334,연천 2025_06.csv,역사관광,종교성지
연천,2025,6,2025-06,30,경기도,연천군,신망리역폐역,331,연천 2025_06.csv,기타관광,교통시설
연천,2025,6,2025-06,31,경기도,연천군,연천수레울아트홀,320,연천 2025_06.csv,문화관광,공연시설
연천,2025,6,2025-06,32,경기도,연천군,전곡낚시터,298,연천 2025_06.csv,레저스포츠,수상레저스포츠
연천,2025,6,2025-06,33,경기도,연천군,지오낚시터,297,연천 2025_06.csv,레저스포츠,수상레저스포츠
연천,2025,6,2025-06,34,경기도,연천군,임진강댑싸리공원,294,연천 2025_06.csv,문화관광,도시공원
연천,2025,6,2025-06,35,경기도,연천군,스튜디오 포시즌,278,연천 2025_06.csv,문화관광,기타문화관광지
연천,2025,6,2025-06,36,경기도,연천군,연천종합운동장인조구장,276,연천 2025_06.csv,문화관광,레저스포츠시설
연천,2025,6,2025-06,37,경기도,연천군,열두개울계곡,250,연천 2025_06.csv,자연관광,자연경관(산)
연천,2025,6,2025-06,38,경기도,연천군,스튜디오330,227,연천 2025_06.csv,문화관광,기타문화관광지
연천,2025,6,2025-06,39,경기도,연천군,그리팅맨,198,연천 2025_06.csv,역사관광,역사유물
연천,2025,6,2025-06,40,경기도,연천군,연천군청소년수련관,183,연천 2025_06.csv,레저스포츠,육상레저스포츠
연천,2025,6,2025-06,41,경기도,연천군,찌멍낚시터,180,연천 2025_06.csv,레저스포츠,수상레저스포츠
연천,2025,6,2025-06,42,경기도,연천군,한탄강물놀이장,172,연천 2025_06.csv,문화관광,테마공원
연천,2025,6,2025-06,43,경기도,연천군,재인폭포출렁다리,152,연천 2025_06.csv,기타관광,기타관광
연천,2025,6,2025-06,44,경기도,연천군,통일평생교육원,143,연천 2025_06.csv,체험관광,체험관광기타
연천,2025,6,2025-06,45,경기도,연천군,스튜디오139,134,연천 2025_06.csv,문화관광,기타문화관광지
연천,2025,6,2025-06,46,경기도,연천군,연천오일장,129,연천 2025_06.csv,쇼핑,시장
연천,2025,6,2025-06,47,경기도,연천군,좌상바위,127,연천 2025_06.csv,기타관광,기타관광
연천,2025,6,2025-06,48,경기도,연천군,수불사,112,연천 2025_06.csv,역사관광,종교성지
연천,2025,6,2025-06,49,경기도,연천군,삼화리낚시터,105,연천 2025_06.csv,레저스포츠,수상레저스포츠
연천,2025,6,2025-06,50,경기도,연천군,상승전망대,88,연천 2025_06.csv,문화관광,랜드마크관광
연천,2025,6,2025-06,51,경기도,연천군,연천공영버스터미널,79,연천 2025_06.csv,기타관광,교통시설
연천,2025,6,2025-06,52,경기도,연천군,선곡베이스볼파크,78,연천 2025_06.csv,문화관광,레저스포츠시설
연천,2025,6,2025-06,53,경기도,연천군,원심원사,73,연천 2025_06.csv,역사관광,종교성지
연천,2025,6,2025-06,54,경기도,연천군,두루미테마파크,65,연천 2025_06.csv,기타관광,기타관광
연천,2025,6,2025-06,55,경기도,연천군,고랑포구,62,연천 2025_06.csv,자연관광,자연경관(하천/해양)
연천,2025,6,2025-06,55,경기도,연천군,대화사,62,연천 2025_06.csv,역사관광,종교성지
연천,2025,6,2025-06,57,경기도,연천군,임진강주상절리카약,58,연천 2025_06.csv,레저스포츠,수상레저스포츠
연천,2025,6,2025-06,57,경기도,연천군,한탄강역폐역,58,연천 2025_06.csv,기타관광,교통시설
연천,2025,6,2025-06,59,경기도,연천군,백학낚시터,50,연천 2025_06.csv,레저스포츠,수상레저스포츠
연천,2025,6,2025-06,60,경기도,연천군,DMZ피스브릭하우스,45,연천 2025_06.csv,문화관광,기타문화관광지
연천,2025,6,2025-06,61,경기도,연천군,아우라지베개용암탐방안내소,43,연천 2025_06.csv,기타관광,기타관광
연천,2025,6,2025-06,62,경기도,연천군,연천군 신서면 소목개마을,41,연천 2025_06.csv,문화관광,도시/지역문화관광
연천,2025,6,2025-06,63,경기도,연천군,에이펙스트랙&라이딩스쿨,40,연천 2025_06.csv,레저스포츠,기타레저스포츠
연천,2025,6,2025-06,63,경기도,연천군,연천유엔군화장장시설,40,연천 2025_06.csv,기타관광,기타관광
연천,2025,6,2025-06,65,경기도,연천군,연천숭의전지,39,연천 2025_06.csv,역사관광,역사유적지
연천,2025,6,2025-06,66,경기도,연천군,연천호로고루홍보관,38,연천 2025_06.csv,문화관광,전시시설
연천,2025,6,2025-06,66,경기도,연천군,역고드름,38,연천 2025_06.csv,기타관광,기타관광
연천,2025,6,2025-06,68,경기도,연천군,연천군 왕징면 호랑이배꼽마을,37,연천 2025_06.csv,역사관광,역사유적지
연천,2025,6,2025-06,69,경기도,연천군,코리아승마클럽,36,연천 2025_06.csv,레저스포츠,육상레저스포츠
연천,2025,6,2025-06,70,경기도,연천군,백학지낚시터,35,연천 2025_06.csv,레저스포츠,수상레저스포츠
연천,2025,6,2025-06,70,경기도,연천군,연천전곡리유적방문자센터,35,연천 2025_06.csv,기타관광,기타관광
연천,2025,6,2025-06,72,경기도,연천군,은대근린공원,33,연천 2025_06.csv,문화관광,도시공원
연천,2025,6,2025-06,72,경기도,연천군,돌둥지유원지,33,연천 2025_06.csv,문화관광,복합관광시설
연천,2025,6,2025-06,72,경기도,연천군,연천승마공원,33,연천 2025_06.csv,레저스포츠,육상레저스포츠
연천,2025,6,2025-06,75,경기도,연천군,차탄천주상절리,32,연천 2025_06.csv,기타관광,기타관광
연천,2025,6,2025-06,76,경기도,연천군,한국수자원공사한탄강댐물문화관,31,연천 2025_06.csv,문화관광,전시시설
연천,2025,6,2025-06,77,경기도,연천군,전곡근린공원,28,연천 2025_06.csv,문화관광,도시공원
연천,2025,6,2025-06,78,경기도,연천군,고인돌공원,19,연천 2025_06.csv,문화관광,도시공원
연천,2025,6,2025-06,78,경기도,연천군,고대산,19,연천 2025_06.csv,자연관광,자연경관(산)
연천,2025,6,2025-06,80,경기도,연천군,베개용암전망대,18,연천 2025_06.csv,문화관광,랜드마크관광
연천,2025,6,2025-06,81,경기도,연천군,망곡산연인공원,17,연천 2025_06.csv,문화관광,도시공원
연천,2025,6,2025-06,81,경기도,연천군,모아베리교육농장,17,연천 2025_06.csv,체험관광,농/산/어촌체험
연천,2025,6,2025-06,83,경기도,연천군,샘터유원지,16,연천 2025_06.csv,문화관광,복합관광시설
연천,2025,6,2025-06,84,경기도,연천군,애심목장,15,연천 2025_06.csv,체험관광,농/산/어촌체험
연천,2025,6,2025-06,85,경기도,연천군,임진물새롬랜드,14,연천 2025_06.csv,문화관광,도시공원
연천,2025,6,2025-06,85,경기도,연천군,연천은대리성,14,연천 2025_06.csv,역사관광,역사유적지
연천,2025,6,2025-06,87,경기도,연천군,정발장군묘,13,연천 2025_06.csv,역사관광,역사유적지
연천,2025,6,2025-06,88,경기도,연천군,망곡산둘레길,12,연천 2025_06.csv,기타관광,기타관광
연천,2025,6,2025-06,88,경기도,연천군,연천군 백학면 새둥지마을,12,연천 2025_06.csv,역사관광,역사유적지
연천,2025,6,2025-06,90,경기도,연천군,차탄천 에움길,11,연천 2025_06.csv,레저스포츠,기타레저스포츠
연천,2025,6,2025-06,90,경기도,연천군,재인팜,11,연천 2025_06.csv,체험관광,농/산/어촌체험
연천,2025,6,2025-06,90,경기도,연천군,박진장군묘,11,연천 2025_06.csv,역사관광,역사유적지
연천,2025,6,2025-06,93,경기도,연천군,휴림농업회사법인,10,연천 2025_06.csv,체험관광,농/산/어촌체험
연천,2025,6,2025-06,93,경기도,연천군,연천로하스파크,10,연천 2025_06.csv,기타관광,기타관광
연천,2025,6,2025-06,95,경기도,연천군,동막리응회암,9,연천 2025_06.csv,기타관광,기타관광
연천,2025,6,2025-06,95,경기도,연천군,역사문화촌,9,연천 2025_06.csv,기타관광,기타관광
연천,2025,6,2025-06,97,경기도,연천군,백학역사박물관,8,연천 2025_06.csv,문화관광,전시시설
연천,2025,6,2025-06,97,경기도,연천군,포천아우라지베개용암,8,연천 2025_06.csv,기타관광,기타관광
연천,2025,6,2025-06,97,경기도,연천군,말턱고개약수터,8,연천 2025_06.csv,자연관광,자연경관(산)
연천,2025,6,2025-06,100,경기도,연천군,시원농장,6,연천 2025_06.csv,체험관광,농/산/어촌체험
연천,2025,6,2025-06,100,경기도,연천군,연천북방산개구리농장,6,연천 2025_06.csv,체험관광,농/산/어촌체험
연천,2025,6,2025-06,100,경기도,연천군,좌상바위전망대,6,연천 2025_06.csv,문화관광,랜드마크관광
연천,2025,6,2025-06,100,경기도,연천군,유나네자연숲농장,6,연천 2025_06.csv,체험관광,농/산/어촌체험
연천,2025,6,2025-06,100,경기도,연천군,드라마미술전시장,6,연천 2025_06.csv,기타관광,기타관광
연천,2025,6,2025-06,100,경기도,연천군,안일농장,6,연천 2025_06.csv,체험관광,농/산/어촌체험
연천,2025,6,2025-06,100,경기도,연천군,연천군게이트볼장,6,연천 2025_06.csv,레저스포츠,기타레저스포츠
연천,2025,6,2025-06,107,경기도,연천군,물바위유원지,5,연천 2025_06.csv,문화관광,복합관광시설
연천,2025,6,2025-06,107,경기도,연천군,연천군 청산면 푸르내마을,5,연천 2025_06.csv,역사관광,역사유적지
연천,2025,6,2025-06,109,경기도,연천군,드라마21세기스튜디오,4,연천 2025_06.csv,문화관광,기타문화관광지
연천,2025,6,2025-06,109,경기도,연천군,백의리층탐방안내소,4,연천 2025_06.csv,기타관광,기타관광
연천,2025,6,2025-06,109,경기도,연천군,본원사,4,연천 2025_06.csv,역사관광,종교성지
연천,2025,6,2025-06,109,경기도,연천군,심원사지,4,연천 2025_06.csv,역사관광,종교성지
연천,2025,6,2025-06,113,경기도,연천군,령신산기도도량,3,연천 2025_06.csv,역사관광,종교성지
연천,2025,6,2025-06,113,경기도,연천군,법성사,3,연천 2025_06.csv,역사관광,종교성지
연천,2025,6,2025-06,113,경기도,연천군,태황사,3,연천 2025_06.csv,역사관광,종교성지
연천,2025,6,2025-06,113,경기도,연천군,사씨사과농장,3,연천 2025_06.csv,체험관광,농/산/어촌체험
연천,2025,6,2025-06,113,경기도,연천군,아름이목장,3,연천 2025_06.csv,체험관광,농/산/어촌체험
연천,2025,6,2025-06,113,경기도,연천군,딸기야커피야,3,연천 2025_06.csv,체험관광,농/산/어촌체험
연천,2025,6,2025-06,113,경기도,연천군,어수정,3,연천 2025_06.csv,자연관광,자연경관(산)
연천,2025,6,2025-06,113,경기도,연천군,청산커뮤니티아트센터,3,연천 2025_06.csv,문화관광,기타문화관광지
연천,2025,6,2025-06,113,경기도,연천군,장승천전투전적비,3,연천 2025_06.csv,역사관광,역사유물
연천,2025,6,2025-06,113,경기도,연천군,군남배드민턴클럽,3,연천 2025_06.csv,레저스포츠,기타레저스포츠
연천,2025,6,2025-06,113,경기도,연천군,38선돌파기념비,3,연천 2025_06.csv,역사관광,역사유물
연천,2025,6,2025-06,113,경기도,연천군,연천군 청산면 초성2리,3,연천 2025_06.csv,역사관광,역사유적지
연천,2025,6,2025-06,113,경기도,연천군,아미사,3,연천 2025_06.csv,역사관광,종교성지
연천,2025,6,2025-06,113,경기도,연천군,희둘영목장,3,연천 2025_06.csv,체험관광,농/산/어촌체험
연천,2025,6,2025-06,113,경기도,연천군,호병목장,3,연천 2025_06.csv,체험관광,농/산/어촌체험
연천,2025,6,2025-06,113,경기도,연천군,백학5일장,3,연천 2025_06.csv,쇼핑,시장
연천,2025,6,2025-06,113,경기도,연천군,조각가박시동미술관,3,연천 2025_06.csv,문화관광,전시시설
연천,2025,6,2025-06,113,경기도,연천군,임진강장어직판장,3,연천 2025_06.csv,체험관광,농/산/어촌체험
연천,2025,6,2025-06,113,경기도,연천군,능혜사,3,연천 2025_06.csv,역사관광,종교성지
연천,2025,6,2025-06,113,경기도,연천군,보국사,3,연천 2025_06.csv,역사관광,종교성지
연천,2025,6,2025-06,113,경기도,연천군,월성사,3,연천 2025_06.csv,역사관광,종교성지
연천,2025,6,2025-06,113,경기도,연천군,송림수목원,3,연천 2025_06.csv,문화관광,테마공원
연천,2025,6,2025-06,113,경기도,연천군,연천코스모스둘레길,3,연천 2025_06.csv,기타관광,기타관광
연천,2025,6,2025-06,113,경기도,연천군,연강갤러리,3,연천 2025_06.csv,문화관광,전시시설
연천,2025,6,2025-06,113,경기도,연천군,아트쥬,3,연천 2025_06.csv,기타관광,기타관광
연천,2025,6,2025-06,113,경기도,연천군,들꽃가람농장,3,연천 2025_06.csv,체험관광,농/산/어촌체험
연천,2025,6,2025-06,113,경기도,연천군,자연그림터꽃나루,3,연천 2025_06.csv,문화관광,전시시설
연천,2025,7,2025-07,1,경기도,연천군,자유로CC,5058,연천 2025_07.csv,레저스포츠,육상레저스포츠
연천,2025,7,2025-07,2,경기도,연천군,재인폭포,3598,연천 2025_07.csv,자연관광,자연경관(산)
연천,2025,7,2025-07,3,경기도,연천군,연천호로고루,2780,연천 2025_07.csv,역사관광,역사유적지
연천,2025,7,2025-07,4,경기도,연천군,동막계곡,1646,연천 2025_07.csv,자연관광,자연경관(산)
연천,2025,7,2025-07,5,경기도,연천군,대광리역,1442,연천 2025_07.csv,기타관광,교통시설
연천,2025,7,2025-07,6,경기도,연천군,전곡선사박물관,1175,연천 2025_07.csv,문화관광,전시시설
연천,2025,7,2025-07,7,경기도,연천군,연천당포성,1027,연천 2025_07.csv,역사관광,역사유적지
연천,2025,7,2025-07,8,경기도,연천군,연천역폐역,953,연천 2025_07.csv,기타관광,교통시설
연천,2025,7,2025-07,9,경기도,연천군,동막골유원지,918,연천 2025_07.csv,문화관광,복합관광시설
연천,2025,7,2025-07,10,경기도,연천군,전곡전통시장,817,연천 2025_07.csv,쇼핑,시장
연천,2025,7,2025-07,11,경기도,연천군,연천파크골프장,805,연천 2025_07.csv,레저스포츠,육상레저스포츠
연천,2025,7,2025-07,12,경기도,연천군,고대산자연휴양림,800,연천 2025_07.csv,자연관광,자연공원
연천,2025,7,2025-07,13,경기도,연천군,열쇠전망대,563,연천 2025_07.csv,문화관광,랜드마크관광
연천,2025,7,2025-07,14,경기도,연천군,재인폭포파크골프장,548,연천 2025_07.csv,레저스포츠,육상레저스포츠
연천,2025,7,2025-07,15,경기도,연천군,열두개울계곡,501,연천 2025_07.csv,자연관광,자연경관(산)
연천,2025,7,2025-07,16,경기도,연천군,전곡터미널,492,연천 2025_07.csv,기타관광,교통시설
연천,2025,7,2025-07,17,경기도,연천군,초성리역폐역,490,연천 2025_07.csv,기타관광,교통시설
연천,2025,7,2025-07,18,경기도,연천군,한탄강물놀이장,480,연천 2025_07.csv,문화관광,테마공원
연천,2025,7,2025-07,19,경기도,연천군,신탄리역,477,연천 2025_07.csv,기타관광,교통시설
연천,2025,7,2025-07,20,경기도,연천군,연천수레울아트홀,473,연천 2025_07.csv,문화관광,공연시설
연천,2025,7,2025-07,21,경기도,연천군,한탄강관광지,471,연천 2025_07.csv,문화관광,복합관광시설
연천,2025,7,2025-07,22,경기도,연천군,백학저수지,459,연천 2025_07.csv,자연관광,자연경관(하천/해양)
연천,2025,7,2025-07,23,경기도,연천군,연천고랑포구역사공원,436,연천 2025_07.csv,문화관광,전시시설
연천,2025,7,2025-07,24,경기도,연천군,연천전곡리유적,426,연천 2025_07.csv,역사관광,역사유적지
연천,2025,7,2025-07,25,경기도,연천군,스튜디오139,390,연천 2025_07.csv,문화관광,기타문화관광지
연천,2025,7,2025-07,26,경기도,연천군,연천경순왕릉,361,연천 2025_07.csv,역사관광,역사유적지
연천,2025,7,2025-07,27,경기도,연천군,스튜디오330,358,연천 2025_07.csv,문화관광,기타문화관광지
연천,2025,7,2025-07,28,경기도,연천군,신망리역폐역,320,연천 2025_07.csv,기타관광,교통시설
연천,2025,7,2025-07,29,경기도,연천군,임진강주상절리,318,연천 2025_07.csv,기타관광,기타관광
연천,2025,7,2025-07,30,경기도,연천군,태풍전망대,316,연천 2025_07.csv,문화관광,랜드마크관광
연천,2025,7,2025-07,31,경기도,연천군,지오낚시터,257,연천 2025_07.csv,레저스포츠,수상레저스포츠
연천,2025,7,2025-07,32,경기도,연천군,한탄강관광지어린이캐릭터공원,256,연천 2025_07.csv,문화관광,도시공원
연천,2025,7,2025-07,33,경기도,연천군,허브빌리지,242,연천 2025_07.csv,체험관광,농/산/어촌체험
연천,2025,7,2025-07,34,경기도,연천군,스튜디오 포시즌,222,연천 2025_07.csv,문화관광,기타문화관광지
연천,2025,7,2025-07,35,경기도,연천군,전곡낚시터,218,연천 2025_07.csv,레저스포츠,수상레저스포츠
연천,2025,7,2025-07,36,경기도,연천군,숭의전,212,연천 2025_07.csv,역사관광,종교성지
연천,2025,7,2025-07,37,경기도,연천군,임진강댑싸리공원,202,연천 2025_07.csv,문화관광,도시공원
연천,2025,7,2025-07,38,경기도,연천군,연천군청소년수련관,192,연천 2025_07.csv,레저스포츠,육상레저스포츠
연천,2025,7,2025-07,39,경기도,연천군,은대리문화벽돌공장,175,연천 2025_07.csv,문화관광,기타문화관광지
연천,2025,7,2025-07,40,경기도,연천군,찌멍낚시터,148,연천 2025_07.csv,레저스포츠,수상레저스포츠
연천,2025,7,2025-07,41,경기도,연천군,통일바라기축제,144,연천 2025_07.csv,문화관광,기타문화관광지
연천,2025,7,2025-07,42,경기도,연천군,수불사,143,연천 2025_07.csv,역사관광,종교성지
연천,2025,7,2025-07,43,경기도,연천군,돌둥지유원지,126,연천 2025_07.csv,문화관광,복합관광시설
연천,2025,7,2025-07,44,경기도,연천군,연천호로고루홍보관,123,연천 2025_07.csv,문화관광,전시시설
연천,2025,7,2025-07,45,경기도,연천군,한탄강관광지축구장,121,연천 2025_07.csv,문화관광,레저스포츠시설
연천,2025,7,2025-07,45,경기도,연천군,통일평생교육원,121,연천 2025_07.csv,체험관광,체험관광기타
연천,2025,7,2025-07,47,경기도,연천군,그리팅맨,115,연천 2025_07.csv,역사관광,역사유물
연천,2025,7,2025-07,48,경기도,연천군,연천공영버스터미널,105,연천 2025_07.csv,기타관광,교통시설
연천,2025,7,2025-07,49,경기도,연천군,원심원사,92,연천 2025_07.csv,역사관광,종교성지
연천,2025,7,2025-07,50,경기도,연천군,좌상바위,91,연천 2025_07.csv,기타관광,기타관광
연천,2025,7,2025-07,51,경기도,연천군,고랑포구,74,연천 2025_07.csv,자연관광,자연경관(하천/해양)
연천,2025,7,2025-07,52,경기도,연천군,상승전망대,73,연천 2025_07.csv,문화관광,랜드마크관광
연천,2025,7,2025-07,53,경기도,연천군,연천오일장,64,연천 2025_07.csv,쇼핑,시장
연천,2025,7,2025-07,54,경기도,연천군,연천군 신서면 소목개마을,62,연천 2025_07.csv,문화관광,도시/지역문화관광
연천,2025,7,2025-07,55,경기도,연천군,서문크리스챤하우스,57,연천 2025_07.csv,레저스포츠,육상레저스포츠
연천,2025,7,2025-07,56,경기도,연천군,샘터유원지,53,연천 2025_07.csv,문화관광,복합관광시설
연천,2025,7,2025-07,57,경기도,연천군,삼화리낚시터,49,연천 2025_07.csv,레저스포츠,수상레저스포츠
연천,2025,7,2025-07,58,경기도,연천군,전곡근린공원,47,연천 2025_07.csv,문화관광,도시공원
연천,2025,7,2025-07,59,경기도,연천군,재인폭포출렁다리,46,연천 2025_07.csv,기타관광,기타관광
연천,2025,7,2025-07,59,경기도,연천군,두루미테마파크,46,연천 2025_07.csv,기타관광,기타관광
연천,2025,7,2025-07,59,경기도,연천군,연천승마공원,46,연천 2025_07.csv,레저스포츠,육상레저스포츠
연천,2025,7,2025-07,59,경기도,연천군,대화사,46,연천 2025_07.csv,역사관광,종교성지
연천,2025,7,2025-07,63,경기도,연천군,물바위유원지,39,연천 2025_07.csv,문화관광,복합관광시설
연천,2025,7,2025-07,64,경기도,연천군,한탄강역폐역,38,연천 2025_07.csv,기타관광,교통시설
연천,2025,7,2025-07,65,경기도,연천군,한국수자원공사한탄강댐물문화관,36,연천 2025_07.csv,문화관광,전시시설
연천,2025,7,2025-07,66,경기도,연천군,시원농장,34,연천 2025_07.csv,체험관광,농/산/어촌체험
연천,2025,7,2025-07,66,경기도,연천군,역고드름,34,연천 2025_07.csv,기타관광,기타관광
연천,2025,7,2025-07,66,경기도,연천군,차탄천주상절리,34,연천 2025_07.csv,기타관광,기타관광
연천,2025,7,2025-07,69,경기도,연천군,옥산보,31,연천 2025_07.csv,기타관광,기타관광
연천,2025,7,2025-07,70,경기도,연천군,코리아승마클럽,30,연천 2025_07.csv,레저스포츠,육상레저스포츠
연천,2025,7,2025-07,70,경기도,연천군,에이펙스트랙&라이딩스쿨,30,연천 2025_07.csv,레저스포츠,기타레저스포츠
연천,2025,7,2025-07,72,경기도,연천군,백학지낚시터,29,연천 2025_07.csv,레저스포츠,수상레저스포츠
연천,2025,7,2025-07,73,경기도,연천군,백학낚시터,28,연천 2025_07.csv,레저스포츠,수상레저스포츠
연천,2025,7,2025-07,73,경기도,연천군,연천전곡리유적방문자센터,28,연천 2025_07.csv,기타관광,기타관광
연천,2025,7,2025-07,75,경기도,연천군,연천숭의전지,24,연천 2025_07.csv,역사관광,역사유적지
연천,2025,7,2025-07,76,경기도,연천군,고대산,20,연천 2025_07.csv,자연관광,자연경관(산)
연천,2025,7,2025-07,77,경기도,연천군,진상리축구장,19,연천 2025_07.csv,문화관광,레저스포츠시설
연천,2025,7,2025-07,77,경기도,연천군,연천유엔군화장장시설,19,연천 2025_07.csv,기타관광,기타관광
연천,2025,7,2025-07,77,경기도,연천군,들꽃가람농장,19,연천 2025_07.csv,체험관광,농/산/어촌체험
연천,2025,7,2025-07,80,경기도,연천군,차탄천 에움길,18,연천 2025_07.csv,레저스포츠,기타레저스포츠
연천,2025,7,2025-07,80,경기도,연천군,선곡베이스볼파크,18,연천 2025_07.csv,문화관광,레저스포츠시설
연천,2025,7,2025-07,82,경기도,연천군,법성사,17,연천 2025_07.csv,역사관광,종교성지
연천,2025,7,2025-07,82,경기도,연천군,드라마21세기스튜디오,17,연천 2025_07.csv,문화관광,기타문화관광지
연천,2025,7,2025-07,82,경기도,연천군,모아베리교육농장,17,연천 2025_07.csv,체험관광,농/산/어촌체험
연천,2025,7,2025-07,82,경기도,연천군,연천어린이공원,17,연천 2025_07.csv,문화관광,도시공원
연천,2025,7,2025-07,86,경기도,연천군,아우라지베개용암탐방안내소,15,연천 2025_07.csv,기타관광,기타관광
연천,2025,7,2025-07,86,경기도,연천군,안일농장,15,연천 2025_07.csv,체험관광,농/산/어촌체험
연천,2025,7,2025-07,88,경기도,연천군,망곡산연인공원,14,연천 2025_07.csv,문화관광,도시공원
연천,2025,7,2025-07,89,경기도,연천군,연천군 백학면 새둥지마을,13,연천 2025_07.csv,역사관광,역사유적지
연천,2025,7,2025-07,90,경기도,연천군,본원사,12,연천 2025_07.csv,역사관광,종교성지
연천,2025,7,2025-07,91,경기도,연천군,좌상바위전망대,11,연천 2025_07.csv,문화관광,랜드마크관광
연천,2025,7,2025-07,92,경기도,연천군,종자와시인 박물관,9,연천 2025_07.csv,문화관광,전시시설
연천,2025,7,2025-07,92,경기도,연천군,연천북방산개구리농장,9,연천 2025_07.csv,체험관광,농/산/어촌체험
연천,2025,7,2025-07,94,경기도,연천군,고인돌공원,8,연천 2025_07.csv,문화관광,도시공원
연천,2025,7,2025-07,94,경기도,연천군,은대근린공원,8,연천 2025_07.csv,문화관광,도시공원
연천,2025,7,2025-07,94,경기도,연천군,베개용암전망대,8,연천 2025_07.csv,문화관광,랜드마크관광
연천,2025,7,2025-07,94,경기도,연천군,연천은대리성,8,연천 2025_07.csv,역사관광,역사유적지
연천,2025,7,2025-07,98,경기도,연천군,합수머리,7,연천 2025_07.csv,기타관광,기타관광
연천,2025,7,2025-07,98,경기도,연천군,백의리층탐방안내소,7,연천 2025_07.csv,기타관광,기타관광
연천,2025,7,2025-07,98,경기도,연천군,연천군 왕징면 호랑이배꼽마을,7,연천 2025_07.csv,역사관광,역사유적지
연천,2025,7,2025-07,98,경기도,연천군,임진물새롬랜드,7,연천 2025_07.csv,문화관광,도시공원
연천,2025,7,2025-07,98,경기도,연천군,연천군 왕징면 나룻배마을,7,연천 2025_07.csv,역사관광,역사유적지
연천,2025,7,2025-07,98,경기도,연천군,연천학곡리적석총,7,연천 2025_07.csv,역사관광,역사유적지
연천,2025,7,2025-07,104,경기도,연천군,은대리판상절리,6,연천 2025_07.csv,기타관광,기타관광
연천,2025,7,2025-07,104,경기도,연천군,임진강주상절리카약,6,연천 2025_07.csv,레저스포츠,수상레저스포츠
연천,2025,7,2025-07,104,경기도,연천군,학소정,6,연천 2025_07.csv,레저스포츠,육상레저스포츠
연천,2025,7,2025-07,104,경기도,연천군,드라마미술전시장,6,연천 2025_07.csv,기타관광,기타관광
연천,2025,7,2025-07,104,경기도,연천군,능혜사,6,연천 2025_07.csv,역사관광,종교성지
연천,2025,7,2025-07,109,경기도,연천군,연천역급수탑,5,연천 2025_07.csv,역사관광,역사유적지
연천,2025,7,2025-07,110,경기도,연천군,백학역사박물관,4,연천 2025_07.csv,문화관광,전시시설
연천,2025,7,2025-07,110,경기도,연천군,38선돌파기념비,4,연천 2025_07.csv,역사관광,역사유물
연천,2025,7,2025-07,110,경기도,연천군,호병목장,4,연천 2025_07.csv,체험관광,농/산/어촌체험
연천,2025,7,2025-07,110,경기도,연천군,유나네자연숲농장,4,연천 2025_07.csv,체험관광,농/산/어촌체험
연천,2025,7,2025-07,110,경기도,연천군,연천군게이트볼장,4,연천 2025_07.csv,레저스포츠,기타레저스포츠
연천,2025,7,2025-07,115,경기도,연천군,자방키사과농원,3,연천 2025_07.csv,체험관광,농/산/어촌체험
연천,2025,7,2025-07,115,경기도,연천군,령신산기도도량,3,연천 2025_07.csv,역사관광,종교성지
연천,2025,7,2025-07,115,경기도,연천군,서연농장,3,연천 2025_07.csv,체험관광,농/산/어촌체험
연천,2025,7,2025-07,115,경기도,연천군,어수정,3,연천 2025_07.csv,자연관광,자연경관(산)
연천,2025,7,2025-07,115,경기도,연천군,연천역관광안내소,3,연천 2025_07.csv,기타관광,기타관광
연천,2025,7,2025-07,115,경기도,연천군,청산커뮤니티아트센터,3,연천 2025_07.csv,문화관광,기타문화관광지
연천,2025,7,2025-07,115,경기도,연천군,차탄천주상절리길,3,연천 2025_07.csv,기타관광,기타관광
연천,2025,7,2025-07,115,경기도,연천군,자작리약수터,3,연천 2025_07.csv,자연관광,자연경관(산)
연천,2025,7,2025-07,115,경기도,연천군,고대정,3,연천 2025_07.csv,레저스포츠,육상레저스포츠
연천,2025,7,2025-07,115,경기도,연천군,임진강평화습지원,3,연천 2025_07.csv,문화관광,도시공원
연천,2025,7,2025-07,115,경기도,연천군,정발장군묘,3,연천 2025_07.csv,역사관광,역사유적지
연천,2025,7,2025-07,115,경기도,연천군,현정사,3,연천 2025_07.csv,역사관광,종교성지
연천,2025,7,2025-07,115,경기도,연천군,연천미라클야구단,3,연천 2025_07.csv,레저스포츠,기타레저스포츠
연천,2025,7,2025-07,115,경기도,연천군,연강갤러리,3,연천 2025_07.csv,문화관광,전시시설
연천,2025,7,2025-07,115,경기도,연천군,북진약수터,3,연천 2025_07.csv,자연관광,자연경관(산)
연천,2025,7,2025-07,115,경기도,연천군,말턱고개약수터,3,연천 2025_07.csv,자연관광,자연경관(산)
연천,2025,7,2025-07,115,경기도,연천군,자연그림터꽃나루,3,연천 2025_07.csv,문화관광,전시시설
연천,2025,8,2025-08,1,경기도,연천군,재인폭포,5055,연천 2025_08.csv,자연관광,자연경관(산)
연천,2025,8,2025-08,2,경기도,연천군,자유로CC,5045,연천 2025_08.csv,레저스포츠,육상레저스포츠
연천,2025,8,2025-08,3,경기도,연천군,연천호로고루,2477,연천 2025_08.csv,역사관광,역사유적지
연천,2025,8,2025-08,4,경기도,연천군,동막계곡,2204,연천 2025_08.csv,자연관광,자연경관(산)
연천,2025,8,2025-08,5,경기도,연천군,대광리역,1626,연천 2025_08.csv,기타관광,교통시설
연천,2025,8,2025-08,6,경기도,연천군,전곡선사박물관,1589,연천 2025_08.csv,문화관광,전시시설
연천,2025,8,2025-08,7,경기도,연천군,동막골유원지,1181,연천 2025_08.csv,문화관광,복합관광시설
연천,2025,8,2025-08,8,경기도,연천군,연천당포성,1166,연천 2025_08.csv,역사관광,역사유적지
연천,2025,8,2025-08,9,경기도,연천군,연천파크골프장,1159,연천 2025_08.csv,레저스포츠,육상레저스포츠
연천,2025,8,2025-08,10,경기도,연천군,연천역폐역,1126,연천 2025_08.csv,기타관광,교통시설
연천,2025,8,2025-08,11,경기도,연천군,전곡전통시장,1095,연천 2025_08.csv,쇼핑,시장
연천,2025,8,2025-08,12,경기도,연천군,열두개울계곡,822,연천 2025_08.csv,자연관광,자연경관(산)
연천,2025,8,2025-08,12,경기도,연천군,고대산자연휴양림,822,연천 2025_08.csv,자연관광,자연공원
연천,2025,8,2025-08,14,경기도,연천군,재인폭포파크골프장,780,연천 2025_08.csv,레저스포츠,육상레저스포츠
연천,2025,8,2025-08,15,경기도,연천군,연천전곡리유적,712,연천 2025_08.csv,역사관광,역사유적지
연천,2025,8,2025-08,16,경기도,연천군,임진강댑싸리공원,653,연천 2025_08.csv,문화관광,도시공원
연천,2025,8,2025-08,17,경기도,연천군,한탄강관광지,612,연천 2025_08.csv,문화관광,복합관광시설
연천,2025,8,2025-08,18,경기도,연천군,열쇠전망대,610,연천 2025_08.csv,문화관광,랜드마크관광
연천,2025,8,2025-08,19,경기도,연천군,신탄리역,595,연천 2025_08.csv,기타관광,교통시설
연천,2025,8,2025-08,20,경기도,연천군,백학저수지,584,연천 2025_08.csv,자연관광,자연경관(하천/해양)
연천,2025,8,2025-08,21,경기도,연천군,전곡터미널,546,연천 2025_08.csv,기타관광,교통시설
연천,2025,8,2025-08,22,경기도,연천군,연천고랑포구역사공원,469,연천 2025_08.csv,문화관광,전시시설
연천,2025,8,2025-08,23,경기도,연천군,한탄강물놀이장,465,연천 2025_08.csv,문화관광,테마공원
연천,2025,8,2025-08,24,경기도,연천군,초성리역폐역,441,연천 2025_08.csv,기타관광,교통시설
연천,2025,8,2025-08,25,경기도,연천군,태풍전망대,437,연천 2025_08.csv,문화관광,랜드마크관광
연천,2025,8,2025-08,26,경기도,연천군,스튜디오330,416,연천 2025_08.csv,문화관광,기타문화관광지
연천,2025,8,2025-08,27,경기도,연천군,연천경순왕릉,402,연천 2025_08.csv,역사관광,역사유적지
연천,2025,8,2025-08,28,경기도,연천군,임진강주상절리,397,연천 2025_08.csv,기타관광,기타관광
연천,2025,8,2025-08,29,경기도,연천군,신망리역폐역,358,연천 2025_08.csv,기타관광,교통시설
연천,2025,8,2025-08,30,경기도,연천군,한탄강관광지어린이캐릭터공원,340,연천 2025_08.csv,문화관광,도시공원
연천,2025,8,2025-08,31,경기도,연천군,허브빌리지,336,연천 2025_08.csv,체험관광,농/산/어촌체험
연천,2025,8,2025-08,32,경기도,연천군,연천수레울아트홀,283,연천 2025_08.csv,문화관광,공연시설
연천,2025,8,2025-08,33,경기도,연천군,은대리문화벽돌공장,275,연천 2025_08.csv,문화관광,기타문화관광지
연천,2025,8,2025-08,34,경기도,연천군,전곡낚시터,261,연천 2025_08.csv,레저스포츠,수상레저스포츠
연천,2025,8,2025-08,35,경기도,연천군,숭의전,260,연천 2025_08.csv,역사관광,종교성지
연천,2025,8,2025-08,36,경기도,연천군,스튜디오139,213,연천 2025_08.csv,문화관광,기타문화관광지
연천,2025,8,2025-08,37,경기도,연천군,연천군청소년수련관,205,연천 2025_08.csv,레저스포츠,육상레저스포츠
연천,2025,8,2025-08,37,경기도,연천군,그리팅맨,205,연천 2025_08.csv,역사관광,역사유물
연천,2025,8,2025-08,39,경기도,연천군,용바위쉼터,201,연천 2025_08.csv,자연관광,자연경관(산)
연천,2025,8,2025-08,40,경기도,연천군,스튜디오 포시즌,200,연천 2025_08.csv,문화관광,기타문화관광지
연천,2025,8,2025-08,41,경기도,연천군,한탄강관광지축구장,192,연천 2025_08.csv,문화관광,레저스포츠시설
연천,2025,8,2025-08,42,경기도,연천군,수불사,183,연천 2025_08.csv,역사관광,종교성지
연천,2025,8,2025-08,43,경기도,연천군,돌둥지유원지,182,연천 2025_08.csv,문화관광,복합관광시설
연천,2025,8,2025-08,44,경기도,연천군,지오낚시터,177,연천 2025_08.csv,레저스포츠,수상레저스포츠
연천,2025,8,2025-08,45,경기도,연천군,좌상바위,155,연천 2025_08.csv,기타관광,기타관광
연천,2025,8,2025-08,46,경기도,연천군,찌멍낚시터,143,연천 2025_08.csv,레저스포츠,수상레저스포츠
연천,2025,8,2025-08,47,경기도,연천군,재인폭포출렁다리,142,연천 2025_08.csv,기타관광,기타관광
연천,2025,8,2025-08,48,경기도,연천군,연천오일장,128,연천 2025_08.csv,쇼핑,시장
연천,2025,8,2025-08,49,경기도,연천군,시원농장,96,연천 2025_08.csv,체험관광,농/산/어촌체험
연천,2025,8,2025-08,50,경기도,연천군,상승전망대,83,연천 2025_08.csv,문화관광,랜드마크관광
연천,2025,8,2025-08,50,경기도,연천군,서문크리스챤하우스,83,연천 2025_08.csv,레저스포츠,육상레저스포츠
연천,2025,8,2025-08,52,경기도,연천군,샘터유원지,81,연천 2025_08.csv,문화관광,복합관광시설
연천,2025,8,2025-08,53,경기도,연천군,통일평생교육원,79,연천 2025_08.csv,체험관광,체험관광기타
연천,2025,8,2025-08,54,경기도,연천군,한국수자원공사한탄강댐물문화관,74,연천 2025_08.csv,문화관광,전시시설
연천,2025,8,2025-08,55,경기도,연천군,원심원사,73,연천 2025_08.csv,역사관광,종교성지
연천,2025,8,2025-08,56,경기도,연천군,연천공영버스터미널,72,연천 2025_08.csv,기타관광,교통시설
연천,2025,8,2025-08,57,경기도,연천군,물바위유원지,64,연천 2025_08.csv,문화관광,복합관광시설
연천,2025,8,2025-08,58,경기도,연천군,대화사,63,연천 2025_08.csv,역사관광,종교성지
연천,2025,8,2025-08,59,경기도,연천군,두루미테마파크,60,연천 2025_08.csv,기타관광,기타관광
연천,2025,8,2025-08,60,경기도,연천군,삼화리낚시터,58,연천 2025_08.csv,레저스포츠,수상레저스포츠
연천,2025,8,2025-08,60,경기도,연천군,역고드름,58,연천 2025_08.csv,기타관광,기타관광
연천,2025,8,2025-08,62,경기도,연천군,옥산보,52,연천 2025_08.csv,기타관광,기타관광
연천,2025,8,2025-08,63,경기도,연천군,백학지낚시터,50,연천 2025_08.csv,레저스포츠,수상레저스포츠
연천,2025,8,2025-08,64,경기도,연천군,임진강주상절리카약,48,연천 2025_08.csv,레저스포츠,수상레저스포츠
연천,2025,8,2025-08,64,경기도,연천군,연천호로고루홍보관,48,연천 2025_08.csv,문화관광,전시시설
연천,2025,8,2025-08,66,경기도,연천군,에이펙스트랙&라이딩스쿨,46,연천 2025_08.csv,레저스포츠,기타레저스포츠
연천,2025,8,2025-08,66,경기도,연천군,한탄강역폐역,46,연천 2025_08.csv,기타관광,교통시설
연천,2025,8,2025-08,66,경기도,연천군,연천군 신서면 소목개마을,46,연천 2025_08.csv,문화관광,도시/지역문화관광
연천,2025,8,2025-08,69,경기도,연천군,고랑포구,40,연천 2025_08.csv,자연관광,자연경관(하천/해양)
연천,2025,8,2025-08,70,경기도,연천군,연천승마공원,36,연천 2025_08.csv,레저스포츠,육상레저스포츠
연천,2025,8,2025-08,71,경기도,연천군,아우라지베개용암탐방안내소,33,연천 2025_08.csv,기타관광,기타관광
연천,2025,8,2025-08,71,경기도,연천군,들꽃가람농장,33,연천 2025_08.csv,체험관광,농/산/어촌체험
연천,2025,8,2025-08,73,경기도,연천군,선곡베이스볼파크,32,연천 2025_08.csv,문화관광,레저스포츠시설
연천,2025,8,2025-08,74,경기도,연천군,백학낚시터,29,연천 2025_08.csv,레저스포츠,수상레저스포츠
연천,2025,8,2025-08,75,경기도,연천군,차탄천주상절리,28,연천 2025_08.csv,기타관광,기타관광
연천,2025,8,2025-08,76,경기도,연천군,전곡근린공원,27,연천 2025_08.csv,문화관광,도시공원
연천,2025,8,2025-08,76,경기도,연천군,고대정,27,연천 2025_08.csv,레저스포츠,육상레저스포츠
연천,2025,8,2025-08,78,경기도,연천군,연천군 백학면 새둥지마을,24,연천 2025_08.csv,역사관광,역사유적지
연천,2025,8,2025-08,79,경기도,연천군,연천전곡리유적방문자센터,23,연천 2025_08.csv,기타관광,기타관광
연천,2025,8,2025-08,80,경기도,연천군,진상리축구장,22,연천 2025_08.csv,문화관광,레저스포츠시설
연천,2025,8,2025-08,81,경기도,연천군,포천아우라지베개용암,21,연천 2025_08.csv,기타관광,기타관광
연천,2025,8,2025-08,82,경기도,연천군,드라마미술전시장,20,연천 2025_08.csv,기타관광,기타관광
연천,2025,8,2025-08,83,경기도,연천군,코리아승마클럽,18,연천 2025_08.csv,레저스포츠,육상레저스포츠
연천,2025,8,2025-08,83,경기도,연천군,모아베리교육농장,18,연천 2025_08.csv,체험관광,농/산/어촌체험
연천,2025,8,2025-08,83,경기도,연천군,연천숭의전지,18,연천 2025_08.csv,역사관광,역사유적지
연천,2025,8,2025-08,86,경기도,연천군,망곡산연인공원,17,연천 2025_08.csv,문화관광,도시공원
연천,2025,8,2025-08,86,경기도,연천군,유성미디어촬영소,17,연천 2025_08.csv,문화관광,기타문화관광지
연천,2025,8,2025-08,88,경기도,연천군,연천북방산개구리농장,16,연천 2025_08.csv,체험관광,농/산/어촌체험
연천,2025,8,2025-08,89,경기도,연천군,령신산기도도량,14,연천 2025_08.csv,역사관광,종교성지
연천,2025,8,2025-08,89,경기도,연천군,연천군 왕징면 호랑이배꼽마을,14,연천 2025_08.csv,역사관광,역사유적지
연천,2025,8,2025-08,91,경기도,연천군,베개용암전망대,12,연천 2025_08.csv,문화관광,랜드마크관광
연천,2025,8,2025-08,92,경기도,연천군,종자와시인 박물관,11,연천 2025_08.csv,문화관광,전시시설
연천,2025,8,2025-08,92,경기도,연천군,아미사,11,연천 2025_08.csv,역사관광,종교성지
연천,2025,8,2025-08,92,경기도,연천군,임진강평화습지원,11,연천 2025_08.csv,문화관광,도시공원
연천,2025,8,2025-08,92,경기도,연천군,고대산,11,연천 2025_08.csv,자연관광,자연경관(산)
연천,2025,8,2025-08,96,경기도,연천군,동막리응회암,10,연천 2025_08.csv,기타관광,기타관광
연천,2025,8,2025-08,96,경기도,연천군,연천유엔군화장장시설,10,연천 2025_08.csv,기타관광,기타관광
연천,2025,8,2025-08,98,경기도,연천군,차탄천 에움길,9,연천 2025_08.csv,레저스포츠,기타레저스포츠
연천,2025,8,2025-08,98,경기도,연천군,연천종합운동장인조구장,9,연천 2025_08.csv,문화관광,레저스포츠시설
연천,2025,8,2025-08,98,경기도,연천군,말턱고개약수터,9,연천 2025_08.csv,자연관광,자연경관(산)
연천,2025,8,2025-08,101,경기도,연천군,연강갤러리,8,연천 2025_08.csv,문화관광,전시시설
연천,2025,8,2025-08,102,경기도,연천군,합수머리,6,연천 2025_08.csv,기타관광,기타관광
연천,2025,8,2025-08,102,경기도,연천군,태황사,6,연천 2025_08.csv,역사관광,종교성지
연천,2025,8,2025-08,102,경기도,연천군,차탄천주상절리길,6,연천 2025_08.csv,기타관광,기타관광
연천,2025,8,2025-08,102,경기도,연천군,애심목장,6,연천 2025_08.csv,체험관광,농/산/어촌체험
연천,2025,8,2025-08,102,경기도,연천군,안일농장,6,연천 2025_08.csv,체험관광,농/산/어촌체험
연천,2025,8,2025-08,102,경기도,연천군,북진약수터,6,연천 2025_08.csv,자연관광,자연경관(산)
연천,2025,8,2025-08,102,경기도,연천군,연천학곡리적석총,6,연천 2025_08.csv,역사관광,역사유적지
연천,2025,8,2025-08,109,경기도,연천군,임진물새롬랜드,5,연천 2025_08.csv,문화관광,도시공원
연천,2025,8,2025-08,110,경기도,연천군,38선돌파기념비,4,연천 2025_08.csv,역사관광,역사유물
연천,2025,8,2025-08,110,경기도,연천군,학소정,4,연천 2025_08.csv,레저스포츠,육상레저스포츠
연천,2025,8,2025-08,110,경기도,연천군,능혜사,4,연천 2025_08.csv,역사관광,종교성지
연천,2025,8,2025-08,110,경기도,연천군,심원사지,4,연천 2025_08.csv,역사관광,종교성지
연천,2025,8,2025-08,110,경기도,연천군,연천은대리성,4,연천 2025_08.csv,역사관광,역사유적지
연천,2025,8,2025-08,115,경기도,연천군,초록연농원,3,연천 2025_08.csv,체험관광,농/산/어촌체험
연천,2025,8,2025-08,115,경기도,연천군,법성사,3,연천 2025_08.csv,역사관광,종교성지
연천,2025,8,2025-08,115,경기도,연천군,너나들이노리파크전곡점,3,연천 2025_08.csv,문화관광,테마공원
연천,2025,8,2025-08,115,경기도,연천군,딸기야커피야,3,연천 2025_08.csv,체험관광,농/산/어촌체험
연천,2025,8,2025-08,115,경기도,연천군,고인돌공원,3,연천 2025_08.csv,문화관광,도시공원
연천,2025,8,2025-08,115,경기도,연천군,장승천전투전적비,3,연천 2025_08.csv,역사관광,역사유물
연천,2025,8,2025-08,115,경기도,연천군,좌상바위전망대,3,연천 2025_08.csv,문화관광,랜드마크관광
연천,2025,8,2025-08,115,경기도,연천군,연천학곡리고인돌,3,연천 2025_08.csv,역사관광,역사유적지
연천,2025,8,2025-08,115,경기도,연천군,연천군 신서면 도신3리,3,연천 2025_08.csv,역사관광,역사유적지
연천,2025,8,2025-08,115,경기도,연천군,연천향교,3,연천 2025_08.csv,역사관광,역사유적지
연천,2025,8,2025-08,115,경기도,연천군,정발장군묘,3,연천 2025_08.csv,역사관광,역사유적지
연천,2025,8,2025-08,115,경기도,연천군,연천역급수탑,3,연천 2025_08.csv,역사관광,역사유적지
연천,2025,8,2025-08,115,경기도,연천군,현정사,3,연천 2025_08.csv,역사관광,종교성지
연천,2025,8,2025-08,115,경기도,연천군,삼성사,3,연천 2025_08.csv,역사관광,종교성지
연천,2025,8,2025-08,115,경기도,연천군,다솔관광농원,3,연천 2025_08.csv,체험관광,농/산/어촌체험
연천,2025,8,2025-08,115,경기도,연천군,연천어린이공원,3,연천 2025_08.csv,문화관광,도시공원
연천,2025,8,2025-08,115,경기도,연천군,자연그림터꽃나루,3,연천 2025_08.csv,문화관광,전시시설
연천,2025,8,2025-08,115,경기도,연천군,연천군 미산면 삼화리3반,3,연천 2025_08.csv,문화관광,도시/지역문화관광
연천,2025,9,2025-09,1,경기도,연천군,자유로CC,4865,연천 2025_09.csv,레저스포츠,육상레저스포츠
연천,2025,9,2025-09,2,경기도,연천군,임진강댑싸리공원,4370,연천 2025_09.csv,문화관광,도시공원
연천,2025,9,2025-09,3,경기도,연천군,재인폭포,3927,연천 2025_09.csv,자연관광,자연경관(산)
연천,2025,9,2025-09,4,경기도,연천군,연천호로고루,2052,연천 2025_09.csv,역사관광,역사유적지
연천,2025,9,2025-09,5,경기도,연천군,연천전곡리유적,1518,연천 2025_09.csv,역사관광,역사유적지
연천,2025,9,2025-09,6,경기도,연천군,연천파크골프장,1332,연천 2025_09.csv,레저스포츠,육상레저스포츠
연천,2025,9,2025-09,7,경기도,연천군,대광리역,1293,연천 2025_09.csv,기타관광,교통시설
연천,2025,9,2025-09,8,경기도,연천군,전곡선사박물관,1228,연천 2025_09.csv,문화관광,전시시설
연천,2025,9,2025-09,9,경기도,연천군,연천당포성,1067,연천 2025_09.csv,역사관광,역사유적지
연천,2025,9,2025-09,10,경기도,연천군,연천역폐역,1049,연천 2025_09.csv,기타관광,교통시설
연천,2025,9,2025-09,11,경기도,연천군,전곡전통시장,920,연천 2025_09.csv,쇼핑,시장
연천,2025,9,2025-09,12,경기도,연천군,백학저수지,661,연천 2025_09.csv,자연관광,자연경관(하천/해양)
연천,2025,9,2025-09,13,경기도,연천군,고대산자연휴양림,649,연천 2025_09.csv,자연관광,자연공원
연천,2025,9,2025-09,14,경기도,연천군,재인폭포파크골프장,578,연천 2025_09.csv,레저스포츠,육상레저스포츠
연천,2025,9,2025-09,15,경기도,연천군,열쇠전망대,547,연천 2025_09.csv,문화관광,랜드마크관광
연천,2025,9,2025-09,16,경기도,연천군,전곡터미널,484,연천 2025_09.csv,기타관광,교통시설
연천,2025,9,2025-09,17,경기도,연천군,태풍전망대,473,연천 2025_09.csv,문화관광,랜드마크관광
연천,2025,9,2025-09,17,경기도,연천군,신탄리역,473,연천 2025_09.csv,기타관광,교통시설
연천,2025,9,2025-09,19,경기도,연천군,연천수레울아트홀,459,연천 2025_09.csv,문화관광,공연시설
연천,2025,9,2025-09,20,경기도,연천군,연천경순왕릉,457,연천 2025_09.csv,역사관광,역사유적지
연천,2025,9,2025-09,21,경기도,연천군,한탄강관광지어린이캐릭터공원,440,연천 2025_09.csv,문화관광,도시공원
연천,2025,9,2025-09,22,경기도,연천군,한탄강관광지,432,연천 2025_09.csv,문화관광,복합관광시설
연천,2025,9,2025-09,23,경기도,연천군,초성리역폐역,420,연천 2025_09.csv,기타관광,교통시설
연천,2025,9,2025-09,24,경기도,연천군,진상리축구장,383,연천 2025_09.csv,문화관광,레저스포츠시설
연천,2025,9,2025-09,25,경기도,연천군,은대리문화벽돌공장,367,연천 2025_09.csv,문화관광,기타문화관광지
연천,2025,9,2025-09,25,경기도,연천군,신망리역폐역,367,연천 2025_09.csv,기타관광,교통시설
연천,2025,9,2025-09,27,경기도,연천군,한탄강관광지축구장,346,연천 2025_09.csv,문화관광,레저스포츠시설
연천,2025,9,2025-09,28,경기도,연천군,연천고랑포구역사공원,342,연천 2025_09.csv,문화관광,전시시설
연천,2025,9,2025-09,29,경기도,연천군,그리팅맨,312,연천 2025_09.csv,역사관광,역사유물
연천,2025,9,2025-09,30,경기도,연천군,임진강주상절리,285,연천 2025_09.csv,기타관광,기타관광
연천,2025,9,2025-09,31,경기도,연천군,동막계곡,255,연천 2025_09.csv,자연관광,자연경관(산)
연천,2025,9,2025-09,32,경기도,연천군,숭의전,249,연천 2025_09.csv,역사관광,종교성지
연천,2025,9,2025-09,33,경기도,연천군,허브빌리지,241,연천 2025_09.csv,체험관광,농/산/어촌체험
연천,2025,9,2025-09,34,경기도,연천군,스튜디오330,221,연천 2025_09.csv,문화관광,기타문화관광지
연천,2025,9,2025-09,35,경기도,연천군,동막골유원지,191,연천 2025_09.csv,문화관광,복합관광시설
연천,2025,9,2025-09,36,경기도,연천군,연천군청소년수련관,185,연천 2025_09.csv,레저스포츠,육상레저스포츠
연천,2025,9,2025-09,37,경기도,연천군,전곡낚시터,173,연천 2025_09.csv,레저스포츠,수상레저스포츠
연천,2025,9,2025-09,38,경기도,연천군,찌멍낚시터,162,연천 2025_09.csv,레저스포츠,수상레저스포츠
연천,2025,9,2025-09,39,경기도,연천군,지오낚시터,155,연천 2025_09.csv,레저스포츠,수상레저스포츠
연천,2025,9,2025-09,40,경기도,연천군,연천전곡리유적방문자센터,136,연천 2025_09.csv,기타관광,기타관광
연천,2025,9,2025-09,41,경기도,연천군,연천오일장,123,연천 2025_09.csv,쇼핑,시장
연천,2025,9,2025-09,42,경기도,연천군,통일평생교육원,116,연천 2025_09.csv,체험관광,체험관광기타
연천,2025,9,2025-09,43,경기도,연천군,수불사,114,연천 2025_09.csv,역사관광,종교성지
연천,2025,9,2025-09,44,경기도,연천군,열두개울계곡,110,연천 2025_09.csv,자연관광,자연경관(산)
연천,2025,9,2025-09,45,경기도,연천군,스튜디오139,101,연천 2025_09.csv,문화관광,기타문화관광지
연천,2025,9,2025-09,46,경기도,연천군,스튜디오 포시즌,95,연천 2025_09.csv,문화관광,기타문화관광지
연천,2025,9,2025-09,47,경기도,연천군,재인폭포출렁다리,94,연천 2025_09.csv,기타관광,기타관광
연천,2025,9,2025-09,48,경기도,연천군,원심원사,91,연천 2025_09.csv,역사관광,종교성지
연천,2025,9,2025-09,49,경기도,연천군,연천승마공원,86,연천 2025_09.csv,레저스포츠,육상레저스포츠
연천,2025,9,2025-09,50,경기도,연천군,연천공영버스터미널,77,연천 2025_09.csv,기타관광,교통시설
연천,2025,9,2025-09,51,경기도,연천군,좌상바위,68,연천 2025_09.csv,기타관광,기타관광
연천,2025,9,2025-09,51,경기도,연천군,연천고려인삼축제,68,연천 2025_09.csv,문화관광,기타문화관광지
연천,2025,9,2025-09,53,경기도,연천군,삼화리낚시터,66,연천 2025_09.csv,레저스포츠,수상레저스포츠
연천,2025,9,2025-09,54,경기도,연천군,상승전망대,65,연천 2025_09.csv,문화관광,랜드마크관광
연천,2025,9,2025-09,55,경기도,연천군,에이펙스트랙&라이딩스쿨,52,연천 2025_09.csv,레저스포츠,기타레저스포츠
연천,2025,9,2025-09,56,경기도,연천군,대화사,51,연천 2025_09.csv,역사관광,종교성지
연천,2025,9,2025-09,57,경기도,연천군,연천군 신서면 소목개마을,49,연천 2025_09.csv,문화관광,도시/지역문화관광
연천,2025,9,2025-09,58,경기도,연천군,두루미테마파크,47,연천 2025_09.csv,기타관광,기타관광
연천,2025,9,2025-09,59,경기도,연천군,한탄강역폐역,45,연천 2025_09.csv,기타관광,교통시설
연천,2025,9,2025-09,60,경기도,연천군,연천호로고루홍보관,44,연천 2025_09.csv,문화관광,전시시설
연천,2025,9,2025-09,60,경기도,연천군,고랑포구,44,연천 2025_09.csv,자연관광,자연경관(하천/해양)
연천,2025,9,2025-09,62,경기도,연천군,임진강주상절리카약,43,연천 2025_09.csv,레저스포츠,수상레저스포츠
연천,2025,9,2025-09,63,경기도,연천군,한국수자원공사한탄강댐물문화관,39,연천 2025_09.csv,문화관광,전시시설
연천,2025,9,2025-09,64,경기도,연천군,백학지낚시터,37,연천 2025_09.csv,레저스포츠,수상레저스포츠
연천,2025,9,2025-09,65,경기도,연천군,망곡산연인공원,35,연천 2025_09.csv,문화관광,도시공원
연천,2025,9,2025-09,65,경기도,연천군,선곡베이스볼파크,35,연천 2025_09.csv,문화관광,레저스포츠시설
연천,2025,9,2025-09,67,경기도,연천군,한탄강물놀이장,33,연천 2025_09.csv,문화관광,테마공원
연천,2025,9,2025-09,68,경기도,연천군,아우라지베개용암탐방안내소,32,연천 2025_09.csv,기타관광,기타관광
연천,2025,9,2025-09,69,경기도,연천군,연천고대산야구장,31,연천 2025_09.csv,문화관광,레저스포츠시설
연천,2025,9,2025-09,70,경기도,연천군,정발장군묘,30,연천 2025_09.csv,역사관광,역사유적지
연천,2025,9,2025-09,70,경기도,연천군,들꽃가람농장,30,연천 2025_09.csv,체험관광,농/산/어촌체험
연천,2025,9,2025-09,72,경기도,연천군,연천국화축제,29,연천 2025_09.csv,문화관광,기타문화관광지
연천,2025,9,2025-09,73,경기도,연천군,고대산,28,연천 2025_09.csv,자연관광,자연경관(산)
연천,2025,9,2025-09,74,경기도,연천군,연천은대리성,25,연천 2025_09.csv,역사관광,역사유적지
연천,2025,9,2025-09,75,경기도,연천군,모아베리교육농장,24,연천 2025_09.csv,체험관광,농/산/어촌체험
연천,2025,9,2025-09,76,경기도,연천군,종자와시인 박물관,22,연천 2025_09.csv,문화관광,전시시설
연천,2025,9,2025-09,77,경기도,연천군,연천숭의전지,21,연천 2025_09.csv,역사관광,역사유적지
연천,2025,9,2025-09,78,경기도,연천군,연천군 왕징면 호랑이배꼽마을,20,연천 2025_09.csv,역사관광,역사유적지
연천,2025,9,2025-09,78,경기도,연천군,역고드름,20,연천 2025_09.csv,기타관광,기타관광
연천,2025,9,2025-09,80,경기도,연천군,백학낚시터,19,연천 2025_09.csv,레저스포츠,수상레저스포츠
연천,2025,9,2025-09,80,경기도,연천군,연천코스모스둘레길,19,연천 2025_09.csv,기타관광,기타관광
연천,2025,9,2025-09,82,경기도,연천군,전곡근린공원,17,연천 2025_09.csv,문화관광,도시공원
연천,2025,9,2025-09,83,경기도,연천군,연천종합운동장인조구장,15,연천 2025_09.csv,문화관광,레저스포츠시설
연천,2025,9,2025-09,83,경기도,연천군,안일농장,15,연천 2025_09.csv,체험관광,농/산/어촌체험
연천,2025,9,2025-09,83,경기도,연천군,연강갤러리,15,연천 2025_09.csv,문화관광,전시시설
연천,2025,9,2025-09,83,경기도,연천군,차탄천주상절리,15,연천 2025_09.csv,기타관광,기타관광
연천,2025,9,2025-09,87,경기도,연천군,서문크리스챤하우스,14,연천 2025_09.csv,레저스포츠,육상레저스포츠
연천,2025,9,2025-09,88,경기도,연천군,자연그림터꽃나루,13,연천 2025_09.csv,문화관광,전시시설
연천,2025,9,2025-09,89,경기도,연천군,고인돌공원,12,연천 2025_09.csv,문화관광,도시공원
연천,2025,9,2025-09,89,경기도,연천군,옥산보,12,연천 2025_09.csv,기타관광,기타관광
연천,2025,9,2025-09,89,경기도,연천군,연천역급수탑,12,연천 2025_09.csv,역사관광,역사유적지
연천,2025,9,2025-09,89,경기도,연천군,현정사,12,연천 2025_09.csv,역사관광,종교성지
연천,2025,9,2025-09,93,경기도,연천군,령신산기도도량,10,연천 2025_09.csv,역사관광,종교성지
연천,2025,9,2025-09,93,경기도,연천군,베개용암전망대,10,연천 2025_09.csv,문화관광,랜드마크관광
연천,2025,9,2025-09,93,경기도,연천군,임진물새롬랜드,10,연천 2025_09.csv,문화관광,도시공원
연천,2025,9,2025-09,93,경기도,연천군,능혜사,10,연천 2025_09.csv,역사관광,종교성지
연천,2025,9,2025-09,97,경기도,연천군,백의리층탐방안내소,9,연천 2025_09.csv,기타관광,기타관광
연천,2025,9,2025-09,97,경기도,연천군,연천학곡리고인돌,9,연천 2025_09.csv,역사관광,역사유적지
연천,2025,9,2025-09,97,경기도,연천군,애심목장,9,연천 2025_09.csv,체험관광,농/산/어촌체험
연천,2025,9,2025-09,100,경기도,연천군,연천향교,8,연천 2025_09.csv,역사관광,역사유적지
연천,2025,9,2025-09,101,경기도,연천군,연천율무축제,7,연천 2025_09.csv,문화관광,기타문화관광지
연천,2025,9,2025-09,101,경기도,연천군,물바위유원지,7,연천 2025_09.csv,문화관광,복합관광시설
연천,2025,9,2025-09,103,경기도,연천군,망곡산둘레길,6,연천 2025_09.csv,기타관광,기타관광
연천,2025,9,2025-09,103,경기도,연천군,좌상바위전망대,6,연천 2025_09.csv,문화관광,랜드마크관광
연천,2025,9,2025-09,103,경기도,연천군,행복농장,6,연천 2025_09.csv,체험관광,농/산/어촌체험
연천,2025,9,2025-09,103,경기도,연천군,희둘영목장,6,연천 2025_09.csv,체험관광,농/산/어촌체험
연천,2025,9,2025-09,103,경기도,연천군,연천군 왕징면 나룻배마을,6,연천 2025_09.csv,역사관광,역사유적지
연천,2025,9,2025-09,103,경기도,연천군,포천아우라지베개용암,6,연천 2025_09.csv,기타관광,기타관광
연천,2025,9,2025-09,103,경기도,연천군,연천로하스파크,6,연천 2025_09.csv,기타관광,기타관광
연천,2025,9,2025-09,103,경기도,연천군,연천군 미산면 삼화리3반,6,연천 2025_09.csv,문화관광,도시/지역문화관광
연천,2025,9,2025-09,111,경기도,연천군,코리아승마클럽,5,연천 2025_09.csv,레저스포츠,육상레저스포츠
연천,2025,9,2025-09,111,경기도,연천군,아미사,5,연천 2025_09.csv,역사관광,종교성지
연천,2025,9,2025-09,111,경기도,연천군,본원사,5,연천 2025_09.csv,역사관광,종교성지
연천,2025,9,2025-09,111,경기도,연천군,송림수목원,5,연천 2025_09.csv,문화관광,테마공원
연천,2025,9,2025-09,111,경기도,연천군,북진약수터,5,연천 2025_09.csv,자연관광,자연경관(산)
연천,2025,9,2025-09,111,경기도,연천군,옹달샘농원,5,연천 2025_09.csv,체험관광,농/산/어촌체험
연천,2025,9,2025-09,111,경기도,연천군,유성미디어촬영소,5,연천 2025_09.csv,문화관광,기타문화관광지
연천,2025,9,2025-09,118,경기도,연천군,자방키사과농원,4,연천 2025_09.csv,체험관광,농/산/어촌체험
연천,2025,9,2025-09,118,경기도,연천군,청산공원,4,연천 2025_09.csv,문화관광,도시공원
연천,2025,9,2025-09,118,경기도,연천군,연천북방산개구리농장,4,연천 2025_09.csv,체험관광,농/산/어촌체험
연천,2025,9,2025-09,118,경기도,연천군,은대근린공원,4,연천 2025_09.csv,문화관광,도시공원
연천,2025,9,2025-09,118,경기도,연천군,종자산,4,연천 2025_09.csv,자연관광,자연경관(산)
연천,2025,9,2025-09,123,경기도,연천군,차탄천 에움길,3,연천 2025_09.csv,레저스포츠,기타레저스포츠
연천,2025,9,2025-09,123,경기도,연천군,은대리판상절리,3,연천 2025_09.csv,기타관광,기타관광
연천,2025,9,2025-09,123,경기도,연천군,법성사,3,연천 2025_09.csv,역사관광,종교성지
연천,2025,9,2025-09,123,경기도,연천군,태황사,3,연천 2025_09.csv,역사관광,종교성지
연천,2025,9,2025-09,123,경기도,연천군,연천역관광안내소,3,연천 2025_09.csv,기타관광,기타관광
연천,2025,9,2025-09,123,경기도,연천군,청산커뮤니티아트센터,3,연천 2025_09.csv,문화관광,기타문화관광지
연천,2025,9,2025-09,123,경기도,연천군,차탄천주상절리길,3,연천 2025_09.csv,기타관광,기타관광
연천,2025,9,2025-09,123,경기도,연천군,용바위쉼터,3,연천 2025_09.csv,자연관광,자연경관(산)
연천,2025,9,2025-09,123,경기도,연천군,돌둥지유원지,3,연천 2025_09.csv,문화관광,복합관광시설
연천,2025,9,2025-09,123,경기도,연천군,연천군 백학면 38선마을,3,연천 2025_09.csv,역사관광,역사유적지
연천,2025,9,2025-09,123,경기도,연천군,백학5일장,3,연천 2025_09.csv,쇼핑,시장
연천,2025,9,2025-09,123,경기도,연천군,학소정,3,연천 2025_09.csv,레저스포츠,육상레저스포츠
연천,2025,9,2025-09,123,경기도,연천군,연천유엔군화장장시설,3,연천 2025_09.csv,기타관광,기타관광
연천,2025,9,2025-09,123,경기도,연천군,석장리미술관조각공원,3,연천 2025_09.csv,문화관광,도시공원
연천,2025,9,2025-09,123,경기도,연천군,드라마미술전시장,3,연천 2025_09.csv,기타관광,기타관광
연천,2025,9,2025-09,123,경기도,연천군,청정암,3,연천 2025_09.csv,역사관광,종교성지
연천,2025,9,2025-09,123,경기도,연천군,옥녀봉,3,연천 2025_09.csv,자연관광,자연경관(산)
연천,2025,9,2025-09,123,경기도,연천군,연천학곡리적석총,3,연천 2025_09.csv,역사관광,역사유적지
연천,2025,10,2025-10,1,경기도,연천군,임진강댑싸리공원,26796,연천 2025_10.csv,문화관광,도시공원
연천,2025,10,2025-10,2,경기도,연천군,재인폭포,11692,연천 2025_10.csv,자연관광,자연경관(산)
연천,2025,10,2025-10,3,경기도,연천군,자유로CC,7444,연천 2025_10.csv,레저스포츠,육상레저스포츠
연천,2025,10,2025-10,4,경기도,연천군,연천국화축제,6344,연천 2025_10.csv,문화관광,기타문화관광지
연천,2025,10,2025-10,5,경기도,연천군,연천전곡리유적,5736,연천 2025_10.csv,역사관광,역사유적지
연천,2025,10,2025-10,6,경기도,연천군,전곡선사박물관,3409,연천 2025_10.csv,문화관광,전시시설
연천,2025,10,2025-10,7,경기도,연천군,연천호로고루,3327,연천 2025_10.csv,역사관광,역사유적지
연천,2025,10,2025-10,8,경기도,연천군,대광리역,2425,연천 2025_10.csv,기타관광,교통시설
연천,2025,10,2025-10,9,경기도,연천군,전곡전통시장,2081,연천 2025_10.csv,쇼핑,시장
연천,2025,10,2025-10,10,경기도,연천군,연천역폐역,1863,연천 2025_10.csv,기타관광,교통시설
연천,2025,10,2025-10,11,경기도,연천군,연천파크골프장,1565,연천 2025_10.csv,레저스포츠,육상레저스포츠
연천,2025,10,2025-10,12,경기도,연천군,연천당포성,1559,연천 2025_10.csv,역사관광,역사유적지
연천,2025,10,2025-10,13,경기도,연천군,백학저수지,1251,연천 2025_10.csv,자연관광,자연경관(하천/해양)
연천,2025,10,2025-10,14,경기도,연천군,고대산자연휴양림,1178,연천 2025_10.csv,자연관광,자연공원
연천,2025,10,2025-10,15,경기도,연천군,한탄강관광지어린이캐릭터공원,1102,연천 2025_10.csv,문화관광,도시공원
연천,2025,10,2025-10,16,경기도,연천군,태풍전망대,1006,연천 2025_10.csv,문화관광,랜드마크관광
연천,2025,10,2025-10,17,경기도,연천군,재인폭포파크골프장,998,연천 2025_10.csv,레저스포츠,육상레저스포츠
연천,2025,10,2025-10,18,경기도,연천군,열쇠전망대,953,연천 2025_10.csv,문화관광,랜드마크관광
연천,2025,10,2025-10,19,경기도,연천군,연천경순왕릉,915,연천 2025_10.csv,역사관광,역사유적지
연천,2025,10,2025-10,20,경기도,연천군,그리팅맨,896,연천 2025_10.csv,역사관광,역사유물
연천,2025,10,2025-10,21,경기도,연천군,전곡터미널,871,연천 2025_10.csv,기타관광,교통시설
연천,2025,10,2025-10,22,경기도,연천군,신탄리역,853,연천 2025_10.csv,기타관광,교통시설
연천,2025,10,2025-10,23,경기도,연천군,한탄강관광지,851,연천 2025_10.csv,문화관광,복합관광시설
연천,2025,10,2025-10,24,경기도,연천군,은대리문화벽돌공장,828,연천 2025_10.csv,문화관광,기타문화관광지
연천,2025,10,2025-10,25,경기도,연천군,신망리역폐역,770,연천 2025_10.csv,기타관광,교통시설
연천,2025,10,2025-10,26,경기도,연천군,연천고랑포구역사공원,737,연천 2025_10.csv,문화관광,전시시설
연천,2025,10,2025-10,27,경기도,연천군,임진강주상절리,711,연천 2025_10.csv,기타관광,기타관광
연천,2025,10,2025-10,28,경기도,연천군,허브빌리지,659,연천 2025_10.csv,체험관광,농/산/어촌체험
연천,2025,10,2025-10,29,경기도,연천군,초성리역폐역,622,연천 2025_10.csv,기타관광,교통시설
연천,2025,10,2025-10,30,경기도,연천군,연천수레울아트홀,583,연천 2025_10.csv,문화관광,공연시설
연천,2025,10,2025-10,31,경기도,연천군,숭의전,562,연천 2025_10.csv,역사관광,종교성지
연천,2025,10,2025-10,32,경기도,연천군,연천율무축제,453,연천 2025_10.csv,문화관광,기타문화관광지
연천,2025,10,2025-10,33,경기도,연천군,연천전곡리유적방문자센터,411,연천 2025_10.csv,기타관광,기타관광
연천,2025,10,2025-10,34,경기도,연천군,재인폭포출렁다리,378,연천 2025_10.csv,기타관광,기타관광
연천,2025,10,2025-10,35,경기도,연천군,수불사,359,연천 2025_10.csv,역사관광,종교성지
연천,2025,10,2025-10,36,경기도,연천군,한탄강관광지축구장,327,연천 2025_10.csv,문화관광,레저스포츠시설
연천,2025,10,2025-10,37,경기도,연천군,연천공영버스터미널,294,연천 2025_10.csv,기타관광,교통시설
연천,2025,10,2025-10,38,경기도,연천군,동막골유원지,290,연천 2025_10.csv,문화관광,복합관광시설
연천,2025,10,2025-10,39,경기도,연천군,전곡낚시터,253,연천 2025_10.csv,레저스포츠,수상레저스포츠
연천,2025,10,2025-10,39,경기도,연천군,통일평생교육원,253,연천 2025_10.csv,체험관광,체험관광기타
연천,2025,10,2025-10,41,경기도,연천군,들꽃가람농장,243,연천 2025_10.csv,체험관광,농/산/어촌체험
연천,2025,10,2025-10,42,경기도,연천군,연천오일장,242,연천 2025_10.csv,쇼핑,시장
연천,2025,10,2025-10,43,경기도,연천군,스튜디오330,233,연천 2025_10.csv,문화관광,기타문화관광지
연천,2025,10,2025-10,44,경기도,연천군,스튜디오 포시즌,225,연천 2025_10.csv,문화관광,기타문화관광지
연천,2025,10,2025-10,45,경기도,연천군,찌멍낚시터,191,연천 2025_10.csv,레저스포츠,수상레저스포츠
연천,2025,10,2025-10,46,경기도,연천군,연천군청소년수련관,182,연천 2025_10.csv,레저스포츠,육상레저스포츠
연천,2025,10,2025-10,47,경기도,연천군,동막계곡,168,연천 2025_10.csv,자연관광,자연경관(산)
연천,2025,10,2025-10,48,경기도,연천군,삼화리낚시터,159,연천 2025_10.csv,레저스포츠,수상레저스포츠
연천,2025,10,2025-10,49,경기도,연천군,좌상바위,155,연천 2025_10.csv,기타관광,기타관광
연천,2025,10,2025-10,50,경기도,연천군,지오낚시터,148,연천 2025_10.csv,레저스포츠,수상레저스포츠
연천,2025,10,2025-10,51,경기도,연천군,연천군 신서면 소목개마을,135,연천 2025_10.csv,문화관광,도시/지역문화관광
연천,2025,10,2025-10,52,경기도,연천군,베개용암전망대,132,연천 2025_10.csv,문화관광,랜드마크관광
연천,2025,10,2025-10,53,경기도,연천군,상승전망대,130,연천 2025_10.csv,문화관광,랜드마크관광
연천,2025,10,2025-10,54,경기도,연천군,스튜디오139,127,연천 2025_10.csv,문화관광,기타문화관광지
연천,2025,10,2025-10,54,경기도,연천군,열두개울계곡,127,연천 2025_10.csv,자연관광,자연경관(산)
연천,2025,10,2025-10,56,경기도,연천군,선곡베이스볼파크,121,연천 2025_10.csv,문화관광,레저스포츠시설
연천,2025,10,2025-10,57,경기도,연천군,에이펙스트랙&라이딩스쿨,120,연천 2025_10.csv,레저스포츠,기타레저스포츠
연천,2025,10,2025-10,58,경기도,연천군,고랑포구,112,연천 2025_10.csv,자연관광,자연경관(하천/해양)
연천,2025,10,2025-10,59,경기도,연천군,아우라지베개용암탐방안내소,111,연천 2025_10.csv,기타관광,기타관광
연천,2025,10,2025-10,60,경기도,연천군,한탄강역폐역,109,연천 2025_10.csv,기타관광,교통시설
연천,2025,10,2025-10,61,경기도,연천군,두루미테마파크,103,연천 2025_10.csv,기타관광,기타관광
연천,2025,10,2025-10,62,경기도,연천군,원심원사,99,연천 2025_10.csv,역사관광,종교성지
연천,2025,10,2025-10,63,경기도,연천군,연천호로고루홍보관,93,연천 2025_10.csv,문화관광,전시시설
연천,2025,10,2025-10,64,경기도,연천군,임진강주상절리카약,92,연천 2025_10.csv,레저스포츠,수상레저스포츠
연천,2025,10,2025-10,64,경기도,연천군,돌둥지유원지,92,연천 2025_10.csv,문화관광,복합관광시설
연천,2025,10,2025-10,66,경기도,연천군,연천군 왕징면 호랑이배꼽마을,89,연천 2025_10.csv,역사관광,역사유적지
연천,2025,10,2025-10,67,경기도,연천군,연천승마공원,82,연천 2025_10.csv,레저스포츠,육상레저스포츠
연천,2025,10,2025-10,68,경기도,연천군,대화사,78,연천 2025_10.csv,역사관광,종교성지
연천,2025,10,2025-10,69,경기도,연천군,연천코스모스둘레길,67,연천 2025_10.csv,기타관광,기타관광
연천,2025,10,2025-10,70,경기도,연천군,정발장군묘,66,연천 2025_10.csv,역사관광,역사유적지
연천,2025,10,2025-10,71,경기도,연천군,코리아승마클럽,65,연천 2025_10.csv,레저스포츠,육상레저스포츠
연천,2025,10,2025-10,71,경기도,연천군,진상리축구장,65,연천 2025_10.csv,문화관광,레저스포츠시설
연천,2025,10,2025-10,73,경기도,연천군,물바위유원지,63,연천 2025_10.csv,문화관광,복합관광시설
연천,2025,10,2025-10,74,경기도,연천군,망곡산연인공원,61,연천 2025_10.csv,문화관광,도시공원
연천,2025,10,2025-10,75,경기도,연천군,종자와시인 박물관,57,연천 2025_10.csv,문화관광,전시시설
연천,2025,10,2025-10,76,경기도,연천군,서문크리스챤하우스,53,연천 2025_10.csv,레저스포츠,육상레저스포츠
연천,2025,10,2025-10,77,경기도,연천군,연천은대리성,52,연천 2025_10.csv,역사관광,역사유적지
연천,2025,10,2025-10,78,경기도,연천군,백학낚시터,51,연천 2025_10.csv,레저스포츠,수상레저스포츠
연천,2025,10,2025-10,78,경기도,연천군,한국수자원공사한탄강댐물문화관,51,연천 2025_10.csv,문화관광,전시시설
연천,2025,10,2025-10,80,경기도,연천군,연천숭의전지,50,연천 2025_10.csv,역사관광,역사유적지
연천,2025,10,2025-10,81,경기도,연천군,연천군 백학면 새둥지마을,47,연천 2025_10.csv,역사관광,역사유적지
연천,2025,10,2025-10,81,경기도,연천군,연천로하스파크,47,연천 2025_10.csv,기타관광,기타관광
연천,2025,10,2025-10,83,경기도,연천군,은대근린공원,44,연천 2025_10.csv,문화관광,도시공원
연천,2025,10,2025-10,83,경기도,연천군,모아베리교육농장,44,연천 2025_10.csv,체험관광,농/산/어촌체험
연천,2025,10,2025-10,83,경기도,연천군,차탄천주상절리,44,연천 2025_10.csv,기타관광,기타관광
연천,2025,10,2025-10,86,경기도,연천군,백학지낚시터,41,연천 2025_10.csv,레저스포츠,수상레저스포츠
연천,2025,10,2025-10,86,경기도,연천군,고대산,41,연천 2025_10.csv,자연관광,자연경관(산)
연천,2025,10,2025-10,88,경기도,연천군,드라마미술전시장,40,연천 2025_10.csv,기타관광,기타관광
연천,2025,10,2025-10,89,경기도,연천군,연천종합운동장인조구장,37,연천 2025_10.csv,문화관광,레저스포츠시설
연천,2025,10,2025-10,89,경기도,연천군,청산커뮤니티아트센터,37,연천 2025_10.csv,문화관광,기타문화관광지
연천,2025,10,2025-10,89,경기도,연천군,고인돌공원,37,연천 2025_10.csv,문화관광,도시공원
연천,2025,10,2025-10,92,경기도,연천군,전곡근린공원,36,연천 2025_10.csv,문화관광,도시공원
연천,2025,10,2025-10,93,경기도,연천군,자방키사과농원,32,연천 2025_10.csv,체험관광,농/산/어촌체험
연천,2025,10,2025-10,94,경기도,연천군,임진강평화습지원,30,연천 2025_10.csv,문화관광,도시공원
연천,2025,10,2025-10,95,경기도,연천군,역고드름,29,연천 2025_10.csv,기타관광,기타관광
연천,2025,10,2025-10,96,경기도,연천군,연천역관광안내소,28,연천 2025_10.csv,기타관광,기타관광
연천,2025,10,2025-10,97,경기도,연천군,포천아우라지베개용암,27,연천 2025_10.csv,기타관광,기타관광
연천,2025,10,2025-10,98,경기도,연천군,임진물새롬랜드,26,연천 2025_10.csv,문화관광,도시공원
연천,2025,10,2025-10,98,경기도,연천군,옹달샘농원,26,연천 2025_10.csv,체험관광,농/산/어촌체험
연천,2025,10,2025-10,100,경기도,연천군,연천군게이트볼장,24,연천 2025_10.csv,레저스포츠,기타레저스포츠
연천,2025,10,2025-10,101,경기도,연천군,연천북방산개구리농장,23,연천 2025_10.csv,체험관광,농/산/어촌체험
연천,2025,10,2025-10,101,경기도,연천군,옥산보,23,연천 2025_10.csv,기타관광,기타관광
연천,2025,10,2025-10,103,경기도,연천군,태황사,22,연천 2025_10.csv,역사관광,종교성지
연천,2025,10,2025-10,104,경기도,연천군,애심목장,21,연천 2025_10.csv,체험관광,농/산/어촌체험
연천,2025,10,2025-10,104,경기도,연천군,청정암,21,연천 2025_10.csv,역사관광,종교성지
연천,2025,10,2025-10,104,경기도,연천군,안일농장,21,연천 2025_10.csv,체험관광,농/산/어촌체험
연천,2025,10,2025-10,107,경기도,연천군,차탄천주상절리길,20,연천 2025_10.csv,기타관광,기타관광
연천,2025,10,2025-10,107,경기도,연천군,연천유엔군화장장시설,20,연천 2025_10.csv,기타관광,기타관광
연천,2025,10,2025-10,109,경기도,연천군,석장리미술관조각공원,18,연천 2025_10.csv,문화관광,도시공원
연천,2025,10,2025-10,109,경기도,연천군,종자산,18,연천 2025_10.csv,자연관광,자연경관(산)
연천,2025,10,2025-10,111,경기도,연천군,령신산기도도량,17,연천 2025_10.csv,역사관광,종교성지
연천,2025,10,2025-10,111,경기도,연천군,월성사,17,연천 2025_10.csv,역사관광,종교성지
연천,2025,10,2025-10,113,경기도,연천군,법성사,15,연천 2025_10.csv,역사관광,종교성지
연천,2025,10,2025-10,113,경기도,연천군,전곡역관광안내소,15,연천 2025_10.csv,기타관광,기타관광
연천,2025,10,2025-10,113,경기도,연천군,현정사,15,연천 2025_10.csv,역사관광,종교성지
연천,2025,10,2025-10,113,경기도,연천군,말턱고개약수터,15,연천 2025_10.csv,자연관광,자연경관(산)
연천,2025,10,2025-10,117,경기도,연천군,드라마21세기스튜디오,13,연천 2025_10.csv,문화관광,기타문화관광지
연천,2025,10,2025-10,117,경기도,연천군,호병목장,13,연천 2025_10.csv,체험관광,농/산/어촌체험
연천,2025,10,2025-10,117,경기도,연천군,연천군 왕징면 나룻배마을,13,연천 2025_10.csv,역사관광,역사유적지
연천,2025,10,2025-10,117,경기도,연천군,보국사,13,연천 2025_10.csv,역사관광,종교성지
연천,2025,10,2025-10,117,경기도,연천군,연강갤러리,13,연천 2025_10.csv,문화관광,전시시설
연천,2025,10,2025-10,122,경기도,연천군,연천양원리고인돌,12,연천 2025_10.csv,역사관광,역사유적지
연천,2025,10,2025-10,122,경기도,연천군,능혜사,12,연천 2025_10.csv,역사관광,종교성지
연천,2025,10,2025-10,124,경기도,연천군,연천군 백학면 38선마을,11,연천 2025_10.csv,역사관광,역사유적지
연천,2025,10,2025-10,125,경기도,연천군,연천학곡리고인돌,10,연천 2025_10.csv,역사관광,역사유적지
연천,2025,10,2025-10,125,경기도,연천군,아미사,10,연천 2025_10.csv,역사관광,종교성지
연천,2025,10,2025-10,125,경기도,연천군,임진강장어직판장,10,연천 2025_10.csv,체험관광,농/산/어촌체험
연천,2025,10,2025-10,125,경기도,연천군,임진강유원지,10,연천 2025_10.csv,문화관광,복합관광시설
연천,2025,10,2025-10,129,경기도,연천군,차탄천 에움길,9,연천 2025_10.csv,레저스포츠,기타레저스포츠
연천,2025,10,2025-10,129,경기도,연천군,연천학생야영장안전체험관,9,연천 2025_10.csv,체험관광,체험관광기타
연천,2025,10,2025-10,129,경기도,연천군,은대리판상절리,9,연천 2025_10.csv,기타관광,기타관광
연천,2025,10,2025-10,129,경기도,연천군,베리베리사과농원,9,연천 2025_10.csv,체험관광,농/산/어촌체험
연천,2025,10,2025-10,133,경기도,연천군,서연농장,8,연천 2025_10.csv,체험관광,농/산/어촌체험
연천,2025,10,2025-10,133,경기도,연천군,동기목장,8,연천 2025_10.csv,체험관광,농/산/어촌체험
연천,2025,10,2025-10,133,경기도,연천군,한탄강물놀이장,8,연천 2025_10.csv,문화관광,테마공원
연천,2025,10,2025-10,133,경기도,연천군,학소정,8,연천 2025_10.csv,레저스포츠,육상레저스포츠
연천,2025,10,2025-10,133,경기도,연천군,신중사,8,연천 2025_10.csv,역사관광,종교성지
연천,2025,10,2025-10,133,경기도,연천군,본원사,8,연천 2025_10.csv,역사관광,종교성지
연천,2025,10,2025-10,133,경기도,연천군,옥녀봉,8,연천 2025_10.csv,자연관광,자연경관(산)
연천,2025,10,2025-10,133,경기도,연천군,자연그림터꽃나루,8,연천 2025_10.csv,문화관광,전시시설
연천,2025,10,2025-10,141,경기도,연천군,백의리층,7,연천 2025_10.csv,기타관광,기타관광
연천,2025,10,2025-10,141,경기도,연천군,행복농장,7,연천 2025_10.csv,체험관광,농/산/어촌체험
연천,2025,10,2025-10,141,경기도,연천군,조각가박시동미술관,7,연천 2025_10.csv,문화관광,전시시설
연천,2025,10,2025-10,141,경기도,연천군,박진장군묘,7,연천 2025_10.csv,역사관광,역사유적지
연천,2025,10,2025-10,141,경기도,연천군,광동양어장,7,연천 2025_10.csv,체험관광,농/산/어촌체험
연천,2025,10,2025-10,141,경기도,연천군,보림사,7,연천 2025_10.csv,역사관광,종교성지
연천,2025,10,2025-10,141,경기도,연천군,송림수목원,7,연천 2025_10.csv,문화관광,테마공원
연천,2025,10,2025-10,148,경기도,연천군,사씨사과농장,6,연천 2025_10.csv,체험관광,농/산/어촌체험
연천,2025,10,2025-10,148,경기도,연천군,연천군 미산면 고려마을,6,연천 2025_10.csv,역사관광,역사유적지
연천,2025,10,2025-10,148,경기도,연천군,평화누리길11코스,6,연천 2025_10.csv,레저스포츠,기타레저스포츠
연천,2025,10,2025-10,151,경기도,연천군,마전리우리소리교육원,5,연천 2025_10.csv,체험관광,체험관광기타
연천,2025,10,2025-10,151,경기도,연천군,화이트농원,5,연천 2025_10.csv,체험관광,농/산/어촌체험
연천,2025,10,2025-10,151,경기도,연천군,연천군 청산면 초성2리,5,연천 2025_10.csv,역사관광,역사유적지
연천,2025,10,2025-10,151,경기도,연천군,산들농장,5,연천 2025_10.csv,체험관광,농/산/어촌체험
연천,2025,10,2025-10,155,경기도,연천군,댕골농장,4,연천 2025_10.csv,체험관광,농/산/어촌체험
연천,2025,10,2025-10,155,경기도,연천군,재인팜,4,연천 2025_10.csv,체험관광,농/산/어촌체험
연천,2025,10,2025-10,155,경기도,연천군,아름이목장,4,연천 2025_10.csv,체험관광,농/산/어촌체험
연천,2025,10,2025-10,155,경기도,연천군,코스모스공원,4,연천 2025_10.csv,문화관광,도시공원
연천,2025,10,2025-10,155,경기도,연천군,연천삼곶리돌무지무덤,4,연천 2025_10.csv,역사관광,역사유적지
연천,2025,10,2025-10,155,경기도,연천군,아람관광농원,4,연천 2025_10.csv,체험관광,농/산/어촌체험
연천,2025,10,2025-10,155,경기도,연천군,희둘영목장,4,연천 2025_10.csv,체험관광,농/산/어촌체험
연천,2025,10,2025-10,155,경기도,연천군,유나네자연숲농장,4,연천 2025_10.csv,체험관광,농/산/어촌체험
연천,2025,10,2025-10,155,경기도,연천군,연천역급수탑,4,연천 2025_10.csv,역사관광,역사유적지
연천,2025,10,2025-10,155,경기도,연천군,아미타사,4,연천 2025_10.csv,역사관광,종교성지
연천,2025,10,2025-10,155,경기도,연천군,검성골,4,연천 2025_10.csv,자연관광,자연경관(산)
연천,2025,10,2025-10,155,경기도,연천군,금빛농장,4,연천 2025_10.csv,체험관광,농/산/어촌체험
연천,2025,10,2025-10,155,경기도,연천군,야월산,4,연천 2025_10.csv,자연관광,자연경관(산)
연천,2025,10,2025-10,168,경기도,연천군,콩맘,3,연천 2025_10.csv,체험관광,농/산/어촌체험
연천,2025,10,2025-10,168,경기도,연천군,구미리체육공원,3,연천 2025_10.csv,문화관광,도시공원
연천,2025,10,2025-10,168,경기도,연천군,강원평화누리길1코스,3,연천 2025_10.csv,레저스포츠,기타레저스포츠
연천,2025,10,2025-10,168,경기도,연천군,백의리층탐방안내소,3,연천 2025_10.csv,기타관광,기타관광
연천,2025,10,2025-10,168,경기도,연천군,토층전시관,3,연천 2025_10.csv,문화관광,전시시설
연천,2025,10,2025-10,168,경기도,연천군,샘터유원지,3,연천 2025_10.csv,문화관광,복합관광시설
연천,2025,10,2025-10,168,경기도,연천군,연천군 신서면 도신3리,3,연천 2025_10.csv,역사관광,역사유적지
연천,2025,10,2025-10,168,경기도,연천군,연천군 미산면 강변마을,3,연천 2025_10.csv,역사관광,역사유적지
연천,2025,10,2025-10,168,경기도,연천군,연천군 군남면 옥계마을,3,연천 2025_10.csv,역사관광,역사유적지
연천,2025,10,2025-10,168,경기도,연천군,군남자연청소년수련원,3,연천 2025_10.csv,레저스포츠,육상레저스포츠
연천,2025,10,2025-10,168,경기도,연천군,필리핀군참전비,3,연천 2025_10.csv,역사관광,역사유물
연천,2025,10,2025-10,168,경기도,연천군,연천미라클야구단,3,연천 2025_10.csv,레저스포츠,기타레저스포츠
연천,2025,10,2025-10,168,경기도,연천군,다솔관광농원,3,연천 2025_10.csv,체험관광,농/산/어촌체험
연천,2025,10,2025-10,168,경기도,연천군,지장암,3,연천 2025_10.csv,역사관광,종교성지
연천,2025,10,2025-10,168,경기도,연천군,사랑이네농원,3,연천 2025_10.csv,체험관광,농/산/어촌체험
연천,2025,10,2025-10,168,경기도,연천군,연천학곡리적석총,3,연천 2025_10.csv,역사관광,역사유적지
연천,2025,11,2025-11,1,경기도,연천군,임진강댑싸리공원,6724,연천 2025_11.csv,문화관광,도시공원
연천,2025,11,2025-11,2,경기도,연천군,자유로CC,4898,연천 2025_11.csv,레저스포츠,육상레저스포츠
연천,2025,11,2025-11,3,경기도,연천군,재인폭포,4311,연천 2025_11.csv,자연관광,자연경관(산)
연천,2025,11,2025-11,4,경기도,연천군,전곡선사박물관,1490,연천 2025_11.csv,문화관광,전시시설
연천,2025,11,2025-11,5,경기도,연천군,대광리역,1390,연천 2025_11.csv,기타관광,교통시설
연천,2025,11,2025-11,6,경기도,연천군,연천전곡리유적,1360,연천 2025_11.csv,역사관광,역사유적지
연천,2025,11,2025-11,7,경기도,연천군,전곡전통시장,1184,연천 2025_11.csv,쇼핑,시장
연천,2025,11,2025-11,8,경기도,연천군,연천호로고루,1121,연천 2025_11.csv,역사관광,역사유적지
연천,2025,11,2025-11,9,경기도,연천군,연천파크골프장,1110,연천 2025_11.csv,레저스포츠,육상레저스포츠
연천,2025,11,2025-11,10,경기도,연천군,연천역폐역,1106,연천 2025_11.csv,기타관광,교통시설
연천,2025,11,2025-11,11,경기도,연천군,연천당포성,1074,연천 2025_11.csv,역사관광,역사유적지
연천,2025,11,2025-11,12,경기도,연천군,고대산자연휴양림,702,연천 2025_11.csv,자연관광,자연공원
연천,2025,11,2025-11,13,경기도,연천군,재인폭포파크골프장,691,연천 2025_11.csv,레저스포츠,육상레저스포츠
연천,2025,11,2025-11,14,경기도,연천군,한탄강관광지어린이캐릭터공원,640,연천 2025_11.csv,문화관광,도시공원
연천,2025,11,2025-11,15,경기도,연천군,열쇠전망대,639,연천 2025_11.csv,문화관광,랜드마크관광
연천,2025,11,2025-11,16,경기도,연천군,신망리역폐역,554,연천 2025_11.csv,기타관광,교통시설
연천,2025,11,2025-11,17,경기도,연천군,백학저수지,514,연천 2025_11.csv,자연관광,자연경관(하천/해양)
연천,2025,11,2025-11,18,경기도,연천군,전곡터미널,510,연천 2025_11.csv,기타관광,교통시설
연천,2025,11,2025-11,19,경기도,연천군,한탄강관광지,462,연천 2025_11.csv,문화관광,복합관광시설
연천,2025,11,2025-11,20,경기도,연천군,초성리역폐역,450,연천 2025_11.csv,기타관광,교통시설
연천,2025,11,2025-11,21,경기도,연천군,신탄리역,448,연천 2025_11.csv,기타관광,교통시설
연천,2025,11,2025-11,22,경기도,연천군,전곡낚시터,404,연천 2025_11.csv,레저스포츠,수상레저스포츠
연천,2025,11,2025-11,23,경기도,연천군,연천경순왕릉,400,연천 2025_11.csv,역사관광,역사유적지
연천,2025,11,2025-11,24,경기도,연천군,그리팅맨,398,연천 2025_11.csv,역사관광,역사유물
연천,2025,11,2025-11,25,경기도,연천군,연천고랑포구역사공원,376,연천 2025_11.csv,문화관광,전시시설
연천,2025,11,2025-11,26,경기도,연천군,태풍전망대,372,연천 2025_11.csv,문화관광,랜드마크관광
연천,2025,11,2025-11,27,경기도,연천군,임진강주상절리,362,연천 2025_11.csv,기타관광,기타관광
연천,2025,11,2025-11,28,경기도,연천군,연천수레울아트홀,301,연천 2025_11.csv,문화관광,공연시설
연천,2025,11,2025-11,29,경기도,연천군,은대리문화벽돌공장,283,연천 2025_11.csv,문화관광,기타문화관광지
연천,2025,11,2025-11,30,경기도,연천군,허브빌리지,260,연천 2025_11.csv,체험관광,농/산/어촌체험
연천,2025,11,2025-11,31,경기도,연천군,숭의전,246,연천 2025_11.csv,역사관광,종교성지
연천,2025,11,2025-11,32,경기도,연천군,연천오일장,175,연천 2025_11.csv,쇼핑,시장
연천,2025,11,2025-11,33,경기도,연천군,지오낚시터,169,연천 2025_11.csv,레저스포츠,수상레저스포츠
연천,2025,11,2025-11,34,경기도,연천군,수불사,154,연천 2025_11.csv,역사관광,종교성지
연천,2025,11,2025-11,35,경기도,연천군,재인폭포출렁다리,149,연천 2025_11.csv,기타관광,기타관광
연천,2025,11,2025-11,36,경기도,연천군,동막골유원지,132,연천 2025_11.csv,문화관광,복합관광시설
연천,2025,11,2025-11,37,경기도,연천군,통일평생교육원,130,연천 2025_11.csv,체험관광,체험관광기타
연천,2025,11,2025-11,38,경기도,연천군,연천군청소년수련관,127,연천 2025_11.csv,레저스포츠,육상레저스포츠
연천,2025,11,2025-11,39,경기도,연천군,한탄강관광지축구장,117,연천 2025_11.csv,문화관광,레저스포츠시설
연천,2025,11,2025-11,40,경기도,연천군,스튜디오 포시즌,115,연천 2025_11.csv,문화관광,기타문화관광지
연천,2025,11,2025-11,41,경기도,연천군,들꽃가람농장,94,연천 2025_11.csv,체험관광,농/산/어촌체험
연천,2025,11,2025-11,42,경기도,연천군,돌둥지유원지,91,연천 2025_11.csv,문화관광,복합관광시설
연천,2025,11,2025-11,43,경기도,연천군,연천군 신서면 소목개마을,84,연천 2025_11.csv,문화관광,도시/지역문화관광
연천,2025,11,2025-11,44,경기도,연천군,연천군 백학면 새둥지마을,80,연천 2025_11.csv,역사관광,역사유적지
연천,2025,11,2025-11,45,경기도,연천군,아우라지베개용암탐방안내소,72,연천 2025_11.csv,기타관광,기타관광
연천,2025,11,2025-11,46,경기도,연천군,연천공영버스터미널,69,연천 2025_11.csv,기타관광,교통시설
연천,2025,11,2025-11,46,경기도,연천군,에이펙스트랙&라이딩스쿨,69,연천 2025_11.csv,레저스포츠,기타레저스포츠
연천,2025,11,2025-11,48,경기도,연천군,스튜디오139,66,연천 2025_11.csv,문화관광,기타문화관광지
연천,2025,11,2025-11,48,경기도,연천군,원심원사,66,연천 2025_11.csv,역사관광,종교성지
연천,2025,11,2025-11,48,경기도,연천군,연천전곡리유적방문자센터,66,연천 2025_11.csv,기타관광,기타관광
연천,2025,11,2025-11,51,경기도,연천군,좌상바위,63,연천 2025_11.csv,기타관광,기타관광
연천,2025,11,2025-11,52,경기도,연천군,동막계곡,61,연천 2025_11.csv,자연관광,자연경관(산)
연천,2025,11,2025-11,53,경기도,연천군,진상리축구장,54,연천 2025_11.csv,문화관광,레저스포츠시설
연천,2025,11,2025-11,54,경기도,연천군,두루미테마파크,52,연천 2025_11.csv,기타관광,기타관광
연천,2025,11,2025-11,55,경기도,연천군,찌멍낚시터,50,연천 2025_11.csv,레저스포츠,수상레저스포츠
연천,2025,11,2025-11,55,경기도,연천군,상승전망대,50,연천 2025_11.csv,문화관광,랜드마크관광
연천,2025,11,2025-11,57,경기도,연천군,자방키사과농원,44,연천 2025_11.csv,체험관광,농/산/어촌체험
연천,2025,11,2025-11,58,경기도,연천군,삼화리낚시터,43,연천 2025_11.csv,레저스포츠,수상레저스포츠
연천,2025,11,2025-11,59,경기도,연천군,베개용암전망대,42,연천 2025_11.csv,문화관광,랜드마크관광
연천,2025,11,2025-11,59,경기도,연천군,한탄강역폐역,42,연천 2025_11.csv,기타관광,교통시설
연천,2025,11,2025-11,61,경기도,연천군,대화사,41,연천 2025_11.csv,역사관광,종교성지
연천,2025,11,2025-11,62,경기도,연천군,연천호로고루홍보관,39,연천 2025_11.csv,문화관광,전시시설
연천,2025,11,2025-11,62,경기도,연천군,고랑포구,39,연천 2025_11.csv,자연관광,자연경관(하천/해양)
연천,2025,11,2025-11,64,경기도,연천군,열두개울계곡,38,연천 2025_11.csv,자연관광,자연경관(산)
연천,2025,11,2025-11,64,경기도,연천군,연천군 왕징면 호랑이배꼽마을,38,연천 2025_11.csv,역사관광,역사유적지
연천,2025,11,2025-11,64,경기도,연천군,선곡베이스볼파크,38,연천 2025_11.csv,문화관광,레저스포츠시설
연천,2025,11,2025-11,67,경기도,연천군,코리아승마클럽,33,연천 2025_11.csv,레저스포츠,육상레저스포츠
연천,2025,11,2025-11,68,경기도,연천군,한국수자원공사한탄강댐물문화관,30,연천 2025_11.csv,문화관광,전시시설
연천,2025,11,2025-11,69,경기도,연천군,연천은대리성,28,연천 2025_11.csv,역사관광,역사유적지
연천,2025,11,2025-11,70,경기도,연천군,드라마미술전시장,23,연천 2025_11.csv,기타관광,기타관광
연천,2025,11,2025-11,71,경기도,연천군,임진강평화습지원,21,연천 2025_11.csv,문화관광,도시공원
연천,2025,11,2025-11,72,경기도,연천군,연천숭의전지,19,연천 2025_11.csv,역사관광,역사유적지
연천,2025,11,2025-11,73,경기도,연천군,스튜디오330,18,연천 2025_11.csv,문화관광,기타문화관광지
연천,2025,11,2025-11,73,경기도,연천군,고인돌공원,18,연천 2025_11.csv,문화관광,도시공원
연천,2025,11,2025-11,73,경기도,연천군,연천승마공원,18,연천 2025_11.csv,레저스포츠,육상레저스포츠
연천,2025,11,2025-11,76,경기도,연천군,모아베리교육농장,17,연천 2025_11.csv,체험관광,농/산/어촌체험
연천,2025,11,2025-11,77,경기도,연천군,연천학생야영장안전체험관,16,연천 2025_11.csv,체험관광,체험관광기타
연천,2025,11,2025-11,77,경기도,연천군,임진물새롬랜드,16,연천 2025_11.csv,문화관광,도시공원
연천,2025,11,2025-11,77,경기도,연천군,정발장군묘,16,연천 2025_11.csv,역사관광,역사유적지
연천,2025,11,2025-11,77,경기도,연천군,차탄천주상절리,16,연천 2025_11.csv,기타관광,기타관광
연천,2025,11,2025-11,81,경기도,연천군,령신산기도도량,15,연천 2025_11.csv,역사관광,종교성지
연천,2025,11,2025-11,81,경기도,연천군,백학지낚시터,15,연천 2025_11.csv,레저스포츠,수상레저스포츠
연천,2025,11,2025-11,83,경기도,연천군,현정사,14,연천 2025_11.csv,역사관광,종교성지
연천,2025,11,2025-11,84,경기도,연천군,검성골,13,연천 2025_11.csv,자연관광,자연경관(산)
연천,2025,11,2025-11,85,경기도,연천군,연천종합운동장인조구장,12,연천 2025_11.csv,문화관광,레저스포츠시설
연천,2025,11,2025-11,85,경기도,연천군,베개용암출렁다리건축중(2025년12월준공예정),12,연천 2025_11.csv,기타관광,기타관광
연천,2025,11,2025-11,85,경기도,연천군,백학낚시터,12,연천 2025_11.csv,레저스포츠,수상레저스포츠
연천,2025,11,2025-11,85,경기도,연천군,역고드름,12,연천 2025_11.csv,기타관광,기타관광
연천,2025,11,2025-11,89,경기도,연천군,학소정,11,연천 2025_11.csv,레저스포츠,육상레저스포츠
연천,2025,11,2025-11,90,경기도,연천군,포천아우라지베개용암,10,연천 2025_11.csv,기타관광,기타관광
연천,2025,11,2025-11,91,경기도,연천군,전곡근린공원,9,연천 2025_11.csv,문화관광,도시공원
연천,2025,11,2025-11,91,경기도,연천군,너나들이노리파크전곡점,9,연천 2025_11.csv,문화관광,테마공원
연천,2025,11,2025-11,91,경기도,연천군,드라마21세기스튜디오,9,연천 2025_11.csv,문화관광,기타문화관광지
연천,2025,11,2025-11,91,경기도,연천군,석장리미술관조각공원,9,연천 2025_11.csv,문화관광,도시공원
연천,2025,11,2025-11,91,경기도,연천군,옹달샘농원,9,연천 2025_11.csv,체험관광,농/산/어촌체험
연천,2025,11,2025-11,96,경기도,연천군,홍이뜰농장,8,연천 2025_11.csv,체험관광,농/산/어촌체험
연천,2025,11,2025-11,96,경기도,연천군,종자와시인 박물관,8,연천 2025_11.csv,문화관광,전시시설
연천,2025,11,2025-11,96,경기도,연천군,백의리층탐방안내소,8,연천 2025_11.csv,기타관광,기타관광
연천,2025,11,2025-11,96,경기도,연천군,창작공간니은니은,8,연천 2025_11.csv,문화관광,기타문화관광지
연천,2025,11,2025-11,96,경기도,연천군,보국사,8,연천 2025_11.csv,역사관광,종교성지
연천,2025,11,2025-11,101,경기도,연천군,임진강주상절리카약,7,연천 2025_11.csv,레저스포츠,수상레저스포츠
연천,2025,11,2025-11,101,경기도,연천군,딸기야커피야,7,연천 2025_11.csv,체험관광,농/산/어촌체험
연천,2025,11,2025-11,101,경기도,연천군,연천역급수탑,7,연천 2025_11.csv,역사관광,역사유적지
연천,2025,11,2025-11,101,경기도,연천군,연천코스모스둘레길,7,연천 2025_11.csv,기타관광,기타관광
연천,2025,11,2025-11,105,경기도,연천군,사씨사과농장,6,연천 2025_11.csv,체험관광,농/산/어촌체험
연천,2025,11,2025-11,105,경기도,연천군,차탄천주상절리길,6,연천 2025_11.csv,기타관광,기타관광
연천,2025,11,2025-11,105,경기도,연천군,아미사,6,연천 2025_11.csv,역사관광,종교성지
연천,2025,11,2025-11,105,경기도,연천군,애심목장,6,연천 2025_11.csv,체험관광,농/산/어촌체험
연천,2025,11,2025-11,105,경기도,연천군,연천로하스파크,6,연천 2025_11.csv,기타관광,기타관광
연천,2025,11,2025-11,110,경기도,연천군,망곡산둘레길,5,연천 2025_11.csv,기타관광,기타관광
연천,2025,11,2025-11,110,경기도,연천군,은대근린공원,5,연천 2025_11.csv,문화관광,도시공원
연천,2025,11,2025-11,110,경기도,연천군,조각가박시동미술관,5,연천 2025_11.csv,문화관광,전시시설
연천,2025,11,2025-11,113,경기도,연천군,기황후묘,4,연천 2025_11.csv,역사관광,역사유적지
연천,2025,11,2025-11,113,경기도,연천군,망곡산연인공원,4,연천 2025_11.csv,문화관광,도시공원
연천,2025,11,2025-11,113,경기도,연천군,연천향교,4,연천 2025_11.csv,역사관광,역사유적지
연천,2025,11,2025-11,113,경기도,연천군,호병목장,4,연천 2025_11.csv,체험관광,농/산/어촌체험
연천,2025,11,2025-11,113,경기도,연천군,박진장군묘,4,연천 2025_11.csv,역사관광,역사유적지
연천,2025,11,2025-11,113,경기도,연천군,유나네자연숲농장,4,연천 2025_11.csv,체험관광,농/산/어촌체험
연천,2025,11,2025-11,113,경기도,연천군,말턱고개약수터,4,연천 2025_11.csv,자연관광,자연경관(산)
연천,2025,11,2025-11,120,경기도,연천군,법성사,3,연천 2025_11.csv,역사관광,종교성지
연천,2025,11,2025-11,120,경기도,연천군,서연농장,3,연천 2025_11.csv,체험관광,농/산/어촌체험
연천,2025,11,2025-11,120,경기도,연천군,백학역사박물관,3,연천 2025_11.csv,문화관광,전시시설
연천,2025,11,2025-11,120,경기도,연천군,연천양원리고인돌,3,연천 2025_11.csv,역사관광,역사유적지
연천,2025,11,2025-11,120,경기도,연천군,재인팜,3,연천 2025_11.csv,체험관광,농/산/어촌체험
연천,2025,11,2025-11,120,경기도,연천군,태황사,3,연천 2025_11.csv,역사관광,종교성지
연천,2025,11,2025-11,120,경기도,연천군,청산커뮤니티아트센터,3,연천 2025_11.csv,문화관광,기타문화관광지
연천,2025,11,2025-11,120,경기도,연천군,대광골약수터,3,연천 2025_11.csv,자연관광,자연경관(산)
연천,2025,11,2025-11,120,경기도,연천군,연천군 백학면 38선마을,3,연천 2025_11.csv,역사관광,역사유적지
연천,2025,11,2025-11,120,경기도,연천군,연천고대산야구장,3,연천 2025_11.csv,문화관광,레저스포츠시설
연천,2025,11,2025-11,120,경기도,연천군,연천군 청산면 푸르내마을,3,연천 2025_11.csv,역사관광,역사유적지
연천,2025,11,2025-11,120,경기도,연천군,연천유엔군화장장시설,3,연천 2025_11.csv,기타관광,기타관광
연천,2025,11,2025-11,120,경기도,연천군,청정암,3,연천 2025_11.csv,역사관광,종교성지
연천,2025,11,2025-11,120,경기도,연천군,능혜사,3,연천 2025_11.csv,역사관광,종교성지
연천,2025,11,2025-11,120,경기도,연천군,안일농장,3,연천 2025_11.csv,체험관광,농/산/어촌체험
연천,2025,11,2025-11,120,경기도,연천군,연강갤러리,3,연천 2025_11.csv,문화관광,전시시설
연천,2025,11,2025-11,120,경기도,연천군,미타정사,3,연천 2025_11.csv,역사관광,종교성지
연천,2025,11,2025-11,120,경기도,연천군,다솔관광농원,3,연천 2025_11.csv,체험관광,농/산/어촌체험
연천,2025,11,2025-11,120,경기도,연천군,연천군게이트볼장,3,연천 2025_11.csv,레저스포츠,기타레저스포츠
연천,2025,11,2025-11,120,경기도,연천군,삼천리목장,3,연천 2025_11.csv,체험관광,농/산/어촌체험
연천,2025,12,2025-12,1,경기도,연천군,자유로CC,1623,연천 2025_12.csv,레저스포츠,육상레저스포츠
연천,2025,12,2025-12,2,경기도,연천군,재인폭포,1193,연천 2025_12.csv,자연관광,자연경관(산)
연천,2025,12,2025-12,3,경기도,연천군,한탄강베개용암출렁다리,949,연천 2025_12.csv,기타관광,기타관광
연천,2025,12,2025-12,4,경기도,연천군,대광리역,929,연천 2025_12.csv,기타관광,교통시설
연천,2025,12,2025-12,5,경기도,연천군,연천역폐역,862,연천 2025_12.csv,기타관광,교통시설
연천,2025,12,2025-12,6,경기도,연천군,연천당포성,788,연천 2025_12.csv,역사관광,역사유적지
연천,2025,12,2025-12,7,경기도,연천군,전곡선사박물관,698,연천 2025_12.csv,문화관광,전시시설
연천,2025,12,2025-12,8,경기도,연천군,전곡전통시장,651,연천 2025_12.csv,쇼핑,시장
연천,2025,12,2025-12,9,경기도,연천군,연천파크골프장,529,연천 2025_12.csv,레저스포츠,육상레저스포츠
연천,2025,12,2025-12,10,경기도,연천군,열쇠전망대,489,연천 2025_12.csv,문화관광,랜드마크관광
연천,2025,12,2025-12,11,경기도,연천군,전곡터미널,416,연천 2025_12.csv,기타관광,교통시설
연천,2025,12,2025-12,12,경기도,연천군,고대산자연휴양림,414,연천 2025_12.csv,자연관광,자연공원
연천,2025,12,2025-12,13,경기도,연천군,초성리역폐역,396,연천 2025_12.csv,기타관광,교통시설
연천,2025,12,2025-12,14,경기도,연천군,연천호로고루,373,연천 2025_12.csv,역사관광,역사유적지
연천,2025,12,2025-12,15,경기도,연천군,연천전곡리유적,325,연천 2025_12.csv,역사관광,역사유적지
연천,2025,12,2025-12,16,경기도,연천군,신탄리역,316,연천 2025_12.csv,기타관광,교통시설
연천,2025,12,2025-12,17,경기도,연천군,재인폭포파크골프장,298,연천 2025_12.csv,레저스포츠,육상레저스포츠
연천,2025,12,2025-12,18,경기도,연천군,연천고랑포구역사공원,289,연천 2025_12.csv,문화관광,전시시설
연천,2025,12,2025-12,19,경기도,연천군,은대리문화벽돌공장,267,연천 2025_12.csv,문화관광,기타문화관광지
연천,2025,12,2025-12,20,경기도,연천군,신망리역폐역,262,연천 2025_12.csv,기타관광,교통시설
연천,2025,12,2025-12,21,경기도,연천군,백학저수지,241,연천 2025_12.csv,자연관광,자연경관(하천/해양)
연천,2025,12,2025-12,22,경기도,연천군,한탄강관광지,214,연천 2025_12.csv,문화관광,복합관광시설
연천,2025,12,2025-12,23,경기도,연천군,연천경순왕릉,213,연천 2025_12.csv,역사관광,역사유적지
연천,2025,12,2025-12,24,경기도,연천군,스튜디오139,206,연천 2025_12.csv,문화관광,기타문화관광지
연천,2025,12,2025-12,25,경기도,연천군,한탄강관광지어린이캐릭터공원,200,연천 2025_12.csv,문화관광,도시공원
연천,2025,12,2025-12,26,경기도,연천군,전곡낚시터,194,연천 2025_12.csv,레저스포츠,수상레저스포츠
연천,2025,12,2025-12,27,경기도,연천군,연천군 신서면 소목개마을,186,연천 2025_12.csv,문화관광,도시/지역문화관광
연천,2025,12,2025-12,28,경기도,연천군,임진강댑싸리공원,177,연천 2025_12.csv,문화관광,도시공원
연천,2025,12,2025-12,29,경기도,연천군,연천수레울아트홀,156,연천 2025_12.csv,문화관광,공연시설
연천,2025,12,2025-12,30,경기도,연천군,임진강주상절리,155,연천 2025_12.csv,기타관광,기타관광
연천,2025,12,2025-12,31,경기도,연천군,숭의전,133,연천 2025_12.csv,역사관광,종교성지
연천,2025,12,2025-12,32,경기도,연천군,수불사,125,연천 2025_12.csv,역사관광,종교성지
연천,2025,12,2025-12,33,경기도,연천군,허브빌리지,119,연천 2025_12.csv,체험관광,농/산/어촌체험
연천,2025,12,2025-12,34,경기도,연천군,스튜디오 포시즌,116,연천 2025_12.csv,문화관광,기타문화관광지
연천,2025,12,2025-12,34,경기도,연천군,태풍전망대,116,연천 2025_12.csv,문화관광,랜드마크관광
연천,2025,12,2025-12,36,경기도,연천군,연천군청소년수련관,106,연천 2025_12.csv,레저스포츠,육상레저스포츠
연천,2025,12,2025-12,37,경기도,연천군,통일평생교육원,100,연천 2025_12.csv,체험관광,체험관광기타
연천,2025,12,2025-12,38,경기도,연천군,지오낚시터,81,연천 2025_12.csv,레저스포츠,수상레저스포츠
연천,2025,12,2025-12,39,경기도,연천군,동막골유원지,78,연천 2025_12.csv,문화관광,복합관광시설
연천,2025,12,2025-12,40,경기도,연천군,들꽃가람농장,77,연천 2025_12.csv,체험관광,농/산/어촌체험
연천,2025,12,2025-12,41,경기도,연천군,연천공영버스터미널,68,연천 2025_12.csv,기타관광,교통시설
연천,2025,12,2025-12,42,경기도,연천군,아우라지베개용암탐방안내소,63,연천 2025_12.csv,기타관광,기타관광
연천,2025,12,2025-12,43,경기도,연천군,그리팅맨,61,연천 2025_12.csv,역사관광,역사유물
연천,2025,12,2025-12,44,경기도,연천군,한탄강관광지축구장,59,연천 2025_12.csv,문화관광,레저스포츠시설
연천,2025,12,2025-12,45,경기도,연천군,상승전망대,53,연천 2025_12.csv,문화관광,랜드마크관광
연천,2025,12,2025-12,46,경기도,연천군,연천오일장,50,연천 2025_12.csv,쇼핑,시장
연천,2025,12,2025-12,47,경기도,연천군,돌둥지유원지,49,연천 2025_12.csv,문화관광,복합관광시설
연천,2025,12,2025-12,48,경기도,연천군,대화사,45,연천 2025_12.csv,역사관광,종교성지
연천,2025,12,2025-12,49,경기도,연천군,재인폭포출렁다리,41,연천 2025_12.csv,기타관광,기타관광
연천,2025,12,2025-12,50,경기도,연천군,베개용암전망대,37,연천 2025_12.csv,문화관광,랜드마크관광
연천,2025,12,2025-12,51,경기도,연천군,물바위유원지,35,연천 2025_12.csv,문화관광,복합관광시설
연천,2025,12,2025-12,52,경기도,연천군,에이펙스트랙&라이딩스쿨,32,연천 2025_12.csv,레저스포츠,기타레저스포츠
연천,2025,12,2025-12,53,경기도,연천군,좌상바위,31,연천 2025_12.csv,기타관광,기타관광
연천,2025,12,2025-12,54,경기도,연천군,모아베리교육농장,27,연천 2025_12.csv,체험관광,농/산/어촌체험
연천,2025,12,2025-12,55,경기도,연천군,원심원사,25,연천 2025_12.csv,역사관광,종교성지
연천,2025,12,2025-12,56,경기도,연천군,두루미테마파크,21,연천 2025_12.csv,기타관광,기타관광
연천,2025,12,2025-12,56,경기도,연천군,역고드름,21,연천 2025_12.csv,기타관광,기타관광
연천,2025,12,2025-12,58,경기도,연천군,종자와시인 박물관,19,연천 2025_12.csv,문화관광,전시시설
연천,2025,12,2025-12,59,경기도,연천군,동막계곡,17,연천 2025_12.csv,자연관광,자연경관(산)
연천,2025,12,2025-12,60,경기도,연천군,진상리축구장,16,연천 2025_12.csv,문화관광,레저스포츠시설
연천,2025,12,2025-12,60,경기도,연천군,고랑포구,16,연천 2025_12.csv,자연관광,자연경관(하천/해양)
연천,2025,12,2025-12,60,경기도,연천군,연천승마공원,16,연천 2025_12.csv,레저스포츠,육상레저스포츠
연천,2025,12,2025-12,63,경기도,연천군,코리아승마클럽,15,연천 2025_12.csv,레저스포츠,육상레저스포츠
연천,2025,12,2025-12,63,경기도,연천군,삼화리낚시터,15,연천 2025_12.csv,레저스포츠,수상레저스포츠
연천,2025,12,2025-12,65,경기도,연천군,연천은대리성,14,연천 2025_12.csv,역사관광,역사유적지
연천,2025,12,2025-12,66,경기도,연천군,연천학생야영장안전체험관,12,연천 2025_12.csv,체험관광,체험관광기타
연천,2025,12,2025-12,66,경기도,연천군,고인돌공원,12,연천 2025_12.csv,문화관광,도시공원
연천,2025,12,2025-12,66,경기도,연천군,고대산,12,연천 2025_12.csv,자연관광,자연경관(산)
연천,2025,12,2025-12,69,경기도,연천군,드라마21세기스튜디오,10,연천 2025_12.csv,문화관광,기타문화관광지
연천,2025,12,2025-12,70,경기도,연천군,연천역관광안내소,9,연천 2025_12.csv,기타관광,기타관광
연천,2025,12,2025-12,70,경기도,연천군,능혜사,9,연천 2025_12.csv,역사관광,종교성지
연천,2025,12,2025-12,70,경기도,연천군,한국수자원공사한탄강댐물문화관,9,연천 2025_12.csv,문화관광,전시시설
연천,2025,12,2025-12,73,경기도,연천군,열두개울계곡,8,연천 2025_12.csv,자연관광,자연경관(산)
연천,2025,12,2025-12,73,경기도,연천군,연천군 왕징면 호랑이배꼽마을,8,연천 2025_12.csv,역사관광,역사유적지
연천,2025,12,2025-12,75,경기도,연천군,연천호로고루홍보관,7,연천 2025_12.csv,문화관광,전시시설
연천,2025,12,2025-12,75,경기도,연천군,은대근린공원,7,연천 2025_12.csv,문화관광,도시공원
연천,2025,12,2025-12,75,경기도,연천군,안일농장,7,연천 2025_12.csv,체험관광,농/산/어촌체험
연천,2025,12,2025-12,78,경기도,연천군,연천양원리고인돌,6,연천 2025_12.csv,역사관광,역사유적지
연천,2025,12,2025-12,78,경기도,연천군,연천역급수탑,6,연천 2025_12.csv,역사관광,역사유적지
연천,2025,12,2025-12,78,경기도,연천군,드라마미술전시장,6,연천 2025_12.csv,기타관광,기타관광
연천,2025,12,2025-12,78,경기도,연천군,연천숭의전지,6,연천 2025_12.csv,역사관광,역사유적지
연천,2025,12,2025-12,78,경기도,연천군,포천아우라지베개용암,6,연천 2025_12.csv,기타관광,기타관광
연천,2025,12,2025-12,78,경기도,연천군,지장암,6,연천 2025_12.csv,역사관광,종교성지
연천,2025,12,2025-12,84,경기도,연천군,옥산보,5,연천 2025_12.csv,기타관광,기타관광
연천,2025,12,2025-12,85,경기도,연천군,스튜디오330,3,연천 2025_12.csv,문화관광,기타문화관광지
연천,2025,12,2025-12,85,경기도,연천군,개안마루전망대,3,연천 2025_12.csv,문화관광,랜드마크관광
연천,2025,12,2025-12,85,경기도,연천군,자방키사과농원,3,연천 2025_12.csv,체험관광,농/산/어촌체험
연천,2025,12,2025-12,85,경기도,연천군,법성사,3,연천 2025_12.csv,역사관광,종교성지
연천,2025,12,2025-12,85,경기도,연천군,너나들이노리파크전곡점,3,연천 2025_12.csv,문화관광,테마공원
연천,2025,12,2025-12,85,경기도,연천군,태황사,3,연천 2025_12.csv,역사관광,종교성지
연천,2025,12,2025-12,85,경기도,연천군,연천북방산개구리농장,3,연천 2025_12.csv,체험관광,농/산/어촌체험
연천,2025,12,2025-12,85,경기도,연천군,전곡역관광안내소,3,연천 2025_12.csv,기타관광,기타관광
연천,2025,12,2025-12,85,경기도,연천군,망곡산연인공원,3,연천 2025_12.csv,문화관광,도시공원
연천,2025,12,2025-12,85,경기도,연천군,연천학곡리고인돌,3,연천 2025_12.csv,역사관광,역사유적지
연천,2025,12,2025-12,85,경기도,연천군,아트앤스페이스,3,연천 2025_12.csv,문화관광,전시시설
연천,2025,12,2025-12,85,경기도,연천군,임진물새롬랜드,3,연천 2025_12.csv,문화관광,도시공원
연천,2025,12,2025-12,85,경기도,연천군,임진강평화습지원,3,연천 2025_12.csv,문화관광,도시공원
연천,2025,12,2025-12,85,경기도,연천군,신중사,3,연천 2025_12.csv,역사관광,종교성지
연천,2025,12,2025-12,85,경기도,연천군,한탄강역폐역,3,연천 2025_12.csv,기타관광,교통시설
연천,2025,12,2025-12,85,경기도,연천군,유나네자연숲농장,3,연천 2025_12.csv,체험관광,농/산/어촌체험
연천,2025,12,2025-12,85,경기도,연천군,임진강유원지,3,연천 2025_12.csv,문화관광,복합관광시설
연천,2025,12,2025-12,85,경기도,연천군,현정사,3,연천 2025_12.csv,역사관광,종교성지
연천,2025,12,2025-12,85,경기도,연천군,송림수목원,3,연천 2025_12.csv,문화관광,테마공원
연천,2025,12,2025-12,85,경기도,연천군,연천전곡리유적방문자센터,3,연천 2025_12.csv,기타관광,기타관광
연천,2025,12,2025-12,85,경기도,연천군,금빛농장,3,연천 2025_12.csv,체험관광,농/산/어촌체험
연천,2025,12,2025-12,85,경기도,연천군,말턱고개약수터,3,연천 2025_12.csv,자연관광,자연경관(산)
연천,2025,12,2025-12,85,경기도,연천군,연천로하스파크,3,연천 2025_12.csv,기타관광,기타관광
연천,2025,12,2025-12,85,경기도,연천군,자연그림터꽃나루,3,연천 2025_12.csv,문화관광,전시시설
