지역,연도,월,연월,순위,광역시/도,시/군/구,관광지명,검색건수,원본파일,중분류 카테고리,소분류 카테고리
의정부,2023,1,2023-01,1,경기도,의정부시,신세계백화점의정부점,22806,의정부 2023_01.csv,쇼핑,백화점
의정부,2023,1,2023-01,2,경기도,의정부시,의정부제일시장,8477,의정부 2023_01.csv,쇼핑,시장
의정부,2023,1,2023-01,3,경기도,의정부시,의정부버스터미널,4574,의정부 2023_01.csv,기타관광,교통시설
의정부,2023,1,2023-01,4,경기도,의정부시,롯데시네마의정부민락,3503,의정부 2023_01.csv,문화관광,공연시설
의정부,2023,1,2023-01,5,경기도,의정부시,메가박스의정부민락,2418,의정부 2023_01.csv,문화관광,공연시설
의정부,2023,1,2023-01,6,경기도,의정부시,의정부실내빙상장,2395,의정부 2023_01.csv,레저스포츠,육상레저스포츠
의정부,2023,1,2023-01,7,경기도,의정부시,CGV의정부태흥,1987,의정부 2023_01.csv,문화관광,공연시설
의정부,2023,1,2023-01,8,경기도,의정부시,의정부예술의전당,1975,의정부 2023_01.csv,문화관광,공연시설
의정부,2023,1,2023-01,9,경기도,의정부시,CGV의정부,1636,의정부 2023_01.csv,문화관광,공연시설
의정부,2023,1,2023-01,10,경기도,의정부시,고고다이노키즈카페민락점,974,의정부 2023_01.csv,문화관광,테마공원
의정부,2023,1,2023-01,11,경기도,의정부시,와글아이의정부점,861,의정부 2023_01.csv,문화관광,테마공원
의정부,2023,1,2023-01,12,경기도,의정부시,신곡실내배드민턴장,701,의정부 2023_01.csv,레저스포츠,기타레저스포츠
의정부,2023,1,2023-01,13,경기도,의정부시,낙양물사랑공원,673,의정부 2023_01.csv,문화관광,도시공원
의정부,2023,1,2023-01,14,경기도,의정부시,의정부시청소년수련관,665,의정부 2023_01.csv,레저스포츠,육상레저스포츠
의정부,2023,1,2023-01,15,경기도,의정부시,태영프라자,590,의정부 2023_01.csv,쇼핑,쇼핑몰
의정부,2023,1,2023-01,16,경기도,의정부시,렛츠런CCC의정부지점,507,의정부 2023_01.csv,레저스포츠,육상레저스포츠
의정부,2023,1,2023-01,17,경기도,의정부시,송산배수지체육시설,503,의정부 2023_01.csv,문화관광,도시공원
의정부,2023,1,2023-01,18,경기도,의정부시,직동근린공원,456,의정부 2023_01.csv,문화관광,도시공원
의정부,2023,1,2023-01,19,경기도,의정부시,점프스카이민락점,376,의정부 2023_01.csv,문화관광,테마공원
의정부,2023,1,2023-01,20,경기도,의정부시,히어로키즈파크의정부지점,331,의정부 2023_01.csv,문화관광,테마공원
의정부,2023,1,2023-01,21,경기도,의정부시,루나루즈키즈카페,285,의정부 2023_01.csv,문화관광,테마공원
의정부,2023,1,2023-01,22,경기도,의정부시,고고롤러스케이트장,246,의정부 2023_01.csv,레저스포츠,육상레저스포츠
의정부,2023,1,2023-01,23,경기도,의정부시,의정부가구거리,211,의정부 2023_01.csv,쇼핑,기타쇼핑시설
의정부,2023,1,2023-01,24,경기도,의정부시,타요키즈카페의정부민락점,206,의정부 2023_01.csv,문화관광,테마공원
의정부,2023,1,2023-01,25,경기도,의정부시,헬로방방민락점,196,의정부 2023_01.csv,문화관광,테마공원
의정부,2023,1,2023-01,26,경기도,의정부시,석림사,190,의정부 2023_01.csv,역사관광,종교성지
의정부,2023,1,2023-01,27,경기도,의정부시,서울승마클럽,186,의정부 2023_01.csv,레저스포츠,육상레저스포츠
의정부,2023,1,2023-01,28,경기도,의정부시,활기체육공원,179,의정부 2023_01.csv,문화관광,도시공원
의정부,2023,1,2023-01,29,경기도,의정부시,어울놀이패밀리카페,176,의정부 2023_01.csv,문화관광,테마공원
의정부,2023,1,2023-01,30,경기도,의정부시,회룡사,171,의정부 2023_01.csv,역사관광,종교성지
의정부,2023,1,2023-01,31,경기도,의정부시,자일낚시터,152,의정부 2023_01.csv,레저스포츠,수상레저스포츠
의정부,2023,1,2023-01,32,경기도,의정부시,서영빌딩서관,139,의정부 2023_01.csv,문화관광,기타문화관광지
의정부,2023,1,2023-01,33,경기도,의정부시,호암사,124,의정부 2023_01.csv,역사관광,종교성지
의정부,2023,1,2023-01,34,경기도,의정부시,천보탁구장,123,의정부 2023_01.csv,레저스포츠,기타레저스포츠
의정부,2023,1,2023-01,35,경기도,의정부시,송산사지근린공원,122,의정부 2023_01.csv,문화관광,도시공원
의정부,2023,1,2023-01,36,경기도,의정부시,의정부청과야채시장,117,의정부 2023_01.csv,쇼핑,시장
의정부,2023,1,2023-01,37,경기도,의정부시,경륜경정의정부지점,111,의정부 2023_01.csv,레저스포츠,육상레저스포츠
의정부,2023,1,2023-01,38,경기도,의정부시,역전근린공원,105,의정부 2023_01.csv,문화관광,도시공원
의정부,2023,1,2023-01,39,경기도,의정부시,알쏭달쏭키즈드로잉,103,의정부 2023_01.csv,문화관광,테마공원
의정부,2023,1,2023-01,40,경기도,의정부시,큐리키즈카페의정부점,100,의정부 2023_01.csv,문화관광,테마공원
의정부,2023,1,2023-01,41,경기도,의정부시,곤제구장,89,의정부 2023_01.csv,문화관광,레저스포츠시설
의정부,2023,1,2023-01,42,경기도,의정부시,하랑키즈카페,87,의정부 2023_01.csv,문화관광,테마공원
의정부,2023,1,2023-01,43,경기도,의정부시,허니비풋살파크,84,의정부 2023_01.csv,문화관광,레저스포츠시설
의정부,2023,1,2023-01,44,경기도,의정부시,원각사,83,의정부 2023_01.csv,역사관광,종교성지
의정부,2023,1,2023-01,45,경기도,의정부시,직동축구장,77,의정부 2023_01.csv,문화관광,레저스포츠시설
의정부,2023,1,2023-01,46,경기도,의정부시,망월사,76,의정부 2023_01.csv,역사관광,종교성지
의정부,2023,1,2023-01,47,경기도,의정부시,어수정어린이공원,75,의정부 2023_01.csv,문화관광,도시공원
의정부,2023,1,2023-01,48,경기도,의정부시,상금오어린이공원,61,의정부 2023_01.csv,문화관광,도시공원
의정부,2023,1,2023-01,48,경기도,의정부시,윤한미탁구클럽,61,의정부 2023_01.csv,레저스포츠,기타레저스포츠
의정부,2023,1,2023-01,50,경기도,의정부시,의정부버스공용차고지,56,의정부 2023_01.csv,기타관광,교통시설
의정부,2023,1,2023-01,51,경기도,의정부시,태조이성계상,53,의정부 2023_01.csv,기타관광,기타관광
의정부,2023,1,2023-01,52,경기도,의정부시,마린앤키즈,52,의정부 2023_01.csv,문화관광,테마공원
의정부,2023,1,2023-01,53,경기도,의정부시,곤제근린공원,49,의정부 2023_01.csv,문화관광,도시공원
의정부,2023,1,2023-01,53,경기도,의정부시,김민성탁구클럽,49,의정부 2023_01.csv,레저스포츠,기타레저스포츠
의정부,2023,1,2023-01,53,경기도,의정부시,백영수미술관,49,의정부 2023_01.csv,문화관광,전시시설
의정부,2023,1,2023-01,56,경기도,의정부시,북한산국립공원회룡탐방지원센터,48,의정부 2023_01.csv,기타관광,기타관광
의정부,2023,1,2023-01,57,경기도,의정부시,안골유원지,45,의정부 2023_01.csv,문화관광,복합관광시설
의정부,2023,1,2023-01,58,경기도,의정부시,녹양야구장,44,의정부 2023_01.csv,문화관광,레저스포츠시설
의정부,2023,1,2023-01,59,경기도,의정부시,김병지축구클럽의정부롯데마트점,43,의정부 2023_01.csv,레저스포츠,기타레저스포츠
의정부,2023,1,2023-01,60,경기도,의정부시,사패산안골통제소방면,42,의정부 2023_01.csv,자연관광,자연경관(산)
의정부,2023,1,2023-01,60,경기도,의정부시,롤프렌롤러장,42,의정부 2023_01.csv,레저스포츠,육상레저스포츠
의정부,2023,1,2023-01,62,경기도,의정부시,리틀베이비카페,40,의정부 2023_01.csv,문화관광,테마공원
의정부,2023,1,2023-01,62,경기도,의정부시,쌍암사,40,의정부 2023_01.csv,역사관광,종교성지
의정부,2023,1,2023-01,62,경기도,의정부시,스트라이크존의정부민락구장,40,의정부 2023_01.csv,레저스포츠,기타레저스포츠
의정부,2023,1,2023-01,65,경기도,의정부시,몽슈슈베이비카페,37,의정부 2023_01.csv,문화관광,테마공원
의정부,2023,1,2023-01,65,경기도,의정부시,장수원배드민턴클럽,37,의정부 2023_01.csv,레저스포츠,기타레저스포츠
의정부,2023,1,2023-01,67,경기도,의정부시,스카이짐유소년스포츠클럽녹양점,36,의정부 2023_01.csv,레저스포츠,기타레저스포츠
의정부,2023,1,2023-01,68,경기도,의정부시,김미미도예공방,35,의정부 2023_01.csv,체험관광,공예체험
의정부,2023,1,2023-01,69,경기도,의정부시,안골계곡,34,의정부 2023_01.csv,자연관광,자연경관(산)
의정부,2023,1,2023-01,69,경기도,의정부시,벌말어린이공원,34,의정부 2023_01.csv,문화관광,도시공원
의정부,2023,1,2023-01,69,경기도,의정부시,우리소극장,34,의정부 2023_01.csv,문화관광,공연시설
의정부,2023,1,2023-01,72,경기도,의정부시,신숙주선생묘,32,의정부 2023_01.csv,역사관광,역사유적지
의정부,2023,1,2023-01,72,경기도,의정부시,현충탑,32,의정부 2023_01.csv,역사관광,역사유물
의정부,2023,1,2023-01,72,경기도,의정부시,의정부천문대,32,의정부 2023_01.csv,레저스포츠,기타레저스포츠
의정부,2023,1,2023-01,75,경기도,의정부시,대원사,29,의정부 2023_01.csv,역사관광,종교성지
의정부,2023,1,2023-01,76,경기도,의정부시,슈퍼키즈스카이방방의정부민락점,28,의정부 2023_01.csv,문화관광,테마공원
의정부,2023,1,2023-01,77,경기도,의정부시,토끼어린이공원,27,의정부 2023_01.csv,문화관광,도시공원
의정부,2023,1,2023-01,78,경기도,의정부시,미래주니어축구클럽,26,의정부 2023_01.csv,레저스포츠,기타레저스포츠
의정부,2023,1,2023-01,79,경기도,의정부시,의정부시장,25,의정부 2023_01.csv,쇼핑,시장
의정부,2023,1,2023-01,79,경기도,의정부시,푸른마당근린공원,25,의정부 2023_01.csv,문화관광,도시공원
의정부,2023,1,2023-01,81,경기도,의정부시,정화사,23,의정부 2023_01.csv,역사관광,종교성지
의정부,2023,1,2023-01,82,경기도,의정부시,버들개야구장,21,의정부 2023_01.csv,문화관광,레저스포츠시설
의정부,2023,1,2023-01,83,경기도,의정부시,관음사,20,의정부 2023_01.csv,역사관광,종교성지
의정부,2023,1,2023-01,83,경기도,의정부시,홍연경민현대미술관,20,의정부 2023_01.csv,문화관광,전시시설
의정부,2023,1,2023-01,85,경기도,의정부시,중앙문화공원,19,의정부 2023_01.csv,문화관광,도시공원
의정부,2023,1,2023-01,85,경기도,의정부시,무량사,19,의정부 2023_01.csv,역사관광,종교성지
의정부,2023,1,2023-01,85,경기도,의정부시,의정부아트캠프,19,의정부 2023_01.csv,문화관광,기타문화관광지
의정부,2023,1,2023-01,88,경기도,의정부시,희망어린이공원,16,의정부 2023_01.csv,문화관광,도시공원
의정부,2023,1,2023-01,88,경기도,의정부시,미륵암,16,의정부 2023_01.csv,역사관광,종교성지
의정부,2023,1,2023-01,88,경기도,의정부시,신곡탁구클럽,16,의정부 2023_01.csv,레저스포츠,기타레저스포츠
의정부,2023,1,2023-01,88,경기도,의정부시,킹클라이밍,16,의정부 2023_01.csv,레저스포츠,기타레저스포츠
의정부,2023,1,2023-01,88,경기도,의정부시,리드민리듬체조민락본점,16,의정부 2023_01.csv,레저스포츠,기타레저스포츠
의정부,2023,1,2023-01,93,경기도,의정부시,꽃동네어린이공원,15,의정부 2023_01.csv,문화관광,도시공원
의정부,2023,1,2023-01,93,경기도,의정부시,성불사,15,의정부 2023_01.csv,역사관광,종교성지
의정부,2023,1,2023-01,93,경기도,의정부시,추동배드민턴장,15,의정부 2023_01.csv,레저스포츠,기타레저스포츠
의정부,2023,1,2023-01,93,경기도,의정부시,정수선원,15,의정부 2023_01.csv,역사관광,종교성지
의정부,2023,1,2023-01,97,경기도,의정부시,백합어린이공원,14,의정부 2023_01.csv,문화관광,도시공원
의정부,2023,1,2023-01,98,경기도,의정부시,문예어린이공원,13,의정부 2023_01.csv,문화관광,도시공원
의정부,2023,1,2023-01,99,경기도,의정부시,승지원트레이닝센터,12,의정부 2023_01.csv,레저스포츠,기타레저스포츠
의정부,2023,1,2023-01,100,경기도,의정부시,용현사,11,의정부 2023_01.csv,역사관광,종교성지
의정부,2023,1,2023-01,101,경기도,의정부시,장미어린이공원,10,의정부 2023_01.csv,문화관광,도시공원
의정부,2023,1,2023-01,102,경기도,의정부시,색동어린이공원,9,의정부 2023_01.csv,문화관광,도시공원
의정부,2023,1,2023-01,102,경기도,의정부시,용현정,9,의정부 2023_01.csv,레저스포츠,육상레저스포츠
의정부,2023,1,2023-01,102,경기도,의정부시,영산법화사,9,의정부 2023_01.csv,역사관광,종교성지
의정부,2023,1,2023-01,102,경기도,의정부시,학송사,9,의정부 2023_01.csv,역사관광,종교성지
의정부,2023,1,2023-01,106,경기도,의정부시,봉화정사,7,의정부 2023_01.csv,역사관광,종교성지
의정부,2023,1,2023-01,106,경기도,의정부시,약수배드민턴클럽,7,의정부 2023_01.csv,레저스포츠,기타레저스포츠
의정부,2023,1,2023-01,106,경기도,의정부시,정문부장군묘,7,의정부 2023_01.csv,역사관광,역사유적지
의정부,2023,1,2023-01,106,경기도,의정부시,의정부포교원,7,의정부 2023_01.csv,역사관광,종교성지
의정부,2023,1,2023-01,110,경기도,의정부시,미가사,6,의정부 2023_01.csv,역사관광,종교성지
의정부,2023,1,2023-01,110,경기도,의정부시,바나다번지&핏,6,의정부 2023_01.csv,레저스포츠,기타레저스포츠
의정부,2023,1,2023-01,110,경기도,의정부시,메이드라인,6,의정부 2023_01.csv,레저스포츠,기타레저스포츠
의정부,2023,1,2023-01,110,경기도,의정부시,캠프라과디아체육공원,6,의정부 2023_01.csv,문화관광,도시공원
의정부,2023,1,2023-01,110,경기도,의정부시,고산MMA주짓수종합격투기,6,의정부 2023_01.csv,레저스포츠,기타레저스포츠
의정부,2023,1,2023-01,110,경기도,의정부시,중앙어린이공원,6,의정부 2023_01.csv,문화관광,도시공원
의정부,2023,1,2023-01,110,경기도,의정부시,원효사,6,의정부 2023_01.csv,역사관광,종교성지
의정부,2023,1,2023-01,110,경기도,의정부시,무지랭이약수터,6,의정부 2023_01.csv,자연관광,자연경관(산)
의정부,2023,1,2023-01,110,경기도,의정부시,잎새어린이공원,6,의정부 2023_01.csv,문화관광,도시공원
의정부,2023,1,2023-01,119,경기도,의정부시,영화사,5,의정부 2023_01.csv,역사관광,종교성지
의정부,2023,1,2023-01,119,경기도,의정부시,로데오거리상점가,5,의정부 2023_01.csv,쇼핑,시장
의정부,2023,1,2023-01,119,경기도,의정부시,천보사,5,의정부 2023_01.csv,역사관광,종교성지
의정부,2023,1,2023-01,122,경기도,의정부시,직동수련원,4,의정부 2023_01.csv,레저스포츠,육상레저스포츠
의정부,2023,1,2023-01,122,경기도,의정부시,의정부약수선원목조보살입상,4,의정부 2023_01.csv,역사관광,역사유적지
의정부,2023,1,2023-01,122,경기도,의정부시,노강서원,4,의정부 2023_01.csv,역사관광,역사유적지
의정부,2023,1,2023-01,122,경기도,의정부시,동심어린이공원,4,의정부 2023_01.csv,문화관광,도시공원
의정부,2023,1,2023-01,122,경기도,의정부시,신원배드민턴클럽,4,의정부 2023_01.csv,레저스포츠,기타레저스포츠
의정부,2023,1,2023-01,122,경기도,의정부시,마스터탁구클럽,4,의정부 2023_01.csv,레저스포츠,기타레저스포츠
의정부,2023,1,2023-01,122,경기도,의정부시,유니크발레,4,의정부 2023_01.csv,레저스포츠,기타레저스포츠
의정부,2023,1,2023-01,129,경기도,의정부시,달마사,3,의정부 2023_01.csv,역사관광,종교성지
의정부,2023,1,2023-01,129,경기도,의정부시,청년창작공간작당,3,의정부 2023_01.csv,문화관광,기타문화관광지
의정부,2023,1,2023-01,129,경기도,의정부시,의정부축구센터U12,3,의정부 2023_01.csv,레저스포츠,기타레저스포츠
의정부,2023,1,2023-01,129,경기도,의정부시,홍짐,3,의정부 2023_01.csv,레저스포츠,기타레저스포츠
의정부,2023,1,2023-01,129,경기도,의정부시,장암파크골프장,3,의정부 2023_01.csv,레저스포츠,육상레저스포츠
의정부,2023,1,2023-01,129,경기도,의정부시,쥬드베베 베이비카페,3,의정부 2023_01.csv,문화관광,테마공원
의정부,2023,1,2023-01,129,경기도,의정부시,한국산악회등산학교,3,의정부 2023_01.csv,레저스포츠,기타레저스포츠
의정부,2023,1,2023-01,129,경기도,의정부시,사패산,3,의정부 2023_01.csv,자연관광,자연경관(산)
의정부,2023,1,2023-01,129,경기도,의정부시,무지개어린이공원,3,의정부 2023_01.csv,문화관광,도시공원
의정부,2023,1,2023-01,129,경기도,의정부시,공고개어린이공원,3,의정부 2023_01.csv,문화관광,도시공원
의정부,2023,1,2023-01,129,경기도,의정부시,범골어린이공원,3,의정부 2023_01.csv,문화관광,도시공원
의정부,2023,1,2023-01,129,경기도,의정부시,선행어린이공원,3,의정부 2023_01.csv,문화관광,도시공원
의정부,2023,1,2023-01,129,경기도,의정부시,백석천근린공원,3,의정부 2023_01.csv,문화관광,도시공원
의정부,2023,1,2023-01,129,경기도,의정부시,장암발곡근린공원,3,의정부 2023_01.csv,문화관광,도시공원
의정부,2023,1,2023-01,129,경기도,의정부시,다리목근린공원,3,의정부 2023_01.csv,문화관광,도시공원
의정부,2023,1,2023-01,129,경기도,의정부시,쌍용사,3,의정부 2023_01.csv,역사관광,종교성지
의정부,2023,1,2023-01,129,경기도,의정부시,수락사,3,의정부 2023_01.csv,역사관광,종교성지
의정부,2023,1,2023-01,129,경기도,의정부시,자비정사,3,의정부 2023_01.csv,역사관광,종교성지
의정부,2023,1,2023-01,129,경기도,의정부시,대각사,3,의정부 2023_01.csv,역사관광,종교성지
의정부,2023,1,2023-01,129,경기도,의정부시,뛰노리방방,3,의정부 2023_01.csv,문화관광,테마공원
의정부,2023,1,2023-01,129,경기도,의정부시,농가축산물도매센터,3,의정부 2023_01.csv,쇼핑,시장
의정부,2023,1,2023-01,129,경기도,의정부시,회룡사5층석탑,3,의정부 2023_01.csv,역사관광,역사유물
의정부,2023,1,2023-01,129,경기도,의정부시,덕수사,3,의정부 2023_01.csv,역사관광,종교성지
의정부,2023,1,2023-01,129,경기도,의정부시,원심사,3,의정부 2023_01.csv,역사관광,종교성지
의정부,2023,1,2023-01,129,경기도,의정부시,스트라이크존의정부구장,3,의정부 2023_01.csv,레저스포츠,기타레저스포츠
의정부,2023,1,2023-01,129,경기도,의정부시,의정부시리틀야구장,3,의정부 2023_01.csv,문화관광,레저스포츠시설
의정부,2023,1,2023-01,129,경기도,의정부시,추동웰빙공원,3,의정부 2023_01.csv,문화관광,도시공원
의정부,2023,1,2023-01,129,경기도,의정부시,귀락문화공원,3,의정부 2023_01.csv,문화관광,도시공원
의정부,2023,1,2023-01,129,경기도,의정부시,와우민턴샵,3,의정부 2023_01.csv,레저스포츠,기타레저스포츠
의정부,2023,2,2023-02,1,경기도,의정부시,신세계백화점의정부점,21270,의정부 2023_02.csv,쇼핑,백화점
의정부,2023,2,2023-02,2,경기도,의정부시,의정부제일시장,7481,의정부 2023_02.csv,쇼핑,시장
의정부,2023,2,2023-02,3,경기도,의정부시,의정부버스터미널,3877,의정부 2023_02.csv,기타관광,교통시설
의정부,2023,2,2023-02,4,경기도,의정부시,의정부실내빙상장,2168,의정부 2023_02.csv,레저스포츠,육상레저스포츠
의정부,2023,2,2023-02,5,경기도,의정부시,롯데시네마의정부민락,2164,의정부 2023_02.csv,문화관광,공연시설
의정부,2023,2,2023-02,6,경기도,의정부시,메가박스의정부민락,2068,의정부 2023_02.csv,문화관광,공연시설
의정부,2023,2,2023-02,7,경기도,의정부시,의정부예술의전당,1943,의정부 2023_02.csv,문화관광,공연시설
의정부,2023,2,2023-02,8,경기도,의정부시,CGV의정부태흥,1469,의정부 2023_02.csv,문화관광,공연시설
의정부,2023,2,2023-02,9,경기도,의정부시,와글아이의정부점,824,의정부 2023_02.csv,문화관광,테마공원
의정부,2023,2,2023-02,10,경기도,의정부시,고고다이노키즈카페민락점,755,의정부 2023_02.csv,문화관광,테마공원
의정부,2023,2,2023-02,11,경기도,의정부시,낙양물사랑공원,747,의정부 2023_02.csv,문화관광,도시공원
의정부,2023,2,2023-02,12,경기도,의정부시,CGV의정부,716,의정부 2023_02.csv,문화관광,공연시설
의정부,2023,2,2023-02,13,경기도,의정부시,신곡실내배드민턴장,701,의정부 2023_02.csv,레저스포츠,기타레저스포츠
의정부,2023,2,2023-02,14,경기도,의정부시,의정부시청소년수련관,692,의정부 2023_02.csv,레저스포츠,육상레저스포츠
의정부,2023,2,2023-02,15,경기도,의정부시,직동근린공원,604,의정부 2023_02.csv,문화관광,도시공원
의정부,2023,2,2023-02,16,경기도,의정부시,렛츠런CCC의정부지점,589,의정부 2023_02.csv,레저스포츠,육상레저스포츠
의정부,2023,2,2023-02,17,경기도,의정부시,송산배수지체육시설,570,의정부 2023_02.csv,문화관광,도시공원
의정부,2023,2,2023-02,18,경기도,의정부시,태영프라자,556,의정부 2023_02.csv,쇼핑,쇼핑몰
의정부,2023,2,2023-02,19,경기도,의정부시,점프스카이민락점,404,의정부 2023_02.csv,문화관광,테마공원
의정부,2023,2,2023-02,20,경기도,의정부시,히어로키즈파크의정부지점,302,의정부 2023_02.csv,문화관광,테마공원
의정부,2023,2,2023-02,21,경기도,의정부시,석림사,280,의정부 2023_02.csv,역사관광,종교성지
의정부,2023,2,2023-02,22,경기도,의정부시,루나루즈키즈카페,279,의정부 2023_02.csv,문화관광,테마공원
의정부,2023,2,2023-02,23,경기도,의정부시,서울승마클럽,270,의정부 2023_02.csv,레저스포츠,육상레저스포츠
의정부,2023,2,2023-02,24,경기도,의정부시,의정부버스공용차고지,243,의정부 2023_02.csv,기타관광,교통시설
의정부,2023,2,2023-02,25,경기도,의정부시,고고롤러스케이트장,215,의정부 2023_02.csv,레저스포츠,육상레저스포츠
의정부,2023,2,2023-02,26,경기도,의정부시,타요키즈카페의정부민락점,192,의정부 2023_02.csv,문화관광,테마공원
의정부,2023,2,2023-02,27,경기도,의정부시,헬로방방민락점,191,의정부 2023_02.csv,문화관광,테마공원
의정부,2023,2,2023-02,28,경기도,의정부시,의정부가구거리,189,의정부 2023_02.csv,쇼핑,기타쇼핑시설
의정부,2023,2,2023-02,29,경기도,의정부시,활기체육공원,187,의정부 2023_02.csv,문화관광,도시공원
의정부,2023,2,2023-02,30,경기도,의정부시,회룡사,161,의정부 2023_02.csv,역사관광,종교성지
의정부,2023,2,2023-02,31,경기도,의정부시,녹양야구장,158,의정부 2023_02.csv,문화관광,레저스포츠시설
의정부,2023,2,2023-02,31,경기도,의정부시,천보탁구장,158,의정부 2023_02.csv,레저스포츠,기타레저스포츠
의정부,2023,2,2023-02,33,경기도,의정부시,자일낚시터,151,의정부 2023_02.csv,레저스포츠,수상레저스포츠
의정부,2023,2,2023-02,34,경기도,의정부시,직동축구장,142,의정부 2023_02.csv,문화관광,레저스포츠시설
의정부,2023,2,2023-02,35,경기도,의정부시,망월사,132,의정부 2023_02.csv,역사관광,종교성지
의정부,2023,2,2023-02,36,경기도,의정부시,큐리키즈카페의정부점,129,의정부 2023_02.csv,문화관광,테마공원
의정부,2023,2,2023-02,36,경기도,의정부시,송산사지근린공원,129,의정부 2023_02.csv,문화관광,도시공원
의정부,2023,2,2023-02,38,경기도,의정부시,의정부청과야채시장,124,의정부 2023_02.csv,쇼핑,시장
의정부,2023,2,2023-02,39,경기도,의정부시,곤제구장,116,의정부 2023_02.csv,문화관광,레저스포츠시설
의정부,2023,2,2023-02,40,경기도,의정부시,어울놀이패밀리카페,115,의정부 2023_02.csv,문화관광,테마공원
의정부,2023,2,2023-02,41,경기도,의정부시,김민성탁구클럽,113,의정부 2023_02.csv,레저스포츠,기타레저스포츠
의정부,2023,2,2023-02,42,경기도,의정부시,허니비풋살파크,110,의정부 2023_02.csv,문화관광,레저스포츠시설
의정부,2023,2,2023-02,43,경기도,의정부시,서영빌딩서관,108,의정부 2023_02.csv,문화관광,기타문화관광지
의정부,2023,2,2023-02,44,경기도,의정부시,알쏭달쏭키즈드로잉,106,의정부 2023_02.csv,문화관광,테마공원
의정부,2023,2,2023-02,45,경기도,의정부시,경륜경정의정부지점,97,의정부 2023_02.csv,레저스포츠,육상레저스포츠
의정부,2023,2,2023-02,46,경기도,의정부시,의정부천문대,95,의정부 2023_02.csv,레저스포츠,기타레저스포츠
의정부,2023,2,2023-02,47,경기도,의정부시,하랑키즈카페,94,의정부 2023_02.csv,문화관광,테마공원
의정부,2023,2,2023-02,48,경기도,의정부시,역전근린공원,88,의정부 2023_02.csv,문화관광,도시공원
의정부,2023,2,2023-02,49,경기도,의정부시,어수정어린이공원,80,의정부 2023_02.csv,문화관광,도시공원
의정부,2023,2,2023-02,50,경기도,의정부시,안골유원지,76,의정부 2023_02.csv,문화관광,복합관광시설
의정부,2023,2,2023-02,51,경기도,의정부시,상금오어린이공원,66,의정부 2023_02.csv,문화관광,도시공원
의정부,2023,2,2023-02,51,경기도,의정부시,마린앤키즈,66,의정부 2023_02.csv,문화관광,테마공원
의정부,2023,2,2023-02,53,경기도,의정부시,우리소극장,65,의정부 2023_02.csv,문화관광,공연시설
의정부,2023,2,2023-02,54,경기도,의정부시,태조이성계상,61,의정부 2023_02.csv,기타관광,기타관광
의정부,2023,2,2023-02,55,경기도,의정부시,백영수미술관,59,의정부 2023_02.csv,문화관광,전시시설
의정부,2023,2,2023-02,56,경기도,의정부시,쌍암사,58,의정부 2023_02.csv,역사관광,종교성지
의정부,2023,2,2023-02,57,경기도,의정부시,북한산국립공원회룡탐방지원센터,57,의정부 2023_02.csv,기타관광,기타관광
의정부,2023,2,2023-02,58,경기도,의정부시,호암사,55,의정부 2023_02.csv,역사관광,종교성지
의정부,2023,2,2023-02,59,경기도,의정부시,원각사,51,의정부 2023_02.csv,역사관광,종교성지
의정부,2023,2,2023-02,60,경기도,의정부시,버들개야구장,50,의정부 2023_02.csv,문화관광,레저스포츠시설
의정부,2023,2,2023-02,61,경기도,의정부시,스트라이크존의정부민락구장,49,의정부 2023_02.csv,레저스포츠,기타레저스포츠
의정부,2023,2,2023-02,62,경기도,의정부시,슈퍼키즈스카이방방의정부민락점,48,의정부 2023_02.csv,문화관광,테마공원
의정부,2023,2,2023-02,63,경기도,의정부시,곤제근린공원,47,의정부 2023_02.csv,문화관광,도시공원
의정부,2023,2,2023-02,64,경기도,의정부시,김미미도예공방,46,의정부 2023_02.csv,체험관광,공예체험
의정부,2023,2,2023-02,65,경기도,의정부시,윤한미탁구클럽,45,의정부 2023_02.csv,레저스포츠,기타레저스포츠
의정부,2023,2,2023-02,66,경기도,의정부시,리틀베이비카페,43,의정부 2023_02.csv,문화관광,테마공원
의정부,2023,2,2023-02,67,경기도,의정부시,김병지축구클럽의정부롯데마트점,41,의정부 2023_02.csv,레저스포츠,기타레저스포츠
의정부,2023,2,2023-02,68,경기도,의정부시,의정부시장,40,의정부 2023_02.csv,쇼핑,시장
의정부,2023,2,2023-02,69,경기도,의정부시,푸른마당근린공원,39,의정부 2023_02.csv,문화관광,도시공원
의정부,2023,2,2023-02,70,경기도,의정부시,벌말어린이공원,37,의정부 2023_02.csv,문화관광,도시공원
의정부,2023,2,2023-02,70,경기도,의정부시,롤프렌롤러장,37,의정부 2023_02.csv,레저스포츠,육상레저스포츠
의정부,2023,2,2023-02,72,경기도,의정부시,사패산,34,의정부 2023_02.csv,자연관광,자연경관(산)
의정부,2023,2,2023-02,73,경기도,의정부시,몽슈슈베이비카페,33,의정부 2023_02.csv,문화관광,테마공원
의정부,2023,2,2023-02,74,경기도,의정부시,장수원배드민턴클럽,32,의정부 2023_02.csv,레저스포츠,기타레저스포츠
의정부,2023,2,2023-02,74,경기도,의정부시,사패산안골통제소방면,32,의정부 2023_02.csv,자연관광,자연경관(산)
의정부,2023,2,2023-02,76,경기도,의정부시,토끼어린이공원,31,의정부 2023_02.csv,문화관광,도시공원
의정부,2023,2,2023-02,77,경기도,의정부시,희망어린이공원,30,의정부 2023_02.csv,문화관광,도시공원
의정부,2023,2,2023-02,78,경기도,의정부시,의정부시리틀야구장,27,의정부 2023_02.csv,문화관광,레저스포츠시설
의정부,2023,2,2023-02,79,경기도,의정부시,캠프라과디아체육공원,26,의정부 2023_02.csv,문화관광,도시공원
의정부,2023,2,2023-02,80,경기도,의정부시,장암파크골프장,24,의정부 2023_02.csv,레저스포츠,육상레저스포츠
의정부,2023,2,2023-02,80,경기도,의정부시,의정부아트캠프,24,의정부 2023_02.csv,문화관광,기타문화관광지
의정부,2023,2,2023-02,82,경기도,의정부시,신숙주선생묘,22,의정부 2023_02.csv,역사관광,역사유적지
의정부,2023,2,2023-02,82,경기도,의정부시,안골계곡,22,의정부 2023_02.csv,자연관광,자연경관(산)
의정부,2023,2,2023-02,84,경기도,의정부시,스카이짐유소년스포츠클럽녹양점,21,의정부 2023_02.csv,레저스포츠,기타레저스포츠
의정부,2023,2,2023-02,85,경기도,의정부시,현충탑,19,의정부 2023_02.csv,역사관광,역사유물
의정부,2023,2,2023-02,86,경기도,의정부시,성불사,16,의정부 2023_02.csv,역사관광,종교성지
의정부,2023,2,2023-02,86,경기도,의정부시,미래주니어축구클럽,16,의정부 2023_02.csv,레저스포츠,기타레저스포츠
의정부,2023,2,2023-02,88,경기도,의정부시,꽃동네어린이공원,15,의정부 2023_02.csv,문화관광,도시공원
의정부,2023,2,2023-02,89,경기도,의정부시,로데오거리상점가,14,의정부 2023_02.csv,쇼핑,시장
의정부,2023,2,2023-02,89,경기도,의정부시,추동배드민턴장,14,의정부 2023_02.csv,레저스포츠,기타레저스포츠
의정부,2023,2,2023-02,91,경기도,의정부시,소망어린이공원,13,의정부 2023_02.csv,문화관광,도시공원
의정부,2023,2,2023-02,91,경기도,의정부시,장암발곡근린공원,13,의정부 2023_02.csv,문화관광,도시공원
의정부,2023,2,2023-02,91,경기도,의정부시,의정부포교원,13,의정부 2023_02.csv,역사관광,종교성지
의정부,2023,2,2023-02,94,경기도,의정부시,봉화정사,12,의정부 2023_02.csv,역사관광,종교성지
의정부,2023,2,2023-02,94,경기도,의정부시,꿈그림공장,12,의정부 2023_02.csv,체험관광,공예체험
의정부,2023,2,2023-02,94,경기도,의정부시,정화사,12,의정부 2023_02.csv,역사관광,종교성지
의정부,2023,2,2023-02,94,경기도,의정부시,킹클라이밍,12,의정부 2023_02.csv,레저스포츠,기타레저스포츠
의정부,2023,2,2023-02,98,경기도,의정부시,관음사,11,의정부 2023_02.csv,역사관광,종교성지
의정부,2023,2,2023-02,98,경기도,의정부시,백합어린이공원,11,의정부 2023_02.csv,문화관광,도시공원
의정부,2023,2,2023-02,98,경기도,의정부시,미륵암,11,의정부 2023_02.csv,역사관광,종교성지
의정부,2023,2,2023-02,101,경기도,의정부시,중앙문화공원,10,의정부 2023_02.csv,문화관광,도시공원
의정부,2023,2,2023-02,101,경기도,의정부시,대원사,10,의정부 2023_02.csv,역사관광,종교성지
의정부,2023,2,2023-02,103,경기도,의정부시,나리벡시티테마파크건축중(2023년08월 예정),9,의정부 2023_02.csv,문화관광,테마공원
의정부,2023,2,2023-02,103,경기도,의정부시,한국산악회등산학교,9,의정부 2023_02.csv,레저스포츠,기타레저스포츠
의정부,2023,2,2023-02,103,경기도,의정부시,정수선원,9,의정부 2023_02.csv,역사관광,종교성지
의정부,2023,2,2023-02,106,경기도,의정부시,원오선원,8,의정부 2023_02.csv,역사관광,종교성지
의정부,2023,2,2023-02,106,경기도,의정부시,하금오어린이공원,8,의정부 2023_02.csv,문화관광,도시공원
의정부,2023,2,2023-02,106,경기도,의정부시,뛰노리방방,8,의정부 2023_02.csv,문화관광,테마공원
의정부,2023,2,2023-02,106,경기도,의정부시,리드민리듬체조민락본점,8,의정부 2023_02.csv,레저스포츠,기타레저스포츠
의정부,2023,2,2023-02,110,경기도,의정부시,쥬드베베 베이비카페,7,의정부 2023_02.csv,문화관광,테마공원
의정부,2023,2,2023-02,110,경기도,의정부시,공고개어린이공원,7,의정부 2023_02.csv,문화관광,도시공원
의정부,2023,2,2023-02,110,경기도,의정부시,용현정,7,의정부 2023_02.csv,레저스포츠,육상레저스포츠
의정부,2023,2,2023-02,110,경기도,의정부시,용현사,7,의정부 2023_02.csv,역사관광,종교성지
의정부,2023,2,2023-02,110,경기도,의정부시,해담수족관,7,의정부 2023_02.csv,문화관광,테마공원
의정부,2023,2,2023-02,110,경기도,의정부시,와우민턴샵,7,의정부 2023_02.csv,레저스포츠,기타레저스포츠
의정부,2023,2,2023-02,116,경기도,의정부시,바나다번지&핏,6,의정부 2023_02.csv,레저스포츠,기타레저스포츠
의정부,2023,2,2023-02,116,경기도,의정부시,자은선원,6,의정부 2023_02.csv,역사관광,종교성지
의정부,2023,2,2023-02,116,경기도,의정부시,정문부장군묘,6,의정부 2023_02.csv,역사관광,역사유적지
의정부,2023,2,2023-02,116,경기도,의정부시,동심어린이공원,6,의정부 2023_02.csv,문화관광,도시공원
의정부,2023,2,2023-02,116,경기도,의정부시,색동어린이공원,6,의정부 2023_02.csv,문화관광,도시공원
의정부,2023,2,2023-02,116,경기도,의정부시,무지개어린이공원,6,의정부 2023_02.csv,문화관광,도시공원
의정부,2023,2,2023-02,116,경기도,의정부시,금빛어린이공원,6,의정부 2023_02.csv,문화관광,도시공원
의정부,2023,2,2023-02,116,경기도,의정부시,이태영탁구교실,6,의정부 2023_02.csv,레저스포츠,기타레저스포츠
의정부,2023,2,2023-02,116,경기도,의정부시,유니크발레,6,의정부 2023_02.csv,레저스포츠,기타레저스포츠
의정부,2023,2,2023-02,125,경기도,의정부시,심원사,5,의정부 2023_02.csv,역사관광,종교성지
의정부,2023,2,2023-02,126,경기도,의정부시,쌍암사현대불교,4,의정부 2023_02.csv,역사관광,종교성지
의정부,2023,2,2023-02,126,경기도,의정부시,덕천사,4,의정부 2023_02.csv,역사관광,종교성지
의정부,2023,2,2023-02,126,경기도,의정부시,원효사,4,의정부 2023_02.csv,역사관광,종교성지
의정부,2023,2,2023-02,126,경기도,의정부시,그랑프리탁구클럽,4,의정부 2023_02.csv,레저스포츠,기타레저스포츠
의정부,2023,2,2023-02,126,경기도,의정부시,덕수사,4,의정부 2023_02.csv,역사관광,종교성지
의정부,2023,2,2023-02,126,경기도,의정부시,담다헌주말농장,4,의정부 2023_02.csv,체험관광,농/산/어촌체험
의정부,2023,2,2023-02,132,경기도,의정부시,무지랭이계곡,3,의정부 2023_02.csv,자연관광,자연경관(산)
의정부,2023,2,2023-02,132,경기도,의정부시,회룡문화공원,3,의정부 2023_02.csv,문화관광,도시공원
의정부,2023,2,2023-02,132,경기도,의정부시,북한산국립공원원도봉탐방지원센터,3,의정부 2023_02.csv,기타관광,기타관광
의정부,2023,2,2023-02,132,경기도,의정부시,메이드라인,3,의정부 2023_02.csv,레저스포츠,기타레저스포츠
의정부,2023,2,2023-02,132,경기도,의정부시,승지원트레이닝센터,3,의정부 2023_02.csv,레저스포츠,기타레저스포츠
의정부,2023,2,2023-02,132,경기도,의정부시,의정부약수선원목조보살입상,3,의정부 2023_02.csv,역사관광,역사유적지
의정부,2023,2,2023-02,132,경기도,의정부시,노강서원,3,의정부 2023_02.csv,역사관광,역사유적지
의정부,2023,2,2023-02,132,경기도,의정부시,망월사천봉선사탑비,3,의정부 2023_02.csv,역사관광,역사유적지
의정부,2023,2,2023-02,132,경기도,의정부시,덕수사,3,의정부 2023_02.csv,역사관광,종교성지
의정부,2023,2,2023-02,132,경기도,의정부시,영화사,3,의정부 2023_02.csv,역사관광,종교성지
의정부,2023,2,2023-02,132,경기도,의정부시,중앙어린이공원,3,의정부 2023_02.csv,문화관광,도시공원
의정부,2023,2,2023-02,132,경기도,의정부시,장미어린이공원,3,의정부 2023_02.csv,문화관광,도시공원
의정부,2023,2,2023-02,132,경기도,의정부시,한길어린이공원,3,의정부 2023_02.csv,문화관광,도시공원
의정부,2023,2,2023-02,132,경기도,의정부시,선행어린이공원,3,의정부 2023_02.csv,문화관광,도시공원
의정부,2023,2,2023-02,132,경기도,의정부시,백석천근린공원,3,의정부 2023_02.csv,문화관광,도시공원
의정부,2023,2,2023-02,132,경기도,의정부시,영산법화사,3,의정부 2023_02.csv,역사관광,종교성지
의정부,2023,2,2023-02,132,경기도,의정부시,수락사,3,의정부 2023_02.csv,역사관광,종교성지
의정부,2023,2,2023-02,132,경기도,의정부시,석림사계곡,3,의정부 2023_02.csv,자연관광,자연경관(산)
의정부,2023,2,2023-02,132,경기도,의정부시,자비정사,3,의정부 2023_02.csv,역사관광,종교성지
의정부,2023,2,2023-02,132,경기도,의정부시,대각사,3,의정부 2023_02.csv,역사관광,종교성지
의정부,2023,2,2023-02,132,경기도,의정부시,홍연경민현대미술관,3,의정부 2023_02.csv,문화관광,전시시설
의정부,2023,2,2023-02,132,경기도,의정부시,산곡저수지,3,의정부 2023_02.csv,자연관광,자연경관(하천/해양)
의정부,2023,2,2023-02,132,경기도,의정부시,신곡탁구클럽,3,의정부 2023_02.csv,레저스포츠,기타레저스포츠
의정부,2023,2,2023-02,132,경기도,의정부시,리얼야구존의정부점,3,의정부 2023_02.csv,레저스포츠,기타레저스포츠
의정부,2023,2,2023-02,132,경기도,의정부시,너나들이어린이공원,3,의정부 2023_02.csv,문화관광,도시공원
의정부,2023,2,2023-02,132,경기도,의정부시,다함께야구왕민락점,3,의정부 2023_02.csv,레저스포츠,기타레저스포츠
의정부,2023,2,2023-02,132,경기도,의정부시,낙양검도관,3,의정부 2023_02.csv,레저스포츠,기타레저스포츠
의정부,2023,2,2023-02,132,경기도,의정부시,추동웰빙공원,3,의정부 2023_02.csv,문화관광,도시공원
의정부,2023,2,2023-02,132,경기도,의정부시,무량사,3,의정부 2023_02.csv,역사관광,종교성지
의정부,2023,3,2023-03,1,경기도,의정부시,신세계백화점의정부점,22815,의정부 2023_03.csv,쇼핑,백화점
의정부,2023,3,2023-03,2,경기도,의정부시,의정부제일시장,7772,의정부 2023_03.csv,쇼핑,시장
의정부,2023,3,2023-03,3,경기도,의정부시,의정부버스터미널,4207,의정부 2023_03.csv,기타관광,교통시설
의정부,2023,3,2023-03,4,경기도,의정부시,롯데시네마의정부민락,2170,의정부 2023_03.csv,문화관광,공연시설
의정부,2023,3,2023-03,5,경기도,의정부시,의정부예술의전당,2141,의정부 2023_03.csv,문화관광,공연시설
의정부,2023,3,2023-03,6,경기도,의정부시,메가박스의정부민락,2110,의정부 2023_03.csv,문화관광,공연시설
의정부,2023,3,2023-03,7,경기도,의정부시,의정부실내빙상장,1951,의정부 2023_03.csv,레저스포츠,육상레저스포츠
의정부,2023,3,2023-03,8,경기도,의정부시,CGV의정부태흥,1554,의정부 2023_03.csv,문화관광,공연시설
의정부,2023,3,2023-03,9,경기도,의정부시,직동근린공원,957,의정부 2023_03.csv,문화관광,도시공원
의정부,2023,3,2023-03,10,경기도,의정부시,신곡실내배드민턴장,919,의정부 2023_03.csv,레저스포츠,기타레저스포츠
의정부,2023,3,2023-03,11,경기도,의정부시,CGV의정부,806,의정부 2023_03.csv,문화관광,공연시설
의정부,2023,3,2023-03,12,경기도,의정부시,의정부시청소년수련관,692,의정부 2023_03.csv,레저스포츠,육상레저스포츠
의정부,2023,3,2023-03,13,경기도,의정부시,낙양물사랑공원,641,의정부 2023_03.csv,문화관광,도시공원
의정부,2023,3,2023-03,14,경기도,의정부시,와글아이의정부점,626,의정부 2023_03.csv,문화관광,테마공원
의정부,2023,3,2023-03,15,경기도,의정부시,렛츠런CCC의정부지점,617,의정부 2023_03.csv,레저스포츠,육상레저스포츠
의정부,2023,3,2023-03,16,경기도,의정부시,태영프라자,613,의정부 2023_03.csv,쇼핑,쇼핑몰
의정부,2023,3,2023-03,17,경기도,의정부시,송산배수지체육시설,590,의정부 2023_03.csv,문화관광,도시공원
의정부,2023,3,2023-03,18,경기도,의정부시,고고다이노키즈카페민락점,515,의정부 2023_03.csv,문화관광,테마공원
의정부,2023,3,2023-03,19,경기도,의정부시,히어로키즈파크의정부지점,495,의정부 2023_03.csv,문화관광,테마공원
의정부,2023,3,2023-03,20,경기도,의정부시,석림사,358,의정부 2023_03.csv,역사관광,종교성지
의정부,2023,3,2023-03,21,경기도,의정부시,녹양야구장,334,의정부 2023_03.csv,문화관광,레저스포츠시설
의정부,2023,3,2023-03,22,경기도,의정부시,서울승마클럽,333,의정부 2023_03.csv,레저스포츠,육상레저스포츠
의정부,2023,3,2023-03,23,경기도,의정부시,송산사지근린공원,313,의정부 2023_03.csv,문화관광,도시공원
의정부,2023,3,2023-03,24,경기도,의정부시,점프스카이민락점,243,의정부 2023_03.csv,문화관광,테마공원
의정부,2023,3,2023-03,25,경기도,의정부시,활기체육공원,241,의정부 2023_03.csv,문화관광,도시공원
의정부,2023,3,2023-03,26,경기도,의정부시,직동축구장,240,의정부 2023_03.csv,문화관광,레저스포츠시설
의정부,2023,3,2023-03,27,경기도,의정부시,의정부버스공용차고지,239,의정부 2023_03.csv,기타관광,교통시설
의정부,2023,3,2023-03,28,경기도,의정부시,루나루즈키즈카페,222,의정부 2023_03.csv,문화관광,테마공원
의정부,2023,3,2023-03,29,경기도,의정부시,의정부가구거리,183,의정부 2023_03.csv,쇼핑,기타쇼핑시설
의정부,2023,3,2023-03,30,경기도,의정부시,회룡사,172,의정부 2023_03.csv,역사관광,종교성지
의정부,2023,3,2023-03,31,경기도,의정부시,곤제구장,162,의정부 2023_03.csv,문화관광,레저스포츠시설
의정부,2023,3,2023-03,32,경기도,의정부시,서영빌딩서관,157,의정부 2023_03.csv,문화관광,기타문화관광지
의정부,2023,3,2023-03,33,경기도,의정부시,어울놀이패밀리카페,154,의정부 2023_03.csv,문화관광,테마공원
의정부,2023,3,2023-03,34,경기도,의정부시,헬로방방민락점,151,의정부 2023_03.csv,문화관광,테마공원
의정부,2023,3,2023-03,35,경기도,의정부시,고고롤러스케이트장,150,의정부 2023_03.csv,레저스포츠,육상레저스포츠
의정부,2023,3,2023-03,36,경기도,의정부시,타요키즈카페의정부민락점,145,의정부 2023_03.csv,문화관광,테마공원
의정부,2023,3,2023-03,37,경기도,의정부시,큐리키즈카페의정부점,136,의정부 2023_03.csv,문화관광,테마공원
의정부,2023,3,2023-03,38,경기도,의정부시,망월사,129,의정부 2023_03.csv,역사관광,종교성지
의정부,2023,3,2023-03,38,경기도,의정부시,천보탁구장,129,의정부 2023_03.csv,레저스포츠,기타레저스포츠
의정부,2023,3,2023-03,40,경기도,의정부시,김민성탁구클럽,118,의정부 2023_03.csv,레저스포츠,기타레저스포츠
의정부,2023,3,2023-03,41,경기도,의정부시,호암사,114,의정부 2023_03.csv,역사관광,종교성지
의정부,2023,3,2023-03,42,경기도,의정부시,경륜경정의정부지점,113,의정부 2023_03.csv,레저스포츠,육상레저스포츠
의정부,2023,3,2023-03,43,경기도,의정부시,의정부청과야채시장,111,의정부 2023_03.csv,쇼핑,시장
의정부,2023,3,2023-03,44,경기도,의정부시,자일낚시터,105,의정부 2023_03.csv,레저스포츠,수상레저스포츠
의정부,2023,3,2023-03,45,경기도,의정부시,허니비풋살파크,103,의정부 2023_03.csv,문화관광,레저스포츠시설
의정부,2023,3,2023-03,46,경기도,의정부시,마린앤키즈,102,의정부 2023_03.csv,문화관광,테마공원
의정부,2023,3,2023-03,47,경기도,의정부시,안골유원지,96,의정부 2023_03.csv,문화관광,복합관광시설
의정부,2023,3,2023-03,48,경기도,의정부시,역전근린공원,95,의정부 2023_03.csv,문화관광,도시공원
의정부,2023,3,2023-03,49,경기도,의정부시,북한산국립공원회룡탐방지원센터,90,의정부 2023_03.csv,기타관광,기타관광
의정부,2023,3,2023-03,50,경기도,의정부시,벌말어린이공원,89,의정부 2023_03.csv,문화관광,도시공원
의정부,2023,3,2023-03,51,경기도,의정부시,하랑키즈카페,88,의정부 2023_03.csv,문화관광,테마공원
의정부,2023,3,2023-03,52,경기도,의정부시,곤제근린공원,85,의정부 2023_03.csv,문화관광,도시공원
의정부,2023,3,2023-03,53,경기도,의정부시,알쏭달쏭키즈드로잉,76,의정부 2023_03.csv,문화관광,테마공원
의정부,2023,3,2023-03,54,경기도,의정부시,백영수미술관,75,의정부 2023_03.csv,문화관광,전시시설
의정부,2023,3,2023-03,55,경기도,의정부시,상금오어린이공원,72,의정부 2023_03.csv,문화관광,도시공원
의정부,2023,3,2023-03,56,경기도,의정부시,어수정어린이공원,71,의정부 2023_03.csv,문화관광,도시공원
의정부,2023,3,2023-03,57,경기도,의정부시,장암파크골프장,69,의정부 2023_03.csv,레저스포츠,육상레저스포츠
의정부,2023,3,2023-03,58,경기도,의정부시,푸른마당근린공원,68,의정부 2023_03.csv,문화관광,도시공원
의정부,2023,3,2023-03,59,경기도,의정부시,버들개야구장,63,의정부 2023_03.csv,문화관광,레저스포츠시설
의정부,2023,3,2023-03,59,경기도,의정부시,원각사,63,의정부 2023_03.csv,역사관광,종교성지
의정부,2023,3,2023-03,61,경기도,의정부시,태조이성계상,61,의정부 2023_03.csv,기타관광,기타관광
의정부,2023,3,2023-03,62,경기도,의정부시,신숙주선생묘,58,의정부 2023_03.csv,역사관광,역사유적지
의정부,2023,3,2023-03,63,경기도,의정부시,현충탑,56,의정부 2023_03.csv,역사관광,역사유물
의정부,2023,3,2023-03,64,경기도,의정부시,장수원배드민턴클럽,55,의정부 2023_03.csv,레저스포츠,기타레저스포츠
의정부,2023,3,2023-03,65,경기도,의정부시,스트라이크존의정부민락구장,51,의정부 2023_03.csv,레저스포츠,기타레저스포츠
의정부,2023,3,2023-03,66,경기도,의정부시,윤한미탁구클럽,49,의정부 2023_03.csv,레저스포츠,기타레저스포츠
의정부,2023,3,2023-03,67,경기도,의정부시,우리소극장,46,의정부 2023_03.csv,문화관광,공연시설
의정부,2023,3,2023-03,68,경기도,의정부시,성불사,44,의정부 2023_03.csv,역사관광,종교성지
의정부,2023,3,2023-03,68,경기도,의정부시,추동배드민턴장,44,의정부 2023_03.csv,레저스포츠,기타레저스포츠
의정부,2023,3,2023-03,68,경기도,의정부시,의정부시리틀야구장,44,의정부 2023_03.csv,문화관광,레저스포츠시설
의정부,2023,3,2023-03,71,경기도,의정부시,리틀베이비카페,42,의정부 2023_03.csv,문화관광,테마공원
의정부,2023,3,2023-03,72,경기도,의정부시,쌍용사,41,의정부 2023_03.csv,역사관광,종교성지
의정부,2023,3,2023-03,73,경기도,의정부시,사패산,40,의정부 2023_03.csv,자연관광,자연경관(산)
의정부,2023,3,2023-03,74,경기도,의정부시,사패산안골통제소방면,38,의정부 2023_03.csv,자연관광,자연경관(산)
의정부,2023,3,2023-03,74,경기도,의정부시,김미미도예공방,38,의정부 2023_03.csv,체험관광,공예체험
의정부,2023,3,2023-03,76,경기도,의정부시,의정부천문대,37,의정부 2023_03.csv,레저스포츠,기타레저스포츠
의정부,2023,3,2023-03,77,경기도,의정부시,슈퍼키즈스카이방방의정부민락점,34,의정부 2023_03.csv,문화관광,테마공원
의정부,2023,3,2023-03,78,경기도,의정부시,롤프렌롤러장,31,의정부 2023_03.csv,레저스포츠,육상레저스포츠
의정부,2023,3,2023-03,79,경기도,의정부시,의정부호원벚꽃길,30,의정부 2023_03.csv,기타관광,기타관광
의정부,2023,3,2023-03,80,경기도,의정부시,스카이짐유소년스포츠클럽녹양점,29,의정부 2023_03.csv,레저스포츠,기타레저스포츠
의정부,2023,3,2023-03,80,경기도,의정부시,용현정,29,의정부 2023_03.csv,레저스포츠,육상레저스포츠
의정부,2023,3,2023-03,82,경기도,의정부시,토끼어린이공원,27,의정부 2023_03.csv,문화관광,도시공원
의정부,2023,3,2023-03,82,경기도,의정부시,석림사계곡,27,의정부 2023_03.csv,자연관광,자연경관(산)
의정부,2023,3,2023-03,84,경기도,의정부시,꽃동네어린이공원,26,의정부 2023_03.csv,문화관광,도시공원
의정부,2023,3,2023-03,85,경기도,의정부시,쌍암사,25,의정부 2023_03.csv,역사관광,종교성지
의정부,2023,3,2023-03,85,경기도,의정부시,안골계곡,25,의정부 2023_03.csv,자연관광,자연경관(산)
의정부,2023,3,2023-03,87,경기도,의정부시,미래주니어축구클럽,24,의정부 2023_03.csv,레저스포츠,기타레저스포츠
의정부,2023,3,2023-03,87,경기도,의정부시,의정부아트캠프,24,의정부 2023_03.csv,문화관광,기타문화관광지
의정부,2023,3,2023-03,89,경기도,의정부시,몽슈슈베이비카페,22,의정부 2023_03.csv,문화관광,테마공원
의정부,2023,3,2023-03,90,경기도,의정부시,중앙문화공원,21,의정부 2023_03.csv,문화관광,도시공원
의정부,2023,3,2023-03,90,경기도,의정부시,노강서원,21,의정부 2023_03.csv,역사관광,역사유적지
의정부,2023,3,2023-03,90,경기도,의정부시,공룡어린이공원,21,의정부 2023_03.csv,문화관광,도시공원
의정부,2023,3,2023-03,93,경기도,의정부시,백석천근린공원,20,의정부 2023_03.csv,문화관광,도시공원
의정부,2023,3,2023-03,93,경기도,의정부시,의정부시장,20,의정부 2023_03.csv,쇼핑,시장
의정부,2023,3,2023-03,95,경기도,의정부시,킹클라이밍,19,의정부 2023_03.csv,레저스포츠,기타레저스포츠
의정부,2023,3,2023-03,96,경기도,의정부시,캠프라과디아체육공원,18,의정부 2023_03.csv,문화관광,도시공원
의정부,2023,3,2023-03,96,경기도,의정부시,희망어린이공원,18,의정부 2023_03.csv,문화관광,도시공원
의정부,2023,3,2023-03,96,경기도,의정부시,와우민턴샵,18,의정부 2023_03.csv,레저스포츠,기타레저스포츠
의정부,2023,3,2023-03,99,경기도,의정부시,북한산국립공원원도봉탐방지원센터,16,의정부 2023_03.csv,기타관광,기타관광
의정부,2023,3,2023-03,99,경기도,의정부시,봉화정사,16,의정부 2023_03.csv,역사관광,종교성지
의정부,2023,3,2023-03,99,경기도,의정부시,덕천사,16,의정부 2023_03.csv,역사관광,종교성지
의정부,2023,3,2023-03,102,경기도,의정부시,신곡탁구클럽,15,의정부 2023_03.csv,레저스포츠,기타레저스포츠
의정부,2023,3,2023-03,103,경기도,의정부시,쥬드베베 베이비카페,13,의정부 2023_03.csv,문화관광,테마공원
의정부,2023,3,2023-03,104,경기도,의정부시,무지랭이계곡,12,의정부 2023_03.csv,자연관광,자연경관(산)
의정부,2023,3,2023-03,104,경기도,의정부시,장암발곡근린공원,12,의정부 2023_03.csv,문화관광,도시공원
의정부,2023,3,2023-03,104,경기도,의정부시,리드민리듬체조민락본점,12,의정부 2023_03.csv,레저스포츠,기타레저스포츠
의정부,2023,3,2023-03,107,경기도,의정부시,로데오거리상점가,11,의정부 2023_03.csv,쇼핑,시장
의정부,2023,3,2023-03,107,경기도,의정부시,미륵암,11,의정부 2023_03.csv,역사관광,종교성지
의정부,2023,3,2023-03,109,경기도,의정부시,메이드라인,10,의정부 2023_03.csv,레저스포츠,기타레저스포츠
의정부,2023,3,2023-03,109,경기도,의정부시,공고개어린이공원,10,의정부 2023_03.csv,문화관광,도시공원
의정부,2023,3,2023-03,109,경기도,의정부시,영신종묘사,10,의정부 2023_03.csv,쇼핑,시장
의정부,2023,3,2023-03,109,경기도,의정부시,무지랭이약수터,10,의정부 2023_03.csv,자연관광,자연경관(산)
의정부,2023,3,2023-03,113,경기도,의정부시,한국산악회등산학교,9,의정부 2023_03.csv,레저스포츠,기타레저스포츠
의정부,2023,3,2023-03,113,경기도,의정부시,백합어린이공원,9,의정부 2023_03.csv,문화관광,도시공원
의정부,2023,3,2023-03,113,경기도,의정부시,선행어린이공원,9,의정부 2023_03.csv,문화관광,도시공원
의정부,2023,3,2023-03,116,경기도,의정부시,홍짐,8,의정부 2023_03.csv,레저스포츠,기타레저스포츠
의정부,2023,3,2023-03,116,경기도,의정부시,소망어린이공원,8,의정부 2023_03.csv,문화관광,도시공원
의정부,2023,3,2023-03,116,경기도,의정부시,영산법화사,8,의정부 2023_03.csv,역사관광,종교성지
의정부,2023,3,2023-03,116,경기도,의정부시,추동웰빙공원,8,의정부 2023_03.csv,문화관광,도시공원
의정부,2023,3,2023-03,120,경기도,의정부시,잎새어린이공원,7,의정부 2023_03.csv,문화관광,도시공원
의정부,2023,3,2023-03,120,경기도,의정부시,용화사,7,의정부 2023_03.csv,역사관광,종교성지
의정부,2023,3,2023-03,120,경기도,의정부시,김병지축구클럽의정부롯데마트점,7,의정부 2023_03.csv,레저스포츠,기타레저스포츠
의정부,2023,3,2023-03,120,경기도,의정부시,유니크발레,7,의정부 2023_03.csv,레저스포츠,기타레저스포츠
의정부,2023,3,2023-03,124,경기도,의정부시,대원사,6,의정부 2023_03.csv,역사관광,종교성지
의정부,2023,3,2023-03,124,경기도,의정부시,장미어린이공원,6,의정부 2023_03.csv,문화관광,도시공원
의정부,2023,3,2023-03,124,경기도,의정부시,문예어린이공원,6,의정부 2023_03.csv,문화관광,도시공원
의정부,2023,3,2023-03,124,경기도,의정부시,범골어린이공원,6,의정부 2023_03.csv,문화관광,도시공원
의정부,2023,3,2023-03,124,경기도,의정부시,오목문화근린공원,6,의정부 2023_03.csv,문화관광,도시공원
의정부,2023,3,2023-03,124,경기도,의정부시,북서울꽃단지,6,의정부 2023_03.csv,체험관광,농/산/어촌체험
의정부,2023,3,2023-03,124,경기도,의정부시,원효사,6,의정부 2023_03.csv,역사관광,종교성지
의정부,2023,3,2023-03,124,경기도,의정부시,뛰노리방방,6,의정부 2023_03.csv,문화관광,테마공원
의정부,2023,3,2023-03,124,경기도,의정부시,추동공원,6,의정부 2023_03.csv,문화관광,도시공원
의정부,2023,3,2023-03,124,경기도,의정부시,정화사,6,의정부 2023_03.csv,역사관광,종교성지
의정부,2023,3,2023-03,124,경기도,의정부시,직동근린공원통나무집,6,의정부 2023_03.csv,레저스포츠,육상레저스포츠
의정부,2023,3,2023-03,135,경기도,의정부시,상원사,5,의정부 2023_03.csv,역사관광,종교성지
의정부,2023,3,2023-03,136,경기도,의정부시,꿈그림공장,4,의정부 2023_03.csv,체험관광,공예체험
의정부,2023,3,2023-03,136,경기도,의정부시,올드랭사인화실,4,의정부 2023_03.csv,체험관광,공예체험
의정부,2023,3,2023-03,136,경기도,의정부시,나리벡시티테마파크건축중(2023년08월 예정),4,의정부 2023_03.csv,문화관광,테마공원
의정부,2023,3,2023-03,136,경기도,의정부시,한수종합조경의정부농장,4,의정부 2023_03.csv,체험관광,농/산/어촌체험
의정부,2023,3,2023-03,136,경기도,의정부시,대각사,4,의정부 2023_03.csv,역사관광,종교성지
의정부,2023,3,2023-03,136,경기도,의정부시,그랑프리탁구클럽,4,의정부 2023_03.csv,레저스포츠,기타레저스포츠
의정부,2023,3,2023-03,136,경기도,의정부시,너나들이어린이공원,4,의정부 2023_03.csv,문화관광,도시공원
의정부,2023,3,2023-03,143,경기도,의정부시,점핑위즈줄넘기클럽,3,의정부 2023_03.csv,레저스포츠,기타레저스포츠
의정부,2023,3,2023-03,143,경기도,의정부시,드래곤트릭킹짐,3,의정부 2023_03.csv,레저스포츠,기타레저스포츠
의정부,2023,3,2023-03,143,경기도,의정부시,미가사,3,의정부 2023_03.csv,역사관광,종교성지
의정부,2023,3,2023-03,143,경기도,의정부시,바나다번지&핏,3,의정부 2023_03.csv,레저스포츠,기타레저스포츠
의정부,2023,3,2023-03,143,경기도,의정부시,샤모니클라이밍,3,의정부 2023_03.csv,레저스포츠,기타레저스포츠
의정부,2023,3,2023-03,143,경기도,의정부시,약수배드민턴클럽,3,의정부 2023_03.csv,레저스포츠,기타레저스포츠
의정부,2023,3,2023-03,143,경기도,의정부시,원도봉산,3,의정부 2023_03.csv,자연관광,자연경관(산)
의정부,2023,3,2023-03,143,경기도,의정부시,의정부약수선원목조보살입상,3,의정부 2023_03.csv,역사관광,역사유적지
의정부,2023,3,2023-03,143,경기도,의정부시,정문부장군묘,3,의정부 2023_03.csv,역사관광,역사유적지
의정부,2023,3,2023-03,143,경기도,의정부시,동심어린이공원,3,의정부 2023_03.csv,문화관광,도시공원
의정부,2023,3,2023-03,143,경기도,의정부시,신곡어린이공원,3,의정부 2023_03.csv,문화관광,도시공원
의정부,2023,3,2023-03,143,경기도,의정부시,중앙어린이공원,3,의정부 2023_03.csv,문화관광,도시공원
의정부,2023,3,2023-03,143,경기도,의정부시,효자어린이공원,3,의정부 2023_03.csv,문화관광,도시공원
의정부,2023,3,2023-03,143,경기도,의정부시,중랑천어린이공원,3,의정부 2023_03.csv,문화관광,도시공원
의정부,2023,3,2023-03,143,경기도,의정부시,용현사,3,의정부 2023_03.csv,역사관광,종교성지
의정부,2023,3,2023-03,143,경기도,의정부시,부용산,3,의정부 2023_03.csv,자연관광,자연경관(산)
의정부,2023,3,2023-03,143,경기도,의정부시,자비정사,3,의정부 2023_03.csv,역사관광,종교성지
의정부,2023,3,2023-03,143,경기도,의정부시,의정부포교원,3,의정부 2023_03.csv,역사관광,종교성지
의정부,2023,3,2023-03,143,경기도,의정부시,스트라이크존의정부구장,3,의정부 2023_03.csv,레저스포츠,기타레저스포츠
의정부,2023,3,2023-03,143,경기도,의정부시,정수선원,3,의정부 2023_03.csv,역사관광,종교성지
의정부,2023,3,2023-03,143,경기도,의정부시,의정부LKFC유소년축구클럽,3,의정부 2023_03.csv,레저스포츠,기타레저스포츠
의정부,2023,3,2023-03,143,경기도,의정부시,무량사,3,의정부 2023_03.csv,역사관광,종교성지
의정부,2023,3,2023-03,143,경기도,의정부시,귀락문화공원,3,의정부 2023_03.csv,문화관광,도시공원
의정부,2023,3,2023-03,143,경기도,의정부시,홍법사,3,의정부 2023_03.csv,역사관광,종교성지
의정부,2023,4,2023-04,1,경기도,의정부시,신세계백화점의정부점,21493,의정부 2023_04.csv,쇼핑,백화점
의정부,2023,4,2023-04,2,경기도,의정부시,의정부제일시장,7698,의정부 2023_04.csv,쇼핑,시장
의정부,2023,4,2023-04,3,경기도,의정부시,의정부버스터미널,4249,의정부 2023_04.csv,기타관광,교통시설
의정부,2023,4,2023-04,4,경기도,의정부시,롯데시네마의정부민락,2346,의정부 2023_04.csv,문화관광,공연시설
의정부,2023,4,2023-04,5,경기도,의정부시,의정부예술의전당,2337,의정부 2023_04.csv,문화관광,공연시설
의정부,2023,4,2023-04,6,경기도,의정부시,메가박스의정부민락,2050,의정부 2023_04.csv,문화관광,공연시설
의정부,2023,4,2023-04,7,경기도,의정부시,의정부실내빙상장,2026,의정부 2023_04.csv,레저스포츠,육상레저스포츠
의정부,2023,4,2023-04,8,경기도,의정부시,CGV의정부태흥,1610,의정부 2023_04.csv,문화관광,공연시설
의정부,2023,4,2023-04,9,경기도,의정부시,직동근린공원,1478,의정부 2023_04.csv,문화관광,도시공원
의정부,2023,4,2023-04,10,경기도,의정부시,신곡실내배드민턴장,798,의정부 2023_04.csv,레저스포츠,기타레저스포츠
의정부,2023,4,2023-04,11,경기도,의정부시,CGV의정부,710,의정부 2023_04.csv,문화관광,공연시설
의정부,2023,4,2023-04,12,경기도,의정부시,송산배수지체육시설,706,의정부 2023_04.csv,문화관광,도시공원
의정부,2023,4,2023-04,13,경기도,의정부시,의정부시청소년수련관,700,의정부 2023_04.csv,레저스포츠,육상레저스포츠
의정부,2023,4,2023-04,14,경기도,의정부시,태영프라자,589,의정부 2023_04.csv,쇼핑,쇼핑몰
의정부,2023,4,2023-04,15,경기도,의정부시,렛츠런CCC의정부지점,575,의정부 2023_04.csv,레저스포츠,육상레저스포츠
의정부,2023,4,2023-04,16,경기도,의정부시,고고다이노키즈카페민락점,502,의정부 2023_04.csv,문화관광,테마공원
의정부,2023,4,2023-04,17,경기도,의정부시,와글아이의정부점,497,의정부 2023_04.csv,문화관광,테마공원
의정부,2023,4,2023-04,18,경기도,의정부시,히어로키즈파크의정부지점,382,의정부 2023_04.csv,문화관광,테마공원
의정부,2023,4,2023-04,19,경기도,의정부시,서울승마클럽,370,의정부 2023_04.csv,레저스포츠,육상레저스포츠
의정부,2023,4,2023-04,20,경기도,의정부시,석림사,349,의정부 2023_04.csv,역사관광,종교성지
의정부,2023,4,2023-04,21,경기도,의정부시,녹양야구장,290,의정부 2023_04.csv,문화관광,레저스포츠시설
의정부,2023,4,2023-04,22,경기도,의정부시,점프스카이민락점,227,의정부 2023_04.csv,문화관광,테마공원
의정부,2023,4,2023-04,23,경기도,의정부시,직동축구장,202,의정부 2023_04.csv,문화관광,레저스포츠시설
의정부,2023,4,2023-04,24,경기도,의정부시,곤제구장,189,의정부 2023_04.csv,문화관광,레저스포츠시설
의정부,2023,4,2023-04,25,경기도,의정부시,회룡사,174,의정부 2023_04.csv,역사관광,종교성지
의정부,2023,4,2023-04,26,경기도,의정부시,자일낚시터,168,의정부 2023_04.csv,레저스포츠,수상레저스포츠
의정부,2023,4,2023-04,27,경기도,의정부시,루나루즈키즈카페,163,의정부 2023_04.csv,문화관광,테마공원
의정부,2023,4,2023-04,28,경기도,의정부시,천보탁구장,158,의정부 2023_04.csv,레저스포츠,기타레저스포츠
의정부,2023,4,2023-04,29,경기도,의정부시,헬로방방민락점,151,의정부 2023_04.csv,문화관광,테마공원
의정부,2023,4,2023-04,30,경기도,의정부시,망월사,143,의정부 2023_04.csv,역사관광,종교성지
의정부,2023,4,2023-04,30,경기도,의정부시,경륜경정의정부지점,143,의정부 2023_04.csv,레저스포츠,육상레저스포츠
의정부,2023,4,2023-04,32,경기도,의정부시,서영빌딩서관,137,의정부 2023_04.csv,문화관광,기타문화관광지
의정부,2023,4,2023-04,33,경기도,의정부시,곤제근린공원,126,의정부 2023_04.csv,문화관광,도시공원
의정부,2023,4,2023-04,34,경기도,의정부시,고고롤러스케이트장,125,의정부 2023_04.csv,레저스포츠,육상레저스포츠
의정부,2023,4,2023-04,35,경기도,의정부시,큐리키즈카페의정부점,119,의정부 2023_04.csv,문화관광,테마공원
의정부,2023,4,2023-04,36,경기도,의정부시,의정부청과야채시장,118,의정부 2023_04.csv,쇼핑,시장
의정부,2023,4,2023-04,37,경기도,의정부시,타요키즈카페의정부민락점,116,의정부 2023_04.csv,문화관광,테마공원
의정부,2023,4,2023-04,37,경기도,의정부시,어울놀이패밀리카페,116,의정부 2023_04.csv,문화관광,테마공원
의정부,2023,4,2023-04,39,경기도,의정부시,안골유원지,114,의정부 2023_04.csv,문화관광,복합관광시설
의정부,2023,4,2023-04,40,경기도,의정부시,허니비풋살파크,108,의정부 2023_04.csv,문화관광,레저스포츠시설
의정부,2023,4,2023-04,41,경기도,의정부시,역전근린공원,105,의정부 2023_04.csv,문화관광,도시공원
의정부,2023,4,2023-04,42,경기도,의정부시,김민성탁구클럽,101,의정부 2023_04.csv,레저스포츠,기타레저스포츠
의정부,2023,4,2023-04,43,경기도,의정부시,북한산국립공원회룡탐방지원센터,90,의정부 2023_04.csv,기타관광,기타관광
의정부,2023,4,2023-04,43,경기도,의정부시,호암사,90,의정부 2023_04.csv,역사관광,종교성지
의정부,2023,4,2023-04,45,경기도,의정부시,마린앤키즈,87,의정부 2023_04.csv,문화관광,테마공원
의정부,2023,4,2023-04,46,경기도,의정부시,백영수미술관,86,의정부 2023_04.csv,문화관광,전시시설
의정부,2023,4,2023-04,47,경기도,의정부시,신숙주선생묘,73,의정부 2023_04.csv,역사관광,역사유적지
의정부,2023,4,2023-04,48,경기도,의정부시,버들개야구장,67,의정부 2023_04.csv,문화관광,레저스포츠시설
의정부,2023,4,2023-04,49,경기도,의정부시,벌말어린이공원,66,의정부 2023_04.csv,문화관광,도시공원
의정부,2023,4,2023-04,50,경기도,의정부시,성불사,64,의정부 2023_04.csv,역사관광,종교성지
의정부,2023,4,2023-04,51,경기도,의정부시,하랑키즈카페,63,의정부 2023_04.csv,문화관광,테마공원
의정부,2023,4,2023-04,52,경기도,의정부시,원각사,62,의정부 2023_04.csv,역사관광,종교성지
의정부,2023,4,2023-04,53,경기도,의정부시,윤한미탁구클럽,61,의정부 2023_04.csv,레저스포츠,기타레저스포츠
의정부,2023,4,2023-04,54,경기도,의정부시,쌍암사,59,의정부 2023_04.csv,역사관광,종교성지
의정부,2023,4,2023-04,55,경기도,의정부시,장수원배드민턴클럽,56,의정부 2023_04.csv,레저스포츠,기타레저스포츠
의정부,2023,4,2023-04,56,경기도,의정부시,알쏭달쏭키즈드로잉,55,의정부 2023_04.csv,문화관광,테마공원
의정부,2023,4,2023-04,57,경기도,의정부시,용현정,49,의정부 2023_04.csv,레저스포츠,육상레저스포츠
의정부,2023,4,2023-04,57,경기도,의정부시,의정부천문대,49,의정부 2023_04.csv,레저스포츠,기타레저스포츠
의정부,2023,4,2023-04,59,경기도,의정부시,쌍용사,44,의정부 2023_04.csv,역사관광,종교성지
의정부,2023,4,2023-04,60,경기도,의정부시,중앙문화공원,39,의정부 2023_04.csv,문화관광,도시공원
의정부,2023,4,2023-04,60,경기도,의정부시,노강서원,39,의정부 2023_04.csv,역사관광,역사유적지
의정부,2023,4,2023-04,62,경기도,의정부시,미래주니어축구클럽,36,의정부 2023_04.csv,레저스포츠,기타레저스포츠
의정부,2023,4,2023-04,63,경기도,의정부시,봉화정사,34,의정부 2023_04.csv,역사관광,종교성지
의정부,2023,4,2023-04,64,경기도,의정부시,롤프렌롤러장,33,의정부 2023_04.csv,레저스포츠,육상레저스포츠
의정부,2023,4,2023-04,65,경기도,의정부시,김미미도예공방,31,의정부 2023_04.csv,체험관광,공예체험
의정부,2023,4,2023-04,66,경기도,의정부시,캠프라과디아체육공원,29,의정부 2023_04.csv,문화관광,도시공원
의정부,2023,4,2023-04,67,경기도,의정부시,스카이짐유소년스포츠클럽녹양점,28,의정부 2023_04.csv,레저스포츠,기타레저스포츠
의정부,2023,4,2023-04,68,경기도,의정부시,미륵암,26,의정부 2023_04.csv,역사관광,종교성지
의정부,2023,4,2023-04,69,경기도,의정부시,우리소극장,25,의정부 2023_04.csv,문화관광,공연시설
의정부,2023,4,2023-04,69,경기도,의정부시,정수선원,25,의정부 2023_04.csv,역사관광,종교성지
의정부,2023,4,2023-04,71,경기도,의정부시,의정부아트캠프,22,의정부 2023_04.csv,문화관광,기타문화관광지
의정부,2023,4,2023-04,72,경기도,의정부시,스트라이크존의정부민락구장,21,의정부 2023_04.csv,레저스포츠,기타레저스포츠
의정부,2023,4,2023-04,72,경기도,의정부시,킹클라이밍,21,의정부 2023_04.csv,레저스포츠,기타레저스포츠
의정부,2023,4,2023-04,74,경기도,의정부시,대원사,19,의정부 2023_04.csv,역사관광,종교성지
의정부,2023,4,2023-04,75,경기도,의정부시,한국산악회등산학교,18,의정부 2023_04.csv,레저스포츠,기타레저스포츠
의정부,2023,4,2023-04,76,경기도,의정부시,리틀베이비카페,17,의정부 2023_04.csv,문화관광,테마공원
의정부,2023,4,2023-04,76,경기도,의정부시,장암파크골프장,17,의정부 2023_04.csv,레저스포츠,육상레저스포츠
의정부,2023,4,2023-04,76,경기도,의정부시,의정부시리틀야구장,17,의정부 2023_04.csv,문화관광,레저스포츠시설
의정부,2023,4,2023-04,79,경기도,의정부시,관음사,16,의정부 2023_04.csv,역사관광,종교성지
의정부,2023,4,2023-04,80,경기도,의정부시,미가사,15,의정부 2023_04.csv,역사관광,종교성지
의정부,2023,4,2023-04,80,경기도,의정부시,덕천사,15,의정부 2023_04.csv,역사관광,종교성지
의정부,2023,4,2023-04,80,경기도,의정부시,추동공원,15,의정부 2023_04.csv,문화관광,도시공원
의정부,2023,4,2023-04,83,경기도,의정부시,추동웰빙공원,14,의정부 2023_04.csv,문화관광,도시공원
의정부,2023,4,2023-04,84,경기도,의정부시,갤러리평화,12,의정부 2023_04.csv,문화관광,전시시설
의정부,2023,4,2023-04,84,경기도,의정부시,추동배드민턴장,12,의정부 2023_04.csv,레저스포츠,기타레저스포츠
의정부,2023,4,2023-04,84,경기도,의정부시,정화사,12,의정부 2023_04.csv,역사관광,종교성지
의정부,2023,4,2023-04,84,경기도,의정부시,슈퍼키즈스카이방방의정부민락점,12,의정부 2023_04.csv,문화관광,테마공원
의정부,2023,4,2023-04,88,경기도,의정부시,몽슈슈베이비카페,11,의정부 2023_04.csv,문화관광,테마공원
의정부,2023,4,2023-04,88,경기도,의정부시,의정부시장,11,의정부 2023_04.csv,쇼핑,시장
의정부,2023,4,2023-04,88,경기도,의정부시,와우민턴샵,11,의정부 2023_04.csv,레저스포츠,기타레저스포츠
의정부,2023,4,2023-04,91,경기도,의정부시,무지랭이계곡,10,의정부 2023_04.csv,자연관광,자연경관(산)
의정부,2023,4,2023-04,92,경기도,의정부시,회룡문화공원,9,의정부 2023_04.csv,문화관광,도시공원
의정부,2023,4,2023-04,92,경기도,의정부시,메이드라인,9,의정부 2023_04.csv,레저스포츠,기타레저스포츠
의정부,2023,4,2023-04,92,경기도,의정부시,원효사,9,의정부 2023_04.csv,역사관광,종교성지
의정부,2023,4,2023-04,92,경기도,의정부시,김병지축구클럽의정부롯데마트점,9,의정부 2023_04.csv,레저스포츠,기타레저스포츠
의정부,2023,4,2023-04,92,경기도,의정부시,리드민리듬체조민락본점,9,의정부 2023_04.csv,레저스포츠,기타레저스포츠
의정부,2023,4,2023-04,97,경기도,의정부시,약수배드민턴클럽,8,의정부 2023_04.csv,레저스포츠,기타레저스포츠
의정부,2023,4,2023-04,97,경기도,의정부시,영산법화사,8,의정부 2023_04.csv,역사관광,종교성지
의정부,2023,4,2023-04,99,경기도,의정부시,수락사,6,의정부 2023_04.csv,역사관광,종교성지
의정부,2023,4,2023-04,99,경기도,의정부시,영신종묘사,6,의정부 2023_04.csv,쇼핑,시장
의정부,2023,4,2023-04,99,경기도,의정부시,대각사,6,의정부 2023_04.csv,역사관광,종교성지
의정부,2023,4,2023-04,99,경기도,의정부시,경민조경,6,의정부 2023_04.csv,체험관광,농/산/어촌체험
의정부,2023,4,2023-04,99,경기도,의정부시,직동근린공원통나무집,6,의정부 2023_04.csv,레저스포츠,육상레저스포츠
의정부,2023,4,2023-04,99,경기도,의정부시,귀락문화공원,6,의정부 2023_04.csv,문화관광,도시공원
의정부,2023,4,2023-04,99,경기도,의정부시,유니크발레,6,의정부 2023_04.csv,레저스포츠,기타레저스포츠
의정부,2023,4,2023-04,106,경기도,의정부시,쥬드베베 베이비카페,4,의정부 2023_04.csv,문화관광,테마공원
의정부,2023,4,2023-04,106,경기도,의정부시,직동수련원,4,의정부 2023_04.csv,레저스포츠,육상레저스포츠
의정부,2023,4,2023-04,106,경기도,의정부시,이성숙탁구클럽,4,의정부 2023_04.csv,레저스포츠,기타레저스포츠
의정부,2023,4,2023-04,106,경기도,의정부시,자비정사,4,의정부 2023_04.csv,역사관광,종교성지
의정부,2023,4,2023-04,106,경기도,의정부시,뛰노리방방,4,의정부 2023_04.csv,문화관광,테마공원
의정부,2023,4,2023-04,106,경기도,의정부시,융창수산,4,의정부 2023_04.csv,쇼핑,시장
의정부,2023,4,2023-04,106,경기도,의정부시,너나들이어린이공원,4,의정부 2023_04.csv,문화관광,도시공원
의정부,2023,4,2023-04,113,경기도,의정부시,드래곤트릭킹짐,3,의정부 2023_04.csv,레저스포츠,기타레저스포츠
의정부,2023,4,2023-04,113,경기도,의정부시,의정부김치체험관,3,의정부 2023_04.csv,문화관광,기타문화관광지
의정부,2023,4,2023-04,113,경기도,의정부시,북한산국립공원원도봉탐방지원센터,3,의정부 2023_04.csv,기타관광,기타관광
의정부,2023,4,2023-04,113,경기도,의정부시,담지가죽공예학원,3,의정부 2023_04.csv,체험관광,공예체험
의정부,2023,4,2023-04,113,경기도,의정부시,고산MMA주짓수종합격투기,3,의정부 2023_04.csv,레저스포츠,기타레저스포츠
의정부,2023,4,2023-04,113,경기도,의정부시,오더랩,3,의정부 2023_04.csv,체험관광,공예체험
의정부,2023,4,2023-04,113,경기도,의정부시,망월사천봉선사탑비,3,의정부 2023_04.csv,역사관광,역사유적지
의정부,2023,4,2023-04,113,경기도,의정부시,이태영탁구교실,3,의정부 2023_04.csv,레저스포츠,기타레저스포츠
의정부,2023,4,2023-04,113,경기도,의정부시,로데오거리상점가,3,의정부 2023_04.csv,쇼핑,시장
의정부,2023,4,2023-04,113,경기도,의정부시,용현사,3,의정부 2023_04.csv,역사관광,종교성지
의정부,2023,4,2023-04,113,경기도,의정부시,의정부포교원,3,의정부 2023_04.csv,역사관광,종교성지
의정부,2023,4,2023-04,113,경기도,의정부시,두물터농장,3,의정부 2023_04.csv,체험관광,농/산/어촌체험
의정부,2023,4,2023-04,113,경기도,의정부시,신곡탁구클럽,3,의정부 2023_04.csv,레저스포츠,기타레저스포츠
의정부,2023,4,2023-04,113,경기도,의정부시,덕수사,3,의정부 2023_04.csv,역사관광,종교성지
의정부,2023,4,2023-04,113,경기도,의정부시,스트라이크존의정부구장,3,의정부 2023_04.csv,레저스포츠,기타레저스포츠
의정부,2023,4,2023-04,113,경기도,의정부시,담다헌주말농장,3,의정부 2023_04.csv,체험관광,농/산/어촌체험
의정부,2023,4,2023-04,113,경기도,의정부시,복싱히어로의정부금오점,3,의정부 2023_04.csv,레저스포츠,기타레저스포츠
의정부,2023,4,2023-04,113,경기도,의정부시,마스터탁구클럽,3,의정부 2023_04.csv,레저스포츠,기타레저스포츠
의정부,2023,4,2023-04,113,경기도,의정부시,의정부LKFC유소년축구클럽,3,의정부 2023_04.csv,레저스포츠,기타레저스포츠
의정부,2023,4,2023-04,113,경기도,의정부시,레벨업탁구클럽,3,의정부 2023_04.csv,레저스포츠,기타레저스포츠
의정부,2023,5,2023-05,1,경기도,의정부시,신세계백화점의정부점,24238,의정부 2023_05.csv,쇼핑,백화점
의정부,2023,5,2023-05,2,경기도,의정부시,의정부제일시장,8182,의정부 2023_05.csv,쇼핑,시장
의정부,2023,5,2023-05,3,경기도,의정부시,의정부버스터미널,4416,의정부 2023_05.csv,기타관광,교통시설
의정부,2023,5,2023-05,4,경기도,의정부시,롯데시네마의정부민락,3672,의정부 2023_05.csv,문화관광,공연시설
의정부,2023,5,2023-05,5,경기도,의정부시,메가박스의정부민락,2574,의정부 2023_05.csv,문화관광,공연시설
의정부,2023,5,2023-05,6,경기도,의정부시,의정부예술의전당,2336,의정부 2023_05.csv,문화관광,공연시설
의정부,2023,5,2023-05,7,경기도,의정부시,CGV의정부태흥,2000,의정부 2023_05.csv,문화관광,공연시설
의정부,2023,5,2023-05,8,경기도,의정부시,직동근린공원,1277,의정부 2023_05.csv,문화관광,도시공원
의정부,2023,5,2023-05,9,경기도,의정부시,CGV의정부,1084,의정부 2023_05.csv,문화관광,공연시설
의정부,2023,5,2023-05,10,경기도,의정부시,의정부시청소년수련관,949,의정부 2023_05.csv,레저스포츠,육상레저스포츠
의정부,2023,5,2023-05,11,경기도,의정부시,신곡실내배드민턴장,824,의정부 2023_05.csv,레저스포츠,기타레저스포츠
의정부,2023,5,2023-05,12,경기도,의정부시,송산배수지체육시설,676,의정부 2023_05.csv,문화관광,도시공원
의정부,2023,5,2023-05,13,경기도,의정부시,태영프라자,566,의정부 2023_05.csv,쇼핑,쇼핑몰
의정부,2023,5,2023-05,14,경기도,의정부시,와글아이의정부점,548,의정부 2023_05.csv,문화관광,테마공원
의정부,2023,5,2023-05,15,경기도,의정부시,렛츠런CCC의정부지점,511,의정부 2023_05.csv,레저스포츠,육상레저스포츠
의정부,2023,5,2023-05,16,경기도,의정부시,고고다이노키즈카페민락점,490,의정부 2023_05.csv,문화관광,테마공원
의정부,2023,5,2023-05,17,경기도,의정부시,석림사,449,의정부 2023_05.csv,역사관광,종교성지
의정부,2023,5,2023-05,18,경기도,의정부시,의정부실내빙상장,421,의정부 2023_05.csv,레저스포츠,육상레저스포츠
의정부,2023,5,2023-05,19,경기도,의정부시,서울승마클럽,371,의정부 2023_05.csv,레저스포츠,육상레저스포츠
의정부,2023,5,2023-05,20,경기도,의정부시,녹양야구장,365,의정부 2023_05.csv,문화관광,레저스포츠시설
의정부,2023,5,2023-05,21,경기도,의정부시,히어로키즈파크의정부지점,283,의정부 2023_05.csv,문화관광,테마공원
의정부,2023,5,2023-05,22,경기도,의정부시,회룡사,272,의정부 2023_05.csv,역사관광,종교성지
의정부,2023,5,2023-05,23,경기도,의정부시,점프스카이민락점,241,의정부 2023_05.csv,문화관광,테마공원
의정부,2023,5,2023-05,24,경기도,의정부시,직동축구장,199,의정부 2023_05.csv,문화관광,레저스포츠시설
의정부,2023,5,2023-05,25,경기도,의정부시,자일낚시터,197,의정부 2023_05.csv,레저스포츠,수상레저스포츠
의정부,2023,5,2023-05,26,경기도,의정부시,천보탁구장,193,의정부 2023_05.csv,레저스포츠,기타레저스포츠
의정부,2023,5,2023-05,26,경기도,의정부시,루나루즈키즈카페,193,의정부 2023_05.csv,문화관광,테마공원
의정부,2023,5,2023-05,28,경기도,의정부시,망월사,191,의정부 2023_05.csv,역사관광,종교성지
의정부,2023,5,2023-05,29,경기도,의정부시,고고롤러스케이트장,166,의정부 2023_05.csv,레저스포츠,육상레저스포츠
의정부,2023,5,2023-05,30,경기도,의정부시,곤제구장,154,의정부 2023_05.csv,문화관광,레저스포츠시설
의정부,2023,5,2023-05,31,경기도,의정부시,어울놀이패밀리카페,153,의정부 2023_05.csv,문화관광,테마공원
의정부,2023,5,2023-05,32,경기도,의정부시,호암사,150,의정부 2023_05.csv,역사관광,종교성지
의정부,2023,5,2023-05,33,경기도,의정부시,서영빌딩서관,137,의정부 2023_05.csv,문화관광,기타문화관광지
의정부,2023,5,2023-05,34,경기도,의정부시,타요키즈카페의정부민락점,136,의정부 2023_05.csv,문화관광,테마공원
의정부,2023,5,2023-05,35,경기도,의정부시,안골유원지,129,의정부 2023_05.csv,문화관광,복합관광시설
의정부,2023,5,2023-05,36,경기도,의정부시,경륜경정의정부지점,126,의정부 2023_05.csv,레저스포츠,육상레저스포츠
의정부,2023,5,2023-05,37,경기도,의정부시,허니비풋살파크,125,의정부 2023_05.csv,문화관광,레저스포츠시설
의정부,2023,5,2023-05,37,경기도,의정부시,큐리키즈카페의정부점,125,의정부 2023_05.csv,문화관광,테마공원
의정부,2023,5,2023-05,39,경기도,의정부시,의정부청과야채시장,122,의정부 2023_05.csv,쇼핑,시장
의정부,2023,5,2023-05,39,경기도,의정부시,헬로방방민락점,122,의정부 2023_05.csv,문화관광,테마공원
의정부,2023,5,2023-05,41,경기도,의정부시,곤제근린공원,117,의정부 2023_05.csv,문화관광,도시공원
의정부,2023,5,2023-05,41,경기도,의정부시,역전근린공원,117,의정부 2023_05.csv,문화관광,도시공원
의정부,2023,5,2023-05,43,경기도,의정부시,북한산국립공원회룡탐방지원센터,112,의정부 2023_05.csv,기타관광,기타관광
의정부,2023,5,2023-05,44,경기도,의정부시,하랑키즈카페,93,의정부 2023_05.csv,문화관광,테마공원
의정부,2023,5,2023-05,45,경기도,의정부시,쌍암사,86,의정부 2023_05.csv,역사관광,종교성지
의정부,2023,5,2023-05,46,경기도,의정부시,벌말어린이공원,84,의정부 2023_05.csv,문화관광,도시공원
의정부,2023,5,2023-05,47,경기도,의정부시,백영수미술관,78,의정부 2023_05.csv,문화관광,전시시설
의정부,2023,5,2023-05,48,경기도,의정부시,성불사,72,의정부 2023_05.csv,역사관광,종교성지
의정부,2023,5,2023-05,49,경기도,의정부시,김민성탁구클럽,71,의정부 2023_05.csv,레저스포츠,기타레저스포츠
의정부,2023,5,2023-05,50,경기도,의정부시,윤한미탁구클럽,70,의정부 2023_05.csv,레저스포츠,기타레저스포츠
의정부,2023,5,2023-05,51,경기도,의정부시,마린앤키즈,69,의정부 2023_05.csv,문화관광,테마공원
의정부,2023,5,2023-05,52,경기도,의정부시,알쏭달쏭키즈드로잉,66,의정부 2023_05.csv,문화관광,테마공원
의정부,2023,5,2023-05,52,경기도,의정부시,장수원배드민턴클럽,66,의정부 2023_05.csv,레저스포츠,기타레저스포츠
의정부,2023,5,2023-05,54,경기도,의정부시,용현정,58,의정부 2023_05.csv,레저스포츠,육상레저스포츠
의정부,2023,5,2023-05,54,경기도,의정부시,우리소극장,58,의정부 2023_05.csv,문화관광,공연시설
의정부,2023,5,2023-05,56,경기도,의정부시,원각사,56,의정부 2023_05.csv,역사관광,종교성지
의정부,2023,5,2023-05,57,경기도,의정부시,의정부시리틀야구장,53,의정부 2023_05.csv,문화관광,레저스포츠시설
의정부,2023,5,2023-05,58,경기도,의정부시,정화사,51,의정부 2023_05.csv,역사관광,종교성지
의정부,2023,5,2023-05,59,경기도,의정부시,대원사,50,의정부 2023_05.csv,역사관광,종교성지
의정부,2023,5,2023-05,60,경기도,의정부시,스카이짐유소년스포츠클럽녹양점,49,의정부 2023_05.csv,레저스포츠,기타레저스포츠
의정부,2023,5,2023-05,61,경기도,의정부시,김미미도예공방,47,의정부 2023_05.csv,체험관광,공예체험
의정부,2023,5,2023-05,62,경기도,의정부시,미륵암,46,의정부 2023_05.csv,역사관광,종교성지
의정부,2023,5,2023-05,63,경기도,의정부시,장암파크골프장,44,의정부 2023_05.csv,레저스포츠,육상레저스포츠
의정부,2023,5,2023-05,64,경기도,의정부시,킹클라이밍,43,의정부 2023_05.csv,레저스포츠,기타레저스포츠
의정부,2023,5,2023-05,65,경기도,의정부시,봉화정사,41,의정부 2023_05.csv,역사관광,종교성지
의정부,2023,5,2023-05,65,경기도,의정부시,노강서원,41,의정부 2023_05.csv,역사관광,역사유적지
의정부,2023,5,2023-05,67,경기도,의정부시,정수선원,40,의정부 2023_05.csv,역사관광,종교성지
의정부,2023,5,2023-05,68,경기도,의정부시,의정부천문대,39,의정부 2023_05.csv,레저스포츠,기타레저스포츠
의정부,2023,5,2023-05,69,경기도,의정부시,원효사,38,의정부 2023_05.csv,역사관광,종교성지
의정부,2023,5,2023-05,69,경기도,의정부시,수락사,38,의정부 2023_05.csv,역사관광,종교성지
의정부,2023,5,2023-05,69,경기도,의정부시,롤프렌롤러장,38,의정부 2023_05.csv,레저스포츠,육상레저스포츠
의정부,2023,5,2023-05,72,경기도,의정부시,신숙주선생묘,34,의정부 2023_05.csv,역사관광,역사유적지
의정부,2023,5,2023-05,73,경기도,의정부시,덕천사,32,의정부 2023_05.csv,역사관광,종교성지
의정부,2023,5,2023-05,74,경기도,의정부시,리틀베이비카페,30,의정부 2023_05.csv,문화관광,테마공원
의정부,2023,5,2023-05,75,경기도,의정부시,버들개야구장,29,의정부 2023_05.csv,문화관광,레저스포츠시설
의정부,2023,5,2023-05,76,경기도,의정부시,쌍용사,27,의정부 2023_05.csv,역사관광,종교성지
의정부,2023,5,2023-05,77,경기도,의정부시,관음사,26,의정부 2023_05.csv,역사관광,종교성지
의정부,2023,5,2023-05,78,경기도,의정부시,추동배드민턴장,24,의정부 2023_05.csv,레저스포츠,기타레저스포츠
의정부,2023,5,2023-05,78,경기도,의정부시,슈퍼키즈스카이방방의정부민락점,24,의정부 2023_05.csv,문화관광,테마공원
의정부,2023,5,2023-05,80,경기도,의정부시,캠프라과디아체육공원,23,의정부 2023_05.csv,문화관광,도시공원
의정부,2023,5,2023-05,81,경기도,의정부시,스트라이크존의정부민락구장,22,의정부 2023_05.csv,레저스포츠,기타레저스포츠
의정부,2023,5,2023-05,81,경기도,의정부시,의정부아트캠프,22,의정부 2023_05.csv,문화관광,기타문화관광지
의정부,2023,5,2023-05,83,경기도,의정부시,메이드라인,21,의정부 2023_05.csv,레저스포츠,기타레저스포츠
의정부,2023,5,2023-05,84,경기도,의정부시,추동웰빙공원,20,의정부 2023_05.csv,문화관광,도시공원
의정부,2023,5,2023-05,85,경기도,의정부시,몽슈슈베이비카페,19,의정부 2023_05.csv,문화관광,테마공원
의정부,2023,5,2023-05,85,경기도,의정부시,와우민턴샵,19,의정부 2023_05.csv,레저스포츠,기타레저스포츠
의정부,2023,5,2023-05,87,경기도,의정부시,영신종묘사,18,의정부 2023_05.csv,쇼핑,시장
의정부,2023,5,2023-05,87,경기도,의정부시,신곡탁구클럽,18,의정부 2023_05.csv,레저스포츠,기타레저스포츠
의정부,2023,5,2023-05,89,경기도,의정부시,의정부시장,17,의정부 2023_05.csv,쇼핑,시장
의정부,2023,5,2023-05,90,경기도,의정부시,중앙문화공원,16,의정부 2023_05.csv,문화관광,도시공원
의정부,2023,5,2023-05,90,경기도,의정부시,의정부약수선원목조보살입상,16,의정부 2023_05.csv,역사관광,역사유적지
의정부,2023,5,2023-05,90,경기도,의정부시,의정부포교원,16,의정부 2023_05.csv,역사관광,종교성지
의정부,2023,5,2023-05,93,경기도,의정부시,용현사,13,의정부 2023_05.csv,역사관광,종교성지
의정부,2023,5,2023-05,94,경기도,의정부시,자은선원,12,의정부 2023_05.csv,역사관광,종교성지
의정부,2023,5,2023-05,95,경기도,의정부시,한국산악회등산학교,10,의정부 2023_05.csv,레저스포츠,기타레저스포츠
의정부,2023,5,2023-05,95,경기도,의정부시,로데오거리상점가,10,의정부 2023_05.csv,쇼핑,시장
의정부,2023,5,2023-05,95,경기도,의정부시,영산법화사,10,의정부 2023_05.csv,역사관광,종교성지
의정부,2023,5,2023-05,95,경기도,의정부시,직동근린공원통나무집,10,의정부 2023_05.csv,레저스포츠,육상레저스포츠
의정부,2023,5,2023-05,99,경기도,의정부시,용화사,9,의정부 2023_05.csv,역사관광,종교성지
의정부,2023,5,2023-05,100,경기도,의정부시,덕수사,8,의정부 2023_05.csv,역사관광,종교성지
의정부,2023,5,2023-05,100,경기도,의정부시,심원사,8,의정부 2023_05.csv,역사관광,종교성지
의정부,2023,5,2023-05,100,경기도,의정부시,스트라이크존의정부구장,8,의정부 2023_05.csv,레저스포츠,기타레저스포츠
의정부,2023,5,2023-05,103,경기도,의정부시,약수배드민턴클럽,7,의정부 2023_05.csv,레저스포츠,기타레저스포츠
의정부,2023,5,2023-05,103,경기도,의정부시,공룡어린이공원,7,의정부 2023_05.csv,문화관광,도시공원
의정부,2023,5,2023-05,103,경기도,의정부시,자비정사,7,의정부 2023_05.csv,역사관광,종교성지
의정부,2023,5,2023-05,103,경기도,의정부시,김병지축구클럽의정부롯데마트점,7,의정부 2023_05.csv,레저스포츠,기타레저스포츠
의정부,2023,5,2023-05,103,경기도,의정부시,무량사,7,의정부 2023_05.csv,역사관광,종교성지
의정부,2023,5,2023-05,103,경기도,의정부시,레벨업탁구클럽,7,의정부 2023_05.csv,레저스포츠,기타레저스포츠
의정부,2023,5,2023-05,103,경기도,의정부시,홍법사,7,의정부 2023_05.csv,역사관광,종교성지
의정부,2023,5,2023-05,110,경기도,의정부시,미가사,6,의정부 2023_05.csv,역사관광,종교성지
의정부,2023,5,2023-05,110,경기도,의정부시,무지랭이계곡,6,의정부 2023_05.csv,자연관광,자연경관(산)
의정부,2023,5,2023-05,110,경기도,의정부시,슈가복싱회룡점,6,의정부 2023_05.csv,레저스포츠,기타레저스포츠
의정부,2023,5,2023-05,110,경기도,의정부시,영락사,6,의정부 2023_05.csv,역사관광,종교성지
의정부,2023,5,2023-05,110,경기도,의정부시,홍연경민현대미술관,6,의정부 2023_05.csv,문화관광,전시시설
의정부,2023,5,2023-05,110,경기도,의정부시,추동공원,6,의정부 2023_05.csv,문화관광,도시공원
의정부,2023,5,2023-05,110,경기도,의정부시,천보사,6,의정부 2023_05.csv,역사관광,종교성지
의정부,2023,5,2023-05,110,경기도,의정부시,마스터탁구클럽,6,의정부 2023_05.csv,레저스포츠,기타레저스포츠
의정부,2023,5,2023-05,110,경기도,의정부시,미래주니어축구클럽,6,의정부 2023_05.csv,레저스포츠,기타레저스포츠
의정부,2023,5,2023-05,110,경기도,의정부시,리드민리듬체조민락본점,6,의정부 2023_05.csv,레저스포츠,기타레저스포츠
의정부,2023,5,2023-05,120,경기도,의정부시,대각사,5,의정부 2023_05.csv,역사관광,종교성지
의정부,2023,5,2023-05,120,경기도,의정부시,리얼야구존의정부점,5,의정부 2023_05.csv,레저스포츠,기타레저스포츠
의정부,2023,5,2023-05,122,경기도,의정부시,망월사천봉선사탑비,4,의정부 2023_05.csv,역사관광,역사유적지
의정부,2023,5,2023-05,122,경기도,의정부시,미륵사,4,의정부 2023_05.csv,역사관광,종교성지
의정부,2023,5,2023-05,122,경기도,의정부시,상원사,4,의정부 2023_05.csv,역사관광,종교성지
의정부,2023,5,2023-05,125,경기도,의정부시,드래곤트릭킹짐,3,의정부 2023_05.csv,레저스포츠,기타레저스포츠
의정부,2023,5,2023-05,125,경기도,의정부시,북한산국립공원원도봉탐방지원센터,3,의정부 2023_05.csv,기타관광,기타관광
의정부,2023,5,2023-05,125,경기도,의정부시,바나다번지&핏,3,의정부 2023_05.csv,레저스포츠,기타레저스포츠
의정부,2023,5,2023-05,125,경기도,의정부시,의정부축구센터U12,3,의정부 2023_05.csv,레저스포츠,기타레저스포츠
의정부,2023,5,2023-05,125,경기도,의정부시,고산MMA주짓수종합격투기,3,의정부 2023_05.csv,레저스포츠,기타레저스포츠
의정부,2023,5,2023-05,125,경기도,의정부시,갤러리평화,3,의정부 2023_05.csv,문화관광,전시시설
의정부,2023,5,2023-05,125,경기도,의정부시,올드랭사인화실,3,의정부 2023_05.csv,체험관광,공예체험
의정부,2023,5,2023-05,125,경기도,의정부시,쌍암사현대불교,3,의정부 2023_05.csv,역사관광,종교성지
의정부,2023,5,2023-05,125,경기도,의정부시,직동수련원,3,의정부 2023_05.csv,레저스포츠,육상레저스포츠
의정부,2023,5,2023-05,125,경기도,의정부시,원도봉산,3,의정부 2023_05.csv,자연관광,자연경관(산)
의정부,2023,5,2023-05,125,경기도,의정부시,학송사,3,의정부 2023_05.csv,역사관광,종교성지
의정부,2023,5,2023-05,125,경기도,의정부시,삼원유통,3,의정부 2023_05.csv,쇼핑,시장
의정부,2023,5,2023-05,125,경기도,의정부시,의정부예술의전당대극장,3,의정부 2023_05.csv,문화관광,공연시설
의정부,2023,5,2023-05,125,경기도,의정부시,평화사,3,의정부 2023_05.csv,역사관광,종교성지
의정부,2023,5,2023-05,125,경기도,의정부시,덕수사,3,의정부 2023_05.csv,역사관광,종교성지
의정부,2023,5,2023-05,125,경기도,의정부시,여래사,3,의정부 2023_05.csv,역사관광,종교성지
의정부,2023,5,2023-05,125,경기도,의정부시,원심사,3,의정부 2023_05.csv,역사관광,종교성지
의정부,2023,5,2023-05,125,경기도,의정부시,금오탁구장,3,의정부 2023_05.csv,레저스포츠,기타레저스포츠
의정부,2023,5,2023-05,125,경기도,의정부시,유니크발레,3,의정부 2023_05.csv,레저스포츠,기타레저스포츠
의정부,2023,6,2023-06,1,경기도,의정부시,신세계백화점의정부점,21963,의정부 2023_06.csv,쇼핑,백화점
의정부,2023,6,2023-06,2,경기도,의정부시,의정부제일시장,7589,의정부 2023_06.csv,쇼핑,시장
의정부,2023,6,2023-06,3,경기도,의정부시,롯데시네마의정부민락,4741,의정부 2023_06.csv,문화관광,공연시설
의정부,2023,6,2023-06,4,경기도,의정부시,의정부버스터미널,3913,의정부 2023_06.csv,기타관광,교통시설
의정부,2023,6,2023-06,5,경기도,의정부시,메가박스의정부민락,2759,의정부 2023_06.csv,문화관광,공연시설
의정부,2023,6,2023-06,6,경기도,의정부시,의정부예술의전당,2435,의정부 2023_06.csv,문화관광,공연시설
의정부,2023,6,2023-06,7,경기도,의정부시,CGV의정부태흥,2064,의정부 2023_06.csv,문화관광,공연시설
의정부,2023,6,2023-06,8,경기도,의정부시,CGV의정부,1264,의정부 2023_06.csv,문화관광,공연시설
의정부,2023,6,2023-06,9,경기도,의정부시,신곡실내배드민턴장,1030,의정부 2023_06.csv,레저스포츠,기타레저스포츠
의정부,2023,6,2023-06,10,경기도,의정부시,직동근린공원,914,의정부 2023_06.csv,문화관광,도시공원
의정부,2023,6,2023-06,11,경기도,의정부시,의정부시청소년수련관,820,의정부 2023_06.csv,레저스포츠,육상레저스포츠
의정부,2023,6,2023-06,12,경기도,의정부시,송산배수지체육시설,672,의정부 2023_06.csv,문화관광,도시공원
의정부,2023,6,2023-06,13,경기도,의정부시,태영프라자,647,의정부 2023_06.csv,쇼핑,쇼핑몰
의정부,2023,6,2023-06,14,경기도,의정부시,렛츠런CCC의정부지점,570,의정부 2023_06.csv,레저스포츠,육상레저스포츠
의정부,2023,6,2023-06,15,경기도,의정부시,의정부실내빙상장,469,의정부 2023_06.csv,레저스포츠,육상레저스포츠
의정부,2023,6,2023-06,16,경기도,의정부시,석림사,428,의정부 2023_06.csv,역사관광,종교성지
의정부,2023,6,2023-06,17,경기도,의정부시,와글아이의정부점,413,의정부 2023_06.csv,문화관광,테마공원
의정부,2023,6,2023-06,18,경기도,의정부시,고고다이노키즈카페민락점,383,의정부 2023_06.csv,문화관광,테마공원
의정부,2023,6,2023-06,19,경기도,의정부시,서울승마클럽,367,의정부 2023_06.csv,레저스포츠,육상레저스포츠
의정부,2023,6,2023-06,20,경기도,의정부시,녹양야구장,329,의정부 2023_06.csv,문화관광,레저스포츠시설
의정부,2023,6,2023-06,21,경기도,의정부시,히어로키즈파크의정부지점,281,의정부 2023_06.csv,문화관광,테마공원
의정부,2023,6,2023-06,22,경기도,의정부시,천보탁구장,216,의정부 2023_06.csv,레저스포츠,기타레저스포츠
의정부,2023,6,2023-06,23,경기도,의정부시,곤제구장,193,의정부 2023_06.csv,문화관광,레저스포츠시설
의정부,2023,6,2023-06,24,경기도,의정부시,점프스카이민락점,192,의정부 2023_06.csv,문화관광,테마공원
의정부,2023,6,2023-06,25,경기도,의정부시,회룡사,183,의정부 2023_06.csv,역사관광,종교성지
의정부,2023,6,2023-06,26,경기도,의정부시,직동축구장,180,의정부 2023_06.csv,문화관광,레저스포츠시설
의정부,2023,6,2023-06,27,경기도,의정부시,루나루즈키즈카페,177,의정부 2023_06.csv,문화관광,테마공원
의정부,2023,6,2023-06,28,경기도,의정부시,자일낚시터,170,의정부 2023_06.csv,레저스포츠,수상레저스포츠
의정부,2023,6,2023-06,29,경기도,의정부시,낙양물사랑공원,155,의정부 2023_06.csv,문화관광,도시공원
의정부,2023,6,2023-06,30,경기도,의정부시,어울놀이패밀리카페,154,의정부 2023_06.csv,문화관광,테마공원
의정부,2023,6,2023-06,31,경기도,의정부시,안골유원지,150,의정부 2023_06.csv,문화관광,복합관광시설
의정부,2023,6,2023-06,32,경기도,의정부시,허니비풋살파크,148,의정부 2023_06.csv,문화관광,레저스포츠시설
의정부,2023,6,2023-06,33,경기도,의정부시,서영빌딩서관,145,의정부 2023_06.csv,문화관광,기타문화관광지
의정부,2023,6,2023-06,34,경기도,의정부시,망월사,140,의정부 2023_06.csv,역사관광,종교성지
의정부,2023,6,2023-06,35,경기도,의정부시,경륜경정의정부지점,136,의정부 2023_06.csv,레저스포츠,육상레저스포츠
의정부,2023,6,2023-06,36,경기도,의정부시,곤제근린공원,131,의정부 2023_06.csv,문화관광,도시공원
의정부,2023,6,2023-06,36,경기도,의정부시,의정부청과야채시장,131,의정부 2023_06.csv,쇼핑,시장
의정부,2023,6,2023-06,38,경기도,의정부시,타요키즈카페의정부민락점,115,의정부 2023_06.csv,문화관광,테마공원
의정부,2023,6,2023-06,39,경기도,의정부시,헬로방방민락점,107,의정부 2023_06.csv,문화관광,테마공원
의정부,2023,6,2023-06,40,경기도,의정부시,고고롤러스케이트장,106,의정부 2023_06.csv,레저스포츠,육상레저스포츠
의정부,2023,6,2023-06,41,경기도,의정부시,역전근린공원,102,의정부 2023_06.csv,문화관광,도시공원
의정부,2023,6,2023-06,42,경기도,의정부시,마린앤키즈,100,의정부 2023_06.csv,문화관광,테마공원
의정부,2023,6,2023-06,43,경기도,의정부시,백영수미술관,99,의정부 2023_06.csv,문화관광,전시시설
의정부,2023,6,2023-06,44,경기도,의정부시,벌말어린이공원,95,의정부 2023_06.csv,문화관광,도시공원
의정부,2023,6,2023-06,44,경기도,의정부시,호암사,95,의정부 2023_06.csv,역사관광,종교성지
의정부,2023,6,2023-06,46,경기도,의정부시,큐리키즈카페의정부점,93,의정부 2023_06.csv,문화관광,테마공원
의정부,2023,6,2023-06,47,경기도,의정부시,장수원배드민턴클럽,88,의정부 2023_06.csv,레저스포츠,기타레저스포츠
의정부,2023,6,2023-06,48,경기도,의정부시,북한산국립공원회룡탐방지원센터,85,의정부 2023_06.csv,기타관광,기타관광
의정부,2023,6,2023-06,49,경기도,의정부시,알쏭달쏭키즈드로잉,78,의정부 2023_06.csv,문화관광,테마공원
의정부,2023,6,2023-06,50,경기도,의정부시,윤한미탁구클럽,76,의정부 2023_06.csv,레저스포츠,기타레저스포츠
의정부,2023,6,2023-06,51,경기도,의정부시,의정부아트캠프,75,의정부 2023_06.csv,문화관광,기타문화관광지
의정부,2023,6,2023-06,52,경기도,의정부시,왕바우근린공원,74,의정부 2023_06.csv,문화관광,도시공원
의정부,2023,6,2023-06,52,경기도,의정부시,추동웰빙공원물놀이장,74,의정부 2023_06.csv,문화관광,테마공원
의정부,2023,6,2023-06,54,경기도,의정부시,김민성탁구클럽,70,의정부 2023_06.csv,레저스포츠,기타레저스포츠
의정부,2023,6,2023-06,55,경기도,의정부시,활기체육공원,64,의정부 2023_06.csv,문화관광,도시공원
의정부,2023,6,2023-06,56,경기도,의정부시,송산사지근린공원,60,의정부 2023_06.csv,문화관광,도시공원
의정부,2023,6,2023-06,57,경기도,의정부시,용현정,58,의정부 2023_06.csv,레저스포츠,육상레저스포츠
의정부,2023,6,2023-06,58,경기도,의정부시,의정부시리틀야구장,57,의정부 2023_06.csv,문화관광,레저스포츠시설
의정부,2023,6,2023-06,59,경기도,의정부시,투앤디수영장,55,의정부 2023_06.csv,문화관광,테마공원
의정부,2023,6,2023-06,60,경기도,의정부시,장암파크골프장,53,의정부 2023_06.csv,레저스포츠,육상레저스포츠
의정부,2023,6,2023-06,60,경기도,의정부시,하랑키즈카페,53,의정부 2023_06.csv,문화관광,테마공원
의정부,2023,6,2023-06,62,경기도,의정부시,원각사,46,의정부 2023_06.csv,역사관광,종교성지
의정부,2023,6,2023-06,63,경기도,의정부시,대원사,45,의정부 2023_06.csv,역사관광,종교성지
의정부,2023,6,2023-06,63,경기도,의정부시,스트라이크존의정부민락구장,45,의정부 2023_06.csv,레저스포츠,기타레저스포츠
의정부,2023,6,2023-06,65,경기도,의정부시,송산레포츠,44,의정부 2023_06.csv,문화관광,테마공원
의정부,2023,6,2023-06,66,경기도,의정부시,노강서원,43,의정부 2023_06.csv,역사관광,역사유적지
의정부,2023,6,2023-06,67,경기도,의정부시,신숙주선생묘,41,의정부 2023_06.csv,역사관광,역사유적지
의정부,2023,6,2023-06,68,경기도,의정부시,성불사,39,의정부 2023_06.csv,역사관광,종교성지
의정부,2023,6,2023-06,69,경기도,의정부시,버들개야구장,37,의정부 2023_06.csv,문화관광,레저스포츠시설
의정부,2023,6,2023-06,70,경기도,의정부시,스카이짐유소년스포츠클럽녹양점,36,의정부 2023_06.csv,레저스포츠,기타레저스포츠
의정부,2023,6,2023-06,70,경기도,의정부시,쌍용사,36,의정부 2023_06.csv,역사관광,종교성지
의정부,2023,6,2023-06,72,경기도,의정부시,의정부천문대,31,의정부 2023_06.csv,레저스포츠,기타레저스포츠
의정부,2023,6,2023-06,73,경기도,의정부시,중앙문화공원,30,의정부 2023_06.csv,문화관광,도시공원
의정부,2023,6,2023-06,74,경기도,의정부시,의정부가구거리,29,의정부 2023_06.csv,쇼핑,기타쇼핑시설
의정부,2023,6,2023-06,74,경기도,의정부시,김미미도예공방,29,의정부 2023_06.csv,체험관광,공예체험
의정부,2023,6,2023-06,76,경기도,의정부시,추동배드민턴장,28,의정부 2023_06.csv,레저스포츠,기타레저스포츠
의정부,2023,6,2023-06,77,경기도,의정부시,무지랭이계곡,27,의정부 2023_06.csv,자연관광,자연경관(산)
의정부,2023,6,2023-06,78,경기도,의정부시,추동웰빙공원,26,의정부 2023_06.csv,문화관광,도시공원
의정부,2023,6,2023-06,79,경기도,의정부시,우리끼리 키즈카페 스포츠마을의정부민락점,24,의정부 2023_06.csv,문화관광,테마공원
의정부,2023,6,2023-06,79,경기도,의정부시,의정부시장,24,의정부 2023_06.csv,쇼핑,시장
의정부,2023,6,2023-06,81,경기도,의정부시,로데오거리상점가,23,의정부 2023_06.csv,쇼핑,시장
의정부,2023,6,2023-06,81,경기도,의정부시,우리소극장,23,의정부 2023_06.csv,문화관광,공연시설
의정부,2023,6,2023-06,81,경기도,의정부시,킹클라이밍,23,의정부 2023_06.csv,레저스포츠,기타레저스포츠
의정부,2023,6,2023-06,84,경기도,의정부시,수락사,22,의정부 2023_06.csv,역사관광,종교성지
의정부,2023,6,2023-06,85,경기도,의정부시,리틀베이비카페,21,의정부 2023_06.csv,문화관광,테마공원
의정부,2023,6,2023-06,85,경기도,의정부시,어수정어린이공원,21,의정부 2023_06.csv,문화관광,도시공원
의정부,2023,6,2023-06,85,경기도,의정부시,슈퍼키즈스카이방방의정부민락점,21,의정부 2023_06.csv,문화관광,테마공원
의정부,2023,6,2023-06,85,경기도,의정부시,들꽃마을,21,의정부 2023_06.csv,문화관광,테마공원
의정부,2023,6,2023-06,85,경기도,의정부시,리드민리듬체조민락본점,21,의정부 2023_06.csv,레저스포츠,기타레저스포츠
의정부,2023,6,2023-06,90,경기도,의정부시,상금오어린이공원,19,의정부 2023_06.csv,문화관광,도시공원
의정부,2023,6,2023-06,90,경기도,의정부시,와우민턴샵,19,의정부 2023_06.csv,레저스포츠,기타레저스포츠
의정부,2023,6,2023-06,92,경기도,의정부시,의정부약수선원목조보살입상,18,의정부 2023_06.csv,역사관광,역사유적지
의정부,2023,6,2023-06,92,경기도,의정부시,신곡탁구클럽,18,의정부 2023_06.csv,레저스포츠,기타레저스포츠
의정부,2023,6,2023-06,94,경기도,의정부시,회룡문화공원,17,의정부 2023_06.csv,문화관광,도시공원
의정부,2023,6,2023-06,95,경기도,의정부시,봉화정사,16,의정부 2023_06.csv,역사관광,종교성지
의정부,2023,6,2023-06,95,경기도,의정부시,슈가복싱의정부점,16,의정부 2023_06.csv,레저스포츠,기타레저스포츠
의정부,2023,6,2023-06,95,경기도,의정부시,정화사,16,의정부 2023_06.csv,역사관광,종교성지
의정부,2023,6,2023-06,95,경기도,의정부시,롤프렌롤러장,16,의정부 2023_06.csv,레저스포츠,육상레저스포츠
의정부,2023,6,2023-06,99,경기도,의정부시,캠프라과디아체육공원,15,의정부 2023_06.csv,문화관광,도시공원
의정부,2023,6,2023-06,100,경기도,의정부시,정수선원,13,의정부 2023_06.csv,역사관광,종교성지
의정부,2023,6,2023-06,100,경기도,의정부시,태조이성계상,13,의정부 2023_06.csv,기타관광,기타관광
의정부,2023,6,2023-06,102,경기도,의정부시,의정부지구전투기념비,12,의정부 2023_06.csv,역사관광,역사유물
의정부,2023,6,2023-06,102,경기도,의정부시,쌍암사,12,의정부 2023_06.csv,역사관광,종교성지
의정부,2023,6,2023-06,102,경기도,의정부시,안골계곡,12,의정부 2023_06.csv,자연관광,자연경관(산)
의정부,2023,6,2023-06,102,경기도,의정부시,김병지축구클럽의정부롯데마트점,12,의정부 2023_06.csv,레저스포츠,기타레저스포츠
의정부,2023,6,2023-06,106,경기도,의정부시,몽슈슈베이비카페,11,의정부 2023_06.csv,문화관광,테마공원
의정부,2023,6,2023-06,106,경기도,의정부시,소망어린이공원,11,의정부 2023_06.csv,문화관광,도시공원
의정부,2023,6,2023-06,106,경기도,의정부시,현충탑,11,의정부 2023_06.csv,역사관광,역사유물
의정부,2023,6,2023-06,109,경기도,의정부시,드래곤트릭킹짐,10,의정부 2023_06.csv,레저스포츠,기타레저스포츠
의정부,2023,6,2023-06,109,경기도,의정부시,용현사,10,의정부 2023_06.csv,역사관광,종교성지
의정부,2023,6,2023-06,111,경기도,의정부시,메이드라인,9,의정부 2023_06.csv,레저스포츠,기타레저스포츠
의정부,2023,6,2023-06,111,경기도,의정부시,꽃동네어린이공원,9,의정부 2023_06.csv,문화관광,도시공원
의정부,2023,6,2023-06,111,경기도,의정부시,스트라이크존의정부구장,9,의정부 2023_06.csv,레저스포츠,기타레저스포츠
의정부,2023,6,2023-06,111,경기도,의정부시,귀락문화공원,9,의정부 2023_06.csv,문화관광,도시공원
의정부,2023,6,2023-06,115,경기도,의정부시,갤러리평화,8,의정부 2023_06.csv,문화관광,전시시설
의정부,2023,6,2023-06,115,경기도,의정부시,원효사,8,의정부 2023_06.csv,역사관광,종교성지
의정부,2023,6,2023-06,115,경기도,의정부시,영산법화사,8,의정부 2023_06.csv,역사관광,종교성지
의정부,2023,6,2023-06,115,경기도,의정부시,금오탁구장,8,의정부 2023_06.csv,레저스포츠,기타레저스포츠
의정부,2023,6,2023-06,119,경기도,의정부시,신효섭탁구장,7,의정부 2023_06.csv,레저스포츠,기타레저스포츠
의정부,2023,6,2023-06,119,경기도,의정부시,미래주니어축구클럽,7,의정부 2023_06.csv,레저스포츠,기타레저스포츠
의정부,2023,6,2023-06,121,경기도,의정부시,북한산국립공원원도봉탐방지원센터,6,의정부 2023_06.csv,기타관광,기타관광
의정부,2023,6,2023-06,121,경기도,의정부시,한국산악회등산학교,6,의정부 2023_06.csv,레저스포츠,기타레저스포츠
의정부,2023,6,2023-06,121,경기도,의정부시,망월사천봉선사탑비,6,의정부 2023_06.csv,역사관광,역사유적지
의정부,2023,6,2023-06,121,경기도,의정부시,미륵암,6,의정부 2023_06.csv,역사관광,종교성지
의정부,2023,6,2023-06,121,경기도,의정부시,석림사계곡,6,의정부 2023_06.csv,자연관광,자연경관(산)
의정부,2023,6,2023-06,121,경기도,의정부시,푸른마당근린공원,6,의정부 2023_06.csv,문화관광,도시공원
의정부,2023,6,2023-06,121,경기도,의정부시,복싱히어로의정부역점,6,의정부 2023_06.csv,레저스포츠,기타레저스포츠
의정부,2023,6,2023-06,128,경기도,의정부시,청년창작공간작당,5,의정부 2023_06.csv,문화관광,기타문화관광지
의정부,2023,6,2023-06,128,경기도,의정부시,스카이공연홀,5,의정부 2023_06.csv,문화관광,공연시설
의정부,2023,6,2023-06,130,경기도,의정부시,이성숙탁구클럽,4,의정부 2023_06.csv,레저스포츠,기타레저스포츠
의정부,2023,6,2023-06,130,경기도,의정부시,관음사,4,의정부 2023_06.csv,역사관광,종교성지
의정부,2023,6,2023-06,130,경기도,의정부시,정문부장군묘,4,의정부 2023_06.csv,역사관광,역사유적지
의정부,2023,6,2023-06,130,경기도,의정부시,토끼어린이공원,4,의정부 2023_06.csv,문화관광,도시공원
의정부,2023,6,2023-06,130,경기도,의정부시,영락사,4,의정부 2023_06.csv,역사관광,종교성지
의정부,2023,6,2023-06,130,경기도,의정부시,홍연경민현대미술관,4,의정부 2023_06.csv,문화관광,전시시설
의정부,2023,6,2023-06,130,경기도,의정부시,추동공원,4,의정부 2023_06.csv,문화관광,도시공원
의정부,2023,6,2023-06,137,경기도,의정부시,미가사,3,의정부 2023_06.csv,역사관광,종교성지
의정부,2023,6,2023-06,137,경기도,의정부시,담지가죽공예학원,3,의정부 2023_06.csv,체험관광,공예체험
의정부,2023,6,2023-06,137,경기도,의정부시,고산MMA주짓수종합격투기,3,의정부 2023_06.csv,레저스포츠,기타레저스포츠
의정부,2023,6,2023-06,137,경기도,의정부시,홍짐,3,의정부 2023_06.csv,레저스포츠,기타레저스포츠
의정부,2023,6,2023-06,137,경기도,의정부시,승지원트레이닝센터,3,의정부 2023_06.csv,레저스포츠,기타레저스포츠
의정부,2023,6,2023-06,137,경기도,의정부시,쥬드베베 베이비카페,3,의정부 2023_06.csv,문화관광,테마공원
의정부,2023,6,2023-06,137,경기도,의정부시,쌍암사현대불교,3,의정부 2023_06.csv,역사관광,종교성지
의정부,2023,6,2023-06,137,경기도,의정부시,약수배드민턴클럽,3,의정부 2023_06.csv,레저스포츠,기타레저스포츠
의정부,2023,6,2023-06,137,경기도,의정부시,직동수련원,3,의정부 2023_06.csv,레저스포츠,육상레저스포츠
의정부,2023,6,2023-06,137,경기도,의정부시,덕천사,3,의정부 2023_06.csv,역사관광,종교성지
의정부,2023,6,2023-06,137,경기도,의정부시,백합어린이공원,3,의정부 2023_06.csv,문화관광,도시공원
의정부,2023,6,2023-06,137,경기도,의정부시,장암발곡근린공원,3,의정부 2023_06.csv,문화관광,도시공원
의정부,2023,6,2023-06,137,경기도,의정부시,스카이짐 유소년 스포츠클럽,3,의정부 2023_06.csv,레저스포츠,기타레저스포츠
의정부,2023,6,2023-06,137,경기도,의정부시,의정부포교원,3,의정부 2023_06.csv,역사관광,종교성지
의정부,2023,6,2023-06,137,경기도,의정부시,현대탁구클럽,3,의정부 2023_06.csv,레저스포츠,기타레저스포츠
의정부,2023,6,2023-06,137,경기도,의정부시,뛰노리방방,3,의정부 2023_06.csv,문화관광,테마공원
의정부,2023,6,2023-06,137,경기도,의정부시,회룡사5층석탑,3,의정부 2023_06.csv,역사관광,역사유물
의정부,2023,6,2023-06,137,경기도,의정부시,리얼야구존의정부점,3,의정부 2023_06.csv,레저스포츠,기타레저스포츠
의정부,2023,6,2023-06,137,경기도,의정부시,심원사,3,의정부 2023_06.csv,역사관광,종교성지
의정부,2023,6,2023-06,137,경기도,의정부시,여래사,3,의정부 2023_06.csv,역사관광,종교성지
의정부,2023,6,2023-06,137,경기도,의정부시,담다헌주말농장,3,의정부 2023_06.csv,체험관광,농/산/어촌체험
의정부,2023,6,2023-06,137,경기도,의정부시,신원배드민턴클럽,3,의정부 2023_06.csv,레저스포츠,기타레저스포츠
의정부,2023,6,2023-06,137,경기도,의정부시,마스터탁구클럽,3,의정부 2023_06.csv,레저스포츠,기타레저스포츠
의정부,2023,6,2023-06,137,경기도,의정부시,레벨업탁구클럽,3,의정부 2023_06.csv,레저스포츠,기타레저스포츠
의정부,2023,6,2023-06,137,경기도,의정부시,평화의 소녀상,3,의정부 2023_06.csv,역사관광,역사유물
의정부,2023,6,2023-06,137,경기도,의정부시,유니크발레,3,의정부 2023_06.csv,레저스포츠,기타레저스포츠
의정부,2023,7,2023-07,1,경기도,의정부시,신세계백화점의정부점,24010,의정부 2023_07.csv,쇼핑,백화점
의정부,2023,7,2023-07,2,경기도,의정부시,의정부제일시장,7543,의정부 2023_07.csv,쇼핑,시장
의정부,2023,7,2023-07,3,경기도,의정부시,의정부버스터미널,4086,의정부 2023_07.csv,기타관광,교통시설
의정부,2023,7,2023-07,4,경기도,의정부시,롯데시네마의정부민락,3704,의정부 2023_07.csv,문화관광,공연시설
의정부,2023,7,2023-07,5,경기도,의정부시,의정부예술의전당,2484,의정부 2023_07.csv,문화관광,공연시설
의정부,2023,7,2023-07,6,경기도,의정부시,메가박스의정부민락,2458,의정부 2023_07.csv,문화관광,공연시설
의정부,2023,7,2023-07,7,경기도,의정부시,CGV의정부태흥,2219,의정부 2023_07.csv,문화관광,공연시설
의정부,2023,7,2023-07,8,경기도,의정부시,CGV의정부,1208,의정부 2023_07.csv,문화관광,공연시설
의정부,2023,7,2023-07,9,경기도,의정부시,송산배수지체육시설,786,의정부 2023_07.csv,문화관광,도시공원
의정부,2023,7,2023-07,10,경기도,의정부시,의정부시청소년수련관,776,의정부 2023_07.csv,레저스포츠,육상레저스포츠
의정부,2023,7,2023-07,11,경기도,의정부시,신곡실내배드민턴장,762,의정부 2023_07.csv,레저스포츠,기타레저스포츠
의정부,2023,7,2023-07,12,경기도,의정부시,태영프라자,744,의정부 2023_07.csv,쇼핑,쇼핑몰
의정부,2023,7,2023-07,13,경기도,의정부시,와글아이의정부점,663,의정부 2023_07.csv,문화관광,테마공원
의정부,2023,7,2023-07,13,경기도,의정부시,직동근린공원,663,의정부 2023_07.csv,문화관광,도시공원
의정부,2023,7,2023-07,15,경기도,의정부시,고고다이노키즈카페민락점,659,의정부 2023_07.csv,문화관광,테마공원
의정부,2023,7,2023-07,16,경기도,의정부시,렛츠런CCC의정부지점,607,의정부 2023_07.csv,레저스포츠,육상레저스포츠
의정부,2023,7,2023-07,17,경기도,의정부시,의정부실내빙상장,591,의정부 2023_07.csv,레저스포츠,육상레저스포츠
의정부,2023,7,2023-07,18,경기도,의정부시,히어로키즈파크의정부지점,352,의정부 2023_07.csv,문화관광,테마공원
의정부,2023,7,2023-07,19,경기도,의정부시,서울승마클럽,335,의정부 2023_07.csv,레저스포츠,육상레저스포츠
의정부,2023,7,2023-07,20,경기도,의정부시,점프스카이민락점,329,의정부 2023_07.csv,문화관광,테마공원
의정부,2023,7,2023-07,21,경기도,의정부시,석림사,284,의정부 2023_07.csv,역사관광,종교성지
의정부,2023,7,2023-07,22,경기도,의정부시,녹양야구장,280,의정부 2023_07.csv,문화관광,레저스포츠시설
의정부,2023,7,2023-07,23,경기도,의정부시,투앤디수영장,269,의정부 2023_07.csv,문화관광,테마공원
의정부,2023,7,2023-07,24,경기도,의정부시,추동웰빙공원물놀이장,260,의정부 2023_07.csv,문화관광,테마공원
의정부,2023,7,2023-07,25,경기도,의정부시,루나루즈키즈카페,230,의정부 2023_07.csv,문화관광,테마공원
의정부,2023,7,2023-07,26,경기도,의정부시,천보탁구장,185,의정부 2023_07.csv,레저스포츠,기타레저스포츠
의정부,2023,7,2023-07,27,경기도,의정부시,큐리키즈카페의정부점,176,의정부 2023_07.csv,문화관광,테마공원
의정부,2023,7,2023-07,28,경기도,의정부시,추동배드민턴장,170,의정부 2023_07.csv,레저스포츠,기타레저스포츠
의정부,2023,7,2023-07,29,경기도,의정부시,타요키즈카페의정부민락점,168,의정부 2023_07.csv,문화관광,테마공원
의정부,2023,7,2023-07,30,경기도,의정부시,의정부청과야채시장,161,의정부 2023_07.csv,쇼핑,시장
의정부,2023,7,2023-07,31,경기도,의정부시,어울놀이패밀리카페,155,의정부 2023_07.csv,문화관광,테마공원
의정부,2023,7,2023-07,31,경기도,의정부시,고고롤러스케이트장,155,의정부 2023_07.csv,레저스포츠,육상레저스포츠
의정부,2023,7,2023-07,33,경기도,의정부시,회룡사,151,의정부 2023_07.csv,역사관광,종교성지
의정부,2023,7,2023-07,34,경기도,의정부시,헬로방방민락점,148,의정부 2023_07.csv,문화관광,테마공원
의정부,2023,7,2023-07,35,경기도,의정부시,서영빌딩서관,142,의정부 2023_07.csv,문화관광,기타문화관광지
의정부,2023,7,2023-07,36,경기도,의정부시,직동축구장,133,의정부 2023_07.csv,문화관광,레저스포츠시설
의정부,2023,7,2023-07,37,경기도,의정부시,송산레포츠,124,의정부 2023_07.csv,문화관광,테마공원
의정부,2023,7,2023-07,38,경기도,의정부시,곤제구장,120,의정부 2023_07.csv,문화관광,레저스포츠시설
의정부,2023,7,2023-07,39,경기도,의정부시,안골유원지,115,의정부 2023_07.csv,문화관광,복합관광시설
의정부,2023,7,2023-07,40,경기도,의정부시,허니비풋살파크,112,의정부 2023_07.csv,문화관광,레저스포츠시설
의정부,2023,7,2023-07,41,경기도,의정부시,곤제근린공원,108,의정부 2023_07.csv,문화관광,도시공원
의정부,2023,7,2023-07,41,경기도,의정부시,역전근린공원,108,의정부 2023_07.csv,문화관광,도시공원
의정부,2023,7,2023-07,43,경기도,의정부시,경륜경정의정부지점,107,의정부 2023_07.csv,레저스포츠,육상레저스포츠
의정부,2023,7,2023-07,44,경기도,의정부시,알쏭달쏭키즈드로잉,106,의정부 2023_07.csv,문화관광,테마공원
의정부,2023,7,2023-07,45,경기도,의정부시,왕바우근린공원,98,의정부 2023_07.csv,문화관광,도시공원
의정부,2023,7,2023-07,46,경기도,의정부시,마린앤키즈,94,의정부 2023_07.csv,문화관광,테마공원
의정부,2023,7,2023-07,47,경기도,의정부시,우리소극장,91,의정부 2023_07.csv,문화관광,공연시설
의정부,2023,7,2023-07,48,경기도,의정부시,망월사,87,의정부 2023_07.csv,역사관광,종교성지
의정부,2023,7,2023-07,49,경기도,의정부시,장수원배드민턴클럽,85,의정부 2023_07.csv,레저스포츠,기타레저스포츠
의정부,2023,7,2023-07,50,경기도,의정부시,백영수미술관,82,의정부 2023_07.csv,문화관광,전시시설
의정부,2023,7,2023-07,51,경기도,의정부시,하랑키즈카페,80,의정부 2023_07.csv,문화관광,테마공원
의정부,2023,7,2023-07,52,경기도,의정부시,무지랭이계곡,78,의정부 2023_07.csv,자연관광,자연경관(산)
의정부,2023,7,2023-07,53,경기도,의정부시,윤한미탁구클럽,77,의정부 2023_07.csv,레저스포츠,기타레저스포츠
의정부,2023,7,2023-07,54,경기도,의정부시,의정부천문대,75,의정부 2023_07.csv,레저스포츠,기타레저스포츠
의정부,2023,7,2023-07,55,경기도,의정부시,들꽃마을,72,의정부 2023_07.csv,문화관광,테마공원
의정부,2023,7,2023-07,56,경기도,의정부시,낙양물사랑공원,71,의정부 2023_07.csv,문화관광,도시공원
의정부,2023,7,2023-07,57,경기도,의정부시,스카이짐유소년스포츠클럽녹양점,67,의정부 2023_07.csv,레저스포츠,기타레저스포츠
의정부,2023,7,2023-07,58,경기도,의정부시,자일낚시터,65,의정부 2023_07.csv,레저스포츠,수상레저스포츠
의정부,2023,7,2023-07,58,경기도,의정부시,김민성탁구클럽,65,의정부 2023_07.csv,레저스포츠,기타레저스포츠
의정부,2023,7,2023-07,60,경기도,의정부시,스트라이크존의정부민락구장,58,의정부 2023_07.csv,레저스포츠,기타레저스포츠
의정부,2023,7,2023-07,61,경기도,의정부시,호암사,56,의정부 2023_07.csv,역사관광,종교성지
의정부,2023,7,2023-07,62,경기도,의정부시,북한산국립공원회룡탐방지원센터,53,의정부 2023_07.csv,기타관광,기타관광
의정부,2023,7,2023-07,63,경기도,의정부시,리틀베이비카페,51,의정부 2023_07.csv,문화관광,테마공원
의정부,2023,7,2023-07,63,경기도,의정부시,김미미도예공방,51,의정부 2023_07.csv,체험관광,공예체험
의정부,2023,7,2023-07,65,경기도,의정부시,벌말어린이공원,41,의정부 2023_07.csv,문화관광,도시공원
의정부,2023,7,2023-07,66,경기도,의정부시,의정부시리틀야구장,39,의정부 2023_07.csv,문화관광,레저스포츠시설
의정부,2023,7,2023-07,67,경기도,의정부시,장암파크골프장,38,의정부 2023_07.csv,레저스포츠,육상레저스포츠
의정부,2023,7,2023-07,68,경기도,의정부시,우리끼리 키즈카페 스포츠마을의정부민락점,35,의정부 2023_07.csv,문화관광,테마공원
의정부,2023,7,2023-07,69,경기도,의정부시,롤프렌롤러장,34,의정부 2023_07.csv,레저스포츠,육상레저스포츠
의정부,2023,7,2023-07,70,경기도,의정부시,노강서원,33,의정부 2023_07.csv,역사관광,역사유적지
의정부,2023,7,2023-07,70,경기도,의정부시,미륵암,33,의정부 2023_07.csv,역사관광,종교성지
의정부,2023,7,2023-07,72,경기도,의정부시,한국산악회등산학교,30,의정부 2023_07.csv,레저스포츠,기타레저스포츠
의정부,2023,7,2023-07,72,경기도,의정부시,슈퍼키즈스카이방방의정부민락점,30,의정부 2023_07.csv,문화관광,테마공원
의정부,2023,7,2023-07,74,경기도,의정부시,신숙주선생묘,28,의정부 2023_07.csv,역사관광,역사유적지
의정부,2023,7,2023-07,74,경기도,의정부시,킹클라이밍,28,의정부 2023_07.csv,레저스포츠,기타레저스포츠
의정부,2023,7,2023-07,76,경기도,의정부시,추동웰빙공원,27,의정부 2023_07.csv,문화관광,도시공원
의정부,2023,7,2023-07,77,경기도,의정부시,와우민턴샵,26,의정부 2023_07.csv,레저스포츠,기타레저스포츠
의정부,2023,7,2023-07,78,경기도,의정부시,메이드라인,24,의정부 2023_07.csv,레저스포츠,기타레저스포츠
의정부,2023,7,2023-07,79,경기도,의정부시,쌍암사,22,의정부 2023_07.csv,역사관광,종교성지
의정부,2023,7,2023-07,79,경기도,의정부시,원각사,22,의정부 2023_07.csv,역사관광,종교성지
의정부,2023,7,2023-07,81,경기도,의정부시,슈가복싱의정부점,21,의정부 2023_07.csv,레저스포츠,기타레저스포츠
의정부,2023,7,2023-07,81,경기도,의정부시,김병지축구클럽의정부롯데마트점,21,의정부 2023_07.csv,레저스포츠,기타레저스포츠
의정부,2023,7,2023-07,83,경기도,의정부시,대원사,19,의정부 2023_07.csv,역사관광,종교성지
의정부,2023,7,2023-07,83,경기도,의정부시,의정부시장,19,의정부 2023_07.csv,쇼핑,시장
의정부,2023,7,2023-07,85,경기도,의정부시,꿀잼키즈룸의정부민락점,18,의정부 2023_07.csv,문화관광,테마공원
의정부,2023,7,2023-07,86,경기도,의정부시,안골계곡,16,의정부 2023_07.csv,자연관광,자연경관(산)
의정부,2023,7,2023-07,87,경기도,의정부시,버들개야구장,15,의정부 2023_07.csv,문화관광,레저스포츠시설
의정부,2023,7,2023-07,87,경기도,의정부시,영산법화사,15,의정부 2023_07.csv,역사관광,종교성지
의정부,2023,7,2023-07,87,경기도,의정부시,정화사,15,의정부 2023_07.csv,역사관광,종교성지
의정부,2023,7,2023-07,87,경기도,의정부시,정수선원,15,의정부 2023_07.csv,역사관광,종교성지
의정부,2023,7,2023-07,91,경기도,의정부시,로데오거리상점가,14,의정부 2023_07.csv,쇼핑,시장
의정부,2023,7,2023-07,91,경기도,의정부시,송산사지근린공원,14,의정부 2023_07.csv,문화관광,도시공원
의정부,2023,7,2023-07,91,경기도,의정부시,의정부아트캠프,14,의정부 2023_07.csv,문화관광,기타문화관광지
의정부,2023,7,2023-07,94,경기도,의정부시,몽슈슈베이비카페,13,의정부 2023_07.csv,문화관광,테마공원
의정부,2023,7,2023-07,94,경기도,의정부시,관음사,13,의정부 2023_07.csv,역사관광,종교성지
의정부,2023,7,2023-07,94,경기도,의정부시,성불사,13,의정부 2023_07.csv,역사관광,종교성지
의정부,2023,7,2023-07,94,경기도,의정부시,리드민리듬체조민락본점,13,의정부 2023_07.csv,레저스포츠,기타레저스포츠
의정부,2023,7,2023-07,98,경기도,의정부시,용현정,12,의정부 2023_07.csv,레저스포츠,육상레저스포츠
의정부,2023,7,2023-07,99,경기도,의정부시,마스터탁구클럽,11,의정부 2023_07.csv,레저스포츠,기타레저스포츠
의정부,2023,7,2023-07,100,경기도,의정부시,봉화정사,10,의정부 2023_07.csv,역사관광,종교성지
의정부,2023,7,2023-07,100,경기도,의정부시,원효사,10,의정부 2023_07.csv,역사관광,종교성지
의정부,2023,7,2023-07,100,경기도,의정부시,신곡탁구클럽,10,의정부 2023_07.csv,레저스포츠,기타레저스포츠
의정부,2023,7,2023-07,100,경기도,의정부시,미래주니어축구클럽,10,의정부 2023_07.csv,레저스포츠,기타레저스포츠
의정부,2023,7,2023-07,104,경기도,의정부시,약수배드민턴클럽,9,의정부 2023_07.csv,레저스포츠,기타레저스포츠
의정부,2023,7,2023-07,104,경기도,의정부시,공룡어린이공원,9,의정부 2023_07.csv,문화관광,도시공원
의정부,2023,7,2023-07,106,경기도,의정부시,북한산국립공원원도봉탐방지원센터,8,의정부 2023_07.csv,기타관광,기타관광
의정부,2023,7,2023-07,107,경기도,의정부시,망월사천봉선사탑비,7,의정부 2023_07.csv,역사관광,역사유적지
의정부,2023,7,2023-07,107,경기도,의정부시,의정부가구거리,7,의정부 2023_07.csv,쇼핑,기타쇼핑시설
의정부,2023,7,2023-07,109,경기도,의정부시,회룡문화공원,6,의정부 2023_07.csv,문화관광,도시공원
의정부,2023,7,2023-07,109,경기도,의정부시,샤모니클라이밍,6,의정부 2023_07.csv,레저스포츠,기타레저스포츠
의정부,2023,7,2023-07,109,경기도,의정부시,스카이공연홀,6,의정부 2023_07.csv,문화관광,공연시설
의정부,2023,7,2023-07,109,경기도,의정부시,쌍용사,6,의정부 2023_07.csv,역사관광,종교성지
의정부,2023,7,2023-07,109,경기도,의정부시,의정부포교원,6,의정부 2023_07.csv,역사관광,종교성지
의정부,2023,7,2023-07,109,경기도,의정부시,추동공원,6,의정부 2023_07.csv,문화관광,도시공원
의정부,2023,7,2023-07,109,경기도,의정부시,의정부LKFC유소년축구클럽,6,의정부 2023_07.csv,레저스포츠,기타레저스포츠
의정부,2023,7,2023-07,109,경기도,의정부시,귀락문화공원,6,의정부 2023_07.csv,문화관광,도시공원
의정부,2023,7,2023-07,117,경기도,의정부시,사패산,5,의정부 2023_07.csv,자연관광,자연경관(산)
의정부,2023,7,2023-07,117,경기도,의정부시,수락사,5,의정부 2023_07.csv,역사관광,종교성지
의정부,2023,7,2023-07,119,경기도,의정부시,쥬드베베 베이비카페,4,의정부 2023_07.csv,문화관광,테마공원
의정부,2023,7,2023-07,119,경기도,의정부시,영락사,4,의정부 2023_07.csv,역사관광,종교성지
의정부,2023,7,2023-07,119,경기도,의정부시,거문돌계곡,4,의정부 2023_07.csv,자연관광,자연경관(산)
의정부,2023,7,2023-07,119,경기도,의정부시,홍연경민현대미술관,4,의정부 2023_07.csv,문화관광,전시시설
의정부,2023,7,2023-07,119,경기도,의정부시,활기체육공원,4,의정부 2023_07.csv,문화관광,도시공원
의정부,2023,7,2023-07,119,경기도,의정부시,트라이포스의정부주짓수,4,의정부 2023_07.csv,레저스포츠,기타레저스포츠
의정부,2023,7,2023-07,119,경기도,의정부시,현충탑,4,의정부 2023_07.csv,역사관광,역사유물
의정부,2023,7,2023-07,126,경기도,의정부시,미가사,3,의정부 2023_07.csv,역사관광,종교성지
의정부,2023,7,2023-07,126,경기도,의정부시,킴스라인댄스,3,의정부 2023_07.csv,레저스포츠,기타레저스포츠
의정부,2023,7,2023-07,126,경기도,의정부시,중앙문화공원,3,의정부 2023_07.csv,문화관광,도시공원
의정부,2023,7,2023-07,126,경기도,의정부시,의정부축구센터U12,3,의정부 2023_07.csv,레저스포츠,기타레저스포츠
의정부,2023,7,2023-07,126,경기도,의정부시,캠프라과디아체육공원,3,의정부 2023_07.csv,문화관광,도시공원
의정부,2023,7,2023-07,126,경기도,의정부시,신창배농원,3,의정부 2023_07.csv,체험관광,농/산/어촌체험
의정부,2023,7,2023-07,126,경기도,의정부시,원투무에타이킥복싱체육관신곡점,3,의정부 2023_07.csv,레저스포츠,기타레저스포츠
의정부,2023,7,2023-07,126,경기도,의정부시,동그라미탁구교실,3,의정부 2023_07.csv,레저스포츠,기타레저스포츠
의정부,2023,7,2023-07,126,경기도,의정부시,슈가복싱회룡점,3,의정부 2023_07.csv,레저스포츠,기타레저스포츠
의정부,2023,7,2023-07,126,경기도,의정부시,원도봉산,3,의정부 2023_07.csv,자연관광,자연경관(산)
의정부,2023,7,2023-07,126,경기도,의정부시,어수정어린이공원,3,의정부 2023_07.csv,문화관광,도시공원
의정부,2023,7,2023-07,126,경기도,의정부시,홍익문화공원,3,의정부 2023_07.csv,문화관광,도시공원
의정부,2023,7,2023-07,126,경기도,의정부시,상금오어린이공원,3,의정부 2023_07.csv,문화관광,도시공원
의정부,2023,7,2023-07,126,경기도,의정부시,석림사계곡,3,의정부 2023_07.csv,자연관광,자연경관(산)
의정부,2023,7,2023-07,126,경기도,의정부시,현대탁구클럽,3,의정부 2023_07.csv,레저스포츠,기타레저스포츠
의정부,2023,7,2023-07,126,경기도,의정부시,뛰노리방방,3,의정부 2023_07.csv,문화관광,테마공원
의정부,2023,7,2023-07,126,경기도,의정부시,푸른마당근린공원,3,의정부 2023_07.csv,문화관광,도시공원
의정부,2023,7,2023-07,126,경기도,의정부시,의정부예술의전당대극장,3,의정부 2023_07.csv,문화관광,공연시설
의정부,2023,7,2023-07,126,경기도,의정부시,삼각사,3,의정부 2023_07.csv,역사관광,종교성지
의정부,2023,7,2023-07,126,경기도,의정부시,용화사,3,의정부 2023_07.csv,역사관광,종교성지
의정부,2023,7,2023-07,126,경기도,의정부시,스트라이크존의정부구장,3,의정부 2023_07.csv,레저스포츠,기타레저스포츠
의정부,2023,7,2023-07,126,경기도,의정부시,금오탁구장,3,의정부 2023_07.csv,레저스포츠,기타레저스포츠
의정부,2023,7,2023-07,126,경기도,의정부시,레벨업탁구클럽,3,의정부 2023_07.csv,레저스포츠,기타레저스포츠
의정부,2023,7,2023-07,126,경기도,의정부시,유니크발레,3,의정부 2023_07.csv,레저스포츠,기타레저스포츠
의정부,2023,8,2023-08,1,경기도,의정부시,신세계백화점의정부점,21893,의정부 2023_08.csv,쇼핑,백화점
의정부,2023,8,2023-08,2,경기도,의정부시,의정부제일시장,7924,의정부 2023_08.csv,쇼핑,시장
의정부,2023,8,2023-08,3,경기도,의정부시,롯데시네마의정부민락,4339,의정부 2023_08.csv,문화관광,공연시설
의정부,2023,8,2023-08,4,경기도,의정부시,의정부버스터미널,4245,의정부 2023_08.csv,기타관광,교통시설
의정부,2023,8,2023-08,5,경기도,의정부시,의정부실내빙상장,3790,의정부 2023_08.csv,레저스포츠,육상레저스포츠
의정부,2023,8,2023-08,6,경기도,의정부시,의정부예술의전당,2741,의정부 2023_08.csv,문화관광,공연시설
의정부,2023,8,2023-08,7,경기도,의정부시,메가박스의정부민락,2500,의정부 2023_08.csv,문화관광,공연시설
의정부,2023,8,2023-08,8,경기도,의정부시,CGV의정부태흥,2241,의정부 2023_08.csv,문화관광,공연시설
의정부,2023,8,2023-08,9,경기도,의정부시,CGV의정부,1457,의정부 2023_08.csv,문화관광,공연시설
의정부,2023,8,2023-08,10,경기도,의정부시,송산배수지체육시설,785,의정부 2023_08.csv,문화관광,도시공원
의정부,2023,8,2023-08,11,경기도,의정부시,태영프라자,735,의정부 2023_08.csv,쇼핑,쇼핑몰
의정부,2023,8,2023-08,12,경기도,의정부시,의정부시청소년수련관,711,의정부 2023_08.csv,레저스포츠,육상레저스포츠
의정부,2023,8,2023-08,13,경기도,의정부시,신곡실내배드민턴장,699,의정부 2023_08.csv,레저스포츠,기타레저스포츠
의정부,2023,8,2023-08,14,경기도,의정부시,와글아이의정부점,647,의정부 2023_08.csv,문화관광,테마공원
의정부,2023,8,2023-08,15,경기도,의정부시,고고다이노키즈카페민락점,610,의정부 2023_08.csv,문화관광,테마공원
의정부,2023,8,2023-08,16,경기도,의정부시,투앤디수영장,604,의정부 2023_08.csv,문화관광,테마공원
의정부,2023,8,2023-08,17,경기도,의정부시,직동근린공원,587,의정부 2023_08.csv,문화관광,도시공원
의정부,2023,8,2023-08,18,경기도,의정부시,렛츠런CCC의정부지점,424,의정부 2023_08.csv,레저스포츠,육상레저스포츠
의정부,2023,8,2023-08,19,경기도,의정부시,히어로키즈파크의정부지점,361,의정부 2023_08.csv,문화관광,테마공원
의정부,2023,8,2023-08,20,경기도,의정부시,석림사,341,의정부 2023_08.csv,역사관광,종교성지
의정부,2023,8,2023-08,21,경기도,의정부시,점프스카이민락점,338,의정부 2023_08.csv,문화관광,테마공원
의정부,2023,8,2023-08,22,경기도,의정부시,서울승마클럽,308,의정부 2023_08.csv,레저스포츠,육상레저스포츠
의정부,2023,8,2023-08,23,경기도,의정부시,낙양물사랑공원,262,의정부 2023_08.csv,문화관광,도시공원
의정부,2023,8,2023-08,24,경기도,의정부시,천보탁구장,258,의정부 2023_08.csv,레저스포츠,기타레저스포츠
의정부,2023,8,2023-08,25,경기도,의정부시,루나루즈키즈카페,244,의정부 2023_08.csv,문화관광,테마공원
의정부,2023,8,2023-08,26,경기도,의정부시,녹양야구장,225,의정부 2023_08.csv,문화관광,레저스포츠시설
의정부,2023,8,2023-08,27,경기도,의정부시,헬로방방민락점,203,의정부 2023_08.csv,문화관광,테마공원
의정부,2023,8,2023-08,28,경기도,의정부시,추동배드민턴장,188,의정부 2023_08.csv,레저스포츠,기타레저스포츠
의정부,2023,8,2023-08,29,경기도,의정부시,고고롤러스케이트장,182,의정부 2023_08.csv,레저스포츠,육상레저스포츠
의정부,2023,8,2023-08,30,경기도,의정부시,송산레포츠,175,의정부 2023_08.csv,문화관광,테마공원
의정부,2023,8,2023-08,31,경기도,의정부시,회룡사,167,의정부 2023_08.csv,역사관광,종교성지
의정부,2023,8,2023-08,31,경기도,의정부시,추동웰빙공원물놀이장,167,의정부 2023_08.csv,문화관광,테마공원
의정부,2023,8,2023-08,33,경기도,의정부시,타요키즈카페의정부민락점,159,의정부 2023_08.csv,문화관광,테마공원
의정부,2023,8,2023-08,34,경기도,의정부시,서영빌딩서관,151,의정부 2023_08.csv,문화관광,기타문화관광지
의정부,2023,8,2023-08,35,경기도,의정부시,안골유원지,149,의정부 2023_08.csv,문화관광,복합관광시설
의정부,2023,8,2023-08,36,경기도,의정부시,망월사,138,의정부 2023_08.csv,역사관광,종교성지
의정부,2023,8,2023-08,37,경기도,의정부시,허니비풋살파크,137,의정부 2023_08.csv,문화관광,레저스포츠시설
의정부,2023,8,2023-08,37,경기도,의정부시,경륜경정의정부지점,137,의정부 2023_08.csv,레저스포츠,육상레저스포츠
의정부,2023,8,2023-08,39,경기도,의정부시,의정부청과야채시장,131,의정부 2023_08.csv,쇼핑,시장
의정부,2023,8,2023-08,40,경기도,의정부시,곤제구장,130,의정부 2023_08.csv,문화관광,레저스포츠시설
의정부,2023,8,2023-08,41,경기도,의정부시,김민성탁구클럽,125,의정부 2023_08.csv,레저스포츠,기타레저스포츠
의정부,2023,8,2023-08,42,경기도,의정부시,어울놀이패밀리카페,122,의정부 2023_08.csv,문화관광,테마공원
의정부,2023,8,2023-08,43,경기도,의정부시,자일낚시터,113,의정부 2023_08.csv,레저스포츠,수상레저스포츠
의정부,2023,8,2023-08,44,경기도,의정부시,큐리키즈카페의정부점,111,의정부 2023_08.csv,문화관광,테마공원
의정부,2023,8,2023-08,45,경기도,의정부시,알쏭달쏭키즈드로잉,103,의정부 2023_08.csv,문화관광,테마공원
의정부,2023,8,2023-08,46,경기도,의정부시,활기체육공원,101,의정부 2023_08.csv,문화관광,도시공원
의정부,2023,8,2023-08,46,경기도,의정부시,직동축구장,101,의정부 2023_08.csv,문화관광,레저스포츠시설
의정부,2023,8,2023-08,48,경기도,의정부시,들꽃마을,99,의정부 2023_08.csv,문화관광,테마공원
의정부,2023,8,2023-08,48,경기도,의정부시,마린앤키즈,99,의정부 2023_08.csv,문화관광,테마공원
의정부,2023,8,2023-08,50,경기도,의정부시,윤한미탁구클럽,97,의정부 2023_08.csv,레저스포츠,기타레저스포츠
의정부,2023,8,2023-08,51,경기도,의정부시,송산사지근린공원,85,의정부 2023_08.csv,문화관광,도시공원
의정부,2023,8,2023-08,52,경기도,의정부시,역전근린공원,84,의정부 2023_08.csv,문화관광,도시공원
의정부,2023,8,2023-08,53,경기도,의정부시,곤제근린공원,78,의정부 2023_08.csv,문화관광,도시공원
의정부,2023,8,2023-08,53,경기도,의정부시,우리소극장,78,의정부 2023_08.csv,문화관광,공연시설
의정부,2023,8,2023-08,55,경기도,의정부시,하랑키즈카페,76,의정부 2023_08.csv,문화관광,테마공원
의정부,2023,8,2023-08,56,경기도,의정부시,북한산국립공원회룡탐방지원센터,73,의정부 2023_08.csv,기타관광,기타관광
의정부,2023,8,2023-08,57,경기도,의정부시,의정부천문대,72,의정부 2023_08.csv,레저스포츠,기타레저스포츠
의정부,2023,8,2023-08,58,경기도,의정부시,스트라이크존의정부민락구장,67,의정부 2023_08.csv,레저스포츠,기타레저스포츠
의정부,2023,8,2023-08,59,경기도,의정부시,장수원배드민턴클럽,65,의정부 2023_08.csv,레저스포츠,기타레저스포츠
의정부,2023,8,2023-08,59,경기도,의정부시,호암사,65,의정부 2023_08.csv,역사관광,종교성지
의정부,2023,8,2023-08,61,경기도,의정부시,백영수미술관,59,의정부 2023_08.csv,문화관광,전시시설
의정부,2023,8,2023-08,62,경기도,의정부시,의정부가구거리,55,의정부 2023_08.csv,쇼핑,기타쇼핑시설
의정부,2023,8,2023-08,62,경기도,의정부시,롤프렌롤러장,55,의정부 2023_08.csv,레저스포츠,육상레저스포츠
의정부,2023,8,2023-08,64,경기도,의정부시,장암파크골프장,54,의정부 2023_08.csv,레저스포츠,육상레저스포츠
의정부,2023,8,2023-08,65,경기도,의정부시,안골계곡,52,의정부 2023_08.csv,자연관광,자연경관(산)
의정부,2023,8,2023-08,66,경기도,의정부시,무지랭이계곡,51,의정부 2023_08.csv,자연관광,자연경관(산)
의정부,2023,8,2023-08,67,경기도,의정부시,쌍암사,48,의정부 2023_08.csv,역사관광,종교성지
의정부,2023,8,2023-08,68,경기도,의정부시,왕바우근린공원,45,의정부 2023_08.csv,문화관광,도시공원
의정부,2023,8,2023-08,69,경기도,의정부시,꿀잼키즈룸의정부민락점,42,의정부 2023_08.csv,문화관광,테마공원
의정부,2023,8,2023-08,69,경기도,의정부시,벌말어린이공원,42,의정부 2023_08.csv,문화관광,도시공원
의정부,2023,8,2023-08,71,경기도,의정부시,의정부아트캠프,41,의정부 2023_08.csv,문화관광,기타문화관광지
의정부,2023,8,2023-08,72,경기도,의정부시,스카이짐유소년스포츠클럽녹양점,38,의정부 2023_08.csv,레저스포츠,기타레저스포츠
의정부,2023,8,2023-08,72,경기도,의정부시,리틀베이비카페,38,의정부 2023_08.csv,문화관광,테마공원
의정부,2023,8,2023-08,72,경기도,의정부시,어수정어린이공원,38,의정부 2023_08.csv,문화관광,도시공원
의정부,2023,8,2023-08,72,경기도,의정부시,의정부시리틀야구장,38,의정부 2023_08.csv,문화관광,레저스포츠시설
의정부,2023,8,2023-08,76,경기도,의정부시,노강서원,37,의정부 2023_08.csv,역사관광,역사유적지
의정부,2023,8,2023-08,77,경기도,의정부시,의정부시장,35,의정부 2023_08.csv,쇼핑,시장
의정부,2023,8,2023-08,78,경기도,의정부시,상금오어린이공원,33,의정부 2023_08.csv,문화관광,도시공원
의정부,2023,8,2023-08,78,경기도,의정부시,성불사,33,의정부 2023_08.csv,역사관광,종교성지
의정부,2023,8,2023-08,78,경기도,의정부시,킹클라이밍,33,의정부 2023_08.csv,레저스포츠,기타레저스포츠
의정부,2023,8,2023-08,81,경기도,의정부시,이성숙탁구클럽,28,의정부 2023_08.csv,레저스포츠,기타레저스포츠
의정부,2023,8,2023-08,82,경기도,의정부시,김미미도예공방,27,의정부 2023_08.csv,체험관광,공예체험
의정부,2023,8,2023-08,83,경기도,의정부시,대원사,25,의정부 2023_08.csv,역사관광,종교성지
의정부,2023,8,2023-08,84,경기도,의정부시,봉화정사,24,의정부 2023_08.csv,역사관광,종교성지
의정부,2023,8,2023-08,85,경기도,의정부시,회룡문화공원,22,의정부 2023_08.csv,문화관광,도시공원
의정부,2023,8,2023-08,85,경기도,의정부시,슈퍼키즈스카이방방의정부민락점,22,의정부 2023_08.csv,문화관광,테마공원
의정부,2023,8,2023-08,87,경기도,의정부시,미륵암,21,의정부 2023_08.csv,역사관광,종교성지
의정부,2023,8,2023-08,88,경기도,의정부시,관음사,20,의정부 2023_08.csv,역사관광,종교성지
의정부,2023,8,2023-08,89,경기도,의정부시,신숙주선생묘,19,의정부 2023_08.csv,역사관광,역사유적지
의정부,2023,8,2023-08,89,경기도,의정부시,신곡탁구클럽,19,의정부 2023_08.csv,레저스포츠,기타레저스포츠
의정부,2023,8,2023-08,91,경기도,의정부시,한국산악회등산학교,18,의정부 2023_08.csv,레저스포츠,기타레저스포츠
의정부,2023,8,2023-08,91,경기도,의정부시,꽃동네어린이공원,18,의정부 2023_08.csv,문화관광,도시공원
의정부,2023,8,2023-08,91,경기도,의정부시,용현정,18,의정부 2023_08.csv,레저스포츠,육상레저스포츠
의정부,2023,8,2023-08,91,경기도,의정부시,김병지축구클럽의정부롯데마트점,18,의정부 2023_08.csv,레저스포츠,기타레저스포츠
의정부,2023,8,2023-08,95,경기도,의정부시,몽슈슈베이비카페,17,의정부 2023_08.csv,문화관광,테마공원
의정부,2023,8,2023-08,95,경기도,의정부시,석림사계곡,17,의정부 2023_08.csv,자연관광,자연경관(산)
의정부,2023,8,2023-08,95,경기도,의정부시,리드민리듬체조민락본점,17,의정부 2023_08.csv,레저스포츠,기타레저스포츠
의정부,2023,8,2023-08,98,경기도,의정부시,추동웰빙공원,14,의정부 2023_08.csv,문화관광,도시공원
의정부,2023,8,2023-08,99,경기도,의정부시,중앙문화공원,12,의정부 2023_08.csv,문화관광,도시공원
의정부,2023,8,2023-08,99,경기도,의정부시,미래주니어축구클럽,12,의정부 2023_08.csv,레저스포츠,기타레저스포츠
의정부,2023,8,2023-08,101,경기도,의정부시,영산법화사,11,의정부 2023_08.csv,역사관광,종교성지
의정부,2023,8,2023-08,102,경기도,의정부시,우리끼리 키즈카페 스포츠마을의정부민락점,10,의정부 2023_08.csv,문화관광,테마공원
의정부,2023,8,2023-08,102,경기도,의정부시,원각사,10,의정부 2023_08.csv,역사관광,종교성지
의정부,2023,8,2023-08,102,경기도,의정부시,로데오거리상점가,10,의정부 2023_08.csv,쇼핑,시장
의정부,2023,8,2023-08,102,경기도,의정부시,수락사,10,의정부 2023_08.csv,역사관광,종교성지
의정부,2023,8,2023-08,102,경기도,의정부시,거문돌계곡,10,의정부 2023_08.csv,자연관광,자연경관(산)
의정부,2023,8,2023-08,102,경기도,의정부시,복싱히어로의정부역점,10,의정부 2023_08.csv,레저스포츠,기타레저스포츠
의정부,2023,8,2023-08,102,경기도,의정부시,현충탑,10,의정부 2023_08.csv,역사관광,역사유물
의정부,2023,8,2023-08,102,경기도,의정부시,태조이성계상,10,의정부 2023_08.csv,기타관광,기타관광
의정부,2023,8,2023-08,110,경기도,의정부시,희망어린이공원,9,의정부 2023_08.csv,문화관광,도시공원
의정부,2023,8,2023-08,110,경기도,의정부시,중랑천어린이공원,9,의정부 2023_08.csv,문화관광,도시공원
의정부,2023,8,2023-08,110,경기도,의정부시,푸른마당근린공원,9,의정부 2023_08.csv,문화관광,도시공원
의정부,2023,8,2023-08,110,경기도,의정부시,정화사,9,의정부 2023_08.csv,역사관광,종교성지
의정부,2023,8,2023-08,110,경기도,의정부시,정수선원,9,의정부 2023_08.csv,역사관광,종교성지
의정부,2023,8,2023-08,110,경기도,의정부시,천문폭포,9,의정부 2023_08.csv,자연관광,자연경관(산)
의정부,2023,8,2023-08,116,경기도,의정부시,쌍용사,8,의정부 2023_08.csv,역사관광,종교성지
의정부,2023,8,2023-08,116,경기도,의정부시,리얼야구존의정부점,8,의정부 2023_08.csv,레저스포츠,기타레저스포츠
의정부,2023,8,2023-08,118,경기도,의정부시,미가사,7,의정부 2023_08.csv,역사관광,종교성지
의정부,2023,8,2023-08,118,경기도,의정부시,망월사천봉선사탑비,7,의정부 2023_08.csv,역사관광,역사유적지
의정부,2023,8,2023-08,118,경기도,의정부시,소망어린이공원,7,의정부 2023_08.csv,문화관광,도시공원
의정부,2023,8,2023-08,118,경기도,의정부시,원효사,7,의정부 2023_08.csv,역사관광,종교성지
의정부,2023,8,2023-08,118,경기도,의정부시,홍연경민현대미술관,7,의정부 2023_08.csv,문화관광,전시시설
의정부,2023,8,2023-08,118,경기도,의정부시,심원사,7,의정부 2023_08.csv,역사관광,종교성지
의정부,2023,8,2023-08,118,경기도,의정부시,복싱히어로의정부금오점,7,의정부 2023_08.csv,레저스포츠,기타레저스포츠
의정부,2023,8,2023-08,118,경기도,의정부시,귀락문화공원,7,의정부 2023_08.csv,문화관광,도시공원
의정부,2023,8,2023-08,126,경기도,의정부시,도예공방비스킷,6,의정부 2023_08.csv,체험관광,공예체험
의정부,2023,8,2023-08,126,경기도,의정부시,메이드라인,6,의정부 2023_08.csv,레저스포츠,기타레저스포츠
의정부,2023,8,2023-08,126,경기도,의정부시,의정부축구센터U12,6,의정부 2023_08.csv,레저스포츠,기타레저스포츠
의정부,2023,8,2023-08,126,경기도,의정부시,약수배드민턴클럽,6,의정부 2023_08.csv,레저스포츠,기타레저스포츠
의정부,2023,8,2023-08,126,경기도,의정부시,문예어린이공원,6,의정부 2023_08.csv,문화관광,도시공원
의정부,2023,8,2023-08,126,경기도,의정부시,의정부LKFC유소년축구클럽,6,의정부 2023_08.csv,레저스포츠,기타레저스포츠
의정부,2023,8,2023-08,126,경기도,의정부시,와우민턴샵,6,의정부 2023_08.csv,레저스포츠,기타레저스포츠
의정부,2023,8,2023-08,126,경기도,의정부시,유니크발레,6,의정부 2023_08.csv,레저스포츠,기타레저스포츠
의정부,2023,8,2023-08,134,경기도,의정부시,갤러리평화,5,의정부 2023_08.csv,문화관광,전시시설
의정부,2023,8,2023-08,134,경기도,의정부시,무량사,5,의정부 2023_08.csv,역사관광,종교성지
의정부,2023,8,2023-08,136,경기도,의정부시,사패산,4,의정부 2023_08.csv,자연관광,자연경관(산)
의정부,2023,8,2023-08,136,경기도,의정부시,장암발곡근린공원,4,의정부 2023_08.csv,문화관광,도시공원
의정부,2023,8,2023-08,136,경기도,의정부시,사패산안골통제소방면,4,의정부 2023_08.csv,자연관광,자연경관(산)
의정부,2023,8,2023-08,136,경기도,의정부시,영신종묘사,4,의정부 2023_08.csv,쇼핑,시장
의정부,2023,8,2023-08,136,경기도,의정부시,의정부예술의전당소극장,4,의정부 2023_08.csv,문화관광,공연시설
의정부,2023,8,2023-08,136,경기도,의정부시,상원사,4,의정부 2023_08.csv,역사관광,종교성지
의정부,2023,8,2023-08,136,경기도,의정부시,스트라이크존의정부구장,4,의정부 2023_08.csv,레저스포츠,기타레저스포츠
의정부,2023,8,2023-08,136,경기도,의정부시,금오탁구장,4,의정부 2023_08.csv,레저스포츠,기타레저스포츠
의정부,2023,8,2023-08,136,경기도,의정부시,마스터탁구클럽,4,의정부 2023_08.csv,레저스포츠,기타레저스포츠
의정부,2023,8,2023-08,136,경기도,의정부시,레벨업탁구클럽,4,의정부 2023_08.csv,레저스포츠,기타레저스포츠
의정부,2023,8,2023-08,146,경기도,의정부시,드래곤트릭킹짐,3,의정부 2023_08.csv,레저스포츠,기타레저스포츠
의정부,2023,8,2023-08,146,경기도,의정부시,버들개야구장,3,의정부 2023_08.csv,문화관광,레저스포츠시설
의정부,2023,8,2023-08,146,경기도,의정부시,홍짐,3,의정부 2023_08.csv,레저스포츠,기타레저스포츠
의정부,2023,8,2023-08,146,경기도,의정부시,샤모니클라이밍,3,의정부 2023_08.csv,레저스포츠,기타레저스포츠
의정부,2023,8,2023-08,146,경기도,의정부시,스카이공연홀,3,의정부 2023_08.csv,문화관광,공연시설
의정부,2023,8,2023-08,146,경기도,의정부시,자은선원,3,의정부 2023_08.csv,역사관광,종교성지
의정부,2023,8,2023-08,146,경기도,의정부시,덕수사,3,의정부 2023_08.csv,역사관광,종교성지
의정부,2023,8,2023-08,146,경기도,의정부시,덕천사,3,의정부 2023_08.csv,역사관광,종교성지
의정부,2023,8,2023-08,146,경기도,의정부시,G마트농수산물직판장,3,의정부 2023_08.csv,쇼핑,시장
의정부,2023,8,2023-08,146,경기도,의정부시,백합어린이공원,3,의정부 2023_08.csv,문화관광,도시공원
의정부,2023,8,2023-08,146,경기도,의정부시,백석천근린공원,3,의정부 2023_08.csv,문화관광,도시공원
의정부,2023,8,2023-08,146,경기도,의정부시,영락사,3,의정부 2023_08.csv,역사관광,종교성지
의정부,2023,8,2023-08,146,경기도,의정부시,용현사,3,의정부 2023_08.csv,역사관광,종교성지
의정부,2023,8,2023-08,146,경기도,의정부시,두물터농장,3,의정부 2023_08.csv,체험관광,농/산/어촌체험
의정부,2023,8,2023-08,146,경기도,의정부시,현대탁구클럽,3,의정부 2023_08.csv,레저스포츠,기타레저스포츠
의정부,2023,8,2023-08,146,경기도,의정부시,뛰노리방방,3,의정부 2023_08.csv,문화관광,테마공원
의정부,2023,8,2023-08,146,경기도,의정부시,평화사,3,의정부 2023_08.csv,역사관광,종교성지
의정부,2023,8,2023-08,146,경기도,의정부시,덕수사,3,의정부 2023_08.csv,역사관광,종교성지
의정부,2023,8,2023-08,146,경기도,의정부시,담다헌주말농장,3,의정부 2023_08.csv,체험관광,농/산/어촌체험
의정부,2023,8,2023-08,146,경기도,의정부시,평화의 소녀상,3,의정부 2023_08.csv,역사관광,역사유물
의정부,2023,9,2023-09,1,경기도,의정부시,신세계백화점의정부점,21674,의정부 2023_09.csv,쇼핑,백화점
의정부,2023,9,2023-09,2,경기도,의정부시,의정부제일시장,8911,의정부 2023_09.csv,쇼핑,시장
의정부,2023,9,2023-09,3,경기도,의정부시,의정부버스터미널,4587,의정부 2023_09.csv,기타관광,교통시설
의정부,2023,9,2023-09,4,경기도,의정부시,의정부예술의전당,2569,의정부 2023_09.csv,문화관광,공연시설
의정부,2023,9,2023-09,5,경기도,의정부시,롯데시네마의정부민락,2450,의정부 2023_09.csv,문화관광,공연시설
의정부,2023,9,2023-09,6,경기도,의정부시,메가박스의정부민락,1958,의정부 2023_09.csv,문화관광,공연시설
의정부,2023,9,2023-09,7,경기도,의정부시,CGV의정부태흥,1508,의정부 2023_09.csv,문화관광,공연시설
의정부,2023,9,2023-09,8,경기도,의정부시,의정부실내빙상장,1468,의정부 2023_09.csv,레저스포츠,육상레저스포츠
의정부,2023,9,2023-09,9,경기도,의정부시,의정부시청소년수련관,897,의정부 2023_09.csv,레저스포츠,육상레저스포츠
의정부,2023,9,2023-09,10,경기도,의정부시,직동근린공원,871,의정부 2023_09.csv,문화관광,도시공원
의정부,2023,9,2023-09,11,경기도,의정부시,신곡실내배드민턴장,784,의정부 2023_09.csv,레저스포츠,기타레저스포츠
의정부,2023,9,2023-09,12,경기도,의정부시,CGV의정부,759,의정부 2023_09.csv,문화관광,공연시설
의정부,2023,9,2023-09,13,경기도,의정부시,태영프라자,743,의정부 2023_09.csv,쇼핑,쇼핑몰
의정부,2023,9,2023-09,14,경기도,의정부시,송산배수지체육시설,738,의정부 2023_09.csv,문화관광,도시공원
의정부,2023,9,2023-09,15,경기도,의정부시,낙양물사랑공원,622,의정부 2023_09.csv,문화관광,도시공원
의정부,2023,9,2023-09,16,경기도,의정부시,와글아이의정부점,483,의정부 2023_09.csv,문화관광,테마공원
의정부,2023,9,2023-09,17,경기도,의정부시,고고다이노키즈카페민락점,468,의정부 2023_09.csv,문화관광,테마공원
의정부,2023,9,2023-09,18,경기도,의정부시,송산사지근린공원,454,의정부 2023_09.csv,문화관광,도시공원
의정부,2023,9,2023-09,19,경기도,의정부시,렛츠런CCC의정부지점,396,의정부 2023_09.csv,레저스포츠,육상레저스포츠
의정부,2023,9,2023-09,20,경기도,의정부시,석림사,349,의정부 2023_09.csv,역사관광,종교성지
의정부,2023,9,2023-09,21,경기도,의정부시,활기체육공원,347,의정부 2023_09.csv,문화관광,도시공원
의정부,2023,9,2023-09,22,경기도,의정부시,서울승마클럽,300,의정부 2023_09.csv,레저스포츠,육상레저스포츠
의정부,2023,9,2023-09,23,경기도,의정부시,직동축구장,243,의정부 2023_09.csv,문화관광,레저스포츠시설
의정부,2023,9,2023-09,24,경기도,의정부시,점프스카이민락점,219,의정부 2023_09.csv,문화관광,테마공원
의정부,2023,9,2023-09,25,경기도,의정부시,자일낚시터,217,의정부 2023_09.csv,레저스포츠,수상레저스포츠
의정부,2023,9,2023-09,26,경기도,의정부시,히어로키즈파크의정부지점,203,의정부 2023_09.csv,문화관광,테마공원
의정부,2023,9,2023-09,27,경기도,의정부시,회룡사,196,의정부 2023_09.csv,역사관광,종교성지
의정부,2023,9,2023-09,28,경기도,의정부시,녹양야구장,190,의정부 2023_09.csv,문화관광,레저스포츠시설
의정부,2023,9,2023-09,29,경기도,의정부시,천보탁구장,183,의정부 2023_09.csv,레저스포츠,기타레저스포츠
의정부,2023,9,2023-09,30,경기도,의정부시,의정부가구거리,179,의정부 2023_09.csv,쇼핑,기타쇼핑시설
의정부,2023,9,2023-09,31,경기도,의정부시,의정부청과야채시장,178,의정부 2023_09.csv,쇼핑,시장
의정부,2023,9,2023-09,32,경기도,의정부시,곤제구장,157,의정부 2023_09.csv,문화관광,레저스포츠시설
의정부,2023,9,2023-09,33,경기도,의정부시,루나루즈키즈카페,156,의정부 2023_09.csv,문화관광,테마공원
의정부,2023,9,2023-09,34,경기도,의정부시,북한산국립공원회룡탐방지원센터,143,의정부 2023_09.csv,기타관광,기타관광
의정부,2023,9,2023-09,34,경기도,의정부시,망월사,143,의정부 2023_09.csv,역사관광,종교성지
의정부,2023,9,2023-09,36,경기도,의정부시,타요키즈카페의정부민락점,142,의정부 2023_09.csv,문화관광,테마공원
의정부,2023,9,2023-09,37,경기도,의정부시,허니비풋살파크,135,의정부 2023_09.csv,문화관광,레저스포츠시설
의정부,2023,9,2023-09,38,경기도,의정부시,서영빌딩서관,133,의정부 2023_09.csv,문화관광,기타문화관광지
의정부,2023,9,2023-09,39,경기도,의정부시,안골유원지,132,의정부 2023_09.csv,문화관광,복합관광시설
의정부,2023,9,2023-09,40,경기도,의정부시,호암사,127,의정부 2023_09.csv,역사관광,종교성지
의정부,2023,9,2023-09,41,경기도,의정부시,곤제근린공원,118,의정부 2023_09.csv,문화관광,도시공원
의정부,2023,9,2023-09,42,경기도,의정부시,경륜경정의정부지점,116,의정부 2023_09.csv,레저스포츠,육상레저스포츠
의정부,2023,9,2023-09,43,경기도,의정부시,추동배드민턴장,101,의정부 2023_09.csv,레저스포츠,기타레저스포츠
의정부,2023,9,2023-09,43,경기도,의정부시,백영수미술관,101,의정부 2023_09.csv,문화관광,전시시설
의정부,2023,9,2023-09,45,경기도,의정부시,역전근린공원,91,의정부 2023_09.csv,문화관광,도시공원
의정부,2023,9,2023-09,46,경기도,의정부시,신숙주선생묘,89,의정부 2023_09.csv,역사관광,역사유적지
의정부,2023,9,2023-09,47,경기도,의정부시,고고롤러스케이트장,87,의정부 2023_09.csv,레저스포츠,육상레저스포츠
의정부,2023,9,2023-09,48,경기도,의정부시,안골계곡,86,의정부 2023_09.csv,자연관광,자연경관(산)
의정부,2023,9,2023-09,48,경기도,의정부시,김민성탁구클럽,86,의정부 2023_09.csv,레저스포츠,기타레저스포츠
의정부,2023,9,2023-09,50,경기도,의정부시,윤한미탁구클럽,84,의정부 2023_09.csv,레저스포츠,기타레저스포츠
의정부,2023,9,2023-09,51,경기도,의정부시,큐리키즈카페의정부점,83,의정부 2023_09.csv,문화관광,테마공원
의정부,2023,9,2023-09,51,경기도,의정부시,장수원배드민턴클럽,83,의정부 2023_09.csv,레저스포츠,기타레저스포츠
의정부,2023,9,2023-09,53,경기도,의정부시,헬로방방민락점,78,의정부 2023_09.csv,문화관광,테마공원
의정부,2023,9,2023-09,54,경기도,의정부시,장암파크골프장,76,의정부 2023_09.csv,레저스포츠,육상레저스포츠
의정부,2023,9,2023-09,55,경기도,의정부시,어수정어린이공원,74,의정부 2023_09.csv,문화관광,도시공원
의정부,2023,9,2023-09,56,경기도,의정부시,꽃동네어린이공원,71,의정부 2023_09.csv,문화관광,도시공원
의정부,2023,9,2023-09,57,경기도,의정부시,상금오어린이공원,69,의정부 2023_09.csv,문화관광,도시공원
의정부,2023,9,2023-09,58,경기도,의정부시,신곡체육공원,68,의정부 2023_09.csv,문화관광,도시공원
의정부,2023,9,2023-09,58,경기도,의정부시,어울놀이패밀리카페,68,의정부 2023_09.csv,문화관광,테마공원
의정부,2023,9,2023-09,60,경기도,의정부시,푸른마당근린공원,65,의정부 2023_09.csv,문화관광,도시공원
의정부,2023,9,2023-09,61,경기도,의정부시,마린앤키즈,60,의정부 2023_09.csv,문화관광,테마공원
의정부,2023,9,2023-09,62,경기도,의정부시,태조이성계상,59,의정부 2023_09.csv,기타관광,기타관광
의정부,2023,9,2023-09,63,경기도,의정부시,알쏭달쏭키즈드로잉,57,의정부 2023_09.csv,문화관광,테마공원
의정부,2023,9,2023-09,64,경기도,의정부시,스카이짐유소년스포츠클럽녹양점,56,의정부 2023_09.csv,레저스포츠,기타레저스포츠
의정부,2023,9,2023-09,65,경기도,의정부시,의정부아트캠프,54,의정부 2023_09.csv,문화관광,기타문화관광지
의정부,2023,9,2023-09,66,경기도,의정부시,봉화정사,52,의정부 2023_09.csv,역사관광,종교성지
의정부,2023,9,2023-09,67,경기도,의정부시,하랑키즈카페,48,의정부 2023_09.csv,문화관광,테마공원
의정부,2023,9,2023-09,68,경기도,의정부시,의정부시리틀야구장,47,의정부 2023_09.csv,문화관광,레저스포츠시설
의정부,2023,9,2023-09,69,경기도,의정부시,우리소극장,43,의정부 2023_09.csv,문화관광,공연시설
의정부,2023,9,2023-09,70,경기도,의정부시,원각사,42,의정부 2023_09.csv,역사관광,종교성지
의정부,2023,9,2023-09,71,경기도,의정부시,벌말어린이공원,40,의정부 2023_09.csv,문화관광,도시공원
의정부,2023,9,2023-09,72,경기도,의정부시,김미미도예공방,39,의정부 2023_09.csv,체험관광,공예체험
의정부,2023,9,2023-09,73,경기도,의정부시,노강서원,38,의정부 2023_09.csv,역사관광,역사유적지
의정부,2023,9,2023-09,74,경기도,의정부시,용현정,37,의정부 2023_09.csv,레저스포츠,육상레저스포츠
의정부,2023,9,2023-09,74,경기도,의정부시,의정부천문대,37,의정부 2023_09.csv,레저스포츠,기타레저스포츠
의정부,2023,9,2023-09,76,경기도,의정부시,현충탑,34,의정부 2023_09.csv,역사관광,역사유물
의정부,2023,9,2023-09,77,경기도,의정부시,사패산,33,의정부 2023_09.csv,자연관광,자연경관(산)
의정부,2023,9,2023-09,78,경기도,의정부시,중앙문화공원,32,의정부 2023_09.csv,문화관광,도시공원
의정부,2023,9,2023-09,79,경기도,의정부시,롤프렌롤러장,31,의정부 2023_09.csv,레저스포츠,육상레저스포츠
의정부,2023,9,2023-09,80,경기도,의정부시,의정부시장,29,의정부 2023_09.csv,쇼핑,시장
의정부,2023,9,2023-09,81,경기도,의정부시,꿀잼키즈룸의정부민락점,28,의정부 2023_09.csv,문화관광,테마공원
의정부,2023,9,2023-09,81,경기도,의정부시,민락맥주축제,28,의정부 2023_09.csv,문화관광,기타문화관광지
의정부,2023,9,2023-09,81,경기도,의정부시,스트라이크존의정부민락구장,28,의정부 2023_09.csv,레저스포츠,기타레저스포츠
의정부,2023,9,2023-09,84,경기도,의정부시,쌍암사,26,의정부 2023_09.csv,역사관광,종교성지
의정부,2023,9,2023-09,84,경기도,의정부시,정화사,26,의정부 2023_09.csv,역사관광,종교성지
의정부,2023,9,2023-09,86,경기도,의정부시,미륵암,24,의정부 2023_09.csv,역사관광,종교성지
의정부,2023,9,2023-09,87,경기도,의정부시,성불사,23,의정부 2023_09.csv,역사관광,종교성지
의정부,2023,9,2023-09,88,경기도,의정부시,동심어린이공원,21,의정부 2023_09.csv,문화관광,도시공원
의정부,2023,9,2023-09,88,경기도,의정부시,문예어린이공원,21,의정부 2023_09.csv,문화관광,도시공원
의정부,2023,9,2023-09,88,경기도,의정부시,사패산안골통제소방면,21,의정부 2023_09.csv,자연관광,자연경관(산)
의정부,2023,9,2023-09,88,경기도,의정부시,신곡탁구클럽,21,의정부 2023_09.csv,레저스포츠,기타레저스포츠
의정부,2023,9,2023-09,92,경기도,의정부시,백합어린이공원,20,의정부 2023_09.csv,문화관광,도시공원
의정부,2023,9,2023-09,93,경기도,의정부시,대원사,17,의정부 2023_09.csv,역사관광,종교성지
의정부,2023,9,2023-09,93,경기도,의정부시,리드민리듬체조민락본점,17,의정부 2023_09.csv,레저스포츠,기타레저스포츠
의정부,2023,9,2023-09,95,경기도,의정부시,희망어린이공원,16,의정부 2023_09.csv,문화관광,도시공원
의정부,2023,9,2023-09,95,경기도,의정부시,무지랭이약수터,16,의정부 2023_09.csv,자연관광,자연경관(산)
의정부,2023,9,2023-09,97,경기도,의정부시,캠프라과디아체육공원,15,의정부 2023_09.csv,문화관광,도시공원
의정부,2023,9,2023-09,97,경기도,의정부시,슈퍼키즈스카이방방의정부민락점,15,의정부 2023_09.csv,문화관광,테마공원
의정부,2023,9,2023-09,99,경기도,의정부시,거문돌계곡,14,의정부 2023_09.csv,자연관광,자연경관(산)
의정부,2023,9,2023-09,99,경기도,의정부시,킹클라이밍,14,의정부 2023_09.csv,레저스포츠,기타레저스포츠
의정부,2023,9,2023-09,101,경기도,의정부시,무지랭이계곡,13,의정부 2023_09.csv,자연관광,자연경관(산)
의정부,2023,9,2023-09,101,경기도,의정부시,우리끼리 키즈카페 스포츠마을의정부민락점,13,의정부 2023_09.csv,문화관광,테마공원
의정부,2023,9,2023-09,101,경기도,의정부시,로데오거리상점가,13,의정부 2023_09.csv,쇼핑,시장
의정부,2023,9,2023-09,101,경기도,의정부시,쌍용사,13,의정부 2023_09.csv,역사관광,종교성지
의정부,2023,9,2023-09,101,경기도,의정부시,석림사계곡,13,의정부 2023_09.csv,자연관광,자연경관(산)
의정부,2023,9,2023-09,101,경기도,의정부시,와우민턴샵,13,의정부 2023_09.csv,레저스포츠,기타레저스포츠
의정부,2023,9,2023-09,107,경기도,의정부시,투앤디수영장,12,의정부 2023_09.csv,문화관광,테마공원
의정부,2023,9,2023-09,107,경기도,의정부시,망월사천봉선사탑비,12,의정부 2023_09.csv,역사관광,역사유적지
의정부,2023,9,2023-09,107,경기도,의정부시,장암발곡근린공원,12,의정부 2023_09.csv,문화관광,도시공원
의정부,2023,9,2023-09,107,경기도,의정부시,중랑천어린이공원,12,의정부 2023_09.csv,문화관광,도시공원
의정부,2023,9,2023-09,111,경기도,의정부시,리틀베이비카페,11,의정부 2023_09.csv,문화관광,테마공원
의정부,2023,9,2023-09,111,경기도,의정부시,의정부포교원,11,의정부 2023_09.csv,역사관광,종교성지
의정부,2023,9,2023-09,113,경기도,의정부시,영신종묘사,9,의정부 2023_09.csv,쇼핑,시장
의정부,2023,9,2023-09,113,경기도,의정부시,추동공원,9,의정부 2023_09.csv,문화관광,도시공원
의정부,2023,9,2023-09,115,경기도,의정부시,자일동산림욕장공사중(2023년12월준공예정),8,의정부 2023_09.csv,자연관광,자연공원
의정부,2023,9,2023-09,115,경기도,의정부시,다리목근린공원,8,의정부 2023_09.csv,문화관광,도시공원
의정부,2023,9,2023-09,115,경기도,의정부시,영산법화사,8,의정부 2023_09.csv,역사관광,종교성지
의정부,2023,9,2023-09,115,경기도,의정부시,홍법사,8,의정부 2023_09.csv,역사관광,종교성지
의정부,2023,9,2023-09,119,경기도,의정부시,메이드라인,7,의정부 2023_09.csv,레저스포츠,기타레저스포츠
의정부,2023,9,2023-09,119,경기도,의정부시,예술공간휴서사,7,의정부 2023_09.csv,문화관광,공연시설
의정부,2023,9,2023-09,119,경기도,의정부시,자은선원,7,의정부 2023_09.csv,역사관광,종교성지
의정부,2023,9,2023-09,119,경기도,의정부시,토끼어린이공원,7,의정부 2023_09.csv,문화관광,도시공원
의정부,2023,9,2023-09,119,경기도,의정부시,원효사,7,의정부 2023_09.csv,역사관광,종교성지
의정부,2023,9,2023-09,119,경기도,의정부시,직동근린공원통나무집,7,의정부 2023_09.csv,레저스포츠,육상레저스포츠
의정부,2023,9,2023-09,125,경기도,의정부시,미가사,6,의정부 2023_09.csv,역사관광,종교성지
의정부,2023,9,2023-09,125,경기도,의정부시,약수배드민턴클럽,6,의정부 2023_09.csv,레저스포츠,기타레저스포츠
의정부,2023,9,2023-09,125,경기도,의정부시,스카이공연홀,6,의정부 2023_09.csv,문화관광,공연시설
의정부,2023,9,2023-09,125,경기도,의정부시,금빛어린이공원,6,의정부 2023_09.csv,문화관광,도시공원
의정부,2023,9,2023-09,125,경기도,의정부시,김병지축구클럽의정부롯데마트점,6,의정부 2023_09.csv,레저스포츠,기타레저스포츠
의정부,2023,9,2023-09,125,경기도,의정부시,레벨업탁구클럽,6,의정부 2023_09.csv,레저스포츠,기타레저스포츠
의정부,2023,9,2023-09,125,경기도,의정부시,유니크발레,6,의정부 2023_09.csv,레저스포츠,기타레저스포츠
의정부,2023,9,2023-09,132,경기도,의정부시,이태영탁구교실,5,의정부 2023_09.csv,레저스포츠,기타레저스포츠
의정부,2023,9,2023-09,133,경기도,의정부시,의정부약수선원목조보살입상,4,의정부 2023_09.csv,역사관광,역사유적지
의정부,2023,9,2023-09,133,경기도,의정부시,색동어린이공원,4,의정부 2023_09.csv,문화관광,도시공원
의정부,2023,9,2023-09,133,경기도,의정부시,동오리어린이공원,4,의정부 2023_09.csv,문화관광,도시공원
의정부,2023,9,2023-09,133,경기도,의정부시,중앙어린이공원,4,의정부 2023_09.csv,문화관광,도시공원
의정부,2023,9,2023-09,133,경기도,의정부시,공고개어린이공원,4,의정부 2023_09.csv,문화관광,도시공원
의정부,2023,9,2023-09,133,경기도,의정부시,백석천근린공원,4,의정부 2023_09.csv,문화관광,도시공원
의정부,2023,9,2023-09,133,경기도,의정부시,녹색거리상점가,4,의정부 2023_09.csv,쇼핑,시장
의정부,2023,9,2023-09,133,경기도,의정부시,해오름근린공원,4,의정부 2023_09.csv,문화관광,도시공원
의정부,2023,9,2023-09,133,경기도,의정부시,융창수산,4,의정부 2023_09.csv,쇼핑,시장
의정부,2023,9,2023-09,133,경기도,의정부시,리얼야구존의정부점,4,의정부 2023_09.csv,레저스포츠,기타레저스포츠
의정부,2023,9,2023-09,133,경기도,의정부시,덕수사,4,의정부 2023_09.csv,역사관광,종교성지
의정부,2023,9,2023-09,133,경기도,의정부시,정수선원,4,의정부 2023_09.csv,역사관광,종교성지
의정부,2023,9,2023-09,133,경기도,의정부시,귀락문화공원,4,의정부 2023_09.csv,문화관광,도시공원
의정부,2023,9,2023-09,146,경기도,의정부시,드림탁구클럽,3,의정부 2023_09.csv,레저스포츠,기타레저스포츠
의정부,2023,9,2023-09,146,경기도,의정부시,드래곤트릭킹짐,3,의정부 2023_09.csv,레저스포츠,기타레저스포츠
의정부,2023,9,2023-09,146,경기도,의정부시,회룡문화공원,3,의정부 2023_09.csv,문화관광,도시공원
의정부,2023,9,2023-09,146,경기도,의정부시,북한산국립공원원도봉탐방지원센터,3,의정부 2023_09.csv,기타관광,기타관광
의정부,2023,9,2023-09,146,경기도,의정부시,갤러리평화,3,의정부 2023_09.csv,문화관광,전시시설
의정부,2023,9,2023-09,146,경기도,의정부시,쥬드베베 베이비카페,3,의정부 2023_09.csv,문화관광,테마공원
의정부,2023,9,2023-09,146,경기도,의정부시,직동수련원,3,의정부 2023_09.csv,레저스포츠,육상레저스포츠
의정부,2023,9,2023-09,146,경기도,의정부시,이성숙탁구클럽,3,의정부 2023_09.csv,레저스포츠,기타레저스포츠
의정부,2023,9,2023-09,146,경기도,의정부시,슈가복싱의정부점,3,의정부 2023_09.csv,레저스포츠,기타레저스포츠
의정부,2023,9,2023-09,146,경기도,의정부시,한국산악회등산학교,3,의정부 2023_09.csv,레저스포츠,기타레저스포츠
의정부,2023,9,2023-09,146,경기도,의정부시,관음사,3,의정부 2023_09.csv,역사관광,종교성지
의정부,2023,9,2023-09,146,경기도,의정부시,정문부장군묘,3,의정부 2023_09.csv,역사관광,역사유적지
의정부,2023,9,2023-09,146,경기도,의정부시,우정어린이공원,3,의정부 2023_09.csv,문화관광,도시공원
의정부,2023,9,2023-09,146,경기도,의정부시,장암어린이공원,3,의정부 2023_09.csv,문화관광,도시공원
의정부,2023,9,2023-09,146,경기도,의정부시,범골어린이공원,3,의정부 2023_09.csv,문화관광,도시공원
의정부,2023,9,2023-09,146,경기도,의정부시,선행어린이공원,3,의정부 2023_09.csv,문화관광,도시공원
의정부,2023,9,2023-09,146,경기도,의정부시,하금오어린이공원,3,의정부 2023_09.csv,문화관광,도시공원
의정부,2023,9,2023-09,146,경기도,의정부시,공룡어린이공원,3,의정부 2023_09.csv,문화관광,도시공원
의정부,2023,9,2023-09,146,경기도,의정부시,상록근린공원,3,의정부 2023_09.csv,문화관광,도시공원
의정부,2023,9,2023-09,146,경기도,의정부시,용현사,3,의정부 2023_09.csv,역사관광,종교성지
의정부,2023,9,2023-09,146,경기도,의정부시,수락사,3,의정부 2023_09.csv,역사관광,종교성지
의정부,2023,9,2023-09,146,경기도,의정부시,부양수산,3,의정부 2023_09.csv,쇼핑,시장
의정부,2023,9,2023-09,146,경기도,의정부시,무지랭이약수터,3,의정부 2023_09.csv,자연관광,자연경관(산)
의정부,2023,9,2023-09,146,경기도,의정부시,산군무에타이킥복싱체육관,3,의정부 2023_09.csv,레저스포츠,기타레저스포츠
의정부,2023,9,2023-09,146,경기도,의정부시,잎새어린이공원,3,의정부 2023_09.csv,문화관광,도시공원
의정부,2023,9,2023-09,146,경기도,의정부시,천보사,3,의정부 2023_09.csv,역사관광,종교성지
의정부,2023,9,2023-09,146,경기도,의정부시,스트라이크존의정부구장,3,의정부 2023_09.csv,레저스포츠,기타레저스포츠
의정부,2023,9,2023-09,146,경기도,의정부시,복싱히어로의정부금오점,3,의정부 2023_09.csv,레저스포츠,기타레저스포츠
의정부,2023,9,2023-09,146,경기도,의정부시,낙양검도관,3,의정부 2023_09.csv,레저스포츠,기타레저스포츠
의정부,2023,9,2023-09,146,경기도,의정부시,여래사,3,의정부 2023_09.csv,역사관광,종교성지
의정부,2023,9,2023-09,146,경기도,의정부시,들꽃마을,3,의정부 2023_09.csv,문화관광,테마공원
의정부,2023,9,2023-09,146,경기도,의정부시,블랙뮤직페스티벌,3,의정부 2023_09.csv,문화관광,기타문화관광지
의정부,2023,9,2023-09,146,경기도,의정부시,천문폭포,3,의정부 2023_09.csv,자연관광,자연경관(산)
의정부,2023,10,2023-10,1,경기도,의정부시,신세계백화점의정부점,22955,의정부 2023_10.csv,쇼핑,백화점
의정부,2023,10,2023-10,2,경기도,의정부시,의정부제일시장,8069,의정부 2023_10.csv,쇼핑,시장
의정부,2023,10,2023-10,3,경기도,의정부시,의정부버스터미널,4419,의정부 2023_10.csv,기타관광,교통시설
의정부,2023,10,2023-10,4,경기도,의정부시,의정부예술의전당,2805,의정부 2023_10.csv,문화관광,공연시설
의정부,2023,10,2023-10,5,경기도,의정부시,롯데시네마의정부민락,2297,의정부 2023_10.csv,문화관광,공연시설
의정부,2023,10,2023-10,6,경기도,의정부시,메가박스의정부민락,1886,의정부 2023_10.csv,문화관광,공연시설
의정부,2023,10,2023-10,7,경기도,의정부시,의정부실내빙상장,1634,의정부 2023_10.csv,레저스포츠,육상레저스포츠
의정부,2023,10,2023-10,8,경기도,의정부시,CGV의정부태흥,1524,의정부 2023_10.csv,문화관광,공연시설
의정부,2023,10,2023-10,9,경기도,의정부시,직동근린공원,1064,의정부 2023_10.csv,문화관광,도시공원
의정부,2023,10,2023-10,10,경기도,의정부시,송산배수지체육시설,856,의정부 2023_10.csv,문화관광,도시공원
의정부,2023,10,2023-10,11,경기도,의정부시,의정부시청소년수련관,746,의정부 2023_10.csv,레저스포츠,육상레저스포츠
의정부,2023,10,2023-10,12,경기도,의정부시,신곡실내배드민턴장,725,의정부 2023_10.csv,레저스포츠,기타레저스포츠
의정부,2023,10,2023-10,13,경기도,의정부시,태영프라자,670,의정부 2023_10.csv,쇼핑,쇼핑몰
의정부,2023,10,2023-10,14,경기도,의정부시,CGV의정부,611,의정부 2023_10.csv,문화관광,공연시설
의정부,2023,10,2023-10,15,경기도,의정부시,낙양물사랑공원,570,의정부 2023_10.csv,문화관광,도시공원
의정부,2023,10,2023-10,16,경기도,의정부시,송산사지근린공원,538,의정부 2023_10.csv,문화관광,도시공원
의정부,2023,10,2023-10,17,경기도,의정부시,렛츠런CCC의정부지점,464,의정부 2023_10.csv,레저스포츠,육상레저스포츠
의정부,2023,10,2023-10,18,경기도,의정부시,고고다이노키즈카페민락점,438,의정부 2023_10.csv,문화관광,테마공원
의정부,2023,10,2023-10,19,경기도,의정부시,석림사,406,의정부 2023_10.csv,역사관광,종교성지
의정부,2023,10,2023-10,20,경기도,의정부시,와글아이의정부점,380,의정부 2023_10.csv,문화관광,테마공원
의정부,2023,10,2023-10,21,경기도,의정부시,활기체육공원,372,의정부 2023_10.csv,문화관광,도시공원
의정부,2023,10,2023-10,22,경기도,의정부시,서울승마클럽,282,의정부 2023_10.csv,레저스포츠,육상레저스포츠
의정부,2023,10,2023-10,23,경기도,의정부시,직동축구장,278,의정부 2023_10.csv,문화관광,레저스포츠시설
의정부,2023,10,2023-10,24,경기도,의정부시,곤제구장,219,의정부 2023_10.csv,문화관광,레저스포츠시설
의정부,2023,10,2023-10,25,경기도,의정부시,녹양야구장,201,의정부 2023_10.csv,문화관광,레저스포츠시설
의정부,2023,10,2023-10,26,경기도,의정부시,회룡사,198,의정부 2023_10.csv,역사관광,종교성지
의정부,2023,10,2023-10,27,경기도,의정부시,망월사,196,의정부 2023_10.csv,역사관광,종교성지
의정부,2023,10,2023-10,28,경기도,의정부시,의정부가구거리,191,의정부 2023_10.csv,쇼핑,기타쇼핑시설
의정부,2023,10,2023-10,29,경기도,의정부시,장암파크골프장,189,의정부 2023_10.csv,레저스포츠,육상레저스포츠
의정부,2023,10,2023-10,30,경기도,의정부시,히어로키즈파크의정부지점,188,의정부 2023_10.csv,문화관광,테마공원
의정부,2023,10,2023-10,31,경기도,의정부시,자일낚시터,180,의정부 2023_10.csv,레저스포츠,수상레저스포츠
의정부,2023,10,2023-10,32,경기도,의정부시,점프스카이민락점,179,의정부 2023_10.csv,문화관광,테마공원
의정부,2023,10,2023-10,33,경기도,의정부시,북한산국립공원회룡탐방지원센터,166,의정부 2023_10.csv,기타관광,기타관광
의정부,2023,10,2023-10,33,경기도,의정부시,루나루즈키즈카페,166,의정부 2023_10.csv,문화관광,테마공원
의정부,2023,10,2023-10,35,경기도,의정부시,천보탁구장,164,의정부 2023_10.csv,레저스포츠,기타레저스포츠
의정부,2023,10,2023-10,36,경기도,의정부시,허니비풋살파크,152,의정부 2023_10.csv,문화관광,레저스포츠시설
의정부,2023,10,2023-10,37,경기도,의정부시,경륜경정의정부지점,143,의정부 2023_10.csv,레저스포츠,육상레저스포츠
의정부,2023,10,2023-10,38,경기도,의정부시,추동배드민턴장,136,의정부 2023_10.csv,레저스포츠,기타레저스포츠
의정부,2023,10,2023-10,39,경기도,의정부시,고고롤러스케이트장,132,의정부 2023_10.csv,레저스포츠,육상레저스포츠
의정부,2023,10,2023-10,40,경기도,의정부시,곤제근린공원,129,의정부 2023_10.csv,문화관광,도시공원
의정부,2023,10,2023-10,41,경기도,의정부시,큐리키즈카페의정부점,123,의정부 2023_10.csv,문화관광,테마공원
의정부,2023,10,2023-10,41,경기도,의정부시,타요키즈카페의정부민락점,123,의정부 2023_10.csv,문화관광,테마공원
의정부,2023,10,2023-10,43,경기도,의정부시,서영빌딩서관,122,의정부 2023_10.csv,문화관광,기타문화관광지
의정부,2023,10,2023-10,44,경기도,의정부시,의정부청과야채시장,114,의정부 2023_10.csv,쇼핑,시장
의정부,2023,10,2023-10,45,경기도,의정부시,헬로방방민락점,108,의정부 2023_10.csv,문화관광,테마공원
의정부,2023,10,2023-10,46,경기도,의정부시,백영수미술관,105,의정부 2023_10.csv,문화관광,전시시설
의정부,2023,10,2023-10,47,경기도,의정부시,장수원배드민턴클럽,103,의정부 2023_10.csv,레저스포츠,기타레저스포츠
의정부,2023,10,2023-10,47,경기도,의정부시,김민성탁구클럽,103,의정부 2023_10.csv,레저스포츠,기타레저스포츠
의정부,2023,10,2023-10,49,경기도,의정부시,신숙주선생묘,98,의정부 2023_10.csv,역사관광,역사유적지
의정부,2023,10,2023-10,50,경기도,의정부시,호암사,94,의정부 2023_10.csv,역사관광,종교성지
의정부,2023,10,2023-10,51,경기도,의정부시,안골유원지,90,의정부 2023_10.csv,문화관광,복합관광시설
의정부,2023,10,2023-10,51,경기도,의정부시,푸른마당근린공원,90,의정부 2023_10.csv,문화관광,도시공원
의정부,2023,10,2023-10,53,경기도,의정부시,사패산,71,의정부 2023_10.csv,자연관광,자연경관(산)
의정부,2023,10,2023-10,54,경기도,의정부시,윤한미탁구클럽,70,의정부 2023_10.csv,레저스포츠,기타레저스포츠
의정부,2023,10,2023-10,54,경기도,의정부시,태조이성계상,70,의정부 2023_10.csv,기타관광,기타관광
의정부,2023,10,2023-10,56,경기도,의정부시,현충탑,68,의정부 2023_10.csv,역사관광,역사유물
의정부,2023,10,2023-10,57,경기도,의정부시,사패산안골통제소방면,66,의정부 2023_10.csv,자연관광,자연경관(산)
의정부,2023,10,2023-10,58,경기도,의정부시,알쏭달쏭키즈드로잉,64,의정부 2023_10.csv,문화관광,테마공원
의정부,2023,10,2023-10,58,경기도,의정부시,역전근린공원,64,의정부 2023_10.csv,문화관광,도시공원
의정부,2023,10,2023-10,60,경기도,의정부시,어수정어린이공원,63,의정부 2023_10.csv,문화관광,도시공원
의정부,2023,10,2023-10,60,경기도,의정부시,상금오어린이공원,63,의정부 2023_10.csv,문화관광,도시공원
의정부,2023,10,2023-10,62,경기도,의정부시,안골계곡,62,의정부 2023_10.csv,자연관광,자연경관(산)
의정부,2023,10,2023-10,62,경기도,의정부시,의정부시리틀야구장,62,의정부 2023_10.csv,문화관광,레저스포츠시설
의정부,2023,10,2023-10,62,경기도,의정부시,의정부천문대,62,의정부 2023_10.csv,레저스포츠,기타레저스포츠
의정부,2023,10,2023-10,65,경기도,의정부시,신곡체육공원,57,의정부 2023_10.csv,문화관광,도시공원
의정부,2023,10,2023-10,65,경기도,의정부시,덕천사,57,의정부 2023_10.csv,역사관광,종교성지
의정부,2023,10,2023-10,67,경기도,의정부시,하랑키즈카페,56,의정부 2023_10.csv,문화관광,테마공원
의정부,2023,10,2023-10,68,경기도,의정부시,어울놀이패밀리카페,52,의정부 2023_10.csv,문화관광,테마공원
의정부,2023,10,2023-10,69,경기도,의정부시,의정부아트캠프,50,의정부 2023_10.csv,문화관광,기타문화관광지
의정부,2023,10,2023-10,70,경기도,의정부시,정문부장군묘,38,의정부 2023_10.csv,역사관광,역사유적지
의정부,2023,10,2023-10,71,경기도,의정부시,꿀잼키즈룸의정부민락점,36,의정부 2023_10.csv,문화관광,테마공원
의정부,2023,10,2023-10,72,경기도,의정부시,롤프렌롤러장,34,의정부 2023_10.csv,레저스포츠,육상레저스포츠
의정부,2023,10,2023-10,73,경기도,의정부시,직동근린공원통나무집,33,의정부 2023_10.csv,레저스포츠,육상레저스포츠
의정부,2023,10,2023-10,74,경기도,의정부시,꽃동네어린이공원,32,의정부 2023_10.csv,문화관광,도시공원
의정부,2023,10,2023-10,74,경기도,의정부시,신곡탁구클럽,32,의정부 2023_10.csv,레저스포츠,기타레저스포츠
의정부,2023,10,2023-10,74,경기도,의정부시,스트라이크존의정부민락구장,32,의정부 2023_10.csv,레저스포츠,기타레저스포츠
의정부,2023,10,2023-10,77,경기도,의정부시,망월사천봉선사탑비,31,의정부 2023_10.csv,역사관광,역사유적지
의정부,2023,10,2023-10,77,경기도,의정부시,희망어린이공원,31,의정부 2023_10.csv,문화관광,도시공원
의정부,2023,10,2023-10,77,경기도,의정부시,우리소극장,31,의정부 2023_10.csv,문화관광,공연시설
의정부,2023,10,2023-10,80,경기도,의정부시,노강서원,30,의정부 2023_10.csv,역사관광,역사유적지
의정부,2023,10,2023-10,81,경기도,의정부시,벌말어린이공원,29,의정부 2023_10.csv,문화관광,도시공원
의정부,2023,10,2023-10,82,경기도,의정부시,송산1호수변공원,28,의정부 2023_10.csv,문화관광,도시공원
의정부,2023,10,2023-10,83,경기도,의정부시,스카이짐유소년스포츠클럽녹양점,27,의정부 2023_10.csv,레저스포츠,기타레저스포츠
의정부,2023,10,2023-10,83,경기도,의정부시,동심어린이공원,27,의정부 2023_10.csv,문화관광,도시공원
의정부,2023,10,2023-10,85,경기도,의정부시,몽슈슈베이비카페,26,의정부 2023_10.csv,문화관광,테마공원
의정부,2023,10,2023-10,85,경기도,의정부시,의정부시장,26,의정부 2023_10.csv,쇼핑,시장
의정부,2023,10,2023-10,85,경기도,의정부시,와우민턴샵,26,의정부 2023_10.csv,레저스포츠,기타레저스포츠
의정부,2023,10,2023-10,88,경기도,의정부시,원각사,25,의정부 2023_10.csv,역사관광,종교성지
의정부,2023,10,2023-10,88,경기도,의정부시,성불사,25,의정부 2023_10.csv,역사관광,종교성지
의정부,2023,10,2023-10,90,경기도,의정부시,소망어린이공원,23,의정부 2023_10.csv,문화관광,도시공원
의정부,2023,10,2023-10,91,경기도,의정부시,쌍암사,21,의정부 2023_10.csv,역사관광,종교성지
의정부,2023,10,2023-10,92,경기도,의정부시,중앙문화공원,20,의정부 2023_10.csv,문화관광,도시공원
의정부,2023,10,2023-10,92,경기도,의정부시,미륵암,20,의정부 2023_10.csv,역사관광,종교성지
의정부,2023,10,2023-10,92,경기도,의정부시,김미미도예공방,20,의정부 2023_10.csv,체험관광,공예체험
의정부,2023,10,2023-10,95,경기도,의정부시,로데오거리상점가,19,의정부 2023_10.csv,쇼핑,시장
의정부,2023,10,2023-10,95,경기도,의정부시,의정부예술의전당대극장,19,의정부 2023_10.csv,문화관광,공연시설
의정부,2023,10,2023-10,97,경기도,의정부시,봉화정사,17,의정부 2023_10.csv,역사관광,종교성지
의정부,2023,10,2023-10,97,경기도,의정부시,갤러리평화,17,의정부 2023_10.csv,문화관광,전시시설
의정부,2023,10,2023-10,97,경기도,의정부시,추동공원,17,의정부 2023_10.csv,문화관광,도시공원
의정부,2023,10,2023-10,97,경기도,의정부시,레벨업탁구클럽,17,의정부 2023_10.csv,레저스포츠,기타레저스포츠
의정부,2023,10,2023-10,101,경기도,의정부시,캠프라과디아체육공원,16,의정부 2023_10.csv,문화관광,도시공원
의정부,2023,10,2023-10,101,경기도,의정부시,우리끼리 키즈카페 스포츠마을의정부민락점,16,의정부 2023_10.csv,문화관광,테마공원
의정부,2023,10,2023-10,101,경기도,의정부시,킹클라이밍,16,의정부 2023_10.csv,레저스포츠,기타레저스포츠
의정부,2023,10,2023-10,104,경기도,의정부시,심원사,15,의정부 2023_10.csv,역사관광,종교성지
의정부,2023,10,2023-10,104,경기도,의정부시,마린앤키즈,15,의정부 2023_10.csv,문화관광,테마공원
의정부,2023,10,2023-10,106,경기도,의정부시,예술공간휴서사,14,의정부 2023_10.csv,문화관광,공연시설
의정부,2023,10,2023-10,106,경기도,의정부시,장암발곡근린공원,14,의정부 2023_10.csv,문화관광,도시공원
의정부,2023,10,2023-10,108,경기도,의정부시,의정부LKFC유소년축구클럽,13,의정부 2023_10.csv,레저스포츠,기타레저스포츠
의정부,2023,10,2023-10,109,경기도,의정부시,대원사,12,의정부 2023_10.csv,역사관광,종교성지
의정부,2023,10,2023-10,109,경기도,의정부시,리드민리듬체조민락본점,12,의정부 2023_10.csv,레저스포츠,기타레저스포츠
의정부,2023,10,2023-10,111,경기도,의정부시,북한산국립공원원도봉탐방지원센터,11,의정부 2023_10.csv,기타관광,기타관광
의정부,2023,10,2023-10,111,경기도,의정부시,버들개야구장,11,의정부 2023_10.csv,문화관광,레저스포츠시설
의정부,2023,10,2023-10,111,경기도,의정부시,백석천근린공원,11,의정부 2023_10.csv,문화관광,도시공원
의정부,2023,10,2023-10,114,경기도,의정부시,백합어린이공원,10,의정부 2023_10.csv,문화관광,도시공원
의정부,2023,10,2023-10,114,경기도,의정부시,하금오어린이공원,10,의정부 2023_10.csv,문화관광,도시공원
의정부,2023,10,2023-10,114,경기도,의정부시,용현사,10,의정부 2023_10.csv,역사관광,종교성지
의정부,2023,10,2023-10,114,경기도,의정부시,수락사,10,의정부 2023_10.csv,역사관광,종교성지
의정부,2023,10,2023-10,114,경기도,의정부시,김병지축구클럽의정부롯데마트점,10,의정부 2023_10.csv,레저스포츠,기타레저스포츠
의정부,2023,10,2023-10,119,경기도,의정부시,이성숙탁구클럽,9,의정부 2023_10.csv,레저스포츠,기타레저스포츠
의정부,2023,10,2023-10,119,경기도,의정부시,공고개어린이공원,9,의정부 2023_10.csv,문화관광,도시공원
의정부,2023,10,2023-10,119,경기도,의정부시,슈퍼키즈스카이방방의정부민락점,9,의정부 2023_10.csv,문화관광,테마공원
의정부,2023,10,2023-10,119,경기도,의정부시,귀락문화공원,9,의정부 2023_10.csv,문화관광,도시공원
의정부,2023,10,2023-10,123,경기도,의정부시,드림탁구클럽,8,의정부 2023_10.csv,레저스포츠,기타레저스포츠
의정부,2023,10,2023-10,123,경기도,의정부시,관음사,8,의정부 2023_10.csv,역사관광,종교성지
의정부,2023,10,2023-10,123,경기도,의정부시,의서어린이공원,8,의정부 2023_10.csv,문화관광,도시공원
의정부,2023,10,2023-10,123,경기도,의정부시,청사초롱근린공원,8,의정부 2023_10.csv,문화관광,도시공원
의정부,2023,10,2023-10,127,경기도,의정부시,회룡문화공원,7,의정부 2023_10.csv,문화관광,도시공원
의정부,2023,10,2023-10,127,경기도,의정부시,우정어린이공원,7,의정부 2023_10.csv,문화관광,도시공원
의정부,2023,10,2023-10,127,경기도,의정부시,문예어린이공원,7,의정부 2023_10.csv,문화관광,도시공원
의정부,2023,10,2023-10,127,경기도,의정부시,원효사,7,의정부 2023_10.csv,역사관광,종교성지
의정부,2023,10,2023-10,131,경기도,의정부시,무지랭이계곡,6,의정부 2023_10.csv,자연관광,자연경관(산)
의정부,2023,10,2023-10,131,경기도,의정부시,리틀베이비카페,6,의정부 2023_10.csv,문화관광,테마공원
의정부,2023,10,2023-10,131,경기도,의정부시,청년창작공간작당,6,의정부 2023_10.csv,문화관광,기타문화관광지
의정부,2023,10,2023-10,131,경기도,의정부시,승지원트레이닝센터,6,의정부 2023_10.csv,레저스포츠,기타레저스포츠
의정부,2023,10,2023-10,131,경기도,의정부시,슈가복싱의정부점,6,의정부 2023_10.csv,레저스포츠,기타레저스포츠
의정부,2023,10,2023-10,131,경기도,의정부시,범골어린이공원,6,의정부 2023_10.csv,문화관광,도시공원
의정부,2023,10,2023-10,131,경기도,의정부시,용현정,6,의정부 2023_10.csv,레저스포츠,육상레저스포츠
의정부,2023,10,2023-10,131,경기도,의정부시,쌍용사,6,의정부 2023_10.csv,역사관광,종교성지
의정부,2023,10,2023-10,131,경기도,의정부시,의정부포교원,6,의정부 2023_10.csv,역사관광,종교성지
의정부,2023,10,2023-10,131,경기도,의정부시,천보산,6,의정부 2023_10.csv,자연관광,자연경관(산)
의정부,2023,10,2023-10,131,경기도,의정부시,정화사,6,의정부 2023_10.csv,역사관광,종교성지
의정부,2023,10,2023-10,142,경기도,의정부시,미가사,5,의정부 2023_10.csv,역사관광,종교성지
의정부,2023,10,2023-10,142,경기도,의정부시,상록근린공원,5,의정부 2023_10.csv,문화관광,도시공원
의정부,2023,10,2023-10,142,경기도,의정부시,학송사,5,의정부 2023_10.csv,역사관광,종교성지
의정부,2023,10,2023-10,142,경기도,의정부시,석림사계곡,5,의정부 2023_10.csv,자연관광,자연경관(산)
의정부,2023,10,2023-10,146,경기도,의정부시,투앤디수영장,4,의정부 2023_10.csv,문화관광,테마공원
의정부,2023,10,2023-10,146,경기도,의정부시,색동어린이공원,4,의정부 2023_10.csv,문화관광,도시공원
의정부,2023,10,2023-10,146,경기도,의정부시,토끼어린이공원,4,의정부 2023_10.csv,문화관광,도시공원
의정부,2023,10,2023-10,146,경기도,의정부시,다리목근린공원,4,의정부 2023_10.csv,문화관광,도시공원
의정부,2023,10,2023-10,146,경기도,의정부시,홍연경민현대미술관,4,의정부 2023_10.csv,문화관광,전시시설
의정부,2023,10,2023-10,146,경기도,의정부시,스트라이크존의정부구장,4,의정부 2023_10.csv,레저스포츠,기타레저스포츠
의정부,2023,10,2023-10,152,경기도,의정부시,드래곤트릭킹짐,3,의정부 2023_10.csv,레저스포츠,기타레저스포츠
의정부,2023,10,2023-10,152,경기도,의정부시,메이드라인,3,의정부 2023_10.csv,레저스포츠,기타레저스포츠
의정부,2023,10,2023-10,152,경기도,의정부시,오더랩,3,의정부 2023_10.csv,체험관광,공예체험
의정부,2023,10,2023-10,152,경기도,의정부시,알쏭달쏭드로잉카페,3,의정부 2023_10.csv,문화관광,테마공원
의정부,2023,10,2023-10,152,경기도,의정부시,약수배드민턴클럽,3,의정부 2023_10.csv,레저스포츠,기타레저스포츠
의정부,2023,10,2023-10,152,경기도,의정부시,의정부망월풋살구장,3,의정부 2023_10.csv,레저스포츠,기타레저스포츠
의정부,2023,10,2023-10,152,경기도,의정부시,솔향어린이공원,3,의정부 2023_10.csv,문화관광,도시공원
의정부,2023,10,2023-10,152,경기도,의정부시,원도봉산,3,의정부 2023_10.csv,자연관광,자연경관(산)
의정부,2023,10,2023-10,152,경기도,의정부시,의정부약수선원목조보살입상,3,의정부 2023_10.csv,역사관광,역사유적지
의정부,2023,10,2023-10,152,경기도,의정부시,홍익문화공원,3,의정부 2023_10.csv,문화관광,도시공원
의정부,2023,10,2023-10,152,경기도,의정부시,탑돌어린이공원,3,의정부 2023_10.csv,문화관광,도시공원
의정부,2023,10,2023-10,152,경기도,의정부시,호동어린이공원,3,의정부 2023_10.csv,문화관광,도시공원
의정부,2023,10,2023-10,152,경기도,의정부시,중랑천어린이공원,3,의정부 2023_10.csv,문화관광,도시공원
의정부,2023,10,2023-10,152,경기도,의정부시,사패산회룡방면,3,의정부 2023_10.csv,자연관광,자연경관(산)
의정부,2023,10,2023-10,152,경기도,의정부시,영산법화사,3,의정부 2023_10.csv,역사관광,종교성지
의정부,2023,10,2023-10,152,경기도,의정부시,팜스프링스승마클럽,3,의정부 2023_10.csv,레저스포츠,육상레저스포츠
의정부,2023,10,2023-10,152,경기도,의정부시,두물터농장,3,의정부 2023_10.csv,체험관광,농/산/어촌체험
의정부,2023,10,2023-10,152,경기도,의정부시,북한산둘레길15구간,3,의정부 2023_10.csv,레저스포츠,기타레저스포츠
의정부,2023,10,2023-10,152,경기도,의정부시,잎새어린이공원,3,의정부 2023_10.csv,문화관광,도시공원
의정부,2023,10,2023-10,152,경기도,의정부시,천보사,3,의정부 2023_10.csv,역사관광,종교성지
의정부,2023,10,2023-10,152,경기도,의정부시,용화사,3,의정부 2023_10.csv,역사관광,종교성지
의정부,2023,10,2023-10,152,경기도,의정부시,너나들이어린이공원,3,의정부 2023_10.csv,문화관광,도시공원
의정부,2023,10,2023-10,152,경기도,의정부시,정수선원,3,의정부 2023_10.csv,역사관광,종교성지
의정부,2023,10,2023-10,152,경기도,의정부시,추동웰빙공원,3,의정부 2023_10.csv,문화관광,도시공원
의정부,2023,10,2023-10,152,경기도,의정부시,들꽃마을,3,의정부 2023_10.csv,문화관광,테마공원
의정부,2023,10,2023-10,152,경기도,의정부시,연주암,3,의정부 2023_10.csv,역사관광,종교성지
의정부,2023,11,2023-11,1,경기도,의정부시,신세계백화점의정부점,23124,의정부 2023_11.csv,쇼핑,백화점
의정부,2023,11,2023-11,2,경기도,의정부시,의정부제일시장,7703,의정부 2023_11.csv,쇼핑,시장
의정부,2023,11,2023-11,3,경기도,의정부시,의정부버스터미널,4208,의정부 2023_11.csv,기타관광,교통시설
의정부,2023,11,2023-11,4,경기도,의정부시,의정부예술의전당,3621,의정부 2023_11.csv,문화관광,공연시설
의정부,2023,11,2023-11,5,경기도,의정부시,롯데시네마의정부민락,2410,의정부 2023_11.csv,문화관광,공연시설
의정부,2023,11,2023-11,6,경기도,의정부시,메가박스의정부민락,1903,의정부 2023_11.csv,문화관광,공연시설
의정부,2023,11,2023-11,7,경기도,의정부시,의정부실내빙상장,1670,의정부 2023_11.csv,레저스포츠,육상레저스포츠
의정부,2023,11,2023-11,8,경기도,의정부시,CGV의정부태흥,1568,의정부 2023_11.csv,문화관광,공연시설
의정부,2023,11,2023-11,9,경기도,의정부시,의정부시청소년수련관,817,의정부 2023_11.csv,레저스포츠,육상레저스포츠
의정부,2023,11,2023-11,10,경기도,의정부시,태영프라자,712,의정부 2023_11.csv,쇼핑,쇼핑몰
의정부,2023,11,2023-11,11,경기도,의정부시,CGV의정부,705,의정부 2023_11.csv,문화관광,공연시설
의정부,2023,11,2023-11,12,경기도,의정부시,송산배수지체육시설,675,의정부 2023_11.csv,문화관광,도시공원
의정부,2023,11,2023-11,13,경기도,의정부시,신곡실내배드민턴장,645,의정부 2023_11.csv,레저스포츠,기타레저스포츠
의정부,2023,11,2023-11,14,경기도,의정부시,고고다이노키즈카페민락점,504,의정부 2023_11.csv,문화관광,테마공원
의정부,2023,11,2023-11,15,경기도,의정부시,직동근린공원,503,의정부 2023_11.csv,문화관광,도시공원
의정부,2023,11,2023-11,16,경기도,의정부시,낙양물사랑공원,469,의정부 2023_11.csv,문화관광,도시공원
의정부,2023,11,2023-11,17,경기도,의정부시,와글아이의정부점,468,의정부 2023_11.csv,문화관광,테마공원
의정부,2023,11,2023-11,18,경기도,의정부시,렛츠런CCC의정부지점,431,의정부 2023_11.csv,레저스포츠,육상레저스포츠
의정부,2023,11,2023-11,19,경기도,의정부시,활기체육공원,289,의정부 2023_11.csv,문화관광,도시공원
의정부,2023,11,2023-11,20,경기도,의정부시,점프스카이민락점,261,의정부 2023_11.csv,문화관광,테마공원
의정부,2023,11,2023-11,21,경기도,의정부시,루나루즈키즈카페,260,의정부 2023_11.csv,문화관광,테마공원
의정부,2023,11,2023-11,22,경기도,의정부시,석림사,237,의정부 2023_11.csv,역사관광,종교성지
의정부,2023,11,2023-11,23,경기도,의정부시,녹양야구장,228,의정부 2023_11.csv,문화관광,레저스포츠시설
의정부,2023,11,2023-11,24,경기도,의정부시,서울승마클럽,216,의정부 2023_11.csv,레저스포츠,육상레저스포츠
의정부,2023,11,2023-11,25,경기도,의정부시,히어로키즈파크의정부지점,209,의정부 2023_11.csv,문화관광,테마공원
의정부,2023,11,2023-11,26,경기도,의정부시,송산사지근린공원,207,의정부 2023_11.csv,문화관광,도시공원
의정부,2023,11,2023-11,27,경기도,의정부시,허니비풋살파크,206,의정부 2023_11.csv,문화관광,레저스포츠시설
의정부,2023,11,2023-11,28,경기도,의정부시,의정부가구거리,177,의정부 2023_11.csv,쇼핑,기타쇼핑시설
의정부,2023,11,2023-11,29,경기도,의정부시,곤제구장,164,의정부 2023_11.csv,문화관광,레저스포츠시설
의정부,2023,11,2023-11,30,경기도,의정부시,헬로방방민락점,163,의정부 2023_11.csv,문화관광,테마공원
의정부,2023,11,2023-11,31,경기도,의정부시,큐리키즈카페의정부점,158,의정부 2023_11.csv,문화관광,테마공원
의정부,2023,11,2023-11,32,경기도,의정부시,직동축구장,155,의정부 2023_11.csv,문화관광,레저스포츠시설
의정부,2023,11,2023-11,33,경기도,의정부시,회룡사,148,의정부 2023_11.csv,역사관광,종교성지
의정부,2023,11,2023-11,34,경기도,의정부시,장암파크골프장,144,의정부 2023_11.csv,레저스포츠,육상레저스포츠
의정부,2023,11,2023-11,35,경기도,의정부시,고고롤러스케이트장,139,의정부 2023_11.csv,레저스포츠,육상레저스포츠
의정부,2023,11,2023-11,36,경기도,의정부시,천보탁구장,133,의정부 2023_11.csv,레저스포츠,기타레저스포츠
의정부,2023,11,2023-11,37,경기도,의정부시,서영빌딩서관,120,의정부 2023_11.csv,문화관광,기타문화관광지
의정부,2023,11,2023-11,38,경기도,의정부시,타요키즈카페의정부민락점,119,의정부 2023_11.csv,문화관광,테마공원
의정부,2023,11,2023-11,39,경기도,의정부시,역전근린공원,114,의정부 2023_11.csv,문화관광,도시공원
의정부,2023,11,2023-11,40,경기도,의정부시,망월사,110,의정부 2023_11.csv,역사관광,종교성지
의정부,2023,11,2023-11,40,경기도,의정부시,자일낚시터,110,의정부 2023_11.csv,레저스포츠,수상레저스포츠
의정부,2023,11,2023-11,42,경기도,의정부시,북한산국립공원회룡탐방지원센터,102,의정부 2023_11.csv,기타관광,기타관광
의정부,2023,11,2023-11,43,경기도,의정부시,경륜경정의정부지점,99,의정부 2023_11.csv,레저스포츠,육상레저스포츠
의정부,2023,11,2023-11,43,경기도,의정부시,의정부청과야채시장,99,의정부 2023_11.csv,쇼핑,시장
의정부,2023,11,2023-11,45,경기도,의정부시,김민성탁구클럽,97,의정부 2023_11.csv,레저스포츠,기타레저스포츠
의정부,2023,11,2023-11,46,경기도,의정부시,장수원배드민턴클럽,94,의정부 2023_11.csv,레저스포츠,기타레저스포츠
의정부,2023,11,2023-11,47,경기도,의정부시,추동배드민턴장,91,의정부 2023_11.csv,레저스포츠,기타레저스포츠
의정부,2023,11,2023-11,48,경기도,의정부시,곤제근린공원,90,의정부 2023_11.csv,문화관광,도시공원
의정부,2023,11,2023-11,49,경기도,의정부시,백영수미술관,86,의정부 2023_11.csv,문화관광,전시시설
의정부,2023,11,2023-11,50,경기도,의정부시,의정부천문대,85,의정부 2023_11.csv,레저스포츠,기타레저스포츠
의정부,2023,11,2023-11,51,경기도,의정부시,현충탑,79,의정부 2023_11.csv,역사관광,역사유물
의정부,2023,11,2023-11,52,경기도,의정부시,안골유원지,78,의정부 2023_11.csv,문화관광,복합관광시설
의정부,2023,11,2023-11,53,경기도,의정부시,의정부예술의전당대극장,76,의정부 2023_11.csv,문화관광,공연시설
의정부,2023,11,2023-11,54,경기도,의정부시,윤한미탁구클럽,74,의정부 2023_11.csv,레저스포츠,기타레저스포츠
의정부,2023,11,2023-11,55,경기도,의정부시,알쏭달쏭키즈드로잉,68,의정부 2023_11.csv,문화관광,테마공원
의정부,2023,11,2023-11,55,경기도,의정부시,어수정어린이공원,68,의정부 2023_11.csv,문화관광,도시공원
의정부,2023,11,2023-11,55,경기도,의정부시,의정부예술의전당소극장,68,의정부 2023_11.csv,문화관광,공연시설
의정부,2023,11,2023-11,58,경기도,의정부시,태조이성계상,60,의정부 2023_11.csv,기타관광,기타관광
의정부,2023,11,2023-11,59,경기도,의정부시,우리소극장,59,의정부 2023_11.csv,문화관광,공연시설
의정부,2023,11,2023-11,60,경기도,의정부시,어울놀이패밀리카페,58,의정부 2023_11.csv,문화관광,테마공원
의정부,2023,11,2023-11,61,경기도,의정부시,예술공간휴서사,56,의정부 2023_11.csv,문화관광,공연시설
의정부,2023,11,2023-11,62,경기도,의정부시,상금오어린이공원,54,의정부 2023_11.csv,문화관광,도시공원
의정부,2023,11,2023-11,63,경기도,의정부시,호암사,50,의정부 2023_11.csv,역사관광,종교성지
의정부,2023,11,2023-11,64,경기도,의정부시,스카이짐유소년스포츠클럽녹양점,49,의정부 2023_11.csv,레저스포츠,기타레저스포츠
의정부,2023,11,2023-11,64,경기도,의정부시,꿀잼키즈룸의정부민락점,49,의정부 2023_11.csv,문화관광,테마공원
의정부,2023,11,2023-11,66,경기도,의정부시,신숙주선생묘,47,의정부 2023_11.csv,역사관광,역사유적지
의정부,2023,11,2023-11,67,경기도,의정부시,김병지축구클럽의정부롯데마트점,46,의정부 2023_11.csv,레저스포츠,기타레저스포츠
의정부,2023,11,2023-11,67,경기도,의정부시,직동근린공원통나무집,46,의정부 2023_11.csv,레저스포츠,육상레저스포츠
의정부,2023,11,2023-11,69,경기도,의정부시,자일산림욕장,42,의정부 2023_11.csv,자연관광,자연공원
의정부,2023,11,2023-11,69,경기도,의정부시,의정부아트캠프,42,의정부 2023_11.csv,문화관광,기타문화관광지
의정부,2023,11,2023-11,71,경기도,의정부시,의정부시리틀야구장,41,의정부 2023_11.csv,문화관광,레저스포츠시설
의정부,2023,11,2023-11,72,경기도,의정부시,안골계곡,40,의정부 2023_11.csv,자연관광,자연경관(산)
의정부,2023,11,2023-11,73,경기도,의정부시,신곡탁구클럽,35,의정부 2023_11.csv,레저스포츠,기타레저스포츠
의정부,2023,11,2023-11,74,경기도,의정부시,꽃동네어린이공원,32,의정부 2023_11.csv,문화관광,도시공원
의정부,2023,11,2023-11,75,경기도,의정부시,마린앤키즈,31,의정부 2023_11.csv,문화관광,테마공원
의정부,2023,11,2023-11,76,경기도,의정부시,동심어린이공원,30,의정부 2023_11.csv,문화관광,도시공원
의정부,2023,11,2023-11,77,경기도,의정부시,중앙문화공원,29,의정부 2023_11.csv,문화관광,도시공원
의정부,2023,11,2023-11,78,경기도,의정부시,희망어린이공원,28,의정부 2023_11.csv,문화관광,도시공원
의정부,2023,11,2023-11,78,경기도,의정부시,사패산안골통제소방면,28,의정부 2023_11.csv,자연관광,자연경관(산)
의정부,2023,11,2023-11,80,경기도,의정부시,원각사,27,의정부 2023_11.csv,역사관광,종교성지
의정부,2023,11,2023-11,81,경기도,의정부시,킹클라이밍,25,의정부 2023_11.csv,레저스포츠,기타레저스포츠
의정부,2023,11,2023-11,81,경기도,의정부시,하랑키즈카페,25,의정부 2023_11.csv,문화관광,테마공원
의정부,2023,11,2023-11,83,경기도,의정부시,푸른마당근린공원,24,의정부 2023_11.csv,문화관광,도시공원
의정부,2023,11,2023-11,83,경기도,의정부시,김미미도예공방,24,의정부 2023_11.csv,체험관광,공예체험
의정부,2023,11,2023-11,83,경기도,의정부시,롤프렌롤러장,24,의정부 2023_11.csv,레저스포츠,육상레저스포츠
의정부,2023,11,2023-11,86,경기도,의정부시,레벨업탁구클럽,23,의정부 2023_11.csv,레저스포츠,기타레저스포츠
의정부,2023,11,2023-11,87,경기도,의정부시,정문부장군묘,22,의정부 2023_11.csv,역사관광,역사유적지
의정부,2023,11,2023-11,87,경기도,의정부시,의정부시장,22,의정부 2023_11.csv,쇼핑,시장
의정부,2023,11,2023-11,89,경기도,의정부시,메이드라인,21,의정부 2023_11.csv,레저스포츠,기타레저스포츠
의정부,2023,11,2023-11,89,경기도,의정부시,벌말어린이공원,21,의정부 2023_11.csv,문화관광,도시공원
의정부,2023,11,2023-11,91,경기도,의정부시,우리끼리 키즈카페 스포츠마을의정부민락점,20,의정부 2023_11.csv,문화관광,테마공원
의정부,2023,11,2023-11,92,경기도,의정부시,용현정,18,의정부 2023_11.csv,레저스포츠,육상레저스포츠
의정부,2023,11,2023-11,92,경기도,의정부시,와우민턴샵,18,의정부 2023_11.csv,레저스포츠,기타레저스포츠
의정부,2023,11,2023-11,94,경기도,의정부시,홍연경민현대미술관,17,의정부 2023_11.csv,문화관광,전시시설
의정부,2023,11,2023-11,95,경기도,의정부시,사패산,16,의정부 2023_11.csv,자연관광,자연경관(산)
의정부,2023,11,2023-11,96,경기도,의정부시,다리목근린공원,15,의정부 2023_11.csv,문화관광,도시공원
의정부,2023,11,2023-11,96,경기도,의정부시,스트라이크존의정부민락구장,15,의정부 2023_11.csv,레저스포츠,기타레저스포츠
의정부,2023,11,2023-11,98,경기도,의정부시,봉화정사,14,의정부 2023_11.csv,역사관광,종교성지
의정부,2023,11,2023-11,98,경기도,의정부시,정화사,14,의정부 2023_11.csv,역사관광,종교성지
의정부,2023,11,2023-11,100,경기도,의정부시,미가사,13,의정부 2023_11.csv,역사관광,종교성지
의정부,2023,11,2023-11,100,경기도,의정부시,리드민리듬체조민락본점,13,의정부 2023_11.csv,레저스포츠,기타레저스포츠
의정부,2023,11,2023-11,102,경기도,의정부시,리틀베이비카페,12,의정부 2023_11.csv,문화관광,테마공원
의정부,2023,11,2023-11,102,경기도,의정부시,미륵암,12,의정부 2023_11.csv,역사관광,종교성지
의정부,2023,11,2023-11,102,경기도,의정부시,유니크발레,12,의정부 2023_11.csv,레저스포츠,기타레저스포츠
의정부,2023,11,2023-11,105,경기도,의정부시,덕천사,11,의정부 2023_11.csv,역사관광,종교성지
의정부,2023,11,2023-11,105,경기도,의정부시,효자어린이공원,11,의정부 2023_11.csv,문화관광,도시공원
의정부,2023,11,2023-11,107,경기도,의정부시,승지원트레이닝센터,10,의정부 2023_11.csv,레저스포츠,기타레저스포츠
의정부,2023,11,2023-11,107,경기도,의정부시,노강서원,10,의정부 2023_11.csv,역사관광,역사유적지
의정부,2023,11,2023-11,107,경기도,의정부시,소망어린이공원,10,의정부 2023_11.csv,문화관광,도시공원
의정부,2023,11,2023-11,107,경기도,의정부시,로데오거리상점가,10,의정부 2023_11.csv,쇼핑,시장
의정부,2023,11,2023-11,107,경기도,의정부시,성불사,10,의정부 2023_11.csv,역사관광,종교성지
의정부,2023,11,2023-11,112,경기도,의정부시,북한산국립공원원도봉탐방지원센터,9,의정부 2023_11.csv,기타관광,기타관광
의정부,2023,11,2023-11,112,경기도,의정부시,공고개어린이공원,9,의정부 2023_11.csv,문화관광,도시공원
의정부,2023,11,2023-11,114,경기도,의정부시,의정부김치체험관,8,의정부 2023_11.csv,문화관광,기타문화관광지
의정부,2023,11,2023-11,114,경기도,의정부시,쌍암사,8,의정부 2023_11.csv,역사관광,종교성지
의정부,2023,11,2023-11,114,경기도,의정부시,석림사계곡,8,의정부 2023_11.csv,자연관광,자연경관(산)
의정부,2023,11,2023-11,117,경기도,의정부시,의정부축구센터,7,의정부 2023_11.csv,레저스포츠,기타레저스포츠
의정부,2023,11,2023-11,117,경기도,의정부시,홍짐,7,의정부 2023_11.csv,레저스포츠,기타레저스포츠
의정부,2023,11,2023-11,117,경기도,의정부시,슈가복싱의정부점,7,의정부 2023_11.csv,레저스포츠,기타레저스포츠
의정부,2023,11,2023-11,117,경기도,의정부시,대원사,7,의정부 2023_11.csv,역사관광,종교성지
의정부,2023,11,2023-11,117,경기도,의정부시,문예어린이공원,7,의정부 2023_11.csv,문화관광,도시공원
의정부,2023,11,2023-11,117,경기도,의정부시,부용산,7,의정부 2023_11.csv,자연관광,자연경관(산)
의정부,2023,11,2023-11,117,경기도,의정부시,북한산둘레길16구간,7,의정부 2023_11.csv,레저스포츠,기타레저스포츠
의정부,2023,11,2023-11,117,경기도,의정부시,리얼야구존의정부점,7,의정부 2023_11.csv,레저스포츠,기타레저스포츠
의정부,2023,11,2023-11,125,경기도,의정부시,몽슈슈베이비카페,6,의정부 2023_11.csv,문화관광,테마공원
의정부,2023,11,2023-11,125,경기도,의정부시,의정부망월풋살구장,6,의정부 2023_11.csv,레저스포츠,기타레저스포츠
의정부,2023,11,2023-11,125,경기도,의정부시,관음사,6,의정부 2023_11.csv,역사관광,종교성지
의정부,2023,11,2023-11,125,경기도,의정부시,이태영탁구교실,6,의정부 2023_11.csv,레저스포츠,기타레저스포츠
의정부,2023,11,2023-11,125,경기도,의정부시,쌍용사,6,의정부 2023_11.csv,역사관광,종교성지
의정부,2023,11,2023-11,125,경기도,의정부시,영산법화사,6,의정부 2023_11.csv,역사관광,종교성지
의정부,2023,11,2023-11,125,경기도,의정부시,용현사,6,의정부 2023_11.csv,역사관광,종교성지
의정부,2023,11,2023-11,125,경기도,의정부시,두물터농장,6,의정부 2023_11.csv,체험관광,농/산/어촌체험
의정부,2023,11,2023-11,133,경기도,의정부시,수락사,5,의정부 2023_11.csv,역사관광,종교성지
의정부,2023,11,2023-11,134,경기도,의정부시,무지랭이계곡,4,의정부 2023_11.csv,자연관광,자연경관(산)
의정부,2023,11,2023-11,134,경기도,의정부시,우정어린이공원,4,의정부 2023_11.csv,문화관광,도시공원
의정부,2023,11,2023-11,134,경기도,의정부시,탑돌어린이공원,4,의정부 2023_11.csv,문화관광,도시공원
의정부,2023,11,2023-11,137,경기도,의정부시,드림탁구클럽,3,의정부 2023_11.csv,레저스포츠,기타레저스포츠
의정부,2023,11,2023-11,137,경기도,의정부시,버들개야구장,3,의정부 2023_11.csv,문화관광,레저스포츠시설
의정부,2023,11,2023-11,137,경기도,의정부시,갤러리평화,3,의정부 2023_11.csv,문화관광,전시시설
의정부,2023,11,2023-11,137,경기도,의정부시,꿈그림공장,3,의정부 2023_11.csv,체험관광,공예체험
의정부,2023,11,2023-11,137,경기도,의정부시,오더랩,3,의정부 2023_11.csv,체험관광,공예체험
의정부,2023,11,2023-11,137,경기도,의정부시,왕바우근린공원,3,의정부 2023_11.csv,문화관광,도시공원
의정부,2023,11,2023-11,137,경기도,의정부시,PRM킨더마마신세계백화점의정부점,3,의정부 2023_11.csv,문화관광,테마공원
의정부,2023,11,2023-11,137,경기도,의정부시,직동수련원,3,의정부 2023_11.csv,레저스포츠,육상레저스포츠
의정부,2023,11,2023-11,137,경기도,의정부시,원투무에타이킥복싱체육관신곡점,3,의정부 2023_11.csv,레저스포츠,기타레저스포츠
의정부,2023,11,2023-11,137,경기도,의정부시,이성숙탁구클럽,3,의정부 2023_11.csv,레저스포츠,기타레저스포츠
의정부,2023,11,2023-11,137,경기도,의정부시,투앤디수영장,3,의정부 2023_11.csv,문화관광,테마공원
의정부,2023,11,2023-11,137,경기도,의정부시,한국산악회등산학교,3,의정부 2023_11.csv,레저스포츠,기타레저스포츠
의정부,2023,11,2023-11,137,경기도,의정부시,망월사천봉선사탑비,3,의정부 2023_11.csv,역사관광,역사유적지
의정부,2023,11,2023-11,137,경기도,의정부시,백합어린이공원,3,의정부 2023_11.csv,문화관광,도시공원
의정부,2023,11,2023-11,137,경기도,의정부시,색동어린이공원,3,의정부 2023_11.csv,문화관광,도시공원
의정부,2023,11,2023-11,137,경기도,의정부시,토끼어린이공원,3,의정부 2023_11.csv,문화관광,도시공원
의정부,2023,11,2023-11,137,경기도,의정부시,중앙어린이공원,3,의정부 2023_11.csv,문화관광,도시공원
의정부,2023,11,2023-11,137,경기도,의정부시,상록근린공원,3,의정부 2023_11.csv,문화관광,도시공원
의정부,2023,11,2023-11,137,경기도,의정부시,사패산회룡방면,3,의정부 2023_11.csv,자연관광,자연경관(산)
의정부,2023,11,2023-11,137,경기도,의정부시,의정부포교원,3,의정부 2023_11.csv,역사관광,종교성지
의정부,2023,11,2023-11,137,경기도,의정부시,뛰노리방방,3,의정부 2023_11.csv,문화관광,테마공원
의정부,2023,11,2023-11,137,경기도,의정부시,경민조경,3,의정부 2023_11.csv,체험관광,농/산/어촌체험
의정부,2023,11,2023-11,137,경기도,의정부시,추동공원,3,의정부 2023_11.csv,문화관광,도시공원
의정부,2023,11,2023-11,137,경기도,의정부시,덕수사,3,의정부 2023_11.csv,역사관광,종교성지
의정부,2023,11,2023-11,137,경기도,의정부시,스트라이크존의정부구장,3,의정부 2023_11.csv,레저스포츠,기타레저스포츠
의정부,2023,11,2023-11,137,경기도,의정부시,담다헌주말농장,3,의정부 2023_11.csv,체험관광,농/산/어촌체험
의정부,2023,11,2023-11,137,경기도,의정부시,슈퍼키즈스카이방방의정부민락점,3,의정부 2023_11.csv,문화관광,테마공원
의정부,2023,11,2023-11,137,경기도,의정부시,다함께야구왕민락점,3,의정부 2023_11.csv,레저스포츠,기타레저스포츠
의정부,2023,11,2023-11,137,경기도,의정부시,정수선원,3,의정부 2023_11.csv,역사관광,종교성지
의정부,2023,11,2023-11,137,경기도,의정부시,의정부LKFC유소년축구클럽,3,의정부 2023_11.csv,레저스포츠,기타레저스포츠
의정부,2023,11,2023-11,137,경기도,의정부시,무량사,3,의정부 2023_11.csv,역사관광,종교성지
의정부,2023,12,2023-12,1,경기도,의정부시,신세계백화점의정부점,26700,의정부 2023_12.csv,쇼핑,백화점
의정부,2023,12,2023-12,2,경기도,의정부시,의정부제일시장,7135,의정부 2023_12.csv,쇼핑,시장
의정부,2023,12,2023-12,3,경기도,의정부시,롯데시네마의정부민락,4638,의정부 2023_12.csv,문화관광,공연시설
의정부,2023,12,2023-12,4,경기도,의정부시,의정부버스터미널,4156,의정부 2023_12.csv,기타관광,교통시설
의정부,2023,12,2023-12,5,경기도,의정부시,의정부예술의전당,3408,의정부 2023_12.csv,문화관광,공연시설
의정부,2023,12,2023-12,6,경기도,의정부시,메가박스의정부민락,2837,의정부 2023_12.csv,문화관광,공연시설
의정부,2023,12,2023-12,7,경기도,의정부시,CGV의정부태흥,2266,의정부 2023_12.csv,문화관광,공연시설
의정부,2023,12,2023-12,8,경기도,의정부시,의정부실내빙상장,2129,의정부 2023_12.csv,레저스포츠,육상레저스포츠
의정부,2023,12,2023-12,9,경기도,의정부시,CGV의정부,1270,의정부 2023_12.csv,문화관광,공연시설
의정부,2023,12,2023-12,10,경기도,의정부시,태영프라자,772,의정부 2023_12.csv,쇼핑,쇼핑몰
의정부,2023,12,2023-12,11,경기도,의정부시,의정부시청소년수련관,689,의정부 2023_12.csv,레저스포츠,육상레저스포츠
의정부,2023,12,2023-12,12,경기도,의정부시,신곡실내배드민턴장,619,의정부 2023_12.csv,레저스포츠,기타레저스포츠
의정부,2023,12,2023-12,13,경기도,의정부시,송산배수지체육시설,600,의정부 2023_12.csv,문화관광,도시공원
의정부,2023,12,2023-12,14,경기도,의정부시,고고다이노키즈카페민락점,596,의정부 2023_12.csv,문화관광,테마공원
의정부,2023,12,2023-12,15,경기도,의정부시,와글아이의정부점,560,의정부 2023_12.csv,문화관광,테마공원
의정부,2023,12,2023-12,16,경기도,의정부시,렛츠런CCC의정부지점,527,의정부 2023_12.csv,레저스포츠,육상레저스포츠
의정부,2023,12,2023-12,17,경기도,의정부시,낙양물사랑공원,478,의정부 2023_12.csv,문화관광,도시공원
의정부,2023,12,2023-12,18,경기도,의정부시,직동근린공원,432,의정부 2023_12.csv,문화관광,도시공원
의정부,2023,12,2023-12,19,경기도,의정부시,점프스카이민락점,279,의정부 2023_12.csv,문화관광,테마공원
의정부,2023,12,2023-12,20,경기도,의정부시,활기체육공원,265,의정부 2023_12.csv,문화관광,도시공원
의정부,2023,12,2023-12,21,경기도,의정부시,히어로키즈파크의정부지점,256,의정부 2023_12.csv,문화관광,테마공원
의정부,2023,12,2023-12,22,경기도,의정부시,점핑몬스터의정부점,225,의정부 2023_12.csv,문화관광,테마공원
의정부,2023,12,2023-12,23,경기도,의정부시,루나루즈키즈카페,222,의정부 2023_12.csv,문화관광,테마공원
의정부,2023,12,2023-12,24,경기도,의정부시,서울승마클럽,209,의정부 2023_12.csv,레저스포츠,육상레저스포츠
의정부,2023,12,2023-12,25,경기도,의정부시,석림사,189,의정부 2023_12.csv,역사관광,종교성지
의정부,2023,12,2023-12,26,경기도,의정부시,의정부가구거리,182,의정부 2023_12.csv,쇼핑,기타쇼핑시설
의정부,2023,12,2023-12,27,경기도,의정부시,큐리키즈카페의정부점,181,의정부 2023_12.csv,문화관광,테마공원
의정부,2023,12,2023-12,28,경기도,의정부시,천보탁구장,179,의정부 2023_12.csv,레저스포츠,기타레저스포츠
의정부,2023,12,2023-12,29,경기도,의정부시,헬로방방민락점,166,의정부 2023_12.csv,문화관광,테마공원
의정부,2023,12,2023-12,30,경기도,의정부시,고고롤러스케이트장,160,의정부 2023_12.csv,레저스포츠,육상레저스포츠
의정부,2023,12,2023-12,31,경기도,의정부시,송산사지근린공원,144,의정부 2023_12.csv,문화관광,도시공원
의정부,2023,12,2023-12,32,경기도,의정부시,서영빌딩서관,136,의정부 2023_12.csv,문화관광,기타문화관광지
의정부,2023,12,2023-12,33,경기도,의정부시,어울놀이패밀리카페,133,의정부 2023_12.csv,문화관광,테마공원
의정부,2023,12,2023-12,33,경기도,의정부시,직동축구장,133,의정부 2023_12.csv,문화관광,레저스포츠시설
의정부,2023,12,2023-12,35,경기도,의정부시,알쏭달쏭키즈드로잉,128,의정부 2023_12.csv,문화관광,테마공원
의정부,2023,12,2023-12,36,경기도,의정부시,허니비풋살파크,126,의정부 2023_12.csv,문화관광,레저스포츠시설
의정부,2023,12,2023-12,36,경기도,의정부시,타요키즈카페의정부민락점,126,의정부 2023_12.csv,문화관광,테마공원
의정부,2023,12,2023-12,38,경기도,의정부시,곤제구장,123,의정부 2023_12.csv,문화관광,레저스포츠시설
의정부,2023,12,2023-12,39,경기도,의정부시,경륜경정의정부지점,118,의정부 2023_12.csv,레저스포츠,육상레저스포츠
의정부,2023,12,2023-12,40,경기도,의정부시,자일낚시터,114,의정부 2023_12.csv,레저스포츠,수상레저스포츠
의정부,2023,12,2023-12,41,경기도,의정부시,추동배드민턴장,112,의정부 2023_12.csv,레저스포츠,기타레저스포츠
의정부,2023,12,2023-12,42,경기도,의정부시,우리소극장,109,의정부 2023_12.csv,문화관광,공연시설
의정부,2023,12,2023-12,43,경기도,의정부시,의정부예술의전당대극장,102,의정부 2023_12.csv,문화관광,공연시설
의정부,2023,12,2023-12,43,경기도,의정부시,백영수미술관,102,의정부 2023_12.csv,문화관광,전시시설
의정부,2023,12,2023-12,45,경기도,의정부시,회룡사,90,의정부 2023_12.csv,역사관광,종교성지
의정부,2023,12,2023-12,45,경기도,의정부시,의정부청과야채시장,90,의정부 2023_12.csv,쇼핑,시장
의정부,2023,12,2023-12,47,경기도,의정부시,망월사,86,의정부 2023_12.csv,역사관광,종교성지
의정부,2023,12,2023-12,48,경기도,의정부시,김민성탁구클럽,85,의정부 2023_12.csv,레저스포츠,기타레저스포츠
의정부,2023,12,2023-12,49,경기도,의정부시,장수원배드민턴클럽,77,의정부 2023_12.csv,레저스포츠,기타레저스포츠
의정부,2023,12,2023-12,50,경기도,의정부시,장암파크골프장,75,의정부 2023_12.csv,레저스포츠,육상레저스포츠
의정부,2023,12,2023-12,51,경기도,의정부시,역전근린공원,73,의정부 2023_12.csv,문화관광,도시공원
의정부,2023,12,2023-12,52,경기도,의정부시,꿀잼키즈룸의정부민락점,61,의정부 2023_12.csv,문화관광,테마공원
의정부,2023,12,2023-12,53,경기도,의정부시,호암사,60,의정부 2023_12.csv,역사관광,종교성지
의정부,2023,12,2023-12,54,경기도,의정부시,상금오어린이공원,56,의정부 2023_12.csv,문화관광,도시공원
의정부,2023,12,2023-12,55,경기도,의정부시,안골유원지,55,의정부 2023_12.csv,문화관광,복합관광시설
의정부,2023,12,2023-12,56,경기도,의정부시,태조이성계상,54,의정부 2023_12.csv,기타관광,기타관광
의정부,2023,12,2023-12,57,경기도,의정부시,어수정어린이공원,53,의정부 2023_12.csv,문화관광,도시공원
의정부,2023,12,2023-12,58,경기도,의정부시,윤한미탁구클럽,51,의정부 2023_12.csv,레저스포츠,기타레저스포츠
의정부,2023,12,2023-12,59,경기도,의정부시,스카이짐유소년스포츠클럽녹양점,50,의정부 2023_12.csv,레저스포츠,기타레저스포츠
의정부,2023,12,2023-12,60,경기도,의정부시,모래야놀자,49,의정부 2023_12.csv,문화관광,테마공원
의정부,2023,12,2023-12,61,경기도,의정부시,북한산국립공원회룡탐방지원센터,48,의정부 2023_12.csv,기타관광,기타관광
의정부,2023,12,2023-12,62,경기도,의정부시,현충탑,47,의정부 2023_12.csv,역사관광,역사유물
의정부,2023,12,2023-12,63,경기도,의정부시,안골계곡,45,의정부 2023_12.csv,자연관광,자연경관(산)
의정부,2023,12,2023-12,64,경기도,의정부시,직동근린공원통나무집,43,의정부 2023_12.csv,레저스포츠,육상레저스포츠
의정부,2023,12,2023-12,65,경기도,의정부시,롤프렌롤러장,42,의정부 2023_12.csv,레저스포츠,육상레저스포츠
의정부,2023,12,2023-12,66,경기도,의정부시,의정부천문대,41,의정부 2023_12.csv,레저스포츠,기타레저스포츠
의정부,2023,12,2023-12,67,경기도,의정부시,곤제근린공원,37,의정부 2023_12.csv,문화관광,도시공원
의정부,2023,12,2023-12,68,경기도,의정부시,투앤디수영장,35,의정부 2023_12.csv,문화관광,테마공원
의정부,2023,12,2023-12,68,경기도,의정부시,홍연경민현대미술관,35,의정부 2023_12.csv,문화관광,전시시설
의정부,2023,12,2023-12,70,경기도,의정부시,스트라이크존의정부민락구장,34,의정부 2023_12.csv,레저스포츠,기타레저스포츠
의정부,2023,12,2023-12,71,경기도,의정부시,신곡탁구클럽,33,의정부 2023_12.csv,레저스포츠,기타레저스포츠
의정부,2023,12,2023-12,72,경기도,의정부시,꽃동네어린이공원,32,의정부 2023_12.csv,문화관광,도시공원
의정부,2023,12,2023-12,72,경기도,의정부시,희망어린이공원,32,의정부 2023_12.csv,문화관광,도시공원
의정부,2023,12,2023-12,72,경기도,의정부시,영산법화사,32,의정부 2023_12.csv,역사관광,종교성지
의정부,2023,12,2023-12,75,경기도,의정부시,동심어린이공원,31,의정부 2023_12.csv,문화관광,도시공원
의정부,2023,12,2023-12,76,경기도,의정부시,정수선원,30,의정부 2023_12.csv,역사관광,종교성지
의정부,2023,12,2023-12,77,경기도,의정부시,메이드라인,27,의정부 2023_12.csv,레저스포츠,기타레저스포츠
의정부,2023,12,2023-12,77,경기도,의정부시,예술공간휴서사,27,의정부 2023_12.csv,문화관광,공연시설
의정부,2023,12,2023-12,79,경기도,의정부시,정화사,25,의정부 2023_12.csv,역사관광,종교성지
의정부,2023,12,2023-12,80,경기도,의정부시,신숙주선생묘,24,의정부 2023_12.csv,역사관광,역사유적지
의정부,2023,12,2023-12,81,경기도,의정부시,쌍암사,23,의정부 2023_12.csv,역사관광,종교성지
의정부,2023,12,2023-12,82,경기도,의정부시,벌말어린이공원,22,의정부 2023_12.csv,문화관광,도시공원
의정부,2023,12,2023-12,83,경기도,의정부시,중앙문화공원,21,의정부 2023_12.csv,문화관광,도시공원
의정부,2023,12,2023-12,83,경기도,의정부시,슈퍼키즈스카이방방의정부민락점,21,의정부 2023_12.csv,문화관광,테마공원
의정부,2023,12,2023-12,83,경기도,의정부시,의정부아트캠프,21,의정부 2023_12.csv,문화관광,기타문화관광지
의정부,2023,12,2023-12,86,경기도,의정부시,리틀베이비카페,20,의정부 2023_12.csv,문화관광,테마공원
의정부,2023,12,2023-12,86,경기도,의정부시,의정부시리틀야구장,20,의정부 2023_12.csv,문화관광,레저스포츠시설
의정부,2023,12,2023-12,88,경기도,의정부시,효자어린이공원,19,의정부 2023_12.csv,문화관광,도시공원
의정부,2023,12,2023-12,88,경기도,의정부시,마린앤키즈,19,의정부 2023_12.csv,문화관광,테마공원
의정부,2023,12,2023-12,90,경기도,의정부시,우리끼리 키즈카페 스포츠마을의정부민락점,18,의정부 2023_12.csv,문화관광,테마공원
의정부,2023,12,2023-12,90,경기도,의정부시,푸른마당근린공원,18,의정부 2023_12.csv,문화관광,도시공원
의정부,2023,12,2023-12,90,경기도,의정부시,김병지축구클럽의정부롯데마트점,18,의정부 2023_12.csv,레저스포츠,기타레저스포츠
의정부,2023,12,2023-12,90,경기도,의정부시,킹클라이밍,18,의정부 2023_12.csv,레저스포츠,기타레저스포츠
의정부,2023,12,2023-12,94,경기도,의정부시,김미미도예공방,17,의정부 2023_12.csv,체험관광,공예체험
의정부,2023,12,2023-12,95,경기도,의정부시,자일산림욕장,16,의정부 2023_12.csv,자연관광,자연공원
의정부,2023,12,2023-12,96,경기도,의정부시,소망어린이공원,15,의정부 2023_12.csv,문화관광,도시공원
의정부,2023,12,2023-12,96,경기도,의정부시,와우민턴샵,15,의정부 2023_12.csv,레저스포츠,기타레저스포츠
의정부,2023,12,2023-12,98,경기도,의정부시,사패산안골통제소방면,14,의정부 2023_12.csv,자연관광,자연경관(산)
의정부,2023,12,2023-12,98,경기도,의정부시,리드민리듬체조민락본점,14,의정부 2023_12.csv,레저스포츠,기타레저스포츠
의정부,2023,12,2023-12,100,경기도,의정부시,봉화정사,13,의정부 2023_12.csv,역사관광,종교성지
의정부,2023,12,2023-12,100,경기도,의정부시,토끼어린이공원,13,의정부 2023_12.csv,문화관광,도시공원
의정부,2023,12,2023-12,100,경기도,의정부시,의정부예술의전당소극장,13,의정부 2023_12.csv,문화관광,공연시설
의정부,2023,12,2023-12,100,경기도,의정부시,스트라이크존의정부구장,13,의정부 2023_12.csv,레저스포츠,기타레저스포츠
의정부,2023,12,2023-12,104,경기도,의정부시,원각사,12,의정부 2023_12.csv,역사관광,종교성지
의정부,2023,12,2023-12,105,경기도,의정부시,공고개어린이공원,11,의정부 2023_12.csv,문화관광,도시공원
의정부,2023,12,2023-12,105,경기도,의정부시,이태영탁구교실,11,의정부 2023_12.csv,레저스포츠,기타레저스포츠
의정부,2023,12,2023-12,105,경기도,의정부시,성불사,11,의정부 2023_12.csv,역사관광,종교성지
의정부,2023,12,2023-12,108,경기도,의정부시,드래곤트릭킹짐,10,의정부 2023_12.csv,레저스포츠,기타레저스포츠
의정부,2023,12,2023-12,108,경기도,의정부시,노강서원,10,의정부 2023_12.csv,역사관광,역사유적지
의정부,2023,12,2023-12,108,경기도,의정부시,쌍용사,10,의정부 2023_12.csv,역사관광,종교성지
의정부,2023,12,2023-12,111,경기도,의정부시,샤모니클라이밍,9,의정부 2023_12.csv,레저스포츠,기타레저스포츠
의정부,2023,12,2023-12,111,경기도,의정부시,대원사,9,의정부 2023_12.csv,역사관광,종교성지
의정부,2023,12,2023-12,111,경기도,의정부시,백석천근린공원,9,의정부 2023_12.csv,문화관광,도시공원
의정부,2023,12,2023-12,114,경기도,의정부시,몽슈슈베이비카페,8,의정부 2023_12.csv,문화관광,테마공원
의정부,2023,12,2023-12,114,경기도,의정부시,스카이공연홀,8,의정부 2023_12.csv,문화관광,공연시설
의정부,2023,12,2023-12,114,경기도,의정부시,망월사천봉선사탑비,8,의정부 2023_12.csv,역사관광,역사유적지
의정부,2023,12,2023-12,114,경기도,의정부시,용현정,8,의정부 2023_12.csv,레저스포츠,육상레저스포츠
의정부,2023,12,2023-12,114,경기도,의정부시,대각사,8,의정부 2023_12.csv,역사관광,종교성지
의정부,2023,12,2023-12,119,경기도,의정부시,의정부망월풋살구장,7,의정부 2023_12.csv,레저스포츠,기타레저스포츠
의정부,2023,12,2023-12,119,경기도,의정부시,신나는겨울놀이터,7,의정부 2023_12.csv,레저스포츠,육상레저스포츠
의정부,2023,12,2023-12,121,경기도,의정부시,이성숙탁구클럽,6,의정부 2023_12.csv,레저스포츠,기타레저스포츠
의정부,2023,12,2023-12,121,경기도,의정부시,문예어린이공원,6,의정부 2023_12.csv,문화관광,도시공원
의정부,2023,12,2023-12,121,경기도,의정부시,장암어린이공원,6,의정부 2023_12.csv,문화관광,도시공원
의정부,2023,12,2023-12,121,경기도,의정부시,상록어린이공원,6,의정부 2023_12.csv,문화관광,도시공원
의정부,2023,12,2023-12,121,경기도,의정부시,의정부시장,6,의정부 2023_12.csv,쇼핑,시장
의정부,2023,12,2023-12,121,경기도,의정부시,로데오거리상점가,6,의정부 2023_12.csv,쇼핑,시장
의정부,2023,12,2023-12,121,경기도,의정부시,의정부포교원,6,의정부 2023_12.csv,역사관광,종교성지
의정부,2023,12,2023-12,121,경기도,의정부시,녹양야구장,6,의정부 2023_12.csv,문화관광,레저스포츠시설
의정부,2023,12,2023-12,121,경기도,의정부시,레벨업탁구클럽,6,의정부 2023_12.csv,레저스포츠,기타레저스포츠
의정부,2023,12,2023-12,130,경기도,의정부시,의정부축구센터,5,의정부 2023_12.csv,레저스포츠,기타레저스포츠
의정부,2023,12,2023-12,130,경기도,의정부시,다리목근린공원,5,의정부 2023_12.csv,문화관광,도시공원
의정부,2023,12,2023-12,132,경기도,의정부시,관음사,4,의정부 2023_12.csv,역사관광,종교성지
의정부,2023,12,2023-12,132,경기도,의정부시,원효사,4,의정부 2023_12.csv,역사관광,종교성지
의정부,2023,12,2023-12,132,경기도,의정부시,부용산,4,의정부 2023_12.csv,자연관광,자연경관(산)
의정부,2023,12,2023-12,132,경기도,의정부시,리얼야구존의정부점,4,의정부 2023_12.csv,레저스포츠,기타레저스포츠
의정부,2023,12,2023-12,132,경기도,의정부시,마스터탁구클럽,4,의정부 2023_12.csv,레저스포츠,기타레저스포츠
의정부,2023,12,2023-12,137,경기도,의정부시,미가사,3,의정부 2023_12.csv,역사관광,종교성지
의정부,2023,12,2023-12,137,경기도,의정부시,바둑전용경기장건축중(2024년07월개관예정),3,의정부 2023_12.csv,레저스포츠,기타레저스포츠
의정부,2023,12,2023-12,137,경기도,의정부시,캠프라과디아체육공원,3,의정부 2023_12.csv,문화관광,도시공원
의정부,2023,12,2023-12,137,경기도,의정부시,고산MMA주짓수종합격투기,3,의정부 2023_12.csv,레저스포츠,기타레저스포츠
의정부,2023,12,2023-12,137,경기도,의정부시,갤러리평화,3,의정부 2023_12.csv,문화관광,전시시설
의정부,2023,12,2023-12,137,경기도,의정부시,꿈그림공장,3,의정부 2023_12.csv,체험관광,공예체험
의정부,2023,12,2023-12,137,경기도,의정부시,오더랩,3,의정부 2023_12.csv,체험관광,공예체험
의정부,2023,12,2023-12,137,경기도,의정부시,의정부삼일운동기념비,3,의정부 2023_12.csv,역사관광,역사유물
의정부,2023,12,2023-12,137,경기도,의정부시,직동수련원,3,의정부 2023_12.csv,레저스포츠,육상레저스포츠
의정부,2023,12,2023-12,137,경기도,의정부시,슈가복싱의정부점,3,의정부 2023_12.csv,레저스포츠,기타레저스포츠
의정부,2023,12,2023-12,137,경기도,의정부시,의정부기억저장소,3,의정부 2023_12.csv,문화관광,전시시설
의정부,2023,12,2023-12,137,경기도,의정부시,한국산악연수원CAC등산학교,3,의정부 2023_12.csv,레저스포츠,기타레저스포츠
의정부,2023,12,2023-12,137,경기도,의정부시,사패산,3,의정부 2023_12.csv,자연관광,자연경관(산)
의정부,2023,12,2023-12,137,경기도,의정부시,원도봉산,3,의정부 2023_12.csv,자연관광,자연경관(산)
의정부,2023,12,2023-12,137,경기도,의정부시,의정부약수선원목조보살입상,3,의정부 2023_12.csv,역사관광,역사유적지
의정부,2023,12,2023-12,137,경기도,의정부시,자은선원,3,의정부 2023_12.csv,역사관광,종교성지
의정부,2023,12,2023-12,137,경기도,의정부시,정문부장군묘,3,의정부 2023_12.csv,역사관광,역사유적지
의정부,2023,12,2023-12,137,경기도,의정부시,장암발곡근린공원,3,의정부 2023_12.csv,문화관광,도시공원
의정부,2023,12,2023-12,137,경기도,의정부시,평화어린이공원,3,의정부 2023_12.csv,문화관광,도시공원
의정부,2023,12,2023-12,137,경기도,의정부시,영락사,3,의정부 2023_12.csv,역사관광,종교성지
의정부,2023,12,2023-12,137,경기도,의정부시,수락사,3,의정부 2023_12.csv,역사관광,종교성지
의정부,2023,12,2023-12,137,경기도,의정부시,송산눈썰매장,3,의정부 2023_12.csv,레저스포츠,육상레저스포츠
의정부,2023,12,2023-12,137,경기도,의정부시,뛰노리방방,3,의정부 2023_12.csv,문화관광,테마공원
의정부,2023,12,2023-12,137,경기도,의정부시,잎새어린이공원,3,의정부 2023_12.csv,문화관광,도시공원
의정부,2023,12,2023-12,137,경기도,의정부시,덕수사,3,의정부 2023_12.csv,역사관광,종교성지
의정부,2023,12,2023-12,137,경기도,의정부시,의정부LKFC유소년축구클럽,3,의정부 2023_12.csv,레저스포츠,기타레저스포츠
의정부,2023,12,2023-12,137,경기도,의정부시,무량사,3,의정부 2023_12.csv,역사관광,종교성지
의정부,2023,12,2023-12,137,경기도,의정부시,귀락문화공원,3,의정부 2023_12.csv,문화관광,도시공원
의정부,2024,1,2024-01,1,경기도,의정부시,신세계백화점의정부점,21283,의정부 2024_01.csv,쇼핑,백화점
의정부,2024,1,2024-01,2,경기도,의정부시,의정부제일시장,7318,의정부 2024_01.csv,쇼핑,시장
의정부,2024,1,2024-01,3,경기도,의정부시,의정부버스터미널,3680,의정부 2024_01.csv,기타관광,교통시설
의정부,2024,1,2024-01,4,경기도,의정부시,의정부실내빙상장,2773,의정부 2024_01.csv,레저스포츠,육상레저스포츠
의정부,2024,1,2024-01,5,경기도,의정부시,롯데시네마의정부민락,2627,의정부 2024_01.csv,문화관광,공연시설
의정부,2024,1,2024-01,6,경기도,의정부시,의정부예술의전당,2529,의정부 2024_01.csv,문화관광,공연시설
의정부,2024,1,2024-01,7,경기도,의정부시,메가박스의정부민락,1821,의정부 2024_01.csv,문화관광,공연시설
의정부,2024,1,2024-01,8,경기도,의정부시,CGV의정부태흥,1507,의정부 2024_01.csv,문화관광,공연시설
의정부,2024,1,2024-01,9,경기도,의정부시,점핑몬스터의정부점,783,의정부 2024_01.csv,문화관광,테마공원
의정부,2024,1,2024-01,10,경기도,의정부시,송산배수지체육시설,703,의정부 2024_01.csv,문화관광,도시공원
의정부,2024,1,2024-01,11,경기도,의정부시,신곡실내배드민턴장,689,의정부 2024_01.csv,레저스포츠,기타레저스포츠
의정부,2024,1,2024-01,12,경기도,의정부시,태영프라자,682,의정부 2024_01.csv,쇼핑,쇼핑몰
의정부,2024,1,2024-01,13,경기도,의정부시,의정부시청소년수련관,646,의정부 2024_01.csv,레저스포츠,육상레저스포츠
의정부,2024,1,2024-01,14,경기도,의정부시,CGV의정부,620,의정부 2024_01.csv,문화관광,공연시설
의정부,2024,1,2024-01,15,경기도,의정부시,와글아이의정부점,575,의정부 2024_01.csv,문화관광,테마공원
의정부,2024,1,2024-01,16,경기도,의정부시,고고다이노키즈카페민락점,565,의정부 2024_01.csv,문화관광,테마공원
의정부,2024,1,2024-01,17,경기도,의정부시,낙양물사랑공원,493,의정부 2024_01.csv,문화관광,도시공원
의정부,2024,1,2024-01,18,경기도,의정부시,직동근린공원,434,의정부 2024_01.csv,문화관광,도시공원
의정부,2024,1,2024-01,19,경기도,의정부시,렛츠런CCC의정부지점,374,의정부 2024_01.csv,레저스포츠,육상레저스포츠
의정부,2024,1,2024-01,20,경기도,의정부시,점프스카이민락점,326,의정부 2024_01.csv,문화관광,테마공원
의정부,2024,1,2024-01,21,경기도,의정부시,히어로키즈파크의정부지점,300,의정부 2024_01.csv,문화관광,테마공원
의정부,2024,1,2024-01,22,경기도,의정부시,고고롤러스케이트장,250,의정부 2024_01.csv,레저스포츠,육상레저스포츠
의정부,2024,1,2024-01,23,경기도,의정부시,루나루즈키즈카페,234,의정부 2024_01.csv,문화관광,테마공원
의정부,2024,1,2024-01,24,경기도,의정부시,활기체육공원,221,의정부 2024_01.csv,문화관광,도시공원
의정부,2024,1,2024-01,25,경기도,의정부시,경륜경정의정부지점,183,의정부 2024_01.csv,레저스포츠,육상레저스포츠
의정부,2024,1,2024-01,26,경기도,의정부시,큐리키즈카페의정부점,179,의정부 2024_01.csv,문화관광,테마공원
의정부,2024,1,2024-01,27,경기도,의정부시,헬로방방민락점,172,의정부 2024_01.csv,문화관광,테마공원
의정부,2024,1,2024-01,28,경기도,의정부시,서울승마클럽,170,의정부 2024_01.csv,레저스포츠,육상레저스포츠
의정부,2024,1,2024-01,29,경기도,의정부시,곤제구장,168,의정부 2024_01.csv,문화관광,레저스포츠시설
의정부,2024,1,2024-01,30,경기도,의정부시,송산사지근린공원,163,의정부 2024_01.csv,문화관광,도시공원
의정부,2024,1,2024-01,31,경기도,의정부시,서영빌딩서관,151,의정부 2024_01.csv,문화관광,기타문화관광지
의정부,2024,1,2024-01,31,경기도,의정부시,석림사,151,의정부 2024_01.csv,역사관광,종교성지
의정부,2024,1,2024-01,33,경기도,의정부시,의정부가구거리,148,의정부 2024_01.csv,쇼핑,기타쇼핑시설
의정부,2024,1,2024-01,34,경기도,의정부시,직동축구장,146,의정부 2024_01.csv,문화관광,레저스포츠시설
의정부,2024,1,2024-01,34,경기도,의정부시,천보탁구장,146,의정부 2024_01.csv,레저스포츠,기타레저스포츠
의정부,2024,1,2024-01,36,경기도,의정부시,회룡사,137,의정부 2024_01.csv,역사관광,종교성지
의정부,2024,1,2024-01,37,경기도,의정부시,타요키즈카페의정부민락점,131,의정부 2024_01.csv,문화관광,테마공원
의정부,2024,1,2024-01,38,경기도,의정부시,추동배드민턴장,129,의정부 2024_01.csv,레저스포츠,기타레저스포츠
의정부,2024,1,2024-01,39,경기도,의정부시,망월사,115,의정부 2024_01.csv,역사관광,종교성지
의정부,2024,1,2024-01,40,경기도,의정부시,알쏭달쏭키즈드로잉,109,의정부 2024_01.csv,문화관광,테마공원
의정부,2024,1,2024-01,41,경기도,의정부시,자일낚시터,108,의정부 2024_01.csv,레저스포츠,수상레저스포츠
의정부,2024,1,2024-01,42,경기도,의정부시,의정부예술의전당대극장,107,의정부 2024_01.csv,문화관광,공연시설
의정부,2024,1,2024-01,43,경기도,의정부시,김민성탁구클럽,92,의정부 2024_01.csv,레저스포츠,기타레저스포츠
의정부,2024,1,2024-01,44,경기도,의정부시,의정부청과야채시장,90,의정부 2024_01.csv,쇼핑,시장
의정부,2024,1,2024-01,45,경기도,의정부시,허니비풋살파크,82,의정부 2024_01.csv,문화관광,레저스포츠시설
의정부,2024,1,2024-01,46,경기도,의정부시,장수원배드민턴클럽,81,의정부 2024_01.csv,레저스포츠,기타레저스포츠
의정부,2024,1,2024-01,47,경기도,의정부시,안골유원지,69,의정부 2024_01.csv,문화관광,복합관광시설
의정부,2024,1,2024-01,47,경기도,의정부시,의정부천문대,69,의정부 2024_01.csv,레저스포츠,기타레저스포츠
의정부,2024,1,2024-01,49,경기도,의정부시,모래야놀자,68,의정부 2024_01.csv,문화관광,테마공원
의정부,2024,1,2024-01,50,경기도,의정부시,호암사,66,의정부 2024_01.csv,역사관광,종교성지
의정부,2024,1,2024-01,51,경기도,의정부시,어울놀이패밀리카페,64,의정부 2024_01.csv,문화관광,테마공원
의정부,2024,1,2024-01,52,경기도,의정부시,역전근린공원,63,의정부 2024_01.csv,문화관광,도시공원
의정부,2024,1,2024-01,52,경기도,의정부시,태조이성계상,63,의정부 2024_01.csv,기타관광,기타관광
의정부,2024,1,2024-01,54,경기도,의정부시,스카이짐유소년스포츠클럽녹양점,62,의정부 2024_01.csv,레저스포츠,기타레저스포츠
의정부,2024,1,2024-01,55,경기도,의정부시,롤프렌롤러장,61,의정부 2024_01.csv,레저스포츠,육상레저스포츠
의정부,2024,1,2024-01,56,경기도,의정부시,우리소극장,60,의정부 2024_01.csv,문화관광,공연시설
의정부,2024,1,2024-01,57,경기도,의정부시,꿀잼키즈룸의정부민락점,54,의정부 2024_01.csv,문화관광,테마공원
의정부,2024,1,2024-01,57,경기도,의정부시,현충탑,54,의정부 2024_01.csv,역사관광,역사유물
의정부,2024,1,2024-01,59,경기도,의정부시,북한산국립공원회룡탐방지원센터,51,의정부 2024_01.csv,기타관광,기타관광
의정부,2024,1,2024-01,59,경기도,의정부시,상금오어린이공원,51,의정부 2024_01.csv,문화관광,도시공원
의정부,2024,1,2024-01,61,경기도,의정부시,녹양야구장,50,의정부 2024_01.csv,문화관광,레저스포츠시설
의정부,2024,1,2024-01,62,경기도,의정부시,김병지축구클럽의정부롯데마트점,49,의정부 2024_01.csv,레저스포츠,기타레저스포츠
의정부,2024,1,2024-01,63,경기도,의정부시,장암파크골프장,48,의정부 2024_01.csv,레저스포츠,육상레저스포츠
의정부,2024,1,2024-01,64,경기도,의정부시,아로하포레스트,45,의정부 2024_01.csv,문화관광,테마공원
의정부,2024,1,2024-01,65,경기도,의정부시,곤제근린공원,42,의정부 2024_01.csv,문화관광,도시공원
의정부,2024,1,2024-01,66,경기도,의정부시,김미미도예공방,35,의정부 2024_01.csv,체험관광,공예체험
의정부,2024,1,2024-01,67,경기도,의정부시,벌말어린이공원,34,의정부 2024_01.csv,문화관광,도시공원
의정부,2024,1,2024-01,67,경기도,의정부시,백영수미술관,34,의정부 2024_01.csv,문화관광,전시시설
의정부,2024,1,2024-01,69,경기도,의정부시,직동근린공원통나무집,33,의정부 2024_01.csv,레저스포츠,육상레저스포츠
의정부,2024,1,2024-01,70,경기도,의정부시,윤한미탁구클럽,32,의정부 2024_01.csv,레저스포츠,기타레저스포츠
의정부,2024,1,2024-01,71,경기도,의정부시,꽃동네어린이공원,31,의정부 2024_01.csv,문화관광,도시공원
의정부,2024,1,2024-01,72,경기도,의정부시,희망어린이공원,30,의정부 2024_01.csv,문화관광,도시공원
의정부,2024,1,2024-01,73,경기도,의정부시,메이드라인,29,의정부 2024_01.csv,레저스포츠,기타레저스포츠
의정부,2024,1,2024-01,74,경기도,의정부시,신곡탁구클럽,28,의정부 2024_01.csv,레저스포츠,기타레저스포츠
의정부,2024,1,2024-01,74,경기도,의정부시,의정부예술의전당소극장,28,의정부 2024_01.csv,문화관광,공연시설
의정부,2024,1,2024-01,76,경기도,의정부시,마린앤키즈,27,의정부 2024_01.csv,문화관광,테마공원
의정부,2024,1,2024-01,77,경기도,의정부시,동심어린이공원,26,의정부 2024_01.csv,문화관광,도시공원
의정부,2024,1,2024-01,78,경기도,의정부시,투앤디수영장,25,의정부 2024_01.csv,문화관광,테마공원
의정부,2024,1,2024-01,79,경기도,의정부시,우리끼리 키즈카페 스포츠마을의정부민락점,22,의정부 2024_01.csv,문화관광,테마공원
의정부,2024,1,2024-01,79,경기도,의정부시,정수선원,22,의정부 2024_01.csv,역사관광,종교성지
의정부,2024,1,2024-01,81,경기도,의정부시,리드민리듬체조민락본점,21,의정부 2024_01.csv,레저스포츠,기타레저스포츠
의정부,2024,1,2024-01,82,경기도,의정부시,의정부축구센터,19,의정부 2024_01.csv,레저스포츠,기타레저스포츠
의정부,2024,1,2024-01,82,경기도,의정부시,스트라이크존의정부민락구장,19,의정부 2024_01.csv,레저스포츠,기타레저스포츠
의정부,2024,1,2024-01,84,경기도,의정부시,봉화정사,18,의정부 2024_01.csv,역사관광,종교성지
의정부,2024,1,2024-01,84,경기도,의정부시,몽슈슈베이비카페,18,의정부 2024_01.csv,문화관광,테마공원
의정부,2024,1,2024-01,84,경기도,의정부시,원각사,18,의정부 2024_01.csv,역사관광,종교성지
의정부,2024,1,2024-01,87,경기도,의정부시,쌍암사,17,의정부 2024_01.csv,역사관광,종교성지
의정부,2024,1,2024-01,87,경기도,의정부시,어수정어린이공원,17,의정부 2024_01.csv,문화관광,도시공원
의정부,2024,1,2024-01,87,경기도,의정부시,토끼어린이공원,17,의정부 2024_01.csv,문화관광,도시공원
의정부,2024,1,2024-01,87,경기도,의정부시,푸른마당근린공원,17,의정부 2024_01.csv,문화관광,도시공원
의정부,2024,1,2024-01,87,경기도,의정부시,레벨업탁구클럽,17,의정부 2024_01.csv,레저스포츠,기타레저스포츠
의정부,2024,1,2024-01,92,경기도,의정부시,안골계곡,16,의정부 2024_01.csv,자연관광,자연경관(산)
의정부,2024,1,2024-01,93,경기도,의정부시,신나는겨울놀이터,14,의정부 2024_01.csv,레저스포츠,육상레저스포츠
의정부,2024,1,2024-01,93,경기도,의정부시,사패산,14,의정부 2024_01.csv,자연관광,자연경관(산)
의정부,2024,1,2024-01,93,경기도,의정부시,홍연경민현대미술관,14,의정부 2024_01.csv,문화관광,전시시설
의정부,2024,1,2024-01,96,경기도,의정부시,리틀베이비카페,13,의정부 2024_01.csv,문화관광,테마공원
의정부,2024,1,2024-01,96,경기도,의정부시,신숙주선생묘,13,의정부 2024_01.csv,역사관광,역사유적지
의정부,2024,1,2024-01,96,경기도,의정부시,대원사,13,의정부 2024_01.csv,역사관광,종교성지
의정부,2024,1,2024-01,99,경기도,의정부시,킴스라인댄스,12,의정부 2024_01.csv,레저스포츠,기타레저스포츠
의정부,2024,1,2024-01,99,경기도,의정부시,중앙문화공원,12,의정부 2024_01.csv,문화관광,도시공원
의정부,2024,1,2024-01,99,경기도,의정부시,정화사,12,의정부 2024_01.csv,역사관광,종교성지
의정부,2024,1,2024-01,102,경기도,의정부시,쥬드베베 베이비카페,11,의정부 2024_01.csv,문화관광,테마공원
의정부,2024,1,2024-01,103,경기도,의정부시,자일산림욕장,10,의정부 2024_01.csv,자연관광,자연공원
의정부,2024,1,2024-01,103,경기도,의정부시,노강서원,10,의정부 2024_01.csv,역사관광,역사유적지
의정부,2024,1,2024-01,103,경기도,의정부시,킹클라이밍,10,의정부 2024_01.csv,레저스포츠,기타레저스포츠
의정부,2024,1,2024-01,106,경기도,의정부시,호동어린이공원,9,의정부 2024_01.csv,문화관광,도시공원
의정부,2024,1,2024-01,106,경기도,의정부시,천보산,9,의정부 2024_01.csv,자연관광,자연경관(산)
의정부,2024,1,2024-01,106,경기도,의정부시,무량사,9,의정부 2024_01.csv,역사관광,종교성지
의정부,2024,1,2024-01,109,경기도,의정부시,소망어린이공원,8,의정부 2024_01.csv,문화관광,도시공원
의정부,2024,1,2024-01,109,경기도,의정부시,백석천근린공원,8,의정부 2024_01.csv,문화관광,도시공원
의정부,2024,1,2024-01,109,경기도,의정부시,사패산안골통제소방면,8,의정부 2024_01.csv,자연관광,자연경관(산)
의정부,2024,1,2024-01,112,경기도,의정부시,미가사,7,의정부 2024_01.csv,역사관광,종교성지
의정부,2024,1,2024-01,112,경기도,의정부시,미륵암,7,의정부 2024_01.csv,역사관광,종교성지
의정부,2024,1,2024-01,112,경기도,의정부시,슈퍼키즈스카이방방의정부민락점,7,의정부 2024_01.csv,문화관광,테마공원
의정부,2024,1,2024-01,112,경기도,의정부시,와우민턴샵,7,의정부 2024_01.csv,레저스포츠,기타레저스포츠
의정부,2024,1,2024-01,116,경기도,의정부시,이성숙탁구클럽,6,의정부 2024_01.csv,레저스포츠,기타레저스포츠
의정부,2024,1,2024-01,116,경기도,의정부시,슈가복싱회룡점,6,의정부 2024_01.csv,레저스포츠,기타레저스포츠
의정부,2024,1,2024-01,116,경기도,의정부시,슈가복싱의정부점,6,의정부 2024_01.csv,레저스포츠,기타레저스포츠
의정부,2024,1,2024-01,116,경기도,의정부시,백합어린이공원,6,의정부 2024_01.csv,문화관광,도시공원
의정부,2024,1,2024-01,116,경기도,의정부시,의정부시장,6,의정부 2024_01.csv,쇼핑,시장
의정부,2024,1,2024-01,116,경기도,의정부시,로데오거리상점가,6,의정부 2024_01.csv,쇼핑,시장
의정부,2024,1,2024-01,116,경기도,의정부시,정혜사의정부표포교원,6,의정부 2024_01.csv,역사관광,종교성지
의정부,2024,1,2024-01,116,경기도,의정부시,리얼야구존의정부점,6,의정부 2024_01.csv,레저스포츠,기타레저스포츠
의정부,2024,1,2024-01,124,경기도,의정부시,성불사,5,의정부 2024_01.csv,역사관광,종교성지
의정부,2024,1,2024-01,124,경기도,의정부시,용화사,5,의정부 2024_01.csv,역사관광,종교성지
의정부,2024,1,2024-01,126,경기도,의정부시,드림탁구클럽,4,의정부 2024_01.csv,레저스포츠,기타레저스포츠
의정부,2024,1,2024-01,126,경기도,의정부시,캠프라과디아체육공원,4,의정부 2024_01.csv,문화관광,도시공원
의정부,2024,1,2024-01,126,경기도,의정부시,미륵사,4,의정부 2024_01.csv,역사관광,종교성지
의정부,2024,1,2024-01,126,경기도,의정부시,장암발곡근린공원,4,의정부 2024_01.csv,문화관광,도시공원
의정부,2024,1,2024-01,126,경기도,의정부시,학송사,4,의정부 2024_01.csv,역사관광,종교성지
의정부,2024,1,2024-01,126,경기도,의정부시,의정부LKFC유소년축구클럽,4,의정부 2024_01.csv,레저스포츠,기타레저스포츠
의정부,2024,1,2024-01,132,경기도,의정부시,드래곤트릭킹짐,3,의정부 2024_01.csv,레저스포츠,기타레저스포츠
의정부,2024,1,2024-01,132,경기도,의정부시,북한산국립공원원도봉탐방지원센터,3,의정부 2024_01.csv,기타관광,기타관광
의정부,2024,1,2024-01,132,경기도,의정부시,로즈비점핑다이어트,3,의정부 2024_01.csv,레저스포츠,기타레저스포츠
의정부,2024,1,2024-01,132,경기도,의정부시,버들개야구장,3,의정부 2024_01.csv,문화관광,레저스포츠시설
의정부,2024,1,2024-01,132,경기도,의정부시,의정부망월풋살구장,3,의정부 2024_01.csv,레저스포츠,기타레저스포츠
의정부,2024,1,2024-01,132,경기도,의정부시,망월사천봉선사탑비,3,의정부 2024_01.csv,역사관광,역사유적지
의정부,2024,1,2024-01,132,경기도,의정부시,관음사,3,의정부 2024_01.csv,역사관광,종교성지
의정부,2024,1,2024-01,132,경기도,의정부시,석굴암,3,의정부 2024_01.csv,역사관광,종교성지
의정부,2024,1,2024-01,132,경기도,의정부시,영화사,3,의정부 2024_01.csv,역사관광,종교성지
의정부,2024,1,2024-01,132,경기도,의정부시,문화어린이공원,3,의정부 2024_01.csv,문화관광,도시공원
의정부,2024,1,2024-01,132,경기도,의정부시,탑돌어린이공원,3,의정부 2024_01.csv,문화관광,도시공원
의정부,2024,1,2024-01,132,경기도,의정부시,문예어린이공원,3,의정부 2024_01.csv,문화관광,도시공원
의정부,2024,1,2024-01,132,경기도,의정부시,의정부역상가,3,의정부 2024_01.csv,쇼핑,시장
의정부,2024,1,2024-01,132,경기도,의정부시,용현정,3,의정부 2024_01.csv,레저스포츠,육상레저스포츠
의정부,2024,1,2024-01,132,경기도,의정부시,원효사,3,의정부 2024_01.csv,역사관광,종교성지
의정부,2024,1,2024-01,132,경기도,의정부시,석림사계곡,3,의정부 2024_01.csv,자연관광,자연경관(산)
의정부,2024,1,2024-01,132,경기도,의정부시,현대탁구클럽,3,의정부 2024_01.csv,레저스포츠,기타레저스포츠
의정부,2024,1,2024-01,132,경기도,의정부시,덕수사,3,의정부 2024_01.csv,역사관광,종교성지
의정부,2024,1,2024-01,132,경기도,의정부시,신원배드민턴클럽,3,의정부 2024_01.csv,레저스포츠,기타레저스포츠
의정부,2024,1,2024-01,132,경기도,의정부시,추동웰빙공원,3,의정부 2024_01.csv,문화관광,도시공원
의정부,2024,1,2024-01,132,경기도,의정부시,연주암,3,의정부 2024_01.csv,역사관광,종교성지
의정부,2024,2,2024-02,1,경기도,의정부시,신세계백화점의정부점,22119,의정부 2024_02.csv,쇼핑,백화점
의정부,2024,2,2024-02,2,경기도,의정부시,의정부제일시장,7792,의정부 2024_02.csv,쇼핑,시장
의정부,2024,2,2024-02,3,경기도,의정부시,의정부버스터미널,3674,의정부 2024_02.csv,기타관광,교통시설
의정부,2024,2,2024-02,4,경기도,의정부시,롯데시네마의정부민락,2056,의정부 2024_02.csv,문화관광,공연시설
의정부,2024,2,2024-02,5,경기도,의정부시,의정부예술의전당,1994,의정부 2024_02.csv,문화관광,공연시설
의정부,2024,2,2024-02,6,경기도,의정부시,메가박스의정부민락,1906,의정부 2024_02.csv,문화관광,공연시설
의정부,2024,2,2024-02,7,경기도,의정부시,CGV의정부태흥,1835,의정부 2024_02.csv,문화관광,공연시설
의정부,2024,2,2024-02,8,경기도,의정부시,의정부실내빙상장,1793,의정부 2024_02.csv,레저스포츠,육상레저스포츠
의정부,2024,2,2024-02,9,경기도,의정부시,CGV의정부,1089,의정부 2024_02.csv,문화관광,공연시설
의정부,2024,2,2024-02,10,경기도,의정부시,점핑몬스터의정부점,1065,의정부 2024_02.csv,문화관광,테마공원
의정부,2024,2,2024-02,11,경기도,의정부시,의정부시청소년수련관,617,의정부 2024_02.csv,레저스포츠,육상레저스포츠
의정부,2024,2,2024-02,12,경기도,의정부시,태영프라자,594,의정부 2024_02.csv,쇼핑,쇼핑몰
의정부,2024,2,2024-02,13,경기도,의정부시,신곡실내배드민턴장,583,의정부 2024_02.csv,레저스포츠,기타레저스포츠
의정부,2024,2,2024-02,14,경기도,의정부시,와글아이의정부점,564,의정부 2024_02.csv,문화관광,테마공원
의정부,2024,2,2024-02,15,경기도,의정부시,송산배수지체육시설,560,의정부 2024_02.csv,문화관광,도시공원
의정부,2024,2,2024-02,16,경기도,의정부시,고고다이노키즈카페민락점,539,의정부 2024_02.csv,문화관광,테마공원
의정부,2024,2,2024-02,17,경기도,의정부시,낙양물사랑공원,509,의정부 2024_02.csv,문화관광,도시공원
의정부,2024,2,2024-02,18,경기도,의정부시,직동근린공원,450,의정부 2024_02.csv,문화관광,도시공원
의정부,2024,2,2024-02,19,경기도,의정부시,히어로키즈파크의정부지점,402,의정부 2024_02.csv,문화관광,테마공원
의정부,2024,2,2024-02,20,경기도,의정부시,렛츠런CCC의정부지점,327,의정부 2024_02.csv,레저스포츠,육상레저스포츠
의정부,2024,2,2024-02,21,경기도,의정부시,점프스카이민락점,321,의정부 2024_02.csv,문화관광,테마공원
의정부,2024,2,2024-02,22,경기도,의정부시,활기체육공원,245,의정부 2024_02.csv,문화관광,도시공원
의정부,2024,2,2024-02,23,경기도,의정부시,고고롤러스케이트장,222,의정부 2024_02.csv,레저스포츠,육상레저스포츠
의정부,2024,2,2024-02,24,경기도,의정부시,루나루즈키즈카페,215,의정부 2024_02.csv,문화관광,테마공원
의정부,2024,2,2024-02,25,경기도,의정부시,큐리키즈카페의정부점,204,의정부 2024_02.csv,문화관광,테마공원
의정부,2024,2,2024-02,26,경기도,의정부시,석림사,194,의정부 2024_02.csv,역사관광,종교성지
의정부,2024,2,2024-02,27,경기도,의정부시,서울승마클럽,190,의정부 2024_02.csv,레저스포츠,육상레저스포츠
의정부,2024,2,2024-02,28,경기도,의정부시,회룡사,185,의정부 2024_02.csv,역사관광,종교성지
의정부,2024,2,2024-02,29,경기도,의정부시,헬로방방민락점,181,의정부 2024_02.csv,문화관광,테마공원
의정부,2024,2,2024-02,30,경기도,의정부시,의정부가구거리,168,의정부 2024_02.csv,쇼핑,기타쇼핑시설
의정부,2024,2,2024-02,31,경기도,의정부시,송산사지근린공원,167,의정부 2024_02.csv,문화관광,도시공원
의정부,2024,2,2024-02,32,경기도,의정부시,추동배드민턴장,163,의정부 2024_02.csv,레저스포츠,기타레저스포츠
의정부,2024,2,2024-02,33,경기도,의정부시,타요키즈카페의정부민락점,160,의정부 2024_02.csv,문화관광,테마공원
의정부,2024,2,2024-02,34,경기도,의정부시,천보탁구장,154,의정부 2024_02.csv,레저스포츠,기타레저스포츠
의정부,2024,2,2024-02,35,경기도,의정부시,서영빌딩서관,136,의정부 2024_02.csv,문화관광,기타문화관광지
의정부,2024,2,2024-02,36,경기도,의정부시,자일낚시터,134,의정부 2024_02.csv,레저스포츠,수상레저스포츠
의정부,2024,2,2024-02,36,경기도,의정부시,곤제구장,134,의정부 2024_02.csv,문화관광,레저스포츠시설
의정부,2024,2,2024-02,38,경기도,의정부시,의정부청과야채시장,127,의정부 2024_02.csv,쇼핑,시장
의정부,2024,2,2024-02,39,경기도,의정부시,경륜경정의정부지점,125,의정부 2024_02.csv,레저스포츠,육상레저스포츠
의정부,2024,2,2024-02,40,경기도,의정부시,아로하포레스트,110,의정부 2024_02.csv,문화관광,테마공원
의정부,2024,2,2024-02,41,경기도,의정부시,직동축구장,104,의정부 2024_02.csv,문화관광,레저스포츠시설
의정부,2024,2,2024-02,42,경기도,의정부시,알쏭달쏭키즈드로잉,103,의정부 2024_02.csv,문화관광,테마공원
의정부,2024,2,2024-02,43,경기도,의정부시,허니비풋살파크,99,의정부 2024_02.csv,문화관광,레저스포츠시설
의정부,2024,2,2024-02,44,경기도,의정부시,호암사,95,의정부 2024_02.csv,역사관광,종교성지
의정부,2024,2,2024-02,45,경기도,의정부시,장암파크골프장,91,의정부 2024_02.csv,레저스포츠,육상레저스포츠
의정부,2024,2,2024-02,46,경기도,의정부시,망월사,87,의정부 2024_02.csv,역사관광,종교성지
의정부,2024,2,2024-02,46,경기도,의정부시,녹양야구장,87,의정부 2024_02.csv,문화관광,레저스포츠시설
의정부,2024,2,2024-02,48,경기도,의정부시,안골유원지,86,의정부 2024_02.csv,문화관광,복합관광시설
의정부,2024,2,2024-02,48,경기도,의정부시,의정부천문대,86,의정부 2024_02.csv,레저스포츠,기타레저스포츠
의정부,2024,2,2024-02,50,경기도,의정부시,모래야놀자,70,의정부 2024_02.csv,문화관광,테마공원
의정부,2024,2,2024-02,51,경기도,의정부시,꽃동네어린이공원,69,의정부 2024_02.csv,문화관광,도시공원
의정부,2024,2,2024-02,52,경기도,의정부시,김민성탁구클럽,65,의정부 2024_02.csv,레저스포츠,기타레저스포츠
의정부,2024,2,2024-02,52,경기도,의정부시,태조이성계상,65,의정부 2024_02.csv,기타관광,기타관광
의정부,2024,2,2024-02,54,경기도,의정부시,롤프렌롤러장,58,의정부 2024_02.csv,레저스포츠,육상레저스포츠
의정부,2024,2,2024-02,55,경기도,의정부시,영산법화사,57,의정부 2024_02.csv,역사관광,종교성지
의정부,2024,2,2024-02,55,경기도,의정부시,역전근린공원,57,의정부 2024_02.csv,문화관광,도시공원
의정부,2024,2,2024-02,57,경기도,의정부시,어울놀이패밀리카페,53,의정부 2024_02.csv,문화관광,테마공원
의정부,2024,2,2024-02,58,경기도,의정부시,곤제근린공원,46,의정부 2024_02.csv,문화관광,도시공원
의정부,2024,2,2024-02,59,경기도,의정부시,신숙주선생묘,42,의정부 2024_02.csv,역사관광,역사유적지
의정부,2024,2,2024-02,59,경기도,의정부시,백영수미술관,42,의정부 2024_02.csv,문화관광,전시시설
의정부,2024,2,2024-02,61,경기도,의정부시,북한산국립공원회룡탐방지원센터,41,의정부 2024_02.csv,기타관광,기타관광
의정부,2024,2,2024-02,61,경기도,의정부시,쌍암사,41,의정부 2024_02.csv,역사관광,종교성지
의정부,2024,2,2024-02,61,경기도,의정부시,성불사,41,의정부 2024_02.csv,역사관광,종교성지
의정부,2024,2,2024-02,64,경기도,의정부시,현충탑,39,의정부 2024_02.csv,역사관광,역사유물
의정부,2024,2,2024-02,65,경기도,의정부시,상금오어린이공원,38,의정부 2024_02.csv,문화관광,도시공원
의정부,2024,2,2024-02,66,경기도,의정부시,우리끼리 키즈카페 스포츠마을의정부민락점,36,의정부 2024_02.csv,문화관광,테마공원
의정부,2024,2,2024-02,67,경기도,의정부시,장수원배드민턴클럽,33,의정부 2024_02.csv,레저스포츠,기타레저스포츠
의정부,2024,2,2024-02,67,경기도,의정부시,정혜사의정부표포교원,33,의정부 2024_02.csv,역사관광,종교성지
의정부,2024,2,2024-02,67,경기도,의정부시,우리소극장,33,의정부 2024_02.csv,문화관광,공연시설
의정부,2024,2,2024-02,70,경기도,의정부시,스트라이크존의정부민락구장,31,의정부 2024_02.csv,레저스포츠,기타레저스포츠
의정부,2024,2,2024-02,71,경기도,의정부시,스카이짐유소년스포츠클럽녹양점,30,의정부 2024_02.csv,레저스포츠,기타레저스포츠
의정부,2024,2,2024-02,72,경기도,의정부시,직동근린공원통나무집,29,의정부 2024_02.csv,레저스포츠,육상레저스포츠
의정부,2024,2,2024-02,72,경기도,의정부시,마린앤키즈,29,의정부 2024_02.csv,문화관광,테마공원
의정부,2024,2,2024-02,74,경기도,의정부시,신곡탁구클럽,28,의정부 2024_02.csv,레저스포츠,기타레저스포츠
의정부,2024,2,2024-02,75,경기도,의정부시,봉화정사,27,의정부 2024_02.csv,역사관광,종교성지
의정부,2024,2,2024-02,75,경기도,의정부시,동심어린이공원,27,의정부 2024_02.csv,문화관광,도시공원
의정부,2024,2,2024-02,75,경기도,의정부시,리드민리듬체조민락본점,27,의정부 2024_02.csv,레저스포츠,기타레저스포츠
의정부,2024,2,2024-02,78,경기도,의정부시,꿀잼키즈룸의정부민락점,26,의정부 2024_02.csv,문화관광,테마공원
의정부,2024,2,2024-02,78,경기도,의정부시,윤한미탁구클럽,26,의정부 2024_02.csv,레저스포츠,기타레저스포츠
의정부,2024,2,2024-02,80,경기도,의정부시,메이드라인,25,의정부 2024_02.csv,레저스포츠,기타레저스포츠
의정부,2024,2,2024-02,80,경기도,의정부시,푸른마당근린공원,25,의정부 2024_02.csv,문화관광,도시공원
의정부,2024,2,2024-02,82,경기도,의정부시,버들개야구장,24,의정부 2024_02.csv,문화관광,레저스포츠시설
의정부,2024,2,2024-02,83,경기도,의정부시,정화사,23,의정부 2024_02.csv,역사관광,종교성지
의정부,2024,2,2024-02,83,경기도,의정부시,김미미도예공방,23,의정부 2024_02.csv,체험관광,공예체험
의정부,2024,2,2024-02,85,경기도,의정부시,관음사,22,의정부 2024_02.csv,역사관광,종교성지
의정부,2024,2,2024-02,85,경기도,의정부시,벌말어린이공원,22,의정부 2024_02.csv,문화관광,도시공원
의정부,2024,2,2024-02,85,경기도,의정부시,킹클라이밍,22,의정부 2024_02.csv,레저스포츠,기타레저스포츠
의정부,2024,2,2024-02,88,경기도,의정부시,쌍용사,21,의정부 2024_02.csv,역사관광,종교성지
의정부,2024,2,2024-02,88,경기도,의정부시,정수선원,21,의정부 2024_02.csv,역사관광,종교성지
의정부,2024,2,2024-02,90,경기도,의정부시,토끼어린이공원,20,의정부 2024_02.csv,문화관광,도시공원
의정부,2024,2,2024-02,91,경기도,의정부시,원각사,19,의정부 2024_02.csv,역사관광,종교성지
의정부,2024,2,2024-02,91,경기도,의정부시,대원사,19,의정부 2024_02.csv,역사관광,종교성지
의정부,2024,2,2024-02,91,경기도,의정부시,안골계곡,19,의정부 2024_02.csv,자연관광,자연경관(산)
의정부,2024,2,2024-02,94,경기도,의정부시,노강서원,18,의정부 2024_02.csv,역사관광,역사유적지
의정부,2024,2,2024-02,94,경기도,의정부시,사패산안골통제소방면,18,의정부 2024_02.csv,자연관광,자연경관(산)
의정부,2024,2,2024-02,94,경기도,의정부시,미륵암,18,의정부 2024_02.csv,역사관광,종교성지
의정부,2024,2,2024-02,97,경기도,의정부시,자일산림욕장,17,의정부 2024_02.csv,자연관광,자연공원
의정부,2024,2,2024-02,97,경기도,의정부시,소망어린이공원,17,의정부 2024_02.csv,문화관광,도시공원
의정부,2024,2,2024-02,99,경기도,의정부시,어수정어린이공원,16,의정부 2024_02.csv,문화관광,도시공원
의정부,2024,2,2024-02,100,경기도,의정부시,의정부예술의전당대극장,15,의정부 2024_02.csv,문화관광,공연시설
의정부,2024,2,2024-02,100,경기도,의정부시,김병지축구클럽의정부롯데마트점,15,의정부 2024_02.csv,레저스포츠,기타레저스포츠
의정부,2024,2,2024-02,102,경기도,의정부시,의정부시리틀야구장,14,의정부 2024_02.csv,문화관광,레저스포츠시설
의정부,2024,2,2024-02,103,경기도,의정부시,리틀베이비,13,의정부 2024_02.csv,문화관광,테마공원
의정부,2024,2,2024-02,103,경기도,의정부시,희망어린이공원,13,의정부 2024_02.csv,문화관광,도시공원
의정부,2024,2,2024-02,105,경기도,의정부시,의정부망월풋살구장,12,의정부 2024_02.csv,레저스포츠,기타레저스포츠
의정부,2024,2,2024-02,105,경기도,의정부시,여래사,12,의정부 2024_02.csv,역사관광,종교성지
의정부,2024,2,2024-02,107,경기도,의정부시,샤모니클라이밍,10,의정부 2024_02.csv,레저스포츠,기타레저스포츠
의정부,2024,2,2024-02,107,경기도,의정부시,원효사,10,의정부 2024_02.csv,역사관광,종교성지
의정부,2024,2,2024-02,107,경기도,의정부시,용현사,10,의정부 2024_02.csv,역사관광,종교성지
의정부,2024,2,2024-02,107,경기도,의정부시,의정부예술의전당소극장,10,의정부 2024_02.csv,문화관광,공연시설
의정부,2024,2,2024-02,111,경기도,의정부시,중앙문화공원,9,의정부 2024_02.csv,문화관광,도시공원
의정부,2024,2,2024-02,111,경기도,의정부시,회룡문화공원,9,의정부 2024_02.csv,문화관광,도시공원
의정부,2024,2,2024-02,111,경기도,의정부시,와우민턴샵,9,의정부 2024_02.csv,레저스포츠,기타레저스포츠
의정부,2024,2,2024-02,114,경기도,의정부시,사패산,8,의정부 2024_02.csv,자연관광,자연경관(산)
의정부,2024,2,2024-02,114,경기도,의정부시,의정부시장,8,의정부 2024_02.csv,쇼핑,시장
의정부,2024,2,2024-02,114,경기도,의정부시,무량사,8,의정부 2024_02.csv,역사관광,종교성지
의정부,2024,2,2024-02,117,경기도,의정부시,킴스라인댄스,7,의정부 2024_02.csv,레저스포츠,기타레저스포츠
의정부,2024,2,2024-02,117,경기도,의정부시,고산MMA주짓수종합격투기,7,의정부 2024_02.csv,레저스포츠,기타레저스포츠
의정부,2024,2,2024-02,117,경기도,의정부시,쌍암사현대불교,7,의정부 2024_02.csv,역사관광,종교성지
의정부,2024,2,2024-02,117,경기도,의정부시,이성숙탁구클럽,7,의정부 2024_02.csv,레저스포츠,기타레저스포츠
의정부,2024,2,2024-02,117,경기도,의정부시,의정부기억저장소,7,의정부 2024_02.csv,문화관광,전시시설
의정부,2024,2,2024-02,117,경기도,의정부시,선행어린이공원,7,의정부 2024_02.csv,문화관광,도시공원
의정부,2024,2,2024-02,117,경기도,의정부시,뛰노리방방,7,의정부 2024_02.csv,문화관광,테마공원
의정부,2024,2,2024-02,117,경기도,의정부시,슈퍼키즈스카이방방의정부민락점,7,의정부 2024_02.csv,문화관광,테마공원
의정부,2024,2,2024-02,125,경기도,의정부시,미가사,6,의정부 2024_02.csv,역사관광,종교성지
의정부,2024,2,2024-02,125,경기도,의정부시,의정부축구센터,6,의정부 2024_02.csv,레저스포츠,기타레저스포츠
의정부,2024,2,2024-02,125,경기도,의정부시,슈가복싱의정부점,6,의정부 2024_02.csv,레저스포츠,기타레저스포츠
의정부,2024,2,2024-02,125,경기도,의정부시,한국산악연수원CAC등산학교,6,의정부 2024_02.csv,레저스포츠,기타레저스포츠
의정부,2024,2,2024-02,125,경기도,의정부시,백합어린이공원,6,의정부 2024_02.csv,문화관광,도시공원
의정부,2024,2,2024-02,125,경기도,의정부시,공고개어린이공원,6,의정부 2024_02.csv,문화관광,도시공원
의정부,2024,2,2024-02,125,경기도,의정부시,평화어린이공원,6,의정부 2024_02.csv,문화관광,도시공원
의정부,2024,2,2024-02,125,경기도,의정부시,의정부역상가,6,의정부 2024_02.csv,쇼핑,시장
의정부,2024,2,2024-02,125,경기도,의정부시,홍법사,6,의정부 2024_02.csv,역사관광,종교성지
의정부,2024,2,2024-02,134,경기도,의정부시,무지랭이약수터,5,의정부 2024_02.csv,자연관광,자연경관(산)
의정부,2024,2,2024-02,134,경기도,의정부시,학송사,5,의정부 2024_02.csv,역사관광,종교성지
의정부,2024,2,2024-02,134,경기도,의정부시,덕수사,5,의정부 2024_02.csv,역사관광,종교성지
의정부,2024,2,2024-02,134,경기도,의정부시,의정부아트캠프,5,의정부 2024_02.csv,문화관광,기타문화관광지
의정부,2024,2,2024-02,138,경기도,의정부시,동그라미탁구교실,4,의정부 2024_02.csv,레저스포츠,기타레저스포츠
의정부,2024,2,2024-02,138,경기도,의정부시,의정부약수선원목조보살입상,4,의정부 2024_02.csv,역사관광,역사유적지
의정부,2024,2,2024-02,138,경기도,의정부시,자은선원,4,의정부 2024_02.csv,역사관광,종교성지
의정부,2024,2,2024-02,138,경기도,의정부시,덕천사,4,의정부 2024_02.csv,역사관광,종교성지
의정부,2024,2,2024-02,138,경기도,의정부시,범골어린이공원,4,의정부 2024_02.csv,문화관광,도시공원
의정부,2024,2,2024-02,138,경기도,의정부시,다리목근린공원,4,의정부 2024_02.csv,문화관광,도시공원
의정부,2024,2,2024-02,138,경기도,의정부시,로데오거리상점가,4,의정부 2024_02.csv,쇼핑,시장
의정부,2024,2,2024-02,138,경기도,의정부시,영락사,4,의정부 2024_02.csv,역사관광,종교성지
의정부,2024,2,2024-02,138,경기도,의정부시,리얼야구존의정부점,4,의정부 2024_02.csv,레저스포츠,기타레저스포츠
의정부,2024,2,2024-02,147,경기도,의정부시,승지원트레이닝센터,3,의정부 2024_02.csv,레저스포츠,기타레저스포츠
의정부,2024,2,2024-02,147,경기도,의정부시,쥬드베베 베이비카페,3,의정부 2024_02.csv,문화관광,테마공원
의정부,2024,2,2024-02,147,경기도,의정부시,오더랩,3,의정부 2024_02.csv,체험관광,공예체험
의정부,2024,2,2024-02,147,경기도,의정부시,아르쉬비,3,의정부 2024_02.csv,체험관광,공예체험
의정부,2024,2,2024-02,147,경기도,의정부시,약수배드민턴클럽,3,의정부 2024_02.csv,레저스포츠,기타레저스포츠
의정부,2024,2,2024-02,147,경기도,의정부시,와다미싱공방,3,의정부 2024_02.csv,체험관광,공예체험
의정부,2024,2,2024-02,147,경기도,의정부시,스카이공연홀,3,의정부 2024_02.csv,문화관광,공연시설
의정부,2024,2,2024-02,147,경기도,의정부시,투앤디수영장,3,의정부 2024_02.csv,문화관광,테마공원
의정부,2024,2,2024-02,147,경기도,의정부시,망월사천봉선사탑비,3,의정부 2024_02.csv,역사관광,역사유적지
의정부,2024,2,2024-02,147,경기도,의정부시,색동어린이공원,3,의정부 2024_02.csv,문화관광,도시공원
의정부,2024,2,2024-02,147,경기도,의정부시,호동어린이공원,3,의정부 2024_02.csv,문화관광,도시공원
의정부,2024,2,2024-02,147,경기도,의정부시,오목문화근린공원,3,의정부 2024_02.csv,문화관광,도시공원
의정부,2024,2,2024-02,147,경기도,의정부시,장암발곡근린공원,3,의정부 2024_02.csv,문화관광,도시공원
의정부,2024,2,2024-02,147,경기도,의정부시,중랑천어린이공원,3,의정부 2024_02.csv,문화관광,도시공원
의정부,2024,2,2024-02,147,경기도,의정부시,새말어린이공원,3,의정부 2024_02.csv,문화관광,도시공원
의정부,2024,2,2024-02,147,경기도,의정부시,수락사,3,의정부 2024_02.csv,역사관광,종교성지
의정부,2024,2,2024-02,147,경기도,의정부시,호국사,3,의정부 2024_02.csv,역사관광,역사유적지
의정부,2024,2,2024-02,147,경기도,의정부시,자비정사,3,의정부 2024_02.csv,역사관광,종교성지
의정부,2024,2,2024-02,147,경기도,의정부시,천보산,3,의정부 2024_02.csv,자연관광,자연경관(산)
의정부,2024,2,2024-02,147,경기도,의정부시,용화사,3,의정부 2024_02.csv,역사관광,종교성지
의정부,2024,2,2024-02,147,경기도,의정부시,의정부LKFC유소년축구클럽,3,의정부 2024_02.csv,레저스포츠,기타레저스포츠
의정부,2024,3,2024-03,1,경기도,의정부시,신세계백화점의정부점,24572,의정부 2024_03.csv,쇼핑,백화점
의정부,2024,3,2024-03,2,경기도,의정부시,의정부제일시장,8414,의정부 2024_03.csv,쇼핑,시장
의정부,2024,3,2024-03,3,경기도,의정부시,의정부버스터미널,4097,의정부 2024_03.csv,기타관광,교통시설
의정부,2024,3,2024-03,4,경기도,의정부시,롯데시네마의정부민락,2847,의정부 2024_03.csv,문화관광,공연시설
의정부,2024,3,2024-03,5,경기도,의정부시,의정부예술의전당,2778,의정부 2024_03.csv,문화관광,공연시설
의정부,2024,3,2024-03,6,경기도,의정부시,CGV의정부태흥,2174,의정부 2024_03.csv,문화관광,공연시설
의정부,2024,3,2024-03,7,경기도,의정부시,메가박스의정부민락,2092,의정부 2024_03.csv,문화관광,공연시설
의정부,2024,3,2024-03,8,경기도,의정부시,의정부실내빙상장,1528,의정부 2024_03.csv,레저스포츠,육상레저스포츠
의정부,2024,3,2024-03,9,경기도,의정부시,CGV의정부,1516,의정부 2024_03.csv,문화관광,공연시설
의정부,2024,3,2024-03,10,경기도,의정부시,신곡실내배드민턴장,1269,의정부 2024_03.csv,레저스포츠,기타레저스포츠
의정부,2024,3,2024-03,11,경기도,의정부시,점핑몬스터의정부점,803,의정부 2024_03.csv,문화관광,테마공원
의정부,2024,3,2024-03,12,경기도,의정부시,직동근린공원,797,의정부 2024_03.csv,문화관광,도시공원
의정부,2024,3,2024-03,13,경기도,의정부시,송산배수지체육시설,794,의정부 2024_03.csv,문화관광,도시공원
의정부,2024,3,2024-03,14,경기도,의정부시,태영프라자,771,의정부 2024_03.csv,쇼핑,쇼핑몰
의정부,2024,3,2024-03,15,경기도,의정부시,의정부시청소년수련관,706,의정부 2024_03.csv,레저스포츠,육상레저스포츠
의정부,2024,3,2024-03,16,경기도,의정부시,낙양물사랑공원,617,의정부 2024_03.csv,문화관광,도시공원
의정부,2024,3,2024-03,17,경기도,의정부시,와글아이의정부점,530,의정부 2024_03.csv,문화관광,테마공원
의정부,2024,3,2024-03,18,경기도,의정부시,렛츠런CCC의정부지점,497,의정부 2024_03.csv,레저스포츠,육상레저스포츠
의정부,2024,3,2024-03,19,경기도,의정부시,고고다이노키즈카페민락점,447,의정부 2024_03.csv,문화관광,테마공원
의정부,2024,3,2024-03,20,경기도,의정부시,송산사지근린공원,384,의정부 2024_03.csv,문화관광,도시공원
의정부,2024,3,2024-03,21,경기도,의정부시,녹양야구장,369,의정부 2024_03.csv,문화관광,레저스포츠시설
의정부,2024,3,2024-03,22,경기도,의정부시,히어로키즈파크의정부지점,349,의정부 2024_03.csv,문화관광,테마공원
의정부,2024,3,2024-03,23,경기도,의정부시,석림사,329,의정부 2024_03.csv,역사관광,종교성지
의정부,2024,3,2024-03,24,경기도,의정부시,서울승마클럽,263,의정부 2024_03.csv,레저스포츠,육상레저스포츠
의정부,2024,3,2024-03,25,경기도,의정부시,점프스카이민락점,231,의정부 2024_03.csv,문화관광,테마공원
의정부,2024,3,2024-03,25,경기도,의정부시,추동배드민턴장,231,의정부 2024_03.csv,레저스포츠,기타레저스포츠
의정부,2024,3,2024-03,27,경기도,의정부시,의정부가구거리,218,의정부 2024_03.csv,쇼핑,기타쇼핑시설
의정부,2024,3,2024-03,28,경기도,의정부시,루나루즈키즈카페,215,의정부 2024_03.csv,문화관광,테마공원
의정부,2024,3,2024-03,29,경기도,의정부시,큐리키즈카페의정부점,196,의정부 2024_03.csv,문화관광,테마공원
의정부,2024,3,2024-03,30,경기도,의정부시,곤제구장,194,의정부 2024_03.csv,문화관광,레저스포츠시설
의정부,2024,3,2024-03,31,경기도,의정부시,활기체육공원,193,의정부 2024_03.csv,문화관광,도시공원
의정부,2024,3,2024-03,32,경기도,의정부시,의정부청과야채시장,178,의정부 2024_03.csv,쇼핑,시장
의정부,2024,3,2024-03,33,경기도,의정부시,직동축구장,174,의정부 2024_03.csv,문화관광,레저스포츠시설
의정부,2024,3,2024-03,34,경기도,의정부시,고고롤러스케이트장,166,의정부 2024_03.csv,레저스포츠,육상레저스포츠
의정부,2024,3,2024-03,35,경기도,의정부시,헬로방방민락점,164,의정부 2024_03.csv,문화관광,테마공원
의정부,2024,3,2024-03,36,경기도,의정부시,서영빌딩서관,163,의정부 2024_03.csv,문화관광,기타문화관광지
의정부,2024,3,2024-03,37,경기도,의정부시,의정부예술의전당대극장,161,의정부 2024_03.csv,문화관광,공연시설
의정부,2024,3,2024-03,38,경기도,의정부시,회룡사,160,의정부 2024_03.csv,역사관광,종교성지
의정부,2024,3,2024-03,39,경기도,의정부시,허니비풋살파크,158,의정부 2024_03.csv,문화관광,레저스포츠시설
의정부,2024,3,2024-03,40,경기도,의정부시,천보탁구장,155,의정부 2024_03.csv,레저스포츠,기타레저스포츠
의정부,2024,3,2024-03,41,경기도,의정부시,자일산림욕장,149,의정부 2024_03.csv,자연관광,자연공원
의정부,2024,3,2024-03,42,경기도,의정부시,북한산국립공원회룡탐방지원센터,142,의정부 2024_03.csv,기타관광,기타관광
의정부,2024,3,2024-03,42,경기도,의정부시,호암사,142,의정부 2024_03.csv,역사관광,종교성지
의정부,2024,3,2024-03,44,경기도,의정부시,경륜경정의정부지점,137,의정부 2024_03.csv,레저스포츠,육상레저스포츠
의정부,2024,3,2024-03,45,경기도,의정부시,자일낚시터,135,의정부 2024_03.csv,레저스포츠,수상레저스포츠
의정부,2024,3,2024-03,46,경기도,의정부시,망월사,130,의정부 2024_03.csv,역사관광,종교성지
의정부,2024,3,2024-03,47,경기도,의정부시,장암파크골프장,129,의정부 2024_03.csv,레저스포츠,육상레저스포츠
의정부,2024,3,2024-03,48,경기도,의정부시,타요키즈카페의정부민락점,118,의정부 2024_03.csv,문화관광,테마공원
의정부,2024,3,2024-03,49,경기도,의정부시,역전근린공원,113,의정부 2024_03.csv,문화관광,도시공원
의정부,2024,3,2024-03,50,경기도,의정부시,알쏭달쏭키즈드로잉,111,의정부 2024_03.csv,문화관광,테마공원
의정부,2024,3,2024-03,51,경기도,의정부시,김민성탁구클럽,106,의정부 2024_03.csv,레저스포츠,기타레저스포츠
의정부,2024,3,2024-03,52,경기도,의정부시,장수원배드민턴클럽,94,의정부 2024_03.csv,레저스포츠,기타레저스포츠
의정부,2024,3,2024-03,53,경기도,의정부시,안골유원지,91,의정부 2024_03.csv,문화관광,복합관광시설
의정부,2024,3,2024-03,53,경기도,의정부시,태조이성계상,91,의정부 2024_03.csv,기타관광,기타관광
의정부,2024,3,2024-03,55,경기도,의정부시,의정부시리틀야구장,81,의정부 2024_03.csv,문화관광,레저스포츠시설
의정부,2024,3,2024-03,56,경기도,의정부시,곤제근린공원,80,의정부 2024_03.csv,문화관광,도시공원
의정부,2024,3,2024-03,57,경기도,의정부시,아로하포레스트,79,의정부 2024_03.csv,문화관광,테마공원
의정부,2024,3,2024-03,57,경기도,의정부시,어울놀이패밀리카페,79,의정부 2024_03.csv,문화관광,테마공원
의정부,2024,3,2024-03,59,경기도,의정부시,모래야놀자,74,의정부 2024_03.csv,문화관광,테마공원
의정부,2024,3,2024-03,60,경기도,의정부시,상금오어린이공원,70,의정부 2024_03.csv,문화관광,도시공원
의정부,2024,3,2024-03,61,경기도,의정부시,메이드라인,64,의정부 2024_03.csv,레저스포츠,기타레저스포츠
의정부,2024,3,2024-03,62,경기도,의정부시,꽃동네어린이공원,61,의정부 2024_03.csv,문화관광,도시공원
의정부,2024,3,2024-03,63,경기도,의정부시,현충탑,60,의정부 2024_03.csv,역사관광,역사유물
의정부,2024,3,2024-03,64,경기도,의정부시,성불사,59,의정부 2024_03.csv,역사관광,종교성지
의정부,2024,3,2024-03,65,경기도,의정부시,꿀잼키즈룸의정부민락점,57,의정부 2024_03.csv,문화관광,테마공원
의정부,2024,3,2024-03,66,경기도,의정부시,스카이짐유소년스포츠클럽녹양점,56,의정부 2024_03.csv,레저스포츠,기타레저스포츠
의정부,2024,3,2024-03,66,경기도,의정부시,신숙주선생묘,56,의정부 2024_03.csv,역사관광,역사유적지
의정부,2024,3,2024-03,68,경기도,의정부시,푸른마당근린공원,54,의정부 2024_03.csv,문화관광,도시공원
의정부,2024,3,2024-03,69,경기도,의정부시,의정부천문대,50,의정부 2024_03.csv,레저스포츠,기타레저스포츠
의정부,2024,3,2024-03,70,경기도,의정부시,벌말어린이공원,48,의정부 2024_03.csv,문화관광,도시공원
의정부,2024,3,2024-03,71,경기도,의정부시,김미미도예공방,44,의정부 2024_03.csv,체험관광,공예체험
의정부,2024,3,2024-03,72,경기도,의정부시,노강서원,42,의정부 2024_03.csv,역사관광,역사유적지
의정부,2024,3,2024-03,72,경기도,의정부시,우리소극장,42,의정부 2024_03.csv,문화관광,공연시설
의정부,2024,3,2024-03,74,경기도,의정부시,동심어린이공원,41,의정부 2024_03.csv,문화관광,도시공원
의정부,2024,3,2024-03,75,경기도,의정부시,롤프렌롤러장,40,의정부 2024_03.csv,레저스포츠,육상레저스포츠
의정부,2024,3,2024-03,75,경기도,의정부시,백영수미술관,40,의정부 2024_03.csv,문화관광,전시시설
의정부,2024,3,2024-03,77,경기도,의정부시,직동근린공원통나무집,39,의정부 2024_03.csv,레저스포츠,육상레저스포츠
의정부,2024,3,2024-03,77,경기도,의정부시,윤한미탁구클럽,39,의정부 2024_03.csv,레저스포츠,기타레저스포츠
의정부,2024,3,2024-03,79,경기도,의정부시,슈가복싱의정부점,34,의정부 2024_03.csv,레저스포츠,기타레저스포츠
의정부,2024,3,2024-03,79,경기도,의정부시,한국산악연수원CAC등산학교,34,의정부 2024_03.csv,레저스포츠,기타레저스포츠
의정부,2024,3,2024-03,79,경기도,의정부시,안골계곡,34,의정부 2024_03.csv,자연관광,자연경관(산)
의정부,2024,3,2024-03,82,경기도,의정부시,리드민리듬체조민락본점,31,의정부 2024_03.csv,레저스포츠,기타레저스포츠
의정부,2024,3,2024-03,83,경기도,의정부시,원각사,28,의정부 2024_03.csv,역사관광,종교성지
의정부,2024,3,2024-03,84,경기도,의정부시,마린앤키즈,26,의정부 2024_03.csv,문화관광,테마공원
의정부,2024,3,2024-03,85,경기도,의정부시,사패산,25,의정부 2024_03.csv,자연관광,자연경관(산)
의정부,2024,3,2024-03,86,경기도,의정부시,어수정어린이공원,24,의정부 2024_03.csv,문화관광,도시공원
의정부,2024,3,2024-03,86,경기도,의정부시,소망어린이공원,24,의정부 2024_03.csv,문화관광,도시공원
의정부,2024,3,2024-03,86,경기도,의정부시,희망어린이공원,24,의정부 2024_03.csv,문화관광,도시공원
의정부,2024,3,2024-03,89,경기도,의정부시,리틀베이비,23,의정부 2024_03.csv,문화관광,테마공원
의정부,2024,3,2024-03,89,경기도,의정부시,백합어린이공원,23,의정부 2024_03.csv,문화관광,도시공원
의정부,2024,3,2024-03,91,경기도,의정부시,우리끼리 키즈카페 스포츠마을의정부민락점,21,의정부 2024_03.csv,문화관광,테마공원
의정부,2024,3,2024-03,91,경기도,의정부시,공고개어린이공원,21,의정부 2024_03.csv,문화관광,도시공원
의정부,2024,3,2024-03,93,경기도,의정부시,봉화정사,20,의정부 2024_03.csv,역사관광,종교성지
의정부,2024,3,2024-03,93,경기도,의정부시,슈가복싱회룡점,20,의정부 2024_03.csv,레저스포츠,기타레저스포츠
의정부,2024,3,2024-03,95,경기도,의정부시,민락리틀야구장,19,의정부 2024_03.csv,문화관광,레저스포츠시설
의정부,2024,3,2024-03,95,경기도,의정부시,정혜사의정부표포교원,19,의정부 2024_03.csv,역사관광,종교성지
의정부,2024,3,2024-03,95,경기도,의정부시,스트라이크존의정부민락구장,19,의정부 2024_03.csv,레저스포츠,기타레저스포츠
의정부,2024,3,2024-03,98,경기도,의정부시,덕천사,18,의정부 2024_03.csv,역사관광,종교성지
의정부,2024,3,2024-03,98,경기도,의정부시,의정부시장,18,의정부 2024_03.csv,쇼핑,시장
의정부,2024,3,2024-03,100,경기도,의정부시,사패산안골통제소방면,16,의정부 2024_03.csv,자연관광,자연경관(산)
의정부,2024,3,2024-03,100,경기도,의정부시,정수선원,16,의정부 2024_03.csv,역사관광,종교성지
의정부,2024,3,2024-03,102,경기도,의정부시,정문부장군묘,15,의정부 2024_03.csv,역사관광,역사유적지
의정부,2024,3,2024-03,102,경기도,의정부시,대원사,15,의정부 2024_03.csv,역사관광,종교성지
의정부,2024,3,2024-03,102,경기도,의정부시,용현정,15,의정부 2024_03.csv,레저스포츠,육상레저스포츠
의정부,2024,3,2024-03,102,경기도,의정부시,김병지축구클럽의정부롯데마트점,15,의정부 2024_03.csv,레저스포츠,기타레저스포츠
의정부,2024,3,2024-03,106,경기도,의정부시,킹클라이밍,14,의정부 2024_03.csv,레저스포츠,기타레저스포츠
의정부,2024,3,2024-03,107,경기도,의정부시,레벨업탁구클럽,13,의정부 2024_03.csv,레저스포츠,기타레저스포츠
의정부,2024,3,2024-03,108,경기도,의정부시,의정부축구센터,12,의정부 2024_03.csv,레저스포츠,기타레저스포츠
의정부,2024,3,2024-03,108,경기도,의정부시,의정부망월풋살구장,12,의정부 2024_03.csv,레저스포츠,기타레저스포츠
의정부,2024,3,2024-03,108,경기도,의정부시,신곡탁구클럽,12,의정부 2024_03.csv,레저스포츠,기타레저스포츠
의정부,2024,3,2024-03,111,경기도,의정부시,드림탁구클럽,11,의정부 2024_03.csv,레저스포츠,기타레저스포츠
의정부,2024,3,2024-03,111,경기도,의정부시,용현사,11,의정부 2024_03.csv,역사관광,종교성지
의정부,2024,3,2024-03,111,경기도,의정부시,슈퍼키즈스카이방방의정부민락점,11,의정부 2024_03.csv,문화관광,테마공원
의정부,2024,3,2024-03,114,경기도,의정부시,표미영탁구클럽,10,의정부 2024_03.csv,레저스포츠,기타레저스포츠
의정부,2024,3,2024-03,114,경기도,의정부시,중랑천어린이공원,10,의정부 2024_03.csv,문화관광,도시공원
의정부,2024,3,2024-03,114,경기도,의정부시,뛰노리방방,10,의정부 2024_03.csv,문화관광,테마공원
의정부,2024,3,2024-03,114,경기도,의정부시,와우민턴샵,10,의정부 2024_03.csv,레저스포츠,기타레저스포츠
의정부,2024,3,2024-03,118,경기도,의정부시,중앙문화공원,9,의정부 2024_03.csv,문화관광,도시공원
의정부,2024,3,2024-03,118,경기도,의정부시,북한산국립공원원도봉탐방지원센터,9,의정부 2024_03.csv,기타관광,기타관광
의정부,2024,3,2024-03,118,경기도,의정부시,쥬드베베 베이비카페,9,의정부 2024_03.csv,문화관광,테마공원
의정부,2024,3,2024-03,118,경기도,의정부시,의정부기억저장소,9,의정부 2024_03.csv,문화관광,전시시설
의정부,2024,3,2024-03,118,경기도,의정부시,쌍암사,9,의정부 2024_03.csv,역사관광,종교성지
의정부,2024,3,2024-03,118,경기도,의정부시,수락사,9,의정부 2024_03.csv,역사관광,종교성지
의정부,2024,3,2024-03,118,경기도,의정부시,자비정사,9,의정부 2024_03.csv,역사관광,종교성지
의정부,2024,3,2024-03,118,경기도,의정부시,천보산,9,의정부 2024_03.csv,자연관광,자연경관(산)
의정부,2024,3,2024-03,118,경기도,의정부시,리얼야구존의정부점,9,의정부 2024_03.csv,레저스포츠,기타레저스포츠
의정부,2024,3,2024-03,118,경기도,의정부시,덕수사,9,의정부 2024_03.csv,역사관광,종교성지
의정부,2024,3,2024-03,118,경기도,의정부시,여래사,9,의정부 2024_03.csv,역사관광,종교성지
의정부,2024,3,2024-03,118,경기도,의정부시,스트라이크존의정부구장,9,의정부 2024_03.csv,레저스포츠,기타레저스포츠
의정부,2024,3,2024-03,118,경기도,의정부시,의정부호원벚꽃길,9,의정부 2024_03.csv,기타관광,기타관광
의정부,2024,3,2024-03,131,경기도,의정부시,망월사천봉선사탑비,8,의정부 2024_03.csv,역사관광,역사유적지
의정부,2024,3,2024-03,131,경기도,의정부시,평화어린이공원,8,의정부 2024_03.csv,문화관광,도시공원
의정부,2024,3,2024-03,131,경기도,의정부시,정화사,8,의정부 2024_03.csv,역사관광,종교성지
의정부,2024,3,2024-03,131,경기도,의정부시,무량사,8,의정부 2024_03.csv,역사관광,종교성지
의정부,2024,3,2024-03,135,경기도,의정부시,회룡천벚꽃길,7,의정부 2024_03.csv,기타관광,기타관광
의정부,2024,3,2024-03,135,경기도,의정부시,관음사,7,의정부 2024_03.csv,역사관광,종교성지
의정부,2024,3,2024-03,135,경기도,의정부시,미륵암,7,의정부 2024_03.csv,역사관광,종교성지
의정부,2024,3,2024-03,135,경기도,의정부시,학송사,7,의정부 2024_03.csv,역사관광,종교성지
의정부,2024,3,2024-03,135,경기도,의정부시,신원배드민턴클럽,7,의정부 2024_03.csv,레저스포츠,기타레저스포츠
의정부,2024,3,2024-03,135,경기도,의정부시,추동웰빙공원,7,의정부 2024_03.csv,문화관광,도시공원
의정부,2024,3,2024-03,135,경기도,의정부시,의정부아트캠프,7,의정부 2024_03.csv,문화관광,기타문화관광지
의정부,2024,3,2024-03,135,경기도,의정부시,연주암,7,의정부 2024_03.csv,역사관광,종교성지
의정부,2024,3,2024-03,143,경기도,의정부시,킴스라인댄스,6,의정부 2024_03.csv,레저스포츠,기타레저스포츠
의정부,2024,3,2024-03,143,경기도,의정부시,이성숙탁구클럽,6,의정부 2024_03.csv,레저스포츠,기타레저스포츠
의정부,2024,3,2024-03,143,경기도,의정부시,능골어린이공원,6,의정부 2024_03.csv,문화관광,도시공원
의정부,2024,3,2024-03,143,경기도,의정부시,장암어린이공원,6,의정부 2024_03.csv,문화관광,도시공원
의정부,2024,3,2024-03,143,경기도,의정부시,하금오어린이공원,6,의정부 2024_03.csv,문화관광,도시공원
의정부,2024,3,2024-03,143,경기도,의정부시,원효사,6,의정부 2024_03.csv,역사관광,종교성지
의정부,2024,3,2024-03,143,경기도,의정부시,두물터농장,6,의정부 2024_03.csv,체험관광,농/산/어촌체험
의정부,2024,3,2024-03,150,경기도,의정부시,예술공간휴서사,5,의정부 2024_03.csv,문화관광,공연시설
의정부,2024,3,2024-03,150,경기도,의정부시,로데오거리상점가,5,의정부 2024_03.csv,쇼핑,시장
의정부,2024,3,2024-03,152,경기도,의정부시,송산1호수변공원,4,의정부 2024_03.csv,문화관광,도시공원
의정부,2024,3,2024-03,152,경기도,의정부시,문예어린이공원,4,의정부 2024_03.csv,문화관광,도시공원
의정부,2024,3,2024-03,152,경기도,의정부시,백석천근린공원,4,의정부 2024_03.csv,문화관광,도시공원
의정부,2024,3,2024-03,152,경기도,의정부시,쌍용사,4,의정부 2024_03.csv,역사관광,종교성지
의정부,2024,3,2024-03,152,경기도,의정부시,홍연경민현대미술관,4,의정부 2024_03.csv,문화관광,전시시설
의정부,2024,3,2024-03,157,경기도,의정부시,회룡문화공원,3,의정부 2024_03.csv,문화관광,도시공원
의정부,2024,3,2024-03,157,경기도,의정부시,바나다번지&핏,3,의정부 2024_03.csv,레저스포츠,기타레저스포츠
의정부,2024,3,2024-03,157,경기도,의정부시,캠프라과디아체육공원,3,의정부 2024_03.csv,문화관광,도시공원
의정부,2024,3,2024-03,157,경기도,의정부시,고산MMA주짓수종합격투기,3,의정부 2024_03.csv,레저스포츠,기타레저스포츠
의정부,2024,3,2024-03,157,경기도,의정부시,약수배드민턴클럽,3,의정부 2024_03.csv,레저스포츠,기타레저스포츠
의정부,2024,3,2024-03,157,경기도,의정부시,직동수련원,3,의정부 2024_03.csv,레저스포츠,육상레저스포츠
의정부,2024,3,2024-03,157,경기도,의정부시,민락어린이교통공원,3,의정부 2024_03.csv,문화관광,도시공원
의정부,2024,3,2024-03,157,경기도,의정부시,동그라미탁구교실,3,의정부 2024_03.csv,레저스포츠,기타레저스포츠
의정부,2024,3,2024-03,157,경기도,의정부시,스카이공연홀,3,의정부 2024_03.csv,문화관광,공연시설
의정부,2024,3,2024-03,157,경기도,의정부시,신곡체육공원,3,의정부 2024_03.csv,문화관광,도시공원
의정부,2024,3,2024-03,157,경기도,의정부시,문화어린이공원,3,의정부 2024_03.csv,문화관광,도시공원
의정부,2024,3,2024-03,157,경기도,의정부시,범골어린이공원,3,의정부 2024_03.csv,문화관광,도시공원
의정부,2024,3,2024-03,157,경기도,의정부시,오목문화근린공원,3,의정부 2024_03.csv,문화관광,도시공원
의정부,2024,3,2024-03,157,경기도,의정부시,다리목근린공원,3,의정부 2024_03.csv,문화관광,도시공원
의정부,2024,3,2024-03,157,경기도,의정부시,이태영탁구교실,3,의정부 2024_03.csv,레저스포츠,기타레저스포츠
의정부,2024,3,2024-03,157,경기도,의정부시,영락사,3,의정부 2024_03.csv,역사관광,종교성지
의정부,2024,3,2024-03,157,경기도,의정부시,무지랭이약수터,3,의정부 2024_03.csv,자연관광,자연경관(산)
의정부,2024,3,2024-03,157,경기도,의정부시,석림사계곡,3,의정부 2024_03.csv,자연관광,자연경관(산)
의정부,2024,3,2024-03,157,경기도,의정부시,그랑프리탁구클럽,3,의정부 2024_03.csv,레저스포츠,기타레저스포츠
의정부,2024,3,2024-03,157,경기도,의정부시,북한산둘레길15구간,3,의정부 2024_03.csv,레저스포츠,기타레저스포츠
의정부,2024,3,2024-03,157,경기도,의정부시,추동공원,3,의정부 2024_03.csv,문화관광,도시공원
의정부,2024,3,2024-03,157,경기도,의정부시,칠불암공덕원,3,의정부 2024_03.csv,역사관광,종교성지
의정부,2024,3,2024-03,157,경기도,의정부시,월정사,3,의정부 2024_03.csv,역사관광,종교성지
의정부,2024,3,2024-03,157,경기도,의정부시,의정부LKFC유소년축구클럽,3,의정부 2024_03.csv,레저스포츠,기타레저스포츠
의정부,2024,3,2024-03,157,경기도,의정부시,방아어린이공원,3,의정부 2024_03.csv,문화관광,도시공원
의정부,2024,3,2024-03,157,경기도,의정부시,마루롤러스케이트장,3,의정부 2024_03.csv,레저스포츠,육상레저스포츠
의정부,2024,3,2024-03,157,경기도,의정부시,홍법사,3,의정부 2024_03.csv,역사관광,종교성지
의정부,2024,3,2024-03,157,경기도,의정부시,유니크발레,3,의정부 2024_03.csv,레저스포츠,기타레저스포츠
의정부,2024,4,2024-04,1,경기도,의정부시,신세계백화점의정부점,20738,의정부 2024_04.csv,쇼핑,백화점
의정부,2024,4,2024-04,2,경기도,의정부시,의정부제일시장,7971,의정부 2024_04.csv,쇼핑,시장
의정부,2024,4,2024-04,3,경기도,의정부시,의정부버스터미널,3910,의정부 2024_04.csv,기타관광,교통시설
의정부,2024,4,2024-04,4,경기도,의정부시,롯데시네마의정부민락,2280,의정부 2024_04.csv,문화관광,공연시설
의정부,2024,4,2024-04,5,경기도,의정부시,의정부예술의전당,2204,의정부 2024_04.csv,문화관광,공연시설
의정부,2024,4,2024-04,6,경기도,의정부시,메가박스의정부민락,1938,의정부 2024_04.csv,문화관광,공연시설
의정부,2024,4,2024-04,7,경기도,의정부시,직동근린공원,1828,의정부 2024_04.csv,문화관광,도시공원
의정부,2024,4,2024-04,8,경기도,의정부시,의정부실내빙상장,1789,의정부 2024_04.csv,레저스포츠,육상레저스포츠
의정부,2024,4,2024-04,9,경기도,의정부시,CGV의정부태흥,1788,의정부 2024_04.csv,문화관광,공연시설
의정부,2024,4,2024-04,10,경기도,의정부시,송산사지근린공원,1018,의정부 2024_04.csv,문화관광,도시공원
의정부,2024,4,2024-04,11,경기도,의정부시,CGV의정부,980,의정부 2024_04.csv,문화관광,공연시설
의정부,2024,4,2024-04,12,경기도,의정부시,송산배수지체육시설,721,의정부 2024_04.csv,문화관광,도시공원
의정부,2024,4,2024-04,13,경기도,의정부시,의정부시청소년수련관,720,의정부 2024_04.csv,레저스포츠,육상레저스포츠
의정부,2024,4,2024-04,14,경기도,의정부시,태영프라자,712,의정부 2024_04.csv,쇼핑,쇼핑몰
의정부,2024,4,2024-04,15,경기도,의정부시,신곡실내배드민턴장,683,의정부 2024_04.csv,레저스포츠,기타레저스포츠
의정부,2024,4,2024-04,16,경기도,의정부시,낙양물사랑공원,674,의정부 2024_04.csv,문화관광,도시공원
의정부,2024,4,2024-04,17,경기도,의정부시,렛츠런CCC의정부지점,460,의정부 2024_04.csv,레저스포츠,육상레저스포츠
의정부,2024,4,2024-04,18,경기도,의정부시,점핑몬스터의정부점,387,의정부 2024_04.csv,문화관광,테마공원
의정부,2024,4,2024-04,19,경기도,의정부시,직동축구장,375,의정부 2024_04.csv,문화관광,레저스포츠시설
의정부,2024,4,2024-04,20,경기도,의정부시,의정부호원벚꽃길,323,의정부 2024_04.csv,기타관광,기타관광
의정부,2024,4,2024-04,21,경기도,의정부시,활기체육공원,322,의정부 2024_04.csv,문화관광,도시공원
의정부,2024,4,2024-04,22,경기도,의정부시,석림사,304,의정부 2024_04.csv,역사관광,종교성지
의정부,2024,4,2024-04,23,경기도,의정부시,녹양야구장,274,의정부 2024_04.csv,문화관광,레저스포츠시설
의정부,2024,4,2024-04,24,경기도,의정부시,와글아이의정부점,261,의정부 2024_04.csv,문화관광,테마공원
의정부,2024,4,2024-04,25,경기도,의정부시,서울승마클럽,250,의정부 2024_04.csv,레저스포츠,육상레저스포츠
의정부,2024,4,2024-04,26,경기도,의정부시,고고다이노키즈카페민락점,246,의정부 2024_04.csv,문화관광,테마공원
의정부,2024,4,2024-04,27,경기도,의정부시,의정부가구거리,223,의정부 2024_04.csv,쇼핑,기타쇼핑시설
의정부,2024,4,2024-04,28,경기도,의정부시,추동배드민턴장,202,의정부 2024_04.csv,레저스포츠,기타레저스포츠
의정부,2024,4,2024-04,29,경기도,의정부시,곤제구장,196,의정부 2024_04.csv,문화관광,레저스포츠시설
의정부,2024,4,2024-04,30,경기도,의정부시,회룡사,191,의정부 2024_04.csv,역사관광,종교성지
의정부,2024,4,2024-04,31,경기도,의정부시,자일낚시터,169,의정부 2024_04.csv,레저스포츠,수상레저스포츠
의정부,2024,4,2024-04,32,경기도,의정부시,천보탁구장,156,의정부 2024_04.csv,레저스포츠,기타레저스포츠
의정부,2024,4,2024-04,33,경기도,의정부시,점프스카이민락점,155,의정부 2024_04.csv,문화관광,테마공원
의정부,2024,4,2024-04,34,경기도,의정부시,히어로키즈파크의정부지점,153,의정부 2024_04.csv,문화관광,테마공원
의정부,2024,4,2024-04,35,경기도,의정부시,서영빌딩서관,150,의정부 2024_04.csv,문화관광,기타문화관광지
의정부,2024,4,2024-04,36,경기도,의정부시,북한산국립공원회룡탐방지원센터,148,의정부 2024_04.csv,기타관광,기타관광
의정부,2024,4,2024-04,37,경기도,의정부시,망월사,145,의정부 2024_04.csv,역사관광,종교성지
의정부,2024,4,2024-04,38,경기도,의정부시,자일산림욕장,138,의정부 2024_04.csv,자연관광,자연공원
의정부,2024,4,2024-04,39,경기도,의정부시,허니비풋살파크,136,의정부 2024_04.csv,문화관광,레저스포츠시설
의정부,2024,4,2024-04,40,경기도,의정부시,김민성탁구클럽,132,의정부 2024_04.csv,레저스포츠,기타레저스포츠
의정부,2024,4,2024-04,41,경기도,의정부시,루나루즈키즈카페,131,의정부 2024_04.csv,문화관광,테마공원
의정부,2024,4,2024-04,42,경기도,의정부시,경륜경정의정부지점,117,의정부 2024_04.csv,레저스포츠,육상레저스포츠
의정부,2024,4,2024-04,43,경기도,의정부시,의정부청과야채시장,114,의정부 2024_04.csv,쇼핑,시장
의정부,2024,4,2024-04,44,경기도,의정부시,고고롤러스케이트장,109,의정부 2024_04.csv,레저스포츠,육상레저스포츠
의정부,2024,4,2024-04,45,경기도,의정부시,안골유원지,108,의정부 2024_04.csv,문화관광,복합관광시설
의정부,2024,4,2024-04,46,경기도,의정부시,중랑천어린이공원,101,의정부 2024_04.csv,문화관광,도시공원
의정부,2024,4,2024-04,47,경기도,의정부시,큐리키즈카페의정부점,97,의정부 2024_04.csv,문화관광,테마공원
의정부,2024,4,2024-04,47,경기도,의정부시,회룡천벚꽃길,97,의정부 2024_04.csv,기타관광,기타관광
의정부,2024,4,2024-04,49,경기도,의정부시,역전근린공원,91,의정부 2024_04.csv,문화관광,도시공원
의정부,2024,4,2024-04,50,경기도,의정부시,헬로방방민락점,87,의정부 2024_04.csv,문화관광,테마공원
의정부,2024,4,2024-04,51,경기도,의정부시,푸른마당근린공원,86,의정부 2024_04.csv,문화관광,도시공원
의정부,2024,4,2024-04,52,경기도,의정부시,의정부시리틀야구장,77,의정부 2024_04.csv,문화관광,레저스포츠시설
의정부,2024,4,2024-04,53,경기도,의정부시,곤제근린공원,72,의정부 2024_04.csv,문화관광,도시공원
의정부,2024,4,2024-04,54,경기도,의정부시,장암파크골프장,70,의정부 2024_04.csv,레저스포츠,육상레저스포츠
의정부,2024,4,2024-04,55,경기도,의정부시,호암사,67,의정부 2024_04.csv,역사관광,종교성지
의정부,2024,4,2024-04,56,경기도,의정부시,장수원배드민턴클럽,65,의정부 2024_04.csv,레저스포츠,기타레저스포츠
의정부,2024,4,2024-04,57,경기도,의정부시,신숙주선생묘,63,의정부 2024_04.csv,역사관광,역사유적지
의정부,2024,4,2024-04,58,경기도,의정부시,현충탑,61,의정부 2024_04.csv,역사관광,역사유물
의정부,2024,4,2024-04,59,경기도,의정부시,태조이성계상,59,의정부 2024_04.csv,기타관광,기타관광
의정부,2024,4,2024-04,60,경기도,의정부시,안골계곡,57,의정부 2024_04.csv,자연관광,자연경관(산)
의정부,2024,4,2024-04,61,경기도,의정부시,타요키즈카페의정부민락점,55,의정부 2024_04.csv,문화관광,테마공원
의정부,2024,4,2024-04,62,경기도,의정부시,장암발곡근린공원,52,의정부 2024_04.csv,문화관광,도시공원
의정부,2024,4,2024-04,63,경기도,의정부시,상금오어린이공원,51,의정부 2024_04.csv,문화관광,도시공원
의정부,2024,4,2024-04,64,경기도,의정부시,메이드라인,50,의정부 2024_04.csv,레저스포츠,기타레저스포츠
의정부,2024,4,2024-04,64,경기도,의정부시,희망어린이공원,50,의정부 2024_04.csv,문화관광,도시공원
의정부,2024,4,2024-04,66,경기도,의정부시,스카이짐유소년스포츠클럽녹양점,47,의정부 2024_04.csv,레저스포츠,기타레저스포츠
의정부,2024,4,2024-04,67,경기도,의정부시,꽃동네어린이공원,46,의정부 2024_04.csv,문화관광,도시공원
의정부,2024,4,2024-04,67,경기도,의정부시,벌말어린이공원,46,의정부 2024_04.csv,문화관광,도시공원
의정부,2024,4,2024-04,69,경기도,의정부시,윤한미탁구클럽,43,의정부 2024_04.csv,레저스포츠,기타레저스포츠
의정부,2024,4,2024-04,70,경기도,의정부시,마린앤키즈,37,의정부 2024_04.csv,문화관광,테마공원
의정부,2024,4,2024-04,71,경기도,의정부시,알쏭달쏭키즈드로잉,36,의정부 2024_04.csv,문화관광,테마공원
의정부,2024,4,2024-04,71,경기도,의정부시,꿀잼키즈룸의정부민락점,36,의정부 2024_04.csv,문화관광,테마공원
의정부,2024,4,2024-04,71,경기도,의정부시,의정부예술의전당대극장,36,의정부 2024_04.csv,문화관광,공연시설
의정부,2024,4,2024-04,71,경기도,의정부시,직동근린공원통나무집,36,의정부 2024_04.csv,레저스포츠,육상레저스포츠
의정부,2024,4,2024-04,75,경기도,의정부시,스트라이크존의정부민락구장,35,의정부 2024_04.csv,레저스포츠,기타레저스포츠
의정부,2024,4,2024-04,76,경기도,의정부시,쌍암사,33,의정부 2024_04.csv,역사관광,종교성지
의정부,2024,4,2024-04,76,경기도,의정부시,김병지축구클럽의정부롯데마트점,33,의정부 2024_04.csv,레저스포츠,기타레저스포츠
의정부,2024,4,2024-04,78,경기도,의정부시,망월사천봉선사탑비,32,의정부 2024_04.csv,역사관광,역사유적지
의정부,2024,4,2024-04,78,경기도,의정부시,백영수미술관,32,의정부 2024_04.csv,문화관광,전시시설
의정부,2024,4,2024-04,80,경기도,의정부시,모래야놀자,31,의정부 2024_04.csv,문화관광,테마공원
의정부,2024,4,2024-04,80,경기도,의정부시,토끼어린이공원,31,의정부 2024_04.csv,문화관광,도시공원
의정부,2024,4,2024-04,80,경기도,의정부시,사패산안골통제소방면,31,의정부 2024_04.csv,자연관광,자연경관(산)
의정부,2024,4,2024-04,83,경기도,의정부시,아로하포레스트,30,의정부 2024_04.csv,문화관광,테마공원
의정부,2024,4,2024-04,84,경기도,의정부시,노강서원,28,의정부 2024_04.csv,역사관광,역사유적지
의정부,2024,4,2024-04,84,경기도,의정부시,의정부시장,28,의정부 2024_04.csv,쇼핑,시장
의정부,2024,4,2024-04,84,경기도,의정부시,롤프렌롤러장,28,의정부 2024_04.csv,레저스포츠,육상레저스포츠
의정부,2024,4,2024-04,87,경기도,의정부시,의정부망월풋살구장,27,의정부 2024_04.csv,레저스포츠,기타레저스포츠
의정부,2024,4,2024-04,87,경기도,의정부시,우리소극장,27,의정부 2024_04.csv,문화관광,공연시설
의정부,2024,4,2024-04,89,경기도,의정부시,캠프라과디아체육공원,25,의정부 2024_04.csv,문화관광,도시공원
의정부,2024,4,2024-04,89,경기도,의정부시,사패산,25,의정부 2024_04.csv,자연관광,자연경관(산)
의정부,2024,4,2024-04,91,경기도,의정부시,우리끼리 키즈카페 스포츠마을의정부민락점,23,의정부 2024_04.csv,문화관광,테마공원
의정부,2024,4,2024-04,91,경기도,의정부시,한국산악연수원CAC등산학교,23,의정부 2024_04.csv,레저스포츠,기타레저스포츠
의정부,2024,4,2024-04,91,경기도,의정부시,의정부천문대,23,의정부 2024_04.csv,레저스포츠,기타레저스포츠
의정부,2024,4,2024-04,94,경기도,의정부시,용현정,22,의정부 2024_04.csv,레저스포츠,육상레저스포츠
의정부,2024,4,2024-04,94,경기도,의정부시,수락사,22,의정부 2024_04.csv,역사관광,종교성지
의정부,2024,4,2024-04,94,경기도,의정부시,성불사,22,의정부 2024_04.csv,역사관광,종교성지
의정부,2024,4,2024-04,97,경기도,의정부시,봉화정사,21,의정부 2024_04.csv,역사관광,종교성지
의정부,2024,4,2024-04,97,경기도,의정부시,와우민턴샵,21,의정부 2024_04.csv,레저스포츠,기타레저스포츠
의정부,2024,4,2024-04,99,경기도,의정부시,예술공간휴서사,20,의정부 2024_04.csv,문화관광,공연시설
의정부,2024,4,2024-04,99,경기도,의정부시,대원사,20,의정부 2024_04.csv,역사관광,종교성지
의정부,2024,4,2024-04,99,경기도,의정부시,쌍용사,20,의정부 2024_04.csv,역사관광,종교성지
의정부,2024,4,2024-04,99,경기도,의정부시,신곡탁구클럽,20,의정부 2024_04.csv,레저스포츠,기타레저스포츠
의정부,2024,4,2024-04,103,경기도,의정부시,어수정어린이공원,17,의정부 2024_04.csv,문화관광,도시공원
의정부,2024,4,2024-04,103,경기도,의정부시,미륵암,17,의정부 2024_04.csv,역사관광,종교성지
의정부,2024,4,2024-04,103,경기도,의정부시,김미미도예공방,17,의정부 2024_04.csv,체험관광,공예체험
의정부,2024,4,2024-04,103,경기도,의정부시,리드민리듬체조민락본점,17,의정부 2024_04.csv,레저스포츠,기타레저스포츠
의정부,2024,4,2024-04,107,경기도,의정부시,킹클라이밍,16,의정부 2024_04.csv,레저스포츠,기타레저스포츠
의정부,2024,4,2024-04,108,경기도,의정부시,드래곤트릭킹짐,15,의정부 2024_04.csv,레저스포츠,기타레저스포츠
의정부,2024,4,2024-04,108,경기도,의정부시,무지랭이계곡,15,의정부 2024_04.csv,자연관광,자연경관(산)
의정부,2024,4,2024-04,110,경기도,의정부시,송산1호수변공원,14,의정부 2024_04.csv,문화관광,도시공원
의정부,2024,4,2024-04,110,경기도,의정부시,원각사,14,의정부 2024_04.csv,역사관광,종교성지
의정부,2024,4,2024-04,110,경기도,의정부시,추동공원,14,의정부 2024_04.csv,문화관광,도시공원
의정부,2024,4,2024-04,110,경기도,의정부시,어울놀이패밀리카페,14,의정부 2024_04.csv,문화관광,테마공원
의정부,2024,4,2024-04,114,경기도,의정부시,백합어린이공원,13,의정부 2024_04.csv,문화관광,도시공원
의정부,2024,4,2024-04,114,경기도,의정부시,평화어린이공원,13,의정부 2024_04.csv,문화관광,도시공원
의정부,2024,4,2024-04,116,경기도,의정부시,산군무에타이킥복싱체육관,12,의정부 2024_04.csv,레저스포츠,기타레저스포츠
의정부,2024,4,2024-04,117,경기도,의정부시,샤모니클라이밍,11,의정부 2024_04.csv,레저스포츠,기타레저스포츠
의정부,2024,4,2024-04,117,경기도,의정부시,정화사,11,의정부 2024_04.csv,역사관광,종교성지
의정부,2024,4,2024-04,119,경기도,의정부시,관음사,10,의정부 2024_04.csv,역사관광,종교성지
의정부,2024,4,2024-04,119,경기도,의정부시,문화어린이공원,10,의정부 2024_04.csv,문화관광,도시공원
의정부,2024,4,2024-04,119,경기도,의정부시,의정부예술의전당소극장,10,의정부 2024_04.csv,문화관광,공연시설
의정부,2024,4,2024-04,119,경기도,의정부시,심원사,10,의정부 2024_04.csv,역사관광,종교성지
의정부,2024,4,2024-04,119,경기도,의정부시,신원배드민턴클럽,10,의정부 2024_04.csv,레저스포츠,기타레저스포츠
의정부,2024,4,2024-04,119,경기도,의정부시,정수선원,10,의정부 2024_04.csv,역사관광,종교성지
의정부,2024,4,2024-04,125,경기도,의정부시,엄홍길전시관,9,의정부 2024_04.csv,문화관광,전시시설
의정부,2024,4,2024-04,126,경기도,의정부시,슈가복싱회룡점,8,의정부 2024_04.csv,레저스포츠,기타레저스포츠
의정부,2024,4,2024-04,126,경기도,의정부시,스카이공연홀,8,의정부 2024_04.csv,문화관광,공연시설
의정부,2024,4,2024-04,126,경기도,의정부시,소망어린이공원,8,의정부 2024_04.csv,문화관광,도시공원
의정부,2024,4,2024-04,126,경기도,의정부시,승지어린이공원,8,의정부 2024_04.csv,문화관광,도시공원
의정부,2024,4,2024-04,126,경기도,의정부시,백석천근린공원,8,의정부 2024_04.csv,문화관광,도시공원
의정부,2024,4,2024-04,131,경기도,의정부시,미가사,7,의정부 2024_04.csv,역사관광,종교성지
의정부,2024,4,2024-04,131,경기도,의정부시,중앙문화공원,7,의정부 2024_04.csv,문화관광,도시공원
의정부,2024,4,2024-04,131,경기도,의정부시,이성숙탁구클럽,7,의정부 2024_04.csv,레저스포츠,기타레저스포츠
의정부,2024,4,2024-04,131,경기도,의정부시,정혜사의정부표포교원,7,의정부 2024_04.csv,역사관광,종교성지
의정부,2024,4,2024-04,131,경기도,의정부시,두물터농장,7,의정부 2024_04.csv,체험관광,농/산/어촌체험
의정부,2024,4,2024-04,136,경기도,의정부시,홍짐,6,의정부 2024_04.csv,레저스포츠,기타레저스포츠
의정부,2024,4,2024-04,136,경기도,의정부시,약수배드민턴클럽,6,의정부 2024_04.csv,레저스포츠,기타레저스포츠
의정부,2024,4,2024-04,136,경기도,의정부시,의정부회룡사오층석탑,6,의정부 2024_04.csv,역사관광,역사유적지
의정부,2024,4,2024-04,136,경기도,의정부시,능골어린이공원,6,의정부 2024_04.csv,문화관광,도시공원
의정부,2024,4,2024-04,136,경기도,의정부시,신곡어린이공원,6,의정부 2024_04.csv,문화관광,도시공원
의정부,2024,4,2024-04,136,경기도,의정부시,달님어린이공원,6,의정부 2024_04.csv,문화관광,도시공원
의정부,2024,4,2024-04,136,경기도,의정부시,영락사,6,의정부 2024_04.csv,역사관광,종교성지
의정부,2024,4,2024-04,136,경기도,의정부시,석림사계곡,6,의정부 2024_04.csv,자연관광,자연경관(산)
의정부,2024,4,2024-04,136,경기도,의정부시,그랑프리탁구클럽,6,의정부 2024_04.csv,레저스포츠,기타레저스포츠
의정부,2024,4,2024-04,136,경기도,의정부시,추동웰빙공원,6,의정부 2024_04.csv,문화관광,도시공원
의정부,2024,4,2024-04,136,경기도,의정부시,무량사,6,의정부 2024_04.csv,역사관광,종교성지
의정부,2024,4,2024-04,136,경기도,의정부시,홍법사,6,의정부 2024_04.csv,역사관광,종교성지
의정부,2024,4,2024-04,148,경기도,의정부시,원효사,5,의정부 2024_04.csv,역사관광,종교성지
의정부,2024,4,2024-04,148,경기도,의정부시,스트라이크존의정부구장,5,의정부 2024_04.csv,레저스포츠,기타레저스포츠
의정부,2024,4,2024-04,150,경기도,의정부시,의정부축구센터,4,의정부 2024_04.csv,레저스포츠,기타레저스포츠
의정부,2024,4,2024-04,150,경기도,의정부시,쌍암사현대불교,4,의정부 2024_04.csv,역사관광,종교성지
의정부,2024,4,2024-04,150,경기도,의정부시,덕천사,4,의정부 2024_04.csv,역사관광,종교성지
의정부,2024,4,2024-04,150,경기도,의정부시,용현사,4,의정부 2024_04.csv,역사관광,종교성지
의정부,2024,4,2024-04,150,경기도,의정부시,융창수산,4,의정부 2024_04.csv,쇼핑,시장
의정부,2024,4,2024-04,150,경기도,의정부시,상원사,4,의정부 2024_04.csv,역사관광,종교성지
의정부,2024,4,2024-04,150,경기도,의정부시,여래사,4,의정부 2024_04.csv,역사관광,종교성지
의정부,2024,4,2024-04,150,경기도,의정부시,의정부LKFC유소년축구클럽,4,의정부 2024_04.csv,레저스포츠,기타레저스포츠
의정부,2024,4,2024-04,150,경기도,의정부시,연주암,4,의정부 2024_04.csv,역사관광,종교성지
의정부,2024,4,2024-04,159,경기도,의정부시,드림탁구클럽,3,의정부 2024_04.csv,레저스포츠,기타레저스포츠
의정부,2024,4,2024-04,159,경기도,의정부시,리틀베이비,3,의정부 2024_04.csv,문화관광,테마공원
의정부,2024,4,2024-04,159,경기도,의정부시,회룡문화공원,3,의정부 2024_04.csv,문화관광,도시공원
의정부,2024,4,2024-04,159,경기도,의정부시,버들개야구장,3,의정부 2024_04.csv,문화관광,레저스포츠시설
의정부,2024,4,2024-04,159,경기도,의정부시,고산MMA주짓수종합격투기,3,의정부 2024_04.csv,레저스포츠,기타레저스포츠
의정부,2024,4,2024-04,159,경기도,의정부시,갤러리평화,3,의정부 2024_04.csv,문화관광,전시시설
의정부,2024,4,2024-04,159,경기도,의정부시,쥬드베베 베이비카페,3,의정부 2024_04.csv,문화관광,테마공원
의정부,2024,4,2024-04,159,경기도,의정부시,나리벡시티테마파크건축중(2027년01월 예정),3,의정부 2024_04.csv,문화관광,테마공원
의정부,2024,4,2024-04,159,경기도,의정부시,왕바우근린공원,3,의정부 2024_04.csv,문화관광,도시공원
의정부,2024,4,2024-04,159,경기도,의정부시,민락어린이교통공원,3,의정부 2024_04.csv,문화관광,도시공원
의정부,2024,4,2024-04,159,경기도,의정부시,민락리틀야구장,3,의정부 2024_04.csv,문화관광,레저스포츠시설
의정부,2024,4,2024-04,159,경기도,의정부시,정문부장군묘,3,의정부 2024_04.csv,역사관광,역사유적지
의정부,2024,4,2024-04,159,경기도,의정부시,동심어린이공원,3,의정부 2024_04.csv,문화관광,도시공원
의정부,2024,4,2024-04,159,경기도,의정부시,공고개어린이공원,3,의정부 2024_04.csv,문화관광,도시공원
의정부,2024,4,2024-04,159,경기도,의정부시,한길어린이공원,3,의정부 2024_04.csv,문화관광,도시공원
의정부,2024,4,2024-04,159,경기도,의정부시,선행어린이공원,3,의정부 2024_04.csv,문화관광,도시공원
의정부,2024,4,2024-04,159,경기도,의정부시,청사초롱근린공원,3,의정부 2024_04.csv,문화관광,도시공원
의정부,2024,4,2024-04,159,경기도,의정부시,오목문화근린공원,3,의정부 2024_04.csv,문화관광,도시공원
의정부,2024,4,2024-04,159,경기도,의정부시,이태영탁구교실,3,의정부 2024_04.csv,레저스포츠,기타레저스포츠
의정부,2024,4,2024-04,159,경기도,의정부시,무지랭이약수터,3,의정부 2024_04.csv,자연관광,자연경관(산)
의정부,2024,4,2024-04,159,경기도,의정부시,자비정사,3,의정부 2024_04.csv,역사관광,종교성지
의정부,2024,4,2024-04,159,경기도,의정부시,대각사,3,의정부 2024_04.csv,역사관광,종교성지
의정부,2024,4,2024-04,159,경기도,의정부시,홍연경민현대미술관,3,의정부 2024_04.csv,문화관광,전시시설
의정부,2024,4,2024-04,159,경기도,의정부시,송산배집농원,3,의정부 2024_04.csv,체험관광,농/산/어촌체험
의정부,2024,4,2024-04,159,경기도,의정부시,트라이포스의정부주짓수,3,의정부 2024_04.csv,레저스포츠,기타레저스포츠
의정부,2024,4,2024-04,159,경기도,의정부시,회룡사5층석탑,3,의정부 2024_04.csv,역사관광,역사유물
의정부,2024,4,2024-04,159,경기도,의정부시,리얼야구존의정부점,3,의정부 2024_04.csv,레저스포츠,기타레저스포츠
의정부,2024,4,2024-04,159,경기도,의정부시,잎새어린이공원,3,의정부 2024_04.csv,문화관광,도시공원
의정부,2024,4,2024-04,159,경기도,의정부시,슈퍼키즈스카이방방의정부민락점,3,의정부 2024_04.csv,문화관광,테마공원
의정부,2024,4,2024-04,159,경기도,의정부시,고산꽃농원,3,의정부 2024_04.csv,체험관광,농/산/어촌체험
의정부,2024,5,2024-05,1,경기도,의정부시,신세계백화점의정부점,24653,의정부 2024_05.csv,쇼핑,백화점
의정부,2024,5,2024-05,2,경기도,의정부시,의정부제일시장,8683,의정부 2024_05.csv,쇼핑,시장
의정부,2024,5,2024-05,3,경기도,의정부시,의정부버스터미널,4491,의정부 2024_05.csv,기타관광,교통시설
의정부,2024,5,2024-05,4,경기도,의정부시,의정부예술의전당,3418,의정부 2024_05.csv,문화관광,공연시설
의정부,2024,5,2024-05,5,경기도,의정부시,롯데시네마의정부민락,2363,의정부 2024_05.csv,문화관광,공연시설
의정부,2024,5,2024-05,6,경기도,의정부시,의정부실내빙상장,2224,의정부 2024_05.csv,레저스포츠,육상레저스포츠
의정부,2024,5,2024-05,7,경기도,의정부시,메가박스의정부민락,2094,의정부 2024_05.csv,문화관광,공연시설
의정부,2024,5,2024-05,8,경기도,의정부시,CGV의정부태흥,1860,의정부 2024_05.csv,문화관광,공연시설
의정부,2024,5,2024-05,9,경기도,의정부시,직동근린공원,1297,의정부 2024_05.csv,문화관광,도시공원
의정부,2024,5,2024-05,10,경기도,의정부시,CGV의정부,1277,의정부 2024_05.csv,문화관광,공연시설
의정부,2024,5,2024-05,11,경기도,의정부시,의정부시청소년수련관,852,의정부 2024_05.csv,레저스포츠,육상레저스포츠
의정부,2024,5,2024-05,12,경기도,의정부시,송산배수지체육시설,736,의정부 2024_05.csv,문화관광,도시공원
의정부,2024,5,2024-05,13,경기도,의정부시,태영프라자,735,의정부 2024_05.csv,쇼핑,쇼핑몰
의정부,2024,5,2024-05,14,경기도,의정부시,신곡실내배드민턴장,719,의정부 2024_05.csv,레저스포츠,기타레저스포츠
의정부,2024,5,2024-05,15,경기도,의정부시,점핑몬스터의정부점,714,의정부 2024_05.csv,문화관광,테마공원
의정부,2024,5,2024-05,16,경기도,의정부시,낙양물사랑공원,707,의정부 2024_05.csv,문화관광,도시공원
의정부,2024,5,2024-05,17,경기도,의정부시,송산사지근린공원,634,의정부 2024_05.csv,문화관광,도시공원
의정부,2024,5,2024-05,18,경기도,의정부시,렛츠런CCC의정부지점,479,의정부 2024_05.csv,레저스포츠,육상레저스포츠
의정부,2024,5,2024-05,19,경기도,의정부시,석림사,427,의정부 2024_05.csv,역사관광,종교성지
의정부,2024,5,2024-05,20,경기도,의정부시,서울승마클럽,397,의정부 2024_05.csv,레저스포츠,육상레저스포츠
의정부,2024,5,2024-05,21,경기도,의정부시,와글아이의정부점,380,의정부 2024_05.csv,문화관광,테마공원
의정부,2024,5,2024-05,22,경기도,의정부시,고고다이노키즈카페민락점,368,의정부 2024_05.csv,문화관광,테마공원
의정부,2024,5,2024-05,23,경기도,의정부시,회룡사,337,의정부 2024_05.csv,역사관광,종교성지
의정부,2024,5,2024-05,24,경기도,의정부시,활기체육공원,331,의정부 2024_05.csv,문화관광,도시공원
의정부,2024,5,2024-05,25,경기도,의정부시,직동축구장,316,의정부 2024_05.csv,문화관광,레저스포츠시설
의정부,2024,5,2024-05,26,경기도,의정부시,녹양야구장,269,의정부 2024_05.csv,문화관광,레저스포츠시설
의정부,2024,5,2024-05,27,경기도,의정부시,점프스카이민락점,257,의정부 2024_05.csv,문화관광,테마공원
의정부,2024,5,2024-05,28,경기도,의정부시,히어로키즈파크의정부지점,239,의정부 2024_05.csv,문화관광,테마공원
의정부,2024,5,2024-05,29,경기도,의정부시,천보탁구장,230,의정부 2024_05.csv,레저스포츠,기타레저스포츠
의정부,2024,5,2024-05,30,경기도,의정부시,호암사,228,의정부 2024_05.csv,역사관광,종교성지
의정부,2024,5,2024-05,31,경기도,의정부시,자일산림욕장,227,의정부 2024_05.csv,자연관광,자연공원
의정부,2024,5,2024-05,32,경기도,의정부시,의정부가구거리,226,의정부 2024_05.csv,쇼핑,기타쇼핑시설
의정부,2024,5,2024-05,33,경기도,의정부시,곤제구장,224,의정부 2024_05.csv,문화관광,레저스포츠시설
의정부,2024,5,2024-05,34,경기도,의정부시,추동배드민턴장,207,의정부 2024_05.csv,레저스포츠,기타레저스포츠
의정부,2024,5,2024-05,35,경기도,의정부시,자일낚시터,205,의정부 2024_05.csv,레저스포츠,수상레저스포츠
의정부,2024,5,2024-05,36,경기도,의정부시,망월사,189,의정부 2024_05.csv,역사관광,종교성지
의정부,2024,5,2024-05,37,경기도,의정부시,의정부예술의전당대극장,177,의정부 2024_05.csv,문화관광,공연시설
의정부,2024,5,2024-05,37,경기도,의정부시,고고롤러스케이트장,177,의정부 2024_05.csv,레저스포츠,육상레저스포츠
의정부,2024,5,2024-05,39,경기도,의정부시,서영빌딩서관,174,의정부 2024_05.csv,문화관광,기타문화관광지
의정부,2024,5,2024-05,40,경기도,의정부시,루나루즈키즈카페,172,의정부 2024_05.csv,문화관광,테마공원
의정부,2024,5,2024-05,41,경기도,의정부시,북한산국립공원회룡탐방지원센터,166,의정부 2024_05.csv,기타관광,기타관광
의정부,2024,5,2024-05,42,경기도,의정부시,의정부청과야채시장,151,의정부 2024_05.csv,쇼핑,시장
의정부,2024,5,2024-05,43,경기도,의정부시,장암파크골프장,149,의정부 2024_05.csv,레저스포츠,육상레저스포츠
의정부,2024,5,2024-05,44,경기도,의정부시,큐리키즈카페의정부점,137,의정부 2024_05.csv,문화관광,테마공원
의정부,2024,5,2024-05,45,경기도,의정부시,김민성탁구클럽,134,의정부 2024_05.csv,레저스포츠,기타레저스포츠
의정부,2024,5,2024-05,46,경기도,의정부시,허니비풋살파크,130,의정부 2024_05.csv,문화관광,레저스포츠시설
의정부,2024,5,2024-05,46,경기도,의정부시,안골유원지,130,의정부 2024_05.csv,문화관광,복합관광시설
의정부,2024,5,2024-05,48,경기도,의정부시,헬로방방민락점,129,의정부 2024_05.csv,문화관광,테마공원
의정부,2024,5,2024-05,49,경기도,의정부시,경륜경정의정부지점,124,의정부 2024_05.csv,레저스포츠,육상레저스포츠
의정부,2024,5,2024-05,50,경기도,의정부시,아이스토리키즈카페,111,의정부 2024_05.csv,문화관광,테마공원
의정부,2024,5,2024-05,51,경기도,의정부시,타요키즈카페의정부민락점,101,의정부 2024_05.csv,문화관광,테마공원
의정부,2024,5,2024-05,52,경기도,의정부시,역전근린공원,96,의정부 2024_05.csv,문화관광,도시공원
의정부,2024,5,2024-05,53,경기도,의정부시,아로하포레스트,94,의정부 2024_05.csv,문화관광,테마공원
의정부,2024,5,2024-05,53,경기도,의정부시,의정부시리틀야구장,94,의정부 2024_05.csv,문화관광,레저스포츠시설
의정부,2024,5,2024-05,55,경기도,의정부시,현충탑,87,의정부 2024_05.csv,역사관광,역사유물
의정부,2024,5,2024-05,56,경기도,의정부시,장수원배드민턴클럽,86,의정부 2024_05.csv,레저스포츠,기타레저스포츠
의정부,2024,5,2024-05,57,경기도,의정부시,알쏭달쏭키즈드로잉,83,의정부 2024_05.csv,문화관광,테마공원
의정부,2024,5,2024-05,58,경기도,의정부시,백영수미술관,77,의정부 2024_05.csv,문화관광,전시시설
의정부,2024,5,2024-05,58,경기도,의정부시,의정부천문대,77,의정부 2024_05.csv,레저스포츠,기타레저스포츠
의정부,2024,5,2024-05,60,경기도,의정부시,안골계곡,76,의정부 2024_05.csv,자연관광,자연경관(산)
의정부,2024,5,2024-05,61,경기도,의정부시,쌍암사,71,의정부 2024_05.csv,역사관광,종교성지
의정부,2024,5,2024-05,62,경기도,의정부시,태조이성계상,68,의정부 2024_05.csv,기타관광,기타관광
의정부,2024,5,2024-05,63,경기도,의정부시,희망어린이공원,66,의정부 2024_05.csv,문화관광,도시공원
의정부,2024,5,2024-05,63,경기도,의정부시,성불사,66,의정부 2024_05.csv,역사관광,종교성지
의정부,2024,5,2024-05,65,경기도,의정부시,김미미도예공방,64,의정부 2024_05.csv,체험관광,공예체험
의정부,2024,5,2024-05,66,경기도,의정부시,모래야놀자,62,의정부 2024_05.csv,문화관광,테마공원
의정부,2024,5,2024-05,66,경기도,의정부시,샌드케이,62,의정부 2024_05.csv,문화관광,테마공원
의정부,2024,5,2024-05,68,경기도,의정부시,원각사,57,의정부 2024_05.csv,역사관광,종교성지
의정부,2024,5,2024-05,68,경기도,의정부시,우리소극장,57,의정부 2024_05.csv,문화관광,공연시설
의정부,2024,5,2024-05,70,경기도,의정부시,신숙주선생묘,54,의정부 2024_05.csv,역사관광,역사유적지
의정부,2024,5,2024-05,71,경기도,의정부시,곤제근린공원,53,의정부 2024_05.csv,문화관광,도시공원
의정부,2024,5,2024-05,72,경기도,의정부시,꽃동네어린이공원,52,의정부 2024_05.csv,문화관광,도시공원
의정부,2024,5,2024-05,73,경기도,의정부시,대원사,51,의정부 2024_05.csv,역사관광,종교성지
의정부,2024,5,2024-05,73,경기도,의정부시,마린앤키즈,51,의정부 2024_05.csv,문화관광,테마공원
의정부,2024,5,2024-05,75,경기도,의정부시,봉화정사,48,의정부 2024_05.csv,역사관광,종교성지
의정부,2024,5,2024-05,76,경기도,의정부시,백합어린이공원,47,의정부 2024_05.csv,문화관광,도시공원
의정부,2024,5,2024-05,77,경기도,의정부시,푸른마당근린공원,45,의정부 2024_05.csv,문화관광,도시공원
의정부,2024,5,2024-05,78,경기도,의정부시,관음사,43,의정부 2024_05.csv,역사관광,종교성지
의정부,2024,5,2024-05,78,경기도,의정부시,정혜사의정부표포교원,43,의정부 2024_05.csv,역사관광,종교성지
의정부,2024,5,2024-05,80,경기도,의정부시,리드민리듬체조민락본점,42,의정부 2024_05.csv,레저스포츠,기타레저스포츠
의정부,2024,5,2024-05,81,경기도,의정부시,메이드라인,41,의정부 2024_05.csv,레저스포츠,기타레저스포츠
의정부,2024,5,2024-05,81,경기도,의정부시,김병지축구클럽의정부롯데마트점,41,의정부 2024_05.csv,레저스포츠,기타레저스포츠
의정부,2024,5,2024-05,83,경기도,의정부시,상금오어린이공원,40,의정부 2024_05.csv,문화관광,도시공원
의정부,2024,5,2024-05,84,경기도,의정부시,미륵암,39,의정부 2024_05.csv,역사관광,종교성지
의정부,2024,5,2024-05,84,경기도,의정부시,정화사,39,의정부 2024_05.csv,역사관광,종교성지
의정부,2024,5,2024-05,84,경기도,의정부시,윤한미탁구클럽,39,의정부 2024_05.csv,레저스포츠,기타레저스포츠
의정부,2024,5,2024-05,84,경기도,의정부시,스트라이크존의정부민락구장,39,의정부 2024_05.csv,레저스포츠,기타레저스포츠
의정부,2024,5,2024-05,88,경기도,의정부시,토끼어린이공원,38,의정부 2024_05.csv,문화관광,도시공원
의정부,2024,5,2024-05,88,경기도,의정부시,어울놀이패밀리카페,38,의정부 2024_05.csv,문화관광,테마공원
의정부,2024,5,2024-05,90,경기도,의정부시,노강서원,37,의정부 2024_05.csv,역사관광,역사유적지
의정부,2024,5,2024-05,91,경기도,의정부시,어수정어린이공원,36,의정부 2024_05.csv,문화관광,도시공원
의정부,2024,5,2024-05,92,경기도,의정부시,스카이짐유소년스포츠클럽녹양점,34,의정부 2024_05.csv,레저스포츠,기타레저스포츠
의정부,2024,5,2024-05,92,경기도,의정부시,꿀잼키즈룸의정부민락점,34,의정부 2024_05.csv,문화관광,테마공원
의정부,2024,5,2024-05,94,경기도,의정부시,벌말어린이공원,32,의정부 2024_05.csv,문화관광,도시공원
의정부,2024,5,2024-05,94,경기도,의정부시,쌍용사,32,의정부 2024_05.csv,역사관광,종교성지
의정부,2024,5,2024-05,94,경기도,의정부시,정수선원,32,의정부 2024_05.csv,역사관광,종교성지
의정부,2024,5,2024-05,97,경기도,의정부시,원효사,31,의정부 2024_05.csv,역사관광,종교성지
의정부,2024,5,2024-05,97,경기도,의정부시,추동웰빙공원,31,의정부 2024_05.csv,문화관광,도시공원
의정부,2024,5,2024-05,99,경기도,의정부시,용현정,29,의정부 2024_05.csv,레저스포츠,육상레저스포츠
의정부,2024,5,2024-05,99,경기도,의정부시,사패산안골통제소방면,29,의정부 2024_05.csv,자연관광,자연경관(산)
의정부,2024,5,2024-05,99,경기도,의정부시,용현사,29,의정부 2024_05.csv,역사관광,종교성지
의정부,2024,5,2024-05,99,경기도,의정부시,수락사,29,의정부 2024_05.csv,역사관광,종교성지
의정부,2024,5,2024-05,99,경기도,의정부시,직동근린공원통나무집,29,의정부 2024_05.csv,레저스포츠,육상레저스포츠
의정부,2024,5,2024-05,104,경기도,의정부시,킹클라이밍,27,의정부 2024_05.csv,레저스포츠,기타레저스포츠
의정부,2024,5,2024-05,105,경기도,의정부시,의정부기억저장소,24,의정부 2024_05.csv,문화관광,전시시설
의정부,2024,5,2024-05,105,경기도,의정부시,와우민턴샵,24,의정부 2024_05.csv,레저스포츠,기타레저스포츠
의정부,2024,5,2024-05,105,경기도,의정부시,의정부아트캠프,24,의정부 2024_05.csv,문화관광,기타문화관광지
의정부,2024,5,2024-05,108,경기도,의정부시,의정부축구센터,23,의정부 2024_05.csv,레저스포츠,기타레저스포츠
의정부,2024,5,2024-05,108,경기도,의정부시,한국산악연수원CAC등산학교,23,의정부 2024_05.csv,레저스포츠,기타레저스포츠
의정부,2024,5,2024-05,110,경기도,의정부시,사패산,22,의정부 2024_05.csv,자연관광,자연경관(산)
의정부,2024,5,2024-05,110,경기도,의정부시,망월사천봉선사탑비,22,의정부 2024_05.csv,역사관광,역사유적지
의정부,2024,5,2024-05,112,경기도,의정부시,우리끼리 키즈카페 스포츠마을의정부민락점,21,의정부 2024_05.csv,문화관광,테마공원
의정부,2024,5,2024-05,112,경기도,의정부시,사계어린이공원,21,의정부 2024_05.csv,문화관광,도시공원
의정부,2024,5,2024-05,112,경기도,의정부시,다리목근린공원,21,의정부 2024_05.csv,문화관광,도시공원
의정부,2024,5,2024-05,115,경기도,의정부시,송산1호수변공원,18,의정부 2024_05.csv,문화관광,도시공원
의정부,2024,5,2024-05,116,경기도,의정부시,영락사,17,의정부 2024_05.csv,역사관광,종교성지
의정부,2024,5,2024-05,116,경기도,의정부시,신곡탁구클럽,17,의정부 2024_05.csv,레저스포츠,기타레저스포츠
의정부,2024,5,2024-05,116,경기도,의정부시,슈퍼키즈스카이방방의정부민락점,17,의정부 2024_05.csv,문화관광,테마공원
의정부,2024,5,2024-05,119,경기도,의정부시,민락리틀야구장,16,의정부 2024_05.csv,문화관광,레저스포츠시설
의정부,2024,5,2024-05,119,경기도,의정부시,석림사계곡,16,의정부 2024_05.csv,자연관광,자연경관(산)
의정부,2024,5,2024-05,119,경기도,의정부시,덕수사,16,의정부 2024_05.csv,역사관광,종교성지
의정부,2024,5,2024-05,122,경기도,의정부시,무지랭이계곡,15,의정부 2024_05.csv,자연관광,자연경관(산)
의정부,2024,5,2024-05,122,경기도,의정부시,의정부망월풋살구장,15,의정부 2024_05.csv,레저스포츠,기타레저스포츠
의정부,2024,5,2024-05,122,경기도,의정부시,덕천사,15,의정부 2024_05.csv,역사관광,종교성지
의정부,2024,5,2024-05,122,경기도,의정부시,의정부음악극축제,15,의정부 2024_05.csv,문화관광,기타문화관광지
의정부,2024,5,2024-05,122,경기도,의정부시,스트라이크존의정부구장,15,의정부 2024_05.csv,레저스포츠,기타레저스포츠
의정부,2024,5,2024-05,122,경기도,의정부시,신원배드민턴클럽,15,의정부 2024_05.csv,레저스포츠,기타레저스포츠
의정부,2024,5,2024-05,128,경기도,의정부시,샤모니클라이밍,14,의정부 2024_05.csv,레저스포츠,기타레저스포츠
의정부,2024,5,2024-05,128,경기도,의정부시,백석천근린공원,14,의정부 2024_05.csv,문화관광,도시공원
의정부,2024,5,2024-05,128,경기도,의정부시,의정부시장,14,의정부 2024_05.csv,쇼핑,시장
의정부,2024,5,2024-05,128,경기도,의정부시,무지랭이약수터,14,의정부 2024_05.csv,자연관광,자연경관(산)
의정부,2024,5,2024-05,132,경기도,의정부시,나리벡시티테마파크건축중(2027년01월 예정),13,의정부 2024_05.csv,문화관광,테마공원
의정부,2024,5,2024-05,133,경기도,의정부시,갤러리평화,12,의정부 2024_05.csv,문화관광,전시시설
의정부,2024,5,2024-05,133,경기도,의정부시,영산법화사,12,의정부 2024_05.csv,역사관광,종교성지
의정부,2024,5,2024-05,135,경기도,의정부시,의정부약수선원목조보살입상,11,의정부 2024_05.csv,역사관광,역사유적지
의정부,2024,5,2024-05,135,경기도,의정부시,롤프렌롤러장,11,의정부 2024_05.csv,레저스포츠,육상레저스포츠
의정부,2024,5,2024-05,137,경기도,의정부시,북한산국립공원원도봉탐방지원센터,10,의정부 2024_05.csv,기타관광,기타관광
의정부,2024,5,2024-05,137,경기도,의정부시,레벨업탁구클럽,10,의정부 2024_05.csv,레저스포츠,기타레저스포츠
의정부,2024,5,2024-05,139,경기도,의정부시,중앙문화공원,9,의정부 2024_05.csv,문화관광,도시공원
의정부,2024,5,2024-05,139,경기도,의정부시,자은선원,9,의정부 2024_05.csv,역사관광,종교성지
의정부,2024,5,2024-05,139,경기도,의정부시,동심어린이공원,9,의정부 2024_05.csv,문화관광,도시공원
의정부,2024,5,2024-05,139,경기도,의정부시,공고개어린이공원,9,의정부 2024_05.csv,문화관광,도시공원
의정부,2024,5,2024-05,139,경기도,의정부시,효자어린이공원,9,의정부 2024_05.csv,문화관광,도시공원
의정부,2024,5,2024-05,139,경기도,의정부시,승지어린이공원,9,의정부 2024_05.csv,문화관광,도시공원
의정부,2024,5,2024-05,139,경기도,의정부시,심원사,9,의정부 2024_05.csv,역사관광,종교성지
의정부,2024,5,2024-05,146,경기도,의정부시,왕바우근린공원,8,의정부 2024_05.csv,문화관광,도시공원
의정부,2024,5,2024-05,146,경기도,의정부시,대각사,8,의정부 2024_05.csv,역사관광,종교성지
의정부,2024,5,2024-05,146,경기도,의정부시,두물터농장,8,의정부 2024_05.csv,체험관광,농/산/어촌체험
의정부,2024,5,2024-05,146,경기도,의정부시,무량사,8,의정부 2024_05.csv,역사관광,종교성지
의정부,2024,5,2024-05,146,경기도,의정부시,홍법사,8,의정부 2024_05.csv,역사관광,종교성지
의정부,2024,5,2024-05,151,경기도,의정부시,회룡문화공원,7,의정부 2024_05.csv,문화관광,도시공원
의정부,2024,5,2024-05,151,경기도,의정부시,쌍암사현대불교,7,의정부 2024_05.csv,역사관광,종교성지
의정부,2024,5,2024-05,151,경기도,의정부시,슈가복싱회룡점,7,의정부 2024_05.csv,레저스포츠,기타레저스포츠
의정부,2024,5,2024-05,151,경기도,의정부시,투앤디수영장,7,의정부 2024_05.csv,문화관광,테마공원
의정부,2024,5,2024-05,151,경기도,의정부시,산군무에타이킥복싱체육관,7,의정부 2024_05.csv,레저스포츠,기타레저스포츠
의정부,2024,5,2024-05,156,경기도,의정부시,드림탁구클럽,6,의정부 2024_05.csv,레저스포츠,기타레저스포츠
의정부,2024,5,2024-05,156,경기도,의정부시,드래곤트릭킹짐,6,의정부 2024_05.csv,레저스포츠,기타레저스포츠
의정부,2024,5,2024-05,156,경기도,의정부시,슈가복싱의정부점,6,의정부 2024_05.csv,레저스포츠,기타레저스포츠
의정부,2024,5,2024-05,156,경기도,의정부시,토동이다육,6,의정부 2024_05.csv,체험관광,농/산/어촌체험
의정부,2024,5,2024-05,156,경기도,의정부시,의정부회룡사오층석탑,6,의정부 2024_05.csv,역사관광,역사유적지
의정부,2024,5,2024-05,156,경기도,의정부시,덕수사,6,의정부 2024_05.csv,역사관광,종교성지
의정부,2024,5,2024-05,156,경기도,의정부시,정문부장군묘,6,의정부 2024_05.csv,역사관광,역사유적지
의정부,2024,5,2024-05,156,경기도,의정부시,오목문화근린공원,6,의정부 2024_05.csv,문화관광,도시공원
의정부,2024,5,2024-05,156,경기도,의정부시,리얼야구존의정부점,6,의정부 2024_05.csv,레저스포츠,기타레저스포츠
의정부,2024,5,2024-05,156,경기도,의정부시,용화사,6,의정부 2024_05.csv,역사관광,종교성지
의정부,2024,5,2024-05,166,경기도,의정부시,약수배드민턴클럽,5,의정부 2024_05.csv,레저스포츠,기타레저스포츠
의정부,2024,5,2024-05,167,경기도,의정부시,미가사,4,의정부 2024_05.csv,역사관광,종교성지
의정부,2024,5,2024-05,167,경기도,의정부시,리틀베이비,4,의정부 2024_05.csv,문화관광,테마공원
의정부,2024,5,2024-05,167,경기도,의정부시,동그라미탁구교실,4,의정부 2024_05.csv,레저스포츠,기타레저스포츠
의정부,2024,5,2024-05,167,경기도,의정부시,미륵사,4,의정부 2024_05.csv,역사관광,종교성지
의정부,2024,5,2024-05,167,경기도,의정부시,색동어린이공원,4,의정부 2024_05.csv,문화관광,도시공원
의정부,2024,5,2024-05,167,경기도,의정부시,청사초롱근린공원,4,의정부 2024_05.csv,문화관광,도시공원
의정부,2024,5,2024-05,167,경기도,의정부시,중랑천어린이공원,4,의정부 2024_05.csv,문화관광,도시공원
의정부,2024,5,2024-05,167,경기도,의정부시,꿈어린이공원,4,의정부 2024_05.csv,문화관광,도시공원
의정부,2024,5,2024-05,167,경기도,의정부시,자비정사,4,의정부 2024_05.csv,역사관광,종교성지
의정부,2024,5,2024-05,167,경기도,의정부시,상원사,4,의정부 2024_05.csv,역사관광,종교성지
의정부,2024,5,2024-05,167,경기도,의정부시,원심사,4,의정부 2024_05.csv,역사관광,종교성지
의정부,2024,5,2024-05,178,경기도,의정부시,캠프라과디아체육공원,3,의정부 2024_05.csv,문화관광,도시공원
의정부,2024,5,2024-05,178,경기도,의정부시,승지원트레이닝센터,3,의정부 2024_05.csv,레저스포츠,기타레저스포츠
의정부,2024,5,2024-05,178,경기도,의정부시,아름다워짐,3,의정부 2024_05.csv,레저스포츠,기타레저스포츠
의정부,2024,5,2024-05,178,경기도,의정부시,이성숙탁구클럽,3,의정부 2024_05.csv,레저스포츠,기타레저스포츠
의정부,2024,5,2024-05,178,경기도,의정부시,오월솝,3,의정부 2024_05.csv,체험관광,공예체험
의정부,2024,5,2024-05,178,경기도,의정부시,솔향어린이공원,3,의정부 2024_05.csv,문화관광,도시공원
의정부,2024,5,2024-05,178,경기도,의정부시,예술공간휴서사,3,의정부 2024_05.csv,문화관광,공연시설
의정부,2024,5,2024-05,178,경기도,의정부시,원오선원,3,의정부 2024_05.csv,역사관광,종교성지
의정부,2024,5,2024-05,178,경기도,의정부시,문화어린이공원,3,의정부 2024_05.csv,문화관광,도시공원
의정부,2024,5,2024-05,178,경기도,의정부시,신곡어린이공원,3,의정부 2024_05.csv,문화관광,도시공원
의정부,2024,5,2024-05,178,경기도,의정부시,바랑골어린이공원,3,의정부 2024_05.csv,문화관광,도시공원
의정부,2024,5,2024-05,178,경기도,의정부시,중앙어린이공원,3,의정부 2024_05.csv,문화관광,도시공원
의정부,2024,5,2024-05,178,경기도,의정부시,범골어린이공원,3,의정부 2024_05.csv,문화관광,도시공원
의정부,2024,5,2024-05,178,경기도,의정부시,소망어린이공원,3,의정부 2024_05.csv,문화관광,도시공원
의정부,2024,5,2024-05,178,경기도,의정부시,하금오어린이공원,3,의정부 2024_05.csv,문화관광,도시공원
의정부,2024,5,2024-05,178,경기도,의정부시,공룡어린이공원,3,의정부 2024_05.csv,문화관광,도시공원
의정부,2024,5,2024-05,178,경기도,의정부시,장암발곡근린공원,3,의정부 2024_05.csv,문화관광,도시공원
의정부,2024,5,2024-05,178,경기도,의정부시,평화어린이공원,3,의정부 2024_05.csv,문화관광,도시공원
의정부,2024,5,2024-05,178,경기도,의정부시,학송사,3,의정부 2024_05.csv,역사관광,종교성지
의정부,2024,5,2024-05,178,경기도,의정부시,현대탁구클럽,3,의정부 2024_05.csv,레저스포츠,기타레저스포츠
의정부,2024,5,2024-05,178,경기도,의정부시,무지랭이약수터,3,의정부 2024_05.csv,자연관광,자연경관(산)
의정부,2024,5,2024-05,178,경기도,의정부시,호암검도관,3,의정부 2024_05.csv,레저스포츠,기타레저스포츠
의정부,2024,5,2024-05,178,경기도,의정부시,홍연경민현대미술관,3,의정부 2024_05.csv,문화관광,전시시설
의정부,2024,5,2024-05,178,경기도,의정부시,그랑프리탁구클럽,3,의정부 2024_05.csv,레저스포츠,기타레저스포츠
의정부,2024,5,2024-05,178,경기도,의정부시,의정부예술의전당소극장,3,의정부 2024_05.csv,문화관광,공연시설
의정부,2024,5,2024-05,178,경기도,의정부시,천보사,3,의정부 2024_05.csv,역사관광,종교성지
의정부,2024,5,2024-05,178,경기도,의정부시,여래사,3,의정부 2024_05.csv,역사관광,종교성지
의정부,2024,5,2024-05,178,경기도,의정부시,복싱히어로의정부금오점,3,의정부 2024_05.csv,레저스포츠,기타레저스포츠
의정부,2024,5,2024-05,178,경기도,의정부시,낙양검도관,3,의정부 2024_05.csv,레저스포츠,기타레저스포츠
의정부,2024,5,2024-05,178,경기도,의정부시,귀락문화공원,3,의정부 2024_05.csv,문화관광,도시공원
의정부,2024,5,2024-05,178,경기도,의정부시,고산꽃농원,3,의정부 2024_05.csv,체험관광,농/산/어촌체험
의정부,2024,6,2024-06,1,경기도,의정부시,신세계백화점의정부점,22534,의정부 2024_06.csv,쇼핑,백화점
의정부,2024,6,2024-06,2,경기도,의정부시,의정부제일시장,7941,의정부 2024_06.csv,쇼핑,시장
의정부,2024,6,2024-06,3,경기도,의정부시,의정부버스터미널,4193,의정부 2024_06.csv,기타관광,교통시설
의정부,2024,6,2024-06,4,경기도,의정부시,의정부예술의전당,3497,의정부 2024_06.csv,문화관광,공연시설
의정부,2024,6,2024-06,5,경기도,의정부시,롯데시네마의정부민락,2177,의정부 2024_06.csv,문화관광,공연시설
의정부,2024,6,2024-06,6,경기도,의정부시,메가박스의정부민락,1941,의정부 2024_06.csv,문화관광,공연시설
의정부,2024,6,2024-06,7,경기도,의정부시,CGV의정부태흥,1796,의정부 2024_06.csv,문화관광,공연시설
의정부,2024,6,2024-06,8,경기도,의정부시,의정부실내빙상장,1630,의정부 2024_06.csv,레저스포츠,육상레저스포츠
의정부,2024,6,2024-06,9,경기도,의정부시,CGV의정부,1107,의정부 2024_06.csv,문화관광,공연시설
의정부,2024,6,2024-06,10,경기도,의정부시,직동근린공원,1033,의정부 2024_06.csv,문화관광,도시공원
의정부,2024,6,2024-06,11,경기도,의정부시,신곡실내배드민턴장,952,의정부 2024_06.csv,레저스포츠,기타레저스포츠
의정부,2024,6,2024-06,12,경기도,의정부시,낙양물사랑공원,899,의정부 2024_06.csv,문화관광,도시공원
의정부,2024,6,2024-06,13,경기도,의정부시,송산배수지체육시설,806,의정부 2024_06.csv,문화관광,도시공원
의정부,2024,6,2024-06,14,경기도,의정부시,의정부시청소년수련관,721,의정부 2024_06.csv,레저스포츠,육상레저스포츠
의정부,2024,6,2024-06,15,경기도,의정부시,점핑몬스터의정부점,691,의정부 2024_06.csv,문화관광,테마공원
의정부,2024,6,2024-06,16,경기도,의정부시,태영프라자,643,의정부 2024_06.csv,쇼핑,쇼핑몰
의정부,2024,6,2024-06,17,경기도,의정부시,렛츠런CCC의정부지점,454,의정부 2024_06.csv,레저스포츠,육상레저스포츠
의정부,2024,6,2024-06,18,경기도,의정부시,송산사지근린공원,451,의정부 2024_06.csv,문화관광,도시공원
의정부,2024,6,2024-06,19,경기도,의정부시,와글아이의정부점,387,의정부 2024_06.csv,문화관광,테마공원
의정부,2024,6,2024-06,20,경기도,의정부시,고고다이노키즈카페민락점,364,의정부 2024_06.csv,문화관광,테마공원
의정부,2024,6,2024-06,21,경기도,의정부시,석림사,329,의정부 2024_06.csv,역사관광,종교성지
의정부,2024,6,2024-06,22,경기도,의정부시,서울승마클럽,313,의정부 2024_06.csv,레저스포츠,육상레저스포츠
의정부,2024,6,2024-06,23,경기도,의정부시,의정부예술의전당대극장,308,의정부 2024_06.csv,문화관광,공연시설
의정부,2024,6,2024-06,24,경기도,의정부시,활기체육공원,307,의정부 2024_06.csv,문화관광,도시공원
의정부,2024,6,2024-06,25,경기도,의정부시,녹양야구장,279,의정부 2024_06.csv,문화관광,레저스포츠시설
의정부,2024,6,2024-06,26,경기도,의정부시,자일산림욕장,278,의정부 2024_06.csv,자연관광,자연공원
의정부,2024,6,2024-06,27,경기도,의정부시,직동축구장,271,의정부 2024_06.csv,문화관광,레저스포츠시설
의정부,2024,6,2024-06,28,경기도,의정부시,히어로키즈파크의정부지점,264,의정부 2024_06.csv,문화관광,테마공원
의정부,2024,6,2024-06,29,경기도,의정부시,회룡사,256,의정부 2024_06.csv,역사관광,종교성지
의정부,2024,6,2024-06,30,경기도,의정부시,점프스카이민락점,249,의정부 2024_06.csv,문화관광,테마공원
의정부,2024,6,2024-06,31,경기도,의정부시,루나루즈키즈카페,217,의정부 2024_06.csv,문화관광,테마공원
의정부,2024,6,2024-06,32,경기도,의정부시,천보탁구장,199,의정부 2024_06.csv,레저스포츠,기타레저스포츠
의정부,2024,6,2024-06,33,경기도,의정부시,자일낚시터,197,의정부 2024_06.csv,레저스포츠,수상레저스포츠
의정부,2024,6,2024-06,34,경기도,의정부시,아이스토리키즈카페,192,의정부 2024_06.csv,문화관광,테마공원
의정부,2024,6,2024-06,35,경기도,의정부시,투앤디수영장,188,의정부 2024_06.csv,문화관광,테마공원
의정부,2024,6,2024-06,35,경기도,의정부시,추동배드민턴장,188,의정부 2024_06.csv,레저스포츠,기타레저스포츠
의정부,2024,6,2024-06,37,경기도,의정부시,고고롤러스케이트장,176,의정부 2024_06.csv,레저스포츠,육상레저스포츠
의정부,2024,6,2024-06,38,경기도,의정부시,현충탑,171,의정부 2024_06.csv,역사관광,역사유물
의정부,2024,6,2024-06,39,경기도,의정부시,의정부가구거리,170,의정부 2024_06.csv,쇼핑,기타쇼핑시설
의정부,2024,6,2024-06,40,경기도,의정부시,장암파크골프장,163,의정부 2024_06.csv,레저스포츠,육상레저스포츠
의정부,2024,6,2024-06,41,경기도,의정부시,곤제구장,159,의정부 2024_06.csv,문화관광,레저스포츠시설
의정부,2024,6,2024-06,42,경기도,의정부시,의정부청과야채시장,157,의정부 2024_06.csv,쇼핑,시장
의정부,2024,6,2024-06,43,경기도,의정부시,북한산국립공원회룡탐방지원센터,149,의정부 2024_06.csv,기타관광,기타관광
의정부,2024,6,2024-06,44,경기도,의정부시,큐리키즈카페의정부점,147,의정부 2024_06.csv,문화관광,테마공원
의정부,2024,6,2024-06,45,경기도,의정부시,안골유원지,145,의정부 2024_06.csv,문화관광,복합관광시설
의정부,2024,6,2024-06,46,경기도,의정부시,망월사,140,의정부 2024_06.csv,역사관광,종교성지
의정부,2024,6,2024-06,47,경기도,의정부시,허니비풋살파크,133,의정부 2024_06.csv,문화관광,레저스포츠시설
의정부,2024,6,2024-06,48,경기도,의정부시,김민성탁구클럽,130,의정부 2024_06.csv,레저스포츠,기타레저스포츠
의정부,2024,6,2024-06,49,경기도,의정부시,경륜경정의정부지점,128,의정부 2024_06.csv,레저스포츠,육상레저스포츠
의정부,2024,6,2024-06,50,경기도,의정부시,서영빌딩서관,122,의정부 2024_06.csv,문화관광,기타문화관광지
의정부,2024,6,2024-06,51,경기도,의정부시,안골계곡,117,의정부 2024_06.csv,자연관광,자연경관(산)
의정부,2024,6,2024-06,51,경기도,의정부시,헬로방방민락점,117,의정부 2024_06.csv,문화관광,테마공원
의정부,2024,6,2024-06,53,경기도,의정부시,아로하포레스트,108,의정부 2024_06.csv,문화관광,테마공원
의정부,2024,6,2024-06,53,경기도,의정부시,호암사,108,의정부 2024_06.csv,역사관광,종교성지
의정부,2024,6,2024-06,55,경기도,의정부시,타요키즈카페의정부민락점,103,의정부 2024_06.csv,문화관광,테마공원
의정부,2024,6,2024-06,55,경기도,의정부시,김병지축구클럽의정부롯데마트점,103,의정부 2024_06.csv,레저스포츠,기타레저스포츠
의정부,2024,6,2024-06,57,경기도,의정부시,태조이성계상,100,의정부 2024_06.csv,기타관광,기타관광
의정부,2024,6,2024-06,58,경기도,의정부시,알쏭달쏭키즈드로잉,69,의정부 2024_06.csv,문화관광,테마공원
의정부,2024,6,2024-06,58,경기도,의정부시,모래야놀자,69,의정부 2024_06.csv,문화관광,테마공원
의정부,2024,6,2024-06,60,경기도,의정부시,장수원배드민턴클럽,67,의정부 2024_06.csv,레저스포츠,기타레저스포츠
의정부,2024,6,2024-06,60,경기도,의정부시,의정부시리틀야구장,67,의정부 2024_06.csv,문화관광,레저스포츠시설
의정부,2024,6,2024-06,62,경기도,의정부시,푸른마당근린공원,66,의정부 2024_06.csv,문화관광,도시공원
의정부,2024,6,2024-06,63,경기도,의정부시,노강서원,65,의정부 2024_06.csv,역사관광,역사유적지
의정부,2024,6,2024-06,64,경기도,의정부시,곤제근린공원,62,의정부 2024_06.csv,문화관광,도시공원
의정부,2024,6,2024-06,65,경기도,의정부시,스카이짐유소년스포츠클럽녹양점,59,의정부 2024_06.csv,레저스포츠,기타레저스포츠
의정부,2024,6,2024-06,65,경기도,의정부시,백영수미술관,59,의정부 2024_06.csv,문화관광,전시시설
의정부,2024,6,2024-06,67,경기도,의정부시,희망어린이공원,57,의정부 2024_06.csv,문화관광,도시공원
의정부,2024,6,2024-06,68,경기도,의정부시,추동웰빙공원,55,의정부 2024_06.csv,문화관광,도시공원
의정부,2024,6,2024-06,69,경기도,의정부시,슈가복싱회룡점,54,의정부 2024_06.csv,레저스포츠,기타레저스포츠
의정부,2024,6,2024-06,70,경기도,의정부시,쌍암사,53,의정부 2024_06.csv,역사관광,종교성지
의정부,2024,6,2024-06,71,경기도,의정부시,신숙주선생묘,52,의정부 2024_06.csv,역사관광,역사유적지
의정부,2024,6,2024-06,71,경기도,의정부시,어수정어린이공원,52,의정부 2024_06.csv,문화관광,도시공원
의정부,2024,6,2024-06,73,경기도,의정부시,샌드케이,51,의정부 2024_06.csv,문화관광,테마공원
의정부,2024,6,2024-06,74,경기도,의정부시,메이드라인,46,의정부 2024_06.csv,레저스포츠,기타레저스포츠
의정부,2024,6,2024-06,75,경기도,의정부시,우리소극장,45,의정부 2024_06.csv,문화관광,공연시설
의정부,2024,6,2024-06,76,경기도,의정부시,송산레포츠,42,의정부 2024_06.csv,문화관광,테마공원
의정부,2024,6,2024-06,76,경기도,의정부시,역전근린공원,42,의정부 2024_06.csv,문화관광,도시공원
의정부,2024,6,2024-06,76,경기도,의정부시,김미미도예공방,42,의정부 2024_06.csv,체험관광,공예체험
의정부,2024,6,2024-06,79,경기도,의정부시,마린앤키즈,41,의정부 2024_06.csv,문화관광,테마공원
의정부,2024,6,2024-06,79,경기도,의정부시,의정부천문대,41,의정부 2024_06.csv,레저스포츠,기타레저스포츠
의정부,2024,6,2024-06,81,경기도,의정부시,꿀잼키즈룸의정부민락점,40,의정부 2024_06.csv,문화관광,테마공원
의정부,2024,6,2024-06,81,경기도,의정부시,스트라이크존의정부민락구장,40,의정부 2024_06.csv,레저스포츠,기타레저스포츠
의정부,2024,6,2024-06,83,경기도,의정부시,민락리틀야구장,39,의정부 2024_06.csv,문화관광,레저스포츠시설
의정부,2024,6,2024-06,83,경기도,의정부시,킹클라이밍,39,의정부 2024_06.csv,레저스포츠,기타레저스포츠
의정부,2024,6,2024-06,85,경기도,의정부시,신곡탁구클럽,36,의정부 2024_06.csv,레저스포츠,기타레저스포츠
의정부,2024,6,2024-06,86,경기도,의정부시,직동근린공원통나무집,35,의정부 2024_06.csv,레저스포츠,육상레저스포츠
의정부,2024,6,2024-06,86,경기도,의정부시,윤한미탁구클럽,35,의정부 2024_06.csv,레저스포츠,기타레저스포츠
의정부,2024,6,2024-06,88,경기도,의정부시,의정부지구전투기념비,34,의정부 2024_06.csv,역사관광,역사유물
의정부,2024,6,2024-06,88,경기도,의정부시,성불사,34,의정부 2024_06.csv,역사관광,종교성지
의정부,2024,6,2024-06,90,경기도,의정부시,토끼어린이공원,33,의정부 2024_06.csv,문화관광,도시공원
의정부,2024,6,2024-06,90,경기도,의정부시,석림사계곡,33,의정부 2024_06.csv,자연관광,자연경관(산)
의정부,2024,6,2024-06,92,경기도,의정부시,의정부축구센터,31,의정부 2024_06.csv,레저스포츠,기타레저스포츠
의정부,2024,6,2024-06,93,경기도,의정부시,봉화정사,30,의정부 2024_06.csv,역사관광,종교성지
의정부,2024,6,2024-06,93,경기도,의정부시,꽃동네어린이공원,30,의정부 2024_06.csv,문화관광,도시공원
의정부,2024,6,2024-06,95,경기도,의정부시,무지랭이계곡,29,의정부 2024_06.csv,자연관광,자연경관(산)
의정부,2024,6,2024-06,95,경기도,의정부시,리드민리듬체조민락본점,29,의정부 2024_06.csv,레저스포츠,기타레저스포츠
의정부,2024,6,2024-06,97,경기도,의정부시,용현정,28,의정부 2024_06.csv,레저스포츠,육상레저스포츠
의정부,2024,6,2024-06,98,경기도,의정부시,벌말어린이공원,27,의정부 2024_06.csv,문화관광,도시공원
의정부,2024,6,2024-06,98,경기도,의정부시,들꽃마을,27,의정부 2024_06.csv,문화관광,테마공원
의정부,2024,6,2024-06,100,경기도,의정부시,쌍용사,24,의정부 2024_06.csv,역사관광,종교성지
의정부,2024,6,2024-06,101,경기도,의정부시,원각사,23,의정부 2024_06.csv,역사관광,종교성지
의정부,2024,6,2024-06,102,경기도,의정부시,다리목근린공원,22,의정부 2024_06.csv,문화관광,도시공원
의정부,2024,6,2024-06,103,경기도,의정부시,문화어린이공원,20,의정부 2024_06.csv,문화관광,도시공원
의정부,2024,6,2024-06,103,경기도,의정부시,롤프렌롤러장,20,의정부 2024_06.csv,레저스포츠,육상레저스포츠
의정부,2024,6,2024-06,105,경기도,의정부시,북한산국립공원원도봉탐방지원센터,19,의정부 2024_06.csv,기타관광,기타관광
의정부,2024,6,2024-06,105,경기도,의정부시,상금오어린이공원,19,의정부 2024_06.csv,문화관광,도시공원
의정부,2024,6,2024-06,105,경기도,의정부시,홍연경민현대미술관,19,의정부 2024_06.csv,문화관광,전시시설
의정부,2024,6,2024-06,108,경기도,의정부시,거문돌계곡,18,의정부 2024_06.csv,자연관광,자연경관(산)
의정부,2024,6,2024-06,108,경기도,의정부시,정하영탁구클럽,18,의정부 2024_06.csv,레저스포츠,기타레저스포츠
의정부,2024,6,2024-06,110,경기도,의정부시,공고개어린이공원,17,의정부 2024_06.csv,문화관광,도시공원
의정부,2024,6,2024-06,111,경기도,의정부시,소망어린이공원,16,의정부 2024_06.csv,문화관광,도시공원
의정부,2024,6,2024-06,111,경기도,의정부시,리얼야구존의정부점,16,의정부 2024_06.csv,레저스포츠,기타레저스포츠
의정부,2024,6,2024-06,111,경기도,의정부시,레벨업탁구클럽,16,의정부 2024_06.csv,레저스포츠,기타레저스포츠
의정부,2024,6,2024-06,114,경기도,의정부시,망월사천봉선사탑비,15,의정부 2024_06.csv,역사관광,역사유적지
의정부,2024,6,2024-06,114,경기도,의정부시,슈퍼키즈스카이방방의정부민락점,15,의정부 2024_06.csv,문화관광,테마공원
의정부,2024,6,2024-06,116,경기도,의정부시,송산1호수변공원,14,의정부 2024_06.csv,문화관광,도시공원
의정부,2024,6,2024-06,116,경기도,의정부시,추동웰빙공원물놀이장,14,의정부 2024_06.csv,문화관광,테마공원
의정부,2024,6,2024-06,118,경기도,의정부시,의정부기억저장소,13,의정부 2024_06.csv,문화관광,전시시설
의정부,2024,6,2024-06,118,경기도,의정부시,어울놀이패밀리카페,13,의정부 2024_06.csv,문화관광,테마공원
의정부,2024,6,2024-06,120,경기도,의정부시,드래곤트릭킹짐,12,의정부 2024_06.csv,레저스포츠,기타레저스포츠
의정부,2024,6,2024-06,120,경기도,의정부시,중앙문화공원,12,의정부 2024_06.csv,문화관광,도시공원
의정부,2024,6,2024-06,120,경기도,의정부시,장암발곡근린공원,12,의정부 2024_06.csv,문화관광,도시공원
의정부,2024,6,2024-06,120,경기도,의정부시,로데오거리상점가,12,의정부 2024_06.csv,쇼핑,시장
의정부,2024,6,2024-06,120,경기도,의정부시,두물터농장,12,의정부 2024_06.csv,체험관광,농/산/어촌체험
의정부,2024,6,2024-06,120,경기도,의정부시,의정부예술의전당소극장,12,의정부 2024_06.csv,문화관광,공연시설
의정부,2024,6,2024-06,126,경기도,의정부시,갤러리평화,11,의정부 2024_06.csv,문화관광,전시시설
의정부,2024,6,2024-06,126,경기도,의정부시,이성숙탁구클럽,11,의정부 2024_06.csv,레저스포츠,기타레저스포츠
의정부,2024,6,2024-06,126,경기도,의정부시,우리끼리 키즈카페 스포츠마을의정부민락점,11,의정부 2024_06.csv,문화관광,테마공원
의정부,2024,6,2024-06,129,경기도,의정부시,드림탁구클럽,10,의정부 2024_06.csv,레저스포츠,기타레저스포츠
의정부,2024,6,2024-06,129,경기도,의정부시,미가사,10,의정부 2024_06.csv,역사관광,종교성지
의정부,2024,6,2024-06,129,경기도,의정부시,직동수련원,10,의정부 2024_06.csv,레저스포츠,육상레저스포츠
의정부,2024,6,2024-06,129,경기도,의정부시,무량사,10,의정부 2024_06.csv,역사관광,종교성지
의정부,2024,6,2024-06,129,경기도,의정부시,와우민턴샵,10,의정부 2024_06.csv,레저스포츠,기타레저스포츠
의정부,2024,6,2024-06,134,경기도,의정부시,나리벡시티테마파크건축중(2027년01월 예정),9,의정부 2024_06.csv,문화관광,테마공원
의정부,2024,6,2024-06,134,경기도,의정부시,회룡탁구,9,의정부 2024_06.csv,레저스포츠,기타레저스포츠
의정부,2024,6,2024-06,134,경기도,의정부시,사패산,9,의정부 2024_06.csv,자연관광,자연경관(산)
의정부,2024,6,2024-06,134,경기도,의정부시,승지어린이공원,9,의정부 2024_06.csv,문화관광,도시공원
의정부,2024,6,2024-06,134,경기도,의정부시,백석천근린공원,9,의정부 2024_06.csv,문화관광,도시공원
의정부,2024,6,2024-06,134,경기도,의정부시,정화사,9,의정부 2024_06.csv,역사관광,종교성지
의정부,2024,6,2024-06,140,경기도,의정부시,사패산안골통제소방면,8,의정부 2024_06.csv,자연관광,자연경관(산)
의정부,2024,6,2024-06,140,경기도,의정부시,미륵암,8,의정부 2024_06.csv,역사관광,종교성지
의정부,2024,6,2024-06,140,경기도,의정부시,정혜사의정부표포교원,8,의정부 2024_06.csv,역사관광,종교성지
의정부,2024,6,2024-06,140,경기도,의정부시,추동공원,8,의정부 2024_06.csv,문화관광,도시공원
의정부,2024,6,2024-06,144,경기도,의정부시,의정부망월풋살구장,7,의정부 2024_06.csv,레저스포츠,기타레저스포츠
의정부,2024,6,2024-06,144,경기도,의정부시,정문부장군묘,7,의정부 2024_06.csv,역사관광,역사유적지
의정부,2024,6,2024-06,144,경기도,의정부시,동심어린이공원,7,의정부 2024_06.csv,문화관광,도시공원
의정부,2024,6,2024-06,144,경기도,의정부시,덕수사,7,의정부 2024_06.csv,역사관광,종교성지
의정부,2024,6,2024-06,148,경기도,의정부시,버들개야구장,6,의정부 2024_06.csv,문화관광,레저스포츠시설
의정부,2024,6,2024-06,148,경기도,의정부시,약수배드민턴클럽,6,의정부 2024_06.csv,레저스포츠,기타레저스포츠
의정부,2024,6,2024-06,148,경기도,의정부시,동그라미탁구교실,6,의정부 2024_06.csv,레저스포츠,기타레저스포츠
의정부,2024,6,2024-06,148,경기도,의정부시,슈가복싱의정부점,6,의정부 2024_06.csv,레저스포츠,기타레저스포츠
의정부,2024,6,2024-06,148,경기도,의정부시,백합어린이공원,6,의정부 2024_06.csv,문화관광,도시공원
의정부,2024,6,2024-06,148,경기도,의정부시,하금오어린이공원,6,의정부 2024_06.csv,문화관광,도시공원
의정부,2024,6,2024-06,148,경기도,의정부시,오목문화근린공원,6,의정부 2024_06.csv,문화관광,도시공원
의정부,2024,6,2024-06,148,경기도,의정부시,의정부시장,6,의정부 2024_06.csv,쇼핑,시장
의정부,2024,6,2024-06,148,경기도,의정부시,영산법화사,6,의정부 2024_06.csv,역사관광,종교성지
의정부,2024,6,2024-06,148,경기도,의정부시,무지랭이약수터,6,의정부 2024_06.csv,자연관광,자연경관(산)
의정부,2024,6,2024-06,148,경기도,의정부시,산군무에타이킥복싱체육관,6,의정부 2024_06.csv,레저스포츠,기타레저스포츠
의정부,2024,6,2024-06,148,경기도,의정부시,잎새어린이공원,6,의정부 2024_06.csv,문화관광,도시공원
의정부,2024,6,2024-06,148,경기도,의정부시,여래사,6,의정부 2024_06.csv,역사관광,종교성지
의정부,2024,6,2024-06,148,경기도,의정부시,스트라이크존의정부구장,6,의정부 2024_06.csv,레저스포츠,기타레저스포츠
의정부,2024,6,2024-06,148,경기도,의정부시,정수선원,6,의정부 2024_06.csv,역사관광,종교성지
의정부,2024,6,2024-06,148,경기도,의정부시,귀락문화공원,6,의정부 2024_06.csv,문화관광,도시공원
의정부,2024,6,2024-06,164,경기도,의정부시,왕바우근린공원,5,의정부 2024_06.csv,문화관광,도시공원
의정부,2024,6,2024-06,164,경기도,의정부시,천보산,5,의정부 2024_06.csv,자연관광,자연경관(산)
의정부,2024,6,2024-06,166,경기도,의정부시,쌍암사현대불교,4,의정부 2024_06.csv,역사관광,종교성지
의정부,2024,6,2024-06,166,경기도,의정부시,그린달스튜디오,4,의정부 2024_06.csv,체험관광,공예체험
의정부,2024,6,2024-06,166,경기도,의정부시,의정부행복나눔목공소,4,의정부 2024_06.csv,체험관광,공예체험
의정부,2024,6,2024-06,166,경기도,의정부시,원효사,4,의정부 2024_06.csv,역사관광,종교성지
의정부,2024,6,2024-06,166,경기도,의정부시,학송사,4,의정부 2024_06.csv,역사관광,종교성지
의정부,2024,6,2024-06,166,경기도,의정부시,평화사,4,의정부 2024_06.csv,역사관광,종교성지
의정부,2024,6,2024-06,166,경기도,의정부시,신효섭탁구장,4,의정부 2024_06.csv,레저스포츠,기타레저스포츠
의정부,2024,6,2024-06,166,경기도,의정부시,낙양검도관,4,의정부 2024_06.csv,레저스포츠,기타레저스포츠
의정부,2024,6,2024-06,174,경기도,의정부시,리틀베이비,3,의정부 2024_06.csv,문화관광,테마공원
의정부,2024,6,2024-06,174,경기도,의정부시,홍짐,3,의정부 2024_06.csv,레저스포츠,기타레저스포츠
의정부,2024,6,2024-06,174,경기도,의정부시,샤모니클라이밍,3,의정부 2024_06.csv,레저스포츠,기타레저스포츠
의정부,2024,6,2024-06,174,경기도,의정부시,의정부삼일운동기념비,3,의정부 2024_06.csv,역사관광,역사유물
의정부,2024,6,2024-06,174,경기도,의정부시,아름다워짐,3,의정부 2024_06.csv,레저스포츠,기타레저스포츠
의정부,2024,6,2024-06,174,경기도,의정부시,토동이다육,3,의정부 2024_06.csv,체험관광,농/산/어촌체험
의정부,2024,6,2024-06,174,경기도,의정부시,관음사,3,의정부 2024_06.csv,역사관광,종교성지
의정부,2024,6,2024-06,174,경기도,의정부시,미륵사,3,의정부 2024_06.csv,역사관광,종교성지
의정부,2024,6,2024-06,174,경기도,의정부시,대원사,3,의정부 2024_06.csv,역사관광,종교성지
의정부,2024,6,2024-06,174,경기도,의정부시,능골어린이공원,3,의정부 2024_06.csv,문화관광,도시공원
의정부,2024,6,2024-06,174,경기도,의정부시,신곡어린이공원,3,의정부 2024_06.csv,문화관광,도시공원
의정부,2024,6,2024-06,174,경기도,의정부시,오동어린이공원,3,의정부 2024_06.csv,문화관광,도시공원
의정부,2024,6,2024-06,174,경기도,의정부시,중앙어린이공원,3,의정부 2024_06.csv,문화관광,도시공원
의정부,2024,6,2024-06,174,경기도,의정부시,홍익문화공원,3,의정부 2024_06.csv,문화관광,도시공원
의정부,2024,6,2024-06,174,경기도,의정부시,범골어린이공원,3,의정부 2024_06.csv,문화관광,도시공원
의정부,2024,6,2024-06,174,경기도,의정부시,선행어린이공원,3,의정부 2024_06.csv,문화관광,도시공원
의정부,2024,6,2024-06,174,경기도,의정부시,평화어린이공원,3,의정부 2024_06.csv,문화관광,도시공원
의정부,2024,6,2024-06,174,경기도,의정부시,중랑천어린이공원,3,의정부 2024_06.csv,문화관광,도시공원
의정부,2024,6,2024-06,174,경기도,의정부시,수락사,3,의정부 2024_06.csv,역사관광,종교성지
의정부,2024,6,2024-06,174,경기도,의정부시,송령꽃농원,3,의정부 2024_06.csv,체험관광,농/산/어촌체험
의정부,2024,6,2024-06,174,경기도,의정부시,삼원유통,3,의정부 2024_06.csv,쇼핑,시장
의정부,2024,6,2024-06,174,경기도,의정부시,용화사,3,의정부 2024_06.csv,역사관광,종교성지
의정부,2024,6,2024-06,174,경기도,의정부시,닥터레드뮤직,3,의정부 2024_06.csv,문화관광,공연시설
의정부,2024,6,2024-06,174,경기도,의정부시,신원배드민턴클럽,3,의정부 2024_06.csv,레저스포츠,기타레저스포츠
의정부,2024,7,2024-07,1,경기도,의정부시,신세계백화점의정부점,22372,의정부 2024_07.csv,쇼핑,백화점
의정부,2024,7,2024-07,2,경기도,의정부시,의정부제일시장,7442,의정부 2024_07.csv,쇼핑,시장
의정부,2024,7,2024-07,3,경기도,의정부시,의정부버스터미널,3818,의정부 2024_07.csv,기타관광,교통시설
의정부,2024,7,2024-07,4,경기도,의정부시,의정부실내빙상장,3010,의정부 2024_07.csv,레저스포츠,육상레저스포츠
의정부,2024,7,2024-07,5,경기도,의정부시,의정부예술의전당,2539,의정부 2024_07.csv,문화관광,공연시설
의정부,2024,7,2024-07,6,경기도,의정부시,롯데시네마의정부민락,2439,의정부 2024_07.csv,문화관광,공연시설
의정부,2024,7,2024-07,7,경기도,의정부시,메가박스의정부민락,2391,의정부 2024_07.csv,문화관광,공연시설
의정부,2024,7,2024-07,8,경기도,의정부시,CGV의정부태흥,1921,의정부 2024_07.csv,문화관광,공연시설
의정부,2024,7,2024-07,9,경기도,의정부시,CGV의정부,1089,의정부 2024_07.csv,문화관광,공연시설
의정부,2024,7,2024-07,10,경기도,의정부시,의정부시청소년수련관,987,의정부 2024_07.csv,레저스포츠,육상레저스포츠
의정부,2024,7,2024-07,11,경기도,의정부시,신곡실내배드민턴장,810,의정부 2024_07.csv,레저스포츠,기타레저스포츠
의정부,2024,7,2024-07,12,경기도,의정부시,태영프라자,774,의정부 2024_07.csv,쇼핑,쇼핑몰
의정부,2024,7,2024-07,13,경기도,의정부시,낙양물사랑공원,749,의정부 2024_07.csv,문화관광,도시공원
의정부,2024,7,2024-07,14,경기도,의정부시,송산배수지체육시설,721,의정부 2024_07.csv,문화관광,도시공원
의정부,2024,7,2024-07,15,경기도,의정부시,직동근린공원,706,의정부 2024_07.csv,문화관광,도시공원
의정부,2024,7,2024-07,16,경기도,의정부시,점핑몬스터의정부점,665,의정부 2024_07.csv,문화관광,테마공원
의정부,2024,7,2024-07,17,경기도,의정부시,렛츠런CCC의정부지점,465,의정부 2024_07.csv,레저스포츠,육상레저스포츠
의정부,2024,7,2024-07,18,경기도,의정부시,와글아이의정부점,410,의정부 2024_07.csv,문화관광,테마공원
의정부,2024,7,2024-07,19,경기도,의정부시,고고다이노키즈카페민락점,397,의정부 2024_07.csv,문화관광,테마공원
의정부,2024,7,2024-07,20,경기도,의정부시,점프스카이민락점,312,의정부 2024_07.csv,문화관광,테마공원
의정부,2024,7,2024-07,21,경기도,의정부시,투앤디수영장,272,의정부 2024_07.csv,문화관광,테마공원
의정부,2024,7,2024-07,22,경기도,의정부시,활기체육공원,271,의정부 2024_07.csv,문화관광,도시공원
의정부,2024,7,2024-07,23,경기도,의정부시,서울승마클럽,261,의정부 2024_07.csv,레저스포츠,육상레저스포츠
의정부,2024,7,2024-07,24,경기도,의정부시,천보탁구장,256,의정부 2024_07.csv,레저스포츠,기타레저스포츠
의정부,2024,7,2024-07,25,경기도,의정부시,석림사,252,의정부 2024_07.csv,역사관광,종교성지
의정부,2024,7,2024-07,26,경기도,의정부시,히어로키즈파크의정부지점,241,의정부 2024_07.csv,문화관광,테마공원
의정부,2024,7,2024-07,27,경기도,의정부시,녹양야구장,223,의정부 2024_07.csv,문화관광,레저스포츠시설
의정부,2024,7,2024-07,28,경기도,의정부시,추동배드민턴장,219,의정부 2024_07.csv,레저스포츠,기타레저스포츠
의정부,2024,7,2024-07,29,경기도,의정부시,루나루즈키즈카페,191,의정부 2024_07.csv,문화관광,테마공원
의정부,2024,7,2024-07,30,경기도,의정부시,의정부가구거리,190,의정부 2024_07.csv,쇼핑,기타쇼핑시설
의정부,2024,7,2024-07,31,경기도,의정부시,직동축구장,188,의정부 2024_07.csv,문화관광,레저스포츠시설
의정부,2024,7,2024-07,32,경기도,의정부시,자일낚시터,176,의정부 2024_07.csv,레저스포츠,수상레저스포츠
의정부,2024,7,2024-07,33,경기도,의정부시,회룡사,175,의정부 2024_07.csv,역사관광,종교성지
의정부,2024,7,2024-07,33,경기도,의정부시,고고롤러스케이트장,175,의정부 2024_07.csv,레저스포츠,육상레저스포츠
의정부,2024,7,2024-07,35,경기도,의정부시,안골계곡,162,의정부 2024_07.csv,자연관광,자연경관(산)
의정부,2024,7,2024-07,36,경기도,의정부시,송산사지근린공원,159,의정부 2024_07.csv,문화관광,도시공원
의정부,2024,7,2024-07,37,경기도,의정부시,타요키즈카페의정부민락점,149,의정부 2024_07.csv,문화관광,테마공원
의정부,2024,7,2024-07,38,경기도,의정부시,곤제구장,140,의정부 2024_07.csv,문화관광,레저스포츠시설
의정부,2024,7,2024-07,39,경기도,의정부시,서영빌딩서관,138,의정부 2024_07.csv,문화관광,기타문화관광지
의정부,2024,7,2024-07,40,경기도,의정부시,추동웰빙공원물놀이장,130,의정부 2024_07.csv,문화관광,테마공원
의정부,2024,7,2024-07,41,경기도,의정부시,경륜경정의정부지점,127,의정부 2024_07.csv,레저스포츠,육상레저스포츠
의정부,2024,7,2024-07,42,경기도,의정부시,의정부청과야채시장,126,의정부 2024_07.csv,쇼핑,시장
의정부,2024,7,2024-07,43,경기도,의정부시,아로하포레스트,110,의정부 2024_07.csv,문화관광,테마공원
의정부,2024,7,2024-07,44,경기도,의정부시,헬로방방민락점,108,의정부 2024_07.csv,문화관광,테마공원
의정부,2024,7,2024-07,45,경기도,의정부시,자일산림욕장,106,의정부 2024_07.csv,자연관광,자연공원
의정부,2024,7,2024-07,46,경기도,의정부시,안골유원지,104,의정부 2024_07.csv,문화관광,복합관광시설
의정부,2024,7,2024-07,47,경기도,의정부시,백영수미술관,96,의정부 2024_07.csv,문화관광,전시시설
의정부,2024,7,2024-07,48,경기도,의정부시,우리소극장,93,의정부 2024_07.csv,문화관광,공연시설
의정부,2024,7,2024-07,49,경기도,의정부시,망월사,90,의정부 2024_07.csv,역사관광,종교성지
의정부,2024,7,2024-07,50,경기도,의정부시,알쏭달쏭키즈드로잉,87,의정부 2024_07.csv,문화관광,테마공원
의정부,2024,7,2024-07,50,경기도,의정부시,허니비풋살파크,87,의정부 2024_07.csv,문화관광,레저스포츠시설
의정부,2024,7,2024-07,52,경기도,의정부시,김민성탁구클럽,84,의정부 2024_07.csv,레저스포츠,기타레저스포츠
의정부,2024,7,2024-07,53,경기도,의정부시,어수정어린이공원,82,의정부 2024_07.csv,문화관광,도시공원
의정부,2024,7,2024-07,54,경기도,의정부시,장암파크골프장,68,의정부 2024_07.csv,레저스포츠,육상레저스포츠
의정부,2024,7,2024-07,55,경기도,의정부시,메이드라인,67,의정부 2024_07.csv,레저스포츠,기타레저스포츠
의정부,2024,7,2024-07,55,경기도,의정부시,송산레포츠,67,의정부 2024_07.csv,문화관광,테마공원
의정부,2024,7,2024-07,57,경기도,의정부시,북한산국립공원회룡탐방지원센터,56,의정부 2024_07.csv,기타관광,기타관광
의정부,2024,7,2024-07,57,경기도,의정부시,꿀잼키즈룸의정부민락점,56,의정부 2024_07.csv,문화관광,테마공원
의정부,2024,7,2024-07,57,경기도,의정부시,의정부시리틀야구장,56,의정부 2024_07.csv,문화관광,레저스포츠시설
의정부,2024,7,2024-07,60,경기도,의정부시,장수원배드민턴클럽,55,의정부 2024_07.csv,레저스포츠,기타레저스포츠
의정부,2024,7,2024-07,60,경기도,의정부시,쌍암사,55,의정부 2024_07.csv,역사관광,종교성지
의정부,2024,7,2024-07,60,경기도,의정부시,마린앤키즈,55,의정부 2024_07.csv,문화관광,테마공원
의정부,2024,7,2024-07,63,경기도,의정부시,들꽃마을,54,의정부 2024_07.csv,문화관광,테마공원
의정부,2024,7,2024-07,64,경기도,의정부시,곤제근린공원,53,의정부 2024_07.csv,문화관광,도시공원
의정부,2024,7,2024-07,64,경기도,의정부시,호암사,53,의정부 2024_07.csv,역사관광,종교성지
의정부,2024,7,2024-07,66,경기도,의정부시,리드민리듬체조민락본점,52,의정부 2024_07.csv,레저스포츠,기타레저스포츠
의정부,2024,7,2024-07,67,경기도,의정부시,의정부천문대,49,의정부 2024_07.csv,레저스포츠,기타레저스포츠
의정부,2024,7,2024-07,68,경기도,의정부시,봉화정사,46,의정부 2024_07.csv,역사관광,종교성지
의정부,2024,7,2024-07,68,경기도,의정부시,벌말어린이공원,46,의정부 2024_07.csv,문화관광,도시공원
의정부,2024,7,2024-07,68,경기도,의정부시,현충탑,46,의정부 2024_07.csv,역사관광,역사유물
의정부,2024,7,2024-07,71,경기도,의정부시,태조이성계상,43,의정부 2024_07.csv,기타관광,기타관광
의정부,2024,7,2024-07,72,경기도,의정부시,의정부기억저장소,41,의정부 2024_07.csv,문화관광,전시시설
의정부,2024,7,2024-07,73,경기도,의정부시,무지랭이계곡,38,의정부 2024_07.csv,자연관광,자연경관(산)
의정부,2024,7,2024-07,73,경기도,의정부시,모래야놀자,38,의정부 2024_07.csv,문화관광,테마공원
의정부,2024,7,2024-07,75,경기도,의정부시,의정부축구센터,37,의정부 2024_07.csv,레저스포츠,기타레저스포츠
의정부,2024,7,2024-07,75,경기도,의정부시,나리벡시티테마파크건축중(2027년01월 예정),37,의정부 2024_07.csv,문화관광,테마공원
의정부,2024,7,2024-07,75,경기도,의정부시,석림사계곡,37,의정부 2024_07.csv,자연관광,자연경관(산)
의정부,2024,7,2024-07,75,경기도,의정부시,추동웰빙공원,37,의정부 2024_07.csv,문화관광,도시공원
의정부,2024,7,2024-07,79,경기도,의정부시,푸른마당근린공원,34,의정부 2024_07.csv,문화관광,도시공원
의정부,2024,7,2024-07,79,경기도,의정부시,킹클라이밍,34,의정부 2024_07.csv,레저스포츠,기타레저스포츠
의정부,2024,7,2024-07,81,경기도,의정부시,꽃동네어린이공원,33,의정부 2024_07.csv,문화관광,도시공원
의정부,2024,7,2024-07,81,경기도,의정부시,직동근린공원통나무집,33,의정부 2024_07.csv,레저스포츠,육상레저스포츠
의정부,2024,7,2024-07,83,경기도,의정부시,노강서원,32,의정부 2024_07.csv,역사관광,역사유적지
의정부,2024,7,2024-07,83,경기도,의정부시,역전근린공원,32,의정부 2024_07.csv,문화관광,도시공원
의정부,2024,7,2024-07,83,경기도,의정부시,스트라이크존의정부민락구장,32,의정부 2024_07.csv,레저스포츠,기타레저스포츠
의정부,2024,7,2024-07,86,경기도,의정부시,슈가복싱회룡점,31,의정부 2024_07.csv,레저스포츠,기타레저스포츠
의정부,2024,7,2024-07,86,경기도,의정부시,김미미도예공방,31,의정부 2024_07.csv,체험관광,공예체험
의정부,2024,7,2024-07,86,경기도,의정부시,롤프렌롤러장,31,의정부 2024_07.csv,레저스포츠,육상레저스포츠
의정부,2024,7,2024-07,89,경기도,의정부시,어울놀이패밀리카페,30,의정부 2024_07.csv,문화관광,테마공원
의정부,2024,7,2024-07,89,경기도,의정부시,윤한미탁구클럽,30,의정부 2024_07.csv,레저스포츠,기타레저스포츠
의정부,2024,7,2024-07,91,경기도,의정부시,희망어린이공원,27,의정부 2024_07.csv,문화관광,도시공원
의정부,2024,7,2024-07,92,경기도,의정부시,성불사,26,의정부 2024_07.csv,역사관광,종교성지
의정부,2024,7,2024-07,92,경기도,의정부시,신곡탁구클럽,26,의정부 2024_07.csv,레저스포츠,기타레저스포츠
의정부,2024,7,2024-07,94,경기도,의정부시,의정부예술의전당대극장,25,의정부 2024_07.csv,문화관광,공연시설
의정부,2024,7,2024-07,95,경기도,의정부시,김병지축구클럽의정부롯데마트점,24,의정부 2024_07.csv,레저스포츠,기타레저스포츠
의정부,2024,7,2024-07,96,경기도,의정부시,민락리틀야구장,22,의정부 2024_07.csv,문화관광,레저스포츠시설
의정부,2024,7,2024-07,97,경기도,의정부시,이성숙탁구클럽,20,의정부 2024_07.csv,레저스포츠,기타레저스포츠
의정부,2024,7,2024-07,97,경기도,의정부시,한국산악연수원CAC등산학교,20,의정부 2024_07.csv,레저스포츠,기타레저스포츠
의정부,2024,7,2024-07,97,경기도,의정부시,정혜사의정부표포교원,20,의정부 2024_07.csv,역사관광,종교성지
의정부,2024,7,2024-07,100,경기도,의정부시,스카이짐유소년스포츠클럽녹양점,18,의정부 2024_07.csv,레저스포츠,기타레저스포츠
의정부,2024,7,2024-07,100,경기도,의정부시,상금오어린이공원,18,의정부 2024_07.csv,문화관광,도시공원
의정부,2024,7,2024-07,102,경기도,의정부시,영산법화사,17,의정부 2024_07.csv,역사관광,종교성지
의정부,2024,7,2024-07,103,경기도,의정부시,우리끼리 키즈카페 스포츠마을의정부민락점,16,의정부 2024_07.csv,문화관광,테마공원
의정부,2024,7,2024-07,103,경기도,의정부시,토끼어린이공원,16,의정부 2024_07.csv,문화관광,도시공원
의정부,2024,7,2024-07,103,경기도,의정부시,의정부예술의전당소극장,16,의정부 2024_07.csv,문화관광,공연시설
의정부,2024,7,2024-07,106,경기도,의정부시,백석천근린공원,15,의정부 2024_07.csv,문화관광,도시공원
의정부,2024,7,2024-07,107,경기도,의정부시,동심어린이공원,14,의정부 2024_07.csv,문화관광,도시공원
의정부,2024,7,2024-07,108,경기도,의정부시,중앙문화공원,13,의정부 2024_07.csv,문화관광,도시공원
의정부,2024,7,2024-07,108,경기도,의정부시,정하영탁구클럽,13,의정부 2024_07.csv,레저스포츠,기타레저스포츠
의정부,2024,7,2024-07,108,경기도,의정부시,레벨업탁구클럽,13,의정부 2024_07.csv,레저스포츠,기타레저스포츠
의정부,2024,7,2024-07,111,경기도,의정부시,갤러리평화,12,의정부 2024_07.csv,문화관광,전시시설
의정부,2024,7,2024-07,111,경기도,의정부시,용현정,12,의정부 2024_07.csv,레저스포츠,육상레저스포츠
의정부,2024,7,2024-07,113,경기도,의정부시,망월사천봉선사탑비,11,의정부 2024_07.csv,역사관광,역사유적지
의정부,2024,7,2024-07,113,경기도,의정부시,정화사,11,의정부 2024_07.csv,역사관광,종교성지
의정부,2024,7,2024-07,113,경기도,의정부시,신원배드민턴클럽,11,의정부 2024_07.csv,레저스포츠,기타레저스포츠
의정부,2024,7,2024-07,116,경기도,의정부시,드래곤트릭킹짐,10,의정부 2024_07.csv,레저스포츠,기타레저스포츠
의정부,2024,7,2024-07,116,경기도,의정부시,정문부장군묘,10,의정부 2024_07.csv,역사관광,역사유적지
의정부,2024,7,2024-07,116,경기도,의정부시,색동어린이공원,10,의정부 2024_07.csv,문화관광,도시공원
의정부,2024,7,2024-07,119,경기도,의정부시,백합어린이공원,9,의정부 2024_07.csv,문화관광,도시공원
의정부,2024,7,2024-07,119,경기도,의정부시,문화어린이공원,9,의정부 2024_07.csv,문화관광,도시공원
의정부,2024,7,2024-07,119,경기도,의정부시,소망어린이공원,9,의정부 2024_07.csv,문화관광,도시공원
의정부,2024,7,2024-07,119,경기도,의정부시,뛰노리방방,9,의정부 2024_07.csv,문화관광,테마공원
의정부,2024,7,2024-07,119,경기도,의정부시,리얼야구존의정부점,9,의정부 2024_07.csv,레저스포츠,기타레저스포츠
의정부,2024,7,2024-07,119,경기도,의정부시,와우민턴샵,9,의정부 2024_07.csv,레저스포츠,기타레저스포츠
의정부,2024,7,2024-07,125,경기도,의정부시,송산1호수변공원,8,의정부 2024_07.csv,문화관광,도시공원
의정부,2024,7,2024-07,125,경기도,의정부시,그린달스튜디오,8,의정부 2024_07.csv,체험관광,공예체험
의정부,2024,7,2024-07,125,경기도,의정부시,천보산,8,의정부 2024_07.csv,자연관광,자연경관(산)
의정부,2024,7,2024-07,125,경기도,의정부시,신효섭탁구장,8,의정부 2024_07.csv,레저스포츠,기타레저스포츠
의정부,2024,7,2024-07,129,경기도,의정부시,약수배드민턴클럽,7,의정부 2024_07.csv,레저스포츠,기타레저스포츠
의정부,2024,7,2024-07,129,경기도,의정부시,사패산,7,의정부 2024_07.csv,자연관광,자연경관(산)
의정부,2024,7,2024-07,129,경기도,의정부시,관음사,7,의정부 2024_07.csv,역사관광,종교성지
의정부,2024,7,2024-07,129,경기도,의정부시,신곡어린이공원,7,의정부 2024_07.csv,문화관광,도시공원
의정부,2024,7,2024-07,129,경기도,의정부시,마스터탁구클럽,7,의정부 2024_07.csv,레저스포츠,기타레저스포츠
의정부,2024,7,2024-07,134,경기도,의정부시,홍짐,6,의정부 2024_07.csv,레저스포츠,기타레저스포츠
의정부,2024,7,2024-07,134,경기도,의정부시,승지원트레이닝센터,6,의정부 2024_07.csv,레저스포츠,기타레저스포츠
의정부,2024,7,2024-07,134,경기도,의정부시,의정부망월풋살구장,6,의정부 2024_07.csv,레저스포츠,기타레저스포츠
의정부,2024,7,2024-07,134,경기도,의정부시,원각사,6,의정부 2024_07.csv,역사관광,종교성지
의정부,2024,7,2024-07,134,경기도,의정부시,대원사,6,의정부 2024_07.csv,역사관광,종교성지
의정부,2024,7,2024-07,134,경기도,의정부시,의정부시장,6,의정부 2024_07.csv,쇼핑,시장
의정부,2024,7,2024-07,134,경기도,의정부시,사패산안골통제소방면,6,의정부 2024_07.csv,자연관광,자연경관(산)
의정부,2024,7,2024-07,134,경기도,의정부시,슈퍼키즈스카이방방의정부민락점,6,의정부 2024_07.csv,문화관광,테마공원
의정부,2024,7,2024-07,142,경기도,의정부시,리틀베이비,5,의정부 2024_07.csv,문화관광,테마공원
의정부,2024,7,2024-07,143,경기도,의정부시,자은선원,4,의정부 2024_07.csv,역사관광,종교성지
의정부,2024,7,2024-07,143,경기도,의정부시,장암어린이공원,4,의정부 2024_07.csv,문화관광,도시공원
의정부,2024,7,2024-07,143,경기도,의정부시,선행어린이공원,4,의정부 2024_07.csv,문화관광,도시공원
의정부,2024,7,2024-07,143,경기도,의정부시,부양수산,4,의정부 2024_07.csv,쇼핑,시장
의정부,2024,7,2024-07,143,경기도,의정부시,대각사,4,의정부 2024_07.csv,역사관광,종교성지
의정부,2024,7,2024-07,143,경기도,의정부시,상원사,4,의정부 2024_07.csv,역사관광,종교성지
의정부,2024,7,2024-07,149,경기도,의정부시,드림탁구클럽,3,의정부 2024_07.csv,레저스포츠,기타레저스포츠
의정부,2024,7,2024-07,149,경기도,의정부시,회룡문화공원,3,의정부 2024_07.csv,문화관광,도시공원
의정부,2024,7,2024-07,149,경기도,의정부시,북한산국립공원원도봉탐방지원센터,3,의정부 2024_07.csv,기타관광,기타관광
의정부,2024,7,2024-07,149,경기도,의정부시,버들개야구장,3,의정부 2024_07.csv,문화관광,레저스포츠시설
의정부,2024,7,2024-07,149,경기도,의정부시,초크초크,3,의정부 2024_07.csv,체험관광,공예체험
의정부,2024,7,2024-07,149,경기도,의정부시,의정부삼일운동기념비,3,의정부 2024_07.csv,역사관광,역사유물
의정부,2024,7,2024-07,149,경기도,의정부시,슈가복싱의정부점,3,의정부 2024_07.csv,레저스포츠,기타레저스포츠
의정부,2024,7,2024-07,149,경기도,의정부시,스카이공연홀,3,의정부 2024_07.csv,문화관광,공연시설
의정부,2024,7,2024-07,149,경기도,의정부시,신곡체육공원,3,의정부 2024_07.csv,문화관광,도시공원
의정부,2024,7,2024-07,149,경기도,의정부시,중앙어린이공원,3,의정부 2024_07.csv,문화관광,도시공원
의정부,2024,7,2024-07,149,경기도,의정부시,범골어린이공원,3,의정부 2024_07.csv,문화관광,도시공원
의정부,2024,7,2024-07,149,경기도,의정부시,장암발곡근린공원,3,의정부 2024_07.csv,문화관광,도시공원
의정부,2024,7,2024-07,149,경기도,의정부시,다리목근린공원,3,의정부 2024_07.csv,문화관광,도시공원
의정부,2024,7,2024-07,149,경기도,의정부시,로데오거리상점가,3,의정부 2024_07.csv,쇼핑,시장
의정부,2024,7,2024-07,149,경기도,의정부시,쌍용사,3,의정부 2024_07.csv,역사관광,종교성지
의정부,2024,7,2024-07,149,경기도,의정부시,트라이포스의정부주짓수,3,의정부 2024_07.csv,레저스포츠,기타레저스포츠
의정부,2024,7,2024-07,149,경기도,의정부시,잎새어린이공원,3,의정부 2024_07.csv,문화관광,도시공원
의정부,2024,7,2024-07,149,경기도,의정부시,심원사,3,의정부 2024_07.csv,역사관광,종교성지
의정부,2024,7,2024-07,149,경기도,의정부시,복싱히어로의정부금오점,3,의정부 2024_07.csv,레저스포츠,기타레저스포츠
의정부,2024,7,2024-07,149,경기도,의정부시,무량사,3,의정부 2024_07.csv,역사관광,종교성지
의정부,2024,7,2024-07,149,경기도,의정부시,의정부아트캠프,3,의정부 2024_07.csv,문화관광,기타문화관광지
의정부,2024,7,2024-07,149,경기도,의정부시,연주암,3,의정부 2024_07.csv,역사관광,종교성지
의정부,2024,8,2024-08,1,경기도,의정부시,신세계백화점의정부점,22898,의정부 2024_08.csv,쇼핑,백화점
의정부,2024,8,2024-08,2,경기도,의정부시,의정부제일시장,8011,의정부 2024_08.csv,쇼핑,시장
의정부,2024,8,2024-08,3,경기도,의정부시,의정부버스터미널,4090,의정부 2024_08.csv,기타관광,교통시설
의정부,2024,8,2024-08,4,경기도,의정부시,의정부예술의전당,3028,의정부 2024_08.csv,문화관광,공연시설
의정부,2024,8,2024-08,5,경기도,의정부시,메가박스의정부민락,2598,의정부 2024_08.csv,문화관광,공연시설
의정부,2024,8,2024-08,6,경기도,의정부시,롯데시네마의정부민락,2429,의정부 2024_08.csv,문화관광,공연시설
의정부,2024,8,2024-08,7,경기도,의정부시,의정부실내빙상장,2264,의정부 2024_08.csv,레저스포츠,육상레저스포츠
의정부,2024,8,2024-08,8,경기도,의정부시,CGV의정부태흥,2167,의정부 2024_08.csv,문화관광,공연시설
의정부,2024,8,2024-08,9,경기도,의정부시,CGV의정부,1259,의정부 2024_08.csv,문화관광,공연시설
의정부,2024,8,2024-08,10,경기도,의정부시,신곡실내배드민턴장,864,의정부 2024_08.csv,레저스포츠,기타레저스포츠
의정부,2024,8,2024-08,11,경기도,의정부시,낙양물사랑공원,856,의정부 2024_08.csv,문화관광,도시공원
의정부,2024,8,2024-08,12,경기도,의정부시,투앤디수영장,824,의정부 2024_08.csv,문화관광,테마공원
의정부,2024,8,2024-08,13,경기도,의정부시,점핑몬스터의정부점,788,의정부 2024_08.csv,문화관광,테마공원
의정부,2024,8,2024-08,14,경기도,의정부시,태영프라자,740,의정부 2024_08.csv,쇼핑,쇼핑몰
의정부,2024,8,2024-08,15,경기도,의정부시,송산배수지체육시설,737,의정부 2024_08.csv,문화관광,도시공원
의정부,2024,8,2024-08,16,경기도,의정부시,의정부시청소년수련관,722,의정부 2024_08.csv,레저스포츠,육상레저스포츠
의정부,2024,8,2024-08,17,경기도,의정부시,직동근린공원,598,의정부 2024_08.csv,문화관광,도시공원
의정부,2024,8,2024-08,18,경기도,의정부시,렛츠런CCC의정부지점,505,의정부 2024_08.csv,레저스포츠,육상레저스포츠
의정부,2024,8,2024-08,19,경기도,의정부시,고고다이노키즈카페민락점,494,의정부 2024_08.csv,문화관광,테마공원
의정부,2024,8,2024-08,20,경기도,의정부시,와글아이의정부점,451,의정부 2024_08.csv,문화관광,테마공원
의정부,2024,8,2024-08,21,경기도,의정부시,석림사,398,의정부 2024_08.csv,역사관광,종교성지
의정부,2024,8,2024-08,22,경기도,의정부시,천보탁구장,312,의정부 2024_08.csv,레저스포츠,기타레저스포츠
의정부,2024,8,2024-08,23,경기도,의정부시,점프스카이민락점,300,의정부 2024_08.csv,문화관광,테마공원
의정부,2024,8,2024-08,24,경기도,의정부시,히어로키즈파크의정부지점,272,의정부 2024_08.csv,문화관광,테마공원
의정부,2024,8,2024-08,25,경기도,의정부시,안골계곡,269,의정부 2024_08.csv,자연관광,자연경관(산)
의정부,2024,8,2024-08,26,경기도,의정부시,활기체육공원,248,의정부 2024_08.csv,문화관광,도시공원
의정부,2024,8,2024-08,27,경기도,의정부시,고고롤러스케이트장,241,의정부 2024_08.csv,레저스포츠,육상레저스포츠
의정부,2024,8,2024-08,28,경기도,의정부시,서울승마클럽,226,의정부 2024_08.csv,레저스포츠,육상레저스포츠
의정부,2024,8,2024-08,29,경기도,의정부시,추동웰빙공원물놀이장,214,의정부 2024_08.csv,문화관광,테마공원
의정부,2024,8,2024-08,30,경기도,의정부시,의정부가구거리,203,의정부 2024_08.csv,쇼핑,기타쇼핑시설
의정부,2024,8,2024-08,30,경기도,의정부시,추동배드민턴장,203,의정부 2024_08.csv,레저스포츠,기타레저스포츠
의정부,2024,8,2024-08,32,경기도,의정부시,타요키즈카페의정부민락점,184,의정부 2024_08.csv,문화관광,테마공원
의정부,2024,8,2024-08,33,경기도,의정부시,송산사지근린공원,181,의정부 2024_08.csv,문화관광,도시공원
의정부,2024,8,2024-08,34,경기도,의정부시,녹양야구장,180,의정부 2024_08.csv,문화관광,레저스포츠시설
의정부,2024,8,2024-08,35,경기도,의정부시,회룡사,179,의정부 2024_08.csv,역사관광,종교성지
의정부,2024,8,2024-08,36,경기도,의정부시,의정부예술의전당대극장,173,의정부 2024_08.csv,문화관광,공연시설
의정부,2024,8,2024-08,37,경기도,의정부시,송산레포츠,171,의정부 2024_08.csv,문화관광,테마공원
의정부,2024,8,2024-08,38,경기도,의정부시,루나루즈키즈카페,166,의정부 2024_08.csv,문화관광,테마공원
의정부,2024,8,2024-08,39,경기도,의정부시,경륜경정의정부지점,164,의정부 2024_08.csv,레저스포츠,육상레저스포츠
의정부,2024,8,2024-08,40,경기도,의정부시,아로하포레스트,160,의정부 2024_08.csv,문화관광,테마공원
의정부,2024,8,2024-08,41,경기도,의정부시,자일낚시터,154,의정부 2024_08.csv,레저스포츠,수상레저스포츠
의정부,2024,8,2024-08,42,경기도,의정부시,안골유원지,142,의정부 2024_08.csv,문화관광,복합관광시설
의정부,2024,8,2024-08,43,경기도,의정부시,곤제구장,136,의정부 2024_08.csv,문화관광,레저스포츠시설
의정부,2024,8,2024-08,44,경기도,의정부시,서영빌딩서관,131,의정부 2024_08.csv,문화관광,기타문화관광지
의정부,2024,8,2024-08,45,경기도,의정부시,의정부천문대,130,의정부 2024_08.csv,레저스포츠,기타레저스포츠
의정부,2024,8,2024-08,46,경기도,의정부시,직동축구장,124,의정부 2024_08.csv,문화관광,레저스포츠시설
의정부,2024,8,2024-08,47,경기도,의정부시,의정부청과야채시장,121,의정부 2024_08.csv,쇼핑,시장
의정부,2024,8,2024-08,48,경기도,의정부시,허니비풋살파크,120,의정부 2024_08.csv,문화관광,레저스포츠시설
의정부,2024,8,2024-08,48,경기도,의정부시,백영수미술관,120,의정부 2024_08.csv,문화관광,전시시설
의정부,2024,8,2024-08,50,경기도,의정부시,헬로방방민락점,118,의정부 2024_08.csv,문화관광,테마공원
의정부,2024,8,2024-08,51,경기도,의정부시,석림사계곡,108,의정부 2024_08.csv,자연관광,자연경관(산)
의정부,2024,8,2024-08,52,경기도,의정부시,알쏭달쏭키즈드로잉,107,의정부 2024_08.csv,문화관광,테마공원
의정부,2024,8,2024-08,53,경기도,의정부시,장암파크골프장,102,의정부 2024_08.csv,레저스포츠,육상레저스포츠
의정부,2024,8,2024-08,54,경기도,의정부시,북한산국립공원회룡탐방지원센터,98,의정부 2024_08.csv,기타관광,기타관광
의정부,2024,8,2024-08,55,경기도,의정부시,들꽃마을,97,의정부 2024_08.csv,문화관광,테마공원
의정부,2024,8,2024-08,56,경기도,의정부시,망월사,93,의정부 2024_08.csv,역사관광,종교성지
의정부,2024,8,2024-08,57,경기도,의정부시,자일산림욕장,82,의정부 2024_08.csv,자연관광,자연공원
의정부,2024,8,2024-08,58,경기도,의정부시,우리소극장,80,의정부 2024_08.csv,문화관광,공연시설
의정부,2024,8,2024-08,59,경기도,의정부시,장수원배드민턴클럽,79,의정부 2024_08.csv,레저스포츠,기타레저스포츠
의정부,2024,8,2024-08,59,경기도,의정부시,어수정어린이공원,79,의정부 2024_08.csv,문화관광,도시공원
의정부,2024,8,2024-08,61,경기도,의정부시,호암사,74,의정부 2024_08.csv,역사관광,종교성지
의정부,2024,8,2024-08,62,경기도,의정부시,모래야놀자,68,의정부 2024_08.csv,문화관광,테마공원
의정부,2024,8,2024-08,63,경기도,의정부시,의정부시리틀야구장,62,의정부 2024_08.csv,문화관광,레저스포츠시설
의정부,2024,8,2024-08,64,경기도,의정부시,무지랭이계곡,61,의정부 2024_08.csv,자연관광,자연경관(산)
의정부,2024,8,2024-08,65,경기도,의정부시,나리벡시티테마파크건축중(2027년01월 예정),59,의정부 2024_08.csv,문화관광,테마공원
의정부,2024,8,2024-08,66,경기도,의정부시,스트라이크존의정부민락구장,57,의정부 2024_08.csv,레저스포츠,기타레저스포츠
의정부,2024,8,2024-08,67,경기도,의정부시,의정부기억저장소,56,의정부 2024_08.csv,문화관광,전시시설
의정부,2024,8,2024-08,68,경기도,의정부시,민락맥주축제,55,의정부 2024_08.csv,문화관광,기타문화관광지
의정부,2024,8,2024-08,69,경기도,의정부시,곤제근린공원,53,의정부 2024_08.csv,문화관광,도시공원
의정부,2024,8,2024-08,70,경기도,의정부시,역전근린공원,52,의정부 2024_08.csv,문화관광,도시공원
의정부,2024,8,2024-08,70,경기도,의정부시,김미미도예공방,52,의정부 2024_08.csv,체험관광,공예체험
의정부,2024,8,2024-08,72,경기도,의정부시,롤프렌롤러장,49,의정부 2024_08.csv,레저스포츠,육상레저스포츠
의정부,2024,8,2024-08,73,경기도,의정부시,성불사,48,의정부 2024_08.csv,역사관광,종교성지
의정부,2024,8,2024-08,73,경기도,의정부시,현충탑,48,의정부 2024_08.csv,역사관광,역사유물
의정부,2024,8,2024-08,75,경기도,의정부시,김민성탁구클럽,47,의정부 2024_08.csv,레저스포츠,기타레저스포츠
의정부,2024,8,2024-08,75,경기도,의정부시,태조이성계상,47,의정부 2024_08.csv,기타관광,기타관광
의정부,2024,8,2024-08,77,경기도,의정부시,정혜사의정부포교원,45,의정부 2024_08.csv,역사관광,종교성지
의정부,2024,8,2024-08,78,경기도,의정부시,쌍암사,43,의정부 2024_08.csv,역사관광,종교성지
의정부,2024,8,2024-08,78,경기도,의정부시,상금오어린이공원,43,의정부 2024_08.csv,문화관광,도시공원
의정부,2024,8,2024-08,80,경기도,의정부시,마린앤키즈,41,의정부 2024_08.csv,문화관광,테마공원
의정부,2024,8,2024-08,81,경기도,의정부시,의정부축구센터,38,의정부 2024_08.csv,레저스포츠,기타레저스포츠
의정부,2024,8,2024-08,81,경기도,의정부시,신곡탁구클럽,38,의정부 2024_08.csv,레저스포츠,기타레저스포츠
의정부,2024,8,2024-08,81,경기도,의정부시,리드민리듬체조민락본점,38,의정부 2024_08.csv,레저스포츠,기타레저스포츠
의정부,2024,8,2024-08,84,경기도,의정부시,스카이짐유소년스포츠클럽녹양점,37,의정부 2024_08.csv,레저스포츠,기타레저스포츠
의정부,2024,8,2024-08,84,경기도,의정부시,봉화정사,37,의정부 2024_08.csv,역사관광,종교성지
의정부,2024,8,2024-08,86,경기도,의정부시,꿀잼키즈룸의정부민락점,35,의정부 2024_08.csv,문화관광,테마공원
의정부,2024,8,2024-08,87,경기도,의정부시,메이드라인,33,의정부 2024_08.csv,레저스포츠,기타레저스포츠
의정부,2024,8,2024-08,87,경기도,의정부시,벌말어린이공원,33,의정부 2024_08.csv,문화관광,도시공원
의정부,2024,8,2024-08,87,경기도,의정부시,추동웰빙공원,33,의정부 2024_08.csv,문화관광,도시공원
의정부,2024,8,2024-08,87,경기도,의정부시,레벨업탁구클럽,33,의정부 2024_08.csv,레저스포츠,기타레저스포츠
의정부,2024,8,2024-08,91,경기도,의정부시,노강서원,32,의정부 2024_08.csv,역사관광,역사유적지
의정부,2024,8,2024-08,91,경기도,의정부시,김병지축구클럽의정부롯데마트점,32,의정부 2024_08.csv,레저스포츠,기타레저스포츠
의정부,2024,8,2024-08,93,경기도,의정부시,한국산악연수원CAC등산학교,28,의정부 2024_08.csv,레저스포츠,기타레저스포츠
의정부,2024,8,2024-08,94,경기도,의정부시,희망어린이공원,27,의정부 2024_08.csv,문화관광,도시공원
의정부,2024,8,2024-08,95,경기도,의정부시,푸른마당근린공원,26,의정부 2024_08.csv,문화관광,도시공원
의정부,2024,8,2024-08,96,경기도,의정부시,소망어린이공원,25,의정부 2024_08.csv,문화관광,도시공원
의정부,2024,8,2024-08,97,경기도,의정부시,쌍용사,24,의정부 2024_08.csv,역사관광,종교성지
의정부,2024,8,2024-08,98,경기도,의정부시,대원사,23,의정부 2024_08.csv,역사관광,종교성지
의정부,2024,8,2024-08,98,경기도,의정부시,용현정,23,의정부 2024_08.csv,레저스포츠,육상레저스포츠
의정부,2024,8,2024-08,100,경기도,의정부시,우리끼리 키즈카페 스포츠마을의정부민락점,22,의정부 2024_08.csv,문화관광,테마공원
의정부,2024,8,2024-08,100,경기도,의정부시,동심어린이공원,22,의정부 2024_08.csv,문화관광,도시공원
의정부,2024,8,2024-08,100,경기도,의정부시,백합어린이공원,22,의정부 2024_08.csv,문화관광,도시공원
의정부,2024,8,2024-08,100,경기도,의정부시,꽃동네어린이공원,22,의정부 2024_08.csv,문화관광,도시공원
의정부,2024,8,2024-08,104,경기도,의정부시,의정부예술의전당소극장,20,의정부 2024_08.csv,문화관광,공연시설
의정부,2024,8,2024-08,104,경기도,의정부시,직동근린공원통나무집,20,의정부 2024_08.csv,레저스포츠,육상레저스포츠
의정부,2024,8,2024-08,106,경기도,의정부시,민락리틀야구장,19,의정부 2024_08.csv,문화관광,레저스포츠시설
의정부,2024,8,2024-08,107,경기도,의정부시,정수선원,18,의정부 2024_08.csv,역사관광,종교성지
의정부,2024,8,2024-08,108,경기도,의정부시,수락사,15,의정부 2024_08.csv,역사관광,종교성지
의정부,2024,8,2024-08,109,경기도,의정부시,범골어린이공원,14,의정부 2024_08.csv,문화관광,도시공원
의정부,2024,8,2024-08,110,경기도,의정부시,의정부망월풋살구장,13,의정부 2024_08.csv,레저스포츠,기타레저스포츠
의정부,2024,8,2024-08,110,경기도,의정부시,쿠키즈룸,13,의정부 2024_08.csv,문화관광,테마공원
의정부,2024,8,2024-08,110,경기도,의정부시,관음사,13,의정부 2024_08.csv,역사관광,종교성지
의정부,2024,8,2024-08,113,경기도,의정부시,아이노리키즈카페,12,의정부 2024_08.csv,문화관광,테마공원
의정부,2024,8,2024-08,113,경기도,의정부시,용현사,12,의정부 2024_08.csv,역사관광,종교성지
의정부,2024,8,2024-08,113,경기도,의정부시,원도봉산계곡,12,의정부 2024_08.csv,자연관광,자연경관(산)
의정부,2024,8,2024-08,113,경기도,의정부시,정화사,12,의정부 2024_08.csv,역사관광,종교성지
의정부,2024,8,2024-08,117,경기도,의정부시,리틀베이비,11,의정부 2024_08.csv,문화관광,테마공원
의정부,2024,8,2024-08,117,경기도,의정부시,북한산국립공원원도봉탐방지원센터,11,의정부 2024_08.csv,기타관광,기타관광
의정부,2024,8,2024-08,117,경기도,의정부시,이성숙탁구클럽,11,의정부 2024_08.csv,레저스포츠,기타레저스포츠
의정부,2024,8,2024-08,117,경기도,의정부시,무지랭이약수터,11,의정부 2024_08.csv,자연관광,자연경관(산)
의정부,2024,8,2024-08,117,경기도,의정부시,와우민턴샵,11,의정부 2024_08.csv,레저스포츠,기타레저스포츠
의정부,2024,8,2024-08,122,경기도,의정부시,정하영탁구클럽,10,의정부 2024_08.csv,레저스포츠,기타레저스포츠
의정부,2024,8,2024-08,122,경기도,의정부시,신원배드민턴클럽,10,의정부 2024_08.csv,레저스포츠,기타레저스포츠
의정부,2024,8,2024-08,122,경기도,의정부시,무량사,10,의정부 2024_08.csv,역사관광,종교성지
의정부,2024,8,2024-08,125,경기도,의정부시,신곡어린이공원,8,의정부 2024_08.csv,문화관광,도시공원
의정부,2024,8,2024-08,125,경기도,의정부시,다리목근린공원,8,의정부 2024_08.csv,문화관광,도시공원
의정부,2024,8,2024-08,125,경기도,의정부시,영락사,8,의정부 2024_08.csv,역사관광,종교성지
의정부,2024,8,2024-08,128,경기도,의정부시,회룡문화공원,7,의정부 2024_08.csv,문화관광,도시공원
의정부,2024,8,2024-08,128,경기도,의정부시,자은선원,7,의정부 2024_08.csv,역사관광,종교성지
의정부,2024,8,2024-08,128,경기도,의정부시,원각사,7,의정부 2024_08.csv,역사관광,종교성지
의정부,2024,8,2024-08,128,경기도,의정부시,중랑천어린이공원,7,의정부 2024_08.csv,문화관광,도시공원
의정부,2024,8,2024-08,128,경기도,의정부시,꿈어린이공원,7,의정부 2024_08.csv,문화관광,도시공원
의정부,2024,8,2024-08,128,경기도,의정부시,사패산안골통제소방면,7,의정부 2024_08.csv,자연관광,자연경관(산)
의정부,2024,8,2024-08,134,경기도,의정부시,쌍암사현대불교,6,의정부 2024_08.csv,역사관광,종교성지
의정부,2024,8,2024-08,134,경기도,의정부시,약수배드민턴클럽,6,의정부 2024_08.csv,레저스포츠,기타레저스포츠
의정부,2024,8,2024-08,134,경기도,의정부시,의정부문화역 이음,6,의정부 2024_08.csv,문화관광,기타문화관광지
의정부,2024,8,2024-08,134,경기도,의정부시,문예어린이공원,6,의정부 2024_08.csv,문화관광,도시공원
의정부,2024,8,2024-08,134,경기도,의정부시,하금오어린이공원,6,의정부 2024_08.csv,문화관광,도시공원
의정부,2024,8,2024-08,134,경기도,의정부시,의정부시장,6,의정부 2024_08.csv,쇼핑,시장
의정부,2024,8,2024-08,134,경기도,의정부시,로데오거리상점가,6,의정부 2024_08.csv,쇼핑,시장
의정부,2024,8,2024-08,134,경기도,의정부시,무지랭이약수터,6,의정부 2024_08.csv,자연관광,자연경관(산)
의정부,2024,8,2024-08,134,경기도,의정부시,트라이포스의정부주짓수,6,의정부 2024_08.csv,레저스포츠,기타레저스포츠
의정부,2024,8,2024-08,134,경기도,의정부시,리얼야구존의정부점,6,의정부 2024_08.csv,레저스포츠,기타레저스포츠
의정부,2024,8,2024-08,134,경기도,의정부시,킹클라이밍,6,의정부 2024_08.csv,레저스포츠,기타레저스포츠
의정부,2024,8,2024-08,145,경기도,의정부시,심원사,5,의정부 2024_08.csv,역사관광,종교성지
의정부,2024,8,2024-08,145,경기도,의정부시,윤한미탁구클럽,5,의정부 2024_08.csv,레저스포츠,기타레저스포츠
의정부,2024,8,2024-08,147,경기도,의정부시,드림탁구클럽,4,의정부 2024_08.csv,레저스포츠,기타레저스포츠
의정부,2024,8,2024-08,147,경기도,의정부시,드래곤트릭킹짐,4,의정부 2024_08.csv,레저스포츠,기타레저스포츠
의정부,2024,8,2024-08,147,경기도,의정부시,킴스라인댄스,4,의정부 2024_08.csv,레저스포츠,기타레저스포츠
의정부,2024,8,2024-08,147,경기도,의정부시,홍짐,4,의정부 2024_08.csv,레저스포츠,기타레저스포츠
의정부,2024,8,2024-08,147,경기도,의정부시,샤모니클라이밍,4,의정부 2024_08.csv,레저스포츠,기타레저스포츠
의정부,2024,8,2024-08,147,경기도,의정부시,핑키쿡,4,의정부 2024_08.csv,체험관광,공예체험
의정부,2024,8,2024-08,147,경기도,의정부시,살판마을극장,4,의정부 2024_08.csv,문화관광,공연시설
의정부,2024,8,2024-08,147,경기도,의정부시,덕천사,4,의정부 2024_08.csv,역사관광,종교성지
의정부,2024,8,2024-08,147,경기도,의정부시,영산법화사,4,의정부 2024_08.csv,역사관광,종교성지
의정부,2024,8,2024-08,147,경기도,의정부시,덕수사,4,의정부 2024_08.csv,역사관광,종교성지
의정부,2024,8,2024-08,147,경기도,의정부시,여래사,4,의정부 2024_08.csv,역사관광,종교성지
의정부,2024,8,2024-08,147,경기도,의정부시,스트라이크존의정부구장,4,의정부 2024_08.csv,레저스포츠,기타레저스포츠
의정부,2024,8,2024-08,147,경기도,의정부시,슈퍼키즈스카이방방의정부민락점,4,의정부 2024_08.csv,문화관광,테마공원
의정부,2024,8,2024-08,147,경기도,의정부시,복싱히어로의정부금오점,4,의정부 2024_08.csv,레저스포츠,기타레저스포츠
의정부,2024,8,2024-08,161,경기도,의정부시,달마사,3,의정부 2024_08.csv,역사관광,종교성지
의정부,2024,8,2024-08,161,경기도,의정부시,미가사,3,의정부 2024_08.csv,역사관광,종교성지
의정부,2024,8,2024-08,161,경기도,의정부시,바둑전용경기장건축중(2026년05월 완공예정),3,의정부 2024_08.csv,레저스포츠,기타레저스포츠
의정부,2024,8,2024-08,161,경기도,의정부시,중앙문화공원,3,의정부 2024_08.csv,문화관광,도시공원
의정부,2024,8,2024-08,161,경기도,의정부시,캠프라과디아체육공원,3,의정부 2024_08.csv,문화관광,도시공원
의정부,2024,8,2024-08,161,경기도,의정부시,버들개야구장,3,의정부 2024_08.csv,문화관광,레저스포츠시설
의정부,2024,8,2024-08,161,경기도,의정부시,갤러리평화,3,의정부 2024_08.csv,문화관광,전시시설
의정부,2024,8,2024-08,161,경기도,의정부시,동그라미탁구교실,3,의정부 2024_08.csv,레저스포츠,기타레저스포츠
의정부,2024,8,2024-08,161,경기도,의정부시,슈가복싱회룡점,3,의정부 2024_08.csv,레저스포츠,기타레저스포츠
의정부,2024,8,2024-08,161,경기도,의정부시,오월솝,3,의정부 2024_08.csv,체험관광,공예체험
의정부,2024,8,2024-08,161,경기도,의정부시,송산1호수변공원,3,의정부 2024_08.csv,문화관광,도시공원
의정부,2024,8,2024-08,161,경기도,의정부시,회룡탁구,3,의정부 2024_08.csv,레저스포츠,기타레저스포츠
의정부,2024,8,2024-08,161,경기도,의정부시,미륵사,3,의정부 2024_08.csv,역사관광,종교성지
의정부,2024,8,2024-08,161,경기도,의정부시,덕수사,3,의정부 2024_08.csv,역사관광,종교성지
의정부,2024,8,2024-08,161,경기도,의정부시,중보뜰어린이공원,3,의정부 2024_08.csv,문화관광,도시공원
의정부,2024,8,2024-08,161,경기도,의정부시,문화어린이공원,3,의정부 2024_08.csv,문화관광,도시공원
의정부,2024,8,2024-08,161,경기도,의정부시,토끼어린이공원,3,의정부 2024_08.csv,문화관광,도시공원
의정부,2024,8,2024-08,161,경기도,의정부시,중앙어린이공원,3,의정부 2024_08.csv,문화관광,도시공원
의정부,2024,8,2024-08,161,경기도,의정부시,공룡어린이공원,3,의정부 2024_08.csv,문화관광,도시공원
의정부,2024,8,2024-08,161,경기도,의정부시,오목문화근린공원,3,의정부 2024_08.csv,문화관광,도시공원
의정부,2024,8,2024-08,161,경기도,의정부시,천보근린공원,3,의정부 2024_08.csv,문화관광,도시공원
의정부,2024,8,2024-08,161,경기도,의정부시,금빛어린이공원,3,의정부 2024_08.csv,문화관광,도시공원
의정부,2024,8,2024-08,161,경기도,의정부시,새말어린이공원,3,의정부 2024_08.csv,문화관광,도시공원
의정부,2024,8,2024-08,161,경기도,의정부시,이태영탁구교실,3,의정부 2024_08.csv,레저스포츠,기타레저스포츠
의정부,2024,8,2024-08,161,경기도,의정부시,사패산회룡방면,3,의정부 2024_08.csv,자연관광,자연경관(산)
의정부,2024,8,2024-08,161,경기도,의정부시,학송사,3,의정부 2024_08.csv,역사관광,종교성지
의정부,2024,8,2024-08,161,경기도,의정부시,대각사,3,의정부 2024_08.csv,역사관광,종교성지
의정부,2024,8,2024-08,161,경기도,의정부시,산군무에타이킥복싱체육관,3,의정부 2024_08.csv,레저스포츠,기타레저스포츠
의정부,2024,8,2024-08,161,경기도,의정부시,북한산둘레길18구간,3,의정부 2024_08.csv,레저스포츠,기타레저스포츠
의정부,2024,8,2024-08,161,경기도,의정부시,상원사,3,의정부 2024_08.csv,역사관광,종교성지
의정부,2024,8,2024-08,161,경기도,의정부시,어울놀이패밀리카페,3,의정부 2024_08.csv,문화관광,테마공원
의정부,2024,8,2024-08,161,경기도,의정부시,마스터탁구클럽,3,의정부 2024_08.csv,레저스포츠,기타레저스포츠
의정부,2024,8,2024-08,161,경기도,의정부시,마골어린이공원,3,의정부 2024_08.csv,문화관광,도시공원
의정부,2024,8,2024-08,161,경기도,의정부시,의정부아트캠프,3,의정부 2024_08.csv,문화관광,기타문화관광지
의정부,2024,8,2024-08,161,경기도,의정부시,연주암,3,의정부 2024_08.csv,역사관광,종교성지
의정부,2024,9,2024-09,1,경기도,의정부시,신세계백화점의정부점,22628,의정부 2024_09.csv,쇼핑,백화점
의정부,2024,9,2024-09,2,경기도,의정부시,의정부제일시장,9437,의정부 2024_09.csv,쇼핑,시장
의정부,2024,9,2024-09,3,경기도,의정부시,의정부버스터미널,4220,의정부 2024_09.csv,기타관광,교통시설
의정부,2024,9,2024-09,4,경기도,의정부시,의정부예술의전당,2585,의정부 2024_09.csv,문화관광,공연시설
의정부,2024,9,2024-09,5,경기도,의정부시,메가박스의정부민락,2273,의정부 2024_09.csv,문화관광,공연시설
의정부,2024,9,2024-09,6,경기도,의정부시,롯데시네마의정부민락,2134,의정부 2024_09.csv,문화관광,공연시설
의정부,2024,9,2024-09,7,경기도,의정부시,CGV의정부태흥,1846,의정부 2024_09.csv,문화관광,공연시설
의정부,2024,9,2024-09,8,경기도,의정부시,의정부실내빙상장,1844,의정부 2024_09.csv,레저스포츠,육상레저스포츠
의정부,2024,9,2024-09,9,경기도,의정부시,CGV의정부,1086,의정부 2024_09.csv,문화관광,공연시설
의정부,2024,9,2024-09,10,경기도,의정부시,신곡실내배드민턴장,842,의정부 2024_09.csv,레저스포츠,기타레저스포츠
의정부,2024,9,2024-09,11,경기도,의정부시,직동근린공원,791,의정부 2024_09.csv,문화관광,도시공원
의정부,2024,9,2024-09,12,경기도,의정부시,태영프라자,773,의정부 2024_09.csv,쇼핑,쇼핑몰
의정부,2024,9,2024-09,13,경기도,의정부시,의정부시청소년수련관,720,의정부 2024_09.csv,레저스포츠,육상레저스포츠
의정부,2024,9,2024-09,14,경기도,의정부시,송산배수지체육시설,714,의정부 2024_09.csv,문화관광,도시공원
의정부,2024,9,2024-09,15,경기도,의정부시,낙양물사랑공원,648,의정부 2024_09.csv,문화관광,도시공원
의정부,2024,9,2024-09,16,경기도,의정부시,점핑몬스터의정부점,481,의정부 2024_09.csv,문화관광,테마공원
의정부,2024,9,2024-09,17,경기도,의정부시,와글아이의정부점,426,의정부 2024_09.csv,문화관광,테마공원
의정부,2024,9,2024-09,18,경기도,의정부시,렛츠런CCC의정부지점,416,의정부 2024_09.csv,레저스포츠,육상레저스포츠
의정부,2024,9,2024-09,19,경기도,의정부시,고고다이노키즈카페민락점,383,의정부 2024_09.csv,문화관광,테마공원
의정부,2024,9,2024-09,20,경기도,의정부시,석림사,371,의정부 2024_09.csv,역사관광,종교성지
의정부,2024,9,2024-09,21,경기도,의정부시,송산사지근린공원,344,의정부 2024_09.csv,문화관광,도시공원
의정부,2024,9,2024-09,22,경기도,의정부시,활기체육공원,248,의정부 2024_09.csv,문화관광,도시공원
의정부,2024,9,2024-09,23,경기도,의정부시,자일산림욕장,237,의정부 2024_09.csv,자연관광,자연공원
의정부,2024,9,2024-09,24,경기도,의정부시,천보탁구장,233,의정부 2024_09.csv,레저스포츠,기타레저스포츠
의정부,2024,9,2024-09,25,경기도,의정부시,의정부가구거리,224,의정부 2024_09.csv,쇼핑,기타쇼핑시설
의정부,2024,9,2024-09,26,경기도,의정부시,회룡사,216,의정부 2024_09.csv,역사관광,종교성지
의정부,2024,9,2024-09,27,경기도,의정부시,녹양야구장,213,의정부 2024_09.csv,문화관광,레저스포츠시설
의정부,2024,9,2024-09,28,경기도,의정부시,추동배드민턴장,208,의정부 2024_09.csv,레저스포츠,기타레저스포츠
의정부,2024,9,2024-09,29,경기도,의정부시,서울승마클럽,204,의정부 2024_09.csv,레저스포츠,육상레저스포츠
의정부,2024,9,2024-09,30,경기도,의정부시,직동축구장,199,의정부 2024_09.csv,문화관광,레저스포츠시설
의정부,2024,9,2024-09,31,경기도,의정부시,곤제구장,176,의정부 2024_09.csv,문화관광,레저스포츠시설
의정부,2024,9,2024-09,32,경기도,의정부시,히어로키즈파크의정부지점,175,의정부 2024_09.csv,문화관광,테마공원
의정부,2024,9,2024-09,33,경기도,의정부시,고고롤러스케이트장,172,의정부 2024_09.csv,레저스포츠,육상레저스포츠
의정부,2024,9,2024-09,34,경기도,의정부시,자일낚시터,171,의정부 2024_09.csv,레저스포츠,수상레저스포츠
의정부,2024,9,2024-09,35,경기도,의정부시,점프스카이민락점,164,의정부 2024_09.csv,문화관광,테마공원
의정부,2024,9,2024-09,36,경기도,의정부시,의정부청과야채시장,141,의정부 2024_09.csv,쇼핑,시장
의정부,2024,9,2024-09,37,경기도,의정부시,허니비풋살파크,139,의정부 2024_09.csv,문화관광,레저스포츠시설
의정부,2024,9,2024-09,38,경기도,의정부시,호암사,134,의정부 2024_09.csv,역사관광,종교성지
의정부,2024,9,2024-09,38,경기도,의정부시,경륜경정의정부지점,134,의정부 2024_09.csv,레저스포츠,육상레저스포츠
의정부,2024,9,2024-09,40,경기도,의정부시,장암파크골프장,131,의정부 2024_09.csv,레저스포츠,육상레저스포츠
의정부,2024,9,2024-09,41,경기도,의정부시,망월사,124,의정부 2024_09.csv,역사관광,종교성지
의정부,2024,9,2024-09,42,경기도,의정부시,북한산국립공원회룡탐방지원센터,121,의정부 2024_09.csv,기타관광,기타관광
의정부,2024,9,2024-09,42,경기도,의정부시,서영빌딩서관,121,의정부 2024_09.csv,문화관광,기타문화관광지
의정부,2024,9,2024-09,44,경기도,의정부시,루나루즈키즈카페,116,의정부 2024_09.csv,문화관광,테마공원
의정부,2024,9,2024-09,45,경기도,의정부시,타요키즈카페의정부민락점,115,의정부 2024_09.csv,문화관광,테마공원
의정부,2024,9,2024-09,46,경기도,의정부시,장수원배드민턴클럽,99,의정부 2024_09.csv,레저스포츠,기타레저스포츠
의정부,2024,9,2024-09,47,경기도,의정부시,헬로방방민락점,93,의정부 2024_09.csv,문화관광,테마공원
의정부,2024,9,2024-09,48,경기도,의정부시,정문부장군묘,90,의정부 2024_09.csv,역사관광,역사유적지
의정부,2024,9,2024-09,49,경기도,의정부시,의정부시리틀야구장,86,의정부 2024_09.csv,문화관광,레저스포츠시설
의정부,2024,9,2024-09,50,경기도,의정부시,안골유원지,82,의정부 2024_09.csv,문화관광,복합관광시설
의정부,2024,9,2024-09,51,경기도,의정부시,스트라이크존의정부민락구장,80,의정부 2024_09.csv,레저스포츠,기타레저스포츠
의정부,2024,9,2024-09,52,경기도,의정부시,캠프라과디아체육공원,78,의정부 2024_09.csv,문화관광,도시공원
의정부,2024,9,2024-09,53,경기도,의정부시,벌말어린이공원,77,의정부 2024_09.csv,문화관광,도시공원
의정부,2024,9,2024-09,54,경기도,의정부시,안골계곡,74,의정부 2024_09.csv,자연관광,자연경관(산)
의정부,2024,9,2024-09,55,경기도,의정부시,나리벡시티테마파크건축중(2027년01월 예정),70,의정부 2024_09.csv,문화관광,테마공원
의정부,2024,9,2024-09,56,경기도,의정부시,봉화정사,67,의정부 2024_09.csv,역사관광,종교성지
의정부,2024,9,2024-09,56,경기도,의정부시,어수정어린이공원,67,의정부 2024_09.csv,문화관광,도시공원
의정부,2024,9,2024-09,58,경기도,의정부시,백영수미술관,65,의정부 2024_09.csv,문화관광,전시시설
의정부,2024,9,2024-09,59,경기도,의정부시,곤제근린공원,64,의정부 2024_09.csv,문화관광,도시공원
의정부,2024,9,2024-09,60,경기도,의정부시,푸른마당근린공원,61,의정부 2024_09.csv,문화관광,도시공원
의정부,2024,9,2024-09,61,경기도,의정부시,신곡체육공원,55,의정부 2024_09.csv,문화관광,도시공원
의정부,2024,9,2024-09,62,경기도,의정부시,성불사,54,의정부 2024_09.csv,역사관광,종교성지
의정부,2024,9,2024-09,62,경기도,의정부시,김민성탁구클럽,54,의정부 2024_09.csv,레저스포츠,기타레저스포츠
의정부,2024,9,2024-09,62,경기도,의정부시,의정부예술의전당대극장,54,의정부 2024_09.csv,문화관광,공연시설
의정부,2024,9,2024-09,62,경기도,의정부시,의정부천문대,54,의정부 2024_09.csv,레저스포츠,기타레저스포츠
의정부,2024,9,2024-09,66,경기도,의정부시,노강서원,53,의정부 2024_09.csv,역사관광,역사유적지
의정부,2024,9,2024-09,67,경기도,의정부시,직동근린공원통나무집,52,의정부 2024_09.csv,레저스포츠,육상레저스포츠
의정부,2024,9,2024-09,68,경기도,의정부시,모래야놀자,51,의정부 2024_09.csv,문화관광,테마공원
의정부,2024,9,2024-09,69,경기도,의정부시,알쏭달쏭키즈드로잉,50,의정부 2024_09.csv,문화관광,테마공원
의정부,2024,9,2024-09,70,경기도,의정부시,우리소극장,45,의정부 2024_09.csv,문화관광,공연시설
의정부,2024,9,2024-09,70,경기도,의정부시,리드민리듬체조민락본점,45,의정부 2024_09.csv,레저스포츠,기타레저스포츠
의정부,2024,9,2024-09,72,경기도,의정부시,신곡탁구클럽,44,의정부 2024_09.csv,레저스포츠,기타레저스포츠
의정부,2024,9,2024-09,73,경기도,의정부시,김미미도예공방,42,의정부 2024_09.csv,체험관광,공예체험
의정부,2024,9,2024-09,74,경기도,의정부시,역전근린공원,41,의정부 2024_09.csv,문화관광,도시공원
의정부,2024,9,2024-09,75,경기도,의정부시,신곡새빛정원,39,의정부 2024_09.csv,문화관광,도시공원
의정부,2024,9,2024-09,76,경기도,의정부시,아로하포레스트,38,의정부 2024_09.csv,문화관광,테마공원
의정부,2024,9,2024-09,77,경기도,의정부시,희망어린이공원,37,의정부 2024_09.csv,문화관광,도시공원
의정부,2024,9,2024-09,78,경기도,의정부시,꿀잼키즈룸의정부민락점,36,의정부 2024_09.csv,문화관광,테마공원
의정부,2024,9,2024-09,79,경기도,의정부시,스카이짐유소년스포츠클럽녹양점,35,의정부 2024_09.csv,레저스포츠,기타레저스포츠
의정부,2024,9,2024-09,79,경기도,의정부시,쌍암사,35,의정부 2024_09.csv,역사관광,종교성지
의정부,2024,9,2024-09,79,경기도,의정부시,소망어린이공원,35,의정부 2024_09.csv,문화관광,도시공원
의정부,2024,9,2024-09,79,경기도,의정부시,마린앤키즈,35,의정부 2024_09.csv,문화관광,테마공원
의정부,2024,9,2024-09,83,경기도,의정부시,정혜사의정부포교원,34,의정부 2024_09.csv,역사관광,종교성지
의정부,2024,9,2024-09,84,경기도,의정부시,투앤디수영장,33,의정부 2024_09.csv,문화관광,테마공원
의정부,2024,9,2024-09,84,경기도,의정부시,원각사,33,의정부 2024_09.csv,역사관광,종교성지
의정부,2024,9,2024-09,86,경기도,의정부시,윤한미탁구클럽,32,의정부 2024_09.csv,레저스포츠,기타레저스포츠
의정부,2024,9,2024-09,87,경기도,의정부시,범골어린이공원,31,의정부 2024_09.csv,문화관광,도시공원
의정부,2024,9,2024-09,87,경기도,의정부시,현충탑,31,의정부 2024_09.csv,역사관광,역사유물
의정부,2024,9,2024-09,89,경기도,의정부시,의정부축구센터,30,의정부 2024_09.csv,레저스포츠,기타레저스포츠
의정부,2024,9,2024-09,90,경기도,의정부시,태조이성계상,28,의정부 2024_09.csv,기타관광,기타관광
의정부,2024,9,2024-09,91,경기도,의정부시,메이드라인,24,의정부 2024_09.csv,레저스포츠,기타레저스포츠
의정부,2024,9,2024-09,91,경기도,의정부시,사패산,24,의정부 2024_09.csv,자연관광,자연경관(산)
의정부,2024,9,2024-09,93,경기도,의정부시,꽃동네어린이공원,23,의정부 2024_09.csv,문화관광,도시공원
의정부,2024,9,2024-09,94,경기도,의정부시,김병지축구클럽의정부롯데마트점,22,의정부 2024_09.csv,레저스포츠,기타레저스포츠
의정부,2024,9,2024-09,94,경기도,의정부시,레벨업탁구클럽,22,의정부 2024_09.csv,레저스포츠,기타레저스포츠
의정부,2024,9,2024-09,96,경기도,의정부시,민락리틀야구장,20,의정부 2024_09.csv,문화관광,레저스포츠시설
의정부,2024,9,2024-09,97,경기도,의정부시,롤프렌롤러장,19,의정부 2024_09.csv,레저스포츠,육상레저스포츠
의정부,2024,9,2024-09,98,경기도,의정부시,의정부망월풋살구장,18,의정부 2024_09.csv,레저스포츠,기타레저스포츠
의정부,2024,9,2024-09,98,경기도,의정부시,의정부시장,18,의정부 2024_09.csv,쇼핑,시장
의정부,2024,9,2024-09,98,경기도,의정부시,석림사계곡,18,의정부 2024_09.csv,자연관광,자연경관(산)
의정부,2024,9,2024-09,101,경기도,의정부시,무지랭이계곡,17,의정부 2024_09.csv,자연관광,자연경관(산)
의정부,2024,9,2024-09,101,경기도,의정부시,관음사,17,의정부 2024_09.csv,역사관광,종교성지
의정부,2024,9,2024-09,101,경기도,의정부시,로데오거리상점가,17,의정부 2024_09.csv,쇼핑,시장
의정부,2024,9,2024-09,104,경기도,의정부시,리틀베이비,16,의정부 2024_09.csv,문화관광,테마공원
의정부,2024,9,2024-09,105,경기도,의정부시,바둑전용경기장건축중(2026년08월 완공예정),15,의정부 2024_09.csv,레저스포츠,기타레저스포츠
의정부,2024,9,2024-09,106,경기도,의정부시,드래곤트릭킹짐,13,의정부 2024_09.csv,레저스포츠,기타레저스포츠
의정부,2024,9,2024-09,106,경기도,의정부시,송산1호수변공원,13,의정부 2024_09.csv,문화관광,도시공원
의정부,2024,9,2024-09,106,경기도,의정부시,사패산안골통제소방면,13,의정부 2024_09.csv,자연관광,자연경관(산)
의정부,2024,9,2024-09,106,경기도,의정부시,정화사,13,의정부 2024_09.csv,역사관광,종교성지
의정부,2024,9,2024-09,110,경기도,의정부시,회룡문화공원,12,의정부 2024_09.csv,문화관광,도시공원
의정부,2024,9,2024-09,110,경기도,의정부시,쿠키즈룸,12,의정부 2024_09.csv,문화관광,테마공원
의정부,2024,9,2024-09,110,경기도,의정부시,신효섭탁구장,12,의정부 2024_09.csv,레저스포츠,기타레저스포츠
의정부,2024,9,2024-09,110,경기도,의정부시,정수선원,12,의정부 2024_09.csv,역사관광,종교성지
의정부,2024,9,2024-09,110,경기도,의정부시,와우민턴샵,12,의정부 2024_09.csv,레저스포츠,기타레저스포츠
의정부,2024,9,2024-09,115,경기도,의정부시,한국산악연수원CAC등산학교,11,의정부 2024_09.csv,레저스포츠,기타레저스포츠
의정부,2024,9,2024-09,115,경기도,의정부시,상금오어린이공원,11,의정부 2024_09.csv,문화관광,도시공원
의정부,2024,9,2024-09,117,경기도,의정부시,약수배드민턴클럽,10,의정부 2024_09.csv,레저스포츠,기타레저스포츠
의정부,2024,9,2024-09,117,경기도,의정부시,쌍용사,10,의정부 2024_09.csv,역사관광,종교성지
의정부,2024,9,2024-09,119,경기도,의정부시,승지원트레이닝센터,9,의정부 2024_09.csv,레저스포츠,기타레저스포츠
의정부,2024,9,2024-09,119,경기도,의정부시,동심어린이공원,9,의정부 2024_09.csv,문화관광,도시공원
의정부,2024,9,2024-09,119,경기도,의정부시,색동어린이공원,9,의정부 2024_09.csv,문화관광,도시공원
의정부,2024,9,2024-09,119,경기도,의정부시,수락사,9,의정부 2024_09.csv,역사관광,종교성지
의정부,2024,9,2024-09,119,경기도,의정부시,정하영탁구클럽,9,의정부 2024_09.csv,레저스포츠,기타레저스포츠
의정부,2024,9,2024-09,119,경기도,의정부시,의정부예술의전당소극장,9,의정부 2024_09.csv,문화관광,공연시설
의정부,2024,9,2024-09,125,경기도,의정부시,드림탁구클럽,8,의정부 2024_09.csv,레저스포츠,기타레저스포츠
의정부,2024,9,2024-09,125,경기도,의정부시,이성숙탁구클럽,8,의정부 2024_09.csv,레저스포츠,기타레저스포츠
의정부,2024,9,2024-09,125,경기도,의정부시,홍익문화공원,8,의정부 2024_09.csv,문화관광,도시공원
의정부,2024,9,2024-09,125,경기도,의정부시,용현사,8,의정부 2024_09.csv,역사관광,종교성지
의정부,2024,9,2024-09,129,경기도,의정부시,북한산국립공원원도봉탐방지원센터,7,의정부 2024_09.csv,기타관광,기타관광
의정부,2024,9,2024-09,129,경기도,의정부시,의정부삼일운동기념비,7,의정부 2024_09.csv,역사관광,역사유물
의정부,2024,9,2024-09,129,경기도,의정부시,동그라미탁구교실,7,의정부 2024_09.csv,레저스포츠,기타레저스포츠
의정부,2024,9,2024-09,129,경기도,의정부시,망월사천봉선사탑비,7,의정부 2024_09.csv,역사관광,역사유적지
의정부,2024,9,2024-09,129,경기도,의정부시,오목문화근린공원,7,의정부 2024_09.csv,문화관광,도시공원
의정부,2024,9,2024-09,129,경기도,의정부시,용현정,7,의정부 2024_09.csv,레저스포츠,육상레저스포츠
의정부,2024,9,2024-09,129,경기도,의정부시,무지랭이약수터,7,의정부 2024_09.csv,자연관광,자연경관(산)
의정부,2024,9,2024-09,129,경기도,의정부시,리얼야구존의정부점,7,의정부 2024_09.csv,레저스포츠,기타레저스포츠
의정부,2024,9,2024-09,129,경기도,의정부시,스트라이크존의정부구장,7,의정부 2024_09.csv,레저스포츠,기타레저스포츠
의정부,2024,9,2024-09,129,경기도,의정부시,슈퍼키즈스카이방방의정부민락점,7,의정부 2024_09.csv,문화관광,테마공원
의정부,2024,9,2024-09,129,경기도,의정부시,들꽃마을,7,의정부 2024_09.csv,문화관광,테마공원
의정부,2024,9,2024-09,140,경기도,의정부시,부용시민정원,6,의정부 2024_09.csv,문화관광,도시공원
의정부,2024,9,2024-09,140,경기도,의정부시,슈가복싱회룡점,6,의정부 2024_09.csv,레저스포츠,기타레저스포츠
의정부,2024,9,2024-09,140,경기도,의정부시,우리끼리 키즈카페 스포츠마을의정부민락점,6,의정부 2024_09.csv,문화관광,테마공원
의정부,2024,9,2024-09,140,경기도,의정부시,의정부기억저장소,6,의정부 2024_09.csv,문화관광,전시시설
의정부,2024,9,2024-09,140,경기도,의정부시,아이노리키즈카페,6,의정부 2024_09.csv,문화관광,테마공원
의정부,2024,9,2024-09,140,경기도,의정부시,대원사,6,의정부 2024_09.csv,역사관광,종교성지
의정부,2024,9,2024-09,140,경기도,의정부시,백합어린이공원,6,의정부 2024_09.csv,문화관광,도시공원
의정부,2024,9,2024-09,140,경기도,의정부시,문화어린이공원,6,의정부 2024_09.csv,문화관광,도시공원
의정부,2024,9,2024-09,140,경기도,의정부시,신곡어린이공원,6,의정부 2024_09.csv,문화관광,도시공원
의정부,2024,9,2024-09,140,경기도,의정부시,장암발곡근린공원,6,의정부 2024_09.csv,문화관광,도시공원
의정부,2024,9,2024-09,140,경기도,의정부시,트라이포스의정부주짓수,6,의정부 2024_09.csv,레저스포츠,기타레저스포츠
의정부,2024,9,2024-09,140,경기도,의정부시,추동웰빙공원,6,의정부 2024_09.csv,문화관광,도시공원
의정부,2024,9,2024-09,140,경기도,의정부시,킹클라이밍,6,의정부 2024_09.csv,레저스포츠,기타레저스포츠
의정부,2024,9,2024-09,153,경기도,의정부시,쌍암사현대불교,5,의정부 2024_09.csv,역사관광,종교성지
의정부,2024,9,2024-09,153,경기도,의정부시,원효사,5,의정부 2024_09.csv,역사관광,종교성지
의정부,2024,9,2024-09,155,경기도,의정부시,영산법화사,4,의정부 2024_09.csv,역사관광,종교성지
의정부,2024,9,2024-09,155,경기도,의정부시,영신종묘사,4,의정부 2024_09.csv,쇼핑,시장
의정부,2024,9,2024-09,155,경기도,의정부시,산군무에타이킥복싱체육관,4,의정부 2024_09.csv,레저스포츠,기타레저스포츠
의정부,2024,9,2024-09,155,경기도,의정부시,용화사,4,의정부 2024_09.csv,역사관광,종교성지
의정부,2024,9,2024-09,159,경기도,의정부시,미가사,3,의정부 2024_09.csv,역사관광,종교성지
의정부,2024,9,2024-09,159,경기도,의정부시,킴스라인댄스,3,의정부 2024_09.csv,레저스포츠,기타레저스포츠
의정부,2024,9,2024-09,159,경기도,의정부시,홍짐,3,의정부 2024_09.csv,레저스포츠,기타레저스포츠
의정부,2024,9,2024-09,159,경기도,의정부시,샤모니클라이밍,3,의정부 2024_09.csv,레저스포츠,기타레저스포츠
의정부,2024,9,2024-09,159,경기도,의정부시,펀치라인복싱짐민락본점,3,의정부 2024_09.csv,레저스포츠,기타레저스포츠
의정부,2024,9,2024-09,159,경기도,의정부시,슈가복싱의정부점,3,의정부 2024_09.csv,레저스포츠,기타레저스포츠
의정부,2024,9,2024-09,159,경기도,의정부시,의정부약수선원목조보살입상,3,의정부 2024_09.csv,역사관광,역사유적지
의정부,2024,9,2024-09,159,경기도,의정부시,덕천사,3,의정부 2024_09.csv,역사관광,종교성지
의정부,2024,9,2024-09,159,경기도,의정부시,리빙다이어트복싱,3,의정부 2024_09.csv,레저스포츠,기타레저스포츠
의정부,2024,9,2024-09,159,경기도,의정부시,무지개어린이공원,3,의정부 2024_09.csv,문화관광,도시공원
의정부,2024,9,2024-09,159,경기도,의정부시,토끼어린이공원,3,의정부 2024_09.csv,문화관광,도시공원
의정부,2024,9,2024-09,159,경기도,의정부시,문예어린이공원,3,의정부 2024_09.csv,문화관광,도시공원
의정부,2024,9,2024-09,159,경기도,의정부시,하금오어린이공원,3,의정부 2024_09.csv,문화관광,도시공원
의정부,2024,9,2024-09,159,경기도,의정부시,호동어린이공원,3,의정부 2024_09.csv,문화관광,도시공원
의정부,2024,9,2024-09,159,경기도,의정부시,백석천근린공원,3,의정부 2024_09.csv,문화관광,도시공원
의정부,2024,9,2024-09,159,경기도,의정부시,꿈어린이공원,3,의정부 2024_09.csv,문화관광,도시공원
의정부,2024,9,2024-09,159,경기도,의정부시,새말어린이공원,3,의정부 2024_09.csv,문화관광,도시공원
의정부,2024,9,2024-09,159,경기도,의정부시,이태영탁구교실,3,의정부 2024_09.csv,레저스포츠,기타레저스포츠
의정부,2024,9,2024-09,159,경기도,의정부시,현대탁구클럽,3,의정부 2024_09.csv,레저스포츠,기타레저스포츠
의정부,2024,9,2024-09,159,경기도,의정부시,무지랭이약수터,3,의정부 2024_09.csv,자연관광,자연경관(산)
의정부,2024,9,2024-09,159,경기도,의정부시,상원사,3,의정부 2024_09.csv,역사관광,종교성지
의정부,2024,9,2024-09,159,경기도,의정부시,심원사,3,의정부 2024_09.csv,역사관광,종교성지
의정부,2024,9,2024-09,159,경기도,의정부시,여래사,3,의정부 2024_09.csv,역사관광,종교성지
의정부,2024,9,2024-09,159,경기도,의정부시,너나들이어린이공원,3,의정부 2024_09.csv,문화관광,도시공원
의정부,2024,9,2024-09,159,경기도,의정부시,어울놀이패밀리카페,3,의정부 2024_09.csv,문화관광,테마공원
의정부,2024,9,2024-09,159,경기도,의정부시,귀락문화공원,3,의정부 2024_09.csv,문화관광,도시공원
의정부,2024,9,2024-09,159,경기도,의정부시,홍법사,3,의정부 2024_09.csv,역사관광,종교성지
의정부,2024,9,2024-09,159,경기도,의정부시,연주암,3,의정부 2024_09.csv,역사관광,종교성지
의정부,2024,10,2024-10,1,경기도,의정부시,신세계백화점의정부점,21593,의정부 2024_10.csv,쇼핑,백화점
의정부,2024,10,2024-10,2,경기도,의정부시,의정부제일시장,8679,의정부 2024_10.csv,쇼핑,시장
의정부,2024,10,2024-10,3,경기도,의정부시,의정부버스터미널,3940,의정부 2024_10.csv,기타관광,교통시설
의정부,2024,10,2024-10,4,경기도,의정부시,의정부예술의전당,3182,의정부 2024_10.csv,문화관광,공연시설
의정부,2024,10,2024-10,5,경기도,의정부시,의정부실내빙상장,2136,의정부 2024_10.csv,레저스포츠,육상레저스포츠
의정부,2024,10,2024-10,6,경기도,의정부시,롯데시네마의정부민락,1939,의정부 2024_10.csv,문화관광,공연시설
의정부,2024,10,2024-10,7,경기도,의정부시,메가박스의정부민락,1819,의정부 2024_10.csv,문화관광,공연시설
의정부,2024,10,2024-10,8,경기도,의정부시,CGV의정부태흥,1492,의정부 2024_10.csv,문화관광,공연시설
의정부,2024,10,2024-10,9,경기도,의정부시,직동근린공원,964,의정부 2024_10.csv,문화관광,도시공원
의정부,2024,10,2024-10,10,경기도,의정부시,의정부시청소년수련관,807,의정부 2024_10.csv,레저스포츠,육상레저스포츠
의정부,2024,10,2024-10,11,경기도,의정부시,송산배수지체육시설,782,의정부 2024_10.csv,문화관광,도시공원
의정부,2024,10,2024-10,11,경기도,의정부시,신곡실내배드민턴장,782,의정부 2024_10.csv,레저스포츠,기타레저스포츠
의정부,2024,10,2024-10,13,경기도,의정부시,CGV의정부,720,의정부 2024_10.csv,문화관광,공연시설
의정부,2024,10,2024-10,14,경기도,의정부시,낙양물사랑공원,713,의정부 2024_10.csv,문화관광,도시공원
의정부,2024,10,2024-10,15,경기도,의정부시,태영프라자,702,의정부 2024_10.csv,쇼핑,쇼핑몰
의정부,2024,10,2024-10,16,경기도,의정부시,송산사지근린공원,522,의정부 2024_10.csv,문화관광,도시공원
의정부,2024,10,2024-10,17,경기도,의정부시,점핑몬스터의정부점,471,의정부 2024_10.csv,문화관광,테마공원
의정부,2024,10,2024-10,18,경기도,의정부시,렛츠런CCC의정부지점,427,의정부 2024_10.csv,레저스포츠,육상레저스포츠
의정부,2024,10,2024-10,19,경기도,의정부시,석림사,392,의정부 2024_10.csv,역사관광,종교성지
의정부,2024,10,2024-10,20,경기도,의정부시,와글아이의정부점,369,의정부 2024_10.csv,문화관광,테마공원
의정부,2024,10,2024-10,21,경기도,의정부시,회룡사,306,의정부 2024_10.csv,역사관광,종교성지
의정부,2024,10,2024-10,22,경기도,의정부시,활기체육공원,301,의정부 2024_10.csv,문화관광,도시공원
의정부,2024,10,2024-10,23,경기도,의정부시,고고다이노키즈카페민락점,288,의정부 2024_10.csv,문화관광,테마공원
의정부,2024,10,2024-10,24,경기도,의정부시,서울승마클럽,263,의정부 2024_10.csv,레저스포츠,육상레저스포츠
의정부,2024,10,2024-10,25,경기도,의정부시,자일산림욕장,248,의정부 2024_10.csv,자연관광,자연공원
의정부,2024,10,2024-10,26,경기도,의정부시,곤제구장,231,의정부 2024_10.csv,문화관광,레저스포츠시설
의정부,2024,10,2024-10,27,경기도,의정부시,의정부가구거리,230,의정부 2024_10.csv,쇼핑,기타쇼핑시설
의정부,2024,10,2024-10,28,경기도,의정부시,직동축구장,213,의정부 2024_10.csv,문화관광,레저스포츠시설
의정부,2024,10,2024-10,29,경기도,의정부시,추동배드민턴장,198,의정부 2024_10.csv,레저스포츠,기타레저스포츠
의정부,2024,10,2024-10,30,경기도,의정부시,천보탁구장,174,의정부 2024_10.csv,레저스포츠,기타레저스포츠
의정부,2024,10,2024-10,31,경기도,의정부시,녹양야구장,173,의정부 2024_10.csv,문화관광,레저스포츠시설
의정부,2024,10,2024-10,32,경기도,의정부시,경륜경정의정부지점,161,의정부 2024_10.csv,레저스포츠,육상레저스포츠
의정부,2024,10,2024-10,33,경기도,의정부시,망월사,159,의정부 2024_10.csv,역사관광,종교성지
의정부,2024,10,2024-10,33,경기도,의정부시,고고롤러스케이트장,159,의정부 2024_10.csv,레저스포츠,육상레저스포츠
의정부,2024,10,2024-10,35,경기도,의정부시,장암파크골프장,158,의정부 2024_10.csv,레저스포츠,육상레저스포츠
의정부,2024,10,2024-10,35,경기도,의정부시,푸른마당근린공원,158,의정부 2024_10.csv,문화관광,도시공원
의정부,2024,10,2024-10,37,경기도,의정부시,점프스카이민락점,156,의정부 2024_10.csv,문화관광,테마공원
의정부,2024,10,2024-10,38,경기도,의정부시,자일낚시터,154,의정부 2024_10.csv,레저스포츠,수상레저스포츠
의정부,2024,10,2024-10,39,경기도,의정부시,북한산국립공원회룡탐방지원센터,150,의정부 2024_10.csv,기타관광,기타관광
의정부,2024,10,2024-10,40,경기도,의정부시,서영빌딩서관,144,의정부 2024_10.csv,문화관광,기타문화관광지
의정부,2024,10,2024-10,41,경기도,의정부시,허니비풋살파크,141,의정부 2024_10.csv,문화관광,레저스포츠시설
의정부,2024,10,2024-10,42,경기도,의정부시,히어로키즈파크의정부지점,139,의정부 2024_10.csv,문화관광,테마공원
의정부,2024,10,2024-10,43,경기도,의정부시,의정부예술의전당대극장,135,의정부 2024_10.csv,문화관광,공연시설
의정부,2024,10,2024-10,44,경기도,의정부시,타요키즈카페의정부민락점,121,의정부 2024_10.csv,문화관광,테마공원
의정부,2024,10,2024-10,45,경기도,의정부시,신곡새빛정원,117,의정부 2024_10.csv,문화관광,도시공원
의정부,2024,10,2024-10,45,경기도,의정부시,곤제근린공원,117,의정부 2024_10.csv,문화관광,도시공원
의정부,2024,10,2024-10,47,경기도,의정부시,의정부청과야채시장,102,의정부 2024_10.csv,쇼핑,시장
의정부,2024,10,2024-10,47,경기도,의정부시,헬로방방민락점,102,의정부 2024_10.csv,문화관광,테마공원
의정부,2024,10,2024-10,49,경기도,의정부시,나리벡시티테마파크건축중(2027년01월 예정),101,의정부 2024_10.csv,문화관광,테마공원
의정부,2024,10,2024-10,50,경기도,의정부시,의정부시리틀야구장,92,의정부 2024_10.csv,문화관광,레저스포츠시설
의정부,2024,10,2024-10,51,경기도,의정부시,정혜사의정부포교원,89,의정부 2024_10.csv,역사관광,종교성지
의정부,2024,10,2024-10,52,경기도,의정부시,의정부예술의전당소극장,82,의정부 2024_10.csv,문화관광,공연시설
의정부,2024,10,2024-10,53,경기도,의정부시,벌말어린이공원,81,의정부 2024_10.csv,문화관광,도시공원
의정부,2024,10,2024-10,54,경기도,의정부시,의정부천문대,79,의정부 2024_10.csv,레저스포츠,기타레저스포츠
의정부,2024,10,2024-10,55,경기도,의정부시,호암사,76,의정부 2024_10.csv,역사관광,종교성지
의정부,2024,10,2024-10,56,경기도,의정부시,장수원배드민턴클럽,73,의정부 2024_10.csv,레저스포츠,기타레저스포츠
의정부,2024,10,2024-10,57,경기도,의정부시,안골유원지,71,의정부 2024_10.csv,문화관광,복합관광시설
의정부,2024,10,2024-10,58,경기도,의정부시,김민성탁구클럽,70,의정부 2024_10.csv,레저스포츠,기타레저스포츠
의정부,2024,10,2024-10,59,경기도,의정부시,민락리틀야구장,68,의정부 2024_10.csv,문화관광,레저스포츠시설
의정부,2024,10,2024-10,59,경기도,의정부시,태조이성계상,68,의정부 2024_10.csv,기타관광,기타관광
의정부,2024,10,2024-10,61,경기도,의정부시,알쏭달쏭키즈드로잉,65,의정부 2024_10.csv,문화관광,테마공원
의정부,2024,10,2024-10,62,경기도,의정부시,안골계곡,56,의정부 2024_10.csv,자연관광,자연경관(산)
의정부,2024,10,2024-10,63,경기도,의정부시,현충탑,55,의정부 2024_10.csv,역사관광,역사유물
의정부,2024,10,2024-10,63,경기도,의정부시,백영수미술관,55,의정부 2024_10.csv,문화관광,전시시설
의정부,2024,10,2024-10,65,경기도,의정부시,마린앤키즈,54,의정부 2024_10.csv,문화관광,테마공원
의정부,2024,10,2024-10,66,경기도,의정부시,어수정어린이공원,52,의정부 2024_10.csv,문화관광,도시공원
의정부,2024,10,2024-10,66,경기도,의정부시,리드민리듬체조민락본점,52,의정부 2024_10.csv,레저스포츠,기타레저스포츠
의정부,2024,10,2024-10,68,경기도,의정부시,스트라이크존의정부민락구장,46,의정부 2024_10.csv,레저스포츠,기타레저스포츠
의정부,2024,10,2024-10,69,경기도,의정부시,아로하포레스트,43,의정부 2024_10.csv,문화관광,테마공원
의정부,2024,10,2024-10,69,경기도,의정부시,사패산,43,의정부 2024_10.csv,자연관광,자연경관(산)
의정부,2024,10,2024-10,71,경기도,의정부시,역전근린공원,42,의정부 2024_10.csv,문화관광,도시공원
의정부,2024,10,2024-10,72,경기도,의정부시,꽃동네어린이공원,40,의정부 2024_10.csv,문화관광,도시공원
의정부,2024,10,2024-10,72,경기도,의정부시,희망어린이공원,40,의정부 2024_10.csv,문화관광,도시공원
의정부,2024,10,2024-10,74,경기도,의정부시,스카이짐유소년스포츠클럽녹양점,38,의정부 2024_10.csv,레저스포츠,기타레저스포츠
의정부,2024,10,2024-10,74,경기도,의정부시,의정부축구센터,38,의정부 2024_10.csv,레저스포츠,기타레저스포츠
의정부,2024,10,2024-10,76,경기도,의정부시,드래곤트릭킹짐,37,의정부 2024_10.csv,레저스포츠,기타레저스포츠
의정부,2024,10,2024-10,77,경기도,의정부시,롤프렌롤러장,34,의정부 2024_10.csv,레저스포츠,육상레저스포츠
의정부,2024,10,2024-10,78,경기도,의정부시,봉화정사,33,의정부 2024_10.csv,역사관광,종교성지
의정부,2024,10,2024-10,79,경기도,의정부시,모래야놀자,32,의정부 2024_10.csv,문화관광,테마공원
의정부,2024,10,2024-10,80,경기도,의정부시,바둑전용경기장건축중(2026년08월 완공예정),31,의정부 2024_10.csv,레저스포츠,기타레저스포츠
의정부,2024,10,2024-10,80,경기도,의정부시,사패산안골통제소방면,31,의정부 2024_10.csv,자연관광,자연경관(산)
의정부,2024,10,2024-10,82,경기도,의정부시,성불사,30,의정부 2024_10.csv,역사관광,종교성지
의정부,2024,10,2024-10,82,경기도,의정부시,신곡탁구클럽,30,의정부 2024_10.csv,레저스포츠,기타레저스포츠
의정부,2024,10,2024-10,84,경기도,의정부시,메이드라인,29,의정부 2024_10.csv,레저스포츠,기타레저스포츠
의정부,2024,10,2024-10,85,경기도,의정부시,쌍암사,28,의정부 2024_10.csv,역사관광,종교성지
의정부,2024,10,2024-10,85,경기도,의정부시,다리목근린공원,28,의정부 2024_10.csv,문화관광,도시공원
의정부,2024,10,2024-10,87,경기도,의정부시,노강서원,27,의정부 2024_10.csv,역사관광,역사유적지
의정부,2024,10,2024-10,88,경기도,의정부시,킹클라이밍,26,의정부 2024_10.csv,레저스포츠,기타레저스포츠
의정부,2024,10,2024-10,89,경기도,의정부시,범골어린이공원,25,의정부 2024_10.csv,문화관광,도시공원
의정부,2024,10,2024-10,89,경기도,의정부시,우리소극장,25,의정부 2024_10.csv,문화관광,공연시설
의정부,2024,10,2024-10,91,경기도,의정부시,원각사,24,의정부 2024_10.csv,역사관광,종교성지
의정부,2024,10,2024-10,91,경기도,의정부시,덕천사,24,의정부 2024_10.csv,역사관광,종교성지
의정부,2024,10,2024-10,91,경기도,의정부시,홍익문화공원,24,의정부 2024_10.csv,문화관광,도시공원
의정부,2024,10,2024-10,94,경기도,의정부시,추동웰빙공원,23,의정부 2024_10.csv,문화관광,도시공원
의정부,2024,10,2024-10,95,경기도,의정부시,캠프라과디아체육공원,21,의정부 2024_10.csv,문화관광,도시공원
의정부,2024,10,2024-10,95,경기도,의정부시,쿠키즈룸,21,의정부 2024_10.csv,문화관광,테마공원
의정부,2024,10,2024-10,97,경기도,의정부시,산군무에타이킥복싱체육관,20,의정부 2024_10.csv,레저스포츠,기타레저스포츠
의정부,2024,10,2024-10,98,경기도,의정부시,북한산국립공원원도봉탐방지원센터,19,의정부 2024_10.csv,기타관광,기타관광
의정부,2024,10,2024-10,98,경기도,의정부시,쌍용사,19,의정부 2024_10.csv,역사관광,종교성지
의정부,2024,10,2024-10,100,경기도,의정부시,직동근린공원통나무집,18,의정부 2024_10.csv,레저스포츠,육상레저스포츠
의정부,2024,10,2024-10,100,경기도,의정부시,김미미도예공방,18,의정부 2024_10.csv,체험관광,공예체험
의정부,2024,10,2024-10,100,경기도,의정부시,루나루즈키즈카페,18,의정부 2024_10.csv,문화관광,테마공원
의정부,2024,10,2024-10,103,경기도,의정부시,의정부기억저장소,16,의정부 2024_10.csv,문화관광,전시시설
의정부,2024,10,2024-10,104,경기도,의정부시,투앤디수영장,15,의정부 2024_10.csv,문화관광,테마공원
의정부,2024,10,2024-10,104,경기도,의정부시,꿀잼키즈룸의정부민락점,15,의정부 2024_10.csv,문화관광,테마공원
의정부,2024,10,2024-10,104,경기도,의정부시,표미영탁구클럽,15,의정부 2024_10.csv,레저스포츠,기타레저스포츠
의정부,2024,10,2024-10,104,경기도,의정부시,동심어린이공원,15,의정부 2024_10.csv,문화관광,도시공원
의정부,2024,10,2024-10,108,경기도,의정부시,예술공간휴서사,14,의정부 2024_10.csv,문화관광,공연시설
의정부,2024,10,2024-10,108,경기도,의정부시,정문부장군묘,14,의정부 2024_10.csv,역사관광,역사유적지
의정부,2024,10,2024-10,108,경기도,의정부시,백석천근린공원,14,의정부 2024_10.csv,문화관광,도시공원
의정부,2024,10,2024-10,108,경기도,의정부시,로데오거리상점가,14,의정부 2024_10.csv,쇼핑,시장
의정부,2024,10,2024-10,108,경기도,의정부시,심원사,14,의정부 2024_10.csv,역사관광,종교성지
의정부,2024,10,2024-10,113,경기도,의정부시,이성숙탁구클럽,13,의정부 2024_10.csv,레저스포츠,기타레저스포츠
의정부,2024,10,2024-10,114,경기도,의정부시,우리끼리 키즈카페 스포츠마을의정부민락점,12,의정부 2024_10.csv,문화관광,테마공원
의정부,2024,10,2024-10,114,경기도,의정부시,송산1호수변공원,12,의정부 2024_10.csv,문화관광,도시공원
의정부,2024,10,2024-10,114,경기도,의정부시,정화사,12,의정부 2024_10.csv,역사관광,종교성지
의정부,2024,10,2024-10,114,경기도,의정부시,정수선원,12,의정부 2024_10.csv,역사관광,종교성지
의정부,2024,10,2024-10,114,경기도,의정부시,와우민턴샵,12,의정부 2024_10.csv,레저스포츠,기타레저스포츠
의정부,2024,10,2024-10,119,경기도,의정부시,리틀베이비,11,의정부 2024_10.csv,문화관광,테마공원
의정부,2024,10,2024-10,119,경기도,의정부시,상금오어린이공원,11,의정부 2024_10.csv,문화관광,도시공원
의정부,2024,10,2024-10,119,경기도,의정부시,새말어린이공원,11,의정부 2024_10.csv,문화관광,도시공원
의정부,2024,10,2024-10,119,경기도,의정부시,의정부시장,11,의정부 2024_10.csv,쇼핑,시장
의정부,2024,10,2024-10,119,경기도,의정부시,홍연경민현대미술관,11,의정부 2024_10.csv,문화관광,전시시설
의정부,2024,10,2024-10,124,경기도,의정부시,아이노리키즈카페,10,의정부 2024_10.csv,문화관광,테마공원
의정부,2024,10,2024-10,124,경기도,의정부시,망월사천봉선사탑비,10,의정부 2024_10.csv,역사관광,역사유적지
의정부,2024,10,2024-10,124,경기도,의정부시,문화어린이공원,10,의정부 2024_10.csv,문화관광,도시공원
의정부,2024,10,2024-10,127,경기도,의정부시,승지원트레이닝센터,9,의정부 2024_10.csv,레저스포츠,기타레저스포츠
의정부,2024,10,2024-10,127,경기도,의정부시,슈가복싱회룡점,9,의정부 2024_10.csv,레저스포츠,기타레저스포츠
의정부,2024,10,2024-10,127,경기도,의정부시,여래사,9,의정부 2024_10.csv,역사관광,종교성지
의정부,2024,10,2024-10,127,경기도,의정부시,레벨업탁구클럽,9,의정부 2024_10.csv,레저스포츠,기타레저스포츠
의정부,2024,10,2024-10,131,경기도,의정부시,홍짐,8,의정부 2024_10.csv,레저스포츠,기타레저스포츠
의정부,2024,10,2024-10,131,경기도,의정부시,용현정,8,의정부 2024_10.csv,레저스포츠,육상레저스포츠
의정부,2024,10,2024-10,133,경기도,의정부시,킴스라인댄스,7,의정부 2024_10.csv,레저스포츠,기타레저스포츠
의정부,2024,10,2024-10,133,경기도,의정부시,청년창작공간작당,7,의정부 2024_10.csv,문화관광,기타문화관광지
의정부,2024,10,2024-10,133,경기도,의정부시,베스트아이스포츠클럽,7,의정부 2024_10.csv,레저스포츠,기타레저스포츠
의정부,2024,10,2024-10,133,경기도,의정부시,살판마을극장,7,의정부 2024_10.csv,문화관광,공연시설
의정부,2024,10,2024-10,133,경기도,의정부시,관음사,7,의정부 2024_10.csv,역사관광,종교성지
의정부,2024,10,2024-10,133,경기도,의정부시,신곡어린이공원,7,의정부 2024_10.csv,문화관광,도시공원
의정부,2024,10,2024-10,133,경기도,의정부시,윤한미탁구클럽,7,의정부 2024_10.csv,레저스포츠,기타레저스포츠
의정부,2024,10,2024-10,133,경기도,의정부시,유니크발레,7,의정부 2024_10.csv,레저스포츠,기타레저스포츠
의정부,2024,10,2024-10,141,경기도,의정부시,중앙문화공원,6,의정부 2024_10.csv,문화관광,도시공원
의정부,2024,10,2024-10,141,경기도,의정부시,버들개야구장,6,의정부 2024_10.csv,문화관광,레저스포츠시설
의정부,2024,10,2024-10,141,경기도,의정부시,직동수련원,6,의정부 2024_10.csv,레저스포츠,육상레저스포츠
의정부,2024,10,2024-10,141,경기도,의정부시,의정부망월풋살구장,6,의정부 2024_10.csv,레저스포츠,기타레저스포츠
의정부,2024,10,2024-10,141,경기도,의정부시,의정부역(2024년12월개통예정),6,의정부 2024_10.csv,기타관광,교통시설
의정부,2024,10,2024-10,141,경기도,의정부시,하금오어린이공원,6,의정부 2024_10.csv,문화관광,도시공원
의정부,2024,10,2024-10,141,경기도,의정부시,오목문화근린공원,6,의정부 2024_10.csv,문화관광,도시공원
의정부,2024,10,2024-10,141,경기도,의정부시,수락사,6,의정부 2024_10.csv,역사관광,종교성지
의정부,2024,10,2024-10,141,경기도,의정부시,부양수산,6,의정부 2024_10.csv,쇼핑,시장
의정부,2024,10,2024-10,141,경기도,의정부시,슈퍼키즈스카이방방의정부민락점,6,의정부 2024_10.csv,문화관광,테마공원
의정부,2024,10,2024-10,141,경기도,의정부시,복싱히어로의정부금오점,6,의정부 2024_10.csv,레저스포츠,기타레저스포츠
의정부,2024,10,2024-10,141,경기도,의정부시,신원배드민턴클럽,6,의정부 2024_10.csv,레저스포츠,기타레저스포츠
의정부,2024,10,2024-10,153,경기도,의정부시,약수배드민턴클럽,5,의정부 2024_10.csv,레저스포츠,기타레저스포츠
의정부,2024,10,2024-10,153,경기도,의정부시,스카이공연홀,5,의정부 2024_10.csv,문화관광,공연시설
의정부,2024,10,2024-10,153,경기도,의정부시,문예어린이공원,5,의정부 2024_10.csv,문화관광,도시공원
의정부,2024,10,2024-10,153,경기도,의정부시,공룡어린이공원,5,의정부 2024_10.csv,문화관광,도시공원
의정부,2024,10,2024-10,153,경기도,의정부시,상록어린이공원,5,의정부 2024_10.csv,문화관광,도시공원
의정부,2024,10,2024-10,153,경기도,의정부시,귀락문화공원,5,의정부 2024_10.csv,문화관광,도시공원
의정부,2024,10,2024-10,159,경기도,의정부시,드림탁구클럽,4,의정부 2024_10.csv,레저스포츠,기타레저스포츠
의정부,2024,10,2024-10,159,경기도,의정부시,동그라미탁구교실,4,의정부 2024_10.csv,레저스포츠,기타레저스포츠
의정부,2024,10,2024-10,159,경기도,의정부시,슈가복싱의정부점,4,의정부 2024_10.csv,레저스포츠,기타레저스포츠
의정부,2024,10,2024-10,159,경기도,의정부시,샛별어린이공원,4,의정부 2024_10.csv,문화관광,도시공원
의정부,2024,10,2024-10,159,경기도,의정부시,바랑골어린이공원,4,의정부 2024_10.csv,문화관광,도시공원
의정부,2024,10,2024-10,159,경기도,의정부시,중앙어린이공원,4,의정부 2024_10.csv,문화관광,도시공원
의정부,2024,10,2024-10,159,경기도,의정부시,소망어린이공원,4,의정부 2024_10.csv,문화관광,도시공원
의정부,2024,10,2024-10,159,경기도,의정부시,장암발곡근린공원,4,의정부 2024_10.csv,문화관광,도시공원
의정부,2024,10,2024-10,159,경기도,의정부시,천보근린공원,4,의정부 2024_10.csv,문화관광,도시공원
의정부,2024,10,2024-10,159,경기도,의정부시,무지랭이약수터,4,의정부 2024_10.csv,자연관광,자연경관(산)
의정부,2024,10,2024-10,159,경기도,의정부시,정하영탁구클럽,4,의정부 2024_10.csv,레저스포츠,기타레저스포츠
의정부,2024,10,2024-10,159,경기도,의정부시,닥터레드뮤직,4,의정부 2024_10.csv,문화관광,공연시설
의정부,2024,10,2024-10,159,경기도,의정부시,김병지축구클럽의정부롯데마트점,4,의정부 2024_10.csv,레저스포츠,기타레저스포츠
의정부,2024,10,2024-10,159,경기도,의정부시,무량사,4,의정부 2024_10.csv,역사관광,종교성지
의정부,2024,10,2024-10,173,경기도,의정부시,바나다번지&핏,3,의정부 2024_10.csv,레저스포츠,기타레저스포츠
의정부,2024,10,2024-10,173,경기도,의정부시,갤러리평화,3,의정부 2024_10.csv,문화관광,전시시설
의정부,2024,10,2024-10,173,경기도,의정부시,그린달스튜디오,3,의정부 2024_10.csv,체험관광,공예체험
의정부,2024,10,2024-10,173,경기도,의정부시,의정부행복나눔목공소,3,의정부 2024_10.csv,체험관광,공예체험
의정부,2024,10,2024-10,173,경기도,의정부시,의정부문화역 이음,3,의정부 2024_10.csv,문화관광,기타문화관광지
의정부,2024,10,2024-10,173,경기도,의정부시,원도봉산,3,의정부 2024_10.csv,자연관광,자연경관(산)
의정부,2024,10,2024-10,173,경기도,의정부시,대원사,3,의정부 2024_10.csv,역사관광,종교성지
의정부,2024,10,2024-10,173,경기도,의정부시,백합어린이공원,3,의정부 2024_10.csv,문화관광,도시공원
의정부,2024,10,2024-10,173,경기도,의정부시,토끼어린이공원,3,의정부 2024_10.csv,문화관광,도시공원
의정부,2024,10,2024-10,173,경기도,의정부시,선행어린이공원,3,의정부 2024_10.csv,문화관광,도시공원
의정부,2024,10,2024-10,173,경기도,의정부시,장수원어린이공원,3,의정부 2024_10.csv,문화관광,도시공원
의정부,2024,10,2024-10,173,경기도,의정부시,금빛어린이공원,3,의정부 2024_10.csv,문화관광,도시공원
의정부,2024,10,2024-10,173,경기도,의정부시,이태영탁구교실,3,의정부 2024_10.csv,레저스포츠,기타레저스포츠
의정부,2024,10,2024-10,173,경기도,의정부시,원효사,3,의정부 2024_10.csv,역사관광,종교성지
의정부,2024,10,2024-10,173,경기도,의정부시,무지랭이약수터,3,의정부 2024_10.csv,자연관광,자연경관(산)
의정부,2024,10,2024-10,173,경기도,의정부시,트라이포스의정부주짓수,3,의정부 2024_10.csv,레저스포츠,기타레저스포츠
의정부,2024,10,2024-10,173,경기도,의정부시,천보산,3,의정부 2024_10.csv,자연관광,자연경관(산)
의정부,2024,10,2024-10,173,경기도,의정부시,북한산둘레길16구간,3,의정부 2024_10.csv,레저스포츠,기타레저스포츠
의정부,2024,10,2024-10,173,경기도,의정부시,리얼야구존의정부점,3,의정부 2024_10.csv,레저스포츠,기타레저스포츠
의정부,2024,10,2024-10,173,경기도,의정부시,추동공원,3,의정부 2024_10.csv,문화관광,도시공원
의정부,2024,10,2024-10,173,경기도,의정부시,칠불암공덕원,3,의정부 2024_10.csv,역사관광,종교성지
의정부,2024,10,2024-10,173,경기도,의정부시,어울놀이패밀리카페,3,의정부 2024_10.csv,문화관광,테마공원
의정부,2024,10,2024-10,173,경기도,의정부시,의정부LKFC유소년축구클럽,3,의정부 2024_10.csv,레저스포츠,기타레저스포츠
의정부,2024,11,2024-11,1,경기도,의정부시,신세계백화점의정부점,22066,의정부 2024_11.csv,쇼핑,백화점
의정부,2024,11,2024-11,2,경기도,의정부시,의정부제일시장,8570,의정부 2024_11.csv,쇼핑,시장
의정부,2024,11,2024-11,3,경기도,의정부시,의정부버스터미널,3745,의정부 2024_11.csv,기타관광,교통시설
의정부,2024,11,2024-11,4,경기도,의정부시,의정부예술의전당,3434,의정부 2024_11.csv,문화관광,공연시설
의정부,2024,11,2024-11,5,경기도,의정부시,메가박스의정부민락,1876,의정부 2024_11.csv,문화관광,공연시설
의정부,2024,11,2024-11,6,경기도,의정부시,롯데시네마의정부민락,1773,의정부 2024_11.csv,문화관광,공연시설
의정부,2024,11,2024-11,7,경기도,의정부시,CGV의정부태흥,1538,의정부 2024_11.csv,문화관광,공연시설
의정부,2024,11,2024-11,8,경기도,의정부시,의정부실내빙상장,991,의정부 2024_11.csv,레저스포츠,육상레저스포츠
의정부,2024,11,2024-11,9,경기도,의정부시,직동근린공원,802,의정부 2024_11.csv,문화관광,도시공원
의정부,2024,11,2024-11,10,경기도,의정부시,신곡실내배드민턴장,800,의정부 2024_11.csv,레저스포츠,기타레저스포츠
의정부,2024,11,2024-11,11,경기도,의정부시,태영프라자,791,의정부 2024_11.csv,쇼핑,쇼핑몰
의정부,2024,11,2024-11,12,경기도,의정부시,낙양물사랑공원,735,의정부 2024_11.csv,문화관광,도시공원
의정부,2024,11,2024-11,13,경기도,의정부시,CGV의정부,688,의정부 2024_11.csv,문화관광,공연시설
의정부,2024,11,2024-11,14,경기도,의정부시,송산배수지체육시설,687,의정부 2024_11.csv,문화관광,도시공원
의정부,2024,11,2024-11,15,경기도,의정부시,의정부시청소년수련관,679,의정부 2024_11.csv,레저스포츠,육상레저스포츠
의정부,2024,11,2024-11,16,경기도,의정부시,점핑몬스터의정부점,577,의정부 2024_11.csv,문화관광,테마공원
의정부,2024,11,2024-11,17,경기도,의정부시,석림사,508,의정부 2024_11.csv,역사관광,종교성지
의정부,2024,11,2024-11,18,경기도,의정부시,렛츠런CCC의정부지점,448,의정부 2024_11.csv,레저스포츠,육상레저스포츠
의정부,2024,11,2024-11,19,경기도,의정부시,와글아이의정부점,389,의정부 2024_11.csv,문화관광,테마공원
의정부,2024,11,2024-11,20,경기도,의정부시,고고다이노키즈카페민락점,312,의정부 2024_11.csv,문화관광,테마공원
의정부,2024,11,2024-11,21,경기도,의정부시,송산사지근린공원,296,의정부 2024_11.csv,문화관광,도시공원
의정부,2024,11,2024-11,22,경기도,의정부시,활기체육공원,244,의정부 2024_11.csv,문화관광,도시공원
의정부,2024,11,2024-11,23,경기도,의정부시,서울승마클럽,235,의정부 2024_11.csv,레저스포츠,육상레저스포츠
의정부,2024,11,2024-11,24,경기도,의정부시,의정부가구거리,224,의정부 2024_11.csv,쇼핑,기타쇼핑시설
의정부,2024,11,2024-11,25,경기도,의정부시,추동배드민턴장,199,의정부 2024_11.csv,레저스포츠,기타레저스포츠
의정부,2024,11,2024-11,25,경기도,의정부시,의정부예술의전당대극장,199,의정부 2024_11.csv,문화관광,공연시설
의정부,2024,11,2024-11,27,경기도,의정부시,점프스카이민락점,188,의정부 2024_11.csv,문화관광,테마공원
의정부,2024,11,2024-11,28,경기도,의정부시,천보탁구장,185,의정부 2024_11.csv,레저스포츠,기타레저스포츠
의정부,2024,11,2024-11,29,경기도,의정부시,히어로키즈파크의정부지점,178,의정부 2024_11.csv,문화관광,테마공원
의정부,2024,11,2024-11,30,경기도,의정부시,회룡사,174,의정부 2024_11.csv,역사관광,종교성지
의정부,2024,11,2024-11,30,경기도,의정부시,곤제구장,174,의정부 2024_11.csv,문화관광,레저스포츠시설
의정부,2024,11,2024-11,32,경기도,의정부시,직동축구장,160,의정부 2024_11.csv,문화관광,레저스포츠시설
의정부,2024,11,2024-11,33,경기도,의정부시,자일산림욕장,140,의정부 2024_11.csv,자연관광,자연공원
의정부,2024,11,2024-11,33,경기도,의정부시,의정부청과야채시장,140,의정부 2024_11.csv,쇼핑,시장
의정부,2024,11,2024-11,35,경기도,의정부시,망월사,131,의정부 2024_11.csv,역사관광,종교성지
의정부,2024,11,2024-11,36,경기도,의정부시,경륜경정의정부지점,129,의정부 2024_11.csv,레저스포츠,육상레저스포츠
의정부,2024,11,2024-11,37,경기도,의정부시,의정부아트캠프,125,의정부 2024_11.csv,문화관광,기타문화관광지
의정부,2024,11,2024-11,38,경기도,의정부시,서영빌딩서관,123,의정부 2024_11.csv,문화관광,기타문화관광지
의정부,2024,11,2024-11,39,경기도,의정부시,자일낚시터,120,의정부 2024_11.csv,레저스포츠,수상레저스포츠
의정부,2024,11,2024-11,40,경기도,의정부시,장암파크골프장,117,의정부 2024_11.csv,레저스포츠,육상레저스포츠
의정부,2024,11,2024-11,41,경기도,의정부시,북한산국립공원회룡탐방지원센터,111,의정부 2024_11.csv,기타관광,기타관광
의정부,2024,11,2024-11,41,경기도,의정부시,허니비풋살파크,111,의정부 2024_11.csv,문화관광,레저스포츠시설
의정부,2024,11,2024-11,41,경기도,의정부시,헬로방방민락점,111,의정부 2024_11.csv,문화관광,테마공원
의정부,2024,11,2024-11,44,경기도,의정부시,나리벡시티테마파크건축중(2027년01월 예정),100,의정부 2024_11.csv,문화관광,테마공원
의정부,2024,11,2024-11,45,경기도,의정부시,타요키즈카페의정부민락점,97,의정부 2024_11.csv,문화관광,테마공원
의정부,2024,11,2024-11,46,경기도,의정부시,장수원배드민턴클럽,91,의정부 2024_11.csv,레저스포츠,기타레저스포츠
의정부,2024,11,2024-11,47,경기도,의정부시,곤제근린공원,86,의정부 2024_11.csv,문화관광,도시공원
의정부,2024,11,2024-11,48,경기도,의정부시,안골유원지,83,의정부 2024_11.csv,문화관광,복합관광시설
의정부,2024,11,2024-11,49,경기도,의정부시,고고롤러스케이트장,76,의정부 2024_11.csv,레저스포츠,육상레저스포츠
의정부,2024,11,2024-11,50,경기도,의정부시,스트라이크존의정부민락구장,69,의정부 2024_11.csv,레저스포츠,기타레저스포츠
의정부,2024,11,2024-11,51,경기도,의정부시,호암사,63,의정부 2024_11.csv,역사관광,종교성지
의정부,2024,11,2024-11,51,경기도,의정부시,김민성탁구클럽,63,의정부 2024_11.csv,레저스포츠,기타레저스포츠
의정부,2024,11,2024-11,53,경기도,의정부시,봉화정사,62,의정부 2024_11.csv,역사관광,종교성지
의정부,2024,11,2024-11,53,경기도,의정부시,녹양야구장,62,의정부 2024_11.csv,문화관광,레저스포츠시설
의정부,2024,11,2024-11,55,경기도,의정부시,푸른마당근린공원,58,의정부 2024_11.csv,문화관광,도시공원
의정부,2024,11,2024-11,56,경기도,의정부시,의정부시리틀야구장,57,의정부 2024_11.csv,문화관광,레저스포츠시설
의정부,2024,11,2024-11,57,경기도,의정부시,우리소극장,54,의정부 2024_11.csv,문화관광,공연시설
의정부,2024,11,2024-11,58,경기도,의정부시,알쏭달쏭키즈드로잉,53,의정부 2024_11.csv,문화관광,테마공원
의정부,2024,11,2024-11,59,경기도,의정부시,모래야놀자,50,의정부 2024_11.csv,문화관광,테마공원
의정부,2024,11,2024-11,60,경기도,의정부시,희망어린이공원,48,의정부 2024_11.csv,문화관광,도시공원
의정부,2024,11,2024-11,60,경기도,의정부시,안골계곡,48,의정부 2024_11.csv,자연관광,자연경관(산)
의정부,2024,11,2024-11,60,경기도,의정부시,백영수미술관,48,의정부 2024_11.csv,문화관광,전시시설
의정부,2024,11,2024-11,63,경기도,의정부시,스카이짐유소년스포츠클럽녹양점,44,의정부 2024_11.csv,레저스포츠,기타레저스포츠
의정부,2024,11,2024-11,64,경기도,의정부시,직동근린공원통나무집,43,의정부 2024_11.csv,레저스포츠,육상레저스포츠
의정부,2024,11,2024-11,64,경기도,의정부시,현충탑,43,의정부 2024_11.csv,역사관광,역사유물
의정부,2024,11,2024-11,66,경기도,의정부시,의정부천문대,42,의정부 2024_11.csv,레저스포츠,기타레저스포츠
의정부,2024,11,2024-11,67,경기도,의정부시,상금오어린이공원,41,의정부 2024_11.csv,문화관광,도시공원
의정부,2024,11,2024-11,67,경기도,의정부시,벌말어린이공원,41,의정부 2024_11.csv,문화관광,도시공원
의정부,2024,11,2024-11,69,경기도,의정부시,캠프라과디아체육공원,40,의정부 2024_11.csv,문화관광,도시공원
의정부,2024,11,2024-11,69,경기도,의정부시,리드민리듬체조민락본점,40,의정부 2024_11.csv,레저스포츠,기타레저스포츠
의정부,2024,11,2024-11,71,경기도,의정부시,드래곤트릭킹짐,38,의정부 2024_11.csv,레저스포츠,기타레저스포츠
의정부,2024,11,2024-11,71,경기도,의정부시,꿀잼키즈룸의정부민락점,38,의정부 2024_11.csv,문화관광,테마공원
의정부,2024,11,2024-11,71,경기도,의정부시,정혜사의정부포교원,38,의정부 2024_11.csv,역사관광,종교성지
의정부,2024,11,2024-11,71,경기도,의정부시,태조이성계상,38,의정부 2024_11.csv,기타관광,기타관광
의정부,2024,11,2024-11,75,경기도,의정부시,마린앤키즈,36,의정부 2024_11.csv,문화관광,테마공원
의정부,2024,11,2024-11,76,경기도,의정부시,꽃동네어린이공원,35,의정부 2024_11.csv,문화관광,도시공원
의정부,2024,11,2024-11,77,경기도,의정부시,사패산,34,의정부 2024_11.csv,자연관광,자연경관(산)
의정부,2024,11,2024-11,77,경기도,의정부시,노강서원,34,의정부 2024_11.csv,역사관광,역사유적지
의정부,2024,11,2024-11,79,경기도,의정부시,의정부역(2024년12월30일 개통예정),33,의정부 2024_11.csv,기타관광,교통시설
의정부,2024,11,2024-11,79,경기도,의정부시,사패산안골통제소방면,33,의정부 2024_11.csv,자연관광,자연경관(산)
의정부,2024,11,2024-11,79,경기도,의정부시,김병지축구클럽의정부롯데마트점,33,의정부 2024_11.csv,레저스포츠,기타레저스포츠
의정부,2024,11,2024-11,82,경기도,의정부시,의정부기억저장소,32,의정부 2024_11.csv,문화관광,전시시설
의정부,2024,11,2024-11,83,경기도,의정부시,홍연경민현대미술관,30,의정부 2024_11.csv,문화관광,전시시설
의정부,2024,11,2024-11,83,경기도,의정부시,역전근린공원,30,의정부 2024_11.csv,문화관광,도시공원
의정부,2024,11,2024-11,85,경기도,의정부시,쌍암사,29,의정부 2024_11.csv,역사관광,종교성지
의정부,2024,11,2024-11,85,경기도,의정부시,정화사,29,의정부 2024_11.csv,역사관광,종교성지
의정부,2024,11,2024-11,85,경기도,의정부시,롤프렌롤러장,29,의정부 2024_11.csv,레저스포츠,육상레저스포츠
의정부,2024,11,2024-11,88,경기도,의정부시,북한산국립공원원도봉탐방지원센터,28,의정부 2024_11.csv,기타관광,기타관광
의정부,2024,11,2024-11,88,경기도,의정부시,의정부예술의전당소극장,28,의정부 2024_11.csv,문화관광,공연시설
의정부,2024,11,2024-11,90,경기도,의정부시,의정부축구센터,25,의정부 2024_11.csv,레저스포츠,기타레저스포츠
의정부,2024,11,2024-11,90,경기도,의정부시,윤한미탁구클럽,25,의정부 2024_11.csv,레저스포츠,기타레저스포츠
의정부,2024,11,2024-11,92,경기도,의정부시,김미미도예공방,23,의정부 2024_11.csv,체험관광,공예체험
의정부,2024,11,2024-11,93,경기도,의정부시,어수정어린이공원,22,의정부 2024_11.csv,문화관광,도시공원
의정부,2024,11,2024-11,94,경기도,의정부시,중앙어린이공원,21,의정부 2024_11.csv,문화관광,도시공원
의정부,2024,11,2024-11,95,경기도,의정부시,리틀베이비,20,의정부 2024_11.csv,문화관광,테마공원
의정부,2024,11,2024-11,95,경기도,의정부시,예술공간휴서사,20,의정부 2024_11.csv,문화관광,공연시설
의정부,2024,11,2024-11,95,경기도,의정부시,정수선원,20,의정부 2024_11.csv,역사관광,종교성지
의정부,2024,11,2024-11,98,경기도,의정부시,홍짐,19,의정부 2024_11.csv,레저스포츠,기타레저스포츠
의정부,2024,11,2024-11,98,경기도,의정부시,범골어린이공원,19,의정부 2024_11.csv,문화관광,도시공원
의정부,2024,11,2024-11,98,경기도,의정부시,성불사,19,의정부 2024_11.csv,역사관광,종교성지
의정부,2024,11,2024-11,98,경기도,의정부시,레벨업탁구클럽,19,의정부 2024_11.csv,레저스포츠,기타레저스포츠
의정부,2024,11,2024-11,102,경기도,의정부시,버들개야구장,18,의정부 2024_11.csv,문화관광,레저스포츠시설
의정부,2024,11,2024-11,102,경기도,의정부시,이성숙탁구클럽,18,의정부 2024_11.csv,레저스포츠,기타레저스포츠
의정부,2024,11,2024-11,102,경기도,의정부시,민락리틀야구장,18,의정부 2024_11.csv,문화관광,레저스포츠시설
의정부,2024,11,2024-11,105,경기도,의정부시,의정부망월풋살구장,17,의정부 2024_11.csv,레저스포츠,기타레저스포츠
의정부,2024,11,2024-11,105,경기도,의정부시,의정부문화역 이음,17,의정부 2024_11.csv,문화관광,기타문화관광지
의정부,2024,11,2024-11,105,경기도,의정부시,추동웰빙공원,17,의정부 2024_11.csv,문화관광,도시공원
의정부,2024,11,2024-11,108,경기도,의정부시,동심어린이공원,16,의정부 2024_11.csv,문화관광,도시공원
의정부,2024,11,2024-11,108,경기도,의정부시,의정부부대찌개축제,16,의정부 2024_11.csv,문화관광,기타문화관광지
의정부,2024,11,2024-11,110,경기도,의정부시,메이드라인,15,의정부 2024_11.csv,레저스포츠,기타레저스포츠
의정부,2024,11,2024-11,110,경기도,의정부시,망월사천봉선사탑비,15,의정부 2024_11.csv,역사관광,역사유적지
의정부,2024,11,2024-11,110,경기도,의정부시,정문부장군묘,15,의정부 2024_11.csv,역사관광,역사유적지
의정부,2024,11,2024-11,113,경기도,의정부시,장암발곡근린공원,14,의정부 2024_11.csv,문화관광,도시공원
의정부,2024,11,2024-11,113,경기도,의정부시,쌍용사,14,의정부 2024_11.csv,역사관광,종교성지
의정부,2024,11,2024-11,113,경기도,의정부시,스트라이크존의정부구장,14,의정부 2024_11.csv,레저스포츠,기타레저스포츠
의정부,2024,11,2024-11,116,경기도,의정부시,공고개어린이공원,13,의정부 2024_11.csv,문화관광,도시공원
의정부,2024,11,2024-11,116,경기도,의정부시,홍익문화공원,13,의정부 2024_11.csv,문화관광,도시공원
의정부,2024,11,2024-11,116,경기도,의정부시,킹클라이밍,13,의정부 2024_11.csv,레저스포츠,기타레저스포츠
의정부,2024,11,2024-11,119,경기도,의정부시,관음사,12,의정부 2024_11.csv,역사관광,종교성지
의정부,2024,11,2024-11,119,경기도,의정부시,수락사,12,의정부 2024_11.csv,역사관광,종교성지
의정부,2024,11,2024-11,119,경기도,의정부시,신곡탁구클럽,12,의정부 2024_11.csv,레저스포츠,기타레저스포츠
의정부,2024,11,2024-11,122,경기도,의정부시,중앙문화공원,11,의정부 2024_11.csv,문화관광,도시공원
의정부,2024,11,2024-11,122,경기도,의정부시,대원사,11,의정부 2024_11.csv,역사관광,종교성지
의정부,2024,11,2024-11,122,경기도,의정부시,추동공원,11,의정부 2024_11.csv,문화관광,도시공원
의정부,2024,11,2024-11,125,경기도,의정부시,한국산악연수원CAC등산학교,10,의정부 2024_11.csv,레저스포츠,기타레저스포츠
의정부,2024,11,2024-11,125,경기도,의정부시,이태영탁구교실,10,의정부 2024_11.csv,레저스포츠,기타레저스포츠
의정부,2024,11,2024-11,125,경기도,의정부시,부양수산,10,의정부 2024_11.csv,쇼핑,시장
의정부,2024,11,2024-11,125,경기도,의정부시,무량사,10,의정부 2024_11.csv,역사관광,종교성지
의정부,2024,11,2024-11,125,경기도,의정부시,와우민턴샵,10,의정부 2024_11.csv,레저스포츠,기타레저스포츠
의정부,2024,11,2024-11,130,경기도,의정부시,슈가복싱회룡점,9,의정부 2024_11.csv,레저스포츠,기타레저스포츠
의정부,2024,11,2024-11,130,경기도,의정부시,토끼어린이공원,9,의정부 2024_11.csv,문화관광,도시공원
의정부,2024,11,2024-11,130,경기도,의정부시,산군무에타이킥복싱체육관,9,의정부 2024_11.csv,레저스포츠,기타레저스포츠
의정부,2024,11,2024-11,133,경기도,의정부시,바둑전용경기장건축중(2026년08월 완공예정),8,의정부 2024_11.csv,레저스포츠,기타레저스포츠
의정부,2024,11,2024-11,133,경기도,의정부시,와다미싱공방,8,의정부 2024_11.csv,체험관광,공예체험
의정부,2024,11,2024-11,133,경기도,의정부시,투앤디수영장,8,의정부 2024_11.csv,문화관광,테마공원
의정부,2024,11,2024-11,133,경기도,의정부시,루나루즈키즈카페,8,의정부 2024_11.csv,문화관광,테마공원
의정부,2024,11,2024-11,137,경기도,의정부시,약수배드민턴클럽,7,의정부 2024_11.csv,레저스포츠,기타레저스포츠
의정부,2024,11,2024-11,137,경기도,의정부시,소망어린이공원,7,의정부 2024_11.csv,문화관광,도시공원
의정부,2024,11,2024-11,137,경기도,의정부시,로데오거리상점가,7,의정부 2024_11.csv,쇼핑,시장
의정부,2024,11,2024-11,137,경기도,의정부시,용현사,7,의정부 2024_11.csv,역사관광,종교성지
의정부,2024,11,2024-11,137,경기도,의정부시,슈퍼키즈스카이방방의정부민락점,7,의정부 2024_11.csv,문화관광,테마공원
의정부,2024,11,2024-11,137,경기도,의정부시,귀락문화공원,7,의정부 2024_11.csv,문화관광,도시공원
의정부,2024,11,2024-11,143,경기도,의정부시,샤모니클라이밍,6,의정부 2024_11.csv,레저스포츠,기타레저스포츠
의정부,2024,11,2024-11,143,경기도,의정부시,쿠키즈룸,6,의정부 2024_11.csv,문화관광,테마공원
의정부,2024,11,2024-11,143,경기도,의정부시,용현정,6,의정부 2024_11.csv,레저스포츠,육상레저스포츠
의정부,2024,11,2024-11,143,경기도,의정부시,닥터레드뮤직,6,의정부 2024_11.csv,문화관광,공연시설
의정부,2024,11,2024-11,147,경기도,의정부시,슈가복싱프리미엄의정부점,5,의정부 2024_11.csv,레저스포츠,기타레저스포츠
의정부,2024,11,2024-11,147,경기도,의정부시,아로하포레스트,5,의정부 2024_11.csv,문화관광,테마공원
의정부,2024,11,2024-11,147,경기도,의정부시,초록누리근린공원,5,의정부 2024_11.csv,문화관광,도시공원
의정부,2024,11,2024-11,147,경기도,의정부시,푸른쉼터,5,의정부 2024_11.csv,문화관광,도시공원
의정부,2024,11,2024-11,147,경기도,의정부시,자은선원,5,의정부 2024_11.csv,역사관광,종교성지
의정부,2024,11,2024-11,152,경기도,의정부시,킴스라인댄스,4,의정부 2024_11.csv,레저스포츠,기타레저스포츠
의정부,2024,11,2024-11,152,경기도,의정부시,꿈그림공장,4,의정부 2024_11.csv,체험관광,공예체험
의정부,2024,11,2024-11,152,경기도,의정부시,원각사,4,의정부 2024_11.csv,역사관광,종교성지
의정부,2024,11,2024-11,152,경기도,의정부시,문예어린이공원,4,의정부 2024_11.csv,문화관광,도시공원
의정부,2024,11,2024-11,152,경기도,의정부시,무지랭이약수터,4,의정부 2024_11.csv,자연관광,자연경관(산)
의정부,2024,11,2024-11,152,경기도,의정부시,트라이포스의정부주짓수,4,의정부 2024_11.csv,레저스포츠,기타레저스포츠
의정부,2024,11,2024-11,152,경기도,의정부시,신효섭탁구장,4,의정부 2024_11.csv,레저스포츠,기타레저스포츠
의정부,2024,11,2024-11,152,경기도,의정부시,평화의 소녀상,4,의정부 2024_11.csv,역사관광,역사유물
의정부,2024,11,2024-11,160,경기도,의정부시,드림탁구클럽,3,의정부 2024_11.csv,레저스포츠,기타레저스포츠
의정부,2024,11,2024-11,160,경기도,의정부시,갤러리평화,3,의정부 2024_11.csv,문화관광,전시시설
의정부,2024,11,2024-11,160,경기도,의정부시,직동수련원,3,의정부 2024_11.csv,레저스포츠,육상레저스포츠
의정부,2024,11,2024-11,160,경기도,의정부시,동그라미탁구교실,3,의정부 2024_11.csv,레저스포츠,기타레저스포츠
의정부,2024,11,2024-11,160,경기도,의정부시,우리끼리 키즈카페 스포츠마을의정부민락점,3,의정부 2024_11.csv,문화관광,테마공원
의정부,2024,11,2024-11,160,경기도,의정부시,솔향어린이공원,3,의정부 2024_11.csv,문화관광,도시공원
의정부,2024,11,2024-11,160,경기도,의정부시,살판마을극장,3,의정부 2024_11.csv,문화관광,공연시설
의정부,2024,11,2024-11,160,경기도,의정부시,아이노리키즈카페,3,의정부 2024_11.csv,문화관광,테마공원
의정부,2024,11,2024-11,160,경기도,의정부시,아일랜드캐슬워터파크공사중(2024년12월중순오픈예정),3,의정부 2024_11.csv,문화관광,테마공원
의정부,2024,11,2024-11,160,경기도,의정부시,백합어린이공원,3,의정부 2024_11.csv,문화관광,도시공원
의정부,2024,11,2024-11,160,경기도,의정부시,문화어린이공원,3,의정부 2024_11.csv,문화관광,도시공원
의정부,2024,11,2024-11,160,경기도,의정부시,신곡어린이공원,3,의정부 2024_11.csv,문화관광,도시공원
의정부,2024,11,2024-11,160,경기도,의정부시,색동어린이공원,3,의정부 2024_11.csv,문화관광,도시공원
의정부,2024,11,2024-11,160,경기도,의정부시,무지개어린이공원,3,의정부 2024_11.csv,문화관광,도시공원
의정부,2024,11,2024-11,160,경기도,의정부시,장암어린이공원,3,의정부 2024_11.csv,문화관광,도시공원
의정부,2024,11,2024-11,160,경기도,의정부시,달님어린이공원,3,의정부 2024_11.csv,문화관광,도시공원
의정부,2024,11,2024-11,160,경기도,의정부시,하금오어린이공원,3,의정부 2024_11.csv,문화관광,도시공원
의정부,2024,11,2024-11,160,경기도,의정부시,공룡어린이공원,3,의정부 2024_11.csv,문화관광,도시공원
의정부,2024,11,2024-11,160,경기도,의정부시,청사초롱근린공원,3,의정부 2024_11.csv,문화관광,도시공원
의정부,2024,11,2024-11,160,경기도,의정부시,백석천근린공원,3,의정부 2024_11.csv,문화관광,도시공원
의정부,2024,11,2024-11,160,경기도,의정부시,다리목근린공원,3,의정부 2024_11.csv,문화관광,도시공원
의정부,2024,11,2024-11,160,경기도,의정부시,금빛어린이공원,3,의정부 2024_11.csv,문화관광,도시공원
의정부,2024,11,2024-11,160,경기도,의정부시,중랑천어린이공원,3,의정부 2024_11.csv,문화관광,도시공원
의정부,2024,11,2024-11,160,경기도,의정부시,상록어린이공원,3,의정부 2024_11.csv,문화관광,도시공원
의정부,2024,11,2024-11,160,경기도,의정부시,의정부시장,3,의정부 2024_11.csv,쇼핑,시장
의정부,2024,11,2024-11,160,경기도,의정부시,원효사,3,의정부 2024_11.csv,역사관광,종교성지
의정부,2024,11,2024-11,160,경기도,의정부시,자비정사,3,의정부 2024_11.csv,역사관광,종교성지
의정부,2024,11,2024-11,160,경기도,의정부시,뛰노리방방,3,의정부 2024_11.csv,문화관광,테마공원
의정부,2024,11,2024-11,160,경기도,의정부시,천보산,3,의정부 2024_11.csv,자연관광,자연경관(산)
의정부,2024,11,2024-11,160,경기도,의정부시,리얼야구존의정부점,3,의정부 2024_11.csv,레저스포츠,기타레저스포츠
의정부,2024,11,2024-11,160,경기도,의정부시,칠불암공덕원,3,의정부 2024_11.csv,역사관광,종교성지
의정부,2024,11,2024-11,160,경기도,의정부시,심원사,3,의정부 2024_11.csv,역사관광,종교성지
의정부,2024,11,2024-11,160,경기도,의정부시,용화사,3,의정부 2024_11.csv,역사관광,종교성지
의정부,2024,11,2024-11,160,경기도,의정부시,의정부역사전시실,3,의정부 2024_11.csv,문화관광,전시시설
의정부,2024,11,2024-11,160,경기도,의정부시,윤은보신도비,3,의정부 2024_11.csv,역사관광,역사유적지
의정부,2024,12,2024-12,1,경기도,의정부시,신세계백화점의정부점,25807,의정부 2024_12.csv,쇼핑,백화점
의정부,2024,12,2024-12,2,경기도,의정부시,의정부제일시장,8009,의정부 2024_12.csv,쇼핑,시장
의정부,2024,12,2024-12,3,경기도,의정부시,의정부버스터미널,3686,의정부 2024_12.csv,기타관광,교통시설
의정부,2024,12,2024-12,4,경기도,의정부시,의정부예술의전당,2941,의정부 2024_12.csv,문화관광,공연시설
의정부,2024,12,2024-12,5,경기도,의정부시,의정부실내빙상장,2863,의정부 2024_12.csv,레저스포츠,육상레저스포츠
의정부,2024,12,2024-12,6,경기도,의정부시,메가박스의정부민락,2757,의정부 2024_12.csv,문화관광,공연시설
의정부,2024,12,2024-12,7,경기도,의정부시,롯데시네마의정부민락,2620,의정부 2024_12.csv,문화관광,공연시설
의정부,2024,12,2024-12,8,경기도,의정부시,CGV의정부태흥,2183,의정부 2024_12.csv,문화관광,공연시설
의정부,2024,12,2024-12,9,경기도,의정부시,CGV의정부,1114,의정부 2024_12.csv,문화관광,공연시설
의정부,2024,12,2024-12,10,경기도,의정부시,점핑몬스터의정부점,890,의정부 2024_12.csv,문화관광,테마공원
의정부,2024,12,2024-12,11,경기도,의정부시,의정부시청소년수련관,781,의정부 2024_12.csv,레저스포츠,육상레저스포츠
의정부,2024,12,2024-12,12,경기도,의정부시,신곡실내배드민턴장,757,의정부 2024_12.csv,레저스포츠,기타레저스포츠
의정부,2024,12,2024-12,13,경기도,의정부시,낙양물사랑공원,752,의정부 2024_12.csv,문화관광,도시공원
의정부,2024,12,2024-12,14,경기도,의정부시,태영프라자,736,의정부 2024_12.csv,쇼핑,쇼핑몰
의정부,2024,12,2024-12,15,경기도,의정부시,와글아이의정부점,596,의정부 2024_12.csv,문화관광,테마공원
의정부,2024,12,2024-12,16,경기도,의정부시,송산배수지체육시설,514,의정부 2024_12.csv,문화관광,도시공원
의정부,2024,12,2024-12,17,경기도,의정부시,렛츠런CCC의정부지점,474,의정부 2024_12.csv,레저스포츠,육상레저스포츠
의정부,2024,12,2024-12,18,경기도,의정부시,직동근린공원,473,의정부 2024_12.csv,문화관광,도시공원
의정부,2024,12,2024-12,19,경기도,의정부시,고고다이노키즈카페민락점,435,의정부 2024_12.csv,문화관광,테마공원
의정부,2024,12,2024-12,20,경기도,의정부시,히어로키즈파크의정부지점,314,의정부 2024_12.csv,문화관광,테마공원
의정부,2024,12,2024-12,21,경기도,의정부시,석림사,288,의정부 2024_12.csv,역사관광,종교성지
의정부,2024,12,2024-12,22,경기도,의정부시,활기체육공원,281,의정부 2024_12.csv,문화관광,도시공원
의정부,2024,12,2024-12,23,경기도,의정부시,점프스카이민락점,277,의정부 2024_12.csv,문화관광,테마공원
의정부,2024,12,2024-12,24,경기도,의정부시,서울승마클럽,235,의정부 2024_12.csv,레저스포츠,육상레저스포츠
의정부,2024,12,2024-12,25,경기도,의정부시,천보탁구장,233,의정부 2024_12.csv,레저스포츠,기타레저스포츠
의정부,2024,12,2024-12,26,경기도,의정부시,의정부가구거리,203,의정부 2024_12.csv,쇼핑,기타쇼핑시설
의정부,2024,12,2024-12,27,경기도,의정부시,고고롤러스케이트장,202,의정부 2024_12.csv,레저스포츠,육상레저스포츠
의정부,2024,12,2024-12,28,경기도,의정부시,송산사지근린공원,196,의정부 2024_12.csv,문화관광,도시공원
의정부,2024,12,2024-12,29,경기도,의정부시,추동배드민턴장,185,의정부 2024_12.csv,레저스포츠,기타레저스포츠
의정부,2024,12,2024-12,30,경기도,의정부시,의정부예술의전당대극장,179,의정부 2024_12.csv,문화관광,공연시설
의정부,2024,12,2024-12,31,경기도,의정부시,경륜경정의정부지점,177,의정부 2024_12.csv,레저스포츠,육상레저스포츠
의정부,2024,12,2024-12,32,경기도,의정부시,헬로방방민락점,171,의정부 2024_12.csv,문화관광,테마공원
의정부,2024,12,2024-12,33,경기도,의정부시,타요키즈카페의정부민락점,165,의정부 2024_12.csv,문화관광,테마공원
의정부,2024,12,2024-12,34,경기도,의정부시,곤제구장,155,의정부 2024_12.csv,문화관광,레저스포츠시설
의정부,2024,12,2024-12,35,경기도,의정부시,회룡사,151,의정부 2024_12.csv,역사관광,종교성지
의정부,2024,12,2024-12,36,경기도,의정부시,자일낚시터,142,의정부 2024_12.csv,레저스포츠,수상레저스포츠
의정부,2024,12,2024-12,37,경기도,의정부시,직동축구장,127,의정부 2024_12.csv,문화관광,레저스포츠시설
의정부,2024,12,2024-12,38,경기도,의정부시,우리소극장,121,의정부 2024_12.csv,문화관광,공연시설
의정부,2024,12,2024-12,39,경기도,의정부시,안골유원지,119,의정부 2024_12.csv,문화관광,복합관광시설
의정부,2024,12,2024-12,40,경기도,의정부시,서영빌딩서관,118,의정부 2024_12.csv,문화관광,기타문화관광지
의정부,2024,12,2024-12,41,경기도,의정부시,알쏭달쏭키즈드로잉,113,의정부 2024_12.csv,문화관광,테마공원
의정부,2024,12,2024-12,42,경기도,의정부시,장암파크골프장,96,의정부 2024_12.csv,레저스포츠,육상레저스포츠
의정부,2024,12,2024-12,43,경기도,의정부시,나리벡시티테마파크건축중(2027년01월 예정),93,의정부 2024_12.csv,문화관광,테마공원
의정부,2024,12,2024-12,44,경기도,의정부시,망월사,89,의정부 2024_12.csv,역사관광,종교성지
의정부,2024,12,2024-12,45,경기도,의정부시,의정부청과야채시장,87,의정부 2024_12.csv,쇼핑,시장
의정부,2024,12,2024-12,46,경기도,의정부시,아로하포레스트,83,의정부 2024_12.csv,문화관광,테마공원
의정부,2024,12,2024-12,47,경기도,의정부시,허니비풋살파크,81,의정부 2024_12.csv,문화관광,레저스포츠시설
의정부,2024,12,2024-12,48,경기도,의정부시,김민성탁구클럽,67,의정부 2024_12.csv,레저스포츠,기타레저스포츠
의정부,2024,12,2024-12,49,경기도,의정부시,현충탑,66,의정부 2024_12.csv,역사관광,역사유물
의정부,2024,12,2024-12,50,경기도,의정부시,쌍암사,58,의정부 2024_12.csv,역사관광,종교성지
의정부,2024,12,2024-12,50,경기도,의정부시,곤제근린공원,58,의정부 2024_12.csv,문화관광,도시공원
의정부,2024,12,2024-12,50,경기도,의정부시,리드민리듬체조민락본점,58,의정부 2024_12.csv,레저스포츠,기타레저스포츠
의정부,2024,12,2024-12,53,경기도,의정부시,장수원배드민턴클럽,57,의정부 2024_12.csv,레저스포츠,기타레저스포츠
의정부,2024,12,2024-12,54,경기도,의정부시,모래야놀자,56,의정부 2024_12.csv,문화관광,테마공원
의정부,2024,12,2024-12,55,경기도,의정부시,희망어린이공원,55,의정부 2024_12.csv,문화관광,도시공원
의정부,2024,12,2024-12,55,경기도,의정부시,호암사,55,의정부 2024_12.csv,역사관광,종교성지
의정부,2024,12,2024-12,57,경기도,의정부시,의정부역(2025년01월 개통예정),52,의정부 2024_12.csv,기타관광,교통시설
의정부,2024,12,2024-12,57,경기도,의정부시,백영수미술관,52,의정부 2024_12.csv,문화관광,전시시설
의정부,2024,12,2024-12,59,경기도,의정부시,북한산국립공원회룡탐방지원센터,51,의정부 2024_12.csv,기타관광,기타관광
의정부,2024,12,2024-12,60,경기도,의정부시,꿀잼키즈룸의정부민락점,49,의정부 2024_12.csv,문화관광,테마공원
의정부,2024,12,2024-12,61,경기도,의정부시,자일산림욕장,47,의정부 2024_12.csv,자연관광,자연공원
의정부,2024,12,2024-12,62,경기도,의정부시,태조이성계상,39,의정부 2024_12.csv,기타관광,기타관광
의정부,2024,12,2024-12,62,경기도,의정부시,의정부천문대,39,의정부 2024_12.csv,레저스포츠,기타레저스포츠
의정부,2024,12,2024-12,64,경기도,의정부시,아이노리키즈카페,37,의정부 2024_12.csv,문화관광,테마공원
의정부,2024,12,2024-12,65,경기도,의정부시,안골계곡,36,의정부 2024_12.csv,자연관광,자연경관(산)
의정부,2024,12,2024-12,65,경기도,의정부시,정화사,36,의정부 2024_12.csv,역사관광,종교성지
의정부,2024,12,2024-12,67,경기도,의정부시,의정부예술의전당소극장,35,의정부 2024_12.csv,문화관광,공연시설
의정부,2024,12,2024-12,68,경기도,의정부시,김병지축구클럽의정부롯데마트점,31,의정부 2024_12.csv,레저스포츠,기타레저스포츠
의정부,2024,12,2024-12,68,경기도,의정부시,스트라이크존의정부민락구장,31,의정부 2024_12.csv,레저스포츠,기타레저스포츠
의정부,2024,12,2024-12,68,경기도,의정부시,와우민턴샵,31,의정부 2024_12.csv,레저스포츠,기타레저스포츠
의정부,2024,12,2024-12,71,경기도,의정부시,봉화정사,30,의정부 2024_12.csv,역사관광,종교성지
의정부,2024,12,2024-12,71,경기도,의정부시,의정부시리틀야구장,30,의정부 2024_12.csv,문화관광,레저스포츠시설
의정부,2024,12,2024-12,73,경기도,의정부시,벌말어린이공원,29,의정부 2024_12.csv,문화관광,도시공원
의정부,2024,12,2024-12,74,경기도,의정부시,슈가복싱프리미엄회룡점,27,의정부 2024_12.csv,레저스포츠,기타레저스포츠
의정부,2024,12,2024-12,74,경기도,의정부시,마린앤키즈,27,의정부 2024_12.csv,문화관광,테마공원
의정부,2024,12,2024-12,76,경기도,의정부시,의정부문화역 이음,26,의정부 2024_12.csv,문화관광,기타문화관광지
의정부,2024,12,2024-12,77,경기도,의정부시,롤프렌롤러장,24,의정부 2024_12.csv,레저스포츠,육상레저스포츠
의정부,2024,12,2024-12,78,경기도,의정부시,어수정어린이공원,21,의정부 2024_12.csv,문화관광,도시공원
의정부,2024,12,2024-12,78,경기도,의정부시,수락사,21,의정부 2024_12.csv,역사관광,종교성지
의정부,2024,12,2024-12,78,경기도,의정부시,김미미도예공방,21,의정부 2024_12.csv,체험관광,공예체험
의정부,2024,12,2024-12,81,경기도,의정부시,쿠키즈룸,20,의정부 2024_12.csv,문화관광,테마공원
의정부,2024,12,2024-12,81,경기도,의정부시,동심어린이공원,20,의정부 2024_12.csv,문화관광,도시공원
의정부,2024,12,2024-12,83,경기도,의정부시,의정부축구센터,19,의정부 2024_12.csv,레저스포츠,기타레저스포츠
의정부,2024,12,2024-12,83,경기도,의정부시,꽃동네어린이공원,19,의정부 2024_12.csv,문화관광,도시공원
의정부,2024,12,2024-12,83,경기도,의정부시,범골어린이공원,19,의정부 2024_12.csv,문화관광,도시공원
의정부,2024,12,2024-12,83,경기도,의정부시,영산법화사,19,의정부 2024_12.csv,역사관광,종교성지
의정부,2024,12,2024-12,83,경기도,의정부시,직동근린공원통나무집,19,의정부 2024_12.csv,레저스포츠,육상레저스포츠
의정부,2024,12,2024-12,88,경기도,의정부시,버들개야구장,18,의정부 2024_12.csv,문화관광,레저스포츠시설
의정부,2024,12,2024-12,88,경기도,의정부시,우리끼리 키즈카페 스포츠마을의정부민락점,18,의정부 2024_12.csv,문화관광,테마공원
의정부,2024,12,2024-12,88,경기도,의정부시,노강서원,18,의정부 2024_12.csv,역사관광,역사유적지
의정부,2024,12,2024-12,88,경기도,의정부시,정혜사의정부포교원,18,의정부 2024_12.csv,역사관광,종교성지
의정부,2024,12,2024-12,88,경기도,의정부시,푸른마당근린공원,18,의정부 2024_12.csv,문화관광,도시공원
의정부,2024,12,2024-12,88,경기도,의정부시,신곡탁구클럽,18,의정부 2024_12.csv,레저스포츠,기타레저스포츠
의정부,2024,12,2024-12,94,경기도,의정부시,리틀베이비,17,의정부 2024_12.csv,문화관광,테마공원
의정부,2024,12,2024-12,95,경기도,의정부시,관음사,16,의정부 2024_12.csv,역사관광,종교성지
의정부,2024,12,2024-12,95,경기도,의정부시,대각사,16,의정부 2024_12.csv,역사관광,종교성지
의정부,2024,12,2024-12,97,경기도,의정부시,이성숙탁구클럽,15,의정부 2024_12.csv,레저스포츠,기타레저스포츠
의정부,2024,12,2024-12,97,경기도,의정부시,중앙어린이공원,15,의정부 2024_12.csv,문화관광,도시공원
의정부,2024,12,2024-12,99,경기도,의정부시,드림탁구클럽,14,의정부 2024_12.csv,레저스포츠,기타레저스포츠
의정부,2024,12,2024-12,99,경기도,의정부시,스카이짐유소년스포츠클럽녹양점,14,의정부 2024_12.csv,레저스포츠,기타레저스포츠
의정부,2024,12,2024-12,99,경기도,의정부시,바둑전용경기장건축중(2026년08월 완공예정),14,의정부 2024_12.csv,레저스포츠,기타레저스포츠
의정부,2024,12,2024-12,99,경기도,의정부시,역전근린공원,14,의정부 2024_12.csv,문화관광,도시공원
의정부,2024,12,2024-12,99,경기도,의정부시,루나루즈키즈카페,14,의정부 2024_12.csv,문화관광,테마공원
의정부,2024,12,2024-12,104,경기도,의정부시,의정부기억저장소,13,의정부 2024_12.csv,문화관광,전시시설
의정부,2024,12,2024-12,104,경기도,의정부시,대원사,13,의정부 2024_12.csv,역사관광,종교성지
의정부,2024,12,2024-12,104,경기도,의정부시,성불사,13,의정부 2024_12.csv,역사관광,종교성지
의정부,2024,12,2024-12,107,경기도,의정부시,쌍용사,12,의정부 2024_12.csv,역사관광,종교성지
의정부,2024,12,2024-12,107,경기도,의정부시,스트라이크존의정부구장,12,의정부 2024_12.csv,레저스포츠,기타레저스포츠
의정부,2024,12,2024-12,107,경기도,의정부시,정수선원,12,의정부 2024_12.csv,역사관광,종교성지
의정부,2024,12,2024-12,110,경기도,의정부시,정하영탁구클럽,11,의정부 2024_12.csv,레저스포츠,기타레저스포츠
의정부,2024,12,2024-12,110,경기도,의정부시,의정부아트캠프,11,의정부 2024_12.csv,문화관광,기타문화관광지
의정부,2024,12,2024-12,112,경기도,의정부시,캠프라과디아체육공원,10,의정부 2024_12.csv,문화관광,도시공원
의정부,2024,12,2024-12,112,경기도,의정부시,샤모니클라이밍,10,의정부 2024_12.csv,레저스포츠,기타레저스포츠
의정부,2024,12,2024-12,112,경기도,의정부시,스카이공연홀,10,의정부 2024_12.csv,문화관광,공연시설
의정부,2024,12,2024-12,112,경기도,의정부시,홍익문화공원,10,의정부 2024_12.csv,문화관광,도시공원
의정부,2024,12,2024-12,112,경기도,의정부시,윤한미탁구클럽,10,의정부 2024_12.csv,레저스포츠,기타레저스포츠
의정부,2024,12,2024-12,117,경기도,의정부시,직동수련원,9,의정부 2024_12.csv,레저스포츠,육상레저스포츠
의정부,2024,12,2024-12,117,경기도,의정부시,문화어린이공원,9,의정부 2024_12.csv,문화관광,도시공원
의정부,2024,12,2024-12,117,경기도,의정부시,토끼어린이공원,9,의정부 2024_12.csv,문화관광,도시공원
의정부,2024,12,2024-12,120,경기도,의정부시,메이드라인,8,의정부 2024_12.csv,레저스포츠,기타레저스포츠
의정부,2024,12,2024-12,120,경기도,의정부시,의정부망월풋살구장,8,의정부 2024_12.csv,레저스포츠,기타레저스포츠
의정부,2024,12,2024-12,120,경기도,의정부시,로데오거리상점가,8,의정부 2024_12.csv,쇼핑,시장
의정부,2024,12,2024-12,120,경기도,의정부시,어울놀이패밀리카페,8,의정부 2024_12.csv,문화관광,테마공원
의정부,2024,12,2024-12,124,경기도,의정부시,예술공간휴서사,7,의정부 2024_12.csv,문화관광,공연시설
의정부,2024,12,2024-12,124,경기도,의정부시,신나는겨울놀이터,7,의정부 2024_12.csv,레저스포츠,육상레저스포츠
의정부,2024,12,2024-12,124,경기도,의정부시,문예어린이공원,7,의정부 2024_12.csv,문화관광,도시공원
의정부,2024,12,2024-12,124,경기도,의정부시,킹클라이밍,7,의정부 2024_12.csv,레저스포츠,기타레저스포츠
의정부,2024,12,2024-12,128,경기도,의정부시,홍짐,6,의정부 2024_12.csv,레저스포츠,기타레저스포츠
의정부,2024,12,2024-12,128,경기도,의정부시,쌍암사현대불교,6,의정부 2024_12.csv,역사관광,종교성지
의정부,2024,12,2024-12,128,경기도,의정부시,슈가복싱프리미엄의정부점,6,의정부 2024_12.csv,레저스포츠,기타레저스포츠
의정부,2024,12,2024-12,128,경기도,의정부시,자은선원,6,의정부 2024_12.csv,역사관광,종교성지
의정부,2024,12,2024-12,128,경기도,의정부시,백합어린이공원,6,의정부 2024_12.csv,문화관광,도시공원
의정부,2024,12,2024-12,128,경기도,의정부시,신곡어린이공원,6,의정부 2024_12.csv,문화관광,도시공원
의정부,2024,12,2024-12,128,경기도,의정부시,상금오어린이공원,6,의정부 2024_12.csv,문화관광,도시공원
의정부,2024,12,2024-12,128,경기도,의정부시,트라이포스의정부주짓수,6,의정부 2024_12.csv,레저스포츠,기타레저스포츠
의정부,2024,12,2024-12,128,경기도,의정부시,여래사,6,의정부 2024_12.csv,역사관광,종교성지
의정부,2024,12,2024-12,128,경기도,의정부시,추동웰빙공원,6,의정부 2024_12.csv,문화관광,도시공원
의정부,2024,12,2024-12,128,경기도,의정부시,레벨업탁구클럽,6,의정부 2024_12.csv,레저스포츠,기타레저스포츠
의정부,2024,12,2024-12,139,경기도,의정부시,원각사,5,의정부 2024_12.csv,역사관광,종교성지
의정부,2024,12,2024-12,139,경기도,의정부시,의정부시종합관광안내소,5,의정부 2024_12.csv,기타관광,기타관광
의정부,2024,12,2024-12,141,경기도,의정부시,투앤디수영장,4,의정부 2024_12.csv,문화관광,테마공원
의정부,2024,12,2024-12,141,경기도,의정부시,용현사,4,의정부 2024_12.csv,역사관광,종교성지
의정부,2024,12,2024-12,141,경기도,의정부시,뛰노리방방,4,의정부 2024_12.csv,문화관광,테마공원
의정부,2024,12,2024-12,141,경기도,의정부시,잎새어린이공원,4,의정부 2024_12.csv,문화관광,도시공원
의정부,2024,12,2024-12,141,경기도,의정부시,덕수사,4,의정부 2024_12.csv,역사관광,종교성지
의정부,2024,12,2024-12,141,경기도,의정부시,송산레포츠,4,의정부 2024_12.csv,문화관광,테마공원
의정부,2024,12,2024-12,147,경기도,의정부시,미가사,3,의정부 2024_12.csv,역사관광,종교성지
의정부,2024,12,2024-12,147,경기도,의정부시,회룡문화공원,3,의정부 2024_12.csv,문화관광,도시공원
의정부,2024,12,2024-12,147,경기도,의정부시,갤러리평화,3,의정부 2024_12.csv,문화관광,전시시설
의정부,2024,12,2024-12,147,경기도,의정부시,의정부지구전투기념비,3,의정부 2024_12.csv,역사관광,역사유물
의정부,2024,12,2024-12,147,경기도,의정부시,와다미싱공방,3,의정부 2024_12.csv,체험관광,공예체험
의정부,2024,12,2024-12,147,경기도,의정부시,신곡체육공원,3,의정부 2024_12.csv,문화관광,도시공원
의정부,2024,12,2024-12,147,경기도,의정부시,그린달스튜디오,3,의정부 2024_12.csv,체험관광,공예체험
의정부,2024,12,2024-12,147,경기도,의정부시,칠보사,3,의정부 2024_12.csv,역사관광,종교성지
의정부,2024,12,2024-12,147,경기도,의정부시,정문부장군묘,3,의정부 2024_12.csv,역사관광,역사유적지
의정부,2024,12,2024-12,147,경기도,의정부시,공고개어린이공원,3,의정부 2024_12.csv,문화관광,도시공원
의정부,2024,12,2024-12,147,경기도,의정부시,장암어린이공원,3,의정부 2024_12.csv,문화관광,도시공원
의정부,2024,12,2024-12,147,경기도,의정부시,선행어린이공원,3,의정부 2024_12.csv,문화관광,도시공원
의정부,2024,12,2024-12,147,경기도,의정부시,이태영탁구교실,3,의정부 2024_12.csv,레저스포츠,기타레저스포츠
의정부,2024,12,2024-12,147,경기도,의정부시,의정부시장,3,의정부 2024_12.csv,쇼핑,시장
의정부,2024,12,2024-12,147,경기도,의정부시,무지랭이약수터,3,의정부 2024_12.csv,자연관광,자연경관(산)
의정부,2024,12,2024-12,147,경기도,의정부시,석림사계곡,3,의정부 2024_12.csv,자연관광,자연경관(산)
의정부,2024,12,2024-12,147,경기도,의정부시,해오름근린공원,3,의정부 2024_12.csv,문화관광,도시공원
의정부,2024,12,2024-12,147,경기도,의정부시,녹양야구장,3,의정부 2024_12.csv,문화관광,레저스포츠시설
의정부,2024,12,2024-12,147,경기도,의정부시,홍연경민현대미술관,3,의정부 2024_12.csv,문화관광,전시시설
의정부,2024,12,2024-12,147,경기도,의정부시,마스터탁구클럽,3,의정부 2024_12.csv,레저스포츠,기타레저스포츠
의정부,2024,12,2024-12,147,경기도,의정부시,의정부LKFC유소년축구클럽,3,의정부 2024_12.csv,레저스포츠,기타레저스포츠
의정부,2024,12,2024-12,147,경기도,의정부시,무량사,3,의정부 2024_12.csv,역사관광,종교성지
의정부,2025,1,2025-01,1,경기도,의정부시,신세계백화점의정부점,20974,의정부 2025_01.csv,쇼핑,백화점
의정부,2025,1,2025-01,2,경기도,의정부시,의정부제일시장,9015,의정부 2025_01.csv,쇼핑,시장
의정부,2025,1,2025-01,3,경기도,의정부시,의정부버스터미널,3643,의정부 2025_01.csv,기타관광,교통시설
의정부,2025,1,2025-01,4,경기도,의정부시,의정부실내빙상장,2236,의정부 2025_01.csv,레저스포츠,육상레저스포츠
의정부,2025,1,2025-01,5,경기도,의정부시,메가박스의정부민락,2093,의정부 2025_01.csv,문화관광,공연시설
의정부,2025,1,2025-01,6,경기도,의정부시,롯데시네마의정부민락,2016,의정부 2025_01.csv,문화관광,공연시설
의정부,2025,1,2025-01,7,경기도,의정부시,의정부예술의전당,1979,의정부 2025_01.csv,문화관광,공연시설
의정부,2025,1,2025-01,8,경기도,의정부시,CGV의정부태흥,1835,의정부 2025_01.csv,문화관광,공연시설
의정부,2025,1,2025-01,9,경기도,의정부시,CGV의정부,942,의정부 2025_01.csv,문화관광,공연시설
의정부,2025,1,2025-01,10,경기도,의정부시,점핑몬스터의정부점,820,의정부 2025_01.csv,문화관광,테마공원
의정부,2025,1,2025-01,11,경기도,의정부시,신곡실내배드민턴장,807,의정부 2025_01.csv,레저스포츠,기타레저스포츠
의정부,2025,1,2025-01,12,경기도,의정부시,태영프라자,719,의정부 2025_01.csv,쇼핑,쇼핑몰
의정부,2025,1,2025-01,13,경기도,의정부시,낙양물사랑공원,694,의정부 2025_01.csv,문화관광,도시공원
의정부,2025,1,2025-01,14,경기도,의정부시,의정부시청소년수련관,639,의정부 2025_01.csv,레저스포츠,육상레저스포츠
의정부,2025,1,2025-01,15,경기도,의정부시,와글아이의정부점,565,의정부 2025_01.csv,문화관광,테마공원
의정부,2025,1,2025-01,16,경기도,의정부시,송산배수지체육시설,502,의정부 2025_01.csv,문화관광,도시공원
의정부,2025,1,2025-01,17,경기도,의정부시,직동근린공원,488,의정부 2025_01.csv,문화관광,도시공원
의정부,2025,1,2025-01,18,경기도,의정부시,렛츠런CCC의정부지점,409,의정부 2025_01.csv,레저스포츠,육상레저스포츠
의정부,2025,1,2025-01,19,경기도,의정부시,고고다이노키즈카페민락점,376,의정부 2025_01.csv,문화관광,테마공원
의정부,2025,1,2025-01,20,경기도,의정부시,서울승마클럽,354,의정부 2025_01.csv,레저스포츠,육상레저스포츠
의정부,2025,1,2025-01,21,경기도,의정부시,점프스카이민락점,289,의정부 2025_01.csv,문화관광,테마공원
의정부,2025,1,2025-01,22,경기도,의정부시,석림사,284,의정부 2025_01.csv,역사관광,종교성지
의정부,2025,1,2025-01,23,경기도,의정부시,히어로키즈파크의정부지점,273,의정부 2025_01.csv,문화관광,테마공원
의정부,2025,1,2025-01,24,경기도,의정부시,고고롤러스케이트장,269,의정부 2025_01.csv,레저스포츠,육상레저스포츠
의정부,2025,1,2025-01,25,경기도,의정부시,의정부가구거리,204,의정부 2025_01.csv,쇼핑,기타쇼핑시설
의정부,2025,1,2025-01,26,경기도,의정부시,활기체육공원,195,의정부 2025_01.csv,문화관광,도시공원
의정부,2025,1,2025-01,27,경기도,의정부시,경륜경정의정부지점,173,의정부 2025_01.csv,레저스포츠,육상레저스포츠
의정부,2025,1,2025-01,28,경기도,의정부시,천보탁구장,172,의정부 2025_01.csv,레저스포츠,기타레저스포츠
의정부,2025,1,2025-01,29,경기도,의정부시,회룡사,155,의정부 2025_01.csv,역사관광,종교성지
의정부,2025,1,2025-01,30,경기도,의정부시,추동배드민턴장,153,의정부 2025_01.csv,레저스포츠,기타레저스포츠
의정부,2025,1,2025-01,31,경기도,의정부시,녹양야구장,152,의정부 2025_01.csv,문화관광,레저스포츠시설
의정부,2025,1,2025-01,32,경기도,의정부시,헬로방방민락점,151,의정부 2025_01.csv,문화관광,테마공원
의정부,2025,1,2025-01,33,경기도,의정부시,서영빌딩서관,143,의정부 2025_01.csv,문화관광,기타문화관광지
의정부,2025,1,2025-01,34,경기도,의정부시,타요키즈카페의정부민락점,128,의정부 2025_01.csv,문화관광,테마공원
의정부,2025,1,2025-01,35,경기도,의정부시,희망어린이공원,123,의정부 2025_01.csv,문화관광,도시공원
의정부,2025,1,2025-01,36,경기도,의정부시,자일낚시터,122,의정부 2025_01.csv,레저스포츠,수상레저스포츠
의정부,2025,1,2025-01,37,경기도,의정부시,곤제구장,121,의정부 2025_01.csv,문화관광,레저스포츠시설
의정부,2025,1,2025-01,37,경기도,의정부시,송산사지근린공원,121,의정부 2025_01.csv,문화관광,도시공원
의정부,2025,1,2025-01,39,경기도,의정부시,의정부예술의전당대극장,120,의정부 2025_01.csv,문화관광,공연시설
의정부,2025,1,2025-01,40,경기도,의정부시,망월사,113,의정부 2025_01.csv,역사관광,종교성지
의정부,2025,1,2025-01,41,경기도,의정부시,안골유원지,110,의정부 2025_01.csv,문화관광,복합관광시설
의정부,2025,1,2025-01,42,경기도,의정부시,곤제근린공원,108,의정부 2025_01.csv,문화관광,도시공원
의정부,2025,1,2025-01,43,경기도,의정부시,직동축구장,106,의정부 2025_01.csv,문화관광,레저스포츠시설
의정부,2025,1,2025-01,44,경기도,의정부시,의정부청과야채시장,103,의정부 2025_01.csv,쇼핑,시장
의정부,2025,1,2025-01,45,경기도,의정부시,알쏭달쏭키즈드로잉,92,의정부 2025_01.csv,문화관광,테마공원
의정부,2025,1,2025-01,45,경기도,의정부시,호암사,92,의정부 2025_01.csv,역사관광,종교성지
의정부,2025,1,2025-01,47,경기도,의정부시,나리벡시티테마파크건축중(2027년01월 예정),86,의정부 2025_01.csv,문화관광,테마공원
의정부,2025,1,2025-01,48,경기도,의정부시,리드민리듬체조민락본점,74,의정부 2025_01.csv,레저스포츠,기타레저스포츠
의정부,2025,1,2025-01,49,경기도,의정부시,현충탑,73,의정부 2025_01.csv,역사관광,역사유물
의정부,2025,1,2025-01,50,경기도,의정부시,아로하포레스트,71,의정부 2025_01.csv,문화관광,테마공원
의정부,2025,1,2025-01,50,경기도,의정부시,의정부역,71,의정부 2025_01.csv,기타관광,교통시설
의정부,2025,1,2025-01,52,경기도,의정부시,김민성탁구클럽,68,의정부 2025_01.csv,레저스포츠,기타레저스포츠
의정부,2025,1,2025-01,53,경기도,의정부시,장수원배드민턴클럽,63,의정부 2025_01.csv,레저스포츠,기타레저스포츠
의정부,2025,1,2025-01,53,경기도,의정부시,태조이성계상,63,의정부 2025_01.csv,기타관광,기타관광
의정부,2025,1,2025-01,55,경기도,의정부시,북한산국립공원회룡탐방지원센터,60,의정부 2025_01.csv,기타관광,기타관광
의정부,2025,1,2025-01,55,경기도,의정부시,의정부천문대,60,의정부 2025_01.csv,레저스포츠,기타레저스포츠
의정부,2025,1,2025-01,57,경기도,의정부시,허니비풋살파크,55,의정부 2025_01.csv,문화관광,레저스포츠시설
의정부,2025,1,2025-01,58,경기도,의정부시,쌍암사,44,의정부 2025_01.csv,역사관광,종교성지
의정부,2025,1,2025-01,59,경기도,의정부시,벌말어린이공원,43,의정부 2025_01.csv,문화관광,도시공원
의정부,2025,1,2025-01,60,경기도,의정부시,성불사,42,의정부 2025_01.csv,역사관광,종교성지
의정부,2025,1,2025-01,61,경기도,의정부시,백영수미술관,40,의정부 2025_01.csv,문화관광,전시시설
의정부,2025,1,2025-01,62,경기도,의정부시,꿀잼키즈룸의정부민락점,39,의정부 2025_01.csv,문화관광,테마공원
의정부,2025,1,2025-01,62,경기도,의정부시,어울놀이패밀리카페,39,의정부 2025_01.csv,문화관광,테마공원
의정부,2025,1,2025-01,64,경기도,의정부시,신나는겨울놀이터,38,의정부 2025_01.csv,레저스포츠,육상레저스포츠
의정부,2025,1,2025-01,65,경기도,의정부시,직동근린공원통나무집,36,의정부 2025_01.csv,레저스포츠,육상레저스포츠
의정부,2025,1,2025-01,66,경기도,의정부시,장암파크골프장,35,의정부 2025_01.csv,레저스포츠,육상레저스포츠
의정부,2025,1,2025-01,66,경기도,의정부시,스트라이크존의정부민락구장,35,의정부 2025_01.csv,레저스포츠,기타레저스포츠
의정부,2025,1,2025-01,68,경기도,의정부시,쿠키즈룸,34,의정부 2025_01.csv,문화관광,테마공원
의정부,2025,1,2025-01,68,경기도,의정부시,대원사,34,의정부 2025_01.csv,역사관광,종교성지
의정부,2025,1,2025-01,68,경기도,의정부시,안골계곡,34,의정부 2025_01.csv,자연관광,자연경관(산)
의정부,2025,1,2025-01,68,경기도,의정부시,우리소극장,34,의정부 2025_01.csv,문화관광,공연시설
의정부,2025,1,2025-01,72,경기도,의정부시,정혜사의정부포교원,33,의정부 2025_01.csv,역사관광,종교성지
의정부,2025,1,2025-01,73,경기도,의정부시,스카이짐유소년스포츠클럽녹양점,31,의정부 2025_01.csv,레저스포츠,기타레저스포츠
의정부,2025,1,2025-01,73,경기도,의정부시,문화어린이공원,31,의정부 2025_01.csv,문화관광,도시공원
의정부,2025,1,2025-01,73,경기도,의정부시,롤프렌롤러장,31,의정부 2025_01.csv,레저스포츠,육상레저스포츠
의정부,2025,1,2025-01,76,경기도,의정부시,마린앤키즈,29,의정부 2025_01.csv,문화관광,테마공원
의정부,2025,1,2025-01,77,경기도,의정부시,원각사,27,의정부 2025_01.csv,역사관광,종교성지
의정부,2025,1,2025-01,77,경기도,의정부시,어수정어린이공원,27,의정부 2025_01.csv,문화관광,도시공원
의정부,2025,1,2025-01,77,경기도,의정부시,역전근린공원,27,의정부 2025_01.csv,문화관광,도시공원
의정부,2025,1,2025-01,80,경기도,의정부시,모래야놀자,26,의정부 2025_01.csv,문화관광,테마공원
의정부,2025,1,2025-01,80,경기도,의정부시,꽃동네어린이공원,26,의정부 2025_01.csv,문화관광,도시공원
의정부,2025,1,2025-01,82,경기도,의정부시,사패산,25,의정부 2025_01.csv,자연관광,자연경관(산)
의정부,2025,1,2025-01,83,경기도,의정부시,캠프라과디아체육공원,22,의정부 2025_01.csv,문화관광,도시공원
의정부,2025,1,2025-01,84,경기도,의정부시,이성숙탁구클럽,21,의정부 2025_01.csv,레저스포츠,기타레저스포츠
의정부,2025,1,2025-01,84,경기도,의정부시,노강서원,21,의정부 2025_01.csv,역사관광,역사유적지
의정부,2025,1,2025-01,86,경기도,의정부시,승지원트레이닝센터,20,의정부 2025_01.csv,레저스포츠,기타레저스포츠
의정부,2025,1,2025-01,87,경기도,의정부시,홍짐,19,의정부 2025_01.csv,레저스포츠,기타레저스포츠
의정부,2025,1,2025-01,87,경기도,의정부시,김병지축구클럽의정부롯데마트점,19,의정부 2025_01.csv,레저스포츠,기타레저스포츠
의정부,2025,1,2025-01,87,경기도,의정부시,윤한미탁구클럽,19,의정부 2025_01.csv,레저스포츠,기타레저스포츠
의정부,2025,1,2025-01,90,경기도,의정부시,봉화정사,18,의정부 2025_01.csv,역사관광,종교성지
의정부,2025,1,2025-01,90,경기도,의정부시,아이노리키즈카페,18,의정부 2025_01.csv,문화관광,테마공원
의정부,2025,1,2025-01,90,경기도,의정부시,중앙어린이공원,18,의정부 2025_01.csv,문화관광,도시공원
의정부,2025,1,2025-01,93,경기도,의정부시,사패산안골통제소방면,17,의정부 2025_01.csv,자연관광,자연경관(산)
의정부,2025,1,2025-01,93,경기도,의정부시,정화사,17,의정부 2025_01.csv,역사관광,종교성지
의정부,2025,1,2025-01,95,경기도,의정부시,바둑전용경기장건축중(2026년08월 완공예정),16,의정부 2025_01.csv,레저스포츠,기타레저스포츠
의정부,2025,1,2025-01,95,경기도,의정부시,토끼어린이공원,16,의정부 2025_01.csv,문화관광,도시공원
의정부,2025,1,2025-01,97,경기도,의정부시,갤러리평화,15,의정부 2025_01.csv,문화관광,전시시설
의정부,2025,1,2025-01,97,경기도,의정부시,자일산림욕장,15,의정부 2025_01.csv,자연관광,자연공원
의정부,2025,1,2025-01,97,경기도,의정부시,의정부기억저장소,15,의정부 2025_01.csv,문화관광,전시시설
의정부,2025,1,2025-01,97,경기도,의정부시,신곡탁구클럽,15,의정부 2025_01.csv,레저스포츠,기타레저스포츠
의정부,2025,1,2025-01,101,경기도,의정부시,메이드라인,14,의정부 2025_01.csv,레저스포츠,기타레저스포츠
의정부,2025,1,2025-01,102,경기도,의정부시,약수배드민턴클럽,13,의정부 2025_01.csv,레저스포츠,기타레저스포츠
의정부,2025,1,2025-01,102,경기도,의정부시,옵티머스빌리어드의정부점,13,의정부 2025_01.csv,레저스포츠,기타레저스포츠
의정부,2025,1,2025-01,102,경기도,의정부시,김미미도예공방,13,의정부 2025_01.csv,체험관광,공예체험
의정부,2025,1,2025-01,102,경기도,의정부시,추동웰빙공원,13,의정부 2025_01.csv,문화관광,도시공원
의정부,2025,1,2025-01,106,경기도,의정부시,북한산국립공원원도봉탐방지원센터,12,의정부 2025_01.csv,기타관광,기타관광
의정부,2025,1,2025-01,106,경기도,의정부시,다리목근린공원,12,의정부 2025_01.csv,문화관광,도시공원
의정부,2025,1,2025-01,108,경기도,의정부시,리틀베이비,11,의정부 2025_01.csv,문화관광,테마공원
의정부,2025,1,2025-01,108,경기도,의정부시,레벨업탁구클럽,11,의정부 2025_01.csv,레저스포츠,기타레저스포츠
의정부,2025,1,2025-01,110,경기도,의정부시,슈가복싱프리미엄의정부점,10,의정부 2025_01.csv,레저스포츠,기타레저스포츠
의정부,2025,1,2025-01,110,경기도,의정부시,투앤디수영장,10,의정부 2025_01.csv,문화관광,테마공원
의정부,2025,1,2025-01,110,경기도,의정부시,관음사,10,의정부 2025_01.csv,역사관광,종교성지
의정부,2025,1,2025-01,110,경기도,의정부시,여래사,10,의정부 2025_01.csv,역사관광,종교성지
의정부,2025,1,2025-01,110,경기도,의정부시,무량사,10,의정부 2025_01.csv,역사관광,종교성지
의정부,2025,1,2025-01,110,경기도,의정부시,킹클라이밍,10,의정부 2025_01.csv,레저스포츠,기타레저스포츠
의정부,2025,1,2025-01,116,경기도,의정부시,미가사,9,의정부 2025_01.csv,역사관광,종교성지
의정부,2025,1,2025-01,116,경기도,의정부시,의정부문화역 이음,9,의정부 2025_01.csv,문화관광,기타문화관광지
의정부,2025,1,2025-01,116,경기도,의정부시,선행어린이공원,9,의정부 2025_01.csv,문화관광,도시공원
의정부,2025,1,2025-01,116,경기도,의정부시,소망어린이공원,9,의정부 2025_01.csv,문화관광,도시공원
의정부,2025,1,2025-01,116,경기도,의정부시,로데오거리상점가,9,의정부 2025_01.csv,쇼핑,시장
의정부,2025,1,2025-01,116,경기도,의정부시,추동공원,9,의정부 2025_01.csv,문화관광,도시공원
의정부,2025,1,2025-01,122,경기도,의정부시,살판마을극장,8,의정부 2025_01.csv,문화관광,공연시설
의정부,2025,1,2025-01,123,경기도,의정부시,의정부축구센터,7,의정부 2025_01.csv,레저스포츠,기타레저스포츠
의정부,2025,1,2025-01,123,경기도,의정부시,버들개야구장,7,의정부 2025_01.csv,문화관광,레저스포츠시설
의정부,2025,1,2025-01,123,경기도,의정부시,슈가복싱프리미엄회룡점,7,의정부 2025_01.csv,레저스포츠,기타레저스포츠
의정부,2025,1,2025-01,123,경기도,의정부시,자은선원,7,의정부 2025_01.csv,역사관광,종교성지
의정부,2025,1,2025-01,123,경기도,의정부시,백합어린이공원,7,의정부 2025_01.csv,문화관광,도시공원
의정부,2025,1,2025-01,123,경기도,의정부시,무지개어린이공원,7,의정부 2025_01.csv,문화관광,도시공원
의정부,2025,1,2025-01,123,경기도,의정부시,범골어린이공원,7,의정부 2025_01.csv,문화관광,도시공원
의정부,2025,1,2025-01,123,경기도,의정부시,용현사,7,의정부 2025_01.csv,역사관광,종교성지
의정부,2025,1,2025-01,123,경기도,의정부시,푸른마당근린공원,7,의정부 2025_01.csv,문화관광,도시공원
의정부,2025,1,2025-01,132,경기도,의정부시,의정부망월풋살구장,6,의정부 2025_01.csv,레저스포츠,기타레저스포츠
의정부,2025,1,2025-01,132,경기도,의정부시,우리끼리 키즈카페 스포츠마을의정부민락점,6,의정부 2025_01.csv,문화관광,테마공원
의정부,2025,1,2025-01,132,경기도,의정부시,미륵사,6,의정부 2025_01.csv,역사관광,종교성지
의정부,2025,1,2025-01,132,경기도,의정부시,동심어린이공원,6,의정부 2025_01.csv,문화관광,도시공원
의정부,2025,1,2025-01,132,경기도,의정부시,루나루즈키즈카페,6,의정부 2025_01.csv,문화관광,테마공원
의정부,2025,1,2025-01,137,경기도,의정부시,학송사,5,의정부 2025_01.csv,역사관광,종교성지
의정부,2025,1,2025-01,137,경기도,의정부시,뛰노리방방,5,의정부 2025_01.csv,문화관광,테마공원
의정부,2025,1,2025-01,137,경기도,의정부시,정수선원,5,의정부 2025_01.csv,역사관광,종교성지
의정부,2025,1,2025-01,140,경기도,의정부시,드림탁구클럽,4,의정부 2025_01.csv,레저스포츠,기타레저스포츠
의정부,2025,1,2025-01,140,경기도,의정부시,드래곤트릭킹짐,4,의정부 2025_01.csv,레저스포츠,기타레저스포츠
의정부,2025,1,2025-01,140,경기도,의정부시,무지랭이계곡,4,의정부 2025_01.csv,자연관광,자연경관(산)
의정부,2025,1,2025-01,140,경기도,의정부시,민락리틀야구장,4,의정부 2025_01.csv,문화관광,레저스포츠시설
의정부,2025,1,2025-01,140,경기도,의정부시,아일랜드캐슬워터파크,4,의정부 2025_01.csv,문화관광,테마공원
의정부,2025,1,2025-01,140,경기도,의정부시,오목문화근린공원,4,의정부 2025_01.csv,문화관광,도시공원
의정부,2025,1,2025-01,140,경기도,의정부시,백석천근린공원,4,의정부 2025_01.csv,문화관광,도시공원
의정부,2025,1,2025-01,140,경기도,의정부시,의정부시장,4,의정부 2025_01.csv,쇼핑,시장
의정부,2025,1,2025-01,140,경기도,의정부시,쌍용사,4,의정부 2025_01.csv,역사관광,종교성지
의정부,2025,1,2025-01,140,경기도,의정부시,홍연경민현대미술관,4,의정부 2025_01.csv,문화관광,전시시설
의정부,2025,1,2025-01,140,경기도,의정부시,와우민턴샵,4,의정부 2025_01.csv,레저스포츠,기타레저스포츠
의정부,2025,1,2025-01,151,경기도,의정부시,회룡문화공원,3,의정부 2025_01.csv,문화관광,도시공원
의정부,2025,1,2025-01,151,경기도,의정부시,직동수련원,3,의정부 2025_01.csv,레저스포츠,육상레저스포츠
의정부,2025,1,2025-01,151,경기도,의정부시,스카이공연홀,3,의정부 2025_01.csv,문화관광,공연시설
의정부,2025,1,2025-01,151,경기도,의정부시,예술공간휴서사,3,의정부 2025_01.csv,문화관광,공연시설
의정부,2025,1,2025-01,151,경기도,의정부시,한국산악연수원CAC등산학교,3,의정부 2025_01.csv,레저스포츠,기타레저스포츠
의정부,2025,1,2025-01,151,경기도,의정부시,회룡탁구,3,의정부 2025_01.csv,레저스포츠,기타레저스포츠
의정부,2025,1,2025-01,151,경기도,의정부시,정문부장군묘,3,의정부 2025_01.csv,역사관광,역사유적지
의정부,2025,1,2025-01,151,경기도,의정부시,덕천사,3,의정부 2025_01.csv,역사관광,종교성지
의정부,2025,1,2025-01,151,경기도,의정부시,하늘빛어린이공원,3,의정부 2025_01.csv,문화관광,도시공원
의정부,2025,1,2025-01,151,경기도,의정부시,색동어린이공원,3,의정부 2025_01.csv,문화관광,도시공원
의정부,2025,1,2025-01,151,경기도,의정부시,공고개어린이공원,3,의정부 2025_01.csv,문화관광,도시공원
의정부,2025,1,2025-01,151,경기도,의정부시,홍익문화공원,3,의정부 2025_01.csv,문화관광,도시공원
의정부,2025,1,2025-01,151,경기도,의정부시,문예어린이공원,3,의정부 2025_01.csv,문화관광,도시공원
의정부,2025,1,2025-01,151,경기도,의정부시,상금오어린이공원,3,의정부 2025_01.csv,문화관광,도시공원
의정부,2025,1,2025-01,151,경기도,의정부시,장암발곡근린공원,3,의정부 2025_01.csv,문화관광,도시공원
의정부,2025,1,2025-01,151,경기도,의정부시,원효사,3,의정부 2025_01.csv,역사관광,종교성지
의정부,2025,1,2025-01,151,경기도,의정부시,천보산,3,의정부 2025_01.csv,자연관광,자연경관(산)
의정부,2025,1,2025-01,151,경기도,의정부시,의정부예술의전당소극장,3,의정부 2025_01.csv,문화관광,공연시설
의정부,2025,1,2025-01,151,경기도,의정부시,심원사,3,의정부 2025_01.csv,역사관광,종교성지
의정부,2025,1,2025-01,151,경기도,의정부시,용화사,3,의정부 2025_01.csv,역사관광,종교성지
의정부,2025,1,2025-01,151,경기도,의정부시,스트라이크존의정부구장,3,의정부 2025_01.csv,레저스포츠,기타레저스포츠
의정부,2025,1,2025-01,151,경기도,의정부시,의정부LKFC유소년축구클럽,3,의정부 2025_01.csv,레저스포츠,기타레저스포츠
의정부,2025,1,2025-01,151,경기도,의정부시,의정부시리틀야구장,3,의정부 2025_01.csv,문화관광,레저스포츠시설
의정부,2025,1,2025-01,151,경기도,의정부시,의정부아트캠프,3,의정부 2025_01.csv,문화관광,기타문화관광지
의정부,2025,2,2025-02,1,경기도,의정부시,신세계백화점의정부점,19983,의정부 2025_02.csv,쇼핑,백화점
의정부,2025,2,2025-02,2,경기도,의정부시,의정부제일시장,7706,의정부 2025_02.csv,쇼핑,시장
의정부,2025,2,2025-02,3,경기도,의정부시,의정부버스터미널,3093,의정부 2025_02.csv,기타관광,교통시설
의정부,2025,2,2025-02,4,경기도,의정부시,의정부예술의전당,2616,의정부 2025_02.csv,문화관광,공연시설
의정부,2025,2,2025-02,5,경기도,의정부시,메가박스의정부민락,1716,의정부 2025_02.csv,문화관광,공연시설
의정부,2025,2,2025-02,6,경기도,의정부시,의정부실내빙상장,1670,의정부 2025_02.csv,레저스포츠,육상레저스포츠
의정부,2025,2,2025-02,7,경기도,의정부시,CGV의정부태흥,1553,의정부 2025_02.csv,문화관광,공연시설
의정부,2025,2,2025-02,8,경기도,의정부시,롯데시네마의정부민락,1483,의정부 2025_02.csv,문화관광,공연시설
의정부,2025,2,2025-02,9,경기도,의정부시,점핑몬스터의정부점,903,의정부 2025_02.csv,문화관광,테마공원
의정부,2025,2,2025-02,10,경기도,의정부시,신곡실내배드민턴장,731,의정부 2025_02.csv,레저스포츠,기타레저스포츠
의정부,2025,2,2025-02,11,경기도,의정부시,의정부시청소년수련관,694,의정부 2025_02.csv,레저스포츠,육상레저스포츠
의정부,2025,2,2025-02,12,경기도,의정부시,태영프라자,648,의정부 2025_02.csv,쇼핑,쇼핑몰
의정부,2025,2,2025-02,13,경기도,의정부시,CGV의정부,626,의정부 2025_02.csv,문화관광,공연시설
의정부,2025,2,2025-02,14,경기도,의정부시,낙양물사랑공원,619,의정부 2025_02.csv,문화관광,도시공원
의정부,2025,2,2025-02,15,경기도,의정부시,와글아이의정부점,488,의정부 2025_02.csv,문화관광,테마공원
의정부,2025,2,2025-02,16,경기도,의정부시,송산배수지체육시설,485,의정부 2025_02.csv,문화관광,도시공원
의정부,2025,2,2025-02,17,경기도,의정부시,직동근린공원,469,의정부 2025_02.csv,문화관광,도시공원
의정부,2025,2,2025-02,18,경기도,의정부시,점프스카이민락점,342,의정부 2025_02.csv,문화관광,테마공원
의정부,2025,2,2025-02,19,경기도,의정부시,고고다이노키즈카페민락점,324,의정부 2025_02.csv,문화관광,테마공원
의정부,2025,2,2025-02,20,경기도,의정부시,서울승마클럽,296,의정부 2025_02.csv,레저스포츠,육상레저스포츠
의정부,2025,2,2025-02,21,경기도,의정부시,렛츠런CCC의정부지점,294,의정부 2025_02.csv,레저스포츠,육상레저스포츠
의정부,2025,2,2025-02,22,경기도,의정부시,의정부예술의전당대극장,291,의정부 2025_02.csv,문화관광,공연시설
의정부,2025,2,2025-02,23,경기도,의정부시,히어로키즈파크의정부지점,280,의정부 2025_02.csv,문화관광,테마공원
의정부,2025,2,2025-02,24,경기도,의정부시,석림사,215,의정부 2025_02.csv,역사관광,종교성지
의정부,2025,2,2025-02,25,경기도,의정부시,의정부가구거리,208,의정부 2025_02.csv,쇼핑,기타쇼핑시설
의정부,2025,2,2025-02,26,경기도,의정부시,활기체육공원,194,의정부 2025_02.csv,문화관광,도시공원
의정부,2025,2,2025-02,26,경기도,의정부시,고고롤러스케이트장,194,의정부 2025_02.csv,레저스포츠,육상레저스포츠
의정부,2025,2,2025-02,28,경기도,의정부시,헬로방방민락점,172,의정부 2025_02.csv,문화관광,테마공원
의정부,2025,2,2025-02,29,경기도,의정부시,곤제구장,165,의정부 2025_02.csv,문화관광,레저스포츠시설
의정부,2025,2,2025-02,30,경기도,의정부시,천보탁구장,163,의정부 2025_02.csv,레저스포츠,기타레저스포츠
의정부,2025,2,2025-02,31,경기도,의정부시,경륜경정의정부지점,157,의정부 2025_02.csv,레저스포츠,육상레저스포츠
의정부,2025,2,2025-02,32,경기도,의정부시,추동배드민턴장,144,의정부 2025_02.csv,레저스포츠,기타레저스포츠
의정부,2025,2,2025-02,33,경기도,의정부시,회룡사,140,의정부 2025_02.csv,역사관광,종교성지
의정부,2025,2,2025-02,34,경기도,의정부시,서영빌딩서관,133,의정부 2025_02.csv,문화관광,기타문화관광지
의정부,2025,2,2025-02,35,경기도,의정부시,안골유원지,128,의정부 2025_02.csv,문화관광,복합관광시설
의정부,2025,2,2025-02,36,경기도,의정부시,녹양야구장,115,의정부 2025_02.csv,문화관광,레저스포츠시설
의정부,2025,2,2025-02,37,경기도,의정부시,곤제근린공원,100,의정부 2025_02.csv,문화관광,도시공원
의정부,2025,2,2025-02,38,경기도,의정부시,타요키즈카페의정부민락점,99,의정부 2025_02.csv,문화관광,테마공원
의정부,2025,2,2025-02,38,경기도,의정부시,직동축구장,99,의정부 2025_02.csv,문화관광,레저스포츠시설
의정부,2025,2,2025-02,40,경기도,의정부시,자일낚시터,96,의정부 2025_02.csv,레저스포츠,수상레저스포츠
의정부,2025,2,2025-02,41,경기도,의정부시,백영수미술관,93,의정부 2025_02.csv,문화관광,전시시설
의정부,2025,2,2025-02,42,경기도,의정부시,의정부천문대,90,의정부 2025_02.csv,레저스포츠,기타레저스포츠
의정부,2025,2,2025-02,43,경기도,의정부시,송산사지근린공원,87,의정부 2025_02.csv,문화관광,도시공원
의정부,2025,2,2025-02,44,경기도,의정부시,알쏭달쏭키즈드로잉,85,의정부 2025_02.csv,문화관광,테마공원
의정부,2025,2,2025-02,45,경기도,의정부시,망월사,83,의정부 2025_02.csv,역사관광,종교성지
의정부,2025,2,2025-02,46,경기도,의정부시,김민성탁구클럽,77,의정부 2025_02.csv,레저스포츠,기타레저스포츠
의정부,2025,2,2025-02,47,경기도,의정부시,희망어린이공원,76,의정부 2025_02.csv,문화관광,도시공원
의정부,2025,2,2025-02,47,경기도,의정부시,의정부시리틀야구장,76,의정부 2025_02.csv,문화관광,레저스포츠시설
의정부,2025,2,2025-02,49,경기도,의정부시,나리벡시티테마파크건축중(2027년01월 예정),75,의정부 2025_02.csv,문화관광,테마공원
의정부,2025,2,2025-02,50,경기도,의정부시,장수원배드민턴클럽,69,의정부 2025_02.csv,레저스포츠,기타레저스포츠
의정부,2025,2,2025-02,51,경기도,의정부시,의정부역,68,의정부 2025_02.csv,기타관광,교통시설
의정부,2025,2,2025-02,52,경기도,의정부시,허니비풋살파크,67,의정부 2025_02.csv,문화관광,레저스포츠시설
의정부,2025,2,2025-02,53,경기도,의정부시,쌍암사,65,의정부 2025_02.csv,역사관광,종교성지
의정부,2025,2,2025-02,54,경기도,의정부시,아로하포레스트,63,의정부 2025_02.csv,문화관광,테마공원
의정부,2025,2,2025-02,55,경기도,의정부시,태조이성계상,62,의정부 2025_02.csv,기타관광,기타관광
의정부,2025,2,2025-02,56,경기도,의정부시,우리소극장,57,의정부 2025_02.csv,문화관광,공연시설
의정부,2025,2,2025-02,57,경기도,의정부시,현충탑,52,의정부 2025_02.csv,역사관광,역사유물
의정부,2025,2,2025-02,58,경기도,의정부시,북한산국립공원회룡탐방지원센터,51,의정부 2025_02.csv,기타관광,기타관광
의정부,2025,2,2025-02,58,경기도,의정부시,봉화정사,51,의정부 2025_02.csv,역사관광,종교성지
의정부,2025,2,2025-02,60,경기도,의정부시,문화어린이공원,50,의정부 2025_02.csv,문화관광,도시공원
의정부,2025,2,2025-02,60,경기도,의정부시,리드민리듬체조민락본점,50,의정부 2025_02.csv,레저스포츠,기타레저스포츠
의정부,2025,2,2025-02,62,경기도,의정부시,중앙어린이공원,48,의정부 2025_02.csv,문화관광,도시공원
의정부,2025,2,2025-02,63,경기도,의정부시,모래야놀자,47,의정부 2025_02.csv,문화관광,테마공원
의정부,2025,2,2025-02,64,경기도,의정부시,민락리틀야구장,46,의정부 2025_02.csv,문화관광,레저스포츠시설
의정부,2025,2,2025-02,65,경기도,의정부시,푸른마당근린공원,44,의정부 2025_02.csv,문화관광,도시공원
의정부,2025,2,2025-02,66,경기도,의정부시,안골계곡,42,의정부 2025_02.csv,자연관광,자연경관(산)
의정부,2025,2,2025-02,67,경기도,의정부시,꿀잼키즈룸의정부민락점,40,의정부 2025_02.csv,문화관광,테마공원
의정부,2025,2,2025-02,67,경기도,의정부시,롤프렌롤러장,40,의정부 2025_02.csv,레저스포츠,육상레저스포츠
의정부,2025,2,2025-02,69,경기도,의정부시,호암사,38,의정부 2025_02.csv,역사관광,종교성지
의정부,2025,2,2025-02,70,경기도,의정부시,어수정어린이공원,37,의정부 2025_02.csv,문화관광,도시공원
의정부,2025,2,2025-02,71,경기도,의정부시,벌말어린이공원,33,의정부 2025_02.csv,문화관광,도시공원
의정부,2025,2,2025-02,72,경기도,의정부시,스카이짐유소년스포츠클럽녹양점,30,의정부 2025_02.csv,레저스포츠,기타레저스포츠
의정부,2025,2,2025-02,72,경기도,의정부시,꽃동네어린이공원,30,의정부 2025_02.csv,문화관광,도시공원
의정부,2025,2,2025-02,72,경기도,의정부시,정혜사의정부포교원,30,의정부 2025_02.csv,역사관광,종교성지
의정부,2025,2,2025-02,75,경기도,의정부시,자일산림욕장,29,의정부 2025_02.csv,자연관광,자연공원
의정부,2025,2,2025-02,75,경기도,의정부시,아이노리키즈카페,29,의정부 2025_02.csv,문화관광,테마공원
의정부,2025,2,2025-02,77,경기도,의정부시,의정부축구센터,27,의정부 2025_02.csv,레저스포츠,기타레저스포츠
의정부,2025,2,2025-02,77,경기도,의정부시,성불사,27,의정부 2025_02.csv,역사관광,종교성지
의정부,2025,2,2025-02,77,경기도,의정부시,신곡탁구클럽,27,의정부 2025_02.csv,레저스포츠,기타레저스포츠
의정부,2025,2,2025-02,80,경기도,의정부시,하늘빛어린이공원,26,의정부 2025_02.csv,문화관광,도시공원
의정부,2025,2,2025-02,81,경기도,의정부시,영산법화사,25,의정부 2025_02.csv,역사관광,종교성지
의정부,2025,2,2025-02,82,경기도,의정부시,캠프라과디아체육공원,24,의정부 2025_02.csv,문화관광,도시공원
의정부,2025,2,2025-02,82,경기도,의정부시,의정부청과야채시장,24,의정부 2025_02.csv,쇼핑,시장
의정부,2025,2,2025-02,82,경기도,의정부시,윤한미탁구클럽,24,의정부 2025_02.csv,레저스포츠,기타레저스포츠
의정부,2025,2,2025-02,85,경기도,의정부시,옵티머스빌리어드의정부점,23,의정부 2025_02.csv,레저스포츠,기타레저스포츠
의정부,2025,2,2025-02,86,경기도,의정부시,메이드라인,20,의정부 2025_02.csv,레저스포츠,기타레저스포츠
의정부,2025,2,2025-02,87,경기도,의정부시,우리끼리 키즈카페 스포츠마을의정부민락점,19,의정부 2025_02.csv,문화관광,테마공원
의정부,2025,2,2025-02,87,경기도,의정부시,의정부문화역 이음,19,의정부 2025_02.csv,문화관광,기타문화관광지
의정부,2025,2,2025-02,89,경기도,의정부시,용현정,18,의정부 2025_02.csv,레저스포츠,육상레저스포츠
의정부,2025,2,2025-02,89,경기도,의정부시,스트라이크존의정부민락구장,18,의정부 2025_02.csv,레저스포츠,기타레저스포츠
의정부,2025,2,2025-02,91,경기도,의정부시,정화사,17,의정부 2025_02.csv,역사관광,종교성지
의정부,2025,2,2025-02,91,경기도,의정부시,마린앤키즈,17,의정부 2025_02.csv,문화관광,테마공원
의정부,2025,2,2025-02,93,경기도,의정부시,덕수사,16,의정부 2025_02.csv,역사관광,종교성지
의정부,2025,2,2025-02,94,경기도,의정부시,약수배드민턴클럽,15,의정부 2025_02.csv,레저스포츠,기타레저스포츠
의정부,2025,2,2025-02,94,경기도,의정부시,아일랜드캐슬워터파크,15,의정부 2025_02.csv,문화관광,테마공원
의정부,2025,2,2025-02,94,경기도,의정부시,노강서원,15,의정부 2025_02.csv,역사관광,역사유적지
의정부,2025,2,2025-02,94,경기도,의정부시,원각사,15,의정부 2025_02.csv,역사관광,종교성지
의정부,2025,2,2025-02,94,경기도,의정부시,대원사,15,의정부 2025_02.csv,역사관광,종교성지
의정부,2025,2,2025-02,99,경기도,의정부시,버들개야구장,14,의정부 2025_02.csv,문화관광,레저스포츠시설
의정부,2025,2,2025-02,99,경기도,의정부시,의정부망월풋살구장,14,의정부 2025_02.csv,레저스포츠,기타레저스포츠
의정부,2025,2,2025-02,99,경기도,의정부시,무량사,14,의정부 2025_02.csv,역사관광,종교성지
의정부,2025,2,2025-02,102,경기도,의정부시,루마공방,13,의정부 2025_02.csv,체험관광,공예체험
의정부,2025,2,2025-02,103,경기도,의정부시,관음사,12,의정부 2025_02.csv,역사관광,종교성지
의정부,2025,2,2025-02,103,경기도,의정부시,소망어린이공원,12,의정부 2025_02.csv,문화관광,도시공원
의정부,2025,2,2025-02,103,경기도,의정부시,김미미도예공방,12,의정부 2025_02.csv,체험관광,공예체험
의정부,2025,2,2025-02,106,경기도,의정부시,동심어린이공원,11,의정부 2025_02.csv,문화관광,도시공원
의정부,2025,2,2025-02,106,경기도,의정부시,원효사,11,의정부 2025_02.csv,역사관광,종교성지
의정부,2025,2,2025-02,108,경기도,의정부시,리틀베이비,10,의정부 2025_02.csv,문화관광,테마공원
의정부,2025,2,2025-02,108,경기도,의정부시,장암파크골프장,10,의정부 2025_02.csv,레저스포츠,육상레저스포츠
의정부,2025,2,2025-02,108,경기도,의정부시,쿠키즈룸,10,의정부 2025_02.csv,문화관광,테마공원
의정부,2025,2,2025-02,108,경기도,의정부시,로데오거리상점가,10,의정부 2025_02.csv,쇼핑,시장
의정부,2025,2,2025-02,108,경기도,의정부시,의정부예술의전당소극장,10,의정부 2025_02.csv,문화관광,공연시설
의정부,2025,2,2025-02,113,경기도,의정부시,드림탁구클럽,9,의정부 2025_02.csv,레저스포츠,기타레저스포츠
의정부,2025,2,2025-02,113,경기도,의정부시,이성숙탁구클럽,9,의정부 2025_02.csv,레저스포츠,기타레저스포츠
의정부,2025,2,2025-02,113,경기도,의정부시,신곡어린이공원,9,의정부 2025_02.csv,문화관광,도시공원
의정부,2025,2,2025-02,113,경기도,의정부시,의정부시장,9,의정부 2025_02.csv,쇼핑,시장
의정부,2025,2,2025-02,113,경기도,의정부시,김병지축구클럽의정부롯데마트점,9,의정부 2025_02.csv,레저스포츠,기타레저스포츠
의정부,2025,2,2025-02,113,경기도,의정부시,역전근린공원,9,의정부 2025_02.csv,문화관광,도시공원
의정부,2025,2,2025-02,119,경기도,의정부시,스카이공연홀,8,의정부 2025_02.csv,문화관광,공연시설
의정부,2025,2,2025-02,119,경기도,의정부시,수락사,8,의정부 2025_02.csv,역사관광,종교성지
의정부,2025,2,2025-02,119,경기도,의정부시,칠불암공덕원,8,의정부 2025_02.csv,역사관광,종교성지
의정부,2025,2,2025-02,119,경기도,의정부시,직동근린공원통나무집,8,의정부 2025_02.csv,레저스포츠,육상레저스포츠
의정부,2025,2,2025-02,123,경기도,의정부시,직동수련원,7,의정부 2025_02.csv,레저스포츠,육상레저스포츠
의정부,2025,2,2025-02,123,경기도,의정부시,투앤디수영장,7,의정부 2025_02.csv,문화관광,테마공원
의정부,2025,2,2025-02,123,경기도,의정부시,신효섭탁구장,7,의정부 2025_02.csv,레저스포츠,기타레저스포츠
의정부,2025,2,2025-02,123,경기도,의정부시,추동웰빙공원,7,의정부 2025_02.csv,문화관광,도시공원
의정부,2025,2,2025-02,123,경기도,의정부시,와우민턴샵,7,의정부 2025_02.csv,레저스포츠,기타레저스포츠
의정부,2025,2,2025-02,128,경기도,의정부시,바둑전용경기장건축중(2026년08월 완공예정),6,의정부 2025_02.csv,레저스포츠,기타레저스포츠
의정부,2025,2,2025-02,128,경기도,의정부시,승지원트레이닝센터,6,의정부 2025_02.csv,레저스포츠,기타레저스포츠
의정부,2025,2,2025-02,128,경기도,의정부시,민락어린이교통공원,6,의정부 2025_02.csv,문화관광,도시공원
의정부,2025,2,2025-02,128,경기도,의정부시,원오선원,6,의정부 2025_02.csv,역사관광,종교성지
의정부,2025,2,2025-02,128,경기도,의정부시,덕수사,6,의정부 2025_02.csv,역사관광,종교성지
의정부,2025,2,2025-02,128,경기도,의정부시,토끼어린이공원,6,의정부 2025_02.csv,문화관광,도시공원
의정부,2025,2,2025-02,128,경기도,의정부시,상금오어린이공원,6,의정부 2025_02.csv,문화관광,도시공원
의정부,2025,2,2025-02,128,경기도,의정부시,이태영탁구교실,6,의정부 2025_02.csv,레저스포츠,기타레저스포츠
의정부,2025,2,2025-02,128,경기도,의정부시,스트라이크존의정부구장,6,의정부 2025_02.csv,레저스포츠,기타레저스포츠
의정부,2025,2,2025-02,128,경기도,의정부시,정수선원,6,의정부 2025_02.csv,역사관광,종교성지
의정부,2025,2,2025-02,138,경기도,의정부시,슈가복싱프리미엄의정부점,5,의정부 2025_02.csv,레저스포츠,기타레저스포츠
의정부,2025,2,2025-02,138,경기도,의정부시,사패산,5,의정부 2025_02.csv,자연관광,자연경관(산)
의정부,2025,2,2025-02,138,경기도,의정부시,자은선원,5,의정부 2025_02.csv,역사관광,종교성지
의정부,2025,2,2025-02,138,경기도,의정부시,연주암,5,의정부 2025_02.csv,역사관광,종교성지
의정부,2025,2,2025-02,142,경기도,의정부시,의정부기억저장소,4,의정부 2025_02.csv,문화관광,전시시설
의정부,2025,2,2025-02,142,경기도,의정부시,회룡탁구,4,의정부 2025_02.csv,레저스포츠,기타레저스포츠
의정부,2025,2,2025-02,142,경기도,의정부시,살판마을극장,4,의정부 2025_02.csv,문화관광,공연시설
의정부,2025,2,2025-02,142,경기도,의정부시,장암발곡근린공원,4,의정부 2025_02.csv,문화관광,도시공원
의정부,2025,2,2025-02,142,경기도,의정부시,사패산안골통제소방면,4,의정부 2025_02.csv,자연관광,자연경관(산)
의정부,2025,2,2025-02,142,경기도,의정부시,무지랭이약수터,4,의정부 2025_02.csv,자연관광,자연경관(산)
의정부,2025,2,2025-02,142,경기도,의정부시,의정부아트캠프,4,의정부 2025_02.csv,문화관광,기타문화관광지
의정부,2025,2,2025-02,142,경기도,의정부시,추동웰빙공원물놀이장,4,의정부 2025_02.csv,문화관광,테마공원
의정부,2025,2,2025-02,142,경기도,의정부시,루나루즈키즈카페,4,의정부 2025_02.csv,문화관광,테마공원
의정부,2025,2,2025-02,151,경기도,의정부시,올디스튜디오,3,의정부 2025_02.csv,체험관광,공예체험
의정부,2025,2,2025-02,151,경기도,의정부시,중앙문화공원,3,의정부 2025_02.csv,문화관광,도시공원
의정부,2025,2,2025-02,151,경기도,의정부시,북한산국립공원원도봉탐방지원센터,3,의정부 2025_02.csv,기타관광,기타관광
의정부,2025,2,2025-02,151,경기도,의정부시,꿈그림공장,3,의정부 2025_02.csv,체험관광,공예체험
의정부,2025,2,2025-02,151,경기도,의정부시,원투무에타이킥복싱체육관신곡점,3,의정부 2025_02.csv,레저스포츠,기타레저스포츠
의정부,2025,2,2025-02,151,경기도,의정부시,민락탁구클럽,3,의정부 2025_02.csv,레저스포츠,기타레저스포츠
의정부,2025,2,2025-02,151,경기도,의정부시,의정부약수선원목조보살입상,3,의정부 2025_02.csv,역사관광,역사유적지
의정부,2025,2,2025-02,151,경기도,의정부시,덕천사,3,의정부 2025_02.csv,역사관광,종교성지
의정부,2025,2,2025-02,151,경기도,의정부시,백석천근린공원,3,의정부 2025_02.csv,문화관광,도시공원
의정부,2025,2,2025-02,151,경기도,의정부시,천보근린공원,3,의정부 2025_02.csv,문화관광,도시공원
의정부,2025,2,2025-02,151,경기도,의정부시,영락사,3,의정부 2025_02.csv,역사관광,종교성지
의정부,2025,2,2025-02,151,경기도,의정부시,쌍용사,3,의정부 2025_02.csv,역사관광,종교성지
의정부,2025,2,2025-02,151,경기도,의정부시,용현사,3,의정부 2025_02.csv,역사관광,종교성지
의정부,2025,2,2025-02,151,경기도,의정부시,뛰노리방방,3,의정부 2025_02.csv,문화관광,테마공원
의정부,2025,2,2025-02,151,경기도,의정부시,정하영탁구클럽,3,의정부 2025_02.csv,레저스포츠,기타레저스포츠
의정부,2025,2,2025-02,151,경기도,의정부시,닥터레드뮤직,3,의정부 2025_02.csv,문화관광,공연시설
의정부,2025,2,2025-02,151,경기도,의정부시,너나들이어린이공원,3,의정부 2025_02.csv,문화관광,도시공원
의정부,2025,2,2025-02,151,경기도,의정부시,관음정사,3,의정부 2025_02.csv,역사관광,종교성지
의정부,2025,2,2025-02,151,경기도,의정부시,마스터탁구클럽,3,의정부 2025_02.csv,레저스포츠,기타레저스포츠
의정부,2025,2,2025-02,151,경기도,의정부시,의정부LKFC유소년축구클럽,3,의정부 2025_02.csv,레저스포츠,기타레저스포츠
의정부,2025,2,2025-02,151,경기도,의정부시,귀락문화공원,3,의정부 2025_02.csv,문화관광,도시공원
의정부,2025,2,2025-02,151,경기도,의정부시,평화의 소녀상,3,의정부 2025_02.csv,역사관광,역사유물
의정부,2025,2,2025-02,151,경기도,의정부시,유니크발레,3,의정부 2025_02.csv,레저스포츠,기타레저스포츠
의정부,2025,3,2025-03,1,경기도,의정부시,신세계백화점의정부점,21791,의정부 2025_03.csv,쇼핑,백화점
의정부,2025,3,2025-03,2,경기도,의정부시,의정부제일시장,8872,의정부 2025_03.csv,쇼핑,시장
의정부,2025,3,2025-03,3,경기도,의정부시,의정부버스터미널,3394,의정부 2025_03.csv,기타관광,교통시설
의정부,2025,3,2025-03,4,경기도,의정부시,의정부예술의전당,2723,의정부 2025_03.csv,문화관광,공연시설
의정부,2025,3,2025-03,5,경기도,의정부시,메가박스의정부민락,2529,의정부 2025_03.csv,문화관광,공연시설
의정부,2025,3,2025-03,6,경기도,의정부시,롯데시네마의정부민락,1677,의정부 2025_03.csv,문화관광,공연시설
의정부,2025,3,2025-03,7,경기도,의정부시,CGV의정부태흥,1588,의정부 2025_03.csv,문화관광,공연시설
의정부,2025,3,2025-03,8,경기도,의정부시,의정부실내빙상장,1321,의정부 2025_03.csv,레저스포츠,육상레저스포츠
의정부,2025,3,2025-03,9,경기도,의정부시,신곡실내배드민턴장,875,의정부 2025_03.csv,레저스포츠,기타레저스포츠
의정부,2025,3,2025-03,10,경기도,의정부시,태영프라자,836,의정부 2025_03.csv,쇼핑,쇼핑몰
의정부,2025,3,2025-03,10,경기도,의정부시,낙양물사랑공원,836,의정부 2025_03.csv,문화관광,도시공원
의정부,2025,3,2025-03,12,경기도,의정부시,직동근린공원,718,의정부 2025_03.csv,문화관광,도시공원
의정부,2025,3,2025-03,13,경기도,의정부시,CGV의정부,686,의정부 2025_03.csv,문화관광,공연시설
의정부,2025,3,2025-03,14,경기도,의정부시,점핑몬스터의정부점,682,의정부 2025_03.csv,문화관광,테마공원
의정부,2025,3,2025-03,15,경기도,의정부시,송산배수지체육시설,648,의정부 2025_03.csv,문화관광,도시공원
의정부,2025,3,2025-03,16,경기도,의정부시,의정부시청소년수련관,598,의정부 2025_03.csv,레저스포츠,육상레저스포츠
의정부,2025,3,2025-03,17,경기도,의정부시,와글아이의정부점,533,의정부 2025_03.csv,문화관광,테마공원
의정부,2025,3,2025-03,18,경기도,의정부시,서울승마클럽,472,의정부 2025_03.csv,레저스포츠,육상레저스포츠
의정부,2025,3,2025-03,19,경기도,의정부시,렛츠런CCC의정부지점,441,의정부 2025_03.csv,레저스포츠,육상레저스포츠
의정부,2025,3,2025-03,20,경기도,의정부시,석림사,436,의정부 2025_03.csv,역사관광,종교성지
의정부,2025,3,2025-03,21,경기도,의정부시,송산사지근린공원,375,의정부 2025_03.csv,문화관광,도시공원
의정부,2025,3,2025-03,22,경기도,의정부시,고고다이노키즈카페민락점,369,의정부 2025_03.csv,문화관광,테마공원
의정부,2025,3,2025-03,23,경기도,의정부시,활기체육공원,319,의정부 2025_03.csv,문화관광,도시공원
의정부,2025,3,2025-03,24,경기도,의정부시,히어로키즈파크의정부지점,301,의정부 2025_03.csv,문화관광,테마공원
의정부,2025,3,2025-03,25,경기도,의정부시,추동배드민턴장,250,의정부 2025_03.csv,레저스포츠,기타레저스포츠
의정부,2025,3,2025-03,26,경기도,의정부시,녹양야구장,246,의정부 2025_03.csv,문화관광,레저스포츠시설
의정부,2025,3,2025-03,27,경기도,의정부시,곤제구장,244,의정부 2025_03.csv,문화관광,레저스포츠시설
의정부,2025,3,2025-03,28,경기도,의정부시,의정부가구거리,238,의정부 2025_03.csv,쇼핑,기타쇼핑시설
의정부,2025,3,2025-03,29,경기도,의정부시,고고롤러스케이트장,214,의정부 2025_03.csv,레저스포츠,육상레저스포츠
의정부,2025,3,2025-03,30,경기도,의정부시,의정부예술의전당대극장,195,의정부 2025_03.csv,문화관광,공연시설
의정부,2025,3,2025-03,31,경기도,의정부시,천보탁구장,188,의정부 2025_03.csv,레저스포츠,기타레저스포츠
의정부,2025,3,2025-03,32,경기도,의정부시,회룡사,183,의정부 2025_03.csv,역사관광,종교성지
의정부,2025,3,2025-03,33,경기도,의정부시,경륜경정의정부지점,164,의정부 2025_03.csv,레저스포츠,육상레저스포츠
의정부,2025,3,2025-03,34,경기도,의정부시,헬로방방민락점,155,의정부 2025_03.csv,문화관광,테마공원
의정부,2025,3,2025-03,35,경기도,의정부시,직동축구장,143,의정부 2025_03.csv,문화관광,레저스포츠시설
의정부,2025,3,2025-03,36,경기도,의정부시,망월사,140,의정부 2025_03.csv,역사관광,종교성지
의정부,2025,3,2025-03,37,경기도,의정부시,서영빌딩서관,136,의정부 2025_03.csv,문화관광,기타문화관광지
의정부,2025,3,2025-03,38,경기도,의정부시,안골유원지,124,의정부 2025_03.csv,문화관광,복합관광시설
의정부,2025,3,2025-03,39,경기도,의정부시,곤제근린공원,121,의정부 2025_03.csv,문화관광,도시공원
의정부,2025,3,2025-03,40,경기도,의정부시,장수원배드민턴클럽,109,의정부 2025_03.csv,레저스포츠,기타레저스포츠
의정부,2025,3,2025-03,41,경기도,의정부시,자일산림욕장,108,의정부 2025_03.csv,자연관광,자연공원
의정부,2025,3,2025-03,42,경기도,의정부시,타요키즈카페의정부민락점,107,의정부 2025_03.csv,문화관광,테마공원
의정부,2025,3,2025-03,43,경기도,의정부시,태조이성계상,101,의정부 2025_03.csv,기타관광,기타관광
의정부,2025,3,2025-03,44,경기도,의정부시,점프스카이민락점,100,의정부 2025_03.csv,문화관광,테마공원
의정부,2025,3,2025-03,45,경기도,의정부시,김민성탁구클럽,99,의정부 2025_03.csv,레저스포츠,기타레저스포츠
의정부,2025,3,2025-03,46,경기도,의정부시,자일낚시터,85,의정부 2025_03.csv,레저스포츠,수상레저스포츠
의정부,2025,3,2025-03,47,경기도,의정부시,허니비풋살파크,83,의정부 2025_03.csv,문화관광,레저스포츠시설
의정부,2025,3,2025-03,48,경기도,의정부시,백영수미술관,81,의정부 2025_03.csv,문화관광,전시시설
의정부,2025,3,2025-03,49,경기도,의정부시,북한산국립공원회룡탐방지원센터,80,의정부 2025_03.csv,기타관광,기타관광
의정부,2025,3,2025-03,50,경기도,의정부시,나리벡시티테마파크건축중(2027년01월 예정),77,의정부 2025_03.csv,문화관광,테마공원
의정부,2025,3,2025-03,50,경기도,의정부시,알쏭달쏭키즈드로잉,77,의정부 2025_03.csv,문화관광,테마공원
의정부,2025,3,2025-03,52,경기도,의정부시,희망어린이공원,73,의정부 2025_03.csv,문화관광,도시공원
의정부,2025,3,2025-03,53,경기도,의정부시,의정부역,70,의정부 2025_03.csv,기타관광,교통시설
의정부,2025,3,2025-03,54,경기도,의정부시,현충탑,64,의정부 2025_03.csv,역사관광,역사유물
의정부,2025,3,2025-03,55,경기도,의정부시,벌말어린이공원,63,의정부 2025_03.csv,문화관광,도시공원
의정부,2025,3,2025-03,56,경기도,의정부시,쌍암사,59,의정부 2025_03.csv,역사관광,종교성지
의정부,2025,3,2025-03,57,경기도,의정부시,의정부시리틀야구장,56,의정부 2025_03.csv,문화관광,레저스포츠시설
의정부,2025,3,2025-03,58,경기도,의정부시,호암사,53,의정부 2025_03.csv,역사관광,종교성지
의정부,2025,3,2025-03,59,경기도,의정부시,의정부청과야채시장,52,의정부 2025_03.csv,쇼핑,시장
의정부,2025,3,2025-03,60,경기도,의정부시,직동근린공원통나무집,51,의정부 2025_03.csv,레저스포츠,육상레저스포츠
의정부,2025,3,2025-03,61,경기도,의정부시,마린앤키즈,50,의정부 2025_03.csv,문화관광,테마공원
의정부,2025,3,2025-03,62,경기도,의정부시,신곡탁구클럽,48,의정부 2025_03.csv,레저스포츠,기타레저스포츠
의정부,2025,3,2025-03,63,경기도,의정부시,봉화정사,47,의정부 2025_03.csv,역사관광,종교성지
의정부,2025,3,2025-03,64,경기도,의정부시,문화어린이공원,46,의정부 2025_03.csv,문화관광,도시공원
의정부,2025,3,2025-03,65,경기도,의정부시,모래야놀자,45,의정부 2025_03.csv,문화관광,테마공원
의정부,2025,3,2025-03,65,경기도,의정부시,옵티머스빌리어드의정부점,45,의정부 2025_03.csv,레저스포츠,기타레저스포츠
의정부,2025,3,2025-03,67,경기도,의정부시,푸른마당근린공원,43,의정부 2025_03.csv,문화관광,도시공원
의정부,2025,3,2025-03,68,경기도,의정부시,스카이짐유소년스포츠클럽녹양점,42,의정부 2025_03.csv,레저스포츠,기타레저스포츠
의정부,2025,3,2025-03,68,경기도,의정부시,꿀잼키즈룸의정부민락점,42,의정부 2025_03.csv,문화관광,테마공원
의정부,2025,3,2025-03,68,경기도,의정부시,윤한미탁구클럽,42,의정부 2025_03.csv,레저스포츠,기타레저스포츠
의정부,2025,3,2025-03,68,경기도,의정부시,롤프렌롤러장,42,의정부 2025_03.csv,레저스포츠,육상레저스포츠
의정부,2025,3,2025-03,72,경기도,의정부시,리드민리듬체조민락본점,40,의정부 2025_03.csv,레저스포츠,기타레저스포츠
의정부,2025,3,2025-03,73,경기도,의정부시,우리소극장,37,의정부 2025_03.csv,문화관광,공연시설
의정부,2025,3,2025-03,74,경기도,의정부시,어수정어린이공원,35,의정부 2025_03.csv,문화관광,도시공원
의정부,2025,3,2025-03,74,경기도,의정부시,의정부천문대,35,의정부 2025_03.csv,레저스포츠,기타레저스포츠
의정부,2025,3,2025-03,76,경기도,의정부시,장암파크골프장,34,의정부 2025_03.csv,레저스포츠,육상레저스포츠
의정부,2025,3,2025-03,77,경기도,의정부시,아로하포레스트,33,의정부 2025_03.csv,문화관광,테마공원
의정부,2025,3,2025-03,77,경기도,의정부시,중앙어린이공원,33,의정부 2025_03.csv,문화관광,도시공원
의정부,2025,3,2025-03,79,경기도,의정부시,성불사,31,의정부 2025_03.csv,역사관광,종교성지
의정부,2025,3,2025-03,80,경기도,의정부시,의정부축구센터,30,의정부 2025_03.csv,레저스포츠,기타레저스포츠
의정부,2025,3,2025-03,80,경기도,의정부시,버들개야구장,30,의정부 2025_03.csv,문화관광,레저스포츠시설
의정부,2025,3,2025-03,80,경기도,의정부시,아이노리키즈카페,30,의정부 2025_03.csv,문화관광,테마공원
의정부,2025,3,2025-03,83,경기도,의정부시,쿠키즈룸,29,의정부 2025_03.csv,문화관광,테마공원
의정부,2025,3,2025-03,84,경기도,의정부시,노강서원,28,의정부 2025_03.csv,역사관광,역사유적지
의정부,2025,3,2025-03,85,경기도,의정부시,사패산안골통제소방면,23,의정부 2025_03.csv,자연관광,자연경관(산)
의정부,2025,3,2025-03,85,경기도,의정부시,김미미도예공방,23,의정부 2025_03.csv,체험관광,공예체험
의정부,2025,3,2025-03,87,경기도,의정부시,안골계곡,22,의정부 2025_03.csv,자연관광,자연경관(산)
의정부,2025,3,2025-03,88,경기도,의정부시,약수배드민턴클럽,21,의정부 2025_03.csv,레저스포츠,기타레저스포츠
의정부,2025,3,2025-03,89,경기도,의정부시,하늘빛어린이공원,20,의정부 2025_03.csv,문화관광,도시공원
의정부,2025,3,2025-03,90,경기도,의정부시,700어린이라운지,19,의정부 2025_03.csv,문화관광,테마공원
의정부,2025,3,2025-03,90,경기도,의정부시,대원사,19,의정부 2025_03.csv,역사관광,종교성지
의정부,2025,3,2025-03,92,경기도,의정부시,의정부망월풋살구장,18,의정부 2025_03.csv,레저스포츠,기타레저스포츠
의정부,2025,3,2025-03,93,경기도,의정부시,상금오어린이공원,17,의정부 2025_03.csv,문화관광,도시공원
의정부,2025,3,2025-03,94,경기도,의정부시,우리끼리 키즈카페 스포츠마을의정부민락점,15,의정부 2025_03.csv,문화관광,테마공원
의정부,2025,3,2025-03,94,경기도,의정부시,민락리틀야구장,15,의정부 2025_03.csv,문화관광,레저스포츠시설
의정부,2025,3,2025-03,94,경기도,의정부시,소망어린이공원,15,의정부 2025_03.csv,문화관광,도시공원
의정부,2025,3,2025-03,94,경기도,의정부시,원효사,15,의정부 2025_03.csv,역사관광,종교성지
의정부,2025,3,2025-03,94,경기도,의정부시,역전근린공원,15,의정부 2025_03.csv,문화관광,도시공원
의정부,2025,3,2025-03,99,경기도,의정부시,이성숙탁구클럽,14,의정부 2025_03.csv,레저스포츠,기타레저스포츠
의정부,2025,3,2025-03,100,경기도,의정부시,한국산악연수원CAC등산학교,13,의정부 2025_03.csv,레저스포츠,기타레저스포츠
의정부,2025,3,2025-03,100,경기도,의정부시,덕천사,13,의정부 2025_03.csv,역사관광,종교성지
의정부,2025,3,2025-03,100,경기도,의정부시,꽃동네어린이공원,13,의정부 2025_03.csv,문화관광,도시공원
의정부,2025,3,2025-03,100,경기도,의정부시,토끼어린이공원,13,의정부 2025_03.csv,문화관광,도시공원
의정부,2025,3,2025-03,104,경기도,의정부시,동심어린이공원,12,의정부 2025_03.csv,문화관광,도시공원
의정부,2025,3,2025-03,104,경기도,의정부시,의정부시장,12,의정부 2025_03.csv,쇼핑,시장
의정부,2025,3,2025-03,104,경기도,의정부시,용현정,12,의정부 2025_03.csv,레저스포츠,육상레저스포츠
의정부,2025,3,2025-03,104,경기도,의정부시,김병지축구클럽의정부롯데마트점,12,의정부 2025_03.csv,레저스포츠,기타레저스포츠
의정부,2025,3,2025-03,108,경기도,의정부시,표미영탁구클럽,11,의정부 2025_03.csv,레저스포츠,기타레저스포츠
의정부,2025,3,2025-03,109,경기도,의정부시,캠프라과디아체육공원,10,의정부 2025_03.csv,문화관광,도시공원
의정부,2025,3,2025-03,109,경기도,의정부시,의정부기억저장소,10,의정부 2025_03.csv,문화관광,전시시설
의정부,2025,3,2025-03,109,경기도,의정부시,장미어린이공원,10,의정부 2025_03.csv,문화관광,도시공원
의정부,2025,3,2025-03,112,경기도,의정부시,의정부문화역 이음,9,의정부 2025_03.csv,문화관광,기타문화관광지
의정부,2025,3,2025-03,112,경기도,의정부시,사패산,9,의정부 2025_03.csv,자연관광,자연경관(산)
의정부,2025,3,2025-03,112,경기도,의정부시,선행어린이공원,9,의정부 2025_03.csv,문화관광,도시공원
의정부,2025,3,2025-03,112,경기도,의정부시,추동공원,9,의정부 2025_03.csv,문화관광,도시공원
의정부,2025,3,2025-03,112,경기도,의정부시,어울놀이패밀리카페,9,의정부 2025_03.csv,문화관광,테마공원
의정부,2025,3,2025-03,112,경기도,의정부시,추동웰빙공원,9,의정부 2025_03.csv,문화관광,도시공원
의정부,2025,3,2025-03,118,경기도,의정부시,리틀베이비,8,의정부 2025_03.csv,문화관광,테마공원
의정부,2025,3,2025-03,118,경기도,의정부시,영산법화사,8,의정부 2025_03.csv,역사관광,종교성지
의정부,2025,3,2025-03,118,경기도,의정부시,덕수사,8,의정부 2025_03.csv,역사관광,종교성지
의정부,2025,3,2025-03,121,경기도,의정부시,루마공방,7,의정부 2025_03.csv,체험관광,공예체험
의정부,2025,3,2025-03,121,경기도,의정부시,메이드라인,7,의정부 2025_03.csv,레저스포츠,기타레저스포츠
의정부,2025,3,2025-03,121,경기도,의정부시,신곡어린이공원,7,의정부 2025_03.csv,문화관광,도시공원
의정부,2025,3,2025-03,121,경기도,의정부시,홍익문화공원,7,의정부 2025_03.csv,문화관광,도시공원
의정부,2025,3,2025-03,121,경기도,의정부시,쌍용사,7,의정부 2025_03.csv,역사관광,종교성지
의정부,2025,3,2025-03,121,경기도,의정부시,정혜사의정부포교원,7,의정부 2025_03.csv,역사관광,종교성지
의정부,2025,3,2025-03,121,경기도,의정부시,정화사,7,의정부 2025_03.csv,역사관광,종교성지
의정부,2025,3,2025-03,121,경기도,의정부시,스트라이크존의정부민락구장,7,의정부 2025_03.csv,레저스포츠,기타레저스포츠
의정부,2025,3,2025-03,121,경기도,의정부시,와우민턴샵,7,의정부 2025_03.csv,레저스포츠,기타레저스포츠
의정부,2025,3,2025-03,130,경기도,의정부시,바둑전용경기장건축중(2026년08월 완공예정),6,의정부 2025_03.csv,레저스포츠,기타레저스포츠
의정부,2025,3,2025-03,130,경기도,의정부시,북한산국립공원원도봉탐방지원센터,6,의정부 2025_03.csv,기타관광,기타관광
의정부,2025,3,2025-03,130,경기도,의정부시,이태영탁구교실,6,의정부 2025_03.csv,레저스포츠,기타레저스포츠
의정부,2025,3,2025-03,130,경기도,의정부시,무지랭이약수터,6,의정부 2025_03.csv,자연관광,자연경관(산)
의정부,2025,3,2025-03,130,경기도,의정부시,홍연경민현대미술관,6,의정부 2025_03.csv,문화관광,전시시설
의정부,2025,3,2025-03,135,경기도,의정부시,정문부장군묘,5,의정부 2025_03.csv,역사관광,역사유적지
의정부,2025,3,2025-03,135,경기도,의정부시,다리목근린공원,5,의정부 2025_03.csv,문화관광,도시공원
의정부,2025,3,2025-03,135,경기도,의정부시,신효섭탁구장,5,의정부 2025_03.csv,레저스포츠,기타레저스포츠
의정부,2025,3,2025-03,135,경기도,의정부시,슈퍼키즈스카이방방의정부민락점,5,의정부 2025_03.csv,문화관광,테마공원
의정부,2025,3,2025-03,139,경기도,의정부시,드림탁구클럽,4,의정부 2025_03.csv,레저스포츠,기타레저스포츠
의정부,2025,3,2025-03,139,경기도,의정부시,중앙문화공원,4,의정부 2025_03.csv,문화관광,도시공원
의정부,2025,3,2025-03,139,경기도,의정부시,직동수련원,4,의정부 2025_03.csv,레저스포츠,육상레저스포츠
의정부,2025,3,2025-03,139,경기도,의정부시,수락사,4,의정부 2025_03.csv,역사관광,종교성지
의정부,2025,3,2025-03,139,경기도,의정부시,정하영탁구클럽,4,의정부 2025_03.csv,레저스포츠,기타레저스포츠
의정부,2025,3,2025-03,139,경기도,의정부시,루나루즈키즈카페,4,의정부 2025_03.csv,문화관광,테마공원
의정부,2025,3,2025-03,145,경기도,의정부시,미가사,3,의정부 2025_03.csv,역사관광,종교성지
의정부,2025,3,2025-03,145,경기도,의정부시,무지랭이계곡,3,의정부 2025_03.csv,자연관광,자연경관(산)
의정부,2025,3,2025-03,145,경기도,의정부시,슈가복싱프리미엄의정부점,3,의정부 2025_03.csv,레저스포츠,기타레저스포츠
의정부,2025,3,2025-03,145,경기도,의정부시,핑키쿡,3,의정부 2025_03.csv,체험관광,공예체험
의정부,2025,3,2025-03,145,경기도,의정부시,아일랜드캐슬워터파크,3,의정부 2025_03.csv,문화관광,테마공원
의정부,2025,3,2025-03,145,경기도,의정부시,자은선원,3,의정부 2025_03.csv,역사관광,종교성지
의정부,2025,3,2025-03,145,경기도,의정부시,능골어린이공원,3,의정부 2025_03.csv,문화관광,도시공원
의정부,2025,3,2025-03,145,경기도,의정부시,오동어린이공원,3,의정부 2025_03.csv,문화관광,도시공원
의정부,2025,3,2025-03,145,경기도,의정부시,공고개어린이공원,3,의정부 2025_03.csv,문화관광,도시공원
의정부,2025,3,2025-03,145,경기도,의정부시,달님어린이공원,3,의정부 2025_03.csv,문화관광,도시공원
의정부,2025,3,2025-03,145,경기도,의정부시,백석천근린공원,3,의정부 2025_03.csv,문화관광,도시공원
의정부,2025,3,2025-03,145,경기도,의정부시,천보근린공원,3,의정부 2025_03.csv,문화관광,도시공원
의정부,2025,3,2025-03,145,경기도,의정부시,중랑천어린이공원,3,의정부 2025_03.csv,문화관광,도시공원
의정부,2025,3,2025-03,145,경기도,의정부시,영락사,3,의정부 2025_03.csv,역사관광,종교성지
의정부,2025,3,2025-03,145,경기도,의정부시,석림사계곡,3,의정부 2025_03.csv,자연관광,자연경관(산)
의정부,2025,3,2025-03,145,경기도,의정부시,자비정사,3,의정부 2025_03.csv,역사관광,종교성지
의정부,2025,3,2025-03,145,경기도,의정부시,대각사,3,의정부 2025_03.csv,역사관광,종교성지
의정부,2025,3,2025-03,145,경기도,의정부시,복싱히어로의정부역점,3,의정부 2025_03.csv,레저스포츠,기타레저스포츠
의정부,2025,3,2025-03,145,경기도,의정부시,천보산,3,의정부 2025_03.csv,자연관광,자연경관(산)
의정부,2025,3,2025-03,145,경기도,의정부시,리얼야구존의정부점,3,의정부 2025_03.csv,레저스포츠,기타레저스포츠
의정부,2025,3,2025-03,145,경기도,의정부시,잎새어린이공원,3,의정부 2025_03.csv,문화관광,도시공원
의정부,2025,3,2025-03,145,경기도,의정부시,복싱히어로의정부금오점,3,의정부 2025_03.csv,레저스포츠,기타레저스포츠
의정부,2025,3,2025-03,145,경기도,의정부시,관음정사,3,의정부 2025_03.csv,역사관광,종교성지
의정부,2025,3,2025-03,145,경기도,의정부시,마스터탁구클럽,3,의정부 2025_03.csv,레저스포츠,기타레저스포츠
의정부,2025,3,2025-03,145,경기도,의정부시,귀락문화공원,3,의정부 2025_03.csv,문화관광,도시공원
의정부,2025,3,2025-03,145,경기도,의정부시,연주암,3,의정부 2025_03.csv,역사관광,종교성지
의정부,2025,3,2025-03,145,경기도,의정부시,유니크발레,3,의정부 2025_03.csv,레저스포츠,기타레저스포츠
의정부,2025,4,2025-04,1,경기도,의정부시,신세계백화점의정부점,19918,의정부 2025_04.csv,쇼핑,백화점
의정부,2025,4,2025-04,2,경기도,의정부시,의정부제일시장,8208,의정부 2025_04.csv,쇼핑,시장
의정부,2025,4,2025-04,3,경기도,의정부시,의정부예술의전당,3493,의정부 2025_04.csv,문화관광,공연시설
의정부,2025,4,2025-04,4,경기도,의정부시,의정부버스터미널,3428,의정부 2025_04.csv,기타관광,교통시설
의정부,2025,4,2025-04,5,경기도,의정부시,의정부실내빙상장,2340,의정부 2025_04.csv,레저스포츠,육상레저스포츠
의정부,2025,4,2025-04,6,경기도,의정부시,메가박스의정부민락,2096,의정부 2025_04.csv,문화관광,공연시설
의정부,2025,4,2025-04,7,경기도,의정부시,롯데시네마의정부민락,1637,의정부 2025_04.csv,문화관광,공연시설
의정부,2025,4,2025-04,8,경기도,의정부시,CGV의정부태흥,1404,의정부 2025_04.csv,문화관광,공연시설
의정부,2025,4,2025-04,9,경기도,의정부시,직동근린공원,1319,의정부 2025_04.csv,문화관광,도시공원
의정부,2025,4,2025-04,10,경기도,의정부시,신곡실내배드민턴장,1085,의정부 2025_04.csv,레저스포츠,기타레저스포츠
의정부,2025,4,2025-04,11,경기도,의정부시,태영프라자,799,의정부 2025_04.csv,쇼핑,쇼핑몰
의정부,2025,4,2025-04,12,경기도,의정부시,송산사지근린공원,797,의정부 2025_04.csv,문화관광,도시공원
의정부,2025,4,2025-04,13,경기도,의정부시,낙양물사랑공원,765,의정부 2025_04.csv,문화관광,도시공원
의정부,2025,4,2025-04,14,경기도,의정부시,의정부시청소년수련관,752,의정부 2025_04.csv,레저스포츠,육상레저스포츠
의정부,2025,4,2025-04,15,경기도,의정부시,CGV의정부,719,의정부 2025_04.csv,문화관광,공연시설
의정부,2025,4,2025-04,16,경기도,의정부시,송산배수지체육시설,625,의정부 2025_04.csv,문화관광,도시공원
의정부,2025,4,2025-04,17,경기도,의정부시,의정부호원벚꽃길,421,의정부 2025_04.csv,기타관광,기타관광
의정부,2025,4,2025-04,18,경기도,의정부시,석림사,381,의정부 2025_04.csv,역사관광,종교성지
의정부,2025,4,2025-04,19,경기도,의정부시,렛츠런CCC의정부지점,366,의정부 2025_04.csv,레저스포츠,육상레저스포츠
의정부,2025,4,2025-04,20,경기도,의정부시,점핑몬스터의정부점,349,의정부 2025_04.csv,문화관광,테마공원
의정부,2025,4,2025-04,21,경기도,의정부시,서울승마클럽,329,의정부 2025_04.csv,레저스포츠,육상레저스포츠
의정부,2025,4,2025-04,22,경기도,의정부시,와글아이의정부점,319,의정부 2025_04.csv,문화관광,테마공원
의정부,2025,4,2025-04,23,경기도,의정부시,고고다이노키즈카페민락점,318,의정부 2025_04.csv,문화관광,테마공원
의정부,2025,4,2025-04,24,경기도,의정부시,의정부예술의전당대극장,293,의정부 2025_04.csv,문화관광,공연시설
의정부,2025,4,2025-04,25,경기도,의정부시,녹양야구장,260,의정부 2025_04.csv,문화관광,레저스포츠시설
의정부,2025,4,2025-04,26,경기도,의정부시,활기체육공원,256,의정부 2025_04.csv,문화관광,도시공원
의정부,2025,4,2025-04,27,경기도,의정부시,곤제구장,244,의정부 2025_04.csv,문화관광,레저스포츠시설
의정부,2025,4,2025-04,28,경기도,의정부시,히어로키즈파크의정부지점,237,의정부 2025_04.csv,문화관광,테마공원
의정부,2025,4,2025-04,29,경기도,의정부시,천보탁구장,231,의정부 2025_04.csv,레저스포츠,기타레저스포츠
의정부,2025,4,2025-04,30,경기도,의정부시,추동배드민턴장,221,의정부 2025_04.csv,레저스포츠,기타레저스포츠
의정부,2025,4,2025-04,31,경기도,의정부시,회룡사,209,의정부 2025_04.csv,역사관광,종교성지
의정부,2025,4,2025-04,32,경기도,의정부시,직동축구장,200,의정부 2025_04.csv,문화관광,레저스포츠시설
의정부,2025,4,2025-04,33,경기도,의정부시,의정부가구거리,190,의정부 2025_04.csv,쇼핑,기타쇼핑시설
의정부,2025,4,2025-04,34,경기도,의정부시,자일산림욕장,166,의정부 2025_04.csv,자연관광,자연공원
의정부,2025,4,2025-04,35,경기도,의정부시,서영빌딩서관,128,의정부 2025_04.csv,문화관광,기타문화관광지
의정부,2025,4,2025-04,35,경기도,의정부시,경륜경정의정부지점,128,의정부 2025_04.csv,레저스포츠,육상레저스포츠
의정부,2025,4,2025-04,37,경기도,의정부시,고고롤러스케이트장,126,의정부 2025_04.csv,레저스포츠,육상레저스포츠
의정부,2025,4,2025-04,38,경기도,의정부시,망월사,122,의정부 2025_04.csv,역사관광,종교성지
의정부,2025,4,2025-04,39,경기도,의정부시,안골유원지,113,의정부 2025_04.csv,문화관광,복합관광시설
의정부,2025,4,2025-04,40,경기도,의정부시,북한산국립공원회룡탐방지원센터,110,의정부 2025_04.csv,기타관광,기타관광
의정부,2025,4,2025-04,41,경기도,의정부시,큐리키즈카페의정부점,109,의정부 2025_04.csv,문화관광,테마공원
의정부,2025,4,2025-04,41,경기도,의정부시,헬로방방민락점,109,의정부 2025_04.csv,문화관광,테마공원
의정부,2025,4,2025-04,43,경기도,의정부시,아이스토리키즈카페,105,의정부 2025_04.csv,문화관광,테마공원
의정부,2025,4,2025-04,44,경기도,의정부시,자일낚시터,103,의정부 2025_04.csv,레저스포츠,수상레저스포츠
의정부,2025,4,2025-04,45,경기도,의정부시,허니비풋살파크,88,의정부 2025_04.csv,문화관광,레저스포츠시설
의정부,2025,4,2025-04,46,경기도,의정부시,장수원배드민턴클럽,85,의정부 2025_04.csv,레저스포츠,기타레저스포츠
의정부,2025,4,2025-04,47,경기도,의정부시,의정부역,82,의정부 2025_04.csv,기타관광,교통시설
의정부,2025,4,2025-04,48,경기도,의정부시,곤제근린공원,80,의정부 2025_04.csv,문화관광,도시공원
의정부,2025,4,2025-04,49,경기도,의정부시,나리벡시티테마파크건축중(2027년01월 예정),78,의정부 2025_04.csv,문화관광,테마공원
의정부,2025,4,2025-04,49,경기도,의정부시,백영수미술관,78,의정부 2025_04.csv,문화관광,전시시설
의정부,2025,4,2025-04,51,경기도,의정부시,타요키즈카페의정부민락점,72,의정부 2025_04.csv,문화관광,테마공원
의정부,2025,4,2025-04,52,경기도,의정부시,김민성탁구클럽,71,의정부 2025_04.csv,레저스포츠,기타레저스포츠
의정부,2025,4,2025-04,53,경기도,의정부시,벌말어린이공원,68,의정부 2025_04.csv,문화관광,도시공원
의정부,2025,4,2025-04,54,경기도,의정부시,아일랜드캐슬워터파크,63,의정부 2025_04.csv,문화관광,테마공원
의정부,2025,4,2025-04,54,경기도,의정부시,호암사,63,의정부 2025_04.csv,역사관광,종교성지
의정부,2025,4,2025-04,56,경기도,의정부시,희망어린이공원,62,의정부 2025_04.csv,문화관광,도시공원
의정부,2025,4,2025-04,57,경기도,의정부시,의정부예술의전당소극장,60,의정부 2025_04.csv,문화관광,공연시설
의정부,2025,4,2025-04,57,경기도,의정부시,의정부천문대,60,의정부 2025_04.csv,레저스포츠,기타레저스포츠
의정부,2025,4,2025-04,59,경기도,의정부시,현충탑,58,의정부 2025_04.csv,역사관광,역사유물
의정부,2025,4,2025-04,60,경기도,의정부시,태조이성계상,56,의정부 2025_04.csv,기타관광,기타관광
의정부,2025,4,2025-04,61,경기도,의정부시,장암파크골프장,54,의정부 2025_04.csv,레저스포츠,육상레저스포츠
의정부,2025,4,2025-04,61,경기도,의정부시,회룡천벚꽃길,54,의정부 2025_04.csv,기타관광,기타관광
의정부,2025,4,2025-04,63,경기도,의정부시,문화어린이공원,52,의정부 2025_04.csv,문화관광,도시공원
의정부,2025,4,2025-04,64,경기도,의정부시,봉화정사,50,의정부 2025_04.csv,역사관광,종교성지
의정부,2025,4,2025-04,64,경기도,의정부시,의정부시리틀야구장,50,의정부 2025_04.csv,문화관광,레저스포츠시설
의정부,2025,4,2025-04,66,경기도,의정부시,의정부호원벚꽃페스타,49,의정부 2025_04.csv,문화관광,기타문화관광지
의정부,2025,4,2025-04,66,경기도,의정부시,쌍암사,49,의정부 2025_04.csv,역사관광,종교성지
의정부,2025,4,2025-04,66,경기도,의정부시,의정부청과야채시장,49,의정부 2025_04.csv,쇼핑,시장
의정부,2025,4,2025-04,69,경기도,의정부시,옵티머스빌리어드의정부점,47,의정부 2025_04.csv,레저스포츠,기타레저스포츠
의정부,2025,4,2025-04,70,경기도,의정부시,스카이짐유소년스포츠클럽녹양점,43,의정부 2025_04.csv,레저스포츠,기타레저스포츠
의정부,2025,4,2025-04,71,경기도,의정부시,점프스카이민락점,42,의정부 2025_04.csv,문화관광,테마공원
의정부,2025,4,2025-04,72,경기도,의정부시,신숙주선생묘,41,의정부 2025_04.csv,역사관광,역사유적지
의정부,2025,4,2025-04,72,경기도,의정부시,성불사,41,의정부 2025_04.csv,역사관광,종교성지
의정부,2025,4,2025-04,74,경기도,의정부시,이성숙탁구클럽,40,의정부 2025_04.csv,레저스포츠,기타레저스포츠
의정부,2025,4,2025-04,75,경기도,의정부시,알쏭달쏭키즈드로잉,39,의정부 2025_04.csv,문화관광,테마공원
의정부,2025,4,2025-04,75,경기도,의정부시,푸른마당근린공원,39,의정부 2025_04.csv,문화관광,도시공원
의정부,2025,4,2025-04,77,경기도,의정부시,아로하포레스트,38,의정부 2025_04.csv,문화관광,테마공원
의정부,2025,4,2025-04,77,경기도,의정부시,직동근린공원통나무집,38,의정부 2025_04.csv,레저스포츠,육상레저스포츠
의정부,2025,4,2025-04,79,경기도,의정부시,리드민리듬체조민락본점,37,의정부 2025_04.csv,레저스포츠,기타레저스포츠
의정부,2025,4,2025-04,80,경기도,의정부시,중랑천어린이공원,36,의정부 2025_04.csv,문화관광,도시공원
의정부,2025,4,2025-04,80,경기도,의정부시,우리소극장,36,의정부 2025_04.csv,문화관광,공연시설
의정부,2025,4,2025-04,80,경기도,의정부시,윤한미탁구클럽,36,의정부 2025_04.csv,레저스포츠,기타레저스포츠
의정부,2025,4,2025-04,83,경기도,의정부시,미륵암,35,의정부 2025_04.csv,역사관광,종교성지
의정부,2025,4,2025-04,84,경기도,의정부시,의정부문화역 이음,31,의정부 2025_04.csv,문화관광,기타문화관광지
의정부,2025,4,2025-04,84,경기도,의정부시,마린앤키즈,31,의정부 2025_04.csv,문화관광,테마공원
의정부,2025,4,2025-04,86,경기도,의정부시,장암발곡근린공원,30,의정부 2025_04.csv,문화관광,도시공원
의정부,2025,4,2025-04,87,경기도,의정부시,한국산악연수원CAC등산학교,29,의정부 2025_04.csv,레저스포츠,기타레저스포츠
의정부,2025,4,2025-04,87,경기도,의정부시,노강서원,29,의정부 2025_04.csv,역사관광,역사유적지
의정부,2025,4,2025-04,89,경기도,의정부시,안골계곡,28,의정부 2025_04.csv,자연관광,자연경관(산)
의정부,2025,4,2025-04,90,경기도,의정부시,모래야놀자,27,의정부 2025_04.csv,문화관광,테마공원
의정부,2025,4,2025-04,91,경기도,의정부시,꿀잼키즈룸의정부민락점,26,의정부 2025_04.csv,문화관광,테마공원
의정부,2025,4,2025-04,91,경기도,의정부시,대원사,26,의정부 2025_04.csv,역사관광,종교성지
의정부,2025,4,2025-04,91,경기도,의정부시,정화사,26,의정부 2025_04.csv,역사관광,종교성지
의정부,2025,4,2025-04,94,경기도,의정부시,의정부축구센터,25,의정부 2025_04.csv,레저스포츠,기타레저스포츠
의정부,2025,4,2025-04,94,경기도,의정부시,쿠키즈룸,25,의정부 2025_04.csv,문화관광,테마공원
의정부,2025,4,2025-04,96,경기도,의정부시,약수배드민턴클럽,23,의정부 2025_04.csv,레저스포츠,기타레저스포츠
의정부,2025,4,2025-04,96,경기도,의정부시,민락리틀야구장,23,의정부 2025_04.csv,문화관광,레저스포츠시설
의정부,2025,4,2025-04,98,경기도,의정부시,버들개야구장,21,의정부 2025_04.csv,문화관광,레저스포츠시설
의정부,2025,4,2025-04,98,경기도,의정부시,신곡탁구클럽,21,의정부 2025_04.csv,레저스포츠,기타레저스포츠
의정부,2025,4,2025-04,100,경기도,의정부시,동심어린이공원,20,의정부 2025_04.csv,문화관광,도시공원
의정부,2025,4,2025-04,100,경기도,의정부시,하늘빛어린이공원,20,의정부 2025_04.csv,문화관광,도시공원
의정부,2025,4,2025-04,100,경기도,의정부시,역전근린공원,20,의정부 2025_04.csv,문화관광,도시공원
의정부,2025,4,2025-04,100,경기도,의정부시,와우민턴샵,20,의정부 2025_04.csv,레저스포츠,기타레저스포츠
의정부,2025,4,2025-04,104,경기도,의정부시,샌드케이,19,의정부 2025_04.csv,문화관광,테마공원
의정부,2025,4,2025-04,105,경기도,의정부시,의정부시장,18,의정부 2025_04.csv,쇼핑,시장
의정부,2025,4,2025-04,105,경기도,의정부시,스트라이크존의정부민락구장,18,의정부 2025_04.csv,레저스포츠,기타레저스포츠
의정부,2025,4,2025-04,107,경기도,의정부시,바둑전용경기장건축중(2026년08월 완공예정),17,의정부 2025_04.csv,레저스포츠,기타레저스포츠
의정부,2025,4,2025-04,107,경기도,의정부시,아이노리키즈카페,17,의정부 2025_04.csv,문화관광,테마공원
의정부,2025,4,2025-04,107,경기도,의정부시,중앙어린이공원,17,의정부 2025_04.csv,문화관광,도시공원
의정부,2025,4,2025-04,110,경기도,의정부시,정혜사의정부포교원,16,의정부 2025_04.csv,역사관광,종교성지
의정부,2025,4,2025-04,110,경기도,의정부시,롤프렌롤러장,16,의정부 2025_04.csv,레저스포츠,육상레저스포츠
의정부,2025,4,2025-04,110,경기도,의정부시,레벨업탁구클럽,16,의정부 2025_04.csv,레저스포츠,기타레저스포츠
의정부,2025,4,2025-04,113,경기도,의정부시,리틀베이비,14,의정부 2025_04.csv,문화관광,테마공원
의정부,2025,4,2025-04,113,경기도,의정부시,어수정어린이공원,14,의정부 2025_04.csv,문화관광,도시공원
의정부,2025,4,2025-04,113,경기도,의정부시,꽃동네어린이공원,14,의정부 2025_04.csv,문화관광,도시공원
의정부,2025,4,2025-04,113,경기도,의정부시,김미미도예공방,14,의정부 2025_04.csv,체험관광,공예체험
의정부,2025,4,2025-04,117,경기도,의정부시,드래곤트릭킹짐,13,의정부 2025_04.csv,레저스포츠,기타레저스포츠
의정부,2025,4,2025-04,117,경기도,의정부시,의정부기억저장소,13,의정부 2025_04.csv,문화관광,전시시설
의정부,2025,4,2025-04,117,경기도,의정부시,용현정,13,의정부 2025_04.csv,레저스포츠,육상레저스포츠
의정부,2025,4,2025-04,117,경기도,의정부시,추동웰빙공원,13,의정부 2025_04.csv,문화관광,도시공원
의정부,2025,4,2025-04,121,경기도,의정부시,관음사,11,의정부 2025_04.csv,역사관광,종교성지
의정부,2025,4,2025-04,121,경기도,의정부시,영락사,11,의정부 2025_04.csv,역사관광,종교성지
의정부,2025,4,2025-04,121,경기도,의정부시,쌍용사,11,의정부 2025_04.csv,역사관광,종교성지
의정부,2025,4,2025-04,121,경기도,의정부시,엄홍길전시관,11,의정부 2025_04.csv,문화관광,전시시설
의정부,2025,4,2025-04,125,경기도,의정부시,샤모니클라이밍,10,의정부 2025_04.csv,레저스포츠,기타레저스포츠
의정부,2025,4,2025-04,125,경기도,의정부시,의정부망월풋살구장,10,의정부 2025_04.csv,레저스포츠,기타레저스포츠
의정부,2025,4,2025-04,125,경기도,의정부시,정수선원,10,의정부 2025_04.csv,역사관광,종교성지
의정부,2025,4,2025-04,125,경기도,의정부시,킹클라이밍,10,의정부 2025_04.csv,레저스포츠,기타레저스포츠
의정부,2025,4,2025-04,129,경기도,의정부시,드림탁구클럽,9,의정부 2025_04.csv,레저스포츠,기타레저스포츠
의정부,2025,4,2025-04,129,경기도,의정부시,캠프라과디아체육공원,9,의정부 2025_04.csv,문화관광,도시공원
의정부,2025,4,2025-04,129,경기도,의정부시,직동수련원,9,의정부 2025_04.csv,레저스포츠,육상레저스포츠
의정부,2025,4,2025-04,129,경기도,의정부시,우리끼리 키즈카페 스포츠마을의정부민락점,9,의정부 2025_04.csv,문화관광,테마공원
의정부,2025,4,2025-04,129,경기도,의정부시,700어린이라운지,9,의정부 2025_04.csv,문화관광,테마공원
의정부,2025,4,2025-04,129,경기도,의정부시,토끼어린이공원,9,의정부 2025_04.csv,문화관광,도시공원
의정부,2025,4,2025-04,129,경기도,의정부시,상금오어린이공원,9,의정부 2025_04.csv,문화관광,도시공원
의정부,2025,4,2025-04,129,경기도,의정부시,원효사,9,의정부 2025_04.csv,역사관광,종교성지
의정부,2025,4,2025-04,129,경기도,의정부시,홍연경민현대미술관,9,의정부 2025_04.csv,문화관광,전시시설
의정부,2025,4,2025-04,129,경기도,의정부시,마스터탁구클럽,9,의정부 2025_04.csv,레저스포츠,기타레저스포츠
의정부,2025,4,2025-04,139,경기도,의정부시,추동공원,8,의정부 2025_04.csv,문화관광,도시공원
의정부,2025,4,2025-04,140,경기도,의정부시,미가사,7,의정부 2025_04.csv,역사관광,종교성지
의정부,2025,4,2025-04,140,경기도,의정부시,투앤디수영장,7,의정부 2025_04.csv,문화관광,테마공원
의정부,2025,4,2025-04,140,경기도,의정부시,원각사,7,의정부 2025_04.csv,역사관광,종교성지
의정부,2025,4,2025-04,140,경기도,의정부시,백합어린이공원,7,의정부 2025_04.csv,문화관광,도시공원
의정부,2025,4,2025-04,140,경기도,의정부시,의정부음악극축제,7,의정부 2025_04.csv,문화관광,기타문화관광지
의정부,2025,4,2025-04,140,경기도,의정부시,스트라이크존의정부구장,7,의정부 2025_04.csv,레저스포츠,기타레저스포츠
의정부,2025,4,2025-04,146,경기도,의정부시,북한산국립공원원도봉탐방지원센터,6,의정부 2025_04.csv,기타관광,기타관광
의정부,2025,4,2025-04,146,경기도,의정부시,홍익문화공원,6,의정부 2025_04.csv,문화관광,도시공원
의정부,2025,4,2025-04,146,경기도,의정부시,백석천근린공원,6,의정부 2025_04.csv,문화관광,도시공원
의정부,2025,4,2025-04,146,경기도,의정부시,다리목근린공원,6,의정부 2025_04.csv,문화관광,도시공원
의정부,2025,4,2025-04,146,경기도,의정부시,새말어린이공원,6,의정부 2025_04.csv,문화관광,도시공원
의정부,2025,4,2025-04,146,경기도,의정부시,이태영탁구교실,6,의정부 2025_04.csv,레저스포츠,기타레저스포츠
의정부,2025,4,2025-04,146,경기도,의정부시,리얼야구존의정부점,6,의정부 2025_04.csv,레저스포츠,기타레저스포츠
의정부,2025,4,2025-04,153,경기도,의정부시,뉴키즈온고산점,5,의정부 2025_04.csv,문화관광,테마공원
의정부,2025,4,2025-04,153,경기도,의정부시,잎새어린이공원,5,의정부 2025_04.csv,문화관광,도시공원
의정부,2025,4,2025-04,155,경기도,의정부시,민락탁구클럽,4,의정부 2025_04.csv,레저스포츠,기타레저스포츠
의정부,2025,4,2025-04,155,경기도,의정부시,청사초롱근린공원,4,의정부 2025_04.csv,문화관광,도시공원
의정부,2025,4,2025-04,155,경기도,의정부시,사패산안골통제소방면,4,의정부 2025_04.csv,자연관광,자연경관(산)
의정부,2025,4,2025-04,155,경기도,의정부시,무지랭이약수터,4,의정부 2025_04.csv,자연관광,자연경관(산)
의정부,2025,4,2025-04,155,경기도,의정부시,용화사,4,의정부 2025_04.csv,역사관광,종교성지
의정부,2025,4,2025-04,155,경기도,의정부시,신효섭탁구장,4,의정부 2025_04.csv,레저스포츠,기타레저스포츠
의정부,2025,4,2025-04,155,경기도,의정부시,복싱히어로의정부금오점,4,의정부 2025_04.csv,레저스포츠,기타레저스포츠
의정부,2025,4,2025-04,162,경기도,의정부시,중앙문화공원,3,의정부 2025_04.csv,문화관광,도시공원
의정부,2025,4,2025-04,162,경기도,의정부시,회룡문화공원,3,의정부 2025_04.csv,문화관광,도시공원
의정부,2025,4,2025-04,162,경기도,의정부시,메이드라인,3,의정부 2025_04.csv,레저스포츠,기타레저스포츠
의정부,2025,4,2025-04,162,경기도,의정부시,그린달스튜디오,3,의정부 2025_04.csv,체험관광,공예체험
의정부,2025,4,2025-04,162,경기도,의정부시,사패산,3,의정부 2025_04.csv,자연관광,자연경관(산)
의정부,2025,4,2025-04,162,경기도,의정부시,살판마을극장,3,의정부 2025_04.csv,문화관광,공연시설
의정부,2025,4,2025-04,162,경기도,의정부시,원도봉산,3,의정부 2025_04.csv,자연관광,자연경관(산)
의정부,2025,4,2025-04,162,경기도,의정부시,정문부장군묘,3,의정부 2025_04.csv,역사관광,역사유적지
의정부,2025,4,2025-04,162,경기도,의정부시,색동어린이공원,3,의정부 2025_04.csv,문화관광,도시공원
의정부,2025,4,2025-04,162,경기도,의정부시,범골어린이공원,3,의정부 2025_04.csv,문화관광,도시공원
의정부,2025,4,2025-04,162,경기도,의정부시,선행어린이공원,3,의정부 2025_04.csv,문화관광,도시공원
의정부,2025,4,2025-04,162,경기도,의정부시,소망어린이공원,3,의정부 2025_04.csv,문화관광,도시공원
의정부,2025,4,2025-04,162,경기도,의정부시,승지어린이공원,3,의정부 2025_04.csv,문화관광,도시공원
의정부,2025,4,2025-04,162,경기도,의정부시,공룡어린이공원,3,의정부 2025_04.csv,문화관광,도시공원
의정부,2025,4,2025-04,162,경기도,의정부시,평화어린이공원,3,의정부 2025_04.csv,문화관광,도시공원
의정부,2025,4,2025-04,162,경기도,의정부시,영산법화사,3,의정부 2025_04.csv,역사관광,종교성지
의정부,2025,4,2025-04,162,경기도,의정부시,수락사,3,의정부 2025_04.csv,역사관광,종교성지
의정부,2025,4,2025-04,162,경기도,의정부시,해오름근린공원,3,의정부 2025_04.csv,문화관광,도시공원
의정부,2025,4,2025-04,162,경기도,의정부시,뛰노리방방,3,의정부 2025_04.csv,문화관광,테마공원
의정부,2025,4,2025-04,162,경기도,의정부시,정하영탁구클럽,3,의정부 2025_04.csv,레저스포츠,기타레저스포츠
의정부,2025,4,2025-04,162,경기도,의정부시,산군무에타이킥복싱체육관,3,의정부 2025_04.csv,레저스포츠,기타레저스포츠
의정부,2025,4,2025-04,162,경기도,의정부시,트라이포스의정부주짓수,3,의정부 2025_04.csv,레저스포츠,기타레저스포츠
의정부,2025,4,2025-04,162,경기도,의정부시,상원사,3,의정부 2025_04.csv,역사관광,종교성지
의정부,2025,4,2025-04,162,경기도,의정부시,원심사,3,의정부 2025_04.csv,역사관광,종교성지
의정부,2025,4,2025-04,162,경기도,의정부시,송산레포츠,3,의정부 2025_04.csv,문화관광,테마공원
의정부,2025,4,2025-04,162,경기도,의정부시,귀락문화공원,3,의정부 2025_04.csv,문화관광,도시공원
의정부,2025,5,2025-05,1,경기도,의정부시,신세계백화점의정부점,22723,의정부 2025_05.csv,쇼핑,백화점
의정부,2025,5,2025-05,2,경기도,의정부시,의정부제일시장,9048,의정부 2025_05.csv,쇼핑,시장
의정부,2025,5,2025-05,3,경기도,의정부시,의정부버스터미널,3793,의정부 2025_05.csv,기타관광,교통시설
의정부,2025,5,2025-05,4,경기도,의정부시,의정부예술의전당,3369,의정부 2025_05.csv,문화관광,공연시설
의정부,2025,5,2025-05,5,경기도,의정부시,의정부실내빙상장,2255,의정부 2025_05.csv,레저스포츠,육상레저스포츠
의정부,2025,5,2025-05,6,경기도,의정부시,메가박스의정부민락,2149,의정부 2025_05.csv,문화관광,공연시설
의정부,2025,5,2025-05,7,경기도,의정부시,롯데시네마의정부민락,1960,의정부 2025_05.csv,문화관광,공연시설
의정부,2025,5,2025-05,8,경기도,의정부시,CGV의정부태흥,1690,의정부 2025_05.csv,문화관광,공연시설
의정부,2025,5,2025-05,9,경기도,의정부시,직동근린공원,1137,의정부 2025_05.csv,문화관광,도시공원
의정부,2025,5,2025-05,10,경기도,의정부시,CGV의정부,950,의정부 2025_05.csv,문화관광,공연시설
의정부,2025,5,2025-05,11,경기도,의정부시,송산사지근린공원,928,의정부 2025_05.csv,문화관광,도시공원
의정부,2025,5,2025-05,12,경기도,의정부시,낙양물사랑공원,838,의정부 2025_05.csv,문화관광,도시공원
의정부,2025,5,2025-05,13,경기도,의정부시,의정부시청소년수련관,774,의정부 2025_05.csv,레저스포츠,육상레저스포츠
의정부,2025,5,2025-05,14,경기도,의정부시,태영프라자,761,의정부 2025_05.csv,쇼핑,쇼핑몰
의정부,2025,5,2025-05,15,경기도,의정부시,송산배수지체육시설,586,의정부 2025_05.csv,문화관광,도시공원
의정부,2025,5,2025-05,16,경기도,의정부시,점핑몬스터의정부점,535,의정부 2025_05.csv,문화관광,테마공원
의정부,2025,5,2025-05,17,경기도,의정부시,신곡실내배드민턴장,465,의정부 2025_05.csv,레저스포츠,기타레저스포츠
의정부,2025,5,2025-05,18,경기도,의정부시,석림사,457,의정부 2025_05.csv,역사관광,종교성지
의정부,2025,5,2025-05,19,경기도,의정부시,추동배드민턴장,409,의정부 2025_05.csv,레저스포츠,기타레저스포츠
의정부,2025,5,2025-05,20,경기도,의정부시,서울승마클럽,408,의정부 2025_05.csv,레저스포츠,육상레저스포츠
의정부,2025,5,2025-05,21,경기도,의정부시,와글아이의정부점,392,의정부 2025_05.csv,문화관광,테마공원
의정부,2025,5,2025-05,22,경기도,의정부시,렛츠런CCC의정부지점,383,의정부 2025_05.csv,레저스포츠,육상레저스포츠
의정부,2025,5,2025-05,23,경기도,의정부시,회룡사,345,의정부 2025_05.csv,역사관광,종교성지
의정부,2025,5,2025-05,24,경기도,의정부시,의정부공유학교올래캠퍼스,339,의정부 2025_05.csv,체험관광,체험관광기타
의정부,2025,5,2025-05,25,경기도,의정부시,고고다이노키즈카페민락점,297,의정부 2025_05.csv,문화관광,테마공원
의정부,2025,5,2025-05,26,경기도,의정부시,녹양야구장,295,의정부 2025_05.csv,문화관광,레저스포츠시설
의정부,2025,5,2025-05,27,경기도,의정부시,히어로키즈파크의정부지점,278,의정부 2025_05.csv,문화관광,테마공원
의정부,2025,5,2025-05,28,경기도,의정부시,자일산림욕장,265,의정부 2025_05.csv,자연관광,자연공원
의정부,2025,5,2025-05,29,경기도,의정부시,활기체육공원,262,의정부 2025_05.csv,문화관광,도시공원
의정부,2025,5,2025-05,30,경기도,의정부시,곤제구장,249,의정부 2025_05.csv,문화관광,레저스포츠시설
의정부,2025,5,2025-05,31,경기도,의정부시,직동축구장,214,의정부 2025_05.csv,문화관광,레저스포츠시설
의정부,2025,5,2025-05,32,경기도,의정부시,의정부예술의전당대극장,186,의정부 2025_05.csv,문화관광,공연시설
의정부,2025,5,2025-05,33,경기도,의정부시,천보탁구장,174,의정부 2025_05.csv,레저스포츠,기타레저스포츠
의정부,2025,5,2025-05,34,경기도,의정부시,망월사,173,의정부 2025_05.csv,역사관광,종교성지
의정부,2025,5,2025-05,35,경기도,의정부시,장암파크골프장,169,의정부 2025_05.csv,레저스포츠,육상레저스포츠
의정부,2025,5,2025-05,35,경기도,의정부시,의정부가구거리,169,의정부 2025_05.csv,쇼핑,기타쇼핑시설
의정부,2025,5,2025-05,37,경기도,의정부시,아이스토리키즈카페,167,의정부 2025_05.csv,문화관광,테마공원
의정부,2025,5,2025-05,37,경기도,의정부시,의정부신시가지,167,의정부 2025_05.csv,기타관광,기타관광
의정부,2025,5,2025-05,39,경기도,의정부시,경륜경정의정부지점,154,의정부 2025_05.csv,레저스포츠,육상레저스포츠
의정부,2025,5,2025-05,40,경기도,의정부시,큐리키즈카페의정부점,151,의정부 2025_05.csv,문화관광,테마공원
의정부,2025,5,2025-05,41,경기도,의정부시,아일랜드캐슬워터파크,150,의정부 2025_05.csv,문화관광,테마공원
의정부,2025,5,2025-05,42,경기도,의정부시,경기도교육청미래과학교육원북부교육관,147,의정부 2025_05.csv,체험관광,체험관광기타
의정부,2025,5,2025-05,43,경기도,의정부시,자일낚시터,137,의정부 2025_05.csv,레저스포츠,수상레저스포츠
의정부,2025,5,2025-05,44,경기도,의정부시,고고롤러스케이트장,136,의정부 2025_05.csv,레저스포츠,육상레저스포츠
의정부,2025,5,2025-05,45,경기도,의정부시,호암사,134,의정부 2025_05.csv,역사관광,종교성지
의정부,2025,5,2025-05,46,경기도,의정부시,장수원배드민턴클럽,130,의정부 2025_05.csv,레저스포츠,기타레저스포츠
의정부,2025,5,2025-05,47,경기도,의정부시,의정부시평생학습원,125,의정부 2025_05.csv,체험관광,체험관광기타
의정부,2025,5,2025-05,48,경기도,의정부시,헬로방방민락점,121,의정부 2025_05.csv,문화관광,테마공원
의정부,2025,5,2025-05,49,경기도,의정부시,경기북부보육교사교육원,106,의정부 2025_05.csv,체험관광,체험관광기타
의정부,2025,5,2025-05,50,경기도,의정부시,태조이성계상,101,의정부 2025_05.csv,기타관광,기타관광
의정부,2025,5,2025-05,51,경기도,의정부시,서영빌딩서관,99,의정부 2025_05.csv,문화관광,기타문화관광지
의정부,2025,5,2025-05,52,경기도,의정부시,허니비풋살파크,91,의정부 2025_05.csv,문화관광,레저스포츠시설
의정부,2025,5,2025-05,53,경기도,의정부시,북한산국립공원회룡탐방지원센터,90,의정부 2025_05.csv,기타관광,기타관광
의정부,2025,5,2025-05,54,경기도,의정부시,의정부청과야채시장,89,의정부 2025_05.csv,쇼핑,시장
의정부,2025,5,2025-05,55,경기도,의정부시,안골유원지,86,의정부 2025_05.csv,문화관광,복합관광시설
의정부,2025,5,2025-05,55,경기도,의정부시,김민성탁구클럽,86,의정부 2025_05.csv,레저스포츠,기타레저스포츠
의정부,2025,5,2025-05,57,경기도,의정부시,알쏭달쏭키즈드로잉,85,의정부 2025_05.csv,문화관광,테마공원
의정부,2025,5,2025-05,58,경기도,의정부시,안골계곡,81,의정부 2025_05.csv,자연관광,자연경관(산)
의정부,2025,5,2025-05,59,경기도,의정부시,타요키즈카페의정부민락점,76,의정부 2025_05.csv,문화관광,테마공원
의정부,2025,5,2025-05,60,경기도,의정부시,의정부역,74,의정부 2025_05.csv,기타관광,교통시설
의정부,2025,5,2025-05,61,경기도,의정부시,백영수미술관,69,의정부 2025_05.csv,문화관광,전시시설
의정부,2025,5,2025-05,62,경기도,의정부시,봉화정사,67,의정부 2025_05.csv,역사관광,종교성지
의정부,2025,5,2025-05,62,경기도,의정부시,에스티종합안전,67,의정부 2025_05.csv,체험관광,체험관광기타
의정부,2025,5,2025-05,64,경기도,의정부시,신숙주선생묘,66,의정부 2025_05.csv,역사관광,역사유적지
의정부,2025,5,2025-05,65,경기도,의정부시,현충탑,65,의정부 2025_05.csv,역사관광,역사유물
의정부,2025,5,2025-05,66,경기도,의정부시,점프스카이민락점,63,의정부 2025_05.csv,문화관광,테마공원
의정부,2025,5,2025-05,66,경기도,의정부시,쌍암사,63,의정부 2025_05.csv,역사관광,종교성지
의정부,2025,5,2025-05,68,경기도,의정부시,곤제근린공원,62,의정부 2025_05.csv,문화관광,도시공원
의정부,2025,5,2025-05,69,경기도,의정부시,아로하포레스트,61,의정부 2025_05.csv,문화관광,테마공원
의정부,2025,5,2025-05,70,경기도,의정부시,의정부기억저장소,59,의정부 2025_05.csv,문화관광,전시시설
의정부,2025,5,2025-05,70,경기도,의정부시,신곡새빛정원,59,의정부 2025_05.csv,문화관광,도시공원
의정부,2025,5,2025-05,70,경기도,의정부시,리드민리듬체조민락본점,59,의정부 2025_05.csv,레저스포츠,기타레저스포츠
의정부,2025,5,2025-05,73,경기도,의정부시,푸른마당근린공원,55,의정부 2025_05.csv,문화관광,도시공원
의정부,2025,5,2025-05,74,경기도,의정부시,나리벡시티테마파크건축중(2027년01월 예정),49,의정부 2025_05.csv,문화관광,테마공원
의정부,2025,5,2025-05,75,경기도,의정부시,의정부시리틀야구장,48,의정부 2025_05.csv,문화관광,레저스포츠시설
의정부,2025,5,2025-05,75,경기도,의정부시,의정부천문대,48,의정부 2025_05.csv,레저스포츠,기타레저스포츠
의정부,2025,5,2025-05,77,경기도,의정부시,추동웰빙공원,47,의정부 2025_05.csv,문화관광,도시공원
의정부,2025,5,2025-05,78,경기도,의정부시,미륵암,46,의정부 2025_05.csv,역사관광,종교성지
의정부,2025,5,2025-05,79,경기도,의정부시,정화사,45,의정부 2025_05.csv,역사관광,종교성지
의정부,2025,5,2025-05,80,경기도,의정부시,희망어린이공원,43,의정부 2025_05.csv,문화관광,도시공원
의정부,2025,5,2025-05,81,경기도,의정부시,스카이짐유소년스포츠클럽녹양점,41,의정부 2025_05.csv,레저스포츠,기타레저스포츠
의정부,2025,5,2025-05,81,경기도,의정부시,성불사,41,의정부 2025_05.csv,역사관광,종교성지
의정부,2025,5,2025-05,83,경기도,의정부시,정혜사의정부포교원,40,의정부 2025_05.csv,역사관광,종교성지
의정부,2025,5,2025-05,84,경기도,의정부시,약수배드민턴클럽,38,의정부 2025_05.csv,레저스포츠,기타레저스포츠
의정부,2025,5,2025-05,84,경기도,의정부시,모래야놀자,38,의정부 2025_05.csv,문화관광,테마공원
의정부,2025,5,2025-05,84,경기도,의정부시,대원사,38,의정부 2025_05.csv,역사관광,종교성지
의정부,2025,5,2025-05,87,경기도,의정부시,스트라이크존의정부민락구장,37,의정부 2025_05.csv,레저스포츠,기타레저스포츠
의정부,2025,5,2025-05,88,경기도,의정부시,어수정어린이공원,36,의정부 2025_05.csv,문화관광,도시공원
의정부,2025,5,2025-05,89,경기도,의정부시,윤한미탁구클럽,35,의정부 2025_05.csv,레저스포츠,기타레저스포츠
의정부,2025,5,2025-05,90,경기도,의정부시,벌말어린이공원,33,의정부 2025_05.csv,문화관광,도시공원
의정부,2025,5,2025-05,91,경기도,의정부시,관음사,32,의정부 2025_05.csv,역사관광,종교성지
의정부,2025,5,2025-05,91,경기도,의정부시,마린앤키즈,32,의정부 2025_05.csv,문화관광,테마공원
의정부,2025,5,2025-05,93,경기도,의정부시,덕천사,31,의정부 2025_05.csv,역사관광,종교성지
의정부,2025,5,2025-05,93,경기도,의정부시,우리소극장,31,의정부 2025_05.csv,문화관광,공연시설
의정부,2025,5,2025-05,95,경기도,의정부시,김미미도예공방,30,의정부 2025_05.csv,체험관광,공예체험
의정부,2025,5,2025-05,96,경기도,의정부시,이성숙탁구클럽,28,의정부 2025_05.csv,레저스포츠,기타레저스포츠
의정부,2025,5,2025-05,97,경기도,의정부시,문화어린이공원,27,의정부 2025_05.csv,문화관광,도시공원
의정부,2025,5,2025-05,97,경기도,의정부시,롤프렌롤러장,27,의정부 2025_05.csv,레저스포츠,육상레저스포츠
의정부,2025,5,2025-05,99,경기도,의정부시,토끼어린이공원,26,의정부 2025_05.csv,문화관광,도시공원
의정부,2025,5,2025-05,100,경기도,의정부시,의정부축구센터,25,의정부 2025_05.csv,레저스포츠,기타레저스포츠
의정부,2025,5,2025-05,101,경기도,의정부시,민락리틀야구장,24,의정부 2025_05.csv,문화관광,레저스포츠시설
의정부,2025,5,2025-05,101,경기도,의정부시,잔돌문화공원,24,의정부 2025_05.csv,문화관광,도시공원
의정부,2025,5,2025-05,101,경기도,의정부시,원각사,24,의정부 2025_05.csv,역사관광,종교성지
의정부,2025,5,2025-05,101,경기도,의정부시,영산법화사,24,의정부 2025_05.csv,역사관광,종교성지
의정부,2025,5,2025-05,101,경기도,의정부시,정수선원,24,의정부 2025_05.csv,역사관광,종교성지
의정부,2025,5,2025-05,106,경기도,의정부시,중앙어린이공원,23,의정부 2025_05.csv,문화관광,도시공원
의정부,2025,5,2025-05,106,경기도,의정부시,하금오어린이공원,23,의정부 2025_05.csv,문화관광,도시공원
의정부,2025,5,2025-05,106,경기도,의정부시,용현사,23,의정부 2025_05.csv,역사관광,종교성지
의정부,2025,5,2025-05,106,경기도,의정부시,스마일랜드,23,의정부 2025_05.csv,문화관광,테마공원
의정부,2025,5,2025-05,110,경기도,의정부시,용현정,22,의정부 2025_05.csv,레저스포츠,육상레저스포츠
의정부,2025,5,2025-05,110,경기도,의정부시,덕수사,22,의정부 2025_05.csv,역사관광,종교성지
의정부,2025,5,2025-05,112,경기도,의정부시,꿀잼키즈룸의정부민락점,20,의정부 2025_05.csv,문화관광,테마공원
의정부,2025,5,2025-05,112,경기도,의정부시,의정부예술의전당소극장,20,의정부 2025_05.csv,문화관광,공연시설
의정부,2025,5,2025-05,114,경기도,의정부시,미가사,18,의정부 2025_05.csv,역사관광,종교성지
의정부,2025,5,2025-05,114,경기도,의정부시,사패산통나무집,18,의정부 2025_05.csv,레저스포츠,육상레저스포츠
의정부,2025,5,2025-05,116,경기도,의정부시,버들개야구장,17,의정부 2025_05.csv,문화관광,레저스포츠시설
의정부,2025,5,2025-05,116,경기도,의정부시,역전근린공원,17,의정부 2025_05.csv,문화관광,도시공원
의정부,2025,5,2025-05,118,경기도,의정부시,바둑전용경기장건축중(2026년08월 완공예정),16,의정부 2025_05.csv,레저스포츠,기타레저스포츠
의정부,2025,5,2025-05,118,경기도,의정부시,신곡어린이공원,16,의정부 2025_05.csv,문화관광,도시공원
의정부,2025,5,2025-05,120,경기도,의정부시,의정부망월풋살구장,15,의정부 2025_05.csv,레저스포츠,기타레저스포츠
의정부,2025,5,2025-05,120,경기도,의정부시,700어린이라운지,15,의정부 2025_05.csv,문화관광,테마공원
의정부,2025,5,2025-05,120,경기도,의정부시,와우민턴샵,15,의정부 2025_05.csv,레저스포츠,기타레저스포츠
의정부,2025,5,2025-05,123,경기도,의정부시,노강서원,14,의정부 2025_05.csv,역사관광,역사유적지
의정부,2025,5,2025-05,123,경기도,의정부시,수락사,14,의정부 2025_05.csv,역사관광,종교성지
의정부,2025,5,2025-05,123,경기도,의정부시,신곡탁구클럽,14,의정부 2025_05.csv,레저스포츠,기타레저스포츠
의정부,2025,5,2025-05,123,경기도,의정부시,바른평생교육원,14,의정부 2025_05.csv,체험관광,체험관광기타
의정부,2025,5,2025-05,127,경기도,의정부시,무지랭이계곡,13,의정부 2025_05.csv,자연관광,자연경관(산)
의정부,2025,5,2025-05,127,경기도,의정부시,리틀베이비,13,의정부 2025_05.csv,문화관광,테마공원
의정부,2025,5,2025-05,127,경기도,의정부시,북한산국립공원원도봉탐방지원센터,13,의정부 2025_05.csv,기타관광,기타관광
의정부,2025,5,2025-05,127,경기도,의정부시,캠프라과디아체육공원,13,의정부 2025_05.csv,문화관광,도시공원
의정부,2025,5,2025-05,127,경기도,의정부시,키즈누리본점,13,의정부 2025_05.csv,문화관광,테마공원
의정부,2025,5,2025-05,127,경기도,의정부시,이태영탁구교실,13,의정부 2025_05.csv,레저스포츠,기타레저스포츠
의정부,2025,5,2025-05,127,경기도,의정부시,리얼야구존의정부점,13,의정부 2025_05.csv,레저스포츠,기타레저스포츠
의정부,2025,5,2025-05,134,경기도,의정부시,의정부시장,12,의정부 2025_05.csv,쇼핑,시장
의정부,2025,5,2025-05,134,경기도,의정부시,사패산안골통제소방면,12,의정부 2025_05.csv,자연관광,자연경관(산)
의정부,2025,5,2025-05,134,경기도,의정부시,심원사,12,의정부 2025_05.csv,역사관광,종교성지
의정부,2025,5,2025-05,137,경기도,의정부시,아이노리키즈카페,11,의정부 2025_05.csv,문화관광,테마공원
의정부,2025,5,2025-05,137,경기도,의정부시,자은선원,11,의정부 2025_05.csv,역사관광,종교성지
의정부,2025,5,2025-05,137,경기도,의정부시,미륵사,11,의정부 2025_05.csv,역사관광,종교성지
의정부,2025,5,2025-05,137,경기도,의정부시,홍연경민현대미술관,11,의정부 2025_05.csv,문화관광,전시시설
의정부,2025,5,2025-05,141,경기도,의정부시,사패산,10,의정부 2025_05.csv,자연관광,자연경관(산)
의정부,2025,5,2025-05,141,경기도,의정부시,쿠키즈룸,10,의정부 2025_05.csv,문화관광,테마공원
의정부,2025,5,2025-05,141,경기도,의정부시,동심어린이공원,10,의정부 2025_05.csv,문화관광,도시공원
의정부,2025,5,2025-05,141,경기도,의정부시,꽃동네어린이공원,10,의정부 2025_05.csv,문화관광,도시공원
의정부,2025,5,2025-05,141,경기도,의정부시,백석천근린공원,10,의정부 2025_05.csv,문화관광,도시공원
의정부,2025,5,2025-05,146,경기도,의정부시,메이드라인,9,의정부 2025_05.csv,레저스포츠,기타레저스포츠
의정부,2025,5,2025-05,146,경기도,의정부시,슈가복싱프리미엄의정부점,9,의정부 2025_05.csv,레저스포츠,기타레저스포츠
의정부,2025,5,2025-05,146,경기도,의정부시,의정부약수선원목조보살입상,9,의정부 2025_05.csv,역사관광,역사유적지
의정부,2025,5,2025-05,146,경기도,의정부시,무지랭이약수터,9,의정부 2025_05.csv,자연관광,자연경관(산)
의정부,2025,5,2025-05,146,경기도,의정부시,대각사,9,의정부 2025_05.csv,역사관광,종교성지
의정부,2025,5,2025-05,146,경기도,의정부시,경기도어린이식품안전체험관의정부센터,9,의정부 2025_05.csv,체험관광,체험관광기타
의정부,2025,5,2025-05,152,경기도,의정부시,우리끼리 키즈카페 스포츠마을의정부민락점,8,의정부 2025_05.csv,문화관광,테마공원
의정부,2025,5,2025-05,152,경기도,의정부시,홍익문화공원,8,의정부 2025_05.csv,문화관광,도시공원
의정부,2025,5,2025-05,152,경기도,의정부시,원효사,8,의정부 2025_05.csv,역사관광,종교성지
의정부,2025,5,2025-05,155,경기도,의정부시,쌍암사현대불교,7,의정부 2025_05.csv,역사관광,종교성지
의정부,2025,5,2025-05,155,경기도,의정부시,영락사,7,의정부 2025_05.csv,역사관광,종교성지
의정부,2025,5,2025-05,155,경기도,의정부시,용화사,7,의정부 2025_05.csv,역사관광,종교성지
의정부,2025,5,2025-05,155,경기도,의정부시,킹클라이밍,7,의정부 2025_05.csv,레저스포츠,기타레저스포츠
의정부,2025,5,2025-05,159,경기도,의정부시,중앙문화공원,6,의정부 2025_05.csv,문화관광,도시공원
의정부,2025,5,2025-05,159,경기도,의정부시,스카이공연홀,6,의정부 2025_05.csv,문화관광,공연시설
의정부,2025,5,2025-05,159,경기도,의정부시,락앤플레이민락점,6,의정부 2025_05.csv,문화관광,테마공원
의정부,2025,5,2025-05,159,경기도,의정부시,색동어린이공원,6,의정부 2025_05.csv,문화관광,도시공원
의정부,2025,5,2025-05,159,경기도,의정부시,상금오어린이공원,6,의정부 2025_05.csv,문화관광,도시공원
의정부,2025,5,2025-05,159,경기도,의정부시,로데오거리상점가,6,의정부 2025_05.csv,쇼핑,시장
의정부,2025,5,2025-05,159,경기도,의정부시,쌍용사,6,의정부 2025_05.csv,역사관광,종교성지
의정부,2025,5,2025-05,159,경기도,의정부시,두물터농장,6,의정부 2025_05.csv,체험관광,농/산/어촌체험
의정부,2025,5,2025-05,159,경기도,의정부시,추동공원,6,의정부 2025_05.csv,문화관광,도시공원
의정부,2025,5,2025-05,159,경기도,의정부시,마스터탁구클럽,6,의정부 2025_05.csv,레저스포츠,기타레저스포츠
의정부,2025,5,2025-05,159,경기도,의정부시,귀락문화공원,6,의정부 2025_05.csv,문화관광,도시공원
의정부,2025,5,2025-05,170,경기도,의정부시,도노센트,5,의정부 2025_05.csv,체험관광,공예체험
의정부,2025,5,2025-05,170,경기도,의정부시,회룡사5층석탑,5,의정부 2025_05.csv,역사관광,역사유물
의정부,2025,5,2025-05,172,경기도,의정부시,드래곤트릭킹짐,4,의정부 2025_05.csv,레저스포츠,기타레저스포츠
의정부,2025,5,2025-05,172,경기도,의정부시,샤모니클라이밍,4,의정부 2025_05.csv,레저스포츠,기타레저스포츠
의정부,2025,5,2025-05,172,경기도,의정부시,한국산악연수원CAC등산학교,4,의정부 2025_05.csv,레저스포츠,기타레저스포츠
의정부,2025,5,2025-05,172,경기도,의정부시,샌드케이,4,의정부 2025_05.csv,문화관광,테마공원
의정부,2025,5,2025-05,172,경기도,의정부시,덕수사,4,의정부 2025_05.csv,역사관광,종교성지
의정부,2025,5,2025-05,172,경기도,의정부시,문예어린이공원,4,의정부 2025_05.csv,문화관광,도시공원
의정부,2025,5,2025-05,172,경기도,의정부시,장암어린이공원,4,의정부 2025_05.csv,문화관광,도시공원
의정부,2025,5,2025-05,172,경기도,의정부시,범골어린이공원,4,의정부 2025_05.csv,문화관광,도시공원
의정부,2025,5,2025-05,172,경기도,의정부시,명덕사,4,의정부 2025_05.csv,역사관광,종교성지
의정부,2025,5,2025-05,172,경기도,의정부시,의정부음악극축제,4,의정부 2025_05.csv,문화관광,기타문화관광지
의정부,2025,5,2025-05,172,경기도,의정부시,북한산둘레길15구간,4,의정부 2025_05.csv,레저스포츠,기타레저스포츠
의정부,2025,5,2025-05,172,경기도,의정부시,상원사,4,의정부 2025_05.csv,역사관광,종교성지
의정부,2025,5,2025-05,172,경기도,의정부시,석굴암,4,의정부 2025_05.csv,역사관광,종교성지
의정부,2025,5,2025-05,172,경기도,의정부시,여래사,4,의정부 2025_05.csv,역사관광,종교성지
의정부,2025,5,2025-05,172,경기도,의정부시,신효섭탁구장,4,의정부 2025_05.csv,레저스포츠,기타레저스포츠
의정부,2025,5,2025-05,172,경기도,의정부시,무량사,4,의정부 2025_05.csv,역사관광,종교성지
의정부,2025,5,2025-05,172,경기도,의정부시,레벨업탁구클럽,4,의정부 2025_05.csv,레저스포츠,기타레저스포츠
의정부,2025,5,2025-05,172,경기도,의정부시,의정부아트캠프,4,의정부 2025_05.csv,문화관광,기타문화관광지
의정부,2025,5,2025-05,172,경기도,의정부시,추동웰빙공원물놀이장,4,의정부 2025_05.csv,문화관광,테마공원
의정부,2025,5,2025-05,191,경기도,의정부시,드림탁구클럽,3,의정부 2025_05.csv,레저스포츠,기타레저스포츠
의정부,2025,5,2025-05,191,경기도,의정부시,의정부시 산곡동 검은돌마을,3,의정부 2025_05.csv,역사관광,역사유적지
의정부,2025,5,2025-05,191,경기도,의정부시,고산MMA주짓수종합격투기,3,의정부 2025_05.csv,레저스포츠,기타레저스포츠
의정부,2025,5,2025-05,191,경기도,의정부시,의정부시 가능동 입석마을,3,의정부 2025_05.csv,역사관광,역사유적지
의정부,2025,5,2025-05,191,경기도,의정부시,슈가복싱프리미엄회룡점,3,의정부 2025_05.csv,레저스포츠,기타레저스포츠
의정부,2025,5,2025-05,191,경기도,의정부시,송산1호수변공원,3,의정부 2025_05.csv,문화관광,도시공원
의정부,2025,5,2025-05,191,경기도,의정부시,의정부문화역 이음,3,의정부 2025_05.csv,문화관광,기타문화관광지
의정부,2025,5,2025-05,191,경기도,의정부시,뉴키즈온고산점,3,의정부 2025_05.csv,문화관광,테마공원
의정부,2025,5,2025-05,191,경기도,의정부시,씨에이치인터내셔널서울,3,의정부 2025_05.csv,레저스포츠,육상레저스포츠
의정부,2025,5,2025-05,191,경기도,의정부시,도안사,3,의정부 2025_05.csv,역사관광,종교성지
의정부,2025,5,2025-05,191,경기도,의정부시,장암숲늘품길경계숲길,3,의정부 2025_05.csv,레저스포츠,기타레저스포츠
의정부,2025,5,2025-05,191,경기도,의정부시,서계박세당묘역,3,의정부 2025_05.csv,역사관광,역사유적지
의정부,2025,5,2025-05,191,경기도,의정부시,웰빙투어,3,의정부 2025_05.csv,기타관광,기타관광
의정부,2025,5,2025-05,191,경기도,의정부시,정문부장군묘,3,의정부 2025_05.csv,역사관광,역사유적지
의정부,2025,5,2025-05,191,경기도,의정부시,백합어린이공원,3,의정부 2025_05.csv,문화관광,도시공원
의정부,2025,5,2025-05,191,경기도,의정부시,장암발곡근린공원,3,의정부 2025_05.csv,문화관광,도시공원
의정부,2025,5,2025-05,191,경기도,의정부시,다리목근린공원,3,의정부 2025_05.csv,문화관광,도시공원
의정부,2025,5,2025-05,191,경기도,의정부시,부용산,3,의정부 2025_05.csv,자연관광,자연경관(산)
의정부,2025,5,2025-05,191,경기도,의정부시,호국사,3,의정부 2025_05.csv,역사관광,역사유적지
의정부,2025,5,2025-05,191,경기도,의정부시,석림사계곡,3,의정부 2025_05.csv,자연관광,자연경관(산)
의정부,2025,5,2025-05,191,경기도,의정부시,해오름근린공원,3,의정부 2025_05.csv,문화관광,도시공원
의정부,2025,5,2025-05,191,경기도,의정부시,산군무에타이킥복싱체육관,3,의정부 2025_05.csv,레저스포츠,기타레저스포츠
의정부,2025,5,2025-05,191,경기도,의정부시,트라이포스의정부주짓수,3,의정부 2025_05.csv,레저스포츠,기타레저스포츠
의정부,2025,5,2025-05,191,경기도,의정부시,원심사,3,의정부 2025_05.csv,역사관광,종교성지
의정부,2025,5,2025-05,191,경기도,의정부시,김병지축구클럽의정부롯데마트점,3,의정부 2025_05.csv,레저스포츠,기타레저스포츠
의정부,2025,6,2025-06,1,경기도,의정부시,신세계백화점의정부점,21105,의정부 2025_06.csv,쇼핑,백화점
의정부,2025,6,2025-06,2,경기도,의정부시,의정부제일시장,8280,의정부 2025_06.csv,쇼핑,시장
의정부,2025,6,2025-06,3,경기도,의정부시,의정부버스터미널,3531,의정부 2025_06.csv,기타관광,교통시설
의정부,2025,6,2025-06,4,경기도,의정부시,의정부예술의전당,2515,의정부 2025_06.csv,문화관광,공연시설
의정부,2025,6,2025-06,5,경기도,의정부시,의정부실내빙상장,2101,의정부 2025_06.csv,레저스포츠,육상레저스포츠
의정부,2025,6,2025-06,6,경기도,의정부시,메가박스의정부민락,2068,의정부 2025_06.csv,문화관광,공연시설
의정부,2025,6,2025-06,7,경기도,의정부시,롯데시네마의정부민락,1818,의정부 2025_06.csv,문화관광,공연시설
의정부,2025,6,2025-06,8,경기도,의정부시,CGV의정부태흥,1584,의정부 2025_06.csv,문화관광,공연시설
의정부,2025,6,2025-06,9,경기도,의정부시,신곡실내배드민턴장,1019,의정부 2025_06.csv,레저스포츠,기타레저스포츠
의정부,2025,6,2025-06,10,경기도,의정부시,낙양물사랑공원,1003,의정부 2025_06.csv,문화관광,도시공원
의정부,2025,6,2025-06,11,경기도,의정부시,직동근린공원,870,의정부 2025_06.csv,문화관광,도시공원
의정부,2025,6,2025-06,12,경기도,의정부시,CGV의정부,865,의정부 2025_06.csv,문화관광,공연시설
의정부,2025,6,2025-06,13,경기도,의정부시,의정부시청소년수련관,765,의정부 2025_06.csv,레저스포츠,육상레저스포츠
의정부,2025,6,2025-06,14,경기도,의정부시,태영프라자,704,의정부 2025_06.csv,쇼핑,쇼핑몰
의정부,2025,6,2025-06,15,경기도,의정부시,송산배수지체육시설,700,의정부 2025_06.csv,문화관광,도시공원
의정부,2025,6,2025-06,16,경기도,의정부시,송산사지근린공원,551,의정부 2025_06.csv,문화관광,도시공원
의정부,2025,6,2025-06,17,경기도,의정부시,의정부공유학교올래캠퍼스,458,의정부 2025_06.csv,체험관광,체험관광기타
의정부,2025,6,2025-06,18,경기도,의정부시,점핑몬스터의정부점,453,의정부 2025_06.csv,문화관광,테마공원
의정부,2025,6,2025-06,19,경기도,의정부시,렛츠런CCC의정부지점,389,의정부 2025_06.csv,레저스포츠,육상레저스포츠
의정부,2025,6,2025-06,20,경기도,의정부시,와글아이의정부점,371,의정부 2025_06.csv,문화관광,테마공원
의정부,2025,6,2025-06,21,경기도,의정부시,석림사,342,의정부 2025_06.csv,역사관광,종교성지
의정부,2025,6,2025-06,22,경기도,의정부시,서울승마클럽,337,의정부 2025_06.csv,레저스포츠,육상레저스포츠
의정부,2025,6,2025-06,23,경기도,의정부시,고고다이노키즈카페민락점,314,의정부 2025_06.csv,문화관광,테마공원
의정부,2025,6,2025-06,24,경기도,의정부시,추동배드민턴장,285,의정부 2025_06.csv,레저스포츠,기타레저스포츠
의정부,2025,6,2025-06,25,경기도,의정부시,활기체육공원,284,의정부 2025_06.csv,문화관광,도시공원
의정부,2025,6,2025-06,26,경기도,의정부시,히어로키즈파크의정부지점,272,의정부 2025_06.csv,문화관광,테마공원
의정부,2025,6,2025-06,27,경기도,의정부시,곤제구장,258,의정부 2025_06.csv,문화관광,레저스포츠시설
의정부,2025,6,2025-06,28,경기도,의정부시,회룡사,257,의정부 2025_06.csv,역사관광,종교성지
의정부,2025,6,2025-06,29,경기도,의정부시,자일산림욕장,254,의정부 2025_06.csv,자연관광,자연공원
의정부,2025,6,2025-06,30,경기도,의정부시,녹양야구장,243,의정부 2025_06.csv,문화관광,레저스포츠시설
의정부,2025,6,2025-06,31,경기도,의정부시,의정부신시가지,240,의정부 2025_06.csv,기타관광,기타관광
의정부,2025,6,2025-06,32,경기도,의정부시,경기북부보육교사교육원,223,의정부 2025_06.csv,체험관광,체험관광기타
의정부,2025,6,2025-06,33,경기도,의정부시,아일랜드캐슬워터파크,219,의정부 2025_06.csv,문화관광,테마공원
의정부,2025,6,2025-06,34,경기도,의정부시,경기도교육청미래과학교육원북부교육관,212,의정부 2025_06.csv,체험관광,체험관광기타
의정부,2025,6,2025-06,35,경기도,의정부시,천보탁구장,204,의정부 2025_06.csv,레저스포츠,기타레저스포츠
의정부,2025,6,2025-06,36,경기도,의정부시,신곡새빛정원,202,의정부 2025_06.csv,문화관광,도시공원
의정부,2025,6,2025-06,37,경기도,의정부시,의정부가구거리,199,의정부 2025_06.csv,쇼핑,기타쇼핑시설
의정부,2025,6,2025-06,38,경기도,의정부시,큐리키즈카페의정부점,188,의정부 2025_06.csv,문화관광,테마공원
의정부,2025,6,2025-06,39,경기도,의정부시,망월사,174,의정부 2025_06.csv,역사관광,종교성지
의정부,2025,6,2025-06,40,경기도,의정부시,장암파크골프장,165,의정부 2025_06.csv,레저스포츠,육상레저스포츠
의정부,2025,6,2025-06,41,경기도,의정부시,직동축구장,161,의정부 2025_06.csv,문화관광,레저스포츠시설
의정부,2025,6,2025-06,42,경기도,의정부시,아이스토리키즈카페,158,의정부 2025_06.csv,문화관광,테마공원
의정부,2025,6,2025-06,43,경기도,의정부시,현충탑,147,의정부 2025_06.csv,역사관광,역사유물
의정부,2025,6,2025-06,44,경기도,의정부시,안골유원지,125,의정부 2025_06.csv,문화관광,복합관광시설
의정부,2025,6,2025-06,45,경기도,의정부시,장수원배드민턴클럽,124,의정부 2025_06.csv,레저스포츠,기타레저스포츠
의정부,2025,6,2025-06,46,경기도,의정부시,투앤디수영장,121,의정부 2025_06.csv,문화관광,테마공원
의정부,2025,6,2025-06,47,경기도,의정부시,헬로방방민락점,120,의정부 2025_06.csv,문화관광,테마공원
의정부,2025,6,2025-06,48,경기도,의정부시,락앤플레이민락점,118,의정부 2025_06.csv,문화관광,테마공원
의정부,2025,6,2025-06,49,경기도,의정부시,의정부예술의전당대극장,115,의정부 2025_06.csv,문화관광,공연시설
의정부,2025,6,2025-06,50,경기도,의정부시,경륜경정의정부지점,112,의정부 2025_06.csv,레저스포츠,육상레저스포츠
의정부,2025,6,2025-06,50,경기도,의정부시,고고롤러스케이트장,112,의정부 2025_06.csv,레저스포츠,육상레저스포츠
의정부,2025,6,2025-06,52,경기도,의정부시,의정부시평생학습원,110,의정부 2025_06.csv,체험관광,체험관광기타
의정부,2025,6,2025-06,53,경기도,의정부시,안골계곡,106,의정부 2025_06.csv,자연관광,자연경관(산)
의정부,2025,6,2025-06,54,경기도,의정부시,자일낚시터,105,의정부 2025_06.csv,레저스포츠,수상레저스포츠
의정부,2025,6,2025-06,55,경기도,의정부시,의정부청과야채시장,100,의정부 2025_06.csv,쇼핑,시장
의정부,2025,6,2025-06,56,경기도,의정부시,희망어린이공원,96,의정부 2025_06.csv,문화관광,도시공원
의정부,2025,6,2025-06,57,경기도,의정부시,신숙주선생묘,93,의정부 2025_06.csv,역사관광,역사유적지
의정부,2025,6,2025-06,58,경기도,의정부시,북한산국립공원회룡탐방지원센터,91,의정부 2025_06.csv,기타관광,기타관광
의정부,2025,6,2025-06,59,경기도,의정부시,허니비풋살파크,84,의정부 2025_06.csv,문화관광,레저스포츠시설
의정부,2025,6,2025-06,59,경기도,의정부시,곤제근린공원,84,의정부 2025_06.csv,문화관광,도시공원
의정부,2025,6,2025-06,61,경기도,의정부시,호암사,79,의정부 2025_06.csv,역사관광,종교성지
의정부,2025,6,2025-06,62,경기도,의정부시,에스티종합안전,77,의정부 2025_06.csv,체험관광,체험관광기타
의정부,2025,6,2025-06,63,경기도,의정부시,알쏭달쏭키즈드로잉,72,의정부 2025_06.csv,문화관광,테마공원
의정부,2025,6,2025-06,63,경기도,의정부시,김민성탁구클럽,72,의정부 2025_06.csv,레저스포츠,기타레저스포츠
의정부,2025,6,2025-06,65,경기도,의정부시,타요키즈카페의정부민락점,71,의정부 2025_06.csv,문화관광,테마공원
의정부,2025,6,2025-06,66,경기도,의정부시,왕바우근린공원,67,의정부 2025_06.csv,문화관광,도시공원
의정부,2025,6,2025-06,66,경기도,의정부시,태조이성계상,67,의정부 2025_06.csv,기타관광,기타관광
의정부,2025,6,2025-06,68,경기도,의정부시,스마일랜드,65,의정부 2025_06.csv,문화관광,테마공원
의정부,2025,6,2025-06,69,경기도,의정부시,봉화정사,63,의정부 2025_06.csv,역사관광,종교성지
의정부,2025,6,2025-06,70,경기도,의정부시,추동웰빙공원물놀이장,55,의정부 2025_06.csv,문화관광,테마공원
의정부,2025,6,2025-06,71,경기도,의정부시,리드민리듬체조민락본점,51,의정부 2025_06.csv,레저스포츠,기타레저스포츠
의정부,2025,6,2025-06,72,경기도,의정부시,쌍암사,50,의정부 2025_06.csv,역사관광,종교성지
의정부,2025,6,2025-06,73,경기도,의정부시,마린앤키즈,48,의정부 2025_06.csv,문화관광,테마공원
의정부,2025,6,2025-06,74,경기도,의정부시,성불사,46,의정부 2025_06.csv,역사관광,종교성지
의정부,2025,6,2025-06,75,경기도,의정부시,스트라이크존의정부민락구장,45,의정부 2025_06.csv,레저스포츠,기타레저스포츠
의정부,2025,6,2025-06,76,경기도,의정부시,아로하포레스트,44,의정부 2025_06.csv,문화관광,테마공원
의정부,2025,6,2025-06,77,경기도,의정부시,스카이짐유소년스포츠클럽녹양점,42,의정부 2025_06.csv,레저스포츠,기타레저스포츠
의정부,2025,6,2025-06,77,경기도,의정부시,의정부기억저장소,42,의정부 2025_06.csv,문화관광,전시시설
의정부,2025,6,2025-06,77,경기도,의정부시,우리소극장,42,의정부 2025_06.csv,문화관광,공연시설
의정부,2025,6,2025-06,77,경기도,의정부시,경기도어린이식품안전체험관의정부센터,42,의정부 2025_06.csv,체험관광,체험관광기타
의정부,2025,6,2025-06,77,경기도,의정부시,의정부천문대,42,의정부 2025_06.csv,레저스포츠,기타레저스포츠
의정부,2025,6,2025-06,82,경기도,의정부시,문화어린이공원,41,의정부 2025_06.csv,문화관광,도시공원
의정부,2025,6,2025-06,83,경기도,의정부시,의정부역,36,의정부 2025_06.csv,기타관광,교통시설
의정부,2025,6,2025-06,83,경기도,의정부시,백영수미술관,36,의정부 2025_06.csv,문화관광,전시시설
의정부,2025,6,2025-06,85,경기도,의정부시,의정부지구전투기념비,34,의정부 2025_06.csv,역사관광,역사유물
의정부,2025,6,2025-06,86,경기도,의정부시,중앙어린이공원,32,의정부 2025_06.csv,문화관광,도시공원
의정부,2025,6,2025-06,87,경기도,의정부시,의정부축구센터,31,의정부 2025_06.csv,레저스포츠,기타레저스포츠
의정부,2025,6,2025-06,87,경기도,의정부시,나리벡시티테마파크건축중(2027년01월 예정),31,의정부 2025_06.csv,문화관광,테마공원
의정부,2025,6,2025-06,89,경기도,의정부시,꿀잼키즈룸의정부민락점,30,의정부 2025_06.csv,문화관광,테마공원
의정부,2025,6,2025-06,89,경기도,의정부시,어수정어린이공원,30,의정부 2025_06.csv,문화관광,도시공원
의정부,2025,6,2025-06,89,경기도,의정부시,윤한미탁구클럽,30,의정부 2025_06.csv,레저스포츠,기타레저스포츠
의정부,2025,6,2025-06,89,경기도,의정부시,의정부시리틀야구장,30,의정부 2025_06.csv,문화관광,레저스포츠시설
의정부,2025,6,2025-06,93,경기도,의정부시,약수배드민턴클럽,29,의정부 2025_06.csv,레저스포츠,기타레저스포츠
의정부,2025,6,2025-06,93,경기도,의정부시,송산레포츠,29,의정부 2025_06.csv,문화관광,테마공원
의정부,2025,6,2025-06,95,경기도,의정부시,모래야놀자,28,의정부 2025_06.csv,문화관광,테마공원
의정부,2025,6,2025-06,95,경기도,의정부시,서영빌딩서관,28,의정부 2025_06.csv,문화관광,기타문화관광지
의정부,2025,6,2025-06,95,경기도,의정부시,푸른마당근린공원,28,의정부 2025_06.csv,문화관광,도시공원
의정부,2025,6,2025-06,98,경기도,의정부시,의정부문화역 이음,26,의정부 2025_06.csv,문화관광,기타문화관광지
의정부,2025,6,2025-06,99,경기도,의정부시,이태영탁구교실,24,의정부 2025_06.csv,레저스포츠,기타레저스포츠
의정부,2025,6,2025-06,99,경기도,의정부시,쌍용사,24,의정부 2025_06.csv,역사관광,종교성지
의정부,2025,6,2025-06,101,경기도,의정부시,무지랭이계곡,23,의정부 2025_06.csv,자연관광,자연경관(산)
의정부,2025,6,2025-06,101,경기도,의정부시,사패산,23,의정부 2025_06.csv,자연관광,자연경관(산)
의정부,2025,6,2025-06,103,경기도,의정부시,정화사,22,의정부 2025_06.csv,역사관광,종교성지
의정부,2025,6,2025-06,104,경기도,의정부시,노강서원,21,의정부 2025_06.csv,역사관광,역사유적지
의정부,2025,6,2025-06,104,경기도,의정부시,영산법화사,21,의정부 2025_06.csv,역사관광,종교성지
의정부,2025,6,2025-06,106,경기도,의정부시,의정부망월풋살구장,20,의정부 2025_06.csv,레저스포츠,기타레저스포츠
의정부,2025,6,2025-06,106,경기도,의정부시,샌드케이,20,의정부 2025_06.csv,문화관광,테마공원
의정부,2025,6,2025-06,106,경기도,의정부시,다리목근린공원,20,의정부 2025_06.csv,문화관광,도시공원
의정부,2025,6,2025-06,109,경기도,의정부시,빛뜰문화공원,19,의정부 2025_06.csv,문화관광,도시공원
의정부,2025,6,2025-06,110,경기도,의정부시,김미미도예공방,18,의정부 2025_06.csv,체험관광,공예체험
의정부,2025,6,2025-06,110,경기도,의정부시,와우민턴샵,18,의정부 2025_06.csv,레저스포츠,기타레저스포츠
의정부,2025,6,2025-06,112,경기도,의정부시,벌말어린이공원,17,의정부 2025_06.csv,문화관광,도시공원
의정부,2025,6,2025-06,112,경기도,의정부시,거문돌계곡,17,의정부 2025_06.csv,자연관광,자연경관(산)
의정부,2025,6,2025-06,112,경기도,의정부시,사패산통나무집,17,의정부 2025_06.csv,레저스포츠,육상레저스포츠
의정부,2025,6,2025-06,115,경기도,의정부시,바둑전용경기장건축중(2026년08월 완공예정),16,의정부 2025_06.csv,레저스포츠,기타레저스포츠
의정부,2025,6,2025-06,115,경기도,의정부시,신곡탁구클럽,16,의정부 2025_06.csv,레저스포츠,기타레저스포츠
의정부,2025,6,2025-06,117,경기도,의정부시,의정부시 산곡동 검은돌마을,15,의정부 2025_06.csv,역사관광,역사유적지
의정부,2025,6,2025-06,117,경기도,의정부시,리틀베이비,15,의정부 2025_06.csv,문화관광,테마공원
의정부,2025,6,2025-06,117,경기도,의정부시,꽃동네어린이공원,15,의정부 2025_06.csv,문화관광,도시공원
의정부,2025,6,2025-06,117,경기도,의정부시,로데오거리상점가,15,의정부 2025_06.csv,쇼핑,시장
의정부,2025,6,2025-06,117,경기도,의정부시,사패산안골통제소방면,15,의정부 2025_06.csv,자연관광,자연경관(산)
의정부,2025,6,2025-06,117,경기도,의정부시,역전근린공원,15,의정부 2025_06.csv,문화관광,도시공원
의정부,2025,6,2025-06,123,경기도,의정부시,버들개야구장,14,의정부 2025_06.csv,문화관광,레저스포츠시설
의정부,2025,6,2025-06,123,경기도,의정부시,이성숙탁구클럽,14,의정부 2025_06.csv,레저스포츠,기타레저스포츠
의정부,2025,6,2025-06,123,경기도,의정부시,관음사,14,의정부 2025_06.csv,역사관광,종교성지
의정부,2025,6,2025-06,123,경기도,의정부시,석림사계곡,14,의정부 2025_06.csv,자연관광,자연경관(산)
의정부,2025,6,2025-06,127,경기도,의정부시,드래곤트릭킹짐,13,의정부 2025_06.csv,레저스포츠,기타레저스포츠
의정부,2025,6,2025-06,127,경기도,의정부시,아이노리키즈카페,13,의정부 2025_06.csv,문화관광,테마공원
의정부,2025,6,2025-06,127,경기도,의정부시,추동웰빙공원,13,의정부 2025_06.csv,문화관광,도시공원
의정부,2025,6,2025-06,127,경기도,의정부시,귀락문화공원,13,의정부 2025_06.csv,문화관광,도시공원
의정부,2025,6,2025-06,131,경기도,의정부시,송산1호수변공원,12,의정부 2025_06.csv,문화관광,도시공원
의정부,2025,6,2025-06,131,경기도,의정부시,쿠키즈룸,12,의정부 2025_06.csv,문화관광,테마공원
의정부,2025,6,2025-06,131,경기도,의정부시,수락사,12,의정부 2025_06.csv,역사관광,종교성지
의정부,2025,6,2025-06,134,경기도,의정부시,캠프라과디아체육공원,11,의정부 2025_06.csv,문화관광,도시공원
의정부,2025,6,2025-06,134,경기도,의정부시,700어린이라운지,11,의정부 2025_06.csv,문화관광,테마공원
의정부,2025,6,2025-06,134,경기도,의정부시,평화어린이공원,11,의정부 2025_06.csv,문화관광,도시공원
의정부,2025,6,2025-06,134,경기도,의정부시,노리랜드,11,의정부 2025_06.csv,문화관광,테마공원
의정부,2025,6,2025-06,134,경기도,의정부시,무량사,11,의정부 2025_06.csv,역사관광,종교성지
의정부,2025,6,2025-06,139,경기도,의정부시,북한산국립공원원도봉탐방지원센터,9,의정부 2025_06.csv,기타관광,기타관광
의정부,2025,6,2025-06,139,경기도,의정부시,하금오어린이공원,9,의정부 2025_06.csv,문화관광,도시공원
의정부,2025,6,2025-06,139,경기도,의정부시,의정부시장,9,의정부 2025_06.csv,쇼핑,시장
의정부,2025,6,2025-06,142,경기도,의정부시,민락탁구클럽,8,의정부 2025_06.csv,레저스포츠,기타레저스포츠
의정부,2025,6,2025-06,142,경기도,의정부시,대원사,8,의정부 2025_06.csv,역사관광,종교성지
의정부,2025,6,2025-06,142,경기도,의정부시,바른평생교육원,8,의정부 2025_06.csv,체험관광,체험관광기타
의정부,2025,6,2025-06,145,경기도,의정부시,키즈누리본점,7,의정부 2025_06.csv,문화관광,테마공원
의정부,2025,6,2025-06,145,경기도,의정부시,동심어린이공원,7,의정부 2025_06.csv,문화관광,도시공원
의정부,2025,6,2025-06,145,경기도,의정부시,토끼어린이공원,7,의정부 2025_06.csv,문화관광,도시공원
의정부,2025,6,2025-06,145,경기도,의정부시,홍익문화공원,7,의정부 2025_06.csv,문화관광,도시공원
의정부,2025,6,2025-06,145,경기도,의정부시,스트라이크존의정부구장,7,의정부 2025_06.csv,레저스포츠,기타레저스포츠
의정부,2025,6,2025-06,145,경기도,의정부시,롤프렌롤러장,7,의정부 2025_06.csv,레저스포츠,육상레저스포츠
의정부,2025,6,2025-06,151,경기도,의정부시,청년창작공간작당,6,의정부 2025_06.csv,문화관광,기타문화관광지
의정부,2025,6,2025-06,151,경기도,의정부시,샤모니클라이밍,6,의정부 2025_06.csv,레저스포츠,기타레저스포츠
의정부,2025,6,2025-06,151,경기도,의정부시,의정부시 가능동 입석마을,6,의정부 2025_06.csv,역사관광,역사유적지
의정부,2025,6,2025-06,151,경기도,의정부시,슈가복싱프리미엄의정부점,6,의정부 2025_06.csv,레저스포츠,기타레저스포츠
의정부,2025,6,2025-06,151,경기도,의정부시,회룡탁구,6,의정부 2025_06.csv,레저스포츠,기타레저스포츠
의정부,2025,6,2025-06,151,경기도,의정부시,신곡어린이공원,6,의정부 2025_06.csv,문화관광,도시공원
의정부,2025,6,2025-06,151,경기도,의정부시,의서어린이공원,6,의정부 2025_06.csv,문화관광,도시공원
의정부,2025,6,2025-06,151,경기도,의정부시,소망어린이공원,6,의정부 2025_06.csv,문화관광,도시공원
의정부,2025,6,2025-06,151,경기도,의정부시,새말어린이공원,6,의정부 2025_06.csv,문화관광,도시공원
의정부,2025,6,2025-06,151,경기도,의정부시,용현정,6,의정부 2025_06.csv,레저스포츠,육상레저스포츠
의정부,2025,6,2025-06,151,경기도,의정부시,홍연경민현대미술관,6,의정부 2025_06.csv,문화관광,전시시설
의정부,2025,6,2025-06,151,경기도,의정부시,뛰노리방방,6,의정부 2025_06.csv,문화관광,테마공원
의정부,2025,6,2025-06,151,경기도,의정부시,트라이포스의정부주짓수,6,의정부 2025_06.csv,레저스포츠,기타레저스포츠
의정부,2025,6,2025-06,151,경기도,의정부시,석굴암,6,의정부 2025_06.csv,역사관광,종교성지
의정부,2025,6,2025-06,151,경기도,의정부시,심원사,6,의정부 2025_06.csv,역사관광,종교성지
의정부,2025,6,2025-06,151,경기도,의정부시,의정부아트캠프,6,의정부 2025_06.csv,문화관광,기타문화관광지
의정부,2025,6,2025-06,167,경기도,의정부시,뉴키즈온고산점,5,의정부 2025_06.csv,문화관광,테마공원
의정부,2025,6,2025-06,167,경기도,의정부시,원각사,5,의정부 2025_06.csv,역사관광,종교성지
의정부,2025,6,2025-06,167,경기도,의정부시,신효섭탁구장,5,의정부 2025_06.csv,레저스포츠,기타레저스포츠
의정부,2025,6,2025-06,167,경기도,의정부시,킹클라이밍,5,의정부 2025_06.csv,레저스포츠,기타레저스포츠
의정부,2025,6,2025-06,171,경기도,의정부시,경기도북부육아종합지원센터아이사랑놀이터,4,의정부 2025_06.csv,문화관광,테마공원
의정부,2025,6,2025-06,171,경기도,의정부시,인보자기,4,의정부 2025_06.csv,체험관광,체험관광기타
의정부,2025,6,2025-06,171,경기도,의정부시,스카이공연홀,4,의정부 2025_06.csv,문화관광,공연시설
의정부,2025,6,2025-06,171,경기도,의정부시,우리끼리 키즈카페 스포츠마을의정부민락점,4,의정부 2025_06.csv,문화관광,테마공원
의정부,2025,6,2025-06,171,경기도,의정부시,의정부시 자일동 귀락마을,4,의정부 2025_06.csv,역사관광,역사유적지
의정부,2025,6,2025-06,171,경기도,의정부시,범골어린이공원,4,의정부 2025_06.csv,문화관광,도시공원
의정부,2025,6,2025-06,171,경기도,의정부시,무지랭이약수터,4,의정부 2025_06.csv,자연관광,자연경관(산)
의정부,2025,6,2025-06,178,경기도,의정부시,드림탁구클럽,3,의정부 2025_06.csv,레저스포츠,기타레저스포츠
의정부,2025,6,2025-06,178,경기도,의정부시,미가사,3,의정부 2025_06.csv,역사관광,종교성지
의정부,2025,6,2025-06,178,경기도,의정부시,루마공방,3,의정부 2025_06.csv,체험관광,공예체험
의정부,2025,6,2025-06,178,경기도,의정부시,고산MMA주짓수종합격투기,3,의정부 2025_06.csv,레저스포츠,기타레저스포츠
의정부,2025,6,2025-06,178,경기도,의정부시,갤러리평화,3,의정부 2025_06.csv,문화관광,전시시설
의정부,2025,6,2025-06,178,경기도,의정부시,홍짐,3,의정부 2025_06.csv,레저스포츠,기타레저스포츠
의정부,2025,6,2025-06,178,경기도,의정부시,아름다워짐,3,의정부 2025_06.csv,레저스포츠,기타레저스포츠
의정부,2025,6,2025-06,178,경기도,의정부시,라온공방,3,의정부 2025_06.csv,체험관광,공예체험
의정부,2025,6,2025-06,178,경기도,의정부시,듀얼트론코리아본사,3,의정부 2025_06.csv,레저스포츠,기타레저스포츠
의정부,2025,6,2025-06,178,경기도,의정부시,표미영탁구클럽,3,의정부 2025_06.csv,레저스포츠,기타레저스포츠
의정부,2025,6,2025-06,178,경기도,의정부시,잔돌문화공원,3,의정부 2025_06.csv,문화관광,도시공원
의정부,2025,6,2025-06,178,경기도,의정부시,세빛문화공원,3,의정부 2025_06.csv,문화관광,도시공원
의정부,2025,6,2025-06,178,경기도,의정부시,복싱히어로신곡점,3,의정부 2025_06.csv,레저스포츠,기타레저스포츠
의정부,2025,6,2025-06,178,경기도,의정부시,천보암,3,의정부 2025_06.csv,역사관광,종교성지
의정부,2025,6,2025-06,178,경기도,의정부시,웰빙투어,3,의정부 2025_06.csv,기타관광,기타관광
의정부,2025,6,2025-06,178,경기도,의정부시,덕천사,3,의정부 2025_06.csv,역사관광,종교성지
의정부,2025,6,2025-06,178,경기도,의정부시,백합어린이공원,3,의정부 2025_06.csv,문화관광,도시공원
의정부,2025,6,2025-06,178,경기도,의정부시,오동어린이공원,3,의정부 2025_06.csv,문화관광,도시공원
의정부,2025,6,2025-06,178,경기도,의정부시,무지개어린이공원,3,의정부 2025_06.csv,문화관광,도시공원
의정부,2025,6,2025-06,178,경기도,의정부시,공고개어린이공원,3,의정부 2025_06.csv,문화관광,도시공원
의정부,2025,6,2025-06,178,경기도,의정부시,문예어린이공원,3,의정부 2025_06.csv,문화관광,도시공원
의정부,2025,6,2025-06,178,경기도,의정부시,상금오어린이공원,3,의정부 2025_06.csv,문화관광,도시공원
의정부,2025,6,2025-06,178,경기도,의정부시,꿈나무어린이공원,3,의정부 2025_06.csv,문화관광,도시공원
의정부,2025,6,2025-06,178,경기도,의정부시,오목문화근린공원,3,의정부 2025_06.csv,문화관광,도시공원
의정부,2025,6,2025-06,178,경기도,의정부시,꿈어린이공원,3,의정부 2025_06.csv,문화관광,도시공원
의정부,2025,6,2025-06,178,경기도,의정부시,영락사,3,의정부 2025_06.csv,역사관광,종교성지
의정부,2025,6,2025-06,178,경기도,의정부시,원효사,3,의정부 2025_06.csv,역사관광,종교성지
의정부,2025,6,2025-06,178,경기도,의정부시,용현사,3,의정부 2025_06.csv,역사관광,종교성지
의정부,2025,6,2025-06,178,경기도,의정부시,미륵암,3,의정부 2025_06.csv,역사관광,종교성지
의정부,2025,6,2025-06,178,경기도,의정부시,원도봉산계곡,3,의정부 2025_06.csv,자연관광,자연경관(산)
의정부,2025,6,2025-06,178,경기도,의정부시,의정부예술의전당소극장,3,의정부 2025_06.csv,문화관광,공연시설
의정부,2025,6,2025-06,178,경기도,의정부시,중앙로,3,의정부 2025_06.csv,기타관광,기타관광
의정부,2025,6,2025-06,178,경기도,의정부시,닥터레드뮤직,3,의정부 2025_06.csv,문화관광,공연시설
의정부,2025,6,2025-06,178,경기도,의정부시,마스터탁구클럽,3,의정부 2025_06.csv,레저스포츠,기타레저스포츠
의정부,2025,6,2025-06,178,경기도,의정부시,모래노리,3,의정부 2025_06.csv,문화관광,테마공원
의정부,2025,6,2025-06,178,경기도,의정부시,레벨업탁구클럽,3,의정부 2025_06.csv,레저스포츠,기타레저스포츠
의정부,2025,6,2025-06,178,경기도,의정부시,연주암,3,의정부 2025_06.csv,역사관광,종교성지
의정부,2025,6,2025-06,178,경기도,의정부시,아이사랑놀이터민락점,3,의정부 2025_06.csv,문화관광,테마공원
의정부,2025,7,2025-07,1,경기도,의정부시,신세계백화점의정부점,22317,의정부 2025_07.csv,쇼핑,백화점
의정부,2025,7,2025-07,2,경기도,의정부시,의정부제일시장,8210,의정부 2025_07.csv,쇼핑,시장
의정부,2025,7,2025-07,3,경기도,의정부시,아일랜드캐슬워터파크,5998,의정부 2025_07.csv,문화관광,테마공원
의정부,2025,7,2025-07,4,경기도,의정부시,의정부버스터미널,3451,의정부 2025_07.csv,기타관광,교통시설
의정부,2025,7,2025-07,5,경기도,의정부시,의정부예술의전당,2606,의정부 2025_07.csv,문화관광,공연시설
의정부,2025,7,2025-07,6,경기도,의정부시,메가박스의정부민락,2533,의정부 2025_07.csv,문화관광,공연시설
의정부,2025,7,2025-07,7,경기도,의정부시,롯데시네마의정부민락,2266,의정부 2025_07.csv,문화관광,공연시설
의정부,2025,7,2025-07,8,경기도,의정부시,의정부실내빙상장,2194,의정부 2025_07.csv,레저스포츠,육상레저스포츠
의정부,2025,7,2025-07,9,경기도,의정부시,CGV의정부태흥,1978,의정부 2025_07.csv,문화관광,공연시설
의정부,2025,7,2025-07,10,경기도,의정부시,CGV의정부,1098,의정부 2025_07.csv,문화관광,공연시설
의정부,2025,7,2025-07,11,경기도,의정부시,낙양물사랑공원,1073,의정부 2025_07.csv,문화관광,도시공원
의정부,2025,7,2025-07,12,경기도,의정부시,신곡실내배드민턴장,1038,의정부 2025_07.csv,레저스포츠,기타레저스포츠
의정부,2025,7,2025-07,13,경기도,의정부시,의정부시청소년수련관,800,의정부 2025_07.csv,레저스포츠,육상레저스포츠
의정부,2025,7,2025-07,14,경기도,의정부시,태영프라자,787,의정부 2025_07.csv,쇼핑,쇼핑몰
의정부,2025,7,2025-07,15,경기도,의정부시,의정부공유학교올래캠퍼스,677,의정부 2025_07.csv,체험관광,체험관광기타
의정부,2025,7,2025-07,16,경기도,의정부시,직동근린공원,647,의정부 2025_07.csv,문화관광,도시공원
의정부,2025,7,2025-07,17,경기도,의정부시,송산배수지체육시설,596,의정부 2025_07.csv,문화관광,도시공원
의정부,2025,7,2025-07,18,경기도,의정부시,점핑몬스터의정부점,565,의정부 2025_07.csv,문화관광,테마공원
의정부,2025,7,2025-07,19,경기도,의정부시,와글아이의정부점,471,의정부 2025_07.csv,문화관광,테마공원
의정부,2025,7,2025-07,20,경기도,의정부시,렛츠런CCC의정부지점,427,의정부 2025_07.csv,레저스포츠,육상레저스포츠
의정부,2025,7,2025-07,21,경기도,의정부시,고고다이노키즈카페민락점,385,의정부 2025_07.csv,문화관광,테마공원
의정부,2025,7,2025-07,22,경기도,의정부시,서울승마클럽,358,의정부 2025_07.csv,레저스포츠,육상레저스포츠
의정부,2025,7,2025-07,23,경기도,의정부시,투앤디수영장,345,의정부 2025_07.csv,문화관광,테마공원
의정부,2025,7,2025-07,24,경기도,의정부시,히어로키즈파크의정부지점,335,의정부 2025_07.csv,문화관광,테마공원
의정부,2025,7,2025-07,25,경기도,의정부시,석림사,317,의정부 2025_07.csv,역사관광,종교성지
의정부,2025,7,2025-07,26,경기도,의정부시,활기체육공원,266,의정부 2025_07.csv,문화관광,도시공원
의정부,2025,7,2025-07,27,경기도,의정부시,송산사지근린공원,264,의정부 2025_07.csv,문화관광,도시공원
의정부,2025,7,2025-07,28,경기도,의정부시,경기북부보육교사교육원,247,의정부 2025_07.csv,체험관광,체험관광기타
의정부,2025,7,2025-07,29,경기도,의정부시,추동배드민턴장,231,의정부 2025_07.csv,레저스포츠,기타레저스포츠
의정부,2025,7,2025-07,30,경기도,의정부시,추동웰빙공원물놀이장,225,의정부 2025_07.csv,문화관광,테마공원
의정부,2025,7,2025-07,31,경기도,의정부시,경기도교육청미래과학교육원북부교육관,213,의정부 2025_07.csv,체험관광,체험관광기타
의정부,2025,7,2025-07,32,경기도,의정부시,큐리키즈카페의정부점,212,의정부 2025_07.csv,문화관광,테마공원
의정부,2025,7,2025-07,33,경기도,의정부시,아이스토리키즈카페,207,의정부 2025_07.csv,문화관광,테마공원
의정부,2025,7,2025-07,33,경기도,의정부시,의정부가구거리,207,의정부 2025_07.csv,쇼핑,기타쇼핑시설
의정부,2025,7,2025-07,35,경기도,의정부시,락앤플레이민락점,198,의정부 2025_07.csv,문화관광,테마공원
의정부,2025,7,2025-07,36,경기도,의정부시,천보탁구장,189,의정부 2025_07.csv,레저스포츠,기타레저스포츠
의정부,2025,7,2025-07,37,경기도,의정부시,녹양야구장,188,의정부 2025_07.csv,문화관광,레저스포츠시설
의정부,2025,7,2025-07,37,경기도,의정부시,곤제구장,188,의정부 2025_07.csv,문화관광,레저스포츠시설
의정부,2025,7,2025-07,39,경기도,의정부시,회룡사,182,의정부 2025_07.csv,역사관광,종교성지
의정부,2025,7,2025-07,40,경기도,의정부시,의정부신시가지,176,의정부 2025_07.csv,기타관광,기타관광
의정부,2025,7,2025-07,41,경기도,의정부시,직동축구장,145,의정부 2025_07.csv,문화관광,레저스포츠시설
의정부,2025,7,2025-07,42,경기도,의정부시,자일산림욕장,143,의정부 2025_07.csv,자연관광,자연공원
의정부,2025,7,2025-07,43,경기도,의정부시,헬로방방민락점,133,의정부 2025_07.csv,문화관광,테마공원
의정부,2025,7,2025-07,44,경기도,의정부시,고고롤러스케이트장,127,의정부 2025_07.csv,레저스포츠,육상레저스포츠
의정부,2025,7,2025-07,45,경기도,의정부시,아로하포레스트,123,의정부 2025_07.csv,문화관광,테마공원
의정부,2025,7,2025-07,46,경기도,의정부시,안골계곡,119,의정부 2025_07.csv,자연관광,자연경관(산)
의정부,2025,7,2025-07,46,경기도,의정부시,망월사,119,의정부 2025_07.csv,역사관광,종교성지
의정부,2025,7,2025-07,46,경기도,의정부시,경륜경정의정부지사,119,의정부 2025_07.csv,레저스포츠,육상레저스포츠
의정부,2025,7,2025-07,46,경기도,의정부시,자일낚시터,119,의정부 2025_07.csv,레저스포츠,수상레저스포츠
의정부,2025,7,2025-07,50,경기도,의정부시,안골유원지,116,의정부 2025_07.csv,문화관광,복합관광시설
의정부,2025,7,2025-07,51,경기도,의정부시,장수원배드민턴클럽,108,의정부 2025_07.csv,레저스포츠,기타레저스포츠
의정부,2025,7,2025-07,52,경기도,의정부시,의정부예술의전당대극장,101,의정부 2025_07.csv,문화관광,공연시설
의정부,2025,7,2025-07,53,경기도,의정부시,송산레포츠,94,의정부 2025_07.csv,문화관광,테마공원
의정부,2025,7,2025-07,54,경기도,의정부시,호암사,88,의정부 2025_07.csv,역사관광,종교성지
의정부,2025,7,2025-07,55,경기도,의정부시,의정부기억저장소,86,의정부 2025_07.csv,문화관광,전시시설
의정부,2025,7,2025-07,56,경기도,의정부시,스마일랜드,85,의정부 2025_07.csv,문화관광,테마공원
의정부,2025,7,2025-07,57,경기도,의정부시,의정부시평생학습원,84,의정부 2025_07.csv,체험관광,체험관광기타
의정부,2025,7,2025-07,58,경기도,의정부시,타요키즈카페의정부민락점,82,의정부 2025_07.csv,문화관광,테마공원
의정부,2025,7,2025-07,58,경기도,의정부시,들꽃마을,82,의정부 2025_07.csv,문화관광,테마공원
의정부,2025,7,2025-07,60,경기도,의정부시,현충탑,78,의정부 2025_07.csv,역사관광,역사유물
의정부,2025,7,2025-07,61,경기도,의정부시,성불사,76,의정부 2025_07.csv,역사관광,종교성지
의정부,2025,7,2025-07,62,경기도,의정부시,마린앤키즈,75,의정부 2025_07.csv,문화관광,테마공원
의정부,2025,7,2025-07,63,경기도,의정부시,알쏭달쏭키즈드로잉,71,의정부 2025_07.csv,문화관광,테마공원
의정부,2025,7,2025-07,63,경기도,의정부시,의정부청과야채시장,71,의정부 2025_07.csv,쇼핑,시장
의정부,2025,7,2025-07,63,경기도,의정부시,김민성탁구클럽,71,의정부 2025_07.csv,레저스포츠,기타레저스포츠
의정부,2025,7,2025-07,66,경기도,의정부시,허니비풋살파크,70,의정부 2025_07.csv,문화관광,레저스포츠시설
의정부,2025,7,2025-07,67,경기도,의정부시,장암파크골프장,68,의정부 2025_07.csv,레저스포츠,육상레저스포츠
의정부,2025,7,2025-07,68,경기도,의정부시,무지랭이계곡,66,의정부 2025_07.csv,자연관광,자연경관(산)
의정부,2025,7,2025-07,69,경기도,의정부시,추동웰빙공원,64,의정부 2025_07.csv,문화관광,도시공원
의정부,2025,7,2025-07,70,경기도,의정부시,곤제근린공원,63,의정부 2025_07.csv,문화관광,도시공원
의정부,2025,7,2025-07,71,경기도,의정부시,에스티종합안전,61,의정부 2025_07.csv,체험관광,체험관광기타
의정부,2025,7,2025-07,71,경기도,의정부시,의정부천문대,61,의정부 2025_07.csv,레저스포츠,기타레저스포츠
의정부,2025,7,2025-07,73,경기도,의정부시,태조이성계상,60,의정부 2025_07.csv,기타관광,기타관광
의정부,2025,7,2025-07,74,경기도,의정부시,백영수미술관,58,의정부 2025_07.csv,문화관광,전시시설
의정부,2025,7,2025-07,74,경기도,의정부시,천문폭포,58,의정부 2025_07.csv,자연관광,자연경관(산)
의정부,2025,7,2025-07,76,경기도,의정부시,어수정어린이공원,57,의정부 2025_07.csv,문화관광,도시공원
의정부,2025,7,2025-07,77,경기도,의정부시,바둑전용경기장건축중(2026년08월 완공예정),55,의정부 2025_07.csv,레저스포츠,기타레저스포츠
의정부,2025,7,2025-07,78,경기도,의정부시,경기도어린이식품안전체험관의정부센터,54,의정부 2025_07.csv,체험관광,체험관광기타
의정부,2025,7,2025-07,79,경기도,의정부시,거문돌계곡,53,의정부 2025_07.csv,자연관광,자연경관(산)
의정부,2025,7,2025-07,80,경기도,의정부시,우리소극장,52,의정부 2025_07.csv,문화관광,공연시설
의정부,2025,7,2025-07,81,경기도,의정부시,왕바우근린공원,48,의정부 2025_07.csv,문화관광,도시공원
의정부,2025,7,2025-07,81,경기도,의정부시,빛뜰문화공원,48,의정부 2025_07.csv,문화관광,도시공원
의정부,2025,7,2025-07,83,경기도,의정부시,모래야놀자,44,의정부 2025_07.csv,문화관광,테마공원
의정부,2025,7,2025-07,83,경기도,의정부시,쌍암사,44,의정부 2025_07.csv,역사관광,종교성지
의정부,2025,7,2025-07,85,경기도,의정부시,버들개야구장,43,의정부 2025_07.csv,문화관광,레저스포츠시설
의정부,2025,7,2025-07,85,경기도,의정부시,희망어린이공원,43,의정부 2025_07.csv,문화관광,도시공원
의정부,2025,7,2025-07,87,경기도,의정부시,스카이짐유소년스포츠클럽녹양점,40,의정부 2025_07.csv,레저스포츠,기타레저스포츠
의정부,2025,7,2025-07,87,경기도,의정부시,석림사계곡,40,의정부 2025_07.csv,자연관광,자연경관(산)
의정부,2025,7,2025-07,89,경기도,의정부시,꿀잼키즈룸의정부민락점,39,의정부 2025_07.csv,문화관광,테마공원
의정부,2025,7,2025-07,90,경기도,의정부시,나리벡시티테마파크건축중(2027년01월 예정),38,의정부 2025_07.csv,문화관광,테마공원
의정부,2025,7,2025-07,90,경기도,의정부시,의정부시리틀야구장,38,의정부 2025_07.csv,문화관광,레저스포츠시설
의정부,2025,7,2025-07,92,경기도,의정부시,리드민리듬체조민락본점,37,의정부 2025_07.csv,레저스포츠,기타레저스포츠
의정부,2025,7,2025-07,93,경기도,의정부시,의정부축구센터,36,의정부 2025_07.csv,레저스포츠,기타레저스포츠
의정부,2025,7,2025-07,93,경기도,의정부시,사패산통나무집,36,의정부 2025_07.csv,레저스포츠,육상레저스포츠
의정부,2025,7,2025-07,95,경기도,의정부시,스트라이크존의정부민락구장,34,의정부 2025_07.csv,레저스포츠,기타레저스포츠
의정부,2025,7,2025-07,96,경기도,의정부시,윤한미탁구클럽,33,의정부 2025_07.csv,레저스포츠,기타레저스포츠
의정부,2025,7,2025-07,97,경기도,의정부시,정혜사의정부포교원,32,의정부 2025_07.csv,역사관광,종교성지
의정부,2025,7,2025-07,98,경기도,의정부시,쿠키즈룸,31,의정부 2025_07.csv,문화관광,테마공원
의정부,2025,7,2025-07,98,경기도,의정부시,쌍용사,31,의정부 2025_07.csv,역사관광,종교성지
의정부,2025,7,2025-07,100,경기도,의정부시,의정부시장,29,의정부 2025_07.csv,쇼핑,시장
의정부,2025,7,2025-07,101,경기도,의정부시,대원사,28,의정부 2025_07.csv,역사관광,종교성지
의정부,2025,7,2025-07,102,경기도,의정부시,샌드케이,26,의정부 2025_07.csv,문화관광,테마공원
의정부,2025,7,2025-07,103,경기도,의정부시,문화어린이공원,25,의정부 2025_07.csv,문화관광,도시공원
의정부,2025,7,2025-07,103,경기도,의정부시,정화사,25,의정부 2025_07.csv,역사관광,종교성지
의정부,2025,7,2025-07,105,경기도,의정부시,신곡탁구클럽,22,의정부 2025_07.csv,레저스포츠,기타레저스포츠
의정부,2025,7,2025-07,106,경기도,의정부시,신숙주선생묘,20,의정부 2025_07.csv,역사관광,역사유적지
의정부,2025,7,2025-07,106,경기도,의정부시,중앙어린이공원,20,의정부 2025_07.csv,문화관광,도시공원
의정부,2025,7,2025-07,108,경기도,의정부시,약수배드민턴클럽,19,의정부 2025_07.csv,레저스포츠,기타레저스포츠
의정부,2025,7,2025-07,108,경기도,의정부시,와우민턴샵,19,의정부 2025_07.csv,레저스포츠,기타레저스포츠
의정부,2025,7,2025-07,110,경기도,의정부시,캠프라과디아체육공원,18,의정부 2025_07.csv,문화관광,도시공원
의정부,2025,7,2025-07,110,경기도,의정부시,키즈누리본점,18,의정부 2025_07.csv,문화관광,테마공원
의정부,2025,7,2025-07,112,경기도,의정부시,북한산국립공원회룡탐방지원센터,17,의정부 2025_07.csv,기타관광,기타관광
의정부,2025,7,2025-07,112,경기도,의정부시,롤프렌롤러장,17,의정부 2025_07.csv,레저스포츠,육상레저스포츠
의정부,2025,7,2025-07,114,경기도,의정부시,벌말어린이공원,16,의정부 2025_07.csv,문화관광,도시공원
의정부,2025,7,2025-07,115,경기도,의정부시,드래곤트릭킹짐,15,의정부 2025_07.csv,레저스포츠,기타레저스포츠
의정부,2025,7,2025-07,115,경기도,의정부시,원각사,15,의정부 2025_07.csv,역사관광,종교성지
의정부,2025,7,2025-07,115,경기도,의정부시,토끼어린이공원,15,의정부 2025_07.csv,문화관광,도시공원
의정부,2025,7,2025-07,115,경기도,의정부시,미륵암,15,의정부 2025_07.csv,역사관광,종교성지
의정부,2025,7,2025-07,119,경기도,의정부시,700어린이라운지,14,의정부 2025_07.csv,문화관광,테마공원
의정부,2025,7,2025-07,119,경기도,의정부시,수락사,14,의정부 2025_07.csv,역사관광,종교성지
의정부,2025,7,2025-07,121,경기도,의정부시,경기도북부육아종합지원센터아이사랑놀이터,13,의정부 2025_07.csv,문화관광,테마공원
의정부,2025,7,2025-07,121,경기도,의정부시,노강서원,13,의정부 2025_07.csv,역사관광,역사유적지
의정부,2025,7,2025-07,121,경기도,의정부시,원도봉산계곡,13,의정부 2025_07.csv,자연관광,자연경관(산)
의정부,2025,7,2025-07,121,경기도,의정부시,역전근린공원,13,의정부 2025_07.csv,문화관광,도시공원
의정부,2025,7,2025-07,125,경기도,의정부시,봉화정사,12,의정부 2025_07.csv,역사관광,종교성지
의정부,2025,7,2025-07,125,경기도,의정부시,꽃동네어린이공원,12,의정부 2025_07.csv,문화관광,도시공원
의정부,2025,7,2025-07,127,경기도,의정부시,드림탁구클럽,11,의정부 2025_07.csv,레저스포츠,기타레저스포츠
의정부,2025,7,2025-07,127,경기도,의정부시,슈가복싱프리미엄회룡점,11,의정부 2025_07.csv,레저스포츠,기타레저스포츠
의정부,2025,7,2025-07,127,경기도,의정부시,장암발곡근린공원,11,의정부 2025_07.csv,문화관광,도시공원
의정부,2025,7,2025-07,127,경기도,의정부시,무지랭이약수터,11,의정부 2025_07.csv,자연관광,자연경관(산)
의정부,2025,7,2025-07,127,경기도,의정부시,귀락문화공원,11,의정부 2025_07.csv,문화관광,도시공원
의정부,2025,7,2025-07,132,경기도,의정부시,의정부시 산곡동 검은돌마을,10,의정부 2025_07.csv,역사관광,역사유적지
의정부,2025,7,2025-07,132,경기도,의정부시,리틀베이비,10,의정부 2025_07.csv,문화관광,테마공원
의정부,2025,7,2025-07,132,경기도,의정부시,이성숙탁구클럽,10,의정부 2025_07.csv,레저스포츠,기타레저스포츠
의정부,2025,7,2025-07,132,경기도,의정부시,아이노리키즈카페,10,의정부 2025_07.csv,문화관광,테마공원
의정부,2025,7,2025-07,132,경기도,의정부시,동심어린이공원,10,의정부 2025_07.csv,문화관광,도시공원
의정부,2025,7,2025-07,137,경기도,의정부시,의정부시 가능동 입석마을,9,의정부 2025_07.csv,역사관광,역사유적지
의정부,2025,7,2025-07,137,경기도,의정부시,스카이공연홀,9,의정부 2025_07.csv,문화관광,공연시설
의정부,2025,7,2025-07,137,경기도,의정부시,의정부문화역 이음,9,의정부 2025_07.csv,문화관광,기타문화관광지
의정부,2025,7,2025-07,137,경기도,의정부시,장미어린이공원,9,의정부 2025_07.csv,문화관광,도시공원
의정부,2025,7,2025-07,137,경기도,의정부시,선행어린이공원,9,의정부 2025_07.csv,문화관광,도시공원
의정부,2025,7,2025-07,137,경기도,의정부시,상록근린공원,9,의정부 2025_07.csv,문화관광,도시공원
의정부,2025,7,2025-07,137,경기도,의정부시,이태영탁구교실,9,의정부 2025_07.csv,레저스포츠,기타레저스포츠
의정부,2025,7,2025-07,137,경기도,의정부시,용현정,9,의정부 2025_07.csv,레저스포츠,육상레저스포츠
의정부,2025,7,2025-07,137,경기도,의정부시,김미미도예공방,9,의정부 2025_07.csv,체험관광,공예체험
의정부,2025,7,2025-07,137,경기도,의정부시,레벨업탁구클럽,9,의정부 2025_07.csv,레저스포츠,기타레저스포츠
의정부,2025,7,2025-07,147,경기도,의정부시,홍익문화공원,8,의정부 2025_07.csv,문화관광,도시공원
의정부,2025,7,2025-07,148,경기도,의정부시,미가사,7,의정부 2025_07.csv,역사관광,종교성지
의정부,2025,7,2025-07,148,경기도,의정부시,한국산악연수원CAC등산학교,7,의정부 2025_07.csv,레저스포츠,기타레저스포츠
의정부,2025,7,2025-07,148,경기도,의정부시,잔돌문화공원,7,의정부 2025_07.csv,문화관광,도시공원
의정부,2025,7,2025-07,148,경기도,의정부시,새말어린이공원,7,의정부 2025_07.csv,문화관광,도시공원
의정부,2025,7,2025-07,148,경기도,의정부시,추동공원,7,의정부 2025_07.csv,문화관광,도시공원
의정부,2025,7,2025-07,148,경기도,의정부시,정수선원,7,의정부 2025_07.csv,역사관광,종교성지
의정부,2025,7,2025-07,154,경기도,의정부시,중앙문화공원,6,의정부 2025_07.csv,문화관광,도시공원
의정부,2025,7,2025-07,154,경기도,의정부시,북한산국립공원원도봉탐방지원센터,6,의정부 2025_07.csv,기타관광,기타관광
의정부,2025,7,2025-07,154,경기도,의정부시,의정부망월풋살구장,6,의정부 2025_07.csv,레저스포츠,기타레저스포츠
의정부,2025,7,2025-07,154,경기도,의정부시,우리끼리 키즈카페 스포츠마을의정부민락점,6,의정부 2025_07.csv,문화관광,테마공원
의정부,2025,7,2025-07,154,경기도,의정부시,민락리틀야구장,6,의정부 2025_07.csv,문화관광,레저스포츠시설
의정부,2025,7,2025-07,154,경기도,의정부시,뉴키즈온고산점,6,의정부 2025_07.csv,문화관광,테마공원
의정부,2025,7,2025-07,154,경기도,의정부시,씨에이치인터내셔널서울,6,의정부 2025_07.csv,레저스포츠,육상레저스포츠
의정부,2025,7,2025-07,154,경기도,의정부시,의정부예술의전당소극장,6,의정부 2025_07.csv,문화관광,공연시설
의정부,2025,7,2025-07,154,경기도,의정부시,리얼야구존의정부점,6,의정부 2025_07.csv,레저스포츠,기타레저스포츠
의정부,2025,7,2025-07,154,경기도,의정부시,킹클라이밍,6,의정부 2025_07.csv,레저스포츠,기타레저스포츠
의정부,2025,7,2025-07,154,경기도,의정부시,바른평생교육원,6,의정부 2025_07.csv,체험관광,체험관광기타
의정부,2025,7,2025-07,154,경기도,의정부시,연주암,6,의정부 2025_07.csv,역사관광,종교성지
의정부,2025,7,2025-07,166,경기도,의정부시,갤러리평화,4,의정부 2025_07.csv,문화관광,전시시설
의정부,2025,7,2025-07,166,경기도,의정부시,샤모니클라이밍,4,의정부 2025_07.csv,레저스포츠,기타레저스포츠
의정부,2025,7,2025-07,166,경기도,의정부시,직동수련원,4,의정부 2025_07.csv,레저스포츠,육상레저스포츠
의정부,2025,7,2025-07,166,경기도,의정부시,그린달스튜디오,4,의정부 2025_07.csv,체험관광,공예체험
의정부,2025,7,2025-07,166,경기도,의정부시,의정부역,4,의정부 2025_07.csv,기타관광,교통시설
의정부,2025,7,2025-07,166,경기도,의정부시,의정부시 자일동 귀락마을,4,의정부 2025_07.csv,역사관광,역사유적지
의정부,2025,7,2025-07,166,경기도,의정부시,백합어린이공원,4,의정부 2025_07.csv,문화관광,도시공원
의정부,2025,7,2025-07,166,경기도,의정부시,우정어린이공원,4,의정부 2025_07.csv,문화관광,도시공원
의정부,2025,7,2025-07,166,경기도,의정부시,무지개어린이공원,4,의정부 2025_07.csv,문화관광,도시공원
의정부,2025,7,2025-07,166,경기도,의정부시,백석천근린공원,4,의정부 2025_07.csv,문화관광,도시공원
의정부,2025,7,2025-07,166,경기도,의정부시,영산법화사,4,의정부 2025_07.csv,역사관광,종교성지
의정부,2025,7,2025-07,166,경기도,의정부시,정하영탁구클럽,4,의정부 2025_07.csv,레저스포츠,기타레저스포츠
의정부,2025,7,2025-07,166,경기도,의정부시,잎새어린이공원,4,의정부 2025_07.csv,문화관광,도시공원
의정부,2025,7,2025-07,166,경기도,의정부시,복싱히어로의정부금오점,4,의정부 2025_07.csv,레저스포츠,기타레저스포츠
의정부,2025,7,2025-07,166,경기도,의정부시,의정부아트캠프,4,의정부 2025_07.csv,문화관광,기타문화관광지
의정부,2025,7,2025-07,181,경기도,의정부시,점핑위즈줄넘기클럽,3,의정부 2025_07.csv,레저스포츠,기타레저스포츠
의정부,2025,7,2025-07,181,경기도,의정부시,메이드라인,3,의정부 2025_07.csv,레저스포츠,기타레저스포츠
의정부,2025,7,2025-07,181,경기도,의정부시,고산MMA주짓수종합격투기,3,의정부 2025_07.csv,레저스포츠,기타레저스포츠
의정부,2025,7,2025-07,181,경기도,의정부시,슈가복싱프리미엄의정부점,3,의정부 2025_07.csv,레저스포츠,기타레저스포츠
의정부,2025,7,2025-07,181,경기도,의정부시,세빛문화공원,3,의정부 2025_07.csv,문화관광,도시공원
의정부,2025,7,2025-07,181,경기도,의정부시,신곡새빛정원,3,의정부 2025_07.csv,문화관광,도시공원
의정부,2025,7,2025-07,181,경기도,의정부시,민락탁구클럽,3,의정부 2025_07.csv,레저스포츠,기타레저스포츠
의정부,2025,7,2025-07,181,경기도,의정부시,채움누리학교,3,의정부 2025_07.csv,체험관광,체험관광기타
의정부,2025,7,2025-07,181,경기도,의정부시,장암숲늘품길경계숲길,3,의정부 2025_07.csv,레저스포츠,기타레저스포츠
의정부,2025,7,2025-07,181,경기도,의정부시,피크닉키즈룸,3,의정부 2025_07.csv,문화관광,테마공원
의정부,2025,7,2025-07,181,경기도,의정부시,관음사,3,의정부 2025_07.csv,역사관광,종교성지
의정부,2025,7,2025-07,181,경기도,의정부시,자은선원,3,의정부 2025_07.csv,역사관광,종교성지
의정부,2025,7,2025-07,181,경기도,의정부시,미륵사,3,의정부 2025_07.csv,역사관광,종교성지
의정부,2025,7,2025-07,181,경기도,의정부시,정문부장군묘,3,의정부 2025_07.csv,역사관광,역사유적지
의정부,2025,7,2025-07,181,경기도,의정부시,덕천사,3,의정부 2025_07.csv,역사관광,종교성지
의정부,2025,7,2025-07,181,경기도,의정부시,신곡어린이공원,3,의정부 2025_07.csv,문화관광,도시공원
의정부,2025,7,2025-07,181,경기도,의정부시,문예어린이공원,3,의정부 2025_07.csv,문화관광,도시공원
의정부,2025,7,2025-07,181,경기도,의정부시,범골어린이공원,3,의정부 2025_07.csv,문화관광,도시공원
의정부,2025,7,2025-07,181,경기도,의정부시,꿈나무어린이공원,3,의정부 2025_07.csv,문화관광,도시공원
의정부,2025,7,2025-07,181,경기도,의정부시,소망어린이공원,3,의정부 2025_07.csv,문화관광,도시공원
의정부,2025,7,2025-07,181,경기도,의정부시,하금오어린이공원,3,의정부 2025_07.csv,문화관광,도시공원
의정부,2025,7,2025-07,181,경기도,의정부시,공룡어린이공원,3,의정부 2025_07.csv,문화관광,도시공원
의정부,2025,7,2025-07,181,경기도,의정부시,중랑천어린이공원,3,의정부 2025_07.csv,문화관광,도시공원
의정부,2025,7,2025-07,181,경기도,의정부시,로데오거리상점가,3,의정부 2025_07.csv,쇼핑,시장
의정부,2025,7,2025-07,181,경기도,의정부시,영락사,3,의정부 2025_07.csv,역사관광,종교성지
의정부,2025,7,2025-07,181,경기도,의정부시,원효사,3,의정부 2025_07.csv,역사관광,종교성지
의정부,2025,7,2025-07,181,경기도,의정부시,부용산,3,의정부 2025_07.csv,자연관광,자연경관(산)
의정부,2025,7,2025-07,181,경기도,의정부시,자비정사,3,의정부 2025_07.csv,역사관광,종교성지
의정부,2025,7,2025-07,181,경기도,의정부시,대각사,3,의정부 2025_07.csv,역사관광,종교성지
의정부,2025,7,2025-07,181,경기도,의정부시,현대탁구클럽,3,의정부 2025_07.csv,레저스포츠,기타레저스포츠
의정부,2025,7,2025-07,181,경기도,의정부시,홍연경민현대미술관,3,의정부 2025_07.csv,문화관광,전시시설
의정부,2025,7,2025-07,181,경기도,의정부시,뛰노리방방,3,의정부 2025_07.csv,문화관광,테마공원
의정부,2025,7,2025-07,181,경기도,의정부시,석굴암,3,의정부 2025_07.csv,역사관광,종교성지
의정부,2025,7,2025-07,181,경기도,의정부시,여래사,3,의정부 2025_07.csv,역사관광,종교성지
의정부,2025,7,2025-07,181,경기도,의정부시,스트라이크존의정부구장,3,의정부 2025_07.csv,레저스포츠,기타레저스포츠
의정부,2025,7,2025-07,181,경기도,의정부시,김병지축구클럽의정부롯데마트점,3,의정부 2025_07.csv,레저스포츠,기타레저스포츠
의정부,2025,8,2025-08,1,경기도,의정부시,신세계백화점의정부점,23418,의정부 2025_08.csv,쇼핑,백화점
의정부,2025,8,2025-08,2,경기도,의정부시,아일랜드캐슬워터파크,10221,의정부 2025_08.csv,문화관광,테마공원
의정부,2025,8,2025-08,3,경기도,의정부시,의정부제일시장,9686,의정부 2025_08.csv,쇼핑,시장
의정부,2025,8,2025-08,4,경기도,의정부시,의정부버스터미널,3643,의정부 2025_08.csv,기타관광,교통시설
의정부,2025,8,2025-08,5,경기도,의정부시,메가박스의정부민락,2934,의정부 2025_08.csv,문화관광,공연시설
의정부,2025,8,2025-08,6,경기도,의정부시,의정부예술의전당,2780,의정부 2025_08.csv,문화관광,공연시설
의정부,2025,8,2025-08,7,경기도,의정부시,롯데시네마의정부민락,2497,의정부 2025_08.csv,문화관광,공연시설
의정부,2025,8,2025-08,8,경기도,의정부시,의정부실내빙상장,2148,의정부 2025_08.csv,레저스포츠,육상레저스포츠
의정부,2025,8,2025-08,9,경기도,의정부시,CGV의정부,1510,의정부 2025_08.csv,문화관광,공연시설
의정부,2025,8,2025-08,10,경기도,의정부시,CGV의정부태흥,1327,의정부 2025_08.csv,문화관광,공연시설
의정부,2025,8,2025-08,11,경기도,의정부시,태영프라자,914,의정부 2025_08.csv,쇼핑,쇼핑몰
의정부,2025,8,2025-08,12,경기도,의정부시,낙양물사랑공원,885,의정부 2025_08.csv,문화관광,도시공원
의정부,2025,8,2025-08,12,경기도,의정부시,신곡실내배드민턴장,885,의정부 2025_08.csv,레저스포츠,기타레저스포츠
의정부,2025,8,2025-08,14,경기도,의정부시,의정부시청소년수련관,742,의정부 2025_08.csv,레저스포츠,육상레저스포츠
의정부,2025,8,2025-08,15,경기도,의정부시,점핑몬스터의정부점,733,의정부 2025_08.csv,문화관광,테마공원
의정부,2025,8,2025-08,16,경기도,의정부시,송산배수지체육시설,696,의정부 2025_08.csv,문화관광,도시공원
의정부,2025,8,2025-08,17,경기도,의정부시,직동근린공원,636,의정부 2025_08.csv,문화관광,도시공원
의정부,2025,8,2025-08,18,경기도,의정부시,와글아이의정부점,618,의정부 2025_08.csv,문화관광,테마공원
의정부,2025,8,2025-08,19,경기도,의정부시,투앤디수영장,575,의정부 2025_08.csv,문화관광,테마공원
의정부,2025,8,2025-08,20,경기도,의정부시,의정부공유학교올래캠퍼스,470,의정부 2025_08.csv,체험관광,체험관광기타
의정부,2025,8,2025-08,21,경기도,의정부시,렛츠런CCC의정부지점,435,의정부 2025_08.csv,레저스포츠,육상레저스포츠
의정부,2025,8,2025-08,22,경기도,의정부시,히어로키즈파크의정부지점,424,의정부 2025_08.csv,문화관광,테마공원
의정부,2025,8,2025-08,23,경기도,의정부시,석림사,415,의정부 2025_08.csv,역사관광,종교성지
의정부,2025,8,2025-08,24,경기도,의정부시,고고다이노키즈카페민락점,413,의정부 2025_08.csv,문화관광,테마공원
의정부,2025,8,2025-08,25,경기도,의정부시,경기도교육청미래과학교육원북부교육관,357,의정부 2025_08.csv,체험관광,체험관광기타
의정부,2025,8,2025-08,26,경기도,의정부시,송산사지근린공원,278,의정부 2025_08.csv,문화관광,도시공원
의정부,2025,8,2025-08,27,경기도,의정부시,서울승마클럽,265,의정부 2025_08.csv,레저스포츠,육상레저스포츠
의정부,2025,8,2025-08,28,경기도,의정부시,녹양야구장,242,의정부 2025_08.csv,문화관광,레저스포츠시설
의정부,2025,8,2025-08,29,경기도,의정부시,의정부신시가지,227,의정부 2025_08.csv,기타관광,기타관광
의정부,2025,8,2025-08,30,경기도,의정부시,큐리키즈카페의정부점,221,의정부 2025_08.csv,문화관광,테마공원
의정부,2025,8,2025-08,30,경기도,의정부시,활기체육공원,221,의정부 2025_08.csv,문화관광,도시공원
의정부,2025,8,2025-08,32,경기도,의정부시,락앤플레이민락점,219,의정부 2025_08.csv,문화관광,테마공원
의정부,2025,8,2025-08,33,경기도,의정부시,회룡사,209,의정부 2025_08.csv,역사관광,종교성지
의정부,2025,8,2025-08,34,경기도,의정부시,아이스토리키즈카페,207,의정부 2025_08.csv,문화관광,테마공원
의정부,2025,8,2025-08,34,경기도,의정부시,의정부가구거리,207,의정부 2025_08.csv,쇼핑,기타쇼핑시설
의정부,2025,8,2025-08,36,경기도,의정부시,추동배드민턴장,205,의정부 2025_08.csv,레저스포츠,기타레저스포츠
의정부,2025,8,2025-08,37,경기도,의정부시,추동웰빙공원물놀이장,203,의정부 2025_08.csv,문화관광,테마공원
의정부,2025,8,2025-08,38,경기도,의정부시,망월사,193,의정부 2025_08.csv,역사관광,종교성지
의정부,2025,8,2025-08,38,경기도,의정부시,천보탁구장,193,의정부 2025_08.csv,레저스포츠,기타레저스포츠
의정부,2025,8,2025-08,40,경기도,의정부시,안골계곡,184,의정부 2025_08.csv,자연관광,자연경관(산)
의정부,2025,8,2025-08,41,경기도,의정부시,헬로방방민락점,167,의정부 2025_08.csv,문화관광,테마공원
의정부,2025,8,2025-08,42,경기도,의정부시,고고롤러스케이트장,164,의정부 2025_08.csv,레저스포츠,육상레저스포츠
의정부,2025,8,2025-08,43,경기도,의정부시,곤제구장,156,의정부 2025_08.csv,문화관광,레저스포츠시설
의정부,2025,8,2025-08,44,경기도,의정부시,의정부예술의전당대극장,149,의정부 2025_08.csv,문화관광,공연시설
의정부,2025,8,2025-08,45,경기도,의정부시,경기북부보육교사교육원,143,의정부 2025_08.csv,체험관광,체험관광기타
의정부,2025,8,2025-08,46,경기도,의정부시,자일낚시터,136,의정부 2025_08.csv,레저스포츠,수상레저스포츠
의정부,2025,8,2025-08,47,경기도,의정부시,안골유원지,133,의정부 2025_08.csv,문화관광,복합관광시설
의정부,2025,8,2025-08,48,경기도,의정부시,타요키즈카페의정부민락점,115,의정부 2025_08.csv,문화관광,테마공원
의정부,2025,8,2025-08,49,경기도,의정부시,의정부천문대,114,의정부 2025_08.csv,레저스포츠,기타레저스포츠
의정부,2025,8,2025-08,50,경기도,의정부시,경륜경정의정부지사,113,의정부 2025_08.csv,레저스포츠,육상레저스포츠
의정부,2025,8,2025-08,51,경기도,의정부시,허니비풋살파크,108,의정부 2025_08.csv,문화관광,레저스포츠시설
의정부,2025,8,2025-08,52,경기도,의정부시,아로하포레스트,106,의정부 2025_08.csv,문화관광,테마공원
의정부,2025,8,2025-08,53,경기도,의정부시,장수원배드민턴클럽,104,의정부 2025_08.csv,레저스포츠,기타레저스포츠
의정부,2025,8,2025-08,54,경기도,의정부시,의정부기억저장소,100,의정부 2025_08.csv,문화관광,전시시설
의정부,2025,8,2025-08,55,경기도,의정부시,장암파크골프장,97,의정부 2025_08.csv,레저스포츠,육상레저스포츠
의정부,2025,8,2025-08,56,경기도,의정부시,호암사,96,의정부 2025_08.csv,역사관광,종교성지
의정부,2025,8,2025-08,57,경기도,의정부시,자일산림욕장,95,의정부 2025_08.csv,자연관광,자연공원
의정부,2025,8,2025-08,58,경기도,의정부시,송산레포츠,94,의정부 2025_08.csv,문화관광,테마공원
의정부,2025,8,2025-08,58,경기도,의정부시,스마일랜드,94,의정부 2025_08.csv,문화관광,테마공원
의정부,2025,8,2025-08,58,경기도,의정부시,천문폭포,94,의정부 2025_08.csv,자연관광,자연경관(산)
의정부,2025,8,2025-08,61,경기도,의정부시,백영수미술관,93,의정부 2025_08.csv,문화관광,전시시설
의정부,2025,8,2025-08,62,경기도,의정부시,거문돌계곡,90,의정부 2025_08.csv,자연관광,자연경관(산)
의정부,2025,8,2025-08,62,경기도,의정부시,의정부청과야채시장,90,의정부 2025_08.csv,쇼핑,시장
의정부,2025,8,2025-08,64,경기도,의정부시,직동축구장,89,의정부 2025_08.csv,문화관광,레저스포츠시설
의정부,2025,8,2025-08,65,경기도,의정부시,현충탑,86,의정부 2025_08.csv,역사관광,역사유물
의정부,2025,8,2025-08,66,경기도,의정부시,김민성탁구클럽,82,의정부 2025_08.csv,레저스포츠,기타레저스포츠
의정부,2025,8,2025-08,66,경기도,의정부시,마린앤키즈,82,의정부 2025_08.csv,문화관광,테마공원
의정부,2025,8,2025-08,68,경기도,의정부시,곤제근린공원,79,의정부 2025_08.csv,문화관광,도시공원
의정부,2025,8,2025-08,69,경기도,의정부시,알쏭달쏭키즈드로잉,75,의정부 2025_08.csv,문화관광,테마공원
의정부,2025,8,2025-08,70,경기도,의정부시,희망어린이공원,74,의정부 2025_08.csv,문화관광,도시공원
의정부,2025,8,2025-08,71,경기도,의정부시,중앙문화공원,67,의정부 2025_08.csv,문화관광,도시공원
의정부,2025,8,2025-08,72,경기도,의정부시,성불사,62,의정부 2025_08.csv,역사관광,종교성지
의정부,2025,8,2025-08,73,경기도,의정부시,석림사계곡,58,의정부 2025_08.csv,자연관광,자연경관(산)
의정부,2025,8,2025-08,73,경기도,의정부시,태조이성계상,58,의정부 2025_08.csv,기타관광,기타관광
의정부,2025,8,2025-08,75,경기도,의정부시,벌말어린이공원,56,의정부 2025_08.csv,문화관광,도시공원
의정부,2025,8,2025-08,76,경기도,의정부시,우리소극장,53,의정부 2025_08.csv,문화관광,공연시설
의정부,2025,8,2025-08,77,경기도,의정부시,모래야놀자,52,의정부 2025_08.csv,문화관광,테마공원
의정부,2025,8,2025-08,77,경기도,의정부시,신숙주선생묘,52,의정부 2025_08.csv,역사관광,역사유적지
의정부,2025,8,2025-08,77,경기도,의정부시,의정부시리틀야구장,52,의정부 2025_08.csv,문화관광,레저스포츠시설
의정부,2025,8,2025-08,80,경기도,의정부시,무지랭이계곡,51,의정부 2025_08.csv,자연관광,자연경관(산)
의정부,2025,8,2025-08,81,경기도,의정부시,정혜사의정부포교원,49,의정부 2025_08.csv,역사관광,종교성지
의정부,2025,8,2025-08,82,경기도,의정부시,에스티종합안전,48,의정부 2025_08.csv,체험관광,체험관광기타
의정부,2025,8,2025-08,83,경기도,의정부시,들꽃마을,46,의정부 2025_08.csv,문화관광,테마공원
의정부,2025,8,2025-08,84,경기도,의정부시,의정부축구센터,42,의정부 2025_08.csv,레저스포츠,기타레저스포츠
의정부,2025,8,2025-08,85,경기도,의정부시,대원사,41,의정부 2025_08.csv,역사관광,종교성지
의정부,2025,8,2025-08,86,경기도,의정부시,사패산통나무집,40,의정부 2025_08.csv,레저스포츠,육상레저스포츠
의정부,2025,8,2025-08,87,경기도,의정부시,북한산국립공원회룡탐방지원센터,37,의정부 2025_08.csv,기타관광,기타관광
의정부,2025,8,2025-08,88,경기도,의정부시,스카이짐유소년스포츠클럽녹양점,36,의정부 2025_08.csv,레저스포츠,기타레저스포츠
의정부,2025,8,2025-08,88,경기도,의정부시,롤프렌롤러장,36,의정부 2025_08.csv,레저스포츠,육상레저스포츠
의정부,2025,8,2025-08,88,경기도,의정부시,리드민리듬체조민락본점,36,의정부 2025_08.csv,레저스포츠,기타레저스포츠
의정부,2025,8,2025-08,91,경기도,의정부시,쌍암사,34,의정부 2025_08.csv,역사관광,종교성지
의정부,2025,8,2025-08,92,경기도,의정부시,버들개야구장,31,의정부 2025_08.csv,문화관광,레저스포츠시설
의정부,2025,8,2025-08,92,경기도,의정부시,어수정어린이공원,31,의정부 2025_08.csv,문화관광,도시공원
의정부,2025,8,2025-08,92,경기도,의정부시,정화사,31,의정부 2025_08.csv,역사관광,종교성지
의정부,2025,8,2025-08,95,경기도,의정부시,윤한미탁구클럽,30,의정부 2025_08.csv,레저스포츠,기타레저스포츠
의정부,2025,8,2025-08,95,경기도,의정부시,정수선원,30,의정부 2025_08.csv,역사관광,종교성지
의정부,2025,8,2025-08,97,경기도,의정부시,꿀잼키즈룸의정부민락점,29,의정부 2025_08.csv,문화관광,테마공원
의정부,2025,8,2025-08,97,경기도,의정부시,아이노리키즈카페,29,의정부 2025_08.csv,문화관광,테마공원
의정부,2025,8,2025-08,97,경기도,의정부시,의정부예술의전당소극장,29,의정부 2025_08.csv,문화관광,공연시설
의정부,2025,8,2025-08,100,경기도,의정부시,빛뜰문화공원,28,의정부 2025_08.csv,문화관광,도시공원
의정부,2025,8,2025-08,101,경기도,의정부시,봉화정사,27,의정부 2025_08.csv,역사관광,종교성지
의정부,2025,8,2025-08,101,경기도,의정부시,왕바우근린공원,27,의정부 2025_08.csv,문화관광,도시공원
의정부,2025,8,2025-08,101,경기도,의정부시,샌드케이,27,의정부 2025_08.csv,문화관광,테마공원
의정부,2025,8,2025-08,104,경기도,의정부시,노강서원,26,의정부 2025_08.csv,역사관광,역사유적지
의정부,2025,8,2025-08,104,경기도,의정부시,동심어린이공원,26,의정부 2025_08.csv,문화관광,도시공원
의정부,2025,8,2025-08,106,경기도,의정부시,약수배드민턴클럽,25,의정부 2025_08.csv,레저스포츠,기타레저스포츠
의정부,2025,8,2025-08,107,경기도,의정부시,나리벡시티테마파크건축중(2027년01월 예정),24,의정부 2025_08.csv,문화관광,테마공원
의정부,2025,8,2025-08,107,경기도,의정부시,추동웰빙공원,24,의정부 2025_08.csv,문화관광,도시공원
의정부,2025,8,2025-08,109,경기도,의정부시,바둑전용경기장건축중(2026년08월 완공예정),23,의정부 2025_08.csv,레저스포츠,기타레저스포츠
의정부,2025,8,2025-08,109,경기도,의정부시,쌍용사,23,의정부 2025_08.csv,역사관광,종교성지
의정부,2025,8,2025-08,109,경기도,의정부시,미륵암,23,의정부 2025_08.csv,역사관광,종교성지
의정부,2025,8,2025-08,112,경기도,의정부시,우리끼리 키즈카페 스포츠마을의정부민락점,21,의정부 2025_08.csv,문화관광,테마공원
의정부,2025,8,2025-08,112,경기도,의정부시,의정부시평생학습원,21,의정부 2025_08.csv,체험관광,체험관광기타
의정부,2025,8,2025-08,114,경기도,의정부시,의정부시 산곡동 검은돌마을,20,의정부 2025_08.csv,역사관광,역사유적지
의정부,2025,8,2025-08,114,경기도,의정부시,의정부망월풋살구장,20,의정부 2025_08.csv,레저스포츠,기타레저스포츠
의정부,2025,8,2025-08,116,경기도,의정부시,신곡탁구클럽,19,의정부 2025_08.csv,레저스포츠,기타레저스포츠
의정부,2025,8,2025-08,117,경기도,의정부시,이성숙탁구클럽,17,의정부 2025_08.csv,레저스포츠,기타레저스포츠
의정부,2025,8,2025-08,118,경기도,의정부시,꽃동네어린이공원,16,의정부 2025_08.csv,문화관광,도시공원
의정부,2025,8,2025-08,118,경기도,의정부시,푸른마당근린공원,16,의정부 2025_08.csv,문화관광,도시공원
의정부,2025,8,2025-08,118,경기도,의정부시,경기도어린이식품안전체험관의정부센터,16,의정부 2025_08.csv,체험관광,체험관광기타
의정부,2025,8,2025-08,118,경기도,의정부시,스트라이크존의정부민락구장,16,의정부 2025_08.csv,레저스포츠,기타레저스포츠
의정부,2025,8,2025-08,122,경기도,의정부시,의정부문화역 이음,15,의정부 2025_08.csv,문화관광,기타문화관광지
의정부,2025,8,2025-08,122,경기도,의정부시,의정부시장,15,의정부 2025_08.csv,쇼핑,시장
의정부,2025,8,2025-08,124,경기도,의정부시,경기도북부육아종합지원센터아이사랑놀이터,14,의정부 2025_08.csv,문화관광,테마공원
의정부,2025,8,2025-08,124,경기도,의정부시,700어린이라운지,14,의정부 2025_08.csv,문화관광,테마공원
의정부,2025,8,2025-08,126,경기도,의정부시,회룡문화공원,12,의정부 2025_08.csv,문화관광,도시공원
의정부,2025,8,2025-08,127,경기도,의정부시,리틀베이비,11,의정부 2025_08.csv,문화관광,테마공원
의정부,2025,8,2025-08,127,경기도,의정부시,키즈누리본점,11,의정부 2025_08.csv,문화관광,테마공원
의정부,2025,8,2025-08,127,경기도,의정부시,장암숲늘품길경계숲길,11,의정부 2025_08.csv,레저스포츠,기타레저스포츠
의정부,2025,8,2025-08,127,경기도,의정부시,역전근린공원,11,의정부 2025_08.csv,문화관광,도시공원
의정부,2025,8,2025-08,131,경기도,의정부시,이태영탁구교실,10,의정부 2025_08.csv,레저스포츠,기타레저스포츠
의정부,2025,8,2025-08,131,경기도,의정부시,리얼야구존의정부점,10,의정부 2025_08.csv,레저스포츠,기타레저스포츠
의정부,2025,8,2025-08,133,경기도,의정부시,드래곤트릭킹짐,9,의정부 2025_08.csv,레저스포츠,기타레저스포츠
의정부,2025,8,2025-08,133,경기도,의정부시,동그라미탁구교실,9,의정부 2025_08.csv,레저스포츠,기타레저스포츠
의정부,2025,8,2025-08,133,경기도,의정부시,송산1호수변공원,9,의정부 2025_08.csv,문화관광,도시공원
의정부,2025,8,2025-08,133,경기도,의정부시,쿠키즈룸,9,의정부 2025_08.csv,문화관광,테마공원
의정부,2025,8,2025-08,133,경기도,의정부시,신곡새빛정원,9,의정부 2025_08.csv,문화관광,도시공원
의정부,2025,8,2025-08,133,경기도,의정부시,원각사,9,의정부 2025_08.csv,역사관광,종교성지
의정부,2025,8,2025-08,133,경기도,의정부시,평화어린이공원,9,의정부 2025_08.csv,문화관광,도시공원
의정부,2025,8,2025-08,133,경기도,의정부시,킹클라이밍,9,의정부 2025_08.csv,레저스포츠,기타레저스포츠
의정부,2025,8,2025-08,133,경기도,의정부시,와우민턴샵,9,의정부 2025_08.csv,레저스포츠,기타레저스포츠
의정부,2025,8,2025-08,142,경기도,의정부시,신곡어린이공원,8,의정부 2025_08.csv,문화관광,도시공원
의정부,2025,8,2025-08,143,경기도,의정부시,잔돌문화공원,7,의정부 2025_08.csv,문화관광,도시공원
의정부,2025,8,2025-08,143,경기도,의정부시,살판마을극장,7,의정부 2025_08.csv,문화관광,공연시설
의정부,2025,8,2025-08,143,경기도,의정부시,자담공방,7,의정부 2025_08.csv,체험관광,공예체험
의정부,2025,8,2025-08,143,경기도,의정부시,피크닉키즈룸,7,의정부 2025_08.csv,문화관광,테마공원
의정부,2025,8,2025-08,143,경기도,의정부시,토끼어린이공원,7,의정부 2025_08.csv,문화관광,도시공원
의정부,2025,8,2025-08,143,경기도,의정부시,선행어린이공원,7,의정부 2025_08.csv,문화관광,도시공원
의정부,2025,8,2025-08,143,경기도,의정부시,사패산안골통제소방면,7,의정부 2025_08.csv,자연관광,자연경관(산)
의정부,2025,8,2025-08,143,경기도,의정부시,정하영탁구클럽,7,의정부 2025_08.csv,레저스포츠,기타레저스포츠
의정부,2025,8,2025-08,143,경기도,의정부시,김미미도예공방,7,의정부 2025_08.csv,체험관광,공예체험
의정부,2025,8,2025-08,152,경기도,의정부시,미가사,6,의정부 2025_08.csv,역사관광,종교성지
의정부,2025,8,2025-08,152,경기도,의정부시,갤러리평화,6,의정부 2025_08.csv,문화관광,전시시설
의정부,2025,8,2025-08,152,경기도,의정부시,의정부삼일운동기념비,6,의정부 2025_08.csv,역사관광,역사유물
의정부,2025,8,2025-08,152,경기도,의정부시,의정부시 가능동 입석마을,6,의정부 2025_08.csv,역사관광,역사유적지
의정부,2025,8,2025-08,152,경기도,의정부시,민락리틀야구장,6,의정부 2025_08.csv,문화관광,레저스포츠시설
의정부,2025,8,2025-08,152,경기도,의정부시,로데오거리상점가,6,의정부 2025_08.csv,쇼핑,시장
의정부,2025,8,2025-08,152,경기도,의정부시,심원사,6,의정부 2025_08.csv,역사관광,종교성지
의정부,2025,8,2025-08,152,경기도,의정부시,레벨업탁구클럽,6,의정부 2025_08.csv,레저스포츠,기타레저스포츠
의정부,2025,8,2025-08,160,경기도,의정부시,샤모니클라이밍,5,의정부 2025_08.csv,레저스포츠,기타레저스포츠
의정부,2025,8,2025-08,160,경기도,의정부시,한국산악연수원CAC등산학교,5,의정부 2025_08.csv,레저스포츠,기타레저스포츠
의정부,2025,8,2025-08,160,경기도,의정부시,관음사,5,의정부 2025_08.csv,역사관광,종교성지
의정부,2025,8,2025-08,163,경기도,의정부시,북한산국립공원원도봉탐방지원센터,4,의정부 2025_08.csv,기타관광,기타관광
의정부,2025,8,2025-08,163,경기도,의정부시,사패산,4,의정부 2025_08.csv,자연관광,자연경관(산)
의정부,2025,8,2025-08,163,경기도,의정부시,용현사,4,의정부 2025_08.csv,역사관광,종교성지
의정부,2025,8,2025-08,163,경기도,의정부시,자비정사,4,의정부 2025_08.csv,역사관광,종교성지
의정부,2025,8,2025-08,163,경기도,의정부시,닥터레드뮤직,4,의정부 2025_08.csv,문화관광,공연시설
의정부,2025,8,2025-08,163,경기도,의정부시,노리랜드,4,의정부 2025_08.csv,문화관광,테마공원
의정부,2025,8,2025-08,163,경기도,의정부시,귀락문화공원,4,의정부 2025_08.csv,문화관광,도시공원
의정부,2025,8,2025-08,163,경기도,의정부시,의정부아트캠프,4,의정부 2025_08.csv,문화관광,기타문화관광지
의정부,2025,8,2025-08,171,경기도,의정부시,청년창작공간작당,3,의정부 2025_08.csv,문화관광,기타문화관광지
의정부,2025,8,2025-08,171,경기도,의정부시,스카이공연홀,3,의정부 2025_08.csv,문화관광,공연시설
의정부,2025,8,2025-08,171,경기도,의정부시,회룡탁구,3,의정부 2025_08.csv,레저스포츠,기타레저스포츠
의정부,2025,8,2025-08,171,경기도,의정부시,그린달스튜디오,3,의정부 2025_08.csv,체험관광,공예체험
의정부,2025,8,2025-08,171,경기도,의정부시,세빛문화공원,3,의정부 2025_08.csv,문화관광,도시공원
의정부,2025,8,2025-08,171,경기도,의정부시,복싱히어로신곡점,3,의정부 2025_08.csv,레저스포츠,기타레저스포츠
의정부,2025,8,2025-08,171,경기도,의정부시,렉스마경기의정부점,3,의정부 2025_08.csv,레저스포츠,기타레저스포츠
의정부,2025,8,2025-08,171,경기도,의정부시,의정부시 자일동 귀락마을,3,의정부 2025_08.csv,역사관광,역사유적지
의정부,2025,8,2025-08,171,경기도,의정부시,덕천사,3,의정부 2025_08.csv,역사관광,종교성지
의정부,2025,8,2025-08,171,경기도,의정부시,백합어린이공원,3,의정부 2025_08.csv,문화관광,도시공원
의정부,2025,8,2025-08,171,경기도,의정부시,중앙어린이공원,3,의정부 2025_08.csv,문화관광,도시공원
의정부,2025,8,2025-08,171,경기도,의정부시,공고개어린이공원,3,의정부 2025_08.csv,문화관광,도시공원
의정부,2025,8,2025-08,171,경기도,의정부시,장미어린이공원,3,의정부 2025_08.csv,문화관광,도시공원
의정부,2025,8,2025-08,171,경기도,의정부시,홍익문화공원,3,의정부 2025_08.csv,문화관광,도시공원
의정부,2025,8,2025-08,171,경기도,의정부시,탑돌어린이공원,3,의정부 2025_08.csv,문화관광,도시공원
의정부,2025,8,2025-08,171,경기도,의정부시,상금오어린이공원,3,의정부 2025_08.csv,문화관광,도시공원
의정부,2025,8,2025-08,171,경기도,의정부시,장수원어린이공원,3,의정부 2025_08.csv,문화관광,도시공원
의정부,2025,8,2025-08,171,경기도,의정부시,백석천근린공원,3,의정부 2025_08.csv,문화관광,도시공원
의정부,2025,8,2025-08,171,경기도,의정부시,상록근린공원,3,의정부 2025_08.csv,문화관광,도시공원
의정부,2025,8,2025-08,171,경기도,의정부시,다리목근린공원,3,의정부 2025_08.csv,문화관광,도시공원
의정부,2025,8,2025-08,171,경기도,의정부시,금빛어린이공원,3,의정부 2025_08.csv,문화관광,도시공원
의정부,2025,8,2025-08,171,경기도,의정부시,의정부역상가,3,의정부 2025_08.csv,쇼핑,시장
의정부,2025,8,2025-08,171,경기도,의정부시,영락사,3,의정부 2025_08.csv,역사관광,종교성지
의정부,2025,8,2025-08,171,경기도,의정부시,영산법화사,3,의정부 2025_08.csv,역사관광,종교성지
의정부,2025,8,2025-08,171,경기도,의정부시,무지랭이약수터,3,의정부 2025_08.csv,자연관광,자연경관(산)
의정부,2025,8,2025-08,171,경기도,의정부시,해오름근린공원,3,의정부 2025_08.csv,문화관광,도시공원
의정부,2025,8,2025-08,171,경기도,의정부시,홍연경민현대미술관,3,의정부 2025_08.csv,문화관광,전시시설
의정부,2025,8,2025-08,171,경기도,의정부시,뛰노리방방,3,의정부 2025_08.csv,문화관광,테마공원
의정부,2025,8,2025-08,171,경기도,의정부시,덕수사,3,의정부 2025_08.csv,역사관광,종교성지
의정부,2025,8,2025-08,171,경기도,의정부시,신효섭탁구장,3,의정부 2025_08.csv,레저스포츠,기타레저스포츠
의정부,2025,8,2025-08,171,경기도,의정부시,바른평생교육원,3,의정부 2025_08.csv,체험관광,체험관광기타
의정부,2025,8,2025-08,171,경기도,의정부시,평화의 소녀상,3,의정부 2025_08.csv,역사관광,역사유물
의정부,2025,8,2025-08,171,경기도,의정부시,연주암,3,의정부 2025_08.csv,역사관광,종교성지
의정부,2025,8,2025-08,171,경기도,의정부시,유니크발레,3,의정부 2025_08.csv,레저스포츠,기타레저스포츠
의정부,2025,9,2025-09,1,경기도,의정부시,신세계백화점의정부점,22054,의정부 2025_09.csv,쇼핑,백화점
의정부,2025,9,2025-09,2,경기도,의정부시,의정부제일시장,8735,의정부 2025_09.csv,쇼핑,시장
의정부,2025,9,2025-09,3,경기도,의정부시,의정부버스터미널,3450,의정부 2025_09.csv,기타관광,교통시설
의정부,2025,9,2025-09,4,경기도,의정부시,의정부실내빙상장,2780,의정부 2025_09.csv,레저스포츠,육상레저스포츠
의정부,2025,9,2025-09,5,경기도,의정부시,의정부예술의전당,2770,의정부 2025_09.csv,문화관광,공연시설
의정부,2025,9,2025-09,6,경기도,의정부시,메가박스의정부민락,2190,의정부 2025_09.csv,문화관광,공연시설
의정부,2025,9,2025-09,7,경기도,의정부시,롯데시네마의정부민락,1688,의정부 2025_09.csv,문화관광,공연시설
의정부,2025,9,2025-09,8,경기도,의정부시,CGV의정부,1140,의정부 2025_09.csv,문화관광,공연시설
의정부,2025,9,2025-09,9,경기도,의정부시,신곡실내배드민턴장,914,의정부 2025_09.csv,레저스포츠,기타레저스포츠
의정부,2025,9,2025-09,10,경기도,의정부시,아일랜드캐슬워터파크,878,의정부 2025_09.csv,문화관광,테마공원
의정부,2025,9,2025-09,11,경기도,의정부시,의정부시청소년수련관,825,의정부 2025_09.csv,레저스포츠,육상레저스포츠
의정부,2025,9,2025-09,12,경기도,의정부시,낙양물사랑공원,818,의정부 2025_09.csv,문화관광,도시공원
의정부,2025,9,2025-09,13,경기도,의정부시,직동근린공원,808,의정부 2025_09.csv,문화관광,도시공원
의정부,2025,9,2025-09,14,경기도,의정부시,태영프라자,785,의정부 2025_09.csv,쇼핑,쇼핑몰
의정부,2025,9,2025-09,15,경기도,의정부시,송산사지근린공원,616,의정부 2025_09.csv,문화관광,도시공원
의정부,2025,9,2025-09,16,경기도,의정부시,송산배수지체육시설,606,의정부 2025_09.csv,문화관광,도시공원
의정부,2025,9,2025-09,17,경기도,의정부시,의정부공유학교올래캠퍼스,589,의정부 2025_09.csv,체험관광,체험관광기타
의정부,2025,9,2025-09,18,경기도,의정부시,렛츠런CCC의정부지점,430,의정부 2025_09.csv,레저스포츠,육상레저스포츠
의정부,2025,9,2025-09,19,경기도,의정부시,점핑몬스터의정부점,351,의정부 2025_09.csv,문화관광,테마공원
의정부,2025,9,2025-09,20,경기도,의정부시,신곡새빛정원,333,의정부 2025_09.csv,문화관광,도시공원
의정부,2025,9,2025-09,21,경기도,의정부시,와글아이의정부점,325,의정부 2025_09.csv,문화관광,테마공원
의정부,2025,9,2025-09,22,경기도,의정부시,서울승마클럽,306,의정부 2025_09.csv,레저스포츠,육상레저스포츠
의정부,2025,9,2025-09,23,경기도,의정부시,녹양야구장,300,의정부 2025_09.csv,문화관광,레저스포츠시설
의정부,2025,9,2025-09,24,경기도,의정부시,석림사,296,의정부 2025_09.csv,역사관광,종교성지
의정부,2025,9,2025-09,25,경기도,의정부시,활기체육공원,277,의정부 2025_09.csv,문화관광,도시공원
의정부,2025,9,2025-09,26,경기도,의정부시,고고다이노키즈카페민락점,267,의정부 2025_09.csv,문화관광,테마공원
의정부,2025,9,2025-09,27,경기도,의정부시,의정부신시가지,231,의정부 2025_09.csv,기타관광,기타관광
의정부,2025,9,2025-09,28,경기도,의정부시,히어로키즈파크의정부지점,219,의정부 2025_09.csv,문화관광,테마공원
의정부,2025,9,2025-09,29,경기도,의정부시,회룡사,218,의정부 2025_09.csv,역사관광,종교성지
의정부,2025,9,2025-09,30,경기도,의정부시,추동배드민턴장,217,의정부 2025_09.csv,레저스포츠,기타레저스포츠
의정부,2025,9,2025-09,31,경기도,의정부시,곤제구장,208,의정부 2025_09.csv,문화관광,레저스포츠시설
의정부,2025,9,2025-09,32,경기도,의정부시,의정부가구거리,199,의정부 2025_09.csv,쇼핑,기타쇼핑시설
의정부,2025,9,2025-09,33,경기도,의정부시,자일산림욕장,194,의정부 2025_09.csv,자연관광,자연공원
의정부,2025,9,2025-09,34,경기도,의정부시,경기북부보육교사교육원,187,의정부 2025_09.csv,체험관광,체험관광기타
의정부,2025,9,2025-09,35,경기도,의정부시,망월사,179,의정부 2025_09.csv,역사관광,종교성지
의정부,2025,9,2025-09,36,경기도,의정부시,천보탁구장,177,의정부 2025_09.csv,레저스포츠,기타레저스포츠
의정부,2025,9,2025-09,37,경기도,의정부시,경기도교육청미래과학교육원북부교육관,176,의정부 2025_09.csv,체험관광,체험관광기타
의정부,2025,9,2025-09,38,경기도,의정부시,직동축구장,166,의정부 2025_09.csv,문화관광,레저스포츠시설
의정부,2025,9,2025-09,39,경기도,의정부시,장암파크골프장,153,의정부 2025_09.csv,레저스포츠,육상레저스포츠
의정부,2025,9,2025-09,40,경기도,의정부시,자일낚시터,136,의정부 2025_09.csv,레저스포츠,수상레저스포츠
의정부,2025,9,2025-09,41,경기도,의정부시,김민성탁구클럽,132,의정부 2025_09.csv,레저스포츠,기타레저스포츠
의정부,2025,9,2025-09,42,경기도,의정부시,큐리키즈카페의정부점,128,의정부 2025_09.csv,문화관광,테마공원
의정부,2025,9,2025-09,43,경기도,의정부시,안골유원지,112,의정부 2025_09.csv,문화관광,복합관광시설
의정부,2025,9,2025-09,44,경기도,의정부시,빛뜰문화공원,109,의정부 2025_09.csv,문화관광,도시공원
의정부,2025,9,2025-09,45,경기도,의정부시,헬로방방민락점,103,의정부 2025_09.csv,문화관광,테마공원
의정부,2025,9,2025-09,46,경기도,의정부시,아이스토리키즈카페,101,의정부 2025_09.csv,문화관광,테마공원
의정부,2025,9,2025-09,46,경기도,의정부시,경륜경정의정부지사,101,의정부 2025_09.csv,레저스포츠,육상레저스포츠
의정부,2025,9,2025-09,48,경기도,의정부시,마린앤키즈,97,의정부 2025_09.csv,문화관광,테마공원
의정부,2025,9,2025-09,49,경기도,의정부시,의정부기억저장소,96,의정부 2025_09.csv,문화관광,전시시설
의정부,2025,9,2025-09,50,경기도,의정부시,의정부천문대,95,의정부 2025_09.csv,레저스포츠,기타레저스포츠
의정부,2025,9,2025-09,51,경기도,의정부시,의정부예술의전당대극장,94,의정부 2025_09.csv,문화관광,공연시설
의정부,2025,9,2025-09,52,경기도,의정부시,락앤플레이민락점,93,의정부 2025_09.csv,문화관광,테마공원
의정부,2025,9,2025-09,53,경기도,의정부시,장수원배드민턴클럽,86,의정부 2025_09.csv,레저스포츠,기타레저스포츠
의정부,2025,9,2025-09,54,경기도,의정부시,희망어린이공원,83,의정부 2025_09.csv,문화관광,도시공원
의정부,2025,9,2025-09,55,경기도,의정부시,에스티종합안전,74,의정부 2025_09.csv,체험관광,체험관광기타
의정부,2025,9,2025-09,56,경기도,의정부시,의정부청과야채시장,73,의정부 2025_09.csv,쇼핑,시장
의정부,2025,9,2025-09,56,경기도,의정부시,타요키즈카페의정부민락점,73,의정부 2025_09.csv,문화관광,테마공원
의정부,2025,9,2025-09,56,경기도,의정부시,고고롤러스케이트장,73,의정부 2025_09.csv,레저스포츠,육상레저스포츠
의정부,2025,9,2025-09,59,경기도,의정부시,호암사,72,의정부 2025_09.csv,역사관광,종교성지
의정부,2025,9,2025-09,60,경기도,의정부시,의정부시평생학습원,70,의정부 2025_09.csv,체험관광,체험관광기타
의정부,2025,9,2025-09,61,경기도,의정부시,곤제근린공원,69,의정부 2025_09.csv,문화관광,도시공원
의정부,2025,9,2025-09,62,경기도,의정부시,벌말어린이공원,66,의정부 2025_09.csv,문화관광,도시공원
의정부,2025,9,2025-09,63,경기도,의정부시,백영수미술관,65,의정부 2025_09.csv,문화관광,전시시설
의정부,2025,9,2025-09,64,경기도,의정부시,북한산국립공원회룡탐방지원센터,64,의정부 2025_09.csv,기타관광,기타관광
의정부,2025,9,2025-09,64,경기도,의정부시,현충탑,64,의정부 2025_09.csv,역사관광,역사유물
의정부,2025,9,2025-09,66,경기도,의정부시,신숙주선생묘,59,의정부 2025_09.csv,역사관광,역사유적지
의정부,2025,9,2025-09,67,경기도,의정부시,정혜사의정부포교원,56,의정부 2025_09.csv,역사관광,종교성지
의정부,2025,9,2025-09,68,경기도,의정부시,스마일랜드,54,의정부 2025_09.csv,문화관광,테마공원
의정부,2025,9,2025-09,69,경기도,의정부시,윤한미탁구클럽,53,의정부 2025_09.csv,레저스포츠,기타레저스포츠
의정부,2025,9,2025-09,70,경기도,의정부시,의정부축구센터,52,의정부 2025_09.csv,레저스포츠,기타레저스포츠
의정부,2025,9,2025-09,71,경기도,의정부시,안골계곡,50,의정부 2025_09.csv,자연관광,자연경관(산)
의정부,2025,9,2025-09,71,경기도,의정부시,정화사,50,의정부 2025_09.csv,역사관광,종교성지
의정부,2025,9,2025-09,71,경기도,의정부시,리드민리듬체조민락본점,50,의정부 2025_09.csv,레저스포츠,기타레저스포츠
의정부,2025,9,2025-09,74,경기도,의정부시,스카이짐유소년스포츠클럽녹양점,48,의정부 2025_09.csv,레저스포츠,기타레저스포츠
의정부,2025,9,2025-09,74,경기도,의정부시,꿀잼키즈룸의정부민락점,48,의정부 2025_09.csv,문화관광,테마공원
의정부,2025,9,2025-09,76,경기도,의정부시,아로하포레스트,46,의정부 2025_09.csv,문화관광,테마공원
의정부,2025,9,2025-09,77,경기도,의정부시,나리벡시티테마파크건축중(2027년01월 예정),45,의정부 2025_09.csv,문화관광,테마공원
의정부,2025,9,2025-09,78,경기도,의정부시,허니비풋살파크,44,의정부 2025_09.csv,문화관광,레저스포츠시설
의정부,2025,9,2025-09,79,경기도,의정부시,푸른마당근린공원,43,의정부 2025_09.csv,문화관광,도시공원
의정부,2025,9,2025-09,80,경기도,의정부시,쌍암사,41,의정부 2025_09.csv,역사관광,종교성지
의정부,2025,9,2025-09,81,경기도,의정부시,바둑전용경기장건축중(2026년08월 완공예정),40,의정부 2025_09.csv,레저스포츠,기타레저스포츠
의정부,2025,9,2025-09,81,경기도,의정부시,미륵암,40,의정부 2025_09.csv,역사관광,종교성지
의정부,2025,9,2025-09,81,경기도,의정부시,경기도어린이식품안전체험관의정부센터,40,의정부 2025_09.csv,체험관광,체험관광기타
의정부,2025,9,2025-09,84,경기도,의정부시,정수선원,38,의정부 2025_09.csv,역사관광,종교성지
의정부,2025,9,2025-09,85,경기도,의정부시,어수정어린이공원,37,의정부 2025_09.csv,문화관광,도시공원
의정부,2025,9,2025-09,86,경기도,의정부시,알쏭달쏭키즈드로잉,36,의정부 2025_09.csv,문화관광,테마공원
의정부,2025,9,2025-09,87,경기도,의정부시,사패산통나무집,34,의정부 2025_09.csv,레저스포츠,육상레저스포츠
의정부,2025,9,2025-09,87,경기도,의정부시,의정부시리틀야구장,34,의정부 2025_09.csv,문화관광,레저스포츠시설
의정부,2025,9,2025-09,89,경기도,의정부시,토끼어린이공원,32,의정부 2025_09.csv,문화관광,도시공원
의정부,2025,9,2025-09,89,경기도,의정부시,우리소극장,32,의정부 2025_09.csv,문화관광,공연시설
의정부,2025,9,2025-09,89,경기도,의정부시,태조이성계상,32,의정부 2025_09.csv,기타관광,기타관광
의정부,2025,9,2025-09,92,경기도,의정부시,버들개야구장,31,의정부 2025_09.csv,문화관광,레저스포츠시설
의정부,2025,9,2025-09,92,경기도,의정부시,성불사,31,의정부 2025_09.csv,역사관광,종교성지
의정부,2025,9,2025-09,94,경기도,의정부시,모래야놀자,30,의정부 2025_09.csv,문화관광,테마공원
의정부,2025,9,2025-09,94,경기도,의정부시,쿠키즈룸,30,의정부 2025_09.csv,문화관광,테마공원
의정부,2025,9,2025-09,96,경기도,의정부시,역전근린공원,28,의정부 2025_09.csv,문화관광,도시공원
의정부,2025,9,2025-09,97,경기도,의정부시,스트라이크존의정부민락구장,26,의정부 2025_09.csv,레저스포츠,기타레저스포츠
의정부,2025,9,2025-09,98,경기도,의정부시,봉화정사,23,의정부 2025_09.csv,역사관광,종교성지
의정부,2025,9,2025-09,99,경기도,의정부시,대원사,22,의정부 2025_09.csv,역사관광,종교성지
의정부,2025,9,2025-09,100,경기도,의정부시,리틀베이비,19,의정부 2025_09.csv,문화관광,테마공원
의정부,2025,9,2025-09,100,경기도,의정부시,소망어린이공원,19,의정부 2025_09.csv,문화관광,도시공원
의정부,2025,9,2025-09,102,경기도,의정부시,약수배드민턴클럽,18,의정부 2025_09.csv,레저스포츠,기타레저스포츠
의정부,2025,9,2025-09,102,경기도,의정부시,피크닉키즈룸,18,의정부 2025_09.csv,문화관광,테마공원
의정부,2025,9,2025-09,102,경기도,의정부시,꽃동네어린이공원,18,의정부 2025_09.csv,문화관광,도시공원
의정부,2025,9,2025-09,102,경기도,의정부시,신곡탁구클럽,18,의정부 2025_09.csv,레저스포츠,기타레저스포츠
의정부,2025,9,2025-09,106,경기도,의정부시,캠프라과디아체육공원,17,의정부 2025_09.csv,문화관광,도시공원
의정부,2025,9,2025-09,106,경기도,의정부시,이성숙탁구클럽,17,의정부 2025_09.csv,레저스포츠,기타레저스포츠
의정부,2025,9,2025-09,106,경기도,의정부시,잔돌문화공원,17,의정부 2025_09.csv,문화관광,도시공원
의정부,2025,9,2025-09,106,경기도,의정부시,중앙어린이공원,17,의정부 2025_09.csv,문화관광,도시공원
의정부,2025,9,2025-09,106,경기도,의정부시,의정부아트캠프,17,의정부 2025_09.csv,문화관광,기타문화관광지
의정부,2025,9,2025-09,111,경기도,의정부시,신곡체육공원,16,의정부 2025_09.csv,문화관광,도시공원
의정부,2025,9,2025-09,111,경기도,의정부시,홍익문화공원,16,의정부 2025_09.csv,문화관광,도시공원
의정부,2025,9,2025-09,111,경기도,의정부시,공룡어린이공원,16,의정부 2025_09.csv,문화관광,도시공원
의정부,2025,9,2025-09,114,경기도,의정부시,문화어린이공원,15,의정부 2025_09.csv,문화관광,도시공원
의정부,2025,9,2025-09,114,경기도,의정부시,하금오어린이공원,15,의정부 2025_09.csv,문화관광,도시공원
의정부,2025,9,2025-09,116,경기도,의정부시,왕바우근린공원,14,의정부 2025_09.csv,문화관광,도시공원
의정부,2025,9,2025-09,116,경기도,의정부시,노강서원,14,의정부 2025_09.csv,역사관광,역사유적지
의정부,2025,9,2025-09,116,경기도,의정부시,용현정,14,의정부 2025_09.csv,레저스포츠,육상레저스포츠
의정부,2025,9,2025-09,116,경기도,의정부시,원효사,14,의정부 2025_09.csv,역사관광,종교성지
의정부,2025,9,2025-09,116,경기도,의정부시,홍연경민현대미술관,14,의정부 2025_09.csv,문화관광,전시시설
의정부,2025,9,2025-09,116,경기도,의정부시,노리랜드,14,의정부 2025_09.csv,문화관광,테마공원
의정부,2025,9,2025-09,116,경기도,의정부시,롤프렌롤러장,14,의정부 2025_09.csv,레저스포츠,육상레저스포츠
의정부,2025,9,2025-09,123,경기도,의정부시,김미미도예공방,13,의정부 2025_09.csv,체험관광,공예체험
의정부,2025,9,2025-09,124,경기도,의정부시,의정부시 자일동 귀락마을,12,의정부 2025_09.csv,역사관광,역사유적지
의정부,2025,9,2025-09,124,경기도,의정부시,와우민턴샵,12,의정부 2025_09.csv,레저스포츠,기타레저스포츠
의정부,2025,9,2025-09,124,경기도,의정부시,천문폭포,12,의정부 2025_09.csv,자연관광,자연경관(산)
의정부,2025,9,2025-09,127,경기도,의정부시,경기도북부육아종합지원센터아이사랑놀이터,11,의정부 2025_09.csv,문화관광,테마공원
의정부,2025,9,2025-09,127,경기도,의정부시,의정부망월풋살구장,11,의정부 2025_09.csv,레저스포츠,기타레저스포츠
의정부,2025,9,2025-09,127,경기도,의정부시,자은선원,11,의정부 2025_09.csv,역사관광,종교성지
의정부,2025,9,2025-09,130,경기도,의정부시,샤모니클라이밍,10,의정부 2025_09.csv,레저스포츠,기타레저스포츠
의정부,2025,9,2025-09,130,경기도,의정부시,의정부문화역 이음,10,의정부 2025_09.csv,문화관광,기타문화관광지
의정부,2025,9,2025-09,130,경기도,의정부시,광쟁이천수변공원,10,의정부 2025_09.csv,문화관광,도시공원
의정부,2025,9,2025-09,130,경기도,의정부시,경기도인재개발원북부캠퍼스,10,의정부 2025_09.csv,체험관광,체험관광기타
의정부,2025,9,2025-09,130,경기도,의정부시,관음사,10,의정부 2025_09.csv,역사관광,종교성지
의정부,2025,9,2025-09,130,경기도,의정부시,다리목근린공원,10,의정부 2025_09.csv,문화관광,도시공원
의정부,2025,9,2025-09,130,경기도,의정부시,쌍용사,10,의정부 2025_09.csv,역사관광,종교성지
의정부,2025,9,2025-09,137,경기도,의정부시,세빛문화공원,9,의정부 2025_09.csv,문화관광,도시공원
의정부,2025,9,2025-09,137,경기도,의정부시,장암발곡근린공원,9,의정부 2025_09.csv,문화관광,도시공원
의정부,2025,9,2025-09,137,경기도,의정부시,거문돌계곡,9,의정부 2025_09.csv,자연관광,자연경관(산)
의정부,2025,9,2025-09,137,경기도,의정부시,의정부예술의전당소극장,9,의정부 2025_09.csv,문화관광,공연시설
의정부,2025,9,2025-09,141,경기도,의정부시,스카이공연홀,8,의정부 2025_09.csv,문화관광,공연시설
의정부,2025,9,2025-09,141,경기도,의정부시,사패산안골통제소방면,8,의정부 2025_09.csv,자연관광,자연경관(산)
의정부,2025,9,2025-09,143,경기도,의정부시,의정부시 산곡동 검은돌마을,7,의정부 2025_09.csv,역사관광,역사유적지
의정부,2025,9,2025-09,143,경기도,의정부시,회룡문화공원,7,의정부 2025_09.csv,문화관광,도시공원
의정부,2025,9,2025-09,143,경기도,의정부시,우리끼리 키즈카페 스포츠마을의정부민락점,7,의정부 2025_09.csv,문화관광,테마공원
의정부,2025,9,2025-09,143,경기도,의정부시,사패산,7,의정부 2025_09.csv,자연관광,자연경관(산)
의정부,2025,9,2025-09,143,경기도,의정부시,정문부장군묘,7,의정부 2025_09.csv,역사관광,역사유적지
의정부,2025,9,2025-09,143,경기도,의정부시,백합어린이공원,7,의정부 2025_09.csv,문화관광,도시공원
의정부,2025,9,2025-09,143,경기도,의정부시,신곡어린이공원,7,의정부 2025_09.csv,문화관광,도시공원
의정부,2025,9,2025-09,143,경기도,의정부시,이태영탁구교실,7,의정부 2025_09.csv,레저스포츠,기타레저스포츠
의정부,2025,9,2025-09,143,경기도,의정부시,무지랭이약수터,7,의정부 2025_09.csv,자연관광,자연경관(산)
의정부,2025,9,2025-09,152,경기도,의정부시,동그라미탁구교실,6,의정부 2025_09.csv,레저스포츠,기타레저스포츠
의정부,2025,9,2025-09,152,경기도,의정부시,한국산악연수원CAC등산학교,6,의정부 2025_09.csv,레저스포츠,기타레저스포츠
의정부,2025,9,2025-09,152,경기도,의정부시,미륵사,6,의정부 2025_09.csv,역사관광,종교성지
의정부,2025,9,2025-09,152,경기도,의정부시,원각사,6,의정부 2025_09.csv,역사관광,종교성지
의정부,2025,9,2025-09,152,경기도,의정부시,덕천사,6,의정부 2025_09.csv,역사관광,종교성지
의정부,2025,9,2025-09,152,경기도,의정부시,중랑천어린이공원,6,의정부 2025_09.csv,문화관광,도시공원
의정부,2025,9,2025-09,152,경기도,의정부시,의정부시장,6,의정부 2025_09.csv,쇼핑,시장
의정부,2025,9,2025-09,152,경기도,의정부시,트라이포스의정부주짓수,6,의정부 2025_09.csv,레저스포츠,기타레저스포츠
의정부,2025,9,2025-09,152,경기도,의정부시,덕수사,6,의정부 2025_09.csv,역사관광,종교성지
의정부,2025,9,2025-09,152,경기도,의정부시,용화사,6,의정부 2025_09.csv,역사관광,종교성지
의정부,2025,9,2025-09,152,경기도,의정부시,송산레포츠,6,의정부 2025_09.csv,문화관광,테마공원
의정부,2025,9,2025-09,152,경기도,의정부시,귀락문화공원,6,의정부 2025_09.csv,문화관광,도시공원
의정부,2025,9,2025-09,152,경기도,의정부시,킹클라이밍,6,의정부 2025_09.csv,레저스포츠,기타레저스포츠
의정부,2025,9,2025-09,152,경기도,의정부시,바른평생교육원,6,의정부 2025_09.csv,체험관광,체험관광기타
의정부,2025,9,2025-09,166,경기도,의정부시,스트라이크존의정부구장,5,의정부 2025_09.csv,레저스포츠,기타레저스포츠
의정부,2025,9,2025-09,167,경기도,의정부시,갤러리평화,4,의정부 2025_09.csv,문화관광,전시시설
의정부,2025,9,2025-09,167,경기도,의정부시,듀얼트론코리아본사,4,의정부 2025_09.csv,레저스포츠,기타레저스포츠
의정부,2025,9,2025-09,167,경기도,의정부시,샌드케이,4,의정부 2025_09.csv,문화관광,테마공원
의정부,2025,9,2025-09,167,경기도,의정부시,뉴키즈온고산점,4,의정부 2025_09.csv,문화관광,테마공원
의정부,2025,9,2025-09,167,경기도,의정부시,의정부역,4,의정부 2025_09.csv,기타관광,교통시설
의정부,2025,9,2025-09,167,경기도,의정부시,700어린이라운지,4,의정부 2025_09.csv,문화관광,테마공원
의정부,2025,9,2025-09,167,경기도,의정부시,좋은칼공방,4,의정부 2025_09.csv,체험관광,공예체험
의정부,2025,9,2025-09,167,경기도,의정부시,동심어린이공원,4,의정부 2025_09.csv,문화관광,도시공원
의정부,2025,9,2025-09,167,경기도,의정부시,영산법화사,4,의정부 2025_09.csv,역사관광,종교성지
의정부,2025,9,2025-09,167,경기도,의정부시,석림사계곡,4,의정부 2025_09.csv,자연관광,자연경관(산)
의정부,2025,9,2025-09,167,경기도,의정부시,호암검도관,4,의정부 2025_09.csv,레저스포츠,기타레저스포츠
의정부,2025,9,2025-09,167,경기도,의정부시,산군무에타이킥복싱체육관,4,의정부 2025_09.csv,레저스포츠,기타레저스포츠
의정부,2025,9,2025-09,167,경기도,의정부시,블랙뮤직페스티벌,4,의정부 2025_09.csv,문화관광,기타문화관광지
의정부,2025,9,2025-09,167,경기도,의정부시,연주암,4,의정부 2025_09.csv,역사관광,종교성지
의정부,2025,9,2025-09,181,경기도,의정부시,미가사,3,의정부 2025_09.csv,역사관광,종교성지
의정부,2025,9,2025-09,181,경기도,의정부시,무지랭이계곡,3,의정부 2025_09.csv,자연관광,자연경관(산)
의정부,2025,9,2025-09,181,경기도,의정부시,중앙문화공원,3,의정부 2025_09.csv,문화관광,도시공원
의정부,2025,9,2025-09,181,경기도,의정부시,메이드라인,3,의정부 2025_09.csv,레저스포츠,기타레저스포츠
의정부,2025,9,2025-09,181,경기도,의정부시,라온공방,3,의정부 2025_09.csv,체험관광,공예체험
의정부,2025,9,2025-09,181,경기도,의정부시,송산1호수변공원,3,의정부 2025_09.csv,문화관광,도시공원
의정부,2025,9,2025-09,181,경기도,의정부시,신나는겨울놀이터,3,의정부 2025_09.csv,레저스포츠,육상레저스포츠
의정부,2025,9,2025-09,181,경기도,의정부시,대명사,3,의정부 2025_09.csv,역사관광,종교성지
의정부,2025,9,2025-09,181,경기도,의정부시,민락탁구클럽,3,의정부 2025_09.csv,레저스포츠,기타레저스포츠
의정부,2025,9,2025-09,181,경기도,의정부시,씨에이치인터내셔널서울,3,의정부 2025_09.csv,레저스포츠,육상레저스포츠
의정부,2025,9,2025-09,181,경기도,의정부시,장암숲늘품길경계숲길,3,의정부 2025_09.csv,레저스포츠,기타레저스포츠
의정부,2025,9,2025-09,181,경기도,의정부시,자담공방,3,의정부 2025_09.csv,체험관광,공예체험
의정부,2025,9,2025-09,181,경기도,의정부시,렉스마경기의정부점,3,의정부 2025_09.csv,레저스포츠,기타레저스포츠
의정부,2025,9,2025-09,181,경기도,의정부시,엘릭서컨설팅,3,의정부 2025_09.csv,체험관광,체험관광기타
의정부,2025,9,2025-09,181,경기도,의정부시,의정부약수선원목조보살입상,3,의정부 2025_09.csv,역사관광,역사유적지
의정부,2025,9,2025-09,181,경기도,의정부시,마음자람아동가족상담센터,3,의정부 2025_09.csv,체험관광,체험관광기타
의정부,2025,9,2025-09,181,경기도,의정부시,색동어린이공원,3,의정부 2025_09.csv,문화관광,도시공원
의정부,2025,9,2025-09,181,경기도,의정부시,공고개어린이공원,3,의정부 2025_09.csv,문화관광,도시공원
의정부,2025,9,2025-09,181,경기도,의정부시,문예어린이공원,3,의정부 2025_09.csv,문화관광,도시공원
의정부,2025,9,2025-09,181,경기도,의정부시,장수원어린이공원,3,의정부 2025_09.csv,문화관광,도시공원
의정부,2025,9,2025-09,181,경기도,의정부시,로데오거리상점가,3,의정부 2025_09.csv,쇼핑,시장
의정부,2025,9,2025-09,181,경기도,의정부시,수락사,3,의정부 2025_09.csv,역사관광,종교성지
의정부,2025,9,2025-09,181,경기도,의정부시,대각사,3,의정부 2025_09.csv,역사관광,종교성지
의정부,2025,9,2025-09,181,경기도,의정부시,두물터농장,3,의정부 2025_09.csv,체험관광,농/산/어촌체험
의정부,2025,9,2025-09,181,경기도,의정부시,칠불암공덕원,3,의정부 2025_09.csv,역사관광,종교성지
의정부,2025,9,2025-09,181,경기도,의정부시,상원사,3,의정부 2025_09.csv,역사관광,종교성지
의정부,2025,9,2025-09,181,경기도,의정부시,퐁당퐁당실내낚시카페,3,의정부 2025_09.csv,레저스포츠,수상레저스포츠
의정부,2025,9,2025-09,181,경기도,의정부시,신효섭탁구장,3,의정부 2025_09.csv,레저스포츠,기타레저스포츠
의정부,2025,9,2025-09,181,경기도,의정부시,신원배드민턴클럽,3,의정부 2025_09.csv,레저스포츠,기타레저스포츠
의정부,2025,9,2025-09,181,경기도,의정부시,추동웰빙공원,3,의정부 2025_09.csv,문화관광,도시공원
의정부,2025,9,2025-09,181,경기도,의정부시,무량사,3,의정부 2025_09.csv,역사관광,종교성지
의정부,2025,9,2025-09,181,경기도,의정부시,레벨업탁구클럽,3,의정부 2025_09.csv,레저스포츠,기타레저스포츠
의정부,2025,9,2025-09,181,경기도,의정부시,평화의 소녀상,3,의정부 2025_09.csv,역사관광,역사유물
의정부,2025,9,2025-09,181,경기도,의정부시,루나루즈키즈카페,3,의정부 2025_09.csv,문화관광,테마공원
의정부,2025,10,2025-10,1,경기도,의정부시,신세계백화점의정부점,34160,의정부 2025_10.csv,쇼핑,백화점
의정부,2025,10,2025-10,2,경기도,의정부시,의정부제일시장,15304,의정부 2025_10.csv,쇼핑,시장
의정부,2025,10,2025-10,3,경기도,의정부시,의정부버스터미널,5657,의정부 2025_10.csv,기타관광,교통시설
의정부,2025,10,2025-10,4,경기도,의정부시,의정부예술의전당,5549,의정부 2025_10.csv,문화관광,공연시설
의정부,2025,10,2025-10,5,경기도,의정부시,메가박스의정부민락,3047,의정부 2025_10.csv,문화관광,공연시설
의정부,2025,10,2025-10,6,경기도,의정부시,롯데시네마의정부민락,2914,의정부 2025_10.csv,문화관광,공연시설
의정부,2025,10,2025-10,7,경기도,의정부시,의정부실내빙상장,2326,의정부 2025_10.csv,레저스포츠,육상레저스포츠
의정부,2025,10,2025-10,8,경기도,의정부시,CGV의정부,1757,의정부 2025_10.csv,문화관광,공연시설
의정부,2025,10,2025-10,9,경기도,의정부시,신곡실내배드민턴장,1386,의정부 2025_10.csv,레저스포츠,기타레저스포츠
의정부,2025,10,2025-10,10,경기도,의정부시,직동근린공원,1323,의정부 2025_10.csv,문화관광,도시공원
의정부,2025,10,2025-10,11,경기도,의정부시,의정부시청소년수련관,1253,의정부 2025_10.csv,레저스포츠,육상레저스포츠
의정부,2025,10,2025-10,12,경기도,의정부시,아일랜드캐슬워터파크,1134,의정부 2025_10.csv,문화관광,테마공원
의정부,2025,10,2025-10,13,경기도,의정부시,태영프라자,1072,의정부 2025_10.csv,쇼핑,쇼핑몰
의정부,2025,10,2025-10,14,경기도,의정부시,송산배수지체육시설,1063,의정부 2025_10.csv,문화관광,도시공원
의정부,2025,10,2025-10,15,경기도,의정부시,낙양물사랑공원,963,의정부 2025_10.csv,문화관광,도시공원
의정부,2025,10,2025-10,16,경기도,의정부시,송산사지근린공원,930,의정부 2025_10.csv,문화관광,도시공원
의정부,2025,10,2025-10,17,경기도,의정부시,점핑몬스터의정부점,751,의정부 2025_10.csv,문화관광,테마공원
의정부,2025,10,2025-10,18,경기도,의정부시,와글아이의정부점,725,의정부 2025_10.csv,문화관광,테마공원
의정부,2025,10,2025-10,19,경기도,의정부시,의정부공유학교올래캠퍼스,534,의정부 2025_10.csv,체험관광,체험관광기타
의정부,2025,10,2025-10,20,경기도,의정부시,녹양야구장,525,의정부 2025_10.csv,문화관광,레저스포츠시설
의정부,2025,10,2025-10,21,경기도,의정부시,석림사,496,의정부 2025_10.csv,역사관광,종교성지
의정부,2025,10,2025-10,22,경기도,의정부시,활기체육공원,471,의정부 2025_10.csv,문화관광,도시공원
의정부,2025,10,2025-10,23,경기도,의정부시,렛츠런CCC의정부지점,447,의정부 2025_10.csv,레저스포츠,육상레저스포츠
의정부,2025,10,2025-10,24,경기도,의정부시,서울승마클럽,437,의정부 2025_10.csv,레저스포츠,육상레저스포츠
의정부,2025,10,2025-10,25,경기도,의정부시,고고다이노키즈카페민락점,432,의정부 2025_10.csv,문화관광,테마공원
의정부,2025,10,2025-10,26,경기도,의정부시,장암파크골프장,375,의정부 2025_10.csv,레저스포츠,육상레저스포츠
의정부,2025,10,2025-10,27,경기도,의정부시,히어로키즈파크의정부지점,355,의정부 2025_10.csv,문화관광,테마공원
의정부,2025,10,2025-10,28,경기도,의정부시,회룡사,353,의정부 2025_10.csv,역사관광,종교성지
의정부,2025,10,2025-10,29,경기도,의정부시,천보탁구장,352,의정부 2025_10.csv,레저스포츠,기타레저스포츠
의정부,2025,10,2025-10,30,경기도,의정부시,망월사,343,의정부 2025_10.csv,역사관광,종교성지
의정부,2025,10,2025-10,31,경기도,의정부시,곤제구장,331,의정부 2025_10.csv,문화관광,레저스포츠시설
의정부,2025,10,2025-10,32,경기도,의정부시,추동배드민턴장,330,의정부 2025_10.csv,레저스포츠,기타레저스포츠
의정부,2025,10,2025-10,33,경기도,의정부시,자일산림욕장,327,의정부 2025_10.csv,자연관광,자연공원
의정부,2025,10,2025-10,34,경기도,의정부시,경기도교육청미래과학교육원북부교육관,307,의정부 2025_10.csv,체험관광,체험관광기타
의정부,2025,10,2025-10,35,경기도,의정부시,의정부신시가지,284,의정부 2025_10.csv,기타관광,기타관광
의정부,2025,10,2025-10,36,경기도,의정부시,의정부예술의전당대극장,270,의정부 2025_10.csv,문화관광,공연시설
의정부,2025,10,2025-10,37,경기도,의정부시,의정부가구거리,261,의정부 2025_10.csv,쇼핑,기타쇼핑시설
의정부,2025,10,2025-10,38,경기도,의정부시,락앤플레이민락점,224,의정부 2025_10.csv,문화관광,테마공원
의정부,2025,10,2025-10,38,경기도,의정부시,자일낚시터,224,의정부 2025_10.csv,레저스포츠,수상레저스포츠
의정부,2025,10,2025-10,40,경기도,의정부시,신곡새빛정원,223,의정부 2025_10.csv,문화관광,도시공원
의정부,2025,10,2025-10,41,경기도,의정부시,의정부청과야채시장,216,의정부 2025_10.csv,쇼핑,시장
의정부,2025,10,2025-10,42,경기도,의정부시,신숙주선생묘,209,의정부 2025_10.csv,역사관광,역사유적지
의정부,2025,10,2025-10,43,경기도,의정부시,큐리키즈카페의정부점,207,의정부 2025_10.csv,문화관광,테마공원
의정부,2025,10,2025-10,44,경기도,의정부시,경륜경정의정부지사,197,의정부 2025_10.csv,레저스포츠,육상레저스포츠
의정부,2025,10,2025-10,45,경기도,의정부시,아이스토리키즈카페,192,의정부 2025_10.csv,문화관광,테마공원
의정부,2025,10,2025-10,45,경기도,의정부시,잔돌문화공원,192,의정부 2025_10.csv,문화관광,도시공원
의정부,2025,10,2025-10,47,경기도,의정부시,빛뜰문화공원,187,의정부 2025_10.csv,문화관광,도시공원
의정부,2025,10,2025-10,48,경기도,의정부시,직동축구장,184,의정부 2025_10.csv,문화관광,레저스포츠시설
의정부,2025,10,2025-10,49,경기도,의정부시,호암사,183,의정부 2025_10.csv,역사관광,종교성지
의정부,2025,10,2025-10,50,경기도,의정부시,곤제근린공원,178,의정부 2025_10.csv,문화관광,도시공원
의정부,2025,10,2025-10,51,경기도,의정부시,고고롤러스케이트장,172,의정부 2025_10.csv,레저스포츠,육상레저스포츠
의정부,2025,10,2025-10,52,경기도,의정부시,김민성탁구클럽,169,의정부 2025_10.csv,레저스포츠,기타레저스포츠
의정부,2025,10,2025-10,53,경기도,의정부시,경기도어린이식품안전체험관의정부센터,165,의정부 2025_10.csv,체험관광,체험관광기타
의정부,2025,10,2025-10,54,경기도,의정부시,현충탑,160,의정부 2025_10.csv,역사관광,역사유물
의정부,2025,10,2025-10,55,경기도,의정부시,헬로방방민락점,157,의정부 2025_10.csv,문화관광,테마공원
의정부,2025,10,2025-10,56,경기도,의정부시,타요키즈카페의정부민락점,152,의정부 2025_10.csv,문화관광,테마공원
의정부,2025,10,2025-10,57,경기도,의정부시,경기북부보육교사교육원,147,의정부 2025_10.csv,체험관광,체험관광기타
의정부,2025,10,2025-10,58,경기도,의정부시,안골유원지,145,의정부 2025_10.csv,문화관광,복합관광시설
의정부,2025,10,2025-10,59,경기도,의정부시,장수원배드민턴클럽,142,의정부 2025_10.csv,레저스포츠,기타레저스포츠
의정부,2025,10,2025-10,60,경기도,의정부시,스카이짐유소년스포츠클럽녹양점,141,의정부 2025_10.csv,레저스포츠,기타레저스포츠
의정부,2025,10,2025-10,61,경기도,의정부시,북한산국립공원회룡탐방지원센터,136,의정부 2025_10.csv,기타관광,기타관광
의정부,2025,10,2025-10,62,경기도,의정부시,백영수미술관,128,의정부 2025_10.csv,문화관광,전시시설
의정부,2025,10,2025-10,63,경기도,의정부시,허니비풋살파크,116,의정부 2025_10.csv,문화관광,레저스포츠시설
의정부,2025,10,2025-10,64,경기도,의정부시,희망어린이공원,113,의정부 2025_10.csv,문화관광,도시공원
의정부,2025,10,2025-10,65,경기도,의정부시,의정부기억저장소,112,의정부 2025_10.csv,문화관광,전시시설
의정부,2025,10,2025-10,65,경기도,의정부시,스마일랜드,112,의정부 2025_10.csv,문화관광,테마공원
의정부,2025,10,2025-10,67,경기도,의정부시,의정부천문대,110,의정부 2025_10.csv,레저스포츠,기타레저스포츠
의정부,2025,10,2025-10,68,경기도,의정부시,태조이성계상,109,의정부 2025_10.csv,기타관광,기타관광
의정부,2025,10,2025-10,69,경기도,의정부시,벌말어린이공원,107,의정부 2025_10.csv,문화관광,도시공원
의정부,2025,10,2025-10,70,경기도,의정부시,리드민리듬체조민락본점,91,의정부 2025_10.csv,레저스포츠,기타레저스포츠
의정부,2025,10,2025-10,71,경기도,의정부시,의정부축구센터,90,의정부 2025_10.csv,레저스포츠,기타레저스포츠
의정부,2025,10,2025-10,72,경기도,의정부시,의정부시리틀야구장,83,의정부 2025_10.csv,문화관광,레저스포츠시설
의정부,2025,10,2025-10,73,경기도,의정부시,봉화정사,79,의정부 2025_10.csv,역사관광,종교성지
의정부,2025,10,2025-10,73,경기도,의정부시,알쏭달쏭키즈드로잉,79,의정부 2025_10.csv,문화관광,테마공원
의정부,2025,10,2025-10,75,경기도,의정부시,사패산통나무집,78,의정부 2025_10.csv,레저스포츠,육상레저스포츠
의정부,2025,10,2025-10,76,경기도,의정부시,의정부망월풋살구장,77,의정부 2025_10.csv,레저스포츠,기타레저스포츠
의정부,2025,10,2025-10,76,경기도,의정부시,미륵암,77,의정부 2025_10.csv,역사관광,종교성지
의정부,2025,10,2025-10,76,경기도,의정부시,푸른마당근린공원,77,의정부 2025_10.csv,문화관광,도시공원
의정부,2025,10,2025-10,79,경기도,의정부시,성불사,75,의정부 2025_10.csv,역사관광,종교성지
의정부,2025,10,2025-10,80,경기도,의정부시,쌍암사,69,의정부 2025_10.csv,역사관광,종교성지
의정부,2025,10,2025-10,81,경기도,의정부시,에스티종합안전,68,의정부 2025_10.csv,체험관광,체험관광기타
의정부,2025,10,2025-10,82,경기도,의정부시,어수정어린이공원,66,의정부 2025_10.csv,문화관광,도시공원
의정부,2025,10,2025-10,83,경기도,의정부시,녹양보조축구장,65,의정부 2025_10.csv,문화관광,레저스포츠시설
의정부,2025,10,2025-10,83,경기도,의정부시,윤한미탁구클럽,65,의정부 2025_10.csv,레저스포츠,기타레저스포츠
의정부,2025,10,2025-10,85,경기도,의정부시,안골계곡,64,의정부 2025_10.csv,자연관광,자연경관(산)
의정부,2025,10,2025-10,86,경기도,의정부시,바둑전용경기장건축중(2026년08월 완공예정),63,의정부 2025_10.csv,레저스포츠,기타레저스포츠
의정부,2025,10,2025-10,86,경기도,의정부시,아로하포레스트,63,의정부 2025_10.csv,문화관광,테마공원
의정부,2025,10,2025-10,88,경기도,의정부시,버들개야구장,62,의정부 2025_10.csv,문화관광,레저스포츠시설
의정부,2025,10,2025-10,88,경기도,의정부시,모래야놀자,62,의정부 2025_10.csv,문화관광,테마공원
의정부,2025,10,2025-10,88,경기도,의정부시,의정부시평생학습원,62,의정부 2025_10.csv,체험관광,체험관광기타
의정부,2025,10,2025-10,88,경기도,의정부시,레벨업탁구클럽,62,의정부 2025_10.csv,레저스포츠,기타레저스포츠
의정부,2025,10,2025-10,92,경기도,의정부시,신곡탁구클럽,60,의정부 2025_10.csv,레저스포츠,기타레저스포츠
의정부,2025,10,2025-10,93,경기도,의정부시,나리벡시티테마파크건축중(2027년01월 예정),59,의정부 2025_10.csv,문화관광,테마공원
의정부,2025,10,2025-10,94,경기도,의정부시,의정부시장,58,의정부 2025_10.csv,쇼핑,시장
의정부,2025,10,2025-10,95,경기도,의정부시,이성숙탁구클럽,57,의정부 2025_10.csv,레저스포츠,기타레저스포츠
의정부,2025,10,2025-10,96,경기도,의정부시,덕천사,56,의정부 2025_10.csv,역사관광,종교성지
의정부,2025,10,2025-10,97,경기도,의정부시,토끼어린이공원,55,의정부 2025_10.csv,문화관광,도시공원
의정부,2025,10,2025-10,98,경기도,의정부시,정혜사의정부포교원,53,의정부 2025_10.csv,역사관광,종교성지
의정부,2025,10,2025-10,99,경기도,의정부시,롤프렌롤러장,52,의정부 2025_10.csv,레저스포츠,육상레저스포츠
의정부,2025,10,2025-10,100,경기도,의정부시,마린앤키즈,51,의정부 2025_10.csv,문화관광,테마공원
의정부,2025,10,2025-10,101,경기도,의정부시,꿀잼키즈룸의정부민락점,50,의정부 2025_10.csv,문화관광,테마공원
의정부,2025,10,2025-10,101,경기도,의정부시,사패산안골통제소방면,50,의정부 2025_10.csv,자연관광,자연경관(산)
의정부,2025,10,2025-10,101,경기도,의정부시,우리소극장,50,의정부 2025_10.csv,문화관광,공연시설
의정부,2025,10,2025-10,104,경기도,의정부시,의정부시 자일동 귀락마을,48,의정부 2025_10.csv,역사관광,역사유적지
의정부,2025,10,2025-10,104,경기도,의정부시,문화어린이공원,48,의정부 2025_10.csv,문화관광,도시공원
의정부,2025,10,2025-10,104,경기도,의정부시,스트라이크존의정부민락구장,48,의정부 2025_10.csv,레저스포츠,기타레저스포츠
의정부,2025,10,2025-10,107,경기도,의정부시,꽃동네어린이공원,46,의정부 2025_10.csv,문화관광,도시공원
의정부,2025,10,2025-10,107,경기도,의정부시,의정부아트캠프,46,의정부 2025_10.csv,문화관광,기타문화관광지
의정부,2025,10,2025-10,109,경기도,의정부시,하금오어린이공원,43,의정부 2025_10.csv,문화관광,도시공원
의정부,2025,10,2025-10,110,경기도,의정부시,약수배드민턴클럽,41,의정부 2025_10.csv,레저스포츠,기타레저스포츠
의정부,2025,10,2025-10,110,경기도,의정부시,대원사,41,의정부 2025_10.csv,역사관광,종교성지
의정부,2025,10,2025-10,112,경기도,의정부시,쿠키즈룸,38,의정부 2025_10.csv,문화관광,테마공원
의정부,2025,10,2025-10,112,경기도,의정부시,동심어린이공원,38,의정부 2025_10.csv,문화관광,도시공원
의정부,2025,10,2025-10,114,경기도,의정부시,경기도인재개발원북부캠퍼스,35,의정부 2025_10.csv,체험관광,체험관광기타
의정부,2025,10,2025-10,115,경기도,의정부시,미가사,33,의정부 2025_10.csv,역사관광,종교성지
의정부,2025,10,2025-10,115,경기도,의정부시,700어린이라운지,33,의정부 2025_10.csv,문화관광,테마공원
의정부,2025,10,2025-10,117,경기도,의정부시,우리끼리 키즈카페 스포츠마을의정부민락점,32,의정부 2025_10.csv,문화관광,테마공원
의정부,2025,10,2025-10,117,경기도,의정부시,노강서원,32,의정부 2025_10.csv,역사관광,역사유적지
의정부,2025,10,2025-10,119,경기도,의정부시,의정부시 산곡동 검은돌마을,31,의정부 2025_10.csv,역사관광,역사유적지
의정부,2025,10,2025-10,119,경기도,의정부시,중앙어린이공원,31,의정부 2025_10.csv,문화관광,도시공원
의정부,2025,10,2025-10,121,경기도,의정부시,정화사,30,의정부 2025_10.csv,역사관광,종교성지
의정부,2025,10,2025-10,121,경기도,의정부시,역전근린공원,30,의정부 2025_10.csv,문화관광,도시공원
의정부,2025,10,2025-10,123,경기도,의정부시,상금오어린이공원,29,의정부 2025_10.csv,문화관광,도시공원
의정부,2025,10,2025-10,123,경기도,의정부시,수락사,29,의정부 2025_10.csv,역사관광,종교성지
의정부,2025,10,2025-10,123,경기도,의정부시,너나들이어린이공원,29,의정부 2025_10.csv,문화관광,도시공원
의정부,2025,10,2025-10,126,경기도,의정부시,아이노리키즈카페,28,의정부 2025_10.csv,문화관광,테마공원
의정부,2025,10,2025-10,126,경기도,의정부시,키즈누리본점,28,의정부 2025_10.csv,문화관광,테마공원
의정부,2025,10,2025-10,128,경기도,의정부시,중앙문화공원,27,의정부 2025_10.csv,문화관광,도시공원
의정부,2025,10,2025-10,128,경기도,의정부시,추동웰빙공원,27,의정부 2025_10.csv,문화관광,도시공원
의정부,2025,10,2025-10,130,경기도,의정부시,홍연경민현대미술관,26,의정부 2025_10.csv,문화관광,전시시설
의정부,2025,10,2025-10,130,경기도,의정부시,의정부예술의전당소극장,26,의정부 2025_10.csv,문화관광,공연시설
의정부,2025,10,2025-10,130,경기도,의정부시,노리랜드,26,의정부 2025_10.csv,문화관광,테마공원
의정부,2025,10,2025-10,133,경기도,의정부시,북한산국립공원원도봉탐방지원센터,25,의정부 2025_10.csv,기타관광,기타관광
의정부,2025,10,2025-10,133,경기도,의정부시,슈가복싱프리미엄회룡점,25,의정부 2025_10.csv,레저스포츠,기타레저스포츠
의정부,2025,10,2025-10,133,경기도,의정부시,세빛문화공원,25,의정부 2025_10.csv,문화관광,도시공원
의정부,2025,10,2025-10,133,경기도,의정부시,의정부역,25,의정부 2025_10.csv,기타관광,교통시설
의정부,2025,10,2025-10,133,경기도,의정부시,원효사,25,의정부 2025_10.csv,역사관광,종교성지
의정부,2025,10,2025-10,138,경기도,의정부시,드래곤트릭킹짐,24,의정부 2025_10.csv,레저스포츠,기타레저스포츠
의정부,2025,10,2025-10,138,경기도,의정부시,경기도북부육아종합지원센터아이사랑놀이터,24,의정부 2025_10.csv,문화관광,테마공원
의정부,2025,10,2025-10,138,경기도,의정부시,정문부장군묘,24,의정부 2025_10.csv,역사관광,역사유적지
의정부,2025,10,2025-10,138,경기도,의정부시,이태영탁구교실,24,의정부 2025_10.csv,레저스포츠,기타레저스포츠
의정부,2025,10,2025-10,142,경기도,의정부시,왕바우근린공원,23,의정부 2025_10.csv,문화관광,도시공원
의정부,2025,10,2025-10,142,경기도,의정부시,사패산,23,의정부 2025_10.csv,자연관광,자연경관(산)
의정부,2025,10,2025-10,142,경기도,의정부시,관음사,23,의정부 2025_10.csv,역사관광,종교성지
의정부,2025,10,2025-10,142,경기도,의정부시,아이사랑놀이터민락점,23,의정부 2025_10.csv,문화관광,테마공원
의정부,2025,10,2025-10,146,경기도,의정부시,민락리틀야구장,22,의정부 2025_10.csv,문화관광,레저스포츠시설
의정부,2025,10,2025-10,147,경기도,의정부시,원각사,21,의정부 2025_10.csv,역사관광,종교성지
의정부,2025,10,2025-10,147,경기도,의정부시,홍익문화공원,21,의정부 2025_10.csv,문화관광,도시공원
의정부,2025,10,2025-10,147,경기도,의정부시,용현정,21,의정부 2025_10.csv,레저스포츠,육상레저스포츠
의정부,2025,10,2025-10,147,경기도,의정부시,영산법화사,21,의정부 2025_10.csv,역사관광,종교성지
의정부,2025,10,2025-10,151,경기도,의정부시,투앤디수영장,20,의정부 2025_10.csv,문화관광,테마공원
의정부,2025,10,2025-10,151,경기도,의정부시,백합어린이공원,20,의정부 2025_10.csv,문화관광,도시공원
의정부,2025,10,2025-10,151,경기도,의정부시,리얼야구존의정부점,20,의정부 2025_10.csv,레저스포츠,기타레저스포츠
의정부,2025,10,2025-10,154,경기도,의정부시,리틀베이비,19,의정부 2025_10.csv,문화관광,테마공원
의정부,2025,10,2025-10,154,경기도,의정부시,의정부삼일운동기념비,19,의정부 2025_10.csv,역사관광,역사유물
의정부,2025,10,2025-10,154,경기도,의정부시,김미미도예공방,19,의정부 2025_10.csv,체험관광,공예체험
의정부,2025,10,2025-10,154,경기도,의정부시,바른평생교육원,19,의정부 2025_10.csv,체험관광,체험관광기타
의정부,2025,10,2025-10,158,경기도,의정부시,인보자기,18,의정부 2025_10.csv,체험관광,체험관광기타
의정부,2025,10,2025-10,158,경기도,의정부시,샌드케이,18,의정부 2025_10.csv,문화관광,테마공원
의정부,2025,10,2025-10,158,경기도,의정부시,범골어린이공원,18,의정부 2025_10.csv,문화관광,도시공원
의정부,2025,10,2025-10,158,경기도,의정부시,무량사,18,의정부 2025_10.csv,역사관광,종교성지
의정부,2025,10,2025-10,162,경기도,의정부시,동그라미탁구교실,17,의정부 2025_10.csv,레저스포츠,기타레저스포츠
의정부,2025,10,2025-10,162,경기도,의정부시,좋은칼공방,17,의정부 2025_10.csv,체험관광,공예체험
의정부,2025,10,2025-10,162,경기도,의정부시,문예어린이공원,17,의정부 2025_10.csv,문화관광,도시공원
의정부,2025,10,2025-10,165,경기도,의정부시,산군무에타이킥복싱체육관,16,의정부 2025_10.csv,레저스포츠,기타레저스포츠
의정부,2025,10,2025-10,166,경기도,의정부시,뉴키즈온고산점,15,의정부 2025_10.csv,문화관광,테마공원
의정부,2025,10,2025-10,166,경기도,의정부시,추동근린공원,15,의정부 2025_10.csv,문화관광,도시공원
의정부,2025,10,2025-10,166,경기도,의정부시,여래사,15,의정부 2025_10.csv,역사관광,종교성지
의정부,2025,10,2025-10,166,경기도,의정부시,와우민턴샵,15,의정부 2025_10.csv,레저스포츠,기타레저스포츠
의정부,2025,10,2025-10,170,경기도,의정부시,스카이공연홀,14,의정부 2025_10.csv,문화관광,공연시설
의정부,2025,10,2025-10,170,경기도,의정부시,미륵사,14,의정부 2025_10.csv,역사관광,종교성지
의정부,2025,10,2025-10,170,경기도,의정부시,킹클라이밍,14,의정부 2025_10.csv,레저스포츠,기타레저스포츠
의정부,2025,10,2025-10,173,경기도,의정부시,의정부지구전투기념비,13,의정부 2025_10.csv,역사관광,역사유물
의정부,2025,10,2025-10,173,경기도,의정부시,의정부시 가능동 입석마을,13,의정부 2025_10.csv,역사관광,역사유적지
의정부,2025,10,2025-10,173,경기도,의정부시,장암어린이공원,13,의정부 2025_10.csv,문화관광,도시공원
의정부,2025,10,2025-10,173,경기도,의정부시,무지랭이약수터,13,의정부 2025_10.csv,자연관광,자연경관(산)
의정부,2025,10,2025-10,177,경기도,의정부시,회룡문화공원,12,의정부 2025_10.csv,문화관광,도시공원
의정부,2025,10,2025-10,177,경기도,의정부시,와다미싱공방,12,의정부 2025_10.csv,체험관광,공예체험
의정부,2025,10,2025-10,177,경기도,의정부시,예술공간휴서사,12,의정부 2025_10.csv,문화관광,공연시설
의정부,2025,10,2025-10,177,경기도,의정부시,라이트바디,12,의정부 2025_10.csv,레저스포츠,기타레저스포츠
의정부,2025,10,2025-10,177,경기도,의정부시,무지개어린이공원,12,의정부 2025_10.csv,문화관광,도시공원
의정부,2025,10,2025-10,177,경기도,의정부시,중랑천어린이공원,12,의정부 2025_10.csv,문화관광,도시공원
의정부,2025,10,2025-10,177,경기도,의정부시,트라이포스의정부주짓수,12,의정부 2025_10.csv,레저스포츠,기타레저스포츠
의정부,2025,10,2025-10,177,경기도,의정부시,김병지축구클럽의정부롯데마트점,12,의정부 2025_10.csv,레저스포츠,기타레저스포츠
의정부,2025,10,2025-10,177,경기도,의정부시,귀락문화공원,12,의정부 2025_10.csv,문화관광,도시공원
의정부,2025,10,2025-10,186,경기도,의정부시,무지랭이계곡,11,의정부 2025_10.csv,자연관광,자연경관(산)
의정부,2025,10,2025-10,186,경기도,의정부시,홍짐,11,의정부 2025_10.csv,레저스포츠,기타레저스포츠
의정부,2025,10,2025-10,186,경기도,의정부시,민락어린이교통공원,11,의정부 2025_10.csv,문화관광,도시공원
의정부,2025,10,2025-10,186,경기도,의정부시,만남어린이공원,11,의정부 2025_10.csv,문화관광,도시공원
의정부,2025,10,2025-10,186,경기도,의정부시,석림사계곡,11,의정부 2025_10.csv,자연관광,자연경관(산)
의정부,2025,10,2025-10,191,경기도,의정부시,갤러리평화,10,의정부 2025_10.csv,문화관광,전시시설
의정부,2025,10,2025-10,191,경기도,의정부시,민락탁구클럽,10,의정부 2025_10.csv,레저스포츠,기타레저스포츠
의정부,2025,10,2025-10,191,경기도,의정부시,공룡어린이공원,10,의정부 2025_10.csv,문화관광,도시공원
의정부,2025,10,2025-10,191,경기도,의정부시,로데오거리상점가,10,의정부 2025_10.csv,쇼핑,시장
의정부,2025,10,2025-10,191,경기도,의정부시,쌍용사,10,의정부 2025_10.csv,역사관광,종교성지
의정부,2025,10,2025-10,191,경기도,의정부시,용현사,10,의정부 2025_10.csv,역사관광,종교성지
의정부,2025,10,2025-10,191,경기도,의정부시,두물터농장,10,의정부 2025_10.csv,체험관광,농/산/어촌체험
의정부,2025,10,2025-10,198,경기도,의정부시,자담공방,9,의정부 2025_10.csv,체험관광,공예체험
의정부,2025,10,2025-10,198,경기도,의정부시,장수원어린이공원,9,의정부 2025_10.csv,문화관광,도시공원
의정부,2025,10,2025-10,200,경기도,의정부시,샤모니클라이밍,8,의정부 2025_10.csv,레저스포츠,기타레저스포츠
의정부,2025,10,2025-10,200,경기도,의정부시,도안사,8,의정부 2025_10.csv,역사관광,종교성지
의정부,2025,10,2025-10,200,경기도,의정부시,의정부시 녹양동 양지마을,8,의정부 2025_10.csv,역사관광,역사유적지
의정부,2025,10,2025-10,200,경기도,의정부시,신곡어린이공원,8,의정부 2025_10.csv,문화관광,도시공원
의정부,2025,10,2025-10,200,경기도,의정부시,오목문화근린공원,8,의정부 2025_10.csv,문화관광,도시공원
의정부,2025,10,2025-10,200,경기도,의정부시,대각사,8,의정부 2025_10.csv,역사관광,종교성지
의정부,2025,10,2025-10,200,경기도,의정부시,해오름근린공원,8,의정부 2025_10.csv,문화관광,도시공원
의정부,2025,10,2025-10,200,경기도,의정부시,정하영탁구클럽,8,의정부 2025_10.csv,레저스포츠,기타레저스포츠
의정부,2025,10,2025-10,200,경기도,의정부시,초록어린이공원,8,의정부 2025_10.csv,문화관광,도시공원
의정부,2025,10,2025-10,200,경기도,의정부시,정수선원,8,의정부 2025_10.csv,역사관광,종교성지
의정부,2025,10,2025-10,210,경기도,의정부시,승지원트레이닝센터,7,의정부 2025_10.csv,레저스포츠,기타레저스포츠
의정부,2025,10,2025-10,210,경기도,의정부시,슈가복싱프리미엄의정부점,7,의정부 2025_10.csv,레저스포츠,기타레저스포츠
의정부,2025,10,2025-10,210,경기도,의정부시,살판마을극장,7,의정부 2025_10.csv,문화관광,공연시설
의정부,2025,10,2025-10,210,경기도,의정부시,광쟁이천수변공원,7,의정부 2025_10.csv,문화관광,도시공원
의정부,2025,10,2025-10,210,경기도,의정부시,피크닉키즈룸,7,의정부 2025_10.csv,문화관광,테마공원
의정부,2025,10,2025-10,210,경기도,의정부시,선행어린이공원,7,의정부 2025_10.csv,문화관광,도시공원
의정부,2025,10,2025-10,210,경기도,의정부시,심원사,7,의정부 2025_10.csv,역사관광,종교성지
의정부,2025,10,2025-10,217,경기도,의정부시,알리핏,6,의정부 2025_10.csv,레저스포츠,기타레저스포츠
의정부,2025,10,2025-10,217,경기도,의정부시,하늘빛어린이공원,6,의정부 2025_10.csv,문화관광,도시공원
의정부,2025,10,2025-10,217,경기도,의정부시,자비정사,6,의정부 2025_10.csv,역사관광,종교성지
의정부,2025,10,2025-10,217,경기도,의정부시,뛰노리방방,6,의정부 2025_10.csv,문화관광,테마공원
의정부,2025,10,2025-10,217,경기도,의정부시,스트라이크존의정부구장,6,의정부 2025_10.csv,레저스포츠,기타레저스포츠
의정부,2025,10,2025-10,217,경기도,의정부시,블랙뮤직페스티벌,6,의정부 2025_10.csv,문화관광,기타문화관광지
의정부,2025,10,2025-10,223,경기도,의정부시,오월솝,5,의정부 2025_10.csv,체험관광,공예체험
의정부,2025,10,2025-10,223,경기도,의정부시,능골문화공원,5,의정부 2025_10.csv,문화관광,도시공원
의정부,2025,10,2025-10,223,경기도,의정부시,영락사,5,의정부 2025_10.csv,역사관광,종교성지
의정부,2025,10,2025-10,223,경기도,의정부시,학송사,5,의정부 2025_10.csv,역사관광,종교성지
의정부,2025,10,2025-10,223,경기도,의정부시,천보사,5,의정부 2025_10.csv,역사관광,종교성지
의정부,2025,10,2025-10,223,경기도,의정부시,덕수사,5,의정부 2025_10.csv,역사관광,종교성지
의정부,2025,10,2025-10,223,경기도,의정부시,법륜사,5,의정부 2025_10.csv,역사관광,종교성지
의정부,2025,10,2025-10,223,경기도,의정부시,관음정사,5,의정부 2025_10.csv,역사관광,종교성지
의정부,2025,10,2025-10,223,경기도,의정부시,고산꽃농원,5,의정부 2025_10.csv,체험관광,농/산/어촌체험
의정부,2025,10,2025-10,232,경기도,의정부시,올디스튜디오,4,의정부 2025_10.csv,체험관광,공예체험
의정부,2025,10,2025-10,232,경기도,의정부시,청년창작공간작당,4,의정부 2025_10.csv,문화관광,기타문화관광지
의정부,2025,10,2025-10,232,경기도,의정부시,메이드라인,4,의정부 2025_10.csv,레저스포츠,기타레저스포츠
의정부,2025,10,2025-10,232,경기도,의정부시,고산MMA주짓수종합격투기,4,의정부 2025_10.csv,레저스포츠,기타레저스포츠
의정부,2025,10,2025-10,232,경기도,의정부시,킨더마마신세계백화점의정부점,4,의정부 2025_10.csv,문화관광,테마공원
의정부,2025,10,2025-10,232,경기도,의정부시,직동수련원,4,의정부 2025_10.csv,레저스포츠,육상레저스포츠
의정부,2025,10,2025-10,232,경기도,의정부시,라온공방,4,의정부 2025_10.csv,체험관광,공예체험
의정부,2025,10,2025-10,232,경기도,의정부시,솔향어린이공원,4,의정부 2025_10.csv,문화관광,도시공원
의정부,2025,10,2025-10,232,경기도,의정부시,송산1호수변공원,4,의정부 2025_10.csv,문화관광,도시공원
의정부,2025,10,2025-10,232,경기도,의정부시,신나는겨울놀이터,4,의정부 2025_10.csv,레저스포츠,육상레저스포츠
의정부,2025,10,2025-10,232,경기도,의정부시,장암숲늘품길경계숲길,4,의정부 2025_10.csv,레저스포츠,기타레저스포츠
의정부,2025,10,2025-10,232,경기도,의정부시,의정부회룡사오층석탑,4,의정부 2025_10.csv,역사관광,역사유적지
의정부,2025,10,2025-10,232,경기도,의정부시,한수종합조경의정부농장,4,의정부 2025_10.csv,체험관광,농/산/어촌체험
의정부,2025,10,2025-10,232,경기도,의정부시,호동어린이공원,4,의정부 2025_10.csv,문화관광,도시공원
의정부,2025,10,2025-10,232,경기도,의정부시,부용어린이공원,4,의정부 2025_10.csv,문화관광,도시공원
의정부,2025,10,2025-10,232,경기도,의정부시,거문돌계곡,4,의정부 2025_10.csv,자연관광,자연경관(산)
의정부,2025,10,2025-10,232,경기도,의정부시,마음수련의정부센터,4,의정부 2025_10.csv,레저스포츠,기타레저스포츠
의정부,2025,10,2025-10,232,경기도,의정부시,삼원유통,4,의정부 2025_10.csv,쇼핑,시장
의정부,2025,10,2025-10,232,경기도,의정부시,상원사,4,의정부 2025_10.csv,역사관광,종교성지
의정부,2025,10,2025-10,232,경기도,의정부시,석굴암,4,의정부 2025_10.csv,역사관광,종교성지
의정부,2025,10,2025-10,232,경기도,의정부시,마스터탁구클럽,4,의정부 2025_10.csv,레저스포츠,기타레저스포츠
의정부,2025,10,2025-10,232,경기도,의정부시,의정부LKFC유소년축구클럽,4,의정부 2025_10.csv,레저스포츠,기타레저스포츠
의정부,2025,10,2025-10,232,경기도,의정부시,유니크발레,4,의정부 2025_10.csv,레저스포츠,기타레저스포츠
의정부,2025,10,2025-10,255,경기도,의정부시,캠프라과디아체육공원,3,의정부 2025_10.csv,문화관광,도시공원
의정부,2025,10,2025-10,255,경기도,의정부시,꿈그림공장,3,의정부 2025_10.csv,체험관광,공예체험
의정부,2025,10,2025-10,255,경기도,의정부시,민화화실나비,3,의정부 2025_10.csv,체험관광,공예체험
의정부,2025,10,2025-10,255,경기도,의정부시,쌍암사현대불교,3,의정부 2025_10.csv,역사관광,종교성지
의정부,2025,10,2025-10,255,경기도,의정부시,용현공원,3,의정부 2025_10.csv,문화관광,도시공원
의정부,2025,10,2025-10,255,경기도,의정부시,캔들은가비,3,의정부 2025_10.csv,체험관광,공예체험
의정부,2025,10,2025-10,255,경기도,의정부시,여방골농장,3,의정부 2025_10.csv,체험관광,농/산/어촌체험
의정부,2025,10,2025-10,255,경기도,의정부시,초록누리근린공원,3,의정부 2025_10.csv,문화관광,도시공원
의정부,2025,10,2025-10,255,경기도,의정부시,원도봉산,3,의정부 2025_10.csv,자연관광,자연경관(산)
의정부,2025,10,2025-10,255,경기도,의정부시,씨에이치인터내셔널서울,3,의정부 2025_10.csv,레저스포츠,육상레저스포츠
의정부,2025,10,2025-10,255,경기도,의정부시,렉스마경기의정부점,3,의정부 2025_10.csv,레저스포츠,기타레저스포츠
의정부,2025,10,2025-10,255,경기도,의정부시,맨발황톳길,3,의정부 2025_10.csv,레저스포츠,기타레저스포츠
의정부,2025,10,2025-10,255,경기도,의정부시,큐리키즈룸,3,의정부 2025_10.csv,문화관광,테마공원
의정부,2025,10,2025-10,255,경기도,의정부시,자은선원,3,의정부 2025_10.csv,역사관광,종교성지
의정부,2025,10,2025-10,255,경기도,의정부시,원오선원,3,의정부 2025_10.csv,역사관광,종교성지
의정부,2025,10,2025-10,255,경기도,의정부시,리빙다이어트복싱,3,의정부 2025_10.csv,레저스포츠,기타레저스포츠
의정부,2025,10,2025-10,255,경기도,의정부시,청룡어린이공원,3,의정부 2025_10.csv,문화관광,도시공원
의정부,2025,10,2025-10,255,경기도,의정부시,바랑골어린이공원,3,의정부 2025_10.csv,문화관광,도시공원
의정부,2025,10,2025-10,255,경기도,의정부시,소망어린이공원,3,의정부 2025_10.csv,문화관광,도시공원
의정부,2025,10,2025-10,255,경기도,의정부시,승지어린이공원,3,의정부 2025_10.csv,문화관광,도시공원
의정부,2025,10,2025-10,255,경기도,의정부시,백석천근린공원,3,의정부 2025_10.csv,문화관광,도시공원
의정부,2025,10,2025-10,255,경기도,의정부시,금빛어린이공원,3,의정부 2025_10.csv,문화관광,도시공원
의정부,2025,10,2025-10,255,경기도,의정부시,새말어린이공원,3,의정부 2025_10.csv,문화관광,도시공원
의정부,2025,10,2025-10,255,경기도,의정부시,명덕사,3,의정부 2025_10.csv,역사관광,종교성지
의정부,2025,10,2025-10,255,경기도,의정부시,부용산,3,의정부 2025_10.csv,자연관광,자연경관(산)
의정부,2025,10,2025-10,255,경기도,의정부시,부양수산,3,의정부 2025_10.csv,쇼핑,시장
의정부,2025,10,2025-10,255,경기도,의정부시,호국사,3,의정부 2025_10.csv,역사관광,역사유적지
의정부,2025,10,2025-10,255,경기도,의정부시,천보산,3,의정부 2025_10.csv,자연관광,자연경관(산)
의정부,2025,10,2025-10,255,경기도,의정부시,중앙로,3,의정부 2025_10.csv,기타관광,기타관광
의정부,2025,10,2025-10,255,경기도,의정부시,잎새어린이공원,3,의정부 2025_10.csv,문화관광,도시공원
의정부,2025,10,2025-10,255,경기도,의정부시,추동공원,3,의정부 2025_10.csv,문화관광,도시공원
의정부,2025,10,2025-10,255,경기도,의정부시,용화사,3,의정부 2025_10.csv,역사관광,종교성지
의정부,2025,10,2025-10,255,경기도,의정부시,다함께야구왕민락점,3,의정부 2025_10.csv,레저스포츠,기타레저스포츠
의정부,2025,10,2025-10,255,경기도,의정부시,금토농원,3,의정부 2025_10.csv,체험관광,농/산/어촌체험
의정부,2025,11,2025-11,1,경기도,의정부시,신세계백화점의정부점,24060,의정부 2025_11.csv,쇼핑,백화점
의정부,2025,11,2025-11,2,경기도,의정부시,의정부제일시장,10209,의정부 2025_11.csv,쇼핑,시장
의정부,2025,11,2025-11,3,경기도,의정부시,의정부예술의전당,4068,의정부 2025_11.csv,문화관광,공연시설
의정부,2025,11,2025-11,4,경기도,의정부시,의정부버스터미널,3926,의정부 2025_11.csv,기타관광,교통시설
의정부,2025,11,2025-11,5,경기도,의정부시,메가박스의정부민락,1946,의정부 2025_11.csv,문화관광,공연시설
의정부,2025,11,2025-11,6,경기도,의정부시,롯데시네마의정부민락,1938,의정부 2025_11.csv,문화관광,공연시설
의정부,2025,11,2025-11,7,경기도,의정부시,의정부실내빙상장,1684,의정부 2025_11.csv,레저스포츠,육상레저스포츠
의정부,2025,11,2025-11,8,경기도,의정부시,신곡실내배드민턴장,1411,의정부 2025_11.csv,레저스포츠,기타레저스포츠
의정부,2025,11,2025-11,9,경기도,의정부시,CGV의정부,996,의정부 2025_11.csv,문화관광,공연시설
의정부,2025,11,2025-11,10,경기도,의정부시,의정부시청소년수련관,924,의정부 2025_11.csv,레저스포츠,육상레저스포츠
의정부,2025,11,2025-11,11,경기도,의정부시,직동근린공원,909,의정부 2025_11.csv,문화관광,도시공원
의정부,2025,11,2025-11,12,경기도,의정부시,태영프라자,813,의정부 2025_11.csv,쇼핑,쇼핑몰
의정부,2025,11,2025-11,13,경기도,의정부시,송산배수지체육시설,760,의정부 2025_11.csv,문화관광,도시공원
의정부,2025,11,2025-11,14,경기도,의정부시,낙양물사랑공원,701,의정부 2025_11.csv,문화관광,도시공원
의정부,2025,11,2025-11,15,경기도,의정부시,아일랜드캐슬워터파크,580,의정부 2025_11.csv,문화관광,테마공원
의정부,2025,11,2025-11,16,경기도,의정부시,송산사지근린공원,502,의정부 2025_11.csv,문화관광,도시공원
의정부,2025,11,2025-11,17,경기도,의정부시,의정부공유학교올래캠퍼스,451,의정부 2025_11.csv,체험관광,체험관광기타
의정부,2025,11,2025-11,18,경기도,의정부시,렛츠런CCC의정부지점,410,의정부 2025_11.csv,레저스포츠,육상레저스포츠
의정부,2025,11,2025-11,19,경기도,의정부시,와글아이의정부점,402,의정부 2025_11.csv,문화관광,테마공원
의정부,2025,11,2025-11,20,경기도,의정부시,점핑몬스터의정부점,382,의정부 2025_11.csv,문화관광,테마공원
의정부,2025,11,2025-11,21,경기도,의정부시,활기체육공원,379,의정부 2025_11.csv,문화관광,도시공원
의정부,2025,11,2025-11,21,경기도,의정부시,서울승마클럽,379,의정부 2025_11.csv,레저스포츠,육상레저스포츠
의정부,2025,11,2025-11,23,경기도,의정부시,고고다이노키즈카페민락점,330,의정부 2025_11.csv,문화관광,테마공원
의정부,2025,11,2025-11,24,경기도,의정부시,석림사,322,의정부 2025_11.csv,역사관광,종교성지
의정부,2025,11,2025-11,25,경기도,의정부시,녹양야구장,302,의정부 2025_11.csv,문화관광,레저스포츠시설
의정부,2025,11,2025-11,26,경기도,의정부시,회룡사,301,의정부 2025_11.csv,역사관광,종교성지
의정부,2025,11,2025-11,27,경기도,의정부시,망월사,245,의정부 2025_11.csv,역사관광,종교성지
의정부,2025,11,2025-11,28,경기도,의정부시,경기도교육청미래과학교육원북부교육관,239,의정부 2025_11.csv,체험관광,체험관광기타
의정부,2025,11,2025-11,29,경기도,의정부시,추동배드민턴장,237,의정부 2025_11.csv,레저스포츠,기타레저스포츠
의정부,2025,11,2025-11,30,경기도,의정부시,의정부가구거리,236,의정부 2025_11.csv,쇼핑,기타쇼핑시설
의정부,2025,11,2025-11,31,경기도,의정부시,자일산림욕장,229,의정부 2025_11.csv,자연관광,자연공원
의정부,2025,11,2025-11,32,경기도,의정부시,의정부신시가지,225,의정부 2025_11.csv,기타관광,기타관광
의정부,2025,11,2025-11,33,경기도,의정부시,천보탁구장,200,의정부 2025_11.csv,레저스포츠,기타레저스포츠
의정부,2025,11,2025-11,34,경기도,의정부시,곤제구장,189,의정부 2025_11.csv,문화관광,레저스포츠시설
의정부,2025,11,2025-11,35,경기도,의정부시,경기북부보육교사교육원,186,의정부 2025_11.csv,체험관광,체험관광기타
의정부,2025,11,2025-11,36,경기도,의정부시,의정부예술의전당대극장,172,의정부 2025_11.csv,문화관광,공연시설
의정부,2025,11,2025-11,37,경기도,의정부시,락앤플레이민락점,168,의정부 2025_11.csv,문화관광,테마공원
의정부,2025,11,2025-11,38,경기도,의정부시,직동축구장,164,의정부 2025_11.csv,문화관광,레저스포츠시설
의정부,2025,11,2025-11,39,경기도,의정부시,장암파크골프장,161,의정부 2025_11.csv,레저스포츠,육상레저스포츠
의정부,2025,11,2025-11,40,경기도,의정부시,덕천사,157,의정부 2025_11.csv,역사관광,종교성지
의정부,2025,11,2025-11,41,경기도,의정부시,장수원배드민턴클럽,148,의정부 2025_11.csv,레저스포츠,기타레저스포츠
의정부,2025,11,2025-11,42,경기도,의정부시,히어로키즈파크의정부지점,143,의정부 2025_11.csv,문화관광,테마공원
의정부,2025,11,2025-11,43,경기도,의정부시,현충탑,141,의정부 2025_11.csv,역사관광,역사유물
의정부,2025,11,2025-11,44,경기도,의정부시,빛뜰문화공원,132,의정부 2025_11.csv,문화관광,도시공원
의정부,2025,11,2025-11,45,경기도,의정부시,큐리키즈카페의정부점,131,의정부 2025_11.csv,문화관광,테마공원
의정부,2025,11,2025-11,46,경기도,의정부시,의정부청과야채시장,129,의정부 2025_11.csv,쇼핑,시장
의정부,2025,11,2025-11,47,경기도,의정부시,북한산국립공원회룡탐방지원센터,122,의정부 2025_11.csv,기타관광,기타관광
의정부,2025,11,2025-11,48,경기도,의정부시,헬로방방민락점,120,의정부 2025_11.csv,문화관광,테마공원
의정부,2025,11,2025-11,49,경기도,의정부시,아이스토리키즈카페,112,의정부 2025_11.csv,문화관광,테마공원
의정부,2025,11,2025-11,50,경기도,의정부시,안골유원지,107,의정부 2025_11.csv,문화관광,복합관광시설
의정부,2025,11,2025-11,51,경기도,의정부시,호암사,103,의정부 2025_11.csv,역사관광,종교성지
의정부,2025,11,2025-11,52,경기도,의정부시,의정부천문대,97,의정부 2025_11.csv,레저스포츠,기타레저스포츠
의정부,2025,11,2025-11,53,경기도,의정부시,경륜경정의정부지사,96,의정부 2025_11.csv,레저스포츠,육상레저스포츠
의정부,2025,11,2025-11,54,경기도,의정부시,자일낚시터,95,의정부 2025_11.csv,레저스포츠,수상레저스포츠
의정부,2025,11,2025-11,55,경기도,의정부시,김민성탁구클럽,94,의정부 2025_11.csv,레저스포츠,기타레저스포츠
의정부,2025,11,2025-11,56,경기도,의정부시,백영수미술관,87,의정부 2025_11.csv,문화관광,전시시설
의정부,2025,11,2025-11,57,경기도,의정부시,고고롤러스케이트장,85,의정부 2025_11.csv,레저스포츠,육상레저스포츠
의정부,2025,11,2025-11,58,경기도,의정부시,신숙주선생묘,83,의정부 2025_11.csv,역사관광,역사유적지
의정부,2025,11,2025-11,59,경기도,의정부시,타요키즈카페의정부민락점,82,의정부 2025_11.csv,문화관광,테마공원
의정부,2025,11,2025-11,60,경기도,의정부시,희망어린이공원,80,의정부 2025_11.csv,문화관광,도시공원
의정부,2025,11,2025-11,60,경기도,의정부시,의정부예술의전당소극장,80,의정부 2025_11.csv,문화관광,공연시설
의정부,2025,11,2025-11,62,경기도,의정부시,스카이짐유소년스포츠클럽녹양점,75,의정부 2025_11.csv,레저스포츠,기타레저스포츠
의정부,2025,11,2025-11,62,경기도,의정부시,허니비풋살파크,75,의정부 2025_11.csv,문화관광,레저스포츠시설
의정부,2025,11,2025-11,62,경기도,의정부시,벌말어린이공원,75,의정부 2025_11.csv,문화관광,도시공원
의정부,2025,11,2025-11,65,경기도,의정부시,바둑전용경기장건축중(2026년08월 완공예정),72,의정부 2025_11.csv,레저스포츠,기타레저스포츠
의정부,2025,11,2025-11,66,경기도,의정부시,곤제근린공원,70,의정부 2025_11.csv,문화관광,도시공원
의정부,2025,11,2025-11,66,경기도,의정부시,스마일랜드,70,의정부 2025_11.csv,문화관광,테마공원
의정부,2025,11,2025-11,68,경기도,의정부시,성불사,69,의정부 2025_11.csv,역사관광,종교성지
의정부,2025,11,2025-11,69,경기도,의정부시,의정부시리틀야구장,68,의정부 2025_11.csv,문화관광,레저스포츠시설
의정부,2025,11,2025-11,70,경기도,의정부시,마린앤키즈,67,의정부 2025_11.csv,문화관광,테마공원
의정부,2025,11,2025-11,71,경기도,의정부시,어수정어린이공원,57,의정부 2025_11.csv,문화관광,도시공원
의정부,2025,11,2025-11,72,경기도,의정부시,윤한미탁구클럽,51,의정부 2025_11.csv,레저스포츠,기타레저스포츠
의정부,2025,11,2025-11,72,경기도,의정부시,태조이성계상,51,의정부 2025_11.csv,기타관광,기타관광
의정부,2025,11,2025-11,74,경기도,의정부시,알쏭달쏭키즈드로잉,50,의정부 2025_11.csv,문화관광,테마공원
의정부,2025,11,2025-11,74,경기도,의정부시,리드민리듬체조민락본점,50,의정부 2025_11.csv,레저스포츠,기타레저스포츠
의정부,2025,11,2025-11,76,경기도,의정부시,의정부기억저장소,49,의정부 2025_11.csv,문화관광,전시시설
의정부,2025,11,2025-11,76,경기도,의정부시,녹양보조축구장,49,의정부 2025_11.csv,문화관광,레저스포츠시설
의정부,2025,11,2025-11,78,경기도,의정부시,에스티종합안전,45,의정부 2025_11.csv,체험관광,체험관광기타
의정부,2025,11,2025-11,78,경기도,의정부시,푸른마당근린공원,45,의정부 2025_11.csv,문화관광,도시공원
의정부,2025,11,2025-11,80,경기도,의정부시,경기도어린이식품안전체험관의정부센터,43,의정부 2025_11.csv,체험관광,체험관광기타
의정부,2025,11,2025-11,81,경기도,의정부시,북한산국립공원원도봉탐방지원센터,40,의정부 2025_11.csv,기타관광,기타관광
의정부,2025,11,2025-11,82,경기도,의정부시,사패산안골통제소방면,39,의정부 2025_11.csv,자연관광,자연경관(산)
의정부,2025,11,2025-11,83,경기도,의정부시,아로하포레스트,38,의정부 2025_11.csv,문화관광,테마공원
의정부,2025,11,2025-11,84,경기도,의정부시,쌍암사,36,의정부 2025_11.csv,역사관광,종교성지
의정부,2025,11,2025-11,85,경기도,의정부시,의정부시평생학습원,34,의정부 2025_11.csv,체험관광,체험관광기타
의정부,2025,11,2025-11,86,경기도,의정부시,꿀잼키즈룸의정부민락점,33,의정부 2025_11.csv,문화관광,테마공원
의정부,2025,11,2025-11,87,경기도,의정부시,모래야놀자,31,의정부 2025_11.csv,문화관광,테마공원
의정부,2025,11,2025-11,87,경기도,의정부시,민락리틀야구장,31,의정부 2025_11.csv,문화관광,레저스포츠시설
의정부,2025,11,2025-11,87,경기도,의정부시,안골계곡,31,의정부 2025_11.csv,자연관광,자연경관(산)
의정부,2025,11,2025-11,90,경기도,의정부시,사패산통나무집,29,의정부 2025_11.csv,레저스포츠,육상레저스포츠
의정부,2025,11,2025-11,91,경기도,의정부시,봉화정사,28,의정부 2025_11.csv,역사관광,종교성지
의정부,2025,11,2025-11,91,경기도,의정부시,버들개야구장,28,의정부 2025_11.csv,문화관광,레저스포츠시설
의정부,2025,11,2025-11,91,경기도,의정부시,중앙어린이공원,28,의정부 2025_11.csv,문화관광,도시공원
의정부,2025,11,2025-11,94,경기도,의정부시,쿠키즈룸,27,의정부 2025_11.csv,문화관광,테마공원
의정부,2025,11,2025-11,94,경기도,의정부시,의정부역,27,의정부 2025_11.csv,기타관광,교통시설
의정부,2025,11,2025-11,94,경기도,의정부시,토끼어린이공원,27,의정부 2025_11.csv,문화관광,도시공원
의정부,2025,11,2025-11,94,경기도,의정부시,백석천근린공원,27,의정부 2025_11.csv,문화관광,도시공원
의정부,2025,11,2025-11,94,경기도,의정부시,의정부아트캠프,27,의정부 2025_11.csv,문화관광,기타문화관광지
의정부,2025,11,2025-11,99,경기도,의정부시,의정부축구센터,26,의정부 2025_11.csv,레저스포츠,기타레저스포츠
의정부,2025,11,2025-11,99,경기도,의정부시,경기도인재개발원북부캠퍼스,26,의정부 2025_11.csv,체험관광,체험관광기타
의정부,2025,11,2025-11,101,경기도,의정부시,나리벡시티테마파크건축중(2027년01월 예정),25,의정부 2025_11.csv,문화관광,테마공원
의정부,2025,11,2025-11,101,경기도,의정부시,의정부망월풋살구장,25,의정부 2025_11.csv,레저스포츠,기타레저스포츠
의정부,2025,11,2025-11,101,경기도,의정부시,우리끼리 키즈카페 스포츠마을의정부민락점,25,의정부 2025_11.csv,문화관광,테마공원
의정부,2025,11,2025-11,101,경기도,의정부시,노강서원,25,의정부 2025_11.csv,역사관광,역사유적지
의정부,2025,11,2025-11,105,경기도,의정부시,히어로플레이파크의정부점,24,의정부 2025_11.csv,문화관광,테마공원
의정부,2025,11,2025-11,105,경기도,의정부시,홍익문화공원,24,의정부 2025_11.csv,문화관광,도시공원
의정부,2025,11,2025-11,105,경기도,의정부시,이태영탁구교실,24,의정부 2025_11.csv,레저스포츠,기타레저스포츠
의정부,2025,11,2025-11,105,경기도,의정부시,우리소극장,24,의정부 2025_11.csv,문화관광,공연시설
의정부,2025,11,2025-11,109,경기도,의정부시,대원사,23,의정부 2025_11.csv,역사관광,종교성지
의정부,2025,11,2025-11,109,경기도,의정부시,하금오어린이공원,23,의정부 2025_11.csv,문화관광,도시공원
의정부,2025,11,2025-11,111,경기도,의정부시,이성숙탁구클럽,22,의정부 2025_11.csv,레저스포츠,기타레저스포츠
의정부,2025,11,2025-11,112,경기도,의정부시,레벨업탁구클럽,21,의정부 2025_11.csv,레저스포츠,기타레저스포츠
의정부,2025,11,2025-11,113,경기도,의정부시,장암발곡근린공원,20,의정부 2025_11.csv,문화관광,도시공원
의정부,2025,11,2025-11,114,경기도,의정부시,슈가복싱프리미엄회룡점,19,의정부 2025_11.csv,레저스포츠,기타레저스포츠
의정부,2025,11,2025-11,114,경기도,의정부시,미륵암,19,의정부 2025_11.csv,역사관광,종교성지
의정부,2025,11,2025-11,114,경기도,의정부시,정화사,19,의정부 2025_11.csv,역사관광,종교성지
의정부,2025,11,2025-11,114,경기도,의정부시,귀락문화공원,19,의정부 2025_11.csv,문화관광,도시공원
의정부,2025,11,2025-11,118,경기도,의정부시,약수배드민턴클럽,18,의정부 2025_11.csv,레저스포츠,기타레저스포츠
의정부,2025,11,2025-11,118,경기도,의정부시,슈가복싱프리미엄의정부점,18,의정부 2025_11.csv,레저스포츠,기타레저스포츠
의정부,2025,11,2025-11,118,경기도,의정부시,꽃동네어린이공원,18,의정부 2025_11.csv,문화관광,도시공원
의정부,2025,11,2025-11,118,경기도,의정부시,스트라이크존의정부민락구장,18,의정부 2025_11.csv,레저스포츠,기타레저스포츠
의정부,2025,11,2025-11,122,경기도,의정부시,샌드케이,17,의정부 2025_11.csv,문화관광,테마공원
의정부,2025,11,2025-11,122,경기도,의정부시,신곡새빛정원,17,의정부 2025_11.csv,문화관광,도시공원
의정부,2025,11,2025-11,122,경기도,의정부시,롤프렌롤러장,17,의정부 2025_11.csv,레저스포츠,육상레저스포츠
의정부,2025,11,2025-11,125,경기도,의정부시,킹클라이밍,16,의정부 2025_11.csv,레저스포츠,기타레저스포츠
의정부,2025,11,2025-11,126,경기도,의정부시,아이노리키즈카페,15,의정부 2025_11.csv,문화관광,테마공원
의정부,2025,11,2025-11,126,경기도,의정부시,무지랭이약수터,15,의정부 2025_11.csv,자연관광,자연경관(산)
의정부,2025,11,2025-11,128,경기도,의정부시,700어린이라운지,13,의정부 2025_11.csv,문화관광,테마공원
의정부,2025,11,2025-11,128,경기도,의정부시,의정부시장,13,의정부 2025_11.csv,쇼핑,시장
의정부,2025,11,2025-11,128,경기도,의정부시,의정부부대찌개축제,13,의정부 2025_11.csv,문화관광,기타문화관광지
의정부,2025,11,2025-11,131,경기도,의정부시,의정부시 산곡동 검은돌마을,12,의정부 2025_11.csv,역사관광,역사유적지
의정부,2025,11,2025-11,131,경기도,의정부시,리틀베이비,12,의정부 2025_11.csv,문화관광,테마공원
의정부,2025,11,2025-11,131,경기도,의정부시,캠프라과디아체육공원,12,의정부 2025_11.csv,문화관광,도시공원
의정부,2025,11,2025-11,131,경기도,의정부시,뉴키즈온고산점,12,의정부 2025_11.csv,문화관광,테마공원
의정부,2025,11,2025-11,131,경기도,의정부시,정문부장군묘,12,의정부 2025_11.csv,역사관광,역사유적지
의정부,2025,11,2025-11,131,경기도,의정부시,동심어린이공원,12,의정부 2025_11.csv,문화관광,도시공원
의정부,2025,11,2025-11,131,경기도,의정부시,추동웰빙공원,12,의정부 2025_11.csv,문화관광,도시공원
의정부,2025,11,2025-11,138,경기도,의정부시,사패산,11,의정부 2025_11.csv,자연관광,자연경관(산)
의정부,2025,11,2025-11,138,경기도,의정부시,피크닉키즈룸,11,의정부 2025_11.csv,문화관광,테마공원
의정부,2025,11,2025-11,138,경기도,의정부시,용현정,11,의정부 2025_11.csv,레저스포츠,육상레저스포츠
의정부,2025,11,2025-11,138,경기도,의정부시,노리랜드,11,의정부 2025_11.csv,문화관광,테마공원
의정부,2025,11,2025-11,142,경기도,의정부시,의정부문화역 이음,10,의정부 2025_11.csv,문화관광,기타문화관광지
의정부,2025,11,2025-11,142,경기도,의정부시,라이트바디,10,의정부 2025_11.csv,레저스포츠,기타레저스포츠
의정부,2025,11,2025-11,142,경기도,의정부시,수락사,10,의정부 2025_11.csv,역사관광,종교성지
의정부,2025,11,2025-11,142,경기도,의정부시,정혜사의정부포교원,10,의정부 2025_11.csv,역사관광,종교성지
의정부,2025,11,2025-11,142,경기도,의정부시,트라이포스의정부주짓수,10,의정부 2025_11.csv,레저스포츠,기타레저스포츠
의정부,2025,11,2025-11,142,경기도,의정부시,김미미도예공방,10,의정부 2025_11.csv,체험관광,공예체험
의정부,2025,11,2025-11,148,경기도,의정부시,드래곤트릭킹짐,9,의정부 2025_11.csv,레저스포츠,기타레저스포츠
의정부,2025,11,2025-11,148,경기도,의정부시,한국산악연수원CAC등산학교,9,의정부 2025_11.csv,레저스포츠,기타레저스포츠
의정부,2025,11,2025-11,148,경기도,의정부시,쌍용사,9,의정부 2025_11.csv,역사관광,종교성지
의정부,2025,11,2025-11,148,경기도,의정부시,신곡탁구클럽,9,의정부 2025_11.csv,레저스포츠,기타레저스포츠
의정부,2025,11,2025-11,152,경기도,의정부시,경기도북부육아종합지원센터아이사랑놀이터,8,의정부 2025_11.csv,문화관광,테마공원
의정부,2025,11,2025-11,152,경기도,의정부시,백합어린이공원,8,의정부 2025_11.csv,문화관광,도시공원
의정부,2025,11,2025-11,152,경기도,의정부시,문예어린이공원,8,의정부 2025_11.csv,문화관광,도시공원
의정부,2025,11,2025-11,152,경기도,의정부시,역전근린공원,8,의정부 2025_11.csv,문화관광,도시공원
의정부,2025,11,2025-11,156,경기도,의정부시,드림탁구클럽,7,의정부 2025_11.csv,레저스포츠,기타레저스포츠
의정부,2025,11,2025-11,156,경기도,의정부시,두물터농장,7,의정부 2025_11.csv,체험관광,농/산/어촌체험
의정부,2025,11,2025-11,156,경기도,의정부시,심원사,7,의정부 2025_11.csv,역사관광,종교성지
의정부,2025,11,2025-11,156,경기도,의정부시,정수선원,7,의정부 2025_11.csv,역사관광,종교성지
의정부,2025,11,2025-11,156,경기도,의정부시,와우민턴샵,7,의정부 2025_11.csv,레저스포츠,기타레저스포츠
의정부,2025,11,2025-11,161,경기도,의정부시,올디스튜디오,6,의정부 2025_11.csv,체험관광,공예체험
의정부,2025,11,2025-11,161,경기도,의정부시,의정부지구전투기념비,6,의정부 2025_11.csv,역사관광,역사유물
의정부,2025,11,2025-11,161,경기도,의정부시,예술공간휴서사,6,의정부 2025_11.csv,문화관광,공연시설
의정부,2025,11,2025-11,161,경기도,의정부시,신곡체육공원,6,의정부 2025_11.csv,문화관광,도시공원
의정부,2025,11,2025-11,161,경기도,의정부시,잔돌문화공원,6,의정부 2025_11.csv,문화관광,도시공원
의정부,2025,11,2025-11,161,경기도,의정부시,센시빌리티,6,의정부 2025_11.csv,체험관광,공예체험
의정부,2025,11,2025-11,161,경기도,의정부시,의정부시 자일동 귀락마을,6,의정부 2025_11.csv,역사관광,역사유적지
의정부,2025,11,2025-11,161,경기도,의정부시,원효사,6,의정부 2025_11.csv,역사관광,종교성지
의정부,2025,11,2025-11,161,경기도,의정부시,명덕사,6,의정부 2025_11.csv,역사관광,종교성지
의정부,2025,11,2025-11,161,경기도,의정부시,용화사,6,의정부 2025_11.csv,역사관광,종교성지
의정부,2025,11,2025-11,161,경기도,의정부시,스트라이크존의정부구장,6,의정부 2025_11.csv,레저스포츠,기타레저스포츠
의정부,2025,11,2025-11,161,경기도,의정부시,너나들이어린이공원,6,의정부 2025_11.csv,문화관광,도시공원
의정부,2025,11,2025-11,161,경기도,의정부시,마스터탁구클럽,6,의정부 2025_11.csv,레저스포츠,기타레저스포츠
의정부,2025,11,2025-11,161,경기도,의정부시,무량사,6,의정부 2025_11.csv,역사관광,종교성지
의정부,2025,11,2025-11,161,경기도,의정부시,루나루즈키즈카페,6,의정부 2025_11.csv,문화관광,테마공원
의정부,2025,11,2025-11,176,경기도,의정부시,갤러리평화,5,의정부 2025_11.csv,문화관광,전시시설
의정부,2025,11,2025-11,176,경기도,의정부시,스카이공연홀,5,의정부 2025_11.csv,문화관광,공연시설
의정부,2025,11,2025-11,176,경기도,의정부시,바른평생교육원,5,의정부 2025_11.csv,체험관광,체험관광기타
의정부,2025,11,2025-11,179,경기도,의정부시,샤모니클라이밍,4,의정부 2025_11.csv,레저스포츠,기타레저스포츠
의정부,2025,11,2025-11,179,경기도,의정부시,좋은칼공방,4,의정부 2025_11.csv,체험관광,공예체험
의정부,2025,11,2025-11,179,경기도,의정부시,공룡어린이공원,4,의정부 2025_11.csv,문화관광,도시공원
의정부,2025,11,2025-11,179,경기도,의정부시,로데오거리상점가,4,의정부 2025_11.csv,쇼핑,시장
의정부,2025,11,2025-11,179,경기도,의정부시,용현사,4,의정부 2025_11.csv,역사관광,종교성지
의정부,2025,11,2025-11,179,경기도,의정부시,뛰노리방방,4,의정부 2025_11.csv,문화관광,테마공원
의정부,2025,11,2025-11,179,경기도,의정부시,리얼야구존의정부점,4,의정부 2025_11.csv,레저스포츠,기타레저스포츠
의정부,2025,11,2025-11,179,경기도,의정부시,추동공원,4,의정부 2025_11.csv,문화관광,도시공원
의정부,2025,11,2025-11,187,경기도,의정부시,의정부김치체험관,3,의정부 2025_11.csv,문화관광,기타문화관광지
의정부,2025,11,2025-11,187,경기도,의정부시,생태습지공원,3,의정부 2025_11.csv,문화관광,도시공원
의정부,2025,11,2025-11,187,경기도,의정부시,중앙문화공원,3,의정부 2025_11.csv,문화관광,도시공원
의정부,2025,11,2025-11,187,경기도,의정부시,회룡문화공원,3,의정부 2025_11.csv,문화관광,도시공원
의정부,2025,11,2025-11,187,경기도,의정부시,왕바우근린공원,3,의정부 2025_11.csv,문화관광,도시공원
의정부,2025,11,2025-11,187,경기도,의정부시,와다미싱공방,3,의정부 2025_11.csv,체험관광,공예체험
의정부,2025,11,2025-11,187,경기도,의정부시,민락어린이교통공원,3,의정부 2025_11.csv,문화관광,도시공원
의정부,2025,11,2025-11,187,경기도,의정부시,이화가죽공방,3,의정부 2025_11.csv,체험관광,공예체험
의정부,2025,11,2025-11,187,경기도,의정부시,투앤디수영장,3,의정부 2025_11.csv,문화관광,테마공원
의정부,2025,11,2025-11,187,경기도,의정부시,솔향어린이공원,3,의정부 2025_11.csv,문화관광,도시공원
의정부,2025,11,2025-11,187,경기도,의정부시,세빛문화공원,3,의정부 2025_11.csv,문화관광,도시공원
의정부,2025,11,2025-11,187,경기도,의정부시,씨에이치인터내셔널서울,3,의정부 2025_11.csv,레저스포츠,육상레저스포츠
의정부,2025,11,2025-11,187,경기도,의정부시,자담공방,3,의정부 2025_11.csv,체험관광,공예체험
의정부,2025,11,2025-11,187,경기도,의정부시,추동근린공원,3,의정부 2025_11.csv,문화관광,도시공원
의정부,2025,11,2025-11,187,경기도,의정부시,큐리키즈룸,3,의정부 2025_11.csv,문화관광,테마공원
의정부,2025,11,2025-11,187,경기도,의정부시,마음자람아동가족상담센터,3,의정부 2025_11.csv,체험관광,체험관광기타
의정부,2025,11,2025-11,187,경기도,의정부시,원각사,3,의정부 2025_11.csv,역사관광,종교성지
의정부,2025,11,2025-11,187,경기도,의정부시,청룡어린이공원,3,의정부 2025_11.csv,문화관광,도시공원
의정부,2025,11,2025-11,187,경기도,의정부시,중랑천어린이공원,3,의정부 2025_11.csv,문화관광,도시공원
의정부,2025,11,2025-11,187,경기도,의정부시,영산법화사,3,의정부 2025_11.csv,역사관광,종교성지
의정부,2025,11,2025-11,187,경기도,의정부시,학송사,3,의정부 2025_11.csv,역사관광,종교성지
의정부,2025,11,2025-11,187,경기도,의정부시,대각사,3,의정부 2025_11.csv,역사관광,종교성지
의정부,2025,11,2025-11,187,경기도,의정부시,팜스프링스승마클럽,3,의정부 2025_11.csv,레저스포츠,육상레저스포츠
의정부,2025,11,2025-11,187,경기도,의정부시,현대탁구클럽,3,의정부 2025_11.csv,레저스포츠,기타레저스포츠
의정부,2025,11,2025-11,187,경기도,의정부시,홍연경민현대미술관,3,의정부 2025_11.csv,문화관광,전시시설
의정부,2025,11,2025-11,187,경기도,의정부시,북한산둘레길16구간,3,의정부 2025_11.csv,레저스포츠,기타레저스포츠
의정부,2025,11,2025-11,187,경기도,의정부시,윤은보신도비,3,의정부 2025_11.csv,역사관광,역사유적지
의정부,2025,11,2025-11,187,경기도,의정부시,모래노리,3,의정부 2025_11.csv,문화관광,테마공원
의정부,2025,11,2025-11,187,경기도,의정부시,연주암,3,의정부 2025_11.csv,역사관광,종교성지
의정부,2025,12,2025-12,1,경기도,의정부시,신세계백화점의정부점,26017,의정부 2025_12.csv,쇼핑,백화점
의정부,2025,12,2025-12,2,경기도,의정부시,의정부제일시장,8851,의정부 2025_12.csv,쇼핑,시장
의정부,2025,12,2025-12,3,경기도,의정부시,의정부예술의전당,3695,의정부 2025_12.csv,문화관광,공연시설
의정부,2025,12,2025-12,4,경기도,의정부시,의정부버스터미널,3290,의정부 2025_12.csv,기타관광,교통시설
의정부,2025,12,2025-12,5,경기도,의정부시,메가박스의정부민락,2714,의정부 2025_12.csv,문화관광,공연시설
의정부,2025,12,2025-12,6,경기도,의정부시,롯데시네마의정부민락,2539,의정부 2025_12.csv,문화관광,공연시설
의정부,2025,12,2025-12,7,경기도,의정부시,CGV의정부,1772,의정부 2025_12.csv,문화관광,공연시설
의정부,2025,12,2025-12,8,경기도,의정부시,의정부실내빙상장,1721,의정부 2025_12.csv,레저스포츠,육상레저스포츠
의정부,2025,12,2025-12,9,경기도,의정부시,아일랜드캐슬워터파크,1014,의정부 2025_12.csv,문화관광,테마공원
의정부,2025,12,2025-12,10,경기도,의정부시,의정부시청소년수련관,948,의정부 2025_12.csv,레저스포츠,육상레저스포츠
의정부,2025,12,2025-12,11,경기도,의정부시,태영프라자,806,의정부 2025_12.csv,쇼핑,쇼핑몰
의정부,2025,12,2025-12,12,경기도,의정부시,낙양물사랑공원,649,의정부 2025_12.csv,문화관광,도시공원
의정부,2025,12,2025-12,13,경기도,의정부시,송산배수지체육시설,565,의정부 2025_12.csv,문화관광,도시공원
의정부,2025,12,2025-12,14,경기도,의정부시,와글아이의정부점,497,의정부 2025_12.csv,문화관광,테마공원
의정부,2025,12,2025-12,15,경기도,의정부시,직동근린공원,492,의정부 2025_12.csv,문화관광,도시공원
의정부,2025,12,2025-12,16,경기도,의정부시,점핑몬스터의정부점,484,의정부 2025_12.csv,문화관광,테마공원
의정부,2025,12,2025-12,17,경기도,의정부시,추동배드민턴장,382,의정부 2025_12.csv,레저스포츠,기타레저스포츠
의정부,2025,12,2025-12,18,경기도,의정부시,고고다이노키즈카페민락점,323,의정부 2025_12.csv,문화관광,테마공원
의정부,2025,12,2025-12,19,경기도,의정부시,의정부공유학교올래캠퍼스,296,의정부 2025_12.csv,체험관광,체험관광기타
의정부,2025,12,2025-12,20,경기도,의정부시,렛츠런CCC의정부지점,286,의정부 2025_12.csv,레저스포츠,육상레저스포츠
의정부,2025,12,2025-12,20,경기도,의정부시,서울승마클럽,286,의정부 2025_12.csv,레저스포츠,육상레저스포츠
의정부,2025,12,2025-12,22,경기도,의정부시,석림사,259,의정부 2025_12.csv,역사관광,종교성지
의정부,2025,12,2025-12,23,경기도,의정부시,송산사지근린공원,216,의정부 2025_12.csv,문화관광,도시공원
의정부,2025,12,2025-12,24,경기도,의정부시,활기체육공원,210,의정부 2025_12.csv,문화관광,도시공원
의정부,2025,12,2025-12,25,경기도,의정부시,의정부신시가지,207,의정부 2025_12.csv,기타관광,기타관광
의정부,2025,12,2025-12,26,경기도,의정부시,큐리키즈카페의정부점,203,의정부 2025_12.csv,문화관광,테마공원
의정부,2025,12,2025-12,27,경기도,의정부시,의정부예술의전당대극장,193,의정부 2025_12.csv,문화관광,공연시설
의정부,2025,12,2025-12,28,경기도,의정부시,빛뜰문화공원,181,의정부 2025_12.csv,문화관광,도시공원
의정부,2025,12,2025-12,29,경기도,의정부시,락앤플레이민락점,180,의정부 2025_12.csv,문화관광,테마공원
의정부,2025,12,2025-12,30,경기도,의정부시,아이스토리키즈카페,178,의정부 2025_12.csv,문화관광,테마공원
의정부,2025,12,2025-12,30,경기도,의정부시,의정부가구거리,178,의정부 2025_12.csv,쇼핑,기타쇼핑시설
의정부,2025,12,2025-12,32,경기도,의정부시,히어로키즈파크의정부지점,169,의정부 2025_12.csv,문화관광,테마공원
의정부,2025,12,2025-12,32,경기도,의정부시,천보탁구장,169,의정부 2025_12.csv,레저스포츠,기타레저스포츠
의정부,2025,12,2025-12,34,경기도,의정부시,헬로방방민락점,158,의정부 2025_12.csv,문화관광,테마공원
의정부,2025,12,2025-12,35,경기도,의정부시,장암파크골프장,154,의정부 2025_12.csv,레저스포츠,육상레저스포츠
의정부,2025,12,2025-12,36,경기도,의정부시,신곡실내배드민턴장,146,의정부 2025_12.csv,레저스포츠,기타레저스포츠
의정부,2025,12,2025-12,37,경기도,의정부시,곤제구장,145,의정부 2025_12.csv,문화관광,레저스포츠시설
의정부,2025,12,2025-12,38,경기도,의정부시,경기도교육청미래과학교육원북부교육관,141,의정부 2025_12.csv,체험관광,체험관광기타
의정부,2025,12,2025-12,39,경기도,의정부시,히어로플레이파크의정부점,130,의정부 2025_12.csv,문화관광,테마공원
의정부,2025,12,2025-12,40,경기도,의정부시,경륜경정의정부지사,120,의정부 2025_12.csv,레저스포츠,육상레저스포츠
의정부,2025,12,2025-12,41,경기도,의정부시,회룡사,118,의정부 2025_12.csv,역사관광,종교성지
의정부,2025,12,2025-12,41,경기도,의정부시,망월사,118,의정부 2025_12.csv,역사관광,종교성지
의정부,2025,12,2025-12,43,경기도,의정부시,장수원배드민턴클럽,105,의정부 2025_12.csv,레저스포츠,기타레저스포츠
의정부,2025,12,2025-12,44,경기도,의정부시,직동축구장,100,의정부 2025_12.csv,문화관광,레저스포츠시설
의정부,2025,12,2025-12,45,경기도,의정부시,타요키즈카페의정부민락점,98,의정부 2025_12.csv,문화관광,테마공원
의정부,2025,12,2025-12,46,경기도,의정부시,안골유원지,96,의정부 2025_12.csv,문화관광,복합관광시설
의정부,2025,12,2025-12,47,경기도,의정부시,아로하포레스트,95,의정부 2025_12.csv,문화관광,테마공원
의정부,2025,12,2025-12,48,경기도,의정부시,고고롤러스케이트장,94,의정부 2025_12.csv,레저스포츠,육상레저스포츠
의정부,2025,12,2025-12,49,경기도,의정부시,현충탑,93,의정부 2025_12.csv,역사관광,역사유물
의정부,2025,12,2025-12,50,경기도,의정부시,의정부청과야채시장,80,의정부 2025_12.csv,쇼핑,시장
의정부,2025,12,2025-12,50,경기도,의정부시,스마일랜드,80,의정부 2025_12.csv,문화관광,테마공원
의정부,2025,12,2025-12,52,경기도,의정부시,김민성탁구클럽,79,의정부 2025_12.csv,레저스포츠,기타레저스포츠
의정부,2025,12,2025-12,53,경기도,의정부시,경기북부보육교사교육원,75,의정부 2025_12.csv,체험관광,체험관광기타
의정부,2025,12,2025-12,54,경기도,의정부시,벌말어린이공원,73,의정부 2025_12.csv,문화관광,도시공원
의정부,2025,12,2025-12,54,경기도,의정부시,자일낚시터,73,의정부 2025_12.csv,레저스포츠,수상레저스포츠
의정부,2025,12,2025-12,56,경기도,의정부시,태조이성계상,72,의정부 2025_12.csv,기타관광,기타관광
의정부,2025,12,2025-12,57,경기도,의정부시,리드민리듬체조민락본점,65,의정부 2025_12.csv,레저스포츠,기타레저스포츠
의정부,2025,12,2025-12,58,경기도,의정부시,호암사,63,의정부 2025_12.csv,역사관광,종교성지
의정부,2025,12,2025-12,58,경기도,의정부시,우리소극장,63,의정부 2025_12.csv,문화관광,공연시설
의정부,2025,12,2025-12,60,경기도,의정부시,자일산림욕장,57,의정부 2025_12.csv,자연관광,자연공원
의정부,2025,12,2025-12,61,경기도,의정부시,곤제근린공원,54,의정부 2025_12.csv,문화관광,도시공원
의정부,2025,12,2025-12,61,경기도,의정부시,의정부천문대,54,의정부 2025_12.csv,레저스포츠,기타레저스포츠
의정부,2025,12,2025-12,63,경기도,의정부시,어수정어린이공원,53,의정부 2025_12.csv,문화관광,도시공원
의정부,2025,12,2025-12,64,경기도,의정부시,알쏭달쏭키즈드로잉,52,의정부 2025_12.csv,문화관광,테마공원
의정부,2025,12,2025-12,64,경기도,의정부시,사패산통나무집,52,의정부 2025_12.csv,레저스포츠,육상레저스포츠
의정부,2025,12,2025-12,66,경기도,의정부시,백영수미술관,51,의정부 2025_12.csv,문화관광,전시시설
의정부,2025,12,2025-12,67,경기도,의정부시,마린앤키즈,50,의정부 2025_12.csv,문화관광,테마공원
의정부,2025,12,2025-12,68,경기도,의정부시,스카이짐유소년스포츠클럽녹양점,45,의정부 2025_12.csv,레저스포츠,기타레저스포츠
의정부,2025,12,2025-12,69,경기도,의정부시,경기도어린이식품안전체험관의정부센터,43,의정부 2025_12.csv,체험관광,체험관광기타
의정부,2025,12,2025-12,70,경기도,의정부시,버들개야구장,40,의정부 2025_12.csv,문화관광,레저스포츠시설
의정부,2025,12,2025-12,70,경기도,의정부시,희망어린이공원,40,의정부 2025_12.csv,문화관광,도시공원
의정부,2025,12,2025-12,70,경기도,의정부시,에스티종합안전,40,의정부 2025_12.csv,체험관광,체험관광기타
의정부,2025,12,2025-12,73,경기도,의정부시,북한산국립공원회룡탐방지원센터,39,의정부 2025_12.csv,기타관광,기타관광
의정부,2025,12,2025-12,73,경기도,의정부시,이성숙탁구클럽,39,의정부 2025_12.csv,레저스포츠,기타레저스포츠
의정부,2025,12,2025-12,73,경기도,의정부시,꿀잼키즈룸의정부민락점,39,의정부 2025_12.csv,문화관광,테마공원
의정부,2025,12,2025-12,73,경기도,의정부시,쌍암사,39,의정부 2025_12.csv,역사관광,종교성지
의정부,2025,12,2025-12,77,경기도,의정부시,허니비풋살파크,37,의정부 2025_12.csv,문화관광,레저스포츠시설
의정부,2025,12,2025-12,77,경기도,의정부시,모래야놀자,37,의정부 2025_12.csv,문화관광,테마공원
의정부,2025,12,2025-12,77,경기도,의정부시,쿠키즈룸,37,의정부 2025_12.csv,문화관광,테마공원
의정부,2025,12,2025-12,80,경기도,의정부시,윤한미탁구클럽,35,의정부 2025_12.csv,레저스포츠,기타레저스포츠
의정부,2025,12,2025-12,81,경기도,의정부시,피크닉키즈룸,30,의정부 2025_12.csv,문화관광,테마공원
의정부,2025,12,2025-12,81,경기도,의정부시,의정부아트캠프,30,의정부 2025_12.csv,문화관광,기타문화관광지
의정부,2025,12,2025-12,83,경기도,의정부시,바둑전용경기장건축중(2026년08월 완공예정),29,의정부 2025_12.csv,레저스포츠,기타레저스포츠
의정부,2025,12,2025-12,83,경기도,의정부시,안골계곡,29,의정부 2025_12.csv,자연관광,자연경관(산)
의정부,2025,12,2025-12,85,경기도,의정부시,성불사,28,의정부 2025_12.csv,역사관광,종교성지
의정부,2025,12,2025-12,86,경기도,의정부시,나리벡시티테마파크건축중(2027년01월 예정),27,의정부 2025_12.csv,문화관광,테마공원
의정부,2025,12,2025-12,86,경기도,의정부시,의정부문화역 이음,27,의정부 2025_12.csv,문화관광,기타문화관광지
의정부,2025,12,2025-12,86,경기도,의정부시,700어린이라운지,27,의정부 2025_12.csv,문화관광,테마공원
의정부,2025,12,2025-12,86,경기도,의정부시,킹클라이밍,27,의정부 2025_12.csv,레저스포츠,기타레저스포츠
의정부,2025,12,2025-12,90,경기도,의정부시,의정부예술의전당소극장,26,의정부 2025_12.csv,문화관광,공연시설
의정부,2025,12,2025-12,91,경기도,의정부시,스트라이크존의정부민락구장,25,의정부 2025_12.csv,레저스포츠,기타레저스포츠
의정부,2025,12,2025-12,91,경기도,의정부시,의정부시리틀야구장,25,의정부 2025_12.csv,문화관광,레저스포츠시설
의정부,2025,12,2025-12,91,경기도,의정부시,롤프렌롤러장,25,의정부 2025_12.csv,레저스포츠,육상레저스포츠
의정부,2025,12,2025-12,94,경기도,의정부시,관음사,23,의정부 2025_12.csv,역사관광,종교성지
의정부,2025,12,2025-12,95,경기도,의정부시,의정부축구센터,21,의정부 2025_12.csv,레저스포츠,기타레저스포츠
의정부,2025,12,2025-12,95,경기도,의정부시,의정부역,21,의정부 2025_12.csv,기타관광,교통시설
의정부,2025,12,2025-12,95,경기도,의정부시,영산법화사,21,의정부 2025_12.csv,역사관광,종교성지
의정부,2025,12,2025-12,98,경기도,의정부시,봉화정사,20,의정부 2025_12.csv,역사관광,종교성지
의정부,2025,12,2025-12,99,경기도,의정부시,아이노리키즈카페,19,의정부 2025_12.csv,문화관광,테마공원
의정부,2025,12,2025-12,99,경기도,의정부시,쌍용사,19,의정부 2025_12.csv,역사관광,종교성지
의정부,2025,12,2025-12,99,경기도,의정부시,신곡탁구클럽,19,의정부 2025_12.csv,레저스포츠,기타레저스포츠
의정부,2025,12,2025-12,102,경기도,의정부시,우리끼리 키즈카페 스포츠마을의정부민락점,18,의정부 2025_12.csv,문화관광,테마공원
의정부,2025,12,2025-12,103,경기도,의정부시,샌드케이,17,의정부 2025_12.csv,문화관광,테마공원
의정부,2025,12,2025-12,103,경기도,의정부시,홍연경민현대미술관,17,의정부 2025_12.csv,문화관광,전시시설
의정부,2025,12,2025-12,103,경기도,의정부시,정수선원,17,의정부 2025_12.csv,역사관광,종교성지
의정부,2025,12,2025-12,106,경기도,의정부시,의정부시장,16,의정부 2025_12.csv,쇼핑,시장
의정부,2025,12,2025-12,106,경기도,의정부시,정화사,16,의정부 2025_12.csv,역사관광,종교성지
의정부,2025,12,2025-12,108,경기도,의정부시,약수배드민턴클럽,15,의정부 2025_12.csv,레저스포츠,기타레저스포츠
의정부,2025,12,2025-12,108,경기도,의정부시,뉴키즈온고산점,15,의정부 2025_12.csv,문화관광,테마공원
의정부,2025,12,2025-12,108,경기도,의정부시,씨에이치인터내셔널서울,15,의정부 2025_12.csv,레저스포츠,육상레저스포츠
의정부,2025,12,2025-12,108,경기도,의정부시,중앙어린이공원,15,의정부 2025_12.csv,문화관광,도시공원
의정부,2025,12,2025-12,108,경기도,의정부시,노리랜드,15,의정부 2025_12.csv,문화관광,테마공원
의정부,2025,12,2025-12,113,경기도,의정부시,녹양보조축구장,14,의정부 2025_12.csv,문화관광,레저스포츠시설
의정부,2025,12,2025-12,114,경기도,의정부시,신숙주선생묘,13,의정부 2025_12.csv,역사관광,역사유적지
의정부,2025,12,2025-12,115,경기도,의정부시,노강서원,12,의정부 2025_12.csv,역사관광,역사유적지
의정부,2025,12,2025-12,116,경기도,의정부시,레벨업탁구클럽,11,의정부 2025_12.csv,레저스포츠,기타레저스포츠
의정부,2025,12,2025-12,117,경기도,의정부시,리틀베이비,10,의정부 2025_12.csv,문화관광,테마공원
의정부,2025,12,2025-12,117,경기도,의정부시,캠프라과디아체육공원,10,의정부 2025_12.csv,문화관광,도시공원
의정부,2025,12,2025-12,117,경기도,의정부시,고산MMA주짓수종합격투기,10,의정부 2025_12.csv,레저스포츠,기타레저스포츠
의정부,2025,12,2025-12,117,경기도,의정부시,미륵암,10,의정부 2025_12.csv,역사관광,종교성지
의정부,2025,12,2025-12,117,경기도,의정부시,녹양야구장,10,의정부 2025_12.csv,문화관광,레저스포츠시설
의정부,2025,12,2025-12,117,경기도,의정부시,푸른마당근린공원,10,의정부 2025_12.csv,문화관광,도시공원
의정부,2025,12,2025-12,123,경기도,의정부시,경기도북부육아종합지원센터아이사랑놀이터,9,의정부 2025_12.csv,문화관광,테마공원
의정부,2025,12,2025-12,123,경기도,의정부시,키즈누리본점,9,의정부 2025_12.csv,문화관광,테마공원
의정부,2025,12,2025-12,123,경기도,의정부시,이태영탁구교실,9,의정부 2025_12.csv,레저스포츠,기타레저스포츠
의정부,2025,12,2025-12,123,경기도,의정부시,연주암,9,의정부 2025_12.csv,역사관광,종교성지
의정부,2025,12,2025-12,127,경기도,의정부시,중앙문화공원,8,의정부 2025_12.csv,문화관광,도시공원
의정부,2025,12,2025-12,127,경기도,의정부시,북한산국립공원원도봉탐방지원센터,8,의정부 2025_12.csv,기타관광,기타관광
의정부,2025,12,2025-12,127,경기도,의정부시,의정부시 가능동 입석마을,8,의정부 2025_12.csv,역사관광,역사유적지
의정부,2025,12,2025-12,127,경기도,의정부시,대원사,8,의정부 2025_12.csv,역사관광,종교성지
의정부,2025,12,2025-12,127,경기도,의정부시,꽃동네어린이공원,8,의정부 2025_12.csv,문화관광,도시공원
의정부,2025,12,2025-12,127,경기도,의정부시,트라이포스의정부주짓수,8,의정부 2025_12.csv,레저스포츠,기타레저스포츠
의정부,2025,12,2025-12,133,경기도,의정부시,미가사,7,의정부 2025_12.csv,역사관광,종교성지
의정부,2025,12,2025-12,133,경기도,의정부시,의정부기억저장소,7,의정부 2025_12.csv,문화관광,전시시설
의정부,2025,12,2025-12,133,경기도,의정부시,큐리키즈룸,7,의정부 2025_12.csv,문화관광,테마공원
의정부,2025,12,2025-12,133,경기도,의정부시,백합어린이공원,7,의정부 2025_12.csv,문화관광,도시공원
의정부,2025,12,2025-12,133,경기도,의정부시,장암발곡근린공원,7,의정부 2025_12.csv,문화관광,도시공원
의정부,2025,12,2025-12,133,경기도,의정부시,역전근린공원,7,의정부 2025_12.csv,문화관광,도시공원
의정부,2025,12,2025-12,133,경기도,의정부시,와우민턴샵,7,의정부 2025_12.csv,레저스포츠,기타레저스포츠
의정부,2025,12,2025-12,133,경기도,의정부시,루나루즈키즈카페,7,의정부 2025_12.csv,문화관광,테마공원
의정부,2025,12,2025-12,141,경기도,의정부시,샤모니클라이밍,6,의정부 2025_12.csv,레저스포츠,기타레저스포츠
의정부,2025,12,2025-12,141,경기도,의정부시,슈가복싱프리미엄회룡점,6,의정부 2025_12.csv,레저스포츠,기타레저스포츠
의정부,2025,12,2025-12,141,경기도,의정부시,투앤디수영장,6,의정부 2025_12.csv,문화관광,테마공원
의정부,2025,12,2025-12,141,경기도,의정부시,한국산악연수원CAC등산학교,6,의정부 2025_12.csv,레저스포츠,기타레저스포츠
의정부,2025,12,2025-12,141,경기도,의정부시,라이트바디,6,의정부 2025_12.csv,레저스포츠,기타레저스포츠
의정부,2025,12,2025-12,141,경기도,의정부시,의정부시 자일동 귀락마을,6,의정부 2025_12.csv,역사관광,역사유적지
의정부,2025,12,2025-12,141,경기도,의정부시,석림사계곡,6,의정부 2025_12.csv,자연관광,자연경관(산)
의정부,2025,12,2025-12,141,경기도,의정부시,정혜사의정부포교원,6,의정부 2025_12.csv,역사관광,종교성지
의정부,2025,12,2025-12,141,경기도,의정부시,뛰노리방방,6,의정부 2025_12.csv,문화관광,테마공원
의정부,2025,12,2025-12,141,경기도,의정부시,스트라이크존의정부구장,6,의정부 2025_12.csv,레저스포츠,기타레저스포츠
의정부,2025,12,2025-12,141,경기도,의정부시,김미미도예공방,6,의정부 2025_12.csv,체험관광,공예체험
의정부,2025,12,2025-12,141,경기도,의정부시,귀락문화공원,6,의정부 2025_12.csv,문화관광,도시공원
의정부,2025,12,2025-12,153,경기도,의정부시,의정부망월풋살구장,5,의정부 2025_12.csv,레저스포츠,기타레저스포츠
의정부,2025,12,2025-12,153,경기도,의정부시,신곡새빛정원,5,의정부 2025_12.csv,문화관광,도시공원
의정부,2025,12,2025-12,153,경기도,의정부시,경기도인재개발원북부캠퍼스,5,의정부 2025_12.csv,체험관광,체험관광기타
의정부,2025,12,2025-12,153,경기도,의정부시,디디디 세라믹스튜디오,5,의정부 2025_12.csv,체험관광,공예체험
의정부,2025,12,2025-12,153,경기도,의정부시,청룡어린이공원,5,의정부 2025_12.csv,문화관광,도시공원
의정부,2025,12,2025-12,153,경기도,의정부시,상금오어린이공원,5,의정부 2025_12.csv,문화관광,도시공원
의정부,2025,12,2025-12,153,경기도,의정부시,하금오어린이공원,5,의정부 2025_12.csv,문화관광,도시공원
의정부,2025,12,2025-12,153,경기도,의정부시,의정부시평생학습원,5,의정부 2025_12.csv,체험관광,체험관광기타
의정부,2025,12,2025-12,153,경기도,의정부시,덕수사,5,의정부 2025_12.csv,역사관광,종교성지
의정부,2025,12,2025-12,162,경기도,의정부시,갤러리평화,4,의정부 2025_12.csv,문화관광,전시시설
의정부,2025,12,2025-12,162,경기도,의정부시,승지원트레이닝센터,4,의정부 2025_12.csv,레저스포츠,기타레저스포츠
의정부,2025,12,2025-12,162,경기도,의정부시,쌍암사현대불교,4,의정부 2025_12.csv,역사관광,종교성지
의정부,2025,12,2025-12,162,경기도,의정부시,직동수련원,4,의정부 2025_12.csv,레저스포츠,육상레저스포츠
의정부,2025,12,2025-12,162,경기도,의정부시,동그라미탁구교실,4,의정부 2025_12.csv,레저스포츠,기타레저스포츠
의정부,2025,12,2025-12,162,경기도,의정부시,문예어린이공원,4,의정부 2025_12.csv,문화관광,도시공원
의정부,2025,12,2025-12,162,경기도,의정부시,로데오거리상점가,4,의정부 2025_12.csv,쇼핑,시장
의정부,2025,12,2025-12,162,경기도,의정부시,상원사,4,의정부 2025_12.csv,역사관광,종교성지
의정부,2025,12,2025-12,162,경기도,의정부시,여래사,4,의정부 2025_12.csv,역사관광,종교성지
의정부,2025,12,2025-12,162,경기도,의정부시,신효섭탁구장,4,의정부 2025_12.csv,레저스포츠,기타레저스포츠
의정부,2025,12,2025-12,172,경기도,의정부시,드림탁구클럽,3,의정부 2025_12.csv,레저스포츠,기타레저스포츠
의정부,2025,12,2025-12,172,경기도,의정부시,의정부시 산곡동 검은돌마을,3,의정부 2025_12.csv,역사관광,역사유적지
의정부,2025,12,2025-12,172,경기도,의정부시,무지랭이계곡,3,의정부 2025_12.csv,자연관광,자연경관(산)
의정부,2025,12,2025-12,172,경기도,의정부시,회룡문화공원,3,의정부 2025_12.csv,문화관광,도시공원
의정부,2025,12,2025-12,172,경기도,의정부시,와다미싱공방,3,의정부 2025_12.csv,체험관광,공예체험
의정부,2025,12,2025-12,172,경기도,의정부시,민락리틀야구장,3,의정부 2025_12.csv,문화관광,레저스포츠시설
의정부,2025,12,2025-12,172,경기도,의정부시,잔돌문화공원,3,의정부 2025_12.csv,문화관광,도시공원
의정부,2025,12,2025-12,172,경기도,의정부시,민락탁구클럽,3,의정부 2025_12.csv,레저스포츠,기타레저스포츠
의정부,2025,12,2025-12,172,경기도,의정부시,단풍잎놀이터2호,3,의정부 2025_12.csv,문화관광,테마공원
의정부,2025,12,2025-12,172,경기도,의정부시,마을기업주식회사,3,의정부 2025_12.csv,쇼핑,시장
의정부,2025,12,2025-12,172,경기도,의정부시,수락캠핑가든,3,의정부 2025_12.csv,레저스포츠,기타레저스포츠
의정부,2025,12,2025-12,172,경기도,의정부시,원코리아 컨트롤짐 금오 주짓수,3,의정부 2025_12.csv,레저스포츠,기타레저스포츠
의정부,2025,12,2025-12,172,경기도,의정부시,망월사천봉선사탑비,3,의정부 2025_12.csv,역사관광,역사유적지
의정부,2025,12,2025-12,172,경기도,의정부시,정문부장군묘,3,의정부 2025_12.csv,역사관광,역사유적지
의정부,2025,12,2025-12,172,경기도,의정부시,원각사,3,의정부 2025_12.csv,역사관광,종교성지
의정부,2025,12,2025-12,172,경기도,의정부시,동심어린이공원,3,의정부 2025_12.csv,문화관광,도시공원
의정부,2025,12,2025-12,172,경기도,의정부시,신곡어린이공원,3,의정부 2025_12.csv,문화관광,도시공원
의정부,2025,12,2025-12,172,경기도,의정부시,홍익문화공원,3,의정부 2025_12.csv,문화관광,도시공원
의정부,2025,12,2025-12,172,경기도,의정부시,의서어린이공원,3,의정부 2025_12.csv,문화관광,도시공원
의정부,2025,12,2025-12,172,경기도,의정부시,선행어린이공원,3,의정부 2025_12.csv,문화관광,도시공원
의정부,2025,12,2025-12,172,경기도,의정부시,만남어린이공원,3,의정부 2025_12.csv,문화관광,도시공원
의정부,2025,12,2025-12,172,경기도,의정부시,백석천근린공원,3,의정부 2025_12.csv,문화관광,도시공원
의정부,2025,12,2025-12,172,경기도,의정부시,사패산안골통제소방면,3,의정부 2025_12.csv,자연관광,자연경관(산)
의정부,2025,12,2025-12,172,경기도,의정부시,원효사,3,의정부 2025_12.csv,역사관광,종교성지
의정부,2025,12,2025-12,172,경기도,의정부시,수락사,3,의정부 2025_12.csv,역사관광,종교성지
의정부,2025,12,2025-12,172,경기도,의정부시,의정부유도관,3,의정부 2025_12.csv,레저스포츠,기타레저스포츠
의정부,2025,12,2025-12,172,경기도,의정부시,중앙로,3,의정부 2025_12.csv,기타관광,기타관광
의정부,2025,12,2025-12,172,경기도,의정부시,원심사,3,의정부 2025_12.csv,역사관광,종교성지
의정부,2025,12,2025-12,172,경기도,의정부시,닥터레드뮤직,3,의정부 2025_12.csv,문화관광,공연시설
의정부,2025,12,2025-12,172,경기도,의정부시,복싱히어로의정부금오점,3,의정부 2025_12.csv,레저스포츠,기타레저스포츠
의정부,2025,12,2025-12,172,경기도,의정부시,달콤나무공방,3,의정부 2025_12.csv,체험관광,공예체험
의정부,2025,12,2025-12,172,경기도,의정부시,무량사,3,의정부 2025_12.csv,역사관광,종교성지
의정부,2025,12,2025-12,172,경기도,의정부시,바른평생교육원,3,의정부 2025_12.csv,체험관광,체험관광기타
