지역,연도,월,연월,순위,광역시/도,시/군/구,관광지명,검색건수,원본파일,중분류 카테고리,소분류 카테고리
포천,2023,1,2023-01,1,경기도,포천시,산정호수,8325,포천 2023_01.csv,자연관광,자연경관(하천/해양)
포천,2023,1,2023-01,2,경기도,포천시,고모저수지,3685,포천 2023_01.csv,자연관광,자연경관(하천/해양)
포천,2023,1,2023-01,3,경기도,포천시,포천아트밸리,3374,포천 2023_01.csv,문화관광,공연시설
포천,2023,1,2023-01,3,경기도,포천시,일동시외버스터미널,3374,포천 2023_01.csv,기타관광,교통시설
포천,2023,1,2023-01,5,경기도,포천시,국립수목원,3190,포천 2023_01.csv,문화관광,테마공원
포천,2023,1,2023-01,6,경기도,포천시,제일유황온천,2914,포천 2023_01.csv,체험관광,웰니스관광
포천,2023,1,2023-01,7,경기도,포천시,허브아일랜드,2878,포천 2023_01.csv,체험관광,농/산/어촌체험
포천,2023,1,2023-01,8,경기도,포천시,신북온천스프링폴,2864,포천 2023_01.csv,체험관광,웰니스관광
포천,2023,1,2023-01,9,경기도,포천시,CGV포천,1755,포천 2023_01.csv,문화관광,공연시설
포천,2023,1,2023-01,10,경기도,포천시,백운계곡,1388,포천 2023_01.csv,자연관광,자연경관(산)
포천,2023,1,2023-01,11,경기도,포천시,비둘기낭폭포,1319,포천 2023_01.csv,자연관광,자연경관(산)
포천,2023,1,2023-01,12,경기도,포천시,송우시외버스터미널,1285,포천 2023_01.csv,기타관광,교통시설
포천,2023,1,2023-01,13,경기도,포천시,호국금강사,1051,포천 2023_01.csv,역사관광,종교성지
포천,2023,1,2023-01,14,경기도,포천시,베어스타운스키장휴업중,1026,포천 2023_01.csv,레저스포츠,육상레저스포츠
포천,2023,1,2023-01,15,경기도,포천시,포천한탄강하늘다리,1010,포천 2023_01.csv,기타관광,기타관광
포천,2023,1,2023-01,16,경기도,포천시,포천시외버스터미널,913,포천 2023_01.csv,기타관광,교통시설
포천,2023,1,2023-01,17,경기도,포천시,한탄강주상절리길1코스,870,포천 2023_01.csv,레저스포츠,기타레저스포츠
포천,2023,1,2023-01,18,경기도,포천시,참밸리컨트리클럽,854,포천 2023_01.csv,레저스포츠,육상레저스포츠
포천,2023,1,2023-01,19,경기도,포천시,도성사,813,포천 2023_01.csv,역사관광,종교성지
포천,2023,1,2023-01,20,경기도,포천시,축석고개,599,포천 2023_01.csv,자연관광,자연경관(산)
포천,2023,1,2023-01,21,경기도,포천시,주파크,509,포천 2023_01.csv,문화관광,테마공원
포천,2023,1,2023-01,22,경기도,포천시,포천힐스CC,433,포천 2023_01.csv,레저스포츠,육상레저스포츠
포천,2023,1,2023-01,23,경기도,포천시,포천반월아트홀,424,포천 2023_01.csv,문화관광,공연시설
포천,2023,1,2023-01,24,경기도,포천시,운악산자연휴양림,417,포천 2023_01.csv,자연관광,자연공원
포천,2023,1,2023-01,25,경기도,포천시,푸른솔GC포천,409,포천 2023_01.csv,레저스포츠,육상레저스포츠
포천,2023,1,2023-01,26,경기도,포천시,산사원,378,포천 2023_01.csv,문화관광,전시시설
포천,2023,1,2023-01,27,경기도,포천시,베어크리크GC,369,포천 2023_01.csv,레저스포츠,육상레저스포츠
포천,2023,1,2023-01,27,경기도,포천시,서운동산,369,포천 2023_01.csv,문화관광,복합관광시설
포천,2023,1,2023-01,29,경기도,포천시,천보산자연휴양림,329,포천 2023_01.csv,자연관광,자연공원
포천,2023,1,2023-01,30,경기도,포천시,수목원낚시터,307,포천 2023_01.csv,레저스포츠,수상레저스포츠
포천,2023,1,2023-01,31,경기도,포천시,샴발라CC,300,포천 2023_01.csv,레저스포츠,육상레저스포츠
포천,2023,1,2023-01,32,경기도,포천시,포레스트힐CC,295,포천 2023_01.csv,레저스포츠,육상레저스포츠
포천,2023,1,2023-01,33,경기도,포천시,한탄강지질공원센터,288,포천 2023_01.csv,문화관광,전시시설
포천,2023,1,2023-01,34,경기도,포천시,밤밭낚시터,283,포천 2023_01.csv,레저스포츠,수상레저스포츠
포천,2023,1,2023-01,35,경기도,포천시,포천힐마루CC,282,포천 2023_01.csv,레저스포츠,육상레저스포츠
포천,2023,1,2023-01,36,경기도,포천시,일동레이크GC,281,포천 2023_01.csv,레저스포츠,육상레저스포츠
포천,2023,1,2023-01,37,경기도,포천시,포천수원산정상전망대,275,포천 2023_01.csv,문화관광,랜드마크관광
포천,2023,1,2023-01,38,경기도,포천시,깊이울유원지,270,포천 2023_01.csv,문화관광,복합관광시설
포천,2023,1,2023-01,39,경기도,포천시,포천5일장,269,포천 2023_01.csv,쇼핑,시장
포천,2023,1,2023-01,40,경기도,포천시,동교낚시터,264,포천 2023_01.csv,레저스포츠,수상레저스포츠
포천,2023,1,2023-01,41,경기도,포천시,대유몽베르CC,250,포천 2023_01.csv,레저스포츠,육상레저스포츠
포천,2023,1,2023-01,42,경기도,포천시,어메이징파크,245,포천 2023_01.csv,문화관광,전시시설
포천,2023,1,2023-01,43,경기도,포천시,포천아도니스CC,229,포천 2023_01.csv,레저스포츠,육상레저스포츠
포천,2023,1,2023-01,44,경기도,포천시,도리돌문화교류센터,224,포천 2023_01.csv,레저스포츠,기타레저스포츠
포천,2023,1,2023-01,45,경기도,포천시,라싸GC,213,포천 2023_01.csv,레저스포츠,육상레저스포츠
포천,2023,1,2023-01,46,경기도,포천시,소흘생활체육공원,200,포천 2023_01.csv,문화관광,도시공원
포천,2023,1,2023-01,47,경기도,포천시,포천가구공단,198,포천 2023_01.csv,쇼핑,기타쇼핑시설
포천,2023,1,2023-01,48,경기도,포천시,광릉수목원자동차극장,194,포천 2023_01.csv,문화관광,공연시설
포천,2023,1,2023-01,48,경기도,포천시,동교하우스낚시터,194,포천 2023_01.csv,레저스포츠,수상레저스포츠
포천,2023,1,2023-01,50,경기도,포천시,백운낚시터,189,포천 2023_01.csv,레저스포츠,수상레저스포츠
포천,2023,1,2023-01,51,경기도,포천시,가산저수지,183,포천 2023_01.csv,자연관광,자연경관(하천/해양)
포천,2023,1,2023-01,52,경기도,포천시,수목원고모호수공원,172,포천 2023_01.csv,문화관광,도시공원
포천,2023,1,2023-01,52,경기도,포천시,포천스포츠센터,172,포천 2023_01.csv,레저스포츠,기타레저스포츠
포천,2023,1,2023-01,54,경기도,포천시,산정호수조각공원,164,포천 2023_01.csv,문화관광,도시공원
포천,2023,1,2023-01,55,경기도,포천시,평강랜드,162,포천 2023_01.csv,문화관광,테마공원
포천,2023,1,2023-01,56,경기도,포천시,청성역사공원,159,포천 2023_01.csv,문화관광,도시공원
포천,2023,1,2023-01,57,경기도,포천시,한화리조트산정호수온천,156,포천 2023_01.csv,체험관광,웰니스관광
포천,2023,1,2023-01,58,경기도,포천시,포천패션타운,153,포천 2023_01.csv,쇼핑,쇼핑몰
포천,2023,1,2023-01,59,경기도,포천시,백운계곡유원지,142,포천 2023_01.csv,문화관광,복합관광시설
포천,2023,1,2023-01,60,경기도,포천시,쌍방죽낚시터,134,포천 2023_01.csv,레저스포츠,수상레저스포츠
포천,2023,1,2023-01,60,경기도,포천시,낭만닥터김사부촬영지,134,포천 2023_01.csv,문화관광,기타문화관광지
포천,2023,1,2023-01,62,경기도,포천시,설운체육공원,125,포천 2023_01.csv,문화관광,도시공원
포천,2023,1,2023-01,63,경기도,포천시,청계지,124,포천 2023_01.csv,자연관광,자연경관(하천/해양)
포천,2023,1,2023-01,64,경기도,포천시,필로스GC,114,포천 2023_01.csv,레저스포츠,육상레저스포츠
포천,2023,1,2023-01,65,경기도,포천시,왕산사,108,포천 2023_01.csv,역사관광,종교성지
포천,2023,1,2023-01,66,경기도,포천시,백운계곡국민관광지,104,포천 2023_01.csv,문화관광,복합관광시설
포천,2023,1,2023-01,67,경기도,포천시,아딸농원,96,포천 2023_01.csv,체험관광,농/산/어촌체험
포천,2023,1,2023-01,68,경기도,포천시,아프리카예술박물관,92,포천 2023_01.csv,문화관광,전시시설
포천,2023,1,2023-01,69,경기도,포천시,냉정저수지,91,포천 2023_01.csv,자연관광,자연경관(하천/해양)
포천,2023,1,2023-01,70,경기도,포천시,포천화적연,82,포천 2023_01.csv,자연관광,자연경관(하천/해양)
포천,2023,1,2023-01,71,경기도,포천시,송우공설시장,80,포천 2023_01.csv,쇼핑,시장
포천,2023,1,2023-01,72,경기도,포천시,자인사,78,포천 2023_01.csv,역사관광,종교성지
포천,2023,1,2023-01,72,경기도,포천시,운악산,78,포천 2023_01.csv,자연관광,자연경관(산)
포천,2023,1,2023-01,74,경기도,포천시,포천자동차극장,75,포천 2023_01.csv,문화관광,공연시설
포천,2023,1,2023-01,75,경기도,포천시,락가든GC,72,포천 2023_01.csv,레저스포츠,육상레저스포츠
포천,2023,1,2023-01,76,경기도,포천시,초원낚시터,69,포천 2023_01.csv,레저스포츠,수상레저스포츠
포천,2023,1,2023-01,77,경기도,포천시,흥룡사,68,포천 2023_01.csv,역사관광,종교성지
포천,2023,1,2023-01,78,경기도,포천시,포천신읍시장,67,포천 2023_01.csv,쇼핑,시장
포천,2023,1,2023-01,79,경기도,포천시,가산낚시터,61,포천 2023_01.csv,레저스포츠,수상레저스포츠
포천,2023,1,2023-01,80,경기도,포천시,고산식물원,59,포천 2023_01.csv,문화관광,테마공원
포천,2023,1,2023-01,80,경기도,포천시,클라우드시네마,59,포천 2023_01.csv,문화관광,공연시설
포천,2023,1,2023-01,82,경기도,포천시,태국군참전비,56,포천 2023_01.csv,역사관광,역사유물
포천,2023,1,2023-01,82,경기도,포천시,포천레이스웨이,56,포천 2023_01.csv,레저스포츠,육상레저스포츠
포천,2023,1,2023-01,84,경기도,포천시,오지재고개,52,포천 2023_01.csv,자연관광,자연경관(산)
포천,2023,1,2023-01,85,경기도,포천시,갈월버섯농장,48,포천 2023_01.csv,체험관광,농/산/어촌체험
포천,2023,1,2023-01,86,경기도,포천시,화엄사,45,포천 2023_01.csv,역사관광,종교성지
포천,2023,1,2023-01,86,경기도,포천시,동화사,45,포천 2023_01.csv,역사관광,종교성지
포천,2023,1,2023-01,86,경기도,포천시,포천체육공원,45,포천 2023_01.csv,문화관광,도시공원
포천,2023,1,2023-01,89,경기도,포천시,약천사,44,포천 2023_01.csv,역사관광,종교성지
포천,2023,1,2023-01,90,경기도,포천시,금주저수지,43,포천 2023_01.csv,자연관광,자연경관(하천/해양)
포천,2023,1,2023-01,91,경기도,포천시,포천파크골프장,42,포천 2023_01.csv,레저스포츠,기타레저스포츠
포천,2023,1,2023-01,92,경기도,포천시,베어스타운스노우타운눈썰매장,40,포천 2023_01.csv,레저스포츠,육상레저스포츠
포천,2023,1,2023-01,93,경기도,포천시,Y스포츠센터,39,포천 2023_01.csv,레저스포츠,기타레저스포츠
포천,2023,1,2023-01,94,경기도,포천시,어하고개,38,포천 2023_01.csv,자연관광,자연경관(산)
포천,2023,1,2023-01,94,경기도,포천시,구담사,38,포천 2023_01.csv,역사관광,종교성지
포천,2023,1,2023-01,94,경기도,포천시,지장산계곡,38,포천 2023_01.csv,자연관광,자연경관(산)
포천,2023,1,2023-01,94,경기도,포천시,허브아일랜드불빛동화축제,38,포천 2023_01.csv,문화관광,기타문화관광지
포천,2023,1,2023-01,94,경기도,포천시,천주사,38,포천 2023_01.csv,역사관광,종교성지
포천,2023,1,2023-01,99,경기도,포천시,국망봉자연휴양림,37,포천 2023_01.csv,자연관광,자연공원
포천,2023,1,2023-01,100,경기도,포천시,일동시장,36,포천 2023_01.csv,쇼핑,시장
포천,2023,1,2023-01,101,경기도,포천시,모돈갤러리,35,포천 2023_01.csv,문화관광,전시시설
포천,2023,1,2023-01,101,경기도,포천시,포천아트밸리천문과학관,35,포천 2023_01.csv,문화관광,전시시설
포천,2023,1,2023-01,103,경기도,포천시,한탄강주상절리길3코스,33,포천 2023_01.csv,레저스포츠,기타레저스포츠
포천,2023,1,2023-01,103,경기도,포천시,내촌낚시터,33,포천 2023_01.csv,레저스포츠,수상레저스포츠
포천,2023,1,2023-01,105,경기도,포천시,성불암,32,포천 2023_01.csv,역사관광,종교성지
포천,2023,1,2023-01,106,경기도,포천시,우금낚시공원,31,포천 2023_01.csv,레저스포츠,수상레저스포츠
포천,2023,1,2023-01,107,경기도,포천시,포천축구공원,30,포천 2023_01.csv,문화관광,도시공원
포천,2023,1,2023-01,108,경기도,포천시,황새목낚시터,28,포천 2023_01.csv,레저스포츠,수상레저스포츠
포천,2023,1,2023-01,108,경기도,포천시,가농바이오농장,28,포천 2023_01.csv,체험관광,농/산/어촌체험
포천,2023,1,2023-01,108,경기도,포천시,산정리조트눈썰매장,28,포천 2023_01.csv,레저스포츠,육상레저스포츠
포천,2023,1,2023-01,111,경기도,포천시,레이크밸리 승마클럽,26,포천 2023_01.csv,레저스포츠,기타레저스포츠
포천,2023,1,2023-01,112,경기도,포천시,이항복선생묘,25,포천 2023_01.csv,역사관광,역사유적지
포천,2023,1,2023-01,113,경기도,포천시,금주낚시터,24,포천 2023_01.csv,레저스포츠,수상레저스포츠
포천,2023,1,2023-01,113,경기도,포천시,직두리낚시터,24,포천 2023_01.csv,레저스포츠,수상레저스포츠
포천,2023,1,2023-01,113,경기도,포천시,극락사,24,포천 2023_01.csv,역사관광,종교성지
포천,2023,1,2023-01,113,경기도,포천시,멍우리협곡,24,포천 2023_01.csv,자연관광,자연경관(산)
포천,2023,1,2023-01,113,경기도,포천시,대안사,24,포천 2023_01.csv,역사관광,종교성지
포천,2023,1,2023-01,118,경기도,포천시,에덴농장,23,포천 2023_01.csv,체험관광,농/산/어촌체험
포천,2023,1,2023-01,118,경기도,포천시,보문정사,23,포천 2023_01.csv,역사관광,종교성지
포천,2023,1,2023-01,118,경기도,포천시,마홀축구장,23,포천 2023_01.csv,문화관광,레저스포츠시설
포천,2023,1,2023-01,121,경기도,포천시,충목단,22,포천 2023_01.csv,역사관광,역사유적지
포천,2023,1,2023-01,121,경기도,포천시,한과문화박물관,22,포천 2023_01.csv,문화관광,전시시설
포천,2023,1,2023-01,121,경기도,포천시,새마을낚시터,22,포천 2023_01.csv,레저스포츠,수상레저스포츠
포천,2023,1,2023-01,124,경기도,포천시,백로주유원지,21,포천 2023_01.csv,문화관광,복합관광시설
포천,2023,1,2023-01,124,경기도,포천시,코버월드,21,포천 2023_01.csv,문화관광,전시시설
포천,2023,1,2023-01,126,경기도,포천시,베스트원스포츠,20,포천 2023_01.csv,레저스포츠,기타레저스포츠
포천,2023,1,2023-01,126,경기도,포천시,산정랜드,20,포천 2023_01.csv,문화관광,복합관광시설
포천,2023,1,2023-01,128,경기도,포천시,나남수목원,19,포천 2023_01.csv,자연관광,자연공원
포천,2023,1,2023-01,129,경기도,포천시,도연암,18,포천 2023_01.csv,역사관광,종교성지
포천,2023,1,2023-01,130,경기도,포천시,천주호,17,포천 2023_01.csv,자연관광,자연경관(하천/해양)
포천,2023,1,2023-01,131,경기도,포천시,포천염광수련원,16,포천 2023_01.csv,레저스포츠,육상레저스포츠
포천,2023,1,2023-01,131,경기도,포천시,자비사,16,포천 2023_01.csv,역사관광,종교성지
포천,2023,1,2023-01,131,경기도,포천시,도평리터미널,16,포천 2023_01.csv,기타관광,교통시설
포천,2023,1,2023-01,131,경기도,포천시,제일베리,16,포천 2023_01.csv,체험관광,농/산/어촌체험
포천,2023,1,2023-01,135,경기도,포천시,마전낚시터,15,포천 2023_01.csv,레저스포츠,수상레저스포츠
포천,2023,1,2023-01,136,경기도,포천시,황금프라자,14,포천 2023_01.csv,쇼핑,쇼핑몰
포천,2023,1,2023-01,137,경기도,포천시,가람누리문화공원전망대,13,포천 2023_01.csv,문화관광,랜드마크관광
포천,2023,1,2023-01,137,경기도,포천시,광릉분재예술공원,13,포천 2023_01.csv,문화관광,도시공원
포천,2023,1,2023-01,137,경기도,포천시,축구장소흘생활체육공원,13,포천 2023_01.csv,문화관광,레저스포츠시설
포천,2023,1,2023-01,137,경기도,포천시,천은사,13,포천 2023_01.csv,역사관광,종교성지
포천,2023,1,2023-01,141,경기도,포천시,만덕사,12,포천 2023_01.csv,역사관광,종교성지
포천,2023,1,2023-01,141,경기도,포천시,미륵박물관,12,포천 2023_01.csv,문화관광,전시시설
포천,2023,1,2023-01,143,경기도,포천시,금룡사,11,포천 2023_01.csv,역사관광,종교성지
포천,2023,1,2023-01,143,경기도,포천시,한탄강팔호유원지,11,포천 2023_01.csv,문화관광,복합관광시설
포천,2023,1,2023-01,143,경기도,포천시,전운사,11,포천 2023_01.csv,역사관광,종교성지
포천,2023,1,2023-01,143,경기도,포천시,운천재래시장,11,포천 2023_01.csv,쇼핑,시장
포천,2023,1,2023-01,143,경기도,포천시,포천반월성,11,포천 2023_01.csv,역사관광,역사유적지
포천,2023,1,2023-01,143,경기도,포천시,무림사,11,포천 2023_01.csv,역사관광,종교성지
포천,2023,1,2023-01,143,경기도,포천시,금불사,11,포천 2023_01.csv,역사관광,종교성지
포천,2023,1,2023-01,150,경기도,포천시,포천허브아일랜드 자동차극장,10,포천 2023_01.csv,문화관광,공연시설
포천,2023,1,2023-01,150,경기도,포천시,쌍불사,10,포천 2023_01.csv,역사관광,종교성지
포천,2023,1,2023-01,150,경기도,포천시,깊이울저수지,10,포천 2023_01.csv,자연관광,자연경관(하천/해양)
포천,2023,1,2023-01,150,경기도,포천시,백운산,10,포천 2023_01.csv,자연관광,자연경관(산)
포천,2023,1,2023-01,150,경기도,포천시,초가낚시터,10,포천 2023_01.csv,레저스포츠,수상레저스포츠
포천,2023,1,2023-01,150,경기도,포천시,중리저수지,10,포천 2023_01.csv,자연관광,자연경관(하천/해양)
포천,2023,1,2023-01,150,경기도,포천시,통일대,10,포천 2023_01.csv,기타관광,기타관광
포천,2023,1,2023-01,150,경기도,포천시,향적사,10,포천 2023_01.csv,역사관광,종교성지
포천,2023,1,2023-01,150,경기도,포천시,키즈필포천송우점,10,포천 2023_01.csv,문화관광,테마공원
포천,2023,1,2023-01,159,경기도,포천시,대한불교조계종정변지사,9,포천 2023_01.csv,역사관광,종교성지
포천,2023,1,2023-01,159,경기도,포천시,포천하늘아래치유의숲,9,포천 2023_01.csv,기타관광,기타관광
포천,2023,1,2023-01,161,경기도,포천시,털보낚시터,8,포천 2023_01.csv,레저스포츠,수상레저스포츠
포천,2023,1,2023-01,162,경기도,포천시,루지월드베어스타운점,7,포천 2023_01.csv,레저스포츠,기타레저스포츠
포천,2023,1,2023-01,162,경기도,포천시,밤밭실내장어낚시터,7,포천 2023_01.csv,레저스포츠,수상레저스포츠
포천,2023,1,2023-01,162,경기도,포천시,포천그린아울렛,7,포천 2023_01.csv,쇼핑,쇼핑몰
포천,2023,1,2023-01,162,경기도,포천시,명성산,7,포천 2023_01.csv,자연관광,자연경관(산)
포천,2023,1,2023-01,162,경기도,포천시,청한베이스볼파크,7,포천 2023_01.csv,문화관광,레저스포츠시설
포천,2023,1,2023-01,162,경기도,포천시,가온농장,7,포천 2023_01.csv,체험관광,농/산/어촌체험
포천,2023,1,2023-01,168,경기도,포천시,자이언트복싱짐,6,포천 2023_01.csv,레저스포츠,기타레저스포츠
포천,2023,1,2023-01,168,경기도,포천시,소흘이모야,6,포천 2023_01.csv,체험관광,공예체험
포천,2023,1,2023-01,168,경기도,포천시,양치식물전시원,6,포천 2023_01.csv,문화관광,테마공원
포천,2023,1,2023-01,168,경기도,포천시,풍림농장,6,포천 2023_01.csv,체험관광,농/산/어촌체험
포천,2023,1,2023-01,168,경기도,포천시,베어스타운CC휴업중,6,포천 2023_01.csv,레저스포츠,육상레저스포츠
포천,2023,1,2023-01,168,경기도,포천시,송일농장,6,포천 2023_01.csv,체험관광,농/산/어촌체험
포천,2023,1,2023-01,168,경기도,포천시,청계산,6,포천 2023_01.csv,자연관광,자연경관(산)
포천,2023,1,2023-01,168,경기도,포천시,강포저수지,6,포천 2023_01.csv,자연관광,자연경관(하천/해양)
포천,2023,1,2023-01,168,경기도,포천시,운악산포천운주사방면,6,포천 2023_01.csv,자연관광,자연경관(산)
포천,2023,1,2023-01,168,경기도,포천시,왕방산,6,포천 2023_01.csv,자연관광,자연경관(산)
포천,2023,1,2023-01,168,경기도,포천시,태산낚시터,6,포천 2023_01.csv,레저스포츠,수상레저스포츠
포천,2023,1,2023-01,168,경기도,포천시,미트빌연합사업단,6,포천 2023_01.csv,쇼핑,시장
포천,2023,1,2023-01,168,경기도,포천시,포천블루파크,6,포천 2023_01.csv,문화관광,테마공원
포천,2023,1,2023-01,168,경기도,포천시,한탄강금빛사과농원,6,포천 2023_01.csv,체험관광,농/산/어촌체험
포천,2023,1,2023-01,168,경기도,포천시,장암저수지,6,포천 2023_01.csv,자연관광,자연경관(하천/해양)
포천,2023,1,2023-01,183,경기도,포천시,포천탁구장,5,포천 2023_01.csv,레저스포츠,기타레저스포츠
포천,2023,1,2023-01,183,경기도,포천시,옥병서원,5,포천 2023_01.csv,역사관광,역사유적지
포천,2023,1,2023-01,183,경기도,포천시,리얼야구존포천시청점,5,포천 2023_01.csv,레저스포츠,기타레저스포츠
포천,2023,1,2023-01,186,경기도,포천시,한탄강주상절리길2코스,4,포천 2023_01.csv,레저스포츠,기타레저스포츠
포천,2023,1,2023-01,186,경기도,포천시,관음사,4,포천 2023_01.csv,역사관광,종교성지
포천,2023,1,2023-01,186,경기도,포천시,소우주도자기공방,4,포천 2023_01.csv,체험관광,공예체험
포천,2023,1,2023-01,186,경기도,포천시,원통사,4,포천 2023_01.csv,역사관광,종교성지
포천,2023,1,2023-01,186,경기도,포천시,아라리농장,4,포천 2023_01.csv,체험관광,농/산/어촌체험
포천,2023,1,2023-01,186,경기도,포천시,보현사,4,포천 2023_01.csv,역사관광,종교성지
포천,2023,1,2023-01,186,경기도,포천시,법왕사,4,포천 2023_01.csv,역사관광,종교성지
포천,2023,1,2023-01,186,경기도,포천시,용연서원,4,포천 2023_01.csv,역사관광,역사유적지
포천,2023,1,2023-01,186,경기도,포천시,금수정,4,포천 2023_01.csv,역사관광,역사유적지
포천,2023,1,2023-01,186,경기도,포천시,사직리축구장,4,포천 2023_01.csv,문화관광,레저스포츠시설
포천,2023,1,2023-01,186,경기도,포천시,한탄강대교천현무암협곡,4,포천 2023_01.csv,기타관광,기타관광
포천,2023,1,2023-01,186,경기도,포천시,중리테마파크낚시터,4,포천 2023_01.csv,레저스포츠,수상레저스포츠
포천,2023,1,2023-01,186,경기도,포천시,성불사,4,포천 2023_01.csv,역사관광,종교성지
포천,2023,1,2023-01,199,경기도,포천시,청성사,3,포천 2023_01.csv,역사관광,역사유적지
포천,2023,1,2023-01,199,경기도,포천시,대수암,3,포천 2023_01.csv,역사관광,종교성지
포천,2023,1,2023-01,199,경기도,포천시,초계목장,3,포천 2023_01.csv,체험관광,농/산/어촌체험
포천,2023,1,2023-01,199,경기도,포천시,명성산억새밭,3,포천 2023_01.csv,기타관광,기타관광
포천,2023,1,2023-01,199,경기도,포천시,포천직두리의부부송,3,포천 2023_01.csv,역사관광,역사유적지
포천,2023,1,2023-01,199,경기도,포천시,달맞이농원은신정육점,3,포천 2023_01.csv,체험관광,농/산/어촌체험
포천,2023,1,2023-01,199,경기도,포천시,유식물원,3,포천 2023_01.csv,문화관광,테마공원
포천,2023,1,2023-01,199,경기도,포천시,허브와야생화마을,3,포천 2023_01.csv,문화관광,테마공원
포천,2023,1,2023-01,199,경기도,포천시,본선사,3,포천 2023_01.csv,역사관광,종교성지
포천,2023,1,2023-01,199,경기도,포천시,솔모루공원,3,포천 2023_01.csv,문화관광,도시공원
포천,2023,1,2023-01,199,경기도,포천시,운악레저타운,3,포천 2023_01.csv,레저스포츠,기타레저스포츠
포천,2023,1,2023-01,199,경기도,포천시,명성산산안고개방면,3,포천 2023_01.csv,자연관광,자연경관(산)
포천,2023,1,2023-01,199,경기도,포천시,지장사,3,포천 2023_01.csv,역사관광,종교성지
포천,2023,1,2023-01,199,경기도,포천시,봉운사,3,포천 2023_01.csv,역사관광,종교성지
포천,2023,1,2023-01,199,경기도,포천시,직동낚시터,3,포천 2023_01.csv,레저스포츠,수상레저스포츠
포천,2023,1,2023-01,199,경기도,포천시,선광사,3,포천 2023_01.csv,역사관광,종교성지
포천,2023,1,2023-01,199,경기도,포천시,정수유원지,3,포천 2023_01.csv,문화관광,복합관광시설
포천,2023,1,2023-01,199,경기도,포천시,호스랜드승마클럽,3,포천 2023_01.csv,레저스포츠,육상레저스포츠
포천,2023,1,2023-01,199,경기도,포천시,비즈아쿠아,3,포천 2023_01.csv,문화관광,테마공원
포천,2023,1,2023-01,199,경기도,포천시,허브아일랜드산타마을,3,포천 2023_01.csv,문화관광,테마공원
포천,2023,1,2023-01,199,경기도,포천시,명산저수지,3,포천 2023_01.csv,자연관광,자연경관(하천/해양)
포천,2023,1,2023-01,199,경기도,포천시,스타복싱클럽포천점,3,포천 2023_01.csv,레저스포츠,기타레저스포츠
포천,2023,1,2023-01,199,경기도,포천시,한탄강야생화공원,3,포천 2023_01.csv,문화관광,도시공원
포천,2023,1,2023-01,199,경기도,포천시,포천운산리자연생태공원,3,포천 2023_01.csv,문화관광,도시공원
포천,2023,1,2023-01,199,경기도,포천시,보림사,3,포천 2023_01.csv,역사관광,종교성지
포천,2023,1,2023-01,199,경기도,포천시,독수리유격대전적비,3,포천 2023_01.csv,역사관광,역사유물
포천,2023,1,2023-01,199,경기도,포천시,용주암,3,포천 2023_01.csv,역사관광,종교성지
포천,2023,1,2023-01,199,경기도,포천시,포천야구장,3,포천 2023_01.csv,문화관광,레저스포츠시설
포천,2023,1,2023-01,199,경기도,포천시,평화나무농장,3,포천 2023_01.csv,체험관광,농/산/어촌체험
포천,2023,1,2023-01,199,경기도,포천시,국봉사,3,포천 2023_01.csv,역사관광,종교성지
포천,2023,1,2023-01,199,경기도,포천시,백운산광덕고개,3,포천 2023_01.csv,자연관광,자연경관(산)
포천,2023,1,2023-01,199,경기도,포천시,궁뜰사과농원,3,포천 2023_01.csv,체험관광,농/산/어촌체험
포천,2023,1,2023-01,199,경기도,포천시,향원재,3,포천 2023_01.csv,역사관광,역사유적지
포천,2023,1,2023-01,199,경기도,포천시,육림호,3,포천 2023_01.csv,자연관광,자연경관(하천/해양)
포천,2023,1,2023-01,199,경기도,포천시,천해사,3,포천 2023_01.csv,역사관광,종교성지
포천,2023,2,2023-02,1,경기도,포천시,산정호수,6393,포천 2023_02.csv,자연관광,자연경관(하천/해양)
포천,2023,2,2023-02,2,경기도,포천시,포천아트밸리,4952,포천 2023_02.csv,문화관광,공연시설
포천,2023,2,2023-02,3,경기도,포천시,고모저수지,4196,포천 2023_02.csv,자연관광,자연경관(하천/해양)
포천,2023,2,2023-02,4,경기도,포천시,국립수목원,4023,포천 2023_02.csv,문화관광,테마공원
포천,2023,2,2023-02,5,경기도,포천시,허브아일랜드,3180,포천 2023_02.csv,체험관광,농/산/어촌체험
포천,2023,2,2023-02,6,경기도,포천시,일동시외버스터미널,2856,포천 2023_02.csv,기타관광,교통시설
포천,2023,2,2023-02,7,경기도,포천시,신북온천스프링폴,2658,포천 2023_02.csv,체험관광,웰니스관광
포천,2023,2,2023-02,8,경기도,포천시,푸른솔GC포천,2610,포천 2023_02.csv,레저스포츠,육상레저스포츠
포천,2023,2,2023-02,9,경기도,포천시,포레스트힐CC,2523,포천 2023_02.csv,레저스포츠,육상레저스포츠
포천,2023,2,2023-02,10,경기도,포천시,베어크리크GC,2484,포천 2023_02.csv,레저스포츠,육상레저스포츠
포천,2023,2,2023-02,11,경기도,포천시,포천힐스CC,2318,포천 2023_02.csv,레저스포츠,육상레저스포츠
포천,2023,2,2023-02,12,경기도,포천시,제일유황온천,2297,포천 2023_02.csv,체험관광,웰니스관광
포천,2023,2,2023-02,13,경기도,포천시,포천아도니스CC,2111,포천 2023_02.csv,레저스포츠,육상레저스포츠
포천,2023,2,2023-02,14,경기도,포천시,대유몽베르CC,2027,포천 2023_02.csv,레저스포츠,육상레저스포츠
포천,2023,2,2023-02,15,경기도,포천시,비둘기낭폭포,1925,포천 2023_02.csv,자연관광,자연경관(산)
포천,2023,2,2023-02,16,경기도,포천시,참밸리컨트리클럽,1843,포천 2023_02.csv,레저스포츠,육상레저스포츠
포천,2023,2,2023-02,17,경기도,포천시,라싸GC,1615,포천 2023_02.csv,레저스포츠,육상레저스포츠
포천,2023,2,2023-02,18,경기도,포천시,포천힐마루CC,1432,포천 2023_02.csv,레저스포츠,육상레저스포츠
포천,2023,2,2023-02,19,경기도,포천시,포천한탄강하늘다리,1417,포천 2023_02.csv,기타관광,기타관광
포천,2023,2,2023-02,20,경기도,포천시,필로스GC,1408,포천 2023_02.csv,레저스포츠,육상레저스포츠
포천,2023,2,2023-02,21,경기도,포천시,샴발라CC,1385,포천 2023_02.csv,레저스포츠,육상레저스포츠
포천,2023,2,2023-02,22,경기도,포천시,CGV포천,1053,포천 2023_02.csv,문화관광,공연시설
포천,2023,2,2023-02,23,경기도,포천시,송우시외버스터미널,1046,포천 2023_02.csv,기타관광,교통시설
포천,2023,2,2023-02,24,경기도,포천시,어메이징파크,997,포천 2023_02.csv,문화관광,전시시설
포천,2023,2,2023-02,25,경기도,포천시,한탄강주상절리길1코스,977,포천 2023_02.csv,레저스포츠,기타레저스포츠
포천,2023,2,2023-02,26,경기도,포천시,베어스타운스키장휴업중,957,포천 2023_02.csv,레저스포츠,육상레저스포츠
포천,2023,2,2023-02,27,경기도,포천시,포천시외버스터미널,946,포천 2023_02.csv,기타관광,교통시설
포천,2023,2,2023-02,28,경기도,포천시,호국금강사,931,포천 2023_02.csv,역사관광,종교성지
포천,2023,2,2023-02,29,경기도,포천시,백운계곡,847,포천 2023_02.csv,자연관광,자연경관(산)
포천,2023,2,2023-02,30,경기도,포천시,일동레이크GC,781,포천 2023_02.csv,레저스포츠,육상레저스포츠
포천,2023,2,2023-02,31,경기도,포천시,산사원,676,포천 2023_02.csv,문화관광,전시시설
포천,2023,2,2023-02,32,경기도,포천시,주파크,636,포천 2023_02.csv,문화관광,테마공원
포천,2023,2,2023-02,33,경기도,포천시,락가든GC,605,포천 2023_02.csv,레저스포츠,육상레저스포츠
포천,2023,2,2023-02,34,경기도,포천시,축석고개,577,포천 2023_02.csv,자연관광,자연경관(산)
포천,2023,2,2023-02,35,경기도,포천시,운악산자연휴양림,505,포천 2023_02.csv,자연관광,자연공원
포천,2023,2,2023-02,36,경기도,포천시,포천5일장,459,포천 2023_02.csv,쇼핑,시장
포천,2023,2,2023-02,37,경기도,포천시,포천반월아트홀,408,포천 2023_02.csv,문화관광,공연시설
포천,2023,2,2023-02,38,경기도,포천시,천보산자연휴양림,373,포천 2023_02.csv,자연관광,자연공원
포천,2023,2,2023-02,39,경기도,포천시,아딸농원,370,포천 2023_02.csv,체험관광,농/산/어촌체험
포천,2023,2,2023-02,40,경기도,포천시,한탄강지질공원센터,348,포천 2023_02.csv,문화관광,전시시설
포천,2023,2,2023-02,41,경기도,포천시,서운동산,339,포천 2023_02.csv,문화관광,복합관광시설
포천,2023,2,2023-02,42,경기도,포천시,포천수원산정상전망대,297,포천 2023_02.csv,문화관광,랜드마크관광
포천,2023,2,2023-02,43,경기도,포천시,도성사,294,포천 2023_02.csv,역사관광,종교성지
포천,2023,2,2023-02,44,경기도,포천시,깊이울유원지,276,포천 2023_02.csv,문화관광,복합관광시설
포천,2023,2,2023-02,45,경기도,포천시,평강랜드,250,포천 2023_02.csv,문화관광,테마공원
포천,2023,2,2023-02,46,경기도,포천시,포천아도니스퍼블릭CC,241,포천 2023_02.csv,레저스포츠,육상레저스포츠
포천,2023,2,2023-02,47,경기도,포천시,포천가구공단,233,포천 2023_02.csv,쇼핑,기타쇼핑시설
포천,2023,2,2023-02,48,경기도,포천시,수목원고모호수공원,220,포천 2023_02.csv,문화관광,도시공원
포천,2023,2,2023-02,49,경기도,포천시,가산저수지,214,포천 2023_02.csv,자연관광,자연경관(하천/해양)
포천,2023,2,2023-02,50,경기도,포천시,쌍방죽낚시터,210,포천 2023_02.csv,레저스포츠,수상레저스포츠
포천,2023,2,2023-02,51,경기도,포천시,도리돌문화교류센터,201,포천 2023_02.csv,레저스포츠,기타레저스포츠
포천,2023,2,2023-02,52,경기도,포천시,밤밭낚시터,196,포천 2023_02.csv,레저스포츠,수상레저스포츠
포천,2023,2,2023-02,53,경기도,포천시,동교낚시터,192,포천 2023_02.csv,레저스포츠,수상레저스포츠
포천,2023,2,2023-02,54,경기도,포천시,수목원낚시터,182,포천 2023_02.csv,레저스포츠,수상레저스포츠
포천,2023,2,2023-02,55,경기도,포천시,설운체육공원,181,포천 2023_02.csv,문화관광,도시공원
포천,2023,2,2023-02,56,경기도,포천시,광릉수목원자동차극장,178,포천 2023_02.csv,문화관광,공연시설
포천,2023,2,2023-02,57,경기도,포천시,한화리조트산정호수온천,166,포천 2023_02.csv,체험관광,웰니스관광
포천,2023,2,2023-02,58,경기도,포천시,청성역사공원,165,포천 2023_02.csv,문화관광,도시공원
포천,2023,2,2023-02,59,경기도,포천시,낭만닥터김사부촬영지,160,포천 2023_02.csv,문화관광,기타문화관광지
포천,2023,2,2023-02,60,경기도,포천시,포천패션타운,154,포천 2023_02.csv,쇼핑,쇼핑몰
포천,2023,2,2023-02,61,경기도,포천시,소흘생활체육공원,152,포천 2023_02.csv,문화관광,도시공원
포천,2023,2,2023-02,62,경기도,포천시,청계지,141,포천 2023_02.csv,자연관광,자연경관(하천/해양)
포천,2023,2,2023-02,63,경기도,포천시,포천화적연,135,포천 2023_02.csv,자연관광,자연경관(하천/해양)
포천,2023,2,2023-02,64,경기도,포천시,구담사,118,포천 2023_02.csv,역사관광,종교성지
포천,2023,2,2023-02,65,경기도,포천시,포천신읍시장,110,포천 2023_02.csv,쇼핑,시장
포천,2023,2,2023-02,66,경기도,포천시,아프리카예술박물관,104,포천 2023_02.csv,문화관광,전시시설
포천,2023,2,2023-02,67,경기도,포천시,내촌낚시터,102,포천 2023_02.csv,레저스포츠,수상레저스포츠
포천,2023,2,2023-02,68,경기도,포천시,에덴농장,100,포천 2023_02.csv,체험관광,농/산/어촌체험
포천,2023,2,2023-02,68,경기도,포천시,동교하우스낚시터,100,포천 2023_02.csv,레저스포츠,수상레저스포츠
포천,2023,2,2023-02,70,경기도,포천시,백운계곡유원지,98,포천 2023_02.csv,문화관광,복합관광시설
포천,2023,2,2023-02,71,경기도,포천시,산정호수조각공원,96,포천 2023_02.csv,문화관광,도시공원
포천,2023,2,2023-02,72,경기도,포천시,가산낚시터,94,포천 2023_02.csv,레저스포츠,수상레저스포츠
포천,2023,2,2023-02,72,경기도,포천시,운악산,94,포천 2023_02.csv,자연관광,자연경관(산)
포천,2023,2,2023-02,74,경기도,포천시,왕산사,88,포천 2023_02.csv,역사관광,종교성지
포천,2023,2,2023-02,75,경기도,포천시,청한베이스볼파크,84,포천 2023_02.csv,문화관광,레저스포츠시설
포천,2023,2,2023-02,76,경기도,포천시,포천염광수련원,80,포천 2023_02.csv,레저스포츠,육상레저스포츠
포천,2023,2,2023-02,77,경기도,포천시,포천스포츠센터,79,포천 2023_02.csv,레저스포츠,기타레저스포츠
포천,2023,2,2023-02,78,경기도,포천시,송우공설시장,77,포천 2023_02.csv,쇼핑,시장
포천,2023,2,2023-02,78,경기도,포천시,태국군참전비,77,포천 2023_02.csv,역사관광,역사유물
포천,2023,2,2023-02,80,경기도,포천시,포천체육공원,73,포천 2023_02.csv,문화관광,도시공원
포천,2023,2,2023-02,81,경기도,포천시,모돈갤러리,72,포천 2023_02.csv,문화관광,전시시설
포천,2023,2,2023-02,82,경기도,포천시,고산식물원,69,포천 2023_02.csv,문화관광,테마공원
포천,2023,2,2023-02,83,경기도,포천시,루지월드베어스타운점,66,포천 2023_02.csv,레저스포츠,기타레저스포츠
포천,2023,2,2023-02,84,경기도,포천시,초원낚시터,65,포천 2023_02.csv,레저스포츠,수상레저스포츠
포천,2023,2,2023-02,85,경기도,포천시,냉정저수지,63,포천 2023_02.csv,자연관광,자연경관(하천/해양)
포천,2023,2,2023-02,86,경기도,포천시,자인사,59,포천 2023_02.csv,역사관광,종교성지
포천,2023,2,2023-02,86,경기도,포천시,포천자동차극장,59,포천 2023_02.csv,문화관광,공연시설
포천,2023,2,2023-02,88,경기도,포천시,오지재고개,53,포천 2023_02.csv,자연관광,자연경관(산)
포천,2023,2,2023-02,89,경기도,포천시,갈월버섯농장,51,포천 2023_02.csv,체험관광,농/산/어촌체험
포천,2023,2,2023-02,90,경기도,포천시,레이크밸리 승마클럽,50,포천 2023_02.csv,레저스포츠,기타레저스포츠
포천,2023,2,2023-02,90,경기도,포천시,국망봉자연휴양림,50,포천 2023_02.csv,자연관광,자연공원
포천,2023,2,2023-02,90,경기도,포천시,포천아트밸리천문과학관,50,포천 2023_02.csv,문화관광,전시시설
포천,2023,2,2023-02,90,경기도,포천시,코버월드,50,포천 2023_02.csv,문화관광,전시시설
포천,2023,2,2023-02,94,경기도,포천시,산정랜드,49,포천 2023_02.csv,문화관광,복합관광시설
포천,2023,2,2023-02,95,경기도,포천시,일동시장,45,포천 2023_02.csv,쇼핑,시장
포천,2023,2,2023-02,96,경기도,포천시,한탄강주상절리길3코스,43,포천 2023_02.csv,레저스포츠,기타레저스포츠
포천,2023,2,2023-02,97,경기도,포천시,흥룡사,41,포천 2023_02.csv,역사관광,종교성지
포천,2023,2,2023-02,97,경기도,포천시,포천하늘아래치유의숲,41,포천 2023_02.csv,기타관광,기타관광
포천,2023,2,2023-02,99,경기도,포천시,동화사,40,포천 2023_02.csv,역사관광,종교성지
포천,2023,2,2023-02,100,경기도,포천시,강포저수지,38,포천 2023_02.csv,자연관광,자연경관(하천/해양)
포천,2023,2,2023-02,100,경기도,포천시,제일베리,38,포천 2023_02.csv,체험관광,농/산/어촌체험
포천,2023,2,2023-02,102,경기도,포천시,포천축구공원,36,포천 2023_02.csv,문화관광,도시공원
포천,2023,2,2023-02,103,경기도,포천시,금주저수지,35,포천 2023_02.csv,자연관광,자연경관(하천/해양)
포천,2023,2,2023-02,104,경기도,포천시,운천재래시장,34,포천 2023_02.csv,쇼핑,시장
포천,2023,2,2023-02,105,경기도,포천시,어하고개,33,포천 2023_02.csv,자연관광,자연경관(산)
포천,2023,2,2023-02,105,경기도,포천시,지장산계곡,33,포천 2023_02.csv,자연관광,자연경관(산)
포천,2023,2,2023-02,105,경기도,포천시,천주사,33,포천 2023_02.csv,역사관광,종교성지
포천,2023,2,2023-02,108,경기도,포천시,황새목낚시터,32,포천 2023_02.csv,레저스포츠,수상레저스포츠
포천,2023,2,2023-02,108,경기도,포천시,천주호,32,포천 2023_02.csv,자연관광,자연경관(하천/해양)
포천,2023,2,2023-02,110,경기도,포천시,가농바이오농장,31,포천 2023_02.csv,체험관광,농/산/어촌체험
포천,2023,2,2023-02,111,경기도,포천시,황금프라자,30,포천 2023_02.csv,쇼핑,쇼핑몰
포천,2023,2,2023-02,111,경기도,포천시,약천사,30,포천 2023_02.csv,역사관광,종교성지
포천,2023,2,2023-02,111,경기도,포천시,백운낚시터,30,포천 2023_02.csv,레저스포츠,수상레저스포츠
포천,2023,2,2023-02,114,경기도,포천시,마전낚시터,29,포천 2023_02.csv,레저스포츠,수상레저스포츠
포천,2023,2,2023-02,114,경기도,포천시,화엄사,29,포천 2023_02.csv,역사관광,종교성지
포천,2023,2,2023-02,114,경기도,포천시,마홀축구장,29,포천 2023_02.csv,문화관광,레저스포츠시설
포천,2023,2,2023-02,114,경기도,포천시,포천파크골프장,29,포천 2023_02.csv,레저스포츠,기타레저스포츠
포천,2023,2,2023-02,118,경기도,포천시,멍우리협곡,26,포천 2023_02.csv,자연관광,자연경관(산)
포천,2023,2,2023-02,119,경기도,포천시,광릉분재예술공원,25,포천 2023_02.csv,문화관광,도시공원
포천,2023,2,2023-02,119,경기도,포천시,충목단,25,포천 2023_02.csv,역사관광,역사유적지
포천,2023,2,2023-02,119,경기도,포천시,자비사,25,포천 2023_02.csv,역사관광,종교성지
포천,2023,2,2023-02,122,경기도,포천시,가람누리문화공원전망대,23,포천 2023_02.csv,문화관광,랜드마크관광
포천,2023,2,2023-02,122,경기도,포천시,극락사,23,포천 2023_02.csv,역사관광,종교성지
포천,2023,2,2023-02,122,경기도,포천시,포천반월성,23,포천 2023_02.csv,역사관광,역사유적지
포천,2023,2,2023-02,122,경기도,포천시,무림사,23,포천 2023_02.csv,역사관광,종교성지
포천,2023,2,2023-02,122,경기도,포천시,클라우드시네마,23,포천 2023_02.csv,문화관광,공연시설
포천,2023,2,2023-02,127,경기도,포천시,백로주유원지,22,포천 2023_02.csv,문화관광,복합관광시설
포천,2023,2,2023-02,128,경기도,포천시,성불암,20,포천 2023_02.csv,역사관광,종교성지
포천,2023,2,2023-02,129,경기도,포천시,금주낚시터,19,포천 2023_02.csv,레저스포츠,수상레저스포츠
포천,2023,2,2023-02,130,경기도,포천시,명성산,18,포천 2023_02.csv,자연관광,자연경관(산)
포천,2023,2,2023-02,131,경기도,포천시,직두리낚시터,17,포천 2023_02.csv,레저스포츠,수상레저스포츠
포천,2023,2,2023-02,131,경기도,포천시,허브아일랜드불빛동화축제,17,포천 2023_02.csv,문화관광,기타문화관광지
포천,2023,2,2023-02,133,경기도,포천시,Y스포츠센터,16,포천 2023_02.csv,레저스포츠,기타레저스포츠
포천,2023,2,2023-02,134,경기도,포천시,밤밭실내장어낚시터,15,포천 2023_02.csv,레저스포츠,수상레저스포츠
포천,2023,2,2023-02,134,경기도,포천시,도평리터미널,15,포천 2023_02.csv,기타관광,교통시설
포천,2023,2,2023-02,134,경기도,포천시,도연암,15,포천 2023_02.csv,역사관광,종교성지
포천,2023,2,2023-02,137,경기도,포천시,새마을낚시터,14,포천 2023_02.csv,레저스포츠,수상레저스포츠
포천,2023,2,2023-02,137,경기도,포천시,백운계곡국민관광지,14,포천 2023_02.csv,문화관광,복합관광시설
포천,2023,2,2023-02,139,경기도,포천시,베스트원스포츠,13,포천 2023_02.csv,레저스포츠,기타레저스포츠
포천,2023,2,2023-02,139,경기도,포천시,우금낚시공원,13,포천 2023_02.csv,레저스포츠,수상레저스포츠
포천,2023,2,2023-02,139,경기도,포천시,법왕사,13,포천 2023_02.csv,역사관광,종교성지
포천,2023,2,2023-02,139,경기도,포천시,나남수목원,13,포천 2023_02.csv,자연관광,자연공원
포천,2023,2,2023-02,139,경기도,포천시,지질트레일1코스,13,포천 2023_02.csv,레저스포츠,기타레저스포츠
포천,2023,2,2023-02,139,경기도,포천시,금불사,13,포천 2023_02.csv,역사관광,종교성지
포천,2023,2,2023-02,145,경기도,포천시,명성산억새밭,12,포천 2023_02.csv,기타관광,기타관광
포천,2023,2,2023-02,145,경기도,포천시,포천그린아울렛,12,포천 2023_02.csv,쇼핑,쇼핑몰
포천,2023,2,2023-02,145,경기도,포천시,금룡사,12,포천 2023_02.csv,역사관광,종교성지
포천,2023,2,2023-02,145,경기도,포천시,한탄강팔호유원지,12,포천 2023_02.csv,문화관광,복합관광시설
포천,2023,2,2023-02,145,경기도,포천시,이항복선생묘,12,포천 2023_02.csv,역사관광,역사유적지
포천,2023,2,2023-02,145,경기도,포천시,천은사,12,포천 2023_02.csv,역사관광,종교성지
포천,2023,2,2023-02,151,경기도,포천시,한과문화박물관,11,포천 2023_02.csv,문화관광,전시시설
포천,2023,2,2023-02,151,경기도,포천시,송일농장,11,포천 2023_02.csv,체험관광,농/산/어촌체험
포천,2023,2,2023-02,151,경기도,포천시,깊이울저수지,11,포천 2023_02.csv,자연관광,자연경관(하천/해양)
포천,2023,2,2023-02,151,경기도,포천시,포천야구장,11,포천 2023_02.csv,문화관광,레저스포츠시설
포천,2023,2,2023-02,155,경기도,포천시,화산서원,10,포천 2023_02.csv,역사관광,역사유적지
포천,2023,2,2023-02,155,경기도,포천시,축구장소흘생활체육공원,10,포천 2023_02.csv,문화관광,레저스포츠시설
포천,2023,2,2023-02,155,경기도,포천시,미륵박물관,10,포천 2023_02.csv,문화관광,전시시설
포천,2023,2,2023-02,155,경기도,포천시,용주암,10,포천 2023_02.csv,역사관광,종교성지
포천,2023,2,2023-02,155,경기도,포천시,백운산광덕고개,10,포천 2023_02.csv,자연관광,자연경관(산)
포천,2023,2,2023-02,155,경기도,포천시,포천아우라지베개용암,10,포천 2023_02.csv,기타관광,기타관광
포천,2023,2,2023-02,155,경기도,포천시,장암저수지,10,포천 2023_02.csv,자연관광,자연경관(하천/해양)
포천,2023,2,2023-02,162,경기도,포천시,소우주도자기공방,9,포천 2023_02.csv,체험관광,공예체험
포천,2023,2,2023-02,162,경기도,포천시,보문정사,9,포천 2023_02.csv,역사관광,종교성지
포천,2023,2,2023-02,162,경기도,포천시,태산낚시터,9,포천 2023_02.csv,레저스포츠,수상레저스포츠
포천,2023,2,2023-02,165,경기도,포천시,부소천교,8,포천 2023_02.csv,기타관광,기타관광
포천,2023,2,2023-02,165,경기도,포천시,신읍동도시재생어울림센터2건축중(2023년상반기준공예정),8,포천 2023_02.csv,문화관광,기타문화관광지
포천,2023,2,2023-02,165,경기도,포천시,전운사,8,포천 2023_02.csv,역사관광,종교성지
포천,2023,2,2023-02,165,경기도,포천시,베어스타운스노우타운눈썰매장,8,포천 2023_02.csv,레저스포츠,육상레저스포츠
포천,2023,2,2023-02,165,경기도,포천시,산정리조트눈썰매장,8,포천 2023_02.csv,레저스포츠,육상레저스포츠
포천,2023,2,2023-02,165,경기도,포천시,서광사,8,포천 2023_02.csv,역사관광,종교성지
포천,2023,2,2023-02,165,경기도,포천시,천해사,8,포천 2023_02.csv,역사관광,종교성지
포천,2023,2,2023-02,172,경기도,포천시,평화농원포천블루베리,7,포천 2023_02.csv,체험관광,농/산/어촌체험
포천,2023,2,2023-02,172,경기도,포천시,한탄강주상절리길5코스,7,포천 2023_02.csv,레저스포츠,기타레저스포츠
포천,2023,2,2023-02,172,경기도,포천시,쌍불사,7,포천 2023_02.csv,역사관광,종교성지
포천,2023,2,2023-02,172,경기도,포천시,유식물원,7,포천 2023_02.csv,문화관광,테마공원
포천,2023,2,2023-02,172,경기도,포천시,미트빌연합사업단,7,포천 2023_02.csv,쇼핑,시장
포천,2023,2,2023-02,172,경기도,포천시,한탄임진강지질공원,7,포천 2023_02.csv,문화관광,도시공원
포천,2023,2,2023-02,172,경기도,포천시,향적사,7,포천 2023_02.csv,역사관광,종교성지
포천,2023,2,2023-02,179,경기도,포천시,산안고개,6,포천 2023_02.csv,자연관광,자연경관(산)
포천,2023,2,2023-02,179,경기도,포천시,관인문화마을,6,포천 2023_02.csv,기타관광,기타관광
포천,2023,2,2023-02,179,경기도,포천시,프로방스빌리지수영장,6,포천 2023_02.csv,문화관광,테마공원
포천,2023,2,2023-02,179,경기도,포천시,길명낚시공원,6,포천 2023_02.csv,레저스포츠,수상레저스포츠
포천,2023,2,2023-02,179,경기도,포천시,포천직두리의부부송,6,포천 2023_02.csv,역사관광,역사유적지
포천,2023,2,2023-02,179,경기도,포천시,수목원프로방스,6,포천 2023_02.csv,자연관광,자연공원
포천,2023,2,2023-02,179,경기도,포천시,봉운사,6,포천 2023_02.csv,역사관광,종교성지
포천,2023,2,2023-02,179,경기도,포천시,산정호수관광단지,6,포천 2023_02.csv,문화관광,복합관광시설
포천,2023,2,2023-02,179,경기도,포천시,백운산,6,포천 2023_02.csv,자연관광,자연경관(산)
포천,2023,2,2023-02,179,경기도,포천시,각흘산,6,포천 2023_02.csv,자연관광,자연경관(산)
포천,2023,2,2023-02,179,경기도,포천시,서운동산어린이동물농장,6,포천 2023_02.csv,기타관광,기타관광
포천,2023,2,2023-02,179,경기도,포천시,포천운산리자연생태공원,6,포천 2023_02.csv,문화관광,도시공원
포천,2023,2,2023-02,179,경기도,포천시,화현저수지,6,포천 2023_02.csv,자연관광,자연경관(하천/해양)
포천,2023,2,2023-02,179,경기도,포천시,보림사,6,포천 2023_02.csv,역사관광,종교성지
포천,2023,2,2023-02,179,경기도,포천시,근선목장,6,포천 2023_02.csv,체험관광,농/산/어촌체험
포천,2023,2,2023-02,179,경기도,포천시,옥병서원,6,포천 2023_02.csv,역사관광,역사유적지
포천,2023,2,2023-02,179,경기도,포천시,키즈필키즈카페,6,포천 2023_02.csv,문화관광,테마공원
포천,2023,2,2023-02,179,경기도,포천시,교동가마소,6,포천 2023_02.csv,기타관광,기타관광
포천,2023,2,2023-02,179,경기도,포천시,국봉사,6,포천 2023_02.csv,역사관광,종교성지
포천,2023,2,2023-02,179,경기도,포천시,리얼야구존포천시청점,6,포천 2023_02.csv,레저스포츠,기타레저스포츠
포천,2023,2,2023-02,199,경기도,포천시,낙천지폭포,4,포천 2023_02.csv,자연관광,자연경관(산)
포천,2023,2,2023-02,199,경기도,포천시,베어스타운CC휴업중,4,포천 2023_02.csv,레저스포츠,육상레저스포츠
포천,2023,2,2023-02,199,경기도,포천시,만덕사,4,포천 2023_02.csv,역사관광,종교성지
포천,2023,2,2023-02,199,경기도,포천시,직동낚시터,4,포천 2023_02.csv,레저스포츠,수상레저스포츠
포천,2023,2,2023-02,199,경기도,포천시,대안사,4,포천 2023_02.csv,역사관광,종교성지
포천,2023,2,2023-02,199,경기도,포천시,허브아일랜드산타마을,4,포천 2023_02.csv,문화관광,테마공원
포천,2023,2,2023-02,199,경기도,포천시,가온농장,4,포천 2023_02.csv,체험관광,농/산/어촌체험
포천,2023,2,2023-02,199,경기도,포천시,성불사,4,포천 2023_02.csv,역사관광,종교성지
포천,2023,2,2023-02,199,경기도,포천시,한탄강금빛사과농원,4,포천 2023_02.csv,체험관광,농/산/어촌체험
포천,2023,2,2023-02,208,경기도,포천시,한내소극장,3,포천 2023_02.csv,문화관광,공연시설
포천,2023,2,2023-02,208,경기도,포천시,광암이벽유적지,3,포천 2023_02.csv,역사관광,역사유적지
포천,2023,2,2023-02,208,경기도,포천시,금주산,3,포천 2023_02.csv,자연관광,자연경관(산)
포천,2023,2,2023-02,208,경기도,포천시,기원정사,3,포천 2023_02.csv,역사관광,종교성지
포천,2023,2,2023-02,208,경기도,포천시,정불암,3,포천 2023_02.csv,역사관광,종교성지
포천,2023,2,2023-02,208,경기도,포천시,초계목장,3,포천 2023_02.csv,체험관광,농/산/어촌체험
포천,2023,2,2023-02,208,경기도,포천시,털보낚시터,3,포천 2023_02.csv,레저스포츠,수상레저스포츠
포천,2023,2,2023-02,208,경기도,포천시,양치식물전시원,3,포천 2023_02.csv,문화관광,테마공원
포천,2023,2,2023-02,208,경기도,포천시,보현사,3,포천 2023_02.csv,역사관광,종교성지
포천,2023,2,2023-02,208,경기도,포천시,태봉공원,3,포천 2023_02.csv,문화관광,도시공원
포천,2023,2,2023-02,208,경기도,포천시,보성암,3,포천 2023_02.csv,역사관광,종교성지
포천,2023,2,2023-02,208,경기도,포천시,왕방산왕방사방면,3,포천 2023_02.csv,자연관광,자연경관(산)
포천,2023,2,2023-02,208,경기도,포천시,국립산림박물관,3,포천 2023_02.csv,문화관광,전시시설
포천,2023,2,2023-02,208,경기도,포천시,냉정낚시터,3,포천 2023_02.csv,레저스포츠,수상레저스포츠
포천,2023,2,2023-02,208,경기도,포천시,영평천,3,포천 2023_02.csv,자연관광,자연공원
포천,2023,2,2023-02,208,경기도,포천시,하심곡,3,포천 2023_02.csv,자연관광,자연경관(하천/해양)
포천,2023,2,2023-02,208,경기도,포천시,포천블루파크,3,포천 2023_02.csv,문화관광,테마공원
포천,2023,2,2023-02,208,경기도,포천시,관음사,3,포천 2023_02.csv,역사관광,종교성지
포천,2023,2,2023-02,208,경기도,포천시,키즈필포천송우점,3,포천 2023_02.csv,문화관광,테마공원
포천,2023,2,2023-02,208,경기도,포천시,불무산,3,포천 2023_02.csv,자연관광,자연경관(산)
포천,2023,2,2023-02,208,경기도,포천시,포천레이스웨이,3,포천 2023_02.csv,레저스포츠,육상레저스포츠
포천,2023,2,2023-02,208,경기도,포천시,순해목장,3,포천 2023_02.csv,체험관광,농/산/어촌체험
포천,2023,3,2023-03,1,경기도,포천시,베어크리크GC,8827,포천 2023_03.csv,레저스포츠,육상레저스포츠
포천,2023,3,2023-03,2,경기도,포천시,국립수목원,7418,포천 2023_03.csv,문화관광,테마공원
포천,2023,3,2023-03,3,경기도,포천시,포천힐마루CC,7138,포천 2023_03.csv,레저스포츠,육상레저스포츠
포천,2023,3,2023-03,4,경기도,포천시,산정호수,6906,포천 2023_03.csv,자연관광,자연경관(하천/해양)
포천,2023,3,2023-03,5,경기도,포천시,포천아트밸리,6556,포천 2023_03.csv,문화관광,공연시설
포천,2023,3,2023-03,6,경기도,포천시,포천힐스CC,6443,포천 2023_03.csv,레저스포츠,육상레저스포츠
포천,2023,3,2023-03,7,경기도,포천시,푸른솔GC포천,6123,포천 2023_03.csv,레저스포츠,육상레저스포츠
포천,2023,3,2023-03,8,경기도,포천시,포레스트힐CC,5725,포천 2023_03.csv,레저스포츠,육상레저스포츠
포천,2023,3,2023-03,9,경기도,포천시,포천아도니스CC,5661,포천 2023_03.csv,레저스포츠,육상레저스포츠
포천,2023,3,2023-03,10,경기도,포천시,고모저수지,5495,포천 2023_03.csv,자연관광,자연경관(하천/해양)
포천,2023,3,2023-03,11,경기도,포천시,대유몽베르CC,5292,포천 2023_03.csv,레저스포츠,육상레저스포츠
포천,2023,3,2023-03,12,경기도,포천시,라싸GC,5088,포천 2023_03.csv,레저스포츠,육상레저스포츠
포천,2023,3,2023-03,13,경기도,포천시,필로스GC,4310,포천 2023_03.csv,레저스포츠,육상레저스포츠
포천,2023,3,2023-03,14,경기도,포천시,허브아일랜드,4243,포천 2023_03.csv,체험관광,농/산/어촌체험
포천,2023,3,2023-03,15,경기도,포천시,참밸리컨트리클럽,3430,포천 2023_03.csv,레저스포츠,육상레저스포츠
포천,2023,3,2023-03,16,경기도,포천시,샴발라CC,3196,포천 2023_03.csv,레저스포츠,육상레저스포츠
포천,2023,3,2023-03,17,경기도,포천시,일동시외버스터미널,3176,포천 2023_03.csv,기타관광,교통시설
포천,2023,3,2023-03,18,경기도,포천시,일동레이크GC,2558,포천 2023_03.csv,레저스포츠,육상레저스포츠
포천,2023,3,2023-03,19,경기도,포천시,비둘기낭폭포,2339,포천 2023_03.csv,자연관광,자연경관(산)
포천,2023,3,2023-03,20,경기도,포천시,제일유황온천,2156,포천 2023_03.csv,체험관광,웰니스관광
포천,2023,3,2023-03,21,경기도,포천시,포천한탄강하늘다리,1629,포천 2023_03.csv,기타관광,기타관광
포천,2023,3,2023-03,22,경기도,포천시,신북온천스프링폴,1361,포천 2023_03.csv,체험관광,웰니스관광
포천,2023,3,2023-03,23,경기도,포천시,한탄강주상절리길1코스,1227,포천 2023_03.csv,레저스포츠,기타레저스포츠
포천,2023,3,2023-03,24,경기도,포천시,락가든GC,1169,포천 2023_03.csv,레저스포츠,육상레저스포츠
포천,2023,3,2023-03,25,경기도,포천시,CGV포천,1134,포천 2023_03.csv,문화관광,공연시설
포천,2023,3,2023-03,26,경기도,포천시,송우시외버스터미널,1110,포천 2023_03.csv,기타관광,교통시설
포천,2023,3,2023-03,27,경기도,포천시,어메이징파크,1108,포천 2023_03.csv,문화관광,전시시설
포천,2023,3,2023-03,28,경기도,포천시,베어스타운스키장휴업중,1064,포천 2023_03.csv,레저스포츠,육상레저스포츠
포천,2023,3,2023-03,29,경기도,포천시,백운계곡,970,포천 2023_03.csv,자연관광,자연경관(산)
포천,2023,3,2023-03,30,경기도,포천시,포천시외버스터미널,956,포천 2023_03.csv,기타관광,교통시설
포천,2023,3,2023-03,31,경기도,포천시,포천아도니스퍼블릭CC,952,포천 2023_03.csv,레저스포츠,육상레저스포츠
포천,2023,3,2023-03,32,경기도,포천시,호국금강사,915,포천 2023_03.csv,역사관광,종교성지
포천,2023,3,2023-03,33,경기도,포천시,산사원,646,포천 2023_03.csv,문화관광,전시시설
포천,2023,3,2023-03,34,경기도,포천시,축석고개,638,포천 2023_03.csv,자연관광,자연경관(산)
포천,2023,3,2023-03,35,경기도,포천시,포천5일장,629,포천 2023_03.csv,쇼핑,시장
포천,2023,3,2023-03,36,경기도,포천시,서운동산,609,포천 2023_03.csv,문화관광,복합관광시설
포천,2023,3,2023-03,37,경기도,포천시,주파크,556,포천 2023_03.csv,문화관광,테마공원
포천,2023,3,2023-03,38,경기도,포천시,운악산자연휴양림,533,포천 2023_03.csv,자연관광,자연공원
포천,2023,3,2023-03,39,경기도,포천시,초원낚시터,510,포천 2023_03.csv,레저스포츠,수상레저스포츠
포천,2023,3,2023-03,40,경기도,포천시,동교낚시터,501,포천 2023_03.csv,레저스포츠,수상레저스포츠
포천,2023,3,2023-03,41,경기도,포천시,포천반월아트홀,497,포천 2023_03.csv,문화관광,공연시설
포천,2023,3,2023-03,42,경기도,포천시,마전낚시터,495,포천 2023_03.csv,레저스포츠,수상레저스포츠
포천,2023,3,2023-03,43,경기도,포천시,평강랜드,481,포천 2023_03.csv,문화관광,테마공원
포천,2023,3,2023-03,44,경기도,포천시,깊이울유원지,393,포천 2023_03.csv,문화관광,복합관광시설
포천,2023,3,2023-03,45,경기도,포천시,한탄강지질공원센터,390,포천 2023_03.csv,문화관광,전시시설
포천,2023,3,2023-03,46,경기도,포천시,밤밭낚시터,371,포천 2023_03.csv,레저스포츠,수상레저스포츠
포천,2023,3,2023-03,47,경기도,포천시,쌍방죽낚시터,366,포천 2023_03.csv,레저스포츠,수상레저스포츠
포천,2023,3,2023-03,48,경기도,포천시,가산저수지,359,포천 2023_03.csv,자연관광,자연경관(하천/해양)
포천,2023,3,2023-03,49,경기도,포천시,도성사,328,포천 2023_03.csv,역사관광,종교성지
포천,2023,3,2023-03,49,경기도,포천시,수목원고모호수공원,328,포천 2023_03.csv,문화관광,도시공원
포천,2023,3,2023-03,51,경기도,포천시,가산낚시터,314,포천 2023_03.csv,레저스포츠,수상레저스포츠
포천,2023,3,2023-03,52,경기도,포천시,포천수원산정상전망대,312,포천 2023_03.csv,문화관광,랜드마크관광
포천,2023,3,2023-03,53,경기도,포천시,아딸농원,311,포천 2023_03.csv,체험관광,농/산/어촌체험
포천,2023,3,2023-03,54,경기도,포천시,내촌낚시터,304,포천 2023_03.csv,레저스포츠,수상레저스포츠
포천,2023,3,2023-03,55,경기도,포천시,천보산자연휴양림,291,포천 2023_03.csv,자연관광,자연공원
포천,2023,3,2023-03,56,경기도,포천시,포천가구공단,265,포천 2023_03.csv,쇼핑,기타쇼핑시설
포천,2023,3,2023-03,57,경기도,포천시,도리돌문화교류센터,245,포천 2023_03.csv,레저스포츠,기타레저스포츠
포천,2023,3,2023-03,58,경기도,포천시,청성역사공원,242,포천 2023_03.csv,문화관광,도시공원
포천,2023,3,2023-03,59,경기도,포천시,포천스포츠센터,204,포천 2023_03.csv,레저스포츠,기타레저스포츠
포천,2023,3,2023-03,60,경기도,포천시,포천화적연,194,포천 2023_03.csv,자연관광,자연경관(하천/해양)
포천,2023,3,2023-03,61,경기도,포천시,냉정저수지,187,포천 2023_03.csv,자연관광,자연경관(하천/해양)
포천,2023,3,2023-03,61,경기도,포천시,광릉수목원자동차극장,187,포천 2023_03.csv,문화관광,공연시설
포천,2023,3,2023-03,63,경기도,포천시,직두리낚시터,186,포천 2023_03.csv,레저스포츠,수상레저스포츠
포천,2023,3,2023-03,64,경기도,포천시,청계지,183,포천 2023_03.csv,자연관광,자연경관(하천/해양)
포천,2023,3,2023-03,65,경기도,포천시,소흘생활체육공원,178,포천 2023_03.csv,문화관광,도시공원
포천,2023,3,2023-03,66,경기도,포천시,포천패션타운,176,포천 2023_03.csv,쇼핑,쇼핑몰
포천,2023,3,2023-03,67,경기도,포천시,새마을낚시터,169,포천 2023_03.csv,레저스포츠,수상레저스포츠
포천,2023,3,2023-03,68,경기도,포천시,설운체육공원,167,포천 2023_03.csv,문화관광,도시공원
포천,2023,3,2023-03,69,경기도,포천시,포천신읍시장,158,포천 2023_03.csv,쇼핑,시장
포천,2023,3,2023-03,70,경기도,포천시,수목원낚시터,151,포천 2023_03.csv,레저스포츠,수상레저스포츠
포천,2023,3,2023-03,71,경기도,포천시,아프리카예술박물관,149,포천 2023_03.csv,문화관광,전시시설
포천,2023,3,2023-03,72,경기도,포천시,운악산,146,포천 2023_03.csv,자연관광,자연경관(산)
포천,2023,3,2023-03,73,경기도,포천시,한화리조트산정호수온천,142,포천 2023_03.csv,체험관광,웰니스관광
포천,2023,3,2023-03,74,경기도,포천시,왕산사,136,포천 2023_03.csv,역사관광,종교성지
포천,2023,3,2023-03,75,경기도,포천시,에덴농장,135,포천 2023_03.csv,체험관광,농/산/어촌체험
포천,2023,3,2023-03,76,경기도,포천시,루지월드베어스타운점,128,포천 2023_03.csv,레저스포츠,기타레저스포츠
포천,2023,3,2023-03,77,경기도,포천시,길명낚시공원,116,포천 2023_03.csv,레저스포츠,수상레저스포츠
포천,2023,3,2023-03,78,경기도,포천시,포천파크골프장,115,포천 2023_03.csv,레저스포츠,기타레저스포츠
포천,2023,3,2023-03,79,경기도,포천시,백운계곡유원지,110,포천 2023_03.csv,문화관광,복합관광시설
포천,2023,3,2023-03,80,경기도,포천시,청한베이스볼파크,106,포천 2023_03.csv,문화관광,레저스포츠시설
포천,2023,3,2023-03,81,경기도,포천시,가농바이오농장,104,포천 2023_03.csv,체험관광,농/산/어촌체험
포천,2023,3,2023-03,81,경기도,포천시,지장산계곡,104,포천 2023_03.csv,자연관광,자연경관(산)
포천,2023,3,2023-03,81,경기도,포천시,낭만닥터김사부촬영지,104,포천 2023_03.csv,문화관광,기타문화관광지
포천,2023,3,2023-03,84,경기도,포천시,산정호수조각공원,102,포천 2023_03.csv,문화관광,도시공원
포천,2023,3,2023-03,84,경기도,포천시,레이크밸리 승마클럽,102,포천 2023_03.csv,레저스포츠,기타레저스포츠
포천,2023,3,2023-03,84,경기도,포천시,국망봉자연휴양림,102,포천 2023_03.csv,자연관광,자연공원
포천,2023,3,2023-03,87,경기도,포천시,금주낚시터,97,포천 2023_03.csv,레저스포츠,수상레저스포츠
포천,2023,3,2023-03,88,경기도,포천시,포천축구공원,95,포천 2023_03.csv,문화관광,도시공원
포천,2023,3,2023-03,89,경기도,포천시,구담사,94,포천 2023_03.csv,역사관광,종교성지
포천,2023,3,2023-03,90,경기도,포천시,송우공설시장,93,포천 2023_03.csv,쇼핑,시장
포천,2023,3,2023-03,91,경기도,포천시,포천자동차극장,86,포천 2023_03.csv,문화관광,공연시설
포천,2023,3,2023-03,92,경기도,포천시,금주저수지,79,포천 2023_03.csv,자연관광,자연경관(하천/해양)
포천,2023,3,2023-03,93,경기도,포천시,포천하늘아래치유의숲,76,포천 2023_03.csv,기타관광,기타관광
포천,2023,3,2023-03,94,경기도,포천시,오지재고개,69,포천 2023_03.csv,자연관광,자연경관(산)
포천,2023,3,2023-03,95,경기도,포천시,태국군참전비,68,포천 2023_03.csv,역사관광,역사유물
포천,2023,3,2023-03,96,경기도,포천시,포천야구장,63,포천 2023_03.csv,문화관광,레저스포츠시설
포천,2023,3,2023-03,97,경기도,포천시,포천체육공원,61,포천 2023_03.csv,문화관광,도시공원
포천,2023,3,2023-03,98,경기도,포천시,고산식물원,59,포천 2023_03.csv,문화관광,테마공원
포천,2023,3,2023-03,98,경기도,포천시,무네미낚시터,59,포천 2023_03.csv,레저스포츠,수상레저스포츠
포천,2023,3,2023-03,100,경기도,포천시,갈월버섯농장,58,포천 2023_03.csv,체험관광,농/산/어촌체험
포천,2023,3,2023-03,100,경기도,포천시,수목원프로방스,58,포천 2023_03.csv,자연관광,자연공원
포천,2023,3,2023-03,102,경기도,포천시,산정랜드,56,포천 2023_03.csv,문화관광,복합관광시설
포천,2023,3,2023-03,103,경기도,포천시,자인사,53,포천 2023_03.csv,역사관광,종교성지
포천,2023,3,2023-03,103,경기도,포천시,멍우리협곡,53,포천 2023_03.csv,자연관광,자연경관(산)
포천,2023,3,2023-03,105,경기도,포천시,포천염광수련원,52,포천 2023_03.csv,레저스포츠,육상레저스포츠
포천,2023,3,2023-03,105,경기도,포천시,운천재래시장,52,포천 2023_03.csv,쇼핑,시장
포천,2023,3,2023-03,107,경기도,포천시,어하고개,48,포천 2023_03.csv,자연관광,자연경관(산)
포천,2023,3,2023-03,108,경기도,포천시,이항복선생묘,47,포천 2023_03.csv,역사관광,역사유적지
포천,2023,3,2023-03,109,경기도,포천시,한탄강주상절리길3코스,46,포천 2023_03.csv,레저스포츠,기타레저스포츠
포천,2023,3,2023-03,110,경기도,포천시,초가낚시터,45,포천 2023_03.csv,레저스포츠,수상레저스포츠
포천,2023,3,2023-03,111,경기도,포천시,흥룡사,43,포천 2023_03.csv,역사관광,종교성지
포천,2023,3,2023-03,112,경기도,포천시,황새목낚시터,42,포천 2023_03.csv,레저스포츠,수상레저스포츠
포천,2023,3,2023-03,113,경기도,포천시,나남수목원,41,포천 2023_03.csv,자연관광,자연공원
포천,2023,3,2023-03,114,경기도,포천시,마홀축구장,37,포천 2023_03.csv,문화관광,레저스포츠시설
포천,2023,3,2023-03,115,경기도,포천시,우금낚시공원,34,포천 2023_03.csv,레저스포츠,수상레저스포츠
포천,2023,3,2023-03,116,경기도,포천시,클라우드시네마,33,포천 2023_03.csv,문화관광,공연시설
포천,2023,3,2023-03,117,경기도,포천시,Y스포츠센터,32,포천 2023_03.csv,레저스포츠,기타레저스포츠
포천,2023,3,2023-03,117,경기도,포천시,코버월드,32,포천 2023_03.csv,문화관광,전시시설
포천,2023,3,2023-03,119,경기도,포천시,충목단,31,포천 2023_03.csv,역사관광,역사유적지
포천,2023,3,2023-03,119,경기도,포천시,허브아일랜드불빛동화축제,31,포천 2023_03.csv,문화관광,기타문화관광지
포천,2023,3,2023-03,121,경기도,포천시,봉운사,30,포천 2023_03.csv,역사관광,종교성지
포천,2023,3,2023-03,122,경기도,포천시,일동시장,29,포천 2023_03.csv,쇼핑,시장
포천,2023,3,2023-03,123,경기도,포천시,가람누리문화공원전망대,28,포천 2023_03.csv,문화관광,랜드마크관광
포천,2023,3,2023-03,123,경기도,포천시,한탄강팔호유원지,28,포천 2023_03.csv,문화관광,복합관광시설
포천,2023,3,2023-03,125,경기도,포천시,강포저수지,27,포천 2023_03.csv,자연관광,자연경관(하천/해양)
포천,2023,3,2023-03,125,경기도,포천시,포천블루파크,27,포천 2023_03.csv,문화관광,테마공원
포천,2023,3,2023-03,127,경기도,포천시,명성산억새밭,26,포천 2023_03.csv,기타관광,기타관광
포천,2023,3,2023-03,127,경기도,포천시,화엄사,26,포천 2023_03.csv,역사관광,종교성지
포천,2023,3,2023-03,129,경기도,포천시,약천사,25,포천 2023_03.csv,역사관광,종교성지
포천,2023,3,2023-03,129,경기도,포천시,포천반월성,25,포천 2023_03.csv,역사관광,역사유적지
포천,2023,3,2023-03,129,경기도,포천시,장암저수지,25,포천 2023_03.csv,자연관광,자연경관(하천/해양)
포천,2023,3,2023-03,129,경기도,포천시,천주사,25,포천 2023_03.csv,역사관광,종교성지
포천,2023,3,2023-03,133,경기도,포천시,극락사,24,포천 2023_03.csv,역사관광,종교성지
포천,2023,3,2023-03,134,경기도,포천시,자비사,23,포천 2023_03.csv,역사관광,종교성지
포천,2023,3,2023-03,134,경기도,포천시,동화사,23,포천 2023_03.csv,역사관광,종교성지
포천,2023,3,2023-03,134,경기도,포천시,포천아트밸리천문과학관,23,포천 2023_03.csv,문화관광,전시시설
포천,2023,3,2023-03,137,경기도,포천시,황금낚시터,22,포천 2023_03.csv,레저스포츠,수상레저스포츠
포천,2023,3,2023-03,138,경기도,포천시,광릉분재예술공원,21,포천 2023_03.csv,문화관광,도시공원
포천,2023,3,2023-03,138,경기도,포천시,천주호,21,포천 2023_03.csv,자연관광,자연경관(하천/해양)
포천,2023,3,2023-03,140,경기도,포천시,청계산,20,포천 2023_03.csv,자연관광,자연경관(산)
포천,2023,3,2023-03,140,경기도,포천시,냉정낚시터,20,포천 2023_03.csv,레저스포츠,수상레저스포츠
포천,2023,3,2023-03,142,경기도,포천시,포천종합운동장보조구장,19,포천 2023_03.csv,문화관광,레저스포츠시설
포천,2023,3,2023-03,142,경기도,포천시,용담대물낚시터,19,포천 2023_03.csv,레저스포츠,수상레저스포츠
포천,2023,3,2023-03,144,경기도,포천시,자이언트복싱짐,18,포천 2023_03.csv,레저스포츠,기타레저스포츠
포천,2023,3,2023-03,144,경기도,포천시,보문정사,18,포천 2023_03.csv,역사관광,종교성지
포천,2023,3,2023-03,144,경기도,포천시,성불암,18,포천 2023_03.csv,역사관광,종교성지
포천,2023,3,2023-03,144,경기도,포천시,깊이울저수지,18,포천 2023_03.csv,자연관광,자연경관(하천/해양)
포천,2023,3,2023-03,144,경기도,포천시,태산낚시터,18,포천 2023_03.csv,레저스포츠,수상레저스포츠
포천,2023,3,2023-03,149,경기도,포천시,황금프라자,17,포천 2023_03.csv,쇼핑,쇼핑몰
포천,2023,3,2023-03,149,경기도,포천시,포천향교,17,포천 2023_03.csv,역사관광,역사유적지
포천,2023,3,2023-03,151,경기도,포천시,베어스타운CC휴업중,16,포천 2023_03.csv,레저스포츠,육상레저스포츠
포천,2023,3,2023-03,151,경기도,포천시,백운산,16,포천 2023_03.csv,자연관광,자연경관(산)
포천,2023,3,2023-03,151,경기도,포천시,서운동산어린이동물농장,16,포천 2023_03.csv,기타관광,기타관광
포천,2023,3,2023-03,151,경기도,포천시,지질트레일1코스,16,포천 2023_03.csv,레저스포츠,기타레저스포츠
포천,2023,3,2023-03,151,경기도,포천시,키즈필포천송우점,16,포천 2023_03.csv,문화관광,테마공원
포천,2023,3,2023-03,156,경기도,포천시,베스트원스포츠,15,포천 2023_03.csv,레저스포츠,기타레저스포츠
포천,2023,3,2023-03,156,경기도,포천시,한탄강주상절리길2코스,15,포천 2023_03.csv,레저스포츠,기타레저스포츠
포천,2023,3,2023-03,156,경기도,포천시,포천그린아울렛,15,포천 2023_03.csv,쇼핑,쇼핑몰
포천,2023,3,2023-03,156,경기도,포천시,명성산,15,포천 2023_03.csv,자연관광,자연경관(산)
포천,2023,3,2023-03,156,경기도,포천시,도평리터미널,15,포천 2023_03.csv,기타관광,교통시설
포천,2023,3,2023-03,161,경기도,포천시,한탄강주상절리길5코스,14,포천 2023_03.csv,레저스포츠,기타레저스포츠
포천,2023,3,2023-03,161,경기도,포천시,백로주유원지,14,포천 2023_03.csv,문화관광,복합관광시설
포천,2023,3,2023-03,161,경기도,포천시,제일베리,14,포천 2023_03.csv,체험관광,농/산/어촌체험
포천,2023,3,2023-03,164,경기도,포천시,내리공설시장,13,포천 2023_03.csv,쇼핑,시장
포천,2023,3,2023-03,165,경기도,포천시,왕방산,12,포천 2023_03.csv,자연관광,자연경관(산)
포천,2023,3,2023-03,165,경기도,포천시,각흘산,12,포천 2023_03.csv,자연관광,자연경관(산)
포천,2023,3,2023-03,167,경기도,포천시,포천허브아일랜드 자동차극장,10,포천 2023_03.csv,문화관광,공연시설
포천,2023,3,2023-03,167,경기도,포천시,한과문화박물관,10,포천 2023_03.csv,문화관광,전시시설
포천,2023,3,2023-03,167,경기도,포천시,유식물원,10,포천 2023_03.csv,문화관광,테마공원
포천,2023,3,2023-03,167,경기도,포천시,왕방산왕방사방면,10,포천 2023_03.csv,자연관광,자연경관(산)
포천,2023,3,2023-03,167,경기도,포천시,호스랜드승마클럽,10,포천 2023_03.csv,레저스포츠,육상레저스포츠
포천,2023,3,2023-03,167,경기도,포천시,영평천,10,포천 2023_03.csv,자연관광,자연공원
포천,2023,3,2023-03,167,경기도,포천시,미륵박물관,10,포천 2023_03.csv,문화관광,전시시설
포천,2023,3,2023-03,167,경기도,포천시,포천용담저수지,10,포천 2023_03.csv,자연관광,자연경관(하천/해양)
포천,2023,3,2023-03,167,경기도,포천시,옥병서원,10,포천 2023_03.csv,역사관광,역사유적지
포천,2023,3,2023-03,167,경기도,포천시,육사생도6.25참전기념비,10,포천 2023_03.csv,역사관광,역사유물
포천,2023,3,2023-03,177,경기도,포천시,부소천교,9,포천 2023_03.csv,기타관광,기타관광
포천,2023,3,2023-03,177,경기도,포천시,양치식물전시원,9,포천 2023_03.csv,문화관광,테마공원
포천,2023,3,2023-03,177,경기도,포천시,국립산림박물관,9,포천 2023_03.csv,문화관광,전시시설
포천,2023,3,2023-03,177,경기도,포천시,금불사,9,포천 2023_03.csv,역사관광,종교성지
포천,2023,3,2023-03,181,경기도,포천시,산안고개,8,포천 2023_03.csv,자연관광,자연경관(산)
포천,2023,3,2023-03,181,경기도,포천시,홀스킹덤팜스테이,8,포천 2023_03.csv,레저스포츠,육상레저스포츠
포천,2023,3,2023-03,181,경기도,포천시,고모지,8,포천 2023_03.csv,자연관광,자연경관(하천/해양)
포천,2023,3,2023-03,181,경기도,포천시,한탄임진강지질공원,8,포천 2023_03.csv,문화관광,도시공원
포천,2023,3,2023-03,181,경기도,포천시,백운산광덕고개,8,포천 2023_03.csv,자연관광,자연경관(산)
포천,2023,3,2023-03,186,경기도,포천시,한내소극장,7,포천 2023_03.csv,문화관광,공연시설
포천,2023,3,2023-03,186,경기도,포천시,미륵사,7,포천 2023_03.csv,역사관광,종교성지
포천,2023,3,2023-03,186,경기도,포천시,화산서원,7,포천 2023_03.csv,역사관광,역사유적지
포천,2023,3,2023-03,186,경기도,포천시,도연암,7,포천 2023_03.csv,역사관광,종교성지
포천,2023,3,2023-03,190,경기도,포천시,광암이벽유적지,6,포천 2023_03.csv,역사관광,역사유적지
포천,2023,3,2023-03,190,경기도,포천시,전운사,6,포천 2023_03.csv,역사관광,종교성지
포천,2023,3,2023-03,190,경기도,포천시,용연서원,6,포천 2023_03.csv,역사관광,역사유적지
포천,2023,3,2023-03,190,경기도,포천시,만미사,6,포천 2023_03.csv,역사관광,종교성지
포천,2023,3,2023-03,190,경기도,포천시,축구장소흘생활체육공원,6,포천 2023_03.csv,문화관광,레저스포츠시설
포천,2023,3,2023-03,190,경기도,포천시,메향낚시터,6,포천 2023_03.csv,레저스포츠,수상레저스포츠
포천,2023,3,2023-03,190,경기도,포천시,복후미저수지,6,포천 2023_03.csv,자연관광,자연경관(하천/해양)
포천,2023,3,2023-03,190,경기도,포천시,영천목장,6,포천 2023_03.csv,체험관광,농/산/어촌체험
포천,2023,3,2023-03,198,경기도,포천시,포천관광정보센터 청년여행LAB,5,포천 2023_03.csv,문화관광,기타문화관광지
포천,2023,3,2023-03,198,경기도,포천시,보현사,5,포천 2023_03.csv,역사관광,종교성지
포천,2023,3,2023-03,198,경기도,포천시,고모리수상레저,5,포천 2023_03.csv,레저스포츠,기타레저스포츠
포천,2023,3,2023-03,198,경기도,포천시,용주암,5,포천 2023_03.csv,역사관광,종교성지
포천,2023,3,2023-03,198,경기도,포천시,교동가마소,5,포천 2023_03.csv,기타관광,기타관광
포천,2023,3,2023-03,203,경기도,포천시,포천정,4,포천 2023_03.csv,레저스포츠,육상레저스포츠
포천,2023,3,2023-03,203,경기도,포천시,임진농원,4,포천 2023_03.csv,체험관광,농/산/어촌체험
포천,2023,3,2023-03,203,경기도,포천시,밤밭실내장어낚시터,4,포천 2023_03.csv,레저스포츠,수상레저스포츠
포천,2023,3,2023-03,203,경기도,포천시,리브정원,4,포천 2023_03.csv,문화관광,테마공원
포천,2023,3,2023-03,203,경기도,포천시,마전저수지,4,포천 2023_03.csv,자연관광,자연경관(하천/해양)
포천,2023,3,2023-03,203,경기도,포천시,포천고모리산성,4,포천 2023_03.csv,역사관광,역사유적지
포천,2023,3,2023-03,203,경기도,포천시,운악레저타운,4,포천 2023_03.csv,레저스포츠,기타레저스포츠
포천,2023,3,2023-03,203,경기도,포천시,산정호수허브식물원,4,포천 2023_03.csv,문화관광,테마공원
포천,2023,3,2023-03,203,경기도,포천시,람보목장,4,포천 2023_03.csv,체험관광,농/산/어촌체험
포천,2023,3,2023-03,203,경기도,포천시,중리저수지,4,포천 2023_03.csv,자연관광,자연경관(하천/해양)
포천,2023,3,2023-03,203,경기도,포천시,한탄강대교천현무암협곡,4,포천 2023_03.csv,기타관광,기타관광
포천,2023,3,2023-03,203,경기도,포천시,지장산유원지,4,포천 2023_03.csv,문화관광,복합관광시설
포천,2023,3,2023-03,203,경기도,포천시,동교하우스낚시터,4,포천 2023_03.csv,레저스포츠,수상레저스포츠
포천,2023,3,2023-03,203,경기도,포천시,키즈필키즈카페,4,포천 2023_03.csv,문화관광,테마공원
포천,2023,3,2023-03,203,경기도,포천시,포천레이스웨이,4,포천 2023_03.csv,레저스포츠,육상레저스포츠
포천,2023,3,2023-03,203,경기도,포천시,천해사,4,포천 2023_03.csv,역사관광,종교성지
포천,2023,3,2023-03,219,경기도,포천시,기원정사,3,포천 2023_03.csv,역사관광,종교성지
포천,2023,3,2023-03,219,경기도,포천시,구라이골,3,포천 2023_03.csv,기타관광,기타관광
포천,2023,3,2023-03,219,경기도,포천시,관인문화마을,3,포천 2023_03.csv,기타관광,기타관광
포천,2023,3,2023-03,219,경기도,포천시,소우주도자기공방,3,포천 2023_03.csv,체험관광,공예체험
포천,2023,3,2023-03,219,경기도,포천시,포천탁구클럽,3,포천 2023_03.csv,레저스포츠,기타레저스포츠
포천,2023,3,2023-03,219,경기도,포천시,모돈갤러리,3,포천 2023_03.csv,문화관광,전시시설
포천,2023,3,2023-03,219,경기도,포천시,관룡사,3,포천 2023_03.csv,역사관광,종교성지
포천,2023,3,2023-03,219,경기도,포천시,털보낚시터,3,포천 2023_03.csv,레저스포츠,수상레저스포츠
포천,2023,3,2023-03,219,경기도,포천시,인평대군묘및신도비,3,포천 2023_03.csv,역사관광,역사유적지
포천,2023,3,2023-03,219,경기도,포천시,포천직두리의부부송,3,포천 2023_03.csv,역사관광,역사유적지
포천,2023,3,2023-03,219,경기도,포천시,풍림농장,3,포천 2023_03.csv,체험관광,농/산/어촌체험
포천,2023,3,2023-03,219,경기도,포천시,보현사,3,포천 2023_03.csv,역사관광,종교성지
포천,2023,3,2023-03,219,경기도,포천시,달맞이농원은신정육점,3,포천 2023_03.csv,체험관광,농/산/어촌체험
포천,2023,3,2023-03,219,경기도,포천시,금룡사,3,포천 2023_03.csv,역사관광,종교성지
포천,2023,3,2023-03,219,경기도,포천시,솔모루공원,3,포천 2023_03.csv,문화관광,도시공원
포천,2023,3,2023-03,219,경기도,포천시,대군정,3,포천 2023_03.csv,레저스포츠,육상레저스포츠
포천,2023,3,2023-03,219,경기도,포천시,관음정사,3,포천 2023_03.csv,역사관광,종교성지
포천,2023,3,2023-03,219,경기도,포천시,밤밭지,3,포천 2023_03.csv,자연관광,자연경관(하천/해양)
포천,2023,3,2023-03,219,경기도,포천시,배모루유원지,3,포천 2023_03.csv,문화관광,복합관광시설
포천,2023,3,2023-03,219,경기도,포천시,지장사,3,포천 2023_03.csv,역사관광,종교성지
포천,2023,3,2023-03,219,경기도,포천시,능원관광낚시터,3,포천 2023_03.csv,레저스포츠,수상레저스포츠
포천,2023,3,2023-03,219,경기도,포천시,새마을저수지,3,포천 2023_03.csv,자연관광,자연경관(하천/해양)
포천,2023,3,2023-03,219,경기도,포천시,산정호수관광지3매표소,3,포천 2023_03.csv,기타관광,기타관광
포천,2023,3,2023-03,219,경기도,포천시,무림사,3,포천 2023_03.csv,역사관광,종교성지
포천,2023,3,2023-03,219,경기도,포천시,대안사,3,포천 2023_03.csv,역사관광,종교성지
포천,2023,3,2023-03,219,경기도,포천시,늘푸른농장,3,포천 2023_03.csv,체험관광,농/산/어촌체험
포천,2023,3,2023-03,219,경기도,포천시,허브아일랜드산타마을,3,포천 2023_03.csv,문화관광,테마공원
포천,2023,3,2023-03,219,경기도,포천시,명산저수지,3,포천 2023_03.csv,자연관광,자연경관(하천/해양)
포천,2023,3,2023-03,219,경기도,포천시,백운계곡국민관광지,3,포천 2023_03.csv,문화관광,복합관광시설
포천,2023,3,2023-03,219,경기도,포천시,불국선원,3,포천 2023_03.csv,역사관광,종교성지
포천,2023,3,2023-03,219,경기도,포천시,대한불교조계종정변지사,3,포천 2023_03.csv,역사관광,종교성지
포천,2023,3,2023-03,219,경기도,포천시,가온농장,3,포천 2023_03.csv,체험관광,농/산/어촌체험
포천,2023,3,2023-03,219,경기도,포천시,매표소,3,포천 2023_03.csv,문화관광,테마공원
포천,2023,3,2023-03,219,경기도,포천시,승법사,3,포천 2023_03.csv,역사관광,종교성지
포천,2023,3,2023-03,219,경기도,포천시,화현저수지,3,포천 2023_03.csv,자연관광,자연경관(하천/해양)
포천,2023,3,2023-03,219,경기도,포천시,관음사,3,포천 2023_03.csv,역사관광,종교성지
포천,2023,3,2023-03,219,경기도,포천시,애플빌리지,3,포천 2023_03.csv,체험관광,농/산/어촌체험
포천,2023,3,2023-03,219,경기도,포천시,성불사,3,포천 2023_03.csv,역사관광,종교성지
포천,2023,3,2023-03,219,경기도,포천시,향적사,3,포천 2023_03.csv,역사관광,종교성지
포천,2023,3,2023-03,219,경기도,포천시,한창목장,3,포천 2023_03.csv,체험관광,농/산/어촌체험
포천,2023,3,2023-03,219,경기도,포천시,육림호,3,포천 2023_03.csv,자연관광,자연경관(하천/해양)
포천,2023,4,2023-04,1,경기도,포천시,국립수목원,9794,포천 2023_04.csv,문화관광,테마공원
포천,2023,4,2023-04,2,경기도,포천시,포천힐마루CC,9329,포천 2023_04.csv,레저스포츠,육상레저스포츠
포천,2023,4,2023-04,3,경기도,포천시,베어크리크GC,8981,포천 2023_04.csv,레저스포츠,육상레저스포츠
포천,2023,4,2023-04,4,경기도,포천시,포천아트밸리,8160,포천 2023_04.csv,문화관광,공연시설
포천,2023,4,2023-04,5,경기도,포천시,포천힐스CC,7140,포천 2023_04.csv,레저스포츠,육상레저스포츠
포천,2023,4,2023-04,6,경기도,포천시,대유몽베르CC,7105,포천 2023_04.csv,레저스포츠,육상레저스포츠
포천,2023,4,2023-04,7,경기도,포천시,라싸GC,6373,포천 2023_04.csv,레저스포츠,육상레저스포츠
포천,2023,4,2023-04,8,경기도,포천시,포천아도니스CC,6243,포천 2023_04.csv,레저스포츠,육상레저스포츠
포천,2023,4,2023-04,9,경기도,포천시,필로스GC,6121,포천 2023_04.csv,레저스포츠,육상레저스포츠
포천,2023,4,2023-04,10,경기도,포천시,포레스트힐CC,5993,포천 2023_04.csv,레저스포츠,육상레저스포츠
포천,2023,4,2023-04,11,경기도,포천시,푸른솔GC포천,5926,포천 2023_04.csv,레저스포츠,육상레저스포츠
포천,2023,4,2023-04,12,경기도,포천시,허브아일랜드,5599,포천 2023_04.csv,체험관광,농/산/어촌체험
포천,2023,4,2023-04,13,경기도,포천시,샴발라CC,3746,포천 2023_04.csv,레저스포츠,육상레저스포츠
포천,2023,4,2023-04,14,경기도,포천시,참밸리컨트리클럽,3542,포천 2023_04.csv,레저스포츠,육상레저스포츠
포천,2023,4,2023-04,15,경기도,포천시,일동레이크GC,3474,포천 2023_04.csv,레저스포츠,육상레저스포츠
포천,2023,4,2023-04,16,경기도,포천시,비둘기낭폭포,3430,포천 2023_04.csv,자연관광,자연경관(산)
포천,2023,4,2023-04,17,경기도,포천시,일동시외버스터미널,3370,포천 2023_04.csv,기타관광,교통시설
포천,2023,4,2023-04,18,경기도,포천시,포천한탄강하늘다리,1984,포천 2023_04.csv,기타관광,기타관광
포천,2023,4,2023-04,19,경기도,포천시,제일유황온천,1831,포천 2023_04.csv,체험관광,웰니스관광
포천,2023,4,2023-04,20,경기도,포천시,한탄강주상절리길1코스,1469,포천 2023_04.csv,레저스포츠,기타레저스포츠
포천,2023,4,2023-04,21,경기도,포천시,락가든GC,1456,포천 2023_04.csv,레저스포츠,육상레저스포츠
포천,2023,4,2023-04,22,경기도,포천시,CGV포천,1209,포천 2023_04.csv,문화관광,공연시설
포천,2023,4,2023-04,23,경기도,포천시,베어스타운스키장휴업중,1174,포천 2023_04.csv,레저스포츠,육상레저스포츠
포천,2023,4,2023-04,24,경기도,포천시,송우시외버스터미널,1158,포천 2023_04.csv,기타관광,교통시설
포천,2023,4,2023-04,25,경기도,포천시,서운동산,1083,포천 2023_04.csv,문화관광,복합관광시설
포천,2023,4,2023-04,26,경기도,포천시,포천아도니스퍼블릭CC,1048,포천 2023_04.csv,레저스포츠,육상레저스포츠
포천,2023,4,2023-04,27,경기도,포천시,포천시외버스터미널,967,포천 2023_04.csv,기타관광,교통시설
포천,2023,4,2023-04,28,경기도,포천시,어메이징파크,952,포천 2023_04.csv,문화관광,전시시설
포천,2023,4,2023-04,29,경기도,포천시,호국금강사,944,포천 2023_04.csv,역사관광,종교성지
포천,2023,4,2023-04,30,경기도,포천시,산사원,894,포천 2023_04.csv,문화관광,전시시설
포천,2023,4,2023-04,31,경기도,포천시,평강랜드,814,포천 2023_04.csv,문화관광,테마공원
포천,2023,4,2023-04,32,경기도,포천시,동교낚시터,804,포천 2023_04.csv,레저스포츠,수상레저스포츠
포천,2023,4,2023-04,33,경기도,포천시,포천축구공원,731,포천 2023_04.csv,문화관광,도시공원
포천,2023,4,2023-04,34,경기도,포천시,초원낚시터,722,포천 2023_04.csv,레저스포츠,수상레저스포츠
포천,2023,4,2023-04,35,경기도,포천시,운악산자연휴양림,653,포천 2023_04.csv,자연관광,자연공원
포천,2023,4,2023-04,36,경기도,포천시,포천반월아트홀,637,포천 2023_04.csv,문화관광,공연시설
포천,2023,4,2023-04,37,경기도,포천시,신북온천스프링폴,629,포천 2023_04.csv,체험관광,웰니스관광
포천,2023,4,2023-04,38,경기도,포천시,포천5일장,581,포천 2023_04.csv,쇼핑,시장
포천,2023,4,2023-04,39,경기도,포천시,밤밭낚시터,574,포천 2023_04.csv,레저스포츠,수상레저스포츠
포천,2023,4,2023-04,40,경기도,포천시,마전낚시터,553,포천 2023_04.csv,레저스포츠,수상레저스포츠
포천,2023,4,2023-04,41,경기도,포천시,쌍방죽낚시터,541,포천 2023_04.csv,레저스포츠,수상레저스포츠
포천,2023,4,2023-04,42,경기도,포천시,주파크,527,포천 2023_04.csv,문화관광,테마공원
포천,2023,4,2023-04,43,경기도,포천시,깊이울유원지,498,포천 2023_04.csv,문화관광,복합관광시설
포천,2023,4,2023-04,44,경기도,포천시,가산낚시터,467,포천 2023_04.csv,레저스포츠,수상레저스포츠
포천,2023,4,2023-04,45,경기도,포천시,한탄강지질공원센터,464,포천 2023_04.csv,문화관광,전시시설
포천,2023,4,2023-04,46,경기도,포천시,내촌낚시터,434,포천 2023_04.csv,레저스포츠,수상레저스포츠
포천,2023,4,2023-04,47,경기도,포천시,새마을낚시터,424,포천 2023_04.csv,레저스포츠,수상레저스포츠
포천,2023,4,2023-04,48,경기도,포천시,포천수원산정상전망대,385,포천 2023_04.csv,문화관광,랜드마크관광
포천,2023,4,2023-04,49,경기도,포천시,낭만닥터김사부촬영지,383,포천 2023_04.csv,문화관광,기타문화관광지
포천,2023,4,2023-04,50,경기도,포천시,도성사,377,포천 2023_04.csv,역사관광,종교성지
포천,2023,4,2023-04,51,경기도,포천시,천보산자연휴양림,376,포천 2023_04.csv,자연관광,자연공원
포천,2023,4,2023-04,52,경기도,포천시,황금낚시터,302,포천 2023_04.csv,레저스포츠,수상레저스포츠
포천,2023,4,2023-04,53,경기도,포천시,국망봉자연휴양림,281,포천 2023_04.csv,자연관광,자연공원
포천,2023,4,2023-04,54,경기도,포천시,직두리낚시터,279,포천 2023_04.csv,레저스포츠,수상레저스포츠
포천,2023,4,2023-04,55,경기도,포천시,아딸농원,250,포천 2023_04.csv,체험관광,농/산/어촌체험
포천,2023,4,2023-04,56,경기도,포천시,소흘생활체육공원,241,포천 2023_04.csv,문화관광,도시공원
포천,2023,4,2023-04,57,경기도,포천시,도리돌문화교류센터,236,포천 2023_04.csv,레저스포츠,기타레저스포츠
포천,2023,4,2023-04,58,경기도,포천시,왕산사,212,포천 2023_04.csv,역사관광,종교성지
포천,2023,4,2023-04,59,경기도,포천시,수목원프로방스,204,포천 2023_04.csv,자연관광,자연공원
포천,2023,4,2023-04,60,경기도,포천시,금주낚시터,196,포천 2023_04.csv,레저스포츠,수상레저스포츠
포천,2023,4,2023-04,61,경기도,포천시,포천패션타운,195,포천 2023_04.csv,쇼핑,쇼핑몰
포천,2023,4,2023-04,62,경기도,포천시,무네미낚시터,187,포천 2023_04.csv,레저스포츠,수상레저스포츠
포천,2023,4,2023-04,63,경기도,포천시,백운계곡유원지,180,포천 2023_04.csv,문화관광,복합관광시설
포천,2023,4,2023-04,64,경기도,포천시,포천스포츠센터,177,포천 2023_04.csv,레저스포츠,기타레저스포츠
포천,2023,4,2023-04,65,경기도,포천시,포천신읍시장,163,포천 2023_04.csv,쇼핑,시장
포천,2023,4,2023-04,66,경기도,포천시,길명낚시공원,161,포천 2023_04.csv,레저스포츠,수상레저스포츠
포천,2023,4,2023-04,67,경기도,포천시,한화리조트산정호수온천,160,포천 2023_04.csv,체험관광,웰니스관광
포천,2023,4,2023-04,68,경기도,포천시,설운체육공원,151,포천 2023_04.csv,문화관광,도시공원
포천,2023,4,2023-04,68,경기도,포천시,광릉수목원자동차극장,151,포천 2023_04.csv,문화관광,공연시설
포천,2023,4,2023-04,70,경기도,포천시,나남수목원,143,포천 2023_04.csv,자연관광,자연공원
포천,2023,4,2023-04,71,경기도,포천시,수목원낚시터,141,포천 2023_04.csv,레저스포츠,수상레저스포츠
포천,2023,4,2023-04,72,경기도,포천시,산정랜드,137,포천 2023_04.csv,문화관광,복합관광시설
포천,2023,4,2023-04,73,경기도,포천시,포천야구장,130,포천 2023_04.csv,문화관광,레저스포츠시설
포천,2023,4,2023-04,74,경기도,포천시,에덴농장,128,포천 2023_04.csv,체험관광,농/산/어촌체험
포천,2023,4,2023-04,75,경기도,포천시,아프리카예술박물관,123,포천 2023_04.csv,문화관광,전시시설
포천,2023,4,2023-04,76,경기도,포천시,가농바이오농장,112,포천 2023_04.csv,체험관광,농/산/어촌체험
포천,2023,4,2023-04,77,경기도,포천시,송우공설시장,100,포천 2023_04.csv,쇼핑,시장
포천,2023,4,2023-04,78,경기도,포천시,운천재래시장,99,포천 2023_04.csv,쇼핑,시장
포천,2023,4,2023-04,78,경기도,포천시,포천하늘아래치유의숲,99,포천 2023_04.csv,기타관광,기타관광
포천,2023,4,2023-04,80,경기도,포천시,레이크밸리 승마클럽,84,포천 2023_04.csv,레저스포츠,기타레저스포츠
포천,2023,4,2023-04,81,경기도,포천시,청한베이스볼파크,81,포천 2023_04.csv,문화관광,레저스포츠시설
포천,2023,4,2023-04,82,경기도,포천시,동화사,79,포천 2023_04.csv,역사관광,종교성지
포천,2023,4,2023-04,83,경기도,포천시,구담사,78,포천 2023_04.csv,역사관광,종교성지
포천,2023,4,2023-04,84,경기도,포천시,루지월드베어스타운점,75,포천 2023_04.csv,레저스포츠,기타레저스포츠
포천,2023,4,2023-04,85,경기도,포천시,우금낚시공원,72,포천 2023_04.csv,레저스포츠,수상레저스포츠
포천,2023,4,2023-04,86,경기도,포천시,포천자동차극장,71,포천 2023_04.csv,문화관광,공연시설
포천,2023,4,2023-04,87,경기도,포천시,한탄강주상절리길3코스,70,포천 2023_04.csv,레저스포츠,기타레저스포츠
포천,2023,4,2023-04,88,경기도,포천시,자인사,69,포천 2023_04.csv,역사관광,종교성지
포천,2023,4,2023-04,89,경기도,포천시,갈월버섯농장,66,포천 2023_04.csv,체험관광,농/산/어촌체험
포천,2023,4,2023-04,90,경기도,포천시,용담대물낚시터,59,포천 2023_04.csv,레저스포츠,수상레저스포츠
포천,2023,4,2023-04,91,경기도,포천시,멍우리협곡,58,포천 2023_04.csv,자연관광,자연경관(산)
포천,2023,4,2023-04,92,경기도,포천시,포천염광수련원,53,포천 2023_04.csv,레저스포츠,육상레저스포츠
포천,2023,4,2023-04,93,경기도,포천시,포천레이스웨이,51,포천 2023_04.csv,레저스포츠,육상레저스포츠
포천,2023,4,2023-04,94,경기도,포천시,일동시장,50,포천 2023_04.csv,쇼핑,시장
포천,2023,4,2023-04,94,경기도,포천시,흥룡사,50,포천 2023_04.csv,역사관광,종교성지
포천,2023,4,2023-04,96,경기도,포천시,포천종합운동장보조구장,46,포천 2023_04.csv,문화관광,레저스포츠시설
포천,2023,4,2023-04,96,경기도,포천시,포천파크골프장,46,포천 2023_04.csv,레저스포츠,기타레저스포츠
포천,2023,4,2023-04,98,경기도,포천시,포천아트밸리천문과학관,45,포천 2023_04.csv,문화관광,전시시설
포천,2023,4,2023-04,99,경기도,포천시,황금프라자,43,포천 2023_04.csv,쇼핑,쇼핑몰
포천,2023,4,2023-04,100,경기도,포천시,약천사,41,포천 2023_04.csv,역사관광,종교성지
포천,2023,4,2023-04,100,경기도,포천시,한탄강팔호유원지,41,포천 2023_04.csv,문화관광,복합관광시설
포천,2023,4,2023-04,102,경기도,포천시,자비사,40,포천 2023_04.csv,역사관광,종교성지
포천,2023,4,2023-04,103,경기도,포천시,황새목낚시터,38,포천 2023_04.csv,레저스포츠,수상레저스포츠
포천,2023,4,2023-04,103,경기도,포천시,유식물원,38,포천 2023_04.csv,문화관광,테마공원
포천,2023,4,2023-04,103,경기도,포천시,화엄사,38,포천 2023_04.csv,역사관광,종교성지
포천,2023,4,2023-04,103,경기도,포천시,천주사,38,포천 2023_04.csv,역사관광,종교성지
포천,2023,4,2023-04,107,경기도,포천시,Y스포츠센터,33,포천 2023_04.csv,레저스포츠,기타레저스포츠
포천,2023,4,2023-04,108,경기도,포천시,광릉분재예술공원,32,포천 2023_04.csv,문화관광,도시공원
포천,2023,4,2023-04,108,경기도,포천시,천주호,32,포천 2023_04.csv,자연관광,자연경관(하천/해양)
포천,2023,4,2023-04,108,경기도,포천시,클라우드시네마,32,포천 2023_04.csv,문화관광,공연시설
포천,2023,4,2023-04,111,경기도,포천시,서운동산어린이동물농장,31,포천 2023_04.csv,기타관광,기타관광
포천,2023,4,2023-04,111,경기도,포천시,메향낚시터,31,포천 2023_04.csv,레저스포츠,수상레저스포츠
포천,2023,4,2023-04,113,경기도,포천시,운악레저타운,29,포천 2023_04.csv,레저스포츠,기타레저스포츠
포천,2023,4,2023-04,113,경기도,포천시,코버월드,29,포천 2023_04.csv,문화관광,전시시설
포천,2023,4,2023-04,115,경기도,포천시,소우주도자기공방,28,포천 2023_04.csv,체험관광,공예체험
포천,2023,4,2023-04,115,경기도,포천시,냉정낚시터,28,포천 2023_04.csv,레저스포츠,수상레저스포츠
포천,2023,4,2023-04,117,경기도,포천시,백로주유원지,26,포천 2023_04.csv,문화관광,복합관광시설
포천,2023,4,2023-04,117,경기도,포천시,태산낚시터,26,포천 2023_04.csv,레저스포츠,수상레저스포츠
포천,2023,4,2023-04,119,경기도,포천시,한과문화박물관,24,포천 2023_04.csv,문화관광,전시시설
포천,2023,4,2023-04,119,경기도,포천시,보문정사,24,포천 2023_04.csv,역사관광,종교성지
포천,2023,4,2023-04,119,경기도,포천시,포천반월성,24,포천 2023_04.csv,역사관광,역사유적지
포천,2023,4,2023-04,122,경기도,포천시,포천용담저수지,23,포천 2023_04.csv,자연관광,자연경관(하천/해양)
포천,2023,4,2023-04,123,경기도,포천시,국립산림박물관,22,포천 2023_04.csv,문화관광,전시시설
포천,2023,4,2023-04,123,경기도,포천시,지장산계곡,22,포천 2023_04.csv,자연관광,자연경관(산)
포천,2023,4,2023-04,123,경기도,포천시,포천향교,22,포천 2023_04.csv,역사관광,역사유적지
포천,2023,4,2023-04,126,경기도,포천시,포천아우라지베개용암,21,포천 2023_04.csv,기타관광,기타관광
포천,2023,4,2023-04,127,경기도,포천시,양치식물전시원,20,포천 2023_04.csv,문화관광,테마공원
포천,2023,4,2023-04,127,경기도,포천시,이항복선생묘,20,포천 2023_04.csv,역사관광,역사유적지
포천,2023,4,2023-04,127,경기도,포천시,초가낚시터,20,포천 2023_04.csv,레저스포츠,수상레저스포츠
포천,2023,4,2023-04,127,경기도,포천시,허브아일랜드불빛동화축제,20,포천 2023_04.csv,문화관광,기타문화관광지
포천,2023,4,2023-04,131,경기도,포천시,광암이벽유적지,19,포천 2023_04.csv,역사관광,역사유적지
포천,2023,4,2023-04,132,경기도,포천시,한탄강테마파크,18,포천 2023_04.csv,문화관광,테마공원
포천,2023,4,2023-04,132,경기도,포천시,포천그린아울렛,18,포천 2023_04.csv,쇼핑,쇼핑몰
포천,2023,4,2023-04,132,경기도,포천시,호스랜드승마클럽,18,포천 2023_04.csv,레저스포츠,육상레저스포츠
포천,2023,4,2023-04,135,경기도,포천시,영평천,17,포천 2023_04.csv,자연관광,자연공원
포천,2023,4,2023-04,135,경기도,포천시,포천블루파크,17,포천 2023_04.csv,문화관광,테마공원
포천,2023,4,2023-04,135,경기도,포천시,키즈필포천송우점,17,포천 2023_04.csv,문화관광,테마공원
포천,2023,4,2023-04,138,경기도,포천시,베스트원스포츠,16,포천 2023_04.csv,레저스포츠,기타레저스포츠
포천,2023,4,2023-04,138,경기도,포천시,금룡사,16,포천 2023_04.csv,역사관광,종교성지
포천,2023,4,2023-04,138,경기도,포천시,대안사,16,포천 2023_04.csv,역사관광,종교성지
포천,2023,4,2023-04,138,경기도,포천시,다래레저,16,포천 2023_04.csv,레저스포츠,수상레저스포츠
포천,2023,4,2023-04,138,경기도,포천시,평화나무농장,16,포천 2023_04.csv,체험관광,농/산/어촌체험
포천,2023,4,2023-04,143,경기도,포천시,한탄강주상절리길5코스,15,포천 2023_04.csv,레저스포츠,기타레저스포츠
포천,2023,4,2023-04,143,경기도,포천시,충목단,15,포천 2023_04.csv,역사관광,역사유적지
포천,2023,4,2023-04,145,경기도,포천시,쌍불사,14,포천 2023_04.csv,역사관광,종교성지
포천,2023,4,2023-04,145,경기도,포천시,전운사,14,포천 2023_04.csv,역사관광,종교성지
포천,2023,4,2023-04,145,경기도,포천시,운천낚시공원,14,포천 2023_04.csv,레저스포츠,수상레저스포츠
포천,2023,4,2023-04,145,경기도,포천시,제일베리,14,포천 2023_04.csv,체험관광,농/산/어촌체험
포천,2023,4,2023-04,149,경기도,포천시,지청낚시터,13,포천 2023_04.csv,레저스포츠,수상레저스포츠
포천,2023,4,2023-04,149,경기도,포천시,지질트레일1코스,13,포천 2023_04.csv,레저스포츠,기타레저스포츠
포천,2023,4,2023-04,151,경기도,포천시,무림사,12,포천 2023_04.csv,역사관광,종교성지
포천,2023,4,2023-04,151,경기도,포천시,미륵박물관,12,포천 2023_04.csv,문화관광,전시시설
포천,2023,4,2023-04,151,경기도,포천시,고모리수상레저,12,포천 2023_04.csv,레저스포츠,기타레저스포츠
포천,2023,4,2023-04,151,경기도,포천시,금불사,12,포천 2023_04.csv,역사관광,종교성지
포천,2023,4,2023-04,155,경기도,포천시,포천허브아일랜드 자동차극장,11,포천 2023_04.csv,문화관광,공연시설
포천,2023,4,2023-04,155,경기도,포천시,축구장소흘생활체육공원,11,포천 2023_04.csv,문화관광,레저스포츠시설
포천,2023,4,2023-04,157,경기도,포천시,임진농원,10,포천 2023_04.csv,체험관광,농/산/어촌체험
포천,2023,4,2023-04,157,경기도,포천시,성불암,10,포천 2023_04.csv,역사관광,종교성지
포천,2023,4,2023-04,159,경기도,포천시,자이언트복싱짐,9,포천 2023_04.csv,레저스포츠,기타레저스포츠
포천,2023,4,2023-04,159,경기도,포천시,페리아도워터파크,9,포천 2023_04.csv,문화관광,테마공원
포천,2023,4,2023-04,159,경기도,포천시,이벽생가터,9,포천 2023_04.csv,기타관광,기타관광
포천,2023,4,2023-04,159,경기도,포천시,무봉리족구장,9,포천 2023_04.csv,레저스포츠,기타레저스포츠
포천,2023,4,2023-04,159,경기도,포천시,베어스타운CC휴업중,9,포천 2023_04.csv,레저스포츠,육상레저스포츠
포천,2023,4,2023-04,159,경기도,포천시,법왕사,9,포천 2023_04.csv,역사관광,종교성지
포천,2023,4,2023-04,159,경기도,포천시,송일농장,9,포천 2023_04.csv,체험관광,농/산/어촌체험
포천,2023,4,2023-04,159,경기도,포천시,도평리터미널,9,포천 2023_04.csv,기타관광,교통시설
포천,2023,4,2023-04,159,경기도,포천시,한탄임진강지질공원,9,포천 2023_04.csv,문화관광,도시공원
포천,2023,4,2023-04,159,경기도,포천시,용주암,9,포천 2023_04.csv,역사관광,종교성지
포천,2023,4,2023-04,159,경기도,포천시,교동가마소,9,포천 2023_04.csv,기타관광,기타관광
포천,2023,4,2023-04,170,경기도,포천시,부소천교,8,포천 2023_04.csv,기타관광,기타관광
포천,2023,4,2023-04,170,경기도,포천시,밤밭실내장어낚시터,8,포천 2023_04.csv,레저스포츠,수상레저스포츠
포천,2023,4,2023-04,170,경기도,포천시,영천목장,8,포천 2023_04.csv,체험관광,농/산/어촌체험
포천,2023,4,2023-04,173,경기도,포천시,일동금주산양어장,7,포천 2023_04.csv,체험관광,농/산/어촌체험
포천,2023,4,2023-04,173,경기도,포천시,용연서원,7,포천 2023_04.csv,역사관광,역사유적지
포천,2023,4,2023-04,173,경기도,포천시,내리공설시장,7,포천 2023_04.csv,쇼핑,시장
포천,2023,4,2023-04,173,경기도,포천시,한탄강야생화공원,7,포천 2023_04.csv,문화관광,도시공원
포천,2023,4,2023-04,177,경기도,포천시,포천정,6,포천 2023_04.csv,레저스포츠,육상레저스포츠
포천,2023,4,2023-04,177,경기도,포천시,모돈갤러리,6,포천 2023_04.csv,문화관광,전시시설
포천,2023,4,2023-04,177,경기도,포천시,미륵사,6,포천 2023_04.csv,역사관광,종교성지
포천,2023,4,2023-04,177,경기도,포천시,마전저수지,6,포천 2023_04.csv,자연관광,자연경관(하천/해양)
포천,2023,4,2023-04,177,경기도,포천시,극락사,6,포천 2023_04.csv,역사관광,종교성지
포천,2023,4,2023-04,177,경기도,포천시,호국팔정사,6,포천 2023_04.csv,역사관광,종교성지
포천,2023,4,2023-04,177,경기도,포천시,향림사,6,포천 2023_04.csv,역사관광,종교성지
포천,2023,4,2023-04,177,경기도,포천시,법화사포천도량,6,포천 2023_04.csv,역사관광,종교성지
포천,2023,4,2023-04,185,경기도,포천시,포천직두리의부부송,5,포천 2023_04.csv,역사관광,역사유적지
포천,2023,4,2023-04,186,경기도,포천시,도마치계곡유원지,4,포천 2023_04.csv,문화관광,복합관광시설
포천,2023,4,2023-04,186,경기도,포천시,하늘밭농원,4,포천 2023_04.csv,체험관광,농/산/어촌체험
포천,2023,4,2023-04,186,경기도,포천시,상현네포도농원,4,포천 2023_04.csv,체험관광,농/산/어촌체험
포천,2023,4,2023-04,186,경기도,포천시,만덕사,4,포천 2023_04.csv,역사관광,종교성지
포천,2023,4,2023-04,186,경기도,포천시,다산농산,4,포천 2023_04.csv,체험관광,농/산/어촌체험
포천,2023,4,2023-04,186,경기도,포천시,대승사,4,포천 2023_04.csv,역사관광,종교성지
포천,2023,4,2023-04,186,경기도,포천시,고모지,4,포천 2023_04.csv,자연관광,자연경관(하천/해양)
포천,2023,4,2023-04,193,경기도,포천시,한내소극장,3,포천 2023_04.csv,문화관광,공연시설
포천,2023,4,2023-04,193,경기도,포천시,관음사,3,포천 2023_04.csv,역사관광,종교성지
포천,2023,4,2023-04,193,경기도,포천시,포천관광정보센터 청년여행LAB,3,포천 2023_04.csv,문화관광,기타문화관광지
포천,2023,4,2023-04,193,경기도,포천시,포천38문화예술창작소공사중(2023년개관예정),3,포천 2023_04.csv,문화관광,기타문화관광지
포천,2023,4,2023-04,193,경기도,포천시,반월산농원,3,포천 2023_04.csv,체험관광,농/산/어촌체험
포천,2023,4,2023-04,193,경기도,포천시,털보낚시터,3,포천 2023_04.csv,레저스포츠,수상레저스포츠
포천,2023,4,2023-04,193,경기도,포천시,추동저수지낚시터,3,포천 2023_04.csv,레저스포츠,수상레저스포츠
포천,2023,4,2023-04,193,경기도,포천시,풍림농장,3,포천 2023_04.csv,체험관광,농/산/어촌체험
포천,2023,4,2023-04,193,경기도,포천시,본선사,3,포천 2023_04.csv,역사관광,종교성지
포천,2023,4,2023-04,193,경기도,포천시,관인공설시장,3,포천 2023_04.csv,쇼핑,시장
포천,2023,4,2023-04,193,경기도,포천시,양문공설시장,3,포천 2023_04.csv,쇼핑,시장
포천,2023,4,2023-04,193,경기도,포천시,대군정,3,포천 2023_04.csv,레저스포츠,육상레저스포츠
포천,2023,4,2023-04,193,경기도,포천시,정혜사,3,포천 2023_04.csv,역사관광,종교성지
포천,2023,4,2023-04,193,경기도,포천시,능원관광낚시터,3,포천 2023_04.csv,레저스포츠,수상레저스포츠
포천,2023,4,2023-04,193,경기도,포천시,직동낚시터,3,포천 2023_04.csv,레저스포츠,수상레저스포츠
포천,2023,4,2023-04,193,경기도,포천시,금수정,3,포천 2023_04.csv,역사관광,역사유적지
포천,2023,4,2023-04,193,경기도,포천시,선광사,3,포천 2023_04.csv,역사관광,종교성지
포천,2023,4,2023-04,193,경기도,포천시,운주사,3,포천 2023_04.csv,역사관광,종교성지
포천,2023,4,2023-04,193,경기도,포천시,늘푸른농장,3,포천 2023_04.csv,체험관광,농/산/어촌체험
포천,2023,4,2023-04,193,경기도,포천시,허브아일랜드산타마을,3,포천 2023_04.csv,문화관광,테마공원
포천,2023,4,2023-04,193,경기도,포천시,홀스킹덤팜스테이,3,포천 2023_04.csv,레저스포츠,육상레저스포츠
포천,2023,4,2023-04,193,경기도,포천시,백운낚시터,3,포천 2023_04.csv,레저스포츠,수상레저스포츠
포천,2023,4,2023-04,193,경기도,포천시,정우생닭직매장,3,포천 2023_04.csv,쇼핑,시장
포천,2023,4,2023-04,193,경기도,포천시,대한불교조계종정변지사,3,포천 2023_04.csv,역사관광,종교성지
포천,2023,4,2023-04,193,경기도,포천시,승법사,3,포천 2023_04.csv,역사관광,종교성지
포천,2023,4,2023-04,193,경기도,포천시,황제다육식물농장,3,포천 2023_04.csv,체험관광,농/산/어촌체험
포천,2023,4,2023-04,193,경기도,포천시,중리테마파크낚시터,3,포천 2023_04.csv,레저스포츠,수상레저스포츠
포천,2023,4,2023-04,193,경기도,포천시,성불사,3,포천 2023_04.csv,역사관광,종교성지
포천,2023,4,2023-04,193,경기도,포천시,옥병서원,3,포천 2023_04.csv,역사관광,역사유적지
포천,2023,4,2023-04,193,경기도,포천시,키즈필키즈카페,3,포천 2023_04.csv,문화관광,테마공원
포천,2023,4,2023-04,193,경기도,포천시,천은사,3,포천 2023_04.csv,역사관광,종교성지
포천,2023,4,2023-04,193,경기도,포천시,철갑상어농장,3,포천 2023_04.csv,체험관광,농/산/어촌체험
포천,2023,4,2023-04,193,경기도,포천시,삼손목장,3,포천 2023_04.csv,체험관광,농/산/어촌체험
포천,2023,4,2023-04,193,경기도,포천시,천해사,3,포천 2023_04.csv,역사관광,종교성지
포천,2023,5,2023-05,1,경기도,포천시,국립수목원,10486,포천 2023_05.csv,문화관광,테마공원
포천,2023,5,2023-05,2,경기도,포천시,포천힐마루CC,10482,포천 2023_05.csv,레저스포츠,육상레저스포츠
포천,2023,5,2023-05,3,경기도,포천시,베어크리크GC,9102,포천 2023_05.csv,레저스포츠,육상레저스포츠
포천,2023,5,2023-05,4,경기도,포천시,포천아트밸리,8998,포천 2023_05.csv,문화관광,공연시설
포천,2023,5,2023-05,5,경기도,포천시,대유몽베르CC,8375,포천 2023_05.csv,레저스포츠,육상레저스포츠
포천,2023,5,2023-05,6,경기도,포천시,포천힐스CC,8269,포천 2023_05.csv,레저스포츠,육상레저스포츠
포천,2023,5,2023-05,7,경기도,포천시,라싸GC,7153,포천 2023_05.csv,레저스포츠,육상레저스포츠
포천,2023,5,2023-05,8,경기도,포천시,포천아도니스CC,6926,포천 2023_05.csv,레저스포츠,육상레저스포츠
포천,2023,5,2023-05,9,경기도,포천시,필로스GC,6533,포천 2023_05.csv,레저스포츠,육상레저스포츠
포천,2023,5,2023-05,10,경기도,포천시,푸른솔GC포천,6509,포천 2023_05.csv,레저스포츠,육상레저스포츠
포천,2023,5,2023-05,11,경기도,포천시,포레스트힐CC,6399,포천 2023_05.csv,레저스포츠,육상레저스포츠
포천,2023,5,2023-05,12,경기도,포천시,허브아일랜드,6057,포천 2023_05.csv,체험관광,농/산/어촌체험
포천,2023,5,2023-05,13,경기도,포천시,비둘기낭폭포,4846,포천 2023_05.csv,자연관광,자연경관(산)
포천,2023,5,2023-05,14,경기도,포천시,참밸리컨트리클럽,3823,포천 2023_05.csv,레저스포츠,육상레저스포츠
포천,2023,5,2023-05,15,경기도,포천시,샴발라CC,3687,포천 2023_05.csv,레저스포츠,육상레저스포츠
포천,2023,5,2023-05,16,경기도,포천시,일동시외버스터미널,3547,포천 2023_05.csv,기타관광,교통시설
포천,2023,5,2023-05,17,경기도,포천시,일동레이크GC,3242,포천 2023_05.csv,레저스포츠,육상레저스포츠
포천,2023,5,2023-05,18,경기도,포천시,포천한탄강하늘다리,2302,포천 2023_05.csv,기타관광,기타관광
포천,2023,5,2023-05,19,경기도,포천시,신북온천스프링폴,2301,포천 2023_05.csv,체험관광,웰니스관광
포천,2023,5,2023-05,20,경기도,포천시,CGV포천,2013,포천 2023_05.csv,문화관광,공연시설
포천,2023,5,2023-05,21,경기도,포천시,제일유황온천,1708,포천 2023_05.csv,체험관광,웰니스관광
포천,2023,5,2023-05,22,경기도,포천시,락가든GC,1583,포천 2023_05.csv,레저스포츠,육상레저스포츠
포천,2023,5,2023-05,23,경기도,포천시,한탄강주상절리길1코스,1572,포천 2023_05.csv,레저스포츠,기타레저스포츠
포천,2023,5,2023-05,24,경기도,포천시,호국금강사,1266,포천 2023_05.csv,역사관광,종교성지
포천,2023,5,2023-05,25,경기도,포천시,낭만닥터김사부촬영지,1202,포천 2023_05.csv,문화관광,기타문화관광지
포천,2023,5,2023-05,26,경기도,포천시,베어스타운스키장휴업중,1159,포천 2023_05.csv,레저스포츠,육상레저스포츠
포천,2023,5,2023-05,27,경기도,포천시,포천아도니스퍼블릭CC,1132,포천 2023_05.csv,레저스포츠,육상레저스포츠
포천,2023,5,2023-05,28,경기도,포천시,송우시외버스터미널,1112,포천 2023_05.csv,기타관광,교통시설
포천,2023,5,2023-05,29,경기도,포천시,평강랜드,1066,포천 2023_05.csv,문화관광,테마공원
포천,2023,5,2023-05,30,경기도,포천시,산사원,1060,포천 2023_05.csv,문화관광,전시시설
포천,2023,5,2023-05,31,경기도,포천시,포천시외버스터미널,1007,포천 2023_05.csv,기타관광,교통시설
포천,2023,5,2023-05,32,경기도,포천시,어메이징파크,933,포천 2023_05.csv,문화관광,전시시설
포천,2023,5,2023-05,33,경기도,포천시,동교낚시터,916,포천 2023_05.csv,레저스포츠,수상레저스포츠
포천,2023,5,2023-05,34,경기도,포천시,서운동산,885,포천 2023_05.csv,문화관광,복합관광시설
포천,2023,5,2023-05,35,경기도,포천시,포천반월아트홀,825,포천 2023_05.csv,문화관광,공연시설
포천,2023,5,2023-05,36,경기도,포천시,밤밭낚시터,717,포천 2023_05.csv,레저스포츠,수상레저스포츠
포천,2023,5,2023-05,37,경기도,포천시,주파크,711,포천 2023_05.csv,문화관광,테마공원
포천,2023,5,2023-05,38,경기도,포천시,운악산자연휴양림,692,포천 2023_05.csv,자연관광,자연공원
포천,2023,5,2023-05,39,경기도,포천시,초원낚시터,690,포천 2023_05.csv,레저스포츠,수상레저스포츠
포천,2023,5,2023-05,40,경기도,포천시,마전낚시터,662,포천 2023_05.csv,레저스포츠,수상레저스포츠
포천,2023,5,2023-05,41,경기도,포천시,쌍방죽낚시터,608,포천 2023_05.csv,레저스포츠,수상레저스포츠
포천,2023,5,2023-05,42,경기도,포천시,가산낚시터,576,포천 2023_05.csv,레저스포츠,수상레저스포츠
포천,2023,5,2023-05,43,경기도,포천시,도성사,555,포천 2023_05.csv,역사관광,종교성지
포천,2023,5,2023-05,44,경기도,포천시,한탄강지질공원센터,540,포천 2023_05.csv,문화관광,전시시설
포천,2023,5,2023-05,45,경기도,포천시,내촌낚시터,516,포천 2023_05.csv,레저스포츠,수상레저스포츠
포천,2023,5,2023-05,46,경기도,포천시,포천5일장,506,포천 2023_05.csv,쇼핑,시장
포천,2023,5,2023-05,47,경기도,포천시,천보산자연휴양림,464,포천 2023_05.csv,자연관광,자연공원
포천,2023,5,2023-05,48,경기도,포천시,깊이울유원지,447,포천 2023_05.csv,문화관광,복합관광시설
포천,2023,5,2023-05,49,경기도,포천시,포천수원산정상전망대,417,포천 2023_05.csv,문화관광,랜드마크관광
포천,2023,5,2023-05,50,경기도,포천시,왕산사,345,포천 2023_05.csv,역사관광,종교성지
포천,2023,5,2023-05,51,경기도,포천시,새마을낚시터,335,포천 2023_05.csv,레저스포츠,수상레저스포츠
포천,2023,5,2023-05,52,경기도,포천시,직두리낚시터,317,포천 2023_05.csv,레저스포츠,수상레저스포츠
포천,2023,5,2023-05,53,경기도,포천시,국망봉자연휴양림,290,포천 2023_05.csv,자연관광,자연공원
포천,2023,5,2023-05,54,경기도,포천시,황금낚시터,287,포천 2023_05.csv,레저스포츠,수상레저스포츠
포천,2023,5,2023-05,55,경기도,포천시,포천하늘아래치유의숲,260,포천 2023_05.csv,기타관광,기타관광
포천,2023,5,2023-05,56,경기도,포천시,백운계곡유원지,254,포천 2023_05.csv,문화관광,복합관광시설
포천,2023,5,2023-05,57,경기도,포천시,소흘생활체육공원,232,포천 2023_05.csv,문화관광,도시공원
포천,2023,5,2023-05,58,경기도,포천시,포천축구공원,231,포천 2023_05.csv,문화관광,도시공원
포천,2023,5,2023-05,59,경기도,포천시,금주낚시터,207,포천 2023_05.csv,레저스포츠,수상레저스포츠
포천,2023,5,2023-05,60,경기도,포천시,도리돌문화교류센터,206,포천 2023_05.csv,레저스포츠,기타레저스포츠
포천,2023,5,2023-05,61,경기도,포천시,자인사,185,포천 2023_05.csv,역사관광,종교성지
포천,2023,5,2023-05,62,경기도,포천시,무네미낚시터,180,포천 2023_05.csv,레저스포츠,수상레저스포츠
포천,2023,5,2023-05,63,경기도,포천시,설운체육공원,174,포천 2023_05.csv,문화관광,도시공원
포천,2023,5,2023-05,64,경기도,포천시,광릉수목원자동차극장,170,포천 2023_05.csv,문화관광,공연시설
포천,2023,5,2023-05,65,경기도,포천시,포천패션타운,157,포천 2023_05.csv,쇼핑,쇼핑몰
포천,2023,5,2023-05,66,경기도,포천시,아딸농원,156,포천 2023_05.csv,체험관광,농/산/어촌체험
포천,2023,5,2023-05,67,경기도,포천시,송우공설시장,154,포천 2023_05.csv,쇼핑,시장
포천,2023,5,2023-05,68,경기도,포천시,수목원낚시터,151,포천 2023_05.csv,레저스포츠,수상레저스포츠
포천,2023,5,2023-05,69,경기도,포천시,한화리조트산정호수온천,150,포천 2023_05.csv,체험관광,웰니스관광
포천,2023,5,2023-05,69,경기도,포천시,포천스포츠센터,150,포천 2023_05.csv,레저스포츠,기타레저스포츠
포천,2023,5,2023-05,71,경기도,포천시,포천신읍시장,143,포천 2023_05.csv,쇼핑,시장
포천,2023,5,2023-05,72,경기도,포천시,가농바이오농장,139,포천 2023_05.csv,체험관광,농/산/어촌체험
포천,2023,5,2023-05,73,경기도,포천시,운천낚시공원,137,포천 2023_05.csv,레저스포츠,수상레저스포츠
포천,2023,5,2023-05,74,경기도,포천시,아프리카예술박물관,136,포천 2023_05.csv,문화관광,전시시설
포천,2023,5,2023-05,74,경기도,포천시,포천염광수련원,136,포천 2023_05.csv,레저스포츠,육상레저스포츠
포천,2023,5,2023-05,76,경기도,포천시,화엄사,126,포천 2023_05.csv,역사관광,종교성지
포천,2023,5,2023-05,76,경기도,포천시,산정랜드,126,포천 2023_05.csv,문화관광,복합관광시설
포천,2023,5,2023-05,78,경기도,포천시,나남수목원,115,포천 2023_05.csv,자연관광,자연공원
포천,2023,5,2023-05,79,경기도,포천시,흥룡사,114,포천 2023_05.csv,역사관광,종교성지
포천,2023,5,2023-05,80,경기도,포천시,Y스포츠센터,107,포천 2023_05.csv,레저스포츠,기타레저스포츠
포천,2023,5,2023-05,81,경기도,포천시,길명낚시공원,102,포천 2023_05.csv,레저스포츠,수상레저스포츠
포천,2023,5,2023-05,81,경기도,포천시,레이크밸리 승마클럽,102,포천 2023_05.csv,레저스포츠,기타레저스포츠
포천,2023,5,2023-05,83,경기도,포천시,수목원프로방스,101,포천 2023_05.csv,자연관광,자연공원
포천,2023,5,2023-05,84,경기도,포천시,광암이벽유적지,100,포천 2023_05.csv,역사관광,역사유적지
포천,2023,5,2023-05,85,경기도,포천시,클라우드시네마,96,포천 2023_05.csv,문화관광,공연시설
포천,2023,5,2023-05,86,경기도,포천시,멍우리협곡,93,포천 2023_05.csv,자연관광,자연경관(산)
포천,2023,5,2023-05,87,경기도,포천시,용담대물낚시터,90,포천 2023_05.csv,레저스포츠,수상레저스포츠
포천,2023,5,2023-05,88,경기도,포천시,일동시장,85,포천 2023_05.csv,쇼핑,시장
포천,2023,5,2023-05,88,경기도,포천시,포천파크골프장,85,포천 2023_05.csv,레저스포츠,기타레저스포츠
포천,2023,5,2023-05,90,경기도,포천시,동화사,81,포천 2023_05.csv,역사관광,종교성지
포천,2023,5,2023-05,91,경기도,포천시,우금낚시공원,79,포천 2023_05.csv,레저스포츠,수상레저스포츠
포천,2023,5,2023-05,92,경기도,포천시,포천야구장,76,포천 2023_05.csv,문화관광,레저스포츠시설
포천,2023,5,2023-05,93,경기도,포천시,약천사,75,포천 2023_05.csv,역사관광,종교성지
포천,2023,5,2023-05,93,경기도,포천시,메향낚시터,75,포천 2023_05.csv,레저스포츠,수상레저스포츠
포천,2023,5,2023-05,95,경기도,포천시,구담사,70,포천 2023_05.csv,역사관광,종교성지
포천,2023,5,2023-05,96,경기도,포천시,황새목낚시터,66,포천 2023_05.csv,레저스포츠,수상레저스포츠
포천,2023,5,2023-05,96,경기도,포천시,포천자동차극장,66,포천 2023_05.csv,문화관광,공연시설
포천,2023,5,2023-05,98,경기도,포천시,에덴농장,62,포천 2023_05.csv,체험관광,농/산/어촌체험
포천,2023,5,2023-05,98,경기도,포천시,갈월버섯농장,62,포천 2023_05.csv,체험관광,농/산/어촌체험
포천,2023,5,2023-05,100,경기도,포천시,대안사,61,포천 2023_05.csv,역사관광,종교성지
포천,2023,5,2023-05,101,경기도,포천시,운천재래시장,58,포천 2023_05.csv,쇼핑,시장
포천,2023,5,2023-05,102,경기도,포천시,청한베이스볼파크,55,포천 2023_05.csv,문화관광,레저스포츠시설
포천,2023,5,2023-05,102,경기도,포천시,천주사,55,포천 2023_05.csv,역사관광,종교성지
포천,2023,5,2023-05,104,경기도,포천시,코버월드,53,포천 2023_05.csv,문화관광,전시시설
포천,2023,5,2023-05,105,경기도,포천시,보문정사,50,포천 2023_05.csv,역사관광,종교성지
포천,2023,5,2023-05,105,경기도,포천시,태산낚시터,50,포천 2023_05.csv,레저스포츠,수상레저스포츠
포천,2023,5,2023-05,107,경기도,포천시,포천종합운동장보조구장,43,포천 2023_05.csv,문화관광,레저스포츠시설
포천,2023,5,2023-05,108,경기도,포천시,한탄강주상절리길3코스,41,포천 2023_05.csv,레저스포츠,기타레저스포츠
포천,2023,5,2023-05,108,경기도,포천시,자비사,41,포천 2023_05.csv,역사관광,종교성지
포천,2023,5,2023-05,110,경기도,포천시,한과문화박물관,40,포천 2023_05.csv,문화관광,전시시설
포천,2023,5,2023-05,110,경기도,포천시,운악레저타운,40,포천 2023_05.csv,레저스포츠,기타레저스포츠
포천,2023,5,2023-05,112,경기도,포천시,이항복선생묘,38,포천 2023_05.csv,역사관광,역사유적지
포천,2023,5,2023-05,112,경기도,포천시,포천아트밸리천문과학관,38,포천 2023_05.csv,문화관광,전시시설
포천,2023,5,2023-05,114,경기도,포천시,송일농장,37,포천 2023_05.csv,체험관광,농/산/어촌체험
포천,2023,5,2023-05,115,경기도,포천시,한탄강팔호유원지,36,포천 2023_05.csv,문화관광,복합관광시설
포천,2023,5,2023-05,116,경기도,포천시,유식물원,35,포천 2023_05.csv,문화관광,테마공원
포천,2023,5,2023-05,117,경기도,포천시,전운사,32,포천 2023_05.csv,역사관광,종교성지
포천,2023,5,2023-05,118,경기도,포천시,초가낚시터,31,포천 2023_05.csv,레저스포츠,수상레저스포츠
포천,2023,5,2023-05,118,경기도,포천시,포천블루파크,31,포천 2023_05.csv,문화관광,테마공원
포천,2023,5,2023-05,120,경기도,포천시,대군정,30,포천 2023_05.csv,레저스포츠,육상레저스포츠
포천,2023,5,2023-05,120,경기도,포천시,지장산계곡,30,포천 2023_05.csv,자연관광,자연경관(산)
포천,2023,5,2023-05,122,경기도,포천시,향적사,29,포천 2023_05.csv,역사관광,종교성지
포천,2023,5,2023-05,123,경기도,포천시,루지월드베어스타운점,28,포천 2023_05.csv,레저스포츠,기타레저스포츠
포천,2023,5,2023-05,123,경기도,포천시,서운동산어린이동물농장,28,포천 2023_05.csv,기타관광,기타관광
포천,2023,5,2023-05,125,경기도,포천시,호스랜드승마클럽,26,포천 2023_05.csv,레저스포츠,육상레저스포츠
포천,2023,5,2023-05,125,경기도,포천시,교동가마소,26,포천 2023_05.csv,기타관광,기타관광
포천,2023,5,2023-05,127,경기도,포천시,지청낚시터,25,포천 2023_05.csv,레저스포츠,수상레저스포츠
포천,2023,5,2023-05,127,경기도,포천시,백로주유원지,25,포천 2023_05.csv,문화관광,복합관광시설
포천,2023,5,2023-05,127,경기도,포천시,천주호,25,포천 2023_05.csv,자연관광,자연경관(하천/해양)
포천,2023,5,2023-05,130,경기도,포천시,허브아일랜드불빛동화축제,24,포천 2023_05.csv,문화관광,기타문화관광지
포천,2023,5,2023-05,131,경기도,포천시,관음사,23,포천 2023_05.csv,역사관광,종교성지
포천,2023,5,2023-05,132,경기도,포천시,옥병서원,22,포천 2023_05.csv,역사관광,역사유적지
포천,2023,5,2023-05,133,경기도,포천시,미륵사,20,포천 2023_05.csv,역사관광,종교성지
포천,2023,5,2023-05,133,경기도,포천시,광릉분재예술공원,20,포천 2023_05.csv,문화관광,도시공원
포천,2023,5,2023-05,133,경기도,포천시,극락사,20,포천 2023_05.csv,역사관광,종교성지
포천,2023,5,2023-05,133,경기도,포천시,키즈필포천송우점,20,포천 2023_05.csv,문화관광,테마공원
포천,2023,5,2023-05,133,경기도,포천시,향원재,20,포천 2023_05.csv,역사관광,역사유적지
포천,2023,5,2023-05,133,경기도,포천시,도연암,20,포천 2023_05.csv,역사관광,종교성지
포천,2023,5,2023-05,139,경기도,포천시,법왕사,19,포천 2023_05.csv,역사관광,종교성지
포천,2023,5,2023-05,139,경기도,포천시,냉정낚시터,19,포천 2023_05.csv,레저스포츠,수상레저스포츠
포천,2023,5,2023-05,139,경기도,포천시,향림사,19,포천 2023_05.csv,역사관광,종교성지
포천,2023,5,2023-05,142,경기도,포천시,한탄임진강지질공원,18,포천 2023_05.csv,문화관광,도시공원
포천,2023,5,2023-05,142,경기도,포천시,용주암,18,포천 2023_05.csv,역사관광,종교성지
포천,2023,5,2023-05,144,경기도,포천시,마전저수지,17,포천 2023_05.csv,자연관광,자연경관(하천/해양)
포천,2023,5,2023-05,144,경기도,포천시,금룡사,17,포천 2023_05.csv,역사관광,종교성지
포천,2023,5,2023-05,144,경기도,포천시,지질트레일1코스,17,포천 2023_05.csv,레저스포츠,기타레저스포츠
포천,2023,5,2023-05,147,경기도,포천시,충목단,16,포천 2023_05.csv,역사관광,역사유적지
포천,2023,5,2023-05,147,경기도,포천시,포천그린아울렛,16,포천 2023_05.csv,쇼핑,쇼핑몰
포천,2023,5,2023-05,147,경기도,포천시,성불암,16,포천 2023_05.csv,역사관광,종교성지
포천,2023,5,2023-05,147,경기도,포천시,포천반월성,16,포천 2023_05.csv,역사관광,역사유적지
포천,2023,5,2023-05,147,경기도,포천시,고모지,16,포천 2023_05.csv,자연관광,자연경관(하천/해양)
포천,2023,5,2023-05,152,경기도,포천시,한탄강테마파크,15,포천 2023_05.csv,문화관광,테마공원
포천,2023,5,2023-05,153,경기도,포천시,자이언트복싱짐,14,포천 2023_05.csv,레저스포츠,기타레저스포츠
포천,2023,5,2023-05,153,경기도,포천시,황금프라자,14,포천 2023_05.csv,쇼핑,쇼핑몰
포천,2023,5,2023-05,153,경기도,포천시,무림사,14,포천 2023_05.csv,역사관광,종교성지
포천,2023,5,2023-05,153,경기도,포천시,도평리터미널,14,포천 2023_05.csv,기타관광,교통시설
포천,2023,5,2023-05,153,경기도,포천시,한탄강야생화공원,14,포천 2023_05.csv,문화관광,도시공원
포천,2023,5,2023-05,158,경기도,포천시,베스트원스포츠,13,포천 2023_05.csv,레저스포츠,기타레저스포츠
포천,2023,5,2023-05,158,경기도,포천시,포천직두리의부부송,13,포천 2023_05.csv,역사관광,역사유적지
포천,2023,5,2023-05,158,경기도,포천시,성불사,13,포천 2023_05.csv,역사관광,종교성지
포천,2023,5,2023-05,158,경기도,포천시,포천아우라지베개용암,13,포천 2023_05.csv,기타관광,기타관광
포천,2023,5,2023-05,162,경기도,포천시,참진사과,12,포천 2023_05.csv,체험관광,농/산/어촌체험
포천,2023,5,2023-05,162,경기도,포천시,포천용담저수지,12,포천 2023_05.csv,자연관광,자연경관(하천/해양)
포천,2023,5,2023-05,164,경기도,포천시,만덕사,11,포천 2023_05.csv,역사관광,종교성지
포천,2023,5,2023-05,165,경기도,포천시,부소천교,10,포천 2023_05.csv,기타관광,기타관광
포천,2023,5,2023-05,165,경기도,포천시,포천허브아일랜드 자동차극장,10,포천 2023_05.csv,문화관광,공연시설
포천,2023,5,2023-05,165,경기도,포천시,밤밭실내장어낚시터,10,포천 2023_05.csv,레저스포츠,수상레저스포츠
포천,2023,5,2023-05,165,경기도,포천시,쌍불사,10,포천 2023_05.csv,역사관광,종교성지
포천,2023,5,2023-05,165,경기도,포천시,봉운사,10,포천 2023_05.csv,역사관광,종교성지
포천,2023,5,2023-05,165,경기도,포천시,국립산림박물관,10,포천 2023_05.csv,문화관광,전시시설
포천,2023,5,2023-05,165,경기도,포천시,영평천,10,포천 2023_05.csv,자연관광,자연공원
포천,2023,5,2023-05,165,경기도,포천시,포천향교,10,포천 2023_05.csv,역사관광,역사유적지
포천,2023,5,2023-05,165,경기도,포천시,청계유원지,10,포천 2023_05.csv,문화관광,복합관광시설
포천,2023,5,2023-05,165,경기도,포천시,천은사,10,포천 2023_05.csv,역사관광,종교성지
포천,2023,5,2023-05,165,경기도,포천시,금불사,10,포천 2023_05.csv,역사관광,종교성지
포천,2023,5,2023-05,165,경기도,포천시,서광사,10,포천 2023_05.csv,역사관광,종교성지
포천,2023,5,2023-05,165,경기도,포천시,천해사,10,포천 2023_05.csv,역사관광,종교성지
포천,2023,5,2023-05,178,경기도,포천시,도마치계곡유원지,9,포천 2023_05.csv,문화관광,복합관광시설
포천,2023,5,2023-05,178,경기도,포천시,프로방스빌리지수영장,9,포천 2023_05.csv,문화관광,테마공원
포천,2023,5,2023-05,178,경기도,포천시,화산서원,9,포천 2023_05.csv,역사관광,역사유적지
포천,2023,5,2023-05,178,경기도,포천시,홀스킹덤팜스테이,9,포천 2023_05.csv,레저스포츠,육상레저스포츠
포천,2023,5,2023-05,182,경기도,포천시,법천사,8,포천 2023_05.csv,역사관광,종교성지
포천,2023,5,2023-05,182,경기도,포천시,보현사,8,포천 2023_05.csv,역사관광,종교성지
포천,2023,5,2023-05,182,경기도,포천시,화봉사,8,포천 2023_05.csv,역사관광,종교성지
포천,2023,5,2023-05,185,경기도,포천시,기원정사,7,포천 2023_05.csv,역사관광,종교성지
포천,2023,5,2023-05,185,경기도,포천시,반월산농원,7,포천 2023_05.csv,체험관광,농/산/어촌체험
포천,2023,5,2023-05,187,경기도,포천시,페리아도워터파크,6,포천 2023_05.csv,문화관광,테마공원
포천,2023,5,2023-05,187,경기도,포천시,한탄강주상절리길5코스,6,포천 2023_05.csv,레저스포츠,기타레저스포츠
포천,2023,5,2023-05,187,경기도,포천시,관인문화마을,6,포천 2023_05.csv,기타관광,기타관광
포천,2023,5,2023-05,187,경기도,포천시,모돈갤러리,6,포천 2023_05.csv,문화관광,전시시설
포천,2023,5,2023-05,187,경기도,포천시,베어스타운CC휴업중,6,포천 2023_05.csv,레저스포츠,육상레저스포츠
포천,2023,5,2023-05,187,경기도,포천시,허브와야생화마을,6,포천 2023_05.csv,문화관광,테마공원
포천,2023,5,2023-05,187,경기도,포천시,용연서원,6,포천 2023_05.csv,역사관광,역사유적지
포천,2023,5,2023-05,187,경기도,포천시,관음사,6,포천 2023_05.csv,역사관광,종교성지
포천,2023,5,2023-05,187,경기도,포천시,평화나무농장,6,포천 2023_05.csv,체험관광,농/산/어촌체험
포천,2023,5,2023-05,187,경기도,포천시,포천레이스웨이,6,포천 2023_05.csv,레저스포츠,육상레저스포츠
포천,2023,5,2023-05,197,경기도,포천시,정혜사,5,포천 2023_05.csv,역사관광,종교성지
포천,2023,5,2023-05,197,경기도,포천시,선광사,5,포천 2023_05.csv,역사관광,종교성지
포천,2023,5,2023-05,197,경기도,포천시,미륵박물관,5,포천 2023_05.csv,문화관광,전시시설
포천,2023,5,2023-05,197,경기도,포천시,대한불교조계종정변지사,5,포천 2023_05.csv,역사관광,종교성지
포천,2023,5,2023-05,197,경기도,포천시,보림사,5,포천 2023_05.csv,역사관광,종교성지
포천,2023,5,2023-05,202,경기도,포천시,내리공설시장,4,포천 2023_05.csv,쇼핑,시장
포천,2023,5,2023-05,202,경기도,포천시,소야사과농장,4,포천 2023_05.csv,체험관광,농/산/어촌체험
포천,2023,5,2023-05,202,경기도,포천시,동교하우스낚시터,4,포천 2023_05.csv,레저스포츠,수상레저스포츠
포천,2023,5,2023-05,202,경기도,포천시,키즈필키즈카페,4,포천 2023_05.csv,문화관광,테마공원
포천,2023,5,2023-05,206,경기도,포천시,포천목공체험장,3,포천 2023_05.csv,문화관광,기타문화관광지
포천,2023,5,2023-05,206,경기도,포천시,한탄강주상절리길4코스,3,포천 2023_05.csv,레저스포츠,기타레저스포츠
포천,2023,5,2023-05,206,경기도,포천시,대수암,3,포천 2023_05.csv,역사관광,종교성지
포천,2023,5,2023-05,206,경기도,포천시,금당정사,3,포천 2023_05.csv,역사관광,종교성지
포천,2023,5,2023-05,206,경기도,포천시,포천관광정보센터 청년여행LAB,3,포천 2023_05.csv,문화관광,기타문화관광지
포천,2023,5,2023-05,206,경기도,포천시,이벽생가터,3,포천 2023_05.csv,기타관광,기타관광
포천,2023,5,2023-05,206,경기도,포천시,포천탁구클럽,3,포천 2023_05.csv,레저스포츠,기타레저스포츠
포천,2023,5,2023-05,206,경기도,포천시,초계목장,3,포천 2023_05.csv,체험관광,농/산/어촌체험
포천,2023,5,2023-05,206,경기도,포천시,포천작은말학교,3,포천 2023_05.csv,레저스포츠,육상레저스포츠
포천,2023,5,2023-05,206,경기도,포천시,엄마네다육,3,포천 2023_05.csv,체험관광,농/산/어촌체험
포천,2023,5,2023-05,206,경기도,포천시,양치식물전시원,3,포천 2023_05.csv,문화관광,테마공원
포천,2023,5,2023-05,206,경기도,포천시,미타사,3,포천 2023_05.csv,역사관광,종교성지
포천,2023,5,2023-05,206,경기도,포천시,수원사,3,포천 2023_05.csv,역사관광,종교성지
포천,2023,5,2023-05,206,경기도,포천시,직동낚시터,3,포천 2023_05.csv,레저스포츠,수상레저스포츠
포천,2023,5,2023-05,206,경기도,포천시,반디농장,3,포천 2023_05.csv,체험관광,농/산/어촌체험
포천,2023,5,2023-05,206,경기도,포천시,축구장소흘생활체육공원,3,포천 2023_05.csv,문화관광,레저스포츠시설
포천,2023,5,2023-05,206,경기도,포천시,다산농산,3,포천 2023_05.csv,체험관광,농/산/어촌체험
포천,2023,5,2023-05,206,경기도,포천시,고모리수상레저,3,포천 2023_05.csv,레저스포츠,기타레저스포츠
포천,2023,5,2023-05,206,경기도,포천시,황제다육식물농장,3,포천 2023_05.csv,체험관광,농/산/어촌체험
포천,2023,5,2023-05,206,경기도,포천시,호국팔정사,3,포천 2023_05.csv,역사관광,종교성지
포천,2023,5,2023-05,206,경기도,포천시,중리테마파크낚시터,3,포천 2023_05.csv,레저스포츠,수상레저스포츠
포천,2023,5,2023-05,206,경기도,포천시,근선목장,3,포천 2023_05.csv,체험관광,농/산/어촌체험
포천,2023,5,2023-05,206,경기도,포천시,청농원,3,포천 2023_05.csv,체험관광,농/산/어촌체험
포천,2023,5,2023-05,206,경기도,포천시,국봉사,3,포천 2023_05.csv,역사관광,종교성지
포천,2023,5,2023-05,206,경기도,포천시,리얼야구존포천시청점,3,포천 2023_05.csv,레저스포츠,기타레저스포츠
포천,2023,5,2023-05,206,경기도,포천시,김비서가왜그럴까촬영지,3,포천 2023_05.csv,문화관광,기타문화관광지
포천,2023,5,2023-05,206,경기도,포천시,육림호,3,포천 2023_05.csv,자연관광,자연경관(하천/해양)
포천,2023,5,2023-05,206,경기도,포천시,창옥병,3,포천 2023_05.csv,기타관광,기타관광
포천,2023,6,2023-06,1,경기도,포천시,포천힐마루CC,11229,포천 2023_06.csv,레저스포츠,육상레저스포츠
포천,2023,6,2023-06,2,경기도,포천시,국립수목원,9479,포천 2023_06.csv,문화관광,테마공원
포천,2023,6,2023-06,3,경기도,포천시,베어크리크GC,8891,포천 2023_06.csv,레저스포츠,육상레저스포츠
포천,2023,6,2023-06,4,경기도,포천시,포천힐스CC,8217,포천 2023_06.csv,레저스포츠,육상레저스포츠
포천,2023,6,2023-06,5,경기도,포천시,대유몽베르CC,8169,포천 2023_06.csv,레저스포츠,육상레저스포츠
포천,2023,6,2023-06,6,경기도,포천시,포천아트밸리,7968,포천 2023_06.csv,문화관광,공연시설
포천,2023,6,2023-06,7,경기도,포천시,라싸GC,7389,포천 2023_06.csv,레저스포츠,육상레저스포츠
포천,2023,6,2023-06,8,경기도,포천시,포천아도니스CC,6906,포천 2023_06.csv,레저스포츠,육상레저스포츠
포천,2023,6,2023-06,9,경기도,포천시,필로스GC,6833,포천 2023_06.csv,레저스포츠,육상레저스포츠
포천,2023,6,2023-06,10,경기도,포천시,푸른솔GC포천,6483,포천 2023_06.csv,레저스포츠,육상레저스포츠
포천,2023,6,2023-06,11,경기도,포천시,포레스트힐CC,6292,포천 2023_06.csv,레저스포츠,육상레저스포츠
포천,2023,6,2023-06,12,경기도,포천시,허브아일랜드,5651,포천 2023_06.csv,체험관광,농/산/어촌체험
포천,2023,6,2023-06,13,경기도,포천시,비둘기낭폭포,5280,포천 2023_06.csv,자연관광,자연경관(산)
포천,2023,6,2023-06,14,경기도,포천시,참밸리컨트리클럽,3820,포천 2023_06.csv,레저스포츠,육상레저스포츠
포천,2023,6,2023-06,15,경기도,포천시,일동시외버스터미널,3348,포천 2023_06.csv,기타관광,교통시설
포천,2023,6,2023-06,16,경기도,포천시,일동레이크GC,3207,포천 2023_06.csv,레저스포츠,육상레저스포츠
포천,2023,6,2023-06,17,경기도,포천시,샴발라CC,2847,포천 2023_06.csv,레저스포츠,육상레저스포츠
포천,2023,6,2023-06,18,경기도,포천시,CGV포천,2719,포천 2023_06.csv,문화관광,공연시설
포천,2023,6,2023-06,19,경기도,포천시,포천한탄강하늘다리,2687,포천 2023_06.csv,기타관광,기타관광
포천,2023,6,2023-06,20,경기도,포천시,신북온천스프링폴,2613,포천 2023_06.csv,체험관광,웰니스관광
포천,2023,6,2023-06,21,경기도,포천시,락가든GC,1638,포천 2023_06.csv,레저스포츠,육상레저스포츠
포천,2023,6,2023-06,22,경기도,포천시,낭만닥터김사부촬영지,1583,포천 2023_06.csv,문화관광,기타문화관광지
포천,2023,6,2023-06,23,경기도,포천시,페리아도워터파크,1554,포천 2023_06.csv,문화관광,테마공원
포천,2023,6,2023-06,24,경기도,포천시,한탄강주상절리길1코스,1396,포천 2023_06.csv,레저스포츠,기타레저스포츠
포천,2023,6,2023-06,25,경기도,포천시,산정호수,1337,포천 2023_06.csv,자연관광,자연경관(하천/해양)
포천,2023,6,2023-06,26,경기도,포천시,호국금강사,1289,포천 2023_06.csv,역사관광,종교성지
포천,2023,6,2023-06,27,경기도,포천시,제일유황온천,1211,포천 2023_06.csv,체험관광,웰니스관광
포천,2023,6,2023-06,28,경기도,포천시,어메이징파크,1142,포천 2023_06.csv,문화관광,전시시설
포천,2023,6,2023-06,29,경기도,포천시,평강랜드,1129,포천 2023_06.csv,문화관광,테마공원
포천,2023,6,2023-06,30,경기도,포천시,포천아도니스퍼블릭CC,1120,포천 2023_06.csv,레저스포츠,육상레저스포츠
포천,2023,6,2023-06,31,경기도,포천시,산사원,1115,포천 2023_06.csv,문화관광,전시시설
포천,2023,6,2023-06,32,경기도,포천시,베어스타운스키장휴업중,1086,포천 2023_06.csv,레저스포츠,육상레저스포츠
포천,2023,6,2023-06,33,경기도,포천시,포천시외버스터미널,1056,포천 2023_06.csv,기타관광,교통시설
포천,2023,6,2023-06,34,경기도,포천시,송우시외버스터미널,1044,포천 2023_06.csv,기타관광,교통시설
포천,2023,6,2023-06,35,경기도,포천시,동교낚시터,1010,포천 2023_06.csv,레저스포츠,수상레저스포츠
포천,2023,6,2023-06,36,경기도,포천시,포천반월아트홀,976,포천 2023_06.csv,문화관광,공연시설
포천,2023,6,2023-06,37,경기도,포천시,고모저수지,865,포천 2023_06.csv,자연관광,자연경관(하천/해양)
포천,2023,6,2023-06,38,경기도,포천시,포천블루파크,853,포천 2023_06.csv,문화관광,테마공원
포천,2023,6,2023-06,39,경기도,포천시,운악산자연휴양림,824,포천 2023_06.csv,자연관광,자연공원
포천,2023,6,2023-06,40,경기도,포천시,밤밭낚시터,768,포천 2023_06.csv,레저스포츠,수상레저스포츠
포천,2023,6,2023-06,41,경기도,포천시,서운동산,721,포천 2023_06.csv,문화관광,복합관광시설
포천,2023,6,2023-06,42,경기도,포천시,주파크,641,포천 2023_06.csv,문화관광,테마공원
포천,2023,6,2023-06,43,경기도,포천시,초원낚시터,622,포천 2023_06.csv,레저스포츠,수상레저스포츠
포천,2023,6,2023-06,44,경기도,포천시,가산낚시터,599,포천 2023_06.csv,레저스포츠,수상레저스포츠
포천,2023,6,2023-06,45,경기도,포천시,내촌낚시터,596,포천 2023_06.csv,레저스포츠,수상레저스포츠
포천,2023,6,2023-06,46,경기도,포천시,쌍방죽낚시터,574,포천 2023_06.csv,레저스포츠,수상레저스포츠
포천,2023,6,2023-06,47,경기도,포천시,깊이울유원지,570,포천 2023_06.csv,문화관광,복합관광시설
포천,2023,6,2023-06,48,경기도,포천시,마전낚시터,560,포천 2023_06.csv,레저스포츠,수상레저스포츠
포천,2023,6,2023-06,49,경기도,포천시,천보산자연휴양림,551,포천 2023_06.csv,자연관광,자연공원
포천,2023,6,2023-06,50,경기도,포천시,포천5일장,532,포천 2023_06.csv,쇼핑,시장
포천,2023,6,2023-06,51,경기도,포천시,한탄강지질공원센터,483,포천 2023_06.csv,문화관광,전시시설
포천,2023,6,2023-06,52,경기도,포천시,백운계곡유원지,425,포천 2023_06.csv,문화관광,복합관광시설
포천,2023,6,2023-06,53,경기도,포천시,포천축구공원,415,포천 2023_06.csv,문화관광,도시공원
포천,2023,6,2023-06,54,경기도,포천시,백운계곡,408,포천 2023_06.csv,자연관광,자연경관(산)
포천,2023,6,2023-06,55,경기도,포천시,포천수원산정상전망대,369,포천 2023_06.csv,문화관광,랜드마크관광
포천,2023,6,2023-06,56,경기도,포천시,도성사,357,포천 2023_06.csv,역사관광,종교성지
포천,2023,6,2023-06,57,경기도,포천시,포천하늘아래치유의숲,321,포천 2023_06.csv,기타관광,기타관광
포천,2023,6,2023-06,58,경기도,포천시,황금낚시터,301,포천 2023_06.csv,레저스포츠,수상레저스포츠
포천,2023,6,2023-06,59,경기도,포천시,국망봉자연휴양림,285,포천 2023_06.csv,자연관광,자연공원
포천,2023,6,2023-06,60,경기도,포천시,포천야구장,276,포천 2023_06.csv,문화관광,레저스포츠시설
포천,2023,6,2023-06,61,경기도,포천시,포천종합운동장보조구장,272,포천 2023_06.csv,문화관광,레저스포츠시설
포천,2023,6,2023-06,62,경기도,포천시,길명낚시공원,255,포천 2023_06.csv,레저스포츠,수상레저스포츠
포천,2023,6,2023-06,63,경기도,포천시,운천낚시공원,223,포천 2023_06.csv,레저스포츠,수상레저스포츠
포천,2023,6,2023-06,64,경기도,포천시,흥룡사,221,포천 2023_06.csv,역사관광,종교성지
포천,2023,6,2023-06,65,경기도,포천시,소흘생활체육공원,203,포천 2023_06.csv,문화관광,도시공원
포천,2023,6,2023-06,66,경기도,포천시,포천스포츠센터,200,포천 2023_06.csv,레저스포츠,기타레저스포츠
포천,2023,6,2023-06,67,경기도,포천시,광릉수목원자동차극장,196,포천 2023_06.csv,문화관광,공연시설
포천,2023,6,2023-06,68,경기도,포천시,직두리낚시터,190,포천 2023_06.csv,레저스포츠,수상레저스포츠
포천,2023,6,2023-06,69,경기도,포천시,왕산사,189,포천 2023_06.csv,역사관광,종교성지
포천,2023,6,2023-06,70,경기도,포천시,포천신읍시장,183,포천 2023_06.csv,쇼핑,시장
포천,2023,6,2023-06,71,경기도,포천시,새마을낚시터,182,포천 2023_06.csv,레저스포츠,수상레저스포츠
포천,2023,6,2023-06,72,경기도,포천시,금주낚시터,176,포천 2023_06.csv,레저스포츠,수상레저스포츠
포천,2023,6,2023-06,73,경기도,포천시,포천자동차극장,175,포천 2023_06.csv,문화관광,공연시설
포천,2023,6,2023-06,74,경기도,포천시,포천패션타운,174,포천 2023_06.csv,쇼핑,쇼핑몰
포천,2023,6,2023-06,75,경기도,포천시,클라우드시네마,170,포천 2023_06.csv,문화관광,공연시설
포천,2023,6,2023-06,76,경기도,포천시,아프리카예술박물관,168,포천 2023_06.csv,문화관광,전시시설
포천,2023,6,2023-06,77,경기도,포천시,도리돌문화교류센터,165,포천 2023_06.csv,레저스포츠,기타레저스포츠
포천,2023,6,2023-06,78,경기도,포천시,가농바이오농장,164,포천 2023_06.csv,체험관광,농/산/어촌체험
포천,2023,6,2023-06,79,경기도,포천시,지장산계곡,161,포천 2023_06.csv,자연관광,자연경관(산)
포천,2023,6,2023-06,80,경기도,포천시,수목원프로방스,158,포천 2023_06.csv,자연관광,자연공원
포천,2023,6,2023-06,81,경기도,포천시,무네미낚시터,155,포천 2023_06.csv,레저스포츠,수상레저스포츠
포천,2023,6,2023-06,82,경기도,포천시,산정랜드,146,포천 2023_06.csv,문화관광,복합관광시설
포천,2023,6,2023-06,83,경기도,포천시,용담대물낚시터,138,포천 2023_06.csv,레저스포츠,수상레저스포츠
포천,2023,6,2023-06,84,경기도,포천시,설운체육공원,131,포천 2023_06.csv,문화관광,도시공원
포천,2023,6,2023-06,85,경기도,포천시,수목원낚시터,118,포천 2023_06.csv,레저스포츠,수상레저스포츠
포천,2023,6,2023-06,86,경기도,포천시,한화리조트산정호수온천,117,포천 2023_06.csv,체험관광,웰니스관광
포천,2023,6,2023-06,87,경기도,포천시,나남수목원,116,포천 2023_06.csv,자연관광,자연공원
포천,2023,6,2023-06,88,경기도,포천시,포천염광수련원,111,포천 2023_06.csv,레저스포츠,육상레저스포츠
포천,2023,6,2023-06,89,경기도,포천시,도마치계곡유원지,109,포천 2023_06.csv,문화관광,복합관광시설
포천,2023,6,2023-06,90,경기도,포천시,운천재래시장,102,포천 2023_06.csv,쇼핑,시장
포천,2023,6,2023-06,91,경기도,포천시,축석고개,98,포천 2023_06.csv,자연관광,자연경관(산)
포천,2023,6,2023-06,92,경기도,포천시,황새목낚시터,92,포천 2023_06.csv,레저스포츠,수상레저스포츠
포천,2023,6,2023-06,93,경기도,포천시,송우공설시장,91,포천 2023_06.csv,쇼핑,시장
포천,2023,6,2023-06,94,경기도,포천시,프로방스빌리지수영장,89,포천 2023_06.csv,문화관광,테마공원
포천,2023,6,2023-06,94,경기도,포천시,일동시장,89,포천 2023_06.csv,쇼핑,시장
포천,2023,6,2023-06,96,경기도,포천시,구담사,88,포천 2023_06.csv,역사관광,종교성지
포천,2023,6,2023-06,96,경기도,포천시,청성역사공원,88,포천 2023_06.csv,문화관광,도시공원
포천,2023,6,2023-06,98,경기도,포천시,한탄강주상절리길3코스,77,포천 2023_06.csv,레저스포츠,기타레저스포츠
포천,2023,6,2023-06,99,경기도,포천시,모돈갤러리,71,포천 2023_06.csv,문화관광,전시시설
포천,2023,6,2023-06,100,경기도,포천시,자인사,69,포천 2023_06.csv,역사관광,종교성지
포천,2023,6,2023-06,101,경기도,포천시,청한베이스볼파크,64,포천 2023_06.csv,문화관광,레저스포츠시설
포천,2023,6,2023-06,102,경기도,포천시,수목원고모호수공원,63,포천 2023_06.csv,문화관광,도시공원
포천,2023,6,2023-06,103,경기도,포천시,우금낚시공원,61,포천 2023_06.csv,레저스포츠,수상레저스포츠
포천,2023,6,2023-06,103,경기도,포천시,멍우리협곡,61,포천 2023_06.csv,자연관광,자연경관(산)
포천,2023,6,2023-06,105,경기도,포천시,지청낚시터,58,포천 2023_06.csv,레저스포츠,수상레저스포츠
포천,2023,6,2023-06,106,경기도,포천시,갈월버섯농장,56,포천 2023_06.csv,체험관광,농/산/어촌체험
포천,2023,6,2023-06,107,경기도,포천시,레이크밸리 승마클럽,55,포천 2023_06.csv,레저스포츠,기타레저스포츠
포천,2023,6,2023-06,107,경기도,포천시,가산저수지,55,포천 2023_06.csv,자연관광,자연경관(하천/해양)
포천,2023,6,2023-06,109,경기도,포천시,냉정저수지,54,포천 2023_06.csv,자연관광,자연경관(하천/해양)
포천,2023,6,2023-06,110,경기도,포천시,한탄강생태경관단지,53,포천 2023_06.csv,문화관광,도시공원
포천,2023,6,2023-06,110,경기도,포천시,Y스포츠센터,53,포천 2023_06.csv,레저스포츠,기타레저스포츠
포천,2023,6,2023-06,110,경기도,포천시,태산낚시터,53,포천 2023_06.csv,레저스포츠,수상레저스포츠
포천,2023,6,2023-06,113,경기도,포천시,천주호,52,포천 2023_06.csv,자연관광,자연경관(하천/해양)
포천,2023,6,2023-06,114,경기도,포천시,한탄강팔호유원지,47,포천 2023_06.csv,문화관광,복합관광시설
포천,2023,6,2023-06,114,경기도,포천시,메향낚시터,47,포천 2023_06.csv,레저스포츠,수상레저스포츠
포천,2023,6,2023-06,116,경기도,포천시,코버월드,44,포천 2023_06.csv,문화관광,전시시설
포천,2023,6,2023-06,116,경기도,포천시,포천파크골프장,44,포천 2023_06.csv,레저스포츠,기타레저스포츠
포천,2023,6,2023-06,118,경기도,포천시,포천가구공단,42,포천 2023_06.csv,쇼핑,기타쇼핑시설
포천,2023,6,2023-06,119,경기도,포천시,포천화적연,39,포천 2023_06.csv,자연관광,자연경관(하천/해양)
포천,2023,6,2023-06,120,경기도,포천시,광암이벽유적지,38,포천 2023_06.csv,역사관광,역사유적지
포천,2023,6,2023-06,120,경기도,포천시,청계지,38,포천 2023_06.csv,자연관광,자연경관(하천/해양)
포천,2023,6,2023-06,122,경기도,포천시,포천아트밸리천문과학관,37,포천 2023_06.csv,문화관광,전시시설
포천,2023,6,2023-06,122,경기도,포천시,교동가마소,37,포천 2023_06.csv,기타관광,기타관광
포천,2023,6,2023-06,124,경기도,포천시,백로주유원지,36,포천 2023_06.csv,문화관광,복합관광시설
포천,2023,6,2023-06,125,경기도,포천시,화엄사,35,포천 2023_06.csv,역사관광,종교성지
포천,2023,6,2023-06,126,경기도,포천시,금룡사,34,포천 2023_06.csv,역사관광,종교성지
포천,2023,6,2023-06,127,경기도,포천시,국립산림박물관,33,포천 2023_06.csv,문화관광,전시시설
포천,2023,6,2023-06,127,경기도,포천시,호스랜드승마클럽,33,포천 2023_06.csv,레저스포츠,육상레저스포츠
포천,2023,6,2023-06,127,경기도,포천시,동화사,33,포천 2023_06.csv,역사관광,종교성지
포천,2023,6,2023-06,130,경기도,포천시,운악레저타운,32,포천 2023_06.csv,레저스포츠,기타레저스포츠
포천,2023,6,2023-06,131,경기도,포천시,유식물원,31,포천 2023_06.csv,문화관광,테마공원
포천,2023,6,2023-06,131,경기도,포천시,다래레저,31,포천 2023_06.csv,레저스포츠,수상레저스포츠
포천,2023,6,2023-06,133,경기도,포천시,평화나무농장,29,포천 2023_06.csv,체험관광,농/산/어촌체험
포천,2023,6,2023-06,134,경기도,포천시,금주저수지,27,포천 2023_06.csv,자연관광,자연경관(하천/해양)
포천,2023,6,2023-06,134,경기도,포천시,약천사,27,포천 2023_06.csv,역사관광,종교성지
포천,2023,6,2023-06,136,경기도,포천시,소우주도자기공방,26,포천 2023_06.csv,체험관광,공예체험
포천,2023,6,2023-06,136,경기도,포천시,이항복선생묘,26,포천 2023_06.csv,역사관광,역사유적지
포천,2023,6,2023-06,138,경기도,포천시,포천용담저수지,25,포천 2023_06.csv,자연관광,자연경관(하천/해양)
포천,2023,6,2023-06,139,경기도,포천시,한탄강테마파크,24,포천 2023_06.csv,문화관광,테마공원
포천,2023,6,2023-06,139,경기도,포천시,충목단,24,포천 2023_06.csv,역사관광,역사유적지
포천,2023,6,2023-06,139,경기도,포천시,한과문화박물관,24,포천 2023_06.csv,문화관광,전시시설
포천,2023,6,2023-06,139,경기도,포천시,보문정사,24,포천 2023_06.csv,역사관광,종교성지
포천,2023,6,2023-06,139,경기도,포천시,허브아일랜드불빛동화축제,24,포천 2023_06.csv,문화관광,기타문화관광지
포천,2023,6,2023-06,144,경기도,포천시,운악산,21,포천 2023_06.csv,자연관광,자연경관(산)
포천,2023,6,2023-06,144,경기도,포천시,한탄임진강지질공원,21,포천 2023_06.csv,문화관광,도시공원
포천,2023,6,2023-06,144,경기도,포천시,도연암,21,포천 2023_06.csv,역사관광,종교성지
포천,2023,6,2023-06,147,경기도,포천시,포천허브아일랜드 자동차극장,20,포천 2023_06.csv,문화관광,공연시설
포천,2023,6,2023-06,147,경기도,포천시,포천반월성,20,포천 2023_06.csv,역사관광,역사유적지
포천,2023,6,2023-06,147,경기도,포천시,영평천,20,포천 2023_06.csv,자연관광,자연공원
포천,2023,6,2023-06,147,경기도,포천시,한탄강야생화공원,20,포천 2023_06.csv,문화관광,도시공원
포천,2023,6,2023-06,147,경기도,포천시,천주사,20,포천 2023_06.csv,역사관광,종교성지
포천,2023,6,2023-06,152,경기도,포천시,포천직두리의부부송,18,포천 2023_06.csv,역사관광,역사유적지
포천,2023,6,2023-06,153,경기도,포천시,가람누리문화공원전망대,17,포천 2023_06.csv,문화관광,랜드마크관광
포천,2023,6,2023-06,153,경기도,포천시,광릉분재예술공원,17,포천 2023_06.csv,문화관광,도시공원
포천,2023,6,2023-06,153,경기도,포천시,성불암,17,포천 2023_06.csv,역사관광,종교성지
포천,2023,6,2023-06,153,경기도,포천시,성불사,17,포천 2023_06.csv,역사관광,종교성지
포천,2023,6,2023-06,153,경기도,포천시,옥병서원,17,포천 2023_06.csv,역사관광,역사유적지
포천,2023,6,2023-06,158,경기도,포천시,소흘생활체육공원인공암벽장,16,포천 2023_06.csv,레저스포츠,기타레저스포츠
포천,2023,6,2023-06,158,경기도,포천시,산정호수조각공원,16,포천 2023_06.csv,문화관광,도시공원
포천,2023,6,2023-06,158,경기도,포천시,베어스타운CC휴업중,16,포천 2023_06.csv,레저스포츠,육상레저스포츠
포천,2023,6,2023-06,158,경기도,포천시,극락사,16,포천 2023_06.csv,역사관광,종교성지
포천,2023,6,2023-06,158,경기도,포천시,냉정낚시터,16,포천 2023_06.csv,레저스포츠,수상레저스포츠
포천,2023,6,2023-06,158,경기도,포천시,포천체육공원,16,포천 2023_06.csv,문화관광,도시공원
포천,2023,6,2023-06,158,경기도,포천시,포천아우라지베개용암,16,포천 2023_06.csv,기타관광,기타관광
포천,2023,6,2023-06,165,경기도,포천시,베스트원스포츠,15,포천 2023_06.csv,레저스포츠,기타레저스포츠
포천,2023,6,2023-06,165,경기도,포천시,부소천교,15,포천 2023_06.csv,기타관광,기타관광
포천,2023,6,2023-06,165,경기도,포천시,황금프라자,15,포천 2023_06.csv,쇼핑,쇼핑몰
포천,2023,6,2023-06,165,경기도,포천시,포천그린아울렛,15,포천 2023_06.csv,쇼핑,쇼핑몰
포천,2023,6,2023-06,165,경기도,포천시,도마치계곡,15,포천 2023_06.csv,자연관광,자연경관(산)
포천,2023,6,2023-06,165,경기도,포천시,도평리터미널,15,포천 2023_06.csv,기타관광,교통시설
포천,2023,6,2023-06,165,경기도,포천시,향적사,15,포천 2023_06.csv,역사관광,종교성지
포천,2023,6,2023-06,165,경기도,포천시,금불사,15,포천 2023_06.csv,역사관광,종교성지
포천,2023,6,2023-06,173,경기도,포천시,송일농장,14,포천 2023_06.csv,체험관광,농/산/어촌체험
포천,2023,6,2023-06,174,경기도,포천시,서운동산어린이동물농장,13,포천 2023_06.csv,기타관광,기타관광
포천,2023,6,2023-06,174,경기도,포천시,미륵박물관,13,포천 2023_06.csv,문화관광,전시시설
포천,2023,6,2023-06,174,경기도,포천시,복후미저수지,13,포천 2023_06.csv,자연관광,자연경관(하천/해양)
포천,2023,6,2023-06,174,경기도,포천시,지질트레일1코스,13,포천 2023_06.csv,레저스포츠,기타레저스포츠
포천,2023,6,2023-06,178,경기도,포천시,한내소극장,12,포천 2023_06.csv,문화관광,공연시설
포천,2023,6,2023-06,178,경기도,포천시,포천역사문화관,12,포천 2023_06.csv,문화관광,전시시설
포천,2023,6,2023-06,178,경기도,포천시,미트빌연합사업단,12,포천 2023_06.csv,쇼핑,시장
포천,2023,6,2023-06,178,경기도,포천시,동교하우스낚시터,12,포천 2023_06.csv,레저스포츠,수상레저스포츠
포천,2023,6,2023-06,178,경기도,포천시,오지재고개,12,포천 2023_06.csv,자연관광,자연경관(산)
포천,2023,6,2023-06,183,경기도,포천시,포천목공체험장,11,포천 2023_06.csv,문화관광,기타문화관광지
포천,2023,6,2023-06,183,경기도,포천시,천해사,11,포천 2023_06.csv,역사관광,종교성지
포천,2023,6,2023-06,185,경기도,포천시,한탄강주상절리길5코스,10,포천 2023_06.csv,레저스포츠,기타레저스포츠
포천,2023,6,2023-06,185,경기도,포천시,어하고개,10,포천 2023_06.csv,자연관광,자연경관(산)
포천,2023,6,2023-06,185,경기도,포천시,강포저수지,10,포천 2023_06.csv,자연관광,자연경관(하천/해양)
포천,2023,6,2023-06,185,경기도,포천시,태국군참전비,10,포천 2023_06.csv,역사관광,역사유물
포천,2023,6,2023-06,189,경기도,포천시,아딸농원,9,포천 2023_06.csv,체험관광,농/산/어촌체험
포천,2023,6,2023-06,189,경기도,포천시,루지월드베어스타운점,9,포천 2023_06.csv,레저스포츠,기타레저스포츠
포천,2023,6,2023-06,189,경기도,포천시,고모리수상레저,9,포천 2023_06.csv,레저스포츠,기타레저스포츠
포천,2023,6,2023-06,192,경기도,포천시,대수암,8,포천 2023_06.csv,역사관광,종교성지
포천,2023,6,2023-06,192,경기도,포천시,미륵사,8,포천 2023_06.csv,역사관광,종교성지
포천,2023,6,2023-06,192,경기도,포천시,향림사,8,포천 2023_06.csv,역사관광,종교성지
포천,2023,6,2023-06,192,경기도,포천시,키즈필포천송우점,8,포천 2023_06.csv,문화관광,테마공원
포천,2023,6,2023-06,196,경기도,포천시,법천사,7,포천 2023_06.csv,역사관광,종교성지
포천,2023,6,2023-06,196,경기도,포천시,자비사,7,포천 2023_06.csv,역사관광,종교성지
포천,2023,6,2023-06,196,경기도,포천시,홀스킹덤팜스테이,7,포천 2023_06.csv,레저스포츠,육상레저스포츠
포천,2023,6,2023-06,196,경기도,포천시,마홀축구장,7,포천 2023_06.csv,문화관광,레저스포츠시설
포천,2023,6,2023-06,196,경기도,포천시,백운낚시터,7,포천 2023_06.csv,레저스포츠,수상레저스포츠
포천,2023,6,2023-06,201,경기도,포천시,에덴농장,6,포천 2023_06.csv,체험관광,농/산/어촌체험
포천,2023,6,2023-06,201,경기도,포천시,임진농원,6,포천 2023_06.csv,체험관광,농/산/어촌체험
포천,2023,6,2023-06,201,경기도,포천시,일동금주산양어장,6,포천 2023_06.csv,체험관광,농/산/어촌체험
포천,2023,6,2023-06,201,경기도,포천시,엄마네다육,6,포천 2023_06.csv,체험관광,농/산/어촌체험
포천,2023,6,2023-06,201,경기도,포천시,포천하늘딸기농장,6,포천 2023_06.csv,체험관광,농/산/어촌체험
포천,2023,6,2023-06,201,경기도,포천시,털보낚시터,6,포천 2023_06.csv,레저스포츠,수상레저스포츠
포천,2023,6,2023-06,201,경기도,포천시,쌍불사,6,포천 2023_06.csv,역사관광,종교성지
포천,2023,6,2023-06,201,경기도,포천시,솔모루공원,6,포천 2023_06.csv,문화관광,도시공원
포천,2023,6,2023-06,201,경기도,포천시,능원관광낚시터,6,포천 2023_06.csv,레저스포츠,수상레저스포츠
포천,2023,6,2023-06,201,경기도,포천시,초가낚시터,6,포천 2023_06.csv,레저스포츠,수상레저스포츠
포천,2023,6,2023-06,201,경기도,포천시,포천향교,6,포천 2023_06.csv,역사관광,역사유적지
포천,2023,6,2023-06,201,경기도,포천시,근선목장,6,포천 2023_06.csv,체험관광,농/산/어촌체험
포천,2023,6,2023-06,201,경기도,포천시,포천레이스웨이,6,포천 2023_06.csv,레저스포츠,육상레저스포츠
포천,2023,6,2023-06,201,경기도,포천시,향원재,6,포천 2023_06.csv,역사관광,역사유적지
포천,2023,6,2023-06,201,경기도,포천시,육림호,6,포천 2023_06.csv,자연관광,자연경관(하천/해양)
포천,2023,6,2023-06,216,경기도,포천시,옹장굴,5,포천 2023_06.csv,체험관광,농/산/어촌체험
포천,2023,6,2023-06,216,경기도,포천시,대군정,5,포천 2023_06.csv,레저스포츠,육상레저스포츠
포천,2023,6,2023-06,216,경기도,포천시,천인계곡유원지,5,포천 2023_06.csv,문화관광,복합관광시설
포천,2023,6,2023-06,216,경기도,포천시,한탄강금빛사과농원,5,포천 2023_06.csv,체험관광,농/산/어촌체험
포천,2023,6,2023-06,220,경기도,포천시,명산아트힐,4,포천 2023_06.csv,문화관광,기타문화관광지
포천,2023,6,2023-06,220,경기도,포천시,한탄강주상절리길4코스,4,포천 2023_06.csv,레저스포츠,기타레저스포츠
포천,2023,6,2023-06,220,경기도,포천시,이벽생가터,4,포천 2023_06.csv,기타관광,기타관광
포천,2023,6,2023-06,220,경기도,포천시,포천작은말학교,4,포천 2023_06.csv,레저스포츠,육상레저스포츠
포천,2023,6,2023-06,220,경기도,포천시,관룡사,4,포천 2023_06.csv,역사관광,종교성지
포천,2023,6,2023-06,220,경기도,포천시,풍림농장,4,포천 2023_06.csv,체험관광,농/산/어촌체험
포천,2023,6,2023-06,220,경기도,포천시,선유담계곡,4,포천 2023_06.csv,자연관광,자연경관(산)
포천,2023,6,2023-06,220,경기도,포천시,백련사,4,포천 2023_06.csv,역사관광,종교성지
포천,2023,6,2023-06,220,경기도,포천시,내리공설시장,4,포천 2023_06.csv,쇼핑,시장
포천,2023,6,2023-06,220,경기도,포천시,양문공설시장,4,포천 2023_06.csv,쇼핑,시장
포천,2023,6,2023-06,220,경기도,포천시,수원사,4,포천 2023_06.csv,역사관광,종교성지
포천,2023,6,2023-06,220,경기도,포천시,왕방산,4,포천 2023_06.csv,자연관광,자연경관(산)
포천,2023,6,2023-06,220,경기도,포천시,대안사,4,포천 2023_06.csv,역사관광,종교성지
포천,2023,6,2023-06,220,경기도,포천시,백운산,4,포천 2023_06.csv,자연관광,자연경관(산)
포천,2023,6,2023-06,220,경기도,포천시,포천운산리자연생태공원,4,포천 2023_06.csv,문화관광,도시공원
포천,2023,6,2023-06,220,경기도,포천시,사직리축구장,4,포천 2023_06.csv,문화관광,레저스포츠시설
포천,2023,6,2023-06,220,경기도,포천시,영천목장,4,포천 2023_06.csv,체험관광,농/산/어촌체험
포천,2023,6,2023-06,220,경기도,포천시,일동어린이공원,4,포천 2023_06.csv,문화관광,도시공원
포천,2023,6,2023-06,220,경기도,포천시,천은사,4,포천 2023_06.csv,역사관광,종교성지
포천,2023,6,2023-06,239,경기도,포천시,자이언트복싱짐,3,포천 2023_06.csv,레저스포츠,기타레저스포츠
포천,2023,6,2023-06,239,경기도,포천시,믿음농장,3,포천 2023_06.csv,체험관광,농/산/어촌체험
포천,2023,6,2023-06,239,경기도,포천시,기원정사,3,포천 2023_06.csv,역사관광,종교성지
포천,2023,6,2023-06,239,경기도,포천시,관음사,3,포천 2023_06.csv,역사관광,종교성지
포천,2023,6,2023-06,239,경기도,포천시,포천38문화예술창작소공사중(2023년개관예정),3,포천 2023_06.csv,문화관광,기타문화관광지
포천,2023,6,2023-06,239,경기도,포천시,하늘밭농원,3,포천 2023_06.csv,체험관광,농/산/어촌체험
포천,2023,6,2023-06,239,경기도,포천시,포테톨리스튜디오,3,포천 2023_06.csv,체험관광,공예체험
포천,2023,6,2023-06,239,경기도,포천시,무봉리족구장,3,포천 2023_06.csv,레저스포츠,기타레저스포츠
포천,2023,6,2023-06,239,경기도,포천시,화산서원,3,포천 2023_06.csv,역사관광,역사유적지
포천,2023,6,2023-06,239,경기도,포천시,인평대군묘및신도비,3,포천 2023_06.csv,역사관광,역사유적지
포천,2023,6,2023-06,239,경기도,포천시,법왕사,3,포천 2023_06.csv,역사관광,종교성지
포천,2023,6,2023-06,239,경기도,포천시,허브와야생화마을,3,포천 2023_06.csv,문화관광,테마공원
포천,2023,6,2023-06,239,경기도,포천시,전운사,3,포천 2023_06.csv,역사관광,종교성지
포천,2023,6,2023-06,239,경기도,포천시,보성암,3,포천 2023_06.csv,역사관광,종교성지
포천,2023,6,2023-06,239,경기도,포천시,만덕사,3,포천 2023_06.csv,역사관광,종교성지
포천,2023,6,2023-06,239,경기도,포천시,봉운사,3,포천 2023_06.csv,역사관광,종교성지
포천,2023,6,2023-06,239,경기도,포천시,직동낚시터,3,포천 2023_06.csv,레저스포츠,수상레저스포츠
포천,2023,6,2023-06,239,경기도,포천시,고산식물원,3,포천 2023_06.csv,문화관광,테마공원
포천,2023,6,2023-06,239,경기도,포천시,금수정,3,포천 2023_06.csv,역사관광,역사유적지
포천,2023,6,2023-06,239,경기도,포천시,산정호수허브식물원,3,포천 2023_06.csv,문화관광,테마공원
포천,2023,6,2023-06,239,경기도,포천시,운주사,3,포천 2023_06.csv,역사관광,종교성지
포천,2023,6,2023-06,239,경기도,포천시,삼정계곡,3,포천 2023_06.csv,문화관광,복합관광시설
포천,2023,6,2023-06,239,경기도,포천시,축구장소흘생활체육공원,3,포천 2023_06.csv,문화관광,레저스포츠시설
포천,2023,6,2023-06,239,경기도,포천시,중리저수지,3,포천 2023_06.csv,자연관광,자연경관(하천/해양)
포천,2023,6,2023-06,239,경기도,포천시,옛뜰애관광농원,3,포천 2023_06.csv,체험관광,농/산/어촌체험
포천,2023,6,2023-06,239,경기도,포천시,소야사과농장,3,포천 2023_06.csv,체험관광,농/산/어촌체험
포천,2023,6,2023-06,239,경기도,포천시,승법사,3,포천 2023_06.csv,역사관광,종교성지
포천,2023,6,2023-06,239,경기도,포천시,화현저수지,3,포천 2023_06.csv,자연관광,자연경관(하천/해양)
포천,2023,6,2023-06,239,경기도,포천시,중리테마파크낚시터,3,포천 2023_06.csv,레저스포츠,수상레저스포츠
포천,2023,6,2023-06,239,경기도,포천시,애플빌리지,3,포천 2023_06.csv,체험관광,농/산/어촌체험
포천,2023,6,2023-06,239,경기도,포천시,장암저수지,3,포천 2023_06.csv,자연관광,자연경관(하천/해양)
포천,2023,6,2023-06,239,경기도,포천시,서광사,3,포천 2023_06.csv,역사관광,종교성지
포천,2023,6,2023-06,239,경기도,포천시,김비서가왜그럴까촬영지,3,포천 2023_06.csv,문화관광,기타문화관광지
포천,2023,6,2023-06,239,경기도,포천시,솥다리지,3,포천 2023_06.csv,자연관광,자연경관(하천/해양)
포천,2023,6,2023-06,239,경기도,포천시,육사생도6.25참전기념비,3,포천 2023_06.csv,역사관광,역사유물
포천,2023,7,2023-07,1,경기도,포천시,포천힐마루CC,9085,포천 2023_07.csv,레저스포츠,육상레저스포츠
포천,2023,7,2023-07,2,경기도,포천시,포천힐스CC,8244,포천 2023_07.csv,레저스포츠,육상레저스포츠
포천,2023,7,2023-07,3,경기도,포천시,국립수목원,8108,포천 2023_07.csv,문화관광,테마공원
포천,2023,7,2023-07,4,경기도,포천시,베어크리크GC,7884,포천 2023_07.csv,레저스포츠,육상레저스포츠
포천,2023,7,2023-07,5,경기도,포천시,대유몽베르CC,7391,포천 2023_07.csv,레저스포츠,육상레저스포츠
포천,2023,7,2023-07,6,경기도,포천시,푸른솔GC포천,6223,포천 2023_07.csv,레저스포츠,육상레저스포츠
포천,2023,7,2023-07,7,경기도,포천시,포레스트힐CC,6081,포천 2023_07.csv,레저스포츠,육상레저스포츠
포천,2023,7,2023-07,8,경기도,포천시,라싸GC,5979,포천 2023_07.csv,레저스포츠,육상레저스포츠
포천,2023,7,2023-07,9,경기도,포천시,포천아도니스CC,5390,포천 2023_07.csv,레저스포츠,육상레저스포츠
포천,2023,7,2023-07,10,경기도,포천시,필로스GC,5119,포천 2023_07.csv,레저스포츠,육상레저스포츠
포천,2023,7,2023-07,11,경기도,포천시,포천아트밸리,5093,포천 2023_07.csv,문화관광,공연시설
포천,2023,7,2023-07,12,경기도,포천시,비둘기낭폭포,4380,포천 2023_07.csv,자연관광,자연경관(산)
포천,2023,7,2023-07,13,경기도,포천시,일동시외버스터미널,3490,포천 2023_07.csv,기타관광,교통시설
포천,2023,7,2023-07,14,경기도,포천시,일동레이크GC,3183,포천 2023_07.csv,레저스포츠,육상레저스포츠
포천,2023,7,2023-07,15,경기도,포천시,신북온천스프링폴,3178,포천 2023_07.csv,체험관광,웰니스관광
포천,2023,7,2023-07,16,경기도,포천시,참밸리컨트리클럽,3140,포천 2023_07.csv,레저스포츠,육상레저스포츠
포천,2023,7,2023-07,17,경기도,포천시,허브아일랜드,2682,포천 2023_07.csv,체험관광,농/산/어촌체험
포천,2023,7,2023-07,18,경기도,포천시,CGV포천,2189,포천 2023_07.csv,문화관광,공연시설
포천,2023,7,2023-07,19,경기도,포천시,페리아도워터파크,1952,포천 2023_07.csv,문화관광,테마공원
포천,2023,7,2023-07,20,경기도,포천시,포천한탄강하늘다리,1873,포천 2023_07.csv,기타관광,기타관광
포천,2023,7,2023-07,21,경기도,포천시,샴발라CC,1763,포천 2023_07.csv,레저스포츠,육상레저스포츠
포천,2023,7,2023-07,22,경기도,포천시,포천블루파크,1620,포천 2023_07.csv,문화관광,테마공원
포천,2023,7,2023-07,23,경기도,포천시,제일유황온천,1237,포천 2023_07.csv,체험관광,웰니스관광
포천,2023,7,2023-07,24,경기도,포천시,백운계곡유원지,1121,포천 2023_07.csv,문화관광,복합관광시설
포천,2023,7,2023-07,25,경기도,포천시,송우시외버스터미널,1112,포천 2023_07.csv,기타관광,교통시설
포천,2023,7,2023-07,26,경기도,포천시,베어스타운스키장휴업중,1068,포천 2023_07.csv,레저스포츠,육상레저스포츠
포천,2023,7,2023-07,27,경기도,포천시,포천시외버스터미널,1019,포천 2023_07.csv,기타관광,교통시설
포천,2023,7,2023-07,28,경기도,포천시,락가든GC,1009,포천 2023_07.csv,레저스포츠,육상레저스포츠
포천,2023,7,2023-07,29,경기도,포천시,동교낚시터,980,포천 2023_07.csv,레저스포츠,수상레저스포츠
포천,2023,7,2023-07,29,경기도,포천시,낭만닥터김사부촬영지,980,포천 2023_07.csv,문화관광,기타문화관광지
포천,2023,7,2023-07,31,경기도,포천시,산사원,932,포천 2023_07.csv,문화관광,전시시설
포천,2023,7,2023-07,32,경기도,포천시,호국금강사,925,포천 2023_07.csv,역사관광,종교성지
포천,2023,7,2023-07,33,경기도,포천시,운악산자연휴양림,835,포천 2023_07.csv,자연관광,자연공원
포천,2023,7,2023-07,34,경기도,포천시,한탄강주상절리길1코스,829,포천 2023_07.csv,레저스포츠,기타레저스포츠
포천,2023,7,2023-07,35,경기도,포천시,포천아도니스퍼블릭CC,798,포천 2023_07.csv,레저스포츠,육상레저스포츠
포천,2023,7,2023-07,36,경기도,포천시,어메이징파크,771,포천 2023_07.csv,문화관광,전시시설
포천,2023,7,2023-07,37,경기도,포천시,깊이울유원지,761,포천 2023_07.csv,문화관광,복합관광시설
포천,2023,7,2023-07,38,경기도,포천시,지장산계곡,729,포천 2023_07.csv,자연관광,자연경관(산)
포천,2023,7,2023-07,39,경기도,포천시,밤밭낚시터,721,포천 2023_07.csv,레저스포츠,수상레저스포츠
포천,2023,7,2023-07,40,경기도,포천시,초원낚시터,668,포천 2023_07.csv,레저스포츠,수상레저스포츠
포천,2023,7,2023-07,41,경기도,포천시,주파크,646,포천 2023_07.csv,문화관광,테마공원
포천,2023,7,2023-07,42,경기도,포천시,백운계곡,635,포천 2023_07.csv,자연관광,자연경관(산)
포천,2023,7,2023-07,43,경기도,포천시,가산낚시터,572,포천 2023_07.csv,레저스포츠,수상레저스포츠
포천,2023,7,2023-07,44,경기도,포천시,천보산자연휴양림,559,포천 2023_07.csv,자연관광,자연공원
포천,2023,7,2023-07,45,경기도,포천시,산정호수,530,포천 2023_07.csv,자연관광,자연경관(하천/해양)
포천,2023,7,2023-07,46,경기도,포천시,한탄강지질공원센터,529,포천 2023_07.csv,문화관광,전시시설
포천,2023,7,2023-07,47,경기도,포천시,쌍방죽낚시터,519,포천 2023_07.csv,레저스포츠,수상레저스포츠
포천,2023,7,2023-07,48,경기도,포천시,포천이동갈비바베큐축제,517,포천 2023_07.csv,문화관광,기타문화관광지
포천,2023,7,2023-07,49,경기도,포천시,포천반월아트홀,514,포천 2023_07.csv,문화관광,공연시설
포천,2023,7,2023-07,50,경기도,포천시,내촌낚시터,511,포천 2023_07.csv,레저스포츠,수상레저스포츠
포천,2023,7,2023-07,51,경기도,포천시,마전낚시터,494,포천 2023_07.csv,레저스포츠,수상레저스포츠
포천,2023,7,2023-07,52,경기도,포천시,평강랜드,430,포천 2023_07.csv,문화관광,테마공원
포천,2023,7,2023-07,53,경기도,포천시,흥룡사,408,포천 2023_07.csv,역사관광,종교성지
포천,2023,7,2023-07,54,경기도,포천시,서운동산,368,포천 2023_07.csv,문화관광,복합관광시설
포천,2023,7,2023-07,55,경기도,포천시,도성사,367,포천 2023_07.csv,역사관광,종교성지
포천,2023,7,2023-07,56,경기도,포천시,프로방스빌리지수영장,360,포천 2023_07.csv,문화관광,테마공원
포천,2023,7,2023-07,57,경기도,포천시,길명낚시공원,341,포천 2023_07.csv,레저스포츠,수상레저스포츠
포천,2023,7,2023-07,58,경기도,포천시,포천5일장,335,포천 2023_07.csv,쇼핑,시장
포천,2023,7,2023-07,59,경기도,포천시,포천수원산정상전망대,319,포천 2023_07.csv,문화관광,랜드마크관광
포천,2023,7,2023-07,60,경기도,포천시,황금낚시터,307,포천 2023_07.csv,레저스포츠,수상레저스포츠
포천,2023,7,2023-07,61,경기도,포천시,포천염광수련원,302,포천 2023_07.csv,레저스포츠,육상레저스포츠
포천,2023,7,2023-07,62,경기도,포천시,수목원프로방스,281,포천 2023_07.csv,자연관광,자연공원
포천,2023,7,2023-07,63,경기도,포천시,운천낚시공원,277,포천 2023_07.csv,레저스포츠,수상레저스포츠
포천,2023,7,2023-07,64,경기도,포천시,소흘생활체육공원,270,포천 2023_07.csv,문화관광,도시공원
포천,2023,7,2023-07,65,경기도,포천시,고모저수지,248,포천 2023_07.csv,자연관광,자연경관(하천/해양)
포천,2023,7,2023-07,66,경기도,포천시,새마을낚시터,244,포천 2023_07.csv,레저스포츠,수상레저스포츠
포천,2023,7,2023-07,67,경기도,포천시,도리돌문화교류센터,214,포천 2023_07.csv,레저스포츠,기타레저스포츠
포천,2023,7,2023-07,68,경기도,포천시,국망봉자연휴양림,212,포천 2023_07.csv,자연관광,자연공원
포천,2023,7,2023-07,69,경기도,포천시,광릉수목원자동차극장,206,포천 2023_07.csv,문화관광,공연시설
포천,2023,7,2023-07,70,경기도,포천시,직두리낚시터,204,포천 2023_07.csv,레저스포츠,수상레저스포츠
포천,2023,7,2023-07,71,경기도,포천시,포천스포츠센터,188,포천 2023_07.csv,레저스포츠,기타레저스포츠
포천,2023,7,2023-07,72,경기도,포천시,가농바이오농장,183,포천 2023_07.csv,체험관광,농/산/어촌체험
포천,2023,7,2023-07,73,경기도,포천시,도마치계곡유원지,179,포천 2023_07.csv,문화관광,복합관광시설
포천,2023,7,2023-07,74,경기도,포천시,포천패션타운,152,포천 2023_07.csv,쇼핑,쇼핑몰
포천,2023,7,2023-07,75,경기도,포천시,포천축구공원,151,포천 2023_07.csv,문화관광,도시공원
포천,2023,7,2023-07,76,경기도,포천시,한과문화박물관,140,포천 2023_07.csv,문화관광,전시시설
포천,2023,7,2023-07,77,경기도,포천시,용담대물낚시터,120,포천 2023_07.csv,레저스포츠,수상레저스포츠
포천,2023,7,2023-07,78,경기도,포천시,산정랜드,119,포천 2023_07.csv,문화관광,복합관광시설
포천,2023,7,2023-07,79,경기도,포천시,아프리카예술박물관,118,포천 2023_07.csv,문화관광,전시시설
포천,2023,7,2023-07,80,경기도,포천시,왕산사,114,포천 2023_07.csv,역사관광,종교성지
포천,2023,7,2023-07,81,경기도,포천시,한화리조트산정호수온천,102,포천 2023_07.csv,체험관광,웰니스관광
포천,2023,7,2023-07,81,경기도,포천시,포천야구장,102,포천 2023_07.csv,문화관광,레저스포츠시설
포천,2023,7,2023-07,83,경기도,포천시,설운체육공원,101,포천 2023_07.csv,문화관광,도시공원
포천,2023,7,2023-07,84,경기도,포천시,수목원낚시터,100,포천 2023_07.csv,레저스포츠,수상레저스포츠
포천,2023,7,2023-07,85,경기도,포천시,무네미낚시터,98,포천 2023_07.csv,레저스포츠,수상레저스포츠
포천,2023,7,2023-07,85,경기도,포천시,포천하늘아래치유의숲,98,포천 2023_07.csv,기타관광,기타관광
포천,2023,7,2023-07,85,경기도,포천시,클라우드시네마,98,포천 2023_07.csv,문화관광,공연시설
포천,2023,7,2023-07,88,경기도,포천시,포천자동차극장,91,포천 2023_07.csv,문화관광,공연시설
포천,2023,7,2023-07,89,경기도,포천시,송우공설시장,88,포천 2023_07.csv,쇼핑,시장
포천,2023,7,2023-07,89,경기도,포천시,운천재래시장,88,포천 2023_07.csv,쇼핑,시장
포천,2023,7,2023-07,91,경기도,포천시,금주낚시터,86,포천 2023_07.csv,레저스포츠,수상레저스포츠
포천,2023,7,2023-07,92,경기도,포천시,포천신읍시장,83,포천 2023_07.csv,쇼핑,시장
포천,2023,7,2023-07,93,경기도,포천시,일동시장,82,포천 2023_07.csv,쇼핑,시장
포천,2023,7,2023-07,93,경기도,포천시,천주호,82,포천 2023_07.csv,자연관광,자연경관(하천/해양)
포천,2023,7,2023-07,95,경기도,포천시,구담사,73,포천 2023_07.csv,역사관광,종교성지
포천,2023,7,2023-07,96,경기도,포천시,레이크밸리 승마클럽,71,포천 2023_07.csv,레저스포츠,기타레저스포츠
포천,2023,7,2023-07,96,경기도,포천시,멍우리협곡,71,포천 2023_07.csv,자연관광,자연경관(산)
포천,2023,7,2023-07,98,경기도,포천시,나남수목원,68,포천 2023_07.csv,자연관광,자연공원
포천,2023,7,2023-07,99,경기도,포천시,태산낚시터,67,포천 2023_07.csv,레저스포츠,수상레저스포츠
포천,2023,7,2023-07,100,경기도,포천시,코버월드,64,포천 2023_07.csv,문화관광,전시시설
포천,2023,7,2023-07,101,경기도,포천시,자인사,60,포천 2023_07.csv,역사관광,종교성지
포천,2023,7,2023-07,102,경기도,포천시,메향낚시터,58,포천 2023_07.csv,레저스포츠,수상레저스포츠
포천,2023,7,2023-07,103,경기도,포천시,우금낚시공원,55,포천 2023_07.csv,레저스포츠,수상레저스포츠
포천,2023,7,2023-07,104,경기도,포천시,도마치계곡,52,포천 2023_07.csv,자연관광,자연경관(산)
포천,2023,7,2023-07,105,경기도,포천시,모돈갤러리,50,포천 2023_07.csv,문화관광,전시시설
포천,2023,7,2023-07,106,경기도,포천시,포천종합운동장보조구장,48,포천 2023_07.csv,문화관광,레저스포츠시설
포천,2023,7,2023-07,107,경기도,포천시,관음사,47,포천 2023_07.csv,역사관광,종교성지
포천,2023,7,2023-07,107,경기도,포천시,한탄강팔호유원지,47,포천 2023_07.csv,문화관광,복합관광시설
포천,2023,7,2023-07,109,경기도,포천시,황새목낚시터,46,포천 2023_07.csv,레저스포츠,수상레저스포츠
포천,2023,7,2023-07,110,경기도,포천시,Y스포츠센터,41,포천 2023_07.csv,레저스포츠,기타레저스포츠
포천,2023,7,2023-07,111,경기도,포천시,화엄사,39,포천 2023_07.csv,역사관광,종교성지
포천,2023,7,2023-07,111,경기도,포천시,다래레저,39,포천 2023_07.csv,레저스포츠,수상레저스포츠
포천,2023,7,2023-07,113,경기도,포천시,운악레저타운,38,포천 2023_07.csv,레저스포츠,기타레저스포츠
포천,2023,7,2023-07,114,경기도,포천시,갈월버섯농장,37,포천 2023_07.csv,체험관광,농/산/어촌체험
포천,2023,7,2023-07,114,경기도,포천시,이항복선생묘,37,포천 2023_07.csv,역사관광,역사유적지
포천,2023,7,2023-07,114,경기도,포천시,포천아트밸리천문과학관,37,포천 2023_07.csv,문화관광,전시시설
포천,2023,7,2023-07,117,경기도,포천시,청한베이스볼파크,36,포천 2023_07.csv,문화관광,레저스포츠시설
포천,2023,7,2023-07,118,경기도,포천시,한탄강주상절리길3코스,35,포천 2023_07.csv,레저스포츠,기타레저스포츠
포천,2023,7,2023-07,118,경기도,포천시,동화사,35,포천 2023_07.csv,역사관광,종교성지
포천,2023,7,2023-07,120,경기도,포천시,지청낚시터,34,포천 2023_07.csv,레저스포츠,수상레저스포츠
포천,2023,7,2023-07,120,경기도,포천시,고모지,34,포천 2023_07.csv,자연관광,자연경관(하천/해양)
포천,2023,7,2023-07,122,경기도,포천시,동교하우스낚시터,32,포천 2023_07.csv,레저스포츠,수상레저스포츠
포천,2023,7,2023-07,123,경기도,포천시,수목원고모호수공원,31,포천 2023_07.csv,문화관광,도시공원
포천,2023,7,2023-07,123,경기도,포천시,포천파크골프장,31,포천 2023_07.csv,레저스포츠,기타레저스포츠
포천,2023,7,2023-07,125,경기도,포천시,백로주유원지,30,포천 2023_07.csv,문화관광,복합관광시설
포천,2023,7,2023-07,126,경기도,포천시,냉정낚시터,29,포천 2023_07.csv,레저스포츠,수상레저스포츠
포천,2023,7,2023-07,127,경기도,포천시,소흘생활체육공원인공암벽장,28,포천 2023_07.csv,레저스포츠,기타레저스포츠
포천,2023,7,2023-07,127,경기도,포천시,냉정저수지,28,포천 2023_07.csv,자연관광,자연경관(하천/해양)
포천,2023,7,2023-07,129,경기도,포천시,법인도리돌마을,27,포천 2023_07.csv,레저스포츠,기타레저스포츠
포천,2023,7,2023-07,130,경기도,포천시,축석고개,24,포천 2023_07.csv,자연관광,자연경관(산)
포천,2023,7,2023-07,130,경기도,포천시,광릉분재예술공원,24,포천 2023_07.csv,문화관광,도시공원
포천,2023,7,2023-07,130,경기도,포천시,백운계곡국민관광지,24,포천 2023_07.csv,문화관광,복합관광시설
포천,2023,7,2023-07,130,경기도,포천시,도평리터미널,24,포천 2023_07.csv,기타관광,교통시설
포천,2023,7,2023-07,130,경기도,포천시,옥병서원,24,포천 2023_07.csv,역사관광,역사유적지
포천,2023,7,2023-07,135,경기도,포천시,블루밍팜,23,포천 2023_07.csv,체험관광,농/산/어촌체험
포천,2023,7,2023-07,135,경기도,포천시,교동가마소,23,포천 2023_07.csv,기타관광,기타관광
포천,2023,7,2023-07,137,경기도,포천시,포천용담저수지,21,포천 2023_07.csv,자연관광,자연경관(하천/해양)
포천,2023,7,2023-07,138,경기도,포천시,국립산림박물관,20,포천 2023_07.csv,문화관광,전시시설
포천,2023,7,2023-07,138,경기도,포천시,천주사,20,포천 2023_07.csv,역사관광,종교성지
포천,2023,7,2023-07,140,경기도,포천시,미트빌연합사업단,19,포천 2023_07.csv,쇼핑,시장
포천,2023,7,2023-07,141,경기도,포천시,약천사,18,포천 2023_07.csv,역사관광,종교성지
포천,2023,7,2023-07,141,경기도,포천시,금룡사,18,포천 2023_07.csv,역사관광,종교성지
포천,2023,7,2023-07,141,경기도,포천시,옥금수계곡,18,포천 2023_07.csv,기타관광,기타관광
포천,2023,7,2023-07,144,경기도,포천시,법천사,17,포천 2023_07.csv,역사관광,종교성지
포천,2023,7,2023-07,144,경기도,포천시,법왕사,17,포천 2023_07.csv,역사관광,종교성지
포천,2023,7,2023-07,144,경기도,포천시,한탄강야생화공원,17,포천 2023_07.csv,문화관광,도시공원
포천,2023,7,2023-07,147,경기도,포천시,포천직두리의부부송,16,포천 2023_07.csv,역사관광,역사유적지
포천,2023,7,2023-07,147,경기도,포천시,유식물원,16,포천 2023_07.csv,문화관광,테마공원
포천,2023,7,2023-07,147,경기도,포천시,청성역사공원,16,포천 2023_07.csv,문화관광,도시공원
포천,2023,7,2023-07,150,경기도,포천시,가람누리문화공원전망대,15,포천 2023_07.csv,문화관광,랜드마크관광
포천,2023,7,2023-07,150,경기도,포천시,미륵사,15,포천 2023_07.csv,역사관광,종교성지
포천,2023,7,2023-07,150,경기도,포천시,청계지,15,포천 2023_07.csv,자연관광,자연경관(하천/해양)
포천,2023,7,2023-07,153,경기도,포천시,관인문화마을,14,포천 2023_07.csv,기타관광,기타관광
포천,2023,7,2023-07,153,경기도,포천시,능원관광낚시터,14,포천 2023_07.csv,레저스포츠,수상레저스포츠
포천,2023,7,2023-07,153,경기도,포천시,영평천,14,포천 2023_07.csv,자연관광,자연공원
포천,2023,7,2023-07,153,경기도,포천시,초가낚시터,14,포천 2023_07.csv,레저스포츠,수상레저스포츠
포천,2023,7,2023-07,153,경기도,포천시,천해사,14,포천 2023_07.csv,역사관광,종교성지
포천,2023,7,2023-07,158,경기도,포천시,무림사,13,포천 2023_07.csv,역사관광,종교성지
포천,2023,7,2023-07,158,경기도,포천시,가산저수지,13,포천 2023_07.csv,자연관광,자연경관(하천/해양)
포천,2023,7,2023-07,158,경기도,포천시,키즈필포천송우점,13,포천 2023_07.csv,문화관광,테마공원
포천,2023,7,2023-07,161,경기도,포천시,베스트원스포츠,12,포천 2023_07.csv,레저스포츠,기타레저스포츠
포천,2023,7,2023-07,161,경기도,포천시,황금프라자,12,포천 2023_07.csv,쇼핑,쇼핑몰
포천,2023,7,2023-07,161,경기도,포천시,충목단,12,포천 2023_07.csv,역사관광,역사유적지
포천,2023,7,2023-07,161,경기도,포천시,포천향교,12,포천 2023_07.csv,역사관광,역사유적지
포천,2023,7,2023-07,165,경기도,포천시,광암이벽유적지,11,포천 2023_07.csv,역사관광,역사유적지
포천,2023,7,2023-07,165,경기도,포천시,밤밭실내장어낚시터,11,포천 2023_07.csv,레저스포츠,수상레저스포츠
포천,2023,7,2023-07,165,경기도,포천시,포천가구공단,11,포천 2023_07.csv,쇼핑,기타쇼핑시설
포천,2023,7,2023-07,165,경기도,포천시,대안사,11,포천 2023_07.csv,역사관광,종교성지
포천,2023,7,2023-07,165,경기도,포천시,축구장소흘생활체육공원,11,포천 2023_07.csv,문화관광,레저스포츠시설
포천,2023,7,2023-07,165,경기도,포천시,평화나무농장,11,포천 2023_07.csv,체험관광,농/산/어촌체험
포천,2023,7,2023-07,171,경기도,포천시,산정호수조각공원,10,포천 2023_07.csv,문화관광,도시공원
포천,2023,7,2023-07,171,경기도,포천시,신안농장,10,포천 2023_07.csv,체험관광,농/산/어촌체험
포천,2023,7,2023-07,171,경기도,포천시,포천화적연,10,포천 2023_07.csv,자연관광,자연경관(하천/해양)
포천,2023,7,2023-07,171,경기도,포천시,삼정계곡,10,포천 2023_07.csv,문화관광,복합관광시설
포천,2023,7,2023-07,171,경기도,포천시,운악산,10,포천 2023_07.csv,자연관광,자연경관(산)
포천,2023,7,2023-07,171,경기도,포천시,지장산유원지,10,포천 2023_07.csv,문화관광,복합관광시설
포천,2023,7,2023-07,171,경기도,포천시,포천레이스웨이,10,포천 2023_07.csv,레저스포츠,육상레저스포츠
포천,2023,7,2023-07,178,경기도,포천시,금주저수지,9,포천 2023_07.csv,자연관광,자연경관(하천/해양)
포천,2023,7,2023-07,178,경기도,포천시,에덴농장,9,포천 2023_07.csv,체험관광,농/산/어촌체험
포천,2023,7,2023-07,178,경기도,포천시,천우문학관,9,포천 2023_07.csv,문화관광,기타문화관광지
포천,2023,7,2023-07,178,경기도,포천시,극락사,9,포천 2023_07.csv,역사관광,종교성지
포천,2023,7,2023-07,178,경기도,포천시,금수정,9,포천 2023_07.csv,역사관광,역사유적지
포천,2023,7,2023-07,178,경기도,포천시,청계유원지,9,포천 2023_07.csv,문화관광,복합관광시설
포천,2023,7,2023-07,178,경기도,포천시,금불사,9,포천 2023_07.csv,역사관광,종교성지
포천,2023,7,2023-07,178,경기도,포천시,포천아우라지베개용암,9,포천 2023_07.csv,기타관광,기타관광
포천,2023,7,2023-07,186,경기도,포천시,루지월드베어스타운점,8,포천 2023_07.csv,레저스포츠,기타레저스포츠
포천,2023,7,2023-07,186,경기도,포천시,한탄강테마파크,8,포천 2023_07.csv,문화관광,테마공원
포천,2023,7,2023-07,186,경기도,포천시,포천그린아울렛,8,포천 2023_07.csv,쇼핑,쇼핑몰
포천,2023,7,2023-07,186,경기도,포천시,송일농장,8,포천 2023_07.csv,체험관광,농/산/어촌체험
포천,2023,7,2023-07,186,경기도,포천시,성불암,8,포천 2023_07.csv,역사관광,종교성지
포천,2023,7,2023-07,186,경기도,포천시,호스랜드승마클럽,8,포천 2023_07.csv,레저스포츠,육상레저스포츠
포천,2023,7,2023-07,186,경기도,포천시,중리저수지,8,포천 2023_07.csv,자연관광,자연경관(하천/해양)
포천,2023,7,2023-07,186,경기도,포천시,보림사,8,포천 2023_07.csv,역사관광,종교성지
포천,2023,7,2023-07,186,경기도,포천시,황제다육식물농장,8,포천 2023_07.csv,체험관광,농/산/어촌체험
포천,2023,7,2023-07,186,경기도,포천시,도연암,8,포천 2023_07.csv,역사관광,종교성지
포천,2023,7,2023-07,196,경기도,포천시,평화농원포천블루베리,7,포천 2023_07.csv,체험관광,농/산/어촌체험
포천,2023,7,2023-07,196,경기도,포천시,포천관광정보센터 청년여행LAB,7,포천 2023_07.csv,문화관광,기타문화관광지
포천,2023,7,2023-07,196,경기도,포천시,포천소민농장,7,포천 2023_07.csv,체험관광,농/산/어촌체험
포천,2023,7,2023-07,196,경기도,포천시,마전저수지,7,포천 2023_07.csv,자연관광,자연경관(하천/해양)
포천,2023,7,2023-07,196,경기도,포천시,베어스타운CC휴업중,7,포천 2023_07.csv,레저스포츠,육상레저스포츠
포천,2023,7,2023-07,196,경기도,포천시,선유담계곡,7,포천 2023_07.csv,자연관광,자연경관(산)
포천,2023,7,2023-07,196,경기도,포천시,천인계곡유원지,7,포천 2023_07.csv,문화관광,복합관광시설
포천,2023,7,2023-07,196,경기도,포천시,대한불교조계종정변지사,7,포천 2023_07.csv,역사관광,종교성지
포천,2023,7,2023-07,196,경기도,포천시,향림사,7,포천 2023_07.csv,역사관광,종교성지
포천,2023,7,2023-07,205,경기도,포천시,포레스트농장,6,포천 2023_07.csv,체험관광,농/산/어촌체험
포천,2023,7,2023-07,205,경기도,포천시,임진농원,6,포천 2023_07.csv,체험관광,농/산/어촌체험
포천,2023,7,2023-07,205,경기도,포천시,포천작은말학교,6,포천 2023_07.csv,레저스포츠,육상레저스포츠
포천,2023,7,2023-07,205,경기도,포천시,무봉리족구장,6,포천 2023_07.csv,레저스포츠,기타레저스포츠
포천,2023,7,2023-07,205,경기도,포천시,보문정사,6,포천 2023_07.csv,역사관광,종교성지
포천,2023,7,2023-07,205,경기도,포천시,백운산,6,포천 2023_07.csv,자연관광,자연경관(산)
포천,2023,7,2023-07,205,경기도,포천시,미륵박물관,6,포천 2023_07.csv,문화관광,전시시설
포천,2023,7,2023-07,205,경기도,포천시,백운낚시터,6,포천 2023_07.csv,레저스포츠,수상레저스포츠
포천,2023,7,2023-07,205,경기도,포천시,중리테마파크낚시터,6,포천 2023_07.csv,레저스포츠,수상레저스포츠
포천,2023,7,2023-07,205,경기도,포천시,지질트레일1코스,6,포천 2023_07.csv,레저스포츠,기타레저스포츠
포천,2023,7,2023-07,215,경기도,포천시,구라이골,5,포천 2023_07.csv,기타관광,기타관광
포천,2023,7,2023-07,215,경기도,포천시,달맞이농원은신정육점,5,포천 2023_07.csv,체험관광,농/산/어촌체험
포천,2023,7,2023-07,215,경기도,포천시,포천체육공원,5,포천 2023_07.csv,문화관광,도시공원
포천,2023,7,2023-07,215,경기도,포천시,허브아일랜드불빛동화축제,5,포천 2023_07.csv,문화관광,기타문화관광지
포천,2023,7,2023-07,215,경기도,포천시,승법사,5,포천 2023_07.csv,역사관광,종교성지
포천,2023,7,2023-07,215,경기도,포천시,용주암,5,포천 2023_07.csv,역사관광,종교성지
포천,2023,7,2023-07,215,경기도,포천시,국봉사,5,포천 2023_07.csv,역사관광,종교성지
포천,2023,7,2023-07,222,경기도,포천시,포천허브아일랜드 자동차극장,4,포천 2023_07.csv,문화관광,공연시설
포천,2023,7,2023-07,222,경기도,포천시,이항복선생기념관,4,포천 2023_07.csv,문화관광,전시시설
포천,2023,7,2023-07,222,경기도,포천시,풍림농장,4,포천 2023_07.csv,체험관광,농/산/어촌체험
포천,2023,7,2023-07,222,경기도,포천시,옹장굴,4,포천 2023_07.csv,체험관광,농/산/어촌체험
포천,2023,7,2023-07,222,경기도,포천시,본선사,4,포천 2023_07.csv,역사관광,종교성지
포천,2023,7,2023-07,222,경기도,포천시,명성산,4,포천 2023_07.csv,자연관광,자연경관(산)
포천,2023,7,2023-07,222,경기도,포천시,용연서원,4,포천 2023_07.csv,역사관광,역사유적지
포천,2023,7,2023-07,222,경기도,포천시,강포저수지,4,포천 2023_07.csv,자연관광,자연경관(하천/해양)
포천,2023,7,2023-07,222,경기도,포천시,지장사,4,포천 2023_07.csv,역사관광,종교성지
포천,2023,7,2023-07,222,경기도,포천시,포천반월성,4,포천 2023_07.csv,역사관광,역사유적지
포천,2023,7,2023-07,222,경기도,포천시,고모리수상레저,4,포천 2023_07.csv,레저스포츠,기타레저스포츠
포천,2023,7,2023-07,222,경기도,포천시,화현저수지,4,포천 2023_07.csv,자연관광,자연경관(하천/해양)
포천,2023,7,2023-07,222,경기도,포천시,한탄임진강지질공원,4,포천 2023_07.csv,문화관광,도시공원
포천,2023,7,2023-07,235,경기도,포천시,한내소극장,3,포천 2023_07.csv,문화관광,공연시설
포천,2023,7,2023-07,235,경기도,포천시,자이언트복싱짐,3,포천 2023_07.csv,레저스포츠,기타레저스포츠
포천,2023,7,2023-07,235,경기도,포천시,한탄강주상절리길5코스,3,포천 2023_07.csv,레저스포츠,기타레저스포츠
포천,2023,7,2023-07,235,경기도,포천시,도마치고개,3,포천 2023_07.csv,자연관광,자연경관(산)
포천,2023,7,2023-07,235,경기도,포천시,대수암,3,포천 2023_07.csv,역사관광,종교성지
포천,2023,7,2023-07,235,경기도,포천시,소우주도자기공방,3,포천 2023_07.csv,체험관광,공예체험
포천,2023,7,2023-07,235,경기도,포천시,초계목장,3,포천 2023_07.csv,체험관광,농/산/어촌체험
포천,2023,7,2023-07,235,경기도,포천시,포천체육공원어린이물놀이장,3,포천 2023_07.csv,문화관광,테마공원
포천,2023,7,2023-07,235,경기도,포천시,명성산억새밭,3,포천 2023_07.csv,기타관광,기타관광
포천,2023,7,2023-07,235,경기도,포천시,화산서원,3,포천 2023_07.csv,역사관광,역사유적지
포천,2023,7,2023-07,235,경기도,포천시,쌍불사,3,포천 2023_07.csv,역사관광,종교성지
포천,2023,7,2023-07,235,경기도,포천시,보현사,3,포천 2023_07.csv,역사관광,종교성지
포천,2023,7,2023-07,235,경기도,포천시,전운사,3,포천 2023_07.csv,역사관광,종교성지
포천,2023,7,2023-07,235,경기도,포천시,보성암,3,포천 2023_07.csv,역사관광,종교성지
포천,2023,7,2023-07,235,경기도,포천시,내리공설시장,3,포천 2023_07.csv,쇼핑,시장
포천,2023,7,2023-07,235,경기도,포천시,밤밭지,3,포천 2023_07.csv,자연관광,자연경관(하천/해양)
포천,2023,7,2023-07,235,경기도,포천시,자비사,3,포천 2023_07.csv,역사관광,종교성지
포천,2023,7,2023-07,235,경기도,포천시,깊이울저수지,3,포천 2023_07.csv,자연관광,자연경관(하천/해양)
포천,2023,7,2023-07,235,경기도,포천시,선광사,3,포천 2023_07.csv,역사관광,종교성지
포천,2023,7,2023-07,235,경기도,포천시,풍혈유원지,3,포천 2023_07.csv,문화관광,복합관광시설
포천,2023,7,2023-07,235,경기도,포천시,각흘산,3,포천 2023_07.csv,자연관광,자연경관(산)
포천,2023,7,2023-07,235,경기도,포천시,홀스킹덤팜스테이,3,포천 2023_07.csv,레저스포츠,육상레저스포츠
포천,2023,7,2023-07,235,경기도,포천시,서운동산어린이동물농장,3,포천 2023_07.csv,기타관광,기타관광
포천,2023,7,2023-07,235,경기도,포천시,명산저수지,3,포천 2023_07.csv,자연관광,자연경관(하천/해양)
포천,2023,7,2023-07,235,경기도,포천시,깊이울낚시터,3,포천 2023_07.csv,레저스포츠,수상레저스포츠
포천,2023,7,2023-07,235,경기도,포천시,정우생닭직매장,3,포천 2023_07.csv,쇼핑,시장
포천,2023,7,2023-07,235,경기도,포천시,송광사,3,포천 2023_07.csv,역사관광,종교성지
포천,2023,7,2023-07,235,경기도,포천시,사직리축구장,3,포천 2023_07.csv,문화관광,레저스포츠시설
포천,2023,7,2023-07,235,경기도,포천시,근선목장,3,포천 2023_07.csv,체험관광,농/산/어촌체험
포천,2023,7,2023-07,235,경기도,포천시,천은사,3,포천 2023_07.csv,역사관광,종교성지
포천,2023,7,2023-07,235,경기도,포천시,고구려복싱클럽,3,포천 2023_07.csv,레저스포츠,기타레저스포츠
포천,2023,7,2023-07,235,경기도,포천시,백운산광덕고개,3,포천 2023_07.csv,자연관광,자연경관(산)
포천,2023,7,2023-07,235,경기도,포천시,고궁농장,3,포천 2023_07.csv,체험관광,농/산/어촌체험
포천,2023,7,2023-07,235,경기도,포천시,리얼야구존포천시청점,3,포천 2023_07.csv,레저스포츠,기타레저스포츠
포천,2023,7,2023-07,235,경기도,포천시,한탄강금빛사과농원,3,포천 2023_07.csv,체험관광,농/산/어촌체험
포천,2023,7,2023-07,235,경기도,포천시,서광사,3,포천 2023_07.csv,역사관광,종교성지
포천,2023,8,2023-08,1,경기도,포천시,국립수목원,8628,포천 2023_08.csv,문화관광,테마공원
포천,2023,8,2023-08,2,경기도,포천시,포천힐스CC,7586,포천 2023_08.csv,레저스포츠,육상레저스포츠
포천,2023,8,2023-08,3,경기도,포천시,베어크리크GC,6804,포천 2023_08.csv,레저스포츠,육상레저스포츠
포천,2023,8,2023-08,4,경기도,포천시,대유몽베르CC,6335,포천 2023_08.csv,레저스포츠,육상레저스포츠
포천,2023,8,2023-08,5,경기도,포천시,포천아트밸리,6176,포천 2023_08.csv,문화관광,공연시설
포천,2023,8,2023-08,6,경기도,포천시,라싸GC,6161,포천 2023_08.csv,레저스포츠,육상레저스포츠
포천,2023,8,2023-08,7,경기도,포천시,푸른솔GC포천,6122,포천 2023_08.csv,레저스포츠,육상레저스포츠
포천,2023,8,2023-08,8,경기도,포천시,비둘기낭폭포,6116,포천 2023_08.csv,자연관광,자연경관(산)
포천,2023,8,2023-08,9,경기도,포천시,포레스트힐CC,6055,포천 2023_08.csv,레저스포츠,육상레저스포츠
포천,2023,8,2023-08,10,경기도,포천시,포천힐마루CC,5879,포천 2023_08.csv,레저스포츠,육상레저스포츠
포천,2023,8,2023-08,11,경기도,포천시,포천아도니스CC,5125,포천 2023_08.csv,레저스포츠,육상레저스포츠
포천,2023,8,2023-08,12,경기도,포천시,필로스GC,4474,포천 2023_08.csv,레저스포츠,육상레저스포츠
포천,2023,8,2023-08,13,경기도,포천시,신북온천스프링폴,3896,포천 2023_08.csv,체험관광,웰니스관광
포천,2023,8,2023-08,14,경기도,포천시,일동시외버스터미널,3589,포천 2023_08.csv,기타관광,교통시설
포천,2023,8,2023-08,15,경기도,포천시,참밸리컨트리클럽,3223,포천 2023_08.csv,레저스포츠,육상레저스포츠
포천,2023,8,2023-08,16,경기도,포천시,허브아일랜드,3127,포천 2023_08.csv,체험관광,농/산/어촌체험
포천,2023,8,2023-08,17,경기도,포천시,일동레이크GC,3059,포천 2023_08.csv,레저스포츠,육상레저스포츠
포천,2023,8,2023-08,18,경기도,포천시,페리아도워터파크,2566,포천 2023_08.csv,문화관광,테마공원
포천,2023,8,2023-08,19,경기도,포천시,산정호수,2541,포천 2023_08.csv,자연관광,자연경관(하천/해양)
포천,2023,8,2023-08,20,경기도,포천시,포천한탄강하늘다리,2486,포천 2023_08.csv,기타관광,기타관광
포천,2023,8,2023-08,21,경기도,포천시,백운계곡,2374,포천 2023_08.csv,자연관광,자연경관(산)
포천,2023,8,2023-08,22,경기도,포천시,CGV포천,2250,포천 2023_08.csv,문화관광,공연시설
포천,2023,8,2023-08,23,경기도,포천시,포천블루파크,1926,포천 2023_08.csv,문화관광,테마공원
포천,2023,8,2023-08,24,경기도,포천시,백운계곡유원지,1891,포천 2023_08.csv,문화관광,복합관광시설
포천,2023,8,2023-08,25,경기도,포천시,고모저수지,1736,포천 2023_08.csv,자연관광,자연경관(하천/해양)
포천,2023,8,2023-08,26,경기도,포천시,샴발라CC,1686,포천 2023_08.csv,레저스포츠,육상레저스포츠
포천,2023,8,2023-08,27,경기도,포천시,지장산계곡,1379,포천 2023_08.csv,자연관광,자연경관(산)
포천,2023,8,2023-08,28,경기도,포천시,제일유황온천,1367,포천 2023_08.csv,체험관광,웰니스관광
포천,2023,8,2023-08,29,경기도,포천시,산사원,1331,포천 2023_08.csv,문화관광,전시시설
포천,2023,8,2023-08,30,경기도,포천시,송우시외버스터미널,1106,포천 2023_08.csv,기타관광,교통시설
포천,2023,8,2023-08,31,경기도,포천시,포천시외버스터미널,1094,포천 2023_08.csv,기타관광,교통시설
포천,2023,8,2023-08,32,경기도,포천시,베어스타운스키장휴업중,1077,포천 2023_08.csv,레저스포츠,육상레저스포츠
포천,2023,8,2023-08,33,경기도,포천시,호국금강사,1075,포천 2023_08.csv,역사관광,종교성지
포천,2023,8,2023-08,34,경기도,포천시,어메이징파크,1049,포천 2023_08.csv,문화관광,전시시설
포천,2023,8,2023-08,35,경기도,포천시,깊이울유원지,1023,포천 2023_08.csv,문화관광,복합관광시설
포천,2023,8,2023-08,36,경기도,포천시,낭만닥터김사부촬영지,1021,포천 2023_08.csv,문화관광,기타문화관광지
포천,2023,8,2023-08,37,경기도,포천시,운악산자연휴양림,965,포천 2023_08.csv,자연관광,자연공원
포천,2023,8,2023-08,38,경기도,포천시,한탄강주상절리길1코스,894,포천 2023_08.csv,레저스포츠,기타레저스포츠
포천,2023,8,2023-08,39,경기도,포천시,동교낚시터,874,포천 2023_08.csv,레저스포츠,수상레저스포츠
포천,2023,8,2023-08,40,경기도,포천시,락가든GC,766,포천 2023_08.csv,레저스포츠,육상레저스포츠
포천,2023,8,2023-08,41,경기도,포천시,주파크,758,포천 2023_08.csv,문화관광,테마공원
포천,2023,8,2023-08,42,경기도,포천시,밤밭낚시터,719,포천 2023_08.csv,레저스포츠,수상레저스포츠
포천,2023,8,2023-08,43,경기도,포천시,포천아도니스퍼블릭CC,654,포천 2023_08.csv,레저스포츠,육상레저스포츠
포천,2023,8,2023-08,44,경기도,포천시,초원낚시터,647,포천 2023_08.csv,레저스포츠,수상레저스포츠
포천,2023,8,2023-08,45,경기도,포천시,서운동산,609,포천 2023_08.csv,문화관광,복합관광시설
포천,2023,8,2023-08,46,경기도,포천시,한탄강지질공원센터,587,포천 2023_08.csv,문화관광,전시시설
포천,2023,8,2023-08,47,경기도,포천시,포천반월아트홀,563,포천 2023_08.csv,문화관광,공연시설
포천,2023,8,2023-08,48,경기도,포천시,프로방스빌리지수영장,525,포천 2023_08.csv,문화관광,테마공원
포천,2023,8,2023-08,49,경기도,포천시,마전낚시터,495,포천 2023_08.csv,레저스포츠,수상레저스포츠
포천,2023,8,2023-08,50,경기도,포천시,쌍방죽낚시터,480,포천 2023_08.csv,레저스포츠,수상레저스포츠
포천,2023,8,2023-08,50,경기도,포천시,수목원프로방스,480,포천 2023_08.csv,자연관광,자연공원
포천,2023,8,2023-08,52,경기도,포천시,천보산자연휴양림,478,포천 2023_08.csv,자연관광,자연공원
포천,2023,8,2023-08,53,경기도,포천시,흥룡사,476,포천 2023_08.csv,역사관광,종교성지
포천,2023,8,2023-08,54,경기도,포천시,포천이동갈비바베큐축제,474,포천 2023_08.csv,문화관광,기타문화관광지
포천,2023,8,2023-08,55,경기도,포천시,포천5일장,472,포천 2023_08.csv,쇼핑,시장
포천,2023,8,2023-08,56,경기도,포천시,가산낚시터,468,포천 2023_08.csv,레저스포츠,수상레저스포츠
포천,2023,8,2023-08,57,경기도,포천시,평강랜드,465,포천 2023_08.csv,문화관광,테마공원
포천,2023,8,2023-08,58,경기도,포천시,내촌낚시터,433,포천 2023_08.csv,레저스포츠,수상레저스포츠
포천,2023,8,2023-08,59,경기도,포천시,도성사,401,포천 2023_08.csv,역사관광,종교성지
포천,2023,8,2023-08,60,경기도,포천시,포천수원산정상전망대,381,포천 2023_08.csv,문화관광,랜드마크관광
포천,2023,8,2023-08,61,경기도,포천시,포천염광수련원,333,포천 2023_08.csv,레저스포츠,육상레저스포츠
포천,2023,8,2023-08,62,경기도,포천시,길명낚시공원,305,포천 2023_08.csv,레저스포츠,수상레저스포츠
포천,2023,8,2023-08,63,경기도,포천시,국망봉자연휴양림,294,포천 2023_08.csv,자연관광,자연공원
포천,2023,8,2023-08,64,경기도,포천시,도마치계곡유원지,293,포천 2023_08.csv,문화관광,복합관광시설
포천,2023,8,2023-08,65,경기도,포천시,포천스포츠센터,278,포천 2023_08.csv,레저스포츠,기타레저스포츠
포천,2023,8,2023-08,66,경기도,포천시,황금낚시터,268,포천 2023_08.csv,레저스포츠,수상레저스포츠
포천,2023,8,2023-08,67,경기도,포천시,소흘생활체육공원,264,포천 2023_08.csv,문화관광,도시공원
포천,2023,8,2023-08,68,경기도,포천시,도리돌문화교류센터,239,포천 2023_08.csv,레저스포츠,기타레저스포츠
포천,2023,8,2023-08,69,경기도,포천시,운천낚시공원,230,포천 2023_08.csv,레저스포츠,수상레저스포츠
포천,2023,8,2023-08,70,경기도,포천시,광릉수목원자동차극장,227,포천 2023_08.csv,문화관광,공연시설
포천,2023,8,2023-08,71,경기도,포천시,포천자동차극장,223,포천 2023_08.csv,문화관광,공연시설
포천,2023,8,2023-08,72,경기도,포천시,새마을낚시터,217,포천 2023_08.csv,레저스포츠,수상레저스포츠
포천,2023,8,2023-08,73,경기도,포천시,축석고개,216,포천 2023_08.csv,자연관광,자연경관(산)
포천,2023,8,2023-08,74,경기도,포천시,도마치계곡,202,포천 2023_08.csv,자연관광,자연경관(산)
포천,2023,8,2023-08,75,경기도,포천시,직두리낚시터,191,포천 2023_08.csv,레저스포츠,수상레저스포츠
포천,2023,8,2023-08,76,경기도,포천시,금주낚시터,184,포천 2023_08.csv,레저스포츠,수상레저스포츠
포천,2023,8,2023-08,77,경기도,포천시,포천패션타운,175,포천 2023_08.csv,쇼핑,쇼핑몰
포천,2023,8,2023-08,78,경기도,포천시,가농바이오농장,174,포천 2023_08.csv,체험관광,농/산/어촌체험
포천,2023,8,2023-08,79,경기도,포천시,나남수목원,169,포천 2023_08.csv,자연관광,자연공원
포천,2023,8,2023-08,80,경기도,포천시,가산저수지,167,포천 2023_08.csv,자연관광,자연경관(하천/해양)
포천,2023,8,2023-08,81,경기도,포천시,산정랜드,162,포천 2023_08.csv,문화관광,복합관광시설
포천,2023,8,2023-08,82,경기도,포천시,포천하늘아래치유의숲,156,포천 2023_08.csv,기타관광,기타관광
포천,2023,8,2023-08,83,경기도,포천시,수목원고모호수공원,148,포천 2023_08.csv,문화관광,도시공원
포천,2023,8,2023-08,84,경기도,포천시,한탄강지오페스티벌,146,포천 2023_08.csv,문화관광,기타문화관광지
포천,2023,8,2023-08,85,경기도,포천시,아프리카예술박물관,132,포천 2023_08.csv,문화관광,전시시설
포천,2023,8,2023-08,86,경기도,포천시,포천신읍시장,129,포천 2023_08.csv,쇼핑,시장
포천,2023,8,2023-08,87,경기도,포천시,포천야구장,127,포천 2023_08.csv,문화관광,레저스포츠시설
포천,2023,8,2023-08,88,경기도,포천시,왕산사,125,포천 2023_08.csv,역사관광,종교성지
포천,2023,8,2023-08,88,경기도,포천시,코버월드,125,포천 2023_08.csv,문화관광,전시시설
포천,2023,8,2023-08,90,경기도,포천시,운천재래시장,120,포천 2023_08.csv,쇼핑,시장
포천,2023,8,2023-08,91,경기도,포천시,냉정저수지,104,포천 2023_08.csv,자연관광,자연경관(하천/해양)
포천,2023,8,2023-08,92,경기도,포천시,강포저수지,101,포천 2023_08.csv,자연관광,자연경관(하천/해양)
포천,2023,8,2023-08,92,경기도,포천시,일동시장,101,포천 2023_08.csv,쇼핑,시장
포천,2023,8,2023-08,94,경기도,포천시,구담사,98,포천 2023_08.csv,역사관광,종교성지
포천,2023,8,2023-08,95,경기도,포천시,클라우드시네마,96,포천 2023_08.csv,문화관광,공연시설
포천,2023,8,2023-08,96,경기도,포천시,운악산,94,포천 2023_08.csv,자연관광,자연경관(산)
포천,2023,8,2023-08,97,경기도,포천시,자인사,93,포천 2023_08.csv,역사관광,종교성지
포천,2023,8,2023-08,98,경기도,포천시,용담대물낚시터,87,포천 2023_08.csv,레저스포츠,수상레저스포츠
포천,2023,8,2023-08,99,경기도,포천시,설운체육공원,86,포천 2023_08.csv,문화관광,도시공원
포천,2023,8,2023-08,100,경기도,포천시,포천가구공단,85,포천 2023_08.csv,쇼핑,기타쇼핑시설
포천,2023,8,2023-08,101,경기도,포천시,한탄강팔호유원지,80,포천 2023_08.csv,문화관광,복합관광시설
포천,2023,8,2023-08,102,경기도,포천시,포천화적연,79,포천 2023_08.csv,자연관광,자연경관(하천/해양)
포천,2023,8,2023-08,103,경기도,포천시,황새목낚시터,77,포천 2023_08.csv,레저스포츠,수상레저스포츠
포천,2023,8,2023-08,103,경기도,포천시,레이크밸리 승마클럽,77,포천 2023_08.csv,레저스포츠,기타레저스포츠
포천,2023,8,2023-08,103,경기도,포천시,송우공설시장,77,포천 2023_08.csv,쇼핑,시장
포천,2023,8,2023-08,106,경기도,포천시,한화리조트산정호수온천,76,포천 2023_08.csv,체험관광,웰니스관광
포천,2023,8,2023-08,107,경기도,포천시,모돈갤러리,73,포천 2023_08.csv,문화관광,전시시설
포천,2023,8,2023-08,108,경기도,포천시,멍우리협곡,71,포천 2023_08.csv,자연관광,자연경관(산)
포천,2023,8,2023-08,109,경기도,포천시,청계지,67,포천 2023_08.csv,자연관광,자연경관(하천/해양)
포천,2023,8,2023-08,110,경기도,포천시,청성역사공원,65,포천 2023_08.csv,문화관광,도시공원
포천,2023,8,2023-08,111,경기도,포천시,포천축구공원,60,포천 2023_08.csv,문화관광,도시공원
포천,2023,8,2023-08,112,경기도,포천시,다래레저,58,포천 2023_08.csv,레저스포츠,수상레저스포츠
포천,2023,8,2023-08,113,경기도,포천시,포천아트밸리천문과학관,57,포천 2023_08.csv,문화관광,전시시설
포천,2023,8,2023-08,114,경기도,포천시,블루밍팜,54,포천 2023_08.csv,체험관광,농/산/어촌체험
포천,2023,8,2023-08,114,경기도,포천시,태산낚시터,54,포천 2023_08.csv,레저스포츠,수상레저스포츠
포천,2023,8,2023-08,114,경기도,포천시,천주호,54,포천 2023_08.csv,자연관광,자연경관(하천/해양)
포천,2023,8,2023-08,117,경기도,포천시,가람누리문화공원전망대,53,포천 2023_08.csv,문화관광,랜드마크관광
포천,2023,8,2023-08,118,경기도,포천시,한과문화박물관,52,포천 2023_08.csv,문화관광,전시시설
포천,2023,8,2023-08,119,경기도,포천시,운악레저타운,51,포천 2023_08.csv,레저스포츠,기타레저스포츠
포천,2023,8,2023-08,119,경기도,포천시,왕달아포도농원직판장,51,포천 2023_08.csv,체험관광,농/산/어촌체험
포천,2023,8,2023-08,121,경기도,포천시,화엄사,50,포천 2023_08.csv,역사관광,종교성지
포천,2023,8,2023-08,122,경기도,포천시,백운계곡국민관광지,49,포천 2023_08.csv,문화관광,복합관광시설
포천,2023,8,2023-08,123,경기도,포천시,갈월버섯농장,48,포천 2023_08.csv,체험관광,농/산/어촌체험
포천,2023,8,2023-08,124,경기도,포천시,수목원낚시터,46,포천 2023_08.csv,레저스포츠,수상레저스포츠
포천,2023,8,2023-08,124,경기도,포천시,도평리터미널,46,포천 2023_08.csv,기타관광,교통시설
포천,2023,8,2023-08,126,경기도,포천시,금주저수지,45,포천 2023_08.csv,자연관광,자연경관(하천/해양)
포천,2023,8,2023-08,126,경기도,포천시,청한베이스볼파크,45,포천 2023_08.csv,문화관광,레저스포츠시설
포천,2023,8,2023-08,128,경기도,포천시,동화사,42,포천 2023_08.csv,역사관광,종교성지
포천,2023,8,2023-08,128,경기도,포천시,Y스포츠센터,42,포천 2023_08.csv,레저스포츠,기타레저스포츠
포천,2023,8,2023-08,130,경기도,포천시,산정호수조각공원,40,포천 2023_08.csv,문화관광,도시공원
포천,2023,8,2023-08,130,경기도,포천시,무네미낚시터,40,포천 2023_08.csv,레저스포츠,수상레저스포츠
포천,2023,8,2023-08,132,경기도,포천시,메향낚시터,39,포천 2023_08.csv,레저스포츠,수상레저스포츠
포천,2023,8,2023-08,133,경기도,포천시,약천사,38,포천 2023_08.csv,역사관광,종교성지
포천,2023,8,2023-08,134,경기도,포천시,한탄강주상절리길3코스,34,포천 2023_08.csv,레저스포츠,기타레저스포츠
포천,2023,8,2023-08,134,경기도,포천시,천주사,34,포천 2023_08.csv,역사관광,종교성지
포천,2023,8,2023-08,136,경기도,포천시,키즈필포천송우점,33,포천 2023_08.csv,문화관광,테마공원
포천,2023,8,2023-08,137,경기도,포천시,지청낚시터,32,포천 2023_08.csv,레저스포츠,수상레저스포츠
포천,2023,8,2023-08,138,경기도,포천시,관음사,27,포천 2023_08.csv,역사관광,종교성지
포천,2023,8,2023-08,138,경기도,포천시,태국군참전비,27,포천 2023_08.csv,역사관광,역사유물
포천,2023,8,2023-08,138,경기도,포천시,교동가마소,27,포천 2023_08.csv,기타관광,기타관광
포천,2023,8,2023-08,141,경기도,포천시,광암이벽유적지,26,포천 2023_08.csv,역사관광,역사유적지
포천,2023,8,2023-08,141,경기도,포천시,포천그린아울렛,26,포천 2023_08.csv,쇼핑,쇼핑몰
포천,2023,8,2023-08,141,경기도,포천시,이항복선생묘,26,포천 2023_08.csv,역사관광,역사유적지
포천,2023,8,2023-08,144,경기도,포천시,광릉분재예술공원,25,포천 2023_08.csv,문화관광,도시공원
포천,2023,8,2023-08,145,경기도,포천시,금룡사,23,포천 2023_08.csv,역사관광,종교성지
포천,2023,8,2023-08,145,경기도,포천시,냉정낚시터,23,포천 2023_08.csv,레저스포츠,수상레저스포츠
포천,2023,8,2023-08,145,경기도,포천시,포천체육공원,23,포천 2023_08.csv,문화관광,도시공원
포천,2023,8,2023-08,145,경기도,포천시,지질트레일1코스,23,포천 2023_08.csv,레저스포츠,기타레저스포츠
포천,2023,8,2023-08,145,경기도,포천시,포천파크골프장,23,포천 2023_08.csv,레저스포츠,기타레저스포츠
포천,2023,8,2023-08,150,경기도,포천시,루지월드베어스타운점,22,포천 2023_08.csv,레저스포츠,기타레저스포츠
포천,2023,8,2023-08,150,경기도,포천시,백로주유원지,22,포천 2023_08.csv,문화관광,복합관광시설
포천,2023,8,2023-08,150,경기도,포천시,포천반월성,22,포천 2023_08.csv,역사관광,역사유적지
포천,2023,8,2023-08,153,경기도,포천시,허브아일랜드불빛동화축제,21,포천 2023_08.csv,문화관광,기타문화관광지
포천,2023,8,2023-08,154,경기도,포천시,한탄강테마파크,20,포천 2023_08.csv,문화관광,테마공원
포천,2023,8,2023-08,154,경기도,포천시,대안사,20,포천 2023_08.csv,역사관광,종교성지
포천,2023,8,2023-08,154,경기도,포천시,옥병서원,20,포천 2023_08.csv,역사관광,역사유적지
포천,2023,8,2023-08,157,경기도,포천시,미륵사,19,포천 2023_08.csv,역사관광,종교성지
포천,2023,8,2023-08,158,경기도,포천시,무림사,18,포천 2023_08.csv,역사관광,종교성지
포천,2023,8,2023-08,159,경기도,포천시,어하고개,17,포천 2023_08.csv,자연관광,자연경관(산)
포천,2023,8,2023-08,159,경기도,포천시,극락사,17,포천 2023_08.csv,역사관광,종교성지
포천,2023,8,2023-08,159,경기도,포천시,미트빌연합사업단,17,포천 2023_08.csv,쇼핑,시장
포천,2023,8,2023-08,159,경기도,포천시,포천레이스웨이,17,포천 2023_08.csv,레저스포츠,육상레저스포츠
포천,2023,8,2023-08,159,경기도,포천시,오지재고개,17,포천 2023_08.csv,자연관광,자연경관(산)
포천,2023,8,2023-08,164,경기도,포천시,송일농장,16,포천 2023_08.csv,체험관광,농/산/어촌체험
포천,2023,8,2023-08,164,경기도,포천시,한탄강야생화공원,16,포천 2023_08.csv,문화관광,도시공원
포천,2023,8,2023-08,164,경기도,포천시,송광사,16,포천 2023_08.csv,역사관광,종교성지
포천,2023,8,2023-08,164,경기도,포천시,지장산유원지,16,포천 2023_08.csv,문화관광,복합관광시설
포천,2023,8,2023-08,168,경기도,포천시,포천종합운동장보조구장,15,포천 2023_08.csv,문화관광,레저스포츠시설
포천,2023,8,2023-08,168,경기도,포천시,자비사,15,포천 2023_08.csv,역사관광,종교성지
포천,2023,8,2023-08,168,경기도,포천시,성불암,15,포천 2023_08.csv,역사관광,종교성지
포천,2023,8,2023-08,168,경기도,포천시,한탄임진강지질공원,15,포천 2023_08.csv,문화관광,도시공원
포천,2023,8,2023-08,172,경기도,포천시,우금낚시공원,14,포천 2023_08.csv,레저스포츠,수상레저스포츠
포천,2023,8,2023-08,172,경기도,포천시,화산서원,14,포천 2023_08.csv,역사관광,역사유적지
포천,2023,8,2023-08,172,경기도,포천시,백운산,14,포천 2023_08.csv,자연관광,자연경관(산)
포천,2023,8,2023-08,172,경기도,포천시,포천향교,14,포천 2023_08.csv,역사관광,역사유적지
포천,2023,8,2023-08,176,경기도,포천시,포천직두리의부부송,13,포천 2023_08.csv,역사관광,역사유적지
포천,2023,8,2023-08,176,경기도,포천시,선유담계곡,13,포천 2023_08.csv,자연관광,자연경관(산)
포천,2023,8,2023-08,176,경기도,포천시,깊이울저수지,13,포천 2023_08.csv,자연관광,자연경관(하천/해양)
포천,2023,8,2023-08,176,경기도,포천시,초가낚시터,13,포천 2023_08.csv,레저스포츠,수상레저스포츠
포천,2023,8,2023-08,176,경기도,포천시,중리테마파크낚시터,13,포천 2023_08.csv,레저스포츠,수상레저스포츠
포천,2023,8,2023-08,176,경기도,포천시,서광사,13,포천 2023_08.csv,역사관광,종교성지
포천,2023,8,2023-08,182,경기도,포천시,포천목공체험장,12,포천 2023_08.csv,문화관광,기타문화관광지
포천,2023,8,2023-08,182,경기도,포천시,국립산림박물관,12,포천 2023_08.csv,문화관광,전시시설
포천,2023,8,2023-08,182,경기도,포천시,천인계곡유원지,12,포천 2023_08.csv,문화관광,복합관광시설
포천,2023,8,2023-08,182,경기도,포천시,법인도리돌마을,12,포천 2023_08.csv,레저스포츠,기타레저스포츠
포천,2023,8,2023-08,182,경기도,포천시,향림사,12,포천 2023_08.csv,역사관광,종교성지
포천,2023,8,2023-08,182,경기도,포천시,천해사,12,포천 2023_08.csv,역사관광,종교성지
포천,2023,8,2023-08,188,경기도,포천시,충목단,11,포천 2023_08.csv,역사관광,역사유적지
포천,2023,8,2023-08,188,경기도,포천시,서운동산어린이동물농장,11,포천 2023_08.csv,기타관광,기타관광
포천,2023,8,2023-08,190,경기도,포천시,황금프라자,10,포천 2023_08.csv,쇼핑,쇼핑몰
포천,2023,8,2023-08,190,경기도,포천시,태봉공원,10,포천 2023_08.csv,문화관광,도시공원
포천,2023,8,2023-08,190,경기도,포천시,축구장소흘생활체육공원,10,포천 2023_08.csv,문화관광,레저스포츠시설
포천,2023,8,2023-08,190,경기도,포천시,옥금수계곡,10,포천 2023_08.csv,기타관광,기타관광
포천,2023,8,2023-08,194,경기도,포천시,기원정사,9,포천 2023_08.csv,역사관광,종교성지
포천,2023,8,2023-08,194,경기도,포천시,한탄강주상절리길5코스,9,포천 2023_08.csv,레저스포츠,기타레저스포츠
포천,2023,8,2023-08,194,경기도,포천시,관인문화마을,9,포천 2023_08.csv,기타관광,기타관광
포천,2023,8,2023-08,194,경기도,포천시,포천탁구클럽,9,포천 2023_08.csv,레저스포츠,기타레저스포츠
포천,2023,8,2023-08,194,경기도,포천시,달맞이농원은신정육점,9,포천 2023_08.csv,체험관광,농/산/어촌체험
포천,2023,8,2023-08,194,경기도,포천시,용연서원,9,포천 2023_08.csv,역사관광,역사유적지
포천,2023,8,2023-08,194,경기도,포천시,능원관광낚시터,9,포천 2023_08.csv,레저스포츠,수상레저스포츠
포천,2023,8,2023-08,194,경기도,포천시,삼정계곡,9,포천 2023_08.csv,문화관광,복합관광시설
포천,2023,8,2023-08,194,경기도,포천시,홀스킹덤팜스테이,9,포천 2023_08.csv,레저스포츠,육상레저스포츠
포천,2023,8,2023-08,194,경기도,포천시,운악레저타운수영장,9,포천 2023_08.csv,문화관광,테마공원
포천,2023,8,2023-08,194,경기도,포천시,약사동계곡,9,포천 2023_08.csv,자연관광,자연경관(산)
포천,2023,8,2023-08,194,경기도,포천시,보림사,9,포천 2023_08.csv,역사관광,종교성지
포천,2023,8,2023-08,194,경기도,포천시,포천용담저수지,9,포천 2023_08.csv,자연관광,자연경관(하천/해양)
포천,2023,8,2023-08,194,경기도,포천시,천은사,9,포천 2023_08.csv,역사관광,종교성지
포천,2023,8,2023-08,194,경기도,포천시,포천아우라지베개용암,9,포천 2023_08.csv,기타관광,기타관광
포천,2023,8,2023-08,209,경기도,포천시,털보낚시터,8,포천 2023_08.csv,레저스포츠,수상레저스포츠
포천,2023,8,2023-08,209,경기도,포천시,법왕사,8,포천 2023_08.csv,역사관광,종교성지
포천,2023,8,2023-08,209,경기도,포천시,금불사,8,포천 2023_08.csv,역사관광,종교성지
포천,2023,8,2023-08,212,경기도,포천시,포천허브아일랜드 자동차극장,7,포천 2023_08.csv,문화관광,공연시설
포천,2023,8,2023-08,212,경기도,포천시,포천관광정보센터 청년여행LAB,7,포천 2023_08.csv,문화관광,기타문화관광지
포천,2023,8,2023-08,212,경기도,포천시,소흘생활체육공원인공암벽장,7,포천 2023_08.csv,레저스포츠,기타레저스포츠
포천,2023,8,2023-08,212,경기도,포천시,이항복선생기념관,7,포천 2023_08.csv,문화관광,전시시설
포천,2023,8,2023-08,212,경기도,포천시,유식물원,7,포천 2023_08.csv,문화관광,테마공원
포천,2023,8,2023-08,212,경기도,포천시,산정호수관광단지,7,포천 2023_08.csv,문화관광,복합관광시설
포천,2023,8,2023-08,212,경기도,포천시,호스랜드승마클럽,7,포천 2023_08.csv,레저스포츠,육상레저스포츠
포천,2023,8,2023-08,212,경기도,포천시,왕방산,7,포천 2023_08.csv,자연관광,자연경관(산)
포천,2023,8,2023-08,212,경기도,포천시,중리저수지,7,포천 2023_08.csv,자연관광,자연경관(하천/해양)
포천,2023,8,2023-08,212,경기도,포천시,복후미저수지,7,포천 2023_08.csv,자연관광,자연경관(하천/해양)
포천,2023,8,2023-08,212,경기도,포천시,백운산광덕고개,7,포천 2023_08.csv,자연관광,자연경관(산)
포천,2023,8,2023-08,223,경기도,포천시,부소천교,6,포천 2023_08.csv,기타관광,기타관광
포천,2023,8,2023-08,223,경기도,포천시,금당정사,6,포천 2023_08.csv,역사관광,종교성지
포천,2023,8,2023-08,223,경기도,포천시,신읍동도시재생어울림센터2건축중(2023년상반기준공예정),6,포천 2023_08.csv,문화관광,기타문화관광지
포천,2023,8,2023-08,223,경기도,포천시,베어스타운CC휴업중,6,포천 2023_08.csv,레저스포츠,육상레저스포츠
포천,2023,8,2023-08,223,경기도,포천시,WPL파워야구장,6,포천 2023_08.csv,문화관광,레저스포츠시설
포천,2023,8,2023-08,223,경기도,포천시,보문정사,6,포천 2023_08.csv,역사관광,종교성지
포천,2023,8,2023-08,223,경기도,포천시,영평천,6,포천 2023_08.csv,자연관광,자연공원
포천,2023,8,2023-08,223,경기도,포천시,동교하우스낚시터,6,포천 2023_08.csv,레저스포츠,수상레저스포츠
포천,2023,8,2023-08,231,경기도,포천시,베스트원스포츠,5,포천 2023_08.csv,레저스포츠,기타레저스포츠
포천,2023,8,2023-08,231,경기도,포천시,옛뜰애관광농원,5,포천 2023_08.csv,체험관광,농/산/어촌체험
포천,2023,8,2023-08,233,경기도,포천시,평화농원포천블루베리,4,포천 2023_08.csv,체험관광,농/산/어촌체험
포천,2023,8,2023-08,233,경기도,포천시,넉고개포도농원,4,포천 2023_08.csv,체험관광,농/산/어촌체험
포천,2023,8,2023-08,233,경기도,포천시,일동금주산양어장,4,포천 2023_08.csv,체험관광,농/산/어촌체험
포천,2023,8,2023-08,233,경기도,포천시,잇빛천연염색체험학습장,4,포천 2023_08.csv,체험관광,공예체험
포천,2023,8,2023-08,233,경기도,포천시,마전저수지,4,포천 2023_08.csv,자연관광,자연경관(하천/해양)
포천,2023,8,2023-08,233,경기도,포천시,청계산,4,포천 2023_08.csv,자연관광,자연경관(산)
포천,2023,8,2023-08,233,경기도,포천시,늘푸른농장,4,포천 2023_08.csv,체험관광,농/산/어촌체험
포천,2023,8,2023-08,233,경기도,포천시,마홀축구장,4,포천 2023_08.csv,문화관광,레저스포츠시설
포천,2023,8,2023-08,233,경기도,포천시,청계유원지,4,포천 2023_08.csv,문화관광,복합관광시설
포천,2023,8,2023-08,233,경기도,포천시,청암유원지,4,포천 2023_08.csv,문화관광,복합관광시설
포천,2023,8,2023-08,233,경기도,포천시,평화나무농장,4,포천 2023_08.csv,체험관광,농/산/어촌체험
포천,2023,8,2023-08,244,경기도,포천시,영일포도농원,3,포천 2023_08.csv,체험관광,농/산/어촌체험
포천,2023,8,2023-08,244,경기도,포천시,한탄강주상절리길2코스,3,포천 2023_08.csv,레저스포츠,기타레저스포츠
포천,2023,8,2023-08,244,경기도,포천시,한탄강주상절리길4코스,3,포천 2023_08.csv,레저스포츠,기타레저스포츠
포천,2023,8,2023-08,244,경기도,포천시,지질트레일3코스,3,포천 2023_08.csv,레저스포츠,기타레저스포츠
포천,2023,8,2023-08,244,경기도,포천시,한탄강생태경관단지,3,포천 2023_08.csv,문화관광,도시공원
포천,2023,8,2023-08,244,경기도,포천시,권종충신문,3,포천 2023_08.csv,역사관광,역사유적지
포천,2023,8,2023-08,244,경기도,포천시,포천소민농장,3,포천 2023_08.csv,체험관광,농/산/어촌체험
포천,2023,8,2023-08,244,경기도,포천시,정우사과원,3,포천 2023_08.csv,체험관광,농/산/어촌체험
포천,2023,8,2023-08,244,경기도,포천시,초계목장,3,포천 2023_08.csv,체험관광,농/산/어촌체험
포천,2023,8,2023-08,244,경기도,포천시,청림사과농원,3,포천 2023_08.csv,체험관광,농/산/어촌체험
포천,2023,8,2023-08,244,경기도,포천시,포테톨리스튜디오,3,포천 2023_08.csv,체험관광,공예체험
포천,2023,8,2023-08,244,경기도,포천시,쌍불사,3,포천 2023_08.csv,역사관광,종교성지
포천,2023,8,2023-08,244,경기도,포천시,보현사,3,포천 2023_08.csv,역사관광,종교성지
포천,2023,8,2023-08,244,경기도,포천시,본선사,3,포천 2023_08.csv,역사관광,종교성지
포천,2023,8,2023-08,244,경기도,포천시,전운사,3,포천 2023_08.csv,역사관광,종교성지
포천,2023,8,2023-08,244,경기도,포천시,밤밭지,3,포천 2023_08.csv,자연관광,자연경관(하천/해양)
포천,2023,8,2023-08,244,경기도,포천시,명성산산안고개방면,3,포천 2023_08.csv,자연관광,자연경관(산)
포천,2023,8,2023-08,244,경기도,포천시,지장사,3,포천 2023_08.csv,역사관광,종교성지
포천,2023,8,2023-08,244,경기도,포천시,웨스턴벨리,3,포천 2023_08.csv,레저스포츠,육상레저스포츠
포천,2023,8,2023-08,244,경기도,포천시,직동낚시터,3,포천 2023_08.csv,레저스포츠,수상레저스포츠
포천,2023,8,2023-08,244,경기도,포천시,금수정,3,포천 2023_08.csv,역사관광,역사유적지
포천,2023,8,2023-08,244,경기도,포천시,산정호수허브식물원,3,포천 2023_08.csv,문화관광,테마공원
포천,2023,8,2023-08,244,경기도,포천시,운주사,3,포천 2023_08.csv,역사관광,종교성지
포천,2023,8,2023-08,244,경기도,포천시,반디농장,3,포천 2023_08.csv,체험관광,농/산/어촌체험
포천,2023,8,2023-08,244,경기도,포천시,람보목장,3,포천 2023_08.csv,체험관광,농/산/어촌체험
포천,2023,8,2023-08,244,경기도,포천시,미륵박물관,3,포천 2023_08.csv,문화관광,전시시설
포천,2023,8,2023-08,244,경기도,포천시,가온농장,3,포천 2023_08.csv,체험관광,농/산/어촌체험
포천,2023,8,2023-08,244,경기도,포천시,고모지,3,포천 2023_08.csv,자연관광,자연경관(하천/해양)
포천,2023,8,2023-08,244,경기도,포천시,포천운산리자연생태공원,3,포천 2023_08.csv,문화관광,도시공원
포천,2023,8,2023-08,244,경기도,포천시,승법사,3,포천 2023_08.csv,역사관광,종교성지
포천,2023,8,2023-08,244,경기도,포천시,용주암,3,포천 2023_08.csv,역사관광,종교성지
포천,2023,8,2023-08,244,경기도,포천시,향적사,3,포천 2023_08.csv,역사관광,종교성지
포천,2023,8,2023-08,244,경기도,포천시,고궁농장,3,포천 2023_08.csv,체험관광,농/산/어촌체험
포천,2023,8,2023-08,244,경기도,포천시,은주네포도농원,3,포천 2023_08.csv,체험관광,농/산/어촌체험
포천,2023,8,2023-08,244,경기도,포천시,꽈당스키,3,포천 2023_08.csv,레저스포츠,기타레저스포츠
포천,2023,8,2023-08,244,경기도,포천시,도내지고개,3,포천 2023_08.csv,자연관광,자연경관(산)
포천,2023,8,2023-08,244,경기도,포천시,솥다리지,3,포천 2023_08.csv,자연관광,자연경관(하천/해양)
포천,2023,9,2023-09,1,경기도,포천시,포천힐마루CC,9554,포천 2023_09.csv,레저스포츠,육상레저스포츠
포천,2023,9,2023-09,2,경기도,포천시,국립수목원,8999,포천 2023_09.csv,문화관광,테마공원
포천,2023,9,2023-09,3,경기도,포천시,베어크리크GC,8849,포천 2023_09.csv,레저스포츠,육상레저스포츠
포천,2023,9,2023-09,4,경기도,포천시,산정호수,8625,포천 2023_09.csv,자연관광,자연경관(하천/해양)
포천,2023,9,2023-09,5,경기도,포천시,포천힐스CC,8523,포천 2023_09.csv,레저스포츠,육상레저스포츠
포천,2023,9,2023-09,6,경기도,포천시,대유몽베르CC,7562,포천 2023_09.csv,레저스포츠,육상레저스포츠
포천,2023,9,2023-09,7,경기도,포천시,포천아트밸리,7023,포천 2023_09.csv,문화관광,공연시설
포천,2023,9,2023-09,8,경기도,포천시,라싸GC,6801,포천 2023_09.csv,레저스포츠,육상레저스포츠
포천,2023,9,2023-09,9,경기도,포천시,푸른솔GC포천,6599,포천 2023_09.csv,레저스포츠,육상레저스포츠
포천,2023,9,2023-09,10,경기도,포천시,포천아도니스CC,6272,포천 2023_09.csv,레저스포츠,육상레저스포츠
포천,2023,9,2023-09,11,경기도,포천시,포레스트힐CC,6224,포천 2023_09.csv,레저스포츠,육상레저스포츠
포천,2023,9,2023-09,12,경기도,포천시,필로스GC,5947,포천 2023_09.csv,레저스포츠,육상레저스포츠
포천,2023,9,2023-09,13,경기도,포천시,허브아일랜드,5859,포천 2023_09.csv,체험관광,농/산/어촌체험
포천,2023,9,2023-09,14,경기도,포천시,비둘기낭폭포,5425,포천 2023_09.csv,자연관광,자연경관(산)
포천,2023,9,2023-09,15,경기도,포천시,고모저수지,4896,포천 2023_09.csv,자연관광,자연경관(하천/해양)
포천,2023,9,2023-09,16,경기도,포천시,일동시외버스터미널,4177,포천 2023_09.csv,기타관광,교통시설
포천,2023,9,2023-09,17,경기도,포천시,참밸리컨트리클럽,3623,포천 2023_09.csv,레저스포츠,육상레저스포츠
포천,2023,9,2023-09,18,경기도,포천시,일동레이크GC,3413,포천 2023_09.csv,레저스포츠,육상레저스포츠
포천,2023,9,2023-09,19,경기도,포천시,포천한탄강하늘다리,2455,포천 2023_09.csv,기타관광,기타관광
포천,2023,9,2023-09,20,경기도,포천시,백운계곡,2341,포천 2023_09.csv,자연관광,자연경관(산)
포천,2023,9,2023-09,21,경기도,포천시,샴발라CC,2293,포천 2023_09.csv,레저스포츠,육상레저스포츠
포천,2023,9,2023-09,22,경기도,포천시,신북온천스프링폴,1794,포천 2023_09.csv,체험관광,웰니스관광
포천,2023,9,2023-09,23,경기도,포천시,제일유황온천,1439,포천 2023_09.csv,체험관광,웰니스관광
포천,2023,9,2023-09,24,경기도,포천시,송우시외버스터미널,1274,포천 2023_09.csv,기타관광,교통시설
포천,2023,9,2023-09,25,경기도,포천시,어메이징파크,1270,포천 2023_09.csv,문화관광,전시시설
포천,2023,9,2023-09,26,경기도,포천시,CGV포천,1242,포천 2023_09.csv,문화관광,공연시설
포천,2023,9,2023-09,27,경기도,포천시,베어스타운스키장휴업중,1201,포천 2023_09.csv,레저스포츠,육상레저스포츠
포천,2023,9,2023-09,28,경기도,포천시,서운동산,1191,포천 2023_09.csv,문화관광,복합관광시설
포천,2023,9,2023-09,29,경기도,포천시,락가든GC,1182,포천 2023_09.csv,레저스포츠,육상레저스포츠
포천,2023,9,2023-09,30,경기도,포천시,도성사,1155,포천 2023_09.csv,역사관광,종교성지
포천,2023,9,2023-09,31,경기도,포천시,포천시외버스터미널,1129,포천 2023_09.csv,기타관광,교통시설
포천,2023,9,2023-09,32,경기도,포천시,한탄강주상절리길1코스,1117,포천 2023_09.csv,레저스포츠,기타레저스포츠
포천,2023,9,2023-09,33,경기도,포천시,산사원,1074,포천 2023_09.csv,문화관광,전시시설
포천,2023,9,2023-09,34,경기도,포천시,호국금강사,956,포천 2023_09.csv,역사관광,종교성지
포천,2023,9,2023-09,35,경기도,포천시,운악산자연휴양림,947,포천 2023_09.csv,자연관광,자연공원
포천,2023,9,2023-09,36,경기도,포천시,포천아도니스퍼블릭CC,927,포천 2023_09.csv,레저스포츠,육상레저스포츠
포천,2023,9,2023-09,37,경기도,포천시,평강랜드,908,포천 2023_09.csv,문화관광,테마공원
포천,2023,9,2023-09,38,경기도,포천시,밤밭낚시터,854,포천 2023_09.csv,레저스포츠,수상레저스포츠
포천,2023,9,2023-09,39,경기도,포천시,동교낚시터,795,포천 2023_09.csv,레저스포츠,수상레저스포츠
포천,2023,9,2023-09,40,경기도,포천시,축석고개,713,포천 2023_09.csv,자연관광,자연경관(산)
포천,2023,9,2023-09,41,경기도,포천시,주파크,627,포천 2023_09.csv,문화관광,테마공원
포천,2023,9,2023-09,42,경기도,포천시,한탄강생태경관단지,618,포천 2023_09.csv,문화관광,도시공원
포천,2023,9,2023-09,43,경기도,포천시,초원낚시터,608,포천 2023_09.csv,레저스포츠,수상레저스포츠
포천,2023,9,2023-09,44,경기도,포천시,포천반월아트홀,603,포천 2023_09.csv,문화관광,공연시설
포천,2023,9,2023-09,45,경기도,포천시,한탄강지질공원센터,588,포천 2023_09.csv,문화관광,전시시설
포천,2023,9,2023-09,46,경기도,포천시,마전낚시터,575,포천 2023_09.csv,레저스포츠,수상레저스포츠
포천,2023,9,2023-09,47,경기도,포천시,가산낚시터,565,포천 2023_09.csv,레저스포츠,수상레저스포츠
포천,2023,9,2023-09,48,경기도,포천시,쌍방죽낚시터,551,포천 2023_09.csv,레저스포츠,수상레저스포츠
포천,2023,9,2023-09,49,경기도,포천시,수목원고모호수공원,513,포천 2023_09.csv,문화관광,도시공원
포천,2023,9,2023-09,50,경기도,포천시,낭만닥터김사부촬영지,505,포천 2023_09.csv,문화관광,기타문화관광지
포천,2023,9,2023-09,51,경기도,포천시,천보산자연휴양림,502,포천 2023_09.csv,자연관광,자연공원
포천,2023,9,2023-09,52,경기도,포천시,내촌낚시터,497,포천 2023_09.csv,레저스포츠,수상레저스포츠
포천,2023,9,2023-09,53,경기도,포천시,깊이울유원지,490,포천 2023_09.csv,문화관광,복합관광시설
포천,2023,9,2023-09,54,경기도,포천시,포천5일장,483,포천 2023_09.csv,쇼핑,시장
포천,2023,9,2023-09,55,경기도,포천시,가산저수지,449,포천 2023_09.csv,자연관광,자연경관(하천/해양)
포천,2023,9,2023-09,56,경기도,포천시,백운계곡유원지,420,포천 2023_09.csv,문화관광,복합관광시설
포천,2023,9,2023-09,57,경기도,포천시,광릉수목원자동차극장,413,포천 2023_09.csv,문화관광,공연시설
포천,2023,9,2023-09,58,경기도,포천시,포천수원산정상전망대,410,포천 2023_09.csv,문화관광,랜드마크관광
포천,2023,9,2023-09,59,경기도,포천시,포천화적연,403,포천 2023_09.csv,자연관광,자연경관(하천/해양)
포천,2023,9,2023-09,60,경기도,포천시,포천축구공원,374,포천 2023_09.csv,문화관광,도시공원
포천,2023,9,2023-09,61,경기도,포천시,냉정저수지,350,포천 2023_09.csv,자연관광,자연경관(하천/해양)
포천,2023,9,2023-09,62,경기도,포천시,포천스포츠센터,343,포천 2023_09.csv,레저스포츠,기타레저스포츠
포천,2023,9,2023-09,63,경기도,포천시,국망봉자연휴양림,338,포천 2023_09.csv,자연관광,자연공원
포천,2023,9,2023-09,64,경기도,포천시,운악산,323,포천 2023_09.csv,자연관광,자연경관(산)
포천,2023,9,2023-09,65,경기도,포천시,청성역사공원,303,포천 2023_09.csv,문화관광,도시공원
포천,2023,9,2023-09,66,경기도,포천시,황금낚시터,300,포천 2023_09.csv,레저스포츠,수상레저스포츠
포천,2023,9,2023-09,67,경기도,포천시,왕달아포도농원직판장,298,포천 2023_09.csv,체험관광,농/산/어촌체험
포천,2023,9,2023-09,67,경기도,포천시,포천패션타운,298,포천 2023_09.csv,쇼핑,쇼핑몰
포천,2023,9,2023-09,69,경기도,포천시,소흘생활체육공원,295,포천 2023_09.csv,문화관광,도시공원
포천,2023,9,2023-09,70,경기도,포천시,아프리카예술박물관,284,포천 2023_09.csv,문화관광,전시시설
포천,2023,9,2023-09,71,경기도,포천시,금주낚시터,275,포천 2023_09.csv,레저스포츠,수상레저스포츠
포천,2023,9,2023-09,72,경기도,포천시,길명낚시공원,272,포천 2023_09.csv,레저스포츠,수상레저스포츠
포천,2023,9,2023-09,73,경기도,포천시,직두리낚시터,269,포천 2023_09.csv,레저스포츠,수상레저스포츠
포천,2023,9,2023-09,73,경기도,포천시,청계지,269,포천 2023_09.csv,자연관광,자연경관(하천/해양)
포천,2023,9,2023-09,75,경기도,포천시,운천낚시공원,241,포천 2023_09.csv,레저스포츠,수상레저스포츠
포천,2023,9,2023-09,76,경기도,포천시,넉고개포도농원,233,포천 2023_09.csv,체험관광,농/산/어촌체험
포천,2023,9,2023-09,77,경기도,포천시,포천가구공단,226,포천 2023_09.csv,쇼핑,기타쇼핑시설
포천,2023,9,2023-09,78,경기도,포천시,가농바이오농장,213,포천 2023_09.csv,체험관광,농/산/어촌체험
포천,2023,9,2023-09,79,경기도,포천시,금주저수지,203,포천 2023_09.csv,자연관광,자연경관(하천/해양)
포천,2023,9,2023-09,80,경기도,포천시,새마을낚시터,196,포천 2023_09.csv,레저스포츠,수상레저스포츠
포천,2023,9,2023-09,81,경기도,포천시,왕산사,192,포천 2023_09.csv,역사관광,종교성지
포천,2023,9,2023-09,82,경기도,포천시,가람누리문화공원전망대,191,포천 2023_09.csv,문화관광,랜드마크관광
포천,2023,9,2023-09,83,경기도,포천시,포천야구장,153,포천 2023_09.csv,문화관광,레저스포츠시설
포천,2023,9,2023-09,84,경기도,포천시,산정랜드,143,포천 2023_09.csv,문화관광,복합관광시설
포천,2023,9,2023-09,85,경기도,포천시,구담사,136,포천 2023_09.csv,역사관광,종교성지
포천,2023,9,2023-09,85,경기도,포천시,무네미낚시터,136,포천 2023_09.csv,레저스포츠,수상레저스포츠
포천,2023,9,2023-09,87,경기도,포천시,포천자동차극장,134,포천 2023_09.csv,문화관광,공연시설
포천,2023,9,2023-09,88,경기도,포천시,황새목낚시터,133,포천 2023_09.csv,레저스포츠,수상레저스포츠
포천,2023,9,2023-09,88,경기도,포천시,설운체육공원,133,포천 2023_09.csv,문화관광,도시공원
포천,2023,9,2023-09,90,경기도,포천시,명성산억새밭,132,포천 2023_09.csv,기타관광,기타관광
포천,2023,9,2023-09,91,경기도,포천시,메향낚시터,127,포천 2023_09.csv,레저스포츠,수상레저스포츠
포천,2023,9,2023-09,91,경기도,포천시,포천신읍시장,127,포천 2023_09.csv,쇼핑,시장
포천,2023,9,2023-09,93,경기도,포천시,운천재래시장,123,포천 2023_09.csv,쇼핑,시장
포천,2023,9,2023-09,94,경기도,포천시,산정호수조각공원,119,포천 2023_09.csv,문화관광,도시공원
포천,2023,9,2023-09,95,경기도,포천시,블루밍팜,118,포천 2023_09.csv,체험관광,농/산/어촌체험
포천,2023,9,2023-09,95,경기도,포천시,송우공설시장,118,포천 2023_09.csv,쇼핑,시장
포천,2023,9,2023-09,97,경기도,포천시,흥룡사,113,포천 2023_09.csv,역사관광,종교성지
포천,2023,9,2023-09,98,경기도,포천시,포천하늘아래치유의숲,109,포천 2023_09.csv,기타관광,기타관광
포천,2023,9,2023-09,99,경기도,포천시,지장산계곡,106,포천 2023_09.csv,자연관광,자연경관(산)
포천,2023,9,2023-09,100,경기도,포천시,포천염광수련원,105,포천 2023_09.csv,레저스포츠,육상레저스포츠
포천,2023,9,2023-09,101,경기도,포천시,자인사,104,포천 2023_09.csv,역사관광,종교성지
포천,2023,9,2023-09,102,경기도,포천시,레이크밸리 승마클럽,99,포천 2023_09.csv,레저스포츠,기타레저스포츠
포천,2023,9,2023-09,103,경기도,포천시,청솔농원,98,포천 2023_09.csv,체험관광,농/산/어촌체험
포천,2023,9,2023-09,104,경기도,포천시,도마치계곡,92,포천 2023_09.csv,자연관광,자연경관(산)
포천,2023,9,2023-09,105,경기도,포천시,청계산,91,포천 2023_09.csv,자연관광,자연경관(산)
포천,2023,9,2023-09,106,경기도,포천시,나남수목원,90,포천 2023_09.csv,자연관광,자연공원
포천,2023,9,2023-09,107,경기도,포천시,청한베이스볼파크,88,포천 2023_09.csv,문화관광,레저스포츠시설
포천,2023,9,2023-09,108,경기도,포천시,수목원프로방스,84,포천 2023_09.csv,자연관광,자연공원
포천,2023,9,2023-09,109,경기도,포천시,갈월버섯농장,81,포천 2023_09.csv,체험관광,농/산/어촌체험
포천,2023,9,2023-09,109,경기도,포천시,용담대물낚시터,81,포천 2023_09.csv,레저스포츠,수상레저스포츠
포천,2023,9,2023-09,111,경기도,포천시,포천체육공원,78,포천 2023_09.csv,문화관광,도시공원
포천,2023,9,2023-09,112,경기도,포천시,대군정,74,포천 2023_09.csv,레저스포츠,육상레저스포츠
포천,2023,9,2023-09,112,경기도,포천시,멍우리협곡,74,포천 2023_09.csv,자연관광,자연경관(산)
포천,2023,9,2023-09,114,경기도,포천시,이항복선생묘,72,포천 2023_09.csv,역사관광,역사유적지
포천,2023,9,2023-09,115,경기도,포천시,강포저수지,71,포천 2023_09.csv,자연관광,자연경관(하천/해양)
포천,2023,9,2023-09,116,경기도,포천시,광암이벽유적지,66,포천 2023_09.csv,역사관광,역사유적지
포천,2023,9,2023-09,117,경기도,포천시,어하고개,65,포천 2023_09.csv,자연관광,자연경관(산)
포천,2023,9,2023-09,117,경기도,포천시,도리돌문화교류센터,65,포천 2023_09.csv,레저스포츠,기타레저스포츠
포천,2023,9,2023-09,117,경기도,포천시,은주네포도농원,65,포천 2023_09.csv,체험관광,농/산/어촌체험
포천,2023,9,2023-09,120,경기도,포천시,한화리조트산정호수온천,64,포천 2023_09.csv,체험관광,웰니스관광
포천,2023,9,2023-09,121,경기도,포천시,오지재고개,62,포천 2023_09.csv,자연관광,자연경관(산)
포천,2023,9,2023-09,122,경기도,포천시,태산낚시터,61,포천 2023_09.csv,레저스포츠,수상레저스포츠
포천,2023,9,2023-09,123,경기도,포천시,수목원포도농원,60,포천 2023_09.csv,체험관광,농/산/어촌체험
포천,2023,9,2023-09,123,경기도,포천시,일동시장,60,포천 2023_09.csv,쇼핑,시장
포천,2023,9,2023-09,123,경기도,포천시,태국군참전비,60,포천 2023_09.csv,역사관광,역사유물
포천,2023,9,2023-09,126,경기도,포천시,약천사,59,포천 2023_09.csv,역사관광,종교성지
포천,2023,9,2023-09,126,경기도,포천시,화엄사,59,포천 2023_09.csv,역사관광,종교성지
포천,2023,9,2023-09,128,경기도,포천시,백로주유원지,58,포천 2023_09.csv,문화관광,복합관광시설
포천,2023,9,2023-09,129,경기도,포천시,한탄강주상절리길3코스,57,포천 2023_09.csv,레저스포츠,기타레저스포츠
포천,2023,9,2023-09,130,경기도,포천시,천주사,55,포천 2023_09.csv,역사관광,종교성지
포천,2023,9,2023-09,131,경기도,포천시,우금낚시공원,54,포천 2023_09.csv,레저스포츠,수상레저스포츠
포천,2023,9,2023-09,132,경기도,포천시,베어스타운CC휴업중,53,포천 2023_09.csv,레저스포츠,육상레저스포츠
포천,2023,9,2023-09,133,경기도,포천시,한탄강팔호유원지,52,포천 2023_09.csv,문화관광,복합관광시설
포천,2023,9,2023-09,133,경기도,포천시,중리저수지,52,포천 2023_09.csv,자연관광,자연경관(하천/해양)
포천,2023,9,2023-09,133,경기도,포천시,클라우드시네마,52,포천 2023_09.csv,문화관광,공연시설
포천,2023,9,2023-09,136,경기도,포천시,Y스포츠센터,51,포천 2023_09.csv,레저스포츠,기타레저스포츠
포천,2023,9,2023-09,137,경기도,포천시,한탄강테마파크,50,포천 2023_09.csv,문화관광,테마공원
포천,2023,9,2023-09,138,경기도,포천시,루지월드베어스타운점,49,포천 2023_09.csv,레저스포츠,기타레저스포츠
포천,2023,9,2023-09,139,경기도,포천시,포천종합운동장보조구장,47,포천 2023_09.csv,문화관광,레저스포츠시설
포천,2023,9,2023-09,140,경기도,포천시,천주호,46,포천 2023_09.csv,자연관광,자연경관(하천/해양)
포천,2023,9,2023-09,141,경기도,포천시,모돈갤러리,45,포천 2023_09.csv,문화관광,전시시설
포천,2023,9,2023-09,142,경기도,포천시,깊이울저수지,44,포천 2023_09.csv,자연관광,자연경관(하천/해양)
포천,2023,9,2023-09,143,경기도,포천시,한탄강주상절리길2코스,43,포천 2023_09.csv,레저스포츠,기타레저스포츠
포천,2023,9,2023-09,143,경기도,포천시,상현네포도농원,43,포천 2023_09.csv,체험관광,농/산/어촌체험
포천,2023,9,2023-09,145,경기도,포천시,지청낚시터,40,포천 2023_09.csv,레저스포츠,수상레저스포츠
포천,2023,9,2023-09,146,경기도,포천시,백운산,38,포천 2023_09.csv,자연관광,자연경관(산)
포천,2023,9,2023-09,147,경기도,포천시,허브아일랜드불빛동화축제,37,포천 2023_09.csv,문화관광,기타문화관광지
포천,2023,9,2023-09,148,경기도,포천시,한과문화박물관,36,포천 2023_09.csv,문화관광,전시시설
포천,2023,9,2023-09,148,경기도,포천시,명성산,36,포천 2023_09.csv,자연관광,자연경관(산)
포천,2023,9,2023-09,148,경기도,포천시,국립산림박물관,36,포천 2023_09.csv,문화관광,전시시설
포천,2023,9,2023-09,148,경기도,포천시,왕방산,36,포천 2023_09.csv,자연관광,자연경관(산)
포천,2023,9,2023-09,148,경기도,포천시,마홀축구장,36,포천 2023_09.csv,문화관광,레저스포츠시설
포천,2023,9,2023-09,153,경기도,포천시,보문정사,35,포천 2023_09.csv,역사관광,종교성지
포천,2023,9,2023-09,153,경기도,포천시,포천파크골프장,35,포천 2023_09.csv,레저스포츠,기타레저스포츠
포천,2023,9,2023-09,155,경기도,포천시,청계산약수터,34,포천 2023_09.csv,자연관광,자연경관(산)
포천,2023,9,2023-09,155,경기도,포천시,포천향교,34,포천 2023_09.csv,역사관광,역사유적지
포천,2023,9,2023-09,157,경기도,포천시,수목원낚시터,33,포천 2023_09.csv,레저스포츠,수상레저스포츠
포천,2023,9,2023-09,158,경기도,포천시,신안농장,32,포천 2023_09.csv,체험관광,농/산/어촌체험
포천,2023,9,2023-09,159,경기도,포천시,자비사,31,포천 2023_09.csv,역사관광,종교성지
포천,2023,9,2023-09,159,경기도,포천시,동화사,31,포천 2023_09.csv,역사관광,종교성지
포천,2023,9,2023-09,159,경기도,포천시,포천아트밸리천문과학관,31,포천 2023_09.csv,문화관광,전시시설
포천,2023,9,2023-09,159,경기도,포천시,고모지,31,포천 2023_09.csv,자연관광,자연경관(하천/해양)
포천,2023,9,2023-09,163,경기도,포천시,도평리터미널,30,포천 2023_09.csv,기타관광,교통시설
포천,2023,9,2023-09,164,경기도,포천시,금룡사,29,포천 2023_09.csv,역사관광,종교성지
포천,2023,9,2023-09,164,경기도,포천시,서운동산어린이동물농장,29,포천 2023_09.csv,기타관광,기타관광
포천,2023,9,2023-09,164,경기도,포천시,미트빌연합사업단,29,포천 2023_09.csv,쇼핑,시장
포천,2023,9,2023-09,164,경기도,포천시,가온농장,29,포천 2023_09.csv,체험관광,농/산/어촌체험
포천,2023,9,2023-09,168,경기도,포천시,반디농장,28,포천 2023_09.csv,체험관광,농/산/어촌체험
포천,2023,9,2023-09,168,경기도,포천시,백운계곡국민관광지,28,포천 2023_09.csv,문화관광,복합관광시설
포천,2023,9,2023-09,168,경기도,포천시,통일대,28,포천 2023_09.csv,기타관광,기타관광
포천,2023,9,2023-09,171,경기도,포천시,광릉분재예술공원,27,포천 2023_09.csv,문화관광,도시공원
포천,2023,9,2023-09,172,경기도,포천시,종원포도,26,포천 2023_09.csv,체험관광,농/산/어촌체험
포천,2023,9,2023-09,173,경기도,포천시,한탄강주상절리길5코스,25,포천 2023_09.csv,레저스포츠,기타레저스포츠
포천,2023,9,2023-09,173,경기도,포천시,포천허브아일랜드 자동차극장,25,포천 2023_09.csv,문화관광,공연시설
포천,2023,9,2023-09,173,경기도,포천시,충목단,25,포천 2023_09.csv,역사관광,역사유적지
포천,2023,9,2023-09,173,경기도,포천시,운악레저타운,25,포천 2023_09.csv,레저스포츠,기타레저스포츠
포천,2023,9,2023-09,173,경기도,포천시,극락사,25,포천 2023_09.csv,역사관광,종교성지
포천,2023,9,2023-09,173,경기도,포천시,냉정낚시터,25,포천 2023_09.csv,레저스포츠,수상레저스포츠
포천,2023,9,2023-09,173,경기도,포천시,옥병서원,25,포천 2023_09.csv,역사관광,역사유적지
포천,2023,9,2023-09,180,경기도,포천시,송광사,24,포천 2023_09.csv,역사관광,종교성지
포천,2023,9,2023-09,181,경기도,포천시,종가농원,23,포천 2023_09.csv,체험관광,농/산/어촌체험
포천,2023,9,2023-09,181,경기도,포천시,유식물원,23,포천 2023_09.csv,문화관광,테마공원
포천,2023,9,2023-09,181,경기도,포천시,전운사,23,포천 2023_09.csv,역사관광,종교성지
포천,2023,9,2023-09,181,경기도,포천시,포천아우라지베개용암,23,포천 2023_09.csv,기타관광,기타관광
포천,2023,9,2023-09,185,경기도,포천시,털보낚시터,22,포천 2023_09.csv,레저스포츠,수상레저스포츠
포천,2023,9,2023-09,185,경기도,포천시,포천그린아울렛,22,포천 2023_09.csv,쇼핑,쇼핑몰
포천,2023,9,2023-09,185,경기도,포천시,옛뜰애관광농원,22,포천 2023_09.csv,체험관광,농/산/어촌체험
포천,2023,9,2023-09,188,경기도,포천시,포천직두리의부부송,21,포천 2023_09.csv,역사관광,역사유적지
포천,2023,9,2023-09,188,경기도,포천시,교동가마소,21,포천 2023_09.csv,기타관광,기타관광
포천,2023,9,2023-09,188,경기도,포천시,복길이네포도밭,21,포천 2023_09.csv,체험관광,농/산/어촌체험
포천,2023,9,2023-09,188,경기도,포천시,백운산광덕고개,21,포천 2023_09.csv,자연관광,자연경관(산)
포천,2023,9,2023-09,192,경기도,포천시,송일농장,20,포천 2023_09.csv,체험관광,농/산/어촌체험
포천,2023,9,2023-09,192,경기도,포천시,포천반월성,20,포천 2023_09.csv,역사관광,역사유적지
포천,2023,9,2023-09,192,경기도,포천시,산정호수명성산억새꽃축제,20,포천 2023_09.csv,문화관광,기타문화관광지
포천,2023,9,2023-09,192,경기도,포천시,화현저수지,20,포천 2023_09.csv,자연관광,자연경관(하천/해양)
포천,2023,9,2023-09,196,경기도,포천시,허브아일랜드핑크뮬리축제,19,포천 2023_09.csv,문화관광,기타문화관광지
포천,2023,9,2023-09,196,경기도,포천시,코버월드,19,포천 2023_09.csv,문화관광,전시시설
포천,2023,9,2023-09,198,경기도,포천시,도마치계곡유원지,18,포천 2023_09.csv,문화관광,복합관광시설
포천,2023,9,2023-09,198,경기도,포천시,복후미저수지,18,포천 2023_09.csv,자연관광,자연경관(하천/해양)
포천,2023,9,2023-09,198,경기도,포천시,독수리유격대전적비,18,포천 2023_09.csv,역사관광,역사유물
포천,2023,9,2023-09,201,경기도,포천시,포천농축산물축제,17,포천 2023_09.csv,문화관광,기타문화관광지
포천,2023,9,2023-09,202,경기도,포천시,금주산,16,포천 2023_09.csv,자연관광,자연경관(산)
포천,2023,9,2023-09,202,경기도,포천시,포천한우축제,16,포천 2023_09.csv,문화관광,기타문화관광지
포천,2023,9,2023-09,204,경기도,포천시,깜포도농원,15,포천 2023_09.csv,체험관광,농/산/어촌체험
포천,2023,9,2023-09,204,경기도,포천시,미륵사,15,포천 2023_09.csv,역사관광,종교성지
포천,2023,9,2023-09,204,경기도,포천시,달맞이농원은신정육점,15,포천 2023_09.csv,체험관광,농/산/어촌체험
포천,2023,9,2023-09,204,경기도,포천시,동부정,15,포천 2023_09.csv,레저스포츠,육상레저스포츠
포천,2023,9,2023-09,204,경기도,포천시,성불암,15,포천 2023_09.csv,역사관광,종교성지
포천,2023,9,2023-09,209,경기도,포천시,포천관광정보센터 청년여행LAB,14,포천 2023_09.csv,문화관광,기타문화관광지
포천,2023,9,2023-09,209,경기도,포천시,프로방스빌리지수영장,14,포천 2023_09.csv,문화관광,테마공원
포천,2023,9,2023-09,209,경기도,포천시,각흘산,14,포천 2023_09.csv,자연관광,자연경관(산)
포천,2023,9,2023-09,209,경기도,포천시,고모리수상레저,14,포천 2023_09.csv,레저스포츠,기타레저스포츠
포천,2023,9,2023-09,213,경기도,포천시,화산서원,13,포천 2023_09.csv,역사관광,역사유적지
포천,2023,9,2023-09,213,경기도,포천시,용연서원,13,포천 2023_09.csv,역사관광,역사유적지
포천,2023,9,2023-09,213,경기도,포천시,왕방산왕방사방면,13,포천 2023_09.csv,자연관광,자연경관(산)
포천,2023,9,2023-09,213,경기도,포천시,청계유원지,13,포천 2023_09.csv,문화관광,복합관광시설
포천,2023,9,2023-09,213,경기도,포천시,키즈필포천송우점,13,포천 2023_09.csv,문화관광,테마공원
포천,2023,9,2023-09,218,경기도,포천시,부소천교,12,포천 2023_09.csv,기타관광,기타관광
포천,2023,9,2023-09,218,경기도,포천시,향림사,12,포천 2023_09.csv,역사관광,종교성지
포천,2023,9,2023-09,220,경기도,포천시,청수농원,11,포천 2023_09.csv,체험관광,농/산/어촌체험
포천,2023,9,2023-09,220,경기도,포천시,법왕사,11,포천 2023_09.csv,역사관광,종교성지
포천,2023,9,2023-09,220,경기도,포천시,영평천,11,포천 2023_09.csv,자연관광,자연공원
포천,2023,9,2023-09,223,경기도,포천시,영일포도농원,10,포천 2023_09.csv,체험관광,농/산/어촌체험
포천,2023,9,2023-09,223,경기도,포천시,이항복선생기념관,10,포천 2023_09.csv,문화관광,전시시설
포천,2023,9,2023-09,223,경기도,포천시,본선사,10,포천 2023_09.csv,역사관광,종교성지
포천,2023,9,2023-09,223,경기도,포천시,만덕사,10,포천 2023_09.csv,역사관광,종교성지
포천,2023,9,2023-09,223,경기도,포천시,직동낚시터,10,포천 2023_09.csv,레저스포츠,수상레저스포츠
포천,2023,9,2023-09,223,경기도,포천시,대안사,10,포천 2023_09.csv,역사관광,종교성지
포천,2023,9,2023-09,223,경기도,포천시,미륵박물관,10,포천 2023_09.csv,문화관광,전시시설
포천,2023,9,2023-09,223,경기도,포천시,중리테마파크낚시터,10,포천 2023_09.csv,레저스포츠,수상레저스포츠
포천,2023,9,2023-09,223,경기도,포천시,한탄임진강지질공원,10,포천 2023_09.csv,문화관광,도시공원
포천,2023,9,2023-09,223,경기도,포천시,동교하우스낚시터,10,포천 2023_09.csv,레저스포츠,수상레저스포츠
포천,2023,9,2023-09,223,경기도,포천시,향적사,10,포천 2023_09.csv,역사관광,종교성지
포천,2023,9,2023-09,223,경기도,포천시,장암저수지,10,포천 2023_09.csv,자연관광,자연경관(하천/해양)
포천,2023,9,2023-09,223,경기도,포천시,포천레이스웨이,10,포천 2023_09.csv,레저스포츠,육상레저스포츠
포천,2023,9,2023-09,236,경기도,포천시,자이언트복싱짐,9,포천 2023_09.csv,레저스포츠,기타레저스포츠
포천,2023,9,2023-09,236,경기도,포천시,포천목공체험장,9,포천 2023_09.csv,문화관광,기타문화관광지
포천,2023,9,2023-09,236,경기도,포천시,베스트원스포츠,9,포천 2023_09.csv,레저스포츠,기타레저스포츠
포천,2023,9,2023-09,236,경기도,포천시,기원정사,9,포천 2023_09.csv,역사관광,종교성지
포천,2023,9,2023-09,236,경기도,포천시,도마치고개,9,포천 2023_09.csv,자연관광,자연경관(산)
포천,2023,9,2023-09,236,경기도,포천시,마전저수지,9,포천 2023_09.csv,자연관광,자연경관(하천/해양)
포천,2023,9,2023-09,236,경기도,포천시,선유담계곡,9,포천 2023_09.csv,자연관광,자연경관(산)
포천,2023,9,2023-09,236,경기도,포천시,선광사,9,포천 2023_09.csv,역사관광,종교성지
포천,2023,9,2023-09,236,경기도,포천시,운주사,9,포천 2023_09.csv,역사관광,종교성지
포천,2023,9,2023-09,236,경기도,포천시,초가낚시터,9,포천 2023_09.csv,레저스포츠,수상레저스포츠
포천,2023,9,2023-09,236,경기도,포천시,소야사과농장,9,포천 2023_09.csv,체험관광,농/산/어촌체험
포천,2023,9,2023-09,236,경기도,포천시,보림사,9,포천 2023_09.csv,역사관광,종교성지
포천,2023,9,2023-09,236,경기도,포천시,지질트레일1코스,9,포천 2023_09.csv,레저스포츠,기타레저스포츠
포천,2023,9,2023-09,236,경기도,포천시,평화나무농장,9,포천 2023_09.csv,체험관광,농/산/어촌체험
포천,2023,9,2023-09,250,경기도,포천시,옹장굴,8,포천 2023_09.csv,체험관광,농/산/어촌체험
포천,2023,9,2023-09,251,경기도,포천시,소흘생활체육공원인공암벽장,7,포천 2023_09.csv,레저스포츠,기타레저스포츠
포천,2023,9,2023-09,251,경기도,포천시,포천소민농장,7,포천 2023_09.csv,체험관광,농/산/어촌체험
포천,2023,9,2023-09,251,경기도,포천시,인평대군묘및신도비,7,포천 2023_09.csv,역사관광,역사유적지
포천,2023,9,2023-09,251,경기도,포천시,산정호수관광단지,7,포천 2023_09.csv,문화관광,복합관광시설
포천,2023,9,2023-09,251,경기도,포천시,명산저수지,7,포천 2023_09.csv,자연관광,자연경관(하천/해양)
포천,2023,9,2023-09,251,경기도,포천시,포천블루파크,7,포천 2023_09.csv,문화관광,테마공원
포천,2023,9,2023-09,251,경기도,포천시,용주암,7,포천 2023_09.csv,역사관광,종교성지
포천,2023,9,2023-09,251,경기도,포천시,예랑농원,7,포천 2023_09.csv,체험관광,농/산/어촌체험
포천,2023,9,2023-09,251,경기도,포천시,천은사,7,포천 2023_09.csv,역사관광,종교성지
포천,2023,9,2023-09,260,경기도,포천시,한내소극장,6,포천 2023_09.csv,문화관광,공연시설
포천,2023,9,2023-09,260,경기도,포천시,무상사,6,포천 2023_09.csv,역사관광,종교성지
포천,2023,9,2023-09,260,경기도,포천시,한탄강주상절리길4코스,6,포천 2023_09.csv,레저스포츠,기타레저스포츠
포천,2023,9,2023-09,260,경기도,포천시,관음사,6,포천 2023_09.csv,역사관광,종교성지
포천,2023,9,2023-09,260,경기도,포천시,밤밭실내장어낚시터,6,포천 2023_09.csv,레저스포츠,수상레저스포츠
포천,2023,9,2023-09,260,경기도,포천시,정우사과원,6,포천 2023_09.csv,체험관광,농/산/어촌체험
포천,2023,9,2023-09,260,경기도,포천시,초계목장,6,포천 2023_09.csv,체험관광,농/산/어촌체험
포천,2023,9,2023-09,260,경기도,포천시,보현사,6,포천 2023_09.csv,역사관광,종교성지
포천,2023,9,2023-09,260,경기도,포천시,태봉공원,6,포천 2023_09.csv,문화관광,도시공원
포천,2023,9,2023-09,260,경기도,포천시,능원관광낚시터,6,포천 2023_09.csv,레저스포츠,수상레저스포츠
포천,2023,9,2023-09,260,경기도,포천시,홀스킹덤팜스테이,6,포천 2023_09.csv,레저스포츠,육상레저스포츠
포천,2023,9,2023-09,260,경기도,포천시,축구장소흘생활체육공원,6,포천 2023_09.csv,문화관광,레저스포츠시설
포천,2023,9,2023-09,260,경기도,포천시,다산농산,6,포천 2023_09.csv,체험관광,농/산/어촌체험
포천,2023,9,2023-09,260,경기도,포천시,한탄강야생화공원,6,포천 2023_09.csv,문화관광,도시공원
포천,2023,9,2023-09,260,경기도,포천시,포천운산리자연생태공원,6,포천 2023_09.csv,문화관광,도시공원
포천,2023,9,2023-09,260,경기도,포천시,승법사,6,포천 2023_09.csv,역사관광,종교성지
포천,2023,9,2023-09,260,경기도,포천시,한탄강대교천현무암협곡,6,포천 2023_09.csv,기타관광,기타관광
포천,2023,9,2023-09,260,경기도,포천시,황제다육식물농장,6,포천 2023_09.csv,체험관광,농/산/어촌체험
포천,2023,9,2023-09,260,경기도,포천시,축석포도농원,6,포천 2023_09.csv,체험관광,농/산/어촌체험
포천,2023,9,2023-09,260,경기도,포천시,국봉사,6,포천 2023_09.csv,역사관광,종교성지
포천,2023,9,2023-09,260,경기도,포천시,보광사,6,포천 2023_09.csv,역사관광,종교성지
포천,2023,9,2023-09,260,경기도,포천시,서광사,6,포천 2023_09.csv,역사관광,종교성지
포천,2023,9,2023-09,260,경기도,포천시,예산농장,6,포천 2023_09.csv,체험관광,농/산/어촌체험
포천,2023,9,2023-09,283,경기도,포천시,관인문화마을,5,포천 2023_09.csv,기타관광,기타관광
포천,2023,9,2023-09,283,경기도,포천시,낙천지폭포,5,포천 2023_09.csv,자연관광,자연경관(산)
포천,2023,9,2023-09,283,경기도,포천시,성주사,5,포천 2023_09.csv,역사관광,종교성지
포천,2023,9,2023-09,283,경기도,포천시,인흥군릉,5,포천 2023_09.csv,역사관광,역사유적지
포천,2023,9,2023-09,283,경기도,포천시,다래레저,5,포천 2023_09.csv,레저스포츠,수상레저스포츠
포천,2023,9,2023-09,288,경기도,포천시,포천정,4,포천 2023_09.csv,레저스포츠,육상레저스포츠
포천,2023,9,2023-09,288,경기도,포천시,일동금주산양어장,4,포천 2023_09.csv,체험관광,농/산/어촌체험
포천,2023,9,2023-09,288,경기도,포천시,소흘이모야,4,포천 2023_09.csv,체험관광,공예체험
포천,2023,9,2023-09,288,경기도,포천시,허브와야생화마을,4,포천 2023_09.csv,문화관광,테마공원
포천,2023,9,2023-09,288,경기도,포천시,웨스턴벨리,4,포천 2023_09.csv,레저스포츠,육상레저스포츠
포천,2023,9,2023-09,288,경기도,포천시,호스랜드승마클럽,4,포천 2023_09.csv,레저스포츠,육상레저스포츠
포천,2023,9,2023-09,288,경기도,포천시,무림사,4,포천 2023_09.csv,역사관광,종교성지
포천,2023,9,2023-09,288,경기도,포천시,대한불교조계종정변지사,4,포천 2023_09.csv,역사관광,종교성지
포천,2023,9,2023-09,288,경기도,포천시,하심곡,4,포천 2023_09.csv,자연관광,자연경관(하천/해양)
포천,2023,9,2023-09,288,경기도,포천시,호국팔정사,4,포천 2023_09.csv,역사관광,종교성지
포천,2023,9,2023-09,288,경기도,포천시,순해목장,4,포천 2023_09.csv,체험관광,농/산/어촌체험
포천,2023,9,2023-09,299,경기도,포천시,정서네포도농원,3,포천 2023_09.csv,체험관광,농/산/어촌체험
포천,2023,9,2023-09,299,경기도,포천시,산안고개,3,포천 2023_09.csv,자연관광,자연경관(산)
포천,2023,9,2023-09,299,경기도,포천시,미진농원,3,포천 2023_09.csv,체험관광,농/산/어촌체험
포천,2023,9,2023-09,299,경기도,포천시,구라이골,3,포천 2023_09.csv,기타관광,기타관광
포천,2023,9,2023-09,299,경기도,포천시,권종충신문,3,포천 2023_09.csv,역사관광,역사유적지
포천,2023,9,2023-09,299,경기도,포천시,포천하늘딸기농장,3,포천 2023_09.csv,체험관광,농/산/어촌체험
포천,2023,9,2023-09,299,경기도,포천시,약사계곡,3,포천 2023_09.csv,자연관광,자연경관(산)
포천,2023,9,2023-09,299,경기도,포천시,화요공방,3,포천 2023_09.csv,체험관광,공예체험
포천,2023,9,2023-09,299,경기도,포천시,황금프라자,3,포천 2023_09.csv,쇼핑,쇼핑몰
포천,2023,9,2023-09,299,경기도,포천시,풍림농장,3,포천 2023_09.csv,체험관광,농/산/어촌체험
포천,2023,9,2023-09,299,경기도,포천시,쌍불사,3,포천 2023_09.csv,역사관광,종교성지
포천,2023,9,2023-09,299,경기도,포천시,해마루사과농원,3,포천 2023_09.csv,체험관광,농/산/어촌체험
포천,2023,9,2023-09,299,경기도,포천시,솔모루공원,3,포천 2023_09.csv,문화관광,도시공원
포천,2023,9,2023-09,299,경기도,포천시,내리공설시장,3,포천 2023_09.csv,쇼핑,시장
포천,2023,9,2023-09,299,경기도,포천시,밤밭지,3,포천 2023_09.csv,자연관광,자연경관(하천/해양)
포천,2023,9,2023-09,299,경기도,포천시,명성산산안고개방면,3,포천 2023_09.csv,자연관광,자연경관(산)
포천,2023,9,2023-09,299,경기도,포천시,운악산포천운주사방면,3,포천 2023_09.csv,자연관광,자연경관(산)
포천,2023,9,2023-09,299,경기도,포천시,배모루유원지,3,포천 2023_09.csv,문화관광,복합관광시설
포천,2023,9,2023-09,299,경기도,포천시,봉운사,3,포천 2023_09.csv,역사관광,종교성지
포천,2023,9,2023-09,299,경기도,포천시,금수정,3,포천 2023_09.csv,역사관광,역사유적지
포천,2023,9,2023-09,299,경기도,포천시,만미사,3,포천 2023_09.csv,역사관광,종교성지
포천,2023,9,2023-09,299,경기도,포천시,허브아일랜드산타마을,3,포천 2023_09.csv,문화관광,테마공원
포천,2023,9,2023-09,299,경기도,포천시,무림포도농원,3,포천 2023_09.csv,체험관광,농/산/어촌체험
포천,2023,9,2023-09,299,경기도,포천시,깊이울낚시터,3,포천 2023_09.csv,레저스포츠,수상레저스포츠
포천,2023,9,2023-09,299,경기도,포천시,포천용담저수지,3,포천 2023_09.csv,자연관광,자연경관(하천/해양)
포천,2023,9,2023-09,299,경기도,포천시,영풍농원,3,포천 2023_09.csv,체험관광,농/산/어촌체험
포천,2023,9,2023-09,299,경기도,포천시,성불사,3,포천 2023_09.csv,역사관광,종교성지
포천,2023,9,2023-09,299,경기도,포천시,금불사,3,포천 2023_09.csv,역사관광,종교성지
포천,2023,9,2023-09,299,경기도,포천시,리틀비틀운천점,3,포천 2023_09.csv,문화관광,테마공원
포천,2023,9,2023-09,299,경기도,포천시,육림호,3,포천 2023_09.csv,자연관광,자연경관(하천/해양)
포천,2023,10,2023-10,1,경기도,포천시,허브아일랜드,16549,포천 2023_10.csv,체험관광,농/산/어촌체험
포천,2023,10,2023-10,2,경기도,포천시,산정호수,15954,포천 2023_10.csv,자연관광,자연경관(하천/해양)
포천,2023,10,2023-10,3,경기도,포천시,국립수목원,14253,포천 2023_10.csv,문화관광,테마공원
포천,2023,10,2023-10,4,경기도,포천시,포천힐마루CC,10410,포천 2023_10.csv,레저스포츠,육상레저스포츠
포천,2023,10,2023-10,5,경기도,포천시,포천아트밸리,9380,포천 2023_10.csv,문화관광,공연시설
포천,2023,10,2023-10,6,경기도,포천시,베어크리크GC,9361,포천 2023_10.csv,레저스포츠,육상레저스포츠
포천,2023,10,2023-10,7,경기도,포천시,포천힐스CC,9002,포천 2023_10.csv,레저스포츠,육상레저스포츠
포천,2023,10,2023-10,8,경기도,포천시,라싸GC,8031,포천 2023_10.csv,레저스포츠,육상레저스포츠
포천,2023,10,2023-10,9,경기도,포천시,대유몽베르CC,7870,포천 2023_10.csv,레저스포츠,육상레저스포츠
포천,2023,10,2023-10,10,경기도,포천시,필로스GC,7122,포천 2023_10.csv,레저스포츠,육상레저스포츠
포천,2023,10,2023-10,11,경기도,포천시,비둘기낭폭포,7110,포천 2023_10.csv,자연관광,자연경관(산)
포천,2023,10,2023-10,12,경기도,포천시,푸른솔GC포천,6919,포천 2023_10.csv,레저스포츠,육상레저스포츠
포천,2023,10,2023-10,13,경기도,포천시,포레스트힐CC,6664,포천 2023_10.csv,레저스포츠,육상레저스포츠
포천,2023,10,2023-10,14,경기도,포천시,포천아도니스CC,6484,포천 2023_10.csv,레저스포츠,육상레저스포츠
포천,2023,10,2023-10,15,경기도,포천시,고모저수지,5935,포천 2023_10.csv,자연관광,자연경관(하천/해양)
포천,2023,10,2023-10,16,경기도,포천시,참밸리컨트리클럽,3811,포천 2023_10.csv,레저스포츠,육상레저스포츠
포천,2023,10,2023-10,17,경기도,포천시,샴발라CC,3708,포천 2023_10.csv,레저스포츠,육상레저스포츠
포천,2023,10,2023-10,18,경기도,포천시,일동레이크GC,3676,포천 2023_10.csv,레저스포츠,육상레저스포츠
포천,2023,10,2023-10,19,경기도,포천시,포천한탄강하늘다리,3636,포천 2023_10.csv,기타관광,기타관광
포천,2023,10,2023-10,20,경기도,포천시,일동시외버스터미널,3630,포천 2023_10.csv,기타관광,교통시설
포천,2023,10,2023-10,21,경기도,포천시,한탄강주상절리길1코스,2591,포천 2023_10.csv,레저스포츠,기타레저스포츠
포천,2023,10,2023-10,22,경기도,포천시,서운동산,2442,포천 2023_10.csv,문화관광,복합관광시설
포천,2023,10,2023-10,23,경기도,포천시,명성산억새밭,2427,포천 2023_10.csv,기타관광,기타관광
포천,2023,10,2023-10,24,경기도,포천시,신북온천스프링폴,2215,포천 2023_10.csv,체험관광,웰니스관광
포천,2023,10,2023-10,25,경기도,포천시,제일유황온천,1968,포천 2023_10.csv,체험관광,웰니스관광
포천,2023,10,2023-10,26,경기도,포천시,평강랜드,1939,포천 2023_10.csv,문화관광,테마공원
포천,2023,10,2023-10,27,경기도,포천시,백운계곡,1877,포천 2023_10.csv,자연관광,자연경관(산)
포천,2023,10,2023-10,28,경기도,포천시,어메이징파크,1553,포천 2023_10.csv,문화관광,전시시설
포천,2023,10,2023-10,29,경기도,포천시,산사원,1405,포천 2023_10.csv,문화관광,전시시설
포천,2023,10,2023-10,30,경기도,포천시,락가든GC,1393,포천 2023_10.csv,레저스포츠,육상레저스포츠
포천,2023,10,2023-10,31,경기도,포천시,한탄강생태경관단지,1237,포천 2023_10.csv,기타관광,기타관광
포천,2023,10,2023-10,32,경기도,포천시,송우시외버스터미널,1211,포천 2023_10.csv,기타관광,교통시설
포천,2023,10,2023-10,33,경기도,포천시,CGV포천,1147,포천 2023_10.csv,문화관광,공연시설
포천,2023,10,2023-10,34,경기도,포천시,베어스타운스키장휴업중,1099,포천 2023_10.csv,레저스포츠,육상레저스포츠
포천,2023,10,2023-10,35,경기도,포천시,포천시외버스터미널,1070,포천 2023_10.csv,기타관광,교통시설
포천,2023,10,2023-10,36,경기도,포천시,운악산자연휴양림,1068,포천 2023_10.csv,자연관광,자연공원
포천,2023,10,2023-10,37,경기도,포천시,포천아도니스퍼블릭CC,1058,포천 2023_10.csv,레저스포츠,육상레저스포츠
포천,2023,10,2023-10,38,경기도,포천시,호국금강사,884,포천 2023_10.csv,역사관광,종교성지
포천,2023,10,2023-10,39,경기도,포천시,포천반월아트홀,853,포천 2023_10.csv,문화관광,공연시설
포천,2023,10,2023-10,40,경기도,포천시,한탄강지질공원센터,800,포천 2023_10.csv,문화관광,전시시설
포천,2023,10,2023-10,41,경기도,포천시,산정호수명성산억새꽃축제,787,포천 2023_10.csv,문화관광,기타문화관광지
포천,2023,10,2023-10,42,경기도,포천시,밤밭낚시터,720,포천 2023_10.csv,레저스포츠,수상레저스포츠
포천,2023,10,2023-10,43,경기도,포천시,주파크,659,포천 2023_10.csv,문화관광,테마공원
포천,2023,10,2023-10,44,경기도,포천시,축석고개,655,포천 2023_10.csv,자연관광,자연경관(산)
포천,2023,10,2023-10,45,경기도,포천시,수목원고모호수공원,623,포천 2023_10.csv,문화관광,도시공원
포천,2023,10,2023-10,46,경기도,포천시,낭만닥터김사부촬영지,587,포천 2023_10.csv,문화관광,기타문화관광지
포천,2023,10,2023-10,47,경기도,포천시,마전낚시터,578,포천 2023_10.csv,레저스포츠,수상레저스포츠
포천,2023,10,2023-10,48,경기도,포천시,동교낚시터,577,포천 2023_10.csv,레저스포츠,수상레저스포츠
포천,2023,10,2023-10,49,경기도,포천시,쌍방죽낚시터,563,포천 2023_10.csv,레저스포츠,수상레저스포츠
포천,2023,10,2023-10,50,경기도,포천시,포천패션타운,557,포천 2023_10.csv,쇼핑,쇼핑몰
포천,2023,10,2023-10,51,경기도,포천시,포천화적연,555,포천 2023_10.csv,자연관광,자연경관(하천/해양)
포천,2023,10,2023-10,52,경기도,포천시,광릉수목원자동차극장,523,포천 2023_10.csv,문화관광,공연시설
포천,2023,10,2023-10,53,경기도,포천시,초원낚시터,521,포천 2023_10.csv,레저스포츠,수상레저스포츠
포천,2023,10,2023-10,54,경기도,포천시,포천5일장,499,포천 2023_10.csv,쇼핑,시장
포천,2023,10,2023-10,55,경기도,포천시,내촌낚시터,496,포천 2023_10.csv,레저스포츠,수상레저스포츠
포천,2023,10,2023-10,56,경기도,포천시,도성사,485,포천 2023_10.csv,역사관광,종교성지
포천,2023,10,2023-10,57,경기도,포천시,운악산,469,포천 2023_10.csv,자연관광,자연경관(산)
포천,2023,10,2023-10,58,경기도,포천시,포천수원산정상전망대,443,포천 2023_10.csv,문화관광,랜드마크관광
포천,2023,10,2023-10,59,경기도,포천시,가산낚시터,438,포천 2023_10.csv,레저스포츠,수상레저스포츠
포천,2023,10,2023-10,60,경기도,포천시,명성산,434,포천 2023_10.csv,자연관광,자연경관(산)
포천,2023,10,2023-10,61,경기도,포천시,국망봉자연휴양림,418,포천 2023_10.csv,자연관광,자연공원
포천,2023,10,2023-10,62,경기도,포천시,깊이울유원지,397,포천 2023_10.csv,문화관광,복합관광시설
포천,2023,10,2023-10,63,경기도,포천시,소흘생활체육공원,373,포천 2023_10.csv,문화관광,도시공원
포천,2023,10,2023-10,64,경기도,포천시,백운계곡유원지,362,포천 2023_10.csv,문화관광,복합관광시설
포천,2023,10,2023-10,65,경기도,포천시,천보산자연휴양림,350,포천 2023_10.csv,자연관광,자연공원
포천,2023,10,2023-10,66,경기도,포천시,청성역사공원,345,포천 2023_10.csv,문화관광,도시공원
포천,2023,10,2023-10,67,경기도,포천시,가산저수지,339,포천 2023_10.csv,자연관광,자연경관(하천/해양)
포천,2023,10,2023-10,68,경기도,포천시,가람누리문화공원전망대,338,포천 2023_10.csv,문화관광,랜드마크관광
포천,2023,10,2023-10,69,경기도,포천시,황금낚시터,332,포천 2023_10.csv,레저스포츠,수상레저스포츠
포천,2023,10,2023-10,69,경기도,포천시,포천스포츠센터,332,포천 2023_10.csv,레저스포츠,기타레저스포츠
포천,2023,10,2023-10,71,경기도,포천시,청계지,304,포천 2023_10.csv,자연관광,자연경관(하천/해양)
포천,2023,10,2023-10,72,경기도,포천시,냉정저수지,252,포천 2023_10.csv,자연관광,자연경관(하천/해양)
포천,2023,10,2023-10,73,경기도,포천시,왕산사,246,포천 2023_10.csv,역사관광,종교성지
포천,2023,10,2023-10,74,경기도,포천시,길명낚시공원,240,포천 2023_10.csv,레저스포츠,수상레저스포츠
포천,2023,10,2023-10,75,경기도,포천시,포천가구공단,229,포천 2023_10.csv,쇼핑,기타쇼핑시설
포천,2023,10,2023-10,76,경기도,포천시,금주낚시터,225,포천 2023_10.csv,레저스포츠,수상레저스포츠
포천,2023,10,2023-10,77,경기도,포천시,아프리카예술박물관,211,포천 2023_10.csv,문화관광,전시시설
포천,2023,10,2023-10,78,경기도,포천시,산정호수조각공원,209,포천 2023_10.csv,문화관광,도시공원
포천,2023,10,2023-10,79,경기도,포천시,나남수목원,202,포천 2023_10.csv,자연관광,자연공원
포천,2023,10,2023-10,80,경기도,포천시,허브아일랜드핑크뮬리축제,194,포천 2023_10.csv,문화관광,기타문화관광지
포천,2023,10,2023-10,81,경기도,포천시,운천낚시공원,192,포천 2023_10.csv,레저스포츠,수상레저스포츠
포천,2023,10,2023-10,82,경기도,포천시,한화리조트산정호수온천,183,포천 2023_10.csv,체험관광,웰니스관광
포천,2023,10,2023-10,83,경기도,포천시,직두리낚시터,170,포천 2023_10.csv,레저스포츠,수상레저스포츠
포천,2023,10,2023-10,84,경기도,포천시,산정랜드,159,포천 2023_10.csv,문화관광,복합관광시설
포천,2023,10,2023-10,85,경기도,포천시,금주저수지,151,포천 2023_10.csv,자연관광,자연경관(하천/해양)
포천,2023,10,2023-10,86,경기도,포천시,한탄강주상절리길3코스,144,포천 2023_10.csv,레저스포츠,기타레저스포츠
포천,2023,10,2023-10,87,경기도,포천시,운천재래시장,142,포천 2023_10.csv,쇼핑,시장
포천,2023,10,2023-10,88,경기도,포천시,가농바이오농장,137,포천 2023_10.csv,체험관광,농/산/어촌체험
포천,2023,10,2023-10,88,경기도,포천시,포천체육공원,137,포천 2023_10.csv,문화관광,도시공원
포천,2023,10,2023-10,90,경기도,포천시,포천자동차극장,136,포천 2023_10.csv,문화관광,공연시설
포천,2023,10,2023-10,91,경기도,포천시,포천신읍시장,135,포천 2023_10.csv,쇼핑,시장
포천,2023,10,2023-10,92,경기도,포천시,새마을낚시터,134,포천 2023_10.csv,레저스포츠,수상레저스포츠
포천,2023,10,2023-10,92,경기도,포천시,신안농장,134,포천 2023_10.csv,체험관광,농/산/어촌체험
포천,2023,10,2023-10,94,경기도,포천시,블루밍팜,131,포천 2023_10.csv,체험관광,농/산/어촌체험
포천,2023,10,2023-10,95,경기도,포천시,포천염광수련원,129,포천 2023_10.csv,레저스포츠,육상레저스포츠
포천,2023,10,2023-10,96,경기도,포천시,포천축구공원,119,포천 2023_10.csv,문화관광,도시공원
포천,2023,10,2023-10,97,경기도,포천시,송우공설시장,118,포천 2023_10.csv,쇼핑,시장
포천,2023,10,2023-10,97,경기도,포천시,포천하늘아래치유의숲,118,포천 2023_10.csv,기타관광,기타관광
포천,2023,10,2023-10,99,경기도,포천시,서운동산어린이동물농장,116,포천 2023_10.csv,기타관광,기타관광
포천,2023,10,2023-10,100,경기도,포천시,자인사,113,포천 2023_10.csv,역사관광,종교성지
포천,2023,10,2023-10,101,경기도,포천시,멍우리협곡,110,포천 2023_10.csv,자연관광,자연경관(산)
포천,2023,10,2023-10,102,경기도,포천시,한탄임진강지질공원,109,포천 2023_10.csv,문화관광,도시공원
포천,2023,10,2023-10,103,경기도,포천시,레이크밸리 승마클럽,108,포천 2023_10.csv,레저스포츠,기타레저스포츠
포천,2023,10,2023-10,104,경기도,포천시,무네미낚시터,102,포천 2023_10.csv,레저스포츠,수상레저스포츠
포천,2023,10,2023-10,105,경기도,포천시,황새목낚시터,98,포천 2023_10.csv,레저스포츠,수상레저스포츠
포천,2023,10,2023-10,106,경기도,포천시,한탄강테마파크,95,포천 2023_10.csv,문화관광,테마공원
포천,2023,10,2023-10,106,경기도,포천시,메향낚시터,95,포천 2023_10.csv,레저스포츠,수상레저스포츠
포천,2023,10,2023-10,106,경기도,포천시,흥룡사,95,포천 2023_10.csv,역사관광,종교성지
포천,2023,10,2023-10,109,경기도,포천시,포천야구장,94,포천 2023_10.csv,문화관광,레저스포츠시설
포천,2023,10,2023-10,110,경기도,포천시,구담사,90,포천 2023_10.csv,역사관광,종교성지
포천,2023,10,2023-10,111,경기도,포천시,광암이벽유적지,87,포천 2023_10.csv,역사관광,역사유적지
포천,2023,10,2023-10,111,경기도,포천시,허브아일랜드불빛동화축제,87,포천 2023_10.csv,문화관광,기타문화관광지
포천,2023,10,2023-10,113,경기도,포천시,포천허브아일랜드 자동차극장,86,포천 2023_10.csv,문화관광,공연시설
포천,2023,10,2023-10,114,경기도,포천시,한탄강주상절리길2코스,85,포천 2023_10.csv,레저스포츠,기타레저스포츠
포천,2023,10,2023-10,115,경기도,포천시,용담대물낚시터,84,포천 2023_10.csv,레저스포츠,수상레저스포츠
포천,2023,10,2023-10,116,경기도,포천시,갈월버섯농장,83,포천 2023_10.csv,체험관광,농/산/어촌체험
포천,2023,10,2023-10,117,경기도,포천시,설운체육공원,81,포천 2023_10.csv,문화관광,도시공원
포천,2023,10,2023-10,118,경기도,포천시,한탄강팔호유원지,72,포천 2023_10.csv,문화관광,복합관광시설
포천,2023,10,2023-10,119,경기도,포천시,강포저수지,69,포천 2023_10.csv,자연관광,자연경관(하천/해양)
포천,2023,10,2023-10,120,경기도,포천시,국립산림박물관,66,포천 2023_10.csv,문화관광,전시시설
포천,2023,10,2023-10,121,경기도,포천시,코버월드,64,포천 2023_10.csv,문화관광,전시시설
포천,2023,10,2023-10,122,경기도,포천시,한탄강주상절리길5코스,61,포천 2023_10.csv,레저스포츠,기타레저스포츠
포천,2023,10,2023-10,123,경기도,포천시,베어스타운CC휴업중,57,포천 2023_10.csv,레저스포츠,육상레저스포츠
포천,2023,10,2023-10,123,경기도,포천시,수목원프로방스,57,포천 2023_10.csv,자연관광,자연공원
포천,2023,10,2023-10,123,경기도,포천시,청한베이스볼파크,57,포천 2023_10.csv,문화관광,레저스포츠시설
포천,2023,10,2023-10,126,경기도,포천시,포천파크골프장,54,포천 2023_10.csv,레저스포츠,기타레저스포츠
포천,2023,10,2023-10,127,경기도,포천시,일동시장,53,포천 2023_10.csv,쇼핑,시장
포천,2023,10,2023-10,128,경기도,포천시,운악레저타운,52,포천 2023_10.csv,레저스포츠,기타레저스포츠
포천,2023,10,2023-10,129,경기도,포천시,천주호,51,포천 2023_10.csv,자연관광,자연경관(하천/해양)
포천,2023,10,2023-10,130,경기도,포천시,포천운산리자연생태공원,50,포천 2023_10.csv,문화관광,도시공원
포천,2023,10,2023-10,130,경기도,포천시,오지재고개,50,포천 2023_10.csv,자연관광,자연경관(산)
포천,2023,10,2023-10,132,경기도,포천시,태국군참전비,49,포천 2023_10.csv,역사관광,역사유물
포천,2023,10,2023-10,133,경기도,포천시,백운산,46,포천 2023_10.csv,자연관광,자연경관(산)
포천,2023,10,2023-10,134,경기도,포천시,마홀축구장,42,포천 2023_10.csv,문화관광,레저스포츠시설
포천,2023,10,2023-10,135,경기도,포천시,자비사,41,포천 2023_10.csv,역사관광,종교성지
포천,2023,10,2023-10,136,경기도,포천시,포천종합운동장보조구장,40,포천 2023_10.csv,문화관광,레저스포츠시설
포천,2023,10,2023-10,136,경기도,포천시,한탄강야생화공원,40,포천 2023_10.csv,문화관광,도시공원
포천,2023,10,2023-10,136,경기도,포천시,지질트레일1코스,40,포천 2023_10.csv,레저스포츠,기타레저스포츠
포천,2023,10,2023-10,139,경기도,포천시,지장산계곡,39,포천 2023_10.csv,자연관광,자연경관(산)
포천,2023,10,2023-10,140,경기도,포천시,루지월드베어스타운점,38,포천 2023_10.csv,레저스포츠,기타레저스포츠
포천,2023,10,2023-10,141,경기도,포천시,화엄사,37,포천 2023_10.csv,역사관광,종교성지
포천,2023,10,2023-10,142,경기도,포천시,클라우드시네마,36,포천 2023_10.csv,문화관광,공연시설
포천,2023,10,2023-10,143,경기도,포천시,포천그린아울렛,35,포천 2023_10.csv,쇼핑,쇼핑몰
포천,2023,10,2023-10,143,경기도,포천시,이항복선생묘,35,포천 2023_10.csv,역사관광,역사유적지
포천,2023,10,2023-10,143,경기도,포천시,포천아트밸리천문과학관,35,포천 2023_10.csv,문화관광,전시시설
포천,2023,10,2023-10,146,경기도,포천시,태산낚시터,34,포천 2023_10.csv,레저스포츠,수상레저스포츠
포천,2023,10,2023-10,147,경기도,포천시,수목원낚시터,33,포천 2023_10.csv,레저스포츠,수상레저스포츠
포천,2023,10,2023-10,147,경기도,포천시,광릉분재예술공원,33,포천 2023_10.csv,문화관광,도시공원
포천,2023,10,2023-10,149,경기도,포천시,청계산,32,포천 2023_10.csv,자연관광,자연경관(산)
포천,2023,10,2023-10,150,경기도,포천시,어하고개,30,포천 2023_10.csv,자연관광,자연경관(산)
포천,2023,10,2023-10,150,경기도,포천시,충목단,30,포천 2023_10.csv,역사관광,역사유적지
포천,2023,10,2023-10,150,경기도,포천시,왕방산,30,포천 2023_10.csv,자연관광,자연경관(산)
포천,2023,10,2023-10,153,경기도,포천시,호스랜드승마클럽,29,포천 2023_10.csv,레저스포츠,육상레저스포츠
포천,2023,10,2023-10,154,경기도,포천시,한과문화박물관,28,포천 2023_10.csv,문화관광,전시시설
포천,2023,10,2023-10,154,경기도,포천시,영평천,28,포천 2023_10.csv,자연관광,자연공원
포천,2023,10,2023-10,154,경기도,포천시,중리저수지,28,포천 2023_10.csv,자연관광,자연경관(하천/해양)
포천,2023,10,2023-10,157,경기도,포천시,달맞이농원은신정육점,27,포천 2023_10.csv,체험관광,농/산/어촌체험
포천,2023,10,2023-10,157,경기도,포천시,극락사,27,포천 2023_10.csv,역사관광,종교성지
포천,2023,10,2023-10,157,경기도,포천시,포천반월성,27,포천 2023_10.csv,역사관광,역사유적지
포천,2023,10,2023-10,157,경기도,포천시,복후미저수지,27,포천 2023_10.csv,자연관광,자연경관(하천/해양)
포천,2023,10,2023-10,161,경기도,포천시,깊이울저수지,26,포천 2023_10.csv,자연관광,자연경관(하천/해양)
포천,2023,10,2023-10,161,경기도,포천시,백로주유원지,26,포천 2023_10.csv,문화관광,복합관광시설
포천,2023,10,2023-10,161,경기도,포천시,미륵박물관,26,포천 2023_10.csv,문화관광,전시시설
포천,2023,10,2023-10,161,경기도,포천시,포천향교,26,포천 2023_10.csv,역사관광,역사유적지
포천,2023,10,2023-10,165,경기도,포천시,성불암,24,포천 2023_10.csv,역사관광,종교성지
포천,2023,10,2023-10,165,경기도,포천시,국봉사,24,포천 2023_10.csv,역사관광,종교성지
포천,2023,10,2023-10,167,경기도,포천시,약천사,23,포천 2023_10.csv,역사관광,종교성지
포천,2023,10,2023-10,167,경기도,포천시,산정호수관광단지,23,포천 2023_10.csv,문화관광,복합관광시설
포천,2023,10,2023-10,167,경기도,포천시,Y스포츠센터,23,포천 2023_10.csv,레저스포츠,기타레저스포츠
포천,2023,10,2023-10,167,경기도,포천시,도평리터미널,23,포천 2023_10.csv,기타관광,교통시설
포천,2023,10,2023-10,167,경기도,포천시,옥병서원,23,포천 2023_10.csv,역사관광,역사유적지
포천,2023,10,2023-10,172,경기도,포천시,우금낚시공원,22,포천 2023_10.csv,레저스포츠,수상레저스포츠
포천,2023,10,2023-10,173,경기도,포천시,미트빌연합사업단,20,포천 2023_10.csv,쇼핑,시장
포천,2023,10,2023-10,173,경기도,포천시,왕달아포도농원직판장,20,포천 2023_10.csv,체험관광,농/산/어촌체험
포천,2023,10,2023-10,173,경기도,포천시,교동가마소,20,포천 2023_10.csv,기타관광,기타관광
포천,2023,10,2023-10,176,경기도,포천시,부소천교,19,포천 2023_10.csv,기타관광,기타관광
포천,2023,10,2023-10,176,경기도,포천시,동교하우스낚시터,19,포천 2023_10.csv,레저스포츠,수상레저스포츠
포천,2023,10,2023-10,178,경기도,포천시,무림사,18,포천 2023_10.csv,역사관광,종교성지
포천,2023,10,2023-10,179,경기도,포천시,유식물원,17,포천 2023_10.csv,문화관광,테마공원
포천,2023,10,2023-10,179,경기도,포천시,태봉공원,17,포천 2023_10.csv,문화관광,도시공원
포천,2023,10,2023-10,179,경기도,포천시,축구장소흘생활체육공원,17,포천 2023_10.csv,문화관광,레저스포츠시설
포천,2023,10,2023-10,179,경기도,포천시,가온농장,17,포천 2023_10.csv,체험관광,농/산/어촌체험
포천,2023,10,2023-10,183,경기도,포천시,포천목공체험장,16,포천 2023_10.csv,문화관광,기타문화관광지
포천,2023,10,2023-10,183,경기도,포천시,황금프라자,16,포천 2023_10.csv,쇼핑,쇼핑몰
포천,2023,10,2023-10,183,경기도,포천시,금룡사,16,포천 2023_10.csv,역사관광,종교성지
포천,2023,10,2023-10,183,경기도,포천시,전운사,16,포천 2023_10.csv,역사관광,종교성지
포천,2023,10,2023-10,183,경기도,포천시,밤밭지,16,포천 2023_10.csv,자연관광,자연경관(하천/해양)
포천,2023,10,2023-10,183,경기도,포천시,보문정사,16,포천 2023_10.csv,역사관광,종교성지
포천,2023,10,2023-10,189,경기도,포천시,냉정낚시터,15,포천 2023_10.csv,레저스포츠,수상레저스포츠
포천,2023,10,2023-10,189,경기도,포천시,다래레저,15,포천 2023_10.csv,레저스포츠,수상레저스포츠
포천,2023,10,2023-10,189,경기도,포천시,백운산광덕고개,15,포천 2023_10.csv,자연관광,자연경관(산)
포천,2023,10,2023-10,189,경기도,포천시,천주사,15,포천 2023_10.csv,역사관광,종교성지
포천,2023,10,2023-10,193,경기도,포천시,밤밭실내장어낚시터,14,포천 2023_10.csv,레저스포츠,수상레저스포츠
포천,2023,10,2023-10,193,경기도,포천시,화산서원,14,포천 2023_10.csv,역사관광,역사유적지
포천,2023,10,2023-10,193,경기도,포천시,고모리수상레저,14,포천 2023_10.csv,레저스포츠,기타레저스포츠
포천,2023,10,2023-10,196,경기도,포천시,아딸농원,13,포천 2023_10.csv,체험관광,농/산/어촌체험
포천,2023,10,2023-10,196,경기도,포천시,키즈필포천송우점,13,포천 2023_10.csv,문화관광,테마공원
포천,2023,10,2023-10,196,경기도,포천시,도연암,13,포천 2023_10.csv,역사관광,종교성지
포천,2023,10,2023-10,199,경기도,포천시,한내소극장,12,포천 2023_10.csv,문화관광,공연시설
포천,2023,10,2023-10,199,경기도,포천시,금수정,12,포천 2023_10.csv,역사관광,역사유적지
포천,2023,10,2023-10,199,경기도,포천시,한탄강대교천현무암협곡,12,포천 2023_10.csv,기타관광,기타관광
포천,2023,10,2023-10,202,경기도,포천시,송일농장,11,포천 2023_10.csv,체험관광,농/산/어촌체험
포천,2023,10,2023-10,202,경기도,포천시,포천레이스웨이,11,포천 2023_10.csv,레저스포츠,육상레저스포츠
포천,2023,10,2023-10,204,경기도,포천시,베스트원스포츠,10,포천 2023_10.csv,레저스포츠,기타레저스포츠
포천,2023,10,2023-10,204,경기도,포천시,임진농원,10,포천 2023_10.csv,체험관광,농/산/어촌체험
포천,2023,10,2023-10,204,경기도,포천시,정우사과원,10,포천 2023_10.csv,체험관광,농/산/어촌체험
포천,2023,10,2023-10,204,경기도,포천시,지청낚시터,10,포천 2023_10.csv,레저스포츠,수상레저스포츠
포천,2023,10,2023-10,204,경기도,포천시,명성산산안고개방면,10,포천 2023_10.csv,자연관광,자연경관(산)
포천,2023,10,2023-10,204,경기도,포천시,왕방산왕방사방면,10,포천 2023_10.csv,자연관광,자연경관(산)
포천,2023,10,2023-10,204,경기도,포천시,지장사,10,포천 2023_10.csv,역사관광,종교성지
포천,2023,10,2023-10,204,경기도,포천시,대안사,10,포천 2023_10.csv,역사관광,종교성지
포천,2023,10,2023-10,204,경기도,포천시,고모지,10,포천 2023_10.csv,자연관광,자연경관(하천/해양)
포천,2023,10,2023-10,213,경기도,포천시,포천직두리의부부송,9,포천 2023_10.csv,역사관광,역사유적지
포천,2023,10,2023-10,213,경기도,포천시,고산식물원,9,포천 2023_10.csv,문화관광,테마공원
포천,2023,10,2023-10,213,경기도,포천시,각흘산,9,포천 2023_10.csv,자연관광,자연경관(산)
포천,2023,10,2023-10,216,경기도,포천시,소흘생활체육공원인공암벽장,8,포천 2023_10.csv,레저스포츠,기타레저스포츠
포천,2023,10,2023-10,216,경기도,포천시,동화사,8,포천 2023_10.csv,역사관광,종교성지
포천,2023,10,2023-10,216,경기도,포천시,화현저수지,8,포천 2023_10.csv,자연관광,자연경관(하천/해양)
포천,2023,10,2023-10,216,경기도,포천시,황제다육식물농장,8,포천 2023_10.csv,체험관광,농/산/어촌체험
포천,2023,10,2023-10,216,경기도,포천시,중리테마파크낚시터,8,포천 2023_10.csv,레저스포츠,수상레저스포츠
포천,2023,10,2023-10,216,경기도,포천시,평화나무농장,8,포천 2023_10.csv,체험관광,농/산/어촌체험
포천,2023,10,2023-10,222,경기도,포천시,참진사과,7,포천 2023_10.csv,체험관광,농/산/어촌체험
포천,2023,10,2023-10,222,경기도,포천시,관음사,7,포천 2023_10.csv,역사관광,종교성지
포천,2023,10,2023-10,222,경기도,포천시,초계목장,7,포천 2023_10.csv,체험관광,농/산/어촌체험
포천,2023,10,2023-10,222,경기도,포천시,포천작은말학교,7,포천 2023_10.csv,레저스포츠,육상레저스포츠
포천,2023,10,2023-10,222,경기도,포천시,이항복선생기념관,7,포천 2023_10.csv,문화관광,전시시설
포천,2023,10,2023-10,222,경기도,포천시,교동사과농장,7,포천 2023_10.csv,체험관광,농/산/어촌체험
포천,2023,10,2023-10,222,경기도,포천시,반디농장,7,포천 2023_10.csv,체험관광,농/산/어촌체험
포천,2023,10,2023-10,222,경기도,포천시,도마치계곡,7,포천 2023_10.csv,자연관광,자연경관(산)
포천,2023,10,2023-10,222,경기도,포천시,초가낚시터,7,포천 2023_10.csv,레저스포츠,수상레저스포츠
포천,2023,10,2023-10,222,경기도,포천시,승법사,7,포천 2023_10.csv,역사관광,종교성지
포천,2023,10,2023-10,222,경기도,포천시,포천아우라지베개용암,7,포천 2023_10.csv,기타관광,기타관광
포천,2023,10,2023-10,233,경기도,포천시,산안고개,6,포천 2023_10.csv,자연관광,자연경관(산)
포천,2023,10,2023-10,233,경기도,포천시,페리아도워터파크,6,포천 2023_10.csv,문화관광,테마공원
포천,2023,10,2023-10,233,경기도,포천시,한탄강주상절리길4코스,6,포천 2023_10.csv,레저스포츠,기타레저스포츠
포천,2023,10,2023-10,233,경기도,포천시,신읍동도시재생어울림센터2,6,포천 2023_10.csv,문화관광,기타문화관광지
포천,2023,10,2023-10,233,경기도,포천시,프로방스빌리지수영장,6,포천 2023_10.csv,문화관광,테마공원
포천,2023,10,2023-10,233,경기도,포천시,쌍불사,6,포천 2023_10.csv,역사관광,종교성지
포천,2023,10,2023-10,233,경기도,포천시,허브와야생화마을,6,포천 2023_10.csv,문화관광,테마공원
포천,2023,10,2023-10,233,경기도,포천시,명성산산정호수방면,6,포천 2023_10.csv,자연관광,자연경관(산)
포천,2023,10,2023-10,233,경기도,포천시,능원관광낚시터,6,포천 2023_10.csv,레저스포츠,수상레저스포츠
포천,2023,10,2023-10,233,경기도,포천시,직동낚시터,6,포천 2023_10.csv,레저스포츠,수상레저스포츠
포천,2023,10,2023-10,233,경기도,포천시,산정호수관광지3매표소,6,포천 2023_10.csv,기타관광,기타관광
포천,2023,10,2023-10,233,경기도,포천시,허브아일랜드산타마을,6,포천 2023_10.csv,문화관광,테마공원
포천,2023,10,2023-10,233,경기도,포천시,홀스킹덤팜스테이,6,포천 2023_10.csv,레저스포츠,육상레저스포츠
포천,2023,10,2023-10,233,경기도,포천시,옛뜰애관광농원,6,포천 2023_10.csv,체험관광,농/산/어촌체험
포천,2023,10,2023-10,233,경기도,포천시,통일대,6,포천 2023_10.csv,기타관광,기타관광
포천,2023,10,2023-10,233,경기도,포천시,향적사,6,포천 2023_10.csv,역사관광,종교성지
포천,2023,10,2023-10,233,경기도,포천시,철갑상어농장,6,포천 2023_10.csv,체험관광,농/산/어촌체험
포천,2023,10,2023-10,233,경기도,포천시,육사생도6.25참전기념비,6,포천 2023_10.csv,역사관광,역사유물
포천,2023,10,2023-10,251,경기도,포천시,용정사과농원,5,포천 2023_10.csv,체험관광,농/산/어촌체험
포천,2023,10,2023-10,251,경기도,포천시,동음사,5,포천 2023_10.csv,역사관광,역사유적지
포천,2023,10,2023-10,253,경기도,포천시,정서네포도농원,4,포천 2023_10.csv,체험관광,농/산/어촌체험
포천,2023,10,2023-10,253,경기도,포천시,법천사,4,포천 2023_10.csv,역사관광,종교성지
포천,2023,10,2023-10,253,경기도,포천시,소흘이모야,4,포천 2023_10.csv,체험관광,공예체험
포천,2023,10,2023-10,253,경기도,포천시,수목원포도농원,4,포천 2023_10.csv,체험관광,농/산/어촌체험
포천,2023,10,2023-10,253,경기도,포천시,상현네포도농원,4,포천 2023_10.csv,체험관광,농/산/어촌체험
포천,2023,10,2023-10,253,경기도,포천시,용연서원,4,포천 2023_10.csv,역사관광,역사유적지
포천,2023,10,2023-10,253,경기도,포천시,인흥군릉,4,포천 2023_10.csv,역사관광,역사유적지
포천,2023,10,2023-10,253,경기도,포천시,풍혈유원지,4,포천 2023_10.csv,문화관광,복합관광시설
포천,2023,10,2023-10,253,경기도,포천시,소야사과농장,4,포천 2023_10.csv,체험관광,농/산/어촌체험
포천,2023,10,2023-10,262,경기도,포천시,무상사,3,포천 2023_10.csv,역사관광,종교성지
포천,2023,10,2023-10,262,경기도,포천시,청성산,3,포천 2023_10.csv,자연관광,자연경관(산)
포천,2023,10,2023-10,262,경기도,포천시,도마치고개,3,포천 2023_10.csv,자연관광,자연경관(산)
포천,2023,10,2023-10,262,경기도,포천시,금당정사,3,포천 2023_10.csv,역사관광,종교성지
포천,2023,10,2023-10,262,경기도,포천시,포천관광정보센터 청년여행LAB,3,포천 2023_10.csv,문화관광,기타문화관광지
포천,2023,10,2023-10,262,경기도,포천시,관인문화마을,3,포천 2023_10.csv,기타관광,기타관광
포천,2023,10,2023-10,262,경기도,포천시,포천탁구클럽,3,포천 2023_10.csv,레저스포츠,기타레저스포츠
포천,2023,10,2023-10,262,경기도,포천시,모돈갤러리,3,포천 2023_10.csv,문화관광,전시시설
포천,2023,10,2023-10,262,경기도,포천시,청림사과농원,3,포천 2023_10.csv,체험관광,농/산/어촌체험
포천,2023,10,2023-10,262,경기도,포천시,미륵사,3,포천 2023_10.csv,역사관광,종교성지
포천,2023,10,2023-10,262,경기도,포천시,협동농장,3,포천 2023_10.csv,체험관광,농/산/어촌체험
포천,2023,10,2023-10,262,경기도,포천시,우리꽃전시회,3,포천 2023_10.csv,문화관광,기타문화관광지
포천,2023,10,2023-10,262,경기도,포천시,포천관광안내소,3,포천 2023_10.csv,기타관광,기타관광
포천,2023,10,2023-10,262,경기도,포천시,털보낚시터,3,포천 2023_10.csv,레저스포츠,수상레저스포츠
포천,2023,10,2023-10,262,경기도,포천시,풍림농장,3,포천 2023_10.csv,체험관광,농/산/어촌체험
포천,2023,10,2023-10,262,경기도,포천시,배다리낚시터,3,포천 2023_10.csv,레저스포츠,수상레저스포츠
포천,2023,10,2023-10,262,경기도,포천시,솔모루공원,3,포천 2023_10.csv,문화관광,도시공원
포천,2023,10,2023-10,262,경기도,포천시,관인공설시장,3,포천 2023_10.csv,쇼핑,시장
포천,2023,10,2023-10,262,경기도,포천시,동부정,3,포천 2023_10.csv,레저스포츠,육상레저스포츠
포천,2023,10,2023-10,262,경기도,포천시,운악산포천운주사방면,3,포천 2023_10.csv,자연관광,자연경관(산)
포천,2023,10,2023-10,262,경기도,포천시,청산버섯농장,3,포천 2023_10.csv,체험관광,농/산/어촌체험
포천,2023,10,2023-10,262,경기도,포천시,선광사,3,포천 2023_10.csv,역사관광,종교성지
포천,2023,10,2023-10,262,경기도,포천시,청계산약수터,3,포천 2023_10.csv,자연관광,자연경관(산)
포천,2023,10,2023-10,262,경기도,포천시,인공폭포,3,포천 2023_10.csv,자연관광,자연경관(산)
포천,2023,10,2023-10,262,경기도,포천시,호림1농원,3,포천 2023_10.csv,체험관광,농/산/어촌체험
포천,2023,10,2023-10,262,경기도,포천시,명산저수지,3,포천 2023_10.csv,자연관광,자연경관(하천/해양)
포천,2023,10,2023-10,262,경기도,포천시,깊이울낚시터,3,포천 2023_10.csv,레저스포츠,수상레저스포츠
포천,2023,10,2023-10,262,경기도,포천시,청계유원지,3,포천 2023_10.csv,문화관광,복합관광시설
포천,2023,10,2023-10,262,경기도,포천시,백운계곡국민관광지,3,포천 2023_10.csv,문화관광,복합관광시설
포천,2023,10,2023-10,262,경기도,포천시,대한불교조계종정변지사,3,포천 2023_10.csv,역사관광,종교성지
포천,2023,10,2023-10,262,경기도,포천시,포천용담저수지,3,포천 2023_10.csv,자연관광,자연경관(하천/해양)
포천,2023,10,2023-10,262,경기도,포천시,향림사,3,포천 2023_10.csv,역사관광,종교성지
포천,2023,10,2023-10,262,경기도,포천시,장암저수지,3,포천 2023_10.csv,자연관광,자연경관(하천/해양)
포천,2023,10,2023-10,262,경기도,포천시,김비서가왜그럴까촬영지,3,포천 2023_10.csv,문화관광,기타문화관광지
포천,2023,10,2023-10,262,경기도,포천시,도내지고개,3,포천 2023_10.csv,자연관광,자연경관(산)
포천,2023,10,2023-10,262,경기도,포천시,예산농장,3,포천 2023_10.csv,체험관광,농/산/어촌체험
포천,2023,11,2023-11,1,경기도,포천시,국립수목원,8379,포천 2023_11.csv,문화관광,테마공원
포천,2023,11,2023-11,2,경기도,포천시,포천힐마루CC,7943,포천 2023_11.csv,레저스포츠,육상레저스포츠
포천,2023,11,2023-11,3,경기도,포천시,베어크리크GC,7311,포천 2023_11.csv,레저스포츠,육상레저스포츠
포천,2023,11,2023-11,4,경기도,포천시,산정호수,6463,포천 2023_11.csv,자연관광,자연경관(하천/해양)
포천,2023,11,2023-11,5,경기도,포천시,포천힐스CC,6080,포천 2023_11.csv,레저스포츠,육상레저스포츠
포천,2023,11,2023-11,6,경기도,포천시,푸른솔GC포천,5865,포천 2023_11.csv,레저스포츠,육상레저스포츠
포천,2023,11,2023-11,7,경기도,포천시,필로스GC,5455,포천 2023_11.csv,레저스포츠,육상레저스포츠
포천,2023,11,2023-11,8,경기도,포천시,포레스트힐CC,5399,포천 2023_11.csv,레저스포츠,육상레저스포츠
포천,2023,11,2023-11,9,경기도,포천시,대유몽베르CC,5363,포천 2023_11.csv,레저스포츠,육상레저스포츠
포천,2023,11,2023-11,10,경기도,포천시,라싸GC,5309,포천 2023_11.csv,레저스포츠,육상레저스포츠
포천,2023,11,2023-11,11,경기도,포천시,포천아도니스CC,4796,포천 2023_11.csv,레저스포츠,육상레저스포츠
포천,2023,11,2023-11,12,경기도,포천시,허브아일랜드,4247,포천 2023_11.csv,체험관광,농/산/어촌체험
포천,2023,11,2023-11,13,경기도,포천시,포천아트밸리,3912,포천 2023_11.csv,문화관광,공연시설
포천,2023,11,2023-11,14,경기도,포천시,고모저수지,3564,포천 2023_11.csv,자연관광,자연경관(하천/해양)
포천,2023,11,2023-11,15,경기도,포천시,샴발라CC,3242,포천 2023_11.csv,레저스포츠,육상레저스포츠
포천,2023,11,2023-11,16,경기도,포천시,일동시외버스터미널,3107,포천 2023_11.csv,기타관광,교통시설
포천,2023,11,2023-11,17,경기도,포천시,참밸리컨트리클럽,3018,포천 2023_11.csv,레저스포츠,육상레저스포츠
포천,2023,11,2023-11,18,경기도,포천시,일동레이크GC,2742,포천 2023_11.csv,레저스포츠,육상레저스포츠
포천,2023,11,2023-11,19,경기도,포천시,비둘기낭폭포,2734,포천 2023_11.csv,자연관광,자연경관(산)
포천,2023,11,2023-11,20,경기도,포천시,신북온천스프링폴,2145,포천 2023_11.csv,체험관광,웰니스관광
포천,2023,11,2023-11,21,경기도,포천시,제일유황온천,1875,포천 2023_11.csv,체험관광,웰니스관광
포천,2023,11,2023-11,22,경기도,포천시,포천한탄강하늘다리,1236,포천 2023_11.csv,기타관광,기타관광
포천,2023,11,2023-11,23,경기도,포천시,CGV포천,1222,포천 2023_11.csv,문화관광,공연시설
포천,2023,11,2023-11,24,경기도,포천시,송우시외버스터미널,1111,포천 2023_11.csv,기타관광,교통시설
포천,2023,11,2023-11,25,경기도,포천시,포천반월아트홀,1106,포천 2023_11.csv,문화관광,공연시설
포천,2023,11,2023-11,26,경기도,포천시,락가든GC,1044,포천 2023_11.csv,레저스포츠,육상레저스포츠
포천,2023,11,2023-11,27,경기도,포천시,호국금강사,995,포천 2023_11.csv,역사관광,종교성지
포천,2023,11,2023-11,28,경기도,포천시,한탄강주상절리길1코스,967,포천 2023_11.csv,레저스포츠,기타레저스포츠
포천,2023,11,2023-11,29,경기도,포천시,포천시외버스터미널,917,포천 2023_11.csv,기타관광,교통시설
포천,2023,11,2023-11,30,경기도,포천시,베어스타운스키장휴업중,850,포천 2023_11.csv,레저스포츠,육상레저스포츠
포천,2023,11,2023-11,31,경기도,포천시,산사원,811,포천 2023_11.csv,문화관광,전시시설
포천,2023,11,2023-11,32,경기도,포천시,백운계곡,779,포천 2023_11.csv,자연관광,자연경관(산)
포천,2023,11,2023-11,33,경기도,포천시,포천아도니스퍼블릭CC,692,포천 2023_11.csv,레저스포츠,육상레저스포츠
포천,2023,11,2023-11,34,경기도,포천시,축석고개,606,포천 2023_11.csv,자연관광,자연경관(산)
포천,2023,11,2023-11,35,경기도,포천시,운악산자연휴양림,579,포천 2023_11.csv,자연관광,자연공원
포천,2023,11,2023-11,36,경기도,포천시,서운동산,563,포천 2023_11.csv,문화관광,복합관광시설
포천,2023,11,2023-11,37,경기도,포천시,어메이징파크,547,포천 2023_11.csv,문화관광,전시시설
포천,2023,11,2023-11,38,경기도,포천시,주파크,474,포천 2023_11.csv,문화관광,테마공원
포천,2023,11,2023-11,39,경기도,포천시,명성산억새밭,434,포천 2023_11.csv,기타관광,기타관광
포천,2023,11,2023-11,40,경기도,포천시,평강랜드,406,포천 2023_11.csv,문화관광,테마공원
포천,2023,11,2023-11,41,경기도,포천시,포천5일장,375,포천 2023_11.csv,쇼핑,시장
포천,2023,11,2023-11,42,경기도,포천시,천보산자연휴양림,372,포천 2023_11.csv,자연관광,자연공원
포천,2023,11,2023-11,43,경기도,포천시,도성사,371,포천 2023_11.csv,역사관광,종교성지
포천,2023,11,2023-11,44,경기도,포천시,한탄강지질공원센터,356,포천 2023_11.csv,문화관광,전시시설
포천,2023,11,2023-11,45,경기도,포천시,포천패션타운,339,포천 2023_11.csv,쇼핑,쇼핑몰
포천,2023,11,2023-11,46,경기도,포천시,동교낚시터,336,포천 2023_11.csv,레저스포츠,수상레저스포츠
포천,2023,11,2023-11,47,경기도,포천시,소흘생활체육공원,334,포천 2023_11.csv,문화관광,도시공원
포천,2023,11,2023-11,48,경기도,포천시,포천화적연,324,포천 2023_11.csv,자연관광,자연경관(하천/해양)
포천,2023,11,2023-11,49,경기도,포천시,밤밭낚시터,323,포천 2023_11.csv,레저스포츠,수상레저스포츠
포천,2023,11,2023-11,50,경기도,포천시,낭만닥터김사부촬영지,322,포천 2023_11.csv,문화관광,기타문화관광지
포천,2023,11,2023-11,51,경기도,포천시,청성역사공원,309,포천 2023_11.csv,문화관광,도시공원
포천,2023,11,2023-11,52,경기도,포천시,쌍방죽낚시터,283,포천 2023_11.csv,레저스포츠,수상레저스포츠
포천,2023,11,2023-11,53,경기도,포천시,수목원고모호수공원,280,포천 2023_11.csv,문화관광,도시공원
포천,2023,11,2023-11,54,경기도,포천시,포천스포츠센터,272,포천 2023_11.csv,레저스포츠,기타레저스포츠
포천,2023,11,2023-11,55,경기도,포천시,광릉수목원자동차극장,269,포천 2023_11.csv,문화관광,공연시설
포천,2023,11,2023-11,56,경기도,포천시,깊이울유원지,247,포천 2023_11.csv,문화관광,복합관광시설
포천,2023,11,2023-11,57,경기도,포천시,포천수원산정상전망대,230,포천 2023_11.csv,문화관광,랜드마크관광
포천,2023,11,2023-11,58,경기도,포천시,가산저수지,217,포천 2023_11.csv,자연관광,자연경관(하천/해양)
포천,2023,11,2023-11,59,경기도,포천시,마전낚시터,195,포천 2023_11.csv,레저스포츠,수상레저스포츠
포천,2023,11,2023-11,60,경기도,포천시,내촌낚시터,182,포천 2023_11.csv,레저스포츠,수상레저스포츠
포천,2023,11,2023-11,61,경기도,포천시,국망봉자연휴양림,181,포천 2023_11.csv,자연관광,자연공원
포천,2023,11,2023-11,62,경기도,포천시,아프리카예술박물관,171,포천 2023_11.csv,문화관광,전시시설
포천,2023,11,2023-11,62,경기도,포천시,포천가구공단,171,포천 2023_11.csv,쇼핑,기타쇼핑시설
포천,2023,11,2023-11,64,경기도,포천시,가산낚시터,168,포천 2023_11.csv,레저스포츠,수상레저스포츠
포천,2023,11,2023-11,65,경기도,포천시,한화리조트산정호수온천,164,포천 2023_11.csv,체험관광,웰니스관광
포천,2023,11,2023-11,66,경기도,포천시,초원낚시터,157,포천 2023_11.csv,레저스포츠,수상레저스포츠
포천,2023,11,2023-11,67,경기도,포천시,운악산,155,포천 2023_11.csv,자연관광,자연경관(산)
포천,2023,11,2023-11,68,경기도,포천시,청계지,152,포천 2023_11.csv,자연관광,자연경관(하천/해양)
포천,2023,11,2023-11,69,경기도,포천시,가농바이오농장,146,포천 2023_11.csv,체험관광,농/산/어촌체험
포천,2023,11,2023-11,70,경기도,포천시,황금낚시터,142,포천 2023_11.csv,레저스포츠,수상레저스포츠
포천,2023,11,2023-11,71,경기도,포천시,구담사,131,포천 2023_11.csv,역사관광,종교성지
포천,2023,11,2023-11,72,경기도,포천시,왕산사,130,포천 2023_11.csv,역사관광,종교성지
포천,2023,11,2023-11,73,경기도,포천시,포천신읍시장,126,포천 2023_11.csv,쇼핑,시장
포천,2023,11,2023-11,74,경기도,포천시,냉정저수지,123,포천 2023_11.csv,자연관광,자연경관(하천/해양)
포천,2023,11,2023-11,75,경기도,포천시,직두리낚시터,119,포천 2023_11.csv,레저스포츠,수상레저스포츠
포천,2023,11,2023-11,76,경기도,포천시,설운체육공원,110,포천 2023_11.csv,문화관광,도시공원
포천,2023,11,2023-11,77,경기도,포천시,백운계곡유원지,107,포천 2023_11.csv,문화관광,복합관광시설
포천,2023,11,2023-11,78,경기도,포천시,포천자동차극장,105,포천 2023_11.csv,문화관광,공연시설
포천,2023,11,2023-11,79,경기도,포천시,동교하우스낚시터,102,포천 2023_11.csv,레저스포츠,수상레저스포츠
포천,2023,11,2023-11,80,경기도,포천시,명성산,100,포천 2023_11.csv,자연관광,자연경관(산)
포천,2023,11,2023-11,81,경기도,포천시,포천염광수련원,98,포천 2023_11.csv,레저스포츠,육상레저스포츠
포천,2023,11,2023-11,82,경기도,포천시,나남수목원,97,포천 2023_11.csv,자연관광,자연공원
포천,2023,11,2023-11,83,경기도,포천시,송우공설시장,95,포천 2023_11.csv,쇼핑,시장
포천,2023,11,2023-11,84,경기도,포천시,운천재래시장,92,포천 2023_11.csv,쇼핑,시장
포천,2023,11,2023-11,85,경기도,포천시,산정호수조각공원,88,포천 2023_11.csv,문화관광,도시공원
포천,2023,11,2023-11,86,경기도,포천시,금주낚시터,86,포천 2023_11.csv,레저스포츠,수상레저스포츠
포천,2023,11,2023-11,87,경기도,포천시,길명낚시공원,84,포천 2023_11.csv,레저스포츠,수상레저스포츠
포천,2023,11,2023-11,87,경기도,포천시,포천축구공원,84,포천 2023_11.csv,문화관광,도시공원
포천,2023,11,2023-11,89,경기도,포천시,자인사,83,포천 2023_11.csv,역사관광,종교성지
포천,2023,11,2023-11,90,경기도,포천시,금주저수지,75,포천 2023_11.csv,자연관광,자연경관(하천/해양)
포천,2023,11,2023-11,91,경기도,포천시,가람누리문화공원전망대,68,포천 2023_11.csv,문화관광,랜드마크관광
포천,2023,11,2023-11,92,경기도,포천시,오지재고개,67,포천 2023_11.csv,자연관광,자연경관(산)
포천,2023,11,2023-11,93,경기도,포천시,포천체육공원,66,포천 2023_11.csv,문화관광,도시공원
포천,2023,11,2023-11,94,경기도,포천시,산정호수명성산억새꽃축제,64,포천 2023_11.csv,문화관광,기타문화관광지
포천,2023,11,2023-11,94,경기도,포천시,태국군참전비,64,포천 2023_11.csv,역사관광,역사유물
포천,2023,11,2023-11,96,경기도,포천시,Y스포츠센터,62,포천 2023_11.csv,레저스포츠,기타레저스포츠
포천,2023,11,2023-11,97,경기도,포천시,한탄강주상절리길3코스,58,포천 2023_11.csv,레저스포츠,기타레저스포츠
포천,2023,11,2023-11,98,경기도,포천시,새마을낚시터,57,포천 2023_11.csv,레저스포츠,수상레저스포츠
포천,2023,11,2023-11,99,경기도,포천시,레이크밸리 승마클럽,55,포천 2023_11.csv,레저스포츠,기타레저스포츠
포천,2023,11,2023-11,100,경기도,포천시,황새목낚시터,54,포천 2023_11.csv,레저스포츠,수상레저스포츠
포천,2023,11,2023-11,101,경기도,포천시,클라우드시네마,53,포천 2023_11.csv,문화관광,공연시설
포천,2023,11,2023-11,102,경기도,포천시,광암이벽유적지,52,포천 2023_11.csv,역사관광,역사유적지
포천,2023,11,2023-11,102,경기도,포천시,코버월드,52,포천 2023_11.csv,문화관광,전시시설
포천,2023,11,2023-11,104,경기도,포천시,산정랜드,49,포천 2023_11.csv,문화관광,복합관광시설
포천,2023,11,2023-11,105,경기도,포천시,포천종합운동장보조구장,46,포천 2023_11.csv,문화관광,레저스포츠시설
포천,2023,11,2023-11,105,경기도,포천시,이항복선생묘,46,포천 2023_11.csv,역사관광,역사유적지
포천,2023,11,2023-11,107,경기도,포천시,관음사,45,포천 2023_11.csv,역사관광,종교성지
포천,2023,11,2023-11,108,경기도,포천시,허브아일랜드핑크뮬리축제,43,포천 2023_11.csv,문화관광,기타문화관광지
포천,2023,11,2023-11,108,경기도,포천시,갈월버섯농장,43,포천 2023_11.csv,체험관광,농/산/어촌체험
포천,2023,11,2023-11,110,경기도,포천시,흥룡사,42,포천 2023_11.csv,역사관광,종교성지
포천,2023,11,2023-11,111,경기도,포천시,아딸농원,41,포천 2023_11.csv,체험관광,농/산/어촌체험
포천,2023,11,2023-11,111,경기도,포천시,어하고개,41,포천 2023_11.csv,자연관광,자연경관(산)
포천,2023,11,2023-11,113,경기도,포천시,포천하늘아래치유의숲,40,포천 2023_11.csv,기타관광,기타관광
포천,2023,11,2023-11,114,경기도,포천시,강포저수지,39,포천 2023_11.csv,자연관광,자연경관(하천/해양)
포천,2023,11,2023-11,115,경기도,포천시,포천그린아울렛,36,포천 2023_11.csv,쇼핑,쇼핑몰
포천,2023,11,2023-11,116,경기도,포천시,청한베이스볼파크,34,포천 2023_11.csv,문화관광,레저스포츠시설
포천,2023,11,2023-11,116,경기도,포천시,포천야구장,34,포천 2023_11.csv,문화관광,레저스포츠시설
포천,2023,11,2023-11,118,경기도,포천시,멍우리협곡,33,포천 2023_11.csv,자연관광,자연경관(산)
포천,2023,11,2023-11,119,경기도,포천시,포천아트밸리천문과학관,32,포천 2023_11.csv,문화관광,전시시설
포천,2023,11,2023-11,119,경기도,포천시,마홀축구장,32,포천 2023_11.csv,문화관광,레저스포츠시설
포천,2023,11,2023-11,121,경기도,포천시,무네미낚시터,31,포천 2023_11.csv,레저스포츠,수상레저스포츠
포천,2023,11,2023-11,121,경기도,포천시,일동시장,31,포천 2023_11.csv,쇼핑,시장
포천,2023,11,2023-11,123,경기도,포천시,백로주유원지,29,포천 2023_11.csv,문화관광,복합관광시설
포천,2023,11,2023-11,123,경기도,포천시,한탄강금빛사과농원,29,포천 2023_11.csv,체험관광,농/산/어촌체험
포천,2023,11,2023-11,125,경기도,포천시,한탄강생태경관단지,27,포천 2023_11.csv,기타관광,기타관광
포천,2023,11,2023-11,125,경기도,포천시,수목원낚시터,27,포천 2023_11.csv,레저스포츠,수상레저스포츠
포천,2023,11,2023-11,127,경기도,포천시,포천허브아일랜드 자동차극장,26,포천 2023_11.csv,문화관광,공연시설
포천,2023,11,2023-11,128,경기도,포천시,한탄강테마파크,25,포천 2023_11.csv,문화관광,테마공원
포천,2023,11,2023-11,128,경기도,포천시,광릉분재예술공원,25,포천 2023_11.csv,문화관광,도시공원
포천,2023,11,2023-11,128,경기도,포천시,축구장소흘생활체육공원,25,포천 2023_11.csv,문화관광,레저스포츠시설
포천,2023,11,2023-11,128,경기도,포천시,포천레이스웨이,25,포천 2023_11.csv,레저스포츠,육상레저스포츠
포천,2023,11,2023-11,132,경기도,포천시,용담대물낚시터,24,포천 2023_11.csv,레저스포츠,수상레저스포츠
포천,2023,11,2023-11,133,경기도,포천시,한과문화박물관,23,포천 2023_11.csv,문화관광,전시시설
포천,2023,11,2023-11,133,경기도,포천시,허브아일랜드불빛동화축제,23,포천 2023_11.csv,문화관광,기타문화관광지
포천,2023,11,2023-11,135,경기도,포천시,포천목공체험장,22,포천 2023_11.csv,문화관광,기타문화관광지
포천,2023,11,2023-11,135,경기도,포천시,충목단,22,포천 2023_11.csv,역사관광,역사유적지
포천,2023,11,2023-11,135,경기도,포천시,태산낚시터,22,포천 2023_11.csv,레저스포츠,수상레저스포츠
포천,2023,11,2023-11,138,경기도,포천시,성불암,21,포천 2023_11.csv,역사관광,종교성지
포천,2023,11,2023-11,138,경기도,포천시,국립산림박물관,21,포천 2023_11.csv,문화관광,전시시설
포천,2023,11,2023-11,140,경기도,포천시,송광사,20,포천 2023_11.csv,역사관광,종교성지
포천,2023,11,2023-11,141,경기도,포천시,화엄사,19,포천 2023_11.csv,역사관광,종교성지
포천,2023,11,2023-11,141,경기도,포천시,포천파크골프장,19,포천 2023_11.csv,레저스포츠,기타레저스포츠
포천,2023,11,2023-11,143,경기도,포천시,약천사,18,포천 2023_11.csv,역사관광,종교성지
포천,2023,11,2023-11,143,경기도,포천시,가온농장,18,포천 2023_11.csv,체험관광,농/산/어촌체험
포천,2023,11,2023-11,143,경기도,포천시,궁뜰사과농원,18,포천 2023_11.csv,체험관광,농/산/어촌체험
포천,2023,11,2023-11,146,경기도,포천시,미트빌연합사업단,17,포천 2023_11.csv,쇼핑,시장
포천,2023,11,2023-11,147,경기도,포천시,한탄강팔호유원지,16,포천 2023_11.csv,문화관광,복합관광시설
포천,2023,11,2023-11,147,경기도,포천시,포천반월성,16,포천 2023_11.csv,역사관광,역사유적지
포천,2023,11,2023-11,147,경기도,포천시,키즈필포천송우점,16,포천 2023_11.csv,문화관광,테마공원
포천,2023,11,2023-11,147,경기도,포천시,천주사,16,포천 2023_11.csv,역사관광,종교성지
포천,2023,11,2023-11,151,경기도,포천시,소흘생활체육공원인공암벽장,15,포천 2023_11.csv,레저스포츠,기타레저스포츠
포천,2023,11,2023-11,151,경기도,포천시,운천낚시공원,15,포천 2023_11.csv,레저스포츠,수상레저스포츠
포천,2023,11,2023-11,151,경기도,포천시,포천향교,15,포천 2023_11.csv,역사관광,역사유적지
포천,2023,11,2023-11,151,경기도,포천시,국봉사,15,포천 2023_11.csv,역사관광,종교성지
포천,2023,11,2023-11,155,경기도,포천시,한탄강주상절리길2코스,14,포천 2023_11.csv,레저스포츠,기타레저스포츠
포천,2023,11,2023-11,155,경기도,포천시,용정사과농원,14,포천 2023_11.csv,체험관광,농/산/어촌체험
포천,2023,11,2023-11,155,경기도,포천시,깊이울저수지,14,포천 2023_11.csv,자연관광,자연경관(하천/해양)
포천,2023,11,2023-11,158,경기도,포천시,자비사,13,포천 2023_11.csv,역사관광,종교성지
포천,2023,11,2023-11,158,경기도,포천시,신안농장,13,포천 2023_11.csv,체험관광,농/산/어촌체험
포천,2023,11,2023-11,158,경기도,포천시,무림사,13,포천 2023_11.csv,역사관광,종교성지
포천,2023,11,2023-11,158,경기도,포천시,서운동산어린이동물농장,13,포천 2023_11.csv,기타관광,기타관광
포천,2023,11,2023-11,158,경기도,포천시,천주호,13,포천 2023_11.csv,자연관광,자연경관(하천/해양)
포천,2023,11,2023-11,163,경기도,포천시,한탄강주상절리길5코스,12,포천 2023_11.csv,레저스포츠,기타레저스포츠
포천,2023,11,2023-11,163,경기도,포천시,참진사과,12,포천 2023_11.csv,체험관광,농/산/어촌체험
포천,2023,11,2023-11,163,경기도,포천시,태봉공원,12,포천 2023_11.csv,문화관광,도시공원
포천,2023,11,2023-11,166,경기도,포천시,에덴농장,11,포천 2023_11.csv,체험관광,농/산/어촌체험
포천,2023,11,2023-11,166,경기도,포천시,미륵사,11,포천 2023_11.csv,역사관광,종교성지
포천,2023,11,2023-11,166,경기도,포천시,호스랜드승마클럽,11,포천 2023_11.csv,레저스포츠,육상레저스포츠
포천,2023,11,2023-11,166,경기도,포천시,독수리유격대전적비,11,포천 2023_11.csv,역사관광,역사유물
포천,2023,11,2023-11,166,경기도,포천시,교동가마소,11,포천 2023_11.csv,기타관광,기타관광
포천,2023,11,2023-11,171,경기도,포천시,한탄강주상절리길4코스,10,포천 2023_11.csv,레저스포츠,기타레저스포츠
포천,2023,11,2023-11,171,경기도,포천시,베어스타운CC휴업중,10,포천 2023_11.csv,레저스포츠,육상레저스포츠
포천,2023,11,2023-11,171,경기도,포천시,송일농장,10,포천 2023_11.csv,체험관광,농/산/어촌체험
포천,2023,11,2023-11,171,경기도,포천시,전운사,10,포천 2023_11.csv,역사관광,종교성지
포천,2023,11,2023-11,171,경기도,포천시,내리공설시장,10,포천 2023_11.csv,쇼핑,시장
포천,2023,11,2023-11,171,경기도,포천시,대안사,10,포천 2023_11.csv,역사관광,종교성지
포천,2023,11,2023-11,171,경기도,포천시,초가낚시터,10,포천 2023_11.csv,레저스포츠,수상레저스포츠
포천,2023,11,2023-11,171,경기도,포천시,소야사과농장,10,포천 2023_11.csv,체험관광,농/산/어촌체험
포천,2023,11,2023-11,179,경기도,포천시,산안고개,9,포천 2023_11.csv,자연관광,자연경관(산)
포천,2023,11,2023-11,179,경기도,포천시,황금프라자,9,포천 2023_11.csv,쇼핑,쇼핑몰
포천,2023,11,2023-11,179,경기도,포천시,운악레저타운,9,포천 2023_11.csv,레저스포츠,기타레저스포츠
포천,2023,11,2023-11,179,경기도,포천시,홀스킹덤팜스테이,9,포천 2023_11.csv,레저스포츠,육상레저스포츠
포천,2023,11,2023-11,179,경기도,포천시,미륵박물관,9,포천 2023_11.csv,문화관광,전시시설
포천,2023,11,2023-11,179,경기도,포천시,중리저수지,9,포천 2023_11.csv,자연관광,자연경관(하천/해양)
포천,2023,11,2023-11,179,경기도,포천시,한탄강대교천현무암협곡,9,포천 2023_11.csv,기타관광,기타관광
포천,2023,11,2023-11,179,경기도,포천시,금불사,9,포천 2023_11.csv,역사관광,종교성지
포천,2023,11,2023-11,187,경기도,포천시,교동사과농장,8,포천 2023_11.csv,체험관광,농/산/어촌체험
포천,2023,11,2023-11,187,경기도,포천시,법왕사,8,포천 2023_11.csv,역사관광,종교성지
포천,2023,11,2023-11,187,경기도,포천시,백운산,8,포천 2023_11.csv,자연관광,자연경관(산)
포천,2023,11,2023-11,187,경기도,포천시,통일대,8,포천 2023_11.csv,기타관광,기타관광
포천,2023,11,2023-11,191,경기도,포천시,한내소극장,7,포천 2023_11.csv,문화관광,공연시설
포천,2023,11,2023-11,191,경기도,포천시,마전저수지,7,포천 2023_11.csv,자연관광,자연경관(하천/해양)
포천,2023,11,2023-11,191,경기도,포천시,허브와야생화마을,7,포천 2023_11.csv,문화관광,테마공원
포천,2023,11,2023-11,191,경기도,포천시,금룡사,7,포천 2023_11.csv,역사관광,종교성지
포천,2023,11,2023-11,191,경기도,포천시,지청낚시터,7,포천 2023_11.csv,레저스포츠,수상레저스포츠
포천,2023,11,2023-11,191,경기도,포천시,청계산,7,포천 2023_11.csv,자연관광,자연경관(산)
포천,2023,11,2023-11,191,경기도,포천시,보문정사,7,포천 2023_11.csv,역사관광,종교성지
포천,2023,11,2023-11,191,경기도,포천시,직동낚시터,7,포천 2023_11.csv,레저스포츠,수상레저스포츠
포천,2023,11,2023-11,191,경기도,포천시,금수정,7,포천 2023_11.csv,역사관광,역사유적지
포천,2023,11,2023-11,191,경기도,포천시,다래레저,7,포천 2023_11.csv,레저스포츠,수상레저스포츠
포천,2023,11,2023-11,191,경기도,포천시,승법사,7,포천 2023_11.csv,역사관광,종교성지
포천,2023,11,2023-11,191,경기도,포천시,향적사,7,포천 2023_11.csv,역사관광,종교성지
포천,2023,11,2023-11,203,경기도,포천시,법천사,6,포천 2023_11.csv,역사관광,종교성지
포천,2023,11,2023-11,203,경기도,포천시,소우주도자기공방,6,포천 2023_11.csv,체험관광,공예체험
포천,2023,11,2023-11,203,경기도,포천시,프로방스빌리지수영장,6,포천 2023_11.csv,문화관광,테마공원
포천,2023,11,2023-11,203,경기도,포천시,화요공방,6,포천 2023_11.csv,체험관광,공예체험
포천,2023,11,2023-11,203,경기도,포천시,포천직두리의부부송,6,포천 2023_11.csv,역사관광,역사유적지
포천,2023,11,2023-11,203,경기도,포천시,지장산계곡,6,포천 2023_11.csv,자연관광,자연경관(산)
포천,2023,11,2023-11,203,경기도,포천시,반디농장,6,포천 2023_11.csv,체험관광,농/산/어촌체험
포천,2023,11,2023-11,203,경기도,포천시,영평천,6,포천 2023_11.csv,자연관광,자연공원
포천,2023,11,2023-11,203,경기도,포천시,고모지,6,포천 2023_11.csv,자연관광,자연경관(하천/해양)
포천,2023,11,2023-11,203,경기도,포천시,포천운산리자연생태공원,6,포천 2023_11.csv,문화관광,도시공원
포천,2023,11,2023-11,203,경기도,포천시,지질트레일1코스,6,포천 2023_11.csv,레저스포츠,기타레저스포츠
포천,2023,11,2023-11,203,경기도,포천시,향림사,6,포천 2023_11.csv,역사관광,종교성지
포천,2023,11,2023-11,203,경기도,포천시,용주암,6,포천 2023_11.csv,역사관광,종교성지
포천,2023,11,2023-11,203,경기도,포천시,장암저수지,6,포천 2023_11.csv,자연관광,자연경관(하천/해양)
포천,2023,11,2023-11,217,경기도,포천시,포천관광정보센터 청년여행LAB,5,포천 2023_11.csv,문화관광,기타문화관광지
포천,2023,11,2023-11,217,경기도,포천시,각흘산,5,포천 2023_11.csv,자연관광,자연경관(산)
포천,2023,11,2023-11,217,경기도,포천시,고모리수상레저,5,포천 2023_11.csv,레저스포츠,기타레저스포츠
포천,2023,11,2023-11,217,경기도,포천시,도연암,5,포천 2023_11.csv,역사관광,종교성지
포천,2023,11,2023-11,221,경기도,포천시,블루밍팜,4,포천 2023_11.csv,체험관광,농/산/어촌체험
포천,2023,11,2023-11,221,경기도,포천시,선단문화공원,4,포천 2023_11.csv,문화관광,도시공원
포천,2023,11,2023-11,221,경기도,포천시,화산서원,4,포천 2023_11.csv,역사관광,역사유적지
포천,2023,11,2023-11,221,경기도,포천시,인평대군묘및신도비,4,포천 2023_11.csv,역사관광,역사유적지
포천,2023,11,2023-11,221,경기도,포천시,왕방산왕방사방면,4,포천 2023_11.csv,자연관광,자연경관(산)
포천,2023,11,2023-11,221,경기도,포천시,극락사,4,포천 2023_11.csv,역사관광,종교성지
포천,2023,11,2023-11,221,경기도,포천시,동화사,4,포천 2023_11.csv,역사관광,종교성지
포천,2023,11,2023-11,228,경기도,포천시,도마치고개,3,포천 2023_11.csv,자연관광,자연경관(산)
포천,2023,11,2023-11,228,경기도,포천시,임진농원,3,포천 2023_11.csv,체험관광,농/산/어촌체험
포천,2023,11,2023-11,228,경기도,포천시,관인문화마을,3,포천 2023_11.csv,기타관광,기타관광
포천,2023,11,2023-11,228,경기도,포천시,포천소민농장,3,포천 2023_11.csv,체험관광,농/산/어촌체험
포천,2023,11,2023-11,228,경기도,포천시,초계목장,3,포천 2023_11.csv,체험관광,농/산/어촌체험
포천,2023,11,2023-11,228,경기도,포천시,효안재,3,포천 2023_11.csv,역사관광,역사유적지
포천,2023,11,2023-11,228,경기도,포천시,관룡사,3,포천 2023_11.csv,역사관광,종교성지
포천,2023,11,2023-11,228,경기도,포천시,잇빛천연염색체험학습장,3,포천 2023_11.csv,체험관광,공예체험
포천,2023,11,2023-11,228,경기도,포천시,털보낚시터,3,포천 2023_11.csv,레저스포츠,수상레저스포츠
포천,2023,11,2023-11,228,경기도,포천시,솔모루공원,3,포천 2023_11.csv,문화관광,도시공원
포천,2023,11,2023-11,228,경기도,포천시,도리돌문화교류센터,3,포천 2023_11.csv,레저스포츠,기타레저스포츠
포천,2023,11,2023-11,228,경기도,포천시,보성암,3,포천 2023_11.csv,역사관광,종교성지
포천,2023,11,2023-11,228,경기도,포천시,명성산산정호수방면,3,포천 2023_11.csv,자연관광,자연경관(산)
포천,2023,11,2023-11,228,경기도,포천시,냉정낚시터,3,포천 2023_11.csv,레저스포츠,수상레저스포츠
포천,2023,11,2023-11,228,경기도,포천시,정수유원지,3,포천 2023_11.csv,문화관광,복합관광시설
포천,2023,11,2023-11,228,경기도,포천시,왕방산,3,포천 2023_11.csv,자연관광,자연경관(산)
포천,2023,11,2023-11,228,경기도,포천시,제일푸드,3,포천 2023_11.csv,쇼핑,시장
포천,2023,11,2023-11,228,경기도,포천시,도평리터미널,3,포천 2023_11.csv,기타관광,교통시설
포천,2023,11,2023-11,228,경기도,포천시,한탄강야생화공원,3,포천 2023_11.csv,문화관광,도시공원
포천,2023,11,2023-11,228,경기도,포천시,복후미저수지,3,포천 2023_11.csv,자연관광,자연경관(하천/해양)
포천,2023,11,2023-11,228,경기도,포천시,포천블루파크,3,포천 2023_11.csv,문화관광,테마공원
포천,2023,11,2023-11,228,경기도,포천시,옥병서원,3,포천 2023_11.csv,역사관광,역사유적지
포천,2023,11,2023-11,228,경기도,포천시,키즈필키즈카페,3,포천 2023_11.csv,문화관광,테마공원
포천,2023,11,2023-11,228,경기도,포천시,리얼야구존포천시청점,3,포천 2023_11.csv,레저스포츠,기타레저스포츠
포천,2023,11,2023-11,228,경기도,포천시,도내지고개,3,포천 2023_11.csv,자연관광,자연경관(산)
포천,2023,11,2023-11,228,경기도,포천시,창옥병암각문,3,포천 2023_11.csv,역사관광,역사유적지
포천,2023,11,2023-11,228,경기도,포천시,문옥목장,3,포천 2023_11.csv,체험관광,농/산/어촌체험
포천,2023,11,2023-11,228,경기도,포천시,육사생도6.25참전기념비,3,포천 2023_11.csv,역사관광,역사유물
포천,2023,12,2023-12,1,경기도,포천시,허브아일랜드,4942,포천 2023_12.csv,체험관광,농/산/어촌체험
포천,2023,12,2023-12,2,경기도,포천시,산정호수,4853,포천 2023_12.csv,자연관광,자연경관(하천/해양)
포천,2023,12,2023-12,3,경기도,포천시,국립수목원,3734,포천 2023_12.csv,문화관광,테마공원
포천,2023,12,2023-12,4,경기도,포천시,고모저수지,3335,포천 2023_12.csv,자연관광,자연경관(하천/해양)
포천,2023,12,2023-12,5,경기도,포천시,신북온천스프링폴,3287,포천 2023_12.csv,체험관광,웰니스관광
포천,2023,12,2023-12,6,경기도,포천시,일동시외버스터미널,2889,포천 2023_12.csv,기타관광,교통시설
포천,2023,12,2023-12,7,경기도,포천시,포천아트밸리,2790,포천 2023_12.csv,문화관광,공연시설
포천,2023,12,2023-12,8,경기도,포천시,제일유황온천,2330,포천 2023_12.csv,체험관광,웰니스관광
포천,2023,12,2023-12,9,경기도,포천시,포천힐스CC,2223,포천 2023_12.csv,레저스포츠,육상레저스포츠
포천,2023,12,2023-12,10,경기도,포천시,CGV포천,2212,포천 2023_12.csv,문화관광,공연시설
포천,2023,12,2023-12,11,경기도,포천시,베어크리크GC,2104,포천 2023_12.csv,레저스포츠,육상레저스포츠
포천,2023,12,2023-12,12,경기도,포천시,푸른솔GC포천,1705,포천 2023_12.csv,레저스포츠,육상레저스포츠
포천,2023,12,2023-12,13,경기도,포천시,포천백운계곡동장군축제,1690,포천 2023_12.csv,문화관광,기타문화관광지
포천,2023,12,2023-12,14,경기도,포천시,포천아도니스CC,1635,포천 2023_12.csv,레저스포츠,육상레저스포츠
포천,2023,12,2023-12,15,경기도,포천시,비둘기낭폭포,1556,포천 2023_12.csv,자연관광,자연경관(산)
포천,2023,12,2023-12,16,경기도,포천시,라싸GC,1477,포천 2023_12.csv,레저스포츠,육상레저스포츠
포천,2023,12,2023-12,17,경기도,포천시,포레스트힐CC,1467,포천 2023_12.csv,레저스포츠,육상레저스포츠
포천,2023,12,2023-12,18,경기도,포천시,포천힐마루CC,1245,포천 2023_12.csv,레저스포츠,육상레저스포츠
포천,2023,12,2023-12,19,경기도,포천시,송우시외버스터미널,1152,포천 2023_12.csv,기타관광,교통시설
포천,2023,12,2023-12,20,경기도,포천시,필로스GC,1119,포천 2023_12.csv,레저스포츠,육상레저스포츠
포천,2023,12,2023-12,21,경기도,포천시,몽베르CC,1105,포천 2023_12.csv,레저스포츠,육상레저스포츠
포천,2023,12,2023-12,22,경기도,포천시,참밸리컨트리클럽,1100,포천 2023_12.csv,레저스포츠,육상레저스포츠
포천,2023,12,2023-12,23,경기도,포천시,포천반월아트홀,993,포천 2023_12.csv,문화관광,공연시설
포천,2023,12,2023-12,24,경기도,포천시,백운계곡,962,포천 2023_12.csv,자연관광,자연경관(산)
포천,2023,12,2023-12,25,경기도,포천시,포천한탄강하늘다리,958,포천 2023_12.csv,기타관광,기타관광
포천,2023,12,2023-12,26,경기도,포천시,일동레이크GC,901,포천 2023_12.csv,레저스포츠,육상레저스포츠
포천,2023,12,2023-12,27,경기도,포천시,호국금강사,849,포천 2023_12.csv,역사관광,종교성지
포천,2023,12,2023-12,28,경기도,포천시,포천시외버스터미널,790,포천 2023_12.csv,기타관광,교통시설
포천,2023,12,2023-12,29,경기도,포천시,샴발라CC,751,포천 2023_12.csv,레저스포츠,육상레저스포츠
포천,2023,12,2023-12,30,경기도,포천시,산사원,714,포천 2023_12.csv,문화관광,전시시설
포천,2023,12,2023-12,31,경기도,포천시,베어스타운스키장휴업중,680,포천 2023_12.csv,레저스포츠,육상레저스포츠
포천,2023,12,2023-12,32,경기도,포천시,한탄강주상절리길1코스,624,포천 2023_12.csv,레저스포츠,기타레저스포츠
포천,2023,12,2023-12,32,경기도,포천시,주파크,624,포천 2023_12.csv,문화관광,테마공원
포천,2023,12,2023-12,34,경기도,포천시,운악산자연휴양림,588,포천 2023_12.csv,자연관광,자연공원
포천,2023,12,2023-12,35,경기도,포천시,축석고개,583,포천 2023_12.csv,자연관광,자연경관(산)
포천,2023,12,2023-12,36,경기도,포천시,천보산자연휴양림,405,포천 2023_12.csv,자연관광,자연공원
포천,2023,12,2023-12,37,경기도,포천시,도성사,388,포천 2023_12.csv,역사관광,종교성지
포천,2023,12,2023-12,38,경기도,포천시,동교낚시터,367,포천 2023_12.csv,레저스포츠,수상레저스포츠
포천,2023,12,2023-12,39,경기도,포천시,어메이징파크,362,포천 2023_12.csv,문화관광,전시시설
포천,2023,12,2023-12,40,경기도,포천시,포천5일장,350,포천 2023_12.csv,쇼핑,시장
포천,2023,12,2023-12,40,경기도,포천시,포천패션타운,350,포천 2023_12.csv,쇼핑,쇼핑몰
포천,2023,12,2023-12,42,경기도,포천시,한탄강지질공원센터,345,포천 2023_12.csv,문화관광,전시시설
포천,2023,12,2023-12,43,경기도,포천시,아딸농원,323,포천 2023_12.csv,체험관광,농/산/어촌체험
포천,2023,12,2023-12,44,경기도,포천시,밤밭낚시터,291,포천 2023_12.csv,레저스포츠,수상레저스포츠
포천,2023,12,2023-12,45,경기도,포천시,서운동산,261,포천 2023_12.csv,문화관광,복합관광시설
포천,2023,12,2023-12,46,경기도,포천시,락가든GC,259,포천 2023_12.csv,레저스포츠,육상레저스포츠
포천,2023,12,2023-12,47,경기도,포천시,낭만닥터김사부촬영지,251,포천 2023_12.csv,문화관광,기타문화관광지
포천,2023,12,2023-12,48,경기도,포천시,동교하우스낚시터,244,포천 2023_12.csv,레저스포츠,수상레저스포츠
포천,2023,12,2023-12,49,경기도,포천시,쌍방죽낚시터,234,포천 2023_12.csv,레저스포츠,수상레저스포츠
포천,2023,12,2023-12,50,경기도,포천시,소흘생활체육공원,218,포천 2023_12.csv,문화관광,도시공원
포천,2023,12,2023-12,51,경기도,포천시,한화리조트산정호수온천,212,포천 2023_12.csv,체험관광,웰니스관광
포천,2023,12,2023-12,51,경기도,포천시,광릉수목원자동차극장,212,포천 2023_12.csv,문화관광,공연시설
포천,2023,12,2023-12,53,경기도,포천시,포천자동차극장,207,포천 2023_12.csv,문화관광,공연시설
포천,2023,12,2023-12,54,경기도,포천시,수목원고모호수공원,206,포천 2023_12.csv,문화관광,도시공원
포천,2023,12,2023-12,55,경기도,포천시,포천스포츠센터,201,포천 2023_12.csv,레저스포츠,기타레저스포츠
포천,2023,12,2023-12,56,경기도,포천시,깊이울유원지,194,포천 2023_12.csv,문화관광,복합관광시설
포천,2023,12,2023-12,57,경기도,포천시,백운계곡유원지,192,포천 2023_12.csv,문화관광,복합관광시설
포천,2023,12,2023-12,58,경기도,포천시,포천가구공단,188,포천 2023_12.csv,쇼핑,기타쇼핑시설
포천,2023,12,2023-12,59,경기도,포천시,포천아도니스퍼블릭CC,185,포천 2023_12.csv,레저스포츠,육상레저스포츠
포천,2023,12,2023-12,60,경기도,포천시,아프리카예술박물관,178,포천 2023_12.csv,문화관광,전시시설
포천,2023,12,2023-12,61,경기도,포천시,포천화적연,174,포천 2023_12.csv,자연관광,자연경관(하천/해양)
포천,2023,12,2023-12,62,경기도,포천시,포천수원산정상전망대,162,포천 2023_12.csv,문화관광,랜드마크관광
포천,2023,12,2023-12,63,경기도,포천시,클라우드시네마,156,포천 2023_12.csv,문화관광,공연시설
포천,2023,12,2023-12,64,경기도,포천시,가산저수지,146,포천 2023_12.csv,자연관광,자연경관(하천/해양)
포천,2023,12,2023-12,64,경기도,포천시,포천산정호수썰매축제,146,포천 2023_12.csv,문화관광,기타문화관광지
포천,2023,12,2023-12,66,경기도,포천시,가농바이오농장,145,포천 2023_12.csv,체험관광,농/산/어촌체험
포천,2023,12,2023-12,67,경기도,포천시,백운낚시터,144,포천 2023_12.csv,레저스포츠,수상레저스포츠
포천,2023,12,2023-12,68,경기도,포천시,청성역사공원,143,포천 2023_12.csv,문화관광,도시공원
포천,2023,12,2023-12,69,경기도,포천시,청계지,133,포천 2023_12.csv,자연관광,자연경관(하천/해양)
포천,2023,12,2023-12,70,경기도,포천시,평강랜드,128,포천 2023_12.csv,문화관광,테마공원
포천,2023,12,2023-12,71,경기도,포천시,산정호수조각공원,114,포천 2023_12.csv,문화관광,도시공원
포천,2023,12,2023-12,72,경기도,포천시,왕산사,113,포천 2023_12.csv,역사관광,종교성지
포천,2023,12,2023-12,73,경기도,포천시,송우공설시장,112,포천 2023_12.csv,쇼핑,시장
포천,2023,12,2023-12,74,경기도,포천시,설운체육공원,109,포천 2023_12.csv,문화관광,도시공원
포천,2023,12,2023-12,75,경기도,포천시,허브아일랜드불빛동화축제,108,포천 2023_12.csv,문화관광,기타문화관광지
포천,2023,12,2023-12,76,경기도,포천시,내촌낚시터,106,포천 2023_12.csv,레저스포츠,수상레저스포츠
포천,2023,12,2023-12,77,경기도,포천시,에덴농장,104,포천 2023_12.csv,체험관광,농/산/어촌체험
포천,2023,12,2023-12,78,경기도,포천시,운천재래시장,98,포천 2023_12.csv,쇼핑,시장
포천,2023,12,2023-12,78,경기도,포천시,포천신읍시장,98,포천 2023_12.csv,쇼핑,시장
포천,2023,12,2023-12,80,경기도,포천시,운악산,92,포천 2023_12.csv,자연관광,자연경관(산)
포천,2023,12,2023-12,81,경기도,포천시,포천축구공원,87,포천 2023_12.csv,문화관광,도시공원
포천,2023,12,2023-12,82,경기도,포천시,구담사,86,포천 2023_12.csv,역사관광,종교성지
포천,2023,12,2023-12,83,경기도,포천시,Y스포츠센터,76,포천 2023_12.csv,레저스포츠,기타레저스포츠
포천,2023,12,2023-12,84,경기도,포천시,코버월드,73,포천 2023_12.csv,문화관광,전시시설
포천,2023,12,2023-12,85,경기도,포천시,가산낚시터,68,포천 2023_12.csv,레저스포츠,수상레저스포츠
포천,2023,12,2023-12,85,경기도,포천시,오지재고개,68,포천 2023_12.csv,자연관광,자연경관(산)
포천,2023,12,2023-12,87,경기도,포천시,초원낚시터,66,포천 2023_12.csv,레저스포츠,수상레저스포츠
포천,2023,12,2023-12,87,경기도,포천시,국망봉자연휴양림,66,포천 2023_12.csv,자연관광,자연공원
포천,2023,12,2023-12,89,경기도,포천시,포천체육공원,58,포천 2023_12.csv,문화관광,도시공원
포천,2023,12,2023-12,90,경기도,포천시,허브아일랜드산타마을,57,포천 2023_12.csv,문화관광,테마공원
포천,2023,12,2023-12,91,경기도,포천시,냉정저수지,54,포천 2023_12.csv,자연관광,자연경관(하천/해양)
포천,2023,12,2023-12,92,경기도,포천시,포천염광수련원,53,포천 2023_12.csv,레저스포츠,육상레저스포츠
포천,2023,12,2023-12,93,경기도,포천시,갈월버섯농장,50,포천 2023_12.csv,체험관광,농/산/어촌체험
포천,2023,12,2023-12,94,경기도,포천시,광암이벽유적지,47,포천 2023_12.csv,역사관광,역사유적지
포천,2023,12,2023-12,95,경기도,포천시,흥룡사,45,포천 2023_12.csv,역사관광,종교성지
포천,2023,12,2023-12,96,경기도,포천시,어하고개,43,포천 2023_12.csv,자연관광,자연경관(산)
포천,2023,12,2023-12,97,경기도,포천시,가람누리문화공원전망대,42,포천 2023_12.csv,문화관광,랜드마크관광
포천,2023,12,2023-12,98,경기도,포천시,수목원낚시터,40,포천 2023_12.csv,레저스포츠,수상레저스포츠
포천,2023,12,2023-12,99,경기도,포천시,포천허브아일랜드 자동차극장,39,포천 2023_12.csv,문화관광,공연시설
포천,2023,12,2023-12,99,경기도,포천시,자인사,39,포천 2023_12.csv,역사관광,종교성지
포천,2023,12,2023-12,99,경기도,포천시,일동시장,39,포천 2023_12.csv,쇼핑,시장
포천,2023,12,2023-12,102,경기도,포천시,태국군참전비,38,포천 2023_12.csv,역사관광,역사유물
포천,2023,12,2023-12,103,경기도,포천시,금주저수지,36,포천 2023_12.csv,자연관광,자연경관(하천/해양)
포천,2023,12,2023-12,103,경기도,포천시,신읍동도시재생어울림센터2,36,포천 2023_12.csv,문화관광,기타문화관광지
포천,2023,12,2023-12,103,경기도,포천시,황새목낚시터,36,포천 2023_12.csv,레저스포츠,수상레저스포츠
포천,2023,12,2023-12,106,경기도,포천시,강포저수지,35,포천 2023_12.csv,자연관광,자연경관(하천/해양)
포천,2023,12,2023-12,107,경기도,포천시,멍우리협곡,33,포천 2023_12.csv,자연관광,자연경관(산)
포천,2023,12,2023-12,108,경기도,포천시,화엄사,32,포천 2023_12.csv,역사관광,종교성지
포천,2023,12,2023-12,108,경기도,포천시,이항복선생묘,32,포천 2023_12.csv,역사관광,역사유적지
포천,2023,12,2023-12,108,경기도,포천시,천주사,32,포천 2023_12.csv,역사관광,종교성지
포천,2023,12,2023-12,111,경기도,포천시,레이크밸리 승마클럽,29,포천 2023_12.csv,레저스포츠,기타레저스포츠
포천,2023,12,2023-12,111,경기도,포천시,새마을낚시터,29,포천 2023_12.csv,레저스포츠,수상레저스포츠
포천,2023,12,2023-12,111,경기도,포천시,포천야구장,29,포천 2023_12.csv,문화관광,레저스포츠시설
포천,2023,12,2023-12,114,경기도,포천시,청한베이스볼파크,28,포천 2023_12.csv,문화관광,레저스포츠시설
포천,2023,12,2023-12,115,경기도,포천시,키즈필포천송우점,27,포천 2023_12.csv,문화관광,테마공원
포천,2023,12,2023-12,116,경기도,포천시,마전낚시터,25,포천 2023_12.csv,레저스포츠,수상레저스포츠
포천,2023,12,2023-12,116,경기도,포천시,약천사,25,포천 2023_12.csv,역사관광,종교성지
포천,2023,12,2023-12,118,경기도,포천시,명성산억새밭,24,포천 2023_12.csv,기타관광,기타관광
포천,2023,12,2023-12,119,경기도,포천시,포천파크골프장,23,포천 2023_12.csv,레저스포츠,기타레저스포츠
포천,2023,12,2023-12,120,경기도,포천시,한탄강금빛사과농원,21,포천 2023_12.csv,체험관광,농/산/어촌체험
포천,2023,12,2023-12,121,경기도,포천시,깊이울저수지,20,포천 2023_12.csv,자연관광,자연경관(하천/해양)
포천,2023,12,2023-12,122,경기도,포천시,전운사,19,포천 2023_12.csv,역사관광,종교성지
포천,2023,12,2023-12,122,경기도,포천시,백운계곡국민관광지,19,포천 2023_12.csv,문화관광,복합관광시설
포천,2023,12,2023-12,124,경기도,포천시,포천종합운동장보조구장,18,포천 2023_12.csv,문화관광,레저스포츠시설
포천,2023,12,2023-12,124,경기도,포천시,금주낚시터,18,포천 2023_12.csv,레저스포츠,수상레저스포츠
포천,2023,12,2023-12,124,경기도,포천시,나남수목원,18,포천 2023_12.csv,자연관광,자연공원
포천,2023,12,2023-12,124,경기도,포천시,포천향교,18,포천 2023_12.csv,역사관광,역사유적지
포천,2023,12,2023-12,124,경기도,포천시,산정랜드,18,포천 2023_12.csv,문화관광,복합관광시설
포천,2023,12,2023-12,129,경기도,포천시,한탄강주상절리길3코스,17,포천 2023_12.csv,레저스포츠,기타레저스포츠
포천,2023,12,2023-12,129,경기도,포천시,자비사,17,포천 2023_12.csv,역사관광,종교성지
포천,2023,12,2023-12,131,경기도,포천시,태봉공원,16,포천 2023_12.csv,문화관광,도시공원
포천,2023,12,2023-12,131,경기도,포천시,가온농장,16,포천 2023_12.csv,체험관광,농/산/어촌체험
포천,2023,12,2023-12,131,경기도,포천시,천주호,16,포천 2023_12.csv,자연관광,자연경관(하천/해양)
포천,2023,12,2023-12,134,경기도,포천시,충목단,15,포천 2023_12.csv,역사관광,역사유적지
포천,2023,12,2023-12,134,경기도,포천시,포천그린아울렛,15,포천 2023_12.csv,쇼핑,쇼핑몰
포천,2023,12,2023-12,134,경기도,포천시,백로주유원지,15,포천 2023_12.csv,문화관광,복합관광시설
포천,2023,12,2023-12,134,경기도,포천시,포천아트밸리천문과학관,15,포천 2023_12.csv,문화관광,전시시설
포천,2023,12,2023-12,134,경기도,포천시,미륵박물관,15,포천 2023_12.csv,문화관광,전시시설
포천,2023,12,2023-12,134,경기도,포천시,국봉사,15,포천 2023_12.csv,역사관광,종교성지
포천,2023,12,2023-12,140,경기도,포천시,법왕사,14,포천 2023_12.csv,역사관광,종교성지
포천,2023,12,2023-12,140,경기도,포천시,태산낚시터,14,포천 2023_12.csv,레저스포츠,수상레저스포츠
포천,2023,12,2023-12,142,경기도,포천시,베스트원스포츠,12,포천 2023_12.csv,레저스포츠,기타레저스포츠
포천,2023,12,2023-12,142,경기도,포천시,도리돌문화교류센터,12,포천 2023_12.csv,레저스포츠,기타레저스포츠
포천,2023,12,2023-12,142,경기도,포천시,보문정사,12,포천 2023_12.csv,역사관광,종교성지
포천,2023,12,2023-12,142,경기도,포천시,직동낚시터,12,포천 2023_12.csv,레저스포츠,수상레저스포츠
포천,2023,12,2023-12,146,경기도,포천시,청계산,11,포천 2023_12.csv,자연관광,자연경관(산)
포천,2023,12,2023-12,146,경기도,포천시,성불암,11,포천 2023_12.csv,역사관광,종교성지
포천,2023,12,2023-12,146,경기도,포천시,산정리조트눈썰매장,11,포천 2023_12.csv,레저스포츠,육상레저스포츠
포천,2023,12,2023-12,146,경기도,포천시,포천반월성,11,포천 2023_12.csv,역사관광,역사유적지
포천,2023,12,2023-12,146,경기도,포천시,옛뜰애관광농원,11,포천 2023_12.csv,체험관광,농/산/어촌체험
포천,2023,12,2023-12,151,경기도,포천시,프로방스빌리지수영장,10,포천 2023_12.csv,문화관광,테마공원
포천,2023,12,2023-12,151,경기도,포천시,베어스타운스노우타운눈썰매장,10,포천 2023_12.csv,레저스포츠,육상레저스포츠
포천,2023,12,2023-12,151,경기도,포천시,무네미낚시터,10,포천 2023_12.csv,레저스포츠,수상레저스포츠
포천,2023,12,2023-12,151,경기도,포천시,보림사,10,포천 2023_12.csv,역사관광,종교성지
포천,2023,12,2023-12,155,경기도,포천시,대수암,9,포천 2023_12.csv,역사관광,종교성지
포천,2023,12,2023-12,155,경기도,포천시,한탄강테마파크,9,포천 2023_12.csv,문화관광,테마공원
포천,2023,12,2023-12,155,경기도,포천시,한과문화박물관,9,포천 2023_12.csv,문화관광,전시시설
포천,2023,12,2023-12,155,경기도,포천시,운악레저타운,9,포천 2023_12.csv,레저스포츠,기타레저스포츠
포천,2023,12,2023-12,155,경기도,포천시,직두리낚시터,9,포천 2023_12.csv,레저스포츠,수상레저스포츠
포천,2023,12,2023-12,155,경기도,포천시,도연암,9,포천 2023_12.csv,역사관광,종교성지
포천,2023,12,2023-12,161,경기도,포천시,황금프라자,8,포천 2023_12.csv,쇼핑,쇼핑몰
포천,2023,12,2023-12,162,경기도,포천시,무상사,7,포천 2023_12.csv,역사관광,종교성지
포천,2023,12,2023-12,162,경기도,포천시,베어스타운CC휴업중,7,포천 2023_12.csv,레저스포츠,육상레저스포츠
포천,2023,12,2023-12,162,경기도,포천시,WPL파워야구장,7,포천 2023_12.csv,문화관광,레저스포츠시설
포천,2023,12,2023-12,162,경기도,포천시,미트빌연합사업단,7,포천 2023_12.csv,쇼핑,시장
포천,2023,12,2023-12,162,경기도,포천시,포천운산리자연생태공원,7,포천 2023_12.csv,문화관광,도시공원
포천,2023,12,2023-12,162,경기도,포천시,향림사,7,포천 2023_12.csv,역사관광,종교성지
포천,2023,12,2023-12,162,경기도,포천시,포천아우라지베개용암,7,포천 2023_12.csv,기타관광,기타관광
포천,2023,12,2023-12,162,경기도,포천시,포천하늘아래치유의숲,7,포천 2023_12.csv,기타관광,기타관광
포천,2023,12,2023-12,170,경기도,포천시,밤밭실내장어낚시터,6,포천 2023_12.csv,레저스포츠,수상레저스포츠
포천,2023,12,2023-12,170,경기도,포천시,한탄강디지털체험관,6,포천 2023_12.csv,문화관광,전시시설
포천,2023,12,2023-12,170,경기도,포천시,한탄강팔호유원지,6,포천 2023_12.csv,문화관광,복합관광시설
포천,2023,12,2023-12,170,경기도,포천시,만덕사,6,포천 2023_12.csv,역사관광,종교성지
포천,2023,12,2023-12,170,경기도,포천시,왕방산,6,포천 2023_12.csv,자연관광,자연경관(산)
포천,2023,12,2023-12,170,경기도,포천시,무림사,6,포천 2023_12.csv,역사관광,종교성지
포천,2023,12,2023-12,170,경기도,포천시,도평리터미널,6,포천 2023_12.csv,기타관광,교통시설
포천,2023,12,2023-12,170,경기도,포천시,화현저수지,6,포천 2023_12.csv,자연관광,자연경관(하천/해양)
포천,2023,12,2023-12,170,경기도,포천시,지질트레일1코스,6,포천 2023_12.csv,레저스포츠,기타레저스포츠
포천,2023,12,2023-12,170,경기도,포천시,용주암,6,포천 2023_12.csv,역사관광,종교성지
포천,2023,12,2023-12,170,경기도,포천시,백운산광덕고개,6,포천 2023_12.csv,자연관광,자연경관(산)
포천,2023,12,2023-12,170,경기도,포천시,금불사,6,포천 2023_12.csv,역사관광,종교성지
포천,2023,12,2023-12,170,경기도,포천시,궁뜰사과농원,6,포천 2023_12.csv,체험관광,농/산/어촌체험
포천,2023,12,2023-12,183,경기도,포천시,광릉분재예술공원,5,포천 2023_12.csv,문화관광,도시공원
포천,2023,12,2023-12,183,경기도,포천시,국립산림박물관,5,포천 2023_12.csv,문화관광,전시시설
포천,2023,12,2023-12,183,경기도,포천시,백운산,5,포천 2023_12.csv,자연관광,자연경관(산)
포천,2023,12,2023-12,186,경기도,포천시,한탄강주상절리길5코스,4,포천 2023_12.csv,레저스포츠,기타레저스포츠
포천,2023,12,2023-12,186,경기도,포천시,원통사,4,포천 2023_12.csv,역사관광,종교성지
포천,2023,12,2023-12,186,경기도,포천시,명성산,4,포천 2023_12.csv,자연관광,자연경관(산)
포천,2023,12,2023-12,186,경기도,포천시,황금낚시터,4,포천 2023_12.csv,레저스포츠,수상레저스포츠
포천,2023,12,2023-12,186,경기도,포천시,각흘산,4,포천 2023_12.csv,자연관광,자연경관(산)
포천,2023,12,2023-12,186,경기도,포천시,서운동산어린이동물농장,4,포천 2023_12.csv,기타관광,기타관광
포천,2023,12,2023-12,186,경기도,포천시,마홀축구장,4,포천 2023_12.csv,문화관광,레저스포츠시설
포천,2023,12,2023-12,186,경기도,포천시,고모지,4,포천 2023_12.csv,자연관광,자연경관(하천/해양)
포천,2023,12,2023-12,186,경기도,포천시,장암저수지,4,포천 2023_12.csv,자연관광,자연경관(하천/해양)
포천,2023,12,2023-12,195,경기도,포천시,산안고개,3,포천 2023_12.csv,자연관광,자연경관(산)
포천,2023,12,2023-12,195,경기도,포천시,법천사,3,포천 2023_12.csv,역사관광,종교성지
포천,2023,12,2023-12,195,경기도,포천시,페리아도워터파크,3,포천 2023_12.csv,문화관광,테마공원
포천,2023,12,2023-12,195,경기도,포천시,부소천교,3,포천 2023_12.csv,기타관광,기타관광
포천,2023,12,2023-12,195,경기도,포천시,금주산,3,포천 2023_12.csv,자연관광,자연경관(산)
포천,2023,12,2023-12,195,경기도,포천시,관음사,3,포천 2023_12.csv,역사관광,종교성지
포천,2023,12,2023-12,195,경기도,포천시,구라이골,3,포천 2023_12.csv,기타관광,기타관광
포천,2023,12,2023-12,195,경기도,포천시,한탄강생태경관단지,3,포천 2023_12.csv,기타관광,기타관광
포천,2023,12,2023-12,195,경기도,포천시,이벽생가터,3,포천 2023_12.csv,기타관광,기타관광
포천,2023,12,2023-12,195,경기도,포천시,소흘생활체육공원인공암벽장,3,포천 2023_12.csv,레저스포츠,기타레저스포츠
포천,2023,12,2023-12,195,경기도,포천시,루지월드베어스타운점,3,포천 2023_12.csv,레저스포츠,기타레저스포츠
포천,2023,12,2023-12,195,경기도,포천시,소우주도자기공방,3,포천 2023_12.csv,체험관광,공예체험
포천,2023,12,2023-12,195,경기도,포천시,포천소민농장,3,포천 2023_12.csv,체험관광,농/산/어촌체험
포천,2023,12,2023-12,195,경기도,포천시,아라리농장,3,포천 2023_12.csv,체험관광,농/산/어촌체험
포천,2023,12,2023-12,195,경기도,포천시,이항복선생기념관,3,포천 2023_12.csv,문화관광,전시시설
포천,2023,12,2023-12,195,경기도,포천시,포천하늘딸기농장,3,포천 2023_12.csv,체험관광,농/산/어촌체험
포천,2023,12,2023-12,195,경기도,포천시,화요공방,3,포천 2023_12.csv,체험관광,공예체험
포천,2023,12,2023-12,195,경기도,포천시,올레농장,3,포천 2023_12.csv,체험관광,농/산/어촌체험
포천,2023,12,2023-12,195,경기도,포천시,유식물원,3,포천 2023_12.csv,문화관광,테마공원
포천,2023,12,2023-12,195,경기도,포천시,허브와야생화마을,3,포천 2023_12.csv,문화관광,테마공원
포천,2023,12,2023-12,195,경기도,포천시,송일농장,3,포천 2023_12.csv,체험관광,농/산/어촌체험
포천,2023,12,2023-12,195,경기도,포천시,내리공설시장,3,포천 2023_12.csv,쇼핑,시장
포천,2023,12,2023-12,195,경기도,포천시,왕방산왕방사방면,3,포천 2023_12.csv,자연관광,자연경관(산)
포천,2023,12,2023-12,195,경기도,포천시,극락사,3,포천 2023_12.csv,역사관광,종교성지
포천,2023,12,2023-12,195,경기도,포천시,냉정낚시터,3,포천 2023_12.csv,레저스포츠,수상레저스포츠
포천,2023,12,2023-12,195,경기도,포천시,지장산계곡,3,포천 2023_12.csv,자연관광,자연경관(산)
포천,2023,12,2023-12,195,경기도,포천시,동화사,3,포천 2023_12.csv,역사관광,종교성지
포천,2023,12,2023-12,195,경기도,포천시,가리산,3,포천 2023_12.csv,자연관광,자연경관(산)
포천,2023,12,2023-12,195,경기도,포천시,대안사,3,포천 2023_12.csv,역사관광,종교성지
포천,2023,12,2023-12,195,경기도,포천시,홀스킹덤팜스테이,3,포천 2023_12.csv,레저스포츠,육상레저스포츠
포천,2023,12,2023-12,195,경기도,포천시,운천낚시공원,3,포천 2023_12.csv,레저스포츠,수상레저스포츠
포천,2023,12,2023-12,195,경기도,포천시,축구장소흘생활체육공원,3,포천 2023_12.csv,문화관광,레저스포츠시설
포천,2023,12,2023-12,195,경기도,포천시,초가낚시터,3,포천 2023_12.csv,레저스포츠,수상레저스포츠
포천,2023,12,2023-12,195,경기도,포천시,전곡호낚시터,3,포천 2023_12.csv,레저스포츠,수상레저스포츠
포천,2023,12,2023-12,195,경기도,포천시,고모리수상레저,3,포천 2023_12.csv,레저스포츠,기타레저스포츠
포천,2023,12,2023-12,195,경기도,포천시,포천약사암,3,포천 2023_12.csv,역사관광,종교성지
포천,2023,12,2023-12,195,경기도,포천시,승법사,3,포천 2023_12.csv,역사관광,종교성지
포천,2023,12,2023-12,195,경기도,포천시,송광사,3,포천 2023_12.csv,역사관광,종교성지
포천,2023,12,2023-12,195,경기도,포천시,관음사,3,포천 2023_12.csv,역사관광,종교성지
포천,2023,12,2023-12,195,경기도,포천시,근선목장,3,포천 2023_12.csv,체험관광,농/산/어촌체험
포천,2023,12,2023-12,195,경기도,포천시,성불사,3,포천 2023_12.csv,역사관광,종교성지
포천,2023,12,2023-12,195,경기도,포천시,서광사,3,포천 2023_12.csv,역사관광,종교성지
포천,2023,12,2023-12,195,경기도,포천시,법화사포천도량,3,포천 2023_12.csv,역사관광,종교성지
포천,2023,12,2023-12,195,경기도,포천시,천해사,3,포천 2023_12.csv,역사관광,종교성지
포천,2024,1,2024-01,1,경기도,포천시,산정호수,7719,포천 2024_01.csv,자연관광,자연경관(하천/해양)
포천,2024,1,2024-01,2,경기도,포천시,허브아일랜드,5676,포천 2024_01.csv,체험관광,농/산/어촌체험
포천,2024,1,2024-01,3,경기도,포천시,국립수목원,3741,포천 2024_01.csv,문화관광,테마공원
포천,2024,1,2024-01,4,경기도,포천시,신북온천스프링폴,3587,포천 2024_01.csv,체험관광,웰니스관광
포천,2024,1,2024-01,5,경기도,포천시,고모저수지,3358,포천 2024_01.csv,자연관광,자연경관(하천/해양)
포천,2024,1,2024-01,6,경기도,포천시,포천아트밸리,3003,포천 2024_01.csv,문화관광,공연시설
포천,2024,1,2024-01,7,경기도,포천시,일동시외버스터미널,2672,포천 2024_01.csv,기타관광,교통시설
포천,2024,1,2024-01,8,경기도,포천시,제일유황온천,2254,포천 2024_01.csv,체험관광,웰니스관광
포천,2024,1,2024-01,9,경기도,포천시,비둘기낭폭포,1666,포천 2024_01.csv,자연관광,자연경관(산)
포천,2024,1,2024-01,10,경기도,포천시,포천패션타운,1609,포천 2024_01.csv,쇼핑,쇼핑몰
포천,2024,1,2024-01,11,경기도,포천시,포천백운계곡동장군축제,1524,포천 2024_01.csv,문화관광,기타문화관광지
포천,2024,1,2024-01,12,경기도,포천시,백운계곡,1521,포천 2024_01.csv,자연관광,자연경관(산)
포천,2024,1,2024-01,13,경기도,포천시,CGV포천,1074,포천 2024_01.csv,문화관광,공연시설
포천,2024,1,2024-01,14,경기도,포천시,포천한탄강하늘다리,1038,포천 2024_01.csv,기타관광,기타관광
포천,2024,1,2024-01,15,경기도,포천시,송우시외버스터미널,998,포천 2024_01.csv,기타관광,교통시설
포천,2024,1,2024-01,16,경기도,포천시,참밸리컨트리클럽,954,포천 2024_01.csv,레저스포츠,육상레저스포츠
포천,2024,1,2024-01,17,경기도,포천시,한탄강주상절리길1코스,950,포천 2024_01.csv,레저스포츠,기타레저스포츠
포천,2024,1,2024-01,18,경기도,포천시,포천시외버스터미널,766,포천 2024_01.csv,기타관광,교통시설
포천,2024,1,2024-01,19,경기도,포천시,호국금강사,764,포천 2024_01.csv,역사관광,종교성지
포천,2024,1,2024-01,20,경기도,포천시,베어스타운스키장휴업중,680,포천 2024_01.csv,레저스포츠,육상레저스포츠
포천,2024,1,2024-01,21,경기도,포천시,산사원,576,포천 2024_01.csv,문화관광,전시시설
포천,2024,1,2024-01,22,경기도,포천시,축석고개,565,포천 2024_01.csv,자연관광,자연경관(산)
포천,2024,1,2024-01,23,경기도,포천시,주파크,562,포천 2024_01.csv,문화관광,테마공원
포천,2024,1,2024-01,24,경기도,포천시,포천반월아트홀,531,포천 2024_01.csv,문화관광,공연시설
포천,2024,1,2024-01,25,경기도,포천시,운악산자연휴양림,511,포천 2024_01.csv,자연관광,자연공원
포천,2024,1,2024-01,26,경기도,포천시,포천산정호수썰매축제,503,포천 2024_01.csv,문화관광,기타문화관광지
포천,2024,1,2024-01,27,경기도,포천시,베어크리크GC,442,포천 2024_01.csv,레저스포츠,육상레저스포츠
포천,2024,1,2024-01,28,경기도,포천시,산정호수조각공원,435,포천 2024_01.csv,문화관광,도시공원
포천,2024,1,2024-01,29,경기도,포천시,한탄강지질공원센터,404,포천 2024_01.csv,문화관광,전시시설
포천,2024,1,2024-01,30,경기도,포천시,포천힐스CC,397,포천 2024_01.csv,레저스포츠,육상레저스포츠
포천,2024,1,2024-01,31,경기도,포천시,도성사,379,포천 2024_01.csv,역사관광,종교성지
포천,2024,1,2024-01,32,경기도,포천시,포레스트힐CC,356,포천 2024_01.csv,레저스포츠,육상레저스포츠
포천,2024,1,2024-01,32,경기도,포천시,낭만닥터김사부촬영지,356,포천 2024_01.csv,문화관광,기타문화관광지
포천,2024,1,2024-01,34,경기도,포천시,포천5일장,353,포천 2024_01.csv,쇼핑,시장
포천,2024,1,2024-01,35,경기도,포천시,몽베르CC,343,포천 2024_01.csv,레저스포츠,육상레저스포츠
포천,2024,1,2024-01,36,경기도,포천시,천보산자연휴양림,342,포천 2024_01.csv,자연관광,자연공원
포천,2024,1,2024-01,37,경기도,포천시,포천힐마루CC,327,포천 2024_01.csv,레저스포츠,육상레저스포츠
포천,2024,1,2024-01,38,경기도,포천시,포천아도니스CC,274,포천 2024_01.csv,레저스포츠,육상레저스포츠
포천,2024,1,2024-01,39,경기도,포천시,푸른솔GC포천,262,포천 2024_01.csv,레저스포츠,육상레저스포츠
포천,2024,1,2024-01,40,경기도,포천시,서운동산,259,포천 2024_01.csv,문화관광,복합관광시설
포천,2024,1,2024-01,41,경기도,포천시,백운낚시터,257,포천 2024_01.csv,레저스포츠,수상레저스포츠
포천,2024,1,2024-01,41,경기도,포천시,포천스포츠센터,257,포천 2024_01.csv,레저스포츠,기타레저스포츠
포천,2024,1,2024-01,43,경기도,포천시,일동레이크GC,252,포천 2024_01.csv,레저스포츠,육상레저스포츠
포천,2024,1,2024-01,44,경기도,포천시,백운계곡유원지,251,포천 2024_01.csv,문화관광,복합관광시설
포천,2024,1,2024-01,45,경기도,포천시,한화리조트산정호수온천,248,포천 2024_01.csv,체험관광,웰니스관광
포천,2024,1,2024-01,46,경기도,포천시,샴발라CC,234,포천 2024_01.csv,레저스포츠,육상레저스포츠
포천,2024,1,2024-01,47,경기도,포천시,어메이징파크,228,포천 2024_01.csv,문화관광,전시시설
포천,2024,1,2024-01,48,경기도,포천시,동교낚시터,215,포천 2024_01.csv,레저스포츠,수상레저스포츠
포천,2024,1,2024-01,48,경기도,포천시,수목원고모호수공원,215,포천 2024_01.csv,문화관광,도시공원
포천,2024,1,2024-01,50,경기도,포천시,깊이울유원지,211,포천 2024_01.csv,문화관광,복합관광시설
포천,2024,1,2024-01,51,경기도,포천시,아딸농원,208,포천 2024_01.csv,체험관광,농/산/어촌체험
포천,2024,1,2024-01,52,경기도,포천시,소흘생활체육공원,207,포천 2024_01.csv,문화관광,도시공원
포천,2024,1,2024-01,53,경기도,포천시,밤밭낚시터,197,포천 2024_01.csv,레저스포츠,수상레저스포츠
포천,2024,1,2024-01,54,경기도,포천시,아프리카예술박물관,196,포천 2024_01.csv,문화관광,전시시설
포천,2024,1,2024-01,55,경기도,포천시,포천가구공단,194,포천 2024_01.csv,쇼핑,기타쇼핑시설
포천,2024,1,2024-01,55,경기도,포천시,광릉수목원자동차극장,194,포천 2024_01.csv,문화관광,공연시설
포천,2024,1,2024-01,57,경기도,포천시,포천화적연,186,포천 2024_01.csv,자연관광,자연경관(하천/해양)
포천,2024,1,2024-01,58,경기도,포천시,허브아일랜드불빛동화축제,182,포천 2024_01.csv,문화관광,기타문화관광지
포천,2024,1,2024-01,59,경기도,포천시,포천수원산정상전망대,181,포천 2024_01.csv,문화관광,랜드마크관광
포천,2024,1,2024-01,60,경기도,포천시,동교하우스낚시터,164,포천 2024_01.csv,레저스포츠,수상레저스포츠
포천,2024,1,2024-01,61,경기도,포천시,가산저수지,160,포천 2024_01.csv,자연관광,자연경관(하천/해양)
포천,2024,1,2024-01,62,경기도,포천시,쌍방죽낚시터,158,포천 2024_01.csv,레저스포츠,수상레저스포츠
포천,2024,1,2024-01,63,경기도,포천시,왕산사,142,포천 2024_01.csv,역사관광,종교성지
포천,2024,1,2024-01,64,경기도,포천시,라싸GC,140,포천 2024_01.csv,레저스포츠,육상레저스포츠
포천,2024,1,2024-01,65,경기도,포천시,가농바이오농장,136,포천 2024_01.csv,체험관광,농/산/어촌체험
포천,2024,1,2024-01,66,경기도,포천시,청성역사공원,125,포천 2024_01.csv,문화관광,도시공원
포천,2024,1,2024-01,67,경기도,포천시,포천염광수련원,114,포천 2024_01.csv,레저스포츠,육상레저스포츠
포천,2024,1,2024-01,68,경기도,포천시,필로스GC,111,포천 2024_01.csv,레저스포츠,육상레저스포츠
포천,2024,1,2024-01,69,경기도,포천시,포천자동차극장,108,포천 2024_01.csv,문화관광,공연시설
포천,2024,1,2024-01,70,경기도,포천시,청계지,100,포천 2024_01.csv,자연관광,자연경관(하천/해양)
포천,2024,1,2024-01,71,경기도,포천시,락가든GC,98,포천 2024_01.csv,레저스포츠,육상레저스포츠
포천,2024,1,2024-01,72,경기도,포천시,평강랜드,94,포천 2024_01.csv,문화관광,테마공원
포천,2024,1,2024-01,73,경기도,포천시,설운체육공원,91,포천 2024_01.csv,문화관광,도시공원
포천,2024,1,2024-01,74,경기도,포천시,송우공설시장,82,포천 2024_01.csv,쇼핑,시장
포천,2024,1,2024-01,75,경기도,포천시,강포저수지,72,포천 2024_01.csv,자연관광,자연경관(하천/해양)
포천,2024,1,2024-01,76,경기도,포천시,포천신읍시장,69,포천 2024_01.csv,쇼핑,시장
포천,2024,1,2024-01,76,경기도,포천시,오지재고개,69,포천 2024_01.csv,자연관광,자연경관(산)
포천,2024,1,2024-01,78,경기도,포천시,흥룡사,67,포천 2024_01.csv,역사관광,종교성지
포천,2024,1,2024-01,79,경기도,포천시,구담사,65,포천 2024_01.csv,역사관광,종교성지
포천,2024,1,2024-01,80,경기도,포천시,Y스포츠센터,63,포천 2024_01.csv,레저스포츠,기타레저스포츠
포천,2024,1,2024-01,81,경기도,포천시,가람누리문화공원전망대,57,포천 2024_01.csv,문화관광,랜드마크관광
포천,2024,1,2024-01,81,경기도,포천시,운천재래시장,57,포천 2024_01.csv,쇼핑,시장
포천,2024,1,2024-01,81,경기도,포천시,클라우드시네마,57,포천 2024_01.csv,문화관광,공연시설
포천,2024,1,2024-01,84,경기도,포천시,초원낚시터,56,포천 2024_01.csv,레저스포츠,수상레저스포츠
포천,2024,1,2024-01,85,경기도,포천시,운악산,54,포천 2024_01.csv,자연관광,자연경관(산)
포천,2024,1,2024-01,86,경기도,포천시,한탄강주상절리길3코스,50,포천 2024_01.csv,레저스포츠,기타레저스포츠
포천,2024,1,2024-01,86,경기도,포천시,내촌낚시터,50,포천 2024_01.csv,레저스포츠,수상레저스포츠
포천,2024,1,2024-01,88,경기도,포천시,코버월드,47,포천 2024_01.csv,문화관광,전시시설
포천,2024,1,2024-01,89,경기도,포천시,냉정저수지,45,포천 2024_01.csv,자연관광,자연경관(하천/해양)
포천,2024,1,2024-01,90,경기도,포천시,일동시장,43,포천 2024_01.csv,쇼핑,시장
포천,2024,1,2024-01,91,경기도,포천시,멍우리협곡,38,포천 2024_01.csv,자연관광,자연경관(산)
포천,2024,1,2024-01,91,경기도,포천시,천주사,38,포천 2024_01.csv,역사관광,종교성지
포천,2024,1,2024-01,93,경기도,포천시,산정랜드,37,포천 2024_01.csv,문화관광,복합관광시설
포천,2024,1,2024-01,94,경기도,포천시,약천사,36,포천 2024_01.csv,역사관광,종교성지
포천,2024,1,2024-01,95,경기도,포천시,국망봉자연휴양림,35,포천 2024_01.csv,자연관광,자연공원
포천,2024,1,2024-01,96,경기도,포천시,자인사,34,포천 2024_01.csv,역사관광,종교성지
포천,2024,1,2024-01,97,경기도,포천시,수목원낚시터,33,포천 2024_01.csv,레저스포츠,수상레저스포츠
포천,2024,1,2024-01,97,경기도,포천시,포천축구공원,33,포천 2024_01.csv,문화관광,도시공원
포천,2024,1,2024-01,97,경기도,포천시,태국군참전비,33,포천 2024_01.csv,역사관광,역사유물
포천,2024,1,2024-01,100,경기도,포천시,한탄강금빛사과농원,32,포천 2024_01.csv,체험관광,농/산/어촌체험
포천,2024,1,2024-01,101,경기도,포천시,가산낚시터,31,포천 2024_01.csv,레저스포츠,수상레저스포츠
포천,2024,1,2024-01,101,경기도,포천시,백운계곡국민관광지,31,포천 2024_01.csv,문화관광,복합관광시설
포천,2024,1,2024-01,103,경기도,포천시,금주저수지,28,포천 2024_01.csv,자연관광,자연경관(하천/해양)
포천,2024,1,2024-01,103,경기도,포천시,이항복선생묘,28,포천 2024_01.csv,역사관광,역사유적지
포천,2024,1,2024-01,105,경기도,포천시,포천허브아일랜드 자동차극장,26,포천 2024_01.csv,문화관광,공연시설
포천,2024,1,2024-01,106,경기도,포천시,한과문화박물관,24,포천 2024_01.csv,문화관광,전시시설
포천,2024,1,2024-01,106,경기도,포천시,레이크밸리 승마클럽,24,포천 2024_01.csv,레저스포츠,기타레저스포츠
포천,2024,1,2024-01,106,경기도,포천시,천해사,24,포천 2024_01.csv,역사관광,종교성지
포천,2024,1,2024-01,109,경기도,포천시,갈월버섯농장,23,포천 2024_01.csv,체험관광,농/산/어촌체험
포천,2024,1,2024-01,109,경기도,포천시,금주낚시터,23,포천 2024_01.csv,레저스포츠,수상레저스포츠
포천,2024,1,2024-01,109,경기도,포천시,태봉공원,23,포천 2024_01.csv,문화관광,도시공원
포천,2024,1,2024-01,109,경기도,포천시,미륵박물관,23,포천 2024_01.csv,문화관광,전시시설
포천,2024,1,2024-01,113,경기도,포천시,베어스타운스노우타운눈썰매장,22,포천 2024_01.csv,레저스포츠,육상레저스포츠
포천,2024,1,2024-01,113,경기도,포천시,포천파크골프장,22,포천 2024_01.csv,레저스포츠,기타레저스포츠
포천,2024,1,2024-01,115,경기도,포천시,옛뜰애관광농원,21,포천 2024_01.csv,체험관광,농/산/어촌체험
포천,2024,1,2024-01,116,경기도,포천시,황금프라자,20,포천 2024_01.csv,쇼핑,쇼핑몰
포천,2024,1,2024-01,116,경기도,포천시,나남수목원,20,포천 2024_01.csv,자연관광,자연공원
포천,2024,1,2024-01,116,경기도,포천시,보문정사,20,포천 2024_01.csv,역사관광,종교성지
포천,2024,1,2024-01,116,경기도,포천시,화엄사,20,포천 2024_01.csv,역사관광,종교성지
포천,2024,1,2024-01,116,경기도,포천시,포천아트밸리천문과학관,20,포천 2024_01.csv,문화관광,전시시설
포천,2024,1,2024-01,121,경기도,포천시,포천체육공원,19,포천 2024_01.csv,문화관광,도시공원
포천,2024,1,2024-01,121,경기도,포천시,청한베이스볼파크,19,포천 2024_01.csv,문화관광,레저스포츠시설
포천,2024,1,2024-01,123,경기도,포천시,어하고개,18,포천 2024_01.csv,자연관광,자연경관(산)
포천,2024,1,2024-01,123,경기도,포천시,백운산,18,포천 2024_01.csv,자연관광,자연경관(산)
포천,2024,1,2024-01,123,경기도,포천시,지질트레일1코스,18,포천 2024_01.csv,레저스포츠,기타레저스포츠
포천,2024,1,2024-01,126,경기도,포천시,산정리조트눈썰매장,17,포천 2024_01.csv,레저스포츠,육상레저스포츠
포천,2024,1,2024-01,126,경기도,포천시,키즈필포천송우점,17,포천 2024_01.csv,문화관광,테마공원
포천,2024,1,2024-01,128,경기도,포천시,깊이울저수지,16,포천 2024_01.csv,자연관광,자연경관(하천/해양)
포천,2024,1,2024-01,128,경기도,포천시,포천반월성,16,포천 2024_01.csv,역사관광,역사유적지
포천,2024,1,2024-01,128,경기도,포천시,승법사,16,포천 2024_01.csv,역사관광,종교성지
포천,2024,1,2024-01,131,경기도,포천시,백로주유원지,15,포천 2024_01.csv,문화관광,복합관광시설
포천,2024,1,2024-01,131,경기도,포천시,동화사,15,포천 2024_01.csv,역사관광,종교성지
포천,2024,1,2024-01,133,경기도,포천시,소흘생활체육공원인공암벽장,13,포천 2024_01.csv,레저스포츠,기타레저스포츠
포천,2024,1,2024-01,133,경기도,포천시,광릉분재예술공원,13,포천 2024_01.csv,문화관광,도시공원
포천,2024,1,2024-01,133,경기도,포천시,전운사,13,포천 2024_01.csv,역사관광,종교성지
포천,2024,1,2024-01,136,경기도,포천시,베스트원스포츠,12,포천 2024_01.csv,레저스포츠,기타레저스포츠
포천,2024,1,2024-01,136,경기도,포천시,왕방산,12,포천 2024_01.csv,자연관광,자연경관(산)
포천,2024,1,2024-01,136,경기도,포천시,포천하늘아래치유의숲,12,포천 2024_01.csv,기타관광,기타관광
포천,2024,1,2024-01,139,경기도,포천시,한탄강팔호유원지,11,포천 2024_01.csv,문화관광,복합관광시설
포천,2024,1,2024-01,139,경기도,포천시,가온농장,11,포천 2024_01.csv,체험관광,농/산/어촌체험
포천,2024,1,2024-01,139,경기도,포천시,향림사,11,포천 2024_01.csv,역사관광,종교성지
포천,2024,1,2024-01,139,경기도,포천시,도연암,11,포천 2024_01.csv,역사관광,종교성지
포천,2024,1,2024-01,139,경기도,포천시,천주호,11,포천 2024_01.csv,자연관광,자연경관(하천/해양)
포천,2024,1,2024-01,144,경기도,포천시,황새목낚시터,10,포천 2024_01.csv,레저스포츠,수상레저스포츠
포천,2024,1,2024-01,144,경기도,포천시,성불암,10,포천 2024_01.csv,역사관광,종교성지
포천,2024,1,2024-01,146,경기도,포천시,유식물원,9,포천 2024_01.csv,문화관광,테마공원
포천,2024,1,2024-01,146,경기도,포천시,포천그린아울렛,9,포천 2024_01.csv,쇼핑,쇼핑몰
포천,2024,1,2024-01,146,경기도,포천시,산정호수관광단지,9,포천 2024_01.csv,문화관광,복합관광시설
포천,2024,1,2024-01,146,경기도,포천시,마홀축구장,9,포천 2024_01.csv,문화관광,레저스포츠시설
포천,2024,1,2024-01,146,경기도,포천시,성불사,9,포천 2024_01.csv,역사관광,종교성지
포천,2024,1,2024-01,146,경기도,포천시,백운산광덕고개,9,포천 2024_01.csv,자연관광,자연경관(산)
포천,2024,1,2024-01,146,경기도,포천시,철갑상어농장,9,포천 2024_01.csv,체험관광,농/산/어촌체험
포천,2024,1,2024-01,153,경기도,포천시,에덴농장,8,포천 2024_01.csv,체험관광,농/산/어촌체험
포천,2024,1,2024-01,153,경기도,포천시,미륵사,8,포천 2024_01.csv,역사관광,종교성지
포천,2024,1,2024-01,153,경기도,포천시,왕방산왕방사방면,8,포천 2024_01.csv,자연관광,자연경관(산)
포천,2024,1,2024-01,153,경기도,포천시,태산낚시터,8,포천 2024_01.csv,레저스포츠,수상레저스포츠
포천,2024,1,2024-01,153,경기도,포천시,포천운산리자연생태공원,8,포천 2024_01.csv,문화관광,도시공원
포천,2024,1,2024-01,158,경기도,포천시,광암이벽유적지,7,포천 2024_01.csv,역사관광,역사유적지
포천,2024,1,2024-01,158,경기도,포천시,포천종합운동장보조구장,7,포천 2024_01.csv,문화관광,레저스포츠시설
포천,2024,1,2024-01,158,경기도,포천시,직동낚시터,7,포천 2024_01.csv,레저스포츠,수상레저스포츠
포천,2024,1,2024-01,158,경기도,포천시,무림사,7,포천 2024_01.csv,역사관광,종교성지
포천,2024,1,2024-01,158,경기도,포천시,도평리터미널,7,포천 2024_01.csv,기타관광,교통시설
포천,2024,1,2024-01,158,경기도,포천시,송광사,7,포천 2024_01.csv,역사관광,종교성지
포천,2024,1,2024-01,158,경기도,포천시,국봉사,7,포천 2024_01.csv,역사관광,종교성지
포천,2024,1,2024-01,165,경기도,포천시,포천탁구클럽,6,포천 2024_01.csv,레저스포츠,기타레저스포츠
포천,2024,1,2024-01,165,경기도,포천시,교동사과농장,6,포천 2024_01.csv,체험관광,농/산/어촌체험
포천,2024,1,2024-01,165,경기도,포천시,서성선생묘,6,포천 2024_01.csv,역사관광,역사유적지
포천,2024,1,2024-01,165,경기도,포천시,명성산억새밭,6,포천 2024_01.csv,기타관광,기타관광
포천,2024,1,2024-01,165,경기도,포천시,충목단,6,포천 2024_01.csv,역사관광,역사유적지
포천,2024,1,2024-01,165,경기도,포천시,국립산림박물관,6,포천 2024_01.csv,문화관광,전시시설
포천,2024,1,2024-01,165,경기도,포천시,서운동산어린이동물농장,6,포천 2024_01.csv,기타관광,기타관광
포천,2024,1,2024-01,165,경기도,포천시,중리저수지,6,포천 2024_01.csv,자연관광,자연경관(하천/해양)
포천,2024,1,2024-01,165,경기도,포천시,미트빌연합사업단,6,포천 2024_01.csv,쇼핑,시장
포천,2024,1,2024-01,165,경기도,포천시,한탄임진강지질공원,6,포천 2024_01.csv,문화관광,도시공원
포천,2024,1,2024-01,175,경기도,포천시,프로방스빌리지수영장,5,포천 2024_01.csv,문화관광,테마공원
포천,2024,1,2024-01,175,경기도,포천시,베어스타운CC휴업중,5,포천 2024_01.csv,레저스포츠,육상레저스포츠
포천,2024,1,2024-01,175,경기도,포천시,천은사,5,포천 2024_01.csv,역사관광,종교성지
포천,2024,1,2024-01,178,경기도,포천시,포천아도니스퍼블릭CC,4,포천 2024_01.csv,레저스포츠,육상레저스포츠
포천,2024,1,2024-01,178,경기도,포천시,기원정사,4,포천 2024_01.csv,역사관광,종교성지
포천,2024,1,2024-01,178,경기도,포천시,관인문화마을,4,포천 2024_01.csv,기타관광,기타관광
포천,2024,1,2024-01,178,경기도,포천시,길명낚시공원,4,포천 2024_01.csv,레저스포츠,수상레저스포츠
포천,2024,1,2024-01,178,경기도,포천시,우금낚시공원,4,포천 2024_01.csv,레저스포츠,수상레저스포츠
포천,2024,1,2024-01,178,경기도,포천시,법왕사,4,포천 2024_01.csv,역사관광,종교성지
포천,2024,1,2024-01,178,경기도,포천시,도리돌문화교류센터,4,포천 2024_01.csv,레저스포츠,기타레저스포츠
포천,2024,1,2024-01,178,경기도,포천시,명성산산안고개방면,4,포천 2024_01.csv,자연관광,자연경관(산)
포천,2024,1,2024-01,178,경기도,포천시,자비사,4,포천 2024_01.csv,역사관광,종교성지
포천,2024,1,2024-01,178,경기도,포천시,봉운사,4,포천 2024_01.csv,역사관광,종교성지
포천,2024,1,2024-01,178,경기도,포천시,신안농장,4,포천 2024_01.csv,체험관광,농/산/어촌체험
포천,2024,1,2024-01,178,경기도,포천시,허브아일랜드산타마을,4,포천 2024_01.csv,문화관광,테마공원
포천,2024,1,2024-01,178,경기도,포천시,고모지,4,포천 2024_01.csv,자연관광,자연경관(하천/해양)
포천,2024,1,2024-01,178,경기도,포천시,보림사,4,포천 2024_01.csv,역사관광,종교성지
포천,2024,1,2024-01,178,경기도,포천시,향적사,4,포천 2024_01.csv,역사관광,종교성지
포천,2024,1,2024-01,178,경기도,포천시,서광사,4,포천 2024_01.csv,역사관광,종교성지
포천,2024,1,2024-01,194,경기도,포천시,한탄강주상절리길2코스,3,포천 2024_01.csv,레저스포츠,기타레저스포츠
포천,2024,1,2024-01,194,경기도,포천시,한탄강주상절리길5코스,3,포천 2024_01.csv,레저스포츠,기타레저스포츠
포천,2024,1,2024-01,194,경기도,포천시,관음사,3,포천 2024_01.csv,역사관광,종교성지
포천,2024,1,2024-01,194,경기도,포천시,한탄강생태경관단지,3,포천 2024_01.csv,기타관광,기타관광
포천,2024,1,2024-01,194,경기도,포천시,소흘이모야,3,포천 2024_01.csv,체험관광,공예체험
포천,2024,1,2024-01,194,경기도,포천시,밤밭실내장어낚시터,3,포천 2024_01.csv,레저스포츠,수상레저스포츠
포천,2024,1,2024-01,194,경기도,포천시,소우주도자기공방,3,포천 2024_01.csv,체험관광,공예체험
포천,2024,1,2024-01,194,경기도,포천시,포천소민농장,3,포천 2024_01.csv,체험관광,농/산/어촌체험
포천,2024,1,2024-01,194,경기도,포천시,신읍동도시재생어울림센터2,3,포천 2024_01.csv,문화관광,기타문화관광지
포천,2024,1,2024-01,194,경기도,포천시,잇빛천연염색체험학습장,3,포천 2024_01.csv,체험관광,공예체험
포천,2024,1,2024-01,194,경기도,포천시,화요공방,3,포천 2024_01.csv,체험관광,공예체험
포천,2024,1,2024-01,194,경기도,포천시,한탄강디지털체험관,3,포천 2024_01.csv,문화관광,전시시설
포천,2024,1,2024-01,194,경기도,포천시,포천직두리의부부송,3,포천 2024_01.csv,역사관광,역사유적지
포천,2024,1,2024-01,194,경기도,포천시,쌍불사,3,포천 2024_01.csv,역사관광,종교성지
포천,2024,1,2024-01,194,경기도,포천시,금룡사,3,포천 2024_01.csv,역사관광,종교성지
포천,2024,1,2024-01,194,경기도,포천시,송일농장,3,포천 2024_01.csv,체험관광,농/산/어촌체험
포천,2024,1,2024-01,194,경기도,포천시,솔모루공원,3,포천 2024_01.csv,문화관광,도시공원
포천,2024,1,2024-01,194,경기도,포천시,보성암,3,포천 2024_01.csv,역사관광,종교성지
포천,2024,1,2024-01,194,경기도,포천시,운악레저타운,3,포천 2024_01.csv,레저스포츠,기타레저스포츠
포천,2024,1,2024-01,194,경기도,포천시,배모루유원지,3,포천 2024_01.csv,문화관광,복합관광시설
포천,2024,1,2024-01,194,경기도,포천시,직두리낚시터,3,포천 2024_01.csv,레저스포츠,수상레저스포츠
포천,2024,1,2024-01,194,경기도,포천시,극락사,3,포천 2024_01.csv,역사관광,종교성지
포천,2024,1,2024-01,194,경기도,포천시,냉정낚시터,3,포천 2024_01.csv,레저스포츠,수상레저스포츠
포천,2024,1,2024-01,194,경기도,포천시,고산식물원,3,포천 2024_01.csv,문화관광,테마공원
포천,2024,1,2024-01,194,경기도,포천시,금수정,3,포천 2024_01.csv,역사관광,역사유적지
포천,2024,1,2024-01,194,경기도,포천시,대안사,3,포천 2024_01.csv,역사관광,종교성지
포천,2024,1,2024-01,194,경기도,포천시,영평천,3,포천 2024_01.csv,자연관광,자연공원
포천,2024,1,2024-01,194,경기도,포천시,호림1농원,3,포천 2024_01.csv,체험관광,농/산/어촌체험
포천,2024,1,2024-01,194,경기도,포천시,무네미낚시터,3,포천 2024_01.csv,레저스포츠,수상레저스포츠
포천,2024,1,2024-01,194,경기도,포천시,포천향교,3,포천 2024_01.csv,역사관광,역사유적지
포천,2024,1,2024-01,194,경기도,포천시,대승사,3,포천 2024_01.csv,역사관광,종교성지
포천,2024,1,2024-01,194,경기도,포천시,포천아우라지베개용암,3,포천 2024_01.csv,기타관광,기타관광
포천,2024,1,2024-01,194,경기도,포천시,순해목장,3,포천 2024_01.csv,체험관광,농/산/어촌체험
포천,2024,2,2024-02,1,경기도,포천시,허브아일랜드,11163,포천 2024_02.csv,체험관광,농/산/어촌체험
포천,2024,2,2024-02,2,경기도,포천시,산정호수,6431,포천 2024_02.csv,자연관광,자연경관(하천/해양)
포천,2024,2,2024-02,3,경기도,포천시,포천아트밸리,5435,포천 2024_02.csv,문화관광,공연시설
포천,2024,2,2024-02,4,경기도,포천시,국립수목원,4209,포천 2024_02.csv,문화관광,테마공원
포천,2024,2,2024-02,5,경기도,포천시,고모저수지,3975,포천 2024_02.csv,자연관광,자연경관(하천/해양)
포천,2024,2,2024-02,6,경기도,포천시,신북온천스프링폴,3874,포천 2024_02.csv,체험관광,웰니스관광
포천,2024,2,2024-02,7,경기도,포천시,일동시외버스터미널,3063,포천 2024_02.csv,기타관광,교통시설
포천,2024,2,2024-02,8,경기도,포천시,제일유황온천,2393,포천 2024_02.csv,체험관광,웰니스관광
포천,2024,2,2024-02,9,경기도,포천시,비둘기낭폭포,2160,포천 2024_02.csv,자연관광,자연경관(산)
포천,2024,2,2024-02,10,경기도,포천시,순담계곡,2136,포천 2024_02.csv,자연관광,자연경관(산)
포천,2024,2,2024-02,11,경기도,포천시,포레스트힐CC,1991,포천 2024_02.csv,레저스포츠,육상레저스포츠
포천,2024,2,2024-02,12,경기도,포천시,포천아도니스CC,1844,포천 2024_02.csv,레저스포츠,육상레저스포츠
포천,2024,2,2024-02,13,경기도,포천시,포천힐마루CC,1753,포천 2024_02.csv,레저스포츠,육상레저스포츠
포천,2024,2,2024-02,14,경기도,포천시,CGV포천,1638,포천 2024_02.csv,문화관광,공연시설
포천,2024,2,2024-02,15,경기도,포천시,베어크리크GC,1600,포천 2024_02.csv,레저스포츠,육상레저스포츠
포천,2024,2,2024-02,16,경기도,포천시,포천힐스CC,1582,포천 2024_02.csv,레저스포츠,육상레저스포츠
포천,2024,2,2024-02,17,경기도,포천시,푸른솔GC포천,1528,포천 2024_02.csv,레저스포츠,육상레저스포츠
포천,2024,2,2024-02,18,경기도,포천시,포천한탄강하늘다리,1418,포천 2024_02.csv,기타관광,기타관광
포천,2024,2,2024-02,19,경기도,포천시,참밸리컨트리클럽,1235,포천 2024_02.csv,레저스포츠,육상레저스포츠
포천,2024,2,2024-02,20,경기도,포천시,송우시외버스터미널,1132,포천 2024_02.csv,기타관광,교통시설
포천,2024,2,2024-02,21,경기도,포천시,한탄강주상절리길1코스,1112,포천 2024_02.csv,레저스포츠,기타레저스포츠
포천,2024,2,2024-02,22,경기도,포천시,라싸GC,986,포천 2024_02.csv,레저스포츠,육상레저스포츠
포천,2024,2,2024-02,23,경기도,포천시,백운계곡,957,포천 2024_02.csv,자연관광,자연경관(산)
포천,2024,2,2024-02,24,경기도,포천시,필로스GC,931,포천 2024_02.csv,레저스포츠,육상레저스포츠
포천,2024,2,2024-02,25,경기도,포천시,도성사,902,포천 2024_02.csv,역사관광,종교성지
포천,2024,2,2024-02,26,경기도,포천시,포천시외버스터미널,829,포천 2024_02.csv,기타관광,교통시설
포천,2024,2,2024-02,27,경기도,포천시,몽베르CC,815,포천 2024_02.csv,레저스포츠,육상레저스포츠
포천,2024,2,2024-02,28,경기도,포천시,주파크,736,포천 2024_02.csv,문화관광,테마공원
포천,2024,2,2024-02,29,경기도,포천시,베어스타운스키장휴업중,722,포천 2024_02.csv,레저스포츠,육상레저스포츠
포천,2024,2,2024-02,30,경기도,포천시,호국금강사,701,포천 2024_02.csv,역사관광,종교성지
포천,2024,2,2024-02,31,경기도,포천시,포천반월아트홀,679,포천 2024_02.csv,문화관광,공연시설
포천,2024,2,2024-02,32,경기도,포천시,포천백운계곡동장군축제,618,포천 2024_02.csv,문화관광,기타문화관광지
포천,2024,2,2024-02,33,경기도,포천시,포천패션타운,613,포천 2024_02.csv,쇼핑,쇼핑몰
포천,2024,2,2024-02,34,경기도,포천시,샴발라CC,605,포천 2024_02.csv,레저스포츠,육상레저스포츠
포천,2024,2,2024-02,35,경기도,포천시,축석고개,600,포천 2024_02.csv,자연관광,자연경관(산)
포천,2024,2,2024-02,36,경기도,포천시,산사원,596,포천 2024_02.csv,문화관광,전시시설
포천,2024,2,2024-02,37,경기도,포천시,운악산자연휴양림,544,포천 2024_02.csv,자연관광,자연공원
포천,2024,2,2024-02,38,경기도,포천시,일동레이크GC,534,포천 2024_02.csv,레저스포츠,육상레저스포츠
포천,2024,2,2024-02,39,경기도,포천시,어메이징파크,497,포천 2024_02.csv,문화관광,전시시설
포천,2024,2,2024-02,40,경기도,포천시,서운동산,472,포천 2024_02.csv,문화관광,복합관광시설
포천,2024,2,2024-02,41,경기도,포천시,아딸농원,399,포천 2024_02.csv,체험관광,농/산/어촌체험
포천,2024,2,2024-02,42,경기도,포천시,락가든GC,370,포천 2024_02.csv,레저스포츠,육상레저스포츠
포천,2024,2,2024-02,43,경기도,포천시,천보산자연휴양림,343,포천 2024_02.csv,자연관광,자연공원
포천,2024,2,2024-02,44,경기도,포천시,한탄강지질공원센터,340,포천 2024_02.csv,문화관광,전시시설
포천,2024,2,2024-02,45,경기도,포천시,포천5일장,314,포천 2024_02.csv,쇼핑,시장
포천,2024,2,2024-02,46,경기도,포천시,낭만닥터김사부촬영지,311,포천 2024_02.csv,문화관광,기타문화관광지
포천,2024,2,2024-02,47,경기도,포천시,수목원고모호수공원,291,포천 2024_02.csv,문화관광,도시공원
포천,2024,2,2024-02,48,경기도,포천시,소흘생활체육공원,287,포천 2024_02.csv,문화관광,도시공원
포천,2024,2,2024-02,49,경기도,포천시,허브아일랜드불빛동화축제,281,포천 2024_02.csv,문화관광,기타문화관광지
포천,2024,2,2024-02,50,경기도,포천시,포천산정호수썰매축제,280,포천 2024_02.csv,문화관광,기타문화관광지
포천,2024,2,2024-02,51,경기도,포천시,동교낚시터,277,포천 2024_02.csv,레저스포츠,수상레저스포츠
포천,2024,2,2024-02,52,경기도,포천시,포천화적연,270,포천 2024_02.csv,자연관광,자연경관(하천/해양)
포천,2024,2,2024-02,53,경기도,포천시,한화리조트산정호수온천,263,포천 2024_02.csv,체험관광,웰니스관광
포천,2024,2,2024-02,54,경기도,포천시,쌍방죽낚시터,260,포천 2024_02.csv,레저스포츠,수상레저스포츠
포천,2024,2,2024-02,55,경기도,포천시,마전낚시터,258,포천 2024_02.csv,레저스포츠,수상레저스포츠
포천,2024,2,2024-02,56,경기도,포천시,밤밭낚시터,257,포천 2024_02.csv,레저스포츠,수상레저스포츠
포천,2024,2,2024-02,57,경기도,포천시,포천아도니스퍼블릭CC,244,포천 2024_02.csv,레저스포츠,육상레저스포츠
포천,2024,2,2024-02,58,경기도,포천시,깊이울유원지,236,포천 2024_02.csv,문화관광,복합관광시설
포천,2024,2,2024-02,59,경기도,포천시,광릉수목원자동차극장,221,포천 2024_02.csv,문화관광,공연시설
포천,2024,2,2024-02,60,경기도,포천시,포천수원산정상전망대,213,포천 2024_02.csv,문화관광,랜드마크관광
포천,2024,2,2024-02,61,경기도,포천시,청성역사공원,206,포천 2024_02.csv,문화관광,도시공원
포천,2024,2,2024-02,62,경기도,포천시,포천가구공단,204,포천 2024_02.csv,쇼핑,기타쇼핑시설
포천,2024,2,2024-02,63,경기도,포천시,아프리카예술박물관,199,포천 2024_02.csv,문화관광,전시시설
포천,2024,2,2024-02,63,경기도,포천시,가산저수지,199,포천 2024_02.csv,자연관광,자연경관(하천/해양)
포천,2024,2,2024-02,65,경기도,포천시,포천염광수련원,197,포천 2024_02.csv,레저스포츠,육상레저스포츠
포천,2024,2,2024-02,66,경기도,포천시,백운계곡유원지,172,포천 2024_02.csv,문화관광,복합관광시설
포천,2024,2,2024-02,67,경기도,포천시,평강랜드,149,포천 2024_02.csv,문화관광,테마공원
포천,2024,2,2024-02,68,경기도,포천시,왕산사,147,포천 2024_02.csv,역사관광,종교성지
포천,2024,2,2024-02,69,경기도,포천시,내촌낚시터,137,포천 2024_02.csv,레저스포츠,수상레저스포츠
포천,2024,2,2024-02,70,경기도,포천시,청계지,133,포천 2024_02.csv,자연관광,자연경관(하천/해양)
포천,2024,2,2024-02,71,경기도,포천시,백운낚시터,128,포천 2024_02.csv,레저스포츠,수상레저스포츠
포천,2024,2,2024-02,72,경기도,포천시,산정호수조각공원,120,포천 2024_02.csv,문화관광,도시공원
포천,2024,2,2024-02,73,경기도,포천시,자인사,117,포천 2024_02.csv,역사관광,종교성지
포천,2024,2,2024-02,73,경기도,포천시,운천재래시장,117,포천 2024_02.csv,쇼핑,시장
포천,2024,2,2024-02,73,경기도,포천시,가농바이오농장,117,포천 2024_02.csv,체험관광,농/산/어촌체험
포천,2024,2,2024-02,76,경기도,포천시,냉정저수지,112,포천 2024_02.csv,자연관광,자연경관(하천/해양)
포천,2024,2,2024-02,77,경기도,포천시,포천자동차극장,110,포천 2024_02.csv,문화관광,공연시설
포천,2024,2,2024-02,78,경기도,포천시,가산낚시터,108,포천 2024_02.csv,레저스포츠,수상레저스포츠
포천,2024,2,2024-02,79,경기도,포천시,송우공설시장,104,포천 2024_02.csv,쇼핑,시장
포천,2024,2,2024-02,80,경기도,포천시,포천스포츠센터,98,포천 2024_02.csv,레저스포츠,기타레저스포츠
포천,2024,2,2024-02,81,경기도,포천시,포천신읍시장,97,포천 2024_02.csv,쇼핑,시장
포천,2024,2,2024-02,82,경기도,포천시,설운체육공원,96,포천 2024_02.csv,문화관광,도시공원
포천,2024,2,2024-02,83,경기도,포천시,포천축구공원,88,포천 2024_02.csv,문화관광,도시공원
포천,2024,2,2024-02,84,경기도,포천시,약천사,79,포천 2024_02.csv,역사관광,종교성지
포천,2024,2,2024-02,85,경기도,포천시,구담사,74,포천 2024_02.csv,역사관광,종교성지
포천,2024,2,2024-02,86,경기도,포천시,포천허브아일랜드 자동차극장,70,포천 2024_02.csv,문화관광,공연시설
포천,2024,2,2024-02,86,경기도,포천시,초원낚시터,70,포천 2024_02.csv,레저스포츠,수상레저스포츠
포천,2024,2,2024-02,86,경기도,포천시,흥룡사,70,포천 2024_02.csv,역사관광,종교성지
포천,2024,2,2024-02,86,경기도,포천시,산정랜드,70,포천 2024_02.csv,문화관광,복합관광시설
포천,2024,2,2024-02,90,경기도,포천시,포천종합운동장보조구장,69,포천 2024_02.csv,문화관광,레저스포츠시설
포천,2024,2,2024-02,90,경기도,포천시,포천하늘아래치유의숲,69,포천 2024_02.csv,기타관광,기타관광
포천,2024,2,2024-02,92,경기도,포천시,클라우드시네마,65,포천 2024_02.csv,문화관광,공연시설
포천,2024,2,2024-02,93,경기도,포천시,코버월드,59,포천 2024_02.csv,문화관광,전시시설
포천,2024,2,2024-02,94,경기도,포천시,한탄강주상절리길3코스,56,포천 2024_02.csv,레저스포츠,기타레저스포츠
포천,2024,2,2024-02,95,경기도,포천시,국망봉자연휴양림,55,포천 2024_02.csv,자연관광,자연공원
포천,2024,2,2024-02,96,경기도,포천시,가람누리문화공원전망대,53,포천 2024_02.csv,문화관광,랜드마크관광
포천,2024,2,2024-02,96,경기도,포천시,천주호,53,포천 2024_02.csv,자연관광,자연경관(하천/해양)
포천,2024,2,2024-02,98,경기도,포천시,동교하우스낚시터,51,포천 2024_02.csv,레저스포츠,수상레저스포츠
포천,2024,2,2024-02,99,경기도,포천시,금룡사,50,포천 2024_02.csv,역사관광,종교성지
포천,2024,2,2024-02,99,경기도,포천시,담터계곡,50,포천 2024_02.csv,자연관광,자연경관(산)
포천,2024,2,2024-02,99,경기도,포천시,포천체육공원,50,포천 2024_02.csv,문화관광,도시공원
포천,2024,2,2024-02,102,경기도,포천시,일동시장,49,포천 2024_02.csv,쇼핑,시장
포천,2024,2,2024-02,103,경기도,포천시,나남수목원,48,포천 2024_02.csv,자연관광,자연공원
포천,2024,2,2024-02,103,경기도,포천시,화엄사,48,포천 2024_02.csv,역사관광,종교성지
포천,2024,2,2024-02,103,경기도,포천시,멍우리협곡,48,포천 2024_02.csv,자연관광,자연경관(산)
포천,2024,2,2024-02,103,경기도,포천시,천주사,48,포천 2024_02.csv,역사관광,종교성지
포천,2024,2,2024-02,107,경기도,포천시,포천파크골프장,44,포천 2024_02.csv,레저스포츠,기타레저스포츠
포천,2024,2,2024-02,108,경기도,포천시,금주저수지,42,포천 2024_02.csv,자연관광,자연경관(하천/해양)
포천,2024,2,2024-02,109,경기도,포천시,갈월버섯농장,41,포천 2024_02.csv,체험관광,농/산/어촌체험
포천,2024,2,2024-02,110,경기도,포천시,태봉공원,40,포천 2024_02.csv,문화관광,도시공원
포천,2024,2,2024-02,111,경기도,포천시,무림사,37,포천 2024_02.csv,역사관광,종교성지
포천,2024,2,2024-02,112,경기도,포천시,금주낚시터,35,포천 2024_02.csv,레저스포츠,수상레저스포츠
포천,2024,2,2024-02,113,경기도,포천시,도리돌문화교류센터,34,포천 2024_02.csv,레저스포츠,기타레저스포츠
포천,2024,2,2024-02,114,경기도,포천시,한과문화박물관,32,포천 2024_02.csv,문화관광,전시시설
포천,2024,2,2024-02,115,경기도,포천시,자비사,31,포천 2024_02.csv,역사관광,종교성지
포천,2024,2,2024-02,115,경기도,포천시,백로주유원지,31,포천 2024_02.csv,문화관광,복합관광시설
포천,2024,2,2024-02,117,경기도,포천시,한탄강팔호유원지,30,포천 2024_02.csv,문화관광,복합관광시설
포천,2024,2,2024-02,117,경기도,포천시,보문정사,30,포천 2024_02.csv,역사관광,종교성지
포천,2024,2,2024-02,119,경기도,포천시,황새목낚시터,29,포천 2024_02.csv,레저스포츠,수상레저스포츠
포천,2024,2,2024-02,120,경기도,포천시,마홀축구장,28,포천 2024_02.csv,문화관광,레저스포츠시설
포천,2024,2,2024-02,120,경기도,포천시,키즈필포천송우점,28,포천 2024_02.csv,문화관광,테마공원
포천,2024,2,2024-02,122,경기도,포천시,어하고개,27,포천 2024_02.csv,자연관광,자연경관(산)
포천,2024,2,2024-02,122,경기도,포천시,명성산억새밭,27,포천 2024_02.csv,기타관광,기타관광
포천,2024,2,2024-02,124,경기도,포천시,광암이벽유적지,25,포천 2024_02.csv,역사관광,역사유적지
포천,2024,2,2024-02,124,경기도,포천시,옛뜰애관광농원,25,포천 2024_02.csv,체험관광,농/산/어촌체험
포천,2024,2,2024-02,126,경기도,포천시,태국군참전비,24,포천 2024_02.csv,역사관광,역사유물
포천,2024,2,2024-02,127,경기도,포천시,강포저수지,23,포천 2024_02.csv,자연관광,자연경관(하천/해양)
포천,2024,2,2024-02,127,경기도,포천시,성불암,23,포천 2024_02.csv,역사관광,종교성지
포천,2024,2,2024-02,127,경기도,포천시,깊이울저수지,23,포천 2024_02.csv,자연관광,자연경관(하천/해양)
포천,2024,2,2024-02,130,경기도,포천시,직두리낚시터,22,포천 2024_02.csv,레저스포츠,수상레저스포츠
포천,2024,2,2024-02,130,경기도,포천시,새마을낚시터,22,포천 2024_02.csv,레저스포츠,수상레저스포츠
포천,2024,2,2024-02,132,경기도,포천시,한탄강주상절리길2코스,21,포천 2024_02.csv,레저스포츠,기타레저스포츠
포천,2024,2,2024-02,133,경기도,포천시,포천아트밸리천문과학관,20,포천 2024_02.csv,문화관광,전시시설
포천,2024,2,2024-02,134,경기도,포천시,충목단,19,포천 2024_02.csv,역사관광,역사유적지
포천,2024,2,2024-02,134,경기도,포천시,이항복선생묘,19,포천 2024_02.csv,역사관광,역사유적지
포천,2024,2,2024-02,136,경기도,포천시,밤밭실내장어낚시터,18,포천 2024_02.csv,레저스포츠,수상레저스포츠
포천,2024,2,2024-02,136,경기도,포천시,털보낚시터,18,포천 2024_02.csv,레저스포츠,수상레저스포츠
포천,2024,2,2024-02,136,경기도,포천시,동화사,18,포천 2024_02.csv,역사관광,종교성지
포천,2024,2,2024-02,136,경기도,포천시,백운산,18,포천 2024_02.csv,자연관광,자연경관(산)
포천,2024,2,2024-02,136,경기도,포천시,Y스포츠센터,18,포천 2024_02.csv,레저스포츠,기타레저스포츠
포천,2024,2,2024-02,136,경기도,포천시,축구장소흘생활체육공원,18,포천 2024_02.csv,문화관광,레저스포츠시설
포천,2024,2,2024-02,142,경기도,포천시,광릉분재예술공원,17,포천 2024_02.csv,문화관광,도시공원
포천,2024,2,2024-02,142,경기도,포천시,청한베이스볼파크,17,포천 2024_02.csv,문화관광,레저스포츠시설
포천,2024,2,2024-02,144,경기도,포천시,서운동산어린이동물농장,16,포천 2024_02.csv,기타관광,기타관광
포천,2024,2,2024-02,145,경기도,포천시,미륵박물관,15,포천 2024_02.csv,문화관광,전시시설
포천,2024,2,2024-02,145,경기도,포천시,태산낚시터,15,포천 2024_02.csv,레저스포츠,수상레저스포츠
포천,2024,2,2024-02,147,경기도,포천시,레이크밸리 승마클럽,14,포천 2024_02.csv,레저스포츠,기타레저스포츠
포천,2024,2,2024-02,147,경기도,포천시,법왕사,14,포천 2024_02.csv,역사관광,종교성지
포천,2024,2,2024-02,147,경기도,포천시,대안사,14,포천 2024_02.csv,역사관광,종교성지
포천,2024,2,2024-02,147,경기도,포천시,지질트레일1코스,14,포천 2024_02.csv,레저스포츠,기타레저스포츠
포천,2024,2,2024-02,147,경기도,포천시,포천야구장,14,포천 2024_02.csv,문화관광,레저스포츠시설
포천,2024,2,2024-02,152,경기도,포천시,한탄강주상절리길5코스,13,포천 2024_02.csv,레저스포츠,기타레저스포츠
포천,2024,2,2024-02,152,경기도,포천시,포천그린아울렛,13,포천 2024_02.csv,쇼핑,쇼핑몰
포천,2024,2,2024-02,152,경기도,포천시,명성산,13,포천 2024_02.csv,자연관광,자연경관(산)
포천,2024,2,2024-02,152,경기도,포천시,미트빌연합사업단,13,포천 2024_02.csv,쇼핑,시장
포천,2024,2,2024-02,152,경기도,포천시,한탄임진강지질공원,13,포천 2024_02.csv,문화관광,도시공원
포천,2024,2,2024-02,157,경기도,포천시,수목원낚시터,12,포천 2024_02.csv,레저스포츠,수상레저스포츠
포천,2024,2,2024-02,157,경기도,포천시,백운계곡국민관광지,12,포천 2024_02.csv,문화관광,복합관광시설
포천,2024,2,2024-02,157,경기도,포천시,교동가마소,12,포천 2024_02.csv,기타관광,기타관광
포천,2024,2,2024-02,160,경기도,포천시,만덕사,11,포천 2024_02.csv,역사관광,종교성지
포천,2024,2,2024-02,160,경기도,포천시,산정리조트눈썰매장,11,포천 2024_02.csv,레저스포츠,육상레저스포츠
포천,2024,2,2024-02,160,경기도,포천시,통일대,11,포천 2024_02.csv,기타관광,기타관광
포천,2024,2,2024-02,160,경기도,포천시,보림사,11,포천 2024_02.csv,역사관광,종교성지
포천,2024,2,2024-02,164,경기도,포천시,천우문학관,10,포천 2024_02.csv,문화관광,기타문화관광지
포천,2024,2,2024-02,164,경기도,포천시,베어스타운CC휴업중,10,포천 2024_02.csv,레저스포츠,육상레저스포츠
포천,2024,2,2024-02,164,경기도,포천시,초가낚시터,10,포천 2024_02.csv,레저스포츠,수상레저스포츠
포천,2024,2,2024-02,164,경기도,포천시,금불사,10,포천 2024_02.csv,역사관광,종교성지
포천,2024,2,2024-02,164,경기도,포천시,도연암,10,포천 2024_02.csv,역사관광,종교성지
포천,2024,2,2024-02,169,경기도,포천시,관인문화마을,9,포천 2024_02.csv,기타관광,기타관광
포천,2024,2,2024-02,169,경기도,포천시,화요공방,9,포천 2024_02.csv,체험관광,공예체험
포천,2024,2,2024-02,169,경기도,포천시,승법사,9,포천 2024_02.csv,역사관광,종교성지
포천,2024,2,2024-02,169,경기도,포천시,철갑상어농장,9,포천 2024_02.csv,체험관광,농/산/어촌체험
포천,2024,2,2024-02,173,경기도,포천시,영평천,8,포천 2024_02.csv,자연관광,자연공원
포천,2024,2,2024-02,173,경기도,포천시,무네미낚시터,8,포천 2024_02.csv,레저스포츠,수상레저스포츠
포천,2024,2,2024-02,173,경기도,포천시,육사생도6.25참전기념비,8,포천 2024_02.csv,역사관광,역사유물
포천,2024,2,2024-02,176,경기도,포천시,관음사,7,포천 2024_02.csv,역사관광,종교성지
포천,2024,2,2024-02,176,경기도,포천시,우금낚시공원,7,포천 2024_02.csv,레저스포츠,수상레저스포츠
포천,2024,2,2024-02,176,경기도,포천시,전운사,7,포천 2024_02.csv,역사관광,종교성지
포천,2024,2,2024-02,176,경기도,포천시,용연서원,7,포천 2024_02.csv,역사관광,역사유적지
포천,2024,2,2024-02,176,경기도,포천시,극락사,7,포천 2024_02.csv,역사관광,종교성지
포천,2024,2,2024-02,176,경기도,포천시,선광사,7,포천 2024_02.csv,역사관광,종교성지
포천,2024,2,2024-02,176,경기도,포천시,중리저수지,7,포천 2024_02.csv,자연관광,자연경관(하천/해양)
포천,2024,2,2024-02,176,경기도,포천시,메향낚시터,7,포천 2024_02.csv,레저스포츠,수상레저스포츠
포천,2024,2,2024-02,176,경기도,포천시,도평리터미널,7,포천 2024_02.csv,기타관광,교통시설
포천,2024,2,2024-02,176,경기도,포천시,향적사,7,포천 2024_02.csv,역사관광,종교성지
포천,2024,2,2024-02,176,경기도,포천시,국봉사,7,포천 2024_02.csv,역사관광,종교성지
포천,2024,2,2024-02,176,경기도,포천시,천은사,7,포천 2024_02.csv,역사관광,종교성지
포천,2024,2,2024-02,176,경기도,포천시,백운산광덕고개,7,포천 2024_02.csv,자연관광,자연경관(산)
포천,2024,2,2024-02,176,경기도,포천시,장암저수지,7,포천 2024_02.csv,자연관광,자연경관(하천/해양)
포천,2024,2,2024-02,190,경기도,포천시,한탄강주상절리길4코스,6,포천 2024_02.csv,레저스포츠,기타레저스포츠
포천,2024,2,2024-02,190,경기도,포천시,원통사,6,포천 2024_02.csv,역사관광,종교성지
포천,2024,2,2024-02,190,경기도,포천시,길명낚시공원,6,포천 2024_02.csv,레저스포츠,수상레저스포츠
포천,2024,2,2024-02,190,경기도,포천시,포천직두리의부부송,6,포천 2024_02.csv,역사관광,역사유적지
포천,2024,2,2024-02,190,경기도,포천시,보현사,6,포천 2024_02.csv,역사관광,종교성지
포천,2024,2,2024-02,190,경기도,포천시,용담대물낚시터,6,포천 2024_02.csv,레저스포츠,수상레저스포츠
포천,2024,2,2024-02,190,경기도,포천시,포천반월성,6,포천 2024_02.csv,역사관광,역사유적지
포천,2024,2,2024-02,190,경기도,포천시,가온농장,6,포천 2024_02.csv,체험관광,농/산/어촌체험
포천,2024,2,2024-02,198,경기도,포천시,포천관광정보센터 청년여행LAB,5,포천 2024_02.csv,문화관광,기타문화관광지
포천,2024,2,2024-02,198,경기도,포천시,운악레저타운,5,포천 2024_02.csv,레저스포츠,기타레저스포츠
포천,2024,2,2024-02,198,경기도,포천시,송광사,5,포천 2024_02.csv,역사관광,종교성지
포천,2024,2,2024-02,198,경기도,포천시,평화나무농장,5,포천 2024_02.csv,체험관광,농/산/어촌체험
포천,2024,2,2024-02,198,경기도,포천시,서광사,5,포천 2024_02.csv,역사관광,종교성지
포천,2024,2,2024-02,203,경기도,포천시,한탄강테마파크,4,포천 2024_02.csv,문화관광,테마공원
포천,2024,2,2024-02,203,경기도,포천시,프로방스빌리지수영장,4,포천 2024_02.csv,문화관광,테마공원
포천,2024,2,2024-02,203,경기도,포천시,황금프라자,4,포천 2024_02.csv,쇼핑,쇼핑몰
포천,2024,2,2024-02,203,경기도,포천시,양치식물전시원,4,포천 2024_02.csv,문화관광,테마공원
포천,2024,2,2024-02,203,경기도,포천시,유식물원,4,포천 2024_02.csv,문화관광,테마공원
포천,2024,2,2024-02,203,경기도,포천시,수목원프로방스,4,포천 2024_02.csv,자연관광,자연공원
포천,2024,2,2024-02,203,경기도,포천시,국립산림박물관,4,포천 2024_02.csv,문화관광,전시시설
포천,2024,2,2024-02,203,경기도,포천시,산정호수관광단지,4,포천 2024_02.csv,문화관광,복합관광시설
포천,2024,2,2024-02,203,경기도,포천시,황금낚시터,4,포천 2024_02.csv,레저스포츠,수상레저스포츠
포천,2024,2,2024-02,203,경기도,포천시,왕방산,4,포천 2024_02.csv,자연관광,자연경관(산)
포천,2024,2,2024-02,203,경기도,포천시,허브아일랜드산타마을,4,포천 2024_02.csv,문화관광,테마공원
포천,2024,2,2024-02,203,경기도,포천시,대한불교조계종정변지사,4,포천 2024_02.csv,역사관광,종교성지
포천,2024,2,2024-02,203,경기도,포천시,향림사,4,포천 2024_02.csv,역사관광,종교성지
포천,2024,2,2024-02,203,경기도,포천시,천해사,4,포천 2024_02.csv,역사관광,종교성지
포천,2024,2,2024-02,217,경기도,포천시,산안고개,3,포천 2024_02.csv,자연관광,자연경관(산)
포천,2024,2,2024-02,217,경기도,포천시,페리아도워터파크,3,포천 2024_02.csv,문화관광,테마공원
포천,2024,2,2024-02,217,경기도,포천시,부소천교,3,포천 2024_02.csv,기타관광,기타관광
포천,2024,2,2024-02,217,경기도,포천시,기원정사,3,포천 2024_02.csv,역사관광,종교성지
포천,2024,2,2024-02,217,경기도,포천시,무상사,3,포천 2024_02.csv,역사관광,종교성지
포천,2024,2,2024-02,217,경기도,포천시,소흘이모야,3,포천 2024_02.csv,체험관광,공예체험
포천,2024,2,2024-02,217,경기도,포천시,소우주도자기공방,3,포천 2024_02.csv,체험관광,공예체험
포천,2024,2,2024-02,217,경기도,포천시,포천탁구클럽,3,포천 2024_02.csv,레저스포츠,기타레저스포츠
포천,2024,2,2024-02,217,경기도,포천시,청림사과농원,3,포천 2024_02.csv,체험관광,농/산/어촌체험
포천,2024,2,2024-02,217,경기도,포천시,낙천지폭포,3,포천 2024_02.csv,자연관광,자연경관(산)
포천,2024,2,2024-02,217,경기도,포천시,관룡사,3,포천 2024_02.csv,역사관광,종교성지
포천,2024,2,2024-02,217,경기도,포천시,미륵사,3,포천 2024_02.csv,역사관광,종교성지
포천,2024,2,2024-02,217,경기도,포천시,잇빛천연염색체험학습장,3,포천 2024_02.csv,체험관광,공예체험
포천,2024,2,2024-02,217,경기도,포천시,교동사과농장,3,포천 2024_02.csv,체험관광,농/산/어촌체험
포천,2024,2,2024-02,217,경기도,포천시,화산서원,3,포천 2024_02.csv,역사관광,역사유적지
포천,2024,2,2024-02,217,경기도,포천시,옹장굴,3,포천 2024_02.csv,체험관광,농/산/어촌체험
포천,2024,2,2024-02,217,경기도,포천시,청계산,3,포천 2024_02.csv,자연관광,자연경관(산)
포천,2024,2,2024-02,217,경기도,포천시,동부정,3,포천 2024_02.csv,레저스포츠,육상레저스포츠
포천,2024,2,2024-02,217,경기도,포천시,밤밭지,3,포천 2024_02.csv,자연관광,자연경관(하천/해양)
포천,2024,2,2024-02,217,경기도,포천시,명성산산안고개방면,3,포천 2024_02.csv,자연관광,자연경관(산)
포천,2024,2,2024-02,217,경기도,포천시,운악산포천운주사방면,3,포천 2024_02.csv,자연관광,자연경관(산)
포천,2024,2,2024-02,217,경기도,포천시,봉운사,3,포천 2024_02.csv,역사관광,종교성지
포천,2024,2,2024-02,217,경기도,포천시,능원관광낚시터,3,포천 2024_02.csv,레저스포츠,수상레저스포츠
포천,2024,2,2024-02,217,경기도,포천시,지장산계곡,3,포천 2024_02.csv,자연관광,자연경관(산)
포천,2024,2,2024-02,217,경기도,포천시,인공폭포,3,포천 2024_02.csv,자연관광,자연경관(산)
포천,2024,2,2024-02,217,경기도,포천시,반디농장,3,포천 2024_02.csv,체험관광,농/산/어촌체험
포천,2024,2,2024-02,217,경기도,포천시,비즈아쿠아,3,포천 2024_02.csv,문화관광,테마공원
포천,2024,2,2024-02,217,경기도,포천시,각흘산,3,포천 2024_02.csv,자연관광,자연경관(산)
포천,2024,2,2024-02,217,경기도,포천시,포천향교,3,포천 2024_02.csv,역사관광,역사유적지
포천,2024,2,2024-02,217,경기도,포천시,다래레저,3,포천 2024_02.csv,레저스포츠,수상레저스포츠
포천,2024,2,2024-02,217,경기도,포천시,독수리유격대전적비,3,포천 2024_02.csv,역사관광,역사유물
포천,2024,2,2024-02,217,경기도,포천시,관음사,3,포천 2024_02.csv,역사관광,종교성지
포천,2024,2,2024-02,217,경기도,포천시,용주암,3,포천 2024_02.csv,역사관광,종교성지
포천,2024,2,2024-02,217,경기도,포천시,궁뜰사과농원,3,포천 2024_02.csv,체험관광,농/산/어촌체험
포천,2024,2,2024-02,217,경기도,포천시,한탄강금빛사과농원,3,포천 2024_02.csv,체험관광,농/산/어촌체험
포천,2024,2,2024-02,217,경기도,포천시,꽈당스키,3,포천 2024_02.csv,레저스포츠,기타레저스포츠
포천,2024,3,2024-03,1,경기도,포천시,허브아일랜드,8789,포천 2024_03.csv,체험관광,농/산/어촌체험
포천,2024,3,2024-03,2,경기도,포천시,베어크리크GC,8513,포천 2024_03.csv,레저스포츠,육상레저스포츠
포천,2024,3,2024-03,3,경기도,포천시,국립수목원,7285,포천 2024_03.csv,문화관광,테마공원
포천,2024,3,2024-03,4,경기도,포천시,산정호수,6469,포천 2024_03.csv,자연관광,자연경관(하천/해양)
포천,2024,3,2024-03,5,경기도,포천시,포천아트밸리,6421,포천 2024_03.csv,문화관광,공연시설
포천,2024,3,2024-03,6,경기도,포천시,포천힐스CC,6116,포천 2024_03.csv,레저스포츠,육상레저스포츠
포천,2024,3,2024-03,7,경기도,포천시,포천힐마루CC,6082,포천 2024_03.csv,레저스포츠,육상레저스포츠
포천,2024,3,2024-03,8,경기도,포천시,푸른솔GC포천,6037,포천 2024_03.csv,레저스포츠,육상레저스포츠
포천,2024,3,2024-03,9,경기도,포천시,고모저수지,5235,포천 2024_03.csv,자연관광,자연경관(하천/해양)
포천,2024,3,2024-03,10,경기도,포천시,라싸GC,5219,포천 2024_03.csv,레저스포츠,육상레저스포츠
포천,2024,3,2024-03,11,경기도,포천시,포레스트힐CC,5188,포천 2024_03.csv,레저스포츠,육상레저스포츠
포천,2024,3,2024-03,12,경기도,포천시,포천아도니스CC,4560,포천 2024_03.csv,레저스포츠,육상레저스포츠
포천,2024,3,2024-03,13,경기도,포천시,필로스GC,3860,포천 2024_03.csv,레저스포츠,육상레저스포츠
포천,2024,3,2024-03,14,경기도,포천시,몽베르CC,3271,포천 2024_03.csv,레저스포츠,육상레저스포츠
포천,2024,3,2024-03,15,경기도,포천시,일동시외버스터미널,3140,포천 2024_03.csv,기타관광,교통시설
포천,2024,3,2024-03,16,경기도,포천시,참밸리컨트리클럽,2890,포천 2024_03.csv,레저스포츠,육상레저스포츠
포천,2024,3,2024-03,17,경기도,포천시,비둘기낭폭포,2766,포천 2024_03.csv,자연관광,자연경관(산)
포천,2024,3,2024-03,18,경기도,포천시,제일유황온천,2581,포천 2024_03.csv,체험관광,웰니스관광
포천,2024,3,2024-03,19,경기도,포천시,일동레이크GC,2515,포천 2024_03.csv,레저스포츠,육상레저스포츠
포천,2024,3,2024-03,20,경기도,포천시,샴발라CC,2373,포천 2024_03.csv,레저스포츠,육상레저스포츠
포천,2024,3,2024-03,21,경기도,포천시,CGV포천,2060,포천 2024_03.csv,문화관광,공연시설
포천,2024,3,2024-03,22,경기도,포천시,신북온천스프링폴,1792,포천 2024_03.csv,체험관광,웰니스관광
포천,2024,3,2024-03,23,경기도,포천시,포천한탄강하늘다리,1480,포천 2024_03.csv,기타관광,기타관광
포천,2024,3,2024-03,24,경기도,포천시,송우시외버스터미널,1269,포천 2024_03.csv,기타관광,교통시설
포천,2024,3,2024-03,25,경기도,포천시,한탄강주상절리길1코스,960,포천 2024_03.csv,레저스포츠,기타레저스포츠
포천,2024,3,2024-03,26,경기도,포천시,백운계곡,891,포천 2024_03.csv,자연관광,자연경관(산)
포천,2024,3,2024-03,27,경기도,포천시,락가든GC,874,포천 2024_03.csv,레저스포츠,육상레저스포츠
포천,2024,3,2024-03,28,경기도,포천시,포천시외버스터미널,868,포천 2024_03.csv,기타관광,교통시설
포천,2024,3,2024-03,29,경기도,포천시,베어스타운스키장휴업중,833,포천 2024_03.csv,레저스포츠,육상레저스포츠
포천,2024,3,2024-03,30,경기도,포천시,호국금강사,830,포천 2024_03.csv,역사관광,종교성지
포천,2024,3,2024-03,31,경기도,포천시,산사원,819,포천 2024_03.csv,문화관광,전시시설
포천,2024,3,2024-03,32,경기도,포천시,포천5일장,788,포천 2024_03.csv,쇼핑,시장
포천,2024,3,2024-03,33,경기도,포천시,포천아도니스퍼블릭CC,745,포천 2024_03.csv,레저스포츠,육상레저스포츠
포천,2024,3,2024-03,34,경기도,포천시,주파크,715,포천 2024_03.csv,문화관광,테마공원
포천,2024,3,2024-03,35,경기도,포천시,축석고개,686,포천 2024_03.csv,자연관광,자연경관(산)
포천,2024,3,2024-03,36,경기도,포천시,어메이징파크,634,포천 2024_03.csv,문화관광,전시시설
포천,2024,3,2024-03,37,경기도,포천시,서운동산,626,포천 2024_03.csv,문화관광,복합관광시설
포천,2024,3,2024-03,38,경기도,포천시,운악산자연휴양림,592,포천 2024_03.csv,자연관광,자연공원
포천,2024,3,2024-03,39,경기도,포천시,한탄강지질공원센터,507,포천 2024_03.csv,문화관광,전시시설
포천,2024,3,2024-03,40,경기도,포천시,마전낚시터,475,포천 2024_03.csv,레저스포츠,수상레저스포츠
포천,2024,3,2024-03,41,경기도,포천시,포천반월아트홀,474,포천 2024_03.csv,문화관광,공연시설
포천,2024,3,2024-03,42,경기도,포천시,동교낚시터,457,포천 2024_03.csv,레저스포츠,수상레저스포츠
포천,2024,3,2024-03,43,경기도,포천시,밤밭낚시터,417,포천 2024_03.csv,레저스포츠,수상레저스포츠
포천,2024,3,2024-03,44,경기도,포천시,포천패션타운,413,포천 2024_03.csv,쇼핑,쇼핑몰
포천,2024,3,2024-03,45,경기도,포천시,아딸농원,410,포천 2024_03.csv,체험관광,농/산/어촌체험
포천,2024,3,2024-03,46,경기도,포천시,쌍방죽낚시터,409,포천 2024_03.csv,레저스포츠,수상레저스포츠
포천,2024,3,2024-03,47,경기도,포천시,포천수원산정상전망대,395,포천 2024_03.csv,문화관광,랜드마크관광
포천,2024,3,2024-03,47,경기도,포천시,도성사,395,포천 2024_03.csv,역사관광,종교성지
포천,2024,3,2024-03,49,경기도,포천시,소흘생활체육공원,388,포천 2024_03.csv,문화관광,도시공원
포천,2024,3,2024-03,50,경기도,포천시,수목원고모호수공원,387,포천 2024_03.csv,문화관광,도시공원
포천,2024,3,2024-03,51,경기도,포천시,천보산자연휴양림,354,포천 2024_03.csv,자연관광,자연공원
포천,2024,3,2024-03,52,경기도,포천시,깊이울유원지,321,포천 2024_03.csv,문화관광,복합관광시설
포천,2024,3,2024-03,53,경기도,포천시,가산저수지,300,포천 2024_03.csv,자연관광,자연경관(하천/해양)
포천,2024,3,2024-03,54,경기도,포천시,초원낚시터,298,포천 2024_03.csv,레저스포츠,수상레저스포츠
포천,2024,3,2024-03,55,경기도,포천시,평강랜드,297,포천 2024_03.csv,문화관광,테마공원
포천,2024,3,2024-03,56,경기도,포천시,한화리조트산정호수온천,262,포천 2024_03.csv,체험관광,웰니스관광
포천,2024,3,2024-03,57,경기도,포천시,포천화적연,261,포천 2024_03.csv,자연관광,자연경관(하천/해양)
포천,2024,3,2024-03,58,경기도,포천시,낭만닥터김사부촬영지,254,포천 2024_03.csv,문화관광,기타문화관광지
포천,2024,3,2024-03,59,경기도,포천시,내촌낚시터,252,포천 2024_03.csv,레저스포츠,수상레저스포츠
포천,2024,3,2024-03,60,경기도,포천시,포천신읍시장,235,포천 2024_03.csv,쇼핑,시장
포천,2024,3,2024-03,61,경기도,포천시,가산낚시터,232,포천 2024_03.csv,레저스포츠,수상레저스포츠
포천,2024,3,2024-03,62,경기도,포천시,청계지,231,포천 2024_03.csv,자연관광,자연경관(하천/해양)
포천,2024,3,2024-03,63,경기도,포천시,황금낚시터,225,포천 2024_03.csv,레저스포츠,수상레저스포츠
포천,2024,3,2024-03,64,경기도,포천시,청성역사공원,217,포천 2024_03.csv,문화관광,도시공원
포천,2024,3,2024-03,65,경기도,포천시,포천가구공단,214,포천 2024_03.csv,쇼핑,기타쇼핑시설
포천,2024,3,2024-03,66,경기도,포천시,아프리카예술박물관,208,포천 2024_03.csv,문화관광,전시시설
포천,2024,3,2024-03,66,경기도,포천시,포천야구장,208,포천 2024_03.csv,문화관광,레저스포츠시설
포천,2024,3,2024-03,68,경기도,포천시,금룡사,201,포천 2024_03.csv,역사관광,종교성지
포천,2024,3,2024-03,69,경기도,포천시,광릉수목원자동차극장,199,포천 2024_03.csv,문화관광,공연시설
포천,2024,3,2024-03,70,경기도,포천시,냉정저수지,177,포천 2024_03.csv,자연관광,자연경관(하천/해양)
포천,2024,3,2024-03,71,경기도,포천시,포천자동차극장,176,포천 2024_03.csv,문화관광,공연시설
포천,2024,3,2024-03,72,경기도,포천시,허브아일랜드불빛동화축제,164,포천 2024_03.csv,문화관광,기타문화관광지
포천,2024,3,2024-03,73,경기도,포천시,포천축구공원,161,포천 2024_03.csv,문화관광,도시공원
포천,2024,3,2024-03,74,경기도,포천시,왕산사,146,포천 2024_03.csv,역사관광,종교성지
포천,2024,3,2024-03,75,경기도,포천시,설운체육공원,140,포천 2024_03.csv,문화관광,도시공원
포천,2024,3,2024-03,76,경기도,포천시,백운계곡유원지,137,포천 2024_03.csv,문화관광,복합관광시설
포천,2024,3,2024-03,77,경기도,포천시,가농바이오농장,128,포천 2024_03.csv,체험관광,농/산/어촌체험
포천,2024,3,2024-03,78,경기도,포천시,포천염광수련원,117,포천 2024_03.csv,레저스포츠,육상레저스포츠
포천,2024,3,2024-03,79,경기도,포천시,포천체육공원,112,포천 2024_03.csv,문화관광,도시공원
포천,2024,3,2024-03,80,경기도,포천시,포천스포츠센터,106,포천 2024_03.csv,레저스포츠,기타레저스포츠
포천,2024,3,2024-03,81,경기도,포천시,포천파크골프장,103,포천 2024_03.csv,레저스포츠,기타레저스포츠
포천,2024,3,2024-03,82,경기도,포천시,산정호수조각공원,100,포천 2024_03.csv,문화관광,도시공원
포천,2024,3,2024-03,83,경기도,포천시,금주저수지,99,포천 2024_03.csv,자연관광,자연경관(하천/해양)
포천,2024,3,2024-03,83,경기도,포천시,에덴농장,99,포천 2024_03.csv,체험관광,농/산/어촌체험
포천,2024,3,2024-03,85,경기도,포천시,송우공설시장,97,포천 2024_03.csv,쇼핑,시장
포천,2024,3,2024-03,86,경기도,포천시,Y스포츠센터,90,포천 2024_03.csv,레저스포츠,기타레저스포츠
포천,2024,3,2024-03,87,경기도,포천시,국망봉자연휴양림,88,포천 2024_03.csv,자연관광,자연공원
포천,2024,3,2024-03,88,경기도,포천시,레이크밸리 승마클럽,81,포천 2024_03.csv,레저스포츠,기타레저스포츠
포천,2024,3,2024-03,89,경기도,포천시,길명낚시공원,80,포천 2024_03.csv,레저스포츠,수상레저스포츠
포천,2024,3,2024-03,90,경기도,포천시,자인사,79,포천 2024_03.csv,역사관광,종교성지
포천,2024,3,2024-03,91,경기도,포천시,포천하늘아래치유의숲,73,포천 2024_03.csv,기타관광,기타관광
포천,2024,3,2024-03,91,경기도,포천시,클라우드시네마,73,포천 2024_03.csv,문화관광,공연시설
포천,2024,3,2024-03,93,경기도,포천시,흥룡사,71,포천 2024_03.csv,역사관광,종교성지
포천,2024,3,2024-03,93,경기도,포천시,산정랜드,71,포천 2024_03.csv,문화관광,복합관광시설
포천,2024,3,2024-03,95,경기도,포천시,운천재래시장,70,포천 2024_03.csv,쇼핑,시장
포천,2024,3,2024-03,95,경기도,포천시,새마을낚시터,70,포천 2024_03.csv,레저스포츠,수상레저스포츠
포천,2024,3,2024-03,97,경기도,포천시,구담사,65,포천 2024_03.csv,역사관광,종교성지
포천,2024,3,2024-03,98,경기도,포천시,직두리낚시터,64,포천 2024_03.csv,레저스포츠,수상레저스포츠
포천,2024,3,2024-03,99,경기도,포천시,금주낚시터,63,포천 2024_03.csv,레저스포츠,수상레저스포츠
포천,2024,3,2024-03,100,경기도,포천시,약천사,61,포천 2024_03.csv,역사관광,종교성지
포천,2024,3,2024-03,100,경기도,포천시,나남수목원,61,포천 2024_03.csv,자연관광,자연공원
포천,2024,3,2024-03,102,경기도,포천시,멍우리협곡,56,포천 2024_03.csv,자연관광,자연경관(산)
포천,2024,3,2024-03,103,경기도,포천시,갈월버섯농장,55,포천 2024_03.csv,체험관광,농/산/어촌체험
포천,2024,3,2024-03,103,경기도,포천시,깊이울저수지,55,포천 2024_03.csv,자연관광,자연경관(하천/해양)
포천,2024,3,2024-03,105,경기도,포천시,광암이벽유적지,54,포천 2024_03.csv,역사관광,역사유적지
포천,2024,3,2024-03,106,경기도,포천시,어하고개,53,포천 2024_03.csv,자연관광,자연경관(산)
포천,2024,3,2024-03,107,경기도,포천시,태봉공원,48,포천 2024_03.csv,문화관광,도시공원
포천,2024,3,2024-03,107,경기도,포천시,일동시장,48,포천 2024_03.csv,쇼핑,시장
포천,2024,3,2024-03,109,경기도,포천시,포천허브아일랜드 자동차극장,47,포천 2024_03.csv,문화관광,공연시설
포천,2024,3,2024-03,109,경기도,포천시,무네미낚시터,47,포천 2024_03.csv,레저스포츠,수상레저스포츠
포천,2024,3,2024-03,111,경기도,포천시,코버월드,45,포천 2024_03.csv,문화관광,전시시설
포천,2024,3,2024-03,112,경기도,포천시,가람누리문화공원전망대,44,포천 2024_03.csv,문화관광,랜드마크관광
포천,2024,3,2024-03,112,경기도,포천시,용담대물낚시터,44,포천 2024_03.csv,레저스포츠,수상레저스포츠
포천,2024,3,2024-03,114,경기도,포천시,도리돌문화교류센터,43,포천 2024_03.csv,레저스포츠,기타레저스포츠
포천,2024,3,2024-03,115,경기도,포천시,서운동산어린이동물농장,41,포천 2024_03.csv,기타관광,기타관광
포천,2024,3,2024-03,116,경기도,포천시,태국군참전비,39,포천 2024_03.csv,역사관광,역사유물
포천,2024,3,2024-03,117,경기도,포천시,한탄강주상절리길3코스,38,포천 2024_03.csv,레저스포츠,기타레저스포츠
포천,2024,3,2024-03,118,경기도,포천시,청한베이스볼파크,37,포천 2024_03.csv,문화관광,레저스포츠시설
포천,2024,3,2024-03,119,경기도,포천시,한탄강팔호유원지,34,포천 2024_03.csv,문화관광,복합관광시설
포천,2024,3,2024-03,120,경기도,포천시,운천낚시공원,33,포천 2024_03.csv,레저스포츠,수상레저스포츠
포천,2024,3,2024-03,121,경기도,포천시,키즈필포천송우점,32,포천 2024_03.csv,문화관광,테마공원
포천,2024,3,2024-03,122,경기도,포천시,화엄사,30,포천 2024_03.csv,역사관광,종교성지
포천,2024,3,2024-03,123,경기도,포천시,한탄강테마파크,29,포천 2024_03.csv,문화관광,테마공원
포천,2024,3,2024-03,123,경기도,포천시,황새목낚시터,29,포천 2024_03.csv,레저스포츠,수상레저스포츠
포천,2024,3,2024-03,123,경기도,포천시,한과문화박물관,29,포천 2024_03.csv,문화관광,전시시설
포천,2024,3,2024-03,123,경기도,포천시,옛뜰애관광농원,29,포천 2024_03.csv,체험관광,농/산/어촌체험
포천,2024,3,2024-03,127,경기도,포천시,광릉분재예술공원,28,포천 2024_03.csv,문화관광,도시공원
포천,2024,3,2024-03,127,경기도,포천시,포천운산리자연생태공원,28,포천 2024_03.csv,문화관광,도시공원
포천,2024,3,2024-03,129,경기도,포천시,부소천교,26,포천 2024_03.csv,기타관광,기타관광
포천,2024,3,2024-03,130,경기도,포천시,동교하우스낚시터,25,포천 2024_03.csv,레저스포츠,수상레저스포츠
포천,2024,3,2024-03,131,경기도,포천시,메향낚시터,24,포천 2024_03.csv,레저스포츠,수상레저스포츠
포천,2024,3,2024-03,132,경기도,포천시,이항복선생묘,23,포천 2024_03.csv,역사관광,역사유적지
포천,2024,3,2024-03,132,경기도,포천시,천주호,23,포천 2024_03.csv,자연관광,자연경관(하천/해양)
포천,2024,3,2024-03,134,경기도,포천시,축구장소흘생활체육공원,22,포천 2024_03.csv,문화관광,레저스포츠시설
포천,2024,3,2024-03,135,경기도,포천시,밤밭실내장어낚시터,21,포천 2024_03.csv,레저스포츠,수상레저스포츠
포천,2024,3,2024-03,135,경기도,포천시,포천종합운동장보조구장,21,포천 2024_03.csv,문화관광,레저스포츠시설
포천,2024,3,2024-03,135,경기도,포천시,동화사,21,포천 2024_03.csv,역사관광,종교성지
포천,2024,3,2024-03,135,경기도,포천시,천주사,21,포천 2024_03.csv,역사관광,종교성지
포천,2024,3,2024-03,139,경기도,포천시,황금프라자,20,포천 2024_03.csv,쇼핑,쇼핑몰
포천,2024,3,2024-03,139,경기도,포천시,베어스타운CC휴업중,20,포천 2024_03.csv,레저스포츠,육상레저스포츠
포천,2024,3,2024-03,139,경기도,포천시,포천그린아울렛,20,포천 2024_03.csv,쇼핑,쇼핑몰
포천,2024,3,2024-03,139,경기도,포천시,지질트레일1코스,20,포천 2024_03.csv,레저스포츠,기타레저스포츠
포천,2024,3,2024-03,143,경기도,포천시,국립산림박물관,19,포천 2024_03.csv,문화관광,전시시설
포천,2024,3,2024-03,143,경기도,포천시,백운산,19,포천 2024_03.csv,자연관광,자연경관(산)
포천,2024,3,2024-03,143,경기도,포천시,향림사,19,포천 2024_03.csv,역사관광,종교성지
포천,2024,3,2024-03,146,경기도,포천시,태산낚시터,18,포천 2024_03.csv,레저스포츠,수상레저스포츠
포천,2024,3,2024-03,147,경기도,포천시,명성산억새밭,17,포천 2024_03.csv,기타관광,기타관광
포천,2024,3,2024-03,147,경기도,포천시,송일농장,17,포천 2024_03.csv,체험관광,농/산/어촌체험
포천,2024,3,2024-03,147,경기도,포천시,지청낚시터,17,포천 2024_03.csv,레저스포츠,수상레저스포츠
포천,2024,3,2024-03,147,경기도,포천시,중리저수지,17,포천 2024_03.csv,자연관광,자연경관(하천/해양)
포천,2024,3,2024-03,151,경기도,포천시,충목단,16,포천 2024_03.csv,역사관광,역사유적지
포천,2024,3,2024-03,151,경기도,포천시,성불암,16,포천 2024_03.csv,역사관광,종교성지
포천,2024,3,2024-03,151,경기도,포천시,포천아트밸리천문과학관,16,포천 2024_03.csv,문화관광,전시시설
포천,2024,3,2024-03,151,경기도,포천시,마홀축구장,16,포천 2024_03.csv,문화관광,레저스포츠시설
포천,2024,3,2024-03,151,경기도,포천시,교동가마소,16,포천 2024_03.csv,기타관광,기타관광
포천,2024,3,2024-03,156,경기도,포천시,실상선원,15,포천 2024_03.csv,역사관광,종교성지
포천,2024,3,2024-03,156,경기도,포천시,수목원낚시터,15,포천 2024_03.csv,레저스포츠,수상레저스포츠
포천,2024,3,2024-03,156,경기도,포천시,왕방산,15,포천 2024_03.csv,자연관광,자연경관(산)
포천,2024,3,2024-03,156,경기도,포천시,한탄임진강지질공원,15,포천 2024_03.csv,문화관광,도시공원
포천,2024,3,2024-03,160,경기도,포천시,임진농원,14,포천 2024_03.csv,체험관광,농/산/어촌체험
포천,2024,3,2024-03,160,경기도,포천시,미륵사,14,포천 2024_03.csv,역사관광,종교성지
포천,2024,3,2024-03,160,경기도,포천시,화요공방,14,포천 2024_03.csv,체험관광,공예체험
포천,2024,3,2024-03,160,경기도,포천시,백로주유원지,14,포천 2024_03.csv,문화관광,복합관광시설
포천,2024,3,2024-03,160,경기도,포천시,미륵박물관,14,포천 2024_03.csv,문화관광,전시시설
포천,2024,3,2024-03,165,경기도,포천시,도평리터미널,13,포천 2024_03.csv,기타관광,교통시설
포천,2024,3,2024-03,166,경기도,포천시,한탄강주상절리길2코스,12,포천 2024_03.csv,레저스포츠,기타레저스포츠
포천,2024,3,2024-03,166,경기도,포천시,우금낚시공원,12,포천 2024_03.csv,레저스포츠,수상레저스포츠
포천,2024,3,2024-03,166,경기도,포천시,청계산,12,포천 2024_03.csv,자연관광,자연경관(산)
포천,2024,3,2024-03,166,경기도,포천시,지장산계곡,12,포천 2024_03.csv,자연관광,자연경관(산)
포천,2024,3,2024-03,166,경기도,포천시,미트빌연합사업단,12,포천 2024_03.csv,쇼핑,시장
포천,2024,3,2024-03,171,경기도,포천시,쌍불사,11,포천 2024_03.csv,역사관광,종교성지
포천,2024,3,2024-03,171,경기도,포천시,WPL파워야구장,11,포천 2024_03.csv,문화관광,레저스포츠시설
포천,2024,3,2024-03,171,경기도,포천시,고모지,11,포천 2024_03.csv,자연관광,자연경관(하천/해양)
포천,2024,3,2024-03,171,경기도,포천시,철갑상어농장,11,포천 2024_03.csv,체험관광,농/산/어촌체험
포천,2024,3,2024-03,175,경기도,포천시,포천정,10,포천 2024_03.csv,레저스포츠,육상레저스포츠
포천,2024,3,2024-03,175,경기도,포천시,전계대원군묘,10,포천 2024_03.csv,역사관광,역사유적지
포천,2024,3,2024-03,175,경기도,포천시,용연서원,10,포천 2024_03.csv,역사관광,역사유적지
포천,2024,3,2024-03,175,경기도,포천시,왕방산왕방사방면,10,포천 2024_03.csv,자연관광,자연경관(산)
포천,2024,3,2024-03,175,경기도,포천시,자비사,10,포천 2024_03.csv,역사관광,종교성지
포천,2024,3,2024-03,175,경기도,포천시,승법사,10,포천 2024_03.csv,역사관광,종교성지
포천,2024,3,2024-03,175,경기도,포천시,관음사,10,포천 2024_03.csv,역사관광,종교성지
포천,2024,3,2024-03,182,경기도,포천시,포천음악창작소,9,포천 2024_03.csv,문화관광,기타문화관광지
포천,2024,3,2024-03,182,경기도,포천시,내리공설시장,9,포천 2024_03.csv,쇼핑,시장
포천,2024,3,2024-03,182,경기도,포천시,명성산산안고개방면,9,포천 2024_03.csv,자연관광,자연경관(산)
포천,2024,3,2024-03,182,경기도,포천시,국봉사,9,포천 2024_03.csv,역사관광,종교성지
포천,2024,3,2024-03,186,경기도,포천시,보문정사,8,포천 2024_03.csv,역사관광,종교성지
포천,2024,3,2024-03,186,경기도,포천시,포천반월성,8,포천 2024_03.csv,역사관광,역사유적지
포천,2024,3,2024-03,186,경기도,포천시,대안사,8,포천 2024_03.csv,역사관광,종교성지
포천,2024,3,2024-03,186,경기도,포천시,백운계곡국민관광지,8,포천 2024_03.csv,문화관광,복합관광시설
포천,2024,3,2024-03,186,경기도,포천시,천해사,8,포천 2024_03.csv,역사관광,종교성지
포천,2024,3,2024-03,191,경기도,포천시,베스트원스포츠,7,포천 2024_03.csv,레저스포츠,기타레저스포츠
포천,2024,3,2024-03,191,경기도,포천시,한탄강주상절리길5코스,7,포천 2024_03.csv,레저스포츠,기타레저스포츠
포천,2024,3,2024-03,191,경기도,포천시,관음사,7,포천 2024_03.csv,역사관광,종교성지
포천,2024,3,2024-03,191,경기도,포천시,한탄강생태경관단지,7,포천 2024_03.csv,기타관광,기타관광
포천,2024,3,2024-03,191,경기도,포천시,포천직두리의부부송,7,포천 2024_03.csv,역사관광,역사유적지
포천,2024,3,2024-03,191,경기도,포천시,명성산,7,포천 2024_03.csv,자연관광,자연경관(산)
포천,2024,3,2024-03,197,경기도,포천시,프로방스빌리지수영장,6,포천 2024_03.csv,문화관광,테마공원
포천,2024,3,2024-03,197,경기도,포천시,무봉리족구장,6,포천 2024_03.csv,레저스포츠,기타레저스포츠
포천,2024,3,2024-03,197,경기도,포천시,풍림농장,6,포천 2024_03.csv,체험관광,농/산/어촌체험
포천,2024,3,2024-03,197,경기도,포천시,법왕사,6,포천 2024_03.csv,역사관광,종교성지
포천,2024,3,2024-03,197,경기도,포천시,밤밭지,6,포천 2024_03.csv,자연관광,자연경관(하천/해양)
포천,2024,3,2024-03,197,경기도,포천시,냉정낚시터,6,포천 2024_03.csv,레저스포츠,수상레저스포츠
포천,2024,3,2024-03,197,경기도,포천시,늘푸른농장,6,포천 2024_03.csv,체험관광,농/산/어촌체험
포천,2024,3,2024-03,197,경기도,포천시,영평천,6,포천 2024_03.csv,자연관광,자연공원
포천,2024,3,2024-03,197,경기도,포천시,포천향교,6,포천 2024_03.csv,역사관광,역사유적지
포천,2024,3,2024-03,197,경기도,포천시,고구려복싱클럽,6,포천 2024_03.csv,레저스포츠,기타레저스포츠
포천,2024,3,2024-03,197,경기도,포천시,제일베리,6,포천 2024_03.csv,체험관광,농/산/어촌체험
포천,2024,3,2024-03,197,경기도,포천시,궁뜰사과농원,6,포천 2024_03.csv,체험관광,농/산/어촌체험
포천,2024,3,2024-03,209,경기도,포천시,무상사,5,포천 2024_03.csv,역사관광,종교성지
포천,2024,3,2024-03,209,경기도,포천시,루지월드베어스타운점,5,포천 2024_03.csv,레저스포츠,기타레저스포츠
포천,2024,3,2024-03,209,경기도,포천시,관룡사,5,포천 2024_03.csv,역사관광,종교성지
포천,2024,3,2024-03,209,경기도,포천시,잇빛천연염색체험학습장,5,포천 2024_03.csv,체험관광,공예체험
포천,2024,3,2024-03,209,경기도,포천시,정우생닭직매장,5,포천 2024_03.csv,쇼핑,시장
포천,2024,3,2024-03,209,경기도,포천시,옥병서원,5,포천 2024_03.csv,역사관광,역사유적지
포천,2024,3,2024-03,215,경기도,포천시,정불암,4,포천 2024_03.csv,역사관광,종교성지
포천,2024,3,2024-03,215,경기도,포천시,관인문화마을,4,포천 2024_03.csv,기타관광,기타관광
포천,2024,3,2024-03,215,경기도,포천시,교동사과농장,4,포천 2024_03.csv,체험관광,농/산/어촌체험
포천,2024,3,2024-03,215,경기도,포천시,산정호수관광단지,4,포천 2024_03.csv,문화관광,복합관광시설
포천,2024,3,2024-03,215,경기도,포천시,통일대,4,포천 2024_03.csv,기타관광,기타관광
포천,2024,3,2024-03,215,경기도,포천시,가온농장,4,포천 2024_03.csv,체험관광,농/산/어촌체험
포천,2024,3,2024-03,215,경기도,포천시,지동산촌잣나무목공예실,4,포천 2024_03.csv,기타관광,기타관광
포천,2024,3,2024-03,215,경기도,포천시,한탄강대교천현무암협곡,4,포천 2024_03.csv,기타관광,기타관광
포천,2024,3,2024-03,215,경기도,포천시,근선목장,4,포천 2024_03.csv,체험관광,농/산/어촌체험
포천,2024,3,2024-03,215,경기도,포천시,도연암,4,포천 2024_03.csv,역사관광,종교성지
포천,2024,3,2024-03,215,경기도,포천시,육사생도6.25참전기념비,4,포천 2024_03.csv,역사관광,역사유물
포천,2024,3,2024-03,226,경기도,포천시,한내소극장,3,포천 2024_03.csv,문화관광,공연시설
포천,2024,3,2024-03,226,경기도,포천시,삼산소류지,3,포천 2024_03.csv,자연관광,자연경관(하천/해양)
포천,2024,3,2024-03,226,경기도,포천시,기원정사,3,포천 2024_03.csv,역사관광,종교성지
포천,2024,3,2024-03,226,경기도,포천시,한탄강주상절리길4코스,3,포천 2024_03.csv,레저스포츠,기타레저스포츠
포천,2024,3,2024-03,226,경기도,포천시,대수암,3,포천 2024_03.csv,역사관광,종교성지
포천,2024,3,2024-03,226,경기도,포천시,포천탁구클럽,3,포천 2024_03.csv,레저스포츠,기타레저스포츠
포천,2024,3,2024-03,226,경기도,포천시,신읍동도시재생어울림센터2,3,포천 2024_03.csv,문화관광,기타문화관광지
포천,2024,3,2024-03,226,경기도,포천시,바실공방,3,포천 2024_03.csv,체험관광,공예체험
포천,2024,3,2024-03,226,경기도,포천시,천궁사,3,포천 2024_03.csv,역사관광,종교성지
포천,2024,3,2024-03,226,경기도,포천시,본선사,3,포천 2024_03.csv,역사관광,종교성지
포천,2024,3,2024-03,226,경기도,포천시,전운사,3,포천 2024_03.csv,역사관광,종교성지
포천,2024,3,2024-03,226,경기도,포천시,솔모루공원,3,포천 2024_03.csv,문화관광,도시공원
포천,2024,3,2024-03,226,경기도,포천시,수목원프로방스,3,포천 2024_03.csv,자연관광,자연공원
포천,2024,3,2024-03,226,경기도,포천시,수원산,3,포천 2024_03.csv,자연관광,자연경관(산)
포천,2024,3,2024-03,226,경기도,포천시,고산식물원,3,포천 2024_03.csv,문화관광,테마공원
포천,2024,3,2024-03,226,경기도,포천시,무림사,3,포천 2024_03.csv,역사관광,종교성지
포천,2024,3,2024-03,226,경기도,포천시,각흘산,3,포천 2024_03.csv,자연관광,자연경관(산)
포천,2024,3,2024-03,226,경기도,포천시,허브아일랜드산타마을,3,포천 2024_03.csv,문화관광,테마공원
포천,2024,3,2024-03,226,경기도,포천시,초가낚시터,3,포천 2024_03.csv,레저스포츠,수상레저스포츠
포천,2024,3,2024-03,226,경기도,포천시,명산저수지,3,포천 2024_03.csv,자연관광,자연경관(하천/해양)
포천,2024,3,2024-03,226,경기도,포천시,고모리수상레저,3,포천 2024_03.csv,레저스포츠,기타레저스포츠
포천,2024,3,2024-03,226,경기도,포천시,대승사,3,포천 2024_03.csv,역사관광,종교성지
포천,2024,3,2024-03,226,경기도,포천시,보림사,3,포천 2024_03.csv,역사관광,종교성지
포천,2024,3,2024-03,226,경기도,포천시,중리테마파크낚시터,3,포천 2024_03.csv,레저스포츠,수상레저스포츠
포천,2024,3,2024-03,226,경기도,포천시,포천용담저수지,3,포천 2024_03.csv,자연관광,자연경관(하천/해양)
포천,2024,3,2024-03,226,경기도,포천시,포천블루파크,3,포천 2024_03.csv,문화관광,테마공원
포천,2024,3,2024-03,226,경기도,포천시,영풍농원,3,포천 2024_03.csv,체험관광,농/산/어촌체험
포천,2024,3,2024-03,226,경기도,포천시,키즈필키즈카페,3,포천 2024_03.csv,문화관광,테마공원
포천,2024,3,2024-03,226,경기도,포천시,천은사,3,포천 2024_03.csv,역사관광,종교성지
포천,2024,3,2024-03,226,경기도,포천시,김비서가왜그럴까촬영지,3,포천 2024_03.csv,문화관광,기타문화관광지
포천,2024,3,2024-03,226,경기도,포천시,동선사,3,포천 2024_03.csv,역사관광,종교성지
포천,2024,4,2024-04,1,경기도,포천시,국립수목원,10253,포천 2024_04.csv,문화관광,테마공원
포천,2024,4,2024-04,2,경기도,포천시,베어크리크GC,9374,포천 2024_04.csv,레저스포츠,육상레저스포츠
포천,2024,4,2024-04,3,경기도,포천시,산정호수,8550,포천 2024_04.csv,자연관광,자연경관(하천/해양)
포천,2024,4,2024-04,4,경기도,포천시,포천힐마루CC,8418,포천 2024_04.csv,레저스포츠,육상레저스포츠
포천,2024,4,2024-04,5,경기도,포천시,포천힐스CC,7232,포천 2024_04.csv,레저스포츠,육상레저스포츠
포천,2024,4,2024-04,6,경기도,포천시,포천아트밸리,7196,포천 2024_04.csv,문화관광,공연시설
포천,2024,4,2024-04,7,경기도,포천시,허브아일랜드,6991,포천 2024_04.csv,체험관광,농/산/어촌체험
포천,2024,4,2024-04,8,경기도,포천시,라싸GC,6901,포천 2024_04.csv,레저스포츠,육상레저스포츠
포천,2024,4,2024-04,9,경기도,포천시,포레스트힐CC,6551,포천 2024_04.csv,레저스포츠,육상레저스포츠
포천,2024,4,2024-04,10,경기도,포천시,푸른솔GC포천,6399,포천 2024_04.csv,레저스포츠,육상레저스포츠
포천,2024,4,2024-04,11,경기도,포천시,필로스GC,6208,포천 2024_04.csv,레저스포츠,육상레저스포츠
포천,2024,4,2024-04,12,경기도,포천시,포천아도니스CC,6119,포천 2024_04.csv,레저스포츠,육상레저스포츠
포천,2024,4,2024-04,13,경기도,포천시,고모저수지,5198,포천 2024_04.csv,자연관광,자연경관(하천/해양)
포천,2024,4,2024-04,14,경기도,포천시,몽베르CC,4975,포천 2024_04.csv,레저스포츠,육상레저스포츠
포천,2024,4,2024-04,15,경기도,포천시,비둘기낭폭포,3478,포천 2024_04.csv,자연관광,자연경관(산)
포천,2024,4,2024-04,16,경기도,포천시,일동레이크GC,3450,포천 2024_04.csv,레저스포츠,육상레저스포츠
포천,2024,4,2024-04,17,경기도,포천시,참밸리컨트리클럽,3437,포천 2024_04.csv,레저스포츠,육상레저스포츠
포천,2024,4,2024-04,18,경기도,포천시,샴발라CC,3353,포천 2024_04.csv,레저스포츠,육상레저스포츠
포천,2024,4,2024-04,19,경기도,포천시,일동시외버스터미널,3044,포천 2024_04.csv,기타관광,교통시설
포천,2024,4,2024-04,20,경기도,포천시,제일유황온천,1870,포천 2024_04.csv,체험관광,웰니스관광
포천,2024,4,2024-04,21,경기도,포천시,CGV포천,1801,포천 2024_04.csv,문화관광,공연시설
포천,2024,4,2024-04,22,경기도,포천시,포천한탄강하늘다리,1696,포천 2024_04.csv,기타관광,기타관광
포천,2024,4,2024-04,23,경기도,포천시,백운계곡,1592,포천 2024_04.csv,자연관광,자연경관(산)
포천,2024,4,2024-04,24,경기도,포천시,서운동산,1335,포천 2024_04.csv,문화관광,복합관광시설
포천,2024,4,2024-04,25,경기도,포천시,락가든GC,1290,포천 2024_04.csv,레저스포츠,육상레저스포츠
포천,2024,4,2024-04,26,경기도,포천시,송우시외버스터미널,1197,포천 2024_04.csv,기타관광,교통시설
포천,2024,4,2024-04,27,경기도,포천시,포천아도니스퍼블릭CC,1127,포천 2024_04.csv,레저스포츠,육상레저스포츠
포천,2024,4,2024-04,28,경기도,포천시,한탄강주상절리길1코스,1111,포천 2024_04.csv,레저스포츠,기타레저스포츠
포천,2024,4,2024-04,29,경기도,포천시,베어스타운스키장휴업중,936,포천 2024_04.csv,레저스포츠,육상레저스포츠
포천,2024,4,2024-04,30,경기도,포천시,포천시외버스터미널,904,포천 2024_04.csv,기타관광,교통시설
포천,2024,4,2024-04,31,경기도,포천시,축석고개,796,포천 2024_04.csv,자연관광,자연경관(산)
포천,2024,4,2024-04,32,경기도,포천시,동교낚시터,774,포천 2024_04.csv,레저스포츠,수상레저스포츠
포천,2024,4,2024-04,33,경기도,포천시,신북온천스프링폴,735,포천 2024_04.csv,체험관광,웰니스관광
포천,2024,4,2024-04,34,경기도,포천시,평강랜드,732,포천 2024_04.csv,문화관광,테마공원
포천,2024,4,2024-04,35,경기도,포천시,포천5일장,709,포천 2024_04.csv,쇼핑,시장
포천,2024,4,2024-04,36,경기도,포천시,호국금강사,664,포천 2024_04.csv,역사관광,종교성지
포천,2024,4,2024-04,37,경기도,포천시,산사원,663,포천 2024_04.csv,문화관광,전시시설
포천,2024,4,2024-04,38,경기도,포천시,포천축구공원,634,포천 2024_04.csv,문화관광,도시공원
포천,2024,4,2024-04,39,경기도,포천시,밤밭낚시터,615,포천 2024_04.csv,레저스포츠,수상레저스포츠
포천,2024,4,2024-04,40,경기도,포천시,운악산자연휴양림,614,포천 2024_04.csv,자연관광,자연공원
포천,2024,4,2024-04,41,경기도,포천시,어메이징파크,587,포천 2024_04.csv,문화관광,전시시설
포천,2024,4,2024-04,42,경기도,포천시,마전낚시터,567,포천 2024_04.csv,레저스포츠,수상레저스포츠
포천,2024,4,2024-04,43,경기도,포천시,한탄강지질공원센터,563,포천 2024_04.csv,문화관광,전시시설
포천,2024,4,2024-04,44,경기도,포천시,초원낚시터,520,포천 2024_04.csv,레저스포츠,수상레저스포츠
포천,2024,4,2024-04,45,경기도,포천시,수목원고모호수공원,476,포천 2024_04.csv,문화관광,도시공원
포천,2024,4,2024-04,46,경기도,포천시,포천반월아트홀,469,포천 2024_04.csv,문화관광,공연시설
포천,2024,4,2024-04,47,경기도,포천시,쌍방죽낚시터,467,포천 2024_04.csv,레저스포츠,수상레저스포츠
포천,2024,4,2024-04,48,경기도,포천시,가산저수지,453,포천 2024_04.csv,자연관광,자연경관(하천/해양)
포천,2024,4,2024-04,49,경기도,포천시,냉정저수지,446,포천 2024_04.csv,자연관광,자연경관(하천/해양)
포천,2024,4,2024-04,50,경기도,포천시,내촌낚시터,440,포천 2024_04.csv,레저스포츠,수상레저스포츠
포천,2024,4,2024-04,51,경기도,포천시,주파크,431,포천 2024_04.csv,문화관광,테마공원
포천,2024,4,2024-04,52,경기도,포천시,가산낚시터,420,포천 2024_04.csv,레저스포츠,수상레저스포츠
포천,2024,4,2024-04,53,경기도,포천시,도성사,413,포천 2024_04.csv,역사관광,종교성지
포천,2024,4,2024-04,54,경기도,포천시,깊이울유원지,412,포천 2024_04.csv,문화관광,복합관광시설
포천,2024,4,2024-04,55,경기도,포천시,직두리낚시터,411,포천 2024_04.csv,레저스포츠,수상레저스포츠
포천,2024,4,2024-04,56,경기도,포천시,포천수원산정상전망대,402,포천 2024_04.csv,문화관광,랜드마크관광
포천,2024,4,2024-04,57,경기도,포천시,소흘생활체육공원,396,포천 2024_04.csv,문화관광,도시공원
포천,2024,4,2024-04,58,경기도,포천시,천보산자연휴양림,391,포천 2024_04.csv,자연관광,자연공원
포천,2024,4,2024-04,59,경기도,포천시,포천화적연,342,포천 2024_04.csv,자연관광,자연경관(하천/해양)
포천,2024,4,2024-04,60,경기도,포천시,포천패션타운,336,포천 2024_04.csv,쇼핑,쇼핑몰
포천,2024,4,2024-04,61,경기도,포천시,낭만닥터김사부촬영지,319,포천 2024_04.csv,문화관광,기타문화관광지
포천,2024,4,2024-04,62,경기도,포천시,청성역사공원,293,포천 2024_04.csv,문화관광,도시공원
포천,2024,4,2024-04,63,경기도,포천시,황금낚시터,291,포천 2024_04.csv,레저스포츠,수상레저스포츠
포천,2024,4,2024-04,64,경기도,포천시,운천낚시공원,272,포천 2024_04.csv,레저스포츠,수상레저스포츠
포천,2024,4,2024-04,65,경기도,포천시,아프리카예술박물관,266,포천 2024_04.csv,문화관광,전시시설
포천,2024,4,2024-04,66,경기도,포천시,새마을낚시터,259,포천 2024_04.csv,레저스포츠,수상레저스포츠
포천,2024,4,2024-04,67,경기도,포천시,청계지,257,포천 2024_04.csv,자연관광,자연경관(하천/해양)
포천,2024,4,2024-04,68,경기도,포천시,아딸농원,238,포천 2024_04.csv,체험관광,농/산/어촌체험
포천,2024,4,2024-04,69,경기도,포천시,광릉수목원자동차극장,218,포천 2024_04.csv,문화관광,공연시설
포천,2024,4,2024-04,70,경기도,포천시,왕산사,214,포천 2024_04.csv,역사관광,종교성지
포천,2024,4,2024-04,71,경기도,포천시,백운계곡유원지,210,포천 2024_04.csv,문화관광,복합관광시설
포천,2024,4,2024-04,72,경기도,포천시,국망봉자연휴양림,208,포천 2024_04.csv,자연관광,자연공원
포천,2024,4,2024-04,73,경기도,포천시,포천야구장,203,포천 2024_04.csv,문화관광,레저스포츠시설
포천,2024,4,2024-04,74,경기도,포천시,포천가구공단,198,포천 2024_04.csv,쇼핑,기타쇼핑시설
포천,2024,4,2024-04,75,경기도,포천시,포천신읍시장,194,포천 2024_04.csv,쇼핑,시장
포천,2024,4,2024-04,76,경기도,포천시,나남수목원,181,포천 2024_04.csv,자연관광,자연공원
포천,2024,4,2024-04,77,경기도,포천시,포천체육공원,171,포천 2024_04.csv,문화관광,도시공원
포천,2024,4,2024-04,78,경기도,포천시,포천하늘아래치유의숲,169,포천 2024_04.csv,기타관광,기타관광
포천,2024,4,2024-04,79,경기도,포천시,포천자동차극장,158,포천 2024_04.csv,문화관광,공연시설
포천,2024,4,2024-04,80,경기도,포천시,금주낚시터,155,포천 2024_04.csv,레저스포츠,수상레저스포츠
포천,2024,4,2024-04,81,경기도,포천시,포천파크골프장,152,포천 2024_04.csv,레저스포츠,기타레저스포츠
포천,2024,4,2024-04,82,경기도,포천시,금주저수지,151,포천 2024_04.csv,자연관광,자연경관(하천/해양)
포천,2024,4,2024-04,83,경기도,포천시,길명낚시공원,147,포천 2024_04.csv,레저스포츠,수상레저스포츠
포천,2024,4,2024-04,84,경기도,포천시,한화리조트산정호수온천,142,포천 2024_04.csv,체험관광,웰니스관광
포천,2024,4,2024-04,85,경기도,포천시,설운체육공원,141,포천 2024_04.csv,문화관광,도시공원
포천,2024,4,2024-04,85,경기도,포천시,포천스포츠센터,141,포천 2024_04.csv,레저스포츠,기타레저스포츠
포천,2024,4,2024-04,87,경기도,포천시,가농바이오농장,137,포천 2024_04.csv,체험관광,농/산/어촌체험
포천,2024,4,2024-04,88,경기도,포천시,용담대물낚시터,135,포천 2024_04.csv,레저스포츠,수상레저스포츠
포천,2024,4,2024-04,89,경기도,포천시,산정호수조각공원,133,포천 2024_04.csv,문화관광,도시공원
포천,2024,4,2024-04,90,경기도,포천시,포천염광수련원,118,포천 2024_04.csv,레저스포츠,육상레저스포츠
포천,2024,4,2024-04,91,경기도,포천시,흥룡사,109,포천 2024_04.csv,역사관광,종교성지
포천,2024,4,2024-04,92,경기도,포천시,광암이벽유적지,107,포천 2024_04.csv,역사관광,역사유적지
포천,2024,4,2024-04,93,경기도,포천시,송우공설시장,103,포천 2024_04.csv,쇼핑,시장
포천,2024,4,2024-04,94,경기도,포천시,운천재래시장,91,포천 2024_04.csv,쇼핑,시장
포천,2024,4,2024-04,95,경기도,포천시,자인사,90,포천 2024_04.csv,역사관광,종교성지
포천,2024,4,2024-04,95,경기도,포천시,무네미낚시터,90,포천 2024_04.csv,레저스포츠,수상레저스포츠
포천,2024,4,2024-04,97,경기도,포천시,일동시장,82,포천 2024_04.csv,쇼핑,시장
포천,2024,4,2024-04,98,경기도,포천시,가람누리문화공원전망대,79,포천 2024_04.csv,문화관광,랜드마크관광
포천,2024,4,2024-04,98,경기도,포천시,멍우리협곡,79,포천 2024_04.csv,자연관광,자연경관(산)
포천,2024,4,2024-04,100,경기도,포천시,산정랜드,77,포천 2024_04.csv,문화관광,복합관광시설
포천,2024,4,2024-04,101,경기도,포천시,구담사,76,포천 2024_04.csv,역사관광,종교성지
포천,2024,4,2024-04,102,경기도,포천시,한탄강주상절리길3코스,73,포천 2024_04.csv,레저스포츠,기타레저스포츠
포천,2024,4,2024-04,103,경기도,포천시,수목원프로방스,69,포천 2024_04.csv,자연관광,자연공원
포천,2024,4,2024-04,104,경기도,포천시,Y스포츠센터,68,포천 2024_04.csv,레저스포츠,기타레저스포츠
포천,2024,4,2024-04,105,경기도,포천시,옛뜰애관광농원,66,포천 2024_04.csv,체험관광,농/산/어촌체험
포천,2024,4,2024-04,106,경기도,포천시,한탄강테마파크,64,포천 2024_04.csv,문화관광,테마공원
포천,2024,4,2024-04,107,경기도,포천시,금룡사,61,포천 2024_04.csv,역사관광,종교성지
포천,2024,4,2024-04,108,경기도,포천시,레이크밸리 승마클럽,59,포천 2024_04.csv,레저스포츠,기타레저스포츠
포천,2024,4,2024-04,109,경기도,포천시,소흘생활체육공원제1축구장,57,포천 2024_04.csv,문화관광,레저스포츠시설
포천,2024,4,2024-04,109,경기도,포천시,메향낚시터,57,포천 2024_04.csv,레저스포츠,수상레저스포츠
포천,2024,4,2024-04,111,경기도,포천시,약천사,55,포천 2024_04.csv,역사관광,종교성지
포천,2024,4,2024-04,111,경기도,포천시,태봉공원,55,포천 2024_04.csv,문화관광,도시공원
포천,2024,4,2024-04,111,경기도,포천시,마홀축구장,55,포천 2024_04.csv,문화관광,레저스포츠시설
포천,2024,4,2024-04,114,경기도,포천시,황새목낚시터,54,포천 2024_04.csv,레저스포츠,수상레저스포츠
포천,2024,4,2024-04,115,경기도,포천시,한탄강생태경관단지,53,포천 2024_04.csv,기타관광,기타관광
포천,2024,4,2024-04,116,경기도,포천시,허브아일랜드불빛동화축제,51,포천 2024_04.csv,문화관광,기타문화관광지
포천,2024,4,2024-04,117,경기도,포천시,황금프라자,49,포천 2024_04.csv,쇼핑,쇼핑몰
포천,2024,4,2024-04,118,경기도,포천시,갈월버섯농장,48,포천 2024_04.csv,체험관광,농/산/어촌체험
포천,2024,4,2024-04,119,경기도,포천시,에덴농장,47,포천 2024_04.csv,체험관광,농/산/어촌체험
포천,2024,4,2024-04,119,경기도,포천시,청한베이스볼파크,47,포천 2024_04.csv,문화관광,레저스포츠시설
포천,2024,4,2024-04,121,경기도,포천시,서운동산어린이동물농장,45,포천 2024_04.csv,기타관광,기타관광
포천,2024,4,2024-04,122,경기도,포천시,임진농원,44,포천 2024_04.csv,체험관광,농/산/어촌체험
포천,2024,4,2024-04,122,경기도,포천시,클라우드시네마,44,포천 2024_04.csv,문화관광,공연시설
포천,2024,4,2024-04,124,경기도,포천시,어하고개,42,포천 2024_04.csv,자연관광,자연경관(산)
포천,2024,4,2024-04,124,경기도,포천시,전운사,42,포천 2024_04.csv,역사관광,종교성지
포천,2024,4,2024-04,124,경기도,포천시,화엄사,42,포천 2024_04.csv,역사관광,종교성지
포천,2024,4,2024-04,127,경기도,포천시,포천종합운동장보조구장,38,포천 2024_04.csv,문화관광,레저스포츠시설
포천,2024,4,2024-04,127,경기도,포천시,한탄강팔호유원지,38,포천 2024_04.csv,문화관광,복합관광시설
포천,2024,4,2024-04,127,경기도,포천시,이항복선생묘,38,포천 2024_04.csv,역사관광,역사유적지
포천,2024,4,2024-04,130,경기도,포천시,한과문화박물관,35,포천 2024_04.csv,문화관광,전시시설
포천,2024,4,2024-04,130,경기도,포천시,복후미저수지,35,포천 2024_04.csv,자연관광,자연경관(하천/해양)
포천,2024,4,2024-04,132,경기도,포천시,교동가마소,33,포천 2024_04.csv,기타관광,기타관광
포천,2024,4,2024-04,133,경기도,포천시,깊이울저수지,32,포천 2024_04.csv,자연관광,자연경관(하천/해양)
포천,2024,4,2024-04,134,경기도,포천시,포천운산리자연생태공원,30,포천 2024_04.csv,문화관광,도시공원
포천,2024,4,2024-04,134,경기도,포천시,평화나무농장,30,포천 2024_04.csv,체험관광,농/산/어촌체험
포천,2024,4,2024-04,134,경기도,포천시,천주사,30,포천 2024_04.csv,역사관광,종교성지
포천,2024,4,2024-04,137,경기도,포천시,포천허브아일랜드 자동차극장,29,포천 2024_04.csv,문화관광,공연시설
포천,2024,4,2024-04,137,경기도,포천시,왕방산,29,포천 2024_04.csv,자연관광,자연경관(산)
포천,2024,4,2024-04,137,경기도,포천시,가온농장,29,포천 2024_04.csv,체험관광,농/산/어촌체험
포천,2024,4,2024-04,137,경기도,포천시,천주호,29,포천 2024_04.csv,자연관광,자연경관(하천/해양)
포천,2024,4,2024-04,137,경기도,포천시,코버월드,29,포천 2024_04.csv,문화관광,전시시설
포천,2024,4,2024-04,142,경기도,포천시,자비사,28,포천 2024_04.csv,역사관광,종교성지
포천,2024,4,2024-04,142,경기도,포천시,지질트레일1코스,28,포천 2024_04.csv,레저스포츠,기타레저스포츠
포천,2024,4,2024-04,142,경기도,포천시,향적사,28,포천 2024_04.csv,역사관광,종교성지
포천,2024,4,2024-04,142,경기도,포천시,옥병서원,28,포천 2024_04.csv,역사관광,역사유적지
포천,2024,4,2024-04,146,경기도,포천시,송일농장,26,포천 2024_04.csv,체험관광,농/산/어촌체험
포천,2024,4,2024-04,146,경기도,포천시,태국군참전비,26,포천 2024_04.csv,역사관광,역사유물
포천,2024,4,2024-04,148,경기도,포천시,국립산림박물관,25,포천 2024_04.csv,문화관광,전시시설
포천,2024,4,2024-04,148,경기도,포천시,포천반월성,25,포천 2024_04.csv,역사관광,역사유적지
포천,2024,4,2024-04,150,경기도,포천시,한탄강주상절리길2코스,23,포천 2024_04.csv,레저스포츠,기타레저스포츠
포천,2024,4,2024-04,150,경기도,포천시,냉정낚시터,23,포천 2024_04.csv,레저스포츠,수상레저스포츠
포천,2024,4,2024-04,150,경기도,포천시,백로주유원지,23,포천 2024_04.csv,문화관광,복합관광시설
포천,2024,4,2024-04,150,경기도,포천시,백운산,23,포천 2024_04.csv,자연관광,자연경관(산)
포천,2024,4,2024-04,150,경기도,포천시,도마치계곡,23,포천 2024_04.csv,자연관광,자연경관(산)
포천,2024,4,2024-04,150,경기도,포천시,한탄강야생화공원,23,포천 2024_04.csv,문화관광,도시공원
포천,2024,4,2024-04,156,경기도,포천시,내리공설시장,21,포천 2024_04.csv,쇼핑,시장
포천,2024,4,2024-04,156,경기도,포천시,지장산계곡,21,포천 2024_04.csv,자연관광,자연경관(산)
포천,2024,4,2024-04,158,경기도,포천시,베어스타운CC휴업중,20,포천 2024_04.csv,레저스포츠,육상레저스포츠
포천,2024,4,2024-04,158,경기도,포천시,지청낚시터,20,포천 2024_04.csv,레저스포츠,수상레저스포츠
포천,2024,4,2024-04,160,경기도,포천시,보문정사,19,포천 2024_04.csv,역사관광,종교성지
포천,2024,4,2024-04,160,경기도,포천시,철갑상어농장,19,포천 2024_04.csv,체험관광,농/산/어촌체험
포천,2024,4,2024-04,162,경기도,포천시,충목단,18,포천 2024_04.csv,역사관광,역사유적지
포천,2024,4,2024-04,162,경기도,포천시,운악레저타운,18,포천 2024_04.csv,레저스포츠,기타레저스포츠
포천,2024,4,2024-04,162,경기도,포천시,성불암,18,포천 2024_04.csv,역사관광,종교성지
포천,2024,4,2024-04,162,경기도,포천시,중리저수지,18,포천 2024_04.csv,자연관광,자연경관(하천/해양)
포천,2024,4,2024-04,162,경기도,포천시,도평리터미널,18,포천 2024_04.csv,기타관광,교통시설
포천,2024,4,2024-04,167,경기도,포천시,법왕사,17,포천 2024_04.csv,역사관광,종교성지
포천,2024,4,2024-04,167,경기도,포천시,왕방산왕방사방면,17,포천 2024_04.csv,자연관광,자연경관(산)
포천,2024,4,2024-04,169,경기도,포천시,한탄임진강지질공원,16,포천 2024_04.csv,문화관광,도시공원
포천,2024,4,2024-04,170,경기도,포천시,한내소극장,15,포천 2024_04.csv,문화관광,공연시설
포천,2024,4,2024-04,170,경기도,포천시,밤밭실내장어낚시터,15,포천 2024_04.csv,레저스포츠,수상레저스포츠
포천,2024,4,2024-04,170,경기도,포천시,전계대원군묘,15,포천 2024_04.csv,역사관광,역사유적지
포천,2024,4,2024-04,170,경기도,포천시,밤밭지,15,포천 2024_04.csv,자연관광,자연경관(하천/해양)
포천,2024,4,2024-04,170,경기도,포천시,고모리수상레저,15,포천 2024_04.csv,레저스포츠,기타레저스포츠
포천,2024,4,2024-04,170,경기도,포천시,고모지,15,포천 2024_04.csv,자연관광,자연경관(하천/해양)
포천,2024,4,2024-04,170,경기도,포천시,포천블루파크,15,포천 2024_04.csv,문화관광,테마공원
포천,2024,4,2024-04,177,경기도,포천시,도리돌문화교류센터,14,포천 2024_04.csv,레저스포츠,기타레저스포츠
포천,2024,4,2024-04,177,경기도,포천시,포천아트밸리천문과학관,14,포천 2024_04.csv,문화관광,전시시설
포천,2024,4,2024-04,177,경기도,포천시,초가낚시터,14,포천 2024_04.csv,레저스포츠,수상레저스포츠
포천,2024,4,2024-04,177,경기도,포천시,태산낚시터,14,포천 2024_04.csv,레저스포츠,수상레저스포츠
포천,2024,4,2024-04,177,경기도,포천시,장암저수지,14,포천 2024_04.csv,자연관광,자연경관(하천/해양)
포천,2024,4,2024-04,182,경기도,포천시,포천탁구클럽,13,포천 2024_04.csv,레저스포츠,기타레저스포츠
포천,2024,4,2024-04,182,경기도,포천시,솔모루공원,13,포천 2024_04.csv,문화관광,도시공원
포천,2024,4,2024-04,182,경기도,포천시,대안사,13,포천 2024_04.csv,역사관광,종교성지
포천,2024,4,2024-04,185,경기도,포천시,쌍불사,12,포천 2024_04.csv,역사관광,종교성지
포천,2024,4,2024-04,185,경기도,포천시,호스랜드승마클럽,12,포천 2024_04.csv,레저스포츠,육상레저스포츠
포천,2024,4,2024-04,185,경기도,포천시,포천향교,12,포천 2024_04.csv,역사관광,역사유적지
포천,2024,4,2024-04,185,경기도,포천시,국봉사,12,포천 2024_04.csv,역사관광,종교성지
포천,2024,4,2024-04,189,경기도,포천시,광릉분재예술공원,11,포천 2024_04.csv,문화관광,도시공원
포천,2024,4,2024-04,189,경기도,포천시,미트빌연합사업단,11,포천 2024_04.csv,쇼핑,시장
포천,2024,4,2024-04,189,경기도,포천시,포천용담저수지,11,포천 2024_04.csv,자연관광,자연경관(하천/해양)
포천,2024,4,2024-04,189,경기도,포천시,제일베리,11,포천 2024_04.csv,체험관광,농/산/어촌체험
포천,2024,4,2024-04,193,경기도,포천시,우금낚시공원,10,포천 2024_04.csv,레저스포츠,수상레저스포츠
포천,2024,4,2024-04,193,경기도,포천시,명성산,10,포천 2024_04.csv,자연관광,자연경관(산)
포천,2024,4,2024-04,193,경기도,포천시,동화사,10,포천 2024_04.csv,역사관광,종교성지
포천,2024,4,2024-04,193,경기도,포천시,토우공방,10,포천 2024_04.csv,체험관광,공예체험
포천,2024,4,2024-04,197,경기도,포천시,송광사,9,포천 2024_04.csv,역사관광,종교성지
포천,2024,4,2024-04,197,경기도,포천시,금불사,9,포천 2024_04.csv,역사관광,종교성지
포천,2024,4,2024-04,199,경기도,포천시,루지월드베어스타운점,8,포천 2024_04.csv,레저스포츠,기타레저스포츠
포천,2024,4,2024-04,199,경기도,포천시,포천음악창작소,8,포천 2024_04.csv,문화관광,기타문화관광지
포천,2024,4,2024-04,199,경기도,포천시,유식물원,8,포천 2024_04.csv,문화관광,테마공원
포천,2024,4,2024-04,199,경기도,포천시,용주암,8,포천 2024_04.csv,역사관광,종교성지
포천,2024,4,2024-04,203,경기도,포천시,법천사,7,포천 2024_04.csv,역사관광,종교성지
포천,2024,4,2024-04,203,경기도,포천시,초계목장,7,포천 2024_04.csv,체험관광,농/산/어촌체험
포천,2024,4,2024-04,203,경기도,포천시,낙천지폭포,7,포천 2024_04.csv,자연관광,자연경관(산)
포천,2024,4,2024-04,203,경기도,포천시,마전저수지,7,포천 2024_04.csv,자연관광,자연경관(하천/해양)
포천,2024,4,2024-04,203,경기도,포천시,천궁사,7,포천 2024_04.csv,역사관광,종교성지
포천,2024,4,2024-04,203,경기도,포천시,수목원낚시터,7,포천 2024_04.csv,레저스포츠,수상레저스포츠
포천,2024,4,2024-04,203,경기도,포천시,명성산억새밭,7,포천 2024_04.csv,기타관광,기타관광
포천,2024,4,2024-04,203,경기도,포천시,산정호수관광단지,7,포천 2024_04.csv,문화관광,복합관광시설
포천,2024,4,2024-04,203,경기도,포천시,금수정,7,포천 2024_04.csv,역사관광,역사유적지
포천,2024,4,2024-04,203,경기도,포천시,산정호수관광지3매표소,7,포천 2024_04.csv,기타관광,기타관광
포천,2024,4,2024-04,203,경기도,포천시,미륵박물관,7,포천 2024_04.csv,문화관광,전시시설
포천,2024,4,2024-04,203,경기도,포천시,다래레저,7,포천 2024_04.csv,레저스포츠,수상레저스포츠
포천,2024,4,2024-04,203,경기도,포천시,은장산농원,7,포천 2024_04.csv,체험관광,농/산/어촌체험
포천,2024,4,2024-04,216,경기도,포천시,베스트원스포츠,6,포천 2024_04.csv,레저스포츠,기타레저스포츠
포천,2024,4,2024-04,216,경기도,포천시,도마치계곡유원지,6,포천 2024_04.csv,문화관광,복합관광시설
포천,2024,4,2024-04,216,경기도,포천시,페리아도워터파크,6,포천 2024_04.csv,문화관광,테마공원
포천,2024,4,2024-04,216,경기도,포천시,관음사,6,포천 2024_04.csv,역사관광,종교성지
포천,2024,4,2024-04,216,경기도,포천시,부소천교,6,포천 2024_04.csv,기타관광,기타관광
포천,2024,4,2024-04,216,경기도,포천시,한탄강주상절리길5코스,6,포천 2024_04.csv,레저스포츠,기타레저스포츠
포천,2024,4,2024-04,216,경기도,포천시,채소한의식탁,6,포천 2024_04.csv,체험관광,농/산/어촌체험
포천,2024,4,2024-04,216,경기도,포천시,포천소민농장,6,포천 2024_04.csv,체험관광,농/산/어촌체험
포천,2024,4,2024-04,216,경기도,포천시,실상선원,6,포천 2024_04.csv,역사관광,종교성지
포천,2024,4,2024-04,216,경기도,포천시,풍림농장,6,포천 2024_04.csv,체험관광,농/산/어촌체험
포천,2024,4,2024-04,216,경기도,포천시,포천그린아울렛,6,포천 2024_04.csv,쇼핑,쇼핑몰
포천,2024,4,2024-04,216,경기도,포천시,명성산산안고개방면,6,포천 2024_04.csv,자연관광,자연경관(산)
포천,2024,4,2024-04,216,경기도,포천시,극락사,6,포천 2024_04.csv,역사관광,종교성지
포천,2024,4,2024-04,216,경기도,포천시,통일대,6,포천 2024_04.csv,기타관광,기타관광
포천,2024,4,2024-04,230,경기도,포천시,소우주도자기공방,5,포천 2024_04.csv,체험관광,공예체험
포천,2024,4,2024-04,230,경기도,포천시,미륵사,5,포천 2024_04.csv,역사관광,종교성지
포천,2024,4,2024-04,230,경기도,포천시,털보낚시터,5,포천 2024_04.csv,레저스포츠,수상레저스포츠
포천,2024,4,2024-04,230,경기도,포천시,포천고모리산성,5,포천 2024_04.csv,역사관광,역사유적지
포천,2024,4,2024-04,230,경기도,포천시,홀스킹덤팜스테이,5,포천 2024_04.csv,레저스포츠,육상레저스포츠
포천,2024,4,2024-04,230,경기도,포천시,승법사,5,포천 2024_04.csv,역사관광,종교성지
포천,2024,4,2024-04,230,경기도,포천시,키즈필포천송우점,5,포천 2024_04.csv,문화관광,테마공원
포천,2024,4,2024-04,237,경기도,포천시,이벽생가터,4,포천 2024_04.csv,기타관광,기타관광
포천,2024,4,2024-04,237,경기도,포천시,신읍동도시재생어울림센터2,4,포천 2024_04.csv,문화관광,기타문화관광지
포천,2024,4,2024-04,237,경기도,포천시,레더준,4,포천 2024_04.csv,체험관광,공예체험
포천,2024,4,2024-04,237,경기도,포천시,화산서원,4,포천 2024_04.csv,역사관광,역사유적지
포천,2024,4,2024-04,237,경기도,포천시,선유담계곡,4,포천 2024_04.csv,자연관광,자연경관(산)
포천,2024,4,2024-04,237,경기도,포천시,천주산,4,포천 2024_04.csv,자연관광,자연경관(산)
포천,2024,4,2024-04,237,경기도,포천시,보림사,4,포천 2024_04.csv,역사관광,종교성지
포천,2024,4,2024-04,237,경기도,포천시,황제다육식물농장,4,포천 2024_04.csv,체험관광,농/산/어촌체험
포천,2024,4,2024-04,237,경기도,포천시,영천목장,4,포천 2024_04.csv,체험관광,농/산/어촌체험
포천,2024,4,2024-04,237,경기도,포천시,순해목장,4,포천 2024_04.csv,체험관광,농/산/어촌체험
포천,2024,4,2024-04,247,경기도,포천시,금주산,3,포천 2024_04.csv,자연관광,자연경관(산)
포천,2024,4,2024-04,247,경기도,포천시,무상사,3,포천 2024_04.csv,역사관광,종교성지
포천,2024,4,2024-04,247,경기도,포천시,도마치고개,3,포천 2024_04.csv,자연관광,자연경관(산)
포천,2024,4,2024-04,247,경기도,포천시,관음사,3,포천 2024_04.csv,역사관광,종교성지
포천,2024,4,2024-04,247,경기도,포천시,지질트레일3코스,3,포천 2024_04.csv,레저스포츠,기타레저스포츠
포천,2024,4,2024-04,247,경기도,포천시,소흘이모야,3,포천 2024_04.csv,체험관광,공예체험
포천,2024,4,2024-04,247,경기도,포천시,정우사과원,3,포천 2024_04.csv,체험관광,농/산/어촌체험
포천,2024,4,2024-04,247,경기도,포천시,포천작은말학교,3,포천 2024_04.csv,레저스포츠,육상레저스포츠
포천,2024,4,2024-04,247,경기도,포천시,엄마네다육,3,포천 2024_04.csv,체험관광,농/산/어촌체험
포천,2024,4,2024-04,247,경기도,포천시,관룡사,3,포천 2024_04.csv,역사관광,종교성지
포천,2024,4,2024-04,247,경기도,포천시,서성선생묘,3,포천 2024_04.csv,역사관광,역사유적지
포천,2024,4,2024-04,247,경기도,포천시,아쿠아스마트팜,3,포천 2024_04.csv,체험관광,농/산/어촌체험
포천,2024,4,2024-04,247,경기도,포천시,새일목장,3,포천 2024_04.csv,체험관광,농/산/어촌체험
포천,2024,4,2024-04,247,경기도,포천시,포천직두리의부부송,3,포천 2024_04.csv,역사관광,역사유적지
포천,2024,4,2024-04,247,경기도,포천시,청계산,3,포천 2024_04.csv,자연관광,자연경관(산)
포천,2024,4,2024-04,247,경기도,포천시,관인공설시장,3,포천 2024_04.csv,쇼핑,시장
포천,2024,4,2024-04,247,경기도,포천시,명성산자인사방면,3,포천 2024_04.csv,자연관광,자연경관(산)
포천,2024,4,2024-04,247,경기도,포천시,만덕사,3,포천 2024_04.csv,역사관광,종교성지
포천,2024,4,2024-04,247,경기도,포천시,정혜사,3,포천 2024_04.csv,역사관광,종교성지
포천,2024,4,2024-04,247,경기도,포천시,능원관광낚시터,3,포천 2024_04.csv,레저스포츠,수상레저스포츠
포천,2024,4,2024-04,247,경기도,포천시,선광사,3,포천 2024_04.csv,역사관광,종교성지
포천,2024,4,2024-04,247,경기도,포천시,운주사,3,포천 2024_04.csv,역사관광,종교성지
포천,2024,4,2024-04,247,경기도,포천시,비즈아쿠아,3,포천 2024_04.csv,문화관광,테마공원
포천,2024,4,2024-04,247,경기도,포천시,영평천,3,포천 2024_04.csv,자연관광,자연공원
포천,2024,4,2024-04,247,경기도,포천시,명산저수지,3,포천 2024_04.csv,자연관광,자연경관(하천/해양)
포천,2024,4,2024-04,247,경기도,포천시,대한불교조계종정변지사,3,포천 2024_04.csv,역사관광,종교성지
포천,2024,4,2024-04,247,경기도,포천시,화현저수지,3,포천 2024_04.csv,자연관광,자연경관(하천/해양)
포천,2024,4,2024-04,247,경기도,포천시,우금소류지,3,포천 2024_04.csv,자연관광,자연경관(하천/해양)
포천,2024,4,2024-04,247,경기도,포천시,지장산유원지,3,포천 2024_04.csv,문화관광,복합관광시설
포천,2024,4,2024-04,247,경기도,포천시,근선목장,3,포천 2024_04.csv,체험관광,농/산/어촌체험
포천,2024,4,2024-04,247,경기도,포천시,육사생도6.25참전기념비,3,포천 2024_04.csv,역사관광,역사유물
포천,2024,4,2024-04,247,경기도,포천시,관음산약수터,3,포천 2024_04.csv,자연관광,자연경관(산)
포천,2024,4,2024-04,247,경기도,포천시,동음사,3,포천 2024_04.csv,역사관광,역사유적지
포천,2024,4,2024-04,247,경기도,포천시,천해사,3,포천 2024_04.csv,역사관광,종교성지
포천,2024,5,2024-05,1,경기도,포천시,국립수목원,12257,포천 2024_05.csv,문화관광,테마공원
포천,2024,5,2024-05,2,경기도,포천시,포천힐마루CC,10047,포천 2024_05.csv,레저스포츠,육상레저스포츠
포천,2024,5,2024-05,3,경기도,포천시,베어크리크GC,9957,포천 2024_05.csv,레저스포츠,육상레저스포츠
포천,2024,5,2024-05,4,경기도,포천시,포천아트밸리,9178,포천 2024_05.csv,문화관광,공연시설
포천,2024,5,2024-05,5,경기도,포천시,산정호수,9023,포천 2024_05.csv,자연관광,자연경관(하천/해양)
포천,2024,5,2024-05,6,경기도,포천시,포천힐스CC,8962,포천 2024_05.csv,레저스포츠,육상레저스포츠
포천,2024,5,2024-05,7,경기도,포천시,라싸GC,7718,포천 2024_05.csv,레저스포츠,육상레저스포츠
포천,2024,5,2024-05,8,경기도,포천시,푸른솔GC포천,7460,포천 2024_05.csv,레저스포츠,육상레저스포츠
포천,2024,5,2024-05,9,경기도,포천시,필로스GC,7415,포천 2024_05.csv,레저스포츠,육상레저스포츠
포천,2024,5,2024-05,10,경기도,포천시,포레스트힐CC,7219,포천 2024_05.csv,레저스포츠,육상레저스포츠
포천,2024,5,2024-05,11,경기도,포천시,포천아도니스CC,6919,포천 2024_05.csv,레저스포츠,육상레저스포츠
포천,2024,5,2024-05,12,경기도,포천시,몽베르CC,5780,포천 2024_05.csv,레저스포츠,육상레저스포츠
포천,2024,5,2024-05,13,경기도,포천시,허브아일랜드,5485,포천 2024_05.csv,체험관광,농/산/어촌체험
포천,2024,5,2024-05,14,경기도,포천시,고모저수지,5477,포천 2024_05.csv,자연관광,자연경관(하천/해양)
포천,2024,5,2024-05,15,경기도,포천시,비둘기낭폭포,4484,포천 2024_05.csv,자연관광,자연경관(산)
포천,2024,5,2024-05,16,경기도,포천시,샴발라CC,4263,포천 2024_05.csv,레저스포츠,육상레저스포츠
포천,2024,5,2024-05,17,경기도,포천시,일동레이크GC,4035,포천 2024_05.csv,레저스포츠,육상레저스포츠
포천,2024,5,2024-05,18,경기도,포천시,참밸리컨트리클럽,3983,포천 2024_05.csv,레저스포츠,육상레저스포츠
포천,2024,5,2024-05,19,경기도,포천시,일동시외버스터미널,3534,포천 2024_05.csv,기타관광,교통시설
포천,2024,5,2024-05,20,경기도,포천시,신북온천스프링폴,2451,포천 2024_05.csv,체험관광,웰니스관광
포천,2024,5,2024-05,21,경기도,포천시,CGV포천,2280,포천 2024_05.csv,문화관광,공연시설
포천,2024,5,2024-05,22,경기도,포천시,백운계곡,2075,포천 2024_05.csv,자연관광,자연경관(산)
포천,2024,5,2024-05,23,경기도,포천시,포천한탄강하늘다리,2041,포천 2024_05.csv,기타관광,기타관광
포천,2024,5,2024-05,24,경기도,포천시,제일유황온천,1823,포천 2024_05.csv,체험관광,웰니스관광
포천,2024,5,2024-05,25,경기도,포천시,락가든GC,1488,포천 2024_05.csv,레저스포츠,육상레저스포츠
포천,2024,5,2024-05,26,경기도,포천시,한탄강주상절리길1코스,1402,포천 2024_05.csv,레저스포츠,기타레저스포츠
포천,2024,5,2024-05,27,경기도,포천시,송우시외버스터미널,1353,포천 2024_05.csv,기타관광,교통시설
포천,2024,5,2024-05,28,경기도,포천시,포천아도니스퍼블릭CC,1309,포천 2024_05.csv,레저스포츠,육상레저스포츠
포천,2024,5,2024-05,29,경기도,포천시,서운동산,1295,포천 2024_05.csv,문화관광,복합관광시설
포천,2024,5,2024-05,30,경기도,포천시,평강랜드,998,포천 2024_05.csv,문화관광,테마공원
포천,2024,5,2024-05,31,경기도,포천시,포천시외버스터미널,975,포천 2024_05.csv,기타관광,교통시설
포천,2024,5,2024-05,32,경기도,포천시,동교낚시터,963,포천 2024_05.csv,레저스포츠,수상레저스포츠
포천,2024,5,2024-05,33,경기도,포천시,포천반월아트홀,945,포천 2024_05.csv,문화관광,공연시설
포천,2024,5,2024-05,34,경기도,포천시,산사원,943,포천 2024_05.csv,문화관광,전시시설
포천,2024,5,2024-05,35,경기도,포천시,호국금강사,916,포천 2024_05.csv,역사관광,종교성지
포천,2024,5,2024-05,36,경기도,포천시,어메이징파크,904,포천 2024_05.csv,문화관광,전시시설
포천,2024,5,2024-05,37,경기도,포천시,밤밭낚시터,892,포천 2024_05.csv,레저스포츠,수상레저스포츠
포천,2024,5,2024-05,38,경기도,포천시,베어스타운스키장휴업중,871,포천 2024_05.csv,레저스포츠,육상레저스포츠
포천,2024,5,2024-05,39,경기도,포천시,운악산자연휴양림,841,포천 2024_05.csv,자연관광,자연공원
포천,2024,5,2024-05,40,경기도,포천시,축석고개,822,포천 2024_05.csv,자연관광,자연경관(산)
포천,2024,5,2024-05,41,경기도,포천시,한탄강지질공원센터,800,포천 2024_05.csv,문화관광,전시시설
포천,2024,5,2024-05,42,경기도,포천시,포천5일장,787,포천 2024_05.csv,쇼핑,시장
포천,2024,5,2024-05,43,경기도,포천시,가산낚시터,685,포천 2024_05.csv,레저스포츠,수상레저스포츠
포천,2024,5,2024-05,44,경기도,포천시,초원낚시터,658,포천 2024_05.csv,레저스포츠,수상레저스포츠
포천,2024,5,2024-05,45,경기도,포천시,도성사,656,포천 2024_05.csv,역사관광,종교성지
포천,2024,5,2024-05,46,경기도,포천시,쌍방죽낚시터,650,포천 2024_05.csv,레저스포츠,수상레저스포츠
포천,2024,5,2024-05,47,경기도,포천시,천보산자연휴양림,568,포천 2024_05.csv,자연관광,자연공원
포천,2024,5,2024-05,48,경기도,포천시,내촌낚시터,561,포천 2024_05.csv,레저스포츠,수상레저스포츠
포천,2024,5,2024-05,49,경기도,포천시,가산저수지,539,포천 2024_05.csv,자연관광,자연경관(하천/해양)
포천,2024,5,2024-05,50,경기도,포천시,주파크,537,포천 2024_05.csv,문화관광,테마공원
포천,2024,5,2024-05,51,경기도,포천시,깊이울유원지,534,포천 2024_05.csv,문화관광,복합관광시설
포천,2024,5,2024-05,52,경기도,포천시,마전낚시터,532,포천 2024_05.csv,레저스포츠,수상레저스포츠
포천,2024,5,2024-05,53,경기도,포천시,포천축구공원,530,포천 2024_05.csv,문화관광,도시공원
포천,2024,5,2024-05,54,경기도,포천시,수목원고모호수공원,519,포천 2024_05.csv,문화관광,도시공원
포천,2024,5,2024-05,55,경기도,포천시,냉정저수지,444,포천 2024_05.csv,자연관광,자연경관(하천/해양)
포천,2024,5,2024-05,56,경기도,포천시,왕산사,386,포천 2024_05.csv,역사관광,종교성지
포천,2024,5,2024-05,57,경기도,포천시,포천화적연,384,포천 2024_05.csv,자연관광,자연경관(하천/해양)
포천,2024,5,2024-05,58,경기도,포천시,소흘생활체육공원,371,포천 2024_05.csv,문화관광,도시공원
포천,2024,5,2024-05,59,경기도,포천시,포천수원산정상전망대,367,포천 2024_05.csv,문화관광,랜드마크관광
포천,2024,5,2024-05,60,경기도,포천시,청성역사공원,336,포천 2024_05.csv,문화관광,도시공원
포천,2024,5,2024-05,61,경기도,포천시,포천패션타운,333,포천 2024_05.csv,쇼핑,쇼핑몰
포천,2024,5,2024-05,62,경기도,포천시,아프리카예술박물관,328,포천 2024_05.csv,문화관광,전시시설
포천,2024,5,2024-05,63,경기도,포천시,황금낚시터,321,포천 2024_05.csv,레저스포츠,수상레저스포츠
포천,2024,5,2024-05,63,경기도,포천시,낭만닥터김사부촬영지,321,포천 2024_05.csv,문화관광,기타문화관광지
포천,2024,5,2024-05,65,경기도,포천시,직두리낚시터,316,포천 2024_05.csv,레저스포츠,수상레저스포츠
포천,2024,5,2024-05,66,경기도,포천시,새마을낚시터,315,포천 2024_05.csv,레저스포츠,수상레저스포츠
포천,2024,5,2024-05,67,경기도,포천시,백운계곡유원지,290,포천 2024_05.csv,문화관광,복합관광시설
포천,2024,5,2024-05,68,경기도,포천시,청계지,286,포천 2024_05.csv,자연관광,자연경관(하천/해양)
포천,2024,5,2024-05,69,경기도,포천시,포천하늘아래치유의숲,279,포천 2024_05.csv,기타관광,기타관광
포천,2024,5,2024-05,70,경기도,포천시,포천파크골프장,273,포천 2024_05.csv,레저스포츠,기타레저스포츠
포천,2024,5,2024-05,71,경기도,포천시,국망봉자연휴양림,267,포천 2024_05.csv,자연관광,자연공원
포천,2024,5,2024-05,72,경기도,포천시,광릉수목원자동차극장,259,포천 2024_05.csv,문화관광,공연시설
포천,2024,5,2024-05,73,경기도,포천시,나남수목원,250,포천 2024_05.csv,자연관광,자연공원
포천,2024,5,2024-05,74,경기도,포천시,운천낚시공원,249,포천 2024_05.csv,레저스포츠,수상레저스포츠
포천,2024,5,2024-05,75,경기도,포천시,포천신읍시장,233,포천 2024_05.csv,쇼핑,시장
포천,2024,5,2024-05,76,경기도,포천시,포천야구장,232,포천 2024_05.csv,문화관광,레저스포츠시설
포천,2024,5,2024-05,77,경기도,포천시,금주저수지,228,포천 2024_05.csv,자연관광,자연경관(하천/해양)
포천,2024,5,2024-05,78,경기도,포천시,용담대물낚시터,217,포천 2024_05.csv,레저스포츠,수상레저스포츠
포천,2024,5,2024-05,79,경기도,포천시,설운체육공원,216,포천 2024_05.csv,문화관광,도시공원
포천,2024,5,2024-05,80,경기도,포천시,포천가구공단,204,포천 2024_05.csv,쇼핑,기타쇼핑시설
포천,2024,5,2024-05,81,경기도,포천시,가농바이오농장,199,포천 2024_05.csv,체험관광,농/산/어촌체험
포천,2024,5,2024-05,82,경기도,포천시,아딸농원,185,포천 2024_05.csv,체험관광,농/산/어촌체험
포천,2024,5,2024-05,83,경기도,포천시,길명낚시공원,184,포천 2024_05.csv,레저스포츠,수상레저스포츠
포천,2024,5,2024-05,83,경기도,포천시,금주낚시터,184,포천 2024_05.csv,레저스포츠,수상레저스포츠
포천,2024,5,2024-05,85,경기도,포천시,포천자동차극장,179,포천 2024_05.csv,문화관광,공연시설
포천,2024,5,2024-05,86,경기도,포천시,자인사,160,포천 2024_05.csv,역사관광,종교성지
포천,2024,5,2024-05,87,경기도,포천시,흥룡사,152,포천 2024_05.csv,역사관광,종교성지
포천,2024,5,2024-05,87,경기도,포천시,포천스포츠센터,152,포천 2024_05.csv,레저스포츠,기타레저스포츠
포천,2024,5,2024-05,89,경기도,포천시,운천재래시장,141,포천 2024_05.csv,쇼핑,시장
포천,2024,5,2024-05,90,경기도,포천시,블루밍팜,135,포천 2024_05.csv,체험관광,농/산/어촌체험
포천,2024,5,2024-05,91,경기도,포천시,약천사,134,포천 2024_05.csv,역사관광,종교성지
포천,2024,5,2024-05,92,경기도,포천시,화엄사,128,포천 2024_05.csv,역사관광,종교성지
포천,2024,5,2024-05,93,경기도,포천시,한화리조트산정호수온천,127,포천 2024_05.csv,체험관광,웰니스관광
포천,2024,5,2024-05,94,경기도,포천시,산정호수조각공원,122,포천 2024_05.csv,문화관광,도시공원
포천,2024,5,2024-05,95,경기도,포천시,송우공설시장,120,포천 2024_05.csv,쇼핑,시장
포천,2024,5,2024-05,96,경기도,포천시,황금프라자,117,포천 2024_05.csv,쇼핑,쇼핑몰
포천,2024,5,2024-05,97,경기도,포천시,레이크밸리 승마클럽,116,포천 2024_05.csv,레저스포츠,기타레저스포츠
포천,2024,5,2024-05,98,경기도,포천시,가람누리문화공원전망대,111,포천 2024_05.csv,문화관광,랜드마크관광
포천,2024,5,2024-05,99,경기도,포천시,무네미낚시터,109,포천 2024_05.csv,레저스포츠,수상레저스포츠
포천,2024,5,2024-05,100,경기도,포천시,포천염광수련원,103,포천 2024_05.csv,레저스포츠,육상레저스포츠
포천,2024,5,2024-05,101,경기도,포천시,황새목낚시터,102,포천 2024_05.csv,레저스포츠,수상레저스포츠
포천,2024,5,2024-05,101,경기도,포천시,구담사,102,포천 2024_05.csv,역사관광,종교성지
포천,2024,5,2024-05,103,경기도,포천시,포천체육공원,97,포천 2024_05.csv,문화관광,도시공원
포천,2024,5,2024-05,104,경기도,포천시,포천종합운동장보조구장,96,포천 2024_05.csv,문화관광,레저스포츠시설
포천,2024,5,2024-05,105,경기도,포천시,일동시장,95,포천 2024_05.csv,쇼핑,시장
포천,2024,5,2024-05,106,경기도,포천시,옛뜰애관광농원,89,포천 2024_05.csv,체험관광,농/산/어촌체험
포천,2024,5,2024-05,107,경기도,포천시,Y스포츠센터,88,포천 2024_05.csv,레저스포츠,기타레저스포츠
포천,2024,5,2024-05,108,경기도,포천시,멍우리협곡,84,포천 2024_05.csv,자연관광,자연경관(산)
포천,2024,5,2024-05,109,경기도,포천시,클라우드시네마,82,포천 2024_05.csv,문화관광,공연시설
포천,2024,5,2024-05,110,경기도,포천시,한탄강주상절리길3코스,80,포천 2024_05.csv,레저스포츠,기타레저스포츠
포천,2024,5,2024-05,111,경기도,포천시,복후미저수지,76,포천 2024_05.csv,자연관광,자연경관(하천/해양)
포천,2024,5,2024-05,112,경기도,포천시,산정랜드,72,포천 2024_05.csv,문화관광,복합관광시설
포천,2024,5,2024-05,113,경기도,포천시,어하고개,69,포천 2024_05.csv,자연관광,자연경관(산)
포천,2024,5,2024-05,114,경기도,포천시,광암이벽유적지,66,포천 2024_05.csv,역사관광,역사유적지
포천,2024,5,2024-05,114,경기도,포천시,한탄강테마파크,66,포천 2024_05.csv,문화관광,테마공원
포천,2024,5,2024-05,114,경기도,포천시,보문정사,66,포천 2024_05.csv,역사관광,종교성지
포천,2024,5,2024-05,117,경기도,포천시,자비사,61,포천 2024_05.csv,역사관광,종교성지
포천,2024,5,2024-05,117,경기도,포천시,포천블루파크,61,포천 2024_05.csv,문화관광,테마공원
포천,2024,5,2024-05,117,경기도,포천시,천주사,61,포천 2024_05.csv,역사관광,종교성지
포천,2024,5,2024-05,120,경기도,포천시,백로주유원지,57,포천 2024_05.csv,문화관광,복합관광시설
포천,2024,5,2024-05,120,경기도,포천시,호스랜드승마클럽,57,포천 2024_05.csv,레저스포츠,육상레저스포츠
포천,2024,5,2024-05,122,경기도,포천시,한탄강생태경관단지,56,포천 2024_05.csv,기타관광,기타관광
포천,2024,5,2024-05,122,경기도,포천시,금룡사,56,포천 2024_05.csv,역사관광,종교성지
포천,2024,5,2024-05,122,경기도,포천시,청한베이스볼파크,56,포천 2024_05.csv,문화관광,레저스포츠시설
포천,2024,5,2024-05,125,경기도,포천시,도평리터미널,54,포천 2024_05.csv,기타관광,교통시설
포천,2024,5,2024-05,126,경기도,포천시,지장산계곡,51,포천 2024_05.csv,자연관광,자연경관(산)
포천,2024,5,2024-05,127,경기도,포천시,천주호,50,포천 2024_05.csv,자연관광,자연경관(하천/해양)
포천,2024,5,2024-05,128,경기도,포천시,한탄강팔호유원지,49,포천 2024_05.csv,문화관광,복합관광시설
포천,2024,5,2024-05,129,경기도,포천시,대안사,48,포천 2024_05.csv,역사관광,종교성지
포천,2024,5,2024-05,129,경기도,포천시,도마치계곡,48,포천 2024_05.csv,자연관광,자연경관(산)
포천,2024,5,2024-05,131,경기도,포천시,태봉공원,46,포천 2024_05.csv,문화관광,도시공원
포천,2024,5,2024-05,131,경기도,포천시,메향낚시터,46,포천 2024_05.csv,레저스포츠,수상레저스포츠
포천,2024,5,2024-05,133,경기도,포천시,갈월버섯농장,45,포천 2024_05.csv,체험관광,농/산/어촌체험
포천,2024,5,2024-05,133,경기도,포천시,깊이울저수지,45,포천 2024_05.csv,자연관광,자연경관(하천/해양)
포천,2024,5,2024-05,133,경기도,포천시,코버월드,45,포천 2024_05.csv,문화관광,전시시설
포천,2024,5,2024-05,136,경기도,포천시,동화사,44,포천 2024_05.csv,역사관광,종교성지
포천,2024,5,2024-05,136,경기도,포천시,태산낚시터,44,포천 2024_05.csv,레저스포츠,수상레저스포츠
포천,2024,5,2024-05,136,경기도,포천시,허브아일랜드불빛동화축제,44,포천 2024_05.csv,문화관광,기타문화관광지
포천,2024,5,2024-05,136,경기도,포천시,교동가마소,44,포천 2024_05.csv,기타관광,기타관광
포천,2024,5,2024-05,140,경기도,포천시,국립산림박물관,43,포천 2024_05.csv,문화관광,전시시설
포천,2024,5,2024-05,141,경기도,포천시,서운동산어린이동물농장,42,포천 2024_05.csv,기타관광,기타관광
포천,2024,5,2024-05,142,경기도,포천시,한탄강주상절리길2코스,37,포천 2024_05.csv,레저스포츠,기타레저스포츠
포천,2024,5,2024-05,143,경기도,포천시,지청낚시터,36,포천 2024_05.csv,레저스포츠,수상레저스포츠
포천,2024,5,2024-05,144,경기도,포천시,이항복선생묘,35,포천 2024_05.csv,역사관광,역사유적지
포천,2024,5,2024-05,144,경기도,포천시,백운산,35,포천 2024_05.csv,자연관광,자연경관(산)
포천,2024,5,2024-05,144,경기도,포천시,키즈필포천송우점,35,포천 2024_05.csv,문화관광,테마공원
포천,2024,5,2024-05,147,경기도,포천시,전운사,33,포천 2024_05.csv,역사관광,종교성지
포천,2024,5,2024-05,147,경기도,포천시,운악레저타운,33,포천 2024_05.csv,레저스포츠,기타레저스포츠
포천,2024,5,2024-05,147,경기도,포천시,한탄임진강지질공원,33,포천 2024_05.csv,문화관광,도시공원
포천,2024,5,2024-05,150,경기도,포천시,한과문화박물관,32,포천 2024_05.csv,문화관광,전시시설
포천,2024,5,2024-05,150,경기도,포천시,성불암,32,포천 2024_05.csv,역사관광,종교성지
포천,2024,5,2024-05,150,경기도,포천시,소흘생활체육공원제1축구장,32,포천 2024_05.csv,문화관광,레저스포츠시설
포천,2024,5,2024-05,153,경기도,포천시,포천아트밸리천문과학관,30,포천 2024_05.csv,문화관광,전시시설
포천,2024,5,2024-05,154,경기도,포천시,관음사,29,포천 2024_05.csv,역사관광,종교성지
포천,2024,5,2024-05,154,경기도,포천시,마홀축구장,29,포천 2024_05.csv,문화관광,레저스포츠시설
포천,2024,5,2024-05,156,경기도,포천시,임진농원,28,포천 2024_05.csv,체험관광,농/산/어촌체험
포천,2024,5,2024-05,156,경기도,포천시,소흘생활체육공원제2축구장,28,포천 2024_05.csv,문화관광,레저스포츠시설
포천,2024,5,2024-05,156,경기도,포천시,향적사,28,포천 2024_05.csv,역사관광,종교성지
포천,2024,5,2024-05,159,경기도,포천시,수목원프로방스,27,포천 2024_05.csv,자연관광,자연공원
포천,2024,5,2024-05,160,경기도,포천시,밤밭실내장어낚시터,26,포천 2024_05.csv,레저스포츠,수상레저스포츠
포천,2024,5,2024-05,160,경기도,포천시,옥병서원,26,포천 2024_05.csv,역사관광,역사유적지
포천,2024,5,2024-05,162,경기도,포천시,송일농장,25,포천 2024_05.csv,체험관광,농/산/어촌체험
포천,2024,5,2024-05,163,경기도,포천시,무림사,24,포천 2024_05.csv,역사관광,종교성지
포천,2024,5,2024-05,164,경기도,포천시,포천목공체험장,23,포천 2024_05.csv,문화관광,기타문화관광지
포천,2024,5,2024-05,164,경기도,포천시,보림사,23,포천 2024_05.csv,역사관광,종교성지
포천,2024,5,2024-05,166,경기도,포천시,우금낚시공원,22,포천 2024_05.csv,레저스포츠,수상레저스포츠
포천,2024,5,2024-05,166,경기도,포천시,솔모루공원,22,포천 2024_05.csv,문화관광,도시공원
포천,2024,5,2024-05,166,경기도,포천시,냉정낚시터,22,포천 2024_05.csv,레저스포츠,수상레저스포츠
포천,2024,5,2024-05,166,경기도,포천시,고모리수상레저,22,포천 2024_05.csv,레저스포츠,기타레저스포츠
포천,2024,5,2024-05,166,경기도,포천시,가온농장,22,포천 2024_05.csv,체험관광,농/산/어촌체험
포천,2024,5,2024-05,171,경기도,포천시,법왕사,21,포천 2024_05.csv,역사관광,종교성지
포천,2024,5,2024-05,171,경기도,포천시,태국군참전비,21,포천 2024_05.csv,역사관광,역사유물
포천,2024,5,2024-05,171,경기도,포천시,화현저수지,21,포천 2024_05.csv,자연관광,자연경관(하천/해양)
포천,2024,5,2024-05,171,경기도,포천시,포천용담저수지,21,포천 2024_05.csv,자연관광,자연경관(하천/해양)
포천,2024,5,2024-05,171,경기도,포천시,철갑상어농장,21,포천 2024_05.csv,체험관광,농/산/어촌체험
포천,2024,5,2024-05,176,경기도,포천시,도마치고개,20,포천 2024_05.csv,자연관광,자연경관(산)
포천,2024,5,2024-05,176,경기도,포천시,미륵사,20,포천 2024_05.csv,역사관광,종교성지
포천,2024,5,2024-05,176,경기도,포천시,유식물원,20,포천 2024_05.csv,문화관광,테마공원
포천,2024,5,2024-05,179,경기도,포천시,충목단,19,포천 2024_05.csv,역사관광,역사유적지
포천,2024,5,2024-05,179,경기도,포천시,성불사,19,포천 2024_05.csv,역사관광,종교성지
포천,2024,5,2024-05,181,경기도,포천시,무상사,18,포천 2024_05.csv,역사관광,종교성지
포천,2024,5,2024-05,181,경기도,포천시,수목원낚시터,18,포천 2024_05.csv,레저스포츠,수상레저스포츠
포천,2024,5,2024-05,181,경기도,포천시,화산서원,18,포천 2024_05.csv,역사관광,역사유적지
포천,2024,5,2024-05,181,경기도,포천시,베어스타운CC휴업중,18,포천 2024_05.csv,레저스포츠,육상레저스포츠
포천,2024,5,2024-05,181,경기도,포천시,극락사,18,포천 2024_05.csv,역사관광,종교성지
포천,2024,5,2024-05,181,경기도,포천시,왕방산,18,포천 2024_05.csv,자연관광,자연경관(산)
포천,2024,5,2024-05,187,경기도,포천시,포천허브아일랜드 자동차극장,17,포천 2024_05.csv,문화관광,공연시설
포천,2024,5,2024-05,187,경기도,포천시,모돈갤러리,17,포천 2024_05.csv,문화관광,전시시설
포천,2024,5,2024-05,187,경기도,포천시,풍혈유원지,17,포천 2024_05.csv,문화관광,복합관광시설
포천,2024,5,2024-05,187,경기도,포천시,향림사,17,포천 2024_05.csv,역사관광,종교성지
포천,2024,5,2024-05,191,경기도,포천시,명성산,16,포천 2024_05.csv,자연관광,자연경관(산)
포천,2024,5,2024-05,191,경기도,포천시,포천반월성,16,포천 2024_05.csv,역사관광,역사유적지
포천,2024,5,2024-05,191,경기도,포천시,초가낚시터,16,포천 2024_05.csv,레저스포츠,수상레저스포츠
포천,2024,5,2024-05,191,경기도,포천시,중리저수지,16,포천 2024_05.csv,자연관광,자연경관(하천/해양)
포천,2024,5,2024-05,191,경기도,포천시,포천운산리자연생태공원,16,포천 2024_05.csv,문화관광,도시공원
포천,2024,5,2024-05,191,경기도,포천시,한탄강대교천현무암협곡,16,포천 2024_05.csv,기타관광,기타관광
포천,2024,5,2024-05,197,경기도,포천시,신읍동도시재생어울림센터2,15,포천 2024_05.csv,문화관광,기타문화관광지
포천,2024,5,2024-05,197,경기도,포천시,선단문화공원,15,포천 2024_05.csv,문화관광,도시공원
포천,2024,5,2024-05,197,경기도,포천시,정혜사,15,포천 2024_05.csv,역사관광,종교성지
포천,2024,5,2024-05,197,경기도,포천시,포천향교,15,포천 2024_05.csv,역사관광,역사유적지
포천,2024,5,2024-05,197,경기도,포천시,도연암,15,포천 2024_05.csv,역사관광,종교성지
포천,2024,5,2024-05,202,경기도,포천시,대수암,14,포천 2024_05.csv,역사관광,종교성지
포천,2024,5,2024-05,202,경기도,포천시,밤밭지,14,포천 2024_05.csv,자연관광,자연경관(하천/해양)
포천,2024,5,2024-05,204,경기도,포천시,수원사,13,포천 2024_05.csv,역사관광,종교성지
포천,2024,5,2024-05,204,경기도,포천시,영평천,13,포천 2024_05.csv,자연관광,자연공원
포천,2024,5,2024-05,204,경기도,포천시,미트빌연합사업단,13,포천 2024_05.csv,쇼핑,시장
포천,2024,5,2024-05,207,경기도,포천시,법천사,12,포천 2024_05.csv,역사관광,종교성지
포천,2024,5,2024-05,207,경기도,포천시,승법사,12,포천 2024_05.csv,역사관광,종교성지
포천,2024,5,2024-05,207,경기도,포천시,송광사,12,포천 2024_05.csv,역사관광,종교성지
포천,2024,5,2024-05,210,경기도,포천시,한탄강주상절리길5코스,11,포천 2024_05.csv,레저스포츠,기타레저스포츠
포천,2024,5,2024-05,210,경기도,포천시,루지월드베어스타운점,11,포천 2024_05.csv,레저스포츠,기타레저스포츠
포천,2024,5,2024-05,210,경기도,포천시,초계목장,11,포천 2024_05.csv,체험관광,농/산/어촌체험
포천,2024,5,2024-05,210,경기도,포천시,내리공설시장,11,포천 2024_05.csv,쇼핑,시장
포천,2024,5,2024-05,210,경기도,포천시,선광사,11,포천 2024_05.csv,역사관광,종교성지
포천,2024,5,2024-05,210,경기도,포천시,지질트레일1코스,11,포천 2024_05.csv,레저스포츠,기타레저스포츠
포천,2024,5,2024-05,216,경기도,포천시,기원정사,10,포천 2024_05.csv,역사관광,종교성지
포천,2024,5,2024-05,216,경기도,포천시,아라리농장,10,포천 2024_05.csv,체험관광,농/산/어촌체험
포천,2024,5,2024-05,216,경기도,포천시,용연서원,10,포천 2024_05.csv,역사관광,역사유적지
포천,2024,5,2024-05,216,경기도,포천시,명성산산안고개방면,10,포천 2024_05.csv,자연관광,자연경관(산)
포천,2024,5,2024-05,216,경기도,포천시,금수정,10,포천 2024_05.csv,역사관광,역사유적지
포천,2024,5,2024-05,216,경기도,포천시,백운계곡국민관광지,10,포천 2024_05.csv,문화관광,복합관광시설
포천,2024,5,2024-05,222,경기도,포천시,낙천지폭포,9,포천 2024_05.csv,자연관광,자연경관(산)
포천,2024,5,2024-05,222,경기도,포천시,마전저수지,9,포천 2024_05.csv,자연관광,자연경관(하천/해양)
포천,2024,5,2024-05,222,경기도,포천시,쌍불사,9,포천 2024_05.csv,역사관광,종교성지
포천,2024,5,2024-05,222,경기도,포천시,본선사,9,포천 2024_05.csv,역사관광,종교성지
포천,2024,5,2024-05,222,경기도,포천시,왕방산왕방사방면,9,포천 2024_05.csv,자연관광,자연경관(산)
포천,2024,5,2024-05,222,경기도,포천시,산정호수관광단지,9,포천 2024_05.csv,문화관광,복합관광시설
포천,2024,5,2024-05,222,경기도,포천시,한탄강야생화공원,9,포천 2024_05.csv,문화관광,도시공원
포천,2024,5,2024-05,222,경기도,포천시,국봉사,9,포천 2024_05.csv,역사관광,종교성지
포천,2024,5,2024-05,230,경기도,포천시,포천탁구클럽,8,포천 2024_05.csv,레저스포츠,기타레저스포츠
포천,2024,5,2024-05,230,경기도,포천시,아쿠아스마트팜,8,포천 2024_05.csv,체험관광,농/산/어촌체험
포천,2024,5,2024-05,230,경기도,포천시,양문공설시장,8,포천 2024_05.csv,쇼핑,시장
포천,2024,5,2024-05,230,경기도,포천시,각흘산,8,포천 2024_05.csv,자연관광,자연경관(산)
포천,2024,5,2024-05,230,경기도,포천시,미륵박물관,8,포천 2024_05.csv,문화관광,전시시설
포천,2024,5,2024-05,230,경기도,포천시,고모지,8,포천 2024_05.csv,자연관광,자연경관(하천/해양)
포천,2024,5,2024-05,230,경기도,포천시,동교하우스낚시터,8,포천 2024_05.csv,레저스포츠,수상레저스포츠
포천,2024,5,2024-05,230,경기도,포천시,천은사,8,포천 2024_05.csv,역사관광,종교성지
포천,2024,5,2024-05,230,경기도,포천시,금불사,8,포천 2024_05.csv,역사관광,종교성지
포천,2024,5,2024-05,239,경기도,포천시,삼산소류지,7,포천 2024_05.csv,자연관광,자연경관(하천/해양)
포천,2024,5,2024-05,239,경기도,포천시,베스트원스포츠,7,포천 2024_05.csv,레저스포츠,기타레저스포츠
포천,2024,5,2024-05,239,경기도,포천시,한탄강주상절리길4코스,7,포천 2024_05.csv,레저스포츠,기타레저스포츠
포천,2024,5,2024-05,239,경기도,포천시,에덴농장,7,포천 2024_05.csv,체험관광,농/산/어촌체험
포천,2024,5,2024-05,239,경기도,포천시,포천관광정보센터 청년여행LAB,7,포천 2024_05.csv,문화관광,기타문화관광지
포천,2024,5,2024-05,239,경기도,포천시,실상선원,7,포천 2024_05.csv,역사관광,종교성지
포천,2024,5,2024-05,239,경기도,포천시,화현이벽성지,7,포천 2024_05.csv,역사관광,역사유적지
포천,2024,5,2024-05,239,경기도,포천시,청계산,7,포천 2024_05.csv,자연관광,자연경관(산)
포천,2024,5,2024-05,239,경기도,포천시,직동낚시터,7,포천 2024_05.csv,레저스포츠,수상레저스포츠
포천,2024,5,2024-05,239,경기도,포천시,다래레저,7,포천 2024_05.csv,레저스포츠,수상레저스포츠
포천,2024,5,2024-05,239,경기도,포천시,대한불교조계종정변지사,7,포천 2024_05.csv,역사관광,종교성지
포천,2024,5,2024-05,239,경기도,포천시,협신농장,7,포천 2024_05.csv,체험관광,농/산/어촌체험
포천,2024,5,2024-05,251,경기도,포천시,이벽생가터,6,포천 2024_05.csv,기타관광,기타관광
포천,2024,5,2024-05,251,경기도,포천시,천주산농원,6,포천 2024_05.csv,체험관광,농/산/어촌체험
포천,2024,5,2024-05,251,경기도,포천시,화요공방,6,포천 2024_05.csv,체험관광,공예체험
포천,2024,5,2024-05,251,경기도,포천시,광릉분재예술공원,6,포천 2024_05.csv,문화관광,도시공원
포천,2024,5,2024-05,251,경기도,포천시,포천직두리의부부송,6,포천 2024_05.csv,역사관광,역사유적지
포천,2024,5,2024-05,251,경기도,포천시,금현소류지,6,포천 2024_05.csv,자연관광,자연경관(하천/해양)
포천,2024,5,2024-05,251,경기도,포천시,화봉사,6,포천 2024_05.csv,역사관광,종교성지
포천,2024,5,2024-05,251,경기도,포천시,대군정,6,포천 2024_05.csv,레저스포츠,육상레저스포츠
포천,2024,5,2024-05,251,경기도,포천시,만덕사,6,포천 2024_05.csv,역사관광,종교성지
포천,2024,5,2024-05,251,경기도,포천시,능원관광낚시터,6,포천 2024_05.csv,레저스포츠,수상레저스포츠
포천,2024,5,2024-05,251,경기도,포천시,인공폭포,6,포천 2024_05.csv,자연관광,자연경관(산)
포천,2024,5,2024-05,251,경기도,포천시,명산저수지,6,포천 2024_05.csv,자연관광,자연경관(하천/해양)
포천,2024,5,2024-05,251,경기도,포천시,향원재,6,포천 2024_05.csv,역사관광,역사유적지
포천,2024,5,2024-05,251,경기도,포천시,점핑하이송우점,6,포천 2024_05.csv,레저스포츠,기타레저스포츠
포천,2024,5,2024-05,265,경기도,포천시,도마치계곡유원지,5,포천 2024_05.csv,문화관광,복합관광시설
포천,2024,5,2024-05,265,경기도,포천시,관인문화마을,5,포천 2024_05.csv,기타관광,기타관광
포천,2024,5,2024-05,265,경기도,포천시,천궁사,5,포천 2024_05.csv,역사관광,종교성지
포천,2024,5,2024-05,265,경기도,포천시,명성산억새밭,5,포천 2024_05.csv,기타관광,기타관광
포천,2024,5,2024-05,265,경기도,포천시,보현사,5,포천 2024_05.csv,역사관광,종교성지
포천,2024,5,2024-05,265,경기도,포천시,통일대,5,포천 2024_05.csv,기타관광,기타관광
포천,2024,5,2024-05,265,경기도,포천시,장암저수지,5,포천 2024_05.csv,자연관광,자연경관(하천/해양)
포천,2024,5,2024-05,272,경기도,포천시,부소천교,4,포천 2024_05.csv,기타관광,기타관광
포천,2024,5,2024-05,272,경기도,포천시,프로방스빌리지수영장,4,포천 2024_05.csv,문화관광,테마공원
포천,2024,5,2024-05,272,경기도,포천시,반월산농원,4,포천 2024_05.csv,체험관광,농/산/어촌체험
포천,2024,5,2024-05,272,경기도,포천시,관룡사,4,포천 2024_05.csv,역사관광,종교성지
포천,2024,5,2024-05,272,경기도,포천시,잇빛천연염색체험학습장,4,포천 2024_05.csv,체험관광,공예체험
포천,2024,5,2024-05,272,경기도,포천시,2024포천시어린이날축제,4,포천 2024_05.csv,문화관광,기타문화관광지
포천,2024,5,2024-05,272,경기도,포천시,한탄강디지털체험관,4,포천 2024_05.csv,문화관광,전시시설
포천,2024,5,2024-05,272,경기도,포천시,인평대군묘및신도비,4,포천 2024_05.csv,역사관광,역사유적지
포천,2024,5,2024-05,272,경기도,포천시,관인공설시장,4,포천 2024_05.csv,쇼핑,시장
포천,2024,5,2024-05,272,경기도,포천시,반디농장,4,포천 2024_05.csv,체험관광,농/산/어촌체험
포천,2024,5,2024-05,272,경기도,포천시,늘푸른농장,4,포천 2024_05.csv,체험관광,농/산/어촌체험
포천,2024,5,2024-05,272,경기도,포천시,영풍농원,4,포천 2024_05.csv,체험관광,농/산/어촌체험
포천,2024,5,2024-05,272,경기도,포천시,서광사,4,포천 2024_05.csv,역사관광,종교성지
포천,2024,5,2024-05,272,경기도,포천시,포천레이스웨이,4,포천 2024_05.csv,레저스포츠,육상레저스포츠
포천,2024,5,2024-05,272,경기도,포천시,육사생도6.25참전기념비,4,포천 2024_05.csv,역사관광,역사유물
포천,2024,5,2024-05,287,경기도,포천시,실상사,3,포천 2024_05.csv,역사관광,종교성지
포천,2024,5,2024-05,287,경기도,포천시,구라이골,3,포천 2024_05.csv,기타관광,기타관광
포천,2024,5,2024-05,287,경기도,포천시,포천작은말학교,3,포천 2024_05.csv,레저스포츠,육상레저스포츠
포천,2024,5,2024-05,287,경기도,포천시,원통사,3,포천 2024_05.csv,역사관광,종교성지
포천,2024,5,2024-05,287,경기도,포천시,수목원포도농원,3,포천 2024_05.csv,체험관광,농/산/어촌체험
포천,2024,5,2024-05,287,경기도,포천시,레더준,3,포천 2024_05.csv,체험관광,공예체험
포천,2024,5,2024-05,287,경기도,포천시,포천하늘딸기농장,3,포천 2024_05.csv,체험관광,농/산/어촌체험
포천,2024,5,2024-05,287,경기도,포천시,구암정사,3,포천 2024_05.csv,역사관광,종교성지
포천,2024,5,2024-05,287,경기도,포천시,올레농장,3,포천 2024_05.csv,체험관광,농/산/어촌체험
포천,2024,5,2024-05,287,경기도,포천시,풍림농장,3,포천 2024_05.csv,체험관광,농/산/어촌체험
포천,2024,5,2024-05,287,경기도,포천시,전계대원군묘,3,포천 2024_05.csv,역사관광,역사유적지
포천,2024,5,2024-05,287,경기도,포천시,지장사,3,포천 2024_05.csv,역사관광,종교성지
포천,2024,5,2024-05,287,경기도,포천시,봉운사,3,포천 2024_05.csv,역사관광,종교성지
포천,2024,5,2024-05,287,경기도,포천시,수원산,3,포천 2024_05.csv,자연관광,자연경관(산)
포천,2024,5,2024-05,287,경기도,포천시,신안농장,3,포천 2024_05.csv,체험관광,농/산/어촌체험
포천,2024,5,2024-05,287,경기도,포천시,비즈아쿠아,3,포천 2024_05.csv,문화관광,테마공원
포천,2024,5,2024-05,287,경기도,포천시,운천제3공원,3,포천 2024_05.csv,문화관광,도시공원
포천,2024,5,2024-05,287,경기도,포천시,이동생태공원,3,포천 2024_05.csv,문화관광,도시공원
포천,2024,5,2024-05,287,경기도,포천시,허브아일랜드산타마을,3,포천 2024_05.csv,문화관광,테마공원
포천,2024,5,2024-05,287,경기도,포천시,한빛농장,3,포천 2024_05.csv,체험관광,농/산/어촌체험
포천,2024,5,2024-05,287,경기도,포천시,약사동계곡,3,포천 2024_05.csv,자연관광,자연경관(산)
포천,2024,5,2024-05,287,경기도,포천시,소야사과농장,3,포천 2024_05.csv,체험관광,농/산/어촌체험
포천,2024,5,2024-05,287,경기도,포천시,초록농원,3,포천 2024_05.csv,체험관광,농/산/어촌체험
포천,2024,5,2024-05,287,경기도,포천시,황제다육식물농장,3,포천 2024_05.csv,체험관광,농/산/어촌체험
포천,2024,5,2024-05,287,경기도,포천시,독수리유격대전적비,3,포천 2024_05.csv,역사관광,역사유물
포천,2024,5,2024-05,287,경기도,포천시,중리테마파크낚시터,3,포천 2024_05.csv,레저스포츠,수상레저스포츠
포천,2024,5,2024-05,287,경기도,포천시,관음사,3,포천 2024_05.csv,역사관광,종교성지
포천,2024,5,2024-05,287,경기도,포천시,용주암,3,포천 2024_05.csv,역사관광,종교성지
포천,2024,5,2024-05,287,경기도,포천시,애플빌리지,3,포천 2024_05.csv,체험관광,농/산/어촌체험
포천,2024,5,2024-05,287,경기도,포천시,청농원,3,포천 2024_05.csv,체험관광,농/산/어촌체험
포천,2024,6,2024-06,1,경기도,포천시,국립수목원,10379,포천 2024_06.csv,문화관광,테마공원
포천,2024,6,2024-06,2,경기도,포천시,베어크리크GC,9370,포천 2024_06.csv,레저스포츠,육상레저스포츠
포천,2024,6,2024-06,3,경기도,포천시,포천힐마루CC,9355,포천 2024_06.csv,레저스포츠,육상레저스포츠
포천,2024,6,2024-06,4,경기도,포천시,포천힐스CC,8234,포천 2024_06.csv,레저스포츠,육상레저스포츠
포천,2024,6,2024-06,5,경기도,포천시,산정호수,8202,포천 2024_06.csv,자연관광,자연경관(하천/해양)
포천,2024,6,2024-06,6,경기도,포천시,라싸GC,7637,포천 2024_06.csv,레저스포츠,육상레저스포츠
포천,2024,6,2024-06,7,경기도,포천시,포천아트밸리,7533,포천 2024_06.csv,문화관광,공연시설
포천,2024,6,2024-06,8,경기도,포천시,필로스GC,7067,포천 2024_06.csv,레저스포츠,육상레저스포츠
포천,2024,6,2024-06,9,경기도,포천시,포레스트힐CC,6866,포천 2024_06.csv,레저스포츠,육상레저스포츠
포천,2024,6,2024-06,10,경기도,포천시,푸른솔GC포천,6735,포천 2024_06.csv,레저스포츠,육상레저스포츠
포천,2024,6,2024-06,11,경기도,포천시,포천아도니스CC,6387,포천 2024_06.csv,레저스포츠,육상레저스포츠
포천,2024,6,2024-06,12,경기도,포천시,고모저수지,5044,포천 2024_06.csv,자연관광,자연경관(하천/해양)
포천,2024,6,2024-06,13,경기도,포천시,몽베르CC,4956,포천 2024_06.csv,레저스포츠,육상레저스포츠
포천,2024,6,2024-06,14,경기도,포천시,허브아일랜드,4471,포천 2024_06.csv,체험관광,농/산/어촌체험
포천,2024,6,2024-06,15,경기도,포천시,백운계곡,4393,포천 2024_06.csv,자연관광,자연경관(산)
포천,2024,6,2024-06,16,경기도,포천시,비둘기낭폭포,4390,포천 2024_06.csv,자연관광,자연경관(산)
포천,2024,6,2024-06,17,경기도,포천시,참밸리컨트리클럽,3890,포천 2024_06.csv,레저스포츠,육상레저스포츠
포천,2024,6,2024-06,18,경기도,포천시,샴발라CC,3880,포천 2024_06.csv,레저스포츠,육상레저스포츠
포천,2024,6,2024-06,19,경기도,포천시,일동레이크GC,3847,포천 2024_06.csv,레저스포츠,육상레저스포츠
포천,2024,6,2024-06,20,경기도,포천시,일동시외버스터미널,3402,포천 2024_06.csv,기타관광,교통시설
포천,2024,6,2024-06,21,경기도,포천시,신북온천스프링폴,2436,포천 2024_06.csv,체험관광,웰니스관광
포천,2024,6,2024-06,22,경기도,포천시,CGV포천,2072,포천 2024_06.csv,문화관광,공연시설
포천,2024,6,2024-06,23,경기도,포천시,포천한탄강하늘다리,1986,포천 2024_06.csv,기타관광,기타관광
포천,2024,6,2024-06,24,경기도,포천시,제일유황온천,1541,포천 2024_06.csv,체험관광,웰니스관광
포천,2024,6,2024-06,25,경기도,포천시,락가든GC,1432,포천 2024_06.csv,레저스포츠,육상레저스포츠
포천,2024,6,2024-06,26,경기도,포천시,송우시외버스터미널,1304,포천 2024_06.csv,기타관광,교통시설
포천,2024,6,2024-06,27,경기도,포천시,포천아도니스퍼블릭CC,1159,포천 2024_06.csv,레저스포츠,육상레저스포츠
포천,2024,6,2024-06,28,경기도,포천시,어메이징파크,1069,포천 2024_06.csv,문화관광,전시시설
포천,2024,6,2024-06,29,경기도,포천시,한탄강주상절리길1코스,1011,포천 2024_06.csv,레저스포츠,기타레저스포츠
포천,2024,6,2024-06,30,경기도,포천시,평강랜드,949,포천 2024_06.csv,문화관광,테마공원
포천,2024,6,2024-06,31,경기도,포천시,포천반월아트홀,916,포천 2024_06.csv,문화관광,공연시설
포천,2024,6,2024-06,32,경기도,포천시,운악산자연휴양림,913,포천 2024_06.csv,자연관광,자연공원
포천,2024,6,2024-06,33,경기도,포천시,베어스타운스키장휴업중,901,포천 2024_06.csv,레저스포츠,육상레저스포츠
포천,2024,6,2024-06,34,경기도,포천시,포천시외버스터미널,897,포천 2024_06.csv,기타관광,교통시설
포천,2024,6,2024-06,35,경기도,포천시,축석고개,884,포천 2024_06.csv,자연관광,자연경관(산)
포천,2024,6,2024-06,36,경기도,포천시,밤밭낚시터,880,포천 2024_06.csv,레저스포츠,수상레저스포츠
포천,2024,6,2024-06,37,경기도,포천시,동교낚시터,855,포천 2024_06.csv,레저스포츠,수상레저스포츠
포천,2024,6,2024-06,38,경기도,포천시,산사원,802,포천 2024_06.csv,문화관광,전시시설
포천,2024,6,2024-06,39,경기도,포천시,한탄강지질공원센터,798,포천 2024_06.csv,문화관광,전시시설
포천,2024,6,2024-06,40,경기도,포천시,호국금강사,746,포천 2024_06.csv,역사관광,종교성지
포천,2024,6,2024-06,41,경기도,포천시,서운동산,722,포천 2024_06.csv,문화관광,복합관광시설
포천,2024,6,2024-06,42,경기도,포천시,가산낚시터,678,포천 2024_06.csv,레저스포츠,수상레저스포츠
포천,2024,6,2024-06,43,경기도,포천시,마전낚시터,652,포천 2024_06.csv,레저스포츠,수상레저스포츠
포천,2024,6,2024-06,44,경기도,포천시,포천블루파크,645,포천 2024_06.csv,문화관광,테마공원
포천,2024,6,2024-06,45,경기도,포천시,초원낚시터,640,포천 2024_06.csv,레저스포츠,수상레저스포츠
포천,2024,6,2024-06,46,경기도,포천시,주파크,600,포천 2024_06.csv,문화관광,테마공원
포천,2024,6,2024-06,47,경기도,포천시,백운계곡유원지,579,포천 2024_06.csv,문화관광,복합관광시설
포천,2024,6,2024-06,48,경기도,포천시,내촌낚시터,569,포천 2024_06.csv,레저스포츠,수상레저스포츠
포천,2024,6,2024-06,49,경기도,포천시,천보산자연휴양림,547,포천 2024_06.csv,자연관광,자연공원
포천,2024,6,2024-06,50,경기도,포천시,쌍방죽낚시터,540,포천 2024_06.csv,레저스포츠,수상레저스포츠
포천,2024,6,2024-06,51,경기도,포천시,페리아도워터파크,532,포천 2024_06.csv,문화관광,테마공원
포천,2024,6,2024-06,52,경기도,포천시,포천5일장,491,포천 2024_06.csv,쇼핑,시장
포천,2024,6,2024-06,53,경기도,포천시,깊이울유원지,490,포천 2024_06.csv,문화관광,복합관광시설
포천,2024,6,2024-06,54,경기도,포천시,수목원고모호수공원,461,포천 2024_06.csv,문화관광,도시공원
포천,2024,6,2024-06,55,경기도,포천시,가산저수지,452,포천 2024_06.csv,자연관광,자연경관(하천/해양)
포천,2024,6,2024-06,56,경기도,포천시,포천화적연,424,포천 2024_06.csv,자연관광,자연경관(하천/해양)
포천,2024,6,2024-06,57,경기도,포천시,포천수원산정상전망대,390,포천 2024_06.csv,문화관광,랜드마크관광
포천,2024,6,2024-06,58,경기도,포천시,도성사,377,포천 2024_06.csv,역사관광,종교성지
포천,2024,6,2024-06,59,경기도,포천시,포천하늘아래치유의숲,368,포천 2024_06.csv,기타관광,기타관광
포천,2024,6,2024-06,60,경기도,포천시,낭만닥터김사부촬영지,359,포천 2024_06.csv,문화관광,기타문화관광지
포천,2024,6,2024-06,61,경기도,포천시,냉정저수지,354,포천 2024_06.csv,자연관광,자연경관(하천/해양)
포천,2024,6,2024-06,62,경기도,포천시,소흘생활체육공원,350,포천 2024_06.csv,문화관광,도시공원
포천,2024,6,2024-06,63,경기도,포천시,직두리낚시터,336,포천 2024_06.csv,레저스포츠,수상레저스포츠
포천,2024,6,2024-06,64,경기도,포천시,포천패션타운,325,포천 2024_06.csv,쇼핑,쇼핑몰
포천,2024,6,2024-06,65,경기도,포천시,청성역사공원,313,포천 2024_06.csv,문화관광,도시공원
포천,2024,6,2024-06,66,경기도,포천시,아프리카예술박물관,308,포천 2024_06.csv,문화관광,전시시설
포천,2024,6,2024-06,67,경기도,포천시,황금낚시터,297,포천 2024_06.csv,레저스포츠,수상레저스포츠
포천,2024,6,2024-06,68,경기도,포천시,포천축구공원,283,포천 2024_06.csv,문화관광,도시공원
포천,2024,6,2024-06,69,경기도,포천시,용담대물낚시터,277,포천 2024_06.csv,레저스포츠,수상레저스포츠
포천,2024,6,2024-06,70,경기도,포천시,포천스포츠센터,267,포천 2024_06.csv,레저스포츠,기타레저스포츠
포천,2024,6,2024-06,71,경기도,포천시,길명낚시공원,266,포천 2024_06.csv,레저스포츠,수상레저스포츠
포천,2024,6,2024-06,72,경기도,포천시,광릉수목원자동차극장,259,포천 2024_06.csv,문화관광,공연시설
포천,2024,6,2024-06,73,경기도,포천시,새마을낚시터,256,포천 2024_06.csv,레저스포츠,수상레저스포츠
포천,2024,6,2024-06,74,경기도,포천시,청계지,248,포천 2024_06.csv,자연관광,자연경관(하천/해양)
포천,2024,6,2024-06,75,경기도,포천시,도마치계곡,228,포천 2024_06.csv,자연관광,자연경관(산)
포천,2024,6,2024-06,76,경기도,포천시,포천야구장,220,포천 2024_06.csv,문화관광,레저스포츠시설
포천,2024,6,2024-06,77,경기도,포천시,포천신읍시장,203,포천 2024_06.csv,쇼핑,시장
포천,2024,6,2024-06,78,경기도,포천시,운천낚시공원,198,포천 2024_06.csv,레저스포츠,수상레저스포츠
포천,2024,6,2024-06,79,경기도,포천시,금주낚시터,192,포천 2024_06.csv,레저스포츠,수상레저스포츠
포천,2024,6,2024-06,80,경기도,포천시,흥룡사,189,포천 2024_06.csv,역사관광,종교성지
포천,2024,6,2024-06,81,경기도,포천시,포천가구공단,185,포천 2024_06.csv,쇼핑,기타쇼핑시설
포천,2024,6,2024-06,82,경기도,포천시,왕산사,182,포천 2024_06.csv,역사관광,종교성지
포천,2024,6,2024-06,83,경기도,포천시,국망봉자연휴양림,172,포천 2024_06.csv,자연관광,자연공원
포천,2024,6,2024-06,84,경기도,포천시,나남수목원,161,포천 2024_06.csv,자연관광,자연공원
포천,2024,6,2024-06,85,경기도,포천시,지장산계곡,159,포천 2024_06.csv,자연관광,자연경관(산)
포천,2024,6,2024-06,86,경기도,포천시,가농바이오농장,158,포천 2024_06.csv,체험관광,농/산/어촌체험
포천,2024,6,2024-06,87,경기도,포천시,설운체육공원,152,포천 2024_06.csv,문화관광,도시공원
포천,2024,6,2024-06,88,경기도,포천시,금주저수지,149,포천 2024_06.csv,자연관광,자연경관(하천/해양)
포천,2024,6,2024-06,89,경기도,포천시,약천사,130,포천 2024_06.csv,역사관광,종교성지
포천,2024,6,2024-06,90,경기도,포천시,구담사,126,포천 2024_06.csv,역사관광,종교성지
포천,2024,6,2024-06,91,경기도,포천시,포천체육공원,118,포천 2024_06.csv,문화관광,도시공원
포천,2024,6,2024-06,92,경기도,포천시,한화리조트산정호수온천,116,포천 2024_06.csv,체험관광,웰니스관광
포천,2024,6,2024-06,93,경기도,포천시,포천자동차극장,111,포천 2024_06.csv,문화관광,공연시설
포천,2024,6,2024-06,94,경기도,포천시,송우공설시장,108,포천 2024_06.csv,쇼핑,시장
포천,2024,6,2024-06,95,경기도,포천시,산정호수조각공원,107,포천 2024_06.csv,문화관광,도시공원
포천,2024,6,2024-06,96,경기도,포천시,황금프라자,103,포천 2024_06.csv,쇼핑,쇼핑몰
포천,2024,6,2024-06,96,경기도,포천시,운천재래시장,103,포천 2024_06.csv,쇼핑,시장
포천,2024,6,2024-06,98,경기도,포천시,백운계곡국민관광지,100,포천 2024_06.csv,문화관광,복합관광시설
포천,2024,6,2024-06,99,경기도,포천시,가람누리문화공원전망대,92,포천 2024_06.csv,문화관광,랜드마크관광
포천,2024,6,2024-06,100,경기도,포천시,레이크밸리 승마클럽,88,포천 2024_06.csv,레저스포츠,기타레저스포츠
포천,2024,6,2024-06,101,경기도,포천시,멍우리협곡,83,포천 2024_06.csv,자연관광,자연경관(산)
포천,2024,6,2024-06,102,경기도,포천시,한탄강주상절리길3코스,81,포천 2024_06.csv,레저스포츠,기타레저스포츠
포천,2024,6,2024-06,102,경기도,포천시,블루밍팜,81,포천 2024_06.csv,체험관광,농/산/어촌체험
포천,2024,6,2024-06,104,경기도,포천시,클라우드시네마,78,포천 2024_06.csv,문화관광,공연시설
포천,2024,6,2024-06,105,경기도,포천시,태봉공원,76,포천 2024_06.csv,문화관광,도시공원
포천,2024,6,2024-06,106,경기도,포천시,한탄강팔호유원지,75,포천 2024_06.csv,문화관광,복합관광시설
포천,2024,6,2024-06,106,경기도,포천시,복후미저수지,75,포천 2024_06.csv,자연관광,자연경관(하천/해양)
포천,2024,6,2024-06,108,경기도,포천시,자인사,74,포천 2024_06.csv,역사관광,종교성지
포천,2024,6,2024-06,109,경기도,포천시,어하고개,73,포천 2024_06.csv,자연관광,자연경관(산)
포천,2024,6,2024-06,110,경기도,포천시,무네미낚시터,69,포천 2024_06.csv,레저스포츠,수상레저스포츠
포천,2024,6,2024-06,111,경기도,포천시,산정랜드,66,포천 2024_06.csv,문화관광,복합관광시설
포천,2024,6,2024-06,112,경기도,포천시,황새목낚시터,64,포천 2024_06.csv,레저스포츠,수상레저스포츠
포천,2024,6,2024-06,113,경기도,포천시,프로방스빌리지수영장,63,포천 2024_06.csv,문화관광,테마공원
포천,2024,6,2024-06,114,경기도,포천시,금룡사,62,포천 2024_06.csv,역사관광,종교성지
포천,2024,6,2024-06,114,경기도,포천시,수목원프로방스,62,포천 2024_06.csv,자연관광,자연공원
포천,2024,6,2024-06,116,경기도,포천시,태산낚시터,61,포천 2024_06.csv,레저스포츠,수상레저스포츠
포천,2024,6,2024-06,117,경기도,포천시,한과문화박물관,60,포천 2024_06.csv,문화관광,전시시설
포천,2024,6,2024-06,118,경기도,포천시,광암이벽유적지,59,포천 2024_06.csv,역사관광,역사유적지
포천,2024,6,2024-06,118,경기도,포천시,교동가마소,59,포천 2024_06.csv,기타관광,기타관광
포천,2024,6,2024-06,120,경기도,포천시,지청낚시터,56,포천 2024_06.csv,레저스포츠,수상레저스포츠
포천,2024,6,2024-06,121,경기도,포천시,일동시장,55,포천 2024_06.csv,쇼핑,시장
포천,2024,6,2024-06,122,경기도,포천시,포천염광수련원,53,포천 2024_06.csv,레저스포츠,육상레저스포츠
포천,2024,6,2024-06,122,경기도,포천시,Y스포츠센터,53,포천 2024_06.csv,레저스포츠,기타레저스포츠
포천,2024,6,2024-06,122,경기도,포천시,코버월드,53,포천 2024_06.csv,문화관광,전시시설
포천,2024,6,2024-06,125,경기도,포천시,한탄임진강지질공원,52,포천 2024_06.csv,문화관광,도시공원
포천,2024,6,2024-06,126,경기도,포천시,청한베이스볼파크,51,포천 2024_06.csv,문화관광,레저스포츠시설
포천,2024,6,2024-06,127,경기도,포천시,한탄강생태경관단지,50,포천 2024_06.csv,기타관광,기타관광
포천,2024,6,2024-06,128,경기도,포천시,도마치계곡유원지,49,포천 2024_06.csv,문화관광,복합관광시설
포천,2024,6,2024-06,129,경기도,포천시,포천아트밸리천문과학관,48,포천 2024_06.csv,문화관광,전시시설
포천,2024,6,2024-06,129,경기도,포천시,서운동산어린이동물농장,48,포천 2024_06.csv,기타관광,기타관광
포천,2024,6,2024-06,131,경기도,포천시,화현이벽성지,44,포천 2024_06.csv,역사관광,역사유적지
포천,2024,6,2024-06,131,경기도,포천시,송일농장,44,포천 2024_06.csv,체험관광,농/산/어촌체험
포천,2024,6,2024-06,133,경기도,포천시,국립산림박물관,43,포천 2024_06.csv,문화관광,전시시설
포천,2024,6,2024-06,134,경기도,포천시,중리저수지,41,포천 2024_06.csv,자연관광,자연경관(하천/해양)
포천,2024,6,2024-06,134,경기도,포천시,태국군참전비,41,포천 2024_06.csv,역사관광,역사유물
포천,2024,6,2024-06,136,경기도,포천시,한탄강테마파크,40,포천 2024_06.csv,문화관광,테마공원
포천,2024,6,2024-06,137,경기도,포천시,메향낚시터,37,포천 2024_06.csv,레저스포츠,수상레저스포츠
포천,2024,6,2024-06,138,경기도,포천시,백로주유원지,35,포천 2024_06.csv,문화관광,복합관광시설
포천,2024,6,2024-06,139,경기도,포천시,포천종합운동장보조구장,34,포천 2024_06.csv,문화관광,레저스포츠시설
포천,2024,6,2024-06,139,경기도,포천시,갈월버섯농장,34,포천 2024_06.csv,체험관광,농/산/어촌체험
포천,2024,6,2024-06,141,경기도,포천시,이항복선생묘,33,포천 2024_06.csv,역사관광,역사유적지
포천,2024,6,2024-06,141,경기도,포천시,깊이울저수지,33,포천 2024_06.csv,자연관광,자연경관(하천/해양)
포천,2024,6,2024-06,141,경기도,포천시,천주호,33,포천 2024_06.csv,자연관광,자연경관(하천/해양)
포천,2024,6,2024-06,144,경기도,포천시,호스랜드승마클럽,32,포천 2024_06.csv,레저스포츠,육상레저스포츠
포천,2024,6,2024-06,144,경기도,포천시,포천운산리자연생태공원,32,포천 2024_06.csv,문화관광,도시공원
포천,2024,6,2024-06,146,경기도,포천시,백운산,31,포천 2024_06.csv,자연관광,자연경관(산)
포천,2024,6,2024-06,146,경기도,포천시,한탄강야생화공원,31,포천 2024_06.csv,문화관광,도시공원
포천,2024,6,2024-06,148,경기도,포천시,운악레저타운,30,포천 2024_06.csv,레저스포츠,기타레저스포츠
포천,2024,6,2024-06,148,경기도,포천시,화엄사,30,포천 2024_06.csv,역사관광,종교성지
포천,2024,6,2024-06,150,경기도,포천시,냉정낚시터,29,포천 2024_06.csv,레저스포츠,수상레저스포츠
포천,2024,6,2024-06,151,경기도,포천시,포천목공체험장,28,포천 2024_06.csv,문화관광,기타문화관광지
포천,2024,6,2024-06,151,경기도,포천시,모돈갤러리,28,포천 2024_06.csv,문화관광,전시시설
포천,2024,6,2024-06,153,경기도,포천시,금수정,27,포천 2024_06.csv,역사관광,역사유적지
포천,2024,6,2024-06,153,경기도,포천시,왕방산,27,포천 2024_06.csv,자연관광,자연경관(산)
포천,2024,6,2024-06,155,경기도,포천시,소흘생활체육공원제1축구장,24,포천 2024_06.csv,문화관광,레저스포츠시설
포천,2024,6,2024-06,156,경기도,포천시,향원재,23,포천 2024_06.csv,역사관광,역사유적지
포천,2024,6,2024-06,156,경기도,포천시,육사생도6.25참전기념비,23,포천 2024_06.csv,역사관광,역사유물
포천,2024,6,2024-06,158,경기도,포천시,한탄강주상절리길2코스,22,포천 2024_06.csv,레저스포츠,기타레저스포츠
포천,2024,6,2024-06,158,경기도,포천시,보문정사,22,포천 2024_06.csv,역사관광,종교성지
포천,2024,6,2024-06,158,경기도,포천시,허브아일랜드불빛동화축제,22,포천 2024_06.csv,문화관광,기타문화관광지
포천,2024,6,2024-06,158,경기도,포천시,포천파크골프장,22,포천 2024_06.csv,레저스포츠,기타레저스포츠
포천,2024,6,2024-06,162,경기도,포천시,자비사,21,포천 2024_06.csv,역사관광,종교성지
포천,2024,6,2024-06,162,경기도,포천시,포천용담저수지,21,포천 2024_06.csv,자연관광,자연경관(하천/해양)
포천,2024,6,2024-06,162,경기도,포천시,천주사,21,포천 2024_06.csv,역사관광,종교성지
포천,2024,6,2024-06,165,경기도,포천시,포천반월성,20,포천 2024_06.csv,역사관광,역사유적지
포천,2024,6,2024-06,165,경기도,포천시,고모리수상레저,20,포천 2024_06.csv,레저스포츠,기타레저스포츠
포천,2024,6,2024-06,167,경기도,포천시,다래레저,19,포천 2024_06.csv,레저스포츠,수상레저스포츠
포천,2024,6,2024-06,168,경기도,포천시,베스트원스포츠,18,포천 2024_06.csv,레저스포츠,기타레저스포츠
포천,2024,6,2024-06,168,경기도,포천시,포천허브아일랜드 자동차극장,18,포천 2024_06.csv,문화관광,공연시설
포천,2024,6,2024-06,168,경기도,포천시,내리공설시장,18,포천 2024_06.csv,쇼핑,시장
포천,2024,6,2024-06,168,경기도,포천시,왕방산왕방사방면,18,포천 2024_06.csv,자연관광,자연경관(산)
포천,2024,6,2024-06,168,경기도,포천시,직동낚시터,18,포천 2024_06.csv,레저스포츠,수상레저스포츠
포천,2024,6,2024-06,173,경기도,포천시,영평천,17,포천 2024_06.csv,자연관광,자연공원
포천,2024,6,2024-06,173,경기도,포천시,천해사,17,포천 2024_06.csv,역사관광,종교성지
포천,2024,6,2024-06,175,경기도,포천시,밤밭실내장어낚시터,16,포천 2024_06.csv,레저스포츠,수상레저스포츠
포천,2024,6,2024-06,175,경기도,포천시,포천탁구클럽,16,포천 2024_06.csv,레저스포츠,기타레저스포츠
포천,2024,6,2024-06,175,경기도,포천시,낙천지폭포,16,포천 2024_06.csv,자연관광,자연경관(산)
포천,2024,6,2024-06,175,경기도,포천시,선유담계곡,16,포천 2024_06.csv,자연관광,자연경관(산)
포천,2024,6,2024-06,175,경기도,포천시,동화사,16,포천 2024_06.csv,역사관광,종교성지
포천,2024,6,2024-06,175,경기도,포천시,청계유원지,16,포천 2024_06.csv,문화관광,복합관광시설
포천,2024,6,2024-06,175,경기도,포천시,가온농장,16,포천 2024_06.csv,체험관광,농/산/어촌체험
포천,2024,6,2024-06,182,경기도,포천시,루지월드베어스타운점,15,포천 2024_06.csv,레저스포츠,기타레저스포츠
포천,2024,6,2024-06,182,경기도,포천시,밤밭지,15,포천 2024_06.csv,자연관광,자연경관(하천/해양)
포천,2024,6,2024-06,184,경기도,포천시,미륵사,14,포천 2024_06.csv,역사관광,종교성지
포천,2024,6,2024-06,184,경기도,포천시,우금낚시공원,14,포천 2024_06.csv,레저스포츠,수상레저스포츠
포천,2024,6,2024-06,184,경기도,포천시,전운사,14,포천 2024_06.csv,역사관광,종교성지
포천,2024,6,2024-06,184,경기도,포천시,마홀축구장,14,포천 2024_06.csv,문화관광,레저스포츠시설
포천,2024,6,2024-06,184,경기도,포천시,미륵박물관,14,포천 2024_06.csv,문화관광,전시시설
포천,2024,6,2024-06,184,경기도,포천시,동교하우스낚시터,14,포천 2024_06.csv,레저스포츠,수상레저스포츠
포천,2024,6,2024-06,190,경기도,포천시,한탄강대교천현무암협곡,13,포천 2024_06.csv,기타관광,기타관광
포천,2024,6,2024-06,191,경기도,포천시,아딸농원,12,포천 2024_06.csv,체험관광,농/산/어촌체험
포천,2024,6,2024-06,191,경기도,포천시,천궁사,12,포천 2024_06.csv,역사관광,종교성지
포천,2024,6,2024-06,191,경기도,포천시,청계산,12,포천 2024_06.csv,자연관광,자연경관(산)
포천,2024,6,2024-06,194,경기도,포천시,실상선원,11,포천 2024_06.csv,역사관광,종교성지
포천,2024,6,2024-06,194,경기도,포천시,명성산억새밭,11,포천 2024_06.csv,기타관광,기타관광
포천,2024,6,2024-06,194,경기도,포천시,도평리터미널,11,포천 2024_06.csv,기타관광,교통시설
포천,2024,6,2024-06,194,경기도,포천시,지질트레일1코스,11,포천 2024_06.csv,레저스포츠,기타레저스포츠
포천,2024,6,2024-06,198,경기도,포천시,관음사,10,포천 2024_06.csv,역사관광,종교성지
포천,2024,6,2024-06,198,경기도,포천시,소흘생활체육공원인공암벽장,10,포천 2024_06.csv,레저스포츠,기타레저스포츠
포천,2024,6,2024-06,198,경기도,포천시,고모지,10,포천 2024_06.csv,자연관광,자연경관(하천/해양)
포천,2024,6,2024-06,201,경기도,포천시,임진농원,9,포천 2024_06.csv,체험관광,농/산/어촌체험
포천,2024,6,2024-06,201,경기도,포천시,잇빛천연염색체험학습장,9,포천 2024_06.csv,체험관광,공예체험
포천,2024,6,2024-06,201,경기도,포천시,광릉분재예술공원,9,포천 2024_06.csv,문화관광,도시공원
포천,2024,6,2024-06,201,경기도,포천시,충목단,9,포천 2024_06.csv,역사관광,역사유적지
포천,2024,6,2024-06,201,경기도,포천시,포천직두리의부부송,9,포천 2024_06.csv,역사관광,역사유적지
포천,2024,6,2024-06,201,경기도,포천시,베어스타운CC휴업중,9,포천 2024_06.csv,레저스포츠,육상레저스포츠
포천,2024,6,2024-06,201,경기도,포천시,용연서원,9,포천 2024_06.csv,역사관광,역사유적지
포천,2024,6,2024-06,201,경기도,포천시,성불암,9,포천 2024_06.csv,역사관광,종교성지
포천,2024,6,2024-06,201,경기도,포천시,무림사,9,포천 2024_06.csv,역사관광,종교성지
포천,2024,6,2024-06,201,경기도,포천시,승법사,9,포천 2024_06.csv,역사관광,종교성지
포천,2024,6,2024-06,201,경기도,포천시,포천시 일동면 안변동산,9,포천 2024_06.csv,문화관광,도시/지역문화관광
포천,2024,6,2024-06,201,경기도,포천시,도연암,9,포천 2024_06.csv,역사관광,종교성지
포천,2024,6,2024-06,213,경기도,포천시,실상사,8,포천 2024_06.csv,역사관광,종교성지
포천,2024,6,2024-06,213,경기도,포천시,평화나무농장,8,포천 2024_06.csv,체험관광,농/산/어촌체험
포천,2024,6,2024-06,215,경기도,포천시,축석자연농원,7,포천 2024_06.csv,체험관광,농/산/어촌체험
포천,2024,6,2024-06,215,경기도,포천시,쌍불사,7,포천 2024_06.csv,역사관광,종교성지
포천,2024,6,2024-06,215,경기도,포천시,유식물원,7,포천 2024_06.csv,문화관광,테마공원
포천,2024,6,2024-06,215,경기도,포천시,대군정,7,포천 2024_06.csv,레저스포츠,육상레저스포츠
포천,2024,6,2024-06,215,경기도,포천시,홀스킹덤팜스테이,7,포천 2024_06.csv,레저스포츠,육상레저스포츠
포천,2024,6,2024-06,215,경기도,포천시,옛뜰애관광농원,7,포천 2024_06.csv,체험관광,농/산/어촌체험
포천,2024,6,2024-06,215,경기도,포천시,키즈필포천송우점,7,포천 2024_06.csv,문화관광,테마공원
포천,2024,6,2024-06,222,경기도,포천시,무상사,6,포천 2024_06.csv,역사관광,종교성지
포천,2024,6,2024-06,222,경기도,포천시,한탄강주상절리길5코스,6,포천 2024_06.csv,레저스포츠,기타레저스포츠
포천,2024,6,2024-06,222,경기도,포천시,권종충신문,6,포천 2024_06.csv,역사관광,역사유적지
포천,2024,6,2024-06,222,경기도,포천시,화요공방,6,포천 2024_06.csv,체험관광,공예체험
포천,2024,6,2024-06,222,경기도,포천시,교동사과농장,6,포천 2024_06.csv,체험관광,농/산/어촌체험
포천,2024,6,2024-06,222,경기도,포천시,솔모루공원,6,포천 2024_06.csv,문화관광,도시공원
포천,2024,6,2024-06,222,경기도,포천시,산정호수관광지3매표소,6,포천 2024_06.csv,기타관광,기타관광
포천,2024,6,2024-06,222,경기도,포천시,반디농장,6,포천 2024_06.csv,체험관광,농/산/어촌체험
포천,2024,6,2024-06,222,경기도,포천시,명산저수지,6,포천 2024_06.csv,자연관광,자연경관(하천/해양)
포천,2024,6,2024-06,222,경기도,포천시,미트빌연합사업단,6,포천 2024_06.csv,쇼핑,시장
포천,2024,6,2024-06,222,경기도,포천시,토우공방,6,포천 2024_06.csv,체험관광,공예체험
포천,2024,6,2024-06,222,경기도,포천시,화현저수지,6,포천 2024_06.csv,자연관광,자연경관(하천/해양)
포천,2024,6,2024-06,222,경기도,포천시,옥병서원,6,포천 2024_06.csv,역사관광,역사유적지
포천,2024,6,2024-06,222,경기도,포천시,국봉사,6,포천 2024_06.csv,역사관광,종교성지
포천,2024,6,2024-06,236,경기도,포천시,이동생태공원,5,포천 2024_06.csv,문화관광,도시공원
포천,2024,6,2024-06,236,경기도,포천시,독수리유격대전적비,5,포천 2024_06.csv,역사관광,역사유물
포천,2024,6,2024-06,236,경기도,포천시,향림사,5,포천 2024_06.csv,역사관광,종교성지
포천,2024,6,2024-06,236,경기도,포천시,창옥병,5,포천 2024_06.csv,기타관광,기타관광
포천,2024,6,2024-06,240,경기도,포천시,대수암,4,포천 2024_06.csv,역사관광,종교성지
포천,2024,6,2024-06,240,경기도,포천시,광천목장,4,포천 2024_06.csv,체험관광,농/산/어촌체험
포천,2024,6,2024-06,240,경기도,포천시,일동금주산양어장,4,포천 2024_06.csv,체험관광,농/산/어촌체험
포천,2024,6,2024-06,240,경기도,포천시,포천소민농장,4,포천 2024_06.csv,체험관광,농/산/어촌체험
포천,2024,6,2024-06,240,경기도,포천시,산정에코물놀이장,4,포천 2024_06.csv,레저스포츠,수상레저스포츠
포천,2024,6,2024-06,240,경기도,포천시,선단문화공원,4,포천 2024_06.csv,문화관광,도시공원
포천,2024,6,2024-06,240,경기도,포천시,마전저수지,4,포천 2024_06.csv,자연관광,자연경관(하천/해양)
포천,2024,6,2024-06,240,경기도,포천시,한탄강디지털체험관,4,포천 2024_06.csv,문화관광,전시시설
포천,2024,6,2024-06,240,경기도,포천시,법왕사,4,포천 2024_06.csv,역사관광,종교성지
포천,2024,6,2024-06,240,경기도,포천시,명성산,4,포천 2024_06.csv,자연관광,자연경관(산)
포천,2024,6,2024-06,240,경기도,포천시,극락사,4,포천 2024_06.csv,역사관광,종교성지
포천,2024,6,2024-06,240,경기도,포천시,인흥군릉,4,포천 2024_06.csv,역사관광,역사유적지
포천,2024,6,2024-06,240,경기도,포천시,삼정계곡,4,포천 2024_06.csv,문화관광,복합관광시설
포천,2024,6,2024-06,240,경기도,포천시,허브아일랜드산타마을,4,포천 2024_06.csv,문화관광,테마공원
포천,2024,6,2024-06,240,경기도,포천시,옥금수계곡,4,포천 2024_06.csv,기타관광,기타관광
포천,2024,6,2024-06,240,경기도,포천시,장암저수지,4,포천 2024_06.csv,자연관광,자연경관(하천/해양)
포천,2024,6,2024-06,240,경기도,포천시,삼손목장,4,포천 2024_06.csv,체험관광,농/산/어촌체험
포천,2024,6,2024-06,257,경기도,포천시,삼산소류지,3,포천 2024_06.csv,자연관광,자연경관(하천/해양)
포천,2024,6,2024-06,257,경기도,포천시,금주산,3,포천 2024_06.csv,자연관광,자연경관(산)
포천,2024,6,2024-06,257,경기도,포천시,한탄강주상절리길4코스,3,포천 2024_06.csv,레저스포츠,기타레저스포츠
포천,2024,6,2024-06,257,경기도,포천시,채소한의식탁,3,포천 2024_06.csv,체험관광,농/산/어촌체험
포천,2024,6,2024-06,257,경기도,포천시,용담윗저수지,3,포천 2024_06.csv,자연관광,자연경관(하천/해양)
포천,2024,6,2024-06,257,경기도,포천시,영산사,3,포천 2024_06.csv,역사관광,종교성지
포천,2024,6,2024-06,257,경기도,포천시,무봉리족구장,3,포천 2024_06.csv,레저스포츠,기타레저스포츠
포천,2024,6,2024-06,257,경기도,포천시,푸른들농원,3,포천 2024_06.csv,체험관광,농/산/어촌체험
포천,2024,6,2024-06,257,경기도,포천시,아쿠아스마트팜,3,포천 2024_06.csv,체험관광,농/산/어촌체험
포천,2024,6,2024-06,257,경기도,포천시,새일목장,3,포천 2024_06.csv,체험관광,농/산/어촌체험
포천,2024,6,2024-06,257,경기도,포천시,명진농장,3,포천 2024_06.csv,체험관광,농/산/어촌체험
포천,2024,6,2024-06,257,경기도,포천시,털보낚시터,3,포천 2024_06.csv,레저스포츠,수상레저스포츠
포천,2024,6,2024-06,257,경기도,포천시,인평대군묘및신도비,3,포천 2024_06.csv,역사관광,역사유적지
포천,2024,6,2024-06,257,경기도,포천시,각흘계곡,3,포천 2024_06.csv,자연관광,자연경관(산)
포천,2024,6,2024-06,257,경기도,포천시,석천낚시공원,3,포천 2024_06.csv,레저스포츠,수상레저스포츠
포천,2024,6,2024-06,257,경기도,포천시,전계대원군묘,3,포천 2024_06.csv,역사관광,역사유적지
포천,2024,6,2024-06,257,경기도,포천시,금현소류지,3,포천 2024_06.csv,자연관광,자연경관(하천/해양)
포천,2024,6,2024-06,257,경기도,포천시,관인공설시장,3,포천 2024_06.csv,쇼핑,시장
포천,2024,6,2024-06,257,경기도,포천시,명성산산정호수방면,3,포천 2024_06.csv,자연관광,자연경관(산)
포천,2024,6,2024-06,257,경기도,포천시,성주사,3,포천 2024_06.csv,역사관광,종교성지
포천,2024,6,2024-06,257,경기도,포천시,능원관광낚시터,3,포천 2024_06.csv,레저스포츠,수상레저스포츠
포천,2024,6,2024-06,257,경기도,포천시,산정호수관광단지,3,포천 2024_06.csv,문화관광,복합관광시설
포천,2024,6,2024-06,257,경기도,포천시,새마을저수지,3,포천 2024_06.csv,자연관광,자연경관(하천/해양)
포천,2024,6,2024-06,257,경기도,포천시,선광사,3,포천 2024_06.csv,역사관광,종교성지
포천,2024,6,2024-06,257,경기도,포천시,운주사,3,포천 2024_06.csv,역사관광,종교성지
포천,2024,6,2024-06,257,경기도,포천시,각흘산,3,포천 2024_06.csv,자연관광,자연경관(산)
포천,2024,6,2024-06,257,경기도,포천시,은장산,3,포천 2024_06.csv,자연관광,자연경관(산)
포천,2024,6,2024-06,257,경기도,포천시,초가낚시터,3,포천 2024_06.csv,레저스포츠,수상레저스포츠
포천,2024,6,2024-06,257,경기도,포천시,포천향교,3,포천 2024_06.csv,역사관광,역사유적지
포천,2024,6,2024-06,257,경기도,포천시,전곡호낚시터,3,포천 2024_06.csv,레저스포츠,수상레저스포츠
포천,2024,6,2024-06,257,경기도,포천시,백운낚시터,3,포천 2024_06.csv,레저스포츠,수상레저스포츠
포천,2024,6,2024-06,257,경기도,포천시,청암유원지,3,포천 2024_06.csv,문화관광,복합관광시설
포천,2024,6,2024-06,257,경기도,포천시,약사동계곡,3,포천 2024_06.csv,자연관광,자연경관(산)
포천,2024,6,2024-06,257,경기도,포천시,송광사,3,포천 2024_06.csv,역사관광,종교성지
포천,2024,6,2024-06,257,경기도,포천시,사직리축구장,3,포천 2024_06.csv,문화관광,레저스포츠시설
포천,2024,6,2024-06,257,경기도,포천시,용주암,3,포천 2024_06.csv,역사관광,종교성지
포천,2024,6,2024-06,257,경기도,포천시,영풍농원,3,포천 2024_06.csv,체험관광,농/산/어촌체험
포천,2024,6,2024-06,257,경기도,포천시,금불사,3,포천 2024_06.csv,역사관광,종교성지
포천,2024,6,2024-06,257,경기도,포천시,김비서가왜그럴까촬영지,3,포천 2024_06.csv,문화관광,기타문화관광지
포천,2024,6,2024-06,257,경기도,포천시,철갑상어농장,3,포천 2024_06.csv,체험관광,농/산/어촌체험
포천,2024,6,2024-06,257,경기도,포천시,낭유고개,3,포천 2024_06.csv,자연관광,자연경관(산)
포천,2024,7,2024-07,1,경기도,포천시,국립수목원,7092,포천 2024_07.csv,문화관광,테마공원
포천,2024,7,2024-07,2,경기도,포천시,포천힐스CC,6892,포천 2024_07.csv,레저스포츠,육상레저스포츠
포천,2024,7,2024-07,3,경기도,포천시,베어크리크GC,6697,포천 2024_07.csv,레저스포츠,육상레저스포츠
포천,2024,7,2024-07,4,경기도,포천시,푸른솔GC포천,5772,포천 2024_07.csv,레저스포츠,육상레저스포츠
포천,2024,7,2024-07,5,경기도,포천시,백운계곡,5550,포천 2024_07.csv,자연관광,자연경관(산)
포천,2024,7,2024-07,6,경기도,포천시,포레스트힐CC,5378,포천 2024_07.csv,레저스포츠,육상레저스포츠
포천,2024,7,2024-07,7,경기도,포천시,포천힐마루CC,5373,포천 2024_07.csv,레저스포츠,육상레저스포츠
포천,2024,7,2024-07,8,경기도,포천시,산정호수,5332,포천 2024_07.csv,자연관광,자연경관(하천/해양)
포천,2024,7,2024-07,9,경기도,포천시,라싸GC,5042,포천 2024_07.csv,레저스포츠,육상레저스포츠
포천,2024,7,2024-07,10,경기도,포천시,필로스GC,4686,포천 2024_07.csv,레저스포츠,육상레저스포츠
포천,2024,7,2024-07,11,경기도,포천시,포천아도니스CC,4607,포천 2024_07.csv,레저스포츠,육상레저스포츠
포천,2024,7,2024-07,12,경기도,포천시,포천아트밸리,4398,포천 2024_07.csv,문화관광,공연시설
포천,2024,7,2024-07,13,경기도,포천시,고모저수지,4214,포천 2024_07.csv,자연관광,자연경관(하천/해양)
포천,2024,7,2024-07,14,경기도,포천시,일동시외버스터미널,3300,포천 2024_07.csv,기타관광,교통시설
포천,2024,7,2024-07,15,경기도,포천시,몽베르CC,3296,포천 2024_07.csv,레저스포츠,육상레저스포츠
포천,2024,7,2024-07,16,경기도,포천시,일동레이크GC,3209,포천 2024_07.csv,레저스포츠,육상레저스포츠
포천,2024,7,2024-07,17,경기도,포천시,비둘기낭폭포,3133,포천 2024_07.csv,자연관광,자연경관(산)
포천,2024,7,2024-07,18,경기도,포천시,신북온천스프링폴,2471,포천 2024_07.csv,체험관광,웰니스관광
포천,2024,7,2024-07,19,경기도,포천시,참밸리컨트리클럽,2423,포천 2024_07.csv,레저스포츠,육상레저스포츠
포천,2024,7,2024-07,20,경기도,포천시,CGV포천,2009,포천 2024_07.csv,문화관광,공연시설
포천,2024,7,2024-07,21,경기도,포천시,허브아일랜드,1899,포천 2024_07.csv,체험관광,농/산/어촌체험
포천,2024,7,2024-07,22,경기도,포천시,샴발라CC,1840,포천 2024_07.csv,레저스포츠,육상레저스포츠
포천,2024,7,2024-07,23,경기도,포천시,제일유황온천,1338,포천 2024_07.csv,체험관광,웰니스관광
포천,2024,7,2024-07,24,경기도,포천시,포천한탄강하늘다리,1268,포천 2024_07.csv,기타관광,기타관광
포천,2024,7,2024-07,25,경기도,포천시,송우시외버스터미널,1245,포천 2024_07.csv,기타관광,교통시설
포천,2024,7,2024-07,26,경기도,포천시,페리아도워터파크,1135,포천 2024_07.csv,문화관광,테마공원
포천,2024,7,2024-07,27,경기도,포천시,포천반월아트홀,1009,포천 2024_07.csv,문화관광,공연시설
포천,2024,7,2024-07,28,경기도,포천시,포천블루파크,935,포천 2024_07.csv,문화관광,테마공원
포천,2024,7,2024-07,29,경기도,포천시,포천시외버스터미널,870,포천 2024_07.csv,기타관광,교통시설
포천,2024,7,2024-07,30,경기도,포천시,축석고개,868,포천 2024_07.csv,자연관광,자연경관(산)
포천,2024,7,2024-07,31,경기도,포천시,호국금강사,810,포천 2024_07.csv,역사관광,종교성지
포천,2024,7,2024-07,32,경기도,포천시,베어스타운스키장휴업중,807,포천 2024_07.csv,레저스포츠,육상레저스포츠
포천,2024,7,2024-07,33,경기도,포천시,락가든GC,765,포천 2024_07.csv,레저스포츠,육상레저스포츠
포천,2024,7,2024-07,34,경기도,포천시,산사원,758,포천 2024_07.csv,문화관광,전시시설
포천,2024,7,2024-07,35,경기도,포천시,백운계곡유원지,725,포천 2024_07.csv,문화관광,복합관광시설
포천,2024,7,2024-07,36,경기도,포천시,밤밭낚시터,708,포천 2024_07.csv,레저스포츠,수상레저스포츠
포천,2024,7,2024-07,37,경기도,포천시,운악산자연휴양림,706,포천 2024_07.csv,자연관광,자연공원
포천,2024,7,2024-07,38,경기도,포천시,동교낚시터,681,포천 2024_07.csv,레저스포츠,수상레저스포츠
포천,2024,7,2024-07,39,경기도,포천시,가산낚시터,631,포천 2024_07.csv,레저스포츠,수상레저스포츠
포천,2024,7,2024-07,40,경기도,포천시,깊이울유원지,601,포천 2024_07.csv,문화관광,복합관광시설
포천,2024,7,2024-07,41,경기도,포천시,포천아도니스퍼블릭CC,586,포천 2024_07.csv,레저스포츠,육상레저스포츠
포천,2024,7,2024-07,42,경기도,포천시,초원낚시터,544,포천 2024_07.csv,레저스포츠,수상레저스포츠
포천,2024,7,2024-07,43,경기도,포천시,마전낚시터,528,포천 2024_07.csv,레저스포츠,수상레저스포츠
포천,2024,7,2024-07,44,경기도,포천시,천보산자연휴양림,500,포천 2024_07.csv,자연관광,자연공원
포천,2024,7,2024-07,45,경기도,포천시,한탄강지질공원센터,499,포천 2024_07.csv,문화관광,전시시설
포천,2024,7,2024-07,46,경기도,포천시,한탄강주상절리길1코스,498,포천 2024_07.csv,레저스포츠,기타레저스포츠
포천,2024,7,2024-07,47,경기도,포천시,내촌낚시터,489,포천 2024_07.csv,레저스포츠,수상레저스포츠
포천,2024,7,2024-07,48,경기도,포천시,주파크,481,포천 2024_07.csv,문화관광,테마공원
포천,2024,7,2024-07,49,경기도,포천시,쌍방죽낚시터,472,포천 2024_07.csv,레저스포츠,수상레저스포츠
포천,2024,7,2024-07,50,경기도,포천시,어메이징파크,465,포천 2024_07.csv,문화관광,전시시설
포천,2024,7,2024-07,51,경기도,포천시,도성사,438,포천 2024_07.csv,역사관광,종교성지
포천,2024,7,2024-07,52,경기도,포천시,지장산계곡,387,포천 2024_07.csv,자연관광,자연경관(산)
포천,2024,7,2024-07,53,경기도,포천시,서운동산,377,포천 2024_07.csv,문화관광,복합관광시설
포천,2024,7,2024-07,54,경기도,포천시,소흘생활체육공원,370,포천 2024_07.csv,문화관광,도시공원
포천,2024,7,2024-07,55,경기도,포천시,평강랜드,367,포천 2024_07.csv,문화관광,테마공원
포천,2024,7,2024-07,56,경기도,포천시,포천5일장,363,포천 2024_07.csv,쇼핑,시장
포천,2024,7,2024-07,57,경기도,포천시,도마치계곡,361,포천 2024_07.csv,자연관광,자연경관(산)
포천,2024,7,2024-07,58,경기도,포천시,냉정저수지,352,포천 2024_07.csv,자연관광,자연경관(하천/해양)
포천,2024,7,2024-07,59,경기도,포천시,가산저수지,339,포천 2024_07.csv,자연관광,자연경관(하천/해양)
포천,2024,7,2024-07,60,경기도,포천시,포천패션타운,319,포천 2024_07.csv,쇼핑,쇼핑몰
포천,2024,7,2024-07,61,경기도,포천시,아프리카예술박물관,306,포천 2024_07.csv,문화관광,전시시설
포천,2024,7,2024-07,61,경기도,포천시,수목원고모호수공원,306,포천 2024_07.csv,문화관광,도시공원
포천,2024,7,2024-07,63,경기도,포천시,포천이동갈비바베큐축제,303,포천 2024_07.csv,문화관광,기타문화관광지
포천,2024,7,2024-07,64,경기도,포천시,직두리낚시터,293,포천 2024_07.csv,레저스포츠,수상레저스포츠
포천,2024,7,2024-07,65,경기도,포천시,포천염광수련원,269,포천 2024_07.csv,레저스포츠,육상레저스포츠
포천,2024,7,2024-07,66,경기도,포천시,낭만닥터김사부촬영지,267,포천 2024_07.csv,문화관광,기타문화관광지
포천,2024,7,2024-07,67,경기도,포천시,포천화적연,263,포천 2024_07.csv,자연관광,자연경관(하천/해양)
포천,2024,7,2024-07,68,경기도,포천시,포천수원산정상전망대,243,포천 2024_07.csv,문화관광,랜드마크관광
포천,2024,7,2024-07,69,경기도,포천시,포천스포츠센터,242,포천 2024_07.csv,레저스포츠,기타레저스포츠
포천,2024,7,2024-07,70,경기도,포천시,흥룡사,232,포천 2024_07.csv,역사관광,종교성지
포천,2024,7,2024-07,71,경기도,포천시,새마을낚시터,229,포천 2024_07.csv,레저스포츠,수상레저스포츠
포천,2024,7,2024-07,72,경기도,포천시,가농바이오농장,223,포천 2024_07.csv,체험관광,농/산/어촌체험
포천,2024,7,2024-07,73,경기도,포천시,용담대물낚시터,214,포천 2024_07.csv,레저스포츠,수상레저스포츠
포천,2024,7,2024-07,74,경기도,포천시,운천낚시공원,210,포천 2024_07.csv,레저스포츠,수상레저스포츠
포천,2024,7,2024-07,75,경기도,포천시,청성역사공원,208,포천 2024_07.csv,문화관광,도시공원
포천,2024,7,2024-07,76,경기도,포천시,길명낚시공원,203,포천 2024_07.csv,레저스포츠,수상레저스포츠
포천,2024,7,2024-07,77,경기도,포천시,포천야구장,202,포천 2024_07.csv,문화관광,레저스포츠시설
포천,2024,7,2024-07,78,경기도,포천시,광릉수목원자동차극장,198,포천 2024_07.csv,문화관광,공연시설
포천,2024,7,2024-07,79,경기도,포천시,청계지,180,포천 2024_07.csv,자연관광,자연경관(하천/해양)
포천,2024,7,2024-07,80,경기도,포천시,포천하늘아래치유의숲,179,포천 2024_07.csv,기타관광,기타관광
포천,2024,7,2024-07,81,경기도,포천시,포천가구공단,175,포천 2024_07.csv,쇼핑,기타쇼핑시설
포천,2024,7,2024-07,82,경기도,포천시,황금낚시터,160,포천 2024_07.csv,레저스포츠,수상레저스포츠
포천,2024,7,2024-07,83,경기도,포천시,금주낚시터,159,포천 2024_07.csv,레저스포츠,수상레저스포츠
포천,2024,7,2024-07,84,경기도,포천시,프로방스빌리지수영장,155,포천 2024_07.csv,문화관광,테마공원
포천,2024,7,2024-07,85,경기도,포천시,포천신읍시장,134,포천 2024_07.csv,쇼핑,시장
포천,2024,7,2024-07,86,경기도,포천시,금주저수지,131,포천 2024_07.csv,자연관광,자연경관(하천/해양)
포천,2024,7,2024-07,87,경기도,포천시,설운체육공원,130,포천 2024_07.csv,문화관광,도시공원
포천,2024,7,2024-07,88,경기도,포천시,포천축구공원,122,포천 2024_07.csv,문화관광,도시공원
포천,2024,7,2024-07,89,경기도,포천시,송우공설시장,119,포천 2024_07.csv,쇼핑,시장
포천,2024,7,2024-07,90,경기도,포천시,국망봉자연휴양림,110,포천 2024_07.csv,자연관광,자연공원
포천,2024,7,2024-07,91,경기도,포천시,왕산사,106,포천 2024_07.csv,역사관광,종교성지
포천,2024,7,2024-07,92,경기도,포천시,한화리조트산정호수온천,103,포천 2024_07.csv,체험관광,웰니스관광
포천,2024,7,2024-07,92,경기도,포천시,운천재래시장,103,포천 2024_07.csv,쇼핑,시장
포천,2024,7,2024-07,94,경기도,포천시,황금프라자,101,포천 2024_07.csv,쇼핑,쇼핑몰
포천,2024,7,2024-07,95,경기도,포천시,백운계곡국민관광지,93,포천 2024_07.csv,문화관광,복합관광시설
포천,2024,7,2024-07,96,경기도,포천시,구담사,92,포천 2024_07.csv,역사관광,종교성지
포천,2024,7,2024-07,97,경기도,포천시,약천사,86,포천 2024_07.csv,역사관광,종교성지
포천,2024,7,2024-07,98,경기도,포천시,나남수목원,80,포천 2024_07.csv,자연관광,자연공원
포천,2024,7,2024-07,99,경기도,포천시,클라우드시네마,79,포천 2024_07.csv,문화관광,공연시설
포천,2024,7,2024-07,100,경기도,포천시,포천자동차극장,78,포천 2024_07.csv,문화관광,공연시설
포천,2024,7,2024-07,101,경기도,포천시,도마치계곡유원지,77,포천 2024_07.csv,문화관광,복합관광시설
포천,2024,7,2024-07,101,경기도,포천시,황새목낚시터,77,포천 2024_07.csv,레저스포츠,수상레저스포츠
포천,2024,7,2024-07,103,경기도,포천시,포천체육공원,74,포천 2024_07.csv,문화관광,도시공원
포천,2024,7,2024-07,104,경기도,포천시,복후미저수지,71,포천 2024_07.csv,자연관광,자연경관(하천/해양)
포천,2024,7,2024-07,105,경기도,포천시,일동시장,69,포천 2024_07.csv,쇼핑,시장
포천,2024,7,2024-07,106,경기도,포천시,어하고개,68,포천 2024_07.csv,자연관광,자연경관(산)
포천,2024,7,2024-07,107,경기도,포천시,자인사,67,포천 2024_07.csv,역사관광,종교성지
포천,2024,7,2024-07,107,경기도,포천시,수목원프로방스,67,포천 2024_07.csv,자연관광,자연공원
포천,2024,7,2024-07,109,경기도,포천시,코버월드,65,포천 2024_07.csv,문화관광,전시시설
포천,2024,7,2024-07,110,경기도,포천시,태산낚시터,64,포천 2024_07.csv,레저스포츠,수상레저스포츠
포천,2024,7,2024-07,111,경기도,포천시,산정호수조각공원,62,포천 2024_07.csv,문화관광,도시공원
포천,2024,7,2024-07,111,경기도,포천시,청한베이스볼파크,62,포천 2024_07.csv,문화관광,레저스포츠시설
포천,2024,7,2024-07,113,경기도,포천시,교동가마소,54,포천 2024_07.csv,기타관광,기타관광
포천,2024,7,2024-07,114,경기도,포천시,무네미낚시터,53,포천 2024_07.csv,레저스포츠,수상레저스포츠
포천,2024,7,2024-07,115,경기도,포천시,자비사,51,포천 2024_07.csv,역사관광,종교성지
포천,2024,7,2024-07,116,경기도,포천시,멍우리협곡,50,포천 2024_07.csv,자연관광,자연경관(산)
포천,2024,7,2024-07,117,경기도,포천시,한탄강팔호유원지,49,포천 2024_07.csv,문화관광,복합관광시설
포천,2024,7,2024-07,118,경기도,포천시,한과문화박물관,43,포천 2024_07.csv,문화관광,전시시설
포천,2024,7,2024-07,119,경기도,포천시,금룡사,42,포천 2024_07.csv,역사관광,종교성지
포천,2024,7,2024-07,119,경기도,포천시,도리돌문화교류센터,42,포천 2024_07.csv,레저스포츠,기타레저스포츠
포천,2024,7,2024-07,119,경기도,포천시,화엄사,42,포천 2024_07.csv,역사관광,종교성지
포천,2024,7,2024-07,122,경기도,포천시,가람누리문화공원전망대,41,포천 2024_07.csv,문화관광,랜드마크관광
포천,2024,7,2024-07,122,경기도,포천시,갈월버섯농장,41,포천 2024_07.csv,체험관광,농/산/어촌체험
포천,2024,7,2024-07,124,경기도,포천시,선유담계곡,40,포천 2024_07.csv,자연관광,자연경관(산)
포천,2024,7,2024-07,124,경기도,포천시,깊이울저수지,40,포천 2024_07.csv,자연관광,자연경관(하천/해양)
포천,2024,7,2024-07,126,경기도,포천시,태국군참전비,38,포천 2024_07.csv,역사관광,역사유물
포천,2024,7,2024-07,127,경기도,포천시,광암이벽유적지,37,포천 2024_07.csv,역사관광,역사유적지
포천,2024,7,2024-07,127,경기도,포천시,Y스포츠센터,37,포천 2024_07.csv,레저스포츠,기타레저스포츠
포천,2024,7,2024-07,127,경기도,포천시,메향낚시터,37,포천 2024_07.csv,레저스포츠,수상레저스포츠
포천,2024,7,2024-07,130,경기도,포천시,지청낚시터,36,포천 2024_07.csv,레저스포츠,수상레저스포츠
포천,2024,7,2024-07,130,경기도,포천시,백운산,36,포천 2024_07.csv,자연관광,자연경관(산)
포천,2024,7,2024-07,132,경기도,포천시,블루밍팜,34,포천 2024_07.csv,체험관광,농/산/어촌체험
포천,2024,7,2024-07,132,경기도,포천시,송일농장,34,포천 2024_07.csv,체험관광,농/산/어촌체험
포천,2024,7,2024-07,132,경기도,포천시,호스랜드승마클럽,34,포천 2024_07.csv,레저스포츠,육상레저스포츠
포천,2024,7,2024-07,132,경기도,포천시,명산저수지,34,포천 2024_07.csv,자연관광,자연경관(하천/해양)
포천,2024,7,2024-07,132,경기도,포천시,산정랜드,34,포천 2024_07.csv,문화관광,복합관광시설
포천,2024,7,2024-07,132,경기도,포천시,향원재,34,포천 2024_07.csv,역사관광,역사유적지
포천,2024,7,2024-07,138,경기도,포천시,레이크밸리 승마클럽,33,포천 2024_07.csv,레저스포츠,기타레저스포츠
포천,2024,7,2024-07,138,경기도,포천시,중리저수지,33,포천 2024_07.csv,자연관광,자연경관(하천/해양)
포천,2024,7,2024-07,140,경기도,포천시,모돈갤러리,32,포천 2024_07.csv,문화관광,전시시설
포천,2024,7,2024-07,141,경기도,포천시,태봉공원,28,포천 2024_07.csv,문화관광,도시공원
포천,2024,7,2024-07,141,경기도,포천시,포천파크골프장,28,포천 2024_07.csv,레저스포츠,기타레저스포츠
포천,2024,7,2024-07,143,경기도,포천시,국립산림박물관,25,포천 2024_07.csv,문화관광,전시시설
포천,2024,7,2024-07,143,경기도,포천시,냉정낚시터,25,포천 2024_07.csv,레저스포츠,수상레저스포츠
포천,2024,7,2024-07,143,경기도,포천시,포천아트밸리천문과학관,25,포천 2024_07.csv,문화관광,전시시설
포천,2024,7,2024-07,146,경기도,포천시,관음사,22,포천 2024_07.csv,역사관광,종교성지
포천,2024,7,2024-07,147,경기도,포천시,밤밭실내장어낚시터,20,포천 2024_07.csv,레저스포츠,수상레저스포츠
포천,2024,7,2024-07,147,경기도,포천시,소흘생활체육공원제1축구장,20,포천 2024_07.csv,문화관광,레저스포츠시설
포천,2024,7,2024-07,149,경기도,포천시,용연서원,19,포천 2024_07.csv,역사관광,역사유적지
포천,2024,7,2024-07,149,경기도,포천시,키즈필포천송우점,19,포천 2024_07.csv,문화관광,테마공원
포천,2024,7,2024-07,151,경기도,포천시,한탄강주상절리길3코스,18,포천 2024_07.csv,레저스포츠,기타레저스포츠
포천,2024,7,2024-07,151,경기도,포천시,향림사,18,포천 2024_07.csv,역사관광,종교성지
포천,2024,7,2024-07,151,경기도,포천시,천주사,18,포천 2024_07.csv,역사관광,종교성지
포천,2024,7,2024-07,151,경기도,포천시,천해사,18,포천 2024_07.csv,역사관광,종교성지
포천,2024,7,2024-07,155,경기도,포천시,충목단,17,포천 2024_07.csv,역사관광,역사유적지
포천,2024,7,2024-07,155,경기도,포천시,운악레저타운,17,포천 2024_07.csv,레저스포츠,기타레저스포츠
포천,2024,7,2024-07,155,경기도,포천시,옥병서원,17,포천 2024_07.csv,역사관광,역사유적지
포천,2024,7,2024-07,158,경기도,포천시,포천목공체험장,16,포천 2024_07.csv,문화관광,기타문화관광지
포천,2024,7,2024-07,158,경기도,포천시,포천종합운동장보조구장,16,포천 2024_07.csv,문화관광,레저스포츠시설
포천,2024,7,2024-07,158,경기도,포천시,산정에코물놀이장,16,포천 2024_07.csv,레저스포츠,수상레저스포츠
포천,2024,7,2024-07,158,경기도,포천시,실상선원,16,포천 2024_07.csv,역사관광,종교성지
포천,2024,7,2024-07,158,경기도,포천시,이항복선생묘,16,포천 2024_07.csv,역사관광,역사유적지
포천,2024,7,2024-07,158,경기도,포천시,한탄강야생화공원,16,포천 2024_07.csv,문화관광,도시공원
포천,2024,7,2024-07,158,경기도,포천시,지장산유원지,16,포천 2024_07.csv,문화관광,복합관광시설
포천,2024,7,2024-07,165,경기도,포천시,백로주유원지,15,포천 2024_07.csv,문화관광,복합관광시설
포천,2024,7,2024-07,166,경기도,포천시,관인문화마을,14,포천 2024_07.csv,기타관광,기타관광
포천,2024,7,2024-07,166,경기도,포천시,레더준,14,포천 2024_07.csv,체험관광,공예체험
포천,2024,7,2024-07,166,경기도,포천시,보문정사,14,포천 2024_07.csv,역사관광,종교성지
포천,2024,7,2024-07,166,경기도,포천시,다래레저,14,포천 2024_07.csv,레저스포츠,수상레저스포츠
포천,2024,7,2024-07,170,경기도,포천시,각흘산,13,포천 2024_07.csv,자연관광,자연경관(산)
포천,2024,7,2024-07,170,경기도,포천시,마홀축구장,13,포천 2024_07.csv,문화관광,레저스포츠시설
포천,2024,7,2024-07,172,경기도,포천시,초가낚시터,12,포천 2024_07.csv,레저스포츠,수상레저스포츠
포천,2024,7,2024-07,172,경기도,포천시,도연암,12,포천 2024_07.csv,역사관광,종교성지
포천,2024,7,2024-07,174,경기도,포천시,화산서원,11,포천 2024_07.csv,역사관광,역사유적지
포천,2024,7,2024-07,174,경기도,포천시,각흘계곡,11,포천 2024_07.csv,자연관광,자연경관(산)
포천,2024,7,2024-07,174,경기도,포천시,미륵박물관,11,포천 2024_07.csv,문화관광,전시시설
포천,2024,7,2024-07,174,경기도,포천시,포천향교,11,포천 2024_07.csv,역사관광,역사유적지
포천,2024,7,2024-07,174,경기도,포천시,천주호,11,포천 2024_07.csv,자연관광,자연경관(하천/해양)
포천,2024,7,2024-07,179,경기도,포천시,포천탁구클럽,10,포천 2024_07.csv,레저스포츠,기타레저스포츠
포천,2024,7,2024-07,179,경기도,포천시,초계목장,10,포천 2024_07.csv,체험관광,농/산/어촌체험
포천,2024,7,2024-07,179,경기도,포천시,쌍불사,10,포천 2024_07.csv,역사관광,종교성지
포천,2024,7,2024-07,179,경기도,포천시,왕방산왕방사방면,10,포천 2024_07.csv,자연관광,자연경관(산)
포천,2024,7,2024-07,179,경기도,포천시,성불암,10,포천 2024_07.csv,역사관광,종교성지
포천,2024,7,2024-07,179,경기도,포천시,미트빌연합사업단,10,포천 2024_07.csv,쇼핑,시장
포천,2024,7,2024-07,179,경기도,포천시,허브아일랜드불빛동화축제,10,포천 2024_07.csv,문화관광,기타문화관광지
포천,2024,7,2024-07,179,경기도,포천시,한탄강대교천현무암협곡,10,포천 2024_07.csv,기타관광,기타관광
포천,2024,7,2024-07,187,경기도,포천시,권종충신문,9,포천 2024_07.csv,역사관광,역사유적지
포천,2024,7,2024-07,187,경기도,포천시,화현이벽성지,9,포천 2024_07.csv,역사관광,역사유적지
포천,2024,7,2024-07,187,경기도,포천시,베어스타운CC휴업중,9,포천 2024_07.csv,레저스포츠,육상레저스포츠
포천,2024,7,2024-07,187,경기도,포천시,내리공설시장,9,포천 2024_07.csv,쇼핑,시장
포천,2024,7,2024-07,187,경기도,포천시,능원관광낚시터,9,포천 2024_07.csv,레저스포츠,수상레저스포츠
포천,2024,7,2024-07,187,경기도,포천시,승법사,9,포천 2024_07.csv,역사관광,종교성지
포천,2024,7,2024-07,187,경기도,포천시,포천용담저수지,9,포천 2024_07.csv,자연관광,자연경관(하천/해양)
포천,2024,7,2024-07,187,경기도,포천시,한탄임진강지질공원,9,포천 2024_07.csv,문화관광,도시공원
포천,2024,7,2024-07,195,경기도,포천시,기원정사,8,포천 2024_07.csv,역사관광,종교성지
포천,2024,7,2024-07,196,경기도,포천시,부소천교,7,포천 2024_07.csv,기타관광,기타관광
포천,2024,7,2024-07,196,경기도,포천시,한탄강생태경관단지,7,포천 2024_07.csv,기타관광,기타관광
포천,2024,7,2024-07,196,경기도,포천시,일동금주산양어장,7,포천 2024_07.csv,체험관광,농/산/어촌체험
포천,2024,7,2024-07,196,경기도,포천시,낙천지폭포,7,포천 2024_07.csv,자연관광,자연경관(산)
포천,2024,7,2024-07,196,경기도,포천시,화요공방,7,포천 2024_07.csv,체험관광,공예체험
포천,2024,7,2024-07,196,경기도,포천시,마전저수지,7,포천 2024_07.csv,자연관광,자연경관(하천/해양)
포천,2024,7,2024-07,196,경기도,포천시,전운사,7,포천 2024_07.csv,역사관광,종교성지
포천,2024,7,2024-07,196,경기도,포천시,금수정,7,포천 2024_07.csv,역사관광,역사유적지
포천,2024,7,2024-07,196,경기도,포천시,국봉사,7,포천 2024_07.csv,역사관광,종교성지
포천,2024,7,2024-07,196,경기도,포천시,금불사,7,포천 2024_07.csv,역사관광,종교성지
포천,2024,7,2024-07,206,경기도,포천시,한탄강주상절리길2코스,6,포천 2024_07.csv,레저스포츠,기타레저스포츠
포천,2024,7,2024-07,206,경기도,포천시,포천초과리오리나무,6,포천 2024_07.csv,기타관광,기타관광
포천,2024,7,2024-07,206,경기도,포천시,포천소민농장,6,포천 2024_07.csv,체험관광,농/산/어촌체험
포천,2024,7,2024-07,206,경기도,포천시,신읍동도시재생어울림센터2,6,포천 2024_07.csv,문화관광,기타문화관광지
포천,2024,7,2024-07,206,경기도,포천시,약사계곡,6,포천 2024_07.csv,자연관광,자연경관(산)
포천,2024,7,2024-07,206,경기도,포천시,선단문화공원,6,포천 2024_07.csv,문화관광,도시공원
포천,2024,7,2024-07,206,경기도,포천시,포천직두리의부부송,6,포천 2024_07.csv,역사관광,역사유적지
포천,2024,7,2024-07,206,경기도,포천시,명성산,6,포천 2024_07.csv,자연관광,자연경관(산)
포천,2024,7,2024-07,206,경기도,포천시,밤밭지,6,포천 2024_07.csv,자연관광,자연경관(하천/해양)
포천,2024,7,2024-07,206,경기도,포천시,만덕사,6,포천 2024_07.csv,역사관광,종교성지
포천,2024,7,2024-07,206,경기도,포천시,운주사,6,포천 2024_07.csv,역사관광,종교성지
포천,2024,7,2024-07,206,경기도,포천시,포천반월성,6,포천 2024_07.csv,역사관광,역사유적지
포천,2024,7,2024-07,206,경기도,포천시,고모지,6,포천 2024_07.csv,자연관광,자연경관(하천/해양)
포천,2024,7,2024-07,206,경기도,포천시,포천운산리자연생태공원,6,포천 2024_07.csv,문화관광,도시공원
포천,2024,7,2024-07,206,경기도,포천시,토우공방,6,포천 2024_07.csv,체험관광,공예체험
포천,2024,7,2024-07,206,경기도,포천시,지질트레일1코스,6,포천 2024_07.csv,레저스포츠,기타레저스포츠
포천,2024,7,2024-07,206,경기도,포천시,옥금수계곡,6,포천 2024_07.csv,기타관광,기타관광
포천,2024,7,2024-07,206,경기도,포천시,동교하우스낚시터,6,포천 2024_07.csv,레저스포츠,수상레저스포츠
포천,2024,7,2024-07,206,경기도,포천시,용주암,6,포천 2024_07.csv,역사관광,종교성지
포천,2024,7,2024-07,206,경기도,포천시,향적사,6,포천 2024_07.csv,역사관광,종교성지
포천,2024,7,2024-07,226,경기도,포천시,베스트원스포츠,5,포천 2024_07.csv,레저스포츠,기타레저스포츠
포천,2024,7,2024-07,226,경기도,포천시,포천허브아일랜드 자동차극장,5,포천 2024_07.csv,문화관광,공연시설
포천,2024,7,2024-07,226,경기도,포천시,루지월드베어스타운점,5,포천 2024_07.csv,레저스포츠,기타레저스포츠
포천,2024,7,2024-07,226,경기도,포천시,천우문학관,5,포천 2024_07.csv,문화관광,기타문화관광지
포천,2024,7,2024-07,226,경기도,포천시,광릉분재예술공원,5,포천 2024_07.csv,문화관광,도시공원
포천,2024,7,2024-07,226,경기도,포천시,솔모루공원,5,포천 2024_07.csv,문화관광,도시공원
포천,2024,7,2024-07,232,경기도,포천시,아쿠아스마트팜,4,포천 2024_07.csv,체험관광,농/산/어촌체험
포천,2024,7,2024-07,232,경기도,포천시,산정호수관광단지,4,포천 2024_07.csv,문화관광,복합관광시설
포천,2024,7,2024-07,232,경기도,포천시,왕방산,4,포천 2024_07.csv,자연관광,자연경관(산)
포천,2024,7,2024-07,232,경기도,포천시,대안사,4,포천 2024_07.csv,역사관광,종교성지
포천,2024,7,2024-07,232,경기도,포천시,천인계곡유원지,4,포천 2024_07.csv,문화관광,복합관광시설
포천,2024,7,2024-07,232,경기도,포천시,도평리터미널,4,포천 2024_07.csv,기타관광,교통시설
포천,2024,7,2024-07,232,경기도,포천시,우금소류지,4,포천 2024_07.csv,자연관광,자연경관(하천/해양)
포천,2024,7,2024-07,232,경기도,포천시,근선목장,4,포천 2024_07.csv,체험관광,농/산/어촌체험
포천,2024,7,2024-07,232,경기도,포천시,철갑상어농장,4,포천 2024_07.csv,체험관광,농/산/어촌체험
포천,2024,7,2024-07,232,경기도,포천시,호롱불마을최공방,4,포천 2024_07.csv,체험관광,공예체험
포천,2024,7,2024-07,242,경기도,포천시,포천정,3,포천 2024_07.csv,레저스포츠,육상레저스포츠
포천,2024,7,2024-07,242,경기도,포천시,넉고개포도농원,3,포천 2024_07.csv,체험관광,농/산/어촌체험
포천,2024,7,2024-07,242,경기도,포천시,아딸농원,3,포천 2024_07.csv,체험관광,농/산/어촌체험
포천,2024,7,2024-07,242,경기도,포천시,구라이골,3,포천 2024_07.csv,기타관광,기타관광
포천,2024,7,2024-07,242,경기도,포천시,채소한의식탁,3,포천 2024_07.csv,체험관광,농/산/어촌체험
포천,2024,7,2024-07,242,경기도,포천시,원통사,3,포천 2024_07.csv,역사관광,종교성지
포천,2024,7,2024-07,242,경기도,포천시,아이예쁘지요농원,3,포천 2024_07.csv,체험관광,농/산/어촌체험
포천,2024,7,2024-07,242,경기도,포천시,한탄강테마파크,3,포천 2024_07.csv,문화관광,테마공원
포천,2024,7,2024-07,242,경기도,포천시,포천하늘딸기농장,3,포천 2024_07.csv,체험관광,농/산/어촌체험
포천,2024,7,2024-07,242,경기도,포천시,포천체육공원어린이물놀이장,3,포천 2024_07.csv,문화관광,테마공원
포천,2024,7,2024-07,242,경기도,포천시,올레농장,3,포천 2024_07.csv,체험관광,농/산/어촌체험
포천,2024,7,2024-07,242,경기도,포천시,포천음악창작소,3,포천 2024_07.csv,문화관광,기타문화관광지
포천,2024,7,2024-07,242,경기도,포천시,새일목장,3,포천 2024_07.csv,체험관광,농/산/어촌체험
포천,2024,7,2024-07,242,경기도,포천시,수목원낚시터,3,포천 2024_07.csv,레저스포츠,수상레저스포츠
포천,2024,7,2024-07,242,경기도,포천시,유식물원,3,포천 2024_07.csv,문화관광,테마공원
포천,2024,7,2024-07,242,경기도,포천시,극락사,3,포천 2024_07.csv,역사관광,종교성지
포천,2024,7,2024-07,242,경기도,포천시,용화사,3,포천 2024_07.csv,역사관광,종교성지
포천,2024,7,2024-07,242,경기도,포천시,직동낚시터,3,포천 2024_07.csv,레저스포츠,수상레저스포츠
포천,2024,7,2024-07,242,경기도,포천시,고산식물원,3,포천 2024_07.csv,문화관광,테마공원
포천,2024,7,2024-07,242,경기도,포천시,신안농장,3,포천 2024_07.csv,체험관광,농/산/어촌체험
포천,2024,7,2024-07,242,경기도,포천시,무림사,3,포천 2024_07.csv,역사관광,종교성지
포천,2024,7,2024-07,242,경기도,포천시,비즈아쿠아,3,포천 2024_07.csv,문화관광,테마공원
포천,2024,7,2024-07,242,경기도,포천시,삼정계곡,3,포천 2024_07.csv,문화관광,복합관광시설
포천,2024,7,2024-07,242,경기도,포천시,늘푸른농장,3,포천 2024_07.csv,체험관광,농/산/어촌체험
포천,2024,7,2024-07,242,경기도,포천시,영평천,3,포천 2024_07.csv,자연관광,자연공원
포천,2024,7,2024-07,242,경기도,포천시,홀스킹덤팜스테이,3,포천 2024_07.csv,레저스포츠,육상레저스포츠
포천,2024,7,2024-07,242,경기도,포천시,서운동산어린이동물농장,3,포천 2024_07.csv,기타관광,기타관광
포천,2024,7,2024-07,242,경기도,포천시,청계유원지,3,포천 2024_07.csv,문화관광,복합관광시설
포천,2024,7,2024-07,242,경기도,포천시,고모리수상레저,3,포천 2024_07.csv,레저스포츠,기타레저스포츠
포천,2024,7,2024-07,242,경기도,포천시,하심곡,3,포천 2024_07.csv,자연관광,자연경관(하천/해양)
포천,2024,7,2024-07,242,경기도,포천시,지동산촌잣나무목공예실,3,포천 2024_07.csv,기타관광,기타관광
포천,2024,7,2024-07,242,경기도,포천시,송광사,3,포천 2024_07.csv,역사관광,종교성지
포천,2024,7,2024-07,242,경기도,포천시,보림사,3,포천 2024_07.csv,역사관광,종교성지
포천,2024,7,2024-07,242,경기도,포천시,독수리유격대전적비,3,포천 2024_07.csv,역사관광,역사유물
포천,2024,7,2024-07,242,경기도,포천시,중리테마파크낚시터,3,포천 2024_07.csv,레저스포츠,수상레저스포츠
포천,2024,7,2024-07,242,경기도,포천시,관음사,3,포천 2024_07.csv,역사관광,종교성지
포천,2024,7,2024-07,242,경기도,포천시,영천목장,3,포천 2024_07.csv,체험관광,농/산/어촌체험
포천,2024,7,2024-07,242,경기도,포천시,영풍농원,3,포천 2024_07.csv,체험관광,농/산/어촌체험
포천,2024,7,2024-07,242,경기도,포천시,천은사,3,포천 2024_07.csv,역사관광,종교성지
포천,2024,7,2024-07,242,경기도,포천시,포천레이스웨이,3,포천 2024_07.csv,레저스포츠,육상레저스포츠
포천,2024,8,2024-08,1,경기도,포천시,백운계곡,17838,포천 2024_08.csv,자연관광,자연경관(산)
포천,2024,8,2024-08,2,경기도,포천시,국립수목원,8293,포천 2024_08.csv,문화관광,테마공원
포천,2024,8,2024-08,3,경기도,포천시,산정호수,7322,포천 2024_08.csv,자연관광,자연경관(하천/해양)
포천,2024,8,2024-08,4,경기도,포천시,포천힐스CC,6937,포천 2024_08.csv,레저스포츠,육상레저스포츠
포천,2024,8,2024-08,5,경기도,포천시,포레스트힐CC,6667,포천 2024_08.csv,레저스포츠,육상레저스포츠
포천,2024,8,2024-08,6,경기도,포천시,푸른솔GC포천,6618,포천 2024_08.csv,레저스포츠,육상레저스포츠
포천,2024,8,2024-08,7,경기도,포천시,라싸GC,6047,포천 2024_08.csv,레저스포츠,육상레저스포츠
포천,2024,8,2024-08,8,경기도,포천시,베어크리크GC,5966,포천 2024_08.csv,레저스포츠,육상레저스포츠
포천,2024,8,2024-08,9,경기도,포천시,포천아트밸리,5724,포천 2024_08.csv,문화관광,공연시설
포천,2024,8,2024-08,10,경기도,포천시,필로스GC,5269,포천 2024_08.csv,레저스포츠,육상레저스포츠
포천,2024,8,2024-08,11,경기도,포천시,포천힐마루CC,4895,포천 2024_08.csv,레저스포츠,육상레저스포츠
포천,2024,8,2024-08,12,경기도,포천시,고모저수지,4623,포천 2024_08.csv,자연관광,자연경관(하천/해양)
포천,2024,8,2024-08,13,경기도,포천시,포천아도니스CC,4591,포천 2024_08.csv,레저스포츠,육상레저스포츠
포천,2024,8,2024-08,14,경기도,포천시,비둘기낭폭포,4435,포천 2024_08.csv,자연관광,자연경관(산)
포천,2024,8,2024-08,15,경기도,포천시,몽베르CC,4266,포천 2024_08.csv,레저스포츠,육상레저스포츠
포천,2024,8,2024-08,16,경기도,포천시,신북온천스프링폴,3893,포천 2024_08.csv,체험관광,웰니스관광
포천,2024,8,2024-08,17,경기도,포천시,일동시외버스터미널,3652,포천 2024_08.csv,기타관광,교통시설
포천,2024,8,2024-08,18,경기도,포천시,샴발라CC,3235,포천 2024_08.csv,레저스포츠,육상레저스포츠
포천,2024,8,2024-08,19,경기도,포천시,참밸리컨트리클럽,3104,포천 2024_08.csv,레저스포츠,육상레저스포츠
포천,2024,8,2024-08,20,경기도,포천시,일동레이크GC,3011,포천 2024_08.csv,레저스포츠,육상레저스포츠
포천,2024,8,2024-08,21,경기도,포천시,허브아일랜드,2323,포천 2024_08.csv,체험관광,농/산/어촌체험
포천,2024,8,2024-08,22,경기도,포천시,페리아도워터파크,2318,포천 2024_08.csv,문화관광,테마공원
포천,2024,8,2024-08,23,경기도,포천시,백운계곡유원지,2236,포천 2024_08.csv,문화관광,복합관광시설
포천,2024,8,2024-08,24,경기도,포천시,CGV포천,1990,포천 2024_08.csv,문화관광,공연시설
포천,2024,8,2024-08,25,경기도,포천시,지장산계곡,1959,포천 2024_08.csv,자연관광,자연경관(산)
포천,2024,8,2024-08,26,경기도,포천시,포천한탄강하늘다리,1797,포천 2024_08.csv,기타관광,기타관광
포천,2024,8,2024-08,27,경기도,포천시,포천블루파크,1746,포천 2024_08.csv,문화관광,테마공원
포천,2024,8,2024-08,28,경기도,포천시,도마치계곡,1486,포천 2024_08.csv,자연관광,자연경관(산)
포천,2024,8,2024-08,29,경기도,포천시,제일유황온천,1413,포천 2024_08.csv,체험관광,웰니스관광
포천,2024,8,2024-08,30,경기도,포천시,송우시외버스터미널,1264,포천 2024_08.csv,기타관광,교통시설
포천,2024,8,2024-08,31,경기도,포천시,산사원,1261,포천 2024_08.csv,문화관광,전시시설
포천,2024,8,2024-08,32,경기도,포천시,포천반월아트홀,1043,포천 2024_08.csv,문화관광,공연시설
포천,2024,8,2024-08,33,경기도,포천시,베어스타운스키장휴업중,1002,포천 2024_08.csv,레저스포츠,육상레저스포츠
포천,2024,8,2024-08,34,경기도,포천시,깊이울유원지,978,포천 2024_08.csv,문화관광,복합관광시설
포천,2024,8,2024-08,35,경기도,포천시,운악산자연휴양림,972,포천 2024_08.csv,자연관광,자연공원
포천,2024,8,2024-08,36,경기도,포천시,포천시외버스터미널,947,포천 2024_08.csv,기타관광,교통시설
포천,2024,8,2024-08,37,경기도,포천시,호국금강사,874,포천 2024_08.csv,역사관광,종교성지
포천,2024,8,2024-08,38,경기도,포천시,축석고개,846,포천 2024_08.csv,자연관광,자연경관(산)
포천,2024,8,2024-08,39,경기도,포천시,어메이징파크,806,포천 2024_08.csv,문화관광,전시시설
포천,2024,8,2024-08,40,경기도,포천시,한탄강지질공원센터,746,포천 2024_08.csv,문화관광,전시시설
포천,2024,8,2024-08,41,경기도,포천시,동교낚시터,736,포천 2024_08.csv,레저스포츠,수상레저스포츠
포천,2024,8,2024-08,42,경기도,포천시,초원낚시터,708,포천 2024_08.csv,레저스포츠,수상레저스포츠
포천,2024,8,2024-08,43,경기도,포천시,밤밭낚시터,680,포천 2024_08.csv,레저스포츠,수상레저스포츠
포천,2024,8,2024-08,44,경기도,포천시,락가든GC,676,포천 2024_08.csv,레저스포츠,육상레저스포츠
포천,2024,8,2024-08,45,경기도,포천시,포천아도니스퍼블릭CC,646,포천 2024_08.csv,레저스포츠,육상레저스포츠
포천,2024,8,2024-08,46,경기도,포천시,포천이동갈비바베큐축제,625,포천 2024_08.csv,문화관광,기타문화관광지
포천,2024,8,2024-08,47,경기도,포천시,가산낚시터,620,포천 2024_08.csv,레저스포츠,수상레저스포츠
포천,2024,8,2024-08,48,경기도,포천시,한탄강주상절리길1코스,598,포천 2024_08.csv,레저스포츠,기타레저스포츠
포천,2024,8,2024-08,49,경기도,포천시,포천5일장,596,포천 2024_08.csv,쇼핑,시장
포천,2024,8,2024-08,50,경기도,포천시,주파크,581,포천 2024_08.csv,문화관광,테마공원
포천,2024,8,2024-08,51,경기도,포천시,흥룡사,560,포천 2024_08.csv,역사관광,종교성지
포천,2024,8,2024-08,52,경기도,포천시,마전낚시터,547,포천 2024_08.csv,레저스포츠,수상레저스포츠
포천,2024,8,2024-08,53,경기도,포천시,아프리카예술박물관,536,포천 2024_08.csv,문화관광,전시시설
포천,2024,8,2024-08,54,경기도,포천시,서운동산,535,포천 2024_08.csv,문화관광,복합관광시설
포천,2024,8,2024-08,55,경기도,포천시,쌍방죽낚시터,522,포천 2024_08.csv,레저스포츠,수상레저스포츠
포천,2024,8,2024-08,56,경기도,포천시,천보산자연휴양림,499,포천 2024_08.csv,자연관광,자연공원
포천,2024,8,2024-08,57,경기도,포천시,백운계곡국민관광지,461,포천 2024_08.csv,문화관광,복합관광시설
포천,2024,8,2024-08,58,경기도,포천시,포천염광수련원,438,포천 2024_08.csv,레저스포츠,육상레저스포츠
포천,2024,8,2024-08,59,경기도,포천시,도성사,430,포천 2024_08.csv,역사관광,종교성지
포천,2024,8,2024-08,60,경기도,포천시,내촌낚시터,411,포천 2024_08.csv,레저스포츠,수상레저스포츠
포천,2024,8,2024-08,61,경기도,포천시,낭만닥터김사부촬영지,409,포천 2024_08.csv,문화관광,기타문화관광지
포천,2024,8,2024-08,62,경기도,포천시,가산저수지,399,포천 2024_08.csv,자연관광,자연경관(하천/해양)
포천,2024,8,2024-08,63,경기도,포천시,포천수원산정상전망대,385,포천 2024_08.csv,문화관광,랜드마크관광
포천,2024,8,2024-08,64,경기도,포천시,수목원고모호수공원,384,포천 2024_08.csv,문화관광,도시공원
포천,2024,8,2024-08,65,경기도,포천시,소흘생활체육공원,377,포천 2024_08.csv,문화관광,도시공원
포천,2024,8,2024-08,66,경기도,포천시,포천패션타운,365,포천 2024_08.csv,쇼핑,쇼핑몰
포천,2024,8,2024-08,67,경기도,포천시,포천화적연,358,포천 2024_08.csv,자연관광,자연경관(하천/해양)
포천,2024,8,2024-08,68,경기도,포천시,평강랜드,355,포천 2024_08.csv,문화관광,테마공원
포천,2024,8,2024-08,69,경기도,포천시,프로방스빌리지수영장,345,포천 2024_08.csv,문화관광,테마공원
포천,2024,8,2024-08,70,경기도,포천시,냉정저수지,332,포천 2024_08.csv,자연관광,자연경관(하천/해양)
포천,2024,8,2024-08,71,경기도,포천시,도마치계곡유원지,287,포천 2024_08.csv,문화관광,복합관광시설
포천,2024,8,2024-08,72,경기도,포천시,수목원프로방스,263,포천 2024_08.csv,자연관광,자연공원
포천,2024,8,2024-08,73,경기도,포천시,새마을낚시터,260,포천 2024_08.csv,레저스포츠,수상레저스포츠
포천,2024,8,2024-08,74,경기도,포천시,용담대물낚시터,246,포천 2024_08.csv,레저스포츠,수상레저스포츠
포천,2024,8,2024-08,75,경기도,포천시,청계지,245,포천 2024_08.csv,자연관광,자연경관(하천/해양)
포천,2024,8,2024-08,76,경기도,포천시,청성역사공원,242,포천 2024_08.csv,문화관광,도시공원
포천,2024,8,2024-08,77,경기도,포천시,국망봉자연휴양림,241,포천 2024_08.csv,자연관광,자연공원
포천,2024,8,2024-08,78,경기도,포천시,포천하늘아래치유의숲,239,포천 2024_08.csv,기타관광,기타관광
포천,2024,8,2024-08,79,경기도,포천시,포천야구장,237,포천 2024_08.csv,문화관광,레저스포츠시설
포천,2024,8,2024-08,80,경기도,포천시,직두리낚시터,234,포천 2024_08.csv,레저스포츠,수상레저스포츠
포천,2024,8,2024-08,80,경기도,포천시,광릉수목원자동차극장,234,포천 2024_08.csv,문화관광,공연시설
포천,2024,8,2024-08,82,경기도,포천시,가농바이오농장,220,포천 2024_08.csv,체험관광,농/산/어촌체험
포천,2024,8,2024-08,83,경기도,포천시,포천스포츠센터,214,포천 2024_08.csv,레저스포츠,기타레저스포츠
포천,2024,8,2024-08,84,경기도,포천시,포천가구공단,198,포천 2024_08.csv,쇼핑,기타쇼핑시설
포천,2024,8,2024-08,85,경기도,포천시,운천낚시공원,196,포천 2024_08.csv,레저스포츠,수상레저스포츠
포천,2024,8,2024-08,86,경기도,포천시,코버월드,187,포천 2024_08.csv,문화관광,전시시설
포천,2024,8,2024-08,87,경기도,포천시,포천축구공원,186,포천 2024_08.csv,문화관광,도시공원
포천,2024,8,2024-08,88,경기도,포천시,한화리조트산정호수온천,178,포천 2024_08.csv,체험관광,웰니스관광
포천,2024,8,2024-08,89,경기도,포천시,포천신읍시장,177,포천 2024_08.csv,쇼핑,시장
포천,2024,8,2024-08,90,경기도,포천시,왕달아포도농원,174,포천 2024_08.csv,체험관광,농/산/어촌체험
포천,2024,8,2024-08,91,경기도,포천시,금주낚시터,173,포천 2024_08.csv,레저스포츠,수상레저스포츠
포천,2024,8,2024-08,92,경기도,포천시,포천자동차극장,171,포천 2024_08.csv,문화관광,공연시설
포천,2024,8,2024-08,93,경기도,포천시,황금낚시터,167,포천 2024_08.csv,레저스포츠,수상레저스포츠
포천,2024,8,2024-08,94,경기도,포천시,송우공설시장,163,포천 2024_08.csv,쇼핑,시장
포천,2024,8,2024-08,94,경기도,포천시,운천재래시장,163,포천 2024_08.csv,쇼핑,시장
포천,2024,8,2024-08,96,경기도,포천시,왕산사,160,포천 2024_08.csv,역사관광,종교성지
포천,2024,8,2024-08,97,경기도,포천시,길명낚시공원,154,포천 2024_08.csv,레저스포츠,수상레저스포츠
포천,2024,8,2024-08,98,경기도,포천시,선유담계곡,139,포천 2024_08.csv,자연관광,자연경관(산)
포천,2024,8,2024-08,99,경기도,포천시,금주저수지,136,포천 2024_08.csv,자연관광,자연경관(하천/해양)
포천,2024,8,2024-08,100,경기도,포천시,약천사,127,포천 2024_08.csv,역사관광,종교성지
포천,2024,8,2024-08,101,경기도,포천시,교동가마소,113,포천 2024_08.csv,기타관광,기타관광
포천,2024,8,2024-08,102,경기도,포천시,황금프라자,112,포천 2024_08.csv,쇼핑,쇼핑몰
포천,2024,8,2024-08,103,경기도,포천시,클라우드시네마,106,포천 2024_08.csv,문화관광,공연시설
포천,2024,8,2024-08,104,경기도,포천시,자인사,99,포천 2024_08.csv,역사관광,종교성지
포천,2024,8,2024-08,104,경기도,포천시,나남수목원,99,포천 2024_08.csv,자연관광,자연공원
포천,2024,8,2024-08,106,경기도,포천시,황새목낚시터,96,포천 2024_08.csv,레저스포츠,수상레저스포츠
포천,2024,8,2024-08,107,경기도,포천시,설운체육공원,94,포천 2024_08.csv,문화관광,도시공원
포천,2024,8,2024-08,108,경기도,포천시,구담사,91,포천 2024_08.csv,역사관광,종교성지
포천,2024,8,2024-08,109,경기도,포천시,광암이벽유적지,87,포천 2024_08.csv,역사관광,역사유적지
포천,2024,8,2024-08,110,경기도,포천시,산정호수조각공원,82,포천 2024_08.csv,문화관광,도시공원
포천,2024,8,2024-08,111,경기도,포천시,가람누리문화공원전망대,80,포천 2024_08.csv,문화관광,랜드마크관광
포천,2024,8,2024-08,112,경기도,포천시,각흘계곡,79,포천 2024_08.csv,자연관광,자연경관(산)
포천,2024,8,2024-08,113,경기도,포천시,한과문화박물관,74,포천 2024_08.csv,문화관광,전시시설
포천,2024,8,2024-08,113,경기도,포천시,멍우리협곡,74,포천 2024_08.csv,자연관광,자연경관(산)
포천,2024,8,2024-08,115,경기도,포천시,호스랜드승마클럽,73,포천 2024_08.csv,레저스포츠,육상레저스포츠
포천,2024,8,2024-08,115,경기도,포천시,백운산,73,포천 2024_08.csv,자연관광,자연경관(산)
포천,2024,8,2024-08,115,경기도,포천시,포천체육공원,73,포천 2024_08.csv,문화관광,도시공원
포천,2024,8,2024-08,115,경기도,포천시,일동시장,73,포천 2024_08.csv,쇼핑,시장
포천,2024,8,2024-08,119,경기도,포천시,한탄강팔호유원지,68,포천 2024_08.csv,문화관광,복합관광시설
포천,2024,8,2024-08,120,경기도,포천시,도리돌문화교류센터,66,포천 2024_08.csv,레저스포츠,기타레저스포츠
포천,2024,8,2024-08,120,경기도,포천시,백로주유원지,66,포천 2024_08.csv,문화관광,복합관광시설
포천,2024,8,2024-08,122,경기도,포천시,포천아트밸리천문과학관,63,포천 2024_08.csv,문화관광,전시시설
포천,2024,8,2024-08,122,경기도,포천시,지장산유원지,63,포천 2024_08.csv,문화관광,복합관광시설
포천,2024,8,2024-08,124,경기도,포천시,태산낚시터,61,포천 2024_08.csv,레저스포츠,수상레저스포츠
포천,2024,8,2024-08,125,경기도,포천시,중리저수지,60,포천 2024_08.csv,자연관광,자연경관(하천/해양)
포천,2024,8,2024-08,126,경기도,포천시,국립산림박물관,58,포천 2024_08.csv,문화관광,전시시설
포천,2024,8,2024-08,127,경기도,포천시,모돈갤러리,54,포천 2024_08.csv,문화관광,전시시설
포천,2024,8,2024-08,127,경기도,포천시,화엄사,54,포천 2024_08.csv,역사관광,종교성지
포천,2024,8,2024-08,129,경기도,포천시,어하고개,52,포천 2024_08.csv,자연관광,자연경관(산)
포천,2024,8,2024-08,130,경기도,포천시,산정랜드,47,포천 2024_08.csv,문화관광,복합관광시설
포천,2024,8,2024-08,131,경기도,포천시,약사계곡,46,포천 2024_08.csv,자연관광,자연경관(산)
포천,2024,8,2024-08,131,경기도,포천시,청한베이스볼파크,46,포천 2024_08.csv,문화관광,레저스포츠시설
포천,2024,8,2024-08,133,경기도,포천시,한탄강생태경관단지,44,포천 2024_08.csv,기타관광,기타관광
포천,2024,8,2024-08,133,경기도,포천시,레이크밸리 승마클럽,44,포천 2024_08.csv,레저스포츠,기타레저스포츠
포천,2024,8,2024-08,133,경기도,포천시,다래레저,44,포천 2024_08.csv,레저스포츠,수상레저스포츠
포천,2024,8,2024-08,133,경기도,포천시,천해사,44,포천 2024_08.csv,역사관광,종교성지
포천,2024,8,2024-08,137,경기도,포천시,깊이울저수지,43,포천 2024_08.csv,자연관광,자연경관(하천/해양)
포천,2024,8,2024-08,138,경기도,포천시,관음사,42,포천 2024_08.csv,역사관광,종교성지
포천,2024,8,2024-08,138,경기도,포천시,갈월버섯농장,42,포천 2024_08.csv,체험관광,농/산/어촌체험
포천,2024,8,2024-08,138,경기도,포천시,포천파크골프장,42,포천 2024_08.csv,레저스포츠,기타레저스포츠
포천,2024,8,2024-08,141,경기도,포천시,무네미낚시터,40,포천 2024_08.csv,레저스포츠,수상레저스포츠
포천,2024,8,2024-08,142,경기도,포천시,옥금수계곡,39,포천 2024_08.csv,기타관광,기타관광
포천,2024,8,2024-08,143,경기도,포천시,소흘생활체육공원제2축구장,38,포천 2024_08.csv,문화관광,레저스포츠시설
포천,2024,8,2024-08,144,경기도,포천시,도평리터미널,37,포천 2024_08.csv,기타관광,교통시설
포천,2024,8,2024-08,145,경기도,포천시,자비사,36,포천 2024_08.csv,역사관광,종교성지
포천,2024,8,2024-08,146,경기도,포천시,태국군참전비,35,포천 2024_08.csv,역사관광,역사유물
포천,2024,8,2024-08,146,경기도,포천시,복후미저수지,35,포천 2024_08.csv,자연관광,자연경관(하천/해양)
포천,2024,8,2024-08,148,경기도,포천시,넉고개포도농원,34,포천 2024_08.csv,체험관광,농/산/어촌체험
포천,2024,8,2024-08,148,경기도,포천시,미륵사,34,포천 2024_08.csv,역사관광,종교성지
포천,2024,8,2024-08,150,경기도,포천시,마홀축구장,30,포천 2024_08.csv,문화관광,레저스포츠시설
포천,2024,8,2024-08,151,경기도,포천시,금룡사,29,포천 2024_08.csv,역사관광,종교성지
포천,2024,8,2024-08,151,경기도,포천시,운악레저타운,29,포천 2024_08.csv,레저스포츠,기타레저스포츠
포천,2024,8,2024-08,151,경기도,포천시,미트빌연합사업단,29,포천 2024_08.csv,쇼핑,시장
포천,2024,8,2024-08,154,경기도,포천시,베스트원스포츠,28,포천 2024_08.csv,레저스포츠,기타레저스포츠
포천,2024,8,2024-08,154,경기도,포천시,소흘생활체육공원제1축구장,28,포천 2024_08.csv,문화관광,레저스포츠시설
포천,2024,8,2024-08,156,경기도,포천시,기산근린공원,26,포천 2024_08.csv,문화관광,도시공원
포천,2024,8,2024-08,156,경기도,포천시,보문정사,26,포천 2024_08.csv,역사관광,종교성지
포천,2024,8,2024-08,156,경기도,포천시,왕방산,26,포천 2024_08.csv,자연관광,자연경관(산)
포천,2024,8,2024-08,156,경기도,포천시,메향낚시터,26,포천 2024_08.csv,레저스포츠,수상레저스포츠
포천,2024,8,2024-08,160,경기도,포천시,화현이벽성지,25,포천 2024_08.csv,역사관광,역사유적지
포천,2024,8,2024-08,160,경기도,포천시,이항복선생묘,25,포천 2024_08.csv,역사관광,역사유적지
포천,2024,8,2024-08,160,경기도,포천시,무림사,25,포천 2024_08.csv,역사관광,종교성지
포천,2024,8,2024-08,160,경기도,포천시,천인계곡유원지,25,포천 2024_08.csv,문화관광,복합관광시설
포천,2024,8,2024-08,160,경기도,포천시,향림사,25,포천 2024_08.csv,역사관광,종교성지
포천,2024,8,2024-08,165,경기도,포천시,지청낚시터,24,포천 2024_08.csv,레저스포츠,수상레저스포츠
포천,2024,8,2024-08,165,경기도,포천시,청계산,24,포천 2024_08.csv,자연관광,자연경관(산)
포천,2024,8,2024-08,165,경기도,포천시,대안사,24,포천 2024_08.csv,역사관광,종교성지
포천,2024,8,2024-08,165,경기도,포천시,포천향교,24,포천 2024_08.csv,역사관광,역사유적지
포천,2024,8,2024-08,169,경기도,포천시,일동문화예술창고,23,포천 2024_08.csv,문화관광,기타문화관광지
포천,2024,8,2024-08,169,경기도,포천시,각흘산,23,포천 2024_08.csv,자연관광,자연경관(산)
포천,2024,8,2024-08,169,경기도,포천시,국봉사,23,포천 2024_08.csv,역사관광,종교성지
포천,2024,8,2024-08,172,경기도,포천시,태봉공원,21,포천 2024_08.csv,문화관광,도시공원
포천,2024,8,2024-08,173,경기도,포천시,한탄강주상절리길3코스,19,포천 2024_08.csv,레저스포츠,기타레저스포츠
포천,2024,8,2024-08,173,경기도,포천시,용연서원,19,포천 2024_08.csv,역사관광,역사유적지
포천,2024,8,2024-08,173,경기도,포천시,천주사,19,포천 2024_08.csv,역사관광,종교성지
포천,2024,8,2024-08,176,경기도,포천시,밤밭지,18,포천 2024_08.csv,자연관광,자연경관(하천/해양)
포천,2024,8,2024-08,177,경기도,포천시,극락사,17,포천 2024_08.csv,역사관광,종교성지
포천,2024,8,2024-08,177,경기도,포천시,명산저수지,17,포천 2024_08.csv,자연관광,자연경관(하천/해양)
포천,2024,8,2024-08,177,경기도,포천시,포천용담저수지,17,포천 2024_08.csv,자연관광,자연경관(하천/해양)
포천,2024,8,2024-08,180,경기도,포천시,포천종합운동장보조구장,16,포천 2024_08.csv,문화관광,레저스포츠시설
포천,2024,8,2024-08,180,경기도,포천시,포천직두리의부부송,16,포천 2024_08.csv,역사관광,역사유적지
포천,2024,8,2024-08,180,경기도,포천시,고모지,16,포천 2024_08.csv,자연관광,자연경관(하천/해양)
포천,2024,8,2024-08,180,경기도,포천시,키즈필포천송우점,16,포천 2024_08.csv,문화관광,테마공원
포천,2024,8,2024-08,184,경기도,포천시,신읍동도시재생어울림센터2,15,포천 2024_08.csv,문화관광,기타문화관광지
포천,2024,8,2024-08,184,경기도,포천시,산정에코물놀이장,15,포천 2024_08.csv,레저스포츠,수상레저스포츠
포천,2024,8,2024-08,184,경기도,포천시,베어스타운CC휴업중,15,포천 2024_08.csv,레저스포츠,육상레저스포츠
포천,2024,8,2024-08,184,경기도,포천시,냉정낚시터,15,포천 2024_08.csv,레저스포츠,수상레저스포츠
포천,2024,8,2024-08,184,경기도,포천시,동화사,15,포천 2024_08.csv,역사관광,종교성지
포천,2024,8,2024-08,189,경기도,포천시,Y스포츠센터,14,포천 2024_08.csv,레저스포츠,기타레저스포츠
포천,2024,8,2024-08,189,경기도,포천시,승법사,14,포천 2024_08.csv,역사관광,종교성지
포천,2024,8,2024-08,191,경기도,포천시,포천목공체험장,13,포천 2024_08.csv,문화관광,기타문화관광지
포천,2024,8,2024-08,191,경기도,포천시,천궁사,13,포천 2024_08.csv,역사관광,종교성지
포천,2024,8,2024-08,191,경기도,포천시,광릉분재예술공원,13,포천 2024_08.csv,문화관광,도시공원
포천,2024,8,2024-08,194,경기도,포천시,성불암,12,포천 2024_08.csv,역사관광,종교성지
포천,2024,8,2024-08,194,경기도,포천시,신안농장,12,포천 2024_08.csv,체험관광,농/산/어촌체험
포천,2024,8,2024-08,196,경기도,포천시,실상선원,11,포천 2024_08.csv,역사관광,종교성지
포천,2024,8,2024-08,196,경기도,포천시,한탄강대교천현무암협곡,11,포천 2024_08.csv,기타관광,기타관광
포천,2024,8,2024-08,196,경기도,포천시,향적사,11,포천 2024_08.csv,역사관광,종교성지
포천,2024,8,2024-08,196,경기도,포천시,천주호,11,포천 2024_08.csv,자연관광,자연경관(하천/해양)
포천,2024,8,2024-08,200,경기도,포천시,한탄강주상절리길2코스,10,포천 2024_08.csv,레저스포츠,기타레저스포츠
포천,2024,8,2024-08,200,경기도,포천시,산정호수관광단지,10,포천 2024_08.csv,문화관광,복합관광시설
포천,2024,8,2024-08,200,경기도,포천시,백운낚시터,10,포천 2024_08.csv,레저스포츠,수상레저스포츠
포천,2024,8,2024-08,200,경기도,포천시,허브아일랜드불빛동화축제,10,포천 2024_08.csv,문화관광,기타문화관광지
포천,2024,8,2024-08,204,경기도,포천시,구라이골,9,포천 2024_08.csv,기타관광,기타관광
포천,2024,8,2024-08,204,경기도,포천시,송일농장,9,포천 2024_08.csv,체험관광,농/산/어촌체험
포천,2024,8,2024-08,204,경기도,포천시,솔모루공원,9,포천 2024_08.csv,문화관광,도시공원
포천,2024,8,2024-08,204,경기도,포천시,포천운산리자연생태공원,9,포천 2024_08.csv,문화관광,도시공원
포천,2024,8,2024-08,208,경기도,포천시,내리공설시장,8,포천 2024_08.csv,쇼핑,시장
포천,2024,8,2024-08,208,경기도,포천시,명성산산안고개방면,8,포천 2024_08.csv,자연관광,자연경관(산)
포천,2024,8,2024-08,208,경기도,포천시,직동낚시터,8,포천 2024_08.csv,레저스포츠,수상레저스포츠
포천,2024,8,2024-08,208,경기도,포천시,호림3농원,8,포천 2024_08.csv,체험관광,농/산/어촌체험
포천,2024,8,2024-08,212,경기도,포천시,밤밭실내장어낚시터,7,포천 2024_08.csv,레저스포츠,수상레저스포츠
포천,2024,8,2024-08,212,경기도,포천시,전운사,7,포천 2024_08.csv,역사관광,종교성지
포천,2024,8,2024-08,212,경기도,포천시,능원관광낚시터,7,포천 2024_08.csv,레저스포츠,수상레저스포츠
포천,2024,8,2024-08,212,경기도,포천시,한탄강야생화공원,7,포천 2024_08.csv,문화관광,도시공원
포천,2024,8,2024-08,212,경기도,포천시,한탄임진강지질공원,7,포천 2024_08.csv,문화관광,도시공원
포천,2024,8,2024-08,212,경기도,포천시,성불사,7,포천 2024_08.csv,역사관광,종교성지
포천,2024,8,2024-08,212,경기도,포천시,예랑농원,7,포천 2024_08.csv,체험관광,농/산/어촌체험
포천,2024,8,2024-08,212,경기도,포천시,도연암,7,포천 2024_08.csv,역사관광,종교성지
포천,2024,8,2024-08,220,경기도,포천시,도마치고개,6,포천 2024_08.csv,자연관광,자연경관(산)
포천,2024,8,2024-08,220,경기도,포천시,소흘이모야,6,포천 2024_08.csv,체험관광,공예체험
포천,2024,8,2024-08,220,경기도,포천시,포천소민농장,6,포천 2024_08.csv,체험관광,농/산/어촌체험
포천,2024,8,2024-08,220,경기도,포천시,화요공방,6,포천 2024_08.csv,체험관광,공예체험
포천,2024,8,2024-08,220,경기도,포천시,구암정사,6,포천 2024_08.csv,역사관광,종교성지
포천,2024,8,2024-08,220,경기도,포천시,포천한탄강가든페스타,6,포천 2024_08.csv,문화관광,기타문화관광지
포천,2024,8,2024-08,220,경기도,포천시,충목단,6,포천 2024_08.csv,역사관광,역사유적지
포천,2024,8,2024-08,220,경기도,포천시,법왕사,6,포천 2024_08.csv,역사관광,종교성지
포천,2024,8,2024-08,220,경기도,포천시,옹장굴,6,포천 2024_08.csv,체험관광,농/산/어촌체험
포천,2024,8,2024-08,220,경기도,포천시,명성산,6,포천 2024_08.csv,자연관광,자연경관(산)
포천,2024,8,2024-08,220,경기도,포천시,수원사,6,포천 2024_08.csv,역사관광,종교성지
포천,2024,8,2024-08,220,경기도,포천시,금수정,6,포천 2024_08.csv,역사관광,역사유적지
포천,2024,8,2024-08,220,경기도,포천시,풍혈유원지,6,포천 2024_08.csv,문화관광,복합관광시설
포천,2024,8,2024-08,220,경기도,포천시,서운동산어린이동물농장,6,포천 2024_08.csv,기타관광,기타관광
포천,2024,8,2024-08,220,경기도,포천시,초가낚시터,6,포천 2024_08.csv,레저스포츠,수상레저스포츠
포천,2024,8,2024-08,220,경기도,포천시,고모리수상레저,6,포천 2024_08.csv,레저스포츠,기타레저스포츠
포천,2024,8,2024-08,220,경기도,포천시,대한불교조계종정변지사,6,포천 2024_08.csv,역사관광,종교성지
포천,2024,8,2024-08,220,경기도,포천시,약사동계곡,6,포천 2024_08.csv,자연관광,자연경관(산)
포천,2024,8,2024-08,220,경기도,포천시,화현저수지,6,포천 2024_08.csv,자연관광,자연경관(하천/해양)
포천,2024,8,2024-08,220,경기도,포천시,중리테마파크낚시터,6,포천 2024_08.csv,레저스포츠,수상레저스포츠
포천,2024,8,2024-08,220,경기도,포천시,지질트레일1코스,6,포천 2024_08.csv,레저스포츠,기타레저스포츠
포천,2024,8,2024-08,220,경기도,포천시,금불사,6,포천 2024_08.csv,역사관광,종교성지
포천,2024,8,2024-08,220,경기도,포천시,육사생도6.25참전기념비,6,포천 2024_08.csv,역사관광,역사유물
포천,2024,8,2024-08,243,경기도,포천시,관인문화마을,5,포천 2024_08.csv,기타관광,기타관광
포천,2024,8,2024-08,243,경기도,포천시,털보낚시터,5,포천 2024_08.csv,레저스포츠,수상레저스포츠
포천,2024,8,2024-08,243,경기도,포천시,수목원낚시터,5,포천 2024_08.csv,레저스포츠,수상레저스포츠
포천,2024,8,2024-08,243,경기도,포천시,마태사,5,포천 2024_08.csv,역사관광,종교성지
포천,2024,8,2024-08,243,경기도,포천시,장암저수지,5,포천 2024_08.csv,자연관광,자연경관(하천/해양)
포천,2024,8,2024-08,243,경기도,포천시,은주네포도농원,5,포천 2024_08.csv,체험관광,농/산/어촌체험
포천,2024,8,2024-08,249,경기도,포천시,무상사,4,포천 2024_08.csv,역사관광,종교성지
포천,2024,8,2024-08,249,경기도,포천시,아딸농원,4,포천 2024_08.csv,체험관광,농/산/어촌체험
포천,2024,8,2024-08,249,경기도,포천시,관룡사,4,포천 2024_08.csv,역사관광,종교성지
포천,2024,8,2024-08,249,경기도,포천시,레더준,4,포천 2024_08.csv,체험관광,공예체험
포천,2024,8,2024-08,249,경기도,포천시,포천체육공원어린이물놀이장,4,포천 2024_08.csv,문화관광,테마공원
포천,2024,8,2024-08,249,경기도,포천시,달콤이포도밭집,4,포천 2024_08.csv,체험관광,농/산/어촌체험
포천,2024,8,2024-08,249,경기도,포천시,마전저수지,4,포천 2024_08.csv,자연관광,자연경관(하천/해양)
포천,2024,8,2024-08,249,경기도,포천시,포천음악창작소,4,포천 2024_08.csv,문화관광,기타문화관광지
포천,2024,8,2024-08,249,경기도,포천시,명성산억새밭,4,포천 2024_08.csv,기타관광,기타관광
포천,2024,8,2024-08,249,경기도,포천시,배모루유원지,4,포천 2024_08.csv,문화관광,복합관광시설
포천,2024,8,2024-08,249,경기도,포천시,포천반월성,4,포천 2024_08.csv,역사관광,역사유적지
포천,2024,8,2024-08,249,경기도,포천시,반디농장,4,포천 2024_08.csv,체험관광,농/산/어촌체험
포천,2024,8,2024-08,249,경기도,포천시,서광사,4,포천 2024_08.csv,역사관광,종교성지
포천,2024,8,2024-08,262,경기도,포천시,깜포도농원,3,포천 2024_08.csv,체험관광,농/산/어촌체험
포천,2024,8,2024-08,262,경기도,포천시,기원정사,3,포천 2024_08.csv,역사관광,종교성지
포천,2024,8,2024-08,262,경기도,포천시,한탄강주상절리길5코스,3,포천 2024_08.csv,레저스포츠,기타레저스포츠
포천,2024,8,2024-08,262,경기도,포천시,포천허브아일랜드 자동차극장,3,포천 2024_08.csv,문화관광,공연시설
포천,2024,8,2024-08,262,경기도,포천시,대수암,3,포천 2024_08.csv,역사관광,종교성지
포천,2024,8,2024-08,262,경기도,포천시,지질트레일3코스,3,포천 2024_08.csv,레저스포츠,기타레저스포츠
포천,2024,8,2024-08,262,경기도,포천시,소흘생활체육공원인공암벽장,3,포천 2024_08.csv,레저스포츠,기타레저스포츠
포천,2024,8,2024-08,262,경기도,포천시,채소한의식탁,3,포천 2024_08.csv,체험관광,농/산/어촌체험
포천,2024,8,2024-08,262,경기도,포천시,정우사과원,3,포천 2024_08.csv,체험관광,농/산/어촌체험
포천,2024,8,2024-08,262,경기도,포천시,낙천지폭포,3,포천 2024_08.csv,자연관광,자연경관(산)
포천,2024,8,2024-08,262,경기도,포천시,수목원포도농원,3,포천 2024_08.csv,체험관광,농/산/어촌체험
포천,2024,8,2024-08,262,경기도,포천시,이항복선생기념관,3,포천 2024_08.csv,문화관광,전시시설
포천,2024,8,2024-08,262,경기도,포천시,무봉리족구장,3,포천 2024_08.csv,레저스포츠,기타레저스포츠
포천,2024,8,2024-08,262,경기도,포천시,종가농원,3,포천 2024_08.csv,체험관광,농/산/어촌체험
포천,2024,8,2024-08,262,경기도,포천시,한탄강디지털체험관,3,포천 2024_08.csv,문화관광,전시시설
포천,2024,8,2024-08,262,경기도,포천시,청년농장,3,포천 2024_08.csv,체험관광,농/산/어촌체험
포천,2024,8,2024-08,262,경기도,포천시,명진농장,3,포천 2024_08.csv,체험관광,농/산/어촌체험
포천,2024,8,2024-08,262,경기도,포천시,건플레이,3,포천 2024_08.csv,레저스포츠,기타레저스포츠
포천,2024,8,2024-08,262,경기도,포천시,추동저수지낚시터,3,포천 2024_08.csv,레저스포츠,수상레저스포츠
포천,2024,8,2024-08,262,경기도,포천시,상현네포도농원,3,포천 2024_08.csv,체험관광,농/산/어촌체험
포천,2024,8,2024-08,262,경기도,포천시,풍림농장,3,포천 2024_08.csv,체험관광,농/산/어촌체험
포천,2024,8,2024-08,262,경기도,포천시,명성산산정호수방면,3,포천 2024_08.csv,자연관광,자연경관(산)
포천,2024,8,2024-08,262,경기도,포천시,만덕사,3,포천 2024_08.csv,역사관광,종교성지
포천,2024,8,2024-08,262,경기도,포천시,사향산,3,포천 2024_08.csv,자연관광,자연경관(산)
포천,2024,8,2024-08,262,경기도,포천시,인흥군릉,3,포천 2024_08.csv,역사관광,역사유적지
포천,2024,8,2024-08,262,경기도,포천시,새마을저수지,3,포천 2024_08.csv,자연관광,자연경관(하천/해양)
포천,2024,8,2024-08,262,경기도,포천시,허브식물박물관,3,포천 2024_08.csv,문화관광,전시시설
포천,2024,8,2024-08,262,경기도,포천시,선광사,3,포천 2024_08.csv,역사관광,종교성지
포천,2024,8,2024-08,262,경기도,포천시,청계산약수터,3,포천 2024_08.csv,자연관광,자연경관(산)
포천,2024,8,2024-08,262,경기도,포천시,정수유원지,3,포천 2024_08.csv,문화관광,복합관광시설
포천,2024,8,2024-08,262,경기도,포천시,인공폭포,3,포천 2024_08.csv,자연관광,자연경관(산)
포천,2024,8,2024-08,262,경기도,포천시,삼정계곡,3,포천 2024_08.csv,문화관광,복합관광시설
포천,2024,8,2024-08,262,경기도,포천시,이동생태공원,3,포천 2024_08.csv,문화관광,도시공원
포천,2024,8,2024-08,262,경기도,포천시,미륵박물관,3,포천 2024_08.csv,문화관광,전시시설
포천,2024,8,2024-08,262,경기도,포천시,청계유원지,3,포천 2024_08.csv,문화관광,복합관광시설
포천,2024,8,2024-08,262,경기도,포천시,법인도리돌마을,3,포천 2024_08.csv,레저스포츠,기타레저스포츠
포천,2024,8,2024-08,262,경기도,포천시,포천탁구장,3,포천 2024_08.csv,레저스포츠,기타레저스포츠
포천,2024,8,2024-08,262,경기도,포천시,법인에그플러스,3,포천 2024_08.csv,쇼핑,시장
포천,2024,8,2024-08,262,경기도,포천시,가온농장,3,포천 2024_08.csv,체험관광,농/산/어촌체험
포천,2024,8,2024-08,262,경기도,포천시,송광사,3,포천 2024_08.csv,역사관광,종교성지
포천,2024,8,2024-08,262,경기도,포천시,사직리축구장,3,포천 2024_08.csv,문화관광,레저스포츠시설
포천,2024,8,2024-08,262,경기도,포천시,보림사,3,포천 2024_08.csv,역사관광,종교성지
포천,2024,8,2024-08,262,경기도,포천시,황제다육식물농장,3,포천 2024_08.csv,체험관광,농/산/어촌체험
포천,2024,8,2024-08,262,경기도,포천시,독수리유격대전적비,3,포천 2024_08.csv,역사관광,역사유물
포천,2024,8,2024-08,262,경기도,포천시,옥병서원,3,포천 2024_08.csv,역사관광,역사유적지
포천,2024,8,2024-08,262,경기도,포천시,천은사,3,포천 2024_08.csv,역사관광,종교성지
포천,2024,8,2024-08,262,경기도,포천시,창수야놀자,3,포천 2024_08.csv,쇼핑,시장
포천,2024,8,2024-08,262,경기도,포천시,법화사포천도량,3,포천 2024_08.csv,역사관광,종교성지
포천,2024,8,2024-08,262,경기도,포천시,동선사,3,포천 2024_08.csv,역사관광,종교성지
포천,2024,9,2024-09,1,경기도,포천시,국립수목원,9718,포천 2024_09.csv,문화관광,테마공원
포천,2024,9,2024-09,2,경기도,포천시,베어크리크GC,8254,포천 2024_09.csv,레저스포츠,육상레저스포츠
포천,2024,9,2024-09,3,경기도,포천시,포천힐마루CC,8208,포천 2024_09.csv,레저스포츠,육상레저스포츠
포천,2024,9,2024-09,4,경기도,포천시,산정호수,7975,포천 2024_09.csv,자연관광,자연경관(하천/해양)
포천,2024,9,2024-09,5,경기도,포천시,포천힐스CC,7738,포천 2024_09.csv,레저스포츠,육상레저스포츠
포천,2024,9,2024-09,6,경기도,포천시,포천아트밸리,7561,포천 2024_09.csv,문화관광,공연시설
포천,2024,9,2024-09,7,경기도,포천시,포천한탄강가든페스타,7442,포천 2024_09.csv,문화관광,기타문화관광지
포천,2024,9,2024-09,8,경기도,포천시,라싸GC,6793,포천 2024_09.csv,레저스포츠,육상레저스포츠
포천,2024,9,2024-09,9,경기도,포천시,비둘기낭폭포,6713,포천 2024_09.csv,자연관광,자연경관(산)
포천,2024,9,2024-09,10,경기도,포천시,필로스GC,6529,포천 2024_09.csv,레저스포츠,육상레저스포츠
포천,2024,9,2024-09,11,경기도,포천시,푸른솔GC포천,6499,포천 2024_09.csv,레저스포츠,육상레저스포츠
포천,2024,9,2024-09,12,경기도,포천시,포레스트힐CC,6418,포천 2024_09.csv,레저스포츠,육상레저스포츠
포천,2024,9,2024-09,13,경기도,포천시,포천아도니스CC,5675,포천 2024_09.csv,레저스포츠,육상레저스포츠
포천,2024,9,2024-09,14,경기도,포천시,몽베르CC,5340,포천 2024_09.csv,레저스포츠,육상레저스포츠
포천,2024,9,2024-09,15,경기도,포천시,고모저수지,5331,포천 2024_09.csv,자연관광,자연경관(하천/해양)
포천,2024,9,2024-09,16,경기도,포천시,한탄강생태경관단지,4113,포천 2024_09.csv,기타관광,기타관광
포천,2024,9,2024-09,17,경기도,포천시,일동시외버스터미널,3955,포천 2024_09.csv,기타관광,교통시설
포천,2024,9,2024-09,18,경기도,포천시,허브아일랜드,3846,포천 2024_09.csv,체험관광,농/산/어촌체험
포천,2024,9,2024-09,19,경기도,포천시,샴발라CC,3844,포천 2024_09.csv,레저스포츠,육상레저스포츠
포천,2024,9,2024-09,20,경기도,포천시,포천한탄강하늘다리,3663,포천 2024_09.csv,기타관광,기타관광
포천,2024,9,2024-09,21,경기도,포천시,참밸리컨트리클럽,3489,포천 2024_09.csv,레저스포츠,육상레저스포츠
포천,2024,9,2024-09,22,경기도,포천시,일동레이크GC,3327,포천 2024_09.csv,레저스포츠,육상레저스포츠
포천,2024,9,2024-09,23,경기도,포천시,백운계곡,2932,포천 2024_09.csv,자연관광,자연경관(산)
포천,2024,9,2024-09,24,경기도,포천시,신북온천스프링폴,1981,포천 2024_09.csv,체험관광,웰니스관광
포천,2024,9,2024-09,25,경기도,포천시,서운동산,1955,포천 2024_09.csv,문화관광,복합관광시설
포천,2024,9,2024-09,26,경기도,포천시,CGV포천,1755,포천 2024_09.csv,문화관광,공연시설
포천,2024,9,2024-09,27,경기도,포천시,제일유황온천,1546,포천 2024_09.csv,체험관광,웰니스관광
포천,2024,9,2024-09,28,경기도,포천시,송우시외버스터미널,1410,포천 2024_09.csv,기타관광,교통시설
포천,2024,9,2024-09,29,경기도,포천시,도성사,1224,포천 2024_09.csv,역사관광,종교성지
포천,2024,9,2024-09,30,경기도,포천시,가람누리문화공원전망대,1215,포천 2024_09.csv,문화관광,랜드마크관광
포천,2024,9,2024-09,31,경기도,포천시,한탄강Y자출렁다리,1099,포천 2024_09.csv,기타관광,기타관광
포천,2024,9,2024-09,32,경기도,포천시,축석고개,1094,포천 2024_09.csv,자연관광,자연경관(산)
포천,2024,9,2024-09,33,경기도,포천시,산사원,1040,포천 2024_09.csv,문화관광,전시시설
포천,2024,9,2024-09,34,경기도,포천시,포천반월아트홀,1035,포천 2024_09.csv,문화관광,공연시설
포천,2024,9,2024-09,35,경기도,포천시,포천시외버스터미널,1005,포천 2024_09.csv,기타관광,교통시설
포천,2024,9,2024-09,36,경기도,포천시,베어스타운스키장휴업,990,포천 2024_09.csv,레저스포츠,육상레저스포츠
포천,2024,9,2024-09,37,경기도,포천시,락가든GC,953,포천 2024_09.csv,레저스포츠,육상레저스포츠
포천,2024,9,2024-09,38,경기도,포천시,한탄강지질공원센터,939,포천 2024_09.csv,문화관광,전시시설
포천,2024,9,2024-09,39,경기도,포천시,한탄강주상절리길1코스,914,포천 2024_09.csv,레저스포츠,기타레저스포츠
포천,2024,9,2024-09,40,경기도,포천시,포천아도니스퍼블릭CC,821,포천 2024_09.csv,레저스포츠,육상레저스포츠
포천,2024,9,2024-09,41,경기도,포천시,운악산자연휴양림,815,포천 2024_09.csv,자연관광,자연공원
포천,2024,9,2024-09,42,경기도,포천시,어메이징파크,794,포천 2024_09.csv,문화관광,전시시설
포천,2024,9,2024-09,43,경기도,포천시,밤밭낚시터,787,포천 2024_09.csv,레저스포츠,수상레저스포츠
포천,2024,9,2024-09,44,경기도,포천시,동교낚시터,784,포천 2024_09.csv,레저스포츠,수상레저스포츠
포천,2024,9,2024-09,45,경기도,포천시,호국금강사,780,포천 2024_09.csv,역사관광,종교성지
포천,2024,9,2024-09,46,경기도,포천시,초원낚시터,690,포천 2024_09.csv,레저스포츠,수상레저스포츠
포천,2024,9,2024-09,47,경기도,포천시,가산낚시터,640,포천 2024_09.csv,레저스포츠,수상레저스포츠
포천,2024,9,2024-09,48,경기도,포천시,마전낚시터,610,포천 2024_09.csv,레저스포츠,수상레저스포츠
포천,2024,9,2024-09,49,경기도,포천시,주파크,579,포천 2024_09.csv,문화관광,테마공원
포천,2024,9,2024-09,50,경기도,포천시,포천화적연,577,포천 2024_09.csv,자연관광,자연경관(하천/해양)
포천,2024,9,2024-09,51,경기도,포천시,쌍방죽낚시터,555,포천 2024_09.csv,레저스포츠,수상레저스포츠
포천,2024,9,2024-09,52,경기도,포천시,포천5일장,551,포천 2024_09.csv,쇼핑,시장
포천,2024,9,2024-09,53,경기도,포천시,평강랜드,539,포천 2024_09.csv,문화관광,테마공원
포천,2024,9,2024-09,54,경기도,포천시,내촌낚시터,528,포천 2024_09.csv,레저스포츠,수상레저스포츠
포천,2024,9,2024-09,55,경기도,포천시,소흘생활체육공원,503,포천 2024_09.csv,문화관광,도시공원
포천,2024,9,2024-09,56,경기도,포천시,깊이울유원지,486,포천 2024_09.csv,문화관광,복합관광시설
포천,2024,9,2024-09,56,경기도,포천시,아프리카예술박물관,486,포천 2024_09.csv,문화관광,전시시설
포천,2024,9,2024-09,58,경기도,포천시,수목원고모호수공원,481,포천 2024_09.csv,문화관광,도시공원
포천,2024,9,2024-09,59,경기도,포천시,천보산자연휴양림,476,포천 2024_09.csv,자연관광,자연공원
포천,2024,9,2024-09,60,경기도,포천시,가산저수지,472,포천 2024_09.csv,자연관광,자연경관(하천/해양)
포천,2024,9,2024-09,61,경기도,포천시,왕달아포도농원,379,포천 2024_09.csv,체험관광,농/산/어촌체험
포천,2024,9,2024-09,62,경기도,포천시,포천수원산정상전망대,367,포천 2024_09.csv,문화관광,랜드마크관광
포천,2024,9,2024-09,63,경기도,포천시,직두리낚시터,345,포천 2024_09.csv,레저스포츠,수상레저스포츠
포천,2024,9,2024-09,64,경기도,포천시,낭만닥터김사부촬영지,320,포천 2024_09.csv,문화관광,기타문화관광지
포천,2024,9,2024-09,65,경기도,포천시,백운계곡유원지,313,포천 2024_09.csv,문화관광,복합관광시설
포천,2024,9,2024-09,66,경기도,포천시,냉정저수지,287,포천 2024_09.csv,자연관광,자연경관(하천/해양)
포천,2024,9,2024-09,67,경기도,포천시,광릉수목원자동차극장,264,포천 2024_09.csv,문화관광,공연시설
포천,2024,9,2024-09,68,경기도,포천시,포천축구공원,248,포천 2024_09.csv,문화관광,도시공원
포천,2024,9,2024-09,69,경기도,포천시,포천하늘아래치유의숲,246,포천 2024_09.csv,기타관광,기타관광
포천,2024,9,2024-09,70,경기도,포천시,새마을낚시터,234,포천 2024_09.csv,레저스포츠,수상레저스포츠
포천,2024,9,2024-09,71,경기도,포천시,포천스포츠센터,230,포천 2024_09.csv,레저스포츠,기타레저스포츠
포천,2024,9,2024-09,72,경기도,포천시,도마치계곡,227,포천 2024_09.csv,자연관광,자연경관(산)
포천,2024,9,2024-09,73,경기도,포천시,용담대물낚시터,221,포천 2024_09.csv,레저스포츠,수상레저스포츠
포천,2024,9,2024-09,73,경기도,포천시,왕산사,221,포천 2024_09.csv,역사관광,종교성지
포천,2024,9,2024-09,75,경기도,포천시,지장산계곡,208,포천 2024_09.csv,자연관광,자연경관(산)
포천,2024,9,2024-09,75,경기도,포천시,포천야구장,208,포천 2024_09.csv,문화관광,레저스포츠시설
포천,2024,9,2024-09,77,경기도,포천시,넉고개포도농원,207,포천 2024_09.csv,체험관광,농/산/어촌체험
포천,2024,9,2024-09,77,경기도,포천시,청성역사공원,207,포천 2024_09.csv,문화관광,도시공원
포천,2024,9,2024-09,79,경기도,포천시,포천가구공단,200,포천 2024_09.csv,쇼핑,기타쇼핑시설
포천,2024,9,2024-09,80,경기도,포천시,청계지,198,포천 2024_09.csv,자연관광,자연경관(하천/해양)
포천,2024,9,2024-09,81,경기도,포천시,포천패션타운,196,포천 2024_09.csv,쇼핑,쇼핑몰
포천,2024,9,2024-09,82,경기도,포천시,금주저수지,194,포천 2024_09.csv,자연관광,자연경관(하천/해양)
포천,2024,9,2024-09,83,경기도,포천시,가농바이오농장,188,포천 2024_09.csv,체험관광,농/산/어촌체험
포천,2024,9,2024-09,84,경기도,포천시,길명낚시공원,182,포천 2024_09.csv,레저스포츠,수상레저스포츠
포천,2024,9,2024-09,85,경기도,포천시,금주낚시터,180,포천 2024_09.csv,레저스포츠,수상레저스포츠
포천,2024,9,2024-09,86,경기도,포천시,국망봉자연휴양림,176,포천 2024_09.csv,자연관광,자연공원
포천,2024,9,2024-09,87,경기도,포천시,운천재래시장,169,포천 2024_09.csv,쇼핑,시장
포천,2024,9,2024-09,88,경기도,포천시,포천체육공원,158,포천 2024_09.csv,문화관광,도시공원
포천,2024,9,2024-09,88,경기도,포천시,포천자동차극장,158,포천 2024_09.csv,문화관광,공연시설
포천,2024,9,2024-09,90,경기도,포천시,포천신읍시장,157,포천 2024_09.csv,쇼핑,시장
포천,2024,9,2024-09,91,경기도,포천시,설운체육공원,155,포천 2024_09.csv,문화관광,도시공원
포천,2024,9,2024-09,91,경기도,포천시,황금낚시터,155,포천 2024_09.csv,레저스포츠,수상레저스포츠
포천,2024,9,2024-09,93,경기도,포천시,한탄강지오뮤직&피크닉페스티벌,152,포천 2024_09.csv,문화관광,기타문화관광지
포천,2024,9,2024-09,93,경기도,포천시,운천낚시공원,152,포천 2024_09.csv,레저스포츠,수상레저스포츠
포천,2024,9,2024-09,95,경기도,포천시,광암이벽유적지,144,포천 2024_09.csv,역사관광,역사유적지
포천,2024,9,2024-09,96,경기도,포천시,화현이벽성지,140,포천 2024_09.csv,역사관광,역사유적지
포천,2024,9,2024-09,97,경기도,포천시,청솔농원,135,포천 2024_09.csv,체험관광,농/산/어촌체험
포천,2024,9,2024-09,97,경기도,포천시,모돈갤러리,135,포천 2024_09.csv,문화관광,전시시설
포천,2024,9,2024-09,99,경기도,포천시,송우공설시장,127,포천 2024_09.csv,쇼핑,시장
포천,2024,9,2024-09,100,경기도,포천시,흥룡사,126,포천 2024_09.csv,역사관광,종교성지
포천,2024,9,2024-09,101,경기도,포천시,한화리조트산정호수온천,125,포천 2024_09.csv,체험관광,웰니스관광
포천,2024,9,2024-09,101,경기도,포천시,나남수목원,125,포천 2024_09.csv,자연관광,자연공원
포천,2024,9,2024-09,103,경기도,포천시,황새목낚시터,109,포천 2024_09.csv,레저스포츠,수상레저스포츠
포천,2024,9,2024-09,104,경기도,포천시,구담사,106,포천 2024_09.csv,역사관광,종교성지
포천,2024,9,2024-09,105,경기도,포천시,포천파크골프장,103,포천 2024_09.csv,레저스포츠,기타레저스포츠
포천,2024,9,2024-09,106,경기도,포천시,자인사,100,포천 2024_09.csv,역사관광,종교성지
포천,2024,9,2024-09,107,경기도,포천시,황금프라자,97,포천 2024_09.csv,쇼핑,쇼핑몰
포천,2024,9,2024-09,108,경기도,포천시,명성산억새밭,91,포천 2024_09.csv,기타관광,기타관광
포천,2024,9,2024-09,109,경기도,포천시,약천사,90,포천 2024_09.csv,역사관광,종교성지
포천,2024,9,2024-09,110,경기도,포천시,산정호수조각공원,85,포천 2024_09.csv,문화관광,도시공원
포천,2024,9,2024-09,111,경기도,포천시,클라우드시네마,77,포천 2024_09.csv,문화관광,공연시설
포천,2024,9,2024-09,112,경기도,포천시,산정랜드,74,포천 2024_09.csv,문화관광,복합관광시설
포천,2024,9,2024-09,113,경기도,포천시,포천염광수련원,73,포천 2024_09.csv,레저스포츠,육상레저스포츠
포천,2024,9,2024-09,114,경기도,포천시,레이크밸리 승마클럽,72,포천 2024_09.csv,레저스포츠,기타레저스포츠
포천,2024,9,2024-09,115,경기도,포천시,멍우리협곡,68,포천 2024_09.csv,자연관광,자연경관(산)
포천,2024,9,2024-09,116,경기도,포천시,한탄강팔호유원지,66,포천 2024_09.csv,문화관광,복합관광시설
포천,2024,9,2024-09,117,경기도,포천시,일동시장,65,포천 2024_09.csv,쇼핑,시장
포천,2024,9,2024-09,118,경기도,포천시,은주네포도농원,63,포천 2024_09.csv,체험관광,농/산/어촌체험
포천,2024,9,2024-09,119,경기도,포천시,한탄강야생화공원,58,포천 2024_09.csv,문화관광,도시공원
포천,2024,9,2024-09,120,경기도,포천시,어하고개,57,포천 2024_09.csv,자연관광,자연경관(산)
포천,2024,9,2024-09,120,경기도,포천시,교동가마소,57,포천 2024_09.csv,기타관광,기타관광
포천,2024,9,2024-09,122,경기도,포천시,서운동산어린이동물농장,56,포천 2024_09.csv,기타관광,기타관광
포천,2024,9,2024-09,123,경기도,포천시,코버월드,55,포천 2024_09.csv,문화관광,전시시설
포천,2024,9,2024-09,124,경기도,포천시,천주호,54,포천 2024_09.csv,자연관광,자연경관(하천/해양)
포천,2024,9,2024-09,125,경기도,포천시,도마치계곡유원지,53,포천 2024_09.csv,문화관광,복합관광시설
포천,2024,9,2024-09,125,경기도,포천시,무네미낚시터,53,포천 2024_09.csv,레저스포츠,수상레저스포츠
포천,2024,9,2024-09,127,경기도,포천시,명성산,52,포천 2024_09.csv,자연관광,자연경관(산)
포천,2024,9,2024-09,128,경기도,포천시,솔모루공원,51,포천 2024_09.csv,문화관광,도시공원
포천,2024,9,2024-09,129,경기도,포천시,이항복선생묘,49,포천 2024_09.csv,역사관광,역사유적지
포천,2024,9,2024-09,130,경기도,포천시,포천종합운동장보조구장,46,포천 2024_09.csv,문화관광,레저스포츠시설
포천,2024,9,2024-09,130,경기도,포천시,자비사,46,포천 2024_09.csv,역사관광,종교성지
포천,2024,9,2024-09,130,경기도,포천시,청한베이스볼파크,46,포천 2024_09.csv,문화관광,레저스포츠시설
포천,2024,9,2024-09,133,경기도,포천시,관음사,45,포천 2024_09.csv,역사관광,종교성지
포천,2024,9,2024-09,133,경기도,포천시,갈월버섯농장,45,포천 2024_09.csv,체험관광,농/산/어촌체험
포천,2024,9,2024-09,133,경기도,포천시,소흘생활체육공원제1축구장,45,포천 2024_09.csv,문화관광,레저스포츠시설
포천,2024,9,2024-09,133,경기도,포천시,천주사,45,포천 2024_09.csv,역사관광,종교성지
포천,2024,9,2024-09,137,경기도,포천시,복후미저수지,44,포천 2024_09.csv,자연관광,자연경관(하천/해양)
포천,2024,9,2024-09,138,경기도,포천시,태국군참전비,43,포천 2024_09.csv,역사관광,역사유물
포천,2024,9,2024-09,139,경기도,포천시,포천아트밸리천문과학관,42,포천 2024_09.csv,문화관광,전시시설
포천,2024,9,2024-09,139,경기도,포천시,중리저수지,42,포천 2024_09.csv,자연관광,자연경관(하천/해양)
포천,2024,9,2024-09,139,경기도,포천시,태산낚시터,42,포천 2024_09.csv,레저스포츠,수상레저스포츠
포천,2024,9,2024-09,142,경기도,포천시,수목원포도농원,41,포천 2024_09.csv,체험관광,농/산/어촌체험
포천,2024,9,2024-09,143,경기도,포천시,블루밍팜,40,포천 2024_09.csv,체험관광,농/산/어촌체험
포천,2024,9,2024-09,143,경기도,포천시,금룡사,40,포천 2024_09.csv,역사관광,종교성지
포천,2024,9,2024-09,145,경기도,포천시,페리아도워터파크,39,포천 2024_09.csv,문화관광,테마공원
포천,2024,9,2024-09,145,경기도,포천시,산정호수명성산억새꽃축제,39,포천 2024_09.csv,문화관광,기타문화관광지
포천,2024,9,2024-09,147,경기도,포천시,지청낚시터,38,포천 2024_09.csv,레저스포츠,수상레저스포츠
포천,2024,9,2024-09,148,경기도,포천시,한탄강주상절리길3코스,37,포천 2024_09.csv,레저스포츠,기타레저스포츠
포천,2024,9,2024-09,148,경기도,포천시,한탄강테마파크,37,포천 2024_09.csv,문화관광,테마공원
포천,2024,9,2024-09,148,경기도,포천시,메향낚시터,37,포천 2024_09.csv,레저스포츠,수상레저스포츠
포천,2024,9,2024-09,148,경기도,포천시,허브아일랜드불빛동화축제,37,포천 2024_09.csv,문화관광,기타문화관광지
포천,2024,9,2024-09,152,경기도,포천시,신안농장,36,포천 2024_09.csv,체험관광,농/산/어촌체험
포천,2024,9,2024-09,153,경기도,포천시,화엄사,34,포천 2024_09.csv,역사관광,종교성지
포천,2024,9,2024-09,154,경기도,포천시,소흘생활체육공원제2축구장,33,포천 2024_09.csv,문화관광,레저스포츠시설
포천,2024,9,2024-09,154,경기도,포천시,백로주유원지,33,포천 2024_09.csv,문화관광,복합관광시설
포천,2024,9,2024-09,156,경기도,포천시,종가농원,31,포천 2024_09.csv,체험관광,농/산/어촌체험
포천,2024,9,2024-09,156,경기도,포천시,수목원프로방스,31,포천 2024_09.csv,자연관광,자연공원
포천,2024,9,2024-09,158,경기도,포천시,포천허브아일랜드 자동차극장,30,포천 2024_09.csv,문화관광,공연시설
포천,2024,9,2024-09,158,경기도,포천시,청계산,30,포천 2024_09.csv,자연관광,자연경관(산)
포천,2024,9,2024-09,158,경기도,포천시,보문정사,30,포천 2024_09.csv,역사관광,종교성지
포천,2024,9,2024-09,161,경기도,포천시,상현네포도농원,29,포천 2024_09.csv,체험관광,농/산/어촌체험
포천,2024,9,2024-09,161,경기도,포천시,송일농장,29,포천 2024_09.csv,체험관광,농/산/어촌체험
포천,2024,9,2024-09,161,경기도,포천시,대안사,29,포천 2024_09.csv,역사관광,종교성지
포천,2024,9,2024-09,161,경기도,포천시,백운산,29,포천 2024_09.csv,자연관광,자연경관(산)
포천,2024,9,2024-09,165,경기도,포천시,태봉공원,28,포천 2024_09.csv,문화관광,도시공원
포천,2024,9,2024-09,165,경기도,포천시,포천축산그랜드페스티벌,28,포천 2024_09.csv,문화관광,기타문화관광지
포천,2024,9,2024-09,167,경기도,포천시,털보낚시터,27,포천 2024_09.csv,레저스포츠,수상레저스포츠
포천,2024,9,2024-09,167,경기도,포천시,포천블루파크,27,포천 2024_09.csv,문화관광,테마공원
포천,2024,9,2024-09,169,경기도,포천시,종원포도,26,포천 2024_09.csv,체험관광,농/산/어촌체험
포천,2024,9,2024-09,169,경기도,포천시,Y스포츠센터,26,포천 2024_09.csv,레저스포츠,기타레저스포츠
포천,2024,9,2024-09,169,경기도,포천시,마홀축구장,26,포천 2024_09.csv,문화관광,레저스포츠시설
포천,2024,9,2024-09,169,경기도,포천시,미트빌연합사업단,26,포천 2024_09.csv,쇼핑,시장
포천,2024,9,2024-09,169,경기도,포천시,포천운산리자연생태공원,26,포천 2024_09.csv,문화관광,도시공원
포천,2024,9,2024-09,174,경기도,포천시,한과문화박물관,25,포천 2024_09.csv,문화관광,전시시설
포천,2024,9,2024-09,174,경기도,포천시,도평리터미널,25,포천 2024_09.csv,기타관광,교통시설
포천,2024,9,2024-09,174,경기도,포천시,지질트레일1코스,25,포천 2024_09.csv,레저스포츠,기타레저스포츠
포천,2024,9,2024-09,177,경기도,포천시,한탄강주상절리길2코스,24,포천 2024_09.csv,레저스포츠,기타레저스포츠
포천,2024,9,2024-09,177,경기도,포천시,밤밭실내장어낚시터,24,포천 2024_09.csv,레저스포츠,수상레저스포츠
포천,2024,9,2024-09,177,경기도,포천시,초가낚시터,24,포천 2024_09.csv,레저스포츠,수상레저스포츠
포천,2024,9,2024-09,177,경기도,포천시,백운계곡국민관광지,24,포천 2024_09.csv,문화관광,복합관광시설
포천,2024,9,2024-09,181,경기도,포천시,허브아일랜드핑크뮬리페스티벌,23,포천 2024_09.csv,문화관광,기타문화관광지
포천,2024,9,2024-09,181,경기도,포천시,호스랜드승마클럽,23,포천 2024_09.csv,레저스포츠,육상레저스포츠
포천,2024,9,2024-09,183,경기도,포천시,운악레저타운,22,포천 2024_09.csv,레저스포츠,기타레저스포츠
포천,2024,9,2024-09,183,경기도,포천시,국립산림박물관,22,포천 2024_09.csv,문화관광,전시시설
포천,2024,9,2024-09,183,경기도,포천시,반디농장,22,포천 2024_09.csv,체험관광,농/산/어촌체험
포천,2024,9,2024-09,183,경기도,포천시,포천향교,22,포천 2024_09.csv,역사관광,역사유적지
포천,2024,9,2024-09,187,경기도,포천시,유식물원,21,포천 2024_09.csv,문화관광,테마공원
포천,2024,9,2024-09,187,경기도,포천시,미륵박물관,21,포천 2024_09.csv,문화관광,전시시설
포천,2024,9,2024-09,189,경기도,포천시,천우문학관,20,포천 2024_09.csv,문화관광,기타문화관광지
포천,2024,9,2024-09,189,경기도,포천시,그린포도농원,20,포천 2024_09.csv,체험관광,농/산/어촌체험
포천,2024,9,2024-09,189,경기도,포천시,고모리수상레저,20,포천 2024_09.csv,레저스포츠,기타레저스포츠
포천,2024,9,2024-09,189,경기도,포천시,통일대,20,포천 2024_09.csv,기타관광,기타관광
포천,2024,9,2024-09,193,경기도,포천시,포천반월성,19,포천 2024_09.csv,역사관광,역사유적지
포천,2024,9,2024-09,194,경기도,포천시,쌍불사,18,포천 2024_09.csv,역사관광,종교성지
포천,2024,9,2024-09,194,경기도,포천시,선유담계곡,18,포천 2024_09.csv,자연관광,자연경관(산)
포천,2024,9,2024-09,194,경기도,포천시,만덕사,18,포천 2024_09.csv,역사관광,종교성지
포천,2024,9,2024-09,197,경기도,포천시,한탄강주상절리길5코스,17,포천 2024_09.csv,레저스포츠,기타레저스포츠
포천,2024,9,2024-09,197,경기도,포천시,포천직두리의부부송,17,포천 2024_09.csv,역사관광,역사유적지
포천,2024,9,2024-09,197,경기도,포천시,명산저수지,17,포천 2024_09.csv,자연관광,자연경관(하천/해양)
포천,2024,9,2024-09,200,경기도,포천시,신읍동도시재생어울림센터2,16,포천 2024_09.csv,문화관광,기타문화관광지
포천,2024,9,2024-09,200,경기도,포천시,일동문화예술창고,16,포천 2024_09.csv,문화관광,기타문화관광지
포천,2024,9,2024-09,200,경기도,포천시,전운사,16,포천 2024_09.csv,역사관광,종교성지
포천,2024,9,2024-09,200,경기도,포천시,깊이울저수지,16,포천 2024_09.csv,자연관광,자연경관(하천/해양)
포천,2024,9,2024-09,200,경기도,포천시,영평천,16,포천 2024_09.csv,자연관광,자연공원
포천,2024,9,2024-09,200,경기도,포천시,키즈필포천송우점,16,포천 2024_09.csv,문화관광,테마공원
포천,2024,9,2024-09,200,경기도,포천시,천해사,16,포천 2024_09.csv,역사관광,종교성지
포천,2024,9,2024-09,207,경기도,포천시,달콤이포도밭집,15,포천 2024_09.csv,체험관광,농/산/어촌체험
포천,2024,9,2024-09,207,경기도,포천시,교동사과농장,15,포천 2024_09.csv,체험관광,농/산/어촌체험
포천,2024,9,2024-09,207,경기도,포천시,용연서원,15,포천 2024_09.csv,역사관광,역사유적지
포천,2024,9,2024-09,207,경기도,포천시,송광사,15,포천 2024_09.csv,역사관광,종교성지
포천,2024,9,2024-09,207,경기도,포천시,금불사,15,포천 2024_09.csv,역사관광,종교성지
포천,2024,9,2024-09,212,경기도,포천시,포천목공체험장,14,포천 2024_09.csv,문화관광,기타문화관광지
포천,2024,9,2024-09,212,경기도,포천시,미진농원,14,포천 2024_09.csv,체험관광,농/산/어촌체험
포천,2024,9,2024-09,212,경기도,포천시,광릉분재예술공원,14,포천 2024_09.csv,문화관광,도시공원
포천,2024,9,2024-09,212,경기도,포천시,충목단,14,포천 2024_09.csv,역사관광,역사유적지
포천,2024,9,2024-09,212,경기도,포천시,한탄강대교천현무암협곡,14,포천 2024_09.csv,기타관광,기타관광
포천,2024,9,2024-09,217,경기도,포천시,관인문화마을,13,포천 2024_09.csv,기타관광,기타관광
포천,2024,9,2024-09,217,경기도,포천시,프로방스빌리지수영장,13,포천 2024_09.csv,문화관광,테마공원
포천,2024,9,2024-09,217,경기도,포천시,실상선원,13,포천 2024_09.csv,역사관광,종교성지
포천,2024,9,2024-09,217,경기도,포천시,왕방산,13,포천 2024_09.csv,자연관광,자연경관(산)
포천,2024,9,2024-09,217,경기도,포천시,가온농장,13,포천 2024_09.csv,체험관광,농/산/어촌체험
포천,2024,9,2024-09,222,경기도,포천시,부소천교,12,포천 2024_09.csv,기타관광,기타관광
포천,2024,9,2024-09,222,경기도,포천시,극락사,12,포천 2024_09.csv,역사관광,종교성지
포천,2024,9,2024-09,222,경기도,포천시,각흘산,12,포천 2024_09.csv,자연관광,자연경관(산)
포천,2024,9,2024-09,222,경기도,포천시,고모지,12,포천 2024_09.csv,자연관광,자연경관(하천/해양)
포천,2024,9,2024-09,226,경기도,포천시,대수암,11,포천 2024_09.csv,역사관광,종교성지
포천,2024,9,2024-09,226,경기도,포천시,산정호수관광단지,11,포천 2024_09.csv,문화관광,복합관광시설
포천,2024,9,2024-09,226,경기도,포천시,무림사,11,포천 2024_09.csv,역사관광,종교성지
포천,2024,9,2024-09,226,경기도,포천시,향적사,11,포천 2024_09.csv,역사관광,종교성지
포천,2024,9,2024-09,226,경기도,포천시,옥병서원,11,포천 2024_09.csv,역사관광,역사유적지
포천,2024,9,2024-09,226,경기도,포천시,국봉사,11,포천 2024_09.csv,역사관광,종교성지
포천,2024,9,2024-09,226,경기도,포천시,포천레이스웨이,11,포천 2024_09.csv,레저스포츠,육상레저스포츠
포천,2024,9,2024-09,233,경기도,포천시,명성산산안고개방면,10,포천 2024_09.csv,자연관광,자연경관(산)
포천,2024,9,2024-09,233,경기도,포천시,직동낚시터,10,포천 2024_09.csv,레저스포츠,수상레저스포츠
포천,2024,9,2024-09,233,경기도,포천시,청계산약수터,10,포천 2024_09.csv,자연관광,자연경관(산)
포천,2024,9,2024-09,233,경기도,포천시,포천용담저수지,10,포천 2024_09.csv,자연관광,자연경관(하천/해양)
포천,2024,9,2024-09,237,경기도,포천시,레더준,9,포천 2024_09.csv,체험관광,공예체험
포천,2024,9,2024-09,237,경기도,포천시,선광사,9,포천 2024_09.csv,역사관광,종교성지
포천,2024,9,2024-09,237,경기도,포천시,홀스킹덤팜스테이,9,포천 2024_09.csv,레저스포츠,육상레저스포츠
포천,2024,9,2024-09,237,경기도,포천시,아름다운농원,9,포천 2024_09.csv,체험관광,농/산/어촌체험
포천,2024,9,2024-09,237,경기도,포천시,승법사,9,포천 2024_09.csv,역사관광,종교성지
포천,2024,9,2024-09,242,경기도,포천시,무상사,8,포천 2024_09.csv,역사관광,종교성지
포천,2024,9,2024-09,242,경기도,포천시,화산서원,8,포천 2024_09.csv,역사관광,역사유적지
포천,2024,9,2024-09,242,경기도,포천시,베어스타운CC휴업,8,포천 2024_09.csv,레저스포츠,육상레저스포츠
포천,2024,9,2024-09,242,경기도,포천시,법왕사,8,포천 2024_09.csv,역사관광,종교성지
포천,2024,9,2024-09,242,경기도,포천시,옹장굴,8,포천 2024_09.csv,체험관광,농/산/어촌체험
포천,2024,9,2024-09,242,경기도,포천시,밤밭지,8,포천 2024_09.csv,자연관광,자연경관(하천/해양)
포천,2024,9,2024-09,242,경기도,포천시,소야사과농장,8,포천 2024_09.csv,체험관광,농/산/어촌체험
포천,2024,9,2024-09,242,경기도,포천시,성불사,8,포천 2024_09.csv,역사관광,종교성지
포천,2024,9,2024-09,242,경기도,포천시,궁뜰사과농원,8,포천 2024_09.csv,체험관광,농/산/어촌체험
포천,2024,9,2024-09,251,경기도,포천시,기원정사,7,포천 2024_09.csv,역사관광,종교성지
포천,2024,9,2024-09,251,경기도,포천시,포천탁구클럽,7,포천 2024_09.csv,레저스포츠,기타레저스포츠
포천,2024,9,2024-09,251,경기도,포천시,건플레이,7,포천 2024_09.csv,레저스포츠,기타레저스포츠
포천,2024,9,2024-09,251,경기도,포천시,보림사,7,포천 2024_09.csv,역사관광,종교성지
포천,2024,9,2024-09,251,경기도,포천시,황제다육식물농장,7,포천 2024_09.csv,체험관광,농/산/어촌체험
포천,2024,9,2024-09,251,경기도,포천시,축석포도농원,7,포천 2024_09.csv,체험관광,농/산/어촌체험
포천,2024,9,2024-09,257,경기도,포천시,루지월드베어스타운점,6,포천 2024_09.csv,레저스포츠,기타레저스포츠
포천,2024,9,2024-09,257,경기도,포천시,낙천지폭포,6,포천 2024_09.csv,자연관광,자연경관(산)
포천,2024,9,2024-09,257,경기도,포천시,미륵사,6,포천 2024_09.csv,역사관광,종교성지
포천,2024,9,2024-09,257,경기도,포천시,황금빛농원,6,포천 2024_09.csv,체험관광,농/산/어촌체험
포천,2024,9,2024-09,257,경기도,포천시,구암정사,6,포천 2024_09.csv,역사관광,종교성지
포천,2024,9,2024-09,257,경기도,포천시,수목원낚시터,6,포천 2024_09.csv,레저스포츠,수상레저스포츠
포천,2024,9,2024-09,257,경기도,포천시,동부정,6,포천 2024_09.csv,레저스포츠,육상레저스포츠
포천,2024,9,2024-09,257,경기도,포천시,냉정낚시터,6,포천 2024_09.csv,레저스포츠,수상레저스포츠
포천,2024,9,2024-09,257,경기도,포천시,금수정,6,포천 2024_09.csv,역사관광,역사유적지
포천,2024,9,2024-09,257,경기도,포천시,무림포도농원,6,포천 2024_09.csv,체험관광,농/산/어촌체험
포천,2024,9,2024-09,257,경기도,포천시,다래레저,6,포천 2024_09.csv,레저스포츠,수상레저스포츠
포천,2024,9,2024-09,257,경기도,포천시,중리테마파크낚시터,6,포천 2024_09.csv,레저스포츠,수상레저스포츠
포천,2024,9,2024-09,257,경기도,포천시,향림사,6,포천 2024_09.csv,역사관광,종교성지
포천,2024,9,2024-09,257,경기도,포천시,동교하우스낚시터,6,포천 2024_09.csv,레저스포츠,수상레저스포츠
포천,2024,9,2024-09,257,경기도,포천시,예랑농원,6,포천 2024_09.csv,체험관광,농/산/어촌체험
포천,2024,9,2024-09,257,경기도,포천시,천은사,6,포천 2024_09.csv,역사관광,종교성지
포천,2024,9,2024-09,257,경기도,포천시,육사생도6.25참전기념비,6,포천 2024_09.csv,역사관광,역사유물
포천,2024,9,2024-09,257,경기도,포천시,이삿갓포도농원,6,포천 2024_09.csv,체험관광,농/산/어촌체험
포천,2024,9,2024-09,275,경기도,포천시,명진농장,5,포천 2024_09.csv,체험관광,농/산/어촌체험
포천,2024,9,2024-09,275,경기도,포천시,동화사,5,포천 2024_09.csv,역사관광,종교성지
포천,2024,9,2024-09,275,경기도,포천시,법인도리돌마을,5,포천 2024_09.csv,레저스포츠,기타레저스포츠
포천,2024,9,2024-09,275,경기도,포천시,대한불교조계종정변지사,5,포천 2024_09.csv,역사관광,종교성지
포천,2024,9,2024-09,279,경기도,포천시,아딸농원,4,포천 2024_09.csv,체험관광,농/산/어촌체험
포천,2024,9,2024-09,279,경기도,포천시,구라이골,4,포천 2024_09.csv,기타관광,기타관광
포천,2024,9,2024-09,279,경기도,포천시,용정사과농원,4,포천 2024_09.csv,체험관광,농/산/어촌체험
포천,2024,9,2024-09,279,경기도,포천시,하늘밭농원,4,포천 2024_09.csv,체험관광,농/산/어촌체험
포천,2024,9,2024-09,279,경기도,포천시,광릉크낙새서식지,4,포천 2024_09.csv,기타관광,기타관광
포천,2024,9,2024-09,279,경기도,포천시,인평대군묘및신도비,4,포천 2024_09.csv,역사관광,역사유적지
포천,2024,9,2024-09,279,경기도,포천시,각흘계곡,4,포천 2024_09.csv,자연관광,자연경관(산)
포천,2024,9,2024-09,279,경기도,포천시,수원사,4,포천 2024_09.csv,역사관광,종교성지
포천,2024,9,2024-09,279,경기도,포천시,성불암,4,포천 2024_09.csv,역사관광,종교성지
포천,2024,9,2024-09,279,경기도,포천시,새마을저수지,4,포천 2024_09.csv,자연관광,자연경관(하천/해양)
포천,2024,9,2024-09,279,경기도,포천시,운주사,4,포천 2024_09.csv,역사관광,종교성지
포천,2024,9,2024-09,279,경기도,포천시,산정호수관광지3매표소,4,포천 2024_09.csv,기타관광,기타관광
포천,2024,9,2024-09,279,경기도,포천시,불국선원,4,포천 2024_09.csv,역사관광,종교성지
포천,2024,9,2024-09,279,경기도,포천시,복길이네포도밭,4,포천 2024_09.csv,체험관광,농/산/어촌체험
포천,2024,9,2024-09,279,경기도,포천시,도연암,4,포천 2024_09.csv,역사관광,종교성지
포천,2024,9,2024-09,294,경기도,포천시,정서네포도농원,3,포천 2024_09.csv,체험관광,농/산/어촌체험
포천,2024,9,2024-09,294,경기도,포천시,산안고개,3,포천 2024_09.csv,자연관광,자연경관(산)
포천,2024,9,2024-09,294,경기도,포천시,법천사,3,포천 2024_09.csv,역사관광,종교성지
포천,2024,9,2024-09,294,경기도,포천시,깜포도농원,3,포천 2024_09.csv,체험관광,농/산/어촌체험
포천,2024,9,2024-09,294,경기도,포천시,이벽생가터,3,포천 2024_09.csv,기타관광,기타관광
포천,2024,9,2024-09,294,경기도,포천시,일동금주산양어장,3,포천 2024_09.csv,체험관광,농/산/어촌체험
포천,2024,9,2024-09,294,경기도,포천시,포천소민농장,3,포천 2024_09.csv,체험관광,농/산/어촌체험
포천,2024,9,2024-09,294,경기도,포천시,초계목장,3,포천 2024_09.csv,체험관광,농/산/어촌체험
포천,2024,9,2024-09,294,경기도,포천시,정숙포도농원,3,포천 2024_09.csv,체험관광,농/산/어촌체험
포천,2024,9,2024-09,294,경기도,포천시,하늘다리사과농장,3,포천 2024_09.csv,체험관광,농/산/어촌체험
포천,2024,9,2024-09,294,경기도,포천시,마전저수지,3,포천 2024_09.csv,자연관광,자연경관(하천/해양)
포천,2024,9,2024-09,294,경기도,포천시,올레농장,3,포천 2024_09.csv,체험관광,농/산/어촌체험
포천,2024,9,2024-09,294,경기도,포천시,포천시파크골프장건축중(2024년12월 준공예정),3,포천 2024_09.csv,레저스포츠,육상레저스포츠
포천,2024,9,2024-09,294,경기도,포천시,천궁사,3,포천 2024_09.csv,역사관광,종교성지
포천,2024,9,2024-09,294,경기도,포천시,아쿠아스마트팜,3,포천 2024_09.csv,체험관광,농/산/어촌체험
포천,2024,9,2024-09,294,경기도,포천시,우드원,3,포천 2024_09.csv,체험관광,공예체험
포천,2024,9,2024-09,294,경기도,포천시,아트밸리1999,3,포천 2024_09.csv,문화관광,테마공원
포천,2024,9,2024-09,294,경기도,포천시,추동저수지낚시터,3,포천 2024_09.csv,레저스포츠,수상레저스포츠
포천,2024,9,2024-09,294,경기도,포천시,축석자연농원,3,포천 2024_09.csv,체험관광,농/산/어촌체험
포천,2024,9,2024-09,294,경기도,포천시,보현사,3,포천 2024_09.csv,역사관광,종교성지
포천,2024,9,2024-09,294,경기도,포천시,마태사,3,포천 2024_09.csv,역사관광,종교성지
포천,2024,9,2024-09,294,경기도,포천시,트라우트밸리,3,포천 2024_09.csv,레저스포츠,수상레저스포츠
포천,2024,9,2024-09,294,경기도,포천시,전계대원군묘,3,포천 2024_09.csv,역사관광,역사유적지
포천,2024,9,2024-09,294,경기도,포천시,본선사,3,포천 2024_09.csv,역사관광,종교성지
포천,2024,9,2024-09,294,경기도,포천시,관인공설시장,3,포천 2024_09.csv,쇼핑,시장
포천,2024,9,2024-09,294,경기도,포천시,내리공설시장,3,포천 2024_09.csv,쇼핑,시장
포천,2024,9,2024-09,294,경기도,포천시,대군정,3,포천 2024_09.csv,레저스포츠,육상레저스포츠
포천,2024,9,2024-09,294,경기도,포천시,왕방산왕방사방면,3,포천 2024_09.csv,자연관광,자연경관(산)
포천,2024,9,2024-09,294,경기도,포천시,지장사,3,포천 2024_09.csv,역사관광,종교성지
포천,2024,9,2024-09,294,경기도,포천시,능원관광낚시터,3,포천 2024_09.csv,레저스포츠,수상레저스포츠
포천,2024,9,2024-09,294,경기도,포천시,인흥군릉,3,포천 2024_09.csv,역사관광,역사유적지
포천,2024,9,2024-09,294,경기도,포천시,인공폭포,3,포천 2024_09.csv,자연관광,자연경관(산)
포천,2024,9,2024-09,294,경기도,포천시,괜찮아사랑이야촬영지,3,포천 2024_09.csv,문화관광,기타문화관광지
포천,2024,9,2024-09,294,경기도,포천시,천인계곡유원지,3,포천 2024_09.csv,문화관광,복합관광시설
포천,2024,9,2024-09,294,경기도,포천시,화현저수지,3,포천 2024_09.csv,자연관광,자연경관(하천/해양)
포천,2024,9,2024-09,294,경기도,포천시,지장산유원지,3,포천 2024_09.csv,문화관광,복합관광시설
포천,2024,9,2024-09,294,경기도,포천시,포천시 일동면 안변동산,3,포천 2024_09.csv,문화관광,도시/지역문화관광
포천,2024,9,2024-09,294,경기도,포천시,한탄임진강지질공원,3,포천 2024_09.csv,문화관광,도시공원
포천,2024,9,2024-09,294,경기도,포천시,옥금수계곡,3,포천 2024_09.csv,기타관광,기타관광
포천,2024,9,2024-09,294,경기도,포천시,국사봉,3,포천 2024_09.csv,자연관광,자연경관(산)
포천,2024,9,2024-09,294,경기도,포천시,동음사,3,포천 2024_09.csv,역사관광,역사유적지
포천,2024,9,2024-09,294,경기도,포천시,예산농장,3,포천 2024_09.csv,체험관광,농/산/어촌체험
포천,2024,10,2024-10,1,경기도,포천시,한탄강Y자출렁다리,15163,포천 2024_10.csv,기타관광,기타관광
포천,2024,10,2024-10,2,경기도,포천시,허브아일랜드,14336,포천 2024_10.csv,체험관광,농/산/어촌체험
포천,2024,10,2024-10,3,경기도,포천시,산정호수,13737,포천 2024_10.csv,자연관광,자연경관(하천/해양)
포천,2024,10,2024-10,4,경기도,포천시,국립수목원,13452,포천 2024_10.csv,문화관광,테마공원
포천,2024,10,2024-10,5,경기도,포천시,포천아트밸리,9805,포천 2024_10.csv,문화관광,공연시설
포천,2024,10,2024-10,6,경기도,포천시,포천힐마루CC,9661,포천 2024_10.csv,레저스포츠,육상레저스포츠
포천,2024,10,2024-10,7,경기도,포천시,베어크리크GC,9130,포천 2024_10.csv,레저스포츠,육상레저스포츠
포천,2024,10,2024-10,8,경기도,포천시,포천힐스CC,8461,포천 2024_10.csv,레저스포츠,육상레저스포츠
포천,2024,10,2024-10,9,경기도,포천시,라싸GC,8038,포천 2024_10.csv,레저스포츠,육상레저스포츠
포천,2024,10,2024-10,10,경기도,포천시,필로스GC,7596,포천 2024_10.csv,레저스포츠,육상레저스포츠
포천,2024,10,2024-10,11,경기도,포천시,비둘기낭폭포,7392,포천 2024_10.csv,자연관광,자연경관(산)
포천,2024,10,2024-10,12,경기도,포천시,푸른솔GC포천,7030,포천 2024_10.csv,레저스포츠,육상레저스포츠
포천,2024,10,2024-10,13,경기도,포천시,몽베르CC,6921,포천 2024_10.csv,레저스포츠,육상레저스포츠
포천,2024,10,2024-10,14,경기도,포천시,포레스트힐CC,6664,포천 2024_10.csv,레저스포츠,육상레저스포츠
포천,2024,10,2024-10,15,경기도,포천시,포천아도니스CC,6385,포천 2024_10.csv,레저스포츠,육상레저스포츠
포천,2024,10,2024-10,16,경기도,포천시,포천한탄강가든페스타,5268,포천 2024_10.csv,문화관광,기타문화관광지
포천,2024,10,2024-10,17,경기도,포천시,고모저수지,5187,포천 2024_10.csv,자연관광,자연경관(하천/해양)
포천,2024,10,2024-10,18,경기도,포천시,샴발라CC,4176,포천 2024_10.csv,레저스포츠,육상레저스포츠
포천,2024,10,2024-10,19,경기도,포천시,일동레이크GC,4155,포천 2024_10.csv,레저스포츠,육상레저스포츠
포천,2024,10,2024-10,20,경기도,포천시,한탄강생태경관단지,4112,포천 2024_10.csv,기타관광,기타관광
포천,2024,10,2024-10,21,경기도,포천시,일동시외버스터미널,3715,포천 2024_10.csv,기타관광,교통시설
포천,2024,10,2024-10,22,경기도,포천시,참밸리컨트리클럽,3630,포천 2024_10.csv,레저스포츠,육상레저스포츠
포천,2024,10,2024-10,23,경기도,포천시,포천한탄강하늘다리,3600,포천 2024_10.csv,기타관광,기타관광
포천,2024,10,2024-10,24,경기도,포천시,서운동산,3262,포천 2024_10.csv,문화관광,복합관광시설
포천,2024,10,2024-10,25,경기도,포천시,명성산억새밭,2372,포천 2024_10.csv,기타관광,기타관광
포천,2024,10,2024-10,26,경기도,포천시,신북온천스프링폴,2134,포천 2024_10.csv,체험관광,웰니스관광
포천,2024,10,2024-10,27,경기도,포천시,제일유황온천,1917,포천 2024_10.csv,체험관광,웰니스관광
포천,2024,10,2024-10,28,경기도,포천시,포천반월아트홀,1803,포천 2024_10.csv,문화관광,공연시설
포천,2024,10,2024-10,29,경기도,포천시,백운계곡,1709,포천 2024_10.csv,자연관광,자연경관(산)
포천,2024,10,2024-10,30,경기도,포천시,한탄강주상절리길1코스,1579,포천 2024_10.csv,레저스포츠,기타레저스포츠
포천,2024,10,2024-10,31,경기도,포천시,락가든GC,1252,포천 2024_10.csv,레저스포츠,육상레저스포츠
포천,2024,10,2024-10,32,경기도,포천시,송우시외버스터미널,1239,포천 2024_10.csv,기타관광,교통시설
포천,2024,10,2024-10,33,경기도,포천시,산정호수명성산억새꽃축제,1231,포천 2024_10.csv,문화관광,기타문화관광지
포천,2024,10,2024-10,34,경기도,포천시,CGV포천,1201,포천 2024_10.csv,문화관광,공연시설
포천,2024,10,2024-10,35,경기도,포천시,평강랜드,1151,포천 2024_10.csv,문화관광,테마공원
포천,2024,10,2024-10,36,경기도,포천시,어메이징파크,1148,포천 2024_10.csv,문화관광,전시시설
포천,2024,10,2024-10,37,경기도,포천시,포천축구공원,1091,포천 2024_10.csv,문화관광,도시공원
포천,2024,10,2024-10,38,경기도,포천시,산사원,1009,포천 2024_10.csv,문화관광,전시시설
포천,2024,10,2024-10,39,경기도,포천시,축석고개,999,포천 2024_10.csv,자연관광,자연경관(산)
포천,2024,10,2024-10,40,경기도,포천시,운악산자연휴양림,977,포천 2024_10.csv,자연관광,자연공원
포천,2024,10,2024-10,41,경기도,포천시,한탄강지질공원센터,975,포천 2024_10.csv,문화관광,전시시설
포천,2024,10,2024-10,42,경기도,포천시,포천시외버스터미널,965,포천 2024_10.csv,기타관광,교통시설
포천,2024,10,2024-10,43,경기도,포천시,베어스타운스키장휴업,941,포천 2024_10.csv,레저스포츠,육상레저스포츠
포천,2024,10,2024-10,44,경기도,포천시,포천아도니스퍼블릭CC,910,포천 2024_10.csv,레저스포츠,육상레저스포츠
포천,2024,10,2024-10,45,경기도,포천시,포천5일장,841,포천 2024_10.csv,쇼핑,시장
포천,2024,10,2024-10,46,경기도,포천시,가람누리문화공원전망대,790,포천 2024_10.csv,문화관광,랜드마크관광
포천,2024,10,2024-10,47,경기도,포천시,호국금강사,764,포천 2024_10.csv,역사관광,종교성지
포천,2024,10,2024-10,48,경기도,포천시,동교낚시터,668,포천 2024_10.csv,레저스포츠,수상레저스포츠
포천,2024,10,2024-10,49,경기도,포천시,수목원고모호수공원,659,포천 2024_10.csv,문화관광,도시공원
포천,2024,10,2024-10,50,경기도,포천시,밤밭낚시터,579,포천 2024_10.csv,레저스포츠,수상레저스포츠
포천,2024,10,2024-10,51,경기도,포천시,가산낚시터,563,포천 2024_10.csv,레저스포츠,수상레저스포츠
포천,2024,10,2024-10,52,경기도,포천시,내촌낚시터,558,포천 2024_10.csv,레저스포츠,수상레저스포츠
포천,2024,10,2024-10,53,경기도,포천시,초원낚시터,545,포천 2024_10.csv,레저스포츠,수상레저스포츠
포천,2024,10,2024-10,53,경기도,포천시,포천화적연,545,포천 2024_10.csv,자연관광,자연경관(하천/해양)
포천,2024,10,2024-10,55,경기도,포천시,소흘생활체육공원,522,포천 2024_10.csv,문화관광,도시공원
포천,2024,10,2024-10,56,경기도,포천시,천보산자연휴양림,493,포천 2024_10.csv,자연관광,자연공원
포천,2024,10,2024-10,57,경기도,포천시,주파크,476,포천 2024_10.csv,문화관광,테마공원
포천,2024,10,2024-10,58,경기도,포천시,마전낚시터,469,포천 2024_10.csv,레저스포츠,수상레저스포츠
포천,2024,10,2024-10,59,경기도,포천시,명성산,411,포천 2024_10.csv,자연관광,자연경관(산)
포천,2024,10,2024-10,60,경기도,포천시,도성사,398,포천 2024_10.csv,역사관광,종교성지
포천,2024,10,2024-10,61,경기도,포천시,가산저수지,394,포천 2024_10.csv,자연관광,자연경관(하천/해양)
포천,2024,10,2024-10,62,경기도,포천시,깊이울유원지,393,포천 2024_10.csv,문화관광,복합관광시설
포천,2024,10,2024-10,62,경기도,포천시,아프리카예술박물관,393,포천 2024_10.csv,문화관광,전시시설
포천,2024,10,2024-10,64,경기도,포천시,쌍방죽낚시터,391,포천 2024_10.csv,레저스포츠,수상레저스포츠
포천,2024,10,2024-10,65,경기도,포천시,허브아일랜드핑크뮬리페스티벌,385,포천 2024_10.csv,문화관광,기타문화관광지
포천,2024,10,2024-10,66,경기도,포천시,포천수원산정상전망대,334,포천 2024_10.csv,문화관광,랜드마크관광
포천,2024,10,2024-10,67,경기도,포천시,산정호수조각공원,333,포천 2024_10.csv,문화관광,도시공원
포천,2024,10,2024-10,68,경기도,포천시,낭만닥터김사부촬영지,320,포천 2024_10.csv,문화관광,기타문화관광지
포천,2024,10,2024-10,69,경기도,포천시,청성역사공원,313,포천 2024_10.csv,문화관광,도시공원
포천,2024,10,2024-10,70,경기도,포천시,블루밍팜,275,포천 2024_10.csv,체험관광,농/산/어촌체험
포천,2024,10,2024-10,71,경기도,포천시,청계지,264,포천 2024_10.csv,자연관광,자연경관(하천/해양)
포천,2024,10,2024-10,72,경기도,포천시,포천스포츠센터,249,포천 2024_10.csv,레저스포츠,기타레저스포츠
포천,2024,10,2024-10,73,경기도,포천시,포천하늘아래치유의숲,242,포천 2024_10.csv,기타관광,기타관광
포천,2024,10,2024-10,74,경기도,포천시,왕산사,237,포천 2024_10.csv,역사관광,종교성지
포천,2024,10,2024-10,75,경기도,포천시,백운계곡유원지,235,포천 2024_10.csv,문화관광,복합관광시설
포천,2024,10,2024-10,75,경기도,포천시,직두리낚시터,235,포천 2024_10.csv,레저스포츠,수상레저스포츠
포천,2024,10,2024-10,77,경기도,포천시,국망봉자연휴양림,234,포천 2024_10.csv,자연관광,자연공원
포천,2024,10,2024-10,77,경기도,포천시,냉정저수지,234,포천 2024_10.csv,자연관광,자연경관(하천/해양)
포천,2024,10,2024-10,79,경기도,포천시,광릉수목원자동차극장,225,포천 2024_10.csv,문화관광,공연시설
포천,2024,10,2024-10,80,경기도,포천시,포천신읍시장,222,포천 2024_10.csv,쇼핑,시장
포천,2024,10,2024-10,81,경기도,포천시,허브아일랜드불빛동화축제,221,포천 2024_10.csv,문화관광,기타문화관광지
포천,2024,10,2024-10,82,경기도,포천시,포천야구장,217,포천 2024_10.csv,문화관광,레저스포츠시설
포천,2024,10,2024-10,83,경기도,포천시,포천가구공단,214,포천 2024_10.csv,쇼핑,기타쇼핑시설
포천,2024,10,2024-10,84,경기도,포천시,운천재래시장,213,포천 2024_10.csv,쇼핑,시장
포천,2024,10,2024-10,85,경기도,포천시,가농바이오농장,209,포천 2024_10.csv,체험관광,농/산/어촌체험
포천,2024,10,2024-10,86,경기도,포천시,신안농장,208,포천 2024_10.csv,체험관광,농/산/어촌체험
포천,2024,10,2024-10,87,경기도,포천시,황금낚시터,201,포천 2024_10.csv,레저스포츠,수상레저스포츠
포천,2024,10,2024-10,88,경기도,포천시,포천종합운동장보조구장,200,포천 2024_10.csv,문화관광,레저스포츠시설
포천,2024,10,2024-10,89,경기도,포천시,광암이벽유적지,181,포천 2024_10.csv,역사관광,역사유적지
포천,2024,10,2024-10,90,경기도,포천시,설운체육공원,179,포천 2024_10.csv,문화관광,도시공원
포천,2024,10,2024-10,91,경기도,포천시,포천패션타운,177,포천 2024_10.csv,쇼핑,쇼핑몰
포천,2024,10,2024-10,92,경기도,포천시,길명낚시공원,176,포천 2024_10.csv,레저스포츠,수상레저스포츠
포천,2024,10,2024-10,93,경기도,포천시,새마을낚시터,175,포천 2024_10.csv,레저스포츠,수상레저스포츠
포천,2024,10,2024-10,94,경기도,포천시,용담대물낚시터,171,포천 2024_10.csv,레저스포츠,수상레저스포츠
포천,2024,10,2024-10,95,경기도,포천시,한화리조트산정호수온천,166,포천 2024_10.csv,체험관광,웰니스관광
포천,2024,10,2024-10,96,경기도,포천시,금주낚시터,160,포천 2024_10.csv,레저스포츠,수상레저스포츠
포천,2024,10,2024-10,97,경기도,포천시,화현이벽성지,147,포천 2024_10.csv,역사관광,역사유적지
포천,2024,10,2024-10,98,경기도,포천시,송우공설시장,145,포천 2024_10.csv,쇼핑,시장
포천,2024,10,2024-10,99,경기도,포천시,아트밸리1999,137,포천 2024_10.csv,문화관광,테마공원
포천,2024,10,2024-10,100,경기도,포천시,포천체육공원,131,포천 2024_10.csv,문화관광,도시공원
포천,2024,10,2024-10,101,경기도,포천시,나남수목원,130,포천 2024_10.csv,자연관광,자연공원
포천,2024,10,2024-10,102,경기도,포천시,구담사,125,포천 2024_10.csv,역사관광,종교성지
포천,2024,10,2024-10,103,경기도,포천시,포천파크골프장,124,포천 2024_10.csv,레저스포츠,기타레저스포츠
포천,2024,10,2024-10,104,경기도,포천시,운천낚시공원,123,포천 2024_10.csv,레저스포츠,수상레저스포츠
포천,2024,10,2024-10,105,경기도,포천시,고일낚시터,119,포천 2024_10.csv,레저스포츠,수상레저스포츠
포천,2024,10,2024-10,106,경기도,포천시,금주저수지,111,포천 2024_10.csv,자연관광,자연경관(하천/해양)
포천,2024,10,2024-10,107,경기도,포천시,자인사,110,포천 2024_10.csv,역사관광,종교성지
포천,2024,10,2024-10,108,경기도,포천시,한탄강주상절리길3코스,109,포천 2024_10.csv,레저스포츠,기타레저스포츠
포천,2024,10,2024-10,109,경기도,포천시,황금프라자,106,포천 2024_10.csv,쇼핑,쇼핑몰
포천,2024,10,2024-10,110,경기도,포천시,서운동산어린이동물농장,98,포천 2024_10.csv,기타관광,기타관광
포천,2024,10,2024-10,111,경기도,포천시,약천사,95,포천 2024_10.csv,역사관광,종교성지
포천,2024,10,2024-10,111,경기도,포천시,멍우리협곡,95,포천 2024_10.csv,자연관광,자연경관(산)
포천,2024,10,2024-10,113,경기도,포천시,포천자동차극장,91,포천 2024_10.csv,문화관광,공연시설
포천,2024,10,2024-10,114,경기도,포천시,흥룡사,89,포천 2024_10.csv,역사관광,종교성지
포천,2024,10,2024-10,115,경기도,포천시,레이크밸리 승마클럽,84,포천 2024_10.csv,레저스포츠,기타레저스포츠
포천,2024,10,2024-10,115,경기도,포천시,산정랜드,84,포천 2024_10.csv,문화관광,복합관광시설
포천,2024,10,2024-10,117,경기도,포천시,황새목낚시터,81,포천 2024_10.csv,레저스포츠,수상레저스포츠
포천,2024,10,2024-10,118,경기도,포천시,일동시장,80,포천 2024_10.csv,쇼핑,시장
포천,2024,10,2024-10,119,경기도,포천시,한탄강주상절리길2코스,74,포천 2024_10.csv,레저스포츠,기타레저스포츠
포천,2024,10,2024-10,120,경기도,포천시,천주호,70,포천 2024_10.csv,자연관광,자연경관(하천/해양)
포천,2024,10,2024-10,121,경기도,포천시,태국군참전비,68,포천 2024_10.csv,역사관광,역사유물
포천,2024,10,2024-10,122,경기도,포천시,포천운악산단풍축제,67,포천 2024_10.csv,문화관광,기타문화관광지
포천,2024,10,2024-10,123,경기도,포천시,포천농특산물대축제,63,포천 2024_10.csv,문화관광,기타문화관광지
포천,2024,10,2024-10,124,경기도,포천시,갈월버섯농장,58,포천 2024_10.csv,체험관광,농/산/어촌체험
포천,2024,10,2024-10,125,경기도,포천시,포천염광수련원,57,포천 2024_10.csv,레저스포츠,육상레저스포츠
포천,2024,10,2024-10,126,경기도,포천시,마홀축구장,55,포천 2024_10.csv,문화관광,레저스포츠시설
포천,2024,10,2024-10,126,경기도,포천시,청한베이스볼파크,55,포천 2024_10.csv,문화관광,레저스포츠시설
포천,2024,10,2024-10,128,경기도,포천시,모돈갤러리,54,포천 2024_10.csv,문화관광,전시시설
포천,2024,10,2024-10,129,경기도,포천시,소흘생활체육공원제1축구장,49,포천 2024_10.csv,문화관광,레저스포츠시설
포천,2024,10,2024-10,130,경기도,포천시,한탄강팔호유원지,48,포천 2024_10.csv,문화관광,복합관광시설
포천,2024,10,2024-10,131,경기도,포천시,송일농장,46,포천 2024_10.csv,체험관광,농/산/어촌체험
포천,2024,10,2024-10,131,경기도,포천시,미트빌연합사업단,46,포천 2024_10.csv,쇼핑,시장
포천,2024,10,2024-10,131,경기도,포천시,코버월드,46,포천 2024_10.csv,문화관광,전시시설
포천,2024,10,2024-10,134,경기도,포천시,국립산림박물관,45,포천 2024_10.csv,문화관광,전시시설
포천,2024,10,2024-10,135,경기도,포천시,한탄강테마파크,42,포천 2024_10.csv,문화관광,테마공원
포천,2024,10,2024-10,135,경기도,포천시,교동가마소,42,포천 2024_10.csv,기타관광,기타관광
포천,2024,10,2024-10,137,경기도,포천시,메향낚시터,40,포천 2024_10.csv,레저스포츠,수상레저스포츠
포천,2024,10,2024-10,138,경기도,포천시,소흘생활체육공원제2축구장,39,포천 2024_10.csv,문화관광,레저스포츠시설
포천,2024,10,2024-10,139,경기도,포천시,금룡사,37,포천 2024_10.csv,역사관광,종교성지
포천,2024,10,2024-10,140,경기도,포천시,어하고개,36,포천 2024_10.csv,자연관광,자연경관(산)
포천,2024,10,2024-10,140,경기도,포천시,한탄강야생화공원,36,포천 2024_10.csv,문화관광,도시공원
포천,2024,10,2024-10,142,경기도,포천시,포천허브아일랜드 자동차극장,35,포천 2024_10.csv,문화관광,공연시설
포천,2024,10,2024-10,143,경기도,포천시,지장산계곡,33,포천 2024_10.csv,자연관광,자연경관(산)
포천,2024,10,2024-10,143,경기도,포천시,복후미저수지,33,포천 2024_10.csv,자연관광,자연경관(하천/해양)
포천,2024,10,2024-10,145,경기도,포천시,한탄강주상절리길5코스,32,포천 2024_10.csv,레저스포츠,기타레저스포츠
포천,2024,10,2024-10,145,경기도,포천시,한과문화박물관,32,포천 2024_10.csv,문화관광,전시시설
포천,2024,10,2024-10,145,경기도,포천시,자비사,32,포천 2024_10.csv,역사관광,종교성지
포천,2024,10,2024-10,148,경기도,포천시,청계산,30,포천 2024_10.csv,자연관광,자연경관(산)
포천,2024,10,2024-10,148,경기도,포천시,솔모루공원,30,포천 2024_10.csv,문화관광,도시공원
포천,2024,10,2024-10,148,경기도,포천시,클라우드시네마,30,포천 2024_10.csv,문화관광,공연시설
포천,2024,10,2024-10,151,경기도,포천시,깊이울저수지,29,포천 2024_10.csv,자연관광,자연경관(하천/해양)
포천,2024,10,2024-10,151,경기도,포천시,백운산,29,포천 2024_10.csv,자연관광,자연경관(산)
포천,2024,10,2024-10,151,경기도,포천시,포천아트밸리천문과학관,29,포천 2024_10.csv,문화관광,전시시설
포천,2024,10,2024-10,154,경기도,포천시,이항복선생묘,26,포천 2024_10.csv,역사관광,역사유적지
포천,2024,10,2024-10,154,경기도,포천시,청계산약수터,26,포천 2024_10.csv,자연관광,자연경관(산)
포천,2024,10,2024-10,154,경기도,포천시,향림사,26,포천 2024_10.csv,역사관광,종교성지
포천,2024,10,2024-10,157,경기도,포천시,교동사과농장,24,포천 2024_10.csv,체험관광,농/산/어촌체험
포천,2024,10,2024-10,157,경기도,포천시,수목원프로방스,24,포천 2024_10.csv,자연관광,자연공원
포천,2024,10,2024-10,157,경기도,포천시,보문정사,24,포천 2024_10.csv,역사관광,종교성지
포천,2024,10,2024-10,157,경기도,포천시,태산낚시터,24,포천 2024_10.csv,레저스포츠,수상레저스포츠
포천,2024,10,2024-10,161,경기도,포천시,중리저수지,23,포천 2024_10.csv,자연관광,자연경관(하천/해양)
포천,2024,10,2024-10,161,경기도,포천시,지질트레일1코스,23,포천 2024_10.csv,레저스포츠,기타레저스포츠
포천,2024,10,2024-10,161,경기도,포천시,천해사,23,포천 2024_10.csv,역사관광,종교성지
포천,2024,10,2024-10,164,경기도,포천시,선단문화공원,22,포천 2024_10.csv,문화관광,도시공원
포천,2024,10,2024-10,164,경기도,포천시,충목단,22,포천 2024_10.csv,역사관광,역사유적지
포천,2024,10,2024-10,164,경기도,포천시,백로주유원지,22,포천 2024_10.csv,문화관광,복합관광시설
포천,2024,10,2024-10,167,경기도,포천시,베스트원스포츠,21,포천 2024_10.csv,레저스포츠,기타레저스포츠
포천,2024,10,2024-10,167,경기도,포천시,태봉공원,21,포천 2024_10.csv,문화관광,도시공원
포천,2024,10,2024-10,167,경기도,포천시,운악레저타운,21,포천 2024_10.csv,레저스포츠,기타레저스포츠
포천,2024,10,2024-10,167,경기도,포천시,옥병서원,21,포천 2024_10.csv,역사관광,역사유적지
포천,2024,10,2024-10,171,경기도,포천시,관음사,20,포천 2024_10.csv,역사관광,종교성지
포천,2024,10,2024-10,171,경기도,포천시,신읍동도시재생어울림센터2,20,포천 2024_10.csv,문화관광,기타문화관광지
포천,2024,10,2024-10,171,경기도,포천시,명진농장,20,포천 2024_10.csv,체험관광,농/산/어촌체험
포천,2024,10,2024-10,171,경기도,포천시,포천반월성,20,포천 2024_10.csv,역사관광,역사유적지
포천,2024,10,2024-10,171,경기도,포천시,각흘산,20,포천 2024_10.csv,자연관광,자연경관(산)
포천,2024,10,2024-10,176,경기도,포천시,포천목공체험장,19,포천 2024_10.csv,문화관광,기타문화관광지
포천,2024,10,2024-10,176,경기도,포천시,관인문화마을,19,포천 2024_10.csv,기타관광,기타관광
포천,2024,10,2024-10,178,경기도,포천시,냉정낚시터,17,포천 2024_10.csv,레저스포츠,수상레저스포츠
포천,2024,10,2024-10,178,경기도,포천시,호스랜드승마클럽,17,포천 2024_10.csv,레저스포츠,육상레저스포츠
포천,2024,10,2024-10,178,경기도,포천시,왕방산,17,포천 2024_10.csv,자연관광,자연경관(산)
포천,2024,10,2024-10,178,경기도,포천시,평화나무농장,17,포천 2024_10.csv,체험관광,농/산/어촌체험
포천,2024,10,2024-10,178,경기도,포천시,천주사,17,포천 2024_10.csv,역사관광,종교성지
포천,2024,10,2024-10,183,경기도,포천시,포천직두리의부부송,16,포천 2024_10.csv,역사관광,역사유적지
포천,2024,10,2024-10,183,경기도,포천시,지청낚시터,16,포천 2024_10.csv,레저스포츠,수상레저스포츠
포천,2024,10,2024-10,183,경기도,포천시,금수정,16,포천 2024_10.csv,역사관광,역사유적지
포천,2024,10,2024-10,183,경기도,포천시,도평리터미널,16,포천 2024_10.csv,기타관광,교통시설
포천,2024,10,2024-10,187,경기도,포천시,실상선원,15,포천 2024_10.csv,역사관광,종교성지
포천,2024,10,2024-10,187,경기도,포천시,법왕사,15,포천 2024_10.csv,역사관광,종교성지
포천,2024,10,2024-10,187,경기도,포천시,명성산산안고개방면,15,포천 2024_10.csv,자연관광,자연경관(산)
포천,2024,10,2024-10,187,경기도,포천시,극락사,15,포천 2024_10.csv,역사관광,종교성지
포천,2024,10,2024-10,187,경기도,포천시,포천운산리자연생태공원,15,포천 2024_10.csv,문화관광,도시공원
포천,2024,10,2024-10,192,경기도,포천시,미륵사,14,포천 2024_10.csv,역사관광,종교성지
포천,2024,10,2024-10,192,경기도,포천시,반디농장,14,포천 2024_10.csv,체험관광,농/산/어촌체험
포천,2024,10,2024-10,194,경기도,포천시,화산서원,13,포천 2024_10.csv,역사관광,역사유적지
포천,2024,10,2024-10,194,경기도,포천시,유식물원,13,포천 2024_10.csv,문화관광,테마공원
포천,2024,10,2024-10,194,경기도,포천시,산정호수관광지3매표소,13,포천 2024_10.csv,기타관광,기타관광
포천,2024,10,2024-10,194,경기도,포천시,Y스포츠센터,13,포천 2024_10.csv,레저스포츠,기타레저스포츠
포천,2024,10,2024-10,198,경기도,포천시,일동문화예술창고,12,포천 2024_10.csv,문화관광,기타문화관광지
포천,2024,10,2024-10,198,경기도,포천시,동부정,12,포천 2024_10.csv,레저스포츠,육상레저스포츠
포천,2024,10,2024-10,198,경기도,포천시,밤밭지,12,포천 2024_10.csv,자연관광,자연경관(하천/해양)
포천,2024,10,2024-10,198,경기도,포천시,무림사,12,포천 2024_10.csv,역사관광,종교성지
포천,2024,10,2024-10,198,경기도,포천시,무네미낚시터,12,포천 2024_10.csv,레저스포츠,수상레저스포츠
포천,2024,10,2024-10,198,경기도,포천시,고모리수상레저,12,포천 2024_10.csv,레저스포츠,기타레저스포츠
포천,2024,10,2024-10,198,경기도,포천시,국봉사,12,포천 2024_10.csv,역사관광,종교성지
포천,2024,10,2024-10,205,경기도,포천시,소흘생활체육공원인공암벽장,11,포천 2024_10.csv,레저스포츠,기타레저스포츠
포천,2024,10,2024-10,205,경기도,포천시,도리돌문화교류센터,11,포천 2024_10.csv,레저스포츠,기타레저스포츠
포천,2024,10,2024-10,205,경기도,포천시,내리공설시장,11,포천 2024_10.csv,쇼핑,시장
포천,2024,10,2024-10,205,경기도,포천시,다래레저,11,포천 2024_10.csv,레저스포츠,수상레저스포츠
포천,2024,10,2024-10,205,경기도,포천시,승법사,11,포천 2024_10.csv,역사관광,종교성지
포천,2024,10,2024-10,210,경기도,포천시,포천탁구클럽,10,포천 2024_10.csv,레저스포츠,기타레저스포츠
포천,2024,10,2024-10,210,경기도,포천시,기산근린공원,10,포천 2024_10.csv,문화관광,도시공원
포천,2024,10,2024-10,210,경기도,포천시,화엄사,10,포천 2024_10.csv,역사관광,종교성지
포천,2024,10,2024-10,213,경기도,포천시,기원정사,9,포천 2024_10.csv,역사관광,종교성지
포천,2024,10,2024-10,213,경기도,포천시,아딸농원,9,포천 2024_10.csv,체험관광,농/산/어촌체험
포천,2024,10,2024-10,213,경기도,포천시,산정호수관광단지,9,포천 2024_10.csv,문화관광,복합관광시설
포천,2024,10,2024-10,213,경기도,포천시,독수리유격대전적비,9,포천 2024_10.csv,역사관광,역사유물
포천,2024,10,2024-10,213,경기도,포천시,금불사,9,포천 2024_10.csv,역사관광,종교성지
포천,2024,10,2024-10,213,경기도,포천시,장암저수지,9,포천 2024_10.csv,자연관광,자연경관(하천/해양)
포천,2024,10,2024-10,219,경기도,포천시,마전저수지,8,포천 2024_10.csv,자연관광,자연경관(하천/해양)
포천,2024,10,2024-10,219,경기도,포천시,가온농장,8,포천 2024_10.csv,체험관광,농/산/어촌체험
포천,2024,10,2024-10,221,경기도,포천시,한탄강주상절리길4코스,7,포천 2024_10.csv,레저스포츠,기타레저스포츠
포천,2024,10,2024-10,221,경기도,포천시,청솔농원,7,포천 2024_10.csv,체험관광,농/산/어촌체험
포천,2024,10,2024-10,221,경기도,포천시,소우주도자기공방,7,포천 2024_10.csv,체험관광,공예체험
포천,2024,10,2024-10,221,경기도,포천시,수목원낚시터,7,포천 2024_10.csv,레저스포츠,수상레저스포츠
포천,2024,10,2024-10,221,경기도,포천시,성불암,7,포천 2024_10.csv,역사관광,종교성지
포천,2024,10,2024-10,221,경기도,포천시,봉운사,7,포천 2024_10.csv,역사관광,종교성지
포천,2024,10,2024-10,221,경기도,포천시,대안사,7,포천 2024_10.csv,역사관광,종교성지
포천,2024,10,2024-10,221,경기도,포천시,영평천,7,포천 2024_10.csv,자연관광,자연공원
포천,2024,10,2024-10,221,경기도,포천시,미륵박물관,7,포천 2024_10.csv,문화관광,전시시설
포천,2024,10,2024-10,221,경기도,포천시,백운계곡국민관광지,7,포천 2024_10.csv,문화관광,복합관광시설
포천,2024,10,2024-10,221,경기도,포천시,동교하우스낚시터,7,포천 2024_10.csv,레저스포츠,수상레저스포츠
포천,2024,10,2024-10,221,경기도,포천시,육사생도6.25참전기념비,7,포천 2024_10.csv,역사관광,역사유물
포천,2024,10,2024-10,221,경기도,포천시,예산농장,7,포천 2024_10.csv,체험관광,농/산/어촌체험
포천,2024,10,2024-10,234,경기도,포천시,산안고개,6,포천 2024_10.csv,자연관광,자연경관(산)
포천,2024,10,2024-10,234,경기도,포천시,부소천교,6,포천 2024_10.csv,기타관광,기타관광
포천,2024,10,2024-10,234,경기도,포천시,참진사과,6,포천 2024_10.csv,체험관광,농/산/어촌체험
포천,2024,10,2024-10,234,경기도,포천시,포천소민농장,6,포천 2024_10.csv,체험관광,농/산/어촌체험
포천,2024,10,2024-10,234,경기도,포천시,전운사,6,포천 2024_10.csv,역사관광,종교성지
포천,2024,10,2024-10,234,경기도,포천시,비즈아쿠아,6,포천 2024_10.csv,문화관광,테마공원
포천,2024,10,2024-10,234,경기도,포천시,소야사과농장,6,포천 2024_10.csv,체험관광,농/산/어촌체험
포천,2024,10,2024-10,234,경기도,포천시,보림사,6,포천 2024_10.csv,역사관광,종교성지
포천,2024,10,2024-10,234,경기도,포천시,포천블루파크,6,포천 2024_10.csv,문화관광,테마공원
포천,2024,10,2024-10,234,경기도,포천시,관음사,6,포천 2024_10.csv,역사관광,종교성지
포천,2024,10,2024-10,234,경기도,포천시,철갑상어농장,6,포천 2024_10.csv,체험관광,농/산/어촌체험
포천,2024,10,2024-10,234,경기도,포천시,삼손목장,6,포천 2024_10.csv,체험관광,농/산/어촌체험
포천,2024,10,2024-10,246,경기도,포천시,귀빈농원사과대추농장,5,포천 2024_10.csv,체험관광,농/산/어촌체험
포천,2024,10,2024-10,246,경기도,포천시,천궁사,5,포천 2024_10.csv,역사관광,종교성지
포천,2024,10,2024-10,246,경기도,포천시,쌍불사,5,포천 2024_10.csv,역사관광,종교성지
포천,2024,10,2024-10,246,경기도,포천시,포천향교,5,포천 2024_10.csv,역사관광,역사유적지
포천,2024,10,2024-10,246,경기도,포천시,협신농장,5,포천 2024_10.csv,체험관광,농/산/어촌체험
포천,2024,10,2024-10,251,경기도,포천시,청성사,4,포천 2024_10.csv,역사관광,역사유적지
포천,2024,10,2024-10,251,경기도,포천시,포천정,4,포천 2024_10.csv,레저스포츠,육상레저스포츠
포천,2024,10,2024-10,251,경기도,포천시,법천사,4,포천 2024_10.csv,역사관광,종교성지
포천,2024,10,2024-10,251,경기도,포천시,무상사,4,포천 2024_10.csv,역사관광,종교성지
포천,2024,10,2024-10,251,경기도,포천시,도마치고개,4,포천 2024_10.csv,자연관광,자연경관(산)
포천,2024,10,2024-10,251,경기도,포천시,청림사과농원,4,포천 2024_10.csv,체험관광,농/산/어촌체험
포천,2024,10,2024-10,251,경기도,포천시,상현네포도농원,4,포천 2024_10.csv,체험관광,농/산/어촌체험
포천,2024,10,2024-10,251,경기도,포천시,능원관광낚시터,4,포천 2024_10.csv,레저스포츠,수상레저스포츠
포천,2024,10,2024-10,251,경기도,포천시,허브아일랜드산타마을,4,포천 2024_10.csv,문화관광,테마공원
포천,2024,10,2024-10,251,경기도,포천시,도마치계곡,4,포천 2024_10.csv,자연관광,자연경관(산)
포천,2024,10,2024-10,251,경기도,포천시,다산농산,4,포천 2024_10.csv,체험관광,농/산/어촌체험
포천,2024,10,2024-10,251,경기도,포천시,명산저수지,4,포천 2024_10.csv,자연관광,자연경관(하천/해양)
포천,2024,10,2024-10,251,경기도,포천시,대한불교조계종정변지사,4,포천 2024_10.csv,역사관광,종교성지
포천,2024,10,2024-10,251,경기도,포천시,토우공방,4,포천 2024_10.csv,체험관광,공예체험
포천,2024,10,2024-10,251,경기도,포천시,포천용담저수지,4,포천 2024_10.csv,자연관광,자연경관(하천/해양)
포천,2024,10,2024-10,251,경기도,포천시,한탄임진강지질공원,4,포천 2024_10.csv,문화관광,도시공원
포천,2024,10,2024-10,251,경기도,포천시,성불사,4,포천 2024_10.csv,역사관광,종교성지
포천,2024,10,2024-10,268,경기도,포천시,도마치계곡유원지,3,포천 2024_10.csv,문화관광,복합관광시설
포천,2024,10,2024-10,268,경기도,포천시,여우뜰,3,포천 2024_10.csv,체험관광,농/산/어촌체험
포천,2024,10,2024-10,268,경기도,포천시,루지월드베어스타운점,3,포천 2024_10.csv,레저스포츠,기타레저스포츠
포천,2024,10,2024-10,268,경기도,포천시,초계목장,3,포천 2024_10.csv,체험관광,농/산/어촌체험
포천,2024,10,2024-10,268,경기도,포천시,원통사,3,포천 2024_10.csv,역사관광,종교성지
포천,2024,10,2024-10,268,경기도,포천시,프로방스빌리지수영장,3,포천 2024_10.csv,문화관광,테마공원
포천,2024,10,2024-10,268,경기도,포천시,잇빛천연염색체험학습장,3,포천 2024_10.csv,체험관광,공예체험
포천,2024,10,2024-10,268,경기도,포천시,천주산농원,3,포천 2024_10.csv,체험관광,농/산/어촌체험
포천,2024,10,2024-10,268,경기도,포천시,포천체육공원어린이물놀이장,3,포천 2024_10.csv,문화관광,테마공원
포천,2024,10,2024-10,268,경기도,포천시,종원포도,3,포천 2024_10.csv,체험관광,농/산/어촌체험
포천,2024,10,2024-10,268,경기도,포천시,한탄강수변공원,3,포천 2024_10.csv,문화관광,도시공원
포천,2024,10,2024-10,268,경기도,포천시,건플레이,3,포천 2024_10.csv,레저스포츠,기타레저스포츠
포천,2024,10,2024-10,268,경기도,포천시,광릉분재예술공원,3,포천 2024_10.csv,문화관광,도시공원
포천,2024,10,2024-10,268,경기도,포천시,광릉크낙새서식지,3,포천 2024_10.csv,기타관광,기타관광
포천,2024,10,2024-10,268,경기도,포천시,베어스타운CC휴업,3,포천 2024_10.csv,레저스포츠,육상레저스포츠
포천,2024,10,2024-10,268,경기도,포천시,용연서원,3,포천 2024_10.csv,역사관광,역사유적지
포천,2024,10,2024-10,268,경기도,포천시,천주산,3,포천 2024_10.csv,자연관광,자연경관(산)
포천,2024,10,2024-10,268,경기도,포천시,명성산산정호수방면,3,포천 2024_10.csv,자연관광,자연경관(산)
포천,2024,10,2024-10,268,경기도,포천시,수원산,3,포천 2024_10.csv,자연관광,자연경관(산)
포천,2024,10,2024-10,268,경기도,포천시,동화사,3,포천 2024_10.csv,역사관광,종교성지
포천,2024,10,2024-10,268,경기도,포천시,풍혈유원지,3,포천 2024_10.csv,문화관광,복합관광시설
포천,2024,10,2024-10,268,경기도,포천시,이동생태공원,3,포천 2024_10.csv,문화관광,도시공원
포천,2024,10,2024-10,268,경기도,포천시,홀스킹덤팜스테이,3,포천 2024_10.csv,레저스포츠,육상레저스포츠
포천,2024,10,2024-10,268,경기도,포천시,초가낚시터,3,포천 2024_10.csv,레저스포츠,수상레저스포츠
포천,2024,10,2024-10,268,경기도,포천시,청계유원지,3,포천 2024_10.csv,문화관광,복합관광시설
포천,2024,10,2024-10,268,경기도,포천시,포천사과농원,3,포천 2024_10.csv,체험관광,농/산/어촌체험
포천,2024,10,2024-10,268,경기도,포천시,포천약사암,3,포천 2024_10.csv,역사관광,종교성지
포천,2024,10,2024-10,268,경기도,포천시,한탄강대교천현무암협곡,3,포천 2024_10.csv,기타관광,기타관광
포천,2024,10,2024-10,268,경기도,포천시,화현저수지,3,포천 2024_10.csv,자연관광,자연경관(하천/해양)
포천,2024,10,2024-10,268,경기도,포천시,봉천사,3,포천 2024_10.csv,역사관광,종교성지
포천,2024,10,2024-10,268,경기도,포천시,향적사,3,포천 2024_10.csv,역사관광,종교성지
포천,2024,10,2024-10,268,경기도,포천시,예랑농원,3,포천 2024_10.csv,체험관광,농/산/어촌체험
포천,2024,10,2024-10,268,경기도,포천시,궁뜰사과농원,3,포천 2024_10.csv,체험관광,농/산/어촌체험
포천,2024,11,2024-11,1,경기도,포천시,국립수목원,11882,포천 2024_11.csv,문화관광,테마공원
포천,2024,11,2024-11,2,경기도,포천시,산정호수,9552,포천 2024_11.csv,자연관광,자연경관(하천/해양)
포천,2024,11,2024-11,3,경기도,포천시,한탄강Y자출렁다리,7916,포천 2024_11.csv,기타관광,기타관광
포천,2024,11,2024-11,4,경기도,포천시,포천힐마루CC,7514,포천 2024_11.csv,레저스포츠,육상레저스포츠
포천,2024,11,2024-11,5,경기도,포천시,허브아일랜드,7499,포천 2024_11.csv,체험관광,농/산/어촌체험
포천,2024,11,2024-11,6,경기도,포천시,베어크리크GC,7213,포천 2024_11.csv,레저스포츠,육상레저스포츠
포천,2024,11,2024-11,7,경기도,포천시,포천아트밸리,7054,포천 2024_11.csv,문화관광,공연시설
포천,2024,11,2024-11,8,경기도,포천시,포천힐스CC,6336,포천 2024_11.csv,레저스포츠,육상레저스포츠
포천,2024,11,2024-11,9,경기도,포천시,필로스GC,6018,포천 2024_11.csv,레저스포츠,육상레저스포츠
포천,2024,11,2024-11,10,경기도,포천시,몽베르CC,5592,포천 2024_11.csv,레저스포츠,육상레저스포츠
포천,2024,11,2024-11,11,경기도,포천시,포레스트힐CC,5540,포천 2024_11.csv,레저스포츠,육상레저스포츠
포천,2024,11,2024-11,12,경기도,포천시,라싸GC,5478,포천 2024_11.csv,레저스포츠,육상레저스포츠
포천,2024,11,2024-11,13,경기도,포천시,푸른솔GC포천,5304,포천 2024_11.csv,레저스포츠,육상레저스포츠
포천,2024,11,2024-11,14,경기도,포천시,포천아도니스CC,5097,포천 2024_11.csv,레저스포츠,육상레저스포츠
포천,2024,11,2024-11,15,경기도,포천시,고모저수지,4480,포천 2024_11.csv,자연관광,자연경관(하천/해양)
포천,2024,11,2024-11,16,경기도,포천시,비둘기낭폭포,3904,포천 2024_11.csv,자연관광,자연경관(산)
포천,2024,11,2024-11,17,경기도,포천시,일동시외버스터미널,3443,포천 2024_11.csv,기타관광,교통시설
포천,2024,11,2024-11,18,경기도,포천시,샴발라CC,3284,포천 2024_11.csv,레저스포츠,육상레저스포츠
포천,2024,11,2024-11,19,경기도,포천시,참밸리컨트리클럽,2817,포천 2024_11.csv,레저스포츠,육상레저스포츠
포천,2024,11,2024-11,20,경기도,포천시,일동레이크GC,2776,포천 2024_11.csv,레저스포츠,육상레저스포츠
포천,2024,11,2024-11,21,경기도,포천시,신북온천스프링폴,2428,포천 2024_11.csv,체험관광,웰니스관광
포천,2024,11,2024-11,22,경기도,포천시,포천한탄강하늘다리,2066,포천 2024_11.csv,기타관광,기타관광
포천,2024,11,2024-11,23,경기도,포천시,제일유황온천,2064,포천 2024_11.csv,체험관광,웰니스관광
포천,2024,11,2024-11,24,경기도,포천시,포천반월아트홀,1379,포천 2024_11.csv,문화관광,공연시설
포천,2024,11,2024-11,25,경기도,포천시,CGV포천,1370,포천 2024_11.csv,문화관광,공연시설
포천,2024,11,2024-11,26,경기도,포천시,송우시외버스터미널,1335,포천 2024_11.csv,기타관광,교통시설
포천,2024,11,2024-11,27,경기도,포천시,락가든GC,1317,포천 2024_11.csv,레저스포츠,육상레저스포츠
포천,2024,11,2024-11,28,경기도,포천시,서운동산,1287,포천 2024_11.csv,문화관광,복합관광시설
포천,2024,11,2024-11,29,경기도,포천시,백운계곡,1218,포천 2024_11.csv,자연관광,자연경관(산)
포천,2024,11,2024-11,30,경기도,포천시,한탄강주상절리길1코스,1005,포천 2024_11.csv,레저스포츠,기타레저스포츠
포천,2024,11,2024-11,31,경기도,포천시,명성산억새밭,938,포천 2024_11.csv,기타관광,기타관광
포천,2024,11,2024-11,32,경기도,포천시,포천시외버스터미널,904,포천 2024_11.csv,기타관광,교통시설
포천,2024,11,2024-11,33,경기도,포천시,축석고개,872,포천 2024_11.csv,자연관광,자연경관(산)
포천,2024,11,2024-11,34,경기도,포천시,평강랜드,857,포천 2024_11.csv,문화관광,테마공원
포천,2024,11,2024-11,35,경기도,포천시,운악산자연휴양림,774,포천 2024_11.csv,자연관광,자연공원
포천,2024,11,2024-11,36,경기도,포천시,베어스타운스키장휴업,770,포천 2024_11.csv,레저스포츠,육상레저스포츠
포천,2024,11,2024-11,37,경기도,포천시,호국금강사,757,포천 2024_11.csv,역사관광,종교성지
포천,2024,11,2024-11,38,경기도,포천시,한탄강생태경관단지,719,포천 2024_11.csv,기타관광,기타관광
포천,2024,11,2024-11,39,경기도,포천시,포천아도니스퍼블릭CC,684,포천 2024_11.csv,레저스포츠,육상레저스포츠
포천,2024,11,2024-11,40,경기도,포천시,포천5일장,679,포천 2024_11.csv,쇼핑,시장
포천,2024,11,2024-11,41,경기도,포천시,산사원,673,포천 2024_11.csv,문화관광,전시시설
포천,2024,11,2024-11,42,경기도,포천시,어메이징파크,656,포천 2024_11.csv,문화관광,전시시설
포천,2024,11,2024-11,43,경기도,포천시,한탄강지질공원센터,652,포천 2024_11.csv,문화관광,전시시설
포천,2024,11,2024-11,44,경기도,포천시,수목원고모호수공원,533,포천 2024_11.csv,문화관광,도시공원
포천,2024,11,2024-11,45,경기도,포천시,천보산자연휴양림,460,포천 2024_11.csv,자연관광,자연공원
포천,2024,11,2024-11,46,경기도,포천시,아프리카예술박물관,458,포천 2024_11.csv,문화관광,전시시설
포천,2024,11,2024-11,47,경기도,포천시,동교낚시터,455,포천 2024_11.csv,레저스포츠,수상레저스포츠
포천,2024,11,2024-11,48,경기도,포천시,포천축구공원,446,포천 2024_11.csv,문화관광,도시공원
포천,2024,11,2024-11,49,경기도,포천시,주파크,437,포천 2024_11.csv,문화관광,테마공원
포천,2024,11,2024-11,50,경기도,포천시,밤밭낚시터,406,포천 2024_11.csv,레저스포츠,수상레저스포츠
포천,2024,11,2024-11,51,경기도,포천시,아트밸리1999,399,포천 2024_11.csv,문화관광,테마공원
포천,2024,11,2024-11,52,경기도,포천시,소흘생활체육공원,361,포천 2024_11.csv,문화관광,도시공원
포천,2024,11,2024-11,53,경기도,포천시,내촌낚시터,349,포천 2024_11.csv,레저스포츠,수상레저스포츠
포천,2024,11,2024-11,54,경기도,포천시,가람누리문화공원전망대,337,포천 2024_11.csv,문화관광,랜드마크관광
포천,2024,11,2024-11,55,경기도,포천시,도성사,323,포천 2024_11.csv,역사관광,종교성지
포천,2024,11,2024-11,56,경기도,포천시,포천화적연,316,포천 2024_11.csv,자연관광,자연경관(하천/해양)
포천,2024,11,2024-11,57,경기도,포천시,깊이울유원지,305,포천 2024_11.csv,문화관광,복합관광시설
포천,2024,11,2024-11,58,경기도,포천시,포천수원산정상전망대,302,포천 2024_11.csv,문화관광,랜드마크관광
포천,2024,11,2024-11,59,경기도,포천시,청성역사공원,299,포천 2024_11.csv,문화관광,도시공원
포천,2024,11,2024-11,60,경기도,포천시,마전낚시터,294,포천 2024_11.csv,레저스포츠,수상레저스포츠
포천,2024,11,2024-11,61,경기도,포천시,가산저수지,293,포천 2024_11.csv,자연관광,자연경관(하천/해양)
포천,2024,11,2024-11,62,경기도,포천시,가산낚시터,282,포천 2024_11.csv,레저스포츠,수상레저스포츠
포천,2024,11,2024-11,63,경기도,포천시,쌍방죽낚시터,280,포천 2024_11.csv,레저스포츠,수상레저스포츠
포천,2024,11,2024-11,64,경기도,포천시,낭만닥터김사부촬영지,251,포천 2024_11.csv,문화관광,기타문화관광지
포천,2024,11,2024-11,65,경기도,포천시,냉정저수지,219,포천 2024_11.csv,자연관광,자연경관(하천/해양)
포천,2024,11,2024-11,66,경기도,포천시,광릉수목원자동차극장,208,포천 2024_11.csv,문화관광,공연시설
포천,2024,11,2024-11,67,경기도,포천시,청계지,198,포천 2024_11.csv,자연관광,자연경관(하천/해양)
포천,2024,11,2024-11,68,경기도,포천시,가농바이오농장,192,포천 2024_11.csv,체험관광,농/산/어촌체험
포천,2024,11,2024-11,69,경기도,포천시,포천야구장,191,포천 2024_11.csv,문화관광,레저스포츠시설
포천,2024,11,2024-11,70,경기도,포천시,설운체육공원,185,포천 2024_11.csv,문화관광,도시공원
포천,2024,11,2024-11,71,경기도,포천시,한화리조트산정호수온천,182,포천 2024_11.csv,체험관광,웰니스관광
포천,2024,11,2024-11,72,경기도,포천시,백운계곡유원지,181,포천 2024_11.csv,문화관광,복합관광시설
포천,2024,11,2024-11,73,경기도,포천시,포천신읍시장,172,포천 2024_11.csv,쇼핑,시장
포천,2024,11,2024-11,74,경기도,포천시,나남수목원,171,포천 2024_11.csv,자연관광,자연공원
포천,2024,11,2024-11,75,경기도,포천시,포천가구공단,170,포천 2024_11.csv,쇼핑,기타쇼핑시설
포천,2024,11,2024-11,76,경기도,포천시,명성산,169,포천 2024_11.csv,자연관광,자연경관(산)
포천,2024,11,2024-11,77,경기도,포천시,왕산사,168,포천 2024_11.csv,역사관광,종교성지
포천,2024,11,2024-11,78,경기도,포천시,송우공설시장,166,포천 2024_11.csv,쇼핑,시장
포천,2024,11,2024-11,79,경기도,포천시,운천재래시장,165,포천 2024_11.csv,쇼핑,시장
포천,2024,11,2024-11,80,경기도,포천시,포천패션타운,155,포천 2024_11.csv,쇼핑,쇼핑몰
포천,2024,11,2024-11,81,경기도,포천시,포천스포츠센터,154,포천 2024_11.csv,레저스포츠,기타레저스포츠
포천,2024,11,2024-11,82,경기도,포천시,허브아일랜드핑크뮬리페스티벌,142,포천 2024_11.csv,문화관광,기타문화관광지
포천,2024,11,2024-11,83,경기도,포천시,길명낚시공원,139,포천 2024_11.csv,레저스포츠,수상레저스포츠
포천,2024,11,2024-11,83,경기도,포천시,직두리낚시터,139,포천 2024_11.csv,레저스포츠,수상레저스포츠
포천,2024,11,2024-11,85,경기도,포천시,새마을낚시터,138,포천 2024_11.csv,레저스포츠,수상레저스포츠
포천,2024,11,2024-11,86,경기도,포천시,허브아일랜드불빛동화축제,133,포천 2024_11.csv,문화관광,기타문화관광지
포천,2024,11,2024-11,87,경기도,포천시,포천파크골프장,128,포천 2024_11.csv,레저스포츠,기타레저스포츠
포천,2024,11,2024-11,88,경기도,포천시,산정호수조각공원,122,포천 2024_11.csv,문화관광,도시공원
포천,2024,11,2024-11,89,경기도,포천시,포천체육공원,116,포천 2024_11.csv,문화관광,도시공원
포천,2024,11,2024-11,90,경기도,포천시,초원낚시터,115,포천 2024_11.csv,레저스포츠,수상레저스포츠
포천,2024,11,2024-11,90,경기도,포천시,황금낚시터,115,포천 2024_11.csv,레저스포츠,수상레저스포츠
포천,2024,11,2024-11,92,경기도,포천시,국망봉자연휴양림,114,포천 2024_11.csv,자연관광,자연공원
포천,2024,11,2024-11,93,경기도,포천시,광암이벽유적지,106,포천 2024_11.csv,역사관광,역사유적지
포천,2024,11,2024-11,93,경기도,포천시,금주낚시터,106,포천 2024_11.csv,레저스포츠,수상레저스포츠
포천,2024,11,2024-11,95,경기도,포천시,황금프라자,101,포천 2024_11.csv,쇼핑,쇼핑몰
포천,2024,11,2024-11,96,경기도,포천시,포천종합운동장보조구장,83,포천 2024_11.csv,문화관광,레저스포츠시설
포천,2024,11,2024-11,96,경기도,포천시,자인사,83,포천 2024_11.csv,역사관광,종교성지
포천,2024,11,2024-11,98,경기도,포천시,용담대물낚시터,80,포천 2024_11.csv,레저스포츠,수상레저스포츠
포천,2024,11,2024-11,99,경기도,포천시,태국군참전비,76,포천 2024_11.csv,역사관광,역사유물
포천,2024,11,2024-11,100,경기도,포천시,구담사,70,포천 2024_11.csv,역사관광,종교성지
포천,2024,11,2024-11,101,경기도,포천시,금주저수지,66,포천 2024_11.csv,자연관광,자연경관(하천/해양)
포천,2024,11,2024-11,102,경기도,포천시,황새목낚시터,64,포천 2024_11.csv,레저스포츠,수상레저스포츠
포천,2024,11,2024-11,103,경기도,포천시,한탄강주상절리길3코스,61,포천 2024_11.csv,레저스포츠,기타레저스포츠
포천,2024,11,2024-11,104,경기도,포천시,일동문화예술창고,57,포천 2024_11.csv,문화관광,기타문화관광지
포천,2024,11,2024-11,104,경기도,포천시,약천사,57,포천 2024_11.csv,역사관광,종교성지
포천,2024,11,2024-11,106,경기도,포천시,화현이벽성지,56,포천 2024_11.csv,역사관광,역사유적지
포천,2024,11,2024-11,106,경기도,포천시,포천하늘아래치유의숲,56,포천 2024_11.csv,기타관광,기타관광
포천,2024,11,2024-11,108,경기도,포천시,어하고개,53,포천 2024_11.csv,자연관광,자연경관(산)
포천,2024,11,2024-11,109,경기도,포천시,일동시장,50,포천 2024_11.csv,쇼핑,시장
포천,2024,11,2024-11,110,경기도,포천시,멍우리협곡,46,포천 2024_11.csv,자연관광,자연경관(산)
포천,2024,11,2024-11,111,경기도,포천시,포천염광수련원,45,포천 2024_11.csv,레저스포츠,육상레저스포츠
포천,2024,11,2024-11,111,경기도,포천시,송일농장,45,포천 2024_11.csv,체험관광,농/산/어촌체험
포천,2024,11,2024-11,113,경기도,포천시,서운동산어린이동물농장,44,포천 2024_11.csv,기타관광,기타관광
포천,2024,11,2024-11,113,경기도,포천시,산정랜드,44,포천 2024_11.csv,문화관광,복합관광시설
포천,2024,11,2024-11,115,경기도,포천시,마홀축구장,43,포천 2024_11.csv,문화관광,레저스포츠시설
포천,2024,11,2024-11,116,경기도,포천시,한탄강주상절리길2코스,42,포천 2024_11.csv,레저스포츠,기타레저스포츠
포천,2024,11,2024-11,116,경기도,포천시,동교하우스낚시터,42,포천 2024_11.csv,레저스포츠,수상레저스포츠
포천,2024,11,2024-11,118,경기도,포천시,운천낚시공원,41,포천 2024_11.csv,레저스포츠,수상레저스포츠
포천,2024,11,2024-11,118,경기도,포천시,흥룡사,41,포천 2024_11.csv,역사관광,종교성지
포천,2024,11,2024-11,118,경기도,포천시,포천레이스웨이,41,포천 2024_11.csv,레저스포츠,육상레저스포츠
포천,2024,11,2024-11,121,경기도,포천시,갈월버섯농장,40,포천 2024_11.csv,체험관광,농/산/어촌체험
포천,2024,11,2024-11,121,경기도,포천시,레이크밸리 승마클럽,40,포천 2024_11.csv,레저스포츠,기타레저스포츠
포천,2024,11,2024-11,121,경기도,포천시,청한베이스볼파크,40,포천 2024_11.csv,문화관광,레저스포츠시설
포천,2024,11,2024-11,124,경기도,포천시,무림사,38,포천 2024_11.csv,역사관광,종교성지
포천,2024,11,2024-11,125,경기도,포천시,블루밍팜,34,포천 2024_11.csv,체험관광,농/산/어촌체험
포천,2024,11,2024-11,126,경기도,포천시,천주호,32,포천 2024_11.csv,자연관광,자연경관(하천/해양)
포천,2024,11,2024-11,127,경기도,포천시,금룡사,31,포천 2024_11.csv,역사관광,종교성지
포천,2024,11,2024-11,127,경기도,포천시,국립산림박물관,31,포천 2024_11.csv,문화관광,전시시설
포천,2024,11,2024-11,129,경기도,포천시,천주사,30,포천 2024_11.csv,역사관광,종교성지
포천,2024,11,2024-11,130,경기도,포천시,코버월드,29,포천 2024_11.csv,문화관광,전시시설
포천,2024,11,2024-11,131,경기도,포천시,베스트원스포츠,28,포천 2024_11.csv,레저스포츠,기타레저스포츠
포천,2024,11,2024-11,132,경기도,포천시,한탄강주상절리길5코스,27,포천 2024_11.csv,레저스포츠,기타레저스포츠
포천,2024,11,2024-11,132,경기도,포천시,아딸농원,27,포천 2024_11.csv,체험관광,농/산/어촌체험
포천,2024,11,2024-11,132,경기도,포천시,클라우드시네마,27,포천 2024_11.csv,문화관광,공연시설
포천,2024,11,2024-11,135,경기도,포천시,충목단,26,포천 2024_11.csv,역사관광,역사유적지
포천,2024,11,2024-11,135,경기도,포천시,화엄사,26,포천 2024_11.csv,역사관광,종교성지
포천,2024,11,2024-11,135,경기도,포천시,냉정낚시터,26,포천 2024_11.csv,레저스포츠,수상레저스포츠
포천,2024,11,2024-11,135,경기도,포천시,포천향교,26,포천 2024_11.csv,역사관광,역사유적지
포천,2024,11,2024-11,139,경기도,포천시,한탄강테마파크,24,포천 2024_11.csv,문화관광,테마공원
포천,2024,11,2024-11,139,경기도,포천시,이항복선생묘,24,포천 2024_11.csv,역사관광,역사유적지
포천,2024,11,2024-11,141,경기도,포천시,모돈갤러리,23,포천 2024_11.csv,문화관광,전시시설
포천,2024,11,2024-11,141,경기도,포천시,수목원프로방스,23,포천 2024_11.csv,자연관광,자연공원
포천,2024,11,2024-11,143,경기도,포천시,포천허브아일랜드 자동차극장,22,포천 2024_11.csv,문화관광,공연시설
포천,2024,11,2024-11,143,경기도,포천시,미륵사,22,포천 2024_11.csv,역사관광,종교성지
포천,2024,11,2024-11,143,경기도,포천시,왕방산,22,포천 2024_11.csv,자연관광,자연경관(산)
포천,2024,11,2024-11,146,경기도,포천시,고일낚시터,21,포천 2024_11.csv,레저스포츠,수상레저스포츠
포천,2024,11,2024-11,146,경기도,포천시,Y스포츠센터,21,포천 2024_11.csv,레저스포츠,기타레저스포츠
포천,2024,11,2024-11,146,경기도,포천시,도평리터미널,21,포천 2024_11.csv,기타관광,교통시설
포천,2024,11,2024-11,149,경기도,포천시,백운산,20,포천 2024_11.csv,자연관광,자연경관(산)
포천,2024,11,2024-11,149,경기도,포천시,국봉사,20,포천 2024_11.csv,역사관광,종교성지
포천,2024,11,2024-11,149,경기도,포천시,한탄강금빛사과농원,20,포천 2024_11.csv,체험관광,농/산/어촌체험
포천,2024,11,2024-11,152,경기도,포천시,자비사,18,포천 2024_11.csv,역사관광,종교성지
포천,2024,11,2024-11,152,경기도,포천시,태산낚시터,18,포천 2024_11.csv,레저스포츠,수상레저스포츠
포천,2024,11,2024-11,152,경기도,포천시,금불사,18,포천 2024_11.csv,역사관광,종교성지
포천,2024,11,2024-11,152,경기도,포천시,궁뜰사과농원,18,포천 2024_11.csv,체험관광,농/산/어촌체험
포천,2024,11,2024-11,156,경기도,포천시,소흘생활체육공원제2축구장,17,포천 2024_11.csv,문화관광,레저스포츠시설
포천,2024,11,2024-11,156,경기도,포천시,청계산,17,포천 2024_11.csv,자연관광,자연경관(산)
포천,2024,11,2024-11,156,경기도,포천시,반디농장,17,포천 2024_11.csv,체험관광,농/산/어촌체험
포천,2024,11,2024-11,156,경기도,포천시,향림사,17,포천 2024_11.csv,역사관광,종교성지
포천,2024,11,2024-11,160,경기도,포천시,산정호수관광단지,16,포천 2024_11.csv,문화관광,복합관광시설
포천,2024,11,2024-11,160,경기도,포천시,복후미저수지,16,포천 2024_11.csv,자연관광,자연경관(하천/해양)
포천,2024,11,2024-11,160,경기도,포천시,포천자동차극장,16,포천 2024_11.csv,문화관광,공연시설
포천,2024,11,2024-11,163,경기도,포천시,이항복선생기념관,15,포천 2024_11.csv,문화관광,전시시설
포천,2024,11,2024-11,163,경기도,포천시,한탄강팔호유원지,15,포천 2024_11.csv,문화관광,복합관광시설
포천,2024,11,2024-11,163,경기도,포천시,미트빌연합사업단,15,포천 2024_11.csv,쇼핑,시장
포천,2024,11,2024-11,163,경기도,포천시,한탄강야생화공원,15,포천 2024_11.csv,문화관광,도시공원
포천,2024,11,2024-11,167,경기도,포천시,신읍동도시재생어울림센터2,14,포천 2024_11.csv,문화관광,기타문화관광지
포천,2024,11,2024-11,167,경기도,포천시,쌍불사,14,포천 2024_11.csv,역사관광,종교성지
포천,2024,11,2024-11,167,경기도,포천시,옥병서원,14,포천 2024_11.csv,역사관광,역사유적지
포천,2024,11,2024-11,170,경기도,포천시,포천소민농장,13,포천 2024_11.csv,체험관광,농/산/어촌체험
포천,2024,11,2024-11,170,경기도,포천시,이동생태공원,13,포천 2024_11.csv,문화관광,도시공원
포천,2024,11,2024-11,170,경기도,포천시,백운낚시터,13,포천 2024_11.csv,레저스포츠,수상레저스포츠
포천,2024,11,2024-11,170,경기도,포천시,가온농장,13,포천 2024_11.csv,체험관광,농/산/어촌체험
포천,2024,11,2024-11,170,경기도,포천시,향적사,13,포천 2024_11.csv,역사관광,종교성지
포천,2024,11,2024-11,170,경기도,포천시,교동가마소,13,포천 2024_11.csv,기타관광,기타관광
포천,2024,11,2024-11,176,경기도,포천시,기원정사,12,포천 2024_11.csv,역사관광,종교성지
포천,2024,11,2024-11,176,경기도,포천시,법왕사,12,포천 2024_11.csv,역사관광,종교성지
포천,2024,11,2024-11,176,경기도,포천시,소야사과농장,12,포천 2024_11.csv,체험관광,농/산/어촌체험
포천,2024,11,2024-11,179,경기도,포천시,한과문화박물관,11,포천 2024_11.csv,문화관광,전시시설
포천,2024,11,2024-11,179,경기도,포천시,본선사,11,포천 2024_11.csv,역사관광,종교성지
포천,2024,11,2024-11,179,경기도,포천시,운악레저타운,11,포천 2024_11.csv,레저스포츠,기타레저스포츠
포천,2024,11,2024-11,179,경기도,포천시,포천아트밸리천문과학관,11,포천 2024_11.csv,문화관광,전시시설
포천,2024,11,2024-11,179,경기도,포천시,중리저수지,11,포천 2024_11.csv,자연관광,자연경관(하천/해양)
포천,2024,11,2024-11,179,경기도,포천시,천해사,11,포천 2024_11.csv,역사관광,종교성지
포천,2024,11,2024-11,185,경기도,포천시,포천목공체험장,10,포천 2024_11.csv,문화관광,기타문화관광지
포천,2024,11,2024-11,185,경기도,포천시,교동사과농장,10,포천 2024_11.csv,체험관광,농/산/어촌체험
포천,2024,11,2024-11,185,경기도,포천시,깊이울저수지,10,포천 2024_11.csv,자연관광,자연경관(하천/해양)
포천,2024,11,2024-11,185,경기도,포천시,백로주유원지,10,포천 2024_11.csv,문화관광,복합관광시설
포천,2024,11,2024-11,185,경기도,포천시,대안사,10,포천 2024_11.csv,역사관광,종교성지
포천,2024,11,2024-11,185,경기도,포천시,미륵박물관,10,포천 2024_11.csv,문화관광,전시시설
포천,2024,11,2024-11,185,경기도,포천시,메향낚시터,10,포천 2024_11.csv,레저스포츠,수상레저스포츠
포천,2024,11,2024-11,185,경기도,포천시,평화나무농장,10,포천 2024_11.csv,체험관광,농/산/어촌체험
포천,2024,11,2024-11,193,경기도,포천시,관음사,9,포천 2024_11.csv,역사관광,종교성지
포천,2024,11,2024-11,193,경기도,포천시,서원군재실,9,포천 2024_11.csv,역사관광,역사유적지
포천,2024,11,2024-11,193,경기도,포천시,동부정,9,포천 2024_11.csv,레저스포츠,육상레저스포츠
포천,2024,11,2024-11,193,경기도,포천시,보문정사,9,포천 2024_11.csv,역사관광,종교성지
포천,2024,11,2024-11,193,경기도,포천시,신안농장,9,포천 2024_11.csv,체험관광,농/산/어촌체험
포천,2024,11,2024-11,193,경기도,포천시,송광사,9,포천 2024_11.csv,역사관광,종교성지
포천,2024,11,2024-11,199,경기도,포천시,서후농원,8,포천 2024_11.csv,체험관광,농/산/어촌체험
포천,2024,11,2024-11,199,경기도,포천시,전운사,8,포천 2024_11.csv,역사관광,종교성지
포천,2024,11,2024-11,199,경기도,포천시,내리공설시장,8,포천 2024_11.csv,쇼핑,시장
포천,2024,11,2024-11,199,경기도,포천시,지장산계곡,8,포천 2024_11.csv,자연관광,자연경관(산)
포천,2024,11,2024-11,199,경기도,포천시,보림사,8,포천 2024_11.csv,역사관광,종교성지
포천,2024,11,2024-11,199,경기도,포천시,지질트레일1코스,8,포천 2024_11.csv,레저스포츠,기타레저스포츠
포천,2024,11,2024-11,205,경기도,포천시,법천사,7,포천 2024_11.csv,역사관광,종교성지
포천,2024,11,2024-11,205,경기도,포천시,포천38문화예술창작소공사중(2025년 개관예정),7,포천 2024_11.csv,문화관광,기타문화관광지
포천,2024,11,2024-11,205,경기도,포천시,구암정사,7,포천 2024_11.csv,역사관광,종교성지
포천,2024,11,2024-11,205,경기도,포천시,마전저수지,7,포천 2024_11.csv,자연관광,자연경관(하천/해양)
포천,2024,11,2024-11,205,경기도,포천시,극락사,7,포천 2024_11.csv,역사관광,종교성지
포천,2024,11,2024-11,205,경기도,포천시,허브아일랜드산타마을,7,포천 2024_11.csv,문화관광,테마공원
포천,2024,11,2024-11,205,경기도,포천시,초가낚시터,7,포천 2024_11.csv,레저스포츠,수상레저스포츠
포천,2024,11,2024-11,205,경기도,포천시,명산저수지,7,포천 2024_11.csv,자연관광,자연경관(하천/해양)
포천,2024,11,2024-11,205,경기도,포천시,포천운산리자연생태공원,7,포천 2024_11.csv,문화관광,도시공원
포천,2024,11,2024-11,205,경기도,포천시,토우공방,7,포천 2024_11.csv,체험관광,공예체험
포천,2024,11,2024-11,205,경기도,포천시,천은사,7,포천 2024_11.csv,역사관광,종교성지
포천,2024,11,2024-11,205,경기도,포천시,육사생도6.25참전기념비,7,포천 2024_11.csv,역사관광,역사유물
포천,2024,11,2024-11,217,경기도,포천시,페리아도워터파크,6,포천 2024_11.csv,문화관광,테마공원
포천,2024,11,2024-11,217,경기도,포천시,도마치고개,6,포천 2024_11.csv,자연관광,자연경관(산)
포천,2024,11,2024-11,217,경기도,포천시,밤밭실내장어낚시터,6,포천 2024_11.csv,레저스포츠,수상레저스포츠
포천,2024,11,2024-11,217,경기도,포천시,아쿠아스마트팜,6,포천 2024_11.csv,체험관광,농/산/어촌체험
포천,2024,11,2024-11,217,경기도,포천시,포천직두리의부부송,6,포천 2024_11.csv,역사관광,역사유적지
포천,2024,11,2024-11,217,경기도,포천시,지청낚시터,6,포천 2024_11.csv,레저스포츠,수상레저스포츠
포천,2024,11,2024-11,217,경기도,포천시,명성산산안고개방면,6,포천 2024_11.csv,자연관광,자연경관(산)
포천,2024,11,2024-11,217,경기도,포천시,왕방산왕방사방면,6,포천 2024_11.csv,자연관광,자연경관(산)
포천,2024,11,2024-11,217,경기도,포천시,성불암,6,포천 2024_11.csv,역사관광,종교성지
포천,2024,11,2024-11,217,경기도,포천시,봉운사,6,포천 2024_11.csv,역사관광,종교성지
포천,2024,11,2024-11,217,경기도,포천시,고산식물원,6,포천 2024_11.csv,문화관광,테마공원
포천,2024,11,2024-11,217,경기도,포천시,호스랜드승마클럽,6,포천 2024_11.csv,레저스포츠,육상레저스포츠
포천,2024,11,2024-11,217,경기도,포천시,무네미낚시터,6,포천 2024_11.csv,레저스포츠,수상레저스포츠
포천,2024,11,2024-11,217,경기도,포천시,호롱불마을최공방,6,포천 2024_11.csv,체험관광,공예체험
포천,2024,11,2024-11,231,경기도,포천시,무상사,5,포천 2024_11.csv,역사관광,종교성지
포천,2024,11,2024-11,231,경기도,포천시,용정사과농원,5,포천 2024_11.csv,체험관광,농/산/어촌체험
포천,2024,11,2024-11,231,경기도,포천시,명진농장,5,포천 2024_11.csv,체험관광,농/산/어촌체험
포천,2024,11,2024-11,231,경기도,포천시,기산근린공원,5,포천 2024_11.csv,문화관광,도시공원
포천,2024,11,2024-11,231,경기도,포천시,동화사,5,포천 2024_11.csv,역사관광,종교성지
포천,2024,11,2024-11,231,경기도,포천시,향원재,5,포천 2024_11.csv,역사관광,역사유적지
포천,2024,11,2024-11,237,경기도,포천시,부소천교,4,포천 2024_11.csv,기타관광,기타관광
포천,2024,11,2024-11,237,경기도,포천시,수목원낚시터,4,포천 2024_11.csv,레저스포츠,수상레저스포츠
포천,2024,11,2024-11,237,경기도,포천시,광릉분재예술공원,4,포천 2024_11.csv,문화관광,도시공원
포천,2024,11,2024-11,237,경기도,포천시,망무봉,4,포천 2024_11.csv,자연관광,자연경관(산)
포천,2024,11,2024-11,237,경기도,포천시,금수정,4,포천 2024_11.csv,역사관광,역사유적지
포천,2024,11,2024-11,237,경기도,포천시,소흘생활체육공원제1축구장,4,포천 2024_11.csv,문화관광,레저스포츠시설
포천,2024,11,2024-11,237,경기도,포천시,백운계곡국민관광지,4,포천 2024_11.csv,문화관광,복합관광시설
포천,2024,11,2024-11,237,경기도,포천시,다래레저,4,포천 2024_11.csv,레저스포츠,수상레저스포츠
포천,2024,11,2024-11,237,경기도,포천시,대한불교조계종정변지사,4,포천 2024_11.csv,역사관광,종교성지
포천,2024,11,2024-11,237,경기도,포천시,관음사,4,포천 2024_11.csv,역사관광,종교성지
포천,2024,11,2024-11,247,경기도,포천시,한탄강주상절리길4코스,3,포천 2024_11.csv,레저스포츠,기타레저스포츠
포천,2024,11,2024-11,247,경기도,포천시,소우주도자기공방,3,포천 2024_11.csv,체험관광,공예체험
포천,2024,11,2024-11,247,경기도,포천시,효안재,3,포천 2024_11.csv,역사관광,역사유적지
포천,2024,11,2024-11,247,경기도,포천시,하늘밭농원,3,포천 2024_11.csv,체험관광,농/산/어촌체험
포천,2024,11,2024-11,247,경기도,포천시,영산사,3,포천 2024_11.csv,역사관광,종교성지
포천,2024,11,2024-11,247,경기도,포천시,포테톨리스튜디오,3,포천 2024_11.csv,체험관광,공예체험
포천,2024,11,2024-11,247,경기도,포천시,무봉리족구장,3,포천 2024_11.csv,레저스포츠,기타레저스포츠
포천,2024,11,2024-11,247,경기도,포천시,포천관광안내소,3,포천 2024_11.csv,기타관광,기타관광
포천,2024,11,2024-11,247,경기도,포천시,선단문화공원,3,포천 2024_11.csv,문화관광,도시공원
포천,2024,11,2024-11,247,경기도,포천시,실상선원,3,포천 2024_11.csv,역사관광,종교성지
포천,2024,11,2024-11,247,경기도,포천시,현영목장,3,포천 2024_11.csv,체험관광,농/산/어촌체험
포천,2024,11,2024-11,247,경기도,포천시,한탄강수변공원,3,포천 2024_11.csv,문화관광,도시공원
포천,2024,11,2024-11,247,경기도,포천시,털보낚시터,3,포천 2024_11.csv,레저스포츠,수상레저스포츠
포천,2024,11,2024-11,247,경기도,포천시,백련사,3,포천 2024_11.csv,역사관광,종교성지
포천,2024,11,2024-11,247,경기도,포천시,용연서원,3,포천 2024_11.csv,역사관광,역사유적지
포천,2024,11,2024-11,247,경기도,포천시,태봉공원,3,포천 2024_11.csv,문화관광,도시공원
포천,2024,11,2024-11,247,경기도,포천시,솔모루공원,3,포천 2024_11.csv,문화관광,도시공원
포천,2024,11,2024-11,247,경기도,포천시,도리돌문화교류센터,3,포천 2024_11.csv,레저스포츠,기타레저스포츠
포천,2024,11,2024-11,247,경기도,포천시,양문공설시장,3,포천 2024_11.csv,쇼핑,시장
포천,2024,11,2024-11,247,경기도,포천시,운악산포천운주사방면,3,포천 2024_11.csv,자연관광,자연경관(산)
포천,2024,11,2024-11,247,경기도,포천시,만덕사,3,포천 2024_11.csv,역사관광,종교성지
포천,2024,11,2024-11,247,경기도,포천시,정혜사,3,포천 2024_11.csv,역사관광,종교성지
포천,2024,11,2024-11,247,경기도,포천시,직동낚시터,3,포천 2024_11.csv,레저스포츠,수상레저스포츠
포천,2024,11,2024-11,247,경기도,포천시,산정호수관광지3매표소,3,포천 2024_11.csv,기타관광,기타관광
포천,2024,11,2024-11,247,경기도,포천시,포천반월성,3,포천 2024_11.csv,역사관광,역사유적지
포천,2024,11,2024-11,247,경기도,포천시,금강선원대원사,3,포천 2024_11.csv,역사관광,종교성지
포천,2024,11,2024-11,247,경기도,포천시,각흘산,3,포천 2024_11.csv,자연관광,자연경관(산)
포천,2024,11,2024-11,247,경기도,포천시,깊이울낚시터,3,포천 2024_11.csv,레저스포츠,수상레저스포츠
포천,2024,11,2024-11,247,경기도,포천시,고모지,3,포천 2024_11.csv,자연관광,자연경관(하천/해양)
포천,2024,11,2024-11,247,경기도,포천시,승법사,3,포천 2024_11.csv,역사관광,종교성지
포천,2024,11,2024-11,247,경기도,포천시,한탄강대교천현무암협곡,3,포천 2024_11.csv,기타관광,기타관광
포천,2024,11,2024-11,247,경기도,포천시,황제다육식물농장,3,포천 2024_11.csv,체험관광,농/산/어촌체험
포천,2024,11,2024-11,247,경기도,포천시,우금소류지,3,포천 2024_11.csv,자연관광,자연경관(하천/해양)
포천,2024,11,2024-11,247,경기도,포천시,중리테마파크낚시터,3,포천 2024_11.csv,레저스포츠,수상레저스포츠
포천,2024,11,2024-11,247,경기도,포천시,성불사,3,포천 2024_11.csv,역사관광,종교성지
포천,2024,11,2024-11,247,경기도,포천시,청농원,3,포천 2024_11.csv,체험관광,농/산/어촌체험
포천,2024,11,2024-11,247,경기도,포천시,키즈필포천송우점,3,포천 2024_11.csv,문화관광,테마공원
포천,2024,11,2024-11,247,경기도,포천시,장암저수지,3,포천 2024_11.csv,자연관광,자연경관(하천/해양)
포천,2024,11,2024-11,247,경기도,포천시,김비서가왜그럴까촬영지,3,포천 2024_11.csv,문화관광,기타문화관광지
포천,2024,11,2024-11,247,경기도,포천시,철갑상어농장,3,포천 2024_11.csv,체험관광,농/산/어촌체험
포천,2024,11,2024-11,247,경기도,포천시,삼손목장,3,포천 2024_11.csv,체험관광,농/산/어촌체험
포천,2024,11,2024-11,247,경기도,포천시,협신농장,3,포천 2024_11.csv,체험관광,농/산/어촌체험
포천,2024,12,2024-12,1,경기도,포천시,산정호수,4974,포천 2024_12.csv,자연관광,자연경관(하천/해양)
포천,2024,12,2024-12,2,경기도,포천시,허브아일랜드,4459,포천 2024_12.csv,체험관광,농/산/어촌체험
포천,2024,12,2024-12,3,경기도,포천시,고모저수지,3769,포천 2024_12.csv,자연관광,자연경관(하천/해양)
포천,2024,12,2024-12,4,경기도,포천시,신북온천스프링폴,3733,포천 2024_12.csv,체험관광,웰니스관광
포천,2024,12,2024-12,5,경기도,포천시,국립수목원,3673,포천 2024_12.csv,문화관광,테마공원
포천,2024,12,2024-12,6,경기도,포천시,포천아트밸리,3147,포천 2024_12.csv,문화관광,공연시설
포천,2024,12,2024-12,7,경기도,포천시,일동시외버스터미널,3044,포천 2024_12.csv,기타관광,교통시설
포천,2024,12,2024-12,8,경기도,포천시,포천백운계곡동장군축제,2710,포천 2024_12.csv,문화관광,기타문화관광지
포천,2024,12,2024-12,9,경기도,포천시,제일유황온천,2689,포천 2024_12.csv,체험관광,웰니스관광
포천,2024,12,2024-12,10,경기도,포천시,한탄강Y자출렁다리,2445,포천 2024_12.csv,기타관광,기타관광
포천,2024,12,2024-12,11,경기도,포천시,CGV포천,2092,포천 2024_12.csv,문화관광,공연시설
포천,2024,12,2024-12,12,경기도,포천시,베어크리크GC,1687,포천 2024_12.csv,레저스포츠,육상레저스포츠
포천,2024,12,2024-12,13,경기도,포천시,푸른솔GC포천,1683,포천 2024_12.csv,레저스포츠,육상레저스포츠
포천,2024,12,2024-12,14,경기도,포천시,포천아도니스CC,1654,포천 2024_12.csv,레저스포츠,육상레저스포츠
포천,2024,12,2024-12,15,경기도,포천시,필로스GC,1447,포천 2024_12.csv,레저스포츠,육상레저스포츠
포천,2024,12,2024-12,16,경기도,포천시,비둘기낭폭포,1399,포천 2024_12.csv,자연관광,자연경관(산)
포천,2024,12,2024-12,17,경기도,포천시,포천힐마루CC,1209,포천 2024_12.csv,레저스포츠,육상레저스포츠
포천,2024,12,2024-12,18,경기도,포천시,송우시외버스터미널,1195,포천 2024_12.csv,기타관광,교통시설
포천,2024,12,2024-12,19,경기도,포천시,포천힐스CC,1181,포천 2024_12.csv,레저스포츠,육상레저스포츠
포천,2024,12,2024-12,19,경기도,포천시,백운계곡,1181,포천 2024_12.csv,자연관광,자연경관(산)
포천,2024,12,2024-12,21,경기도,포천시,포천반월아트홀,1086,포천 2024_12.csv,문화관광,공연시설
포천,2024,12,2024-12,22,경기도,포천시,라싸GC,1056,포천 2024_12.csv,레저스포츠,육상레저스포츠
포천,2024,12,2024-12,23,경기도,포천시,일동레이크GC,1010,포천 2024_12.csv,레저스포츠,육상레저스포츠
포천,2024,12,2024-12,24,경기도,포천시,포레스트힐CC,972,포천 2024_12.csv,레저스포츠,육상레저스포츠
포천,2024,12,2024-12,25,경기도,포천시,몽베르CC,960,포천 2024_12.csv,레저스포츠,육상레저스포츠
포천,2024,12,2024-12,26,경기도,포천시,참밸리컨트리클럽,840,포천 2024_12.csv,레저스포츠,육상레저스포츠
포천,2024,12,2024-12,27,경기도,포천시,축석고개,822,포천 2024_12.csv,자연관광,자연경관(산)
포천,2024,12,2024-12,28,경기도,포천시,포천시외버스터미널,794,포천 2024_12.csv,기타관광,교통시설
포천,2024,12,2024-12,29,경기도,포천시,호국금강사,740,포천 2024_12.csv,역사관광,종교성지
포천,2024,12,2024-12,30,경기도,포천시,베어스타운스키장휴업,709,포천 2024_12.csv,레저스포츠,육상레저스포츠
포천,2024,12,2024-12,31,경기도,포천시,포천한탄강하늘다리,700,포천 2024_12.csv,기타관광,기타관광
포천,2024,12,2024-12,32,경기도,포천시,운악산자연휴양림,562,포천 2024_12.csv,자연관광,자연공원
포천,2024,12,2024-12,33,경기도,포천시,산사원,531,포천 2024_12.csv,문화관광,전시시설
포천,2024,12,2024-12,34,경기도,포천시,주파크,508,포천 2024_12.csv,문화관광,테마공원
포천,2024,12,2024-12,35,경기도,포천시,포천5일장,493,포천 2024_12.csv,쇼핑,시장
포천,2024,12,2024-12,36,경기도,포천시,아트밸리1999,429,포천 2024_12.csv,문화관광,테마공원
포천,2024,12,2024-12,37,경기도,포천시,샴발라CC,425,포천 2024_12.csv,레저스포츠,육상레저스포츠
포천,2024,12,2024-12,38,경기도,포천시,천보산자연휴양림,399,포천 2024_12.csv,자연관광,자연공원
포천,2024,12,2024-12,39,경기도,포천시,도성사,353,포천 2024_12.csv,역사관광,종교성지
포천,2024,12,2024-12,40,경기도,포천시,아딸농원,347,포천 2024_12.csv,체험관광,농/산/어촌체험
포천,2024,12,2024-12,41,경기도,포천시,소흘생활체육공원,343,포천 2024_12.csv,문화관광,도시공원
포천,2024,12,2024-12,42,경기도,포천시,동교낚시터,315,포천 2024_12.csv,레저스포츠,수상레저스포츠
포천,2024,12,2024-12,43,경기도,포천시,한탄강주상절리길1코스,305,포천 2024_12.csv,레저스포츠,기타레저스포츠
포천,2024,12,2024-12,44,경기도,포천시,한탄강지질공원센터,300,포천 2024_12.csv,문화관광,전시시설
포천,2024,12,2024-12,45,경기도,포천시,백운낚시터,277,포천 2024_12.csv,레저스포츠,수상레저스포츠
포천,2024,12,2024-12,45,경기도,포천시,수목원고모호수공원,277,포천 2024_12.csv,문화관광,도시공원
포천,2024,12,2024-12,47,경기도,포천시,밤밭낚시터,270,포천 2024_12.csv,레저스포츠,수상레저스포츠
포천,2024,12,2024-12,48,경기도,포천시,한화리조트산정호수온천,247,포천 2024_12.csv,체험관광,웰니스관광
포천,2024,12,2024-12,49,경기도,포천시,서운동산,220,포천 2024_12.csv,문화관광,복합관광시설
포천,2024,12,2024-12,50,경기도,포천시,어메이징파크,204,포천 2024_12.csv,문화관광,전시시설
포천,2024,12,2024-12,51,경기도,포천시,가산저수지,192,포천 2024_12.csv,자연관광,자연경관(하천/해양)
포천,2024,12,2024-12,51,경기도,포천시,동교하우스낚시터,192,포천 2024_12.csv,레저스포츠,수상레저스포츠
포천,2024,12,2024-12,53,경기도,포천시,포천아도니스퍼블릭CC,188,포천 2024_12.csv,레저스포츠,육상레저스포츠
포천,2024,12,2024-12,53,경기도,포천시,가농바이오농장,188,포천 2024_12.csv,체험관광,농/산/어촌체험
포천,2024,12,2024-12,55,경기도,포천시,깊이울유원지,186,포천 2024_12.csv,문화관광,복합관광시설
포천,2024,12,2024-12,56,경기도,포천시,아프리카예술박물관,183,포천 2024_12.csv,문화관광,전시시설
포천,2024,12,2024-12,57,경기도,포천시,포천수원산정상전망대,170,포천 2024_12.csv,문화관광,랜드마크관광
포천,2024,12,2024-12,58,경기도,포천시,설운체육공원,169,포천 2024_12.csv,문화관광,도시공원
포천,2024,12,2024-12,58,경기도,포천시,락가든GC,169,포천 2024_12.csv,레저스포츠,육상레저스포츠
포천,2024,12,2024-12,60,경기도,포천시,포천스포츠센터,158,포천 2024_12.csv,레저스포츠,기타레저스포츠
포천,2024,12,2024-12,61,경기도,포천시,쌍방죽낚시터,137,포천 2024_12.csv,레저스포츠,수상레저스포츠
포천,2024,12,2024-12,61,경기도,포천시,운천재래시장,137,포천 2024_12.csv,쇼핑,시장
포천,2024,12,2024-12,63,경기도,포천시,내촌낚시터,133,포천 2024_12.csv,레저스포츠,수상레저스포츠
포천,2024,12,2024-12,63,경기도,포천시,포천축구공원,133,포천 2024_12.csv,문화관광,도시공원
포천,2024,12,2024-12,65,경기도,포천시,송우공설시장,132,포천 2024_12.csv,쇼핑,시장
포천,2024,12,2024-12,66,경기도,포천시,백운계곡유원지,130,포천 2024_12.csv,문화관광,복합관광시설
포천,2024,12,2024-12,67,경기도,포천시,가산낚시터,127,포천 2024_12.csv,레저스포츠,수상레저스포츠
포천,2024,12,2024-12,68,경기도,포천시,평강랜드,120,포천 2024_12.csv,문화관광,테마공원
포천,2024,12,2024-12,69,경기도,포천시,포천패션타운,119,포천 2024_12.csv,쇼핑,쇼핑몰
포천,2024,12,2024-12,70,경기도,포천시,낭만닥터김사부촬영지,118,포천 2024_12.csv,문화관광,기타문화관광지
포천,2024,12,2024-12,71,경기도,포천시,포천신읍시장,117,포천 2024_12.csv,쇼핑,시장
포천,2024,12,2024-12,72,경기도,포천시,광릉수목원자동차극장,115,포천 2024_12.csv,문화관광,공연시설
포천,2024,12,2024-12,73,경기도,포천시,황금프라자,114,포천 2024_12.csv,쇼핑,쇼핑몰
포천,2024,12,2024-12,74,경기도,포천시,포천가구공단,113,포천 2024_12.csv,쇼핑,기타쇼핑시설
포천,2024,12,2024-12,74,경기도,포천시,청성역사공원,113,포천 2024_12.csv,문화관광,도시공원
포천,2024,12,2024-12,76,경기도,포천시,가람누리문화공원전망대,111,포천 2024_12.csv,문화관광,랜드마크관광
포천,2024,12,2024-12,77,경기도,포천시,포천38문화예술창작소공사중(2025년 개관예정),108,포천 2024_12.csv,문화관광,기타문화관광지
포천,2024,12,2024-12,78,경기도,포천시,포천산정호수썰매축제,105,포천 2024_12.csv,문화관광,기타문화관광지
포천,2024,12,2024-12,79,경기도,포천시,포천화적연,104,포천 2024_12.csv,자연관광,자연경관(하천/해양)
포천,2024,12,2024-12,80,경기도,포천시,허브아일랜드불빛동화축제,99,포천 2024_12.csv,문화관광,기타문화관광지
포천,2024,12,2024-12,81,경기도,포천시,산정호수조각공원,89,포천 2024_12.csv,문화관광,도시공원
포천,2024,12,2024-12,82,경기도,포천시,한탄강생태경관단지,87,포천 2024_12.csv,기타관광,기타관광
포천,2024,12,2024-12,83,경기도,포천시,왕산사,82,포천 2024_12.csv,역사관광,종교성지
포천,2024,12,2024-12,84,경기도,포천시,포천파크골프장,81,포천 2024_12.csv,레저스포츠,기타레저스포츠
포천,2024,12,2024-12,85,경기도,포천시,청계지,77,포천 2024_12.csv,자연관광,자연경관(하천/해양)
포천,2024,12,2024-12,86,경기도,포천시,클라우드시네마,71,포천 2024_12.csv,문화관광,공연시설
포천,2024,12,2024-12,87,경기도,포천시,구담사,68,포천 2024_12.csv,역사관광,종교성지
포천,2024,12,2024-12,87,경기도,포천시,천주호,68,포천 2024_12.csv,자연관광,자연경관(하천/해양)
포천,2024,12,2024-12,89,경기도,포천시,자인사,63,포천 2024_12.csv,역사관광,종교성지
포천,2024,12,2024-12,90,경기도,포천시,길명낚시공원,59,포천 2024_12.csv,레저스포츠,수상레저스포츠
포천,2024,12,2024-12,90,경기도,포천시,냉정저수지,59,포천 2024_12.csv,자연관광,자연경관(하천/해양)
포천,2024,12,2024-12,92,경기도,포천시,어하고개,57,포천 2024_12.csv,자연관광,자연경관(산)
포천,2024,12,2024-12,93,경기도,포천시,초원낚시터,53,포천 2024_12.csv,레저스포츠,수상레저스포츠
포천,2024,12,2024-12,94,경기도,포천시,약천사,52,포천 2024_12.csv,역사관광,종교성지
포천,2024,12,2024-12,94,경기도,포천시,청한베이스볼파크,52,포천 2024_12.csv,문화관광,레저스포츠시설
포천,2024,12,2024-12,96,경기도,포천시,코버월드,49,포천 2024_12.csv,문화관광,전시시설
포천,2024,12,2024-12,97,경기도,포천시,아침햇살청소년수련원휴업중(2025년04월 오픈예정),47,포천 2024_12.csv,레저스포츠,육상레저스포츠
포천,2024,12,2024-12,98,경기도,포천시,갈월버섯농장,46,포천 2024_12.csv,체험관광,농/산/어촌체험
포천,2024,12,2024-12,99,경기도,포천시,광암이벽유적지,43,포천 2024_12.csv,역사관광,역사유적지
포천,2024,12,2024-12,100,경기도,포천시,향림사,41,포천 2024_12.csv,역사관광,종교성지
포천,2024,12,2024-12,101,경기도,포천시,자비사,40,포천 2024_12.csv,역사관광,종교성지
포천,2024,12,2024-12,102,경기도,포천시,흥룡사,39,포천 2024_12.csv,역사관광,종교성지
포천,2024,12,2024-12,103,경기도,포천시,금주낚시터,34,포천 2024_12.csv,레저스포츠,수상레저스포츠
포천,2024,12,2024-12,104,경기도,포천시,일동시장,33,포천 2024_12.csv,쇼핑,시장
포천,2024,12,2024-12,105,경기도,포천시,에덴농장,32,포천 2024_12.csv,체험관광,농/산/어촌체험
포천,2024,12,2024-12,105,경기도,포천시,포천야구장,32,포천 2024_12.csv,문화관광,레저스포츠시설
포천,2024,12,2024-12,107,경기도,포천시,금주저수지,31,포천 2024_12.csv,자연관광,자연경관(하천/해양)
포천,2024,12,2024-12,107,경기도,포천시,포천종합운동장보조구장,31,포천 2024_12.csv,문화관광,레저스포츠시설
포천,2024,12,2024-12,107,경기도,포천시,한탄강금빛사과농원,31,포천 2024_12.csv,체험관광,농/산/어촌체험
포천,2024,12,2024-12,110,경기도,포천시,포천역사문화관,28,포천 2024_12.csv,문화관광,전시시설
포천,2024,12,2024-12,110,경기도,포천시,포천하늘아래치유의숲,28,포천 2024_12.csv,기타관광,기타관광
포천,2024,12,2024-12,112,경기도,포천시,나남수목원,27,포천 2024_12.csv,자연관광,자연공원
포천,2024,12,2024-12,113,경기도,포천시,소흘생활체육공원인공암벽장,26,포천 2024_12.csv,레저스포츠,기타레저스포츠
포천,2024,12,2024-12,113,경기도,포천시,명성산억새밭,26,포천 2024_12.csv,기타관광,기타관광
포천,2024,12,2024-12,113,경기도,포천시,포천아트밸리천문과학관,26,포천 2024_12.csv,문화관광,전시시설
포천,2024,12,2024-12,113,경기도,포천시,송광사,26,포천 2024_12.csv,역사관광,종교성지
포천,2024,12,2024-12,113,경기도,포천시,키즈필포천송우점,26,포천 2024_12.csv,문화관광,테마공원
포천,2024,12,2024-12,113,경기도,포천시,천주사,26,포천 2024_12.csv,역사관광,종교성지
포천,2024,12,2024-12,113,경기도,포천시,천해사,26,포천 2024_12.csv,역사관광,종교성지
포천,2024,12,2024-12,120,경기도,포천시,레이크밸리 승마클럽,25,포천 2024_12.csv,레저스포츠,기타레저스포츠
포천,2024,12,2024-12,121,경기도,포천시,성불암,22,포천 2024_12.csv,역사관광,종교성지
포천,2024,12,2024-12,121,경기도,포천시,멍우리협곡,22,포천 2024_12.csv,자연관광,자연경관(산)
포천,2024,12,2024-12,123,경기도,포천시,관음사,21,포천 2024_12.csv,역사관광,종교성지
포천,2024,12,2024-12,123,경기도,포천시,송일농장,21,포천 2024_12.csv,체험관광,농/산/어촌체험
포천,2024,12,2024-12,125,경기도,포천시,화엄사,20,포천 2024_12.csv,역사관광,종교성지
포천,2024,12,2024-12,125,경기도,포천시,새마을낚시터,20,포천 2024_12.csv,레저스포츠,수상레저스포츠
포천,2024,12,2024-12,127,경기도,포천시,기원정사,19,포천 2024_12.csv,역사관광,종교성지
포천,2024,12,2024-12,128,경기도,포천시,황새목낚시터,18,포천 2024_12.csv,레저스포츠,수상레저스포츠
포천,2024,12,2024-12,128,경기도,포천시,화현이벽성지,18,포천 2024_12.csv,역사관광,역사유적지
포천,2024,12,2024-12,128,경기도,포천시,무네미낚시터,18,포천 2024_12.csv,레저스포츠,수상레저스포츠
포천,2024,12,2024-12,131,경기도,포천시,포천염광수련원,17,포천 2024_12.csv,레저스포츠,육상레저스포츠
포천,2024,12,2024-12,131,경기도,포천시,소흘생활체육공원제1축구장,17,포천 2024_12.csv,문화관광,레저스포츠시설
포천,2024,12,2024-12,131,경기도,포천시,도평리터미널,17,포천 2024_12.csv,기타관광,교통시설
포천,2024,12,2024-12,134,경기도,포천시,신읍동도시재생어울림센터2,16,포천 2024_12.csv,문화관광,기타문화관광지
포천,2024,12,2024-12,134,경기도,포천시,일동문화예술창고,16,포천 2024_12.csv,문화관광,기타문화관광지
포천,2024,12,2024-12,134,경기도,포천시,충목단,16,포천 2024_12.csv,역사관광,역사유적지
포천,2024,12,2024-12,134,경기도,포천시,무림사,16,포천 2024_12.csv,역사관광,종교성지
포천,2024,12,2024-12,134,경기도,포천시,허브아일랜드산타마을,16,포천 2024_12.csv,문화관광,테마공원
포천,2024,12,2024-12,134,경기도,포천시,태국군참전비,16,포천 2024_12.csv,역사관광,역사유물
포천,2024,12,2024-12,140,경기도,포천시,미트빌연합사업단,15,포천 2024_12.csv,쇼핑,시장
포천,2024,12,2024-12,141,경기도,포천시,한탄강주상절리길3코스,14,포천 2024_12.csv,레저스포츠,기타레저스포츠
포천,2024,12,2024-12,142,경기도,포천시,Y스포츠센터,13,포천 2024_12.csv,레저스포츠,기타레저스포츠
포천,2024,12,2024-12,142,경기도,포천시,백운계곡국민관광지,13,포천 2024_12.csv,문화관광,복합관광시설
포천,2024,12,2024-12,142,경기도,포천시,궁뜰사과농원,13,포천 2024_12.csv,체험관광,농/산/어촌체험
포천,2024,12,2024-12,145,경기도,포천시,봉운사,12,포천 2024_12.csv,역사관광,종교성지
포천,2024,12,2024-12,145,경기도,포천시,백운산,12,포천 2024_12.csv,자연관광,자연경관(산)
포천,2024,12,2024-12,145,경기도,포천시,마홀축구장,12,포천 2024_12.csv,문화관광,레저스포츠시설
포천,2024,12,2024-12,145,경기도,포천시,승법사,12,포천 2024_12.csv,역사관광,종교성지
포천,2024,12,2024-12,149,경기도,포천시,베스트원스포츠,11,포천 2024_12.csv,레저스포츠,기타레저스포츠
포천,2024,12,2024-12,149,경기도,포천시,보문정사,11,포천 2024_12.csv,역사관광,종교성지
포천,2024,12,2024-12,149,경기도,포천시,포천체육공원,11,포천 2024_12.csv,문화관광,도시공원
포천,2024,12,2024-12,149,경기도,포천시,중리저수지,11,포천 2024_12.csv,자연관광,자연경관(하천/해양)
포천,2024,12,2024-12,149,경기도,포천시,태산낚시터,11,포천 2024_12.csv,레저스포츠,수상레저스포츠
포천,2024,12,2024-12,149,경기도,포천시,향적사,11,포천 2024_12.csv,역사관광,종교성지
포천,2024,12,2024-12,149,경기도,포천시,산정랜드,11,포천 2024_12.csv,문화관광,복합관광시설
포천,2024,12,2024-12,156,경기도,포천시,포천소민농장,10,포천 2024_12.csv,체험관광,농/산/어촌체험
포천,2024,12,2024-12,156,경기도,포천시,정혜사,10,포천 2024_12.csv,역사관광,종교성지
포천,2024,12,2024-12,158,경기도,포천시,이항복선생묘,9,포천 2024_12.csv,역사관광,역사유적지
포천,2024,12,2024-12,158,경기도,포천시,호스랜드승마클럽,9,포천 2024_12.csv,레저스포츠,육상레저스포츠
포천,2024,12,2024-12,158,경기도,포천시,국봉사,9,포천 2024_12.csv,역사관광,종교성지
포천,2024,12,2024-12,161,경기도,포천시,화요공방,8,포천 2024_12.csv,체험관광,공예체험
포천,2024,12,2024-12,161,경기도,포천시,금룡사,8,포천 2024_12.csv,역사관광,종교성지
포천,2024,12,2024-12,161,경기도,포천시,동화사,8,포천 2024_12.csv,역사관광,종교성지
포천,2024,12,2024-12,161,경기도,포천시,대안사,8,포천 2024_12.csv,역사관광,종교성지
포천,2024,12,2024-12,165,경기도,포천시,밤밭실내장어낚시터,7,포천 2024_12.csv,레저스포츠,수상레저스포츠
포천,2024,12,2024-12,165,경기도,포천시,쌍불사,7,포천 2024_12.csv,역사관광,종교성지
포천,2024,12,2024-12,165,경기도,포천시,한과문화박물관,7,포천 2024_12.csv,문화관광,전시시설
포천,2024,12,2024-12,165,경기도,포천시,직두리낚시터,7,포천 2024_12.csv,레저스포츠,수상레저스포츠
포천,2024,12,2024-12,165,경기도,포천시,황금낚시터,7,포천 2024_12.csv,레저스포츠,수상레저스포츠
포천,2024,12,2024-12,165,경기도,포천시,반디농장,7,포천 2024_12.csv,체험관광,농/산/어촌체험
포천,2024,12,2024-12,165,경기도,포천시,각흘산,7,포천 2024_12.csv,자연관광,자연경관(산)
포천,2024,12,2024-12,172,경기도,포천시,미륵사,6,포천 2024_12.csv,역사관광,종교성지
포천,2024,12,2024-12,172,경기도,포천시,포천음악창작소,6,포천 2024_12.csv,문화관광,기타문화관광지
포천,2024,12,2024-12,172,경기도,포천시,명성산,6,포천 2024_12.csv,자연관광,자연경관(산)
포천,2024,12,2024-12,172,경기도,포천시,국망봉자연휴양림,6,포천 2024_12.csv,자연관광,자연공원
포천,2024,12,2024-12,172,경기도,포천시,깊이울저수지,6,포천 2024_12.csv,자연관광,자연경관(하천/해양)
포천,2024,12,2024-12,172,경기도,포천시,관음사,6,포천 2024_12.csv,역사관광,종교성지
포천,2024,12,2024-12,172,경기도,포천시,금불사,6,포천 2024_12.csv,역사관광,종교성지
포천,2024,12,2024-12,179,경기도,포천시,천궁사,5,포천 2024_12.csv,역사관광,종교성지
포천,2024,12,2024-12,179,경기도,포천시,아쿠아스마트팜,5,포천 2024_12.csv,체험관광,농/산/어촌체험
포천,2024,12,2024-12,179,경기도,포천시,내리공설시장,5,포천 2024_12.csv,쇼핑,시장
포천,2024,12,2024-12,179,경기도,포천시,포천반월성,5,포천 2024_12.csv,역사관광,역사유적지
포천,2024,12,2024-12,179,경기도,포천시,옥병서원,5,포천 2024_12.csv,역사관광,역사유적지
포천,2024,12,2024-12,184,경기도,포천시,한탄강주상절리길5코스,4,포천 2024_12.csv,레저스포츠,기타레저스포츠
포천,2024,12,2024-12,184,경기도,포천시,초계목장,4,포천 2024_12.csv,체험관광,농/산/어촌체험
포천,2024,12,2024-12,184,경기도,포천시,프로방스빌리지수영장,4,포천 2024_12.csv,문화관광,테마공원
포천,2024,12,2024-12,184,경기도,포천시,천우문학관,4,포천 2024_12.csv,문화관광,기타문화관광지
포천,2024,12,2024-12,184,경기도,포천시,실상선원,4,포천 2024_12.csv,역사관광,종교성지
포천,2024,12,2024-12,184,경기도,포천시,현영목장,4,포천 2024_12.csv,체험관광,농/산/어촌체험
포천,2024,12,2024-12,184,경기도,포천시,유식물원,4,포천 2024_12.csv,문화관광,테마공원
포천,2024,12,2024-12,184,경기도,포천시,본선사,4,포천 2024_12.csv,역사관광,종교성지
포천,2024,12,2024-12,184,경기도,포천시,미륵박물관,4,포천 2024_12.csv,문화관광,전시시설
포천,2024,12,2024-12,184,경기도,포천시,대한불교조계종정변지사,4,포천 2024_12.csv,역사관광,종교성지
포천,2024,12,2024-12,194,경기도,포천시,한탄강주상절리길2코스,3,포천 2024_12.csv,레저스포츠,기타레저스포츠
포천,2024,12,2024-12,194,경기도,포천시,관인문화마을,3,포천 2024_12.csv,기타관광,기타관광
포천,2024,12,2024-12,194,경기도,포천시,효안재,3,포천 2024_12.csv,역사관광,역사유적지
포천,2024,12,2024-12,194,경기도,포천시,이항복선생기념관,3,포천 2024_12.csv,문화관광,전시시설
포천,2024,12,2024-12,194,경기도,포천시,무봉리족구장,3,포천 2024_12.csv,레저스포츠,기타레저스포츠
포천,2024,12,2024-12,194,경기도,포천시,선단문화공원,3,포천 2024_12.csv,문화관광,도시공원
포천,2024,12,2024-12,194,경기도,포천시,구암정사,3,포천 2024_12.csv,역사관광,종교성지
포천,2024,12,2024-12,194,경기도,포천시,마전낚시터,3,포천 2024_12.csv,레저스포츠,수상레저스포츠
포천,2024,12,2024-12,194,경기도,포천시,소흘생활체육공원제2축구장,3,포천 2024_12.csv,문화관광,레저스포츠시설
포천,2024,12,2024-12,194,경기도,포천시,고일낚시터,3,포천 2024_12.csv,레저스포츠,수상레저스포츠
포천,2024,12,2024-12,194,경기도,포천시,포천직두리의부부송,3,포천 2024_12.csv,역사관광,역사유적지
포천,2024,12,2024-12,194,경기도,포천시,전운사,3,포천 2024_12.csv,역사관광,종교성지
포천,2024,12,2024-12,194,경기도,포천시,청계산,3,포천 2024_12.csv,자연관광,자연경관(산)
포천,2024,12,2024-12,194,경기도,포천시,베어스타운스노우타운눈썰매장,3,포천 2024_12.csv,레저스포츠,육상레저스포츠
포천,2024,12,2024-12,194,경기도,포천시,국립산림박물관,3,포천 2024_12.csv,문화관광,전시시설
포천,2024,12,2024-12,194,경기도,포천시,직동낚시터,3,포천 2024_12.csv,레저스포츠,수상레저스포츠
포천,2024,12,2024-12,194,경기도,포천시,지장산계곡,3,포천 2024_12.csv,자연관광,자연경관(산)
포천,2024,12,2024-12,194,경기도,포천시,백로주유원지,3,포천 2024_12.csv,문화관광,복합관광시설
포천,2024,12,2024-12,194,경기도,포천시,왕방산,3,포천 2024_12.csv,자연관광,자연경관(산)
포천,2024,12,2024-12,194,경기도,포천시,만미사,3,포천 2024_12.csv,역사관광,종교성지
포천,2024,12,2024-12,194,경기도,포천시,서운동산어린이동물농장,3,포천 2024_12.csv,기타관광,기타관광
포천,2024,12,2024-12,194,경기도,포천시,명산저수지,3,포천 2024_12.csv,자연관광,자연경관(하천/해양)
포천,2024,12,2024-12,194,경기도,포천시,청계유원지,3,포천 2024_12.csv,문화관광,복합관광시설
포천,2024,12,2024-12,194,경기도,포천시,소야사과농장,3,포천 2024_12.csv,체험관광,농/산/어촌체험
포천,2024,12,2024-12,194,경기도,포천시,포천운산리자연생태공원,3,포천 2024_12.csv,문화관광,도시공원
포천,2024,12,2024-12,194,경기도,포천시,포천시 신북면 공섬,3,포천 2024_12.csv,문화관광,도시/지역문화관광
포천,2024,12,2024-12,194,경기도,포천시,보림사,3,포천 2024_12.csv,역사관광,종교성지
포천,2024,12,2024-12,194,경기도,포천시,황제다육식물농장,3,포천 2024_12.csv,체험관광,농/산/어촌체험
포천,2024,12,2024-12,194,경기도,포천시,교동가마소,3,포천 2024_12.csv,기타관광,기타관광
포천,2024,12,2024-12,194,경기도,포천시,서광사,3,포천 2024_12.csv,역사관광,종교성지
포천,2024,12,2024-12,194,경기도,포천시,삼손목장,3,포천 2024_12.csv,체험관광,농/산/어촌체험
포천,2024,12,2024-12,194,경기도,포천시,법화사포천도량,3,포천 2024_12.csv,역사관광,종교성지
포천,2025,1,2025-01,1,경기도,포천시,산정호수,9117,포천 2025_01.csv,자연관광,자연경관(하천/해양)
포천,2025,1,2025-01,2,경기도,포천시,신북온천스프링폴,5196,포천 2025_01.csv,체험관광,웰니스관광
포천,2025,1,2025-01,3,경기도,포천시,포천백운계곡동장군축제,5103,포천 2025_01.csv,문화관광,기타문화관광지
포천,2025,1,2025-01,4,경기도,포천시,고모저수지,3805,포천 2025_01.csv,자연관광,자연경관(하천/해양)
포천,2025,1,2025-01,5,경기도,포천시,국립수목원,3487,포천 2025_01.csv,문화관광,테마공원
포천,2025,1,2025-01,6,경기도,포천시,포천아트밸리,3415,포천 2025_01.csv,문화관광,공연시설
포천,2025,1,2025-01,7,경기도,포천시,일동시외버스터미널,3306,포천 2025_01.csv,기타관광,교통시설
포천,2025,1,2025-01,8,경기도,포천시,제일유황온천,3239,포천 2025_01.csv,체험관광,웰니스관광
포천,2025,1,2025-01,9,경기도,포천시,허브아일랜드,3202,포천 2025_01.csv,체험관광,농/산/어촌체험
포천,2025,1,2025-01,10,경기도,포천시,한탄강Y자출렁다리,2161,포천 2025_01.csv,기타관광,기타관광
포천,2025,1,2025-01,11,경기도,포천시,백운계곡,1682,포천 2025_01.csv,자연관광,자연경관(산)
포천,2025,1,2025-01,12,경기도,포천시,CGV포천,1474,포천 2025_01.csv,문화관광,공연시설
포천,2025,1,2025-01,13,경기도,포천시,비둘기낭폭포,1450,포천 2025_01.csv,자연관광,자연경관(산)
포천,2025,1,2025-01,14,경기도,포천시,송우시외버스터미널,1180,포천 2025_01.csv,기타관광,교통시설
포천,2025,1,2025-01,15,경기도,포천시,도성사,964,포천 2025_01.csv,역사관광,종교성지
포천,2025,1,2025-01,16,경기도,포천시,산사원,848,포천 2025_01.csv,문화관광,전시시설
포천,2025,1,2025-01,17,경기도,포천시,포천한탄강하늘다리,781,포천 2025_01.csv,기타관광,기타관광
포천,2025,1,2025-01,18,경기도,포천시,포천시외버스터미널,756,포천 2025_01.csv,기타관광,교통시설
포천,2025,1,2025-01,19,경기도,포천시,포천산정호수썰매축제,716,포천 2025_01.csv,문화관광,기타문화관광지
포천,2025,1,2025-01,20,경기도,포천시,베어스타운스키장휴업,656,포천 2025_01.csv,레저스포츠,육상레저스포츠
포천,2025,1,2025-01,21,경기도,포천시,호국금강사,632,포천 2025_01.csv,역사관광,종교성지
포천,2025,1,2025-01,22,경기도,포천시,축석고개,628,포천 2025_01.csv,자연관광,자연경관(산)
포천,2025,1,2025-01,23,경기도,포천시,포레스트힐CC,619,포천 2025_01.csv,레저스포츠,육상레저스포츠
포천,2025,1,2025-01,24,경기도,포천시,아트밸리1999,611,포천 2025_01.csv,문화관광,테마공원
포천,2025,1,2025-01,25,경기도,포천시,주파크,579,포천 2025_01.csv,문화관광,테마공원
포천,2025,1,2025-01,26,경기도,포천시,베어크리크GC,556,포천 2025_01.csv,레저스포츠,육상레저스포츠
포천,2025,1,2025-01,27,경기도,포천시,운악산자연휴양림,527,포천 2025_01.csv,자연관광,자연공원
포천,2025,1,2025-01,28,경기도,포천시,포천반월아트홀,525,포천 2025_01.csv,문화관광,공연시설
포천,2025,1,2025-01,29,경기도,포천시,일동레이크GC,501,포천 2025_01.csv,레저스포츠,육상레저스포츠
포천,2025,1,2025-01,30,경기도,포천시,아딸농원,496,포천 2025_01.csv,체험관광,농/산/어촌체험
포천,2025,1,2025-01,31,경기도,포천시,포천5일장,488,포천 2025_01.csv,쇼핑,시장
포천,2025,1,2025-01,32,경기도,포천시,소흘생활체육공원,461,포천 2025_01.csv,문화관광,도시공원
포천,2025,1,2025-01,33,경기도,포천시,백운낚시터,449,포천 2025_01.csv,레저스포츠,수상레저스포츠
포천,2025,1,2025-01,34,경기도,포천시,천보산자연휴양림,428,포천 2025_01.csv,자연관광,자연공원
포천,2025,1,2025-01,35,경기도,포천시,한탄강주상절리길1코스,383,포천 2025_01.csv,레저스포츠,기타레저스포츠
포천,2025,1,2025-01,36,경기도,포천시,푸른솔GC포천,369,포천 2025_01.csv,레저스포츠,육상레저스포츠
포천,2025,1,2025-01,37,경기도,포천시,포천힐스CC,354,포천 2025_01.csv,레저스포츠,육상레저스포츠
포천,2025,1,2025-01,38,경기도,포천시,서운동산,341,포천 2025_01.csv,문화관광,복합관광시설
포천,2025,1,2025-01,39,경기도,포천시,한화리조트산정호수온천,326,포천 2025_01.csv,체험관광,웰니스관광
포천,2025,1,2025-01,39,경기도,포천시,필로스GC,326,포천 2025_01.csv,레저스포츠,육상레저스포츠
포천,2025,1,2025-01,41,경기도,포천시,참밸리컨트리클럽,318,포천 2025_01.csv,레저스포츠,육상레저스포츠
포천,2025,1,2025-01,42,경기도,포천시,포천아도니스CC,317,포천 2025_01.csv,레저스포츠,육상레저스포츠
포천,2025,1,2025-01,43,경기도,포천시,샴발라CC,315,포천 2025_01.csv,레저스포츠,육상레저스포츠
포천,2025,1,2025-01,44,경기도,포천시,한탄강지질공원센터,300,포천 2025_01.csv,문화관광,전시시설
포천,2025,1,2025-01,45,경기도,포천시,포천힐마루CC,295,포천 2025_01.csv,레저스포츠,육상레저스포츠
포천,2025,1,2025-01,46,경기도,포천시,밤밭낚시터,287,포천 2025_01.csv,레저스포츠,수상레저스포츠
포천,2025,1,2025-01,47,경기도,포천시,수목원고모호수공원,283,포천 2025_01.csv,문화관광,도시공원
포천,2025,1,2025-01,48,경기도,포천시,동교낚시터,251,포천 2025_01.csv,레저스포츠,수상레저스포츠
포천,2025,1,2025-01,49,경기도,포천시,가농바이오농장,247,포천 2025_01.csv,체험관광,농/산/어촌체험
포천,2025,1,2025-01,50,경기도,포천시,몽베르CC,233,포천 2025_01.csv,레저스포츠,육상레저스포츠
포천,2025,1,2025-01,51,경기도,포천시,깊이울유원지,217,포천 2025_01.csv,문화관광,복합관광시설
포천,2025,1,2025-01,52,경기도,포천시,포천수원산정상전망대,209,포천 2025_01.csv,문화관광,랜드마크관광
포천,2025,1,2025-01,53,경기도,포천시,가산저수지,204,포천 2025_01.csv,자연관광,자연경관(하천/해양)
포천,2025,1,2025-01,54,경기도,포천시,포천염광수련원,197,포천 2025_01.csv,레저스포츠,육상레저스포츠
포천,2025,1,2025-01,55,경기도,포천시,아프리카예술박물관,191,포천 2025_01.csv,문화관광,전시시설
포천,2025,1,2025-01,56,경기도,포천시,백운계곡유원지,182,포천 2025_01.csv,문화관광,복합관광시설
포천,2025,1,2025-01,57,경기도,포천시,어메이징파크,181,포천 2025_01.csv,문화관광,전시시설
포천,2025,1,2025-01,58,경기도,포천시,송우공설시장,179,포천 2025_01.csv,쇼핑,시장
포천,2025,1,2025-01,59,경기도,포천시,산정호수조각공원,174,포천 2025_01.csv,문화관광,도시공원
포천,2025,1,2025-01,60,경기도,포천시,낭만닥터김사부촬영지,170,포천 2025_01.csv,문화관광,기타문화관광지
포천,2025,1,2025-01,61,경기도,포천시,왕산사,162,포천 2025_01.csv,역사관광,종교성지
포천,2025,1,2025-01,61,경기도,포천시,동교하우스낚시터,162,포천 2025_01.csv,레저스포츠,수상레저스포츠
포천,2025,1,2025-01,63,경기도,포천시,구담사,156,포천 2025_01.csv,역사관광,종교성지
포천,2025,1,2025-01,64,경기도,포천시,쌍방죽낚시터,155,포천 2025_01.csv,레저스포츠,수상레저스포츠
포천,2025,1,2025-01,65,경기도,포천시,포천가구공단,148,포천 2025_01.csv,쇼핑,기타쇼핑시설
포천,2025,1,2025-01,66,경기도,포천시,설운체육공원,131,포천 2025_01.csv,문화관광,도시공원
포천,2025,1,2025-01,67,경기도,포천시,포천화적연,124,포천 2025_01.csv,자연관광,자연경관(하천/해양)
포천,2025,1,2025-01,68,경기도,포천시,포천스포츠센터,120,포천 2025_01.csv,레저스포츠,기타레저스포츠
포천,2025,1,2025-01,69,경기도,포천시,내촌낚시터,109,포천 2025_01.csv,레저스포츠,수상레저스포츠
포천,2025,1,2025-01,70,경기도,포천시,포천패션타운,107,포천 2025_01.csv,쇼핑,쇼핑몰
포천,2025,1,2025-01,71,경기도,포천시,가람누리문화공원전망대,106,포천 2025_01.csv,문화관광,랜드마크관광
포천,2025,1,2025-01,72,경기도,포천시,운천재래시장,101,포천 2025_01.csv,쇼핑,시장
포천,2025,1,2025-01,73,경기도,포천시,청성역사공원,99,포천 2025_01.csv,문화관광,도시공원
포천,2025,1,2025-01,74,경기도,포천시,자인사,95,포천 2025_01.csv,역사관광,종교성지
포천,2025,1,2025-01,75,경기도,포천시,황금프라자,92,포천 2025_01.csv,쇼핑,쇼핑몰
포천,2025,1,2025-01,75,경기도,포천시,라싸GC,92,포천 2025_01.csv,레저스포츠,육상레저스포츠
포천,2025,1,2025-01,77,경기도,포천시,냉정저수지,91,포천 2025_01.csv,자연관광,자연경관(하천/해양)
포천,2025,1,2025-01,77,경기도,포천시,포천신읍시장,91,포천 2025_01.csv,쇼핑,시장
포천,2025,1,2025-01,79,경기도,포천시,청계지,86,포천 2025_01.csv,자연관광,자연경관(하천/해양)
포천,2025,1,2025-01,80,경기도,포천시,가산낚시터,85,포천 2025_01.csv,레저스포츠,수상레저스포츠
포천,2025,1,2025-01,81,경기도,포천시,한탄강생태경관단지,79,포천 2025_01.csv,기타관광,기타관광
포천,2025,1,2025-01,81,경기도,포천시,광릉수목원자동차극장,79,포천 2025_01.csv,문화관광,공연시설
포천,2025,1,2025-01,83,경기도,포천시,길명낚시공원,77,포천 2025_01.csv,레저스포츠,수상레저스포츠
포천,2025,1,2025-01,84,경기도,포천시,신읍동도시재생어울림센터2,74,포천 2025_01.csv,문화관광,기타문화관광지
포천,2025,1,2025-01,85,경기도,포천시,평강랜드,73,포천 2025_01.csv,문화관광,테마공원
포천,2025,1,2025-01,86,경기도,포천시,초원낚시터,67,포천 2025_01.csv,레저스포츠,수상레저스포츠
포천,2025,1,2025-01,87,경기도,포천시,소흘생활체육공원제1축구장,62,포천 2025_01.csv,문화관광,레저스포츠시설
포천,2025,1,2025-01,88,경기도,포천시,천주호,61,포천 2025_01.csv,자연관광,자연경관(하천/해양)
포천,2025,1,2025-01,89,경기도,포천시,약천사,60,포천 2025_01.csv,역사관광,종교성지
포천,2025,1,2025-01,89,경기도,포천시,포천축구공원,60,포천 2025_01.csv,문화관광,도시공원
포천,2025,1,2025-01,91,경기도,포천시,직두리낚시터,58,포천 2025_01.csv,레저스포츠,수상레저스포츠
포천,2025,1,2025-01,92,경기도,포천시,태국군참전비,55,포천 2025_01.csv,역사관광,역사유물
포천,2025,1,2025-01,92,경기도,포천시,허브아일랜드불빛동화축제,55,포천 2025_01.csv,문화관광,기타문화관광지
포천,2025,1,2025-01,92,경기도,포천시,천주사,55,포천 2025_01.csv,역사관광,종교성지
포천,2025,1,2025-01,95,경기도,포천시,화엄사,54,포천 2025_01.csv,역사관광,종교성지
포천,2025,1,2025-01,96,경기도,포천시,금주저수지,53,포천 2025_01.csv,자연관광,자연경관(하천/해양)
포천,2025,1,2025-01,97,경기도,포천시,흥룡사,50,포천 2025_01.csv,역사관광,종교성지
포천,2025,1,2025-01,97,경기도,포천시,클라우드시네마,50,포천 2025_01.csv,문화관광,공연시설
포천,2025,1,2025-01,99,경기도,포천시,백운계곡국민관광지,49,포천 2025_01.csv,문화관광,복합관광시설
포천,2025,1,2025-01,100,경기도,포천시,보문정사,48,포천 2025_01.csv,역사관광,종교성지
포천,2025,1,2025-01,101,경기도,포천시,포천아도니스퍼블릭CC,47,포천 2025_01.csv,레저스포츠,육상레저스포츠
포천,2025,1,2025-01,101,경기도,포천시,포천야구장,47,포천 2025_01.csv,문화관광,레저스포츠시설
포천,2025,1,2025-01,103,경기도,포천시,광암이벽유적지,45,포천 2025_01.csv,역사관광,역사유적지
포천,2025,1,2025-01,103,경기도,포천시,어하고개,45,포천 2025_01.csv,자연관광,자연경관(산)
포천,2025,1,2025-01,105,경기도,포천시,청한베이스볼파크,44,포천 2025_01.csv,문화관광,레저스포츠시설
포천,2025,1,2025-01,105,경기도,포천시,천해사,44,포천 2025_01.csv,역사관광,종교성지
포천,2025,1,2025-01,107,경기도,포천시,포천체육공원,43,포천 2025_01.csv,문화관광,도시공원
포천,2025,1,2025-01,107,경기도,포천시,코버월드,43,포천 2025_01.csv,문화관광,전시시설
포천,2025,1,2025-01,109,경기도,포천시,포천아트밸리천문과학관,42,포천 2025_01.csv,문화관광,전시시설
포천,2025,1,2025-01,110,경기도,포천시,에덴농장,41,포천 2025_01.csv,체험관광,농/산/어촌체험
포천,2025,1,2025-01,111,경기도,포천시,향림사,38,포천 2025_01.csv,역사관광,종교성지
포천,2025,1,2025-01,112,경기도,포천시,갈월버섯농장,36,포천 2025_01.csv,체험관광,농/산/어촌체험
포천,2025,1,2025-01,113,경기도,포천시,나남수목원,35,포천 2025_01.csv,자연관광,자연공원
포천,2025,1,2025-01,114,경기도,포천시,포천38문화예술창작소공사중(2025년 개관예정),29,포천 2025_01.csv,문화관광,기타문화관광지
포천,2025,1,2025-01,115,경기도,포천시,금주낚시터,28,포천 2025_01.csv,레저스포츠,수상레저스포츠
포천,2025,1,2025-01,115,경기도,포천시,금룡사,28,포천 2025_01.csv,역사관광,종교성지
포천,2025,1,2025-01,117,경기도,포천시,이항복선생묘,23,포천 2025_01.csv,역사관광,역사유적지
포천,2025,1,2025-01,117,경기도,포천시,멍우리협곡,23,포천 2025_01.csv,자연관광,자연경관(산)
포천,2025,1,2025-01,117,경기도,포천시,일동시장,23,포천 2025_01.csv,쇼핑,시장
포천,2025,1,2025-01,120,경기도,포천시,황새목낚시터,22,포천 2025_01.csv,레저스포츠,수상레저스포츠
포천,2025,1,2025-01,120,경기도,포천시,자비사,22,포천 2025_01.csv,역사관광,종교성지
포천,2025,1,2025-01,120,경기도,포천시,성불암,22,포천 2025_01.csv,역사관광,종교성지
포천,2025,1,2025-01,123,경기도,포천시,가온농장,20,포천 2025_01.csv,체험관광,농/산/어촌체험
포천,2025,1,2025-01,124,경기도,포천시,국망봉자연휴양림,19,포천 2025_01.csv,자연관광,자연공원
포천,2025,1,2025-01,124,경기도,포천시,포천반월성,19,포천 2025_01.csv,역사관광,역사유적지
포천,2025,1,2025-01,124,경기도,포천시,중리저수지,19,포천 2025_01.csv,자연관광,자연경관(하천/해양)
포천,2025,1,2025-01,127,경기도,포천시,아침햇살청소년수련원휴업중(2025년04월 오픈예정),18,포천 2025_01.csv,레저스포츠,육상레저스포츠
포천,2025,1,2025-01,127,경기도,포천시,새마을낚시터,18,포천 2025_01.csv,레저스포츠,수상레저스포츠
포천,2025,1,2025-01,129,경기도,포천시,관음사,17,포천 2025_01.csv,역사관광,종교성지
포천,2025,1,2025-01,129,경기도,포천시,키즈필포천송우점,17,포천 2025_01.csv,문화관광,테마공원
포천,2025,1,2025-01,131,경기도,포천시,포천종합운동장보조구장,16,포천 2025_01.csv,문화관광,레저스포츠시설
포천,2025,1,2025-01,131,경기도,포천시,베어스타운스노우타운눈썰매장,16,포천 2025_01.csv,레저스포츠,육상레저스포츠
포천,2025,1,2025-01,131,경기도,포천시,태산낚시터,16,포천 2025_01.csv,레저스포츠,수상레저스포츠
포천,2025,1,2025-01,131,경기도,포천시,산정랜드,16,포천 2025_01.csv,문화관광,복합관광시설
포천,2025,1,2025-01,135,경기도,포천시,레이크밸리 승마클럽,15,포천 2025_01.csv,레저스포츠,기타레저스포츠
포천,2025,1,2025-01,135,경기도,포천시,Y스포츠센터,15,포천 2025_01.csv,레저스포츠,기타레저스포츠
포천,2025,1,2025-01,135,경기도,포천시,송광사,15,포천 2025_01.csv,역사관광,종교성지
포천,2025,1,2025-01,138,경기도,포천시,한탄강주상절리길3코스,14,포천 2025_01.csv,레저스포츠,기타레저스포츠
포천,2025,1,2025-01,138,경기도,포천시,충목단,14,포천 2025_01.csv,역사관광,역사유적지
포천,2025,1,2025-01,138,경기도,포천시,송일농장,14,포천 2025_01.csv,체험관광,농/산/어촌체험
포천,2025,1,2025-01,138,경기도,포천시,산정리조트눈썰매장,14,포천 2025_01.csv,레저스포츠,육상레저스포츠
포천,2025,1,2025-01,138,경기도,포천시,한탄강금빛사과농원,14,포천 2025_01.csv,체험관광,농/산/어촌체험
포천,2025,1,2025-01,143,경기도,포천시,포천하늘아래치유의숲,13,포천 2025_01.csv,기타관광,기타관광
포천,2025,1,2025-01,144,경기도,포천시,밤밭실내장어낚시터,12,포천 2025_01.csv,레저스포츠,수상레저스포츠
포천,2025,1,2025-01,144,경기도,포천시,미트빌연합사업단,12,포천 2025_01.csv,쇼핑,시장
포천,2025,1,2025-01,144,경기도,포천시,토우공방,12,포천 2025_01.csv,체험관광,공예체험
포천,2025,1,2025-01,147,경기도,포천시,베스트원스포츠,11,포천 2025_01.csv,레저스포츠,기타레저스포츠
포천,2025,1,2025-01,147,경기도,포천시,한탄강주상절리길2코스,11,포천 2025_01.csv,레저스포츠,기타레저스포츠
포천,2025,1,2025-01,147,경기도,포천시,마전낚시터,11,포천 2025_01.csv,레저스포츠,수상레저스포츠
포천,2025,1,2025-01,147,경기도,포천시,화현이벽성지,11,포천 2025_01.csv,역사관광,역사유적지
포천,2025,1,2025-01,147,경기도,포천시,건플레이,11,포천 2025_01.csv,레저스포츠,기타레저스포츠
포천,2025,1,2025-01,147,경기도,포천시,백로주유원지,11,포천 2025_01.csv,문화관광,복합관광시설
포천,2025,1,2025-01,147,경기도,포천시,대안사,11,포천 2025_01.csv,역사관광,종교성지
포천,2025,1,2025-01,154,경기도,포천시,화요공방,10,포천 2025_01.csv,체험관광,공예체험
포천,2025,1,2025-01,154,경기도,포천시,한탄강팔호유원지,10,포천 2025_01.csv,문화관광,복합관광시설
포천,2025,1,2025-01,154,경기도,포천시,수목원프로방스,10,포천 2025_01.csv,자연관광,자연공원
포천,2025,1,2025-01,154,경기도,포천시,무림사,10,포천 2025_01.csv,역사관광,종교성지
포천,2025,1,2025-01,154,경기도,포천시,독수리유격대전적비,10,포천 2025_01.csv,역사관광,역사유물
포천,2025,1,2025-01,159,경기도,포천시,기원정사,9,포천 2025_01.csv,역사관광,종교성지
포천,2025,1,2025-01,159,경기도,포천시,초계목장,9,포천 2025_01.csv,체험관광,농/산/어촌체험
포천,2025,1,2025-01,159,경기도,포천시,소흘생활체육공원제2축구장,9,포천 2025_01.csv,문화관광,레저스포츠시설
포천,2025,1,2025-01,159,경기도,포천시,한과문화박물관,9,포천 2025_01.csv,문화관광,전시시설
포천,2025,1,2025-01,159,경기도,포천시,극락사,9,포천 2025_01.csv,역사관광,종교성지
포천,2025,1,2025-01,159,경기도,포천시,승법사,9,포천 2025_01.csv,역사관광,종교성지
포천,2025,1,2025-01,159,경기도,포천시,천은사,9,포천 2025_01.csv,역사관광,종교성지
포천,2025,1,2025-01,166,경기도,포천시,한탄강주상절리길5코스,8,포천 2025_01.csv,레저스포츠,기타레저스포츠
포천,2025,1,2025-01,166,경기도,포천시,소흘생활체육공원인공암벽장,8,포천 2025_01.csv,레저스포츠,기타레저스포츠
포천,2025,1,2025-01,166,경기도,포천시,포천제2하늘다리,8,포천 2025_01.csv,기타관광,기타관광
포천,2025,1,2025-01,166,경기도,포천시,옥병서원,8,포천 2025_01.csv,역사관광,역사유적지
포천,2025,1,2025-01,170,경기도,포천시,미륵사,7,포천 2025_01.csv,역사관광,종교성지
포천,2025,1,2025-01,170,경기도,포천시,태봉공원,7,포천 2025_01.csv,문화관광,도시공원
포천,2025,1,2025-01,170,경기도,포천시,대한불교조계종정변지사,7,포천 2025_01.csv,역사관광,종교성지
포천,2025,1,2025-01,173,경기도,포천시,채소한의식탁,6,포천 2025_01.csv,체험관광,농/산/어촌체험
포천,2025,1,2025-01,173,경기도,포천시,일동문화예술창고,6,포천 2025_01.csv,문화관광,기타문화관광지
포천,2025,1,2025-01,173,경기도,포천시,실상선원,6,포천 2025_01.csv,역사관광,종교성지
포천,2025,1,2025-01,173,경기도,포천시,법왕사,6,포천 2025_01.csv,역사관광,종교성지
포천,2025,1,2025-01,173,경기도,포천시,명성산,6,포천 2025_01.csv,자연관광,자연경관(산)
포천,2025,1,2025-01,173,경기도,포천시,내리공설시장,6,포천 2025_01.csv,쇼핑,시장
포천,2025,1,2025-01,173,경기도,포천시,만덕사,6,포천 2025_01.csv,역사관광,종교성지
포천,2025,1,2025-01,173,경기도,포천시,깊이울저수지,6,포천 2025_01.csv,자연관광,자연경관(하천/해양)
포천,2025,1,2025-01,173,경기도,포천시,동화사,6,포천 2025_01.csv,역사관광,종교성지
포천,2025,1,2025-01,173,경기도,포천시,왕방산,6,포천 2025_01.csv,자연관광,자연경관(산)
포천,2025,1,2025-01,173,경기도,포천시,허브아일랜드산타마을,6,포천 2025_01.csv,문화관광,테마공원
포천,2025,1,2025-01,173,경기도,포천시,초가낚시터,6,포천 2025_01.csv,레저스포츠,수상레저스포츠
포천,2025,1,2025-01,173,경기도,포천시,한탄강야생화공원,6,포천 2025_01.csv,문화관광,도시공원
포천,2025,1,2025-01,173,경기도,포천시,교동가마소,6,포천 2025_01.csv,기타관광,기타관광
포천,2025,1,2025-01,173,경기도,포천시,궁뜰사과농원,6,포천 2025_01.csv,체험관광,농/산/어촌체험
포천,2025,1,2025-01,188,경기도,포천시,무네미낚시터,5,포천 2025_01.csv,레저스포츠,수상레저스포츠
포천,2025,1,2025-01,188,경기도,포천시,향적사,5,포천 2025_01.csv,역사관광,종교성지
포천,2025,1,2025-01,190,경기도,포천시,올레농장,4,포천 2025_01.csv,체험관광,농/산/어촌체험
포천,2025,1,2025-01,190,경기도,포천시,새일목장,4,포천 2025_01.csv,체험관광,농/산/어촌체험
포천,2025,1,2025-01,190,경기도,포천시,털보낚시터,4,포천 2025_01.csv,레저스포츠,수상레저스포츠
포천,2025,1,2025-01,190,경기도,포천시,전운사,4,포천 2025_01.csv,역사관광,종교성지
포천,2025,1,2025-01,190,경기도,포천시,화봉사,4,포천 2025_01.csv,역사관광,종교성지
포천,2025,1,2025-01,190,경기도,포천시,명성산산안고개방면,4,포천 2025_01.csv,자연관광,자연경관(산)
포천,2025,1,2025-01,190,경기도,포천시,냉정낚시터,4,포천 2025_01.csv,레저스포츠,수상레저스포츠
포천,2025,1,2025-01,190,경기도,포천시,황금낚시터,4,포천 2025_01.csv,레저스포츠,수상레저스포츠
포천,2025,1,2025-01,190,경기도,포천시,각흘산,4,포천 2025_01.csv,자연관광,자연경관(산)
포천,2025,1,2025-01,190,경기도,포천시,도평리터미널,4,포천 2025_01.csv,기타관광,교통시설
포천,2025,1,2025-01,190,경기도,포천시,지질트레일1코스,4,포천 2025_01.csv,레저스포츠,기타레저스포츠
포천,2025,1,2025-01,201,경기도,포천시,믿음농장,3,포천 2025_01.csv,체험관광,농/산/어촌체험
포천,2025,1,2025-01,201,경기도,포천시,구라이골,3,포천 2025_01.csv,기타관광,기타관광
포천,2025,1,2025-01,201,경기도,포천시,소우주도자기공방,3,포천 2025_01.csv,체험관광,공예체험
포천,2025,1,2025-01,201,경기도,포천시,프로방스빌리지수영장,3,포천 2025_01.csv,문화관광,테마공원
포천,2025,1,2025-01,201,경기도,포천시,아라리농장,3,포천 2025_01.csv,체험관광,농/산/어촌체험
포천,2025,1,2025-01,201,경기도,포천시,협동농장,3,포천 2025_01.csv,체험관광,농/산/어촌체험
포천,2025,1,2025-01,201,경기도,포천시,선단문화공원,3,포천 2025_01.csv,문화관광,도시공원
포천,2025,1,2025-01,201,경기도,포천시,포천음악창작소,3,포천 2025_01.csv,문화관광,기타문화관광지
포천,2025,1,2025-01,201,경기도,포천시,명성산억새밭,3,포천 2025_01.csv,기타관광,기타관광
포천,2025,1,2025-01,201,경기도,포천시,포천직두리의부부송,3,포천 2025_01.csv,역사관광,역사유적지
포천,2025,1,2025-01,201,경기도,포천시,옹장굴,3,포천 2025_01.csv,체험관광,농/산/어촌체험
포천,2025,1,2025-01,201,경기도,포천시,선유담계곡,3,포천 2025_01.csv,자연관광,자연경관(산)
포천,2025,1,2025-01,201,경기도,포천시,용연서원,3,포천 2025_01.csv,역사관광,역사유적지
포천,2025,1,2025-01,201,경기도,포천시,솔모루공원,3,포천 2025_01.csv,문화관광,도시공원
포천,2025,1,2025-01,201,경기도,포천시,양문공설시장,3,포천 2025_01.csv,쇼핑,시장
포천,2025,1,2025-01,201,경기도,포천시,운악산포천운주사방면,3,포천 2025_01.csv,자연관광,자연경관(산)
포천,2025,1,2025-01,201,경기도,포천시,봉운사,3,포천 2025_01.csv,역사관광,종교성지
포천,2025,1,2025-01,201,경기도,포천시,직동낚시터,3,포천 2025_01.csv,레저스포츠,수상레저스포츠
포천,2025,1,2025-01,201,경기도,포천시,수원산,3,포천 2025_01.csv,자연관광,자연경관(산)
포천,2025,1,2025-01,201,경기도,포천시,허브식물박물관,3,포천 2025_01.csv,문화관광,전시시설
포천,2025,1,2025-01,201,경기도,포천시,선광사,3,포천 2025_01.csv,역사관광,종교성지
포천,2025,1,2025-01,201,경기도,포천시,호스랜드승마클럽,3,포천 2025_01.csv,레저스포츠,육상레저스포츠
포천,2025,1,2025-01,201,경기도,포천시,백운산,3,포천 2025_01.csv,자연관광,자연경관(산)
포천,2025,1,2025-01,201,경기도,포천시,준준베이스볼파크,3,포천 2025_01.csv,문화관광,레저스포츠시설
포천,2025,1,2025-01,201,경기도,포천시,마홀축구장,3,포천 2025_01.csv,문화관광,레저스포츠시설
포천,2025,1,2025-01,201,경기도,포천시,미륵박물관,3,포천 2025_01.csv,문화관광,전시시설
포천,2025,1,2025-01,201,경기도,포천시,영천목장,3,포천 2025_01.csv,체험관광,농/산/어촌체험
포천,2025,1,2025-01,201,경기도,포천시,근선목장,3,포천 2025_01.csv,체험관광,농/산/어촌체험
포천,2025,1,2025-01,201,경기도,포천시,금불사,3,포천 2025_01.csv,역사관광,종교성지
포천,2025,1,2025-01,201,경기도,포천시,장암저수지,3,포천 2025_01.csv,자연관광,자연경관(하천/해양)
포천,2025,1,2025-01,201,경기도,포천시,꽈당스키,3,포천 2025_01.csv,레저스포츠,기타레저스포츠
포천,2025,1,2025-01,201,경기도,포천시,호롱불마을최공방,3,포천 2025_01.csv,체험관광,공예체험
포천,2025,1,2025-01,201,경기도,포천시,도연암,3,포천 2025_01.csv,역사관광,종교성지
포천,2025,1,2025-01,201,경기도,포천시,예산농장,3,포천 2025_01.csv,체험관광,농/산/어촌체험
포천,2025,2,2025-02,1,경기도,포천시,산정호수,5024,포천 2025_02.csv,자연관광,자연경관(하천/해양)
포천,2025,2,2025-02,2,경기도,포천시,신북온천스프링폴,3618,포천 2025_02.csv,체험관광,웰니스관광
포천,2025,2,2025-02,3,경기도,포천시,국립수목원,3536,포천 2025_02.csv,문화관광,테마공원
포천,2025,2,2025-02,4,경기도,포천시,고모저수지,3270,포천 2025_02.csv,자연관광,자연경관(하천/해양)
포천,2025,2,2025-02,5,경기도,포천시,일동시외버스터미널,2684,포천 2025_02.csv,기타관광,교통시설
포천,2025,2,2025-02,6,경기도,포천시,포천아트밸리,2628,포천 2025_02.csv,문화관광,공연시설
포천,2025,2,2025-02,7,경기도,포천시,제일유황온천,2443,포천 2025_02.csv,체험관광,웰니스관광
포천,2025,2,2025-02,8,경기도,포천시,허브아일랜드,2072,포천 2025_02.csv,체험관광,농/산/어촌체험
포천,2025,2,2025-02,9,경기도,포천시,베어크리크GC,1484,포천 2025_02.csv,레저스포츠,육상레저스포츠
포천,2025,2,2025-02,10,경기도,포천시,포레스트힐CC,1405,포천 2025_02.csv,레저스포츠,육상레저스포츠
포천,2025,2,2025-02,11,경기도,포천시,한탄강Y자출렁다리,1221,포천 2025_02.csv,기타관광,기타관광
포천,2025,2,2025-02,12,경기도,포천시,비둘기낭폭포,1178,포천 2025_02.csv,자연관광,자연경관(산)
포천,2025,2,2025-02,13,경기도,포천시,포천아도니스CC,1110,포천 2025_02.csv,레저스포츠,육상레저스포츠
포천,2025,2,2025-02,14,경기도,포천시,송우시외버스터미널,1024,포천 2025_02.csv,기타관광,교통시설
포천,2025,2,2025-02,15,경기도,포천시,CGV포천,1015,포천 2025_02.csv,문화관광,공연시설
포천,2025,2,2025-02,16,경기도,포천시,푸른솔GC포천,969,포천 2025_02.csv,레저스포츠,육상레저스포츠
포천,2025,2,2025-02,17,경기도,포천시,포천힐스CC,911,포천 2025_02.csv,레저스포츠,육상레저스포츠
포천,2025,2,2025-02,18,경기도,포천시,일동레이크GC,849,포천 2025_02.csv,레저스포츠,육상레저스포츠
포천,2025,2,2025-02,19,경기도,포천시,샴발라CC,848,포천 2025_02.csv,레저스포츠,육상레저스포츠
포천,2025,2,2025-02,20,경기도,포천시,호국금강사,822,포천 2025_02.csv,역사관광,종교성지
포천,2025,2,2025-02,21,경기도,포천시,포천힐마루CC,735,포천 2025_02.csv,레저스포츠,육상레저스포츠
포천,2025,2,2025-02,22,경기도,포천시,산사원,686,포천 2025_02.csv,문화관광,전시시설
포천,2025,2,2025-02,23,경기도,포천시,백운계곡,673,포천 2025_02.csv,자연관광,자연경관(산)
포천,2025,2,2025-02,24,경기도,포천시,포천백운계곡동장군축제,671,포천 2025_02.csv,문화관광,기타문화관광지
포천,2025,2,2025-02,25,경기도,포천시,포천한탄강하늘다리,655,포천 2025_02.csv,기타관광,기타관광
포천,2025,2,2025-02,26,경기도,포천시,참밸리컨트리클럽,642,포천 2025_02.csv,레저스포츠,육상레저스포츠
포천,2025,2,2025-02,27,경기도,포천시,몽베르CC,621,포천 2025_02.csv,레저스포츠,육상레저스포츠
포천,2025,2,2025-02,28,경기도,포천시,축석고개,619,포천 2025_02.csv,자연관광,자연경관(산)
포천,2025,2,2025-02,29,경기도,포천시,주파크,596,포천 2025_02.csv,문화관광,테마공원
포천,2025,2,2025-02,30,경기도,포천시,포천시외버스터미널,593,포천 2025_02.csv,기타관광,교통시설
포천,2025,2,2025-02,31,경기도,포천시,아트밸리1999,591,포천 2025_02.csv,문화관광,테마공원
포천,2025,2,2025-02,32,경기도,포천시,라싸GC,576,포천 2025_02.csv,레저스포츠,육상레저스포츠
포천,2025,2,2025-02,33,경기도,포천시,포천반월아트홀,556,포천 2025_02.csv,문화관광,공연시설
포천,2025,2,2025-02,34,경기도,포천시,베어스타운스키장휴업,551,포천 2025_02.csv,레저스포츠,육상레저스포츠
포천,2025,2,2025-02,35,경기도,포천시,포천5일장,444,포천 2025_02.csv,쇼핑,시장
포천,2025,2,2025-02,36,경기도,포천시,한화리조트산정호수온천,439,포천 2025_02.csv,체험관광,웰니스관광
포천,2025,2,2025-02,37,경기도,포천시,운악산자연휴양림,390,포천 2025_02.csv,자연관광,자연공원
포천,2025,2,2025-02,38,경기도,포천시,아딸농원,376,포천 2025_02.csv,체험관광,농/산/어촌체험
포천,2025,2,2025-02,39,경기도,포천시,필로스GC,371,포천 2025_02.csv,레저스포츠,육상레저스포츠
포천,2025,2,2025-02,40,경기도,포천시,한탄강지질공원센터,353,포천 2025_02.csv,문화관광,전시시설
포천,2025,2,2025-02,41,경기도,포천시,도성사,345,포천 2025_02.csv,역사관광,종교성지
포천,2025,2,2025-02,42,경기도,포천시,천보산자연휴양림,320,포천 2025_02.csv,자연관광,자연공원
포천,2025,2,2025-02,43,경기도,포천시,소흘생활체육공원,284,포천 2025_02.csv,문화관광,도시공원
포천,2025,2,2025-02,44,경기도,포천시,한탄강주상절리길1코스,274,포천 2025_02.csv,레저스포츠,기타레저스포츠
포천,2025,2,2025-02,45,경기도,포천시,서운동산,227,포천 2025_02.csv,문화관광,복합관광시설
포천,2025,2,2025-02,46,경기도,포천시,수목원고모호수공원,221,포천 2025_02.csv,문화관광,도시공원
포천,2025,2,2025-02,47,경기도,포천시,가농바이오농장,206,포천 2025_02.csv,체험관광,농/산/어촌체험
포천,2025,2,2025-02,48,경기도,포천시,밤밭낚시터,183,포천 2025_02.csv,레저스포츠,수상레저스포츠
포천,2025,2,2025-02,49,경기도,포천시,가산저수지,171,포천 2025_02.csv,자연관광,자연경관(하천/해양)
포천,2025,2,2025-02,50,경기도,포천시,깊이울유원지,166,포천 2025_02.csv,문화관광,복합관광시설
포천,2025,2,2025-02,51,경기도,포천시,포천수원산정상전망대,162,포천 2025_02.csv,문화관광,랜드마크관광
포천,2025,2,2025-02,52,경기도,포천시,포천아도니스퍼블릭CC,148,포천 2025_02.csv,레저스포츠,육상레저스포츠
포천,2025,2,2025-02,52,경기도,포천시,포천가구공단,148,포천 2025_02.csv,쇼핑,기타쇼핑시설
포천,2025,2,2025-02,52,경기도,포천시,어메이징파크,148,포천 2025_02.csv,문화관광,전시시설
포천,2025,2,2025-02,55,경기도,포천시,포천염광수련원,139,포천 2025_02.csv,레저스포츠,육상레저스포츠
포천,2025,2,2025-02,56,경기도,포천시,동교낚시터,138,포천 2025_02.csv,레저스포츠,수상레저스포츠
포천,2025,2,2025-02,57,경기도,포천시,왕산사,135,포천 2025_02.csv,역사관광,종교성지
포천,2025,2,2025-02,58,경기도,포천시,구담사,125,포천 2025_02.csv,역사관광,종교성지
포천,2025,2,2025-02,59,경기도,포천시,평강랜드,123,포천 2025_02.csv,문화관광,테마공원
포천,2025,2,2025-02,60,경기도,포천시,청성역사공원,122,포천 2025_02.csv,문화관광,도시공원
포천,2025,2,2025-02,61,경기도,포천시,낭만닥터김사부촬영지,120,포천 2025_02.csv,문화관광,기타문화관광지
포천,2025,2,2025-02,62,경기도,포천시,포천스포츠센터,119,포천 2025_02.csv,레저스포츠,기타레저스포츠
포천,2025,2,2025-02,63,경기도,포천시,포천화적연,118,포천 2025_02.csv,자연관광,자연경관(하천/해양)
포천,2025,2,2025-02,64,경기도,포천시,송우공설시장,117,포천 2025_02.csv,쇼핑,시장
포천,2025,2,2025-02,65,경기도,포천시,운천재래시장,116,포천 2025_02.csv,쇼핑,시장
포천,2025,2,2025-02,66,경기도,포천시,아프리카예술박물관,112,포천 2025_02.csv,문화관광,전시시설
포천,2025,2,2025-02,67,경기도,포천시,내촌낚시터,104,포천 2025_02.csv,레저스포츠,수상레저스포츠
포천,2025,2,2025-02,68,경기도,포천시,락가든GC,103,포천 2025_02.csv,레저스포츠,육상레저스포츠
포천,2025,2,2025-02,69,경기도,포천시,가람누리문화공원전망대,91,포천 2025_02.csv,문화관광,랜드마크관광
포천,2025,2,2025-02,70,경기도,포천시,포천패션타운,87,포천 2025_02.csv,쇼핑,쇼핑몰
포천,2025,2,2025-02,71,경기도,포천시,황금프라자,83,포천 2025_02.csv,쇼핑,쇼핑몰
포천,2025,2,2025-02,72,경기도,포천시,설운체육공원,79,포천 2025_02.csv,문화관광,도시공원
포천,2025,2,2025-02,72,경기도,포천시,광릉수목원자동차극장,79,포천 2025_02.csv,문화관광,공연시설
포천,2025,2,2025-02,74,경기도,포천시,가산낚시터,76,포천 2025_02.csv,레저스포츠,수상레저스포츠
포천,2025,2,2025-02,75,경기도,포천시,쌍방죽낚시터,73,포천 2025_02.csv,레저스포츠,수상레저스포츠
포천,2025,2,2025-02,76,경기도,포천시,산정호수조각공원,71,포천 2025_02.csv,문화관광,도시공원
포천,2025,2,2025-02,76,경기도,포천시,자인사,71,포천 2025_02.csv,역사관광,종교성지
포천,2025,2,2025-02,78,경기도,포천시,초원낚시터,70,포천 2025_02.csv,레저스포츠,수상레저스포츠
포천,2025,2,2025-02,78,경기도,포천시,포천아트밸리천문과학관,70,포천 2025_02.csv,문화관광,전시시설
포천,2025,2,2025-02,80,경기도,포천시,청계지,69,포천 2025_02.csv,자연관광,자연경관(하천/해양)
포천,2025,2,2025-02,80,경기도,포천시,동교하우스낚시터,69,포천 2025_02.csv,레저스포츠,수상레저스포츠
포천,2025,2,2025-02,82,경기도,포천시,백운계곡유원지,67,포천 2025_02.csv,문화관광,복합관광시설
포천,2025,2,2025-02,83,경기도,포천시,코버월드,65,포천 2025_02.csv,문화관광,전시시설
포천,2025,2,2025-02,84,경기도,포천시,신읍동도시재생어울림센터2,64,포천 2025_02.csv,문화관광,기타문화관광지
포천,2025,2,2025-02,85,경기도,포천시,포천신읍시장,63,포천 2025_02.csv,쇼핑,시장
포천,2025,2,2025-02,86,경기도,포천시,금주저수지,62,포천 2025_02.csv,자연관광,자연경관(하천/해양)
포천,2025,2,2025-02,87,경기도,포천시,한탄강생태경관단지,53,포천 2025_02.csv,기타관광,기타관광
포천,2025,2,2025-02,88,경기도,포천시,포천축구공원,51,포천 2025_02.csv,문화관광,도시공원
포천,2025,2,2025-02,89,경기도,포천시,길명낚시공원,50,포천 2025_02.csv,레저스포츠,수상레저스포츠
포천,2025,2,2025-02,89,경기도,포천시,직두리낚시터,50,포천 2025_02.csv,레저스포츠,수상레저스포츠
포천,2025,2,2025-02,91,경기도,포천시,광암이벽유적지,49,포천 2025_02.csv,역사관광,역사유적지
포천,2025,2,2025-02,92,경기도,포천시,화현이벽성지,45,포천 2025_02.csv,역사관광,역사유적지
포천,2025,2,2025-02,92,경기도,포천시,갈월버섯농장,45,포천 2025_02.csv,체험관광,농/산/어촌체험
포천,2025,2,2025-02,92,경기도,포천시,나남수목원,45,포천 2025_02.csv,자연관광,자연공원
포천,2025,2,2025-02,95,경기도,포천시,화엄사,44,포천 2025_02.csv,역사관광,종교성지
포천,2025,2,2025-02,95,경기도,포천시,자비사,44,포천 2025_02.csv,역사관광,종교성지
포천,2025,2,2025-02,95,경기도,포천시,백운낚시터,44,포천 2025_02.csv,레저스포츠,수상레저스포츠
포천,2025,2,2025-02,95,경기도,포천시,포천야구장,44,포천 2025_02.csv,문화관광,레저스포츠시설
포천,2025,2,2025-02,99,경기도,포천시,태국군참전비,39,포천 2025_02.csv,역사관광,역사유물
포천,2025,2,2025-02,99,경기도,포천시,천주사,39,포천 2025_02.csv,역사관광,종교성지
포천,2025,2,2025-02,101,경기도,포천시,포천종합운동장보조구장,38,포천 2025_02.csv,문화관광,레저스포츠시설
포천,2025,2,2025-02,102,경기도,포천시,냉정저수지,37,포천 2025_02.csv,자연관광,자연경관(하천/해양)
포천,2025,2,2025-02,102,경기도,포천시,클라우드시네마,37,포천 2025_02.csv,문화관광,공연시설
포천,2025,2,2025-02,104,경기도,포천시,약천사,31,포천 2025_02.csv,역사관광,종교성지
포천,2025,2,2025-02,104,경기도,포천시,청한베이스볼파크,31,포천 2025_02.csv,문화관광,레저스포츠시설
포천,2025,2,2025-02,104,경기도,포천시,천해사,31,포천 2025_02.csv,역사관광,종교성지
포천,2025,2,2025-02,107,경기도,포천시,관음사,30,포천 2025_02.csv,역사관광,종교성지
포천,2025,2,2025-02,107,경기도,포천시,미트빌연합사업단,30,포천 2025_02.csv,쇼핑,시장
포천,2025,2,2025-02,109,경기도,포천시,어하고개,24,포천 2025_02.csv,자연관광,자연경관(산)
포천,2025,2,2025-02,110,경기도,포천시,보문정사,22,포천 2025_02.csv,역사관광,종교성지
포천,2025,2,2025-02,110,경기도,포천시,국망봉자연휴양림,22,포천 2025_02.csv,자연관광,자연공원
포천,2025,2,2025-02,110,경기도,포천시,포천체육공원,22,포천 2025_02.csv,문화관광,도시공원
포천,2025,2,2025-02,113,경기도,포천시,흥룡사,21,포천 2025_02.csv,역사관광,종교성지
포천,2025,2,2025-02,114,경기도,포천시,멍우리협곡,20,포천 2025_02.csv,자연관광,자연경관(산)
포천,2025,2,2025-02,114,경기도,포천시,일동시장,20,포천 2025_02.csv,쇼핑,시장
포천,2025,2,2025-02,114,경기도,포천시,키즈필포천송우점,20,포천 2025_02.csv,문화관광,테마공원
포천,2025,2,2025-02,114,경기도,포천시,산정랜드,20,포천 2025_02.csv,문화관광,복합관광시설
포천,2025,2,2025-02,118,경기도,포천시,황새목낚시터,19,포천 2025_02.csv,레저스포츠,수상레저스포츠
포천,2025,2,2025-02,119,경기도,포천시,미륵사,18,포천 2025_02.csv,역사관광,종교성지
포천,2025,2,2025-02,119,경기도,포천시,산정리조트눈썰매장,18,포천 2025_02.csv,레저스포츠,육상레저스포츠
포천,2025,2,2025-02,119,경기도,포천시,무림사,18,포천 2025_02.csv,역사관광,종교성지
포천,2025,2,2025-02,122,경기도,포천시,금주낚시터,17,포천 2025_02.csv,레저스포츠,수상레저스포츠
포천,2025,2,2025-02,122,경기도,포천시,극락사,17,포천 2025_02.csv,역사관광,종교성지
포천,2025,2,2025-02,122,경기도,포천시,미륵박물관,17,포천 2025_02.csv,문화관광,전시시설
포천,2025,2,2025-02,122,경기도,포천시,허브아일랜드불빛동화축제,17,포천 2025_02.csv,문화관광,기타문화관광지
포천,2025,2,2025-02,126,경기도,포천시,백운산,16,포천 2025_02.csv,자연관광,자연경관(산)
포천,2025,2,2025-02,127,경기도,포천시,에덴농장,15,포천 2025_02.csv,체험관광,농/산/어촌체험
포천,2025,2,2025-02,127,경기도,포천시,Y스포츠센터,15,포천 2025_02.csv,레저스포츠,기타레저스포츠
포천,2025,2,2025-02,127,경기도,포천시,가온농장,15,포천 2025_02.csv,체험관광,농/산/어촌체험
포천,2025,2,2025-02,130,경기도,포천시,포천38문화예술창작소공사중(2025년 개관예정),14,포천 2025_02.csv,문화관광,기타문화관광지
포천,2025,2,2025-02,130,경기도,포천시,소흘생활체육공원제2축구장,14,포천 2025_02.csv,문화관광,레저스포츠시설
포천,2025,2,2025-02,132,경기도,포천시,마전낚시터,13,포천 2025_02.csv,레저스포츠,수상레저스포츠
포천,2025,2,2025-02,132,경기도,포천시,이항복선생묘,13,포천 2025_02.csv,역사관광,역사유적지
포천,2025,2,2025-02,134,경기도,포천시,초계목장,12,포천 2025_02.csv,체험관광,농/산/어촌체험
포천,2025,2,2025-02,134,경기도,포천시,한과문화박물관,12,포천 2025_02.csv,문화관광,전시시설
포천,2025,2,2025-02,134,경기도,포천시,법왕사,12,포천 2025_02.csv,역사관광,종교성지
포천,2025,2,2025-02,134,경기도,포천시,송광사,12,포천 2025_02.csv,역사관광,종교성지
포천,2025,2,2025-02,134,경기도,포천시,천주호,12,포천 2025_02.csv,자연관광,자연경관(하천/해양)
포천,2025,2,2025-02,139,경기도,포천시,산안고개,11,포천 2025_02.csv,자연관광,자연경관(산)
포천,2025,2,2025-02,139,경기도,포천시,금룡사,11,포천 2025_02.csv,역사관광,종교성지
포천,2025,2,2025-02,139,경기도,포천시,송일농장,11,포천 2025_02.csv,체험관광,농/산/어촌체험
포천,2025,2,2025-02,142,경기도,포천시,아침햇살청소년수련원휴업중(2025년04월 오픈예정),10,포천 2025_02.csv,레저스포츠,육상레저스포츠
포천,2025,2,2025-02,142,경기도,포천시,건플레이,10,포천 2025_02.csv,레저스포츠,기타레저스포츠
포천,2025,2,2025-02,142,경기도,포천시,레이크밸리 승마클럽,10,포천 2025_02.csv,레저스포츠,기타레저스포츠
포천,2025,2,2025-02,142,경기도,포천시,한탄강팔호유원지,10,포천 2025_02.csv,문화관광,복합관광시설
포천,2025,2,2025-02,142,경기도,포천시,성불암,10,포천 2025_02.csv,역사관광,종교성지
포천,2025,2,2025-02,142,경기도,포천시,황금낚시터,10,포천 2025_02.csv,레저스포츠,수상레저스포츠
포천,2025,2,2025-02,142,경기도,포천시,대안사,10,포천 2025_02.csv,역사관광,종교성지
포천,2025,2,2025-02,149,경기도,포천시,기원정사,9,포천 2025_02.csv,역사관광,종교성지
포천,2025,2,2025-02,149,경기도,포천시,한탄강주상절리길2코스,9,포천 2025_02.csv,레저스포츠,기타레저스포츠
포천,2025,2,2025-02,149,경기도,포천시,채소한의식탁,9,포천 2025_02.csv,체험관광,농/산/어촌체험
포천,2025,2,2025-02,149,경기도,포천시,충목단,9,포천 2025_02.csv,역사관광,역사유적지
포천,2025,2,2025-02,149,경기도,포천시,도리돌문화교류센터,9,포천 2025_02.csv,레저스포츠,기타레저스포츠
포천,2025,2,2025-02,149,경기도,포천시,태산낚시터,9,포천 2025_02.csv,레저스포츠,수상레저스포츠
포천,2025,2,2025-02,149,경기도,포천시,금불사,9,포천 2025_02.csv,역사관광,종교성지
포천,2025,2,2025-02,149,경기도,포천시,포천하늘아래치유의숲,9,포천 2025_02.csv,기타관광,기타관광
포천,2025,2,2025-02,157,경기도,포천시,무상사,8,포천 2025_02.csv,역사관광,종교성지
포천,2025,2,2025-02,157,경기도,포천시,신북메가필드,8,포천 2025_02.csv,레저스포츠,육상레저스포츠
포천,2025,2,2025-02,157,경기도,포천시,각흘산,8,포천 2025_02.csv,자연관광,자연경관(산)
포천,2025,2,2025-02,160,경기도,포천시,한탄강주상절리길3코스,7,포천 2025_02.csv,레저스포츠,기타레저스포츠
포천,2025,2,2025-02,160,경기도,포천시,용연서원,7,포천 2025_02.csv,역사관광,역사유적지
포천,2025,2,2025-02,160,경기도,포천시,깊이울저수지,7,포천 2025_02.csv,자연관광,자연경관(하천/해양)
포천,2025,2,2025-02,160,경기도,포천시,선광사,7,포천 2025_02.csv,역사관광,종교성지
포천,2025,2,2025-02,160,경기도,포천시,천은사,7,포천 2025_02.csv,역사관광,종교성지
포천,2025,2,2025-02,160,경기도,포천시,육사생도6.25참전기념비,7,포천 2025_02.csv,역사관광,역사유물
포천,2025,2,2025-02,166,경기도,포천시,아라리농장,6,포천 2025_02.csv,체험관광,농/산/어촌체험
포천,2025,2,2025-02,166,경기도,포천시,실상선원,6,포천 2025_02.csv,역사관광,종교성지
포천,2025,2,2025-02,166,경기도,포천시,국립산림박물관,6,포천 2025_02.csv,문화관광,전시시설
포천,2025,2,2025-02,166,경기도,포천시,호스랜드승마클럽,6,포천 2025_02.csv,레저스포츠,육상레저스포츠
포천,2025,2,2025-02,166,경기도,포천시,마홀축구장,6,포천 2025_02.csv,문화관광,레저스포츠시설
포천,2025,2,2025-02,166,경기도,포천시,소흘생활체육공원제1축구장,6,포천 2025_02.csv,문화관광,레저스포츠시설
포천,2025,2,2025-02,166,경기도,포천시,포천향교,6,포천 2025_02.csv,역사관광,역사유적지
포천,2025,2,2025-02,166,경기도,포천시,중리저수지,6,포천 2025_02.csv,자연관광,자연경관(하천/해양)
포천,2025,2,2025-02,166,경기도,포천시,도평리터미널,6,포천 2025_02.csv,기타관광,교통시설
포천,2025,2,2025-02,166,경기도,포천시,가보리농원,6,포천 2025_02.csv,체험관광,농/산/어촌체험
포천,2025,2,2025-02,166,경기도,포천시,성불사,6,포천 2025_02.csv,역사관광,종교성지
포천,2025,2,2025-02,177,경기도,포천시,관인문화마을,5,포천 2025_02.csv,기타관광,기타관광
포천,2025,2,2025-02,177,경기도,포천시,이동생태공원,5,포천 2025_02.csv,문화관광,도시공원
포천,2025,2,2025-02,179,경기도,포천시,한탄강주상절리길4코스,4,포천 2025_02.csv,레저스포츠,기타레저스포츠
포천,2025,2,2025-02,179,경기도,포천시,포천소민농장,4,포천 2025_02.csv,체험관광,농/산/어촌체험
포천,2025,2,2025-02,179,경기도,포천시,일동문화예술창고,4,포천 2025_02.csv,문화관광,기타문화관광지
포천,2025,2,2025-02,179,경기도,포천시,천궁사,4,포천 2025_02.csv,역사관광,종교성지
포천,2025,2,2025-02,179,경기도,포천시,인평대군묘및신도비,4,포천 2025_02.csv,역사관광,역사유적지
포천,2025,2,2025-02,179,경기도,포천시,수목원프로방스,4,포천 2025_02.csv,자연관광,자연공원
포천,2025,2,2025-02,179,경기도,포천시,산정호수관광단지,4,포천 2025_02.csv,문화관광,복합관광시설
포천,2025,2,2025-02,179,경기도,포천시,포천반월성,4,포천 2025_02.csv,역사관광,역사유적지
포천,2025,2,2025-02,179,경기도,포천시,서운동산어린이동물농장,4,포천 2025_02.csv,기타관광,기타관광
포천,2025,2,2025-02,179,경기도,포천시,하심곡,4,포천 2025_02.csv,자연관광,자연경관(하천/해양)
포천,2025,2,2025-02,179,경기도,포천시,한탄강야생화공원,4,포천 2025_02.csv,문화관광,도시공원
포천,2025,2,2025-02,179,경기도,포천시,포천운산리자연생태공원,4,포천 2025_02.csv,문화관광,도시공원
포천,2025,2,2025-02,179,경기도,포천시,국봉사,4,포천 2025_02.csv,역사관광,종교성지
포천,2025,2,2025-02,179,경기도,포천시,서광사,4,포천 2025_02.csv,역사관광,종교성지
포천,2025,2,2025-02,193,경기도,포천시,한탄강주상절리길5코스,3,포천 2025_02.csv,레저스포츠,기타레저스포츠
포천,2025,2,2025-02,193,경기도,포천시,밤밭실내장어낚시터,3,포천 2025_02.csv,레저스포츠,수상레저스포츠
포천,2025,2,2025-02,193,경기도,포천시,소리농장,3,포천 2025_02.csv,체험관광,농/산/어촌체험
포천,2025,2,2025-02,193,경기도,포천시,프로방스빌리지수영장,3,포천 2025_02.csv,문화관광,테마공원
포천,2025,2,2025-02,193,경기도,포천시,잇빛천연염색체험학습장,3,포천 2025_02.csv,체험관광,공예체험
포천,2025,2,2025-02,193,경기도,포천시,영산사,3,포천 2025_02.csv,역사관광,종교성지
포천,2025,2,2025-02,193,경기도,포천시,화요공방,3,포천 2025_02.csv,체험관광,공예체험
포천,2025,2,2025-02,193,경기도,포천시,교동사과농장,3,포천 2025_02.csv,체험관광,농/산/어촌체험
포천,2025,2,2025-02,193,경기도,포천시,마전저수지,3,포천 2025_02.csv,자연관광,자연경관(하천/해양)
포천,2025,2,2025-02,193,경기도,포천시,포천음악창작소,3,포천 2025_02.csv,문화관광,기타문화관광지
포천,2025,2,2025-02,193,경기도,포천시,명진농장,3,포천 2025_02.csv,체험관광,농/산/어촌체험
포천,2025,2,2025-02,193,경기도,포천시,털보낚시터,3,포천 2025_02.csv,레저스포츠,수상레저스포츠
포천,2025,2,2025-02,193,경기도,포천시,명성산억새밭,3,포천 2025_02.csv,기타관광,기타관광
포천,2025,2,2025-02,193,경기도,포천시,베어스타운CC휴업,3,포천 2025_02.csv,레저스포츠,육상레저스포츠
포천,2025,2,2025-02,193,경기도,포천시,본선사,3,포천 2025_02.csv,역사관광,종교성지
포천,2025,2,2025-02,193,경기도,포천시,명성산,3,포천 2025_02.csv,자연관광,자연경관(산)
포천,2025,2,2025-02,193,경기도,포천시,태봉공원,3,포천 2025_02.csv,문화관광,도시공원
포천,2025,2,2025-02,193,경기도,포천시,솔모루공원,3,포천 2025_02.csv,문화관광,도시공원
포천,2025,2,2025-02,193,경기도,포천시,베어스타운스노우타운눈썰매장,3,포천 2025_02.csv,레저스포츠,육상레저스포츠
포천,2025,2,2025-02,193,경기도,포천시,운천공설시장,3,포천 2025_02.csv,쇼핑,시장
포천,2025,2,2025-02,193,경기도,포천시,수원사,3,포천 2025_02.csv,역사관광,종교성지
포천,2025,2,2025-02,193,경기도,포천시,용화사,3,포천 2025_02.csv,역사관광,종교성지
포천,2025,2,2025-02,193,경기도,포천시,새마을낚시터,3,포천 2025_02.csv,레저스포츠,수상레저스포츠
포천,2025,2,2025-02,193,경기도,포천시,직동낚시터,3,포천 2025_02.csv,레저스포츠,수상레저스포츠
포천,2025,2,2025-02,193,경기도,포천시,지장산계곡,3,포천 2025_02.csv,자연관광,자연경관(산)
포천,2025,2,2025-02,193,경기도,포천시,청산버섯농장,3,포천 2025_02.csv,체험관광,농/산/어촌체험
포천,2025,2,2025-02,193,경기도,포천시,금수정,3,포천 2025_02.csv,역사관광,역사유적지
포천,2025,2,2025-02,193,경기도,포천시,왕방산,3,포천 2025_02.csv,자연관광,자연경관(산)
포천,2025,2,2025-02,193,경기도,포천시,만미사,3,포천 2025_02.csv,역사관광,종교성지
포천,2025,2,2025-02,193,경기도,포천시,명산저수지,3,포천 2025_02.csv,자연관광,자연경관(하천/해양)
포천,2025,2,2025-02,193,경기도,포천시,백운계곡국민관광지,3,포천 2025_02.csv,문화관광,복합관광시설
포천,2025,2,2025-02,193,경기도,포천시,대한불교조계종정변지사,3,포천 2025_02.csv,역사관광,종교성지
포천,2025,2,2025-02,193,경기도,포천시,승법사,3,포천 2025_02.csv,역사관광,종교성지
포천,2025,2,2025-02,193,경기도,포천시,화현저수지,3,포천 2025_02.csv,자연관광,자연경관(하천/해양)
포천,2025,2,2025-02,193,경기도,포천시,황제다육식물농장,3,포천 2025_02.csv,체험관광,농/산/어촌체험
포천,2025,2,2025-02,193,경기도,포천시,향림사,3,포천 2025_02.csv,역사관광,종교성지
포천,2025,2,2025-02,193,경기도,포천시,청농원,3,포천 2025_02.csv,체험관광,농/산/어촌체험
포천,2025,2,2025-02,193,경기도,포천시,교동가마소,3,포천 2025_02.csv,기타관광,기타관광
포천,2025,2,2025-02,193,경기도,포천시,제일베리,3,포천 2025_02.csv,체험관광,농/산/어촌체험
포천,2025,2,2025-02,193,경기도,포천시,보광사,3,포천 2025_02.csv,역사관광,종교성지
포천,2025,2,2025-02,193,경기도,포천시,향원재,3,포천 2025_02.csv,역사관광,역사유적지
포천,2025,3,2025-03,1,경기도,포천시,베어크리크GC,7488,포천 2025_03.csv,레저스포츠,육상레저스포츠
포천,2025,3,2025-03,2,경기도,포천시,산정호수,7038,포천 2025_03.csv,자연관광,자연경관(하천/해양)
포천,2025,3,2025-03,3,경기도,포천시,국립수목원,6754,포천 2025_03.csv,문화관광,테마공원
포천,2025,3,2025-03,4,경기도,포천시,푸른솔GC포천,4992,포천 2025_03.csv,레저스포츠,육상레저스포츠
포천,2025,3,2025-03,5,경기도,포천시,포레스트힐CC,4787,포천 2025_03.csv,레저스포츠,육상레저스포츠
포천,2025,3,2025-03,6,경기도,포천시,고모저수지,4779,포천 2025_03.csv,자연관광,자연경관(하천/해양)
포천,2025,3,2025-03,7,경기도,포천시,포천힐마루CC,4566,포천 2025_03.csv,레저스포츠,육상레저스포츠
포천,2025,3,2025-03,8,경기도,포천시,포천아트밸리,4520,포천 2025_03.csv,문화관광,공연시설
포천,2025,3,2025-03,9,경기도,포천시,포천힐스CC,4489,포천 2025_03.csv,레저스포츠,육상레저스포츠
포천,2025,3,2025-03,10,경기도,포천시,라싸GC,4383,포천 2025_03.csv,레저스포츠,육상레저스포츠
포천,2025,3,2025-03,11,경기도,포천시,포천아도니스CC,4050,포천 2025_03.csv,레저스포츠,육상레저스포츠
포천,2025,3,2025-03,12,경기도,포천시,필로스GC,3980,포천 2025_03.csv,레저스포츠,육상레저스포츠
포천,2025,3,2025-03,13,경기도,포천시,몽베르CC,3639,포천 2025_03.csv,레저스포츠,육상레저스포츠
포천,2025,3,2025-03,14,경기도,포천시,일동시외버스터미널,3196,포천 2025_03.csv,기타관광,교통시설
포천,2025,3,2025-03,15,경기도,포천시,허브아일랜드,2980,포천 2025_03.csv,체험관광,농/산/어촌체험
포천,2025,3,2025-03,16,경기도,포천시,신북온천스프링폴,2758,포천 2025_03.csv,체험관광,웰니스관광
포천,2025,3,2025-03,17,경기도,포천시,샴발라CC,2686,포천 2025_03.csv,레저스포츠,육상레저스포츠
포천,2025,3,2025-03,18,경기도,포천시,제일유황온천,2644,포천 2025_03.csv,체험관광,웰니스관광
포천,2025,3,2025-03,19,경기도,포천시,한탄강Y자출렁다리,2538,포천 2025_03.csv,기타관광,기타관광
포천,2025,3,2025-03,20,경기도,포천시,일동레이크GC,2535,포천 2025_03.csv,레저스포츠,육상레저스포츠
포천,2025,3,2025-03,21,경기도,포천시,참밸리컨트리클럽,2477,포천 2025_03.csv,레저스포츠,육상레저스포츠
포천,2025,3,2025-03,22,경기도,포천시,비둘기낭폭포,2104,포천 2025_03.csv,자연관광,자연경관(산)
포천,2025,3,2025-03,23,경기도,포천시,송우시외버스터미널,1290,포천 2025_03.csv,기타관광,교통시설
포천,2025,3,2025-03,24,경기도,포천시,포천한탄강하늘다리,1172,포천 2025_03.csv,기타관광,기타관광
포천,2025,3,2025-03,25,경기도,포천시,CGV포천,1033,포천 2025_03.csv,문화관광,공연시설
포천,2025,3,2025-03,26,경기도,포천시,백운계곡,909,포천 2025_03.csv,자연관광,자연경관(산)
포천,2025,3,2025-03,27,경기도,포천시,포천5일장,890,포천 2025_03.csv,쇼핑,시장
포천,2025,3,2025-03,28,경기도,포천시,축석고개,816,포천 2025_03.csv,자연관광,자연경관(산)
포천,2025,3,2025-03,29,경기도,포천시,호국금강사,782,포천 2025_03.csv,역사관광,종교성지
포천,2025,3,2025-03,30,경기도,포천시,포천시외버스터미널,775,포천 2025_03.csv,기타관광,교통시설
포천,2025,3,2025-03,31,경기도,포천시,락가든GC,762,포천 2025_03.csv,레저스포츠,육상레저스포츠
포천,2025,3,2025-03,32,경기도,포천시,산사원,717,포천 2025_03.csv,문화관광,전시시설
포천,2025,3,2025-03,33,경기도,포천시,포천반월아트홀,665,포천 2025_03.csv,문화관광,공연시설
포천,2025,3,2025-03,34,경기도,포천시,포천아도니스퍼블릭CC,661,포천 2025_03.csv,레저스포츠,육상레저스포츠
포천,2025,3,2025-03,35,경기도,포천시,주파크,617,포천 2025_03.csv,문화관광,테마공원
포천,2025,3,2025-03,36,경기도,포천시,서운동산,571,포천 2025_03.csv,문화관광,복합관광시설
포천,2025,3,2025-03,37,경기도,포천시,한탄강주상절리길1코스,563,포천 2025_03.csv,레저스포츠,기타레저스포츠
포천,2025,3,2025-03,38,경기도,포천시,베어스타운스키장휴업,555,포천 2025_03.csv,레저스포츠,육상레저스포츠
포천,2025,3,2025-03,39,경기도,포천시,운악산자연휴양림,526,포천 2025_03.csv,자연관광,자연공원
포천,2025,3,2025-03,40,경기도,포천시,아트밸리1999,520,포천 2025_03.csv,문화관광,테마공원
포천,2025,3,2025-03,41,경기도,포천시,한탄강지질공원센터,497,포천 2025_03.csv,문화관광,전시시설
포천,2025,3,2025-03,42,경기도,포천시,수목원고모호수공원,446,포천 2025_03.csv,문화관광,도시공원
포천,2025,3,2025-03,43,경기도,포천시,아딸농원,419,포천 2025_03.csv,체험관광,농/산/어촌체험
포천,2025,3,2025-03,44,경기도,포천시,도성사,395,포천 2025_03.csv,역사관광,종교성지
포천,2025,3,2025-03,45,경기도,포천시,마전낚시터,388,포천 2025_03.csv,레저스포츠,수상레저스포츠
포천,2025,3,2025-03,46,경기도,포천시,동교낚시터,379,포천 2025_03.csv,레저스포츠,수상레저스포츠
포천,2025,3,2025-03,47,경기도,포천시,밤밭낚시터,372,포천 2025_03.csv,레저스포츠,수상레저스포츠
포천,2025,3,2025-03,48,경기도,포천시,소흘생활체육공원,370,포천 2025_03.csv,문화관광,도시공원
포천,2025,3,2025-03,49,경기도,포천시,초원낚시터,369,포천 2025_03.csv,레저스포츠,수상레저스포츠
포천,2025,3,2025-03,50,경기도,포천시,가산저수지,335,포천 2025_03.csv,자연관광,자연경관(하천/해양)
포천,2025,3,2025-03,51,경기도,포천시,포천수원산정상전망대,333,포천 2025_03.csv,문화관광,랜드마크관광
포천,2025,3,2025-03,52,경기도,포천시,한화리조트산정호수온천,310,포천 2025_03.csv,체험관광,웰니스관광
포천,2025,3,2025-03,53,경기도,포천시,천보산자연휴양림,309,포천 2025_03.csv,자연관광,자연공원
포천,2025,3,2025-03,54,경기도,포천시,가산낚시터,298,포천 2025_03.csv,레저스포츠,수상레저스포츠
포천,2025,3,2025-03,55,경기도,포천시,쌍방죽낚시터,291,포천 2025_03.csv,레저스포츠,수상레저스포츠
포천,2025,3,2025-03,56,경기도,포천시,깊이울유원지,263,포천 2025_03.csv,문화관광,복합관광시설
포천,2025,3,2025-03,57,경기도,포천시,아프리카예술박물관,252,포천 2025_03.csv,문화관광,전시시설
포천,2025,3,2025-03,58,경기도,포천시,내촌낚시터,250,포천 2025_03.csv,레저스포츠,수상레저스포츠
포천,2025,3,2025-03,59,경기도,포천시,청성역사공원,234,포천 2025_03.csv,문화관광,도시공원
포천,2025,3,2025-03,59,경기도,포천시,포천야구장,234,포천 2025_03.csv,문화관광,레저스포츠시설
포천,2025,3,2025-03,61,경기도,포천시,직두리낚시터,226,포천 2025_03.csv,레저스포츠,수상레저스포츠
포천,2025,3,2025-03,62,경기도,포천시,포천화적연,214,포천 2025_03.csv,자연관광,자연경관(하천/해양)
포천,2025,3,2025-03,63,경기도,포천시,포천가구공단,207,포천 2025_03.csv,쇼핑,기타쇼핑시설
포천,2025,3,2025-03,64,경기도,포천시,평강랜드,198,포천 2025_03.csv,문화관광,테마공원
포천,2025,3,2025-03,65,경기도,포천시,왕산사,179,포천 2025_03.csv,역사관광,종교성지
포천,2025,3,2025-03,65,경기도,포천시,어메이징파크,179,포천 2025_03.csv,문화관광,전시시설
포천,2025,3,2025-03,67,경기도,포천시,설운체육공원,178,포천 2025_03.csv,문화관광,도시공원
포천,2025,3,2025-03,68,경기도,포천시,가농바이오농장,173,포천 2025_03.csv,체험관광,농/산/어촌체험
포천,2025,3,2025-03,69,경기도,포천시,한탄강생태경관단지,166,포천 2025_03.csv,기타관광,기타관광
포천,2025,3,2025-03,70,경기도,포천시,송우공설시장,163,포천 2025_03.csv,쇼핑,시장
포천,2025,3,2025-03,71,경기도,포천시,운천재래시장,157,포천 2025_03.csv,쇼핑,시장
포천,2025,3,2025-03,72,경기도,포천시,포천스포츠센터,154,포천 2025_03.csv,레저스포츠,기타레저스포츠
포천,2025,3,2025-03,73,경기도,포천시,냉정저수지,148,포천 2025_03.csv,자연관광,자연경관(하천/해양)
포천,2025,3,2025-03,73,경기도,포천시,포천파크골프장,148,포천 2025_03.csv,레저스포츠,기타레저스포츠
포천,2025,3,2025-03,75,경기도,포천시,낭만닥터김사부촬영지,144,포천 2025_03.csv,문화관광,기타문화관광지
포천,2025,3,2025-03,76,경기도,포천시,포천신읍시장,139,포천 2025_03.csv,쇼핑,시장
포천,2025,3,2025-03,77,경기도,포천시,포천패션타운,137,포천 2025_03.csv,쇼핑,쇼핑몰
포천,2025,3,2025-03,78,경기도,포천시,청계지,129,포천 2025_03.csv,자연관광,자연경관(하천/해양)
포천,2025,3,2025-03,79,경기도,포천시,광릉수목원자동차극장,121,포천 2025_03.csv,문화관광,공연시설
포천,2025,3,2025-03,80,경기도,포천시,황금낚시터,116,포천 2025_03.csv,레저스포츠,수상레저스포츠
포천,2025,3,2025-03,81,경기도,포천시,포천체육공원,114,포천 2025_03.csv,문화관광,도시공원
포천,2025,3,2025-03,82,경기도,포천시,가람누리문화공원전망대,105,포천 2025_03.csv,문화관광,랜드마크관광
포천,2025,3,2025-03,83,경기도,포천시,금주저수지,97,포천 2025_03.csv,자연관광,자연경관(하천/해양)
포천,2025,3,2025-03,83,경기도,포천시,포천축구공원,97,포천 2025_03.csv,문화관광,도시공원
포천,2025,3,2025-03,85,경기도,포천시,구담사,95,포천 2025_03.csv,역사관광,종교성지
포천,2025,3,2025-03,86,경기도,포천시,새마을낚시터,93,포천 2025_03.csv,레저스포츠,수상레저스포츠
포천,2025,3,2025-03,87,경기도,포천시,산정호수조각공원,89,포천 2025_03.csv,문화관광,도시공원
포천,2025,3,2025-03,88,경기도,포천시,황금프라자,88,포천 2025_03.csv,쇼핑,쇼핑몰
포천,2025,3,2025-03,88,경기도,포천시,길명낚시공원,88,포천 2025_03.csv,레저스포츠,수상레저스포츠
포천,2025,3,2025-03,90,경기도,포천시,몽글몽글팜,82,포천 2025_03.csv,체험관광,농/산/어촌체험
포천,2025,3,2025-03,91,경기도,포천시,화현이벽성지,73,포천 2025_03.csv,역사관광,역사유적지
포천,2025,3,2025-03,92,경기도,포천시,황새목낚시터,71,포천 2025_03.csv,레저스포츠,수상레저스포츠
포천,2025,3,2025-03,92,경기도,포천시,백운계곡유원지,71,포천 2025_03.csv,문화관광,복합관광시설
포천,2025,3,2025-03,94,경기도,포천시,광암이벽유적지,70,포천 2025_03.csv,역사관광,역사유적지
포천,2025,3,2025-03,95,경기도,포천시,미륵사,66,포천 2025_03.csv,역사관광,종교성지
포천,2025,3,2025-03,96,경기도,포천시,용담대물낚시터,65,포천 2025_03.csv,레저스포츠,수상레저스포츠
포천,2025,3,2025-03,97,경기도,포천시,금주낚시터,62,포천 2025_03.csv,레저스포츠,수상레저스포츠
포천,2025,3,2025-03,98,경기도,포천시,아침햇살청소년수련원휴업중(2025년04월 오픈예정),60,포천 2025_03.csv,레저스포츠,육상레저스포츠
포천,2025,3,2025-03,99,경기도,포천시,화엄사,58,포천 2025_03.csv,역사관광,종교성지
포천,2025,3,2025-03,100,경기도,포천시,자인사,56,포천 2025_03.csv,역사관광,종교성지
포천,2025,3,2025-03,101,경기도,포천시,청계저수지수변공원,54,포천 2025_03.csv,문화관광,도시공원
포천,2025,3,2025-03,102,경기도,포천시,갈월버섯농장,52,포천 2025_03.csv,체험관광,농/산/어촌체험
포천,2025,3,2025-03,103,경기도,포천시,청한베이스볼파크,51,포천 2025_03.csv,문화관광,레저스포츠시설
포천,2025,3,2025-03,103,경기도,포천시,흥룡사,51,포천 2025_03.csv,역사관광,종교성지
포천,2025,3,2025-03,105,경기도,포천시,코버월드,48,포천 2025_03.csv,문화관광,전시시설
포천,2025,3,2025-03,106,경기도,포천시,미트빌연합사업단,47,포천 2025_03.csv,쇼핑,시장
포천,2025,3,2025-03,107,경기도,포천시,포천염광수련원,45,포천 2025_03.csv,레저스포츠,육상레저스포츠
포천,2025,3,2025-03,108,경기도,포천시,Y스포츠센터,42,포천 2025_03.csv,레저스포츠,기타레저스포츠
포천,2025,3,2025-03,109,경기도,포천시,포천아트밸리천문과학관,41,포천 2025_03.csv,문화관광,전시시설
포천,2025,3,2025-03,109,경기도,포천시,포천하늘아래치유의숲,41,포천 2025_03.csv,기타관광,기타관광
포천,2025,3,2025-03,111,경기도,포천시,자비사,40,포천 2025_03.csv,역사관광,종교성지
포천,2025,3,2025-03,112,경기도,포천시,마홀축구장,37,포천 2025_03.csv,문화관광,레저스포츠시설
포천,2025,3,2025-03,112,경기도,포천시,천해사,37,포천 2025_03.csv,역사관광,종교성지
포천,2025,3,2025-03,114,경기도,포천시,메향낚시터,36,포천 2025_03.csv,레저스포츠,수상레저스포츠
포천,2025,3,2025-03,114,경기도,포천시,클라우드시네마,36,포천 2025_03.csv,문화관광,공연시설
포천,2025,3,2025-03,116,경기도,포천시,국망봉자연휴양림,35,포천 2025_03.csv,자연관광,자연공원
포천,2025,3,2025-03,116,경기도,포천시,백운산,35,포천 2025_03.csv,자연관광,자연경관(산)
포천,2025,3,2025-03,116,경기도,포천시,일동시장,35,포천 2025_03.csv,쇼핑,시장
포천,2025,3,2025-03,116,경기도,포천시,천주호,35,포천 2025_03.csv,자연관광,자연경관(하천/해양)
포천,2025,3,2025-03,120,경기도,포천시,소흘생활체육공원제2축구장,34,포천 2025_03.csv,문화관광,레저스포츠시설
포천,2025,3,2025-03,120,경기도,포천시,나남수목원,34,포천 2025_03.csv,자연관광,자연공원
포천,2025,3,2025-03,120,경기도,포천시,멍우리협곡,34,포천 2025_03.csv,자연관광,자연경관(산)
포천,2025,3,2025-03,120,경기도,포천시,태국군참전비,34,포천 2025_03.csv,역사관광,역사유물
포천,2025,3,2025-03,124,경기도,포천시,백로주유원지,33,포천 2025_03.csv,문화관광,복합관광시설
포천,2025,3,2025-03,125,경기도,포천시,약천사,30,포천 2025_03.csv,역사관광,종교성지
포천,2025,3,2025-03,126,경기도,포천시,일동문화예술창고,28,포천 2025_03.csv,문화관광,기타문화관광지
포천,2025,3,2025-03,126,경기도,포천시,고일낚시터,28,포천 2025_03.csv,레저스포츠,수상레저스포츠
포천,2025,3,2025-03,128,경기도,포천시,한탄강주상절리길3코스,26,포천 2025_03.csv,레저스포츠,기타레저스포츠
포천,2025,3,2025-03,128,경기도,포천시,소흘생활체육공원인공암벽장,26,포천 2025_03.csv,레저스포츠,기타레저스포츠
포천,2025,3,2025-03,130,경기도,포천시,산정랜드,24,포천 2025_03.csv,문화관광,복합관광시설
포천,2025,3,2025-03,131,경기도,포천시,왕방산,22,포천 2025_03.csv,자연관광,자연경관(산)
포천,2025,3,2025-03,132,경기도,포천시,포천종합운동장보조구장,21,포천 2025_03.csv,문화관광,레저스포츠시설
포천,2025,3,2025-03,132,경기도,포천시,레이크밸리 승마클럽,21,포천 2025_03.csv,레저스포츠,기타레저스포츠
포천,2025,3,2025-03,134,경기도,포천시,어하고개,20,포천 2025_03.csv,자연관광,자연경관(산)
포천,2025,3,2025-03,134,경기도,포천시,보문정사,20,포천 2025_03.csv,역사관광,종교성지
포천,2025,3,2025-03,134,경기도,포천시,서운동산어린이동물농장,20,포천 2025_03.csv,기타관광,기타관광
포천,2025,3,2025-03,134,경기도,포천시,향림사,20,포천 2025_03.csv,역사관광,종교성지
포천,2025,3,2025-03,138,경기도,포천시,미륵박물관,19,포천 2025_03.csv,문화관광,전시시설
포천,2025,3,2025-03,138,경기도,포천시,제일베리,19,포천 2025_03.csv,체험관광,농/산/어촌체험
포천,2025,3,2025-03,140,경기도,포천시,관음사,18,포천 2025_03.csv,역사관광,종교성지
포천,2025,3,2025-03,140,경기도,포천시,한과문화박물관,18,포천 2025_03.csv,문화관광,전시시설
포천,2025,3,2025-03,140,경기도,포천시,동교하우스낚시터,18,포천 2025_03.csv,레저스포츠,수상레저스포츠
포천,2025,3,2025-03,140,경기도,포천시,키즈필포천송우점,18,포천 2025_03.csv,문화관광,테마공원
포천,2025,3,2025-03,144,경기도,포천시,광릉분재예술공원,17,포천 2025_03.csv,문화관광,도시공원
포천,2025,3,2025-03,144,경기도,포천시,한탄강팔호유원지,17,포천 2025_03.csv,문화관광,복합관광시설
포천,2025,3,2025-03,146,경기도,포천시,건플레이,16,포천 2025_03.csv,레저스포츠,기타레저스포츠
포천,2025,3,2025-03,146,경기도,포천시,양치식물전시원,16,포천 2025_03.csv,문화관광,테마공원
포천,2025,3,2025-03,146,경기도,포천시,법왕사,16,포천 2025_03.csv,역사관광,종교성지
포천,2025,3,2025-03,146,경기도,포천시,금룡사,16,포천 2025_03.csv,역사관광,종교성지
포천,2025,3,2025-03,146,경기도,포천시,천주사,16,포천 2025_03.csv,역사관광,종교성지
포천,2025,3,2025-03,151,경기도,포천시,신읍동도시재생어울림센터2,15,포천 2025_03.csv,문화관광,기타문화관광지
포천,2025,3,2025-03,151,경기도,포천시,충목단,15,포천 2025_03.csv,역사관광,역사유적지
포천,2025,3,2025-03,151,경기도,포천시,깊이울저수지,15,포천 2025_03.csv,자연관광,자연경관(하천/해양)
포천,2025,3,2025-03,151,경기도,포천시,소흘생활체육공원제1축구장,15,포천 2025_03.csv,문화관광,레저스포츠시설
포천,2025,3,2025-03,155,경기도,포천시,관인문화마을,14,포천 2025_03.csv,기타관광,기타관광
포천,2025,3,2025-03,156,경기도,포천시,에덴농장,13,포천 2025_03.csv,체험관광,농/산/어촌체험
포천,2025,3,2025-03,156,경기도,포천시,포천38문화예술창작소공사중(2025년 개관예정),13,포천 2025_03.csv,문화관광,기타문화관광지
포천,2025,3,2025-03,156,경기도,포천시,포천직두리의부부송,13,포천 2025_03.csv,역사관광,역사유적지
포천,2025,3,2025-03,156,경기도,포천시,수목원프로방스,13,포천 2025_03.csv,자연관광,자연공원
포천,2025,3,2025-03,156,경기도,포천시,국립산림박물관,13,포천 2025_03.csv,문화관광,전시시설
포천,2025,3,2025-03,156,경기도,포천시,중리저수지,13,포천 2025_03.csv,자연관광,자연경관(하천/해양)
포천,2025,3,2025-03,156,경기도,포천시,도평리터미널,13,포천 2025_03.csv,기타관광,교통시설
포천,2025,3,2025-03,156,경기도,포천시,허브아일랜드불빛동화축제,13,포천 2025_03.csv,문화관광,기타문화관광지
포천,2025,3,2025-03,164,경기도,포천시,기원정사,12,포천 2025_03.csv,역사관광,종교성지
포천,2025,3,2025-03,164,경기도,포천시,한탄강테마파크,12,포천 2025_03.csv,문화관광,테마공원
포천,2025,3,2025-03,164,경기도,포천시,포천향교,12,포천 2025_03.csv,역사관광,역사유적지
포천,2025,3,2025-03,164,경기도,포천시,포천운산리자연생태공원,12,포천 2025_03.csv,문화관광,도시공원
포천,2025,3,2025-03,168,경기도,포천시,포천제2하늘다리,11,포천 2025_03.csv,기타관광,기타관광
포천,2025,3,2025-03,168,경기도,포천시,명성산억새밭,11,포천 2025_03.csv,기타관광,기타관광
포천,2025,3,2025-03,168,경기도,포천시,무림사,11,포천 2025_03.csv,역사관광,종교성지
포천,2025,3,2025-03,168,경기도,포천시,복후미저수지,11,포천 2025_03.csv,자연관광,자연경관(하천/해양)
포천,2025,3,2025-03,172,경기도,포천시,잇빛천연염색체험학습장,10,포천 2025_03.csv,체험관광,공예체험
포천,2025,3,2025-03,172,경기도,포천시,송일농장,10,포천 2025_03.csv,체험관광,농/산/어촌체험
포천,2025,3,2025-03,172,경기도,포천시,명성산,10,포천 2025_03.csv,자연관광,자연경관(산)
포천,2025,3,2025-03,172,경기도,포천시,승법사,10,포천 2025_03.csv,역사관광,종교성지
포천,2025,3,2025-03,176,경기도,포천시,베스트원스포츠,9,포천 2025_03.csv,레저스포츠,기타레저스포츠
포천,2025,3,2025-03,176,경기도,포천시,선단문화공원,9,포천 2025_03.csv,문화관광,도시공원
포천,2025,3,2025-03,176,경기도,포천시,실상선원,9,포천 2025_03.csv,역사관광,종교성지
포천,2025,3,2025-03,176,경기도,포천시,극락사,9,포천 2025_03.csv,역사관광,종교성지
포천,2025,3,2025-03,176,경기도,포천시,호스랜드승마클럽,9,포천 2025_03.csv,레저스포츠,육상레저스포츠
포천,2025,3,2025-03,176,경기도,포천시,근선목장,9,포천 2025_03.csv,체험관광,농/산/어촌체험
포천,2025,3,2025-03,176,경기도,포천시,육사생도6.25참전기념비,9,포천 2025_03.csv,역사관광,역사유물
포천,2025,3,2025-03,183,경기도,포천시,대안사,8,포천 2025_03.csv,역사관광,종교성지
포천,2025,3,2025-03,183,경기도,포천시,옥병서원,8,포천 2025_03.csv,역사관광,역사유적지
포천,2025,3,2025-03,185,경기도,포천시,한탄강주상절리길2코스,7,포천 2025_03.csv,레저스포츠,기타레저스포츠
포천,2025,3,2025-03,185,경기도,포천시,한탄강주상절리길4코스,7,포천 2025_03.csv,레저스포츠,기타레저스포츠
포천,2025,3,2025-03,185,경기도,포천시,도마치고개,7,포천 2025_03.csv,자연관광,자연경관(산)
포천,2025,3,2025-03,185,경기도,포천시,천궁사,7,포천 2025_03.csv,역사관광,종교성지
포천,2025,3,2025-03,185,경기도,포천시,뿌리굿당,7,포천 2025_03.csv,역사관광,종교성지
포천,2025,3,2025-03,185,경기도,포천시,청계산,7,포천 2025_03.csv,자연관광,자연경관(산)
포천,2025,3,2025-03,185,경기도,포천시,명성산산안고개방면,7,포천 2025_03.csv,자연관광,자연경관(산)
포천,2025,3,2025-03,185,경기도,포천시,성불암,7,포천 2025_03.csv,역사관광,종교성지
포천,2025,3,2025-03,185,경기도,포천시,금수정,7,포천 2025_03.csv,역사관광,역사유적지
포천,2025,3,2025-03,185,경기도,포천시,화현저수지,7,포천 2025_03.csv,자연관광,자연경관(하천/해양)
포천,2025,3,2025-03,195,경기도,포천시,부소천교,6,포천 2025_03.csv,기타관광,기타관광
포천,2025,3,2025-03,195,경기도,포천시,한탄강주상절리길5코스,6,포천 2025_03.csv,레저스포츠,기타레저스포츠
포천,2025,3,2025-03,195,경기도,포천시,전운사,6,포천 2025_03.csv,역사관광,종교성지
포천,2025,3,2025-03,195,경기도,포천시,용연서원,6,포천 2025_03.csv,역사관광,역사유적지
포천,2025,3,2025-03,195,경기도,포천시,동부정,6,포천 2025_03.csv,레저스포츠,육상레저스포츠
포천,2025,3,2025-03,195,경기도,포천시,운천낚시공원,6,포천 2025_03.csv,레저스포츠,수상레저스포츠
포천,2025,3,2025-03,195,경기도,포천시,금불사,6,포천 2025_03.csv,역사관광,종교성지
포천,2025,3,2025-03,195,경기도,포천시,한탄강금빛사과농원,6,포천 2025_03.csv,체험관광,농/산/어촌체험
포천,2025,3,2025-03,203,경기도,포천시,임진농원,5,포천 2025_03.csv,체험관광,농/산/어촌체험
포천,2025,3,2025-03,203,경기도,포천시,포천음악창작소,5,포천 2025_03.csv,문화관광,기타문화관광지
포천,2025,3,2025-03,203,경기도,포천시,영천목장,5,포천 2025_03.csv,체험관광,농/산/어촌체험
포천,2025,3,2025-03,206,경기도,포천시,삼산소류지,4,포천 2025_03.csv,자연관광,자연경관(하천/해양)
포천,2025,3,2025-03,206,경기도,포천시,포천목공체험장,4,포천 2025_03.csv,문화관광,기타문화관광지
포천,2025,3,2025-03,206,경기도,포천시,무상사,4,포천 2025_03.csv,역사관광,종교성지
포천,2025,3,2025-03,206,경기도,포천시,소흘이모야,4,포천 2025_03.csv,체험관광,공예체험
포천,2025,3,2025-03,206,경기도,포천시,화요공방,4,포천 2025_03.csv,체험관광,공예체험
포천,2025,3,2025-03,206,경기도,포천시,유식물원,4,포천 2025_03.csv,문화관광,테마공원
포천,2025,3,2025-03,206,경기도,포천시,도리돌문화교류센터,4,포천 2025_03.csv,레저스포츠,기타레저스포츠
포천,2025,3,2025-03,206,경기도,포천시,직동낚시터,4,포천 2025_03.csv,레저스포츠,수상레저스포츠
포천,2025,3,2025-03,206,경기도,포천시,고모리수상레저,4,포천 2025_03.csv,레저스포츠,기타레저스포츠
포천,2025,3,2025-03,206,경기도,포천시,한탄강야생화공원,4,포천 2025_03.csv,문화관광,도시공원
포천,2025,3,2025-03,206,경기도,포천시,가보리농원,4,포천 2025_03.csv,체험관광,농/산/어촌체험
포천,2025,3,2025-03,206,경기도,포천시,황제다육식물농장,4,포천 2025_03.csv,체험관광,농/산/어촌체험
포천,2025,3,2025-03,206,경기도,포천시,교동가마소,4,포천 2025_03.csv,기타관광,기타관광
포천,2025,3,2025-03,219,경기도,포천시,법천사,3,포천 2025_03.csv,역사관광,종교성지
포천,2025,3,2025-03,219,경기도,포천시,믿음농장,3,포천 2025_03.csv,체험관광,농/산/어촌체험
포천,2025,3,2025-03,219,경기도,포천시,대수암,3,포천 2025_03.csv,역사관광,종교성지
포천,2025,3,2025-03,219,경기도,포천시,밤밭실내장어낚시터,3,포천 2025_03.csv,레저스포츠,수상레저스포츠
포천,2025,3,2025-03,219,경기도,포천시,포천탁구클럽,3,포천 2025_03.csv,레저스포츠,기타레저스포츠
포천,2025,3,2025-03,219,경기도,포천시,포천소민농장,3,포천 2025_03.csv,체험관광,농/산/어촌체험
포천,2025,3,2025-03,219,경기도,포천시,프로방스빌리지수영장,3,포천 2025_03.csv,문화관광,테마공원
포천,2025,3,2025-03,219,경기도,포천시,수목원포도농원,3,포천 2025_03.csv,체험관광,농/산/어촌체험
포천,2025,3,2025-03,219,경기도,포천시,마전저수지,3,포천 2025_03.csv,자연관광,자연경관(하천/해양)
포천,2025,3,2025-03,219,경기도,포천시,서성선생묘,3,포천 2025_03.csv,역사관광,역사유적지
포천,2025,3,2025-03,219,경기도,포천시,현영목장,3,포천 2025_03.csv,체험관광,농/산/어촌체험
포천,2025,3,2025-03,219,경기도,포천시,한탄강수변공원,3,포천 2025_03.csv,문화관광,도시공원
포천,2025,3,2025-03,219,경기도,포천시,태봉공원,3,포천 2025_03.csv,문화관광,도시공원
포천,2025,3,2025-03,219,경기도,포천시,이항복선생묘,3,포천 2025_03.csv,역사관광,역사유적지
포천,2025,3,2025-03,219,경기도,포천시,지장산계곡,3,포천 2025_03.csv,자연관광,자연경관(산)
포천,2025,3,2025-03,219,경기도,포천시,청산버섯농장,3,포천 2025_03.csv,체험관광,농/산/어촌체험
포천,2025,3,2025-03,219,경기도,포천시,고산식물원,3,포천 2025_03.csv,문화관광,테마공원
포천,2025,3,2025-03,219,경기도,포천시,동화사,3,포천 2025_03.csv,역사관광,종교성지
포천,2025,3,2025-03,219,경기도,포천시,포천반월성,3,포천 2025_03.csv,역사관광,역사유적지
포천,2025,3,2025-03,219,경기도,포천시,도마치계곡,3,포천 2025_03.csv,자연관광,자연경관(산)
포천,2025,3,2025-03,219,경기도,포천시,초가낚시터,3,포천 2025_03.csv,레저스포츠,수상레저스포츠
포천,2025,3,2025-03,219,경기도,포천시,백운계곡국민관광지,3,포천 2025_03.csv,문화관광,복합관광시설
포천,2025,3,2025-03,219,경기도,포천시,백운낚시터,3,포천 2025_03.csv,레저스포츠,수상레저스포츠
포천,2025,3,2025-03,219,경기도,포천시,가온농장,3,포천 2025_03.csv,체험관광,농/산/어촌체험
포천,2025,3,2025-03,219,경기도,포천시,소야사과농장,3,포천 2025_03.csv,체험관광,농/산/어촌체험
포천,2025,3,2025-03,219,경기도,포천시,포천약사암,3,포천 2025_03.csv,역사관광,종교성지
포천,2025,3,2025-03,219,경기도,포천시,송광사,3,포천 2025_03.csv,역사관광,종교성지
포천,2025,3,2025-03,219,경기도,포천시,법광사,3,포천 2025_03.csv,역사관광,종교성지
포천,2025,3,2025-03,219,경기도,포천시,한탄강대교천현무암협곡,3,포천 2025_03.csv,기타관광,기타관광
포천,2025,3,2025-03,219,경기도,포천시,궁뜰사과농원,3,포천 2025_03.csv,체험관광,농/산/어촌체험
포천,2025,3,2025-03,219,경기도,포천시,철갑상어농장,3,포천 2025_03.csv,체험관광,농/산/어촌체험
포천,2025,4,2025-04,1,경기도,포천시,국립수목원,8606,포천 2025_04.csv,문화관광,테마공원
포천,2025,4,2025-04,2,경기도,포천시,베어크리크GC,8459,포천 2025_04.csv,레저스포츠,육상레저스포츠
포천,2025,4,2025-04,3,경기도,포천시,산정호수,7644,포천 2025_04.csv,자연관광,자연경관(하천/해양)
포천,2025,4,2025-04,4,경기도,포천시,포천힐스CC,7158,포천 2025_04.csv,레저스포츠,육상레저스포츠
포천,2025,4,2025-04,5,경기도,포천시,포천힐마루CC,6908,포천 2025_04.csv,레저스포츠,육상레저스포츠
포천,2025,4,2025-04,6,경기도,포천시,라싸GC,6119,포천 2025_04.csv,레저스포츠,육상레저스포츠
포천,2025,4,2025-04,7,경기도,포천시,푸른솔GC포천,5979,포천 2025_04.csv,레저스포츠,육상레저스포츠
포천,2025,4,2025-04,8,경기도,포천시,필로스GC,5842,포천 2025_04.csv,레저스포츠,육상레저스포츠
포천,2025,4,2025-04,9,경기도,포천시,포천아도니스CC,5797,포천 2025_04.csv,레저스포츠,육상레저스포츠
포천,2025,4,2025-04,10,경기도,포천시,포레스트힐CC,5702,포천 2025_04.csv,레저스포츠,육상레저스포츠
포천,2025,4,2025-04,11,경기도,포천시,고모저수지,4616,포천 2025_04.csv,자연관광,자연경관(하천/해양)
포천,2025,4,2025-04,12,경기도,포천시,포천아트밸리,4199,포천 2025_04.csv,문화관광,공연시설
포천,2025,4,2025-04,13,경기도,포천시,샴발라CC,3814,포천 2025_04.csv,레저스포츠,육상레저스포츠
포천,2025,4,2025-04,14,경기도,포천시,몽베르CC,3650,포천 2025_04.csv,레저스포츠,육상레저스포츠
포천,2025,4,2025-04,15,경기도,포천시,일동레이크GC,3444,포천 2025_04.csv,레저스포츠,육상레저스포츠
포천,2025,4,2025-04,16,경기도,포천시,참밸리컨트리클럽,3256,포천 2025_04.csv,레저스포츠,육상레저스포츠
포천,2025,4,2025-04,17,경기도,포천시,일동시외버스터미널,3102,포천 2025_04.csv,기타관광,교통시설
포천,2025,4,2025-04,18,경기도,포천시,허브아일랜드,2809,포천 2025_04.csv,체험관광,농/산/어촌체험
포천,2025,4,2025-04,19,경기도,포천시,비둘기낭폭포,2345,포천 2025_04.csv,자연관광,자연경관(산)
포천,2025,4,2025-04,20,경기도,포천시,한탄강Y자출렁다리,2323,포천 2025_04.csv,기타관광,기타관광
포천,2025,4,2025-04,21,경기도,포천시,제일유황온천,1825,포천 2025_04.csv,체험관광,웰니스관광
포천,2025,4,2025-04,22,경기도,포천시,신북온천,1686,포천 2025_04.csv,체험관광,웰니스관광
포천,2025,4,2025-04,23,경기도,포천시,락가든GC,1272,포천 2025_04.csv,레저스포츠,육상레저스포츠
포천,2025,4,2025-04,24,경기도,포천시,송우시외버스터미널,1265,포천 2025_04.csv,기타관광,교통시설
포천,2025,4,2025-04,25,경기도,포천시,CGV포천,1235,포천 2025_04.csv,문화관광,공연시설
포천,2025,4,2025-04,26,경기도,포천시,포천한탄강하늘다리,1146,포천 2025_04.csv,기타관광,기타관광
포천,2025,4,2025-04,27,경기도,포천시,백운계곡,1087,포천 2025_04.csv,자연관광,자연경관(산)
포천,2025,4,2025-04,28,경기도,포천시,포천5일장,1073,포천 2025_04.csv,쇼핑,시장
포천,2025,4,2025-04,29,경기도,포천시,포천반월아트홀,916,포천 2025_04.csv,문화관광,공연시설
포천,2025,4,2025-04,30,경기도,포천시,포천아도니스퍼블릭CC,902,포천 2025_04.csv,레저스포츠,육상레저스포츠
포천,2025,4,2025-04,31,경기도,포천시,축석고개,875,포천 2025_04.csv,자연관광,자연경관(산)
포천,2025,4,2025-04,32,경기도,포천시,서운동산,864,포천 2025_04.csv,문화관광,복합관광시설
포천,2025,4,2025-04,33,경기도,포천시,포천시외버스터미널,770,포천 2025_04.csv,기타관광,교통시설
포천,2025,4,2025-04,34,경기도,포천시,베어스타운스키장휴업,741,포천 2025_04.csv,레저스포츠,육상레저스포츠
포천,2025,4,2025-04,35,경기도,포천시,산사원,699,포천 2025_04.csv,문화관광,전시시설
포천,2025,4,2025-04,36,경기도,포천시,동교낚시터,645,포천 2025_04.csv,레저스포츠,수상레저스포츠
포천,2025,4,2025-04,37,경기도,포천시,호국금강사,623,포천 2025_04.csv,역사관광,종교성지
포천,2025,4,2025-04,38,경기도,포천시,밤밭낚시터,545,포천 2025_04.csv,레저스포츠,수상레저스포츠
포천,2025,4,2025-04,39,경기도,포천시,운악산자연휴양림,535,포천 2025_04.csv,자연관광,자연공원
포천,2025,4,2025-04,40,경기도,포천시,한탄강주상절리길1코스,495,포천 2025_04.csv,레저스포츠,기타레저스포츠
포천,2025,4,2025-04,41,경기도,포천시,한탄강지질공원센터,482,포천 2025_04.csv,문화관광,전시시설
포천,2025,4,2025-04,42,경기도,포천시,초원낚시터,481,포천 2025_04.csv,레저스포츠,수상레저스포츠
포천,2025,4,2025-04,43,경기도,포천시,수목원고모호수공원,451,포천 2025_04.csv,문화관광,도시공원
포천,2025,4,2025-04,44,경기도,포천시,소흘생활체육공원,435,포천 2025_04.csv,문화관광,도시공원
포천,2025,4,2025-04,45,경기도,포천시,가산낚시터,433,포천 2025_04.csv,레저스포츠,수상레저스포츠
포천,2025,4,2025-04,46,경기도,포천시,마전낚시터,424,포천 2025_04.csv,레저스포츠,수상레저스포츠
포천,2025,4,2025-04,47,경기도,포천시,가산저수지,407,포천 2025_04.csv,자연관광,자연경관(하천/해양)
포천,2025,4,2025-04,48,경기도,포천시,도성사,397,포천 2025_04.csv,역사관광,종교성지
포천,2025,4,2025-04,49,경기도,포천시,내촌낚시터,385,포천 2025_04.csv,레저스포츠,수상레저스포츠
포천,2025,4,2025-04,50,경기도,포천시,냉정저수지,384,포천 2025_04.csv,자연관광,자연경관(하천/해양)
포천,2025,4,2025-04,51,경기도,포천시,아딸농원,368,포천 2025_04.csv,체험관광,농/산/어촌체험
포천,2025,4,2025-04,52,경기도,포천시,쌍방죽낚시터,364,포천 2025_04.csv,레저스포츠,수상레저스포츠
포천,2025,4,2025-04,53,경기도,포천시,포천축구공원,362,포천 2025_04.csv,문화관광,도시공원
포천,2025,4,2025-04,54,경기도,포천시,깊이울유원지,356,포천 2025_04.csv,문화관광,복합관광시설
포천,2025,4,2025-04,55,경기도,포천시,천보산자연휴양림,355,포천 2025_04.csv,자연관광,자연공원
포천,2025,4,2025-04,56,경기도,포천시,직두리낚시터,347,포천 2025_04.csv,레저스포츠,수상레저스포츠
포천,2025,4,2025-04,57,경기도,포천시,주파크,340,포천 2025_04.csv,문화관광,테마공원
포천,2025,4,2025-04,58,경기도,포천시,포천수원산정상전망대,328,포천 2025_04.csv,문화관광,랜드마크관광
포천,2025,4,2025-04,59,경기도,포천시,평강랜드,316,포천 2025_04.csv,문화관광,테마공원
포천,2025,4,2025-04,60,경기도,포천시,아트밸리1999,305,포천 2025_04.csv,문화관광,테마공원
포천,2025,4,2025-04,61,경기도,포천시,왕산사,279,포천 2025_04.csv,역사관광,종교성지
포천,2025,4,2025-04,62,경기도,포천시,청성역사공원,258,포천 2025_04.csv,문화관광,도시공원
포천,2025,4,2025-04,63,경기도,포천시,설운체육공원,255,포천 2025_04.csv,문화관광,도시공원
포천,2025,4,2025-04,64,경기도,포천시,한탄강생태경관단지,243,포천 2025_04.csv,기타관광,기타관광
포천,2025,4,2025-04,65,경기도,포천시,아프리카예술박물관,221,포천 2025_04.csv,문화관광,전시시설
포천,2025,4,2025-04,66,경기도,포천시,포천화적연,210,포천 2025_04.csv,자연관광,자연경관(하천/해양)
포천,2025,4,2025-04,67,경기도,포천시,새마을낚시터,196,포천 2025_04.csv,레저스포츠,수상레저스포츠
포천,2025,4,2025-04,68,경기도,포천시,가농바이오농장,193,포천 2025_04.csv,체험관광,농/산/어촌체험
포천,2025,4,2025-04,69,경기도,포천시,금주저수지,192,포천 2025_04.csv,자연관광,자연경관(하천/해양)
포천,2025,4,2025-04,70,경기도,포천시,청계지,184,포천 2025_04.csv,자연관광,자연경관(하천/해양)
포천,2025,4,2025-04,71,경기도,포천시,운천재래시장,180,포천 2025_04.csv,쇼핑,시장
포천,2025,4,2025-04,72,경기도,포천시,포천가구공단,175,포천 2025_04.csv,쇼핑,기타쇼핑시설
포천,2025,4,2025-04,72,경기도,포천시,포천야구장,175,포천 2025_04.csv,문화관광,레저스포츠시설
포천,2025,4,2025-04,74,경기도,포천시,구담사,172,포천 2025_04.csv,역사관광,종교성지
포천,2025,4,2025-04,75,경기도,포천시,포천염광수련원,155,포천 2025_04.csv,레저스포츠,육상레저스포츠
포천,2025,4,2025-04,76,경기도,포천시,길명낚시공원,154,포천 2025_04.csv,레저스포츠,수상레저스포츠
포천,2025,4,2025-04,77,경기도,포천시,송우공설시장,148,포천 2025_04.csv,쇼핑,시장
포천,2025,4,2025-04,78,경기도,포천시,황금낚시터,145,포천 2025_04.csv,레저스포츠,수상레저스포츠
포천,2025,4,2025-04,79,경기도,포천시,용담대물낚시터,143,포천 2025_04.csv,레저스포츠,수상레저스포츠
포천,2025,4,2025-04,79,경기도,포천시,어메이징파크,143,포천 2025_04.csv,문화관광,전시시설
포천,2025,4,2025-04,81,경기도,포천시,낭만닥터김사부촬영지,141,포천 2025_04.csv,문화관광,기타문화관광지
포천,2025,4,2025-04,82,경기도,포천시,포천패션타운,140,포천 2025_04.csv,쇼핑,쇼핑몰
포천,2025,4,2025-04,83,경기도,포천시,광릉수목원자동차극장,139,포천 2025_04.csv,문화관광,공연시설
포천,2025,4,2025-04,83,경기도,포천시,포천신읍시장,139,포천 2025_04.csv,쇼핑,시장
포천,2025,4,2025-04,85,경기도,포천시,포천스포츠센터,135,포천 2025_04.csv,레저스포츠,기타레저스포츠
포천,2025,4,2025-04,86,경기도,포천시,운천낚시공원,131,포천 2025_04.csv,레저스포츠,수상레저스포츠
포천,2025,4,2025-04,87,경기도,포천시,황금프라자,121,포천 2025_04.csv,쇼핑,쇼핑몰
포천,2025,4,2025-04,88,경기도,포천시,한화리조트산정호수온천,120,포천 2025_04.csv,체험관광,웰니스관광
포천,2025,4,2025-04,89,경기도,포천시,광암이벽유적지,113,포천 2025_04.csv,역사관광,역사유적지
포천,2025,4,2025-04,90,경기도,포천시,금주낚시터,112,포천 2025_04.csv,레저스포츠,수상레저스포츠
포천,2025,4,2025-04,91,경기도,포천시,백운계곡유원지,111,포천 2025_04.csv,문화관광,복합관광시설
포천,2025,4,2025-04,92,경기도,포천시,포천하늘아래치유의숲,106,포천 2025_04.csv,기타관광,기타관광
포천,2025,4,2025-04,93,경기도,포천시,포천한탄강가든페스타,103,포천 2025_04.csv,문화관광,기타문화관광지
포천,2025,4,2025-04,94,경기도,포천시,몽글몽글팜,93,포천 2025_04.csv,체험관광,농/산/어촌체험
포천,2025,4,2025-04,94,경기도,포천시,포천파크골프장,93,포천 2025_04.csv,레저스포츠,기타레저스포츠
포천,2025,4,2025-04,96,경기도,포천시,화현이벽성지,91,포천 2025_04.csv,역사관광,역사유적지
포천,2025,4,2025-04,96,경기도,포천시,산정호수조각공원,91,포천 2025_04.csv,문화관광,도시공원
포천,2025,4,2025-04,98,경기도,포천시,가람누리문화공원전망대,86,포천 2025_04.csv,문화관광,랜드마크관광
포천,2025,4,2025-04,99,경기도,포천시,나남수목원,85,포천 2025_04.csv,자연관광,자연공원
포천,2025,4,2025-04,99,경기도,포천시,국망봉자연휴양림,85,포천 2025_04.csv,자연관광,자연공원
포천,2025,4,2025-04,101,경기도,포천시,포천체육공원,78,포천 2025_04.csv,문화관광,도시공원
포천,2025,4,2025-04,102,경기도,포천시,천해사,73,포천 2025_04.csv,역사관광,종교성지
포천,2025,4,2025-04,103,경기도,포천시,메향낚시터,72,포천 2025_04.csv,레저스포츠,수상레저스포츠
포천,2025,4,2025-04,104,경기도,포천시,소흘생활체육공원인공암벽장,68,포천 2025_04.csv,레저스포츠,기타레저스포츠
포천,2025,4,2025-04,105,경기도,포천시,백로주유원지,67,포천 2025_04.csv,문화관광,복합관광시설
포천,2025,4,2025-04,106,경기도,포천시,뿌리굿당,65,포천 2025_04.csv,역사관광,종교성지
포천,2025,4,2025-04,107,경기도,포천시,황새목낚시터,63,포천 2025_04.csv,레저스포츠,수상레저스포츠
포천,2025,4,2025-04,107,경기도,포천시,고일낚시터,63,포천 2025_04.csv,레저스포츠,수상레저스포츠
포천,2025,4,2025-04,109,경기도,포천시,산정랜드,60,포천 2025_04.csv,문화관광,복합관광시설
포천,2025,4,2025-04,110,경기도,포천시,자인사,56,포천 2025_04.csv,역사관광,종교성지
포천,2025,4,2025-04,111,경기도,포천시,아침햇살청소년수련원,54,포천 2025_04.csv,레저스포츠,육상레저스포츠
포천,2025,4,2025-04,112,경기도,포천시,송일농장,53,포천 2025_04.csv,체험관광,농/산/어촌체험
포천,2025,4,2025-04,113,경기도,포천시,약천사,51,포천 2025_04.csv,역사관광,종교성지
포천,2025,4,2025-04,114,경기도,포천시,미륵사,48,포천 2025_04.csv,역사관광,종교성지
포천,2025,4,2025-04,114,경기도,포천시,갈월버섯농장,48,포천 2025_04.csv,체험관광,농/산/어촌체험
포천,2025,4,2025-04,114,경기도,포천시,클라우드시네마,48,포천 2025_04.csv,문화관광,공연시설
포천,2025,4,2025-04,117,경기도,포천시,포천38문화예술창작소공사중(2025년 개관예정),46,포천 2025_04.csv,문화관광,기타문화관광지
포천,2025,4,2025-04,117,경기도,포천시,청계저수지수변공원,46,포천 2025_04.csv,문화관광,도시공원
포천,2025,4,2025-04,119,경기도,포천시,관음사,43,포천 2025_04.csv,역사관광,종교성지
포천,2025,4,2025-04,120,경기도,포천시,깊이울저수지,41,포천 2025_04.csv,자연관광,자연경관(하천/해양)
포천,2025,4,2025-04,121,경기도,포천시,흥룡사,40,포천 2025_04.csv,역사관광,종교성지
포천,2025,4,2025-04,122,경기도,포천시,청한베이스볼파크,39,포천 2025_04.csv,문화관광,레저스포츠시설
포천,2025,4,2025-04,123,경기도,포천시,멍우리협곡,38,포천 2025_04.csv,자연관광,자연경관(산)
포천,2025,4,2025-04,124,경기도,포천시,자비사,37,포천 2025_04.csv,역사관광,종교성지
포천,2025,4,2025-04,124,경기도,포천시,호스랜드승마클럽,37,포천 2025_04.csv,레저스포츠,육상레저스포츠
포천,2025,4,2025-04,126,경기도,포천시,화엄사,35,포천 2025_04.csv,역사관광,종교성지
포천,2025,4,2025-04,126,경기도,포천시,코버월드,35,포천 2025_04.csv,문화관광,전시시설
포천,2025,4,2025-04,128,경기도,포천시,태국군참전비,33,포천 2025_04.csv,역사관광,역사유물
포천,2025,4,2025-04,129,경기도,포천시,포천종합운동장보조구장,32,포천 2025_04.csv,문화관광,레저스포츠시설
포천,2025,4,2025-04,129,경기도,포천시,천주사,32,포천 2025_04.csv,역사관광,종교성지
포천,2025,4,2025-04,131,경기도,포천시,레이크밸리 승마클럽,31,포천 2025_04.csv,레저스포츠,기타레저스포츠
포천,2025,4,2025-04,131,경기도,포천시,포천아트밸리천문과학관,31,포천 2025_04.csv,문화관광,전시시설
포천,2025,4,2025-04,133,경기도,포천시,미트빌연합사업단,30,포천 2025_04.csv,쇼핑,시장
포천,2025,4,2025-04,134,경기도,포천시,일동시장,28,포천 2025_04.csv,쇼핑,시장
포천,2025,4,2025-04,134,경기도,포천시,천주호,28,포천 2025_04.csv,자연관광,자연경관(하천/해양)
포천,2025,4,2025-04,136,경기도,포천시,양치식물전시원,26,포천 2025_04.csv,문화관광,테마공원
포천,2025,4,2025-04,137,경기도,포천시,한탄강팔호유원지,25,포천 2025_04.csv,문화관광,복합관광시설
포천,2025,4,2025-04,138,경기도,포천시,한탄강주상절리길3코스,24,포천 2025_04.csv,레저스포츠,기타레저스포츠
포천,2025,4,2025-04,139,경기도,포천시,모돈갤러리,23,포천 2025_04.csv,문화관광,전시시설
포천,2025,4,2025-04,139,경기도,포천시,어하고개,23,포천 2025_04.csv,자연관광,자연경관(산)
포천,2025,4,2025-04,139,경기도,포천시,금룡사,23,포천 2025_04.csv,역사관광,종교성지
포천,2025,4,2025-04,142,경기도,포천시,충목단,22,포천 2025_04.csv,역사관광,역사유적지
포천,2025,4,2025-04,142,경기도,포천시,이항복선생묘,22,포천 2025_04.csv,역사관광,역사유적지
포천,2025,4,2025-04,144,경기도,포천시,교동가마소,21,포천 2025_04.csv,기타관광,기타관광
포천,2025,4,2025-04,145,경기도,포천시,성불암,20,포천 2025_04.csv,역사관광,종교성지
포천,2025,4,2025-04,145,경기도,포천시,승법사,20,포천 2025_04.csv,역사관광,종교성지
포천,2025,4,2025-04,147,경기도,포천시,수목원프로방스,18,포천 2025_04.csv,자연관광,자연공원
포천,2025,4,2025-04,147,경기도,포천시,국립산림박물관,18,포천 2025_04.csv,문화관광,전시시설
포천,2025,4,2025-04,147,경기도,포천시,평화나무농장,18,포천 2025_04.csv,체험관광,농/산/어촌체험
포천,2025,4,2025-04,150,경기도,포천시,소우주도자기공방,17,포천 2025_04.csv,체험관광,공예체험
포천,2025,4,2025-04,150,경기도,포천시,소흘생활체육공원제2축구장,17,포천 2025_04.csv,문화관광,레저스포츠시설
포천,2025,4,2025-04,152,경기도,포천시,왕방산,16,포천 2025_04.csv,자연관광,자연경관(산)
포천,2025,4,2025-04,152,경기도,포천시,대안사,16,포천 2025_04.csv,역사관광,종교성지
포천,2025,4,2025-04,152,경기도,포천시,서운동산어린이동물농장,16,포천 2025_04.csv,기타관광,기타관광
포천,2025,4,2025-04,152,경기도,포천시,미륵박물관,16,포천 2025_04.csv,문화관광,전시시설
포천,2025,4,2025-04,152,경기도,포천시,가온농장,16,포천 2025_04.csv,체험관광,농/산/어촌체험
포천,2025,4,2025-04,152,경기도,포천시,키즈필포천송우점,16,포천 2025_04.csv,문화관광,테마공원
포천,2025,4,2025-04,158,경기도,포천시,Y스포츠센터,15,포천 2025_04.csv,레저스포츠,기타레저스포츠
포천,2025,4,2025-04,158,경기도,포천시,토우공방,15,포천 2025_04.csv,체험관광,공예체험
포천,2025,4,2025-04,160,경기도,포천시,포천정,14,포천 2025_04.csv,레저스포츠,육상레저스포츠
포천,2025,4,2025-04,160,경기도,포천시,포천물골연등제,14,포천 2025_04.csv,문화관광,기타문화관광지
포천,2025,4,2025-04,160,경기도,포천시,백운산,14,포천 2025_04.csv,자연관광,자연경관(산)
포천,2025,4,2025-04,160,경기도,포천시,다래레저,14,포천 2025_04.csv,레저스포츠,수상레저스포츠
포천,2025,4,2025-04,160,경기도,포천시,한탄강야생화공원,14,포천 2025_04.csv,문화관광,도시공원
포천,2025,4,2025-04,160,경기도,포천시,허브아일랜드불빛동화축제,14,포천 2025_04.csv,문화관광,기타문화관광지
포천,2025,4,2025-04,160,경기도,포천시,복후미저수지,14,포천 2025_04.csv,자연관광,자연경관(하천/해양)
포천,2025,4,2025-04,160,경기도,포천시,옥병서원,14,포천 2025_04.csv,역사관광,역사유적지
포천,2025,4,2025-04,168,경기도,포천시,기원정사,13,포천 2025_04.csv,역사관광,종교성지
포천,2025,4,2025-04,168,경기도,포천시,초계목장,13,포천 2025_04.csv,체험관광,농/산/어촌체험
포천,2025,4,2025-04,168,경기도,포천시,선광사,13,포천 2025_04.csv,역사관광,종교성지
포천,2025,4,2025-04,168,경기도,포천시,황제다육식물농장,13,포천 2025_04.csv,체험관광,농/산/어촌체험
포천,2025,4,2025-04,172,경기도,포천시,베스트원스포츠,12,포천 2025_04.csv,레저스포츠,기타레저스포츠
포천,2025,4,2025-04,172,경기도,포천시,한탄강주상절리길2코스,12,포천 2025_04.csv,레저스포츠,기타레저스포츠
포천,2025,4,2025-04,172,경기도,포천시,한탄강테마파크,12,포천 2025_04.csv,문화관광,테마공원
포천,2025,4,2025-04,172,경기도,포천시,포천운산리자연생태공원,12,포천 2025_04.csv,문화관광,도시공원
포천,2025,4,2025-04,172,경기도,포천시,보림사,12,포천 2025_04.csv,역사관광,종교성지
포천,2025,4,2025-04,177,경기도,포천시,한탄강주상절리길5코스,11,포천 2025_04.csv,레저스포츠,기타레저스포츠
포천,2025,4,2025-04,177,경기도,포천시,포천음악창작소,11,포천 2025_04.csv,문화관광,기타문화관광지
포천,2025,4,2025-04,177,경기도,포천시,지청낚시터,11,포천 2025_04.csv,레저스포츠,수상레저스포츠
포천,2025,4,2025-04,177,경기도,포천시,무림사,11,포천 2025_04.csv,역사관광,종교성지
포천,2025,4,2025-04,181,경기도,포천시,전운사,10,포천 2025_04.csv,역사관광,종교성지
포천,2025,4,2025-04,181,경기도,포천시,청계산,10,포천 2025_04.csv,자연관광,자연경관(산)
포천,2025,4,2025-04,181,경기도,포천시,냉정낚시터,10,포천 2025_04.csv,레저스포츠,수상레저스포츠
포천,2025,4,2025-04,181,경기도,포천시,수원산,10,포천 2025_04.csv,자연관광,자연경관(산)
포천,2025,4,2025-04,181,경기도,포천시,포천향교,10,포천 2025_04.csv,역사관광,역사유적지
포천,2025,4,2025-04,181,경기도,포천시,서광사,10,포천 2025_04.csv,역사관광,종교성지
포천,2025,4,2025-04,187,경기도,포천시,마전저수지,9,포천 2025_04.csv,자연관광,자연경관(하천/해양)
포천,2025,4,2025-04,187,경기도,포천시,화산서원,9,포천 2025_04.csv,역사관광,역사유적지
포천,2025,4,2025-04,187,경기도,포천시,도리돌문화교류센터,9,포천 2025_04.csv,레저스포츠,기타레저스포츠
포천,2025,4,2025-04,187,경기도,포천시,백운계곡국민관광지,9,포천 2025_04.csv,문화관광,복합관광시설
포천,2025,4,2025-04,187,경기도,포천시,도평리터미널,9,포천 2025_04.csv,기타관광,교통시설
포천,2025,4,2025-04,187,경기도,포천시,포천용담저수지,9,포천 2025_04.csv,자연관광,자연경관(하천/해양)
포천,2025,4,2025-04,187,경기도,포천시,향림사,9,포천 2025_04.csv,역사관광,종교성지
포천,2025,4,2025-04,187,경기도,포천시,향적사,9,포천 2025_04.csv,역사관광,종교성지
포천,2025,4,2025-04,195,경기도,포천시,쌍불사,8,포천 2025_04.csv,역사관광,종교성지
포천,2025,4,2025-04,195,경기도,포천시,솔모루공원,8,포천 2025_04.csv,문화관광,도시공원
포천,2025,4,2025-04,195,경기도,포천시,송광사,8,포천 2025_04.csv,역사관광,종교성지
포천,2025,4,2025-04,195,경기도,포천시,관음사,8,포천 2025_04.csv,역사관광,종교성지
포천,2025,4,2025-04,199,경기도,포천시,신읍동도시재생어울림센터2,7,포천 2025_04.csv,문화관광,기타문화관광지
포천,2025,4,2025-04,199,경기도,포천시,이항복선생기념관,7,포천 2025_04.csv,문화관광,전시시설
포천,2025,4,2025-04,199,경기도,포천시,무봉리족구장,7,포천 2025_04.csv,레저스포츠,기타레저스포츠
포천,2025,4,2025-04,199,경기도,포천시,건플레이,7,포천 2025_04.csv,레저스포츠,기타레저스포츠
포천,2025,4,2025-04,199,경기도,포천시,한과문화박물관,7,포천 2025_04.csv,문화관광,전시시설
포천,2025,4,2025-04,199,경기도,포천시,내리공설시장,7,포천 2025_04.csv,쇼핑,시장
포천,2025,4,2025-04,199,경기도,포천시,대군정,7,포천 2025_04.csv,레저스포츠,육상레저스포츠
포천,2025,4,2025-04,199,경기도,포천시,중리저수지,7,포천 2025_04.csv,자연관광,자연경관(하천/해양)
포천,2025,4,2025-04,199,경기도,포천시,태산낚시터,7,포천 2025_04.csv,레저스포츠,수상레저스포츠
포천,2025,4,2025-04,199,경기도,포천시,성불사,7,포천 2025_04.csv,역사관광,종교성지
포천,2025,4,2025-04,209,경기도,포천시,잇빛천연염색체험학습장,6,포천 2025_04.csv,체험관광,공예체험
포천,2025,4,2025-04,209,경기도,포천시,백사이항복기념관,6,포천 2025_04.csv,문화관광,전시시설
포천,2025,4,2025-04,209,경기도,포천시,이동정류소,6,포천 2025_04.csv,기타관광,교통시설
포천,2025,4,2025-04,209,경기도,포천시,풍림농장,6,포천 2025_04.csv,체험관광,농/산/어촌체험
포천,2025,4,2025-04,209,경기도,포천시,법왕사,6,포천 2025_04.csv,역사관광,종교성지
포천,2025,4,2025-04,209,경기도,포천시,옹장굴,6,포천 2025_04.csv,체험관광,농/산/어촌체험
포천,2025,4,2025-04,209,경기도,포천시,태봉공원,6,포천 2025_04.csv,문화관광,도시공원
포천,2025,4,2025-04,209,경기도,포천시,보문정사,6,포천 2025_04.csv,역사관광,종교성지
포천,2025,4,2025-04,209,경기도,포천시,도마치계곡,6,포천 2025_04.csv,자연관광,자연경관(산)
포천,2025,4,2025-04,209,경기도,포천시,소흘생활체육공원제1축구장,6,포천 2025_04.csv,문화관광,레저스포츠시설
포천,2025,4,2025-04,209,경기도,포천시,지질트레일1코스,6,포천 2025_04.csv,레저스포츠,기타레저스포츠
포천,2025,4,2025-04,220,경기도,포천시,프로방스빌리지수영장,5,포천 2025_04.csv,문화관광,테마공원
포천,2025,4,2025-04,220,경기도,포천시,블루밍팜,5,포천 2025_04.csv,체험관광,농/산/어촌체험
포천,2025,4,2025-04,222,경기도,포천시,무상사,4,포천 2025_04.csv,역사관광,종교성지
포천,2025,4,2025-04,222,경기도,포천시,밤밭실내장어낚시터,4,포천 2025_04.csv,레저스포츠,수상레저스포츠
포천,2025,4,2025-04,222,경기도,포천시,관룡사,4,포천 2025_04.csv,역사관광,종교성지
포천,2025,4,2025-04,222,경기도,포천시,협동농장,4,포천 2025_04.csv,체험관광,농/산/어촌체험
포천,2025,4,2025-04,222,경기도,포천시,수목원낚시터,4,포천 2025_04.csv,레저스포츠,수상레저스포츠
포천,2025,4,2025-04,222,경기도,포천시,광릉분재예술공원,4,포천 2025_04.csv,문화관광,도시공원
포천,2025,4,2025-04,222,경기도,포천시,명성산,4,포천 2025_04.csv,자연관광,자연경관(산)
포천,2025,4,2025-04,222,경기도,포천시,지장산계곡,4,포천 2025_04.csv,자연관광,자연경관(산)
포천,2025,4,2025-04,222,경기도,포천시,동화사,4,포천 2025_04.csv,역사관광,종교성지
포천,2025,4,2025-04,222,경기도,포천시,각흘산,4,포천 2025_04.csv,자연관광,자연경관(산)
포천,2025,4,2025-04,222,경기도,포천시,영평천,4,포천 2025_04.csv,자연관광,자연공원
포천,2025,4,2025-04,222,경기도,포천시,마홀축구장,4,포천 2025_04.csv,문화관광,레저스포츠시설
포천,2025,4,2025-04,222,경기도,포천시,금불사,4,포천 2025_04.csv,역사관광,종교성지
포천,2025,4,2025-04,222,경기도,포천시,포천자동차극장,4,포천 2025_04.csv,문화관광,공연시설
포천,2025,4,2025-04,222,경기도,포천시,법화사포천도량,4,포천 2025_04.csv,역사관광,종교성지
포천,2025,4,2025-04,222,경기도,포천시,육림호,4,포천 2025_04.csv,자연관광,자연경관(하천/해양)
포천,2025,4,2025-04,222,경기도,포천시,국사봉,4,포천 2025_04.csv,자연관광,자연경관(산)
포천,2025,4,2025-04,239,경기도,포천시,산안고개,3,포천 2025_04.csv,자연관광,자연경관(산)
포천,2025,4,2025-04,239,경기도,포천시,삼산소류지,3,포천 2025_04.csv,자연관광,자연경관(하천/해양)
포천,2025,4,2025-04,239,경기도,포천시,포천목공체험장,3,포천 2025_04.csv,문화관광,기타문화관광지
포천,2025,4,2025-04,239,경기도,포천시,페리아도워터파크,3,포천 2025_04.csv,문화관광,테마공원
포천,2025,4,2025-04,239,경기도,포천시,부소천교,3,포천 2025_04.csv,기타관광,기타관광
포천,2025,4,2025-04,239,경기도,포천시,참진사과,3,포천 2025_04.csv,체험관광,농/산/어촌체험
포천,2025,4,2025-04,239,경기도,포천시,도마치고개,3,포천 2025_04.csv,자연관광,자연경관(산)
포천,2025,4,2025-04,239,경기도,포천시,포천탁구클럽,3,포천 2025_04.csv,레저스포츠,기타레저스포츠
포천,2025,4,2025-04,239,경기도,포천시,포천소민농장,3,포천 2025_04.csv,체험관광,농/산/어촌체험
포천,2025,4,2025-04,239,경기도,포천시,원통사,3,포천 2025_04.csv,역사관광,종교성지
포천,2025,4,2025-04,239,경기도,포천시,포천역사문화관,3,포천 2025_04.csv,문화관광,전시시설
포천,2025,4,2025-04,239,경기도,포천시,일동문화예술창고,3,포천 2025_04.csv,문화관광,기타문화관광지
포천,2025,4,2025-04,239,경기도,포천시,교동사과농장,3,포천 2025_04.csv,체험관광,농/산/어촌체험
포천,2025,4,2025-04,239,경기도,포천시,실상선원,3,포천 2025_04.csv,역사관광,종교성지
포천,2025,4,2025-04,239,경기도,포천시,명진농장,3,포천 2025_04.csv,체험관광,농/산/어촌체험
포천,2025,4,2025-04,239,경기도,포천시,신북메가필드,3,포천 2025_04.csv,레저스포츠,육상레저스포츠
포천,2025,4,2025-04,239,경기도,포천시,아리솔청소년체육광장,3,포천 2025_04.csv,문화관광,도시공원
포천,2025,4,2025-04,239,경기도,포천시,명성산억새밭,3,포천 2025_04.csv,기타관광,기타관광
포천,2025,4,2025-04,239,경기도,포천시,포천직두리의부부송,3,포천 2025_04.csv,역사관광,역사유적지
포천,2025,4,2025-04,239,경기도,포천시,성광미륵사,3,포천 2025_04.csv,역사관광,종교성지
포천,2025,4,2025-04,239,경기도,포천시,용연서원,3,포천 2025_04.csv,역사관광,역사유적지
포천,2025,4,2025-04,239,경기도,포천시,동부정,3,포천 2025_04.csv,레저스포츠,육상레저스포츠
포천,2025,4,2025-04,239,경기도,포천시,수원사,3,포천 2025_04.csv,역사관광,종교성지
포천,2025,4,2025-04,239,경기도,포천시,신안농장,3,포천 2025_04.csv,체험관광,농/산/어촌체험
포천,2025,4,2025-04,239,경기도,포천시,포천반월성,3,포천 2025_04.csv,역사관광,역사유적지
포천,2025,4,2025-04,239,경기도,포천시,비즈아쿠아,3,포천 2025_04.csv,문화관광,테마공원
포천,2025,4,2025-04,239,경기도,포천시,운천제3공원,3,포천 2025_04.csv,문화관광,도시공원
포천,2025,4,2025-04,239,경기도,포천시,람보목장,3,포천 2025_04.csv,체험관광,농/산/어촌체험
포천,2025,4,2025-04,239,경기도,포천시,호림1농원,3,포천 2025_04.csv,체험관광,농/산/어촌체험
포천,2025,4,2025-04,239,경기도,포천시,무네미낚시터,3,포천 2025_04.csv,레저스포츠,수상레저스포츠
포천,2025,4,2025-04,239,경기도,포천시,명산저수지,3,포천 2025_04.csv,자연관광,자연경관(하천/해양)
포천,2025,4,2025-04,239,경기도,포천시,깊이울낚시터,3,포천 2025_04.csv,레저스포츠,수상레저스포츠
포천,2025,4,2025-04,239,경기도,포천시,고모리수상레저,3,포천 2025_04.csv,레저스포츠,기타레저스포츠
포천,2025,4,2025-04,239,경기도,포천시,한탄강대교천현무암협곡,3,포천 2025_04.csv,기타관광,기타관광
포천,2025,4,2025-04,239,경기도,포천시,아우라지공원,3,포천 2025_04.csv,문화관광,도시공원
포천,2025,4,2025-04,239,경기도,포천시,중리테마파크낚시터,3,포천 2025_04.csv,레저스포츠,수상레저스포츠
포천,2025,4,2025-04,239,경기도,포천시,동교하우스낚시터,3,포천 2025_04.csv,레저스포츠,수상레저스포츠
포천,2025,4,2025-04,239,경기도,포천시,천은사,3,포천 2025_04.csv,역사관광,종교성지
포천,2025,4,2025-04,239,경기도,포천시,장암저수지,3,포천 2025_04.csv,자연관광,자연경관(하천/해양)
포천,2025,4,2025-04,239,경기도,포천시,철갑상어농장,3,포천 2025_04.csv,체험관광,농/산/어촌체험
포천,2025,4,2025-04,239,경기도,포천시,삼손목장,3,포천 2025_04.csv,체험관광,농/산/어촌체험
포천,2025,4,2025-04,239,경기도,포천시,도연암,3,포천 2025_04.csv,역사관광,종교성지
포천,2025,4,2025-04,239,경기도,포천시,동음사,3,포천 2025_04.csv,역사관광,역사유적지
포천,2025,5,2025-05,1,경기도,포천시,산정호수,11999,포천 2025_05.csv,자연관광,자연경관(하천/해양)
포천,2025,5,2025-05,2,경기도,포천시,국립수목원,11399,포천 2025_05.csv,문화관광,테마공원
포천,2025,5,2025-05,3,경기도,포천시,한탄강Y자출렁다리,9469,포천 2025_05.csv,기타관광,기타관광
포천,2025,5,2025-05,4,경기도,포천시,포천아트밸리,9069,포천 2025_05.csv,문화관광,공연시설
포천,2025,5,2025-05,5,경기도,포천시,베어크리크GC,8946,포천 2025_05.csv,레저스포츠,육상레저스포츠
포천,2025,5,2025-05,6,경기도,포천시,포천힐마루CC,8819,포천 2025_05.csv,레저스포츠,육상레저스포츠
포천,2025,5,2025-05,7,경기도,포천시,포천힐스CC,7811,포천 2025_05.csv,레저스포츠,육상레저스포츠
포천,2025,5,2025-05,8,경기도,포천시,허브아일랜드,7292,포천 2025_05.csv,체험관광,농/산/어촌체험
포천,2025,5,2025-05,9,경기도,포천시,필로스GC,6886,포천 2025_05.csv,레저스포츠,육상레저스포츠
포천,2025,5,2025-05,10,경기도,포천시,라싸GC,6867,포천 2025_05.csv,레저스포츠,육상레저스포츠
포천,2025,5,2025-05,11,경기도,포천시,푸른솔GC포천,6748,포천 2025_05.csv,레저스포츠,육상레저스포츠
포천,2025,5,2025-05,12,경기도,포천시,포레스트힐CC,6587,포천 2025_05.csv,레저스포츠,육상레저스포츠
포천,2025,5,2025-05,13,경기도,포천시,포천아도니스CC,6352,포천 2025_05.csv,레저스포츠,육상레저스포츠
포천,2025,5,2025-05,14,경기도,포천시,고모저수지,5633,포천 2025_05.csv,자연관광,자연경관(하천/해양)
포천,2025,5,2025-05,15,경기도,포천시,비둘기낭폭포,5316,포천 2025_05.csv,자연관광,자연경관(산)
포천,2025,5,2025-05,16,경기도,포천시,몽베르CC,5129,포천 2025_05.csv,레저스포츠,육상레저스포츠
포천,2025,5,2025-05,17,경기도,포천시,샴발라CC,4699,포천 2025_05.csv,레저스포츠,육상레저스포츠
포천,2025,5,2025-05,18,경기도,포천시,포천한탄강가든페스타,4179,포천 2025_05.csv,문화관광,기타문화관광지
포천,2025,5,2025-05,19,경기도,포천시,참밸리컨트리클럽,3795,포천 2025_05.csv,레저스포츠,육상레저스포츠
포천,2025,5,2025-05,20,경기도,포천시,일동레이크GC,3737,포천 2025_05.csv,레저스포츠,육상레저스포츠
포천,2025,5,2025-05,21,경기도,포천시,일동시외버스터미널,3487,포천 2025_05.csv,기타관광,교통시설
포천,2025,5,2025-05,22,경기도,포천시,신북온천,2654,포천 2025_05.csv,체험관광,웰니스관광
포천,2025,5,2025-05,23,경기도,포천시,포천한탄강하늘다리,2461,포천 2025_05.csv,기타관광,기타관광
포천,2025,5,2025-05,24,경기도,포천시,제일유황온천,2054,포천 2025_05.csv,체험관광,웰니스관광
포천,2025,5,2025-05,25,경기도,포천시,한탄강생태경관단지,2025,포천 2025_05.csv,기타관광,기타관광
포천,2025,5,2025-05,26,경기도,포천시,백운계곡,1905,포천 2025_05.csv,자연관광,자연경관(산)
포천,2025,5,2025-05,27,경기도,포천시,CGV포천,1491,포천 2025_05.csv,문화관광,공연시설
포천,2025,5,2025-05,28,경기도,포천시,락가든GC,1482,포천 2025_05.csv,레저스포츠,육상레저스포츠
포천,2025,5,2025-05,29,경기도,포천시,송우시외버스터미널,1405,포천 2025_05.csv,기타관광,교통시설
포천,2025,5,2025-05,30,경기도,포천시,서운동산,1201,포천 2025_05.csv,문화관광,복합관광시설
포천,2025,5,2025-05,31,경기도,포천시,한탄강지질공원센터,1157,포천 2025_05.csv,문화관광,전시시설
포천,2025,5,2025-05,32,경기도,포천시,한탄강주상절리길1코스,1141,포천 2025_05.csv,레저스포츠,기타레저스포츠
포천,2025,5,2025-05,33,경기도,포천시,산사원,1053,포천 2025_05.csv,문화관광,전시시설
포천,2025,5,2025-05,34,경기도,포천시,포천아도니스퍼블릭CC,1048,포천 2025_05.csv,레저스포츠,육상레저스포츠
포천,2025,5,2025-05,35,경기도,포천시,포천5일장,1020,포천 2025_05.csv,쇼핑,시장
포천,2025,5,2025-05,36,경기도,포천시,마이애니멀스토리in평강랜드,1001,포천 2025_05.csv,문화관광,테마공원
포천,2025,5,2025-05,37,경기도,포천시,축석고개,963,포천 2025_05.csv,자연관광,자연경관(산)
포천,2025,5,2025-05,38,경기도,포천시,포천반월아트홀,932,포천 2025_05.csv,문화관광,공연시설
포천,2025,5,2025-05,39,경기도,포천시,동교낚시터,878,포천 2025_05.csv,레저스포츠,수상레저스포츠
포천,2025,5,2025-05,40,경기도,포천시,운악산자연휴양림,857,포천 2025_05.csv,자연관광,자연공원
포천,2025,5,2025-05,41,경기도,포천시,포천시외버스터미널,831,포천 2025_05.csv,기타관광,교통시설
포천,2025,5,2025-05,42,경기도,포천시,베어스타운스키장휴업,799,포천 2025_05.csv,레저스포츠,육상레저스포츠
포천,2025,5,2025-05,43,경기도,포천시,가산낚시터,764,포천 2025_05.csv,레저스포츠,수상레저스포츠
포천,2025,5,2025-05,44,경기도,포천시,밤밭낚시터,715,포천 2025_05.csv,레저스포츠,수상레저스포츠
포천,2025,5,2025-05,45,경기도,포천시,호국금강사,680,포천 2025_05.csv,역사관광,종교성지
포천,2025,5,2025-05,46,경기도,포천시,초원낚시터,668,포천 2025_05.csv,레저스포츠,수상레저스포츠
포천,2025,5,2025-05,47,경기도,포천시,마전낚시터,663,포천 2025_05.csv,레저스포츠,수상레저스포츠
포천,2025,5,2025-05,48,경기도,포천시,수목원고모호수공원,611,포천 2025_05.csv,문화관광,도시공원
포천,2025,5,2025-05,49,경기도,포천시,주파크,575,포천 2025_05.csv,문화관광,테마공원
포천,2025,5,2025-05,50,경기도,포천시,도성사,571,포천 2025_05.csv,역사관광,종교성지
포천,2025,5,2025-05,51,경기도,포천시,어메이징파크,540,포천 2025_05.csv,문화관광,전시시설
포천,2025,5,2025-05,52,경기도,포천시,가산저수지,518,포천 2025_05.csv,자연관광,자연경관(하천/해양)
포천,2025,5,2025-05,53,경기도,포천시,천보산자연휴양림,507,포천 2025_05.csv,자연관광,자연공원
포천,2025,5,2025-05,54,경기도,포천시,내촌낚시터,504,포천 2025_05.csv,레저스포츠,수상레저스포츠
포천,2025,5,2025-05,55,경기도,포천시,왕산사,492,포천 2025_05.csv,역사관광,종교성지
포천,2025,5,2025-05,56,경기도,포천시,냉정저수지,470,포천 2025_05.csv,자연관광,자연경관(하천/해양)
포천,2025,5,2025-05,57,경기도,포천시,쌍방죽낚시터,420,포천 2025_05.csv,레저스포츠,수상레저스포츠
포천,2025,5,2025-05,58,경기도,포천시,깊이울유원지,419,포천 2025_05.csv,문화관광,복합관광시설
포천,2025,5,2025-05,59,경기도,포천시,포천화적연,415,포천 2025_05.csv,자연관광,자연경관(하천/해양)
포천,2025,5,2025-05,60,경기도,포천시,예술정원1999자연예술테마파크,401,포천 2025_05.csv,문화관광,테마공원
포천,2025,5,2025-05,61,경기도,포천시,소흘생활체육공원,397,포천 2025_05.csv,문화관광,도시공원
포천,2025,5,2025-05,62,경기도,포천시,포천수원산정상전망대,383,포천 2025_05.csv,문화관광,랜드마크관광
포천,2025,5,2025-05,63,경기도,포천시,직두리낚시터,363,포천 2025_05.csv,레저스포츠,수상레저스포츠
포천,2025,5,2025-05,64,경기도,포천시,포천축구공원,359,포천 2025_05.csv,문화관광,도시공원
포천,2025,5,2025-05,65,경기도,포천시,청성역사공원,343,포천 2025_05.csv,문화관광,도시공원
포천,2025,5,2025-05,66,경기도,포천시,황금낚시터,299,포천 2025_05.csv,레저스포츠,수상레저스포츠
포천,2025,5,2025-05,67,경기도,포천시,새마을낚시터,290,포천 2025_05.csv,레저스포츠,수상레저스포츠
포천,2025,5,2025-05,68,경기도,포천시,용담대물낚시터,248,포천 2025_05.csv,레저스포츠,수상레저스포츠
포천,2025,5,2025-05,69,경기도,포천시,가람누리문화공원전망대,247,포천 2025_05.csv,문화관광,랜드마크관광
포천,2025,5,2025-05,70,경기도,포천시,아프리카예술박물관,244,포천 2025_05.csv,문화관광,전시시설
포천,2025,5,2025-05,71,경기도,포천시,운천낚시공원,241,포천 2025_05.csv,레저스포츠,수상레저스포츠
포천,2025,5,2025-05,72,경기도,포천시,국망봉자연휴양림,235,포천 2025_05.csv,자연관광,자연공원
포천,2025,5,2025-05,73,경기도,포천시,길명낚시공원,233,포천 2025_05.csv,레저스포츠,수상레저스포츠
포천,2025,5,2025-05,73,경기도,포천시,청계지,233,포천 2025_05.csv,자연관광,자연경관(하천/해양)
포천,2025,5,2025-05,75,경기도,포천시,금주저수지,232,포천 2025_05.csv,자연관광,자연경관(하천/해양)
포천,2025,5,2025-05,76,경기도,포천시,낭만닥터김사부촬영지,222,포천 2025_05.csv,문화관광,기타문화관광지
포천,2025,5,2025-05,77,경기도,포천시,포천하늘아래치유의숲,220,포천 2025_05.csv,기타관광,기타관광
포천,2025,5,2025-05,78,경기도,포천시,포천야구장,217,포천 2025_05.csv,문화관광,레저스포츠시설
포천,2025,5,2025-05,79,경기도,포천시,금주낚시터,210,포천 2025_05.csv,레저스포츠,수상레저스포츠
포천,2025,5,2025-05,80,경기도,포천시,아딸농원,209,포천 2025_05.csv,체험관광,농/산/어촌체험
포천,2025,5,2025-05,80,경기도,포천시,포천가구공단,209,포천 2025_05.csv,쇼핑,기타쇼핑시설
포천,2025,5,2025-05,82,경기도,포천시,백운계곡유원지,205,포천 2025_05.csv,문화관광,복합관광시설
포천,2025,5,2025-05,83,경기도,포천시,포천신읍시장,202,포천 2025_05.csv,쇼핑,시장
포천,2025,5,2025-05,84,경기도,포천시,운천재래시장,197,포천 2025_05.csv,쇼핑,시장
포천,2025,5,2025-05,85,경기도,포천시,송우공설시장,191,포천 2025_05.csv,쇼핑,시장
포천,2025,5,2025-05,86,경기도,포천시,설운체육공원,188,포천 2025_05.csv,문화관광,도시공원
포천,2025,5,2025-05,87,경기도,포천시,가농바이오농장,173,포천 2025_05.csv,체험관광,농/산/어촌체험
포천,2025,5,2025-05,88,경기도,포천시,한화리조트산정호수온천,168,포천 2025_05.csv,체험관광,웰니스관광
포천,2025,5,2025-05,89,경기도,포천시,광암이벽유적지,163,포천 2025_05.csv,역사관광,역사유적지
포천,2025,5,2025-05,90,경기도,포천시,허브아일랜드라데봄축제,161,포천 2025_05.csv,문화관광,기타문화관광지
포천,2025,5,2025-05,91,경기도,포천시,천주호,157,포천 2025_05.csv,자연관광,자연경관(하천/해양)
포천,2025,5,2025-05,92,경기도,포천시,포천체육공원,148,포천 2025_05.csv,문화관광,도시공원
포천,2025,5,2025-05,93,경기도,포천시,소흘생활체육공원인공암벽장,144,포천 2025_05.csv,레저스포츠,기타레저스포츠
포천,2025,5,2025-05,94,경기도,포천시,산정호수조각공원,143,포천 2025_05.csv,문화관광,도시공원
포천,2025,5,2025-05,95,경기도,포천시,화현이벽성지,139,포천 2025_05.csv,역사관광,역사유적지
포천,2025,5,2025-05,96,경기도,포천시,구담사,130,포천 2025_05.csv,역사관광,종교성지
포천,2025,5,2025-05,97,경기도,포천시,자인사,129,포천 2025_05.csv,역사관광,종교성지
포천,2025,5,2025-05,98,경기도,포천시,흥룡사,127,포천 2025_05.csv,역사관광,종교성지
포천,2025,5,2025-05,98,경기도,포천시,포천파크골프장,127,포천 2025_05.csv,레저스포츠,기타레저스포츠
포천,2025,5,2025-05,100,경기도,포천시,아침햇살청소년수련원,124,포천 2025_05.csv,레저스포츠,육상레저스포츠
포천,2025,5,2025-05,101,경기도,포천시,고일낚시터,122,포천 2025_05.csv,레저스포츠,수상레저스포츠
포천,2025,5,2025-05,102,경기도,포천시,화엄사,120,포천 2025_05.csv,역사관광,종교성지
포천,2025,5,2025-05,103,경기도,포천시,미륵사,117,포천 2025_05.csv,역사관광,종교성지
포천,2025,5,2025-05,103,경기도,포천시,호스랜드승마클럽,117,포천 2025_05.csv,레저스포츠,육상레저스포츠
포천,2025,5,2025-05,105,경기도,포천시,포천패션타운,114,포천 2025_05.csv,쇼핑,쇼핑몰
포천,2025,5,2025-05,106,경기도,포천시,약천사,113,포천 2025_05.csv,역사관광,종교성지
포천,2025,5,2025-05,107,경기도,포천시,포천스포츠센터,112,포천 2025_05.csv,레저스포츠,기타레저스포츠
포천,2025,5,2025-05,108,경기도,포천시,포천염광수련원,102,포천 2025_05.csv,레저스포츠,육상레저스포츠
포천,2025,5,2025-05,108,경기도,포천시,멍우리협곡,102,포천 2025_05.csv,자연관광,자연경관(산)
포천,2025,5,2025-05,108,경기도,포천시,산정랜드,102,포천 2025_05.csv,문화관광,복합관광시설
포천,2025,5,2025-05,111,경기도,포천시,황금프라자,93,포천 2025_05.csv,쇼핑,쇼핑몰
포천,2025,5,2025-05,112,경기도,포천시,운천,84,포천 2025_05.csv,기타관광,기타관광
포천,2025,5,2025-05,113,경기도,포천시,나남수목원,83,포천 2025_05.csv,자연관광,자연공원
포천,2025,5,2025-05,114,경기도,포천시,황새목낚시터,76,포천 2025_05.csv,레저스포츠,수상레저스포츠
포천,2025,5,2025-05,115,경기도,포천시,교동가마소,72,포천 2025_05.csv,기타관광,기타관광
포천,2025,5,2025-05,116,경기도,포천시,갈월버섯농장,68,포천 2025_05.csv,체험관광,농/산/어촌체험
포천,2025,5,2025-05,117,경기도,포천시,보문정사,65,포천 2025_05.csv,역사관광,종교성지
포천,2025,5,2025-05,117,경기도,포천시,깊이울저수지,65,포천 2025_05.csv,자연관광,자연경관(하천/해양)
포천,2025,5,2025-05,119,경기도,포천시,포천아트밸리천문과학관,64,포천 2025_05.csv,문화관광,전시시설
포천,2025,5,2025-05,120,경기도,포천시,청계저수지수변공원,63,포천 2025_05.csv,문화관광,도시공원
포천,2025,5,2025-05,121,경기도,포천시,한탄강주상절리길3코스,62,포천 2025_05.csv,레저스포츠,기타레저스포츠
포천,2025,5,2025-05,121,경기도,포천시,메향낚시터,62,포천 2025_05.csv,레저스포츠,수상레저스포츠
포천,2025,5,2025-05,123,경기도,포천시,뿌리굿당,60,포천 2025_05.csv,역사관광,종교성지
포천,2025,5,2025-05,124,경기도,포천시,태산낚시터,59,포천 2025_05.csv,레저스포츠,수상레저스포츠
포천,2025,5,2025-05,125,경기도,포천시,자비사,58,포천 2025_05.csv,역사관광,종교성지
포천,2025,5,2025-05,126,경기도,포천시,레이크밸리 승마클럽,57,포천 2025_05.csv,레저스포츠,기타레저스포츠
포천,2025,5,2025-05,126,경기도,포천시,허브아일랜드불빛동화축제,57,포천 2025_05.csv,문화관광,기타문화관광지
포천,2025,5,2025-05,128,경기도,포천시,일동시장,55,포천 2025_05.csv,쇼핑,시장
포천,2025,5,2025-05,129,경기도,포천시,관음사,54,포천 2025_05.csv,역사관광,종교성지
포천,2025,5,2025-05,129,경기도,포천시,포천자동차극장,54,포천 2025_05.csv,문화관광,공연시설
포천,2025,5,2025-05,131,경기도,포천시,한탄강야생화공원,53,포천 2025_05.csv,문화관광,도시공원
포천,2025,5,2025-05,132,경기도,포천시,블루밍팜,52,포천 2025_05.csv,체험관광,농/산/어촌체험
포천,2025,5,2025-05,132,경기도,포천시,광릉수목원자동차극장,52,포천 2025_05.csv,문화관광,공연시설
포천,2025,5,2025-05,134,경기도,포천시,한탄강팔호유원지,47,포천 2025_05.csv,문화관광,복합관광시설
포천,2025,5,2025-05,134,경기도,포천시,코버월드,47,포천 2025_05.csv,문화관광,전시시설
포천,2025,5,2025-05,136,경기도,포천시,포천종합운동장보조구장,45,포천 2025_05.csv,문화관광,레저스포츠시설
포천,2025,5,2025-05,137,경기도,포천시,서운동산어린이동물농장,44,포천 2025_05.csv,기타관광,기타관광
포천,2025,5,2025-05,138,경기도,포천시,어하고개,42,포천 2025_05.csv,자연관광,자연경관(산)
포천,2025,5,2025-05,139,경기도,포천시,국립산림박물관,41,포천 2025_05.csv,문화관광,전시시설
포천,2025,5,2025-05,139,경기도,포천시,천주사,41,포천 2025_05.csv,역사관광,종교성지
포천,2025,5,2025-05,141,경기도,포천시,대안사,40,포천 2025_05.csv,역사관광,종교성지
포천,2025,5,2025-05,142,경기도,포천시,지청낚시터,38,포천 2025_05.csv,레저스포츠,수상레저스포츠
포천,2025,5,2025-05,143,경기도,포천시,지장산계곡,37,포천 2025_05.csv,자연관광,자연경관(산)
포천,2025,5,2025-05,143,경기도,포천시,옥병서원,37,포천 2025_05.csv,역사관광,역사유적지
포천,2025,5,2025-05,145,경기도,포천시,클라우드시네마,36,포천 2025_05.csv,문화관광,공연시설
포천,2025,5,2025-05,146,경기도,포천시,왕방산,35,포천 2025_05.csv,자연관광,자연경관(산)
포천,2025,5,2025-05,146,경기도,포천시,포천운산리자연생태공원,35,포천 2025_05.csv,문화관광,도시공원
포천,2025,5,2025-05,148,경기도,포천시,포천미래교육센터,34,포천 2025_05.csv,체험관광,체험관광기타
포천,2025,5,2025-05,148,경기도,포천시,태국군참전비,34,포천 2025_05.csv,역사관광,역사유물
포천,2025,5,2025-05,148,경기도,포천시,향림사,34,포천 2025_05.csv,역사관광,종교성지
포천,2025,5,2025-05,151,경기도,포천시,한탄강테마파크,33,포천 2025_05.csv,문화관광,테마공원
포천,2025,5,2025-05,152,경기도,포천시,포천음악창작소,32,포천 2025_05.csv,문화관광,기타문화관광지
포천,2025,5,2025-05,152,경기도,포천시,금룡사,32,포천 2025_05.csv,역사관광,종교성지
포천,2025,5,2025-05,152,경기도,포천시,복후미저수지,32,포천 2025_05.csv,자연관광,자연경관(하천/해양)
포천,2025,5,2025-05,155,경기도,포천시,한탄강주상절리길2코스,31,포천 2025_05.csv,레저스포츠,기타레저스포츠
포천,2025,5,2025-05,156,경기도,포천시,천해사,30,포천 2025_05.csv,역사관광,종교성지
포천,2025,5,2025-05,157,경기도,포천시,몽글몽글팜,29,포천 2025_05.csv,체험관광,농/산/어촌체험
포천,2025,5,2025-05,158,경기도,포천시,수목원프로방스,28,포천 2025_05.csv,자연관광,자연공원
포천,2025,5,2025-05,159,경기도,포천시,극락사,27,포천 2025_05.csv,역사관광,종교성지
포천,2025,5,2025-05,160,경기도,포천시,전운사,26,포천 2025_05.csv,역사관광,종교성지
포천,2025,5,2025-05,160,경기도,포천시,청한베이스볼파크,26,포천 2025_05.csv,문화관광,레저스포츠시설
포천,2025,5,2025-05,162,경기도,포천시,무림사,25,포천 2025_05.csv,역사관광,종교성지
포천,2025,5,2025-05,162,경기도,포천시,도마치계곡,25,포천 2025_05.csv,자연관광,자연경관(산)
포천,2025,5,2025-05,162,경기도,포천시,포천향교,25,포천 2025_05.csv,역사관광,역사유적지
포천,2025,5,2025-05,165,경기도,포천시,이항복선생묘,24,포천 2025_05.csv,역사관광,역사유적지
포천,2025,5,2025-05,166,경기도,포천시,내리공설시장,23,포천 2025_05.csv,쇼핑,시장
포천,2025,5,2025-05,166,경기도,포천시,송광사,23,포천 2025_05.csv,역사관광,종교성지
포천,2025,5,2025-05,166,경기도,포천시,보림사,23,포천 2025_05.csv,역사관광,종교성지
포천,2025,5,2025-05,169,경기도,포천시,포천38문화예술창작소공사중(2025년 개관예정),22,포천 2025_05.csv,문화관광,기타문화관광지
포천,2025,5,2025-05,169,경기도,포천시,청계산,22,포천 2025_05.csv,자연관광,자연경관(산)
포천,2025,5,2025-05,169,경기도,포천시,포천시 관인면 교동장독대마을,22,포천 2025_05.csv,역사관광,역사유적지
포천,2025,5,2025-05,169,경기도,포천시,포천블루파크,22,포천 2025_05.csv,문화관광,테마공원
포천,2025,5,2025-05,173,경기도,포천시,포천소민농장,21,포천 2025_05.csv,체험관광,농/산/어촌체험
포천,2025,5,2025-05,173,경기도,포천시,백로주유원지,21,포천 2025_05.csv,문화관광,복합관광시설
포천,2025,5,2025-05,175,경기도,포천시,신북메가필드,20,포천 2025_05.csv,레저스포츠,육상레저스포츠
포천,2025,5,2025-05,175,경기도,포천시,한과문화박물관,20,포천 2025_05.csv,문화관광,전시시설
포천,2025,5,2025-05,175,경기도,포천시,Y스포츠센터,20,포천 2025_05.csv,레저스포츠,기타레저스포츠
포천,2025,5,2025-05,178,경기도,포천시,법왕사,19,포천 2025_05.csv,역사관광,종교성지
포천,2025,5,2025-05,178,경기도,포천시,선광사,19,포천 2025_05.csv,역사관광,종교성지
포천,2025,5,2025-05,178,경기도,포천시,한탄강대교천현무암협곡,19,포천 2025_05.csv,기타관광,기타관광
포천,2025,5,2025-05,178,경기도,포천시,금불사,19,포천 2025_05.csv,역사관광,종교성지
포천,2025,5,2025-05,182,경기도,포천시,포천목공체험장,17,포천 2025_05.csv,문화관광,기타문화관광지
포천,2025,5,2025-05,182,경기도,포천시,충목단,17,포천 2025_05.csv,역사관광,역사유적지
포천,2025,5,2025-05,182,경기도,포천시,동화사,17,포천 2025_05.csv,역사관광,종교성지
포천,2025,5,2025-05,182,경기도,포천시,중리저수지,17,포천 2025_05.csv,자연관광,자연경관(하천/해양)
포천,2025,5,2025-05,182,경기도,포천시,승법사,17,포천 2025_05.csv,역사관광,종교성지
포천,2025,5,2025-05,182,경기도,포천시,도연암,17,포천 2025_05.csv,역사관광,종교성지
포천,2025,5,2025-05,188,경기도,포천시,한탄강주상절리길4코스,16,포천 2025_05.csv,레저스포츠,기타레저스포츠
포천,2025,5,2025-05,188,경기도,포천시,포천반월성,16,포천 2025_05.csv,역사관광,역사유적지
포천,2025,5,2025-05,188,경기도,포천시,미륵박물관,16,포천 2025_05.csv,문화관광,전시시설
포천,2025,5,2025-05,188,경기도,포천시,향적사,16,포천 2025_05.csv,역사관광,종교성지
포천,2025,5,2025-05,192,경기도,포천시,한탄강주상절리길5코스,15,포천 2025_05.csv,레저스포츠,기타레저스포츠
포천,2025,5,2025-05,192,경기도,포천시,모돈갤러리,15,포천 2025_05.csv,문화관광,전시시설
포천,2025,5,2025-05,192,경기도,포천시,만덕사,15,포천 2025_05.csv,역사관광,종교성지
포천,2025,5,2025-05,192,경기도,포천시,성불암,15,포천 2025_05.csv,역사관광,종교성지
포천,2025,5,2025-05,192,경기도,포천시,포천용담저수지,15,포천 2025_05.csv,자연관광,자연경관(하천/해양)
포천,2025,5,2025-05,197,경기도,포천시,고모리수상레저,14,포천 2025_05.csv,레저스포츠,기타레저스포츠
포천,2025,5,2025-05,198,경기도,포천시,송일농장,13,포천 2025_05.csv,체험관광,농/산/어촌체험
포천,2025,5,2025-05,198,경기도,포천시,영평천,13,포천 2025_05.csv,자연관광,자연공원
포천,2025,5,2025-05,200,경기도,포천시,루지월드베어스타운점,12,포천 2025_05.csv,레저스포츠,기타레저스포츠
포천,2025,5,2025-05,200,경기도,포천시,소흘아이사랑놀이터,12,포천 2025_05.csv,문화관광,테마공원
포천,2025,5,2025-05,200,경기도,포천시,백운산,12,포천 2025_05.csv,자연관광,자연경관(산)
포천,2025,5,2025-05,200,경기도,포천시,소흘생활체육공원제1축구장,12,포천 2025_05.csv,문화관광,레저스포츠시설
포천,2025,5,2025-05,200,경기도,포천시,가온농장,12,포천 2025_05.csv,체험관광,농/산/어촌체험
포천,2025,5,2025-05,200,경기도,포천시,국봉사,12,포천 2025_05.csv,역사관광,종교성지
포천,2025,5,2025-05,206,경기도,포천시,기원정사,11,포천 2025_05.csv,역사관광,종교성지
포천,2025,5,2025-05,206,경기도,포천시,신읍동도시재생어울림센터2,11,포천 2025_05.csv,문화관광,기타문화관광지
포천,2025,5,2025-05,206,경기도,포천시,직동낚시터,11,포천 2025_05.csv,레저스포츠,수상레저스포츠
포천,2025,5,2025-05,206,경기도,포천시,지질트레일1코스,11,포천 2025_05.csv,레저스포츠,기타레저스포츠
포천,2025,5,2025-05,206,경기도,포천시,용주암,11,포천 2025_05.csv,역사관광,종교성지
포천,2025,5,2025-05,211,경기도,포천시,부소천교,10,포천 2025_05.csv,기타관광,기타관광
포천,2025,5,2025-05,211,경기도,포천시,마전저수지,10,포천 2025_05.csv,자연관광,자연경관(하천/해양)
포천,2025,5,2025-05,211,경기도,포천시,천궁사,10,포천 2025_05.csv,역사관광,종교성지
포천,2025,5,2025-05,211,경기도,포천시,본선사,10,포천 2025_05.csv,역사관광,종교성지
포천,2025,5,2025-05,211,경기도,포천시,명성산산안고개방면,10,포천 2025_05.csv,자연관광,자연경관(산)
포천,2025,5,2025-05,211,경기도,포천시,성불사,10,포천 2025_05.csv,역사관광,종교성지
포천,2025,5,2025-05,211,경기도,포천시,서광사,10,포천 2025_05.csv,역사관광,종교성지
포천,2025,5,2025-05,211,경기도,포천시,문옥목장,10,포천 2025_05.csv,체험관광,농/산/어촌체험
포천,2025,5,2025-05,219,경기도,포천시,건플레이,9,포천 2025_05.csv,레저스포츠,기타레저스포츠
포천,2025,5,2025-05,219,경기도,포천시,이동정류소,9,포천 2025_05.csv,기타관광,교통시설
포천,2025,5,2025-05,219,경기도,포천시,포천물골연등제,9,포천 2025_05.csv,문화관광,기타문화관광지
포천,2025,5,2025-05,219,경기도,포천시,보현사,9,포천 2025_05.csv,역사관광,종교성지
포천,2025,5,2025-05,219,경기도,포천시,도리돌문화교류센터,9,포천 2025_05.csv,레저스포츠,기타레저스포츠
포천,2025,5,2025-05,219,경기도,포천시,명산저수지,9,포천 2025_05.csv,자연관광,자연경관(하천/해양)
포천,2025,5,2025-05,219,경기도,포천시,천은사,9,포천 2025_05.csv,역사관광,종교성지
포천,2025,5,2025-05,226,경기도,포천시,포천무형유산전수교육관,8,포천 2025_05.csv,체험관광,체험관광기타
포천,2025,5,2025-05,226,경기도,포천시,원통사,8,포천 2025_05.csv,역사관광,종교성지
포천,2025,5,2025-05,226,경기도,포천시,2025년포천시어린이날축제,8,포천 2025_05.csv,문화관광,기타문화관광지
포천,2025,5,2025-05,226,경기도,포천시,산정호수수상보트장,8,포천 2025_05.csv,레저스포츠,수상레저스포츠
포천,2025,5,2025-05,226,경기도,포천시,광릉분재예술공원,8,포천 2025_05.csv,문화관광,도시공원
포천,2025,5,2025-05,226,경기도,포천시,성광미륵사,8,포천 2025_05.csv,역사관광,종교성지
포천,2025,5,2025-05,226,경기도,포천시,허브아일랜드산타마을,8,포천 2025_05.csv,문화관광,테마공원
포천,2025,5,2025-05,226,경기도,포천시,백운계곡국민관광지,8,포천 2025_05.csv,문화관광,복합관광시설
포천,2025,5,2025-05,226,경기도,포천시,대한불교조계종정변지사,8,포천 2025_05.csv,역사관광,종교성지
포천,2025,5,2025-05,226,경기도,포천시,키즈필포천송우점,8,포천 2025_05.csv,문화관광,테마공원
포천,2025,5,2025-05,226,경기도,포천시,장암저수지,8,포천 2025_05.csv,자연관광,자연경관(하천/해양)
포천,2025,5,2025-05,237,경기도,포천시,베스트원스포츠,7,포천 2025_05.csv,레저스포츠,기타레저스포츠
포천,2025,5,2025-05,237,경기도,포천시,무상사,7,포천 2025_05.csv,역사관광,종교성지
포천,2025,5,2025-05,237,경기도,포천시,선우팜,7,포천 2025_05.csv,체험관광,농/산/어촌체험
포천,2025,5,2025-05,237,경기도,포천시,포천시파크골프장건축중(2025년 예정),7,포천 2025_05.csv,레저스포츠,육상레저스포츠
포천,2025,5,2025-05,237,경기도,포천시,아쿠아스마트팜,7,포천 2025_05.csv,체험관광,농/산/어촌체험
포천,2025,5,2025-05,237,경기도,포천시,포천제2하늘다리,7,포천 2025_05.csv,기타관광,기타관광
포천,2025,5,2025-05,237,경기도,포천시,풍림농장,7,포천 2025_05.csv,체험관광,농/산/어촌체험
포천,2025,5,2025-05,237,경기도,포천시,밤밭지,7,포천 2025_05.csv,자연관광,자연경관(하천/해양)
포천,2025,5,2025-05,237,경기도,포천시,황제다육식물농장,7,포천 2025_05.csv,체험관광,농/산/어촌체험
포천,2025,5,2025-05,237,경기도,포천시,관음사,7,포천 2025_05.csv,역사관광,종교성지
포천,2025,5,2025-05,247,경기도,포천시,포천탁구클럽,6,포천 2025_05.csv,레저스포츠,기타레저스포츠
포천,2025,5,2025-05,247,경기도,포천시,초계목장,6,포천 2025_05.csv,체험관광,농/산/어촌체험
포천,2025,5,2025-05,247,경기도,포천시,일동문화예술창고,6,포천 2025_05.csv,문화관광,기타문화관광지
포천,2025,5,2025-05,247,경기도,포천시,이항복선생기념관,6,포천 2025_05.csv,문화관광,전시시설
포천,2025,5,2025-05,247,경기도,포천시,기산근린공원,6,포천 2025_05.csv,문화관광,도시공원
포천,2025,5,2025-05,247,경기도,포천시,추동저수지낚시터,6,포천 2025_05.csv,레저스포츠,수상레저스포츠
포천,2025,5,2025-05,247,경기도,포천시,쌍불사,6,포천 2025_05.csv,역사관광,종교성지
포천,2025,5,2025-05,247,경기도,포천시,베어스타운CC휴업,6,포천 2025_05.csv,레저스포츠,육상레저스포츠
포천,2025,5,2025-05,247,경기도,포천시,명성산,6,포천 2025_05.csv,자연관광,자연경관(산)
포천,2025,5,2025-05,247,경기도,포천시,태봉공원,6,포천 2025_05.csv,문화관광,도시공원
포천,2025,5,2025-05,247,경기도,포천시,솔모루공원,6,포천 2025_05.csv,문화관광,도시공원
포천,2025,5,2025-05,247,경기도,포천시,산정호수관광단지,6,포천 2025_05.csv,문화관광,복합관광시설
포천,2025,5,2025-05,247,경기도,포천시,냉정낚시터,6,포천 2025_05.csv,레저스포츠,수상레저스포츠
포천,2025,5,2025-05,247,경기도,포천시,수원산,6,포천 2025_05.csv,자연관광,자연경관(산)
포천,2025,5,2025-05,247,경기도,포천시,늘푸른농장,6,포천 2025_05.csv,체험관광,농/산/어촌체험
포천,2025,5,2025-05,247,경기도,포천시,고모지,6,포천 2025_05.csv,자연관광,자연경관(하천/해양)
포천,2025,5,2025-05,247,경기도,포천시,왕달아포도농원,6,포천 2025_05.csv,체험관광,농/산/어촌체험
포천,2025,5,2025-05,247,경기도,포천시,영천목장,6,포천 2025_05.csv,체험관광,농/산/어촌체험
포천,2025,5,2025-05,247,경기도,포천시,물방울공원,6,포천 2025_05.csv,문화관광,도시공원
포천,2025,5,2025-05,247,경기도,포천시,순해목장,6,포천 2025_05.csv,체험관광,농/산/어촌체험
포천,2025,5,2025-05,267,경기도,포천시,대수암,5,포천 2025_05.csv,역사관광,종교성지
포천,2025,5,2025-05,267,경기도,포천시,무봉리족구장,5,포천 2025_05.csv,레저스포츠,기타레저스포츠
포천,2025,5,2025-05,267,경기도,포천시,화봉사,5,포천 2025_05.csv,역사관광,종교성지
포천,2025,5,2025-05,267,경기도,포천시,용연서원,5,포천 2025_05.csv,역사관광,역사유적지
포천,2025,5,2025-05,267,경기도,포천시,정혜사,5,포천 2025_05.csv,역사관광,종교성지
포천,2025,5,2025-05,267,경기도,포천시,각흘산,5,포천 2025_05.csv,자연관광,자연경관(산)
포천,2025,5,2025-05,273,경기도,포천시,금당정사,4,포천 2025_05.csv,역사관광,종교성지
포천,2025,5,2025-05,273,경기도,포천시,소리농장,4,포천 2025_05.csv,체험관광,농/산/어촌체험
포천,2025,5,2025-05,273,경기도,포천시,실상선원,4,포천 2025_05.csv,역사관광,종교성지
포천,2025,5,2025-05,273,경기도,포천시,어모릭스공방,4,포천 2025_05.csv,체험관광,공예체험
포천,2025,5,2025-05,273,경기도,포천시,운악레저타운,4,포천 2025_05.csv,레저스포츠,기타레저스포츠
포천,2025,5,2025-05,273,경기도,포천시,관인공설시장,4,포천 2025_05.csv,쇼핑,시장
포천,2025,5,2025-05,273,경기도,포천시,봉운사,4,포천 2025_05.csv,역사관광,종교성지
포천,2025,5,2025-05,273,경기도,포천시,화현저수지,4,포천 2025_05.csv,자연관광,자연경관(하천/해양)
포천,2025,5,2025-05,273,경기도,포천시,독수리유격대전적비,4,포천 2025_05.csv,역사관광,역사유물
포천,2025,5,2025-05,273,경기도,포천시,제일베리,4,포천 2025_05.csv,체험관광,농/산/어촌체험
포천,2025,5,2025-05,273,경기도,포천시,포천시 소흘읍 고모3리문화마을,4,포천 2025_05.csv,역사관광,역사유적지
포천,2025,5,2025-05,273,경기도,포천시,육사생도6.25참전기념비,4,포천 2025_05.csv,역사관광,역사유물
포천,2025,5,2025-05,285,경기도,포천시,산안고개,3,포천 2025_05.csv,자연관광,자연경관(산)
포천,2025,5,2025-05,285,경기도,포천시,삼산소류지,3,포천 2025_05.csv,자연관광,자연경관(하천/해양)
포천,2025,5,2025-05,285,경기도,포천시,관인문화마을,3,포천 2025_05.csv,기타관광,기타관광
포천,2025,5,2025-05,285,경기도,포천시,밤밭실내장어낚시터,3,포천 2025_05.csv,레저스포츠,수상레저스포츠
포천,2025,5,2025-05,285,경기도,포천시,소우주도자기공방,3,포천 2025_05.csv,체험관광,공예체험
포천,2025,5,2025-05,285,경기도,포천시,선단문화공원,3,포천 2025_05.csv,문화관광,도시공원
포천,2025,5,2025-05,285,경기도,포천시,하늘다리사과농장,3,포천 2025_05.csv,체험관광,농/산/어촌체험
포천,2025,5,2025-05,285,경기도,포천시,소흘생활체육공원제2축구장,3,포천 2025_05.csv,문화관광,레저스포츠시설
포천,2025,5,2025-05,285,경기도,포천시,털보낚시터,3,포천 2025_05.csv,레저스포츠,수상레저스포츠
포천,2025,5,2025-05,285,경기도,포천시,수목원낚시터,3,포천 2025_05.csv,레저스포츠,수상레저스포츠
포천,2025,5,2025-05,285,경기도,포천시,백사이항복기념관,3,포천 2025_05.csv,문화관광,전시시설
포천,2025,5,2025-05,285,경기도,포천시,화산서원,3,포천 2025_05.csv,역사관광,역사유적지
포천,2025,5,2025-05,285,경기도,포천시,인평대군묘및신도비,3,포천 2025_05.csv,역사관광,역사유적지
포천,2025,5,2025-05,285,경기도,포천시,포천직두리의부부송,3,포천 2025_05.csv,역사관광,역사유적지
포천,2025,5,2025-05,285,경기도,포천시,포천시 영북면 육호마을,3,포천 2025_05.csv,역사관광,역사유적지
포천,2025,5,2025-05,285,경기도,포천시,백련사,3,포천 2025_05.csv,역사관광,종교성지
포천,2025,5,2025-05,285,경기도,포천시,대군정,3,포천 2025_05.csv,레저스포츠,육상레저스포츠
포천,2025,5,2025-05,285,경기도,포천시,운악산포천운주사방면,3,포천 2025_05.csv,자연관광,자연경관(산)
포천,2025,5,2025-05,285,경기도,포천시,지장사,3,포천 2025_05.csv,역사관광,종교성지
포천,2025,5,2025-05,285,경기도,포천시,고산식물원,3,포천 2025_05.csv,문화관광,테마공원
포천,2025,5,2025-05,285,경기도,포천시,산정호수허브식물원,3,포천 2025_05.csv,문화관광,테마공원
포천,2025,5,2025-05,285,경기도,포천시,정수유원지,3,포천 2025_05.csv,문화관광,복합관광시설
포천,2025,5,2025-05,285,경기도,포천시,운주사,3,포천 2025_05.csv,역사관광,종교성지
포천,2025,5,2025-05,285,경기도,포천시,운천제3공원,3,포천 2025_05.csv,문화관광,도시공원
포천,2025,5,2025-05,285,경기도,포천시,이동생태공원,3,포천 2025_05.csv,문화관광,도시공원
포천,2025,5,2025-05,285,경기도,포천시,마홀축구장,3,포천 2025_05.csv,문화관광,레저스포츠시설
포천,2025,5,2025-05,285,경기도,포천시,다산농산,3,포천 2025_05.csv,체험관광,농/산/어촌체험
포천,2025,5,2025-05,285,경기도,포천시,초가낚시터,3,포천 2025_05.csv,레저스포츠,수상레저스포츠
포천,2025,5,2025-05,285,경기도,포천시,무네미낚시터,3,포천 2025_05.csv,레저스포츠,수상레저스포츠
포천,2025,5,2025-05,285,경기도,포천시,포천축협가축시장,3,포천 2025_05.csv,쇼핑,시장
포천,2025,5,2025-05,285,경기도,포천시,깊이울낚시터,3,포천 2025_05.csv,레저스포츠,수상레저스포츠
포천,2025,5,2025-05,285,경기도,포천시,미트빌연합사업단,3,포천 2025_05.csv,쇼핑,시장
포천,2025,5,2025-05,285,경기도,포천시,도평리터미널,3,포천 2025_05.csv,기타관광,교통시설
포천,2025,5,2025-05,285,경기도,포천시,지장산유원지,3,포천 2025_05.csv,문화관광,복합관광시설
포천,2025,5,2025-05,285,경기도,포천시,한탄임진강지질공원,3,포천 2025_05.csv,문화관광,도시공원
포천,2025,5,2025-05,285,경기도,포천시,동교하우스낚시터,3,포천 2025_05.csv,레저스포츠,수상레저스포츠
포천,2025,5,2025-05,285,경기도,포천시,평화나무농장,3,포천 2025_05.csv,체험관광,농/산/어촌체험
포천,2025,5,2025-05,285,경기도,포천시,정맥선원,3,포천 2025_05.csv,역사관광,종교성지
포천,2025,5,2025-05,285,경기도,포천시,법화사포천도량,3,포천 2025_05.csv,역사관광,종교성지
포천,2025,6,2025-06,1,경기도,포천시,국립수목원,10198,포천 2025_06.csv,문화관광,테마공원
포천,2025,6,2025-06,2,경기도,포천시,산정호수,9533,포천 2025_06.csv,자연관광,자연경관(하천/해양)
포천,2025,6,2025-06,3,경기도,포천시,베어크리크GC,8600,포천 2025_06.csv,레저스포츠,육상레저스포츠
포천,2025,6,2025-06,4,경기도,포천시,포천힐마루CC,8148,포천 2025_06.csv,레저스포츠,육상레저스포츠
포천,2025,6,2025-06,5,경기도,포천시,포천힐스CC,7659,포천 2025_06.csv,레저스포츠,육상레저스포츠
포천,2025,6,2025-06,6,경기도,포천시,포천아트밸리,7187,포천 2025_06.csv,문화관광,공연시설
포천,2025,6,2025-06,7,경기도,포천시,라싸GC,6821,포천 2025_06.csv,레저스포츠,육상레저스포츠
포천,2025,6,2025-06,8,경기도,포천시,한탄강Y자출렁다리,6691,포천 2025_06.csv,기타관광,기타관광
포천,2025,6,2025-06,9,경기도,포천시,푸른솔GC포천,6444,포천 2025_06.csv,레저스포츠,육상레저스포츠
포천,2025,6,2025-06,10,경기도,포천시,필로스GC,6434,포천 2025_06.csv,레저스포츠,육상레저스포츠
포천,2025,6,2025-06,11,경기도,포천시,포레스트힐CC,6345,포천 2025_06.csv,레저스포츠,육상레저스포츠
포천,2025,6,2025-06,12,경기도,포천시,포천아도니스CC,5831,포천 2025_06.csv,레저스포츠,육상레저스포츠
포천,2025,6,2025-06,13,경기도,포천시,허브아일랜드,5650,포천 2025_06.csv,체험관광,농/산/어촌체험
포천,2025,6,2025-06,14,경기도,포천시,몽베르CC,5225,포천 2025_06.csv,레저스포츠,육상레저스포츠
포천,2025,6,2025-06,15,경기도,포천시,고모저수지,4991,포천 2025_06.csv,자연관광,자연경관(하천/해양)
포천,2025,6,2025-06,16,경기도,포천시,비둘기낭폭포,4364,포천 2025_06.csv,자연관광,자연경관(산)
포천,2025,6,2025-06,17,경기도,포천시,샴발라CC,4321,포천 2025_06.csv,레저스포츠,육상레저스포츠
포천,2025,6,2025-06,18,경기도,포천시,참밸리컨트리클럽,3587,포천 2025_06.csv,레저스포츠,육상레저스포츠
포천,2025,6,2025-06,19,경기도,포천시,일동레이크GC,3558,포천 2025_06.csv,레저스포츠,육상레저스포츠
포천,2025,6,2025-06,20,경기도,포천시,백운계곡,3273,포천 2025_06.csv,자연관광,자연경관(산)
포천,2025,6,2025-06,21,경기도,포천시,일동시외버스터미널,3243,포천 2025_06.csv,기타관광,교통시설
포천,2025,6,2025-06,22,경기도,포천시,신북온천,2410,포천 2025_06.csv,체험관광,웰니스관광
포천,2025,6,2025-06,23,경기도,포천시,포천한탄강가든페스타,2029,포천 2025_06.csv,문화관광,기타문화관광지
포천,2025,6,2025-06,24,경기도,포천시,포천한탄강하늘다리,1746,포천 2025_06.csv,기타관광,기타관광
포천,2025,6,2025-06,25,경기도,포천시,제일유황온천,1592,포천 2025_06.csv,체험관광,웰니스관광
포천,2025,6,2025-06,26,경기도,포천시,CGV포천,1471,포천 2025_06.csv,문화관광,공연시설
포천,2025,6,2025-06,27,경기도,포천시,락가든GC,1411,포천 2025_06.csv,레저스포츠,육상레저스포츠
포천,2025,6,2025-06,28,경기도,포천시,한탄강생태경관단지,1269,포천 2025_06.csv,기타관광,기타관광
포천,2025,6,2025-06,29,경기도,포천시,송우시외버스터미널,1174,포천 2025_06.csv,기타관광,교통시설
포천,2025,6,2025-06,30,경기도,포천시,마이애니멀스토리in평강랜드,1121,포천 2025_06.csv,문화관광,테마공원
포천,2025,6,2025-06,31,경기도,포천시,포천반월아트홀,1058,포천 2025_06.csv,문화관광,공연시설
포천,2025,6,2025-06,32,경기도,포천시,포천아도니스퍼블릭CC,959,포천 2025_06.csv,레저스포츠,육상레저스포츠
포천,2025,6,2025-06,33,경기도,포천시,한탄강지질공원센터,899,포천 2025_06.csv,문화관광,전시시설
포천,2025,6,2025-06,34,경기도,포천시,한탄강주상절리길1코스,894,포천 2025_06.csv,레저스포츠,기타레저스포츠
포천,2025,6,2025-06,35,경기도,포천시,축석고개,864,포천 2025_06.csv,자연관광,자연경관(산)
포천,2025,6,2025-06,36,경기도,포천시,동교낚시터,846,포천 2025_06.csv,레저스포츠,수상레저스포츠
포천,2025,6,2025-06,37,경기도,포천시,포천축구공원,829,포천 2025_06.csv,문화관광,도시공원
포천,2025,6,2025-06,38,경기도,포천시,포천시외버스터미널,765,포천 2025_06.csv,기타관광,교통시설
포천,2025,6,2025-06,39,경기도,포천시,운악산자연휴양림,761,포천 2025_06.csv,자연관광,자연공원
포천,2025,6,2025-06,40,경기도,포천시,산사원,757,포천 2025_06.csv,문화관광,전시시설
포천,2025,6,2025-06,41,경기도,포천시,서운동산,739,포천 2025_06.csv,문화관광,복합관광시설
포천,2025,6,2025-06,42,경기도,포천시,베어스타운스키장휴업,714,포천 2025_06.csv,레저스포츠,육상레저스포츠
포천,2025,6,2025-06,43,경기도,포천시,가산낚시터,703,포천 2025_06.csv,레저스포츠,수상레저스포츠
포천,2025,6,2025-06,44,경기도,포천시,초원낚시터,687,포천 2025_06.csv,레저스포츠,수상레저스포츠
포천,2025,6,2025-06,45,경기도,포천시,밤밭낚시터,676,포천 2025_06.csv,레저스포츠,수상레저스포츠
포천,2025,6,2025-06,46,경기도,포천시,마전낚시터,623,포천 2025_06.csv,레저스포츠,수상레저스포츠
포천,2025,6,2025-06,47,경기도,포천시,호국금강사,609,포천 2025_06.csv,역사관광,종교성지
포천,2025,6,2025-06,48,경기도,포천시,예술정원1999자연예술테마파크,603,포천 2025_06.csv,문화관광,테마공원
포천,2025,6,2025-06,49,경기도,포천시,천보산자연휴양림,588,포천 2025_06.csv,자연관광,자연공원
포천,2025,6,2025-06,50,경기도,포천시,포천5일장,549,포천 2025_06.csv,쇼핑,시장
포천,2025,6,2025-06,51,경기도,포천시,수목원고모호수공원,496,포천 2025_06.csv,문화관광,도시공원
포천,2025,6,2025-06,52,경기도,포천시,주파크,481,포천 2025_06.csv,문화관광,테마공원
포천,2025,6,2025-06,53,경기도,포천시,내촌낚시터,455,포천 2025_06.csv,레저스포츠,수상레저스포츠
포천,2025,6,2025-06,54,경기도,포천시,쌍방죽낚시터,435,포천 2025_06.csv,레저스포츠,수상레저스포츠
포천,2025,6,2025-06,55,경기도,포천시,어메이징파크,432,포천 2025_06.csv,문화관광,전시시설
포천,2025,6,2025-06,56,경기도,포천시,깊이울유원지,431,포천 2025_06.csv,문화관광,복합관광시설
포천,2025,6,2025-06,57,경기도,포천시,가산저수지,424,포천 2025_06.csv,자연관광,자연경관(하천/해양)
포천,2025,6,2025-06,58,경기도,포천시,포천화적연,373,포천 2025_06.csv,자연관광,자연경관(하천/해양)
포천,2025,6,2025-06,59,경기도,포천시,포천수원산정상전망대,364,포천 2025_06.csv,문화관광,랜드마크관광
포천,2025,6,2025-06,60,경기도,포천시,직두리낚시터,361,포천 2025_06.csv,레저스포츠,수상레저스포츠
포천,2025,6,2025-06,61,경기도,포천시,냉정저수지,355,포천 2025_06.csv,자연관광,자연경관(하천/해양)
포천,2025,6,2025-06,62,경기도,포천시,황금낚시터,350,포천 2025_06.csv,레저스포츠,수상레저스포츠
포천,2025,6,2025-06,63,경기도,포천시,소흘생활체육공원,348,포천 2025_06.csv,문화관광,도시공원
포천,2025,6,2025-06,64,경기도,포천시,청성역사공원,336,포천 2025_06.csv,문화관광,도시공원
포천,2025,6,2025-06,65,경기도,포천시,포천블루파크,289,포천 2025_06.csv,문화관광,테마공원
포천,2025,6,2025-06,66,경기도,포천시,백운계곡유원지,285,포천 2025_06.csv,문화관광,복합관광시설
포천,2025,6,2025-06,67,경기도,포천시,도성사,276,포천 2025_06.csv,역사관광,종교성지
포천,2025,6,2025-06,68,경기도,포천시,용담대물낚시터,274,포천 2025_06.csv,레저스포츠,수상레저스포츠
포천,2025,6,2025-06,69,경기도,포천시,새마을낚시터,252,포천 2025_06.csv,레저스포츠,수상레저스포츠
포천,2025,6,2025-06,70,경기도,포천시,청계지,245,포천 2025_06.csv,자연관광,자연경관(하천/해양)
포천,2025,6,2025-06,71,경기도,포천시,가람누리문화공원전망대,240,포천 2025_06.csv,문화관광,랜드마크관광
포천,2025,6,2025-06,72,경기도,포천시,왕산사,210,포천 2025_06.csv,역사관광,종교성지
포천,2025,6,2025-06,72,경기도,포천시,포천하늘아래치유의숲,210,포천 2025_06.csv,기타관광,기타관광
포천,2025,6,2025-06,74,경기도,포천시,도마치계곡,208,포천 2025_06.csv,자연관광,자연경관(산)
포천,2025,6,2025-06,75,경기도,포천시,길명낚시공원,207,포천 2025_06.csv,레저스포츠,수상레저스포츠
포천,2025,6,2025-06,76,경기도,포천시,금주낚시터,201,포천 2025_06.csv,레저스포츠,수상레저스포츠
포천,2025,6,2025-06,77,경기도,포천시,포천가구공단,191,포천 2025_06.csv,쇼핑,기타쇼핑시설
포천,2025,6,2025-06,78,경기도,포천시,아프리카예술박물관,187,포천 2025_06.csv,문화관광,전시시설
포천,2025,6,2025-06,79,경기도,포천시,포천야구장,184,포천 2025_06.csv,문화관광,레저스포츠시설
포천,2025,6,2025-06,80,경기도,포천시,설운체육공원,168,포천 2025_06.csv,문화관광,도시공원
포천,2025,6,2025-06,81,경기도,포천시,금주저수지,167,포천 2025_06.csv,자연관광,자연경관(하천/해양)
포천,2025,6,2025-06,81,경기도,포천시,가농바이오농장,167,포천 2025_06.csv,체험관광,농/산/어촌체험
포천,2025,6,2025-06,83,경기도,포천시,운천재래시장,156,포천 2025_06.csv,쇼핑,시장
포천,2025,6,2025-06,84,경기도,포천시,광암이벽유적지,144,포천 2025_06.csv,역사관광,역사유적지
포천,2025,6,2025-06,84,경기도,포천시,낭만닥터김사부촬영지,144,포천 2025_06.csv,문화관광,기타문화관광지
포천,2025,6,2025-06,86,경기도,포천시,운천,141,포천 2025_06.csv,기타관광,기타관광
포천,2025,6,2025-06,87,경기도,포천시,지장산계곡,138,포천 2025_06.csv,자연관광,자연경관(산)
포천,2025,6,2025-06,88,경기도,포천시,허브아일랜드라데봄축제,136,포천 2025_06.csv,문화관광,기타문화관광지
포천,2025,6,2025-06,89,경기도,포천시,국망봉자연휴양림,135,포천 2025_06.csv,자연관광,자연공원
포천,2025,6,2025-06,89,경기도,포천시,포천파크골프장,135,포천 2025_06.csv,레저스포츠,기타레저스포츠
포천,2025,6,2025-06,91,경기도,포천시,흥룡사,134,포천 2025_06.csv,역사관광,종교성지
포천,2025,6,2025-06,92,경기도,포천시,송우공설시장,130,포천 2025_06.csv,쇼핑,시장
포천,2025,6,2025-06,93,경기도,포천시,포천스포츠센터,126,포천 2025_06.csv,레저스포츠,기타레저스포츠
포천,2025,6,2025-06,94,경기도,포천시,페리아도워터파크,124,포천 2025_06.csv,문화관광,테마공원
포천,2025,6,2025-06,95,경기도,포천시,고일낚시터,115,포천 2025_06.csv,레저스포츠,수상레저스포츠
포천,2025,6,2025-06,96,경기도,포천시,화현이벽성지,111,포천 2025_06.csv,역사관광,역사유적지
포천,2025,6,2025-06,97,경기도,포천시,뿌리굿당,108,포천 2025_06.csv,역사관광,종교성지
포천,2025,6,2025-06,98,경기도,포천시,포천염광수련원,104,포천 2025_06.csv,레저스포츠,육상레저스포츠
포천,2025,6,2025-06,99,경기도,포천시,포천체육공원,103,포천 2025_06.csv,문화관광,도시공원
포천,2025,6,2025-06,100,경기도,포천시,포천종합운동장보조구장,102,포천 2025_06.csv,문화관광,레저스포츠시설
포천,2025,6,2025-06,100,경기도,포천시,멍우리협곡,102,포천 2025_06.csv,자연관광,자연경관(산)
포천,2025,6,2025-06,102,경기도,포천시,포천패션타운,98,포천 2025_06.csv,쇼핑,쇼핑몰
포천,2025,6,2025-06,103,경기도,포천시,한화리조트산정호수온천,96,포천 2025_06.csv,체험관광,웰니스관광
포천,2025,6,2025-06,104,경기도,포천시,황금프라자,95,포천 2025_06.csv,쇼핑,쇼핑몰
포천,2025,6,2025-06,105,경기도,포천시,포천신읍시장,92,포천 2025_06.csv,쇼핑,시장
포천,2025,6,2025-06,106,경기도,포천시,황새목낚시터,91,포천 2025_06.csv,레저스포츠,수상레저스포츠
포천,2025,6,2025-06,107,경기도,포천시,포천자동차극장,90,포천 2025_06.csv,문화관광,공연시설
포천,2025,6,2025-06,108,경기도,포천시,산정랜드,89,포천 2025_06.csv,문화관광,복합관광시설
포천,2025,6,2025-06,109,경기도,포천시,청계저수지수변공원,80,포천 2025_06.csv,문화관광,도시공원
포천,2025,6,2025-06,110,경기도,포천시,천주호,77,포천 2025_06.csv,자연관광,자연경관(하천/해양)
포천,2025,6,2025-06,111,경기도,포천시,호스랜드승마클럽,73,포천 2025_06.csv,레저스포츠,육상레저스포츠
포천,2025,6,2025-06,112,경기도,포천시,산정호수조각공원,72,포천 2025_06.csv,문화관광,도시공원
포천,2025,6,2025-06,112,경기도,포천시,나남수목원,72,포천 2025_06.csv,자연관광,자연공원
포천,2025,6,2025-06,114,경기도,포천시,구담사,70,포천 2025_06.csv,역사관광,종교성지
포천,2025,6,2025-06,115,경기도,포천시,운천낚시공원,69,포천 2025_06.csv,레저스포츠,수상레저스포츠
포천,2025,6,2025-06,116,경기도,포천시,태산낚시터,68,포천 2025_06.csv,레저스포츠,수상레저스포츠
포천,2025,6,2025-06,117,경기도,포천시,한탄강주상절리길3코스,66,포천 2025_06.csv,레저스포츠,기타레저스포츠
포천,2025,6,2025-06,118,경기도,포천시,약천사,65,포천 2025_06.csv,역사관광,종교성지
포천,2025,6,2025-06,119,경기도,포천시,메향낚시터,62,포천 2025_06.csv,레저스포츠,수상레저스포츠
포천,2025,6,2025-06,119,경기도,포천시,교동가마소,62,포천 2025_06.csv,기타관광,기타관광
포천,2025,6,2025-06,121,경기도,포천시,소흘생활체육공원인공암벽장,61,포천 2025_06.csv,레저스포츠,기타레저스포츠
포천,2025,6,2025-06,122,경기도,포천시,코버월드,57,포천 2025_06.csv,문화관광,전시시설
포천,2025,6,2025-06,123,경기도,포천시,미륵사,55,포천 2025_06.csv,역사관광,종교성지
포천,2025,6,2025-06,124,경기도,포천시,일동시장,48,포천 2025_06.csv,쇼핑,시장
포천,2025,6,2025-06,125,경기도,포천시,갈월버섯농장,47,포천 2025_06.csv,체험관광,농/산/어촌체험
포천,2025,6,2025-06,125,경기도,포천시,클라우드시네마,47,포천 2025_06.csv,문화관광,공연시설
포천,2025,6,2025-06,127,경기도,포천시,프로방스빌리지수영장,45,포천 2025_06.csv,문화관광,테마공원
포천,2025,6,2025-06,128,경기도,포천시,한탄강팔호유원지,44,포천 2025_06.csv,문화관광,복합관광시설
포천,2025,6,2025-06,129,경기도,포천시,베스트원스포츠,43,포천 2025_06.csv,레저스포츠,기타레저스포츠
포천,2025,6,2025-06,129,경기도,포천시,아침햇살청소년수련원,43,포천 2025_06.csv,레저스포츠,육상레저스포츠
포천,2025,6,2025-06,131,경기도,포천시,도마치계곡유원지,42,포천 2025_06.csv,문화관광,복합관광시설
포천,2025,6,2025-06,131,경기도,포천시,레이크밸리 승마클럽,42,포천 2025_06.csv,레저스포츠,기타레저스포츠
포천,2025,6,2025-06,131,경기도,포천시,깊이울저수지,42,포천 2025_06.csv,자연관광,자연경관(하천/해양)
포천,2025,6,2025-06,134,경기도,포천시,지청낚시터,40,포천 2025_06.csv,레저스포츠,수상레저스포츠
포천,2025,6,2025-06,134,경기도,포천시,복후미저수지,40,포천 2025_06.csv,자연관광,자연경관(하천/해양)
포천,2025,6,2025-06,136,경기도,포천시,포천미래교육센터,39,포천 2025_06.csv,체험관광,체험관광기타
포천,2025,6,2025-06,136,경기도,포천시,한탄강테마파크,39,포천 2025_06.csv,문화관광,테마공원
포천,2025,6,2025-06,136,경기도,포천시,백운계곡국민관광지,39,포천 2025_06.csv,문화관광,복합관광시설
포천,2025,6,2025-06,139,경기도,포천시,관음사,37,포천 2025_06.csv,역사관광,종교성지
포천,2025,6,2025-06,139,경기도,포천시,한과문화박물관,37,포천 2025_06.csv,문화관광,전시시설
포천,2025,6,2025-06,139,경기도,포천시,금룡사,37,포천 2025_06.csv,역사관광,종교성지
포천,2025,6,2025-06,139,경기도,포천시,자인사,37,포천 2025_06.csv,역사관광,종교성지
포천,2025,6,2025-06,143,경기도,포천시,중리저수지,36,포천 2025_06.csv,자연관광,자연경관(하천/해양)
포천,2025,6,2025-06,144,경기도,포천시,한탄강주상절리길2코스,35,포천 2025_06.csv,레저스포츠,기타레저스포츠
포천,2025,6,2025-06,144,경기도,포천시,아딸농원,35,포천 2025_06.csv,체험관광,농/산/어촌체험
포천,2025,6,2025-06,146,경기도,포천시,청한베이스볼파크,34,포천 2025_06.csv,문화관광,레저스포츠시설
포천,2025,6,2025-06,146,경기도,포천시,태국군참전비,34,포천 2025_06.csv,역사관광,역사유물
포천,2025,6,2025-06,148,경기도,포천시,소흘아이사랑놀이터,32,포천 2025_06.csv,문화관광,테마공원
포천,2025,6,2025-06,149,경기도,포천시,백운산,31,포천 2025_06.csv,자연관광,자연경관(산)
포천,2025,6,2025-06,150,경기도,포천시,허브아일랜드불빛동화축제,30,포천 2025_06.csv,문화관광,기타문화관광지
포천,2025,6,2025-06,151,경기도,포천시,모돈갤러리,29,포천 2025_06.csv,문화관광,전시시설
포천,2025,6,2025-06,151,경기도,포천시,추동저수지낚시터,29,포천 2025_06.csv,레저스포츠,수상레저스포츠
포천,2025,6,2025-06,153,경기도,포천시,충목단,28,포천 2025_06.csv,역사관광,역사유적지
포천,2025,6,2025-06,153,경기도,포천시,화엄사,28,포천 2025_06.csv,역사관광,종교성지
포천,2025,6,2025-06,155,경기도,포천시,포천무형유산전수교육관,27,포천 2025_06.csv,체험관광,체험관광기타
포천,2025,6,2025-06,155,경기도,포천시,몽글몽글팜,27,포천 2025_06.csv,체험관광,농/산/어촌체험
포천,2025,6,2025-06,155,경기도,포천시,포천직두리의부부송,27,포천 2025_06.csv,역사관광,역사유적지
포천,2025,6,2025-06,155,경기도,포천시,이항복선생묘,27,포천 2025_06.csv,역사관광,역사유적지
포천,2025,6,2025-06,159,경기도,포천시,한탄강야생화공원,26,포천 2025_06.csv,문화관광,도시공원
포천,2025,6,2025-06,160,경기도,포천시,보문정사,25,포천 2025_06.csv,역사관광,종교성지
포천,2025,6,2025-06,160,경기도,포천시,백로주유원지,25,포천 2025_06.csv,문화관광,복합관광시설
포천,2025,6,2025-06,160,경기도,포천시,포천아트밸리천문과학관,25,포천 2025_06.csv,문화관광,전시시설
포천,2025,6,2025-06,160,경기도,포천시,향림사,25,포천 2025_06.csv,역사관광,종교성지
포천,2025,6,2025-06,164,경기도,포천시,일동문화예술창고,24,포천 2025_06.csv,문화관광,기타문화관광지
포천,2025,6,2025-06,164,경기도,포천시,키즈필포천송우점,24,포천 2025_06.csv,문화관광,테마공원
포천,2025,6,2025-06,166,경기도,포천시,Y스포츠센터,23,포천 2025_06.csv,레저스포츠,기타레저스포츠
포천,2025,6,2025-06,166,경기도,포천시,도평리터미널,23,포천 2025_06.csv,기타관광,교통시설
포천,2025,6,2025-06,168,경기도,포천시,소흘생활체육공원제1축구장,22,포천 2025_06.csv,문화관광,레저스포츠시설
포천,2025,6,2025-06,169,경기도,포천시,소흘생활체육공원제2축구장,21,포천 2025_06.csv,문화관광,레저스포츠시설
포천,2025,6,2025-06,169,경기도,포천시,포천향교,21,포천 2025_06.csv,역사관광,역사유적지
포천,2025,6,2025-06,169,경기도,포천시,한탄강대교천현무암협곡,21,포천 2025_06.csv,기타관광,기타관광
포천,2025,6,2025-06,172,경기도,포천시,송일농장,20,포천 2025_06.csv,체험관광,농/산/어촌체험
포천,2025,6,2025-06,172,경기도,포천시,수목원프로방스,20,포천 2025_06.csv,자연관광,자연공원
포천,2025,6,2025-06,172,경기도,포천시,포천반월성,20,포천 2025_06.csv,역사관광,역사유적지
포천,2025,6,2025-06,172,경기도,포천시,서운동산어린이동물농장,20,포천 2025_06.csv,기타관광,기타관광
포천,2025,6,2025-06,176,경기도,포천시,밤밭실내장어낚시터,19,포천 2025_06.csv,레저스포츠,수상레저스포츠
포천,2025,6,2025-06,176,경기도,포천시,포천제2하늘다리,19,포천 2025_06.csv,기타관광,기타관광
포천,2025,6,2025-06,176,경기도,포천시,포천시 관인면 교동장독대마을,19,포천 2025_06.csv,역사관광,역사유적지
포천,2025,6,2025-06,179,경기도,포천시,국립산림박물관,18,포천 2025_06.csv,문화관광,전시시설
포천,2025,6,2025-06,179,경기도,포천시,가온농장,18,포천 2025_06.csv,체험관광,농/산/어촌체험
포천,2025,6,2025-06,179,경기도,포천시,금불사,18,포천 2025_06.csv,역사관광,종교성지
포천,2025,6,2025-06,182,경기도,포천시,어하고개,17,포천 2025_06.csv,자연관광,자연경관(산)
포천,2025,6,2025-06,182,경기도,포천시,내리공설시장,17,포천 2025_06.csv,쇼핑,시장
포천,2025,6,2025-06,182,경기도,포천시,냉정낚시터,17,포천 2025_06.csv,레저스포츠,수상레저스포츠
포천,2025,6,2025-06,182,경기도,포천시,미륵박물관,17,포천 2025_06.csv,문화관광,전시시설
포천,2025,6,2025-06,182,경기도,포천시,옥병서원,17,포천 2025_06.csv,역사관광,역사유적지
포천,2025,6,2025-06,187,경기도,포천시,포천용담저수지,16,포천 2025_06.csv,자연관광,자연경관(하천/해양)
포천,2025,6,2025-06,188,경기도,포천시,포천목공체험장,15,포천 2025_06.csv,문화관광,기타문화관광지
포천,2025,6,2025-06,189,경기도,포천시,영평천,14,포천 2025_06.csv,자연관광,자연공원
포천,2025,6,2025-06,190,경기도,포천시,포천음악창작소,13,포천 2025_06.csv,문화관광,기타문화관광지
포천,2025,6,2025-06,190,경기도,포천시,이동정류소,13,포천 2025_06.csv,기타관광,교통시설
포천,2025,6,2025-06,190,경기도,포천시,금수정,13,포천 2025_06.csv,역사관광,역사유적지
포천,2025,6,2025-06,190,경기도,포천시,마홀축구장,13,포천 2025_06.csv,문화관광,레저스포츠시설
포천,2025,6,2025-06,194,경기도,포천시,한탄강주상절리길5코스,12,포천 2025_06.csv,레저스포츠,기타레저스포츠
포천,2025,6,2025-06,194,경기도,포천시,청계산,12,포천 2025_06.csv,자연관광,자연경관(산)
포천,2025,6,2025-06,196,경기도,포천시,한탄강주상절리길4코스,11,포천 2025_06.csv,레저스포츠,기타레저스포츠
포천,2025,6,2025-06,196,경기도,포천시,자비사,11,포천 2025_06.csv,역사관광,종교성지
포천,2025,6,2025-06,198,경기도,포천시,기원정사,10,포천 2025_06.csv,역사관광,종교성지
포천,2025,6,2025-06,198,경기도,포천시,화요공방,10,포천 2025_06.csv,체험관광,공예체험
포천,2025,6,2025-06,198,경기도,포천시,지장산농원,10,포천 2025_06.csv,체험관광,농/산/어촌체험
포천,2025,6,2025-06,198,경기도,포천시,명성산억새밭,10,포천 2025_06.csv,기타관광,기타관광
포천,2025,6,2025-06,198,경기도,포천시,선유담계곡,10,포천 2025_06.csv,자연관광,자연경관(산)
포천,2025,6,2025-06,198,경기도,포천시,수원산,10,포천 2025_06.csv,자연관광,자연경관(산)
포천,2025,6,2025-06,204,경기도,포천시,평화농원포천블루베리,9,포천 2025_06.csv,체험관광,농/산/어촌체험
포천,2025,6,2025-06,204,경기도,포천시,블루밍팜,9,포천 2025_06.csv,체험관광,농/산/어촌체험
포천,2025,6,2025-06,204,경기도,포천시,가람누리문화공원,9,포천 2025_06.csv,문화관광,도시공원
포천,2025,6,2025-06,204,경기도,포천시,포천시 일동면 길명3리,9,포천 2025_06.csv,역사관광,역사유적지
포천,2025,6,2025-06,204,경기도,포천시,고모리수상레저,9,포천 2025_06.csv,레저스포츠,기타레저스포츠
포천,2025,6,2025-06,204,경기도,포천시,황제다육식물농장,9,포천 2025_06.csv,체험관광,농/산/어촌체험
포천,2025,6,2025-06,204,경기도,포천시,독수리유격대전적비,9,포천 2025_06.csv,역사관광,역사유물
포천,2025,6,2025-06,204,경기도,포천시,동교하우스낚시터,9,포천 2025_06.csv,레저스포츠,수상레저스포츠
포천,2025,6,2025-06,212,경기도,포천시,부소천교,8,포천 2025_06.csv,기타관광,기타관광
포천,2025,6,2025-06,212,경기도,포천시,신북메가필드,8,포천 2025_06.csv,레저스포츠,육상레저스포츠
포천,2025,6,2025-06,212,경기도,포천시,명성산,8,포천 2025_06.csv,자연관광,자연경관(산)
포천,2025,6,2025-06,212,경기도,포천시,운악레저타운,8,포천 2025_06.csv,레저스포츠,기타레저스포츠
포천,2025,6,2025-06,212,경기도,포천시,성불암,8,포천 2025_06.csv,역사관광,종교성지
포천,2025,6,2025-06,217,경기도,포천시,소우주도자기공방,7,포천 2025_06.csv,체험관광,공예체험
포천,2025,6,2025-06,217,경기도,포천시,포천38문화예술창작소공사중(2025년 개관예정),7,포천 2025_06.csv,문화관광,기타문화관광지
포천,2025,6,2025-06,217,경기도,포천시,포천시파크골프장건축중(2025년 예정),7,포천 2025_06.csv,레저스포츠,육상레저스포츠
포천,2025,6,2025-06,217,경기도,포천시,백사이항복기념관,7,포천 2025_06.csv,문화관광,전시시설
포천,2025,6,2025-06,217,경기도,포천시,극락사,7,포천 2025_06.csv,역사관광,종교성지
포천,2025,6,2025-06,217,경기도,포천시,무림사,7,포천 2025_06.csv,역사관광,종교성지
포천,2025,6,2025-06,217,경기도,포천시,홀스킹덤팜스테이,7,포천 2025_06.csv,레저스포츠,육상레저스포츠
포천,2025,6,2025-06,217,경기도,포천시,초가낚시터,7,포천 2025_06.csv,레저스포츠,수상레저스포츠
포천,2025,6,2025-06,217,경기도,포천시,천주사,7,포천 2025_06.csv,역사관광,종교성지
포천,2025,6,2025-06,226,경기도,포천시,묵방목장,6,포천 2025_06.csv,체험관광,농/산/어촌체험
포천,2025,6,2025-06,226,경기도,포천시,마전저수지,6,포천 2025_06.csv,자연관광,자연경관(하천/해양)
포천,2025,6,2025-06,226,경기도,포천시,새일목장,6,포천 2025_06.csv,체험관광,농/산/어촌체험
포천,2025,6,2025-06,226,경기도,포천시,태봉공원,6,포천 2025_06.csv,문화관광,도시공원
포천,2025,6,2025-06,226,경기도,포천시,도리돌문화교류센터,6,포천 2025_06.csv,레저스포츠,기타레저스포츠
포천,2025,6,2025-06,226,경기도,포천시,대안사,6,포천 2025_06.csv,역사관광,종교성지
포천,2025,6,2025-06,226,경기도,포천시,포천운산리자연생태공원,6,포천 2025_06.csv,문화관광,도시공원
포천,2025,6,2025-06,226,경기도,포천시,승법사,6,포천 2025_06.csv,역사관광,종교성지
포천,2025,6,2025-06,226,경기도,포천시,지질트레일1코스,6,포천 2025_06.csv,레저스포츠,기타레저스포츠
포천,2025,6,2025-06,226,경기도,포천시,한탄임진강지질공원,6,포천 2025_06.csv,문화관광,도시공원
포천,2025,6,2025-06,226,경기도,포천시,육사생도6.25참전기념비,6,포천 2025_06.csv,역사관광,역사유물
포천,2025,6,2025-06,237,경기도,포천시,선단문화공원,5,포천 2025_06.csv,문화관광,도시공원
포천,2025,6,2025-06,237,경기도,포천시,늘푸른농장,5,포천 2025_06.csv,체험관광,농/산/어촌체험
포천,2025,6,2025-06,237,경기도,포천시,고모지,5,포천 2025_06.csv,자연관광,자연경관(하천/해양)
포천,2025,6,2025-06,240,경기도,포천시,포천소민농장,4,포천 2025_06.csv,체험관광,농/산/어촌체험
포천,2025,6,2025-06,240,경기도,포천시,무봉리족구장,4,포천 2025_06.csv,레저스포츠,기타레저스포츠
포천,2025,6,2025-06,240,경기도,포천시,건플레이,4,포천 2025_06.csv,레저스포츠,기타레저스포츠
포천,2025,6,2025-06,240,경기도,포천시,베어스타운CC휴업,4,포천 2025_06.csv,레저스포츠,육상레저스포츠
포천,2025,6,2025-06,240,경기도,포천시,명성산산안고개방면,4,포천 2025_06.csv,자연관광,자연경관(산)
포천,2025,6,2025-06,240,경기도,포천시,신안농장,4,포천 2025_06.csv,체험관광,농/산/어촌체험
포천,2025,6,2025-06,240,경기도,포천시,왕방산,4,포천 2025_06.csv,자연관광,자연경관(산)
포천,2025,6,2025-06,240,경기도,포천시,무네미낚시터,4,포천 2025_06.csv,레저스포츠,수상레저스포츠
포천,2025,6,2025-06,240,경기도,포천시,영천목장,4,포천 2025_06.csv,체험관광,농/산/어촌체험
포천,2025,6,2025-06,240,경기도,포천시,용주암,4,포천 2025_06.csv,역사관광,종교성지
포천,2025,6,2025-06,250,경기도,포천시,청성사,3,포천 2025_06.csv,역사관광,역사유적지
포천,2025,6,2025-06,250,경기도,포천시,금주산,3,포천 2025_06.csv,자연관광,자연경관(산)
포천,2025,6,2025-06,250,경기도,포천시,참진사과,3,포천 2025_06.csv,체험관광,농/산/어촌체험
포천,2025,6,2025-06,250,경기도,포천시,포천허브아일랜드 자동차극장,3,포천 2025_06.csv,문화관광,공연시설
포천,2025,6,2025-06,250,경기도,포천시,루지월드베어스타운점,3,포천 2025_06.csv,레저스포츠,기타레저스포츠
포천,2025,6,2025-06,250,경기도,포천시,포천탁구클럽,3,포천 2025_06.csv,레저스포츠,기타레저스포츠
포천,2025,6,2025-06,250,경기도,포천시,초계목장,3,포천 2025_06.csv,체험관광,농/산/어촌체험
포천,2025,6,2025-06,250,경기도,포천시,포천작은말학교,3,포천 2025_06.csv,레저스포츠,육상레저스포츠
포천,2025,6,2025-06,250,경기도,포천시,반월산농원,3,포천 2025_06.csv,체험관광,농/산/어촌체험
포천,2025,6,2025-06,250,경기도,포천시,포천역사문화관,3,포천 2025_06.csv,문화관광,전시시설
포천,2025,6,2025-06,250,경기도,포천시,수목원포도농원,3,포천 2025_06.csv,체험관광,농/산/어촌체험
포천,2025,6,2025-06,250,경기도,포천시,잇빛천연염색체험학습장,3,포천 2025_06.csv,체험관광,공예체험
포천,2025,6,2025-06,250,경기도,포천시,대진대학교과학영재교육원,3,포천 2025_06.csv,체험관광,체험관광기타
포천,2025,6,2025-06,250,경기도,포천시,하늘다리사과농장,3,포천 2025_06.csv,체험관광,농/산/어촌체험
포천,2025,6,2025-06,250,경기도,포천시,천궁사,3,포천 2025_06.csv,역사관광,종교성지
포천,2025,6,2025-06,250,경기도,포천시,아쿠아스마트팜,3,포천 2025_06.csv,체험관광,농/산/어촌체험
포천,2025,6,2025-06,250,경기도,포천시,오드리다육,3,포천 2025_06.csv,체험관광,농/산/어촌체험
포천,2025,6,2025-06,250,경기도,포천시,최갑식두레농장,3,포천 2025_06.csv,체험관광,농/산/어촌체험
포천,2025,6,2025-06,250,경기도,포천시,산정호수수상보트장,3,포천 2025_06.csv,레저스포츠,수상레저스포츠
포천,2025,6,2025-06,250,경기도,포천시,광릉분재예술공원,3,포천 2025_06.csv,문화관광,도시공원
포천,2025,6,2025-06,250,경기도,포천시,화산서원,3,포천 2025_06.csv,역사관광,역사유적지
포천,2025,6,2025-06,250,경기도,포천시,포천고모리산성,3,포천 2025_06.csv,역사관광,역사유적지
포천,2025,6,2025-06,250,경기도,포천시,쌍불사,3,포천 2025_06.csv,역사관광,종교성지
포천,2025,6,2025-06,250,경기도,포천시,유식물원,3,포천 2025_06.csv,문화관광,테마공원
포천,2025,6,2025-06,250,경기도,포천시,솔모루공원,3,포천 2025_06.csv,문화관광,도시공원
포천,2025,6,2025-06,250,경기도,포천시,일동공설시장,3,포천 2025_06.csv,쇼핑,시장
포천,2025,6,2025-06,250,경기도,포천시,만덕사,3,포천 2025_06.csv,역사관광,종교성지
포천,2025,6,2025-06,250,경기도,포천시,정혜사,3,포천 2025_06.csv,역사관광,종교성지
포천,2025,6,2025-06,250,경기도,포천시,능원관광낚시터,3,포천 2025_06.csv,레저스포츠,수상레저스포츠
포천,2025,6,2025-06,250,경기도,포천시,산정호수관광단지,3,포천 2025_06.csv,문화관광,복합관광시설
포천,2025,6,2025-06,250,경기도,포천시,비선폭포,3,포천 2025_06.csv,자연관광,자연경관(산)
포천,2025,6,2025-06,250,경기도,포천시,선광사,3,포천 2025_06.csv,역사관광,종교성지
포천,2025,6,2025-06,250,경기도,포천시,청계산약수터,3,포천 2025_06.csv,자연관광,자연경관(산)
포천,2025,6,2025-06,250,경기도,포천시,반디농장,3,포천 2025_06.csv,체험관광,농/산/어촌체험
포천,2025,6,2025-06,250,경기도,포천시,비즈아쿠아,3,포천 2025_06.csv,문화관광,테마공원
포천,2025,6,2025-06,250,경기도,포천시,목석삼방관광농원,3,포천 2025_06.csv,체험관광,농/산/어촌체험
포천,2025,6,2025-06,250,경기도,포천시,푸른언덕블루베리,3,포천 2025_06.csv,체험관광,농/산/어촌체험
포천,2025,6,2025-06,250,경기도,포천시,백운낚시터,3,포천 2025_06.csv,레저스포츠,수상레저스포츠
포천,2025,6,2025-06,250,경기도,포천시,미트빌연합사업단,3,포천 2025_06.csv,쇼핑,시장
포천,2025,6,2025-06,250,경기도,포천시,포천시 관인면 교동마을,3,포천 2025_06.csv,역사관광,역사유적지
포천,2025,6,2025-06,250,경기도,포천시,화현저수지,3,포천 2025_06.csv,자연관광,자연경관(하천/해양)
포천,2025,6,2025-06,250,경기도,포천시,우금소류지,3,포천 2025_06.csv,자연관광,자연경관(하천/해양)
포천,2025,6,2025-06,250,경기도,포천시,지장산유원지,3,포천 2025_06.csv,문화관광,복합관광시설
포천,2025,6,2025-06,250,경기도,포천시,성불사,3,포천 2025_06.csv,역사관광,종교성지
포천,2025,6,2025-06,250,경기도,포천시,향적사,3,포천 2025_06.csv,역사관광,종교성지
포천,2025,6,2025-06,250,경기도,포천시,평화나무농장,3,포천 2025_06.csv,체험관광,농/산/어촌체험
포천,2025,6,2025-06,250,경기도,포천시,국봉사,3,포천 2025_06.csv,역사관광,종교성지
포천,2025,6,2025-06,250,경기도,포천시,고궁농장,3,포천 2025_06.csv,체험관광,농/산/어촌체험
포천,2025,6,2025-06,250,경기도,포천시,수아쿠아,3,포천 2025_06.csv,문화관광,테마공원
포천,2025,6,2025-06,250,경기도,포천시,장암저수지,3,포천 2025_06.csv,자연관광,자연경관(하천/해양)
포천,2025,6,2025-06,250,경기도,포천시,보광사,3,포천 2025_06.csv,역사관광,종교성지
포천,2025,6,2025-06,250,경기도,포천시,김비서가왜그럴까촬영지,3,포천 2025_06.csv,문화관광,기타문화관광지
포천,2025,6,2025-06,250,경기도,포천시,철갑상어농장,3,포천 2025_06.csv,체험관광,농/산/어촌체험
포천,2025,6,2025-06,250,경기도,포천시,물방울공원,3,포천 2025_06.csv,문화관광,도시공원
포천,2025,6,2025-06,250,경기도,포천시,천해사,3,포천 2025_06.csv,역사관광,종교성지
포천,2025,7,2025-07,1,경기도,포천시,백운계곡,9439,포천 2025_07.csv,자연관광,자연경관(산)
포천,2025,7,2025-07,2,경기도,포천시,베어크리크GC,6906,포천 2025_07.csv,레저스포츠,육상레저스포츠
포천,2025,7,2025-07,3,경기도,포천시,포천힐스CC,6816,포천 2025_07.csv,레저스포츠,육상레저스포츠
포천,2025,7,2025-07,4,경기도,포천시,국립수목원,6694,포천 2025_07.csv,문화관광,테마공원
포천,2025,7,2025-07,5,경기도,포천시,푸른솔GC포천,6336,포천 2025_07.csv,레저스포츠,육상레저스포츠
포천,2025,7,2025-07,6,경기도,포천시,산정호수,6172,포천 2025_07.csv,자연관광,자연경관(하천/해양)
포천,2025,7,2025-07,7,경기도,포천시,포천힐마루CC,6085,포천 2025_07.csv,레저스포츠,육상레저스포츠
포천,2025,7,2025-07,8,경기도,포천시,필로스GC,6022,포천 2025_07.csv,레저스포츠,육상레저스포츠
포천,2025,7,2025-07,9,경기도,포천시,포레스트힐CC,5968,포천 2025_07.csv,레저스포츠,육상레저스포츠
포천,2025,7,2025-07,10,경기도,포천시,라싸GC,5885,포천 2025_07.csv,레저스포츠,육상레저스포츠
포천,2025,7,2025-07,11,경기도,포천시,포천아도니스CC,5026,포천 2025_07.csv,레저스포츠,육상레저스포츠
포천,2025,7,2025-07,12,경기도,포천시,한탄강Y자출렁다리,4400,포천 2025_07.csv,기타관광,기타관광
포천,2025,7,2025-07,13,경기도,포천시,몽베르CC,4172,포천 2025_07.csv,레저스포츠,육상레저스포츠
포천,2025,7,2025-07,14,경기도,포천시,고모저수지,3960,포천 2025_07.csv,자연관광,자연경관(하천/해양)
포천,2025,7,2025-07,15,경기도,포천시,샴발라CC,3528,포천 2025_07.csv,레저스포츠,육상레저스포츠
포천,2025,7,2025-07,16,경기도,포천시,일동시외버스터미널,3321,포천 2025_07.csv,기타관광,교통시설
포천,2025,7,2025-07,17,경기도,포천시,포천아트밸리,3219,포천 2025_07.csv,문화관광,공연시설
포천,2025,7,2025-07,18,경기도,포천시,일동레이크GC,3146,포천 2025_07.csv,레저스포츠,육상레저스포츠
포천,2025,7,2025-07,19,경기도,포천시,참밸리컨트리클럽,3120,포천 2025_07.csv,레저스포츠,육상레저스포츠
포천,2025,7,2025-07,20,경기도,포천시,비둘기낭폭포,2904,포천 2025_07.csv,자연관광,자연경관(산)
포천,2025,7,2025-07,21,경기도,포천시,신북온천,2642,포천 2025_07.csv,체험관광,웰니스관광
포천,2025,7,2025-07,22,경기도,포천시,CGV포천,1621,포천 2025_07.csv,문화관광,공연시설
포천,2025,7,2025-07,23,경기도,포천시,허브아일랜드,1492,포천 2025_07.csv,체험관광,농/산/어촌체험
포천,2025,7,2025-07,24,경기도,포천시,제일유황온천,1245,포천 2025_07.csv,체험관광,웰니스관광
포천,2025,7,2025-07,25,경기도,포천시,송우시외버스터미널,1242,포천 2025_07.csv,기타관광,교통시설
포천,2025,7,2025-07,26,경기도,포천시,도마치계곡,1198,포천 2025_07.csv,자연관광,자연경관(산)
포천,2025,7,2025-07,27,경기도,포천시,예술정원1999자연예술테마파크,1087,포천 2025_07.csv,문화관광,테마공원
포천,2025,7,2025-07,28,경기도,포천시,포천블루파크,1084,포천 2025_07.csv,문화관광,테마공원
포천,2025,7,2025-07,29,경기도,포천시,페리아도워터파크,1059,포천 2025_07.csv,문화관광,테마공원
포천,2025,7,2025-07,30,경기도,포천시,포천한탄강하늘다리,1043,포천 2025_07.csv,기타관광,기타관광
포천,2025,7,2025-07,31,경기도,포천시,축석고개,863,포천 2025_07.csv,자연관광,자연경관(산)
포천,2025,7,2025-07,32,경기도,포천시,지장산계곡,838,포천 2025_07.csv,자연관광,자연경관(산)
포천,2025,7,2025-07,33,경기도,포천시,백운계곡유원지,830,포천 2025_07.csv,문화관광,복합관광시설
포천,2025,7,2025-07,34,경기도,포천시,운악산자연휴양림,799,포천 2025_07.csv,자연관광,자연공원
포천,2025,7,2025-07,35,경기도,포천시,동교낚시터,766,포천 2025_07.csv,레저스포츠,수상레저스포츠
포천,2025,7,2025-07,36,경기도,포천시,락가든GC,737,포천 2025_07.csv,레저스포츠,육상레저스포츠
포천,2025,7,2025-07,37,경기도,포천시,베어스타운스키장휴업,726,포천 2025_07.csv,레저스포츠,육상레저스포츠
포천,2025,7,2025-07,38,경기도,포천시,포천시외버스터미널,723,포천 2025_07.csv,기타관광,교통시설
포천,2025,7,2025-07,39,경기도,포천시,초원낚시터,698,포천 2025_07.csv,레저스포츠,수상레저스포츠
포천,2025,7,2025-07,40,경기도,포천시,한탄강지질공원센터,691,포천 2025_07.csv,문화관광,전시시설
포천,2025,7,2025-07,41,경기도,포천시,산사원,655,포천 2025_07.csv,문화관광,전시시설
포천,2025,7,2025-07,42,경기도,포천시,포천반월아트홀,610,포천 2025_07.csv,문화관광,공연시설
포천,2025,7,2025-07,43,경기도,포천시,호국금강사,609,포천 2025_07.csv,역사관광,종교성지
포천,2025,7,2025-07,44,경기도,포천시,가산낚시터,597,포천 2025_07.csv,레저스포츠,수상레저스포츠
포천,2025,7,2025-07,45,경기도,포천시,깊이울유원지,591,포천 2025_07.csv,문화관광,복합관광시설
포천,2025,7,2025-07,46,경기도,포천시,마이애니멀스토리in평강랜드,582,포천 2025_07.csv,문화관광,테마공원
포천,2025,7,2025-07,47,경기도,포천시,포천아도니스퍼블릭CC,571,포천 2025_07.csv,레저스포츠,육상레저스포츠
포천,2025,7,2025-07,48,경기도,포천시,천보산자연휴양림,545,포천 2025_07.csv,자연관광,자연공원
포천,2025,7,2025-07,49,경기도,포천시,소흘생활체육공원,502,포천 2025_07.csv,문화관광,도시공원
포천,2025,7,2025-07,50,경기도,포천시,포천5일장,464,포천 2025_07.csv,쇼핑,시장
포천,2025,7,2025-07,51,경기도,포천시,밤밭낚시터,438,포천 2025_07.csv,레저스포츠,수상레저스포츠
포천,2025,7,2025-07,52,경기도,포천시,포천수원산정상전망대,432,포천 2025_07.csv,문화관광,랜드마크관광
포천,2025,7,2025-07,53,경기도,포천시,주파크,428,포천 2025_07.csv,문화관광,테마공원
포천,2025,7,2025-07,54,경기도,포천시,마전낚시터,409,포천 2025_07.csv,레저스포츠,수상레저스포츠
포천,2025,7,2025-07,55,경기도,포천시,서운동산,392,포천 2025_07.csv,문화관광,복합관광시설
포천,2025,7,2025-07,56,경기도,포천시,포천이동갈비바베큐축제,376,포천 2025_07.csv,문화관광,기타문화관광지
포천,2025,7,2025-07,57,경기도,포천시,흥룡사,373,포천 2025_07.csv,역사관광,종교성지
포천,2025,7,2025-07,58,경기도,포천시,한탄강주상절리길1코스,351,포천 2025_07.csv,레저스포츠,기타레저스포츠
포천,2025,7,2025-07,59,경기도,포천시,내촌낚시터,348,포천 2025_07.csv,레저스포츠,수상레저스포츠
포천,2025,7,2025-07,60,경기도,포천시,쌍방죽낚시터,344,포천 2025_07.csv,레저스포츠,수상레저스포츠
포천,2025,7,2025-07,61,경기도,포천시,도마치계곡유원지,322,포천 2025_07.csv,문화관광,복합관광시설
포천,2025,7,2025-07,62,경기도,포천시,새마을낚시터,315,포천 2025_07.csv,레저스포츠,수상레저스포츠
포천,2025,7,2025-07,63,경기도,포천시,가산저수지,312,포천 2025_07.csv,자연관광,자연경관(하천/해양)
포천,2025,7,2025-07,64,경기도,포천시,포천화적연,286,포천 2025_07.csv,자연관광,자연경관(하천/해양)
포천,2025,7,2025-07,65,경기도,포천시,수목원고모호수공원,274,포천 2025_07.csv,문화관광,도시공원
포천,2025,7,2025-07,66,경기도,포천시,황금낚시터,264,포천 2025_07.csv,레저스포츠,수상레저스포츠
포천,2025,7,2025-07,67,경기도,포천시,백운계곡국민관광지,262,포천 2025_07.csv,문화관광,복합관광시설
포천,2025,7,2025-07,68,경기도,포천시,운천낚시공원,247,포천 2025_07.csv,레저스포츠,수상레저스포츠
포천,2025,7,2025-07,69,경기도,포천시,직두리낚시터,237,포천 2025_07.csv,레저스포츠,수상레저스포츠
포천,2025,7,2025-07,70,경기도,포천시,어메이징파크,227,포천 2025_07.csv,문화관광,전시시설
포천,2025,7,2025-07,71,경기도,포천시,용담대물낚시터,223,포천 2025_07.csv,레저스포츠,수상레저스포츠
포천,2025,7,2025-07,72,경기도,포천시,냉정저수지,221,포천 2025_07.csv,자연관광,자연경관(하천/해양)
포천,2025,7,2025-07,73,경기도,포천시,청성역사공원,219,포천 2025_07.csv,문화관광,도시공원
포천,2025,7,2025-07,74,경기도,포천시,가농바이오농장,215,포천 2025_07.csv,체험관광,농/산/어촌체험
포천,2025,7,2025-07,75,경기도,포천시,도성사,213,포천 2025_07.csv,역사관광,종교성지
포천,2025,7,2025-07,76,경기도,포천시,운천재래시장,188,포천 2025_07.csv,쇼핑,시장
포천,2025,7,2025-07,77,경기도,포천시,포천염광수련원,187,포천 2025_07.csv,레저스포츠,육상레저스포츠
포천,2025,7,2025-07,78,경기도,포천시,금주낚시터,184,포천 2025_07.csv,레저스포츠,수상레저스포츠
포천,2025,7,2025-07,79,경기도,포천시,아프리카예술박물관,174,포천 2025_07.csv,문화관광,전시시설
포천,2025,7,2025-07,80,경기도,포천시,구담사,167,포천 2025_07.csv,역사관광,종교성지
포천,2025,7,2025-07,81,경기도,포천시,국망봉자연휴양림,158,포천 2025_07.csv,자연관광,자연공원
포천,2025,7,2025-07,82,경기도,포천시,설운체육공원,149,포천 2025_07.csv,문화관광,도시공원
포천,2025,7,2025-07,83,경기도,포천시,송우공설시장,148,포천 2025_07.csv,쇼핑,시장
포천,2025,7,2025-07,84,경기도,포천시,가람누리문화공원전망대,143,포천 2025_07.csv,문화관광,랜드마크관광
포천,2025,7,2025-07,84,경기도,포천시,청계지,143,포천 2025_07.csv,자연관광,자연경관(하천/해양)
포천,2025,7,2025-07,86,경기도,포천시,포천가구공단,142,포천 2025_07.csv,쇼핑,기타쇼핑시설
포천,2025,7,2025-07,87,경기도,포천시,낭만닥터김사부촬영지,139,포천 2025_07.csv,문화관광,기타문화관광지
포천,2025,7,2025-07,88,경기도,포천시,한화리조트산정호수온천,137,포천 2025_07.csv,체험관광,웰니스관광
포천,2025,7,2025-07,89,경기도,포천시,포천축구공원,136,포천 2025_07.csv,문화관광,도시공원
포천,2025,7,2025-07,90,경기도,포천시,운천,126,포천 2025_07.csv,기타관광,기타관광
포천,2025,7,2025-07,91,경기도,포천시,길명낚시공원,123,포천 2025_07.csv,레저스포츠,수상레저스포츠
포천,2025,7,2025-07,92,경기도,포천시,프로방스빌리지수영장,114,포천 2025_07.csv,문화관광,테마공원
포천,2025,7,2025-07,93,경기도,포천시,왕산사,113,포천 2025_07.csv,역사관광,종교성지
포천,2025,7,2025-07,94,경기도,포천시,포천스포츠센터,112,포천 2025_07.csv,레저스포츠,기타레저스포츠
포천,2025,7,2025-07,95,경기도,포천시,금주저수지,107,포천 2025_07.csv,자연관광,자연경관(하천/해양)
포천,2025,7,2025-07,96,경기도,포천시,포천하늘아래치유의숲,102,포천 2025_07.csv,기타관광,기타관광
포천,2025,7,2025-07,97,경기도,포천시,고일낚시터,96,포천 2025_07.csv,레저스포츠,수상레저스포츠
포천,2025,7,2025-07,97,경기도,포천시,포천야구장,96,포천 2025_07.csv,문화관광,레저스포츠시설
포천,2025,7,2025-07,99,경기도,포천시,포천한탄강가든페스타,94,포천 2025_07.csv,문화관광,기타문화관광지
포천,2025,7,2025-07,100,경기도,포천시,광암이벽유적지,93,포천 2025_07.csv,역사관광,역사유적지
포천,2025,7,2025-07,101,경기도,포천시,포천자동차극장,92,포천 2025_07.csv,문화관광,공연시설
포천,2025,7,2025-07,102,경기도,포천시,한탄강생태경관단지공사중(2025년09월중오픈예정),91,포천 2025_07.csv,기타관광,기타관광
포천,2025,7,2025-07,103,경기도,포천시,포천신읍시장,85,포천 2025_07.csv,쇼핑,시장
포천,2025,7,2025-07,104,경기도,포천시,포천파크골프장,83,포천 2025_07.csv,레저스포츠,기타레저스포츠
포천,2025,7,2025-07,105,경기도,포천시,클라우드시네마,82,포천 2025_07.csv,문화관광,공연시설
포천,2025,7,2025-07,106,경기도,포천시,나남수목원,80,포천 2025_07.csv,자연관광,자연공원
포천,2025,7,2025-07,107,경기도,포천시,자인사,79,포천 2025_07.csv,역사관광,종교성지
포천,2025,7,2025-07,108,경기도,포천시,포천체육공원,77,포천 2025_07.csv,문화관광,도시공원
포천,2025,7,2025-07,109,경기도,포천시,수목원프로방스,71,포천 2025_07.csv,자연관광,자연공원
포천,2025,7,2025-07,110,경기도,포천시,약천사,69,포천 2025_07.csv,역사관광,종교성지
포천,2025,7,2025-07,111,경기도,포천시,산정호수조각공원,66,포천 2025_07.csv,문화관광,도시공원
포천,2025,7,2025-07,111,경기도,포천시,코버월드,66,포천 2025_07.csv,문화관광,전시시설
포천,2025,7,2025-07,113,경기도,포천시,황새목낚시터,64,포천 2025_07.csv,레저스포츠,수상레저스포츠
포천,2025,7,2025-07,114,경기도,포천시,화현이벽성지,61,포천 2025_07.csv,역사관광,역사유적지
포천,2025,7,2025-07,115,경기도,포천시,청계저수지수변공원,60,포천 2025_07.csv,문화관광,도시공원
포천,2025,7,2025-07,116,경기도,포천시,한과문화박물관,58,포천 2025_07.csv,문화관광,전시시설
포천,2025,7,2025-07,116,경기도,포천시,백운산,58,포천 2025_07.csv,자연관광,자연경관(산)
포천,2025,7,2025-07,118,경기도,포천시,소흘생활체육공원인공암벽장,48,포천 2025_07.csv,레저스포츠,기타레저스포츠
포천,2025,7,2025-07,118,경기도,포천시,멍우리협곡,48,포천 2025_07.csv,자연관광,자연경관(산)
포천,2025,7,2025-07,120,경기도,포천시,포천종합운동장보조구장,47,포천 2025_07.csv,문화관광,레저스포츠시설
포천,2025,7,2025-07,121,경기도,포천시,각흘계곡,45,포천 2025_07.csv,자연관광,자연경관(산)
포천,2025,7,2025-07,122,경기도,포천시,소흘아이사랑놀이터,44,포천 2025_07.csv,문화관광,테마공원
포천,2025,7,2025-07,122,경기도,포천시,몽글몽글팜,44,포천 2025_07.csv,체험관광,농/산/어촌체험
포천,2025,7,2025-07,122,경기도,포천시,레이크밸리 승마클럽,44,포천 2025_07.csv,레저스포츠,기타레저스포츠
포천,2025,7,2025-07,122,경기도,포천시,한탄강팔호유원지,44,포천 2025_07.csv,문화관광,복합관광시설
포천,2025,7,2025-07,122,경기도,포천시,교동가마소,44,포천 2025_07.csv,기타관광,기타관광
포천,2025,7,2025-07,127,경기도,포천시,신읍동도시재생어울림센터2,43,포천 2025_07.csv,문화관광,기타문화관광지
포천,2025,7,2025-07,127,경기도,포천시,선유담계곡,43,포천 2025_07.csv,자연관광,자연경관(산)
포천,2025,7,2025-07,127,경기도,포천시,태산낚시터,43,포천 2025_07.csv,레저스포츠,수상레저스포츠
포천,2025,7,2025-07,130,경기도,포천시,복후미저수지,42,포천 2025_07.csv,자연관광,자연경관(하천/해양)
포천,2025,7,2025-07,131,경기도,포천시,호스랜드승마클럽,41,포천 2025_07.csv,레저스포츠,육상레저스포츠
포천,2025,7,2025-07,131,경기도,포천시,포천패션타운,41,포천 2025_07.csv,쇼핑,쇼핑몰
포천,2025,7,2025-07,133,경기도,포천시,갈월버섯농장,40,포천 2025_07.csv,체험관광,농/산/어촌체험
포천,2025,7,2025-07,134,경기도,포천시,포천미래교육센터,39,포천 2025_07.csv,체험관광,체험관광기타
포천,2025,7,2025-07,135,경기도,포천시,화엄사,37,포천 2025_07.csv,역사관광,종교성지
포천,2025,7,2025-07,136,경기도,포천시,기산근린공원,36,포천 2025_07.csv,문화관광,도시공원
포천,2025,7,2025-07,136,경기도,포천시,깊이울저수지,36,포천 2025_07.csv,자연관광,자연경관(하천/해양)
포천,2025,7,2025-07,138,경기도,포천시,아침햇살청소년수련원,34,포천 2025_07.csv,레저스포츠,육상레저스포츠
포천,2025,7,2025-07,139,경기도,포천시,관인문화마을,33,포천 2025_07.csv,기타관광,기타관광
포천,2025,7,2025-07,139,경기도,포천시,소흘생활체육공원제1축구장,33,포천 2025_07.csv,문화관광,레저스포츠시설
포천,2025,7,2025-07,141,경기도,포천시,미륵사,30,포천 2025_07.csv,역사관광,종교성지
포천,2025,7,2025-07,141,경기도,포천시,어하고개,30,포천 2025_07.csv,자연관광,자연경관(산)
포천,2025,7,2025-07,141,경기도,포천시,지청낚시터,30,포천 2025_07.csv,레저스포츠,수상레저스포츠
포천,2025,7,2025-07,141,경기도,포천시,청한베이스볼파크,30,포천 2025_07.csv,문화관광,레저스포츠시설
포천,2025,7,2025-07,145,경기도,포천시,포천제2하늘다리,29,포천 2025_07.csv,기타관광,기타관광
포천,2025,7,2025-07,145,경기도,포천시,산정랜드,29,포천 2025_07.csv,문화관광,복합관광시설
포천,2025,7,2025-07,147,경기도,포천시,태국군참전비,28,포천 2025_07.csv,역사관광,역사유물
포천,2025,7,2025-07,148,경기도,포천시,일동시장,27,포천 2025_07.csv,쇼핑,시장
포천,2025,7,2025-07,149,경기도,포천시,백로주유원지,24,포천 2025_07.csv,문화관광,복합관광시설
포천,2025,7,2025-07,149,경기도,포천시,천해사,24,포천 2025_07.csv,역사관광,종교성지
포천,2025,7,2025-07,151,경기도,포천시,가람누리문화공원,23,포천 2025_07.csv,문화관광,도시공원
포천,2025,7,2025-07,151,경기도,포천시,보문정사,23,포천 2025_07.csv,역사관광,종교성지
포천,2025,7,2025-07,151,경기도,포천시,메향낚시터,23,포천 2025_07.csv,레저스포츠,수상레저스포츠
포천,2025,7,2025-07,154,경기도,포천시,포천시 관인면 교동장독대마을,22,포천 2025_07.csv,역사관광,역사유적지
포천,2025,7,2025-07,154,경기도,포천시,자비사,22,포천 2025_07.csv,역사관광,종교성지
포천,2025,7,2025-07,154,경기도,포천시,이항복선생묘,22,포천 2025_07.csv,역사관광,역사유적지
포천,2025,7,2025-07,157,경기도,포천시,지장산유원지,21,포천 2025_07.csv,문화관광,복합관광시설
포천,2025,7,2025-07,157,경기도,포천시,천주호,21,포천 2025_07.csv,자연관광,자연경관(하천/해양)
포천,2025,7,2025-07,159,경기도,포천시,기원정사,19,포천 2025_07.csv,역사관광,종교성지
포천,2025,7,2025-07,159,경기도,포천시,소흘생활체육공원제2축구장,19,포천 2025_07.csv,문화관광,레저스포츠시설
포천,2025,7,2025-07,159,경기도,포천시,뿌리굿당,19,포천 2025_07.csv,역사관광,종교성지
포천,2025,7,2025-07,162,경기도,포천시,포천38문화예술창작소공사중(2025년 개관예정),18,포천 2025_07.csv,문화관광,기타문화관광지
포천,2025,7,2025-07,162,경기도,포천시,Y스포츠센터,18,포천 2025_07.csv,레저스포츠,기타레저스포츠
포천,2025,7,2025-07,164,경기도,포천시,밤밭실내장어낚시터,17,포천 2025_07.csv,레저스포츠,수상레저스포츠
포천,2025,7,2025-07,164,경기도,포천시,왕방산,17,포천 2025_07.csv,자연관광,자연경관(산)
포천,2025,7,2025-07,164,경기도,포천시,포천용담저수지,17,포천 2025_07.csv,자연관광,자연경관(하천/해양)
포천,2025,7,2025-07,164,경기도,포천시,천주사,17,포천 2025_07.csv,역사관광,종교성지
포천,2025,7,2025-07,168,경기도,포천시,충목단,16,포천 2025_07.csv,역사관광,역사유적지
포천,2025,7,2025-07,168,경기도,포천시,송일농장,16,포천 2025_07.csv,체험관광,농/산/어촌체험
포천,2025,7,2025-07,168,경기도,포천시,도리돌문화교류센터,16,포천 2025_07.csv,레저스포츠,기타레저스포츠
포천,2025,7,2025-07,168,경기도,포천시,중리저수지,16,포천 2025_07.csv,자연관광,자연경관(하천/해양)
포천,2025,7,2025-07,168,경기도,포천시,도평리터미널,16,포천 2025_07.csv,기타관광,교통시설
포천,2025,7,2025-07,168,경기도,포천시,옥병서원,16,포천 2025_07.csv,역사관광,역사유적지
포천,2025,7,2025-07,174,경기도,포천시,관음사,15,포천 2025_07.csv,역사관광,종교성지
포천,2025,7,2025-07,175,경기도,포천시,일동문화예술창고,14,포천 2025_07.csv,문화관광,기타문화관광지
포천,2025,7,2025-07,175,경기도,포천시,한여울파크골프장건축중(2026년03월 개장예정),14,포천 2025_07.csv,레저스포츠,육상레저스포츠
포천,2025,7,2025-07,175,경기도,포천시,미륵박물관,14,포천 2025_07.csv,문화관광,전시시설
포천,2025,7,2025-07,175,경기도,포천시,승법사,14,포천 2025_07.csv,역사관광,종교성지
포천,2025,7,2025-07,175,경기도,포천시,향림사,14,포천 2025_07.csv,역사관광,종교성지
포천,2025,7,2025-07,180,경기도,포천시,모돈갤러리,13,포천 2025_07.csv,문화관광,전시시설
포천,2025,7,2025-07,181,경기도,포천시,포천목공체험장,12,포천 2025_07.csv,문화관광,기타문화관광지
포천,2025,7,2025-07,181,경기도,포천시,이동정류소,12,포천 2025_07.csv,기타관광,교통시설
포천,2025,7,2025-07,181,경기도,포천시,포천시 일동면 길명3리,12,포천 2025_07.csv,역사관광,역사유적지
포천,2025,7,2025-07,181,경기도,포천시,정혜사,12,포천 2025_07.csv,역사관광,종교성지
포천,2025,7,2025-07,181,경기도,포천시,대안사,12,포천 2025_07.csv,역사관광,종교성지
포천,2025,7,2025-07,181,경기도,포천시,천인계곡유원지,12,포천 2025_07.csv,문화관광,복합관광시설
포천,2025,7,2025-07,181,경기도,포천시,한탄강야생화공원,12,포천 2025_07.csv,문화관광,도시공원
포천,2025,7,2025-07,181,경기도,포천시,향적사,12,포천 2025_07.csv,역사관광,종교성지
포천,2025,7,2025-07,189,경기도,포천시,수목원낚시터,11,포천 2025_07.csv,레저스포츠,수상레저스포츠
포천,2025,7,2025-07,189,경기도,포천시,자작게이트볼장,11,포천 2025_07.csv,레저스포츠,기타레저스포츠
포천,2025,7,2025-07,189,경기도,포천시,밤밭지,11,포천 2025_07.csv,자연관광,자연경관(하천/해양)
포천,2025,7,2025-07,189,경기도,포천시,금수정,11,포천 2025_07.csv,역사관광,역사유적지
포천,2025,7,2025-07,189,경기도,포천시,무림사,11,포천 2025_07.csv,역사관광,종교성지
포천,2025,7,2025-07,189,경기도,포천시,포천아트밸리천문과학관,11,포천 2025_07.csv,문화관광,전시시설
포천,2025,7,2025-07,195,경기도,포천시,한탄강주상절리길3코스,10,포천 2025_07.csv,레저스포츠,기타레저스포츠
포천,2025,7,2025-07,195,경기도,포천시,황금프라자,10,포천 2025_07.csv,쇼핑,쇼핑몰
포천,2025,7,2025-07,195,경기도,포천시,영평천,10,포천 2025_07.csv,자연관광,자연공원
포천,2025,7,2025-07,195,경기도,포천시,키즈필포천송우점,10,포천 2025_07.csv,문화관광,테마공원
포천,2025,7,2025-07,199,경기도,포천시,한탄강주상절리길2코스,9,포천 2025_07.csv,레저스포츠,기타레저스포츠
포천,2025,7,2025-07,199,경기도,포천시,포천무형유산전수교육관,9,포천 2025_07.csv,체험관광,체험관광기타
포천,2025,7,2025-07,199,경기도,포천시,포천시 신북면 지동산촌마을,9,포천 2025_07.csv,역사관광,역사유적지
포천,2025,7,2025-07,199,경기도,포천시,법왕사,9,포천 2025_07.csv,역사관광,종교성지
포천,2025,7,2025-07,199,경기도,포천시,솔모루공원,9,포천 2025_07.csv,문화관광,도시공원
포천,2025,7,2025-07,199,경기도,포천시,운악레저타운,9,포천 2025_07.csv,레저스포츠,기타레저스포츠
포천,2025,7,2025-07,199,경기도,포천시,수원산,9,포천 2025_07.csv,자연관광,자연경관(산)
포천,2025,7,2025-07,199,경기도,포천시,각흘산,9,포천 2025_07.csv,자연관광,자연경관(산)
포천,2025,7,2025-07,199,경기도,포천시,가온농장,9,포천 2025_07.csv,체험관광,농/산/어촌체험
포천,2025,7,2025-07,199,경기도,포천시,포천운산리자연생태공원,9,포천 2025_07.csv,문화관광,도시공원
포천,2025,7,2025-07,199,경기도,포천시,용주암,9,포천 2025_07.csv,역사관광,종교성지
포천,2025,7,2025-07,210,경기도,포천시,명성산,8,포천 2025_07.csv,자연관광,자연경관(산)
포천,2025,7,2025-07,211,경기도,포천시,약사계곡,7,포천 2025_07.csv,자연관광,자연경관(산)
포천,2025,7,2025-07,211,경기도,포천시,포천음악창작소,7,포천 2025_07.csv,문화관광,기타문화관광지
포천,2025,7,2025-07,211,경기도,포천시,털보낚시터,7,포천 2025_07.csv,레저스포츠,수상레저스포츠
포천,2025,7,2025-07,211,경기도,포천시,건플레이,7,포천 2025_07.csv,레저스포츠,기타레저스포츠
포천,2025,7,2025-07,211,경기도,포천시,내리공설시장,7,포천 2025_07.csv,쇼핑,시장
포천,2025,7,2025-07,211,경기도,포천시,성불암,7,포천 2025_07.csv,역사관광,종교성지
포천,2025,7,2025-07,211,경기도,포천시,냉정낚시터,7,포천 2025_07.csv,레저스포츠,수상레저스포츠
포천,2025,7,2025-07,211,경기도,포천시,마홀축구장,7,포천 2025_07.csv,문화관광,레저스포츠시설
포천,2025,7,2025-07,211,경기도,포천시,다래레저,7,포천 2025_07.csv,레저스포츠,수상레저스포츠
포천,2025,7,2025-07,220,경기도,포천시,채소한의식탁,6,포천 2025_07.csv,체험관광,농/산/어촌체험
포천,2025,7,2025-07,220,경기도,포천시,포천소민농장,6,포천 2025_07.csv,체험관광,농/산/어촌체험
포천,2025,7,2025-07,220,경기도,포천시,포천체육공원어린이물놀이장,6,포천 2025_07.csv,문화관광,테마공원
포천,2025,7,2025-07,220,경기도,포천시,베어스타운CC휴업,6,포천 2025_07.csv,레저스포츠,육상레저스포츠
포천,2025,7,2025-07,220,경기도,포천시,용연서원,6,포천 2025_07.csv,역사관광,역사유적지
포천,2025,7,2025-07,220,경기도,포천시,관인공설시장,6,포천 2025_07.csv,쇼핑,시장
포천,2025,7,2025-07,220,경기도,포천시,지질트레일1코스,6,포천 2025_07.csv,레저스포츠,기타레저스포츠
포천,2025,7,2025-07,220,경기도,포천시,동교하우스낚시터,6,포천 2025_07.csv,레저스포츠,수상레저스포츠
포천,2025,7,2025-07,228,경기도,포천시,여우뜰,5,포천 2025_07.csv,체험관광,농/산/어촌체험
포천,2025,7,2025-07,228,경기도,포천시,활기찬농원,5,포천 2025_07.csv,체험관광,농/산/어촌체험
포천,2025,7,2025-07,228,경기도,포천시,쌍둥이네포도농원,5,포천 2025_07.csv,체험관광,농/산/어촌체험
포천,2025,7,2025-07,228,경기도,포천시,이룬절,5,포천 2025_07.csv,역사관광,종교성지
포천,2025,7,2025-07,228,경기도,포천시,청계산,5,포천 2025_07.csv,자연관광,자연경관(산)
포천,2025,7,2025-07,228,경기도,포천시,송광사,5,포천 2025_07.csv,역사관광,종교성지
포천,2025,7,2025-07,228,경기도,포천시,한탄강대교천현무암협곡,5,포천 2025_07.csv,기타관광,기타관광
포천,2025,7,2025-07,228,경기도,포천시,중리테마파크낚시터,5,포천 2025_07.csv,레저스포츠,수상레저스포츠
포천,2025,7,2025-07,228,경기도,포천시,도연암,5,포천 2025_07.csv,역사관광,종교성지
포천,2025,7,2025-07,237,경기도,포천시,베스트원스포츠,4,포천 2025_07.csv,레저스포츠,기타레저스포츠
포천,2025,7,2025-07,237,경기도,포천시,무상사,4,포천 2025_07.csv,역사관광,종교성지
포천,2025,7,2025-07,237,경기도,포천시,정불암,4,포천 2025_07.csv,역사관광,종교성지
포천,2025,7,2025-07,237,경기도,포천시,산정에코물놀이장,4,포천 2025_07.csv,레저스포츠,수상레저스포츠
포천,2025,7,2025-07,237,경기도,포천시,아리솔청소년체육광장,4,포천 2025_07.csv,문화관광,도시공원
포천,2025,7,2025-07,237,경기도,포천시,쌍불사,4,포천 2025_07.csv,역사관광,종교성지
포천,2025,7,2025-07,237,경기도,포천시,유식물원,4,포천 2025_07.csv,문화관광,테마공원
포천,2025,7,2025-07,237,경기도,포천시,직동낚시터,4,포천 2025_07.csv,레저스포츠,수상레저스포츠
포천,2025,7,2025-07,237,경기도,포천시,무네미낚시터,4,포천 2025_07.csv,레저스포츠,수상레저스포츠
포천,2025,7,2025-07,237,경기도,포천시,포천약사암,4,포천 2025_07.csv,역사관광,종교성지
포천,2025,7,2025-07,237,경기도,포천시,토우공방,4,포천 2025_07.csv,체험관광,공예체험
포천,2025,7,2025-07,248,경기도,포천시,포천정,3,포천 2025_07.csv,레저스포츠,육상레저스포츠
포천,2025,7,2025-07,248,경기도,포천시,실상사,3,포천 2025_07.csv,역사관광,종교성지
포천,2025,7,2025-07,248,경기도,포천시,평화농원포천블루베리,3,포천 2025_07.csv,체험관광,농/산/어촌체험
포천,2025,7,2025-07,248,경기도,포천시,부소천교,3,포천 2025_07.csv,기타관광,기타관광
포천,2025,7,2025-07,248,경기도,포천시,한탄강주상절리길5코스,3,포천 2025_07.csv,레저스포츠,기타레저스포츠
포천,2025,7,2025-07,248,경기도,포천시,아딸농원,3,포천 2025_07.csv,체험관광,농/산/어촌체험
포천,2025,7,2025-07,248,경기도,포천시,이벽생가터,3,포천 2025_07.csv,기타관광,기타관광
포천,2025,7,2025-07,248,경기도,포천시,포천역사문화관,3,포천 2025_07.csv,문화관광,전시시설
포천,2025,7,2025-07,248,경기도,포천시,낙천지폭포,3,포천 2025_07.csv,자연관광,자연경관(산)
포천,2025,7,2025-07,248,경기도,포천시,잇빛천연염색체험학습장,3,포천 2025_07.csv,체험관광,공예체험
포천,2025,7,2025-07,248,경기도,포천시,레더준,3,포천 2025_07.csv,체험관광,공예체험
포천,2025,7,2025-07,248,경기도,포천시,영산사,3,포천 2025_07.csv,역사관광,종교성지
포천,2025,7,2025-07,248,경기도,포천시,무봉리족구장,3,포천 2025_07.csv,레저스포츠,기타레저스포츠
포천,2025,7,2025-07,248,경기도,포천시,진솔족구장,3,포천 2025_07.csv,레저스포츠,기타레저스포츠
포천,2025,7,2025-07,248,경기도,포천시,천의바람농장,3,포천 2025_07.csv,체험관광,농/산/어촌체험
포천,2025,7,2025-07,248,경기도,포천시,선단문화공원,3,포천 2025_07.csv,문화관광,도시공원
포천,2025,7,2025-07,248,경기도,포천시,대진대학교과학영재교육원,3,포천 2025_07.csv,체험관광,체험관광기타
포천,2025,7,2025-07,248,경기도,포천시,서성선생묘,3,포천 2025_07.csv,역사관광,역사유적지
포천,2025,7,2025-07,248,경기도,포천시,실상선원,3,포천 2025_07.csv,역사관광,종교성지
포천,2025,7,2025-07,248,경기도,포천시,명진농장,3,포천 2025_07.csv,체험관광,농/산/어촌체험
포천,2025,7,2025-07,248,경기도,포천시,한탄강수변공원,3,포천 2025_07.csv,문화관광,도시공원
포천,2025,7,2025-07,248,경기도,포천시,우유랑치즈랑,3,포천 2025_07.csv,체험관광,농/산/어촌체험
포천,2025,7,2025-07,248,경기도,포천시,신북메가필드,3,포천 2025_07.csv,레저스포츠,육상레저스포츠
포천,2025,7,2025-07,248,경기도,포천시,포천직두리의부부송,3,포천 2025_07.csv,역사관광,역사유적지
포천,2025,7,2025-07,248,경기도,포천시,금룡사,3,포천 2025_07.csv,역사관광,종교성지
포천,2025,7,2025-07,248,경기도,포천시,전운사,3,포천 2025_07.csv,역사관광,종교성지
포천,2025,7,2025-07,248,경기도,포천시,태봉공원,3,포천 2025_07.csv,문화관광,도시공원
포천,2025,7,2025-07,248,경기도,포천시,명성산산안고개방면,3,포천 2025_07.csv,자연관광,자연경관(산)
포천,2025,7,2025-07,248,경기도,포천시,포천메나리전수회관,3,포천 2025_07.csv,체험관광,체험관광기타
포천,2025,7,2025-07,248,경기도,포천시,국립산림박물관,3,포천 2025_07.csv,문화관광,전시시설
포천,2025,7,2025-07,248,경기도,포천시,허브식물박물관,3,포천 2025_07.csv,문화관광,전시시설
포천,2025,7,2025-07,248,경기도,포천시,산정호수허브식물원,3,포천 2025_07.csv,문화관광,테마공원
포천,2025,7,2025-07,248,경기도,포천시,인공폭포,3,포천 2025_07.csv,자연관광,자연경관(산)
포천,2025,7,2025-07,248,경기도,포천시,포천반월성,3,포천 2025_07.csv,역사관광,역사유적지
포천,2025,7,2025-07,248,경기도,포천시,비즈아쿠아,3,포천 2025_07.csv,문화관광,테마공원
포천,2025,7,2025-07,248,경기도,포천시,이동생태공원,3,포천 2025_07.csv,문화관광,도시공원
포천,2025,7,2025-07,248,경기도,포천시,늘푸른농장,3,포천 2025_07.csv,체험관광,농/산/어촌체험
포천,2025,7,2025-07,248,경기도,포천시,서운동산어린이동물농장,3,포천 2025_07.csv,기타관광,기타관광
포천,2025,7,2025-07,248,경기도,포천시,다산농산,3,포천 2025_07.csv,체험관광,농/산/어촌체험
포천,2025,7,2025-07,248,경기도,포천시,초가낚시터,3,포천 2025_07.csv,레저스포츠,수상레저스포츠
포천,2025,7,2025-07,248,경기도,포천시,포천향교,3,포천 2025_07.csv,역사관광,역사유적지
포천,2025,7,2025-07,248,경기도,포천시,명산저수지,3,포천 2025_07.csv,자연관광,자연경관(하천/해양)
포천,2025,7,2025-07,248,경기도,포천시,미트빌연합사업단,3,포천 2025_07.csv,쇼핑,시장
포천,2025,7,2025-07,248,경기도,포천시,고모리수상레저,3,포천 2025_07.csv,레저스포츠,기타레저스포츠
포천,2025,7,2025-07,248,경기도,포천시,고모지,3,포천 2025_07.csv,자연관광,자연경관(하천/해양)
포천,2025,7,2025-07,248,경기도,포천시,화현저수지,3,포천 2025_07.csv,자연관광,자연경관(하천/해양)
포천,2025,7,2025-07,248,경기도,포천시,황제다육식물농장,3,포천 2025_07.csv,체험관광,농/산/어촌체험
포천,2025,7,2025-07,248,경기도,포천시,우금소류지,3,포천 2025_07.csv,자연관광,자연경관(하천/해양)
포천,2025,7,2025-07,248,경기도,포천시,평화나무농장,3,포천 2025_07.csv,체험관광,농/산/어촌체험
포천,2025,7,2025-07,248,경기도,포천시,굴고개,3,포천 2025_07.csv,자연관광,자연경관(산)
포천,2025,7,2025-07,248,경기도,포천시,국봉사,3,포천 2025_07.csv,역사관광,종교성지
포천,2025,7,2025-07,248,경기도,포천시,금불사,3,포천 2025_07.csv,역사관광,종교성지
포천,2025,7,2025-07,248,경기도,포천시,제일베리,3,포천 2025_07.csv,체험관광,농/산/어촌체험
포천,2025,7,2025-07,248,경기도,포천시,궁뜰사과농원,3,포천 2025_07.csv,체험관광,농/산/어촌체험
포천,2025,7,2025-07,248,경기도,포천시,장암저수지,3,포천 2025_07.csv,자연관광,자연경관(하천/해양)
포천,2025,7,2025-07,248,경기도,포천시,포천체육공원인라인스케이트장,3,포천 2025_07.csv,레저스포츠,육상레저스포츠
포천,2025,7,2025-07,248,경기도,포천시,철갑상어농장,3,포천 2025_07.csv,체험관광,농/산/어촌체험
포천,2025,7,2025-07,248,경기도,포천시,순해목장,3,포천 2025_07.csv,체험관광,농/산/어촌체험
포천,2025,8,2025-08,1,경기도,포천시,백운계곡,14044,포천 2025_08.csv,자연관광,자연경관(산)
포천,2025,8,2025-08,2,경기도,포천시,산정호수,9467,포천 2025_08.csv,자연관광,자연경관(하천/해양)
포천,2025,8,2025-08,3,경기도,포천시,국립수목원,8851,포천 2025_08.csv,문화관광,테마공원
포천,2025,8,2025-08,4,경기도,포천시,한탄강Y자출렁다리,8401,포천 2025_08.csv,기타관광,기타관광
포천,2025,8,2025-08,5,경기도,포천시,포레스트힐CC,6565,포천 2025_08.csv,레저스포츠,육상레저스포츠
포천,2025,8,2025-08,6,경기도,포천시,푸른솔GC포천,6354,포천 2025_08.csv,레저스포츠,육상레저스포츠
포천,2025,8,2025-08,7,경기도,포천시,포천아트밸리,6186,포천 2025_08.csv,문화관광,공연시설
포천,2025,8,2025-08,8,경기도,포천시,몽베르CC,6108,포천 2025_08.csv,레저스포츠,육상레저스포츠
포천,2025,8,2025-08,9,경기도,포천시,라싸GC,6007,포천 2025_08.csv,레저스포츠,육상레저스포츠
포천,2025,8,2025-08,10,경기도,포천시,포천힐스CC,6003,포천 2025_08.csv,레저스포츠,육상레저스포츠
포천,2025,8,2025-08,11,경기도,포천시,필로스GC,5994,포천 2025_08.csv,레저스포츠,육상레저스포츠
포천,2025,8,2025-08,12,경기도,포천시,베어크리크GC,5324,포천 2025_08.csv,레저스포츠,육상레저스포츠
포천,2025,8,2025-08,13,경기도,포천시,고모저수지,4808,포천 2025_08.csv,자연관광,자연경관(하천/해양)
포천,2025,8,2025-08,14,경기도,포천시,포천힐마루CC,4729,포천 2025_08.csv,레저스포츠,육상레저스포츠
포천,2025,8,2025-08,15,경기도,포천시,비둘기낭폭포,4565,포천 2025_08.csv,자연관광,자연경관(산)
포천,2025,8,2025-08,16,경기도,포천시,포천아도니스CC,4142,포천 2025_08.csv,레저스포츠,육상레저스포츠
포천,2025,8,2025-08,17,경기도,포천시,신북온천,3616,포천 2025_08.csv,체험관광,웰니스관광
포천,2025,8,2025-08,18,경기도,포천시,참밸리컨트리클럽,3537,포천 2025_08.csv,레저스포츠,육상레저스포츠
포천,2025,8,2025-08,19,경기도,포천시,일동시외버스터미널,3459,포천 2025_08.csv,기타관광,교통시설
포천,2025,8,2025-08,20,경기도,포천시,샴발라CC,3214,포천 2025_08.csv,레저스포츠,육상레저스포츠
포천,2025,8,2025-08,21,경기도,포천시,일동레이크GC,2774,포천 2025_08.csv,레저스포츠,육상레저스포츠
포천,2025,8,2025-08,22,경기도,포천시,허브아일랜드,2258,포천 2025_08.csv,체험관광,농/산/어촌체험
포천,2025,8,2025-08,23,경기도,포천시,CGV포천,2118,포천 2025_08.csv,문화관광,공연시설
포천,2025,8,2025-08,24,경기도,포천시,도마치계곡,1760,포천 2025_08.csv,자연관광,자연경관(산)
포천,2025,8,2025-08,25,경기도,포천시,포천한탄강하늘다리,1681,포천 2025_08.csv,기타관광,기타관광
포천,2025,8,2025-08,26,경기도,포천시,제일유황온천,1552,포천 2025_08.csv,체험관광,웰니스관광
포천,2025,8,2025-08,27,경기도,포천시,예술정원1999자연예술테마파크,1485,포천 2025_08.csv,문화관광,테마공원
포천,2025,8,2025-08,28,경기도,포천시,송우시외버스터미널,1462,포천 2025_08.csv,기타관광,교통시설
포천,2025,8,2025-08,29,경기도,포천시,지장산계곡,1318,포천 2025_08.csv,자연관광,자연경관(산)
포천,2025,8,2025-08,30,경기도,포천시,포천블루파크,1299,포천 2025_08.csv,문화관광,테마공원
포천,2025,8,2025-08,31,경기도,포천시,산사원,967,포천 2025_08.csv,문화관광,전시시설
포천,2025,8,2025-08,32,경기도,포천시,페리아도워터파크,952,포천 2025_08.csv,문화관광,테마공원
포천,2025,8,2025-08,33,경기도,포천시,축석고개,922,포천 2025_08.csv,자연관광,자연경관(산)
포천,2025,8,2025-08,34,경기도,포천시,운악산자연휴양림,910,포천 2025_08.csv,자연관광,자연공원
포천,2025,8,2025-08,35,경기도,포천시,포천시외버스터미널,892,포천 2025_08.csv,기타관광,교통시설
포천,2025,8,2025-08,36,경기도,포천시,마이애니멀스토리in평강랜드,875,포천 2025_08.csv,문화관광,테마공원
포천,2025,8,2025-08,37,경기도,포천시,포천반월아트홀,859,포천 2025_08.csv,문화관광,공연시설
포천,2025,8,2025-08,38,경기도,포천시,베어스타운스키장휴업,820,포천 2025_08.csv,레저스포츠,육상레저스포츠
포천,2025,8,2025-08,39,경기도,포천시,동교낚시터,818,포천 2025_08.csv,레저스포츠,수상레저스포츠
포천,2025,8,2025-08,40,경기도,포천시,한탄강지질공원센터,809,포천 2025_08.csv,문화관광,전시시설
포천,2025,8,2025-08,41,경기도,포천시,깊이울유원지,801,포천 2025_08.csv,문화관광,복합관광시설
포천,2025,8,2025-08,42,경기도,포천시,백운계곡유원지,796,포천 2025_08.csv,문화관광,복합관광시설
포천,2025,8,2025-08,43,경기도,포천시,포천5일장,780,포천 2025_08.csv,쇼핑,시장
포천,2025,8,2025-08,44,경기도,포천시,가산낚시터,742,포천 2025_08.csv,레저스포츠,수상레저스포츠
포천,2025,8,2025-08,45,경기도,포천시,초원낚시터,738,포천 2025_08.csv,레저스포츠,수상레저스포츠
포천,2025,8,2025-08,46,경기도,포천시,락가든GC,725,포천 2025_08.csv,레저스포츠,육상레저스포츠
포천,2025,8,2025-08,47,경기도,포천시,천보산자연휴양림,672,포천 2025_08.csv,자연관광,자연공원
포천,2025,8,2025-08,48,경기도,포천시,마전낚시터,646,포천 2025_08.csv,레저스포츠,수상레저스포츠
포천,2025,8,2025-08,49,경기도,포천시,밤밭낚시터,633,포천 2025_08.csv,레저스포츠,수상레저스포츠
포천,2025,8,2025-08,50,경기도,포천시,포천아도니스퍼블릭CC,603,포천 2025_08.csv,레저스포츠,육상레저스포츠
포천,2025,8,2025-08,51,경기도,포천시,호국금강사,598,포천 2025_08.csv,역사관광,종교성지
포천,2025,8,2025-08,52,경기도,포천시,주파크,571,포천 2025_08.csv,문화관광,테마공원
포천,2025,8,2025-08,53,경기도,포천시,한탄강주상절리길1코스,565,포천 2025_08.csv,레저스포츠,기타레저스포츠
포천,2025,8,2025-08,54,경기도,포천시,백운계곡국민관광지,531,포천 2025_08.csv,문화관광,복합관광시설
포천,2025,8,2025-08,55,경기도,포천시,흥룡사,527,포천 2025_08.csv,역사관광,종교성지
포천,2025,8,2025-08,56,경기도,포천시,수목원고모호수공원,472,포천 2025_08.csv,문화관광,도시공원
포천,2025,8,2025-08,57,경기도,포천시,어메이징파크,460,포천 2025_08.csv,문화관광,전시시설
포천,2025,8,2025-08,58,경기도,포천시,도마치계곡유원지,455,포천 2025_08.csv,문화관광,복합관광시설
포천,2025,8,2025-08,59,경기도,포천시,포천수원산정상전망대,447,포천 2025_08.csv,문화관광,랜드마크관광
포천,2025,8,2025-08,60,경기도,포천시,쌍방죽낚시터,444,포천 2025_08.csv,레저스포츠,수상레저스포츠
포천,2025,8,2025-08,61,경기도,포천시,포천이동갈비바베큐축제,420,포천 2025_08.csv,문화관광,기타문화관광지
포천,2025,8,2025-08,62,경기도,포천시,소흘생활체육공원,415,포천 2025_08.csv,문화관광,도시공원
포천,2025,8,2025-08,63,경기도,포천시,포천화적연,406,포천 2025_08.csv,자연관광,자연경관(하천/해양)
포천,2025,8,2025-08,64,경기도,포천시,내촌낚시터,400,포천 2025_08.csv,레저스포츠,수상레저스포츠
포천,2025,8,2025-08,65,경기도,포천시,가산저수지,341,포천 2025_08.csv,자연관광,자연경관(하천/해양)
포천,2025,8,2025-08,66,경기도,포천시,포천야구장,334,포천 2025_08.csv,문화관광,레저스포츠시설
포천,2025,8,2025-08,67,경기도,포천시,용담대물낚시터,283,포천 2025_08.csv,레저스포츠,수상레저스포츠
포천,2025,8,2025-08,68,경기도,포천시,황금낚시터,280,포천 2025_08.csv,레저스포츠,수상레저스포츠
포천,2025,8,2025-08,69,경기도,포천시,직두리낚시터,271,포천 2025_08.csv,레저스포츠,수상레저스포츠
포천,2025,8,2025-08,70,경기도,포천시,새마을낚시터,262,포천 2025_08.csv,레저스포츠,수상레저스포츠
포천,2025,8,2025-08,71,경기도,포천시,청계호수,256,포천 2025_08.csv,자연관광,자연경관(하천/해양)
포천,2025,8,2025-08,72,경기도,포천시,청성역사공원,248,포천 2025_08.csv,문화관광,도시공원
포천,2025,8,2025-08,73,경기도,포천시,프로방스빌리지수영장,246,포천 2025_08.csv,문화관광,테마공원
포천,2025,8,2025-08,74,경기도,포천시,포천염광수련원,245,포천 2025_08.csv,레저스포츠,육상레저스포츠
포천,2025,8,2025-08,75,경기도,포천시,금주낚시터,244,포천 2025_08.csv,레저스포츠,수상레저스포츠
포천,2025,8,2025-08,76,경기도,포천시,서운동산,236,포천 2025_08.csv,문화관광,복합관광시설
포천,2025,8,2025-08,77,경기도,포천시,운천낚시공원,233,포천 2025_08.csv,레저스포츠,수상레저스포츠
포천,2025,8,2025-08,78,경기도,포천시,냉정저수지,232,포천 2025_08.csv,자연관광,자연경관(하천/해양)
포천,2025,8,2025-08,79,경기도,포천시,도성사,229,포천 2025_08.csv,역사관광,종교성지
포천,2025,8,2025-08,80,경기도,포천시,낭만닥터김사부촬영지,228,포천 2025_08.csv,문화관광,기타문화관광지
포천,2025,8,2025-08,81,경기도,포천시,포천가구공단,214,포천 2025_08.csv,쇼핑,기타쇼핑시설
포천,2025,8,2025-08,82,경기도,포천시,가람누리문화공원전망대,213,포천 2025_08.csv,문화관광,랜드마크관광
포천,2025,8,2025-08,82,경기도,포천시,국망봉자연휴양림,213,포천 2025_08.csv,자연관광,자연공원
포천,2025,8,2025-08,84,경기도,포천시,운천재래시장,191,포천 2025_08.csv,쇼핑,시장
포천,2025,8,2025-08,85,경기도,포천시,포천한탄강가든페스타,189,포천 2025_08.csv,문화관광,기타문화관광지
포천,2025,8,2025-08,86,경기도,포천시,포천자동차극장,185,포천 2025_08.csv,문화관광,공연시설
포천,2025,8,2025-08,87,경기도,포천시,아프리카예술박물관,180,포천 2025_08.csv,문화관광,전시시설
포천,2025,8,2025-08,87,경기도,포천시,한과문화박물관,180,포천 2025_08.csv,문화관광,전시시설
포천,2025,8,2025-08,89,경기도,포천시,송우공설시장,175,포천 2025_08.csv,쇼핑,시장
포천,2025,8,2025-08,90,경기도,포천시,한화리조트산정호수온천,169,포천 2025_08.csv,체험관광,웰니스관광
포천,2025,8,2025-08,91,경기도,포천시,포천하늘아래치유의숲,165,포천 2025_08.csv,기타관광,기타관광
포천,2025,8,2025-08,92,경기도,포천시,구담사,163,포천 2025_08.csv,역사관광,종교성지
포천,2025,8,2025-08,93,경기도,포천시,클라우드시네마,162,포천 2025_08.csv,문화관광,공연시설
포천,2025,8,2025-08,94,경기도,포천시,금주저수지,154,포천 2025_08.csv,자연관광,자연경관(하천/해양)
포천,2025,8,2025-08,95,경기도,포천시,길명낚시공원,148,포천 2025_08.csv,레저스포츠,수상레저스포츠
포천,2025,8,2025-08,95,경기도,포천시,코버월드,148,포천 2025_08.csv,문화관광,전시시설
포천,2025,8,2025-08,97,경기도,포천시,왕산사,145,포천 2025_08.csv,역사관광,종교성지
포천,2025,8,2025-08,98,경기도,포천시,가농바이오농장,141,포천 2025_08.csv,체험관광,농/산/어촌체험
포천,2025,8,2025-08,99,경기도,포천시,포천신읍시장,134,포천 2025_08.csv,쇼핑,시장
포천,2025,8,2025-08,100,경기도,포천시,운천,132,포천 2025_08.csv,기타관광,기타관광
포천,2025,8,2025-08,101,경기도,포천시,산정호수조각공원,126,포천 2025_08.csv,문화관광,도시공원
포천,2025,8,2025-08,102,경기도,포천시,나남수목원,124,포천 2025_08.csv,자연관광,자연공원
포천,2025,8,2025-08,103,경기도,포천시,한탄강생태경관단지공사중(2025년09월중오픈예정),119,포천 2025_08.csv,기타관광,기타관광
포천,2025,8,2025-08,104,경기도,포천시,포천축구공원,112,포천 2025_08.csv,문화관광,도시공원
포천,2025,8,2025-08,105,경기도,포천시,고일낚시터,111,포천 2025_08.csv,레저스포츠,수상레저스포츠
포천,2025,8,2025-08,105,경기도,포천시,포천파크골프장,111,포천 2025_08.csv,레저스포츠,기타레저스포츠
포천,2025,8,2025-08,107,경기도,포천시,광암이벽유적지,109,포천 2025_08.csv,역사관광,역사유적지
포천,2025,8,2025-08,108,경기도,포천시,선유담계곡,107,포천 2025_08.csv,자연관광,자연경관(산)
포천,2025,8,2025-08,109,경기도,포천시,멍우리협곡,91,포천 2025_08.csv,자연관광,자연경관(산)
포천,2025,8,2025-08,110,경기도,포천시,청계저수지수변공원,90,포천 2025_08.csv,문화관광,도시공원
포천,2025,8,2025-08,111,경기도,포천시,화현이벽성지,88,포천 2025_08.csv,역사관광,역사유적지
포천,2025,8,2025-08,112,경기도,포천시,약천사,82,포천 2025_08.csv,역사관광,종교성지
포천,2025,8,2025-08,113,경기도,포천시,가람누리문화공원,81,포천 2025_08.csv,문화관광,도시공원
포천,2025,8,2025-08,113,경기도,포천시,포천패션타운,81,포천 2025_08.csv,쇼핑,쇼핑몰
포천,2025,8,2025-08,115,경기도,포천시,교동가마소,79,포천 2025_08.csv,기타관광,기타관광
포천,2025,8,2025-08,116,경기도,포천시,설운체육공원,78,포천 2025_08.csv,문화관광,도시공원
포천,2025,8,2025-08,117,경기도,포천시,수목원프로방스,76,포천 2025_08.csv,자연관광,자연공원
포천,2025,8,2025-08,118,경기도,포천시,한여울파크골프장건축중(2026년03월 개장예정),72,포천 2025_08.csv,레저스포츠,육상레저스포츠
포천,2025,8,2025-08,119,경기도,포천시,포천스포츠센터,70,포천 2025_08.csv,레저스포츠,기타레저스포츠
포천,2025,8,2025-08,120,경기도,포천시,황새목낚시터,69,포천 2025_08.csv,레저스포츠,수상레저스포츠
포천,2025,8,2025-08,120,경기도,포천시,자인사,69,포천 2025_08.csv,역사관광,종교성지
포천,2025,8,2025-08,122,경기도,포천시,미륵사,67,포천 2025_08.csv,역사관광,종교성지
포천,2025,8,2025-08,123,경기도,포천시,왕달아포도농원,66,포천 2025_08.csv,체험관광,농/산/어촌체험
포천,2025,8,2025-08,124,경기도,포천시,포천38문화예술창작소공사중(2025년9월개관예정),61,포천 2025_08.csv,문화관광,기타문화관광지
포천,2025,8,2025-08,125,경기도,포천시,태국군참전비,60,포천 2025_08.csv,역사관광,역사유물
포천,2025,8,2025-08,126,경기도,포천시,포천체육공원,59,포천 2025_08.csv,문화관광,도시공원
포천,2025,8,2025-08,127,경기도,포천시,한탄강팔호유원지,58,포천 2025_08.csv,문화관광,복합관광시설
포천,2025,8,2025-08,127,경기도,포천시,화엄사,58,포천 2025_08.csv,역사관광,종교성지
포천,2025,8,2025-08,127,경기도,포천시,일동시장,58,포천 2025_08.csv,쇼핑,시장
포천,2025,8,2025-08,130,경기도,포천시,갈월버섯농장,56,포천 2025_08.csv,체험관광,농/산/어촌체험
포천,2025,8,2025-08,131,경기도,포천시,태산낚시터,55,포천 2025_08.csv,레저스포츠,수상레저스포츠
포천,2025,8,2025-08,132,경기도,포천시,뿌리굿당,52,포천 2025_08.csv,역사관광,종교성지
포천,2025,8,2025-08,132,경기도,포천시,천인계곡유원지,52,포천 2025_08.csv,문화관광,복합관광시설
포천,2025,8,2025-08,134,경기도,포천시,각흘계곡,51,포천 2025_08.csv,자연관광,자연경관(산)
포천,2025,8,2025-08,134,경기도,포천시,복후미저수지,51,포천 2025_08.csv,자연관광,자연경관(하천/해양)
포천,2025,8,2025-08,134,경기도,포천시,산정랜드,51,포천 2025_08.csv,문화관광,복합관광시설
포천,2025,8,2025-08,137,경기도,포천시,중리저수지,48,포천 2025_08.csv,자연관광,자연경관(하천/해양)
포천,2025,8,2025-08,138,경기도,포천시,깊이울저수지,47,포천 2025_08.csv,자연관광,자연경관(하천/해양)
포천,2025,8,2025-08,139,경기도,포천시,천주호,46,포천 2025_08.csv,자연관광,자연경관(하천/해양)
포천,2025,8,2025-08,140,경기도,포천시,한탄강주상절리길3코스,44,포천 2025_08.csv,레저스포츠,기타레저스포츠
포천,2025,8,2025-08,140,경기도,포천시,아침햇살청소년수련원,44,포천 2025_08.csv,레저스포츠,육상레저스포츠
포천,2025,8,2025-08,142,경기도,포천시,일동문화예술창고,43,포천 2025_08.csv,문화관광,기타문화관광지
포천,2025,8,2025-08,143,경기도,포천시,소흘생활체육공원인공암벽장,41,포천 2025_08.csv,레저스포츠,기타레저스포츠
포천,2025,8,2025-08,144,경기도,포천시,용연서원,40,포천 2025_08.csv,역사관광,역사유적지
포천,2025,8,2025-08,144,경기도,포천시,키즈필포천송우점,40,포천 2025_08.csv,문화관광,테마공원
포천,2025,8,2025-08,146,경기도,포천시,어하고개,39,포천 2025_08.csv,자연관광,자연경관(산)
포천,2025,8,2025-08,146,경기도,포천시,지장산유원지,39,포천 2025_08.csv,문화관광,복합관광시설
포천,2025,8,2025-08,148,경기도,포천시,이룬절,37,포천 2025_08.csv,역사관광,종교성지
포천,2025,8,2025-08,149,경기도,포천시,포천종합운동장보조구장,36,포천 2025_08.csv,문화관광,레저스포츠시설
포천,2025,8,2025-08,150,경기도,포천시,소흘생활체육공원제2축구장,34,포천 2025_08.csv,문화관광,레저스포츠시설
포천,2025,8,2025-08,150,경기도,포천시,기산근린공원,34,포천 2025_08.csv,문화관광,도시공원
포천,2025,8,2025-08,152,경기도,포천시,소흘아이사랑놀이터,33,포천 2025_08.csv,문화관광,테마공원
포천,2025,8,2025-08,153,경기도,포천시,메향낚시터,32,포천 2025_08.csv,레저스포츠,수상레저스포츠
포천,2025,8,2025-08,154,경기도,포천시,관음사,31,포천 2025_08.csv,역사관광,종교성지
포천,2025,8,2025-08,154,경기도,포천시,몽글몽글팜,31,포천 2025_08.csv,체험관광,농/산/어촌체험
포천,2025,8,2025-08,154,경기도,포천시,국립산림박물관,31,포천 2025_08.csv,문화관광,전시시설
포천,2025,8,2025-08,157,경기도,포천시,백운산,30,포천 2025_08.csv,자연관광,자연경관(산)
포천,2025,8,2025-08,157,경기도,포천시,청한베이스볼파크,30,포천 2025_08.csv,문화관광,레저스포츠시설
포천,2025,8,2025-08,159,경기도,포천시,지청낚시터,28,포천 2025_08.csv,레저스포츠,수상레저스포츠
포천,2025,8,2025-08,160,경기도,포천시,레이크밸리 승마클럽,27,포천 2025_08.csv,레저스포츠,기타레저스포츠
포천,2025,8,2025-08,160,경기도,포천시,송일농장,27,포천 2025_08.csv,체험관광,농/산/어촌체험
포천,2025,8,2025-08,162,경기도,포천시,포천시 관인면 교동장독대마을,26,포천 2025_08.csv,역사관광,역사유적지
포천,2025,8,2025-08,162,경기도,포천시,포천아트밸리천문과학관,26,포천 2025_08.csv,문화관광,전시시설
포천,2025,8,2025-08,164,경기도,포천시,약사계곡,25,포천 2025_08.csv,자연관광,자연경관(산)
포천,2025,8,2025-08,165,경기도,포천시,운악레저타운,24,포천 2025_08.csv,레저스포츠,기타레저스포츠
포천,2025,8,2025-08,166,경기도,포천시,백로주유원지,23,포천 2025_08.csv,문화관광,복합관광시설
포천,2025,8,2025-08,166,경기도,포천시,각흘산,23,포천 2025_08.csv,자연관광,자연경관(산)
포천,2025,8,2025-08,166,경기도,포천시,향적사,23,포천 2025_08.csv,역사관광,종교성지
포천,2025,8,2025-08,169,경기도,포천시,한탄강주상절리길2코스,21,포천 2025_08.csv,레저스포츠,기타레저스포츠
포천,2025,8,2025-08,169,경기도,포천시,트리풀수영장,21,포천 2025_08.csv,문화관광,테마공원
포천,2025,8,2025-08,169,경기도,포천시,금룡사,21,포천 2025_08.csv,역사관광,종교성지
포천,2025,8,2025-08,169,경기도,포천시,호스랜드승마클럽,21,포천 2025_08.csv,레저스포츠,육상레저스포츠
포천,2025,8,2025-08,169,경기도,포천시,미륵박물관,21,포천 2025_08.csv,문화관광,전시시설
포천,2025,8,2025-08,169,경기도,포천시,허브아일랜드불빛동화축제,21,포천 2025_08.csv,문화관광,기타문화관광지
포천,2025,8,2025-08,175,경기도,포천시,자비사,20,포천 2025_08.csv,역사관광,종교성지
포천,2025,8,2025-08,176,경기도,포천시,산정에코물놀이장,19,포천 2025_08.csv,레저스포츠,수상레저스포츠
포천,2025,8,2025-08,176,경기도,포천시,충목단,19,포천 2025_08.csv,역사관광,역사유적지
포천,2025,8,2025-08,178,경기도,포천시,포천미래교육센터,18,포천 2025_08.csv,체험관광,체험관광기타
포천,2025,8,2025-08,178,경기도,포천시,새일목장,18,포천 2025_08.csv,체험관광,농/산/어촌체험
포천,2025,8,2025-08,178,경기도,포천시,장암저수지,18,포천 2025_08.csv,자연관광,자연경관(하천/해양)
포천,2025,8,2025-08,181,경기도,포천시,루지월드베어스타운점,17,포천 2025_08.csv,레저스포츠,기타레저스포츠
포천,2025,8,2025-08,181,경기도,포천시,도리돌문화교류센터,17,포천 2025_08.csv,레저스포츠,기타레저스포츠
포천,2025,8,2025-08,181,경기도,포천시,왕방산,17,포천 2025_08.csv,자연관광,자연경관(산)
포천,2025,8,2025-08,181,경기도,포천시,포천용담저수지,17,포천 2025_08.csv,자연관광,자연경관(하천/해양)
포천,2025,8,2025-08,185,경기도,포천시,신읍동도시재생어울림센터2,16,포천 2025_08.csv,문화관광,기타문화관광지
포천,2025,8,2025-08,185,경기도,포천시,포천직두리의부부송,16,포천 2025_08.csv,역사관광,역사유적지
포천,2025,8,2025-08,185,경기도,포천시,천주사,16,포천 2025_08.csv,역사관광,종교성지
포천,2025,8,2025-08,188,경기도,포천시,극락사,15,포천 2025_08.csv,역사관광,종교성지
포천,2025,8,2025-08,188,경기도,포천시,한탄강대교천현무암협곡,15,포천 2025_08.csv,기타관광,기타관광
포천,2025,8,2025-08,190,경기도,포천시,무림사,14,포천 2025_08.csv,역사관광,종교성지
포천,2025,8,2025-08,190,경기도,포천시,Y스포츠센터,14,포천 2025_08.csv,레저스포츠,기타레저스포츠
포천,2025,8,2025-08,190,경기도,포천시,소흘생활체육공원제1축구장,14,포천 2025_08.csv,문화관광,레저스포츠시설
포천,2025,8,2025-08,190,경기도,포천시,도평리터미널,14,포천 2025_08.csv,기타관광,교통시설
포천,2025,8,2025-08,194,경기도,포천시,한탄강주상절리길5코스,13,포천 2025_08.csv,레저스포츠,기타레저스포츠
포천,2025,8,2025-08,194,경기도,포천시,이동정류소,13,포천 2025_08.csv,기타관광,교통시설
포천,2025,8,2025-08,194,경기도,포천시,황제다육식물농장,13,포천 2025_08.csv,체험관광,농/산/어촌체험
포천,2025,8,2025-08,194,경기도,포천시,용주암,13,포천 2025_08.csv,역사관광,종교성지
포천,2025,8,2025-08,198,경기도,포천시,한탄강수변공원,12,포천 2025_08.csv,문화관광,도시공원
포천,2025,8,2025-08,198,경기도,포천시,보문정사,12,포천 2025_08.csv,역사관광,종교성지
포천,2025,8,2025-08,198,경기도,포천시,성불암,12,포천 2025_08.csv,역사관광,종교성지
포천,2025,8,2025-08,201,경기도,포천시,광릉분재예술공원,11,포천 2025_08.csv,문화관광,도시공원
포천,2025,8,2025-08,201,경기도,포천시,법왕사,11,포천 2025_08.csv,역사관광,종교성지
포천,2025,8,2025-08,201,경기도,포천시,포천향교,11,포천 2025_08.csv,역사관광,역사유적지
포천,2025,8,2025-08,201,경기도,포천시,한탄강야생화공원,11,포천 2025_08.csv,문화관광,도시공원
포천,2025,8,2025-08,201,경기도,포천시,보림사,11,포천 2025_08.csv,역사관광,종교성지
포천,2025,8,2025-08,201,경기도,포천시,도연암,11,포천 2025_08.csv,역사관광,종교성지
포천,2025,8,2025-08,207,경기도,포천시,명진농장,10,포천 2025_08.csv,체험관광,농/산/어촌체험
포천,2025,8,2025-08,207,경기도,포천시,수원산,10,포천 2025_08.csv,자연관광,자연경관(산)
포천,2025,8,2025-08,207,경기도,포천시,마홀축구장,10,포천 2025_08.csv,문화관광,레저스포츠시설
포천,2025,8,2025-08,207,경기도,포천시,향림사,10,포천 2025_08.csv,역사관광,종교성지
포천,2025,8,2025-08,211,경기도,포천시,부소천교,9,포천 2025_08.csv,기타관광,기타관광
포천,2025,8,2025-08,211,경기도,포천시,밤밭실내장어낚시터,9,포천 2025_08.csv,레저스포츠,수상레저스포츠
포천,2025,8,2025-08,211,경기도,포천시,무봉리족구장,9,포천 2025_08.csv,레저스포츠,기타레저스포츠
포천,2025,8,2025-08,211,경기도,포천시,포천음악창작소,9,포천 2025_08.csv,문화관광,기타문화관광지
포천,2025,8,2025-08,211,경기도,포천시,포천시 신북면 지동산촌마을,9,포천 2025_08.csv,역사관광,역사유적지
포천,2025,8,2025-08,211,경기도,포천시,명산저수지,9,포천 2025_08.csv,자연관광,자연경관(하천/해양)
포천,2025,8,2025-08,211,경기도,포천시,다래레저,9,포천 2025_08.csv,레저스포츠,수상레저스포츠
포천,2025,8,2025-08,211,경기도,포천시,국봉사,9,포천 2025_08.csv,역사관광,종교성지
포천,2025,8,2025-08,219,경기도,포천시,아리솔청소년체육광장,8,포천 2025_08.csv,문화관광,도시공원
포천,2025,8,2025-08,219,경기도,포천시,명성산,8,포천 2025_08.csv,자연관광,자연경관(산)
포천,2025,8,2025-08,219,경기도,포천시,청계산,8,포천 2025_08.csv,자연관광,자연경관(산)
포천,2025,8,2025-08,219,경기도,포천시,냉정낚시터,8,포천 2025_08.csv,레저스포츠,수상레저스포츠
포천,2025,8,2025-08,219,경기도,포천시,포천반월성,8,포천 2025_08.csv,역사관광,역사유적지
포천,2025,8,2025-08,219,경기도,포천시,화현저수지,8,포천 2025_08.csv,자연관광,자연경관(하천/해양)
포천,2025,8,2025-08,219,경기도,포천시,천해사,8,포천 2025_08.csv,역사관광,종교성지
포천,2025,8,2025-08,226,경기도,포천시,화산서원,7,포천 2025_08.csv,역사관광,역사유적지
포천,2025,8,2025-08,226,경기도,포천시,포천시 일동면 길명3리,7,포천 2025_08.csv,역사관광,역사유적지
포천,2025,8,2025-08,226,경기도,포천시,태봉근린공원,7,포천 2025_08.csv,문화관광,도시공원
포천,2025,8,2025-08,226,경기도,포천시,초가낚시터,7,포천 2025_08.csv,레저스포츠,수상레저스포츠
포천,2025,8,2025-08,226,경기도,포천시,고모리수상레저,7,포천 2025_08.csv,레저스포츠,기타레저스포츠
포천,2025,8,2025-08,226,경기도,포천시,가온농장,7,포천 2025_08.csv,체험관광,농/산/어촌체험
포천,2025,8,2025-08,226,경기도,포천시,동교하우스낚시터,7,포천 2025_08.csv,레저스포츠,수상레저스포츠
포천,2025,8,2025-08,226,경기도,포천시,금불사,7,포천 2025_08.csv,역사관광,종교성지
포천,2025,8,2025-08,234,경기도,포천시,모돈갤러리,6,포천 2025_08.csv,문화관광,전시시설
포천,2025,8,2025-08,234,경기도,포천시,보현사,6,포천 2025_08.csv,역사관광,종교성지
포천,2025,8,2025-08,234,경기도,포천시,유식물원,6,포천 2025_08.csv,문화관광,테마공원
포천,2025,8,2025-08,234,경기도,포천시,전운사,6,포천 2025_08.csv,역사관광,종교성지
포천,2025,8,2025-08,234,경기도,포천시,솔모루공원,6,포천 2025_08.csv,문화관광,도시공원
포천,2025,8,2025-08,234,경기도,포천시,내리공설시장,6,포천 2025_08.csv,쇼핑,시장
포천,2025,8,2025-08,234,경기도,포천시,동부정,6,포천 2025_08.csv,레저스포츠,육상레저스포츠
포천,2025,8,2025-08,234,경기도,포천시,풍혈유원지,6,포천 2025_08.csv,문화관광,복합관광시설
포천,2025,8,2025-08,234,경기도,포천시,이동생태공원,6,포천 2025_08.csv,문화관광,도시공원
포천,2025,8,2025-08,234,경기도,포천시,토우공방,6,포천 2025_08.csv,체험관광,공예체험
포천,2025,8,2025-08,234,경기도,포천시,문옥목장,6,포천 2025_08.csv,체험관광,농/산/어촌체험
포천,2025,8,2025-08,245,경기도,포천시,레더준,5,포천 2025_08.csv,체험관광,공예체험
포천,2025,8,2025-08,245,경기도,포천시,구암정사,5,포천 2025_08.csv,역사관광,종교성지
포천,2025,8,2025-08,245,경기도,포천시,포천제2하늘다리,5,포천 2025_08.csv,기타관광,기타관광
포천,2025,8,2025-08,245,경기도,포천시,무네미낚시터,5,포천 2025_08.csv,레저스포츠,수상레저스포츠
포천,2025,8,2025-08,245,경기도,포천시,아우라지공원,5,포천 2025_08.csv,문화관광,도시공원
포천,2025,8,2025-08,245,경기도,포천시,제이에이치캠퍼,5,포천 2025_08.csv,레저스포츠,기타레저스포츠
포천,2025,8,2025-08,251,경기도,포천시,포레스트농장,4,포천 2025_08.csv,체험관광,농/산/어촌체험
포천,2025,8,2025-08,251,경기도,포천시,포천관광정보센터 청년여행LAB,4,포천 2025_08.csv,문화관광,기타문화관광지
포천,2025,8,2025-08,251,경기도,포천시,포천시 신북면 왕방전원마을,4,포천 2025_08.csv,역사관광,역사유적지
포천,2025,8,2025-08,251,경기도,포천시,한탄강테마파크,4,포천 2025_08.csv,문화관광,테마공원
포천,2025,8,2025-08,251,경기도,포천시,교동사과농장,4,포천 2025_08.csv,체험관광,농/산/어촌체험
포천,2025,8,2025-08,251,경기도,포천시,마전저수지,4,포천 2025_08.csv,자연관광,자연경관(하천/해양)
포천,2025,8,2025-08,251,경기도,포천시,천궁사,4,포천 2025_08.csv,역사관광,종교성지
포천,2025,8,2025-08,251,경기도,포천시,청년농장,4,포천 2025_08.csv,체험관광,농/산/어촌체험
포천,2025,8,2025-08,251,경기도,포천시,신북메가필드,4,포천 2025_08.csv,레저스포츠,육상레저스포츠
포천,2025,8,2025-08,251,경기도,포천시,경기옛길경흥길제8길,4,포천 2025_08.csv,레저스포츠,기타레저스포츠
포천,2025,8,2025-08,251,경기도,포천시,금룡사,4,포천 2025_08.csv,역사관광,종교성지
포천,2025,8,2025-08,251,경기도,포천시,이항복선생묘,4,포천 2025_08.csv,역사관광,역사유적지
포천,2025,8,2025-08,251,경기도,포천시,금수정,4,포천 2025_08.csv,역사관광,역사유적지
포천,2025,8,2025-08,251,경기도,포천시,신안농장,4,포천 2025_08.csv,체험관광,농/산/어촌체험
포천,2025,8,2025-08,251,경기도,포천시,대안사,4,포천 2025_08.csv,역사관광,종교성지
포천,2025,8,2025-08,251,경기도,포천시,포천운산리자연생태공원,4,포천 2025_08.csv,문화관광,도시공원
포천,2025,8,2025-08,267,경기도,포천시,산안고개,3,포천 2025_08.csv,자연관광,자연경관(산)
포천,2025,8,2025-08,267,경기도,포천시,삼산소류지,3,포천 2025_08.csv,자연관광,자연경관(하천/해양)
포천,2025,8,2025-08,267,경기도,포천시,자이언트복싱짐,3,포천 2025_08.csv,레저스포츠,기타레저스포츠
포천,2025,8,2025-08,267,경기도,포천시,지질트레일3코스,3,포천 2025_08.csv,레저스포츠,기타레저스포츠
포천,2025,8,2025-08,267,경기도,포천시,관인문화마을,3,포천 2025_08.csv,기타관광,기타관광
포천,2025,8,2025-08,267,경기도,포천시,초계목장,3,포천 2025_08.csv,체험관광,농/산/어촌체험
포천,2025,8,2025-08,267,경기도,포천시,원통사,3,포천 2025_08.csv,역사관광,종교성지
포천,2025,8,2025-08,267,경기도,포천시,묵방목장,3,포천 2025_08.csv,체험관광,농/산/어촌체험
포천,2025,8,2025-08,267,경기도,포천시,수목원포도농원,3,포천 2025_08.csv,체험관광,농/산/어촌체험
포천,2025,8,2025-08,267,경기도,포천시,종원포도,3,포천 2025_08.csv,체험관광,농/산/어촌체험
포천,2025,8,2025-08,267,경기도,포천시,서성선생묘,3,포천 2025_08.csv,역사관광,역사유적지
포천,2025,8,2025-08,267,경기도,포천시,실상선원,3,포천 2025_08.csv,역사관광,종교성지
포천,2025,8,2025-08,267,경기도,포천시,황금프라자,3,포천 2025_08.csv,쇼핑,쇼핑몰
포천,2025,8,2025-08,267,경기도,포천시,건플레이,3,포천 2025_08.csv,레저스포츠,기타레저스포츠
포천,2025,8,2025-08,267,경기도,포천시,산정호수수상보트장,3,포천 2025_08.csv,레저스포츠,수상레저스포츠
포천,2025,8,2025-08,267,경기도,포천시,포천반월아트홀전시장,3,포천 2025_08.csv,문화관광,전시시설
포천,2025,8,2025-08,267,경기도,포천시,포천시 영북면 야미1리,3,포천 2025_08.csv,역사관광,역사유적지
포천,2025,8,2025-08,267,경기도,포천시,운천공설시장,3,포천 2025_08.csv,쇼핑,시장
포천,2025,8,2025-08,267,경기도,포천시,밤밭지,3,포천 2025_08.csv,자연관광,자연경관(하천/해양)
포천,2025,8,2025-08,267,경기도,포천시,배모루유원지,3,포천 2025_08.csv,문화관광,복합관광시설
포천,2025,8,2025-08,267,경기도,포천시,능원관광낚시터,3,포천 2025_08.csv,레저스포츠,수상레저스포츠
포천,2025,8,2025-08,267,경기도,포천시,선광사,3,포천 2025_08.csv,역사관광,종교성지
포천,2025,8,2025-08,267,경기도,포천시,인공폭포,3,포천 2025_08.csv,자연관광,자연경관(산)
포천,2025,8,2025-08,267,경기도,포천시,삼정계곡,3,포천 2025_08.csv,문화관광,복합관광시설
포천,2025,8,2025-08,267,경기도,포천시,영평천,3,포천 2025_08.csv,자연관광,자연공원
포천,2025,8,2025-08,267,경기도,포천시,허브아일랜드산타마을,3,포천 2025_08.csv,문화관광,테마공원
포천,2025,8,2025-08,267,경기도,포천시,홀스킹덤팜스테이,3,포천 2025_08.csv,레저스포츠,육상레저스포츠
포천,2025,8,2025-08,267,경기도,포천시,약사동계곡,3,포천 2025_08.csv,자연관광,자연경관(산)
포천,2025,8,2025-08,267,경기도,포천시,소야사과농장,3,포천 2025_08.csv,체험관광,농/산/어촌체험
포천,2025,8,2025-08,267,경기도,포천시,승법사,3,포천 2025_08.csv,역사관광,종교성지
포천,2025,8,2025-08,267,경기도,포천시,송광사,3,포천 2025_08.csv,역사관광,종교성지
포천,2025,8,2025-08,267,경기도,포천시,중리테마파크낚시터,3,포천 2025_08.csv,레저스포츠,수상레저스포츠
포천,2025,8,2025-08,267,경기도,포천시,포천시 일동면 안변동산,3,포천 2025_08.csv,문화관광,도시/지역문화관광
포천,2025,8,2025-08,267,경기도,포천시,옥금수계곡,3,포천 2025_08.csv,기타관광,기타관광
포천,2025,8,2025-08,267,경기도,포천시,관음사,3,포천 2025_08.csv,역사관광,종교성지
포천,2025,8,2025-08,267,경기도,포천시,옥병서원,3,포천 2025_08.csv,역사관광,역사유적지
포천,2025,8,2025-08,267,경기도,포천시,평화나무농장,3,포천 2025_08.csv,체험관광,농/산/어촌체험
포천,2025,8,2025-08,267,경기도,포천시,서광사,3,포천 2025_08.csv,역사관광,종교성지
포천,2025,8,2025-08,267,경기도,포천시,은주네포도농원,3,포천 2025_08.csv,체험관광,농/산/어촌체험
포천,2025,8,2025-08,267,경기도,포천시,노리파크포천일동점,3,포천 2025_08.csv,문화관광,테마공원
포천,2025,8,2025-08,267,경기도,포천시,예산농장,3,포천 2025_08.csv,체험관광,농/산/어촌체험
포천,2025,8,2025-08,267,경기도,포천시,순해목장,3,포천 2025_08.csv,체험관광,농/산/어촌체험
포천,2025,9,2025-09,1,경기도,포천시,베어크리크GC,8380,포천 2025_09.csv,레저스포츠,육상레저스포츠
포천,2025,9,2025-09,2,경기도,포천시,국립수목원,8217,포천 2025_09.csv,문화관광,테마공원
포천,2025,9,2025-09,3,경기도,포천시,포천힐마루CC,7944,포천 2025_09.csv,레저스포츠,육상레저스포츠
포천,2025,9,2025-09,4,경기도,포천시,포천힐스CC,7717,포천 2025_09.csv,레저스포츠,육상레저스포츠
포천,2025,9,2025-09,5,경기도,포천시,산정호수,7202,포천 2025_09.csv,자연관광,자연경관(하천/해양)
포천,2025,9,2025-09,6,경기도,포천시,한탄강Y자출렁다리,6395,포천 2025_09.csv,기타관광,기타관광
포천,2025,9,2025-09,7,경기도,포천시,푸른솔GC포천,6386,포천 2025_09.csv,레저스포츠,육상레저스포츠
포천,2025,9,2025-09,8,경기도,포천시,포천아도니스CC,6227,포천 2025_09.csv,레저스포츠,육상레저스포츠
포천,2025,9,2025-09,9,경기도,포천시,라싸GC,6146,포천 2025_09.csv,레저스포츠,육상레저스포츠
포천,2025,9,2025-09,10,경기도,포천시,필로스GC,6055,포천 2025_09.csv,레저스포츠,육상레저스포츠
포천,2025,9,2025-09,11,경기도,포천시,포레스트힐CC,5974,포천 2025_09.csv,레저스포츠,육상레저스포츠
포천,2025,9,2025-09,12,경기도,포천시,몽베르CC,5226,포천 2025_09.csv,레저스포츠,육상레저스포츠
포천,2025,9,2025-09,13,경기도,포천시,포천아트밸리,5021,포천 2025_09.csv,문화관광,공연시설
포천,2025,9,2025-09,14,경기도,포천시,고모저수지,4220,포천 2025_09.csv,자연관광,자연경관(하천/해양)
포천,2025,9,2025-09,15,경기도,포천시,샴발라CC,3832,포천 2025_09.csv,레저스포츠,육상레저스포츠
포천,2025,9,2025-09,16,경기도,포천시,비둘기낭폭포,3645,포천 2025_09.csv,자연관광,자연경관(산)
포천,2025,9,2025-09,17,경기도,포천시,일동레이크GC,3557,포천 2025_09.csv,레저스포츠,육상레저스포츠
포천,2025,9,2025-09,18,경기도,포천시,참밸리컨트리클럽,3454,포천 2025_09.csv,레저스포츠,육상레저스포츠
포천,2025,9,2025-09,19,경기도,포천시,포천한탄강가든페스타,3050,포천 2025_09.csv,문화관광,기타문화관광지
포천,2025,9,2025-09,20,경기도,포천시,일동시외버스터미널,3031,포천 2025_09.csv,기타관광,교통시설
포천,2025,9,2025-09,21,경기도,포천시,허브아일랜드,2848,포천 2025_09.csv,체험관광,농/산/어촌체험
포천,2025,9,2025-09,22,경기도,포천시,백운계곡,1827,포천 2025_09.csv,자연관광,자연경관(산)
포천,2025,9,2025-09,23,경기도,포천시,한탄강생태경관단지,1552,포천 2025_09.csv,기타관광,기타관광
포천,2025,9,2025-09,24,경기도,포천시,신북온천,1481,포천 2025_09.csv,체험관광,웰니스관광
포천,2025,9,2025-09,25,경기도,포천시,제일유황온천,1377,포천 2025_09.csv,체험관광,웰니스관광
포천,2025,9,2025-09,26,경기도,포천시,CGV포천,1369,포천 2025_09.csv,문화관광,공연시설
포천,2025,9,2025-09,27,경기도,포천시,포천한탄강하늘다리,1295,포천 2025_09.csv,기타관광,기타관광
포천,2025,9,2025-09,28,경기도,포천시,송우시외버스터미널,1206,포천 2025_09.csv,기타관광,교통시설
포천,2025,9,2025-09,29,경기도,포천시,포천반월아트홀,1198,포천 2025_09.csv,문화관광,공연시설
포천,2025,9,2025-09,30,경기도,포천시,락가든GC,1123,포천 2025_09.csv,레저스포츠,육상레저스포츠
포천,2025,9,2025-09,31,경기도,포천시,축석고개,917,포천 2025_09.csv,자연관광,자연경관(산)
포천,2025,9,2025-09,32,경기도,포천시,마이애니멀스토리in평강랜드,786,포천 2025_09.csv,문화관광,테마공원
포천,2025,9,2025-09,33,경기도,포천시,베어스타운스키장휴업,780,포천 2025_09.csv,레저스포츠,육상레저스포츠
포천,2025,9,2025-09,34,경기도,포천시,소흘생활체육공원,756,포천 2025_09.csv,문화관광,도시공원
포천,2025,9,2025-09,35,경기도,포천시,포천시외버스터미널,734,포천 2025_09.csv,기타관광,교통시설
포천,2025,9,2025-09,36,경기도,포천시,한탄강지질공원센터,729,포천 2025_09.csv,문화관광,전시시설
포천,2025,9,2025-09,37,경기도,포천시,포천아도니스퍼블릭CC,723,포천 2025_09.csv,레저스포츠,육상레저스포츠
포천,2025,9,2025-09,38,경기도,포천시,가산낚시터,698,포천 2025_09.csv,레저스포츠,수상레저스포츠
포천,2025,9,2025-09,39,경기도,포천시,동교낚시터,690,포천 2025_09.csv,레저스포츠,수상레저스포츠
포천,2025,9,2025-09,40,경기도,포천시,운악산자연휴양림,673,포천 2025_09.csv,자연관광,자연공원
포천,2025,9,2025-09,41,경기도,포천시,한여울파크골프장건축중(2026년03월 개장예정),640,포천 2025_09.csv,레저스포츠,육상레저스포츠
포천,2025,9,2025-09,42,경기도,포천시,포천5일장,634,포천 2025_09.csv,쇼핑,시장
포천,2025,9,2025-09,43,경기도,포천시,산사원,612,포천 2025_09.csv,문화관광,전시시설
포천,2025,9,2025-09,44,경기도,포천시,초원낚시터,572,포천 2025_09.csv,레저스포츠,수상레저스포츠
포천,2025,9,2025-09,45,경기도,포천시,호국금강사,559,포천 2025_09.csv,역사관광,종교성지
포천,2025,9,2025-09,46,경기도,포천시,예술정원1999자연예술테마파크,529,포천 2025_09.csv,문화관광,테마공원
포천,2025,9,2025-09,47,경기도,포천시,마전낚시터,515,포천 2025_09.csv,레저스포츠,수상레저스포츠
포천,2025,9,2025-09,48,경기도,포천시,밤밭낚시터,490,포천 2025_09.csv,레저스포츠,수상레저스포츠
포천,2025,9,2025-09,49,경기도,포천시,한탄강주상절리길1코스,489,포천 2025_09.csv,레저스포츠,기타레저스포츠
포천,2025,9,2025-09,50,경기도,포천시,천보산자연휴양림,482,포천 2025_09.csv,자연관광,자연공원
포천,2025,9,2025-09,51,경기도,포천시,가산저수지,457,포천 2025_09.csv,자연관광,자연경관(하천/해양)
포천,2025,9,2025-09,52,경기도,포천시,수목원고모호수공원,448,포천 2025_09.csv,문화관광,도시공원
포천,2025,9,2025-09,53,경기도,포천시,내촌낚시터,420,포천 2025_09.csv,레저스포츠,수상레저스포츠
포천,2025,9,2025-09,54,경기도,포천시,포천화적연,394,포천 2025_09.csv,자연관광,자연경관(하천/해양)
포천,2025,9,2025-09,55,경기도,포천시,포천축구공원,365,포천 2025_09.csv,문화관광,도시공원
포천,2025,9,2025-09,56,경기도,포천시,포천수원산정상전망대,360,포천 2025_09.csv,문화관광,랜드마크관광
포천,2025,9,2025-09,57,경기도,포천시,서운동산,337,포천 2025_09.csv,문화관광,복합관광시설
포천,2025,9,2025-09,58,경기도,포천시,쌍방죽낚시터,307,포천 2025_09.csv,레저스포츠,수상레저스포츠
포천,2025,9,2025-09,59,경기도,포천시,왕달아포도농원,297,포천 2025_09.csv,체험관광,농/산/어촌체험
포천,2025,9,2025-09,60,경기도,포천시,주파크,294,포천 2025_09.csv,문화관광,테마공원
포천,2025,9,2025-09,61,경기도,포천시,도성사,260,포천 2025_09.csv,역사관광,종교성지
포천,2025,9,2025-09,62,경기도,포천시,깊이울유원지,251,포천 2025_09.csv,문화관광,복합관광시설
포천,2025,9,2025-09,63,경기도,포천시,청계호수,245,포천 2025_09.csv,자연관광,자연경관(하천/해양)
포천,2025,9,2025-09,64,경기도,포천시,청성역사공원,243,포천 2025_09.csv,문화관광,도시공원
포천,2025,9,2025-09,65,경기도,포천시,황금낚시터,230,포천 2025_09.csv,레저스포츠,수상레저스포츠
포천,2025,9,2025-09,66,경기도,포천시,용담대물낚시터,213,포천 2025_09.csv,레저스포츠,수상레저스포츠
포천,2025,9,2025-09,67,경기도,포천시,구담사,197,포천 2025_09.csv,역사관광,종교성지
포천,2025,9,2025-09,68,경기도,포천시,어메이징파크,193,포천 2025_09.csv,문화관광,전시시설
포천,2025,9,2025-09,69,경기도,포천시,가람누리문화공원전망대,192,포천 2025_09.csv,문화관광,랜드마크관광
포천,2025,9,2025-09,69,경기도,포천시,냉정저수지,192,포천 2025_09.csv,자연관광,자연경관(하천/해양)
포천,2025,9,2025-09,71,경기도,포천시,아프리카예술박물관,190,포천 2025_09.csv,문화관광,전시시설
포천,2025,9,2025-09,72,경기도,포천시,왕산사,187,포천 2025_09.csv,역사관광,종교성지
포천,2025,9,2025-09,73,경기도,포천시,설운체육공원,184,포천 2025_09.csv,문화관광,도시공원
포천,2025,9,2025-09,74,경기도,포천시,금주낚시터,183,포천 2025_09.csv,레저스포츠,수상레저스포츠
포천,2025,9,2025-09,74,경기도,포천시,직두리낚시터,183,포천 2025_09.csv,레저스포츠,수상레저스포츠
포천,2025,9,2025-09,76,경기도,포천시,새마을낚시터,181,포천 2025_09.csv,레저스포츠,수상레저스포츠
포천,2025,9,2025-09,76,경기도,포천시,포천체육공원,181,포천 2025_09.csv,문화관광,도시공원
포천,2025,9,2025-09,78,경기도,포천시,포천종합운동장보조구장,177,포천 2025_09.csv,문화관광,레저스포츠시설
포천,2025,9,2025-09,79,경기도,포천시,운천낚시공원,169,포천 2025_09.csv,레저스포츠,수상레저스포츠
포천,2025,9,2025-09,80,경기도,포천시,넉고개포도농원,167,포천 2025_09.csv,체험관광,농/산/어촌체험
포천,2025,9,2025-09,81,경기도,포천시,송우공설시장,160,포천 2025_09.csv,쇼핑,시장
포천,2025,9,2025-09,82,경기도,포천시,흥룡사,156,포천 2025_09.csv,역사관광,종교성지
포천,2025,9,2025-09,83,경기도,포천시,가농바이오농장,155,포천 2025_09.csv,체험관광,농/산/어촌체험
포천,2025,9,2025-09,84,경기도,포천시,광암이벽유적지,150,포천 2025_09.csv,역사관광,역사유적지
포천,2025,9,2025-09,84,경기도,포천시,포천하늘아래치유의숲,150,포천 2025_09.csv,기타관광,기타관광
포천,2025,9,2025-09,86,경기도,포천시,포천가구공단,148,포천 2025_09.csv,쇼핑,기타쇼핑시설
포천,2025,9,2025-09,87,경기도,포천시,운천재래시장,143,포천 2025_09.csv,쇼핑,시장
포천,2025,9,2025-09,88,경기도,포천시,도마치계곡,139,포천 2025_09.csv,자연관광,자연경관(산)
포천,2025,9,2025-09,89,경기도,포천시,포천한우축제,131,포천 2025_09.csv,문화관광,기타문화관광지
포천,2025,9,2025-09,90,경기도,포천시,화현이벽성지,124,포천 2025_09.csv,역사관광,역사유적지
포천,2025,9,2025-09,91,경기도,포천시,금주저수지,123,포천 2025_09.csv,자연관광,자연경관(하천/해양)
포천,2025,9,2025-09,92,경기도,포천시,포천스포츠센터,121,포천 2025_09.csv,레저스포츠,기타레저스포츠
포천,2025,9,2025-09,93,경기도,포천시,지장산계곡,120,포천 2025_09.csv,자연관광,자연경관(산)
포천,2025,9,2025-09,94,경기도,포천시,산정호수조각공원,118,포천 2025_09.csv,문화관광,도시공원
포천,2025,9,2025-09,95,경기도,포천시,소흘생활체육공원제1축구장,116,포천 2025_09.csv,문화관광,레저스포츠시설
포천,2025,9,2025-09,96,경기도,포천시,포천파크골프장,115,포천 2025_09.csv,레저스포츠,기타레저스포츠
포천,2025,9,2025-09,97,경기도,포천시,길명낚시공원,114,포천 2025_09.csv,레저스포츠,수상레저스포츠
포천,2025,9,2025-09,98,경기도,포천시,낭만닥터김사부촬영지,113,포천 2025_09.csv,문화관광,기타문화관광지
포천,2025,9,2025-09,99,경기도,포천시,고일낚시터,107,포천 2025_09.csv,레저스포츠,수상레저스포츠
포천,2025,9,2025-09,100,경기도,포천시,한화리조트산정호수온천,106,포천 2025_09.csv,체험관광,웰니스관광
포천,2025,9,2025-09,101,경기도,포천시,포천야구장,98,포천 2025_09.csv,문화관광,레저스포츠시설
포천,2025,9,2025-09,102,경기도,포천시,국망봉자연휴양림,96,포천 2025_09.csv,자연관광,자연공원
포천,2025,9,2025-09,103,경기도,포천시,클라우드시네마,94,포천 2025_09.csv,문화관광,공연시설
포천,2025,9,2025-09,104,경기도,포천시,황새목낚시터,91,포천 2025_09.csv,레저스포츠,수상레저스포츠
포천,2025,9,2025-09,105,경기도,포천시,약천사,88,포천 2025_09.csv,역사관광,종교성지
포천,2025,9,2025-09,106,경기도,포천시,나남수목원,86,포천 2025_09.csv,자연관광,자연공원
포천,2025,9,2025-09,107,경기도,포천시,무네미낚시터,83,포천 2025_09.csv,레저스포츠,수상레저스포츠
포천,2025,9,2025-09,108,경기도,포천시,한과문화박물관,81,포천 2025_09.csv,문화관광,전시시설
포천,2025,9,2025-09,108,경기도,포천시,운천,81,포천 2025_09.csv,기타관광,기타관광
포천,2025,9,2025-09,110,경기도,포천시,소흘생활체육공원제2축구장,76,포천 2025_09.csv,문화관광,레저스포츠시설
포천,2025,9,2025-09,110,경기도,포천시,자인사,76,포천 2025_09.csv,역사관광,종교성지
포천,2025,9,2025-09,112,경기도,포천시,포천신읍시장,74,포천 2025_09.csv,쇼핑,시장
포천,2025,9,2025-09,113,경기도,포천시,포천염광수련원,73,포천 2025_09.csv,레저스포츠,육상레저스포츠
포천,2025,9,2025-09,113,경기도,포천시,포천패션타운,73,포천 2025_09.csv,쇼핑,쇼핑몰
포천,2025,9,2025-09,115,경기도,포천시,포천38문화예술창작소공사중(2025년9월개관예정),68,포천 2025_09.csv,문화관광,기타문화관광지
포천,2025,9,2025-09,116,경기도,포천시,메향낚시터,65,포천 2025_09.csv,레저스포츠,수상레저스포츠
포천,2025,9,2025-09,117,경기도,포천시,소흘생활체육공원인공암벽장,64,포천 2025_09.csv,레저스포츠,기타레저스포츠
포천,2025,9,2025-09,118,경기도,포천시,한탄강야생화공원,62,포천 2025_09.csv,문화관광,도시공원
포천,2025,9,2025-09,118,경기도,포천시,은주네포도농원,62,포천 2025_09.csv,체험관광,농/산/어촌체험
포천,2025,9,2025-09,118,경기도,포천시,코버월드,62,포천 2025_09.csv,문화관광,전시시설
포천,2025,9,2025-09,121,경기도,포천시,화엄사,60,포천 2025_09.csv,역사관광,종교성지
포천,2025,9,2025-09,122,경기도,포천시,태산낚시터,58,포천 2025_09.csv,레저스포츠,수상레저스포츠
포천,2025,9,2025-09,123,경기도,포천시,청솔농원,55,포천 2025_09.csv,체험관광,농/산/어촌체험
포천,2025,9,2025-09,123,경기도,포천시,마홀축구장,55,포천 2025_09.csv,문화관광,레저스포츠시설
포천,2025,9,2025-09,125,경기도,포천시,아침햇살청소년수련원,53,포천 2025_09.csv,레저스포츠,육상레저스포츠
포천,2025,9,2025-09,125,경기도,포천시,가람누리문화공원,53,포천 2025_09.csv,문화관광,도시공원
포천,2025,9,2025-09,127,경기도,포천시,태국군참전비,52,포천 2025_09.csv,역사관광,역사유물
포천,2025,9,2025-09,127,경기도,포천시,포천자동차극장,52,포천 2025_09.csv,문화관광,공연시설
포천,2025,9,2025-09,129,경기도,포천시,청계저수지수변공원,50,포천 2025_09.csv,문화관광,도시공원
포천,2025,9,2025-09,130,경기도,포천시,관음사,46,포천 2025_09.csv,역사관광,종교성지
포천,2025,9,2025-09,130,경기도,포천시,명성산억새밭,46,포천 2025_09.csv,기타관광,기타관광
포천,2025,9,2025-09,130,경기도,포천시,갈월버섯농장,46,포천 2025_09.csv,체험관광,농/산/어촌체험
포천,2025,9,2025-09,130,경기도,포천시,멍우리협곡,46,포천 2025_09.csv,자연관광,자연경관(산)
포천,2025,9,2025-09,134,경기도,포천시,송일농장,45,포천 2025_09.csv,체험관광,농/산/어촌체험
포천,2025,9,2025-09,135,경기도,포천시,미륵사,43,포천 2025_09.csv,역사관광,종교성지
포천,2025,9,2025-09,135,경기도,포천시,포천시 관인면 교동장독대마을,43,포천 2025_09.csv,역사관광,역사유적지
포천,2025,9,2025-09,137,경기도,포천시,청계산,42,포천 2025_09.csv,자연관광,자연경관(산)
포천,2025,9,2025-09,138,경기도,포천시,소흘아이사랑놀이터,41,포천 2025_09.csv,문화관광,테마공원
포천,2025,9,2025-09,138,경기도,포천시,어하고개,41,포천 2025_09.csv,자연관광,자연경관(산)
포천,2025,9,2025-09,140,경기도,포천시,상현네포도농원,39,포천 2025_09.csv,체험관광,농/산/어촌체험
포천,2025,9,2025-09,141,경기도,포천시,모돈갤러리,37,포천 2025_09.csv,문화관광,전시시설
포천,2025,9,2025-09,142,경기도,포천시,국립산림박물관,36,포천 2025_09.csv,문화관광,전시시설
포천,2025,9,2025-09,143,경기도,포천시,신성포도농원,34,포천 2025_09.csv,체험관광,농/산/어촌체험
포천,2025,9,2025-09,144,경기도,포천시,포천목공체험장,32,포천 2025_09.csv,문화관광,기타문화관광지
포천,2025,9,2025-09,144,경기도,포천시,교동가마소,32,포천 2025_09.csv,기타관광,기타관광
포천,2025,9,2025-09,146,경기도,포천시,포천음악창작소,31,포천 2025_09.csv,문화관광,기타문화관광지
포천,2025,9,2025-09,146,경기도,포천시,무림사,31,포천 2025_09.csv,역사관광,종교성지
포천,2025,9,2025-09,146,경기도,포천시,허브아일랜드불빛동화축제,31,포천 2025_09.csv,문화관광,기타문화관광지
포천,2025,9,2025-09,146,경기도,포천시,산정랜드,31,포천 2025_09.csv,문화관광,복합관광시설
포천,2025,9,2025-09,150,경기도,포천시,이룬절,30,포천 2025_09.csv,역사관광,종교성지
포천,2025,9,2025-09,150,경기도,포천시,백로주유원지,30,포천 2025_09.csv,문화관광,복합관광시설
포천,2025,9,2025-09,150,경기도,포천시,천주호,30,포천 2025_09.csv,자연관광,자연경관(하천/해양)
포천,2025,9,2025-09,153,경기도,포천시,종가농원,29,포천 2025_09.csv,체험관광,농/산/어촌체험
포천,2025,9,2025-09,153,경기도,포천시,일동시장,29,포천 2025_09.csv,쇼핑,시장
포천,2025,9,2025-09,155,경기도,포천시,지청낚시터,28,포천 2025_09.csv,레저스포츠,수상레저스포츠
포천,2025,9,2025-09,155,경기도,포천시,신안농장,28,포천 2025_09.csv,체험관광,농/산/어촌체험
포천,2025,9,2025-09,157,경기도,포천시,도마치계곡유원지,27,포천 2025_09.csv,문화관광,복합관광시설
포천,2025,9,2025-09,157,경기도,포천시,대안사,27,포천 2025_09.csv,역사관광,종교성지
포천,2025,9,2025-09,157,경기도,포천시,향적사,27,포천 2025_09.csv,역사관광,종교성지
포천,2025,9,2025-09,160,경기도,포천시,향림사,26,포천 2025_09.csv,역사관광,종교성지
포천,2025,9,2025-09,161,경기도,포천시,수목원포도농원,25,포천 2025_09.csv,체험관광,농/산/어촌체험
포천,2025,9,2025-09,161,경기도,포천시,금룡사,25,포천 2025_09.csv,역사관광,종교성지
포천,2025,9,2025-09,161,경기도,포천시,태봉근린공원,25,포천 2025_09.csv,문화관광,도시공원
포천,2025,9,2025-09,161,경기도,포천시,자비사,25,포천 2025_09.csv,역사관광,종교성지
포천,2025,9,2025-09,161,경기도,포천시,이항복선생묘,25,포천 2025_09.csv,역사관광,역사유적지
포천,2025,9,2025-09,161,경기도,포천시,백운계곡국민관광지,25,포천 2025_09.csv,문화관광,복합관광시설
포천,2025,9,2025-09,161,경기도,포천시,근선목장,25,포천 2025_09.csv,체험관광,농/산/어촌체험
포천,2025,9,2025-09,168,경기도,포천시,종원포도,24,포천 2025_09.csv,체험관광,농/산/어촌체험
포천,2025,9,2025-09,169,경기도,포천시,한탄강주상절리길3코스,22,포천 2025_09.csv,레저스포츠,기타레저스포츠
포천,2025,9,2025-09,169,경기도,포천시,호스랜드승마클럽,22,포천 2025_09.csv,레저스포츠,육상레저스포츠
포천,2025,9,2025-09,169,경기도,포천시,송광사,22,포천 2025_09.csv,역사관광,종교성지
포천,2025,9,2025-09,172,경기도,포천시,포천미래교육센터,21,포천 2025_09.csv,체험관광,체험관광기타
포천,2025,9,2025-09,173,경기도,포천시,반디농장,19,포천 2025_09.csv,체험관광,농/산/어촌체험
포천,2025,9,2025-09,173,경기도,포천시,포천블루파크,19,포천 2025_09.csv,문화관광,테마공원
포천,2025,9,2025-09,175,경기도,포천시,보현사,18,포천 2025_09.csv,역사관광,종교성지
포천,2025,9,2025-09,175,경기도,포천시,선광사,18,포천 2025_09.csv,역사관광,종교성지
포천,2025,9,2025-09,175,경기도,포천시,포천향교,18,포천 2025_09.csv,역사관광,역사유적지
포천,2025,9,2025-09,178,경기도,포천시,이동정류소,17,포천 2025_09.csv,기타관광,교통시설
포천,2025,9,2025-09,178,경기도,포천시,포천한탄강세계드론제전,17,포천 2025_09.csv,문화관광,기타문화관광지
포천,2025,9,2025-09,178,경기도,포천시,용연서원,17,포천 2025_09.csv,역사관광,역사유적지
포천,2025,9,2025-09,178,경기도,포천시,중리저수지,17,포천 2025_09.csv,자연관광,자연경관(하천/해양)
포천,2025,9,2025-09,182,경기도,포천시,미륵박물관,16,포천 2025_09.csv,문화관광,전시시설
포천,2025,9,2025-09,182,경기도,포천시,가온농장,16,포천 2025_09.csv,체험관광,농/산/어촌체험
포천,2025,9,2025-09,182,경기도,포천시,키즈필포천송우점,16,포천 2025_09.csv,문화관광,테마공원
포천,2025,9,2025-09,182,경기도,포천시,옥병서원,16,포천 2025_09.csv,역사관광,역사유적지
포천,2025,9,2025-09,182,경기도,포천시,천주사,16,포천 2025_09.csv,역사관광,종교성지
포천,2025,9,2025-09,187,경기도,포천시,청수농원,15,포천 2025_09.csv,체험관광,농/산/어촌체험
포천,2025,9,2025-09,187,경기도,포천시,각흘산,15,포천 2025_09.csv,자연관광,자연경관(산)
포천,2025,9,2025-09,187,경기도,포천시,청한베이스볼파크,15,포천 2025_09.csv,문화관광,레저스포츠시설
포천,2025,9,2025-09,187,경기도,포천시,복후미저수지,15,포천 2025_09.csv,자연관광,자연경관(하천/해양)
포천,2025,9,2025-09,187,경기도,포천시,천해사,15,포천 2025_09.csv,역사관광,종교성지
포천,2025,9,2025-09,192,경기도,포천시,허브아일랜드핑크뮬리페스티벌,14,포천 2025_09.csv,문화관광,기타문화관광지
포천,2025,9,2025-09,192,경기도,포천시,왕방공원,14,포천 2025_09.csv,문화관광,도시공원
포천,2025,9,2025-09,192,경기도,포천시,명성산,14,포천 2025_09.csv,자연관광,자연경관(산)
포천,2025,9,2025-09,192,경기도,포천시,국봉사,14,포천 2025_09.csv,역사관광,종교성지
포천,2025,9,2025-09,196,경기도,포천시,한탄강주상절리길5코스,13,포천 2025_09.csv,레저스포츠,기타레저스포츠
포천,2025,9,2025-09,196,경기도,포천시,한탄강테마파크,13,포천 2025_09.csv,문화관광,테마공원
포천,2025,9,2025-09,196,경기도,포천시,선단문화공원,13,포천 2025_09.csv,문화관광,도시공원
포천,2025,9,2025-09,196,경기도,포천시,포천제2하늘다리,13,포천 2025_09.csv,기타관광,기타관광
포천,2025,9,2025-09,196,경기도,포천시,신북메가필드,13,포천 2025_09.csv,레저스포츠,육상레저스포츠
포천,2025,9,2025-09,201,경기도,포천시,건플레이,12,포천 2025_09.csv,레저스포츠,기타레저스포츠
포천,2025,9,2025-09,201,경기도,포천시,레이크밸리 승마클럽,12,포천 2025_09.csv,레저스포츠,기타레저스포츠
포천,2025,9,2025-09,201,경기도,포천시,한탄강팔호유원지,12,포천 2025_09.csv,문화관광,복합관광시설
포천,2025,9,2025-09,201,경기도,포천시,깊이울저수지,12,포천 2025_09.csv,자연관광,자연경관(하천/해양)
포천,2025,9,2025-09,201,경기도,포천시,포천아트밸리천문과학관,12,포천 2025_09.csv,문화관광,전시시설
포천,2025,9,2025-09,201,경기도,포천시,영평천,12,포천 2025_09.csv,자연관광,자연공원
포천,2025,9,2025-09,201,경기도,포천시,독수리유격대전적비,12,포천 2025_09.csv,역사관광,역사유물
포천,2025,9,2025-09,208,경기도,포천시,뿌리굿당,11,포천 2025_09.csv,역사관광,종교성지
포천,2025,9,2025-09,208,경기도,포천시,청계산약수터,11,포천 2025_09.csv,자연관광,자연경관(산)
포천,2025,9,2025-09,208,경기도,포천시,백운산,11,포천 2025_09.csv,자연관광,자연경관(산)
포천,2025,9,2025-09,208,경기도,포천시,도평리터미널,11,포천 2025_09.csv,기타관광,교통시설
포천,2025,9,2025-09,208,경기도,포천시,승법사,11,포천 2025_09.csv,역사관광,종교성지
포천,2025,9,2025-09,208,경기도,포천시,포천용담저수지,11,포천 2025_09.csv,자연관광,자연경관(하천/해양)
포천,2025,9,2025-09,214,경기도,포천시,부소천교,10,포천 2025_09.csv,기타관광,기타관광
포천,2025,9,2025-09,214,경기도,포천시,신읍동도시재생어울림센터2,10,포천 2025_09.csv,문화관광,기타문화관광지
포천,2025,9,2025-09,214,경기도,포천시,프로방스빌리지수영장,10,포천 2025_09.csv,문화관광,테마공원
포천,2025,9,2025-09,214,경기도,포천시,명진농장,10,포천 2025_09.csv,체험관광,농/산/어촌체험
포천,2025,9,2025-09,214,경기도,포천시,내리공설시장,10,포천 2025_09.csv,쇼핑,시장
포천,2025,9,2025-09,214,경기도,포천시,명성산산안고개방면,10,포천 2025_09.csv,자연관광,자연경관(산)
포천,2025,9,2025-09,214,경기도,포천시,물방울공원,10,포천 2025_09.csv,문화관광,도시공원
포천,2025,9,2025-09,221,경기도,포천시,대한드론교육원,9,포천 2025_09.csv,체험관광,체험관광기타
포천,2025,9,2025-09,221,경기도,포천시,그린포도농원,9,포천 2025_09.csv,체험관광,농/산/어촌체험
포천,2025,9,2025-09,221,경기도,포천시,털보낚시터,9,포천 2025_09.csv,레저스포츠,수상레저스포츠
포천,2025,9,2025-09,221,경기도,포천시,포천직두리의부부송,9,포천 2025_09.csv,역사관광,역사유적지
포천,2025,9,2025-09,221,경기도,포천시,밤밭지,9,포천 2025_09.csv,자연관광,자연경관(하천/해양)
포천,2025,9,2025-09,221,경기도,포천시,화현저수지,9,포천 2025_09.csv,자연관광,자연경관(하천/해양)
포천,2025,9,2025-09,221,경기도,포천시,법화사포천도량,9,포천 2025_09.csv,역사관광,종교성지
포천,2025,9,2025-09,228,경기도,포천시,베스트원스포츠,8,포천 2025_09.csv,레저스포츠,기타레저스포츠
포천,2025,9,2025-09,228,경기도,포천시,용정사과농원,8,포천 2025_09.csv,체험관광,농/산/어촌체험
포천,2025,9,2025-09,228,경기도,포천시,전운사,8,포천 2025_09.csv,역사관광,종교성지
포천,2025,9,2025-09,231,경기도,포천시,포천무형유산전수교육관,7,포천 2025_09.csv,체험관광,체험관광기타
포천,2025,9,2025-09,231,경기도,포천시,루지월드베어스타운점,7,포천 2025_09.csv,레저스포츠,기타레저스포츠
포천,2025,9,2025-09,231,경기도,포천시,밤밭실내장어낚시터,7,포천 2025_09.csv,레저스포츠,수상레저스포츠
포천,2025,9,2025-09,231,경기도,포천시,잇빛천연염색체험학습장,7,포천 2025_09.csv,체험관광,공예체험
포천,2025,9,2025-09,231,경기도,포천시,황금프라자,7,포천 2025_09.csv,쇼핑,쇼핑몰
포천,2025,9,2025-09,231,경기도,포천시,충목단,7,포천 2025_09.csv,역사관광,역사유적지
포천,2025,9,2025-09,231,경기도,포천시,만덕사,7,포천 2025_09.csv,역사관광,종교성지
포천,2025,9,2025-09,231,경기도,포천시,성불암,7,포천 2025_09.csv,역사관광,종교성지
포천,2025,9,2025-09,231,경기도,포천시,냉정낚시터,7,포천 2025_09.csv,레저스포츠,수상레저스포츠
포천,2025,9,2025-09,231,경기도,포천시,왕방산,7,포천 2025_09.csv,자연관광,자연경관(산)
포천,2025,9,2025-09,231,경기도,포천시,미트빌연합사업단,7,포천 2025_09.csv,쇼핑,시장
포천,2025,9,2025-09,231,경기도,포천시,토우공방,7,포천 2025_09.csv,체험관광,공예체험
포천,2025,9,2025-09,231,경기도,포천시,용주암,7,포천 2025_09.csv,역사관광,종교성지
포천,2025,9,2025-09,244,경기도,포천시,법천사,6,포천 2025_09.csv,역사관광,종교성지
포천,2025,9,2025-09,244,경기도,포천시,무상사,6,포천 2025_09.csv,역사관광,종교성지
포천,2025,9,2025-09,244,경기도,포천시,소흘이모야,6,포천 2025_09.csv,체험관광,공예체험
포천,2025,9,2025-09,244,경기도,포천시,일동문화예술창고,6,포천 2025_09.csv,문화관광,기타문화관광지
포천,2025,9,2025-09,244,경기도,포천시,유진농원,6,포천 2025_09.csv,체험관광,농/산/어촌체험
포천,2025,9,2025-09,244,경기도,포천시,한탄강수변공원,6,포천 2025_09.csv,문화관광,도시공원
포천,2025,9,2025-09,244,경기도,포천시,본선사,6,포천 2025_09.csv,역사관광,종교성지
포천,2025,9,2025-09,244,경기도,포천시,포천반월성,6,포천 2025_09.csv,역사관광,역사유적지
포천,2025,9,2025-09,244,경기도,포천시,황제다육식물농장,6,포천 2025_09.csv,체험관광,농/산/어촌체험
포천,2025,9,2025-09,244,경기도,포천시,금불사,6,포천 2025_09.csv,역사관광,종교성지
포천,2025,9,2025-09,244,경기도,포천시,삼손목장,6,포천 2025_09.csv,체험관광,농/산/어촌체험
포천,2025,9,2025-09,255,경기도,포천시,페리아도워터파크,5,포천 2025_09.csv,문화관광,테마공원
포천,2025,9,2025-09,255,경기도,포천시,낙천지폭포,5,포천 2025_09.csv,자연관광,자연경관(산)
포천,2025,9,2025-09,255,경기도,포천시,하늘다리팜,5,포천 2025_09.csv,체험관광,농/산/어촌체험
포천,2025,9,2025-09,255,경기도,포천시,천궁사,5,포천 2025_09.csv,역사관광,종교성지
포천,2025,9,2025-09,255,경기도,포천시,운악레저타운,5,포천 2025_09.csv,레저스포츠,기타레저스포츠
포천,2025,9,2025-09,255,경기도,포천시,능원관광낚시터,5,포천 2025_09.csv,레저스포츠,수상레저스포츠
포천,2025,9,2025-09,255,경기도,포천시,포천삼광승마클럽,5,포천 2025_09.csv,레저스포츠,육상레저스포츠
포천,2025,9,2025-09,255,경기도,포천시,새마을저수지,5,포천 2025_09.csv,자연관광,자연경관(하천/해양)
포천,2025,9,2025-09,255,경기도,포천시,한탄강대교천현무암협곡,5,포천 2025_09.csv,기타관광,기타관광
포천,2025,9,2025-09,255,경기도,포천시,천은사,5,포천 2025_09.csv,역사관광,종교성지
포천,2025,9,2025-09,265,경기도,포천시,보현사,4,포천 2025_09.csv,역사관광,종교성지
포천,2025,9,2025-09,265,경기도,포천시,원통사,4,포천 2025_09.csv,역사관광,종교성지
포천,2025,9,2025-09,265,경기도,포천시,반월산농원,4,포천 2025_09.csv,체험관광,농/산/어촌체험
포천,2025,9,2025-09,265,경기도,포천시,포천역사문화관,4,포천 2025_09.csv,문화관광,전시시설
포천,2025,9,2025-09,265,경기도,포천시,실상선원,4,포천 2025_09.csv,역사관광,종교성지
포천,2025,9,2025-09,265,경기도,포천시,기산근린공원,4,포천 2025_09.csv,문화관광,도시공원
포천,2025,9,2025-09,265,경기도,포천시,도리돌문화교류센터,4,포천 2025_09.csv,레저스포츠,기타레저스포츠
포천,2025,9,2025-09,265,경기도,포천시,수목원프로방스,4,포천 2025_09.csv,자연관광,자연공원
포천,2025,9,2025-09,265,경기도,포천시,보문정사,4,포천 2025_09.csv,역사관광,종교성지
포천,2025,9,2025-09,265,경기도,포천시,수원산,4,포천 2025_09.csv,자연관광,자연경관(산)
포천,2025,9,2025-09,265,경기도,포천시,늘푸른농장,4,포천 2025_09.csv,체험관광,농/산/어촌체험
포천,2025,9,2025-09,265,경기도,포천시,지질트레일1코스,4,포천 2025_09.csv,레저스포츠,기타레저스포츠
포천,2025,9,2025-09,265,경기도,포천시,한탄임진강지질공원,4,포천 2025_09.csv,문화관광,도시공원
포천,2025,9,2025-09,278,경기도,포천시,삼산소류지,3,포천 2025_09.csv,자연관광,자연경관(하천/해양)
포천,2025,9,2025-09,278,경기도,포천시,자이언트복싱짐,3,포천 2025_09.csv,레저스포츠,기타레저스포츠
포천,2025,9,2025-09,278,경기도,포천시,포레스트농장,3,포천 2025_09.csv,체험관광,농/산/어촌체험
포천,2025,9,2025-09,278,경기도,포천시,깜포도농원,3,포천 2025_09.csv,체험관광,농/산/어촌체험
포천,2025,9,2025-09,278,경기도,포천시,한탄강주상절리길2코스,3,포천 2025_09.csv,레저스포츠,기타레저스포츠
포천,2025,9,2025-09,278,경기도,포천시,아딸농원,3,포천 2025_09.csv,체험관광,농/산/어촌체험
포천,2025,9,2025-09,278,경기도,포천시,대수암,3,포천 2025_09.csv,역사관광,종교성지
포천,2025,9,2025-09,278,경기도,포천시,광천목장,3,포천 2025_09.csv,체험관광,농/산/어촌체험
포천,2025,9,2025-09,278,경기도,포천시,포천관광정보센터 청년여행LAB,3,포천 2025_09.csv,문화관광,기타문화관광지
포천,2025,9,2025-09,278,경기도,포천시,관인문화마을,3,포천 2025_09.csv,기타관광,기타관광
포천,2025,9,2025-09,278,경기도,포천시,이벽생가터,3,포천 2025_09.csv,기타관광,기타관광
포천,2025,9,2025-09,278,경기도,포천시,소우주도자기공방,3,포천 2025_09.csv,체험관광,공예체험
포천,2025,9,2025-09,278,경기도,포천시,채소한의식탁,3,포천 2025_09.csv,체험관광,농/산/어촌체험
포천,2025,9,2025-09,278,경기도,포천시,포천소민농장,3,포천 2025_09.csv,체험관광,농/산/어촌체험
포천,2025,9,2025-09,278,경기도,포천시,초계목장,3,포천 2025_09.csv,체험관광,농/산/어촌체험
포천,2025,9,2025-09,278,경기도,포천시,아라리농장,3,포천 2025_09.csv,체험관광,농/산/어촌체험
포천,2025,9,2025-09,278,경기도,포천시,협동농장,3,포천 2025_09.csv,체험관광,농/산/어촌체험
포천,2025,9,2025-09,278,경기도,포천시,포천하늘딸기농장,3,포천 2025_09.csv,체험관광,농/산/어촌체험
포천,2025,9,2025-09,278,경기도,포천시,삼밭골사과농원,3,포천 2025_09.csv,체험관광,농/산/어촌체험
포천,2025,9,2025-09,278,경기도,포천시,약사계곡,3,포천 2025_09.csv,자연관광,자연경관(산)
포천,2025,9,2025-09,278,경기도,포천시,마전저수지,3,포천 2025_09.csv,자연관광,자연경관(하천/해양)
포천,2025,9,2025-09,278,경기도,포천시,새일목장,3,포천 2025_09.csv,체험관광,농/산/어촌체험
포천,2025,9,2025-09,278,경기도,포천시,추동저수지낚시터,3,포천 2025_09.csv,레저스포츠,수상레저스포츠
포천,2025,9,2025-09,278,경기도,포천시,산정호수수상보트장,3,포천 2025_09.csv,레저스포츠,수상레저스포츠
포천,2025,9,2025-09,278,경기도,포천시,광릉분재예술공원,3,포천 2025_09.csv,문화관광,도시공원
포천,2025,9,2025-09,278,경기도,포천시,경기옛길경흥길제4길,3,포천 2025_09.csv,레저스포츠,기타레저스포츠
포천,2025,9,2025-09,278,경기도,포천시,경기옛길경흥길제5길,3,포천 2025_09.csv,레저스포츠,기타레저스포츠
포천,2025,9,2025-09,278,경기도,포천시,트리풀수영장,3,포천 2025_09.csv,문화관광,테마공원
포천,2025,9,2025-09,278,경기도,포천시,포천시 일동면 길명3리,3,포천 2025_09.csv,역사관광,역사유적지
포천,2025,9,2025-09,278,경기도,포천시,쌍불사,3,포천 2025_09.csv,역사관광,종교성지
포천,2025,9,2025-09,278,경기도,포천시,포천시 영북면 비둘기낭마을,3,포천 2025_09.csv,역사관광,역사유적지
포천,2025,9,2025-09,278,경기도,포천시,법왕사,3,포천 2025_09.csv,역사관광,종교성지
포천,2025,9,2025-09,278,경기도,포천시,솔모루공원,3,포천 2025_09.csv,문화관광,도시공원
포천,2025,9,2025-09,278,경기도,포천시,보성암,3,포천 2025_09.csv,역사관광,종교성지
포천,2025,9,2025-09,278,경기도,포천시,양문공설시장,3,포천 2025_09.csv,쇼핑,시장
포천,2025,9,2025-09,278,경기도,포천시,동부정,3,포천 2025_09.csv,레저스포츠,육상레저스포츠
포천,2025,9,2025-09,278,경기도,포천시,포천메나리전수회관,3,포천 2025_09.csv,체험관광,체험관광기타
포천,2025,9,2025-09,278,경기도,포천시,극락사,3,포천 2025_09.csv,역사관광,종교성지
포천,2025,9,2025-09,278,경기도,포천시,산정호수관광단지,3,포천 2025_09.csv,문화관광,복합관광시설
포천,2025,9,2025-09,278,경기도,포천시,직동낚시터,3,포천 2025_09.csv,레저스포츠,수상레저스포츠
포천,2025,9,2025-09,278,경기도,포천시,금수정,3,포천 2025_09.csv,역사관광,역사유적지
포천,2025,9,2025-09,278,경기도,포천시,이동생태공원,3,포천 2025_09.csv,문화관광,도시공원
포천,2025,9,2025-09,278,경기도,포천시,산정호수명성산억새꽃축제,3,포천 2025_09.csv,문화관광,기타문화관광지
포천,2025,9,2025-09,278,경기도,포천시,초가낚시터,3,포천 2025_09.csv,레저스포츠,수상레저스포츠
포천,2025,9,2025-09,278,경기도,포천시,고모리수상레저,3,포천 2025_09.csv,레저스포츠,기타레저스포츠
포천,2025,9,2025-09,278,경기도,포천시,대한불교조계종정변지사,3,포천 2025_09.csv,역사관광,종교성지
포천,2025,9,2025-09,278,경기도,포천시,통일대,3,포천 2025_09.csv,기타관광,기타관광
포천,2025,9,2025-09,278,경기도,포천시,하심곡,3,포천 2025_09.csv,자연관광,자연경관(하천/해양)
포천,2025,9,2025-09,278,경기도,포천시,소야사과농장,3,포천 2025_09.csv,체험관광,농/산/어촌체험
포천,2025,9,2025-09,278,경기도,포천시,보림사,3,포천 2025_09.csv,역사관광,종교성지
포천,2025,9,2025-09,278,경기도,포천시,중리테마파크낚시터,3,포천 2025_09.csv,레저스포츠,수상레저스포츠
포천,2025,9,2025-09,278,경기도,포천시,포천시 일동면 안변동산,3,포천 2025_09.csv,문화관광,도시/지역문화관광
포천,2025,9,2025-09,278,경기도,포천시,축석포도농원,3,포천 2025_09.csv,체험관광,농/산/어촌체험
포천,2025,9,2025-09,278,경기도,포천시,굴고개,3,포천 2025_09.csv,자연관광,자연경관(산)
포천,2025,9,2025-09,278,경기도,포천시,복길이네포도밭,3,포천 2025_09.csv,체험관광,농/산/어촌체험
포천,2025,9,2025-09,278,경기도,포천시,고궁농장,3,포천 2025_09.csv,체험관광,농/산/어촌체험
포천,2025,9,2025-09,278,경기도,포천시,장암저수지,3,포천 2025_09.csv,자연관광,자연경관(하천/해양)
포천,2025,9,2025-09,278,경기도,포천시,철갑상어농장,3,포천 2025_09.csv,체험관광,농/산/어촌체험
포천,2025,9,2025-09,278,경기도,포천시,육사생도6.25참전기념비,3,포천 2025_09.csv,역사관광,역사유물
포천,2025,9,2025-09,278,경기도,포천시,관음산약수터,3,포천 2025_09.csv,자연관광,자연경관(산)
포천,2025,10,2025-10,1,경기도,포천시,산정호수,23711,포천 2025_10.csv,자연관광,자연경관(하천/해양)
포천,2025,10,2025-10,2,경기도,포천시,한탄강Y자출렁다리,22999,포천 2025_10.csv,기타관광,기타관광
포천,2025,10,2025-10,3,경기도,포천시,국립수목원,16762,포천 2025_10.csv,문화관광,테마공원
포천,2025,10,2025-10,4,경기도,포천시,포천한탄강가든페스타,15082,포천 2025_10.csv,문화관광,기타문화관광지
포천,2025,10,2025-10,5,경기도,포천시,포천아트밸리,14788,포천 2025_10.csv,문화관광,공연시설
포천,2025,10,2025-10,6,경기도,포천시,허브아일랜드,13293,포천 2025_10.csv,체험관광,농/산/어촌체험
포천,2025,10,2025-10,7,경기도,포천시,포천힐마루CC,13131,포천 2025_10.csv,레저스포츠,육상레저스포츠
포천,2025,10,2025-10,8,경기도,포천시,베어크리크GC,11791,포천 2025_10.csv,레저스포츠,육상레저스포츠
포천,2025,10,2025-10,9,경기도,포천시,포천힐스CC,11078,포천 2025_10.csv,레저스포츠,육상레저스포츠
포천,2025,10,2025-10,10,경기도,포천시,필로스GC,10756,포천 2025_10.csv,레저스포츠,육상레저스포츠
포천,2025,10,2025-10,11,경기도,포천시,비둘기낭폭포,10343,포천 2025_10.csv,자연관광,자연경관(산)
포천,2025,10,2025-10,12,경기도,포천시,몽베르CC,10093,포천 2025_10.csv,레저스포츠,육상레저스포츠
포천,2025,10,2025-10,13,경기도,포천시,푸른솔GC포천,10083,포천 2025_10.csv,레저스포츠,육상레저스포츠
포천,2025,10,2025-10,14,경기도,포천시,라싸GC,9780,포천 2025_10.csv,레저스포츠,육상레저스포츠
포천,2025,10,2025-10,15,경기도,포천시,포레스트힐CC,9378,포천 2025_10.csv,레저스포츠,육상레저스포츠
포천,2025,10,2025-10,16,경기도,포천시,한탄강생태경관단지,9333,포천 2025_10.csv,기타관광,기타관광
포천,2025,10,2025-10,17,경기도,포천시,포천아도니스CC,8802,포천 2025_10.csv,레저스포츠,육상레저스포츠
포천,2025,10,2025-10,18,경기도,포천시,고모저수지,6900,포천 2025_10.csv,자연관광,자연경관(하천/해양)
포천,2025,10,2025-10,19,경기도,포천시,일동레이크GC,5520,포천 2025_10.csv,레저스포츠,육상레저스포츠
포천,2025,10,2025-10,20,경기도,포천시,샴발라CC,5427,포천 2025_10.csv,레저스포츠,육상레저스포츠
포천,2025,10,2025-10,21,경기도,포천시,일동시외버스터미널,5387,포천 2025_10.csv,기타관광,교통시설
포천,2025,10,2025-10,22,경기도,포천시,참밸리컨트리클럽,5238,포천 2025_10.csv,레저스포츠,육상레저스포츠
포천,2025,10,2025-10,23,경기도,포천시,신북온천,5023,포천 2025_10.csv,체험관광,웰니스관광
포천,2025,10,2025-10,24,경기도,포천시,포천한탄강하늘다리,3604,포천 2025_10.csv,기타관광,기타관광
포천,2025,10,2025-10,25,경기도,포천시,제일유황온천,3497,포천 2025_10.csv,체험관광,웰니스관광
포천,2025,10,2025-10,26,경기도,포천시,포천한탄강세계드론제전,3139,포천 2025_10.csv,문화관광,기타문화관광지
포천,2025,10,2025-10,27,경기도,포천시,서운동산,3013,포천 2025_10.csv,문화관광,복합관광시설
포천,2025,10,2025-10,28,경기도,포천시,마이애니멀스토리in평강랜드,2810,포천 2025_10.csv,문화관광,테마공원
포천,2025,10,2025-10,29,경기도,포천시,백운계곡,2335,포천 2025_10.csv,자연관광,자연경관(산)
포천,2025,10,2025-10,30,경기도,포천시,CGV포천,2144,포천 2025_10.csv,문화관광,공연시설
포천,2025,10,2025-10,31,경기도,포천시,송우시외버스터미널,2009,포천 2025_10.csv,기타관광,교통시설
포천,2025,10,2025-10,32,경기도,포천시,한탄강주상절리길1코스,2000,포천 2025_10.csv,레저스포츠,기타레저스포츠
포천,2025,10,2025-10,33,경기도,포천시,락가든GC,1978,포천 2025_10.csv,레저스포츠,육상레저스포츠
포천,2025,10,2025-10,34,경기도,포천시,한탄강지질공원센터,1858,포천 2025_10.csv,문화관광,전시시설
포천,2025,10,2025-10,35,경기도,포천시,포천반월아트홀,1679,포천 2025_10.csv,문화관광,공연시설
포천,2025,10,2025-10,36,경기도,포천시,산사원,1646,포천 2025_10.csv,문화관광,전시시설
포천,2025,10,2025-10,37,경기도,포천시,포천축구공원,1554,포천 2025_10.csv,문화관광,도시공원
포천,2025,10,2025-10,38,경기도,포천시,명성산억새밭,1505,포천 2025_10.csv,기타관광,기타관광
포천,2025,10,2025-10,39,경기도,포천시,운악산자연휴양림,1456,포천 2025_10.csv,자연관광,자연공원
포천,2025,10,2025-10,40,경기도,포천시,예술정원1999자연예술테마파크,1429,포천 2025_10.csv,문화관광,테마공원
포천,2025,10,2025-10,41,경기도,포천시,포천시외버스터미널,1281,포천 2025_10.csv,기타관광,교통시설
포천,2025,10,2025-10,42,경기도,포천시,가산낚시터,1230,포천 2025_10.csv,레저스포츠,수상레저스포츠
포천,2025,10,2025-10,43,경기도,포천시,동교낚시터,1193,포천 2025_10.csv,레저스포츠,수상레저스포츠
포천,2025,10,2025-10,44,경기도,포천시,베어스타운스키장휴업,1186,포천 2025_10.csv,레저스포츠,육상레저스포츠
포천,2025,10,2025-10,45,경기도,포천시,축석고개,1167,포천 2025_10.csv,자연관광,자연경관(산)
포천,2025,10,2025-10,46,경기도,포천시,포천5일장,1131,포천 2025_10.csv,쇼핑,시장
포천,2025,10,2025-10,47,경기도,포천시,포천아도니스퍼블릭CC,1055,포천 2025_10.csv,레저스포츠,육상레저스포츠
포천,2025,10,2025-10,48,경기도,포천시,마전낚시터,951,포천 2025_10.csv,레저스포츠,수상레저스포츠
포천,2025,10,2025-10,49,경기도,포천시,초원낚시터,942,포천 2025_10.csv,레저스포츠,수상레저스포츠
포천,2025,10,2025-10,50,경기도,포천시,밤밭낚시터,928,포천 2025_10.csv,레저스포츠,수상레저스포츠
포천,2025,10,2025-10,51,경기도,포천시,포천화적연,902,포천 2025_10.csv,자연관광,자연경관(하천/해양)
포천,2025,10,2025-10,52,경기도,포천시,한여울파크골프장건축중(2026년03월 개장예정),870,포천 2025_10.csv,레저스포츠,육상레저스포츠
포천,2025,10,2025-10,53,경기도,포천시,천보산자연휴양림,842,포천 2025_10.csv,자연관광,자연공원
포천,2025,10,2025-10,54,경기도,포천시,수목원고모호수공원,803,포천 2025_10.csv,문화관광,도시공원
포천,2025,10,2025-10,55,경기도,포천시,내촌낚시터,772,포천 2025_10.csv,레저스포츠,수상레저스포츠
포천,2025,10,2025-10,56,경기도,포천시,도성사,748,포천 2025_10.csv,역사관광,종교성지
포천,2025,10,2025-10,57,경기도,포천시,어메이징파크,737,포천 2025_10.csv,문화관광,전시시설
포천,2025,10,2025-10,58,경기도,포천시,호국금강사,728,포천 2025_10.csv,역사관광,종교성지
포천,2025,10,2025-10,59,경기도,포천시,소흘생활체육공원,669,포천 2025_10.csv,문화관광,도시공원
포천,2025,10,2025-10,60,경기도,포천시,쌍방죽낚시터,637,포천 2025_10.csv,레저스포츠,수상레저스포츠
포천,2025,10,2025-10,61,경기도,포천시,주파크,618,포천 2025_10.csv,문화관광,테마공원
포천,2025,10,2025-10,62,경기도,포천시,가산저수지,616,포천 2025_10.csv,자연관광,자연경관(하천/해양)
포천,2025,10,2025-10,63,경기도,포천시,청성역사공원,520,포천 2025_10.csv,문화관광,도시공원
포천,2025,10,2025-10,64,경기도,포천시,가람누리문화공원전망대,497,포천 2025_10.csv,문화관광,랜드마크관광
포천,2025,10,2025-10,65,경기도,포천시,황금낚시터,495,포천 2025_10.csv,레저스포츠,수상레저스포츠
포천,2025,10,2025-10,66,경기도,포천시,포천수원산정상전망대,465,포천 2025_10.csv,문화관광,랜드마크관광
포천,2025,10,2025-10,67,경기도,포천시,깊이울유원지,448,포천 2025_10.csv,문화관광,복합관광시설
포천,2025,10,2025-10,68,경기도,포천시,낭만닥터김사부촬영지,429,포천 2025_10.csv,문화관광,기타문화관광지
포천,2025,10,2025-10,69,경기도,포천시,청계호수,419,포천 2025_10.csv,자연관광,자연경관(하천/해양)
포천,2025,10,2025-10,70,경기도,포천시,냉정저수지,412,포천 2025_10.csv,자연관광,자연경관(하천/해양)
포천,2025,10,2025-10,71,경기도,포천시,포천종합운동장보조구장,409,포천 2025_10.csv,문화관광,레저스포츠시설
포천,2025,10,2025-10,72,경기도,포천시,광암이벽유적지,394,포천 2025_10.csv,역사관광,역사유적지
포천,2025,10,2025-10,73,경기도,포천시,왕산사,392,포천 2025_10.csv,역사관광,종교성지
포천,2025,10,2025-10,74,경기도,포천시,용담대물낚시터,382,포천 2025_10.csv,레저스포츠,수상레저스포츠
포천,2025,10,2025-10,75,경기도,포천시,한화리조트산정호수온천,372,포천 2025_10.csv,체험관광,웰니스관광
포천,2025,10,2025-10,76,경기도,포천시,국망봉자연휴양림,368,포천 2025_10.csv,자연관광,자연공원
포천,2025,10,2025-10,77,경기도,포천시,직두리낚시터,358,포천 2025_10.csv,레저스포츠,수상레저스포츠
포천,2025,10,2025-10,78,경기도,포천시,산정호수명성산억새꽃축제,357,포천 2025_10.csv,문화관광,기타문화관광지
포천,2025,10,2025-10,79,경기도,포천시,운천재래시장,343,포천 2025_10.csv,쇼핑,시장
포천,2025,10,2025-10,80,경기도,포천시,아프리카예술박물관,341,포천 2025_10.csv,문화관광,전시시설
포천,2025,10,2025-10,81,경기도,포천시,화현이벽성지,340,포천 2025_10.csv,역사관광,역사유적지
포천,2025,10,2025-10,82,경기도,포천시,허브아일랜드핑크뮬리페스티벌,331,포천 2025_10.csv,문화관광,기타문화관광지
포천,2025,10,2025-10,83,경기도,포천시,길명낚시공원,307,포천 2025_10.csv,레저스포츠,수상레저스포츠
포천,2025,10,2025-10,84,경기도,포천시,구담사,297,포천 2025_10.csv,역사관광,종교성지
포천,2025,10,2025-10,85,경기도,포천시,산정호수조각공원,289,포천 2025_10.csv,문화관광,도시공원
포천,2025,10,2025-10,86,경기도,포천시,송우공설시장,287,포천 2025_10.csv,쇼핑,시장
포천,2025,10,2025-10,87,경기도,포천시,금주낚시터,284,포천 2025_10.csv,레저스포츠,수상레저스포츠
포천,2025,10,2025-10,88,경기도,포천시,새마을낚시터,263,포천 2025_10.csv,레저스포츠,수상레저스포츠
포천,2025,10,2025-10,89,경기도,포천시,가람누리문화공원,249,포천 2025_10.csv,문화관광,도시공원
포천,2025,10,2025-10,90,경기도,포천시,명성산,248,포천 2025_10.csv,자연관광,자연경관(산)
포천,2025,10,2025-10,91,경기도,포천시,자인사,234,포천 2025_10.csv,역사관광,종교성지
포천,2025,10,2025-10,92,경기도,포천시,금주저수지,231,포천 2025_10.csv,자연관광,자연경관(하천/해양)
포천,2025,10,2025-10,93,경기도,포천시,가농바이오농장,222,포천 2025_10.csv,체험관광,농/산/어촌체험
포천,2025,10,2025-10,94,경기도,포천시,고일낚시터,220,포천 2025_10.csv,레저스포츠,수상레저스포츠
포천,2025,10,2025-10,94,경기도,포천시,포천가구공단,220,포천 2025_10.csv,쇼핑,기타쇼핑시설
포천,2025,10,2025-10,96,경기도,포천시,포천하늘아래치유의숲,214,포천 2025_10.csv,기타관광,기타관광
포천,2025,10,2025-10,97,경기도,포천시,아침햇살청소년수련원,205,포천 2025_10.csv,레저스포츠,육상레저스포츠
포천,2025,10,2025-10,98,경기도,포천시,설운체육공원,204,포천 2025_10.csv,문화관광,도시공원
포천,2025,10,2025-10,99,경기도,포천시,포천파크골프장,199,포천 2025_10.csv,레저스포츠,기타레저스포츠
포천,2025,10,2025-10,100,경기도,포천시,포천신읍시장,198,포천 2025_10.csv,쇼핑,시장
포천,2025,10,2025-10,101,경기도,포천시,천주호,196,포천 2025_10.csv,자연관광,자연경관(하천/해양)
포천,2025,10,2025-10,102,경기도,포천시,무네미낚시터,193,포천 2025_10.csv,레저스포츠,수상레저스포츠
포천,2025,10,2025-10,103,경기도,포천시,신안농장,192,포천 2025_10.csv,체험관광,농/산/어촌체험
포천,2025,10,2025-10,104,경기도,포천시,운천,188,포천 2025_10.csv,기타관광,기타관광
포천,2025,10,2025-10,105,경기도,포천시,포천체육공원,185,포천 2025_10.csv,문화관광,도시공원
포천,2025,10,2025-10,106,경기도,포천시,포천38문화예술창작소,177,포천 2025_10.csv,문화관광,기타문화관광지
포천,2025,10,2025-10,107,경기도,포천시,포천야구장,175,포천 2025_10.csv,문화관광,레저스포츠시설
포천,2025,10,2025-10,108,경기도,포천시,허브아일랜드불빛동화축제,173,포천 2025_10.csv,문화관광,기타문화관광지
포천,2025,10,2025-10,109,경기도,포천시,한탄강야생화공원,163,포천 2025_10.csv,문화관광,도시공원
포천,2025,10,2025-10,110,경기도,포천시,멍우리협곡,155,포천 2025_10.csv,자연관광,자연경관(산)
포천,2025,10,2025-10,111,경기도,포천시,운천낚시공원,152,포천 2025_10.csv,레저스포츠,수상레저스포츠
포천,2025,10,2025-10,112,경기도,포천시,한탄강주상절리길3코스,140,포천 2025_10.csv,레저스포츠,기타레저스포츠
포천,2025,10,2025-10,113,경기도,포천시,한과문화박물관,138,포천 2025_10.csv,문화관광,전시시설
포천,2025,10,2025-10,113,경기도,포천시,흥룡사,138,포천 2025_10.csv,역사관광,종교성지
포천,2025,10,2025-10,113,경기도,포천시,포천패션타운,138,포천 2025_10.csv,쇼핑,쇼핑몰
포천,2025,10,2025-10,116,경기도,포천시,포천스포츠센터,126,포천 2025_10.csv,레저스포츠,기타레저스포츠
포천,2025,10,2025-10,117,경기도,포천시,왕달아포도농원,124,포천 2025_10.csv,체험관광,농/산/어촌체험
포천,2025,10,2025-10,118,경기도,포천시,국립산림박물관,121,포천 2025_10.csv,문화관광,전시시설
포천,2025,10,2025-10,119,경기도,포천시,포천시 관인면 교동장독대마을,115,포천 2025_10.csv,역사관광,역사유적지
포천,2025,10,2025-10,119,경기도,포천시,호스랜드승마클럽,115,포천 2025_10.csv,레저스포츠,육상레저스포츠
포천,2025,10,2025-10,121,경기도,포천시,미륵사,114,포천 2025_10.csv,역사관광,종교성지
포천,2025,10,2025-10,121,경기도,포천시,태국군참전비,114,포천 2025_10.csv,역사관광,역사유물
포천,2025,10,2025-10,121,경기도,포천시,산정랜드,114,포천 2025_10.csv,문화관광,복합관광시설
포천,2025,10,2025-10,124,경기도,포천시,약천사,110,포천 2025_10.csv,역사관광,종교성지
포천,2025,10,2025-10,125,경기도,포천시,소흘생활체육공원인공암벽장,108,포천 2025_10.csv,레저스포츠,기타레저스포츠
포천,2025,10,2025-10,126,경기도,포천시,황새목낚시터,107,포천 2025_10.csv,레저스포츠,수상레저스포츠
포천,2025,10,2025-10,127,경기도,포천시,코버월드,103,포천 2025_10.csv,문화관광,전시시설
포천,2025,10,2025-10,128,경기도,포천시,포천자동차극장,102,포천 2025_10.csv,문화관광,공연시설
포천,2025,10,2025-10,128,경기도,포천시,클라우드시네마,102,포천 2025_10.csv,문화관광,공연시설
포천,2025,10,2025-10,130,경기도,포천시,갈월버섯농장,101,포천 2025_10.csv,체험관광,농/산/어촌체험
포천,2025,10,2025-10,131,경기도,포천시,관음사,99,포천 2025_10.csv,역사관광,종교성지
포천,2025,10,2025-10,132,경기도,포천시,충목단,98,포천 2025_10.csv,역사관광,역사유적지
포천,2025,10,2025-10,133,경기도,포천시,포천염광수련원,94,포천 2025_10.csv,레저스포츠,육상레저스포츠
포천,2025,10,2025-10,134,경기도,포천시,포천운산리자연생태공원,93,포천 2025_10.csv,문화관광,도시공원
포천,2025,10,2025-10,135,경기도,포천시,모돈갤러리,92,포천 2025_10.csv,문화관광,전시시설
포천,2025,10,2025-10,135,경기도,포천시,나남수목원,92,포천 2025_10.csv,자연관광,자연공원
포천,2025,10,2025-10,137,경기도,포천시,청계저수지수변공원,84,포천 2025_10.csv,문화관광,도시공원
포천,2025,10,2025-10,137,경기도,포천시,이항복선생묘,84,포천 2025_10.csv,역사관광,역사유적지
포천,2025,10,2025-10,137,경기도,포천시,일동시장,84,포천 2025_10.csv,쇼핑,시장
포천,2025,10,2025-10,140,경기도,포천시,한탄강주상절리길2코스,82,포천 2025_10.csv,레저스포츠,기타레저스포츠
포천,2025,10,2025-10,140,경기도,포천시,승법사,82,포천 2025_10.csv,역사관광,종교성지
포천,2025,10,2025-10,142,경기도,포천시,화엄사,81,포천 2025_10.csv,역사관광,종교성지
포천,2025,10,2025-10,142,경기도,포천시,포천아트밸리천문과학관,81,포천 2025_10.csv,문화관광,전시시설
포천,2025,10,2025-10,144,경기도,포천시,한탄강팔호유원지,78,포천 2025_10.csv,문화관광,복합관광시설
포천,2025,10,2025-10,144,경기도,포천시,태산낚시터,78,포천 2025_10.csv,레저스포츠,수상레저스포츠
포천,2025,10,2025-10,146,경기도,포천시,백로주유원지,77,포천 2025_10.csv,문화관광,복합관광시설
포천,2025,10,2025-10,146,경기도,포천시,교동가마소,77,포천 2025_10.csv,기타관광,기타관광
포천,2025,10,2025-10,148,경기도,포천시,깊이울저수지,75,포천 2025_10.csv,자연관광,자연경관(하천/해양)
포천,2025,10,2025-10,149,경기도,포천시,소흘아이사랑놀이터,74,포천 2025_10.csv,문화관광,테마공원
포천,2025,10,2025-10,150,경기도,포천시,포천목공체험장,72,포천 2025_10.csv,문화관광,기타문화관광지
포천,2025,10,2025-10,151,경기도,포천시,지장산계곡,69,포천 2025_10.csv,자연관광,자연경관(산)
포천,2025,10,2025-10,152,경기도,포천시,몽글몽글팜,67,포천 2025_10.csv,체험관광,농/산/어촌체험
포천,2025,10,2025-10,153,경기도,포천시,한탄강테마파크,64,포천 2025_10.csv,문화관광,테마공원
포천,2025,10,2025-10,154,경기도,포천시,한탄강주상절리길5코스,63,포천 2025_10.csv,레저스포츠,기타레저스포츠
포천,2025,10,2025-10,154,경기도,포천시,레이크밸리 승마클럽,63,포천 2025_10.csv,레저스포츠,기타레저스포츠
포천,2025,10,2025-10,156,경기도,포천시,지청낚시터,61,포천 2025_10.csv,레저스포츠,수상레저스포츠
포천,2025,10,2025-10,157,경기도,포천시,대안사,60,포천 2025_10.csv,역사관광,종교성지
포천,2025,10,2025-10,158,경기도,포천시,어하고개,57,포천 2025_10.csv,자연관광,자연경관(산)
포천,2025,10,2025-10,158,경기도,포천시,송일농장,57,포천 2025_10.csv,체험관광,농/산/어촌체험
포천,2025,10,2025-10,160,경기도,포천시,천해사,55,포천 2025_10.csv,역사관광,종교성지
포천,2025,10,2025-10,161,경기도,포천시,부소천교,54,포천 2025_10.csv,기타관광,기타관광
포천,2025,10,2025-10,161,경기도,포천시,태봉근린공원,54,포천 2025_10.csv,문화관광,도시공원
포천,2025,10,2025-10,161,경기도,포천시,향림사,54,포천 2025_10.csv,역사관광,종교성지
포천,2025,10,2025-10,164,경기도,포천시,무림사,50,포천 2025_10.csv,역사관광,종교성지
포천,2025,10,2025-10,165,경기도,포천시,복후미저수지,49,포천 2025_10.csv,자연관광,자연경관(하천/해양)
포천,2025,10,2025-10,166,경기도,포천시,관인문화마을,48,포천 2025_10.csv,기타관광,기타관광
포천,2025,10,2025-10,166,경기도,포천시,이동생태공원,48,포천 2025_10.csv,문화관광,도시공원
포천,2025,10,2025-10,168,경기도,포천시,메향낚시터,47,포천 2025_10.csv,레저스포츠,수상레저스포츠
포천,2025,10,2025-10,168,경기도,포천시,천주사,47,포천 2025_10.csv,역사관광,종교성지
포천,2025,10,2025-10,170,경기도,포천시,수원산,46,포천 2025_10.csv,자연관광,자연경관(산)
포천,2025,10,2025-10,171,경기도,포천시,넉고개포도농원,44,포천 2025_10.csv,체험관광,농/산/어촌체험
포천,2025,10,2025-10,172,경기도,포천시,자비사,43,포천 2025_10.csv,역사관광,종교성지
포천,2025,10,2025-10,172,경기도,포천시,소흘생활체육공원제1축구장,43,포천 2025_10.csv,문화관광,레저스포츠시설
포천,2025,10,2025-10,172,경기도,포천시,국봉사,43,포천 2025_10.csv,역사관광,종교성지
포천,2025,10,2025-10,175,경기도,포천시,금룡사,41,포천 2025_10.csv,역사관광,종교성지
포천,2025,10,2025-10,176,경기도,포천시,포천미래교육센터,39,포천 2025_10.csv,체험관광,체험관광기타
포천,2025,10,2025-10,176,경기도,포천시,일동문화예술창고,39,포천 2025_10.csv,문화관광,기타문화관광지
포천,2025,10,2025-10,176,경기도,포천시,청계산,39,포천 2025_10.csv,자연관광,자연경관(산)
포천,2025,10,2025-10,176,경기도,포천시,명성산산안고개방면,39,포천 2025_10.csv,자연관광,자연경관(산)
포천,2025,10,2025-10,176,경기도,포천시,왕방산,39,포천 2025_10.csv,자연관광,자연경관(산)
포천,2025,10,2025-10,181,경기도,포천시,이룬절,38,포천 2025_10.csv,역사관광,종교성지
포천,2025,10,2025-10,181,경기도,포천시,반디농장,38,포천 2025_10.csv,체험관광,농/산/어촌체험
포천,2025,10,2025-10,181,경기도,포천시,청한베이스볼파크,38,포천 2025_10.csv,문화관광,레저스포츠시설
포천,2025,10,2025-10,181,경기도,포천시,동교하우스낚시터,38,포천 2025_10.csv,레저스포츠,수상레저스포츠
포천,2025,10,2025-10,185,경기도,포천시,청솔농원,37,포천 2025_10.csv,체험관광,농/산/어촌체험
포천,2025,10,2025-10,185,경기도,포천시,포천제2하늘다리,37,포천 2025_10.csv,기타관광,기타관광
포천,2025,10,2025-10,185,경기도,포천시,백운산,37,포천 2025_10.csv,자연관광,자연경관(산)
포천,2025,10,2025-10,188,경기도,포천시,한탄강수변공원,36,포천 2025_10.csv,문화관광,도시공원
포천,2025,10,2025-10,188,경기도,포천시,마홀축구장,36,포천 2025_10.csv,문화관광,레저스포츠시설
포천,2025,10,2025-10,188,경기도,포천시,미륵박물관,36,포천 2025_10.csv,문화관광,전시시설
포천,2025,10,2025-10,188,경기도,포천시,도평리터미널,36,포천 2025_10.csv,기타관광,교통시설
포천,2025,10,2025-10,192,경기도,포천시,소흘생활체육공원제2축구장,35,포천 2025_10.csv,문화관광,레저스포츠시설
포천,2025,10,2025-10,192,경기도,포천시,소야사과농장,35,포천 2025_10.csv,체험관광,농/산/어촌체험
포천,2025,10,2025-10,194,경기도,포천시,왕방공원,34,포천 2025_10.csv,문화관광,도시공원
포천,2025,10,2025-10,194,경기도,포천시,전운사,34,포천 2025_10.csv,역사관광,종교성지
포천,2025,10,2025-10,194,경기도,포천시,동화사,34,포천 2025_10.csv,역사관광,종교성지
포천,2025,10,2025-10,194,경기도,포천시,옥병서원,34,포천 2025_10.csv,역사관광,역사유적지
포천,2025,10,2025-10,198,경기도,포천시,산안고개,33,포천 2025_10.csv,자연관광,자연경관(산)
포천,2025,10,2025-10,198,경기도,포천시,포천직두리의부부송,33,포천 2025_10.csv,역사관광,역사유적지
포천,2025,10,2025-10,198,경기도,포천시,포천반월성,33,포천 2025_10.csv,역사관광,역사유적지
포천,2025,10,2025-10,198,경기도,포천시,Y스포츠센터,33,포천 2025_10.csv,레저스포츠,기타레저스포츠
포천,2025,10,2025-10,202,경기도,포천시,극락사,32,포천 2025_10.csv,역사관광,종교성지
포천,2025,10,2025-10,202,경기도,포천시,송광사,32,포천 2025_10.csv,역사관광,종교성지
포천,2025,10,2025-10,204,경기도,포천시,용연서원,31,포천 2025_10.csv,역사관광,역사유적지
포천,2025,10,2025-10,205,경기도,포천시,초계목장,30,포천 2025_10.csv,체험관광,농/산/어촌체험
포천,2025,10,2025-10,205,경기도,포천시,성불암,30,포천 2025_10.csv,역사관광,종교성지
포천,2025,10,2025-10,205,경기도,포천시,중리저수지,30,포천 2025_10.csv,자연관광,자연경관(하천/해양)
포천,2025,10,2025-10,205,경기도,포천시,가온농장,30,포천 2025_10.csv,체험관광,농/산/어촌체험
포천,2025,10,2025-10,209,경기도,포천시,통일대,29,포천 2025_10.csv,기타관광,기타관광
포천,2025,10,2025-10,210,경기도,포천시,아딸농원,28,포천 2025_10.csv,체험관광,농/산/어촌체험
포천,2025,10,2025-10,210,경기도,포천시,기산근린공원,28,포천 2025_10.csv,문화관광,도시공원
포천,2025,10,2025-10,210,경기도,포천시,포천용담저수지,28,포천 2025_10.csv,자연관광,자연경관(하천/해양)
포천,2025,10,2025-10,213,경기도,포천시,본선사,27,포천 2025_10.csv,역사관광,종교성지
포천,2025,10,2025-10,213,경기도,포천시,동부정,27,포천 2025_10.csv,레저스포츠,육상레저스포츠
포천,2025,10,2025-10,213,경기도,포천시,능원관광낚시터,27,포천 2025_10.csv,레저스포츠,수상레저스포츠
포천,2025,10,2025-10,213,경기도,포천시,각흘산,27,포천 2025_10.csv,자연관광,자연경관(산)
포천,2025,10,2025-10,217,경기도,포천시,기원정사,26,포천 2025_10.csv,역사관광,종교성지
포천,2025,10,2025-10,217,경기도,포천시,포천시 일동면 길명3리,26,포천 2025_10.csv,역사관광,역사유적지
포천,2025,10,2025-10,217,경기도,포천시,금수정,26,포천 2025_10.csv,역사관광,역사유적지
포천,2025,10,2025-10,217,경기도,포천시,금불사,26,포천 2025_10.csv,역사관광,종교성지
포천,2025,10,2025-10,221,경기도,포천시,천궁사,25,포천 2025_10.csv,역사관광,종교성지
포천,2025,10,2025-10,221,경기도,포천시,털보낚시터,25,포천 2025_10.csv,레저스포츠,수상레저스포츠
포천,2025,10,2025-10,221,경기도,포천시,키즈필포천송우점,25,포천 2025_10.csv,문화관광,테마공원
포천,2025,10,2025-10,224,경기도,포천시,건플레이,24,포천 2025_10.csv,레저스포츠,기타레저스포츠
포천,2025,10,2025-10,224,경기도,포천시,보현사,24,포천 2025_10.csv,역사관광,종교성지
포천,2025,10,2025-10,224,경기도,포천시,포천운악산단풍축제,24,포천 2025_10.csv,문화관광,기타문화관광지
포천,2025,10,2025-10,227,경기도,포천시,이동정류소,23,포천 2025_10.csv,기타관광,교통시설
포천,2025,10,2025-10,227,경기도,포천시,지질트레일1코스,23,포천 2025_10.csv,레저스포츠,기타레저스포츠
포천,2025,10,2025-10,227,경기도,포천시,향적사,23,포천 2025_10.csv,역사관광,종교성지
포천,2025,10,2025-10,230,경기도,포천시,수목원프로방스,22,포천 2025_10.csv,자연관광,자연공원
포천,2025,10,2025-10,230,경기도,포천시,백운계곡국민관광지,22,포천 2025_10.csv,문화관광,복합관광시설
포천,2025,10,2025-10,232,경기도,포천시,포천허브아일랜드 자동차극장,21,포천 2025_10.csv,문화관광,공연시설
포천,2025,10,2025-10,232,경기도,포천시,영평천,21,포천 2025_10.csv,자연관광,자연공원
포천,2025,10,2025-10,232,경기도,포천시,독수리유격대전적비,21,포천 2025_10.csv,역사관광,역사유물
포천,2025,10,2025-10,232,경기도,포천시,성불사,21,포천 2025_10.csv,역사관광,종교성지
포천,2025,10,2025-10,236,경기도,포천시,채소한의식탁,20,포천 2025_10.csv,체험관광,농/산/어촌체험
포천,2025,10,2025-10,236,경기도,포천시,황제다육식물농장,20,포천 2025_10.csv,체험관광,농/산/어촌체험
포천,2025,10,2025-10,238,경기도,포천시,포천시 영북면 육호마을,19,포천 2025_10.csv,역사관광,역사유적지
포천,2025,10,2025-10,238,경기도,포천시,보문정사,19,포천 2025_10.csv,역사관광,종교성지
포천,2025,10,2025-10,240,경기도,포천시,페리아도워터파크,18,포천 2025_10.csv,문화관광,테마공원
포천,2025,10,2025-10,240,경기도,포천시,포천음악창작소,18,포천 2025_10.csv,문화관광,기타문화관광지
포천,2025,10,2025-10,242,경기도,포천시,교동사과농장,17,포천 2025_10.csv,체험관광,농/산/어촌체험
포천,2025,10,2025-10,242,경기도,포천시,광릉분재예술공원,17,포천 2025_10.csv,문화관광,도시공원
포천,2025,10,2025-10,242,경기도,포천시,솔모루공원,17,포천 2025_10.csv,문화관광,도시공원
포천,2025,10,2025-10,242,경기도,포천시,한탄강대교천현무암협곡,17,포천 2025_10.csv,기타관광,기타관광
포천,2025,10,2025-10,246,경기도,포천시,대진대학교과학영재교육원,16,포천 2025_10.csv,체험관광,체험관광기타
포천,2025,10,2025-10,246,경기도,포천시,법왕사,16,포천 2025_10.csv,역사관광,종교성지
포천,2025,10,2025-10,246,경기도,포천시,도리돌문화교류센터,16,포천 2025_10.csv,레저스포츠,기타레저스포츠
포천,2025,10,2025-10,246,경기도,포천시,만덕사,16,포천 2025_10.csv,역사관광,종교성지
포천,2025,10,2025-10,250,경기도,포천시,뿌리굿당,15,포천 2025_10.csv,역사관광,종교성지
포천,2025,10,2025-10,250,경기도,포천시,아리솔청소년체육광장,15,포천 2025_10.csv,문화관광,도시공원
포천,2025,10,2025-10,250,경기도,포천시,포천시 신북면 계류2리,15,포천 2025_10.csv,역사관광,역사유적지
포천,2025,10,2025-10,250,경기도,포천시,포천시 신북면 지동산촌마을,15,포천 2025_10.csv,역사관광,역사유적지
포천,2025,10,2025-10,250,경기도,포천시,냉정낚시터,15,포천 2025_10.csv,레저스포츠,수상레저스포츠
포천,2025,10,2025-10,250,경기도,포천시,직동낚시터,15,포천 2025_10.csv,레저스포츠,수상레저스포츠
포천,2025,10,2025-10,250,경기도,포천시,선광사,15,포천 2025_10.csv,역사관광,종교성지
포천,2025,10,2025-10,250,경기도,포천시,포천향교,15,포천 2025_10.csv,역사관광,역사유적지
포천,2025,10,2025-10,250,경기도,포천시,평화나무농장,15,포천 2025_10.csv,체험관광,농/산/어촌체험
포천,2025,10,2025-10,250,경기도,포천시,천은사,15,포천 2025_10.csv,역사관광,종교성지
포천,2025,10,2025-10,260,경기도,포천시,이항복선생기념관,14,포천 2025_10.csv,문화관광,전시시설
포천,2025,10,2025-10,261,경기도,포천시,신읍동도시재생어울림센터2,13,포천 2025_10.csv,문화관광,기타문화관광지
포천,2025,10,2025-10,261,경기도,포천시,낙천지폭포,13,포천 2025_10.csv,자연관광,자연경관(산)
포천,2025,10,2025-10,261,경기도,포천시,신북메가필드,13,포천 2025_10.csv,레저스포츠,육상레저스포츠
포천,2025,10,2025-10,261,경기도,포천시,경기옛길경흥길제4길,13,포천 2025_10.csv,레저스포츠,기타레저스포츠
포천,2025,10,2025-10,261,경기도,포천시,초가낚시터,13,포천 2025_10.csv,레저스포츠,수상레저스포츠
포천,2025,10,2025-10,261,경기도,포천시,토우공방,13,포천 2025_10.csv,체험관광,공예체험
포천,2025,10,2025-10,261,경기도,포천시,제이에이치캠퍼,13,포천 2025_10.csv,레저스포츠,기타레저스포츠
포천,2025,10,2025-10,268,경기도,포천시,도마치계곡유원지,12,포천 2025_10.csv,문화관광,복합관광시설
포천,2025,10,2025-10,268,경기도,포천시,포천시어린이정원어린이놀이터,12,포천 2025_10.csv,문화관광,테마공원
포천,2025,10,2025-10,268,경기도,포천시,청계산약수터,12,포천 2025_10.csv,자연관광,자연경관(산)
포천,2025,10,2025-10,268,경기도,포천시,도마치계곡,12,포천 2025_10.csv,자연관광,자연경관(산)
포천,2025,10,2025-10,268,경기도,포천시,화현저수지,12,포천 2025_10.csv,자연관광,자연경관(하천/해양)
포천,2025,10,2025-10,273,경기도,포천시,자이언트복싱짐,11,포천 2025_10.csv,레저스포츠,기타레저스포츠
포천,2025,10,2025-10,273,경기도,포천시,대수암,11,포천 2025_10.csv,역사관광,종교성지
포천,2025,10,2025-10,273,경기도,포천시,포천무형유산전수교육관,11,포천 2025_10.csv,체험관광,체험관광기타
포천,2025,10,2025-10,273,경기도,포천시,황금프라자,11,포천 2025_10.csv,쇼핑,쇼핑몰
포천,2025,10,2025-10,273,경기도,포천시,백사이항복기념관,11,포천 2025_10.csv,문화관광,전시시설
포천,2025,10,2025-10,273,경기도,포천시,쌍불사,11,포천 2025_10.csv,역사관광,종교성지
포천,2025,10,2025-10,273,경기도,포천시,수원사,11,포천 2025_10.csv,역사관광,종교성지
포천,2025,10,2025-10,273,경기도,포천시,정혜사,11,포천 2025_10.csv,역사관광,종교성지
포천,2025,10,2025-10,273,경기도,포천시,포천블루파크,11,포천 2025_10.csv,문화관광,테마공원
포천,2025,10,2025-10,273,경기도,포천시,한탄임진강지질공원,11,포천 2025_10.csv,문화관광,도시공원
포천,2025,10,2025-10,273,경기도,포천시,우드발레타,11,포천 2025_10.csv,체험관광,공예체험
포천,2025,10,2025-10,273,경기도,포천시,육사생도6.25참전기념비,11,포천 2025_10.csv,역사관광,역사유물
포천,2025,10,2025-10,285,경기도,포천시,포천시 군내면 논배마을,10,포천 2025_10.csv,역사관광,역사유적지
포천,2025,10,2025-10,285,경기도,포천시,베스트원스포츠,10,포천 2025_10.csv,레저스포츠,기타레저스포츠
포천,2025,10,2025-10,285,경기도,포천시,한탄강주상절리길4코스,10,포천 2025_10.csv,레저스포츠,기타레저스포츠
포천,2025,10,2025-10,285,경기도,포천시,소우주도자기공방,10,포천 2025_10.csv,체험관광,공예체험
포천,2025,10,2025-10,285,경기도,포천시,프로방스빌리지수영장,10,포천 2025_10.csv,문화관광,테마공원
포천,2025,10,2025-10,285,경기도,포천시,유식물원,10,포천 2025_10.csv,문화관광,테마공원
포천,2025,10,2025-10,285,경기도,포천시,내리공설시장,10,포천 2025_10.csv,쇼핑,시장
포천,2025,10,2025-10,285,경기도,포천시,무림포도농원,10,포천 2025_10.csv,체험관광,농/산/어촌체험
포천,2025,10,2025-10,285,경기도,포천시,포천탁구장,10,포천 2025_10.csv,레저스포츠,기타레저스포츠
포천,2025,10,2025-10,285,경기도,포천시,하심곡,10,포천 2025_10.csv,자연관광,자연경관(하천/해양)
포천,2025,10,2025-10,285,경기도,포천시,지동산촌잣나무목공예실,10,포천 2025_10.csv,기타관광,기타관광
포천,2025,10,2025-10,285,경기도,포천시,예랑농원,10,포천 2025_10.csv,체험관광,농/산/어촌체험
포천,2025,10,2025-10,297,경기도,포천시,봉운사,9,포천 2025_10.csv,역사관광,종교성지
포천,2025,10,2025-10,297,경기도,포천시,대한불교조계종정변지사,9,포천 2025_10.csv,역사관광,종교성지
포천,2025,10,2025-10,299,경기도,포천시,법천사,8,포천 2025_10.csv,역사관광,종교성지
포천,2025,10,2025-10,299,경기도,포천시,금주산,8,포천 2025_10.csv,자연관광,자연경관(산)
포천,2025,10,2025-10,299,경기도,포천시,참진사과,8,포천 2025_10.csv,체험관광,농/산/어촌체험
포천,2025,10,2025-10,299,경기도,포천시,포테톨리스튜디오,8,포천 2025_10.csv,체험관광,공예체험
포천,2025,10,2025-10,299,경기도,포천시,한빛농장,8,포천 2025_10.csv,체험관광,농/산/어촌체험
포천,2025,10,2025-10,299,경기도,포천시,고모지,8,포천 2025_10.csv,자연관광,자연경관(하천/해양)
포천,2025,10,2025-10,299,경기도,포천시,중리테마파크낚시터,8,포천 2025_10.csv,레저스포츠,수상레저스포츠
포천,2025,10,2025-10,299,경기도,포천시,영천목장,8,포천 2025_10.csv,체험관광,농/산/어촌체험
포천,2025,10,2025-10,299,경기도,포천시,용주암,8,포천 2025_10.csv,역사관광,종교성지
포천,2025,10,2025-10,308,경기도,포천시,무상사,7,포천 2025_10.csv,역사관광,종교성지
포천,2025,10,2025-10,308,경기도,포천시,대한드론교육원,7,포천 2025_10.csv,체험관광,체험관광기타
포천,2025,10,2025-10,308,경기도,포천시,구암정사,7,포천 2025_10.csv,역사관광,종교성지
포천,2025,10,2025-10,308,경기도,포천시,추동저수지낚시터,7,포천 2025_10.csv,레저스포츠,수상레저스포츠
포천,2025,10,2025-10,308,경기도,포천시,인평대군묘및신도비,7,포천 2025_10.csv,역사관광,역사유적지
포천,2025,10,2025-10,308,경기도,포천시,포천시 관인면 숯골마을,7,포천 2025_10.csv,역사관광,역사유적지
포천,2025,10,2025-10,308,경기도,포천시,운악레저타운,7,포천 2025_10.csv,레저스포츠,기타레저스포츠
포천,2025,10,2025-10,308,경기도,포천시,양문공설시장,7,포천 2025_10.csv,쇼핑,시장
포천,2025,10,2025-10,308,경기도,포천시,산정호수관광지3매표소,7,포천 2025_10.csv,기타관광,기타관광
포천,2025,10,2025-10,308,경기도,포천시,깊이울낚시터,7,포천 2025_10.csv,레저스포츠,수상레저스포츠
포천,2025,10,2025-10,308,경기도,포천시,법광사,7,포천 2025_10.csv,역사관광,종교성지
포천,2025,10,2025-10,308,경기도,포천시,보광사,7,포천 2025_10.csv,역사관광,종교성지
포천,2025,10,2025-10,308,경기도,포천시,향원재,7,포천 2025_10.csv,역사관광,역사유적지
포천,2025,10,2025-10,308,경기도,포천시,육림호,7,포천 2025_10.csv,자연관광,자연경관(하천/해양)
포천,2025,10,2025-10,322,경기도,포천시,정서네포도농원,6,포천 2025_10.csv,체험관광,농/산/어촌체험
포천,2025,10,2025-10,322,경기도,포천시,도마치고개,6,포천 2025_10.csv,자연관광,자연경관(산)
포천,2025,10,2025-10,322,경기도,포천시,포천소민농장,6,포천 2025_10.csv,체험관광,농/산/어촌체험
포천,2025,10,2025-10,322,경기도,포천시,서성선생묘,6,포천 2025_10.csv,역사관광,역사유적지
포천,2025,10,2025-10,322,경기도,포천시,오드리다육,6,포천 2025_10.csv,체험관광,농/산/어촌체험
포천,2025,10,2025-10,322,경기도,포천시,준수산,6,포천 2025_10.csv,체험관광,농/산/어촌체험
포천,2025,10,2025-10,322,경기도,포천시,상현네포도농원,6,포천 2025_10.csv,체험관광,농/산/어촌체험
포천,2025,10,2025-10,322,경기도,포천시,관인공설시장,6,포천 2025_10.csv,쇼핑,시장
포천,2025,10,2025-10,322,경기도,포천시,운악산포천운주사방면,6,포천 2025_10.csv,자연관광,자연경관(산)
포천,2025,10,2025-10,322,경기도,포천시,산정호수관광단지,6,포천 2025_10.csv,문화관광,복합관광시설
포천,2025,10,2025-10,322,경기도,포천시,미트빌연합사업단,6,포천 2025_10.csv,쇼핑,시장
포천,2025,10,2025-10,322,경기도,포천시,한탄강금빛사과농원,6,포천 2025_10.csv,체험관광,농/산/어촌체험
포천,2025,10,2025-10,334,경기도,포천시,청수농원,5,포천 2025_10.csv,체험관광,농/산/어촌체험
포천,2025,10,2025-10,334,경기도,포천시,포천탁구클럽,5,포천 2025_10.csv,레저스포츠,기타레저스포츠
포천,2025,10,2025-10,334,경기도,포천시,원통사,5,포천 2025_10.csv,역사관광,종교성지
포천,2025,10,2025-10,334,경기도,포천시,아라리농장,5,포천 2025_10.csv,체험관광,농/산/어촌체험
포천,2025,10,2025-10,334,경기도,포천시,약사계곡,5,포천 2025_10.csv,자연관광,자연경관(산)
포천,2025,10,2025-10,334,경기도,포천시,천의바람농장,5,포천 2025_10.csv,체험관광,농/산/어촌체험
포천,2025,10,2025-10,334,경기도,포천시,선단문화공원,5,포천 2025_10.csv,문화관광,도시공원
포천,2025,10,2025-10,334,경기도,포천시,서후농원,5,포천 2025_10.csv,체험관광,농/산/어촌체험
포천,2025,10,2025-10,334,경기도,포천시,산정호수수상보트장,5,포천 2025_10.csv,레저스포츠,수상레저스포츠
포천,2025,10,2025-10,334,경기도,포천시,상록포도농원,5,포천 2025_10.csv,체험관광,농/산/어촌체험
포천,2025,10,2025-10,334,경기도,포천시,지장사,5,포천 2025_10.csv,역사관광,종교성지
포천,2025,10,2025-10,334,경기도,포천시,가보리농원,5,포천 2025_10.csv,체험관광,농/산/어촌체험
포천,2025,10,2025-10,334,경기도,포천시,동음사,5,포천 2025_10.csv,역사관광,역사유적지
포천,2025,10,2025-10,347,경기도,포천시,포천정,4,포천 2025_10.csv,레저스포츠,육상레저스포츠
포천,2025,10,2025-10,347,경기도,포천시,여우뜰,4,포천 2025_10.csv,체험관광,농/산/어촌체험
포천,2025,10,2025-10,347,경기도,포천시,포천하늘사과원,4,포천 2025_10.csv,체험관광,농/산/어촌체험
포천,2025,10,2025-10,347,경기도,포천시,원앙목장,4,포천 2025_10.csv,체험관광,농/산/어촌체험
포천,2025,10,2025-10,347,경기도,포천시,밤밭실내장어낚시터,4,포천 2025_10.csv,레저스포츠,수상레저스포츠
포천,2025,10,2025-10,347,경기도,포천시,정우사과원,4,포천 2025_10.csv,체험관광,농/산/어촌체험
포천,2025,10,2025-10,347,경기도,포천시,수목원포도농원,4,포천 2025_10.csv,체험관광,농/산/어촌체험
포천,2025,10,2025-10,347,경기도,포천시,관룡사,4,포천 2025_10.csv,역사관광,종교성지
포천,2025,10,2025-10,347,경기도,포천시,영산사,4,포천 2025_10.csv,역사관광,종교성지
포천,2025,10,2025-10,347,경기도,포천시,무봉리족구장,4,포천 2025_10.csv,레저스포츠,기타레저스포츠
포천,2025,10,2025-10,347,경기도,포천시,블루밍팜,4,포천 2025_10.csv,체험관광,농/산/어촌체험
포천,2025,10,2025-10,347,경기도,포천시,황금빛농원,4,포천 2025_10.csv,체험관광,농/산/어촌체험
포천,2025,10,2025-10,347,경기도,포천시,달콤이포도밭집,4,포천 2025_10.csv,체험관광,농/산/어촌체험
포천,2025,10,2025-10,347,경기도,포천시,평화농원,4,포천 2025_10.csv,체험관광,농/산/어촌체험
포천,2025,10,2025-10,347,경기도,포천시,포천시어린이정원,4,포천 2025_10.csv,문화관광,도시공원
포천,2025,10,2025-10,347,경기도,포천시,화산서원,4,포천 2025_10.csv,역사관광,역사유적지
포천,2025,10,2025-10,347,경기도,포천시,마태사,4,포천 2025_10.csv,역사관광,종교성지
포천,2025,10,2025-10,347,경기도,포천시,베어스타운CC휴업,4,포천 2025_10.csv,레저스포츠,육상레저스포츠
포천,2025,10,2025-10,347,경기도,포천시,전계대원군묘,4,포천 2025_10.csv,역사관광,역사유적지
포천,2025,10,2025-10,347,경기도,포천시,해마루사과농원,4,포천 2025_10.csv,체험관광,농/산/어촌체험
포천,2025,10,2025-10,347,경기도,포천시,대군정,4,포천 2025_10.csv,레저스포츠,육상레저스포츠
포천,2025,10,2025-10,347,경기도,포천시,명성산산정호수방면,4,포천 2025_10.csv,자연관광,자연경관(산)
포천,2025,10,2025-10,347,경기도,포천시,명성산자인사방면,4,포천 2025_10.csv,자연관광,자연경관(산)
포천,2025,10,2025-10,347,경기도,포천시,왕방산왕방사방면,4,포천 2025_10.csv,자연관광,자연경관(산)
포천,2025,10,2025-10,347,경기도,포천시,인흥군릉,4,포천 2025_10.csv,역사관광,역사유적지
포천,2025,10,2025-10,347,경기도,포천시,새마을저수지,4,포천 2025_10.csv,자연관광,자연경관(하천/해양)
포천,2025,10,2025-10,347,경기도,포천시,허브식물박물관,4,포천 2025_10.csv,문화관광,전시시설
포천,2025,10,2025-10,347,경기도,포천시,운주사,4,포천 2025_10.csv,역사관광,종교성지
포천,2025,10,2025-10,347,경기도,포천시,옛뜰애관광농원,4,포천 2025_10.csv,체험관광,농/산/어촌체험
포천,2025,10,2025-10,347,경기도,포천시,보림사,4,포천 2025_10.csv,역사관광,종교성지
포천,2025,10,2025-10,347,경기도,포천시,우금소류지,4,포천 2025_10.csv,자연관광,자연경관(하천/해양)
포천,2025,10,2025-10,347,경기도,포천시,관음사,4,포천 2025_10.csv,역사관광,종교성지
포천,2025,10,2025-10,347,경기도,포천시,애플빌리지,4,포천 2025_10.csv,체험관광,농/산/어촌체험
포천,2025,10,2025-10,347,경기도,포천시,노리파크포천일동점,4,포천 2025_10.csv,문화관광,테마공원
포천,2025,10,2025-10,347,경기도,포천시,문옥목장,4,포천 2025_10.csv,체험관광,농/산/어촌체험
포천,2025,10,2025-10,382,경기도,포천시,대박사과농원,3,포천 2025_10.csv,체험관광,농/산/어촌체험
포천,2025,10,2025-10,382,경기도,포천시,금당정사,3,포천 2025_10.csv,역사관광,종교성지
포천,2025,10,2025-10,382,경기도,포천시,보현사,3,포천 2025_10.csv,역사관광,종교성지
포천,2025,10,2025-10,382,경기도,포천시,아이예쁘지요농원,3,포천 2025_10.csv,체험관광,농/산/어촌체험
포천,2025,10,2025-10,382,경기도,포천시,산정호수명성산케이블카건축중(2026년 준공예정),3,포천 2025_10.csv,기타관광,기타관광
포천,2025,10,2025-10,382,경기도,포천시,송우농원,3,포천 2025_10.csv,체험관광,농/산/어촌체험
포천,2025,10,2025-10,382,경기도,포천시,잇빛천연염색체험학습장,3,포천 2025_10.csv,체험관광,공예체험
포천,2025,10,2025-10,382,경기도,포천시,마전저수지,3,포천 2025_10.csv,자연관광,자연경관(하천/해양)
포천,2025,10,2025-10,382,경기도,포천시,하늘다리팜,3,포천 2025_10.csv,체험관광,농/산/어촌체험
포천,2025,10,2025-10,382,경기도,포천시,한탄강디지털체험관,3,포천 2025_10.csv,문화관광,전시시설
포천,2025,10,2025-10,382,경기도,포천시,새일목장,3,포천 2025_10.csv,체험관광,농/산/어촌체험
포천,2025,10,2025-10,382,경기도,포천시,어모릭스공방,3,포천 2025_10.csv,체험관광,공예체험
포천,2025,10,2025-10,382,경기도,포천시,김광우미술관,3,포천 2025_10.csv,문화관광,전시시설
포천,2025,10,2025-10,382,경기도,포천시,포천반월아트홀전시장,3,포천 2025_10.csv,문화관광,전시시설
포천,2025,10,2025-10,382,경기도,포천시,길명사,3,포천 2025_10.csv,역사관광,역사유적지
포천,2025,10,2025-10,382,경기도,포천시,돌모루포도농원,3,포천 2025_10.csv,체험관광,농/산/어촌체험
포천,2025,10,2025-10,382,경기도,포천시,초원농장,3,포천 2025_10.csv,체험관광,농/산/어촌체험
포천,2025,10,2025-10,382,경기도,포천시,각흘계곡,3,포천 2025_10.csv,자연관광,자연경관(산)
포천,2025,10,2025-10,382,경기도,포천시,화봉사,3,포천 2025_10.csv,역사관광,종교성지
포천,2025,10,2025-10,382,경기도,포천시,운천공설시장,3,포천 2025_10.csv,쇼핑,시장
포천,2025,10,2025-10,382,경기도,포천시,밤밭지,3,포천 2025_10.csv,자연관광,자연경관(하천/해양)
포천,2025,10,2025-10,382,경기도,포천시,청산버섯농장,3,포천 2025_10.csv,체험관광,농/산/어촌체험
포천,2025,10,2025-10,382,경기도,포천시,산정호수허브식물원,3,포천 2025_10.csv,문화관광,테마공원
포천,2025,10,2025-10,382,경기도,포천시,비즈아쿠아,3,포천 2025_10.csv,문화관광,테마공원
포천,2025,10,2025-10,382,경기도,포천시,방축1공원,3,포천 2025_10.csv,문화관광,도시공원
포천,2025,10,2025-10,382,경기도,포천시,호림2농원,3,포천 2025_10.csv,체험관광,농/산/어촌체험
포천,2025,10,2025-10,382,경기도,포천시,다산농산,3,포천 2025_10.csv,체험관광,농/산/어촌체험
포천,2025,10,2025-10,382,경기도,포천시,명산저수지,3,포천 2025_10.csv,자연관광,자연경관(하천/해양)
포천,2025,10,2025-10,382,경기도,포천시,천인계곡유원지,3,포천 2025_10.csv,문화관광,복합관광시설
포천,2025,10,2025-10,382,경기도,포천시,포천사과농원,3,포천 2025_10.csv,체험관광,농/산/어촌체험
포천,2025,10,2025-10,382,경기도,포천시,제일푸드,3,포천 2025_10.csv,쇼핑,시장
포천,2025,10,2025-10,382,경기도,포천시,포천시 일동면 안변동산,3,포천 2025_10.csv,문화관광,도시/지역문화관광
포천,2025,10,2025-10,382,경기도,포천시,옥금수계곡,3,포천 2025_10.csv,기타관광,기타관광
포천,2025,10,2025-10,382,경기도,포천시,축석포도농원,3,포천 2025_10.csv,체험관광,농/산/어촌체험
포천,2025,10,2025-10,382,경기도,포천시,복길이네포도밭,3,포천 2025_10.csv,체험관광,농/산/어촌체험
포천,2025,10,2025-10,382,경기도,포천시,수아쿠아,3,포천 2025_10.csv,문화관광,테마공원
포천,2025,10,2025-10,382,경기도,포천시,서광사,3,포천 2025_10.csv,역사관광,종교성지
포천,2025,10,2025-10,382,경기도,포천시,김비서가왜그럴까촬영지,3,포천 2025_10.csv,문화관광,기타문화관광지
포천,2025,10,2025-10,382,경기도,포천시,은주네포도농원,3,포천 2025_10.csv,체험관광,농/산/어촌체험
포천,2025,10,2025-10,382,경기도,포천시,삼손목장,3,포천 2025_10.csv,체험관광,농/산/어촌체험
포천,2025,10,2025-10,382,경기도,포천시,도연암,3,포천 2025_10.csv,역사관광,종교성지
포천,2025,10,2025-10,382,경기도,포천시,순해목장,3,포천 2025_10.csv,체험관광,농/산/어촌체험
포천,2025,11,2025-11,1,경기도,포천시,산정호수,14797,포천 2025_11.csv,자연관광,자연경관(하천/해양)
포천,2025,11,2025-11,2,경기도,포천시,국립수목원,12035,포천 2025_11.csv,문화관광,테마공원
포천,2025,11,2025-11,3,경기도,포천시,포천힐마루CC,8019,포천 2025_11.csv,레저스포츠,육상레저스포츠
포천,2025,11,2025-11,4,경기도,포천시,베어크리크GC,7979,포천 2025_11.csv,레저스포츠,육상레저스포츠
포천,2025,11,2025-11,5,경기도,포천시,포천아트밸리,7888,포천 2025_11.csv,문화관광,공연시설
포천,2025,11,2025-11,6,경기도,포천시,한탄강Y자출렁다리,7736,포천 2025_11.csv,기타관광,기타관광
포천,2025,11,2025-11,7,경기도,포천시,포천힐스CC,6878,포천 2025_11.csv,레저스포츠,육상레저스포츠
포천,2025,11,2025-11,8,경기도,포천시,푸른솔GC포천,6333,포천 2025_11.csv,레저스포츠,육상레저스포츠
포천,2025,11,2025-11,9,경기도,포천시,포레스트힐CC,6159,포천 2025_11.csv,레저스포츠,육상레저스포츠
포천,2025,11,2025-11,10,경기도,포천시,필로스GC,6130,포천 2025_11.csv,레저스포츠,육상레저스포츠
포천,2025,11,2025-11,11,경기도,포천시,라싸GC,5853,포천 2025_11.csv,레저스포츠,육상레저스포츠
포천,2025,11,2025-11,12,경기도,포천시,허브아일랜드,5837,포천 2025_11.csv,체험관광,농/산/어촌체험
포천,2025,11,2025-11,13,경기도,포천시,몽베르CC,5650,포천 2025_11.csv,레저스포츠,육상레저스포츠
포천,2025,11,2025-11,14,경기도,포천시,포천아도니스CC,5412,포천 2025_11.csv,레저스포츠,육상레저스포츠
포천,2025,11,2025-11,15,경기도,포천시,고모저수지,4848,포천 2025_11.csv,자연관광,자연경관(하천/해양)
포천,2025,11,2025-11,16,경기도,포천시,비둘기낭폭포,4155,포천 2025_11.csv,자연관광,자연경관(산)
포천,2025,11,2025-11,17,경기도,포천시,참밸리컨트리클럽,3426,포천 2025_11.csv,레저스포츠,육상레저스포츠
포천,2025,11,2025-11,18,경기도,포천시,신북온천,3384,포천 2025_11.csv,체험관광,웰니스관광
포천,2025,11,2025-11,19,경기도,포천시,일동시외버스터미널,3362,포천 2025_11.csv,기타관광,교통시설
포천,2025,11,2025-11,20,경기도,포천시,일동레이크GC,3359,포천 2025_11.csv,레저스포츠,육상레저스포츠
포천,2025,11,2025-11,21,경기도,포천시,샴발라CC,3300,포천 2025_11.csv,레저스포츠,육상레저스포츠
포천,2025,11,2025-11,22,경기도,포천시,마이애니멀스토리in평강랜드,3125,포천 2025_11.csv,문화관광,테마공원
포천,2025,11,2025-11,23,경기도,포천시,제일유황온천,2513,포천 2025_11.csv,체험관광,웰니스관광
포천,2025,11,2025-11,24,경기도,포천시,서운동산,1603,포천 2025_11.csv,문화관광,복합관광시설
포천,2025,11,2025-11,25,경기도,포천시,포천한탄강하늘다리,1446,포천 2025_11.csv,기타관광,기타관광
포천,2025,11,2025-11,26,경기도,포천시,백운계곡,1382,포천 2025_11.csv,자연관광,자연경관(산)
포천,2025,11,2025-11,27,경기도,포천시,송우시외버스터미널,1326,포천 2025_11.csv,기타관광,교통시설
포천,2025,11,2025-11,28,경기도,포천시,CGV포천,1314,포천 2025_11.csv,문화관광,공연시설
포천,2025,11,2025-11,29,경기도,포천시,락가든GC,1265,포천 2025_11.csv,레저스포츠,육상레저스포츠
포천,2025,11,2025-11,30,경기도,포천시,한탄강주상절리길1코스,1151,포천 2025_11.csv,레저스포츠,기타레저스포츠
포천,2025,11,2025-11,31,경기도,포천시,포천반월아트홀,1126,포천 2025_11.csv,문화관광,공연시설
포천,2025,11,2025-11,32,경기도,포천시,포천시외버스터미널,880,포천 2025_11.csv,기타관광,교통시설
포천,2025,11,2025-11,33,경기도,포천시,포천한탄강가든페스타,877,포천 2025_11.csv,문화관광,기타문화관광지
포천,2025,11,2025-11,34,경기도,포천시,운악산자연휴양림,856,포천 2025_11.csv,자연관광,자연공원
포천,2025,11,2025-11,35,경기도,포천시,축석고개,854,포천 2025_11.csv,자연관광,자연경관(산)
포천,2025,11,2025-11,36,경기도,포천시,호국금강사,777,포천 2025_11.csv,역사관광,종교성지
포천,2025,11,2025-11,37,경기도,포천시,산사원,747,포천 2025_11.csv,문화관광,전시시설
포천,2025,11,2025-11,38,경기도,포천시,포천5일장,727,포천 2025_11.csv,쇼핑,시장
포천,2025,11,2025-11,39,경기도,포천시,베어스타운스키장휴업,722,포천 2025_11.csv,레저스포츠,육상레저스포츠
포천,2025,11,2025-11,40,경기도,포천시,한탄강지질공원센터,705,포천 2025_11.csv,문화관광,전시시설
포천,2025,11,2025-11,41,경기도,포천시,포천아도니스퍼블릭CC,691,포천 2025_11.csv,레저스포츠,육상레저스포츠
포천,2025,11,2025-11,42,경기도,포천시,명성산억새밭,670,포천 2025_11.csv,기타관광,기타관광
포천,2025,11,2025-11,43,경기도,포천시,동교낚시터,644,포천 2025_11.csv,레저스포츠,수상레저스포츠
포천,2025,11,2025-11,44,경기도,포천시,포천축구공원,585,포천 2025_11.csv,문화관광,도시공원
포천,2025,11,2025-11,45,경기도,포천시,천보산자연휴양림,498,포천 2025_11.csv,자연관광,자연공원
포천,2025,11,2025-11,46,경기도,포천시,수목원고모호수공원,492,포천 2025_11.csv,문화관광,도시공원
포천,2025,11,2025-11,47,경기도,포천시,가산낚시터,466,포천 2025_11.csv,레저스포츠,수상레저스포츠
포천,2025,11,2025-11,48,경기도,포천시,밤밭낚시터,443,포천 2025_11.csv,레저스포츠,수상레저스포츠
포천,2025,11,2025-11,49,경기도,포천시,예술정원1999자연예술테마파크,440,포천 2025_11.csv,문화관광,테마공원
포천,2025,11,2025-11,50,경기도,포천시,마전낚시터,415,포천 2025_11.csv,레저스포츠,수상레저스포츠
포천,2025,11,2025-11,51,경기도,포천시,한탄강생태경관단지,394,포천 2025_11.csv,기타관광,기타관광
포천,2025,11,2025-11,52,경기도,포천시,한여울파크골프장건축중(2026년03월 개장예정),390,포천 2025_11.csv,레저스포츠,육상레저스포츠
포천,2025,11,2025-11,53,경기도,포천시,포천화적연,372,포천 2025_11.csv,자연관광,자연경관(하천/해양)
포천,2025,11,2025-11,54,경기도,포천시,주파크,336,포천 2025_11.csv,문화관광,테마공원
포천,2025,11,2025-11,55,경기도,포천시,내촌낚시터,330,포천 2025_11.csv,레저스포츠,수상레저스포츠
포천,2025,11,2025-11,56,경기도,포천시,가산저수지,325,포천 2025_11.csv,자연관광,자연경관(하천/해양)
포천,2025,11,2025-11,57,경기도,포천시,소흘생활체육공원,313,포천 2025_11.csv,문화관광,도시공원
포천,2025,11,2025-11,58,경기도,포천시,포천수원산정상전망대,310,포천 2025_11.csv,문화관광,랜드마크관광
포천,2025,11,2025-11,59,경기도,포천시,청성역사공원,273,포천 2025_11.csv,문화관광,도시공원
포천,2025,11,2025-11,60,경기도,포천시,청계호수,269,포천 2025_11.csv,자연관광,자연경관(하천/해양)
포천,2025,11,2025-11,61,경기도,포천시,아딸농원,266,포천 2025_11.csv,체험관광,농/산/어촌체험
포천,2025,11,2025-11,62,경기도,포천시,쌍방죽낚시터,258,포천 2025_11.csv,레저스포츠,수상레저스포츠
포천,2025,11,2025-11,63,경기도,포천시,한화리조트산정호수온천,241,포천 2025_11.csv,체험관광,웰니스관광
포천,2025,11,2025-11,64,경기도,포천시,낭만닥터김사부촬영지,239,포천 2025_11.csv,문화관광,기타문화관광지
포천,2025,11,2025-11,65,경기도,포천시,깊이울유원지,234,포천 2025_11.csv,문화관광,복합관광시설
포천,2025,11,2025-11,66,경기도,포천시,광암이벽유적지,230,포천 2025_11.csv,역사관광,역사유적지
포천,2025,11,2025-11,67,경기도,포천시,송우공설시장,223,포천 2025_11.csv,쇼핑,시장
포천,2025,11,2025-11,68,경기도,포천시,운천재래시장,215,포천 2025_11.csv,쇼핑,시장
포천,2025,11,2025-11,68,경기도,포천시,구담사,215,포천 2025_11.csv,역사관광,종교성지
포천,2025,11,2025-11,70,경기도,포천시,초원낚시터,207,포천 2025_11.csv,레저스포츠,수상레저스포츠
포천,2025,11,2025-11,71,경기도,포천시,직두리낚시터,206,포천 2025_11.csv,레저스포츠,수상레저스포츠
포천,2025,11,2025-11,72,경기도,포천시,어메이징파크,202,포천 2025_11.csv,문화관광,전시시설
포천,2025,11,2025-11,73,경기도,포천시,왕산사,196,포천 2025_11.csv,역사관광,종교성지
포천,2025,11,2025-11,74,경기도,포천시,아프리카예술박물관,193,포천 2025_11.csv,문화관광,전시시설
포천,2025,11,2025-11,75,경기도,포천시,도성사,190,포천 2025_11.csv,역사관광,종교성지
포천,2025,11,2025-11,76,경기도,포천시,포천야구장,189,포천 2025_11.csv,문화관광,레저스포츠시설
포천,2025,11,2025-11,77,경기도,포천시,포천가구공단,184,포천 2025_11.csv,쇼핑,기타쇼핑시설
포천,2025,11,2025-11,78,경기도,포천시,냉정저수지,183,포천 2025_11.csv,자연관광,자연경관(하천/해양)
포천,2025,11,2025-11,79,경기도,포천시,명성산,159,포천 2025_11.csv,자연관광,자연경관(산)
포천,2025,11,2025-11,80,경기도,포천시,동교하우스낚시터,158,포천 2025_11.csv,레저스포츠,수상레저스포츠
포천,2025,11,2025-11,81,경기도,포천시,가람누리문화공원전망대,152,포천 2025_11.csv,문화관광,랜드마크관광
포천,2025,11,2025-11,82,경기도,포천시,설운체육공원,145,포천 2025_11.csv,문화관광,도시공원
포천,2025,11,2025-11,83,경기도,포천시,화현이벽성지,142,포천 2025_11.csv,역사관광,역사유적지
포천,2025,11,2025-11,84,경기도,포천시,황금낚시터,139,포천 2025_11.csv,레저스포츠,수상레저스포츠
포천,2025,11,2025-11,85,경기도,포천시,포천신읍시장,137,포천 2025_11.csv,쇼핑,시장
포천,2025,11,2025-11,86,경기도,포천시,길명낚시공원,131,포천 2025_11.csv,레저스포츠,수상레저스포츠
포천,2025,11,2025-11,87,경기도,포천시,금주저수지,119,포천 2025_11.csv,자연관광,자연경관(하천/해양)
포천,2025,11,2025-11,88,경기도,포천시,자인사,116,포천 2025_11.csv,역사관광,종교성지
포천,2025,11,2025-11,88,경기도,포천시,포천파크골프장,116,포천 2025_11.csv,레저스포츠,기타레저스포츠
포천,2025,11,2025-11,90,경기도,포천시,포천체육공원,115,포천 2025_11.csv,문화관광,도시공원
포천,2025,11,2025-11,91,경기도,포천시,새마을낚시터,113,포천 2025_11.csv,레저스포츠,수상레저스포츠
포천,2025,11,2025-11,92,경기도,포천시,가농바이오농장,110,포천 2025_11.csv,체험관광,농/산/어촌체험
포천,2025,11,2025-11,93,경기도,포천시,용담대물낚시터,104,포천 2025_11.csv,레저스포츠,수상레저스포츠
포천,2025,11,2025-11,94,경기도,포천시,산정호수조각공원,103,포천 2025_11.csv,문화관광,도시공원
포천,2025,11,2025-11,95,경기도,포천시,포천하늘아래치유의숲,102,포천 2025_11.csv,기타관광,기타관광
포천,2025,11,2025-11,96,경기도,포천시,국망봉자연휴양림,100,포천 2025_11.csv,자연관광,자연공원
포천,2025,11,2025-11,97,경기도,포천시,호스랜드승마클럽,99,포천 2025_11.csv,레저스포츠,육상레저스포츠
포천,2025,11,2025-11,97,경기도,포천시,포천스포츠센터,99,포천 2025_11.csv,레저스포츠,기타레저스포츠
포천,2025,11,2025-11,99,경기도,포천시,허브아일랜드불빛동화축제,96,포천 2025_11.csv,문화관광,기타문화관광지
포천,2025,11,2025-11,100,경기도,포천시,포천38문화예술창작소,95,포천 2025_11.csv,문화관광,기타문화관광지
포천,2025,11,2025-11,101,경기도,포천시,운천,89,포천 2025_11.csv,기타관광,기타관광
포천,2025,11,2025-11,102,경기도,포천시,국립산림박물관,83,포천 2025_11.csv,문화관광,전시시설
포천,2025,11,2025-11,103,경기도,포천시,금주낚시터,78,포천 2025_11.csv,레저스포츠,수상레저스포츠
포천,2025,11,2025-11,104,경기도,포천시,아침햇살청소년수련원,77,포천 2025_11.csv,레저스포츠,육상레저스포츠
포천,2025,11,2025-11,105,경기도,포천시,약천사,75,포천 2025_11.csv,역사관광,종교성지
포천,2025,11,2025-11,105,경기도,포천시,포천패션타운,75,포천 2025_11.csv,쇼핑,쇼핑몰
포천,2025,11,2025-11,107,경기도,포천시,한탄강주상절리길3코스,73,포천 2025_11.csv,레저스포츠,기타레저스포츠
포천,2025,11,2025-11,108,경기도,포천시,나남수목원,71,포천 2025_11.csv,자연관광,자연공원
포천,2025,11,2025-11,109,경기도,포천시,포천자동차극장,66,포천 2025_11.csv,문화관광,공연시설
포천,2025,11,2025-11,110,경기도,포천시,가람누리문화공원,65,포천 2025_11.csv,문화관광,도시공원
포천,2025,11,2025-11,111,경기도,포천시,멍우리협곡,63,포천 2025_11.csv,자연관광,자연경관(산)
포천,2025,11,2025-11,112,경기도,포천시,고일낚시터,62,포천 2025_11.csv,레저스포츠,수상레저스포츠
포천,2025,11,2025-11,113,경기도,포천시,청계저수지수변공원,61,포천 2025_11.csv,문화관광,도시공원
포천,2025,11,2025-11,113,경기도,포천시,무네미낚시터,61,포천 2025_11.csv,레저스포츠,수상레저스포츠
포천,2025,11,2025-11,115,경기도,포천시,흥룡사,59,포천 2025_11.csv,역사관광,종교성지
포천,2025,11,2025-11,116,경기도,포천시,청한베이스볼파크,58,포천 2025_11.csv,문화관광,레저스포츠시설
포천,2025,11,2025-11,116,경기도,포천시,태국군참전비,58,포천 2025_11.csv,역사관광,역사유물
포천,2025,11,2025-11,118,경기도,포천시,산정랜드,54,포천 2025_11.csv,문화관광,복합관광시설
포천,2025,11,2025-11,119,경기도,포천시,미륵사,52,포천 2025_11.csv,역사관광,종교성지
포천,2025,11,2025-11,120,경기도,포천시,충목단,50,포천 2025_11.csv,역사관광,역사유적지
포천,2025,11,2025-11,120,경기도,포천시,천주호,50,포천 2025_11.csv,자연관광,자연경관(하천/해양)
포천,2025,11,2025-11,122,경기도,포천시,한과문화박물관,49,포천 2025_11.csv,문화관광,전시시설
포천,2025,11,2025-11,123,경기도,포천시,일동시장,48,포천 2025_11.csv,쇼핑,시장
포천,2025,11,2025-11,124,경기도,포천시,한탄강금빛사과농원,46,포천 2025_11.csv,체험관광,농/산/어촌체험
포천,2025,11,2025-11,125,경기도,포천시,포천시 관인면 교동장독대마을,45,포천 2025_11.csv,역사관광,역사유적지
포천,2025,11,2025-11,125,경기도,포천시,자비사,45,포천 2025_11.csv,역사관광,종교성지
포천,2025,11,2025-11,127,경기도,포천시,어하고개,44,포천 2025_11.csv,자연관광,자연경관(산)
포천,2025,11,2025-11,127,경기도,포천시,갈월버섯농장,44,포천 2025_11.csv,체험관광,농/산/어촌체험
포천,2025,11,2025-11,129,경기도,포천시,한탄강주상절리길2코스,42,포천 2025_11.csv,레저스포츠,기타레저스포츠
포천,2025,11,2025-11,130,경기도,포천시,포천종합운동장보조구장,41,포천 2025_11.csv,문화관광,레저스포츠시설
포천,2025,11,2025-11,131,경기도,포천시,한탄강팔호유원지,40,포천 2025_11.csv,문화관광,복합관광시설
포천,2025,11,2025-11,131,경기도,포천시,클라우드시네마,40,포천 2025_11.csv,문화관광,공연시설
포천,2025,11,2025-11,133,경기도,포천시,기원정사,37,포천 2025_11.csv,역사관광,종교성지
포천,2025,11,2025-11,133,경기도,포천시,이동정류소,37,포천 2025_11.csv,기타관광,교통시설
포천,2025,11,2025-11,133,경기도,포천시,포천염광수련원,37,포천 2025_11.csv,레저스포츠,육상레저스포츠
포천,2025,11,2025-11,136,경기도,포천시,한탄강주상절리길5코스,35,포천 2025_11.csv,레저스포츠,기타레저스포츠
포천,2025,11,2025-11,136,경기도,포천시,동부정,35,포천 2025_11.csv,레저스포츠,육상레저스포츠
포천,2025,11,2025-11,138,경기도,포천시,금룡사,34,포천 2025_11.csv,역사관광,종교성지
포천,2025,11,2025-11,139,경기도,포천시,교동가마소,33,포천 2025_11.csv,기타관광,기타관광
포천,2025,11,2025-11,140,경기도,포천시,황새목낚시터,32,포천 2025_11.csv,레저스포츠,수상레저스포츠
포천,2025,11,2025-11,140,경기도,포천시,신안농장,32,포천 2025_11.csv,체험관광,농/산/어촌체험
포천,2025,11,2025-11,140,경기도,포천시,무림사,32,포천 2025_11.csv,역사관광,종교성지
포천,2025,11,2025-11,143,경기도,포천시,소흘생활체육공원제2축구장,31,포천 2025_11.csv,문화관광,레저스포츠시설
포천,2025,11,2025-11,143,경기도,포천시,신북메가필드,31,포천 2025_11.csv,레저스포츠,육상레저스포츠
포천,2025,11,2025-11,143,경기도,포천시,뿌리굿당,31,포천 2025_11.csv,역사관광,종교성지
포천,2025,11,2025-11,146,경기도,포천시,포천목공체험장,30,포천 2025_11.csv,문화관광,기타문화관광지
포천,2025,11,2025-11,146,경기도,포천시,레이크밸리 승마클럽,30,포천 2025_11.csv,레저스포츠,기타레저스포츠
포천,2025,11,2025-11,146,경기도,포천시,송광사,30,포천 2025_11.csv,역사관광,종교성지
포천,2025,11,2025-11,146,경기도,포천시,옥병서원,30,포천 2025_11.csv,역사관광,역사유적지
포천,2025,11,2025-11,150,경기도,포천시,한내소극장,29,포천 2025_11.csv,문화관광,공연시설
포천,2025,11,2025-11,150,경기도,포천시,화엄사,29,포천 2025_11.csv,역사관광,종교성지
포천,2025,11,2025-11,150,경기도,포천시,백로주유원지,29,포천 2025_11.csv,문화관광,복합관광시설
포천,2025,11,2025-11,153,경기도,포천시,깊이울저수지,28,포천 2025_11.csv,자연관광,자연경관(하천/해양)
포천,2025,11,2025-11,153,경기도,포천시,포천아트밸리천문과학관,28,포천 2025_11.csv,문화관광,전시시설
포천,2025,11,2025-11,155,경기도,포천시,한탄강야생화공원,27,포천 2025_11.csv,문화관광,도시공원
포천,2025,11,2025-11,155,경기도,포천시,평화나무농장,27,포천 2025_11.csv,체험관광,농/산/어촌체험
포천,2025,11,2025-11,157,경기도,포천시,향원재,26,포천 2025_11.csv,역사관광,역사유적지
포천,2025,11,2025-11,157,경기도,포천시,코버월드,26,포천 2025_11.csv,문화관광,전시시설
포천,2025,11,2025-11,159,경기도,포천시,지장산계곡,25,포천 2025_11.csv,자연관광,자연경관(산)
포천,2025,11,2025-11,160,경기도,포천시,소흘생활체육공원제1축구장,24,포천 2025_11.csv,문화관광,레저스포츠시설
포천,2025,11,2025-11,161,경기도,포천시,교동사과농장,23,포천 2025_11.csv,체험관광,농/산/어촌체험
포천,2025,11,2025-11,162,경기도,포천시,소흘생활체육공원인공암벽장,22,포천 2025_11.csv,레저스포츠,기타레저스포츠
포천,2025,11,2025-11,162,경기도,포천시,포천반월성,22,포천 2025_11.csv,역사관광,역사유적지
포천,2025,11,2025-11,162,경기도,포천시,반디농장,22,포천 2025_11.csv,체험관광,농/산/어촌체험
포천,2025,11,2025-11,162,경기도,포천시,천해사,22,포천 2025_11.csv,역사관광,종교성지
포천,2025,11,2025-11,166,경기도,포천시,천주사,21,포천 2025_11.csv,역사관광,종교성지
포천,2025,11,2025-11,167,경기도,포천시,관인문화마을,20,포천 2025_11.csv,기타관광,기타관광
포천,2025,11,2025-11,167,경기도,포천시,태산낚시터,20,포천 2025_11.csv,레저스포츠,수상레저스포츠
포천,2025,11,2025-11,167,경기도,포천시,백운계곡국민관광지,20,포천 2025_11.csv,문화관광,복합관광시설
포천,2025,11,2025-11,167,경기도,포천시,가온농장,20,포천 2025_11.csv,체험관광,농/산/어촌체험
포천,2025,11,2025-11,167,경기도,포천시,소야사과농장,20,포천 2025_11.csv,체험관광,농/산/어촌체험
포천,2025,11,2025-11,172,경기도,포천시,한탄강테마파크,19,포천 2025_11.csv,문화관광,테마공원
포천,2025,11,2025-11,172,경기도,포천시,포천운산리자연생태공원,19,포천 2025_11.csv,문화관광,도시공원
포천,2025,11,2025-11,174,경기도,포천시,초계목장,18,포천 2025_11.csv,체험관광,농/산/어촌체험
포천,2025,11,2025-11,174,경기도,포천시,일동문화예술창고,18,포천 2025_11.csv,문화관광,기타문화관광지
포천,2025,11,2025-11,174,경기도,포천시,국봉사,18,포천 2025_11.csv,역사관광,종교성지
포천,2025,11,2025-11,177,경기도,포천시,관음사,17,포천 2025_11.csv,역사관광,종교성지
포천,2025,11,2025-11,177,경기도,포천시,모돈갤러리,17,포천 2025_11.csv,문화관광,전시시설
포천,2025,11,2025-11,177,경기도,포천시,소흘아이사랑놀이터,17,포천 2025_11.csv,문화관광,테마공원
포천,2025,11,2025-11,177,경기도,포천시,전운사,17,포천 2025_11.csv,역사관광,종교성지
포천,2025,11,2025-11,177,경기도,포천시,Y스포츠센터,17,포천 2025_11.csv,레저스포츠,기타레저스포츠
포천,2025,11,2025-11,177,경기도,포천시,지질트레일1코스,17,포천 2025_11.csv,레저스포츠,기타레저스포츠
포천,2025,11,2025-11,183,경기도,포천시,대한드론교육원,16,포천 2025_11.csv,체험관광,체험관광기타
포천,2025,11,2025-11,183,경기도,포천시,선단문화공원,16,포천 2025_11.csv,문화관광,도시공원
포천,2025,11,2025-11,183,경기도,포천시,보현사,16,포천 2025_11.csv,역사관광,종교성지
포천,2025,11,2025-11,183,경기도,포천시,동화사,16,포천 2025_11.csv,역사관광,종교성지
포천,2025,11,2025-11,183,경기도,포천시,독수리유격대전적비,16,포천 2025_11.csv,역사관광,역사유물
포천,2025,11,2025-11,188,경기도,포천시,이항복선생묘,15,포천 2025_11.csv,역사관광,역사유적지
포천,2025,11,2025-11,188,경기도,포천시,백운산,15,포천 2025_11.csv,자연관광,자연경관(산)
포천,2025,11,2025-11,190,경기도,포천시,이룬절,14,포천 2025_11.csv,역사관광,종교성지
포천,2025,11,2025-11,190,경기도,포천시,승법사,14,포천 2025_11.csv,역사관광,종교성지
포천,2025,11,2025-11,190,경기도,포천시,영천목장,14,포천 2025_11.csv,체험관광,농/산/어촌체험
포천,2025,11,2025-11,193,경기도,포천시,프로방스빌리지수영장,13,포천 2025_11.csv,문화관광,테마공원
포천,2025,11,2025-11,193,경기도,포천시,건플레이,13,포천 2025_11.csv,레저스포츠,기타레저스포츠
포천,2025,11,2025-11,193,경기도,포천시,몽글몽글팜,13,포천 2025_11.csv,체험관광,농/산/어촌체험
포천,2025,11,2025-11,193,경기도,포천시,포천시 신북면 지동산촌마을,13,포천 2025_11.csv,역사관광,역사유적지
포천,2025,11,2025-11,193,경기도,포천시,용연서원,13,포천 2025_11.csv,역사관광,역사유적지
포천,2025,11,2025-11,193,경기도,포천시,미륵박물관,13,포천 2025_11.csv,문화관광,전시시설
포천,2025,11,2025-11,199,경기도,포천시,명성산산안고개방면,12,포천 2025_11.csv,자연관광,자연경관(산)
포천,2025,11,2025-11,199,경기도,포천시,성불암,12,포천 2025_11.csv,역사관광,종교성지
포천,2025,11,2025-11,199,경기도,포천시,마홀축구장,12,포천 2025_11.csv,문화관광,레저스포츠시설
포천,2025,11,2025-11,199,경기도,포천시,금불사,12,포천 2025_11.csv,역사관광,종교성지
포천,2025,11,2025-11,199,경기도,포천시,자개미갤러리,12,포천 2025_11.csv,문화관광,전시시설
포천,2025,11,2025-11,204,경기도,포천시,베스트원스포츠,11,포천 2025_11.csv,레저스포츠,기타레저스포츠
포천,2025,11,2025-11,204,경기도,포천시,부소천교,11,포천 2025_11.csv,기타관광,기타관광
포천,2025,11,2025-11,204,경기도,포천시,화산서원,11,포천 2025_11.csv,역사관광,역사유적지
포천,2025,11,2025-11,204,경기도,포천시,향림사,11,포천 2025_11.csv,역사관광,종교성지
포천,2025,11,2025-11,204,경기도,포천시,키즈필포천송우점,11,포천 2025_11.csv,문화관광,테마공원
포천,2025,11,2025-11,204,경기도,포천시,궁뜰사과농원,11,포천 2025_11.csv,체험관광,농/산/어촌체험
포천,2025,11,2025-11,210,경기도,포천시,산안고개,10,포천 2025_11.csv,자연관광,자연경관(산)
포천,2025,11,2025-11,210,경기도,포천시,포천미래교육센터,10,포천 2025_11.csv,체험관광,체험관광기타
포천,2025,11,2025-11,210,경기도,포천시,포천소민농장,10,포천 2025_11.csv,체험관광,농/산/어촌체험
포천,2025,11,2025-11,210,경기도,포천시,태봉근린공원,10,포천 2025_11.csv,문화관광,도시공원
포천,2025,11,2025-11,210,경기도,포천시,만덕사,10,포천 2025_11.csv,역사관광,종교성지
포천,2025,11,2025-11,210,경기도,포천시,냉정낚시터,10,포천 2025_11.csv,레저스포츠,수상레저스포츠
포천,2025,11,2025-11,210,경기도,포천시,초가낚시터,10,포천 2025_11.csv,레저스포츠,수상레저스포츠
포천,2025,11,2025-11,210,경기도,포천시,중리저수지,10,포천 2025_11.csv,자연관광,자연경관(하천/해양)
포천,2025,11,2025-11,210,경기도,포천시,포천사과농원,10,포천 2025_11.csv,체험관광,농/산/어촌체험
포천,2025,11,2025-11,219,경기도,포천시,기산근린공원,9,포천 2025_11.csv,문화관광,도시공원
포천,2025,11,2025-11,219,경기도,포천시,포천제2하늘다리,9,포천 2025_11.csv,기타관광,기타관광
포천,2025,11,2025-11,219,경기도,포천시,포천직두리의부부송,9,포천 2025_11.csv,역사관광,역사유적지
포천,2025,11,2025-11,219,경기도,포천시,포천시 영북면 육호마을,9,포천 2025_11.csv,역사관광,역사유적지
포천,2025,11,2025-11,219,경기도,포천시,법왕사,9,포천 2025_11.csv,역사관광,종교성지
포천,2025,11,2025-11,219,경기도,포천시,지청낚시터,9,포천 2025_11.csv,레저스포츠,수상레저스포츠
포천,2025,11,2025-11,219,경기도,포천시,백운낚시터,9,포천 2025_11.csv,레저스포츠,수상레저스포츠
포천,2025,11,2025-11,226,경기도,포천시,털보낚시터,8,포천 2025_11.csv,레저스포츠,수상레저스포츠
포천,2025,11,2025-11,226,경기도,포천시,포천반월아트홀전시장,8,포천 2025_11.csv,문화관광,전시시설
포천,2025,11,2025-11,226,경기도,포천시,금수정,8,포천 2025_11.csv,역사관광,역사유적지
포천,2025,11,2025-11,226,경기도,포천시,운천낚시공원,8,포천 2025_11.csv,레저스포츠,수상레저스포츠
포천,2025,11,2025-11,226,경기도,포천시,다산농산,8,포천 2025_11.csv,체험관광,농/산/어촌체험
포천,2025,11,2025-11,226,경기도,포천시,미트빌연합사업단,8,포천 2025_11.csv,쇼핑,시장
포천,2025,11,2025-11,226,경기도,포천시,근선목장,8,포천 2025_11.csv,체험관광,농/산/어촌체험
포천,2025,11,2025-11,226,경기도,포천시,청농원,8,포천 2025_11.csv,체험관광,농/산/어촌체험
포천,2025,11,2025-11,234,경기도,포천시,법천사,7,포천 2025_11.csv,역사관광,종교성지
포천,2025,11,2025-11,234,경기도,포천시,참진사과,7,포천 2025_11.csv,체험관광,농/산/어촌체험
포천,2025,11,2025-11,234,경기도,포천시,정우사과원,7,포천 2025_11.csv,체험관광,농/산/어촌체험
포천,2025,11,2025-11,234,경기도,포천시,신읍동도시재생어울림센터2,7,포천 2025_11.csv,문화관광,기타문화관광지
포천,2025,11,2025-11,234,경기도,포천시,천궁사,7,포천 2025_11.csv,역사관광,종교성지
포천,2025,11,2025-11,234,경기도,포천시,포천음악창작소,7,포천 2025_11.csv,문화관광,기타문화관광지
포천,2025,11,2025-11,234,경기도,포천시,새일목장,7,포천 2025_11.csv,체험관광,농/산/어촌체험
포천,2025,11,2025-11,234,경기도,포천시,송일농장,7,포천 2025_11.csv,체험관광,농/산/어촌체험
포천,2025,11,2025-11,234,경기도,포천시,솔모루공원,7,포천 2025_11.csv,문화관광,도시공원
포천,2025,11,2025-11,234,경기도,포천시,내리공설시장,7,포천 2025_11.csv,쇼핑,시장
포천,2025,11,2025-11,234,경기도,포천시,보문정사,7,포천 2025_11.csv,역사관광,종교성지
포천,2025,11,2025-11,234,경기도,포천시,선광사,7,포천 2025_11.csv,역사관광,종교성지
포천,2025,11,2025-11,246,경기도,포천시,청성사,6,포천 2025_11.csv,역사관광,역사유적지
포천,2025,11,2025-11,246,경기도,포천시,채소한의식탁,6,포천 2025_11.csv,체험관광,농/산/어촌체험
포천,2025,11,2025-11,246,경기도,포천시,대안사,6,포천 2025_11.csv,역사관광,종교성지
포천,2025,11,2025-11,246,경기도,포천시,도평리터미널,6,포천 2025_11.csv,기타관광,교통시설
포천,2025,11,2025-11,246,경기도,포천시,김비서가왜그럴까촬영지,6,포천 2025_11.csv,문화관광,기타문화관광지
포천,2025,11,2025-11,251,경기도,포천시,임진농원,5,포천 2025_11.csv,체험관광,농/산/어촌체험
포천,2025,11,2025-11,251,경기도,포천시,산정호수관광단지,5,포천 2025_11.csv,문화관광,복합관광시설
포천,2025,11,2025-11,251,경기도,포천시,향적사,5,포천 2025_11.csv,역사관광,종교성지
포천,2025,11,2025-11,251,경기도,포천시,관음산약수터,5,포천 2025_11.csv,자연관광,자연경관(산)
포천,2025,11,2025-11,255,경기도,포천시,포레스트농장,4,포천 2025_11.csv,체험관광,농/산/어촌체험
포천,2025,11,2025-11,255,경기도,포천시,포천탁구클럽,4,포천 2025_11.csv,레저스포츠,기타레저스포츠
포천,2025,11,2025-11,255,경기도,포천시,현영목장,4,포천 2025_11.csv,체험관광,농/산/어촌체험
포천,2025,11,2025-11,255,경기도,포천시,황금프라자,4,포천 2025_11.csv,쇼핑,쇼핑몰
포천,2025,11,2025-11,255,경기도,포천시,서원군재실,4,포천 2025_11.csv,역사관광,역사유적지
포천,2025,11,2025-11,255,경기도,포천시,인평대군묘및신도비,4,포천 2025_11.csv,역사관광,역사유적지
포천,2025,11,2025-11,255,경기도,포천시,전계대원군묘,4,포천 2025_11.csv,역사관광,역사유적지
포천,2025,11,2025-11,255,경기도,포천시,일동공설시장,4,포천 2025_11.csv,쇼핑,시장
포천,2025,11,2025-11,255,경기도,포천시,람보목장,4,포천 2025_11.csv,체험관광,농/산/어촌체험
포천,2025,11,2025-11,255,경기도,포천시,가보리농원,4,포천 2025_11.csv,체험관광,농/산/어촌체험
포천,2025,11,2025-11,255,경기도,포천시,복후미저수지,4,포천 2025_11.csv,자연관광,자연경관(하천/해양)
포천,2025,11,2025-11,255,경기도,포천시,용주암,4,포천 2025_11.csv,역사관광,종교성지
포천,2025,11,2025-11,255,경기도,포천시,육사생도6.25참전기념비,4,포천 2025_11.csv,역사관광,역사유물
포천,2025,11,2025-11,268,경기도,포천시,대박사과농원,3,포천 2025_11.csv,체험관광,농/산/어촌체험
포천,2025,11,2025-11,268,경기도,포천시,포천시 군내면 논배마을,3,포천 2025_11.csv,역사관광,역사유적지
포천,2025,11,2025-11,268,경기도,포천시,여우뜰,3,포천 2025_11.csv,체험관광,농/산/어촌체험
포천,2025,11,2025-11,268,경기도,포천시,페리아도워터파크,3,포천 2025_11.csv,문화관광,테마공원
포천,2025,11,2025-11,268,경기도,포천시,성산농장,3,포천 2025_11.csv,체험관광,농/산/어촌체험
포천,2025,11,2025-11,268,경기도,포천시,포천허브아일랜드 자동차극장,3,포천 2025_11.csv,문화관광,공연시설
포천,2025,11,2025-11,268,경기도,포천시,지질트레일3코스,3,포천 2025_11.csv,레저스포츠,기타레저스포츠
포천,2025,11,2025-11,268,경기도,포천시,광천목장,3,포천 2025_11.csv,체험관광,농/산/어촌체험
포천,2025,11,2025-11,268,경기도,포천시,보현사,3,포천 2025_11.csv,역사관광,종교성지
포천,2025,11,2025-11,268,경기도,포천시,수목원포도농원,3,포천 2025_11.csv,체험관광,농/산/어촌체험
포천,2025,11,2025-11,268,경기도,포천시,잇빛천연염색체험학습장,3,포천 2025_11.csv,체험관광,공예체험
포천,2025,11,2025-11,268,경기도,포천시,레더준,3,포천 2025_11.csv,체험관광,공예체험
포천,2025,11,2025-11,268,경기도,포천시,무봉리족구장,3,포천 2025_11.csv,레저스포츠,기타레저스포츠
포천,2025,11,2025-11,268,경기도,포천시,포천하늘딸기농장,3,포천 2025_11.csv,체험관광,농/산/어촌체험
포천,2025,11,2025-11,268,경기도,포천시,아쿠아스마트팜,3,포천 2025_11.csv,체험관광,농/산/어촌체험
포천,2025,11,2025-11,268,경기도,포천시,아리솔청소년체육광장,3,포천 2025_11.csv,문화관광,도시공원
포천,2025,11,2025-11,268,경기도,포천시,왕방공원,3,포천 2025_11.csv,문화관광,도시공원
포천,2025,11,2025-11,268,경기도,포천시,포천고모리산성,3,포천 2025_11.csv,역사관광,역사유적지
포천,2025,11,2025-11,268,경기도,포천시,포천시 일동면 길명2리,3,포천 2025_11.csv,역사관광,역사유적지
포천,2025,11,2025-11,268,경기도,포천시,포천시 일동면 길명3리,3,포천 2025_11.csv,역사관광,역사유적지
포천,2025,11,2025-11,268,경기도,포천시,마태사,3,포천 2025_11.csv,역사관광,종교성지
포천,2025,11,2025-11,268,경기도,포천시,선유담계곡,3,포천 2025_11.csv,자연관광,자연경관(산)
포천,2025,11,2025-11,268,경기도,포천시,청계산,3,포천 2025_11.csv,자연관광,자연경관(산)
포천,2025,11,2025-11,268,경기도,포천시,수목원프로방스,3,포천 2025_11.csv,자연관광,자연공원
포천,2025,11,2025-11,268,경기도,포천시,관인공설시장,3,포천 2025_11.csv,쇼핑,시장
포천,2025,11,2025-11,268,경기도,포천시,양문공설시장,3,포천 2025_11.csv,쇼핑,시장
포천,2025,11,2025-11,268,경기도,포천시,명성산자인사방면,3,포천 2025_11.csv,자연관광,자연경관(산)
포천,2025,11,2025-11,268,경기도,포천시,정혜사,3,포천 2025_11.csv,역사관광,종교성지
포천,2025,11,2025-11,268,경기도,포천시,능원관광낚시터,3,포천 2025_11.csv,레저스포츠,수상레저스포츠
포천,2025,11,2025-11,268,경기도,포천시,수원산,3,포천 2025_11.csv,자연관광,자연경관(산)
포천,2025,11,2025-11,268,경기도,포천시,영그린농원,3,포천 2025_11.csv,체험관광,농/산/어촌체험
포천,2025,11,2025-11,268,경기도,포천시,산정호수관광지3매표소,3,포천 2025_11.csv,기타관광,기타관광
포천,2025,11,2025-11,268,경기도,포천시,인공폭포,3,포천 2025_11.csv,자연관광,자연경관(산)
포천,2025,11,2025-11,268,경기도,포천시,왕방산,3,포천 2025_11.csv,자연관광,자연경관(산)
포천,2025,11,2025-11,268,경기도,포천시,포천시 소흘읍 축석마을,3,포천 2025_11.csv,역사관광,역사유적지
포천,2025,11,2025-11,268,경기도,포천시,각흘산,3,포천 2025_11.csv,자연관광,자연경관(산)
포천,2025,11,2025-11,268,경기도,포천시,이동생태공원,3,포천 2025_11.csv,문화관광,도시공원
포천,2025,11,2025-11,268,경기도,포천시,허브아일랜드산타마을,3,포천 2025_11.csv,문화관광,테마공원
포천,2025,11,2025-11,268,경기도,포천시,호림1농원,3,포천 2025_11.csv,체험관광,농/산/어촌체험
포천,2025,11,2025-11,268,경기도,포천시,도마치계곡,3,포천 2025_11.csv,자연관광,자연경관(산)
포천,2025,11,2025-11,268,경기도,포천시,포천향교,3,포천 2025_11.csv,역사관광,역사유적지
포천,2025,11,2025-11,268,경기도,포천시,포천탁구장,3,포천 2025_11.csv,레저스포츠,기타레저스포츠
포천,2025,11,2025-11,268,경기도,포천시,고모리수상레저,3,포천 2025_11.csv,레저스포츠,기타레저스포츠
포천,2025,11,2025-11,268,경기도,포천시,하심곡,3,포천 2025_11.csv,자연관광,자연경관(하천/해양)
포천,2025,11,2025-11,268,경기도,포천시,황제다육식물농장,3,포천 2025_11.csv,체험관광,농/산/어촌체험
포천,2025,11,2025-11,268,경기도,포천시,포천용담저수지,3,포천 2025_11.csv,자연관광,자연경관(하천/해양)
포천,2025,11,2025-11,268,경기도,포천시,포천블루파크,3,포천 2025_11.csv,문화관광,테마공원
포천,2025,11,2025-11,268,경기도,포천시,성불사,3,포천 2025_11.csv,역사관광,종교성지
포천,2025,11,2025-11,268,경기도,포천시,노리파크포천일동점,3,포천 2025_11.csv,문화관광,테마공원
포천,2025,11,2025-11,268,경기도,포천시,도연암,3,포천 2025_11.csv,역사관광,종교성지
포천,2025,11,2025-11,268,경기도,포천시,문옥목장,3,포천 2025_11.csv,체험관광,농/산/어촌체험
포천,2025,11,2025-11,268,경기도,포천시,예산농장,3,포천 2025_11.csv,체험관광,농/산/어촌체험
포천,2025,12,2025-12,1,경기도,포천시,산정호수,4623,포천 2025_12.csv,자연관광,자연경관(하천/해양)
포천,2025,12,2025-12,2,경기도,포천시,신북온천,4337,포천 2025_12.csv,체험관광,웰니스관광
포천,2025,12,2025-12,3,경기도,포천시,허브아일랜드,3260,포천 2025_12.csv,체험관광,농/산/어촌체험
포천,2025,12,2025-12,4,경기도,포천시,국립수목원,3121,포천 2025_12.csv,문화관광,테마공원
포천,2025,12,2025-12,5,경기도,포천시,고모저수지,3109,포천 2025_12.csv,자연관광,자연경관(하천/해양)
포천,2025,12,2025-12,6,경기도,포천시,마이애니멀스토리in평강랜드,2908,포천 2025_12.csv,문화관광,테마공원
포천,2025,12,2025-12,7,경기도,포천시,일동시외버스터미널,2751,포천 2025_12.csv,기타관광,교통시설
포천,2025,12,2025-12,8,경기도,포천시,제일유황온천,2592,포천 2025_12.csv,체험관광,웰니스관광
포천,2025,12,2025-12,9,경기도,포천시,포천아트밸리,2278,포천 2025_12.csv,문화관광,공연시설
포천,2025,12,2025-12,10,경기도,포천시,CGV포천,2080,포천 2025_12.csv,문화관광,공연시설
포천,2025,12,2025-12,11,경기도,포천시,한탄강Y자출렁다리,1925,포천 2025_12.csv,기타관광,기타관광
포천,2025,12,2025-12,12,경기도,포천시,포천백운계곡동장군축제,1660,포천 2025_12.csv,문화관광,기타문화관광지
포천,2025,12,2025-12,13,경기도,포천시,푸른솔GC포천,1305,포천 2025_12.csv,레저스포츠,육상레저스포츠
포천,2025,12,2025-12,14,경기도,포천시,베어크리크GC,1304,포천 2025_12.csv,레저스포츠,육상레저스포츠
포천,2025,12,2025-12,15,경기도,포천시,포천반월아트홀,1262,포천 2025_12.csv,문화관광,공연시설
포천,2025,12,2025-12,16,경기도,포천시,포천힐스CC,1256,포천 2025_12.csv,레저스포츠,육상레저스포츠
포천,2025,12,2025-12,17,경기도,포천시,송우시외버스터미널,1252,포천 2025_12.csv,기타관광,교통시설
포천,2025,12,2025-12,18,경기도,포천시,비둘기낭폭포,1247,포천 2025_12.csv,자연관광,자연경관(산)
포천,2025,12,2025-12,19,경기도,포천시,포천아도니스CC,1226,포천 2025_12.csv,레저스포츠,육상레저스포츠
포천,2025,12,2025-12,20,경기도,포천시,라싸GC,1095,포천 2025_12.csv,레저스포츠,육상레저스포츠
포천,2025,12,2025-12,21,경기도,포천시,참밸리컨트리클럽,974,포천 2025_12.csv,레저스포츠,육상레저스포츠
포천,2025,12,2025-12,22,경기도,포천시,포천힐마루CC,916,포천 2025_12.csv,레저스포츠,육상레저스포츠
포천,2025,12,2025-12,23,경기도,포천시,백운계곡,804,포천 2025_12.csv,자연관광,자연경관(산)
포천,2025,12,2025-12,24,경기도,포천시,몽베르CC,793,포천 2025_12.csv,레저스포츠,육상레저스포츠
포천,2025,12,2025-12,25,경기도,포천시,포레스트힐CC,764,포천 2025_12.csv,레저스포츠,육상레저스포츠
포천,2025,12,2025-12,26,경기도,포천시,축석고개,745,포천 2025_12.csv,자연관광,자연경관(산)
포천,2025,12,2025-12,27,경기도,포천시,예술정원1999자연예술테마파크,690,포천 2025_12.csv,문화관광,테마공원
포천,2025,12,2025-12,28,경기도,포천시,필로스GC,674,포천 2025_12.csv,레저스포츠,육상레저스포츠
포천,2025,12,2025-12,29,경기도,포천시,포천시외버스터미널,608,포천 2025_12.csv,기타관광,교통시설
포천,2025,12,2025-12,30,경기도,포천시,일동레이크GC,569,포천 2025_12.csv,레저스포츠,육상레저스포츠
포천,2025,12,2025-12,31,경기도,포천시,샴발라CC,551,포천 2025_12.csv,레저스포츠,육상레저스포츠
포천,2025,12,2025-12,32,경기도,포천시,베어스타운스키장휴업,536,포천 2025_12.csv,레저스포츠,육상레저스포츠
포천,2025,12,2025-12,33,경기도,포천시,호국금강사,535,포천 2025_12.csv,역사관광,종교성지
포천,2025,12,2025-12,34,경기도,포천시,포천한탄강하늘다리,513,포천 2025_12.csv,기타관광,기타관광
포천,2025,12,2025-12,35,경기도,포천시,운악산자연휴양림,509,포천 2025_12.csv,자연관광,자연공원
포천,2025,12,2025-12,36,경기도,포천시,산사원,496,포천 2025_12.csv,문화관광,전시시설
포천,2025,12,2025-12,37,경기도,포천시,포천5일장,484,포천 2025_12.csv,쇼핑,시장
포천,2025,12,2025-12,38,경기도,포천시,아딸농원,451,포천 2025_12.csv,체험관광,농/산/어촌체험
포천,2025,12,2025-12,39,경기도,포천시,천보산자연휴양림,378,포천 2025_12.csv,자연관광,자연공원
포천,2025,12,2025-12,40,경기도,포천시,주파크,358,포천 2025_12.csv,문화관광,테마공원
포천,2025,12,2025-12,41,경기도,포천시,동교낚시터,328,포천 2025_12.csv,레저스포츠,수상레저스포츠
포천,2025,12,2025-12,41,경기도,포천시,밤밭낚시터,328,포천 2025_12.csv,레저스포츠,수상레저스포츠
포천,2025,12,2025-12,43,경기도,포천시,수목원고모호수공원,317,포천 2025_12.csv,문화관광,도시공원
포천,2025,12,2025-12,44,경기도,포천시,한탄강지질공원센터,305,포천 2025_12.csv,문화관광,전시시설
포천,2025,12,2025-12,45,경기도,포천시,한화리조트산정호수온천,282,포천 2025_12.csv,체험관광,웰니스관광
포천,2025,12,2025-12,46,경기도,포천시,소흘생활체육공원,279,포천 2025_12.csv,문화관광,도시공원
포천,2025,12,2025-12,47,경기도,포천시,한탄강주상절리길1코스,261,포천 2025_12.csv,레저스포츠,기타레저스포츠
포천,2025,12,2025-12,48,경기도,포천시,서운동산,230,포천 2025_12.csv,문화관광,복합관광시설
포천,2025,12,2025-12,49,경기도,포천시,아프리카예술박물관,203,포천 2025_12.csv,문화관광,전시시설
포천,2025,12,2025-12,50,경기도,포천시,포천수원산정상전망대,199,포천 2025_12.csv,문화관광,랜드마크관광
포천,2025,12,2025-12,51,경기도,포천시,동교하우스낚시터,182,포천 2025_12.csv,레저스포츠,수상레저스포츠
포천,2025,12,2025-12,52,경기도,포천시,도성사,176,포천 2025_12.csv,역사관광,종교성지
포천,2025,12,2025-12,53,경기도,포천시,가산저수지,174,포천 2025_12.csv,자연관광,자연경관(하천/해양)
포천,2025,12,2025-12,54,경기도,포천시,송우공설시장,167,포천 2025_12.csv,쇼핑,시장
포천,2025,12,2025-12,55,경기도,포천시,깊이울유원지,158,포천 2025_12.csv,문화관광,복합관광시설
포천,2025,12,2025-12,56,경기도,포천시,청성역사공원,151,포천 2025_12.csv,문화관광,도시공원
포천,2025,12,2025-12,57,경기도,포천시,가산낚시터,140,포천 2025_12.csv,레저스포츠,수상레저스포츠
포천,2025,12,2025-12,58,경기도,포천시,설운체육공원,132,포천 2025_12.csv,문화관광,도시공원
포천,2025,12,2025-12,59,경기도,포천시,포천축구공원,129,포천 2025_12.csv,문화관광,도시공원
포천,2025,12,2025-12,60,경기도,포천시,운천재래시장,126,포천 2025_12.csv,쇼핑,시장
포천,2025,12,2025-12,61,경기도,포천시,포천가구공단,123,포천 2025_12.csv,쇼핑,기타쇼핑시설
포천,2025,12,2025-12,61,경기도,포천시,가농바이오농장,123,포천 2025_12.csv,체험관광,농/산/어촌체험
포천,2025,12,2025-12,63,경기도,포천시,구담사,122,포천 2025_12.csv,역사관광,종교성지
포천,2025,12,2025-12,64,경기도,포천시,내촌낚시터,121,포천 2025_12.csv,레저스포츠,수상레저스포츠
포천,2025,12,2025-12,65,경기도,포천시,왕산사,107,포천 2025_12.csv,역사관광,종교성지
포천,2025,12,2025-12,66,경기도,포천시,포천아도니스퍼블릭CC,105,포천 2025_12.csv,레저스포츠,육상레저스포츠
포천,2025,12,2025-12,67,경기도,포천시,길명낚시공원,102,포천 2025_12.csv,레저스포츠,수상레저스포츠
포천,2025,12,2025-12,68,경기도,포천시,낭만닥터김사부촬영지,90,포천 2025_12.csv,문화관광,기타문화관광지
포천,2025,12,2025-12,68,경기도,포천시,클라우드시네마,90,포천 2025_12.csv,문화관광,공연시설
포천,2025,12,2025-12,70,경기도,포천시,포천야구장,88,포천 2025_12.csv,문화관광,레저스포츠시설
포천,2025,12,2025-12,71,경기도,포천시,포천화적연,85,포천 2025_12.csv,자연관광,자연경관(하천/해양)
포천,2025,12,2025-12,72,경기도,포천시,락가든GC,84,포천 2025_12.csv,레저스포츠,육상레저스포츠
포천,2025,12,2025-12,73,경기도,포천시,포천패션타운,78,포천 2025_12.csv,쇼핑,쇼핑몰
포천,2025,12,2025-12,74,경기도,포천시,코버월드,74,포천 2025_12.csv,문화관광,전시시설
포천,2025,12,2025-12,75,경기도,포천시,백운계곡국민관광지,73,포천 2025_12.csv,문화관광,복합관광시설
포천,2025,12,2025-12,76,경기도,포천시,청계호수,72,포천 2025_12.csv,자연관광,자연경관(하천/해양)
포천,2025,12,2025-12,77,경기도,포천시,포천신읍시장,69,포천 2025_12.csv,쇼핑,시장
포천,2025,12,2025-12,78,경기도,포천시,자인사,67,포천 2025_12.csv,역사관광,종교성지
포천,2025,12,2025-12,79,경기도,포천시,포천파크골프장,64,포천 2025_12.csv,레저스포츠,기타레저스포츠
포천,2025,12,2025-12,80,경기도,포천시,화엄사,57,포천 2025_12.csv,역사관광,종교성지
포천,2025,12,2025-12,81,경기도,포천시,허브아일랜드불빛동화축제,56,포천 2025_12.csv,문화관광,기타문화관광지
포천,2025,12,2025-12,82,경기도,포천시,포천체육공원,55,포천 2025_12.csv,문화관광,도시공원
포천,2025,12,2025-12,83,경기도,포천시,운천,53,포천 2025_12.csv,기타관광,기타관광
포천,2025,12,2025-12,84,경기도,포천시,광암이벽유적지,52,포천 2025_12.csv,역사관광,역사유적지
포천,2025,12,2025-12,84,경기도,포천시,가람누리문화공원전망대,52,포천 2025_12.csv,문화관광,랜드마크관광
포천,2025,12,2025-12,86,경기도,포천시,어하고개,49,포천 2025_12.csv,자연관광,자연경관(산)
포천,2025,12,2025-12,87,경기도,포천시,약천사,48,포천 2025_12.csv,역사관광,종교성지
포천,2025,12,2025-12,88,경기도,포천시,포천산정호수썰매축제,47,포천 2025_12.csv,문화관광,기타문화관광지
포천,2025,12,2025-12,89,경기도,포천시,냉정저수지,45,포천 2025_12.csv,자연관광,자연경관(하천/해양)
포천,2025,12,2025-12,89,경기도,포천시,포천자동차극장,45,포천 2025_12.csv,문화관광,공연시설
포천,2025,12,2025-12,91,경기도,포천시,아침햇살청소년수련원,38,포천 2025_12.csv,레저스포츠,육상레저스포츠
포천,2025,12,2025-12,92,경기도,포천시,직두리낚시터,37,포천 2025_12.csv,레저스포츠,수상레저스포츠
포천,2025,12,2025-12,92,경기도,포천시,국망봉자연휴양림,37,포천 2025_12.csv,자연관광,자연공원
포천,2025,12,2025-12,94,경기도,포천시,산정호수조각공원,35,포천 2025_12.csv,문화관광,도시공원
포천,2025,12,2025-12,94,경기도,포천시,가온농장,35,포천 2025_12.csv,체험관광,농/산/어촌체험
포천,2025,12,2025-12,96,경기도,포천시,포천38문화예술창작소,34,포천 2025_12.csv,문화관광,기타문화관광지
포천,2025,12,2025-12,96,경기도,포천시,청한베이스볼파크,34,포천 2025_12.csv,문화관광,레저스포츠시설
포천,2025,12,2025-12,98,경기도,포천시,한탄강금빛사과농원,31,포천 2025_12.csv,체험관광,농/산/어촌체험
포천,2025,12,2025-12,98,경기도,포천시,천주사,31,포천 2025_12.csv,역사관광,종교성지
포천,2025,12,2025-12,100,경기도,포천시,미륵사,30,포천 2025_12.csv,역사관광,종교성지
포천,2025,12,2025-12,101,경기도,포천시,호스랜드승마클럽,28,포천 2025_12.csv,레저스포츠,육상레저스포츠
포천,2025,12,2025-12,101,경기도,포천시,일동시장,28,포천 2025_12.csv,쇼핑,시장
포천,2025,12,2025-12,103,경기도,포천시,갈월버섯농장,27,포천 2025_12.csv,체험관광,농/산/어촌체험
포천,2025,12,2025-12,104,경기도,포천시,몽글몽글팜,25,포천 2025_12.csv,체험관광,농/산/어촌체험
포천,2025,12,2025-12,104,경기도,포천시,허브아일랜드산타마을,25,포천 2025_12.csv,문화관광,테마공원
포천,2025,12,2025-12,106,경기도,포천시,초원낚시터,23,포천 2025_12.csv,레저스포츠,수상레저스포츠
포천,2025,12,2025-12,107,경기도,포천시,소흘생활체육공원인공암벽장,22,포천 2025_12.csv,레저스포츠,기타레저스포츠
포천,2025,12,2025-12,108,경기도,포천시,자비사,21,포천 2025_12.csv,역사관광,종교성지
포천,2025,12,2025-12,108,경기도,포천시,키즈필포천송우점,21,포천 2025_12.csv,문화관광,테마공원
포천,2025,12,2025-12,110,경기도,포천시,이룬절,20,포천 2025_12.csv,역사관광,종교성지
포천,2025,12,2025-12,110,경기도,포천시,포천스포츠센터,20,포천 2025_12.csv,레저스포츠,기타레저스포츠
포천,2025,12,2025-12,112,경기도,포천시,관룡사,19,포천 2025_12.csv,역사관광,종교성지
포천,2025,12,2025-12,112,경기도,포천시,기산근린공원,19,포천 2025_12.csv,문화관광,도시공원
포천,2025,12,2025-12,114,경기도,포천시,금주저수지,18,포천 2025_12.csv,자연관광,자연경관(하천/해양)
포천,2025,12,2025-12,114,경기도,포천시,새마을낚시터,18,포천 2025_12.csv,레저스포츠,수상레저스포츠
포천,2025,12,2025-12,116,경기도,포천시,소흘생활체육공원제2축구장,17,포천 2025_12.csv,문화관광,레저스포츠시설
포천,2025,12,2025-12,116,경기도,포천시,어메이징파크,17,포천 2025_12.csv,문화관광,전시시설
포천,2025,12,2025-12,116,경기도,포천시,백운낚시터,17,포천 2025_12.csv,레저스포츠,수상레저스포츠
포천,2025,12,2025-12,116,경기도,포천시,화현저수지,17,포천 2025_12.csv,자연관광,자연경관(하천/해양)
포천,2025,12,2025-12,120,경기도,포천시,포천향교,16,포천 2025_12.csv,역사관광,역사유적지
포천,2025,12,2025-12,120,경기도,포천시,금불사,16,포천 2025_12.csv,역사관광,종교성지
포천,2025,12,2025-12,122,경기도,포천시,관음사,15,포천 2025_12.csv,역사관광,종교성지
포천,2025,12,2025-12,122,경기도,포천시,포천미래교육센터,15,포천 2025_12.csv,체험관광,체험관광기타
포천,2025,12,2025-12,122,경기도,포천시,충목단,15,포천 2025_12.csv,역사관광,역사유적지
포천,2025,12,2025-12,122,경기도,포천시,레이크밸리 승마클럽,15,포천 2025_12.csv,레저스포츠,기타레저스포츠
포천,2025,12,2025-12,122,경기도,포천시,포천아트밸리천문과학관,15,포천 2025_12.csv,문화관광,전시시설
포천,2025,12,2025-12,122,경기도,포천시,소흘생활체육공원제1축구장,15,포천 2025_12.csv,문화관광,레저스포츠시설
포천,2025,12,2025-12,122,경기도,포천시,토우공방,15,포천 2025_12.csv,체험관광,공예체험
포천,2025,12,2025-12,129,경기도,포천시,일동문화예술창고,14,포천 2025_12.csv,문화관광,기타문화관광지
포천,2025,12,2025-12,129,경기도,포천시,무림사,14,포천 2025_12.csv,역사관광,종교성지
포천,2025,12,2025-12,131,경기도,포천시,기원정사,13,포천 2025_12.csv,역사관광,종교성지
포천,2025,12,2025-12,131,경기도,포천시,포천종합운동장보조구장,13,포천 2025_12.csv,문화관광,레저스포츠시설
포천,2025,12,2025-12,131,경기도,포천시,이동정류소,13,포천 2025_12.csv,기타관광,교통시설
포천,2025,12,2025-12,131,경기도,포천시,포천염광수련원,13,포천 2025_12.csv,레저스포츠,육상레저스포츠
포천,2025,12,2025-12,131,경기도,포천시,흥룡사,13,포천 2025_12.csv,역사관광,종교성지
포천,2025,12,2025-12,136,경기도,포천시,향적사,12,포천 2025_12.csv,역사관광,종교성지
포천,2025,12,2025-12,136,경기도,포천시,천은사,12,포천 2025_12.csv,역사관광,종교성지
포천,2025,12,2025-12,138,경기도,포천시,초계목장,11,포천 2025_12.csv,체험관광,농/산/어촌체험
포천,2025,12,2025-12,138,경기도,포천시,쌍방죽낚시터,11,포천 2025_12.csv,레저스포츠,수상레저스포츠
포천,2025,12,2025-12,138,경기도,포천시,청계저수지수변공원,11,포천 2025_12.csv,문화관광,도시공원
포천,2025,12,2025-12,138,경기도,포천시,보문정사,11,포천 2025_12.csv,역사관광,종교성지
포천,2025,12,2025-12,138,경기도,포천시,송광사,11,포천 2025_12.csv,역사관광,종교성지
포천,2025,12,2025-12,138,경기도,포천시,천해사,11,포천 2025_12.csv,역사관광,종교성지
포천,2025,12,2025-12,144,경기도,포천시,화현이벽성지,10,포천 2025_12.csv,역사관광,역사유적지
포천,2025,12,2025-12,144,경기도,포천시,황금프라자,10,포천 2025_12.csv,쇼핑,쇼핑몰
포천,2025,12,2025-12,144,경기도,포천시,금룡사,10,포천 2025_12.csv,역사관광,종교성지
포천,2025,12,2025-12,144,경기도,포천시,태봉근린공원,10,포천 2025_12.csv,문화관광,도시공원
포천,2025,12,2025-12,144,경기도,포천시,미트빌연합사업단,10,포천 2025_12.csv,쇼핑,시장
포천,2025,12,2025-12,144,경기도,포천시,태국군참전비,10,포천 2025_12.csv,역사관광,역사유물
포천,2025,12,2025-12,144,경기도,포천시,포천블루파크,10,포천 2025_12.csv,문화관광,테마공원
포천,2025,12,2025-12,144,경기도,포천시,산정랜드,10,포천 2025_12.csv,문화관광,복합관광시설
포천,2025,12,2025-12,152,경기도,포천시,한탄강주상절리길3코스,9,포천 2025_12.csv,레저스포츠,기타레저스포츠
포천,2025,12,2025-12,152,경기도,포천시,신읍동도시재생어울림센터2,9,포천 2025_12.csv,문화관광,기타문화관광지
포천,2025,12,2025-12,152,경기도,포천시,소흘아이사랑놀이터,9,포천 2025_12.csv,문화관광,테마공원
포천,2025,12,2025-12,152,경기도,포천시,프로방스빌리지수영장,9,포천 2025_12.csv,문화관광,테마공원
포천,2025,12,2025-12,152,경기도,포천시,레더준,9,포천 2025_12.csv,체험관광,공예체험
포천,2025,12,2025-12,152,경기도,포천시,마전낚시터,9,포천 2025_12.csv,레저스포츠,수상레저스포츠
포천,2025,12,2025-12,152,경기도,포천시,한탄강제2하늘다리,9,포천 2025_12.csv,기타관광,기타관광
포천,2025,12,2025-12,152,경기도,포천시,깊이울저수지,9,포천 2025_12.csv,자연관광,자연경관(하천/해양)
포천,2025,12,2025-12,152,경기도,포천시,백운산,9,포천 2025_12.csv,자연관광,자연경관(산)
포천,2025,12,2025-12,152,경기도,포천시,Y스포츠센터,9,포천 2025_12.csv,레저스포츠,기타레저스포츠
포천,2025,12,2025-12,152,경기도,포천시,포천하늘아래치유의숲,9,포천 2025_12.csv,기타관광,기타관광
포천,2025,12,2025-12,163,경기도,포천시,무상사,8,포천 2025_12.csv,역사관광,종교성지
포천,2025,12,2025-12,163,경기도,포천시,한여울파크골프장건축중(2026년03월 개장예정),8,포천 2025_12.csv,레저스포츠,육상레저스포츠
포천,2025,12,2025-12,163,경기도,포천시,명성산억새밭,8,포천 2025_12.csv,기타관광,기타관광
포천,2025,12,2025-12,163,경기도,포천시,법왕사,8,포천 2025_12.csv,역사관광,종교성지
포천,2025,12,2025-12,163,경기도,포천시,국립산림박물관,8,포천 2025_12.csv,문화관광,전시시설
포천,2025,12,2025-12,163,경기도,포천시,무네미낚시터,8,포천 2025_12.csv,레저스포츠,수상레저스포츠
포천,2025,12,2025-12,169,경기도,포천시,밤밭실내장어낚시터,7,포천 2025_12.csv,레저스포츠,수상레저스포츠
포천,2025,12,2025-12,169,경기도,포천시,황새목낚시터,7,포천 2025_12.csv,레저스포츠,수상레저스포츠
포천,2025,12,2025-12,169,경기도,포천시,뿌리굿당,7,포천 2025_12.csv,역사관광,종교성지
포천,2025,12,2025-12,169,경기도,포천시,백로주유원지,7,포천 2025_12.csv,문화관광,복합관광시설
포천,2025,12,2025-12,169,경기도,포천시,소야사과농장,7,포천 2025_12.csv,체험관광,농/산/어촌체험
포천,2025,12,2025-12,169,경기도,포천시,승법사,7,포천 2025_12.csv,역사관광,종교성지
포천,2025,12,2025-12,169,경기도,포천시,보림사,7,포천 2025_12.csv,역사관광,종교성지
포천,2025,12,2025-12,176,경기도,포천시,성산농장,6,포천 2025_12.csv,체험관광,농/산/어촌체험
포천,2025,12,2025-12,176,경기도,포천시,포천역사문화관,6,포천 2025_12.csv,문화관광,전시시설
포천,2025,12,2025-12,176,경기도,포천시,천궁사,6,포천 2025_12.csv,역사관광,종교성지
포천,2025,12,2025-12,176,경기도,포천시,포천음악창작소,6,포천 2025_12.csv,문화관광,기타문화관광지
포천,2025,12,2025-12,176,경기도,포천시,건플레이,6,포천 2025_12.csv,레저스포츠,기타레저스포츠
포천,2025,12,2025-12,176,경기도,포천시,가람누리문화공원,6,포천 2025_12.csv,문화관광,도시공원
포천,2025,12,2025-12,176,경기도,포천시,쌍불사,6,포천 2025_12.csv,역사관광,종교성지
포천,2025,12,2025-12,176,경기도,포천시,보현사,6,포천 2025_12.csv,역사관광,종교성지
포천,2025,12,2025-12,176,경기도,포천시,금주낚시터,6,포천 2025_12.csv,레저스포츠,수상레저스포츠
포천,2025,12,2025-12,176,경기도,포천시,나남수목원,6,포천 2025_12.csv,자연관광,자연공원
포천,2025,12,2025-12,176,경기도,포천시,성불암,6,포천 2025_12.csv,역사관광,종교성지
포천,2025,12,2025-12,176,경기도,포천시,옥명서원,6,포천 2025_12.csv,역사관광,역사유적지
포천,2025,12,2025-12,176,경기도,포천시,마홀축구장,6,포천 2025_12.csv,문화관광,레저스포츠시설
포천,2025,12,2025-12,176,경기도,포천시,고모지,6,포천 2025_12.csv,자연관광,자연경관(하천/해양)
포천,2025,12,2025-12,176,경기도,포천시,호국팔정사,6,포천 2025_12.csv,역사관광,종교성지
포천,2025,12,2025-12,176,경기도,포천시,용주암,6,포천 2025_12.csv,역사관광,종교성지
포천,2025,12,2025-12,176,경기도,포천시,교동가마소,6,포천 2025_12.csv,기타관광,기타관광
포천,2025,12,2025-12,193,경기도,포천시,도리돌문화교류센터,5,포천 2025_12.csv,레저스포츠,기타레저스포츠
포천,2025,12,2025-12,193,경기도,포천시,도평리터미널,5,포천 2025_12.csv,기타관광,교통시설
포천,2025,12,2025-12,195,경기도,포천시,한내소극장,4,포천 2025_12.csv,문화관광,공연시설
포천,2025,12,2025-12,195,경기도,포천시,청성산,4,포천 2025_12.csv,자연관광,자연경관(산)
포천,2025,12,2025-12,195,경기도,포천시,한탄강주상절리길4코스,4,포천 2025_12.csv,레저스포츠,기타레저스포츠
포천,2025,12,2025-12,195,경기도,포천시,잇빛천연염색체험학습장,4,포천 2025_12.csv,체험관광,공예체험
포천,2025,12,2025-12,195,경기도,포천시,한탄강팔호유원지,4,포천 2025_12.csv,문화관광,복합관광시설
포천,2025,12,2025-12,195,경기도,포천시,지청낚시터,4,포천 2025_12.csv,레저스포츠,수상레저스포츠
포천,2025,12,2025-12,195,경기도,포천시,용연서원,4,포천 2025_12.csv,역사관광,역사유적지
포천,2025,12,2025-12,195,경기도,포천시,청계산,4,포천 2025_12.csv,자연관광,자연경관(산)
포천,2025,12,2025-12,195,경기도,포천시,정혜사,4,포천 2025_12.csv,역사관광,종교성지
포천,2025,12,2025-12,195,경기도,포천시,수원산,4,포천 2025_12.csv,자연관광,자연경관(산)
포천,2025,12,2025-12,195,경기도,포천시,미륵박물관,4,포천 2025_12.csv,문화관광,전시시설
포천,2025,12,2025-12,195,경기도,포천시,향림사,4,포천 2025_12.csv,역사관광,종교성지
포천,2025,12,2025-12,195,경기도,포천시,국봉사,4,포천 2025_12.csv,역사관광,종교성지
포천,2025,12,2025-12,195,경기도,포천시,천주호,4,포천 2025_12.csv,자연관광,자연경관(하천/해양)
포천,2025,12,2025-12,209,경기도,포천시,법천사,3,포천 2025_12.csv,역사관광,종교성지
포천,2025,12,2025-12,209,경기도,포천시,베스트원스포츠,3,포천 2025_12.csv,레저스포츠,기타레저스포츠
포천,2025,12,2025-12,209,경기도,포천시,에덴농장,3,포천 2025_12.csv,체험관광,농/산/어촌체험
포천,2025,12,2025-12,209,경기도,포천시,포천허브아일랜드 자동차극장,3,포천 2025_12.csv,문화관광,공연시설
포천,2025,12,2025-12,209,경기도,포천시,아라리농장,3,포천 2025_12.csv,체험관광,농/산/어촌체험
포천,2025,12,2025-12,209,경기도,포천시,대한드론교육원,3,포천 2025_12.csv,체험관광,체험관광기타
포천,2025,12,2025-12,209,경기도,포천시,이항복선생기념관,3,포천 2025_12.csv,문화관광,전시시설
포천,2025,12,2025-12,209,경기도,포천시,선단문화공원,3,포천 2025_12.csv,문화관광,도시공원
포천,2025,12,2025-12,209,경기도,포천시,마전저수지,3,포천 2025_12.csv,자연관광,자연경관(하천/해양)
포천,2025,12,2025-12,209,경기도,포천시,신북메가필드,3,포천 2025_12.csv,레저스포츠,육상레저스포츠
포천,2025,12,2025-12,209,경기도,포천시,아리솔청소년체육광장,3,포천 2025_12.csv,문화관광,도시공원
포천,2025,12,2025-12,209,경기도,포천시,광릉분재예술공원,3,포천 2025_12.csv,문화관광,도시공원
포천,2025,12,2025-12,209,경기도,포천시,사과정원,3,포천 2025_12.csv,체험관광,농/산/어촌체험
포천,2025,12,2025-12,209,경기도,포천시,포천고모리산성,3,포천 2025_12.csv,역사관광,역사유적지
포천,2025,12,2025-12,209,경기도,포천시,한과문화박물관,3,포천 2025_12.csv,문화관광,전시시설
포천,2025,12,2025-12,209,경기도,포천시,송일농장,3,포천 2025_12.csv,체험관광,농/산/어촌체험
포천,2025,12,2025-12,209,경기도,포천시,전운사,3,포천 2025_12.csv,역사관광,종교성지
포천,2025,12,2025-12,209,경기도,포천시,보현선원,3,포천 2025_12.csv,역사관광,종교성지
포천,2025,12,2025-12,209,경기도,포천시,솔모루공원,3,포천 2025_12.csv,문화관광,도시공원
포천,2025,12,2025-12,209,경기도,포천시,포천시 관인면 교동장독대마을,3,포천 2025_12.csv,역사관광,역사유적지
포천,2025,12,2025-12,209,경기도,포천시,명성산산안고개방면,3,포천 2025_12.csv,자연관광,자연경관(산)
포천,2025,12,2025-12,209,경기도,포천시,능원관광낚시터,3,포천 2025_12.csv,레저스포츠,수상레저스포츠
포천,2025,12,2025-12,209,경기도,포천시,직동낚시터,3,포천 2025_12.csv,레저스포츠,수상레저스포츠
포천,2025,12,2025-12,209,경기도,포천시,지장산계곡,3,포천 2025_12.csv,자연관광,자연경관(산)
포천,2025,12,2025-12,209,경기도,포천시,황금낚시터,3,포천 2025_12.csv,레저스포츠,수상레저스포츠
포천,2025,12,2025-12,209,경기도,포천시,멍우리협곡,3,포천 2025_12.csv,자연관광,자연경관(산)
포천,2025,12,2025-12,209,경기도,포천시,포천반월성,3,포천 2025_12.csv,역사관광,역사유적지
포천,2025,12,2025-12,209,경기도,포천시,금강선원대원사,3,포천 2025_12.csv,역사관광,종교성지
포천,2025,12,2025-12,209,경기도,포천시,람보목장,3,포천 2025_12.csv,체험관광,농/산/어촌체험
포천,2025,12,2025-12,209,경기도,포천시,초가낚시터,3,포천 2025_12.csv,레저스포츠,수상레저스포츠
포천,2025,12,2025-12,209,경기도,포천시,옛뜰애관광농원,3,포천 2025_12.csv,체험관광,농/산/어촌체험
포천,2025,12,2025-12,209,경기도,포천시,청암유원지,3,포천 2025_12.csv,문화관광,복합관광시설
포천,2025,12,2025-12,209,경기도,포천시,포천시 신북면 틀못이마을,3,포천 2025_12.csv,역사관광,역사유적지
포천,2025,12,2025-12,209,경기도,포천시,고궁농장,3,포천 2025_12.csv,체험관광,농/산/어촌체험
포천,2025,12,2025-12,209,경기도,포천시,포천레이스웨이,3,포천 2025_12.csv,레저스포츠,육상레저스포츠
포천,2025,12,2025-12,209,경기도,포천시,자개미갤러리,3,포천 2025_12.csv,문화관광,전시시설
포천,2025,12,2025-12,209,경기도,포천시,순해목장,3,포천 2025_12.csv,체험관광,농/산/어촌체험
